[0.000000] (-) TimerEvent: {}
[0.000516] (smart) JobQueued: {'identifier': 'smart', 'dependencies': OrderedDict()}
[0.000670] (utils) JobQueued: {'identifier': 'utils', 'dependencies': OrderedDict()}
[0.000707] (input) JobQueued: {'identifier': 'input', 'dependencies': OrderedDict({'utils': '/home/davide-pillon/Desktop/Brain_DEII/brain/install/utils'})}
[0.000731] (unix_out) JobQueued: {'identifier': 'unix_out', 'dependencies': OrderedDict({'utils': '/home/davide-pillon/Desktop/Brain_DEII/brain/install/utils'})}
[0.000749] (utils) JobStarted: {'identifier': 'utils'}
[0.006913] (smart) JobStarted: {'identifier': 'smart'}
[0.013315] (utils) JobProgress: {'identifier': 'utils', 'progress': 'cmake'}
[0.013812] (utils) JobProgress: {'identifier': 'utils', 'progress': 'build'}
[0.014399] (utils) Command: {'cmd': ['/usr/bin/cmake', '--build', '/home/davide-pillon/Desktop/Brain_DEII/brain/build/utils', '--', '-j8', '-l8'], 'cwd': '/home/davide-pillon/Desktop/Brain_DEII/brain/build/utils', 'env': OrderedDict({'LESSOPEN': '| /usr/bin/lesspipe %s', 'GZ_SIM_RESOURCE_PATH': '/opt/ros/jazzy/share', 'USER': 'davide-pillon', 'GZ_CONFIG_PATH': '/opt/ros/jazzy/opt/gz_sim_vendor/share/gz:/opt/ros/jazzy/opt/sdformat_vendor/share/gz:/opt/ros/jazzy/opt/gz_gui_vendor/share/gz:/opt/ros/jazzy/opt/gz_transport_vendor/share/gz:/opt/ros/jazzy/opt/gz_rendering_vendor/share/gz:/opt/ros/jazzy/opt/gz_plugin_vendor/share/gz:/opt/ros/jazzy/opt/gz_fuel_tools_vendor/share/gz:/opt/ros/jazzy/opt/gz_msgs_vendor/share/gz:/opt/ros/jazzy/opt/gz_common_vendor/share/gz', 'XDG_SESSION_TYPE': 'wayland', 'CLUTTER_DISABLE_MIPMAPPED_TEXT': '1', 'SHLVL': '2', 'LD_LIBRARY_PATH': '/home/davide-pillon/Desktop/Brain_DEII/brain/install/utils/lib:/opt/ros/jazzy/opt/gz_sim_vendor/lib:/opt/ros/jazzy/opt/gz_sensors_vendor/lib:/opt/ros/jazzy/opt/gz_physics_vendor/lib:/opt/ros/jazzy/opt/sdformat_vendor/lib:/opt/ros/jazzy/opt/rviz_ogre_vendor/lib:/opt/ros/jazzy/lib/x86_64-linux-gnu:/opt/ros/jazzy/opt/gz_gui_vendor/lib:/opt/ros/jazzy/opt/gz_transport_vendor/lib:/opt/ros/jazzy/opt/gz_rendering_vendor/lib:/opt/ros/jazzy/opt/gz_plugin_vendor/lib:/opt/ros/jazzy/opt/gz_fuel_tools_vendor/lib:/opt/ros/jazzy/opt/gz_msgs_vendor/lib:/opt/ros/jazzy/opt/gz_common_vendor/lib:/opt/ros/jazzy/opt/gz_math_vendor/lib:/opt/ros/jazzy/opt/gz_utils_vendor/lib:/opt/ros/jazzy/opt/gz_tools_vendor/lib:/opt/ros/jazzy/opt/gz_ogre_next_vendor/lib:/opt/ros/jazzy/opt/gz_dartsim_vendor/lib:/opt/ros/jazzy/opt/gz_cmake_vendor/lib:/opt/ros/jazzy/lib', 'HOME': '/home/davide-pillon', 'OLDPWD': '/home/davide-pillon/Desktop/Brain_DEII', 'DESKTOP_SESSION': 'ubuntu', 'ROS_PYTHON_VERSION': '3', 'GNOME_SHELL_SESSION_MODE': 'ubuntu', 'GTK_MODULES': 'gail:atk-bridge', 'SYSTEMD_EXEC_PID': '2226', 'GSM_SKIP_SSH_AGENT_WORKAROUND': 'true', 'DBUS_SESSION_BUS_ADDRESS': 'unix:path=/run/user/1000/bus', 'COLORTERM': 'truecolor', 'TERMINATOR_DBUS_NAME': 'net.tenshu.Terminator25ef4b219e3b005583550f2b0f9f990c3', 'DEBUGINFOD_URLS': 'https://debuginfod.ubuntu.com', 'IM_CONFIG_PHASE': '1', 'WAYLAND_DISPLAY': 'wayland-0', 'COLCON_PREFIX_PATH': '/home/davide-pillon/Desktop/Brain_DEII/brain/install', 'ROS_DISTRO': 'jazzy', 'LOGNAME': 'davide-pillon', 'IGN_GAZEBO_MODEL_PATH': '/opt/ros/jazzy/share', '_': '/usr/bin/colcon', 'ROS_VERSION': '2', 'MEMORY_PRESSURE_WATCH': '/sys/fs/cgroup/user.slice/user-1000.slice/user@1000.service/session.slice/org.gnome.Shell@wayland.service/memory.pressure', 'XDG_SESSION_CLASS': 'user', 'USERNAME': 'davide-pillon', 'TERM': 'xterm-256color', 'GAZEBO_MODEL_PATH': '/opt/ros/jazzy/share', 'GNOME_DESKTOP_SESSION_ID': 'this-is-deprecated', 'PATH': '/opt/ros/jazzy/opt/gz_msgs_vendor/bin:/opt/ros/jazzy/opt/gz_tools_vendor/bin:/opt/ros/jazzy/opt/gz_ogre_next_vendor/bin:/opt/ros/jazzy/bin:/home/davide-pillon/.local/bin:/usr/local/sbin:/usr/local/bin:/usr/sbin:/usr/bin:/sbin:/bin:/usr/games:/usr/local/games:/snap/bin:/snap/bin:/home/davide-pillon/.local/bin:/home/davide-pillon/.local/bin', 'SESSION_MANAGER': 'local/davide-pillon-BOD-WXX9:@/tmp/.ICE-unix/2190,unix/davide-pillon-BOD-WXX9:/tmp/.ICE-unix/2190', 'XDG_MENU_PREFIX': 'gnome-', 'GNOME_TERMINAL_SCREEN': '/org/gnome/Terminal/screen/ce799c77_8fed_4b4c_8767_c3981f6c9c25', 'GNOME_SETUP_DISPLAY': ':1', 'XDG_RUNTIME_DIR': '/run/user/1000', 'DISPLAY': ':0', 'TERMINATOR_DBUS_PATH': '/net/tenshu/Terminator2', 'LANG': 'en_US.UTF-8', 'XDG_CURRENT_DESKTOP': 'ubuntu:GNOME', 'XMODIFIERS': '@im=ibus', 'XDG_SESSION_DESKTOP': 'ubuntu', 'XAUTHORITY': '/run/user/1000/.mutter-Xwaylandauth.RTQJP3', 'LS_COLORS': 'rs=0:di=01;34:ln=01;36:mh=00:pi=40;33:so=01;35:do=01;35:bd=40;33;01:cd=40;33;01:or=40;31;01:mi=00:su=37;41:sg=30;43:ca=00:tw=30;42:ow=34;42:st=37;44:ex=01;32:*.tar=01;31:*.tgz=01;31:*.arc=01;31:*.arj=01;31:*.taz=01;31:*.lha=01;31:*.lz4=01;31:*.lzh=01;31:*.lzma=01;31:*.tlz=01;31:*.txz=01;31:*.tzo=01;31:*.t7z=01;31:*.zip=01;31:*.z=01;31:*.dz=01;31:*.gz=01;31:*.lrz=01;31:*.lz=01;31:*.lzo=01;31:*.xz=01;31:*.zst=01;31:*.tzst=01;31:*.bz2=01;31:*.bz=01;31:*.tbz=01;31:*.tbz2=01;31:*.tz=01;31:*.deb=01;31:*.rpm=01;31:*.jar=01;31:*.war=01;31:*.ear=01;31:*.sar=01;31:*.rar=01;31:*.alz=01;31:*.ace=01;31:*.zoo=01;31:*.cpio=01;31:*.7z=01;31:*.rz=01;31:*.cab=01;31:*.wim=01;31:*.swm=01;31:*.dwm=01;31:*.esd=01;31:*.avif=01;35:*.jpg=01;35:*.jpeg=01;35:*.mjpg=01;35:*.mjpeg=01;35:*.gif=01;35:*.bmp=01;35:*.pbm=01;35:*.pgm=01;35:*.ppm=01;35:*.tga=01;35:*.xbm=01;35:*.xpm=01;35:*.tif=01;35:*.tiff=01;35:*.png=01;35:*.svg=01;35:*.svgz=01;35:*.mng=01;35:*.pcx=01;35:*.mov=01;35:*.mpg=01;35:*.mpeg=01;35:*.m2v=01;35:*.mkv=01;35:*.webm=01;35:*.webp=01;35:*.ogm=01;35:*.mp4=01;35:*.m4v=01;35:*.mp4v=01;35:*.vob=01;35:*.qt=01;35:*.nuv=01;35:*.wmv=01;35:*.asf=01;35:*.rm=01;35:*.rmvb=01;35:*.flc=01;35:*.avi=01;35:*.fli=01;35:*.flv=01;35:*.gl=01;35:*.dl=01;35:*.xcf=01;35:*.xwd=01;35:*.yuv=01;35:*.cgm=01;35:*.emf=01;35:*.ogv=01;35:*.ogx=01;35:*.aac=00;36:*.au=00;36:*.flac=00;36:*.m4a=00;36:*.mid=00;36:*.midi=00;36:*.mka=00;36:*.mp3=00;36:*.mpc=00;36:*.ogg=00;36:*.ra=00;36:*.wav=00;36:*.oga=00;36:*.opus=00;36:*.spx=00;36:*.xspf=00;36:*~=00;90:*#=00;90:*.bak=00;90:*.crdownload=00;90:*.dpkg-dist=00;90:*.dpkg-new=00;90:*.dpkg-old=00;90:*.dpkg-tmp=00;90:*.old=00;90:*.orig=00;90:*.part=00;90:*.rej=00;90:*.rpmnew=00;90:*.rpmorig=00;90:*.rpmsave=00;90:*.swp=00;90:*.tmp=00;90:*.ucf-dist=00;90:*.ucf-new=00;90:*.ucf-old=00;90:', 'GNOME_TERMINAL_SERVICE': ':1.149', 'SSH_AUTH_SOCK': '/run/user/1000/keyring/ssh', 'AMENT_PREFIX_PATH': '/home/davide-pillon/Desktop/Brain_DEII/brain/install/unix_out:/home/davide-pillon/Desktop/Brain_DEII/brain/install/output:/home/davide-pillon/Desktop/Brain_DEII/brain/install/input:/home/davide-pillon/Desktop/Brain_DEII/brain/install/utils:/home/davide-pillon/Desktop/Brain_DEII/brain/install/smart:/opt/ros/jazzy', 'SHELL': '/bin/bash', 'TERMINATOR_UUID': 'urn:uuid:efd2288e-d93d-44d7-8b69-ba3352931f37', 'QT_ACCESSIBILITY': '1', 'GDMSESSION': 'ubuntu', 'LESSCLOSE': '/usr/bin/lesspipe %s %s', 'IGN_GAZEBO_RESOURCE_PATH': '/opt/ros/jazzy/share', 'GAZEBO_RESOURCE_PATH': '/opt/ros/jazzy/share', 'ROS_AUTOMATIC_DISCOVERY_RANGE': 'SUBNET', 'QT_IM_MODULE': 'ibus', 'PWD': '/home/davide-pillon/Desktop/Brain_DEII/brain/build/utils', 'LC_ALL': 'en_US.UTF-8', 'XDG_CONFIG_DIRS': '/etc/xdg/xdg-ubuntu:/etc/xdg', 'XDG_DATA_DIRS': '/usr/share/ubuntu:/usr/share/gnome:/home/davide-pillon/.local/share/flatpak/exports/share:/var/lib/flatpak/exports/share:/usr/local/share/:/usr/share/:/var/lib/snapd/desktop', 'PYTHONPATH': '/home/davide-pillon/Desktop/Brain_DEII/brain/install/unix_out/lib/python3.12/site-packages:/home/davide-pillon/Desktop/Brain_DEII/brain/install/output/lib/python3.12/site-packages:/home/davide-pillon/Desktop/Brain_DEII/brain/install/input/lib/python3.12/site-packages:/home/davide-pillon/Desktop/Brain_DEII/brain/install/utils/lib/python3.12/site-packages:/home/davide-pillon/Desktop/Brain_DEII/brain/install/smart/lib/python3.12/site-packages:/opt/ros/jazzy/lib/python3.12/site-packages', 'COLCON': '1', 'MEMORY_PRESSURE_WRITE': 'c29tZSAyMDAwMDAgMjAwMDAwMAA=', 'VTE_VERSION': '7600', 'CMAKE_PREFIX_PATH': '/home/davide-pillon/Desktop/Brain_DEII/brain/install/utils:/opt/ros/jazzy/opt/gz_sim_vendor:/opt/ros/jazzy/opt/gz_sensors_vendor:/opt/ros/jazzy/opt/gz_physics_vendor:/opt/ros/jazzy/opt/sdformat_vendor:/opt/ros/jazzy/opt/gz_gui_vendor:/opt/ros/jazzy/opt/gz_transport_vendor:/opt/ros/jazzy/opt/gz_rendering_vendor:/opt/ros/jazzy/opt/gz_plugin_vendor:/opt/ros/jazzy/opt/gz_fuel_tools_vendor:/opt/ros/jazzy/opt/gz_msgs_vendor:/opt/ros/jazzy/opt/gz_common_vendor:/opt/ros/jazzy/opt/gz_math_vendor:/opt/ros/jazzy/opt/gz_utils_vendor:/opt/ros/jazzy/opt/gz_tools_vendor:/opt/ros/jazzy/opt/gz_ogre_next_vendor:/opt/ros/jazzy/opt/gz_dartsim_vendor:/opt/ros/jazzy/opt/gz_cmake_vendor:/home/davide-pillon/Desktop/Brain_DEII/brain/install/unix_out:/home/davide-pillon/Desktop/Brain_DEII/brain/install/output:/home/davide-pillon/Desktop/Brain_DEII/brain/install/input:/home/davide-pillon/Desktop/Brain_DEII/brain/install/smart:/opt/ros/jazzy'}), 'shell': False}
[0.089180] (utils) StdoutLine: {'line': b'[  1%] Built target utils__rosidl_generator_type_description\n'}
[0.099509] (-) TimerEvent: {}
[0.100499] (utils) StdoutLine: {'line': b'[  1%] Built target ament_cmake_python_copy_utils\n'}
[0.116023] (utils) StdoutLine: {'line': b'[  1%] Built target utils__cpp\n'}
[0.121424] (utils) StdoutLine: {'line': b'[ 27%] Built target utils__rosidl_generator_c\n'}
[0.160901] (utils) StdoutLine: {'line': b'[ 37%] Built target utils__rosidl_typesupport_c\n'}
[0.161906] (utils) StdoutLine: {'line': b'[ 46%] Built target utils__rosidl_typesupport_introspection_c\n'}
[0.163823] (utils) StdoutLine: {'line': b'[ 56%] Built target utils__rosidl_typesupport_fastrtps_c\n'}
[0.164100] (utils) StdoutLine: {'line': b'[ 66%] Built target utils__rosidl_typesupport_introspection_cpp\n'}
[0.169085] (utils) StdoutLine: {'line': b'[ 75%] Built target utils__rosidl_typesupport_cpp\n'}
[0.172506] (utils) StdoutLine: {'line': b'[ 85%] Built target utils__rosidl_typesupport_fastrtps_cpp\n'}
[0.195124] (utils) StdoutLine: {'line': b'[ 85%] Built target utils\n'}
[0.199603] (-) TimerEvent: {}
[0.219169] (utils) StdoutLine: {'line': b'[ 86%] Built target utils__py\n'}
[0.251030] (utils) StdoutLine: {'line': b'[ 95%] Built target utils__rosidl_generator_py\n'}
[0.275958] (utils) StdoutLine: {'line': b'[ 97%] Built target utils_s__rosidl_typesupport_c\n'}
[0.276337] (utils) StdoutLine: {'line': b'[ 98%] Built target utils_s__rosidl_typesupport_fastrtps_c\n'}
[0.283364] (utils) StdoutLine: {'line': b'[100%] Built target utils_s__rosidl_typesupport_introspection_c\n'}
[0.299819] (-) TimerEvent: {}
[0.381727] (utils) StdoutLine: {'line': b'running egg_info\n'}
[0.399953] (-) TimerEvent: {}
[0.406557] (utils) StdoutLine: {'line': b'writing utils.egg-info/PKG-INFO\n'}
[0.406774] (utils) StdoutLine: {'line': b'writing dependency_links to utils.egg-info/dependency_links.txt\n'}
[0.406941] (utils) StdoutLine: {'line': b'writing top-level names to utils.egg-info/top_level.txt\n'}
[0.488538] (utils) StdoutLine: {'line': b"reading manifest file 'utils.egg-info/SOURCES.txt'\n"}
[0.488942] (utils) StdoutLine: {'line': b"writing manifest file 'utils.egg-info/SOURCES.txt'\n"}
[0.503904] (-) TimerEvent: {}
[0.547707] (utils) StdoutLine: {'line': b'[100%] Built target ament_cmake_python_build_utils_egg\n'}
[0.578928] (utils) CommandEnded: {'returncode': 0}
[0.579458] (utils) JobProgress: {'identifier': 'utils', 'progress': 'install'}
[0.604742] (-) TimerEvent: {}
[0.612993] (utils) Command: {'cmd': ['/usr/bin/cmake', '--install', '/home/davide-pillon/Desktop/Brain_DEII/brain/build/utils'], 'cwd': '/home/davide-pillon/Desktop/Brain_DEII/brain/build/utils', 'env': OrderedDict({'LESSOPEN': '| /usr/bin/lesspipe %s', 'GZ_SIM_RESOURCE_PATH': '/opt/ros/jazzy/share', 'USER': 'davide-pillon', 'GZ_CONFIG_PATH': '/opt/ros/jazzy/opt/gz_sim_vendor/share/gz:/opt/ros/jazzy/opt/sdformat_vendor/share/gz:/opt/ros/jazzy/opt/gz_gui_vendor/share/gz:/opt/ros/jazzy/opt/gz_transport_vendor/share/gz:/opt/ros/jazzy/opt/gz_rendering_vendor/share/gz:/opt/ros/jazzy/opt/gz_plugin_vendor/share/gz:/opt/ros/jazzy/opt/gz_fuel_tools_vendor/share/gz:/opt/ros/jazzy/opt/gz_msgs_vendor/share/gz:/opt/ros/jazzy/opt/gz_common_vendor/share/gz', 'XDG_SESSION_TYPE': 'wayland', 'CLUTTER_DISABLE_MIPMAPPED_TEXT': '1', 'SHLVL': '2', 'LD_LIBRARY_PATH': '/home/davide-pillon/Desktop/Brain_DEII/brain/install/utils/lib:/opt/ros/jazzy/opt/gz_sim_vendor/lib:/opt/ros/jazzy/opt/gz_sensors_vendor/lib:/opt/ros/jazzy/opt/gz_physics_vendor/lib:/opt/ros/jazzy/opt/sdformat_vendor/lib:/opt/ros/jazzy/opt/rviz_ogre_vendor/lib:/opt/ros/jazzy/lib/x86_64-linux-gnu:/opt/ros/jazzy/opt/gz_gui_vendor/lib:/opt/ros/jazzy/opt/gz_transport_vendor/lib:/opt/ros/jazzy/opt/gz_rendering_vendor/lib:/opt/ros/jazzy/opt/gz_plugin_vendor/lib:/opt/ros/jazzy/opt/gz_fuel_tools_vendor/lib:/opt/ros/jazzy/opt/gz_msgs_vendor/lib:/opt/ros/jazzy/opt/gz_common_vendor/lib:/opt/ros/jazzy/opt/gz_math_vendor/lib:/opt/ros/jazzy/opt/gz_utils_vendor/lib:/opt/ros/jazzy/opt/gz_tools_vendor/lib:/opt/ros/jazzy/opt/gz_ogre_next_vendor/lib:/opt/ros/jazzy/opt/gz_dartsim_vendor/lib:/opt/ros/jazzy/opt/gz_cmake_vendor/lib:/opt/ros/jazzy/lib', 'HOME': '/home/davide-pillon', 'OLDPWD': '/home/davide-pillon/Desktop/Brain_DEII', 'DESKTOP_SESSION': 'ubuntu', 'ROS_PYTHON_VERSION': '3', 'GNOME_SHELL_SESSION_MODE': 'ubuntu', 'GTK_MODULES': 'gail:atk-bridge', 'SYSTEMD_EXEC_PID': '2226', 'GSM_SKIP_SSH_AGENT_WORKAROUND': 'true', 'DBUS_SESSION_BUS_ADDRESS': 'unix:path=/run/user/1000/bus', 'COLORTERM': 'truecolor', 'TERMINATOR_DBUS_NAME': 'net.tenshu.Terminator25ef4b219e3b005583550f2b0f9f990c3', 'DEBUGINFOD_URLS': 'https://debuginfod.ubuntu.com', 'IM_CONFIG_PHASE': '1', 'WAYLAND_DISPLAY': 'wayland-0', 'COLCON_PREFIX_PATH': '/home/davide-pillon/Desktop/Brain_DEII/brain/install', 'ROS_DISTRO': 'jazzy', 'LOGNAME': 'davide-pillon', 'IGN_GAZEBO_MODEL_PATH': '/opt/ros/jazzy/share', '_': '/usr/bin/colcon', 'ROS_VERSION': '2', 'MEMORY_PRESSURE_WATCH': '/sys/fs/cgroup/user.slice/user-1000.slice/user@1000.service/session.slice/org.gnome.Shell@wayland.service/memory.pressure', 'XDG_SESSION_CLASS': 'user', 'USERNAME': 'davide-pillon', 'TERM': 'xterm-256color', 'GAZEBO_MODEL_PATH': '/opt/ros/jazzy/share', 'GNOME_DESKTOP_SESSION_ID': 'this-is-deprecated', 'PATH': '/opt/ros/jazzy/opt/gz_msgs_vendor/bin:/opt/ros/jazzy/opt/gz_tools_vendor/bin:/opt/ros/jazzy/opt/gz_ogre_next_vendor/bin:/opt/ros/jazzy/bin:/home/davide-pillon/.local/bin:/usr/local/sbin:/usr/local/bin:/usr/sbin:/usr/bin:/sbin:/bin:/usr/games:/usr/local/games:/snap/bin:/snap/bin:/home/davide-pillon/.local/bin:/home/davide-pillon/.local/bin', 'SESSION_MANAGER': 'local/davide-pillon-BOD-WXX9:@/tmp/.ICE-unix/2190,unix/davide-pillon-BOD-WXX9:/tmp/.ICE-unix/2190', 'XDG_MENU_PREFIX': 'gnome-', 'GNOME_TERMINAL_SCREEN': '/org/gnome/Terminal/screen/ce799c77_8fed_4b4c_8767_c3981f6c9c25', 'GNOME_SETUP_DISPLAY': ':1', 'XDG_RUNTIME_DIR': '/run/user/1000', 'DISPLAY': ':0', 'TERMINATOR_DBUS_PATH': '/net/tenshu/Terminator2', 'LANG': 'en_US.UTF-8', 'XDG_CURRENT_DESKTOP': 'ubuntu:GNOME', 'XMODIFIERS': '@im=ibus', 'XDG_SESSION_DESKTOP': 'ubuntu', 'XAUTHORITY': '/run/user/1000/.mutter-Xwaylandauth.RTQJP3', 'LS_COLORS': 'rs=0:di=01;34:ln=01;36:mh=00:pi=40;33:so=01;35:do=01;35:bd=40;33;01:cd=40;33;01:or=40;31;01:mi=00:su=37;41:sg=30;43:ca=00:tw=30;42:ow=34;42:st=37;44:ex=01;32:*.tar=01;31:*.tgz=01;31:*.arc=01;31:*.arj=01;31:*.taz=01;31:*.lha=01;31:*.lz4=01;31:*.lzh=01;31:*.lzma=01;31:*.tlz=01;31:*.txz=01;31:*.tzo=01;31:*.t7z=01;31:*.zip=01;31:*.z=01;31:*.dz=01;31:*.gz=01;31:*.lrz=01;31:*.lz=01;31:*.lzo=01;31:*.xz=01;31:*.zst=01;31:*.tzst=01;31:*.bz2=01;31:*.bz=01;31:*.tbz=01;31:*.tbz2=01;31:*.tz=01;31:*.deb=01;31:*.rpm=01;31:*.jar=01;31:*.war=01;31:*.ear=01;31:*.sar=01;31:*.rar=01;31:*.alz=01;31:*.ace=01;31:*.zoo=01;31:*.cpio=01;31:*.7z=01;31:*.rz=01;31:*.cab=01;31:*.wim=01;31:*.swm=01;31:*.dwm=01;31:*.esd=01;31:*.avif=01;35:*.jpg=01;35:*.jpeg=01;35:*.mjpg=01;35:*.mjpeg=01;35:*.gif=01;35:*.bmp=01;35:*.pbm=01;35:*.pgm=01;35:*.ppm=01;35:*.tga=01;35:*.xbm=01;35:*.xpm=01;35:*.tif=01;35:*.tiff=01;35:*.png=01;35:*.svg=01;35:*.svgz=01;35:*.mng=01;35:*.pcx=01;35:*.mov=01;35:*.mpg=01;35:*.mpeg=01;35:*.m2v=01;35:*.mkv=01;35:*.webm=01;35:*.webp=01;35:*.ogm=01;35:*.mp4=01;35:*.m4v=01;35:*.mp4v=01;35:*.vob=01;35:*.qt=01;35:*.nuv=01;35:*.wmv=01;35:*.asf=01;35:*.rm=01;35:*.rmvb=01;35:*.flc=01;35:*.avi=01;35:*.fli=01;35:*.flv=01;35:*.gl=01;35:*.dl=01;35:*.xcf=01;35:*.xwd=01;35:*.yuv=01;35:*.cgm=01;35:*.emf=01;35:*.ogv=01;35:*.ogx=01;35:*.aac=00;36:*.au=00;36:*.flac=00;36:*.m4a=00;36:*.mid=00;36:*.midi=00;36:*.mka=00;36:*.mp3=00;36:*.mpc=00;36:*.ogg=00;36:*.ra=00;36:*.wav=00;36:*.oga=00;36:*.opus=00;36:*.spx=00;36:*.xspf=00;36:*~=00;90:*#=00;90:*.bak=00;90:*.crdownload=00;90:*.dpkg-dist=00;90:*.dpkg-new=00;90:*.dpkg-old=00;90:*.dpkg-tmp=00;90:*.old=00;90:*.orig=00;90:*.part=00;90:*.rej=00;90:*.rpmnew=00;90:*.rpmorig=00;90:*.rpmsave=00;90:*.swp=00;90:*.tmp=00;90:*.ucf-dist=00;90:*.ucf-new=00;90:*.ucf-old=00;90:', 'GNOME_TERMINAL_SERVICE': ':1.149', 'SSH_AUTH_SOCK': '/run/user/1000/keyring/ssh', 'AMENT_PREFIX_PATH': '/home/davide-pillon/Desktop/Brain_DEII/brain/install/unix_out:/home/davide-pillon/Desktop/Brain_DEII/brain/install/output:/home/davide-pillon/Desktop/Brain_DEII/brain/install/input:/home/davide-pillon/Desktop/Brain_DEII/brain/install/utils:/home/davide-pillon/Desktop/Brain_DEII/brain/install/smart:/opt/ros/jazzy', 'SHELL': '/bin/bash', 'TERMINATOR_UUID': 'urn:uuid:efd2288e-d93d-44d7-8b69-ba3352931f37', 'QT_ACCESSIBILITY': '1', 'GDMSESSION': 'ubuntu', 'LESSCLOSE': '/usr/bin/lesspipe %s %s', 'IGN_GAZEBO_RESOURCE_PATH': '/opt/ros/jazzy/share', 'GAZEBO_RESOURCE_PATH': '/opt/ros/jazzy/share', 'ROS_AUTOMATIC_DISCOVERY_RANGE': 'SUBNET', 'QT_IM_MODULE': 'ibus', 'PWD': '/home/davide-pillon/Desktop/Brain_DEII/brain/build/utils', 'LC_ALL': 'en_US.UTF-8', 'XDG_CONFIG_DIRS': '/etc/xdg/xdg-ubuntu:/etc/xdg', 'XDG_DATA_DIRS': '/usr/share/ubuntu:/usr/share/gnome:/home/davide-pillon/.local/share/flatpak/exports/share:/var/lib/flatpak/exports/share:/usr/local/share/:/usr/share/:/var/lib/snapd/desktop', 'PYTHONPATH': '/home/davide-pillon/Desktop/Brain_DEII/brain/install/unix_out/lib/python3.12/site-packages:/home/davide-pillon/Desktop/Brain_DEII/brain/install/output/lib/python3.12/site-packages:/home/davide-pillon/Desktop/Brain_DEII/brain/install/input/lib/python3.12/site-packages:/home/davide-pillon/Desktop/Brain_DEII/brain/install/utils/lib/python3.12/site-packages:/home/davide-pillon/Desktop/Brain_DEII/brain/install/smart/lib/python3.12/site-packages:/opt/ros/jazzy/lib/python3.12/site-packages', 'COLCON': '1', 'MEMORY_PRESSURE_WRITE': 'c29tZSAyMDAwMDAgMjAwMDAwMAA=', 'VTE_VERSION': '7600', 'CMAKE_PREFIX_PATH': '/home/davide-pillon/Desktop/Brain_DEII/brain/install/utils:/opt/ros/jazzy/opt/gz_sim_vendor:/opt/ros/jazzy/opt/gz_sensors_vendor:/opt/ros/jazzy/opt/gz_physics_vendor:/opt/ros/jazzy/opt/sdformat_vendor:/opt/ros/jazzy/opt/gz_gui_vendor:/opt/ros/jazzy/opt/gz_transport_vendor:/opt/ros/jazzy/opt/gz_rendering_vendor:/opt/ros/jazzy/opt/gz_plugin_vendor:/opt/ros/jazzy/opt/gz_fuel_tools_vendor:/opt/ros/jazzy/opt/gz_msgs_vendor:/opt/ros/jazzy/opt/gz_common_vendor:/opt/ros/jazzy/opt/gz_math_vendor:/opt/ros/jazzy/opt/gz_utils_vendor:/opt/ros/jazzy/opt/gz_tools_vendor:/opt/ros/jazzy/opt/gz_ogre_next_vendor:/opt/ros/jazzy/opt/gz_dartsim_vendor:/opt/ros/jazzy/opt/gz_cmake_vendor:/home/davide-pillon/Desktop/Brain_DEII/brain/install/unix_out:/home/davide-pillon/Desktop/Brain_DEII/brain/install/output:/home/davide-pillon/Desktop/Brain_DEII/brain/install/input:/home/davide-pillon/Desktop/Brain_DEII/brain/install/smart:/opt/ros/jazzy'}), 'shell': False}
[0.623390] (utils) StdoutLine: {'line': b'-- Install configuration: ""\n'}
[0.623778] (utils) StdoutLine: {'line': b'-- Up-to-date: /home/davide-pillon/Desktop/Brain_DEII/brain/install/utils/share/ament_index/resource_index/rosidl_interfaces/utils\n'}
[0.623957] (utils) StdoutLine: {'line': b'-- Up-to-date: /home/davide-pillon/Desktop/Brain_DEII/brain/install/utils/share/utils/msg/IMU.json\n'}
[0.624075] (utils) StdoutLine: {'line': b'-- Up-to-date: /home/davide-pillon/Desktop/Brain_DEII/brain/install/utils/share/utils/msg/Localisation.json\n'}
[0.624189] (utils) StdoutLine: {'line': b'-- Up-to-date: /home/davide-pillon/Desktop/Brain_DEII/brain/install/utils/share/utils/msg/Vehicles.json\n'}
[0.624303] (utils) StdoutLine: {'line': b'-- Up-to-date: /home/davide-pillon/Desktop/Brain_DEII/brain/install/utils/share/utils/msg/Environmental.json\n'}
[0.624437] (utils) StdoutLine: {'line': b'-- Up-to-date: /home/davide-pillon/Desktop/Brain_DEII/brain/install/utils/share/utils/msg/Log.json\n'}
[0.624545] (utils) StdoutLine: {'line': b'-- Up-to-date: /home/davide-pillon/Desktop/Brain_DEII/brain/install/utils/share/utils/msg/TopicInfo.json\n'}
[0.624660] (utils) StdoutLine: {'line': b'-- Up-to-date: /home/davide-pillon/Desktop/Brain_DEII/brain/install/utils/share/utils/msg/Semaphore.json\n'}
[0.624787] (utils) StdoutLine: {'line': b'-- Up-to-date: /home/davide-pillon/Desktop/Brain_DEII/brain/install/utils/share/utils/msg/Conditions.json\n'}
[0.625087] (utils) StdoutLine: {'line': b'-- Up-to-date: /home/davide-pillon/Desktop/Brain_DEII/brain/install/utils/share/utils/msg/Trafficsignprediction.json\n'}
[0.625377] (utils) StdoutLine: {'line': b'-- Up-to-date: /home/davide-pillon/Desktop/Brain_DEII/brain/install/utils/share/utils/srv/Subscribing.json\n'}
[0.625601] (utils) StdoutLine: {'line': b'-- Up-to-date: /home/davide-pillon/Desktop/Brain_DEII/brain/install/utils/share/utils/srv/RequestParam.json\n'}
[0.625777] (utils) StdoutLine: {'line': b'-- Up-to-date: /home/davide-pillon/Desktop/Brain_DEII/brain/install/utils/include/utils/utils\n'}
[0.626011] (utils) StdoutLine: {'line': b'-- Up-to-date: /home/davide-pillon/Desktop/Brain_DEII/brain/install/utils/include/utils/utils/srv\n'}
[0.626294] (utils) StdoutLine: {'line': b'-- Up-to-date: /home/davide-pillon/Desktop/Brain_DEII/brain/install/utils/include/utils/utils/srv/detail\n'}
[0.626493] (utils) StdoutLine: {'line': b'-- Up-to-date: /home/davide-pillon/Desktop/Brain_DEII/brain/install/utils/include/utils/utils/srv/detail/subscribing__type_support.h\n'}
[0.626653] (utils) StdoutLine: {'line': b'-- Up-to-date: /home/davide-pillon/Desktop/Brain_DEII/brain/install/utils/include/utils/utils/srv/detail/request_param__functions.c\n'}
[0.626869] (utils) StdoutLine: {'line': b'-- Up-to-date: /home/davide-pillon/Desktop/Brain_DEII/brain/install/utils/include/utils/utils/srv/detail/subscribing__type_support.c\n'}
[0.626987] (utils) StdoutLine: {'line': b'-- Installing: /home/davide-pillon/Desktop/Brain_DEII/brain/install/utils/include/utils/utils/srv/detail/request_param__type_support.c\n'}
[0.627232] (utils) StdoutLine: {'line': b'-- Up-to-date: /home/davide-pillon/Desktop/Brain_DEII/brain/install/utils/include/utils/utils/srv/detail/subscribing__description.c\n'}
[0.627386] (utils) StdoutLine: {'line': b'-- Up-to-date: /home/davide-pillon/Desktop/Brain_DEII/brain/install/utils/include/utils/utils/srv/detail/request_param__type_support.h\n'}
[0.627591] (utils) StdoutLine: {'line': b'-- Up-to-date: /home/davide-pillon/Desktop/Brain_DEII/brain/install/utils/include/utils/utils/srv/detail/request_param__struct.h\n'}
[0.627887] (utils) StdoutLine: {'line': b'-- Up-to-date: /home/davide-pillon/Desktop/Brain_DEII/brain/install/utils/include/utils/utils/srv/detail/request_param__description.c\n'}
[0.628132] (utils) StdoutLine: {'line': b'-- Up-to-date: /home/davide-pillon/Desktop/Brain_DEII/brain/install/utils/include/utils/utils/srv/detail/request_param__functions.h\n'}
[0.628251] (utils) StdoutLine: {'line': b'-- Up-to-date: /home/davide-pillon/Desktop/Brain_DEII/brain/install/utils/include/utils/utils/srv/detail/subscribing__functions.h\n'}
[0.628366] (utils) StdoutLine: {'line': b'-- Up-to-date: /home/davide-pillon/Desktop/Brain_DEII/brain/install/utils/include/utils/utils/srv/detail/subscribing__functions.c\n'}
[0.628492] (utils) StdoutLine: {'line': b'-- Up-to-date: /home/davide-pillon/Desktop/Brain_DEII/brain/install/utils/include/utils/utils/srv/detail/subscribing__struct.h\n'}
[0.628612] (utils) StdoutLine: {'line': b'-- Up-to-date: /home/davide-pillon/Desktop/Brain_DEII/brain/install/utils/include/utils/utils/srv/subscribing.h\n'}
[0.628729] (utils) StdoutLine: {'line': b'-- Up-to-date: /home/davide-pillon/Desktop/Brain_DEII/brain/install/utils/include/utils/utils/srv/request_param.h\n'}
[0.628839] (utils) StdoutLine: {'line': b'-- Up-to-date: /home/davide-pillon/Desktop/Brain_DEII/brain/install/utils/include/utils/utils/msg\n'}
[0.628950] (utils) StdoutLine: {'line': b'-- Up-to-date: /home/davide-pillon/Desktop/Brain_DEII/brain/install/utils/include/utils/utils/msg/trafficsignprediction.h\n'}
[0.629060] (utils) StdoutLine: {'line': b'-- Up-to-date: /home/davide-pillon/Desktop/Brain_DEII/brain/install/utils/include/utils/utils/msg/localisation.h\n'}
[0.629171] (utils) StdoutLine: {'line': b'-- Up-to-date: /home/davide-pillon/Desktop/Brain_DEII/brain/install/utils/include/utils/utils/msg/conditions.h\n'}
[0.629275] (utils) StdoutLine: {'line': b'-- Up-to-date: /home/davide-pillon/Desktop/Brain_DEII/brain/install/utils/include/utils/utils/msg/imu.h\n'}
[0.629384] (utils) StdoutLine: {'line': b'-- Up-to-date: /home/davide-pillon/Desktop/Brain_DEII/brain/install/utils/include/utils/utils/msg/topic_info.h\n'}
[0.629494] (utils) StdoutLine: {'line': b'-- Up-to-date: /home/davide-pillon/Desktop/Brain_DEII/brain/install/utils/include/utils/utils/msg/log.h\n'}
[0.629600] (utils) StdoutLine: {'line': b'-- Up-to-date: /home/davide-pillon/Desktop/Brain_DEII/brain/install/utils/include/utils/utils/msg/detail\n'}
[0.629715] (utils) StdoutLine: {'line': b'-- Up-to-date: /home/davide-pillon/Desktop/Brain_DEII/brain/install/utils/include/utils/utils/msg/detail/imu__functions.c\n'}
[0.629826] (utils) StdoutLine: {'line': b'-- Up-to-date: /home/davide-pillon/Desktop/Brain_DEII/brain/install/utils/include/utils/utils/msg/detail/imu__description.c\n'}
[0.629930] (utils) StdoutLine: {'line': b'-- Installing: /home/davide-pillon/Desktop/Brain_DEII/brain/install/utils/include/utils/utils/msg/detail/trafficsignprediction__type_support.c\n'}
[0.630042] (utils) StdoutLine: {'line': b'-- Up-to-date: /home/davide-pillon/Desktop/Brain_DEII/brain/install/utils/include/utils/utils/msg/detail/log__struct.h\n'}
[0.630157] (utils) StdoutLine: {'line': b'-- Up-to-date: /home/davide-pillon/Desktop/Brain_DEII/brain/install/utils/include/utils/utils/msg/detail/semaphore__functions.h\n'}
[0.630276] (utils) StdoutLine: {'line': b'-- Up-to-date: /home/davide-pillon/Desktop/Brain_DEII/brain/install/utils/include/utils/utils/msg/detail/conditions__functions.c\n'}
[0.630384] (utils) StdoutLine: {'line': b'-- Up-to-date: /home/davide-pillon/Desktop/Brain_DEII/brain/install/utils/include/utils/utils/msg/detail/vehicles__type_support.h\n'}
[0.630496] (utils) StdoutLine: {'line': b'-- Up-to-date: /home/davide-pillon/Desktop/Brain_DEII/brain/install/utils/include/utils/utils/msg/detail/environmental__struct.h\n'}
[0.630602] (utils) StdoutLine: {'line': b'-- Up-to-date: /home/davide-pillon/Desktop/Brain_DEII/brain/install/utils/include/utils/utils/msg/detail/topic_info__description.c\n'}
[0.630838] (utils) StdoutLine: {'line': b'-- Up-to-date: /home/davide-pillon/Desktop/Brain_DEII/brain/install/utils/include/utils/utils/msg/detail/topic_info__functions.h\n'}
[0.630957] (utils) StdoutLine: {'line': b'-- Up-to-date: /home/davide-pillon/Desktop/Brain_DEII/brain/install/utils/include/utils/utils/msg/detail/vehicles__functions.h\n'}
[0.631055] (utils) StdoutLine: {'line': b'-- Up-to-date: /home/davide-pillon/Desktop/Brain_DEII/brain/install/utils/include/utils/utils/msg/detail/trafficsignprediction__struct.h\n'}
[0.631147] (utils) StdoutLine: {'line': b'-- Up-to-date: /home/davide-pillon/Desktop/Brain_DEII/brain/install/utils/include/utils/utils/msg/detail/localisation__type_support.h\n'}
[0.631239] (utils) StdoutLine: {'line': b'-- Up-to-date: /home/davide-pillon/Desktop/Brain_DEII/brain/install/utils/include/utils/utils/msg/detail/imu__functions.h\n'}
[0.631330] (utils) StdoutLine: {'line': b'-- Up-to-date: /home/davide-pillon/Desktop/Brain_DEII/brain/install/utils/include/utils/utils/msg/detail/trafficsignprediction__type_support.h\n'}
[0.631422] (utils) StdoutLine: {'line': b'-- Installing: /home/davide-pillon/Desktop/Brain_DEII/brain/install/utils/include/utils/utils/msg/detail/localisation__type_support.c\n'}
[0.631528] (utils) StdoutLine: {'line': b'-- Up-to-date: /home/davide-pillon/Desktop/Brain_DEII/brain/install/utils/include/utils/utils/msg/detail/environmental__functions.h\n'}
[0.631652] (utils) StdoutLine: {'line': b'-- Installing: /home/davide-pillon/Desktop/Brain_DEII/brain/install/utils/include/utils/utils/msg/detail/environmental__type_support.c\n'}
[0.631908] (utils) StdoutLine: {'line': b'-- Installing: /home/davide-pillon/Desktop/Brain_DEII/brain/install/utils/include/utils/utils/msg/detail/semaphore__type_support.c\n'}
[0.632068] (utils) StdoutLine: {'line': b'-- Up-to-date: /home/davide-pillon/Desktop/Brain_DEII/brain/install/utils/include/utils/utils/msg/detail/vehicles__functions.c\n'}
[0.632313] (utils) StdoutLine: {'line': b'-- Up-to-date: /home/davide-pillon/Desktop/Brain_DEII/brain/install/utils/include/utils/utils/msg/detail/conditions__functions.h\n'}
[0.632430] (utils) StdoutLine: {'line': b'-- Up-to-date: /home/davide-pillon/Desktop/Brain_DEII/brain/install/utils/include/utils/utils/msg/detail/conditions__struct.h\n'}
[0.632574] (utils) StdoutLine: {'line': b'-- Up-to-date: /home/davide-pillon/Desktop/Brain_DEII/brain/install/utils/include/utils/utils/msg/detail/log__functions.c\n'}
[0.632732] (utils) StdoutLine: {'line': b'-- Installing: /home/davide-pillon/Desktop/Brain_DEII/brain/install/utils/include/utils/utils/msg/detail/imu__type_support.c\n'}
[0.634019] (utils) StdoutLine: {'line': b'-- Up-to-date: /home/davide-pillon/Desktop/Brain_DEII/brain/install/utils/include/utils/utils/msg/detail/semaphore__type_support.h\n'}
[0.634375] (utils) StdoutLine: {'line': b'-- Up-to-date: /home/davide-pillon/Desktop/Brain_DEII/brain/install/utils/include/utils/utils/msg/detail/topic_info__functions.c\n'}
[0.634679] (utils) StdoutLine: {'line': b'-- Up-to-date: /home/davide-pillon/Desktop/Brain_DEII/brain/install/utils/include/utils/utils/msg/detail/topic_info__struct.h\n'}
[0.634972] (utils) StdoutLine: {'line': b'-- Up-to-date: /home/davide-pillon/Desktop/Brain_DEII/brain/install/utils/include/utils/utils/msg/detail/conditions__type_support.c\n'}
[0.635269] (utils) StdoutLine: {'line': b'-- Up-to-date: /home/davide-pillon/Desktop/Brain_DEII/brain/install/utils/include/utils/utils/msg/detail/environmental__description.c\n'}
[0.635545] (utils) StdoutLine: {'line': b'-- Installing: /home/davide-pillon/Desktop/Brain_DEII/brain/install/utils/include/utils/utils/msg/detail/topic_info__type_support.c\n'}
[0.635769] (utils) StdoutLine: {'line': b'-- Installing: /home/davide-pillon/Desktop/Brain_DEII/brain/install/utils/include/utils/utils/msg/detail/vehicles__type_support.c\n'}
[0.635941] (utils) StdoutLine: {'line': b'-- Up-to-date: /home/davide-pillon/Desktop/Brain_DEII/brain/install/utils/include/utils/utils/msg/detail/environmental__type_support.h\n'}
[0.636150] (utils) StdoutLine: {'line': b'-- Up-to-date: /home/davide-pillon/Desktop/Brain_DEII/brain/install/utils/include/utils/utils/msg/detail/log__type_support.h\n'}
[0.636376] (utils) StdoutLine: {'line': b'-- Up-to-date: /home/davide-pillon/Desktop/Brain_DEII/brain/install/utils/include/utils/utils/msg/detail/topic_info__type_support.h\n'}
[0.636561] (utils) StdoutLine: {'line': b'-- Up-to-date: /home/davide-pillon/Desktop/Brain_DEII/brain/install/utils/include/utils/utils/msg/detail/semaphore__struct.h\n'}
[0.636714] (utils) StdoutLine: {'line': b'-- Up-to-date: /home/davide-pillon/Desktop/Brain_DEII/brain/install/utils/include/utils/utils/msg/detail/localisation__struct.h\n'}
[0.636811] (utils) StdoutLine: {'line': b'-- Up-to-date: /home/davide-pillon/Desktop/Brain_DEII/brain/install/utils/include/utils/utils/msg/detail/localisation__functions.h\n'}
[0.636951] (utils) StdoutLine: {'line': b'-- Up-to-date: /home/davide-pillon/Desktop/Brain_DEII/brain/install/utils/include/utils/utils/msg/detail/conditions__description.c\n'}
[0.637049] (utils) StdoutLine: {'line': b'-- Up-to-date: /home/davide-pillon/Desktop/Brain_DEII/brain/install/utils/include/utils/utils/msg/detail/semaphore__description.c\n'}
[0.637246] (utils) StdoutLine: {'line': b'-- Up-to-date: /home/davide-pillon/Desktop/Brain_DEII/brain/install/utils/include/utils/utils/msg/detail/localisation__description.c\n'}
[0.637864] (utils) StdoutLine: {'line': b'-- Up-to-date: /home/davide-pillon/Desktop/Brain_DEII/brain/install/utils/include/utils/utils/msg/detail/localisation__functions.c\n'}
[0.638145] (utils) StdoutLine: {'line': b'-- Up-to-date: /home/davide-pillon/Desktop/Brain_DEII/brain/install/utils/include/utils/utils/msg/detail/conditions__type_support.h\n'}
[0.638285] (utils) StdoutLine: {'line': b'-- Up-to-date: /home/davide-pillon/Desktop/Brain_DEII/brain/install/utils/include/utils/utils/msg/detail/imu__struct.h\n'}
[0.638394] (utils) StdoutLine: {'line': b'-- Up-to-date: /home/davide-pillon/Desktop/Brain_DEII/brain/install/utils/include/utils/utils/msg/detail/log__description.c\n'}
[0.638536] (utils) StdoutLine: {'line': b'-- Up-to-date: /home/davide-pillon/Desktop/Brain_DEII/brain/install/utils/include/utils/utils/msg/detail/trafficsignprediction__functions.h\n'}
[0.638638] (utils) StdoutLine: {'line': b'-- Up-to-date: /home/davide-pillon/Desktop/Brain_DEII/brain/install/utils/include/utils/utils/msg/detail/environmental__functions.c\n'}
[0.638751] (utils) StdoutLine: {'line': b'-- Up-to-date: /home/davide-pillon/Desktop/Brain_DEII/brain/install/utils/include/utils/utils/msg/detail/log__functions.h\n'}
[0.638898] (utils) StdoutLine: {'line': b'-- Up-to-date: /home/davide-pillon/Desktop/Brain_DEII/brain/install/utils/include/utils/utils/msg/detail/semaphore__functions.c\n'}
[0.639015] (utils) StdoutLine: {'line': b'-- Up-to-date: /home/davide-pillon/Desktop/Brain_DEII/brain/install/utils/include/utils/utils/msg/detail/vehicles__description.c\n'}
[0.639262] (utils) StdoutLine: {'line': b'-- Up-to-date: /home/davide-pillon/Desktop/Brain_DEII/brain/install/utils/include/utils/utils/msg/detail/imu__type_support.h\n'}
[0.639377] (utils) StdoutLine: {'line': b'-- Up-to-date: /home/davide-pillon/Desktop/Brain_DEII/brain/install/utils/include/utils/utils/msg/detail/trafficsignprediction__description.c\n'}
[0.639511] (utils) StdoutLine: {'line': b'-- Up-to-date: /home/davide-pillon/Desktop/Brain_DEII/brain/install/utils/include/utils/utils/msg/detail/vehicles__struct.h\n'}
[0.639649] (utils) StdoutLine: {'line': b'-- Up-to-date: /home/davide-pillon/Desktop/Brain_DEII/brain/install/utils/include/utils/utils/msg/detail/trafficsignprediction__functions.c\n'}
[0.639789] (utils) StdoutLine: {'line': b'-- Installing: /home/davide-pillon/Desktop/Brain_DEII/brain/install/utils/include/utils/utils/msg/detail/log__type_support.c\n'}
[0.639889] (utils) StdoutLine: {'line': b'-- Up-to-date: /home/davide-pillon/Desktop/Brain_DEII/brain/install/utils/include/utils/utils/msg/environmental.h\n'}
[0.640051] (utils) StdoutLine: {'line': b'-- Up-to-date: /home/davide-pillon/Desktop/Brain_DEII/brain/install/utils/include/utils/utils/msg/rosidl_generator_c__visibility_control.h\n'}
[0.640278] (utils) StdoutLine: {'line': b'-- Up-to-date: /home/davide-pillon/Desktop/Brain_DEII/brain/install/utils/include/utils/utils/msg/semaphore.h\n'}
[0.640511] (utils) StdoutLine: {'line': b'-- Up-to-date: /home/davide-pillon/Desktop/Brain_DEII/brain/install/utils/include/utils/utils/msg/vehicles.h\n'}
[0.640710] (utils) StdoutLine: {'line': b'-- Up-to-date: /home/davide-pillon/Desktop/Brain_DEII/brain/install/utils/share/utils/environment/library_path.dsv\n'}
[0.640882] (utils) StdoutLine: {'line': b'-- Up-to-date: /home/davide-pillon/Desktop/Brain_DEII/brain/install/utils/lib/libutils__rosidl_generator_c.so\n'}
[0.640981] (utils) StdoutLine: {'line': b'-- Up-to-date: /home/davide-pillon/Desktop/Brain_DEII/brain/install/utils/include/utils/utils\n'}
[0.641078] (utils) StdoutLine: {'line': b'-- Up-to-date: /home/davide-pillon/Desktop/Brain_DEII/brain/install/utils/include/utils/utils/srv\n'}
[0.641174] (utils) StdoutLine: {'line': b'-- Up-to-date: /home/davide-pillon/Desktop/Brain_DEII/brain/install/utils/include/utils/utils/srv/detail\n'}
[0.641267] (utils) StdoutLine: {'line': b'-- Up-to-date: /home/davide-pillon/Desktop/Brain_DEII/brain/install/utils/include/utils/utils/srv/detail/subscribing__rosidl_typesupport_fastrtps_c.h\n'}
[0.641360] (utils) StdoutLine: {'line': b'-- Up-to-date: /home/davide-pillon/Desktop/Brain_DEII/brain/install/utils/include/utils/utils/srv/detail/request_param__rosidl_typesupport_fastrtps_c.h\n'}
[0.641465] (utils) StdoutLine: {'line': b'-- Up-to-date: /home/davide-pillon/Desktop/Brain_DEII/brain/install/utils/include/utils/utils/msg\n'}
[0.641562] (utils) StdoutLine: {'line': b'-- Up-to-date: /home/davide-pillon/Desktop/Brain_DEII/brain/install/utils/include/utils/utils/msg/rosidl_typesupport_fastrtps_c__visibility_control.h\n'}
[0.641654] (utils) StdoutLine: {'line': b'-- Up-to-date: /home/davide-pillon/Desktop/Brain_DEII/brain/install/utils/include/utils/utils/msg/detail\n'}
[0.641752] (utils) StdoutLine: {'line': b'-- Up-to-date: /home/davide-pillon/Desktop/Brain_DEII/brain/install/utils/include/utils/utils/msg/detail/semaphore__rosidl_typesupport_fastrtps_c.h\n'}
[0.641845] (utils) StdoutLine: {'line': b'-- Up-to-date: /home/davide-pillon/Desktop/Brain_DEII/brain/install/utils/include/utils/utils/msg/detail/localisation__rosidl_typesupport_fastrtps_c.h\n'}
[0.641936] (utils) StdoutLine: {'line': b'-- Up-to-date: /home/davide-pillon/Desktop/Brain_DEII/brain/install/utils/include/utils/utils/msg/detail/log__rosidl_typesupport_fastrtps_c.h\n'}
[0.642037] (utils) StdoutLine: {'line': b'-- Up-to-date: /home/davide-pillon/Desktop/Brain_DEII/brain/install/utils/include/utils/utils/msg/detail/trafficsignprediction__rosidl_typesupport_fastrtps_c.h\n'}
[0.642132] (utils) StdoutLine: {'line': b'-- Up-to-date: /home/davide-pillon/Desktop/Brain_DEII/brain/install/utils/include/utils/utils/msg/detail/topic_info__rosidl_typesupport_fastrtps_c.h\n'}
[0.642230] (utils) StdoutLine: {'line': b'-- Up-to-date: /home/davide-pillon/Desktop/Brain_DEII/brain/install/utils/include/utils/utils/msg/detail/vehicles__rosidl_typesupport_fastrtps_c.h\n'}
[0.642325] (utils) StdoutLine: {'line': b'-- Up-to-date: /home/davide-pillon/Desktop/Brain_DEII/brain/install/utils/include/utils/utils/msg/detail/conditions__rosidl_typesupport_fastrtps_c.h\n'}
[0.642422] (utils) StdoutLine: {'line': b'-- Up-to-date: /home/davide-pillon/Desktop/Brain_DEII/brain/install/utils/include/utils/utils/msg/detail/imu__rosidl_typesupport_fastrtps_c.h\n'}
[0.642525] (utils) StdoutLine: {'line': b'-- Up-to-date: /home/davide-pillon/Desktop/Brain_DEII/brain/install/utils/include/utils/utils/msg/detail/environmental__rosidl_typesupport_fastrtps_c.h\n'}
[0.642618] (utils) StdoutLine: {'line': b'-- Up-to-date: /home/davide-pillon/Desktop/Brain_DEII/brain/install/utils/lib/libutils__rosidl_typesupport_fastrtps_c.so\n'}
[0.642791] (utils) StdoutLine: {'line': b'-- Up-to-date: /home/davide-pillon/Desktop/Brain_DEII/brain/install/utils/include/utils/utils\n'}
[0.642892] (utils) StdoutLine: {'line': b'-- Up-to-date: /home/davide-pillon/Desktop/Brain_DEII/brain/install/utils/include/utils/utils/srv\n'}
[0.642988] (utils) StdoutLine: {'line': b'-- Up-to-date: /home/davide-pillon/Desktop/Brain_DEII/brain/install/utils/include/utils/utils/srv/detail\n'}
[0.643082] (utils) StdoutLine: {'line': b'-- Up-to-date: /home/davide-pillon/Desktop/Brain_DEII/brain/install/utils/include/utils/utils/srv/detail/subscribing__type_support.c\n'}
[0.643178] (utils) StdoutLine: {'line': b'-- Installing: /home/davide-pillon/Desktop/Brain_DEII/brain/install/utils/include/utils/utils/srv/detail/request_param__type_support.c\n'}
[0.643277] (utils) StdoutLine: {'line': b'-- Up-to-date: /home/davide-pillon/Desktop/Brain_DEII/brain/install/utils/include/utils/utils/srv/detail/subscribing__rosidl_typesupport_introspection_c.h\n'}
[0.643371] (utils) StdoutLine: {'line': b'-- Up-to-date: /home/davide-pillon/Desktop/Brain_DEII/brain/install/utils/include/utils/utils/srv/detail/request_param__rosidl_typesupport_introspection_c.h\n'}
[0.643480] (utils) StdoutLine: {'line': b'-- Up-to-date: /home/davide-pillon/Desktop/Brain_DEII/brain/install/utils/include/utils/utils/msg\n'}
[0.643581] (utils) StdoutLine: {'line': b'-- Up-to-date: /home/davide-pillon/Desktop/Brain_DEII/brain/install/utils/include/utils/utils/msg/rosidl_typesupport_introspection_c__visibility_control.h\n'}
[0.643695] (utils) StdoutLine: {'line': b'-- Up-to-date: /home/davide-pillon/Desktop/Brain_DEII/brain/install/utils/include/utils/utils/msg/detail\n'}
[0.643794] (utils) StdoutLine: {'line': b'-- Up-to-date: /home/davide-pillon/Desktop/Brain_DEII/brain/install/utils/include/utils/utils/msg/detail/environmental__rosidl_typesupport_introspection_c.h\n'}
[0.643895] (utils) StdoutLine: {'line': b'-- Installing: /home/davide-pillon/Desktop/Brain_DEII/brain/install/utils/include/utils/utils/msg/detail/trafficsignprediction__type_support.c\n'}
[0.643992] (utils) StdoutLine: {'line': b'-- Up-to-date: /home/davide-pillon/Desktop/Brain_DEII/brain/install/utils/include/utils/utils/msg/detail/conditions__rosidl_typesupport_introspection_c.h\n'}
[0.644089] (utils) StdoutLine: {'line': b'-- Installing: /home/davide-pillon/Desktop/Brain_DEII/brain/install/utils/include/utils/utils/msg/detail/localisation__type_support.c\n'}
[0.644182] (utils) StdoutLine: {'line': b'-- Installing: /home/davide-pillon/Desktop/Brain_DEII/brain/install/utils/include/utils/utils/msg/detail/environmental__type_support.c\n'}
[0.644278] (utils) StdoutLine: {'line': b'-- Installing: /home/davide-pillon/Desktop/Brain_DEII/brain/install/utils/include/utils/utils/msg/detail/semaphore__type_support.c\n'}
[0.644381] (utils) StdoutLine: {'line': b'-- Up-to-date: /home/davide-pillon/Desktop/Brain_DEII/brain/install/utils/include/utils/utils/msg/detail/log__rosidl_typesupport_introspection_c.h\n'}
[0.644474] (utils) StdoutLine: {'line': b'-- Installing: /home/davide-pillon/Desktop/Brain_DEII/brain/install/utils/include/utils/utils/msg/detail/imu__type_support.c\n'}
[0.644573] (utils) StdoutLine: {'line': b'-- Up-to-date: /home/davide-pillon/Desktop/Brain_DEII/brain/install/utils/include/utils/utils/msg/detail/conditions__type_support.c\n'}
[0.644666] (utils) StdoutLine: {'line': b'-- Installing: /home/davide-pillon/Desktop/Brain_DEII/brain/install/utils/include/utils/utils/msg/detail/topic_info__type_support.c\n'}
[0.644766] (utils) StdoutLine: {'line': b'-- Installing: /home/davide-pillon/Desktop/Brain_DEII/brain/install/utils/include/utils/utils/msg/detail/vehicles__type_support.c\n'}
[0.644856] (utils) StdoutLine: {'line': b'-- Up-to-date: /home/davide-pillon/Desktop/Brain_DEII/brain/install/utils/include/utils/utils/msg/detail/semaphore__rosidl_typesupport_introspection_c.h\n'}
[0.644949] (utils) StdoutLine: {'line': b'-- Up-to-date: /home/davide-pillon/Desktop/Brain_DEII/brain/install/utils/include/utils/utils/msg/detail/trafficsignprediction__rosidl_typesupport_introspection_c.h\n'}
[0.645040] (utils) StdoutLine: {'line': b'-- Up-to-date: /home/davide-pillon/Desktop/Brain_DEII/brain/install/utils/include/utils/utils/msg/detail/vehicles__rosidl_typesupport_introspection_c.h\n'}
[0.645136] (utils) StdoutLine: {'line': b'-- Up-to-date: /home/davide-pillon/Desktop/Brain_DEII/brain/install/utils/include/utils/utils/msg/detail/localisation__rosidl_typesupport_introspection_c.h\n'}
[0.645228] (utils) StdoutLine: {'line': b'-- Up-to-date: /home/davide-pillon/Desktop/Brain_DEII/brain/install/utils/include/utils/utils/msg/detail/topic_info__rosidl_typesupport_introspection_c.h\n'}
[0.645319] (utils) StdoutLine: {'line': b'-- Installing: /home/davide-pillon/Desktop/Brain_DEII/brain/install/utils/include/utils/utils/msg/detail/log__type_support.c\n'}
[0.645414] (utils) StdoutLine: {'line': b'-- Up-to-date: /home/davide-pillon/Desktop/Brain_DEII/brain/install/utils/include/utils/utils/msg/detail/imu__rosidl_typesupport_introspection_c.h\n'}
[0.645508] (utils) StdoutLine: {'line': b'-- Up-to-date: /home/davide-pillon/Desktop/Brain_DEII/brain/install/utils/lib/libutils__rosidl_typesupport_introspection_c.so\n'}
[0.645602] (utils) StdoutLine: {'line': b'-- Up-to-date: /home/davide-pillon/Desktop/Brain_DEII/brain/install/utils/lib/libutils__rosidl_typesupport_c.so\n'}
[0.645705] (utils) StdoutLine: {'line': b'-- Up-to-date: /home/davide-pillon/Desktop/Brain_DEII/brain/install/utils/include/utils/utils\n'}
[0.645806] (utils) StdoutLine: {'line': b'-- Up-to-date: /home/davide-pillon/Desktop/Brain_DEII/brain/install/utils/include/utils/utils/srv\n'}
[0.645913] (utils) StdoutLine: {'line': b'-- Up-to-date: /home/davide-pillon/Desktop/Brain_DEII/brain/install/utils/include/utils/utils/srv/request_param.hpp\n'}
[0.646006] (utils) StdoutLine: {'line': b'-- Up-to-date: /home/davide-pillon/Desktop/Brain_DEII/brain/install/utils/include/utils/utils/srv/subscribing.hpp\n'}
[0.646098] (utils) StdoutLine: {'line': b'-- Up-to-date: /home/davide-pillon/Desktop/Brain_DEII/brain/install/utils/include/utils/utils/srv/detail\n'}
[0.646196] (utils) StdoutLine: {'line': b'-- Up-to-date: /home/davide-pillon/Desktop/Brain_DEII/brain/install/utils/include/utils/utils/srv/detail/request_param__struct.hpp\n'}
[0.646288] (utils) StdoutLine: {'line': b'-- Up-to-date: /home/davide-pillon/Desktop/Brain_DEII/brain/install/utils/include/utils/utils/srv/detail/subscribing__struct.hpp\n'}
[0.646381] (utils) StdoutLine: {'line': b'-- Up-to-date: /home/davide-pillon/Desktop/Brain_DEII/brain/install/utils/include/utils/utils/srv/detail/request_param__type_support.hpp\n'}
[0.646481] (utils) StdoutLine: {'line': b'-- Up-to-date: /home/davide-pillon/Desktop/Brain_DEII/brain/install/utils/include/utils/utils/srv/detail/request_param__builder.hpp\n'}
[0.646576] (utils) StdoutLine: {'line': b'-- Up-to-date: /home/davide-pillon/Desktop/Brain_DEII/brain/install/utils/include/utils/utils/srv/detail/subscribing__builder.hpp\n'}
[0.646668] (utils) StdoutLine: {'line': b'-- Up-to-date: /home/davide-pillon/Desktop/Brain_DEII/brain/install/utils/include/utils/utils/srv/detail/subscribing__traits.hpp\n'}
[0.646768] (utils) StdoutLine: {'line': b'-- Up-to-date: /home/davide-pillon/Desktop/Brain_DEII/brain/install/utils/include/utils/utils/srv/detail/subscribing__type_support.hpp\n'}
[0.646866] (utils) StdoutLine: {'line': b'-- Up-to-date: /home/davide-pillon/Desktop/Brain_DEII/brain/install/utils/include/utils/utils/srv/detail/request_param__traits.hpp\n'}
[0.646961] (utils) StdoutLine: {'line': b'-- Up-to-date: /home/davide-pillon/Desktop/Brain_DEII/brain/install/utils/include/utils/utils/msg\n'}
[0.647052] (utils) StdoutLine: {'line': b'-- Up-to-date: /home/davide-pillon/Desktop/Brain_DEII/brain/install/utils/include/utils/utils/msg/environmental.hpp\n'}
[0.647153] (utils) StdoutLine: {'line': b'-- Up-to-date: /home/davide-pillon/Desktop/Brain_DEII/brain/install/utils/include/utils/utils/msg/conditions.hpp\n'}
[0.647247] (utils) StdoutLine: {'line': b'-- Up-to-date: /home/davide-pillon/Desktop/Brain_DEII/brain/install/utils/include/utils/utils/msg/localisation.hpp\n'}
[0.647339] (utils) StdoutLine: {'line': b'-- Up-to-date: /home/davide-pillon/Desktop/Brain_DEII/brain/install/utils/include/utils/utils/msg/semaphore.hpp\n'}
[0.647430] (utils) StdoutLine: {'line': b'-- Up-to-date: /home/davide-pillon/Desktop/Brain_DEII/brain/install/utils/include/utils/utils/msg/vehicles.hpp\n'}
[0.647523] (utils) StdoutLine: {'line': b'-- Up-to-date: /home/davide-pillon/Desktop/Brain_DEII/brain/install/utils/include/utils/utils/msg/detail\n'}
[0.647620] (utils) StdoutLine: {'line': b'-- Up-to-date: /home/davide-pillon/Desktop/Brain_DEII/brain/install/utils/include/utils/utils/msg/detail/environmental__traits.hpp\n'}
[0.647738] (utils) StdoutLine: {'line': b'-- Up-to-date: /home/davide-pillon/Desktop/Brain_DEII/brain/install/utils/include/utils/utils/msg/detail/environmental__struct.hpp\n'}
[0.647830] (utils) StdoutLine: {'line': b'-- Up-to-date: /home/davide-pillon/Desktop/Brain_DEII/brain/install/utils/include/utils/utils/msg/detail/imu__type_support.hpp\n'}
[0.647921] (utils) StdoutLine: {'line': b'-- Up-to-date: /home/davide-pillon/Desktop/Brain_DEII/brain/install/utils/include/utils/utils/msg/detail/semaphore__struct.hpp\n'}
[0.648020] (utils) StdoutLine: {'line': b'-- Up-to-date: /home/davide-pillon/Desktop/Brain_DEII/brain/install/utils/include/utils/utils/msg/detail/semaphore__traits.hpp\n'}
[0.648113] (utils) StdoutLine: {'line': b'-- Up-to-date: /home/davide-pillon/Desktop/Brain_DEII/brain/install/utils/include/utils/utils/msg/detail/localisation__struct.hpp\n'}
[0.648218] (utils) StdoutLine: {'line': b'-- Up-to-date: /home/davide-pillon/Desktop/Brain_DEII/brain/install/utils/include/utils/utils/msg/detail/log__type_support.hpp\n'}
[0.648311] (utils) StdoutLine: {'line': b'-- Up-to-date: /home/davide-pillon/Desktop/Brain_DEII/brain/install/utils/include/utils/utils/msg/detail/imu__builder.hpp\n'}
[0.648403] (utils) StdoutLine: {'line': b'-- Up-to-date: /home/davide-pillon/Desktop/Brain_DEII/brain/install/utils/include/utils/utils/msg/detail/conditions__traits.hpp\n'}
[0.648499] (utils) StdoutLine: {'line': b'-- Up-to-date: /home/davide-pillon/Desktop/Brain_DEII/brain/install/utils/include/utils/utils/msg/detail/vehicles__traits.hpp\n'}
[0.648597] (utils) StdoutLine: {'line': b'-- Up-to-date: /home/davide-pillon/Desktop/Brain_DEII/brain/install/utils/include/utils/utils/msg/detail/semaphore__type_support.hpp\n'}
[0.648704] (utils) StdoutLine: {'line': b'-- Up-to-date: /home/davide-pillon/Desktop/Brain_DEII/brain/install/utils/include/utils/utils/msg/detail/localisation__type_support.hpp\n'}
[0.648805] (utils) StdoutLine: {'line': b'-- Up-to-date: /home/davide-pillon/Desktop/Brain_DEII/brain/install/utils/include/utils/utils/msg/detail/environmental__builder.hpp\n'}
[0.648896] (utils) StdoutLine: {'line': b'-- Up-to-date: /home/davide-pillon/Desktop/Brain_DEII/brain/install/utils/include/utils/utils/msg/detail/topic_info__traits.hpp\n'}
[0.648990] (utils) StdoutLine: {'line': b'-- Up-to-date: /home/davide-pillon/Desktop/Brain_DEII/brain/install/utils/include/utils/utils/msg/detail/vehicles__builder.hpp\n'}
[0.649082] (utils) StdoutLine: {'line': b'-- Up-to-date: /home/davide-pillon/Desktop/Brain_DEII/brain/install/utils/include/utils/utils/msg/detail/semaphore__builder.hpp\n'}
[0.649180] (utils) StdoutLine: {'line': b'-- Up-to-date: /home/davide-pillon/Desktop/Brain_DEII/brain/install/utils/include/utils/utils/msg/detail/localisation__builder.hpp\n'}
[0.649274] (utils) StdoutLine: {'line': b'-- Up-to-date: /home/davide-pillon/Desktop/Brain_DEII/brain/install/utils/include/utils/utils/msg/detail/conditions__type_support.hpp\n'}
[0.649366] (utils) StdoutLine: {'line': b'-- Up-to-date: /home/davide-pillon/Desktop/Brain_DEII/brain/install/utils/include/utils/utils/msg/detail/localisation__traits.hpp\n'}
[0.649458] (utils) StdoutLine: {'line': b'-- Up-to-date: /home/davide-pillon/Desktop/Brain_DEII/brain/install/utils/include/utils/utils/msg/detail/topic_info__builder.hpp\n'}
[0.649572] (utils) StdoutLine: {'line': b'-- Up-to-date: /home/davide-pillon/Desktop/Brain_DEII/brain/install/utils/include/utils/utils/msg/detail/trafficsignprediction__traits.hpp\n'}
[0.653750] (utils) StdoutLine: {'line': b'-- Up-to-date: /home/davide-pillon/Desktop/Brain_DEII/brain/install/utils/include/utils/utils/msg/detail/environmental__type_support.hpp\n'}
[0.654019] (utils) StdoutLine: {'line': b'-- Up-to-date: /home/davide-pillon/Desktop/Brain_DEII/brain/install/utils/include/utils/utils/msg/detail/topic_info__struct.hpp\n'}
[0.654136] (utils) StdoutLine: {'line': b'-- Up-to-date: /home/davide-pillon/Desktop/Brain_DEII/brain/install/utils/include/utils/utils/msg/detail/topic_info__type_support.hpp\n'}
[0.654240] (utils) StdoutLine: {'line': b'-- Up-to-date: /home/davide-pillon/Desktop/Brain_DEII/brain/install/utils/include/utils/utils/msg/detail/imu__struct.hpp\n'}
[0.654356] (utils) StdoutLine: {'line': b'-- Up-to-date: /home/davide-pillon/Desktop/Brain_DEII/brain/install/utils/include/utils/utils/msg/detail/trafficsignprediction__builder.hpp\n'}
[0.654461] (utils) StdoutLine: {'line': b'-- Up-to-date: /home/davide-pillon/Desktop/Brain_DEII/brain/install/utils/include/utils/utils/msg/detail/vehicles__struct.hpp\n'}
[0.654570] (utils) StdoutLine: {'line': b'-- Up-to-date: /home/davide-pillon/Desktop/Brain_DEII/brain/install/utils/include/utils/utils/msg/detail/conditions__struct.hpp\n'}
[0.654672] (utils) StdoutLine: {'line': b'-- Up-to-date: /home/davide-pillon/Desktop/Brain_DEII/brain/install/utils/include/utils/utils/msg/detail/vehicles__type_support.hpp\n'}
[0.654808] (utils) StdoutLine: {'line': b'-- Up-to-date: /home/davide-pillon/Desktop/Brain_DEII/brain/install/utils/include/utils/utils/msg/detail/trafficsignprediction__struct.hpp\n'}
[0.654922] (utils) StdoutLine: {'line': b'-- Up-to-date: /home/davide-pillon/Desktop/Brain_DEII/brain/install/utils/include/utils/utils/msg/detail/log__builder.hpp\n'}
[0.655042] (utils) StdoutLine: {'line': b'-- Up-to-date: /home/davide-pillon/Desktop/Brain_DEII/brain/install/utils/include/utils/utils/msg/detail/imu__traits.hpp\n'}
[0.655155] (utils) StdoutLine: {'line': b'-- Up-to-date: /home/davide-pillon/Desktop/Brain_DEII/brain/install/utils/include/utils/utils/msg/detail/conditions__builder.hpp\n'}
[0.655267] (utils) StdoutLine: {'line': b'-- Up-to-date: /home/davide-pillon/Desktop/Brain_DEII/brain/install/utils/include/utils/utils/msg/detail/log__traits.hpp\n'}
[0.655375] (utils) StdoutLine: {'line': b'-- Up-to-date: /home/davide-pillon/Desktop/Brain_DEII/brain/install/utils/include/utils/utils/msg/detail/trafficsignprediction__type_support.hpp\n'}
[0.655483] (utils) StdoutLine: {'line': b'-- Up-to-date: /home/davide-pillon/Desktop/Brain_DEII/brain/install/utils/include/utils/utils/msg/detail/log__struct.hpp\n'}
[0.657043] (utils) StdoutLine: {'line': b'-- Up-to-date: /home/davide-pillon/Desktop/Brain_DEII/brain/install/utils/include/utils/utils/msg/topic_info.hpp\n'}
[0.657211] (utils) StdoutLine: {'line': b'-- Up-to-date: /home/davide-pillon/Desktop/Brain_DEII/brain/install/utils/include/utils/utils/msg/rosidl_generator_cpp__visibility_control.hpp\n'}
[0.657328] (utils) StdoutLine: {'line': b'-- Up-to-date: /home/davide-pillon/Desktop/Brain_DEII/brain/install/utils/include/utils/utils/msg/imu.hpp\n'}
[0.657434] (utils) StdoutLine: {'line': b'-- Up-to-date: /home/davide-pillon/Desktop/Brain_DEII/brain/install/utils/include/utils/utils/msg/trafficsignprediction.hpp\n'}
[0.657548] (utils) StdoutLine: {'line': b'-- Up-to-date: /home/davide-pillon/Desktop/Brain_DEII/brain/install/utils/include/utils/utils/msg/log.hpp\n'}
[0.657673] (utils) StdoutLine: {'line': b'-- Up-to-date: /home/davide-pillon/Desktop/Brain_DEII/brain/install/utils/include/utils/utils\n'}
[0.657815] (utils) StdoutLine: {'line': b'-- Up-to-date: /home/davide-pillon/Desktop/Brain_DEII/brain/install/utils/include/utils/utils/srv\n'}
[0.657945] (utils) StdoutLine: {'line': b'-- Up-to-date: /home/davide-pillon/Desktop/Brain_DEII/brain/install/utils/include/utils/utils/srv/detail\n'}
[0.658075] (utils) StdoutLine: {'line': b'-- Up-to-date: /home/davide-pillon/Desktop/Brain_DEII/brain/install/utils/include/utils/utils/srv/detail/dds_fastrtps\n'}
[0.658199] (utils) StdoutLine: {'line': b'-- Up-to-date: /home/davide-pillon/Desktop/Brain_DEII/brain/install/utils/include/utils/utils/srv/detail/subscribing__rosidl_typesupport_fastrtps_cpp.hpp\n'}
[0.658324] (utils) StdoutLine: {'line': b'-- Up-to-date: /home/davide-pillon/Desktop/Brain_DEII/brain/install/utils/include/utils/utils/srv/detail/request_param__rosidl_typesupport_fastrtps_cpp.hpp\n'}
[0.658448] (utils) StdoutLine: {'line': b'-- Up-to-date: /home/davide-pillon/Desktop/Brain_DEII/brain/install/utils/include/utils/utils/msg\n'}
[0.658568] (utils) StdoutLine: {'line': b'-- Up-to-date: /home/davide-pillon/Desktop/Brain_DEII/brain/install/utils/include/utils/utils/msg/rosidl_typesupport_fastrtps_cpp__visibility_control.h\n'}
[0.658691] (utils) StdoutLine: {'line': b'-- Up-to-date: /home/davide-pillon/Desktop/Brain_DEII/brain/install/utils/include/utils/utils/msg/detail\n'}
[0.658818] (utils) StdoutLine: {'line': b'-- Up-to-date: /home/davide-pillon/Desktop/Brain_DEII/brain/install/utils/include/utils/utils/msg/detail/imu__rosidl_typesupport_fastrtps_cpp.hpp\n'}
[0.658932] (utils) StdoutLine: {'line': b'-- Up-to-date: /home/davide-pillon/Desktop/Brain_DEII/brain/install/utils/include/utils/utils/msg/detail/conditions__rosidl_typesupport_fastrtps_cpp.hpp\n'}
[0.659038] (utils) StdoutLine: {'line': b'-- Up-to-date: /home/davide-pillon/Desktop/Brain_DEII/brain/install/utils/include/utils/utils/msg/detail/vehicles__rosidl_typesupport_fastrtps_cpp.hpp\n'}
[0.659170] (utils) StdoutLine: {'line': b'-- Up-to-date: /home/davide-pillon/Desktop/Brain_DEII/brain/install/utils/include/utils/utils/msg/detail/topic_info__rosidl_typesupport_fastrtps_cpp.hpp\n'}
[0.659278] (utils) StdoutLine: {'line': b'-- Up-to-date: /home/davide-pillon/Desktop/Brain_DEII/brain/install/utils/include/utils/utils/msg/detail/localisation__rosidl_typesupport_fastrtps_cpp.hpp\n'}
[0.659399] (utils) StdoutLine: {'line': b'-- Up-to-date: /home/davide-pillon/Desktop/Brain_DEII/brain/install/utils/include/utils/utils/msg/detail/log__rosidl_typesupport_fastrtps_cpp.hpp\n'}
[0.659515] (utils) StdoutLine: {'line': b'-- Up-to-date: /home/davide-pillon/Desktop/Brain_DEII/brain/install/utils/include/utils/utils/msg/detail/trafficsignprediction__rosidl_typesupport_fastrtps_cpp.hpp\n'}
[0.659634] (utils) StdoutLine: {'line': b'-- Up-to-date: /home/davide-pillon/Desktop/Brain_DEII/brain/install/utils/include/utils/utils/msg/detail/environmental__rosidl_typesupport_fastrtps_cpp.hpp\n'}
[0.659764] (utils) StdoutLine: {'line': b'-- Up-to-date: /home/davide-pillon/Desktop/Brain_DEII/brain/install/utils/include/utils/utils/msg/detail/dds_fastrtps\n'}
[0.659878] (utils) StdoutLine: {'line': b'-- Up-to-date: /home/davide-pillon/Desktop/Brain_DEII/brain/install/utils/include/utils/utils/msg/detail/semaphore__rosidl_typesupport_fastrtps_cpp.hpp\n'}
[0.659998] (utils) StdoutLine: {'line': b'-- Up-to-date: /home/davide-pillon/Desktop/Brain_DEII/brain/install/utils/lib/libutils__rosidl_typesupport_fastrtps_cpp.so\n'}
[0.660125] (utils) StdoutLine: {'line': b'-- Up-to-date: /home/davide-pillon/Desktop/Brain_DEII/brain/install/utils/include/utils/utils\n'}
[0.660232] (utils) StdoutLine: {'line': b'-- Up-to-date: /home/davide-pillon/Desktop/Brain_DEII/brain/install/utils/include/utils/utils/srv\n'}
[0.660343] (utils) StdoutLine: {'line': b'-- Up-to-date: /home/davide-pillon/Desktop/Brain_DEII/brain/install/utils/include/utils/utils/srv/detail\n'}
[0.660421] (utils) StdoutLine: {'line': b'-- Up-to-date: /home/davide-pillon/Desktop/Brain_DEII/brain/install/utils/include/utils/utils/srv/detail/request_param__rosidl_typesupport_introspection_cpp.hpp\n'}
[0.660516] (utils) StdoutLine: {'line': b'-- Up-to-date: /home/davide-pillon/Desktop/Brain_DEII/brain/install/utils/include/utils/utils/srv/detail/subscribing__rosidl_typesupport_introspection_cpp.hpp\n'}
[0.660620] (utils) StdoutLine: {'line': b'-- Up-to-date: /home/davide-pillon/Desktop/Brain_DEII/brain/install/utils/include/utils/utils/srv/detail/subscribing__type_support.cpp\n'}
[0.660747] (utils) StdoutLine: {'line': b'-- Up-to-date: /home/davide-pillon/Desktop/Brain_DEII/brain/install/utils/include/utils/utils/srv/detail/request_param__type_support.cpp\n'}
[0.660854] (utils) StdoutLine: {'line': b'-- Up-to-date: /home/davide-pillon/Desktop/Brain_DEII/brain/install/utils/include/utils/utils/msg\n'}
[0.660965] (utils) StdoutLine: {'line': b'-- Up-to-date: /home/davide-pillon/Desktop/Brain_DEII/brain/install/utils/include/utils/utils/msg/detail\n'}
[0.661075] (utils) StdoutLine: {'line': b'-- Up-to-date: /home/davide-pillon/Desktop/Brain_DEII/brain/install/utils/include/utils/utils/msg/detail/environmental__type_support.cpp\n'}
[0.661148] (utils) StdoutLine: {'line': b'-- Up-to-date: /home/davide-pillon/Desktop/Brain_DEII/brain/install/utils/include/utils/utils/msg/detail/imu__rosidl_typesupport_introspection_cpp.hpp\n'}
[0.661218] (utils) StdoutLine: {'line': b'-- Up-to-date: /home/davide-pillon/Desktop/Brain_DEII/brain/install/utils/include/utils/utils/msg/detail/vehicles__type_support.cpp\n'}
[0.661285] (utils) StdoutLine: {'line': b'-- Up-to-date: /home/davide-pillon/Desktop/Brain_DEII/brain/install/utils/include/utils/utils/msg/detail/imu__type_support.cpp\n'}
[0.661352] (utils) StdoutLine: {'line': b'-- Up-to-date: /home/davide-pillon/Desktop/Brain_DEII/brain/install/utils/include/utils/utils/msg/detail/environmental__rosidl_typesupport_introspection_cpp.hpp\n'}
[0.661422] (utils) StdoutLine: {'line': b'-- Up-to-date: /home/davide-pillon/Desktop/Brain_DEII/brain/install/utils/include/utils/utils/msg/detail/vehicles__rosidl_typesupport_introspection_cpp.hpp\n'}
[0.661533] (utils) StdoutLine: {'line': b'-- Up-to-date: /home/davide-pillon/Desktop/Brain_DEII/brain/install/utils/include/utils/utils/msg/detail/conditions__rosidl_typesupport_introspection_cpp.hpp\n'}
[0.661638] (utils) StdoutLine: {'line': b'-- Up-to-date: /home/davide-pillon/Desktop/Brain_DEII/brain/install/utils/include/utils/utils/msg/detail/topic_info__type_support.cpp\n'}
[0.661724] (utils) StdoutLine: {'line': b'-- Up-to-date: /home/davide-pillon/Desktop/Brain_DEII/brain/install/utils/include/utils/utils/msg/detail/localisation__type_support.cpp\n'}
[0.661795] (utils) StdoutLine: {'line': b'-- Up-to-date: /home/davide-pillon/Desktop/Brain_DEII/brain/install/utils/include/utils/utils/msg/detail/semaphore__rosidl_typesupport_introspection_cpp.hpp\n'}
[0.661859] (utils) StdoutLine: {'line': b'-- Up-to-date: /home/davide-pillon/Desktop/Brain_DEII/brain/install/utils/include/utils/utils/msg/detail/conditions__type_support.cpp\n'}
[0.661922] (utils) StdoutLine: {'line': b'-- Up-to-date: /home/davide-pillon/Desktop/Brain_DEII/brain/install/utils/include/utils/utils/msg/detail/log__type_support.cpp\n'}
[0.661986] (utils) StdoutLine: {'line': b'-- Up-to-date: /home/davide-pillon/Desktop/Brain_DEII/brain/install/utils/include/utils/utils/msg/detail/localisation__rosidl_typesupport_introspection_cpp.hpp\n'}
[0.662061] (utils) StdoutLine: {'line': b'-- Up-to-date: /home/davide-pillon/Desktop/Brain_DEII/brain/install/utils/include/utils/utils/msg/detail/semaphore__type_support.cpp\n'}
[0.662128] (utils) StdoutLine: {'line': b'-- Up-to-date: /home/davide-pillon/Desktop/Brain_DEII/brain/install/utils/include/utils/utils/msg/detail/trafficsignprediction__type_support.cpp\n'}
[0.662197] (utils) StdoutLine: {'line': b'-- Up-to-date: /home/davide-pillon/Desktop/Brain_DEII/brain/install/utils/include/utils/utils/msg/detail/topic_info__rosidl_typesupport_introspection_cpp.hpp\n'}
[0.662262] (utils) StdoutLine: {'line': b'-- Up-to-date: /home/davide-pillon/Desktop/Brain_DEII/brain/install/utils/include/utils/utils/msg/detail/log__rosidl_typesupport_introspection_cpp.hpp\n'}
[0.662324] (utils) StdoutLine: {'line': b'-- Up-to-date: /home/davide-pillon/Desktop/Brain_DEII/brain/install/utils/include/utils/utils/msg/detail/trafficsignprediction__rosidl_typesupport_introspection_cpp.hpp\n'}
[0.662386] (utils) StdoutLine: {'line': b'-- Up-to-date: /home/davide-pillon/Desktop/Brain_DEII/brain/install/utils/lib/libutils__rosidl_typesupport_introspection_cpp.so\n'}
[0.662448] (utils) StdoutLine: {'line': b'-- Up-to-date: /home/davide-pillon/Desktop/Brain_DEII/brain/install/utils/lib/libutils__rosidl_typesupport_cpp.so\n'}
[0.662513] (utils) StdoutLine: {'line': b'-- Up-to-date: /home/davide-pillon/Desktop/Brain_DEII/brain/install/utils/share/utils/environment/pythonpath.sh\n'}
[0.662576] (utils) StdoutLine: {'line': b'-- Up-to-date: /home/davide-pillon/Desktop/Brain_DEII/brain/install/utils/share/utils/environment/pythonpath.dsv\n'}
[0.662644] (utils) StdoutLine: {'line': b'-- Up-to-date: /home/davide-pillon/Desktop/Brain_DEII/brain/install/utils/lib/python3.12/site-packages/utils-0.0.0-py3.12.egg-info\n'}
[0.662733] (utils) StdoutLine: {'line': b'-- Installing: /home/davide-pillon/Desktop/Brain_DEII/brain/install/utils/lib/python3.12/site-packages/utils-0.0.0-py3.12.egg-info/dependency_links.txt\n'}
[0.662808] (utils) StdoutLine: {'line': b'-- Installing: /home/davide-pillon/Desktop/Brain_DEII/brain/install/utils/lib/python3.12/site-packages/utils-0.0.0-py3.12.egg-info/SOURCES.txt\n'}
[0.662887] (utils) StdoutLine: {'line': b'-- Installing: /home/davide-pillon/Desktop/Brain_DEII/brain/install/utils/lib/python3.12/site-packages/utils-0.0.0-py3.12.egg-info/PKG-INFO\n'}
[0.662991] (utils) StdoutLine: {'line': b'-- Installing: /home/davide-pillon/Desktop/Brain_DEII/brain/install/utils/lib/python3.12/site-packages/utils-0.0.0-py3.12.egg-info/top_level.txt\n'}
[0.663084] (utils) StdoutLine: {'line': b'-- Up-to-date: /home/davide-pillon/Desktop/Brain_DEII/brain/install/utils/lib/python3.12/site-packages/utils\n'}
[0.663194] (utils) StdoutLine: {'line': b'-- Up-to-date: /home/davide-pillon/Desktop/Brain_DEII/brain/install/utils/lib/python3.12/site-packages/utils/utils_s__rosidl_typesupport_c.so\n'}
[0.663282] (utils) StdoutLine: {'line': b'-- Up-to-date: /home/davide-pillon/Desktop/Brain_DEII/brain/install/utils/lib/python3.12/site-packages/utils/srv\n'}
[0.663350] (utils) StdoutLine: {'line': b'-- Up-to-date: /home/davide-pillon/Desktop/Brain_DEII/brain/install/utils/lib/python3.12/site-packages/utils/srv/__init__.py\n'}
[0.663417] (utils) StdoutLine: {'line': b'-- Up-to-date: /home/davide-pillon/Desktop/Brain_DEII/brain/install/utils/lib/python3.12/site-packages/utils/srv/_request_param_s.c\n'}
[0.663481] (utils) StdoutLine: {'line': b'-- Up-to-date: /home/davide-pillon/Desktop/Brain_DEII/brain/install/utils/lib/python3.12/site-packages/utils/srv/_subscribing.py\n'}
[0.663544] (utils) StdoutLine: {'line': b'-- Up-to-date: /home/davide-pillon/Desktop/Brain_DEII/brain/install/utils/lib/python3.12/site-packages/utils/srv/_request_param.py\n'}
[0.663610] (utils) StdoutLine: {'line': b'-- Up-to-date: /home/davide-pillon/Desktop/Brain_DEII/brain/install/utils/lib/python3.12/site-packages/utils/srv/_subscribing_s.c\n'}
[0.663672] (utils) StdoutLine: {'line': b'-- Up-to-date: /home/davide-pillon/Desktop/Brain_DEII/brain/install/utils/lib/python3.12/site-packages/utils/_utils_s.ep.rosidl_typesupport_fastrtps_c.c\n'}
[0.663745] (utils) StdoutLine: {'line': b'-- Up-to-date: /home/davide-pillon/Desktop/Brain_DEII/brain/install/utils/lib/python3.12/site-packages/utils/__init__.py\n'}
[0.663807] (utils) StdoutLine: {'line': b'-- Up-to-date: /home/davide-pillon/Desktop/Brain_DEII/brain/install/utils/lib/python3.12/site-packages/utils/_utils_s.ep.rosidl_typesupport_introspection_c.c\n'}
[0.663868] (utils) StdoutLine: {'line': b'-- Up-to-date: /home/davide-pillon/Desktop/Brain_DEII/brain/install/utils/lib/python3.12/site-packages/utils/utils_s__rosidl_typesupport_introspection_c.so\n'}
[0.663928] (utils) StdoutLine: {'line': b'-- Up-to-date: /home/davide-pillon/Desktop/Brain_DEII/brain/install/utils/lib/python3.12/site-packages/utils/utils_s__rosidl_typesupport_fastrtps_c.so\n'}
[0.663991] (utils) StdoutLine: {'line': b'-- Up-to-date: /home/davide-pillon/Desktop/Brain_DEII/brain/install/utils/lib/python3.12/site-packages/utils/msg\n'}
[0.664072] (utils) StdoutLine: {'line': b'-- Up-to-date: /home/davide-pillon/Desktop/Brain_DEII/brain/install/utils/lib/python3.12/site-packages/utils/msg/_localisation_s.c\n'}
[0.664178] (utils) StdoutLine: {'line': b'-- Up-to-date: /home/davide-pillon/Desktop/Brain_DEII/brain/install/utils/lib/python3.12/site-packages/utils/msg/_environmental_s.c\n'}
[0.664310] (utils) StdoutLine: {'line': b'-- Up-to-date: /home/davide-pillon/Desktop/Brain_DEII/brain/install/utils/lib/python3.12/site-packages/utils/msg/_imu_s.c\n'}
[0.664428] (utils) StdoutLine: {'line': b'-- Up-to-date: /home/davide-pillon/Desktop/Brain_DEII/brain/install/utils/lib/python3.12/site-packages/utils/msg/_semaphore.py\n'}
[0.664549] (utils) StdoutLine: {'line': b'-- Up-to-date: /home/davide-pillon/Desktop/Brain_DEII/brain/install/utils/lib/python3.12/site-packages/utils/msg/_imu.py\n'}
[0.664672] (utils) StdoutLine: {'line': b'-- Up-to-date: /home/davide-pillon/Desktop/Brain_DEII/brain/install/utils/lib/python3.12/site-packages/utils/msg/__init__.py\n'}
[0.664815] (utils) StdoutLine: {'line': b'-- Up-to-date: /home/davide-pillon/Desktop/Brain_DEII/brain/install/utils/lib/python3.12/site-packages/utils/msg/_localisation.py\n'}
[0.664929] (utils) StdoutLine: {'line': b'-- Up-to-date: /home/davide-pillon/Desktop/Brain_DEII/brain/install/utils/lib/python3.12/site-packages/utils/msg/_environmental.py\n'}
[0.665033] (utils) StdoutLine: {'line': b'-- Up-to-date: /home/davide-pillon/Desktop/Brain_DEII/brain/install/utils/lib/python3.12/site-packages/utils/msg/_trafficsignprediction_s.c\n'}
[0.665146] (utils) StdoutLine: {'line': b'-- Up-to-date: /home/davide-pillon/Desktop/Brain_DEII/brain/install/utils/lib/python3.12/site-packages/utils/msg/_vehicles.py\n'}
[0.665267] (utils) StdoutLine: {'line': b'-- Up-to-date: /home/davide-pillon/Desktop/Brain_DEII/brain/install/utils/lib/python3.12/site-packages/utils/msg/_topic_info.py\n'}
[0.665367] (utils) StdoutLine: {'line': b'-- Up-to-date: /home/davide-pillon/Desktop/Brain_DEII/brain/install/utils/lib/python3.12/site-packages/utils/msg/_log.py\n'}
[0.665475] (utils) StdoutLine: {'line': b'-- Up-to-date: /home/davide-pillon/Desktop/Brain_DEII/brain/install/utils/lib/python3.12/site-packages/utils/msg/_trafficsignprediction.py\n'}
[0.665546] (utils) StdoutLine: {'line': b'-- Up-to-date: /home/davide-pillon/Desktop/Brain_DEII/brain/install/utils/lib/python3.12/site-packages/utils/msg/_semaphore_s.c\n'}
[0.665608] (utils) StdoutLine: {'line': b'-- Up-to-date: /home/davide-pillon/Desktop/Brain_DEII/brain/install/utils/lib/python3.12/site-packages/utils/msg/_log_s.c\n'}
[0.665672] (utils) StdoutLine: {'line': b'-- Up-to-date: /home/davide-pillon/Desktop/Brain_DEII/brain/install/utils/lib/python3.12/site-packages/utils/msg/_conditions_s.c\n'}
[0.665751] (utils) StdoutLine: {'line': b'-- Up-to-date: /home/davide-pillon/Desktop/Brain_DEII/brain/install/utils/lib/python3.12/site-packages/utils/msg/_topic_info_s.c\n'}
[0.665818] (utils) StdoutLine: {'line': b'-- Up-to-date: /home/davide-pillon/Desktop/Brain_DEII/brain/install/utils/lib/python3.12/site-packages/utils/msg/_conditions.py\n'}
[0.665897] (utils) StdoutLine: {'line': b'-- Up-to-date: /home/davide-pillon/Desktop/Brain_DEII/brain/install/utils/lib/python3.12/site-packages/utils/msg/_vehicles_s.c\n'}
[0.665964] (utils) StdoutLine: {'line': b'-- Up-to-date: /home/davide-pillon/Desktop/Brain_DEII/brain/install/utils/lib/python3.12/site-packages/utils/_utils_s.ep.rosidl_typesupport_c.c\n'}
[0.698632] (utils) StdoutLine: {'line': b"Listing '/home/davide-pillon/Desktop/Brain_DEII/brain/install/utils/lib/python3.12/site-packages/utils'...\n"}
[0.698879] (utils) StdoutLine: {'line': b"Listing '/home/davide-pillon/Desktop/Brain_DEII/brain/install/utils/lib/python3.12/site-packages/utils/msg'...\n"}
[0.699001] (utils) StdoutLine: {'line': b"Listing '/home/davide-pillon/Desktop/Brain_DEII/brain/install/utils/lib/python3.12/site-packages/utils/srv'...\n"}
[0.704771] (utils) StdoutLine: {'line': b'-- Up-to-date: /home/davide-pillon/Desktop/Brain_DEII/brain/install/utils/lib/python3.12/site-packages/utils/utils_s__rosidl_typesupport_fastrtps_c.so\n'}
[0.704953] (-) TimerEvent: {}
[0.705151] (utils) StdoutLine: {'line': b'-- Up-to-date: /home/davide-pillon/Desktop/Brain_DEII/brain/install/utils/lib/python3.12/site-packages/utils/utils_s__rosidl_typesupport_introspection_c.so\n'}
[0.705457] (utils) StdoutLine: {'line': b'-- Up-to-date: /home/davide-pillon/Desktop/Brain_DEII/brain/install/utils/lib/python3.12/site-packages/utils/utils_s__rosidl_typesupport_c.so\n'}
[0.705884] (utils) StdoutLine: {'line': b'-- Up-to-date: /home/davide-pillon/Desktop/Brain_DEII/brain/install/utils/lib/libutils__rosidl_generator_py.so\n'}
[0.706116] (utils) StdoutLine: {'line': b'-- Up-to-date: /home/davide-pillon/Desktop/Brain_DEII/brain/install/utils/share/utils/msg/IMU.idl\n'}
[0.706258] (utils) StdoutLine: {'line': b'-- Up-to-date: /home/davide-pillon/Desktop/Brain_DEII/brain/install/utils/share/utils/msg/Localisation.idl\n'}
[0.706386] (utils) StdoutLine: {'line': b'-- Up-to-date: /home/davide-pillon/Desktop/Brain_DEII/brain/install/utils/share/utils/msg/Vehicles.idl\n'}
[0.706471] (utils) StdoutLine: {'line': b'-- Up-to-date: /home/davide-pillon/Desktop/Brain_DEII/brain/install/utils/share/utils/msg/Environmental.idl\n'}
[0.706600] (utils) StdoutLine: {'line': b'-- Up-to-date: /home/davide-pillon/Desktop/Brain_DEII/brain/install/utils/share/utils/msg/Log.idl\n'}
[0.706705] (utils) StdoutLine: {'line': b'-- Up-to-date: /home/davide-pillon/Desktop/Brain_DEII/brain/install/utils/share/utils/msg/TopicInfo.idl\n'}
[0.706799] (utils) StdoutLine: {'line': b'-- Up-to-date: /home/davide-pillon/Desktop/Brain_DEII/brain/install/utils/share/utils/msg/Semaphore.idl\n'}
[0.706892] (utils) StdoutLine: {'line': b'-- Up-to-date: /home/davide-pillon/Desktop/Brain_DEII/brain/install/utils/share/utils/msg/Conditions.idl\n'}
[0.706973] (utils) StdoutLine: {'line': b'-- Up-to-date: /home/davide-pillon/Desktop/Brain_DEII/brain/install/utils/share/utils/msg/Trafficsignprediction.idl\n'}
[0.707098] (utils) StdoutLine: {'line': b'-- Up-to-date: /home/davide-pillon/Desktop/Brain_DEII/brain/install/utils/share/utils/srv/Subscribing.idl\n'}
[0.707180] (utils) StdoutLine: {'line': b'-- Up-to-date: /home/davide-pillon/Desktop/Brain_DEII/brain/install/utils/share/utils/srv/RequestParam.idl\n'}
[0.707292] (utils) StdoutLine: {'line': b'-- Up-to-date: /home/davide-pillon/Desktop/Brain_DEII/brain/install/utils/share/utils/msg/IMU.msg\n'}
[0.707363] (utils) StdoutLine: {'line': b'-- Up-to-date: /home/davide-pillon/Desktop/Brain_DEII/brain/install/utils/share/utils/msg/Localisation.msg\n'}
[0.707435] (utils) StdoutLine: {'line': b'-- Up-to-date: /home/davide-pillon/Desktop/Brain_DEII/brain/install/utils/share/utils/msg/Vehicles.msg\n'}
[0.707506] (utils) StdoutLine: {'line': b'-- Up-to-date: /home/davide-pillon/Desktop/Brain_DEII/brain/install/utils/share/utils/msg/Environmental.msg\n'}
[0.707576] (utils) StdoutLine: {'line': b'-- Up-to-date: /home/davide-pillon/Desktop/Brain_DEII/brain/install/utils/share/utils/msg/Log.msg\n'}
[0.707649] (utils) StdoutLine: {'line': b'-- Up-to-date: /home/davide-pillon/Desktop/Brain_DEII/brain/install/utils/share/utils/msg/TopicInfo.msg\n'}
[0.707736] (utils) StdoutLine: {'line': b'-- Up-to-date: /home/davide-pillon/Desktop/Brain_DEII/brain/install/utils/share/utils/msg/Semaphore.msg\n'}
[0.707818] (utils) StdoutLine: {'line': b'-- Up-to-date: /home/davide-pillon/Desktop/Brain_DEII/brain/install/utils/share/utils/msg/Conditions.msg\n'}
[0.707930] (utils) StdoutLine: {'line': b'-- Up-to-date: /home/davide-pillon/Desktop/Brain_DEII/brain/install/utils/share/utils/msg/Trafficsignprediction.msg\n'}
[0.708194] (utils) StdoutLine: {'line': b'-- Up-to-date: /home/davide-pillon/Desktop/Brain_DEII/brain/install/utils/share/utils/srv/Subscribing.srv\n'}
[0.708292] (utils) StdoutLine: {'line': b'-- Up-to-date: /home/davide-pillon/Desktop/Brain_DEII/brain/install/utils/share/utils/srv/RequestParam.srv\n'}
[0.708368] (utils) StdoutLine: {'line': b'-- Up-to-date: /home/davide-pillon/Desktop/Brain_DEII/brain/install/utils/share/utils/launch\n'}
[0.708447] (utils) StdoutLine: {'line': b'-- Up-to-date: /home/davide-pillon/Desktop/Brain_DEII/brain/install/utils/share/utils/launch/run_automobile.launch.py\n'}
[0.708520] (utils) StdoutLine: {'line': b'-- Up-to-date: /home/davide-pillon/Desktop/Brain_DEII/brain/install/utils/share/ament_index/resource_index/package_run_dependencies/utils\n'}
[0.708597] (utils) StdoutLine: {'line': b'-- Up-to-date: /home/davide-pillon/Desktop/Brain_DEII/brain/install/utils/share/ament_index/resource_index/parent_prefix_path/utils\n'}
[0.708668] (utils) StdoutLine: {'line': b'-- Up-to-date: /home/davide-pillon/Desktop/Brain_DEII/brain/install/utils/share/utils/environment/ament_prefix_path.dsv\n'}
[0.708759] (utils) StdoutLine: {'line': b'-- Up-to-date: /home/davide-pillon/Desktop/Brain_DEII/brain/install/utils/share/utils/environment/path.dsv\n'}
[0.708825] (utils) StdoutLine: {'line': b'-- Up-to-date: /home/davide-pillon/Desktop/Brain_DEII/brain/install/utils/share/utils/local_setup.bash\n'}
[0.708896] (utils) StdoutLine: {'line': b'-- Up-to-date: /home/davide-pillon/Desktop/Brain_DEII/brain/install/utils/share/utils/local_setup.sh\n'}
[0.708966] (utils) StdoutLine: {'line': b'-- Up-to-date: /home/davide-pillon/Desktop/Brain_DEII/brain/install/utils/share/utils/local_setup.zsh\n'}
[0.709064] (utils) StdoutLine: {'line': b'-- Up-to-date: /home/davide-pillon/Desktop/Brain_DEII/brain/install/utils/share/utils/local_setup.dsv\n'}
[0.709197] (utils) StdoutLine: {'line': b'-- Installing: /home/davide-pillon/Desktop/Brain_DEII/brain/install/utils/share/utils/package.dsv\n'}
[0.709272] (utils) StdoutLine: {'line': b'-- Up-to-date: /home/davide-pillon/Desktop/Brain_DEII/brain/install/utils/share/ament_index/resource_index/packages/utils\n'}
[0.709363] (utils) StdoutLine: {'line': b'-- Up-to-date: /home/davide-pillon/Desktop/Brain_DEII/brain/install/utils/share/utils/cmake/export_utils__rosidl_generator_cExport.cmake\n'}
[0.709440] (utils) StdoutLine: {'line': b'-- Up-to-date: /home/davide-pillon/Desktop/Brain_DEII/brain/install/utils/share/utils/cmake/export_utils__rosidl_generator_cExport-noconfig.cmake\n'}
[0.709520] (utils) StdoutLine: {'line': b'-- Up-to-date: /home/davide-pillon/Desktop/Brain_DEII/brain/install/utils/share/utils/cmake/export_utils__rosidl_typesupport_fastrtps_cExport.cmake\n'}
[0.709601] (utils) StdoutLine: {'line': b'-- Up-to-date: /home/davide-pillon/Desktop/Brain_DEII/brain/install/utils/share/utils/cmake/export_utils__rosidl_typesupport_fastrtps_cExport-noconfig.cmake\n'}
[0.709723] (utils) StdoutLine: {'line': b'-- Up-to-date: /home/davide-pillon/Desktop/Brain_DEII/brain/install/utils/share/utils/cmake/utils__rosidl_typesupport_introspection_cExport.cmake\n'}
[0.709811] (utils) StdoutLine: {'line': b'-- Up-to-date: /home/davide-pillon/Desktop/Brain_DEII/brain/install/utils/share/utils/cmake/utils__rosidl_typesupport_introspection_cExport-noconfig.cmake\n'}
[0.709893] (utils) StdoutLine: {'line': b'-- Up-to-date: /home/davide-pillon/Desktop/Brain_DEII/brain/install/utils/share/utils/cmake/utils__rosidl_typesupport_cExport.cmake\n'}
[0.709968] (utils) StdoutLine: {'line': b'-- Up-to-date: /home/davide-pillon/Desktop/Brain_DEII/brain/install/utils/share/utils/cmake/utils__rosidl_typesupport_cExport-noconfig.cmake\n'}
[0.710046] (utils) StdoutLine: {'line': b'-- Up-to-date: /home/davide-pillon/Desktop/Brain_DEII/brain/install/utils/share/utils/cmake/export_utils__rosidl_generator_cppExport.cmake\n'}
[0.710167] (utils) StdoutLine: {'line': b'-- Up-to-date: /home/davide-pillon/Desktop/Brain_DEII/brain/install/utils/share/utils/cmake/export_utils__rosidl_typesupport_fastrtps_cppExport.cmake\n'}
[0.710235] (utils) StdoutLine: {'line': b'-- Up-to-date: /home/davide-pillon/Desktop/Brain_DEII/brain/install/utils/share/utils/cmake/export_utils__rosidl_typesupport_fastrtps_cppExport-noconfig.cmake\n'}
[0.710304] (utils) StdoutLine: {'line': b'-- Up-to-date: /home/davide-pillon/Desktop/Brain_DEII/brain/install/utils/share/utils/cmake/utils__rosidl_typesupport_introspection_cppExport.cmake\n'}
[0.710371] (utils) StdoutLine: {'line': b'-- Up-to-date: /home/davide-pillon/Desktop/Brain_DEII/brain/install/utils/share/utils/cmake/utils__rosidl_typesupport_introspection_cppExport-noconfig.cmake\n'}
[0.710439] (utils) StdoutLine: {'line': b'-- Up-to-date: /home/davide-pillon/Desktop/Brain_DEII/brain/install/utils/share/utils/cmake/utils__rosidl_typesupport_cppExport.cmake\n'}
[0.710540] (utils) StdoutLine: {'line': b'-- Up-to-date: /home/davide-pillon/Desktop/Brain_DEII/brain/install/utils/share/utils/cmake/utils__rosidl_typesupport_cppExport-noconfig.cmake\n'}
[0.710658] (utils) StdoutLine: {'line': b'-- Up-to-date: /home/davide-pillon/Desktop/Brain_DEII/brain/install/utils/share/utils/cmake/export_utils__rosidl_generator_pyExport.cmake\n'}
[0.710732] (utils) StdoutLine: {'line': b'-- Up-to-date: /home/davide-pillon/Desktop/Brain_DEII/brain/install/utils/share/utils/cmake/export_utils__rosidl_generator_pyExport-noconfig.cmake\n'}
[0.710803] (utils) StdoutLine: {'line': b'-- Up-to-date: /home/davide-pillon/Desktop/Brain_DEII/brain/install/utils/share/utils/cmake/rosidl_cmake-extras.cmake\n'}
[0.710875] (utils) StdoutLine: {'line': b'-- Up-to-date: /home/davide-pillon/Desktop/Brain_DEII/brain/install/utils/share/utils/cmake/ament_cmake_export_dependencies-extras.cmake\n'}
[0.710943] (utils) StdoutLine: {'line': b'-- Up-to-date: /home/davide-pillon/Desktop/Brain_DEII/brain/install/utils/share/utils/cmake/ament_cmake_export_include_directories-extras.cmake\n'}
[0.711038] (utils) StdoutLine: {'line': b'-- Up-to-date: /home/davide-pillon/Desktop/Brain_DEII/brain/install/utils/share/utils/cmake/ament_cmake_export_libraries-extras.cmake\n'}
[0.711164] (utils) StdoutLine: {'line': b'-- Up-to-date: /home/davide-pillon/Desktop/Brain_DEII/brain/install/utils/share/utils/cmake/ament_cmake_export_targets-extras.cmake\n'}
[0.711240] (utils) StdoutLine: {'line': b'-- Up-to-date: /home/davide-pillon/Desktop/Brain_DEII/brain/install/utils/share/utils/cmake/rosidl_cmake_export_typesupport_targets-extras.cmake\n'}
[0.711306] (utils) StdoutLine: {'line': b'-- Up-to-date: /home/davide-pillon/Desktop/Brain_DEII/brain/install/utils/share/utils/cmake/rosidl_cmake_export_typesupport_libraries-extras.cmake\n'}
[0.711369] (utils) StdoutLine: {'line': b'-- Up-to-date: /home/davide-pillon/Desktop/Brain_DEII/brain/install/utils/share/utils/cmake/utilsConfig.cmake\n'}
[0.711437] (utils) StdoutLine: {'line': b'-- Up-to-date: /home/davide-pillon/Desktop/Brain_DEII/brain/install/utils/share/utils/cmake/utilsConfig-version.cmake\n'}
[0.711501] (utils) StdoutLine: {'line': b'-- Up-to-date: /home/davide-pillon/Desktop/Brain_DEII/brain/install/utils/share/utils/package.xml\n'}
[0.714117] (utils) CommandEnded: {'returncode': 0}
[0.733801] (utils) JobEnded: {'identifier': 'utils', 'rc': 0}
[0.734949] (input) JobStarted: {'identifier': 'input'}
[0.741494] (unix_out) JobStarted: {'identifier': 'unix_out'}
[0.805092] (-) TimerEvent: {}
[0.905390] (-) TimerEvent: {}
[1.005710] (-) TimerEvent: {}
[1.105995] (-) TimerEvent: {}
[1.206400] (-) TimerEvent: {}
[1.247923] (smart) Command: {'cmd': ['/usr/bin/python3', '-W', 'ignore:setup.py install is deprecated', '-W', 'ignore:easy_install command is deprecated', 'setup.py', 'egg_info', '--egg-base', '../../build/smart', 'build', '--build-base', '/home/davide-pillon/Desktop/Brain_DEII/brain/build/smart/build', 'install', '--record', '/home/davide-pillon/Desktop/Brain_DEII/brain/build/smart/install.log', '--single-version-externally-managed', 'install_data'], 'cwd': '/home/davide-pillon/Desktop/Brain_DEII/brain/src/smart', 'env': {'LESSOPEN': '| /usr/bin/lesspipe %s', 'GZ_SIM_RESOURCE_PATH': '/opt/ros/jazzy/share', 'USER': 'davide-pillon', 'GZ_CONFIG_PATH': '/opt/ros/jazzy/opt/gz_sim_vendor/share/gz:/opt/ros/jazzy/opt/sdformat_vendor/share/gz:/opt/ros/jazzy/opt/gz_gui_vendor/share/gz:/opt/ros/jazzy/opt/gz_transport_vendor/share/gz:/opt/ros/jazzy/opt/gz_rendering_vendor/share/gz:/opt/ros/jazzy/opt/gz_plugin_vendor/share/gz:/opt/ros/jazzy/opt/gz_fuel_tools_vendor/share/gz:/opt/ros/jazzy/opt/gz_msgs_vendor/share/gz:/opt/ros/jazzy/opt/gz_common_vendor/share/gz', 'XDG_SESSION_TYPE': 'wayland', 'CLUTTER_DISABLE_MIPMAPPED_TEXT': '1', 'SHLVL': '2', 'LD_LIBRARY_PATH': '/home/davide-pillon/Desktop/Brain_DEII/brain/install/utils/lib:/opt/ros/jazzy/opt/gz_sim_vendor/lib:/opt/ros/jazzy/opt/gz_sensors_vendor/lib:/opt/ros/jazzy/opt/gz_physics_vendor/lib:/opt/ros/jazzy/opt/sdformat_vendor/lib:/opt/ros/jazzy/opt/rviz_ogre_vendor/lib:/opt/ros/jazzy/lib/x86_64-linux-gnu:/opt/ros/jazzy/opt/gz_gui_vendor/lib:/opt/ros/jazzy/opt/gz_transport_vendor/lib:/opt/ros/jazzy/opt/gz_rendering_vendor/lib:/opt/ros/jazzy/opt/gz_plugin_vendor/lib:/opt/ros/jazzy/opt/gz_fuel_tools_vendor/lib:/opt/ros/jazzy/opt/gz_msgs_vendor/lib:/opt/ros/jazzy/opt/gz_common_vendor/lib:/opt/ros/jazzy/opt/gz_math_vendor/lib:/opt/ros/jazzy/opt/gz_utils_vendor/lib:/opt/ros/jazzy/opt/gz_tools_vendor/lib:/opt/ros/jazzy/opt/gz_ogre_next_vendor/lib:/opt/ros/jazzy/opt/gz_dartsim_vendor/lib:/opt/ros/jazzy/opt/gz_cmake_vendor/lib:/opt/ros/jazzy/lib', 'HOME': '/home/davide-pillon', 'OLDPWD': '/home/davide-pillon/Desktop/Brain_DEII', 'DESKTOP_SESSION': 'ubuntu', 'ROS_PYTHON_VERSION': '3', 'GNOME_SHELL_SESSION_MODE': 'ubuntu', 'GTK_MODULES': 'gail:atk-bridge', 'SYSTEMD_EXEC_PID': '2226', 'GSM_SKIP_SSH_AGENT_WORKAROUND': 'true', 'DBUS_SESSION_BUS_ADDRESS': 'unix:path=/run/user/1000/bus', 'COLORTERM': 'truecolor', 'TERMINATOR_DBUS_NAME': 'net.tenshu.Terminator25ef4b219e3b005583550f2b0f9f990c3', 'DEBUGINFOD_URLS': 'https://debuginfod.ubuntu.com', 'IM_CONFIG_PHASE': '1', 'WAYLAND_DISPLAY': 'wayland-0', 'COLCON_PREFIX_PATH': '/home/davide-pillon/Desktop/Brain_DEII/brain/install', 'ROS_DISTRO': 'jazzy', 'LOGNAME': 'davide-pillon', 'IGN_GAZEBO_MODEL_PATH': '/opt/ros/jazzy/share', '_': '/usr/bin/colcon', 'ROS_VERSION': '2', 'MEMORY_PRESSURE_WATCH': '/sys/fs/cgroup/user.slice/user-1000.slice/user@1000.service/session.slice/org.gnome.Shell@wayland.service/memory.pressure', 'XDG_SESSION_CLASS': 'user', 'USERNAME': 'davide-pillon', 'TERM': 'xterm-256color', 'GAZEBO_MODEL_PATH': '/opt/ros/jazzy/share', 'GNOME_DESKTOP_SESSION_ID': 'this-is-deprecated', 'PATH': '/opt/ros/jazzy/opt/gz_msgs_vendor/bin:/opt/ros/jazzy/opt/gz_tools_vendor/bin:/opt/ros/jazzy/opt/gz_ogre_next_vendor/bin:/opt/ros/jazzy/bin:/home/davide-pillon/.local/bin:/usr/local/sbin:/usr/local/bin:/usr/sbin:/usr/bin:/sbin:/bin:/usr/games:/usr/local/games:/snap/bin:/snap/bin:/home/davide-pillon/.local/bin:/home/davide-pillon/.local/bin', 'SESSION_MANAGER': 'local/davide-pillon-BOD-WXX9:@/tmp/.ICE-unix/2190,unix/davide-pillon-BOD-WXX9:/tmp/.ICE-unix/2190', 'XDG_MENU_PREFIX': 'gnome-', 'GNOME_TERMINAL_SCREEN': '/org/gnome/Terminal/screen/ce799c77_8fed_4b4c_8767_c3981f6c9c25', 'GNOME_SETUP_DISPLAY': ':1', 'XDG_RUNTIME_DIR': '/run/user/1000', 'DISPLAY': ':0', 'TERMINATOR_DBUS_PATH': '/net/tenshu/Terminator2', 'LANG': 'en_US.UTF-8', 'XDG_CURRENT_DESKTOP': 'ubuntu:GNOME', 'XMODIFIERS': '@im=ibus', 'XDG_SESSION_DESKTOP': 'ubuntu', 'XAUTHORITY': '/run/user/1000/.mutter-Xwaylandauth.RTQJP3', 'LS_COLORS': 'rs=0:di=01;34:ln=01;36:mh=00:pi=40;33:so=01;35:do=01;35:bd=40;33;01:cd=40;33;01:or=40;31;01:mi=00:su=37;41:sg=30;43:ca=00:tw=30;42:ow=34;42:st=37;44:ex=01;32:*.tar=01;31:*.tgz=01;31:*.arc=01;31:*.arj=01;31:*.taz=01;31:*.lha=01;31:*.lz4=01;31:*.lzh=01;31:*.lzma=01;31:*.tlz=01;31:*.txz=01;31:*.tzo=01;31:*.t7z=01;31:*.zip=01;31:*.z=01;31:*.dz=01;31:*.gz=01;31:*.lrz=01;31:*.lz=01;31:*.lzo=01;31:*.xz=01;31:*.zst=01;31:*.tzst=01;31:*.bz2=01;31:*.bz=01;31:*.tbz=01;31:*.tbz2=01;31:*.tz=01;31:*.deb=01;31:*.rpm=01;31:*.jar=01;31:*.war=01;31:*.ear=01;31:*.sar=01;31:*.rar=01;31:*.alz=01;31:*.ace=01;31:*.zoo=01;31:*.cpio=01;31:*.7z=01;31:*.rz=01;31:*.cab=01;31:*.wim=01;31:*.swm=01;31:*.dwm=01;31:*.esd=01;31:*.avif=01;35:*.jpg=01;35:*.jpeg=01;35:*.mjpg=01;35:*.mjpeg=01;35:*.gif=01;35:*.bmp=01;35:*.pbm=01;35:*.pgm=01;35:*.ppm=01;35:*.tga=01;35:*.xbm=01;35:*.xpm=01;35:*.tif=01;35:*.tiff=01;35:*.png=01;35:*.svg=01;35:*.svgz=01;35:*.mng=01;35:*.pcx=01;35:*.mov=01;35:*.mpg=01;35:*.mpeg=01;35:*.m2v=01;35:*.mkv=01;35:*.webm=01;35:*.webp=01;35:*.ogm=01;35:*.mp4=01;35:*.m4v=01;35:*.mp4v=01;35:*.vob=01;35:*.qt=01;35:*.nuv=01;35:*.wmv=01;35:*.asf=01;35:*.rm=01;35:*.rmvb=01;35:*.flc=01;35:*.avi=01;35:*.fli=01;35:*.flv=01;35:*.gl=01;35:*.dl=01;35:*.xcf=01;35:*.xwd=01;35:*.yuv=01;35:*.cgm=01;35:*.emf=01;35:*.ogv=01;35:*.ogx=01;35:*.aac=00;36:*.au=00;36:*.flac=00;36:*.m4a=00;36:*.mid=00;36:*.midi=00;36:*.mka=00;36:*.mp3=00;36:*.mpc=00;36:*.ogg=00;36:*.ra=00;36:*.wav=00;36:*.oga=00;36:*.opus=00;36:*.spx=00;36:*.xspf=00;36:*~=00;90:*#=00;90:*.bak=00;90:*.crdownload=00;90:*.dpkg-dist=00;90:*.dpkg-new=00;90:*.dpkg-old=00;90:*.dpkg-tmp=00;90:*.old=00;90:*.orig=00;90:*.part=00;90:*.rej=00;90:*.rpmnew=00;90:*.rpmorig=00;90:*.rpmsave=00;90:*.swp=00;90:*.tmp=00;90:*.ucf-dist=00;90:*.ucf-new=00;90:*.ucf-old=00;90:', 'GNOME_TERMINAL_SERVICE': ':1.149', 'SSH_AUTH_SOCK': '/run/user/1000/keyring/ssh', 'AMENT_PREFIX_PATH': '/home/davide-pillon/Desktop/Brain_DEII/brain/install/unix_out:/home/davide-pillon/Desktop/Brain_DEII/brain/install/output:/home/davide-pillon/Desktop/Brain_DEII/brain/install/input:/home/davide-pillon/Desktop/Brain_DEII/brain/install/utils:/home/davide-pillon/Desktop/Brain_DEII/brain/install/smart:/opt/ros/jazzy', 'SHELL': '/bin/bash', 'TERMINATOR_UUID': 'urn:uuid:efd2288e-d93d-44d7-8b69-ba3352931f37', 'QT_ACCESSIBILITY': '1', 'GDMSESSION': 'ubuntu', 'LESSCLOSE': '/usr/bin/lesspipe %s %s', 'IGN_GAZEBO_RESOURCE_PATH': '/opt/ros/jazzy/share', 'GAZEBO_RESOURCE_PATH': '/opt/ros/jazzy/share', 'ROS_AUTOMATIC_DISCOVERY_RANGE': 'SUBNET', 'QT_IM_MODULE': 'ibus', 'PWD': '/home/davide-pillon/Desktop/Brain_DEII/brain/build/smart', 'LC_ALL': 'en_US.UTF-8', 'XDG_CONFIG_DIRS': '/etc/xdg/xdg-ubuntu:/etc/xdg', 'XDG_DATA_DIRS': '/usr/share/ubuntu:/usr/share/gnome:/home/davide-pillon/.local/share/flatpak/exports/share:/var/lib/flatpak/exports/share:/usr/local/share/:/usr/share/:/var/lib/snapd/desktop', 'PYTHONPATH': '/home/davide-pillon/Desktop/Brain_DEII/brain/build/smart/prefix_override:/usr/lib/python3/dist-packages/colcon_core/task/python/colcon_distutils_commands:/home/davide-pillon/Desktop/Brain_DEII/brain/install/smart/lib/python3.12/site-packages:/home/davide-pillon/Desktop/Brain_DEII/brain/install/unix_out/lib/python3.12/site-packages:/home/davide-pillon/Desktop/Brain_DEII/brain/install/output/lib/python3.12/site-packages:/home/davide-pillon/Desktop/Brain_DEII/brain/install/input/lib/python3.12/site-packages:/home/davide-pillon/Desktop/Brain_DEII/brain/install/utils/lib/python3.12/site-packages:/home/davide-pillon/Desktop/Brain_DEII/brain/install/smart/lib/python3.12/site-packages:/opt/ros/jazzy/lib/python3.12/site-packages', 'COLCON': '1', 'MEMORY_PRESSURE_WRITE': 'c29tZSAyMDAwMDAgMjAwMDAwMAA=', 'VTE_VERSION': '7600', 'CMAKE_PREFIX_PATH': '/home/davide-pillon/Desktop/Brain_DEII/brain/install/utils:/opt/ros/jazzy/opt/gz_sim_vendor:/opt/ros/jazzy/opt/gz_sensors_vendor:/opt/ros/jazzy/opt/gz_physics_vendor:/opt/ros/jazzy/opt/sdformat_vendor:/opt/ros/jazzy/opt/gz_gui_vendor:/opt/ros/jazzy/opt/gz_transport_vendor:/opt/ros/jazzy/opt/gz_rendering_vendor:/opt/ros/jazzy/opt/gz_plugin_vendor:/opt/ros/jazzy/opt/gz_fuel_tools_vendor:/opt/ros/jazzy/opt/gz_msgs_vendor:/opt/ros/jazzy/opt/gz_common_vendor:/opt/ros/jazzy/opt/gz_math_vendor:/opt/ros/jazzy/opt/gz_utils_vendor:/opt/ros/jazzy/opt/gz_tools_vendor:/opt/ros/jazzy/opt/gz_ogre_next_vendor:/opt/ros/jazzy/opt/gz_dartsim_vendor:/opt/ros/jazzy/opt/gz_cmake_vendor'}, 'shell': False}
[1.306522] (-) TimerEvent: {}
[1.406871] (-) TimerEvent: {}
[1.507261] (-) TimerEvent: {}
[1.554645] (smart) StdoutLine: {'line': b'running egg_info\n'}
[1.577450] (smart) StdoutLine: {'line': b'writing ../../build/smart/smart.egg-info/PKG-INFO\n'}
[1.577691] (smart) StdoutLine: {'line': b'writing dependency_links to ../../build/smart/smart.egg-info/dependency_links.txt\n'}
[1.577866] (smart) StdoutLine: {'line': b'writing entry points to ../../build/smart/smart.egg-info/entry_points.txt\n'}
[1.577981] (smart) StdoutLine: {'line': b'writing requirements to ../../build/smart/smart.egg-info/requires.txt\n'}
[1.578093] (smart) StdoutLine: {'line': b'writing top-level names to ../../build/smart/smart.egg-info/top_level.txt\n'}
[1.607359] (-) TimerEvent: {}
[1.624225] (smart) StdoutLine: {'line': b"reading manifest file '../../build/smart/smart.egg-info/SOURCES.txt'\n"}
[1.625162] (smart) StdoutLine: {'line': b"writing manifest file '../../build/smart/smart.egg-info/SOURCES.txt'\n"}
[1.625308] (smart) StdoutLine: {'line': b'running build\n'}
[1.625435] (smart) StdoutLine: {'line': b'running build_py\n'}
[1.625544] (smart) StdoutLine: {'line': b'running install\n'}
[1.632256] (smart) StdoutLine: {'line': b'running install_lib\n'}
[1.655600] (smart) StdoutLine: {'line': b'running install_data\n'}
[1.655968] (smart) StdoutLine: {'line': b'running install_egg_info\n'}
[1.682888] (smart) StdoutLine: {'line': b"removing '/home/davide-pillon/Desktop/Brain_DEII/brain/install/smart/lib/python3.12/site-packages/smart-0.0.0-py3.12.egg-info' (and everything under it)\n"}
[1.683179] (smart) StdoutLine: {'line': b'Copying ../../build/smart/smart.egg-info to /home/davide-pillon/Desktop/Brain_DEII/brain/install/smart/lib/python3.12/site-packages/smart-0.0.0-py3.12.egg-info\n'}
[1.684136] (smart) StdoutLine: {'line': b'running install_scripts\n'}
[1.707545] (-) TimerEvent: {}
[1.807870] (-) TimerEvent: {}
[1.835049] (smart) StdoutLine: {'line': b'Installing oak_camera_node script to /home/davide-pillon/Desktop/Brain_DEII/brain/install/smart/lib/smart\n'}
[1.835435] (smart) StdoutLine: {'line': b"writing list of installed files to '/home/davide-pillon/Desktop/Brain_DEII/brain/build/smart/install.log'\n"}
[1.876277] (smart) CommandEnded: {'returncode': 0}
[1.886537] (smart) JobEnded: {'identifier': 'smart', 'rc': 0}
[1.907977] (-) TimerEvent: {}
[1.948751] (unix_out) Command: {'cmd': ['/usr/bin/python3', '-W', 'ignore:setup.py install is deprecated', '-W', 'ignore:easy_install command is deprecated', 'setup.py', 'egg_info', '--egg-base', '../../build/unix_out', 'build', '--build-base', '/home/davide-pillon/Desktop/Brain_DEII/brain/build/unix_out/build', 'install', '--record', '/home/davide-pillon/Desktop/Brain_DEII/brain/build/unix_out/install.log', '--single-version-externally-managed', 'install_data'], 'cwd': '/home/davide-pillon/Desktop/Brain_DEII/brain/src/unix_out', 'env': {'LESSOPEN': '| /usr/bin/lesspipe %s', 'GZ_SIM_RESOURCE_PATH': '/opt/ros/jazzy/share', 'USER': 'davide-pillon', 'GZ_CONFIG_PATH': '/opt/ros/jazzy/opt/gz_sim_vendor/share/gz:/opt/ros/jazzy/opt/sdformat_vendor/share/gz:/opt/ros/jazzy/opt/gz_gui_vendor/share/gz:/opt/ros/jazzy/opt/gz_transport_vendor/share/gz:/opt/ros/jazzy/opt/gz_rendering_vendor/share/gz:/opt/ros/jazzy/opt/gz_plugin_vendor/share/gz:/opt/ros/jazzy/opt/gz_fuel_tools_vendor/share/gz:/opt/ros/jazzy/opt/gz_msgs_vendor/share/gz:/opt/ros/jazzy/opt/gz_common_vendor/share/gz', 'XDG_SESSION_TYPE': 'wayland', 'CLUTTER_DISABLE_MIPMAPPED_TEXT': '1', 'SHLVL': '2', 'LD_LIBRARY_PATH': '/home/davide-pillon/Desktop/Brain_DEII/brain/install/utils/lib:/opt/ros/jazzy/opt/gz_sim_vendor/lib:/opt/ros/jazzy/opt/gz_sensors_vendor/lib:/opt/ros/jazzy/opt/gz_physics_vendor/lib:/opt/ros/jazzy/opt/sdformat_vendor/lib:/opt/ros/jazzy/opt/rviz_ogre_vendor/lib:/opt/ros/jazzy/lib/x86_64-linux-gnu:/opt/ros/jazzy/opt/gz_gui_vendor/lib:/opt/ros/jazzy/opt/gz_transport_vendor/lib:/opt/ros/jazzy/opt/gz_rendering_vendor/lib:/opt/ros/jazzy/opt/gz_plugin_vendor/lib:/opt/ros/jazzy/opt/gz_fuel_tools_vendor/lib:/opt/ros/jazzy/opt/gz_msgs_vendor/lib:/opt/ros/jazzy/opt/gz_common_vendor/lib:/opt/ros/jazzy/opt/gz_math_vendor/lib:/opt/ros/jazzy/opt/gz_utils_vendor/lib:/opt/ros/jazzy/opt/gz_tools_vendor/lib:/opt/ros/jazzy/opt/gz_ogre_next_vendor/lib:/opt/ros/jazzy/opt/gz_dartsim_vendor/lib:/opt/ros/jazzy/opt/gz_cmake_vendor/lib:/opt/ros/jazzy/lib', 'HOME': '/home/davide-pillon', 'OLDPWD': '/home/davide-pillon/Desktop/Brain_DEII', 'DESKTOP_SESSION': 'ubuntu', 'ROS_PYTHON_VERSION': '3', 'GNOME_SHELL_SESSION_MODE': 'ubuntu', 'GTK_MODULES': 'gail:atk-bridge', 'SYSTEMD_EXEC_PID': '2226', 'GSM_SKIP_SSH_AGENT_WORKAROUND': 'true', 'DBUS_SESSION_BUS_ADDRESS': 'unix:path=/run/user/1000/bus', 'COLORTERM': 'truecolor', 'TERMINATOR_DBUS_NAME': 'net.tenshu.Terminator25ef4b219e3b005583550f2b0f9f990c3', 'DEBUGINFOD_URLS': 'https://debuginfod.ubuntu.com', 'IM_CONFIG_PHASE': '1', 'WAYLAND_DISPLAY': 'wayland-0', 'COLCON_PREFIX_PATH': '/home/davide-pillon/Desktop/Brain_DEII/brain/install', 'ROS_DISTRO': 'jazzy', 'LOGNAME': 'davide-pillon', 'IGN_GAZEBO_MODEL_PATH': '/opt/ros/jazzy/share', '_': '/usr/bin/colcon', 'ROS_VERSION': '2', 'MEMORY_PRESSURE_WATCH': '/sys/fs/cgroup/user.slice/user-1000.slice/user@1000.service/session.slice/org.gnome.Shell@wayland.service/memory.pressure', 'XDG_SESSION_CLASS': 'user', 'USERNAME': 'davide-pillon', 'TERM': 'xterm-256color', 'GAZEBO_MODEL_PATH': '/opt/ros/jazzy/share', 'GNOME_DESKTOP_SESSION_ID': 'this-is-deprecated', 'PATH': '/opt/ros/jazzy/opt/gz_msgs_vendor/bin:/opt/ros/jazzy/opt/gz_tools_vendor/bin:/opt/ros/jazzy/opt/gz_ogre_next_vendor/bin:/opt/ros/jazzy/bin:/home/davide-pillon/.local/bin:/usr/local/sbin:/usr/local/bin:/usr/sbin:/usr/bin:/sbin:/bin:/usr/games:/usr/local/games:/snap/bin:/snap/bin:/home/davide-pillon/.local/bin:/home/davide-pillon/.local/bin', 'SESSION_MANAGER': 'local/davide-pillon-BOD-WXX9:@/tmp/.ICE-unix/2190,unix/davide-pillon-BOD-WXX9:/tmp/.ICE-unix/2190', 'XDG_MENU_PREFIX': 'gnome-', 'GNOME_TERMINAL_SCREEN': '/org/gnome/Terminal/screen/ce799c77_8fed_4b4c_8767_c3981f6c9c25', 'GNOME_SETUP_DISPLAY': ':1', 'XDG_RUNTIME_DIR': '/run/user/1000', 'DISPLAY': ':0', 'TERMINATOR_DBUS_PATH': '/net/tenshu/Terminator2', 'LANG': 'en_US.UTF-8', 'XDG_CURRENT_DESKTOP': 'ubuntu:GNOME', 'XMODIFIERS': '@im=ibus', 'XDG_SESSION_DESKTOP': 'ubuntu', 'XAUTHORITY': '/run/user/1000/.mutter-Xwaylandauth.RTQJP3', 'LS_COLORS': 'rs=0:di=01;34:ln=01;36:mh=00:pi=40;33:so=01;35:do=01;35:bd=40;33;01:cd=40;33;01:or=40;31;01:mi=00:su=37;41:sg=30;43:ca=00:tw=30;42:ow=34;42:st=37;44:ex=01;32:*.tar=01;31:*.tgz=01;31:*.arc=01;31:*.arj=01;31:*.taz=01;31:*.lha=01;31:*.lz4=01;31:*.lzh=01;31:*.lzma=01;31:*.tlz=01;31:*.txz=01;31:*.tzo=01;31:*.t7z=01;31:*.zip=01;31:*.z=01;31:*.dz=01;31:*.gz=01;31:*.lrz=01;31:*.lz=01;31:*.lzo=01;31:*.xz=01;31:*.zst=01;31:*.tzst=01;31:*.bz2=01;31:*.bz=01;31:*.tbz=01;31:*.tbz2=01;31:*.tz=01;31:*.deb=01;31:*.rpm=01;31:*.jar=01;31:*.war=01;31:*.ear=01;31:*.sar=01;31:*.rar=01;31:*.alz=01;31:*.ace=01;31:*.zoo=01;31:*.cpio=01;31:*.7z=01;31:*.rz=01;31:*.cab=01;31:*.wim=01;31:*.swm=01;31:*.dwm=01;31:*.esd=01;31:*.avif=01;35:*.jpg=01;35:*.jpeg=01;35:*.mjpg=01;35:*.mjpeg=01;35:*.gif=01;35:*.bmp=01;35:*.pbm=01;35:*.pgm=01;35:*.ppm=01;35:*.tga=01;35:*.xbm=01;35:*.xpm=01;35:*.tif=01;35:*.tiff=01;35:*.png=01;35:*.svg=01;35:*.svgz=01;35:*.mng=01;35:*.pcx=01;35:*.mov=01;35:*.mpg=01;35:*.mpeg=01;35:*.m2v=01;35:*.mkv=01;35:*.webm=01;35:*.webp=01;35:*.ogm=01;35:*.mp4=01;35:*.m4v=01;35:*.mp4v=01;35:*.vob=01;35:*.qt=01;35:*.nuv=01;35:*.wmv=01;35:*.asf=01;35:*.rm=01;35:*.rmvb=01;35:*.flc=01;35:*.avi=01;35:*.fli=01;35:*.flv=01;35:*.gl=01;35:*.dl=01;35:*.xcf=01;35:*.xwd=01;35:*.yuv=01;35:*.cgm=01;35:*.emf=01;35:*.ogv=01;35:*.ogx=01;35:*.aac=00;36:*.au=00;36:*.flac=00;36:*.m4a=00;36:*.mid=00;36:*.midi=00;36:*.mka=00;36:*.mp3=00;36:*.mpc=00;36:*.ogg=00;36:*.ra=00;36:*.wav=00;36:*.oga=00;36:*.opus=00;36:*.spx=00;36:*.xspf=00;36:*~=00;90:*#=00;90:*.bak=00;90:*.crdownload=00;90:*.dpkg-dist=00;90:*.dpkg-new=00;90:*.dpkg-old=00;90:*.dpkg-tmp=00;90:*.old=00;90:*.orig=00;90:*.part=00;90:*.rej=00;90:*.rpmnew=00;90:*.rpmorig=00;90:*.rpmsave=00;90:*.swp=00;90:*.tmp=00;90:*.ucf-dist=00;90:*.ucf-new=00;90:*.ucf-old=00;90:', 'GNOME_TERMINAL_SERVICE': ':1.149', 'SSH_AUTH_SOCK': '/run/user/1000/keyring/ssh', 'AMENT_PREFIX_PATH': '/home/davide-pillon/Desktop/Brain_DEII/brain/install/unix_out:/home/davide-pillon/Desktop/Brain_DEII/brain/install/output:/home/davide-pillon/Desktop/Brain_DEII/brain/install/input:/home/davide-pillon/Desktop/Brain_DEII/brain/install/utils:/home/davide-pillon/Desktop/Brain_DEII/brain/install/smart:/opt/ros/jazzy', 'SHELL': '/bin/bash', 'TERMINATOR_UUID': 'urn:uuid:efd2288e-d93d-44d7-8b69-ba3352931f37', 'QT_ACCESSIBILITY': '1', 'GDMSESSION': 'ubuntu', 'LESSCLOSE': '/usr/bin/lesspipe %s %s', 'IGN_GAZEBO_RESOURCE_PATH': '/opt/ros/jazzy/share', 'GAZEBO_RESOURCE_PATH': '/opt/ros/jazzy/share', 'ROS_AUTOMATIC_DISCOVERY_RANGE': 'SUBNET', 'QT_IM_MODULE': 'ibus', 'PWD': '/home/davide-pillon/Desktop/Brain_DEII/brain/build/unix_out', 'LC_ALL': 'en_US.UTF-8', 'XDG_CONFIG_DIRS': '/etc/xdg/xdg-ubuntu:/etc/xdg', 'XDG_DATA_DIRS': '/usr/share/ubuntu:/usr/share/gnome:/home/davide-pillon/.local/share/flatpak/exports/share:/var/lib/flatpak/exports/share:/usr/local/share/:/usr/share/:/var/lib/snapd/desktop', 'PYTHONPATH': '/home/davide-pillon/Desktop/Brain_DEII/brain/build/unix_out/prefix_override:/usr/lib/python3/dist-packages/colcon_core/task/python/colcon_distutils_commands:/home/davide-pillon/Desktop/Brain_DEII/brain/install/unix_out/lib/python3.12/site-packages:/home/davide-pillon/Desktop/Brain_DEII/brain/install/utils/lib/python3.12/site-packages:/home/davide-pillon/Desktop/Brain_DEII/brain/install/unix_out/lib/python3.12/site-packages:/home/davide-pillon/Desktop/Brain_DEII/brain/install/output/lib/python3.12/site-packages:/home/davide-pillon/Desktop/Brain_DEII/brain/install/input/lib/python3.12/site-packages:/home/davide-pillon/Desktop/Brain_DEII/brain/install/smart/lib/python3.12/site-packages:/opt/ros/jazzy/lib/python3.12/site-packages', 'COLCON': '1', 'MEMORY_PRESSURE_WRITE': 'c29tZSAyMDAwMDAgMjAwMDAwMAA=', 'VTE_VERSION': '7600', 'CMAKE_PREFIX_PATH': '/home/davide-pillon/Desktop/Brain_DEII/brain/install/utils:/opt/ros/jazzy/opt/gz_sim_vendor:/opt/ros/jazzy/opt/gz_sensors_vendor:/opt/ros/jazzy/opt/gz_physics_vendor:/opt/ros/jazzy/opt/sdformat_vendor:/opt/ros/jazzy/opt/gz_gui_vendor:/opt/ros/jazzy/opt/gz_transport_vendor:/opt/ros/jazzy/opt/gz_rendering_vendor:/opt/ros/jazzy/opt/gz_plugin_vendor:/opt/ros/jazzy/opt/gz_fuel_tools_vendor:/opt/ros/jazzy/opt/gz_msgs_vendor:/opt/ros/jazzy/opt/gz_common_vendor:/opt/ros/jazzy/opt/gz_math_vendor:/opt/ros/jazzy/opt/gz_utils_vendor:/opt/ros/jazzy/opt/gz_tools_vendor:/opt/ros/jazzy/opt/gz_ogre_next_vendor:/opt/ros/jazzy/opt/gz_dartsim_vendor:/opt/ros/jazzy/opt/gz_cmake_vendor'}, 'shell': False}
[1.992687] (input) Command: {'cmd': ['/usr/bin/python3', '-W', 'ignore:setup.py install is deprecated', '-W', 'ignore:easy_install command is deprecated', 'setup.py', 'egg_info', '--egg-base', '../../build/input', 'build', '--build-base', '/home/davide-pillon/Desktop/Brain_DEII/brain/build/input/build', 'install', '--record', '/home/davide-pillon/Desktop/Brain_DEII/brain/build/input/install.log', '--single-version-externally-managed', 'install_data'], 'cwd': '/home/davide-pillon/Desktop/Brain_DEII/brain/src/input', 'env': {'LESSOPEN': '| /usr/bin/lesspipe %s', 'GZ_SIM_RESOURCE_PATH': '/opt/ros/jazzy/share', 'USER': 'davide-pillon', 'GZ_CONFIG_PATH': '/opt/ros/jazzy/opt/gz_sim_vendor/share/gz:/opt/ros/jazzy/opt/sdformat_vendor/share/gz:/opt/ros/jazzy/opt/gz_gui_vendor/share/gz:/opt/ros/jazzy/opt/gz_transport_vendor/share/gz:/opt/ros/jazzy/opt/gz_rendering_vendor/share/gz:/opt/ros/jazzy/opt/gz_plugin_vendor/share/gz:/opt/ros/jazzy/opt/gz_fuel_tools_vendor/share/gz:/opt/ros/jazzy/opt/gz_msgs_vendor/share/gz:/opt/ros/jazzy/opt/gz_common_vendor/share/gz', 'XDG_SESSION_TYPE': 'wayland', 'CLUTTER_DISABLE_MIPMAPPED_TEXT': '1', 'SHLVL': '2', 'LD_LIBRARY_PATH': '/home/davide-pillon/Desktop/Brain_DEII/brain/install/utils/lib:/opt/ros/jazzy/opt/gz_sim_vendor/lib:/opt/ros/jazzy/opt/gz_sensors_vendor/lib:/opt/ros/jazzy/opt/gz_physics_vendor/lib:/opt/ros/jazzy/opt/sdformat_vendor/lib:/opt/ros/jazzy/opt/rviz_ogre_vendor/lib:/opt/ros/jazzy/lib/x86_64-linux-gnu:/opt/ros/jazzy/opt/gz_gui_vendor/lib:/opt/ros/jazzy/opt/gz_transport_vendor/lib:/opt/ros/jazzy/opt/gz_rendering_vendor/lib:/opt/ros/jazzy/opt/gz_plugin_vendor/lib:/opt/ros/jazzy/opt/gz_fuel_tools_vendor/lib:/opt/ros/jazzy/opt/gz_msgs_vendor/lib:/opt/ros/jazzy/opt/gz_common_vendor/lib:/opt/ros/jazzy/opt/gz_math_vendor/lib:/opt/ros/jazzy/opt/gz_utils_vendor/lib:/opt/ros/jazzy/opt/gz_tools_vendor/lib:/opt/ros/jazzy/opt/gz_ogre_next_vendor/lib:/opt/ros/jazzy/opt/gz_dartsim_vendor/lib:/opt/ros/jazzy/opt/gz_cmake_vendor/lib:/opt/ros/jazzy/lib', 'HOME': '/home/davide-pillon', 'OLDPWD': '/home/davide-pillon/Desktop/Brain_DEII', 'DESKTOP_SESSION': 'ubuntu', 'ROS_PYTHON_VERSION': '3', 'GNOME_SHELL_SESSION_MODE': 'ubuntu', 'GTK_MODULES': 'gail:atk-bridge', 'SYSTEMD_EXEC_PID': '2226', 'GSM_SKIP_SSH_AGENT_WORKAROUND': 'true', 'DBUS_SESSION_BUS_ADDRESS': 'unix:path=/run/user/1000/bus', 'COLORTERM': 'truecolor', 'TERMINATOR_DBUS_NAME': 'net.tenshu.Terminator25ef4b219e3b005583550f2b0f9f990c3', 'DEBUGINFOD_URLS': 'https://debuginfod.ubuntu.com', 'IM_CONFIG_PHASE': '1', 'WAYLAND_DISPLAY': 'wayland-0', 'COLCON_PREFIX_PATH': '/home/davide-pillon/Desktop/Brain_DEII/brain/install', 'ROS_DISTRO': 'jazzy', 'LOGNAME': 'davide-pillon', 'IGN_GAZEBO_MODEL_PATH': '/opt/ros/jazzy/share', '_': '/usr/bin/colcon', 'ROS_VERSION': '2', 'MEMORY_PRESSURE_WATCH': '/sys/fs/cgroup/user.slice/user-1000.slice/user@1000.service/session.slice/org.gnome.Shell@wayland.service/memory.pressure', 'XDG_SESSION_CLASS': 'user', 'USERNAME': 'davide-pillon', 'TERM': 'xterm-256color', 'GAZEBO_MODEL_PATH': '/opt/ros/jazzy/share', 'GNOME_DESKTOP_SESSION_ID': 'this-is-deprecated', 'PATH': '/opt/ros/jazzy/opt/gz_msgs_vendor/bin:/opt/ros/jazzy/opt/gz_tools_vendor/bin:/opt/ros/jazzy/opt/gz_ogre_next_vendor/bin:/opt/ros/jazzy/bin:/home/davide-pillon/.local/bin:/usr/local/sbin:/usr/local/bin:/usr/sbin:/usr/bin:/sbin:/bin:/usr/games:/usr/local/games:/snap/bin:/snap/bin:/home/davide-pillon/.local/bin:/home/davide-pillon/.local/bin', 'SESSION_MANAGER': 'local/davide-pillon-BOD-WXX9:@/tmp/.ICE-unix/2190,unix/davide-pillon-BOD-WXX9:/tmp/.ICE-unix/2190', 'XDG_MENU_PREFIX': 'gnome-', 'GNOME_TERMINAL_SCREEN': '/org/gnome/Terminal/screen/ce799c77_8fed_4b4c_8767_c3981f6c9c25', 'GNOME_SETUP_DISPLAY': ':1', 'XDG_RUNTIME_DIR': '/run/user/1000', 'DISPLAY': ':0', 'TERMINATOR_DBUS_PATH': '/net/tenshu/Terminator2', 'LANG': 'en_US.UTF-8', 'XDG_CURRENT_DESKTOP': 'ubuntu:GNOME', 'XMODIFIERS': '@im=ibus', 'XDG_SESSION_DESKTOP': 'ubuntu', 'XAUTHORITY': '/run/user/1000/.mutter-Xwaylandauth.RTQJP3', 'LS_COLORS': 'rs=0:di=01;34:ln=01;36:mh=00:pi=40;33:so=01;35:do=01;35:bd=40;33;01:cd=40;33;01:or=40;31;01:mi=00:su=37;41:sg=30;43:ca=00:tw=30;42:ow=34;42:st=37;44:ex=01;32:*.tar=01;31:*.tgz=01;31:*.arc=01;31:*.arj=01;31:*.taz=01;31:*.lha=01;31:*.lz4=01;31:*.lzh=01;31:*.lzma=01;31:*.tlz=01;31:*.txz=01;31:*.tzo=01;31:*.t7z=01;31:*.zip=01;31:*.z=01;31:*.dz=01;31:*.gz=01;31:*.lrz=01;31:*.lz=01;31:*.lzo=01;31:*.xz=01;31:*.zst=01;31:*.tzst=01;31:*.bz2=01;31:*.bz=01;31:*.tbz=01;31:*.tbz2=01;31:*.tz=01;31:*.deb=01;31:*.rpm=01;31:*.jar=01;31:*.war=01;31:*.ear=01;31:*.sar=01;31:*.rar=01;31:*.alz=01;31:*.ace=01;31:*.zoo=01;31:*.cpio=01;31:*.7z=01;31:*.rz=01;31:*.cab=01;31:*.wim=01;31:*.swm=01;31:*.dwm=01;31:*.esd=01;31:*.avif=01;35:*.jpg=01;35:*.jpeg=01;35:*.mjpg=01;35:*.mjpeg=01;35:*.gif=01;35:*.bmp=01;35:*.pbm=01;35:*.pgm=01;35:*.ppm=01;35:*.tga=01;35:*.xbm=01;35:*.xpm=01;35:*.tif=01;35:*.tiff=01;35:*.png=01;35:*.svg=01;35:*.svgz=01;35:*.mng=01;35:*.pcx=01;35:*.mov=01;35:*.mpg=01;35:*.mpeg=01;35:*.m2v=01;35:*.mkv=01;35:*.webm=01;35:*.webp=01;35:*.ogm=01;35:*.mp4=01;35:*.m4v=01;35:*.mp4v=01;35:*.vob=01;35:*.qt=01;35:*.nuv=01;35:*.wmv=01;35:*.asf=01;35:*.rm=01;35:*.rmvb=01;35:*.flc=01;35:*.avi=01;35:*.fli=01;35:*.flv=01;35:*.gl=01;35:*.dl=01;35:*.xcf=01;35:*.xwd=01;35:*.yuv=01;35:*.cgm=01;35:*.emf=01;35:*.ogv=01;35:*.ogx=01;35:*.aac=00;36:*.au=00;36:*.flac=00;36:*.m4a=00;36:*.mid=00;36:*.midi=00;36:*.mka=00;36:*.mp3=00;36:*.mpc=00;36:*.ogg=00;36:*.ra=00;36:*.wav=00;36:*.oga=00;36:*.opus=00;36:*.spx=00;36:*.xspf=00;36:*~=00;90:*#=00;90:*.bak=00;90:*.crdownload=00;90:*.dpkg-dist=00;90:*.dpkg-new=00;90:*.dpkg-old=00;90:*.dpkg-tmp=00;90:*.old=00;90:*.orig=00;90:*.part=00;90:*.rej=00;90:*.rpmnew=00;90:*.rpmorig=00;90:*.rpmsave=00;90:*.swp=00;90:*.tmp=00;90:*.ucf-dist=00;90:*.ucf-new=00;90:*.ucf-old=00;90:', 'GNOME_TERMINAL_SERVICE': ':1.149', 'SSH_AUTH_SOCK': '/run/user/1000/keyring/ssh', 'AMENT_PREFIX_PATH': '/home/davide-pillon/Desktop/Brain_DEII/brain/install/unix_out:/home/davide-pillon/Desktop/Brain_DEII/brain/install/output:/home/davide-pillon/Desktop/Brain_DEII/brain/install/input:/home/davide-pillon/Desktop/Brain_DEII/brain/install/utils:/home/davide-pillon/Desktop/Brain_DEII/brain/install/smart:/opt/ros/jazzy', 'SHELL': '/bin/bash', 'TERMINATOR_UUID': 'urn:uuid:efd2288e-d93d-44d7-8b69-ba3352931f37', 'QT_ACCESSIBILITY': '1', 'GDMSESSION': 'ubuntu', 'LESSCLOSE': '/usr/bin/lesspipe %s %s', 'IGN_GAZEBO_RESOURCE_PATH': '/opt/ros/jazzy/share', 'GAZEBO_RESOURCE_PATH': '/opt/ros/jazzy/share', 'ROS_AUTOMATIC_DISCOVERY_RANGE': 'SUBNET', 'QT_IM_MODULE': 'ibus', 'PWD': '/home/davide-pillon/Desktop/Brain_DEII/brain/build/input', 'LC_ALL': 'en_US.UTF-8', 'XDG_CONFIG_DIRS': '/etc/xdg/xdg-ubuntu:/etc/xdg', 'XDG_DATA_DIRS': '/usr/share/ubuntu:/usr/share/gnome:/home/davide-pillon/.local/share/flatpak/exports/share:/var/lib/flatpak/exports/share:/usr/local/share/:/usr/share/:/var/lib/snapd/desktop', 'PYTHONPATH': '/home/davide-pillon/Desktop/Brain_DEII/brain/build/input/prefix_override:/usr/lib/python3/dist-packages/colcon_core/task/python/colcon_distutils_commands:/home/davide-pillon/Desktop/Brain_DEII/brain/install/input/lib/python3.12/site-packages:/home/davide-pillon/Desktop/Brain_DEII/brain/install/utils/lib/python3.12/site-packages:/home/davide-pillon/Desktop/Brain_DEII/brain/install/unix_out/lib/python3.12/site-packages:/home/davide-pillon/Desktop/Brain_DEII/brain/install/output/lib/python3.12/site-packages:/home/davide-pillon/Desktop/Brain_DEII/brain/install/input/lib/python3.12/site-packages:/home/davide-pillon/Desktop/Brain_DEII/brain/install/smart/lib/python3.12/site-packages:/opt/ros/jazzy/lib/python3.12/site-packages', 'COLCON': '1', 'MEMORY_PRESSURE_WRITE': 'c29tZSAyMDAwMDAgMjAwMDAwMAA=', 'VTE_VERSION': '7600', 'CMAKE_PREFIX_PATH': '/home/davide-pillon/Desktop/Brain_DEII/brain/install/utils:/opt/ros/jazzy/opt/gz_sim_vendor:/opt/ros/jazzy/opt/gz_sensors_vendor:/opt/ros/jazzy/opt/gz_physics_vendor:/opt/ros/jazzy/opt/sdformat_vendor:/opt/ros/jazzy/opt/gz_gui_vendor:/opt/ros/jazzy/opt/gz_transport_vendor:/opt/ros/jazzy/opt/gz_rendering_vendor:/opt/ros/jazzy/opt/gz_plugin_vendor:/opt/ros/jazzy/opt/gz_fuel_tools_vendor:/opt/ros/jazzy/opt/gz_msgs_vendor:/opt/ros/jazzy/opt/gz_common_vendor:/opt/ros/jazzy/opt/gz_math_vendor:/opt/ros/jazzy/opt/gz_utils_vendor:/opt/ros/jazzy/opt/gz_tools_vendor:/opt/ros/jazzy/opt/gz_ogre_next_vendor:/opt/ros/jazzy/opt/gz_dartsim_vendor:/opt/ros/jazzy/opt/gz_cmake_vendor'}, 'shell': False}
[2.008085] (-) TimerEvent: {}
[2.108482] (-) TimerEvent: {}
[2.209747] (-) TimerEvent: {}
[2.310096] (-) TimerEvent: {}
[2.374425] (unix_out) StdoutLine: {'line': b'running egg_info\n'}
[2.407301] (input) StdoutLine: {'line': b'running egg_info\n'}
[2.410164] (-) TimerEvent: {}
[2.414843] (unix_out) StdoutLine: {'line': b'writing ../../build/unix_out/unix_out.egg-info/PKG-INFO\n'}
[2.415799] (unix_out) StdoutLine: {'line': b'writing dependency_links to ../../build/unix_out/unix_out.egg-info/dependency_links.txt\n'}
[2.416704] (unix_out) StdoutLine: {'line': b'writing entry points to ../../build/unix_out/unix_out.egg-info/entry_points.txt\n'}
[2.416941] (unix_out) StdoutLine: {'line': b'writing requirements to ../../build/unix_out/unix_out.egg-info/requires.txt\n'}
[2.417731] (unix_out) StdoutLine: {'line': b'writing top-level names to ../../build/unix_out/unix_out.egg-info/top_level.txt\n'}
[2.437797] (input) StdoutLine: {'line': b'writing ../../build/input/input.egg-info/PKG-INFO\n'}
[2.438178] (input) StdoutLine: {'line': b'writing dependency_links to ../../build/input/input.egg-info/dependency_links.txt\n'}
[2.438403] (input) StdoutLine: {'line': b'writing entry points to ../../build/input/input.egg-info/entry_points.txt\n'}
[2.438538] (input) StdoutLine: {'line': b'writing requirements to ../../build/input/input.egg-info/requires.txt\n'}
[2.438649] (input) StdoutLine: {'line': b'writing top-level names to ../../build/input/input.egg-info/top_level.txt\n'}
[2.493151] (unix_out) StdoutLine: {'line': b"reading manifest file '../../build/unix_out/unix_out.egg-info/SOURCES.txt'\n"}
[2.493832] (unix_out) StdoutLine: {'line': b"writing manifest file '../../build/unix_out/unix_out.egg-info/SOURCES.txt'\n"}
[2.494019] (unix_out) StdoutLine: {'line': b'running build\n'}
[2.494138] (unix_out) StdoutLine: {'line': b'running build_py\n'}
[2.494284] (unix_out) StdoutLine: {'line': b'running install\n'}
[2.494389] (input) StdoutLine: {'line': b"reading manifest file '../../build/input/input.egg-info/SOURCES.txt'\n"}
[2.495546] (input) StdoutLine: {'line': b"writing manifest file '../../build/input/input.egg-info/SOURCES.txt'\n"}
[2.495672] (input) StdoutLine: {'line': b'running build\n'}
[2.495797] (input) StdoutLine: {'line': b'running build_py\n'}
[2.496099] (input) StdoutLine: {'line': b'copying src/data/trafficBridge.py -> /home/davide-pillon/Desktop/Brain_DEII/brain/build/input/build/lib/data\n'}
[2.497982] (input) StdoutLine: {'line': b'copying src/data/trafficBridge.py -> /home/davide-pillon/Desktop/Brain_DEII/brain/build/input/build/lib/src/data\n'}
[2.501148] (input) StdoutLine: {'line': b'running install\n'}
[2.501393] (unix_out) StdoutLine: {'line': b'running install_lib\n'}
[2.509146] (input) StdoutLine: {'line': b'running install_lib\n'}
[2.510256] (-) TimerEvent: {}
[2.530615] (unix_out) StdoutLine: {'line': b'running install_data\n'}
[2.530927] (unix_out) StdoutLine: {'line': b'running install_egg_info\n'}
[2.534345] (input) StdoutLine: {'line': b'copying /home/davide-pillon/Desktop/Brain_DEII/brain/build/input/build/lib/data/trafficBridge.py -> /home/davide-pillon/Desktop/Brain_DEII/brain/install/input/lib/python3.12/site-packages/data\n'}
[2.535230] (input) StdoutLine: {'line': b'copying /home/davide-pillon/Desktop/Brain_DEII/brain/build/input/build/lib/src/data/trafficBridge.py -> /home/davide-pillon/Desktop/Brain_DEII/brain/install/input/lib/python3.12/site-packages/src/data\n'}
[2.536870] (input) StdoutLine: {'line': b'byte-compiling /home/davide-pillon/Desktop/Brain_DEII/brain/install/input/lib/python3.12/site-packages/data/trafficBridge.py to trafficBridge.cpython-312.pyc\n'}
[2.538832] (input) StdoutLine: {'line': b'byte-compiling /home/davide-pillon/Desktop/Brain_DEII/brain/install/input/lib/python3.12/site-packages/src/data/trafficBridge.py to trafficBridge.cpython-312.pyc\n'}
[2.540581] (input) StdoutLine: {'line': b'running install_data\n'}
[2.540825] (input) StdoutLine: {'line': b'running install_egg_info\n'}
[2.564228] (unix_out) StdoutLine: {'line': b"removing '/home/davide-pillon/Desktop/Brain_DEII/brain/install/unix_out/lib/python3.12/site-packages/unix_out-0.0.0-py3.12.egg-info' (and everything under it)\n"}
[2.564527] (unix_out) StdoutLine: {'line': b'Copying ../../build/unix_out/unix_out.egg-info to /home/davide-pillon/Desktop/Brain_DEII/brain/install/unix_out/lib/python3.12/site-packages/unix_out-0.0.0-py3.12.egg-info\n'}
[2.565593] (unix_out) StdoutLine: {'line': b'running install_scripts\n'}
[2.570084] (input) StdoutLine: {'line': b"removing '/home/davide-pillon/Desktop/Brain_DEII/brain/install/input/lib/python3.12/site-packages/input-0.0.0-py3.12.egg-info' (and everything under it)\n"}
[2.570329] (input) StdoutLine: {'line': b'Copying ../../build/input/input.egg-info to /home/davide-pillon/Desktop/Brain_DEII/brain/install/input/lib/python3.12/site-packages/input-0.0.0-py3.12.egg-info\n'}
[2.571223] (input) StdoutLine: {'line': b'running install_scripts\n'}
[2.610373] (-) TimerEvent: {}
[2.710743] (-) TimerEvent: {}
[2.788444] (unix_out) StdoutLine: {'line': b'Installing camera_to_socket script to /home/davide-pillon/Desktop/Brain_DEII/brain/install/unix_out/lib/unix_out\n'}
[2.788744] (unix_out) StdoutLine: {'line': b'Installing lidar_to_socket script to /home/davide-pillon/Desktop/Brain_DEII/brain/install/unix_out/lib/unix_out\n'}
[2.788917] (unix_out) StdoutLine: {'line': b'Installing metrics_to_socket script to /home/davide-pillon/Desktop/Brain_DEII/brain/install/unix_out/lib/unix_out\n'}
[2.789154] (unix_out) StdoutLine: {'line': b"writing list of installed files to '/home/davide-pillon/Desktop/Brain_DEII/brain/build/unix_out/install.log'\n"}
[2.806372] (input) StdoutLine: {'line': b'Installing gpstrackerNODE script to /home/davide-pillon/Desktop/Brain_DEII/brain/install/input/lib/input\n'}
[2.806731] (input) StdoutLine: {'line': b'Installing imuNODE script to /home/davide-pillon/Desktop/Brain_DEII/brain/install/input/lib/input\n'}
[2.807010] (input) StdoutLine: {'line': b'Installing semaphoreBridgeNODE script to /home/davide-pillon/Desktop/Brain_DEII/brain/install/input/lib/input\n'}
[2.807189] (input) StdoutLine: {'line': b'Installing semaphoreNODE script to /home/davide-pillon/Desktop/Brain_DEII/brain/install/input/lib/input\n'}
[2.807338] (input) StdoutLine: {'line': b'Installing sonarNODE script to /home/davide-pillon/Desktop/Brain_DEII/brain/install/input/lib/input\n'}
[2.807458] (input) StdoutLine: {'line': b'Installing trafficBridgeNODE script to /home/davide-pillon/Desktop/Brain_DEII/brain/install/input/lib/input\n'}
[2.810583] (input) StdoutLine: {'line': b"writing list of installed files to '/home/davide-pillon/Desktop/Brain_DEII/brain/build/input/install.log'\n"}
[2.810774] (-) TimerEvent: {}
[2.833284] (unix_out) CommandEnded: {'returncode': 0}
[2.843694] (unix_out) JobEnded: {'identifier': 'unix_out', 'rc': 0}
[2.867351] (input) CommandEnded: {'returncode': 0}
[2.877026] (input) JobEnded: {'identifier': 'input', 'rc': 0}
[2.878036] (-) EventReactorShutdown: {}
