[0.000000] (-) TimerEvent: {}
[0.000125] (smart) JobQueued: {'identifier': 'smart', 'dependencies': OrderedDict()}
[0.000221] (utils) JobQueued: {'identifier': 'utils', 'dependencies': OrderedDict()}
[0.000237] (input) JobQueued: {'identifier': 'input', 'dependencies': OrderedDict({'utils': '/home/davide-pillon/Desktop/Brain_DEII/brain/install/utils'})}
[0.000252] (unix_out) JobQueued: {'identifier': 'unix_out', 'dependencies': OrderedDict({'utils': '/home/davide-pillon/Desktop/Brain_DEII/brain/install/utils'})}
[0.000425] (utils) JobStarted: {'identifier': 'utils'}
[0.005206] (smart) JobStarted: {'identifier': 'smart'}
[0.010142] (utils) JobProgress: {'identifier': 'utils', 'progress': 'cmake'}
[0.011066] (utils) JobProgress: {'identifier': 'utils', 'progress': 'build'}
[0.011159] (utils) Command: {'cmd': ['/usr/bin/cmake', '--build', '/home/davide-pillon/Desktop/Brain_DEII/brain/build/utils', '--', '-j8', '-l8'], 'cwd': '/home/davide-pillon/Desktop/Brain_DEII/brain/build/utils', 'env': OrderedDict({'LESSOPEN': '| /usr/bin/lesspipe %s', 'GZ_SIM_RESOURCE_PATH': '/opt/ros/jazzy/share', 'USER': 'davide-pillon', 'GZ_CONFIG_PATH': '/opt/ros/jazzy/opt/gz_sim_vendor/share/gz:/opt/ros/jazzy/opt/sdformat_vendor/share/gz:/opt/ros/jazzy/opt/gz_gui_vendor/share/gz:/opt/ros/jazzy/opt/gz_transport_vendor/share/gz:/opt/ros/jazzy/opt/gz_rendering_vendor/share/gz:/opt/ros/jazzy/opt/gz_plugin_vendor/share/gz:/opt/ros/jazzy/opt/gz_fuel_tools_vendor/share/gz:/opt/ros/jazzy/opt/gz_msgs_vendor/share/gz:/opt/ros/jazzy/opt/gz_common_vendor/share/gz', 'XDG_SESSION_TYPE': 'wayland', 'CLUTTER_DISABLE_MIPMAPPED_TEXT': '1', 'SHLVL': '2', 'LD_LIBRARY_PATH': '/opt/ros/jazzy/opt/gz_sim_vendor/lib:/opt/ros/jazzy/opt/gz_sensors_vendor/lib:/opt/ros/jazzy/opt/gz_physics_vendor/lib:/opt/ros/jazzy/opt/sdformat_vendor/lib:/opt/ros/jazzy/opt/rviz_ogre_vendor/lib:/opt/ros/jazzy/lib/x86_64-linux-gnu:/opt/ros/jazzy/opt/gz_gui_vendor/lib:/opt/ros/jazzy/opt/gz_transport_vendor/lib:/opt/ros/jazzy/opt/gz_rendering_vendor/lib:/opt/ros/jazzy/opt/gz_plugin_vendor/lib:/opt/ros/jazzy/opt/gz_fuel_tools_vendor/lib:/opt/ros/jazzy/opt/gz_msgs_vendor/lib:/opt/ros/jazzy/opt/gz_common_vendor/lib:/opt/ros/jazzy/opt/gz_math_vendor/lib:/opt/ros/jazzy/opt/gz_utils_vendor/lib:/opt/ros/jazzy/opt/gz_tools_vendor/lib:/opt/ros/jazzy/opt/gz_ogre_next_vendor/lib:/opt/ros/jazzy/opt/gz_dartsim_vendor/lib:/opt/ros/jazzy/opt/gz_cmake_vendor/lib:/opt/ros/jazzy/lib', 'HOME': '/home/davide-pillon', 'OLDPWD': '/home/davide-pillon/Desktop/Brain_DEII', 'DESKTOP_SESSION': 'ubuntu', 'ROS_PYTHON_VERSION': '3', 'GNOME_SHELL_SESSION_MODE': 'ubuntu', 'GTK_MODULES': 'gail:atk-bridge', 'SYSTEMD_EXEC_PID': '2226', 'GSM_SKIP_SSH_AGENT_WORKAROUND': 'true', 'DBUS_SESSION_BUS_ADDRESS': 'unix:path=/run/user/1000/bus', 'COLORTERM': 'truecolor', 'TERMINATOR_DBUS_NAME': 'net.tenshu.Terminator25ef4b219e3b005583550f2b0f9f990c3', 'DEBUGINFOD_URLS': 'https://debuginfod.ubuntu.com', 'IM_CONFIG_PHASE': '1', 'WAYLAND_DISPLAY': 'wayland-0', 'ROS_DISTRO': 'jazzy', 'LOGNAME': 'davide-pillon', 'IGN_GAZEBO_MODEL_PATH': '/opt/ros/jazzy/share', '_': '/usr/bin/colcon', 'ROS_VERSION': '2', 'MEMORY_PRESSURE_WATCH': '/sys/fs/cgroup/user.slice/user-1000.slice/user@1000.service/session.slice/org.gnome.Shell@wayland.service/memory.pressure', 'XDG_SESSION_CLASS': 'user', 'USERNAME': 'davide-pillon', 'TERM': 'xterm-256color', 'GAZEBO_MODEL_PATH': '/opt/ros/jazzy/share', 'GNOME_DESKTOP_SESSION_ID': 'this-is-deprecated', 'PATH': '/opt/ros/jazzy/opt/gz_msgs_vendor/bin:/opt/ros/jazzy/opt/gz_tools_vendor/bin:/opt/ros/jazzy/opt/gz_ogre_next_vendor/bin:/opt/ros/jazzy/bin:/home/davide-pillon/.local/bin:/usr/local/sbin:/usr/local/bin:/usr/sbin:/usr/bin:/sbin:/bin:/usr/games:/usr/local/games:/snap/bin:/snap/bin:/home/davide-pillon/.local/bin:/home/davide-pillon/.local/bin', 'SESSION_MANAGER': 'local/davide-pillon-BOD-WXX9:@/tmp/.ICE-unix/2190,unix/davide-pillon-BOD-WXX9:/tmp/.ICE-unix/2190', 'XDG_MENU_PREFIX': 'gnome-', 'GNOME_TERMINAL_SCREEN': '/org/gnome/Terminal/screen/ce799c77_8fed_4b4c_8767_c3981f6c9c25', 'GNOME_SETUP_DISPLAY': ':1', 'XDG_RUNTIME_DIR': '/run/user/1000', 'DISPLAY': ':0', 'TERMINATOR_DBUS_PATH': '/net/tenshu/Terminator2', 'LANG': 'en_US.UTF-8', 'XDG_CURRENT_DESKTOP': 'ubuntu:GNOME', 'XMODIFIERS': '@im=ibus', 'XDG_SESSION_DESKTOP': 'ubuntu', 'XAUTHORITY': '/run/user/1000/.mutter-Xwaylandauth.RTQJP3', 'LS_COLORS': 'rs=0:di=01;34:ln=01;36:mh=00:pi=40;33:so=01;35:do=01;35:bd=40;33;01:cd=40;33;01:or=40;31;01:mi=00:su=37;41:sg=30;43:ca=00:tw=30;42:ow=34;42:st=37;44:ex=01;32:*.tar=01;31:*.tgz=01;31:*.arc=01;31:*.arj=01;31:*.taz=01;31:*.lha=01;31:*.lz4=01;31:*.lzh=01;31:*.lzma=01;31:*.tlz=01;31:*.txz=01;31:*.tzo=01;31:*.t7z=01;31:*.zip=01;31:*.z=01;31:*.dz=01;31:*.gz=01;31:*.lrz=01;31:*.lz=01;31:*.lzo=01;31:*.xz=01;31:*.zst=01;31:*.tzst=01;31:*.bz2=01;31:*.bz=01;31:*.tbz=01;31:*.tbz2=01;31:*.tz=01;31:*.deb=01;31:*.rpm=01;31:*.jar=01;31:*.war=01;31:*.ear=01;31:*.sar=01;31:*.rar=01;31:*.alz=01;31:*.ace=01;31:*.zoo=01;31:*.cpio=01;31:*.7z=01;31:*.rz=01;31:*.cab=01;31:*.wim=01;31:*.swm=01;31:*.dwm=01;31:*.esd=01;31:*.avif=01;35:*.jpg=01;35:*.jpeg=01;35:*.mjpg=01;35:*.mjpeg=01;35:*.gif=01;35:*.bmp=01;35:*.pbm=01;35:*.pgm=01;35:*.ppm=01;35:*.tga=01;35:*.xbm=01;35:*.xpm=01;35:*.tif=01;35:*.tiff=01;35:*.png=01;35:*.svg=01;35:*.svgz=01;35:*.mng=01;35:*.pcx=01;35:*.mov=01;35:*.mpg=01;35:*.mpeg=01;35:*.m2v=01;35:*.mkv=01;35:*.webm=01;35:*.webp=01;35:*.ogm=01;35:*.mp4=01;35:*.m4v=01;35:*.mp4v=01;35:*.vob=01;35:*.qt=01;35:*.nuv=01;35:*.wmv=01;35:*.asf=01;35:*.rm=01;35:*.rmvb=01;35:*.flc=01;35:*.avi=01;35:*.fli=01;35:*.flv=01;35:*.gl=01;35:*.dl=01;35:*.xcf=01;35:*.xwd=01;35:*.yuv=01;35:*.cgm=01;35:*.emf=01;35:*.ogv=01;35:*.ogx=01;35:*.aac=00;36:*.au=00;36:*.flac=00;36:*.m4a=00;36:*.mid=00;36:*.midi=00;36:*.mka=00;36:*.mp3=00;36:*.mpc=00;36:*.ogg=00;36:*.ra=00;36:*.wav=00;36:*.oga=00;36:*.opus=00;36:*.spx=00;36:*.xspf=00;36:*~=00;90:*#=00;90:*.bak=00;90:*.crdownload=00;90:*.dpkg-dist=00;90:*.dpkg-new=00;90:*.dpkg-old=00;90:*.dpkg-tmp=00;90:*.old=00;90:*.orig=00;90:*.part=00;90:*.rej=00;90:*.rpmnew=00;90:*.rpmorig=00;90:*.rpmsave=00;90:*.swp=00;90:*.tmp=00;90:*.ucf-dist=00;90:*.ucf-new=00;90:*.ucf-old=00;90:', 'GNOME_TERMINAL_SERVICE': ':1.149', 'SSH_AUTH_SOCK': '/run/user/1000/keyring/ssh', 'AMENT_PREFIX_PATH': '/opt/ros/jazzy', 'SHELL': '/bin/bash', 'TERMINATOR_UUID': 'urn:uuid:efd2288e-d93d-44d7-8b69-ba3352931f37', 'QT_ACCESSIBILITY': '1', 'GDMSESSION': 'ubuntu', 'LESSCLOSE': '/usr/bin/lesspipe %s %s', 'IGN_GAZEBO_RESOURCE_PATH': '/opt/ros/jazzy/share', 'GAZEBO_RESOURCE_PATH': '/opt/ros/jazzy/share', 'ROS_AUTOMATIC_DISCOVERY_RANGE': 'SUBNET', 'QT_IM_MODULE': 'ibus', 'PWD': '/home/davide-pillon/Desktop/Brain_DEII/brain/build/utils', 'LC_ALL': 'en_US.UTF-8', 'XDG_CONFIG_DIRS': '/etc/xdg/xdg-ubuntu:/etc/xdg', 'XDG_DATA_DIRS': '/usr/share/ubuntu:/usr/share/gnome:/home/davide-pillon/.local/share/flatpak/exports/share:/var/lib/flatpak/exports/share:/usr/local/share/:/usr/share/:/var/lib/snapd/desktop', 'PYTHONPATH': '/opt/ros/jazzy/lib/python3.12/site-packages', 'COLCON': '1', 'MEMORY_PRESSURE_WRITE': 'c29tZSAyMDAwMDAgMjAwMDAwMAA=', 'VTE_VERSION': '7600', 'CMAKE_PREFIX_PATH': '/opt/ros/jazzy/opt/gz_sim_vendor:/opt/ros/jazzy/opt/gz_sensors_vendor:/opt/ros/jazzy/opt/gz_physics_vendor:/opt/ros/jazzy/opt/sdformat_vendor:/opt/ros/jazzy/opt/gz_gui_vendor:/opt/ros/jazzy/opt/gz_transport_vendor:/opt/ros/jazzy/opt/gz_rendering_vendor:/opt/ros/jazzy/opt/gz_plugin_vendor:/opt/ros/jazzy/opt/gz_fuel_tools_vendor:/opt/ros/jazzy/opt/gz_msgs_vendor:/opt/ros/jazzy/opt/gz_common_vendor:/opt/ros/jazzy/opt/gz_math_vendor:/opt/ros/jazzy/opt/gz_utils_vendor:/opt/ros/jazzy/opt/gz_tools_vendor:/opt/ros/jazzy/opt/gz_ogre_next_vendor:/opt/ros/jazzy/opt/gz_dartsim_vendor:/opt/ros/jazzy/opt/gz_cmake_vendor:/opt/ros/jazzy'}), 'shell': False}
[0.058191] (utils) StdoutLine: {'line': b'[  1%] Built target utils__rosidl_generator_type_description\n'}
[0.066643] (utils) StdoutLine: {'line': b'[  1%] Built target ament_cmake_python_copy_utils\n'}
[0.075463] (utils) StdoutLine: {'line': b'[  1%] Built target utils__cpp\n'}
[0.086530] (utils) StdoutLine: {'line': b'[ 27%] Built target utils__rosidl_generator_c\n'}
[0.101051] (-) TimerEvent: {}
[0.126046] (utils) StdoutLine: {'line': b'[ 37%] Built target utils__rosidl_typesupport_c\n'}
[0.127902] (utils) StdoutLine: {'line': b'[ 50%] Built target utils__rosidl_typesupport_cpp\n'}
[0.128404] (utils) StdoutLine: {'line': b'[ 56%] Built target utils__rosidl_typesupport_introspection_cpp\n'}
[0.130462] (utils) StdoutLine: {'line': b'[ 65%] Built target utils__rosidl_typesupport_introspection_c\n'}
[0.135243] (utils) StdoutLine: {'line': b'[ 75%] Built target utils__rosidl_typesupport_fastrtps_c\n'}
[0.139216] (utils) StdoutLine: {'line': b'[ 85%] Built target utils__rosidl_typesupport_fastrtps_cpp\n'}
[0.156316] (utils) StdoutLine: {'line': b'[ 85%] Built target utils\n'}
[0.173533] (utils) StdoutLine: {'line': b'[ 86%] Built target utils__py\n'}
[0.201151] (-) TimerEvent: {}
[0.201370] (utils) StdoutLine: {'line': b'[ 95%] Built target utils__rosidl_generator_py\n'}
[0.231176] (utils) StdoutLine: {'line': b'[ 98%] Built target utils_s__rosidl_typesupport_fastrtps_c\n'}
[0.231605] (utils) StdoutLine: {'line': b'[ 98%] Built target utils_s__rosidl_typesupport_introspection_c\n'}
[0.231715] (utils) StdoutLine: {'line': b'[100%] Built target utils_s__rosidl_typesupport_c\n'}
[0.282919] (utils) StdoutLine: {'line': b'running egg_info\n'}
[0.300804] (utils) StdoutLine: {'line': b'writing utils.egg-info/PKG-INFO\n'}
[0.301081] (utils) StdoutLine: {'line': b'writing dependency_links to utils.egg-info/dependency_links.txt\n'}
[0.301205] (-) TimerEvent: {}
[0.301335] (utils) StdoutLine: {'line': b'writing top-level names to utils.egg-info/top_level.txt\n'}
[0.354679] (utils) StdoutLine: {'line': b"reading manifest file 'utils.egg-info/SOURCES.txt'\n"}
[0.355235] (utils) StdoutLine: {'line': b"writing manifest file 'utils.egg-info/SOURCES.txt'\n"}
[0.378615] (utils) StdoutLine: {'line': b'[100%] Built target ament_cmake_python_build_utils_egg\n'}
[0.388311] (utils) CommandEnded: {'returncode': 0}
[0.388912] (utils) JobProgress: {'identifier': 'utils', 'progress': 'install'}
[0.396259] (utils) Command: {'cmd': ['/usr/bin/cmake', '--install', '/home/davide-pillon/Desktop/Brain_DEII/brain/build/utils'], 'cwd': '/home/davide-pillon/Desktop/Brain_DEII/brain/build/utils', 'env': OrderedDict({'LESSOPEN': '| /usr/bin/lesspipe %s', 'GZ_SIM_RESOURCE_PATH': '/opt/ros/jazzy/share', 'USER': 'davide-pillon', 'GZ_CONFIG_PATH': '/opt/ros/jazzy/opt/gz_sim_vendor/share/gz:/opt/ros/jazzy/opt/sdformat_vendor/share/gz:/opt/ros/jazzy/opt/gz_gui_vendor/share/gz:/opt/ros/jazzy/opt/gz_transport_vendor/share/gz:/opt/ros/jazzy/opt/gz_rendering_vendor/share/gz:/opt/ros/jazzy/opt/gz_plugin_vendor/share/gz:/opt/ros/jazzy/opt/gz_fuel_tools_vendor/share/gz:/opt/ros/jazzy/opt/gz_msgs_vendor/share/gz:/opt/ros/jazzy/opt/gz_common_vendor/share/gz', 'XDG_SESSION_TYPE': 'wayland', 'CLUTTER_DISABLE_MIPMAPPED_TEXT': '1', 'SHLVL': '2', 'LD_LIBRARY_PATH': '/opt/ros/jazzy/opt/gz_sim_vendor/lib:/opt/ros/jazzy/opt/gz_sensors_vendor/lib:/opt/ros/jazzy/opt/gz_physics_vendor/lib:/opt/ros/jazzy/opt/sdformat_vendor/lib:/opt/ros/jazzy/opt/rviz_ogre_vendor/lib:/opt/ros/jazzy/lib/x86_64-linux-gnu:/opt/ros/jazzy/opt/gz_gui_vendor/lib:/opt/ros/jazzy/opt/gz_transport_vendor/lib:/opt/ros/jazzy/opt/gz_rendering_vendor/lib:/opt/ros/jazzy/opt/gz_plugin_vendor/lib:/opt/ros/jazzy/opt/gz_fuel_tools_vendor/lib:/opt/ros/jazzy/opt/gz_msgs_vendor/lib:/opt/ros/jazzy/opt/gz_common_vendor/lib:/opt/ros/jazzy/opt/gz_math_vendor/lib:/opt/ros/jazzy/opt/gz_utils_vendor/lib:/opt/ros/jazzy/opt/gz_tools_vendor/lib:/opt/ros/jazzy/opt/gz_ogre_next_vendor/lib:/opt/ros/jazzy/opt/gz_dartsim_vendor/lib:/opt/ros/jazzy/opt/gz_cmake_vendor/lib:/opt/ros/jazzy/lib', 'HOME': '/home/davide-pillon', 'OLDPWD': '/home/davide-pillon/Desktop/Brain_DEII', 'DESKTOP_SESSION': 'ubuntu', 'ROS_PYTHON_VERSION': '3', 'GNOME_SHELL_SESSION_MODE': 'ubuntu', 'GTK_MODULES': 'gail:atk-bridge', 'SYSTEMD_EXEC_PID': '2226', 'GSM_SKIP_SSH_AGENT_WORKAROUND': 'true', 'DBUS_SESSION_BUS_ADDRESS': 'unix:path=/run/user/1000/bus', 'COLORTERM': 'truecolor', 'TERMINATOR_DBUS_NAME': 'net.tenshu.Terminator25ef4b219e3b005583550f2b0f9f990c3', 'DEBUGINFOD_URLS': 'https://debuginfod.ubuntu.com', 'IM_CONFIG_PHASE': '1', 'WAYLAND_DISPLAY': 'wayland-0', 'ROS_DISTRO': 'jazzy', 'LOGNAME': 'davide-pillon', 'IGN_GAZEBO_MODEL_PATH': '/opt/ros/jazzy/share', '_': '/usr/bin/colcon', 'ROS_VERSION': '2', 'MEMORY_PRESSURE_WATCH': '/sys/fs/cgroup/user.slice/user-1000.slice/user@1000.service/session.slice/org.gnome.Shell@wayland.service/memory.pressure', 'XDG_SESSION_CLASS': 'user', 'USERNAME': 'davide-pillon', 'TERM': 'xterm-256color', 'GAZEBO_MODEL_PATH': '/opt/ros/jazzy/share', 'GNOME_DESKTOP_SESSION_ID': 'this-is-deprecated', 'PATH': '/opt/ros/jazzy/opt/gz_msgs_vendor/bin:/opt/ros/jazzy/opt/gz_tools_vendor/bin:/opt/ros/jazzy/opt/gz_ogre_next_vendor/bin:/opt/ros/jazzy/bin:/home/davide-pillon/.local/bin:/usr/local/sbin:/usr/local/bin:/usr/sbin:/usr/bin:/sbin:/bin:/usr/games:/usr/local/games:/snap/bin:/snap/bin:/home/davide-pillon/.local/bin:/home/davide-pillon/.local/bin', 'SESSION_MANAGER': 'local/davide-pillon-BOD-WXX9:@/tmp/.ICE-unix/2190,unix/davide-pillon-BOD-WXX9:/tmp/.ICE-unix/2190', 'XDG_MENU_PREFIX': 'gnome-', 'GNOME_TERMINAL_SCREEN': '/org/gnome/Terminal/screen/ce799c77_8fed_4b4c_8767_c3981f6c9c25', 'GNOME_SETUP_DISPLAY': ':1', 'XDG_RUNTIME_DIR': '/run/user/1000', 'DISPLAY': ':0', 'TERMINATOR_DBUS_PATH': '/net/tenshu/Terminator2', 'LANG': 'en_US.UTF-8', 'XDG_CURRENT_DESKTOP': 'ubuntu:GNOME', 'XMODIFIERS': '@im=ibus', 'XDG_SESSION_DESKTOP': 'ubuntu', 'XAUTHORITY': '/run/user/1000/.mutter-Xwaylandauth.RTQJP3', 'LS_COLORS': 'rs=0:di=01;34:ln=01;36:mh=00:pi=40;33:so=01;35:do=01;35:bd=40;33;01:cd=40;33;01:or=40;31;01:mi=00:su=37;41:sg=30;43:ca=00:tw=30;42:ow=34;42:st=37;44:ex=01;32:*.tar=01;31:*.tgz=01;31:*.arc=01;31:*.arj=01;31:*.taz=01;31:*.lha=01;31:*.lz4=01;31:*.lzh=01;31:*.lzma=01;31:*.tlz=01;31:*.txz=01;31:*.tzo=01;31:*.t7z=01;31:*.zip=01;31:*.z=01;31:*.dz=01;31:*.gz=01;31:*.lrz=01;31:*.lz=01;31:*.lzo=01;31:*.xz=01;31:*.zst=01;31:*.tzst=01;31:*.bz2=01;31:*.bz=01;31:*.tbz=01;31:*.tbz2=01;31:*.tz=01;31:*.deb=01;31:*.rpm=01;31:*.jar=01;31:*.war=01;31:*.ear=01;31:*.sar=01;31:*.rar=01;31:*.alz=01;31:*.ace=01;31:*.zoo=01;31:*.cpio=01;31:*.7z=01;31:*.rz=01;31:*.cab=01;31:*.wim=01;31:*.swm=01;31:*.dwm=01;31:*.esd=01;31:*.avif=01;35:*.jpg=01;35:*.jpeg=01;35:*.mjpg=01;35:*.mjpeg=01;35:*.gif=01;35:*.bmp=01;35:*.pbm=01;35:*.pgm=01;35:*.ppm=01;35:*.tga=01;35:*.xbm=01;35:*.xpm=01;35:*.tif=01;35:*.tiff=01;35:*.png=01;35:*.svg=01;35:*.svgz=01;35:*.mng=01;35:*.pcx=01;35:*.mov=01;35:*.mpg=01;35:*.mpeg=01;35:*.m2v=01;35:*.mkv=01;35:*.webm=01;35:*.webp=01;35:*.ogm=01;35:*.mp4=01;35:*.m4v=01;35:*.mp4v=01;35:*.vob=01;35:*.qt=01;35:*.nuv=01;35:*.wmv=01;35:*.asf=01;35:*.rm=01;35:*.rmvb=01;35:*.flc=01;35:*.avi=01;35:*.fli=01;35:*.flv=01;35:*.gl=01;35:*.dl=01;35:*.xcf=01;35:*.xwd=01;35:*.yuv=01;35:*.cgm=01;35:*.emf=01;35:*.ogv=01;35:*.ogx=01;35:*.aac=00;36:*.au=00;36:*.flac=00;36:*.m4a=00;36:*.mid=00;36:*.midi=00;36:*.mka=00;36:*.mp3=00;36:*.mpc=00;36:*.ogg=00;36:*.ra=00;36:*.wav=00;36:*.oga=00;36:*.opus=00;36:*.spx=00;36:*.xspf=00;36:*~=00;90:*#=00;90:*.bak=00;90:*.crdownload=00;90:*.dpkg-dist=00;90:*.dpkg-new=00;90:*.dpkg-old=00;90:*.dpkg-tmp=00;90:*.old=00;90:*.orig=00;90:*.part=00;90:*.rej=00;90:*.rpmnew=00;90:*.rpmorig=00;90:*.rpmsave=00;90:*.swp=00;90:*.tmp=00;90:*.ucf-dist=00;90:*.ucf-new=00;90:*.ucf-old=00;90:', 'GNOME_TERMINAL_SERVICE': ':1.149', 'SSH_AUTH_SOCK': '/run/user/1000/keyring/ssh', 'AMENT_PREFIX_PATH': '/opt/ros/jazzy', 'SHELL': '/bin/bash', 'TERMINATOR_UUID': 'urn:uuid:efd2288e-d93d-44d7-8b69-ba3352931f37', 'QT_ACCESSIBILITY': '1', 'GDMSESSION': 'ubuntu', 'LESSCLOSE': '/usr/bin/lesspipe %s %s', 'IGN_GAZEBO_RESOURCE_PATH': '/opt/ros/jazzy/share', 'GAZEBO_RESOURCE_PATH': '/opt/ros/jazzy/share', 'ROS_AUTOMATIC_DISCOVERY_RANGE': 'SUBNET', 'QT_IM_MODULE': 'ibus', 'PWD': '/home/davide-pillon/Desktop/Brain_DEII/brain/build/utils', 'LC_ALL': 'en_US.UTF-8', 'XDG_CONFIG_DIRS': '/etc/xdg/xdg-ubuntu:/etc/xdg', 'XDG_DATA_DIRS': '/usr/share/ubuntu:/usr/share/gnome:/home/davide-pillon/.local/share/flatpak/exports/share:/var/lib/flatpak/exports/share:/usr/local/share/:/usr/share/:/var/lib/snapd/desktop', 'PYTHONPATH': '/opt/ros/jazzy/lib/python3.12/site-packages', 'COLCON': '1', 'MEMORY_PRESSURE_WRITE': 'c29tZSAyMDAwMDAgMjAwMDAwMAA=', 'VTE_VERSION': '7600', 'CMAKE_PREFIX_PATH': '/opt/ros/jazzy/opt/gz_sim_vendor:/opt/ros/jazzy/opt/gz_sensors_vendor:/opt/ros/jazzy/opt/gz_physics_vendor:/opt/ros/jazzy/opt/sdformat_vendor:/opt/ros/jazzy/opt/gz_gui_vendor:/opt/ros/jazzy/opt/gz_transport_vendor:/opt/ros/jazzy/opt/gz_rendering_vendor:/opt/ros/jazzy/opt/gz_plugin_vendor:/opt/ros/jazzy/opt/gz_fuel_tools_vendor:/opt/ros/jazzy/opt/gz_msgs_vendor:/opt/ros/jazzy/opt/gz_common_vendor:/opt/ros/jazzy/opt/gz_math_vendor:/opt/ros/jazzy/opt/gz_utils_vendor:/opt/ros/jazzy/opt/gz_tools_vendor:/opt/ros/jazzy/opt/gz_ogre_next_vendor:/opt/ros/jazzy/opt/gz_dartsim_vendor:/opt/ros/jazzy/opt/gz_cmake_vendor:/opt/ros/jazzy'}), 'shell': False}
[0.401299] (-) TimerEvent: {}
[0.403192] (utils) StdoutLine: {'line': b'-- Install configuration: ""\n'}
[0.403453] (utils) StdoutLine: {'line': b'-- Up-to-date: /home/davide-pillon/Desktop/Brain_DEII/brain/install/utils/share/ament_index/resource_index/rosidl_interfaces/utils\n'}
[0.403564] (utils) StdoutLine: {'line': b'-- Up-to-date: /home/davide-pillon/Desktop/Brain_DEII/brain/install/utils/share/utils/msg/IMU.json\n'}
[0.403663] (utils) StdoutLine: {'line': b'-- Up-to-date: /home/davide-pillon/Desktop/Brain_DEII/brain/install/utils/share/utils/msg/Localisation.json\n'}
[0.403763] (utils) StdoutLine: {'line': b'-- Up-to-date: /home/davide-pillon/Desktop/Brain_DEII/brain/install/utils/share/utils/msg/Vehicles.json\n'}
[0.403921] (utils) StdoutLine: {'line': b'-- Up-to-date: /home/davide-pillon/Desktop/Brain_DEII/brain/install/utils/share/utils/msg/Environmental.json\n'}
[0.404042] (utils) StdoutLine: {'line': b'-- Up-to-date: /home/davide-pillon/Desktop/Brain_DEII/brain/install/utils/share/utils/msg/Log.json\n'}
[0.404159] (utils) StdoutLine: {'line': b'-- Up-to-date: /home/davide-pillon/Desktop/Brain_DEII/brain/install/utils/share/utils/msg/TopicInfo.json\n'}
[0.404266] (utils) StdoutLine: {'line': b'-- Up-to-date: /home/davide-pillon/Desktop/Brain_DEII/brain/install/utils/share/utils/msg/Semaphore.json\n'}
[0.404373] (utils) StdoutLine: {'line': b'-- Up-to-date: /home/davide-pillon/Desktop/Brain_DEII/brain/install/utils/share/utils/msg/Conditions.json\n'}
[0.404623] (utils) StdoutLine: {'line': b'-- Up-to-date: /home/davide-pillon/Desktop/Brain_DEII/brain/install/utils/share/utils/msg/Trafficsignprediction.json\n'}
[0.404801] (utils) StdoutLine: {'line': b'-- Up-to-date: /home/davide-pillon/Desktop/Brain_DEII/brain/install/utils/share/utils/srv/Subscribing.json\n'}
[0.404922] (utils) StdoutLine: {'line': b'-- Up-to-date: /home/davide-pillon/Desktop/Brain_DEII/brain/install/utils/share/utils/srv/RequestParam.json\n'}
[0.405083] (utils) StdoutLine: {'line': b'-- Up-to-date: /home/davide-pillon/Desktop/Brain_DEII/brain/install/utils/include/utils/utils\n'}
[0.405232] (utils) StdoutLine: {'line': b'-- Up-to-date: /home/davide-pillon/Desktop/Brain_DEII/brain/install/utils/include/utils/utils/srv\n'}
[0.405348] (utils) StdoutLine: {'line': b'-- Up-to-date: /home/davide-pillon/Desktop/Brain_DEII/brain/install/utils/include/utils/utils/srv/detail\n'}
[0.405531] (utils) StdoutLine: {'line': b'-- Up-to-date: /home/davide-pillon/Desktop/Brain_DEII/brain/install/utils/include/utils/utils/srv/detail/subscribing__type_support.h\n'}
[0.405636] (utils) StdoutLine: {'line': b'-- Up-to-date: /home/davide-pillon/Desktop/Brain_DEII/brain/install/utils/include/utils/utils/srv/detail/request_param__functions.c\n'}
[0.405756] (utils) StdoutLine: {'line': b'-- Up-to-date: /home/davide-pillon/Desktop/Brain_DEII/brain/install/utils/include/utils/utils/srv/detail/subscribing__type_support.c\n'}
[0.405932] (utils) StdoutLine: {'line': b'-- Installing: /home/davide-pillon/Desktop/Brain_DEII/brain/install/utils/include/utils/utils/srv/detail/request_param__type_support.c\n'}
[0.406066] (utils) StdoutLine: {'line': b'-- Up-to-date: /home/davide-pillon/Desktop/Brain_DEII/brain/install/utils/include/utils/utils/srv/detail/subscribing__description.c\n'}
[0.406180] (utils) StdoutLine: {'line': b'-- Up-to-date: /home/davide-pillon/Desktop/Brain_DEII/brain/install/utils/include/utils/utils/srv/detail/request_param__type_support.h\n'}
[0.406318] (utils) StdoutLine: {'line': b'-- Up-to-date: /home/davide-pillon/Desktop/Brain_DEII/brain/install/utils/include/utils/utils/srv/detail/request_param__struct.h\n'}
[0.406470] (utils) StdoutLine: {'line': b'-- Up-to-date: /home/davide-pillon/Desktop/Brain_DEII/brain/install/utils/include/utils/utils/srv/detail/request_param__description.c\n'}
[0.406579] (utils) StdoutLine: {'line': b'-- Up-to-date: /home/davide-pillon/Desktop/Brain_DEII/brain/install/utils/include/utils/utils/srv/detail/request_param__functions.h\n'}
[0.406690] (utils) StdoutLine: {'line': b'-- Up-to-date: /home/davide-pillon/Desktop/Brain_DEII/brain/install/utils/include/utils/utils/srv/detail/subscribing__functions.h\n'}
[0.406819] (utils) StdoutLine: {'line': b'-- Up-to-date: /home/davide-pillon/Desktop/Brain_DEII/brain/install/utils/include/utils/utils/srv/detail/subscribing__functions.c\n'}
[0.406952] (utils) StdoutLine: {'line': b'-- Up-to-date: /home/davide-pillon/Desktop/Brain_DEII/brain/install/utils/include/utils/utils/srv/detail/subscribing__struct.h\n'}
[0.407072] (utils) StdoutLine: {'line': b'-- Up-to-date: /home/davide-pillon/Desktop/Brain_DEII/brain/install/utils/include/utils/utils/srv/subscribing.h\n'}
[0.407186] (utils) StdoutLine: {'line': b'-- Up-to-date: /home/davide-pillon/Desktop/Brain_DEII/brain/install/utils/include/utils/utils/srv/request_param.h\n'}
[0.407305] (utils) StdoutLine: {'line': b'-- Up-to-date: /home/davide-pillon/Desktop/Brain_DEII/brain/install/utils/include/utils/utils/msg\n'}
[0.407424] (utils) StdoutLine: {'line': b'-- Up-to-date: /home/davide-pillon/Desktop/Brain_DEII/brain/install/utils/include/utils/utils/msg/trafficsignprediction.h\n'}
[0.407536] (utils) StdoutLine: {'line': b'-- Up-to-date: /home/davide-pillon/Desktop/Brain_DEII/brain/install/utils/include/utils/utils/msg/localisation.h\n'}
[0.407665] (utils) StdoutLine: {'line': b'-- Up-to-date: /home/davide-pillon/Desktop/Brain_DEII/brain/install/utils/include/utils/utils/msg/conditions.h\n'}
[0.407777] (utils) StdoutLine: {'line': b'-- Up-to-date: /home/davide-pillon/Desktop/Brain_DEII/brain/install/utils/include/utils/utils/msg/imu.h\n'}
[0.407888] (utils) StdoutLine: {'line': b'-- Up-to-date: /home/davide-pillon/Desktop/Brain_DEII/brain/install/utils/include/utils/utils/msg/topic_info.h\n'}
[0.408003] (utils) StdoutLine: {'line': b'-- Up-to-date: /home/davide-pillon/Desktop/Brain_DEII/brain/install/utils/include/utils/utils/msg/log.h\n'}
[0.408140] (utils) StdoutLine: {'line': b'-- Up-to-date: /home/davide-pillon/Desktop/Brain_DEII/brain/install/utils/include/utils/utils/msg/detail\n'}
[0.408290] (utils) StdoutLine: {'line': b'-- Up-to-date: /home/davide-pillon/Desktop/Brain_DEII/brain/install/utils/include/utils/utils/msg/detail/imu__functions.c\n'}
[0.408443] (utils) StdoutLine: {'line': b'-- Up-to-date: /home/davide-pillon/Desktop/Brain_DEII/brain/install/utils/include/utils/utils/msg/detail/imu__description.c\n'}
[0.408600] (utils) StdoutLine: {'line': b'-- Installing: /home/davide-pillon/Desktop/Brain_DEII/brain/install/utils/include/utils/utils/msg/detail/trafficsignprediction__type_support.c\n'}
[0.408755] (utils) StdoutLine: {'line': b'-- Up-to-date: /home/davide-pillon/Desktop/Brain_DEII/brain/install/utils/include/utils/utils/msg/detail/log__struct.h\n'}
[0.409139] (utils) StdoutLine: {'line': b'-- Up-to-date: /home/davide-pillon/Desktop/Brain_DEII/brain/install/utils/include/utils/utils/msg/detail/semaphore__functions.h\n'}
[0.409271] (utils) StdoutLine: {'line': b'-- Up-to-date: /home/davide-pillon/Desktop/Brain_DEII/brain/install/utils/include/utils/utils/msg/detail/conditions__functions.c\n'}
[0.409381] (utils) StdoutLine: {'line': b'-- Up-to-date: /home/davide-pillon/Desktop/Brain_DEII/brain/install/utils/include/utils/utils/msg/detail/vehicles__type_support.h\n'}
[0.409518] (utils) StdoutLine: {'line': b'-- Up-to-date: /home/davide-pillon/Desktop/Brain_DEII/brain/install/utils/include/utils/utils/msg/detail/environmental__struct.h\n'}
[0.409672] (utils) StdoutLine: {'line': b'-- Up-to-date: /home/davide-pillon/Desktop/Brain_DEII/brain/install/utils/include/utils/utils/msg/detail/topic_info__description.c\n'}
[0.409813] (utils) StdoutLine: {'line': b'-- Up-to-date: /home/davide-pillon/Desktop/Brain_DEII/brain/install/utils/include/utils/utils/msg/detail/topic_info__functions.h\n'}
[0.409925] (utils) StdoutLine: {'line': b'-- Up-to-date: /home/davide-pillon/Desktop/Brain_DEII/brain/install/utils/include/utils/utils/msg/detail/vehicles__functions.h\n'}
[0.410033] (utils) StdoutLine: {'line': b'-- Up-to-date: /home/davide-pillon/Desktop/Brain_DEII/brain/install/utils/include/utils/utils/msg/detail/trafficsignprediction__struct.h\n'}
[0.410143] (utils) StdoutLine: {'line': b'-- Up-to-date: /home/davide-pillon/Desktop/Brain_DEII/brain/install/utils/include/utils/utils/msg/detail/localisation__type_support.h\n'}
[0.410274] (utils) StdoutLine: {'line': b'-- Up-to-date: /home/davide-pillon/Desktop/Brain_DEII/brain/install/utils/include/utils/utils/msg/detail/imu__functions.h\n'}
[0.410397] (utils) StdoutLine: {'line': b'-- Up-to-date: /home/davide-pillon/Desktop/Brain_DEII/brain/install/utils/include/utils/utils/msg/detail/trafficsignprediction__type_support.h\n'}
[0.410512] (utils) StdoutLine: {'line': b'-- Installing: /home/davide-pillon/Desktop/Brain_DEII/brain/install/utils/include/utils/utils/msg/detail/localisation__type_support.c\n'}
[0.410639] (utils) StdoutLine: {'line': b'-- Up-to-date: /home/davide-pillon/Desktop/Brain_DEII/brain/install/utils/include/utils/utils/msg/detail/environmental__functions.h\n'}
[0.410736] (utils) StdoutLine: {'line': b'-- Installing: /home/davide-pillon/Desktop/Brain_DEII/brain/install/utils/include/utils/utils/msg/detail/environmental__type_support.c\n'}
[0.410834] (utils) StdoutLine: {'line': b'-- Installing: /home/davide-pillon/Desktop/Brain_DEII/brain/install/utils/include/utils/utils/msg/detail/semaphore__type_support.c\n'}
[0.410932] (utils) StdoutLine: {'line': b'-- Up-to-date: /home/davide-pillon/Desktop/Brain_DEII/brain/install/utils/include/utils/utils/msg/detail/vehicles__functions.c\n'}
[0.411044] (utils) StdoutLine: {'line': b'-- Up-to-date: /home/davide-pillon/Desktop/Brain_DEII/brain/install/utils/include/utils/utils/msg/detail/conditions__functions.h\n'}
[0.411142] (utils) StdoutLine: {'line': b'-- Up-to-date: /home/davide-pillon/Desktop/Brain_DEII/brain/install/utils/include/utils/utils/msg/detail/conditions__struct.h\n'}
[0.411354] (utils) StdoutLine: {'line': b'-- Up-to-date: /home/davide-pillon/Desktop/Brain_DEII/brain/install/utils/include/utils/utils/msg/detail/log__functions.c\n'}
[0.411452] (utils) StdoutLine: {'line': b'-- Installing: /home/davide-pillon/Desktop/Brain_DEII/brain/install/utils/include/utils/utils/msg/detail/imu__type_support.c\n'}
[0.411547] (utils) StdoutLine: {'line': b'-- Up-to-date: /home/davide-pillon/Desktop/Brain_DEII/brain/install/utils/include/utils/utils/msg/detail/semaphore__type_support.h\n'}
[0.411644] (utils) StdoutLine: {'line': b'-- Up-to-date: /home/davide-pillon/Desktop/Brain_DEII/brain/install/utils/include/utils/utils/msg/detail/topic_info__functions.c\n'}
[0.411740] (utils) StdoutLine: {'line': b'-- Up-to-date: /home/davide-pillon/Desktop/Brain_DEII/brain/install/utils/include/utils/utils/msg/detail/topic_info__struct.h\n'}
[0.411834] (utils) StdoutLine: {'line': b'-- Up-to-date: /home/davide-pillon/Desktop/Brain_DEII/brain/install/utils/include/utils/utils/msg/detail/conditions__type_support.c\n'}
[0.411928] (utils) StdoutLine: {'line': b'-- Up-to-date: /home/davide-pillon/Desktop/Brain_DEII/brain/install/utils/include/utils/utils/msg/detail/environmental__description.c\n'}
[0.412035] (utils) StdoutLine: {'line': b'-- Installing: /home/davide-pillon/Desktop/Brain_DEII/brain/install/utils/include/utils/utils/msg/detail/topic_info__type_support.c\n'}
[0.412143] (utils) StdoutLine: {'line': b'-- Installing: /home/davide-pillon/Desktop/Brain_DEII/brain/install/utils/include/utils/utils/msg/detail/vehicles__type_support.c\n'}
[0.412244] (utils) StdoutLine: {'line': b'-- Up-to-date: /home/davide-pillon/Desktop/Brain_DEII/brain/install/utils/include/utils/utils/msg/detail/environmental__type_support.h\n'}
[0.412339] (utils) StdoutLine: {'line': b'-- Up-to-date: /home/davide-pillon/Desktop/Brain_DEII/brain/install/utils/include/utils/utils/msg/detail/log__type_support.h\n'}
[0.412435] (utils) StdoutLine: {'line': b'-- Up-to-date: /home/davide-pillon/Desktop/Brain_DEII/brain/install/utils/include/utils/utils/msg/detail/topic_info__type_support.h\n'}
[0.412529] (utils) StdoutLine: {'line': b'-- Up-to-date: /home/davide-pillon/Desktop/Brain_DEII/brain/install/utils/include/utils/utils/msg/detail/semaphore__struct.h\n'}
[0.412625] (utils) StdoutLine: {'line': b'-- Up-to-date: /home/davide-pillon/Desktop/Brain_DEII/brain/install/utils/include/utils/utils/msg/detail/localisation__struct.h\n'}
[0.412722] (utils) StdoutLine: {'line': b'-- Up-to-date: /home/davide-pillon/Desktop/Brain_DEII/brain/install/utils/include/utils/utils/msg/detail/localisation__functions.h\n'}
[0.412817] (utils) StdoutLine: {'line': b'-- Up-to-date: /home/davide-pillon/Desktop/Brain_DEII/brain/install/utils/include/utils/utils/msg/detail/conditions__description.c\n'}
[0.412911] (utils) StdoutLine: {'line': b'-- Up-to-date: /home/davide-pillon/Desktop/Brain_DEII/brain/install/utils/include/utils/utils/msg/detail/semaphore__description.c\n'}
[0.413016] (utils) StdoutLine: {'line': b'-- Up-to-date: /home/davide-pillon/Desktop/Brain_DEII/brain/install/utils/include/utils/utils/msg/detail/localisation__description.c\n'}
[0.413119] (utils) StdoutLine: {'line': b'-- Up-to-date: /home/davide-pillon/Desktop/Brain_DEII/brain/install/utils/include/utils/utils/msg/detail/localisation__functions.c\n'}
[0.413214] (utils) StdoutLine: {'line': b'-- Up-to-date: /home/davide-pillon/Desktop/Brain_DEII/brain/install/utils/include/utils/utils/msg/detail/conditions__type_support.h\n'}
[0.413308] (utils) StdoutLine: {'line': b'-- Up-to-date: /home/davide-pillon/Desktop/Brain_DEII/brain/install/utils/include/utils/utils/msg/detail/imu__struct.h\n'}
[0.413402] (utils) StdoutLine: {'line': b'-- Up-to-date: /home/davide-pillon/Desktop/Brain_DEII/brain/install/utils/include/utils/utils/msg/detail/log__description.c\n'}
[0.413496] (utils) StdoutLine: {'line': b'-- Up-to-date: /home/davide-pillon/Desktop/Brain_DEII/brain/install/utils/include/utils/utils/msg/detail/trafficsignprediction__functions.h\n'}
[0.413592] (utils) StdoutLine: {'line': b'-- Up-to-date: /home/davide-pillon/Desktop/Brain_DEII/brain/install/utils/include/utils/utils/msg/detail/environmental__functions.c\n'}
[0.413689] (utils) StdoutLine: {'line': b'-- Up-to-date: /home/davide-pillon/Desktop/Brain_DEII/brain/install/utils/include/utils/utils/msg/detail/log__functions.h\n'}
[0.413783] (utils) StdoutLine: {'line': b'-- Up-to-date: /home/davide-pillon/Desktop/Brain_DEII/brain/install/utils/include/utils/utils/msg/detail/semaphore__functions.c\n'}
[0.413876] (utils) StdoutLine: {'line': b'-- Up-to-date: /home/davide-pillon/Desktop/Brain_DEII/brain/install/utils/include/utils/utils/msg/detail/vehicles__description.c\n'}
[0.413971] (utils) StdoutLine: {'line': b'-- Up-to-date: /home/davide-pillon/Desktop/Brain_DEII/brain/install/utils/include/utils/utils/msg/detail/imu__type_support.h\n'}
[0.414075] (utils) StdoutLine: {'line': b'-- Up-to-date: /home/davide-pillon/Desktop/Brain_DEII/brain/install/utils/include/utils/utils/msg/detail/trafficsignprediction__description.c\n'}
[0.414169] (utils) StdoutLine: {'line': b'-- Up-to-date: /home/davide-pillon/Desktop/Brain_DEII/brain/install/utils/include/utils/utils/msg/detail/vehicles__struct.h\n'}
[0.414264] (utils) StdoutLine: {'line': b'-- Up-to-date: /home/davide-pillon/Desktop/Brain_DEII/brain/install/utils/include/utils/utils/msg/detail/trafficsignprediction__functions.c\n'}
[0.414372] (utils) StdoutLine: {'line': b'-- Installing: /home/davide-pillon/Desktop/Brain_DEII/brain/install/utils/include/utils/utils/msg/detail/log__type_support.c\n'}
[0.414472] (utils) StdoutLine: {'line': b'-- Up-to-date: /home/davide-pillon/Desktop/Brain_DEII/brain/install/utils/include/utils/utils/msg/environmental.h\n'}
[0.414567] (utils) StdoutLine: {'line': b'-- Up-to-date: /home/davide-pillon/Desktop/Brain_DEII/brain/install/utils/include/utils/utils/msg/rosidl_generator_c__visibility_control.h\n'}
[0.414661] (utils) StdoutLine: {'line': b'-- Up-to-date: /home/davide-pillon/Desktop/Brain_DEII/brain/install/utils/include/utils/utils/msg/semaphore.h\n'}
[0.414755] (utils) StdoutLine: {'line': b'-- Up-to-date: /home/davide-pillon/Desktop/Brain_DEII/brain/install/utils/include/utils/utils/msg/vehicles.h\n'}
[0.414848] (utils) StdoutLine: {'line': b'-- Up-to-date: /home/davide-pillon/Desktop/Brain_DEII/brain/install/utils/share/utils/environment/library_path.dsv\n'}
[0.414942] (utils) StdoutLine: {'line': b'-- Up-to-date: /home/davide-pillon/Desktop/Brain_DEII/brain/install/utils/lib/libutils__rosidl_generator_c.so\n'}
[0.415048] (utils) StdoutLine: {'line': b'-- Up-to-date: /home/davide-pillon/Desktop/Brain_DEII/brain/install/utils/include/utils/utils\n'}
[0.415146] (utils) StdoutLine: {'line': b'-- Up-to-date: /home/davide-pillon/Desktop/Brain_DEII/brain/install/utils/include/utils/utils/srv\n'}
[0.415241] (utils) StdoutLine: {'line': b'-- Up-to-date: /home/davide-pillon/Desktop/Brain_DEII/brain/install/utils/include/utils/utils/srv/detail\n'}
[0.415334] (utils) StdoutLine: {'line': b'-- Up-to-date: /home/davide-pillon/Desktop/Brain_DEII/brain/install/utils/include/utils/utils/srv/detail/subscribing__rosidl_typesupport_fastrtps_c.h\n'}
[0.415427] (utils) StdoutLine: {'line': b'-- Up-to-date: /home/davide-pillon/Desktop/Brain_DEII/brain/install/utils/include/utils/utils/srv/detail/request_param__rosidl_typesupport_fastrtps_c.h\n'}
[0.415521] (utils) StdoutLine: {'line': b'-- Up-to-date: /home/davide-pillon/Desktop/Brain_DEII/brain/install/utils/include/utils/utils/msg\n'}
[0.415614] (utils) StdoutLine: {'line': b'-- Up-to-date: /home/davide-pillon/Desktop/Brain_DEII/brain/install/utils/include/utils/utils/msg/rosidl_typesupport_fastrtps_c__visibility_control.h\n'}
[0.415708] (utils) StdoutLine: {'line': b'-- Up-to-date: /home/davide-pillon/Desktop/Brain_DEII/brain/install/utils/include/utils/utils/msg/detail\n'}
[0.415802] (utils) StdoutLine: {'line': b'-- Up-to-date: /home/davide-pillon/Desktop/Brain_DEII/brain/install/utils/include/utils/utils/msg/detail/semaphore__rosidl_typesupport_fastrtps_c.h\n'}
[0.415896] (utils) StdoutLine: {'line': b'-- Up-to-date: /home/davide-pillon/Desktop/Brain_DEII/brain/install/utils/include/utils/utils/msg/detail/localisation__rosidl_typesupport_fastrtps_c.h\n'}
[0.416000] (utils) StdoutLine: {'line': b'-- Up-to-date: /home/davide-pillon/Desktop/Brain_DEII/brain/install/utils/include/utils/utils/msg/detail/log__rosidl_typesupport_fastrtps_c.h\n'}
[0.416098] (utils) StdoutLine: {'line': b'-- Up-to-date: /home/davide-pillon/Desktop/Brain_DEII/brain/install/utils/include/utils/utils/msg/detail/trafficsignprediction__rosidl_typesupport_fastrtps_c.h\n'}
[0.416188] (utils) StdoutLine: {'line': b'-- Up-to-date: /home/davide-pillon/Desktop/Brain_DEII/brain/install/utils/include/utils/utils/msg/detail/topic_info__rosidl_typesupport_fastrtps_c.h\n'}
[0.416282] (utils) StdoutLine: {'line': b'-- Up-to-date: /home/davide-pillon/Desktop/Brain_DEII/brain/install/utils/include/utils/utils/msg/detail/vehicles__rosidl_typesupport_fastrtps_c.h\n'}
[0.416377] (utils) StdoutLine: {'line': b'-- Up-to-date: /home/davide-pillon/Desktop/Brain_DEII/brain/install/utils/include/utils/utils/msg/detail/conditions__rosidl_typesupport_fastrtps_c.h\n'}
[0.416471] (utils) StdoutLine: {'line': b'-- Up-to-date: /home/davide-pillon/Desktop/Brain_DEII/brain/install/utils/include/utils/utils/msg/detail/imu__rosidl_typesupport_fastrtps_c.h\n'}
[0.416562] (utils) StdoutLine: {'line': b'-- Up-to-date: /home/davide-pillon/Desktop/Brain_DEII/brain/install/utils/include/utils/utils/msg/detail/environmental__rosidl_typesupport_fastrtps_c.h\n'}
[0.416662] (utils) StdoutLine: {'line': b'-- Up-to-date: /home/davide-pillon/Desktop/Brain_DEII/brain/install/utils/lib/libutils__rosidl_typesupport_fastrtps_c.so\n'}
[0.416758] (utils) StdoutLine: {'line': b'-- Up-to-date: /home/davide-pillon/Desktop/Brain_DEII/brain/install/utils/include/utils/utils\n'}
[0.416851] (utils) StdoutLine: {'line': b'-- Up-to-date: /home/davide-pillon/Desktop/Brain_DEII/brain/install/utils/include/utils/utils/srv\n'}
[0.416945] (utils) StdoutLine: {'line': b'-- Up-to-date: /home/davide-pillon/Desktop/Brain_DEII/brain/install/utils/include/utils/utils/srv/detail\n'}
[0.417048] (utils) StdoutLine: {'line': b'-- Up-to-date: /home/davide-pillon/Desktop/Brain_DEII/brain/install/utils/include/utils/utils/srv/detail/subscribing__type_support.c\n'}
[0.417143] (utils) StdoutLine: {'line': b'-- Installing: /home/davide-pillon/Desktop/Brain_DEII/brain/install/utils/include/utils/utils/srv/detail/request_param__type_support.c\n'}
[0.417237] (utils) StdoutLine: {'line': b'-- Up-to-date: /home/davide-pillon/Desktop/Brain_DEII/brain/install/utils/include/utils/utils/srv/detail/subscribing__rosidl_typesupport_introspection_c.h\n'}
[0.417332] (utils) StdoutLine: {'line': b'-- Up-to-date: /home/davide-pillon/Desktop/Brain_DEII/brain/install/utils/include/utils/utils/srv/detail/request_param__rosidl_typesupport_introspection_c.h\n'}
[0.417433] (utils) StdoutLine: {'line': b'-- Up-to-date: /home/davide-pillon/Desktop/Brain_DEII/brain/install/utils/include/utils/utils/msg\n'}
[0.417524] (utils) StdoutLine: {'line': b'-- Up-to-date: /home/davide-pillon/Desktop/Brain_DEII/brain/install/utils/include/utils/utils/msg/rosidl_typesupport_introspection_c__visibility_control.h\n'}
[0.417616] (utils) StdoutLine: {'line': b'-- Up-to-date: /home/davide-pillon/Desktop/Brain_DEII/brain/install/utils/include/utils/utils/msg/detail\n'}
[0.417710] (utils) StdoutLine: {'line': b'-- Up-to-date: /home/davide-pillon/Desktop/Brain_DEII/brain/install/utils/include/utils/utils/msg/detail/environmental__rosidl_typesupport_introspection_c.h\n'}
[0.417802] (utils) StdoutLine: {'line': b'-- Installing: /home/davide-pillon/Desktop/Brain_DEII/brain/install/utils/include/utils/utils/msg/detail/trafficsignprediction__type_support.c\n'}
[0.417896] (utils) StdoutLine: {'line': b'-- Up-to-date: /home/davide-pillon/Desktop/Brain_DEII/brain/install/utils/include/utils/utils/msg/detail/conditions__rosidl_typesupport_introspection_c.h\n'}
[0.417993] (utils) StdoutLine: {'line': b'-- Installing: /home/davide-pillon/Desktop/Brain_DEII/brain/install/utils/include/utils/utils/msg/detail/localisation__type_support.c\n'}
[0.418094] (utils) StdoutLine: {'line': b'-- Installing: /home/davide-pillon/Desktop/Brain_DEII/brain/install/utils/include/utils/utils/msg/detail/environmental__type_support.c\n'}
[0.418188] (utils) StdoutLine: {'line': b'-- Installing: /home/davide-pillon/Desktop/Brain_DEII/brain/install/utils/include/utils/utils/msg/detail/semaphore__type_support.c\n'}
[0.418283] (utils) StdoutLine: {'line': b'-- Up-to-date: /home/davide-pillon/Desktop/Brain_DEII/brain/install/utils/include/utils/utils/msg/detail/log__rosidl_typesupport_introspection_c.h\n'}
[0.418378] (utils) StdoutLine: {'line': b'-- Installing: /home/davide-pillon/Desktop/Brain_DEII/brain/install/utils/include/utils/utils/msg/detail/imu__type_support.c\n'}
[0.418473] (utils) StdoutLine: {'line': b'-- Up-to-date: /home/davide-pillon/Desktop/Brain_DEII/brain/install/utils/include/utils/utils/msg/detail/conditions__type_support.c\n'}
[0.418566] (utils) StdoutLine: {'line': b'-- Installing: /home/davide-pillon/Desktop/Brain_DEII/brain/install/utils/include/utils/utils/msg/detail/topic_info__type_support.c\n'}
[0.418661] (utils) StdoutLine: {'line': b'-- Installing: /home/davide-pillon/Desktop/Brain_DEII/brain/install/utils/include/utils/utils/msg/detail/vehicles__type_support.c\n'}
[0.418761] (utils) StdoutLine: {'line': b'-- Up-to-date: /home/davide-pillon/Desktop/Brain_DEII/brain/install/utils/include/utils/utils/msg/detail/semaphore__rosidl_typesupport_introspection_c.h\n'}
[0.418861] (utils) StdoutLine: {'line': b'-- Up-to-date: /home/davide-pillon/Desktop/Brain_DEII/brain/install/utils/include/utils/utils/msg/detail/trafficsignprediction__rosidl_typesupport_introspection_c.h\n'}
[0.418957] (utils) StdoutLine: {'line': b'-- Up-to-date: /home/davide-pillon/Desktop/Brain_DEII/brain/install/utils/include/utils/utils/msg/detail/vehicles__rosidl_typesupport_introspection_c.h\n'}
[0.419063] (utils) StdoutLine: {'line': b'-- Up-to-date: /home/davide-pillon/Desktop/Brain_DEII/brain/install/utils/include/utils/utils/msg/detail/localisation__rosidl_typesupport_introspection_c.h\n'}
[0.419159] (utils) StdoutLine: {'line': b'-- Up-to-date: /home/davide-pillon/Desktop/Brain_DEII/brain/install/utils/include/utils/utils/msg/detail/topic_info__rosidl_typesupport_introspection_c.h\n'}
[0.419254] (utils) StdoutLine: {'line': b'-- Installing: /home/davide-pillon/Desktop/Brain_DEII/brain/install/utils/include/utils/utils/msg/detail/log__type_support.c\n'}
[0.419349] (utils) StdoutLine: {'line': b'-- Up-to-date: /home/davide-pillon/Desktop/Brain_DEII/brain/install/utils/include/utils/utils/msg/detail/imu__rosidl_typesupport_introspection_c.h\n'}
[0.419442] (utils) StdoutLine: {'line': b'-- Up-to-date: /home/davide-pillon/Desktop/Brain_DEII/brain/install/utils/lib/libutils__rosidl_typesupport_introspection_c.so\n'}
[0.419534] (utils) StdoutLine: {'line': b'-- Up-to-date: /home/davide-pillon/Desktop/Brain_DEII/brain/install/utils/lib/libutils__rosidl_typesupport_c.so\n'}
[0.419629] (utils) StdoutLine: {'line': b'-- Up-to-date: /home/davide-pillon/Desktop/Brain_DEII/brain/install/utils/include/utils/utils\n'}
[0.419725] (utils) StdoutLine: {'line': b'-- Up-to-date: /home/davide-pillon/Desktop/Brain_DEII/brain/install/utils/include/utils/utils/srv\n'}
[0.419822] (utils) StdoutLine: {'line': b'-- Up-to-date: /home/davide-pillon/Desktop/Brain_DEII/brain/install/utils/include/utils/utils/srv/request_param.hpp\n'}
[0.419916] (utils) StdoutLine: {'line': b'-- Up-to-date: /home/davide-pillon/Desktop/Brain_DEII/brain/install/utils/include/utils/utils/srv/subscribing.hpp\n'}
[0.420016] (utils) StdoutLine: {'line': b'-- Up-to-date: /home/davide-pillon/Desktop/Brain_DEII/brain/install/utils/include/utils/utils/srv/detail\n'}
[0.420114] (utils) StdoutLine: {'line': b'-- Up-to-date: /home/davide-pillon/Desktop/Brain_DEII/brain/install/utils/include/utils/utils/srv/detail/request_param__struct.hpp\n'}
[0.420207] (utils) StdoutLine: {'line': b'-- Up-to-date: /home/davide-pillon/Desktop/Brain_DEII/brain/install/utils/include/utils/utils/srv/detail/subscribing__struct.hpp\n'}
[0.420300] (utils) StdoutLine: {'line': b'-- Up-to-date: /home/davide-pillon/Desktop/Brain_DEII/brain/install/utils/include/utils/utils/srv/detail/request_param__type_support.hpp\n'}
[0.420402] (utils) StdoutLine: {'line': b'-- Up-to-date: /home/davide-pillon/Desktop/Brain_DEII/brain/install/utils/include/utils/utils/srv/detail/request_param__builder.hpp\n'}
[0.420497] (utils) StdoutLine: {'line': b'-- Up-to-date: /home/davide-pillon/Desktop/Brain_DEII/brain/install/utils/include/utils/utils/srv/detail/subscribing__builder.hpp\n'}
[0.420592] (utils) StdoutLine: {'line': b'-- Up-to-date: /home/davide-pillon/Desktop/Brain_DEII/brain/install/utils/include/utils/utils/srv/detail/subscribing__traits.hpp\n'}
[0.420688] (utils) StdoutLine: {'line': b'-- Up-to-date: /home/davide-pillon/Desktop/Brain_DEII/brain/install/utils/include/utils/utils/srv/detail/subscribing__type_support.hpp\n'}
[0.420783] (utils) StdoutLine: {'line': b'-- Up-to-date: /home/davide-pillon/Desktop/Brain_DEII/brain/install/utils/include/utils/utils/srv/detail/request_param__traits.hpp\n'}
[0.420881] (utils) StdoutLine: {'line': b'-- Up-to-date: /home/davide-pillon/Desktop/Brain_DEII/brain/install/utils/include/utils/utils/msg\n'}
[0.420959] (utils) StdoutLine: {'line': b'-- Up-to-date: /home/davide-pillon/Desktop/Brain_DEII/brain/install/utils/include/utils/utils/msg/environmental.hpp\n'}
[0.421068] (utils) StdoutLine: {'line': b'-- Up-to-date: /home/davide-pillon/Desktop/Brain_DEII/brain/install/utils/include/utils/utils/msg/conditions.hpp\n'}
[0.421171] (utils) StdoutLine: {'line': b'-- Up-to-date: /home/davide-pillon/Desktop/Brain_DEII/brain/install/utils/include/utils/utils/msg/localisation.hpp\n'}
[0.421265] (utils) StdoutLine: {'line': b'-- Up-to-date: /home/davide-pillon/Desktop/Brain_DEII/brain/install/utils/include/utils/utils/msg/semaphore.hpp\n'}
[0.421360] (utils) StdoutLine: {'line': b'-- Up-to-date: /home/davide-pillon/Desktop/Brain_DEII/brain/install/utils/include/utils/utils/msg/vehicles.hpp\n'}
[0.421452] (utils) StdoutLine: {'line': b'-- Up-to-date: /home/davide-pillon/Desktop/Brain_DEII/brain/install/utils/include/utils/utils/msg/detail\n'}
[0.421546] (utils) StdoutLine: {'line': b'-- Up-to-date: /home/davide-pillon/Desktop/Brain_DEII/brain/install/utils/include/utils/utils/msg/detail/environmental__traits.hpp\n'}
[0.421645] (utils) StdoutLine: {'line': b'-- Up-to-date: /home/davide-pillon/Desktop/Brain_DEII/brain/install/utils/include/utils/utils/msg/detail/environmental__struct.hpp\n'}
[0.421739] (utils) StdoutLine: {'line': b'-- Up-to-date: /home/davide-pillon/Desktop/Brain_DEII/brain/install/utils/include/utils/utils/msg/detail/imu__type_support.hpp\n'}
[0.421834] (utils) StdoutLine: {'line': b'-- Up-to-date: /home/davide-pillon/Desktop/Brain_DEII/brain/install/utils/include/utils/utils/msg/detail/semaphore__struct.hpp\n'}
[0.421930] (utils) StdoutLine: {'line': b'-- Up-to-date: /home/davide-pillon/Desktop/Brain_DEII/brain/install/utils/include/utils/utils/msg/detail/semaphore__traits.hpp\n'}
[0.422035] (utils) StdoutLine: {'line': b'-- Up-to-date: /home/davide-pillon/Desktop/Brain_DEII/brain/install/utils/include/utils/utils/msg/detail/localisation__struct.hpp\n'}
[0.422133] (utils) StdoutLine: {'line': b'-- Up-to-date: /home/davide-pillon/Desktop/Brain_DEII/brain/install/utils/include/utils/utils/msg/detail/log__type_support.hpp\n'}
[0.422229] (utils) StdoutLine: {'line': b'-- Up-to-date: /home/davide-pillon/Desktop/Brain_DEII/brain/install/utils/include/utils/utils/msg/detail/imu__builder.hpp\n'}
[0.422322] (utils) StdoutLine: {'line': b'-- Up-to-date: /home/davide-pillon/Desktop/Brain_DEII/brain/install/utils/include/utils/utils/msg/detail/conditions__traits.hpp\n'}
[0.422417] (utils) StdoutLine: {'line': b'-- Up-to-date: /home/davide-pillon/Desktop/Brain_DEII/brain/install/utils/include/utils/utils/msg/detail/vehicles__traits.hpp\n'}
[0.422512] (utils) StdoutLine: {'line': b'-- Up-to-date: /home/davide-pillon/Desktop/Brain_DEII/brain/install/utils/include/utils/utils/msg/detail/semaphore__type_support.hpp\n'}
[0.422605] (utils) StdoutLine: {'line': b'-- Up-to-date: /home/davide-pillon/Desktop/Brain_DEII/brain/install/utils/include/utils/utils/msg/detail/localisation__type_support.hpp\n'}
[0.422699] (utils) StdoutLine: {'line': b'-- Up-to-date: /home/davide-pillon/Desktop/Brain_DEII/brain/install/utils/include/utils/utils/msg/detail/environmental__builder.hpp\n'}
[0.422795] (utils) StdoutLine: {'line': b'-- Up-to-date: /home/davide-pillon/Desktop/Brain_DEII/brain/install/utils/include/utils/utils/msg/detail/topic_info__traits.hpp\n'}
[0.422890] (utils) StdoutLine: {'line': b'-- Up-to-date: /home/davide-pillon/Desktop/Brain_DEII/brain/install/utils/include/utils/utils/msg/detail/vehicles__builder.hpp\n'}
[0.422989] (utils) StdoutLine: {'line': b'-- Up-to-date: /home/davide-pillon/Desktop/Brain_DEII/brain/install/utils/include/utils/utils/msg/detail/semaphore__builder.hpp\n'}
[0.423092] (utils) StdoutLine: {'line': b'-- Up-to-date: /home/davide-pillon/Desktop/Brain_DEII/brain/install/utils/include/utils/utils/msg/detail/localisation__builder.hpp\n'}
[0.423186] (utils) StdoutLine: {'line': b'-- Up-to-date: /home/davide-pillon/Desktop/Brain_DEII/brain/install/utils/include/utils/utils/msg/detail/conditions__type_support.hpp\n'}
[0.423280] (utils) StdoutLine: {'line': b'-- Up-to-date: /home/davide-pillon/Desktop/Brain_DEII/brain/install/utils/include/utils/utils/msg/detail/localisation__traits.hpp\n'}
[0.423375] (utils) StdoutLine: {'line': b'-- Up-to-date: /home/davide-pillon/Desktop/Brain_DEII/brain/install/utils/include/utils/utils/msg/detail/topic_info__builder.hpp\n'}
[0.423482] (utils) StdoutLine: {'line': b'-- Up-to-date: /home/davide-pillon/Desktop/Brain_DEII/brain/install/utils/include/utils/utils/msg/detail/trafficsignprediction__traits.hpp\n'}
[0.423584] (utils) StdoutLine: {'line': b'-- Up-to-date: /home/davide-pillon/Desktop/Brain_DEII/brain/install/utils/include/utils/utils/msg/detail/environmental__type_support.hpp\n'}
[0.423669] (utils) StdoutLine: {'line': b'-- Up-to-date: /home/davide-pillon/Desktop/Brain_DEII/brain/install/utils/include/utils/utils/msg/detail/topic_info__struct.hpp\n'}
[0.423755] (utils) StdoutLine: {'line': b'-- Up-to-date: /home/davide-pillon/Desktop/Brain_DEII/brain/install/utils/include/utils/utils/msg/detail/topic_info__type_support.hpp\n'}
[0.423841] (utils) StdoutLine: {'line': b'-- Up-to-date: /home/davide-pillon/Desktop/Brain_DEII/brain/install/utils/include/utils/utils/msg/detail/imu__struct.hpp\n'}
[0.423925] (utils) StdoutLine: {'line': b'-- Up-to-date: /home/davide-pillon/Desktop/Brain_DEII/brain/install/utils/include/utils/utils/msg/detail/trafficsignprediction__builder.hpp\n'}
[0.424018] (utils) StdoutLine: {'line': b'-- Up-to-date: /home/davide-pillon/Desktop/Brain_DEII/brain/install/utils/include/utils/utils/msg/detail/vehicles__struct.hpp\n'}
[0.424109] (utils) StdoutLine: {'line': b'-- Up-to-date: /home/davide-pillon/Desktop/Brain_DEII/brain/install/utils/include/utils/utils/msg/detail/conditions__struct.hpp\n'}
[0.424195] (utils) StdoutLine: {'line': b'-- Up-to-date: /home/davide-pillon/Desktop/Brain_DEII/brain/install/utils/include/utils/utils/msg/detail/vehicles__type_support.hpp\n'}
[0.424279] (utils) StdoutLine: {'line': b'-- Up-to-date: /home/davide-pillon/Desktop/Brain_DEII/brain/install/utils/include/utils/utils/msg/detail/trafficsignprediction__struct.hpp\n'}
[0.424366] (utils) StdoutLine: {'line': b'-- Up-to-date: /home/davide-pillon/Desktop/Brain_DEII/brain/install/utils/include/utils/utils/msg/detail/log__builder.hpp\n'}
[0.424457] (utils) StdoutLine: {'line': b'-- Up-to-date: /home/davide-pillon/Desktop/Brain_DEII/brain/install/utils/include/utils/utils/msg/detail/imu__traits.hpp\n'}
[0.424536] (utils) StdoutLine: {'line': b'-- Up-to-date: /home/davide-pillon/Desktop/Brain_DEII/brain/install/utils/include/utils/utils/msg/detail/conditions__builder.hpp\n'}
[0.424612] (utils) StdoutLine: {'line': b'-- Up-to-date: /home/davide-pillon/Desktop/Brain_DEII/brain/install/utils/include/utils/utils/msg/detail/log__traits.hpp\n'}
[0.424701] (utils) StdoutLine: {'line': b'-- Up-to-date: /home/davide-pillon/Desktop/Brain_DEII/brain/install/utils/include/utils/utils/msg/detail/trafficsignprediction__type_support.hpp\n'}
[0.424792] (utils) StdoutLine: {'line': b'-- Up-to-date: /home/davide-pillon/Desktop/Brain_DEII/brain/install/utils/include/utils/utils/msg/detail/log__struct.hpp\n'}
[0.424882] (utils) StdoutLine: {'line': b'-- Up-to-date: /home/davide-pillon/Desktop/Brain_DEII/brain/install/utils/include/utils/utils/msg/topic_info.hpp\n'}
[0.424975] (utils) StdoutLine: {'line': b'-- Up-to-date: /home/davide-pillon/Desktop/Brain_DEII/brain/install/utils/include/utils/utils/msg/rosidl_generator_cpp__visibility_control.hpp\n'}
[0.425079] (utils) StdoutLine: {'line': b'-- Up-to-date: /home/davide-pillon/Desktop/Brain_DEII/brain/install/utils/include/utils/utils/msg/imu.hpp\n'}
[0.425175] (utils) StdoutLine: {'line': b'-- Up-to-date: /home/davide-pillon/Desktop/Brain_DEII/brain/install/utils/include/utils/utils/msg/trafficsignprediction.hpp\n'}
[0.425271] (utils) StdoutLine: {'line': b'-- Up-to-date: /home/davide-pillon/Desktop/Brain_DEII/brain/install/utils/include/utils/utils/msg/log.hpp\n'}
[0.425361] (utils) StdoutLine: {'line': b'-- Up-to-date: /home/davide-pillon/Desktop/Brain_DEII/brain/install/utils/include/utils/utils\n'}
[0.425455] (utils) StdoutLine: {'line': b'-- Up-to-date: /home/davide-pillon/Desktop/Brain_DEII/brain/install/utils/include/utils/utils/srv\n'}
[0.425542] (utils) StdoutLine: {'line': b'-- Up-to-date: /home/davide-pillon/Desktop/Brain_DEII/brain/install/utils/include/utils/utils/srv/detail\n'}
[0.425645] (utils) StdoutLine: {'line': b'-- Up-to-date: /home/davide-pillon/Desktop/Brain_DEII/brain/install/utils/include/utils/utils/srv/detail/dds_fastrtps\n'}
[0.425742] (utils) StdoutLine: {'line': b'-- Up-to-date: /home/davide-pillon/Desktop/Brain_DEII/brain/install/utils/include/utils/utils/srv/detail/subscribing__rosidl_typesupport_fastrtps_cpp.hpp\n'}
[0.425837] (utils) StdoutLine: {'line': b'-- Up-to-date: /home/davide-pillon/Desktop/Brain_DEII/brain/install/utils/include/utils/utils/srv/detail/request_param__rosidl_typesupport_fastrtps_cpp.hpp\n'}
[0.425922] (utils) StdoutLine: {'line': b'-- Up-to-date: /home/davide-pillon/Desktop/Brain_DEII/brain/install/utils/include/utils/utils/msg\n'}
[0.426020] (utils) StdoutLine: {'line': b'-- Up-to-date: /home/davide-pillon/Desktop/Brain_DEII/brain/install/utils/include/utils/utils/msg/rosidl_typesupport_fastrtps_cpp__visibility_control.h\n'}
[0.426116] (utils) StdoutLine: {'line': b'-- Up-to-date: /home/davide-pillon/Desktop/Brain_DEII/brain/install/utils/include/utils/utils/msg/detail\n'}
[0.426194] (utils) StdoutLine: {'line': b'-- Up-to-date: /home/davide-pillon/Desktop/Brain_DEII/brain/install/utils/include/utils/utils/msg/detail/imu__rosidl_typesupport_fastrtps_cpp.hpp\n'}
[0.426273] (utils) StdoutLine: {'line': b'-- Up-to-date: /home/davide-pillon/Desktop/Brain_DEII/brain/install/utils/include/utils/utils/msg/detail/conditions__rosidl_typesupport_fastrtps_cpp.hpp\n'}
[0.426361] (utils) StdoutLine: {'line': b'-- Up-to-date: /home/davide-pillon/Desktop/Brain_DEII/brain/install/utils/include/utils/utils/msg/detail/vehicles__rosidl_typesupport_fastrtps_cpp.hpp\n'}
[0.426465] (utils) StdoutLine: {'line': b'-- Up-to-date: /home/davide-pillon/Desktop/Brain_DEII/brain/install/utils/include/utils/utils/msg/detail/topic_info__rosidl_typesupport_fastrtps_cpp.hpp\n'}
[0.426558] (utils) StdoutLine: {'line': b'-- Up-to-date: /home/davide-pillon/Desktop/Brain_DEII/brain/install/utils/include/utils/utils/msg/detail/localisation__rosidl_typesupport_fastrtps_cpp.hpp\n'}
[0.426639] (utils) StdoutLine: {'line': b'-- Up-to-date: /home/davide-pillon/Desktop/Brain_DEII/brain/install/utils/include/utils/utils/msg/detail/log__rosidl_typesupport_fastrtps_cpp.hpp\n'}
[0.426720] (utils) StdoutLine: {'line': b'-- Up-to-date: /home/davide-pillon/Desktop/Brain_DEII/brain/install/utils/include/utils/utils/msg/detail/trafficsignprediction__rosidl_typesupport_fastrtps_cpp.hpp\n'}
[0.426815] (utils) StdoutLine: {'line': b'-- Up-to-date: /home/davide-pillon/Desktop/Brain_DEII/brain/install/utils/include/utils/utils/msg/detail/environmental__rosidl_typesupport_fastrtps_cpp.hpp\n'}
[0.426906] (utils) StdoutLine: {'line': b'-- Up-to-date: /home/davide-pillon/Desktop/Brain_DEII/brain/install/utils/include/utils/utils/msg/detail/dds_fastrtps\n'}
[0.427010] (utils) StdoutLine: {'line': b'-- Up-to-date: /home/davide-pillon/Desktop/Brain_DEII/brain/install/utils/include/utils/utils/msg/detail/semaphore__rosidl_typesupport_fastrtps_cpp.hpp\n'}
[0.427108] (utils) StdoutLine: {'line': b'-- Up-to-date: /home/davide-pillon/Desktop/Brain_DEII/brain/install/utils/lib/libutils__rosidl_typesupport_fastrtps_cpp.so\n'}
[0.427195] (utils) StdoutLine: {'line': b'-- Up-to-date: /home/davide-pillon/Desktop/Brain_DEII/brain/install/utils/include/utils/utils\n'}
[0.427290] (utils) StdoutLine: {'line': b'-- Up-to-date: /home/davide-pillon/Desktop/Brain_DEII/brain/install/utils/include/utils/utils/srv\n'}
[0.427381] (utils) StdoutLine: {'line': b'-- Up-to-date: /home/davide-pillon/Desktop/Brain_DEII/brain/install/utils/include/utils/utils/srv/detail\n'}
[0.427471] (utils) StdoutLine: {'line': b'-- Up-to-date: /home/davide-pillon/Desktop/Brain_DEII/brain/install/utils/include/utils/utils/srv/detail/request_param__rosidl_typesupport_introspection_cpp.hpp\n'}
[0.427564] (utils) StdoutLine: {'line': b'-- Up-to-date: /home/davide-pillon/Desktop/Brain_DEII/brain/install/utils/include/utils/utils/srv/detail/subscribing__rosidl_typesupport_introspection_cpp.hpp\n'}
[0.427660] (utils) StdoutLine: {'line': b'-- Up-to-date: /home/davide-pillon/Desktop/Brain_DEII/brain/install/utils/include/utils/utils/srv/detail/subscribing__type_support.cpp\n'}
[0.427753] (utils) StdoutLine: {'line': b'-- Up-to-date: /home/davide-pillon/Desktop/Brain_DEII/brain/install/utils/include/utils/utils/srv/detail/request_param__type_support.cpp\n'}
[0.427834] (utils) StdoutLine: {'line': b'-- Up-to-date: /home/davide-pillon/Desktop/Brain_DEII/brain/install/utils/include/utils/utils/msg\n'}
[0.427916] (utils) StdoutLine: {'line': b'-- Up-to-date: /home/davide-pillon/Desktop/Brain_DEII/brain/install/utils/include/utils/utils/msg/detail\n'}
[0.428015] (utils) StdoutLine: {'line': b'-- Up-to-date: /home/davide-pillon/Desktop/Brain_DEII/brain/install/utils/include/utils/utils/msg/detail/environmental__type_support.cpp\n'}
[0.428105] (utils) StdoutLine: {'line': b'-- Up-to-date: /home/davide-pillon/Desktop/Brain_DEII/brain/install/utils/include/utils/utils/msg/detail/imu__rosidl_typesupport_introspection_cpp.hpp\n'}
[0.428187] (utils) StdoutLine: {'line': b'-- Up-to-date: /home/davide-pillon/Desktop/Brain_DEII/brain/install/utils/include/utils/utils/msg/detail/vehicles__type_support.cpp\n'}
[0.428278] (utils) StdoutLine: {'line': b'-- Up-to-date: /home/davide-pillon/Desktop/Brain_DEII/brain/install/utils/include/utils/utils/msg/detail/imu__type_support.cpp\n'}
[0.428370] (utils) StdoutLine: {'line': b'-- Up-to-date: /home/davide-pillon/Desktop/Brain_DEII/brain/install/utils/include/utils/utils/msg/detail/environmental__rosidl_typesupport_introspection_cpp.hpp\n'}
[0.428463] (utils) StdoutLine: {'line': b'-- Up-to-date: /home/davide-pillon/Desktop/Brain_DEII/brain/install/utils/include/utils/utils/msg/detail/vehicles__rosidl_typesupport_introspection_cpp.hpp\n'}
[0.428556] (utils) StdoutLine: {'line': b'-- Up-to-date: /home/davide-pillon/Desktop/Brain_DEII/brain/install/utils/include/utils/utils/msg/detail/conditions__rosidl_typesupport_introspection_cpp.hpp\n'}
[0.428649] (utils) StdoutLine: {'line': b'-- Up-to-date: /home/davide-pillon/Desktop/Brain_DEII/brain/install/utils/include/utils/utils/msg/detail/topic_info__type_support.cpp\n'}
[0.428743] (utils) StdoutLine: {'line': b'-- Up-to-date: /home/davide-pillon/Desktop/Brain_DEII/brain/install/utils/include/utils/utils/msg/detail/localisation__type_support.cpp\n'}
[0.428827] (utils) StdoutLine: {'line': b'-- Up-to-date: /home/davide-pillon/Desktop/Brain_DEII/brain/install/utils/include/utils/utils/msg/detail/semaphore__rosidl_typesupport_introspection_cpp.hpp\n'}
[0.428908] (utils) StdoutLine: {'line': b'-- Up-to-date: /home/davide-pillon/Desktop/Brain_DEII/brain/install/utils/include/utils/utils/msg/detail/conditions__type_support.cpp\n'}
[0.428997] (utils) StdoutLine: {'line': b'-- Up-to-date: /home/davide-pillon/Desktop/Brain_DEII/brain/install/utils/include/utils/utils/msg/detail/log__type_support.cpp\n'}
[0.429093] (utils) StdoutLine: {'line': b'-- Up-to-date: /home/davide-pillon/Desktop/Brain_DEII/brain/install/utils/include/utils/utils/msg/detail/localisation__rosidl_typesupport_introspection_cpp.hpp\n'}
[0.429193] (utils) StdoutLine: {'line': b'-- Up-to-date: /home/davide-pillon/Desktop/Brain_DEII/brain/install/utils/include/utils/utils/msg/detail/semaphore__type_support.cpp\n'}
[0.429285] (utils) StdoutLine: {'line': b'-- Up-to-date: /home/davide-pillon/Desktop/Brain_DEII/brain/install/utils/include/utils/utils/msg/detail/trafficsignprediction__type_support.cpp\n'}
[0.429378] (utils) StdoutLine: {'line': b'-- Up-to-date: /home/davide-pillon/Desktop/Brain_DEII/brain/install/utils/include/utils/utils/msg/detail/topic_info__rosidl_typesupport_introspection_cpp.hpp\n'}
[0.429461] (utils) StdoutLine: {'line': b'-- Up-to-date: /home/davide-pillon/Desktop/Brain_DEII/brain/install/utils/include/utils/utils/msg/detail/log__rosidl_typesupport_introspection_cpp.hpp\n'}
[0.429535] (utils) StdoutLine: {'line': b'-- Up-to-date: /home/davide-pillon/Desktop/Brain_DEII/brain/install/utils/include/utils/utils/msg/detail/trafficsignprediction__rosidl_typesupport_introspection_cpp.hpp\n'}
[0.429619] (utils) StdoutLine: {'line': b'-- Up-to-date: /home/davide-pillon/Desktop/Brain_DEII/brain/install/utils/lib/libutils__rosidl_typesupport_introspection_cpp.so\n'}
[0.429698] (utils) StdoutLine: {'line': b'-- Up-to-date: /home/davide-pillon/Desktop/Brain_DEII/brain/install/utils/lib/libutils__rosidl_typesupport_cpp.so\n'}
[0.429778] (utils) StdoutLine: {'line': b'-- Up-to-date: /home/davide-pillon/Desktop/Brain_DEII/brain/install/utils/share/utils/environment/pythonpath.sh\n'}
[0.429863] (utils) StdoutLine: {'line': b'-- Up-to-date: /home/davide-pillon/Desktop/Brain_DEII/brain/install/utils/share/utils/environment/pythonpath.dsv\n'}
[0.429947] (utils) StdoutLine: {'line': b'-- Up-to-date: /home/davide-pillon/Desktop/Brain_DEII/brain/install/utils/lib/python3.12/site-packages/utils-0.0.0-py3.12.egg-info\n'}
[0.430045] (utils) StdoutLine: {'line': b'-- Installing: /home/davide-pillon/Desktop/Brain_DEII/brain/install/utils/lib/python3.12/site-packages/utils-0.0.0-py3.12.egg-info/dependency_links.txt\n'}
[0.430140] (utils) StdoutLine: {'line': b'-- Installing: /home/davide-pillon/Desktop/Brain_DEII/brain/install/utils/lib/python3.12/site-packages/utils-0.0.0-py3.12.egg-info/SOURCES.txt\n'}
[0.430225] (utils) StdoutLine: {'line': b'-- Installing: /home/davide-pillon/Desktop/Brain_DEII/brain/install/utils/lib/python3.12/site-packages/utils-0.0.0-py3.12.egg-info/PKG-INFO\n'}
[0.430313] (utils) StdoutLine: {'line': b'-- Installing: /home/davide-pillon/Desktop/Brain_DEII/brain/install/utils/lib/python3.12/site-packages/utils-0.0.0-py3.12.egg-info/top_level.txt\n'}
[0.430405] (utils) StdoutLine: {'line': b'-- Up-to-date: /home/davide-pillon/Desktop/Brain_DEII/brain/install/utils/lib/python3.12/site-packages/utils\n'}
[0.430506] (utils) StdoutLine: {'line': b'-- Up-to-date: /home/davide-pillon/Desktop/Brain_DEII/brain/install/utils/lib/python3.12/site-packages/utils/utils_s__rosidl_typesupport_c.so\n'}
[0.430595] (utils) StdoutLine: {'line': b'-- Up-to-date: /home/davide-pillon/Desktop/Brain_DEII/brain/install/utils/lib/python3.12/site-packages/utils/srv\n'}
[0.430690] (utils) StdoutLine: {'line': b'-- Up-to-date: /home/davide-pillon/Desktop/Brain_DEII/brain/install/utils/lib/python3.12/site-packages/utils/srv/__init__.py\n'}
[0.430777] (utils) StdoutLine: {'line': b'-- Up-to-date: /home/davide-pillon/Desktop/Brain_DEII/brain/install/utils/lib/python3.12/site-packages/utils/srv/_request_param_s.c\n'}
[0.430862] (utils) StdoutLine: {'line': b'-- Up-to-date: /home/davide-pillon/Desktop/Brain_DEII/brain/install/utils/lib/python3.12/site-packages/utils/srv/_subscribing.py\n'}
[0.430942] (utils) StdoutLine: {'line': b'-- Up-to-date: /home/davide-pillon/Desktop/Brain_DEII/brain/install/utils/lib/python3.12/site-packages/utils/srv/_request_param.py\n'}
[0.431033] (utils) StdoutLine: {'line': b'-- Up-to-date: /home/davide-pillon/Desktop/Brain_DEII/brain/install/utils/lib/python3.12/site-packages/utils/srv/_subscribing_s.c\n'}
[0.431125] (utils) StdoutLine: {'line': b'-- Up-to-date: /home/davide-pillon/Desktop/Brain_DEII/brain/install/utils/lib/python3.12/site-packages/utils/_utils_s.ep.rosidl_typesupport_fastrtps_c.c\n'}
[0.431221] (utils) StdoutLine: {'line': b'-- Up-to-date: /home/davide-pillon/Desktop/Brain_DEII/brain/install/utils/lib/python3.12/site-packages/utils/__init__.py\n'}
[0.431308] (utils) StdoutLine: {'line': b'-- Up-to-date: /home/davide-pillon/Desktop/Brain_DEII/brain/install/utils/lib/python3.12/site-packages/utils/_utils_s.ep.rosidl_typesupport_introspection_c.c\n'}
[0.431394] (utils) StdoutLine: {'line': b'-- Up-to-date: /home/davide-pillon/Desktop/Brain_DEII/brain/install/utils/lib/python3.12/site-packages/utils/utils_s__rosidl_typesupport_introspection_c.so\n'}
[0.431490] (utils) StdoutLine: {'line': b'-- Up-to-date: /home/davide-pillon/Desktop/Brain_DEII/brain/install/utils/lib/python3.12/site-packages/utils/utils_s__rosidl_typesupport_fastrtps_c.so\n'}
[0.431583] (utils) StdoutLine: {'line': b'-- Up-to-date: /home/davide-pillon/Desktop/Brain_DEII/brain/install/utils/lib/python3.12/site-packages/utils/msg\n'}
[0.431683] (utils) StdoutLine: {'line': b'-- Up-to-date: /home/davide-pillon/Desktop/Brain_DEII/brain/install/utils/lib/python3.12/site-packages/utils/msg/_localisation_s.c\n'}
[0.431774] (utils) StdoutLine: {'line': b'-- Up-to-date: /home/davide-pillon/Desktop/Brain_DEII/brain/install/utils/lib/python3.12/site-packages/utils/msg/_environmental_s.c\n'}
[0.431866] (utils) StdoutLine: {'line': b'-- Up-to-date: /home/davide-pillon/Desktop/Brain_DEII/brain/install/utils/lib/python3.12/site-packages/utils/msg/_imu_s.c\n'}
[0.431949] (utils) StdoutLine: {'line': b'-- Up-to-date: /home/davide-pillon/Desktop/Brain_DEII/brain/install/utils/lib/python3.12/site-packages/utils/msg/_semaphore.py\n'}
[0.432042] (utils) StdoutLine: {'line': b'-- Up-to-date: /home/davide-pillon/Desktop/Brain_DEII/brain/install/utils/lib/python3.12/site-packages/utils/msg/_imu.py\n'}
[0.432127] (utils) StdoutLine: {'line': b'-- Up-to-date: /home/davide-pillon/Desktop/Brain_DEII/brain/install/utils/lib/python3.12/site-packages/utils/msg/__init__.py\n'}
[0.432212] (utils) StdoutLine: {'line': b'-- Up-to-date: /home/davide-pillon/Desktop/Brain_DEII/brain/install/utils/lib/python3.12/site-packages/utils/msg/_localisation.py\n'}
[0.432298] (utils) StdoutLine: {'line': b'-- Up-to-date: /home/davide-pillon/Desktop/Brain_DEII/brain/install/utils/lib/python3.12/site-packages/utils/msg/_environmental.py\n'}
[0.432380] (utils) StdoutLine: {'line': b'-- Up-to-date: /home/davide-pillon/Desktop/Brain_DEII/brain/install/utils/lib/python3.12/site-packages/utils/msg/_trafficsignprediction_s.c\n'}
[0.432475] (utils) StdoutLine: {'line': b'-- Up-to-date: /home/davide-pillon/Desktop/Brain_DEII/brain/install/utils/lib/python3.12/site-packages/utils/msg/_vehicles.py\n'}
[0.432560] (utils) StdoutLine: {'line': b'-- Up-to-date: /home/davide-pillon/Desktop/Brain_DEII/brain/install/utils/lib/python3.12/site-packages/utils/msg/_topic_info.py\n'}
[0.432653] (utils) StdoutLine: {'line': b'-- Up-to-date: /home/davide-pillon/Desktop/Brain_DEII/brain/install/utils/lib/python3.12/site-packages/utils/msg/_log.py\n'}
[0.432749] (utils) StdoutLine: {'line': b'-- Up-to-date: /home/davide-pillon/Desktop/Brain_DEII/brain/install/utils/lib/python3.12/site-packages/utils/msg/_trafficsignprediction.py\n'}
[0.432845] (utils) StdoutLine: {'line': b'-- Up-to-date: /home/davide-pillon/Desktop/Brain_DEII/brain/install/utils/lib/python3.12/site-packages/utils/msg/_semaphore_s.c\n'}
[0.432940] (utils) StdoutLine: {'line': b'-- Up-to-date: /home/davide-pillon/Desktop/Brain_DEII/brain/install/utils/lib/python3.12/site-packages/utils/msg/_log_s.c\n'}
[0.433041] (utils) StdoutLine: {'line': b'-- Up-to-date: /home/davide-pillon/Desktop/Brain_DEII/brain/install/utils/lib/python3.12/site-packages/utils/msg/_conditions_s.c\n'}
[0.433137] (utils) StdoutLine: {'line': b'-- Up-to-date: /home/davide-pillon/Desktop/Brain_DEII/brain/install/utils/lib/python3.12/site-packages/utils/msg/_topic_info_s.c\n'}
[0.433228] (utils) StdoutLine: {'line': b'-- Up-to-date: /home/davide-pillon/Desktop/Brain_DEII/brain/install/utils/lib/python3.12/site-packages/utils/msg/_conditions.py\n'}
[0.433311] (utils) StdoutLine: {'line': b'-- Up-to-date: /home/davide-pillon/Desktop/Brain_DEII/brain/install/utils/lib/python3.12/site-packages/utils/msg/_vehicles_s.c\n'}
[0.433401] (utils) StdoutLine: {'line': b'-- Up-to-date: /home/davide-pillon/Desktop/Brain_DEII/brain/install/utils/lib/python3.12/site-packages/utils/_utils_s.ep.rosidl_typesupport_c.c\n'}
[0.439634] (utils) StdoutLine: {'line': b"Listing '/home/davide-pillon/Desktop/Brain_DEII/brain/install/utils/lib/python3.12/site-packages/utils'...\n"}
[0.439845] (utils) StdoutLine: {'line': b"Listing '/home/davide-pillon/Desktop/Brain_DEII/brain/install/utils/lib/python3.12/site-packages/utils/msg'...\n"}
[0.439952] (utils) StdoutLine: {'line': b"Listing '/home/davide-pillon/Desktop/Brain_DEII/brain/install/utils/lib/python3.12/site-packages/utils/srv'...\n"}
[0.444347] (utils) StdoutLine: {'line': b'-- Up-to-date: /home/davide-pillon/Desktop/Brain_DEII/brain/install/utils/lib/python3.12/site-packages/utils/utils_s__rosidl_typesupport_fastrtps_c.so\n'}
[0.444601] (utils) StdoutLine: {'line': b'-- Up-to-date: /home/davide-pillon/Desktop/Brain_DEII/brain/install/utils/lib/python3.12/site-packages/utils/utils_s__rosidl_typesupport_introspection_c.so\n'}
[0.444780] (utils) StdoutLine: {'line': b'-- Up-to-date: /home/davide-pillon/Desktop/Brain_DEII/brain/install/utils/lib/python3.12/site-packages/utils/utils_s__rosidl_typesupport_c.so\n'}
[0.444978] (utils) StdoutLine: {'line': b'-- Up-to-date: /home/davide-pillon/Desktop/Brain_DEII/brain/install/utils/lib/libutils__rosidl_generator_py.so\n'}
[0.445129] (utils) StdoutLine: {'line': b'-- Up-to-date: /home/davide-pillon/Desktop/Brain_DEII/brain/install/utils/share/utils/msg/IMU.idl\n'}
[0.445274] (utils) StdoutLine: {'line': b'-- Up-to-date: /home/davide-pillon/Desktop/Brain_DEII/brain/install/utils/share/utils/msg/Localisation.idl\n'}
[0.445384] (utils) StdoutLine: {'line': b'-- Up-to-date: /home/davide-pillon/Desktop/Brain_DEII/brain/install/utils/share/utils/msg/Vehicles.idl\n'}
[0.445486] (utils) StdoutLine: {'line': b'-- Up-to-date: /home/davide-pillon/Desktop/Brain_DEII/brain/install/utils/share/utils/msg/Environmental.idl\n'}
[0.445585] (utils) StdoutLine: {'line': b'-- Up-to-date: /home/davide-pillon/Desktop/Brain_DEII/brain/install/utils/share/utils/msg/Log.idl\n'}
[0.445710] (utils) StdoutLine: {'line': b'-- Up-to-date: /home/davide-pillon/Desktop/Brain_DEII/brain/install/utils/share/utils/msg/TopicInfo.idl\n'}
[0.445873] (utils) StdoutLine: {'line': b'-- Up-to-date: /home/davide-pillon/Desktop/Brain_DEII/brain/install/utils/share/utils/msg/Semaphore.idl\n'}
[0.445977] (utils) StdoutLine: {'line': b'-- Up-to-date: /home/davide-pillon/Desktop/Brain_DEII/brain/install/utils/share/utils/msg/Conditions.idl\n'}
[0.446136] (utils) StdoutLine: {'line': b'-- Up-to-date: /home/davide-pillon/Desktop/Brain_DEII/brain/install/utils/share/utils/msg/Trafficsignprediction.idl\n'}
[0.446269] (utils) StdoutLine: {'line': b'-- Up-to-date: /home/davide-pillon/Desktop/Brain_DEII/brain/install/utils/share/utils/srv/Subscribing.idl\n'}
[0.446352] (utils) StdoutLine: {'line': b'-- Up-to-date: /home/davide-pillon/Desktop/Brain_DEII/brain/install/utils/share/utils/srv/RequestParam.idl\n'}
[0.446511] (utils) StdoutLine: {'line': b'-- Up-to-date: /home/davide-pillon/Desktop/Brain_DEII/brain/install/utils/share/utils/msg/IMU.msg\n'}
[0.446671] (utils) StdoutLine: {'line': b'-- Up-to-date: /home/davide-pillon/Desktop/Brain_DEII/brain/install/utils/share/utils/msg/Localisation.msg\n'}
[0.446808] (utils) StdoutLine: {'line': b'-- Up-to-date: /home/davide-pillon/Desktop/Brain_DEII/brain/install/utils/share/utils/msg/Vehicles.msg\n'}
[0.446896] (utils) StdoutLine: {'line': b'-- Up-to-date: /home/davide-pillon/Desktop/Brain_DEII/brain/install/utils/share/utils/msg/Environmental.msg\n'}
[0.446990] (utils) StdoutLine: {'line': b'-- Up-to-date: /home/davide-pillon/Desktop/Brain_DEII/brain/install/utils/share/utils/msg/Log.msg\n'}
[0.447079] (utils) StdoutLine: {'line': b'-- Up-to-date: /home/davide-pillon/Desktop/Brain_DEII/brain/install/utils/share/utils/msg/TopicInfo.msg\n'}
[0.447164] (utils) StdoutLine: {'line': b'-- Up-to-date: /home/davide-pillon/Desktop/Brain_DEII/brain/install/utils/share/utils/msg/Semaphore.msg\n'}
[0.447248] (utils) StdoutLine: {'line': b'-- Up-to-date: /home/davide-pillon/Desktop/Brain_DEII/brain/install/utils/share/utils/msg/Conditions.msg\n'}
[0.447333] (utils) StdoutLine: {'line': b'-- Up-to-date: /home/davide-pillon/Desktop/Brain_DEII/brain/install/utils/share/utils/msg/Trafficsignprediction.msg\n'}
[0.447419] (utils) StdoutLine: {'line': b'-- Up-to-date: /home/davide-pillon/Desktop/Brain_DEII/brain/install/utils/share/utils/srv/Subscribing.srv\n'}
[0.447506] (utils) StdoutLine: {'line': b'-- Up-to-date: /home/davide-pillon/Desktop/Brain_DEII/brain/install/utils/share/utils/srv/RequestParam.srv\n'}
[0.447602] (utils) StdoutLine: {'line': b'-- Up-to-date: /home/davide-pillon/Desktop/Brain_DEII/brain/install/utils/share/utils/launch\n'}
[0.447836] (utils) StdoutLine: {'line': b'-- Installing: /home/davide-pillon/Desktop/Brain_DEII/brain/install/utils/share/utils/launch/run_automobile.launch.py\n'}
[0.447957] (utils) StdoutLine: {'line': b'-- Up-to-date: /home/davide-pillon/Desktop/Brain_DEII/brain/install/utils/share/ament_index/resource_index/package_run_dependencies/utils\n'}
[0.448115] (utils) StdoutLine: {'line': b'-- Up-to-date: /home/davide-pillon/Desktop/Brain_DEII/brain/install/utils/share/ament_index/resource_index/parent_prefix_path/utils\n'}
[0.448220] (utils) StdoutLine: {'line': b'-- Up-to-date: /home/davide-pillon/Desktop/Brain_DEII/brain/install/utils/share/utils/environment/ament_prefix_path.dsv\n'}
[0.448310] (utils) StdoutLine: {'line': b'-- Up-to-date: /home/davide-pillon/Desktop/Brain_DEII/brain/install/utils/share/utils/environment/path.dsv\n'}
[0.448407] (utils) StdoutLine: {'line': b'-- Up-to-date: /home/davide-pillon/Desktop/Brain_DEII/brain/install/utils/share/utils/local_setup.bash\n'}
[0.448513] (utils) StdoutLine: {'line': b'-- Up-to-date: /home/davide-pillon/Desktop/Brain_DEII/brain/install/utils/share/utils/local_setup.sh\n'}
[0.448615] (utils) StdoutLine: {'line': b'-- Up-to-date: /home/davide-pillon/Desktop/Brain_DEII/brain/install/utils/share/utils/local_setup.zsh\n'}
[0.448722] (utils) StdoutLine: {'line': b'-- Up-to-date: /home/davide-pillon/Desktop/Brain_DEII/brain/install/utils/share/utils/local_setup.dsv\n'}
[0.448865] (utils) StdoutLine: {'line': b'-- Installing: /home/davide-pillon/Desktop/Brain_DEII/brain/install/utils/share/utils/package.dsv\n'}
[0.448961] (utils) StdoutLine: {'line': b'-- Up-to-date: /home/davide-pillon/Desktop/Brain_DEII/brain/install/utils/share/ament_index/resource_index/packages/utils\n'}
[0.449073] (utils) StdoutLine: {'line': b'-- Up-to-date: /home/davide-pillon/Desktop/Brain_DEII/brain/install/utils/share/utils/cmake/export_utils__rosidl_generator_cExport.cmake\n'}
[0.449175] (utils) StdoutLine: {'line': b'-- Up-to-date: /home/davide-pillon/Desktop/Brain_DEII/brain/install/utils/share/utils/cmake/export_utils__rosidl_generator_cExport-noconfig.cmake\n'}
[0.449281] (utils) StdoutLine: {'line': b'-- Up-to-date: /home/davide-pillon/Desktop/Brain_DEII/brain/install/utils/share/utils/cmake/export_utils__rosidl_typesupport_fastrtps_cExport.cmake\n'}
[0.449390] (utils) StdoutLine: {'line': b'-- Up-to-date: /home/davide-pillon/Desktop/Brain_DEII/brain/install/utils/share/utils/cmake/export_utils__rosidl_typesupport_fastrtps_cExport-noconfig.cmake\n'}
[0.449494] (utils) StdoutLine: {'line': b'-- Up-to-date: /home/davide-pillon/Desktop/Brain_DEII/brain/install/utils/share/utils/cmake/utils__rosidl_typesupport_introspection_cExport.cmake\n'}
[0.449600] (utils) StdoutLine: {'line': b'-- Up-to-date: /home/davide-pillon/Desktop/Brain_DEII/brain/install/utils/share/utils/cmake/utils__rosidl_typesupport_introspection_cExport-noconfig.cmake\n'}
[0.449708] (utils) StdoutLine: {'line': b'-- Up-to-date: /home/davide-pillon/Desktop/Brain_DEII/brain/install/utils/share/utils/cmake/utils__rosidl_typesupport_cExport.cmake\n'}
[0.449809] (utils) StdoutLine: {'line': b'-- Up-to-date: /home/davide-pillon/Desktop/Brain_DEII/brain/install/utils/share/utils/cmake/utils__rosidl_typesupport_cExport-noconfig.cmake\n'}
[0.449915] (utils) StdoutLine: {'line': b'-- Up-to-date: /home/davide-pillon/Desktop/Brain_DEII/brain/install/utils/share/utils/cmake/export_utils__rosidl_generator_cppExport.cmake\n'}
[0.450052] (utils) StdoutLine: {'line': b'-- Up-to-date: /home/davide-pillon/Desktop/Brain_DEII/brain/install/utils/share/utils/cmake/export_utils__rosidl_typesupport_fastrtps_cppExport.cmake\n'}
[0.450160] (utils) StdoutLine: {'line': b'-- Up-to-date: /home/davide-pillon/Desktop/Brain_DEII/brain/install/utils/share/utils/cmake/export_utils__rosidl_typesupport_fastrtps_cppExport-noconfig.cmake\n'}
[0.450262] (utils) StdoutLine: {'line': b'-- Up-to-date: /home/davide-pillon/Desktop/Brain_DEII/brain/install/utils/share/utils/cmake/utils__rosidl_typesupport_introspection_cppExport.cmake\n'}
[0.450434] (utils) StdoutLine: {'line': b'-- Up-to-date: /home/davide-pillon/Desktop/Brain_DEII/brain/install/utils/share/utils/cmake/utils__rosidl_typesupport_introspection_cppExport-noconfig.cmake\n'}
[0.450698] (utils) StdoutLine: {'line': b'-- Up-to-date: /home/davide-pillon/Desktop/Brain_DEII/brain/install/utils/share/utils/cmake/utils__rosidl_typesupport_cppExport.cmake\n'}
[0.450776] (utils) StdoutLine: {'line': b'-- Up-to-date: /home/davide-pillon/Desktop/Brain_DEII/brain/install/utils/share/utils/cmake/utils__rosidl_typesupport_cppExport-noconfig.cmake\n'}
[0.450839] (utils) StdoutLine: {'line': b'-- Up-to-date: /home/davide-pillon/Desktop/Brain_DEII/brain/install/utils/share/utils/cmake/export_utils__rosidl_generator_pyExport.cmake\n'}
[0.450900] (utils) StdoutLine: {'line': b'-- Up-to-date: /home/davide-pillon/Desktop/Brain_DEII/brain/install/utils/share/utils/cmake/export_utils__rosidl_generator_pyExport-noconfig.cmake\n'}
[0.450960] (utils) StdoutLine: {'line': b'-- Up-to-date: /home/davide-pillon/Desktop/Brain_DEII/brain/install/utils/share/utils/cmake/rosidl_cmake-extras.cmake\n'}
[0.451109] (utils) StdoutLine: {'line': b'-- Up-to-date: /home/davide-pillon/Desktop/Brain_DEII/brain/install/utils/share/utils/cmake/ament_cmake_export_dependencies-extras.cmake\n'}
[0.451169] (utils) StdoutLine: {'line': b'-- Up-to-date: /home/davide-pillon/Desktop/Brain_DEII/brain/install/utils/share/utils/cmake/ament_cmake_export_include_directories-extras.cmake\n'}
[0.451223] (utils) StdoutLine: {'line': b'-- Up-to-date: /home/davide-pillon/Desktop/Brain_DEII/brain/install/utils/share/utils/cmake/ament_cmake_export_libraries-extras.cmake\n'}
[0.451506] (utils) StdoutLine: {'line': b'-- Up-to-date: /home/davide-pillon/Desktop/Brain_DEII/brain/install/utils/share/utils/cmake/ament_cmake_export_targets-extras.cmake\n'}
[0.451559] (utils) StdoutLine: {'line': b'-- Up-to-date: /home/davide-pillon/Desktop/Brain_DEII/brain/install/utils/share/utils/cmake/rosidl_cmake_export_typesupport_targets-extras.cmake\n'}
[0.451611] (utils) StdoutLine: {'line': b'-- Up-to-date: /home/davide-pillon/Desktop/Brain_DEII/brain/install/utils/share/utils/cmake/rosidl_cmake_export_typesupport_libraries-extras.cmake\n'}
[0.451663] (utils) StdoutLine: {'line': b'-- Up-to-date: /home/davide-pillon/Desktop/Brain_DEII/brain/install/utils/share/utils/cmake/utilsConfig.cmake\n'}
[0.451717] (utils) StdoutLine: {'line': b'-- Up-to-date: /home/davide-pillon/Desktop/Brain_DEII/brain/install/utils/share/utils/cmake/utilsConfig-version.cmake\n'}
[0.451770] (utils) StdoutLine: {'line': b'-- Up-to-date: /home/davide-pillon/Desktop/Brain_DEII/brain/install/utils/share/utils/package.xml\n'}
[0.451826] (utils) CommandEnded: {'returncode': 0}
[0.467078] (utils) JobEnded: {'identifier': 'utils', 'rc': 0}
[0.467967] (input) JobStarted: {'identifier': 'input'}
[0.475164] (unix_out) JobStarted: {'identifier': 'unix_out'}
[0.501419] (-) TimerEvent: {}
[0.601670] (-) TimerEvent: {}
[0.701922] (-) TimerEvent: {}
[0.802269] (-) TimerEvent: {}
[0.866545] (smart) Command: {'cmd': ['/usr/bin/python3', '-W', 'ignore:setup.py install is deprecated', '-W', 'ignore:easy_install command is deprecated', 'setup.py', 'egg_info', '--egg-base', '../../build/smart', 'build', '--build-base', '/home/davide-pillon/Desktop/Brain_DEII/brain/build/smart/build', 'install', '--record', '/home/davide-pillon/Desktop/Brain_DEII/brain/build/smart/install.log', '--single-version-externally-managed', 'install_data'], 'cwd': '/home/davide-pillon/Desktop/Brain_DEII/brain/src/smart', 'env': {'LESSOPEN': '| /usr/bin/lesspipe %s', 'GZ_SIM_RESOURCE_PATH': '/opt/ros/jazzy/share', 'USER': 'davide-pillon', 'GZ_CONFIG_PATH': '/opt/ros/jazzy/opt/gz_sim_vendor/share/gz:/opt/ros/jazzy/opt/sdformat_vendor/share/gz:/opt/ros/jazzy/opt/gz_gui_vendor/share/gz:/opt/ros/jazzy/opt/gz_transport_vendor/share/gz:/opt/ros/jazzy/opt/gz_rendering_vendor/share/gz:/opt/ros/jazzy/opt/gz_plugin_vendor/share/gz:/opt/ros/jazzy/opt/gz_fuel_tools_vendor/share/gz:/opt/ros/jazzy/opt/gz_msgs_vendor/share/gz:/opt/ros/jazzy/opt/gz_common_vendor/share/gz', 'XDG_SESSION_TYPE': 'wayland', 'CLUTTER_DISABLE_MIPMAPPED_TEXT': '1', 'SHLVL': '2', 'LD_LIBRARY_PATH': '/opt/ros/jazzy/opt/gz_sim_vendor/lib:/opt/ros/jazzy/opt/gz_sensors_vendor/lib:/opt/ros/jazzy/opt/gz_physics_vendor/lib:/opt/ros/jazzy/opt/sdformat_vendor/lib:/opt/ros/jazzy/opt/rviz_ogre_vendor/lib:/opt/ros/jazzy/lib/x86_64-linux-gnu:/opt/ros/jazzy/opt/gz_gui_vendor/lib:/opt/ros/jazzy/opt/gz_transport_vendor/lib:/opt/ros/jazzy/opt/gz_rendering_vendor/lib:/opt/ros/jazzy/opt/gz_plugin_vendor/lib:/opt/ros/jazzy/opt/gz_fuel_tools_vendor/lib:/opt/ros/jazzy/opt/gz_msgs_vendor/lib:/opt/ros/jazzy/opt/gz_common_vendor/lib:/opt/ros/jazzy/opt/gz_math_vendor/lib:/opt/ros/jazzy/opt/gz_utils_vendor/lib:/opt/ros/jazzy/opt/gz_tools_vendor/lib:/opt/ros/jazzy/opt/gz_ogre_next_vendor/lib:/opt/ros/jazzy/opt/gz_dartsim_vendor/lib:/opt/ros/jazzy/opt/gz_cmake_vendor/lib:/opt/ros/jazzy/lib', 'HOME': '/home/davide-pillon', 'OLDPWD': '/home/davide-pillon/Desktop/Brain_DEII', 'DESKTOP_SESSION': 'ubuntu', 'ROS_PYTHON_VERSION': '3', 'GNOME_SHELL_SESSION_MODE': 'ubuntu', 'GTK_MODULES': 'gail:atk-bridge', 'SYSTEMD_EXEC_PID': '2226', 'GSM_SKIP_SSH_AGENT_WORKAROUND': 'true', 'DBUS_SESSION_BUS_ADDRESS': 'unix:path=/run/user/1000/bus', 'COLORTERM': 'truecolor', 'TERMINATOR_DBUS_NAME': 'net.tenshu.Terminator25ef4b219e3b005583550f2b0f9f990c3', 'DEBUGINFOD_URLS': 'https://debuginfod.ubuntu.com', 'IM_CONFIG_PHASE': '1', 'WAYLAND_DISPLAY': 'wayland-0', 'ROS_DISTRO': 'jazzy', 'LOGNAME': 'davide-pillon', 'IGN_GAZEBO_MODEL_PATH': '/opt/ros/jazzy/share', '_': '/usr/bin/colcon', 'ROS_VERSION': '2', 'MEMORY_PRESSURE_WATCH': '/sys/fs/cgroup/user.slice/user-1000.slice/user@1000.service/session.slice/org.gnome.Shell@wayland.service/memory.pressure', 'XDG_SESSION_CLASS': 'user', 'USERNAME': 'davide-pillon', 'TERM': 'xterm-256color', 'GAZEBO_MODEL_PATH': '/opt/ros/jazzy/share', 'GNOME_DESKTOP_SESSION_ID': 'this-is-deprecated', 'PATH': '/opt/ros/jazzy/opt/gz_msgs_vendor/bin:/opt/ros/jazzy/opt/gz_tools_vendor/bin:/opt/ros/jazzy/opt/gz_ogre_next_vendor/bin:/opt/ros/jazzy/bin:/home/davide-pillon/.local/bin:/usr/local/sbin:/usr/local/bin:/usr/sbin:/usr/bin:/sbin:/bin:/usr/games:/usr/local/games:/snap/bin:/snap/bin:/home/davide-pillon/.local/bin:/home/davide-pillon/.local/bin', 'SESSION_MANAGER': 'local/davide-pillon-BOD-WXX9:@/tmp/.ICE-unix/2190,unix/davide-pillon-BOD-WXX9:/tmp/.ICE-unix/2190', 'XDG_MENU_PREFIX': 'gnome-', 'GNOME_TERMINAL_SCREEN': '/org/gnome/Terminal/screen/ce799c77_8fed_4b4c_8767_c3981f6c9c25', 'GNOME_SETUP_DISPLAY': ':1', 'XDG_RUNTIME_DIR': '/run/user/1000', 'DISPLAY': ':0', 'TERMINATOR_DBUS_PATH': '/net/tenshu/Terminator2', 'LANG': 'en_US.UTF-8', 'XDG_CURRENT_DESKTOP': 'ubuntu:GNOME', 'XMODIFIERS': '@im=ibus', 'XDG_SESSION_DESKTOP': 'ubuntu', 'XAUTHORITY': '/run/user/1000/.mutter-Xwaylandauth.RTQJP3', 'LS_COLORS': 'rs=0:di=01;34:ln=01;36:mh=00:pi=40;33:so=01;35:do=01;35:bd=40;33;01:cd=40;33;01:or=40;31;01:mi=00:su=37;41:sg=30;43:ca=00:tw=30;42:ow=34;42:st=37;44:ex=01;32:*.tar=01;31:*.tgz=01;31:*.arc=01;31:*.arj=01;31:*.taz=01;31:*.lha=01;31:*.lz4=01;31:*.lzh=01;31:*.lzma=01;31:*.tlz=01;31:*.txz=01;31:*.tzo=01;31:*.t7z=01;31:*.zip=01;31:*.z=01;31:*.dz=01;31:*.gz=01;31:*.lrz=01;31:*.lz=01;31:*.lzo=01;31:*.xz=01;31:*.zst=01;31:*.tzst=01;31:*.bz2=01;31:*.bz=01;31:*.tbz=01;31:*.tbz2=01;31:*.tz=01;31:*.deb=01;31:*.rpm=01;31:*.jar=01;31:*.war=01;31:*.ear=01;31:*.sar=01;31:*.rar=01;31:*.alz=01;31:*.ace=01;31:*.zoo=01;31:*.cpio=01;31:*.7z=01;31:*.rz=01;31:*.cab=01;31:*.wim=01;31:*.swm=01;31:*.dwm=01;31:*.esd=01;31:*.avif=01;35:*.jpg=01;35:*.jpeg=01;35:*.mjpg=01;35:*.mjpeg=01;35:*.gif=01;35:*.bmp=01;35:*.pbm=01;35:*.pgm=01;35:*.ppm=01;35:*.tga=01;35:*.xbm=01;35:*.xpm=01;35:*.tif=01;35:*.tiff=01;35:*.png=01;35:*.svg=01;35:*.svgz=01;35:*.mng=01;35:*.pcx=01;35:*.mov=01;35:*.mpg=01;35:*.mpeg=01;35:*.m2v=01;35:*.mkv=01;35:*.webm=01;35:*.webp=01;35:*.ogm=01;35:*.mp4=01;35:*.m4v=01;35:*.mp4v=01;35:*.vob=01;35:*.qt=01;35:*.nuv=01;35:*.wmv=01;35:*.asf=01;35:*.rm=01;35:*.rmvb=01;35:*.flc=01;35:*.avi=01;35:*.fli=01;35:*.flv=01;35:*.gl=01;35:*.dl=01;35:*.xcf=01;35:*.xwd=01;35:*.yuv=01;35:*.cgm=01;35:*.emf=01;35:*.ogv=01;35:*.ogx=01;35:*.aac=00;36:*.au=00;36:*.flac=00;36:*.m4a=00;36:*.mid=00;36:*.midi=00;36:*.mka=00;36:*.mp3=00;36:*.mpc=00;36:*.ogg=00;36:*.ra=00;36:*.wav=00;36:*.oga=00;36:*.opus=00;36:*.spx=00;36:*.xspf=00;36:*~=00;90:*#=00;90:*.bak=00;90:*.crdownload=00;90:*.dpkg-dist=00;90:*.dpkg-new=00;90:*.dpkg-old=00;90:*.dpkg-tmp=00;90:*.old=00;90:*.orig=00;90:*.part=00;90:*.rej=00;90:*.rpmnew=00;90:*.rpmorig=00;90:*.rpmsave=00;90:*.swp=00;90:*.tmp=00;90:*.ucf-dist=00;90:*.ucf-new=00;90:*.ucf-old=00;90:', 'GNOME_TERMINAL_SERVICE': ':1.149', 'SSH_AUTH_SOCK': '/run/user/1000/keyring/ssh', 'AMENT_PREFIX_PATH': '/opt/ros/jazzy', 'SHELL': '/bin/bash', 'TERMINATOR_UUID': 'urn:uuid:efd2288e-d93d-44d7-8b69-ba3352931f37', 'QT_ACCESSIBILITY': '1', 'GDMSESSION': 'ubuntu', 'LESSCLOSE': '/usr/bin/lesspipe %s %s', 'IGN_GAZEBO_RESOURCE_PATH': '/opt/ros/jazzy/share', 'GAZEBO_RESOURCE_PATH': '/opt/ros/jazzy/share', 'ROS_AUTOMATIC_DISCOVERY_RANGE': 'SUBNET', 'QT_IM_MODULE': 'ibus', 'PWD': '/home/davide-pillon/Desktop/Brain_DEII/brain/build/smart', 'LC_ALL': 'en_US.UTF-8', 'XDG_CONFIG_DIRS': '/etc/xdg/xdg-ubuntu:/etc/xdg', 'XDG_DATA_DIRS': '/usr/share/ubuntu:/usr/share/gnome:/home/davide-pillon/.local/share/flatpak/exports/share:/var/lib/flatpak/exports/share:/usr/local/share/:/usr/share/:/var/lib/snapd/desktop', 'PYTHONPATH': '/home/davide-pillon/Desktop/Brain_DEII/brain/build/smart/prefix_override:/usr/lib/python3/dist-packages/colcon_core/task/python/colcon_distutils_commands:/home/davide-pillon/Desktop/Brain_DEII/brain/install/smart/lib/python3.12/site-packages:/opt/ros/jazzy/lib/python3.12/site-packages', 'COLCON': '1', 'MEMORY_PRESSURE_WRITE': 'c29tZSAyMDAwMDAgMjAwMDAwMAA=', 'VTE_VERSION': '7600', 'CMAKE_PREFIX_PATH': '/opt/ros/jazzy/opt/gz_sim_vendor:/opt/ros/jazzy/opt/gz_sensors_vendor:/opt/ros/jazzy/opt/gz_physics_vendor:/opt/ros/jazzy/opt/sdformat_vendor:/opt/ros/jazzy/opt/gz_gui_vendor:/opt/ros/jazzy/opt/gz_transport_vendor:/opt/ros/jazzy/opt/gz_rendering_vendor:/opt/ros/jazzy/opt/gz_plugin_vendor:/opt/ros/jazzy/opt/gz_fuel_tools_vendor:/opt/ros/jazzy/opt/gz_msgs_vendor:/opt/ros/jazzy/opt/gz_common_vendor:/opt/ros/jazzy/opt/gz_math_vendor:/opt/ros/jazzy/opt/gz_utils_vendor:/opt/ros/jazzy/opt/gz_tools_vendor:/opt/ros/jazzy/opt/gz_ogre_next_vendor:/opt/ros/jazzy/opt/gz_dartsim_vendor:/opt/ros/jazzy/opt/gz_cmake_vendor'}, 'shell': False}
[0.902366] (-) TimerEvent: {}
[1.002628] (-) TimerEvent: {}
[1.100974] (smart) StdoutLine: {'line': b'running egg_info\n'}
[1.102740] (-) TimerEvent: {}
[1.118696] (smart) StdoutLine: {'line': b'writing ../../build/smart/smart.egg-info/PKG-INFO\n'}
[1.118906] (smart) StdoutLine: {'line': b'writing dependency_links to ../../build/smart/smart.egg-info/dependency_links.txt\n'}
[1.119034] (smart) StdoutLine: {'line': b'writing entry points to ../../build/smart/smart.egg-info/entry_points.txt\n'}
[1.119161] (smart) StdoutLine: {'line': b'writing requirements to ../../build/smart/smart.egg-info/requires.txt\n'}
[1.119277] (smart) StdoutLine: {'line': b'writing top-level names to ../../build/smart/smart.egg-info/top_level.txt\n'}
[1.154855] (smart) StdoutLine: {'line': b"reading manifest file '../../build/smart/smart.egg-info/SOURCES.txt'\n"}
[1.155608] (smart) StdoutLine: {'line': b"writing manifest file '../../build/smart/smart.egg-info/SOURCES.txt'\n"}
[1.155773] (smart) StdoutLine: {'line': b'running build\n'}
[1.155883] (smart) StdoutLine: {'line': b'running build_py\n'}
[1.156009] (smart) StdoutLine: {'line': b'running install\n'}
[1.161518] (smart) StdoutLine: {'line': b'running install_lib\n'}
[1.179612] (smart) StdoutLine: {'line': b'running install_data\n'}
[1.179931] (smart) StdoutLine: {'line': b'running install_egg_info\n'}
[1.198231] (smart) StdoutLine: {'line': b"removing '/home/davide-pillon/Desktop/Brain_DEII/brain/install/smart/lib/python3.12/site-packages/smart-0.0.0-py3.12.egg-info' (and everything under it)\n"}
[1.198421] (smart) StdoutLine: {'line': b'Copying ../../build/smart/smart.egg-info to /home/davide-pillon/Desktop/Brain_DEII/brain/install/smart/lib/python3.12/site-packages/smart-0.0.0-py3.12.egg-info\n'}
[1.198969] (smart) StdoutLine: {'line': b'running install_scripts\n'}
[1.202805] (-) TimerEvent: {}
[1.303015] (-) TimerEvent: {}
[1.314509] (smart) StdoutLine: {'line': b'Installing oak_camera_node script to /home/davide-pillon/Desktop/Brain_DEII/brain/install/smart/lib/smart\n'}
[1.314742] (smart) StdoutLine: {'line': b"writing list of installed files to '/home/davide-pillon/Desktop/Brain_DEII/brain/build/smart/install.log'\n"}
[1.349224] (smart) CommandEnded: {'returncode': 0}
[1.354197] (smart) JobEnded: {'identifier': 'smart', 'rc': 0}
[1.391455] (input) Command: {'cmd': ['/usr/bin/python3', '-W', 'ignore:setup.py install is deprecated', '-W', 'ignore:easy_install command is deprecated', 'setup.py', 'egg_info', '--egg-base', '../../build/input', 'build', '--build-base', '/home/davide-pillon/Desktop/Brain_DEII/brain/build/input/build', 'install', '--record', '/home/davide-pillon/Desktop/Brain_DEII/brain/build/input/install.log', '--single-version-externally-managed', 'install_data'], 'cwd': '/home/davide-pillon/Desktop/Brain_DEII/brain/src/input', 'env': {'LESSOPEN': '| /usr/bin/lesspipe %s', 'GZ_SIM_RESOURCE_PATH': '/opt/ros/jazzy/share', 'USER': 'davide-pillon', 'GZ_CONFIG_PATH': '/opt/ros/jazzy/opt/gz_sim_vendor/share/gz:/opt/ros/jazzy/opt/sdformat_vendor/share/gz:/opt/ros/jazzy/opt/gz_gui_vendor/share/gz:/opt/ros/jazzy/opt/gz_transport_vendor/share/gz:/opt/ros/jazzy/opt/gz_rendering_vendor/share/gz:/opt/ros/jazzy/opt/gz_plugin_vendor/share/gz:/opt/ros/jazzy/opt/gz_fuel_tools_vendor/share/gz:/opt/ros/jazzy/opt/gz_msgs_vendor/share/gz:/opt/ros/jazzy/opt/gz_common_vendor/share/gz', 'XDG_SESSION_TYPE': 'wayland', 'CLUTTER_DISABLE_MIPMAPPED_TEXT': '1', 'SHLVL': '2', 'LD_LIBRARY_PATH': '/home/davide-pillon/Desktop/Brain_DEII/brain/install/utils/lib:/opt/ros/jazzy/opt/gz_sim_vendor/lib:/opt/ros/jazzy/opt/gz_sensors_vendor/lib:/opt/ros/jazzy/opt/gz_physics_vendor/lib:/opt/ros/jazzy/opt/sdformat_vendor/lib:/opt/ros/jazzy/opt/rviz_ogre_vendor/lib:/opt/ros/jazzy/lib/x86_64-linux-gnu:/opt/ros/jazzy/opt/gz_gui_vendor/lib:/opt/ros/jazzy/opt/gz_transport_vendor/lib:/opt/ros/jazzy/opt/gz_rendering_vendor/lib:/opt/ros/jazzy/opt/gz_plugin_vendor/lib:/opt/ros/jazzy/opt/gz_fuel_tools_vendor/lib:/opt/ros/jazzy/opt/gz_msgs_vendor/lib:/opt/ros/jazzy/opt/gz_common_vendor/lib:/opt/ros/jazzy/opt/gz_math_vendor/lib:/opt/ros/jazzy/opt/gz_utils_vendor/lib:/opt/ros/jazzy/opt/gz_tools_vendor/lib:/opt/ros/jazzy/opt/gz_ogre_next_vendor/lib:/opt/ros/jazzy/opt/gz_dartsim_vendor/lib:/opt/ros/jazzy/opt/gz_cmake_vendor/lib:/opt/ros/jazzy/lib', 'HOME': '/home/davide-pillon', 'OLDPWD': '/home/davide-pillon/Desktop/Brain_DEII', 'DESKTOP_SESSION': 'ubuntu', 'ROS_PYTHON_VERSION': '3', 'GNOME_SHELL_SESSION_MODE': 'ubuntu', 'GTK_MODULES': 'gail:atk-bridge', 'SYSTEMD_EXEC_PID': '2226', 'GSM_SKIP_SSH_AGENT_WORKAROUND': 'true', 'DBUS_SESSION_BUS_ADDRESS': 'unix:path=/run/user/1000/bus', 'COLORTERM': 'truecolor', 'TERMINATOR_DBUS_NAME': 'net.tenshu.Terminator25ef4b219e3b005583550f2b0f9f990c3', 'DEBUGINFOD_URLS': 'https://debuginfod.ubuntu.com', 'IM_CONFIG_PHASE': '1', 'WAYLAND_DISPLAY': 'wayland-0', 'ROS_DISTRO': 'jazzy', 'LOGNAME': 'davide-pillon', 'IGN_GAZEBO_MODEL_PATH': '/opt/ros/jazzy/share', '_': '/usr/bin/colcon', 'ROS_VERSION': '2', 'MEMORY_PRESSURE_WATCH': '/sys/fs/cgroup/user.slice/user-1000.slice/user@1000.service/session.slice/org.gnome.Shell@wayland.service/memory.pressure', 'XDG_SESSION_CLASS': 'user', 'USERNAME': 'davide-pillon', 'TERM': 'xterm-256color', 'GAZEBO_MODEL_PATH': '/opt/ros/jazzy/share', 'GNOME_DESKTOP_SESSION_ID': 'this-is-deprecated', 'PATH': '/opt/ros/jazzy/opt/gz_msgs_vendor/bin:/opt/ros/jazzy/opt/gz_tools_vendor/bin:/opt/ros/jazzy/opt/gz_ogre_next_vendor/bin:/opt/ros/jazzy/bin:/home/davide-pillon/.local/bin:/usr/local/sbin:/usr/local/bin:/usr/sbin:/usr/bin:/sbin:/bin:/usr/games:/usr/local/games:/snap/bin:/snap/bin:/home/davide-pillon/.local/bin:/home/davide-pillon/.local/bin', 'SESSION_MANAGER': 'local/davide-pillon-BOD-WXX9:@/tmp/.ICE-unix/2190,unix/davide-pillon-BOD-WXX9:/tmp/.ICE-unix/2190', 'XDG_MENU_PREFIX': 'gnome-', 'GNOME_TERMINAL_SCREEN': '/org/gnome/Terminal/screen/ce799c77_8fed_4b4c_8767_c3981f6c9c25', 'GNOME_SETUP_DISPLAY': ':1', 'XDG_RUNTIME_DIR': '/run/user/1000', 'DISPLAY': ':0', 'TERMINATOR_DBUS_PATH': '/net/tenshu/Terminator2', 'LANG': 'en_US.UTF-8', 'XDG_CURRENT_DESKTOP': 'ubuntu:GNOME', 'XMODIFIERS': '@im=ibus', 'XDG_SESSION_DESKTOP': 'ubuntu', 'XAUTHORITY': '/run/user/1000/.mutter-Xwaylandauth.RTQJP3', 'LS_COLORS': 'rs=0:di=01;34:ln=01;36:mh=00:pi=40;33:so=01;35:do=01;35:bd=40;33;01:cd=40;33;01:or=40;31;01:mi=00:su=37;41:sg=30;43:ca=00:tw=30;42:ow=34;42:st=37;44:ex=01;32:*.tar=01;31:*.tgz=01;31:*.arc=01;31:*.arj=01;31:*.taz=01;31:*.lha=01;31:*.lz4=01;31:*.lzh=01;31:*.lzma=01;31:*.tlz=01;31:*.txz=01;31:*.tzo=01;31:*.t7z=01;31:*.zip=01;31:*.z=01;31:*.dz=01;31:*.gz=01;31:*.lrz=01;31:*.lz=01;31:*.lzo=01;31:*.xz=01;31:*.zst=01;31:*.tzst=01;31:*.bz2=01;31:*.bz=01;31:*.tbz=01;31:*.tbz2=01;31:*.tz=01;31:*.deb=01;31:*.rpm=01;31:*.jar=01;31:*.war=01;31:*.ear=01;31:*.sar=01;31:*.rar=01;31:*.alz=01;31:*.ace=01;31:*.zoo=01;31:*.cpio=01;31:*.7z=01;31:*.rz=01;31:*.cab=01;31:*.wim=01;31:*.swm=01;31:*.dwm=01;31:*.esd=01;31:*.avif=01;35:*.jpg=01;35:*.jpeg=01;35:*.mjpg=01;35:*.mjpeg=01;35:*.gif=01;35:*.bmp=01;35:*.pbm=01;35:*.pgm=01;35:*.ppm=01;35:*.tga=01;35:*.xbm=01;35:*.xpm=01;35:*.tif=01;35:*.tiff=01;35:*.png=01;35:*.svg=01;35:*.svgz=01;35:*.mng=01;35:*.pcx=01;35:*.mov=01;35:*.mpg=01;35:*.mpeg=01;35:*.m2v=01;35:*.mkv=01;35:*.webm=01;35:*.webp=01;35:*.ogm=01;35:*.mp4=01;35:*.m4v=01;35:*.mp4v=01;35:*.vob=01;35:*.qt=01;35:*.nuv=01;35:*.wmv=01;35:*.asf=01;35:*.rm=01;35:*.rmvb=01;35:*.flc=01;35:*.avi=01;35:*.fli=01;35:*.flv=01;35:*.gl=01;35:*.dl=01;35:*.xcf=01;35:*.xwd=01;35:*.yuv=01;35:*.cgm=01;35:*.emf=01;35:*.ogv=01;35:*.ogx=01;35:*.aac=00;36:*.au=00;36:*.flac=00;36:*.m4a=00;36:*.mid=00;36:*.midi=00;36:*.mka=00;36:*.mp3=00;36:*.mpc=00;36:*.ogg=00;36:*.ra=00;36:*.wav=00;36:*.oga=00;36:*.opus=00;36:*.spx=00;36:*.xspf=00;36:*~=00;90:*#=00;90:*.bak=00;90:*.crdownload=00;90:*.dpkg-dist=00;90:*.dpkg-new=00;90:*.dpkg-old=00;90:*.dpkg-tmp=00;90:*.old=00;90:*.orig=00;90:*.part=00;90:*.rej=00;90:*.rpmnew=00;90:*.rpmorig=00;90:*.rpmsave=00;90:*.swp=00;90:*.tmp=00;90:*.ucf-dist=00;90:*.ucf-new=00;90:*.ucf-old=00;90:', 'GNOME_TERMINAL_SERVICE': ':1.149', 'SSH_AUTH_SOCK': '/run/user/1000/keyring/ssh', 'AMENT_PREFIX_PATH': '/home/davide-pillon/Desktop/Brain_DEII/brain/install/utils:/opt/ros/jazzy', 'SHELL': '/bin/bash', 'TERMINATOR_UUID': 'urn:uuid:efd2288e-d93d-44d7-8b69-ba3352931f37', 'QT_ACCESSIBILITY': '1', 'GDMSESSION': 'ubuntu', 'LESSCLOSE': '/usr/bin/lesspipe %s %s', 'IGN_GAZEBO_RESOURCE_PATH': '/opt/ros/jazzy/share', 'GAZEBO_RESOURCE_PATH': '/opt/ros/jazzy/share', 'ROS_AUTOMATIC_DISCOVERY_RANGE': 'SUBNET', 'QT_IM_MODULE': 'ibus', 'PWD': '/home/davide-pillon/Desktop/Brain_DEII/brain/build/input', 'LC_ALL': 'en_US.UTF-8', 'XDG_CONFIG_DIRS': '/etc/xdg/xdg-ubuntu:/etc/xdg', 'XDG_DATA_DIRS': '/usr/share/ubuntu:/usr/share/gnome:/home/davide-pillon/.local/share/flatpak/exports/share:/var/lib/flatpak/exports/share:/usr/local/share/:/usr/share/:/var/lib/snapd/desktop', 'PYTHONPATH': '/home/davide-pillon/Desktop/Brain_DEII/brain/build/input/prefix_override:/usr/lib/python3/dist-packages/colcon_core/task/python/colcon_distutils_commands:/home/davide-pillon/Desktop/Brain_DEII/brain/install/input/lib/python3.12/site-packages:/home/davide-pillon/Desktop/Brain_DEII/brain/install/utils/lib/python3.12/site-packages:/opt/ros/jazzy/lib/python3.12/site-packages', 'COLCON': '1', 'MEMORY_PRESSURE_WRITE': 'c29tZSAyMDAwMDAgMjAwMDAwMAA=', 'VTE_VERSION': '7600', 'CMAKE_PREFIX_PATH': '/home/davide-pillon/Desktop/Brain_DEII/brain/install/utils:/opt/ros/jazzy/opt/gz_sim_vendor:/opt/ros/jazzy/opt/gz_sensors_vendor:/opt/ros/jazzy/opt/gz_physics_vendor:/opt/ros/jazzy/opt/sdformat_vendor:/opt/ros/jazzy/opt/gz_gui_vendor:/opt/ros/jazzy/opt/gz_transport_vendor:/opt/ros/jazzy/opt/gz_rendering_vendor:/opt/ros/jazzy/opt/gz_plugin_vendor:/opt/ros/jazzy/opt/gz_fuel_tools_vendor:/opt/ros/jazzy/opt/gz_msgs_vendor:/opt/ros/jazzy/opt/gz_common_vendor:/opt/ros/jazzy/opt/gz_math_vendor:/opt/ros/jazzy/opt/gz_utils_vendor:/opt/ros/jazzy/opt/gz_tools_vendor:/opt/ros/jazzy/opt/gz_ogre_next_vendor:/opt/ros/jazzy/opt/gz_dartsim_vendor:/opt/ros/jazzy/opt/gz_cmake_vendor'}, 'shell': False}
[1.401192] (unix_out) Command: {'cmd': ['/usr/bin/python3', '-W', 'ignore:setup.py install is deprecated', '-W', 'ignore:easy_install command is deprecated', 'setup.py', 'egg_info', '--egg-base', '../../build/unix_out', 'build', '--build-base', '/home/davide-pillon/Desktop/Brain_DEII/brain/build/unix_out/build', 'install', '--record', '/home/davide-pillon/Desktop/Brain_DEII/brain/build/unix_out/install.log', '--single-version-externally-managed', 'install_data'], 'cwd': '/home/davide-pillon/Desktop/Brain_DEII/brain/src/unix_out', 'env': {'LESSOPEN': '| /usr/bin/lesspipe %s', 'GZ_SIM_RESOURCE_PATH': '/opt/ros/jazzy/share', 'USER': 'davide-pillon', 'GZ_CONFIG_PATH': '/opt/ros/jazzy/opt/gz_sim_vendor/share/gz:/opt/ros/jazzy/opt/sdformat_vendor/share/gz:/opt/ros/jazzy/opt/gz_gui_vendor/share/gz:/opt/ros/jazzy/opt/gz_transport_vendor/share/gz:/opt/ros/jazzy/opt/gz_rendering_vendor/share/gz:/opt/ros/jazzy/opt/gz_plugin_vendor/share/gz:/opt/ros/jazzy/opt/gz_fuel_tools_vendor/share/gz:/opt/ros/jazzy/opt/gz_msgs_vendor/share/gz:/opt/ros/jazzy/opt/gz_common_vendor/share/gz', 'XDG_SESSION_TYPE': 'wayland', 'CLUTTER_DISABLE_MIPMAPPED_TEXT': '1', 'SHLVL': '2', 'LD_LIBRARY_PATH': '/home/davide-pillon/Desktop/Brain_DEII/brain/install/utils/lib:/opt/ros/jazzy/opt/gz_sim_vendor/lib:/opt/ros/jazzy/opt/gz_sensors_vendor/lib:/opt/ros/jazzy/opt/gz_physics_vendor/lib:/opt/ros/jazzy/opt/sdformat_vendor/lib:/opt/ros/jazzy/opt/rviz_ogre_vendor/lib:/opt/ros/jazzy/lib/x86_64-linux-gnu:/opt/ros/jazzy/opt/gz_gui_vendor/lib:/opt/ros/jazzy/opt/gz_transport_vendor/lib:/opt/ros/jazzy/opt/gz_rendering_vendor/lib:/opt/ros/jazzy/opt/gz_plugin_vendor/lib:/opt/ros/jazzy/opt/gz_fuel_tools_vendor/lib:/opt/ros/jazzy/opt/gz_msgs_vendor/lib:/opt/ros/jazzy/opt/gz_common_vendor/lib:/opt/ros/jazzy/opt/gz_math_vendor/lib:/opt/ros/jazzy/opt/gz_utils_vendor/lib:/opt/ros/jazzy/opt/gz_tools_vendor/lib:/opt/ros/jazzy/opt/gz_ogre_next_vendor/lib:/opt/ros/jazzy/opt/gz_dartsim_vendor/lib:/opt/ros/jazzy/opt/gz_cmake_vendor/lib:/opt/ros/jazzy/lib', 'HOME': '/home/davide-pillon', 'OLDPWD': '/home/davide-pillon/Desktop/Brain_DEII', 'DESKTOP_SESSION': 'ubuntu', 'ROS_PYTHON_VERSION': '3', 'GNOME_SHELL_SESSION_MODE': 'ubuntu', 'GTK_MODULES': 'gail:atk-bridge', 'SYSTEMD_EXEC_PID': '2226', 'GSM_SKIP_SSH_AGENT_WORKAROUND': 'true', 'DBUS_SESSION_BUS_ADDRESS': 'unix:path=/run/user/1000/bus', 'COLORTERM': 'truecolor', 'TERMINATOR_DBUS_NAME': 'net.tenshu.Terminator25ef4b219e3b005583550f2b0f9f990c3', 'DEBUGINFOD_URLS': 'https://debuginfod.ubuntu.com', 'IM_CONFIG_PHASE': '1', 'WAYLAND_DISPLAY': 'wayland-0', 'ROS_DISTRO': 'jazzy', 'LOGNAME': 'davide-pillon', 'IGN_GAZEBO_MODEL_PATH': '/opt/ros/jazzy/share', '_': '/usr/bin/colcon', 'ROS_VERSION': '2', 'MEMORY_PRESSURE_WATCH': '/sys/fs/cgroup/user.slice/user-1000.slice/user@1000.service/session.slice/org.gnome.Shell@wayland.service/memory.pressure', 'XDG_SESSION_CLASS': 'user', 'USERNAME': 'davide-pillon', 'TERM': 'xterm-256color', 'GAZEBO_MODEL_PATH': '/opt/ros/jazzy/share', 'GNOME_DESKTOP_SESSION_ID': 'this-is-deprecated', 'PATH': '/opt/ros/jazzy/opt/gz_msgs_vendor/bin:/opt/ros/jazzy/opt/gz_tools_vendor/bin:/opt/ros/jazzy/opt/gz_ogre_next_vendor/bin:/opt/ros/jazzy/bin:/home/davide-pillon/.local/bin:/usr/local/sbin:/usr/local/bin:/usr/sbin:/usr/bin:/sbin:/bin:/usr/games:/usr/local/games:/snap/bin:/snap/bin:/home/davide-pillon/.local/bin:/home/davide-pillon/.local/bin', 'SESSION_MANAGER': 'local/davide-pillon-BOD-WXX9:@/tmp/.ICE-unix/2190,unix/davide-pillon-BOD-WXX9:/tmp/.ICE-unix/2190', 'XDG_MENU_PREFIX': 'gnome-', 'GNOME_TERMINAL_SCREEN': '/org/gnome/Terminal/screen/ce799c77_8fed_4b4c_8767_c3981f6c9c25', 'GNOME_SETUP_DISPLAY': ':1', 'XDG_RUNTIME_DIR': '/run/user/1000', 'DISPLAY': ':0', 'TERMINATOR_DBUS_PATH': '/net/tenshu/Terminator2', 'LANG': 'en_US.UTF-8', 'XDG_CURRENT_DESKTOP': 'ubuntu:GNOME', 'XMODIFIERS': '@im=ibus', 'XDG_SESSION_DESKTOP': 'ubuntu', 'XAUTHORITY': '/run/user/1000/.mutter-Xwaylandauth.RTQJP3', 'LS_COLORS': 'rs=0:di=01;34:ln=01;36:mh=00:pi=40;33:so=01;35:do=01;35:bd=40;33;01:cd=40;33;01:or=40;31;01:mi=00:su=37;41:sg=30;43:ca=00:tw=30;42:ow=34;42:st=37;44:ex=01;32:*.tar=01;31:*.tgz=01;31:*.arc=01;31:*.arj=01;31:*.taz=01;31:*.lha=01;31:*.lz4=01;31:*.lzh=01;31:*.lzma=01;31:*.tlz=01;31:*.txz=01;31:*.tzo=01;31:*.t7z=01;31:*.zip=01;31:*.z=01;31:*.dz=01;31:*.gz=01;31:*.lrz=01;31:*.lz=01;31:*.lzo=01;31:*.xz=01;31:*.zst=01;31:*.tzst=01;31:*.bz2=01;31:*.bz=01;31:*.tbz=01;31:*.tbz2=01;31:*.tz=01;31:*.deb=01;31:*.rpm=01;31:*.jar=01;31:*.war=01;31:*.ear=01;31:*.sar=01;31:*.rar=01;31:*.alz=01;31:*.ace=01;31:*.zoo=01;31:*.cpio=01;31:*.7z=01;31:*.rz=01;31:*.cab=01;31:*.wim=01;31:*.swm=01;31:*.dwm=01;31:*.esd=01;31:*.avif=01;35:*.jpg=01;35:*.jpeg=01;35:*.mjpg=01;35:*.mjpeg=01;35:*.gif=01;35:*.bmp=01;35:*.pbm=01;35:*.pgm=01;35:*.ppm=01;35:*.tga=01;35:*.xbm=01;35:*.xpm=01;35:*.tif=01;35:*.tiff=01;35:*.png=01;35:*.svg=01;35:*.svgz=01;35:*.mng=01;35:*.pcx=01;35:*.mov=01;35:*.mpg=01;35:*.mpeg=01;35:*.m2v=01;35:*.mkv=01;35:*.webm=01;35:*.webp=01;35:*.ogm=01;35:*.mp4=01;35:*.m4v=01;35:*.mp4v=01;35:*.vob=01;35:*.qt=01;35:*.nuv=01;35:*.wmv=01;35:*.asf=01;35:*.rm=01;35:*.rmvb=01;35:*.flc=01;35:*.avi=01;35:*.fli=01;35:*.flv=01;35:*.gl=01;35:*.dl=01;35:*.xcf=01;35:*.xwd=01;35:*.yuv=01;35:*.cgm=01;35:*.emf=01;35:*.ogv=01;35:*.ogx=01;35:*.aac=00;36:*.au=00;36:*.flac=00;36:*.m4a=00;36:*.mid=00;36:*.midi=00;36:*.mka=00;36:*.mp3=00;36:*.mpc=00;36:*.ogg=00;36:*.ra=00;36:*.wav=00;36:*.oga=00;36:*.opus=00;36:*.spx=00;36:*.xspf=00;36:*~=00;90:*#=00;90:*.bak=00;90:*.crdownload=00;90:*.dpkg-dist=00;90:*.dpkg-new=00;90:*.dpkg-old=00;90:*.dpkg-tmp=00;90:*.old=00;90:*.orig=00;90:*.part=00;90:*.rej=00;90:*.rpmnew=00;90:*.rpmorig=00;90:*.rpmsave=00;90:*.swp=00;90:*.tmp=00;90:*.ucf-dist=00;90:*.ucf-new=00;90:*.ucf-old=00;90:', 'GNOME_TERMINAL_SERVICE': ':1.149', 'SSH_AUTH_SOCK': '/run/user/1000/keyring/ssh', 'AMENT_PREFIX_PATH': '/home/davide-pillon/Desktop/Brain_DEII/brain/install/utils:/opt/ros/jazzy', 'SHELL': '/bin/bash', 'TERMINATOR_UUID': 'urn:uuid:efd2288e-d93d-44d7-8b69-ba3352931f37', 'QT_ACCESSIBILITY': '1', 'GDMSESSION': 'ubuntu', 'LESSCLOSE': '/usr/bin/lesspipe %s %s', 'IGN_GAZEBO_RESOURCE_PATH': '/opt/ros/jazzy/share', 'GAZEBO_RESOURCE_PATH': '/opt/ros/jazzy/share', 'ROS_AUTOMATIC_DISCOVERY_RANGE': 'SUBNET', 'QT_IM_MODULE': 'ibus', 'PWD': '/home/davide-pillon/Desktop/Brain_DEII/brain/build/unix_out', 'LC_ALL': 'en_US.UTF-8', 'XDG_CONFIG_DIRS': '/etc/xdg/xdg-ubuntu:/etc/xdg', 'XDG_DATA_DIRS': '/usr/share/ubuntu:/usr/share/gnome:/home/davide-pillon/.local/share/flatpak/exports/share:/var/lib/flatpak/exports/share:/usr/local/share/:/usr/share/:/var/lib/snapd/desktop', 'PYTHONPATH': '/home/davide-pillon/Desktop/Brain_DEII/brain/build/unix_out/prefix_override:/usr/lib/python3/dist-packages/colcon_core/task/python/colcon_distutils_commands:/home/davide-pillon/Desktop/Brain_DEII/brain/install/unix_out/lib/python3.12/site-packages:/home/davide-pillon/Desktop/Brain_DEII/brain/install/utils/lib/python3.12/site-packages:/opt/ros/jazzy/lib/python3.12/site-packages', 'COLCON': '1', 'MEMORY_PRESSURE_WRITE': 'c29tZSAyMDAwMDAgMjAwMDAwMAA=', 'VTE_VERSION': '7600', 'CMAKE_PREFIX_PATH': '/home/davide-pillon/Desktop/Brain_DEII/brain/install/utils:/opt/ros/jazzy/opt/gz_sim_vendor:/opt/ros/jazzy/opt/gz_sensors_vendor:/opt/ros/jazzy/opt/gz_physics_vendor:/opt/ros/jazzy/opt/sdformat_vendor:/opt/ros/jazzy/opt/gz_gui_vendor:/opt/ros/jazzy/opt/gz_transport_vendor:/opt/ros/jazzy/opt/gz_rendering_vendor:/opt/ros/jazzy/opt/gz_plugin_vendor:/opt/ros/jazzy/opt/gz_fuel_tools_vendor:/opt/ros/jazzy/opt/gz_msgs_vendor:/opt/ros/jazzy/opt/gz_common_vendor:/opt/ros/jazzy/opt/gz_math_vendor:/opt/ros/jazzy/opt/gz_utils_vendor:/opt/ros/jazzy/opt/gz_tools_vendor:/opt/ros/jazzy/opt/gz_ogre_next_vendor:/opt/ros/jazzy/opt/gz_dartsim_vendor:/opt/ros/jazzy/opt/gz_cmake_vendor'}, 'shell': False}
[1.403085] (-) TimerEvent: {}
[1.503307] (-) TimerEvent: {}
[1.603610] (-) TimerEvent: {}
[1.631545] (input) StdoutLine: {'line': b'running egg_info\n'}
[1.634881] (unix_out) StdoutLine: {'line': b'running egg_info\n'}
[1.647794] (input) StdoutLine: {'line': b'writing ../../build/input/input.egg-info/PKG-INFO\n'}
[1.648012] (input) StdoutLine: {'line': b'writing dependency_links to ../../build/input/input.egg-info/dependency_links.txt\n'}
[1.648150] (input) StdoutLine: {'line': b'writing entry points to ../../build/input/input.egg-info/entry_points.txt\n'}
[1.648275] (input) StdoutLine: {'line': b'writing requirements to ../../build/input/input.egg-info/requires.txt\n'}
[1.648393] (input) StdoutLine: {'line': b'writing top-level names to ../../build/input/input.egg-info/top_level.txt\n'}
[1.651681] (unix_out) StdoutLine: {'line': b'writing ../../build/unix_out/unix_out.egg-info/PKG-INFO\n'}
[1.651841] (unix_out) StdoutLine: {'line': b'writing dependency_links to ../../build/unix_out/unix_out.egg-info/dependency_links.txt\n'}
[1.651952] (unix_out) StdoutLine: {'line': b'writing entry points to ../../build/unix_out/unix_out.egg-info/entry_points.txt\n'}
[1.652086] (unix_out) StdoutLine: {'line': b'writing requirements to ../../build/unix_out/unix_out.egg-info/requires.txt\n'}
[1.652195] (unix_out) StdoutLine: {'line': b'writing top-level names to ../../build/unix_out/unix_out.egg-info/top_level.txt\n'}
[1.684787] (input) StdoutLine: {'line': b"reading manifest file '../../build/input/input.egg-info/SOURCES.txt'\n"}
[1.685712] (input) StdoutLine: {'line': b"writing manifest file '../../build/input/input.egg-info/SOURCES.txt'\n"}
[1.685877] (input) StdoutLine: {'line': b'running build\n'}
[1.685973] (input) StdoutLine: {'line': b'running build_py\n'}
[1.686184] (input) StdoutLine: {'line': b'copying src/data/semaphoreBridge.py -> /home/davide-pillon/Desktop/Brain_DEII/brain/build/input/build/lib/data\n'}
[1.687242] (input) StdoutLine: {'line': b'copying src/data/semaphoreBridge.py -> /home/davide-pillon/Desktop/Brain_DEII/brain/build/input/build/lib/src/data\n'}
[1.689194] (input) StdoutLine: {'line': b'running install\n'}
[1.689322] (unix_out) StdoutLine: {'line': b"reading manifest file '../../build/unix_out/unix_out.egg-info/SOURCES.txt'\n"}
[1.689792] (unix_out) StdoutLine: {'line': b"writing manifest file '../../build/unix_out/unix_out.egg-info/SOURCES.txt'\n"}
[1.689899] (unix_out) StdoutLine: {'line': b'running build\n'}
[1.690002] (unix_out) StdoutLine: {'line': b'running build_py\n'}
[1.690092] (unix_out) StdoutLine: {'line': b'running install\n'}
[1.694323] (input) StdoutLine: {'line': b'running install_lib\n'}
[1.694995] (unix_out) StdoutLine: {'line': b'running install_lib\n'}
[1.703696] (-) TimerEvent: {}
[1.712050] (input) StdoutLine: {'line': b'copying /home/davide-pillon/Desktop/Brain_DEII/brain/build/input/build/lib/data/semaphoreBridge.py -> /home/davide-pillon/Desktop/Brain_DEII/brain/install/input/lib/python3.12/site-packages/data\n'}
[1.712729] (input) StdoutLine: {'line': b'copying /home/davide-pillon/Desktop/Brain_DEII/brain/build/input/build/lib/src/data/semaphoreBridge.py -> /home/davide-pillon/Desktop/Brain_DEII/brain/install/input/lib/python3.12/site-packages/src/data\n'}
[1.713054] (unix_out) StdoutLine: {'line': b'running install_data\n'}
[1.713230] (unix_out) StdoutLine: {'line': b'running install_egg_info\n'}
[1.713790] (input) StdoutLine: {'line': b'byte-compiling /home/davide-pillon/Desktop/Brain_DEII/brain/install/input/lib/python3.12/site-packages/data/semaphoreBridge.py to semaphoreBridge.cpython-312.pyc\n'}
[1.715231] (input) StdoutLine: {'line': b'byte-compiling /home/davide-pillon/Desktop/Brain_DEII/brain/install/input/lib/python3.12/site-packages/src/data/semaphoreBridge.py to semaphoreBridge.cpython-312.pyc\n'}
[1.716508] (input) StdoutLine: {'line': b'running install_data\n'}
[1.716627] (input) StdoutLine: {'line': b'running install_egg_info\n'}
[1.731584] (unix_out) StdoutLine: {'line': b"removing '/home/davide-pillon/Desktop/Brain_DEII/brain/install/unix_out/lib/python3.12/site-packages/unix_out-0.0.0-py3.12.egg-info' (and everything under it)\n"}
[1.731782] (unix_out) StdoutLine: {'line': b'Copying ../../build/unix_out/unix_out.egg-info to /home/davide-pillon/Desktop/Brain_DEII/brain/install/unix_out/lib/python3.12/site-packages/unix_out-0.0.0-py3.12.egg-info\n'}
[1.732259] (unix_out) StdoutLine: {'line': b'running install_scripts\n'}
[1.734651] (input) StdoutLine: {'line': b"removing '/home/davide-pillon/Desktop/Brain_DEII/brain/install/input/lib/python3.12/site-packages/input-0.0.0-py3.12.egg-info' (and everything under it)\n"}
[1.734847] (input) StdoutLine: {'line': b'Copying ../../build/input/input.egg-info to /home/davide-pillon/Desktop/Brain_DEII/brain/install/input/lib/python3.12/site-packages/input-0.0.0-py3.12.egg-info\n'}
[1.735339] (input) StdoutLine: {'line': b'running install_scripts\n'}
[1.803890] (-) TimerEvent: {}
[1.841235] (unix_out) StdoutLine: {'line': b'Installing camera_to_socket script to /home/davide-pillon/Desktop/Brain_DEII/brain/install/unix_out/lib/unix_out\n'}
[1.841474] (input) StdoutLine: {'line': b'Installing gpstrackerNODE script to /home/davide-pillon/Desktop/Brain_DEII/brain/install/input/lib/input\n'}
[1.841626] (input) StdoutLine: {'line': b'Installing imuNODE script to /home/davide-pillon/Desktop/Brain_DEII/brain/install/input/lib/input\n'}
[1.841733] (input) StdoutLine: {'line': b'Installing semaphoreBridgeNODE script to /home/davide-pillon/Desktop/Brain_DEII/brain/install/input/lib/input\n'}
[1.841825] (unix_out) StdoutLine: {'line': b'Installing lidar_to_socket script to /home/davide-pillon/Desktop/Brain_DEII/brain/install/unix_out/lib/unix_out\n'}
[1.841937] (input) StdoutLine: {'line': b'Installing semaphoreNODE script to /home/davide-pillon/Desktop/Brain_DEII/brain/install/input/lib/input\n'}
[1.842042] (input) StdoutLine: {'line': b'Installing sonarNODE script to /home/davide-pillon/Desktop/Brain_DEII/brain/install/input/lib/input\n'}
[1.842135] (unix_out) StdoutLine: {'line': b'Installing metrics_to_socket script to /home/davide-pillon/Desktop/Brain_DEII/brain/install/unix_out/lib/unix_out\n'}
[1.842231] (input) StdoutLine: {'line': b'Installing trafficBridgeNODE script to /home/davide-pillon/Desktop/Brain_DEII/brain/install/input/lib/input\n'}
[1.842328] (unix_out) StdoutLine: {'line': b"writing list of installed files to '/home/davide-pillon/Desktop/Brain_DEII/brain/build/unix_out/install.log'\n"}
[1.842978] (input) StdoutLine: {'line': b"writing list of installed files to '/home/davide-pillon/Desktop/Brain_DEII/brain/build/input/install.log'\n"}
[1.881598] (input) CommandEnded: {'returncode': 0}
[1.886602] (input) JobEnded: {'identifier': 'input', 'rc': 0}
[1.887451] (unix_out) CommandEnded: {'returncode': 0}
[1.891547] (unix_out) JobEnded: {'identifier': 'unix_out', 'rc': 0}
[1.892056] (-) EventReactorShutdown: {}
