<?xml version="1.0" encoding="UTF-8"?>
<COLLADA xmlns="http://www.collada.org/2005/11/COLLADASchema" version="1.4.1">
<!--
# File generated by ImageToStl.com - Free Image and 3D model conversion tools
-->
  <asset>
    <contributor>
      <author>ImageToStl.com</author>
      <authoring_tool>ImageToStl.com</authoring_tool>
    </contributor>
    <created>2025-03-23T05:19:39</created>
    <modified>2025-03-23T05:19:39</modified>
    <unit name="centimeter" meter="0.01"/>
    <up_axis>Z_UP</up_axis>
  </asset>
  <library_effects>
    <effect id="effect_0">
        <profile_COMMON>
          <technique sid="common">
            <phong>
              <diffuse>
                <color>0.85 0.85 0.85 1</color>
              </diffuse>
              <specular>
                <color>0.05 0.05 0.05 1</color>
              </specular>
              <shininess>
                <float>64</float>
              </shininess>
            </phong>
          </technique>
        </profile_COMMON>
    </effect>
  </library_effects>
  <library_materials>
    <material id="mat_0">
      <instance_effect url="#effect_0"/>
    </material>
  </library_materials>
  <library_geometries>
    <geometry id="geometry_5214c064_8be0_46d2_a423_f9f275258772">
      <mesh>
        <source id="pos_0">
          <float_array id="pos_0-array" count="4275">945.69500732 450 484.97427368 1025.69494629 450 346.41015625 1030.12475586 450 536.71289062 1105.49133301 450 394.93536377 1111.73120117 450 592.79943848 1182.99621582 450 447.04223633 1190.2902832 450 653.07995605 2051.38989258 450 2122.96606445 1891.39001465 450 2122.96606445 2049.26416016 450 2029.59790039 1888.79785156 450 2023.97839355 2042.89074707 450 1936.42321777 1881.02880859 450 1925.26196289 2032.2833252 450 1843.63513184 1868.10388184 450 1827.08740234 2017.46350098 450 1751.42602539 1850.05859375 450 1729.72399902 1637.99182129 450 1177.27111816 1799.44360352 450 1137.97692871 1685.24084473 450 1264.29296875 1842.41015625 450 1220.89868164 1727.87072754 450 1353.66845703 1881.55810547 450 1305.69006348 1765.76477051 450 1445.15246582 1916.80627441 450 1392.17541504 1798.81884766 450 1538.49438477 1948.0814209 450 1480.17541504 1826.94238281 450 1633.43823242 1975.31884766 450 1569.50769043 1998.4621582 450 1659.98706055 1258.04919434 450 502.62261963 1330.49475098 450 561.56134033 1265.58691406 450 717.38934326 1400.18273926 450 623.73651123 1337.41479492 450 785.55133057 1466.96850586 450 689.01898193 1405.57666016 450 857.37908936 1530.71374512 450 757.2734375 1469.8861084 450 932.67572021 1591.28637695 450 828.35852051 1530.16662598 450 1011.23486328 1648.56091309 450 902.12689209 1586.25317383 450 1092.84130859 1702.41845703 450 978.42572021 1752.74743652 450 1057.09667969 2243.84399414 100 1267.49072266 2218.5949707 100 1203.99389648 2218.5949707 0 1203.99389648 1200.69506836 100 43.30134583 1200.69506836 0 43.30134583 1294.10571289 100 100.10575867 1334.14074707 0 126.28328705 1334.14074707 100 126.28328705 1583.34643555 100 317.50549316 1557.49853516 100 295.1607666 1583.34643555 0 317.50549316 1472.69262695 100 226.16601562 1461.87365723 0 217.8152771 1461.87365723 100 217.8152771 1384.83435059 100 161.10276794 1805.46057129 100 539.61956787 1791.87792969 100 524.26434326 1805.46057129 0 539.61956787 1717.25683594 100 444.36456299 1698.03918457 0 424.92687988 1698.03918457 100 424.92687988 1639.07629395 100 367.94387817 1862.78540039 100 607.4777832 1905.15075684 0 661.09240723 1905.15075684 100 661.09240723 1929.83178711 100 693.83227539 1996.68273926 0 788.82525635 1992.87817383 100 783.14874268 2079.66479492 0 922.27099609 2051.79418945 100 875.24237061 1996.68273926 100 788.82525635 2153.74121094 0 1060.85839844 2106.45751953 100 969.92193604 2079.66479492 100 922.27099609 2202.58203125 100 1166.24963379 2156.75488281 100 1066.99145508 2153.74121094 100 1060.85839844 2273.94848633 100 1351.0645752 2273.94848633 0 1351.0645752 2280.45532227 100 1370.50500488 2319.56469727 0 1501.44055176 2312.34008789 100 1475.07873535 2355.24804688 0 1654.47814941 2339.43188477 100 1580.9954834 2319.56469727 100 1501.44055176 2380.84570312 100 1809.52172852 2379.02319336 100 1795.97680664 2380.84570312 0 1809.52172852 2361.67504883 100 1688.03540039 2355.24804688 100 1654.47814941 2391.44067383 100 1904.59594727 2396.24829102 0 1965.90759277 2396.24829102 100 1965.90759277 2398.90136719 100 2013.66772461 2401.39013672 0 2122.96606445 2401.39013672 100 2122.96606445 1491.39001465 130 2122.96606445 1491.39001465 0 2122.96606445 1541.38989258 0 2122.96606445 1659.29711914 361.97875977 2122.96606445 1630.69885254 419.27764893 2122.96606445 1599.76049805 391.6295166 2122.96606445 1541.38989258 100 2122.96606445 1543.94189453 142.18783569 2122.96606445 1493.71643066 171.42686462 2122.96606445 1551.5604248 183.76048279 2122.96606445 1629.41125488 332.09292603 2122.96606445 1572.11230469 360.69122314 2122.96606445 1603.34558105 298.82266235 2122.96606445 1548.10205078 326.85186768 2122.96606445 1581.48034668 262.65310669 2122.96606445 1528.03149414 290.53695679 2122.96606445 1564.13439941 224.11170959 2122.96606445 1512.15319824 252.20326233 2122.96606445 1500.66662598 212.33273315 2122.96606445 2451.39013672 0 2122.96606445 2451.39013672 130 2122.96606445 2398.83813477 142.18783569 2122.96606445 2449.06347656 171.42686462 2122.96606445 2391.21972656 183.76048279 2122.96606445 2442.11328125 212.33273315 2122.96606445 2378.64575195 224.11170959 2122.96606445 2430.62695312 252.20326233 2122.96606445 2361.29956055 262.65310669 2122.96606445 2414.74853516 290.53695679 2122.96606445 2339.43432617 298.82266235 2122.96606445 2394.67797852 326.85186768 2122.96606445 2313.36889648 332.09292603 2122.96606445 2081.38989258 500 2122.96606445 2093.57788086 447.4480896 2122.96606445 2122.81689453 497.67352295 2122.96606445 2135.15039062 439.82965088 2122.96606445 2370.66772461 360.69122314 2122.96606445 2343.01953125 391.6295166 2122.96606445 2283.48291016 361.97875977 2122.96606445 2312.08129883 419.27764893 2122.96606445 2250.21264648 388.04437256 2122.96606445 2278.24194336 443.28793335 2122.96606445 2214.04321289 409.90960693 2122.96606445 2241.92700195 463.35848999 2122.96606445 2175.50170898 427.25567627 2122.96606445 2203.59326172 479.23684692 2122.96606445 2163.72265625 490.72332764 2122.96606445 1664.53808594 443.28793335 2122.96606445 1692.56738281 388.04437256 2122.96606445 1700.85302734 463.35848999 2122.96606445 1728.73681641 409.90960693 2122.96606445 1739.18676758 479.23684692 2122.96606445 1767.27832031 427.25567627 2122.96606445 1779.05725098 490.72332764 2122.96606445 1807.6295166 439.82965088 2122.96606445 1819.96313477 497.67352295 2122.96606445 1849.20214844 447.4480896 2122.96606445 1861.39001465 500 2122.96606445 2448.84960938 130 2011.39196777 2446.14160156 0 1962.63745117 2430.41796875 0 1802.9954834 2441.23339844 130 1900.04919434 2446.14160156 130 1962.63745117 2404.28735352 130 1644.72363281 2410.84814453 130 1678.97961426 2404.28735352 0 1644.72363281 2428.55761719 130 1789.16845703 2430.41796875 130 1802.9954834 2321.29492188 130 1334.99255371 2327.93725586 130 1354.83776855 2321.29492188 0 1334.99255371 2360.48583984 130 1461.58886719 2367.86083984 0 1488.49963379 2367.86083984 130 1488.49963379 2388.1418457 130 1569.7109375 2290.5637207 130 1249.67871094 2264.7890625 0 1184.85974121 2264.7890625 130 1184.85974121 2248.44262695 130 1146.32958984 2198.5847168 0 1038.74401855 2201.66137695 130 1045.00476074 2122.96606445 0 897.27105713 2150.31665039 130 945.91412354 2198.5847168 130 1038.74401855 2038.25634766 0 761.04675293 2094.51513672 130 849.26318359 2122.96606445 130 897.27105713 1944.81848145 130 630.65435791 1970.01330566 130 664.0758667 1944.81848145 0 630.65435791 2034.37255859 130 755.25213623 2038.25634766 130 761.04675293 1901.57092285 130 575.92333984 1843.0526123 0 506.65234375 1843.0526123 130 506.65234375 1829.18725586 130 490.97741699 1733.39453125 0 389.5715332 1753.0123291 130 409.41394043 1616.3137207 0 279.91342163 1673.20397949 130 331.40206909 1733.39453125 130 389.5715332 1492.31176758 130 178.14755249 1503.35595703 130 186.67221069 1492.31176758 0 178.14755249 1589.92773438 130 257.10357666 1616.3137207 130 279.91342163 1413.66833496 130 120.25428009 1361.91931152 0 84.7096405 1361.91931152 130 84.7096405 1321.05078125 130 57.98721313 1225.69506836 0 0 1225.69506836 130 0 1225.69506836 -0 0 1200.69506836 -0 43.30134583 1199.41906738 142.18783569 45.51124573 1224.53173828 171.42686462 2.01487541 1195.60986328 183.76048279 52.10900116 1221.05664062 212.33273315 8.03375244 1215.31347656 252.20326233 17.98152924 1189.32287598 224.11170959 62.99853516 1207.37426758 290.53695679 31.7325592 1180.64978027 262.65310669 78.02056885 1197.33898926 326.85186768 49.11422729 1169.71716309 298.82266235 96.95648956 1185.3338623 360.69122314 69.90766907 1156.68444824 332.09292603 119.52996063 1171.50976562 391.6295166 93.8515625 1141.74145508 361.97875977 145.41184998 1156.04064941 419.27764893 120.64505005 814.70562744 332.09292603 711.85455322 799.88024902 391.6295166 737.53283691 829.64855957 361.97875977 685.97271729 815.34942627 419.27764893 710.73950195 846.28369141 388.04437256 657.15966797 832.26904297 443.28793335 681.43377686 864.3684082 409.90960693 625.83599854 850.42651367 463.35848999 649.98413086 883.63916016 427.25567627 592.45812988 869.59338379 479.23684692 616.78613281 903.8147583 439.82965088 557.51300049 770.69494629 -0 788.08319092 745.69500732 -0 831.38439941 770.69494629 100 788.08319092 745.69500732 130 831.38439941 771.97094727 142.18783569 785.87316895 746.85821533 171.42686462 829.36968994 775.7802124 183.76048279 779.27539062 750.33331299 212.33273315 823.3505249 782.06719971 224.11170959 768.38598633 756.07659912 252.20326233 813.40301514 790.74017334 262.65310669 753.36383057 764.01574707 290.53695679 799.65197754 801.67279053 298.82266235 734.42803955 774.05102539 326.85186768 782.27032471 786.05615234 360.69122314 761.47686768 930.69500732 500 510.95498657 924.60107422 447.4480896 521.51000977 909.98156738 497.67352295 546.83172607 889.52862549 490.72332764 582.25726318 1139.12097168 443.28793335 149.95074463 1125.10632324 388.04437256 174.22473145 1120.96350098 463.35848999 181.40029907 1107.02160645 409.90960693 205.54852295 1101.79663086 479.23684692 214.59829712 1087.75085449 427.25567627 238.92628479 1081.86132812 490.72332764 249.12715149 1067.57519531 439.82965088 273.87155151 1061.40844727 497.67352295 284.55270386 1046.78894043 447.4480896 309.87442017 1040.69494629 500 320.42944336 745.69500732 0 831.38439941 812.26922607 130 872.18115234 847.20605469 0 895.57611084 847.20605469 130 895.57611084 876.61706543 130 916.40612793 943.22271729 0 967.72790527 938.56213379 130 963.93835449 1033.12219238 0 1047.37194824 997.93469238 130 1014.6472168 943.22271729 130 967.72790527 1116.32141113 130 1133.99157715 1108.31884766 130 1125.03137207 1116.32141113 0 1133.99157715 1054.57202148 130 1068.39404297 1033.12219238 130 1047.37194824 1159.02770996 130 1184.40393066 1192.28088379 0 1227.02502441 1192.28088379 130 1227.02502441 1206.55993652 130 1246.34899902 1260.50805664 0 1325.86914062 1250.78491211 130 1310.69689941 1328.83825684 130 1445.88916016 1320.56018066 130 1429.88256836 1320.56018066 0 1429.88256836 1291.58166504 130 1377.27099609 1260.50805664 130 1325.86914062 1362.45251465 130 1516.36303711 1372.0480957 0 1538.39099121 1372.0480957 130 1538.39099121 1392.33251953 130 1588.49963379 1414.63781738 0 1650.69055176 1414.63781738 130 1650.69055176 1448.05285645 0 1766.05310059 1440.57214355 130 1736.96594238 1418.39624023 130 1662.10119629 1473.02856445 130 1889.66125488 1472.0769043 130 1883.73022461 1472.0769043 0 1883.73022461 1458.79956055 130 1812.88867188 1448.05285645 130 1766.05310059 1483.2199707 130 1967.07336426 1486.55395508 0 2002.95898438 1486.55395508 130 2002.95898438 1489.34619141 130 2044.91271973 1858.83898926 500 2025.54846191 2079.23291016 500 2028.23242188 1851.19311523 500 1928.39782715 2072.76660156 500 1933.69519043 1838.47314453 500 1831.78051758 1121.65820312 500 369.66430664 1013.7855835 500 561.87310791 1200.29663086 500 422.53302002 1094.09765625 500 617.06994629 1276.44726562 500 478.92630005 1171.41064453 500 676.39434814 1349.95227051 500 538.72705078 1245.51293945 500 739.68377686 2062.00390625 500 1839.5501709 2046.96728516 500 1745.99255371 1820.71411133 500 1735.96130371 2027.68823242 500 1653.21630859 1797.96472168 500 1641.20288086 2004.2064209 500 1561.41381836 1770.2869873 500 1547.76489258 1976.57055664 500 1470.77502441 1737.75732422 500 1455.90356445 1944.8380127 500 1381.48815918 1700.46435547 500 1365.8704834 1909.07446289 500 1293.73803711 1658.51074219 500 1277.91271973 1869.35400391 500 1207.70654297 1825.7590332 500 1123.57226562 1612.0111084 500 1192.27099609 1778.38000488 500 1041.50927734 1561.09301758 500 1109.18041992 1727.31494141 500 961.68768311 1505.89611816 500 1028.8684082 1672.6697998 500 884.27319336 1446.57165527 500 951.55535889 1614.55773926 500 809.42596436 1383.28234863 500 877.45306396 1553.09924316 500 737.3012085 1316.20141602 500 806.7645874 1488.42175293 500 668.04852295 1420.65930176 500 601.81140137 1539.27758789 100 2042.29589844 1536.39172363 0 1998.93566895 1536.39172363 100 1998.93566895 1532.94616699 100 1961.84692383 1521.42944336 0 1875.7097168 1522.4128418 100 1881.83947754 1496.59997559 0 1754.08728027 1507.70690918 100 1802.49304199 1521.42944336 100 1875.7097168 1462.0645752 100 1634.85717773 1465.94909668 100 1646.65039062 1462.0645752 0 1634.85717773 1488.8684082 100 1724.02490234 1496.59997559 100 1754.08728027 1439.01159668 100 1570.58129883 1418.04711914 0 1518.79260254 1418.04711914 100 1518.79260254 1408.12976074 100 1496.02624512 1364.83312988 0 1406.64648438 1373.3885498 100 1423.18969727 1292.71838379 100 1283.46496582 1302.76745605 100 1299.14575195 1302.76745605 0 1299.14575195 1334.8828125 100 1352.27111816 1364.83312988 100 1406.64648438 1247.01074219 100 1216.9597168 1232.25305176 0 1196.98791504 1232.25305176 100 1196.98791504 1197.88500977 100 1152.93786621 1153.74694824 0 1100.83544922 1153.74694824 100 1100.83544922 1067.75842285 0 1011.31176758 1089.92736816 100 1033.03869629 1145.47595215 100 1091.5748291 970.02813721 100 925.08099365 974.8449707 100 928.9977417 974.8449707 0 928.9977417 1031.39123535 100 977.49005127 1067.75842285 100 1011.31176758 906.00634766 100 875.95532227 875.60931396 0 854.42700195 875.60931396 100 854.42700195 839.50115967 100 830.24761963 770.69494629 0 788.08319092 1535.48413086 142.18783569 1961.5802002 1491.33337402 142.18783569 1723.36450195 1410.46105957 142.18783569 1494.98828125 1294.85852051 142.18783569 1282.07507324 1147.37243652 142.18783569 1089.8671875 971.63409424 142.18783569 923.09783936 1846.66784668 447.4480896 2026.1862793 1839.07202148 447.4480896 1929.67175293 1826.4354248 447.4480896 1833.68713379 1808.79272461 447.4480896 1738.49523926 1786.19213867 447.4480896 1644.3572998 1758.69567871 447.4480896 1551.53112793 1726.37890625 447.4480896 1460.27124023 1689.3302002 447.4480896 1370.82775879 1647.65124512 447.4480896 1283.44580078 1601.45605469 447.4480896 1198.36499023 1550.87133789 447.4480896 1115.81835938 1496.03588867 447.4480896 1036.03234863 1437.09997559 447.4480896 959.22540283 1374.22497559 447.4480896 885.6083374 1307.58337402 447.4480896 815.38269043 1237.35778809 447.4480896 748.74102783 1163.74060059 447.4480896 685.86608887 1086.93371582 447.4480896 626.93011475 1007.14764404 447.4480896 572.09466553 984.50561523 439.82965088 606.96038818 962.52874756 427.25567627 640.80175781 941.53759766 409.90960693 673.12524414 921.8381958 388.04437256 703.45959473 903.71795654 361.97875977 731.36248779 887.440979 332.09292603 756.42681885 873.24462891 298.82266235 778.28729248 861.3359375 262.65310669 796.625 851.88861084 224.11170959 811.17260742 845.04034424 183.76048279 821.71807861 840.89099121 142.18783569 828.10748291 907.50628662 142.18783569 873.89086914 1062.4979248 439.82965088 660.56311035 1038.78015137 427.25567627 693.20788574 1016.1260376 409.90960693 724.38848877 994.8661499 388.04437256 753.65032959 975.31030273 361.97875977 780.56658936 957.74389648 332.09292603 804.74475098 942.4229126 298.82266235 825.83215332 929.57086182 262.65310669 843.52160645 919.37506104 224.11170959 857.55480957 911.98431396 183.76048279 867.72741699 1137.578125 439.82965088 718.17407227 1112.18432617 427.25567627 749.53283691 1087.92932129 409.90960693 779.48510742 1065.16723633 388.04437256 807.59417725 1044.22949219 361.97875977 833.45007324 1025.42175293 332.09292603 856.67572021 1009.01806641 298.82266235 876.93249512 995.25787354 262.65310669 893.92492676 984.34161377 224.11170959 907.40539551 976.42858887 183.76048279 917.17718506 1209.5402832 439.82965088 779.63555908 1182.53991699 427.25567627 809.62231445 1156.75085449 409.90960693 838.26422119 1132.54858398 388.04437256 865.14343262 1110.28649902 361.97875977 889.86804199 1090.28881836 332.09292603 912.07757568 1072.84765625 298.82266235 931.44799805 1058.21691895 262.65310669 947.69702148 1046.61010742 224.11170959 960.58776855 1038.1965332 183.76048279 969.9319458 1033.09887695 142.18783569 975.59356689 1091.73181152 142.18783569 1031.23425293 1278.18701172 439.82965088 844.7789917 1249.65441895 427.25567627 873.31164551 1222.40161133 409.90960693 900.56445312 1196.82580566 388.04437256 926.14019775 1173.30029297 361.97875977 949.66577148 1152.16772461 332.09292603 970.79840088 1133.73657227 298.82266235 989.22943115 1118.2755127 262.65310669 1004.69055176 1106.01000977 224.11170959 1016.95611572 1097.11889648 183.76048279 1025.84716797 1343.33044434 439.82965088 913.42578125 1313.34375 427.25567627 940.42608643 1284.70178223 409.90960693 966.215271 1257.82263184 388.04437256 990.41748047 1233.09802246 361.97875977 1012.67956543 1210.8885498 332.09292603 1032.67712402 1191.51806641 298.82266235 1050.1184082 1175.26904297 262.65310669 1064.74914551 1162.3782959 224.11170959 1076.35595703 1153.03405762 183.76048279 1084.76953125 1404.79199219 439.82965088 985.38793945 1373.43322754 427.25567627 1010.78173828 1343.48095703 409.90960693 1035.03674316 1315.37182617 388.04437256 1057.79882812 1289.51599121 361.97875977 1078.73657227 1266.2902832 332.09292603 1097.54431152 1246.03356934 298.82266235 1113.94799805 1229.0411377 262.65310669 1127.70825195 1215.56066895 224.11170959 1138.62438965 1205.78881836 183.76048279 1146.53747559 1199.86816406 142.18783569 1151.33190918 1249.07519531 142.18783569 1215.4597168 1462.4029541 439.82965088 1060.46801758 1429.75817871 427.25567627 1084.18591309 1398.57751465 409.90960693 1106.83996582 1369.3157959 388.04437256 1128.09997559 1342.39953613 361.97875977 1147.65576172 1318.22131348 332.09292603 1165.22216797 1297.13391113 298.82266235 1180.54309082 1279.44445801 262.65310669 1193.3951416 1265.41125488 224.11170959 1203.59094238 1255.23864746 183.76048279 1210.98168945 1516.00561523 439.82965088 1138.46044922 1482.16430664 427.25567627 1160.43725586 1449.84082031 409.90960693 1181.4284668 1419.50646973 388.04437256 1201.12780762 1391.6036377 361.97875977 1219.24816895 1366.53918457 332.09292603 1235.52502441 1344.67871094 298.82266235 1249.72143555 1326.34106445 262.65310669 1261.63012695 1311.79345703 224.11170959 1271.07751465 1301.2479248 183.76048279 1277.92578125 1565.45300293 439.82965088 1219.15136719 1530.50793457 427.25567627 1239.3269043 1497.13000488 409.90960693 1258.59765625 1465.80639648 388.04437256 1276.68237305 1436.9934082 361.97875977 1293.31750488 1411.1114502 332.09292603 1308.26049805 1388.53796387 298.82266235 1321.29321289 1369.60217285 262.65310669 1332.22583008 1354.58007812 224.11170959 1340.89892578 1343.69067383 183.76048279 1347.18579102 1337.09289551 142.18783569 1350.99511719 1375.66235352 142.18783569 1422.03112793 1610.60961914 439.82965088 1302.31945801 1574.65649414 427.25567627 1320.63842773 1540.31591797 409.90960693 1338.13586426 1508.08862305 388.04437256 1354.55651855 1478.44445801 361.97875977 1369.66101074 1451.81604004 332.09292603 1383.22888184 1428.59143066 298.82266235 1395.06237793 1409.109375 262.65310669 1404.98901367 1393.65380859 224.11170959 1412.8638916 1382.45043945 183.76048279 1418.5723877 1651.35168457 439.82965088 1387.73693848 1614.48913574 427.25567627 1404.14929199 1579.27978516 409.90960693 1419.82543945 1546.23718262 388.04437256 1434.53686523 1515.84326172 361.97875977 1448.06921387 1488.54125977 332.09292603 1460.22485352 1464.72924805 298.82266235 1470.82666016 1444.75427246 262.65310669 1479.7199707 1428.90771484 224.11170959 1486.77539062 1417.42089844 183.76048279 1491.88964844 1687.56762695 439.82965088 1475.16955566 1649.8963623 427.25567627 1489.63012695 1613.91491699 409.90960693 1503.44213867 1580.14770508 388.04437256 1516.4041748 1549.08728027 361.97875977 1528.32714844 1521.18652344 332.09292603 1539.03723145 1496.85217285 298.82266235 1548.3782959 1476.43908691 262.65310669 1556.21411133 1460.24511719 224.11170959 1562.43041992 1448.50634766 183.76048279 1566.93652344 1441.3939209 142.18783569 1569.66674805 1468.37609863 142.18783569 1645.86181641 1719.15783691 439.82965088 1564.37780762 1680.78149414 427.25567627 1576.8470459 1644.12658691 409.90960693 1588.75695801 1609.72717285 388.04437256 1599.93395996 1578.08532715 361.97875977 1610.21508789 1549.66223145 332.09292603 1619.45031738 1524.87231445 298.82266235 1627.50500488 1504.07714844 262.65310669 1634.26171875 1487.5802002 224.11170959 1639.62194824 1475.62158203 183.76048279 1643.50756836 1746.03601074 439.82965088 1655.11706543 1707.05969238 427.25567627 1665.56079102 1669.83166504 409.90960693 1675.53601074 1634.89453125 388.04437256 1684.89733887 1602.75793457 361.97875977 1693.50830078 1573.89050293 332.09292603 1701.2434082 1548.7130127 298.82266235 1707.98962402 1527.59277344 262.65310669 1713.64880371 1510.83764648 224.11170959 1718.13830566 1498.69226074 183.76048279 1721.3927002 1768.12854004 439.82965088 1747.13879395 1728.65905762 427.25567627 1755.52819824 1690.95983887 409.90960693 1763.54138184 1655.58068848 388.04437256 1771.06152344 1623.03747559 361.97875977 1777.97875977 1593.8046875 332.09292603 1784.19238281 1568.30871582 298.82266235 1789.61181641 1546.92126465 262.65310669 1794.15783691 1529.95422363 224.11170959 1797.76428223 1517.6550293 183.76048279 1800.37854004 1510.20300293 142.18783569 1801.96252441 1524.93347168 142.18783569 1881.44030762 1785.37463379 439.82965088 1840.19055176 1745.5201416 427.25567627 1846.50280762 1707.45324707 409.90960693 1852.53198242 1671.72900391 388.04437256 1858.19018555 1638.86828613 361.97875977 1863.39477539 1609.35046387 332.09292603 1868.06994629 1583.60571289 298.82266235 1872.14758301 1562.00964355 262.65310669 1875.56799316 1544.87719727 224.11170959 1878.28149414 1532.45800781 183.76048279 1880.24853516 1797.72705078 439.82965088 1934.01733398 1757.59692383 427.25567627 1938.23510742 1719.26660156 409.90960693 1942.26379395 1683.29528809 388.04437256 1946.04455566 1650.20727539 361.97875977 1949.5222168 1620.48522949 332.09292603 1952.64624023 1594.56237793 298.82266235 1955.37084961 1572.81689453 262.65310669 1957.65637207 1555.5657959 224.11170959 1959.46948242 1543.06079102 183.76048279 1960.78381348 1805.15222168 439.82965088 2028.36206055 1764.85632324 427.25567627 2030.47387695 1726.36767578 409.90960693 2032.4909668 1690.24780273 388.04437256 2034.38391113 1657.02307129 361.97875977 2036.12512207 1627.17822266 332.09292603 2037.68920898 1601.14831543 298.82266235 2039.0534668 1579.31298828 262.65310669 2040.19775391 1561.99072266 224.11170959 2041.10559082 1549.43395996 183.76048279 2041.76367188 1541.8260498 142.18783569 2042.16235352 1292.73059082 142.18783569 102.25534058 1383.36279297 142.18783569 163.1875 1471.12768555 142.18783569 228.18171692 1555.84350586 142.18783569 297.10317993 1637.33447266 142.18783569 369.80889893 1715.43188477 142.18783569 446.14840698 1789.97387695 142.18783569 525.96331787 1860.80578613 142.18783569 609.08831787 1927.78100586 142.18783569 695.35089111 1990.76049805 142.18783569 784.57263184 2049.61376953 142.18783569 876.56829834 2104.21899414 142.18783569 971.14727783 2154.46313477 142.18783569 1068.11364746 2200.24121094 142.18783569 1167.26635742 2241.4597168 142.18783569 1268.39978027 2278.03173828 142.18783569 1371.30456543 2309.88256836 142.18783569 1475.76721191 2336.94580078 142.18783569 1581.57128906 2359.16552734 142.18783569 1688.49755859 2376.49511719 142.18783569 1796.32434082 2388.89941406 142.18783569 1904.82800293 2396.35205078 142.18783569 2013.78393555 2388.74145508 183.76048279 2014.13061523 2381.31225586 183.76048279 1905.52087402 2368.94775391 183.76048279 1797.36169434 2351.67285156 183.76048279 1689.87744141 2329.52392578 183.76048279 1583.29077148 2302.54663086 183.76048279 1477.82275391 2270.79711914 183.76048279 1373.69177246 2234.34082031 183.76048279 1271.1138916 2193.25366211 183.76048279 1170.30151367 2147.62060547 183.76048279 1071.46374512 2097.53637695 183.76048279 974.80535889 2043.10437012 183.76048279 880.52667236 1984.43811035 183.76048279 788.82324219 1921.65856934 183.76048279 699.8848877 1854.89611816 183.76048279 613.89611816 1784.2890625 183.76048279 531.03515625 1709.98388672 183.76048279 451.47372437 1632.13439941 183.76048279 375.37670898 1550.90222168 183.76048279 302.90185547 1466.45544434 183.76048279 234.19940186 1378.96936035 183.76048279 169.41165161 1288.625 183.76048279 108.67285919 2376.18066406 224.11170959 2014.70300293 2368.79052734 224.11170959 1906.66418457 2356.4909668 224.11170959 1799.07385254 2339.30688477 224.11170959 1692.15478516 2317.27441406 224.11170959 1586.12854004 2290.43920898 224.11170959 1481.21508789 2258.85620117 224.11170959 1377.63183594 2222.59179688 224.11170959 1275.59326172 2181.72070312 224.11170959 1175.31103516 2136.32739258 224.11170959 1076.99304199 2086.5065918 224.11170959 980.84283447 2032.36108398 224.11170959 887.05993652 1974.00305176 224.11170959 795.83862305 1911.55371094 224.11170959 707.36804199 1845.14233398 224.11170959 621.8314209 1774.90661621 224.11170959 539.40618896 1700.99206543 224.11170959 460.26312256 1623.55212402 224.11170959 384.56619263 1542.74707031 224.11170959 312.47247314 1458.7442627 224.11170959 244.13121033 1371.71813965 224.11170959 179.68415833 1281.84887695 224.11170959 119.26483917 2358.85253906 262.65310669 2015.49243164 2351.51660156 262.65310669 1908.24157715 2339.30639648 262.65310669 1801.43579102 2322.24780273 262.65310669 1695.29638672 2300.37597656 262.65310669 1590.04345703 2273.73632812 262.65310669 1485.89501953 2242.3840332 262.65310669 1383.0670166 2206.38378906 262.65310669 1281.77258301 2165.81054688 262.65310669 1182.22167969 2120.74853516 262.65310669 1084.62060547 2071.29101562 262.65310669 989.17163086 2017.54016113 262.65310669 896.07263184 1959.60778809 262.65310669 805.51660156 1897.6138916 262.65310669 717.69116211 1831.68676758 262.65310669 632.77825928 1761.96325684 262.65310669 550.95422363 1688.58776855 262.65310669 472.38827515 1611.71240234 262.65310669 397.24337769 1531.4967041 262.65310669 325.675354 1448.10656738 262.65310669 257.83239746 1361.71508789 262.65310669 193.85540771 1272.50109863 262.65310669 133.87667847 2337.01000977 298.82266235 2016.4876709 2329.74169922 298.82266235 1910.2298584 2317.64477539 298.82266235 1804.41308594 2300.74414062 298.82266235 1699.2565918 2279.07495117 298.82266235 1594.97827148 2252.68164062 298.82266235 1491.79418945 2221.61987305 298.82266235 1389.91833496 2185.953125 298.82266235 1289.56188965 2145.75561523 298.82266235 1190.93286133 2101.1105957 298.82266235 1094.2355957 2052.11108398 298.82266235 999.67041016 1998.8581543 298.82266235 907.43353271 1941.4621582 298.82266235 817.71600342 1880.04223633 298.82266235 730.70373535 1814.72558594 298.82266235 646.57720947 1745.64782715 298.82266235 565.51074219 1672.95166016 298.82266235 487.67233276 1596.78833008 298.82266235 413.2232666 1517.31530762 298.82266235 342.31793213 1434.69726562 298.82266235 275.10333252 1349.10571289 298.82266235 211.71856689 1260.71801758 298.82266235 152.29522705 2310.97119141 332.09292603 2017.6739502 2303.78417969 332.09292603 1912.60021973 2291.82202148 332.09292603 1807.96240234 2275.10961914 332.09292603 1703.97741699 2253.68164062 332.09292603 1600.86096191 2227.58276367 332.09292603 1498.82666016 2196.86669922 332.09292603 1398.0859375 2161.59741211 332.09292603 1298.84765625 2121.84790039 332.09292603 1201.31738281 2077.70068359 332.09292603 1105.69750977 2029.24682617 332.09292603 1012.18603516 1976.5871582 332.09292603 920.97674561 1919.83068848 332.09292603 832.2588501 1859.09509277 332.09292603 746.21618652 1794.50634766 332.09292603 663.0269165 1726.19812012 332.09292603 582.8637085 1654.31201172 332.09292603 505.89251709 1578.99719238 332.09292603 432.2729187 1500.4095459 332.09292603 362.15771484 1418.7121582 332.09292603 295.6918335 1334.07421875 332.09292603 233.01339722 1246.67126465 332.09292603 174.25215149 2281.11645508 361.97875977 2019.03430176 2274.0222168 361.97875977 1915.31787109 2262.21435547 361.97875977 1812.03186035 2245.71801758 361.97875977 1709.39025879 2224.56689453 361.97875977 1607.60595703 2198.80517578 361.97875977 1506.88964844 2168.48608398 361.97875977 1407.45043945 2133.67236328 361.97875977 1309.49414062 2094.43652344 361.97875977 1213.22387695 2050.85913086 361.97875977 1118.8392334 2003.03149414 361.97875977 1026.53588867 1951.05212402 361.97875977 936.50494385 1895.02893066 361.97875977 848.93322754 1835.07788086 361.97875977 764.00195312 1771.32348633 361.97875977 681.88751221 1703.89770508 361.97875977 602.75982666 1632.94030762 361.97875977 526.78308105 1558.59838867 361.97875977 454.11456299 1481.02612305 361.97875977 384.90509033 1400.38415527 361.97875977 319.29803467 1316.83972168 361.97875977 257.42922974 1230.5657959 361.97875977 199.42712402 2247.88061523 388.04437256 2020.54846191 2240.88989258 388.04437256 1918.34326172 2229.25390625 388.04437256 1816.56213379 2212.99780273 388.04437256 1715.41601562 2192.1550293 388.04437256 1615.11474609 2166.76879883 388.04437256 1515.8659668 2136.89135742 388.04437256 1417.87548828 2102.58496094 388.04437256 1321.34643555 2063.92041016 388.04437256 1226.47888184 2020.97839355 388.04437256 1133.46936035 1973.84741211 388.04437256 1042.51086426 1922.62524414 388.04437256 953.79162598 1867.41845703 388.04437256 867.49578857 1808.34094238 388.04437256 783.80200195 1745.51538086 388.04437256 702.88397217 1679.07202148 388.04437256 624.90917969 1609.14855957 388.04437256 550.03942871 1535.88977051 388.04437256 478.4296875 1459.44763184 388.04437256 410.22860718 1379.98059082 388.04437256 345.57736206 1297.65332031 388.04437256 284.61004639 1212.63659668 388.04437256 227.45298767 2211.74853516 409.90960693 2022.19482422 2204.86987305 409.90960693 1921.63232422 2193.42138672 409.90960693 1821.48718262 2177.42651367 409.90960693 1721.96691895 2156.91870117 409.90960693 1623.27783203 2131.94042969 409.90960693 1525.62438965 2102.54321289 409.90960693 1429.20898438 2068.78833008 409.90960693 1334.23156738 2030.74523926 409.90960693 1240.88879395 1988.4934082 409.90960693 1149.37438965 1942.12011719 409.90960693 1059.87792969 1891.72131348 409.90960693 972.58483887 1837.40185547 409.90960693 887.67602539 1779.27392578 409.90960693 805.32751465 1717.45825195 409.90960693 725.71014404 1652.08276367 409.90960693 648.9887085 1583.2833252 409.90960693 575.3223877 1511.20214844 409.90960693 504.86373901 1435.98864746 409.90960693 437.75878906 1357.79907227 409.90960693 374.14682007 1276.79516602 409.90960693 314.15951538 1193.14477539 409.90960693 257.92120361 2173.24707031 427.25567627 2023.94897461 2166.48828125 427.25567627 1925.13708496 2155.23876953 427.25567627 1826.73522949 2139.52246094 427.25567627 1728.9473877 2119.37158203 427.25567627 1631.97619629 2094.828125 427.25567627 1536.02270508 2065.94287109 427.25567627 1441.2857666 2032.77539062 427.25567627 1347.96154785 1995.39465332 427.25567627 1256.24377441 1953.87841797 427.25567627 1166.3223877 1908.31225586 427.25567627 1078.38378906 1858.79089355 427.25567627 992.61035156 1805.41687012 427.25567627 909.17956543 1748.30090332 427.25567627 828.2645874 1687.5612793 427.25567627 750.03314209 1623.32397461 427.25567627 674.64733887 1555.7220459 427.25567627 602.26330566 1484.89562988 427.25567627 533.03112793 1410.99145508 427.25567627 467.09442139 1334.1628418 427.25567627 404.58978271 1254.5690918 427.25567627 345.64660645 1172.375 427.25567627 290.38726807 2132.93774414 439.82965088 2025.78552246 2126.30419922 439.82965088 1928.80639648 2115.26342773 439.82965088 1832.22973633 2099.83862305 439.82965088 1736.25561523 2080.06176758 439.82965088 1641.08312988 2055.97338867 439.82965088 1546.90930176 2027.62365723 439.82965088 1453.92956543 1995.07141113 439.82965088 1362.33642578 1958.38415527 439.82965088 1272.31982422 1917.63781738 439.82965088 1184.06628418 1872.91687012 439.82965088 1097.75878906 1824.31396484 439.82965088 1013.57617188 1771.92993164 439.82965088 931.69293213 1715.87341309 439.82965088 852.27868652 1656.26037598 439.82965088 775.49829102 1593.21447754 439.82965088 701.51068115 1526.86645508 439.82965088 630.46929932 1457.35375977 439.82965088 562.5213623 1384.8203125 439.82965088 497.80749512 1309.41674805 439.82965088 436.4621582 1231.29931641 439.82965088 378.61239624 1150.62963867 439.82965088 324.37802124 2091.40820312 447.4480896 2027.67773438 2084.90380859 447.4480896 1932.58679199 2074.078125 447.4480896 1837.890625 2058.95361328 447.4480896 1743.78515625 2039.56152344 447.4480896 1650.46569824 2015.94238281 447.4480896 1558.12548828 1988.14465332 447.4480896 1466.95605469 1956.22619629 447.4480896 1377.1463623 1920.2532959 447.4480896 1288.88232422 1880.30029297 447.4480896 1202.34716797 1836.45007324 447.4480896 1117.72009277 1788.7935791 447.4480896 1035.17663574 1737.42944336 447.4480896 954.88775635 1682.4642334 447.4480896 877.01977539 1624.01196289 447.4480896 801.73431396 1562.19360352 447.4480896 729.18725586 1497.13745117 447.4480896 659.52911377 1428.97802734 447.4480896 592.90411377 1357.85705566 447.4480896 529.45031738 1283.92175293 447.4480896 469.29943848 1207.32507324 447.4480896 412.57595825 1128.22631836 447.4480896 359.39764404 2438.91674805 171.42686462 1900.26074219 2426.25292969 171.42686462 1789.48522949 2385.87548828 171.42686462 1570.23596191 2288.38989258 171.42686462 1250.50744629 2148.27587891 171.42686462 947.03125 2092.52734375 171.42686462 850.47198486 2032.44189453 171.42686462 756.55004883 1899.76623535 171.42686462 577.39160156 1827.45117188 171.42686462 492.52618408 1671.6159668 171.42686462 333.10235596 1412.32666016 171.42686462 122.154953 1143.9831543 497.67352295 334.76745605 1224.18664551 497.67352295 388.68856812 1166.02722168 490.72332764 300.30953979 1247.77636719 490.72332764 355.26968384 1187.51330566 479.23684692 266.72387695 1270.7689209 479.23684692 322.69668579 1208.17138672 463.35848999 234.43257141 1292.87512207 463.35848999 291.37921143 1227.74145508 443.28793335 203.84204102 1313.81726074 443.28793335 261.71099854 1245.97741699 419.27764893 175.3367157 1333.33166504 419.27764893 234.06529236 1262.65002441 391.6295166 149.27529907 1351.17333984 391.6295166 208.78970337 1277.54956055 360.69122314 125.98526764 1367.11743164 360.69122314 186.20193481 1290.48876953 326.85186768 105.75962067 1380.96362305 326.85186768 166.58627319 1301.3046875 290.53695679 88.85288239 1392.53796387 290.53695679 150.18928528 1309.86157227 252.20326233 75.47736359 1401.69470215 252.20326233 137.21716309 1316.05151367 212.33273315 65.80162048 1408.31872559 212.33273315 127.83300781 1319.79699707 171.42686462 59.94701385 1376.82104492 497.67352295 507.19522095 1448.93530273 497.67352295 571.53509521 1403.35180664 490.72332764 476.05990601 1476.85571289 490.72332764 541.63970947 1429.21118164 479.23684692 445.712677 1504.06945801 479.23684692 512.50085449 1454.0736084 463.35848999 416.53512573 1530.234375 463.35848999 484.48513794 1477.62695312 443.28793335 388.89431763 1555.02111816 443.28793335 457.94497681 1499.57446289 419.27764893 363.13760376 1578.11828613 419.27764893 433.21395874 1519.64050293 391.6295166 339.58911133 1599.23535156 391.6295166 410.60317993 1537.57263184 360.69122314 318.54486084 1618.10656738 360.69122314 390.39682007 1553.14526367 326.85186768 300.26959229 1634.49499512 326.85186768 372.84921265 1566.16259766 290.53695679 284.99304199 1648.19421387 290.53695679 358.18099976 1576.46105957 252.20326233 272.90725708 1659.03198242 252.20326233 346.5765686 1583.91088867 212.33273315 264.16445923 1666.87219238 212.33273315 338.18185425 1588.41870117 171.42686462 258.8742981 1947.0715332 497.67352295 1277.23352051 1983.54699707 497.67352295 1366.73010254 1984.59106445 490.72332764 1260.93652344 2021.76928711 490.72332764 1352.15771484 2021.16064453 479.23684692 1245.05212402 2059.02392578 479.23684692 1337.95422363 2056.32055664 463.35848999 1229.77990723 2094.84277344 463.35848999 1324.2980957 2089.62915039 443.28793335 1215.31201172 2128.77514648 443.28793335 1311.36120605 2120.66699219 419.27764893 1201.83044434 2160.39453125 419.27764893 1299.30627441 2149.04394531 391.6295166 1189.5045166 2189.30297852 391.6295166 1288.28479004 2174.40307617 360.69122314 1178.48950195 2215.13720703 360.69122314 1278.43530273 2196.42578125 326.85186768 1168.92370605 2237.57250977 326.85186768 1269.88195801 2214.8347168 290.53695679 1160.9276123 2256.32617188 290.53695679 1262.73193359 2229.3984375 252.20326233 1154.60168457 2271.1628418 252.20326233 1257.07531738 2239.93408203 212.33273315 1150.02539062 2281.89575195 212.33273315 1252.98339844 2246.30883789 171.42686462 1147.25646973 2044.09692383 497.67352295 1550.23693848 2068.04638672 497.67352295 1643.86669922 2083.48608398 490.72332764 1539.20068359 2107.89672852 490.72332764 1634.63464355 2121.87817383 479.23684692 1528.44372559 2146.73852539 479.23684692 1625.63623047 2158.7902832 463.35848999 1518.10144043 2184.08325195 463.35848999 1616.98474121 2193.75854492 443.28793335 1508.30371094 2219.46118164 443.28793335 1608.78881836 2226.34301758 419.27764893 1499.1739502 2252.42724609 419.27764893 1601.15161133 2256.1340332 391.6295166 1490.8269043 2282.56738281 391.6295166 1594.16906738 2282.75683594 360.69122314 1483.36755371 2309.50244141 360.69122314 1587.92919922 2305.87670898 326.85186768 1476.88964844 2332.89306641 326.85186768 1582.51025391 2325.20288086 290.53695679 1471.47473145 2352.44580078 290.53695679 1577.98059082 2340.49243164 252.20326233 1467.1907959 2367.91455078 252.20326233 1574.39697266 2351.55322266 212.33273315 1464.09179688 2379.10449219 212.33273315 1571.80456543 2358.24560547 171.42686462 1462.2166748 1501.92932129 171.42686462 188.50982666 1497.66699219 212.33273315 193.99964905 1490.62268066 252.20326233 203.07254028 1480.8848877 290.53695679 215.61444092 1468.57629395 326.85186768 231.46772766 1453.85168457 360.69122314 250.43284607 1436.89599609 391.6295166 272.27151489 1417.92248535 419.27764893 296.70883179 1397.16992188 443.28793335 323.43780518 1374.89929199 463.35848999 352.12207031 1351.39050293 479.23684692 382.40087891 1326.93920898 490.72332764 413.89370728 1301.85290527 497.67352295 446.20419312 1751.34863281 171.42686462 411.04019165 1746.37841797 212.33273315 415.8984375 1738.16430664 252.20326233 423.92767334 1726.80957031 290.53695679 435.02676392 1712.45690918 326.85186768 449.05639648 1695.2869873 360.69122314 465.83987427 1675.51550293 391.6295166 485.16619873 1653.39123535 419.27764893 506.7925415 1629.19238281 443.28793335 530.44665527 1603.2232666 463.35848999 555.83117676 1575.8104248 479.23684692 582.62695312 1547.29870605 490.72332764 610.49688721 1518.04650879 497.67352295 639.09063721 1584.01135254 497.67352295 709.72167969 1614.53466797 490.72332764 682.48901367 1644.28527832 479.23684692 655.94567871 1672.8894043 463.35848999 630.425354 1699.98693848 443.28793335 606.24908447 1725.23730469 419.27764893 583.7208252 1748.32299805 391.6295166 563.1239624 1768.95361328 360.69122314 544.71740723 1786.86962891 326.85186768 528.73291016 1801.84594727 290.53695679 515.37109375 1813.6940918 252.20326233 504.80020142 1822.26513672 212.33273315 497.15328979 1894.37487793 212.33273315 581.77783203 1885.46472168 252.20326233 589.02679443 1873.14758301 290.53695679 599.04742432 1857.57873535 326.85186768 611.71362305 1838.95361328 360.69122314 626.86621094 1817.50671387 391.6295166 644.31463623 1793.50744629 419.27764893 663.83947754 1767.25793457 443.28793335 685.19506836 1739.0880127 463.35848999 708.11297607 1709.35217285 479.23684692 732.30493164 1678.42407227 490.72332764 757.4666748 1646.69299316 497.67352295 783.28192139 1968.14367676 171.42686462 665.46044922 1962.55822754 212.33273315 669.59667969 1953.32727051 252.20326233 676.43261719 1940.5670166 290.53695679 685.88220215 1924.43774414 326.85186768 697.82672119 1905.14233398 360.69122314 712.11602783 1882.92333984 391.6295166 728.57012939 1858.06030273 419.27764893 746.98236084 1830.86608887 443.28793335 767.12109375 1801.68225098 463.35848999 788.7331543 1770.87609863 479.23684692 811.54656982 1738.83496094 490.72332764 835.27459717 1705.96166992 497.67352295 859.61889648 1761.69445801 497.67352295 938.57421875 1795.64160156 490.72332764 915.75146484 1828.72961426 479.23684692 893.50628662 1860.54223633 463.35848999 872.11871338 1890.67932129 443.28793335 851.8572998 1918.76220703 419.27764893 832.97717285 1944.43737793 391.6295166 815.71569824 1967.38220215 360.69122314 800.28985596 1987.3079834 326.85186768 786.89373779 2003.9642334 290.53695679 775.69567871 2017.14135742 252.20326233 766.83654785 2026.67407227 212.33273315 760.42785645 2086.58911133 212.33273315 854.08319092 2076.77490234 252.20326233 860.0513916 2063.20776367 290.53695679 868.30151367 2046.05932617 326.85186768 878.72979736 2025.54443359 360.69122314 891.2052002 2001.92138672 391.6295166 905.57073975 1975.48706055 419.27764893 921.64575195 1946.57409668 443.28793335 939.22814941 1915.54589844 463.35848999 958.09674072 1882.79284668 479.23684692 978.01434326 1848.72680664 490.72332764 998.73040771 1813.77587891 497.67352295 1019.98449707 2142.17919922 212.33273315 950.3684082 2132.10375977 252.20326233 955.88372803 2118.17529297 290.53695679 963.50775146 2100.56982422 326.85186768 973.14477539 2079.50830078 360.69122314 984.67352295 2055.25585938 391.6295166 997.94897461 2028.11743164 419.27764893 1012.80426025 1998.4342041 443.28793335 1029.05236816 1966.5793457 463.35848999 1046.48925781 1932.95373535 479.23684692 1064.89550781 1897.97998047 490.72332764 1084.03955078 1862.09802246 497.67352295 1103.6809082 2199.57177734 171.42686462 1046.02783203 2193.32958984 212.33273315 1049.08410645 2183.01318359 252.20326233 1054.13513184 2168.75244141 290.53695679 1061.11730957 2150.7265625 326.85186768 1069.94299316 2129.16235352 360.69122314 1080.5012207 2104.33081055 391.6295166 1092.65893555 2076.54418945 419.27764893 1106.26367188 2046.15209961 443.28793335 1121.14404297 2013.53674316 463.35848999 1137.11291504 1979.1081543 479.23684692 1153.96960449 1943.29931641 490.72332764 1171.5020752 1906.56066895 497.67352295 1189.48974609 2325.72802734 171.42686462 1355.56677246 2319.12768555 212.33273315 1357.74462891 2308.21972656 252.20326233 1361.34375 2293.14111328 290.53695679 1366.31921387 2274.08129883 326.85186768 1372.6081543 2251.2800293 360.69122314 1380.13171387 2225.02416992 391.6295166 1388.79504395 2195.64404297 419.27764893 1398.48937988 2163.50878906 443.28793335 1409.09277344 2129.02294922 463.35848999 1420.47167969 2092.61962891 479.23684692 1432.48339844 2054.75708008 490.72332764 1444.9765625 2015.91113281 497.67352295 1457.79418945 2408.56030273 171.42686462 1679.40100098 2401.72485352 212.33273315 1680.65979004 2390.42822266 252.20326233 1682.7401123 2374.8125 290.53695679 1685.6159668 2355.07421875 326.85186768 1689.25109863 2331.4609375 360.69122314 1693.59973145 2304.27001953 391.6295166 1698.60717773 2273.84326172 419.27764893 1704.21069336 2240.5637207 443.28793335 1710.33947754 2204.84912109 463.35848999 1716.91674805 2167.1496582 479.23684692 1723.85961914 2127.93847656 490.72332764 1731.08081055 2087.70922852 497.67352295 1738.48950195 2103.04467773 497.67352295 1833.90917969 2143.56982422 490.72332764 1828.3392334 2183.06884766 479.23684692 1822.91015625 2221.04541016 463.35848999 1817.69042969 2257.0222168 443.28793335 1812.7454834 2290.54638672 419.27764893 1808.13769531 2321.1965332 391.6295166 1803.92492676 2348.58691406 360.69122314 1800.16015625 2372.3737793 326.85186768 1796.89074707 2392.25756836 290.53695679 1794.15783691 2407.98779297 252.20326233 1791.99572754 2419.36743164 212.33273315 1790.43164062 2431.99511719 212.33273315 1900.89282227 2420.55639648 252.20326233 1901.93737793 2404.74389648 290.53695679 1903.38122559 2384.75634766 326.85186768 1905.20629883 2360.84545898 360.69122314 1907.38977051 2333.31201172 391.6295166 1909.90393066 2302.50195312 419.27764893 1912.71728516 2268.80273438 443.28793335 1915.79443359 2232.63842773 463.35848999 1919.09667969 2194.46337891 479.23684692 1922.5826416 2154.75830078 490.72332764 1926.20825195 2114.02172852 497.67352295 1929.92797852 2446.52563477 171.42686462 2011.4979248 2439.58251953 212.33273315 2011.81420898 2428.10791016 252.20326233 2012.33703613 2412.24609375 290.53695679 2013.05969238 2392.19628906 326.85186768 2013.9732666 2368.21069336 360.69122314 2015.06604004 2340.59130859 391.6295166 2016.32446289 2309.68530273 419.27764893 2017.73254395 2275.88085938 443.28793335 2019.27282715 2239.60351562 463.35848999 2020.92565918 2201.30957031 479.23684692 2022.67041016 2161.48046875 490.72332764 2024.48510742 2120.61694336 497.67352295 2026.34692383 991.22296143 497.67352295 596.61651611 968.94403076 490.72332764 630.92315674 947.22894287 479.23684692 664.36132812 926.35095215 463.35848999 696.51068115 906.57244873 443.28793335 726.96685791 888.14221191 419.27764893 755.34698486 871.29199219 391.6295166 781.29400635 856.23376465 360.69122314 804.48175049 843.15679932 326.85186768 824.61846924 832.22564697 290.53695679 841.4510498 823.57763672 252.20326233 854.7677002 817.32165527 212.33273315 864.40112305 813.53631592 171.42686462 870.22998047 877.98449707 171.42686462 914.52404785 940.02624512 171.42686462 962.13031006 999.49139404 171.42686462 1012.91833496 1056.21704102 171.42686462 1066.74902344 1110.04772949 171.42686462 1123.47460938 1160.83569336 171.42686462 1182.93981934 1208.4420166 171.42686462 1244.98156738 1252.73608398 171.42686462 1309.42980957 1293.59643555 171.42686462 1376.10778809 1330.91113281 171.42686462 1444.83300781 1364.57788086 171.42686462 1515.41674805 1394.50439453 171.42686462 1587.66589355 1420.60876465 171.42686462 1661.38232422 1442.81933594 171.42686462 1736.36376953 1461.07519531 171.42686462 1812.40490723 1475.32629395 171.42686462 1889.29736328 1485.53369141 171.42686462 1966.8302002 1491.66943359 171.42686462 2044.79101562 882.06976318 212.33273315 908.90124512 944.40014648 212.33273315 956.72906494 1004.14202881 212.33273315 1007.75335693 1061.1315918 212.33273315 1061.83447266 1115.21264648 212.33273315 1118.82397461 1166.23693848 212.33273315 1178.56591797 1214.06481934 212.33273315 1240.89624023 1258.56494141 212.33273315 1305.64440918 1299.61547852 212.33273315 1372.63269043 1337.10388184 212.33273315 1441.6776123 1370.92724609 212.33273315 1512.58996582 1400.99304199 212.33273315 1585.1751709 1427.21875 212.33273315 1659.23449707 1449.53271484 212.33273315 1734.56494141 1467.87341309 212.33273315 1810.95996094 1482.19091797 212.33273315 1888.21008301 1492.44580078 212.33273315 1966.1036377 1498.60998535 212.33273315 2044.42724609 888.82128906 252.20326233 899.60852051 951.62878418 252.20326233 947.80230713 1011.82794189 252.20326233 999.21728516 1069.25378418 252.20326233 1053.71228027 1123.7487793 252.20326233 1111.13806152 1175.16369629 252.20326233 1171.33728027 1223.35754395 252.20326233 1234.14477539 1268.19836426 252.20326233 1299.38842773 1309.56298828 252.20326233 1366.88952637 1347.33837891 252.20326233 1436.46289062 1381.4206543 252.20326233 1507.91796875 1411.71655273 252.20326233 1581.05883789 1438.14318848 252.20326233 1655.68505859 1460.62780762 252.20326233 1731.59204102 1479.10900879 252.20326233 1808.57177734 1493.53601074 252.20326233 1886.41320801 1503.86938477 252.20326233 1964.9029541 1510.08081055 252.20326233 2043.8260498 898.15435791 290.53695679 886.76263428 961.62139893 290.53695679 935.46246338 1022.45269775 290.53695679 987.4173584 1080.48144531 290.53695679 1042.48461914 1135.54870605 290.53695679 1100.51330566 1187.50354004 290.53695679 1161.34460449 1236.20349121 290.53695679 1224.81164551 1281.51501465 290.53695679 1290.74047852 1323.31408691 290.53695679 1358.95031738 1361.48608398 290.53695679 1429.25427246 1395.92626953 290.53695679 1501.4597168 1426.54040527 290.53695679 1575.36853027 1453.24438477 290.53695679 1650.77832031 1475.96508789 290.53695679 1727.48242188 1494.64038086 290.53695679 1805.27038574 1509.21887207 290.53695679 1883.92919922 1519.66088867 290.53695679 1963.24328613 1525.93737793 290.53695679 2042.99511719 909.95153809 326.85186768 870.52526855 974.25213623 326.85186768 919.86474609 1035.88244629 326.85186768 972.50201416 1094.67346191 326.85186768 1028.29248047 1150.46411133 326.85186768 1087.08361816 1203.10131836 326.85186768 1148.71386719 1252.4407959 326.85186768 1213.01452637 1298.34753418 326.85186768 1279.8092041 1340.69567871 326.85186768 1348.91503906 1379.36901855 326.85186768 1420.14245605 1414.26159668 326.85186768 1493.29626465 1445.27783203 326.85186768 1568.17590332 1472.3326416 326.85186768 1644.57617188 1495.35180664 326.85186768 1722.28771973 1514.27233887 326.85186768 1801.09753418 1529.0423584 326.85186768 1880.78955078 1539.62133789 326.85186768 1961.14538574 1545.98046875 326.85186768 2041.94470215 924.06445312 360.69122314 851.10046387 989.36236572 360.69122314 901.20532227 1051.94848633 360.69122314 954.65887451 1111.65124512 360.69122314 1011.3147583 1168.30712891 360.69122314 1071.01745605 1221.76074219 360.69122314 1133.6036377 1271.86560059 360.69122314 1198.90161133 1318.48425293 360.69122314 1266.7322998 1361.48913574 360.69122314 1336.90991211 1400.7623291 360.69122314 1409.24194336 1436.19604492 360.69122314 1483.53039551 1467.69335938 360.69122314 1559.57141113 1495.16772461 360.69122314 1637.15661621 1518.54394531 360.69122314 1716.07336426 1537.7578125 360.69122314 1796.10546875 1552.75708008 360.69122314 1877.03344727 1563.50012207 360.69122314 1958.63562012 1569.95788574 360.69122314 2040.68798828 940.31561279 391.6295166 828.73260498 1006.76190186 391.6295166 879.71868896 1070.44873047 391.6295166 934.11230469 1131.20153809 391.6295166 991.76452637 1188.85375977 391.6295166 1052.51733398 1243.24743652 391.6295166 1116.20410156 1294.23339844 391.6295166 1182.65039062 1341.67211914 391.6295166 1251.67407227 1385.43322754 391.6295166 1323.08581543 1425.39709473 391.6295166 1396.69006348 1461.45385742 391.6295166 1472.28491211 1493.50512695 391.6295166 1549.66320801 1521.46264648 391.6295166 1628.61291504 1545.25 391.6295166 1708.91760254 1564.80187988 391.6295166 1790.35717773 1580.06481934 391.6295166 1872.70837402 1590.99682617 391.6295166 1955.74560547 1597.56799316 391.6295166 2039.24108887 958.50067139 419.27764893 803.70306396 1026.23205566 419.27764893 855.67510986 1091.15039062 419.27764893 911.1206665 1153.07824707 419.27764893 969.88787842 1211.84545898 419.27764893 1031.81567383 1267.29089355 419.27764893 1096.73400879 1319.26293945 419.27764893 1164.46533203 1367.61901855 419.27764893 1234.82385254 1412.2265625 419.27764893 1307.61669922 1452.96325684 419.27764893 1382.64428711 1489.7175293 419.27764893 1459.70117188 1522.38842773 419.27764893 1538.57592773 1550.88671875 419.27764893 1619.05236816 1575.1340332 419.27764893 1700.91015625 1595.06408691 419.27764893 1783.92468262 1610.62219238 419.27764893 1867.86853027 1621.765625 419.27764893 1952.51159668 1628.46398926 419.27764893 2037.62182617 978.39099121 443.28793335 776.32641602 1047.52783203 443.28793335 829.37695312 1113.79333496 443.28793335 885.9730835 1177.00622559 443.28793335 945.95977783 1236.99291992 443.28793335 1009.17266846 1293.58911133 443.28793335 1075.43823242 1346.63964844 443.28793335 1144.57507324 1395.99914551 443.28793335 1216.39355469 1441.53222656 443.28793335 1290.69702148 1483.11437988 443.28793335 1367.28161621 1520.63122559 443.28793335 1445.93737793 1553.98022461 443.28793335 1526.44885254 1583.06982422 443.28793335 1608.59545898 1607.82043457 443.28793335 1692.15185547 1628.16394043 443.28793335 1776.88916016 1644.04492188 443.28793335 1862.57495117 1655.41955566 443.28793335 1948.9744873 1662.25695801 443.28793335 2035.85083008 999.73632812 463.35848999 746.94702148 1070.38146973 463.35848999 801.15496826 1138.09277344 463.35848999 858.98590088 1202.68481445 463.35848999 920.28131104 1263.98010254 463.35848999 984.87329102 1321.81103516 463.35848999 1052.58447266 1376.01904297 463.35848999 1123.22973633 1426.45532227 463.35848999 1196.6151123 1472.98193359 463.35848999 1272.53955078 1515.47106934 463.35848999 1350.79492188 1553.80651855 463.35848999 1431.16687012 1587.88305664 463.35848999 1513.43481445 1617.6072998 463.35848999 1597.37353516 1642.89782715 463.35848999 1682.75292969 1663.68530273 463.35848999 1769.33886719 1679.91271973 463.35848999 1856.89404297 1691.53564453 463.35848999 1945.1784668 1698.52209473 463.35848999 2033.95031738 1022.26831055 479.23684692 715.93438721 1094.50561523 479.23684692 771.36407471 1163.74316406 479.23684692 830.49847412 1229.79064941 479.23684692 893.175354 1292.46765137 479.23684692 959.22290039 1351.60192871 479.23684692 1028.46032715 1407.03161621 479.23684692 1100.69775391 1458.60473633 479.23684692 1175.73706055 1506.17993164 479.23684692 1253.37268066 1549.62670898 479.23684692 1333.3918457 1588.82617188 479.23684692 1415.57507324 1623.6706543 479.23684692 1499.69726562 1654.06494141 479.23684692 1585.52783203 1679.92541504 479.23684692 1672.8314209 1701.18127441 479.23684692 1761.36877441 1717.77453613 479.23684692 1850.89733887 1729.65930176 479.23684692 1941.17150879 1736.80334473 479.23684692 2031.9440918 1045.70361328 490.72332764 683.67852783 1119.59692383 490.72332764 740.37884521 1190.42175293 490.72332764 800.86889648 1257.98339844 490.72332764 864.98260498 1322.09716797 490.72332764 932.54437256 1382.5871582 490.72332764 1003.36907959 1439.28759766 490.72332764 1077.26245117 1492.04284668 490.72332764 1154.02209473 1540.70874023 490.72332764 1233.43737793 1585.15161133 490.72332764 1315.29101562 1625.24963379 490.72332764 1399.35827637 1660.89306641 490.72332764 1485.40893555 1691.98388672 490.72332764 1573.20715332 1718.43725586 490.72332764 1662.51220703 1740.18066406 490.72332764 1753.07922363 1757.15405273 490.72332764 1844.66015625 1769.31140137 490.72332764 1937.00390625 1776.61901855 490.72332764 2029.85742188 1069.74743652 497.67352295 650.58496094 1145.33996582 497.67352295 708.58905029 1217.79296875 497.67352295 770.46990967 1286.9083252 497.67352295 836.05780029 1352.49609375 497.67352295 905.17303467 1414.37695312 497.67352295 977.62609863 1472.38110352 497.67352295 1053.21862793 1526.3494873 497.67352295 1131.74304199 1576.13427734 497.67352295 1212.98449707 1621.59912109 497.67352295 1296.72009277 1662.61914062 497.67352295 1382.72033691 1699.08203125 497.67352295 1470.74963379 1730.88781738 497.67352295 1560.56652832 1757.94934082 497.67352295 1651.92492676 1780.19262695 497.67352295 1744.57446289 1797.55639648 497.67352295 1838.2611084 1809.99316406 497.67352295 1932.72814941 1817.46899414 497.67352295 2027.71655273</float_array>
          <technique_common>
            <accessor source="#pos_0-array" count="4275" stride="3">
              <param name="X" type="float"/>
              <param name="Y" type="float"/>
              <param name="Z" type="float"/>
            </accessor>
          </technique_common>
        </source>
        <source id="norm_0">
          <float_array id="norm_0-array" count="7881">0 -1 0 -0.92923 0 0.3695 -0.51958 0 0.85442 -0.52804 0.01089 0.84915 -0.54726 0 0.83696 -0.65398 0 0.75651 -0.63105 0.01021 0.77567 -0.63439 0.00408 0.773 -0.61102 0 0.79162 -0.58248 0 0.81285 -0.59272 0.02012 0.80516 -0.56617 0 0.82429 -0.74902 0 0.66255 -0.73082 0.00554 0.68254 -0.72984 0.00739 0.68357 -0.71112 0 0.70307 -0.68359 0 0.72986 -0.69472 0.02459 0.71886 -0.67103 0 0.74143 -0.76391 0 0.64533 -0.77295 0.01264 0.63434 -0.78461 0 0.61999 -0.79852 0 0.60197 -0.81281 0.00992 0.58245 -0.81697 0.00165 0.57668 -0.84914 0.01167 0.52803 -0.84314 0 0.5377 -0.83068 0 0.55675 -0.88186 0.01167 0.47136 -0.87166 0 0.49011 -0.86028 0 0.50982 -0.92058 0 0.39055 -0.90783 0.01283 0.41914 -0.91086 0.00214 0.41271 -0.89749 0 0.44103 -0.88723 0 0.46133 -0.94059 0.02235 0.33881 -0.93591 0 0.35225 -0.94829 0 0.3174 -0.95692 0.00583 0.29028 -0.9565 0.00778 0.29164 -0.9738 0.01283 0.22706 -0.9702 0 0.24229 -0.96444 0 0.26431 -0.99107 0 0.13335 -0.98732 0.0035 0.15868 -0.98661 0.00875 0.16289 -0.98215 0 0.18811 -0.97761 0 0.21042 -0.99385 0 0.11075 -0.99511 0.01225 0.09801 -0.99694 0 0.07817 -0.99846 0 0.05547 -0.99941 0.01089 0.03272 -0.99974 0 0.02276 0 0 1 0.99974 0 -0.02276 0.99943 -0.00855 -0.03272 0.99514 -0.00962 -0.09801 0.99694 0 -0.07818 0.99846 0 -0.05546 0.98215 0 -0.1881 0.9873 -0.00801 -0.15868 0.98664 -0.00321 -0.16289 0.99107 0 -0.13335 0.99385 0 -0.11075 0.94829 0 -0.3174 0.95652 -0.00435 -0.29164 0.95692 -0.0058 -0.29028 0.96444 0 -0.26431 0.97388 0 -0.22708 0.97002 -0.01931 -0.24225 0.97761 0 -0.21042 0.94082 0 -0.3389 0.93586 -0.00992 -0.35223 0.92923 0 -0.3695 0.92058 0 -0.39056 0.91084 -0.00779 -0.4127 0.9079 -0.0013 -0.41918 0.88188 -0.00916 -0.47138 0.88723 0 -0.46133 0.89749 0 -0.44103 0.84917 -0.00916 -0.52805 0.86028 0 -0.50983 0.87166 0 -0.49011 0.79852 0 -0.60197 0.81693 -0.01007 -0.57665 0.81285 -0.00168 -0.58248 0.83068 0 -0.55676 0.84314 0 -0.5377 0.78461 0 -0.61999 0.77297 -0.00992 -0.63436 0.76391 0 -0.64533 0.74902 0 -0.66255 0.72986 -0.00458 -0.68359 0.73082 -0.00611 -0.68254 0.68356 -0.01008 -0.72983 0.69493 0 -0.71908 0.71112 0 -0.70307 0.61102 0 -0.79162 0.63109 -0.00275 -0.77571 0.63438 -0.00687 -0.77299 0.65398 0 -0.75651 0.67103 0 -0.74143 0.59284 0 -0.80532 0.58245 -0.00962 -0.81281 0.56617 0 -0.82429 0.54726 0 -0.83696 0.52805 -0.00855 -0.84917 0.51958 0 -0.85442 -0.86603 -0 -0.5 -0.86603 -0 -0.5 -0.86602 0 -0.5 -0.86602 0 -0.5 -0.86602 -0 -0.5 -0.86603 0 -0.5 -0.86603 0 -0.5 -0.86602 -0 -0.5 -0.86602 -0 -0.5 -0.86603 0 -0.5 -0.86603 0 -0.5 -0.86603 0 -0.5 -0.86603 0 -0.5 -0.86602 -0 -0.5 -0.86603 -0 -0.5 -0.86603 0 -0.5 -0.86603 0 -0.5 -0.86603 -0 -0.5 -0.86603 -0 -0.5 -0.86603 0 -0.5 -0.86603 0 -0.5 -0.86603 -0 -0.5 -0.86603 -0 -0.5 -0.86603 0 -0.5 -0.86603 -0 -0.5 -0.86603 0 -0.5 -0.86603 0 -0.5 -0.86603 0 -0.5 -0.86603 0 -0.5 -0.86602 -0 -0.5 -0.86602 -0 -0.5 -0.86602 0 -0.5 -0.86603 -0 -0.5 -0.86603 0 -0.5 -0.86603 0 -0.5 -0.86603 -0 -0.5 -0.86603 -0 -0.5 -0.86603 0 -0.5 -0.86603 0 -0.5 -0.86603 -0 -0.5 -0.86603 -0 -0.5 -0.86603 -0 -0.5 -0.86603 0 -0.5 -0.86602 -0 -0.5 -0.86602 -0 -0.5 -0.86602 -0 -0.5 -0.86603 -0 -0.5 -0.86603 -0 -0.5 -0.86603 -0 -0.5 -0.86603 -0 -0.5 -0.86603 -0 -0.5 -0.86603 -0 -0.5 -0.86603 -0 -0.5 -0.86603 -0 -0.5 -0.86602 -0 -0.5 -0.86603 0 -0.5 -0.86603 -0 -0.5 -0.86603 -0 -0.5 -0.5225 0 0.85264 -0.53445 0.00847 0.84516 -0.55641 0 0.83091 -0.57797 0 0.81606 -0.60072 0.00782 0.79942 -0.60876 0.0013 0.79335 -0.6631 0.00893 0.74848 -0.65098 0 0.7591 -0.63088 0 0.77588 -0.74584 0 0.66613 -0.72537 0.00279 0.68835 -0.72118 0.00698 0.69271 -0.69995 0 0.71419 -0.68102 0 0.73227 -0.76302 0 0.64638 -0.77457 0.00921 0.63242 -0.78842 0 0.61513 -0.80425 0 0.59429 -0.82297 0.00595 0.56805 -0.82412 0.00447 0.5664 -0.88825 0 0.45937 -0.87592 0 0.48246 -0.86599 0.0093 0.49998 -0.85578 0 0.51734 -0.84194 0 0.53956 -0.90258 0.00447 0.43051 -0.90343 0.00595 0.42869 -0.91679 0 0.39937 -0.92693 0 0.37523 -0.93498 0.00921 0.35459 -0.94129 0 0.3376 -0.96049 0.00698 0.27821 -0.95882 0.00279 0.28401 -0.9498 0 0.31285 -0.98737 0 0.15843 -0.98289 0 0.18421 -0.97975 0.00893 0.20002 -0.97467 0 0.22364 -0.96848 0 0.24908 -0.99144 0.0013 0.13053 -0.99268 0.00781 0.12053 -0.99571 0 0.09251 -0.99779 0 0.06641 -0.99915 0.00847 0.04026 -0.99966 0 0.02618 -0 1 0 0.99966 0 -0.02618 0.99912 -0.01137 -0.04026 0.99779 0 -0.06641 0.99571 0 -0.0925 0.99265 -0.0105 -0.12053 0.99144 -0.00175 -0.13053 0.97972 -0.012 -0.20001 0.98289 0 -0.18422 0.98737 0 -0.15842 0.9498 0 -0.31285 0.95881 -0.00375 -0.28401 0.96048 -0.00937 -0.27821 0.96848 0 -0.24908 0.97467 0 -0.22364 0.94129 0 -0.3376 0.93494 -0.01238 -0.35458 0.92693 0 -0.37523 0.91679 0 -0.39936 0.90342 -0.008 -0.42868 0.90257 -0.006 -0.4305 0.84195 0 -0.53956 0.85578 0 -0.51734 0.86596 -0.0125 -0.49996 0.87592 0 -0.48246 0.88825 0 -0.45936 0.82411 -0.006 -0.5664 0.82296 -0.008 -0.56805 0.80426 0 -0.59428 0.78842 0 -0.61513 0.77455 -0.01238 -0.6324 0.76302 0 -0.64638 0.72117 -0.00937 -0.69269 0.72537 -0.00375 -0.68835 0.74584 0 -0.66613 0.63089 0 -0.77587 0.65098 0 -0.7591 0.66307 -0.012 -0.74846 0.68102 0 -0.73227 0.69995 0 -0.71419 0.60876 -0.00175 -0.79335 0.60071 -0.0105 -0.7994 0.57797 0 -0.81606 0.55641 0 -0.83091 0.53443 -0.01137 -0.84514 0.5225 0 -0.85264 0.9939 -0.06038 -0.09234 0.96672 -0.06038 -0.24863 0.91512 -0.06038 -0.39864 0.84041 -0.06038 -0.53858 0.74448 -0.06038 -0.66491 0.62974 -0.06038 -0.77446 0.06038 -0.99817 -0.00158 0.06021 -0.99817 -0.00474 0.05988 -0.99817 -0.00788 0.05939 -0.99817 -0.01101 0.05873 -0.99817 -0.0141 0.05791 -0.99817 -0.01715 0.05693 -0.99817 -0.02016 0.0558 -0.99817 -0.02311 0.05452 -0.99817 -0.026 0.05308 -0.99817 -0.02882 0.0515 -0.99817 -0.03156 0.04978 -0.99817 -0.03421 0.04792 -0.99817 -0.03677 0.04593 -0.99817 -0.03923 0.04381 -0.99817 -0.04158 0.04158 -0.99817 -0.04381 0.03923 -0.99817 -0.04593 0.03677 -0.99817 -0.04792 0.03421 -0.99817 -0.04978 0.03156 -0.99817 -0.0515 0.03156 -0.99817 -0.0515 0.09421 -0.98361 -0.15374 0.09421 -0.98361 -0.15374 0.15549 -0.95469 -0.25374 0.15549 -0.95469 -0.25374 0.2145 -0.91185 -0.35003 0.2145 -0.91185 -0.35003 0.27038 -0.8557 -0.44121 0.27038 -0.8557 -0.44121 0.3223 -0.78708 -0.52595 0.3223 -0.78708 -0.52595 0.36953 -0.70699 -0.60301 0.36953 -0.70699 -0.60301 0.41136 -0.61659 -0.67127 0.41136 -0.61659 -0.67127 0.44719 -0.51721 -0.72974 0.44719 -0.51721 -0.72974 0.47649 -0.41029 -0.77757 0.47649 -0.4103 -0.77757 0.49885 -0.29741 -0.81406 0.49886 -0.29741 -0.81406 0.51395 -0.1802 -0.83868 0.51395 -0.1802 -0.83868 0.52155 -0.06036 -0.85109 0.52155 -0.06036 -0.85109 0.57691 -0.06037 -0.81457 0.03421 -0.99817 -0.04978 0.10213 -0.98361 -0.1486 0.10213 -0.98361 -0.1486 0.16856 -0.95469 -0.24526 0.16856 -0.95469 -0.24526 0.23253 -0.91185 -0.33833 0.23253 -0.91185 -0.33833 0.2931 -0.8557 -0.42646 0.2931 -0.8557 -0.42646 0.34939 -0.78708 -0.50836 0.34939 -0.78708 -0.50836 0.40058 -0.70699 -0.58284 0.40058 -0.70699 -0.58285 0.44592 -0.61659 -0.64882 0.44592 -0.61659 -0.64882 0.48476 -0.51721 -0.70534 0.48476 -0.51721 -0.70534 0.51654 -0.41029 -0.75156 0.51654 -0.41029 -0.75156 0.54078 -0.29741 -0.78683 0.54078 -0.29741 -0.78683 0.55713 -0.1802 -0.81064 0.55713 -0.1802 -0.81064 0.56575 -0.04797 -0.82318 0.55539 -0.06037 -0.82939 0.03677 -0.99817 -0.04792 0.10977 -0.98361 -0.14305 0.10977 -0.98361 -0.14305 0.18117 -0.95469 -0.2361 0.18117 -0.95469 -0.2361 0.24991 -0.91185 -0.3257 0.24991 -0.91185 -0.3257 0.31501 -0.8557 -0.41053 0.31501 -0.8557 -0.41053 0.37551 -0.78708 -0.48938 0.37551 -0.78708 -0.48938 0.43053 -0.70699 -0.56108 0.43053 -0.70699 -0.56108 0.47927 -0.61659 -0.6246 0.47927 -0.61659 -0.6246 0.52102 -0.51721 -0.679 0.52101 -0.51721 -0.679 0.55516 -0.4103 -0.7235 0.55516 -0.41029 -0.7235 0.58121 -0.29741 -0.75745 0.58121 -0.29741 -0.75745 0.5988 -0.1802 -0.78037 0.5988 -0.1802 -0.78037 0.60765 -0.06036 -0.79191 0.60765 -0.06036 -0.79191 0.03923 -0.99817 -0.04593 0.1171 -0.98361 -0.13711 0.1171 -0.98361 -0.13711 0.19327 -0.95469 -0.22629 0.19327 -0.95469 -0.22629 0.26662 -0.91185 -0.31217 0.26662 -0.91185 -0.31217 0.33607 -0.8557 -0.39348 0.33607 -0.8557 -0.39349 0.40061 -0.78708 -0.46906 0.40061 -0.78708 -0.46906 0.45931 -0.70699 -0.53778 0.45931 -0.70699 -0.53778 0.5113 -0.61659 -0.59866 0.5113 -0.61659 -0.59866 0.55584 -0.51721 -0.6508 0.55584 -0.51721 -0.6508 0.59227 -0.4103 -0.69345 0.59227 -0.4103 -0.69345 0.62006 -0.29741 -0.726 0.62006 -0.29741 -0.726 0.63882 -0.18019 -0.74796 0.63882 -0.1802 -0.74796 0.64826 -0.06036 -0.75902 0.64994 -0.05652 -0.75788 0.69868 -0.06038 -0.71289 0.04158 -0.99817 -0.04381 0.12412 -0.98361 -0.1308 0.12412 -0.98361 -0.1308 0.20485 -0.95469 -0.21587 0.28259 -0.91185 -0.29779 0.28259 -0.91185 -0.29779 0.3562 -0.8557 -0.37536 0.3562 -0.8557 -0.37536 0.42461 -0.78708 -0.44745 0.42461 -0.78708 -0.44745 0.48682 -0.70699 -0.513 0.48682 -0.70699 -0.513 0.54193 -0.61659 -0.57108 0.54193 -0.61659 -0.57108 0.58913 -0.51721 -0.62082 0.58914 -0.51721 -0.62082 0.62775 -0.4103 -0.66151 0.62775 -0.4103 -0.66151 0.65721 -0.29741 -0.69255 0.65721 -0.29741 -0.69255 0.67709 -0.1802 -0.7135 0.67709 -0.18019 -0.7135 0.68754 -0.04856 -0.72452 0.67977 -0.06037 -0.73093 0.04381 -0.99817 -0.04158 0.1308 -0.98361 -0.12412 0.1308 -0.98361 -0.12412 0.21587 -0.95469 -0.20485 0.21587 -0.95469 -0.20485 0.29779 -0.91185 -0.28259 0.29779 -0.91185 -0.28259 0.37536 -0.8557 -0.3562 0.37536 -0.8557 -0.3562 0.44745 -0.78708 -0.42461 0.44745 -0.78708 -0.42461 0.513 -0.70699 -0.48682 0.513 -0.70699 -0.48682 0.57108 -0.61659 -0.54193 0.57108 -0.61659 -0.54193 0.62082 -0.51721 -0.58913 0.62082 -0.51721 -0.58913 0.66151 -0.4103 -0.62775 0.66151 -0.4103 -0.62775 0.69255 -0.29741 -0.65721 0.69255 -0.29741 -0.65721 0.7135 -0.18019 -0.67709 0.7135 -0.1802 -0.67709 0.72405 -0.06036 -0.6871 0.72405 -0.06036 -0.6871 0.04593 -0.99817 -0.03923 0.13711 -0.98361 -0.1171 0.13711 -0.98361 -0.1171 0.22629 -0.95469 -0.19327 0.22629 -0.95469 -0.19327 0.31217 -0.91185 -0.26662 0.31217 -0.91185 -0.26662 0.39349 -0.8557 -0.33607 0.39348 -0.8557 -0.33607 0.46906 -0.78708 -0.40061 0.46906 -0.78708 -0.40061 0.53778 -0.70699 -0.45931 0.53778 -0.70699 -0.45931 0.59866 -0.61659 -0.5113 0.59866 -0.61659 -0.5113 0.6508 -0.51721 -0.55584 0.6508 -0.51721 -0.55584 0.69345 -0.4103 -0.59227 0.69345 -0.4103 -0.59227 0.726 -0.29741 -0.62006 0.726 -0.29741 -0.62006 0.74796 -0.1802 -0.63882 0.74796 -0.18019 -0.63882 0.75902 -0.06036 -0.64826 0.76196 -0.05269 -0.64548 0.80279 -0.06038 -0.5932 0.04792 -0.99817 -0.03677 0.14305 -0.98361 -0.10977 0.14305 -0.98361 -0.10977 0.2361 -0.95469 -0.18117 0.2361 -0.95469 -0.18117 0.3257 -0.91185 -0.24991 0.3257 -0.91185 -0.24991 0.41053 -0.8557 -0.31501 0.41053 -0.8557 -0.31501 0.48938 -0.78708 -0.37551 0.48938 -0.78708 -0.37551 0.56108 -0.70699 -0.43053 0.56108 -0.70699 -0.43053 0.6246 -0.61659 -0.47927 0.6246 -0.61659 -0.47927 0.679 -0.51721 -0.52101 0.679 -0.51721 -0.52101 0.7235 -0.41029 -0.55516 0.7235 -0.4103 -0.55516 0.75745 -0.29741 -0.58121 0.75745 -0.29741 -0.58121 0.78037 -0.1802 -0.5988 0.78037 -0.1802 -0.5988 0.79237 -0.04974 -0.60801 0.78699 -0.06037 -0.61401 0.04978 -0.99817 -0.03421 0.1486 -0.98361 -0.10213 0.1486 -0.98361 -0.10213 0.24526 -0.95469 -0.16856 0.24526 -0.95469 -0.16856 0.33833 -0.91185 -0.23253 0.33833 -0.91185 -0.23253 0.42646 -0.8557 -0.2931 0.42646 -0.8557 -0.2931 0.50836 -0.78708 -0.34939 0.50836 -0.78708 -0.34939 0.58285 -0.70699 -0.40058 0.58284 -0.70699 -0.40058 0.64882 -0.61659 -0.44592 0.64882 -0.61659 -0.44592 0.70534 -0.51721 -0.48476 0.70534 -0.51721 -0.48476 0.75156 -0.41029 -0.51654 0.75156 -0.41029 -0.51654 0.78683 -0.29741 -0.54078 0.78683 -0.29741 -0.54078 0.81064 -0.1802 -0.55713 0.81064 -0.1802 -0.55713 0.82262 -0.06036 -0.56537 0.82262 -0.06036 -0.56537 0.0515 -0.99817 -0.03156 0.15374 -0.98361 -0.09421 0.15374 -0.98361 -0.09421 0.25374 -0.95469 -0.15549 0.25374 -0.95469 -0.15549 0.35003 -0.91185 -0.2145 0.35003 -0.91185 -0.2145 0.44121 -0.8557 -0.27038 0.44121 -0.8557 -0.27038 0.52595 -0.78708 -0.3223 0.52595 -0.78708 -0.3223 0.60301 -0.70699 -0.36953 0.60301 -0.70699 -0.36953 0.67127 -0.61659 -0.41136 0.67127 -0.61659 -0.41136 0.72974 -0.51721 -0.44719 0.72974 -0.51721 -0.44719 0.77757 -0.4103 -0.47649 0.77757 -0.41029 -0.47649 0.81406 -0.29741 -0.49886 0.81406 -0.29741 -0.49886 0.83868 -0.1802 -0.51395 0.83868 -0.1802 -0.51395 0.85109 -0.06036 -0.52155 0.85476 -0.04884 -0.51672 0.88663 -0.06038 -0.45852 0.05308 -0.99817 -0.02882 0.15846 -0.98361 -0.08604 0.26153 -0.95469 -0.142 0.26153 -0.95469 -0.142 0.36078 -0.91185 -0.19589 0.36078 -0.91185 -0.19589 0.45476 -0.8557 -0.24691 0.45476 -0.8557 -0.24691 0.5421 -0.78708 -0.29433 0.5421 -0.78708 -0.29433 0.62153 -0.70698 -0.33746 0.62152 -0.70699 -0.33746 0.69188 -0.61659 -0.37566 0.69188 -0.61659 -0.37566 0.75214 -0.51721 -0.40838 0.75214 -0.51721 -0.40838 0.80144 -0.4103 -0.43515 0.80144 -0.4103 -0.43515 0.83905 -0.29741 -0.45557 0.83905 -0.29741 -0.45557 0.86443 -0.1802 -0.46935 0.86443 -0.1802 -0.46935 0.87765 -0.05151 -0.47653 0.87432 -0.06037 -0.48158 0.05452 -0.99817 -0.026 0.16275 -0.98361 -0.07763 0.16275 -0.98361 -0.07763 0.26861 -0.95469 -0.12812 0.26861 -0.95469 -0.12812 0.37054 -0.91185 -0.17674 0.46706 -0.8557 -0.22278 0.46706 -0.8557 -0.22278 0.55676 -0.78708 -0.26556 0.55676 -0.78708 -0.26556 0.63833 -0.70699 -0.30447 0.63833 -0.70698 -0.30447 0.71059 -0.61659 -0.33894 0.71059 -0.61659 -0.33894 0.77249 -0.51721 -0.36846 0.77249 -0.51721 -0.36846 0.82311 -0.4103 -0.39261 0.82312 -0.4103 -0.39261 0.86174 -0.29741 -0.41103 0.86174 -0.29741 -0.41103 0.88781 -0.18019 -0.42346 0.88781 -0.1802 -0.42346 0.90094 -0.06036 -0.42973 0.90094 -0.06036 -0.42973 0.0558 -0.99817 -0.02311 0.16659 -0.98361 -0.069 0.16659 -0.98361 -0.069 0.27494 -0.95469 -0.11389 0.27494 -0.95469 -0.11389 0.37928 -0.91185 -0.1571 0.37928 -0.91185 -0.1571 0.47808 -0.8557 -0.19803 0.47808 -0.8557 -0.19803 0.5699 -0.78708 -0.23606 0.56989 -0.78708 -0.23606 0.65339 -0.70699 -0.27064 0.65339 -0.70699 -0.27064 0.72736 -0.61659 -0.30128 0.72736 -0.61659 -0.30128 0.79071 -0.51721 -0.32752 0.79071 -0.51721 -0.32752 0.84253 -0.4103 -0.34899 0.84253 -0.4103 -0.34899 0.88207 -0.29741 -0.36537 0.88207 -0.29741 -0.36537 0.90876 -0.18019 -0.37642 0.90876 -0.18019 -0.37642 0.92219 -0.06036 -0.38199 0.92599 -0.045 -0.37485 0.94807 -0.06038 -0.31228 0.05693 -0.99817 -0.02016 0.16997 -0.98361 -0.06019 0.16997 -0.98361 -0.06019 0.28053 -0.95469 -0.09934 0.28053 -0.95469 -0.09934 0.38698 -0.91185 -0.13704 0.38698 -0.91185 -0.13704 0.48779 -0.8557 -0.17273 0.48779 -0.8557 -0.17273 0.58147 -0.78708 -0.20591 0.58147 -0.78708 -0.20591 0.66666 -0.70699 -0.23608 0.66666 -0.70699 -0.23608 0.74213 -0.61659 -0.2628 0.74213 -0.61659 -0.2628 0.80677 -0.51721 -0.28569 0.80677 -0.51721 -0.28569 0.85964 -0.41029 -0.30442 0.85964 -0.4103 -0.30442 0.89999 -0.29741 -0.3187 0.89999 -0.29741 -0.3187 0.92721 -0.18019 -0.32834 0.92721 -0.18019 -0.32834 0.94127 -0.05387 -0.33332 0.93957 -0.06036 -0.33699 0.05791 -0.99817 -0.01715 0.17289 -0.98361 -0.05121 0.17289 -0.98361 -0.05121 0.28534 -0.95469 -0.08452 0.28534 -0.95469 -0.08452 0.39362 -0.91185 -0.1166 0.39363 -0.91185 -0.1166 0.49616 -0.8557 -0.14697 0.49616 -0.8557 -0.14697 0.59145 -0.78708 -0.1752 0.59145 -0.78708 -0.1752 0.6781 -0.70699 -0.20086 0.6781 -0.70699 -0.20086 0.75486 -0.61659 -0.2236 0.75486 -0.61659 -0.2236 0.82062 -0.51721 -0.24308 0.82061 -0.51721 -0.24308 0.8744 -0.4103 -0.25901 0.8744 -0.41029 -0.25901 0.91543 -0.29741 -0.27116 0.91543 -0.29741 -0.27116 0.94312 -0.1802 -0.27937 0.94312 -0.18019 -0.27937 0.95707 -0.06036 -0.2835 0.95707 -0.06036 -0.2835 0.05873 -0.99817 -0.0141 0.17533 -0.98361 -0.04209 0.17533 -0.98361 -0.04209 0.28937 -0.95469 -0.06947 0.39919 -0.91185 -0.09584 0.39919 -0.91185 -0.09584 0.50317 -0.8557 -0.1208 0.50317 -0.8557 -0.1208 0.59981 -0.78708 -0.144 0.59981 -0.78708 -0.144 0.68769 -0.70699 -0.1651 0.76553 -0.61659 -0.18379 0.76553 -0.61659 -0.18379 0.83221 -0.51721 -0.1998 0.83221 -0.51721 -0.1998 0.88675 -0.4103 -0.21289 0.88675 -0.4103 -0.21289 0.92837 -0.29741 -0.22288 0.92837 -0.29741 -0.22288 0.95645 -0.1802 -0.22962 0.95645 -0.1802 -0.22962 0.9706 -0.06036 -0.23302 0.97385 -0.04115 -0.22345 0.98557 -0.06038 -0.15813 0.05939 -0.99817 -0.01101 0.1773 -0.98361 -0.03286 0.1773 -0.98361 -0.03286 0.29261 -0.95469 -0.05423 0.29261 -0.95469 -0.05423 0.40366 -0.91185 -0.07481 0.40366 -0.91185 -0.07481 0.5088 -0.8557 -0.0943 0.5088 -0.8557 -0.0943 0.60652 -0.78708 -0.11241 0.60652 -0.78708 -0.11241 0.69539 -0.70699 -0.12888 0.69539 -0.70699 -0.12888 0.7741 -0.61659 -0.14347 0.7741 -0.61659 -0.14347 0.84153 -0.51721 -0.15597 0.84153 -0.51721 -0.15597 0.89668 -0.4103 -0.16619 0.89668 -0.4103 -0.16619 0.93876 -0.29741 -0.17399 0.93876 -0.29741 -0.17399 0.96716 -0.18019 -0.17925 0.96716 -0.1802 -0.17925 0.98167 -0.05682 -0.18194 0.98109 -0.06036 -0.18388 0.05988 -0.99817 -0.00788 0.17877 -0.98361 -0.02354 0.17877 -0.98361 -0.02354 0.29505 -0.95469 -0.03884 0.29505 -0.95469 -0.03884 0.40702 -0.91185 -0.05359 0.40702 -0.91185 -0.05358 0.51304 -0.8557 -0.06754 0.51304 -0.8557 -0.06754 0.61157 -0.78708 -0.08052 0.61157 -0.78708 -0.08052 0.70118 -0.70699 -0.09231 0.70118 -0.70699 -0.09231 0.78055 -0.61659 -0.10276 0.78055 -0.61659 -0.10276 0.84854 -0.51721 -0.11171 0.84854 -0.51721 -0.11171 0.90415 -0.4103 -0.11903 0.90415 -0.4103 -0.11903 0.94658 -0.29741 -0.12462 0.94658 -0.29741 -0.12462 0.97522 -0.18019 -0.12839 0.97522 -0.18019 -0.12839 0.98964 -0.06036 -0.13029 0.98964 -0.06036 -0.13029 0.06021 -0.99817 -0.00474 0.17976 -0.98361 -0.01415 0.17976 -0.98361 -0.01415 0.29668 -0.95469 -0.02335 0.29668 -0.95469 -0.02335 0.40926 -0.91185 -0.03221 0.40926 -0.91185 -0.03221 0.51587 -0.8557 -0.0406 0.51587 -0.8557 -0.0406 0.61495 -0.78708 -0.0484 0.61495 -0.78708 -0.0484 0.70505 -0.70699 -0.05549 0.70505 -0.70699 -0.05549 0.78486 -0.61659 -0.06177 0.78486 -0.61659 -0.06177 0.85322 -0.51721 -0.06715 0.85322 -0.51721 -0.06715 0.90914 -0.4103 -0.07155 0.90914 -0.4103 -0.07155 0.95181 -0.29741 -0.07491 0.95181 -0.29741 -0.07491 0.9806 -0.18019 -0.07717 0.9806 -0.18019 -0.07717 0.9951 -0.06036 -0.07832 0.9971 -0.03731 -0.06636 0.06038 -0.99817 -0.00158 0.18025 -0.98361 -0.00472 0.18025 -0.98361 -0.00472 0.29749 -0.95469 -0.00779 0.29749 -0.95469 -0.00779 0.41039 -0.91185 -0.01075 0.41039 -0.91185 -0.01075 0.51729 -0.8557 -0.01355 0.51729 -0.8557 -0.01355 0.61664 -0.78708 -0.01615 0.61664 -0.78708 -0.01615 0.70698 -0.70699 -0.01851 0.70699 -0.70699 -0.01851 0.78702 -0.61659 -0.02061 0.78702 -0.61659 -0.02061 0.85557 -0.51721 -0.0224 0.85557 -0.51721 -0.0224 0.91164 -0.41029 -0.02387 0.91164 -0.4103 -0.02387 0.95442 -0.29741 -0.02499 0.95442 -0.29741 -0.02499 0.98329 -0.1802 -0.02575 0.98329 -0.18019 -0.02575 0.99783 -0.06036 -0.02613 0.99783 -0.06036 -0.02613 -0.51864 -0.06036 0.85286 -0.51864 -0.06036 0.85286 -0.54626 -0.06037 0.83544 -0.55637 -0.07478 0.82756 -0.56514 -0.06037 0.82278 -0.59176 -0.06037 0.80385 -0.5938 -0.06678 0.80184 -0.6099 -0.06038 0.79017 -0.62994 -0.06036 0.7743 -0.62994 -0.06036 0.7743 -0.65279 -0.06038 0.75513 -0.66397 -0.07295 0.7442 -0.66981 -0.06037 0.74008 -0.69774 -0.06036 0.71381 -0.69297 -0.075 0.71705 -0.70982 -0.06038 0.70179 -0.7295 -0.06036 0.68131 -0.7295 -0.06036 0.68131 -0.74765 -0.06038 0.66134 -0.75932 -0.06929 0.64702 -0.76251 -0.06037 0.64415 -0.78843 -0.06036 0.61215 -0.78195 -0.0823 0.61788 -0.79707 -0.06037 0.60087 -0.81548 -0.06036 0.57563 -0.81548 -0.06036 0.57563 -0.82917 -0.06038 0.55573 -0.84066 -0.0638 0.5378 -0.8416 -0.06037 0.53672 -0.86445 -0.06037 0.49909 -0.85682 -0.08959 0.50777 -0.87007 -0.06038 0.48922 -0.88561 -0.06037 0.46049 -0.88608 -0.0638 0.45913 -0.89585 -0.06038 0.44023 -0.90625 -0.06036 0.41841 -0.90625 -0.06037 0.41841 -0.9189 -0.06038 0.38984 -0.9235 -0.0741 0.37638 -0.92754 -0.06037 0.36883 -0.93911 -0.06037 0.33828 -0.94 -0.06929 0.33407 -0.94656 -0.06038 0.31682 -0.95478 -0.06037 0.29111 -0.95478 -0.06037 0.29111 -0.96268 -0.06038 0.26383 -0.96634 -0.07135 0.24718 -0.96843 -0.06037 0.24185 -0.9773 -0.06037 0.20309 -0.97458 -0.07865 0.20976 -0.98036 -0.06037 0.18776 -0.98553 -0.06036 0.15839 -0.98553 -0.06036 0.15839 -0.98926 -0.06038 0.1331 -0.99131 -0.06678 0.11333 -0.99204 -0.06037 0.11055 -0.99585 -0.06036 0.06812 -0.99792 -0.06037 0.02272 -0.99792 -0.06037 0.02272 -0.99664 -0.06038 0.05536 -0.99325 -0.08595 0.07789 -0.98337 -0.18021 0.02239 -0.98337 -0.18021 0.02239 -0.98134 -0.18021 0.06712 -0.98133 -0.18021 0.06713 -0.97726 -0.18021 0.11172 -0.97726 -0.18021 0.11172 -0.97117 -0.18021 0.15608 -0.97116 -0.18021 0.15609 -0.96305 -0.18021 0.20013 -0.96306 -0.18021 0.20012 -0.95295 -0.18021 0.24375 -0.95295 -0.18021 0.24375 -0.94087 -0.18021 0.28687 -0.94087 -0.18021 0.28687 -0.92683 -0.18021 0.3294 -0.92683 -0.18021 0.3294 -0.91088 -0.18021 0.37124 -0.91088 -0.18021 0.37124 -0.89304 -0.18021 0.41231 -0.89304 -0.18021 0.41231 -0.87335 -0.18021 0.45253 -0.87335 -0.18021 0.45253 -0.85185 -0.18021 0.49181 -0.85185 -0.18021 0.49181 -0.82858 -0.18021 0.53008 -0.82858 -0.18021 0.53008 -0.8036 -0.18021 0.56724 -0.80359 -0.18021 0.56724 -0.77694 -0.18021 0.60323 -0.77694 -0.18021 0.60323 -0.74868 -0.18021 0.63796 -0.74868 -0.18021 0.63796 -0.71887 -0.18021 0.67138 -0.71887 -0.18021 0.67138 -0.68757 -0.18021 0.7034 -0.68757 -0.18021 0.7034 -0.65484 -0.18021 0.73397 -0.65484 -0.18021 0.73397 -0.62076 -0.18021 0.76301 -0.62076 -0.18021 0.76301 -0.58538 -0.18021 0.79047 -0.58538 -0.18021 0.79047 -0.5488 -0.18021 0.8163 -0.5488 -0.18021 0.8163 -0.51108 -0.18021 0.84043 -0.51108 -0.18021 0.84043 -0.9545 -0.29743 0.02173 -0.9545 -0.29743 0.02173 -0.95252 -0.29743 0.06515 -0.95252 -0.29743 0.06515 -0.94857 -0.29743 0.10844 -0.94856 -0.29743 0.10844 -0.94265 -0.29743 0.1515 -0.94265 -0.29743 0.1515 -0.93477 -0.29743 0.19425 -0.93477 -0.29744 0.19425 -0.92496 -0.29744 0.23659 -0.92496 -0.29743 0.23659 -0.91324 -0.29743 0.27845 -0.91324 -0.29743 0.27845 -0.89962 -0.29743 0.31972 -0.89962 -0.29743 0.31972 -0.88413 -0.29743 0.36034 -0.88413 -0.29743 0.36034 -0.86682 -0.29743 0.40021 -0.86681 -0.29744 0.40021 -0.8477 -0.29744 0.43924 -0.8477 -0.29743 0.43924 -0.82683 -0.29743 0.47737 -0.82683 -0.29743 0.47737 -0.80425 -0.29743 0.51451 -0.80425 -0.29743 0.51451 -0.78 -0.29743 0.55058 -0.78 -0.29743 0.55058 -0.75413 -0.29743 0.58551 -0.75413 -0.29743 0.58551 -0.7267 -0.29743 0.61923 -0.7267 -0.29743 0.61923 -0.69776 -0.29743 0.65166 -0.69776 -0.29743 0.65166 -0.66738 -0.29743 0.68275 -0.66738 -0.29743 0.68275 -0.63561 -0.29743 0.71241 -0.63561 -0.29743 0.71241 -0.60253 -0.29743 0.74061 -0.60253 -0.29743 0.74061 -0.56819 -0.29743 0.76726 -0.56819 -0.29743 0.76726 -0.53268 -0.29743 0.79233 -0.53268 -0.29743 0.79233 -0.49607 -0.29743 0.81575 -0.49607 -0.29744 0.81575 -0.9117 -0.41033 0.02076 -0.9117 -0.41032 0.02076 -0.90981 -0.41032 0.06223 -0.90981 -0.41032 0.06223 -0.90604 -0.41032 0.10358 -0.90604 -0.41032 0.10358 -0.90039 -0.41032 0.14471 -0.90039 -0.41032 0.14471 -0.89287 -0.41032 0.18554 -0.89287 -0.41032 0.18554 -0.8835 -0.41032 0.22598 -0.8835 -0.41033 0.22599 -0.87229 -0.41033 0.26596 -0.8723 -0.41032 0.26596 -0.85929 -0.41032 0.30539 -0.85928 -0.41033 0.30539 -0.84449 -0.41033 0.34418 -0.84449 -0.41033 0.34418 -0.82795 -0.41033 0.38226 -0.82795 -0.41032 0.38226 -0.8097 -0.41032 0.41955 -0.8097 -0.41032 0.41955 -0.78976 -0.41032 0.45597 -0.78976 -0.41032 0.45597 -0.76819 -0.41032 0.49144 -0.76819 -0.41032 0.49144 -0.74503 -0.41032 0.5259 -0.74503 -0.41032 0.5259 -0.72032 -0.41032 0.55926 -0.72032 -0.41033 0.55926 -0.69412 -0.41033 0.59147 -0.69412 -0.41033 0.59147 -0.66648 -0.41033 0.62245 -0.66648 -0.41032 0.62245 -0.63746 -0.41032 0.65214 -0.63746 -0.41033 0.65214 -0.60711 -0.41033 0.68047 -0.60711 -0.41033 0.68047 -0.57551 -0.41033 0.7074 -0.57551 -0.41032 0.7074 -0.54272 -0.41032 0.73286 -0.54272 -0.41032 0.73286 -0.5088 -0.41032 0.75681 -0.5088 -0.41032 0.75681 -0.47383 -0.41032 0.77918 -0.47383 -0.41032 0.77918 -0.85562 -0.51724 0.01948 -0.85562 -0.51724 0.01948 -0.85384 -0.51724 0.0584 -0.85384 -0.51724 0.0584 -0.8503 -0.51724 0.09721 -0.8503 -0.51724 0.09721 -0.845 -0.51724 0.13581 -0.845 -0.51724 0.13581 -0.83794 -0.51724 0.17413 -0.83794 -0.51724 0.17413 -0.82915 -0.51724 0.21208 -0.82915 -0.51724 0.21209 -0.81863 -0.51724 0.2496 -0.81863 -0.51724 0.2496 -0.80642 -0.51724 0.28661 -0.80643 -0.51724 0.2866 -0.79255 -0.51724 0.32301 -0.79254 -0.51724 0.32301 -0.77702 -0.51724 0.35875 -0.77702 -0.51724 0.35875 -0.75989 -0.51724 0.39374 -0.75989 -0.51724 0.39374 -0.74118 -0.51724 0.42792 -0.74118 -0.51724 0.42792 -0.72093 -0.51724 0.46121 -0.72093 -0.51724 0.46121 -0.6992 -0.51724 0.49355 -0.6992 -0.51724 0.49355 -0.67601 -0.51724 0.52486 -0.67601 -0.51724 0.52486 -0.65142 -0.51724 0.55508 -0.65142 -0.51724 0.55508 -0.62548 -0.51724 0.58416 -0.62548 -0.51724 0.58416 -0.59824 -0.51724 0.61202 -0.59824 -0.51724 0.61202 -0.56977 -0.51724 0.63861 -0.56977 -0.51724 0.63861 -0.54011 -0.51724 0.66389 -0.54011 -0.51724 0.66389 -0.50933 -0.51724 0.68778 -0.50934 -0.51724 0.68778 -0.4775 -0.51724 0.71025 -0.4775 -0.51724 0.71025 -0.44468 -0.51724 0.73125 -0.44468 -0.51724 0.73125 -0.78706 -0.61662 0.01792 -0.78706 -0.61662 0.01792 -0.78543 -0.61662 0.05372 -0.78543 -0.61662 0.05372 -0.78217 -0.61662 0.08942 -0.78217 -0.61662 0.08942 -0.77729 -0.61662 0.12493 -0.77729 -0.61662 0.12493 -0.77079 -0.61662 0.16017 -0.77079 -0.61662 0.16017 -0.7627 -0.61662 0.19509 -0.76271 -0.61662 0.19509 -0.75304 -0.61662 0.2296 -0.75303 -0.61662 0.2296 -0.7418 -0.61662 0.26364 -0.7418 -0.61662 0.26364 -0.72904 -0.61662 0.29713 -0.72904 -0.61662 0.29713 -0.71476 -0.61662 0.33 -0.71476 -0.61662 0.33 -0.699 -0.61662 0.36219 -0.699 -0.61662 0.36219 -0.68179 -0.61662 0.39363 -0.68179 -0.61662 0.39363 -0.66317 -0.61662 0.42425 -0.66317 -0.61662 0.42425 -0.64317 -0.61662 0.454 -0.64317 -0.61662 0.454 -0.62184 -0.61662 0.4828 -0.62184 -0.61662 0.4828 -0.59922 -0.61662 0.5106 -0.59922 -0.61662 0.5106 -0.57536 -0.61662 0.53735 -0.57536 -0.61662 0.53735 -0.55031 -0.61662 0.56298 -0.55031 -0.61662 0.56298 -0.52411 -0.61662 0.58744 -0.52411 -0.61662 0.58744 -0.49683 -0.61662 0.61069 -0.49683 -0.61662 0.61069 -0.46852 -0.61662 0.63267 -0.46852 -0.61662 0.63267 -0.43924 -0.61662 0.65334 -0.43924 -0.61662 0.65334 -0.40905 -0.61662 0.67265 -0.70702 -0.70701 0.0161 -0.70702 -0.70701 0.0161 -0.70555 -0.70701 0.04826 -0.70555 -0.70702 0.04826 -0.70262 -0.70702 0.08032 -0.70262 -0.70702 0.08032 -0.69824 -0.70702 0.11222 -0.69824 -0.70701 0.11222 -0.69241 -0.70701 0.14388 -0.69241 -0.70701 0.14388 -0.68514 -0.70701 0.17525 -0.68514 -0.70702 0.17525 -0.67645 -0.70702 0.20625 -0.67646 -0.70701 0.20625 -0.66637 -0.70701 0.23683 -0.66637 -0.70701 0.23683 -0.6549 -0.70701 0.26691 -0.6549 -0.70701 0.26691 -0.64207 -0.70701 0.29644 -0.64207 -0.70702 0.29644 -0.62791 -0.70702 0.32536 -0.62791 -0.70701 0.32536 -0.61245 -0.70701 0.3536 -0.61245 -0.70702 0.3536 -0.59572 -0.70702 0.38111 -0.59572 -0.70701 0.38111 -0.57776 -0.70701 0.40783 -0.57776 -0.70701 0.40783 -0.5586 -0.70701 0.4337 -0.5586 -0.70702 0.4337 -0.53828 -0.70702 0.45868 -0.53828 -0.70702 0.45868 -0.51685 -0.70702 0.4827 -0.51684 -0.70702 0.4827 -0.49434 -0.70702 0.50572 -0.49434 -0.70702 0.50572 -0.47081 -0.70702 0.5277 -0.47081 -0.70701 0.5277 -0.4463 -0.70701 0.54858 -0.4463 -0.70702 0.54858 -0.42087 -0.70702 0.56833 -0.42087 -0.70702 0.56833 -0.39457 -0.70702 0.58689 -0.39457 -0.70702 0.58689 -0.36745 -0.70702 0.60424 -0.36745 -0.70701 0.60424 -0.61666 -0.78711 0.01404 -0.61666 -0.78711 0.01404 -0.61538 -0.78711 0.04209 -0.61538 -0.7871 0.04209 -0.61283 -0.7871 0.07006 -0.61283 -0.78711 0.07006 -0.609 -0.78711 0.09788 -0.609 -0.78711 0.09788 -0.60392 -0.78711 0.1255 -0.60392 -0.78711 0.12549 -0.59758 -0.78711 0.15285 -0.59758 -0.7871 0.15285 -0.59 -0.7871 0.17989 -0.59 -0.78711 0.17989 -0.5812 -0.78711 0.20656 -0.5812 -0.78711 0.20656 -0.5712 -0.78711 0.2328 -0.5712 -0.78711 0.2328 -0.56001 -0.78711 0.25856 -0.56001 -0.7871 0.25856 -0.54767 -0.7871 0.28378 -0.54766 -0.78711 0.28378 -0.53418 -0.78711 0.30841 -0.53418 -0.78711 0.30841 -0.51959 -0.78711 0.3324 -0.51959 -0.78711 0.3324 -0.50392 -0.78711 0.35571 -0.50392 -0.78711 0.35571 -0.48721 -0.78711 0.37827 -0.48721 -0.78711 0.37827 -0.46949 -0.78711 0.40006 -0.46949 -0.78711 0.40006 -0.45079 -0.78711 0.42101 -0.45079 -0.78711 0.42101 -0.43116 -0.78711 0.44109 -0.43116 -0.78711 0.44109 -0.41064 -0.78711 0.46026 -0.41064 -0.78711 0.46026 -0.38927 -0.78711 0.47847 -0.38927 -0.78711 0.47847 -0.36709 -0.78711 0.49569 -0.36709 -0.78711 0.49569 -0.34414 -0.78711 0.51189 -0.34414 -0.78711 0.51189 -0.32049 -0.78711 0.52702 -0.32049 -0.78711 0.52702 -0.5173 -0.85572 0.01178 -0.5173 -0.85572 0.01178 -0.51623 -0.85572 0.03531 -0.51623 -0.85572 0.03531 -0.51409 -0.85572 0.05877 -0.51409 -0.85572 0.05877 -0.51088 -0.85572 0.08211 -0.51088 -0.85572 0.08211 -0.50661 -0.85572 0.10528 -0.50661 -0.85572 0.10528 -0.5013 -0.85572 0.12822 -0.5013 -0.85572 0.12822 -0.49494 -0.85572 0.15091 -0.49494 -0.85572 0.15091 -0.48756 -0.85572 0.17328 -0.48756 -0.85572 0.17328 -0.47917 -0.85572 0.19529 -0.47917 -0.85572 0.19529 -0.46978 -0.85572 0.2169 -0.46978 -0.85572 0.2169 -0.45942 -0.85572 0.23805 -0.45942 -0.85572 0.23805 -0.44811 -0.85572 0.25872 -0.44811 -0.85572 0.25872 -0.43587 -0.85572 0.27885 -0.43587 -0.85572 0.27885 -0.42273 -0.85572 0.2984 -0.42273 -0.85572 0.2984 -0.40871 -0.85572 0.31733 -0.40871 -0.85572 0.31733 -0.39384 -0.85572 0.3356 -0.39384 -0.85572 0.3356 -0.37816 -0.85572 0.35318 -0.37816 -0.85572 0.35318 -0.36169 -0.85572 0.37002 -0.36169 -0.85572 0.37002 -0.34448 -0.85572 0.3861 -0.34448 -0.85572 0.3861 -0.32655 -0.85572 0.40138 -0.32655 -0.85572 0.40138 -0.30794 -0.85572 0.41583 -0.30794 -0.85572 0.41583 -0.2887 -0.85572 0.42941 -0.28869 -0.85572 0.42941 -0.26885 -0.85572 0.44211 -0.26885 -0.85572 0.44211 -0.4104 -0.91186 0.00934 -0.41039 -0.91186 0.00935 -0.40954 -0.91186 0.02801 -0.40954 -0.91186 0.02801 -0.40784 -0.91186 0.04662 -0.40784 -0.91186 0.04662 -0.4053 -0.91186 0.06514 -0.4053 -0.91186 0.06514 -0.40192 -0.91186 0.08352 -0.40191 -0.91186 0.08352 -0.3977 -0.91186 0.10173 -0.3977 -0.91186 0.10173 -0.39265 -0.91186 0.11972 -0.39266 -0.91186 0.11972 -0.3868 -0.91186 0.13747 -0.3868 -0.91186 0.13747 -0.38014 -0.91186 0.15493 -0.38014 -0.91186 0.15493 -0.3727 -0.91186 0.17207 -0.3727 -0.91186 0.17207 -0.36448 -0.91186 0.18886 -0.36448 -0.91186 0.18886 -0.3555 -0.91186 0.20525 -0.3555 -0.91186 0.20525 -0.34579 -0.91186 0.22122 -0.34579 -0.91186 0.22122 -0.33537 -0.91186 0.23673 -0.33537 -0.91186 0.23673 -0.32424 -0.91186 0.25175 -0.32425 -0.91186 0.25175 -0.31245 -0.91186 0.26624 -0.31245 -0.91186 0.26624 -0.30001 -0.91186 0.28019 -0.30001 -0.91186 0.28019 -0.28695 -0.91186 0.29355 -0.28695 -0.91186 0.29355 -0.27329 -0.91186 0.30631 -0.27329 -0.91186 0.30631 -0.25906 -0.91186 0.31843 -0.25906 -0.91186 0.31843 -0.2443 -0.91186 0.32989 -0.2443 -0.91186 0.32989 -0.22903 -0.91186 0.34067 -0.22903 -0.91186 0.34067 -0.21329 -0.91186 0.35074 -0.21329 -0.91186 0.35074 -0.2975 -0.9547 0.00677 -0.2975 -0.9547 0.00677 -0.29688 -0.9547 0.02031 -0.29688 -0.9547 0.02031 -0.29565 -0.9547 0.0338 -0.29565 -0.9547 0.0338 -0.2938 -0.9547 0.04722 -0.2938 -0.9547 0.04722 -0.29135 -0.9547 0.06054 -0.29135 -0.9547 0.06054 -0.28829 -0.9547 0.07374 -0.28829 -0.9547 0.07374 -0.28464 -0.9547 0.08679 -0.28464 -0.9547 0.08679 -0.28039 -0.9547 0.09965 -0.28039 -0.9547 0.09965 -0.27557 -0.9547 0.11231 -0.27557 -0.9547 0.11231 -0.27017 -0.9547 0.12474 -0.27017 -0.9547 0.12474 -0.26421 -0.9547 0.1369 -0.26421 -0.9547 0.1369 -0.25771 -0.9547 0.14879 -0.25771 -0.9547 0.14879 -0.25067 -0.9547 0.16036 -0.25067 -0.9547 0.16036 -0.24311 -0.9547 0.1716 -0.24311 -0.9547 0.1716 -0.23505 -0.9547 0.18249 -0.23505 -0.9547 0.18249 -0.2265 -0.9547 0.193 -0.2265 -0.9547 0.193 -0.21748 -0.9547 0.20311 -0.21748 -0.9547 0.20311 -0.20801 -0.9547 0.2128 -0.20801 -0.9547 0.2128 -0.19811 -0.9547 0.22204 -0.19811 -0.9547 0.22204 -0.1878 -0.9547 0.23083 -0.1878 -0.9547 0.23083 -0.17709 -0.9547 0.23914 -0.17709 -0.9547 0.23914 -0.16603 -0.9547 0.24695 -0.16603 -0.9547 0.24695 -0.15461 -0.9547 0.25425 -0.15461 -0.9547 0.25425 -0.18025 -0.98361 0.0041 -0.18025 -0.98361 0.0041 -0.17988 -0.98361 0.0123 -0.17988 -0.98361 0.0123 -0.17913 -0.98361 0.02048 -0.17913 -0.98361 0.02048 -0.17802 -0.98361 0.02861 -0.17802 -0.98361 0.02861 -0.17653 -0.98361 0.03668 -0.17653 -0.98361 0.03668 -0.17468 -0.98361 0.04468 -0.17468 -0.98361 0.04468 -0.17246 -0.98361 0.05258 -0.17246 -0.98361 0.05258 -0.16989 -0.98361 0.06038 -0.16989 -0.98361 0.06038 -0.16697 -0.98361 0.06805 -0.16697 -0.98361 0.06805 -0.1637 -0.98361 0.07558 -0.1637 -0.98361 0.07558 -0.16009 -0.98361 0.08295 -0.16009 -0.98361 0.08295 -0.15614 -0.98361 0.09015 -0.15614 -0.98361 0.09015 -0.15188 -0.98361 0.09716 -0.15188 -0.98361 0.09716 -0.1473 -0.98361 0.10398 -0.1473 -0.98361 0.10398 -0.14241 -0.98361 0.11057 -0.14241 -0.98361 0.11057 -0.13723 -0.98361 0.11694 -0.13723 -0.98361 0.11694 -0.13177 -0.98361 0.12306 -0.13177 -0.98361 0.12306 -0.12603 -0.98361 0.12893 -0.12603 -0.98361 0.12893 -0.12003 -0.98361 0.13454 -0.12003 -0.98361 0.13454 -0.11379 -0.98361 0.13986 -0.11379 -0.98361 0.13986 -0.1073 -0.98361 0.14489 -0.1073 -0.98361 0.14489 -0.1006 -0.98361 0.14963 -0.1006 -0.98361 0.14963 -0.09368 -0.98361 0.15405 -0.09368 -0.98361 0.15405 -0.06038 -0.99817 0.00137 -0.06038 -0.99817 0.00137 -0.06025 -0.99817 0.00412 -0.06025 -0.99817 0.00412 -0.06 -0.99817 0.00686 -0.06 -0.99817 0.00686 -0.05963 -0.99817 0.00958 -0.05963 -0.99817 0.00958 -0.05913 -0.99817 0.01229 -0.05913 -0.99817 0.01229 -0.05851 -0.99817 0.01497 -0.05851 -0.99817 0.01497 -0.05777 -0.99817 0.01761 -0.05777 -0.99817 0.01761 -0.05691 -0.99817 0.02022 -0.05691 -0.99817 0.02022 -0.05593 -0.99817 0.02279 -0.05593 -0.99817 0.02279 -0.05483 -0.99817 0.02532 -0.05483 -0.99817 0.02532 -0.05362 -0.99817 0.02779 -0.05362 -0.99817 0.02779 -0.0523 -0.99817 0.0302 -0.0523 -0.99817 0.0302 -0.05087 -0.99817 0.03255 -0.05087 -0.99817 0.03255 -0.04934 -0.99817 0.03483 -0.04934 -0.99817 0.03483 -0.0477 -0.99817 0.03704 -0.0477 -0.99817 0.03704 -0.04597 -0.99817 0.03917 -0.04597 -0.99817 0.03917 -0.04414 -0.99817 0.04122 -0.04414 -0.99817 0.04122 -0.04222 -0.99817 0.04319 -0.04222 -0.99817 0.04319 -0.04021 -0.99817 0.04506 -0.04021 -0.99817 0.04506 -0.03811 -0.99817 0.04685 -0.03811 -0.99817 0.04685 -0.03594 -0.99817 0.04853 -0.03594 -0.99817 0.04853 -0.0337 -0.99817 0.05012 -0.0337 -0.99817 0.05012 -0.03138 -0.99817 0.0516 -0.03138 -0.99817 0.0516 0.99537 0.05606 -0.07806 0.98951 0.05607 -0.13314 0.97607 0.05606 -0.21009 0.93934 0.05606 -0.33836 0.88583 0.05606 -0.4606 0.85892 0.05606 -0.50903 0.82937 0.05607 -0.55588 0.78338 0.05607 -0.61901 0.74784 0.05607 -0.66151 0.69384 0.05606 -0.71795 0.59191 0.05606 -0.80406 0.03129 0.99843 -0.04654 0.03129 0.99843 -0.04654 0.09348 0.98586 -0.13905 0.09348 0.98586 -0.13905 0.15449 0.9609 -0.2298 0.15449 0.9609 -0.2298 0.21356 0.92384 -0.31765 0.21356 0.92384 -0.31765 0.26994 0.87517 -0.40151 0.26994 0.87517 -0.40151 0.32292 0.81549 -0.48031 0.32292 0.81549 -0.48031 0.37183 0.74556 -0.55307 0.37183 0.74556 -0.55307 0.41607 0.66625 -0.61887 0.41607 0.66625 -0.61887 0.45507 0.57857 -0.67688 0.45507 0.57857 -0.67688 0.48835 0.48362 -0.72638 0.48835 0.48362 -0.72638 0.51548 0.3826 -0.76674 0.51548 0.3826 -0.76674 0.53614 0.27677 -0.79747 0.53614 0.27677 -0.79747 0.55005 0.16746 -0.81817 0.55006 0.16746 -0.81817 0.03734 0.99843 -0.04185 0.03734 0.99843 -0.04185 0.11154 0.98586 -0.12502 0.11154 0.98586 -0.12502 0.18434 0.9609 -0.20662 0.18434 0.9609 -0.20662 0.25482 0.92384 -0.28562 0.25482 0.92384 -0.28561 0.3221 0.87517 -0.36102 0.3221 0.87517 -0.36102 0.38531 0.81549 -0.43187 0.38531 0.81549 -0.43187 0.44368 0.74556 -0.49729 0.44368 0.74556 -0.49729 0.49646 0.66625 -0.55645 0.49646 0.66625 -0.55645 0.543 0.57857 -0.60861 0.543 0.57857 -0.60861 0.58271 0.48362 -0.65312 0.58271 0.48362 -0.65312 0.61509 0.3826 -0.68941 0.61509 0.3826 -0.68941 0.63973 0.27677 -0.71704 0.63973 0.27677 -0.71704 0.65634 0.16747 -0.73565 0.65634 0.16746 -0.73565 0.05194 0.99843 -0.02117 0.05194 0.99843 -0.02117 0.15516 0.98586 -0.06324 0.15516 0.98586 -0.06324 0.25642 0.9609 -0.10451 0.25642 0.9609 -0.10451 0.35446 0.92384 -0.14446 0.35446 0.92384 -0.14446 0.44803 0.87517 -0.1826 0.44803 0.87517 -0.1826 0.53597 0.81549 -0.21844 0.53597 0.81549 -0.21844 0.61715 0.74556 -0.25153 0.61715 0.74556 -0.25153 0.69058 0.66625 -0.28145 0.69058 0.66625 -0.28145 0.75531 0.57857 -0.30783 0.75531 0.57857 -0.30784 0.81054 0.48362 -0.33035 0.81054 0.48362 -0.33035 0.85558 0.3826 -0.3487 0.85558 0.3826 -0.3487 0.88987 0.27677 -0.36268 0.88987 0.27677 -0.36268 0.91297 0.16746 -0.37209 0.91296 0.16747 -0.37209 0.05434 0.99843 -0.0139 0.05434 0.99843 -0.0139 0.16232 0.98586 -0.04152 0.16232 0.98586 -0.04152 0.26826 0.9609 -0.06862 0.26827 0.9609 -0.06862 0.37083 0.92384 -0.09485 0.37083 0.92384 -0.09485 0.46873 0.87517 -0.11989 0.46872 0.87517 -0.11989 0.56072 0.81549 -0.14342 0.56072 0.81549 -0.14342 0.64565 0.74556 -0.16515 0.64565 0.74556 -0.16515 0.72247 0.66625 -0.1848 0.72247 0.66625 -0.1848 0.79019 0.57857 -0.20212 0.79019 0.57857 -0.20212 0.84798 0.48362 -0.2169 0.84798 0.48362 -0.2169 0.8951 0.3826 -0.22895 0.8951 0.3826 -0.22895 0.93096 0.27677 -0.23813 0.93096 0.27677 -0.23813 0.95513 0.16746 -0.24431 0.95513 0.16746 -0.24431 0.02914 0.99843 -0.04792 0.02914 0.99843 -0.04792 0.08706 0.98586 -0.14316 0.08706 0.98586 -0.14316 0.14387 0.9609 -0.23659 0.14387 0.9609 -0.23659 0.19888 0.92384 -0.32704 0.19888 0.92384 -0.32704 0.25138 0.87517 -0.41338 0.25138 0.87517 -0.41338 0.30072 0.81549 -0.49451 0.30072 0.81549 -0.49451 0.34627 0.74556 -0.56942 0.34627 0.74556 -0.56942 0.38747 0.66625 -0.63716 0.38747 0.66625 -0.63716 0.42379 0.57857 -0.69689 0.42379 0.57857 -0.69689 0.45478 0.48362 -0.74785 0.45478 0.48362 -0.74785 0.48005 0.3826 -0.78941 0.48005 0.3826 -0.78941 0.49929 0.27677 -0.82104 0.49929 0.27677 -0.82104 0.51225 0.16746 -0.84235 0.51225 0.16746 -0.84235 0.51877 0.05606 -0.85308 0.51877 0.05606 -0.85308 0.55706 0.05606 -0.82858 0.56423 0.08268 -0.82146 0.5464 0.05607 -0.83565 0.61006 0.05607 -0.79037 0.59395 0.06273 -0.80205 0.58672 0.16746 -0.79228 0.58672 0.16746 -0.79228 0.57188 0.27677 -0.77224 0.57188 0.27677 -0.77224 0.54985 0.3826 -0.74249 0.54985 0.3826 -0.74249 0.5209 0.48362 -0.7034 0.5209 0.48362 -0.7034 0.48541 0.57857 -0.65547 0.48541 0.57857 -0.65547 0.4438 0.66625 -0.59929 0.4438 0.66625 -0.59929 0.39662 0.74556 -0.53557 0.39662 0.74556 -0.53557 0.34444 0.81549 -0.46512 0.34444 0.81549 -0.46512 0.28793 0.87517 -0.38881 0.28793 0.87517 -0.38881 0.2278 0.92384 -0.3076 0.2278 0.92384 -0.3076 0.16479 0.9609 -0.22253 0.16479 0.9609 -0.22253 0.09971 0.98586 -0.13465 0.09971 0.98586 -0.13465 0.03338 0.99843 -0.04507 0.03338 0.99843 -0.04507 0.03539 0.99843 -0.04351 0.03539 0.99843 -0.04351 0.10574 0.98586 -0.12997 0.10574 0.98586 -0.12997 0.17475 0.9609 -0.2148 0.17475 0.9609 -0.2148 0.24156 0.92384 -0.29692 0.24156 0.92384 -0.29692 0.30533 0.87517 -0.3753 0.30533 0.87517 -0.3753 0.36525 0.81549 -0.44896 0.36526 0.81549 -0.44896 0.42058 0.74556 -0.51697 0.42058 0.74556 -0.51697 0.47062 0.66625 -0.57847 0.47062 0.66625 -0.57847 0.51474 0.57857 -0.6327 0.51474 0.57857 -0.6327 0.55238 0.48362 -0.67896 0.55238 0.48362 -0.67896 0.58307 0.3826 -0.71669 0.58307 0.3826 -0.71669 0.60644 0.27677 -0.74541 0.60644 0.27677 -0.74541 0.62218 0.16746 -0.76476 0.62218 0.16747 -0.76476 0.6301 0.05605 -0.77449 0.6301 0.05606 -0.77449 0.66469 0.05606 -0.74501 0.66914 0.07509 -0.73934 0.65295 0.05607 -0.75532 0.71 0.05607 -0.70196 0.69742 0.06749 -0.71348 0.68914 0.16746 -0.70501 0.68914 0.16746 -0.70501 0.67171 0.27677 -0.68717 0.67171 0.27677 -0.68717 0.64583 0.3826 -0.6607 0.64583 0.3826 -0.6607 0.61183 0.48362 -0.62592 0.61183 0.48362 -0.62592 0.57014 0.57857 -0.58327 0.57014 0.57857 -0.58327 0.52127 0.66625 -0.53328 0.52127 0.66625 -0.53328 0.46585 0.74556 -0.47658 0.46585 0.74556 -0.47658 0.40457 0.81549 -0.41388 0.40457 0.81549 -0.41388 0.33819 0.87517 -0.34598 0.33819 0.87517 -0.34598 0.26756 0.92384 -0.27372 0.26756 0.92384 -0.27372 0.19356 0.9609 -0.19802 0.19356 0.9609 -0.19802 0.11712 0.98586 -0.11982 0.11712 0.98586 -0.11982 0.0392 0.99843 -0.04011 0.0392 0.99843 -0.04011 0.04099 0.99843 -0.03828 0.04099 0.99843 -0.03828 0.12245 0.98586 -0.11436 0.12245 0.98586 -0.11436 0.20237 0.9609 -0.189 0.20237 0.9609 -0.189 0.27974 0.92384 -0.26126 0.27974 0.92384 -0.26126 0.35359 0.87517 -0.33023 0.35359 0.87517 -0.33023 0.42299 0.81549 -0.39504 0.42299 0.81549 -0.39504 0.48706 0.74556 -0.45488 0.48706 0.74556 -0.45488 0.54501 0.66625 -0.509 0.545 0.66625 -0.509 0.59609 0.57857 -0.55671 0.59609 0.57857 -0.55671 0.63968 0.48362 -0.59742 0.63968 0.48362 -0.59742 0.67523 0.3826 -0.63062 0.67523 0.3826 -0.63062 0.70229 0.27677 -0.65589 0.70229 0.27677 -0.65589 0.72052 0.16746 -0.67291 0.72052 0.16746 -0.67291 0.72969 0.05606 -0.68148 0.72969 0.05606 -0.68148 0.7627 0.05606 -0.64431 0.75952 0.06535 -0.6472 0.7504 0.16746 -0.63942 0.7504 0.16746 -0.63942 0.73141 0.27677 -0.62325 0.73141 0.27677 -0.62325 0.70323 0.3826 -0.59923 0.70323 0.3826 -0.59923 0.66621 0.48362 -0.56769 0.66621 0.48362 -0.56769 0.62081 0.57857 -0.529 0.62081 0.57857 -0.529 0.56761 0.66625 -0.48367 0.56761 0.66625 -0.48367 0.50726 0.74556 -0.43224 0.50726 0.74556 -0.43224 0.44053 0.81549 -0.37538 0.44053 0.81549 -0.37538 0.36825 0.87517 -0.31379 0.36825 0.87517 -0.31379 0.29134 0.92384 -0.24826 0.29134 0.92384 -0.24826 0.21076 0.9609 -0.17959 0.12753 0.98586 -0.10867 0.12753 0.98586 -0.10867 0.04269 0.99843 -0.03638 0.04269 0.99843 -0.03638 0.79727 0.05607 -0.60102 0.78792 0.07035 -0.61175 0.77872 0.16746 -0.60461 0.77872 0.16746 -0.60461 0.75902 0.27677 -0.58931 0.75902 0.27677 -0.58931 0.72978 0.3826 -0.56661 0.72978 0.3826 -0.56661 0.69136 0.48362 -0.53678 0.69136 0.48362 -0.53678 0.64425 0.57857 -0.5002 0.64425 0.57857 -0.5002 0.58903 0.66625 -0.45733 0.58903 0.66625 -0.45733 0.52641 0.74556 -0.40871 0.52641 0.74556 -0.40871 0.45716 0.81549 -0.35494 0.45716 0.81549 -0.35494 0.38215 0.87517 -0.29671 0.38215 0.87517 -0.29671 0.30234 0.92384 -0.23474 0.30234 0.92384 -0.23474 0.21872 0.9609 -0.16982 0.21872 0.9609 -0.16981 0.13234 0.98586 -0.10275 0.13234 0.98586 -0.10275 0.0443 0.99843 -0.0344 0.0443 0.99843 -0.0344 0.04582 0.99843 -0.03234 0.04582 0.99843 -0.03234 0.13688 0.98586 -0.09662 0.13688 0.98586 -0.09662 0.22622 0.9609 -0.15968 0.22622 0.9609 -0.15968 0.31271 0.92384 -0.22074 0.31271 0.92384 -0.22074 0.39526 0.87517 -0.27901 0.39526 0.87517 -0.27901 0.47284 0.81549 -0.33377 0.47284 0.81549 -0.33377 0.54446 0.74556 -0.38432 0.54446 0.74556 -0.38432 0.60924 0.66625 -0.43005 0.60924 0.66625 -0.43005 0.66635 0.57857 -0.47036 0.66635 0.57857 -0.47036 0.71508 0.48362 -0.50475 0.71508 0.48362 -0.50475 0.75481 0.3826 -0.5328 0.75481 0.3826 -0.5328 0.78506 0.27677 -0.55415 0.78505 0.27677 -0.55415 0.80543 0.16746 -0.56854 0.80543 0.16746 -0.56854 0.81568 0.05606 -0.57577 0.81569 0.05605 -0.57577 0.84181 0.05606 -0.53685 0.84087 0.05963 -0.53794 0.83048 0.16746 -0.53129 0.83048 0.16746 -0.53129 0.80946 0.27677 -0.51785 0.80946 0.27677 -0.51785 0.77828 0.3826 -0.4979 0.77828 0.3826 -0.4979 0.73731 0.48362 -0.47169 0.73731 0.48362 -0.47169 0.68706 0.57857 -0.43954 0.68706 0.57857 -0.43954 0.62818 0.66625 -0.40187 0.62818 0.66625 -0.40187 0.56139 0.74556 -0.35915 0.56139 0.74556 -0.35915 0.48754 0.81549 -0.3119 0.48754 0.81549 -0.3119 0.40755 0.87517 -0.26073 0.40755 0.87517 -0.26073 0.32243 0.92384 -0.20627 0.32243 0.92384 -0.20627 0.23325 0.9609 -0.14922 0.23325 0.9609 -0.14922 0.14114 0.98586 -0.09029 0.14114 0.98586 -0.09029 0.04724 0.99843 -0.03022 0.04724 0.99843 -0.03022 0.87029 0.05607 -0.48934 0.86382 0.0713 -0.49873 0.8538 0.16746 -0.49294 0.8538 0.16746 -0.49294 0.8322 0.27677 -0.48047 0.8322 0.27677 -0.48047 0.80013 0.3826 -0.46196 0.80013 0.3826 -0.46196 0.75801 0.48362 -0.43764 0.75801 0.48362 -0.43764 0.70636 0.57857 -0.40781 0.70636 0.57857 -0.40781 0.64582 0.66625 -0.37286 0.64582 0.66625 -0.37286 0.57716 0.74556 -0.33322 0.57716 0.74556 -0.33322 0.50123 0.81549 -0.28939 0.50123 0.81549 -0.28939 0.419 0.87517 -0.24191 0.419 0.87517 -0.24191 0.33149 0.92384 -0.19138 0.33149 0.92384 -0.19138 0.2398 0.9609 -0.13845 0.2398 0.9609 -0.13845 0.1451 0.98586 -0.08377 0.1451 0.98586 -0.08377 0.04857 0.99843 -0.02804 0.04857 0.99843 -0.02804 0.89608 0.05607 -0.44034 0.8863 0.05963 -0.45925 0.87535 0.16747 -0.45357 0.87535 0.16746 -0.45357 0.8532 0.27677 -0.44209 0.8532 0.27677 -0.44209 0.82033 0.3826 -0.42506 0.82033 0.3826 -0.42506 0.77715 0.48362 -0.40268 0.77714 0.48362 -0.40268 0.72419 0.57857 -0.37524 0.72419 0.57857 -0.37524 0.66212 0.66625 -0.34308 0.66212 0.66625 -0.34308 0.59172 0.74556 -0.30661 0.59172 0.74556 -0.30661 0.51388 0.81549 -0.26627 0.51388 0.81549 -0.26627 0.42957 0.87517 -0.22259 0.42957 0.87517 -0.22259 0.33985 0.92384 -0.1761 0.33985 0.92384 -0.1761 0.24586 0.9609 -0.12739 0.24586 0.9609 -0.12739 0.14876 0.98586 -0.07708 0.14876 0.98586 -0.07708 0.0498 0.99843 -0.0258 0.0498 0.99843 -0.0258 0.05092 0.99843 -0.02351 0.05092 0.99843 -0.02351 0.15212 0.98586 -0.07023 0.15212 0.98586 -0.07023 0.2514 0.9609 -0.11607 0.2514 0.9609 -0.11607 0.34752 0.92384 -0.16045 0.34752 0.92384 -0.16045 0.43926 0.87517 -0.2028 0.43926 0.87517 -0.2028 0.52547 0.81549 -0.24261 0.52547 0.81549 -0.24261 0.60507 0.74556 -0.27936 0.60506 0.74556 -0.27936 0.67705 0.66625 -0.31259 0.67705 0.66625 -0.31259 0.74052 0.57857 -0.34189 0.74052 0.57857 -0.34189 0.79467 0.48362 -0.3669 0.79467 0.48362 -0.3669 0.83883 0.3826 -0.38728 0.83883 0.3826 -0.38728 0.87244 0.27677 -0.4028 0.87244 0.27677 -0.4028 0.89508 0.16747 -0.41326 0.89508 0.16746 -0.41326 0.90648 0.05606 -0.41852 0.90648 0.05606 -0.41852 0.92459 0.05606 -0.37683 0.92633 0.07888 -0.36835 0.91913 0.05607 -0.38994 0.9468 0.05607 -0.3169 0.94025 0.06535 -0.33416 0.92895 0.16746 -0.33015 0.92895 0.16747 -0.33015 0.90545 0.27677 -0.3218 0.90545 0.27677 -0.3218 0.87057 0.3826 -0.3094 0.87057 0.3826 -0.3094 0.82474 0.48363 -0.29311 0.82474 0.48362 -0.29311 0.76854 0.57857 -0.27314 0.76854 0.57857 -0.27314 0.70267 0.66625 -0.24973 0.70267 0.66625 -0.24973 0.62796 0.74556 -0.22318 0.62796 0.74556 -0.22318 0.54535 0.81549 -0.19382 0.54535 0.81549 -0.19382 0.45588 0.87517 -0.16202 0.45588 0.87517 -0.16202 0.36067 0.92384 -0.12818 0.36067 0.92384 -0.12818 0.26091 0.9609 -0.09273 0.26091 0.9609 -0.09273 0.15787 0.98586 -0.05611 0.15787 0.98586 -0.05611 0.05285 0.99843 -0.01878 0.05285 0.99843 -0.01878 0.05365 0.99843 -0.01636 0.05365 0.99843 -0.01636 0.16026 0.98586 -0.04886 0.16026 0.98586 -0.04886 0.26486 0.9609 -0.08076 0.26486 0.9609 -0.08076 0.36613 0.92384 -0.11163 0.36613 0.92384 -0.11163 0.46278 0.87517 -0.1411 0.46278 0.87517 -0.1411 0.55361 0.81549 -0.1688 0.55361 0.81549 -0.1688 0.63747 0.74556 -0.19437 0.63747 0.74556 -0.19437 0.71331 0.66625 -0.21749 0.71331 0.66625 -0.21749 0.78017 0.57857 -0.23788 0.78017 0.57857 -0.23788 0.83722 0.48363 -0.25527 0.83723 0.48362 -0.25527 0.88375 0.3826 -0.26945 0.88375 0.3826 -0.26946 0.91916 0.27677 -0.28025 0.91916 0.27677 -0.28025 0.94302 0.16746 -0.28753 0.94302 0.16746 -0.28753 0.95502 0.05606 -0.29119 0.95502 0.05606 -0.29119 0.96729 0.05605 -0.24742 0.96774 0.07128 -0.24167 0.96292 0.05607 -0.26389 0.9806 0.05607 -0.18781 0.97674 0.06916 -0.20297 0.96526 0.16747 -0.20058 0.96526 0.16746 -0.20058 0.94084 0.27677 -0.19551 0.94084 0.27677 -0.19551 0.90459 0.3826 -0.18798 0.90459 0.3826 -0.18798 0.85697 0.48362 -0.17808 0.85697 0.48362 -0.17808 0.79857 0.57857 -0.16595 0.79857 0.57857 -0.16595 0.73013 0.66625 -0.15172 0.73013 0.66625 -0.15172 0.6525 0.74556 -0.13559 0.6525 0.74556 -0.13559 0.56667 0.81549 -0.11775 0.56667 0.81549 -0.11775 0.4737 0.87517 -0.09843 0.4737 0.87517 -0.09843 0.37476 0.92384 -0.07788 0.37476 0.92384 -0.07788 0.27111 0.9609 -0.05634 0.27111 0.9609 -0.05634 0.16404 0.98586 -0.03409 0.16404 0.98586 -0.03409 0.05491 0.99843 -0.01141 0.05491 0.99843 -0.01141 0.05537 0.99843 -0.0089 0.05537 0.99843 -0.0089 0.16543 0.98586 -0.02659 0.16542 0.98586 -0.02659 0.27339 0.9609 -0.04394 0.27339 0.9609 -0.04394 0.37792 0.92384 -0.06074 0.37792 0.92384 -0.06074 0.47768 0.87517 -0.07677 0.47769 0.87517 -0.07677 0.57144 0.81549 -0.09184 0.57144 0.81549 -0.09184 0.658 0.74556 -0.10575 0.658 0.74556 -0.10575 0.73628 0.66625 -0.11833 0.73628 0.66625 -0.11833 0.8053 0.57857 -0.12943 0.8053 0.57857 -0.12943 0.86419 0.48362 -0.13889 0.86419 0.48362 -0.13889 0.91221 0.3826 -0.14661 0.91221 0.3826 -0.14661 0.94876 0.27677 -0.15248 0.94876 0.27677 -0.15248 0.97339 0.16747 -0.15644 0.97339 0.16747 -0.15644 0.98578 0.05605 -0.15843 0.98578 0.05606 -0.15843 0.99229 0.05606 -0.11058 0.99157 0.06273 -0.11336 0.9795 0.16747 -0.11198 0.9795 0.16747 -0.11198 0.95472 0.27677 -0.10914 0.95472 0.27677 -0.10914 0.91794 0.3826 -0.10494 0.91794 0.3826 -0.10494 0.86961 0.48363 -0.09941 0.86961 0.48362 -0.09941 0.81035 0.57857 -0.09264 0.81035 0.57857 -0.09264 0.7409 0.66625 -0.0847 0.7409 0.66625 -0.0847 0.66213 0.74556 -0.07569 0.66213 0.74556 -0.07569 0.57502 0.81549 -0.06574 0.57502 0.81549 -0.06574 0.48069 0.87517 -0.05495 0.48068 0.87517 -0.05495 0.38029 0.92384 -0.04348 0.38029 0.92384 -0.04348 0.27511 0.9609 -0.03145 0.27511 0.9609 -0.03145 0.16646 0.98586 -0.01903 0.16646 0.98586 -0.01903 0.05572 0.99843 -0.00637 0.05572 0.99843 -0.00637 0.99689 0.05607 -0.05537 0.99515 0.07106 -0.06807 0.98358 0.16746 -0.06728 0.98358 0.16747 -0.06728 0.9587 0.27677 -0.06558 0.9587 0.27677 -0.06558 0.92176 0.3826 -0.06305 0.92176 0.3826 -0.06305 0.87324 0.48362 -0.05973 0.87323 0.48363 -0.05973 0.81373 0.57857 -0.05566 0.81373 0.57857 -0.05566 0.74399 0.66625 -0.05089 0.74399 0.66625 -0.05089 0.66489 0.74556 -0.04548 0.66489 0.74556 -0.04548 0.57742 0.81549 -0.0395 0.57742 0.81549 -0.0395 0.48269 0.87517 -0.03302 0.48269 0.87517 -0.03302 0.38188 0.92384 -0.02612 0.38188 0.92384 -0.02612 0.27626 0.9609 -0.0189 0.27626 0.9609 -0.0189 0.16716 0.98586 -0.01143 0.16716 0.98586 -0.01143 0.05595 0.99843 -0.00383 0.05595 0.99843 -0.00383 0.05607 0.99843 -0.00128 0.05607 0.99843 -0.00128 0.1675 0.98586 -0.00381 0.1675 0.98586 -0.00381 0.27683 0.9609 -0.0063 0.27683 0.9609 -0.0063 0.38267 0.92384 -0.00871 0.38267 0.92384 -0.00871 0.48369 0.87517 -0.01101 0.48369 0.87517 -0.01101 0.57862 0.81549 -0.01317 0.57862 0.81549 -0.01317 0.66627 0.74556 -0.01517 0.66627 0.74556 -0.01517 0.74554 0.66625 -0.01697 0.74553 0.66625 -0.01698 0.81542 0.57857 -0.01857 0.81542 0.57857 -0.01857 0.87505 0.48362 -0.01992 0.87505 0.48362 -0.01992 0.92367 0.3826 -0.02103 0.92367 0.3826 -0.02103 0.96069 0.27677 -0.02187 0.96069 0.27677 -0.02187 0.98562 0.16746 -0.02244 0.98562 0.16746 -0.02244 0.99817 0.05606 -0.02273 0.99817 0.05606 -0.02273 -0.02931 0.99843 0.04782 -0.08755 0.98586 0.14287 -0.14469 0.96089 0.23612 -0.20001 0.92383 0.32639 -0.25281 0.87515 0.41255 -0.30242 0.81547 0.49351 -0.34823 0.74553 0.56826 -0.38966 0.66622 0.63586 -0.42618 0.57854 0.69546 -0.45734 0.48359 0.74631 -0.48275 0.38257 0.78778 -0.50209 0.27675 0.81934 -0.52168 0.05605 0.8513 -0.51512 0.16745 0.8406 -0.52168 0.05605 0.8513 -0.56552 0.05605 0.82283 -0.5561 0.03332 0.83045 -0.57706 0.05606 0.81478 -0.60781 0.05605 0.79211 -0.6078 0.05605 0.79211 -0.62989 0.05607 0.77466 -0.64855 0.05256 0.75935 -0.64995 0.05605 0.7579 -0.68727 0.05605 0.72423 -0.68055 0.03712 0.73176 -0.69885 0.05607 0.71307 -0.72423 0.05605 0.68727 -0.72423 0.05605 0.68727 -0.74466 0.05607 0.66508 -0.75947 0.04965 0.64865 -0.76182 0.05606 0.64536 -0.79211 0.05605 0.6078 -0.78776 0.04091 0.61462 -0.80299 0.05607 0.59335 -0.82283 0.05605 0.56552 -0.82283 0.05605 0.56552 -0.84062 0.05607 0.53871 -0.85169 0.04733 0.52191 -0.85444 0.05606 0.51652 -0.87744 0.05605 0.47641 -0.87504 0.0447 0.48198 -0.88685 0.05607 0.45865 -0.90117 0.05605 0.42983 -0.90117 0.05605 0.42983 -0.91535 0.05607 0.39874 -0.92292 0.04558 0.38229 -0.92547 0.05606 0.37464 -0.94116 0.05605 0.33328 -0.94018 0.04848 0.3372 -0.94831 0.05607 0.31235 -0.95731 0.05605 0.28357 -0.95731 0.05605 0.28357 -0.96696 0.05607 0.24869 -0.97141 0.04442 0.23321 -0.97314 0.05606 0.22329 -0.98171 0.05605 0.18195 -0.98154 0.05227 0.18396 -0.98582 0.05607 0.15818 -0.98989 0.05605 0.13032 -0.98989 0.05605 0.13032 -0.99415 0.05607 0.09236 -0.99596 0.04383 0.07838 -0.99622 0.05606 0.0663 -0.99809 0.05605 0.02614 -0.99809 0.05605 0.02614 -0.51512 0.16745 0.8406 -0.55841 0.16745 0.81249 -0.55841 0.16745 0.81249 -0.60017 0.16745 0.78215 -0.60017 0.16745 0.78215 -0.64028 0.16745 0.74967 -0.64028 0.16745 0.74967 -0.67864 0.16745 0.71513 -0.67864 0.16745 0.71513 -0.71513 0.16745 0.67864 -0.71513 0.16745 0.67864 -0.74967 0.16745 0.64028 -0.74967 0.16745 0.64028 -0.78215 0.16745 0.60017 -0.78215 0.16745 0.60017 -0.81249 0.16745 0.55841 -0.81249 0.16745 0.55841 -0.8406 0.16745 0.51512 -0.8406 0.16745 0.51512 -0.86641 0.16745 0.47042 -0.86641 0.16745 0.47042 -0.88984 0.16745 0.42443 -0.88984 0.16745 0.42443 -0.91083 0.16745 0.37728 -0.91083 0.16745 0.37728 -0.92933 0.16745 0.32909 -0.92933 0.16745 0.32909 -0.94528 0.16745 0.28001 -0.94528 0.16745 0.28001 -0.95864 0.16745 0.23015 -0.95864 0.16745 0.23015 -0.96937 0.16745 0.17966 -0.96937 0.16745 0.17966 -0.97745 0.16745 0.12868 -0.97745 0.16745 0.12868 -0.98284 0.16745 0.07735 -0.98284 0.16745 0.07735 -0.98554 0.16745 0.02581 -0.98554 0.16745 0.02581 -0.50209 0.27675 0.81934 -0.54428 0.27675 0.79194 -0.54428 0.27675 0.79194 -0.58499 0.27675 0.76237 -0.58498 0.27675 0.76237 -0.62408 0.27675 0.73071 -0.62408 0.27675 0.73071 -0.66147 0.27675 0.69704 -0.66147 0.27675 0.69704 -0.69704 0.27675 0.66147 -0.69704 0.27675 0.66147 -0.73071 0.27675 0.62408 -0.73071 0.27675 0.62408 -0.76237 0.27675 0.58499 -0.76237 0.27675 0.58498 -0.79194 0.27675 0.54428 -0.79194 0.27675 0.54428 -0.81934 0.27675 0.50209 -0.81934 0.27675 0.50209 -0.84449 0.27675 0.45852 -0.84449 0.27675 0.45852 -0.86733 0.27675 0.4137 -0.86733 0.27675 0.4137 -0.8878 0.27675 0.36774 -0.88779 0.27675 0.36774 -0.90582 0.27675 0.32077 -0.90582 0.27675 0.32077 -0.92137 0.27675 0.27292 -0.92137 0.27675 0.27292 -0.93439 0.27675 0.22433 -0.93439 0.27675 0.22433 -0.94485 0.27675 0.17512 -0.94485 0.27675 0.17512 -0.95272 0.27675 0.12543 -0.95272 0.27675 0.12543 -0.95798 0.27675 0.07539 -0.95798 0.27675 0.07539 -0.96061 0.27675 0.02515 -0.96061 0.27675 0.02515 -0.48275 0.38257 0.78778 -0.52332 0.38257 0.76143 -0.52332 0.38257 0.76143 -0.56245 0.38257 0.733 -0.56245 0.38257 0.733 -0.60004 0.38257 0.70256 -0.60004 0.38257 0.70256 -0.63599 0.38257 0.67019 -0.63599 0.38257 0.67019 -0.67019 0.38257 0.63599 -0.67019 0.38257 0.63599 -0.70256 0.38257 0.60004 -0.70256 0.38257 0.60004 -0.733 0.38257 0.56245 -0.733 0.38257 0.56245 -0.76143 0.38257 0.52332 -0.76143 0.38257 0.52332 -0.78778 0.38257 0.48275 -0.78778 0.38257 0.48275 -0.81196 0.38257 0.44086 -0.81196 0.38257 0.44086 -0.83392 0.38257 0.39776 -0.83392 0.38257 0.39776 -0.8536 0.38257 0.35357 -0.8536 0.38257 0.35357 -0.87093 0.38257 0.30841 -0.87093 0.38257 0.30841 -0.88588 0.38257 0.26241 -0.88588 0.38257 0.26241 -0.8984 0.38257 0.21569 -0.8984 0.38257 0.21569 -0.90846 0.38257 0.16837 -0.90845 0.38257 0.16837 -0.91602 0.38257 0.1206 -0.91602 0.38257 0.1206 -0.92108 0.38257 0.07249 -0.92108 0.38257 0.07249 -0.92361 0.38257 0.02419 -0.92361 0.38257 0.02418 -0.45734 0.48359 0.74631 -0.49577 0.48359 0.72135 -0.49577 0.48359 0.72135 -0.53284 0.48359 0.69442 -0.53284 0.48359 0.69442 -0.56846 0.48359 0.66558 -0.56846 0.48359 0.66558 -0.60251 0.48359 0.63491 -0.60251 0.48359 0.63491 -0.63491 0.48359 0.60251 -0.63492 0.48359 0.60251 -0.66558 0.48359 0.56846 -0.66558 0.48359 0.56846 -0.69442 0.48359 0.53284 -0.69442 0.48359 0.53284 -0.72135 0.48359 0.49577 -0.72135 0.48359 0.49577 -0.74631 0.48359 0.45734 -0.74631 0.48359 0.45734 -0.76922 0.48359 0.41765 -0.76922 0.48359 0.41765 -0.79003 0.48359 0.37682 -0.79003 0.48359 0.37682 -0.80867 0.48359 0.33496 -0.80867 0.48359 0.33496 -0.82509 0.48359 0.29218 -0.82509 0.48359 0.29218 -0.83925 0.48359 0.2486 -0.83925 0.48359 0.2486 -0.85111 0.48359 0.20433 -0.85111 0.48359 0.20433 -0.86064 0.48359 0.15951 -0.86064 0.48359 0.15951 -0.86781 0.48359 0.11425 -0.86781 0.48359 0.11425 -0.8726 0.48359 0.06867 -0.8726 0.48359 0.06868 -0.87499 0.48359 0.02291 -0.87499 0.48359 0.02291 -0.42618 0.57854 0.69546 -0.46199 0.57854 0.6722 -0.46199 0.57854 0.6722 -0.49654 0.57854 0.6471 -0.49654 0.57854 0.6471 -0.52973 0.57854 0.62023 -0.52972 0.57854 0.62023 -0.56146 0.57854 0.59165 -0.56146 0.57854 0.59166 -0.59166 0.57854 0.56146 -0.59165 0.57854 0.56146 -0.62023 0.57854 0.52972 -0.62023 0.57854 0.52972 -0.6471 0.57854 0.49654 -0.6471 0.57854 0.49654 -0.6722 0.57854 0.46199 -0.6722 0.57854 0.46199 -0.69546 0.57854 0.42618 -0.69546 0.57854 0.42618 -0.71681 0.57854 0.3892 -0.71681 0.57854 0.3892 -0.7362 0.57854 0.35115 -0.7362 0.57854 0.35115 -0.75357 0.57854 0.31214 -0.75357 0.57854 0.31214 -0.76887 0.57854 0.27227 -0.76887 0.57854 0.27227 -0.78207 0.57854 0.23166 -0.78207 0.57854 0.23166 -0.79312 0.57854 0.19041 -0.79312 0.57854 0.19041 -0.802 0.57854 0.14864 -0.802 0.57854 0.14864 -0.80868 0.57854 0.10646 -0.80868 0.57854 0.10646 -0.81314 0.57854 0.064 -0.81314 0.57854 0.064 -0.81537 0.57854 0.02135 -0.81537 0.57854 0.02135 -0.38966 0.66622 0.63586 -0.4224 0.66622 0.6146 -0.4224 0.66622 0.6146 -0.45399 0.66622 0.59165 -0.45399 0.66622 0.59165 -0.48433 0.66622 0.56708 -0.48433 0.66622 0.56708 -0.51334 0.66622 0.54095 -0.51334 0.66622 0.54095 -0.54095 0.66622 0.51334 -0.54095 0.66622 0.51334 -0.56708 0.66622 0.48433 -0.56708 0.66622 0.48433 -0.59165 0.66622 0.45399 -0.59165 0.66622 0.45399 -0.6146 0.66622 0.4224 -0.6146 0.66622 0.4224 -0.63586 0.66622 0.38966 -0.65538 0.66622 0.35584 -0.65538 0.66622 0.35584 -0.67311 0.66622 0.32106 -0.67311 0.66622 0.32106 -0.68899 0.66622 0.28539 -0.68899 0.66622 0.28539 -0.70298 0.66622 0.24894 -0.70298 0.66622 0.24894 -0.71505 0.66622 0.21181 -0.71505 0.66622 0.21181 -0.72515 0.66622 0.17409 -0.72515 0.66622 0.17409 -0.73327 0.66622 0.1359 -0.73327 0.66622 0.1359 -0.73938 0.66622 0.09734 -0.73938 0.66622 0.09734 -0.74346 0.66622 0.05851 -0.74346 0.66622 0.05851 -0.7455 0.66622 0.01952 -0.7455 0.66622 0.01952 -0.34823 0.74553 0.56826 -0.37749 0.74553 0.54926 -0.3775 0.74553 0.54926 -0.40572 0.74553 0.52875 -0.40572 0.74553 0.52875 -0.43284 0.74553 0.50679 -0.43284 0.74553 0.50679 -0.45877 0.74553 0.48344 -0.45877 0.74553 0.48344 -0.48344 0.74553 0.45877 -0.48344 0.74553 0.45877 -0.50679 0.74553 0.43284 -0.50679 0.74553 0.43284 -0.52875 0.74553 0.40572 -0.52875 0.74553 0.40572 -0.54926 0.74553 0.37749 -0.54926 0.74553 0.37749 -0.56826 0.74553 0.34823 -0.56826 0.74553 0.34823 -0.58571 0.74553 0.31801 -0.58571 0.74553 0.31801 -0.60155 0.74553 0.28692 -0.60155 0.74553 0.28692 -0.61574 0.74553 0.25505 -0.61574 0.74553 0.25505 -0.62825 0.74553 0.22247 -0.62825 0.74553 0.22247 -0.63903 0.74553 0.18929 -0.63903 0.74553 0.18929 -0.64806 0.74553 0.15559 -0.64806 0.74553 0.15559 -0.65531 0.74553 0.12145 -0.65531 0.74553 0.12146 -0.66077 0.74553 0.08699 -0.66077 0.74553 0.08699 -0.66442 0.74553 0.05229 -0.66442 0.74553 0.05229 -0.66624 0.74553 0.01745 -0.66625 0.74553 0.01745 -0.30242 0.81547 0.49351 -0.32784 0.81547 0.47701 -0.32784 0.81547 0.47701 -0.35235 0.81547 0.4592 -0.35235 0.81547 0.4592 -0.3759 0.81547 0.44013 -0.3759 0.81547 0.44013 -0.39842 0.81547 0.41985 -0.39842 0.81547 0.41985 -0.41985 0.81547 0.39842 -0.41985 0.81547 0.39842 -0.44013 0.81547 0.3759 -0.44013 0.81547 0.3759 -0.4592 0.81547 0.35235 -0.4592 0.81547 0.35235 -0.47701 0.81547 0.32784 -0.47701 0.81547 0.32784 -0.49351 0.81547 0.30242 -0.49351 0.81547 0.30242 -0.50866 0.81547 0.27618 -0.50866 0.81547 0.27618 -0.52242 0.81547 0.24918 -0.52242 0.81547 0.24918 -0.53475 0.81547 0.2215 -0.53474 0.81547 0.2215 -0.5456 0.81547 0.19321 -0.5456 0.81547 0.19321 -0.55497 0.81547 0.16439 -0.55497 0.81547 0.16439 -0.56281 0.81547 0.13512 -0.56281 0.81547 0.13512 -0.56911 0.81547 0.10548 -0.56911 0.81547 0.10548 -0.57385 0.81547 0.07555 -0.57385 0.81547 0.07555 -0.57702 0.81547 0.04541 -0.57702 0.81547 0.04541 -0.5786 0.81547 0.01515 -0.5786 0.81547 0.01515 -0.25281 0.87515 0.41255 -0.27405 0.87515 0.39875 -0.27405 0.87515 0.39875 -0.29455 0.87515 0.38386 -0.29455 0.87515 0.38386 -0.31423 0.87515 0.36792 -0.31423 0.87515 0.36792 -0.33306 0.87515 0.35097 -0.33306 0.87515 0.35097 -0.35097 0.87515 0.33306 -0.35097 0.87515 0.33306 -0.36792 0.87515 0.31423 -0.36792 0.87515 0.31423 -0.38386 0.87515 0.29455 -0.38386 0.87515 0.29455 -0.39875 0.87515 0.27405 -0.39875 0.87515 0.27405 -0.41255 0.87515 0.25281 -0.41255 0.87515 0.25281 -0.42521 0.87515 0.23087 -0.42521 0.87515 0.23087 -0.43671 0.87515 0.2083 -0.43671 0.87515 0.2083 -0.44702 0.87515 0.18516 -0.44702 0.87515 0.18516 -0.45609 0.87515 0.16151 -0.45609 0.87515 0.16151 -0.46392 0.87515 0.13742 -0.46392 0.87515 0.13742 -0.47048 0.87515 0.11295 -0.47048 0.87515 0.11295 -0.47574 0.87515 0.08817 -0.47574 0.87515 0.08817 -0.47971 0.87515 0.06315 -0.47971 0.87515 0.06315 -0.48235 0.87515 0.03796 -0.48235 0.87515 0.03796 -0.48368 0.87515 0.01267 -0.48368 0.87515 0.01267 -0.20001 0.92383 0.32639 -0.21682 0.92383 0.31547 -0.21682 0.92383 0.31547 -0.23303 0.92383 0.30369 -0.23303 0.92383 0.30369 -0.24861 0.92383 0.29108 -0.24861 0.92383 0.29108 -0.2635 0.92383 0.27767 -0.2635 0.92383 0.27767 -0.27767 0.92383 0.2635 -0.27767 0.92383 0.2635 -0.29108 0.92383 0.24861 -0.29108 0.92383 0.24861 -0.30369 0.92383 0.23303 -0.30369 0.92383 0.23303 -0.31547 0.92383 0.21682 -0.31547 0.92383 0.21682 -0.32639 0.92383 0.20001 -0.32639 0.92383 0.20001 -0.33641 0.92383 0.18265 -0.33641 0.92383 0.18265 -0.34551 0.92383 0.1648 -0.34551 0.92383 0.1648 -0.35366 0.92383 0.14649 -0.35366 0.92383 0.14649 -0.36084 0.92383 0.12778 -0.36084 0.92383 0.12778 -0.36703 0.92383 0.10872 -0.36703 0.92383 0.10872 -0.37222 0.92383 0.08936 -0.37222 0.92383 0.08936 -0.37639 0.92383 0.06976 -0.37639 0.92383 0.06976 -0.37952 0.92383 0.04996 -0.37952 0.92383 0.04996 -0.38162 0.92383 0.03003 -0.38162 0.92383 0.03003 -0.38266 0.92383 0.01002 -0.38266 0.92383 0.01002 -0.14469 0.96089 0.23612 -0.15685 0.96089 0.22822 -0.15685 0.96089 0.22822 -0.16858 0.96089 0.2197 -0.16858 0.96089 0.2197 -0.17985 0.96089 0.21057 -0.17985 0.96089 0.21057 -0.19062 0.96089 0.20087 -0.19062 0.96089 0.20087 -0.20087 0.96089 0.19062 -0.20087 0.96089 0.19062 -0.21057 0.96089 0.17985 -0.21057 0.96089 0.17985 -0.2197 0.96089 0.16858 -0.2197 0.96089 0.16858 -0.22822 0.96089 0.15685 -0.22822 0.96089 0.15685 -0.23612 0.96089 0.14469 -0.23612 0.96089 0.14469 -0.24337 0.96089 0.13214 -0.24336 0.96089 0.13214 -0.24995 0.96089 0.11922 -0.24995 0.96089 0.11922 -0.25584 0.96089 0.10597 -0.25584 0.96089 0.10597 -0.26104 0.96089 0.09244 -0.26104 0.96089 0.09244 -0.26552 0.96089 0.07865 -0.26552 0.96089 0.07865 -0.26927 0.96089 0.06465 -0.26927 0.96089 0.06465 -0.27229 0.96089 0.05047 -0.27229 0.96089 0.05047 -0.27455 0.96089 0.03615 -0.27455 0.96089 0.03615 -0.27607 0.96089 0.02173 -0.27607 0.96089 0.02173 -0.27683 0.96089 0.00725 -0.27683 0.96089 0.00725 -0.08755 0.98586 0.14287 -0.09491 0.98586 0.13809 -0.09491 0.98586 0.13809 -0.10201 0.98586 0.13294 -0.102 0.98586 0.13294 -0.10882 0.98586 0.12741 -0.10882 0.98586 0.12741 -0.11534 0.98586 0.12155 -0.11534 0.98586 0.12154 -0.12154 0.98586 0.11534 -0.12155 0.98586 0.11534 -0.12742 0.98586 0.10882 -0.12741 0.98586 0.10882 -0.13294 0.98586 0.10201 -0.13294 0.98586 0.10201 -0.13809 0.98586 0.09491 -0.13809 0.98586 0.09491 -0.14287 0.98586 0.08755 -0.14287 0.98586 0.08755 -0.14726 0.98586 0.07995 -0.14726 0.98586 0.07995 -0.15124 0.98586 0.07214 -0.15124 0.98586 0.07214 -0.15481 0.98586 0.06412 -0.15481 0.98586 0.06412 -0.15795 0.98586 0.05593 -0.15795 0.98586 0.05593 -0.16066 0.98586 0.04759 -0.16066 0.98586 0.04759 -0.16293 0.98586 0.03912 -0.16293 0.98586 0.03912 -0.16476 0.98586 0.03054 -0.16476 0.98586 0.03054 -0.16613 0.98586 0.02187 -0.16613 0.98586 0.02187 -0.16705 0.98586 0.01315 -0.16704 0.98586 0.01315 -0.1675 0.98586 0.00439 -0.1675 0.98586 0.00439 -0.02931 0.99843 0.04782 -0.03177 0.99843 0.04623 -0.03177 0.99843 0.04623 -0.03415 0.99843 0.0445 -0.03415 0.99843 0.0445 -0.03643 0.99843 0.04265 -0.03643 0.99843 0.04265 -0.03861 0.99843 0.04069 -0.03861 0.99843 0.04069 -0.04069 0.99843 0.03861 -0.04069 0.99843 0.03861 -0.04265 0.99843 0.03643 -0.04265 0.99843 0.03643 -0.0445 0.99843 0.03415 -0.0445 0.99843 0.03415 -0.04623 0.99843 0.03177 -0.04623 0.99843 0.03177 -0.04782 0.99843 0.02931 -0.04782 0.99843 0.02931 -0.04929 0.99843 0.02676 -0.04929 0.99843 0.02676 -0.05063 0.99843 0.02415 -0.05063 0.99843 0.02415 -0.05182 0.99843 0.02146 -0.05182 0.99843 0.02146 -0.05287 0.99843 0.01872 -0.05287 0.99843 0.01872 -0.05378 0.99843 0.01593 -0.05378 0.99843 0.01593 -0.05454 0.99843 0.01309 -0.05454 0.99843 0.01309 -0.05515 0.99843 0.01022 -0.05515 0.99843 0.01022 -0.05561 0.99843 0.00732 -0.05561 0.99843 0.00732 -0.05592 0.99843 0.0044 -0.05592 0.99843 0.0044 -0.05607 0.99843 0.00147 -0.05607 0.99843 0.00147</float_array>
          <technique_common>
            <accessor source="#norm_0-array" count="7881" stride="3">
              <param name="X" type="float"/>
              <param name="Y" type="float"/>
              <param name="Z" type="float"/>
            </accessor>
          </technique_common>
        </source>
        <source id="uvs_0">
          <float_array id="uvs_0-array" count="0"></float_array>
          <technique_common>
            <accessor source="#uvs_0-array" count="0" stride="2">
              <param name="S" type="float"/>
              <param name="T" type="float"/>
            </accessor>
          </technique_common>
        </source>
        <vertices id="vert_0">
          <input semantic="POSITION" source="#pos_0"/>
        </vertices>
        <triangles count="2838" material="mat_0">
          <input semantic="VERTEX" source="#vert_0" offset="0"/>
          <input semantic="NORMAL" source="#norm_0" offset="1"/>
          <p>0 0 1 0 2 0 2 0 1 0 3 0 2 0 3 0 4 0 4 0 3 0 5 0 4 0 5 0 6 0 7 0 8 0 9 0 9 0 8 0 10 0 9 0 10 0 11 0 11 0 10 0 12 0 11 0 12 0 13 0 13 0 12 0 14 0 13 0 14 0 15 0 15 0 14 0 16 0 17 0 18 0 19 0 19 0 18 0 20 0 19 0 20 0 21 0 21 0 20 0 22 0 21 0 22 0 23 0 23 0 22 0 24 0 23 0 24 0 25 0 25 0 24 0 26 0 25 0 26 0 27 0 27 0 26 0 28 0 27 0 28 0 16 0 16 0 28 0 29 0 16 0 29 0 15 0 5 0 30 0 6 0 6 0 30 0 31 0 6 0 31 0 32 0 32 0 31 0 33 0 32 0 33 0 34 0 34 0 33 0 35 0 34 0 35 0 36 0 36 0 35 0 37 0 36 0 37 0 38 0 38 0 37 0 39 0 38 0 39 0 40 0 40 0 39 0 41 0 40 0 41 0 42 0 42 0 41 0 43 0 42 0 43 0 17 0 17 0 43 0 44 0 17 0 44 0 18 0 45 1 46 1 47 1 48 2 49 2 50 2 50 3 49 3 51 3 50 4 51 4 52 4 53 5 54 5 55 5 55 6 54 6 56 6 55 7 56 7 57 7 57 8 56 8 58 8 57 9 58 9 51 9 51 10 58 10 59 10 51 11 59 11 52 11 60 12 61 12 62 12 62 13 61 13 63 13 62 14 63 14 64 14 64 15 63 15 65 15 64 16 65 16 55 16 55 17 65 17 66 17 55 18 66 18 53 18 60 19 62 19 67 19 67 20 62 20 68 20 67 21 68 21 69 21 69 22 68 22 70 22 70 23 68 23 71 23 70 24 71 24 72 24 73 25 74 25 71 25 71 26 74 26 75 26 71 27 75 27 72 27 76 28 77 28 73 28 73 29 77 29 78 29 73 30 78 30 74 30 46 31 79 31 47 31 47 32 79 32 80 32 47 33 80 33 76 33 76 34 80 34 81 34 76 35 81 35 77 35 45 36 47 36 82 36 82 37 47 37 83 37 82 38 83 38 84 38 84 39 83 39 85 39 84 40 85 40 86 40 87 41 88 41 85 41 85 42 88 42 89 42 85 43 89 43 86 43 90 44 91 44 92 44 92 45 91 45 93 45 92 46 93 46 87 46 87 47 93 47 94 47 87 48 94 48 88 48 90 49 92 49 95 49 95 50 92 50 96 50 95 51 96 51 97 51 97 52 96 52 98 52 98 53 96 53 99 53 98 54 99 54 100 54 101 55 102 55 103 55 104 55 105 55 106 55 103 55 107 55 101 55 101 55 107 55 108 55 101 55 108 55 109 55 109 55 108 55 110 55 104 55 106 55 111 55 111 55 106 55 112 55 111 55 112 55 113 55 113 55 112 55 114 55 113 55 114 55 115 55 115 55 114 55 116 55 115 55 116 55 117 55 117 55 116 55 118 55 117 55 118 55 110 55 110 55 118 55 119 55 110 55 119 55 109 55 99 55 120 55 100 55 100 55 120 55 121 55 100 55 121 55 122 55 122 55 121 55 123 55 122 55 123 55 124 55 124 55 123 55 125 55 124 55 125 55 126 55 126 55 125 55 127 55 126 55 127 55 128 55 128 55 127 55 129 55 128 55 129 55 130 55 130 55 129 55 131 55 130 55 131 55 132 55 133 55 134 55 135 55 135 55 134 55 136 55 131 55 137 55 132 55 132 55 137 55 138 55 132 55 138 55 139 55 139 55 138 55 140 55 139 55 140 55 141 55 141 55 140 55 142 55 141 55 142 55 143 55 143 55 142 55 144 55 143 55 144 55 145 55 145 55 144 55 146 55 145 55 146 55 136 55 136 55 146 55 147 55 136 55 147 55 135 55 105 55 104 55 148 55 148 55 104 55 149 55 148 55 149 55 150 55 150 55 149 55 151 55 150 55 151 55 152 55 152 55 151 55 153 55 152 55 153 55 154 55 154 55 153 55 155 55 154 55 155 55 156 55 156 55 155 55 157 55 156 55 157 55 158 55 158 55 157 55 8 55 158 55 8 55 133 55 133 55 8 55 7 55 133 55 7 55 134 55 121 56 120 56 159 56 159 57 120 57 160 57 161 58 162 58 160 58 160 59 162 59 163 59 160 60 163 60 159 60 164 61 165 61 166 61 166 62 165 62 167 62 166 63 167 63 161 63 161 64 167 64 168 64 161 65 168 65 162 65 169 66 170 66 171 66 171 67 170 67 172 67 171 68 172 68 173 68 173 69 172 69 174 69 173 70 174 70 166 70 166 71 174 71 175 71 166 72 175 72 164 72 169 73 171 73 176 73 176 74 171 74 177 74 176 75 177 75 178 75 178 76 177 76 179 76 179 77 177 77 180 77 179 78 180 78 181 78 182 79 183 79 180 79 180 80 183 80 184 80 180 81 184 81 181 81 185 82 186 82 182 82 182 83 186 83 187 83 182 84 187 84 183 84 188 85 189 85 190 85 190 86 189 86 191 86 190 87 191 87 185 87 185 88 191 88 192 88 185 89 192 89 186 89 188 90 190 90 193 90 193 91 190 91 194 91 193 92 194 92 195 92 195 93 194 93 196 93 196 94 194 94 197 94 196 95 197 95 198 95 199 96 200 96 197 96 197 97 200 97 201 97 197 98 201 98 198 98 202 99 203 99 204 99 204 100 203 100 205 100 204 101 205 101 199 101 199 102 205 102 206 102 199 103 206 103 200 103 202 104 204 104 207 104 207 105 204 105 208 105 207 106 208 106 209 106 209 107 208 107 210 107 210 108 208 108 211 108 210 109 211 109 212 109 212 110 213 110 214 110 214 110 48 110 212 110 212 111 48 111 215 111 212 112 215 112 216 112 216 113 215 113 217 113 216 114 217 114 218 114 218 115 217 115 219 115 219 116 217 116 220 116 219 117 220 117 221 117 221 118 220 118 222 118 221 119 222 119 223 119 223 120 222 120 224 120 223 121 224 121 225 121 225 122 224 122 226 122 225 123 226 123 227 123 227 124 226 124 228 124 227 125 228 125 229 125 230 126 231 126 232 126 232 127 231 127 233 127 232 128 233 128 234 128 234 129 233 129 235 129 234 130 235 130 236 130 236 131 235 131 237 131 236 132 237 132 238 132 238 133 237 133 239 133 238 134 239 134 240 134 241 135 242 135 243 135 243 135 242 135 244 135 243 136 244 136 245 136 245 137 244 137 246 137 245 138 246 138 247 138 247 139 246 139 248 139 247 140 248 140 249 140 249 141 248 141 250 141 249 142 250 142 251 142 251 143 250 143 252 143 251 144 252 144 253 144 253 145 252 145 254 145 253 146 254 146 230 146 230 147 254 147 255 147 230 148 255 148 231 148 256 149 257 149 258 149 258 150 257 150 240 150 258 151 240 151 259 151 259 152 240 152 239 152 229 153 228 153 260 153 260 154 228 154 261 154 260 155 261 155 262 155 262 156 261 156 263 156 262 157 263 157 264 157 264 158 263 158 265 158 264 159 265 159 266 159 266 160 265 160 267 160 266 161 267 161 268 161 268 162 267 162 269 162 268 163 269 163 270 163 270 164 269 164 1 164 270 165 1 165 256 165 256 166 1 166 0 166 256 167 0 167 257 167 49 0 211 0 51 0 51 0 211 0 208 0 51 0 208 0 57 0 57 0 208 0 204 0 57 0 204 0 55 0 55 0 204 0 199 0 55 0 199 0 64 0 64 0 199 0 197 0 64 0 197 0 62 0 62 0 197 0 194 0 62 0 194 0 68 0 68 0 194 0 190 0 68 0 190 0 71 0 71 0 190 0 185 0 71 0 185 0 73 0 73 0 185 0 182 0 73 0 182 0 76 0 76 0 182 0 180 0 76 0 180 0 47 0 47 0 180 0 177 0 47 0 177 0 83 0 83 0 177 0 171 0 83 0 171 0 85 0 85 0 171 0 173 0 85 0 173 0 87 0 87 0 173 0 166 0 87 0 166 0 92 0 92 0 166 0 161 0 92 0 161 0 96 0 96 0 161 0 160 0 96 0 160 0 99 0 99 0 160 0 120 0 244 168 271 168 272 168 272 169 271 169 273 169 272 170 273 170 274 170 274 171 273 171 275 171 275 172 273 172 276 172 275 173 276 173 277 173 278 174 279 174 276 174 276 175 279 175 280 175 276 176 280 176 277 176 281 177 282 177 283 177 283 178 282 178 284 178 283 179 284 179 278 179 278 180 284 180 285 180 278 181 285 181 279 181 281 182 283 182 286 182 286 183 283 183 287 183 286 184 287 184 288 184 288 185 287 185 289 185 289 186 287 186 290 186 289 187 290 187 291 187 292 188 293 188 294 188 294 189 293 189 295 189 294 190 295 190 290 190 290 191 295 191 296 191 290 192 296 192 291 192 292 193 294 193 297 193 297 194 294 194 298 194 297 195 298 195 299 195 299 196 298 196 300 196 300 197 298 197 301 197 300 198 301 198 302 198 303 199 304 199 301 199 301 200 304 200 305 200 301 201 305 201 302 201 306 202 307 202 308 202 308 203 307 203 309 203 308 204 309 204 303 204 303 205 309 205 310 205 303 206 310 206 304 206 306 207 308 207 311 207 311 208 308 208 312 208 311 209 312 209 313 209 313 210 312 210 314 210 314 211 312 211 102 211 314 212 102 212 101 212 158 213 133 213 315 213 315 213 133 213 316 213 315 213 316 213 317 213 317 213 316 213 318 213 317 213 318 213 319 213 270 213 256 213 320 213 320 213 256 213 321 213 320 213 321 213 322 213 322 213 321 213 323 213 322 213 323 213 324 213 324 213 323 213 325 213 324 213 325 213 326 213 326 213 325 213 327 213 318 213 328 213 319 213 319 213 328 213 329 213 319 213 329 213 330 213 330 213 329 213 331 213 330 213 331 213 332 213 332 213 331 213 333 213 332 213 333 213 334 213 334 213 333 213 335 213 334 213 335 213 336 213 336 213 335 213 337 213 336 213 337 213 338 213 338 213 337 213 339 213 338 213 339 213 340 213 339 213 341 213 340 213 340 213 341 213 342 213 340 213 342 213 343 213 343 213 342 213 344 213 343 213 344 213 345 213 345 213 344 213 346 213 345 213 346 213 347 213 347 213 346 213 348 213 347 213 348 213 349 213 349 213 348 213 350 213 349 213 350 213 351 213 351 213 350 213 352 213 351 213 352 213 353 213 353 213 352 213 354 213 353 213 354 213 327 213 327 213 354 213 355 213 327 213 355 213 326 213 107 214 103 214 356 214 356 215 103 215 357 215 356 216 357 216 358 216 358 217 357 217 359 217 359 218 357 218 360 218 359 219 360 219 361 219 362 220 363 220 360 220 360 221 363 221 364 221 360 222 364 222 361 222 365 223 366 223 367 223 367 224 366 224 368 224 367 225 368 225 362 225 362 226 368 226 369 226 362 227 369 227 363 227 365 228 367 228 370 228 370 229 367 229 371 229 370 230 371 230 372 230 372 231 371 231 373 231 373 232 371 232 374 232 373 233 374 233 375 233 376 234 377 234 378 234 378 235 377 235 379 235 378 236 379 236 374 236 374 237 379 237 380 237 374 238 380 238 375 238 376 239 378 239 381 239 381 240 378 240 382 240 381 241 382 241 383 241 383 242 382 242 384 242 384 243 382 243 385 243 384 244 385 244 386 244 387 245 388 245 385 245 385 246 388 246 389 246 385 247 389 247 386 247 390 248 391 248 392 248 392 249 391 249 393 249 392 250 393 250 387 250 387 251 393 251 394 251 387 252 394 252 388 252 390 253 392 253 395 253 395 254 392 254 396 254 395 255 396 255 397 255 397 256 396 256 398 256 398 257 396 257 399 257 398 258 399 258 243 258 271 0 399 0 273 0 273 0 399 0 396 0 273 0 396 0 276 0 276 0 396 0 392 0 276 0 392 0 278 0 278 0 392 0 387 0 278 0 387 0 283 0 283 0 387 0 385 0 283 0 385 0 287 0 287 0 385 0 382 0 287 0 382 0 290 0 290 0 382 0 378 0 290 0 378 0 294 0 294 0 378 0 374 0 294 0 374 0 298 0 298 0 374 0 371 0 298 0 371 0 301 0 301 0 371 0 367 0 301 0 367 0 303 0 303 0 367 0 362 0 303 0 362 0 308 0 308 0 362 0 360 0 308 0 360 0 312 0 312 0 360 0 357 0 312 0 357 0 102 0 102 0 357 0 103 0 358 259 359 259 400 259 369 260 368 260 401 260 372 261 373 261 402 261 377 262 376 262 403 262 386 263 389 263 404 263 391 264 390 264 405 264 10 265 8 265 157 265 12 266 10 266 406 266 14 267 12 267 407 267 16 268 14 268 408 268 27 269 16 269 409 269 25 270 27 270 410 270 23 271 25 271 411 271 21 272 23 272 412 272 19 273 21 273 413 273 17 274 19 274 414 274 42 275 17 275 415 275 40 276 42 276 416 276 38 277 40 277 417 277 36 278 38 278 418 278 34 279 36 279 419 279 32 280 34 280 420 280 6 281 32 281 421 281 4 282 6 282 422 282 2 283 4 283 423 283 0 284 2 284 424 284 0 285 424 285 257 285 257 286 424 286 425 286 257 287 425 287 240 287 240 288 425 288 426 288 240 289 426 289 238 289 238 290 426 290 427 290 238 291 427 291 236 291 236 292 427 292 428 292 236 293 428 293 234 293 234 294 428 294 429 294 234 295 429 295 232 295 232 296 429 296 430 296 232 297 430 297 230 297 230 298 430 298 431 298 230 299 431 299 253 299 253 300 431 300 432 300 253 301 432 301 251 301 251 302 432 302 433 302 251 303 433 303 249 303 249 304 433 304 434 304 249 305 434 305 247 305 247 306 434 306 435 306 247 307 435 307 245 307 245 308 435 308 398 308 245 309 398 309 243 309 436 310 395 310 397 310 2 311 423 311 424 311 424 312 423 312 437 312 424 313 437 313 425 313 425 314 437 314 438 314 425 315 438 315 426 315 426 316 438 316 439 316 426 317 439 317 427 317 427 318 439 318 440 318 427 319 440 319 428 319 428 320 440 320 441 320 428 321 441 321 429 321 429 322 441 322 442 322 429 323 442 323 430 323 430 324 442 324 443 324 430 325 443 325 431 325 431 326 443 326 444 326 431 327 444 327 432 327 432 328 444 328 445 328 432 329 445 329 433 329 433 330 445 330 446 330 433 331 446 331 434 331 434 332 446 332 436 332 434 333 436 333 435 333 435 334 436 334 397 334 435 335 397 335 398 335 4 336 422 336 423 336 423 337 422 337 447 337 423 338 447 338 437 338 437 339 447 339 448 339 437 340 448 340 438 340 438 341 448 341 449 341 438 342 449 342 439 342 439 343 449 343 450 343 439 344 450 344 440 344 440 345 450 345 451 345 440 346 451 346 441 346 441 347 451 347 452 347 441 348 452 348 442 348 442 349 452 349 453 349 442 350 453 350 443 350 443 351 453 351 454 351 443 352 454 352 444 352 444 353 454 353 455 353 444 354 455 354 445 354 445 355 455 355 456 355 445 356 456 356 446 356 446 357 456 357 405 357 446 358 405 358 436 358 436 359 405 359 390 359 436 360 390 360 395 360 6 361 421 361 422 361 422 362 421 362 457 362 422 363 457 363 447 363 447 364 457 364 458 364 447 365 458 365 448 365 448 366 458 366 459 366 448 367 459 367 449 367 449 368 459 368 460 368 449 369 460 369 450 369 450 370 460 370 461 370 450 371 461 371 451 371 451 372 461 372 462 372 451 373 462 373 452 373 452 374 462 374 463 374 452 375 463 375 453 375 453 376 463 376 464 376 453 377 464 377 454 377 454 378 464 378 465 378 454 379 465 379 455 379 455 380 465 380 466 380 455 381 466 381 456 381 456 382 466 382 467 382 456 383 467 383 405 383 405 384 467 384 393 384 405 385 393 385 391 385 468 386 388 386 394 386 32 387 420 387 421 387 421 388 420 388 469 388 421 389 469 389 457 389 457 390 469 390 470 390 457 390 470 390 458 390 458 391 470 391 471 391 458 392 471 392 459 392 459 393 471 393 472 393 459 394 472 394 460 394 460 395 472 395 473 395 460 396 473 396 461 396 461 397 473 397 474 397 461 398 474 398 462 398 462 399 474 399 475 399 462 400 475 400 463 400 463 401 475 401 476 401 463 402 476 402 464 402 464 403 476 403 477 403 464 404 477 404 465 404 465 405 477 405 478 405 465 406 478 406 466 406 466 407 478 407 468 407 466 408 468 408 467 408 467 409 468 409 394 409 467 410 394 410 393 410 34 411 419 411 420 411 420 412 419 412 479 412 420 413 479 413 469 413 469 414 479 414 480 414 469 415 480 415 470 415 470 416 480 416 481 416 470 417 481 417 471 417 471 418 481 418 482 418 471 419 482 419 472 419 472 420 482 420 483 420 472 421 483 421 473 421 473 422 483 422 484 422 473 423 484 423 474 423 474 424 484 424 485 424 474 425 485 425 475 425 475 426 485 426 486 426 475 427 486 427 476 427 476 428 486 428 487 428 476 429 487 429 477 429 477 430 487 430 488 430 477 431 488 431 478 431 478 432 488 432 404 432 478 433 404 433 468 433 468 434 404 434 389 434 468 435 389 435 388 435 36 436 418 436 419 436 419 437 418 437 489 437 419 438 489 438 479 438 479 439 489 439 490 439 479 440 490 440 480 440 480 441 490 441 491 441 480 442 491 442 481 442 481 443 491 443 492 443 481 444 492 444 482 444 482 445 492 445 493 445 482 446 493 446 483 446 483 447 493 447 494 447 483 448 494 448 484 448 484 449 494 449 495 449 484 450 495 450 485 450 485 451 495 451 496 451 485 452 496 452 486 452 486 453 496 453 497 453 486 454 497 454 487 454 487 455 497 455 498 455 487 456 498 456 488 456 488 457 498 457 499 457 488 458 499 458 404 458 404 459 499 459 384 459 404 460 384 460 386 460 500 461 381 461 383 461 38 462 417 462 418 462 418 463 417 463 501 463 418 464 501 464 489 464 489 465 501 465 502 465 489 466 502 466 490 466 490 467 502 467 503 467 490 468 503 468 491 468 491 469 503 469 504 469 491 470 504 470 492 470 492 471 504 471 505 471 492 472 505 472 493 472 493 473 505 473 506 473 493 474 506 474 494 474 494 475 506 475 507 475 494 476 507 476 495 476 495 477 507 477 508 477 495 478 508 478 496 478 496 479 508 479 509 479 496 480 509 480 497 480 497 481 509 481 510 481 497 482 510 482 498 482 498 483 510 483 500 483 498 484 500 484 499 484 499 485 500 485 383 485 499 486 383 486 384 486 40 487 416 487 417 487 417 488 416 488 511 488 417 489 511 489 501 489 501 490 511 490 512 490 501 491 512 491 502 491 502 492 512 492 513 492 502 493 513 493 503 493 503 494 513 494 514 494 503 495 514 495 504 495 504 496 514 496 515 496 504 497 515 497 505 497 505 498 515 498 516 498 505 499 516 499 506 499 506 500 516 500 517 500 506 501 517 501 507 501 507 502 517 502 518 502 507 503 518 503 508 503 508 504 518 504 519 504 508 505 519 505 509 505 509 506 519 506 520 506 509 507 520 507 510 507 510 508 520 508 403 508 510 509 403 509 500 509 500 510 403 510 376 510 500 511 376 511 381 511 42 512 415 512 416 512 416 513 415 513 521 513 416 514 521 514 511 514 511 515 521 515 522 515 511 516 522 516 512 516 512 517 522 517 523 517 512 518 523 518 513 518 513 519 523 519 524 519 513 520 524 520 514 520 514 521 524 521 525 521 514 522 525 522 515 522 515 523 525 523 526 523 515 524 526 524 516 524 516 525 526 525 527 525 516 526 527 526 517 526 517 527 527 527 528 527 517 528 528 528 518 528 518 529 528 529 529 529 518 530 529 530 519 530 519 531 529 531 530 531 519 532 530 532 520 532 520 533 530 533 531 533 520 534 531 534 403 534 403 535 531 535 379 535 403 536 379 536 377 536 532 537 375 537 380 537 17 538 414 538 415 538 415 539 414 539 533 539 415 539 533 539 521 539 521 540 533 540 534 540 521 541 534 541 522 541 522 542 534 542 535 542 522 543 535 543 523 543 523 544 535 544 536 544 523 545 536 545 524 545 524 546 536 546 537 546 524 547 537 547 525 547 525 548 537 548 538 548 525 549 538 549 526 549 526 550 538 550 539 550 526 551 539 551 527 551 527 552 539 552 540 552 527 553 540 553 528 553 528 554 540 554 541 554 528 555 541 555 529 555 529 556 541 556 542 556 529 557 542 557 530 557 530 558 542 558 532 558 530 559 532 559 531 559 531 560 532 560 380 560 531 561 380 561 379 561 19 562 413 562 414 562 414 563 413 563 543 563 414 564 543 564 533 564 533 565 543 565 544 565 533 566 544 566 534 566 534 567 544 567 545 567 534 567 545 567 535 567 535 568 545 568 546 568 535 569 546 569 536 569 536 570 546 570 547 570 536 571 547 571 537 571 537 572 547 572 548 572 537 573 548 573 538 573 538 574 548 574 549 574 538 575 549 575 539 575 539 576 549 576 550 576 539 577 550 577 540 577 540 578 550 578 551 578 540 579 551 579 541 579 541 580 551 580 552 580 541 581 552 581 542 581 542 582 552 582 402 582 542 583 402 583 532 583 532 584 402 584 373 584 532 585 373 585 375 585 21 586 412 586 413 586 413 587 412 587 553 587 413 588 553 588 543 588 543 589 553 589 554 589 543 590 554 590 544 590 544 591 554 591 555 591 544 592 555 592 545 592 545 593 555 593 556 593 545 594 556 594 546 594 546 595 556 595 557 595 546 596 557 596 547 596 547 597 557 597 558 597 547 598 558 598 548 598 548 599 558 599 559 599 548 600 559 600 549 600 549 601 559 601 560 601 549 602 560 602 550 602 550 603 560 603 561 603 550 604 561 604 551 604 551 605 561 605 562 605 551 606 562 606 552 606 552 607 562 607 563 607 552 608 563 608 402 608 402 609 563 609 370 609 402 610 370 610 372 610 564 611 366 611 365 611 23 612 411 612 412 612 412 613 411 613 565 613 412 614 565 614 553 614 553 615 565 615 566 615 553 616 566 616 554 616 554 617 566 617 567 617 554 618 567 618 555 618 555 619 567 619 568 619 555 620 568 620 556 620 556 621 568 621 569 621 556 622 569 622 557 622 557 623 569 623 570 623 557 624 570 624 558 624 558 625 570 625 571 625 558 626 571 626 559 626 559 627 571 627 572 627 559 628 572 628 560 628 560 629 572 629 573 629 560 630 573 630 561 630 561 631 573 631 574 631 561 632 574 632 562 632 562 633 574 633 564 633 562 634 564 634 563 634 563 635 564 635 365 635 563 636 365 636 370 636 25 637 410 637 411 637 411 638 410 638 575 638 411 639 575 639 565 639 565 640 575 640 576 640 565 641 576 641 566 641 566 642 576 642 577 642 566 643 577 643 567 643 567 644 577 644 578 644 567 645 578 645 568 645 568 646 578 646 579 646 568 647 579 647 569 647 569 648 579 648 580 648 569 649 580 649 570 649 570 650 580 650 581 650 570 651 581 651 571 651 571 652 581 652 582 652 571 653 582 653 572 653 572 654 582 654 583 654 572 655 583 655 573 655 573 656 583 656 584 656 573 657 584 657 574 657 574 658 584 658 401 658 574 659 401 659 564 659 564 660 401 660 368 660 564 661 368 661 366 661 27 662 409 662 410 662 410 663 409 663 585 663 410 664 585 664 575 664 575 665 585 665 586 665 575 665 586 665 576 665 576 666 586 666 587 666 576 667 587 667 577 667 577 668 587 668 588 668 577 669 588 669 578 669 578 670 588 670 589 670 578 671 589 671 579 671 579 672 589 672 590 672 579 672 590 672 580 672 580 673 590 673 591 673 580 674 591 674 581 674 581 675 591 675 592 675 581 676 592 676 582 676 582 677 592 677 593 677 582 678 593 678 583 678 583 679 593 679 594 679 583 680 594 680 584 680 584 681 594 681 595 681 584 682 595 682 401 682 401 683 595 683 363 683 401 684 363 684 369 684 596 685 361 685 364 685 16 686 408 686 409 686 409 687 408 687 597 687 409 688 597 688 585 688 585 689 597 689 598 689 585 690 598 690 586 690 586 691 598 691 599 691 586 692 599 692 587 692 587 693 599 693 600 693 587 694 600 694 588 694 588 695 600 695 601 695 588 696 601 696 589 696 589 697 601 697 602 697 589 698 602 698 590 698 590 699 602 699 603 699 590 700 603 700 591 700 591 701 603 701 604 701 591 702 604 702 592 702 592 703 604 703 605 703 592 704 605 704 593 704 593 705 605 705 606 705 593 706 606 706 594 706 594 707 606 707 596 707 594 708 596 708 595 708 595 709 596 709 364 709 595 710 364 710 363 710 14 711 407 711 408 711 408 712 407 712 607 712 408 713 607 713 597 713 597 714 607 714 608 714 597 715 608 715 598 715 598 716 608 716 609 716 598 717 609 717 599 717 599 718 609 718 610 718 599 719 610 719 600 719 600 720 610 720 611 720 600 721 611 721 601 721 601 722 611 722 612 722 601 723 612 723 602 723 602 724 612 724 613 724 602 725 613 725 603 725 603 726 613 726 614 726 603 727 614 727 604 727 604 728 614 728 615 728 604 729 615 729 605 729 605 730 615 730 616 730 605 731 616 731 606 731 606 732 616 732 400 732 606 733 400 733 596 733 596 734 400 734 359 734 596 735 359 735 361 735 12 736 406 736 407 736 407 737 406 737 617 737 407 738 617 738 607 738 607 739 617 739 618 739 607 740 618 740 608 740 608 741 618 741 619 741 608 742 619 742 609 742 609 743 619 743 620 743 609 744 620 744 610 744 610 745 620 745 621 745 610 746 621 746 611 746 611 747 621 747 622 747 611 748 622 748 612 748 612 749 622 749 623 749 612 750 623 750 613 750 613 751 623 751 624 751 613 752 624 752 614 752 614 753 624 753 625 753 614 754 625 754 615 754 615 755 625 755 626 755 615 756 626 756 616 756 616 757 626 757 627 757 616 758 627 758 400 758 400 759 627 759 356 759 400 760 356 760 358 760 10 761 157 761 406 761 406 762 157 762 155 762 406 763 155 763 617 763 617 764 155 764 153 764 617 765 153 765 618 765 618 766 153 766 151 766 618 767 151 767 619 767 619 768 151 768 149 768 619 769 149 769 620 769 620 770 149 770 104 770 620 771 104 771 621 771 621 772 104 772 111 772 621 773 111 773 622 773 622 774 111 774 113 774 622 775 113 775 623 775 623 776 113 776 115 776 623 777 115 777 624 777 624 778 115 778 117 778 624 779 117 779 625 779 625 780 117 780 110 780 625 781 110 781 626 781 626 782 110 782 108 782 626 783 108 783 627 783 627 784 108 784 107 784 627 785 107 785 356 785 628 786 215 786 48 786 48 787 50 787 628 787 628 788 50 788 52 788 628 789 52 789 629 789 52 790 59 790 629 790 629 791 59 791 58 791 629 792 58 792 630 792 630 793 58 793 56 793 630 794 56 794 631 794 56 795 54 795 631 795 631 796 54 796 53 796 631 797 53 797 632 797 632 798 53 798 66 798 632 799 66 799 633 799 66 800 65 800 633 800 633 801 65 801 63 801 633 802 63 802 634 802 63 803 61 803 634 803 634 804 61 804 60 804 634 805 60 805 635 805 635 806 60 806 67 806 635 807 67 807 636 807 67 808 69 808 636 808 636 809 69 809 70 809 636 810 70 810 637 810 70 811 72 811 637 811 637 812 72 812 75 812 637 813 75 813 638 813 638 814 75 814 74 814 638 815 74 815 639 815 639 816 74 816 78 816 78 817 77 817 639 817 639 818 77 818 81 818 639 819 81 819 640 819 640 820 81 820 80 820 640 821 80 821 641 821 80 822 79 822 641 822 641 823 79 823 46 823 641 824 46 824 642 824 46 825 45 825 642 825 642 826 45 826 82 826 642 827 82 827 643 827 643 828 82 828 84 828 643 829 84 829 644 829 84 830 86 830 644 830 644 831 86 831 89 831 644 832 89 832 645 832 645 833 89 833 88 833 645 834 88 834 646 834 88 835 94 835 646 835 646 836 94 836 93 836 646 837 93 837 647 837 93 838 91 838 647 838 647 839 91 839 90 839 647 840 90 840 648 840 648 841 90 841 95 841 648 842 95 842 649 842 100 843 122 843 98 843 98 844 122 844 649 844 98 845 649 845 97 845 97 846 649 846 95 846 122 847 124 847 649 847 649 848 124 848 650 848 649 849 650 849 648 849 648 850 650 850 651 850 648 851 651 851 647 851 647 852 651 852 652 852 647 853 652 853 646 853 646 854 652 854 653 854 646 855 653 855 645 855 645 856 653 856 654 856 645 857 654 857 644 857 644 858 654 858 655 858 644 859 655 859 643 859 643 860 655 860 656 860 643 861 656 861 642 861 642 862 656 862 657 862 642 863 657 863 641 863 641 864 657 864 658 864 641 865 658 865 640 865 640 866 658 866 659 866 640 867 659 867 639 867 639 868 659 868 660 868 639 869 660 869 638 869 638 870 660 870 661 870 638 871 661 871 637 871 637 872 661 872 662 872 637 873 662 873 636 873 636 874 662 874 663 874 636 875 663 875 635 875 635 876 663 876 664 876 635 877 664 877 634 877 634 878 664 878 665 878 634 879 665 879 633 879 633 880 665 880 666 880 633 881 666 881 632 881 632 882 666 882 667 882 632 883 667 883 631 883 631 884 667 884 668 884 631 885 668 885 630 885 630 886 668 886 669 886 630 887 669 887 629 887 629 888 669 888 670 888 629 889 670 889 628 889 628 890 670 890 671 890 628 891 671 891 215 891 215 892 671 892 217 892 124 893 126 893 650 893 650 894 126 894 672 894 650 895 672 895 651 895 651 896 672 896 673 896 651 897 673 897 652 897 652 898 673 898 674 898 652 899 674 899 653 899 653 900 674 900 675 900 653 901 675 901 654 901 654 902 675 902 676 902 654 903 676 903 655 903 655 904 676 904 677 904 655 905 677 905 656 905 656 906 677 906 678 906 656 907 678 907 657 907 657 908 678 908 679 908 657 909 679 909 658 909 658 910 679 910 680 910 658 911 680 911 659 911 659 912 680 912 681 912 659 913 681 913 660 913 660 914 681 914 682 914 660 915 682 915 661 915 661 916 682 916 683 916 661 917 683 917 662 917 662 918 683 918 684 918 662 919 684 919 663 919 663 920 684 920 685 920 663 921 685 921 664 921 664 922 685 922 686 922 664 923 686 923 665 923 665 924 686 924 687 924 665 925 687 925 666 925 666 926 687 926 688 926 666 927 688 927 667 927 667 928 688 928 689 928 667 929 689 929 668 929 668 930 689 930 690 930 668 931 690 931 669 931 669 932 690 932 691 932 669 933 691 933 670 933 670 934 691 934 692 934 670 935 692 935 671 935 671 936 692 936 693 936 671 937 693 937 217 937 217 938 693 938 220 938 126 939 128 939 672 939 672 940 128 940 694 940 672 941 694 941 673 941 673 942 694 942 695 942 673 943 695 943 674 943 674 944 695 944 696 944 674 945 696 945 675 945 675 946 696 946 697 946 675 947 697 947 676 947 676 948 697 948 698 948 676 949 698 949 677 949 677 950 698 950 699 950 677 951 699 951 678 951 678 952 699 952 700 952 678 953 700 953 679 953 679 954 700 954 701 954 679 955 701 955 680 955 680 956 701 956 702 956 680 957 702 957 681 957 681 958 702 958 703 958 681 959 703 959 682 959 682 960 703 960 704 960 682 961 704 961 683 961 683 962 704 962 705 962 683 963 705 963 684 963 684 964 705 964 706 964 684 965 706 965 685 965 685 966 706 966 707 966 685 967 707 967 686 967 686 968 707 968 708 968 686 969 708 969 687 969 687 970 708 970 709 970 687 971 709 971 688 971 688 972 709 972 710 972 688 973 710 973 689 973 689 974 710 974 711 974 689 975 711 975 690 975 690 976 711 976 712 976 690 977 712 977 691 977 691 978 712 978 713 978 691 979 713 979 692 979 692 980 713 980 714 980 692 981 714 981 693 981 693 982 714 982 715 982 693 983 715 983 220 983 220 984 715 984 222 984 128 985 130 985 694 985 694 986 130 986 716 986 694 987 716 987 695 987 695 988 716 988 717 988 695 989 717 989 696 989 696 990 717 990 718 990 696 991 718 991 697 991 697 992 718 992 719 992 697 993 719 993 698 993 698 994 719 994 720 994 698 995 720 995 699 995 699 996 720 996 721 996 699 997 721 997 700 997 700 998 721 998 722 998 700 999 722 999 701 999 701 1000 722 1000 723 1000 701 1001 723 1001 702 1001 702 1002 723 1002 724 1002 702 1003 724 1003 703 1003 703 1004 724 1004 725 1004 703 1005 725 1005 704 1005 704 1006 725 1006 726 1006 704 1007 726 1007 705 1007 705 1008 726 1008 727 1008 705 1009 727 1009 706 1009 706 1010 727 1010 728 1010 706 1011 728 1011 707 1011 707 1012 728 1012 729 1012 707 1013 729 1013 708 1013 708 1014 729 1014 730 1014 708 1015 730 1015 709 1015 709 1016 730 1016 731 1016 709 1017 731 1017 710 1017 710 1018 731 1018 732 1018 710 1019 732 1019 711 1019 711 1020 732 1020 733 1020 711 1021 733 1021 712 1021 712 1022 733 1022 734 1022 712 1023 734 1023 713 1023 713 1024 734 1024 735 1024 713 1025 735 1025 714 1025 714 1026 735 1026 736 1026 714 1027 736 1027 715 1027 715 1028 736 1028 737 1028 715 1029 737 1029 222 1029 222 1030 737 1030 224 1030 130 1031 132 1031 716 1031 716 1032 132 1032 738 1032 716 1033 738 1033 717 1033 717 1034 738 1034 739 1034 717 1035 739 1035 718 1035 718 1036 739 1036 740 1036 718 1037 740 1037 719 1037 719 1038 740 1038 741 1038 719 1039 741 1039 720 1039 720 1040 741 1040 742 1040 720 1041 742 1041 721 1041 721 1042 742 1042 743 1042 721 1043 743 1043 722 1043 722 1044 743 1044 744 1044 722 1045 744 1045 723 1045 723 1046 744 1046 745 1046 723 1047 745 1047 724 1047 724 1048 745 1048 746 1048 724 1049 746 1049 725 1049 725 1050 746 1050 747 1050 725 1051 747 1051 726 1051 726 1052 747 1052 748 1052 726 1053 748 1053 727 1053 727 1054 748 1054 749 1054 727 1055 749 1055 728 1055 728 1056 749 1056 750 1056 728 1057 750 1057 729 1057 729 1058 750 1058 751 1058 729 1059 751 1059 730 1059 730 1060 751 1060 752 1060 730 1061 752 1061 731 1061 731 1062 752 1062 753 1062 731 1063 753 1063 732 1063 732 1064 753 1064 754 1064 732 1065 754 1065 733 1065 733 1066 754 1066 755 1066 733 1067 755 1067 734 1067 734 1068 755 1068 756 1068 734 1069 756 1069 735 1069 735 1070 756 1070 757 1070 735 1071 757 1071 736 1071 736 1072 757 1072 758 1072 736 1073 758 1073 737 1073 737 1074 758 1074 759 1074 737 1075 759 1075 224 1075 224 1075 759 1075 226 1075 132 1076 139 1076 738 1076 738 1077 139 1077 760 1077 738 1078 760 1078 739 1078 739 1079 760 1079 761 1079 739 1080 761 1080 740 1080 740 1081 761 1081 762 1081 740 1082 762 1082 741 1082 741 1083 762 1083 763 1083 741 1084 763 1084 742 1084 742 1085 763 1085 764 1085 742 1086 764 1086 743 1086 743 1087 764 1087 765 1087 743 1088 765 1088 744 1088 744 1089 765 1089 766 1089 744 1090 766 1090 745 1090 745 1091 766 1091 767 1091 745 1092 767 1092 746 1092 746 1093 767 1093 768 1093 746 1094 768 1094 747 1094 747 1095 768 1095 769 1095 747 1096 769 1096 748 1096 748 1097 769 1097 770 1097 748 1098 770 1098 749 1098 749 1099 770 1099 771 1099 749 1100 771 1100 750 1100 750 1101 771 1101 772 1101 750 1102 772 1102 751 1102 751 1103 772 1103 773 1103 751 1104 773 1104 752 1104 752 1105 773 1105 774 1105 752 1106 774 1106 753 1106 753 1107 774 1107 775 1107 753 1108 775 1108 754 1108 754 1109 775 1109 776 1109 754 1110 776 1110 755 1110 755 1111 776 1111 777 1111 755 1112 777 1112 756 1112 756 1113 777 1113 778 1113 756 1114 778 1114 757 1114 757 1115 778 1115 779 1115 757 1116 779 1116 758 1116 758 1117 779 1117 780 1117 758 1118 780 1118 759 1118 759 1119 780 1119 781 1119 759 1120 781 1120 226 1120 226 1121 781 1121 228 1121 139 1122 141 1122 760 1122 760 1123 141 1123 782 1123 760 1124 782 1124 761 1124 761 1125 782 1125 783 1125 761 1126 783 1126 762 1126 762 1127 783 1127 784 1127 762 1128 784 1128 763 1128 763 1129 784 1129 785 1129 763 1130 785 1130 764 1130 764 1131 785 1131 786 1131 764 1132 786 1132 765 1132 765 1133 786 1133 787 1133 765 1134 787 1134 766 1134 766 1135 787 1135 788 1135 766 1136 788 1136 767 1136 767 1137 788 1137 789 1137 767 1138 789 1138 768 1138 768 1139 789 1139 790 1139 768 1140 790 1140 769 1140 769 1141 790 1141 791 1141 769 1142 791 1142 770 1142 770 1143 791 1143 792 1143 770 1144 792 1144 771 1144 771 1145 792 1145 793 1145 771 1146 793 1146 772 1146 772 1147 793 1147 794 1147 772 1148 794 1148 773 1148 773 1149 794 1149 795 1149 773 1150 795 1150 774 1150 774 1151 795 1151 796 1151 774 1152 796 1152 775 1152 775 1153 796 1153 797 1153 775 1154 797 1154 776 1154 776 1155 797 1155 798 1155 776 1156 798 1156 777 1156 777 1157 798 1157 799 1157 777 1158 799 1158 778 1158 778 1159 799 1159 800 1159 778 1160 800 1160 779 1160 779 1161 800 1161 801 1161 779 1162 801 1162 780 1162 780 1163 801 1163 802 1163 780 1164 802 1164 781 1164 781 1165 802 1165 803 1165 781 1166 803 1166 228 1166 228 1167 803 1167 261 1167 141 1168 143 1168 782 1168 782 1169 143 1169 804 1169 782 1170 804 1170 783 1170 783 1171 804 1171 805 1171 783 1172 805 1172 784 1172 784 1173 805 1173 806 1173 784 1174 806 1174 785 1174 785 1175 806 1175 807 1175 785 1176 807 1176 786 1176 786 1177 807 1177 808 1177 786 1178 808 1178 787 1178 787 1179 808 1179 809 1179 787 1180 809 1180 788 1180 788 1181 809 1181 810 1181 788 1182 810 1182 789 1182 789 1183 810 1183 811 1183 789 1184 811 1184 790 1184 790 1185 811 1185 812 1185 790 1186 812 1186 791 1186 791 1187 812 1187 813 1187 791 1188 813 1188 792 1188 792 1189 813 1189 814 1189 792 1190 814 1190 793 1190 793 1191 814 1191 815 1191 793 1192 815 1192 794 1192 794 1193 815 1193 816 1193 794 1194 816 1194 795 1194 795 1195 816 1195 817 1195 795 1196 817 1196 796 1196 796 1197 817 1197 818 1197 796 1198 818 1198 797 1198 797 1199 818 1199 819 1199 797 1200 819 1200 798 1200 798 1201 819 1201 820 1201 798 1202 820 1202 799 1202 799 1203 820 1203 821 1203 799 1204 821 1204 800 1204 800 1205 821 1205 822 1205 800 1206 822 1206 801 1206 801 1207 822 1207 823 1207 801 1208 823 1208 802 1208 802 1209 823 1209 824 1209 802 1210 824 1210 803 1210 803 1211 824 1211 825 1211 803 1212 825 1212 261 1212 261 1213 825 1213 263 1213 143 1214 145 1214 804 1214 804 1215 145 1215 826 1215 804 1216 826 1216 805 1216 805 1217 826 1217 827 1217 805 1218 827 1218 806 1218 806 1219 827 1219 828 1219 806 1220 828 1220 807 1220 807 1221 828 1221 829 1221 807 1222 829 1222 808 1222 808 1223 829 1223 830 1223 808 1224 830 1224 809 1224 809 1225 830 1225 831 1225 809 1226 831 1226 810 1226 810 1227 831 1227 832 1227 810 1228 832 1228 811 1228 811 1229 832 1229 833 1229 811 1230 833 1230 812 1230 812 1231 833 1231 834 1231 812 1232 834 1232 813 1232 813 1233 834 1233 835 1233 813 1234 835 1234 814 1234 814 1235 835 1235 836 1235 814 1236 836 1236 815 1236 815 1237 836 1237 837 1237 815 1238 837 1238 816 1238 816 1239 837 1239 838 1239 816 1240 838 1240 817 1240 817 1241 838 1241 839 1241 817 1242 839 1242 818 1242 818 1243 839 1243 840 1243 818 1244 840 1244 819 1244 819 1245 840 1245 841 1245 819 1246 841 1246 820 1246 820 1247 841 1247 842 1247 820 1248 842 1248 821 1248 821 1249 842 1249 843 1249 821 1250 843 1250 822 1250 822 1251 843 1251 844 1251 822 1252 844 1252 823 1252 823 1253 844 1253 845 1253 823 1254 845 1254 824 1254 824 1255 845 1255 846 1255 824 1256 846 1256 825 1256 825 1257 846 1257 847 1257 825 1258 847 1258 263 1258 263 1259 847 1259 265 1259 145 1260 136 1260 826 1260 826 1261 136 1261 848 1261 826 1262 848 1262 827 1262 827 1263 848 1263 849 1263 827 1264 849 1264 828 1264 828 1265 849 1265 850 1265 828 1266 850 1266 829 1266 829 1267 850 1267 851 1267 829 1268 851 1268 830 1268 830 1269 851 1269 852 1269 830 1270 852 1270 831 1270 831 1271 852 1271 853 1271 831 1272 853 1272 832 1272 832 1273 853 1273 854 1273 832 1274 854 1274 833 1274 833 1275 854 1275 855 1275 833 1276 855 1276 834 1276 834 1277 855 1277 856 1277 834 1278 856 1278 835 1278 835 1279 856 1279 857 1279 835 1280 857 1280 836 1280 836 1281 857 1281 858 1281 836 1282 858 1282 837 1282 837 1283 858 1283 859 1283 837 1284 859 1284 838 1284 838 1285 859 1285 860 1285 838 1286 860 1286 839 1286 839 1287 860 1287 861 1287 839 1288 861 1288 840 1288 840 1289 861 1289 862 1289 840 1290 862 1290 841 1290 841 1291 862 1291 863 1291 841 1292 863 1292 842 1292 842 1293 863 1293 864 1293 842 1294 864 1294 843 1294 843 1295 864 1295 865 1295 843 1296 865 1296 844 1296 844 1297 865 1297 866 1297 844 1298 866 1298 845 1298 845 1299 866 1299 867 1299 845 1300 867 1300 846 1300 846 1301 867 1301 868 1301 846 1302 868 1302 847 1302 847 1303 868 1303 869 1303 847 1304 869 1304 265 1304 265 1305 869 1305 267 1305 136 1306 134 1306 848 1306 848 1307 134 1307 870 1307 848 1308 870 1308 849 1308 849 1309 870 1309 871 1309 849 1310 871 1310 850 1310 850 1311 871 1311 872 1311 850 1312 872 1312 851 1312 851 1313 872 1313 873 1313 851 1314 873 1314 852 1314 852 1315 873 1315 874 1315 852 1316 874 1316 853 1316 853 1317 874 1317 875 1317 853 1318 875 1318 854 1318 854 1319 875 1319 876 1319 854 1320 876 1320 855 1320 855 1321 876 1321 877 1321 855 1322 877 1322 856 1322 856 1323 877 1323 878 1323 856 1324 878 1324 857 1324 857 1325 878 1325 879 1325 857 1326 879 1326 858 1326 858 1327 879 1327 880 1327 858 1328 880 1328 859 1328 859 1329 880 1329 881 1329 859 1330 881 1330 860 1330 860 1331 881 1331 882 1331 860 1332 882 1332 861 1332 861 1333 882 1333 883 1333 861 1334 883 1334 862 1334 862 1335 883 1335 884 1335 862 1336 884 1336 863 1336 863 1337 884 1337 885 1337 863 1338 885 1338 864 1338 864 1339 885 1339 886 1339 864 1340 886 1340 865 1340 865 1341 886 1341 887 1341 865 1342 887 1342 866 1342 866 1343 887 1343 888 1343 866 1344 888 1344 867 1344 867 1345 888 1345 889 1345 867 1346 889 1346 868 1346 868 1347 889 1347 890 1347 868 1348 890 1348 869 1348 869 1349 890 1349 891 1349 869 1350 891 1350 267 1350 267 1351 891 1351 269 1351 134 1352 7 1352 870 1352 870 1353 7 1353 9 1353 870 1354 9 1354 871 1354 871 1355 9 1355 11 1355 871 1356 11 1356 872 1356 872 1357 11 1357 13 1357 872 1358 13 1358 873 1358 873 1359 13 1359 15 1359 873 1360 15 1360 874 1360 874 1361 15 1361 29 1361 874 1362 29 1362 875 1362 875 1363 29 1363 28 1363 875 1364 28 1364 876 1364 876 1365 28 1365 26 1365 876 1366 26 1366 877 1366 877 1367 26 1367 24 1367 877 1368 24 1368 878 1368 878 1369 24 1369 22 1369 878 1370 22 1370 879 1370 879 1371 22 1371 20 1371 879 1372 20 1372 880 1372 880 1373 20 1373 18 1373 880 1374 18 1374 881 1374 881 1375 18 1375 44 1375 881 1376 44 1376 882 1376 882 1377 44 1377 43 1377 882 1378 43 1378 883 1378 883 1379 43 1379 41 1379 883 1380 41 1380 884 1380 884 1381 41 1381 39 1381 884 1382 39 1382 885 1382 885 1383 39 1383 37 1383 885 1384 37 1384 886 1384 886 1385 37 1385 35 1385 886 1386 35 1386 887 1386 887 1387 35 1387 33 1387 887 1388 33 1388 888 1388 888 1389 33 1389 31 1389 888 1390 31 1390 889 1390 889 1391 31 1391 30 1391 889 1392 30 1392 890 1392 890 1393 30 1393 5 1393 890 1394 5 1394 891 1394 891 1395 5 1395 3 1395 891 1396 3 1396 269 1396 269 1397 3 1397 1 1397 163 1398 162 1398 892 1398 168 1399 167 1399 893 1399 164 1400 175 1400 894 1400 169 1401 176 1401 895 1401 184 1402 183 1402 896 1402 187 1403 186 1403 897 1403 192 1404 191 1404 898 1404 188 1405 193 1405 899 1405 195 1406 196 1406 900 1406 201 1407 200 1407 901 1407 202 1408 207 1408 902 1408 320 1409 322 1409 903 1409 903 1410 322 1410 904 1410 903 1411 904 1411 905 1411 905 1412 904 1412 906 1412 905 1413 906 1413 907 1413 907 1414 906 1414 908 1414 907 1415 908 1415 909 1415 909 1416 908 1416 910 1416 909 1417 910 1417 911 1417 911 1418 910 1418 912 1418 911 1419 912 1419 913 1419 913 1420 912 1420 914 1420 913 1421 914 1421 915 1421 915 1422 914 1422 916 1422 915 1423 916 1423 917 1423 917 1424 916 1424 918 1424 917 1425 918 1425 919 1425 919 1426 918 1426 920 1426 919 1427 920 1427 921 1427 921 1428 920 1428 922 1428 921 1429 922 1429 923 1429 923 1430 922 1430 924 1430 923 1431 924 1431 925 1431 925 1432 924 1432 926 1432 925 1433 926 1433 927 1433 927 1434 926 1434 902 1434 326 1435 355 1435 928 1435 928 1436 355 1436 929 1436 928 1437 929 1437 930 1437 930 1438 929 1438 931 1438 930 1439 931 1439 932 1439 932 1440 931 1440 933 1440 932 1441 933 1441 934 1441 934 1442 933 1442 935 1442 934 1443 935 1443 936 1443 936 1444 935 1444 937 1444 936 1445 937 1445 938 1445 938 1446 937 1446 939 1446 938 1447 939 1447 940 1447 940 1448 939 1448 941 1448 940 1449 941 1449 942 1449 942 1450 941 1450 943 1450 942 1451 943 1451 944 1451 944 1452 943 1452 945 1452 944 1453 945 1453 946 1453 946 1454 945 1454 947 1454 946 1455 947 1455 948 1455 948 1456 947 1456 949 1456 948 1457 949 1457 950 1457 950 1458 949 1458 951 1458 950 1459 951 1459 952 1459 952 1460 951 1460 901 1460 339 1461 337 1461 953 1461 953 1462 337 1462 954 1462 953 1463 954 1463 955 1463 955 1464 954 1464 956 1464 955 1465 956 1465 957 1465 957 1466 956 1466 958 1466 957 1467 958 1467 959 1467 959 1468 958 1468 960 1468 959 1469 960 1469 961 1469 961 1470 960 1470 962 1470 961 1471 962 1471 963 1471 963 1472 962 1472 964 1472 963 1473 964 1473 965 1473 965 1474 964 1474 966 1474 965 1475 966 1475 967 1475 967 1476 966 1476 968 1476 967 1477 968 1477 969 1477 969 1478 968 1478 970 1478 969 1479 970 1479 971 1479 971 1480 970 1480 972 1480 971 1481 972 1481 973 1481 973 1482 972 1482 974 1482 973 1483 974 1483 975 1483 975 1484 974 1484 976 1484 975 1485 976 1485 977 1485 977 1486 976 1486 895 1486 333 1487 331 1487 978 1487 978 1488 331 1488 979 1488 978 1489 979 1489 980 1489 980 1490 979 1490 981 1490 980 1491 981 1491 982 1491 982 1492 981 1492 983 1492 982 1493 983 1493 984 1493 984 1494 983 1494 985 1494 984 1495 985 1495 986 1495 986 1496 985 1496 987 1496 986 1497 987 1497 988 1497 988 1498 987 1498 989 1498 988 1499 989 1499 990 1499 990 1500 989 1500 991 1500 990 1501 991 1501 992 1501 992 1502 991 1502 993 1502 992 1503 993 1503 994 1503 994 1504 993 1504 995 1504 994 1505 995 1505 996 1505 996 1506 995 1506 997 1506 996 1507 997 1507 998 1507 998 1508 997 1508 999 1508 998 1509 999 1509 1000 1509 1000 1510 999 1510 1001 1510 1000 1511 1001 1511 1002 1511 1002 1512 1001 1512 894 1512 270 1513 320 1513 268 1513 268 1514 320 1514 903 1514 268 1515 903 1515 266 1515 266 1516 903 1516 905 1516 266 1517 905 1517 264 1517 264 1518 905 1518 907 1518 264 1519 907 1519 262 1519 262 1520 907 1520 909 1520 262 1521 909 1521 260 1521 260 1522 909 1522 911 1522 260 1523 911 1523 229 1523 229 1524 911 1524 913 1524 229 1525 913 1525 227 1525 227 1526 913 1526 915 1526 227 1527 915 1527 225 1527 225 1528 915 1528 917 1528 225 1529 917 1529 223 1529 223 1530 917 1530 919 1530 223 1531 919 1531 221 1531 221 1532 919 1532 921 1532 221 1533 921 1533 219 1533 219 1534 921 1534 923 1534 219 1535 923 1535 218 1535 218 1536 923 1536 925 1536 218 1537 925 1537 216 1537 216 1538 925 1538 927 1538 216 1539 927 1539 212 1539 212 1540 927 1540 210 1540 902 1541 207 1541 927 1541 927 1542 207 1542 209 1542 927 1543 209 1543 210 1543 203 1544 202 1544 1003 1544 1003 1545 202 1545 902 1545 1003 1546 902 1546 1004 1546 1004 1547 902 1547 926 1547 1004 1548 926 1548 1005 1548 1005 1549 926 1549 924 1549 1005 1550 924 1550 1006 1550 1006 1551 924 1551 922 1551 1006 1552 922 1552 1007 1552 1007 1553 922 1553 920 1553 1007 1554 920 1554 1008 1554 1008 1555 920 1555 918 1555 1008 1556 918 1556 1009 1556 1009 1557 918 1557 916 1557 1009 1558 916 1558 1010 1558 1010 1559 916 1559 914 1559 1010 1560 914 1560 1011 1560 1011 1561 914 1561 912 1561 1011 1562 912 1562 1012 1562 1012 1563 912 1563 910 1563 1012 1564 910 1564 1013 1564 1013 1565 910 1565 908 1565 1013 1566 908 1566 1014 1566 1014 1567 908 1567 906 1567 1014 1568 906 1568 1015 1568 1015 1569 906 1569 904 1569 1015 1570 904 1570 324 1570 324 1571 904 1571 322 1571 324 1572 326 1572 1015 1572 1015 1573 326 1573 928 1573 1015 1574 928 1574 1014 1574 1014 1575 928 1575 930 1575 1014 1576 930 1576 1013 1576 1013 1577 930 1577 932 1577 1013 1578 932 1578 1012 1578 1012 1579 932 1579 934 1579 1012 1580 934 1580 1011 1580 1011 1581 934 1581 936 1581 1011 1582 936 1582 1010 1582 1010 1583 936 1583 938 1583 1010 1584 938 1584 1009 1584 1009 1585 938 1585 940 1585 1009 1586 940 1586 1008 1586 1008 1587 940 1587 942 1587 1008 1588 942 1588 1007 1588 1007 1589 942 1589 944 1589 1007 1590 944 1590 1006 1590 1006 1591 944 1591 946 1591 1006 1592 946 1592 1005 1592 1005 1593 946 1593 948 1593 1005 1594 948 1594 1004 1594 1004 1595 948 1595 950 1595 1004 1596 950 1596 1003 1596 1003 1597 950 1597 952 1597 1003 1598 952 1598 203 1598 203 1599 952 1599 205 1599 901 1600 200 1600 952 1600 952 1601 200 1601 206 1601 952 1602 206 1602 205 1602 198 1603 201 1603 1016 1603 1016 1604 201 1604 901 1604 1016 1605 901 1605 1017 1605 1017 1606 901 1606 951 1606 1017 1607 951 1607 1018 1607 1018 1608 951 1608 949 1608 1018 1609 949 1609 1019 1609 1019 1610 949 1610 947 1610 1019 1611 947 1611 1020 1611 1020 1612 947 1612 945 1612 1020 1613 945 1613 1021 1613 1021 1614 945 1614 943 1614 1021 1615 943 1615 1022 1615 1022 1616 943 1616 941 1616 1022 1617 941 1617 1023 1617 1023 1618 941 1618 939 1618 1023 1619 939 1619 1024 1619 1024 1620 939 1620 937 1620 1024 1621 937 1621 1025 1621 1025 1622 937 1622 935 1622 1025 1623 935 1623 1026 1623 1026 1624 935 1624 933 1624 1026 1625 933 1625 1027 1625 1027 1626 933 1626 931 1626 1027 1627 931 1627 1028 1627 1028 1628 931 1628 929 1628 1028 1629 929 1629 354 1629 354 1630 929 1630 355 1630 354 1631 352 1631 1028 1631 1028 1632 352 1632 1029 1632 1028 1633 1029 1633 1027 1633 1027 1634 1029 1634 1030 1634 1027 1635 1030 1635 1026 1635 1026 1636 1030 1636 1031 1636 1026 1637 1031 1637 1025 1637 1025 1638 1031 1638 1032 1638 1025 1639 1032 1639 1024 1639 1024 1640 1032 1640 1033 1640 1024 1641 1033 1641 1023 1641 1023 1642 1033 1642 1034 1642 1023 1643 1034 1643 1022 1643 1022 1644 1034 1644 1035 1644 1022 1645 1035 1645 1021 1645 1021 1646 1035 1646 1036 1646 1021 1647 1036 1647 1020 1647 1020 1648 1036 1648 1037 1648 1020 1649 1037 1649 1019 1649 1019 1650 1037 1650 1038 1650 1019 1651 1038 1651 1018 1651 1018 1652 1038 1652 1039 1652 1018 1653 1039 1653 1017 1653 1017 1654 1039 1654 1040 1654 1017 1655 1040 1655 1016 1655 1016 1656 1040 1656 900 1656 1016 1657 900 1657 198 1657 198 1658 900 1658 196 1658 193 1659 195 1659 899 1659 899 1660 195 1660 900 1660 899 1661 900 1661 1041 1661 1041 1662 900 1662 1040 1662 1041 1663 1040 1663 1042 1663 1042 1664 1040 1664 1039 1664 1042 1665 1039 1665 1043 1665 1043 1666 1039 1666 1038 1666 1043 1667 1038 1667 1044 1667 1044 1668 1038 1668 1037 1668 1044 1669 1037 1669 1045 1669 1045 1670 1037 1670 1036 1670 1045 1671 1036 1671 1046 1671 1046 1672 1036 1672 1035 1672 1046 1673 1035 1673 1047 1673 1047 1674 1035 1674 1034 1674 1047 1675 1034 1675 1048 1675 1048 1676 1034 1676 1033 1676 1048 1677 1033 1677 1049 1677 1049 1678 1033 1678 1032 1678 1049 1679 1032 1679 1050 1679 1050 1680 1032 1680 1031 1680 1050 1681 1031 1681 1051 1681 1051 1681 1031 1681 1030 1681 1051 1682 1030 1682 1052 1682 1052 1683 1030 1683 1029 1683 1052 1684 1029 1684 350 1684 350 1685 1029 1685 352 1685 189 1686 188 1686 1053 1686 1053 1687 188 1687 899 1687 1053 1688 899 1688 1054 1688 1054 1689 899 1689 1041 1689 1054 1690 1041 1690 1055 1690 1055 1691 1041 1691 1042 1691 1055 1692 1042 1692 1056 1692 1056 1693 1042 1693 1043 1693 1056 1694 1043 1694 1057 1694 1057 1695 1043 1695 1044 1695 1057 1696 1044 1696 1058 1696 1058 1697 1044 1697 1045 1697 1058 1698 1045 1698 1059 1698 1059 1699 1045 1699 1046 1699 1059 1700 1046 1700 1060 1700 1060 1701 1046 1701 1047 1701 1060 1702 1047 1702 1061 1702 1061 1703 1047 1703 1048 1703 1061 1704 1048 1704 1062 1704 1062 1705 1048 1705 1049 1705 1062 1706 1049 1706 1063 1706 1063 1707 1049 1707 1050 1707 1063 1708 1050 1708 1064 1708 1064 1709 1050 1709 1051 1709 1064 1710 1051 1710 1065 1710 1065 1711 1051 1711 1052 1711 1065 1712 1052 1712 348 1712 348 1713 1052 1713 350 1713 348 1714 346 1714 1065 1714 1065 1715 346 1715 1066 1715 1065 1716 1066 1716 1064 1716 1064 1717 1066 1717 1067 1717 1064 1718 1067 1718 1063 1718 1063 1719 1067 1719 1068 1719 1063 1720 1068 1720 1062 1720 1062 1721 1068 1721 1069 1721 1062 1722 1069 1722 1061 1722 1061 1723 1069 1723 1070 1723 1061 1724 1070 1724 1060 1724 1060 1725 1070 1725 1071 1725 1060 1726 1071 1726 1059 1726 1059 1727 1071 1727 1072 1727 1059 1728 1072 1728 1058 1728 1058 1729 1072 1729 1073 1729 1058 1730 1073 1730 1057 1730 1057 1731 1073 1731 1074 1731 1057 1732 1074 1732 1056 1732 1056 1733 1074 1733 1075 1733 1056 1734 1075 1734 1055 1734 1055 1735 1075 1735 1076 1735 1055 1736 1076 1736 1054 1736 1054 1737 1076 1737 1077 1737 1054 1738 1077 1738 1053 1738 1053 1739 1077 1739 898 1739 1053 1740 898 1740 189 1740 189 1741 898 1741 191 1741 186 1742 192 1742 897 1742 897 1743 192 1743 898 1743 897 1744 898 1744 1078 1744 1078 1745 898 1745 1077 1745 1078 1746 1077 1746 1079 1746 1079 1747 1077 1747 1076 1747 1079 1748 1076 1748 1080 1748 1080 1749 1076 1749 1075 1749 1080 1750 1075 1750 1081 1750 1081 1751 1075 1751 1074 1751 1081 1752 1074 1752 1082 1752 1082 1753 1074 1753 1073 1753 1082 1754 1073 1754 1083 1754 1083 1755 1073 1755 1072 1755 1083 1756 1072 1756 1084 1756 1084 1757 1072 1757 1071 1757 1084 1758 1071 1758 1085 1758 1085 1759 1071 1759 1070 1759 1085 1760 1070 1760 1086 1760 1086 1761 1070 1761 1069 1761 1086 1762 1069 1762 1087 1762 1087 1763 1069 1763 1068 1763 1087 1764 1068 1764 1088 1764 1088 1765 1068 1765 1067 1765 1088 1766 1067 1766 1089 1766 1089 1767 1067 1767 1066 1767 1089 1768 1066 1768 344 1768 344 1769 1066 1769 346 1769 183 1770 187 1770 896 1770 896 1771 187 1771 897 1771 896 1772 897 1772 1090 1772 1090 1773 897 1773 1078 1773 1090 1774 1078 1774 1091 1774 1091 1775 1078 1775 1079 1775 1091 1776 1079 1776 1092 1776 1092 1777 1079 1777 1080 1777 1092 1778 1080 1778 1093 1778 1093 1779 1080 1779 1081 1779 1093 1780 1081 1780 1094 1780 1094 1781 1081 1781 1082 1781 1094 1782 1082 1782 1095 1782 1095 1783 1082 1783 1083 1783 1095 1784 1083 1784 1096 1784 1096 1785 1083 1785 1084 1785 1096 1786 1084 1786 1097 1786 1097 1787 1084 1787 1085 1787 1097 1788 1085 1788 1098 1788 1098 1789 1085 1789 1086 1789 1098 1790 1086 1790 1099 1790 1099 1791 1086 1791 1087 1791 1099 1792 1087 1792 1100 1792 1100 1793 1087 1793 1088 1793 1100 1794 1088 1794 1101 1794 1101 1795 1088 1795 1089 1795 1101 1796 1089 1796 342 1796 342 1797 1089 1797 344 1797 181 1798 184 1798 1102 1798 1102 1799 184 1799 896 1799 1102 1800 896 1800 1103 1800 1103 1801 896 1801 1090 1801 1103 1802 1090 1802 1104 1802 1104 1803 1090 1803 1091 1803 1104 1804 1091 1804 1105 1804 1105 1805 1091 1805 1092 1805 1105 1806 1092 1806 1106 1806 1106 1807 1092 1807 1093 1807 1106 1808 1093 1808 1107 1808 1107 1809 1093 1809 1094 1809 1107 1810 1094 1810 1108 1810 1108 1811 1094 1811 1095 1811 1108 1812 1095 1812 1109 1812 1109 1813 1095 1813 1096 1813 1109 1814 1096 1814 1110 1814 1110 1815 1096 1815 1097 1815 1110 1816 1097 1816 1111 1816 1111 1817 1097 1817 1098 1817 1111 1818 1098 1818 1112 1818 1112 1819 1098 1819 1099 1819 1112 1820 1099 1820 1113 1820 1113 1821 1099 1821 1100 1821 1113 1822 1100 1822 1114 1822 1114 1823 1100 1823 1101 1823 1114 1824 1101 1824 341 1824 341 1825 1101 1825 342 1825 341 1826 339 1826 1114 1826 1114 1827 339 1827 953 1827 1114 1828 953 1828 1113 1828 1113 1829 953 1829 955 1829 1113 1830 955 1830 1112 1830 1112 1831 955 1831 957 1831 1112 1832 957 1832 1111 1832 1111 1833 957 1833 959 1833 1111 1834 959 1834 1110 1834 1110 1835 959 1835 961 1835 1110 1836 961 1836 1109 1836 1109 1837 961 1837 963 1837 1109 1838 963 1838 1108 1838 1108 1839 963 1839 965 1839 1108 1840 965 1840 1107 1840 1107 1841 965 1841 967 1841 1107 1842 967 1842 1106 1842 1106 1843 967 1843 969 1843 1106 1844 969 1844 1105 1844 1105 1845 969 1845 971 1845 1105 1846 971 1846 1104 1846 1104 1847 971 1847 973 1847 1104 1848 973 1848 1103 1848 1103 1849 973 1849 975 1849 1103 1850 975 1850 1102 1850 1102 1851 975 1851 977 1851 1102 1852 977 1852 181 1852 181 1853 977 1853 179 1853 895 1854 176 1854 977 1854 977 1855 176 1855 178 1855 977 1856 178 1856 179 1856 170 1857 169 1857 1115 1857 1115 1858 169 1858 895 1858 1115 1859 895 1859 1116 1859 1116 1860 895 1860 976 1860 1116 1861 976 1861 1117 1861 1117 1862 976 1862 974 1862 1117 1863 974 1863 1118 1863 1118 1864 974 1864 972 1864 1118 1865 972 1865 1119 1865 1119 1866 972 1866 970 1866 1119 1867 970 1867 1120 1867 1120 1868 970 1868 968 1868 1120 1869 968 1869 1121 1869 1121 1870 968 1870 966 1870 1121 1871 966 1871 1122 1871 1122 1872 966 1872 964 1872 1122 1873 964 1873 1123 1873 1123 1874 964 1874 962 1874 1123 1875 962 1875 1124 1875 1124 1876 962 1876 960 1876 1124 1877 960 1877 1125 1877 1125 1878 960 1878 958 1878 1125 1879 958 1879 1126 1879 1126 1880 958 1880 956 1880 1126 1881 956 1881 1127 1881 1127 1882 956 1882 954 1882 1127 1883 954 1883 335 1883 335 1884 954 1884 337 1884 335 1885 333 1885 1127 1885 1127 1886 333 1886 978 1886 1127 1887 978 1887 1126 1887 1126 1888 978 1888 980 1888 1126 1889 980 1889 1125 1889 1125 1890 980 1890 982 1890 1125 1891 982 1891 1124 1891 1124 1892 982 1892 984 1892 1124 1893 984 1893 1123 1893 1123 1894 984 1894 986 1894 1123 1895 986 1895 1122 1895 1122 1896 986 1896 988 1896 1122 1897 988 1897 1121 1897 1121 1898 988 1898 990 1898 1121 1899 990 1899 1120 1899 1120 1900 990 1900 992 1900 1120 1901 992 1901 1119 1901 1119 1902 992 1902 994 1902 1119 1903 994 1903 1118 1903 1118 1904 994 1904 996 1904 1118 1905 996 1905 1117 1905 1117 1906 996 1906 998 1906 1117 1907 998 1907 1116 1907 1116 1908 998 1908 1000 1908 1116 1909 1000 1909 1115 1909 1115 1910 1000 1910 1002 1910 1115 1911 1002 1911 170 1911 170 1912 1002 1912 172 1912 894 1913 175 1913 1002 1913 1002 1914 175 1914 174 1914 1002 1915 174 1915 172 1915 165 1916 164 1916 1128 1916 1128 1917 164 1917 894 1917 1128 1918 894 1918 1129 1918 1129 1919 894 1919 1001 1919 1129 1920 1001 1920 1130 1920 1130 1921 1001 1921 999 1921 1130 1922 999 1922 1131 1922 1131 1923 999 1923 997 1923 1131 1924 997 1924 1132 1924 1132 1925 997 1925 995 1925 1132 1926 995 1926 1133 1926 1133 1927 995 1927 993 1927 1133 1928 993 1928 1134 1928 1134 1929 993 1929 991 1929 1134 1930 991 1930 1135 1930 1135 1931 991 1931 989 1931 1135 1932 989 1932 1136 1932 1136 1933 989 1933 987 1933 1136 1934 987 1934 1137 1934 1137 1935 987 1935 985 1935 1137 1936 985 1936 1138 1936 1138 1937 985 1937 983 1937 1138 1938 983 1938 1139 1938 1139 1939 983 1939 981 1939 1139 1940 981 1940 1140 1940 1140 1941 981 1941 979 1941 1140 1942 979 1942 329 1942 329 1943 979 1943 331 1943 329 1944 328 1944 1140 1944 1140 1945 328 1945 1141 1945 1140 1946 1141 1946 1139 1946 1139 1947 1141 1947 1142 1947 1139 1948 1142 1948 1138 1948 1138 1949 1142 1949 1143 1949 1138 1950 1143 1950 1137 1950 1137 1951 1143 1951 1144 1951 1137 1952 1144 1952 1136 1952 1136 1953 1144 1953 1145 1953 1136 1954 1145 1954 1135 1954 1135 1955 1145 1955 1146 1955 1135 1956 1146 1956 1134 1956 1134 1957 1146 1957 1147 1957 1134 1958 1147 1958 1133 1958 1133 1959 1147 1959 1148 1959 1133 1960 1148 1960 1132 1960 1132 1961 1148 1961 1149 1961 1132 1962 1149 1962 1131 1962 1131 1963 1149 1963 1150 1963 1131 1964 1150 1964 1130 1964 1130 1965 1150 1965 1151 1965 1130 1966 1151 1966 1129 1966 1129 1967 1151 1967 1152 1967 1129 1968 1152 1968 1128 1968 1128 1969 1152 1969 893 1969 1128 1970 893 1970 165 1970 165 1971 893 1971 167 1971 162 1972 168 1972 892 1972 892 1973 168 1973 893 1973 892 1974 893 1974 1153 1974 1153 1975 893 1975 1152 1975 1153 1976 1152 1976 1154 1976 1154 1977 1152 1977 1151 1977 1154 1978 1151 1978 1155 1978 1155 1979 1151 1979 1150 1979 1155 1980 1150 1980 1156 1980 1156 1981 1150 1981 1149 1981 1156 1982 1149 1982 1157 1982 1157 1983 1149 1983 1148 1983 1157 1984 1148 1984 1158 1984 1158 1985 1148 1985 1147 1985 1158 1986 1147 1986 1159 1986 1159 1987 1147 1987 1146 1987 1159 1988 1146 1988 1160 1988 1160 1989 1146 1989 1145 1989 1160 1990 1145 1990 1161 1990 1161 1991 1145 1991 1144 1991 1161 1992 1144 1992 1162 1992 1162 1993 1144 1993 1143 1993 1162 1994 1143 1994 1163 1994 1163 1995 1143 1995 1142 1995 1163 1996 1142 1996 1164 1996 1164 1997 1142 1997 1141 1997 1164 1998 1141 1998 318 1998 318 1999 1141 1999 328 1999 159 2000 163 2000 1165 2000 1165 2001 163 2001 892 2001 1165 2002 892 2002 1166 2002 1166 2003 892 2003 1153 2003 1166 2004 1153 2004 1167 2004 1167 2005 1153 2005 1154 2005 1167 2006 1154 2006 1168 2006 1168 2007 1154 2007 1155 2007 1168 2008 1155 2008 1169 2008 1169 2009 1155 2009 1156 2009 1169 2010 1156 2010 1170 2010 1170 2011 1156 2011 1157 2011 1170 2012 1157 2012 1171 2012 1171 2013 1157 2013 1158 2013 1171 2014 1158 2014 1172 2014 1172 2015 1158 2015 1159 2015 1172 2016 1159 2016 1173 2016 1173 2017 1159 2017 1160 2017 1173 2018 1160 2018 1174 2018 1174 2019 1160 2019 1161 2019 1174 2020 1161 2020 1175 2020 1175 2021 1161 2021 1162 2021 1175 2022 1162 2022 1176 2022 1176 2023 1162 2023 1163 2023 1176 2024 1163 2024 1177 2024 1177 2025 1163 2025 1164 2025 1177 2026 1164 2026 316 2026 316 2027 1164 2027 318 2027 316 2028 133 2028 1177 2028 1177 2029 133 2029 135 2029 1177 2030 135 2030 1176 2030 1176 2031 135 2031 147 2031 1176 2032 147 2032 1175 2032 1175 2033 147 2033 146 2033 1175 2034 146 2034 1174 2034 1174 2035 146 2035 144 2035 1174 2036 144 2036 1173 2036 1173 2037 144 2037 142 2037 1173 2038 142 2038 1172 2038 1172 2039 142 2039 140 2039 1172 2040 140 2040 1171 2040 1171 2041 140 2041 138 2041 1171 2042 138 2042 1170 2042 1170 2043 138 2043 137 2043 1170 2044 137 2044 1169 2044 1169 2045 137 2045 131 2045 1169 2046 131 2046 1168 2046 1168 2047 131 2047 129 2047 1168 2048 129 2048 1167 2048 1167 2049 129 2049 127 2049 1167 2050 127 2050 1166 2050 1166 2051 127 2051 125 2051 1166 2052 125 2052 1165 2052 1165 2053 125 2053 123 2053 1165 2054 123 2054 159 2054 159 2055 123 2055 121 2055 256 2056 258 2056 1178 2056 258 2057 259 2057 1179 2057 259 2058 239 2058 1180 2058 239 2059 237 2059 1181 2059 237 2060 235 2060 1182 2060 235 2061 233 2061 1183 2061 233 2062 231 2062 1184 2062 231 2063 255 2063 1185 2063 255 2064 254 2064 1186 2064 254 2065 252 2065 1187 2065 252 2066 250 2066 1188 2066 250 2067 248 2067 1189 2067 246 2068 244 2068 272 2068 248 2069 246 2069 1190 2069 1190 2070 246 2070 272 2070 1190 2071 272 2071 1191 2071 1191 2072 272 2072 274 2072 274 2073 275 2073 1191 2073 1191 2074 275 2074 277 2074 1191 2075 277 2075 1192 2075 1192 2076 277 2076 280 2076 1192 2077 280 2077 1193 2077 1193 2078 280 2078 279 2078 1193 2079 279 2079 1194 2079 1194 2080 279 2080 285 2080 285 2081 284 2081 1194 2081 1194 2082 284 2082 282 2082 1194 2083 282 2083 1195 2083 1195 2084 282 2084 281 2084 1195 2085 281 2085 1196 2085 1196 2086 281 2086 286 2086 1196 2087 286 2087 1197 2087 1197 2088 286 2088 288 2088 288 2089 289 2089 1197 2089 1197 2090 289 2090 291 2090 1197 2091 291 2091 1198 2091 1198 2092 291 2092 296 2092 1198 2093 296 2093 1199 2093 1199 2094 296 2094 295 2094 1199 2095 295 2095 1200 2095 1200 2096 295 2096 293 2096 293 2097 292 2097 1200 2097 1200 2098 292 2098 297 2098 1200 2099 297 2099 1201 2099 1201 2100 297 2100 299 2100 1201 2101 299 2101 1202 2101 1202 2102 299 2102 300 2102 1202 2103 300 2103 1203 2103 1203 2104 300 2104 302 2104 302 2105 305 2105 1203 2105 1203 2106 305 2106 304 2106 1203 2107 304 2107 1204 2107 1204 2108 304 2108 310 2108 1204 2109 310 2109 1205 2109 1205 2110 310 2110 309 2110 1205 2111 309 2111 1206 2111 1206 2112 309 2112 307 2112 307 2113 306 2113 1206 2113 1206 2114 306 2114 311 2114 1206 2115 311 2115 1207 2115 1207 2116 311 2116 313 2116 1207 2117 313 2117 1208 2117 313 2118 314 2118 1208 2118 1208 2119 314 2119 101 2119 1208 2120 101 2120 109 2120 248 2121 1190 2121 1189 2121 1189 2122 1190 2122 1191 2122 1189 2123 1191 2123 1209 2123 1209 2124 1191 2124 1192 2124 1209 2125 1192 2125 1210 2125 1210 2126 1192 2126 1193 2126 1210 2127 1193 2127 1211 2127 1211 2128 1193 2128 1194 2128 1211 2129 1194 2129 1212 2129 1212 2130 1194 2130 1195 2130 1212 2131 1195 2131 1213 2131 1213 2132 1195 2132 1196 2132 1213 2133 1196 2133 1214 2133 1214 2134 1196 2134 1197 2134 1214 2135 1197 2135 1215 2135 1215 2136 1197 2136 1198 2136 1215 2137 1198 2137 1216 2137 1216 2138 1198 2138 1199 2138 1216 2139 1199 2139 1217 2139 1217 2140 1199 2140 1200 2140 1217 2141 1200 2141 1218 2141 1218 2142 1200 2142 1201 2142 1218 2143 1201 2143 1219 2143 1219 2144 1201 2144 1202 2144 1219 2145 1202 2145 1220 2145 1220 2146 1202 2146 1203 2146 1220 2147 1203 2147 1221 2147 1221 2148 1203 2148 1204 2148 1221 2149 1204 2149 1222 2149 1222 2150 1204 2150 1205 2150 1222 2151 1205 2151 1223 2151 1223 2152 1205 2152 1206 2152 1223 2153 1206 2153 1224 2153 1224 2154 1206 2154 1207 2154 1224 2155 1207 2155 1225 2155 1225 2156 1207 2156 1208 2156 1225 2157 1208 2157 1226 2157 1226 2158 1208 2158 109 2158 1226 2159 109 2159 119 2159 250 2160 1189 2160 1188 2160 1188 2161 1189 2161 1209 2161 1188 2162 1209 2162 1227 2162 1227 2163 1209 2163 1210 2163 1227 2164 1210 2164 1228 2164 1228 2165 1210 2165 1211 2165 1228 2166 1211 2166 1229 2166 1229 2167 1211 2167 1212 2167 1229 2168 1212 2168 1230 2168 1230 2169 1212 2169 1213 2169 1230 2170 1213 2170 1231 2170 1231 2171 1213 2171 1214 2171 1231 2172 1214 2172 1232 2172 1232 2173 1214 2173 1215 2173 1232 2174 1215 2174 1233 2174 1233 2175 1215 2175 1216 2175 1233 2176 1216 2176 1234 2176 1234 2177 1216 2177 1217 2177 1234 2178 1217 2178 1235 2178 1235 2179 1217 2179 1218 2179 1235 2180 1218 2180 1236 2180 1236 2181 1218 2181 1219 2181 1236 2182 1219 2182 1237 2182 1237 2183 1219 2183 1220 2183 1237 2184 1220 2184 1238 2184 1238 2185 1220 2185 1221 2185 1238 2186 1221 2186 1239 2186 1239 2187 1221 2187 1222 2187 1239 2188 1222 2188 1240 2188 1240 2189 1222 2189 1223 2189 1240 2190 1223 2190 1241 2190 1241 2191 1223 2191 1224 2191 1241 2192 1224 2192 1242 2192 1242 2193 1224 2193 1225 2193 1242 2194 1225 2194 1243 2194 1243 2195 1225 2195 1226 2195 1243 2196 1226 2196 1244 2196 1244 2197 1226 2197 119 2197 1244 2198 119 2198 118 2198 252 2199 1188 2199 1187 2199 1187 2200 1188 2200 1227 2200 1187 2201 1227 2201 1245 2201 1245 2202 1227 2202 1228 2202 1245 2203 1228 2203 1246 2203 1246 2204 1228 2204 1229 2204 1246 2205 1229 2205 1247 2205 1247 2206 1229 2206 1230 2206 1247 2207 1230 2207 1248 2207 1248 2208 1230 2208 1231 2208 1248 2209 1231 2209 1249 2209 1249 2210 1231 2210 1232 2210 1249 2211 1232 2211 1250 2211 1250 2212 1232 2212 1233 2212 1250 2213 1233 2213 1251 2213 1251 2214 1233 2214 1234 2214 1251 2215 1234 2215 1252 2215 1252 2216 1234 2216 1235 2216 1252 2217 1235 2217 1253 2217 1253 2218 1235 2218 1236 2218 1253 2219 1236 2219 1254 2219 1254 2220 1236 2220 1237 2220 1254 2221 1237 2221 1255 2221 1255 2222 1237 2222 1238 2222 1255 2223 1238 2223 1256 2223 1256 2224 1238 2224 1239 2224 1256 2225 1239 2225 1257 2225 1257 2226 1239 2226 1240 2226 1257 2227 1240 2227 1258 2227 1258 2228 1240 2228 1241 2228 1258 2229 1241 2229 1259 2229 1259 2230 1241 2230 1242 2230 1259 2231 1242 2231 1260 2231 1260 2232 1242 2232 1243 2232 1260 2233 1243 2233 1261 2233 1261 2234 1243 2234 1244 2234 1261 2235 1244 2235 1262 2235 1262 2236 1244 2236 118 2236 1262 2237 118 2237 116 2237 254 2238 1187 2238 1186 2238 1186 2239 1187 2239 1245 2239 1186 2240 1245 2240 1263 2240 1263 2241 1245 2241 1246 2241 1263 2242 1246 2242 1264 2242 1264 2243 1246 2243 1247 2243 1264 2244 1247 2244 1265 2244 1265 2245 1247 2245 1248 2245 1265 2246 1248 2246 1266 2246 1266 2247 1248 2247 1249 2247 1266 2248 1249 2248 1267 2248 1267 2249 1249 2249 1250 2249 1267 2250 1250 2250 1268 2250 1268 2251 1250 2251 1251 2251 1268 2252 1251 2252 1269 2252 1269 2253 1251 2253 1252 2253 1269 2254 1252 2254 1270 2254 1270 2255 1252 2255 1253 2255 1270 2256 1253 2256 1271 2256 1271 2257 1253 2257 1254 2257 1271 2258 1254 2258 1272 2258 1272 2259 1254 2259 1255 2259 1272 2260 1255 2260 1273 2260 1273 2261 1255 2261 1256 2261 1273 2262 1256 2262 1274 2262 1274 2263 1256 2263 1257 2263 1274 2264 1257 2264 1275 2264 1275 2265 1257 2265 1258 2265 1275 2266 1258 2266 1276 2266 1276 2267 1258 2267 1259 2267 1276 2268 1259 2268 1277 2268 1277 2269 1259 2269 1260 2269 1277 2270 1260 2270 1278 2270 1278 2271 1260 2271 1261 2271 1278 2272 1261 2272 1279 2272 1279 2273 1261 2273 1262 2273 1279 2274 1262 2274 1280 2274 1280 2275 1262 2275 116 2275 1280 2276 116 2276 114 2276 255 2277 1186 2277 1185 2277 1185 2278 1186 2278 1263 2278 1185 2279 1263 2279 1281 2279 1281 2280 1263 2280 1264 2280 1281 2281 1264 2281 1282 2281 1282 2282 1264 2282 1265 2282 1282 2283 1265 2283 1283 2283 1283 2284 1265 2284 1266 2284 1283 2285 1266 2285 1284 2285 1284 2286 1266 2286 1267 2286 1284 2287 1267 2287 1285 2287 1285 2288 1267 2288 1268 2288 1285 2289 1268 2289 1286 2289 1286 2290 1268 2290 1269 2290 1286 2291 1269 2291 1287 2291 1287 2292 1269 2292 1270 2292 1287 2293 1270 2293 1288 2293 1288 2294 1270 2294 1271 2294 1288 2295 1271 2295 1289 2295 1289 2296 1271 2296 1272 2296 1289 2297 1272 2297 1290 2297 1290 2298 1272 2298 1273 2298 1290 2299 1273 2299 1291 2299 1291 2300 1273 2300 1274 2300 1291 2301 1274 2301 1292 2301 1292 2302 1274 2302 1275 2302 1292 2303 1275 2303 1293 2303 1293 2304 1275 2304 1276 2304 1293 2305 1276 2305 1294 2305 1294 2306 1276 2306 1277 2306 1294 2307 1277 2307 1295 2307 1295 2308 1277 2308 1278 2308 1295 2309 1278 2309 1296 2309 1296 2310 1278 2310 1279 2310 1296 2311 1279 2311 1297 2311 1297 2312 1279 2312 1280 2312 1297 2313 1280 2313 1298 2313 1298 2314 1280 2314 114 2314 1298 2315 114 2315 112 2315 231 2316 1185 2316 1184 2316 1184 2317 1185 2317 1281 2317 1184 2318 1281 2318 1299 2318 1299 2319 1281 2319 1282 2319 1299 2320 1282 2320 1300 2320 1300 2321 1282 2321 1283 2321 1300 2322 1283 2322 1301 2322 1301 2323 1283 2323 1284 2323 1301 2324 1284 2324 1302 2324 1302 2325 1284 2325 1285 2325 1302 2326 1285 2326 1303 2326 1303 2327 1285 2327 1286 2327 1303 2328 1286 2328 1304 2328 1304 2329 1286 2329 1287 2329 1304 2330 1287 2330 1305 2330 1305 2331 1287 2331 1288 2331 1305 2332 1288 2332 1306 2332 1306 2333 1288 2333 1289 2333 1306 2333 1289 2333 1307 2333 1307 2334 1289 2334 1290 2334 1307 2335 1290 2335 1308 2335 1308 2336 1290 2336 1291 2336 1308 2337 1291 2337 1309 2337 1309 2338 1291 2338 1292 2338 1309 2339 1292 2339 1310 2339 1310 2340 1292 2340 1293 2340 1310 2341 1293 2341 1311 2341 1311 2342 1293 2342 1294 2342 1311 2343 1294 2343 1312 2343 1312 2344 1294 2344 1295 2344 1312 2345 1295 2345 1313 2345 1313 2346 1295 2346 1296 2346 1313 2347 1296 2347 1314 2347 1314 2348 1296 2348 1297 2348 1314 2349 1297 2349 1315 2349 1315 2350 1297 2350 1298 2350 1315 2351 1298 2351 1316 2351 1316 2352 1298 2352 112 2352 1316 2353 112 2353 106 2353 233 2354 1184 2354 1183 2354 1183 2355 1184 2355 1299 2355 1183 2356 1299 2356 1317 2356 1317 2357 1299 2357 1300 2357 1317 2358 1300 2358 1318 2358 1318 2359 1300 2359 1301 2359 1318 2360 1301 2360 1319 2360 1319 2361 1301 2361 1302 2361 1319 2362 1302 2362 1320 2362 1320 2363 1302 2363 1303 2363 1320 2364 1303 2364 1321 2364 1321 2365 1303 2365 1304 2365 1321 2366 1304 2366 1322 2366 1322 2367 1304 2367 1305 2367 1322 2368 1305 2368 1323 2368 1323 2369 1305 2369 1306 2369 1323 2370 1306 2370 1324 2370 1324 2371 1306 2371 1307 2371 1324 2372 1307 2372 1325 2372 1325 2373 1307 2373 1308 2373 1325 2374 1308 2374 1326 2374 1326 2375 1308 2375 1309 2375 1326 2376 1309 2376 1327 2376 1327 2377 1309 2377 1310 2377 1327 2378 1310 2378 1328 2378 1328 2379 1310 2379 1311 2379 1328 2380 1311 2380 1329 2380 1329 2381 1311 2381 1312 2381 1329 2382 1312 2382 1330 2382 1330 2383 1312 2383 1313 2383 1330 2384 1313 2384 1331 2384 1331 2385 1313 2385 1314 2385 1331 2386 1314 2386 1332 2386 1332 2387 1314 2387 1315 2387 1332 2388 1315 2388 1333 2388 1333 2389 1315 2389 1316 2389 1333 2390 1316 2390 1334 2390 1334 2391 1316 2391 106 2391 1334 2392 106 2392 105 2392 235 2393 1183 2393 1182 2393 1182 2394 1183 2394 1317 2394 1182 2395 1317 2395 1335 2395 1335 2396 1317 2396 1318 2396 1335 2397 1318 2397 1336 2397 1336 2398 1318 2398 1319 2398 1336 2399 1319 2399 1337 2399 1337 2400 1319 2400 1320 2400 1337 2401 1320 2401 1338 2401 1338 2402 1320 2402 1321 2402 1338 2403 1321 2403 1339 2403 1339 2404 1321 2404 1322 2404 1339 2405 1322 2405 1340 2405 1340 2406 1322 2406 1323 2406 1340 2407 1323 2407 1341 2407 1341 2408 1323 2408 1324 2408 1341 2409 1324 2409 1342 2409 1342 2410 1324 2410 1325 2410 1342 2411 1325 2411 1343 2411 1343 2412 1325 2412 1326 2412 1343 2413 1326 2413 1344 2413 1344 2414 1326 2414 1327 2414 1344 2415 1327 2415 1345 2415 1345 2416 1327 2416 1328 2416 1345 2417 1328 2417 1346 2417 1346 2418 1328 2418 1329 2418 1346 2419 1329 2419 1347 2419 1347 2420 1329 2420 1330 2420 1347 2421 1330 2421 1348 2421 1348 2422 1330 2422 1331 2422 1348 2423 1331 2423 1349 2423 1349 2424 1331 2424 1332 2424 1349 2425 1332 2425 1350 2425 1350 2426 1332 2426 1333 2426 1350 2427 1333 2427 1351 2427 1351 2428 1333 2428 1334 2428 1351 2429 1334 2429 1352 2429 1352 2430 1334 2430 105 2430 1352 2431 105 2431 148 2431 237 2432 1182 2432 1181 2432 1181 2433 1182 2433 1335 2433 1181 2434 1335 2434 1353 2434 1353 2435 1335 2435 1336 2435 1353 2436 1336 2436 1354 2436 1354 2437 1336 2437 1337 2437 1354 2438 1337 2438 1355 2438 1355 2439 1337 2439 1338 2439 1355 2440 1338 2440 1356 2440 1356 2441 1338 2441 1339 2441 1356 2442 1339 2442 1357 2442 1357 2443 1339 2443 1340 2443 1357 2444 1340 2444 1358 2444 1358 2445 1340 2445 1341 2445 1358 2446 1341 2446 1359 2446 1359 2447 1341 2447 1342 2447 1359 2448 1342 2448 1360 2448 1360 2449 1342 2449 1343 2449 1360 2450 1343 2450 1361 2450 1361 2451 1343 2451 1344 2451 1361 2452 1344 2452 1362 2452 1362 2453 1344 2453 1345 2453 1362 2454 1345 2454 1363 2454 1363 2455 1345 2455 1346 2455 1363 2456 1346 2456 1364 2456 1364 2457 1346 2457 1347 2457 1364 2458 1347 2458 1365 2458 1365 2459 1347 2459 1348 2459 1365 2460 1348 2460 1366 2460 1366 2461 1348 2461 1349 2461 1366 2462 1349 2462 1367 2462 1367 2463 1349 2463 1350 2463 1367 2464 1350 2464 1368 2464 1368 2465 1350 2465 1351 2465 1368 2466 1351 2466 1369 2466 1369 2467 1351 2467 1352 2467 1369 2468 1352 2468 1370 2468 1370 2469 1352 2469 148 2469 1370 2470 148 2470 150 2470 239 2471 1181 2471 1180 2471 1180 2472 1181 2472 1353 2472 1180 2473 1353 2473 1371 2473 1371 2474 1353 2474 1354 2474 1371 2475 1354 2475 1372 2475 1372 2476 1354 2476 1355 2476 1372 2477 1355 2477 1373 2477 1373 2478 1355 2478 1356 2478 1373 2479 1356 2479 1374 2479 1374 2480 1356 2480 1357 2480 1374 2481 1357 2481 1375 2481 1375 2482 1357 2482 1358 2482 1375 2483 1358 2483 1376 2483 1376 2484 1358 2484 1359 2484 1376 2485 1359 2485 1377 2485 1377 2486 1359 2486 1360 2486 1377 2487 1360 2487 1378 2487 1378 2488 1360 2488 1361 2488 1378 2489 1361 2489 1379 2489 1379 2490 1361 2490 1362 2490 1379 2491 1362 2491 1380 2491 1380 2492 1362 2492 1363 2492 1380 2493 1363 2493 1381 2493 1381 2494 1363 2494 1364 2494 1381 2495 1364 2495 1382 2495 1382 2496 1364 2496 1365 2496 1382 2497 1365 2497 1383 2497 1383 2498 1365 2498 1366 2498 1383 2499 1366 2499 1384 2499 1384 2500 1366 2500 1367 2500 1384 2501 1367 2501 1385 2501 1385 2502 1367 2502 1368 2502 1385 2503 1368 2503 1386 2503 1386 2504 1368 2504 1369 2504 1386 2505 1369 2505 1387 2505 1387 2506 1369 2506 1370 2506 1387 2507 1370 2507 1388 2507 1388 2508 1370 2508 150 2508 1388 2509 150 2509 152 2509 259 2510 1180 2510 1179 2510 1179 2511 1180 2511 1371 2511 1179 2512 1371 2512 1389 2512 1389 2513 1371 2513 1372 2513 1389 2514 1372 2514 1390 2514 1390 2515 1372 2515 1373 2515 1390 2516 1373 2516 1391 2516 1391 2517 1373 2517 1374 2517 1391 2518 1374 2518 1392 2518 1392 2519 1374 2519 1375 2519 1392 2520 1375 2520 1393 2520 1393 2521 1375 2521 1376 2521 1393 2522 1376 2522 1394 2522 1394 2523 1376 2523 1377 2523 1394 2524 1377 2524 1395 2524 1395 2525 1377 2525 1378 2525 1395 2526 1378 2526 1396 2526 1396 2527 1378 2527 1379 2527 1396 2528 1379 2528 1397 2528 1397 2529 1379 2529 1380 2529 1397 2530 1380 2530 1398 2530 1398 2531 1380 2531 1381 2531 1398 2532 1381 2532 1399 2532 1399 2533 1381 2533 1382 2533 1399 2534 1382 2534 1400 2534 1400 2535 1382 2535 1383 2535 1400 2536 1383 2536 1401 2536 1401 2537 1383 2537 1384 2537 1401 2538 1384 2538 1402 2538 1402 2539 1384 2539 1385 2539 1402 2540 1385 2540 1403 2540 1403 2541 1385 2541 1386 2541 1403 2542 1386 2542 1404 2542 1404 2543 1386 2543 1387 2543 1404 2544 1387 2544 1405 2544 1405 2545 1387 2545 1388 2545 1405 2546 1388 2546 1406 2546 1406 2547 1388 2547 152 2547 1406 2548 152 2548 154 2548 258 2549 1179 2549 1178 2549 1178 2550 1179 2550 1389 2550 1178 2551 1389 2551 1407 2551 1407 2552 1389 2552 1390 2552 1407 2553 1390 2553 1408 2553 1408 2554 1390 2554 1391 2554 1408 2555 1391 2555 1409 2555 1409 2556 1391 2556 1392 2556 1409 2557 1392 2557 1410 2557 1410 2558 1392 2558 1393 2558 1410 2559 1393 2559 1411 2559 1411 2560 1393 2560 1394 2560 1411 2561 1394 2561 1412 2561 1412 2562 1394 2562 1395 2562 1412 2563 1395 2563 1413 2563 1413 2564 1395 2564 1396 2564 1413 2565 1396 2565 1414 2565 1414 2566 1396 2566 1397 2566 1414 2567 1397 2567 1415 2567 1415 2568 1397 2568 1398 2568 1415 2569 1398 2569 1416 2569 1416 2570 1398 2570 1399 2570 1416 2571 1399 2571 1417 2571 1417 2572 1399 2572 1400 2572 1417 2573 1400 2573 1418 2573 1418 2574 1400 2574 1401 2574 1418 2575 1401 2575 1419 2575 1419 2576 1401 2576 1402 2576 1419 2577 1402 2577 1420 2577 1420 2578 1402 2578 1403 2578 1420 2579 1403 2579 1421 2579 1421 2580 1403 2580 1404 2580 1421 2581 1404 2581 1422 2581 1422 2582 1404 2582 1405 2582 1422 2583 1405 2583 1423 2583 1423 2584 1405 2584 1406 2584 1423 2585 1406 2585 1424 2585 1424 2586 1406 2586 154 2586 1424 2587 154 2587 156 2587 256 2588 1178 2588 321 2588 321 2589 1178 2589 1407 2589 321 2590 1407 2590 323 2590 323 2591 1407 2591 1408 2591 323 2592 1408 2592 325 2592 325 2593 1408 2593 1409 2593 325 2594 1409 2594 327 2594 327 2595 1409 2595 1410 2595 327 2596 1410 2596 353 2596 353 2597 1410 2597 1411 2597 353 2598 1411 2598 351 2598 351 2599 1411 2599 1412 2599 351 2600 1412 2600 349 2600 349 2601 1412 2601 1413 2601 349 2602 1413 2602 347 2602 347 2603 1413 2603 1414 2603 347 2604 1414 2604 345 2604 345 2605 1414 2605 1415 2605 345 2606 1415 2606 343 2606 343 2607 1415 2607 1416 2607 343 2608 1416 2608 340 2608 340 2609 1416 2609 1417 2609 340 2610 1417 2610 338 2610 338 2611 1417 2611 1418 2611 338 2612 1418 2612 336 2612 336 2613 1418 2613 1419 2613 336 2614 1419 2614 334 2614 334 2615 1419 2615 1420 2615 334 2616 1420 2616 332 2616 332 2617 1420 2617 1421 2617 332 2618 1421 2618 330 2618 330 2619 1421 2619 1422 2619 330 2620 1422 2620 319 2620 319 2621 1422 2621 1423 2621 319 2622 1423 2622 317 2622 317 2623 1423 2623 1424 2623 317 2624 1424 2624 315 2624 315 2625 1424 2625 156 2625 315 2626 156 2626 158 2626</p>
        </triangles>
      </mesh>
    </geometry>
  </library_geometries>
  <library_visual_scenes>
    <visual_scene id="Scene" name="Scene">
      <node id="node_30a3811e_8dd5_438e_8e05_1df0bc10ace8" type="NODE">
        <matrix>1 0 0 0 0 1 0 0 0 0 1 0 0 0 0 1</matrix>
        <node id="node_b1300db2_2bf9_40da_80bf_4474f4c8dc0d" type="NODE">
          <matrix>1 0 0 0 0 1 0 0 0 0 1 0 0 0 0 1</matrix>
          <node id="node_b1300db2_2bf9_40da_80bf_4474f4c8dc0d_mesh0" type="NODE">
            <matrix>1 0 0 0 0 1 0 0 0 0 1 0 0 0 0 1</matrix>
            <instance_geometry url="#geometry_5214c064_8be0_46d2_a423_f9f275258772">
              <bind_material>
                <technique_common>
                  <instance_material symbol="mat_0" target="#mat_0"/>
                </technique_common>
              </bind_material>
            </instance_geometry>
          </node>
        </node>
      </node>
    </visual_scene>
  </library_visual_scenes>
  <scene>
    <instance_visual_scene url="#Scene"/>
  </scene>
</COLLADA>
