[0.000000] (-) TimerEvent: {}
[0.000394] (utils) JobQueued: {'identifier': 'utils', 'dependencies': OrderedDict()}
[0.000421] (input) JobQueued: {'identifier': 'input', 'dependencies': OrderedDict({'utils': '/home/hisham/BFMC/Brain_DEI/brain/install/utils'})}
[0.000441] (output) JobQueued: {'identifier': 'output', 'dependencies': OrderedDict({'utils': '/home/hisham/BFMC/Brain_DEI/brain/install/utils'})}
[0.000455] (unix_out) JobQueued: {'identifier': 'unix_out', 'dependencies': OrderedDict({'utils': '/home/hisham/BFMC/Brain_DEI/brain/install/utils'})}
[0.000469] (utils) JobStarted: {'identifier': 'utils'}
[0.008544] (utils) JobProgress: {'identifier': 'utils', 'progress': 'cmake'}
[0.009638] (utils) JobProgress: {'identifier': 'utils', 'progress': 'build'}
[0.010214] (utils) Command: {'cmd': ['/usr/bin/cmake', '--build', '/home/hisham/BFMC/Brain_DEI/brain/build/utils', '--', '-j12', '-l12'], 'cwd': '/home/hisham/BFMC/Brain_DEI/brain/build/utils', 'env': OrderedDict({'LESSOPEN': '| /usr/bin/lesspipe %s', 'GZ_SIM_RESOURCE_PATH': '/opt/ros/jazzy/share', 'USER': 'hisham', 'GZ_CONFIG_PATH': '/opt/ros/jazzy/opt/gz_sim_vendor/share/gz:/opt/ros/jazzy/opt/sdformat_vendor/share/gz:/opt/ros/jazzy/opt/gz_gui_vendor/share/gz:/opt/ros/jazzy/opt/gz_transport_vendor/share/gz:/opt/ros/jazzy/opt/gz_rendering_vendor/share/gz:/opt/ros/jazzy/opt/gz_plugin_vendor/share/gz:/opt/ros/jazzy/opt/gz_fuel_tools_vendor/share/gz:/opt/ros/jazzy/opt/gz_msgs_vendor/share/gz:/opt/ros/jazzy/opt/gz_common_vendor/share/gz', 'XDG_SESSION_TYPE': 'wayland', 'STM32CubeMX_PATH': '/home/hisham/STM32CubeMX', 'SHLVL': '1', 'LD_LIBRARY_PATH': '/opt/ros/jazzy/opt/zenoh_cpp_vendor/lib:/opt/ros/jazzy/opt/gz_sim_vendor/lib:/opt/ros/jazzy/opt/gz_sensors_vendor/lib:/opt/ros/jazzy/opt/gz_physics_vendor/lib:/opt/ros/jazzy/opt/sdformat_vendor/lib:/opt/ros/jazzy/opt/rviz_ogre_vendor/lib:/opt/ros/jazzy/lib/x86_64-linux-gnu:/opt/ros/jazzy/opt/gz_gui_vendor/lib:/opt/ros/jazzy/opt/gz_transport_vendor/lib:/opt/ros/jazzy/opt/gz_rendering_vendor/lib:/opt/ros/jazzy/opt/gz_plugin_vendor/lib:/opt/ros/jazzy/opt/gz_fuel_tools_vendor/lib:/opt/ros/jazzy/opt/gz_msgs_vendor/lib:/opt/ros/jazzy/opt/gz_common_vendor/lib:/opt/ros/jazzy/opt/gz_math_vendor/lib:/opt/ros/jazzy/opt/gz_utils_vendor/lib:/opt/ros/jazzy/opt/gz_tools_vendor/lib:/opt/ros/jazzy/opt/gz_ogre_next_vendor/lib:/opt/ros/jazzy/opt/gz_dartsim_vendor/lib:/opt/ros/jazzy/opt/gz_cmake_vendor/lib:/opt/ros/jazzy/lib:/home/hisham/acados_ws/acados/lib:', 'HOME': '/home/hisham', 'DESKTOP_SESSION': 'ubuntu', 'ROS_PYTHON_VERSION': '3', 'GNOME_SHELL_SESSION_MODE': 'ubuntu', 'GTK_MODULES': 'gail:atk-bridge', 'DBUS_STARTER_BUS_TYPE': 'session', 'SYSTEMD_EXEC_PID': '2756', 'GSM_SKIP_SSH_AGENT_WORKAROUND': 'true', 'DBUS_SESSION_BUS_ADDRESS': 'unix:path=/run/user/1000/bus,guid=215c616d2004a1070aabdf836a04be94', 'COLORTERM': 'truecolor', 'DEBUGINFOD_URLS': 'https://debuginfod.ubuntu.com', 'IM_CONFIG_PHASE': '1', 'WAYLAND_DISPLAY': 'wayland-0', 'ROS_DISTRO': 'jazzy', 'LOGNAME': 'hisham', '_': '/usr/bin/colcon', 'ROS_VERSION': '2', 'MEMORY_PRESSURE_WATCH': '/sys/fs/cgroup/user.slice/user-1000.slice/user@1000.service/app.slice/app-gnome\\x2dsession\\x2dmanager.slice/gnome-session-manager@ubuntu.service/memory.pressure', 'XDG_SESSION_CLASS': 'user', 'USERNAME': 'hisham', 'TERM': 'xterm-256color', 'GNOME_DESKTOP_SESSION_ID': 'this-is-deprecated', 'PATH': '/opt/ros/jazzy/opt/gz_msgs_vendor/bin:/opt/ros/jazzy/opt/gz_tools_vendor/bin:/opt/ros/jazzy/opt/gz_ogre_next_vendor/bin:/opt/ros/jazzy/bin:/home/hisham/miniconda3/bin:/home/hisham/.local/bin:/usr/local/sbin:/usr/local/bin:/usr/sbin:/usr/bin:/sbin:/bin:/usr/games:/usr/local/games:/snap/bin:/snap/bin', 'SESSION_MANAGER': 'local/hisham-IdeaPad-Gaming-3-15IMH05:@/tmp/.ICE-unix/2756,unix/hisham-IdeaPad-Gaming-3-15IMH05:/tmp/.ICE-unix/2756', 'XDG_MENU_PREFIX': 'gnome-', 'GNOME_TERMINAL_SCREEN': '/org/gnome/Terminal/screen/7edf452a_2384_4138_b5ed_2a9b33f4e4bd', 'GNOME_SETUP_DISPLAY': ':1', 'XDG_RUNTIME_DIR': '/run/user/1000', 'DISPLAY': ':0', 'LANG': 'en_US.UTF-8', 'XDG_CURRENT_DESKTOP': 'ubuntu:GNOME', 'XMODIFIERS': '@im=ibus', 'XDG_SESSION_DESKTOP': 'ubuntu', 'XAUTHORITY': '/run/user/1000/.mutter-Xwaylandauth.GRO9O3', 'LS_COLORS': 'rs=0:di=01;34:ln=01;36:mh=00:pi=40;33:so=01;35:do=01;35:bd=40;33;01:cd=40;33;01:or=40;31;01:mi=00:su=37;41:sg=30;43:ca=00:tw=30;42:ow=34;42:st=37;44:ex=01;32:*.tar=01;31:*.tgz=01;31:*.arc=01;31:*.arj=01;31:*.taz=01;31:*.lha=01;31:*.lz4=01;31:*.lzh=01;31:*.lzma=01;31:*.tlz=01;31:*.txz=01;31:*.tzo=01;31:*.t7z=01;31:*.zip=01;31:*.z=01;31:*.dz=01;31:*.gz=01;31:*.lrz=01;31:*.lz=01;31:*.lzo=01;31:*.xz=01;31:*.zst=01;31:*.tzst=01;31:*.bz2=01;31:*.bz=01;31:*.tbz=01;31:*.tbz2=01;31:*.tz=01;31:*.deb=01;31:*.rpm=01;31:*.jar=01;31:*.war=01;31:*.ear=01;31:*.sar=01;31:*.rar=01;31:*.alz=01;31:*.ace=01;31:*.zoo=01;31:*.cpio=01;31:*.7z=01;31:*.rz=01;31:*.cab=01;31:*.wim=01;31:*.swm=01;31:*.dwm=01;31:*.esd=01;31:*.avif=01;35:*.jpg=01;35:*.jpeg=01;35:*.mjpg=01;35:*.mjpeg=01;35:*.gif=01;35:*.bmp=01;35:*.pbm=01;35:*.pgm=01;35:*.ppm=01;35:*.tga=01;35:*.xbm=01;35:*.xpm=01;35:*.tif=01;35:*.tiff=01;35:*.png=01;35:*.svg=01;35:*.svgz=01;35:*.mng=01;35:*.pcx=01;35:*.mov=01;35:*.mpg=01;35:*.mpeg=01;35:*.m2v=01;35:*.mkv=01;35:*.webm=01;35:*.webp=01;35:*.ogm=01;35:*.mp4=01;35:*.m4v=01;35:*.mp4v=01;35:*.vob=01;35:*.qt=01;35:*.nuv=01;35:*.wmv=01;35:*.asf=01;35:*.rm=01;35:*.rmvb=01;35:*.flc=01;35:*.avi=01;35:*.fli=01;35:*.flv=01;35:*.gl=01;35:*.dl=01;35:*.xcf=01;35:*.xwd=01;35:*.yuv=01;35:*.cgm=01;35:*.emf=01;35:*.ogv=01;35:*.ogx=01;35:*.aac=00;36:*.au=00;36:*.flac=00;36:*.m4a=00;36:*.mid=00;36:*.midi=00;36:*.mka=00;36:*.mp3=00;36:*.mpc=00;36:*.ogg=00;36:*.ra=00;36:*.wav=00;36:*.oga=00;36:*.opus=00;36:*.spx=00;36:*.xspf=00;36:*~=00;90:*#=00;90:*.bak=00;90:*.crdownload=00;90:*.dpkg-dist=00;90:*.dpkg-new=00;90:*.dpkg-old=00;90:*.dpkg-tmp=00;90:*.old=00;90:*.orig=00;90:*.part=00;90:*.rej=00;90:*.rpmnew=00;90:*.rpmorig=00;90:*.rpmsave=00;90:*.swp=00;90:*.tmp=00;90:*.ucf-dist=00;90:*.ucf-new=00;90:*.ucf-old=00;90:', 'GNOME_TERMINAL_SERVICE': ':1.238', 'SSH_AUTH_SOCK': '/run/user/1000/keyring/ssh', 'AMENT_PREFIX_PATH': '/opt/ros/jazzy', 'SHELL': '/bin/bash', 'QT_ACCESSIBILITY': '1', 'GDMSESSION': 'ubuntu', 'LESSCLOSE': '/usr/bin/lesspipe %s %s', 'ROS_AUTOMATIC_DISCOVERY_RANGE': 'SUBNET', 'QT_IM_MODULE': 'ibus', 'PWD': '/home/hisham/BFMC/Brain_DEI/brain/build/utils', 'XDG_CONFIG_DIRS': '/etc/xdg/xdg-ubuntu:/etc/xdg', 'DBUS_STARTER_ADDRESS': 'unix:path=/run/user/1000/bus,guid=215c616d2004a1070aabdf836a04be94', 'XDG_DATA_DIRS': '/usr/share/ubuntu:/usr/share/gnome:/usr/local/share/:/usr/share/:/var/lib/snapd/desktop', 'PYTHONPATH': '/opt/ros/jazzy/lib/python3.12/site-packages', 'COLCON': '1', 'MEMORY_PRESSURE_WRITE': 'c29tZSAyMDAwMDAgMjAwMDAwMAA=', 'VTE_VERSION': '7600', 'CMAKE_PREFIX_PATH': '/opt/ros/jazzy/opt/gz_sim_vendor:/opt/ros/jazzy/opt/gz_sensors_vendor:/opt/ros/jazzy/opt/gz_physics_vendor:/opt/ros/jazzy/opt/sdformat_vendor:/opt/ros/jazzy/opt/gz_gui_vendor:/opt/ros/jazzy/opt/gz_transport_vendor:/opt/ros/jazzy/opt/gz_rendering_vendor:/opt/ros/jazzy/opt/gz_plugin_vendor:/opt/ros/jazzy/opt/gz_fuel_tools_vendor:/opt/ros/jazzy/opt/gz_msgs_vendor:/opt/ros/jazzy/opt/gz_common_vendor:/opt/ros/jazzy/opt/gz_math_vendor:/opt/ros/jazzy/opt/gz_utils_vendor:/opt/ros/jazzy/opt/gz_tools_vendor:/opt/ros/jazzy/opt/gz_ogre_next_vendor:/opt/ros/jazzy/opt/gz_dartsim_vendor:/opt/ros/jazzy/opt/gz_cmake_vendor:/opt/ros/jazzy'}), 'shell': False}
[0.099949] (-) TimerEvent: {}
[0.166506] (utils) StdoutLine: {'line': b'[  1%] Built target utils__rosidl_generator_type_description\n'}
[0.172641] (utils) StdoutLine: {'line': b'[  1%] Built target ament_cmake_python_symlink_utils\n'}
[0.200144] (-) TimerEvent: {}
[0.204017] (utils) StdoutLine: {'line': b'[  1%] Built target utils__cpp\n'}
[0.244161] (utils) StdoutLine: {'line': b'[ 27%] Built target utils__rosidl_generator_c\n'}
[0.300285] (-) TimerEvent: {}
[0.344107] (utils) StdoutLine: {'line': b'[ 36%] Built target utils__rosidl_typesupport_introspection_c\n'}
[0.350942] (utils) StdoutLine: {'line': b'[ 46%] Built target utils__rosidl_typesupport_c\n'}
[0.373962] (utils) StdoutLine: {'line': b'[ 64%] Built target utils__rosidl_typesupport_cpp\n'}
[0.374880] (utils) StdoutLine: {'line': b'[ 65%] Built target utils__rosidl_typesupport_introspection_cpp\n'}
[0.375994] (utils) StdoutLine: {'line': b'[ 75%] Built target utils__rosidl_typesupport_fastrtps_c\n'}
[0.377798] (utils) StdoutLine: {'line': b'[ 85%] Built target utils__rosidl_typesupport_fastrtps_cpp\n'}
[0.400376] (-) TimerEvent: {}
[0.400560] (utils) StdoutLine: {'line': b'[ 85%] Built target utils\n'}
[0.418859] (utils) StdoutLine: {'line': b'[ 86%] Built target utils__py\n'}
[0.457381] (utils) StdoutLine: {'line': b'[ 95%] Built target utils__rosidl_generator_py\n'}
[0.500579] (-) TimerEvent: {}
[0.537843] (utils) StdoutLine: {'line': b'[ 97%] Built target utils_s__rosidl_typesupport_introspection_c\n'}
[0.538225] (utils) StdoutLine: {'line': b'[ 98%] Built target utils_s__rosidl_typesupport_fastrtps_c\n'}
[0.538717] (utils) StdoutLine: {'line': b'[100%] Built target utils_s__rosidl_typesupport_c\n'}
[0.600634] (-) TimerEvent: {}
[0.635881] (utils) StdoutLine: {'line': b'running egg_info\n'}
[0.662769] (utils) StdoutLine: {'line': b'writing utils.egg-info/PKG-INFO\n'}
[0.663013] (utils) StdoutLine: {'line': b'writing dependency_links to utils.egg-info/dependency_links.txt\n'}
[0.663152] (utils) StdoutLine: {'line': b'writing top-level names to utils.egg-info/top_level.txt\n'}
[0.700798] (-) TimerEvent: {}
[0.753225] (utils) StdoutLine: {'line': b"reading manifest file 'utils.egg-info/SOURCES.txt'\n"}
[0.753901] (utils) StdoutLine: {'line': b"writing manifest file 'utils.egg-info/SOURCES.txt'\n"}
[0.773815] (utils) StdoutLine: {'line': b'[100%] Built target ament_cmake_python_build_utils_egg\n'}
[0.782875] (utils) CommandEnded: {'returncode': 0}
[0.784084] (utils) JobProgress: {'identifier': 'utils', 'progress': 'install'}
[0.792005] (utils) Command: {'cmd': ['/usr/bin/cmake', '--install', '/home/hisham/BFMC/Brain_DEI/brain/build/utils'], 'cwd': '/home/hisham/BFMC/Brain_DEI/brain/build/utils', 'env': OrderedDict({'LESSOPEN': '| /usr/bin/lesspipe %s', 'GZ_SIM_RESOURCE_PATH': '/opt/ros/jazzy/share', 'USER': 'hisham', 'GZ_CONFIG_PATH': '/opt/ros/jazzy/opt/gz_sim_vendor/share/gz:/opt/ros/jazzy/opt/sdformat_vendor/share/gz:/opt/ros/jazzy/opt/gz_gui_vendor/share/gz:/opt/ros/jazzy/opt/gz_transport_vendor/share/gz:/opt/ros/jazzy/opt/gz_rendering_vendor/share/gz:/opt/ros/jazzy/opt/gz_plugin_vendor/share/gz:/opt/ros/jazzy/opt/gz_fuel_tools_vendor/share/gz:/opt/ros/jazzy/opt/gz_msgs_vendor/share/gz:/opt/ros/jazzy/opt/gz_common_vendor/share/gz', 'XDG_SESSION_TYPE': 'wayland', 'STM32CubeMX_PATH': '/home/hisham/STM32CubeMX', 'SHLVL': '1', 'LD_LIBRARY_PATH': '/opt/ros/jazzy/opt/zenoh_cpp_vendor/lib:/opt/ros/jazzy/opt/gz_sim_vendor/lib:/opt/ros/jazzy/opt/gz_sensors_vendor/lib:/opt/ros/jazzy/opt/gz_physics_vendor/lib:/opt/ros/jazzy/opt/sdformat_vendor/lib:/opt/ros/jazzy/opt/rviz_ogre_vendor/lib:/opt/ros/jazzy/lib/x86_64-linux-gnu:/opt/ros/jazzy/opt/gz_gui_vendor/lib:/opt/ros/jazzy/opt/gz_transport_vendor/lib:/opt/ros/jazzy/opt/gz_rendering_vendor/lib:/opt/ros/jazzy/opt/gz_plugin_vendor/lib:/opt/ros/jazzy/opt/gz_fuel_tools_vendor/lib:/opt/ros/jazzy/opt/gz_msgs_vendor/lib:/opt/ros/jazzy/opt/gz_common_vendor/lib:/opt/ros/jazzy/opt/gz_math_vendor/lib:/opt/ros/jazzy/opt/gz_utils_vendor/lib:/opt/ros/jazzy/opt/gz_tools_vendor/lib:/opt/ros/jazzy/opt/gz_ogre_next_vendor/lib:/opt/ros/jazzy/opt/gz_dartsim_vendor/lib:/opt/ros/jazzy/opt/gz_cmake_vendor/lib:/opt/ros/jazzy/lib:/home/hisham/acados_ws/acados/lib:', 'HOME': '/home/hisham', 'DESKTOP_SESSION': 'ubuntu', 'ROS_PYTHON_VERSION': '3', 'GNOME_SHELL_SESSION_MODE': 'ubuntu', 'GTK_MODULES': 'gail:atk-bridge', 'DBUS_STARTER_BUS_TYPE': 'session', 'SYSTEMD_EXEC_PID': '2756', 'GSM_SKIP_SSH_AGENT_WORKAROUND': 'true', 'DBUS_SESSION_BUS_ADDRESS': 'unix:path=/run/user/1000/bus,guid=215c616d2004a1070aabdf836a04be94', 'COLORTERM': 'truecolor', 'DEBUGINFOD_URLS': 'https://debuginfod.ubuntu.com', 'IM_CONFIG_PHASE': '1', 'WAYLAND_DISPLAY': 'wayland-0', 'ROS_DISTRO': 'jazzy', 'LOGNAME': 'hisham', '_': '/usr/bin/colcon', 'ROS_VERSION': '2', 'MEMORY_PRESSURE_WATCH': '/sys/fs/cgroup/user.slice/user-1000.slice/user@1000.service/app.slice/app-gnome\\x2dsession\\x2dmanager.slice/gnome-session-manager@ubuntu.service/memory.pressure', 'XDG_SESSION_CLASS': 'user', 'USERNAME': 'hisham', 'TERM': 'xterm-256color', 'GNOME_DESKTOP_SESSION_ID': 'this-is-deprecated', 'PATH': '/opt/ros/jazzy/opt/gz_msgs_vendor/bin:/opt/ros/jazzy/opt/gz_tools_vendor/bin:/opt/ros/jazzy/opt/gz_ogre_next_vendor/bin:/opt/ros/jazzy/bin:/home/hisham/miniconda3/bin:/home/hisham/.local/bin:/usr/local/sbin:/usr/local/bin:/usr/sbin:/usr/bin:/sbin:/bin:/usr/games:/usr/local/games:/snap/bin:/snap/bin', 'SESSION_MANAGER': 'local/hisham-IdeaPad-Gaming-3-15IMH05:@/tmp/.ICE-unix/2756,unix/hisham-IdeaPad-Gaming-3-15IMH05:/tmp/.ICE-unix/2756', 'XDG_MENU_PREFIX': 'gnome-', 'GNOME_TERMINAL_SCREEN': '/org/gnome/Terminal/screen/7edf452a_2384_4138_b5ed_2a9b33f4e4bd', 'GNOME_SETUP_DISPLAY': ':1', 'XDG_RUNTIME_DIR': '/run/user/1000', 'DISPLAY': ':0', 'LANG': 'en_US.UTF-8', 'XDG_CURRENT_DESKTOP': 'ubuntu:GNOME', 'XMODIFIERS': '@im=ibus', 'XDG_SESSION_DESKTOP': 'ubuntu', 'XAUTHORITY': '/run/user/1000/.mutter-Xwaylandauth.GRO9O3', 'LS_COLORS': 'rs=0:di=01;34:ln=01;36:mh=00:pi=40;33:so=01;35:do=01;35:bd=40;33;01:cd=40;33;01:or=40;31;01:mi=00:su=37;41:sg=30;43:ca=00:tw=30;42:ow=34;42:st=37;44:ex=01;32:*.tar=01;31:*.tgz=01;31:*.arc=01;31:*.arj=01;31:*.taz=01;31:*.lha=01;31:*.lz4=01;31:*.lzh=01;31:*.lzma=01;31:*.tlz=01;31:*.txz=01;31:*.tzo=01;31:*.t7z=01;31:*.zip=01;31:*.z=01;31:*.dz=01;31:*.gz=01;31:*.lrz=01;31:*.lz=01;31:*.lzo=01;31:*.xz=01;31:*.zst=01;31:*.tzst=01;31:*.bz2=01;31:*.bz=01;31:*.tbz=01;31:*.tbz2=01;31:*.tz=01;31:*.deb=01;31:*.rpm=01;31:*.jar=01;31:*.war=01;31:*.ear=01;31:*.sar=01;31:*.rar=01;31:*.alz=01;31:*.ace=01;31:*.zoo=01;31:*.cpio=01;31:*.7z=01;31:*.rz=01;31:*.cab=01;31:*.wim=01;31:*.swm=01;31:*.dwm=01;31:*.esd=01;31:*.avif=01;35:*.jpg=01;35:*.jpeg=01;35:*.mjpg=01;35:*.mjpeg=01;35:*.gif=01;35:*.bmp=01;35:*.pbm=01;35:*.pgm=01;35:*.ppm=01;35:*.tga=01;35:*.xbm=01;35:*.xpm=01;35:*.tif=01;35:*.tiff=01;35:*.png=01;35:*.svg=01;35:*.svgz=01;35:*.mng=01;35:*.pcx=01;35:*.mov=01;35:*.mpg=01;35:*.mpeg=01;35:*.m2v=01;35:*.mkv=01;35:*.webm=01;35:*.webp=01;35:*.ogm=01;35:*.mp4=01;35:*.m4v=01;35:*.mp4v=01;35:*.vob=01;35:*.qt=01;35:*.nuv=01;35:*.wmv=01;35:*.asf=01;35:*.rm=01;35:*.rmvb=01;35:*.flc=01;35:*.avi=01;35:*.fli=01;35:*.flv=01;35:*.gl=01;35:*.dl=01;35:*.xcf=01;35:*.xwd=01;35:*.yuv=01;35:*.cgm=01;35:*.emf=01;35:*.ogv=01;35:*.ogx=01;35:*.aac=00;36:*.au=00;36:*.flac=00;36:*.m4a=00;36:*.mid=00;36:*.midi=00;36:*.mka=00;36:*.mp3=00;36:*.mpc=00;36:*.ogg=00;36:*.ra=00;36:*.wav=00;36:*.oga=00;36:*.opus=00;36:*.spx=00;36:*.xspf=00;36:*~=00;90:*#=00;90:*.bak=00;90:*.crdownload=00;90:*.dpkg-dist=00;90:*.dpkg-new=00;90:*.dpkg-old=00;90:*.dpkg-tmp=00;90:*.old=00;90:*.orig=00;90:*.part=00;90:*.rej=00;90:*.rpmnew=00;90:*.rpmorig=00;90:*.rpmsave=00;90:*.swp=00;90:*.tmp=00;90:*.ucf-dist=00;90:*.ucf-new=00;90:*.ucf-old=00;90:', 'GNOME_TERMINAL_SERVICE': ':1.238', 'SSH_AUTH_SOCK': '/run/user/1000/keyring/ssh', 'AMENT_PREFIX_PATH': '/opt/ros/jazzy', 'SHELL': '/bin/bash', 'QT_ACCESSIBILITY': '1', 'GDMSESSION': 'ubuntu', 'LESSCLOSE': '/usr/bin/lesspipe %s %s', 'ROS_AUTOMATIC_DISCOVERY_RANGE': 'SUBNET', 'QT_IM_MODULE': 'ibus', 'PWD': '/home/hisham/BFMC/Brain_DEI/brain/build/utils', 'XDG_CONFIG_DIRS': '/etc/xdg/xdg-ubuntu:/etc/xdg', 'DBUS_STARTER_ADDRESS': 'unix:path=/run/user/1000/bus,guid=215c616d2004a1070aabdf836a04be94', 'XDG_DATA_DIRS': '/usr/share/ubuntu:/usr/share/gnome:/usr/local/share/:/usr/share/:/var/lib/snapd/desktop', 'PYTHONPATH': '/opt/ros/jazzy/lib/python3.12/site-packages', 'COLCON': '1', 'MEMORY_PRESSURE_WRITE': 'c29tZSAyMDAwMDAgMjAwMDAwMAA=', 'VTE_VERSION': '7600', 'CMAKE_PREFIX_PATH': '/opt/ros/jazzy/opt/gz_sim_vendor:/opt/ros/jazzy/opt/gz_sensors_vendor:/opt/ros/jazzy/opt/gz_physics_vendor:/opt/ros/jazzy/opt/sdformat_vendor:/opt/ros/jazzy/opt/gz_gui_vendor:/opt/ros/jazzy/opt/gz_transport_vendor:/opt/ros/jazzy/opt/gz_rendering_vendor:/opt/ros/jazzy/opt/gz_plugin_vendor:/opt/ros/jazzy/opt/gz_fuel_tools_vendor:/opt/ros/jazzy/opt/gz_msgs_vendor:/opt/ros/jazzy/opt/gz_common_vendor:/opt/ros/jazzy/opt/gz_math_vendor:/opt/ros/jazzy/opt/gz_utils_vendor:/opt/ros/jazzy/opt/gz_tools_vendor:/opt/ros/jazzy/opt/gz_ogre_next_vendor:/opt/ros/jazzy/opt/gz_dartsim_vendor:/opt/ros/jazzy/opt/gz_cmake_vendor:/opt/ros/jazzy'}), 'shell': False}
[0.800846] (-) TimerEvent: {}
[0.801257] (utils) StdoutLine: {'line': b'-- Install configuration: ""\n'}
[0.803640] (utils) StdoutLine: {'line': b'-- Execute custom install script\n'}
[0.804621] (utils) StdoutLine: {'line': b'-- Up-to-date symlink: /home/hisham/BFMC/Brain_DEI/brain/install/utils/share/ament_index/resource_index/rosidl_interfaces/utils\n'}
[0.804952] (utils) StdoutLine: {'line': b'-- Up-to-date symlink: /home/hisham/BFMC/Brain_DEI/brain/install/utils/share/utils/msg/IMU.json\n'}
[0.805251] (utils) StdoutLine: {'line': b'-- Up-to-date symlink: /home/hisham/BFMC/Brain_DEI/brain/install/utils/share/utils/msg/Localisation.json\n'}
[0.805545] (utils) StdoutLine: {'line': b'-- Up-to-date symlink: /home/hisham/BFMC/Brain_DEI/brain/install/utils/share/utils/msg/Vehicles.json\n'}
[0.805942] (utils) StdoutLine: {'line': b'-- Up-to-date symlink: /home/hisham/BFMC/Brain_DEI/brain/install/utils/share/utils/msg/Environmental.json\n'}
[0.806307] (utils) StdoutLine: {'line': b'-- Up-to-date symlink: /home/hisham/BFMC/Brain_DEI/brain/install/utils/share/utils/msg/Log.json\n'}
[0.806625] (utils) StdoutLine: {'line': b'-- Up-to-date symlink: /home/hisham/BFMC/Brain_DEI/brain/install/utils/share/utils/msg/TopicInfo.json\n'}
[0.807020] (utils) StdoutLine: {'line': b'-- Up-to-date symlink: /home/hisham/BFMC/Brain_DEI/brain/install/utils/share/utils/msg/Semaphore.json\n'}
[0.807369] (utils) StdoutLine: {'line': b'-- Up-to-date symlink: /home/hisham/BFMC/Brain_DEI/brain/install/utils/share/utils/msg/Conditions.json\n'}
[0.807628] (utils) StdoutLine: {'line': b'-- Up-to-date symlink: /home/hisham/BFMC/Brain_DEI/brain/install/utils/share/utils/msg/Trafficsignprediction.json\n'}
[0.808104] (utils) StdoutLine: {'line': b'-- Up-to-date symlink: /home/hisham/BFMC/Brain_DEI/brain/install/utils/share/utils/srv/Subscribing.json\n'}
[0.808434] (utils) StdoutLine: {'line': b'-- Up-to-date symlink: /home/hisham/BFMC/Brain_DEI/brain/install/utils/share/utils/srv/RequestParam.json\n'}
[0.811014] (utils) StdoutLine: {'line': b'-- Up-to-date symlink: /home/hisham/BFMC/Brain_DEI/brain/install/utils/include/utils/utils/msg/conditions.h\n'}
[0.811353] (utils) StdoutLine: {'line': b'-- Up-to-date symlink: /home/hisham/BFMC/Brain_DEI/brain/install/utils/include/utils/utils/msg/detail/conditions__functions.h\n'}
[0.811602] (utils) StdoutLine: {'line': b'-- Up-to-date symlink: /home/hisham/BFMC/Brain_DEI/brain/install/utils/include/utils/utils/msg/detail/conditions__struct.h\n'}
[0.811971] (utils) StdoutLine: {'line': b'-- Up-to-date symlink: /home/hisham/BFMC/Brain_DEI/brain/install/utils/include/utils/utils/msg/detail/conditions__type_support.h\n'}
[0.812268] (utils) StdoutLine: {'line': b'-- Up-to-date symlink: /home/hisham/BFMC/Brain_DEI/brain/install/utils/include/utils/utils/msg/detail/environmental__functions.h\n'}
[0.812623] (utils) StdoutLine: {'line': b'-- Up-to-date symlink: /home/hisham/BFMC/Brain_DEI/brain/install/utils/include/utils/utils/msg/detail/environmental__struct.h\n'}
[0.813049] (utils) StdoutLine: {'line': b'-- Up-to-date symlink: /home/hisham/BFMC/Brain_DEI/brain/install/utils/include/utils/utils/msg/detail/environmental__type_support.h\n'}
[0.813418] (utils) StdoutLine: {'line': b'-- Up-to-date symlink: /home/hisham/BFMC/Brain_DEI/brain/install/utils/include/utils/utils/msg/detail/imu__functions.h\n'}
[0.813721] (utils) StdoutLine: {'line': b'-- Up-to-date symlink: /home/hisham/BFMC/Brain_DEI/brain/install/utils/include/utils/utils/msg/detail/imu__struct.h\n'}
[0.814149] (utils) StdoutLine: {'line': b'-- Up-to-date symlink: /home/hisham/BFMC/Brain_DEI/brain/install/utils/include/utils/utils/msg/detail/imu__type_support.h\n'}
[0.814544] (utils) StdoutLine: {'line': b'-- Up-to-date symlink: /home/hisham/BFMC/Brain_DEI/brain/install/utils/include/utils/utils/msg/detail/localisation__functions.h\n'}
[0.814786] (utils) StdoutLine: {'line': b'-- Up-to-date symlink: /home/hisham/BFMC/Brain_DEI/brain/install/utils/include/utils/utils/msg/detail/localisation__struct.h\n'}
[0.815261] (utils) StdoutLine: {'line': b'-- Up-to-date symlink: /home/hisham/BFMC/Brain_DEI/brain/install/utils/include/utils/utils/msg/detail/localisation__type_support.h\n'}
[0.815626] (utils) StdoutLine: {'line': b'-- Up-to-date symlink: /home/hisham/BFMC/Brain_DEI/brain/install/utils/include/utils/utils/msg/detail/log__functions.h\n'}
[0.816020] (utils) StdoutLine: {'line': b'-- Up-to-date symlink: /home/hisham/BFMC/Brain_DEI/brain/install/utils/include/utils/utils/msg/detail/log__struct.h\n'}
[0.816326] (utils) StdoutLine: {'line': b'-- Up-to-date symlink: /home/hisham/BFMC/Brain_DEI/brain/install/utils/include/utils/utils/msg/detail/log__type_support.h\n'}
[0.816734] (utils) StdoutLine: {'line': b'-- Up-to-date symlink: /home/hisham/BFMC/Brain_DEI/brain/install/utils/include/utils/utils/msg/detail/semaphore__functions.h\n'}
[0.817126] (utils) StdoutLine: {'line': b'-- Up-to-date symlink: /home/hisham/BFMC/Brain_DEI/brain/install/utils/include/utils/utils/msg/detail/semaphore__struct.h\n'}
[0.817534] (utils) StdoutLine: {'line': b'-- Up-to-date symlink: /home/hisham/BFMC/Brain_DEI/brain/install/utils/include/utils/utils/msg/detail/semaphore__type_support.h\n'}
[0.818016] (utils) StdoutLine: {'line': b'-- Up-to-date symlink: /home/hisham/BFMC/Brain_DEI/brain/install/utils/include/utils/utils/msg/detail/topic_info__functions.h\n'}
[0.818461] (utils) StdoutLine: {'line': b'-- Up-to-date symlink: /home/hisham/BFMC/Brain_DEI/brain/install/utils/include/utils/utils/msg/detail/topic_info__struct.h\n'}
[0.818943] (utils) StdoutLine: {'line': b'-- Up-to-date symlink: /home/hisham/BFMC/Brain_DEI/brain/install/utils/include/utils/utils/msg/detail/topic_info__type_support.h\n'}
[0.819390] (utils) StdoutLine: {'line': b'-- Up-to-date symlink: /home/hisham/BFMC/Brain_DEI/brain/install/utils/include/utils/utils/msg/detail/trafficsignprediction__functions.h\n'}
[0.819900] (utils) StdoutLine: {'line': b'-- Up-to-date symlink: /home/hisham/BFMC/Brain_DEI/brain/install/utils/include/utils/utils/msg/detail/trafficsignprediction__struct.h\n'}
[0.820798] (utils) StdoutLine: {'line': b'-- Up-to-date symlink: /home/hisham/BFMC/Brain_DEI/brain/install/utils/include/utils/utils/msg/detail/trafficsignprediction__type_support.h\n'}
[0.821718] (utils) StdoutLine: {'line': b'-- Up-to-date symlink: /home/hisham/BFMC/Brain_DEI/brain/install/utils/include/utils/utils/msg/detail/vehicles__functions.h\n'}
[0.822546] (utils) StdoutLine: {'line': b'-- Up-to-date symlink: /home/hisham/BFMC/Brain_DEI/brain/install/utils/include/utils/utils/msg/detail/vehicles__struct.h\n'}
[0.823514] (utils) StdoutLine: {'line': b'-- Up-to-date symlink: /home/hisham/BFMC/Brain_DEI/brain/install/utils/include/utils/utils/msg/detail/vehicles__type_support.h\n'}
[0.824415] (utils) StdoutLine: {'line': b'-- Up-to-date symlink: /home/hisham/BFMC/Brain_DEI/brain/install/utils/include/utils/utils/msg/environmental.h\n'}
[0.825326] (utils) StdoutLine: {'line': b'-- Up-to-date symlink: /home/hisham/BFMC/Brain_DEI/brain/install/utils/include/utils/utils/msg/imu.h\n'}
[0.826237] (utils) StdoutLine: {'line': b'-- Up-to-date symlink: /home/hisham/BFMC/Brain_DEI/brain/install/utils/include/utils/utils/msg/localisation.h\n'}
[0.826935] (utils) StdoutLine: {'line': b'-- Up-to-date symlink: /home/hisham/BFMC/Brain_DEI/brain/install/utils/include/utils/utils/msg/log.h\n'}
[0.827869] (utils) StdoutLine: {'line': b'-- Up-to-date symlink: /home/hisham/BFMC/Brain_DEI/brain/install/utils/include/utils/utils/msg/rosidl_generator_c__visibility_control.h\n'}
[0.828720] (utils) StdoutLine: {'line': b'-- Up-to-date symlink: /home/hisham/BFMC/Brain_DEI/brain/install/utils/include/utils/utils/msg/semaphore.h\n'}
[0.829531] (utils) StdoutLine: {'line': b'-- Up-to-date symlink: /home/hisham/BFMC/Brain_DEI/brain/install/utils/include/utils/utils/msg/topic_info.h\n'}
[0.830242] (utils) StdoutLine: {'line': b'-- Up-to-date symlink: /home/hisham/BFMC/Brain_DEI/brain/install/utils/include/utils/utils/msg/trafficsignprediction.h\n'}
[0.830967] (utils) StdoutLine: {'line': b'-- Up-to-date symlink: /home/hisham/BFMC/Brain_DEI/brain/install/utils/include/utils/utils/msg/vehicles.h\n'}
[0.831763] (utils) StdoutLine: {'line': b'-- Up-to-date symlink: /home/hisham/BFMC/Brain_DEI/brain/install/utils/include/utils/utils/srv/detail/request_param__functions.h\n'}
[0.832626] (utils) StdoutLine: {'line': b'-- Up-to-date symlink: /home/hisham/BFMC/Brain_DEI/brain/install/utils/include/utils/utils/srv/detail/request_param__struct.h\n'}
[0.833036] (utils) StdoutLine: {'line': b'-- Up-to-date symlink: /home/hisham/BFMC/Brain_DEI/brain/install/utils/include/utils/utils/srv/detail/request_param__type_support.h\n'}
[0.833352] (utils) StdoutLine: {'line': b'-- Up-to-date symlink: /home/hisham/BFMC/Brain_DEI/brain/install/utils/include/utils/utils/srv/detail/subscribing__functions.h\n'}
[0.833623] (utils) StdoutLine: {'line': b'-- Up-to-date symlink: /home/hisham/BFMC/Brain_DEI/brain/install/utils/include/utils/utils/srv/detail/subscribing__struct.h\n'}
[0.834014] (utils) StdoutLine: {'line': b'-- Up-to-date symlink: /home/hisham/BFMC/Brain_DEI/brain/install/utils/include/utils/utils/srv/detail/subscribing__type_support.h\n'}
[0.834334] (utils) StdoutLine: {'line': b'-- Up-to-date symlink: /home/hisham/BFMC/Brain_DEI/brain/install/utils/include/utils/utils/srv/request_param.h\n'}
[0.834676] (utils) StdoutLine: {'line': b'-- Up-to-date symlink: /home/hisham/BFMC/Brain_DEI/brain/install/utils/include/utils/utils/srv/subscribing.h\n'}
[0.834964] (utils) StdoutLine: {'line': b'-- Up-to-date symlink: /home/hisham/BFMC/Brain_DEI/brain/install/utils/share/utils/environment/library_path.sh\n'}
[0.835230] (utils) StdoutLine: {'line': b'-- Up-to-date symlink: /home/hisham/BFMC/Brain_DEI/brain/install/utils/share/utils/environment/library_path.dsv\n'}
[0.836108] (utils) StdoutLine: {'line': b'-- Up-to-date symlink: /home/hisham/BFMC/Brain_DEI/brain/install/utils/include/utils/utils/msg/detail/conditions__rosidl_typesupport_fastrtps_c.h\n'}
[0.836309] (utils) StdoutLine: {'line': b'-- Up-to-date symlink: /home/hisham/BFMC/Brain_DEI/brain/install/utils/include/utils/utils/msg/detail/environmental__rosidl_typesupport_fastrtps_c.h\n'}
[0.836652] (utils) StdoutLine: {'line': b'-- Up-to-date symlink: /home/hisham/BFMC/Brain_DEI/brain/install/utils/include/utils/utils/msg/detail/imu__rosidl_typesupport_fastrtps_c.h\n'}
[0.836992] (utils) StdoutLine: {'line': b'-- Up-to-date symlink: /home/hisham/BFMC/Brain_DEI/brain/install/utils/include/utils/utils/msg/detail/localisation__rosidl_typesupport_fastrtps_c.h\n'}
[0.837329] (utils) StdoutLine: {'line': b'-- Up-to-date symlink: /home/hisham/BFMC/Brain_DEI/brain/install/utils/include/utils/utils/msg/detail/log__rosidl_typesupport_fastrtps_c.h\n'}
[0.837666] (utils) StdoutLine: {'line': b'-- Up-to-date symlink: /home/hisham/BFMC/Brain_DEI/brain/install/utils/include/utils/utils/msg/detail/semaphore__rosidl_typesupport_fastrtps_c.h\n'}
[0.838002] (utils) StdoutLine: {'line': b'-- Up-to-date symlink: /home/hisham/BFMC/Brain_DEI/brain/install/utils/include/utils/utils/msg/detail/topic_info__rosidl_typesupport_fastrtps_c.h\n'}
[0.838343] (utils) StdoutLine: {'line': b'-- Up-to-date symlink: /home/hisham/BFMC/Brain_DEI/brain/install/utils/include/utils/utils/msg/detail/trafficsignprediction__rosidl_typesupport_fastrtps_c.h\n'}
[0.838681] (utils) StdoutLine: {'line': b'-- Up-to-date symlink: /home/hisham/BFMC/Brain_DEI/brain/install/utils/include/utils/utils/msg/detail/vehicles__rosidl_typesupport_fastrtps_c.h\n'}
[0.839139] (utils) StdoutLine: {'line': b'-- Up-to-date symlink: /home/hisham/BFMC/Brain_DEI/brain/install/utils/include/utils/utils/msg/rosidl_typesupport_fastrtps_c__visibility_control.h\n'}
[0.839605] (utils) StdoutLine: {'line': b'-- Up-to-date symlink: /home/hisham/BFMC/Brain_DEI/brain/install/utils/include/utils/utils/srv/detail/request_param__rosidl_typesupport_fastrtps_c.h\n'}
[0.840066] (utils) StdoutLine: {'line': b'-- Up-to-date symlink: /home/hisham/BFMC/Brain_DEI/brain/install/utils/include/utils/utils/srv/detail/subscribing__rosidl_typesupport_fastrtps_c.h\n'}
[0.840835] (utils) StdoutLine: {'line': b'-- Up-to-date symlink: /home/hisham/BFMC/Brain_DEI/brain/install/utils/include/utils/utils/msg/detail/conditions__rosidl_typesupport_introspection_c.h\n'}
[0.841297] (utils) StdoutLine: {'line': b'-- Up-to-date symlink: /home/hisham/BFMC/Brain_DEI/brain/install/utils/include/utils/utils/msg/detail/environmental__rosidl_typesupport_introspection_c.h\n'}
[0.841754] (utils) StdoutLine: {'line': b'-- Up-to-date symlink: /home/hisham/BFMC/Brain_DEI/brain/install/utils/include/utils/utils/msg/detail/imu__rosidl_typesupport_introspection_c.h\n'}
[0.842122] (utils) StdoutLine: {'line': b'-- Up-to-date symlink: /home/hisham/BFMC/Brain_DEI/brain/install/utils/include/utils/utils/msg/detail/localisation__rosidl_typesupport_introspection_c.h\n'}
[0.842454] (utils) StdoutLine: {'line': b'-- Up-to-date symlink: /home/hisham/BFMC/Brain_DEI/brain/install/utils/include/utils/utils/msg/detail/log__rosidl_typesupport_introspection_c.h\n'}
[0.842811] (utils) StdoutLine: {'line': b'-- Up-to-date symlink: /home/hisham/BFMC/Brain_DEI/brain/install/utils/include/utils/utils/msg/detail/semaphore__rosidl_typesupport_introspection_c.h\n'}
[0.843157] (utils) StdoutLine: {'line': b'-- Up-to-date symlink: /home/hisham/BFMC/Brain_DEI/brain/install/utils/include/utils/utils/msg/detail/topic_info__rosidl_typesupport_introspection_c.h\n'}
[0.843489] (utils) StdoutLine: {'line': b'-- Up-to-date symlink: /home/hisham/BFMC/Brain_DEI/brain/install/utils/include/utils/utils/msg/detail/trafficsignprediction__rosidl_typesupport_introspection_c.h\n'}
[0.843874] (utils) StdoutLine: {'line': b'-- Up-to-date symlink: /home/hisham/BFMC/Brain_DEI/brain/install/utils/include/utils/utils/msg/detail/vehicles__rosidl_typesupport_introspection_c.h\n'}
[0.844141] (utils) StdoutLine: {'line': b'-- Up-to-date symlink: /home/hisham/BFMC/Brain_DEI/brain/install/utils/include/utils/utils/msg/rosidl_typesupport_introspection_c__visibility_control.h\n'}
[0.844405] (utils) StdoutLine: {'line': b'-- Up-to-date symlink: /home/hisham/BFMC/Brain_DEI/brain/install/utils/include/utils/utils/srv/detail/request_param__rosidl_typesupport_introspection_c.h\n'}
[0.844664] (utils) StdoutLine: {'line': b'-- Up-to-date symlink: /home/hisham/BFMC/Brain_DEI/brain/install/utils/include/utils/utils/srv/detail/subscribing__rosidl_typesupport_introspection_c.h\n'}
[0.845464] (utils) StdoutLine: {'line': b'-- Up-to-date symlink: /home/hisham/BFMC/Brain_DEI/brain/install/utils/include/utils/utils/msg/conditions.hpp\n'}
[0.845733] (utils) StdoutLine: {'line': b'-- Up-to-date symlink: /home/hisham/BFMC/Brain_DEI/brain/install/utils/include/utils/utils/msg/detail/conditions__builder.hpp\n'}
[0.846003] (utils) StdoutLine: {'line': b'-- Up-to-date symlink: /home/hisham/BFMC/Brain_DEI/brain/install/utils/include/utils/utils/msg/detail/conditions__struct.hpp\n'}
[0.846263] (utils) StdoutLine: {'line': b'-- Up-to-date symlink: /home/hisham/BFMC/Brain_DEI/brain/install/utils/include/utils/utils/msg/detail/conditions__traits.hpp\n'}
[0.846524] (utils) StdoutLine: {'line': b'-- Up-to-date symlink: /home/hisham/BFMC/Brain_DEI/brain/install/utils/include/utils/utils/msg/detail/conditions__type_support.hpp\n'}
[0.846791] (utils) StdoutLine: {'line': b'-- Up-to-date symlink: /home/hisham/BFMC/Brain_DEI/brain/install/utils/include/utils/utils/msg/detail/environmental__builder.hpp\n'}
[0.847177] (utils) StdoutLine: {'line': b'-- Up-to-date symlink: /home/hisham/BFMC/Brain_DEI/brain/install/utils/include/utils/utils/msg/detail/environmental__struct.hpp\n'}
[0.847555] (utils) StdoutLine: {'line': b'-- Up-to-date symlink: /home/hisham/BFMC/Brain_DEI/brain/install/utils/include/utils/utils/msg/detail/environmental__traits.hpp\n'}
[0.847939] (utils) StdoutLine: {'line': b'-- Up-to-date symlink: /home/hisham/BFMC/Brain_DEI/brain/install/utils/include/utils/utils/msg/detail/environmental__type_support.hpp\n'}
[0.848375] (utils) StdoutLine: {'line': b'-- Up-to-date symlink: /home/hisham/BFMC/Brain_DEI/brain/install/utils/include/utils/utils/msg/detail/imu__builder.hpp\n'}
[0.848832] (utils) StdoutLine: {'line': b'-- Up-to-date symlink: /home/hisham/BFMC/Brain_DEI/brain/install/utils/include/utils/utils/msg/detail/imu__struct.hpp\n'}
[0.849278] (utils) StdoutLine: {'line': b'-- Up-to-date symlink: /home/hisham/BFMC/Brain_DEI/brain/install/utils/include/utils/utils/msg/detail/imu__traits.hpp\n'}
[0.849873] (utils) StdoutLine: {'line': b'-- Up-to-date symlink: /home/hisham/BFMC/Brain_DEI/brain/install/utils/include/utils/utils/msg/detail/imu__type_support.hpp\n'}
[0.850379] (utils) StdoutLine: {'line': b'-- Up-to-date symlink: /home/hisham/BFMC/Brain_DEI/brain/install/utils/include/utils/utils/msg/detail/localisation__builder.hpp\n'}
[0.850733] (utils) StdoutLine: {'line': b'-- Up-to-date symlink: /home/hisham/BFMC/Brain_DEI/brain/install/utils/include/utils/utils/msg/detail/localisation__struct.hpp\n'}
[0.851252] (utils) StdoutLine: {'line': b'-- Up-to-date symlink: /home/hisham/BFMC/Brain_DEI/brain/install/utils/include/utils/utils/msg/detail/localisation__traits.hpp\n'}
[0.851769] (utils) StdoutLine: {'line': b'-- Up-to-date symlink: /home/hisham/BFMC/Brain_DEI/brain/install/utils/include/utils/utils/msg/detail/localisation__type_support.hpp\n'}
[0.852296] (utils) StdoutLine: {'line': b'-- Up-to-date symlink: /home/hisham/BFMC/Brain_DEI/brain/install/utils/include/utils/utils/msg/detail/log__builder.hpp\n'}
[0.852772] (utils) StdoutLine: {'line': b'-- Up-to-date symlink: /home/hisham/BFMC/Brain_DEI/brain/install/utils/include/utils/utils/msg/detail/log__struct.hpp\n'}
[0.853248] (utils) StdoutLine: {'line': b'-- Up-to-date symlink: /home/hisham/BFMC/Brain_DEI/brain/install/utils/include/utils/utils/msg/detail/log__traits.hpp\n'}
[0.853757] (utils) StdoutLine: {'line': b'-- Up-to-date symlink: /home/hisham/BFMC/Brain_DEI/brain/install/utils/include/utils/utils/msg/detail/log__type_support.hpp\n'}
[0.854239] (utils) StdoutLine: {'line': b'-- Up-to-date symlink: /home/hisham/BFMC/Brain_DEI/brain/install/utils/include/utils/utils/msg/detail/semaphore__builder.hpp\n'}
[0.854705] (utils) StdoutLine: {'line': b'-- Up-to-date symlink: /home/hisham/BFMC/Brain_DEI/brain/install/utils/include/utils/utils/msg/detail/semaphore__struct.hpp\n'}
[0.855211] (utils) StdoutLine: {'line': b'-- Up-to-date symlink: /home/hisham/BFMC/Brain_DEI/brain/install/utils/include/utils/utils/msg/detail/semaphore__traits.hpp\n'}
[0.855732] (utils) StdoutLine: {'line': b'-- Up-to-date symlink: /home/hisham/BFMC/Brain_DEI/brain/install/utils/include/utils/utils/msg/detail/semaphore__type_support.hpp\n'}
[0.856255] (utils) StdoutLine: {'line': b'-- Up-to-date symlink: /home/hisham/BFMC/Brain_DEI/brain/install/utils/include/utils/utils/msg/detail/topic_info__builder.hpp\n'}
[0.856779] (utils) StdoutLine: {'line': b'-- Up-to-date symlink: /home/hisham/BFMC/Brain_DEI/brain/install/utils/include/utils/utils/msg/detail/topic_info__struct.hpp\n'}
[0.857131] (utils) StdoutLine: {'line': b'-- Up-to-date symlink: /home/hisham/BFMC/Brain_DEI/brain/install/utils/include/utils/utils/msg/detail/topic_info__traits.hpp\n'}
[0.857598] (utils) StdoutLine: {'line': b'-- Up-to-date symlink: /home/hisham/BFMC/Brain_DEI/brain/install/utils/include/utils/utils/msg/detail/topic_info__type_support.hpp\n'}
[0.858108] (utils) StdoutLine: {'line': b'-- Up-to-date symlink: /home/hisham/BFMC/Brain_DEI/brain/install/utils/include/utils/utils/msg/detail/trafficsignprediction__builder.hpp\n'}
[0.858627] (utils) StdoutLine: {'line': b'-- Up-to-date symlink: /home/hisham/BFMC/Brain_DEI/brain/install/utils/include/utils/utils/msg/detail/trafficsignprediction__struct.hpp\n'}
[0.859149] (utils) StdoutLine: {'line': b'-- Up-to-date symlink: /home/hisham/BFMC/Brain_DEI/brain/install/utils/include/utils/utils/msg/detail/trafficsignprediction__traits.hpp\n'}
[0.859622] (utils) StdoutLine: {'line': b'-- Up-to-date symlink: /home/hisham/BFMC/Brain_DEI/brain/install/utils/include/utils/utils/msg/detail/trafficsignprediction__type_support.hpp\n'}
[0.860140] (utils) StdoutLine: {'line': b'-- Up-to-date symlink: /home/hisham/BFMC/Brain_DEI/brain/install/utils/include/utils/utils/msg/detail/vehicles__builder.hpp\n'}
[0.860654] (utils) StdoutLine: {'line': b'-- Up-to-date symlink: /home/hisham/BFMC/Brain_DEI/brain/install/utils/include/utils/utils/msg/detail/vehicles__struct.hpp\n'}
[0.861172] (utils) StdoutLine: {'line': b'-- Up-to-date symlink: /home/hisham/BFMC/Brain_DEI/brain/install/utils/include/utils/utils/msg/detail/vehicles__traits.hpp\n'}
[0.861527] (utils) StdoutLine: {'line': b'-- Up-to-date symlink: /home/hisham/BFMC/Brain_DEI/brain/install/utils/include/utils/utils/msg/detail/vehicles__type_support.hpp\n'}
[0.861865] (utils) StdoutLine: {'line': b'-- Up-to-date symlink: /home/hisham/BFMC/Brain_DEI/brain/install/utils/include/utils/utils/msg/environmental.hpp\n'}
[0.862248] (utils) StdoutLine: {'line': b'-- Up-to-date symlink: /home/hisham/BFMC/Brain_DEI/brain/install/utils/include/utils/utils/msg/imu.hpp\n'}
[0.862642] (utils) StdoutLine: {'line': b'-- Up-to-date symlink: /home/hisham/BFMC/Brain_DEI/brain/install/utils/include/utils/utils/msg/localisation.hpp\n'}
[0.863038] (utils) StdoutLine: {'line': b'-- Up-to-date symlink: /home/hisham/BFMC/Brain_DEI/brain/install/utils/include/utils/utils/msg/log.hpp\n'}
[0.863383] (utils) StdoutLine: {'line': b'-- Up-to-date symlink: /home/hisham/BFMC/Brain_DEI/brain/install/utils/include/utils/utils/msg/rosidl_generator_cpp__visibility_control.hpp\n'}
[0.863728] (utils) StdoutLine: {'line': b'-- Up-to-date symlink: /home/hisham/BFMC/Brain_DEI/brain/install/utils/include/utils/utils/msg/semaphore.hpp\n'}
[0.864114] (utils) StdoutLine: {'line': b'-- Up-to-date symlink: /home/hisham/BFMC/Brain_DEI/brain/install/utils/include/utils/utils/msg/topic_info.hpp\n'}
[0.864461] (utils) StdoutLine: {'line': b'-- Up-to-date symlink: /home/hisham/BFMC/Brain_DEI/brain/install/utils/include/utils/utils/msg/trafficsignprediction.hpp\n'}
[0.864804] (utils) StdoutLine: {'line': b'-- Up-to-date symlink: /home/hisham/BFMC/Brain_DEI/brain/install/utils/include/utils/utils/msg/vehicles.hpp\n'}
[0.865146] (utils) StdoutLine: {'line': b'-- Up-to-date symlink: /home/hisham/BFMC/Brain_DEI/brain/install/utils/include/utils/utils/srv/detail/request_param__builder.hpp\n'}
[0.865482] (utils) StdoutLine: {'line': b'-- Up-to-date symlink: /home/hisham/BFMC/Brain_DEI/brain/install/utils/include/utils/utils/srv/detail/request_param__struct.hpp\n'}
[0.865831] (utils) StdoutLine: {'line': b'-- Up-to-date symlink: /home/hisham/BFMC/Brain_DEI/brain/install/utils/include/utils/utils/srv/detail/request_param__traits.hpp\n'}
[0.866218] (utils) StdoutLine: {'line': b'-- Up-to-date symlink: /home/hisham/BFMC/Brain_DEI/brain/install/utils/include/utils/utils/srv/detail/request_param__type_support.hpp\n'}
[0.866566] (utils) StdoutLine: {'line': b'-- Up-to-date symlink: /home/hisham/BFMC/Brain_DEI/brain/install/utils/include/utils/utils/srv/detail/subscribing__builder.hpp\n'}
[0.867077] (utils) StdoutLine: {'line': b'-- Up-to-date symlink: /home/hisham/BFMC/Brain_DEI/brain/install/utils/include/utils/utils/srv/detail/subscribing__struct.hpp\n'}
[0.867596] (utils) StdoutLine: {'line': b'-- Up-to-date symlink: /home/hisham/BFMC/Brain_DEI/brain/install/utils/include/utils/utils/srv/detail/subscribing__traits.hpp\n'}
[0.867999] (utils) StdoutLine: {'line': b'-- Up-to-date symlink: /home/hisham/BFMC/Brain_DEI/brain/install/utils/include/utils/utils/srv/detail/subscribing__type_support.hpp\n'}
[0.868625] (utils) StdoutLine: {'line': b'-- Up-to-date symlink: /home/hisham/BFMC/Brain_DEI/brain/install/utils/include/utils/utils/srv/request_param.hpp\n'}
[0.869162] (utils) StdoutLine: {'line': b'-- Up-to-date symlink: /home/hisham/BFMC/Brain_DEI/brain/install/utils/include/utils/utils/srv/subscribing.hpp\n'}
[0.870256] (utils) StdoutLine: {'line': b'-- Up-to-date symlink: /home/hisham/BFMC/Brain_DEI/brain/install/utils/include/utils/utils/msg/detail/conditions__rosidl_typesupport_fastrtps_cpp.hpp\n'}
[0.870651] (utils) StdoutLine: {'line': b'-- Up-to-date symlink: /home/hisham/BFMC/Brain_DEI/brain/install/utils/include/utils/utils/msg/detail/environmental__rosidl_typesupport_fastrtps_cpp.hpp\n'}
[0.871040] (utils) StdoutLine: {'line': b'-- Up-to-date symlink: /home/hisham/BFMC/Brain_DEI/brain/install/utils/include/utils/utils/msg/detail/imu__rosidl_typesupport_fastrtps_cpp.hpp\n'}
[0.871436] (utils) StdoutLine: {'line': b'-- Up-to-date symlink: /home/hisham/BFMC/Brain_DEI/brain/install/utils/include/utils/utils/msg/detail/localisation__rosidl_typesupport_fastrtps_cpp.hpp\n'}
[0.871827] (utils) StdoutLine: {'line': b'-- Up-to-date symlink: /home/hisham/BFMC/Brain_DEI/brain/install/utils/include/utils/utils/msg/detail/log__rosidl_typesupport_fastrtps_cpp.hpp\n'}
[0.872220] (utils) StdoutLine: {'line': b'-- Up-to-date symlink: /home/hisham/BFMC/Brain_DEI/brain/install/utils/include/utils/utils/msg/detail/semaphore__rosidl_typesupport_fastrtps_cpp.hpp\n'}
[0.872571] (utils) StdoutLine: {'line': b'-- Up-to-date symlink: /home/hisham/BFMC/Brain_DEI/brain/install/utils/include/utils/utils/msg/detail/topic_info__rosidl_typesupport_fastrtps_cpp.hpp\n'}
[0.872959] (utils) StdoutLine: {'line': b'-- Up-to-date symlink: /home/hisham/BFMC/Brain_DEI/brain/install/utils/include/utils/utils/msg/detail/trafficsignprediction__rosidl_typesupport_fastrtps_cpp.hpp\n'}
[0.873353] (utils) StdoutLine: {'line': b'-- Up-to-date symlink: /home/hisham/BFMC/Brain_DEI/brain/install/utils/include/utils/utils/msg/detail/vehicles__rosidl_typesupport_fastrtps_cpp.hpp\n'}
[0.873747] (utils) StdoutLine: {'line': b'-- Up-to-date symlink: /home/hisham/BFMC/Brain_DEI/brain/install/utils/include/utils/utils/msg/rosidl_typesupport_fastrtps_cpp__visibility_control.h\n'}
[0.874187] (utils) StdoutLine: {'line': b'-- Up-to-date symlink: /home/hisham/BFMC/Brain_DEI/brain/install/utils/include/utils/utils/srv/detail/request_param__rosidl_typesupport_fastrtps_cpp.hpp\n'}
[0.874580] (utils) StdoutLine: {'line': b'-- Up-to-date symlink: /home/hisham/BFMC/Brain_DEI/brain/install/utils/include/utils/utils/srv/detail/subscribing__rosidl_typesupport_fastrtps_cpp.hpp\n'}
[0.875542] (utils) StdoutLine: {'line': b'-- Up-to-date symlink: /home/hisham/BFMC/Brain_DEI/brain/install/utils/include/utils/utils/msg/detail/conditions__rosidl_typesupport_introspection_cpp.hpp\n'}
[0.875887] (utils) StdoutLine: {'line': b'-- Up-to-date symlink: /home/hisham/BFMC/Brain_DEI/brain/install/utils/include/utils/utils/msg/detail/environmental__rosidl_typesupport_introspection_cpp.hpp\n'}
[0.876221] (utils) StdoutLine: {'line': b'-- Up-to-date symlink: /home/hisham/BFMC/Brain_DEI/brain/install/utils/include/utils/utils/msg/detail/imu__rosidl_typesupport_introspection_cpp.hpp\n'}
[0.876552] (utils) StdoutLine: {'line': b'-- Up-to-date symlink: /home/hisham/BFMC/Brain_DEI/brain/install/utils/include/utils/utils/msg/detail/localisation__rosidl_typesupport_introspection_cpp.hpp\n'}
[0.876899] (utils) StdoutLine: {'line': b'-- Up-to-date symlink: /home/hisham/BFMC/Brain_DEI/brain/install/utils/include/utils/utils/msg/detail/log__rosidl_typesupport_introspection_cpp.hpp\n'}
[0.877277] (utils) StdoutLine: {'line': b'-- Up-to-date symlink: /home/hisham/BFMC/Brain_DEI/brain/install/utils/include/utils/utils/msg/detail/semaphore__rosidl_typesupport_introspection_cpp.hpp\n'}
[0.877673] (utils) StdoutLine: {'line': b'-- Up-to-date symlink: /home/hisham/BFMC/Brain_DEI/brain/install/utils/include/utils/utils/msg/detail/topic_info__rosidl_typesupport_introspection_cpp.hpp\n'}
[0.878065] (utils) StdoutLine: {'line': b'-- Up-to-date symlink: /home/hisham/BFMC/Brain_DEI/brain/install/utils/include/utils/utils/msg/detail/trafficsignprediction__rosidl_typesupport_introspection_cpp.hpp\n'}
[0.878448] (utils) StdoutLine: {'line': b'-- Up-to-date symlink: /home/hisham/BFMC/Brain_DEI/brain/install/utils/include/utils/utils/msg/detail/vehicles__rosidl_typesupport_introspection_cpp.hpp\n'}
[0.878757] (utils) StdoutLine: {'line': b'-- Up-to-date symlink: /home/hisham/BFMC/Brain_DEI/brain/install/utils/include/utils/utils/srv/detail/request_param__rosidl_typesupport_introspection_cpp.hpp\n'}
[0.879190] (utils) StdoutLine: {'line': b'-- Up-to-date symlink: /home/hisham/BFMC/Brain_DEI/brain/install/utils/include/utils/utils/srv/detail/subscribing__rosidl_typesupport_introspection_cpp.hpp\n'}
[0.879551] (utils) StdoutLine: {'line': b'-- Up-to-date symlink: /home/hisham/BFMC/Brain_DEI/brain/install/utils/share/utils/environment/pythonpath.sh\n'}
[0.879878] (utils) StdoutLine: {'line': b'-- Up-to-date symlink: /home/hisham/BFMC/Brain_DEI/brain/install/utils/share/utils/environment/pythonpath.dsv\n'}
[0.880334] (utils) StdoutLine: {'line': b'-- Up-to-date symlink: /home/hisham/BFMC/Brain_DEI/brain/install/utils/lib/python3.12/site-packages/utils-0.0.0-py3.12.egg-info/PKG-INFO\n'}
[0.880600] (utils) StdoutLine: {'line': b'-- Up-to-date symlink: /home/hisham/BFMC/Brain_DEI/brain/install/utils/lib/python3.12/site-packages/utils-0.0.0-py3.12.egg-info/SOURCES.txt\n'}
[0.881073] (utils) StdoutLine: {'line': b'-- Up-to-date symlink: /home/hisham/BFMC/Brain_DEI/brain/install/utils/lib/python3.12/site-packages/utils-0.0.0-py3.12.egg-info/dependency_links.txt\n'}
[0.881398] (utils) StdoutLine: {'line': b'-- Up-to-date symlink: /home/hisham/BFMC/Brain_DEI/brain/install/utils/lib/python3.12/site-packages/utils-0.0.0-py3.12.egg-info/top_level.txt\n'}
[0.882363] (utils) StdoutLine: {'line': b'-- Up-to-date symlink: /home/hisham/BFMC/Brain_DEI/brain/install/utils/lib/python3.12/site-packages/utils/__init__.py\n'}
[0.882755] (utils) StdoutLine: {'line': b'-- Up-to-date symlink: /home/hisham/BFMC/Brain_DEI/brain/install/utils/lib/python3.12/site-packages/utils/_utils_s.ep.rosidl_typesupport_c.c\n'}
[0.883195] (utils) StdoutLine: {'line': b'-- Up-to-date symlink: /home/hisham/BFMC/Brain_DEI/brain/install/utils/lib/python3.12/site-packages/utils/_utils_s.ep.rosidl_typesupport_fastrtps_c.c\n'}
[0.883624] (utils) StdoutLine: {'line': b'-- Up-to-date symlink: /home/hisham/BFMC/Brain_DEI/brain/install/utils/lib/python3.12/site-packages/utils/_utils_s.ep.rosidl_typesupport_introspection_c.c\n'}
[0.884066] (utils) StdoutLine: {'line': b'-- Up-to-date symlink: /home/hisham/BFMC/Brain_DEI/brain/install/utils/lib/python3.12/site-packages/utils/msg/__init__.py\n'}
[0.884509] (utils) StdoutLine: {'line': b'-- Up-to-date symlink: /home/hisham/BFMC/Brain_DEI/brain/install/utils/lib/python3.12/site-packages/utils/msg/_conditions.py\n'}
[0.884953] (utils) StdoutLine: {'line': b'-- Up-to-date symlink: /home/hisham/BFMC/Brain_DEI/brain/install/utils/lib/python3.12/site-packages/utils/msg/_conditions_s.c\n'}
[0.885394] (utils) StdoutLine: {'line': b'-- Up-to-date symlink: /home/hisham/BFMC/Brain_DEI/brain/install/utils/lib/python3.12/site-packages/utils/msg/_environmental.py\n'}
[0.885753] (utils) StdoutLine: {'line': b'-- Up-to-date symlink: /home/hisham/BFMC/Brain_DEI/brain/install/utils/lib/python3.12/site-packages/utils/msg/_environmental_s.c\n'}
[0.886239] (utils) StdoutLine: {'line': b'-- Up-to-date symlink: /home/hisham/BFMC/Brain_DEI/brain/install/utils/lib/python3.12/site-packages/utils/msg/_imu.py\n'}
[0.886677] (utils) StdoutLine: {'line': b'-- Up-to-date symlink: /home/hisham/BFMC/Brain_DEI/brain/install/utils/lib/python3.12/site-packages/utils/msg/_imu_s.c\n'}
[0.887121] (utils) StdoutLine: {'line': b'-- Up-to-date symlink: /home/hisham/BFMC/Brain_DEI/brain/install/utils/lib/python3.12/site-packages/utils/msg/_localisation.py\n'}
[0.887513] (utils) StdoutLine: {'line': b'-- Up-to-date symlink: /home/hisham/BFMC/Brain_DEI/brain/install/utils/lib/python3.12/site-packages/utils/msg/_localisation_s.c\n'}
[0.887960] (utils) StdoutLine: {'line': b'-- Up-to-date symlink: /home/hisham/BFMC/Brain_DEI/brain/install/utils/lib/python3.12/site-packages/utils/msg/_log.py\n'}
[0.888398] (utils) StdoutLine: {'line': b'-- Up-to-date symlink: /home/hisham/BFMC/Brain_DEI/brain/install/utils/lib/python3.12/site-packages/utils/msg/_log_s.c\n'}
[0.888590] (utils) StdoutLine: {'line': b'-- Up-to-date symlink: /home/hisham/BFMC/Brain_DEI/brain/install/utils/lib/python3.12/site-packages/utils/msg/_semaphore.py\n'}
[0.889017] (utils) StdoutLine: {'line': b'-- Up-to-date symlink: /home/hisham/BFMC/Brain_DEI/brain/install/utils/lib/python3.12/site-packages/utils/msg/_semaphore_s.c\n'}
[0.889430] (utils) StdoutLine: {'line': b'-- Up-to-date symlink: /home/hisham/BFMC/Brain_DEI/brain/install/utils/lib/python3.12/site-packages/utils/msg/_topic_info.py\n'}
[0.889773] (utils) StdoutLine: {'line': b'-- Up-to-date symlink: /home/hisham/BFMC/Brain_DEI/brain/install/utils/lib/python3.12/site-packages/utils/msg/_topic_info_s.c\n'}
[0.890207] (utils) StdoutLine: {'line': b'-- Up-to-date symlink: /home/hisham/BFMC/Brain_DEI/brain/install/utils/lib/python3.12/site-packages/utils/msg/_trafficsignprediction.py\n'}
[0.890600] (utils) StdoutLine: {'line': b'-- Up-to-date symlink: /home/hisham/BFMC/Brain_DEI/brain/install/utils/lib/python3.12/site-packages/utils/msg/_trafficsignprediction_s.c\n'}
[0.890959] (utils) StdoutLine: {'line': b'-- Up-to-date symlink: /home/hisham/BFMC/Brain_DEI/brain/install/utils/lib/python3.12/site-packages/utils/msg/_vehicles.py\n'}
[0.891440] (utils) StdoutLine: {'line': b'-- Up-to-date symlink: /home/hisham/BFMC/Brain_DEI/brain/install/utils/lib/python3.12/site-packages/utils/msg/_vehicles_s.c\n'}
[0.891813] (utils) StdoutLine: {'line': b'-- Up-to-date symlink: /home/hisham/BFMC/Brain_DEI/brain/install/utils/lib/python3.12/site-packages/utils/srv/__init__.py\n'}
[0.892244] (utils) StdoutLine: {'line': b'-- Up-to-date symlink: /home/hisham/BFMC/Brain_DEI/brain/install/utils/lib/python3.12/site-packages/utils/srv/_request_param.py\n'}
[0.892632] (utils) StdoutLine: {'line': b'-- Up-to-date symlink: /home/hisham/BFMC/Brain_DEI/brain/install/utils/lib/python3.12/site-packages/utils/srv/_request_param_s.c\n'}
[0.893025] (utils) StdoutLine: {'line': b'-- Up-to-date symlink: /home/hisham/BFMC/Brain_DEI/brain/install/utils/lib/python3.12/site-packages/utils/srv/_subscribing.py\n'}
[0.893417] (utils) StdoutLine: {'line': b'-- Up-to-date symlink: /home/hisham/BFMC/Brain_DEI/brain/install/utils/lib/python3.12/site-packages/utils/srv/_subscribing_s.c\n'}
[0.893728] (utils) StdoutLine: {'line': b'-- Up-to-date symlink: /home/hisham/BFMC/Brain_DEI/brain/install/utils/lib/python3.12/site-packages/utils/utils_s__rosidl_typesupport_c.so\n'}
[0.894115] (utils) StdoutLine: {'line': b'-- Up-to-date symlink: /home/hisham/BFMC/Brain_DEI/brain/install/utils/lib/python3.12/site-packages/utils/utils_s__rosidl_typesupport_fastrtps_c.so\n'}
[0.894438] (utils) StdoutLine: {'line': b'-- Up-to-date symlink: /home/hisham/BFMC/Brain_DEI/brain/install/utils/lib/python3.12/site-packages/utils/utils_s__rosidl_typesupport_introspection_c.so\n'}
[0.894886] (utils) StdoutLine: {'line': b'-- Up-to-date symlink: /home/hisham/BFMC/Brain_DEI/brain/install/utils/lib/python3.12/site-packages/utils/utils_s__rosidl_typesupport_fastrtps_c.so\n'}
[0.895453] (utils) StdoutLine: {'line': b'-- Up-to-date symlink: /home/hisham/BFMC/Brain_DEI/brain/install/utils/lib/python3.12/site-packages/utils/utils_s__rosidl_typesupport_introspection_c.so\n'}
[0.896013] (utils) StdoutLine: {'line': b'-- Up-to-date symlink: /home/hisham/BFMC/Brain_DEI/brain/install/utils/lib/python3.12/site-packages/utils/utils_s__rosidl_typesupport_c.so\n'}
[0.896362] (utils) StdoutLine: {'line': b'-- Up-to-date symlink: /home/hisham/BFMC/Brain_DEI/brain/install/utils/share/utils/msg/IMU.idl\n'}
[0.896707] (utils) StdoutLine: {'line': b'-- Up-to-date symlink: /home/hisham/BFMC/Brain_DEI/brain/install/utils/share/utils/msg/Localisation.idl\n'}
[0.897124] (utils) StdoutLine: {'line': b'-- Up-to-date symlink: /home/hisham/BFMC/Brain_DEI/brain/install/utils/share/utils/msg/Vehicles.idl\n'}
[0.897487] (utils) StdoutLine: {'line': b'-- Up-to-date symlink: /home/hisham/BFMC/Brain_DEI/brain/install/utils/share/utils/msg/Environmental.idl\n'}
[0.897873] (utils) StdoutLine: {'line': b'-- Up-to-date symlink: /home/hisham/BFMC/Brain_DEI/brain/install/utils/share/utils/msg/Log.idl\n'}
[0.898188] (utils) StdoutLine: {'line': b'-- Up-to-date symlink: /home/hisham/BFMC/Brain_DEI/brain/install/utils/share/utils/msg/TopicInfo.idl\n'}
[0.898497] (utils) StdoutLine: {'line': b'-- Up-to-date symlink: /home/hisham/BFMC/Brain_DEI/brain/install/utils/share/utils/msg/Semaphore.idl\n'}
[0.898800] (utils) StdoutLine: {'line': b'-- Up-to-date symlink: /home/hisham/BFMC/Brain_DEI/brain/install/utils/share/utils/msg/Conditions.idl\n'}
[0.899152] (utils) StdoutLine: {'line': b'-- Up-to-date symlink: /home/hisham/BFMC/Brain_DEI/brain/install/utils/share/utils/msg/Trafficsignprediction.idl\n'}
[0.899616] (utils) StdoutLine: {'line': b'-- Up-to-date symlink: /home/hisham/BFMC/Brain_DEI/brain/install/utils/share/utils/srv/Subscribing.idl\n'}
[0.900788] (utils) StdoutLine: {'line': b'-- Up-to-date symlink: /home/hisham/BFMC/Brain_DEI/brain/install/utils/share/utils/srv/RequestParam.idl\n'}
[0.901129] (-) TimerEvent: {}
[0.901744] (utils) StdoutLine: {'line': b'-- Up-to-date symlink: /home/hisham/BFMC/Brain_DEI/brain/install/utils/share/utils/msg/IMU.msg\n'}
[0.903067] (utils) StdoutLine: {'line': b'-- Up-to-date symlink: /home/hisham/BFMC/Brain_DEI/brain/install/utils/share/utils/msg/Localisation.msg\n'}
[0.904323] (utils) StdoutLine: {'line': b'-- Up-to-date symlink: /home/hisham/BFMC/Brain_DEI/brain/install/utils/share/utils/msg/Vehicles.msg\n'}
[0.905537] (utils) StdoutLine: {'line': b'-- Up-to-date symlink: /home/hisham/BFMC/Brain_DEI/brain/install/utils/share/utils/msg/Environmental.msg\n'}
[0.906335] (utils) StdoutLine: {'line': b'-- Up-to-date symlink: /home/hisham/BFMC/Brain_DEI/brain/install/utils/share/utils/msg/Log.msg\n'}
[0.907360] (utils) StdoutLine: {'line': b'-- Up-to-date symlink: /home/hisham/BFMC/Brain_DEI/brain/install/utils/share/utils/msg/TopicInfo.msg\n'}
[0.908490] (utils) StdoutLine: {'line': b'-- Up-to-date symlink: /home/hisham/BFMC/Brain_DEI/brain/install/utils/share/utils/msg/Semaphore.msg\n'}
[0.909865] (utils) StdoutLine: {'line': b'-- Up-to-date symlink: /home/hisham/BFMC/Brain_DEI/brain/install/utils/share/utils/msg/Conditions.msg\n'}
[0.911370] (utils) StdoutLine: {'line': b'-- Up-to-date symlink: /home/hisham/BFMC/Brain_DEI/brain/install/utils/share/utils/msg/Trafficsignprediction.msg\n'}
[0.912126] (utils) StdoutLine: {'line': b'-- Up-to-date symlink: /home/hisham/BFMC/Brain_DEI/brain/install/utils/share/utils/srv/Subscribing.srv\n'}
[0.912384] (utils) StdoutLine: {'line': b'-- Up-to-date symlink: /home/hisham/BFMC/Brain_DEI/brain/install/utils/share/utils/srv/RequestParam.srv\n'}
[0.912749] (utils) StdoutLine: {'line': b'-- Up-to-date symlink: /home/hisham/BFMC/Brain_DEI/brain/install/utils/share/utils/launch/run_automobile.launch.py\n'}
[0.913126] (utils) StdoutLine: {'line': b'-- Up-to-date symlink: /home/hisham/BFMC/Brain_DEI/brain/install/utils/share/ament_index/resource_index/package_run_dependencies/utils\n'}
[0.913490] (utils) StdoutLine: {'line': b'-- Up-to-date symlink: /home/hisham/BFMC/Brain_DEI/brain/install/utils/share/ament_index/resource_index/parent_prefix_path/utils\n'}
[0.913929] (utils) StdoutLine: {'line': b'-- Up-to-date symlink: /home/hisham/BFMC/Brain_DEI/brain/install/utils/share/utils/environment/ament_prefix_path.sh\n'}
[0.914286] (utils) StdoutLine: {'line': b'-- Up-to-date symlink: /home/hisham/BFMC/Brain_DEI/brain/install/utils/share/utils/environment/ament_prefix_path.dsv\n'}
[0.914463] (utils) StdoutLine: {'line': b'-- Up-to-date symlink: /home/hisham/BFMC/Brain_DEI/brain/install/utils/share/utils/environment/path.sh\n'}
[0.914745] (utils) StdoutLine: {'line': b'-- Up-to-date symlink: /home/hisham/BFMC/Brain_DEI/brain/install/utils/share/utils/environment/path.dsv\n'}
[0.915174] (utils) StdoutLine: {'line': b'-- Up-to-date symlink: /home/hisham/BFMC/Brain_DEI/brain/install/utils/share/utils/local_setup.bash\n'}
[0.915480] (utils) StdoutLine: {'line': b'-- Up-to-date symlink: /home/hisham/BFMC/Brain_DEI/brain/install/utils/share/utils/local_setup.sh\n'}
[0.915722] (utils) StdoutLine: {'line': b'-- Up-to-date symlink: /home/hisham/BFMC/Brain_DEI/brain/install/utils/share/utils/local_setup.zsh\n'}
[0.916095] (utils) StdoutLine: {'line': b'-- Up-to-date symlink: /home/hisham/BFMC/Brain_DEI/brain/install/utils/share/utils/local_setup.dsv\n'}
[0.916202] (utils) StdoutLine: {'line': b'-- Symlinking: /home/hisham/BFMC/Brain_DEI/brain/install/utils/share/utils/package.dsv\n'}
[0.923503] (utils) StdoutLine: {'line': b'-- Up-to-date symlink: /home/hisham/BFMC/Brain_DEI/brain/install/utils/share/ament_index/resource_index/packages/utils\n'}
[0.923935] (utils) StdoutLine: {'line': b'-- Up-to-date symlink: /home/hisham/BFMC/Brain_DEI/brain/install/utils/share/utils/cmake/rosidl_cmake-extras.cmake\n'}
[0.924357] (utils) StdoutLine: {'line': b'-- Up-to-date symlink: /home/hisham/BFMC/Brain_DEI/brain/install/utils/share/utils/cmake/ament_cmake_export_dependencies-extras.cmake\n'}
[0.924653] (utils) StdoutLine: {'line': b'-- Up-to-date symlink: /home/hisham/BFMC/Brain_DEI/brain/install/utils/share/utils/cmake/ament_cmake_export_include_directories-extras.cmake\n'}
[0.925057] (utils) StdoutLine: {'line': b'-- Up-to-date symlink: /home/hisham/BFMC/Brain_DEI/brain/install/utils/share/utils/cmake/ament_cmake_export_libraries-extras.cmake\n'}
[0.925426] (utils) StdoutLine: {'line': b'-- Up-to-date symlink: /home/hisham/BFMC/Brain_DEI/brain/install/utils/share/utils/cmake/ament_cmake_export_targets-extras.cmake\n'}
[0.925816] (utils) StdoutLine: {'line': b'-- Up-to-date symlink: /home/hisham/BFMC/Brain_DEI/brain/install/utils/share/utils/cmake/rosidl_cmake_export_typesupport_targets-extras.cmake\n'}
[0.926285] (utils) StdoutLine: {'line': b'-- Up-to-date symlink: /home/hisham/BFMC/Brain_DEI/brain/install/utils/share/utils/cmake/rosidl_cmake_export_typesupport_libraries-extras.cmake\n'}
[0.926591] (utils) StdoutLine: {'line': b'-- Up-to-date symlink: /home/hisham/BFMC/Brain_DEI/brain/install/utils/share/utils/cmake/utilsConfig.cmake\n'}
[0.926938] (utils) StdoutLine: {'line': b'-- Up-to-date symlink: /home/hisham/BFMC/Brain_DEI/brain/install/utils/share/utils/cmake/utilsConfig-version.cmake\n'}
[0.927048] (utils) StdoutLine: {'line': b'-- Up-to-date symlink: /home/hisham/BFMC/Brain_DEI/brain/install/utils/share/utils/package.xml\n'}
[0.928778] (utils) StdoutLine: {'line': b'-- Up-to-date: /home/hisham/BFMC/Brain_DEI/brain/install/utils/lib/libutils__rosidl_generator_c.so\n'}
[0.929490] (utils) StdoutLine: {'line': b'-- Up-to-date: /home/hisham/BFMC/Brain_DEI/brain/install/utils/lib/libutils__rosidl_typesupport_fastrtps_c.so\n'}
[0.930318] (utils) StdoutLine: {'line': b'-- Up-to-date: /home/hisham/BFMC/Brain_DEI/brain/install/utils/lib/libutils__rosidl_typesupport_introspection_c.so\n'}
[0.931647] (utils) StdoutLine: {'line': b'-- Up-to-date: /home/hisham/BFMC/Brain_DEI/brain/install/utils/lib/libutils__rosidl_typesupport_c.so\n'}
[0.932282] (utils) StdoutLine: {'line': b'-- Up-to-date: /home/hisham/BFMC/Brain_DEI/brain/install/utils/lib/libutils__rosidl_typesupport_fastrtps_cpp.so\n'}
[0.933456] (utils) StdoutLine: {'line': b'-- Up-to-date: /home/hisham/BFMC/Brain_DEI/brain/install/utils/lib/libutils__rosidl_typesupport_introspection_cpp.so\n'}
[0.934267] (utils) StdoutLine: {'line': b'-- Up-to-date: /home/hisham/BFMC/Brain_DEI/brain/install/utils/lib/libutils__rosidl_typesupport_cpp.so\n'}
[0.969078] (utils) StdoutLine: {'line': b"Listing '/home/hisham/BFMC/Brain_DEI/brain/install/utils/lib/python3.12/site-packages/utils'...\n"}
[0.969584] (utils) StdoutLine: {'line': b"Listing '/home/hisham/BFMC/Brain_DEI/brain/install/utils/lib/python3.12/site-packages/utils/msg'...\n"}
[0.969961] (utils) StdoutLine: {'line': b"Listing '/home/hisham/BFMC/Brain_DEI/brain/install/utils/lib/python3.12/site-packages/utils/srv'...\n"}
[0.980984] (utils) StdoutLine: {'line': b'-- Up-to-date: /home/hisham/BFMC/Brain_DEI/brain/install/utils/lib/libutils__rosidl_generator_py.so\n'}
[0.981681] (utils) StdoutLine: {'line': b'-- Up-to-date: /home/hisham/BFMC/Brain_DEI/brain/install/utils/share/utils/cmake/export_utils__rosidl_generator_cExport.cmake\n'}
[0.981793] (utils) StdoutLine: {'line': b'-- Up-to-date: /home/hisham/BFMC/Brain_DEI/brain/install/utils/share/utils/cmake/export_utils__rosidl_generator_cExport-noconfig.cmake\n'}
[0.982117] (utils) StdoutLine: {'line': b'-- Up-to-date: /home/hisham/BFMC/Brain_DEI/brain/install/utils/share/utils/cmake/export_utils__rosidl_typesupport_fastrtps_cExport.cmake\n'}
[0.982224] (utils) StdoutLine: {'line': b'-- Up-to-date: /home/hisham/BFMC/Brain_DEI/brain/install/utils/share/utils/cmake/export_utils__rosidl_typesupport_fastrtps_cExport-noconfig.cmake\n'}
[0.982619] (utils) StdoutLine: {'line': b'-- Up-to-date: /home/hisham/BFMC/Brain_DEI/brain/install/utils/share/utils/cmake/utils__rosidl_typesupport_introspection_cExport.cmake\n'}
[0.982717] (utils) StdoutLine: {'line': b'-- Up-to-date: /home/hisham/BFMC/Brain_DEI/brain/install/utils/share/utils/cmake/utils__rosidl_typesupport_introspection_cExport-noconfig.cmake\n'}
[0.983210] (utils) StdoutLine: {'line': b'-- Up-to-date: /home/hisham/BFMC/Brain_DEI/brain/install/utils/share/utils/cmake/utils__rosidl_typesupport_cExport.cmake\n'}
[0.983315] (utils) StdoutLine: {'line': b'-- Up-to-date: /home/hisham/BFMC/Brain_DEI/brain/install/utils/share/utils/cmake/utils__rosidl_typesupport_cExport-noconfig.cmake\n'}
[0.983704] (utils) StdoutLine: {'line': b'-- Up-to-date: /home/hisham/BFMC/Brain_DEI/brain/install/utils/share/utils/cmake/export_utils__rosidl_generator_cppExport.cmake\n'}
[0.984179] (utils) StdoutLine: {'line': b'-- Up-to-date: /home/hisham/BFMC/Brain_DEI/brain/install/utils/share/utils/cmake/export_utils__rosidl_typesupport_fastrtps_cppExport.cmake\n'}
[0.984284] (utils) StdoutLine: {'line': b'-- Up-to-date: /home/hisham/BFMC/Brain_DEI/brain/install/utils/share/utils/cmake/export_utils__rosidl_typesupport_fastrtps_cppExport-noconfig.cmake\n'}
[0.984676] (utils) StdoutLine: {'line': b'-- Up-to-date: /home/hisham/BFMC/Brain_DEI/brain/install/utils/share/utils/cmake/utils__rosidl_typesupport_introspection_cppExport.cmake\n'}
[0.984776] (utils) StdoutLine: {'line': b'-- Up-to-date: /home/hisham/BFMC/Brain_DEI/brain/install/utils/share/utils/cmake/utils__rosidl_typesupport_introspection_cppExport-noconfig.cmake\n'}
[0.985174] (utils) StdoutLine: {'line': b'-- Up-to-date: /home/hisham/BFMC/Brain_DEI/brain/install/utils/share/utils/cmake/utils__rosidl_typesupport_cppExport.cmake\n'}
[0.985271] (utils) StdoutLine: {'line': b'-- Up-to-date: /home/hisham/BFMC/Brain_DEI/brain/install/utils/share/utils/cmake/utils__rosidl_typesupport_cppExport-noconfig.cmake\n'}
[0.985517] (utils) StdoutLine: {'line': b'-- Up-to-date: /home/hisham/BFMC/Brain_DEI/brain/install/utils/share/utils/cmake/export_utils__rosidl_generator_pyExport.cmake\n'}
[0.985614] (utils) StdoutLine: {'line': b'-- Up-to-date: /home/hisham/BFMC/Brain_DEI/brain/install/utils/share/utils/cmake/export_utils__rosidl_generator_pyExport-noconfig.cmake\n'}
[0.987014] (utils) CommandEnded: {'returncode': 0}
[1.001278] (-) TimerEvent: {}
[1.018363] (utils) JobEnded: {'identifier': 'utils', 'rc': 0}
[1.019134] (input) JobStarted: {'identifier': 'input'}
[1.030300] (output) JobStarted: {'identifier': 'output'}
[1.047853] (unix_out) JobStarted: {'identifier': 'unix_out'}
[1.101451] (-) TimerEvent: {}
[1.202022] (-) TimerEvent: {}
[1.306833] (-) TimerEvent: {}
[1.406976] (-) TimerEvent: {}
[1.507208] (-) TimerEvent: {}
[1.607723] (-) TimerEvent: {}
[1.707938] (-) TimerEvent: {}
[1.808253] (-) TimerEvent: {}
[1.909048] (-) TimerEvent: {}
[2.009673] (-) TimerEvent: {}
[2.110432] (-) TimerEvent: {}
[2.211259] (-) TimerEvent: {}
[2.312032] (-) TimerEvent: {}
[2.412472] (-) TimerEvent: {}
[2.513261] (-) TimerEvent: {}
[2.613934] (-) TimerEvent: {}
[2.714245] (-) TimerEvent: {}
[2.814913] (-) TimerEvent: {}
[2.915222] (-) TimerEvent: {}
[3.016015] (-) TimerEvent: {}
[3.116670] (-) TimerEvent: {}
[3.216981] (-) TimerEvent: {}
[3.317643] (-) TimerEvent: {}
[3.418126] (-) TimerEvent: {}
[3.518460] (-) TimerEvent: {}
[3.619240] (-) TimerEvent: {}
[3.720013] (-) TimerEvent: {}
[3.820688] (-) TimerEvent: {}
[3.830346] (input) Command: {'cmd': ['/usr/bin/python3', '-W', 'ignore:setup.py install is deprecated', '-W', 'ignore:easy_install command is deprecated', 'setup.py', 'egg_info', '--egg-base', '../../build/input', 'build', '--build-base', '/home/hisham/BFMC/Brain_DEI/brain/build/input/build', 'install', '--record', '/home/hisham/BFMC/Brain_DEI/brain/build/input/install.log', '--single-version-externally-managed', 'install_data'], 'cwd': '/home/hisham/BFMC/Brain_DEI/brain/src/input', 'env': {'LESSOPEN': '| /usr/bin/lesspipe %s', 'GZ_SIM_RESOURCE_PATH': '/opt/ros/jazzy/share', 'USER': 'hisham', 'GZ_CONFIG_PATH': '/opt/ros/jazzy/opt/gz_sim_vendor/share/gz:/opt/ros/jazzy/opt/sdformat_vendor/share/gz:/opt/ros/jazzy/opt/gz_gui_vendor/share/gz:/opt/ros/jazzy/opt/gz_transport_vendor/share/gz:/opt/ros/jazzy/opt/gz_rendering_vendor/share/gz:/opt/ros/jazzy/opt/gz_plugin_vendor/share/gz:/opt/ros/jazzy/opt/gz_fuel_tools_vendor/share/gz:/opt/ros/jazzy/opt/gz_msgs_vendor/share/gz:/opt/ros/jazzy/opt/gz_common_vendor/share/gz', 'XDG_SESSION_TYPE': 'wayland', 'STM32CubeMX_PATH': '/home/hisham/STM32CubeMX', 'SHLVL': '1', 'LD_LIBRARY_PATH': '/home/hisham/BFMC/Brain_DEI/brain/install/utils/lib:/opt/ros/jazzy/opt/zenoh_cpp_vendor/lib:/opt/ros/jazzy/opt/gz_sim_vendor/lib:/opt/ros/jazzy/opt/gz_sensors_vendor/lib:/opt/ros/jazzy/opt/gz_physics_vendor/lib:/opt/ros/jazzy/opt/sdformat_vendor/lib:/opt/ros/jazzy/opt/rviz_ogre_vendor/lib:/opt/ros/jazzy/lib/x86_64-linux-gnu:/opt/ros/jazzy/opt/gz_gui_vendor/lib:/opt/ros/jazzy/opt/gz_transport_vendor/lib:/opt/ros/jazzy/opt/gz_rendering_vendor/lib:/opt/ros/jazzy/opt/gz_plugin_vendor/lib:/opt/ros/jazzy/opt/gz_fuel_tools_vendor/lib:/opt/ros/jazzy/opt/gz_msgs_vendor/lib:/opt/ros/jazzy/opt/gz_common_vendor/lib:/opt/ros/jazzy/opt/gz_math_vendor/lib:/opt/ros/jazzy/opt/gz_utils_vendor/lib:/opt/ros/jazzy/opt/gz_tools_vendor/lib:/opt/ros/jazzy/opt/gz_ogre_next_vendor/lib:/opt/ros/jazzy/opt/gz_dartsim_vendor/lib:/opt/ros/jazzy/opt/gz_cmake_vendor/lib:/opt/ros/jazzy/lib:/home/hisham/acados_ws/acados/lib', 'HOME': '/home/hisham', 'DESKTOP_SESSION': 'ubuntu', 'ROS_PYTHON_VERSION': '3', 'GNOME_SHELL_SESSION_MODE': 'ubuntu', 'GTK_MODULES': 'gail:atk-bridge', 'DBUS_STARTER_BUS_TYPE': 'session', 'SYSTEMD_EXEC_PID': '2756', 'GSM_SKIP_SSH_AGENT_WORKAROUND': 'true', 'DBUS_SESSION_BUS_ADDRESS': 'unix:path=/run/user/1000/bus,guid=215c616d2004a1070aabdf836a04be94', 'COLORTERM': 'truecolor', 'DEBUGINFOD_URLS': 'https://debuginfod.ubuntu.com', 'IM_CONFIG_PHASE': '1', 'WAYLAND_DISPLAY': 'wayland-0', 'ROS_DISTRO': 'jazzy', 'LOGNAME': 'hisham', '_': '/usr/bin/colcon', 'ROS_VERSION': '2', 'MEMORY_PRESSURE_WATCH': '/sys/fs/cgroup/user.slice/user-1000.slice/user@1000.service/app.slice/app-gnome\\x2dsession\\x2dmanager.slice/gnome-session-manager@ubuntu.service/memory.pressure', 'XDG_SESSION_CLASS': 'user', 'USERNAME': 'hisham', 'TERM': 'xterm-256color', 'GNOME_DESKTOP_SESSION_ID': 'this-is-deprecated', 'PATH': '/opt/ros/jazzy/opt/gz_msgs_vendor/bin:/opt/ros/jazzy/opt/gz_tools_vendor/bin:/opt/ros/jazzy/opt/gz_ogre_next_vendor/bin:/opt/ros/jazzy/bin:/home/hisham/miniconda3/bin:/home/hisham/.local/bin:/usr/local/sbin:/usr/local/bin:/usr/sbin:/usr/bin:/sbin:/bin:/usr/games:/usr/local/games:/snap/bin:/snap/bin', 'SESSION_MANAGER': 'local/hisham-IdeaPad-Gaming-3-15IMH05:@/tmp/.ICE-unix/2756,unix/hisham-IdeaPad-Gaming-3-15IMH05:/tmp/.ICE-unix/2756', 'XDG_MENU_PREFIX': 'gnome-', 'GNOME_TERMINAL_SCREEN': '/org/gnome/Terminal/screen/7edf452a_2384_4138_b5ed_2a9b33f4e4bd', 'GNOME_SETUP_DISPLAY': ':1', 'XDG_RUNTIME_DIR': '/run/user/1000', 'DISPLAY': ':0', 'LANG': 'en_US.UTF-8', 'XDG_CURRENT_DESKTOP': 'ubuntu:GNOME', 'XMODIFIERS': '@im=ibus', 'XDG_SESSION_DESKTOP': 'ubuntu', 'XAUTHORITY': '/run/user/1000/.mutter-Xwaylandauth.GRO9O3', 'LS_COLORS': 'rs=0:di=01;34:ln=01;36:mh=00:pi=40;33:so=01;35:do=01;35:bd=40;33;01:cd=40;33;01:or=40;31;01:mi=00:su=37;41:sg=30;43:ca=00:tw=30;42:ow=34;42:st=37;44:ex=01;32:*.tar=01;31:*.tgz=01;31:*.arc=01;31:*.arj=01;31:*.taz=01;31:*.lha=01;31:*.lz4=01;31:*.lzh=01;31:*.lzma=01;31:*.tlz=01;31:*.txz=01;31:*.tzo=01;31:*.t7z=01;31:*.zip=01;31:*.z=01;31:*.dz=01;31:*.gz=01;31:*.lrz=01;31:*.lz=01;31:*.lzo=01;31:*.xz=01;31:*.zst=01;31:*.tzst=01;31:*.bz2=01;31:*.bz=01;31:*.tbz=01;31:*.tbz2=01;31:*.tz=01;31:*.deb=01;31:*.rpm=01;31:*.jar=01;31:*.war=01;31:*.ear=01;31:*.sar=01;31:*.rar=01;31:*.alz=01;31:*.ace=01;31:*.zoo=01;31:*.cpio=01;31:*.7z=01;31:*.rz=01;31:*.cab=01;31:*.wim=01;31:*.swm=01;31:*.dwm=01;31:*.esd=01;31:*.avif=01;35:*.jpg=01;35:*.jpeg=01;35:*.mjpg=01;35:*.mjpeg=01;35:*.gif=01;35:*.bmp=01;35:*.pbm=01;35:*.pgm=01;35:*.ppm=01;35:*.tga=01;35:*.xbm=01;35:*.xpm=01;35:*.tif=01;35:*.tiff=01;35:*.png=01;35:*.svg=01;35:*.svgz=01;35:*.mng=01;35:*.pcx=01;35:*.mov=01;35:*.mpg=01;35:*.mpeg=01;35:*.m2v=01;35:*.mkv=01;35:*.webm=01;35:*.webp=01;35:*.ogm=01;35:*.mp4=01;35:*.m4v=01;35:*.mp4v=01;35:*.vob=01;35:*.qt=01;35:*.nuv=01;35:*.wmv=01;35:*.asf=01;35:*.rm=01;35:*.rmvb=01;35:*.flc=01;35:*.avi=01;35:*.fli=01;35:*.flv=01;35:*.gl=01;35:*.dl=01;35:*.xcf=01;35:*.xwd=01;35:*.yuv=01;35:*.cgm=01;35:*.emf=01;35:*.ogv=01;35:*.ogx=01;35:*.aac=00;36:*.au=00;36:*.flac=00;36:*.m4a=00;36:*.mid=00;36:*.midi=00;36:*.mka=00;36:*.mp3=00;36:*.mpc=00;36:*.ogg=00;36:*.ra=00;36:*.wav=00;36:*.oga=00;36:*.opus=00;36:*.spx=00;36:*.xspf=00;36:*~=00;90:*#=00;90:*.bak=00;90:*.crdownload=00;90:*.dpkg-dist=00;90:*.dpkg-new=00;90:*.dpkg-old=00;90:*.dpkg-tmp=00;90:*.old=00;90:*.orig=00;90:*.part=00;90:*.rej=00;90:*.rpmnew=00;90:*.rpmorig=00;90:*.rpmsave=00;90:*.swp=00;90:*.tmp=00;90:*.ucf-dist=00;90:*.ucf-new=00;90:*.ucf-old=00;90:', 'GNOME_TERMINAL_SERVICE': ':1.238', 'SSH_AUTH_SOCK': '/run/user/1000/keyring/ssh', 'AMENT_PREFIX_PATH': '/home/hisham/BFMC/Brain_DEI/brain/install/utils:/opt/ros/jazzy', 'SHELL': '/bin/bash', 'QT_ACCESSIBILITY': '1', 'GDMSESSION': 'ubuntu', 'LESSCLOSE': '/usr/bin/lesspipe %s %s', 'ROS_AUTOMATIC_DISCOVERY_RANGE': 'SUBNET', 'QT_IM_MODULE': 'ibus', 'PWD': '/home/hisham/BFMC/Brain_DEI/brain/build/input', 'XDG_CONFIG_DIRS': '/etc/xdg/xdg-ubuntu:/etc/xdg', 'DBUS_STARTER_ADDRESS': 'unix:path=/run/user/1000/bus,guid=215c616d2004a1070aabdf836a04be94', 'XDG_DATA_DIRS': '/usr/share/ubuntu:/usr/share/gnome:/usr/local/share/:/usr/share/:/var/lib/snapd/desktop', 'PYTHONPATH': '/home/hisham/BFMC/Brain_DEI/brain/build/input/prefix_override:/usr/lib/python3/dist-packages/colcon_core/task/python/colcon_distutils_commands:/home/hisham/BFMC/Brain_DEI/brain/install/input/lib/python3.12/site-packages:/home/hisham/BFMC/Brain_DEI/brain/install/utils/lib/python3.12/site-packages:/opt/ros/jazzy/lib/python3.12/site-packages', 'COLCON': '1', 'MEMORY_PRESSURE_WRITE': 'c29tZSAyMDAwMDAgMjAwMDAwMAA=', 'VTE_VERSION': '7600', 'CMAKE_PREFIX_PATH': '/home/hisham/BFMC/Brain_DEI/brain/install/utils:/opt/ros/jazzy/opt/gz_sim_vendor:/opt/ros/jazzy/opt/gz_sensors_vendor:/opt/ros/jazzy/opt/gz_physics_vendor:/opt/ros/jazzy/opt/sdformat_vendor:/opt/ros/jazzy/opt/gz_gui_vendor:/opt/ros/jazzy/opt/gz_transport_vendor:/opt/ros/jazzy/opt/gz_rendering_vendor:/opt/ros/jazzy/opt/gz_plugin_vendor:/opt/ros/jazzy/opt/gz_fuel_tools_vendor:/opt/ros/jazzy/opt/gz_msgs_vendor:/opt/ros/jazzy/opt/gz_common_vendor:/opt/ros/jazzy/opt/gz_math_vendor:/opt/ros/jazzy/opt/gz_utils_vendor:/opt/ros/jazzy/opt/gz_tools_vendor:/opt/ros/jazzy/opt/gz_ogre_next_vendor:/opt/ros/jazzy/opt/gz_dartsim_vendor:/opt/ros/jazzy/opt/gz_cmake_vendor'}, 'shell': False}
[3.832146] (output) Command: {'cmd': ['/usr/bin/python3', '-W', 'ignore:setup.py install is deprecated', '-W', 'ignore:easy_install command is deprecated', 'setup.py', 'egg_info', '--egg-base', '../../../build/output', 'build', '--build-base', '/home/hisham/BFMC/Brain_DEI/brain/build/output/build', 'install', '--record', '/home/hisham/BFMC/Brain_DEI/brain/build/output/install.log', '--single-version-externally-managed', 'install_data'], 'cwd': '/home/hisham/BFMC/Brain_DEI/brain/src/smart/output', 'env': {'LESSOPEN': '| /usr/bin/lesspipe %s', 'GZ_SIM_RESOURCE_PATH': '/opt/ros/jazzy/share', 'USER': 'hisham', 'GZ_CONFIG_PATH': '/opt/ros/jazzy/opt/gz_sim_vendor/share/gz:/opt/ros/jazzy/opt/sdformat_vendor/share/gz:/opt/ros/jazzy/opt/gz_gui_vendor/share/gz:/opt/ros/jazzy/opt/gz_transport_vendor/share/gz:/opt/ros/jazzy/opt/gz_rendering_vendor/share/gz:/opt/ros/jazzy/opt/gz_plugin_vendor/share/gz:/opt/ros/jazzy/opt/gz_fuel_tools_vendor/share/gz:/opt/ros/jazzy/opt/gz_msgs_vendor/share/gz:/opt/ros/jazzy/opt/gz_common_vendor/share/gz', 'XDG_SESSION_TYPE': 'wayland', 'STM32CubeMX_PATH': '/home/hisham/STM32CubeMX', 'SHLVL': '1', 'LD_LIBRARY_PATH': '/home/hisham/BFMC/Brain_DEI/brain/install/utils/lib:/opt/ros/jazzy/opt/zenoh_cpp_vendor/lib:/opt/ros/jazzy/opt/gz_sim_vendor/lib:/opt/ros/jazzy/opt/gz_sensors_vendor/lib:/opt/ros/jazzy/opt/gz_physics_vendor/lib:/opt/ros/jazzy/opt/sdformat_vendor/lib:/opt/ros/jazzy/opt/rviz_ogre_vendor/lib:/opt/ros/jazzy/lib/x86_64-linux-gnu:/opt/ros/jazzy/opt/gz_gui_vendor/lib:/opt/ros/jazzy/opt/gz_transport_vendor/lib:/opt/ros/jazzy/opt/gz_rendering_vendor/lib:/opt/ros/jazzy/opt/gz_plugin_vendor/lib:/opt/ros/jazzy/opt/gz_fuel_tools_vendor/lib:/opt/ros/jazzy/opt/gz_msgs_vendor/lib:/opt/ros/jazzy/opt/gz_common_vendor/lib:/opt/ros/jazzy/opt/gz_math_vendor/lib:/opt/ros/jazzy/opt/gz_utils_vendor/lib:/opt/ros/jazzy/opt/gz_tools_vendor/lib:/opt/ros/jazzy/opt/gz_ogre_next_vendor/lib:/opt/ros/jazzy/opt/gz_dartsim_vendor/lib:/opt/ros/jazzy/opt/gz_cmake_vendor/lib:/opt/ros/jazzy/lib:/home/hisham/acados_ws/acados/lib', 'HOME': '/home/hisham', 'DESKTOP_SESSION': 'ubuntu', 'ROS_PYTHON_VERSION': '3', 'GNOME_SHELL_SESSION_MODE': 'ubuntu', 'GTK_MODULES': 'gail:atk-bridge', 'DBUS_STARTER_BUS_TYPE': 'session', 'SYSTEMD_EXEC_PID': '2756', 'GSM_SKIP_SSH_AGENT_WORKAROUND': 'true', 'DBUS_SESSION_BUS_ADDRESS': 'unix:path=/run/user/1000/bus,guid=215c616d2004a1070aabdf836a04be94', 'COLORTERM': 'truecolor', 'DEBUGINFOD_URLS': 'https://debuginfod.ubuntu.com', 'IM_CONFIG_PHASE': '1', 'WAYLAND_DISPLAY': 'wayland-0', 'ROS_DISTRO': 'jazzy', 'LOGNAME': 'hisham', '_': '/usr/bin/colcon', 'ROS_VERSION': '2', 'MEMORY_PRESSURE_WATCH': '/sys/fs/cgroup/user.slice/user-1000.slice/user@1000.service/app.slice/app-gnome\\x2dsession\\x2dmanager.slice/gnome-session-manager@ubuntu.service/memory.pressure', 'XDG_SESSION_CLASS': 'user', 'USERNAME': 'hisham', 'TERM': 'xterm-256color', 'GNOME_DESKTOP_SESSION_ID': 'this-is-deprecated', 'PATH': '/opt/ros/jazzy/opt/gz_msgs_vendor/bin:/opt/ros/jazzy/opt/gz_tools_vendor/bin:/opt/ros/jazzy/opt/gz_ogre_next_vendor/bin:/opt/ros/jazzy/bin:/home/hisham/miniconda3/bin:/home/hisham/.local/bin:/usr/local/sbin:/usr/local/bin:/usr/sbin:/usr/bin:/sbin:/bin:/usr/games:/usr/local/games:/snap/bin:/snap/bin', 'SESSION_MANAGER': 'local/hisham-IdeaPad-Gaming-3-15IMH05:@/tmp/.ICE-unix/2756,unix/hisham-IdeaPad-Gaming-3-15IMH05:/tmp/.ICE-unix/2756', 'XDG_MENU_PREFIX': 'gnome-', 'GNOME_TERMINAL_SCREEN': '/org/gnome/Terminal/screen/7edf452a_2384_4138_b5ed_2a9b33f4e4bd', 'GNOME_SETUP_DISPLAY': ':1', 'XDG_RUNTIME_DIR': '/run/user/1000', 'DISPLAY': ':0', 'LANG': 'en_US.UTF-8', 'XDG_CURRENT_DESKTOP': 'ubuntu:GNOME', 'XMODIFIERS': '@im=ibus', 'XDG_SESSION_DESKTOP': 'ubuntu', 'XAUTHORITY': '/run/user/1000/.mutter-Xwaylandauth.GRO9O3', 'LS_COLORS': 'rs=0:di=01;34:ln=01;36:mh=00:pi=40;33:so=01;35:do=01;35:bd=40;33;01:cd=40;33;01:or=40;31;01:mi=00:su=37;41:sg=30;43:ca=00:tw=30;42:ow=34;42:st=37;44:ex=01;32:*.tar=01;31:*.tgz=01;31:*.arc=01;31:*.arj=01;31:*.taz=01;31:*.lha=01;31:*.lz4=01;31:*.lzh=01;31:*.lzma=01;31:*.tlz=01;31:*.txz=01;31:*.tzo=01;31:*.t7z=01;31:*.zip=01;31:*.z=01;31:*.dz=01;31:*.gz=01;31:*.lrz=01;31:*.lz=01;31:*.lzo=01;31:*.xz=01;31:*.zst=01;31:*.tzst=01;31:*.bz2=01;31:*.bz=01;31:*.tbz=01;31:*.tbz2=01;31:*.tz=01;31:*.deb=01;31:*.rpm=01;31:*.jar=01;31:*.war=01;31:*.ear=01;31:*.sar=01;31:*.rar=01;31:*.alz=01;31:*.ace=01;31:*.zoo=01;31:*.cpio=01;31:*.7z=01;31:*.rz=01;31:*.cab=01;31:*.wim=01;31:*.swm=01;31:*.dwm=01;31:*.esd=01;31:*.avif=01;35:*.jpg=01;35:*.jpeg=01;35:*.mjpg=01;35:*.mjpeg=01;35:*.gif=01;35:*.bmp=01;35:*.pbm=01;35:*.pgm=01;35:*.ppm=01;35:*.tga=01;35:*.xbm=01;35:*.xpm=01;35:*.tif=01;35:*.tiff=01;35:*.png=01;35:*.svg=01;35:*.svgz=01;35:*.mng=01;35:*.pcx=01;35:*.mov=01;35:*.mpg=01;35:*.mpeg=01;35:*.m2v=01;35:*.mkv=01;35:*.webm=01;35:*.webp=01;35:*.ogm=01;35:*.mp4=01;35:*.m4v=01;35:*.mp4v=01;35:*.vob=01;35:*.qt=01;35:*.nuv=01;35:*.wmv=01;35:*.asf=01;35:*.rm=01;35:*.rmvb=01;35:*.flc=01;35:*.avi=01;35:*.fli=01;35:*.flv=01;35:*.gl=01;35:*.dl=01;35:*.xcf=01;35:*.xwd=01;35:*.yuv=01;35:*.cgm=01;35:*.emf=01;35:*.ogv=01;35:*.ogx=01;35:*.aac=00;36:*.au=00;36:*.flac=00;36:*.m4a=00;36:*.mid=00;36:*.midi=00;36:*.mka=00;36:*.mp3=00;36:*.mpc=00;36:*.ogg=00;36:*.ra=00;36:*.wav=00;36:*.oga=00;36:*.opus=00;36:*.spx=00;36:*.xspf=00;36:*~=00;90:*#=00;90:*.bak=00;90:*.crdownload=00;90:*.dpkg-dist=00;90:*.dpkg-new=00;90:*.dpkg-old=00;90:*.dpkg-tmp=00;90:*.old=00;90:*.orig=00;90:*.part=00;90:*.rej=00;90:*.rpmnew=00;90:*.rpmorig=00;90:*.rpmsave=00;90:*.swp=00;90:*.tmp=00;90:*.ucf-dist=00;90:*.ucf-new=00;90:*.ucf-old=00;90:', 'GNOME_TERMINAL_SERVICE': ':1.238', 'SSH_AUTH_SOCK': '/run/user/1000/keyring/ssh', 'AMENT_PREFIX_PATH': '/home/hisham/BFMC/Brain_DEI/brain/install/utils:/opt/ros/jazzy', 'SHELL': '/bin/bash', 'QT_ACCESSIBILITY': '1', 'GDMSESSION': 'ubuntu', 'LESSCLOSE': '/usr/bin/lesspipe %s %s', 'ROS_AUTOMATIC_DISCOVERY_RANGE': 'SUBNET', 'QT_IM_MODULE': 'ibus', 'PWD': '/home/hisham/BFMC/Brain_DEI/brain/build/output', 'XDG_CONFIG_DIRS': '/etc/xdg/xdg-ubuntu:/etc/xdg', 'DBUS_STARTER_ADDRESS': 'unix:path=/run/user/1000/bus,guid=215c616d2004a1070aabdf836a04be94', 'XDG_DATA_DIRS': '/usr/share/ubuntu:/usr/share/gnome:/usr/local/share/:/usr/share/:/var/lib/snapd/desktop', 'PYTHONPATH': '/home/hisham/BFMC/Brain_DEI/brain/build/output/prefix_override:/usr/lib/python3/dist-packages/colcon_core/task/python/colcon_distutils_commands:/home/hisham/BFMC/Brain_DEI/brain/install/output/lib/python3.12/site-packages:/home/hisham/BFMC/Brain_DEI/brain/install/utils/lib/python3.12/site-packages:/opt/ros/jazzy/lib/python3.12/site-packages', 'COLCON': '1', 'MEMORY_PRESSURE_WRITE': 'c29tZSAyMDAwMDAgMjAwMDAwMAA=', 'VTE_VERSION': '7600', 'CMAKE_PREFIX_PATH': '/home/hisham/BFMC/Brain_DEI/brain/install/utils:/opt/ros/jazzy/opt/gz_sim_vendor:/opt/ros/jazzy/opt/gz_sensors_vendor:/opt/ros/jazzy/opt/gz_physics_vendor:/opt/ros/jazzy/opt/sdformat_vendor:/opt/ros/jazzy/opt/gz_gui_vendor:/opt/ros/jazzy/opt/gz_transport_vendor:/opt/ros/jazzy/opt/gz_rendering_vendor:/opt/ros/jazzy/opt/gz_plugin_vendor:/opt/ros/jazzy/opt/gz_fuel_tools_vendor:/opt/ros/jazzy/opt/gz_msgs_vendor:/opt/ros/jazzy/opt/gz_common_vendor:/opt/ros/jazzy/opt/gz_math_vendor:/opt/ros/jazzy/opt/gz_utils_vendor:/opt/ros/jazzy/opt/gz_tools_vendor:/opt/ros/jazzy/opt/gz_ogre_next_vendor:/opt/ros/jazzy/opt/gz_dartsim_vendor:/opt/ros/jazzy/opt/gz_cmake_vendor'}, 'shell': False}
[3.842615] (unix_out) Command: {'cmd': ['/usr/bin/python3', '-W', 'ignore:setup.py install is deprecated', '-W', 'ignore:easy_install command is deprecated', 'setup.py', 'egg_info', '--egg-base', '../../build/unix_out', 'build', '--build-base', '/home/hisham/BFMC/Brain_DEI/brain/build/unix_out/build', 'install', '--record', '/home/hisham/BFMC/Brain_DEI/brain/build/unix_out/install.log', '--single-version-externally-managed', 'install_data'], 'cwd': '/home/hisham/BFMC/Brain_DEI/brain/src/unix_out', 'env': {'LESSOPEN': '| /usr/bin/lesspipe %s', 'GZ_SIM_RESOURCE_PATH': '/opt/ros/jazzy/share', 'USER': 'hisham', 'GZ_CONFIG_PATH': '/opt/ros/jazzy/opt/gz_sim_vendor/share/gz:/opt/ros/jazzy/opt/sdformat_vendor/share/gz:/opt/ros/jazzy/opt/gz_gui_vendor/share/gz:/opt/ros/jazzy/opt/gz_transport_vendor/share/gz:/opt/ros/jazzy/opt/gz_rendering_vendor/share/gz:/opt/ros/jazzy/opt/gz_plugin_vendor/share/gz:/opt/ros/jazzy/opt/gz_fuel_tools_vendor/share/gz:/opt/ros/jazzy/opt/gz_msgs_vendor/share/gz:/opt/ros/jazzy/opt/gz_common_vendor/share/gz', 'XDG_SESSION_TYPE': 'wayland', 'STM32CubeMX_PATH': '/home/hisham/STM32CubeMX', 'SHLVL': '1', 'LD_LIBRARY_PATH': '/home/hisham/BFMC/Brain_DEI/brain/install/utils/lib:/opt/ros/jazzy/opt/zenoh_cpp_vendor/lib:/opt/ros/jazzy/opt/gz_sim_vendor/lib:/opt/ros/jazzy/opt/gz_sensors_vendor/lib:/opt/ros/jazzy/opt/gz_physics_vendor/lib:/opt/ros/jazzy/opt/sdformat_vendor/lib:/opt/ros/jazzy/opt/rviz_ogre_vendor/lib:/opt/ros/jazzy/lib/x86_64-linux-gnu:/opt/ros/jazzy/opt/gz_gui_vendor/lib:/opt/ros/jazzy/opt/gz_transport_vendor/lib:/opt/ros/jazzy/opt/gz_rendering_vendor/lib:/opt/ros/jazzy/opt/gz_plugin_vendor/lib:/opt/ros/jazzy/opt/gz_fuel_tools_vendor/lib:/opt/ros/jazzy/opt/gz_msgs_vendor/lib:/opt/ros/jazzy/opt/gz_common_vendor/lib:/opt/ros/jazzy/opt/gz_math_vendor/lib:/opt/ros/jazzy/opt/gz_utils_vendor/lib:/opt/ros/jazzy/opt/gz_tools_vendor/lib:/opt/ros/jazzy/opt/gz_ogre_next_vendor/lib:/opt/ros/jazzy/opt/gz_dartsim_vendor/lib:/opt/ros/jazzy/opt/gz_cmake_vendor/lib:/opt/ros/jazzy/lib:/home/hisham/acados_ws/acados/lib', 'HOME': '/home/hisham', 'DESKTOP_SESSION': 'ubuntu', 'ROS_PYTHON_VERSION': '3', 'GNOME_SHELL_SESSION_MODE': 'ubuntu', 'GTK_MODULES': 'gail:atk-bridge', 'DBUS_STARTER_BUS_TYPE': 'session', 'SYSTEMD_EXEC_PID': '2756', 'GSM_SKIP_SSH_AGENT_WORKAROUND': 'true', 'DBUS_SESSION_BUS_ADDRESS': 'unix:path=/run/user/1000/bus,guid=215c616d2004a1070aabdf836a04be94', 'COLORTERM': 'truecolor', 'DEBUGINFOD_URLS': 'https://debuginfod.ubuntu.com', 'IM_CONFIG_PHASE': '1', 'WAYLAND_DISPLAY': 'wayland-0', 'ROS_DISTRO': 'jazzy', 'LOGNAME': 'hisham', '_': '/usr/bin/colcon', 'ROS_VERSION': '2', 'MEMORY_PRESSURE_WATCH': '/sys/fs/cgroup/user.slice/user-1000.slice/user@1000.service/app.slice/app-gnome\\x2dsession\\x2dmanager.slice/gnome-session-manager@ubuntu.service/memory.pressure', 'XDG_SESSION_CLASS': 'user', 'USERNAME': 'hisham', 'TERM': 'xterm-256color', 'GNOME_DESKTOP_SESSION_ID': 'this-is-deprecated', 'PATH': '/opt/ros/jazzy/opt/gz_msgs_vendor/bin:/opt/ros/jazzy/opt/gz_tools_vendor/bin:/opt/ros/jazzy/opt/gz_ogre_next_vendor/bin:/opt/ros/jazzy/bin:/home/hisham/miniconda3/bin:/home/hisham/.local/bin:/usr/local/sbin:/usr/local/bin:/usr/sbin:/usr/bin:/sbin:/bin:/usr/games:/usr/local/games:/snap/bin:/snap/bin', 'SESSION_MANAGER': 'local/hisham-IdeaPad-Gaming-3-15IMH05:@/tmp/.ICE-unix/2756,unix/hisham-IdeaPad-Gaming-3-15IMH05:/tmp/.ICE-unix/2756', 'XDG_MENU_PREFIX': 'gnome-', 'GNOME_TERMINAL_SCREEN': '/org/gnome/Terminal/screen/7edf452a_2384_4138_b5ed_2a9b33f4e4bd', 'GNOME_SETUP_DISPLAY': ':1', 'XDG_RUNTIME_DIR': '/run/user/1000', 'DISPLAY': ':0', 'LANG': 'en_US.UTF-8', 'XDG_CURRENT_DESKTOP': 'ubuntu:GNOME', 'XMODIFIERS': '@im=ibus', 'XDG_SESSION_DESKTOP': 'ubuntu', 'XAUTHORITY': '/run/user/1000/.mutter-Xwaylandauth.GRO9O3', 'LS_COLORS': 'rs=0:di=01;34:ln=01;36:mh=00:pi=40;33:so=01;35:do=01;35:bd=40;33;01:cd=40;33;01:or=40;31;01:mi=00:su=37;41:sg=30;43:ca=00:tw=30;42:ow=34;42:st=37;44:ex=01;32:*.tar=01;31:*.tgz=01;31:*.arc=01;31:*.arj=01;31:*.taz=01;31:*.lha=01;31:*.lz4=01;31:*.lzh=01;31:*.lzma=01;31:*.tlz=01;31:*.txz=01;31:*.tzo=01;31:*.t7z=01;31:*.zip=01;31:*.z=01;31:*.dz=01;31:*.gz=01;31:*.lrz=01;31:*.lz=01;31:*.lzo=01;31:*.xz=01;31:*.zst=01;31:*.tzst=01;31:*.bz2=01;31:*.bz=01;31:*.tbz=01;31:*.tbz2=01;31:*.tz=01;31:*.deb=01;31:*.rpm=01;31:*.jar=01;31:*.war=01;31:*.ear=01;31:*.sar=01;31:*.rar=01;31:*.alz=01;31:*.ace=01;31:*.zoo=01;31:*.cpio=01;31:*.7z=01;31:*.rz=01;31:*.cab=01;31:*.wim=01;31:*.swm=01;31:*.dwm=01;31:*.esd=01;31:*.avif=01;35:*.jpg=01;35:*.jpeg=01;35:*.mjpg=01;35:*.mjpeg=01;35:*.gif=01;35:*.bmp=01;35:*.pbm=01;35:*.pgm=01;35:*.ppm=01;35:*.tga=01;35:*.xbm=01;35:*.xpm=01;35:*.tif=01;35:*.tiff=01;35:*.png=01;35:*.svg=01;35:*.svgz=01;35:*.mng=01;35:*.pcx=01;35:*.mov=01;35:*.mpg=01;35:*.mpeg=01;35:*.m2v=01;35:*.mkv=01;35:*.webm=01;35:*.webp=01;35:*.ogm=01;35:*.mp4=01;35:*.m4v=01;35:*.mp4v=01;35:*.vob=01;35:*.qt=01;35:*.nuv=01;35:*.wmv=01;35:*.asf=01;35:*.rm=01;35:*.rmvb=01;35:*.flc=01;35:*.avi=01;35:*.fli=01;35:*.flv=01;35:*.gl=01;35:*.dl=01;35:*.xcf=01;35:*.xwd=01;35:*.yuv=01;35:*.cgm=01;35:*.emf=01;35:*.ogv=01;35:*.ogx=01;35:*.aac=00;36:*.au=00;36:*.flac=00;36:*.m4a=00;36:*.mid=00;36:*.midi=00;36:*.mka=00;36:*.mp3=00;36:*.mpc=00;36:*.ogg=00;36:*.ra=00;36:*.wav=00;36:*.oga=00;36:*.opus=00;36:*.spx=00;36:*.xspf=00;36:*~=00;90:*#=00;90:*.bak=00;90:*.crdownload=00;90:*.dpkg-dist=00;90:*.dpkg-new=00;90:*.dpkg-old=00;90:*.dpkg-tmp=00;90:*.old=00;90:*.orig=00;90:*.part=00;90:*.rej=00;90:*.rpmnew=00;90:*.rpmorig=00;90:*.rpmsave=00;90:*.swp=00;90:*.tmp=00;90:*.ucf-dist=00;90:*.ucf-new=00;90:*.ucf-old=00;90:', 'GNOME_TERMINAL_SERVICE': ':1.238', 'SSH_AUTH_SOCK': '/run/user/1000/keyring/ssh', 'AMENT_PREFIX_PATH': '/home/hisham/BFMC/Brain_DEI/brain/install/utils:/opt/ros/jazzy', 'SHELL': '/bin/bash', 'QT_ACCESSIBILITY': '1', 'GDMSESSION': 'ubuntu', 'LESSCLOSE': '/usr/bin/lesspipe %s %s', 'ROS_AUTOMATIC_DISCOVERY_RANGE': 'SUBNET', 'QT_IM_MODULE': 'ibus', 'PWD': '/home/hisham/BFMC/Brain_DEI/brain/build/unix_out', 'XDG_CONFIG_DIRS': '/etc/xdg/xdg-ubuntu:/etc/xdg', 'DBUS_STARTER_ADDRESS': 'unix:path=/run/user/1000/bus,guid=215c616d2004a1070aabdf836a04be94', 'XDG_DATA_DIRS': '/usr/share/ubuntu:/usr/share/gnome:/usr/local/share/:/usr/share/:/var/lib/snapd/desktop', 'PYTHONPATH': '/home/hisham/BFMC/Brain_DEI/brain/build/unix_out/prefix_override:/usr/lib/python3/dist-packages/colcon_core/task/python/colcon_distutils_commands:/home/hisham/BFMC/Brain_DEI/brain/install/unix_out/lib/python3.12/site-packages:/home/hisham/BFMC/Brain_DEI/brain/install/utils/lib/python3.12/site-packages:/opt/ros/jazzy/lib/python3.12/site-packages', 'COLCON': '1', 'MEMORY_PRESSURE_WRITE': 'c29tZSAyMDAwMDAgMjAwMDAwMAA=', 'VTE_VERSION': '7600', 'CMAKE_PREFIX_PATH': '/home/hisham/BFMC/Brain_DEI/brain/install/utils:/opt/ros/jazzy/opt/gz_sim_vendor:/opt/ros/jazzy/opt/gz_sensors_vendor:/opt/ros/jazzy/opt/gz_physics_vendor:/opt/ros/jazzy/opt/sdformat_vendor:/opt/ros/jazzy/opt/gz_gui_vendor:/opt/ros/jazzy/opt/gz_transport_vendor:/opt/ros/jazzy/opt/gz_rendering_vendor:/opt/ros/jazzy/opt/gz_plugin_vendor:/opt/ros/jazzy/opt/gz_fuel_tools_vendor:/opt/ros/jazzy/opt/gz_msgs_vendor:/opt/ros/jazzy/opt/gz_common_vendor:/opt/ros/jazzy/opt/gz_math_vendor:/opt/ros/jazzy/opt/gz_utils_vendor:/opt/ros/jazzy/opt/gz_tools_vendor:/opt/ros/jazzy/opt/gz_ogre_next_vendor:/opt/ros/jazzy/opt/gz_dartsim_vendor:/opt/ros/jazzy/opt/gz_cmake_vendor'}, 'shell': False}
[3.920894] (-) TimerEvent: {}
[4.021455] (-) TimerEvent: {}
[4.122216] (-) TimerEvent: {}
[4.222753] (-) TimerEvent: {}
[4.323503] (-) TimerEvent: {}
[4.424166] (-) TimerEvent: {}
[4.524824] (-) TimerEvent: {}
[4.619286] (output) StdoutLine: {'line': b'running egg_info\n'}
[4.625033] (-) TimerEvent: {}
[4.653967] (input) StdoutLine: {'line': b'running egg_info\n'}
[4.718274] (output) StdoutLine: {'line': b'writing ../../../build/output/output.egg-info/PKG-INFO\n'}
[4.719055] (output) StdoutLine: {'line': b'writing dependency_links to ../../../build/output/output.egg-info/dependency_links.txt\n'}
[4.719959] (output) StdoutLine: {'line': b'writing requirements to ../../../build/output/output.egg-info/requires.txt\n'}
[4.720452] (output) StdoutLine: {'line': b'writing top-level names to ../../../build/output/output.egg-info/top_level.txt\n'}
[4.720941] (unix_out) StdoutLine: {'line': b'running egg_info\n'}
[4.725297] (-) TimerEvent: {}
[4.739258] (input) StdoutLine: {'line': b'writing ../../build/input/input.egg-info/PKG-INFO\n'}
[4.739628] (input) StdoutLine: {'line': b'writing dependency_links to ../../build/input/input.egg-info/dependency_links.txt\n'}
[4.740610] (input) StdoutLine: {'line': b'writing entry points to ../../build/input/input.egg-info/entry_points.txt\n'}
[4.741242] (input) StdoutLine: {'line': b'writing requirements to ../../build/input/input.egg-info/requires.txt\n'}
[4.741699] (input) StdoutLine: {'line': b'writing top-level names to ../../build/input/input.egg-info/top_level.txt\n'}
[4.768974] (unix_out) StdoutLine: {'line': b'writing ../../build/unix_out/unix_out.egg-info/PKG-INFO\n'}
[4.769827] (unix_out) StdoutLine: {'line': b'writing dependency_links to ../../build/unix_out/unix_out.egg-info/dependency_links.txt\n'}
[4.770665] (unix_out) StdoutLine: {'line': b'writing entry points to ../../build/unix_out/unix_out.egg-info/entry_points.txt\n'}
[4.771271] (unix_out) StdoutLine: {'line': b'writing requirements to ../../build/unix_out/unix_out.egg-info/requires.txt\n'}
[4.771844] (unix_out) StdoutLine: {'line': b'writing top-level names to ../../build/unix_out/unix_out.egg-info/top_level.txt\n'}
[4.825311] (-) TimerEvent: {}
[4.870316] (output) StdoutLine: {'line': b"reading manifest file '../../../build/output/output.egg-info/SOURCES.txt'\n"}
[4.873782] (output) StdoutLine: {'line': b"writing manifest file '../../../build/output/output.egg-info/SOURCES.txt'\n"}
[4.874318] (output) StdoutLine: {'line': b'running build\n'}
[4.874806] (output) StdoutLine: {'line': b'running build_py\n'}
[4.876831] (output) StdoutLine: {'line': b'running install\n'}
[4.904637] (output) StdoutLine: {'line': b'running install_lib\n'}
[4.919036] (input) StdoutLine: {'line': b"reading manifest file '../../build/input/input.egg-info/SOURCES.txt'\n"}
[4.924534] (input) StdoutLine: {'line': b"writing manifest file '../../build/input/input.egg-info/SOURCES.txt'\n"}
[4.925481] (-) TimerEvent: {}
[4.925907] (input) StdoutLine: {'line': b'running build\n'}
[4.926387] (input) StdoutLine: {'line': b'running build_py\n'}
[4.926915] (input) StdoutLine: {'line': b'copying src/data/trafficBridge.py -> /home/hisham/BFMC/Brain_DEI/brain/build/input/build/lib/data\n'}
[4.927339] (input) StdoutLine: {'line': b'copying src/data/semaphoreBridge.py -> /home/hisham/BFMC/Brain_DEI/brain/build/input/build/lib/data\n'}
[4.929474] (input) StdoutLine: {'line': b'copying src/data/TrafficCommunication/processTrafficCommunication.py -> /home/hisham/BFMC/Brain_DEI/brain/build/input/build/lib/data/TrafficCommunication\n'}
[4.931264] (input) StdoutLine: {'line': b'copying src/data/TrafficCommunication/threads/udpListener.py -> /home/hisham/BFMC/Brain_DEI/brain/build/input/build/lib/data/TrafficCommunication/threads\n'}
[4.934732] (input) StdoutLine: {'line': b'copying src/data/trafficBridge.py -> /home/hisham/BFMC/Brain_DEI/brain/build/input/build/lib/src/data\n'}
[4.935697] (input) StdoutLine: {'line': b'copying src/data/semaphoreBridge.py -> /home/hisham/BFMC/Brain_DEI/brain/build/input/build/lib/src/data\n'}
[4.938369] (input) StdoutLine: {'line': b'copying src/data/TrafficCommunication/processTrafficCommunication.py -> /home/hisham/BFMC/Brain_DEI/brain/build/input/build/lib/src/data/TrafficCommunication\n'}
[4.940203] (input) StdoutLine: {'line': b'copying src/data/TrafficCommunication/threads/udpListener.py -> /home/hisham/BFMC/Brain_DEI/brain/build/input/build/lib/src/data/TrafficCommunication/threads\n'}
[4.942070] (input) StdoutLine: {'line': b'running install\n'}
[4.970197] (input) StdoutLine: {'line': b'running install_lib\n'}
[4.994808] (unix_out) StdoutLine: {'line': b"reading manifest file '../../build/unix_out/unix_out.egg-info/SOURCES.txt'\n"}
[4.997933] (unix_out) StdoutLine: {'line': b"writing manifest file '../../build/unix_out/unix_out.egg-info/SOURCES.txt'\n"}
[4.998542] (unix_out) StdoutLine: {'line': b'running build\n'}
[4.998958] (unix_out) StdoutLine: {'line': b'running build_py\n'}
[4.999834] (unix_out) StdoutLine: {'line': b'running install\n'}
[5.003853] (output) StdoutLine: {'line': b'running install_data\n'}
[5.004538] (output) StdoutLine: {'line': b'running install_egg_info\n'}
[5.022918] (unix_out) StdoutLine: {'line': b'running install_lib\n'}
[5.025602] (-) TimerEvent: {}
[5.052498] (input) StdoutLine: {'line': b'copying /home/hisham/BFMC/Brain_DEI/brain/build/input/build/lib/src/data/trafficBridge.py -> /home/hisham/BFMC/Brain_DEI/brain/install/input/lib/python3.12/site-packages/src/data\n'}
[5.052744] (input) StdoutLine: {'line': b'copying /home/hisham/BFMC/Brain_DEI/brain/build/input/build/lib/src/data/TrafficCommunication/threads/udpListener.py -> /home/hisham/BFMC/Brain_DEI/brain/install/input/lib/python3.12/site-packages/src/data/TrafficCommunication/threads\n'}
[5.052905] (input) StdoutLine: {'line': b'copying /home/hisham/BFMC/Brain_DEI/brain/build/input/build/lib/src/data/TrafficCommunication/processTrafficCommunication.py -> /home/hisham/BFMC/Brain_DEI/brain/install/input/lib/python3.12/site-packages/src/data/TrafficCommunication\n'}
[5.053156] (input) StdoutLine: {'line': b'copying /home/hisham/BFMC/Brain_DEI/brain/build/input/build/lib/src/data/semaphoreBridge.py -> /home/hisham/BFMC/Brain_DEI/brain/install/input/lib/python3.12/site-packages/src/data\n'}
[5.053839] (input) StdoutLine: {'line': b'copying /home/hisham/BFMC/Brain_DEI/brain/build/input/build/lib/data/trafficBridge.py -> /home/hisham/BFMC/Brain_DEI/brain/install/input/lib/python3.12/site-packages/data\n'}
[5.054048] (input) StdoutLine: {'line': b'copying /home/hisham/BFMC/Brain_DEI/brain/build/input/build/lib/data/TrafficCommunication/threads/udpListener.py -> /home/hisham/BFMC/Brain_DEI/brain/install/input/lib/python3.12/site-packages/data/TrafficCommunication/threads\n'}
[5.054181] (input) StdoutLine: {'line': b'copying /home/hisham/BFMC/Brain_DEI/brain/build/input/build/lib/data/TrafficCommunication/processTrafficCommunication.py -> /home/hisham/BFMC/Brain_DEI/brain/install/input/lib/python3.12/site-packages/data/TrafficCommunication\n'}
[5.054403] (input) StdoutLine: {'line': b'copying /home/hisham/BFMC/Brain_DEI/brain/build/input/build/lib/data/semaphoreBridge.py -> /home/hisham/BFMC/Brain_DEI/brain/install/input/lib/python3.12/site-packages/data\n'}
[5.055311] (input) StdoutLine: {'line': b'byte-compiling /home/hisham/BFMC/Brain_DEI/brain/install/input/lib/python3.12/site-packages/src/data/trafficBridge.py to trafficBridge.cpython-312.pyc\n'}
[5.056467] (input) StdoutLine: {'line': b'byte-compiling /home/hisham/BFMC/Brain_DEI/brain/install/input/lib/python3.12/site-packages/src/data/TrafficCommunication/threads/udpListener.py to udpListener.cpython-312.pyc\n'}
[5.057019] (input) StdoutLine: {'line': b'byte-compiling /home/hisham/BFMC/Brain_DEI/brain/install/input/lib/python3.12/site-packages/src/data/TrafficCommunication/processTrafficCommunication.py to processTrafficCommunication.cpython-312.pyc\n'}
[5.057729] (input) StdoutLine: {'line': b'byte-compiling /home/hisham/BFMC/Brain_DEI/brain/install/input/lib/python3.12/site-packages/src/data/semaphoreBridge.py to semaphoreBridge.cpython-312.pyc\n'}
[5.058969] (input) StdoutLine: {'line': b'byte-compiling /home/hisham/BFMC/Brain_DEI/brain/install/input/lib/python3.12/site-packages/data/trafficBridge.py to trafficBridge.cpython-312.pyc\n'}
[5.060015] (input) StdoutLine: {'line': b'byte-compiling /home/hisham/BFMC/Brain_DEI/brain/install/input/lib/python3.12/site-packages/data/TrafficCommunication/threads/udpListener.py to udpListener.cpython-312.pyc\n'}
[5.060489] (input) StdoutLine: {'line': b'byte-compiling /home/hisham/BFMC/Brain_DEI/brain/install/input/lib/python3.12/site-packages/data/TrafficCommunication/processTrafficCommunication.py to processTrafficCommunication.cpython-312.pyc\n'}
[5.061214] (input) StdoutLine: {'line': b'byte-compiling /home/hisham/BFMC/Brain_DEI/brain/install/input/lib/python3.12/site-packages/data/semaphoreBridge.py to semaphoreBridge.cpython-312.pyc\n'}
[5.062346] (input) StdoutLine: {'line': b'running install_data\n'}
[5.062465] (input) StdoutLine: {'line': b'running install_egg_info\n'}
[5.064916] (output) StdoutLine: {'line': b"removing '/home/hisham/BFMC/Brain_DEI/brain/install/output/lib/python3.12/site-packages/output-0.0.0-py3.12.egg-info' (and everything under it)\n"}
[5.065143] (output) StdoutLine: {'line': b'Copying ../../../build/output/output.egg-info to /home/hisham/BFMC/Brain_DEI/brain/install/output/lib/python3.12/site-packages/output-0.0.0-py3.12.egg-info\n'}
[5.066078] (output) StdoutLine: {'line': b'running install_scripts\n'}
[5.075065] (unix_out) StdoutLine: {'line': b'running install_data\n'}
[5.075806] (unix_out) StdoutLine: {'line': b'running install_egg_info\n'}
[5.125739] (-) TimerEvent: {}
[5.135336] (input) StdoutLine: {'line': b"removing '/home/hisham/BFMC/Brain_DEI/brain/install/input/lib/python3.12/site-packages/input-0.0.0-py3.12.egg-info' (and everything under it)\n"}
[5.135758] (input) StdoutLine: {'line': b'Copying ../../build/input/input.egg-info to /home/hisham/BFMC/Brain_DEI/brain/install/input/lib/python3.12/site-packages/input-0.0.0-py3.12.egg-info\n'}
[5.137423] (input) StdoutLine: {'line': b'running install_scripts\n'}
[5.175049] (unix_out) StdoutLine: {'line': b"removing '/home/hisham/BFMC/Brain_DEI/brain/install/unix_out/lib/python3.12/site-packages/unix_out-0.0.0-py3.12.egg-info' (and everything under it)\n"}
[5.175400] (unix_out) StdoutLine: {'line': b'Copying ../../build/unix_out/unix_out.egg-info to /home/hisham/BFMC/Brain_DEI/brain/install/unix_out/lib/python3.12/site-packages/unix_out-0.0.0-py3.12.egg-info\n'}
[5.176900] (unix_out) StdoutLine: {'line': b'running install_scripts\n'}
[5.225923] (-) TimerEvent: {}
[5.326618] (-) TimerEvent: {}
[5.426935] (-) TimerEvent: {}
[5.435613] (output) StdoutLine: {'line': b"writing list of installed files to '/home/hisham/BFMC/Brain_DEI/brain/build/output/install.log'\n"}
[5.473497] (output) CommandEnded: {'returncode': 0}
[5.493461] (output) JobEnded: {'identifier': 'output', 'rc': 0}
[5.495590] (input) StdoutLine: {'line': b'Installing gpstrackerNODE script to /home/hisham/BFMC/Brain_DEI/brain/install/input/lib/input\n'}
[5.496340] (input) StdoutLine: {'line': b'Installing imuNODE script to /home/hisham/BFMC/Brain_DEI/brain/install/input/lib/input\n'}
[5.497075] (input) StdoutLine: {'line': b'Installing semaphoreBridgeNODE script to /home/hisham/BFMC/Brain_DEI/brain/install/input/lib/input\n'}
[5.497818] (input) StdoutLine: {'line': b'Installing semaphoreNODE script to /home/hisham/BFMC/Brain_DEI/brain/install/input/lib/input\n'}
[5.498588] (input) StdoutLine: {'line': b'Installing sonarNODE script to /home/hisham/BFMC/Brain_DEI/brain/install/input/lib/input\n'}
[5.499317] (input) StdoutLine: {'line': b'Installing trafficBridgeNODE script to /home/hisham/BFMC/Brain_DEI/brain/install/input/lib/input\n'}
[5.506849] (input) StdoutLine: {'line': b"writing list of installed files to '/home/hisham/BFMC/Brain_DEI/brain/build/input/install.log'\n"}
[5.524601] (unix_out) StdoutLine: {'line': b'Installing camera_to_socket script to /home/hisham/BFMC/Brain_DEI/brain/install/unix_out/lib/unix_out\n'}
[5.524815] (unix_out) StdoutLine: {'line': b'Installing lidar_to_socket script to /home/hisham/BFMC/Brain_DEI/brain/install/unix_out/lib/unix_out\n'}
[5.524946] (unix_out) StdoutLine: {'line': b'Installing metrics_to_socket script to /home/hisham/BFMC/Brain_DEI/brain/install/unix_out/lib/unix_out\n'}
[5.525230] (unix_out) StdoutLine: {'line': b"writing list of installed files to '/home/hisham/BFMC/Brain_DEI/brain/build/unix_out/install.log'\n"}
[5.526979] (-) TimerEvent: {}
[5.535984] (input) CommandEnded: {'returncode': 0}
[5.542130] (input) JobEnded: {'identifier': 'input', 'rc': 0}
[5.549058] (unix_out) CommandEnded: {'returncode': 0}
[5.554104] (unix_out) JobEnded: {'identifier': 'unix_out', 'rc': 0}
[5.554726] (-) EventReactorShutdown: {}
