[0.000000] (-) TimerEvent: {}
[0.000247] (smart) JobQueued: {'identifier': 'smart', 'dependencies': OrderedDict()}
[0.000432] (utils) JobQueued: {'identifier': 'utils', 'dependencies': OrderedDict()}
[0.000448] (input) JobQueued: {'identifier': 'input', 'dependencies': OrderedDict({'utils': '/home/davide-pillon/Desktop/Brain_DEII/brain/install/utils'})}
[0.000464] (unix_out) JobQueued: {'identifier': 'unix_out', 'dependencies': OrderedDict({'utils': '/home/davide-pillon/Desktop/Brain_DEII/brain/install/utils'})}
[0.000477] (utils) JobStarted: {'identifier': 'utils'}
[0.009652] (smart) JobStarted: {'identifier': 'smart'}
[0.014568] (utils) JobProgress: {'identifier': 'utils', 'progress': 'cmake'}
[0.015081] (utils) Command: {'cmd': ['/usr/bin/cmake', '/home/davide-pillon/Desktop/Brain_DEII/brain/src/utils', '-DCMAKE_INSTALL_PREFIX=/home/davide-pillon/Desktop/Brain_DEII/brain/install/utils'], 'cwd': '/home/davide-pillon/Desktop/Brain_DEII/brain/build/utils', 'env': OrderedDict({'LESSOPEN': '| /usr/bin/lesspipe %s', 'GZ_SIM_RESOURCE_PATH': '/opt/ros/jazzy/share', 'USER': 'davide-pillon', 'GZ_CONFIG_PATH': '/opt/ros/jazzy/opt/gz_sim_vendor/share/gz:/opt/ros/jazzy/opt/sdformat_vendor/share/gz:/opt/ros/jazzy/opt/gz_gui_vendor/share/gz:/opt/ros/jazzy/opt/gz_transport_vendor/share/gz:/opt/ros/jazzy/opt/gz_rendering_vendor/share/gz:/opt/ros/jazzy/opt/gz_plugin_vendor/share/gz:/opt/ros/jazzy/opt/gz_fuel_tools_vendor/share/gz:/opt/ros/jazzy/opt/gz_msgs_vendor/share/gz:/opt/ros/jazzy/opt/gz_common_vendor/share/gz', 'XDG_SESSION_TYPE': 'wayland', 'CLUTTER_DISABLE_MIPMAPPED_TEXT': '1', 'SHLVL': '2', 'LD_LIBRARY_PATH': '/opt/ros/jazzy/opt/gz_sim_vendor/lib:/opt/ros/jazzy/opt/gz_sensors_vendor/lib:/opt/ros/jazzy/opt/gz_physics_vendor/lib:/opt/ros/jazzy/opt/sdformat_vendor/lib:/opt/ros/jazzy/opt/rviz_ogre_vendor/lib:/opt/ros/jazzy/lib/x86_64-linux-gnu:/opt/ros/jazzy/opt/gz_gui_vendor/lib:/opt/ros/jazzy/opt/gz_transport_vendor/lib:/opt/ros/jazzy/opt/gz_rendering_vendor/lib:/opt/ros/jazzy/opt/gz_plugin_vendor/lib:/opt/ros/jazzy/opt/gz_fuel_tools_vendor/lib:/opt/ros/jazzy/opt/gz_msgs_vendor/lib:/opt/ros/jazzy/opt/gz_common_vendor/lib:/opt/ros/jazzy/opt/gz_math_vendor/lib:/opt/ros/jazzy/opt/gz_utils_vendor/lib:/opt/ros/jazzy/opt/gz_tools_vendor/lib:/opt/ros/jazzy/opt/gz_ogre_next_vendor/lib:/opt/ros/jazzy/opt/gz_dartsim_vendor/lib:/opt/ros/jazzy/opt/gz_cmake_vendor/lib:/opt/ros/jazzy/lib', 'HOME': '/home/davide-pillon', 'OLDPWD': '/home/davide-pillon/Desktop/Brain_DEII', 'DESKTOP_SESSION': 'ubuntu', 'ROS_PYTHON_VERSION': '3', 'GNOME_SHELL_SESSION_MODE': 'ubuntu', 'GTK_MODULES': 'gail:atk-bridge', 'SYSTEMD_EXEC_PID': '2226', 'GSM_SKIP_SSH_AGENT_WORKAROUND': 'true', 'DBUS_SESSION_BUS_ADDRESS': 'unix:path=/run/user/1000/bus', 'COLORTERM': 'truecolor', 'TERMINATOR_DBUS_NAME': 'net.tenshu.Terminator25ef4b219e3b005583550f2b0f9f990c3', 'DEBUGINFOD_URLS': 'https://debuginfod.ubuntu.com', 'IM_CONFIG_PHASE': '1', 'WAYLAND_DISPLAY': 'wayland-0', 'ROS_DISTRO': 'jazzy', 'LOGNAME': 'davide-pillon', 'IGN_GAZEBO_MODEL_PATH': '/opt/ros/jazzy/share', '_': '/usr/bin/colcon', 'ROS_VERSION': '2', 'MEMORY_PRESSURE_WATCH': '/sys/fs/cgroup/user.slice/user-1000.slice/user@1000.service/session.slice/org.gnome.Shell@wayland.service/memory.pressure', 'XDG_SESSION_CLASS': 'user', 'USERNAME': 'davide-pillon', 'TERM': 'xterm-256color', 'GAZEBO_MODEL_PATH': '/opt/ros/jazzy/share', 'GNOME_DESKTOP_SESSION_ID': 'this-is-deprecated', 'PATH': '/opt/ros/jazzy/opt/gz_msgs_vendor/bin:/opt/ros/jazzy/opt/gz_tools_vendor/bin:/opt/ros/jazzy/opt/gz_ogre_next_vendor/bin:/opt/ros/jazzy/bin:/home/davide-pillon/.local/bin:/usr/local/sbin:/usr/local/bin:/usr/sbin:/usr/bin:/sbin:/bin:/usr/games:/usr/local/games:/snap/bin:/snap/bin:/home/davide-pillon/.local/bin:/home/davide-pillon/.local/bin', 'SESSION_MANAGER': 'local/davide-pillon-BOD-WXX9:@/tmp/.ICE-unix/2190,unix/davide-pillon-BOD-WXX9:/tmp/.ICE-unix/2190', 'XDG_MENU_PREFIX': 'gnome-', 'GNOME_TERMINAL_SCREEN': '/org/gnome/Terminal/screen/ce799c77_8fed_4b4c_8767_c3981f6c9c25', 'GNOME_SETUP_DISPLAY': ':1', 'XDG_RUNTIME_DIR': '/run/user/1000', 'DISPLAY': ':0', 'TERMINATOR_DBUS_PATH': '/net/tenshu/Terminator2', 'LANG': 'en_US.UTF-8', 'XDG_CURRENT_DESKTOP': 'ubuntu:GNOME', 'XMODIFIERS': '@im=ibus', 'XDG_SESSION_DESKTOP': 'ubuntu', 'XAUTHORITY': '/run/user/1000/.mutter-Xwaylandauth.RTQJP3', 'LS_COLORS': 'rs=0:di=01;34:ln=01;36:mh=00:pi=40;33:so=01;35:do=01;35:bd=40;33;01:cd=40;33;01:or=40;31;01:mi=00:su=37;41:sg=30;43:ca=00:tw=30;42:ow=34;42:st=37;44:ex=01;32:*.tar=01;31:*.tgz=01;31:*.arc=01;31:*.arj=01;31:*.taz=01;31:*.lha=01;31:*.lz4=01;31:*.lzh=01;31:*.lzma=01;31:*.tlz=01;31:*.txz=01;31:*.tzo=01;31:*.t7z=01;31:*.zip=01;31:*.z=01;31:*.dz=01;31:*.gz=01;31:*.lrz=01;31:*.lz=01;31:*.lzo=01;31:*.xz=01;31:*.zst=01;31:*.tzst=01;31:*.bz2=01;31:*.bz=01;31:*.tbz=01;31:*.tbz2=01;31:*.tz=01;31:*.deb=01;31:*.rpm=01;31:*.jar=01;31:*.war=01;31:*.ear=01;31:*.sar=01;31:*.rar=01;31:*.alz=01;31:*.ace=01;31:*.zoo=01;31:*.cpio=01;31:*.7z=01;31:*.rz=01;31:*.cab=01;31:*.wim=01;31:*.swm=01;31:*.dwm=01;31:*.esd=01;31:*.avif=01;35:*.jpg=01;35:*.jpeg=01;35:*.mjpg=01;35:*.mjpeg=01;35:*.gif=01;35:*.bmp=01;35:*.pbm=01;35:*.pgm=01;35:*.ppm=01;35:*.tga=01;35:*.xbm=01;35:*.xpm=01;35:*.tif=01;35:*.tiff=01;35:*.png=01;35:*.svg=01;35:*.svgz=01;35:*.mng=01;35:*.pcx=01;35:*.mov=01;35:*.mpg=01;35:*.mpeg=01;35:*.m2v=01;35:*.mkv=01;35:*.webm=01;35:*.webp=01;35:*.ogm=01;35:*.mp4=01;35:*.m4v=01;35:*.mp4v=01;35:*.vob=01;35:*.qt=01;35:*.nuv=01;35:*.wmv=01;35:*.asf=01;35:*.rm=01;35:*.rmvb=01;35:*.flc=01;35:*.avi=01;35:*.fli=01;35:*.flv=01;35:*.gl=01;35:*.dl=01;35:*.xcf=01;35:*.xwd=01;35:*.yuv=01;35:*.cgm=01;35:*.emf=01;35:*.ogv=01;35:*.ogx=01;35:*.aac=00;36:*.au=00;36:*.flac=00;36:*.m4a=00;36:*.mid=00;36:*.midi=00;36:*.mka=00;36:*.mp3=00;36:*.mpc=00;36:*.ogg=00;36:*.ra=00;36:*.wav=00;36:*.oga=00;36:*.opus=00;36:*.spx=00;36:*.xspf=00;36:*~=00;90:*#=00;90:*.bak=00;90:*.crdownload=00;90:*.dpkg-dist=00;90:*.dpkg-new=00;90:*.dpkg-old=00;90:*.dpkg-tmp=00;90:*.old=00;90:*.orig=00;90:*.part=00;90:*.rej=00;90:*.rpmnew=00;90:*.rpmorig=00;90:*.rpmsave=00;90:*.swp=00;90:*.tmp=00;90:*.ucf-dist=00;90:*.ucf-new=00;90:*.ucf-old=00;90:', 'GNOME_TERMINAL_SERVICE': ':1.149', 'SSH_AUTH_SOCK': '/run/user/1000/keyring/ssh', 'AMENT_PREFIX_PATH': '/opt/ros/jazzy', 'SHELL': '/bin/bash', 'TERMINATOR_UUID': 'urn:uuid:efd2288e-d93d-44d7-8b69-ba3352931f37', 'QT_ACCESSIBILITY': '1', 'GDMSESSION': 'ubuntu', 'LESSCLOSE': '/usr/bin/lesspipe %s %s', 'IGN_GAZEBO_RESOURCE_PATH': '/opt/ros/jazzy/share', 'GAZEBO_RESOURCE_PATH': '/opt/ros/jazzy/share', 'ROS_AUTOMATIC_DISCOVERY_RANGE': 'SUBNET', 'QT_IM_MODULE': 'ibus', 'PWD': '/home/davide-pillon/Desktop/Brain_DEII/brain/build/utils', 'LC_ALL': 'en_US.UTF-8', 'XDG_CONFIG_DIRS': '/etc/xdg/xdg-ubuntu:/etc/xdg', 'XDG_DATA_DIRS': '/usr/share/ubuntu:/usr/share/gnome:/home/davide-pillon/.local/share/flatpak/exports/share:/var/lib/flatpak/exports/share:/usr/local/share/:/usr/share/:/var/lib/snapd/desktop', 'PYTHONPATH': '/opt/ros/jazzy/lib/python3.12/site-packages', 'COLCON': '1', 'MEMORY_PRESSURE_WRITE': 'c29tZSAyMDAwMDAgMjAwMDAwMAA=', 'VTE_VERSION': '7600', 'CMAKE_PREFIX_PATH': '/opt/ros/jazzy/opt/gz_sim_vendor:/opt/ros/jazzy/opt/gz_sensors_vendor:/opt/ros/jazzy/opt/gz_physics_vendor:/opt/ros/jazzy/opt/sdformat_vendor:/opt/ros/jazzy/opt/gz_gui_vendor:/opt/ros/jazzy/opt/gz_transport_vendor:/opt/ros/jazzy/opt/gz_rendering_vendor:/opt/ros/jazzy/opt/gz_plugin_vendor:/opt/ros/jazzy/opt/gz_fuel_tools_vendor:/opt/ros/jazzy/opt/gz_msgs_vendor:/opt/ros/jazzy/opt/gz_common_vendor:/opt/ros/jazzy/opt/gz_math_vendor:/opt/ros/jazzy/opt/gz_utils_vendor:/opt/ros/jazzy/opt/gz_tools_vendor:/opt/ros/jazzy/opt/gz_ogre_next_vendor:/opt/ros/jazzy/opt/gz_dartsim_vendor:/opt/ros/jazzy/opt/gz_cmake_vendor:/opt/ros/jazzy'}), 'shell': False}
[0.099660] (-) TimerEvent: {}
[0.199865] (-) TimerEvent: {}
[0.226136] (utils) StdoutLine: {'line': b'-- The C compiler identification is GNU 13.3.0\n'}
[0.299960] (-) TimerEvent: {}
[0.358245] (utils) StdoutLine: {'line': b'-- The CXX compiler identification is GNU 13.3.0\n'}
[0.374562] (utils) StdoutLine: {'line': b'-- Detecting C compiler ABI info\n'}
[0.400081] (-) TimerEvent: {}
[0.461112] (utils) StdoutLine: {'line': b'-- Detecting C compiler ABI info - done\n'}
[0.468212] (utils) StdoutLine: {'line': b'-- Check for working C compiler: /usr/bin/cc - skipped\n'}
[0.468629] (utils) StdoutLine: {'line': b'-- Detecting C compile features\n'}
[0.469104] (utils) StdoutLine: {'line': b'-- Detecting C compile features - done\n'}
[0.477700] (utils) StdoutLine: {'line': b'-- Detecting CXX compiler ABI info\n'}
[0.500182] (-) TimerEvent: {}
[0.560267] (utils) StdoutLine: {'line': b'-- Detecting CXX compiler ABI info - done\n'}
[0.567909] (utils) StdoutLine: {'line': b'-- Check for working CXX compiler: /usr/bin/c++ - skipped\n'}
[0.568139] (utils) StdoutLine: {'line': b'-- Detecting CXX compile features\n'}
[0.568601] (utils) StdoutLine: {'line': b'-- Detecting CXX compile features - done\n'}
[0.583470] (utils) StdoutLine: {'line': b'-- Found ament_cmake: 2.5.5 (/opt/ros/jazzy/share/ament_cmake/cmake)\n'}
[0.600292] (-) TimerEvent: {}
[0.700629] (-) TimerEvent: {}
[0.711725] (utils) StdoutLine: {'line': b'-- Found Python3: /usr/bin/python3 (found version "3.12.3") found components: Interpreter \n'}
[0.800758] (-) TimerEvent: {}
[0.824288] (utils) StdoutLine: {'line': b'-- Found rosidl_default_generators: 1.6.0 (/opt/ros/jazzy/share/rosidl_default_generators/cmake)\n'}
[0.832853] (utils) StdoutLine: {'line': b'-- Using all available rosidl_typesupport_c: rosidl_typesupport_fastrtps_c;rosidl_typesupport_introspection_c\n'}
[0.881530] (smart) Command: {'cmd': ['/usr/bin/python3', '-W', 'ignore:setup.py install is deprecated', '-W', 'ignore:easy_install command is deprecated', 'setup.py', 'egg_info', '--egg-base', '../../build/smart', 'build', '--build-base', '/home/davide-pillon/Desktop/Brain_DEII/brain/build/smart/build', 'install', '--record', '/home/davide-pillon/Desktop/Brain_DEII/brain/build/smart/install.log', '--single-version-externally-managed', 'install_data'], 'cwd': '/home/davide-pillon/Desktop/Brain_DEII/brain/src/smart', 'env': {'LESSOPEN': '| /usr/bin/lesspipe %s', 'GZ_SIM_RESOURCE_PATH': '/opt/ros/jazzy/share', 'USER': 'davide-pillon', 'GZ_CONFIG_PATH': '/opt/ros/jazzy/opt/gz_sim_vendor/share/gz:/opt/ros/jazzy/opt/sdformat_vendor/share/gz:/opt/ros/jazzy/opt/gz_gui_vendor/share/gz:/opt/ros/jazzy/opt/gz_transport_vendor/share/gz:/opt/ros/jazzy/opt/gz_rendering_vendor/share/gz:/opt/ros/jazzy/opt/gz_plugin_vendor/share/gz:/opt/ros/jazzy/opt/gz_fuel_tools_vendor/share/gz:/opt/ros/jazzy/opt/gz_msgs_vendor/share/gz:/opt/ros/jazzy/opt/gz_common_vendor/share/gz', 'XDG_SESSION_TYPE': 'wayland', 'CLUTTER_DISABLE_MIPMAPPED_TEXT': '1', 'SHLVL': '2', 'LD_LIBRARY_PATH': '/opt/ros/jazzy/opt/gz_sim_vendor/lib:/opt/ros/jazzy/opt/gz_sensors_vendor/lib:/opt/ros/jazzy/opt/gz_physics_vendor/lib:/opt/ros/jazzy/opt/sdformat_vendor/lib:/opt/ros/jazzy/opt/rviz_ogre_vendor/lib:/opt/ros/jazzy/lib/x86_64-linux-gnu:/opt/ros/jazzy/opt/gz_gui_vendor/lib:/opt/ros/jazzy/opt/gz_transport_vendor/lib:/opt/ros/jazzy/opt/gz_rendering_vendor/lib:/opt/ros/jazzy/opt/gz_plugin_vendor/lib:/opt/ros/jazzy/opt/gz_fuel_tools_vendor/lib:/opt/ros/jazzy/opt/gz_msgs_vendor/lib:/opt/ros/jazzy/opt/gz_common_vendor/lib:/opt/ros/jazzy/opt/gz_math_vendor/lib:/opt/ros/jazzy/opt/gz_utils_vendor/lib:/opt/ros/jazzy/opt/gz_tools_vendor/lib:/opt/ros/jazzy/opt/gz_ogre_next_vendor/lib:/opt/ros/jazzy/opt/gz_dartsim_vendor/lib:/opt/ros/jazzy/opt/gz_cmake_vendor/lib:/opt/ros/jazzy/lib', 'HOME': '/home/davide-pillon', 'OLDPWD': '/home/davide-pillon/Desktop/Brain_DEII', 'DESKTOP_SESSION': 'ubuntu', 'ROS_PYTHON_VERSION': '3', 'GNOME_SHELL_SESSION_MODE': 'ubuntu', 'GTK_MODULES': 'gail:atk-bridge', 'SYSTEMD_EXEC_PID': '2226', 'GSM_SKIP_SSH_AGENT_WORKAROUND': 'true', 'DBUS_SESSION_BUS_ADDRESS': 'unix:path=/run/user/1000/bus', 'COLORTERM': 'truecolor', 'TERMINATOR_DBUS_NAME': 'net.tenshu.Terminator25ef4b219e3b005583550f2b0f9f990c3', 'DEBUGINFOD_URLS': 'https://debuginfod.ubuntu.com', 'IM_CONFIG_PHASE': '1', 'WAYLAND_DISPLAY': 'wayland-0', 'ROS_DISTRO': 'jazzy', 'LOGNAME': 'davide-pillon', 'IGN_GAZEBO_MODEL_PATH': '/opt/ros/jazzy/share', '_': '/usr/bin/colcon', 'ROS_VERSION': '2', 'MEMORY_PRESSURE_WATCH': '/sys/fs/cgroup/user.slice/user-1000.slice/user@1000.service/session.slice/org.gnome.Shell@wayland.service/memory.pressure', 'XDG_SESSION_CLASS': 'user', 'USERNAME': 'davide-pillon', 'TERM': 'xterm-256color', 'GAZEBO_MODEL_PATH': '/opt/ros/jazzy/share', 'GNOME_DESKTOP_SESSION_ID': 'this-is-deprecated', 'PATH': '/opt/ros/jazzy/opt/gz_msgs_vendor/bin:/opt/ros/jazzy/opt/gz_tools_vendor/bin:/opt/ros/jazzy/opt/gz_ogre_next_vendor/bin:/opt/ros/jazzy/bin:/home/davide-pillon/.local/bin:/usr/local/sbin:/usr/local/bin:/usr/sbin:/usr/bin:/sbin:/bin:/usr/games:/usr/local/games:/snap/bin:/snap/bin:/home/davide-pillon/.local/bin:/home/davide-pillon/.local/bin', 'SESSION_MANAGER': 'local/davide-pillon-BOD-WXX9:@/tmp/.ICE-unix/2190,unix/davide-pillon-BOD-WXX9:/tmp/.ICE-unix/2190', 'XDG_MENU_PREFIX': 'gnome-', 'GNOME_TERMINAL_SCREEN': '/org/gnome/Terminal/screen/ce799c77_8fed_4b4c_8767_c3981f6c9c25', 'GNOME_SETUP_DISPLAY': ':1', 'XDG_RUNTIME_DIR': '/run/user/1000', 'DISPLAY': ':0', 'TERMINATOR_DBUS_PATH': '/net/tenshu/Terminator2', 'LANG': 'en_US.UTF-8', 'XDG_CURRENT_DESKTOP': 'ubuntu:GNOME', 'XMODIFIERS': '@im=ibus', 'XDG_SESSION_DESKTOP': 'ubuntu', 'XAUTHORITY': '/run/user/1000/.mutter-Xwaylandauth.RTQJP3', 'LS_COLORS': 'rs=0:di=01;34:ln=01;36:mh=00:pi=40;33:so=01;35:do=01;35:bd=40;33;01:cd=40;33;01:or=40;31;01:mi=00:su=37;41:sg=30;43:ca=00:tw=30;42:ow=34;42:st=37;44:ex=01;32:*.tar=01;31:*.tgz=01;31:*.arc=01;31:*.arj=01;31:*.taz=01;31:*.lha=01;31:*.lz4=01;31:*.lzh=01;31:*.lzma=01;31:*.tlz=01;31:*.txz=01;31:*.tzo=01;31:*.t7z=01;31:*.zip=01;31:*.z=01;31:*.dz=01;31:*.gz=01;31:*.lrz=01;31:*.lz=01;31:*.lzo=01;31:*.xz=01;31:*.zst=01;31:*.tzst=01;31:*.bz2=01;31:*.bz=01;31:*.tbz=01;31:*.tbz2=01;31:*.tz=01;31:*.deb=01;31:*.rpm=01;31:*.jar=01;31:*.war=01;31:*.ear=01;31:*.sar=01;31:*.rar=01;31:*.alz=01;31:*.ace=01;31:*.zoo=01;31:*.cpio=01;31:*.7z=01;31:*.rz=01;31:*.cab=01;31:*.wim=01;31:*.swm=01;31:*.dwm=01;31:*.esd=01;31:*.avif=01;35:*.jpg=01;35:*.jpeg=01;35:*.mjpg=01;35:*.mjpeg=01;35:*.gif=01;35:*.bmp=01;35:*.pbm=01;35:*.pgm=01;35:*.ppm=01;35:*.tga=01;35:*.xbm=01;35:*.xpm=01;35:*.tif=01;35:*.tiff=01;35:*.png=01;35:*.svg=01;35:*.svgz=01;35:*.mng=01;35:*.pcx=01;35:*.mov=01;35:*.mpg=01;35:*.mpeg=01;35:*.m2v=01;35:*.mkv=01;35:*.webm=01;35:*.webp=01;35:*.ogm=01;35:*.mp4=01;35:*.m4v=01;35:*.mp4v=01;35:*.vob=01;35:*.qt=01;35:*.nuv=01;35:*.wmv=01;35:*.asf=01;35:*.rm=01;35:*.rmvb=01;35:*.flc=01;35:*.avi=01;35:*.fli=01;35:*.flv=01;35:*.gl=01;35:*.dl=01;35:*.xcf=01;35:*.xwd=01;35:*.yuv=01;35:*.cgm=01;35:*.emf=01;35:*.ogv=01;35:*.ogx=01;35:*.aac=00;36:*.au=00;36:*.flac=00;36:*.m4a=00;36:*.mid=00;36:*.midi=00;36:*.mka=00;36:*.mp3=00;36:*.mpc=00;36:*.ogg=00;36:*.ra=00;36:*.wav=00;36:*.oga=00;36:*.opus=00;36:*.spx=00;36:*.xspf=00;36:*~=00;90:*#=00;90:*.bak=00;90:*.crdownload=00;90:*.dpkg-dist=00;90:*.dpkg-new=00;90:*.dpkg-old=00;90:*.dpkg-tmp=00;90:*.old=00;90:*.orig=00;90:*.part=00;90:*.rej=00;90:*.rpmnew=00;90:*.rpmorig=00;90:*.rpmsave=00;90:*.swp=00;90:*.tmp=00;90:*.ucf-dist=00;90:*.ucf-new=00;90:*.ucf-old=00;90:', 'GNOME_TERMINAL_SERVICE': ':1.149', 'SSH_AUTH_SOCK': '/run/user/1000/keyring/ssh', 'AMENT_PREFIX_PATH': '/opt/ros/jazzy', 'SHELL': '/bin/bash', 'TERMINATOR_UUID': 'urn:uuid:efd2288e-d93d-44d7-8b69-ba3352931f37', 'QT_ACCESSIBILITY': '1', 'GDMSESSION': 'ubuntu', 'LESSCLOSE': '/usr/bin/lesspipe %s %s', 'IGN_GAZEBO_RESOURCE_PATH': '/opt/ros/jazzy/share', 'GAZEBO_RESOURCE_PATH': '/opt/ros/jazzy/share', 'ROS_AUTOMATIC_DISCOVERY_RANGE': 'SUBNET', 'QT_IM_MODULE': 'ibus', 'PWD': '/home/davide-pillon/Desktop/Brain_DEII/brain/build/smart', 'LC_ALL': 'en_US.UTF-8', 'XDG_CONFIG_DIRS': '/etc/xdg/xdg-ubuntu:/etc/xdg', 'XDG_DATA_DIRS': '/usr/share/ubuntu:/usr/share/gnome:/home/davide-pillon/.local/share/flatpak/exports/share:/var/lib/flatpak/exports/share:/usr/local/share/:/usr/share/:/var/lib/snapd/desktop', 'PYTHONPATH': '/home/davide-pillon/Desktop/Brain_DEII/brain/build/smart/prefix_override:/usr/lib/python3/dist-packages/colcon_core/task/python/colcon_distutils_commands:/home/davide-pillon/Desktop/Brain_DEII/brain/install/smart/lib/python3.12/site-packages:/opt/ros/jazzy/lib/python3.12/site-packages', 'COLCON': '1', 'MEMORY_PRESSURE_WRITE': 'c29tZSAyMDAwMDAgMjAwMDAwMAA=', 'VTE_VERSION': '7600', 'CMAKE_PREFIX_PATH': '/opt/ros/jazzy/opt/gz_sim_vendor:/opt/ros/jazzy/opt/gz_sensors_vendor:/opt/ros/jazzy/opt/gz_physics_vendor:/opt/ros/jazzy/opt/sdformat_vendor:/opt/ros/jazzy/opt/gz_gui_vendor:/opt/ros/jazzy/opt/gz_transport_vendor:/opt/ros/jazzy/opt/gz_rendering_vendor:/opt/ros/jazzy/opt/gz_plugin_vendor:/opt/ros/jazzy/opt/gz_fuel_tools_vendor:/opt/ros/jazzy/opt/gz_msgs_vendor:/opt/ros/jazzy/opt/gz_common_vendor:/opt/ros/jazzy/opt/gz_math_vendor:/opt/ros/jazzy/opt/gz_utils_vendor:/opt/ros/jazzy/opt/gz_tools_vendor:/opt/ros/jazzy/opt/gz_ogre_next_vendor:/opt/ros/jazzy/opt/gz_dartsim_vendor:/opt/ros/jazzy/opt/gz_cmake_vendor'}, 'shell': False}
[0.900943] (-) TimerEvent: {}
[0.901680] (utils) StdoutLine: {'line': b'-- Using all available rosidl_typesupport_cpp: rosidl_typesupport_fastrtps_cpp;rosidl_typesupport_introspection_cpp\n'}
[0.954908] (utils) StdoutLine: {'line': b'-- Found rosidl_adapter: 4.6.7 (/opt/ros/jazzy/share/rosidl_adapter/cmake)\n'}
[0.960751] (utils) StdoutLine: {'line': b'-- Found std_msgs: 5.3.6 (/opt/ros/jazzy/share/std_msgs/cmake)\n'}
[1.001053] (-) TimerEvent: {}
[1.101431] (-) TimerEvent: {}
[1.112143] (smart) StdoutLine: {'line': b'running egg_info\n'}
[1.112426] (smart) StdoutLine: {'line': b'creating ../../build/smart/smart.egg-info\n'}
[1.129917] (smart) StdoutLine: {'line': b'writing ../../build/smart/smart.egg-info/PKG-INFO\n'}
[1.130194] (smart) StdoutLine: {'line': b'writing dependency_links to ../../build/smart/smart.egg-info/dependency_links.txt\n'}
[1.130328] (smart) StdoutLine: {'line': b'writing entry points to ../../build/smart/smart.egg-info/entry_points.txt\n'}
[1.130457] (smart) StdoutLine: {'line': b'writing requirements to ../../build/smart/smart.egg-info/requires.txt\n'}
[1.130559] (smart) StdoutLine: {'line': b'writing top-level names to ../../build/smart/smart.egg-info/top_level.txt\n'}
[1.130669] (smart) StdoutLine: {'line': b"writing manifest file '../../build/smart/smart.egg-info/SOURCES.txt'\n"}
[1.190872] (smart) StdoutLine: {'line': b"reading manifest file '../../build/smart/smart.egg-info/SOURCES.txt'\n"}
[1.191158] (smart) StdoutLine: {'line': b"writing manifest file '../../build/smart/smart.egg-info/SOURCES.txt'\n"}
[1.191251] (smart) StdoutLine: {'line': b'running build\n'}
[1.191325] (smart) StdoutLine: {'line': b'running build_py\n'}
[1.191404] (smart) StdoutLine: {'line': b'creating /home/davide-pillon/Desktop/Brain_DEII/brain/build/smart/build\n'}
[1.191484] (smart) StdoutLine: {'line': b'creating /home/davide-pillon/Desktop/Brain_DEII/brain/build/smart/build/lib\n'}
[1.191562] (smart) StdoutLine: {'line': b'copying oak_camera_node.py -> /home/davide-pillon/Desktop/Brain_DEII/brain/build/smart/build/lib\n'}
[1.191641] (smart) StdoutLine: {'line': b'running install\n'}
[1.201537] (-) TimerEvent: {}
[1.205498] (smart) StdoutLine: {'line': b'running install_lib\n'}
[1.231303] (smart) StdoutLine: {'line': b'copying /home/davide-pillon/Desktop/Brain_DEII/brain/build/smart/build/lib/oak_camera_node.py -> /home/davide-pillon/Desktop/Brain_DEII/brain/install/smart/lib/python3.12/site-packages\n'}
[1.233146] (smart) StdoutLine: {'line': b'byte-compiling /home/davide-pillon/Desktop/Brain_DEII/brain/install/smart/lib/python3.12/site-packages/oak_camera_node.py to oak_camera_node.cpython-312.pyc\n'}
[1.237931] (smart) StdoutLine: {'line': b'running install_data\n'}
[1.238081] (smart) StdoutLine: {'line': b'copying resource/smart -> /home/davide-pillon/Desktop/Brain_DEII/brain/install/smart/share/ament_index/resource_index/packages\n'}
[1.238177] (smart) StdoutLine: {'line': b'copying package.xml -> /home/davide-pillon/Desktop/Brain_DEII/brain/install/smart/share/smart\n'}
[1.238426] (smart) StdoutLine: {'line': b'copying models/sign_yolo.onnx -> /home/davide-pillon/Desktop/Brain_DEII/brain/install/smart/share/smart/models\n'}
[1.254097] (smart) StdoutLine: {'line': b'running install_egg_info\n'}
[1.273028] (smart) StdoutLine: {'line': b"removing '/home/davide-pillon/Desktop/Brain_DEII/brain/install/smart/lib/python3.12/site-packages/smart-0.0.0-py3.12.egg-info' (and everything under it)\n"}
[1.273305] (smart) StdoutLine: {'line': b'Copying ../../build/smart/smart.egg-info to /home/davide-pillon/Desktop/Brain_DEII/brain/install/smart/lib/python3.12/site-packages/smart-0.0.0-py3.12.egg-info\n'}
[1.274175] (smart) StdoutLine: {'line': b'running install_scripts\n'}
[1.301638] (-) TimerEvent: {}
[1.388431] (smart) StdoutLine: {'line': b'Installing oak_camera_node script to /home/davide-pillon/Desktop/Brain_DEII/brain/install/smart/lib/smart\n'}
[1.388727] (smart) StdoutLine: {'line': b"writing list of installed files to '/home/davide-pillon/Desktop/Brain_DEII/brain/build/smart/install.log'\n"}
[1.401741] (-) TimerEvent: {}
[1.420325] (smart) CommandEnded: {'returncode': 0}
[1.431456] (smart) JobEnded: {'identifier': 'smart', 'rc': 0}
[1.501850] (-) TimerEvent: {}
[1.602062] (-) TimerEvent: {}
[1.608414] (utils) StdoutLine: {'line': b'-- Found ament_cmake_ros: 0.12.0 (/opt/ros/jazzy/share/ament_cmake_ros/cmake)\n'}
[1.702262] (-) TimerEvent: {}
[1.802499] (-) TimerEvent: {}
[1.902823] (-) TimerEvent: {}
[1.987957] (utils) StdoutLine: {'line': b'-- Using all available rosidl_typesupport_c: rosidl_typesupport_fastrtps_c;rosidl_typesupport_introspection_c\n'}
[2.002854] (-) TimerEvent: {}
[2.103057] (-) TimerEvent: {}
[2.203294] (-) TimerEvent: {}
[2.303643] (-) TimerEvent: {}
[2.403852] (-) TimerEvent: {}
[2.485883] (utils) StdoutLine: {'line': b'-- Using all available rosidl_typesupport_cpp: rosidl_typesupport_fastrtps_cpp;rosidl_typesupport_introspection_cpp\n'}
[2.489733] (utils) StdoutLine: {'line': b'-- Found python_cmake_module: 0.11.1 (/opt/ros/jazzy/share/python_cmake_module/cmake)\n'}
[2.504051] (-) TimerEvent: {}
[2.597654] (utils) StdoutLine: {'line': b'-- Found PythonExtra: /usr/bin/python3  \n'}
[2.604234] (-) TimerEvent: {}
[2.704560] (-) TimerEvent: {}
[2.804789] (-) TimerEvent: {}
[2.905282] (-) TimerEvent: {}
[3.008110] (-) TimerEvent: {}
[3.031706] (utils) StdoutLine: {'line': b'-- Found Python3: /usr/bin/python3 (found version "3.12.3") found components: Interpreter Development NumPy Development.Module Development.Embed \n'}
[3.080171] (utils) StdoutLine: {'line': b'-- Configuring done (3.0s)\n'}
[3.108221] (-) TimerEvent: {}
[3.127917] (utils) StdoutLine: {'line': b'-- Generating done (0.0s)\n'}
[3.138759] (utils) StdoutLine: {'line': b'-- Build files have been written to: /home/davide-pillon/Desktop/Brain_DEII/brain/build/utils\n'}
[3.146255] (utils) CommandEnded: {'returncode': 0}
[3.146638] (utils) JobProgress: {'identifier': 'utils', 'progress': 'build'}
[3.147050] (utils) Command: {'cmd': ['/usr/bin/cmake', '--build', '/home/davide-pillon/Desktop/Brain_DEII/brain/build/utils', '--', '-j8', '-l8'], 'cwd': '/home/davide-pillon/Desktop/Brain_DEII/brain/build/utils', 'env': OrderedDict({'LESSOPEN': '| /usr/bin/lesspipe %s', 'GZ_SIM_RESOURCE_PATH': '/opt/ros/jazzy/share', 'USER': 'davide-pillon', 'GZ_CONFIG_PATH': '/opt/ros/jazzy/opt/gz_sim_vendor/share/gz:/opt/ros/jazzy/opt/sdformat_vendor/share/gz:/opt/ros/jazzy/opt/gz_gui_vendor/share/gz:/opt/ros/jazzy/opt/gz_transport_vendor/share/gz:/opt/ros/jazzy/opt/gz_rendering_vendor/share/gz:/opt/ros/jazzy/opt/gz_plugin_vendor/share/gz:/opt/ros/jazzy/opt/gz_fuel_tools_vendor/share/gz:/opt/ros/jazzy/opt/gz_msgs_vendor/share/gz:/opt/ros/jazzy/opt/gz_common_vendor/share/gz', 'XDG_SESSION_TYPE': 'wayland', 'CLUTTER_DISABLE_MIPMAPPED_TEXT': '1', 'SHLVL': '2', 'LD_LIBRARY_PATH': '/opt/ros/jazzy/opt/gz_sim_vendor/lib:/opt/ros/jazzy/opt/gz_sensors_vendor/lib:/opt/ros/jazzy/opt/gz_physics_vendor/lib:/opt/ros/jazzy/opt/sdformat_vendor/lib:/opt/ros/jazzy/opt/rviz_ogre_vendor/lib:/opt/ros/jazzy/lib/x86_64-linux-gnu:/opt/ros/jazzy/opt/gz_gui_vendor/lib:/opt/ros/jazzy/opt/gz_transport_vendor/lib:/opt/ros/jazzy/opt/gz_rendering_vendor/lib:/opt/ros/jazzy/opt/gz_plugin_vendor/lib:/opt/ros/jazzy/opt/gz_fuel_tools_vendor/lib:/opt/ros/jazzy/opt/gz_msgs_vendor/lib:/opt/ros/jazzy/opt/gz_common_vendor/lib:/opt/ros/jazzy/opt/gz_math_vendor/lib:/opt/ros/jazzy/opt/gz_utils_vendor/lib:/opt/ros/jazzy/opt/gz_tools_vendor/lib:/opt/ros/jazzy/opt/gz_ogre_next_vendor/lib:/opt/ros/jazzy/opt/gz_dartsim_vendor/lib:/opt/ros/jazzy/opt/gz_cmake_vendor/lib:/opt/ros/jazzy/lib', 'HOME': '/home/davide-pillon', 'OLDPWD': '/home/davide-pillon/Desktop/Brain_DEII', 'DESKTOP_SESSION': 'ubuntu', 'ROS_PYTHON_VERSION': '3', 'GNOME_SHELL_SESSION_MODE': 'ubuntu', 'GTK_MODULES': 'gail:atk-bridge', 'SYSTEMD_EXEC_PID': '2226', 'GSM_SKIP_SSH_AGENT_WORKAROUND': 'true', 'DBUS_SESSION_BUS_ADDRESS': 'unix:path=/run/user/1000/bus', 'COLORTERM': 'truecolor', 'TERMINATOR_DBUS_NAME': 'net.tenshu.Terminator25ef4b219e3b005583550f2b0f9f990c3', 'DEBUGINFOD_URLS': 'https://debuginfod.ubuntu.com', 'IM_CONFIG_PHASE': '1', 'WAYLAND_DISPLAY': 'wayland-0', 'ROS_DISTRO': 'jazzy', 'LOGNAME': 'davide-pillon', 'IGN_GAZEBO_MODEL_PATH': '/opt/ros/jazzy/share', '_': '/usr/bin/colcon', 'ROS_VERSION': '2', 'MEMORY_PRESSURE_WATCH': '/sys/fs/cgroup/user.slice/user-1000.slice/user@1000.service/session.slice/org.gnome.Shell@wayland.service/memory.pressure', 'XDG_SESSION_CLASS': 'user', 'USERNAME': 'davide-pillon', 'TERM': 'xterm-256color', 'GAZEBO_MODEL_PATH': '/opt/ros/jazzy/share', 'GNOME_DESKTOP_SESSION_ID': 'this-is-deprecated', 'PATH': '/opt/ros/jazzy/opt/gz_msgs_vendor/bin:/opt/ros/jazzy/opt/gz_tools_vendor/bin:/opt/ros/jazzy/opt/gz_ogre_next_vendor/bin:/opt/ros/jazzy/bin:/home/davide-pillon/.local/bin:/usr/local/sbin:/usr/local/bin:/usr/sbin:/usr/bin:/sbin:/bin:/usr/games:/usr/local/games:/snap/bin:/snap/bin:/home/davide-pillon/.local/bin:/home/davide-pillon/.local/bin', 'SESSION_MANAGER': 'local/davide-pillon-BOD-WXX9:@/tmp/.ICE-unix/2190,unix/davide-pillon-BOD-WXX9:/tmp/.ICE-unix/2190', 'XDG_MENU_PREFIX': 'gnome-', 'GNOME_TERMINAL_SCREEN': '/org/gnome/Terminal/screen/ce799c77_8fed_4b4c_8767_c3981f6c9c25', 'GNOME_SETUP_DISPLAY': ':1', 'XDG_RUNTIME_DIR': '/run/user/1000', 'DISPLAY': ':0', 'TERMINATOR_DBUS_PATH': '/net/tenshu/Terminator2', 'LANG': 'en_US.UTF-8', 'XDG_CURRENT_DESKTOP': 'ubuntu:GNOME', 'XMODIFIERS': '@im=ibus', 'XDG_SESSION_DESKTOP': 'ubuntu', 'XAUTHORITY': '/run/user/1000/.mutter-Xwaylandauth.RTQJP3', 'LS_COLORS': 'rs=0:di=01;34:ln=01;36:mh=00:pi=40;33:so=01;35:do=01;35:bd=40;33;01:cd=40;33;01:or=40;31;01:mi=00:su=37;41:sg=30;43:ca=00:tw=30;42:ow=34;42:st=37;44:ex=01;32:*.tar=01;31:*.tgz=01;31:*.arc=01;31:*.arj=01;31:*.taz=01;31:*.lha=01;31:*.lz4=01;31:*.lzh=01;31:*.lzma=01;31:*.tlz=01;31:*.txz=01;31:*.tzo=01;31:*.t7z=01;31:*.zip=01;31:*.z=01;31:*.dz=01;31:*.gz=01;31:*.lrz=01;31:*.lz=01;31:*.lzo=01;31:*.xz=01;31:*.zst=01;31:*.tzst=01;31:*.bz2=01;31:*.bz=01;31:*.tbz=01;31:*.tbz2=01;31:*.tz=01;31:*.deb=01;31:*.rpm=01;31:*.jar=01;31:*.war=01;31:*.ear=01;31:*.sar=01;31:*.rar=01;31:*.alz=01;31:*.ace=01;31:*.zoo=01;31:*.cpio=01;31:*.7z=01;31:*.rz=01;31:*.cab=01;31:*.wim=01;31:*.swm=01;31:*.dwm=01;31:*.esd=01;31:*.avif=01;35:*.jpg=01;35:*.jpeg=01;35:*.mjpg=01;35:*.mjpeg=01;35:*.gif=01;35:*.bmp=01;35:*.pbm=01;35:*.pgm=01;35:*.ppm=01;35:*.tga=01;35:*.xbm=01;35:*.xpm=01;35:*.tif=01;35:*.tiff=01;35:*.png=01;35:*.svg=01;35:*.svgz=01;35:*.mng=01;35:*.pcx=01;35:*.mov=01;35:*.mpg=01;35:*.mpeg=01;35:*.m2v=01;35:*.mkv=01;35:*.webm=01;35:*.webp=01;35:*.ogm=01;35:*.mp4=01;35:*.m4v=01;35:*.mp4v=01;35:*.vob=01;35:*.qt=01;35:*.nuv=01;35:*.wmv=01;35:*.asf=01;35:*.rm=01;35:*.rmvb=01;35:*.flc=01;35:*.avi=01;35:*.fli=01;35:*.flv=01;35:*.gl=01;35:*.dl=01;35:*.xcf=01;35:*.xwd=01;35:*.yuv=01;35:*.cgm=01;35:*.emf=01;35:*.ogv=01;35:*.ogx=01;35:*.aac=00;36:*.au=00;36:*.flac=00;36:*.m4a=00;36:*.mid=00;36:*.midi=00;36:*.mka=00;36:*.mp3=00;36:*.mpc=00;36:*.ogg=00;36:*.ra=00;36:*.wav=00;36:*.oga=00;36:*.opus=00;36:*.spx=00;36:*.xspf=00;36:*~=00;90:*#=00;90:*.bak=00;90:*.crdownload=00;90:*.dpkg-dist=00;90:*.dpkg-new=00;90:*.dpkg-old=00;90:*.dpkg-tmp=00;90:*.old=00;90:*.orig=00;90:*.part=00;90:*.rej=00;90:*.rpmnew=00;90:*.rpmorig=00;90:*.rpmsave=00;90:*.swp=00;90:*.tmp=00;90:*.ucf-dist=00;90:*.ucf-new=00;90:*.ucf-old=00;90:', 'GNOME_TERMINAL_SERVICE': ':1.149', 'SSH_AUTH_SOCK': '/run/user/1000/keyring/ssh', 'AMENT_PREFIX_PATH': '/opt/ros/jazzy', 'SHELL': '/bin/bash', 'TERMINATOR_UUID': 'urn:uuid:efd2288e-d93d-44d7-8b69-ba3352931f37', 'QT_ACCESSIBILITY': '1', 'GDMSESSION': 'ubuntu', 'LESSCLOSE': '/usr/bin/lesspipe %s %s', 'IGN_GAZEBO_RESOURCE_PATH': '/opt/ros/jazzy/share', 'GAZEBO_RESOURCE_PATH': '/opt/ros/jazzy/share', 'ROS_AUTOMATIC_DISCOVERY_RANGE': 'SUBNET', 'QT_IM_MODULE': 'ibus', 'PWD': '/home/davide-pillon/Desktop/Brain_DEII/brain/build/utils', 'LC_ALL': 'en_US.UTF-8', 'XDG_CONFIG_DIRS': '/etc/xdg/xdg-ubuntu:/etc/xdg', 'XDG_DATA_DIRS': '/usr/share/ubuntu:/usr/share/gnome:/home/davide-pillon/.local/share/flatpak/exports/share:/var/lib/flatpak/exports/share:/usr/local/share/:/usr/share/:/var/lib/snapd/desktop', 'PYTHONPATH': '/opt/ros/jazzy/lib/python3.12/site-packages', 'COLCON': '1', 'MEMORY_PRESSURE_WRITE': 'c29tZSAyMDAwMDAgMjAwMDAwMAA=', 'VTE_VERSION': '7600', 'CMAKE_PREFIX_PATH': '/opt/ros/jazzy/opt/gz_sim_vendor:/opt/ros/jazzy/opt/gz_sensors_vendor:/opt/ros/jazzy/opt/gz_physics_vendor:/opt/ros/jazzy/opt/sdformat_vendor:/opt/ros/jazzy/opt/gz_gui_vendor:/opt/ros/jazzy/opt/gz_transport_vendor:/opt/ros/jazzy/opt/gz_rendering_vendor:/opt/ros/jazzy/opt/gz_plugin_vendor:/opt/ros/jazzy/opt/gz_fuel_tools_vendor:/opt/ros/jazzy/opt/gz_msgs_vendor:/opt/ros/jazzy/opt/gz_common_vendor:/opt/ros/jazzy/opt/gz_math_vendor:/opt/ros/jazzy/opt/gz_utils_vendor:/opt/ros/jazzy/opt/gz_tools_vendor:/opt/ros/jazzy/opt/gz_ogre_next_vendor:/opt/ros/jazzy/opt/gz_dartsim_vendor:/opt/ros/jazzy/opt/gz_cmake_vendor:/opt/ros/jazzy'}), 'shell': False}
[3.188987] (utils) StdoutLine: {'line': b'[  1%] \x1b[34m\x1b[1mGenerating type hashes for ROS interfaces\x1b[0m\n'}
[3.195889] (utils) StdoutLine: {'line': b'[  1%] Built target ament_cmake_python_copy_utils\n'}
[3.208328] (-) TimerEvent: {}
[3.308601] (-) TimerEvent: {}
[3.395420] (utils) StdoutLine: {'line': b'running egg_info\n'}
[3.396281] (utils) StdoutLine: {'line': b'creating utils.egg-info\n'}
[3.408689] (-) TimerEvent: {}
[3.414519] (utils) StdoutLine: {'line': b'writing utils.egg-info/PKG-INFO\n'}
[3.414740] (utils) StdoutLine: {'line': b'writing dependency_links to utils.egg-info/dependency_links.txt\n'}
[3.414881] (utils) StdoutLine: {'line': b'writing top-level names to utils.egg-info/top_level.txt\n'}
[3.415012] (utils) StdoutLine: {'line': b"writing manifest file 'utils.egg-info/SOURCES.txt'\n"}
[3.466172] (utils) StdoutLine: {'line': b"reading manifest file 'utils.egg-info/SOURCES.txt'\n"}
[3.466658] (utils) StdoutLine: {'line': b"writing manifest file 'utils.egg-info/SOURCES.txt'\n"}
[3.489932] (utils) StdoutLine: {'line': b'[  1%] Built target ament_cmake_python_build_utils_egg\n'}
[3.509172] (-) TimerEvent: {}
[3.522851] (utils) StdoutLine: {'line': b'[  1%] Built target utils__rosidl_generator_type_description\n'}
[3.531311] (utils) StdoutLine: {'line': b'[  2%] \x1b[34m\x1b[1mGenerating C code for ROS interfaces\x1b[0m\n'}
[3.539721] (utils) StdoutLine: {'line': b'[  2%] \x1b[34m\x1b[1mGenerating C++ code for ROS interfaces\x1b[0m\n'}
[3.609253] (-) TimerEvent: {}
[3.709479] (-) TimerEvent: {}
[3.809818] (-) TimerEvent: {}
[3.910029] (-) TimerEvent: {}
[4.010328] (-) TimerEvent: {}
[4.110742] (-) TimerEvent: {}
[4.184317] (utils) StdoutLine: {'line': b'[  2%] Built target utils__cpp\n'}
[4.210842] (-) TimerEvent: {}
[4.311897] (-) TimerEvent: {}
[4.364584] (utils) StdoutLine: {'line': b'[  6%] \x1b[32mBuilding C object CMakeFiles/utils__rosidl_generator_c.dir/rosidl_generator_c/utils/msg/detail/localisation__description.c.o\x1b[0m\n'}
[4.364890] (utils) StdoutLine: {'line': b'[  6%] \x1b[32mBuilding C object CMakeFiles/utils__rosidl_generator_c.dir/rosidl_generator_c/utils/msg/detail/localisation__functions.c.o\x1b[0m\n'}
[4.365006] (utils) StdoutLine: {'line': b'[  6%] \x1b[32mBuilding C object CMakeFiles/utils__rosidl_generator_c.dir/rosidl_generator_c/utils/msg/detail/imu__description.c.o\x1b[0m\n'}
[4.365087] (utils) StdoutLine: {'line': b'[  6%] \x1b[32mBuilding C object CMakeFiles/utils__rosidl_generator_c.dir/rosidl_generator_c/utils/msg/detail/vehicles__description.c.o\x1b[0m\n'}
[4.365175] (utils) StdoutLine: {'line': b'[  6%] \x1b[32mBuilding C object CMakeFiles/utils__rosidl_generator_c.dir/rosidl_generator_c/utils/msg/detail/imu__functions.c.o\x1b[0m\n'}
[4.365255] (utils) StdoutLine: {'line': b'[  7%] \x1b[32mBuilding C object CMakeFiles/utils__rosidl_generator_c.dir/rosidl_generator_c/utils/msg/detail/imu__type_support.c.o\x1b[0m\n'}
[4.365903] (utils) StdoutLine: {'line': b'[  8%] \x1b[32mBuilding C object CMakeFiles/utils__rosidl_generator_c.dir/rosidl_generator_c/utils/msg/detail/vehicles__functions.c.o\x1b[0m\n'}
[4.366073] (utils) StdoutLine: {'line': b'[  8%] \x1b[32mBuilding C object CMakeFiles/utils__rosidl_generator_c.dir/rosidl_generator_c/utils/msg/detail/localisation__type_support.c.o\x1b[0m\n'}
[4.412142] (-) TimerEvent: {}
[4.412671] (utils) StdoutLine: {'line': b'[  8%] \x1b[32mBuilding C object CMakeFiles/utils__rosidl_generator_c.dir/rosidl_generator_c/utils/msg/detail/vehicles__type_support.c.o\x1b[0m\n'}
[4.412894] (utils) StdoutLine: {'line': b'[  9%] \x1b[32mBuilding C object CMakeFiles/utils__rosidl_generator_c.dir/rosidl_generator_c/utils/msg/detail/environmental__description.c.o\x1b[0m\n'}
[4.423769] (utils) StdoutLine: {'line': b'[ 10%] \x1b[32mBuilding C object CMakeFiles/utils__rosidl_generator_c.dir/rosidl_generator_c/utils/msg/detail/environmental__type_support.c.o\x1b[0m\n'}
[4.424011] (utils) StdoutLine: {'line': b'[ 10%] \x1b[32mBuilding C object CMakeFiles/utils__rosidl_generator_c.dir/rosidl_generator_c/utils/msg/detail/log__description.c.o\x1b[0m\n'}
[4.424892] (utils) StdoutLine: {'line': b'[ 11%] \x1b[32mBuilding C object CMakeFiles/utils__rosidl_generator_c.dir/rosidl_generator_c/utils/msg/detail/environmental__functions.c.o\x1b[0m\n'}
[4.448068] (utils) StdoutLine: {'line': b'[ 14%] \x1b[32mBuilding C object CMakeFiles/utils__rosidl_generator_c.dir/rosidl_generator_c/utils/msg/detail/topic_info__description.c.o\x1b[0m\n'}
[4.448384] (utils) StdoutLine: {'line': b'[ 14%] \x1b[32mBuilding C object CMakeFiles/utils__rosidl_generator_c.dir/rosidl_generator_c/utils/msg/detail/log__type_support.c.o\x1b[0m\n'}
[4.448484] (utils) StdoutLine: {'line': b'[ 14%] \x1b[32mBuilding C object CMakeFiles/utils__rosidl_generator_c.dir/rosidl_generator_c/utils/msg/detail/log__functions.c.o\x1b[0m\n'}
[4.448574] (utils) StdoutLine: {'line': b'[ 14%] \x1b[32mBuilding C object CMakeFiles/utils__rosidl_generator_c.dir/rosidl_generator_c/utils/msg/detail/topic_info__functions.c.o\x1b[0m\n'}
[4.460734] (utils) StdoutLine: {'line': b'[ 15%] \x1b[32mBuilding C object CMakeFiles/utils__rosidl_generator_c.dir/rosidl_generator_c/utils/msg/detail/topic_info__type_support.c.o\x1b[0m\n'}
[4.461969] (utils) StdoutLine: {'line': b'[ 16%] \x1b[32mBuilding C object CMakeFiles/utils__rosidl_generator_c.dir/rosidl_generator_c/utils/msg/detail/semaphore__description.c.o\x1b[0m\n'}
[4.473419] (utils) StdoutLine: {'line': b'[ 17%] \x1b[32mBuilding C object CMakeFiles/utils__rosidl_generator_c.dir/rosidl_generator_c/utils/msg/detail/semaphore__functions.c.o\x1b[0m\n'}
[4.486172] (utils) StdoutLine: {'line': b'[ 18%] \x1b[32mBuilding C object CMakeFiles/utils__rosidl_generator_c.dir/rosidl_generator_c/utils/msg/detail/conditions__description.c.o\x1b[0m\n'}
[4.486491] (utils) StdoutLine: {'line': b'[ 18%] \x1b[32mBuilding C object CMakeFiles/utils__rosidl_generator_c.dir/rosidl_generator_c/utils/msg/detail/semaphore__type_support.c.o\x1b[0m\n'}
[4.495422] (utils) StdoutLine: {'line': b'[ 19%] \x1b[32mBuilding C object CMakeFiles/utils__rosidl_generator_c.dir/rosidl_generator_c/utils/msg/detail/conditions__functions.c.o\x1b[0m\n'}
[4.501867] (utils) StdoutLine: {'line': b'[ 20%] \x1b[32mBuilding C object CMakeFiles/utils__rosidl_generator_c.dir/rosidl_generator_c/utils/msg/detail/conditions__type_support.c.o\x1b[0m\n'}
[4.505686] (utils) StdoutLine: {'line': b'[ 20%] \x1b[32mBuilding C object CMakeFiles/utils__rosidl_generator_c.dir/rosidl_generator_c/utils/msg/detail/trafficsignprediction__description.c.o\x1b[0m\n'}
[4.509405] (utils) StdoutLine: {'line': b'[ 22%] \x1b[32mBuilding C object CMakeFiles/utils__rosidl_generator_c.dir/rosidl_generator_c/utils/msg/detail/trafficsignprediction__functions.c.o\x1b[0m\n'}
[4.509635] (utils) StdoutLine: {'line': b'[ 22%] \x1b[32mBuilding C object CMakeFiles/utils__rosidl_generator_c.dir/rosidl_generator_c/utils/msg/detail/trafficsignprediction__type_support.c.o\x1b[0m\n'}
[4.513900] (-) TimerEvent: {}
[4.524689] (utils) StdoutLine: {'line': b'[ 23%] \x1b[32mBuilding C object CMakeFiles/utils__rosidl_generator_c.dir/rosidl_generator_c/utils/srv/detail/subscribing__description.c.o\x1b[0m\n'}
[4.534148] (utils) StdoutLine: {'line': b'[ 23%] \x1b[32mBuilding C object CMakeFiles/utils__rosidl_generator_c.dir/rosidl_generator_c/utils/srv/detail/subscribing__functions.c.o\x1b[0m\n'}
[4.539969] (utils) StdoutLine: {'line': b'[ 24%] \x1b[32mBuilding C object CMakeFiles/utils__rosidl_generator_c.dir/rosidl_generator_c/utils/srv/detail/subscribing__type_support.c.o\x1b[0m\n'}
[4.540676] (utils) StdoutLine: {'line': b'[ 25%] \x1b[32mBuilding C object CMakeFiles/utils__rosidl_generator_c.dir/rosidl_generator_c/utils/srv/detail/request_param__description.c.o\x1b[0m\n'}
[4.549334] (utils) StdoutLine: {'line': b'[ 26%] \x1b[32mBuilding C object CMakeFiles/utils__rosidl_generator_c.dir/rosidl_generator_c/utils/srv/detail/request_param__functions.c.o\x1b[0m\n'}
[4.552292] (utils) StdoutLine: {'line': b'[ 26%] \x1b[32mBuilding C object CMakeFiles/utils__rosidl_generator_c.dir/rosidl_generator_c/utils/srv/detail/request_param__type_support.c.o\x1b[0m\n'}
[4.613990] (-) TimerEvent: {}
[4.619393] (utils) StdoutLine: {'line': b'[ 27%] \x1b[32m\x1b[1mLinking C shared library libutils__rosidl_generator_c.so\x1b[0m\n'}
[4.670909] (utils) StdoutLine: {'line': b'[ 27%] Built target utils__rosidl_generator_c\n'}
[4.697389] (utils) StdoutLine: {'line': b'[ 28%] \x1b[34m\x1b[1mGenerating C type support dispatch for ROS interfaces\x1b[0m\n'}
[4.698832] (utils) StdoutLine: {'line': b'[ 29%] \x1b[34m\x1b[1mGenerating C type support for eProsima Fast-RTPS\x1b[0m\n'}
[4.699216] (utils) StdoutLine: {'line': b'[ 29%] \x1b[34m\x1b[1mGenerating C introspection for ROS interfaces\x1b[0m\n'}
[4.699666] (utils) StdoutLine: {'line': b'[ 31%] \x1b[34m\x1b[1mGenerating C++ type support for eProsima Fast-RTPS\x1b[0m\n'}
[4.699883] (utils) StdoutLine: {'line': b'[ 31%] \x1b[34m\x1b[1mGenerating C++ introspection for ROS interfaces\x1b[0m\n'}
[4.701342] (utils) StdoutLine: {'line': b'[ 31%] \x1b[34m\x1b[1mGenerating C++ type support dispatch for ROS interfaces\x1b[0m\n'}
[4.714098] (-) TimerEvent: {}
[4.814415] (-) TimerEvent: {}
[4.914705] (-) TimerEvent: {}
[5.014983] (-) TimerEvent: {}
[5.115240] (-) TimerEvent: {}
[5.215502] (-) TimerEvent: {}
[5.315767] (-) TimerEvent: {}
[5.332875] (utils) StdoutLine: {'line': b'[ 34%] \x1b[32mBuilding CXX object CMakeFiles/utils__rosidl_typesupport_cpp.dir/rosidl_typesupport_cpp/utils/msg/vehicles__type_support.cpp.o\x1b[0m\n'}
[5.333550] (utils) StdoutLine: {'line': b'[ 34%] \x1b[32mBuilding CXX object CMakeFiles/utils__rosidl_typesupport_cpp.dir/rosidl_typesupport_cpp/utils/msg/imu__type_support.cpp.o\x1b[0m\n'}
[5.333733] (utils) StdoutLine: {'line': b'[ 34%] \x1b[32mBuilding CXX object CMakeFiles/utils__rosidl_typesupport_cpp.dir/rosidl_typesupport_cpp/utils/msg/localisation__type_support.cpp.o\x1b[0m\n'}
[5.415877] (-) TimerEvent: {}
[5.516869] (-) TimerEvent: {}
[5.552949] (utils) StdoutLine: {'line': b'[ 34%] \x1b[32mBuilding CXX object CMakeFiles/utils__rosidl_typesupport_c.dir/rosidl_typesupport_c/utils/msg/imu__type_support.cpp.o\x1b[0m\n'}
[5.610954] (utils) StdoutLine: {'line': b'[ 35%] \x1b[32mBuilding CXX object CMakeFiles/utils__rosidl_typesupport_c.dir/rosidl_typesupport_c/utils/msg/localisation__type_support.cpp.o\x1b[0m\n'}
[5.617879] (-) TimerEvent: {}
[5.667703] (utils) StdoutLine: {'line': b'[ 36%] \x1b[32mBuilding CXX object CMakeFiles/utils__rosidl_typesupport_c.dir/rosidl_typesupport_c/utils/msg/vehicles__type_support.cpp.o\x1b[0m\n'}
[5.717989] (-) TimerEvent: {}
[5.727428] (utils) StdoutLine: {'line': b'[ 37%] \x1b[32mBuilding CXX object CMakeFiles/utils__rosidl_typesupport_c.dir/rosidl_typesupport_c/utils/msg/environmental__type_support.cpp.o\x1b[0m\n'}
[5.776686] (utils) StdoutLine: {'line': b'[ 37%] \x1b[32mBuilding CXX object CMakeFiles/utils__rosidl_typesupport_c.dir/rosidl_typesupport_c/utils/msg/log__type_support.cpp.o\x1b[0m\n'}
[5.780195] (utils) StdoutLine: {'line': b'[ 38%] \x1b[32mBuilding CXX object CMakeFiles/utils__rosidl_typesupport_c.dir/rosidl_typesupport_c/utils/msg/topic_info__type_support.cpp.o\x1b[0m\n'}
[5.791897] (utils) StdoutLine: {'line': b'[ 39%] \x1b[32mBuilding CXX object CMakeFiles/utils__rosidl_typesupport_c.dir/rosidl_typesupport_c/utils/msg/semaphore__type_support.cpp.o\x1b[0m\n'}
[5.792157] (utils) StdoutLine: {'line': b'[ 39%] \x1b[32mBuilding CXX object CMakeFiles/utils__rosidl_typesupport_cpp.dir/rosidl_typesupport_cpp/utils/msg/environmental__type_support.cpp.o\x1b[0m\n'}
[5.804185] (utils) StdoutLine: {'line': b'[ 40%] \x1b[32mBuilding CXX object CMakeFiles/utils__rosidl_typesupport_introspection_cpp.dir/rosidl_typesupport_introspection_cpp/utils/msg/detail/imu__type_support.cpp.o\x1b[0m\n'}
[5.818927] (-) TimerEvent: {}
[5.829399] (utils) StdoutLine: {'line': b'[ 41%] \x1b[32mBuilding CXX object CMakeFiles/utils__rosidl_typesupport_introspection_cpp.dir/rosidl_typesupport_introspection_cpp/utils/msg/detail/localisation__type_support.cpp.o\x1b[0m\n'}
[5.834591] (utils) StdoutLine: {'line': b'[ 42%] \x1b[32mBuilding CXX object CMakeFiles/utils__rosidl_typesupport_cpp.dir/rosidl_typesupport_cpp/utils/msg/log__type_support.cpp.o\x1b[0m\n'}
[5.844590] (utils) StdoutLine: {'line': b'[ 43%] \x1b[32mBuilding CXX object CMakeFiles/utils__rosidl_typesupport_c.dir/rosidl_typesupport_c/utils/msg/conditions__type_support.cpp.o\x1b[0m\n'}
[5.896629] (utils) StdoutLine: {'line': b'[ 43%] \x1b[32mBuilding CXX object CMakeFiles/utils__rosidl_typesupport_c.dir/rosidl_typesupport_c/utils/msg/trafficsignprediction__type_support.cpp.o\x1b[0m\n'}
[5.902433] (utils) StdoutLine: {'line': b'[ 44%] \x1b[32mBuilding C object CMakeFiles/utils__rosidl_typesupport_introspection_c.dir/rosidl_typesupport_introspection_c/utils/msg/detail/imu__type_support.c.o\x1b[0m\n'}
[5.919032] (-) TimerEvent: {}
[5.954395] (utils) StdoutLine: {'line': b'[ 45%] \x1b[32mBuilding CXX object CMakeFiles/utils__rosidl_typesupport_c.dir/rosidl_typesupport_c/utils/srv/subscribing__type_support.cpp.o\x1b[0m\n'}
[5.970293] (utils) StdoutLine: {'line': b'[ 45%] \x1b[32mBuilding CXX object CMakeFiles/utils__rosidl_typesupport_fastrtps_cpp.dir/rosidl_typesupport_fastrtps_cpp/utils/msg/detail/dds_fastrtps/imu__type_support.cpp.o\x1b[0m\n'}
[5.971116] (utils) StdoutLine: {'line': b'[ 46%] \x1b[32mBuilding C object CMakeFiles/utils__rosidl_typesupport_introspection_c.dir/rosidl_typesupport_introspection_c/utils/msg/detail/localisation__type_support.c.o\x1b[0m\n'}
[6.019149] (-) TimerEvent: {}
[6.033255] (utils) StdoutLine: {'line': b'[ 47%] \x1b[32mBuilding CXX object CMakeFiles/utils__rosidl_typesupport_c.dir/rosidl_typesupport_c/utils/srv/request_param__type_support.cpp.o\x1b[0m\n'}
[6.060512] (utils) StdoutLine: {'line': b'[ 48%] \x1b[32mBuilding C object CMakeFiles/utils__rosidl_typesupport_introspection_c.dir/rosidl_typesupport_introspection_c/utils/msg/detail/vehicles__type_support.c.o\x1b[0m\n'}
[6.095073] (utils) StdoutLine: {'line': b'[ 49%] \x1b[32m\x1b[1mLinking CXX shared library libutils__rosidl_typesupport_c.so\x1b[0m\n'}
[6.119299] (-) TimerEvent: {}
[6.133067] (utils) StdoutLine: {'line': b'[ 49%] \x1b[32mBuilding C object CMakeFiles/utils__rosidl_typesupport_introspection_c.dir/rosidl_typesupport_introspection_c/utils/msg/detail/environmental__type_support.c.o\x1b[0m\n'}
[6.168276] (utils) StdoutLine: {'line': b'[ 49%] Built target utils__rosidl_typesupport_c\n'}
[6.179988] (utils) StdoutLine: {'line': b'[ 50%] \x1b[32mBuilding C object CMakeFiles/utils__rosidl_typesupport_introspection_c.dir/rosidl_typesupport_introspection_c/utils/msg/detail/log__type_support.c.o\x1b[0m\n'}
[6.181692] (utils) StdoutLine: {'line': b'[ 51%] \x1b[32mBuilding CXX object CMakeFiles/utils__rosidl_typesupport_fastrtps_cpp.dir/rosidl_typesupport_fastrtps_cpp/utils/msg/detail/dds_fastrtps/localisation__type_support.cpp.o\x1b[0m\n'}
[6.189927] (utils) StdoutLine: {'line': b'[ 52%] \x1b[32mBuilding CXX object CMakeFiles/utils__rosidl_typesupport_fastrtps_cpp.dir/rosidl_typesupport_fastrtps_cpp/utils/msg/detail/dds_fastrtps/vehicles__type_support.cpp.o\x1b[0m\n'}
[6.204976] (utils) StdoutLine: {'line': b'[ 52%] \x1b[32mBuilding CXX object CMakeFiles/utils__rosidl_typesupport_introspection_cpp.dir/rosidl_typesupport_introspection_cpp/utils/msg/detail/vehicles__type_support.cpp.o\x1b[0m\n'}
[6.219447] (-) TimerEvent: {}
[6.230011] (utils) StdoutLine: {'line': b'[ 53%] \x1b[32mBuilding C object CMakeFiles/utils__rosidl_typesupport_introspection_c.dir/rosidl_typesupport_introspection_c/utils/msg/detail/topic_info__type_support.c.o\x1b[0m\n'}
[6.269814] (utils) StdoutLine: {'line': b'[ 54%] \x1b[32mBuilding CXX object CMakeFiles/utils__rosidl_typesupport_cpp.dir/rosidl_typesupport_cpp/utils/msg/topic_info__type_support.cpp.o\x1b[0m\n'}
[6.273618] (utils) StdoutLine: {'line': b'[ 55%] \x1b[32mBuilding C object CMakeFiles/utils__rosidl_typesupport_introspection_c.dir/rosidl_typesupport_introspection_c/utils/msg/detail/semaphore__type_support.c.o\x1b[0m\n'}
[6.282316] (utils) StdoutLine: {'line': b'[ 56%] \x1b[32mBuilding CXX object CMakeFiles/utils__rosidl_typesupport_introspection_cpp.dir/rosidl_typesupport_introspection_cpp/utils/msg/detail/environmental__type_support.cpp.o\x1b[0m\n'}
[6.284044] (utils) StdoutLine: {'line': b'[ 57%] \x1b[32mBuilding CXX object CMakeFiles/utils__rosidl_typesupport_fastrtps_c.dir/rosidl_typesupport_fastrtps_c/utils/msg/detail/imu__type_support_c.cpp.o\x1b[0m\n'}
[6.318308] (utils) StdoutLine: {'line': b'[ 57%] \x1b[32mBuilding C object CMakeFiles/utils__rosidl_typesupport_introspection_c.dir/rosidl_typesupport_introspection_c/utils/msg/detail/conditions__type_support.c.o\x1b[0m\n'}
[6.319534] (-) TimerEvent: {}
[6.370507] (utils) StdoutLine: {'line': b'[ 58%] \x1b[32mBuilding C object CMakeFiles/utils__rosidl_typesupport_introspection_c.dir/rosidl_typesupport_introspection_c/utils/msg/detail/trafficsignprediction__type_support.c.o\x1b[0m\n'}
[6.420926] (utils) StdoutLine: {'line': b'[ 59%] \x1b[32mBuilding C object CMakeFiles/utils__rosidl_typesupport_introspection_c.dir/rosidl_typesupport_introspection_c/utils/srv/detail/subscribing__type_support.c.o\x1b[0m\n'}
[6.421193] (-) TimerEvent: {}
[6.485519] (utils) StdoutLine: {'line': b'[ 60%] \x1b[32mBuilding C object CMakeFiles/utils__rosidl_typesupport_introspection_c.dir/rosidl_typesupport_introspection_c/utils/srv/detail/request_param__type_support.c.o\x1b[0m\n'}
[6.521331] (-) TimerEvent: {}
[6.562056] (utils) StdoutLine: {'line': b'[ 60%] \x1b[32m\x1b[1mLinking C shared library libutils__rosidl_typesupport_introspection_c.so\x1b[0m\n'}
[6.608641] (utils) StdoutLine: {'line': b'[ 61%] \x1b[32mBuilding CXX object CMakeFiles/utils__rosidl_typesupport_fastrtps_cpp.dir/rosidl_typesupport_fastrtps_cpp/utils/msg/detail/dds_fastrtps/environmental__type_support.cpp.o\x1b[0m\n'}
[6.608936] (utils) StdoutLine: {'line': b'[ 61%] Built target utils__rosidl_typesupport_introspection_c\n'}
[6.621457] (-) TimerEvent: {}
[6.622070] (utils) StdoutLine: {'line': b'[ 61%] \x1b[32mBuilding CXX object CMakeFiles/utils__rosidl_typesupport_fastrtps_c.dir/rosidl_typesupport_fastrtps_c/utils/msg/detail/localisation__type_support_c.cpp.o\x1b[0m\n'}
[6.667964] (utils) StdoutLine: {'line': b'[ 61%] \x1b[32mBuilding CXX object CMakeFiles/utils__rosidl_typesupport_fastrtps_cpp.dir/rosidl_typesupport_fastrtps_cpp/utils/msg/detail/dds_fastrtps/log__type_support.cpp.o\x1b[0m\n'}
[6.687441] (utils) StdoutLine: {'line': b'[ 61%] \x1b[32mBuilding CXX object CMakeFiles/utils__rosidl_typesupport_cpp.dir/rosidl_typesupport_cpp/utils/msg/semaphore__type_support.cpp.o\x1b[0m\n'}
[6.717107] (utils) StdoutLine: {'line': b'[ 62%] \x1b[32mBuilding CXX object CMakeFiles/utils__rosidl_typesupport_introspection_cpp.dir/rosidl_typesupport_introspection_cpp/utils/msg/detail/log__type_support.cpp.o\x1b[0m\n'}
[6.722896] (-) TimerEvent: {}
[6.812151] (utils) StdoutLine: {'line': b'[ 63%] \x1b[32mBuilding CXX object CMakeFiles/utils__rosidl_typesupport_cpp.dir/rosidl_typesupport_cpp/utils/msg/conditions__type_support.cpp.o\x1b[0m\n'}
[6.823011] (-) TimerEvent: {}
[6.825875] (utils) StdoutLine: {'line': b'[ 64%] \x1b[32mBuilding CXX object CMakeFiles/utils__rosidl_typesupport_fastrtps_c.dir/rosidl_typesupport_fastrtps_c/utils/msg/detail/vehicles__type_support_c.cpp.o\x1b[0m\n'}
[6.873073] (utils) StdoutLine: {'line': b'[ 65%] \x1b[32mBuilding CXX object CMakeFiles/utils__rosidl_typesupport_introspection_cpp.dir/rosidl_typesupport_introspection_cpp/utils/msg/detail/topic_info__type_support.cpp.o\x1b[0m\n'}
[6.923130] (-) TimerEvent: {}
[7.025184] (-) TimerEvent: {}
[7.119580] (utils) StdoutLine: {'line': b'[ 66%] \x1b[32mBuilding CXX object CMakeFiles/utils__rosidl_typesupport_cpp.dir/rosidl_typesupport_cpp/utils/msg/trafficsignprediction__type_support.cpp.o\x1b[0m\n'}
[7.125308] (-) TimerEvent: {}
[7.151452] (utils) StdoutLine: {'line': b'[ 66%] \x1b[32mBuilding CXX object CMakeFiles/utils__rosidl_typesupport_introspection_cpp.dir/rosidl_typesupport_introspection_cpp/utils/msg/detail/semaphore__type_support.cpp.o\x1b[0m\n'}
[7.225431] (-) TimerEvent: {}
[7.230041] (utils) StdoutLine: {'line': b'[ 67%] \x1b[32mBuilding CXX object CMakeFiles/utils__rosidl_typesupport_cpp.dir/rosidl_typesupport_cpp/utils/srv/subscribing__type_support.cpp.o\x1b[0m\n'}
[7.250184] (utils) StdoutLine: {'line': b'[ 68%] \x1b[32mBuilding CXX object CMakeFiles/utils__rosidl_typesupport_fastrtps_cpp.dir/rosidl_typesupport_fastrtps_cpp/utils/msg/detail/dds_fastrtps/topic_info__type_support.cpp.o\x1b[0m\n'}
[7.280330] (utils) StdoutLine: {'line': b'[ 69%] \x1b[32mBuilding CXX object CMakeFiles/utils__rosidl_typesupport_fastrtps_c.dir/rosidl_typesupport_fastrtps_c/utils/msg/detail/environmental__type_support_c.cpp.o\x1b[0m\n'}
[7.283999] (utils) StdoutLine: {'line': b'[ 70%] \x1b[32mBuilding CXX object CMakeFiles/utils__rosidl_typesupport_fastrtps_c.dir/rosidl_typesupport_fastrtps_c/utils/msg/detail/log__type_support_c.cpp.o\x1b[0m\n'}
[7.325568] (-) TimerEvent: {}
[7.342336] (utils) StdoutLine: {'line': b'[ 70%] \x1b[32mBuilding CXX object CMakeFiles/utils__rosidl_typesupport_cpp.dir/rosidl_typesupport_cpp/utils/srv/request_param__type_support.cpp.o\x1b[0m\n'}
[7.425685] (-) TimerEvent: {}
[7.482085] (utils) StdoutLine: {'line': b'[ 70%] \x1b[32mBuilding CXX object CMakeFiles/utils__rosidl_typesupport_fastrtps_c.dir/rosidl_typesupport_fastrtps_c/utils/msg/detail/topic_info__type_support_c.cpp.o\x1b[0m\n'}
[7.525806] (-) TimerEvent: {}
[7.526403] (utils) StdoutLine: {'line': b'[ 71%] \x1b[32mBuilding CXX object CMakeFiles/utils__rosidl_typesupport_fastrtps_cpp.dir/rosidl_typesupport_fastrtps_cpp/utils/msg/detail/dds_fastrtps/semaphore__type_support.cpp.o\x1b[0m\n'}
[7.579744] (utils) StdoutLine: {'line': b'[ 72%] \x1b[32mBuilding CXX object CMakeFiles/utils__rosidl_typesupport_introspection_cpp.dir/rosidl_typesupport_introspection_cpp/utils/msg/detail/conditions__type_support.cpp.o\x1b[0m\n'}
[7.625898] (-) TimerEvent: {}
[7.729242] (-) TimerEvent: {}
[7.828444] (utils) StdoutLine: {'line': b'[ 73%] \x1b[32mBuilding CXX object CMakeFiles/utils__rosidl_typesupport_fastrtps_c.dir/rosidl_typesupport_fastrtps_c/utils/msg/detail/semaphore__type_support_c.cpp.o\x1b[0m\n'}
[7.829347] (-) TimerEvent: {}
[7.877678] (utils) StdoutLine: {'line': b'[ 74%] \x1b[32mBuilding CXX object CMakeFiles/utils__rosidl_typesupport_introspection_cpp.dir/rosidl_typesupport_introspection_cpp/utils/msg/detail/trafficsignprediction__type_support.cpp.o\x1b[0m\n'}
[7.922445] (utils) StdoutLine: {'line': b'[ 75%] \x1b[32mBuilding CXX object CMakeFiles/utils__rosidl_typesupport_fastrtps_cpp.dir/rosidl_typesupport_fastrtps_cpp/utils/msg/detail/dds_fastrtps/conditions__type_support.cpp.o\x1b[0m\n'}
[7.929473] (-) TimerEvent: {}
[7.970160] (utils) StdoutLine: {'line': b'[ 76%] \x1b[32mBuilding CXX object CMakeFiles/utils__rosidl_typesupport_fastrtps_c.dir/rosidl_typesupport_fastrtps_c/utils/msg/detail/conditions__type_support_c.cpp.o\x1b[0m\n'}
[7.999865] (utils) StdoutLine: {'line': b'[ 77%] \x1b[32m\x1b[1mLinking CXX shared library libutils__rosidl_typesupport_cpp.so\x1b[0m\n'}
[8.008871] (utils) StdoutLine: {'line': b'[ 78%] \x1b[32mBuilding CXX object CMakeFiles/utils__rosidl_typesupport_introspection_cpp.dir/rosidl_typesupport_introspection_cpp/utils/srv/detail/subscribing__type_support.cpp.o\x1b[0m\n'}
[8.029588] (-) TimerEvent: {}
[8.130914] (-) TimerEvent: {}
[8.133001] (utils) StdoutLine: {'line': b'[ 78%] \x1b[32mBuilding CXX object CMakeFiles/utils__rosidl_typesupport_fastrtps_cpp.dir/rosidl_typesupport_fastrtps_cpp/utils/msg/detail/dds_fastrtps/trafficsignprediction__type_support.cpp.o\x1b[0m\n'}
[8.149533] (utils) StdoutLine: {'line': b'[ 78%] Built target utils__rosidl_typesupport_cpp\n'}
[8.155737] (utils) StdoutLine: {'line': b'[ 78%] \x1b[32mBuilding CXX object CMakeFiles/utils__rosidl_typesupport_introspection_cpp.dir/rosidl_typesupport_introspection_cpp/utils/srv/detail/request_param__type_support.cpp.o\x1b[0m\n'}
[8.162537] (utils) StdoutLine: {'line': b'[ 79%] \x1b[32mBuilding CXX object CMakeFiles/utils__rosidl_typesupport_fastrtps_c.dir/rosidl_typesupport_fastrtps_c/utils/msg/detail/trafficsignprediction__type_support_c.cpp.o\x1b[0m\n'}
[8.231891] (-) TimerEvent: {}
[8.292205] (utils) StdoutLine: {'line': b'[ 80%] \x1b[32mBuilding CXX object CMakeFiles/utils__rosidl_typesupport_fastrtps_cpp.dir/rosidl_typesupport_fastrtps_cpp/utils/srv/detail/dds_fastrtps/subscribing__type_support.cpp.o\x1b[0m\n'}
[8.332009] (-) TimerEvent: {}
[8.432911] (-) TimerEvent: {}
[8.456682] (utils) StdoutLine: {'line': b'[ 81%] \x1b[32mBuilding CXX object CMakeFiles/utils__rosidl_typesupport_fastrtps_cpp.dir/rosidl_typesupport_fastrtps_cpp/utils/srv/detail/dds_fastrtps/request_param__type_support.cpp.o\x1b[0m\n'}
[8.534388] (utils) StdoutLine: {'line': b'[ 81%] \x1b[32mBuilding CXX object CMakeFiles/utils__rosidl_typesupport_fastrtps_c.dir/rosidl_typesupport_fastrtps_c/utils/srv/detail/subscribing__type_support_c.cpp.o\x1b[0m\n'}
[8.534678] (-) TimerEvent: {}
[8.581978] (utils) StdoutLine: {'line': b'[ 82%] \x1b[32mBuilding CXX object CMakeFiles/utils__rosidl_typesupport_fastrtps_c.dir/rosidl_typesupport_fastrtps_c/utils/srv/detail/request_param__type_support_c.cpp.o\x1b[0m\n'}
[8.634893] (-) TimerEvent: {}
[8.735906] (-) TimerEvent: {}
[8.836248] (-) TimerEvent: {}
[8.905211] (utils) StdoutLine: {'line': b'[ 83%] \x1b[32m\x1b[1mLinking CXX shared library libutils__rosidl_typesupport_introspection_cpp.so\x1b[0m\n'}
[8.936389] (-) TimerEvent: {}
[8.989010] (utils) StdoutLine: {'line': b'[ 83%] Built target utils__rosidl_typesupport_introspection_cpp\n'}
[9.036507] (-) TimerEvent: {}
[9.136825] (-) TimerEvent: {}
[9.137045] (utils) StdoutLine: {'line': b'[ 84%] \x1b[32m\x1b[1mLinking CXX shared library libutils__rosidl_typesupport_fastrtps_c.so\x1b[0m\n'}
[9.177030] (utils) StdoutLine: {'line': b'[ 85%] \x1b[32m\x1b[1mLinking CXX shared library libutils__rosidl_typesupport_fastrtps_cpp.so\x1b[0m\n'}
[9.207834] (utils) StdoutLine: {'line': b'[ 85%] Built target utils__rosidl_typesupport_fastrtps_c\n'}
[9.236910] (-) TimerEvent: {}
[9.247806] (utils) StdoutLine: {'line': b'[ 85%] Built target utils__rosidl_typesupport_fastrtps_cpp\n'}
[9.263718] (utils) StdoutLine: {'line': b'[ 85%] Built target utils\n'}
[9.285752] (utils) StdoutLine: {'line': b'[ 86%] \x1b[34m\x1b[1mGenerating Python code for ROS interfaces\x1b[0m\n'}
[9.337037] (-) TimerEvent: {}
[9.437289] (-) TimerEvent: {}
[9.537615] (-) TimerEvent: {}
[9.637882] (-) TimerEvent: {}
[9.738213] (-) TimerEvent: {}
[9.838532] (-) TimerEvent: {}
[9.938867] (-) TimerEvent: {}
[10.039194] (-) TimerEvent: {}
[10.139540] (-) TimerEvent: {}
[10.239800] (-) TimerEvent: {}
[10.240104] (utils) StdoutLine: {'line': b'[ 86%] Built target utils__py\n'}
[10.260871] (utils) StdoutLine: {'line': b'[ 91%] \x1b[32mBuilding C object CMakeFiles/utils__rosidl_generator_py.dir/rosidl_generator_py/utils/msg/_environmental_s.c.o\x1b[0m\n'}
[10.261161] (utils) StdoutLine: {'line': b'[ 91%] \x1b[32mBuilding C object CMakeFiles/utils__rosidl_generator_py.dir/rosidl_generator_py/utils/msg/_vehicles_s.c.o\x1b[0m\n'}
[10.261230] (utils) StdoutLine: {'line': b'[ 91%] \x1b[32mBuilding C object CMakeFiles/utils__rosidl_generator_py.dir/rosidl_generator_py/utils/msg/_semaphore_s.c.o\x1b[0m\n'}
[10.261283] (utils) StdoutLine: {'line': b'[ 91%] \x1b[32mBuilding C object CMakeFiles/utils__rosidl_generator_py.dir/rosidl_generator_py/utils/msg/_topic_info_s.c.o\x1b[0m\n'}
[10.261338] (utils) StdoutLine: {'line': b'[ 91%] \x1b[32mBuilding C object CMakeFiles/utils__rosidl_generator_py.dir/rosidl_generator_py/utils/msg/_localisation_s.c.o\x1b[0m\n'}
[10.261423] (utils) StdoutLine: {'line': b'[ 91%] \x1b[32mBuilding C object CMakeFiles/utils__rosidl_generator_py.dir/rosidl_generator_py/utils/msg/_imu_s.c.o\x1b[0m\n'}
[10.261520] (utils) StdoutLine: {'line': b'[ 91%] \x1b[32mBuilding C object CMakeFiles/utils__rosidl_generator_py.dir/rosidl_generator_py/utils/msg/_log_s.c.o\x1b[0m\n'}
[10.261615] (utils) StdoutLine: {'line': b'[ 92%] \x1b[32mBuilding C object CMakeFiles/utils__rosidl_generator_py.dir/rosidl_generator_py/utils/msg/_conditions_s.c.o\x1b[0m\n'}
[10.339929] (-) TimerEvent: {}
[10.440893] (-) TimerEvent: {}
[10.458634] (utils) StdoutLine: {'line': b'[ 93%] \x1b[32mBuilding C object CMakeFiles/utils__rosidl_generator_py.dir/rosidl_generator_py/utils/srv/_subscribing_s.c.o\x1b[0m\n'}
[10.459912] (utils) StdoutLine: {'line': b'[ 94%] \x1b[32mBuilding C object CMakeFiles/utils__rosidl_generator_py.dir/rosidl_generator_py/utils/srv/_request_param_s.c.o\x1b[0m\n'}
[10.460100] (utils) StdoutLine: {'line': b'[ 94%] \x1b[32mBuilding C object CMakeFiles/utils__rosidl_generator_py.dir/rosidl_generator_py/utils/msg/_trafficsignprediction_s.c.o\x1b[0m\n'}
[10.540968] (-) TimerEvent: {}
[10.600782] (utils) StdoutLine: {'line': b'[ 95%] \x1b[32m\x1b[1mLinking C shared library libutils__rosidl_generator_py.so\x1b[0m\n'}
[10.641058] (-) TimerEvent: {}
[10.644050] (utils) StdoutLine: {'line': b'[ 95%] Built target utils__rosidl_generator_py\n'}
[10.661521] (utils) StdoutLine: {'line': b'[ 97%] \x1b[32mBuilding C object CMakeFiles/utils_s__rosidl_typesupport_fastrtps_c.dir/rosidl_generator_py/utils/_utils_s.ep.rosidl_typesupport_fastrtps_c.c.o\x1b[0m\n'}
[10.661685] (utils) StdoutLine: {'line': b'[ 97%] \x1b[32mBuilding C object CMakeFiles/utils_s__rosidl_typesupport_c.dir/rosidl_generator_py/utils/_utils_s.ep.rosidl_typesupport_c.c.o\x1b[0m\n'}
[10.661748] (utils) StdoutLine: {'line': b'[ 97%] \x1b[32mBuilding C object CMakeFiles/utils_s__rosidl_typesupport_introspection_c.dir/rosidl_generator_py/utils/_utils_s.ep.rosidl_typesupport_introspection_c.c.o\x1b[0m\n'}
[10.741195] (-) TimerEvent: {}
[10.774383] (utils) StdoutLine: {'line': b'[ 98%] \x1b[32m\x1b[1mLinking C shared module rosidl_generator_py/utils/utils_s__rosidl_typesupport_introspection_c.so\x1b[0m\n'}
[10.774629] (utils) StdoutLine: {'line': b'[ 99%] \x1b[32m\x1b[1mLinking C shared module rosidl_generator_py/utils/utils_s__rosidl_typesupport_c.so\x1b[0m\n'}
[10.775616] (utils) StdoutLine: {'line': b'[100%] \x1b[32m\x1b[1mLinking C shared module rosidl_generator_py/utils/utils_s__rosidl_typesupport_fastrtps_c.so\x1b[0m\n'}
[10.800568] (utils) StdoutLine: {'line': b'[100%] Built target utils_s__rosidl_typesupport_fastrtps_c\n'}
[10.800756] (utils) StdoutLine: {'line': b'[100%] Built target utils_s__rosidl_typesupport_c\n'}
[10.800831] (utils) StdoutLine: {'line': b'[100%] Built target utils_s__rosidl_typesupport_introspection_c\n'}
[10.811025] (utils) CommandEnded: {'returncode': 0}
[10.811535] (utils) JobProgress: {'identifier': 'utils', 'progress': 'install'}
[10.818862] (utils) Command: {'cmd': ['/usr/bin/cmake', '--install', '/home/davide-pillon/Desktop/Brain_DEII/brain/build/utils'], 'cwd': '/home/davide-pillon/Desktop/Brain_DEII/brain/build/utils', 'env': OrderedDict({'LESSOPEN': '| /usr/bin/lesspipe %s', 'GZ_SIM_RESOURCE_PATH': '/opt/ros/jazzy/share', 'USER': 'davide-pillon', 'GZ_CONFIG_PATH': '/opt/ros/jazzy/opt/gz_sim_vendor/share/gz:/opt/ros/jazzy/opt/sdformat_vendor/share/gz:/opt/ros/jazzy/opt/gz_gui_vendor/share/gz:/opt/ros/jazzy/opt/gz_transport_vendor/share/gz:/opt/ros/jazzy/opt/gz_rendering_vendor/share/gz:/opt/ros/jazzy/opt/gz_plugin_vendor/share/gz:/opt/ros/jazzy/opt/gz_fuel_tools_vendor/share/gz:/opt/ros/jazzy/opt/gz_msgs_vendor/share/gz:/opt/ros/jazzy/opt/gz_common_vendor/share/gz', 'XDG_SESSION_TYPE': 'wayland', 'CLUTTER_DISABLE_MIPMAPPED_TEXT': '1', 'SHLVL': '2', 'LD_LIBRARY_PATH': '/opt/ros/jazzy/opt/gz_sim_vendor/lib:/opt/ros/jazzy/opt/gz_sensors_vendor/lib:/opt/ros/jazzy/opt/gz_physics_vendor/lib:/opt/ros/jazzy/opt/sdformat_vendor/lib:/opt/ros/jazzy/opt/rviz_ogre_vendor/lib:/opt/ros/jazzy/lib/x86_64-linux-gnu:/opt/ros/jazzy/opt/gz_gui_vendor/lib:/opt/ros/jazzy/opt/gz_transport_vendor/lib:/opt/ros/jazzy/opt/gz_rendering_vendor/lib:/opt/ros/jazzy/opt/gz_plugin_vendor/lib:/opt/ros/jazzy/opt/gz_fuel_tools_vendor/lib:/opt/ros/jazzy/opt/gz_msgs_vendor/lib:/opt/ros/jazzy/opt/gz_common_vendor/lib:/opt/ros/jazzy/opt/gz_math_vendor/lib:/opt/ros/jazzy/opt/gz_utils_vendor/lib:/opt/ros/jazzy/opt/gz_tools_vendor/lib:/opt/ros/jazzy/opt/gz_ogre_next_vendor/lib:/opt/ros/jazzy/opt/gz_dartsim_vendor/lib:/opt/ros/jazzy/opt/gz_cmake_vendor/lib:/opt/ros/jazzy/lib', 'HOME': '/home/davide-pillon', 'OLDPWD': '/home/davide-pillon/Desktop/Brain_DEII', 'DESKTOP_SESSION': 'ubuntu', 'ROS_PYTHON_VERSION': '3', 'GNOME_SHELL_SESSION_MODE': 'ubuntu', 'GTK_MODULES': 'gail:atk-bridge', 'SYSTEMD_EXEC_PID': '2226', 'GSM_SKIP_SSH_AGENT_WORKAROUND': 'true', 'DBUS_SESSION_BUS_ADDRESS': 'unix:path=/run/user/1000/bus', 'COLORTERM': 'truecolor', 'TERMINATOR_DBUS_NAME': 'net.tenshu.Terminator25ef4b219e3b005583550f2b0f9f990c3', 'DEBUGINFOD_URLS': 'https://debuginfod.ubuntu.com', 'IM_CONFIG_PHASE': '1', 'WAYLAND_DISPLAY': 'wayland-0', 'ROS_DISTRO': 'jazzy', 'LOGNAME': 'davide-pillon', 'IGN_GAZEBO_MODEL_PATH': '/opt/ros/jazzy/share', '_': '/usr/bin/colcon', 'ROS_VERSION': '2', 'MEMORY_PRESSURE_WATCH': '/sys/fs/cgroup/user.slice/user-1000.slice/user@1000.service/session.slice/org.gnome.Shell@wayland.service/memory.pressure', 'XDG_SESSION_CLASS': 'user', 'USERNAME': 'davide-pillon', 'TERM': 'xterm-256color', 'GAZEBO_MODEL_PATH': '/opt/ros/jazzy/share', 'GNOME_DESKTOP_SESSION_ID': 'this-is-deprecated', 'PATH': '/opt/ros/jazzy/opt/gz_msgs_vendor/bin:/opt/ros/jazzy/opt/gz_tools_vendor/bin:/opt/ros/jazzy/opt/gz_ogre_next_vendor/bin:/opt/ros/jazzy/bin:/home/davide-pillon/.local/bin:/usr/local/sbin:/usr/local/bin:/usr/sbin:/usr/bin:/sbin:/bin:/usr/games:/usr/local/games:/snap/bin:/snap/bin:/home/davide-pillon/.local/bin:/home/davide-pillon/.local/bin', 'SESSION_MANAGER': 'local/davide-pillon-BOD-WXX9:@/tmp/.ICE-unix/2190,unix/davide-pillon-BOD-WXX9:/tmp/.ICE-unix/2190', 'XDG_MENU_PREFIX': 'gnome-', 'GNOME_TERMINAL_SCREEN': '/org/gnome/Terminal/screen/ce799c77_8fed_4b4c_8767_c3981f6c9c25', 'GNOME_SETUP_DISPLAY': ':1', 'XDG_RUNTIME_DIR': '/run/user/1000', 'DISPLAY': ':0', 'TERMINATOR_DBUS_PATH': '/net/tenshu/Terminator2', 'LANG': 'en_US.UTF-8', 'XDG_CURRENT_DESKTOP': 'ubuntu:GNOME', 'XMODIFIERS': '@im=ibus', 'XDG_SESSION_DESKTOP': 'ubuntu', 'XAUTHORITY': '/run/user/1000/.mutter-Xwaylandauth.RTQJP3', 'LS_COLORS': 'rs=0:di=01;34:ln=01;36:mh=00:pi=40;33:so=01;35:do=01;35:bd=40;33;01:cd=40;33;01:or=40;31;01:mi=00:su=37;41:sg=30;43:ca=00:tw=30;42:ow=34;42:st=37;44:ex=01;32:*.tar=01;31:*.tgz=01;31:*.arc=01;31:*.arj=01;31:*.taz=01;31:*.lha=01;31:*.lz4=01;31:*.lzh=01;31:*.lzma=01;31:*.tlz=01;31:*.txz=01;31:*.tzo=01;31:*.t7z=01;31:*.zip=01;31:*.z=01;31:*.dz=01;31:*.gz=01;31:*.lrz=01;31:*.lz=01;31:*.lzo=01;31:*.xz=01;31:*.zst=01;31:*.tzst=01;31:*.bz2=01;31:*.bz=01;31:*.tbz=01;31:*.tbz2=01;31:*.tz=01;31:*.deb=01;31:*.rpm=01;31:*.jar=01;31:*.war=01;31:*.ear=01;31:*.sar=01;31:*.rar=01;31:*.alz=01;31:*.ace=01;31:*.zoo=01;31:*.cpio=01;31:*.7z=01;31:*.rz=01;31:*.cab=01;31:*.wim=01;31:*.swm=01;31:*.dwm=01;31:*.esd=01;31:*.avif=01;35:*.jpg=01;35:*.jpeg=01;35:*.mjpg=01;35:*.mjpeg=01;35:*.gif=01;35:*.bmp=01;35:*.pbm=01;35:*.pgm=01;35:*.ppm=01;35:*.tga=01;35:*.xbm=01;35:*.xpm=01;35:*.tif=01;35:*.tiff=01;35:*.png=01;35:*.svg=01;35:*.svgz=01;35:*.mng=01;35:*.pcx=01;35:*.mov=01;35:*.mpg=01;35:*.mpeg=01;35:*.m2v=01;35:*.mkv=01;35:*.webm=01;35:*.webp=01;35:*.ogm=01;35:*.mp4=01;35:*.m4v=01;35:*.mp4v=01;35:*.vob=01;35:*.qt=01;35:*.nuv=01;35:*.wmv=01;35:*.asf=01;35:*.rm=01;35:*.rmvb=01;35:*.flc=01;35:*.avi=01;35:*.fli=01;35:*.flv=01;35:*.gl=01;35:*.dl=01;35:*.xcf=01;35:*.xwd=01;35:*.yuv=01;35:*.cgm=01;35:*.emf=01;35:*.ogv=01;35:*.ogx=01;35:*.aac=00;36:*.au=00;36:*.flac=00;36:*.m4a=00;36:*.mid=00;36:*.midi=00;36:*.mka=00;36:*.mp3=00;36:*.mpc=00;36:*.ogg=00;36:*.ra=00;36:*.wav=00;36:*.oga=00;36:*.opus=00;36:*.spx=00;36:*.xspf=00;36:*~=00;90:*#=00;90:*.bak=00;90:*.crdownload=00;90:*.dpkg-dist=00;90:*.dpkg-new=00;90:*.dpkg-old=00;90:*.dpkg-tmp=00;90:*.old=00;90:*.orig=00;90:*.part=00;90:*.rej=00;90:*.rpmnew=00;90:*.rpmorig=00;90:*.rpmsave=00;90:*.swp=00;90:*.tmp=00;90:*.ucf-dist=00;90:*.ucf-new=00;90:*.ucf-old=00;90:', 'GNOME_TERMINAL_SERVICE': ':1.149', 'SSH_AUTH_SOCK': '/run/user/1000/keyring/ssh', 'AMENT_PREFIX_PATH': '/opt/ros/jazzy', 'SHELL': '/bin/bash', 'TERMINATOR_UUID': 'urn:uuid:efd2288e-d93d-44d7-8b69-ba3352931f37', 'QT_ACCESSIBILITY': '1', 'GDMSESSION': 'ubuntu', 'LESSCLOSE': '/usr/bin/lesspipe %s %s', 'IGN_GAZEBO_RESOURCE_PATH': '/opt/ros/jazzy/share', 'GAZEBO_RESOURCE_PATH': '/opt/ros/jazzy/share', 'ROS_AUTOMATIC_DISCOVERY_RANGE': 'SUBNET', 'QT_IM_MODULE': 'ibus', 'PWD': '/home/davide-pillon/Desktop/Brain_DEII/brain/build/utils', 'LC_ALL': 'en_US.UTF-8', 'XDG_CONFIG_DIRS': '/etc/xdg/xdg-ubuntu:/etc/xdg', 'XDG_DATA_DIRS': '/usr/share/ubuntu:/usr/share/gnome:/home/davide-pillon/.local/share/flatpak/exports/share:/var/lib/flatpak/exports/share:/usr/local/share/:/usr/share/:/var/lib/snapd/desktop', 'PYTHONPATH': '/opt/ros/jazzy/lib/python3.12/site-packages', 'COLCON': '1', 'MEMORY_PRESSURE_WRITE': 'c29tZSAyMDAwMDAgMjAwMDAwMAA=', 'VTE_VERSION': '7600', 'CMAKE_PREFIX_PATH': '/opt/ros/jazzy/opt/gz_sim_vendor:/opt/ros/jazzy/opt/gz_sensors_vendor:/opt/ros/jazzy/opt/gz_physics_vendor:/opt/ros/jazzy/opt/sdformat_vendor:/opt/ros/jazzy/opt/gz_gui_vendor:/opt/ros/jazzy/opt/gz_transport_vendor:/opt/ros/jazzy/opt/gz_rendering_vendor:/opt/ros/jazzy/opt/gz_plugin_vendor:/opt/ros/jazzy/opt/gz_fuel_tools_vendor:/opt/ros/jazzy/opt/gz_msgs_vendor:/opt/ros/jazzy/opt/gz_common_vendor:/opt/ros/jazzy/opt/gz_math_vendor:/opt/ros/jazzy/opt/gz_utils_vendor:/opt/ros/jazzy/opt/gz_tools_vendor:/opt/ros/jazzy/opt/gz_ogre_next_vendor:/opt/ros/jazzy/opt/gz_dartsim_vendor:/opt/ros/jazzy/opt/gz_cmake_vendor:/opt/ros/jazzy'}), 'shell': False}
[10.826091] (utils) StdoutLine: {'line': b'-- Install configuration: ""\n'}
[10.826228] (utils) StdoutLine: {'line': b'-- Installing: /home/davide-pillon/Desktop/Brain_DEII/brain/install/utils/share/ament_index/resource_index/rosidl_interfaces/utils\n'}
[10.826518] (utils) StdoutLine: {'line': b'-- Installing: /home/davide-pillon/Desktop/Brain_DEII/brain/install/utils/share/utils/msg/IMU.json\n'}
[10.826599] (utils) StdoutLine: {'line': b'-- Installing: /home/davide-pillon/Desktop/Brain_DEII/brain/install/utils/share/utils/msg/Localisation.json\n'}
[10.826685] (utils) StdoutLine: {'line': b'-- Installing: /home/davide-pillon/Desktop/Brain_DEII/brain/install/utils/share/utils/msg/Vehicles.json\n'}
[10.826769] (utils) StdoutLine: {'line': b'-- Installing: /home/davide-pillon/Desktop/Brain_DEII/brain/install/utils/share/utils/msg/Environmental.json\n'}
[10.826859] (utils) StdoutLine: {'line': b'-- Installing: /home/davide-pillon/Desktop/Brain_DEII/brain/install/utils/share/utils/msg/Log.json\n'}
[10.826941] (utils) StdoutLine: {'line': b'-- Installing: /home/davide-pillon/Desktop/Brain_DEII/brain/install/utils/share/utils/msg/TopicInfo.json\n'}
[10.827022] (utils) StdoutLine: {'line': b'-- Installing: /home/davide-pillon/Desktop/Brain_DEII/brain/install/utils/share/utils/msg/Semaphore.json\n'}
[10.827104] (utils) StdoutLine: {'line': b'-- Installing: /home/davide-pillon/Desktop/Brain_DEII/brain/install/utils/share/utils/msg/Conditions.json\n'}
[10.827185] (utils) StdoutLine: {'line': b'-- Installing: /home/davide-pillon/Desktop/Brain_DEII/brain/install/utils/share/utils/msg/Trafficsignprediction.json\n'}
[10.827266] (utils) StdoutLine: {'line': b'-- Installing: /home/davide-pillon/Desktop/Brain_DEII/brain/install/utils/share/utils/srv/Subscribing.json\n'}
[10.827367] (utils) StdoutLine: {'line': b'-- Installing: /home/davide-pillon/Desktop/Brain_DEII/brain/install/utils/share/utils/srv/RequestParam.json\n'}
[10.827448] (utils) StdoutLine: {'line': b'-- Up-to-date: /home/davide-pillon/Desktop/Brain_DEII/brain/install/utils/include/utils/utils\n'}
[10.827547] (utils) StdoutLine: {'line': b'-- Up-to-date: /home/davide-pillon/Desktop/Brain_DEII/brain/install/utils/include/utils/utils/srv\n'}
[10.827620] (utils) StdoutLine: {'line': b'-- Up-to-date: /home/davide-pillon/Desktop/Brain_DEII/brain/install/utils/include/utils/utils/srv/detail\n'}
[10.827679] (utils) StdoutLine: {'line': b'-- Installing: /home/davide-pillon/Desktop/Brain_DEII/brain/install/utils/include/utils/utils/srv/detail/subscribing__type_support.h\n'}
[10.827779] (utils) StdoutLine: {'line': b'-- Installing: /home/davide-pillon/Desktop/Brain_DEII/brain/install/utils/include/utils/utils/srv/detail/request_param__functions.c\n'}
[10.827856] (utils) StdoutLine: {'line': b'-- Installing: /home/davide-pillon/Desktop/Brain_DEII/brain/install/utils/include/utils/utils/srv/detail/subscribing__type_support.c\n'}
[10.827919] (utils) StdoutLine: {'line': b'-- Installing: /home/davide-pillon/Desktop/Brain_DEII/brain/install/utils/include/utils/utils/srv/detail/request_param__type_support.c\n'}
[10.828001] (utils) StdoutLine: {'line': b'-- Installing: /home/davide-pillon/Desktop/Brain_DEII/brain/install/utils/include/utils/utils/srv/detail/subscribing__description.c\n'}
[10.828088] (utils) StdoutLine: {'line': b'-- Installing: /home/davide-pillon/Desktop/Brain_DEII/brain/install/utils/include/utils/utils/srv/detail/request_param__type_support.h\n'}
[10.828168] (utils) StdoutLine: {'line': b'-- Installing: /home/davide-pillon/Desktop/Brain_DEII/brain/install/utils/include/utils/utils/srv/detail/request_param__struct.h\n'}
[10.828248] (utils) StdoutLine: {'line': b'-- Installing: /home/davide-pillon/Desktop/Brain_DEII/brain/install/utils/include/utils/utils/srv/detail/request_param__description.c\n'}
[10.828324] (utils) StdoutLine: {'line': b'-- Installing: /home/davide-pillon/Desktop/Brain_DEII/brain/install/utils/include/utils/utils/srv/detail/request_param__functions.h\n'}
[10.828400] (utils) StdoutLine: {'line': b'-- Installing: /home/davide-pillon/Desktop/Brain_DEII/brain/install/utils/include/utils/utils/srv/detail/subscribing__functions.h\n'}
[10.828475] (utils) StdoutLine: {'line': b'-- Installing: /home/davide-pillon/Desktop/Brain_DEII/brain/install/utils/include/utils/utils/srv/detail/subscribing__functions.c\n'}
[10.828563] (utils) StdoutLine: {'line': b'-- Installing: /home/davide-pillon/Desktop/Brain_DEII/brain/install/utils/include/utils/utils/srv/detail/subscribing__struct.h\n'}
[10.828643] (utils) StdoutLine: {'line': b'-- Installing: /home/davide-pillon/Desktop/Brain_DEII/brain/install/utils/include/utils/utils/srv/subscribing.h\n'}
[10.828715] (utils) StdoutLine: {'line': b'-- Installing: /home/davide-pillon/Desktop/Brain_DEII/brain/install/utils/include/utils/utils/srv/request_param.h\n'}
[10.828789] (utils) StdoutLine: {'line': b'-- Up-to-date: /home/davide-pillon/Desktop/Brain_DEII/brain/install/utils/include/utils/utils/msg\n'}
[10.828884] (utils) StdoutLine: {'line': b'-- Installing: /home/davide-pillon/Desktop/Brain_DEII/brain/install/utils/include/utils/utils/msg/trafficsignprediction.h\n'}
[10.828948] (utils) StdoutLine: {'line': b'-- Installing: /home/davide-pillon/Desktop/Brain_DEII/brain/install/utils/include/utils/utils/msg/localisation.h\n'}
[10.829056] (utils) StdoutLine: {'line': b'-- Installing: /home/davide-pillon/Desktop/Brain_DEII/brain/install/utils/include/utils/utils/msg/conditions.h\n'}
[10.829114] (utils) StdoutLine: {'line': b'-- Installing: /home/davide-pillon/Desktop/Brain_DEII/brain/install/utils/include/utils/utils/msg/imu.h\n'}
[10.829198] (utils) StdoutLine: {'line': b'-- Installing: /home/davide-pillon/Desktop/Brain_DEII/brain/install/utils/include/utils/utils/msg/topic_info.h\n'}
[10.829257] (utils) StdoutLine: {'line': b'-- Installing: /home/davide-pillon/Desktop/Brain_DEII/brain/install/utils/include/utils/utils/msg/log.h\n'}
[10.829325] (utils) StdoutLine: {'line': b'-- Up-to-date: /home/davide-pillon/Desktop/Brain_DEII/brain/install/utils/include/utils/utils/msg/detail\n'}
[10.829420] (utils) StdoutLine: {'line': b'-- Installing: /home/davide-pillon/Desktop/Brain_DEII/brain/install/utils/include/utils/utils/msg/detail/imu__functions.c\n'}
[10.829491] (utils) StdoutLine: {'line': b'-- Installing: /home/davide-pillon/Desktop/Brain_DEII/brain/install/utils/include/utils/utils/msg/detail/imu__description.c\n'}
[10.829564] (utils) StdoutLine: {'line': b'-- Installing: /home/davide-pillon/Desktop/Brain_DEII/brain/install/utils/include/utils/utils/msg/detail/trafficsignprediction__type_support.c\n'}
[10.829641] (utils) StdoutLine: {'line': b'-- Installing: /home/davide-pillon/Desktop/Brain_DEII/brain/install/utils/include/utils/utils/msg/detail/log__struct.h\n'}
[10.829711] (utils) StdoutLine: {'line': b'-- Installing: /home/davide-pillon/Desktop/Brain_DEII/brain/install/utils/include/utils/utils/msg/detail/semaphore__functions.h\n'}
[10.829784] (utils) StdoutLine: {'line': b'-- Installing: /home/davide-pillon/Desktop/Brain_DEII/brain/install/utils/include/utils/utils/msg/detail/conditions__functions.c\n'}
[10.829866] (utils) StdoutLine: {'line': b'-- Installing: /home/davide-pillon/Desktop/Brain_DEII/brain/install/utils/include/utils/utils/msg/detail/vehicles__type_support.h\n'}
[10.829931] (utils) StdoutLine: {'line': b'-- Installing: /home/davide-pillon/Desktop/Brain_DEII/brain/install/utils/include/utils/utils/msg/detail/environmental__struct.h\n'}
[10.830016] (utils) StdoutLine: {'line': b'-- Installing: /home/davide-pillon/Desktop/Brain_DEII/brain/install/utils/include/utils/utils/msg/detail/topic_info__description.c\n'}
[10.830093] (utils) StdoutLine: {'line': b'-- Installing: /home/davide-pillon/Desktop/Brain_DEII/brain/install/utils/include/utils/utils/msg/detail/topic_info__functions.h\n'}
[10.830174] (utils) StdoutLine: {'line': b'-- Installing: /home/davide-pillon/Desktop/Brain_DEII/brain/install/utils/include/utils/utils/msg/detail/vehicles__functions.h\n'}
[10.830248] (utils) StdoutLine: {'line': b'-- Installing: /home/davide-pillon/Desktop/Brain_DEII/brain/install/utils/include/utils/utils/msg/detail/trafficsignprediction__struct.h\n'}
[10.830316] (utils) StdoutLine: {'line': b'-- Installing: /home/davide-pillon/Desktop/Brain_DEII/brain/install/utils/include/utils/utils/msg/detail/localisation__type_support.h\n'}
[10.830411] (utils) StdoutLine: {'line': b'-- Installing: /home/davide-pillon/Desktop/Brain_DEII/brain/install/utils/include/utils/utils/msg/detail/imu__functions.h\n'}
[10.830472] (utils) StdoutLine: {'line': b'-- Installing: /home/davide-pillon/Desktop/Brain_DEII/brain/install/utils/include/utils/utils/msg/detail/trafficsignprediction__type_support.h\n'}
[10.830556] (utils) StdoutLine: {'line': b'-- Installing: /home/davide-pillon/Desktop/Brain_DEII/brain/install/utils/include/utils/utils/msg/detail/localisation__type_support.c\n'}
[10.830627] (utils) StdoutLine: {'line': b'-- Installing: /home/davide-pillon/Desktop/Brain_DEII/brain/install/utils/include/utils/utils/msg/detail/environmental__functions.h\n'}
[10.830692] (utils) StdoutLine: {'line': b'-- Installing: /home/davide-pillon/Desktop/Brain_DEII/brain/install/utils/include/utils/utils/msg/detail/environmental__type_support.c\n'}
[10.830778] (utils) StdoutLine: {'line': b'-- Installing: /home/davide-pillon/Desktop/Brain_DEII/brain/install/utils/include/utils/utils/msg/detail/semaphore__type_support.c\n'}
[10.830857] (utils) StdoutLine: {'line': b'-- Installing: /home/davide-pillon/Desktop/Brain_DEII/brain/install/utils/include/utils/utils/msg/detail/vehicles__functions.c\n'}
[10.830935] (utils) StdoutLine: {'line': b'-- Installing: /home/davide-pillon/Desktop/Brain_DEII/brain/install/utils/include/utils/utils/msg/detail/conditions__functions.h\n'}
[10.831010] (utils) StdoutLine: {'line': b'-- Installing: /home/davide-pillon/Desktop/Brain_DEII/brain/install/utils/include/utils/utils/msg/detail/conditions__struct.h\n'}
[10.831086] (utils) StdoutLine: {'line': b'-- Installing: /home/davide-pillon/Desktop/Brain_DEII/brain/install/utils/include/utils/utils/msg/detail/log__functions.c\n'}
[10.831154] (utils) StdoutLine: {'line': b'-- Installing: /home/davide-pillon/Desktop/Brain_DEII/brain/install/utils/include/utils/utils/msg/detail/imu__type_support.c\n'}
[10.831258] (utils) StdoutLine: {'line': b'-- Installing: /home/davide-pillon/Desktop/Brain_DEII/brain/install/utils/include/utils/utils/msg/detail/semaphore__type_support.h\n'}
[10.831328] (utils) StdoutLine: {'line': b'-- Installing: /home/davide-pillon/Desktop/Brain_DEII/brain/install/utils/include/utils/utils/msg/detail/topic_info__functions.c\n'}
[10.831403] (utils) StdoutLine: {'line': b'-- Installing: /home/davide-pillon/Desktop/Brain_DEII/brain/install/utils/include/utils/utils/msg/detail/topic_info__struct.h\n'}
[10.831471] (utils) StdoutLine: {'line': b'-- Installing: /home/davide-pillon/Desktop/Brain_DEII/brain/install/utils/include/utils/utils/msg/detail/conditions__type_support.c\n'}
[10.831559] (utils) StdoutLine: {'line': b'-- Installing: /home/davide-pillon/Desktop/Brain_DEII/brain/install/utils/include/utils/utils/msg/detail/environmental__description.c\n'}
[10.831633] (utils) StdoutLine: {'line': b'-- Installing: /home/davide-pillon/Desktop/Brain_DEII/brain/install/utils/include/utils/utils/msg/detail/topic_info__type_support.c\n'}
[10.831712] (utils) StdoutLine: {'line': b'-- Installing: /home/davide-pillon/Desktop/Brain_DEII/brain/install/utils/include/utils/utils/msg/detail/vehicles__type_support.c\n'}
[10.831784] (utils) StdoutLine: {'line': b'-- Installing: /home/davide-pillon/Desktop/Brain_DEII/brain/install/utils/include/utils/utils/msg/detail/environmental__type_support.h\n'}
[10.831862] (utils) StdoutLine: {'line': b'-- Installing: /home/davide-pillon/Desktop/Brain_DEII/brain/install/utils/include/utils/utils/msg/detail/log__type_support.h\n'}
[10.831937] (utils) StdoutLine: {'line': b'-- Installing: /home/davide-pillon/Desktop/Brain_DEII/brain/install/utils/include/utils/utils/msg/detail/topic_info__type_support.h\n'}
[10.832019] (utils) StdoutLine: {'line': b'-- Installing: /home/davide-pillon/Desktop/Brain_DEII/brain/install/utils/include/utils/utils/msg/detail/semaphore__struct.h\n'}
[10.832092] (utils) StdoutLine: {'line': b'-- Installing: /home/davide-pillon/Desktop/Brain_DEII/brain/install/utils/include/utils/utils/msg/detail/localisation__struct.h\n'}
[10.832165] (utils) StdoutLine: {'line': b'-- Installing: /home/davide-pillon/Desktop/Brain_DEII/brain/install/utils/include/utils/utils/msg/detail/localisation__functions.h\n'}
[10.832248] (utils) StdoutLine: {'line': b'-- Installing: /home/davide-pillon/Desktop/Brain_DEII/brain/install/utils/include/utils/utils/msg/detail/conditions__description.c\n'}
[10.832320] (utils) StdoutLine: {'line': b'-- Installing: /home/davide-pillon/Desktop/Brain_DEII/brain/install/utils/include/utils/utils/msg/detail/semaphore__description.c\n'}
[10.832391] (utils) StdoutLine: {'line': b'-- Installing: /home/davide-pillon/Desktop/Brain_DEII/brain/install/utils/include/utils/utils/msg/detail/localisation__description.c\n'}
[10.832459] (utils) StdoutLine: {'line': b'-- Installing: /home/davide-pillon/Desktop/Brain_DEII/brain/install/utils/include/utils/utils/msg/detail/localisation__functions.c\n'}
[10.832537] (utils) StdoutLine: {'line': b'-- Installing: /home/davide-pillon/Desktop/Brain_DEII/brain/install/utils/include/utils/utils/msg/detail/conditions__type_support.h\n'}
[10.832611] (utils) StdoutLine: {'line': b'-- Installing: /home/davide-pillon/Desktop/Brain_DEII/brain/install/utils/include/utils/utils/msg/detail/imu__struct.h\n'}
[10.832690] (utils) StdoutLine: {'line': b'-- Installing: /home/davide-pillon/Desktop/Brain_DEII/brain/install/utils/include/utils/utils/msg/detail/log__description.c\n'}
[10.832763] (utils) StdoutLine: {'line': b'-- Installing: /home/davide-pillon/Desktop/Brain_DEII/brain/install/utils/include/utils/utils/msg/detail/trafficsignprediction__functions.h\n'}
[10.832862] (utils) StdoutLine: {'line': b'-- Installing: /home/davide-pillon/Desktop/Brain_DEII/brain/install/utils/include/utils/utils/msg/detail/environmental__functions.c\n'}
[10.832927] (utils) StdoutLine: {'line': b'-- Installing: /home/davide-pillon/Desktop/Brain_DEII/brain/install/utils/include/utils/utils/msg/detail/log__functions.h\n'}
[10.832987] (utils) StdoutLine: {'line': b'-- Installing: /home/davide-pillon/Desktop/Brain_DEII/brain/install/utils/include/utils/utils/msg/detail/semaphore__functions.c\n'}
[10.833054] (utils) StdoutLine: {'line': b'-- Installing: /home/davide-pillon/Desktop/Brain_DEII/brain/install/utils/include/utils/utils/msg/detail/vehicles__description.c\n'}
[10.833159] (utils) StdoutLine: {'line': b'-- Installing: /home/davide-pillon/Desktop/Brain_DEII/brain/install/utils/include/utils/utils/msg/detail/imu__type_support.h\n'}
[10.833244] (utils) StdoutLine: {'line': b'-- Installing: /home/davide-pillon/Desktop/Brain_DEII/brain/install/utils/include/utils/utils/msg/detail/trafficsignprediction__description.c\n'}
[10.833297] (utils) StdoutLine: {'line': b'-- Installing: /home/davide-pillon/Desktop/Brain_DEII/brain/install/utils/include/utils/utils/msg/detail/vehicles__struct.h\n'}
[10.833363] (utils) StdoutLine: {'line': b'-- Installing: /home/davide-pillon/Desktop/Brain_DEII/brain/install/utils/include/utils/utils/msg/detail/trafficsignprediction__functions.c\n'}
[10.833435] (utils) StdoutLine: {'line': b'-- Installing: /home/davide-pillon/Desktop/Brain_DEII/brain/install/utils/include/utils/utils/msg/detail/log__type_support.c\n'}
[10.833491] (utils) StdoutLine: {'line': b'-- Installing: /home/davide-pillon/Desktop/Brain_DEII/brain/install/utils/include/utils/utils/msg/environmental.h\n'}
[10.833567] (utils) StdoutLine: {'line': b'-- Installing: /home/davide-pillon/Desktop/Brain_DEII/brain/install/utils/include/utils/utils/msg/rosidl_generator_c__visibility_control.h\n'}
[10.833618] (utils) StdoutLine: {'line': b'-- Installing: /home/davide-pillon/Desktop/Brain_DEII/brain/install/utils/include/utils/utils/msg/semaphore.h\n'}
[10.833668] (utils) StdoutLine: {'line': b'-- Installing: /home/davide-pillon/Desktop/Brain_DEII/brain/install/utils/include/utils/utils/msg/vehicles.h\n'}
[10.833718] (utils) StdoutLine: {'line': b'-- Installing: /home/davide-pillon/Desktop/Brain_DEII/brain/install/utils/share/utils/environment/library_path.dsv\n'}
[10.833765] (utils) StdoutLine: {'line': b'-- Installing: /home/davide-pillon/Desktop/Brain_DEII/brain/install/utils/lib/libutils__rosidl_generator_c.so\n'}
[10.833869] (utils) StdoutLine: {'line': b'-- Set non-toolchain portion of runtime path of "/home/davide-pillon/Desktop/Brain_DEII/brain/install/utils/lib/libutils__rosidl_generator_c.so" to ""\n'}
[10.833949] (utils) StdoutLine: {'line': b'-- Up-to-date: /home/davide-pillon/Desktop/Brain_DEII/brain/install/utils/include/utils/utils\n'}
[10.834018] (utils) StdoutLine: {'line': b'-- Up-to-date: /home/davide-pillon/Desktop/Brain_DEII/brain/install/utils/include/utils/utils/srv\n'}
[10.834107] (utils) StdoutLine: {'line': b'-- Up-to-date: /home/davide-pillon/Desktop/Brain_DEII/brain/install/utils/include/utils/utils/srv/detail\n'}
[10.834199] (utils) StdoutLine: {'line': b'-- Installing: /home/davide-pillon/Desktop/Brain_DEII/brain/install/utils/include/utils/utils/srv/detail/subscribing__rosidl_typesupport_fastrtps_c.h\n'}
[10.834263] (utils) StdoutLine: {'line': b'-- Installing: /home/davide-pillon/Desktop/Brain_DEII/brain/install/utils/include/utils/utils/srv/detail/request_param__rosidl_typesupport_fastrtps_c.h\n'}
[10.834345] (utils) StdoutLine: {'line': b'-- Up-to-date: /home/davide-pillon/Desktop/Brain_DEII/brain/install/utils/include/utils/utils/msg\n'}
[10.834422] (utils) StdoutLine: {'line': b'-- Installing: /home/davide-pillon/Desktop/Brain_DEII/brain/install/utils/include/utils/utils/msg/rosidl_typesupport_fastrtps_c__visibility_control.h\n'}
[10.834503] (utils) StdoutLine: {'line': b'-- Up-to-date: /home/davide-pillon/Desktop/Brain_DEII/brain/install/utils/include/utils/utils/msg/detail\n'}
[10.834580] (utils) StdoutLine: {'line': b'-- Installing: /home/davide-pillon/Desktop/Brain_DEII/brain/install/utils/include/utils/utils/msg/detail/semaphore__rosidl_typesupport_fastrtps_c.h\n'}
[10.834657] (utils) StdoutLine: {'line': b'-- Installing: /home/davide-pillon/Desktop/Brain_DEII/brain/install/utils/include/utils/utils/msg/detail/localisation__rosidl_typesupport_fastrtps_c.h\n'}
[10.834737] (utils) StdoutLine: {'line': b'-- Installing: /home/davide-pillon/Desktop/Brain_DEII/brain/install/utils/include/utils/utils/msg/detail/log__rosidl_typesupport_fastrtps_c.h\n'}
[10.834808] (utils) StdoutLine: {'line': b'-- Installing: /home/davide-pillon/Desktop/Brain_DEII/brain/install/utils/include/utils/utils/msg/detail/trafficsignprediction__rosidl_typesupport_fastrtps_c.h\n'}
[10.834867] (utils) StdoutLine: {'line': b'-- Installing: /home/davide-pillon/Desktop/Brain_DEII/brain/install/utils/include/utils/utils/msg/detail/topic_info__rosidl_typesupport_fastrtps_c.h\n'}
[10.834937] (utils) StdoutLine: {'line': b'-- Installing: /home/davide-pillon/Desktop/Brain_DEII/brain/install/utils/include/utils/utils/msg/detail/vehicles__rosidl_typesupport_fastrtps_c.h\n'}
[10.834991] (utils) StdoutLine: {'line': b'-- Installing: /home/davide-pillon/Desktop/Brain_DEII/brain/install/utils/include/utils/utils/msg/detail/conditions__rosidl_typesupport_fastrtps_c.h\n'}
[10.835040] (utils) StdoutLine: {'line': b'-- Installing: /home/davide-pillon/Desktop/Brain_DEII/brain/install/utils/include/utils/utils/msg/detail/imu__rosidl_typesupport_fastrtps_c.h\n'}
[10.835092] (utils) StdoutLine: {'line': b'-- Installing: /home/davide-pillon/Desktop/Brain_DEII/brain/install/utils/include/utils/utils/msg/detail/environmental__rosidl_typesupport_fastrtps_c.h\n'}
[10.835141] (utils) StdoutLine: {'line': b'-- Installing: /home/davide-pillon/Desktop/Brain_DEII/brain/install/utils/lib/libutils__rosidl_typesupport_fastrtps_c.so\n'}
[10.835220] (utils) StdoutLine: {'line': b'-- Set non-toolchain portion of runtime path of "/home/davide-pillon/Desktop/Brain_DEII/brain/install/utils/lib/libutils__rosidl_typesupport_fastrtps_c.so" to ""\n'}
[10.835328] (utils) StdoutLine: {'line': b'-- Up-to-date: /home/davide-pillon/Desktop/Brain_DEII/brain/install/utils/include/utils/utils\n'}
[10.835402] (utils) StdoutLine: {'line': b'-- Up-to-date: /home/davide-pillon/Desktop/Brain_DEII/brain/install/utils/include/utils/utils/srv\n'}
[10.835461] (utils) StdoutLine: {'line': b'-- Up-to-date: /home/davide-pillon/Desktop/Brain_DEII/brain/install/utils/include/utils/utils/srv/detail\n'}
[10.835543] (utils) StdoutLine: {'line': b'-- Installing: /home/davide-pillon/Desktop/Brain_DEII/brain/install/utils/include/utils/utils/srv/detail/subscribing__type_support.c\n'}
[10.835640] (utils) StdoutLine: {'line': b'-- Installing: /home/davide-pillon/Desktop/Brain_DEII/brain/install/utils/include/utils/utils/srv/detail/request_param__type_support.c\n'}
[10.835701] (utils) StdoutLine: {'line': b'-- Installing: /home/davide-pillon/Desktop/Brain_DEII/brain/install/utils/include/utils/utils/srv/detail/subscribing__rosidl_typesupport_introspection_c.h\n'}
[10.835793] (utils) StdoutLine: {'line': b'-- Installing: /home/davide-pillon/Desktop/Brain_DEII/brain/install/utils/include/utils/utils/srv/detail/request_param__rosidl_typesupport_introspection_c.h\n'}
[10.835857] (utils) StdoutLine: {'line': b'-- Up-to-date: /home/davide-pillon/Desktop/Brain_DEII/brain/install/utils/include/utils/utils/msg\n'}
[10.835934] (utils) StdoutLine: {'line': b'-- Installing: /home/davide-pillon/Desktop/Brain_DEII/brain/install/utils/include/utils/utils/msg/rosidl_typesupport_introspection_c__visibility_control.h\n'}
[10.836004] (utils) StdoutLine: {'line': b'-- Up-to-date: /home/davide-pillon/Desktop/Brain_DEII/brain/install/utils/include/utils/utils/msg/detail\n'}
[10.836093] (utils) StdoutLine: {'line': b'-- Installing: /home/davide-pillon/Desktop/Brain_DEII/brain/install/utils/include/utils/utils/msg/detail/environmental__rosidl_typesupport_introspection_c.h\n'}
[10.836180] (utils) StdoutLine: {'line': b'-- Installing: /home/davide-pillon/Desktop/Brain_DEII/brain/install/utils/include/utils/utils/msg/detail/trafficsignprediction__type_support.c\n'}
[10.836255] (utils) StdoutLine: {'line': b'-- Installing: /home/davide-pillon/Desktop/Brain_DEII/brain/install/utils/include/utils/utils/msg/detail/conditions__rosidl_typesupport_introspection_c.h\n'}
[10.836329] (utils) StdoutLine: {'line': b'-- Installing: /home/davide-pillon/Desktop/Brain_DEII/brain/install/utils/include/utils/utils/msg/detail/localisation__type_support.c\n'}
[10.836406] (utils) StdoutLine: {'line': b'-- Installing: /home/davide-pillon/Desktop/Brain_DEII/brain/install/utils/include/utils/utils/msg/detail/environmental__type_support.c\n'}
[10.836474] (utils) StdoutLine: {'line': b'-- Installing: /home/davide-pillon/Desktop/Brain_DEII/brain/install/utils/include/utils/utils/msg/detail/semaphore__type_support.c\n'}
[10.836562] (utils) StdoutLine: {'line': b'-- Installing: /home/davide-pillon/Desktop/Brain_DEII/brain/install/utils/include/utils/utils/msg/detail/log__rosidl_typesupport_introspection_c.h\n'}
[10.836631] (utils) StdoutLine: {'line': b'-- Installing: /home/davide-pillon/Desktop/Brain_DEII/brain/install/utils/include/utils/utils/msg/detail/imu__type_support.c\n'}
[10.836719] (utils) StdoutLine: {'line': b'-- Installing: /home/davide-pillon/Desktop/Brain_DEII/brain/install/utils/include/utils/utils/msg/detail/conditions__type_support.c\n'}
[10.836805] (utils) StdoutLine: {'line': b'-- Installing: /home/davide-pillon/Desktop/Brain_DEII/brain/install/utils/include/utils/utils/msg/detail/topic_info__type_support.c\n'}
[10.836879] (utils) StdoutLine: {'line': b'-- Installing: /home/davide-pillon/Desktop/Brain_DEII/brain/install/utils/include/utils/utils/msg/detail/vehicles__type_support.c\n'}
[10.836941] (utils) StdoutLine: {'line': b'-- Installing: /home/davide-pillon/Desktop/Brain_DEII/brain/install/utils/include/utils/utils/msg/detail/semaphore__rosidl_typesupport_introspection_c.h\n'}
[10.837016] (utils) StdoutLine: {'line': b'-- Installing: /home/davide-pillon/Desktop/Brain_DEII/brain/install/utils/include/utils/utils/msg/detail/trafficsignprediction__rosidl_typesupport_introspection_c.h\n'}
[10.837067] (utils) StdoutLine: {'line': b'-- Installing: /home/davide-pillon/Desktop/Brain_DEII/brain/install/utils/include/utils/utils/msg/detail/vehicles__rosidl_typesupport_introspection_c.h\n'}
[10.837141] (utils) StdoutLine: {'line': b'-- Installing: /home/davide-pillon/Desktop/Brain_DEII/brain/install/utils/include/utils/utils/msg/detail/localisation__rosidl_typesupport_introspection_c.h\n'}
[10.837191] (utils) StdoutLine: {'line': b'-- Installing: /home/davide-pillon/Desktop/Brain_DEII/brain/install/utils/include/utils/utils/msg/detail/topic_info__rosidl_typesupport_introspection_c.h\n'}
[10.837244] (utils) StdoutLine: {'line': b'-- Installing: /home/davide-pillon/Desktop/Brain_DEII/brain/install/utils/include/utils/utils/msg/detail/log__type_support.c\n'}
[10.837294] (utils) StdoutLine: {'line': b'-- Installing: /home/davide-pillon/Desktop/Brain_DEII/brain/install/utils/include/utils/utils/msg/detail/imu__rosidl_typesupport_introspection_c.h\n'}
[10.837359] (utils) StdoutLine: {'line': b'-- Installing: /home/davide-pillon/Desktop/Brain_DEII/brain/install/utils/lib/libutils__rosidl_typesupport_introspection_c.so\n'}
[10.837442] (utils) StdoutLine: {'line': b'-- Set non-toolchain portion of runtime path of "/home/davide-pillon/Desktop/Brain_DEII/brain/install/utils/lib/libutils__rosidl_typesupport_introspection_c.so" to ""\n'}
[10.837526] (utils) StdoutLine: {'line': b'-- Installing: /home/davide-pillon/Desktop/Brain_DEII/brain/install/utils/lib/libutils__rosidl_typesupport_c.so\n'}
[10.837772] (utils) StdoutLine: {'line': b'-- Set non-toolchain portion of runtime path of "/home/davide-pillon/Desktop/Brain_DEII/brain/install/utils/lib/libutils__rosidl_typesupport_c.so" to ""\n'}
[10.837887] (utils) StdoutLine: {'line': b'-- Up-to-date: /home/davide-pillon/Desktop/Brain_DEII/brain/install/utils/include/utils/utils\n'}
[10.837961] (utils) StdoutLine: {'line': b'-- Up-to-date: /home/davide-pillon/Desktop/Brain_DEII/brain/install/utils/include/utils/utils/srv\n'}
[10.838045] (utils) StdoutLine: {'line': b'-- Installing: /home/davide-pillon/Desktop/Brain_DEII/brain/install/utils/include/utils/utils/srv/request_param.hpp\n'}
[10.838115] (utils) StdoutLine: {'line': b'-- Installing: /home/davide-pillon/Desktop/Brain_DEII/brain/install/utils/include/utils/utils/srv/subscribing.hpp\n'}
[10.838174] (utils) StdoutLine: {'line': b'-- Up-to-date: /home/davide-pillon/Desktop/Brain_DEII/brain/install/utils/include/utils/utils/srv/detail\n'}
[10.838243] (utils) StdoutLine: {'line': b'-- Installing: /home/davide-pillon/Desktop/Brain_DEII/brain/install/utils/include/utils/utils/srv/detail/request_param__struct.hpp\n'}
[10.838335] (utils) StdoutLine: {'line': b'-- Installing: /home/davide-pillon/Desktop/Brain_DEII/brain/install/utils/include/utils/utils/srv/detail/subscribing__struct.hpp\n'}
[10.838397] (utils) StdoutLine: {'line': b'-- Installing: /home/davide-pillon/Desktop/Brain_DEII/brain/install/utils/include/utils/utils/srv/detail/request_param__type_support.hpp\n'}
[10.838465] (utils) StdoutLine: {'line': b'-- Installing: /home/davide-pillon/Desktop/Brain_DEII/brain/install/utils/include/utils/utils/srv/detail/request_param__builder.hpp\n'}
[10.838531] (utils) StdoutLine: {'line': b'-- Installing: /home/davide-pillon/Desktop/Brain_DEII/brain/install/utils/include/utils/utils/srv/detail/subscribing__builder.hpp\n'}
[10.838620] (utils) StdoutLine: {'line': b'-- Installing: /home/davide-pillon/Desktop/Brain_DEII/brain/install/utils/include/utils/utils/srv/detail/subscribing__traits.hpp\n'}
[10.838689] (utils) StdoutLine: {'line': b'-- Installing: /home/davide-pillon/Desktop/Brain_DEII/brain/install/utils/include/utils/utils/srv/detail/subscribing__type_support.hpp\n'}
[10.838787] (utils) StdoutLine: {'line': b'-- Installing: /home/davide-pillon/Desktop/Brain_DEII/brain/install/utils/include/utils/utils/srv/detail/request_param__traits.hpp\n'}
[10.838870] (utils) StdoutLine: {'line': b'-- Up-to-date: /home/davide-pillon/Desktop/Brain_DEII/brain/install/utils/include/utils/utils/msg\n'}
[10.838947] (utils) StdoutLine: {'line': b'-- Installing: /home/davide-pillon/Desktop/Brain_DEII/brain/install/utils/include/utils/utils/msg/environmental.hpp\n'}
[10.839037] (utils) StdoutLine: {'line': b'-- Installing: /home/davide-pillon/Desktop/Brain_DEII/brain/install/utils/include/utils/utils/msg/conditions.hpp\n'}
[10.839104] (utils) StdoutLine: {'line': b'-- Installing: /home/davide-pillon/Desktop/Brain_DEII/brain/install/utils/include/utils/utils/msg/localisation.hpp\n'}
[10.839181] (utils) StdoutLine: {'line': b'-- Installing: /home/davide-pillon/Desktop/Brain_DEII/brain/install/utils/include/utils/utils/msg/semaphore.hpp\n'}
[10.839257] (utils) StdoutLine: {'line': b'-- Installing: /home/davide-pillon/Desktop/Brain_DEII/brain/install/utils/include/utils/utils/msg/vehicles.hpp\n'}
[10.839326] (utils) StdoutLine: {'line': b'-- Up-to-date: /home/davide-pillon/Desktop/Brain_DEII/brain/install/utils/include/utils/utils/msg/detail\n'}
[10.839415] (utils) StdoutLine: {'line': b'-- Installing: /home/davide-pillon/Desktop/Brain_DEII/brain/install/utils/include/utils/utils/msg/detail/environmental__traits.hpp\n'}
[10.839503] (utils) StdoutLine: {'line': b'-- Installing: /home/davide-pillon/Desktop/Brain_DEII/brain/install/utils/include/utils/utils/msg/detail/environmental__struct.hpp\n'}
[10.839578] (utils) StdoutLine: {'line': b'-- Installing: /home/davide-pillon/Desktop/Brain_DEII/brain/install/utils/include/utils/utils/msg/detail/imu__type_support.hpp\n'}
[10.839652] (utils) StdoutLine: {'line': b'-- Installing: /home/davide-pillon/Desktop/Brain_DEII/brain/install/utils/include/utils/utils/msg/detail/semaphore__struct.hpp\n'}
[10.839728] (utils) StdoutLine: {'line': b'-- Installing: /home/davide-pillon/Desktop/Brain_DEII/brain/install/utils/include/utils/utils/msg/detail/semaphore__traits.hpp\n'}
[10.839806] (utils) StdoutLine: {'line': b'-- Installing: /home/davide-pillon/Desktop/Brain_DEII/brain/install/utils/include/utils/utils/msg/detail/localisation__struct.hpp\n'}
[10.839883] (utils) StdoutLine: {'line': b'-- Installing: /home/davide-pillon/Desktop/Brain_DEII/brain/install/utils/include/utils/utils/msg/detail/log__type_support.hpp\n'}
[10.839933] (utils) StdoutLine: {'line': b'-- Installing: /home/davide-pillon/Desktop/Brain_DEII/brain/install/utils/include/utils/utils/msg/detail/imu__builder.hpp\n'}
[10.839988] (utils) StdoutLine: {'line': b'-- Installing: /home/davide-pillon/Desktop/Brain_DEII/brain/install/utils/include/utils/utils/msg/detail/conditions__traits.hpp\n'}
[10.840082] (utils) StdoutLine: {'line': b'-- Installing: /home/davide-pillon/Desktop/Brain_DEII/brain/install/utils/include/utils/utils/msg/detail/vehicles__traits.hpp\n'}
[10.840154] (utils) StdoutLine: {'line': b'-- Installing: /home/davide-pillon/Desktop/Brain_DEII/brain/install/utils/include/utils/utils/msg/detail/semaphore__type_support.hpp\n'}
[10.840228] (utils) StdoutLine: {'line': b'-- Installing: /home/davide-pillon/Desktop/Brain_DEII/brain/install/utils/include/utils/utils/msg/detail/localisation__type_support.hpp\n'}
[10.840298] (utils) StdoutLine: {'line': b'-- Installing: /home/davide-pillon/Desktop/Brain_DEII/brain/install/utils/include/utils/utils/msg/detail/environmental__builder.hpp\n'}
[10.840370] (utils) StdoutLine: {'line': b'-- Installing: /home/davide-pillon/Desktop/Brain_DEII/brain/install/utils/include/utils/utils/msg/detail/topic_info__traits.hpp\n'}
[10.840447] (utils) StdoutLine: {'line': b'-- Installing: /home/davide-pillon/Desktop/Brain_DEII/brain/install/utils/include/utils/utils/msg/detail/vehicles__builder.hpp\n'}
[10.840525] (utils) StdoutLine: {'line': b'-- Installing: /home/davide-pillon/Desktop/Brain_DEII/brain/install/utils/include/utils/utils/msg/detail/semaphore__builder.hpp\n'}
[10.840606] (utils) StdoutLine: {'line': b'-- Installing: /home/davide-pillon/Desktop/Brain_DEII/brain/install/utils/include/utils/utils/msg/detail/localisation__builder.hpp\n'}
[10.840679] (utils) StdoutLine: {'line': b'-- Installing: /home/davide-pillon/Desktop/Brain_DEII/brain/install/utils/include/utils/utils/msg/detail/conditions__type_support.hpp\n'}
[10.840752] (utils) StdoutLine: {'line': b'-- Installing: /home/davide-pillon/Desktop/Brain_DEII/brain/install/utils/include/utils/utils/msg/detail/localisation__traits.hpp\n'}
[10.840843] (utils) StdoutLine: {'line': b'-- Installing: /home/davide-pillon/Desktop/Brain_DEII/brain/install/utils/include/utils/utils/msg/detail/topic_info__builder.hpp\n'}
[10.840903] (utils) StdoutLine: {'line': b'-- Installing: /home/davide-pillon/Desktop/Brain_DEII/brain/install/utils/include/utils/utils/msg/detail/trafficsignprediction__traits.hpp\n'}
[10.840976] (utils) StdoutLine: {'line': b'-- Installing: /home/davide-pillon/Desktop/Brain_DEII/brain/install/utils/include/utils/utils/msg/detail/environmental__type_support.hpp\n'}
[10.841044] (utils) StdoutLine: {'line': b'-- Installing: /home/davide-pillon/Desktop/Brain_DEII/brain/install/utils/include/utils/utils/msg/detail/topic_info__struct.hpp\n'}
[10.841143] (utils) StdoutLine: {'line': b'-- Installing: /home/davide-pillon/Desktop/Brain_DEII/brain/install/utils/include/utils/utils/msg/detail/topic_info__type_support.hpp\n'}
[10.841207] (-) TimerEvent: {}
[10.841338] (utils) StdoutLine: {'line': b'-- Installing: /home/davide-pillon/Desktop/Brain_DEII/brain/install/utils/include/utils/utils/msg/detail/imu__struct.hpp\n'}
[10.841461] (utils) StdoutLine: {'line': b'-- Installing: /home/davide-pillon/Desktop/Brain_DEII/brain/install/utils/include/utils/utils/msg/detail/trafficsignprediction__builder.hpp\n'}
[10.841524] (utils) StdoutLine: {'line': b'-- Installing: /home/davide-pillon/Desktop/Brain_DEII/brain/install/utils/include/utils/utils/msg/detail/vehicles__struct.hpp\n'}
[10.841582] (utils) StdoutLine: {'line': b'-- Installing: /home/davide-pillon/Desktop/Brain_DEII/brain/install/utils/include/utils/utils/msg/detail/conditions__struct.hpp\n'}
[10.841673] (utils) StdoutLine: {'line': b'-- Installing: /home/davide-pillon/Desktop/Brain_DEII/brain/install/utils/include/utils/utils/msg/detail/vehicles__type_support.hpp\n'}
[10.841729] (utils) StdoutLine: {'line': b'-- Installing: /home/davide-pillon/Desktop/Brain_DEII/brain/install/utils/include/utils/utils/msg/detail/trafficsignprediction__struct.hpp\n'}
[10.841784] (utils) StdoutLine: {'line': b'-- Installing: /home/davide-pillon/Desktop/Brain_DEII/brain/install/utils/include/utils/utils/msg/detail/log__builder.hpp\n'}
[10.841846] (utils) StdoutLine: {'line': b'-- Installing: /home/davide-pillon/Desktop/Brain_DEII/brain/install/utils/include/utils/utils/msg/detail/imu__traits.hpp\n'}
[10.841901] (utils) StdoutLine: {'line': b'-- Installing: /home/davide-pillon/Desktop/Brain_DEII/brain/install/utils/include/utils/utils/msg/detail/conditions__builder.hpp\n'}
[10.841956] (utils) StdoutLine: {'line': b'-- Installing: /home/davide-pillon/Desktop/Brain_DEII/brain/install/utils/include/utils/utils/msg/detail/log__traits.hpp\n'}
[10.842010] (utils) StdoutLine: {'line': b'-- Installing: /home/davide-pillon/Desktop/Brain_DEII/brain/install/utils/include/utils/utils/msg/detail/trafficsignprediction__type_support.hpp\n'}
[10.842085] (utils) StdoutLine: {'line': b'-- Installing: /home/davide-pillon/Desktop/Brain_DEII/brain/install/utils/include/utils/utils/msg/detail/log__struct.hpp\n'}
[10.842146] (utils) StdoutLine: {'line': b'-- Installing: /home/davide-pillon/Desktop/Brain_DEII/brain/install/utils/include/utils/utils/msg/topic_info.hpp\n'}
[10.842253] (utils) StdoutLine: {'line': b'-- Installing: /home/davide-pillon/Desktop/Brain_DEII/brain/install/utils/include/utils/utils/msg/rosidl_generator_cpp__visibility_control.hpp\n'}
[10.842317] (utils) StdoutLine: {'line': b'-- Installing: /home/davide-pillon/Desktop/Brain_DEII/brain/install/utils/include/utils/utils/msg/imu.hpp\n'}
[10.842378] (utils) StdoutLine: {'line': b'-- Installing: /home/davide-pillon/Desktop/Brain_DEII/brain/install/utils/include/utils/utils/msg/trafficsignprediction.hpp\n'}
[10.842452] (utils) StdoutLine: {'line': b'-- Installing: /home/davide-pillon/Desktop/Brain_DEII/brain/install/utils/include/utils/utils/msg/log.hpp\n'}
[10.842509] (utils) StdoutLine: {'line': b'-- Up-to-date: /home/davide-pillon/Desktop/Brain_DEII/brain/install/utils/include/utils/utils\n'}
[10.842566] (utils) StdoutLine: {'line': b'-- Up-to-date: /home/davide-pillon/Desktop/Brain_DEII/brain/install/utils/include/utils/utils/srv\n'}
[10.842623] (utils) StdoutLine: {'line': b'-- Up-to-date: /home/davide-pillon/Desktop/Brain_DEII/brain/install/utils/include/utils/utils/srv/detail\n'}
[10.842706] (utils) StdoutLine: {'line': b'-- Installing: /home/davide-pillon/Desktop/Brain_DEII/brain/install/utils/include/utils/utils/srv/detail/dds_fastrtps\n'}
[10.842825] (utils) StdoutLine: {'line': b'-- Installing: /home/davide-pillon/Desktop/Brain_DEII/brain/install/utils/include/utils/utils/srv/detail/subscribing__rosidl_typesupport_fastrtps_cpp.hpp\n'}
[10.842890] (utils) StdoutLine: {'line': b'-- Installing: /home/davide-pillon/Desktop/Brain_DEII/brain/install/utils/include/utils/utils/srv/detail/request_param__rosidl_typesupport_fastrtps_cpp.hpp\n'}
[10.842951] (utils) StdoutLine: {'line': b'-- Up-to-date: /home/davide-pillon/Desktop/Brain_DEII/brain/install/utils/include/utils/utils/msg\n'}
[10.843010] (utils) StdoutLine: {'line': b'-- Installing: /home/davide-pillon/Desktop/Brain_DEII/brain/install/utils/include/utils/utils/msg/rosidl_typesupport_fastrtps_cpp__visibility_control.h\n'}
[10.843069] (utils) StdoutLine: {'line': b'-- Up-to-date: /home/davide-pillon/Desktop/Brain_DEII/brain/install/utils/include/utils/utils/msg/detail\n'}
[10.843131] (utils) StdoutLine: {'line': b'-- Installing: /home/davide-pillon/Desktop/Brain_DEII/brain/install/utils/include/utils/utils/msg/detail/imu__rosidl_typesupport_fastrtps_cpp.hpp\n'}
[10.843189] (utils) StdoutLine: {'line': b'-- Installing: /home/davide-pillon/Desktop/Brain_DEII/brain/install/utils/include/utils/utils/msg/detail/conditions__rosidl_typesupport_fastrtps_cpp.hpp\n'}
[10.843288] (utils) StdoutLine: {'line': b'-- Installing: /home/davide-pillon/Desktop/Brain_DEII/brain/install/utils/include/utils/utils/msg/detail/vehicles__rosidl_typesupport_fastrtps_cpp.hpp\n'}
[10.843373] (utils) StdoutLine: {'line': b'-- Installing: /home/davide-pillon/Desktop/Brain_DEII/brain/install/utils/include/utils/utils/msg/detail/topic_info__rosidl_typesupport_fastrtps_cpp.hpp\n'}
[10.843425] (utils) StdoutLine: {'line': b'-- Installing: /home/davide-pillon/Desktop/Brain_DEII/brain/install/utils/include/utils/utils/msg/detail/localisation__rosidl_typesupport_fastrtps_cpp.hpp\n'}
[10.843486] (utils) StdoutLine: {'line': b'-- Installing: /home/davide-pillon/Desktop/Brain_DEII/brain/install/utils/include/utils/utils/msg/detail/log__rosidl_typesupport_fastrtps_cpp.hpp\n'}
[10.843583] (utils) StdoutLine: {'line': b'-- Installing: /home/davide-pillon/Desktop/Brain_DEII/brain/install/utils/include/utils/utils/msg/detail/trafficsignprediction__rosidl_typesupport_fastrtps_cpp.hpp\n'}
[10.843684] (utils) StdoutLine: {'line': b'-- Installing: /home/davide-pillon/Desktop/Brain_DEII/brain/install/utils/include/utils/utils/msg/detail/environmental__rosidl_typesupport_fastrtps_cpp.hpp\n'}
[10.843768] (utils) StdoutLine: {'line': b'-- Installing: /home/davide-pillon/Desktop/Brain_DEII/brain/install/utils/include/utils/utils/msg/detail/dds_fastrtps\n'}
[10.843843] (utils) StdoutLine: {'line': b'-- Installing: /home/davide-pillon/Desktop/Brain_DEII/brain/install/utils/include/utils/utils/msg/detail/semaphore__rosidl_typesupport_fastrtps_cpp.hpp\n'}
[10.843905] (utils) StdoutLine: {'line': b'-- Installing: /home/davide-pillon/Desktop/Brain_DEII/brain/install/utils/lib/libutils__rosidl_typesupport_fastrtps_cpp.so\n'}
[10.844141] (utils) StdoutLine: {'line': b'-- Set non-toolchain portion of runtime path of "/home/davide-pillon/Desktop/Brain_DEII/brain/install/utils/lib/libutils__rosidl_typesupport_fastrtps_cpp.so" to ""\n'}
[10.844220] (utils) StdoutLine: {'line': b'-- Up-to-date: /home/davide-pillon/Desktop/Brain_DEII/brain/install/utils/include/utils/utils\n'}
[10.844296] (utils) StdoutLine: {'line': b'-- Up-to-date: /home/davide-pillon/Desktop/Brain_DEII/brain/install/utils/include/utils/utils/srv\n'}
[10.844381] (utils) StdoutLine: {'line': b'-- Up-to-date: /home/davide-pillon/Desktop/Brain_DEII/brain/install/utils/include/utils/utils/srv/detail\n'}
[10.844438] (utils) StdoutLine: {'line': b'-- Installing: /home/davide-pillon/Desktop/Brain_DEII/brain/install/utils/include/utils/utils/srv/detail/request_param__rosidl_typesupport_introspection_cpp.hpp\n'}
[10.844496] (utils) StdoutLine: {'line': b'-- Installing: /home/davide-pillon/Desktop/Brain_DEII/brain/install/utils/include/utils/utils/srv/detail/subscribing__rosidl_typesupport_introspection_cpp.hpp\n'}
[10.844569] (utils) StdoutLine: {'line': b'-- Installing: /home/davide-pillon/Desktop/Brain_DEII/brain/install/utils/include/utils/utils/srv/detail/subscribing__type_support.cpp\n'}
[10.844658] (utils) StdoutLine: {'line': b'-- Installing: /home/davide-pillon/Desktop/Brain_DEII/brain/install/utils/include/utils/utils/srv/detail/request_param__type_support.cpp\n'}
[10.844718] (utils) StdoutLine: {'line': b'-- Up-to-date: /home/davide-pillon/Desktop/Brain_DEII/brain/install/utils/include/utils/utils/msg\n'}
[10.844776] (utils) StdoutLine: {'line': b'-- Up-to-date: /home/davide-pillon/Desktop/Brain_DEII/brain/install/utils/include/utils/utils/msg/detail\n'}
[10.844856] (utils) StdoutLine: {'line': b'-- Installing: /home/davide-pillon/Desktop/Brain_DEII/brain/install/utils/include/utils/utils/msg/detail/environmental__type_support.cpp\n'}
[10.844913] (utils) StdoutLine: {'line': b'-- Installing: /home/davide-pillon/Desktop/Brain_DEII/brain/install/utils/include/utils/utils/msg/detail/imu__rosidl_typesupport_introspection_cpp.hpp\n'}
[10.844976] (utils) StdoutLine: {'line': b'-- Installing: /home/davide-pillon/Desktop/Brain_DEII/brain/install/utils/include/utils/utils/msg/detail/vehicles__type_support.cpp\n'}
[10.845059] (utils) StdoutLine: {'line': b'-- Installing: /home/davide-pillon/Desktop/Brain_DEII/brain/install/utils/include/utils/utils/msg/detail/imu__type_support.cpp\n'}
[10.845147] (utils) StdoutLine: {'line': b'-- Installing: /home/davide-pillon/Desktop/Brain_DEII/brain/install/utils/include/utils/utils/msg/detail/environmental__rosidl_typesupport_introspection_cpp.hpp\n'}
[10.845209] (utils) StdoutLine: {'line': b'-- Installing: /home/davide-pillon/Desktop/Brain_DEII/brain/install/utils/include/utils/utils/msg/detail/vehicles__rosidl_typesupport_introspection_cpp.hpp\n'}
[10.845275] (utils) StdoutLine: {'line': b'-- Installing: /home/davide-pillon/Desktop/Brain_DEII/brain/install/utils/include/utils/utils/msg/detail/conditions__rosidl_typesupport_introspection_cpp.hpp\n'}
[10.845356] (utils) StdoutLine: {'line': b'-- Installing: /home/davide-pillon/Desktop/Brain_DEII/brain/install/utils/include/utils/utils/msg/detail/topic_info__type_support.cpp\n'}
[10.845451] (utils) StdoutLine: {'line': b'-- Installing: /home/davide-pillon/Desktop/Brain_DEII/brain/install/utils/include/utils/utils/msg/detail/localisation__type_support.cpp\n'}
[10.845524] (utils) StdoutLine: {'line': b'-- Installing: /home/davide-pillon/Desktop/Brain_DEII/brain/install/utils/include/utils/utils/msg/detail/semaphore__rosidl_typesupport_introspection_cpp.hpp\n'}
[10.845581] (utils) StdoutLine: {'line': b'-- Installing: /home/davide-pillon/Desktop/Brain_DEII/brain/install/utils/include/utils/utils/msg/detail/conditions__type_support.cpp\n'}
[10.845637] (utils) StdoutLine: {'line': b'-- Installing: /home/davide-pillon/Desktop/Brain_DEII/brain/install/utils/include/utils/utils/msg/detail/log__type_support.cpp\n'}
[10.845710] (utils) StdoutLine: {'line': b'-- Installing: /home/davide-pillon/Desktop/Brain_DEII/brain/install/utils/include/utils/utils/msg/detail/localisation__rosidl_typesupport_introspection_cpp.hpp\n'}
[10.845782] (utils) StdoutLine: {'line': b'-- Installing: /home/davide-pillon/Desktop/Brain_DEII/brain/install/utils/include/utils/utils/msg/detail/semaphore__type_support.cpp\n'}
[10.845862] (utils) StdoutLine: {'line': b'-- Installing: /home/davide-pillon/Desktop/Brain_DEII/brain/install/utils/include/utils/utils/msg/detail/trafficsignprediction__type_support.cpp\n'}
[10.845918] (utils) StdoutLine: {'line': b'-- Installing: /home/davide-pillon/Desktop/Brain_DEII/brain/install/utils/include/utils/utils/msg/detail/topic_info__rosidl_typesupport_introspection_cpp.hpp\n'}
[10.845990] (utils) StdoutLine: {'line': b'-- Installing: /home/davide-pillon/Desktop/Brain_DEII/brain/install/utils/include/utils/utils/msg/detail/log__rosidl_typesupport_introspection_cpp.hpp\n'}
[10.846063] (utils) StdoutLine: {'line': b'-- Installing: /home/davide-pillon/Desktop/Brain_DEII/brain/install/utils/include/utils/utils/msg/detail/trafficsignprediction__rosidl_typesupport_introspection_cpp.hpp\n'}
[10.846157] (utils) StdoutLine: {'line': b'-- Installing: /home/davide-pillon/Desktop/Brain_DEII/brain/install/utils/lib/libutils__rosidl_typesupport_introspection_cpp.so\n'}
[10.846574] (utils) StdoutLine: {'line': b'-- Set non-toolchain portion of runtime path of "/home/davide-pillon/Desktop/Brain_DEII/brain/install/utils/lib/libutils__rosidl_typesupport_introspection_cpp.so" to ""\n'}
[10.846650] (utils) StdoutLine: {'line': b'-- Installing: /home/davide-pillon/Desktop/Brain_DEII/brain/install/utils/lib/libutils__rosidl_typesupport_cpp.so\n'}
[10.846964] (utils) StdoutLine: {'line': b'-- Set non-toolchain portion of runtime path of "/home/davide-pillon/Desktop/Brain_DEII/brain/install/utils/lib/libutils__rosidl_typesupport_cpp.so" to ""\n'}
[10.847042] (utils) StdoutLine: {'line': b'-- Installing: /home/davide-pillon/Desktop/Brain_DEII/brain/install/utils/share/utils/environment/pythonpath.sh\n'}
[10.847110] (utils) StdoutLine: {'line': b'-- Installing: /home/davide-pillon/Desktop/Brain_DEII/brain/install/utils/share/utils/environment/pythonpath.dsv\n'}
[10.847177] (utils) StdoutLine: {'line': b'-- Up-to-date: /home/davide-pillon/Desktop/Brain_DEII/brain/install/utils/lib/python3.12/site-packages/utils-0.0.0-py3.12.egg-info\n'}
[10.847255] (utils) StdoutLine: {'line': b'-- Installing: /home/davide-pillon/Desktop/Brain_DEII/brain/install/utils/lib/python3.12/site-packages/utils-0.0.0-py3.12.egg-info/dependency_links.txt\n'}
[10.847320] (utils) StdoutLine: {'line': b'-- Installing: /home/davide-pillon/Desktop/Brain_DEII/brain/install/utils/lib/python3.12/site-packages/utils-0.0.0-py3.12.egg-info/SOURCES.txt\n'}
[10.847392] (utils) StdoutLine: {'line': b'-- Installing: /home/davide-pillon/Desktop/Brain_DEII/brain/install/utils/lib/python3.12/site-packages/utils-0.0.0-py3.12.egg-info/PKG-INFO\n'}
[10.847484] (utils) StdoutLine: {'line': b'-- Installing: /home/davide-pillon/Desktop/Brain_DEII/brain/install/utils/lib/python3.12/site-packages/utils-0.0.0-py3.12.egg-info/top_level.txt\n'}
[10.847563] (utils) StdoutLine: {'line': b'-- Up-to-date: /home/davide-pillon/Desktop/Brain_DEII/brain/install/utils/lib/python3.12/site-packages/utils\n'}
[10.847633] (utils) StdoutLine: {'line': b'-- Installing: /home/davide-pillon/Desktop/Brain_DEII/brain/install/utils/lib/python3.12/site-packages/utils/utils_s__rosidl_typesupport_c.so\n'}
[10.847712] (utils) StdoutLine: {'line': b'-- Up-to-date: /home/davide-pillon/Desktop/Brain_DEII/brain/install/utils/lib/python3.12/site-packages/utils/srv\n'}
[10.847783] (utils) StdoutLine: {'line': b'-- Installing: /home/davide-pillon/Desktop/Brain_DEII/brain/install/utils/lib/python3.12/site-packages/utils/srv/__init__.py\n'}
[10.847862] (utils) StdoutLine: {'line': b'-- Installing: /home/davide-pillon/Desktop/Brain_DEII/brain/install/utils/lib/python3.12/site-packages/utils/srv/_request_param_s.c\n'}
[10.847937] (utils) StdoutLine: {'line': b'-- Installing: /home/davide-pillon/Desktop/Brain_DEII/brain/install/utils/lib/python3.12/site-packages/utils/srv/_subscribing.py\n'}
[10.848005] (utils) StdoutLine: {'line': b'-- Installing: /home/davide-pillon/Desktop/Brain_DEII/brain/install/utils/lib/python3.12/site-packages/utils/srv/_request_param.py\n'}
[10.848088] (utils) StdoutLine: {'line': b'-- Installing: /home/davide-pillon/Desktop/Brain_DEII/brain/install/utils/lib/python3.12/site-packages/utils/srv/_subscribing_s.c\n'}
[10.848169] (utils) StdoutLine: {'line': b'-- Installing: /home/davide-pillon/Desktop/Brain_DEII/brain/install/utils/lib/python3.12/site-packages/utils/_utils_s.ep.rosidl_typesupport_fastrtps_c.c\n'}
[10.848482] (utils) StdoutLine: {'line': b'-- Installing: /home/davide-pillon/Desktop/Brain_DEII/brain/install/utils/lib/python3.12/site-packages/utils/__init__.py\n'}
[10.848556] (utils) StdoutLine: {'line': b'-- Installing: /home/davide-pillon/Desktop/Brain_DEII/brain/install/utils/lib/python3.12/site-packages/utils/_utils_s.ep.rosidl_typesupport_introspection_c.c\n'}
[10.848640] (utils) StdoutLine: {'line': b'-- Installing: /home/davide-pillon/Desktop/Brain_DEII/brain/install/utils/lib/python3.12/site-packages/utils/utils_s__rosidl_typesupport_introspection_c.so\n'}
[10.848841] (utils) StdoutLine: {'line': b'-- Installing: /home/davide-pillon/Desktop/Brain_DEII/brain/install/utils/lib/python3.12/site-packages/utils/utils_s__rosidl_typesupport_fastrtps_c.so\n'}
[10.849151] (utils) StdoutLine: {'line': b'-- Up-to-date: /home/davide-pillon/Desktop/Brain_DEII/brain/install/utils/lib/python3.12/site-packages/utils/msg\n'}
[10.849222] (utils) StdoutLine: {'line': b'-- Installing: /home/davide-pillon/Desktop/Brain_DEII/brain/install/utils/lib/python3.12/site-packages/utils/msg/_localisation_s.c\n'}
[10.849287] (utils) StdoutLine: {'line': b'-- Installing: /home/davide-pillon/Desktop/Brain_DEII/brain/install/utils/lib/python3.12/site-packages/utils/msg/_environmental_s.c\n'}
[10.849349] (utils) StdoutLine: {'line': b'-- Installing: /home/davide-pillon/Desktop/Brain_DEII/brain/install/utils/lib/python3.12/site-packages/utils/msg/_imu_s.c\n'}
[10.849417] (utils) StdoutLine: {'line': b'-- Installing: /home/davide-pillon/Desktop/Brain_DEII/brain/install/utils/lib/python3.12/site-packages/utils/msg/_semaphore.py\n'}
[10.849483] (utils) StdoutLine: {'line': b'-- Installing: /home/davide-pillon/Desktop/Brain_DEII/brain/install/utils/lib/python3.12/site-packages/utils/msg/_imu.py\n'}
[10.849554] (utils) StdoutLine: {'line': b'-- Installing: /home/davide-pillon/Desktop/Brain_DEII/brain/install/utils/lib/python3.12/site-packages/utils/msg/__init__.py\n'}
[10.849624] (utils) StdoutLine: {'line': b'-- Installing: /home/davide-pillon/Desktop/Brain_DEII/brain/install/utils/lib/python3.12/site-packages/utils/msg/_localisation.py\n'}
[10.849699] (utils) StdoutLine: {'line': b'-- Installing: /home/davide-pillon/Desktop/Brain_DEII/brain/install/utils/lib/python3.12/site-packages/utils/msg/_environmental.py\n'}
[10.849771] (utils) StdoutLine: {'line': b'-- Installing: /home/davide-pillon/Desktop/Brain_DEII/brain/install/utils/lib/python3.12/site-packages/utils/msg/_trafficsignprediction_s.c\n'}
[10.849890] (utils) StdoutLine: {'line': b'-- Installing: /home/davide-pillon/Desktop/Brain_DEII/brain/install/utils/lib/python3.12/site-packages/utils/msg/_vehicles.py\n'}
[10.849967] (utils) StdoutLine: {'line': b'-- Installing: /home/davide-pillon/Desktop/Brain_DEII/brain/install/utils/lib/python3.12/site-packages/utils/msg/_topic_info.py\n'}
[10.850042] (utils) StdoutLine: {'line': b'-- Installing: /home/davide-pillon/Desktop/Brain_DEII/brain/install/utils/lib/python3.12/site-packages/utils/msg/_log.py\n'}
[10.850115] (utils) StdoutLine: {'line': b'-- Installing: /home/davide-pillon/Desktop/Brain_DEII/brain/install/utils/lib/python3.12/site-packages/utils/msg/_trafficsignprediction.py\n'}
[10.850187] (utils) StdoutLine: {'line': b'-- Installing: /home/davide-pillon/Desktop/Brain_DEII/brain/install/utils/lib/python3.12/site-packages/utils/msg/_semaphore_s.c\n'}
[10.850257] (utils) StdoutLine: {'line': b'-- Installing: /home/davide-pillon/Desktop/Brain_DEII/brain/install/utils/lib/python3.12/site-packages/utils/msg/_log_s.c\n'}
[10.850327] (utils) StdoutLine: {'line': b'-- Installing: /home/davide-pillon/Desktop/Brain_DEII/brain/install/utils/lib/python3.12/site-packages/utils/msg/_conditions_s.c\n'}
[10.850397] (utils) StdoutLine: {'line': b'-- Installing: /home/davide-pillon/Desktop/Brain_DEII/brain/install/utils/lib/python3.12/site-packages/utils/msg/_topic_info_s.c\n'}
[10.850471] (utils) StdoutLine: {'line': b'-- Installing: /home/davide-pillon/Desktop/Brain_DEII/brain/install/utils/lib/python3.12/site-packages/utils/msg/_conditions.py\n'}
[10.850542] (utils) StdoutLine: {'line': b'-- Installing: /home/davide-pillon/Desktop/Brain_DEII/brain/install/utils/lib/python3.12/site-packages/utils/msg/_vehicles_s.c\n'}
[10.850615] (utils) StdoutLine: {'line': b'-- Installing: /home/davide-pillon/Desktop/Brain_DEII/brain/install/utils/lib/python3.12/site-packages/utils/_utils_s.ep.rosidl_typesupport_c.c\n'}
[10.894444] (utils) StdoutLine: {'line': b"Listing '/home/davide-pillon/Desktop/Brain_DEII/brain/install/utils/lib/python3.12/site-packages/utils'...\n"}
[10.894601] (utils) StdoutLine: {'line': b"Compiling '/home/davide-pillon/Desktop/Brain_DEII/brain/install/utils/lib/python3.12/site-packages/utils/__init__.py'...\n"}
[10.894676] (utils) StdoutLine: {'line': b"Listing '/home/davide-pillon/Desktop/Brain_DEII/brain/install/utils/lib/python3.12/site-packages/utils/msg'...\n"}
[10.894737] (utils) StdoutLine: {'line': b"Compiling '/home/davide-pillon/Desktop/Brain_DEII/brain/install/utils/lib/python3.12/site-packages/utils/msg/__init__.py'...\n"}
[10.894788] (utils) StdoutLine: {'line': b"Compiling '/home/davide-pillon/Desktop/Brain_DEII/brain/install/utils/lib/python3.12/site-packages/utils/msg/_conditions.py'...\n"}
[10.894847] (utils) StdoutLine: {'line': b"Compiling '/home/davide-pillon/Desktop/Brain_DEII/brain/install/utils/lib/python3.12/site-packages/utils/msg/_environmental.py'...\n"}
[10.894897] (utils) StdoutLine: {'line': b"Compiling '/home/davide-pillon/Desktop/Brain_DEII/brain/install/utils/lib/python3.12/site-packages/utils/msg/_imu.py'...\n"}
[10.894945] (utils) StdoutLine: {'line': b"Compiling '/home/davide-pillon/Desktop/Brain_DEII/brain/install/utils/lib/python3.12/site-packages/utils/msg/_localisation.py'...\n"}
[10.894997] (utils) StdoutLine: {'line': b"Compiling '/home/davide-pillon/Desktop/Brain_DEII/brain/install/utils/lib/python3.12/site-packages/utils/msg/_log.py'...\n"}
[10.895048] (utils) StdoutLine: {'line': b"Compiling '/home/davide-pillon/Desktop/Brain_DEII/brain/install/utils/lib/python3.12/site-packages/utils/msg/_semaphore.py'...\n"}
[10.895100] (utils) StdoutLine: {'line': b"Compiling '/home/davide-pillon/Desktop/Brain_DEII/brain/install/utils/lib/python3.12/site-packages/utils/msg/_topic_info.py'...\n"}
[10.895149] (utils) StdoutLine: {'line': b"Compiling '/home/davide-pillon/Desktop/Brain_DEII/brain/install/utils/lib/python3.12/site-packages/utils/msg/_trafficsignprediction.py'...\n"}
[10.895197] (utils) StdoutLine: {'line': b"Compiling '/home/davide-pillon/Desktop/Brain_DEII/brain/install/utils/lib/python3.12/site-packages/utils/msg/_vehicles.py'...\n"}
[10.895246] (utils) StdoutLine: {'line': b"Listing '/home/davide-pillon/Desktop/Brain_DEII/brain/install/utils/lib/python3.12/site-packages/utils/srv'...\n"}
[10.895295] (utils) StdoutLine: {'line': b"Compiling '/home/davide-pillon/Desktop/Brain_DEII/brain/install/utils/lib/python3.12/site-packages/utils/srv/__init__.py'...\n"}
[10.895342] (utils) StdoutLine: {'line': b"Compiling '/home/davide-pillon/Desktop/Brain_DEII/brain/install/utils/lib/python3.12/site-packages/utils/srv/_request_param.py'...\n"}
[10.895392] (utils) StdoutLine: {'line': b"Compiling '/home/davide-pillon/Desktop/Brain_DEII/brain/install/utils/lib/python3.12/site-packages/utils/srv/_subscribing.py'...\n"}
[10.899167] (utils) StdoutLine: {'line': b'-- Installing: /home/davide-pillon/Desktop/Brain_DEII/brain/install/utils/lib/python3.12/site-packages/utils/utils_s__rosidl_typesupport_fastrtps_c.so\n'}
[10.899322] (utils) StdoutLine: {'line': b'-- Set non-toolchain portion of runtime path of "/home/davide-pillon/Desktop/Brain_DEII/brain/install/utils/lib/python3.12/site-packages/utils/utils_s__rosidl_typesupport_fastrtps_c.so" to ""\n'}
[10.899450] (utils) StdoutLine: {'line': b'-- Installing: /home/davide-pillon/Desktop/Brain_DEII/brain/install/utils/lib/python3.12/site-packages/utils/utils_s__rosidl_typesupport_introspection_c.so\n'}
[10.899673] (utils) StdoutLine: {'line': b'-- Set non-toolchain portion of runtime path of "/home/davide-pillon/Desktop/Brain_DEII/brain/install/utils/lib/python3.12/site-packages/utils/utils_s__rosidl_typesupport_introspection_c.so" to ""\n'}
[10.899803] (utils) StdoutLine: {'line': b'-- Installing: /home/davide-pillon/Desktop/Brain_DEII/brain/install/utils/lib/python3.12/site-packages/utils/utils_s__rosidl_typesupport_c.so\n'}
[10.900112] (utils) StdoutLine: {'line': b'-- Set non-toolchain portion of runtime path of "/home/davide-pillon/Desktop/Brain_DEII/brain/install/utils/lib/python3.12/site-packages/utils/utils_s__rosidl_typesupport_c.so" to ""\n'}
[10.900210] (utils) StdoutLine: {'line': b'-- Installing: /home/davide-pillon/Desktop/Brain_DEII/brain/install/utils/lib/libutils__rosidl_generator_py.so\n'}
[10.900506] (utils) StdoutLine: {'line': b'-- Set non-toolchain portion of runtime path of "/home/davide-pillon/Desktop/Brain_DEII/brain/install/utils/lib/libutils__rosidl_generator_py.so" to ""\n'}
[10.900620] (utils) StdoutLine: {'line': b'-- Installing: /home/davide-pillon/Desktop/Brain_DEII/brain/install/utils/share/utils/msg/IMU.idl\n'}
[10.900685] (utils) StdoutLine: {'line': b'-- Installing: /home/davide-pillon/Desktop/Brain_DEII/brain/install/utils/share/utils/msg/Localisation.idl\n'}
[10.900771] (utils) StdoutLine: {'line': b'-- Installing: /home/davide-pillon/Desktop/Brain_DEII/brain/install/utils/share/utils/msg/Vehicles.idl\n'}
[10.900844] (utils) StdoutLine: {'line': b'-- Installing: /home/davide-pillon/Desktop/Brain_DEII/brain/install/utils/share/utils/msg/Environmental.idl\n'}
[10.900925] (utils) StdoutLine: {'line': b'-- Installing: /home/davide-pillon/Desktop/Brain_DEII/brain/install/utils/share/utils/msg/Log.idl\n'}
[10.900996] (utils) StdoutLine: {'line': b'-- Installing: /home/davide-pillon/Desktop/Brain_DEII/brain/install/utils/share/utils/msg/TopicInfo.idl\n'}
[10.901071] (utils) StdoutLine: {'line': b'-- Installing: /home/davide-pillon/Desktop/Brain_DEII/brain/install/utils/share/utils/msg/Semaphore.idl\n'}
[10.901147] (utils) StdoutLine: {'line': b'-- Installing: /home/davide-pillon/Desktop/Brain_DEII/brain/install/utils/share/utils/msg/Conditions.idl\n'}
[10.901215] (utils) StdoutLine: {'line': b'-- Installing: /home/davide-pillon/Desktop/Brain_DEII/brain/install/utils/share/utils/msg/Trafficsignprediction.idl\n'}
[10.901300] (utils) StdoutLine: {'line': b'-- Installing: /home/davide-pillon/Desktop/Brain_DEII/brain/install/utils/share/utils/srv/Subscribing.idl\n'}
[10.901395] (utils) StdoutLine: {'line': b'-- Installing: /home/davide-pillon/Desktop/Brain_DEII/brain/install/utils/share/utils/srv/RequestParam.idl\n'}
[10.901486] (utils) StdoutLine: {'line': b'-- Installing: /home/davide-pillon/Desktop/Brain_DEII/brain/install/utils/share/utils/msg/IMU.msg\n'}
[10.901582] (utils) StdoutLine: {'line': b'-- Up-to-date: /home/davide-pillon/Desktop/Brain_DEII/brain/install/utils/share/utils/msg/Localisation.msg\n'}
[10.901655] (utils) StdoutLine: {'line': b'-- Up-to-date: /home/davide-pillon/Desktop/Brain_DEII/brain/install/utils/share/utils/msg/Vehicles.msg\n'}
[10.901724] (utils) StdoutLine: {'line': b'-- Up-to-date: /home/davide-pillon/Desktop/Brain_DEII/brain/install/utils/share/utils/msg/Environmental.msg\n'}
[10.901797] (utils) StdoutLine: {'line': b'-- Installing: /home/davide-pillon/Desktop/Brain_DEII/brain/install/utils/share/utils/msg/Log.msg\n'}
[10.901878] (utils) StdoutLine: {'line': b'-- Installing: /home/davide-pillon/Desktop/Brain_DEII/brain/install/utils/share/utils/msg/TopicInfo.msg\n'}
[10.901951] (utils) StdoutLine: {'line': b'-- Up-to-date: /home/davide-pillon/Desktop/Brain_DEII/brain/install/utils/share/utils/msg/Semaphore.msg\n'}
[10.902038] (utils) StdoutLine: {'line': b'-- Up-to-date: /home/davide-pillon/Desktop/Brain_DEII/brain/install/utils/share/utils/msg/Conditions.msg\n'}
[10.902097] (utils) StdoutLine: {'line': b'-- Up-to-date: /home/davide-pillon/Desktop/Brain_DEII/brain/install/utils/share/utils/msg/Trafficsignprediction.msg\n'}
[10.902153] (utils) StdoutLine: {'line': b'-- Up-to-date: /home/davide-pillon/Desktop/Brain_DEII/brain/install/utils/share/utils/srv/Subscribing.srv\n'}
[10.902204] (utils) StdoutLine: {'line': b'-- Installing: /home/davide-pillon/Desktop/Brain_DEII/brain/install/utils/share/utils/srv/RequestParam.srv\n'}
[10.902284] (utils) StdoutLine: {'line': b'-- Up-to-date: /home/davide-pillon/Desktop/Brain_DEII/brain/install/utils/share/utils/launch\n'}
[10.902337] (utils) StdoutLine: {'line': b'-- Up-to-date: /home/davide-pillon/Desktop/Brain_DEII/brain/install/utils/share/utils/launch/run_automobile.launch.py\n'}
[10.902392] (utils) StdoutLine: {'line': b'-- Installing: /home/davide-pillon/Desktop/Brain_DEII/brain/install/utils/share/ament_index/resource_index/package_run_dependencies/utils\n'}
[10.902447] (utils) StdoutLine: {'line': b'-- Installing: /home/davide-pillon/Desktop/Brain_DEII/brain/install/utils/share/ament_index/resource_index/parent_prefix_path/utils\n'}
[10.902517] (utils) StdoutLine: {'line': b'-- Installing: /home/davide-pillon/Desktop/Brain_DEII/brain/install/utils/share/utils/environment/ament_prefix_path.dsv\n'}
[10.902590] (utils) StdoutLine: {'line': b'-- Installing: /home/davide-pillon/Desktop/Brain_DEII/brain/install/utils/share/utils/environment/path.dsv\n'}
[10.902668] (utils) StdoutLine: {'line': b'-- Installing: /home/davide-pillon/Desktop/Brain_DEII/brain/install/utils/share/utils/local_setup.bash\n'}
[10.902722] (utils) StdoutLine: {'line': b'-- Installing: /home/davide-pillon/Desktop/Brain_DEII/brain/install/utils/share/utils/local_setup.sh\n'}
[10.902787] (utils) StdoutLine: {'line': b'-- Installing: /home/davide-pillon/Desktop/Brain_DEII/brain/install/utils/share/utils/local_setup.zsh\n'}
[10.902870] (utils) StdoutLine: {'line': b'-- Installing: /home/davide-pillon/Desktop/Brain_DEII/brain/install/utils/share/utils/local_setup.dsv\n'}
[10.902960] (utils) StdoutLine: {'line': b'-- Installing: /home/davide-pillon/Desktop/Brain_DEII/brain/install/utils/share/utils/package.dsv\n'}
[10.903058] (utils) StdoutLine: {'line': b'-- Installing: /home/davide-pillon/Desktop/Brain_DEII/brain/install/utils/share/ament_index/resource_index/packages/utils\n'}
[10.903183] (utils) StdoutLine: {'line': b'-- Installing: /home/davide-pillon/Desktop/Brain_DEII/brain/install/utils/share/utils/cmake/export_utils__rosidl_generator_cExport.cmake\n'}
[10.903288] (utils) StdoutLine: {'line': b'-- Installing: /home/davide-pillon/Desktop/Brain_DEII/brain/install/utils/share/utils/cmake/export_utils__rosidl_generator_cExport-noconfig.cmake\n'}
[10.903414] (utils) StdoutLine: {'line': b'-- Installing: /home/davide-pillon/Desktop/Brain_DEII/brain/install/utils/share/utils/cmake/export_utils__rosidl_typesupport_fastrtps_cExport.cmake\n'}
[10.903513] (utils) StdoutLine: {'line': b'-- Installing: /home/davide-pillon/Desktop/Brain_DEII/brain/install/utils/share/utils/cmake/export_utils__rosidl_typesupport_fastrtps_cExport-noconfig.cmake\n'}
[10.903638] (utils) StdoutLine: {'line': b'-- Installing: /home/davide-pillon/Desktop/Brain_DEII/brain/install/utils/share/utils/cmake/utils__rosidl_typesupport_introspection_cExport.cmake\n'}
[10.903740] (utils) StdoutLine: {'line': b'-- Installing: /home/davide-pillon/Desktop/Brain_DEII/brain/install/utils/share/utils/cmake/utils__rosidl_typesupport_introspection_cExport-noconfig.cmake\n'}
[10.903876] (utils) StdoutLine: {'line': b'-- Installing: /home/davide-pillon/Desktop/Brain_DEII/brain/install/utils/share/utils/cmake/utils__rosidl_typesupport_cExport.cmake\n'}
[10.903976] (utils) StdoutLine: {'line': b'-- Installing: /home/davide-pillon/Desktop/Brain_DEII/brain/install/utils/share/utils/cmake/utils__rosidl_typesupport_cExport-noconfig.cmake\n'}
[10.904099] (utils) StdoutLine: {'line': b'-- Installing: /home/davide-pillon/Desktop/Brain_DEII/brain/install/utils/share/utils/cmake/export_utils__rosidl_generator_cppExport.cmake\n'}
[10.904226] (utils) StdoutLine: {'line': b'-- Installing: /home/davide-pillon/Desktop/Brain_DEII/brain/install/utils/share/utils/cmake/export_utils__rosidl_typesupport_fastrtps_cppExport.cmake\n'}
[10.904323] (utils) StdoutLine: {'line': b'-- Installing: /home/davide-pillon/Desktop/Brain_DEII/brain/install/utils/share/utils/cmake/export_utils__rosidl_typesupport_fastrtps_cppExport-noconfig.cmake\n'}
[10.904449] (utils) StdoutLine: {'line': b'-- Installing: /home/davide-pillon/Desktop/Brain_DEII/brain/install/utils/share/utils/cmake/utils__rosidl_typesupport_introspection_cppExport.cmake\n'}
[10.904544] (utils) StdoutLine: {'line': b'-- Installing: /home/davide-pillon/Desktop/Brain_DEII/brain/install/utils/share/utils/cmake/utils__rosidl_typesupport_introspection_cppExport-noconfig.cmake\n'}
[10.904672] (utils) StdoutLine: {'line': b'-- Installing: /home/davide-pillon/Desktop/Brain_DEII/brain/install/utils/share/utils/cmake/utils__rosidl_typesupport_cppExport.cmake\n'}
[10.904771] (utils) StdoutLine: {'line': b'-- Installing: /home/davide-pillon/Desktop/Brain_DEII/brain/install/utils/share/utils/cmake/utils__rosidl_typesupport_cppExport-noconfig.cmake\n'}
[10.904904] (utils) StdoutLine: {'line': b'-- Installing: /home/davide-pillon/Desktop/Brain_DEII/brain/install/utils/share/utils/cmake/export_utils__rosidl_generator_pyExport.cmake\n'}
[10.905007] (utils) StdoutLine: {'line': b'-- Installing: /home/davide-pillon/Desktop/Brain_DEII/brain/install/utils/share/utils/cmake/export_utils__rosidl_generator_pyExport-noconfig.cmake\n'}
[10.905109] (utils) StdoutLine: {'line': b'-- Installing: /home/davide-pillon/Desktop/Brain_DEII/brain/install/utils/share/utils/cmake/rosidl_cmake-extras.cmake\n'}
[10.905204] (utils) StdoutLine: {'line': b'-- Installing: /home/davide-pillon/Desktop/Brain_DEII/brain/install/utils/share/utils/cmake/ament_cmake_export_dependencies-extras.cmake\n'}
[10.905319] (utils) StdoutLine: {'line': b'-- Installing: /home/davide-pillon/Desktop/Brain_DEII/brain/install/utils/share/utils/cmake/ament_cmake_export_include_directories-extras.cmake\n'}
[10.905446] (utils) StdoutLine: {'line': b'-- Installing: /home/davide-pillon/Desktop/Brain_DEII/brain/install/utils/share/utils/cmake/ament_cmake_export_libraries-extras.cmake\n'}
[10.905527] (utils) StdoutLine: {'line': b'-- Installing: /home/davide-pillon/Desktop/Brain_DEII/brain/install/utils/share/utils/cmake/ament_cmake_export_targets-extras.cmake\n'}
[10.905601] (utils) StdoutLine: {'line': b'-- Installing: /home/davide-pillon/Desktop/Brain_DEII/brain/install/utils/share/utils/cmake/rosidl_cmake_export_typesupport_targets-extras.cmake\n'}
[10.905687] (utils) StdoutLine: {'line': b'-- Installing: /home/davide-pillon/Desktop/Brain_DEII/brain/install/utils/share/utils/cmake/rosidl_cmake_export_typesupport_libraries-extras.cmake\n'}
[10.905779] (utils) StdoutLine: {'line': b'-- Installing: /home/davide-pillon/Desktop/Brain_DEII/brain/install/utils/share/utils/cmake/utilsConfig.cmake\n'}
[10.905861] (utils) StdoutLine: {'line': b'-- Installing: /home/davide-pillon/Desktop/Brain_DEII/brain/install/utils/share/utils/cmake/utilsConfig-version.cmake\n'}
[10.905959] (utils) StdoutLine: {'line': b'-- Up-to-date: /home/davide-pillon/Desktop/Brain_DEII/brain/install/utils/share/utils/package.xml\n'}
[10.907756] (utils) CommandEnded: {'returncode': 0}
[10.920138] (utils) JobEnded: {'identifier': 'utils', 'rc': 0}
[10.920898] (input) JobStarted: {'identifier': 'input'}
[10.924840] (unix_out) JobStarted: {'identifier': 'unix_out'}
[10.941329] (-) TimerEvent: {}
[11.041571] (-) TimerEvent: {}
[11.141802] (-) TimerEvent: {}
[11.242040] (-) TimerEvent: {}
[11.342304] (-) TimerEvent: {}
[11.442530] (-) TimerEvent: {}
[11.542778] (-) TimerEvent: {}
[11.643010] (-) TimerEvent: {}
[11.743282] (-) TimerEvent: {}
[11.843554] (-) TimerEvent: {}
[11.871034] (unix_out) Command: {'cmd': ['/usr/bin/python3', '-W', 'ignore:setup.py install is deprecated', '-W', 'ignore:easy_install command is deprecated', 'setup.py', 'egg_info', '--egg-base', '../../build/unix_out', 'build', '--build-base', '/home/davide-pillon/Desktop/Brain_DEII/brain/build/unix_out/build', 'install', '--record', '/home/davide-pillon/Desktop/Brain_DEII/brain/build/unix_out/install.log', '--single-version-externally-managed', 'install_data'], 'cwd': '/home/davide-pillon/Desktop/Brain_DEII/brain/src/unix_out', 'env': {'LESSOPEN': '| /usr/bin/lesspipe %s', 'GZ_SIM_RESOURCE_PATH': '/opt/ros/jazzy/share', 'USER': 'davide-pillon', 'GZ_CONFIG_PATH': '/opt/ros/jazzy/opt/gz_sim_vendor/share/gz:/opt/ros/jazzy/opt/sdformat_vendor/share/gz:/opt/ros/jazzy/opt/gz_gui_vendor/share/gz:/opt/ros/jazzy/opt/gz_transport_vendor/share/gz:/opt/ros/jazzy/opt/gz_rendering_vendor/share/gz:/opt/ros/jazzy/opt/gz_plugin_vendor/share/gz:/opt/ros/jazzy/opt/gz_fuel_tools_vendor/share/gz:/opt/ros/jazzy/opt/gz_msgs_vendor/share/gz:/opt/ros/jazzy/opt/gz_common_vendor/share/gz', 'XDG_SESSION_TYPE': 'wayland', 'CLUTTER_DISABLE_MIPMAPPED_TEXT': '1', 'SHLVL': '2', 'LD_LIBRARY_PATH': '/home/davide-pillon/Desktop/Brain_DEII/brain/install/utils/lib:/opt/ros/jazzy/opt/gz_sim_vendor/lib:/opt/ros/jazzy/opt/gz_sensors_vendor/lib:/opt/ros/jazzy/opt/gz_physics_vendor/lib:/opt/ros/jazzy/opt/sdformat_vendor/lib:/opt/ros/jazzy/opt/rviz_ogre_vendor/lib:/opt/ros/jazzy/lib/x86_64-linux-gnu:/opt/ros/jazzy/opt/gz_gui_vendor/lib:/opt/ros/jazzy/opt/gz_transport_vendor/lib:/opt/ros/jazzy/opt/gz_rendering_vendor/lib:/opt/ros/jazzy/opt/gz_plugin_vendor/lib:/opt/ros/jazzy/opt/gz_fuel_tools_vendor/lib:/opt/ros/jazzy/opt/gz_msgs_vendor/lib:/opt/ros/jazzy/opt/gz_common_vendor/lib:/opt/ros/jazzy/opt/gz_math_vendor/lib:/opt/ros/jazzy/opt/gz_utils_vendor/lib:/opt/ros/jazzy/opt/gz_tools_vendor/lib:/opt/ros/jazzy/opt/gz_ogre_next_vendor/lib:/opt/ros/jazzy/opt/gz_dartsim_vendor/lib:/opt/ros/jazzy/opt/gz_cmake_vendor/lib:/opt/ros/jazzy/lib', 'HOME': '/home/davide-pillon', 'OLDPWD': '/home/davide-pillon/Desktop/Brain_DEII', 'DESKTOP_SESSION': 'ubuntu', 'ROS_PYTHON_VERSION': '3', 'GNOME_SHELL_SESSION_MODE': 'ubuntu', 'GTK_MODULES': 'gail:atk-bridge', 'SYSTEMD_EXEC_PID': '2226', 'GSM_SKIP_SSH_AGENT_WORKAROUND': 'true', 'DBUS_SESSION_BUS_ADDRESS': 'unix:path=/run/user/1000/bus', 'COLORTERM': 'truecolor', 'TERMINATOR_DBUS_NAME': 'net.tenshu.Terminator25ef4b219e3b005583550f2b0f9f990c3', 'DEBUGINFOD_URLS': 'https://debuginfod.ubuntu.com', 'IM_CONFIG_PHASE': '1', 'WAYLAND_DISPLAY': 'wayland-0', 'ROS_DISTRO': 'jazzy', 'LOGNAME': 'davide-pillon', 'IGN_GAZEBO_MODEL_PATH': '/opt/ros/jazzy/share', '_': '/usr/bin/colcon', 'ROS_VERSION': '2', 'MEMORY_PRESSURE_WATCH': '/sys/fs/cgroup/user.slice/user-1000.slice/user@1000.service/session.slice/org.gnome.Shell@wayland.service/memory.pressure', 'XDG_SESSION_CLASS': 'user', 'USERNAME': 'davide-pillon', 'TERM': 'xterm-256color', 'GAZEBO_MODEL_PATH': '/opt/ros/jazzy/share', 'GNOME_DESKTOP_SESSION_ID': 'this-is-deprecated', 'PATH': '/opt/ros/jazzy/opt/gz_msgs_vendor/bin:/opt/ros/jazzy/opt/gz_tools_vendor/bin:/opt/ros/jazzy/opt/gz_ogre_next_vendor/bin:/opt/ros/jazzy/bin:/home/davide-pillon/.local/bin:/usr/local/sbin:/usr/local/bin:/usr/sbin:/usr/bin:/sbin:/bin:/usr/games:/usr/local/games:/snap/bin:/snap/bin:/home/davide-pillon/.local/bin:/home/davide-pillon/.local/bin', 'SESSION_MANAGER': 'local/davide-pillon-BOD-WXX9:@/tmp/.ICE-unix/2190,unix/davide-pillon-BOD-WXX9:/tmp/.ICE-unix/2190', 'XDG_MENU_PREFIX': 'gnome-', 'GNOME_TERMINAL_SCREEN': '/org/gnome/Terminal/screen/ce799c77_8fed_4b4c_8767_c3981f6c9c25', 'GNOME_SETUP_DISPLAY': ':1', 'XDG_RUNTIME_DIR': '/run/user/1000', 'DISPLAY': ':0', 'TERMINATOR_DBUS_PATH': '/net/tenshu/Terminator2', 'LANG': 'en_US.UTF-8', 'XDG_CURRENT_DESKTOP': 'ubuntu:GNOME', 'XMODIFIERS': '@im=ibus', 'XDG_SESSION_DESKTOP': 'ubuntu', 'XAUTHORITY': '/run/user/1000/.mutter-Xwaylandauth.RTQJP3', 'LS_COLORS': 'rs=0:di=01;34:ln=01;36:mh=00:pi=40;33:so=01;35:do=01;35:bd=40;33;01:cd=40;33;01:or=40;31;01:mi=00:su=37;41:sg=30;43:ca=00:tw=30;42:ow=34;42:st=37;44:ex=01;32:*.tar=01;31:*.tgz=01;31:*.arc=01;31:*.arj=01;31:*.taz=01;31:*.lha=01;31:*.lz4=01;31:*.lzh=01;31:*.lzma=01;31:*.tlz=01;31:*.txz=01;31:*.tzo=01;31:*.t7z=01;31:*.zip=01;31:*.z=01;31:*.dz=01;31:*.gz=01;31:*.lrz=01;31:*.lz=01;31:*.lzo=01;31:*.xz=01;31:*.zst=01;31:*.tzst=01;31:*.bz2=01;31:*.bz=01;31:*.tbz=01;31:*.tbz2=01;31:*.tz=01;31:*.deb=01;31:*.rpm=01;31:*.jar=01;31:*.war=01;31:*.ear=01;31:*.sar=01;31:*.rar=01;31:*.alz=01;31:*.ace=01;31:*.zoo=01;31:*.cpio=01;31:*.7z=01;31:*.rz=01;31:*.cab=01;31:*.wim=01;31:*.swm=01;31:*.dwm=01;31:*.esd=01;31:*.avif=01;35:*.jpg=01;35:*.jpeg=01;35:*.mjpg=01;35:*.mjpeg=01;35:*.gif=01;35:*.bmp=01;35:*.pbm=01;35:*.pgm=01;35:*.ppm=01;35:*.tga=01;35:*.xbm=01;35:*.xpm=01;35:*.tif=01;35:*.tiff=01;35:*.png=01;35:*.svg=01;35:*.svgz=01;35:*.mng=01;35:*.pcx=01;35:*.mov=01;35:*.mpg=01;35:*.mpeg=01;35:*.m2v=01;35:*.mkv=01;35:*.webm=01;35:*.webp=01;35:*.ogm=01;35:*.mp4=01;35:*.m4v=01;35:*.mp4v=01;35:*.vob=01;35:*.qt=01;35:*.nuv=01;35:*.wmv=01;35:*.asf=01;35:*.rm=01;35:*.rmvb=01;35:*.flc=01;35:*.avi=01;35:*.fli=01;35:*.flv=01;35:*.gl=01;35:*.dl=01;35:*.xcf=01;35:*.xwd=01;35:*.yuv=01;35:*.cgm=01;35:*.emf=01;35:*.ogv=01;35:*.ogx=01;35:*.aac=00;36:*.au=00;36:*.flac=00;36:*.m4a=00;36:*.mid=00;36:*.midi=00;36:*.mka=00;36:*.mp3=00;36:*.mpc=00;36:*.ogg=00;36:*.ra=00;36:*.wav=00;36:*.oga=00;36:*.opus=00;36:*.spx=00;36:*.xspf=00;36:*~=00;90:*#=00;90:*.bak=00;90:*.crdownload=00;90:*.dpkg-dist=00;90:*.dpkg-new=00;90:*.dpkg-old=00;90:*.dpkg-tmp=00;90:*.old=00;90:*.orig=00;90:*.part=00;90:*.rej=00;90:*.rpmnew=00;90:*.rpmorig=00;90:*.rpmsave=00;90:*.swp=00;90:*.tmp=00;90:*.ucf-dist=00;90:*.ucf-new=00;90:*.ucf-old=00;90:', 'GNOME_TERMINAL_SERVICE': ':1.149', 'SSH_AUTH_SOCK': '/run/user/1000/keyring/ssh', 'AMENT_PREFIX_PATH': '/home/davide-pillon/Desktop/Brain_DEII/brain/install/utils:/opt/ros/jazzy', 'SHELL': '/bin/bash', 'TERMINATOR_UUID': 'urn:uuid:efd2288e-d93d-44d7-8b69-ba3352931f37', 'QT_ACCESSIBILITY': '1', 'GDMSESSION': 'ubuntu', 'LESSCLOSE': '/usr/bin/lesspipe %s %s', 'IGN_GAZEBO_RESOURCE_PATH': '/opt/ros/jazzy/share', 'GAZEBO_RESOURCE_PATH': '/opt/ros/jazzy/share', 'ROS_AUTOMATIC_DISCOVERY_RANGE': 'SUBNET', 'QT_IM_MODULE': 'ibus', 'PWD': '/home/davide-pillon/Desktop/Brain_DEII/brain/build/unix_out', 'LC_ALL': 'en_US.UTF-8', 'XDG_CONFIG_DIRS': '/etc/xdg/xdg-ubuntu:/etc/xdg', 'XDG_DATA_DIRS': '/usr/share/ubuntu:/usr/share/gnome:/home/davide-pillon/.local/share/flatpak/exports/share:/var/lib/flatpak/exports/share:/usr/local/share/:/usr/share/:/var/lib/snapd/desktop', 'PYTHONPATH': '/home/davide-pillon/Desktop/Brain_DEII/brain/build/unix_out/prefix_override:/usr/lib/python3/dist-packages/colcon_core/task/python/colcon_distutils_commands:/home/davide-pillon/Desktop/Brain_DEII/brain/install/unix_out/lib/python3.12/site-packages:/home/davide-pillon/Desktop/Brain_DEII/brain/install/utils/lib/python3.12/site-packages:/opt/ros/jazzy/lib/python3.12/site-packages', 'COLCON': '1', 'MEMORY_PRESSURE_WRITE': 'c29tZSAyMDAwMDAgMjAwMDAwMAA=', 'VTE_VERSION': '7600', 'CMAKE_PREFIX_PATH': '/home/davide-pillon/Desktop/Brain_DEII/brain/install/utils:/opt/ros/jazzy/opt/gz_sim_vendor:/opt/ros/jazzy/opt/gz_sensors_vendor:/opt/ros/jazzy/opt/gz_physics_vendor:/opt/ros/jazzy/opt/sdformat_vendor:/opt/ros/jazzy/opt/gz_gui_vendor:/opt/ros/jazzy/opt/gz_transport_vendor:/opt/ros/jazzy/opt/gz_rendering_vendor:/opt/ros/jazzy/opt/gz_plugin_vendor:/opt/ros/jazzy/opt/gz_fuel_tools_vendor:/opt/ros/jazzy/opt/gz_msgs_vendor:/opt/ros/jazzy/opt/gz_common_vendor:/opt/ros/jazzy/opt/gz_math_vendor:/opt/ros/jazzy/opt/gz_utils_vendor:/opt/ros/jazzy/opt/gz_tools_vendor:/opt/ros/jazzy/opt/gz_ogre_next_vendor:/opt/ros/jazzy/opt/gz_dartsim_vendor:/opt/ros/jazzy/opt/gz_cmake_vendor'}, 'shell': False}
[11.874772] (input) Command: {'cmd': ['/usr/bin/python3', '-W', 'ignore:setup.py install is deprecated', '-W', 'ignore:easy_install command is deprecated', 'setup.py', 'egg_info', '--egg-base', '../../build/input', 'build', '--build-base', '/home/davide-pillon/Desktop/Brain_DEII/brain/build/input/build', 'install', '--record', '/home/davide-pillon/Desktop/Brain_DEII/brain/build/input/install.log', '--single-version-externally-managed', 'install_data'], 'cwd': '/home/davide-pillon/Desktop/Brain_DEII/brain/src/input', 'env': {'LESSOPEN': '| /usr/bin/lesspipe %s', 'GZ_SIM_RESOURCE_PATH': '/opt/ros/jazzy/share', 'USER': 'davide-pillon', 'GZ_CONFIG_PATH': '/opt/ros/jazzy/opt/gz_sim_vendor/share/gz:/opt/ros/jazzy/opt/sdformat_vendor/share/gz:/opt/ros/jazzy/opt/gz_gui_vendor/share/gz:/opt/ros/jazzy/opt/gz_transport_vendor/share/gz:/opt/ros/jazzy/opt/gz_rendering_vendor/share/gz:/opt/ros/jazzy/opt/gz_plugin_vendor/share/gz:/opt/ros/jazzy/opt/gz_fuel_tools_vendor/share/gz:/opt/ros/jazzy/opt/gz_msgs_vendor/share/gz:/opt/ros/jazzy/opt/gz_common_vendor/share/gz', 'XDG_SESSION_TYPE': 'wayland', 'CLUTTER_DISABLE_MIPMAPPED_TEXT': '1', 'SHLVL': '2', 'LD_LIBRARY_PATH': '/home/davide-pillon/Desktop/Brain_DEII/brain/install/utils/lib:/opt/ros/jazzy/opt/gz_sim_vendor/lib:/opt/ros/jazzy/opt/gz_sensors_vendor/lib:/opt/ros/jazzy/opt/gz_physics_vendor/lib:/opt/ros/jazzy/opt/sdformat_vendor/lib:/opt/ros/jazzy/opt/rviz_ogre_vendor/lib:/opt/ros/jazzy/lib/x86_64-linux-gnu:/opt/ros/jazzy/opt/gz_gui_vendor/lib:/opt/ros/jazzy/opt/gz_transport_vendor/lib:/opt/ros/jazzy/opt/gz_rendering_vendor/lib:/opt/ros/jazzy/opt/gz_plugin_vendor/lib:/opt/ros/jazzy/opt/gz_fuel_tools_vendor/lib:/opt/ros/jazzy/opt/gz_msgs_vendor/lib:/opt/ros/jazzy/opt/gz_common_vendor/lib:/opt/ros/jazzy/opt/gz_math_vendor/lib:/opt/ros/jazzy/opt/gz_utils_vendor/lib:/opt/ros/jazzy/opt/gz_tools_vendor/lib:/opt/ros/jazzy/opt/gz_ogre_next_vendor/lib:/opt/ros/jazzy/opt/gz_dartsim_vendor/lib:/opt/ros/jazzy/opt/gz_cmake_vendor/lib:/opt/ros/jazzy/lib', 'HOME': '/home/davide-pillon', 'OLDPWD': '/home/davide-pillon/Desktop/Brain_DEII', 'DESKTOP_SESSION': 'ubuntu', 'ROS_PYTHON_VERSION': '3', 'GNOME_SHELL_SESSION_MODE': 'ubuntu', 'GTK_MODULES': 'gail:atk-bridge', 'SYSTEMD_EXEC_PID': '2226', 'GSM_SKIP_SSH_AGENT_WORKAROUND': 'true', 'DBUS_SESSION_BUS_ADDRESS': 'unix:path=/run/user/1000/bus', 'COLORTERM': 'truecolor', 'TERMINATOR_DBUS_NAME': 'net.tenshu.Terminator25ef4b219e3b005583550f2b0f9f990c3', 'DEBUGINFOD_URLS': 'https://debuginfod.ubuntu.com', 'IM_CONFIG_PHASE': '1', 'WAYLAND_DISPLAY': 'wayland-0', 'ROS_DISTRO': 'jazzy', 'LOGNAME': 'davide-pillon', 'IGN_GAZEBO_MODEL_PATH': '/opt/ros/jazzy/share', '_': '/usr/bin/colcon', 'ROS_VERSION': '2', 'MEMORY_PRESSURE_WATCH': '/sys/fs/cgroup/user.slice/user-1000.slice/user@1000.service/session.slice/org.gnome.Shell@wayland.service/memory.pressure', 'XDG_SESSION_CLASS': 'user', 'USERNAME': 'davide-pillon', 'TERM': 'xterm-256color', 'GAZEBO_MODEL_PATH': '/opt/ros/jazzy/share', 'GNOME_DESKTOP_SESSION_ID': 'this-is-deprecated', 'PATH': '/opt/ros/jazzy/opt/gz_msgs_vendor/bin:/opt/ros/jazzy/opt/gz_tools_vendor/bin:/opt/ros/jazzy/opt/gz_ogre_next_vendor/bin:/opt/ros/jazzy/bin:/home/davide-pillon/.local/bin:/usr/local/sbin:/usr/local/bin:/usr/sbin:/usr/bin:/sbin:/bin:/usr/games:/usr/local/games:/snap/bin:/snap/bin:/home/davide-pillon/.local/bin:/home/davide-pillon/.local/bin', 'SESSION_MANAGER': 'local/davide-pillon-BOD-WXX9:@/tmp/.ICE-unix/2190,unix/davide-pillon-BOD-WXX9:/tmp/.ICE-unix/2190', 'XDG_MENU_PREFIX': 'gnome-', 'GNOME_TERMINAL_SCREEN': '/org/gnome/Terminal/screen/ce799c77_8fed_4b4c_8767_c3981f6c9c25', 'GNOME_SETUP_DISPLAY': ':1', 'XDG_RUNTIME_DIR': '/run/user/1000', 'DISPLAY': ':0', 'TERMINATOR_DBUS_PATH': '/net/tenshu/Terminator2', 'LANG': 'en_US.UTF-8', 'XDG_CURRENT_DESKTOP': 'ubuntu:GNOME', 'XMODIFIERS': '@im=ibus', 'XDG_SESSION_DESKTOP': 'ubuntu', 'XAUTHORITY': '/run/user/1000/.mutter-Xwaylandauth.RTQJP3', 'LS_COLORS': 'rs=0:di=01;34:ln=01;36:mh=00:pi=40;33:so=01;35:do=01;35:bd=40;33;01:cd=40;33;01:or=40;31;01:mi=00:su=37;41:sg=30;43:ca=00:tw=30;42:ow=34;42:st=37;44:ex=01;32:*.tar=01;31:*.tgz=01;31:*.arc=01;31:*.arj=01;31:*.taz=01;31:*.lha=01;31:*.lz4=01;31:*.lzh=01;31:*.lzma=01;31:*.tlz=01;31:*.txz=01;31:*.tzo=01;31:*.t7z=01;31:*.zip=01;31:*.z=01;31:*.dz=01;31:*.gz=01;31:*.lrz=01;31:*.lz=01;31:*.lzo=01;31:*.xz=01;31:*.zst=01;31:*.tzst=01;31:*.bz2=01;31:*.bz=01;31:*.tbz=01;31:*.tbz2=01;31:*.tz=01;31:*.deb=01;31:*.rpm=01;31:*.jar=01;31:*.war=01;31:*.ear=01;31:*.sar=01;31:*.rar=01;31:*.alz=01;31:*.ace=01;31:*.zoo=01;31:*.cpio=01;31:*.7z=01;31:*.rz=01;31:*.cab=01;31:*.wim=01;31:*.swm=01;31:*.dwm=01;31:*.esd=01;31:*.avif=01;35:*.jpg=01;35:*.jpeg=01;35:*.mjpg=01;35:*.mjpeg=01;35:*.gif=01;35:*.bmp=01;35:*.pbm=01;35:*.pgm=01;35:*.ppm=01;35:*.tga=01;35:*.xbm=01;35:*.xpm=01;35:*.tif=01;35:*.tiff=01;35:*.png=01;35:*.svg=01;35:*.svgz=01;35:*.mng=01;35:*.pcx=01;35:*.mov=01;35:*.mpg=01;35:*.mpeg=01;35:*.m2v=01;35:*.mkv=01;35:*.webm=01;35:*.webp=01;35:*.ogm=01;35:*.mp4=01;35:*.m4v=01;35:*.mp4v=01;35:*.vob=01;35:*.qt=01;35:*.nuv=01;35:*.wmv=01;35:*.asf=01;35:*.rm=01;35:*.rmvb=01;35:*.flc=01;35:*.avi=01;35:*.fli=01;35:*.flv=01;35:*.gl=01;35:*.dl=01;35:*.xcf=01;35:*.xwd=01;35:*.yuv=01;35:*.cgm=01;35:*.emf=01;35:*.ogv=01;35:*.ogx=01;35:*.aac=00;36:*.au=00;36:*.flac=00;36:*.m4a=00;36:*.mid=00;36:*.midi=00;36:*.mka=00;36:*.mp3=00;36:*.mpc=00;36:*.ogg=00;36:*.ra=00;36:*.wav=00;36:*.oga=00;36:*.opus=00;36:*.spx=00;36:*.xspf=00;36:*~=00;90:*#=00;90:*.bak=00;90:*.crdownload=00;90:*.dpkg-dist=00;90:*.dpkg-new=00;90:*.dpkg-old=00;90:*.dpkg-tmp=00;90:*.old=00;90:*.orig=00;90:*.part=00;90:*.rej=00;90:*.rpmnew=00;90:*.rpmorig=00;90:*.rpmsave=00;90:*.swp=00;90:*.tmp=00;90:*.ucf-dist=00;90:*.ucf-new=00;90:*.ucf-old=00;90:', 'GNOME_TERMINAL_SERVICE': ':1.149', 'SSH_AUTH_SOCK': '/run/user/1000/keyring/ssh', 'AMENT_PREFIX_PATH': '/home/davide-pillon/Desktop/Brain_DEII/brain/install/utils:/opt/ros/jazzy', 'SHELL': '/bin/bash', 'TERMINATOR_UUID': 'urn:uuid:efd2288e-d93d-44d7-8b69-ba3352931f37', 'QT_ACCESSIBILITY': '1', 'GDMSESSION': 'ubuntu', 'LESSCLOSE': '/usr/bin/lesspipe %s %s', 'IGN_GAZEBO_RESOURCE_PATH': '/opt/ros/jazzy/share', 'GAZEBO_RESOURCE_PATH': '/opt/ros/jazzy/share', 'ROS_AUTOMATIC_DISCOVERY_RANGE': 'SUBNET', 'QT_IM_MODULE': 'ibus', 'PWD': '/home/davide-pillon/Desktop/Brain_DEII/brain/build/input', 'LC_ALL': 'en_US.UTF-8', 'XDG_CONFIG_DIRS': '/etc/xdg/xdg-ubuntu:/etc/xdg', 'XDG_DATA_DIRS': '/usr/share/ubuntu:/usr/share/gnome:/home/davide-pillon/.local/share/flatpak/exports/share:/var/lib/flatpak/exports/share:/usr/local/share/:/usr/share/:/var/lib/snapd/desktop', 'PYTHONPATH': '/home/davide-pillon/Desktop/Brain_DEII/brain/build/input/prefix_override:/usr/lib/python3/dist-packages/colcon_core/task/python/colcon_distutils_commands:/home/davide-pillon/Desktop/Brain_DEII/brain/install/input/lib/python3.12/site-packages:/home/davide-pillon/Desktop/Brain_DEII/brain/install/utils/lib/python3.12/site-packages:/opt/ros/jazzy/lib/python3.12/site-packages', 'COLCON': '1', 'MEMORY_PRESSURE_WRITE': 'c29tZSAyMDAwMDAgMjAwMDAwMAA=', 'VTE_VERSION': '7600', 'CMAKE_PREFIX_PATH': '/home/davide-pillon/Desktop/Brain_DEII/brain/install/utils:/opt/ros/jazzy/opt/gz_sim_vendor:/opt/ros/jazzy/opt/gz_sensors_vendor:/opt/ros/jazzy/opt/gz_physics_vendor:/opt/ros/jazzy/opt/sdformat_vendor:/opt/ros/jazzy/opt/gz_gui_vendor:/opt/ros/jazzy/opt/gz_transport_vendor:/opt/ros/jazzy/opt/gz_rendering_vendor:/opt/ros/jazzy/opt/gz_plugin_vendor:/opt/ros/jazzy/opt/gz_fuel_tools_vendor:/opt/ros/jazzy/opt/gz_msgs_vendor:/opt/ros/jazzy/opt/gz_common_vendor:/opt/ros/jazzy/opt/gz_math_vendor:/opt/ros/jazzy/opt/gz_utils_vendor:/opt/ros/jazzy/opt/gz_tools_vendor:/opt/ros/jazzy/opt/gz_ogre_next_vendor:/opt/ros/jazzy/opt/gz_dartsim_vendor:/opt/ros/jazzy/opt/gz_cmake_vendor'}, 'shell': False}
[11.943645] (-) TimerEvent: {}
[12.043984] (-) TimerEvent: {}
[12.104314] (unix_out) StdoutLine: {'line': b'running egg_info\n'}
[12.104592] (unix_out) StdoutLine: {'line': b'creating ../../build/unix_out/unix_out.egg-info\n'}
[12.120896] (unix_out) StdoutLine: {'line': b'writing ../../build/unix_out/unix_out.egg-info/PKG-INFO\n'}
[12.121174] (unix_out) StdoutLine: {'line': b'writing dependency_links to ../../build/unix_out/unix_out.egg-info/dependency_links.txt\n'}
[12.121256] (unix_out) StdoutLine: {'line': b'writing entry points to ../../build/unix_out/unix_out.egg-info/entry_points.txt\n'}
[12.121347] (unix_out) StdoutLine: {'line': b'writing requirements to ../../build/unix_out/unix_out.egg-info/requires.txt\n'}
[12.121432] (unix_out) StdoutLine: {'line': b'writing top-level names to ../../build/unix_out/unix_out.egg-info/top_level.txt\n'}
[12.121505] (unix_out) StdoutLine: {'line': b"writing manifest file '../../build/unix_out/unix_out.egg-info/SOURCES.txt'\n"}
[12.141871] (input) StdoutLine: {'line': b'running egg_info\n'}
[12.142125] (input) StdoutLine: {'line': b'creating ../../build/input/input.egg-info\n'}
[12.144043] (-) TimerEvent: {}
[12.158040] (unix_out) StdoutLine: {'line': b"reading manifest file '../../build/unix_out/unix_out.egg-info/SOURCES.txt'\n"}
[12.158703] (unix_out) StdoutLine: {'line': b"writing manifest file '../../build/unix_out/unix_out.egg-info/SOURCES.txt'\n"}
[12.158871] (unix_out) StdoutLine: {'line': b'running build\n'}
[12.158989] (unix_out) StdoutLine: {'line': b'running build_py\n'}
[12.159099] (unix_out) StdoutLine: {'line': b'creating /home/davide-pillon/Desktop/Brain_DEII/brain/build/unix_out/build\n'}
[12.159211] (unix_out) StdoutLine: {'line': b'creating /home/davide-pillon/Desktop/Brain_DEII/brain/build/unix_out/build/lib\n'}
[12.159327] (unix_out) StdoutLine: {'line': b'copying src/lidar_to_socket.py -> /home/davide-pillon/Desktop/Brain_DEII/brain/build/unix_out/build/lib\n'}
[12.159442] (unix_out) StdoutLine: {'line': b'copying src/metrics_to_socket.py -> /home/davide-pillon/Desktop/Brain_DEII/brain/build/unix_out/build/lib\n'}
[12.159558] (unix_out) StdoutLine: {'line': b'copying src/camera_to_socket.py -> /home/davide-pillon/Desktop/Brain_DEII/brain/build/unix_out/build/lib\n'}
[12.159647] (unix_out) StdoutLine: {'line': b'running install\n'}
[12.162300] (input) StdoutLine: {'line': b'writing ../../build/input/input.egg-info/PKG-INFO\n'}
[12.162619] (input) StdoutLine: {'line': b'writing dependency_links to ../../build/input/input.egg-info/dependency_links.txt\n'}
[12.162869] (input) StdoutLine: {'line': b'writing entry points to ../../build/input/input.egg-info/entry_points.txt\n'}
[12.163003] (input) StdoutLine: {'line': b'writing requirements to ../../build/input/input.egg-info/requires.txt\n'}
[12.163101] (input) StdoutLine: {'line': b'writing top-level names to ../../build/input/input.egg-info/top_level.txt\n'}
[12.163230] (input) StdoutLine: {'line': b"writing manifest file '../../build/input/input.egg-info/SOURCES.txt'\n"}
[12.166952] (unix_out) StdoutLine: {'line': b'running install_lib\n'}
[12.185622] (unix_out) StdoutLine: {'line': b'copying /home/davide-pillon/Desktop/Brain_DEII/brain/build/unix_out/build/lib/camera_to_socket.py -> /home/davide-pillon/Desktop/Brain_DEII/brain/install/unix_out/lib/python3.12/site-packages\n'}
[12.185873] (unix_out) StdoutLine: {'line': b'copying /home/davide-pillon/Desktop/Brain_DEII/brain/build/unix_out/build/lib/lidar_to_socket.py -> /home/davide-pillon/Desktop/Brain_DEII/brain/install/unix_out/lib/python3.12/site-packages\n'}
[12.186006] (unix_out) StdoutLine: {'line': b'copying /home/davide-pillon/Desktop/Brain_DEII/brain/build/unix_out/build/lib/metrics_to_socket.py -> /home/davide-pillon/Desktop/Brain_DEII/brain/install/unix_out/lib/python3.12/site-packages\n'}
[12.186325] (unix_out) StdoutLine: {'line': b'byte-compiling /home/davide-pillon/Desktop/Brain_DEII/brain/install/unix_out/lib/python3.12/site-packages/camera_to_socket.py to camera_to_socket.cpython-312.pyc\n'}
[12.187161] (unix_out) StdoutLine: {'line': b'byte-compiling /home/davide-pillon/Desktop/Brain_DEII/brain/install/unix_out/lib/python3.12/site-packages/lidar_to_socket.py to lidar_to_socket.cpython-312.pyc\n'}
[12.187833] (unix_out) StdoutLine: {'line': b'byte-compiling /home/davide-pillon/Desktop/Brain_DEII/brain/install/unix_out/lib/python3.12/site-packages/metrics_to_socket.py to metrics_to_socket.cpython-312.pyc\n'}
[12.189246] (unix_out) StdoutLine: {'line': b'running install_data\n'}
[12.189361] (unix_out) StdoutLine: {'line': b'copying resource/unix_out -> /home/davide-pillon/Desktop/Brain_DEII/brain/install/unix_out/share/ament_index/resource_index/packages\n'}
[12.189476] (unix_out) StdoutLine: {'line': b'copying package.xml -> /home/davide-pillon/Desktop/Brain_DEII/brain/install/unix_out/share/unix_out\n'}
[12.189593] (unix_out) StdoutLine: {'line': b'running install_egg_info\n'}
[12.206060] (input) StdoutLine: {'line': b"reading manifest file '../../build/input/input.egg-info/SOURCES.txt'\n"}
[12.206864] (input) StdoutLine: {'line': b"writing manifest file '../../build/input/input.egg-info/SOURCES.txt'\n"}
[12.206994] (input) StdoutLine: {'line': b'running build\n'}
[12.207062] (input) StdoutLine: {'line': b'running build_py\n'}
[12.207153] (input) StdoutLine: {'line': b'creating /home/davide-pillon/Desktop/Brain_DEII/brain/build/input/build\n'}
[12.207243] (input) StdoutLine: {'line': b'creating /home/davide-pillon/Desktop/Brain_DEII/brain/build/input/build/lib\n'}
[12.207303] (input) StdoutLine: {'line': b'creating /home/davide-pillon/Desktop/Brain_DEII/brain/build/input/build/lib/templates\n'}
[12.207359] (input) StdoutLine: {'line': b'copying src/templates/threadwithstop.py -> /home/davide-pillon/Desktop/Brain_DEII/brain/build/input/build/lib/templates\n'}
[12.207429] (input) StdoutLine: {'line': b'copying src/templates/__init__.py -> /home/davide-pillon/Desktop/Brain_DEII/brain/build/input/build/lib/templates\n'}
[12.207502] (input) StdoutLine: {'line': b'copying src/templates/workerprocess.py -> /home/davide-pillon/Desktop/Brain_DEII/brain/build/input/build/lib/templates\n'}
[12.207575] (input) StdoutLine: {'line': b'creating /home/davide-pillon/Desktop/Brain_DEII/brain/build/input/build/lib/data\n'}
[12.207650] (input) StdoutLine: {'line': b'copying src/data/__init__.py -> /home/davide-pillon/Desktop/Brain_DEII/brain/build/input/build/lib/data\n'}
[12.207720] (input) StdoutLine: {'line': b'copying src/data/trafficBridge.py -> /home/davide-pillon/Desktop/Brain_DEII/brain/build/input/build/lib/data\n'}
[12.207790] (input) StdoutLine: {'line': b'copying src/data/semaphoreBridge.py -> /home/davide-pillon/Desktop/Brain_DEII/brain/build/input/build/lib/data\n'}
[12.207906] (input) StdoutLine: {'line': b'creating /home/davide-pillon/Desktop/Brain_DEII/brain/build/input/build/lib/gpstracker\n'}
[12.207979] (input) StdoutLine: {'line': b'copying src/gpstracker/server_listener.py -> /home/davide-pillon/Desktop/Brain_DEII/brain/build/input/build/lib/gpstracker\n'}
[12.208062] (unix_out) StdoutLine: {'line': b"removing '/home/davide-pillon/Desktop/Brain_DEII/brain/install/unix_out/lib/python3.12/site-packages/unix_out-0.0.0-py3.12.egg-info' (and everything under it)\n"}
[12.208148] (input) StdoutLine: {'line': b'copying src/gpstracker/__init__.py -> /home/davide-pillon/Desktop/Brain_DEII/brain/build/input/build/lib/gpstracker\n'}
[12.208224] (input) StdoutLine: {'line': b'copying src/gpstracker/server_data.py -> /home/davide-pillon/Desktop/Brain_DEII/brain/build/input/build/lib/gpstracker\n'}
[12.208279] (unix_out) StdoutLine: {'line': b'Copying ../../build/unix_out/unix_out.egg-info to /home/davide-pillon/Desktop/Brain_DEII/brain/install/unix_out/lib/python3.12/site-packages/unix_out-0.0.0-py3.12.egg-info\n'}
[12.208350] (input) StdoutLine: {'line': b'copying src/gpstracker/util.py -> /home/davide-pillon/Desktop/Brain_DEII/brain/build/input/build/lib/gpstracker\n'}
[12.208421] (input) StdoutLine: {'line': b'copying src/gpstracker/server_subscriber.py -> /home/davide-pillon/Desktop/Brain_DEII/brain/build/input/build/lib/gpstracker\n'}
[12.208492] (input) StdoutLine: {'line': b'copying src/gpstracker/complexDealer.py -> /home/davide-pillon/Desktop/Brain_DEII/brain/build/input/build/lib/gpstracker\n'}
[12.208561] (input) StdoutLine: {'line': b'copying src/gpstracker/gpstrackerNODE.py -> /home/davide-pillon/Desktop/Brain_DEII/brain/build/input/build/lib/gpstracker\n'}
[12.208632] (input) StdoutLine: {'line': b'copying src/gpstracker/locsys.py -> /home/davide-pillon/Desktop/Brain_DEII/brain/build/input/build/lib/gpstracker\n'}
[12.208700] (input) StdoutLine: {'line': b'copying src/gpstracker/position_listener.py -> /home/davide-pillon/Desktop/Brain_DEII/brain/build/input/build/lib/gpstracker\n'}
[12.208782] (input) StdoutLine: {'line': b'creating /home/davide-pillon/Desktop/Brain_DEII/brain/build/input/build/lib/data/TrafficCommunication\n'}
[12.208873] (unix_out) StdoutLine: {'line': b'running install_scripts\n'}
[12.208928] (input) StdoutLine: {'line': b'copying src/data/TrafficCommunication/__init__.py -> /home/davide-pillon/Desktop/Brain_DEII/brain/build/input/build/lib/data/TrafficCommunication\n'}
[12.208998] (input) StdoutLine: {'line': b'copying src/data/TrafficCommunication/processTrafficCommunication.py -> /home/davide-pillon/Desktop/Brain_DEII/brain/build/input/build/lib/data/TrafficCommunication\n'}
[12.209068] (input) StdoutLine: {'line': b'creating /home/davide-pillon/Desktop/Brain_DEII/brain/build/input/build/lib/data/Semaphores\n'}
[12.209138] (input) StdoutLine: {'line': b'copying src/data/Semaphores/__init__.py -> /home/davide-pillon/Desktop/Brain_DEII/brain/build/input/build/lib/data/Semaphores\n'}
[12.209208] (input) StdoutLine: {'line': b'copying src/data/Semaphores/processSemaphores.py -> /home/davide-pillon/Desktop/Brain_DEII/brain/build/input/build/lib/data/Semaphores\n'}
[12.209286] (input) StdoutLine: {'line': b'creating /home/davide-pillon/Desktop/Brain_DEII/brain/build/input/build/lib/data/TrafficCommunication/threads\n'}
[12.209352] (input) StdoutLine: {'line': b'copying src/data/TrafficCommunication/threads/tcpClient.py -> /home/davide-pillon/Desktop/Brain_DEII/brain/build/input/build/lib/data/TrafficCommunication/threads\n'}
[12.209431] (input) StdoutLine: {'line': b'copying src/data/TrafficCommunication/threads/threadTrafficCommunication.py -> /home/davide-pillon/Desktop/Brain_DEII/brain/build/input/build/lib/data/TrafficCommunication/threads\n'}
[12.209522] (input) StdoutLine: {'line': b'copying src/data/TrafficCommunication/threads/__init__.py -> /home/davide-pillon/Desktop/Brain_DEII/brain/build/input/build/lib/data/TrafficCommunication/threads\n'}
[12.209595] (input) StdoutLine: {'line': b'copying src/data/TrafficCommunication/threads/udpListener.py -> /home/davide-pillon/Desktop/Brain_DEII/brain/build/input/build/lib/data/TrafficCommunication/threads\n'}
[12.209726] (input) StdoutLine: {'line': b'creating /home/davide-pillon/Desktop/Brain_DEII/brain/build/input/build/lib/data/TrafficCommunication/useful\n'}
[12.209798] (input) StdoutLine: {'line': b'copying src/data/TrafficCommunication/useful/__init__.py -> /home/davide-pillon/Desktop/Brain_DEII/brain/build/input/build/lib/data/TrafficCommunication/useful\n'}
[12.209870] (input) StdoutLine: {'line': b'copying src/data/TrafficCommunication/useful/keyDealer.py -> /home/davide-pillon/Desktop/Brain_DEII/brain/build/input/build/lib/data/TrafficCommunication/useful\n'}
[12.209940] (input) StdoutLine: {'line': b'copying src/data/TrafficCommunication/useful/periodicTask.py -> /home/davide-pillon/Desktop/Brain_DEII/brain/build/input/build/lib/data/TrafficCommunication/useful\n'}
[12.210014] (input) StdoutLine: {'line': b'copying src/data/TrafficCommunication/useful/sharedMem.py -> /home/davide-pillon/Desktop/Brain_DEII/brain/build/input/build/lib/data/TrafficCommunication/useful\n'}
[12.210150] (input) StdoutLine: {'line': b'creating /home/davide-pillon/Desktop/Brain_DEII/brain/build/input/build/lib/data/Semaphores/threads\n'}
[12.210209] (input) StdoutLine: {'line': b'copying src/data/Semaphores/threads/__init__.py -> /home/davide-pillon/Desktop/Brain_DEII/brain/build/input/build/lib/data/Semaphores/threads\n'}
[12.210286] (input) StdoutLine: {'line': b'copying src/data/Semaphores/threads/threadSemaphores.py -> /home/davide-pillon/Desktop/Brain_DEII/brain/build/input/build/lib/data/Semaphores/threads\n'}
[12.210356] (input) StdoutLine: {'line': b'copying src/data/Semaphores/threads/udpListener.py -> /home/davide-pillon/Desktop/Brain_DEII/brain/build/input/build/lib/data/Semaphores/threads\n'}
[12.210471] (input) StdoutLine: {'line': b'creating /home/davide-pillon/Desktop/Brain_DEII/brain/build/input/build/lib/src\n'}
[12.210531] (input) StdoutLine: {'line': b'copying src/__init__.py -> /home/davide-pillon/Desktop/Brain_DEII/brain/build/input/build/lib/src\n'}
[12.210653] (input) StdoutLine: {'line': b'creating /home/davide-pillon/Desktop/Brain_DEII/brain/build/input/build/lib/src/templates\n'}
[12.210719] (input) StdoutLine: {'line': b'copying src/templates/threadwithstop.py -> /home/davide-pillon/Desktop/Brain_DEII/brain/build/input/build/lib/src/templates\n'}
[12.210791] (input) StdoutLine: {'line': b'copying src/templates/__init__.py -> /home/davide-pillon/Desktop/Brain_DEII/brain/build/input/build/lib/src/templates\n'}
[12.210868] (input) StdoutLine: {'line': b'copying src/templates/workerprocess.py -> /home/davide-pillon/Desktop/Brain_DEII/brain/build/input/build/lib/src/templates\n'}
[12.211001] (input) StdoutLine: {'line': b'creating /home/davide-pillon/Desktop/Brain_DEII/brain/build/input/build/lib/src/data\n'}
[12.211069] (input) StdoutLine: {'line': b'copying src/data/__init__.py -> /home/davide-pillon/Desktop/Brain_DEII/brain/build/input/build/lib/src/data\n'}
[12.211136] (input) StdoutLine: {'line': b'copying src/data/trafficBridge.py -> /home/davide-pillon/Desktop/Brain_DEII/brain/build/input/build/lib/src/data\n'}
[12.211205] (input) StdoutLine: {'line': b'copying src/data/semaphoreBridge.py -> /home/davide-pillon/Desktop/Brain_DEII/brain/build/input/build/lib/src/data\n'}
[12.211359] (input) StdoutLine: {'line': b'creating /home/davide-pillon/Desktop/Brain_DEII/brain/build/input/build/lib/src/gpstracker\n'}
[12.211421] (input) StdoutLine: {'line': b'copying src/gpstracker/server_listener.py -> /home/davide-pillon/Desktop/Brain_DEII/brain/build/input/build/lib/src/gpstracker\n'}
[12.211500] (input) StdoutLine: {'line': b'copying src/gpstracker/__init__.py -> /home/davide-pillon/Desktop/Brain_DEII/brain/build/input/build/lib/src/gpstracker\n'}
[12.211566] (input) StdoutLine: {'line': b'copying src/gpstracker/server_data.py -> /home/davide-pillon/Desktop/Brain_DEII/brain/build/input/build/lib/src/gpstracker\n'}
[12.211635] (input) StdoutLine: {'line': b'copying src/gpstracker/util.py -> /home/davide-pillon/Desktop/Brain_DEII/brain/build/input/build/lib/src/gpstracker\n'}
[12.211719] (input) StdoutLine: {'line': b'copying src/gpstracker/server_subscriber.py -> /home/davide-pillon/Desktop/Brain_DEII/brain/build/input/build/lib/src/gpstracker\n'}
[12.211789] (input) StdoutLine: {'line': b'copying src/gpstracker/complexDealer.py -> /home/davide-pillon/Desktop/Brain_DEII/brain/build/input/build/lib/src/gpstracker\n'}
[12.211879] (input) StdoutLine: {'line': b'copying src/gpstracker/gpstrackerNODE.py -> /home/davide-pillon/Desktop/Brain_DEII/brain/build/input/build/lib/src/gpstracker\n'}
[12.211955] (input) StdoutLine: {'line': b'copying src/gpstracker/locsys.py -> /home/davide-pillon/Desktop/Brain_DEII/brain/build/input/build/lib/src/gpstracker\n'}
[12.212036] (input) StdoutLine: {'line': b'copying src/gpstracker/position_listener.py -> /home/davide-pillon/Desktop/Brain_DEII/brain/build/input/build/lib/src/gpstracker\n'}
[12.212143] (input) StdoutLine: {'line': b'creating /home/davide-pillon/Desktop/Brain_DEII/brain/build/input/build/lib/src/utils\n'}
[12.212208] (input) StdoutLine: {'line': b'copying src/utils/__init__.py -> /home/davide-pillon/Desktop/Brain_DEII/brain/build/input/build/lib/src/utils\n'}
[12.212317] (input) StdoutLine: {'line': b'creating /home/davide-pillon/Desktop/Brain_DEII/brain/build/input/build/lib/src/data/TrafficCommunication\n'}
[12.212386] (input) StdoutLine: {'line': b'copying src/data/TrafficCommunication/__init__.py -> /home/davide-pillon/Desktop/Brain_DEII/brain/build/input/build/lib/src/data/TrafficCommunication\n'}
[12.212451] (input) StdoutLine: {'line': b'copying src/data/TrafficCommunication/processTrafficCommunication.py -> /home/davide-pillon/Desktop/Brain_DEII/brain/build/input/build/lib/src/data/TrafficCommunication\n'}
[12.212573] (input) StdoutLine: {'line': b'creating /home/davide-pillon/Desktop/Brain_DEII/brain/build/input/build/lib/src/data/Semaphores\n'}
[12.212635] (input) StdoutLine: {'line': b'copying src/data/Semaphores/__init__.py -> /home/davide-pillon/Desktop/Brain_DEII/brain/build/input/build/lib/src/data/Semaphores\n'}
[12.212701] (input) StdoutLine: {'line': b'copying src/data/Semaphores/processSemaphores.py -> /home/davide-pillon/Desktop/Brain_DEII/brain/build/input/build/lib/src/data/Semaphores\n'}
[12.212837] (input) StdoutLine: {'line': b'creating /home/davide-pillon/Desktop/Brain_DEII/brain/build/input/build/lib/src/data/TrafficCommunication/threads\n'}
[12.212898] (input) StdoutLine: {'line': b'copying src/data/TrafficCommunication/threads/tcpClient.py -> /home/davide-pillon/Desktop/Brain_DEII/brain/build/input/build/lib/src/data/TrafficCommunication/threads\n'}
[12.212993] (input) StdoutLine: {'line': b'copying src/data/TrafficCommunication/threads/threadTrafficCommunication.py -> /home/davide-pillon/Desktop/Brain_DEII/brain/build/input/build/lib/src/data/TrafficCommunication/threads\n'}
[12.213074] (input) StdoutLine: {'line': b'copying src/data/TrafficCommunication/threads/__init__.py -> /home/davide-pillon/Desktop/Brain_DEII/brain/build/input/build/lib/src/data/TrafficCommunication/threads\n'}
[12.213154] (input) StdoutLine: {'line': b'copying src/data/TrafficCommunication/threads/udpListener.py -> /home/davide-pillon/Desktop/Brain_DEII/brain/build/input/build/lib/src/data/TrafficCommunication/threads\n'}
[12.213297] (input) StdoutLine: {'line': b'creating /home/davide-pillon/Desktop/Brain_DEII/brain/build/input/build/lib/src/data/TrafficCommunication/useful\n'}
[12.213359] (input) StdoutLine: {'line': b'copying src/data/TrafficCommunication/useful/__init__.py -> /home/davide-pillon/Desktop/Brain_DEII/brain/build/input/build/lib/src/data/TrafficCommunication/useful\n'}
[12.213424] (input) StdoutLine: {'line': b'copying src/data/TrafficCommunication/useful/keyDealer.py -> /home/davide-pillon/Desktop/Brain_DEII/brain/build/input/build/lib/src/data/TrafficCommunication/useful\n'}
[12.213506] (input) StdoutLine: {'line': b'copying src/data/TrafficCommunication/useful/periodicTask.py -> /home/davide-pillon/Desktop/Brain_DEII/brain/build/input/build/lib/src/data/TrafficCommunication/useful\n'}
[12.213580] (input) StdoutLine: {'line': b'copying src/data/TrafficCommunication/useful/sharedMem.py -> /home/davide-pillon/Desktop/Brain_DEII/brain/build/input/build/lib/src/data/TrafficCommunication/useful\n'}
[12.213714] (input) StdoutLine: {'line': b'creating /home/davide-pillon/Desktop/Brain_DEII/brain/build/input/build/lib/src/data/Semaphores/threads\n'}
[12.213803] (input) StdoutLine: {'line': b'copying src/data/Semaphores/threads/__init__.py -> /home/davide-pillon/Desktop/Brain_DEII/brain/build/input/build/lib/src/data/Semaphores/threads\n'}
[12.213896] (input) StdoutLine: {'line': b'copying src/data/Semaphores/threads/threadSemaphores.py -> /home/davide-pillon/Desktop/Brain_DEII/brain/build/input/build/lib/src/data/Semaphores/threads\n'}
[12.214011] (input) StdoutLine: {'line': b'copying src/data/Semaphores/threads/udpListener.py -> /home/davide-pillon/Desktop/Brain_DEII/brain/build/input/build/lib/src/data/Semaphores/threads\n'}
[12.214202] (input) StdoutLine: {'line': b'creating /home/davide-pillon/Desktop/Brain_DEII/brain/build/input/build/lib/src/utils/ipManager\n'}
[12.214325] (input) StdoutLine: {'line': b'copying src/utils/ipManager/IpReplacement.py -> /home/davide-pillon/Desktop/Brain_DEII/brain/build/input/build/lib/src/utils/ipManager\n'}
[12.214442] (input) StdoutLine: {'line': b'copying src/utils/ipManager/__init__.py -> /home/davide-pillon/Desktop/Brain_DEII/brain/build/input/build/lib/src/utils/ipManager\n'}
[12.214552] (input) StdoutLine: {'line': b'creating /home/davide-pillon/Desktop/Brain_DEII/brain/build/input/build/lib/src/utils/messages\n'}
[12.214663] (input) StdoutLine: {'line': b'copying src/utils/messages/__init__.py -> /home/davide-pillon/Desktop/Brain_DEII/brain/build/input/build/lib/src/utils/messages\n'}
[12.214791] (input) StdoutLine: {'line': b'copying src/utils/messages/messageHandlerSender.py -> /home/davide-pillon/Desktop/Brain_DEII/brain/build/input/build/lib/src/utils/messages\n'}
[12.214927] (input) StdoutLine: {'line': b'copying src/utils/messages/messageHandlerSubscriber.py -> /home/davide-pillon/Desktop/Brain_DEII/brain/build/input/build/lib/src/utils/messages\n'}
[12.215043] (input) StdoutLine: {'line': b'copying src/utils/messages/allMessages.py -> /home/davide-pillon/Desktop/Brain_DEII/brain/build/input/build/lib/src/utils/messages\n'}
[12.216162] (input) StdoutLine: {'line': b'running install\n'}
[12.221478] (input) StdoutLine: {'line': b'running install_lib\n'}
[12.240798] (input) StdoutLine: {'line': b'copying /home/davide-pillon/Desktop/Brain_DEII/brain/build/input/build/lib/templates/__init__.py -> /home/davide-pillon/Desktop/Brain_DEII/brain/install/input/lib/python3.12/site-packages/templates\n'}
[12.240962] (input) StdoutLine: {'line': b'copying /home/davide-pillon/Desktop/Brain_DEII/brain/build/input/build/lib/data/__init__.py -> /home/davide-pillon/Desktop/Brain_DEII/brain/install/input/lib/python3.12/site-packages/data\n'}
[12.241223] (input) StdoutLine: {'line': b'copying /home/davide-pillon/Desktop/Brain_DEII/brain/build/input/build/lib/data/trafficBridge.py -> /home/davide-pillon/Desktop/Brain_DEII/brain/install/input/lib/python3.12/site-packages/data\n'}
[12.241492] (input) StdoutLine: {'line': b'copying /home/davide-pillon/Desktop/Brain_DEII/brain/build/input/build/lib/data/semaphoreBridge.py -> /home/davide-pillon/Desktop/Brain_DEII/brain/install/input/lib/python3.12/site-packages/data\n'}
[12.241609] (input) StdoutLine: {'line': b'copying /home/davide-pillon/Desktop/Brain_DEII/brain/build/input/build/lib/data/TrafficCommunication/__init__.py -> /home/davide-pillon/Desktop/Brain_DEII/brain/install/input/lib/python3.12/site-packages/data/TrafficCommunication\n'}
[12.241690] (input) StdoutLine: {'line': b'copying /home/davide-pillon/Desktop/Brain_DEII/brain/build/input/build/lib/data/TrafficCommunication/processTrafficCommunication.py -> /home/davide-pillon/Desktop/Brain_DEII/brain/install/input/lib/python3.12/site-packages/data/TrafficCommunication\n'}
[12.241761] (input) StdoutLine: {'line': b'copying /home/davide-pillon/Desktop/Brain_DEII/brain/build/input/build/lib/data/TrafficCommunication/threads/tcpClient.py -> /home/davide-pillon/Desktop/Brain_DEII/brain/install/input/lib/python3.12/site-packages/data/TrafficCommunication/threads\n'}
[12.241867] (input) StdoutLine: {'line': b'copying /home/davide-pillon/Desktop/Brain_DEII/brain/build/input/build/lib/data/TrafficCommunication/threads/threadTrafficCommunication.py -> /home/davide-pillon/Desktop/Brain_DEII/brain/install/input/lib/python3.12/site-packages/data/TrafficCommunication/threads\n'}
[12.241962] (input) StdoutLine: {'line': b'copying /home/davide-pillon/Desktop/Brain_DEII/brain/build/input/build/lib/data/TrafficCommunication/threads/__init__.py -> /home/davide-pillon/Desktop/Brain_DEII/brain/install/input/lib/python3.12/site-packages/data/TrafficCommunication/threads\n'}
[12.242030] (input) StdoutLine: {'line': b'copying /home/davide-pillon/Desktop/Brain_DEII/brain/build/input/build/lib/data/TrafficCommunication/threads/udpListener.py -> /home/davide-pillon/Desktop/Brain_DEII/brain/install/input/lib/python3.12/site-packages/data/TrafficCommunication/threads\n'}
[12.242159] (input) StdoutLine: {'line': b'copying /home/davide-pillon/Desktop/Brain_DEII/brain/build/input/build/lib/data/TrafficCommunication/useful/__init__.py -> /home/davide-pillon/Desktop/Brain_DEII/brain/install/input/lib/python3.12/site-packages/data/TrafficCommunication/useful\n'}
[12.242234] (input) StdoutLine: {'line': b'copying /home/davide-pillon/Desktop/Brain_DEII/brain/build/input/build/lib/data/TrafficCommunication/useful/keyDealer.py -> /home/davide-pillon/Desktop/Brain_DEII/brain/install/input/lib/python3.12/site-packages/data/TrafficCommunication/useful\n'}
[12.242347] (input) StdoutLine: {'line': b'copying /home/davide-pillon/Desktop/Brain_DEII/brain/build/input/build/lib/data/TrafficCommunication/useful/periodicTask.py -> /home/davide-pillon/Desktop/Brain_DEII/brain/install/input/lib/python3.12/site-packages/data/TrafficCommunication/useful\n'}
[12.242440] (input) StdoutLine: {'line': b'copying /home/davide-pillon/Desktop/Brain_DEII/brain/build/input/build/lib/data/TrafficCommunication/useful/sharedMem.py -> /home/davide-pillon/Desktop/Brain_DEII/brain/install/input/lib/python3.12/site-packages/data/TrafficCommunication/useful\n'}
[12.242563] (input) StdoutLine: {'line': b'copying /home/davide-pillon/Desktop/Brain_DEII/brain/build/input/build/lib/data/Semaphores/__init__.py -> /home/davide-pillon/Desktop/Brain_DEII/brain/install/input/lib/python3.12/site-packages/data/Semaphores\n'}
[12.242668] (input) StdoutLine: {'line': b'copying /home/davide-pillon/Desktop/Brain_DEII/brain/build/input/build/lib/data/Semaphores/threads/__init__.py -> /home/davide-pillon/Desktop/Brain_DEII/brain/install/input/lib/python3.12/site-packages/data/Semaphores/threads\n'}
[12.242773] (input) StdoutLine: {'line': b'copying /home/davide-pillon/Desktop/Brain_DEII/brain/build/input/build/lib/data/Semaphores/threads/threadSemaphores.py -> /home/davide-pillon/Desktop/Brain_DEII/brain/install/input/lib/python3.12/site-packages/data/Semaphores/threads\n'}
[12.242888] (input) StdoutLine: {'line': b'copying /home/davide-pillon/Desktop/Brain_DEII/brain/build/input/build/lib/data/Semaphores/threads/udpListener.py -> /home/davide-pillon/Desktop/Brain_DEII/brain/install/input/lib/python3.12/site-packages/data/Semaphores/threads\n'}
[12.242994] (input) StdoutLine: {'line': b'copying /home/davide-pillon/Desktop/Brain_DEII/brain/build/input/build/lib/data/Semaphores/processSemaphores.py -> /home/davide-pillon/Desktop/Brain_DEII/brain/install/input/lib/python3.12/site-packages/data/Semaphores\n'}
[12.243240] (input) StdoutLine: {'line': b'copying /home/davide-pillon/Desktop/Brain_DEII/brain/build/input/build/lib/gpstracker/gpstrackerNODE.py -> /home/davide-pillon/Desktop/Brain_DEII/brain/install/input/lib/python3.12/site-packages/gpstracker\n'}
[12.243435] (input) StdoutLine: {'line': b'copying /home/davide-pillon/Desktop/Brain_DEII/brain/build/input/build/lib/src/templates/__init__.py -> /home/davide-pillon/Desktop/Brain_DEII/brain/install/input/lib/python3.12/site-packages/src/templates\n'}
[12.243570] (input) StdoutLine: {'line': b'copying /home/davide-pillon/Desktop/Brain_DEII/brain/build/input/build/lib/src/data/__init__.py -> /home/davide-pillon/Desktop/Brain_DEII/brain/install/input/lib/python3.12/site-packages/src/data\n'}
[12.243645] (input) StdoutLine: {'line': b'copying /home/davide-pillon/Desktop/Brain_DEII/brain/build/input/build/lib/src/data/trafficBridge.py -> /home/davide-pillon/Desktop/Brain_DEII/brain/install/input/lib/python3.12/site-packages/src/data\n'}
[12.243733] (input) StdoutLine: {'line': b'copying /home/davide-pillon/Desktop/Brain_DEII/brain/build/input/build/lib/src/data/semaphoreBridge.py -> /home/davide-pillon/Desktop/Brain_DEII/brain/install/input/lib/python3.12/site-packages/src/data\n'}
[12.243874] (input) StdoutLine: {'line': b'copying /home/davide-pillon/Desktop/Brain_DEII/brain/build/input/build/lib/src/data/TrafficCommunication/__init__.py -> /home/davide-pillon/Desktop/Brain_DEII/brain/install/input/lib/python3.12/site-packages/src/data/TrafficCommunication\n'}
[12.243966] (input) StdoutLine: {'line': b'copying /home/davide-pillon/Desktop/Brain_DEII/brain/build/input/build/lib/src/data/TrafficCommunication/processTrafficCommunication.py -> /home/davide-pillon/Desktop/Brain_DEII/brain/install/input/lib/python3.12/site-packages/src/data/TrafficCommunication\n'}
[12.244072] (input) StdoutLine: {'line': b'copying /home/davide-pillon/Desktop/Brain_DEII/brain/build/input/build/lib/src/data/TrafficCommunication/threads/tcpClient.py -> /home/davide-pillon/Desktop/Brain_DEII/brain/install/input/lib/python3.12/site-packages/src/data/TrafficCommunication/threads\n'}
[12.244128] (-) TimerEvent: {}
[12.244207] (input) StdoutLine: {'line': b'copying /home/davide-pillon/Desktop/Brain_DEII/brain/build/input/build/lib/src/data/TrafficCommunication/threads/threadTrafficCommunication.py -> /home/davide-pillon/Desktop/Brain_DEII/brain/install/input/lib/python3.12/site-packages/src/data/TrafficCommunication/threads\n'}
[12.244303] (input) StdoutLine: {'line': b'copying /home/davide-pillon/Desktop/Brain_DEII/brain/build/input/build/lib/src/data/TrafficCommunication/threads/__init__.py -> /home/davide-pillon/Desktop/Brain_DEII/brain/install/input/lib/python3.12/site-packages/src/data/TrafficCommunication/threads\n'}
[12.244403] (input) StdoutLine: {'line': b'copying /home/davide-pillon/Desktop/Brain_DEII/brain/build/input/build/lib/src/data/TrafficCommunication/threads/udpListener.py -> /home/davide-pillon/Desktop/Brain_DEII/brain/install/input/lib/python3.12/site-packages/src/data/TrafficCommunication/threads\n'}
[12.244600] (input) StdoutLine: {'line': b'copying /home/davide-pillon/Desktop/Brain_DEII/brain/build/input/build/lib/src/data/TrafficCommunication/useful/__init__.py -> /home/davide-pillon/Desktop/Brain_DEII/brain/install/input/lib/python3.12/site-packages/src/data/TrafficCommunication/useful\n'}
[12.244711] (input) StdoutLine: {'line': b'copying /home/davide-pillon/Desktop/Brain_DEII/brain/build/input/build/lib/src/data/TrafficCommunication/useful/keyDealer.py -> /home/davide-pillon/Desktop/Brain_DEII/brain/install/input/lib/python3.12/site-packages/src/data/TrafficCommunication/useful\n'}
[12.244890] (input) StdoutLine: {'line': b'copying /home/davide-pillon/Desktop/Brain_DEII/brain/build/input/build/lib/src/data/TrafficCommunication/useful/periodicTask.py -> /home/davide-pillon/Desktop/Brain_DEII/brain/install/input/lib/python3.12/site-packages/src/data/TrafficCommunication/useful\n'}
[12.245029] (input) StdoutLine: {'line': b'copying /home/davide-pillon/Desktop/Brain_DEII/brain/build/input/build/lib/src/data/TrafficCommunication/useful/sharedMem.py -> /home/davide-pillon/Desktop/Brain_DEII/brain/install/input/lib/python3.12/site-packages/src/data/TrafficCommunication/useful\n'}
[12.245203] (input) StdoutLine: {'line': b'copying /home/davide-pillon/Desktop/Brain_DEII/brain/build/input/build/lib/src/data/Semaphores/__init__.py -> /home/davide-pillon/Desktop/Brain_DEII/brain/install/input/lib/python3.12/site-packages/src/data/Semaphores\n'}
[12.245331] (input) StdoutLine: {'line': b'copying /home/davide-pillon/Desktop/Brain_DEII/brain/build/input/build/lib/src/data/Semaphores/threads/__init__.py -> /home/davide-pillon/Desktop/Brain_DEII/brain/install/input/lib/python3.12/site-packages/src/data/Semaphores/threads\n'}
[12.245428] (input) StdoutLine: {'line': b'copying /home/davide-pillon/Desktop/Brain_DEII/brain/build/input/build/lib/src/data/Semaphores/threads/threadSemaphores.py -> /home/davide-pillon/Desktop/Brain_DEII/brain/install/input/lib/python3.12/site-packages/src/data/Semaphores/threads\n'}
[12.245523] (input) StdoutLine: {'line': b'copying /home/davide-pillon/Desktop/Brain_DEII/brain/build/input/build/lib/src/data/Semaphores/threads/udpListener.py -> /home/davide-pillon/Desktop/Brain_DEII/brain/install/input/lib/python3.12/site-packages/src/data/Semaphores/threads\n'}
[12.245602] (input) StdoutLine: {'line': b'copying /home/davide-pillon/Desktop/Brain_DEII/brain/build/input/build/lib/src/data/Semaphores/processSemaphores.py -> /home/davide-pillon/Desktop/Brain_DEII/brain/install/input/lib/python3.12/site-packages/src/data/Semaphores\n'}
[12.245676] (input) StdoutLine: {'line': b'copying /home/davide-pillon/Desktop/Brain_DEII/brain/build/input/build/lib/src/__init__.py -> /home/davide-pillon/Desktop/Brain_DEII/brain/install/input/lib/python3.12/site-packages/src\n'}
[12.245891] (input) StdoutLine: {'line': b'copying /home/davide-pillon/Desktop/Brain_DEII/brain/build/input/build/lib/src/gpstracker/gpstrackerNODE.py -> /home/davide-pillon/Desktop/Brain_DEII/brain/install/input/lib/python3.12/site-packages/src/gpstracker\n'}
[12.246099] (input) StdoutLine: {'line': b'copying /home/davide-pillon/Desktop/Brain_DEII/brain/build/input/build/lib/src/utils/ipManager/__init__.py -> /home/davide-pillon/Desktop/Brain_DEII/brain/install/input/lib/python3.12/site-packages/src/utils/ipManager\n'}
[12.246179] (input) StdoutLine: {'line': b'copying /home/davide-pillon/Desktop/Brain_DEII/brain/build/input/build/lib/src/utils/__init__.py -> /home/davide-pillon/Desktop/Brain_DEII/brain/install/input/lib/python3.12/site-packages/src/utils\n'}
[12.246272] (input) StdoutLine: {'line': b'copying /home/davide-pillon/Desktop/Brain_DEII/brain/build/input/build/lib/src/utils/messages/__init__.py -> /home/davide-pillon/Desktop/Brain_DEII/brain/install/input/lib/python3.12/site-packages/src/utils/messages\n'}
[12.246898] (input) StdoutLine: {'line': b'byte-compiling /home/davide-pillon/Desktop/Brain_DEII/brain/install/input/lib/python3.12/site-packages/templates/threadwithstop.py to threadwithstop.cpython-312.pyc\n'}
[12.247452] (input) StdoutLine: {'line': b'byte-compiling /home/davide-pillon/Desktop/Brain_DEII/brain/install/input/lib/python3.12/site-packages/templates/__init__.py to __init__.cpython-312.pyc\n'}
[12.247586] (input) StdoutLine: {'line': b'byte-compiling /home/davide-pillon/Desktop/Brain_DEII/brain/install/input/lib/python3.12/site-packages/templates/workerprocess.py to workerprocess.cpython-312.pyc\n'}
[12.248137] (input) StdoutLine: {'line': b'byte-compiling /home/davide-pillon/Desktop/Brain_DEII/brain/install/input/lib/python3.12/site-packages/data/__init__.py to __init__.cpython-312.pyc\n'}
[12.248462] (input) StdoutLine: {'line': b'byte-compiling /home/davide-pillon/Desktop/Brain_DEII/brain/install/input/lib/python3.12/site-packages/data/trafficBridge.py to trafficBridge.cpython-312.pyc\n'}
[12.249566] (input) StdoutLine: {'line': b'byte-compiling /home/davide-pillon/Desktop/Brain_DEII/brain/install/input/lib/python3.12/site-packages/data/semaphoreBridge.py to semaphoreBridge.cpython-312.pyc\n'}
[12.250557] (input) StdoutLine: {'line': b'byte-compiling /home/davide-pillon/Desktop/Brain_DEII/brain/install/input/lib/python3.12/site-packages/data/TrafficCommunication/__init__.py to __init__.cpython-312.pyc\n'}
[12.250751] (input) StdoutLine: {'line': b'byte-compiling /home/davide-pillon/Desktop/Brain_DEII/brain/install/input/lib/python3.12/site-packages/data/TrafficCommunication/processTrafficCommunication.py to processTrafficCommunication.cpython-312.pyc\n'}
[12.251343] (input) StdoutLine: {'line': b'byte-compiling /home/davide-pillon/Desktop/Brain_DEII/brain/install/input/lib/python3.12/site-packages/data/TrafficCommunication/threads/tcpClient.py to tcpClient.cpython-312.pyc\n'}
[12.252144] (input) StdoutLine: {'line': b'byte-compiling /home/davide-pillon/Desktop/Brain_DEII/brain/install/input/lib/python3.12/site-packages/data/TrafficCommunication/threads/threadTrafficCommunication.py to threadTrafficCommunication.cpython-312.pyc\n'}
[12.252587] (input) StdoutLine: {'line': b'byte-compiling /home/davide-pillon/Desktop/Brain_DEII/brain/install/input/lib/python3.12/site-packages/data/TrafficCommunication/threads/__init__.py to __init__.cpython-312.pyc\n'}
[12.252768] (input) StdoutLine: {'line': b'byte-compiling /home/davide-pillon/Desktop/Brain_DEII/brain/install/input/lib/python3.12/site-packages/data/TrafficCommunication/threads/udpListener.py to udpListener.cpython-312.pyc\n'}
[12.253228] (input) StdoutLine: {'line': b'byte-compiling /home/davide-pillon/Desktop/Brain_DEII/brain/install/input/lib/python3.12/site-packages/data/TrafficCommunication/useful/__init__.py to __init__.cpython-312.pyc\n'}
[12.253385] (input) StdoutLine: {'line': b'byte-compiling /home/davide-pillon/Desktop/Brain_DEII/brain/install/input/lib/python3.12/site-packages/data/TrafficCommunication/useful/keyDealer.py to keyDealer.cpython-312.pyc\n'}
[12.254016] (input) StdoutLine: {'line': b'byte-compiling /home/davide-pillon/Desktop/Brain_DEII/brain/install/input/lib/python3.12/site-packages/data/TrafficCommunication/useful/periodicTask.py to periodicTask.cpython-312.pyc\n'}
[12.254368] (input) StdoutLine: {'line': b'byte-compiling /home/davide-pillon/Desktop/Brain_DEII/brain/install/input/lib/python3.12/site-packages/data/TrafficCommunication/useful/sharedMem.py to sharedMem.cpython-312.pyc\n'}
[12.255029] (input) StdoutLine: {'line': b'byte-compiling /home/davide-pillon/Desktop/Brain_DEII/brain/install/input/lib/python3.12/site-packages/data/Semaphores/__init__.py to __init__.cpython-312.pyc\n'}
[12.255224] (input) StdoutLine: {'line': b'byte-compiling /home/davide-pillon/Desktop/Brain_DEII/brain/install/input/lib/python3.12/site-packages/data/Semaphores/threads/__init__.py to __init__.cpython-312.pyc\n'}
[12.255357] (input) StdoutLine: {'line': b'byte-compiling /home/davide-pillon/Desktop/Brain_DEII/brain/install/input/lib/python3.12/site-packages/data/Semaphores/threads/threadSemaphores.py to threadSemaphores.cpython-312.pyc\n'}
[12.255756] (input) StdoutLine: {'line': b'byte-compiling /home/davide-pillon/Desktop/Brain_DEII/brain/install/input/lib/python3.12/site-packages/data/Semaphores/threads/udpListener.py to udpListener.cpython-312.pyc\n'}
[12.256282] (input) StdoutLine: {'line': b'byte-compiling /home/davide-pillon/Desktop/Brain_DEII/brain/install/input/lib/python3.12/site-packages/data/Semaphores/processSemaphores.py to processSemaphores.cpython-312.pyc\n'}
[12.256692] (input) StdoutLine: {'line': b'byte-compiling /home/davide-pillon/Desktop/Brain_DEII/brain/install/input/lib/python3.12/site-packages/gpstracker/server_listener.py to server_listener.cpython-312.pyc\n'}
[12.257411] (input) StdoutLine: {'line': b'byte-compiling /home/davide-pillon/Desktop/Brain_DEII/brain/install/input/lib/python3.12/site-packages/gpstracker/__init__.py to __init__.cpython-312.pyc\n'}
[12.257557] (input) StdoutLine: {'line': b'byte-compiling /home/davide-pillon/Desktop/Brain_DEII/brain/install/input/lib/python3.12/site-packages/gpstracker/server_data.py to server_data.cpython-312.pyc\n'}
[12.257841] (input) StdoutLine: {'line': b'byte-compiling /home/davide-pillon/Desktop/Brain_DEII/brain/install/input/lib/python3.12/site-packages/gpstracker/util.py to util.cpython-312.pyc\n'}
[12.258591] (input) StdoutLine: {'line': b'byte-compiling /home/davide-pillon/Desktop/Brain_DEII/brain/install/input/lib/python3.12/site-packages/gpstracker/server_subscriber.py to server_subscriber.cpython-312.pyc\n'}
[12.259102] (input) StdoutLine: {'line': b'byte-compiling /home/davide-pillon/Desktop/Brain_DEII/brain/install/input/lib/python3.12/site-packages/gpstracker/complexDealer.py to complexDealer.cpython-312.pyc\n'}
[12.259431] (input) StdoutLine: {'line': b'byte-compiling /home/davide-pillon/Desktop/Brain_DEII/brain/install/input/lib/python3.12/site-packages/gpstracker/gpstrackerNODE.py to gpstrackerNODE.cpython-312.pyc\n'}
[12.260017] (input) StdoutLine: {'line': b'byte-compiling /home/davide-pillon/Desktop/Brain_DEII/brain/install/input/lib/python3.12/site-packages/gpstracker/locsys.py to locsys.cpython-312.pyc\n'}
[12.260502] (input) StdoutLine: {'line': b'byte-compiling /home/davide-pillon/Desktop/Brain_DEII/brain/install/input/lib/python3.12/site-packages/gpstracker/position_listener.py to position_listener.cpython-312.pyc\n'}
[12.260963] (input) StdoutLine: {'line': b'byte-compiling /home/davide-pillon/Desktop/Brain_DEII/brain/install/input/lib/python3.12/site-packages/src/templates/threadwithstop.py to threadwithstop.cpython-312.pyc\n'}
[12.261353] (input) StdoutLine: {'line': b'byte-compiling /home/davide-pillon/Desktop/Brain_DEII/brain/install/input/lib/python3.12/site-packages/src/templates/__init__.py to __init__.cpython-312.pyc\n'}
[12.261487] (input) StdoutLine: {'line': b'byte-compiling /home/davide-pillon/Desktop/Brain_DEII/brain/install/input/lib/python3.12/site-packages/src/templates/workerprocess.py to workerprocess.cpython-312.pyc\n'}
[12.262034] (input) StdoutLine: {'line': b'byte-compiling /home/davide-pillon/Desktop/Brain_DEII/brain/install/input/lib/python3.12/site-packages/src/data/__init__.py to __init__.cpython-312.pyc\n'}
[12.262190] (input) StdoutLine: {'line': b'byte-compiling /home/davide-pillon/Desktop/Brain_DEII/brain/install/input/lib/python3.12/site-packages/src/data/trafficBridge.py to trafficBridge.cpython-312.pyc\n'}
[12.263195] (input) StdoutLine: {'line': b'byte-compiling /home/davide-pillon/Desktop/Brain_DEII/brain/install/input/lib/python3.12/site-packages/src/data/semaphoreBridge.py to semaphoreBridge.cpython-312.pyc\n'}
[12.264203] (input) StdoutLine: {'line': b'byte-compiling /home/davide-pillon/Desktop/Brain_DEII/brain/install/input/lib/python3.12/site-packages/src/data/TrafficCommunication/__init__.py to __init__.cpython-312.pyc\n'}
[12.264365] (input) StdoutLine: {'line': b'byte-compiling /home/davide-pillon/Desktop/Brain_DEII/brain/install/input/lib/python3.12/site-packages/src/data/TrafficCommunication/processTrafficCommunication.py to processTrafficCommunication.cpython-312.pyc\n'}
[12.265043] (input) StdoutLine: {'line': b'byte-compiling /home/davide-pillon/Desktop/Brain_DEII/brain/install/input/lib/python3.12/site-packages/src/data/TrafficCommunication/threads/tcpClient.py to tcpClient.cpython-312.pyc\n'}
[12.265837] (input) StdoutLine: {'line': b'byte-compiling /home/davide-pillon/Desktop/Brain_DEII/brain/install/input/lib/python3.12/site-packages/src/data/TrafficCommunication/threads/threadTrafficCommunication.py to threadTrafficCommunication.cpython-312.pyc\n'}
[12.266325] (input) StdoutLine: {'line': b'byte-compiling /home/davide-pillon/Desktop/Brain_DEII/brain/install/input/lib/python3.12/site-packages/src/data/TrafficCommunication/threads/__init__.py to __init__.cpython-312.pyc\n'}
[12.266463] (input) StdoutLine: {'line': b'byte-compiling /home/davide-pillon/Desktop/Brain_DEII/brain/install/input/lib/python3.12/site-packages/src/data/TrafficCommunication/threads/udpListener.py to udpListener.cpython-312.pyc\n'}
[12.266848] (input) StdoutLine: {'line': b'byte-compiling /home/davide-pillon/Desktop/Brain_DEII/brain/install/input/lib/python3.12/site-packages/src/data/TrafficCommunication/useful/__init__.py to __init__.cpython-312.pyc\n'}
[12.267021] (input) StdoutLine: {'line': b'byte-compiling /home/davide-pillon/Desktop/Brain_DEII/brain/install/input/lib/python3.12/site-packages/src/data/TrafficCommunication/useful/keyDealer.py to keyDealer.cpython-312.pyc\n'}
[12.267651] (input) StdoutLine: {'line': b'byte-compiling /home/davide-pillon/Desktop/Brain_DEII/brain/install/input/lib/python3.12/site-packages/src/data/TrafficCommunication/useful/periodicTask.py to periodicTask.cpython-312.pyc\n'}
[12.267992] (input) StdoutLine: {'line': b'byte-compiling /home/davide-pillon/Desktop/Brain_DEII/brain/install/input/lib/python3.12/site-packages/src/data/TrafficCommunication/useful/sharedMem.py to sharedMem.cpython-312.pyc\n'}
[12.268602] (input) StdoutLine: {'line': b'byte-compiling /home/davide-pillon/Desktop/Brain_DEII/brain/install/input/lib/python3.12/site-packages/src/data/Semaphores/__init__.py to __init__.cpython-312.pyc\n'}
[12.268787] (input) StdoutLine: {'line': b'byte-compiling /home/davide-pillon/Desktop/Brain_DEII/brain/install/input/lib/python3.12/site-packages/src/data/Semaphores/threads/__init__.py to __init__.cpython-312.pyc\n'}
[12.268970] (input) StdoutLine: {'line': b'byte-compiling /home/davide-pillon/Desktop/Brain_DEII/brain/install/input/lib/python3.12/site-packages/src/data/Semaphores/threads/threadSemaphores.py to threadSemaphores.cpython-312.pyc\n'}
[12.269353] (input) StdoutLine: {'line': b'byte-compiling /home/davide-pillon/Desktop/Brain_DEII/brain/install/input/lib/python3.12/site-packages/src/data/Semaphores/threads/udpListener.py to udpListener.cpython-312.pyc\n'}
[12.269855] (input) StdoutLine: {'line': b'byte-compiling /home/davide-pillon/Desktop/Brain_DEII/brain/install/input/lib/python3.12/site-packages/src/data/Semaphores/processSemaphores.py to processSemaphores.cpython-312.pyc\n'}
[12.270233] (input) StdoutLine: {'line': b'byte-compiling /home/davide-pillon/Desktop/Brain_DEII/brain/install/input/lib/python3.12/site-packages/src/__init__.py to __init__.cpython-312.pyc\n'}
[12.270394] (input) StdoutLine: {'line': b'byte-compiling /home/davide-pillon/Desktop/Brain_DEII/brain/install/input/lib/python3.12/site-packages/src/gpstracker/server_listener.py to server_listener.cpython-312.pyc\n'}
[12.270914] (input) StdoutLine: {'line': b'byte-compiling /home/davide-pillon/Desktop/Brain_DEII/brain/install/input/lib/python3.12/site-packages/src/gpstracker/__init__.py to __init__.cpython-312.pyc\n'}
[12.271077] (input) StdoutLine: {'line': b'byte-compiling /home/davide-pillon/Desktop/Brain_DEII/brain/install/input/lib/python3.12/site-packages/src/gpstracker/server_data.py to server_data.cpython-312.pyc\n'}
[12.271430] (input) StdoutLine: {'line': b'byte-compiling /home/davide-pillon/Desktop/Brain_DEII/brain/install/input/lib/python3.12/site-packages/src/gpstracker/util.py to util.cpython-312.pyc\n'}
[12.272038] (input) StdoutLine: {'line': b'byte-compiling /home/davide-pillon/Desktop/Brain_DEII/brain/install/input/lib/python3.12/site-packages/src/gpstracker/server_subscriber.py to server_subscriber.cpython-312.pyc\n'}
[12.272571] (input) StdoutLine: {'line': b'byte-compiling /home/davide-pillon/Desktop/Brain_DEII/brain/install/input/lib/python3.12/site-packages/src/gpstracker/complexDealer.py to complexDealer.cpython-312.pyc\n'}
[12.272930] (input) StdoutLine: {'line': b'byte-compiling /home/davide-pillon/Desktop/Brain_DEII/brain/install/input/lib/python3.12/site-packages/src/gpstracker/gpstrackerNODE.py to gpstrackerNODE.cpython-312.pyc\n'}
[12.273529] (input) StdoutLine: {'line': b'byte-compiling /home/davide-pillon/Desktop/Brain_DEII/brain/install/input/lib/python3.12/site-packages/src/gpstracker/locsys.py to locsys.cpython-312.pyc\n'}
[12.274027] (input) StdoutLine: {'line': b'byte-compiling /home/davide-pillon/Desktop/Brain_DEII/brain/install/input/lib/python3.12/site-packages/src/gpstracker/position_listener.py to position_listener.cpython-312.pyc\n'}
[12.274501] (input) StdoutLine: {'line': b'byte-compiling /home/davide-pillon/Desktop/Brain_DEII/brain/install/input/lib/python3.12/site-packages/src/utils/ipManager/IpReplacement.py to IpReplacement.cpython-312.pyc\n'}
[12.275169] (input) StdoutLine: {'line': b'byte-compiling /home/davide-pillon/Desktop/Brain_DEII/brain/install/input/lib/python3.12/site-packages/src/utils/ipManager/__init__.py to __init__.cpython-312.pyc\n'}
[12.275312] (input) StdoutLine: {'line': b'byte-compiling /home/davide-pillon/Desktop/Brain_DEII/brain/install/input/lib/python3.12/site-packages/src/utils/__init__.py to __init__.cpython-312.pyc\n'}
[12.275462] (input) StdoutLine: {'line': b'byte-compiling /home/davide-pillon/Desktop/Brain_DEII/brain/install/input/lib/python3.12/site-packages/src/utils/messages/__init__.py to __init__.cpython-312.pyc\n'}
[12.275631] (input) StdoutLine: {'line': b'byte-compiling /home/davide-pillon/Desktop/Brain_DEII/brain/install/input/lib/python3.12/site-packages/src/utils/messages/messageHandlerSender.py to messageHandlerSender.cpython-312.pyc\n'}
[12.275948] (input) StdoutLine: {'line': b'byte-compiling /home/davide-pillon/Desktop/Brain_DEII/brain/install/input/lib/python3.12/site-packages/src/utils/messages/messageHandlerSubscriber.py to messageHandlerSubscriber.cpython-312.pyc\n'}
[12.276649] (input) StdoutLine: {'line': b'byte-compiling /home/davide-pillon/Desktop/Brain_DEII/brain/install/input/lib/python3.12/site-packages/src/utils/messages/allMessages.py to allMessages.cpython-312.pyc\n'}
[12.277590] (input) StdoutLine: {'line': b'running install_data\n'}
[12.277726] (input) StdoutLine: {'line': b'copying resource/input -> /home/davide-pillon/Desktop/Brain_DEII/brain/install/input/share/ament_index/resource_index/packages\n'}
[12.277854] (input) StdoutLine: {'line': b'copying package.xml -> /home/davide-pillon/Desktop/Brain_DEII/brain/install/input/share/input\n'}
[12.277985] (input) StdoutLine: {'line': b'running install_egg_info\n'}
[12.297082] (input) StdoutLine: {'line': b"removing '/home/davide-pillon/Desktop/Brain_DEII/brain/install/input/lib/python3.12/site-packages/input-0.0.0-py3.12.egg-info' (and everything under it)\n"}
[12.297332] (input) StdoutLine: {'line': b'Copying ../../build/input/input.egg-info to /home/davide-pillon/Desktop/Brain_DEII/brain/install/input/lib/python3.12/site-packages/input-0.0.0-py3.12.egg-info\n'}
[12.297898] (input) StdoutLine: {'line': b'running install_scripts\n'}
[12.337073] (unix_out) StdoutLine: {'line': b'Installing camera_to_socket script to /home/davide-pillon/Desktop/Brain_DEII/brain/install/unix_out/lib/unix_out\n'}
[12.337249] (unix_out) StdoutLine: {'line': b'Installing lidar_to_socket script to /home/davide-pillon/Desktop/Brain_DEII/brain/install/unix_out/lib/unix_out\n'}
[12.337343] (unix_out) StdoutLine: {'line': b'Installing metrics_to_socket script to /home/davide-pillon/Desktop/Brain_DEII/brain/install/unix_out/lib/unix_out\n'}
[12.337593] (unix_out) StdoutLine: {'line': b"writing list of installed files to '/home/davide-pillon/Desktop/Brain_DEII/brain/build/unix_out/install.log'\n"}
[12.344282] (-) TimerEvent: {}
[12.372346] (unix_out) CommandEnded: {'returncode': 0}
[12.377206] (unix_out) JobEnded: {'identifier': 'unix_out', 'rc': 0}
[12.420315] (input) StdoutLine: {'line': b'Installing gpstrackerNODE script to /home/davide-pillon/Desktop/Brain_DEII/brain/install/input/lib/input\n'}
[12.420497] (input) StdoutLine: {'line': b'Installing imuNODE script to /home/davide-pillon/Desktop/Brain_DEII/brain/install/input/lib/input\n'}
[12.420557] (input) StdoutLine: {'line': b'Installing semaphoreBridgeNODE script to /home/davide-pillon/Desktop/Brain_DEII/brain/install/input/lib/input\n'}
[12.420640] (input) StdoutLine: {'line': b'Installing semaphoreNODE script to /home/davide-pillon/Desktop/Brain_DEII/brain/install/input/lib/input\n'}
[12.420716] (input) StdoutLine: {'line': b'Installing sonarNODE script to /home/davide-pillon/Desktop/Brain_DEII/brain/install/input/lib/input\n'}
[12.420789] (input) StdoutLine: {'line': b'Installing trafficBridgeNODE script to /home/davide-pillon/Desktop/Brain_DEII/brain/install/input/lib/input\n'}
[12.422204] (input) StdoutLine: {'line': b"writing list of installed files to '/home/davide-pillon/Desktop/Brain_DEII/brain/build/input/install.log'\n"}
[12.444476] (-) TimerEvent: {}
[12.445943] (input) CommandEnded: {'returncode': 0}
[12.451327] (input) JobEnded: {'identifier': 'input', 'rc': 0}
[12.452026] (-) EventReactorShutdown: {}
