[0.000000] (-) TimerEvent: {}
[0.000616] (smart) JobQueued: {'identifier': 'smart', 'dependencies': OrderedDict()}
[0.000717] (utils) JobQueued: {'identifier': 'utils', 'dependencies': OrderedDict()}
[0.000775] (input) JobQueued: {'identifier': 'input', 'dependencies': OrderedDict({'utils': '/uros_ws/Brain_DEI/brain/install/utils'})}
[0.000831] (unix_out) JobQueued: {'identifier': 'unix_out', 'dependencies': OrderedDict({'utils': '/uros_ws/Brain_DEI/brain/install/utils'})}
[0.001384] (utils) JobStarted: {'identifier': 'utils'}
[0.015478] (smart) JobStarted: {'identifier': 'smart'}
[0.032845] (utils) JobProgress: {'identifier': 'utils', 'progress': 'cmake'}
[0.037137] (utils) JobProgress: {'identifier': 'utils', 'progress': 'build'}
[0.038727] (utils) Command: {'cmd': ['/usr/bin/cmake', '--build', '/uros_ws/Brain_DEI/brain/build/utils', '--', '-j6', '-l6'], 'cwd': '/uros_ws/Brain_DEI/brain/build/utils', 'env': OrderedDict({'LESSOPEN': '| /usr/bin/lesspipe %s', 'HOSTNAME': 'ubuntu', 'SHLVL': '1', 'LD_LIBRARY_PATH': '/uros_ws/Brain_DEI/brain/install/utils/lib:/uros_ws/install/micro_ros_agent/lib:/uros_ws/install/micro_ros_msgs/lib:/opt/ros/jazzy/opt/rviz_ogre_vendor/lib:/opt/ros/jazzy/lib/aarch64-linux-gnu:/opt/ros/jazzy/opt/gz_math_vendor/lib:/opt/ros/jazzy/opt/gz_utils_vendor/lib:/opt/ros/jazzy/opt/gz_cmake_vendor/lib:/opt/ros/jazzy/lib', 'HOME': '/root', 'OLDPWD': '/uros_ws', 'MICROROS_DISABLE_SHM': '1', 'ROS_PYTHON_VERSION': '3', 'COLCON_PREFIX_PATH': '/uros_ws/Brain_DEI/brain/install:/uros_ws/install', 'ROS_DISTRO': 'jazzy', 'IGN_GAZEBO_MODEL_PATH': '/opt/ros/jazzy/share', '_': '/usr/bin/colcon', 'ROS_VERSION': '2', 'TERM': 'xterm', 'GAZEBO_MODEL_PATH': '/opt/ros/jazzy/share', 'PATH': '/opt/ros/jazzy/bin:/usr/local/sbin:/usr/local/bin:/usr/sbin:/usr/bin:/sbin:/bin', 'LANG': 'C.UTF-8', 'RMW_IMPLEMENTATION': 'rmw_fastrtps_cpp', 'LS_COLORS': 'rs=0:di=01;34:ln=01;36:mh=00:pi=40;33:so=01;35:do=01;35:bd=40;33;01:cd=40;33;01:or=40;31;01:mi=00:su=37;41:sg=30;43:ca=00:tw=30;42:ow=34;42:st=37;44:ex=01;32:*.tar=01;31:*.tgz=01;31:*.arc=01;31:*.arj=01;31:*.taz=01;31:*.lha=01;31:*.lz4=01;31:*.lzh=01;31:*.lzma=01;31:*.tlz=01;31:*.txz=01;31:*.tzo=01;31:*.t7z=01;31:*.zip=01;31:*.z=01;31:*.dz=01;31:*.gz=01;31:*.lrz=01;31:*.lz=01;31:*.lzo=01;31:*.xz=01;31:*.zst=01;31:*.tzst=01;31:*.bz2=01;31:*.bz=01;31:*.tbz=01;31:*.tbz2=01;31:*.tz=01;31:*.deb=01;31:*.rpm=01;31:*.jar=01;31:*.war=01;31:*.ear=01;31:*.sar=01;31:*.rar=01;31:*.alz=01;31:*.ace=01;31:*.zoo=01;31:*.cpio=01;31:*.7z=01;31:*.rz=01;31:*.cab=01;31:*.wim=01;31:*.swm=01;31:*.dwm=01;31:*.esd=01;31:*.avif=01;35:*.jpg=01;35:*.jpeg=01;35:*.mjpg=01;35:*.mjpeg=01;35:*.gif=01;35:*.bmp=01;35:*.pbm=01;35:*.pgm=01;35:*.ppm=01;35:*.tga=01;35:*.xbm=01;35:*.xpm=01;35:*.tif=01;35:*.tiff=01;35:*.png=01;35:*.svg=01;35:*.svgz=01;35:*.mng=01;35:*.pcx=01;35:*.mov=01;35:*.mpg=01;35:*.mpeg=01;35:*.m2v=01;35:*.mkv=01;35:*.webm=01;35:*.webp=01;35:*.ogm=01;35:*.mp4=01;35:*.m4v=01;35:*.mp4v=01;35:*.vob=01;35:*.qt=01;35:*.nuv=01;35:*.wmv=01;35:*.asf=01;35:*.rm=01;35:*.rmvb=01;35:*.flc=01;35:*.avi=01;35:*.fli=01;35:*.flv=01;35:*.gl=01;35:*.dl=01;35:*.xcf=01;35:*.xwd=01;35:*.yuv=01;35:*.cgm=01;35:*.emf=01;35:*.ogv=01;35:*.ogx=01;35:*.aac=00;36:*.au=00;36:*.flac=00;36:*.m4a=00;36:*.mid=00;36:*.midi=00;36:*.mka=00;36:*.mp3=00;36:*.mpc=00;36:*.ogg=00;36:*.ra=00;36:*.wav=00;36:*.oga=00;36:*.opus=00;36:*.spx=00;36:*.xspf=00;36:*~=00;90:*#=00;90:*.bak=00;90:*.crdownload=00;90:*.dpkg-dist=00;90:*.dpkg-new=00;90:*.dpkg-old=00;90:*.dpkg-tmp=00;90:*.old=00;90:*.orig=00;90:*.part=00;90:*.rej=00;90:*.rpmnew=00;90:*.rpmorig=00;90:*.rpmsave=00;90:*.swp=00;90:*.tmp=00;90:*.ucf-dist=00;90:*.ucf-new=00;90:*.ucf-old=00;90:', 'AMENT_PREFIX_PATH': '/uros_ws/Brain_DEI/brain/install/unix_out:/uros_ws/Brain_DEI/brain/install/input:/uros_ws/Brain_DEI/brain/install/utils:/uros_ws/Brain_DEI/brain/install/smart:/uros_ws/install/micro_ros_agent:/uros_ws/install/micro_ros_msgs:/opt/ros/jazzy', 'LESSCLOSE': '/usr/bin/lesspipe %s %s', 'IGN_GAZEBO_RESOURCE_PATH': '/opt/ros/jazzy/share', 'GAZEBO_RESOURCE_PATH': '/opt/ros/jazzy/share', 'ROS_AUTOMATIC_DISCOVERY_RANGE': 'SUBNET', 'PWD': '/uros_ws/Brain_DEI/brain/build/utils', 'LC_ALL': 'C.UTF-8', 'PYTHONPATH': '/uros_ws/Brain_DEI/brain/install/unix_out/lib/python3.12/site-packages:/uros_ws/Brain_DEI/brain/install/input/lib/python3.12/site-packages:/uros_ws/Brain_DEI/brain/install/utils/lib/python3.12/site-packages:/uros_ws/Brain_DEI/brain/install/smart/lib/python3.12/site-packages:/uros_ws/install/micro_ros_msgs/lib/python3.12/site-packages:/opt/ros/jazzy/lib/python3.12/site-packages', 'COLCON': '1', 'CMAKE_PREFIX_PATH': '/uros_ws/Brain_DEI/brain/install/utils:/uros_ws/install/micro_ros_agent:/uros_ws/install/micro_ros_msgs:/opt/ros/jazzy/opt/gz_math_vendor:/opt/ros/jazzy/opt/gz_utils_vendor:/opt/ros/jazzy/opt/gz_cmake_vendor:/uros_ws/Brain_DEI/brain/install/unix_out:/uros_ws/Brain_DEI/brain/install/input:/uros_ws/Brain_DEI/brain/install/smart:/opt/ros/jazzy'}), 'shell': False}
[0.076140] (utils) StderrLine: {'line': b"gmake: Warning: File 'Makefile' has modification time 1778995993 s in the future\n"}
[0.099501] (-) TimerEvent: {}
[0.121919] (utils) StderrLine: {'line': b"gmake[1]: Warning: File 'CMakeFiles/Makefile2' has modification time 1778995993 s in the future\n"}
[0.124087] (utils) StderrLine: {'line': b"gmake[2]: Warning: File 'CMakeFiles/utils__rosidl_generator_type_description.dir/progress.make' has modification time 1778995993 s in the future\n"}
[0.125483] (utils) StderrLine: {'line': b"gmake[2]: Warning: File 'CMakeFiles/ament_cmake_python_copy_utils.dir/progress.make' has modification time 1778995993 s in the future\n"}
[0.148660] (utils) StderrLine: {'line': b'gmake[2]: warning:  Clock skew detected.  Your build may be incomplete.\n'}
[0.151281] (utils) StderrLine: {'line': b"gmake[2]: Warning: File 'CMakeFiles/utils__rosidl_generator_type_description.dir/progress.make' has modification time 1778995993 s in the future\n"}
[0.151785] (utils) StderrLine: {'line': b'gmake[2]: warning:  Clock skew detected.  Your build may be incomplete.\n'}
[0.152311] (utils) StderrLine: {'line': b'gmake[2]: warning:  Clock skew detected.  Your build may be incomplete.\n'}
[0.154329] (utils) StderrLine: {'line': b"gmake[2]: Warning: File 'CMakeFiles/ament_cmake_python_copy_utils.dir/progress.make' has modification time 1778995993 s in the future\n"}
[0.169014] (utils) StdoutLine: {'line': b'[  1%] Built target utils__rosidl_generator_type_description\n'}
[0.180645] (utils) StderrLine: {'line': b"gmake[2]: Warning: File 'CMakeFiles/utils__cpp.dir/progress.make' has modification time 1778995993 s in the future\n"}
[0.186838] (utils) StderrLine: {'line': b"gmake[2]: Warning: File 'CMakeFiles/utils__rosidl_generator_c.dir/flags.make' has modification time 1778995993 s in the future\n"}
[0.197592] (utils) StderrLine: {'line': b'gmake[2]: warning:  Clock skew detected.  Your build may be incomplete.\n'}
[0.199579] (-) TimerEvent: {}
[0.206557] (utils) StderrLine: {'line': b'gmake[2]: warning:  Clock skew detected.  Your build may be incomplete.\n'}
[0.209552] (utils) StderrLine: {'line': b"gmake[2]: Warning: File 'CMakeFiles/utils__cpp.dir/progress.make' has modification time 1778995993 s in the future\n"}
[0.210316] (utils) StderrLine: {'line': b'gmake[2]: warning:  Clock skew detected.  Your build may be incomplete.\n'}
[0.213047] (utils) StderrLine: {'line': b'gmake[2]: warning:  Clock skew detected.  Your build may be incomplete.\n'}
[0.224980] (utils) StderrLine: {'line': b"gmake[2]: Warning: File 'CMakeFiles/utils__rosidl_generator_c.dir/flags.make' has modification time 1778995993 s in the future\n"}
[0.226782] (utils) StdoutLine: {'line': b'[  1%] Built target utils__cpp\n'}
[0.229098] (utils) StderrLine: {'line': b'gmake[2]: warning:  Clock skew detected.  Your build may be incomplete.\n'}
[0.229647] (utils) StdoutLine: {'line': b'[  1%] Built target ament_cmake_python_copy_utils\n'}
[0.238778] (utils) StderrLine: {'line': b"gmake[2]: Warning: File 'CMakeFiles/ament_cmake_python_build_utils_egg.dir/progress.make' has modification time 1778995993 s in the future\n"}
[0.261701] (utils) StdoutLine: {'line': b'[ 27%] Built target utils__rosidl_generator_c\n'}
[0.265022] (utils) StderrLine: {'line': b'gmake[2]: warning:  Clock skew detected.  Your build may be incomplete.\n'}
[0.266129] (utils) StderrLine: {'line': b"gmake[2]: Warning: File 'CMakeFiles/ament_cmake_python_build_utils_egg.dir/progress.make' has modification time 1778995993 s in the future\n"}
[0.268557] (utils) StderrLine: {'line': b"gmake[2]: Warning: File 'CMakeFiles/utils__rosidl_typesupport_c.dir/flags.make' has modification time 1778995993 s in the future\n"}
[0.272954] (utils) StderrLine: {'line': b"gmake[2]: Warning: File 'CMakeFiles/utils__rosidl_typesupport_introspection_cpp.dir/flags.make' has modification time 1778995993 s in the future\n"}
[0.274463] (utils) StderrLine: {'line': b"gmake[2]: Warning: File 'CMakeFiles/utils__rosidl_typesupport_fastrtps_cpp.dir/flags.make' has modification time 1778995993 s in the future\n"}
[0.278566] (utils) StderrLine: {'line': b"gmake[2]: Warning: File 'CMakeFiles/utils__rosidl_typesupport_cpp.dir/flags.make' has modification time 1778995993 s in the future\n"}
[0.284286] (utils) StderrLine: {'line': b"gmake[2]: Warning: File 'CMakeFiles/utils__rosidl_typesupport_fastrtps_c.dir/flags.make' has modification time 1778995993 s in the future\n"}
[0.299801] (-) TimerEvent: {}
[0.303411] (utils) StderrLine: {'line': b'gmake[2]: warning:  Clock skew detected.  Your build may be incomplete.\n'}
[0.319932] (utils) StderrLine: {'line': b'gmake[2]: warning:  Clock skew detected.  Your build may be incomplete.\n'}
[0.325231] (utils) StderrLine: {'line': b'gmake[2]: warning:  Clock skew detected.  Your build may be incomplete.\n'}
[0.326582] (utils) StderrLine: {'line': b"gmake[2]: Warning: File 'CMakeFiles/utils__rosidl_typesupport_cpp.dir/flags.make' has modification time 1778995993 s in the future\n"}
[0.329554] (utils) StderrLine: {'line': b'gmake[2]: warning:  Clock skew detected.  Your build may be incomplete.\n'}
[0.331341] (utils) StderrLine: {'line': b'gmake[2]: warning:  Clock skew detected.  Your build may be incomplete.\n'}
[0.334381] (utils) StderrLine: {'line': b'gmake[2]: warning:  Clock skew detected.  Your build may be incomplete.\n'}
[0.341559] (utils) StderrLine: {'line': b"gmake[2]: Warning: File 'CMakeFiles/utils__rosidl_typesupport_fastrtps_cpp.dir/flags.make' has modification time 1778995993 s in the future\n"}
[0.345740] (utils) StderrLine: {'line': b'gmake[2]: warning:  Clock skew detected.  Your build may be incomplete.\n'}
[0.347688] (utils) StderrLine: {'line': b"gmake[2]: Warning: File 'CMakeFiles/utils__rosidl_typesupport_c.dir/flags.make' has modification time 1778995993 s in the future\n"}
[0.349639] (utils) StderrLine: {'line': b'gmake[2]: warning:  Clock skew detected.  Your build may be incomplete.\n'}
[0.352807] (utils) StderrLine: {'line': b"gmake[2]: Warning: File 'CMakeFiles/utils__rosidl_typesupport_introspection_cpp.dir/flags.make' has modification time 1778995993 s in the future\n"}
[0.356930] (utils) StderrLine: {'line': b'gmake[2]: warning:  Clock skew detected.  Your build may be incomplete.\n'}
[0.360865] (utils) StderrLine: {'line': b"gmake[2]: Warning: File 'CMakeFiles/utils__rosidl_typesupport_fastrtps_c.dir/flags.make' has modification time 1778995993 s in the future\n"}
[0.365289] (utils) StderrLine: {'line': b'gmake[2]: warning:  Clock skew detected.  Your build may be incomplete.\n'}
[0.390078] (utils) StdoutLine: {'line': b'[ 41%] Built target utils__rosidl_typesupport_cpp\n'}
[0.393708] (utils) StdoutLine: {'line': b'[ 46%] Built target utils__rosidl_typesupport_fastrtps_cpp\n'}
[0.399408] (utils) StdoutLine: {'line': b'[ 56%] Built target utils__rosidl_typesupport_fastrtps_c\n'}
[0.399925] (-) TimerEvent: {}
[0.406545] (utils) StderrLine: {'line': b"gmake[2]: Warning: File 'CMakeFiles/utils__rosidl_typesupport_introspection_c.dir/flags.make' has modification time 1778995993 s in the future\n"}
[0.408549] (utils) StdoutLine: {'line': b'[ 66%] Built target utils__rosidl_typesupport_introspection_cpp\n'}
[0.419067] (utils) StdoutLine: {'line': b'[ 76%] Built target utils__rosidl_typesupport_c\n'}
[0.435520] (utils) StderrLine: {'line': b'gmake[2]: warning:  Clock skew detected.  Your build may be incomplete.\n'}
[0.443259] (utils) StderrLine: {'line': b"gmake[2]: Warning: File 'CMakeFiles/utils__rosidl_typesupport_introspection_c.dir/flags.make' has modification time 1778995993 s in the future\n"}
[0.445900] (utils) StderrLine: {'line': b'gmake[2]: warning:  Clock skew detected.  Your build may be incomplete.\n'}
[0.468637] (utils) StdoutLine: {'line': b'[ 85%] Built target utils__rosidl_typesupport_introspection_c\n'}
[0.482497] (utils) StderrLine: {'line': b"gmake[2]: Warning: File 'CMakeFiles/utils.dir/progress.make' has modification time 1778995993 s in the future\n"}
[0.500680] (-) TimerEvent: {}
[0.520935] (utils) StderrLine: {'line': b'gmake[2]: warning:  Clock skew detected.  Your build may be incomplete.\n'}
[0.523444] (utils) StderrLine: {'line': b"gmake[2]: Warning: File 'CMakeFiles/utils.dir/progress.make' has modification time 1778995993 s in the future\n"}
[0.529897] (utils) StderrLine: {'line': b'gmake[2]: warning:  Clock skew detected.  Your build may be incomplete.\n'}
[0.568289] (utils) StdoutLine: {'line': b'[ 85%] Built target utils\n'}
[0.590956] (utils) StderrLine: {'line': b"gmake[2]: Warning: File '/uros_ws/Brain_DEI/brain/build/utils/utils__py/CMakeFiles/utils__py.dir/progress.make' has modification time 1778995993 s in the future\n"}
[0.602894] (-) TimerEvent: {}
[0.633360] (utils) StderrLine: {'line': b'gmake[2]: warning:  Clock skew detected.  Your build may be incomplete.\n'}
[0.637725] (utils) StderrLine: {'line': b"gmake[2]: Warning: File '/uros_ws/Brain_DEI/brain/build/utils/utils__py/CMakeFiles/utils__py.dir/progress.make' has modification time 1778995993 s in the future\n"}
[0.638990] (utils) StderrLine: {'line': b'gmake[2]: warning:  Clock skew detected.  Your build may be incomplete.\n'}
[0.663766] (utils) StdoutLine: {'line': b'[ 86%] Built target utils__py\n'}
[0.681825] (utils) StderrLine: {'line': b"gmake[2]: Warning: File 'CMakeFiles/utils__rosidl_generator_py.dir/flags.make' has modification time 1778995993 s in the future\n"}
[0.703075] (-) TimerEvent: {}
[0.730588] (utils) StderrLine: {'line': b'gmake[2]: warning:  Clock skew detected.  Your build may be incomplete.\n'}
[0.741942] (utils) StderrLine: {'line': b"gmake[2]: Warning: File 'CMakeFiles/utils__rosidl_generator_py.dir/flags.make' has modification time 1778995993 s in the future\n"}
[0.744363] (utils) StderrLine: {'line': b'gmake[2]: warning:  Clock skew detected.  Your build may be incomplete.\n'}
[0.777869] (utils) StdoutLine: {'line': b'[ 95%] Built target utils__rosidl_generator_py\n'}
[0.793055] (utils) StderrLine: {'line': b"gmake[2]: Warning: File 'CMakeFiles/utils_s__rosidl_typesupport_fastrtps_c.dir/flags.make' has modification time 1778995993 s in the future\n"}
[0.794162] (utils) StderrLine: {'line': b"gmake[2]: Warning: File 'CMakeFiles/utils_s__rosidl_typesupport_introspection_c.dir/flags.make' has modification time 1778995993 s in the future\n"}
[0.799937] (utils) StderrLine: {'line': b"gmake[2]: Warning: File 'CMakeFiles/utils_s__rosidl_typesupport_c.dir/flags.make' has modification time 1778995993 s in the future\n"}
[0.805256] (-) TimerEvent: {}
[0.825547] (utils) StderrLine: {'line': b'gmake[2]: warning:  Clock skew detected.  Your build may be incomplete.\n'}
[0.827975] (utils) StderrLine: {'line': b'gmake[2]: warning:  Clock skew detected.  Your build may be incomplete.\n'}
[0.829777] (utils) StderrLine: {'line': b"gmake[2]: Warning: File 'CMakeFiles/utils_s__rosidl_typesupport_introspection_c.dir/flags.make' has modification time 1778995993 s in the future\n"}
[0.831837] (utils) StderrLine: {'line': b"gmake[2]: Warning: File 'CMakeFiles/utils_s__rosidl_typesupport_fastrtps_c.dir/flags.make' has modification time 1778995993 s in the future\n"}
[0.832920] (utils) StderrLine: {'line': b'gmake[2]: warning:  Clock skew detected.  Your build may be incomplete.\n'}
[0.833551] (utils) StderrLine: {'line': b'gmake[2]: warning:  Clock skew detected.  Your build may be incomplete.\n'}
[0.835358] (utils) StderrLine: {'line': b'gmake[2]: warning:  Clock skew detected.  Your build may be incomplete.\n'}
[0.840838] (utils) StderrLine: {'line': b"gmake[2]: Warning: File 'CMakeFiles/utils_s__rosidl_typesupport_c.dir/flags.make' has modification time 1778995993 s in the future\n"}
[0.843609] (utils) StderrLine: {'line': b'gmake[2]: warning:  Clock skew detected.  Your build may be incomplete.\n'}
[0.854214] (utils) StdoutLine: {'line': b'[ 97%] Built target utils_s__rosidl_typesupport_introspection_c\n'}
[0.856437] (utils) StdoutLine: {'line': b'[ 98%] Built target utils_s__rosidl_typesupport_fastrtps_c\n'}
[0.864760] (utils) StdoutLine: {'line': b'[100%] Built target utils_s__rosidl_typesupport_c\n'}
[0.867575] (utils) StdoutLine: {'line': b'running egg_info\n'}
[0.905398] (-) TimerEvent: {}
[0.910868] (utils) StdoutLine: {'line': b'writing utils.egg-info/PKG-INFO\n'}
[0.911572] (utils) StdoutLine: {'line': b'writing dependency_links to utils.egg-info/dependency_links.txt\n'}
[0.912085] (utils) StdoutLine: {'line': b'writing top-level names to utils.egg-info/top_level.txt\n'}
[1.005537] (-) TimerEvent: {}
[1.041791] (utils) StdoutLine: {'line': b"reading manifest file 'utils.egg-info/SOURCES.txt'\n"}
[1.043704] (utils) StdoutLine: {'line': b"writing manifest file 'utils.egg-info/SOURCES.txt'\n"}
[1.105683] (-) TimerEvent: {}
[1.115254] (utils) StderrLine: {'line': b'gmake[2]: warning:  Clock skew detected.  Your build may be incomplete.\n'}
[1.131345] (utils) StdoutLine: {'line': b'[100%] Built target ament_cmake_python_build_utils_egg\n'}
[1.134163] (utils) StderrLine: {'line': b'gmake[1]: warning:  Clock skew detected.  Your build may be incomplete.\n'}
[1.162269] (utils) StderrLine: {'line': b'gmake: warning:  Clock skew detected.  Your build may be incomplete.\n'}
[1.168626] (utils) CommandEnded: {'returncode': 0}
[1.169447] (utils) JobProgress: {'identifier': 'utils', 'progress': 'install'}
[1.189380] (utils) Command: {'cmd': ['/usr/bin/cmake', '--install', '/uros_ws/Brain_DEI/brain/build/utils'], 'cwd': '/uros_ws/Brain_DEI/brain/build/utils', 'env': OrderedDict({'LESSOPEN': '| /usr/bin/lesspipe %s', 'HOSTNAME': 'ubuntu', 'SHLVL': '1', 'LD_LIBRARY_PATH': '/uros_ws/Brain_DEI/brain/install/utils/lib:/uros_ws/install/micro_ros_agent/lib:/uros_ws/install/micro_ros_msgs/lib:/opt/ros/jazzy/opt/rviz_ogre_vendor/lib:/opt/ros/jazzy/lib/aarch64-linux-gnu:/opt/ros/jazzy/opt/gz_math_vendor/lib:/opt/ros/jazzy/opt/gz_utils_vendor/lib:/opt/ros/jazzy/opt/gz_cmake_vendor/lib:/opt/ros/jazzy/lib', 'HOME': '/root', 'OLDPWD': '/uros_ws', 'MICROROS_DISABLE_SHM': '1', 'ROS_PYTHON_VERSION': '3', 'COLCON_PREFIX_PATH': '/uros_ws/Brain_DEI/brain/install:/uros_ws/install', 'ROS_DISTRO': 'jazzy', 'IGN_GAZEBO_MODEL_PATH': '/opt/ros/jazzy/share', '_': '/usr/bin/colcon', 'ROS_VERSION': '2', 'TERM': 'xterm', 'GAZEBO_MODEL_PATH': '/opt/ros/jazzy/share', 'PATH': '/opt/ros/jazzy/bin:/usr/local/sbin:/usr/local/bin:/usr/sbin:/usr/bin:/sbin:/bin', 'LANG': 'C.UTF-8', 'RMW_IMPLEMENTATION': 'rmw_fastrtps_cpp', 'LS_COLORS': 'rs=0:di=01;34:ln=01;36:mh=00:pi=40;33:so=01;35:do=01;35:bd=40;33;01:cd=40;33;01:or=40;31;01:mi=00:su=37;41:sg=30;43:ca=00:tw=30;42:ow=34;42:st=37;44:ex=01;32:*.tar=01;31:*.tgz=01;31:*.arc=01;31:*.arj=01;31:*.taz=01;31:*.lha=01;31:*.lz4=01;31:*.lzh=01;31:*.lzma=01;31:*.tlz=01;31:*.txz=01;31:*.tzo=01;31:*.t7z=01;31:*.zip=01;31:*.z=01;31:*.dz=01;31:*.gz=01;31:*.lrz=01;31:*.lz=01;31:*.lzo=01;31:*.xz=01;31:*.zst=01;31:*.tzst=01;31:*.bz2=01;31:*.bz=01;31:*.tbz=01;31:*.tbz2=01;31:*.tz=01;31:*.deb=01;31:*.rpm=01;31:*.jar=01;31:*.war=01;31:*.ear=01;31:*.sar=01;31:*.rar=01;31:*.alz=01;31:*.ace=01;31:*.zoo=01;31:*.cpio=01;31:*.7z=01;31:*.rz=01;31:*.cab=01;31:*.wim=01;31:*.swm=01;31:*.dwm=01;31:*.esd=01;31:*.avif=01;35:*.jpg=01;35:*.jpeg=01;35:*.mjpg=01;35:*.mjpeg=01;35:*.gif=01;35:*.bmp=01;35:*.pbm=01;35:*.pgm=01;35:*.ppm=01;35:*.tga=01;35:*.xbm=01;35:*.xpm=01;35:*.tif=01;35:*.tiff=01;35:*.png=01;35:*.svg=01;35:*.svgz=01;35:*.mng=01;35:*.pcx=01;35:*.mov=01;35:*.mpg=01;35:*.mpeg=01;35:*.m2v=01;35:*.mkv=01;35:*.webm=01;35:*.webp=01;35:*.ogm=01;35:*.mp4=01;35:*.m4v=01;35:*.mp4v=01;35:*.vob=01;35:*.qt=01;35:*.nuv=01;35:*.wmv=01;35:*.asf=01;35:*.rm=01;35:*.rmvb=01;35:*.flc=01;35:*.avi=01;35:*.fli=01;35:*.flv=01;35:*.gl=01;35:*.dl=01;35:*.xcf=01;35:*.xwd=01;35:*.yuv=01;35:*.cgm=01;35:*.emf=01;35:*.ogv=01;35:*.ogx=01;35:*.aac=00;36:*.au=00;36:*.flac=00;36:*.m4a=00;36:*.mid=00;36:*.midi=00;36:*.mka=00;36:*.mp3=00;36:*.mpc=00;36:*.ogg=00;36:*.ra=00;36:*.wav=00;36:*.oga=00;36:*.opus=00;36:*.spx=00;36:*.xspf=00;36:*~=00;90:*#=00;90:*.bak=00;90:*.crdownload=00;90:*.dpkg-dist=00;90:*.dpkg-new=00;90:*.dpkg-old=00;90:*.dpkg-tmp=00;90:*.old=00;90:*.orig=00;90:*.part=00;90:*.rej=00;90:*.rpmnew=00;90:*.rpmorig=00;90:*.rpmsave=00;90:*.swp=00;90:*.tmp=00;90:*.ucf-dist=00;90:*.ucf-new=00;90:*.ucf-old=00;90:', 'AMENT_PREFIX_PATH': '/uros_ws/Brain_DEI/brain/install/unix_out:/uros_ws/Brain_DEI/brain/install/input:/uros_ws/Brain_DEI/brain/install/utils:/uros_ws/Brain_DEI/brain/install/smart:/uros_ws/install/micro_ros_agent:/uros_ws/install/micro_ros_msgs:/opt/ros/jazzy', 'LESSCLOSE': '/usr/bin/lesspipe %s %s', 'IGN_GAZEBO_RESOURCE_PATH': '/opt/ros/jazzy/share', 'GAZEBO_RESOURCE_PATH': '/opt/ros/jazzy/share', 'ROS_AUTOMATIC_DISCOVERY_RANGE': 'SUBNET', 'PWD': '/uros_ws/Brain_DEI/brain/build/utils', 'LC_ALL': 'C.UTF-8', 'PYTHONPATH': '/uros_ws/Brain_DEI/brain/install/unix_out/lib/python3.12/site-packages:/uros_ws/Brain_DEI/brain/install/input/lib/python3.12/site-packages:/uros_ws/Brain_DEI/brain/install/utils/lib/python3.12/site-packages:/uros_ws/Brain_DEI/brain/install/smart/lib/python3.12/site-packages:/uros_ws/install/micro_ros_msgs/lib/python3.12/site-packages:/opt/ros/jazzy/lib/python3.12/site-packages', 'COLCON': '1', 'CMAKE_PREFIX_PATH': '/uros_ws/Brain_DEI/brain/install/utils:/uros_ws/install/micro_ros_agent:/uros_ws/install/micro_ros_msgs:/opt/ros/jazzy/opt/gz_math_vendor:/opt/ros/jazzy/opt/gz_utils_vendor:/opt/ros/jazzy/opt/gz_cmake_vendor:/uros_ws/Brain_DEI/brain/install/unix_out:/uros_ws/Brain_DEI/brain/install/input:/uros_ws/Brain_DEI/brain/install/smart:/opt/ros/jazzy'}), 'shell': False}
[1.205819] (-) TimerEvent: {}
[1.207718] (utils) StdoutLine: {'line': b'-- Install configuration: ""\n'}
[1.208476] (utils) StdoutLine: {'line': b'-- Up-to-date: /uros_ws/Brain_DEI/brain/install/utils/share/ament_index/resource_index/rosidl_interfaces/utils\n'}
[1.208709] (utils) StdoutLine: {'line': b'-- Up-to-date: /uros_ws/Brain_DEI/brain/install/utils/share/utils/msg/IMU.json\n'}
[1.209223] (utils) StdoutLine: {'line': b'-- Up-to-date: /uros_ws/Brain_DEI/brain/install/utils/share/utils/msg/Localisation.json\n'}
[1.209674] (utils) StdoutLine: {'line': b'-- Up-to-date: /uros_ws/Brain_DEI/brain/install/utils/share/utils/msg/Vehicles.json\n'}
[1.209873] (utils) StdoutLine: {'line': b'-- Up-to-date: /uros_ws/Brain_DEI/brain/install/utils/share/utils/msg/Environmental.json\n'}
[1.211070] (utils) StdoutLine: {'line': b'-- Up-to-date: /uros_ws/Brain_DEI/brain/install/utils/share/utils/msg/Log.json\n'}
[1.211396] (utils) StdoutLine: {'line': b'-- Up-to-date: /uros_ws/Brain_DEI/brain/install/utils/share/utils/msg/TopicInfo.json\n'}
[1.211855] (utils) StdoutLine: {'line': b'-- Up-to-date: /uros_ws/Brain_DEI/brain/install/utils/share/utils/msg/Semaphore.json\n'}
[1.212220] (utils) StdoutLine: {'line': b'-- Up-to-date: /uros_ws/Brain_DEI/brain/install/utils/share/utils/msg/Conditions.json\n'}
[1.212632] (utils) StdoutLine: {'line': b'-- Up-to-date: /uros_ws/Brain_DEI/brain/install/utils/share/utils/msg/Trafficsignprediction.json\n'}
[1.212965] (utils) StdoutLine: {'line': b'-- Up-to-date: /uros_ws/Brain_DEI/brain/install/utils/share/utils/srv/Subscribing.json\n'}
[1.213205] (utils) StdoutLine: {'line': b'-- Up-to-date: /uros_ws/Brain_DEI/brain/install/utils/share/utils/srv/RequestParam.json\n'}
[1.213414] (utils) StdoutLine: {'line': b'-- Up-to-date: /uros_ws/Brain_DEI/brain/install/utils/include/utils/utils\n'}
[1.213997] (utils) StdoutLine: {'line': b'-- Up-to-date: /uros_ws/Brain_DEI/brain/install/utils/include/utils/utils/srv\n'}
[1.214331] (utils) StdoutLine: {'line': b'-- Up-to-date: /uros_ws/Brain_DEI/brain/install/utils/include/utils/utils/srv/subscribing.h\n'}
[1.214554] (utils) StdoutLine: {'line': b'-- Up-to-date: /uros_ws/Brain_DEI/brain/install/utils/include/utils/utils/srv/request_param.h\n'}
[1.215076] (utils) StdoutLine: {'line': b'-- Up-to-date: /uros_ws/Brain_DEI/brain/install/utils/include/utils/utils/srv/detail\n'}
[1.215579] (utils) StdoutLine: {'line': b'-- Up-to-date: /uros_ws/Brain_DEI/brain/install/utils/include/utils/utils/srv/detail/subscribing__description.c\n'}
[1.215975] (utils) StdoutLine: {'line': b'-- Up-to-date: /uros_ws/Brain_DEI/brain/install/utils/include/utils/utils/srv/detail/subscribing__functions.c\n'}
[1.216329] (utils) StdoutLine: {'line': b'-- Up-to-date: /uros_ws/Brain_DEI/brain/install/utils/include/utils/utils/srv/detail/request_param__functions.h\n'}
[1.216590] (utils) StdoutLine: {'line': b'-- Up-to-date: /uros_ws/Brain_DEI/brain/install/utils/include/utils/utils/srv/detail/subscribing__functions.h\n'}
[1.216830] (utils) StdoutLine: {'line': b'-- Up-to-date: /uros_ws/Brain_DEI/brain/install/utils/include/utils/utils/srv/detail/request_param__functions.c\n'}
[1.217086] (utils) StdoutLine: {'line': b'-- Up-to-date: /uros_ws/Brain_DEI/brain/install/utils/include/utils/utils/srv/detail/subscribing__type_support.h\n'}
[1.217508] (utils) StdoutLine: {'line': b'-- Installing: /uros_ws/Brain_DEI/brain/install/utils/include/utils/utils/srv/detail/subscribing__type_support.c\n'}
[1.217948] (utils) StdoutLine: {'line': b'-- Up-to-date: /uros_ws/Brain_DEI/brain/install/utils/include/utils/utils/srv/detail/subscribing__struct.h\n'}
[1.218241] (utils) StdoutLine: {'line': b'-- Installing: /uros_ws/Brain_DEI/brain/install/utils/include/utils/utils/srv/detail/request_param__type_support.c\n'}
[1.218426] (utils) StdoutLine: {'line': b'-- Up-to-date: /uros_ws/Brain_DEI/brain/install/utils/include/utils/utils/srv/detail/request_param__description.c\n'}
[1.218775] (utils) StdoutLine: {'line': b'-- Up-to-date: /uros_ws/Brain_DEI/brain/install/utils/include/utils/utils/srv/detail/request_param__type_support.h\n'}
[1.219120] (utils) StdoutLine: {'line': b'-- Up-to-date: /uros_ws/Brain_DEI/brain/install/utils/include/utils/utils/srv/detail/request_param__struct.h\n'}
[1.219413] (utils) StdoutLine: {'line': b'-- Up-to-date: /uros_ws/Brain_DEI/brain/install/utils/include/utils/utils/msg\n'}
[1.219899] (utils) StdoutLine: {'line': b'-- Up-to-date: /uros_ws/Brain_DEI/brain/install/utils/include/utils/utils/msg/vehicles.h\n'}
[1.220221] (utils) StdoutLine: {'line': b'-- Up-to-date: /uros_ws/Brain_DEI/brain/install/utils/include/utils/utils/msg/semaphore.h\n'}
[1.220488] (utils) StdoutLine: {'line': b'-- Up-to-date: /uros_ws/Brain_DEI/brain/install/utils/include/utils/utils/msg/trafficsignprediction.h\n'}
[1.220796] (utils) StdoutLine: {'line': b'-- Up-to-date: /uros_ws/Brain_DEI/brain/install/utils/include/utils/utils/msg/localisation.h\n'}
[1.221021] (utils) StdoutLine: {'line': b'-- Up-to-date: /uros_ws/Brain_DEI/brain/install/utils/include/utils/utils/msg/detail\n'}
[1.221337] (utils) StdoutLine: {'line': b'-- Up-to-date: /uros_ws/Brain_DEI/brain/install/utils/include/utils/utils/msg/detail/trafficsignprediction__functions.c\n'}
[1.221545] (utils) StdoutLine: {'line': b'-- Up-to-date: /uros_ws/Brain_DEI/brain/install/utils/include/utils/utils/msg/detail/localisation__functions.c\n'}
[1.227088] (utils) StdoutLine: {'line': b'-- Up-to-date: /uros_ws/Brain_DEI/brain/install/utils/include/utils/utils/msg/detail/imu__functions.c\n'}
[1.227521] (utils) StdoutLine: {'line': b'-- Installing: /uros_ws/Brain_DEI/brain/install/utils/include/utils/utils/msg/detail/imu__type_support.c\n'}
[1.227862] (utils) StdoutLine: {'line': b'-- Up-to-date: /uros_ws/Brain_DEI/brain/install/utils/include/utils/utils/msg/detail/conditions__functions.h\n'}
[1.228217] (utils) StdoutLine: {'line': b'-- Installing: /uros_ws/Brain_DEI/brain/install/utils/include/utils/utils/msg/detail/trafficsignprediction__type_support.c\n'}
[1.228510] (utils) StdoutLine: {'line': b'-- Up-to-date: /uros_ws/Brain_DEI/brain/install/utils/include/utils/utils/msg/detail/conditions__description.c\n'}
[1.228726] (utils) StdoutLine: {'line': b'-- Up-to-date: /uros_ws/Brain_DEI/brain/install/utils/include/utils/utils/msg/detail/imu__struct.h\n'}
[1.229981] (utils) StdoutLine: {'line': b'-- Up-to-date: /uros_ws/Brain_DEI/brain/install/utils/include/utils/utils/msg/detail/vehicles__description.c\n'}
[1.231036] (utils) StdoutLine: {'line': b'-- Up-to-date: /uros_ws/Brain_DEI/brain/install/utils/include/utils/utils/msg/detail/topic_info__type_support.h\n'}
[1.231545] (utils) StdoutLine: {'line': b'-- Up-to-date: /uros_ws/Brain_DEI/brain/install/utils/include/utils/utils/msg/detail/vehicles__struct.h\n'}
[1.232443] (utils) StdoutLine: {'line': b'-- Up-to-date: /uros_ws/Brain_DEI/brain/install/utils/include/utils/utils/msg/detail/localisation__description.c\n'}
[1.233040] (utils) StdoutLine: {'line': b'-- Up-to-date: /uros_ws/Brain_DEI/brain/install/utils/include/utils/utils/msg/detail/semaphore__description.c\n'}
[1.241641] (utils) StdoutLine: {'line': b'-- Up-to-date: /uros_ws/Brain_DEI/brain/install/utils/include/utils/utils/msg/detail/topic_info__functions.c\n'}
[1.243340] (utils) StdoutLine: {'line': b'-- Installing: /uros_ws/Brain_DEI/brain/install/utils/include/utils/utils/msg/detail/semaphore__type_support.c\n'}
[1.243973] (utils) StdoutLine: {'line': b'-- Up-to-date: /uros_ws/Brain_DEI/brain/install/utils/include/utils/utils/msg/detail/semaphore__functions.h\n'}
[1.244246] (utils) StdoutLine: {'line': b'-- Up-to-date: /uros_ws/Brain_DEI/brain/install/utils/include/utils/utils/msg/detail/log__functions.c\n'}
[1.244738] (utils) StdoutLine: {'line': b'-- Up-to-date: /uros_ws/Brain_DEI/brain/install/utils/include/utils/utils/msg/detail/imu__functions.h\n'}
[1.244943] (utils) StdoutLine: {'line': b'-- Up-to-date: /uros_ws/Brain_DEI/brain/install/utils/include/utils/utils/msg/detail/localisation__functions.h\n'}
[1.245361] (utils) StdoutLine: {'line': b'-- Up-to-date: /uros_ws/Brain_DEI/brain/install/utils/include/utils/utils/msg/detail/trafficsignprediction__type_support.h\n'}
[1.245660] (utils) StdoutLine: {'line': b'-- Up-to-date: /uros_ws/Brain_DEI/brain/install/utils/include/utils/utils/msg/detail/vehicles__type_support.h\n'}
[1.245866] (utils) StdoutLine: {'line': b'-- Up-to-date: /uros_ws/Brain_DEI/brain/install/utils/include/utils/utils/msg/detail/log__functions.h\n'}
[1.246220] (utils) StdoutLine: {'line': b'-- Up-to-date: /uros_ws/Brain_DEI/brain/install/utils/include/utils/utils/msg/detail/semaphore__functions.c\n'}
[1.246581] (utils) StdoutLine: {'line': b'-- Up-to-date: /uros_ws/Brain_DEI/brain/install/utils/include/utils/utils/msg/detail/imu__description.c\n'}
[1.246949] (utils) StdoutLine: {'line': b'-- Up-to-date: /uros_ws/Brain_DEI/brain/install/utils/include/utils/utils/msg/detail/conditions__type_support.h\n'}
[1.247160] (utils) StdoutLine: {'line': b'-- Up-to-date: /uros_ws/Brain_DEI/brain/install/utils/include/utils/utils/msg/detail/topic_info__description.c\n'}
[1.247700] (utils) StdoutLine: {'line': b'-- Up-to-date: /uros_ws/Brain_DEI/brain/install/utils/include/utils/utils/msg/detail/conditions__functions.c\n'}
[1.249200] (utils) StdoutLine: {'line': b'-- Up-to-date: /uros_ws/Brain_DEI/brain/install/utils/include/utils/utils/msg/detail/vehicles__functions.c\n'}
[1.249961] (utils) StdoutLine: {'line': b'-- Up-to-date: /uros_ws/Brain_DEI/brain/install/utils/include/utils/utils/msg/detail/trafficsignprediction__functions.h\n'}
[1.250204] (utils) StdoutLine: {'line': b'-- Up-to-date: /uros_ws/Brain_DEI/brain/install/utils/include/utils/utils/msg/detail/semaphore__type_support.h\n'}
[1.250402] (utils) StdoutLine: {'line': b'-- Up-to-date: /uros_ws/Brain_DEI/brain/install/utils/include/utils/utils/msg/detail/vehicles__functions.h\n'}
[1.250591] (utils) StdoutLine: {'line': b'-- Up-to-date: /uros_ws/Brain_DEI/brain/install/utils/include/utils/utils/msg/detail/log__type_support.h\n'}
[1.250775] (utils) StdoutLine: {'line': b'-- Installing: /uros_ws/Brain_DEI/brain/install/utils/include/utils/utils/msg/detail/environmental__type_support.c\n'}
[1.250955] (utils) StdoutLine: {'line': b'-- Installing: /uros_ws/Brain_DEI/brain/install/utils/include/utils/utils/msg/detail/log__type_support.c\n'}
[1.251288] (utils) StdoutLine: {'line': b'-- Installing: /uros_ws/Brain_DEI/brain/install/utils/include/utils/utils/msg/detail/conditions__type_support.c\n'}
[1.251577] (utils) StdoutLine: {'line': b'-- Up-to-date: /uros_ws/Brain_DEI/brain/install/utils/include/utils/utils/msg/detail/conditions__struct.h\n'}
[1.251840] (utils) StdoutLine: {'line': b'-- Installing: /uros_ws/Brain_DEI/brain/install/utils/include/utils/utils/msg/detail/localisation__type_support.c\n'}
[1.252063] (utils) StdoutLine: {'line': b'-- Up-to-date: /uros_ws/Brain_DEI/brain/install/utils/include/utils/utils/msg/detail/trafficsignprediction__description.c\n'}
[1.252264] (utils) StdoutLine: {'line': b'-- Up-to-date: /uros_ws/Brain_DEI/brain/install/utils/include/utils/utils/msg/detail/environmental__type_support.h\n'}
[1.252446] (utils) StdoutLine: {'line': b'-- Up-to-date: /uros_ws/Brain_DEI/brain/install/utils/include/utils/utils/msg/detail/topic_info__struct.h\n'}
[1.252625] (utils) StdoutLine: {'line': b'-- Up-to-date: /uros_ws/Brain_DEI/brain/install/utils/include/utils/utils/msg/detail/topic_info__functions.h\n'}
[1.252973] (utils) StdoutLine: {'line': b'-- Up-to-date: /uros_ws/Brain_DEI/brain/install/utils/include/utils/utils/msg/detail/environmental__functions.h\n'}
[1.253194] (utils) StdoutLine: {'line': b'-- Up-to-date: /uros_ws/Brain_DEI/brain/install/utils/include/utils/utils/msg/detail/localisation__struct.h\n'}
[1.253465] (utils) StdoutLine: {'line': b'-- Installing: /uros_ws/Brain_DEI/brain/install/utils/include/utils/utils/msg/detail/topic_info__type_support.c\n'}
[1.253714] (utils) StdoutLine: {'line': b'-- Up-to-date: /uros_ws/Brain_DEI/brain/install/utils/include/utils/utils/msg/detail/environmental__struct.h\n'}
[1.253904] (utils) StdoutLine: {'line': b'-- Up-to-date: /uros_ws/Brain_DEI/brain/install/utils/include/utils/utils/msg/detail/semaphore__struct.h\n'}
[1.254089] (utils) StdoutLine: {'line': b'-- Up-to-date: /uros_ws/Brain_DEI/brain/install/utils/include/utils/utils/msg/detail/imu__type_support.h\n'}
[1.254261] (utils) StdoutLine: {'line': b'-- Up-to-date: /uros_ws/Brain_DEI/brain/install/utils/include/utils/utils/msg/detail/log__struct.h\n'}
[1.254432] (utils) StdoutLine: {'line': b'-- Installing: /uros_ws/Brain_DEI/brain/install/utils/include/utils/utils/msg/detail/vehicles__type_support.c\n'}
[1.254601] (utils) StdoutLine: {'line': b'-- Up-to-date: /uros_ws/Brain_DEI/brain/install/utils/include/utils/utils/msg/detail/localisation__type_support.h\n'}
[1.255265] (utils) StdoutLine: {'line': b'-- Up-to-date: /uros_ws/Brain_DEI/brain/install/utils/include/utils/utils/msg/detail/environmental__functions.c\n'}
[1.255529] (utils) StdoutLine: {'line': b'-- Up-to-date: /uros_ws/Brain_DEI/brain/install/utils/include/utils/utils/msg/detail/log__description.c\n'}
[1.255736] (utils) StdoutLine: {'line': b'-- Up-to-date: /uros_ws/Brain_DEI/brain/install/utils/include/utils/utils/msg/detail/trafficsignprediction__struct.h\n'}
[1.255922] (utils) StdoutLine: {'line': b'-- Up-to-date: /uros_ws/Brain_DEI/brain/install/utils/include/utils/utils/msg/detail/environmental__description.c\n'}
[1.256124] (utils) StdoutLine: {'line': b'-- Up-to-date: /uros_ws/Brain_DEI/brain/install/utils/include/utils/utils/msg/environmental.h\n'}
[1.256327] (utils) StdoutLine: {'line': b'-- Up-to-date: /uros_ws/Brain_DEI/brain/install/utils/include/utils/utils/msg/conditions.h\n'}
[1.256511] (utils) StdoutLine: {'line': b'-- Up-to-date: /uros_ws/Brain_DEI/brain/install/utils/include/utils/utils/msg/rosidl_generator_c__visibility_control.h\n'}
[1.256831] (utils) StdoutLine: {'line': b'-- Up-to-date: /uros_ws/Brain_DEI/brain/install/utils/include/utils/utils/msg/imu.h\n'}
[1.257057] (utils) StdoutLine: {'line': b'-- Up-to-date: /uros_ws/Brain_DEI/brain/install/utils/include/utils/utils/msg/topic_info.h\n'}
[1.257320] (utils) StdoutLine: {'line': b'-- Up-to-date: /uros_ws/Brain_DEI/brain/install/utils/include/utils/utils/msg/log.h\n'}
[1.257606] (utils) StdoutLine: {'line': b'-- Up-to-date: /uros_ws/Brain_DEI/brain/install/utils/share/utils/environment/library_path.sh\n'}
[1.257801] (utils) StdoutLine: {'line': b'-- Up-to-date: /uros_ws/Brain_DEI/brain/install/utils/share/utils/environment/library_path.dsv\n'}
[1.257981] (utils) StdoutLine: {'line': b'-- Up-to-date: /uros_ws/Brain_DEI/brain/install/utils/lib/libutils__rosidl_generator_c.so\n'}
[1.258158] (utils) StdoutLine: {'line': b'-- Up-to-date: /uros_ws/Brain_DEI/brain/install/utils/include/utils/utils\n'}
[1.258330] (utils) StdoutLine: {'line': b'-- Up-to-date: /uros_ws/Brain_DEI/brain/install/utils/include/utils/utils/srv\n'}
[1.258500] (utils) StdoutLine: {'line': b'-- Up-to-date: /uros_ws/Brain_DEI/brain/install/utils/include/utils/utils/srv/detail\n'}
[1.259017] (utils) StdoutLine: {'line': b'-- Up-to-date: /uros_ws/Brain_DEI/brain/install/utils/include/utils/utils/srv/detail/subscribing__rosidl_typesupport_fastrtps_c.h\n'}
[1.259242] (utils) StdoutLine: {'line': b'-- Up-to-date: /uros_ws/Brain_DEI/brain/install/utils/include/utils/utils/srv/detail/request_param__rosidl_typesupport_fastrtps_c.h\n'}
[1.259423] (utils) StdoutLine: {'line': b'-- Up-to-date: /uros_ws/Brain_DEI/brain/install/utils/include/utils/utils/msg\n'}
[1.259700] (utils) StdoutLine: {'line': b'-- Up-to-date: /uros_ws/Brain_DEI/brain/install/utils/include/utils/utils/msg/rosidl_typesupport_fastrtps_c__visibility_control.h\n'}
[1.259968] (utils) StdoutLine: {'line': b'-- Up-to-date: /uros_ws/Brain_DEI/brain/install/utils/include/utils/utils/msg/detail\n'}
[1.260187] (utils) StdoutLine: {'line': b'-- Up-to-date: /uros_ws/Brain_DEI/brain/install/utils/include/utils/utils/msg/detail/vehicles__rosidl_typesupport_fastrtps_c.h\n'}
[1.260372] (utils) StdoutLine: {'line': b'-- Up-to-date: /uros_ws/Brain_DEI/brain/install/utils/include/utils/utils/msg/detail/imu__rosidl_typesupport_fastrtps_c.h\n'}
[1.260615] (utils) StdoutLine: {'line': b'-- Up-to-date: /uros_ws/Brain_DEI/brain/install/utils/include/utils/utils/msg/detail/topic_info__rosidl_typesupport_fastrtps_c.h\n'}
[1.260888] (utils) StdoutLine: {'line': b'-- Up-to-date: /uros_ws/Brain_DEI/brain/install/utils/include/utils/utils/msg/detail/trafficsignprediction__rosidl_typesupport_fastrtps_c.h\n'}
[1.261174] (utils) StdoutLine: {'line': b'-- Up-to-date: /uros_ws/Brain_DEI/brain/install/utils/include/utils/utils/msg/detail/conditions__rosidl_typesupport_fastrtps_c.h\n'}
[1.261386] (utils) StdoutLine: {'line': b'-- Up-to-date: /uros_ws/Brain_DEI/brain/install/utils/include/utils/utils/msg/detail/log__rosidl_typesupport_fastrtps_c.h\n'}
[1.261657] (utils) StdoutLine: {'line': b'-- Up-to-date: /uros_ws/Brain_DEI/brain/install/utils/include/utils/utils/msg/detail/localisation__rosidl_typesupport_fastrtps_c.h\n'}
[1.261906] (utils) StdoutLine: {'line': b'-- Up-to-date: /uros_ws/Brain_DEI/brain/install/utils/include/utils/utils/msg/detail/environmental__rosidl_typesupport_fastrtps_c.h\n'}
[1.262095] (utils) StdoutLine: {'line': b'-- Up-to-date: /uros_ws/Brain_DEI/brain/install/utils/include/utils/utils/msg/detail/semaphore__rosidl_typesupport_fastrtps_c.h\n'}
[1.262299] (utils) StdoutLine: {'line': b'-- Up-to-date: /uros_ws/Brain_DEI/brain/install/utils/lib/libutils__rosidl_typesupport_fastrtps_c.so\n'}
[1.262477] (utils) StdoutLine: {'line': b'-- Up-to-date: /uros_ws/Brain_DEI/brain/install/utils/include/utils/utils\n'}
[1.262654] (utils) StdoutLine: {'line': b'-- Up-to-date: /uros_ws/Brain_DEI/brain/install/utils/include/utils/utils/srv\n'}
[1.262827] (utils) StdoutLine: {'line': b'-- Up-to-date: /uros_ws/Brain_DEI/brain/install/utils/include/utils/utils/srv/detail\n'}
[1.263143] (utils) StdoutLine: {'line': b'-- Up-to-date: /uros_ws/Brain_DEI/brain/install/utils/include/utils/utils/srv/detail/request_param__rosidl_typesupport_introspection_c.h\n'}
[1.263365] (utils) StdoutLine: {'line': b'-- Installing: /uros_ws/Brain_DEI/brain/install/utils/include/utils/utils/srv/detail/subscribing__type_support.c\n'}
[1.263704] (utils) StdoutLine: {'line': b'-- Installing: /uros_ws/Brain_DEI/brain/install/utils/include/utils/utils/srv/detail/request_param__type_support.c\n'}
[1.264107] (utils) StdoutLine: {'line': b'-- Up-to-date: /uros_ws/Brain_DEI/brain/install/utils/include/utils/utils/srv/detail/subscribing__rosidl_typesupport_introspection_c.h\n'}
[1.264298] (utils) StdoutLine: {'line': b'-- Up-to-date: /uros_ws/Brain_DEI/brain/install/utils/include/utils/utils/msg\n'}
[1.264474] (utils) StdoutLine: {'line': b'-- Up-to-date: /uros_ws/Brain_DEI/brain/install/utils/include/utils/utils/msg/rosidl_typesupport_introspection_c__visibility_control.h\n'}
[1.264668] (utils) StdoutLine: {'line': b'-- Up-to-date: /uros_ws/Brain_DEI/brain/install/utils/include/utils/utils/msg/detail\n'}
[1.264910] (utils) StdoutLine: {'line': b'-- Installing: /uros_ws/Brain_DEI/brain/install/utils/include/utils/utils/msg/detail/imu__type_support.c\n'}
[1.265207] (utils) StdoutLine: {'line': b'-- Installing: /uros_ws/Brain_DEI/brain/install/utils/include/utils/utils/msg/detail/trafficsignprediction__type_support.c\n'}
[1.265414] (utils) StdoutLine: {'line': b'-- Up-to-date: /uros_ws/Brain_DEI/brain/install/utils/include/utils/utils/msg/detail/topic_info__rosidl_typesupport_introspection_c.h\n'}
[1.266096] (utils) StdoutLine: {'line': b'-- Up-to-date: /uros_ws/Brain_DEI/brain/install/utils/include/utils/utils/msg/detail/trafficsignprediction__rosidl_typesupport_introspection_c.h\n'}
[1.266294] (utils) StdoutLine: {'line': b'-- Up-to-date: /uros_ws/Brain_DEI/brain/install/utils/include/utils/utils/msg/detail/localisation__rosidl_typesupport_introspection_c.h\n'}
[1.266477] (utils) StdoutLine: {'line': b'-- Installing: /uros_ws/Brain_DEI/brain/install/utils/include/utils/utils/msg/detail/semaphore__type_support.c\n'}
[1.266651] (utils) StdoutLine: {'line': b'-- Up-to-date: /uros_ws/Brain_DEI/brain/install/utils/include/utils/utils/msg/detail/imu__rosidl_typesupport_introspection_c.h\n'}
[1.267281] (utils) StdoutLine: {'line': b'-- Up-to-date: /uros_ws/Brain_DEI/brain/install/utils/include/utils/utils/msg/detail/conditions__rosidl_typesupport_introspection_c.h\n'}
[1.267695] (utils) StdoutLine: {'line': b'-- Installing: /uros_ws/Brain_DEI/brain/install/utils/include/utils/utils/msg/detail/environmental__type_support.c\n'}
[1.268048] (utils) StdoutLine: {'line': b'-- Installing: /uros_ws/Brain_DEI/brain/install/utils/include/utils/utils/msg/detail/log__type_support.c\n'}
[1.268243] (utils) StdoutLine: {'line': b'-- Installing: /uros_ws/Brain_DEI/brain/install/utils/include/utils/utils/msg/detail/conditions__type_support.c\n'}
[1.268420] (utils) StdoutLine: {'line': b'-- Installing: /uros_ws/Brain_DEI/brain/install/utils/include/utils/utils/msg/detail/localisation__type_support.c\n'}
[1.268592] (utils) StdoutLine: {'line': b'-- Up-to-date: /uros_ws/Brain_DEI/brain/install/utils/include/utils/utils/msg/detail/environmental__rosidl_typesupport_introspection_c.h\n'}
[1.268764] (utils) StdoutLine: {'line': b'-- Up-to-date: /uros_ws/Brain_DEI/brain/install/utils/include/utils/utils/msg/detail/semaphore__rosidl_typesupport_introspection_c.h\n'}
[1.269402] (utils) StdoutLine: {'line': b'-- Installing: /uros_ws/Brain_DEI/brain/install/utils/include/utils/utils/msg/detail/topic_info__type_support.c\n'}
[1.269930] (utils) StdoutLine: {'line': b'-- Installing: /uros_ws/Brain_DEI/brain/install/utils/include/utils/utils/msg/detail/vehicles__type_support.c\n'}
[1.270126] (utils) StdoutLine: {'line': b'-- Up-to-date: /uros_ws/Brain_DEI/brain/install/utils/include/utils/utils/msg/detail/vehicles__rosidl_typesupport_introspection_c.h\n'}
[1.270328] (utils) StdoutLine: {'line': b'-- Up-to-date: /uros_ws/Brain_DEI/brain/install/utils/include/utils/utils/msg/detail/log__rosidl_typesupport_introspection_c.h\n'}
[1.270504] (utils) StdoutLine: {'line': b'-- Up-to-date: /uros_ws/Brain_DEI/brain/install/utils/lib/libutils__rosidl_typesupport_introspection_c.so\n'}
[1.271078] (utils) StdoutLine: {'line': b'-- Up-to-date: /uros_ws/Brain_DEI/brain/install/utils/lib/libutils__rosidl_typesupport_c.so\n'}
[1.271302] (utils) StdoutLine: {'line': b'-- Up-to-date: /uros_ws/Brain_DEI/brain/install/utils/include/utils/utils\n'}
[1.271497] (utils) StdoutLine: {'line': b'-- Up-to-date: /uros_ws/Brain_DEI/brain/install/utils/include/utils/utils/srv\n'}
[1.272058] (utils) StdoutLine: {'line': b'-- Up-to-date: /uros_ws/Brain_DEI/brain/install/utils/include/utils/utils/srv/subscribing.hpp\n'}
[1.272263] (utils) StdoutLine: {'line': b'-- Up-to-date: /uros_ws/Brain_DEI/brain/install/utils/include/utils/utils/srv/request_param.hpp\n'}
[1.272439] (utils) StdoutLine: {'line': b'-- Up-to-date: /uros_ws/Brain_DEI/brain/install/utils/include/utils/utils/srv/detail\n'}
[1.272637] (utils) StdoutLine: {'line': b'-- Up-to-date: /uros_ws/Brain_DEI/brain/install/utils/include/utils/utils/srv/detail/request_param__type_support.hpp\n'}
[1.272813] (utils) StdoutLine: {'line': b'-- Up-to-date: /uros_ws/Brain_DEI/brain/install/utils/include/utils/utils/srv/detail/subscribing__traits.hpp\n'}
[1.273605] (utils) StdoutLine: {'line': b'-- Up-to-date: /uros_ws/Brain_DEI/brain/install/utils/include/utils/utils/srv/detail/request_param__traits.hpp\n'}
[1.274141] (utils) StdoutLine: {'line': b'-- Up-to-date: /uros_ws/Brain_DEI/brain/install/utils/include/utils/utils/srv/detail/subscribing__struct.hpp\n'}
[1.274736] (utils) StdoutLine: {'line': b'-- Up-to-date: /uros_ws/Brain_DEI/brain/install/utils/include/utils/utils/srv/detail/request_param__builder.hpp\n'}
[1.275317] (utils) StdoutLine: {'line': b'-- Up-to-date: /uros_ws/Brain_DEI/brain/install/utils/include/utils/utils/srv/detail/subscribing__type_support.hpp\n'}
[1.275894] (utils) StdoutLine: {'line': b'-- Up-to-date: /uros_ws/Brain_DEI/brain/install/utils/include/utils/utils/srv/detail/request_param__struct.hpp\n'}
[1.276462] (utils) StdoutLine: {'line': b'-- Up-to-date: /uros_ws/Brain_DEI/brain/install/utils/include/utils/utils/srv/detail/subscribing__builder.hpp\n'}
[1.277111] (utils) StdoutLine: {'line': b'-- Up-to-date: /uros_ws/Brain_DEI/brain/install/utils/include/utils/utils/msg\n'}
[1.277625] (utils) StdoutLine: {'line': b'-- Up-to-date: /uros_ws/Brain_DEI/brain/install/utils/include/utils/utils/msg/conditions.hpp\n'}
[1.278210] (utils) StdoutLine: {'line': b'-- Up-to-date: /uros_ws/Brain_DEI/brain/install/utils/include/utils/utils/msg/trafficsignprediction.hpp\n'}
[1.278844] (utils) StdoutLine: {'line': b'-- Up-to-date: /uros_ws/Brain_DEI/brain/install/utils/include/utils/utils/msg/localisation.hpp\n'}
[1.279387] (utils) StdoutLine: {'line': b'-- Up-to-date: /uros_ws/Brain_DEI/brain/install/utils/include/utils/utils/msg/imu.hpp\n'}
[1.280050] (utils) StdoutLine: {'line': b'-- Up-to-date: /uros_ws/Brain_DEI/brain/install/utils/include/utils/utils/msg/vehicles.hpp\n'}
[1.280667] (utils) StdoutLine: {'line': b'-- Up-to-date: /uros_ws/Brain_DEI/brain/install/utils/include/utils/utils/msg/log.hpp\n'}
[1.281217] (utils) StdoutLine: {'line': b'-- Up-to-date: /uros_ws/Brain_DEI/brain/install/utils/include/utils/utils/msg/topic_info.hpp\n'}
[1.281769] (utils) StdoutLine: {'line': b'-- Up-to-date: /uros_ws/Brain_DEI/brain/install/utils/include/utils/utils/msg/rosidl_generator_cpp__visibility_control.hpp\n'}
[1.282345] (utils) StdoutLine: {'line': b'-- Up-to-date: /uros_ws/Brain_DEI/brain/install/utils/include/utils/utils/msg/detail\n'}
[1.282931] (utils) StdoutLine: {'line': b'-- Up-to-date: /uros_ws/Brain_DEI/brain/install/utils/include/utils/utils/msg/detail/vehicles__type_support.hpp\n'}
[1.283477] (utils) StdoutLine: {'line': b'-- Up-to-date: /uros_ws/Brain_DEI/brain/install/utils/include/utils/utils/msg/detail/vehicles__struct.hpp\n'}
[1.284123] (utils) StdoutLine: {'line': b'-- Up-to-date: /uros_ws/Brain_DEI/brain/install/utils/include/utils/utils/msg/detail/semaphore__builder.hpp\n'}
[1.284728] (utils) StdoutLine: {'line': b'-- Up-to-date: /uros_ws/Brain_DEI/brain/install/utils/include/utils/utils/msg/detail/log__type_support.hpp\n'}
[1.285278] (utils) StdoutLine: {'line': b'-- Up-to-date: /uros_ws/Brain_DEI/brain/install/utils/include/utils/utils/msg/detail/trafficsignprediction__struct.hpp\n'}
[1.285931] (utils) StdoutLine: {'line': b'-- Up-to-date: /uros_ws/Brain_DEI/brain/install/utils/include/utils/utils/msg/detail/conditions__builder.hpp\n'}
[1.286572] (utils) StdoutLine: {'line': b'-- Up-to-date: /uros_ws/Brain_DEI/brain/install/utils/include/utils/utils/msg/detail/topic_info__traits.hpp\n'}
[1.287086] (utils) StdoutLine: {'line': b'-- Up-to-date: /uros_ws/Brain_DEI/brain/install/utils/include/utils/utils/msg/detail/log__builder.hpp\n'}
[1.287577] (utils) StdoutLine: {'line': b'-- Up-to-date: /uros_ws/Brain_DEI/brain/install/utils/include/utils/utils/msg/detail/localisation__builder.hpp\n'}
[1.288202] (utils) StdoutLine: {'line': b'-- Up-to-date: /uros_ws/Brain_DEI/brain/install/utils/include/utils/utils/msg/detail/environmental__traits.hpp\n'}
[1.288830] (utils) StdoutLine: {'line': b'-- Up-to-date: /uros_ws/Brain_DEI/brain/install/utils/include/utils/utils/msg/detail/semaphore__struct.hpp\n'}
[1.289383] (utils) StdoutLine: {'line': b'-- Up-to-date: /uros_ws/Brain_DEI/brain/install/utils/include/utils/utils/msg/detail/imu__type_support.hpp\n'}
[1.290026] (utils) StdoutLine: {'line': b'-- Up-to-date: /uros_ws/Brain_DEI/brain/install/utils/include/utils/utils/msg/detail/imu__builder.hpp\n'}
[1.290610] (utils) StdoutLine: {'line': b'-- Up-to-date: /uros_ws/Brain_DEI/brain/install/utils/include/utils/utils/msg/detail/environmental__builder.hpp\n'}
[1.291193] (utils) StdoutLine: {'line': b'-- Up-to-date: /uros_ws/Brain_DEI/brain/install/utils/include/utils/utils/msg/detail/trafficsignprediction__type_support.hpp\n'}
[1.291746] (utils) StdoutLine: {'line': b'-- Up-to-date: /uros_ws/Brain_DEI/brain/install/utils/include/utils/utils/msg/detail/semaphore__type_support.hpp\n'}
[1.292388] (utils) StdoutLine: {'line': b'-- Up-to-date: /uros_ws/Brain_DEI/brain/install/utils/include/utils/utils/msg/detail/localisation__type_support.hpp\n'}
[1.293005] (utils) StdoutLine: {'line': b'-- Up-to-date: /uros_ws/Brain_DEI/brain/install/utils/include/utils/utils/msg/detail/environmental__struct.hpp\n'}
[1.293498] (utils) StdoutLine: {'line': b'-- Up-to-date: /uros_ws/Brain_DEI/brain/install/utils/include/utils/utils/msg/detail/environmental__type_support.hpp\n'}
[1.294129] (utils) StdoutLine: {'line': b'-- Up-to-date: /uros_ws/Brain_DEI/brain/install/utils/include/utils/utils/msg/detail/conditions__traits.hpp\n'}
[1.294705] (utils) StdoutLine: {'line': b'-- Up-to-date: /uros_ws/Brain_DEI/brain/install/utils/include/utils/utils/msg/detail/localisation__struct.hpp\n'}
[1.295244] (utils) StdoutLine: {'line': b'-- Up-to-date: /uros_ws/Brain_DEI/brain/install/utils/include/utils/utils/msg/detail/trafficsignprediction__traits.hpp\n'}
[1.295828] (utils) StdoutLine: {'line': b'-- Up-to-date: /uros_ws/Brain_DEI/brain/install/utils/include/utils/utils/msg/detail/log__struct.hpp\n'}
[1.296431] (utils) StdoutLine: {'line': b'-- Up-to-date: /uros_ws/Brain_DEI/brain/install/utils/include/utils/utils/msg/detail/conditions__struct.hpp\n'}
[1.297017] (utils) StdoutLine: {'line': b'-- Up-to-date: /uros_ws/Brain_DEI/brain/install/utils/include/utils/utils/msg/detail/conditions__type_support.hpp\n'}
[1.297634] (utils) StdoutLine: {'line': b'-- Up-to-date: /uros_ws/Brain_DEI/brain/install/utils/include/utils/utils/msg/detail/imu__traits.hpp\n'}
[1.298268] (utils) StdoutLine: {'line': b'-- Up-to-date: /uros_ws/Brain_DEI/brain/install/utils/include/utils/utils/msg/detail/imu__struct.hpp\n'}
[1.298988] (utils) StdoutLine: {'line': b'-- Up-to-date: /uros_ws/Brain_DEI/brain/install/utils/include/utils/utils/msg/detail/semaphore__traits.hpp\n'}
[1.299591] (utils) StdoutLine: {'line': b'-- Up-to-date: /uros_ws/Brain_DEI/brain/install/utils/include/utils/utils/msg/detail/topic_info__struct.hpp\n'}
[1.300097] (utils) StdoutLine: {'line': b'-- Up-to-date: /uros_ws/Brain_DEI/brain/install/utils/include/utils/utils/msg/detail/vehicles__traits.hpp\n'}
[1.300305] (utils) StdoutLine: {'line': b'-- Up-to-date: /uros_ws/Brain_DEI/brain/install/utils/include/utils/utils/msg/detail/log__traits.hpp\n'}
[1.300491] (utils) StdoutLine: {'line': b'-- Up-to-date: /uros_ws/Brain_DEI/brain/install/utils/include/utils/utils/msg/detail/topic_info__type_support.hpp\n'}
[1.300706] (utils) StdoutLine: {'line': b'-- Up-to-date: /uros_ws/Brain_DEI/brain/install/utils/include/utils/utils/msg/detail/vehicles__builder.hpp\n'}
[1.300888] (utils) StdoutLine: {'line': b'-- Up-to-date: /uros_ws/Brain_DEI/brain/install/utils/include/utils/utils/msg/detail/topic_info__builder.hpp\n'}
[1.301063] (utils) StdoutLine: {'line': b'-- Up-to-date: /uros_ws/Brain_DEI/brain/install/utils/include/utils/utils/msg/detail/localisation__traits.hpp\n'}
[1.301238] (utils) StdoutLine: {'line': b'-- Up-to-date: /uros_ws/Brain_DEI/brain/install/utils/include/utils/utils/msg/detail/trafficsignprediction__builder.hpp\n'}
[1.301414] (utils) StdoutLine: {'line': b'-- Up-to-date: /uros_ws/Brain_DEI/brain/install/utils/include/utils/utils/msg/semaphore.hpp\n'}
[1.301587] (utils) StdoutLine: {'line': b'-- Up-to-date: /uros_ws/Brain_DEI/brain/install/utils/include/utils/utils/msg/environmental.hpp\n'}
[1.301758] (utils) StdoutLine: {'line': b'-- Up-to-date: /uros_ws/Brain_DEI/brain/install/utils/include/utils/utils\n'}
[1.301931] (utils) StdoutLine: {'line': b'-- Up-to-date: /uros_ws/Brain_DEI/brain/install/utils/include/utils/utils/srv\n'}
[1.302105] (utils) StdoutLine: {'line': b'-- Up-to-date: /uros_ws/Brain_DEI/brain/install/utils/include/utils/utils/srv/detail\n'}
[1.302277] (utils) StdoutLine: {'line': b'-- Up-to-date: /uros_ws/Brain_DEI/brain/install/utils/include/utils/utils/srv/detail/subscribing__rosidl_typesupport_fastrtps_cpp.hpp\n'}
[1.302453] (utils) StdoutLine: {'line': b'-- Up-to-date: /uros_ws/Brain_DEI/brain/install/utils/include/utils/utils/srv/detail/dds_fastrtps\n'}
[1.302628] (utils) StdoutLine: {'line': b'-- Up-to-date: /uros_ws/Brain_DEI/brain/install/utils/include/utils/utils/srv/detail/request_param__rosidl_typesupport_fastrtps_cpp.hpp\n'}
[1.302802] (utils) StdoutLine: {'line': b'-- Up-to-date: /uros_ws/Brain_DEI/brain/install/utils/include/utils/utils/msg\n'}
[1.302974] (utils) StdoutLine: {'line': b'-- Up-to-date: /uros_ws/Brain_DEI/brain/install/utils/include/utils/utils/msg/rosidl_typesupport_fastrtps_cpp__visibility_control.h\n'}
[1.303148] (utils) StdoutLine: {'line': b'-- Up-to-date: /uros_ws/Brain_DEI/brain/install/utils/include/utils/utils/msg/detail\n'}
[1.303320] (utils) StdoutLine: {'line': b'-- Up-to-date: /uros_ws/Brain_DEI/brain/install/utils/include/utils/utils/msg/detail/environmental__rosidl_typesupport_fastrtps_cpp.hpp\n'}
[1.303491] (utils) StdoutLine: {'line': b'-- Up-to-date: /uros_ws/Brain_DEI/brain/install/utils/include/utils/utils/msg/detail/vehicles__rosidl_typesupport_fastrtps_cpp.hpp\n'}
[1.303666] (utils) StdoutLine: {'line': b'-- Up-to-date: /uros_ws/Brain_DEI/brain/install/utils/include/utils/utils/msg/detail/localisation__rosidl_typesupport_fastrtps_cpp.hpp\n'}
[1.303841] (utils) StdoutLine: {'line': b'-- Up-to-date: /uros_ws/Brain_DEI/brain/install/utils/include/utils/utils/msg/detail/log__rosidl_typesupport_fastrtps_cpp.hpp\n'}
[1.304055] (utils) StdoutLine: {'line': b'-- Up-to-date: /uros_ws/Brain_DEI/brain/install/utils/include/utils/utils/msg/detail/conditions__rosidl_typesupport_fastrtps_cpp.hpp\n'}
[1.304240] (utils) StdoutLine: {'line': b'-- Up-to-date: /uros_ws/Brain_DEI/brain/install/utils/include/utils/utils/msg/detail/semaphore__rosidl_typesupport_fastrtps_cpp.hpp\n'}
[1.304414] (utils) StdoutLine: {'line': b'-- Up-to-date: /uros_ws/Brain_DEI/brain/install/utils/include/utils/utils/msg/detail/dds_fastrtps\n'}
[1.304589] (utils) StdoutLine: {'line': b'-- Up-to-date: /uros_ws/Brain_DEI/brain/install/utils/include/utils/utils/msg/detail/trafficsignprediction__rosidl_typesupport_fastrtps_cpp.hpp\n'}
[1.304763] (utils) StdoutLine: {'line': b'-- Up-to-date: /uros_ws/Brain_DEI/brain/install/utils/include/utils/utils/msg/detail/imu__rosidl_typesupport_fastrtps_cpp.hpp\n'}
[1.304937] (utils) StdoutLine: {'line': b'-- Up-to-date: /uros_ws/Brain_DEI/brain/install/utils/include/utils/utils/msg/detail/topic_info__rosidl_typesupport_fastrtps_cpp.hpp\n'}
[1.305109] (utils) StdoutLine: {'line': b'-- Up-to-date: /uros_ws/Brain_DEI/brain/install/utils/lib/libutils__rosidl_typesupport_fastrtps_cpp.so\n'}
[1.305315] (utils) StdoutLine: {'line': b'-- Up-to-date: /uros_ws/Brain_DEI/brain/install/utils/include/utils/utils\n'}
[1.305490] (utils) StdoutLine: {'line': b'-- Up-to-date: /uros_ws/Brain_DEI/brain/install/utils/include/utils/utils/srv\n'}
[1.305666] (utils) StdoutLine: {'line': b'-- Up-to-date: /uros_ws/Brain_DEI/brain/install/utils/include/utils/utils/srv/detail\n'}
[1.305849] (-) TimerEvent: {}
[1.306133] (utils) StdoutLine: {'line': b'-- Up-to-date: /uros_ws/Brain_DEI/brain/install/utils/include/utils/utils/srv/detail/request_param__type_support.cpp\n'}
[1.306480] (utils) StdoutLine: {'line': b'-- Up-to-date: /uros_ws/Brain_DEI/brain/install/utils/include/utils/utils/srv/detail/subscribing__type_support.cpp\n'}
[1.306765] (utils) StdoutLine: {'line': b'-- Up-to-date: /uros_ws/Brain_DEI/brain/install/utils/include/utils/utils/srv/detail/request_param__rosidl_typesupport_introspection_cpp.hpp\n'}
[1.307081] (utils) StdoutLine: {'line': b'-- Up-to-date: /uros_ws/Brain_DEI/brain/install/utils/include/utils/utils/srv/detail/subscribing__rosidl_typesupport_introspection_cpp.hpp\n'}
[1.307382] (utils) StdoutLine: {'line': b'-- Up-to-date: /uros_ws/Brain_DEI/brain/install/utils/include/utils/utils/msg\n'}
[1.307653] (utils) StdoutLine: {'line': b'-- Up-to-date: /uros_ws/Brain_DEI/brain/install/utils/include/utils/utils/msg/detail\n'}
[1.307930] (utils) StdoutLine: {'line': b'-- Up-to-date: /uros_ws/Brain_DEI/brain/install/utils/include/utils/utils/msg/detail/semaphore__type_support.cpp\n'}
[1.308236] (utils) StdoutLine: {'line': b'-- Up-to-date: /uros_ws/Brain_DEI/brain/install/utils/include/utils/utils/msg/detail/localisation__type_support.cpp\n'}
[1.308527] (utils) StdoutLine: {'line': b'-- Up-to-date: /uros_ws/Brain_DEI/brain/install/utils/include/utils/utils/msg/detail/conditions__rosidl_typesupport_introspection_cpp.hpp\n'}
[1.308805] (utils) StdoutLine: {'line': b'-- Up-to-date: /uros_ws/Brain_DEI/brain/install/utils/include/utils/utils/msg/detail/imu__type_support.cpp\n'}
[1.309083] (utils) StdoutLine: {'line': b'-- Up-to-date: /uros_ws/Brain_DEI/brain/install/utils/include/utils/utils/msg/detail/vehicles__rosidl_typesupport_introspection_cpp.hpp\n'}
[1.309400] (utils) StdoutLine: {'line': b'-- Up-to-date: /uros_ws/Brain_DEI/brain/install/utils/include/utils/utils/msg/detail/conditions__type_support.cpp\n'}
[1.309705] (utils) StdoutLine: {'line': b'-- Up-to-date: /uros_ws/Brain_DEI/brain/install/utils/include/utils/utils/msg/detail/vehicles__type_support.cpp\n'}
[1.309974] (utils) StdoutLine: {'line': b'-- Up-to-date: /uros_ws/Brain_DEI/brain/install/utils/include/utils/utils/msg/detail/topic_info__type_support.cpp\n'}
[1.310245] (utils) StdoutLine: {'line': b'-- Up-to-date: /uros_ws/Brain_DEI/brain/install/utils/include/utils/utils/msg/detail/environmental__type_support.cpp\n'}
[1.310489] (utils) StdoutLine: {'line': b'-- Up-to-date: /uros_ws/Brain_DEI/brain/install/utils/include/utils/utils/msg/detail/environmental__rosidl_typesupport_introspection_cpp.hpp\n'}
[1.310709] (utils) StdoutLine: {'line': b'-- Up-to-date: /uros_ws/Brain_DEI/brain/install/utils/include/utils/utils/msg/detail/log__rosidl_typesupport_introspection_cpp.hpp\n'}
[1.310938] (utils) StdoutLine: {'line': b'-- Up-to-date: /uros_ws/Brain_DEI/brain/install/utils/include/utils/utils/msg/detail/imu__rosidl_typesupport_introspection_cpp.hpp\n'}
[1.311151] (utils) StdoutLine: {'line': b'-- Up-to-date: /uros_ws/Brain_DEI/brain/install/utils/include/utils/utils/msg/detail/localisation__rosidl_typesupport_introspection_cpp.hpp\n'}
[1.311362] (utils) StdoutLine: {'line': b'-- Up-to-date: /uros_ws/Brain_DEI/brain/install/utils/include/utils/utils/msg/detail/topic_info__rosidl_typesupport_introspection_cpp.hpp\n'}
[1.311545] (utils) StdoutLine: {'line': b'-- Up-to-date: /uros_ws/Brain_DEI/brain/install/utils/include/utils/utils/msg/detail/semaphore__rosidl_typesupport_introspection_cpp.hpp\n'}
[1.311721] (utils) StdoutLine: {'line': b'-- Up-to-date: /uros_ws/Brain_DEI/brain/install/utils/include/utils/utils/msg/detail/log__type_support.cpp\n'}
[1.311967] (utils) StdoutLine: {'line': b'-- Up-to-date: /uros_ws/Brain_DEI/brain/install/utils/include/utils/utils/msg/detail/trafficsignprediction__type_support.cpp\n'}
[1.312174] (utils) StdoutLine: {'line': b'-- Up-to-date: /uros_ws/Brain_DEI/brain/install/utils/include/utils/utils/msg/detail/trafficsignprediction__rosidl_typesupport_introspection_cpp.hpp\n'}
[1.312349] (utils) StdoutLine: {'line': b'-- Up-to-date: /uros_ws/Brain_DEI/brain/install/utils/lib/libutils__rosidl_typesupport_introspection_cpp.so\n'}
[1.312540] (utils) StdoutLine: {'line': b'-- Up-to-date: /uros_ws/Brain_DEI/brain/install/utils/lib/libutils__rosidl_typesupport_cpp.so\n'}
[1.312708] (utils) StdoutLine: {'line': b'-- Up-to-date: /uros_ws/Brain_DEI/brain/install/utils/share/utils/environment/pythonpath.sh\n'}
[1.312875] (utils) StdoutLine: {'line': b'-- Up-to-date: /uros_ws/Brain_DEI/brain/install/utils/share/utils/environment/pythonpath.dsv\n'}
[1.313039] (utils) StdoutLine: {'line': b'-- Up-to-date: /uros_ws/Brain_DEI/brain/install/utils/lib/python3.12/site-packages/utils-0.0.0-py3.12.egg-info\n'}
[1.313273] (utils) StdoutLine: {'line': b'-- Installing: /uros_ws/Brain_DEI/brain/install/utils/lib/python3.12/site-packages/utils-0.0.0-py3.12.egg-info/top_level.txt\n'}
[1.313468] (utils) StdoutLine: {'line': b'-- Installing: /uros_ws/Brain_DEI/brain/install/utils/lib/python3.12/site-packages/utils-0.0.0-py3.12.egg-info/PKG-INFO\n'}
[1.313641] (utils) StdoutLine: {'line': b'-- Installing: /uros_ws/Brain_DEI/brain/install/utils/lib/python3.12/site-packages/utils-0.0.0-py3.12.egg-info/dependency_links.txt\n'}
[1.313850] (utils) StdoutLine: {'line': b'-- Installing: /uros_ws/Brain_DEI/brain/install/utils/lib/python3.12/site-packages/utils-0.0.0-py3.12.egg-info/SOURCES.txt\n'}
[1.314031] (utils) StdoutLine: {'line': b'-- Up-to-date: /uros_ws/Brain_DEI/brain/install/utils/lib/python3.12/site-packages/utils\n'}
[1.314318] (utils) StdoutLine: {'line': b'-- Up-to-date: /uros_ws/Brain_DEI/brain/install/utils/lib/python3.12/site-packages/utils/utils_s__rosidl_typesupport_fastrtps_c.so\n'}
[1.314522] (utils) StdoutLine: {'line': b'-- Up-to-date: /uros_ws/Brain_DEI/brain/install/utils/lib/python3.12/site-packages/utils/__init__.py\n'}
[1.314703] (utils) StdoutLine: {'line': b'-- Up-to-date: /uros_ws/Brain_DEI/brain/install/utils/lib/python3.12/site-packages/utils/srv\n'}
[1.314880] (utils) StdoutLine: {'line': b'-- Up-to-date: /uros_ws/Brain_DEI/brain/install/utils/lib/python3.12/site-packages/utils/srv/_subscribing_s.c\n'}
[1.315054] (utils) StdoutLine: {'line': b'-- Up-to-date: /uros_ws/Brain_DEI/brain/install/utils/lib/python3.12/site-packages/utils/srv/__init__.py\n'}
[1.315228] (utils) StdoutLine: {'line': b'-- Up-to-date: /uros_ws/Brain_DEI/brain/install/utils/lib/python3.12/site-packages/utils/srv/_request_param.py\n'}
[1.315399] (utils) StdoutLine: {'line': b'-- Up-to-date: /uros_ws/Brain_DEI/brain/install/utils/lib/python3.12/site-packages/utils/srv/_subscribing.py\n'}
[1.315571] (utils) StdoutLine: {'line': b'-- Up-to-date: /uros_ws/Brain_DEI/brain/install/utils/lib/python3.12/site-packages/utils/srv/_request_param_s.c\n'}
[1.315743] (utils) StdoutLine: {'line': b'-- Up-to-date: /uros_ws/Brain_DEI/brain/install/utils/lib/python3.12/site-packages/utils/msg\n'}
[1.315999] (utils) StdoutLine: {'line': b'-- Up-to-date: /uros_ws/Brain_DEI/brain/install/utils/lib/python3.12/site-packages/utils/msg/__init__.py\n'}
[1.316210] (utils) StdoutLine: {'line': b'-- Up-to-date: /uros_ws/Brain_DEI/brain/install/utils/lib/python3.12/site-packages/utils/msg/_log.py\n'}
[1.316394] (utils) StdoutLine: {'line': b'-- Up-to-date: /uros_ws/Brain_DEI/brain/install/utils/lib/python3.12/site-packages/utils/msg/_environmental_s.c\n'}
[1.316573] (utils) StdoutLine: {'line': b'-- Up-to-date: /uros_ws/Brain_DEI/brain/install/utils/lib/python3.12/site-packages/utils/msg/_vehicles_s.c\n'}
[1.316752] (utils) StdoutLine: {'line': b'-- Up-to-date: /uros_ws/Brain_DEI/brain/install/utils/lib/python3.12/site-packages/utils/msg/_imu_s.c\n'}
[1.316945] (utils) StdoutLine: {'line': b'-- Up-to-date: /uros_ws/Brain_DEI/brain/install/utils/lib/python3.12/site-packages/utils/msg/_trafficsignprediction_s.c\n'}
[1.317122] (utils) StdoutLine: {'line': b'-- Up-to-date: /uros_ws/Brain_DEI/brain/install/utils/lib/python3.12/site-packages/utils/msg/_environmental.py\n'}
[1.317295] (utils) StdoutLine: {'line': b'-- Up-to-date: /uros_ws/Brain_DEI/brain/install/utils/lib/python3.12/site-packages/utils/msg/_imu.py\n'}
[1.317473] (utils) StdoutLine: {'line': b'-- Up-to-date: /uros_ws/Brain_DEI/brain/install/utils/lib/python3.12/site-packages/utils/msg/_semaphore.py\n'}
[1.317645] (utils) StdoutLine: {'line': b'-- Up-to-date: /uros_ws/Brain_DEI/brain/install/utils/lib/python3.12/site-packages/utils/msg/_trafficsignprediction.py\n'}
[1.317817] (utils) StdoutLine: {'line': b'-- Up-to-date: /uros_ws/Brain_DEI/brain/install/utils/lib/python3.12/site-packages/utils/msg/_conditions_s.c\n'}
[1.317989] (utils) StdoutLine: {'line': b'-- Up-to-date: /uros_ws/Brain_DEI/brain/install/utils/lib/python3.12/site-packages/utils/msg/_log_s.c\n'}
[1.318161] (utils) StdoutLine: {'line': b'-- Up-to-date: /uros_ws/Brain_DEI/brain/install/utils/lib/python3.12/site-packages/utils/msg/_topic_info_s.c\n'}
[1.318332] (utils) StdoutLine: {'line': b'-- Up-to-date: /uros_ws/Brain_DEI/brain/install/utils/lib/python3.12/site-packages/utils/msg/_conditions.py\n'}
[1.318503] (utils) StdoutLine: {'line': b'-- Up-to-date: /uros_ws/Brain_DEI/brain/install/utils/lib/python3.12/site-packages/utils/msg/_localisation.py\n'}
[1.318675] (utils) StdoutLine: {'line': b'-- Up-to-date: /uros_ws/Brain_DEI/brain/install/utils/lib/python3.12/site-packages/utils/msg/_topic_info.py\n'}
[1.318845] (utils) StdoutLine: {'line': b'-- Up-to-date: /uros_ws/Brain_DEI/brain/install/utils/lib/python3.12/site-packages/utils/msg/_semaphore_s.c\n'}
[1.319016] (utils) StdoutLine: {'line': b'-- Up-to-date: /uros_ws/Brain_DEI/brain/install/utils/lib/python3.12/site-packages/utils/msg/_vehicles.py\n'}
[1.319188] (utils) StdoutLine: {'line': b'-- Up-to-date: /uros_ws/Brain_DEI/brain/install/utils/lib/python3.12/site-packages/utils/msg/_localisation_s.c\n'}
[1.319360] (utils) StdoutLine: {'line': b'-- Up-to-date: /uros_ws/Brain_DEI/brain/install/utils/lib/python3.12/site-packages/utils/_utils_s.ep.rosidl_typesupport_c.c\n'}
[1.319561] (utils) StdoutLine: {'line': b'-- Up-to-date: /uros_ws/Brain_DEI/brain/install/utils/lib/python3.12/site-packages/utils/utils_s__rosidl_typesupport_c.so\n'}
[1.319735] (utils) StdoutLine: {'line': b'-- Up-to-date: /uros_ws/Brain_DEI/brain/install/utils/lib/python3.12/site-packages/utils/utils_s__rosidl_typesupport_introspection_c.so\n'}
[1.319905] (utils) StdoutLine: {'line': b'-- Up-to-date: /uros_ws/Brain_DEI/brain/install/utils/lib/python3.12/site-packages/utils/_utils_s.ep.rosidl_typesupport_introspection_c.c\n'}
[1.320113] (utils) StdoutLine: {'line': b'-- Up-to-date: /uros_ws/Brain_DEI/brain/install/utils/lib/python3.12/site-packages/utils/_utils_s.ep.rosidl_typesupport_fastrtps_c.c\n'}
[1.348159] (utils) StdoutLine: {'line': b"Listing '/uros_ws/Brain_DEI/brain/install/utils/lib/python3.12/site-packages/utils'...\n"}
[1.348710] (utils) StdoutLine: {'line': b"Listing '/uros_ws/Brain_DEI/brain/install/utils/lib/python3.12/site-packages/utils/msg'...\n"}
[1.348943] (utils) StdoutLine: {'line': b"Listing '/uros_ws/Brain_DEI/brain/install/utils/lib/python3.12/site-packages/utils/srv'...\n"}
[1.365025] (utils) StdoutLine: {'line': b'-- Up-to-date: /uros_ws/Brain_DEI/brain/install/utils/lib/python3.12/site-packages/utils/utils_s__rosidl_typesupport_fastrtps_c.so\n'}
[1.365614] (utils) StdoutLine: {'line': b'-- Up-to-date: /uros_ws/Brain_DEI/brain/install/utils/lib/python3.12/site-packages/utils/utils_s__rosidl_typesupport_introspection_c.so\n'}
[1.366618] (utils) StdoutLine: {'line': b'-- Up-to-date: /uros_ws/Brain_DEI/brain/install/utils/lib/python3.12/site-packages/utils/utils_s__rosidl_typesupport_c.so\n'}
[1.367751] (utils) StdoutLine: {'line': b'-- Up-to-date: /uros_ws/Brain_DEI/brain/install/utils/lib/libutils__rosidl_generator_py.so\n'}
[1.368145] (utils) StdoutLine: {'line': b'-- Up-to-date: /uros_ws/Brain_DEI/brain/install/utils/share/utils/msg/IMU.idl\n'}
[1.368402] (utils) StdoutLine: {'line': b'-- Up-to-date: /uros_ws/Brain_DEI/brain/install/utils/share/utils/msg/Localisation.idl\n'}
[1.368647] (utils) StdoutLine: {'line': b'-- Up-to-date: /uros_ws/Brain_DEI/brain/install/utils/share/utils/msg/Vehicles.idl\n'}
[1.368838] (utils) StdoutLine: {'line': b'-- Up-to-date: /uros_ws/Brain_DEI/brain/install/utils/share/utils/msg/Environmental.idl\n'}
[1.369019] (utils) StdoutLine: {'line': b'-- Up-to-date: /uros_ws/Brain_DEI/brain/install/utils/share/utils/msg/Log.idl\n'}
[1.369312] (utils) StdoutLine: {'line': b'-- Up-to-date: /uros_ws/Brain_DEI/brain/install/utils/share/utils/msg/TopicInfo.idl\n'}
[1.369520] (utils) StdoutLine: {'line': b'-- Up-to-date: /uros_ws/Brain_DEI/brain/install/utils/share/utils/msg/Semaphore.idl\n'}
[1.369747] (utils) StdoutLine: {'line': b'-- Up-to-date: /uros_ws/Brain_DEI/brain/install/utils/share/utils/msg/Conditions.idl\n'}
[1.369961] (utils) StdoutLine: {'line': b'-- Up-to-date: /uros_ws/Brain_DEI/brain/install/utils/share/utils/msg/Trafficsignprediction.idl\n'}
[1.370156] (utils) StdoutLine: {'line': b'-- Up-to-date: /uros_ws/Brain_DEI/brain/install/utils/share/utils/srv/Subscribing.idl\n'}
[1.370347] (utils) StdoutLine: {'line': b'-- Up-to-date: /uros_ws/Brain_DEI/brain/install/utils/share/utils/srv/RequestParam.idl\n'}
[1.370628] (utils) StdoutLine: {'line': b'-- Up-to-date: /uros_ws/Brain_DEI/brain/install/utils/share/utils/msg/IMU.msg\n'}
[1.370841] (utils) StdoutLine: {'line': b'-- Up-to-date: /uros_ws/Brain_DEI/brain/install/utils/share/utils/msg/Localisation.msg\n'}
[1.371055] (utils) StdoutLine: {'line': b'-- Up-to-date: /uros_ws/Brain_DEI/brain/install/utils/share/utils/msg/Vehicles.msg\n'}
[1.371265] (utils) StdoutLine: {'line': b'-- Up-to-date: /uros_ws/Brain_DEI/brain/install/utils/share/utils/msg/Environmental.msg\n'}
[1.371448] (utils) StdoutLine: {'line': b'-- Up-to-date: /uros_ws/Brain_DEI/brain/install/utils/share/utils/msg/Log.msg\n'}
[1.371634] (utils) StdoutLine: {'line': b'-- Up-to-date: /uros_ws/Brain_DEI/brain/install/utils/share/utils/msg/TopicInfo.msg\n'}
[1.371821] (utils) StdoutLine: {'line': b'-- Up-to-date: /uros_ws/Brain_DEI/brain/install/utils/share/utils/msg/Semaphore.msg\n'}
[1.372115] (utils) StdoutLine: {'line': b'-- Up-to-date: /uros_ws/Brain_DEI/brain/install/utils/share/utils/msg/Conditions.msg\n'}
[1.372351] (utils) StdoutLine: {'line': b'-- Up-to-date: /uros_ws/Brain_DEI/brain/install/utils/share/utils/msg/Trafficsignprediction.msg\n'}
[1.372557] (utils) StdoutLine: {'line': b'-- Up-to-date: /uros_ws/Brain_DEI/brain/install/utils/share/utils/srv/Subscribing.srv\n'}
[1.372767] (utils) StdoutLine: {'line': b'-- Up-to-date: /uros_ws/Brain_DEI/brain/install/utils/share/utils/srv/RequestParam.srv\n'}
[1.373377] (utils) StdoutLine: {'line': b'-- Up-to-date: /uros_ws/Brain_DEI/brain/install/utils/share/utils/launch\n'}
[1.373762] (utils) StdoutLine: {'line': b'-- Up-to-date: /uros_ws/Brain_DEI/brain/install/utils/share/utils/launch/run_automobile.launch.py\n'}
[1.374002] (utils) StdoutLine: {'line': b'-- Up-to-date: /uros_ws/Brain_DEI/brain/install/utils/share/ament_index/resource_index/package_run_dependencies/utils\n'}
[1.374207] (utils) StdoutLine: {'line': b'-- Up-to-date: /uros_ws/Brain_DEI/brain/install/utils/share/ament_index/resource_index/parent_prefix_path/utils\n'}
[1.374401] (utils) StdoutLine: {'line': b'-- Up-to-date: /uros_ws/Brain_DEI/brain/install/utils/share/utils/environment/ament_prefix_path.sh\n'}
[1.374625] (utils) StdoutLine: {'line': b'-- Up-to-date: /uros_ws/Brain_DEI/brain/install/utils/share/utils/environment/ament_prefix_path.dsv\n'}
[1.374942] (utils) StdoutLine: {'line': b'-- Up-to-date: /uros_ws/Brain_DEI/brain/install/utils/share/utils/environment/path.sh\n'}
[1.375197] (utils) StdoutLine: {'line': b'-- Up-to-date: /uros_ws/Brain_DEI/brain/install/utils/share/utils/environment/path.dsv\n'}
[1.375394] (utils) StdoutLine: {'line': b'-- Up-to-date: /uros_ws/Brain_DEI/brain/install/utils/share/utils/local_setup.bash\n'}
[1.375656] (utils) StdoutLine: {'line': b'-- Up-to-date: /uros_ws/Brain_DEI/brain/install/utils/share/utils/local_setup.sh\n'}
[1.375937] (utils) StdoutLine: {'line': b'-- Up-to-date: /uros_ws/Brain_DEI/brain/install/utils/share/utils/local_setup.zsh\n'}
[1.376176] (utils) StdoutLine: {'line': b'-- Up-to-date: /uros_ws/Brain_DEI/brain/install/utils/share/utils/local_setup.dsv\n'}
[1.376427] (utils) StdoutLine: {'line': b'-- Installing: /uros_ws/Brain_DEI/brain/install/utils/share/utils/package.dsv\n'}
[1.376616] (utils) StdoutLine: {'line': b'-- Up-to-date: /uros_ws/Brain_DEI/brain/install/utils/share/ament_index/resource_index/packages/utils\n'}
[1.376931] (utils) StdoutLine: {'line': b'-- Up-to-date: /uros_ws/Brain_DEI/brain/install/utils/share/utils/cmake/export_utils__rosidl_generator_cExport.cmake\n'}
[1.377170] (utils) StdoutLine: {'line': b'-- Up-to-date: /uros_ws/Brain_DEI/brain/install/utils/share/utils/cmake/export_utils__rosidl_generator_cExport-noconfig.cmake\n'}
[1.377352] (utils) StdoutLine: {'line': b'-- Up-to-date: /uros_ws/Brain_DEI/brain/install/utils/share/utils/cmake/export_utils__rosidl_typesupport_fastrtps_cExport.cmake\n'}
[1.377574] (utils) StdoutLine: {'line': b'-- Up-to-date: /uros_ws/Brain_DEI/brain/install/utils/share/utils/cmake/export_utils__rosidl_typesupport_fastrtps_cExport-noconfig.cmake\n'}
[1.377811] (utils) StdoutLine: {'line': b'-- Up-to-date: /uros_ws/Brain_DEI/brain/install/utils/share/utils/cmake/utils__rosidl_typesupport_introspection_cExport.cmake\n'}
[1.378028] (utils) StdoutLine: {'line': b'-- Up-to-date: /uros_ws/Brain_DEI/brain/install/utils/share/utils/cmake/utils__rosidl_typesupport_introspection_cExport-noconfig.cmake\n'}
[1.378217] (utils) StdoutLine: {'line': b'-- Up-to-date: /uros_ws/Brain_DEI/brain/install/utils/share/utils/cmake/utils__rosidl_typesupport_cExport.cmake\n'}
[1.378467] (utils) StdoutLine: {'line': b'-- Up-to-date: /uros_ws/Brain_DEI/brain/install/utils/share/utils/cmake/utils__rosidl_typesupport_cExport-noconfig.cmake\n'}
[1.378656] (utils) StdoutLine: {'line': b'-- Up-to-date: /uros_ws/Brain_DEI/brain/install/utils/share/utils/cmake/export_utils__rosidl_generator_cppExport.cmake\n'}
[1.378886] (utils) StdoutLine: {'line': b'-- Up-to-date: /uros_ws/Brain_DEI/brain/install/utils/share/utils/cmake/export_utils__rosidl_typesupport_fastrtps_cppExport.cmake\n'}
[1.379069] (utils) StdoutLine: {'line': b'-- Up-to-date: /uros_ws/Brain_DEI/brain/install/utils/share/utils/cmake/export_utils__rosidl_typesupport_fastrtps_cppExport-noconfig.cmake\n'}
[1.379315] (utils) StdoutLine: {'line': b'-- Up-to-date: /uros_ws/Brain_DEI/brain/install/utils/share/utils/cmake/utils__rosidl_typesupport_introspection_cppExport.cmake\n'}
[1.379618] (utils) StdoutLine: {'line': b'-- Up-to-date: /uros_ws/Brain_DEI/brain/install/utils/share/utils/cmake/utils__rosidl_typesupport_introspection_cppExport-noconfig.cmake\n'}
[1.379847] (utils) StdoutLine: {'line': b'-- Up-to-date: /uros_ws/Brain_DEI/brain/install/utils/share/utils/cmake/utils__rosidl_typesupport_cppExport.cmake\n'}
[1.380158] (utils) StdoutLine: {'line': b'-- Up-to-date: /uros_ws/Brain_DEI/brain/install/utils/share/utils/cmake/utils__rosidl_typesupport_cppExport-noconfig.cmake\n'}
[1.380385] (utils) StdoutLine: {'line': b'-- Up-to-date: /uros_ws/Brain_DEI/brain/install/utils/share/utils/cmake/export_utils__rosidl_generator_pyExport.cmake\n'}
[1.380598] (utils) StdoutLine: {'line': b'-- Up-to-date: /uros_ws/Brain_DEI/brain/install/utils/share/utils/cmake/export_utils__rosidl_generator_pyExport-noconfig.cmake\n'}
[1.380912] (utils) StdoutLine: {'line': b'-- Up-to-date: /uros_ws/Brain_DEI/brain/install/utils/share/utils/cmake/rosidl_cmake-extras.cmake\n'}
[1.381150] (utils) StdoutLine: {'line': b'-- Up-to-date: /uros_ws/Brain_DEI/brain/install/utils/share/utils/cmake/ament_cmake_export_dependencies-extras.cmake\n'}
[1.381400] (utils) StdoutLine: {'line': b'-- Up-to-date: /uros_ws/Brain_DEI/brain/install/utils/share/utils/cmake/ament_cmake_export_include_directories-extras.cmake\n'}
[1.381609] (utils) StdoutLine: {'line': b'-- Up-to-date: /uros_ws/Brain_DEI/brain/install/utils/share/utils/cmake/ament_cmake_export_libraries-extras.cmake\n'}
[1.381788] (utils) StdoutLine: {'line': b'-- Up-to-date: /uros_ws/Brain_DEI/brain/install/utils/share/utils/cmake/ament_cmake_export_targets-extras.cmake\n'}
[1.381966] (utils) StdoutLine: {'line': b'-- Up-to-date: /uros_ws/Brain_DEI/brain/install/utils/share/utils/cmake/rosidl_cmake_export_typesupport_targets-extras.cmake\n'}
[1.382145] (utils) StdoutLine: {'line': b'-- Up-to-date: /uros_ws/Brain_DEI/brain/install/utils/share/utils/cmake/rosidl_cmake_export_typesupport_libraries-extras.cmake\n'}
[1.382324] (utils) StdoutLine: {'line': b'-- Up-to-date: /uros_ws/Brain_DEI/brain/install/utils/share/utils/cmake/utilsConfig.cmake\n'}
[1.382534] (utils) StdoutLine: {'line': b'-- Up-to-date: /uros_ws/Brain_DEI/brain/install/utils/share/utils/cmake/utilsConfig-version.cmake\n'}
[1.382714] (utils) StdoutLine: {'line': b'-- Up-to-date: /uros_ws/Brain_DEI/brain/install/utils/share/utils/package.xml\n'}
[1.388052] (utils) CommandEnded: {'returncode': 0}
[1.406181] (-) TimerEvent: {}
[1.471664] (utils) JobEnded: {'identifier': 'utils', 'rc': 0}
[1.475549] (input) JobStarted: {'identifier': 'input'}
[1.487148] (unix_out) JobStarted: {'identifier': 'unix_out'}
[1.506431] (-) TimerEvent: {}
[1.610364] (-) TimerEvent: {}
[1.711000] (-) TimerEvent: {}
[1.811732] (-) TimerEvent: {}
[1.912682] (-) TimerEvent: {}
[2.013237] (-) TimerEvent: {}
[2.113840] (-) TimerEvent: {}
[2.214449] (-) TimerEvent: {}
[2.315088] (-) TimerEvent: {}
[2.415839] (-) TimerEvent: {}
[2.516814] (-) TimerEvent: {}
[2.591245] (smart) Command: {'cmd': ['/usr/bin/python3', '-W', 'ignore:setup.py install is deprecated', '-W', 'ignore:easy_install command is deprecated', 'setup.py', 'egg_info', '--egg-base', '../../build/smart', 'build', '--build-base', '/uros_ws/Brain_DEI/brain/build/smart/build', 'install', '--record', '/uros_ws/Brain_DEI/brain/build/smart/install.log', '--single-version-externally-managed', 'install_data'], 'cwd': '/uros_ws/Brain_DEI/brain/src/smart', 'env': {'LESSOPEN': '| /usr/bin/lesspipe %s', 'HOSTNAME': 'ubuntu', 'SHLVL': '1', 'LD_LIBRARY_PATH': '/uros_ws/Brain_DEI/brain/install/utils/lib:/uros_ws/install/micro_ros_agent/lib:/uros_ws/install/micro_ros_msgs/lib:/opt/ros/jazzy/opt/rviz_ogre_vendor/lib:/opt/ros/jazzy/lib/aarch64-linux-gnu:/opt/ros/jazzy/opt/gz_math_vendor/lib:/opt/ros/jazzy/opt/gz_utils_vendor/lib:/opt/ros/jazzy/opt/gz_cmake_vendor/lib:/opt/ros/jazzy/lib', 'HOME': '/root', 'OLDPWD': '/uros_ws', 'MICROROS_DISABLE_SHM': '1', 'ROS_PYTHON_VERSION': '3', 'COLCON_PREFIX_PATH': '/uros_ws/Brain_DEI/brain/install:/uros_ws/install', 'ROS_DISTRO': 'jazzy', 'IGN_GAZEBO_MODEL_PATH': '/opt/ros/jazzy/share', '_': '/usr/bin/colcon', 'ROS_VERSION': '2', 'TERM': 'xterm', 'GAZEBO_MODEL_PATH': '/opt/ros/jazzy/share', 'PATH': '/opt/ros/jazzy/bin:/usr/local/sbin:/usr/local/bin:/usr/sbin:/usr/bin:/sbin:/bin', 'LANG': 'C.UTF-8', 'RMW_IMPLEMENTATION': 'rmw_fastrtps_cpp', 'LS_COLORS': 'rs=0:di=01;34:ln=01;36:mh=00:pi=40;33:so=01;35:do=01;35:bd=40;33;01:cd=40;33;01:or=40;31;01:mi=00:su=37;41:sg=30;43:ca=00:tw=30;42:ow=34;42:st=37;44:ex=01;32:*.tar=01;31:*.tgz=01;31:*.arc=01;31:*.arj=01;31:*.taz=01;31:*.lha=01;31:*.lz4=01;31:*.lzh=01;31:*.lzma=01;31:*.tlz=01;31:*.txz=01;31:*.tzo=01;31:*.t7z=01;31:*.zip=01;31:*.z=01;31:*.dz=01;31:*.gz=01;31:*.lrz=01;31:*.lz=01;31:*.lzo=01;31:*.xz=01;31:*.zst=01;31:*.tzst=01;31:*.bz2=01;31:*.bz=01;31:*.tbz=01;31:*.tbz2=01;31:*.tz=01;31:*.deb=01;31:*.rpm=01;31:*.jar=01;31:*.war=01;31:*.ear=01;31:*.sar=01;31:*.rar=01;31:*.alz=01;31:*.ace=01;31:*.zoo=01;31:*.cpio=01;31:*.7z=01;31:*.rz=01;31:*.cab=01;31:*.wim=01;31:*.swm=01;31:*.dwm=01;31:*.esd=01;31:*.avif=01;35:*.jpg=01;35:*.jpeg=01;35:*.mjpg=01;35:*.mjpeg=01;35:*.gif=01;35:*.bmp=01;35:*.pbm=01;35:*.pgm=01;35:*.ppm=01;35:*.tga=01;35:*.xbm=01;35:*.xpm=01;35:*.tif=01;35:*.tiff=01;35:*.png=01;35:*.svg=01;35:*.svgz=01;35:*.mng=01;35:*.pcx=01;35:*.mov=01;35:*.mpg=01;35:*.mpeg=01;35:*.m2v=01;35:*.mkv=01;35:*.webm=01;35:*.webp=01;35:*.ogm=01;35:*.mp4=01;35:*.m4v=01;35:*.mp4v=01;35:*.vob=01;35:*.qt=01;35:*.nuv=01;35:*.wmv=01;35:*.asf=01;35:*.rm=01;35:*.rmvb=01;35:*.flc=01;35:*.avi=01;35:*.fli=01;35:*.flv=01;35:*.gl=01;35:*.dl=01;35:*.xcf=01;35:*.xwd=01;35:*.yuv=01;35:*.cgm=01;35:*.emf=01;35:*.ogv=01;35:*.ogx=01;35:*.aac=00;36:*.au=00;36:*.flac=00;36:*.m4a=00;36:*.mid=00;36:*.midi=00;36:*.mka=00;36:*.mp3=00;36:*.mpc=00;36:*.ogg=00;36:*.ra=00;36:*.wav=00;36:*.oga=00;36:*.opus=00;36:*.spx=00;36:*.xspf=00;36:*~=00;90:*#=00;90:*.bak=00;90:*.crdownload=00;90:*.dpkg-dist=00;90:*.dpkg-new=00;90:*.dpkg-old=00;90:*.dpkg-tmp=00;90:*.old=00;90:*.orig=00;90:*.part=00;90:*.rej=00;90:*.rpmnew=00;90:*.rpmorig=00;90:*.rpmsave=00;90:*.swp=00;90:*.tmp=00;90:*.ucf-dist=00;90:*.ucf-new=00;90:*.ucf-old=00;90:', 'AMENT_PREFIX_PATH': '/uros_ws/Brain_DEI/brain/install/unix_out:/uros_ws/Brain_DEI/brain/install/input:/uros_ws/Brain_DEI/brain/install/utils:/uros_ws/Brain_DEI/brain/install/smart:/uros_ws/install/micro_ros_agent:/uros_ws/install/micro_ros_msgs:/opt/ros/jazzy', 'LESSCLOSE': '/usr/bin/lesspipe %s %s', 'IGN_GAZEBO_RESOURCE_PATH': '/opt/ros/jazzy/share', 'GAZEBO_RESOURCE_PATH': '/opt/ros/jazzy/share', 'ROS_AUTOMATIC_DISCOVERY_RANGE': 'SUBNET', 'PWD': '/uros_ws/Brain_DEI/brain/build/smart', 'LC_ALL': 'C.UTF-8', 'PYTHONPATH': '/uros_ws/Brain_DEI/brain/build/smart/prefix_override:/usr/lib/python3/dist-packages/colcon_core/task/python/colcon_distutils_commands:/uros_ws/Brain_DEI/brain/install/smart/lib/python3.12/site-packages:/uros_ws/Brain_DEI/brain/install/unix_out/lib/python3.12/site-packages:/uros_ws/Brain_DEI/brain/install/input/lib/python3.12/site-packages:/uros_ws/Brain_DEI/brain/install/utils/lib/python3.12/site-packages:/uros_ws/Brain_DEI/brain/install/smart/lib/python3.12/site-packages:/uros_ws/install/micro_ros_msgs/lib/python3.12/site-packages:/opt/ros/jazzy/lib/python3.12/site-packages', 'COLCON': '1', 'CMAKE_PREFIX_PATH': '/uros_ws/Brain_DEI/brain/install/utils:/uros_ws/install/micro_ros_agent:/uros_ws/install/micro_ros_msgs:/opt/ros/jazzy/opt/gz_math_vendor:/opt/ros/jazzy/opt/gz_utils_vendor:/opt/ros/jazzy/opt/gz_cmake_vendor'}, 'shell': False}
[2.617919] (-) TimerEvent: {}
[2.720358] (-) TimerEvent: {}
[2.820971] (-) TimerEvent: {}
[2.921567] (-) TimerEvent: {}
[3.022130] (-) TimerEvent: {}
[3.122706] (-) TimerEvent: {}
[3.209331] (smart) StdoutLine: {'line': b'running egg_info\n'}
[3.222846] (-) TimerEvent: {}
[3.249645] (smart) StdoutLine: {'line': b'writing ../../build/smart/smart.egg-info/PKG-INFO\n'}
[3.250689] (smart) StdoutLine: {'line': b'writing dependency_links to ../../build/smart/smart.egg-info/dependency_links.txt\n'}
[3.251233] (smart) StdoutLine: {'line': b'writing entry points to ../../build/smart/smart.egg-info/entry_points.txt\n'}
[3.254965] (smart) StdoutLine: {'line': b'writing requirements to ../../build/smart/smart.egg-info/requires.txt\n'}
[3.255869] (smart) StdoutLine: {'line': b'writing top-level names to ../../build/smart/smart.egg-info/top_level.txt\n'}
[3.322989] (-) TimerEvent: {}
[3.335935] (smart) StdoutLine: {'line': b"reading manifest file '../../build/smart/smart.egg-info/SOURCES.txt'\n"}
[3.338261] (smart) StdoutLine: {'line': b"writing manifest file '../../build/smart/smart.egg-info/SOURCES.txt'\n"}
[3.338860] (smart) StdoutLine: {'line': b'running build\n'}
[3.340606] (smart) StdoutLine: {'line': b'running build_py\n'}
[3.341058] (smart) StdoutLine: {'line': b'running install\n'}
[3.353116] (smart) StdoutLine: {'line': b'running install_lib\n'}
[3.396992] (smart) StdoutLine: {'line': b'running install_data\n'}
[3.398938] (smart) StdoutLine: {'line': b'running install_egg_info\n'}
[3.423130] (-) TimerEvent: {}
[3.442803] (smart) StdoutLine: {'line': b"removing '/uros_ws/Brain_DEI/brain/install/smart/lib/python3.12/site-packages/smart-0.0.0-py3.12.egg-info' (and everything under it)\n"}
[3.444208] (smart) StdoutLine: {'line': b'Copying ../../build/smart/smart.egg-info to /uros_ws/Brain_DEI/brain/install/smart/lib/python3.12/site-packages/smart-0.0.0-py3.12.egg-info\n'}
[3.445770] (smart) StdoutLine: {'line': b'running install_scripts\n'}
[3.523273] (-) TimerEvent: {}
[3.623882] (-) TimerEvent: {}
[3.724456] (-) TimerEvent: {}
[3.740441] (smart) StdoutLine: {'line': b'Installing oak_camera_node script to /uros_ws/Brain_DEI/brain/install/smart/lib/smart\n'}
[3.741361] (smart) StdoutLine: {'line': b"writing list of installed files to '/uros_ws/Brain_DEI/brain/build/smart/install.log'\n"}
[3.824620] (-) TimerEvent: {}
[3.838648] (smart) CommandEnded: {'returncode': 0}
[3.864778] (smart) JobEnded: {'identifier': 'smart', 'rc': 0}
[3.924821] (-) TimerEvent: {}
[3.969081] (unix_out) Command: {'cmd': ['/usr/bin/python3', '-W', 'ignore:setup.py install is deprecated', '-W', 'ignore:easy_install command is deprecated', 'setup.py', 'egg_info', '--egg-base', '../../build/unix_out', 'build', '--build-base', '/uros_ws/Brain_DEI/brain/build/unix_out/build', 'install', '--record', '/uros_ws/Brain_DEI/brain/build/unix_out/install.log', '--single-version-externally-managed', 'install_data'], 'cwd': '/uros_ws/Brain_DEI/brain/src/unix_out', 'env': {'LESSOPEN': '| /usr/bin/lesspipe %s', 'HOSTNAME': 'ubuntu', 'SHLVL': '1', 'LD_LIBRARY_PATH': '/uros_ws/Brain_DEI/brain/install/utils/lib:/uros_ws/install/micro_ros_agent/lib:/uros_ws/install/micro_ros_msgs/lib:/opt/ros/jazzy/opt/rviz_ogre_vendor/lib:/opt/ros/jazzy/lib/aarch64-linux-gnu:/opt/ros/jazzy/opt/gz_math_vendor/lib:/opt/ros/jazzy/opt/gz_utils_vendor/lib:/opt/ros/jazzy/opt/gz_cmake_vendor/lib:/opt/ros/jazzy/lib', 'HOME': '/root', 'OLDPWD': '/uros_ws', 'MICROROS_DISABLE_SHM': '1', 'ROS_PYTHON_VERSION': '3', 'COLCON_PREFIX_PATH': '/uros_ws/Brain_DEI/brain/install:/uros_ws/install', 'ROS_DISTRO': 'jazzy', 'IGN_GAZEBO_MODEL_PATH': '/opt/ros/jazzy/share', '_': '/usr/bin/colcon', 'ROS_VERSION': '2', 'TERM': 'xterm', 'GAZEBO_MODEL_PATH': '/opt/ros/jazzy/share', 'PATH': '/opt/ros/jazzy/bin:/usr/local/sbin:/usr/local/bin:/usr/sbin:/usr/bin:/sbin:/bin', 'LANG': 'C.UTF-8', 'RMW_IMPLEMENTATION': 'rmw_fastrtps_cpp', 'LS_COLORS': 'rs=0:di=01;34:ln=01;36:mh=00:pi=40;33:so=01;35:do=01;35:bd=40;33;01:cd=40;33;01:or=40;31;01:mi=00:su=37;41:sg=30;43:ca=00:tw=30;42:ow=34;42:st=37;44:ex=01;32:*.tar=01;31:*.tgz=01;31:*.arc=01;31:*.arj=01;31:*.taz=01;31:*.lha=01;31:*.lz4=01;31:*.lzh=01;31:*.lzma=01;31:*.tlz=01;31:*.txz=01;31:*.tzo=01;31:*.t7z=01;31:*.zip=01;31:*.z=01;31:*.dz=01;31:*.gz=01;31:*.lrz=01;31:*.lz=01;31:*.lzo=01;31:*.xz=01;31:*.zst=01;31:*.tzst=01;31:*.bz2=01;31:*.bz=01;31:*.tbz=01;31:*.tbz2=01;31:*.tz=01;31:*.deb=01;31:*.rpm=01;31:*.jar=01;31:*.war=01;31:*.ear=01;31:*.sar=01;31:*.rar=01;31:*.alz=01;31:*.ace=01;31:*.zoo=01;31:*.cpio=01;31:*.7z=01;31:*.rz=01;31:*.cab=01;31:*.wim=01;31:*.swm=01;31:*.dwm=01;31:*.esd=01;31:*.avif=01;35:*.jpg=01;35:*.jpeg=01;35:*.mjpg=01;35:*.mjpeg=01;35:*.gif=01;35:*.bmp=01;35:*.pbm=01;35:*.pgm=01;35:*.ppm=01;35:*.tga=01;35:*.xbm=01;35:*.xpm=01;35:*.tif=01;35:*.tiff=01;35:*.png=01;35:*.svg=01;35:*.svgz=01;35:*.mng=01;35:*.pcx=01;35:*.mov=01;35:*.mpg=01;35:*.mpeg=01;35:*.m2v=01;35:*.mkv=01;35:*.webm=01;35:*.webp=01;35:*.ogm=01;35:*.mp4=01;35:*.m4v=01;35:*.mp4v=01;35:*.vob=01;35:*.qt=01;35:*.nuv=01;35:*.wmv=01;35:*.asf=01;35:*.rm=01;35:*.rmvb=01;35:*.flc=01;35:*.avi=01;35:*.fli=01;35:*.flv=01;35:*.gl=01;35:*.dl=01;35:*.xcf=01;35:*.xwd=01;35:*.yuv=01;35:*.cgm=01;35:*.emf=01;35:*.ogv=01;35:*.ogx=01;35:*.aac=00;36:*.au=00;36:*.flac=00;36:*.m4a=00;36:*.mid=00;36:*.midi=00;36:*.mka=00;36:*.mp3=00;36:*.mpc=00;36:*.ogg=00;36:*.ra=00;36:*.wav=00;36:*.oga=00;36:*.opus=00;36:*.spx=00;36:*.xspf=00;36:*~=00;90:*#=00;90:*.bak=00;90:*.crdownload=00;90:*.dpkg-dist=00;90:*.dpkg-new=00;90:*.dpkg-old=00;90:*.dpkg-tmp=00;90:*.old=00;90:*.orig=00;90:*.part=00;90:*.rej=00;90:*.rpmnew=00;90:*.rpmorig=00;90:*.rpmsave=00;90:*.swp=00;90:*.tmp=00;90:*.ucf-dist=00;90:*.ucf-new=00;90:*.ucf-old=00;90:', 'AMENT_PREFIX_PATH': '/uros_ws/Brain_DEI/brain/install/unix_out:/uros_ws/Brain_DEI/brain/install/input:/uros_ws/Brain_DEI/brain/install/utils:/uros_ws/Brain_DEI/brain/install/smart:/uros_ws/install/micro_ros_agent:/uros_ws/install/micro_ros_msgs:/opt/ros/jazzy', 'LESSCLOSE': '/usr/bin/lesspipe %s %s', 'IGN_GAZEBO_RESOURCE_PATH': '/opt/ros/jazzy/share', 'GAZEBO_RESOURCE_PATH': '/opt/ros/jazzy/share', 'ROS_AUTOMATIC_DISCOVERY_RANGE': 'SUBNET', 'PWD': '/uros_ws/Brain_DEI/brain/build/unix_out', 'LC_ALL': 'C.UTF-8', 'PYTHONPATH': '/uros_ws/Brain_DEI/brain/build/unix_out/prefix_override:/usr/lib/python3/dist-packages/colcon_core/task/python/colcon_distutils_commands:/uros_ws/Brain_DEI/brain/install/unix_out/lib/python3.12/site-packages:/uros_ws/Brain_DEI/brain/install/utils/lib/python3.12/site-packages:/uros_ws/Brain_DEI/brain/install/unix_out/lib/python3.12/site-packages:/uros_ws/Brain_DEI/brain/install/input/lib/python3.12/site-packages:/uros_ws/Brain_DEI/brain/install/smart/lib/python3.12/site-packages:/uros_ws/install/micro_ros_msgs/lib/python3.12/site-packages:/opt/ros/jazzy/lib/python3.12/site-packages', 'COLCON': '1', 'CMAKE_PREFIX_PATH': '/uros_ws/Brain_DEI/brain/install/utils:/uros_ws/install/micro_ros_agent:/uros_ws/install/micro_ros_msgs:/opt/ros/jazzy/opt/gz_math_vendor:/opt/ros/jazzy/opt/gz_utils_vendor:/opt/ros/jazzy/opt/gz_cmake_vendor'}, 'shell': False}
[4.024997] (-) TimerEvent: {}
[4.046932] (input) Command: {'cmd': ['/usr/bin/python3', '-W', 'ignore:setup.py install is deprecated', '-W', 'ignore:easy_install command is deprecated', 'setup.py', 'egg_info', '--egg-base', '../../build/input', 'build', '--build-base', '/uros_ws/Brain_DEI/brain/build/input/build', 'install', '--record', '/uros_ws/Brain_DEI/brain/build/input/install.log', '--single-version-externally-managed', 'install_data'], 'cwd': '/uros_ws/Brain_DEI/brain/src/input', 'env': {'LESSOPEN': '| /usr/bin/lesspipe %s', 'HOSTNAME': 'ubuntu', 'SHLVL': '1', 'LD_LIBRARY_PATH': '/uros_ws/Brain_DEI/brain/install/utils/lib:/uros_ws/install/micro_ros_agent/lib:/uros_ws/install/micro_ros_msgs/lib:/opt/ros/jazzy/opt/rviz_ogre_vendor/lib:/opt/ros/jazzy/lib/aarch64-linux-gnu:/opt/ros/jazzy/opt/gz_math_vendor/lib:/opt/ros/jazzy/opt/gz_utils_vendor/lib:/opt/ros/jazzy/opt/gz_cmake_vendor/lib:/opt/ros/jazzy/lib', 'HOME': '/root', 'OLDPWD': '/uros_ws', 'MICROROS_DISABLE_SHM': '1', 'ROS_PYTHON_VERSION': '3', 'COLCON_PREFIX_PATH': '/uros_ws/Brain_DEI/brain/install:/uros_ws/install', 'ROS_DISTRO': 'jazzy', 'IGN_GAZEBO_MODEL_PATH': '/opt/ros/jazzy/share', '_': '/usr/bin/colcon', 'ROS_VERSION': '2', 'TERM': 'xterm', 'GAZEBO_MODEL_PATH': '/opt/ros/jazzy/share', 'PATH': '/opt/ros/jazzy/bin:/usr/local/sbin:/usr/local/bin:/usr/sbin:/usr/bin:/sbin:/bin', 'LANG': 'C.UTF-8', 'RMW_IMPLEMENTATION': 'rmw_fastrtps_cpp', 'LS_COLORS': 'rs=0:di=01;34:ln=01;36:mh=00:pi=40;33:so=01;35:do=01;35:bd=40;33;01:cd=40;33;01:or=40;31;01:mi=00:su=37;41:sg=30;43:ca=00:tw=30;42:ow=34;42:st=37;44:ex=01;32:*.tar=01;31:*.tgz=01;31:*.arc=01;31:*.arj=01;31:*.taz=01;31:*.lha=01;31:*.lz4=01;31:*.lzh=01;31:*.lzma=01;31:*.tlz=01;31:*.txz=01;31:*.tzo=01;31:*.t7z=01;31:*.zip=01;31:*.z=01;31:*.dz=01;31:*.gz=01;31:*.lrz=01;31:*.lz=01;31:*.lzo=01;31:*.xz=01;31:*.zst=01;31:*.tzst=01;31:*.bz2=01;31:*.bz=01;31:*.tbz=01;31:*.tbz2=01;31:*.tz=01;31:*.deb=01;31:*.rpm=01;31:*.jar=01;31:*.war=01;31:*.ear=01;31:*.sar=01;31:*.rar=01;31:*.alz=01;31:*.ace=01;31:*.zoo=01;31:*.cpio=01;31:*.7z=01;31:*.rz=01;31:*.cab=01;31:*.wim=01;31:*.swm=01;31:*.dwm=01;31:*.esd=01;31:*.avif=01;35:*.jpg=01;35:*.jpeg=01;35:*.mjpg=01;35:*.mjpeg=01;35:*.gif=01;35:*.bmp=01;35:*.pbm=01;35:*.pgm=01;35:*.ppm=01;35:*.tga=01;35:*.xbm=01;35:*.xpm=01;35:*.tif=01;35:*.tiff=01;35:*.png=01;35:*.svg=01;35:*.svgz=01;35:*.mng=01;35:*.pcx=01;35:*.mov=01;35:*.mpg=01;35:*.mpeg=01;35:*.m2v=01;35:*.mkv=01;35:*.webm=01;35:*.webp=01;35:*.ogm=01;35:*.mp4=01;35:*.m4v=01;35:*.mp4v=01;35:*.vob=01;35:*.qt=01;35:*.nuv=01;35:*.wmv=01;35:*.asf=01;35:*.rm=01;35:*.rmvb=01;35:*.flc=01;35:*.avi=01;35:*.fli=01;35:*.flv=01;35:*.gl=01;35:*.dl=01;35:*.xcf=01;35:*.xwd=01;35:*.yuv=01;35:*.cgm=01;35:*.emf=01;35:*.ogv=01;35:*.ogx=01;35:*.aac=00;36:*.au=00;36:*.flac=00;36:*.m4a=00;36:*.mid=00;36:*.midi=00;36:*.mka=00;36:*.mp3=00;36:*.mpc=00;36:*.ogg=00;36:*.ra=00;36:*.wav=00;36:*.oga=00;36:*.opus=00;36:*.spx=00;36:*.xspf=00;36:*~=00;90:*#=00;90:*.bak=00;90:*.crdownload=00;90:*.dpkg-dist=00;90:*.dpkg-new=00;90:*.dpkg-old=00;90:*.dpkg-tmp=00;90:*.old=00;90:*.orig=00;90:*.part=00;90:*.rej=00;90:*.rpmnew=00;90:*.rpmorig=00;90:*.rpmsave=00;90:*.swp=00;90:*.tmp=00;90:*.ucf-dist=00;90:*.ucf-new=00;90:*.ucf-old=00;90:', 'AMENT_PREFIX_PATH': '/uros_ws/Brain_DEI/brain/install/unix_out:/uros_ws/Brain_DEI/brain/install/input:/uros_ws/Brain_DEI/brain/install/utils:/uros_ws/Brain_DEI/brain/install/smart:/uros_ws/install/micro_ros_agent:/uros_ws/install/micro_ros_msgs:/opt/ros/jazzy', 'LESSCLOSE': '/usr/bin/lesspipe %s %s', 'IGN_GAZEBO_RESOURCE_PATH': '/opt/ros/jazzy/share', 'GAZEBO_RESOURCE_PATH': '/opt/ros/jazzy/share', 'ROS_AUTOMATIC_DISCOVERY_RANGE': 'SUBNET', 'PWD': '/uros_ws/Brain_DEI/brain/build/input', 'LC_ALL': 'C.UTF-8', 'PYTHONPATH': '/uros_ws/Brain_DEI/brain/build/input/prefix_override:/usr/lib/python3/dist-packages/colcon_core/task/python/colcon_distutils_commands:/uros_ws/Brain_DEI/brain/install/input/lib/python3.12/site-packages:/uros_ws/Brain_DEI/brain/install/utils/lib/python3.12/site-packages:/uros_ws/Brain_DEI/brain/install/unix_out/lib/python3.12/site-packages:/uros_ws/Brain_DEI/brain/install/input/lib/python3.12/site-packages:/uros_ws/Brain_DEI/brain/install/smart/lib/python3.12/site-packages:/uros_ws/install/micro_ros_msgs/lib/python3.12/site-packages:/opt/ros/jazzy/lib/python3.12/site-packages', 'COLCON': '1', 'CMAKE_PREFIX_PATH': '/uros_ws/Brain_DEI/brain/install/utils:/uros_ws/install/micro_ros_agent:/uros_ws/install/micro_ros_msgs:/opt/ros/jazzy/opt/gz_math_vendor:/opt/ros/jazzy/opt/gz_utils_vendor:/opt/ros/jazzy/opt/gz_cmake_vendor'}, 'shell': False}
[4.125132] (-) TimerEvent: {}
[4.226213] (-) TimerEvent: {}
[4.327038] (-) TimerEvent: {}
[4.427735] (-) TimerEvent: {}
[4.528326] (-) TimerEvent: {}
[4.628983] (-) TimerEvent: {}
[4.637914] (unix_out) StdoutLine: {'line': b'running egg_info\n'}
[4.678919] (unix_out) StdoutLine: {'line': b'writing ../../build/unix_out/unix_out.egg-info/PKG-INFO\n'}
[4.679613] (unix_out) StdoutLine: {'line': b'writing dependency_links to ../../build/unix_out/unix_out.egg-info/dependency_links.txt\n'}
[4.680322] (unix_out) StdoutLine: {'line': b'writing entry points to ../../build/unix_out/unix_out.egg-info/entry_points.txt\n'}
[4.680722] (unix_out) StdoutLine: {'line': b'writing requirements to ../../build/unix_out/unix_out.egg-info/requires.txt\n'}
[4.681052] (unix_out) StdoutLine: {'line': b'writing top-level names to ../../build/unix_out/unix_out.egg-info/top_level.txt\n'}
[4.705788] (input) StdoutLine: {'line': b'running egg_info\n'}
[4.729173] (-) TimerEvent: {}
[4.747827] (input) StdoutLine: {'line': b'writing ../../build/input/input.egg-info/PKG-INFO\n'}
[4.748454] (input) StdoutLine: {'line': b'writing dependency_links to ../../build/input/input.egg-info/dependency_links.txt\n'}
[4.748993] (input) StdoutLine: {'line': b'writing entry points to ../../build/input/input.egg-info/entry_points.txt\n'}
[4.749460] (input) StdoutLine: {'line': b'writing requirements to ../../build/input/input.egg-info/requires.txt\n'}
[4.749761] (input) StdoutLine: {'line': b'writing top-level names to ../../build/input/input.egg-info/top_level.txt\n'}
[4.766896] (unix_out) StdoutLine: {'line': b"reading manifest file '../../build/unix_out/unix_out.egg-info/SOURCES.txt'\n"}
[4.768502] (unix_out) StdoutLine: {'line': b"writing manifest file '../../build/unix_out/unix_out.egg-info/SOURCES.txt'\n"}
[4.768845] (unix_out) StdoutLine: {'line': b'running build\n'}
[4.769054] (unix_out) StdoutLine: {'line': b'running build_py\n'}
[4.769252] (unix_out) StdoutLine: {'line': b'running install\n'}
[4.782704] (unix_out) StdoutLine: {'line': b'running install_lib\n'}
[4.825523] (unix_out) StdoutLine: {'line': b'running install_data\n'}
[4.826103] (unix_out) StdoutLine: {'line': b'running install_egg_info\n'}
[4.829280] (-) TimerEvent: {}
[4.839340] (input) StdoutLine: {'line': b"reading manifest file '../../build/input/input.egg-info/SOURCES.txt'\n"}
[4.842336] (input) StdoutLine: {'line': b"writing manifest file '../../build/input/input.egg-info/SOURCES.txt'\n"}
[4.843023] (input) StdoutLine: {'line': b'running build\n'}
[4.843305] (input) StdoutLine: {'line': b'running build_py\n'}
[4.854300] (input) StdoutLine: {'line': b'running install\n'}
[4.868994] (input) StdoutLine: {'line': b'running install_lib\n'}
[4.872065] (unix_out) StdoutLine: {'line': b"removing '/uros_ws/Brain_DEI/brain/install/unix_out/lib/python3.12/site-packages/unix_out-0.0.0-py3.12.egg-info' (and everything under it)\n"}
[4.872528] (unix_out) StdoutLine: {'line': b'Copying ../../build/unix_out/unix_out.egg-info to /uros_ws/Brain_DEI/brain/install/unix_out/lib/python3.12/site-packages/unix_out-0.0.0-py3.12.egg-info\n'}
[4.874624] (unix_out) StdoutLine: {'line': b'running install_scripts\n'}
[4.921573] (input) StdoutLine: {'line': b'running install_data\n'}
[4.922735] (input) StdoutLine: {'line': b'running install_egg_info\n'}
[4.929386] (-) TimerEvent: {}
[4.967714] (input) StdoutLine: {'line': b"removing '/uros_ws/Brain_DEI/brain/install/input/lib/python3.12/site-packages/input-0.0.0-py3.12.egg-info' (and everything under it)\n"}
[4.970512] (input) StdoutLine: {'line': b'Copying ../../build/input/input.egg-info to /uros_ws/Brain_DEI/brain/install/input/lib/python3.12/site-packages/input-0.0.0-py3.12.egg-info\n'}
[4.972279] (input) StdoutLine: {'line': b'running install_scripts\n'}
[5.029573] (-) TimerEvent: {}
[5.130136] (-) TimerEvent: {}
[5.158675] (unix_out) StdoutLine: {'line': b'Installing camera_to_socket script to /uros_ws/Brain_DEI/brain/install/unix_out/lib/unix_out\n'}
[5.159654] (unix_out) StdoutLine: {'line': b'Installing lidar_to_socket script to /uros_ws/Brain_DEI/brain/install/unix_out/lib/unix_out\n'}
[5.159935] (unix_out) StdoutLine: {'line': b'Installing metrics_to_socket script to /uros_ws/Brain_DEI/brain/install/unix_out/lib/unix_out\n'}
[5.160425] (unix_out) StdoutLine: {'line': b"writing list of installed files to '/uros_ws/Brain_DEI/brain/build/unix_out/install.log'\n"}
[5.230279] (-) TimerEvent: {}
[5.251432] (unix_out) CommandEnded: {'returncode': 0}
[5.266508] (unix_out) JobEnded: {'identifier': 'unix_out', 'rc': 0}
[5.267816] (input) StdoutLine: {'line': b'Installing gpstrackerNODE script to /uros_ws/Brain_DEI/brain/install/input/lib/input\n'}
[5.268410] (input) StdoutLine: {'line': b'Installing imuNODE script to /uros_ws/Brain_DEI/brain/install/input/lib/input\n'}
[5.268726] (input) StdoutLine: {'line': b'Installing semaphoreBridgeNODE script to /uros_ws/Brain_DEI/brain/install/input/lib/input\n'}
[5.268933] (input) StdoutLine: {'line': b'Installing semaphoreNODE script to /uros_ws/Brain_DEI/brain/install/input/lib/input\n'}
[5.269123] (input) StdoutLine: {'line': b'Installing sonarNODE script to /uros_ws/Brain_DEI/brain/install/input/lib/input\n'}
[5.269350] (input) StdoutLine: {'line': b'Installing trafficBridgeNODE script to /uros_ws/Brain_DEI/brain/install/input/lib/input\n'}
[5.274080] (input) StdoutLine: {'line': b"writing list of installed files to '/uros_ws/Brain_DEI/brain/build/input/install.log'\n"}
[5.330556] (-) TimerEvent: {}
[5.391661] (input) CommandEnded: {'returncode': 0}
[5.411610] (input) JobEnded: {'identifier': 'input', 'rc': 0}
[5.414837] (-) EventReactorShutdown: {}
