[0.000000] (-) TimerEvent: {}
[0.000256] (utils) JobQueued: {'identifier': 'utils', 'dependencies': OrderedDict()}
[0.000283] (input) JobQueued: {'identifier': 'input', 'dependencies': OrderedDict({'utils': '/home/hisham/BFMC/Brain_DEI/brain/install/utils'})}
[0.000302] (output) JobQueued: {'identifier': 'output', 'dependencies': OrderedDict({'utils': '/home/hisham/BFMC/Brain_DEI/brain/install/utils'})}
[0.000317] (unix_out) JobQueued: {'identifier': 'unix_out', 'dependencies': OrderedDict({'utils': '/home/hisham/BFMC/Brain_DEI/brain/install/utils'})}
[0.000331] (utils) JobStarted: {'identifier': 'utils'}
[0.008846] (utils) JobProgress: {'identifier': 'utils', 'progress': 'cmake'}
[0.009242] (utils) Command: {'cmd': ['/usr/bin/cmake', '/home/hisham/BFMC/Brain_DEI/brain/src/utils', '-DCMAKE_INSTALL_PREFIX=/home/hisham/BFMC/Brain_DEI/brain/install/utils'], 'cwd': '/home/hisham/BFMC/Brain_DEI/brain/build/utils', 'env': OrderedDict({'LESSOPEN': '| /usr/bin/lesspipe %s', 'GZ_SIM_RESOURCE_PATH': '/opt/ros/jazzy/share', 'USER': 'hisham', 'GZ_CONFIG_PATH': '/opt/ros/jazzy/opt/gz_sim_vendor/share/gz:/opt/ros/jazzy/opt/sdformat_vendor/share/gz:/opt/ros/jazzy/opt/gz_gui_vendor/share/gz:/opt/ros/jazzy/opt/gz_transport_vendor/share/gz:/opt/ros/jazzy/opt/gz_rendering_vendor/share/gz:/opt/ros/jazzy/opt/gz_plugin_vendor/share/gz:/opt/ros/jazzy/opt/gz_fuel_tools_vendor/share/gz:/opt/ros/jazzy/opt/gz_msgs_vendor/share/gz:/opt/ros/jazzy/opt/gz_common_vendor/share/gz', 'XDG_SESSION_TYPE': 'x11', 'STM32CubeMX_PATH': '/home/hisham/STM32CubeMX', 'SHLVL': '1', 'LD_LIBRARY_PATH': '/opt/ros/jazzy/opt/zenoh_cpp_vendor/lib:/opt/ros/jazzy/opt/gz_sim_vendor/lib:/opt/ros/jazzy/opt/gz_sensors_vendor/lib:/opt/ros/jazzy/opt/gz_physics_vendor/lib:/opt/ros/jazzy/opt/sdformat_vendor/lib:/opt/ros/jazzy/opt/rviz_ogre_vendor/lib:/opt/ros/jazzy/lib/x86_64-linux-gnu:/opt/ros/jazzy/opt/gz_gui_vendor/lib:/opt/ros/jazzy/opt/gz_transport_vendor/lib:/opt/ros/jazzy/opt/gz_rendering_vendor/lib:/opt/ros/jazzy/opt/gz_plugin_vendor/lib:/opt/ros/jazzy/opt/gz_fuel_tools_vendor/lib:/opt/ros/jazzy/opt/gz_msgs_vendor/lib:/opt/ros/jazzy/opt/gz_common_vendor/lib:/opt/ros/jazzy/opt/gz_math_vendor/lib:/opt/ros/jazzy/opt/gz_utils_vendor/lib:/opt/ros/jazzy/opt/gz_tools_vendor/lib:/opt/ros/jazzy/opt/gz_ogre_next_vendor/lib:/opt/ros/jazzy/opt/gz_dartsim_vendor/lib:/opt/ros/jazzy/opt/gz_cmake_vendor/lib:/opt/ros/jazzy/lib:/home/hisham/acados_ws/acados/lib:', 'HOME': '/home/hisham', 'OLDPWD': '/home/hisham/BFMC/Brain_DEI/brain/src', 'DESKTOP_SESSION': 'ubuntu', 'ROS_PYTHON_VERSION': '3', 'GNOME_SHELL_SESSION_MODE': 'ubuntu', 'GTK_MODULES': 'gail:atk-bridge', 'DBUS_STARTER_BUS_TYPE': 'session', 'SYSTEMD_EXEC_PID': '3010', 'GSM_SKIP_SSH_AGENT_WORKAROUND': 'true', 'DBUS_SESSION_BUS_ADDRESS': 'unix:path=/run/user/1000/bus,guid=34fd7da4f4a81523c877782769f1285b', 'COLORTERM': 'truecolor', 'DEBUGINFOD_URLS': 'https://debuginfod.ubuntu.com', 'ROS_DISTRO': 'jazzy', 'LOGNAME': 'hisham', '_': '/usr/bin/colcon', 'ROS_VERSION': '2', 'MEMORY_PRESSURE_WATCH': '/sys/fs/cgroup/user.slice/user-1000.slice/user@1000.service/app.slice/app-gnome\\x2dsession\\x2dmanager.slice/gnome-session-manager@ubuntu.service/memory.pressure', 'XDG_SESSION_CLASS': 'user', 'USERNAME': 'hisham', 'TERM': 'xterm-256color', 'GNOME_DESKTOP_SESSION_ID': 'this-is-deprecated', 'WINDOWPATH': '2', 'PATH': '/opt/ros/jazzy/opt/gz_msgs_vendor/bin:/opt/ros/jazzy/opt/gz_tools_vendor/bin:/opt/ros/jazzy/opt/gz_ogre_next_vendor/bin:/opt/ros/jazzy/bin:/home/hisham/miniconda3/bin:/home/hisham/.local/bin:/usr/local/sbin:/usr/local/bin:/usr/sbin:/usr/bin:/sbin:/bin:/usr/games:/usr/local/games:/snap/bin:/snap/bin', 'SESSION_MANAGER': 'local/hisham-IdeaPad-Gaming-3-15IMH05:@/tmp/.ICE-unix/3010,unix/hisham-IdeaPad-Gaming-3-15IMH05:/tmp/.ICE-unix/3010', 'XDG_MENU_PREFIX': 'gnome-', 'GNOME_TERMINAL_SCREEN': '/org/gnome/Terminal/screen/c586efb5_83b2_434f_b111_c2ff7e38a2bf', 'XDG_RUNTIME_DIR': '/run/user/1000', 'DISPLAY': ':1', 'LANG': 'en_US.UTF-8', 'XDG_CURRENT_DESKTOP': 'ubuntu:GNOME', 'XMODIFIERS': '@im=ibus', 'XDG_SESSION_DESKTOP': 'ubuntu', 'XAUTHORITY': '/run/user/1000/gdm/Xauthority', 'LS_COLORS': 'rs=0:di=01;34:ln=01;36:mh=00:pi=40;33:so=01;35:do=01;35:bd=40;33;01:cd=40;33;01:or=40;31;01:mi=00:su=37;41:sg=30;43:ca=00:tw=30;42:ow=34;42:st=37;44:ex=01;32:*.tar=01;31:*.tgz=01;31:*.arc=01;31:*.arj=01;31:*.taz=01;31:*.lha=01;31:*.lz4=01;31:*.lzh=01;31:*.lzma=01;31:*.tlz=01;31:*.txz=01;31:*.tzo=01;31:*.t7z=01;31:*.zip=01;31:*.z=01;31:*.dz=01;31:*.gz=01;31:*.lrz=01;31:*.lz=01;31:*.lzo=01;31:*.xz=01;31:*.zst=01;31:*.tzst=01;31:*.bz2=01;31:*.bz=01;31:*.tbz=01;31:*.tbz2=01;31:*.tz=01;31:*.deb=01;31:*.rpm=01;31:*.jar=01;31:*.war=01;31:*.ear=01;31:*.sar=01;31:*.rar=01;31:*.alz=01;31:*.ace=01;31:*.zoo=01;31:*.cpio=01;31:*.7z=01;31:*.rz=01;31:*.cab=01;31:*.wim=01;31:*.swm=01;31:*.dwm=01;31:*.esd=01;31:*.avif=01;35:*.jpg=01;35:*.jpeg=01;35:*.mjpg=01;35:*.mjpeg=01;35:*.gif=01;35:*.bmp=01;35:*.pbm=01;35:*.pgm=01;35:*.ppm=01;35:*.tga=01;35:*.xbm=01;35:*.xpm=01;35:*.tif=01;35:*.tiff=01;35:*.png=01;35:*.svg=01;35:*.svgz=01;35:*.mng=01;35:*.pcx=01;35:*.mov=01;35:*.mpg=01;35:*.mpeg=01;35:*.m2v=01;35:*.mkv=01;35:*.webm=01;35:*.webp=01;35:*.ogm=01;35:*.mp4=01;35:*.m4v=01;35:*.mp4v=01;35:*.vob=01;35:*.qt=01;35:*.nuv=01;35:*.wmv=01;35:*.asf=01;35:*.rm=01;35:*.rmvb=01;35:*.flc=01;35:*.avi=01;35:*.fli=01;35:*.flv=01;35:*.gl=01;35:*.dl=01;35:*.xcf=01;35:*.xwd=01;35:*.yuv=01;35:*.cgm=01;35:*.emf=01;35:*.ogv=01;35:*.ogx=01;35:*.aac=00;36:*.au=00;36:*.flac=00;36:*.m4a=00;36:*.mid=00;36:*.midi=00;36:*.mka=00;36:*.mp3=00;36:*.mpc=00;36:*.ogg=00;36:*.ra=00;36:*.wav=00;36:*.oga=00;36:*.opus=00;36:*.spx=00;36:*.xspf=00;36:*~=00;90:*#=00;90:*.bak=00;90:*.crdownload=00;90:*.dpkg-dist=00;90:*.dpkg-new=00;90:*.dpkg-old=00;90:*.dpkg-tmp=00;90:*.old=00;90:*.orig=00;90:*.part=00;90:*.rej=00;90:*.rpmnew=00;90:*.rpmorig=00;90:*.rpmsave=00;90:*.swp=00;90:*.tmp=00;90:*.ucf-dist=00;90:*.ucf-new=00;90:*.ucf-old=00;90:', 'GNOME_TERMINAL_SERVICE': ':1.169', 'SSH_AUTH_SOCK': '/run/user/1000/keyring/ssh', 'AMENT_PREFIX_PATH': '/opt/ros/jazzy', 'SHELL': '/bin/bash', 'QT_ACCESSIBILITY': '1', 'GDMSESSION': 'ubuntu', 'LESSCLOSE': '/usr/bin/lesspipe %s %s', 'GPG_AGENT_INFO': '/run/user/1000/gnupg/S.gpg-agent:0:1', 'ROS_AUTOMATIC_DISCOVERY_RANGE': 'SUBNET', 'QT_IM_MODULE': 'ibus', 'PWD': '/home/hisham/BFMC/Brain_DEI/brain/build/utils', 'XDG_CONFIG_DIRS': '/etc/xdg/xdg-ubuntu:/etc/xdg', 'DBUS_STARTER_ADDRESS': 'unix:path=/run/user/1000/bus,guid=34fd7da4f4a81523c877782769f1285b', 'XDG_DATA_DIRS': '/usr/share/ubuntu:/usr/share/gnome:/usr/local/share/:/usr/share/:/var/lib/snapd/desktop', 'PYTHONPATH': '/opt/ros/jazzy/lib/python3.12/site-packages', 'COLCON': '1', 'MEMORY_PRESSURE_WRITE': 'c29tZSAyMDAwMDAgMjAwMDAwMAA=', 'VTE_VERSION': '7600', 'CMAKE_PREFIX_PATH': '/opt/ros/jazzy/opt/gz_sim_vendor:/opt/ros/jazzy/opt/gz_sensors_vendor:/opt/ros/jazzy/opt/gz_physics_vendor:/opt/ros/jazzy/opt/sdformat_vendor:/opt/ros/jazzy/opt/gz_gui_vendor:/opt/ros/jazzy/opt/gz_transport_vendor:/opt/ros/jazzy/opt/gz_rendering_vendor:/opt/ros/jazzy/opt/gz_plugin_vendor:/opt/ros/jazzy/opt/gz_fuel_tools_vendor:/opt/ros/jazzy/opt/gz_msgs_vendor:/opt/ros/jazzy/opt/gz_common_vendor:/opt/ros/jazzy/opt/gz_math_vendor:/opt/ros/jazzy/opt/gz_utils_vendor:/opt/ros/jazzy/opt/gz_tools_vendor:/opt/ros/jazzy/opt/gz_ogre_next_vendor:/opt/ros/jazzy/opt/gz_dartsim_vendor:/opt/ros/jazzy/opt/gz_cmake_vendor:/opt/ros/jazzy'}), 'shell': False}
[0.099747] (-) TimerEvent: {}
[0.200817] (-) TimerEvent: {}
[0.301337] (-) TimerEvent: {}
[0.401908] (-) TimerEvent: {}
[0.423475] (utils) StdoutLine: {'line': b'-- The C compiler identification is GNU 13.3.0\n'}
[0.502057] (-) TimerEvent: {}
[0.602686] (-) TimerEvent: {}
[0.703259] (-) TimerEvent: {}
[0.725797] (utils) StdoutLine: {'line': b'-- The CXX compiler identification is GNU 13.3.0\n'}
[0.744412] (utils) StdoutLine: {'line': b'-- Detecting C compiler ABI info\n'}
[0.803339] (-) TimerEvent: {}
[0.834008] (utils) StdoutLine: {'line': b'-- Detecting C compiler ABI info - done\n'}
[0.841950] (utils) StdoutLine: {'line': b'-- Check for working C compiler: /usr/bin/cc - skipped\n'}
[0.842489] (utils) StdoutLine: {'line': b'-- Detecting C compile features\n'}
[0.843149] (utils) StdoutLine: {'line': b'-- Detecting C compile features - done\n'}
[0.851140] (utils) StdoutLine: {'line': b'-- Detecting CXX compiler ABI info\n'}
[0.903435] (-) TimerEvent: {}
[0.926739] (utils) StdoutLine: {'line': b'-- Detecting CXX compiler ABI info - done\n'}
[0.935267] (utils) StdoutLine: {'line': b'-- Check for working CXX compiler: /usr/bin/c++ - skipped\n'}
[0.935454] (utils) StdoutLine: {'line': b'-- Detecting CXX compile features\n'}
[0.935935] (utils) StdoutLine: {'line': b'-- Detecting CXX compile features - done\n'}
[0.944560] (utils) StdoutLine: {'line': b'-- Found ament_cmake: 2.5.4 (/opt/ros/jazzy/share/ament_cmake/cmake)\n'}
[1.003543] (-) TimerEvent: {}
[1.065605] (utils) StdoutLine: {'line': b'-- Found Python3: /usr/bin/python3 (found version "3.12.3") found components: Interpreter \n'}
[1.103653] (-) TimerEvent: {}
[1.182401] (utils) StdoutLine: {'line': b'-- Found rosidl_default_generators: 1.6.0 (/opt/ros/jazzy/share/rosidl_default_generators/cmake)\n'}
[1.191161] (utils) StdoutLine: {'line': b'-- Using all available rosidl_typesupport_c: rosidl_typesupport_fastrtps_c;rosidl_typesupport_introspection_c\n'}
[1.203752] (-) TimerEvent: {}
[1.263886] (utils) StdoutLine: {'line': b'-- Using all available rosidl_typesupport_cpp: rosidl_typesupport_fastrtps_cpp;rosidl_typesupport_introspection_cpp\n'}
[1.303948] (-) TimerEvent: {}
[1.330653] (utils) StdoutLine: {'line': b'-- Found rosidl_adapter: 4.6.6 (/opt/ros/jazzy/share/rosidl_adapter/cmake)\n'}
[1.338819] (utils) StdoutLine: {'line': b'-- Found std_msgs: 5.3.6 (/opt/ros/jazzy/share/std_msgs/cmake)\n'}
[1.404038] (-) TimerEvent: {}
[1.504219] (-) TimerEvent: {}
[1.604502] (-) TimerEvent: {}
[1.704742] (-) TimerEvent: {}
[1.804936] (-) TimerEvent: {}
[1.905148] (-) TimerEvent: {}
[1.913227] (utils) StdoutLine: {'line': b'-- Found ament_cmake_ros: 0.12.0 (/opt/ros/jazzy/share/ament_cmake_ros/cmake)\n'}
[2.005227] (-) TimerEvent: {}
[2.105454] (-) TimerEvent: {}
[2.205730] (-) TimerEvent: {}
[2.299512] (utils) StdoutLine: {'line': b'-- Using all available rosidl_typesupport_c: rosidl_typesupport_fastrtps_c;rosidl_typesupport_introspection_c\n'}
[2.305802] (-) TimerEvent: {}
[2.406031] (-) TimerEvent: {}
[2.506244] (-) TimerEvent: {}
[2.606430] (-) TimerEvent: {}
[2.706712] (-) TimerEvent: {}
[2.806979] (-) TimerEvent: {}
[2.823628] (utils) StdoutLine: {'line': b'-- Using all available rosidl_typesupport_cpp: rosidl_typesupport_fastrtps_cpp;rosidl_typesupport_introspection_cpp\n'}
[2.828896] (utils) StdoutLine: {'line': b'-- Found python_cmake_module: 0.11.1 (/opt/ros/jazzy/share/python_cmake_module/cmake)\n'}
[2.907089] (-) TimerEvent: {}
[2.934370] (utils) StdoutLine: {'line': b'-- Found PythonExtra: /usr/bin/python3  \n'}
[3.007175] (-) TimerEvent: {}
[3.107376] (-) TimerEvent: {}
[3.207692] (-) TimerEvent: {}
[3.308166] (-) TimerEvent: {}
[3.408408] (-) TimerEvent: {}
[3.477985] (utils) StdoutLine: {'line': b'-- Found Python3: /usr/bin/python3 (found version "3.12.3") found components: Interpreter Development NumPy Development.Module Development.Embed \n'}
[3.508503] (-) TimerEvent: {}
[3.544228] (utils) StdoutLine: {'line': b'-- Configuring done (3.5s)\n'}
[3.594375] (utils) StdoutLine: {'line': b'-- Generating done (0.0s)\n'}
[3.606896] (utils) StdoutLine: {'line': b'-- Build files have been written to: /home/hisham/BFMC/Brain_DEI/brain/build/utils\n'}
[3.608563] (-) TimerEvent: {}
[3.614360] (utils) CommandEnded: {'returncode': 0}
[3.614980] (utils) JobProgress: {'identifier': 'utils', 'progress': 'build'}
[3.615571] (utils) Command: {'cmd': ['/usr/bin/cmake', '--build', '/home/hisham/BFMC/Brain_DEI/brain/build/utils', '--', '-j12', '-l12'], 'cwd': '/home/hisham/BFMC/Brain_DEI/brain/build/utils', 'env': OrderedDict({'LESSOPEN': '| /usr/bin/lesspipe %s', 'GZ_SIM_RESOURCE_PATH': '/opt/ros/jazzy/share', 'USER': 'hisham', 'GZ_CONFIG_PATH': '/opt/ros/jazzy/opt/gz_sim_vendor/share/gz:/opt/ros/jazzy/opt/sdformat_vendor/share/gz:/opt/ros/jazzy/opt/gz_gui_vendor/share/gz:/opt/ros/jazzy/opt/gz_transport_vendor/share/gz:/opt/ros/jazzy/opt/gz_rendering_vendor/share/gz:/opt/ros/jazzy/opt/gz_plugin_vendor/share/gz:/opt/ros/jazzy/opt/gz_fuel_tools_vendor/share/gz:/opt/ros/jazzy/opt/gz_msgs_vendor/share/gz:/opt/ros/jazzy/opt/gz_common_vendor/share/gz', 'XDG_SESSION_TYPE': 'x11', 'STM32CubeMX_PATH': '/home/hisham/STM32CubeMX', 'SHLVL': '1', 'LD_LIBRARY_PATH': '/opt/ros/jazzy/opt/zenoh_cpp_vendor/lib:/opt/ros/jazzy/opt/gz_sim_vendor/lib:/opt/ros/jazzy/opt/gz_sensors_vendor/lib:/opt/ros/jazzy/opt/gz_physics_vendor/lib:/opt/ros/jazzy/opt/sdformat_vendor/lib:/opt/ros/jazzy/opt/rviz_ogre_vendor/lib:/opt/ros/jazzy/lib/x86_64-linux-gnu:/opt/ros/jazzy/opt/gz_gui_vendor/lib:/opt/ros/jazzy/opt/gz_transport_vendor/lib:/opt/ros/jazzy/opt/gz_rendering_vendor/lib:/opt/ros/jazzy/opt/gz_plugin_vendor/lib:/opt/ros/jazzy/opt/gz_fuel_tools_vendor/lib:/opt/ros/jazzy/opt/gz_msgs_vendor/lib:/opt/ros/jazzy/opt/gz_common_vendor/lib:/opt/ros/jazzy/opt/gz_math_vendor/lib:/opt/ros/jazzy/opt/gz_utils_vendor/lib:/opt/ros/jazzy/opt/gz_tools_vendor/lib:/opt/ros/jazzy/opt/gz_ogre_next_vendor/lib:/opt/ros/jazzy/opt/gz_dartsim_vendor/lib:/opt/ros/jazzy/opt/gz_cmake_vendor/lib:/opt/ros/jazzy/lib:/home/hisham/acados_ws/acados/lib:', 'HOME': '/home/hisham', 'OLDPWD': '/home/hisham/BFMC/Brain_DEI/brain/src', 'DESKTOP_SESSION': 'ubuntu', 'ROS_PYTHON_VERSION': '3', 'GNOME_SHELL_SESSION_MODE': 'ubuntu', 'GTK_MODULES': 'gail:atk-bridge', 'DBUS_STARTER_BUS_TYPE': 'session', 'SYSTEMD_EXEC_PID': '3010', 'GSM_SKIP_SSH_AGENT_WORKAROUND': 'true', 'DBUS_SESSION_BUS_ADDRESS': 'unix:path=/run/user/1000/bus,guid=34fd7da4f4a81523c877782769f1285b', 'COLORTERM': 'truecolor', 'DEBUGINFOD_URLS': 'https://debuginfod.ubuntu.com', 'ROS_DISTRO': 'jazzy', 'LOGNAME': 'hisham', '_': '/usr/bin/colcon', 'ROS_VERSION': '2', 'MEMORY_PRESSURE_WATCH': '/sys/fs/cgroup/user.slice/user-1000.slice/user@1000.service/app.slice/app-gnome\\x2dsession\\x2dmanager.slice/gnome-session-manager@ubuntu.service/memory.pressure', 'XDG_SESSION_CLASS': 'user', 'USERNAME': 'hisham', 'TERM': 'xterm-256color', 'GNOME_DESKTOP_SESSION_ID': 'this-is-deprecated', 'WINDOWPATH': '2', 'PATH': '/opt/ros/jazzy/opt/gz_msgs_vendor/bin:/opt/ros/jazzy/opt/gz_tools_vendor/bin:/opt/ros/jazzy/opt/gz_ogre_next_vendor/bin:/opt/ros/jazzy/bin:/home/hisham/miniconda3/bin:/home/hisham/.local/bin:/usr/local/sbin:/usr/local/bin:/usr/sbin:/usr/bin:/sbin:/bin:/usr/games:/usr/local/games:/snap/bin:/snap/bin', 'SESSION_MANAGER': 'local/hisham-IdeaPad-Gaming-3-15IMH05:@/tmp/.ICE-unix/3010,unix/hisham-IdeaPad-Gaming-3-15IMH05:/tmp/.ICE-unix/3010', 'XDG_MENU_PREFIX': 'gnome-', 'GNOME_TERMINAL_SCREEN': '/org/gnome/Terminal/screen/c586efb5_83b2_434f_b111_c2ff7e38a2bf', 'XDG_RUNTIME_DIR': '/run/user/1000', 'DISPLAY': ':1', 'LANG': 'en_US.UTF-8', 'XDG_CURRENT_DESKTOP': 'ubuntu:GNOME', 'XMODIFIERS': '@im=ibus', 'XDG_SESSION_DESKTOP': 'ubuntu', 'XAUTHORITY': '/run/user/1000/gdm/Xauthority', 'LS_COLORS': 'rs=0:di=01;34:ln=01;36:mh=00:pi=40;33:so=01;35:do=01;35:bd=40;33;01:cd=40;33;01:or=40;31;01:mi=00:su=37;41:sg=30;43:ca=00:tw=30;42:ow=34;42:st=37;44:ex=01;32:*.tar=01;31:*.tgz=01;31:*.arc=01;31:*.arj=01;31:*.taz=01;31:*.lha=01;31:*.lz4=01;31:*.lzh=01;31:*.lzma=01;31:*.tlz=01;31:*.txz=01;31:*.tzo=01;31:*.t7z=01;31:*.zip=01;31:*.z=01;31:*.dz=01;31:*.gz=01;31:*.lrz=01;31:*.lz=01;31:*.lzo=01;31:*.xz=01;31:*.zst=01;31:*.tzst=01;31:*.bz2=01;31:*.bz=01;31:*.tbz=01;31:*.tbz2=01;31:*.tz=01;31:*.deb=01;31:*.rpm=01;31:*.jar=01;31:*.war=01;31:*.ear=01;31:*.sar=01;31:*.rar=01;31:*.alz=01;31:*.ace=01;31:*.zoo=01;31:*.cpio=01;31:*.7z=01;31:*.rz=01;31:*.cab=01;31:*.wim=01;31:*.swm=01;31:*.dwm=01;31:*.esd=01;31:*.avif=01;35:*.jpg=01;35:*.jpeg=01;35:*.mjpg=01;35:*.mjpeg=01;35:*.gif=01;35:*.bmp=01;35:*.pbm=01;35:*.pgm=01;35:*.ppm=01;35:*.tga=01;35:*.xbm=01;35:*.xpm=01;35:*.tif=01;35:*.tiff=01;35:*.png=01;35:*.svg=01;35:*.svgz=01;35:*.mng=01;35:*.pcx=01;35:*.mov=01;35:*.mpg=01;35:*.mpeg=01;35:*.m2v=01;35:*.mkv=01;35:*.webm=01;35:*.webp=01;35:*.ogm=01;35:*.mp4=01;35:*.m4v=01;35:*.mp4v=01;35:*.vob=01;35:*.qt=01;35:*.nuv=01;35:*.wmv=01;35:*.asf=01;35:*.rm=01;35:*.rmvb=01;35:*.flc=01;35:*.avi=01;35:*.fli=01;35:*.flv=01;35:*.gl=01;35:*.dl=01;35:*.xcf=01;35:*.xwd=01;35:*.yuv=01;35:*.cgm=01;35:*.emf=01;35:*.ogv=01;35:*.ogx=01;35:*.aac=00;36:*.au=00;36:*.flac=00;36:*.m4a=00;36:*.mid=00;36:*.midi=00;36:*.mka=00;36:*.mp3=00;36:*.mpc=00;36:*.ogg=00;36:*.ra=00;36:*.wav=00;36:*.oga=00;36:*.opus=00;36:*.spx=00;36:*.xspf=00;36:*~=00;90:*#=00;90:*.bak=00;90:*.crdownload=00;90:*.dpkg-dist=00;90:*.dpkg-new=00;90:*.dpkg-old=00;90:*.dpkg-tmp=00;90:*.old=00;90:*.orig=00;90:*.part=00;90:*.rej=00;90:*.rpmnew=00;90:*.rpmorig=00;90:*.rpmsave=00;90:*.swp=00;90:*.tmp=00;90:*.ucf-dist=00;90:*.ucf-new=00;90:*.ucf-old=00;90:', 'GNOME_TERMINAL_SERVICE': ':1.169', 'SSH_AUTH_SOCK': '/run/user/1000/keyring/ssh', 'AMENT_PREFIX_PATH': '/opt/ros/jazzy', 'SHELL': '/bin/bash', 'QT_ACCESSIBILITY': '1', 'GDMSESSION': 'ubuntu', 'LESSCLOSE': '/usr/bin/lesspipe %s %s', 'GPG_AGENT_INFO': '/run/user/1000/gnupg/S.gpg-agent:0:1', 'ROS_AUTOMATIC_DISCOVERY_RANGE': 'SUBNET', 'QT_IM_MODULE': 'ibus', 'PWD': '/home/hisham/BFMC/Brain_DEI/brain/build/utils', 'XDG_CONFIG_DIRS': '/etc/xdg/xdg-ubuntu:/etc/xdg', 'DBUS_STARTER_ADDRESS': 'unix:path=/run/user/1000/bus,guid=34fd7da4f4a81523c877782769f1285b', 'XDG_DATA_DIRS': '/usr/share/ubuntu:/usr/share/gnome:/usr/local/share/:/usr/share/:/var/lib/snapd/desktop', 'PYTHONPATH': '/opt/ros/jazzy/lib/python3.12/site-packages', 'COLCON': '1', 'MEMORY_PRESSURE_WRITE': 'c29tZSAyMDAwMDAgMjAwMDAwMAA=', 'VTE_VERSION': '7600', 'CMAKE_PREFIX_PATH': '/opt/ros/jazzy/opt/gz_sim_vendor:/opt/ros/jazzy/opt/gz_sensors_vendor:/opt/ros/jazzy/opt/gz_physics_vendor:/opt/ros/jazzy/opt/sdformat_vendor:/opt/ros/jazzy/opt/gz_gui_vendor:/opt/ros/jazzy/opt/gz_transport_vendor:/opt/ros/jazzy/opt/gz_rendering_vendor:/opt/ros/jazzy/opt/gz_plugin_vendor:/opt/ros/jazzy/opt/gz_fuel_tools_vendor:/opt/ros/jazzy/opt/gz_msgs_vendor:/opt/ros/jazzy/opt/gz_common_vendor:/opt/ros/jazzy/opt/gz_math_vendor:/opt/ros/jazzy/opt/gz_utils_vendor:/opt/ros/jazzy/opt/gz_tools_vendor:/opt/ros/jazzy/opt/gz_ogre_next_vendor:/opt/ros/jazzy/opt/gz_dartsim_vendor:/opt/ros/jazzy/opt/gz_cmake_vendor:/opt/ros/jazzy'}), 'shell': False}
[3.657732] (utils) StdoutLine: {'line': b'[  1%] \x1b[34m\x1b[1mGenerating type hashes for ROS interfaces\x1b[0m\n'}
[3.664502] (utils) StdoutLine: {'line': b'[  1%] Built target ament_cmake_python_copy_utils\n'}
[3.708727] (-) TimerEvent: {}
[3.808956] (-) TimerEvent: {}
[3.880197] (utils) StdoutLine: {'line': b'running egg_info\n'}
[3.880912] (utils) StdoutLine: {'line': b'creating utils.egg-info\n'}
[3.903951] (utils) StdoutLine: {'line': b'writing utils.egg-info/PKG-INFO\n'}
[3.904146] (utils) StdoutLine: {'line': b'writing dependency_links to utils.egg-info/dependency_links.txt\n'}
[3.904253] (utils) StdoutLine: {'line': b'writing top-level names to utils.egg-info/top_level.txt\n'}
[3.904337] (utils) StdoutLine: {'line': b"writing manifest file 'utils.egg-info/SOURCES.txt'\n"}
[3.909018] (-) TimerEvent: {}
[3.976315] (utils) StdoutLine: {'line': b"reading manifest file 'utils.egg-info/SOURCES.txt'\n"}
[3.976475] (utils) StdoutLine: {'line': b'[  1%] Built target utils__rosidl_generator_type_description\n'}
[3.976604] (utils) StdoutLine: {'line': b"writing manifest file 'utils.egg-info/SOURCES.txt'\n"}
[3.985058] (utils) StdoutLine: {'line': b'[  2%] \x1b[34m\x1b[1mGenerating C code for ROS interfaces\x1b[0m\n'}
[3.993584] (utils) StdoutLine: {'line': b'[  2%] \x1b[34m\x1b[1mGenerating C++ code for ROS interfaces\x1b[0m\n'}
[3.999789] (utils) StdoutLine: {'line': b'[  2%] Built target ament_cmake_python_build_utils_egg\n'}
[4.009099] (-) TimerEvent: {}
[4.109321] (-) TimerEvent: {}
[4.209532] (-) TimerEvent: {}
[4.309735] (-) TimerEvent: {}
[4.409946] (-) TimerEvent: {}
[4.510125] (-) TimerEvent: {}
[4.610333] (-) TimerEvent: {}
[4.689226] (utils) StdoutLine: {'line': b'[  2%] Built target utils__cpp\n'}
[4.710450] (-) TimerEvent: {}
[4.810688] (-) TimerEvent: {}
[4.898847] (utils) StdoutLine: {'line': b'[  5%] \x1b[32mBuilding C object CMakeFiles/utils__rosidl_generator_c.dir/rosidl_generator_c/utils/msg/detail/localisation__description.c.o\x1b[0m\n'}
[4.899080] (utils) StdoutLine: {'line': b'[  5%] \x1b[32mBuilding C object CMakeFiles/utils__rosidl_generator_c.dir/rosidl_generator_c/utils/msg/detail/imu__description.c.o\x1b[0m\n'}
[4.900196] (utils) StdoutLine: {'line': b'[  5%] \x1b[32mBuilding C object CMakeFiles/utils__rosidl_generator_c.dir/rosidl_generator_c/utils/msg/detail/localisation__functions.c.o\x1b[0m\n'}
[4.900347] (utils) StdoutLine: {'line': b'[  5%] \x1b[32mBuilding C object CMakeFiles/utils__rosidl_generator_c.dir/rosidl_generator_c/utils/msg/detail/imu__functions.c.o\x1b[0m\n'}
[4.900417] (utils) StdoutLine: {'line': b'[  5%] \x1b[32mBuilding C object CMakeFiles/utils__rosidl_generator_c.dir/rosidl_generator_c/utils/msg/detail/imu__type_support.c.o\x1b[0m\n'}
[4.900480] (utils) StdoutLine: {'line': b'[  6%] \x1b[32mBuilding C object CMakeFiles/utils__rosidl_generator_c.dir/rosidl_generator_c/utils/msg/detail/vehicles__description.c.o\x1b[0m\n'}
[4.900540] (utils) StdoutLine: {'line': b'[  7%] \x1b[32mBuilding C object CMakeFiles/utils__rosidl_generator_c.dir/rosidl_generator_c/utils/msg/detail/vehicles__functions.c.o\x1b[0m\n'}
[4.900600] (utils) StdoutLine: {'line': b'[  7%] \x1b[32mBuilding C object CMakeFiles/utils__rosidl_generator_c.dir/rosidl_generator_c/utils/msg/detail/vehicles__type_support.c.o\x1b[0m\n'}
[4.900701] (utils) StdoutLine: {'line': b'[  8%] \x1b[32mBuilding C object CMakeFiles/utils__rosidl_generator_c.dir/rosidl_generator_c/utils/msg/detail/environmental__description.c.o\x1b[0m\n'}
[4.900806] (utils) StdoutLine: {'line': b'[ 10%] \x1b[32mBuilding C object CMakeFiles/utils__rosidl_generator_c.dir/rosidl_generator_c/utils/msg/detail/environmental__functions.c.o\x1b[0m\n'}
[4.900905] (utils) StdoutLine: {'line': b'[ 10%] \x1b[32mBuilding C object CMakeFiles/utils__rosidl_generator_c.dir/rosidl_generator_c/utils/msg/detail/localisation__type_support.c.o\x1b[0m\n'}
[4.901001] (utils) StdoutLine: {'line': b'[ 11%] \x1b[32mBuilding C object CMakeFiles/utils__rosidl_generator_c.dir/rosidl_generator_c/utils/msg/detail/environmental__type_support.c.o\x1b[0m\n'}
[4.910773] (-) TimerEvent: {}
[4.947709] (utils) StdoutLine: {'line': b'[ 12%] \x1b[32mBuilding C object CMakeFiles/utils__rosidl_generator_c.dir/rosidl_generator_c/utils/msg/detail/log__functions.c.o\x1b[0m\n'}
[4.948517] (utils) StdoutLine: {'line': b'[ 12%] \x1b[32mBuilding C object CMakeFiles/utils__rosidl_generator_c.dir/rosidl_generator_c/utils/msg/detail/log__description.c.o\x1b[0m\n'}
[4.948700] (utils) StdoutLine: {'line': b'[ 14%] \x1b[32mBuilding C object CMakeFiles/utils__rosidl_generator_c.dir/rosidl_generator_c/utils/msg/detail/topic_info__description.c.o\x1b[0m\n'}
[4.948828] (utils) StdoutLine: {'line': b'[ 14%] \x1b[32mBuilding C object CMakeFiles/utils__rosidl_generator_c.dir/rosidl_generator_c/utils/msg/detail/log__type_support.c.o\x1b[0m\n'}
[4.962616] (utils) StdoutLine: {'line': b'[ 15%] \x1b[32mBuilding C object CMakeFiles/utils__rosidl_generator_c.dir/rosidl_generator_c/utils/msg/detail/topic_info__functions.c.o\x1b[0m\n'}
[4.962879] (utils) StdoutLine: {'line': b'[ 15%] \x1b[32mBuilding C object CMakeFiles/utils__rosidl_generator_c.dir/rosidl_generator_c/utils/msg/detail/topic_info__type_support.c.o\x1b[0m\n'}
[4.965885] (utils) StdoutLine: {'line': b'[ 17%] \x1b[32mBuilding C object CMakeFiles/utils__rosidl_generator_c.dir/rosidl_generator_c/utils/msg/detail/semaphore__description.c.o\x1b[0m\n'}
[4.966108] (utils) StdoutLine: {'line': b'[ 17%] \x1b[32mBuilding C object CMakeFiles/utils__rosidl_generator_c.dir/rosidl_generator_c/utils/msg/detail/semaphore__functions.c.o\x1b[0m\n'}
[4.985745] (utils) StdoutLine: {'line': b'[ 17%] \x1b[32mBuilding C object CMakeFiles/utils__rosidl_generator_c.dir/rosidl_generator_c/utils/msg/detail/semaphore__type_support.c.o\x1b[0m\n'}
[4.992686] (utils) StdoutLine: {'line': b'[ 18%] \x1b[32mBuilding C object CMakeFiles/utils__rosidl_generator_c.dir/rosidl_generator_c/utils/msg/detail/conditions__description.c.o\x1b[0m\n'}
[4.994269] (utils) StdoutLine: {'line': b'[ 19%] \x1b[32mBuilding C object CMakeFiles/utils__rosidl_generator_c.dir/rosidl_generator_c/utils/msg/detail/trafficsignprediction__description.c.o\x1b[0m\n'}
[4.994550] (utils) StdoutLine: {'line': b'[ 21%] \x1b[32mBuilding C object CMakeFiles/utils__rosidl_generator_c.dir/rosidl_generator_c/utils/msg/detail/conditions__type_support.c.o\x1b[0m\n'}
[4.994700] (utils) StdoutLine: {'line': b'[ 21%] \x1b[32mBuilding C object CMakeFiles/utils__rosidl_generator_c.dir/rosidl_generator_c/utils/msg/detail/trafficsignprediction__functions.c.o\x1b[0m\n'}
[4.994938] (utils) StdoutLine: {'line': b'[ 19%] \x1b[32mBuilding C object CMakeFiles/utils__rosidl_generator_c.dir/rosidl_generator_c/utils/msg/detail/conditions__functions.c.o\x1b[0m\n'}
[4.995086] (utils) StdoutLine: {'line': b'[ 22%] \x1b[32mBuilding C object CMakeFiles/utils__rosidl_generator_c.dir/rosidl_generator_c/utils/msg/detail/trafficsignprediction__type_support.c.o\x1b[0m\n'}
[5.004717] (utils) StdoutLine: {'line': b'[ 23%] \x1b[32mBuilding C object CMakeFiles/utils__rosidl_generator_c.dir/rosidl_generator_c/utils/srv/detail/subscribing__description.c.o\x1b[0m\n'}
[5.011618] (-) TimerEvent: {}
[5.011917] (utils) StdoutLine: {'line': b'[ 23%] \x1b[32mBuilding C object CMakeFiles/utils__rosidl_generator_c.dir/rosidl_generator_c/utils/srv/detail/subscribing__functions.c.o\x1b[0m\n'}
[5.022218] (utils) StdoutLine: {'line': b'[ 24%] \x1b[32mBuilding C object CMakeFiles/utils__rosidl_generator_c.dir/rosidl_generator_c/utils/srv/detail/subscribing__type_support.c.o\x1b[0m\n'}
[5.030368] (utils) StdoutLine: {'line': b'[ 25%] \x1b[32mBuilding C object CMakeFiles/utils__rosidl_generator_c.dir/rosidl_generator_c/utils/srv/detail/request_param__description.c.o\x1b[0m\n'}
[5.032738] (utils) StdoutLine: {'line': b'[ 26%] \x1b[32mBuilding C object CMakeFiles/utils__rosidl_generator_c.dir/rosidl_generator_c/utils/srv/detail/request_param__functions.c.o\x1b[0m\n'}
[5.037114] (utils) StdoutLine: {'line': b'[ 26%] \x1b[32mBuilding C object CMakeFiles/utils__rosidl_generator_c.dir/rosidl_generator_c/utils/srv/detail/request_param__type_support.c.o\x1b[0m\n'}
[5.098315] (utils) StdoutLine: {'line': b'[ 27%] \x1b[32m\x1b[1mLinking C shared library libutils__rosidl_generator_c.so\x1b[0m\n'}
[5.111756] (-) TimerEvent: {}
[5.134894] (utils) StdoutLine: {'line': b'[ 27%] Built target utils__rosidl_generator_c\n'}
[5.142886] (utils) StdoutLine: {'line': b'[ 30%] \x1b[34m\x1b[1mGenerating C++ type support for eProsima Fast-RTPS\x1b[0m\n'}
[5.143116] (utils) StdoutLine: {'line': b'[ 30%] \x1b[34m\x1b[1mGenerating C introspection for ROS interfaces\x1b[0m\n'}
[5.143224] (utils) StdoutLine: {'line': b'[ 30%] \x1b[34m\x1b[1mGenerating C++ type support dispatch for ROS interfaces\x1b[0m\n'}
[5.143319] (utils) StdoutLine: {'line': b'[ 30%] \x1b[34m\x1b[1mGenerating C type support for eProsima Fast-RTPS\x1b[0m\n'}
[5.143411] (utils) StdoutLine: {'line': b'[ 30%] \x1b[34m\x1b[1mGenerating C type support dispatch for ROS interfaces\x1b[0m\n'}
[5.143507] (utils) StdoutLine: {'line': b'[ 31%] \x1b[34m\x1b[1mGenerating C++ introspection for ROS interfaces\x1b[0m\n'}
[5.211850] (-) TimerEvent: {}
[5.312080] (-) TimerEvent: {}
[5.412297] (-) TimerEvent: {}
[5.512515] (-) TimerEvent: {}
[5.614695] (-) TimerEvent: {}
[5.619218] (utils) StdoutLine: {'line': b'[ 34%] \x1b[32mBuilding CXX object CMakeFiles/utils__rosidl_typesupport_c.dir/rosidl_typesupport_c/utils/msg/environmental__type_support.cpp.o\x1b[0m\n'}
[5.620306] (utils) StdoutLine: {'line': b'[ 34%] \x1b[32mBuilding CXX object CMakeFiles/utils__rosidl_typesupport_c.dir/rosidl_typesupport_c/utils/msg/vehicles__type_support.cpp.o\x1b[0m\n'}
[5.620548] (utils) StdoutLine: {'line': b'[ 34%] \x1b[32mBuilding CXX object CMakeFiles/utils__rosidl_typesupport_c.dir/rosidl_typesupport_c/utils/msg/localisation__type_support.cpp.o\x1b[0m\n'}
[5.620736] (utils) StdoutLine: {'line': b'[ 35%] \x1b[32mBuilding CXX object CMakeFiles/utils__rosidl_typesupport_c.dir/rosidl_typesupport_c/utils/msg/topic_info__type_support.cpp.o\x1b[0m\n'}
[5.620905] (utils) StdoutLine: {'line': b'[ 36%] \x1b[32mBuilding CXX object CMakeFiles/utils__rosidl_typesupport_c.dir/rosidl_typesupport_c/utils/msg/semaphore__type_support.cpp.o\x1b[0m\n'}
[5.621053] (utils) StdoutLine: {'line': b'[ 36%] \x1b[32mBuilding CXX object CMakeFiles/utils__rosidl_typesupport_c.dir/rosidl_typesupport_c/utils/msg/imu__type_support.cpp.o\x1b[0m\n'}
[5.621188] (utils) StdoutLine: {'line': b'[ 36%] \x1b[32mBuilding CXX object CMakeFiles/utils__rosidl_typesupport_c.dir/rosidl_typesupport_c/utils/msg/log__type_support.cpp.o\x1b[0m\n'}
[5.630878] (utils) StdoutLine: {'line': b'[ 37%] \x1b[32mBuilding CXX object CMakeFiles/utils__rosidl_typesupport_cpp.dir/rosidl_typesupport_cpp/utils/msg/imu__type_support.cpp.o\x1b[0m\n'}
[5.695007] (utils) StdoutLine: {'line': b'[ 39%] \x1b[32mBuilding CXX object CMakeFiles/utils__rosidl_typesupport_cpp.dir/rosidl_typesupport_cpp/utils/msg/localisation__type_support.cpp.o\x1b[0m\n'}
[5.695226] (utils) StdoutLine: {'line': b'[ 39%] \x1b[32mBuilding CXX object CMakeFiles/utils__rosidl_typesupport_c.dir/rosidl_typesupport_c/utils/msg/trafficsignprediction__type_support.cpp.o\x1b[0m\n'}
[5.695322] (utils) StdoutLine: {'line': b'[ 41%] \x1b[32mBuilding CXX object CMakeFiles/utils__rosidl_typesupport_c.dir/rosidl_typesupport_c/utils/srv/subscribing__type_support.cpp.o\x1b[0m\n'}
[5.695442] (utils) StdoutLine: {'line': b'[ 41%] \x1b[32mBuilding CXX object CMakeFiles/utils__rosidl_typesupport_c.dir/rosidl_typesupport_c/utils/msg/conditions__type_support.cpp.o\x1b[0m\n'}
[5.695552] (utils) StdoutLine: {'line': b'[ 41%] \x1b[32mBuilding CXX object CMakeFiles/utils__rosidl_typesupport_cpp.dir/rosidl_typesupport_cpp/utils/msg/environmental__type_support.cpp.o\x1b[0m\n'}
[5.695692] (utils) StdoutLine: {'line': b'[ 41%] \x1b[32mBuilding CXX object CMakeFiles/utils__rosidl_typesupport_cpp.dir/rosidl_typesupport_cpp/utils/msg/log__type_support.cpp.o\x1b[0m\n'}
[5.696875] (utils) StdoutLine: {'line': b'[ 42%] \x1b[32mBuilding CXX object CMakeFiles/utils__rosidl_typesupport_cpp.dir/rosidl_typesupport_cpp/utils/msg/vehicles__type_support.cpp.o\x1b[0m\n'}
[5.714782] (-) TimerEvent: {}
[5.749358] (utils) StdoutLine: {'line': b'[ 43%] \x1b[32mBuilding CXX object CMakeFiles/utils__rosidl_typesupport_cpp.dir/rosidl_typesupport_cpp/utils/msg/topic_info__type_support.cpp.o\x1b[0m\n'}
[5.757069] (utils) StdoutLine: {'line': b'[ 43%] \x1b[32mBuilding CXX object CMakeFiles/utils__rosidl_typesupport_cpp.dir/rosidl_typesupport_cpp/utils/msg/semaphore__type_support.cpp.o\x1b[0m\n'}
[5.761906] (utils) StdoutLine: {'line': b'[ 44%] \x1b[32mBuilding CXX object CMakeFiles/utils__rosidl_typesupport_c.dir/rosidl_typesupport_c/utils/srv/request_param__type_support.cpp.o\x1b[0m\n'}
[5.814880] (-) TimerEvent: {}
[5.827209] (utils) StdoutLine: {'line': b'[ 45%] \x1b[32m\x1b[1mLinking CXX shared library libutils__rosidl_typesupport_c.so\x1b[0m\n'}
[5.889380] (utils) StdoutLine: {'line': b'[ 45%] Built target utils__rosidl_typesupport_c\n'}
[5.913776] (utils) StdoutLine: {'line': b'[ 46%] \x1b[32mBuilding CXX object CMakeFiles/utils__rosidl_typesupport_cpp.dir/rosidl_typesupport_cpp/utils/msg/conditions__type_support.cpp.o\x1b[0m\n'}
[5.914964] (-) TimerEvent: {}
[5.988363] (utils) StdoutLine: {'line': b'[ 47%] \x1b[32mBuilding CXX object CMakeFiles/utils__rosidl_typesupport_introspection_cpp.dir/rosidl_typesupport_introspection_cpp/utils/msg/detail/imu__type_support.cpp.o\x1b[0m\n'}
[6.015062] (-) TimerEvent: {}
[6.063079] (utils) StdoutLine: {'line': b'[ 48%] \x1b[32mBuilding C object CMakeFiles/utils__rosidl_typesupport_introspection_c.dir/rosidl_typesupport_introspection_c/utils/msg/detail/imu__type_support.c.o\x1b[0m\n'}
[6.115225] (-) TimerEvent: {}
[6.122744] (utils) StdoutLine: {'line': b'[ 49%] \x1b[32mBuilding C object CMakeFiles/utils__rosidl_typesupport_introspection_c.dir/rosidl_typesupport_introspection_c/utils/msg/detail/localisation__type_support.c.o\x1b[0m\n'}
[6.161775] (utils) StdoutLine: {'line': b'[ 51%] \x1b[32mBuilding C object CMakeFiles/utils__rosidl_typesupport_introspection_c.dir/rosidl_typesupport_introspection_c/utils/msg/detail/vehicles__type_support.c.o\x1b[0m\n'}
[6.162087] (utils) StdoutLine: {'line': b'[ 51%] \x1b[32mBuilding CXX object CMakeFiles/utils__rosidl_typesupport_introspection_cpp.dir/rosidl_typesupport_introspection_cpp/utils/msg/detail/localisation__type_support.cpp.o\x1b[0m\n'}
[6.169379] (utils) StdoutLine: {'line': b'[ 51%] \x1b[32mBuilding C object CMakeFiles/utils__rosidl_typesupport_introspection_c.dir/rosidl_typesupport_introspection_c/utils/msg/detail/environmental__type_support.c.o\x1b[0m\n'}
[6.170569] (utils) StdoutLine: {'line': b'[ 51%] \x1b[32mBuilding CXX object CMakeFiles/utils__rosidl_typesupport_introspection_cpp.dir/rosidl_typesupport_introspection_cpp/utils/msg/detail/vehicles__type_support.cpp.o\x1b[0m\n'}
[6.182025] (utils) StdoutLine: {'line': b'[ 52%] \x1b[32mBuilding CXX object CMakeFiles/utils__rosidl_typesupport_cpp.dir/rosidl_typesupport_cpp/utils/msg/trafficsignprediction__type_support.cpp.o\x1b[0m\n'}
[6.201738] (utils) StdoutLine: {'line': b'[ 53%] \x1b[32mBuilding CXX object CMakeFiles/utils__rosidl_typesupport_cpp.dir/rosidl_typesupport_cpp/utils/srv/subscribing__type_support.cpp.o\x1b[0m\n'}
[6.210570] (utils) StdoutLine: {'line': b'[ 54%] \x1b[32mBuilding CXX object CMakeFiles/utils__rosidl_typesupport_introspection_cpp.dir/rosidl_typesupport_introspection_cpp/utils/msg/detail/environmental__type_support.cpp.o\x1b[0m\n'}
[6.210945] (utils) StdoutLine: {'line': b'[ 55%] \x1b[32mBuilding CXX object CMakeFiles/utils__rosidl_typesupport_introspection_cpp.dir/rosidl_typesupport_introspection_cpp/utils/msg/detail/log__type_support.cpp.o\x1b[0m\n'}
[6.216705] (-) TimerEvent: {}
[6.222603] (utils) StdoutLine: {'line': b'[ 56%] \x1b[32mBuilding C object CMakeFiles/utils__rosidl_typesupport_introspection_c.dir/rosidl_typesupport_introspection_c/utils/msg/detail/log__type_support.c.o\x1b[0m\n'}
[6.238543] (utils) StdoutLine: {'line': b'[ 56%] \x1b[32mBuilding CXX object CMakeFiles/utils__rosidl_typesupport_cpp.dir/rosidl_typesupport_cpp/utils/srv/request_param__type_support.cpp.o\x1b[0m\n'}
[6.276703] (utils) StdoutLine: {'line': b'[ 57%] \x1b[32mBuilding C object CMakeFiles/utils__rosidl_typesupport_introspection_c.dir/rosidl_typesupport_introspection_c/utils/msg/detail/topic_info__type_support.c.o\x1b[0m\n'}
[6.316811] (-) TimerEvent: {}
[6.329225] (utils) StdoutLine: {'line': b'[ 58%] \x1b[32mBuilding C object CMakeFiles/utils__rosidl_typesupport_introspection_c.dir/rosidl_typesupport_introspection_c/utils/msg/detail/semaphore__type_support.c.o\x1b[0m\n'}
[6.378188] (utils) StdoutLine: {'line': b'[ 58%] \x1b[32mBuilding C object CMakeFiles/utils__rosidl_typesupport_introspection_c.dir/rosidl_typesupport_introspection_c/utils/msg/detail/conditions__type_support.c.o\x1b[0m\n'}
[6.383681] (utils) StdoutLine: {'line': b'[ 59%] \x1b[32mBuilding C object CMakeFiles/utils__rosidl_typesupport_introspection_c.dir/rosidl_typesupport_introspection_c/utils/msg/detail/trafficsignprediction__type_support.c.o\x1b[0m\n'}
[6.412483] (utils) StdoutLine: {'line': b'[ 59%] \x1b[32mBuilding CXX object CMakeFiles/utils__rosidl_typesupport_fastrtps_cpp.dir/rosidl_typesupport_fastrtps_cpp/utils/msg/detail/dds_fastrtps/imu__type_support.cpp.o\x1b[0m\n'}
[6.417104] (-) TimerEvent: {}
[6.434725] (utils) StdoutLine: {'line': b'[ 60%] \x1b[32mBuilding CXX object CMakeFiles/utils__rosidl_typesupport_introspection_cpp.dir/rosidl_typesupport_introspection_cpp/utils/msg/detail/topic_info__type_support.cpp.o\x1b[0m\n'}
[6.435787] (utils) StdoutLine: {'line': b'[ 61%] \x1b[32mBuilding C object CMakeFiles/utils__rosidl_typesupport_introspection_c.dir/rosidl_typesupport_introspection_c/utils/srv/detail/subscribing__type_support.c.o\x1b[0m\n'}
[6.475815] (utils) StdoutLine: {'line': b'[ 62%] \x1b[32mBuilding CXX object CMakeFiles/utils__rosidl_typesupport_fastrtps_cpp.dir/rosidl_typesupport_fastrtps_cpp/utils/msg/detail/dds_fastrtps/localisation__type_support.cpp.o\x1b[0m\n'}
[6.505926] (utils) StdoutLine: {'line': b'[ 63%] \x1b[32mBuilding C object CMakeFiles/utils__rosidl_typesupport_introspection_c.dir/rosidl_typesupport_introspection_c/utils/srv/detail/request_param__type_support.c.o\x1b[0m\n'}
[6.511403] (utils) StdoutLine: {'line': b'[ 64%] \x1b[32mBuilding CXX object CMakeFiles/utils__rosidl_typesupport_fastrtps_c.dir/rosidl_typesupport_fastrtps_c/utils/msg/detail/imu__type_support_c.cpp.o\x1b[0m\n'}
[6.517205] (-) TimerEvent: {}
[6.586718] (utils) StdoutLine: {'line': b'[ 64%] \x1b[32m\x1b[1mLinking C shared library libutils__rosidl_typesupport_introspection_c.so\x1b[0m\n'}
[6.617703] (-) TimerEvent: {}
[6.618436] (utils) StdoutLine: {'line': b'[ 64%] \x1b[32mBuilding CXX object CMakeFiles/utils__rosidl_typesupport_fastrtps_c.dir/rosidl_typesupport_fastrtps_c/utils/msg/detail/localisation__type_support_c.cpp.o\x1b[0m\n'}
[6.637692] (utils) StdoutLine: {'line': b'[ 64%] Built target utils__rosidl_typesupport_introspection_c\n'}
[6.639508] (utils) StdoutLine: {'line': b'[ 65%] \x1b[32mBuilding CXX object CMakeFiles/utils__rosidl_typesupport_fastrtps_cpp.dir/rosidl_typesupport_fastrtps_cpp/utils/msg/detail/dds_fastrtps/vehicles__type_support.cpp.o\x1b[0m\n'}
[6.648501] (utils) StdoutLine: {'line': b'[ 66%] \x1b[32mBuilding CXX object CMakeFiles/utils__rosidl_typesupport_fastrtps_c.dir/rosidl_typesupport_fastrtps_c/utils/msg/detail/vehicles__type_support_c.cpp.o\x1b[0m\n'}
[6.656005] (utils) StdoutLine: {'line': b'[ 66%] \x1b[32mBuilding CXX object CMakeFiles/utils__rosidl_typesupport_introspection_cpp.dir/rosidl_typesupport_introspection_cpp/utils/msg/detail/semaphore__type_support.cpp.o\x1b[0m\n'}
[6.674700] (utils) StdoutLine: {'line': b'[ 67%] \x1b[32mBuilding CXX object CMakeFiles/utils__rosidl_typesupport_fastrtps_c.dir/rosidl_typesupport_fastrtps_c/utils/msg/detail/environmental__type_support_c.cpp.o\x1b[0m\n'}
[6.691972] (utils) StdoutLine: {'line': b'[ 68%] \x1b[32mBuilding CXX object CMakeFiles/utils__rosidl_typesupport_fastrtps_c.dir/rosidl_typesupport_fastrtps_c/utils/msg/detail/log__type_support_c.cpp.o\x1b[0m\n'}
[6.717802] (-) TimerEvent: {}
[6.818103] (-) TimerEvent: {}
[6.834706] (utils) StdoutLine: {'line': b'[ 69%] \x1b[32mBuilding CXX object CMakeFiles/utils__rosidl_typesupport_fastrtps_cpp.dir/rosidl_typesupport_fastrtps_cpp/utils/msg/detail/dds_fastrtps/environmental__type_support.cpp.o\x1b[0m\n'}
[6.918208] (-) TimerEvent: {}
[6.933294] (utils) StdoutLine: {'line': b'[ 69%] \x1b[32mBuilding CXX object CMakeFiles/utils__rosidl_typesupport_fastrtps_c.dir/rosidl_typesupport_fastrtps_c/utils/msg/detail/topic_info__type_support_c.cpp.o\x1b[0m\n'}
[6.988805] (utils) StdoutLine: {'line': b'[ 70%] \x1b[32m\x1b[1mLinking CXX shared library libutils__rosidl_typesupport_cpp.so\x1b[0m\n'}
[7.018329] (-) TimerEvent: {}
[7.102837] (utils) StdoutLine: {'line': b'[ 71%] \x1b[32mBuilding CXX object CMakeFiles/utils__rosidl_typesupport_introspection_cpp.dir/rosidl_typesupport_introspection_cpp/utils/msg/detail/conditions__type_support.cpp.o\x1b[0m\n'}
[7.120724] (utils) StdoutLine: {'line': b'[ 71%] Built target utils__rosidl_typesupport_cpp\n'}
[7.120967] (-) TimerEvent: {}
[7.133490] (utils) StdoutLine: {'line': b'[ 71%] \x1b[32mBuilding CXX object CMakeFiles/utils__rosidl_typesupport_fastrtps_cpp.dir/rosidl_typesupport_fastrtps_cpp/utils/msg/detail/dds_fastrtps/log__type_support.cpp.o\x1b[0m\n'}
[7.178432] (utils) StdoutLine: {'line': b'[ 72%] \x1b[32mBuilding CXX object CMakeFiles/utils__rosidl_typesupport_fastrtps_c.dir/rosidl_typesupport_fastrtps_c/utils/msg/detail/semaphore__type_support_c.cpp.o\x1b[0m\n'}
[7.193773] (utils) StdoutLine: {'line': b'[ 73%] \x1b[32mBuilding CXX object CMakeFiles/utils__rosidl_typesupport_introspection_cpp.dir/rosidl_typesupport_introspection_cpp/utils/msg/detail/trafficsignprediction__type_support.cpp.o\x1b[0m\n'}
[7.221077] (-) TimerEvent: {}
[7.228771] (utils) StdoutLine: {'line': b'[ 74%] \x1b[32mBuilding CXX object CMakeFiles/utils__rosidl_typesupport_fastrtps_cpp.dir/rosidl_typesupport_fastrtps_cpp/utils/msg/detail/dds_fastrtps/topic_info__type_support.cpp.o\x1b[0m\n'}
[7.321192] (-) TimerEvent: {}
[7.329178] (utils) StdoutLine: {'line': b'[ 75%] \x1b[32mBuilding CXX object CMakeFiles/utils__rosidl_typesupport_fastrtps_cpp.dir/rosidl_typesupport_fastrtps_cpp/utils/msg/detail/dds_fastrtps/semaphore__type_support.cpp.o\x1b[0m\n'}
[7.353184] (utils) StdoutLine: {'line': b'[ 76%] \x1b[32mBuilding CXX object CMakeFiles/utils__rosidl_typesupport_introspection_cpp.dir/rosidl_typesupport_introspection_cpp/utils/srv/detail/subscribing__type_support.cpp.o\x1b[0m\n'}
[7.380610] (utils) StdoutLine: {'line': b'[ 77%] \x1b[32mBuilding CXX object CMakeFiles/utils__rosidl_typesupport_fastrtps_c.dir/rosidl_typesupport_fastrtps_c/utils/msg/detail/conditions__type_support_c.cpp.o\x1b[0m\n'}
[7.390345] (utils) StdoutLine: {'line': b'[ 77%] \x1b[32mBuilding CXX object CMakeFiles/utils__rosidl_typesupport_introspection_cpp.dir/rosidl_typesupport_introspection_cpp/utils/srv/detail/request_param__type_support.cpp.o\x1b[0m\n'}
[7.409503] (utils) StdoutLine: {'line': b'[ 78%] \x1b[32mBuilding CXX object CMakeFiles/utils__rosidl_typesupport_fastrtps_cpp.dir/rosidl_typesupport_fastrtps_cpp/utils/msg/detail/dds_fastrtps/conditions__type_support.cpp.o\x1b[0m\n'}
[7.421700] (-) TimerEvent: {}
[7.522006] (-) TimerEvent: {}
[7.550836] (utils) StdoutLine: {'line': b'[ 79%] \x1b[32mBuilding CXX object CMakeFiles/utils__rosidl_typesupport_fastrtps_c.dir/rosidl_typesupport_fastrtps_c/utils/msg/detail/trafficsignprediction__type_support_c.cpp.o\x1b[0m\n'}
[7.583796] (utils) StdoutLine: {'line': b'[ 79%] \x1b[32mBuilding CXX object CMakeFiles/utils__rosidl_typesupport_fastrtps_cpp.dir/rosidl_typesupport_fastrtps_cpp/utils/msg/detail/dds_fastrtps/trafficsignprediction__type_support.cpp.o\x1b[0m\n'}
[7.622115] (-) TimerEvent: {}
[7.674472] (utils) StdoutLine: {'line': b'[ 79%] \x1b[32mBuilding CXX object CMakeFiles/utils__rosidl_typesupport_fastrtps_c.dir/rosidl_typesupport_fastrtps_c/utils/srv/detail/subscribing__type_support_c.cpp.o\x1b[0m\n'}
[7.691026] (utils) StdoutLine: {'line': b'[ 80%] \x1b[32mBuilding CXX object CMakeFiles/utils__rosidl_typesupport_fastrtps_cpp.dir/rosidl_typesupport_fastrtps_cpp/utils/srv/detail/dds_fastrtps/subscribing__type_support.cpp.o\x1b[0m\n'}
[7.722226] (-) TimerEvent: {}
[7.825700] (-) TimerEvent: {}
[7.863937] (utils) StdoutLine: {'line': b'[ 81%] \x1b[32mBuilding CXX object CMakeFiles/utils__rosidl_typesupport_fastrtps_cpp.dir/rosidl_typesupport_fastrtps_cpp/utils/srv/detail/dds_fastrtps/request_param__type_support.cpp.o\x1b[0m\n'}
[7.915848] (utils) StdoutLine: {'line': b'[ 82%] \x1b[32mBuilding CXX object CMakeFiles/utils__rosidl_typesupport_fastrtps_c.dir/rosidl_typesupport_fastrtps_c/utils/srv/detail/request_param__type_support_c.cpp.o\x1b[0m\n'}
[7.925807] (-) TimerEvent: {}
[8.026118] (-) TimerEvent: {}
[8.126403] (-) TimerEvent: {}
[8.226615] (-) TimerEvent: {}
[8.308603] (utils) StdoutLine: {'line': b'[ 83%] \x1b[32m\x1b[1mLinking CXX shared library libutils__rosidl_typesupport_introspection_cpp.so\x1b[0m\n'}
[8.326698] (-) TimerEvent: {}
[8.383989] (utils) StdoutLine: {'line': b'[ 83%] Built target utils__rosidl_typesupport_introspection_cpp\n'}
[8.426782] (-) TimerEvent: {}
[8.468726] (utils) StdoutLine: {'line': b'[ 84%] \x1b[32m\x1b[1mLinking CXX shared library libutils__rosidl_typesupport_fastrtps_c.so\x1b[0m\n'}
[8.526870] (-) TimerEvent: {}
[8.533035] (utils) StdoutLine: {'line': b'[ 84%] Built target utils__rosidl_typesupport_fastrtps_c\n'}
[8.626958] (-) TimerEvent: {}
[8.695155] (utils) StdoutLine: {'line': b'[ 85%] \x1b[32m\x1b[1mLinking CXX shared library libutils__rosidl_typesupport_fastrtps_cpp.so\x1b[0m\n'}
[8.727080] (-) TimerEvent: {}
[8.757726] (utils) StdoutLine: {'line': b'[ 85%] Built target utils__rosidl_typesupport_fastrtps_cpp\n'}
[8.773010] (utils) StdoutLine: {'line': b'[ 85%] Built target utils\n'}
[8.788026] (utils) StdoutLine: {'line': b'[ 86%] \x1b[34m\x1b[1mGenerating Python code for ROS interfaces\x1b[0m\n'}
[8.827192] (-) TimerEvent: {}
[8.927396] (-) TimerEvent: {}
[9.027610] (-) TimerEvent: {}
[9.127822] (-) TimerEvent: {}
[9.227993] (-) TimerEvent: {}
[9.328165] (-) TimerEvent: {}
[9.428375] (-) TimerEvent: {}
[9.528584] (-) TimerEvent: {}
[9.628797] (-) TimerEvent: {}
[9.728976] (-) TimerEvent: {}
[9.829198] (-) TimerEvent: {}
[9.929380] (-) TimerEvent: {}
[9.938849] (utils) StdoutLine: {'line': b'[ 86%] Built target utils__py\n'}
[9.955758] (utils) StdoutLine: {'line': b'[ 86%] \x1b[32mBuilding C object CMakeFiles/utils__rosidl_generator_py.dir/rosidl_generator_py/utils/msg/_vehicles_s.c.o\x1b[0m\n'}
[9.956767] (utils) StdoutLine: {'line': b'[ 87%] \x1b[32mBuilding C object CMakeFiles/utils__rosidl_generator_py.dir/rosidl_generator_py/utils/msg/_imu_s.c.o\x1b[0m\n'}
[9.957035] (utils) StdoutLine: {'line': b'[ 88%] \x1b[32mBuilding C object CMakeFiles/utils__rosidl_generator_py.dir/rosidl_generator_py/utils/msg/_localisation_s.c.o\x1b[0m\n'}
[9.957678] (utils) StdoutLine: {'line': b'[ 90%] \x1b[32mBuilding C object CMakeFiles/utils__rosidl_generator_py.dir/rosidl_generator_py/utils/msg/_log_s.c.o\x1b[0m\n'}
[9.957825] (utils) StdoutLine: {'line': b'[ 90%] \x1b[32mBuilding C object CMakeFiles/utils__rosidl_generator_py.dir/rosidl_generator_py/utils/msg/_environmental_s.c.o\x1b[0m\n'}
[9.957992] (utils) StdoutLine: {'line': b'[ 91%] \x1b[32mBuilding C object CMakeFiles/utils__rosidl_generator_py.dir/rosidl_generator_py/utils/msg/_semaphore_s.c.o\x1b[0m\n'}
[9.958114] (utils) StdoutLine: {'line': b'[ 91%] \x1b[32mBuilding C object CMakeFiles/utils__rosidl_generator_py.dir/rosidl_generator_py/utils/msg/_topic_info_s.c.o\x1b[0m\n'}
[9.958256] (utils) StdoutLine: {'line': b'[ 92%] \x1b[32mBuilding C object CMakeFiles/utils__rosidl_generator_py.dir/rosidl_generator_py/utils/msg/_conditions_s.c.o\x1b[0m\n'}
[9.958446] (utils) StdoutLine: {'line': b'[ 93%] \x1b[32mBuilding C object CMakeFiles/utils__rosidl_generator_py.dir/rosidl_generator_py/utils/msg/_trafficsignprediction_s.c.o\x1b[0m\n'}
[9.958567] (utils) StdoutLine: {'line': b'[ 93%] \x1b[32mBuilding C object CMakeFiles/utils__rosidl_generator_py.dir/rosidl_generator_py/utils/srv/_request_param_s.c.o\x1b[0m\n'}
[9.958675] (utils) StdoutLine: {'line': b'[ 94%] \x1b[32mBuilding C object CMakeFiles/utils__rosidl_generator_py.dir/rosidl_generator_py/utils/srv/_subscribing_s.c.o\x1b[0m\n'}
[10.029475] (-) TimerEvent: {}
[10.129707] (-) TimerEvent: {}
[10.184712] (utils) StdoutLine: {'line': b'[ 95%] \x1b[32m\x1b[1mLinking C shared library libutils__rosidl_generator_py.so\x1b[0m\n'}
[10.221824] (utils) StdoutLine: {'line': b'[ 95%] Built target utils__rosidl_generator_py\n'}
[10.229787] (-) TimerEvent: {}
[10.237870] (utils) StdoutLine: {'line': b'[ 97%] \x1b[32mBuilding C object CMakeFiles/utils_s__rosidl_typesupport_fastrtps_c.dir/rosidl_generator_py/utils/_utils_s.ep.rosidl_typesupport_fastrtps_c.c.o\x1b[0m\n'}
[10.238007] (utils) StdoutLine: {'line': b'[ 97%] \x1b[32mBuilding C object CMakeFiles/utils_s__rosidl_typesupport_c.dir/rosidl_generator_py/utils/_utils_s.ep.rosidl_typesupport_c.c.o\x1b[0m\n'}
[10.238072] (utils) StdoutLine: {'line': b'[ 97%] \x1b[32mBuilding C object CMakeFiles/utils_s__rosidl_typesupport_introspection_c.dir/rosidl_generator_py/utils/_utils_s.ep.rosidl_typesupport_introspection_c.c.o\x1b[0m\n'}
[10.329885] (-) TimerEvent: {}
[10.352456] (utils) StdoutLine: {'line': b'[ 98%] \x1b[32m\x1b[1mLinking C shared module rosidl_generator_py/utils/utils_s__rosidl_typesupport_c.so\x1b[0m\n'}
[10.353340] (utils) StdoutLine: {'line': b'[ 99%] \x1b[32m\x1b[1mLinking C shared module rosidl_generator_py/utils/utils_s__rosidl_typesupport_introspection_c.so\x1b[0m\n'}
[10.356292] (utils) StdoutLine: {'line': b'[100%] \x1b[32m\x1b[1mLinking C shared module rosidl_generator_py/utils/utils_s__rosidl_typesupport_fastrtps_c.so\x1b[0m\n'}
[10.377474] (utils) StdoutLine: {'line': b'[100%] Built target utils_s__rosidl_typesupport_c\n'}
[10.377938] (utils) StdoutLine: {'line': b'[100%] Built target utils_s__rosidl_typesupport_introspection_c\n'}
[10.382048] (utils) StdoutLine: {'line': b'[100%] Built target utils_s__rosidl_typesupport_fastrtps_c\n'}
[10.391272] (utils) CommandEnded: {'returncode': 0}
[10.391793] (utils) JobProgress: {'identifier': 'utils', 'progress': 'install'}
[10.398475] (utils) Command: {'cmd': ['/usr/bin/cmake', '--install', '/home/hisham/BFMC/Brain_DEI/brain/build/utils'], 'cwd': '/home/hisham/BFMC/Brain_DEI/brain/build/utils', 'env': OrderedDict({'LESSOPEN': '| /usr/bin/lesspipe %s', 'GZ_SIM_RESOURCE_PATH': '/opt/ros/jazzy/share', 'USER': 'hisham', 'GZ_CONFIG_PATH': '/opt/ros/jazzy/opt/gz_sim_vendor/share/gz:/opt/ros/jazzy/opt/sdformat_vendor/share/gz:/opt/ros/jazzy/opt/gz_gui_vendor/share/gz:/opt/ros/jazzy/opt/gz_transport_vendor/share/gz:/opt/ros/jazzy/opt/gz_rendering_vendor/share/gz:/opt/ros/jazzy/opt/gz_plugin_vendor/share/gz:/opt/ros/jazzy/opt/gz_fuel_tools_vendor/share/gz:/opt/ros/jazzy/opt/gz_msgs_vendor/share/gz:/opt/ros/jazzy/opt/gz_common_vendor/share/gz', 'XDG_SESSION_TYPE': 'x11', 'STM32CubeMX_PATH': '/home/hisham/STM32CubeMX', 'SHLVL': '1', 'LD_LIBRARY_PATH': '/opt/ros/jazzy/opt/zenoh_cpp_vendor/lib:/opt/ros/jazzy/opt/gz_sim_vendor/lib:/opt/ros/jazzy/opt/gz_sensors_vendor/lib:/opt/ros/jazzy/opt/gz_physics_vendor/lib:/opt/ros/jazzy/opt/sdformat_vendor/lib:/opt/ros/jazzy/opt/rviz_ogre_vendor/lib:/opt/ros/jazzy/lib/x86_64-linux-gnu:/opt/ros/jazzy/opt/gz_gui_vendor/lib:/opt/ros/jazzy/opt/gz_transport_vendor/lib:/opt/ros/jazzy/opt/gz_rendering_vendor/lib:/opt/ros/jazzy/opt/gz_plugin_vendor/lib:/opt/ros/jazzy/opt/gz_fuel_tools_vendor/lib:/opt/ros/jazzy/opt/gz_msgs_vendor/lib:/opt/ros/jazzy/opt/gz_common_vendor/lib:/opt/ros/jazzy/opt/gz_math_vendor/lib:/opt/ros/jazzy/opt/gz_utils_vendor/lib:/opt/ros/jazzy/opt/gz_tools_vendor/lib:/opt/ros/jazzy/opt/gz_ogre_next_vendor/lib:/opt/ros/jazzy/opt/gz_dartsim_vendor/lib:/opt/ros/jazzy/opt/gz_cmake_vendor/lib:/opt/ros/jazzy/lib:/home/hisham/acados_ws/acados/lib:', 'HOME': '/home/hisham', 'OLDPWD': '/home/hisham/BFMC/Brain_DEI/brain/src', 'DESKTOP_SESSION': 'ubuntu', 'ROS_PYTHON_VERSION': '3', 'GNOME_SHELL_SESSION_MODE': 'ubuntu', 'GTK_MODULES': 'gail:atk-bridge', 'DBUS_STARTER_BUS_TYPE': 'session', 'SYSTEMD_EXEC_PID': '3010', 'GSM_SKIP_SSH_AGENT_WORKAROUND': 'true', 'DBUS_SESSION_BUS_ADDRESS': 'unix:path=/run/user/1000/bus,guid=34fd7da4f4a81523c877782769f1285b', 'COLORTERM': 'truecolor', 'DEBUGINFOD_URLS': 'https://debuginfod.ubuntu.com', 'ROS_DISTRO': 'jazzy', 'LOGNAME': 'hisham', '_': '/usr/bin/colcon', 'ROS_VERSION': '2', 'MEMORY_PRESSURE_WATCH': '/sys/fs/cgroup/user.slice/user-1000.slice/user@1000.service/app.slice/app-gnome\\x2dsession\\x2dmanager.slice/gnome-session-manager@ubuntu.service/memory.pressure', 'XDG_SESSION_CLASS': 'user', 'USERNAME': 'hisham', 'TERM': 'xterm-256color', 'GNOME_DESKTOP_SESSION_ID': 'this-is-deprecated', 'WINDOWPATH': '2', 'PATH': '/opt/ros/jazzy/opt/gz_msgs_vendor/bin:/opt/ros/jazzy/opt/gz_tools_vendor/bin:/opt/ros/jazzy/opt/gz_ogre_next_vendor/bin:/opt/ros/jazzy/bin:/home/hisham/miniconda3/bin:/home/hisham/.local/bin:/usr/local/sbin:/usr/local/bin:/usr/sbin:/usr/bin:/sbin:/bin:/usr/games:/usr/local/games:/snap/bin:/snap/bin', 'SESSION_MANAGER': 'local/hisham-IdeaPad-Gaming-3-15IMH05:@/tmp/.ICE-unix/3010,unix/hisham-IdeaPad-Gaming-3-15IMH05:/tmp/.ICE-unix/3010', 'XDG_MENU_PREFIX': 'gnome-', 'GNOME_TERMINAL_SCREEN': '/org/gnome/Terminal/screen/c586efb5_83b2_434f_b111_c2ff7e38a2bf', 'XDG_RUNTIME_DIR': '/run/user/1000', 'DISPLAY': ':1', 'LANG': 'en_US.UTF-8', 'XDG_CURRENT_DESKTOP': 'ubuntu:GNOME', 'XMODIFIERS': '@im=ibus', 'XDG_SESSION_DESKTOP': 'ubuntu', 'XAUTHORITY': '/run/user/1000/gdm/Xauthority', 'LS_COLORS': 'rs=0:di=01;34:ln=01;36:mh=00:pi=40;33:so=01;35:do=01;35:bd=40;33;01:cd=40;33;01:or=40;31;01:mi=00:su=37;41:sg=30;43:ca=00:tw=30;42:ow=34;42:st=37;44:ex=01;32:*.tar=01;31:*.tgz=01;31:*.arc=01;31:*.arj=01;31:*.taz=01;31:*.lha=01;31:*.lz4=01;31:*.lzh=01;31:*.lzma=01;31:*.tlz=01;31:*.txz=01;31:*.tzo=01;31:*.t7z=01;31:*.zip=01;31:*.z=01;31:*.dz=01;31:*.gz=01;31:*.lrz=01;31:*.lz=01;31:*.lzo=01;31:*.xz=01;31:*.zst=01;31:*.tzst=01;31:*.bz2=01;31:*.bz=01;31:*.tbz=01;31:*.tbz2=01;31:*.tz=01;31:*.deb=01;31:*.rpm=01;31:*.jar=01;31:*.war=01;31:*.ear=01;31:*.sar=01;31:*.rar=01;31:*.alz=01;31:*.ace=01;31:*.zoo=01;31:*.cpio=01;31:*.7z=01;31:*.rz=01;31:*.cab=01;31:*.wim=01;31:*.swm=01;31:*.dwm=01;31:*.esd=01;31:*.avif=01;35:*.jpg=01;35:*.jpeg=01;35:*.mjpg=01;35:*.mjpeg=01;35:*.gif=01;35:*.bmp=01;35:*.pbm=01;35:*.pgm=01;35:*.ppm=01;35:*.tga=01;35:*.xbm=01;35:*.xpm=01;35:*.tif=01;35:*.tiff=01;35:*.png=01;35:*.svg=01;35:*.svgz=01;35:*.mng=01;35:*.pcx=01;35:*.mov=01;35:*.mpg=01;35:*.mpeg=01;35:*.m2v=01;35:*.mkv=01;35:*.webm=01;35:*.webp=01;35:*.ogm=01;35:*.mp4=01;35:*.m4v=01;35:*.mp4v=01;35:*.vob=01;35:*.qt=01;35:*.nuv=01;35:*.wmv=01;35:*.asf=01;35:*.rm=01;35:*.rmvb=01;35:*.flc=01;35:*.avi=01;35:*.fli=01;35:*.flv=01;35:*.gl=01;35:*.dl=01;35:*.xcf=01;35:*.xwd=01;35:*.yuv=01;35:*.cgm=01;35:*.emf=01;35:*.ogv=01;35:*.ogx=01;35:*.aac=00;36:*.au=00;36:*.flac=00;36:*.m4a=00;36:*.mid=00;36:*.midi=00;36:*.mka=00;36:*.mp3=00;36:*.mpc=00;36:*.ogg=00;36:*.ra=00;36:*.wav=00;36:*.oga=00;36:*.opus=00;36:*.spx=00;36:*.xspf=00;36:*~=00;90:*#=00;90:*.bak=00;90:*.crdownload=00;90:*.dpkg-dist=00;90:*.dpkg-new=00;90:*.dpkg-old=00;90:*.dpkg-tmp=00;90:*.old=00;90:*.orig=00;90:*.part=00;90:*.rej=00;90:*.rpmnew=00;90:*.rpmorig=00;90:*.rpmsave=00;90:*.swp=00;90:*.tmp=00;90:*.ucf-dist=00;90:*.ucf-new=00;90:*.ucf-old=00;90:', 'GNOME_TERMINAL_SERVICE': ':1.169', 'SSH_AUTH_SOCK': '/run/user/1000/keyring/ssh', 'AMENT_PREFIX_PATH': '/opt/ros/jazzy', 'SHELL': '/bin/bash', 'QT_ACCESSIBILITY': '1', 'GDMSESSION': 'ubuntu', 'LESSCLOSE': '/usr/bin/lesspipe %s %s', 'GPG_AGENT_INFO': '/run/user/1000/gnupg/S.gpg-agent:0:1', 'ROS_AUTOMATIC_DISCOVERY_RANGE': 'SUBNET', 'QT_IM_MODULE': 'ibus', 'PWD': '/home/hisham/BFMC/Brain_DEI/brain/build/utils', 'XDG_CONFIG_DIRS': '/etc/xdg/xdg-ubuntu:/etc/xdg', 'DBUS_STARTER_ADDRESS': 'unix:path=/run/user/1000/bus,guid=34fd7da4f4a81523c877782769f1285b', 'XDG_DATA_DIRS': '/usr/share/ubuntu:/usr/share/gnome:/usr/local/share/:/usr/share/:/var/lib/snapd/desktop', 'PYTHONPATH': '/opt/ros/jazzy/lib/python3.12/site-packages', 'COLCON': '1', 'MEMORY_PRESSURE_WRITE': 'c29tZSAyMDAwMDAgMjAwMDAwMAA=', 'VTE_VERSION': '7600', 'CMAKE_PREFIX_PATH': '/opt/ros/jazzy/opt/gz_sim_vendor:/opt/ros/jazzy/opt/gz_sensors_vendor:/opt/ros/jazzy/opt/gz_physics_vendor:/opt/ros/jazzy/opt/sdformat_vendor:/opt/ros/jazzy/opt/gz_gui_vendor:/opt/ros/jazzy/opt/gz_transport_vendor:/opt/ros/jazzy/opt/gz_rendering_vendor:/opt/ros/jazzy/opt/gz_plugin_vendor:/opt/ros/jazzy/opt/gz_fuel_tools_vendor:/opt/ros/jazzy/opt/gz_msgs_vendor:/opt/ros/jazzy/opt/gz_common_vendor:/opt/ros/jazzy/opt/gz_math_vendor:/opt/ros/jazzy/opt/gz_utils_vendor:/opt/ros/jazzy/opt/gz_tools_vendor:/opt/ros/jazzy/opt/gz_ogre_next_vendor:/opt/ros/jazzy/opt/gz_dartsim_vendor:/opt/ros/jazzy/opt/gz_cmake_vendor:/opt/ros/jazzy'}), 'shell': False}
[10.405284] (utils) StdoutLine: {'line': b'-- Install configuration: ""\n'}
[10.405424] (utils) StdoutLine: {'line': b'-- Installing: /home/hisham/BFMC/Brain_DEI/brain/install/utils/share/ament_index/resource_index/rosidl_interfaces/utils\n'}
[10.405569] (utils) StdoutLine: {'line': b'-- Installing: /home/hisham/BFMC/Brain_DEI/brain/install/utils/share/utils/msg/IMU.json\n'}
[10.405827] (utils) StdoutLine: {'line': b'-- Installing: /home/hisham/BFMC/Brain_DEI/brain/install/utils/share/utils/msg/Localisation.json\n'}
[10.405914] (utils) StdoutLine: {'line': b'-- Installing: /home/hisham/BFMC/Brain_DEI/brain/install/utils/share/utils/msg/Vehicles.json\n'}
[10.405991] (utils) StdoutLine: {'line': b'-- Installing: /home/hisham/BFMC/Brain_DEI/brain/install/utils/share/utils/msg/Environmental.json\n'}
[10.406072] (utils) StdoutLine: {'line': b'-- Installing: /home/hisham/BFMC/Brain_DEI/brain/install/utils/share/utils/msg/Log.json\n'}
[10.406152] (utils) StdoutLine: {'line': b'-- Installing: /home/hisham/BFMC/Brain_DEI/brain/install/utils/share/utils/msg/TopicInfo.json\n'}
[10.406234] (utils) StdoutLine: {'line': b'-- Installing: /home/hisham/BFMC/Brain_DEI/brain/install/utils/share/utils/msg/Semaphore.json\n'}
[10.406320] (utils) StdoutLine: {'line': b'-- Installing: /home/hisham/BFMC/Brain_DEI/brain/install/utils/share/utils/msg/Conditions.json\n'}
[10.406404] (utils) StdoutLine: {'line': b'-- Installing: /home/hisham/BFMC/Brain_DEI/brain/install/utils/share/utils/msg/Trafficsignprediction.json\n'}
[10.406517] (utils) StdoutLine: {'line': b'-- Installing: /home/hisham/BFMC/Brain_DEI/brain/install/utils/share/utils/srv/Subscribing.json\n'}
[10.406606] (utils) StdoutLine: {'line': b'-- Installing: /home/hisham/BFMC/Brain_DEI/brain/install/utils/share/utils/srv/RequestParam.json\n'}
[10.406759] (utils) StdoutLine: {'line': b'-- Installing: /home/hisham/BFMC/Brain_DEI/brain/install/utils/include/utils/utils\n'}
[10.406868] (utils) StdoutLine: {'line': b'-- Installing: /home/hisham/BFMC/Brain_DEI/brain/install/utils/include/utils/utils/srv\n'}
[10.406941] (utils) StdoutLine: {'line': b'-- Installing: /home/hisham/BFMC/Brain_DEI/brain/install/utils/include/utils/utils/srv/detail\n'}
[10.407012] (utils) StdoutLine: {'line': b'-- Installing: /home/hisham/BFMC/Brain_DEI/brain/install/utils/include/utils/utils/srv/detail/request_param__functions.h\n'}
[10.407083] (utils) StdoutLine: {'line': b'-- Installing: /home/hisham/BFMC/Brain_DEI/brain/install/utils/include/utils/utils/srv/detail/subscribing__functions.h\n'}
[10.407155] (utils) StdoutLine: {'line': b'-- Installing: /home/hisham/BFMC/Brain_DEI/brain/install/utils/include/utils/utils/srv/detail/subscribing__type_support.c\n'}
[10.407227] (utils) StdoutLine: {'line': b'-- Installing: /home/hisham/BFMC/Brain_DEI/brain/install/utils/include/utils/utils/srv/detail/request_param__functions.c\n'}
[10.407299] (utils) StdoutLine: {'line': b'-- Installing: /home/hisham/BFMC/Brain_DEI/brain/install/utils/include/utils/utils/srv/detail/subscribing__type_support.h\n'}
[10.407379] (utils) StdoutLine: {'line': b'-- Installing: /home/hisham/BFMC/Brain_DEI/brain/install/utils/include/utils/utils/srv/detail/subscribing__struct.h\n'}
[10.407448] (utils) StdoutLine: {'line': b'-- Installing: /home/hisham/BFMC/Brain_DEI/brain/install/utils/include/utils/utils/srv/detail/subscribing__description.c\n'}
[10.407518] (utils) StdoutLine: {'line': b'-- Installing: /home/hisham/BFMC/Brain_DEI/brain/install/utils/include/utils/utils/srv/detail/subscribing__functions.c\n'}
[10.407591] (utils) StdoutLine: {'line': b'-- Installing: /home/hisham/BFMC/Brain_DEI/brain/install/utils/include/utils/utils/srv/detail/request_param__type_support.h\n'}
[10.407713] (utils) StdoutLine: {'line': b'-- Installing: /home/hisham/BFMC/Brain_DEI/brain/install/utils/include/utils/utils/srv/detail/request_param__struct.h\n'}
[10.407784] (utils) StdoutLine: {'line': b'-- Installing: /home/hisham/BFMC/Brain_DEI/brain/install/utils/include/utils/utils/srv/detail/request_param__description.c\n'}
[10.407858] (utils) StdoutLine: {'line': b'-- Installing: /home/hisham/BFMC/Brain_DEI/brain/install/utils/include/utils/utils/srv/detail/request_param__type_support.c\n'}
[10.407930] (utils) StdoutLine: {'line': b'-- Installing: /home/hisham/BFMC/Brain_DEI/brain/install/utils/include/utils/utils/srv/subscribing.h\n'}
[10.408002] (utils) StdoutLine: {'line': b'-- Installing: /home/hisham/BFMC/Brain_DEI/brain/install/utils/include/utils/utils/srv/request_param.h\n'}
[10.408084] (utils) StdoutLine: {'line': b'-- Installing: /home/hisham/BFMC/Brain_DEI/brain/install/utils/include/utils/utils/msg\n'}
[10.408155] (utils) StdoutLine: {'line': b'-- Installing: /home/hisham/BFMC/Brain_DEI/brain/install/utils/include/utils/utils/msg/semaphore.h\n'}
[10.408226] (utils) StdoutLine: {'line': b'-- Installing: /home/hisham/BFMC/Brain_DEI/brain/install/utils/include/utils/utils/msg/localisation.h\n'}
[10.408298] (utils) StdoutLine: {'line': b'-- Installing: /home/hisham/BFMC/Brain_DEI/brain/install/utils/include/utils/utils/msg/detail\n'}
[10.408370] (utils) StdoutLine: {'line': b'-- Installing: /home/hisham/BFMC/Brain_DEI/brain/install/utils/include/utils/utils/msg/detail/topic_info__functions.h\n'}
[10.408441] (utils) StdoutLine: {'line': b'-- Installing: /home/hisham/BFMC/Brain_DEI/brain/install/utils/include/utils/utils/msg/detail/log__functions.h\n'}
[10.408511] (utils) StdoutLine: {'line': b'-- Installing: /home/hisham/BFMC/Brain_DEI/brain/install/utils/include/utils/utils/msg/detail/semaphore__functions.c\n'}
[10.408588] (utils) StdoutLine: {'line': b'-- Installing: /home/hisham/BFMC/Brain_DEI/brain/install/utils/include/utils/utils/msg/detail/imu__functions.h\n'}
[10.408683] (utils) StdoutLine: {'line': b'-- Installing: /home/hisham/BFMC/Brain_DEI/brain/install/utils/include/utils/utils/msg/detail/vehicles__type_support.c\n'}
[10.408782] (utils) StdoutLine: {'line': b'-- Installing: /home/hisham/BFMC/Brain_DEI/brain/install/utils/include/utils/utils/msg/detail/vehicles__struct.h\n'}
[10.408851] (utils) StdoutLine: {'line': b'-- Installing: /home/hisham/BFMC/Brain_DEI/brain/install/utils/include/utils/utils/msg/detail/semaphore__type_support.c\n'}
[10.408920] (utils) StdoutLine: {'line': b'-- Installing: /home/hisham/BFMC/Brain_DEI/brain/install/utils/include/utils/utils/msg/detail/localisation__type_support.c\n'}
[10.408990] (utils) StdoutLine: {'line': b'-- Installing: /home/hisham/BFMC/Brain_DEI/brain/install/utils/include/utils/utils/msg/detail/imu__type_support.c\n'}
[10.409059] (utils) StdoutLine: {'line': b'-- Installing: /home/hisham/BFMC/Brain_DEI/brain/install/utils/include/utils/utils/msg/detail/imu__struct.h\n'}
[10.409128] (utils) StdoutLine: {'line': b'-- Installing: /home/hisham/BFMC/Brain_DEI/brain/install/utils/include/utils/utils/msg/detail/environmental__type_support.c\n'}
[10.409199] (utils) StdoutLine: {'line': b'-- Installing: /home/hisham/BFMC/Brain_DEI/brain/install/utils/include/utils/utils/msg/detail/conditions__type_support.c\n'}
[10.409279] (utils) StdoutLine: {'line': b'-- Installing: /home/hisham/BFMC/Brain_DEI/brain/install/utils/include/utils/utils/msg/detail/log__functions.c\n'}
[10.409348] (utils) StdoutLine: {'line': b'-- Installing: /home/hisham/BFMC/Brain_DEI/brain/install/utils/include/utils/utils/msg/detail/vehicles__description.c\n'}
[10.409418] (utils) StdoutLine: {'line': b'-- Installing: /home/hisham/BFMC/Brain_DEI/brain/install/utils/include/utils/utils/msg/detail/environmental__struct.h\n'}
[10.409489] (utils) StdoutLine: {'line': b'-- Installing: /home/hisham/BFMC/Brain_DEI/brain/install/utils/include/utils/utils/msg/detail/topic_info__functions.c\n'}
[10.409557] (utils) StdoutLine: {'line': b'-- Installing: /home/hisham/BFMC/Brain_DEI/brain/install/utils/include/utils/utils/msg/detail/localisation__functions.c\n'}
[10.409628] (utils) StdoutLine: {'line': b'-- Installing: /home/hisham/BFMC/Brain_DEI/brain/install/utils/include/utils/utils/msg/detail/conditions__struct.h\n'}
[10.409748] (utils) StdoutLine: {'line': b'-- Installing: /home/hisham/BFMC/Brain_DEI/brain/install/utils/include/utils/utils/msg/detail/trafficsignprediction__type_support.c\n'}
[10.409817] (utils) StdoutLine: {'line': b'-- Installing: /home/hisham/BFMC/Brain_DEI/brain/install/utils/include/utils/utils/msg/detail/trafficsignprediction__functions.c\n'}
[10.409888] (utils) StdoutLine: {'line': b'-- Installing: /home/hisham/BFMC/Brain_DEI/brain/install/utils/include/utils/utils/msg/detail/localisation__struct.h\n'}
[10.409959] (utils) StdoutLine: {'line': b'-- Installing: /home/hisham/BFMC/Brain_DEI/brain/install/utils/include/utils/utils/msg/detail/semaphore__description.c\n'}
[10.410039] (utils) StdoutLine: {'line': b'-- Installing: /home/hisham/BFMC/Brain_DEI/brain/install/utils/include/utils/utils/msg/detail/trafficsignprediction__struct.h\n'}
[10.410108] (utils) StdoutLine: {'line': b'-- Installing: /home/hisham/BFMC/Brain_DEI/brain/install/utils/include/utils/utils/msg/detail/trafficsignprediction__type_support.h\n'}
[10.410179] (utils) StdoutLine: {'line': b'-- Installing: /home/hisham/BFMC/Brain_DEI/brain/install/utils/include/utils/utils/msg/detail/semaphore__type_support.h\n'}
[10.410253] (utils) StdoutLine: {'line': b'-- Installing: /home/hisham/BFMC/Brain_DEI/brain/install/utils/include/utils/utils/msg/detail/topic_info__type_support.c\n'}
[10.410324] (utils) StdoutLine: {'line': b'-- Installing: /home/hisham/BFMC/Brain_DEI/brain/install/utils/include/utils/utils/msg/detail/imu__functions.c\n'}
[10.410400] (utils) StdoutLine: {'line': b'-- Installing: /home/hisham/BFMC/Brain_DEI/brain/install/utils/include/utils/utils/msg/detail/vehicles__functions.c\n'}
[10.410471] (utils) StdoutLine: {'line': b'-- Installing: /home/hisham/BFMC/Brain_DEI/brain/install/utils/include/utils/utils/msg/detail/topic_info__description.c\n'}
[10.410541] (utils) StdoutLine: {'line': b'-- Installing: /home/hisham/BFMC/Brain_DEI/brain/install/utils/include/utils/utils/msg/detail/trafficsignprediction__description.c\n'}
[10.410613] (utils) StdoutLine: {'line': b'-- Installing: /home/hisham/BFMC/Brain_DEI/brain/install/utils/include/utils/utils/msg/detail/conditions__functions.c\n'}
[10.410727] (utils) StdoutLine: {'line': b'-- Installing: /home/hisham/BFMC/Brain_DEI/brain/install/utils/include/utils/utils/msg/detail/log__type_support.c\n'}
[10.410806] (utils) StdoutLine: {'line': b'-- Installing: /home/hisham/BFMC/Brain_DEI/brain/install/utils/include/utils/utils/msg/detail/vehicles__functions.h\n'}
[10.410877] (utils) StdoutLine: {'line': b'-- Installing: /home/hisham/BFMC/Brain_DEI/brain/install/utils/include/utils/utils/msg/detail/localisation__description.c\n'}
[10.410948] (utils) StdoutLine: {'line': b'-- Installing: /home/hisham/BFMC/Brain_DEI/brain/install/utils/include/utils/utils/msg/detail/imu__description.c\n'}
[10.411019] (utils) StdoutLine: {'line': b'-- Installing: /home/hisham/BFMC/Brain_DEI/brain/install/utils/include/utils/utils/msg/detail/log__type_support.h\n'}
[10.411089] (utils) StdoutLine: {'line': b'-- Installing: /home/hisham/BFMC/Brain_DEI/brain/install/utils/include/utils/utils/msg/detail/topic_info__struct.h\n'}
[10.411161] (utils) StdoutLine: {'line': b'-- Installing: /home/hisham/BFMC/Brain_DEI/brain/install/utils/include/utils/utils/msg/detail/vehicles__type_support.h\n'}
[10.411229] (utils) StdoutLine: {'line': b'-- Installing: /home/hisham/BFMC/Brain_DEI/brain/install/utils/include/utils/utils/msg/detail/semaphore__functions.h\n'}
[10.411299] (utils) StdoutLine: {'line': b'-- Installing: /home/hisham/BFMC/Brain_DEI/brain/install/utils/include/utils/utils/msg/detail/trafficsignprediction__functions.h\n'}
[10.411367] (utils) StdoutLine: {'line': b'-- Installing: /home/hisham/BFMC/Brain_DEI/brain/install/utils/include/utils/utils/msg/detail/conditions__type_support.h\n'}
[10.411436] (utils) StdoutLine: {'line': b'-- Installing: /home/hisham/BFMC/Brain_DEI/brain/install/utils/include/utils/utils/msg/detail/semaphore__struct.h\n'}
[10.411507] (utils) StdoutLine: {'line': b'-- Installing: /home/hisham/BFMC/Brain_DEI/brain/install/utils/include/utils/utils/msg/detail/localisation__functions.h\n'}
[10.411577] (utils) StdoutLine: {'line': b'-- Installing: /home/hisham/BFMC/Brain_DEI/brain/install/utils/include/utils/utils/msg/detail/topic_info__type_support.h\n'}
[10.411675] (utils) StdoutLine: {'line': b'-- Installing: /home/hisham/BFMC/Brain_DEI/brain/install/utils/include/utils/utils/msg/detail/environmental__functions.c\n'}
[10.411762] (utils) StdoutLine: {'line': b'-- Installing: /home/hisham/BFMC/Brain_DEI/brain/install/utils/include/utils/utils/msg/detail/conditions__functions.h\n'}
[10.411832] (utils) StdoutLine: {'line': b'-- Installing: /home/hisham/BFMC/Brain_DEI/brain/install/utils/include/utils/utils/msg/detail/log__struct.h\n'}
[10.411902] (utils) StdoutLine: {'line': b'-- Installing: /home/hisham/BFMC/Brain_DEI/brain/install/utils/include/utils/utils/msg/detail/environmental__description.c\n'}
[10.411971] (utils) StdoutLine: {'line': b'-- Installing: /home/hisham/BFMC/Brain_DEI/brain/install/utils/include/utils/utils/msg/detail/environmental__type_support.h\n'}
[10.412042] (utils) StdoutLine: {'line': b'-- Installing: /home/hisham/BFMC/Brain_DEI/brain/install/utils/include/utils/utils/msg/detail/imu__type_support.h\n'}
[10.412121] (utils) StdoutLine: {'line': b'-- Installing: /home/hisham/BFMC/Brain_DEI/brain/install/utils/include/utils/utils/msg/detail/localisation__type_support.h\n'}
[10.412191] (utils) StdoutLine: {'line': b'-- Installing: /home/hisham/BFMC/Brain_DEI/brain/install/utils/include/utils/utils/msg/detail/log__description.c\n'}
[10.412261] (utils) StdoutLine: {'line': b'-- Installing: /home/hisham/BFMC/Brain_DEI/brain/install/utils/include/utils/utils/msg/detail/environmental__functions.h\n'}
[10.412338] (utils) StdoutLine: {'line': b'-- Installing: /home/hisham/BFMC/Brain_DEI/brain/install/utils/include/utils/utils/msg/detail/conditions__description.c\n'}
[10.412408] (utils) StdoutLine: {'line': b'-- Installing: /home/hisham/BFMC/Brain_DEI/brain/install/utils/include/utils/utils/msg/rosidl_generator_c__visibility_control.h\n'}
[10.412465] (utils) StdoutLine: {'line': b'-- Installing: /home/hisham/BFMC/Brain_DEI/brain/install/utils/include/utils/utils/msg/conditions.h\n'}
[10.412535] (utils) StdoutLine: {'line': b'-- Installing: /home/hisham/BFMC/Brain_DEI/brain/install/utils/include/utils/utils/msg/topic_info.h\n'}
[10.412603] (utils) StdoutLine: {'line': b'-- Installing: /home/hisham/BFMC/Brain_DEI/brain/install/utils/include/utils/utils/msg/log.h\n'}
[10.412691] (utils) StdoutLine: {'line': b'-- Installing: /home/hisham/BFMC/Brain_DEI/brain/install/utils/include/utils/utils/msg/imu.h\n'}
[10.412776] (utils) StdoutLine: {'line': b'-- Installing: /home/hisham/BFMC/Brain_DEI/brain/install/utils/include/utils/utils/msg/environmental.h\n'}
[10.412832] (utils) StdoutLine: {'line': b'-- Installing: /home/hisham/BFMC/Brain_DEI/brain/install/utils/include/utils/utils/msg/vehicles.h\n'}
[10.412890] (utils) StdoutLine: {'line': b'-- Installing: /home/hisham/BFMC/Brain_DEI/brain/install/utils/include/utils/utils/msg/trafficsignprediction.h\n'}
[10.412951] (utils) StdoutLine: {'line': b'-- Installing: /home/hisham/BFMC/Brain_DEI/brain/install/utils/share/utils/environment/library_path.sh\n'}
[10.413031] (utils) StdoutLine: {'line': b'-- Installing: /home/hisham/BFMC/Brain_DEI/brain/install/utils/share/utils/environment/library_path.dsv\n'}
[10.413116] (utils) StdoutLine: {'line': b'-- Installing: /home/hisham/BFMC/Brain_DEI/brain/install/utils/lib/libutils__rosidl_generator_c.so\n'}
[10.413197] (utils) StdoutLine: {'line': b'-- Set non-toolchain portion of runtime path of "/home/hisham/BFMC/Brain_DEI/brain/install/utils/lib/libutils__rosidl_generator_c.so" to ""\n'}
[10.413286] (utils) StdoutLine: {'line': b'-- Up-to-date: /home/hisham/BFMC/Brain_DEI/brain/install/utils/include/utils/utils\n'}
[10.413357] (utils) StdoutLine: {'line': b'-- Up-to-date: /home/hisham/BFMC/Brain_DEI/brain/install/utils/include/utils/utils/srv\n'}
[10.413428] (utils) StdoutLine: {'line': b'-- Up-to-date: /home/hisham/BFMC/Brain_DEI/brain/install/utils/include/utils/utils/srv/detail\n'}
[10.413497] (utils) StdoutLine: {'line': b'-- Installing: /home/hisham/BFMC/Brain_DEI/brain/install/utils/include/utils/utils/srv/detail/request_param__rosidl_typesupport_fastrtps_c.h\n'}
[10.413567] (utils) StdoutLine: {'line': b'-- Installing: /home/hisham/BFMC/Brain_DEI/brain/install/utils/include/utils/utils/srv/detail/subscribing__rosidl_typesupport_fastrtps_c.h\n'}
[10.413635] (utils) StdoutLine: {'line': b'-- Up-to-date: /home/hisham/BFMC/Brain_DEI/brain/install/utils/include/utils/utils/msg\n'}
[10.413738] (utils) StdoutLine: {'line': b'-- Up-to-date: /home/hisham/BFMC/Brain_DEI/brain/install/utils/include/utils/utils/msg/detail\n'}
[10.413812] (utils) StdoutLine: {'line': b'-- Installing: /home/hisham/BFMC/Brain_DEI/brain/install/utils/include/utils/utils/msg/detail/imu__rosidl_typesupport_fastrtps_c.h\n'}
[10.413884] (utils) StdoutLine: {'line': b'-- Installing: /home/hisham/BFMC/Brain_DEI/brain/install/utils/include/utils/utils/msg/detail/trafficsignprediction__rosidl_typesupport_fastrtps_c.h\n'}
[10.413955] (utils) StdoutLine: {'line': b'-- Installing: /home/hisham/BFMC/Brain_DEI/brain/install/utils/include/utils/utils/msg/detail/vehicles__rosidl_typesupport_fastrtps_c.h\n'}
[10.414025] (utils) StdoutLine: {'line': b'-- Installing: /home/hisham/BFMC/Brain_DEI/brain/install/utils/include/utils/utils/msg/detail/localisation__rosidl_typesupport_fastrtps_c.h\n'}
[10.414093] (utils) StdoutLine: {'line': b'-- Installing: /home/hisham/BFMC/Brain_DEI/brain/install/utils/include/utils/utils/msg/detail/conditions__rosidl_typesupport_fastrtps_c.h\n'}
[10.414146] (utils) StdoutLine: {'line': b'-- Installing: /home/hisham/BFMC/Brain_DEI/brain/install/utils/include/utils/utils/msg/detail/log__rosidl_typesupport_fastrtps_c.h\n'}
[10.414207] (utils) StdoutLine: {'line': b'-- Installing: /home/hisham/BFMC/Brain_DEI/brain/install/utils/include/utils/utils/msg/detail/semaphore__rosidl_typesupport_fastrtps_c.h\n'}
[10.414263] (utils) StdoutLine: {'line': b'-- Installing: /home/hisham/BFMC/Brain_DEI/brain/install/utils/include/utils/utils/msg/detail/topic_info__rosidl_typesupport_fastrtps_c.h\n'}
[10.414329] (utils) StdoutLine: {'line': b'-- Installing: /home/hisham/BFMC/Brain_DEI/brain/install/utils/include/utils/utils/msg/detail/environmental__rosidl_typesupport_fastrtps_c.h\n'}
[10.414402] (utils) StdoutLine: {'line': b'-- Installing: /home/hisham/BFMC/Brain_DEI/brain/install/utils/include/utils/utils/msg/rosidl_typesupport_fastrtps_c__visibility_control.h\n'}
[10.414476] (utils) StdoutLine: {'line': b'-- Installing: /home/hisham/BFMC/Brain_DEI/brain/install/utils/lib/libutils__rosidl_typesupport_fastrtps_c.so\n'}
[10.414547] (utils) StdoutLine: {'line': b'-- Set non-toolchain portion of runtime path of "/home/hisham/BFMC/Brain_DEI/brain/install/utils/lib/libutils__rosidl_typesupport_fastrtps_c.so" to ""\n'}
[10.414618] (utils) StdoutLine: {'line': b'-- Up-to-date: /home/hisham/BFMC/Brain_DEI/brain/install/utils/include/utils/utils\n'}
[10.414736] (utils) StdoutLine: {'line': b'-- Up-to-date: /home/hisham/BFMC/Brain_DEI/brain/install/utils/include/utils/utils/srv\n'}
[10.414813] (utils) StdoutLine: {'line': b'-- Up-to-date: /home/hisham/BFMC/Brain_DEI/brain/install/utils/include/utils/utils/srv/detail\n'}
[10.414882] (utils) StdoutLine: {'line': b'-- Installing: /home/hisham/BFMC/Brain_DEI/brain/install/utils/include/utils/utils/srv/detail/subscribing__rosidl_typesupport_introspection_c.h\n'}
[10.414954] (utils) StdoutLine: {'line': b'-- Installing: /home/hisham/BFMC/Brain_DEI/brain/install/utils/include/utils/utils/srv/detail/request_param__rosidl_typesupport_introspection_c.h\n'}
[10.415023] (utils) StdoutLine: {'line': b'-- Installing: /home/hisham/BFMC/Brain_DEI/brain/install/utils/include/utils/utils/srv/detail/subscribing__type_support.c\n'}
[10.415093] (utils) StdoutLine: {'line': b'-- Installing: /home/hisham/BFMC/Brain_DEI/brain/install/utils/include/utils/utils/srv/detail/request_param__type_support.c\n'}
[10.415163] (utils) StdoutLine: {'line': b'-- Up-to-date: /home/hisham/BFMC/Brain_DEI/brain/install/utils/include/utils/utils/msg\n'}
[10.415232] (utils) StdoutLine: {'line': b'-- Up-to-date: /home/hisham/BFMC/Brain_DEI/brain/install/utils/include/utils/utils/msg/detail\n'}
[10.415305] (utils) StdoutLine: {'line': b'-- Installing: /home/hisham/BFMC/Brain_DEI/brain/install/utils/include/utils/utils/msg/detail/vehicles__type_support.c\n'}
[10.415376] (utils) StdoutLine: {'line': b'-- Installing: /home/hisham/BFMC/Brain_DEI/brain/install/utils/include/utils/utils/msg/detail/vehicles__rosidl_typesupport_introspection_c.h\n'}
[10.415445] (utils) StdoutLine: {'line': b'-- Installing: /home/hisham/BFMC/Brain_DEI/brain/install/utils/include/utils/utils/msg/detail/conditions__rosidl_typesupport_introspection_c.h\n'}
[10.415519] (utils) StdoutLine: {'line': b'-- Installing: /home/hisham/BFMC/Brain_DEI/brain/install/utils/include/utils/utils/msg/detail/semaphore__type_support.c\n'}
[10.415590] (utils) StdoutLine: {'line': b'-- Installing: /home/hisham/BFMC/Brain_DEI/brain/install/utils/include/utils/utils/msg/detail/log__rosidl_typesupport_introspection_c.h\n'}
[10.415691] (utils) StdoutLine: {'line': b'-- Installing: /home/hisham/BFMC/Brain_DEI/brain/install/utils/include/utils/utils/msg/detail/localisation__type_support.c\n'}
[10.415777] (utils) StdoutLine: {'line': b'-- Installing: /home/hisham/BFMC/Brain_DEI/brain/install/utils/include/utils/utils/msg/detail/imu__type_support.c\n'}
[10.415847] (utils) StdoutLine: {'line': b'-- Installing: /home/hisham/BFMC/Brain_DEI/brain/install/utils/include/utils/utils/msg/detail/environmental__type_support.c\n'}
[10.415917] (utils) StdoutLine: {'line': b'-- Installing: /home/hisham/BFMC/Brain_DEI/brain/install/utils/include/utils/utils/msg/detail/conditions__type_support.c\n'}
[10.415988] (utils) StdoutLine: {'line': b'-- Installing: /home/hisham/BFMC/Brain_DEI/brain/install/utils/include/utils/utils/msg/detail/topic_info__rosidl_typesupport_introspection_c.h\n'}
[10.416058] (utils) StdoutLine: {'line': b'-- Installing: /home/hisham/BFMC/Brain_DEI/brain/install/utils/include/utils/utils/msg/detail/trafficsignprediction__type_support.c\n'}
[10.416130] (utils) StdoutLine: {'line': b'-- Installing: /home/hisham/BFMC/Brain_DEI/brain/install/utils/include/utils/utils/msg/detail/semaphore__rosidl_typesupport_introspection_c.h\n'}
[10.416201] (utils) StdoutLine: {'line': b'-- Installing: /home/hisham/BFMC/Brain_DEI/brain/install/utils/include/utils/utils/msg/detail/topic_info__type_support.c\n'}
[10.416259] (utils) StdoutLine: {'line': b'-- Installing: /home/hisham/BFMC/Brain_DEI/brain/install/utils/include/utils/utils/msg/detail/environmental__rosidl_typesupport_introspection_c.h\n'}
[10.416315] (utils) StdoutLine: {'line': b'-- Installing: /home/hisham/BFMC/Brain_DEI/brain/install/utils/include/utils/utils/msg/detail/log__type_support.c\n'}
[10.416385] (utils) StdoutLine: {'line': b'-- Installing: /home/hisham/BFMC/Brain_DEI/brain/install/utils/include/utils/utils/msg/detail/localisation__rosidl_typesupport_introspection_c.h\n'}
[10.416440] (utils) StdoutLine: {'line': b'-- Installing: /home/hisham/BFMC/Brain_DEI/brain/install/utils/include/utils/utils/msg/detail/imu__rosidl_typesupport_introspection_c.h\n'}
[10.416517] (utils) StdoutLine: {'line': b'-- Installing: /home/hisham/BFMC/Brain_DEI/brain/install/utils/include/utils/utils/msg/detail/trafficsignprediction__rosidl_typesupport_introspection_c.h\n'}
[10.416573] (utils) StdoutLine: {'line': b'-- Installing: /home/hisham/BFMC/Brain_DEI/brain/install/utils/include/utils/utils/msg/rosidl_typesupport_introspection_c__visibility_control.h\n'}
[10.416630] (utils) StdoutLine: {'line': b'-- Installing: /home/hisham/BFMC/Brain_DEI/brain/install/utils/lib/libutils__rosidl_typesupport_introspection_c.so\n'}
[10.416730] (utils) StdoutLine: {'line': b'-- Set non-toolchain portion of runtime path of "/home/hisham/BFMC/Brain_DEI/brain/install/utils/lib/libutils__rosidl_typesupport_introspection_c.so" to ""\n'}
[10.416818] (utils) StdoutLine: {'line': b'-- Installing: /home/hisham/BFMC/Brain_DEI/brain/install/utils/lib/libutils__rosidl_typesupport_c.so\n'}
[10.416888] (utils) StdoutLine: {'line': b'-- Set non-toolchain portion of runtime path of "/home/hisham/BFMC/Brain_DEI/brain/install/utils/lib/libutils__rosidl_typesupport_c.so" to ""\n'}
[10.416959] (utils) StdoutLine: {'line': b'-- Up-to-date: /home/hisham/BFMC/Brain_DEI/brain/install/utils/include/utils/utils\n'}
[10.417030] (utils) StdoutLine: {'line': b'-- Up-to-date: /home/hisham/BFMC/Brain_DEI/brain/install/utils/include/utils/utils/srv\n'}
[10.417100] (utils) StdoutLine: {'line': b'-- Up-to-date: /home/hisham/BFMC/Brain_DEI/brain/install/utils/include/utils/utils/srv/detail\n'}
[10.417170] (utils) StdoutLine: {'line': b'-- Installing: /home/hisham/BFMC/Brain_DEI/brain/install/utils/include/utils/utils/srv/detail/subscribing__builder.hpp\n'}
[10.417239] (utils) StdoutLine: {'line': b'-- Installing: /home/hisham/BFMC/Brain_DEI/brain/install/utils/include/utils/utils/srv/detail/subscribing__struct.hpp\n'}
[10.417309] (utils) StdoutLine: {'line': b'-- Installing: /home/hisham/BFMC/Brain_DEI/brain/install/utils/include/utils/utils/srv/detail/request_param__builder.hpp\n'}
[10.417380] (utils) StdoutLine: {'line': b'-- Installing: /home/hisham/BFMC/Brain_DEI/brain/install/utils/include/utils/utils/srv/detail/subscribing__type_support.hpp\n'}
[10.417449] (utils) StdoutLine: {'line': b'-- Installing: /home/hisham/BFMC/Brain_DEI/brain/install/utils/include/utils/utils/srv/detail/subscribing__traits.hpp\n'}
[10.417529] (utils) StdoutLine: {'line': b'-- Installing: /home/hisham/BFMC/Brain_DEI/brain/install/utils/include/utils/utils/srv/detail/request_param__struct.hpp\n'}
[10.417607] (utils) StdoutLine: {'line': b'-- Installing: /home/hisham/BFMC/Brain_DEI/brain/install/utils/include/utils/utils/srv/detail/request_param__type_support.hpp\n'}
[10.417692] (utils) StdoutLine: {'line': b'-- Installing: /home/hisham/BFMC/Brain_DEI/brain/install/utils/include/utils/utils/srv/detail/request_param__traits.hpp\n'}
[10.417765] (utils) StdoutLine: {'line': b'-- Installing: /home/hisham/BFMC/Brain_DEI/brain/install/utils/include/utils/utils/srv/subscribing.hpp\n'}
[10.417835] (utils) StdoutLine: {'line': b'-- Installing: /home/hisham/BFMC/Brain_DEI/brain/install/utils/include/utils/utils/srv/request_param.hpp\n'}
[10.417910] (utils) StdoutLine: {'line': b'-- Up-to-date: /home/hisham/BFMC/Brain_DEI/brain/install/utils/include/utils/utils/msg\n'}
[10.417984] (utils) StdoutLine: {'line': b'-- Installing: /home/hisham/BFMC/Brain_DEI/brain/install/utils/include/utils/utils/msg/vehicles.hpp\n'}
[10.418055] (utils) StdoutLine: {'line': b'-- Up-to-date: /home/hisham/BFMC/Brain_DEI/brain/install/utils/include/utils/utils/msg/detail\n'}
[10.418126] (utils) StdoutLine: {'line': b'-- Installing: /home/hisham/BFMC/Brain_DEI/brain/install/utils/include/utils/utils/msg/detail/localisation__type_support.hpp\n'}
[10.418195] (utils) StdoutLine: {'line': b'-- Installing: /home/hisham/BFMC/Brain_DEI/brain/install/utils/include/utils/utils/msg/detail/semaphore__struct.hpp\n'}
[10.418266] (utils) StdoutLine: {'line': b'-- Installing: /home/hisham/BFMC/Brain_DEI/brain/install/utils/include/utils/utils/msg/detail/imu__builder.hpp\n'}
[10.418337] (utils) StdoutLine: {'line': b'-- Installing: /home/hisham/BFMC/Brain_DEI/brain/install/utils/include/utils/utils/msg/detail/log__builder.hpp\n'}
[10.418406] (utils) StdoutLine: {'line': b'-- Installing: /home/hisham/BFMC/Brain_DEI/brain/install/utils/include/utils/utils/msg/detail/conditions__type_support.hpp\n'}
[10.418482] (utils) StdoutLine: {'line': b'-- Installing: /home/hisham/BFMC/Brain_DEI/brain/install/utils/include/utils/utils/msg/detail/trafficsignprediction__struct.hpp\n'}
[10.418543] (utils) StdoutLine: {'line': b'-- Installing: /home/hisham/BFMC/Brain_DEI/brain/install/utils/include/utils/utils/msg/detail/semaphore__builder.hpp\n'}
[10.418620] (utils) StdoutLine: {'line': b'-- Installing: /home/hisham/BFMC/Brain_DEI/brain/install/utils/include/utils/utils/msg/detail/localisation__struct.hpp\n'}
[10.418688] (utils) StdoutLine: {'line': b'-- Installing: /home/hisham/BFMC/Brain_DEI/brain/install/utils/include/utils/utils/msg/detail/trafficsignprediction__traits.hpp\n'}
[10.418762] (utils) StdoutLine: {'line': b'-- Installing: /home/hisham/BFMC/Brain_DEI/brain/install/utils/include/utils/utils/msg/detail/semaphore__type_support.hpp\n'}
[10.418832] (utils) StdoutLine: {'line': b'-- Installing: /home/hisham/BFMC/Brain_DEI/brain/install/utils/include/utils/utils/msg/detail/localisation__builder.hpp\n'}
[10.418902] (utils) StdoutLine: {'line': b'-- Installing: /home/hisham/BFMC/Brain_DEI/brain/install/utils/include/utils/utils/msg/detail/environmental__builder.hpp\n'}
[10.418971] (utils) StdoutLine: {'line': b'-- Installing: /home/hisham/BFMC/Brain_DEI/brain/install/utils/include/utils/utils/msg/detail/semaphore__traits.hpp\n'}
[10.419049] (utils) StdoutLine: {'line': b'-- Installing: /home/hisham/BFMC/Brain_DEI/brain/install/utils/include/utils/utils/msg/detail/topic_info__type_support.hpp\n'}
[10.419110] (utils) StdoutLine: {'line': b'-- Installing: /home/hisham/BFMC/Brain_DEI/brain/install/utils/include/utils/utils/msg/detail/vehicles__struct.hpp\n'}
[10.419191] (utils) StdoutLine: {'line': b'-- Installing: /home/hisham/BFMC/Brain_DEI/brain/install/utils/include/utils/utils/msg/detail/topic_info__struct.hpp\n'}
[10.419260] (utils) StdoutLine: {'line': b'-- Installing: /home/hisham/BFMC/Brain_DEI/brain/install/utils/include/utils/utils/msg/detail/imu__type_support.hpp\n'}
[10.419329] (utils) StdoutLine: {'line': b'-- Installing: /home/hisham/BFMC/Brain_DEI/brain/install/utils/include/utils/utils/msg/detail/environmental__traits.hpp\n'}
[10.419397] (utils) StdoutLine: {'line': b'-- Installing: /home/hisham/BFMC/Brain_DEI/brain/install/utils/include/utils/utils/msg/detail/log__struct.hpp\n'}
[10.419471] (utils) StdoutLine: {'line': b'-- Installing: /home/hisham/BFMC/Brain_DEI/brain/install/utils/include/utils/utils/msg/detail/trafficsignprediction__builder.hpp\n'}
[10.419540] (utils) StdoutLine: {'line': b'-- Installing: /home/hisham/BFMC/Brain_DEI/brain/install/utils/include/utils/utils/msg/detail/imu__traits.hpp\n'}
[10.419610] (utils) StdoutLine: {'line': b'-- Installing: /home/hisham/BFMC/Brain_DEI/brain/install/utils/include/utils/utils/msg/detail/vehicles__traits.hpp\n'}
[10.419678] (utils) StdoutLine: {'line': b'-- Installing: /home/hisham/BFMC/Brain_DEI/brain/install/utils/include/utils/utils/msg/detail/localisation__traits.hpp\n'}
[10.419757] (utils) StdoutLine: {'line': b'-- Installing: /home/hisham/BFMC/Brain_DEI/brain/install/utils/include/utils/utils/msg/detail/imu__struct.hpp\n'}
[10.419828] (utils) StdoutLine: {'line': b'-- Installing: /home/hisham/BFMC/Brain_DEI/brain/install/utils/include/utils/utils/msg/detail/log__traits.hpp\n'}
[10.419897] (utils) StdoutLine: {'line': b'-- Installing: /home/hisham/BFMC/Brain_DEI/brain/install/utils/include/utils/utils/msg/detail/vehicles__builder.hpp\n'}
[10.419958] (utils) StdoutLine: {'line': b'-- Installing: /home/hisham/BFMC/Brain_DEI/brain/install/utils/include/utils/utils/msg/detail/log__type_support.hpp\n'}
[10.420027] (utils) StdoutLine: {'line': b'-- Installing: /home/hisham/BFMC/Brain_DEI/brain/install/utils/include/utils/utils/msg/detail/topic_info__builder.hpp\n'}
[10.420096] (utils) StdoutLine: {'line': b'-- Installing: /home/hisham/BFMC/Brain_DEI/brain/install/utils/include/utils/utils/msg/detail/conditions__struct.hpp\n'}
[10.420167] (utils) StdoutLine: {'line': b'-- Installing: /home/hisham/BFMC/Brain_DEI/brain/install/utils/include/utils/utils/msg/detail/environmental__type_support.hpp\n'}
[10.420246] (utils) StdoutLine: {'line': b'-- Installing: /home/hisham/BFMC/Brain_DEI/brain/install/utils/include/utils/utils/msg/detail/topic_info__traits.hpp\n'}
[10.420317] (utils) StdoutLine: {'line': b'-- Installing: /home/hisham/BFMC/Brain_DEI/brain/install/utils/include/utils/utils/msg/detail/environmental__struct.hpp\n'}
[10.420398] (utils) StdoutLine: {'line': b'-- Installing: /home/hisham/BFMC/Brain_DEI/brain/install/utils/include/utils/utils/msg/detail/vehicles__type_support.hpp\n'}
[10.420469] (utils) StdoutLine: {'line': b'-- Installing: /home/hisham/BFMC/Brain_DEI/brain/install/utils/include/utils/utils/msg/detail/conditions__builder.hpp\n'}
[10.420540] (utils) StdoutLine: {'line': b'-- Installing: /home/hisham/BFMC/Brain_DEI/brain/install/utils/include/utils/utils/msg/detail/trafficsignprediction__type_support.hpp\n'}
[10.420611] (utils) StdoutLine: {'line': b'-- Installing: /home/hisham/BFMC/Brain_DEI/brain/install/utils/include/utils/utils/msg/detail/conditions__traits.hpp\n'}
[10.420695] (utils) StdoutLine: {'line': b'-- Installing: /home/hisham/BFMC/Brain_DEI/brain/install/utils/include/utils/utils/msg/conditions.hpp\n'}
[10.420755] (utils) StdoutLine: {'line': b'-- Installing: /home/hisham/BFMC/Brain_DEI/brain/install/utils/include/utils/utils/msg/imu.hpp\n'}
[10.420825] (utils) StdoutLine: {'line': b'-- Installing: /home/hisham/BFMC/Brain_DEI/brain/install/utils/include/utils/utils/msg/localisation.hpp\n'}
[10.420906] (utils) StdoutLine: {'line': b'-- Installing: /home/hisham/BFMC/Brain_DEI/brain/install/utils/include/utils/utils/msg/rosidl_generator_cpp__visibility_control.hpp\n'}
[10.420977] (utils) StdoutLine: {'line': b'-- Installing: /home/hisham/BFMC/Brain_DEI/brain/install/utils/include/utils/utils/msg/log.hpp\n'}
[10.421046] (utils) StdoutLine: {'line': b'-- Installing: /home/hisham/BFMC/Brain_DEI/brain/install/utils/include/utils/utils/msg/environmental.hpp\n'}
[10.421128] (utils) StdoutLine: {'line': b'-- Installing: /home/hisham/BFMC/Brain_DEI/brain/install/utils/include/utils/utils/msg/trafficsignprediction.hpp\n'}
[10.421207] (utils) StdoutLine: {'line': b'-- Installing: /home/hisham/BFMC/Brain_DEI/brain/install/utils/include/utils/utils/msg/topic_info.hpp\n'}
[10.421314] (utils) StdoutLine: {'line': b'-- Installing: /home/hisham/BFMC/Brain_DEI/brain/install/utils/include/utils/utils/msg/semaphore.hpp\n'}
[10.421388] (utils) StdoutLine: {'line': b'-- Up-to-date: /home/hisham/BFMC/Brain_DEI/brain/install/utils/include/utils/utils\n'}
[10.421459] (utils) StdoutLine: {'line': b'-- Up-to-date: /home/hisham/BFMC/Brain_DEI/brain/install/utils/include/utils/utils/srv\n'}
[10.421531] (utils) StdoutLine: {'line': b'-- Up-to-date: /home/hisham/BFMC/Brain_DEI/brain/install/utils/include/utils/utils/srv/detail\n'}
[10.421601] (utils) StdoutLine: {'line': b'-- Installing: /home/hisham/BFMC/Brain_DEI/brain/install/utils/include/utils/utils/srv/detail/dds_fastrtps\n'}
[10.421680] (utils) StdoutLine: {'line': b'-- Installing: /home/hisham/BFMC/Brain_DEI/brain/install/utils/include/utils/utils/srv/detail/request_param__rosidl_typesupport_fastrtps_cpp.hpp\n'}
[10.421753] (utils) StdoutLine: {'line': b'-- Installing: /home/hisham/BFMC/Brain_DEI/brain/install/utils/include/utils/utils/srv/detail/subscribing__rosidl_typesupport_fastrtps_cpp.hpp\n'}
[10.421824] (utils) StdoutLine: {'line': b'-- Up-to-date: /home/hisham/BFMC/Brain_DEI/brain/install/utils/include/utils/utils/msg\n'}
[10.421896] (utils) StdoutLine: {'line': b'-- Up-to-date: /home/hisham/BFMC/Brain_DEI/brain/install/utils/include/utils/utils/msg/detail\n'}
[10.421953] (utils) StdoutLine: {'line': b'-- Installing: /home/hisham/BFMC/Brain_DEI/brain/install/utils/include/utils/utils/msg/detail/localisation__rosidl_typesupport_fastrtps_cpp.hpp\n'}
[10.422010] (utils) StdoutLine: {'line': b'-- Installing: /home/hisham/BFMC/Brain_DEI/brain/install/utils/include/utils/utils/msg/detail/dds_fastrtps\n'}
[10.422066] (utils) StdoutLine: {'line': b'-- Installing: /home/hisham/BFMC/Brain_DEI/brain/install/utils/include/utils/utils/msg/detail/log__rosidl_typesupport_fastrtps_cpp.hpp\n'}
[10.422122] (utils) StdoutLine: {'line': b'-- Installing: /home/hisham/BFMC/Brain_DEI/brain/install/utils/include/utils/utils/msg/detail/semaphore__rosidl_typesupport_fastrtps_cpp.hpp\n'}
[10.422194] (utils) StdoutLine: {'line': b'-- Installing: /home/hisham/BFMC/Brain_DEI/brain/install/utils/include/utils/utils/msg/detail/trafficsignprediction__rosidl_typesupport_fastrtps_cpp.hpp\n'}
[10.422250] (utils) StdoutLine: {'line': b'-- Installing: /home/hisham/BFMC/Brain_DEI/brain/install/utils/include/utils/utils/msg/detail/imu__rosidl_typesupport_fastrtps_cpp.hpp\n'}
[10.422318] (utils) StdoutLine: {'line': b'-- Installing: /home/hisham/BFMC/Brain_DEI/brain/install/utils/include/utils/utils/msg/detail/environmental__rosidl_typesupport_fastrtps_cpp.hpp\n'}
[10.422388] (utils) StdoutLine: {'line': b'-- Installing: /home/hisham/BFMC/Brain_DEI/brain/install/utils/include/utils/utils/msg/detail/conditions__rosidl_typesupport_fastrtps_cpp.hpp\n'}
[10.422470] (utils) StdoutLine: {'line': b'-- Installing: /home/hisham/BFMC/Brain_DEI/brain/install/utils/include/utils/utils/msg/detail/topic_info__rosidl_typesupport_fastrtps_cpp.hpp\n'}
[10.422531] (utils) StdoutLine: {'line': b'-- Installing: /home/hisham/BFMC/Brain_DEI/brain/install/utils/include/utils/utils/msg/detail/vehicles__rosidl_typesupport_fastrtps_cpp.hpp\n'}
[10.422602] (utils) StdoutLine: {'line': b'-- Installing: /home/hisham/BFMC/Brain_DEI/brain/install/utils/include/utils/utils/msg/rosidl_typesupport_fastrtps_cpp__visibility_control.h\n'}
[10.422679] (utils) StdoutLine: {'line': b'-- Installing: /home/hisham/BFMC/Brain_DEI/brain/install/utils/lib/libutils__rosidl_typesupport_fastrtps_cpp.so\n'}
[10.422755] (utils) StdoutLine: {'line': b'-- Set non-toolchain portion of runtime path of "/home/hisham/BFMC/Brain_DEI/brain/install/utils/lib/libutils__rosidl_typesupport_fastrtps_cpp.so" to ""\n'}
[10.422857] (utils) StdoutLine: {'line': b'-- Up-to-date: /home/hisham/BFMC/Brain_DEI/brain/install/utils/include/utils/utils\n'}
[10.422928] (utils) StdoutLine: {'line': b'-- Up-to-date: /home/hisham/BFMC/Brain_DEI/brain/install/utils/include/utils/utils/srv\n'}
[10.422999] (utils) StdoutLine: {'line': b'-- Up-to-date: /home/hisham/BFMC/Brain_DEI/brain/install/utils/include/utils/utils/srv/detail\n'}
[10.423075] (utils) StdoutLine: {'line': b'-- Installing: /home/hisham/BFMC/Brain_DEI/brain/install/utils/include/utils/utils/srv/detail/request_param__rosidl_typesupport_introspection_cpp.hpp\n'}
[10.423146] (utils) StdoutLine: {'line': b'-- Installing: /home/hisham/BFMC/Brain_DEI/brain/install/utils/include/utils/utils/srv/detail/request_param__type_support.cpp\n'}
[10.423218] (utils) StdoutLine: {'line': b'-- Installing: /home/hisham/BFMC/Brain_DEI/brain/install/utils/include/utils/utils/srv/detail/subscribing__rosidl_typesupport_introspection_cpp.hpp\n'}
[10.423289] (utils) StdoutLine: {'line': b'-- Installing: /home/hisham/BFMC/Brain_DEI/brain/install/utils/include/utils/utils/srv/detail/subscribing__type_support.cpp\n'}
[10.423361] (utils) StdoutLine: {'line': b'-- Up-to-date: /home/hisham/BFMC/Brain_DEI/brain/install/utils/include/utils/utils/msg\n'}
[10.423432] (utils) StdoutLine: {'line': b'-- Up-to-date: /home/hisham/BFMC/Brain_DEI/brain/install/utils/include/utils/utils/msg/detail\n'}
[10.423502] (utils) StdoutLine: {'line': b'-- Installing: /home/hisham/BFMC/Brain_DEI/brain/install/utils/include/utils/utils/msg/detail/semaphore__type_support.cpp\n'}
[10.423573] (utils) StdoutLine: {'line': b'-- Installing: /home/hisham/BFMC/Brain_DEI/brain/install/utils/include/utils/utils/msg/detail/environmental__type_support.cpp\n'}
[10.423656] (utils) StdoutLine: {'line': b'-- Installing: /home/hisham/BFMC/Brain_DEI/brain/install/utils/include/utils/utils/msg/detail/log__type_support.cpp\n'}
[10.423790] (utils) StdoutLine: {'line': b'-- Installing: /home/hisham/BFMC/Brain_DEI/brain/install/utils/include/utils/utils/msg/detail/topic_info__rosidl_typesupport_introspection_cpp.hpp\n'}
[10.423864] (utils) StdoutLine: {'line': b'-- Installing: /home/hisham/BFMC/Brain_DEI/brain/install/utils/include/utils/utils/msg/detail/imu__type_support.cpp\n'}
[10.423938] (utils) StdoutLine: {'line': b'-- Installing: /home/hisham/BFMC/Brain_DEI/brain/install/utils/include/utils/utils/msg/detail/log__rosidl_typesupport_introspection_cpp.hpp\n'}
[10.424011] (utils) StdoutLine: {'line': b'-- Installing: /home/hisham/BFMC/Brain_DEI/brain/install/utils/include/utils/utils/msg/detail/trafficsignprediction__rosidl_typesupport_introspection_cpp.hpp\n'}
[10.424084] (utils) StdoutLine: {'line': b'-- Installing: /home/hisham/BFMC/Brain_DEI/brain/install/utils/include/utils/utils/msg/detail/localisation__rosidl_typesupport_introspection_cpp.hpp\n'}
[10.424144] (utils) StdoutLine: {'line': b'-- Installing: /home/hisham/BFMC/Brain_DEI/brain/install/utils/include/utils/utils/msg/detail/vehicles__type_support.cpp\n'}
[10.424201] (utils) StdoutLine: {'line': b'-- Installing: /home/hisham/BFMC/Brain_DEI/brain/install/utils/include/utils/utils/msg/detail/localisation__type_support.cpp\n'}
[10.424258] (utils) StdoutLine: {'line': b'-- Installing: /home/hisham/BFMC/Brain_DEI/brain/install/utils/include/utils/utils/msg/detail/vehicles__rosidl_typesupport_introspection_cpp.hpp\n'}
[10.424315] (utils) StdoutLine: {'line': b'-- Installing: /home/hisham/BFMC/Brain_DEI/brain/install/utils/include/utils/utils/msg/detail/semaphore__rosidl_typesupport_introspection_cpp.hpp\n'}
[10.424390] (utils) StdoutLine: {'line': b'-- Installing: /home/hisham/BFMC/Brain_DEI/brain/install/utils/include/utils/utils/msg/detail/conditions__rosidl_typesupport_introspection_cpp.hpp\n'}
[10.424447] (utils) StdoutLine: {'line': b'-- Installing: /home/hisham/BFMC/Brain_DEI/brain/install/utils/include/utils/utils/msg/detail/topic_info__type_support.cpp\n'}
[10.424517] (utils) StdoutLine: {'line': b'-- Installing: /home/hisham/BFMC/Brain_DEI/brain/install/utils/include/utils/utils/msg/detail/conditions__type_support.cpp\n'}
[10.424585] (utils) StdoutLine: {'line': b'-- Installing: /home/hisham/BFMC/Brain_DEI/brain/install/utils/include/utils/utils/msg/detail/imu__rosidl_typesupport_introspection_cpp.hpp\n'}
[10.424644] (utils) StdoutLine: {'line': b'-- Installing: /home/hisham/BFMC/Brain_DEI/brain/install/utils/include/utils/utils/msg/detail/environmental__rosidl_typesupport_introspection_cpp.hpp\n'}
[10.424708] (utils) StdoutLine: {'line': b'-- Installing: /home/hisham/BFMC/Brain_DEI/brain/install/utils/include/utils/utils/msg/detail/trafficsignprediction__type_support.cpp\n'}
[10.424778] (utils) StdoutLine: {'line': b'-- Installing: /home/hisham/BFMC/Brain_DEI/brain/install/utils/lib/libutils__rosidl_typesupport_introspection_cpp.so\n'}
[10.424847] (utils) StdoutLine: {'line': b'-- Set non-toolchain portion of runtime path of "/home/hisham/BFMC/Brain_DEI/brain/install/utils/lib/libutils__rosidl_typesupport_introspection_cpp.so" to ""\n'}
[10.424922] (utils) StdoutLine: {'line': b'-- Installing: /home/hisham/BFMC/Brain_DEI/brain/install/utils/lib/libutils__rosidl_typesupport_cpp.so\n'}
[10.424993] (utils) StdoutLine: {'line': b'-- Set non-toolchain portion of runtime path of "/home/hisham/BFMC/Brain_DEI/brain/install/utils/lib/libutils__rosidl_typesupport_cpp.so" to ""\n'}
[10.425054] (utils) StdoutLine: {'line': b'-- Installing: /home/hisham/BFMC/Brain_DEI/brain/install/utils/share/utils/environment/pythonpath.sh\n'}
[10.425126] (utils) StdoutLine: {'line': b'-- Installing: /home/hisham/BFMC/Brain_DEI/brain/install/utils/share/utils/environment/pythonpath.dsv\n'}
[10.425214] (utils) StdoutLine: {'line': b'-- Installing: /home/hisham/BFMC/Brain_DEI/brain/install/utils/lib/python3.12/site-packages/utils-0.0.0-py3.12.egg-info\n'}
[10.425286] (utils) StdoutLine: {'line': b'-- Installing: /home/hisham/BFMC/Brain_DEI/brain/install/utils/lib/python3.12/site-packages/utils-0.0.0-py3.12.egg-info/top_level.txt\n'}
[10.425360] (utils) StdoutLine: {'line': b'-- Installing: /home/hisham/BFMC/Brain_DEI/brain/install/utils/lib/python3.12/site-packages/utils-0.0.0-py3.12.egg-info/PKG-INFO\n'}
[10.425432] (utils) StdoutLine: {'line': b'-- Installing: /home/hisham/BFMC/Brain_DEI/brain/install/utils/lib/python3.12/site-packages/utils-0.0.0-py3.12.egg-info/SOURCES.txt\n'}
[10.425505] (utils) StdoutLine: {'line': b'-- Installing: /home/hisham/BFMC/Brain_DEI/brain/install/utils/lib/python3.12/site-packages/utils-0.0.0-py3.12.egg-info/dependency_links.txt\n'}
[10.425569] (utils) StdoutLine: {'line': b'-- Installing: /home/hisham/BFMC/Brain_DEI/brain/install/utils/lib/python3.12/site-packages/utils\n'}
[10.425657] (utils) StdoutLine: {'line': b'-- Installing: /home/hisham/BFMC/Brain_DEI/brain/install/utils/lib/python3.12/site-packages/utils/utils_s__rosidl_typesupport_c.so\n'}
[10.425731] (utils) StdoutLine: {'line': b'-- Installing: /home/hisham/BFMC/Brain_DEI/brain/install/utils/lib/python3.12/site-packages/utils/__init__.py\n'}
[10.425819] (utils) StdoutLine: {'line': b'-- Installing: /home/hisham/BFMC/Brain_DEI/brain/install/utils/lib/python3.12/site-packages/utils/srv\n'}
[10.425892] (utils) StdoutLine: {'line': b'-- Installing: /home/hisham/BFMC/Brain_DEI/brain/install/utils/lib/python3.12/site-packages/utils/srv/_subscribing_s.c\n'}
[10.425963] (utils) StdoutLine: {'line': b'-- Installing: /home/hisham/BFMC/Brain_DEI/brain/install/utils/lib/python3.12/site-packages/utils/srv/__init__.py\n'}
[10.426034] (utils) StdoutLine: {'line': b'-- Installing: /home/hisham/BFMC/Brain_DEI/brain/install/utils/lib/python3.12/site-packages/utils/srv/_request_param_s.c\n'}
[10.426105] (utils) StdoutLine: {'line': b'-- Installing: /home/hisham/BFMC/Brain_DEI/brain/install/utils/lib/python3.12/site-packages/utils/srv/_request_param.py\n'}
[10.426177] (utils) StdoutLine: {'line': b'-- Installing: /home/hisham/BFMC/Brain_DEI/brain/install/utils/lib/python3.12/site-packages/utils/srv/_subscribing.py\n'}
[10.426258] (utils) StdoutLine: {'line': b'-- Installing: /home/hisham/BFMC/Brain_DEI/brain/install/utils/lib/python3.12/site-packages/utils/msg\n'}
[10.426329] (utils) StdoutLine: {'line': b'-- Installing: /home/hisham/BFMC/Brain_DEI/brain/install/utils/lib/python3.12/site-packages/utils/msg/_topic_info.py\n'}
[10.426401] (utils) StdoutLine: {'line': b'-- Installing: /home/hisham/BFMC/Brain_DEI/brain/install/utils/lib/python3.12/site-packages/utils/msg/_semaphore_s.c\n'}
[10.426475] (utils) StdoutLine: {'line': b'-- Installing: /home/hisham/BFMC/Brain_DEI/brain/install/utils/lib/python3.12/site-packages/utils/msg/__init__.py\n'}
[10.426551] (utils) StdoutLine: {'line': b'-- Installing: /home/hisham/BFMC/Brain_DEI/brain/install/utils/lib/python3.12/site-packages/utils/msg/_vehicles_s.c\n'}
[10.426626] (utils) StdoutLine: {'line': b'-- Installing: /home/hisham/BFMC/Brain_DEI/brain/install/utils/lib/python3.12/site-packages/utils/msg/_trafficsignprediction.py\n'}
[10.426702] (utils) StdoutLine: {'line': b'-- Installing: /home/hisham/BFMC/Brain_DEI/brain/install/utils/lib/python3.12/site-packages/utils/msg/_environmental_s.c\n'}
[10.426776] (utils) StdoutLine: {'line': b'-- Installing: /home/hisham/BFMC/Brain_DEI/brain/install/utils/lib/python3.12/site-packages/utils/msg/_conditions_s.c\n'}
[10.426872] (utils) StdoutLine: {'line': b'-- Installing: /home/hisham/BFMC/Brain_DEI/brain/install/utils/lib/python3.12/site-packages/utils/msg/_log.py\n'}
[10.426941] (utils) StdoutLine: {'line': b'-- Installing: /home/hisham/BFMC/Brain_DEI/brain/install/utils/lib/python3.12/site-packages/utils/msg/_localisation_s.c\n'}
[10.427012] (utils) StdoutLine: {'line': b'-- Installing: /home/hisham/BFMC/Brain_DEI/brain/install/utils/lib/python3.12/site-packages/utils/msg/_environmental.py\n'}
[10.427083] (utils) StdoutLine: {'line': b'-- Installing: /home/hisham/BFMC/Brain_DEI/brain/install/utils/lib/python3.12/site-packages/utils/msg/_conditions.py\n'}
[10.427145] (utils) StdoutLine: {'line': b'-- Installing: /home/hisham/BFMC/Brain_DEI/brain/install/utils/lib/python3.12/site-packages/utils/msg/_semaphore.py\n'}
[10.427225] (utils) StdoutLine: {'line': b'-- Installing: /home/hisham/BFMC/Brain_DEI/brain/install/utils/lib/python3.12/site-packages/utils/msg/_log_s.c\n'}
[10.427297] (utils) StdoutLine: {'line': b'-- Installing: /home/hisham/BFMC/Brain_DEI/brain/install/utils/lib/python3.12/site-packages/utils/msg/_imu.py\n'}
[10.427367] (utils) StdoutLine: {'line': b'-- Installing: /home/hisham/BFMC/Brain_DEI/brain/install/utils/lib/python3.12/site-packages/utils/msg/_vehicles.py\n'}
[10.427437] (utils) StdoutLine: {'line': b'-- Installing: /home/hisham/BFMC/Brain_DEI/brain/install/utils/lib/python3.12/site-packages/utils/msg/_topic_info_s.c\n'}
[10.427505] (utils) StdoutLine: {'line': b'-- Installing: /home/hisham/BFMC/Brain_DEI/brain/install/utils/lib/python3.12/site-packages/utils/msg/_imu_s.c\n'}
[10.427563] (utils) StdoutLine: {'line': b'-- Installing: /home/hisham/BFMC/Brain_DEI/brain/install/utils/lib/python3.12/site-packages/utils/msg/_localisation.py\n'}
[10.427632] (utils) StdoutLine: {'line': b'-- Installing: /home/hisham/BFMC/Brain_DEI/brain/install/utils/lib/python3.12/site-packages/utils/msg/_trafficsignprediction_s.c\n'}
[10.427704] (utils) StdoutLine: {'line': b'-- Installing: /home/hisham/BFMC/Brain_DEI/brain/install/utils/lib/python3.12/site-packages/utils/utils_s__rosidl_typesupport_fastrtps_c.so\n'}
[10.427779] (utils) StdoutLine: {'line': b'-- Installing: /home/hisham/BFMC/Brain_DEI/brain/install/utils/lib/python3.12/site-packages/utils/_utils_s.ep.rosidl_typesupport_fastrtps_c.c\n'}
[10.427853] (utils) StdoutLine: {'line': b'-- Installing: /home/hisham/BFMC/Brain_DEI/brain/install/utils/lib/python3.12/site-packages/utils/_utils_s.ep.rosidl_typesupport_c.c\n'}
[10.427912] (utils) StdoutLine: {'line': b'-- Installing: /home/hisham/BFMC/Brain_DEI/brain/install/utils/lib/python3.12/site-packages/utils/utils_s__rosidl_typesupport_introspection_c.so\n'}
[10.427967] (utils) StdoutLine: {'line': b'-- Installing: /home/hisham/BFMC/Brain_DEI/brain/install/utils/lib/python3.12/site-packages/utils/_utils_s.ep.rosidl_typesupport_introspection_c.c\n'}
[10.429936] (-) TimerEvent: {}
[10.474408] (utils) StdoutLine: {'line': b"Listing '/home/hisham/BFMC/Brain_DEI/brain/install/utils/lib/python3.12/site-packages/utils'...\n"}
[10.474537] (utils) StdoutLine: {'line': b"Compiling '/home/hisham/BFMC/Brain_DEI/brain/install/utils/lib/python3.12/site-packages/utils/__init__.py'...\n"}
[10.474604] (utils) StdoutLine: {'line': b"Listing '/home/hisham/BFMC/Brain_DEI/brain/install/utils/lib/python3.12/site-packages/utils/msg'...\n"}
[10.474686] (utils) StdoutLine: {'line': b"Compiling '/home/hisham/BFMC/Brain_DEI/brain/install/utils/lib/python3.12/site-packages/utils/msg/__init__.py'...\n"}
[10.474748] (utils) StdoutLine: {'line': b"Compiling '/home/hisham/BFMC/Brain_DEI/brain/install/utils/lib/python3.12/site-packages/utils/msg/_conditions.py'...\n"}
[10.474806] (utils) StdoutLine: {'line': b"Compiling '/home/hisham/BFMC/Brain_DEI/brain/install/utils/lib/python3.12/site-packages/utils/msg/_environmental.py'...\n"}
[10.474862] (utils) StdoutLine: {'line': b"Compiling '/home/hisham/BFMC/Brain_DEI/brain/install/utils/lib/python3.12/site-packages/utils/msg/_imu.py'...\n"}
[10.474918] (utils) StdoutLine: {'line': b"Compiling '/home/hisham/BFMC/Brain_DEI/brain/install/utils/lib/python3.12/site-packages/utils/msg/_localisation.py'...\n"}
[10.474974] (utils) StdoutLine: {'line': b"Compiling '/home/hisham/BFMC/Brain_DEI/brain/install/utils/lib/python3.12/site-packages/utils/msg/_log.py'...\n"}
[10.475031] (utils) StdoutLine: {'line': b"Compiling '/home/hisham/BFMC/Brain_DEI/brain/install/utils/lib/python3.12/site-packages/utils/msg/_semaphore.py'...\n"}
[10.475087] (utils) StdoutLine: {'line': b"Compiling '/home/hisham/BFMC/Brain_DEI/brain/install/utils/lib/python3.12/site-packages/utils/msg/_topic_info.py'...\n"}
[10.475147] (utils) StdoutLine: {'line': b"Compiling '/home/hisham/BFMC/Brain_DEI/brain/install/utils/lib/python3.12/site-packages/utils/msg/_trafficsignprediction.py'...\n"}
[10.475205] (utils) StdoutLine: {'line': b"Compiling '/home/hisham/BFMC/Brain_DEI/brain/install/utils/lib/python3.12/site-packages/utils/msg/_vehicles.py'...\n"}
[10.475261] (utils) StdoutLine: {'line': b"Listing '/home/hisham/BFMC/Brain_DEI/brain/install/utils/lib/python3.12/site-packages/utils/srv'...\n"}
[10.475316] (utils) StdoutLine: {'line': b"Compiling '/home/hisham/BFMC/Brain_DEI/brain/install/utils/lib/python3.12/site-packages/utils/srv/__init__.py'...\n"}
[10.475372] (utils) StdoutLine: {'line': b"Compiling '/home/hisham/BFMC/Brain_DEI/brain/install/utils/lib/python3.12/site-packages/utils/srv/_request_param.py'...\n"}
[10.475427] (utils) StdoutLine: {'line': b"Compiling '/home/hisham/BFMC/Brain_DEI/brain/install/utils/lib/python3.12/site-packages/utils/srv/_subscribing.py'...\n"}
[10.478918] (utils) StdoutLine: {'line': b'-- Installing: /home/hisham/BFMC/Brain_DEI/brain/install/utils/lib/python3.12/site-packages/utils/utils_s__rosidl_typesupport_fastrtps_c.so\n'}
[10.479149] (utils) StdoutLine: {'line': b'-- Set non-toolchain portion of runtime path of "/home/hisham/BFMC/Brain_DEI/brain/install/utils/lib/python3.12/site-packages/utils/utils_s__rosidl_typesupport_fastrtps_c.so" to ""\n'}
[10.479312] (utils) StdoutLine: {'line': b'-- Installing: /home/hisham/BFMC/Brain_DEI/brain/install/utils/lib/python3.12/site-packages/utils/utils_s__rosidl_typesupport_introspection_c.so\n'}
[10.479510] (utils) StdoutLine: {'line': b'-- Set non-toolchain portion of runtime path of "/home/hisham/BFMC/Brain_DEI/brain/install/utils/lib/python3.12/site-packages/utils/utils_s__rosidl_typesupport_introspection_c.so" to ""\n'}
[10.479627] (utils) StdoutLine: {'line': b'-- Installing: /home/hisham/BFMC/Brain_DEI/brain/install/utils/lib/python3.12/site-packages/utils/utils_s__rosidl_typesupport_c.so\n'}
[10.479892] (utils) StdoutLine: {'line': b'-- Set non-toolchain portion of runtime path of "/home/hisham/BFMC/Brain_DEI/brain/install/utils/lib/python3.12/site-packages/utils/utils_s__rosidl_typesupport_c.so" to ""\n'}
[10.480013] (utils) StdoutLine: {'line': b'-- Installing: /home/hisham/BFMC/Brain_DEI/brain/install/utils/lib/libutils__rosidl_generator_py.so\n'}
[10.480172] (utils) StdoutLine: {'line': b'-- Set non-toolchain portion of runtime path of "/home/hisham/BFMC/Brain_DEI/brain/install/utils/lib/libutils__rosidl_generator_py.so" to ""\n'}
[10.480311] (utils) StdoutLine: {'line': b'-- Installing: /home/hisham/BFMC/Brain_DEI/brain/install/utils/share/utils/msg/IMU.idl\n'}
[10.480416] (utils) StdoutLine: {'line': b'-- Installing: /home/hisham/BFMC/Brain_DEI/brain/install/utils/share/utils/msg/Localisation.idl\n'}
[10.480500] (utils) StdoutLine: {'line': b'-- Installing: /home/hisham/BFMC/Brain_DEI/brain/install/utils/share/utils/msg/Vehicles.idl\n'}
[10.480577] (utils) StdoutLine: {'line': b'-- Installing: /home/hisham/BFMC/Brain_DEI/brain/install/utils/share/utils/msg/Environmental.idl\n'}
[10.480654] (utils) StdoutLine: {'line': b'-- Installing: /home/hisham/BFMC/Brain_DEI/brain/install/utils/share/utils/msg/Log.idl\n'}
[10.480824] (utils) StdoutLine: {'line': b'-- Installing: /home/hisham/BFMC/Brain_DEI/brain/install/utils/share/utils/msg/TopicInfo.idl\n'}
[10.480915] (utils) StdoutLine: {'line': b'-- Installing: /home/hisham/BFMC/Brain_DEI/brain/install/utils/share/utils/msg/Semaphore.idl\n'}
[10.481017] (utils) StdoutLine: {'line': b'-- Installing: /home/hisham/BFMC/Brain_DEI/brain/install/utils/share/utils/msg/Conditions.idl\n'}
[10.481093] (utils) StdoutLine: {'line': b'-- Installing: /home/hisham/BFMC/Brain_DEI/brain/install/utils/share/utils/msg/Trafficsignprediction.idl\n'}
[10.481168] (utils) StdoutLine: {'line': b'-- Installing: /home/hisham/BFMC/Brain_DEI/brain/install/utils/share/utils/srv/Subscribing.idl\n'}
[10.481255] (utils) StdoutLine: {'line': b'-- Installing: /home/hisham/BFMC/Brain_DEI/brain/install/utils/share/utils/srv/RequestParam.idl\n'}
[10.481338] (utils) StdoutLine: {'line': b'-- Installing: /home/hisham/BFMC/Brain_DEI/brain/install/utils/share/utils/msg/IMU.msg\n'}
[10.481432] (utils) StdoutLine: {'line': b'-- Installing: /home/hisham/BFMC/Brain_DEI/brain/install/utils/share/utils/msg/Localisation.msg\n'}
[10.481539] (utils) StdoutLine: {'line': b'-- Installing: /home/hisham/BFMC/Brain_DEI/brain/install/utils/share/utils/msg/Vehicles.msg\n'}
[10.481683] (utils) StdoutLine: {'line': b'-- Installing: /home/hisham/BFMC/Brain_DEI/brain/install/utils/share/utils/msg/Environmental.msg\n'}
[10.481786] (utils) StdoutLine: {'line': b'-- Installing: /home/hisham/BFMC/Brain_DEI/brain/install/utils/share/utils/msg/Log.msg\n'}
[10.481881] (utils) StdoutLine: {'line': b'-- Installing: /home/hisham/BFMC/Brain_DEI/brain/install/utils/share/utils/msg/TopicInfo.msg\n'}
[10.481970] (utils) StdoutLine: {'line': b'-- Installing: /home/hisham/BFMC/Brain_DEI/brain/install/utils/share/utils/msg/Semaphore.msg\n'}
[10.482063] (utils) StdoutLine: {'line': b'-- Installing: /home/hisham/BFMC/Brain_DEI/brain/install/utils/share/utils/msg/Conditions.msg\n'}
[10.482145] (utils) StdoutLine: {'line': b'-- Installing: /home/hisham/BFMC/Brain_DEI/brain/install/utils/share/utils/msg/Trafficsignprediction.msg\n'}
[10.482220] (utils) StdoutLine: {'line': b'-- Installing: /home/hisham/BFMC/Brain_DEI/brain/install/utils/share/utils/srv/Subscribing.srv\n'}
[10.482297] (utils) StdoutLine: {'line': b'-- Installing: /home/hisham/BFMC/Brain_DEI/brain/install/utils/share/utils/srv/RequestParam.srv\n'}
[10.482381] (utils) StdoutLine: {'line': b'-- Installing: /home/hisham/BFMC/Brain_DEI/brain/install/utils/share/utils/launch\n'}
[10.482455] (utils) StdoutLine: {'line': b'-- Installing: /home/hisham/BFMC/Brain_DEI/brain/install/utils/share/utils/launch/run_automobile.launch.py\n'}
[10.482551] (utils) StdoutLine: {'line': b'-- Installing: /home/hisham/BFMC/Brain_DEI/brain/install/utils/share/ament_index/resource_index/package_run_dependencies/utils\n'}
[10.482768] (utils) StdoutLine: {'line': b'-- Installing: /home/hisham/BFMC/Brain_DEI/brain/install/utils/share/ament_index/resource_index/parent_prefix_path/utils\n'}
[10.482891] (utils) StdoutLine: {'line': b'-- Installing: /home/hisham/BFMC/Brain_DEI/brain/install/utils/share/utils/environment/ament_prefix_path.sh\n'}
[10.482967] (utils) StdoutLine: {'line': b'-- Installing: /home/hisham/BFMC/Brain_DEI/brain/install/utils/share/utils/environment/ament_prefix_path.dsv\n'}
[10.483072] (utils) StdoutLine: {'line': b'-- Installing: /home/hisham/BFMC/Brain_DEI/brain/install/utils/share/utils/environment/path.sh\n'}
[10.483152] (utils) StdoutLine: {'line': b'-- Installing: /home/hisham/BFMC/Brain_DEI/brain/install/utils/share/utils/environment/path.dsv\n'}
[10.483232] (utils) StdoutLine: {'line': b'-- Installing: /home/hisham/BFMC/Brain_DEI/brain/install/utils/share/utils/local_setup.bash\n'}
[10.483311] (utils) StdoutLine: {'line': b'-- Installing: /home/hisham/BFMC/Brain_DEI/brain/install/utils/share/utils/local_setup.sh\n'}
[10.483395] (utils) StdoutLine: {'line': b'-- Installing: /home/hisham/BFMC/Brain_DEI/brain/install/utils/share/utils/local_setup.zsh\n'}
[10.483488] (utils) StdoutLine: {'line': b'-- Installing: /home/hisham/BFMC/Brain_DEI/brain/install/utils/share/utils/local_setup.dsv\n'}
[10.483576] (utils) StdoutLine: {'line': b'-- Installing: /home/hisham/BFMC/Brain_DEI/brain/install/utils/share/utils/package.dsv\n'}
[10.483734] (utils) StdoutLine: {'line': b'-- Installing: /home/hisham/BFMC/Brain_DEI/brain/install/utils/share/ament_index/resource_index/packages/utils\n'}
[10.483850] (utils) StdoutLine: {'line': b'-- Installing: /home/hisham/BFMC/Brain_DEI/brain/install/utils/share/utils/cmake/export_utils__rosidl_generator_cExport.cmake\n'}
[10.483955] (utils) StdoutLine: {'line': b'-- Installing: /home/hisham/BFMC/Brain_DEI/brain/install/utils/share/utils/cmake/export_utils__rosidl_generator_cExport-noconfig.cmake\n'}
[10.484061] (utils) StdoutLine: {'line': b'-- Installing: /home/hisham/BFMC/Brain_DEI/brain/install/utils/share/utils/cmake/export_utils__rosidl_typesupport_fastrtps_cExport.cmake\n'}
[10.484161] (utils) StdoutLine: {'line': b'-- Installing: /home/hisham/BFMC/Brain_DEI/brain/install/utils/share/utils/cmake/export_utils__rosidl_typesupport_fastrtps_cExport-noconfig.cmake\n'}
[10.484260] (utils) StdoutLine: {'line': b'-- Installing: /home/hisham/BFMC/Brain_DEI/brain/install/utils/share/utils/cmake/utils__rosidl_typesupport_introspection_cExport.cmake\n'}
[10.484363] (utils) StdoutLine: {'line': b'-- Installing: /home/hisham/BFMC/Brain_DEI/brain/install/utils/share/utils/cmake/utils__rosidl_typesupport_introspection_cExport-noconfig.cmake\n'}
[10.484468] (utils) StdoutLine: {'line': b'-- Installing: /home/hisham/BFMC/Brain_DEI/brain/install/utils/share/utils/cmake/utils__rosidl_typesupport_cExport.cmake\n'}
[10.484566] (utils) StdoutLine: {'line': b'-- Installing: /home/hisham/BFMC/Brain_DEI/brain/install/utils/share/utils/cmake/utils__rosidl_typesupport_cExport-noconfig.cmake\n'}
[10.484706] (utils) StdoutLine: {'line': b'-- Installing: /home/hisham/BFMC/Brain_DEI/brain/install/utils/share/utils/cmake/export_utils__rosidl_generator_cppExport.cmake\n'}
[10.484818] (utils) StdoutLine: {'line': b'-- Installing: /home/hisham/BFMC/Brain_DEI/brain/install/utils/share/utils/cmake/export_utils__rosidl_typesupport_fastrtps_cppExport.cmake\n'}
[10.484914] (utils) StdoutLine: {'line': b'-- Installing: /home/hisham/BFMC/Brain_DEI/brain/install/utils/share/utils/cmake/export_utils__rosidl_typesupport_fastrtps_cppExport-noconfig.cmake\n'}
[10.485019] (utils) StdoutLine: {'line': b'-- Installing: /home/hisham/BFMC/Brain_DEI/brain/install/utils/share/utils/cmake/utils__rosidl_typesupport_introspection_cppExport.cmake\n'}
[10.485108] (utils) StdoutLine: {'line': b'-- Installing: /home/hisham/BFMC/Brain_DEI/brain/install/utils/share/utils/cmake/utils__rosidl_typesupport_introspection_cppExport-noconfig.cmake\n'}
[10.485220] (utils) StdoutLine: {'line': b'-- Installing: /home/hisham/BFMC/Brain_DEI/brain/install/utils/share/utils/cmake/utils__rosidl_typesupport_cppExport.cmake\n'}
[10.485315] (utils) StdoutLine: {'line': b'-- Installing: /home/hisham/BFMC/Brain_DEI/brain/install/utils/share/utils/cmake/utils__rosidl_typesupport_cppExport-noconfig.cmake\n'}
[10.485422] (utils) StdoutLine: {'line': b'-- Installing: /home/hisham/BFMC/Brain_DEI/brain/install/utils/share/utils/cmake/export_utils__rosidl_generator_pyExport.cmake\n'}
[10.485509] (utils) StdoutLine: {'line': b'-- Installing: /home/hisham/BFMC/Brain_DEI/brain/install/utils/share/utils/cmake/export_utils__rosidl_generator_pyExport-noconfig.cmake\n'}
[10.485608] (utils) StdoutLine: {'line': b'-- Installing: /home/hisham/BFMC/Brain_DEI/brain/install/utils/share/utils/cmake/rosidl_cmake-extras.cmake\n'}
[10.485706] (utils) StdoutLine: {'line': b'-- Installing: /home/hisham/BFMC/Brain_DEI/brain/install/utils/share/utils/cmake/ament_cmake_export_dependencies-extras.cmake\n'}
[10.485803] (utils) StdoutLine: {'line': b'-- Installing: /home/hisham/BFMC/Brain_DEI/brain/install/utils/share/utils/cmake/ament_cmake_export_include_directories-extras.cmake\n'}
[10.485896] (utils) StdoutLine: {'line': b'-- Installing: /home/hisham/BFMC/Brain_DEI/brain/install/utils/share/utils/cmake/ament_cmake_export_libraries-extras.cmake\n'}
[10.485997] (utils) StdoutLine: {'line': b'-- Installing: /home/hisham/BFMC/Brain_DEI/brain/install/utils/share/utils/cmake/ament_cmake_export_targets-extras.cmake\n'}
[10.486087] (utils) StdoutLine: {'line': b'-- Installing: /home/hisham/BFMC/Brain_DEI/brain/install/utils/share/utils/cmake/rosidl_cmake_export_typesupport_targets-extras.cmake\n'}
[10.486181] (utils) StdoutLine: {'line': b'-- Installing: /home/hisham/BFMC/Brain_DEI/brain/install/utils/share/utils/cmake/rosidl_cmake_export_typesupport_libraries-extras.cmake\n'}
[10.486274] (utils) StdoutLine: {'line': b'-- Installing: /home/hisham/BFMC/Brain_DEI/brain/install/utils/share/utils/cmake/utilsConfig.cmake\n'}
[10.486351] (utils) StdoutLine: {'line': b'-- Installing: /home/hisham/BFMC/Brain_DEI/brain/install/utils/share/utils/cmake/utilsConfig-version.cmake\n'}
[10.486431] (utils) StdoutLine: {'line': b'-- Installing: /home/hisham/BFMC/Brain_DEI/brain/install/utils/share/utils/package.xml\n'}
[10.487789] (utils) CommandEnded: {'returncode': 0}
[10.507174] (utils) JobEnded: {'identifier': 'utils', 'rc': 0}
[10.507598] (input) JobStarted: {'identifier': 'input'}
[10.512038] (output) JobStarted: {'identifier': 'output'}
[10.517233] (unix_out) JobStarted: {'identifier': 'unix_out'}
[10.530028] (-) TimerEvent: {}
[10.630245] (-) TimerEvent: {}
[10.731216] (-) TimerEvent: {}
[10.831455] (-) TimerEvent: {}
[10.931805] (-) TimerEvent: {}
[11.032003] (-) TimerEvent: {}
[11.132186] (-) TimerEvent: {}
[11.232708] (-) TimerEvent: {}
[11.332888] (-) TimerEvent: {}
[11.433084] (-) TimerEvent: {}
[11.533315] (-) TimerEvent: {}
[11.633545] (-) TimerEvent: {}
[11.733708] (-) TimerEvent: {}
[11.833894] (-) TimerEvent: {}
[11.923136] (input) Command: {'cmd': ['/usr/bin/python3', '-W', 'ignore:setup.py install is deprecated', '-W', 'ignore:easy_install command is deprecated', 'setup.py', 'egg_info', '--egg-base', '../../build/input', 'build', '--build-base', '/home/hisham/BFMC/Brain_DEI/brain/build/input/build', 'install', '--record', '/home/hisham/BFMC/Brain_DEI/brain/build/input/install.log', '--single-version-externally-managed', 'install_data'], 'cwd': '/home/hisham/BFMC/Brain_DEI/brain/src/input', 'env': {'LESSOPEN': '| /usr/bin/lesspipe %s', 'GZ_SIM_RESOURCE_PATH': '/opt/ros/jazzy/share', 'USER': 'hisham', 'GZ_CONFIG_PATH': '/opt/ros/jazzy/opt/gz_sim_vendor/share/gz:/opt/ros/jazzy/opt/sdformat_vendor/share/gz:/opt/ros/jazzy/opt/gz_gui_vendor/share/gz:/opt/ros/jazzy/opt/gz_transport_vendor/share/gz:/opt/ros/jazzy/opt/gz_rendering_vendor/share/gz:/opt/ros/jazzy/opt/gz_plugin_vendor/share/gz:/opt/ros/jazzy/opt/gz_fuel_tools_vendor/share/gz:/opt/ros/jazzy/opt/gz_msgs_vendor/share/gz:/opt/ros/jazzy/opt/gz_common_vendor/share/gz', 'XDG_SESSION_TYPE': 'x11', 'STM32CubeMX_PATH': '/home/hisham/STM32CubeMX', 'SHLVL': '1', 'LD_LIBRARY_PATH': '/home/hisham/BFMC/Brain_DEI/brain/install/utils/lib:/opt/ros/jazzy/opt/zenoh_cpp_vendor/lib:/opt/ros/jazzy/opt/gz_sim_vendor/lib:/opt/ros/jazzy/opt/gz_sensors_vendor/lib:/opt/ros/jazzy/opt/gz_physics_vendor/lib:/opt/ros/jazzy/opt/sdformat_vendor/lib:/opt/ros/jazzy/opt/rviz_ogre_vendor/lib:/opt/ros/jazzy/lib/x86_64-linux-gnu:/opt/ros/jazzy/opt/gz_gui_vendor/lib:/opt/ros/jazzy/opt/gz_transport_vendor/lib:/opt/ros/jazzy/opt/gz_rendering_vendor/lib:/opt/ros/jazzy/opt/gz_plugin_vendor/lib:/opt/ros/jazzy/opt/gz_fuel_tools_vendor/lib:/opt/ros/jazzy/opt/gz_msgs_vendor/lib:/opt/ros/jazzy/opt/gz_common_vendor/lib:/opt/ros/jazzy/opt/gz_math_vendor/lib:/opt/ros/jazzy/opt/gz_utils_vendor/lib:/opt/ros/jazzy/opt/gz_tools_vendor/lib:/opt/ros/jazzy/opt/gz_ogre_next_vendor/lib:/opt/ros/jazzy/opt/gz_dartsim_vendor/lib:/opt/ros/jazzy/opt/gz_cmake_vendor/lib:/opt/ros/jazzy/lib:/home/hisham/acados_ws/acados/lib', 'HOME': '/home/hisham', 'OLDPWD': '/home/hisham/BFMC/Brain_DEI/brain/src', 'DESKTOP_SESSION': 'ubuntu', 'ROS_PYTHON_VERSION': '3', 'GNOME_SHELL_SESSION_MODE': 'ubuntu', 'GTK_MODULES': 'gail:atk-bridge', 'DBUS_STARTER_BUS_TYPE': 'session', 'SYSTEMD_EXEC_PID': '3010', 'GSM_SKIP_SSH_AGENT_WORKAROUND': 'true', 'DBUS_SESSION_BUS_ADDRESS': 'unix:path=/run/user/1000/bus,guid=34fd7da4f4a81523c877782769f1285b', 'COLORTERM': 'truecolor', 'DEBUGINFOD_URLS': 'https://debuginfod.ubuntu.com', 'ROS_DISTRO': 'jazzy', 'LOGNAME': 'hisham', '_': '/usr/bin/colcon', 'ROS_VERSION': '2', 'MEMORY_PRESSURE_WATCH': '/sys/fs/cgroup/user.slice/user-1000.slice/user@1000.service/app.slice/app-gnome\\x2dsession\\x2dmanager.slice/gnome-session-manager@ubuntu.service/memory.pressure', 'XDG_SESSION_CLASS': 'user', 'USERNAME': 'hisham', 'TERM': 'xterm-256color', 'GNOME_DESKTOP_SESSION_ID': 'this-is-deprecated', 'WINDOWPATH': '2', 'PATH': '/opt/ros/jazzy/opt/gz_msgs_vendor/bin:/opt/ros/jazzy/opt/gz_tools_vendor/bin:/opt/ros/jazzy/opt/gz_ogre_next_vendor/bin:/opt/ros/jazzy/bin:/home/hisham/miniconda3/bin:/home/hisham/.local/bin:/usr/local/sbin:/usr/local/bin:/usr/sbin:/usr/bin:/sbin:/bin:/usr/games:/usr/local/games:/snap/bin:/snap/bin', 'SESSION_MANAGER': 'local/hisham-IdeaPad-Gaming-3-15IMH05:@/tmp/.ICE-unix/3010,unix/hisham-IdeaPad-Gaming-3-15IMH05:/tmp/.ICE-unix/3010', 'XDG_MENU_PREFIX': 'gnome-', 'GNOME_TERMINAL_SCREEN': '/org/gnome/Terminal/screen/c586efb5_83b2_434f_b111_c2ff7e38a2bf', 'XDG_RUNTIME_DIR': '/run/user/1000', 'DISPLAY': ':1', 'LANG': 'en_US.UTF-8', 'XDG_CURRENT_DESKTOP': 'ubuntu:GNOME', 'XMODIFIERS': '@im=ibus', 'XDG_SESSION_DESKTOP': 'ubuntu', 'XAUTHORITY': '/run/user/1000/gdm/Xauthority', 'LS_COLORS': 'rs=0:di=01;34:ln=01;36:mh=00:pi=40;33:so=01;35:do=01;35:bd=40;33;01:cd=40;33;01:or=40;31;01:mi=00:su=37;41:sg=30;43:ca=00:tw=30;42:ow=34;42:st=37;44:ex=01;32:*.tar=01;31:*.tgz=01;31:*.arc=01;31:*.arj=01;31:*.taz=01;31:*.lha=01;31:*.lz4=01;31:*.lzh=01;31:*.lzma=01;31:*.tlz=01;31:*.txz=01;31:*.tzo=01;31:*.t7z=01;31:*.zip=01;31:*.z=01;31:*.dz=01;31:*.gz=01;31:*.lrz=01;31:*.lz=01;31:*.lzo=01;31:*.xz=01;31:*.zst=01;31:*.tzst=01;31:*.bz2=01;31:*.bz=01;31:*.tbz=01;31:*.tbz2=01;31:*.tz=01;31:*.deb=01;31:*.rpm=01;31:*.jar=01;31:*.war=01;31:*.ear=01;31:*.sar=01;31:*.rar=01;31:*.alz=01;31:*.ace=01;31:*.zoo=01;31:*.cpio=01;31:*.7z=01;31:*.rz=01;31:*.cab=01;31:*.wim=01;31:*.swm=01;31:*.dwm=01;31:*.esd=01;31:*.avif=01;35:*.jpg=01;35:*.jpeg=01;35:*.mjpg=01;35:*.mjpeg=01;35:*.gif=01;35:*.bmp=01;35:*.pbm=01;35:*.pgm=01;35:*.ppm=01;35:*.tga=01;35:*.xbm=01;35:*.xpm=01;35:*.tif=01;35:*.tiff=01;35:*.png=01;35:*.svg=01;35:*.svgz=01;35:*.mng=01;35:*.pcx=01;35:*.mov=01;35:*.mpg=01;35:*.mpeg=01;35:*.m2v=01;35:*.mkv=01;35:*.webm=01;35:*.webp=01;35:*.ogm=01;35:*.mp4=01;35:*.m4v=01;35:*.mp4v=01;35:*.vob=01;35:*.qt=01;35:*.nuv=01;35:*.wmv=01;35:*.asf=01;35:*.rm=01;35:*.rmvb=01;35:*.flc=01;35:*.avi=01;35:*.fli=01;35:*.flv=01;35:*.gl=01;35:*.dl=01;35:*.xcf=01;35:*.xwd=01;35:*.yuv=01;35:*.cgm=01;35:*.emf=01;35:*.ogv=01;35:*.ogx=01;35:*.aac=00;36:*.au=00;36:*.flac=00;36:*.m4a=00;36:*.mid=00;36:*.midi=00;36:*.mka=00;36:*.mp3=00;36:*.mpc=00;36:*.ogg=00;36:*.ra=00;36:*.wav=00;36:*.oga=00;36:*.opus=00;36:*.spx=00;36:*.xspf=00;36:*~=00;90:*#=00;90:*.bak=00;90:*.crdownload=00;90:*.dpkg-dist=00;90:*.dpkg-new=00;90:*.dpkg-old=00;90:*.dpkg-tmp=00;90:*.old=00;90:*.orig=00;90:*.part=00;90:*.rej=00;90:*.rpmnew=00;90:*.rpmorig=00;90:*.rpmsave=00;90:*.swp=00;90:*.tmp=00;90:*.ucf-dist=00;90:*.ucf-new=00;90:*.ucf-old=00;90:', 'GNOME_TERMINAL_SERVICE': ':1.169', 'SSH_AUTH_SOCK': '/run/user/1000/keyring/ssh', 'AMENT_PREFIX_PATH': '/home/hisham/BFMC/Brain_DEI/brain/install/utils:/opt/ros/jazzy', 'SHELL': '/bin/bash', 'QT_ACCESSIBILITY': '1', 'GDMSESSION': 'ubuntu', 'LESSCLOSE': '/usr/bin/lesspipe %s %s', 'GPG_AGENT_INFO': '/run/user/1000/gnupg/S.gpg-agent:0:1', 'ROS_AUTOMATIC_DISCOVERY_RANGE': 'SUBNET', 'QT_IM_MODULE': 'ibus', 'PWD': '/home/hisham/BFMC/Brain_DEI/brain/build/input', 'XDG_CONFIG_DIRS': '/etc/xdg/xdg-ubuntu:/etc/xdg', 'DBUS_STARTER_ADDRESS': 'unix:path=/run/user/1000/bus,guid=34fd7da4f4a81523c877782769f1285b', 'XDG_DATA_DIRS': '/usr/share/ubuntu:/usr/share/gnome:/usr/local/share/:/usr/share/:/var/lib/snapd/desktop', 'PYTHONPATH': '/home/hisham/BFMC/Brain_DEI/brain/build/input/prefix_override:/usr/lib/python3/dist-packages/colcon_core/task/python/colcon_distutils_commands:/home/hisham/BFMC/Brain_DEI/brain/install/input/lib/python3.12/site-packages:/home/hisham/BFMC/Brain_DEI/brain/install/utils/lib/python3.12/site-packages:/opt/ros/jazzy/lib/python3.12/site-packages', 'COLCON': '1', 'MEMORY_PRESSURE_WRITE': 'c29tZSAyMDAwMDAgMjAwMDAwMAA=', 'VTE_VERSION': '7600', 'CMAKE_PREFIX_PATH': '/home/hisham/BFMC/Brain_DEI/brain/install/utils:/opt/ros/jazzy/opt/gz_sim_vendor:/opt/ros/jazzy/opt/gz_sensors_vendor:/opt/ros/jazzy/opt/gz_physics_vendor:/opt/ros/jazzy/opt/sdformat_vendor:/opt/ros/jazzy/opt/gz_gui_vendor:/opt/ros/jazzy/opt/gz_transport_vendor:/opt/ros/jazzy/opt/gz_rendering_vendor:/opt/ros/jazzy/opt/gz_plugin_vendor:/opt/ros/jazzy/opt/gz_fuel_tools_vendor:/opt/ros/jazzy/opt/gz_msgs_vendor:/opt/ros/jazzy/opt/gz_common_vendor:/opt/ros/jazzy/opt/gz_math_vendor:/opt/ros/jazzy/opt/gz_utils_vendor:/opt/ros/jazzy/opt/gz_tools_vendor:/opt/ros/jazzy/opt/gz_ogre_next_vendor:/opt/ros/jazzy/opt/gz_dartsim_vendor:/opt/ros/jazzy/opt/gz_cmake_vendor'}, 'shell': False}
[11.924540] (unix_out) Command: {'cmd': ['/usr/bin/python3', '-W', 'ignore:setup.py install is deprecated', '-W', 'ignore:easy_install command is deprecated', 'setup.py', 'egg_info', '--egg-base', '../../build/unix_out', 'build', '--build-base', '/home/hisham/BFMC/Brain_DEI/brain/build/unix_out/build', 'install', '--record', '/home/hisham/BFMC/Brain_DEI/brain/build/unix_out/install.log', '--single-version-externally-managed', 'install_data'], 'cwd': '/home/hisham/BFMC/Brain_DEI/brain/src/unix_out', 'env': {'LESSOPEN': '| /usr/bin/lesspipe %s', 'GZ_SIM_RESOURCE_PATH': '/opt/ros/jazzy/share', 'USER': 'hisham', 'GZ_CONFIG_PATH': '/opt/ros/jazzy/opt/gz_sim_vendor/share/gz:/opt/ros/jazzy/opt/sdformat_vendor/share/gz:/opt/ros/jazzy/opt/gz_gui_vendor/share/gz:/opt/ros/jazzy/opt/gz_transport_vendor/share/gz:/opt/ros/jazzy/opt/gz_rendering_vendor/share/gz:/opt/ros/jazzy/opt/gz_plugin_vendor/share/gz:/opt/ros/jazzy/opt/gz_fuel_tools_vendor/share/gz:/opt/ros/jazzy/opt/gz_msgs_vendor/share/gz:/opt/ros/jazzy/opt/gz_common_vendor/share/gz', 'XDG_SESSION_TYPE': 'x11', 'STM32CubeMX_PATH': '/home/hisham/STM32CubeMX', 'SHLVL': '1', 'LD_LIBRARY_PATH': '/home/hisham/BFMC/Brain_DEI/brain/install/utils/lib:/opt/ros/jazzy/opt/zenoh_cpp_vendor/lib:/opt/ros/jazzy/opt/gz_sim_vendor/lib:/opt/ros/jazzy/opt/gz_sensors_vendor/lib:/opt/ros/jazzy/opt/gz_physics_vendor/lib:/opt/ros/jazzy/opt/sdformat_vendor/lib:/opt/ros/jazzy/opt/rviz_ogre_vendor/lib:/opt/ros/jazzy/lib/x86_64-linux-gnu:/opt/ros/jazzy/opt/gz_gui_vendor/lib:/opt/ros/jazzy/opt/gz_transport_vendor/lib:/opt/ros/jazzy/opt/gz_rendering_vendor/lib:/opt/ros/jazzy/opt/gz_plugin_vendor/lib:/opt/ros/jazzy/opt/gz_fuel_tools_vendor/lib:/opt/ros/jazzy/opt/gz_msgs_vendor/lib:/opt/ros/jazzy/opt/gz_common_vendor/lib:/opt/ros/jazzy/opt/gz_math_vendor/lib:/opt/ros/jazzy/opt/gz_utils_vendor/lib:/opt/ros/jazzy/opt/gz_tools_vendor/lib:/opt/ros/jazzy/opt/gz_ogre_next_vendor/lib:/opt/ros/jazzy/opt/gz_dartsim_vendor/lib:/opt/ros/jazzy/opt/gz_cmake_vendor/lib:/opt/ros/jazzy/lib:/home/hisham/acados_ws/acados/lib', 'HOME': '/home/hisham', 'OLDPWD': '/home/hisham/BFMC/Brain_DEI/brain/src', 'DESKTOP_SESSION': 'ubuntu', 'ROS_PYTHON_VERSION': '3', 'GNOME_SHELL_SESSION_MODE': 'ubuntu', 'GTK_MODULES': 'gail:atk-bridge', 'DBUS_STARTER_BUS_TYPE': 'session', 'SYSTEMD_EXEC_PID': '3010', 'GSM_SKIP_SSH_AGENT_WORKAROUND': 'true', 'DBUS_SESSION_BUS_ADDRESS': 'unix:path=/run/user/1000/bus,guid=34fd7da4f4a81523c877782769f1285b', 'COLORTERM': 'truecolor', 'DEBUGINFOD_URLS': 'https://debuginfod.ubuntu.com', 'ROS_DISTRO': 'jazzy', 'LOGNAME': 'hisham', '_': '/usr/bin/colcon', 'ROS_VERSION': '2', 'MEMORY_PRESSURE_WATCH': '/sys/fs/cgroup/user.slice/user-1000.slice/user@1000.service/app.slice/app-gnome\\x2dsession\\x2dmanager.slice/gnome-session-manager@ubuntu.service/memory.pressure', 'XDG_SESSION_CLASS': 'user', 'USERNAME': 'hisham', 'TERM': 'xterm-256color', 'GNOME_DESKTOP_SESSION_ID': 'this-is-deprecated', 'WINDOWPATH': '2', 'PATH': '/opt/ros/jazzy/opt/gz_msgs_vendor/bin:/opt/ros/jazzy/opt/gz_tools_vendor/bin:/opt/ros/jazzy/opt/gz_ogre_next_vendor/bin:/opt/ros/jazzy/bin:/home/hisham/miniconda3/bin:/home/hisham/.local/bin:/usr/local/sbin:/usr/local/bin:/usr/sbin:/usr/bin:/sbin:/bin:/usr/games:/usr/local/games:/snap/bin:/snap/bin', 'SESSION_MANAGER': 'local/hisham-IdeaPad-Gaming-3-15IMH05:@/tmp/.ICE-unix/3010,unix/hisham-IdeaPad-Gaming-3-15IMH05:/tmp/.ICE-unix/3010', 'XDG_MENU_PREFIX': 'gnome-', 'GNOME_TERMINAL_SCREEN': '/org/gnome/Terminal/screen/c586efb5_83b2_434f_b111_c2ff7e38a2bf', 'XDG_RUNTIME_DIR': '/run/user/1000', 'DISPLAY': ':1', 'LANG': 'en_US.UTF-8', 'XDG_CURRENT_DESKTOP': 'ubuntu:GNOME', 'XMODIFIERS': '@im=ibus', 'XDG_SESSION_DESKTOP': 'ubuntu', 'XAUTHORITY': '/run/user/1000/gdm/Xauthority', 'LS_COLORS': 'rs=0:di=01;34:ln=01;36:mh=00:pi=40;33:so=01;35:do=01;35:bd=40;33;01:cd=40;33;01:or=40;31;01:mi=00:su=37;41:sg=30;43:ca=00:tw=30;42:ow=34;42:st=37;44:ex=01;32:*.tar=01;31:*.tgz=01;31:*.arc=01;31:*.arj=01;31:*.taz=01;31:*.lha=01;31:*.lz4=01;31:*.lzh=01;31:*.lzma=01;31:*.tlz=01;31:*.txz=01;31:*.tzo=01;31:*.t7z=01;31:*.zip=01;31:*.z=01;31:*.dz=01;31:*.gz=01;31:*.lrz=01;31:*.lz=01;31:*.lzo=01;31:*.xz=01;31:*.zst=01;31:*.tzst=01;31:*.bz2=01;31:*.bz=01;31:*.tbz=01;31:*.tbz2=01;31:*.tz=01;31:*.deb=01;31:*.rpm=01;31:*.jar=01;31:*.war=01;31:*.ear=01;31:*.sar=01;31:*.rar=01;31:*.alz=01;31:*.ace=01;31:*.zoo=01;31:*.cpio=01;31:*.7z=01;31:*.rz=01;31:*.cab=01;31:*.wim=01;31:*.swm=01;31:*.dwm=01;31:*.esd=01;31:*.avif=01;35:*.jpg=01;35:*.jpeg=01;35:*.mjpg=01;35:*.mjpeg=01;35:*.gif=01;35:*.bmp=01;35:*.pbm=01;35:*.pgm=01;35:*.ppm=01;35:*.tga=01;35:*.xbm=01;35:*.xpm=01;35:*.tif=01;35:*.tiff=01;35:*.png=01;35:*.svg=01;35:*.svgz=01;35:*.mng=01;35:*.pcx=01;35:*.mov=01;35:*.mpg=01;35:*.mpeg=01;35:*.m2v=01;35:*.mkv=01;35:*.webm=01;35:*.webp=01;35:*.ogm=01;35:*.mp4=01;35:*.m4v=01;35:*.mp4v=01;35:*.vob=01;35:*.qt=01;35:*.nuv=01;35:*.wmv=01;35:*.asf=01;35:*.rm=01;35:*.rmvb=01;35:*.flc=01;35:*.avi=01;35:*.fli=01;35:*.flv=01;35:*.gl=01;35:*.dl=01;35:*.xcf=01;35:*.xwd=01;35:*.yuv=01;35:*.cgm=01;35:*.emf=01;35:*.ogv=01;35:*.ogx=01;35:*.aac=00;36:*.au=00;36:*.flac=00;36:*.m4a=00;36:*.mid=00;36:*.midi=00;36:*.mka=00;36:*.mp3=00;36:*.mpc=00;36:*.ogg=00;36:*.ra=00;36:*.wav=00;36:*.oga=00;36:*.opus=00;36:*.spx=00;36:*.xspf=00;36:*~=00;90:*#=00;90:*.bak=00;90:*.crdownload=00;90:*.dpkg-dist=00;90:*.dpkg-new=00;90:*.dpkg-old=00;90:*.dpkg-tmp=00;90:*.old=00;90:*.orig=00;90:*.part=00;90:*.rej=00;90:*.rpmnew=00;90:*.rpmorig=00;90:*.rpmsave=00;90:*.swp=00;90:*.tmp=00;90:*.ucf-dist=00;90:*.ucf-new=00;90:*.ucf-old=00;90:', 'GNOME_TERMINAL_SERVICE': ':1.169', 'SSH_AUTH_SOCK': '/run/user/1000/keyring/ssh', 'AMENT_PREFIX_PATH': '/home/hisham/BFMC/Brain_DEI/brain/install/utils:/opt/ros/jazzy', 'SHELL': '/bin/bash', 'QT_ACCESSIBILITY': '1', 'GDMSESSION': 'ubuntu', 'LESSCLOSE': '/usr/bin/lesspipe %s %s', 'GPG_AGENT_INFO': '/run/user/1000/gnupg/S.gpg-agent:0:1', 'ROS_AUTOMATIC_DISCOVERY_RANGE': 'SUBNET', 'QT_IM_MODULE': 'ibus', 'PWD': '/home/hisham/BFMC/Brain_DEI/brain/build/unix_out', 'XDG_CONFIG_DIRS': '/etc/xdg/xdg-ubuntu:/etc/xdg', 'DBUS_STARTER_ADDRESS': 'unix:path=/run/user/1000/bus,guid=34fd7da4f4a81523c877782769f1285b', 'XDG_DATA_DIRS': '/usr/share/ubuntu:/usr/share/gnome:/usr/local/share/:/usr/share/:/var/lib/snapd/desktop', 'PYTHONPATH': '/home/hisham/BFMC/Brain_DEI/brain/build/unix_out/prefix_override:/usr/lib/python3/dist-packages/colcon_core/task/python/colcon_distutils_commands:/home/hisham/BFMC/Brain_DEI/brain/install/unix_out/lib/python3.12/site-packages:/home/hisham/BFMC/Brain_DEI/brain/install/utils/lib/python3.12/site-packages:/opt/ros/jazzy/lib/python3.12/site-packages', 'COLCON': '1', 'MEMORY_PRESSURE_WRITE': 'c29tZSAyMDAwMDAgMjAwMDAwMAA=', 'VTE_VERSION': '7600', 'CMAKE_PREFIX_PATH': '/home/hisham/BFMC/Brain_DEI/brain/install/utils:/opt/ros/jazzy/opt/gz_sim_vendor:/opt/ros/jazzy/opt/gz_sensors_vendor:/opt/ros/jazzy/opt/gz_physics_vendor:/opt/ros/jazzy/opt/sdformat_vendor:/opt/ros/jazzy/opt/gz_gui_vendor:/opt/ros/jazzy/opt/gz_transport_vendor:/opt/ros/jazzy/opt/gz_rendering_vendor:/opt/ros/jazzy/opt/gz_plugin_vendor:/opt/ros/jazzy/opt/gz_fuel_tools_vendor:/opt/ros/jazzy/opt/gz_msgs_vendor:/opt/ros/jazzy/opt/gz_common_vendor:/opt/ros/jazzy/opt/gz_math_vendor:/opt/ros/jazzy/opt/gz_utils_vendor:/opt/ros/jazzy/opt/gz_tools_vendor:/opt/ros/jazzy/opt/gz_ogre_next_vendor:/opt/ros/jazzy/opt/gz_dartsim_vendor:/opt/ros/jazzy/opt/gz_cmake_vendor'}, 'shell': False}
[11.925816] (output) Command: {'cmd': ['/usr/bin/python3', '-W', 'ignore:setup.py install is deprecated', '-W', 'ignore:easy_install command is deprecated', 'setup.py', 'egg_info', '--egg-base', '../../../build/output', 'build', '--build-base', '/home/hisham/BFMC/Brain_DEI/brain/build/output/build', 'install', '--record', '/home/hisham/BFMC/Brain_DEI/brain/build/output/install.log', '--single-version-externally-managed', 'install_data'], 'cwd': '/home/hisham/BFMC/Brain_DEI/brain/src/smart/output', 'env': {'LESSOPEN': '| /usr/bin/lesspipe %s', 'GZ_SIM_RESOURCE_PATH': '/opt/ros/jazzy/share', 'USER': 'hisham', 'GZ_CONFIG_PATH': '/opt/ros/jazzy/opt/gz_sim_vendor/share/gz:/opt/ros/jazzy/opt/sdformat_vendor/share/gz:/opt/ros/jazzy/opt/gz_gui_vendor/share/gz:/opt/ros/jazzy/opt/gz_transport_vendor/share/gz:/opt/ros/jazzy/opt/gz_rendering_vendor/share/gz:/opt/ros/jazzy/opt/gz_plugin_vendor/share/gz:/opt/ros/jazzy/opt/gz_fuel_tools_vendor/share/gz:/opt/ros/jazzy/opt/gz_msgs_vendor/share/gz:/opt/ros/jazzy/opt/gz_common_vendor/share/gz', 'XDG_SESSION_TYPE': 'x11', 'STM32CubeMX_PATH': '/home/hisham/STM32CubeMX', 'SHLVL': '1', 'LD_LIBRARY_PATH': '/home/hisham/BFMC/Brain_DEI/brain/install/utils/lib:/opt/ros/jazzy/opt/zenoh_cpp_vendor/lib:/opt/ros/jazzy/opt/gz_sim_vendor/lib:/opt/ros/jazzy/opt/gz_sensors_vendor/lib:/opt/ros/jazzy/opt/gz_physics_vendor/lib:/opt/ros/jazzy/opt/sdformat_vendor/lib:/opt/ros/jazzy/opt/rviz_ogre_vendor/lib:/opt/ros/jazzy/lib/x86_64-linux-gnu:/opt/ros/jazzy/opt/gz_gui_vendor/lib:/opt/ros/jazzy/opt/gz_transport_vendor/lib:/opt/ros/jazzy/opt/gz_rendering_vendor/lib:/opt/ros/jazzy/opt/gz_plugin_vendor/lib:/opt/ros/jazzy/opt/gz_fuel_tools_vendor/lib:/opt/ros/jazzy/opt/gz_msgs_vendor/lib:/opt/ros/jazzy/opt/gz_common_vendor/lib:/opt/ros/jazzy/opt/gz_math_vendor/lib:/opt/ros/jazzy/opt/gz_utils_vendor/lib:/opt/ros/jazzy/opt/gz_tools_vendor/lib:/opt/ros/jazzy/opt/gz_ogre_next_vendor/lib:/opt/ros/jazzy/opt/gz_dartsim_vendor/lib:/opt/ros/jazzy/opt/gz_cmake_vendor/lib:/opt/ros/jazzy/lib:/home/hisham/acados_ws/acados/lib', 'HOME': '/home/hisham', 'OLDPWD': '/home/hisham/BFMC/Brain_DEI/brain/src', 'DESKTOP_SESSION': 'ubuntu', 'ROS_PYTHON_VERSION': '3', 'GNOME_SHELL_SESSION_MODE': 'ubuntu', 'GTK_MODULES': 'gail:atk-bridge', 'DBUS_STARTER_BUS_TYPE': 'session', 'SYSTEMD_EXEC_PID': '3010', 'GSM_SKIP_SSH_AGENT_WORKAROUND': 'true', 'DBUS_SESSION_BUS_ADDRESS': 'unix:path=/run/user/1000/bus,guid=34fd7da4f4a81523c877782769f1285b', 'COLORTERM': 'truecolor', 'DEBUGINFOD_URLS': 'https://debuginfod.ubuntu.com', 'ROS_DISTRO': 'jazzy', 'LOGNAME': 'hisham', '_': '/usr/bin/colcon', 'ROS_VERSION': '2', 'MEMORY_PRESSURE_WATCH': '/sys/fs/cgroup/user.slice/user-1000.slice/user@1000.service/app.slice/app-gnome\\x2dsession\\x2dmanager.slice/gnome-session-manager@ubuntu.service/memory.pressure', 'XDG_SESSION_CLASS': 'user', 'USERNAME': 'hisham', 'TERM': 'xterm-256color', 'GNOME_DESKTOP_SESSION_ID': 'this-is-deprecated', 'WINDOWPATH': '2', 'PATH': '/opt/ros/jazzy/opt/gz_msgs_vendor/bin:/opt/ros/jazzy/opt/gz_tools_vendor/bin:/opt/ros/jazzy/opt/gz_ogre_next_vendor/bin:/opt/ros/jazzy/bin:/home/hisham/miniconda3/bin:/home/hisham/.local/bin:/usr/local/sbin:/usr/local/bin:/usr/sbin:/usr/bin:/sbin:/bin:/usr/games:/usr/local/games:/snap/bin:/snap/bin', 'SESSION_MANAGER': 'local/hisham-IdeaPad-Gaming-3-15IMH05:@/tmp/.ICE-unix/3010,unix/hisham-IdeaPad-Gaming-3-15IMH05:/tmp/.ICE-unix/3010', 'XDG_MENU_PREFIX': 'gnome-', 'GNOME_TERMINAL_SCREEN': '/org/gnome/Terminal/screen/c586efb5_83b2_434f_b111_c2ff7e38a2bf', 'XDG_RUNTIME_DIR': '/run/user/1000', 'DISPLAY': ':1', 'LANG': 'en_US.UTF-8', 'XDG_CURRENT_DESKTOP': 'ubuntu:GNOME', 'XMODIFIERS': '@im=ibus', 'XDG_SESSION_DESKTOP': 'ubuntu', 'XAUTHORITY': '/run/user/1000/gdm/Xauthority', 'LS_COLORS': 'rs=0:di=01;34:ln=01;36:mh=00:pi=40;33:so=01;35:do=01;35:bd=40;33;01:cd=40;33;01:or=40;31;01:mi=00:su=37;41:sg=30;43:ca=00:tw=30;42:ow=34;42:st=37;44:ex=01;32:*.tar=01;31:*.tgz=01;31:*.arc=01;31:*.arj=01;31:*.taz=01;31:*.lha=01;31:*.lz4=01;31:*.lzh=01;31:*.lzma=01;31:*.tlz=01;31:*.txz=01;31:*.tzo=01;31:*.t7z=01;31:*.zip=01;31:*.z=01;31:*.dz=01;31:*.gz=01;31:*.lrz=01;31:*.lz=01;31:*.lzo=01;31:*.xz=01;31:*.zst=01;31:*.tzst=01;31:*.bz2=01;31:*.bz=01;31:*.tbz=01;31:*.tbz2=01;31:*.tz=01;31:*.deb=01;31:*.rpm=01;31:*.jar=01;31:*.war=01;31:*.ear=01;31:*.sar=01;31:*.rar=01;31:*.alz=01;31:*.ace=01;31:*.zoo=01;31:*.cpio=01;31:*.7z=01;31:*.rz=01;31:*.cab=01;31:*.wim=01;31:*.swm=01;31:*.dwm=01;31:*.esd=01;31:*.avif=01;35:*.jpg=01;35:*.jpeg=01;35:*.mjpg=01;35:*.mjpeg=01;35:*.gif=01;35:*.bmp=01;35:*.pbm=01;35:*.pgm=01;35:*.ppm=01;35:*.tga=01;35:*.xbm=01;35:*.xpm=01;35:*.tif=01;35:*.tiff=01;35:*.png=01;35:*.svg=01;35:*.svgz=01;35:*.mng=01;35:*.pcx=01;35:*.mov=01;35:*.mpg=01;35:*.mpeg=01;35:*.m2v=01;35:*.mkv=01;35:*.webm=01;35:*.webp=01;35:*.ogm=01;35:*.mp4=01;35:*.m4v=01;35:*.mp4v=01;35:*.vob=01;35:*.qt=01;35:*.nuv=01;35:*.wmv=01;35:*.asf=01;35:*.rm=01;35:*.rmvb=01;35:*.flc=01;35:*.avi=01;35:*.fli=01;35:*.flv=01;35:*.gl=01;35:*.dl=01;35:*.xcf=01;35:*.xwd=01;35:*.yuv=01;35:*.cgm=01;35:*.emf=01;35:*.ogv=01;35:*.ogx=01;35:*.aac=00;36:*.au=00;36:*.flac=00;36:*.m4a=00;36:*.mid=00;36:*.midi=00;36:*.mka=00;36:*.mp3=00;36:*.mpc=00;36:*.ogg=00;36:*.ra=00;36:*.wav=00;36:*.oga=00;36:*.opus=00;36:*.spx=00;36:*.xspf=00;36:*~=00;90:*#=00;90:*.bak=00;90:*.crdownload=00;90:*.dpkg-dist=00;90:*.dpkg-new=00;90:*.dpkg-old=00;90:*.dpkg-tmp=00;90:*.old=00;90:*.orig=00;90:*.part=00;90:*.rej=00;90:*.rpmnew=00;90:*.rpmorig=00;90:*.rpmsave=00;90:*.swp=00;90:*.tmp=00;90:*.ucf-dist=00;90:*.ucf-new=00;90:*.ucf-old=00;90:', 'GNOME_TERMINAL_SERVICE': ':1.169', 'SSH_AUTH_SOCK': '/run/user/1000/keyring/ssh', 'AMENT_PREFIX_PATH': '/home/hisham/BFMC/Brain_DEI/brain/install/utils:/opt/ros/jazzy', 'SHELL': '/bin/bash', 'QT_ACCESSIBILITY': '1', 'GDMSESSION': 'ubuntu', 'LESSCLOSE': '/usr/bin/lesspipe %s %s', 'GPG_AGENT_INFO': '/run/user/1000/gnupg/S.gpg-agent:0:1', 'ROS_AUTOMATIC_DISCOVERY_RANGE': 'SUBNET', 'QT_IM_MODULE': 'ibus', 'PWD': '/home/hisham/BFMC/Brain_DEI/brain/build/output', 'XDG_CONFIG_DIRS': '/etc/xdg/xdg-ubuntu:/etc/xdg', 'DBUS_STARTER_ADDRESS': 'unix:path=/run/user/1000/bus,guid=34fd7da4f4a81523c877782769f1285b', 'XDG_DATA_DIRS': '/usr/share/ubuntu:/usr/share/gnome:/usr/local/share/:/usr/share/:/var/lib/snapd/desktop', 'PYTHONPATH': '/home/hisham/BFMC/Brain_DEI/brain/build/output/prefix_override:/usr/lib/python3/dist-packages/colcon_core/task/python/colcon_distutils_commands:/home/hisham/BFMC/Brain_DEI/brain/install/output/lib/python3.12/site-packages:/home/hisham/BFMC/Brain_DEI/brain/install/utils/lib/python3.12/site-packages:/opt/ros/jazzy/lib/python3.12/site-packages', 'COLCON': '1', 'MEMORY_PRESSURE_WRITE': 'c29tZSAyMDAwMDAgMjAwMDAwMAA=', 'VTE_VERSION': '7600', 'CMAKE_PREFIX_PATH': '/home/hisham/BFMC/Brain_DEI/brain/install/utils:/opt/ros/jazzy/opt/gz_sim_vendor:/opt/ros/jazzy/opt/gz_sensors_vendor:/opt/ros/jazzy/opt/gz_physics_vendor:/opt/ros/jazzy/opt/sdformat_vendor:/opt/ros/jazzy/opt/gz_gui_vendor:/opt/ros/jazzy/opt/gz_transport_vendor:/opt/ros/jazzy/opt/gz_rendering_vendor:/opt/ros/jazzy/opt/gz_plugin_vendor:/opt/ros/jazzy/opt/gz_fuel_tools_vendor:/opt/ros/jazzy/opt/gz_msgs_vendor:/opt/ros/jazzy/opt/gz_common_vendor:/opt/ros/jazzy/opt/gz_math_vendor:/opt/ros/jazzy/opt/gz_utils_vendor:/opt/ros/jazzy/opt/gz_tools_vendor:/opt/ros/jazzy/opt/gz_ogre_next_vendor:/opt/ros/jazzy/opt/gz_dartsim_vendor:/opt/ros/jazzy/opt/gz_cmake_vendor'}, 'shell': False}
[11.933964] (-) TimerEvent: {}
[12.034140] (-) TimerEvent: {}
[12.134355] (-) TimerEvent: {}
[12.200720] (input) StdoutLine: {'line': b'running egg_info\n'}
[12.200994] (input) StdoutLine: {'line': b'creating ../../build/input/input.egg-info\n'}
[12.206537] (unix_out) StdoutLine: {'line': b'running egg_info\n'}
[12.206839] (unix_out) StdoutLine: {'line': b'creating ../../build/unix_out/unix_out.egg-info\n'}
[12.212911] (output) StdoutLine: {'line': b'running egg_info\n'}
[12.213199] (output) StdoutLine: {'line': b'creating ../../../build/output/output.egg-info\n'}
[12.223656] (input) StdoutLine: {'line': b'writing ../../build/input/input.egg-info/PKG-INFO\n'}
[12.223849] (input) StdoutLine: {'line': b'writing dependency_links to ../../build/input/input.egg-info/dependency_links.txt\n'}
[12.224022] (input) StdoutLine: {'line': b'writing entry points to ../../build/input/input.egg-info/entry_points.txt\n'}
[12.224207] (input) StdoutLine: {'line': b'writing requirements to ../../build/input/input.egg-info/requires.txt\n'}
[12.224310] (input) StdoutLine: {'line': b'writing top-level names to ../../build/input/input.egg-info/top_level.txt\n'}
[12.224371] (input) StdoutLine: {'line': b"writing manifest file '../../build/input/input.egg-info/SOURCES.txt'\n"}
[12.229854] (unix_out) StdoutLine: {'line': b'writing ../../build/unix_out/unix_out.egg-info/PKG-INFO\n'}
[12.230064] (unix_out) StdoutLine: {'line': b'writing dependency_links to ../../build/unix_out/unix_out.egg-info/dependency_links.txt\n'}
[12.230191] (unix_out) StdoutLine: {'line': b'writing entry points to ../../build/unix_out/unix_out.egg-info/entry_points.txt\n'}
[12.230338] (unix_out) StdoutLine: {'line': b'writing requirements to ../../build/unix_out/unix_out.egg-info/requires.txt\n'}
[12.230479] (unix_out) StdoutLine: {'line': b'writing top-level names to ../../build/unix_out/unix_out.egg-info/top_level.txt\n'}
[12.230610] (unix_out) StdoutLine: {'line': b"writing manifest file '../../build/unix_out/unix_out.egg-info/SOURCES.txt'\n"}
[12.234457] (-) TimerEvent: {}
[12.237573] (output) StdoutLine: {'line': b'writing ../../../build/output/output.egg-info/PKG-INFO\n'}
[12.237821] (output) StdoutLine: {'line': b'writing dependency_links to ../../../build/output/output.egg-info/dependency_links.txt\n'}
[12.238022] (output) StdoutLine: {'line': b'writing requirements to ../../../build/output/output.egg-info/requires.txt\n'}
[12.238192] (output) StdoutLine: {'line': b'writing top-level names to ../../../build/output/output.egg-info/top_level.txt\n'}
[12.238281] (output) StdoutLine: {'line': b"writing manifest file '../../../build/output/output.egg-info/SOURCES.txt'\n"}
[12.254813] (unix_out) StdoutLine: {'line': b"reading manifest file '../../build/unix_out/unix_out.egg-info/SOURCES.txt'\n"}
[12.255355] (unix_out) StdoutLine: {'line': b"writing manifest file '../../build/unix_out/unix_out.egg-info/SOURCES.txt'\n"}
[12.255526] (unix_out) StdoutLine: {'line': b'running build\n'}
[12.255616] (unix_out) StdoutLine: {'line': b'running install\n'}
[12.261218] (unix_out) StdoutLine: {'line': b'running install_data\n'}
[12.261354] (unix_out) StdoutLine: {'line': b'creating /home/hisham/BFMC/Brain_DEI/brain/install/unix_out/share/ament_index\n'}
[12.261473] (unix_out) StdoutLine: {'line': b'creating /home/hisham/BFMC/Brain_DEI/brain/install/unix_out/share/ament_index/resource_index\n'}
[12.261549] (unix_out) StdoutLine: {'line': b'creating /home/hisham/BFMC/Brain_DEI/brain/install/unix_out/share/ament_index/resource_index/packages\n'}
[12.261621] (unix_out) StdoutLine: {'line': b'copying resource/unix_out -> /home/hisham/BFMC/Brain_DEI/brain/install/unix_out/share/ament_index/resource_index/packages\n'}
[12.261755] (unix_out) StdoutLine: {'line': b'copying package.xml -> /home/hisham/BFMC/Brain_DEI/brain/install/unix_out/share/unix_out\n'}
[12.261848] (unix_out) StdoutLine: {'line': b'running install_egg_info\n'}
[12.271760] (input) StdoutLine: {'line': b"reading manifest file '../../build/input/input.egg-info/SOURCES.txt'\n"}
[12.272322] (input) StdoutLine: {'line': b"writing manifest file '../../build/input/input.egg-info/SOURCES.txt'\n"}
[12.272425] (input) StdoutLine: {'line': b'running build\n'}
[12.272490] (input) StdoutLine: {'line': b'running build_py\n'}
[12.272576] (input) StdoutLine: {'line': b'creating /home/hisham/BFMC/Brain_DEI/brain/build/input/build\n'}
[12.272650] (input) StdoutLine: {'line': b'creating /home/hisham/BFMC/Brain_DEI/brain/build/input/build/lib\n'}
[12.272742] (input) StdoutLine: {'line': b'creating /home/hisham/BFMC/Brain_DEI/brain/build/input/build/lib/gpstracker\n'}
[12.272805] (input) StdoutLine: {'line': b'copying src/gpstracker/util.py -> /home/hisham/BFMC/Brain_DEI/brain/build/input/build/lib/gpstracker\n'}
[12.272938] (input) StdoutLine: {'line': b'copying src/gpstracker/__init__.py -> /home/hisham/BFMC/Brain_DEI/brain/build/input/build/lib/gpstracker\n'}
[12.273111] (input) StdoutLine: {'line': b'copying src/gpstracker/locsys.py -> /home/hisham/BFMC/Brain_DEI/brain/build/input/build/lib/gpstracker\n'}
[12.273206] (input) StdoutLine: {'line': b'copying src/gpstracker/position_listener.py -> /home/hisham/BFMC/Brain_DEI/brain/build/input/build/lib/gpstracker\n'}
[12.273277] (input) StdoutLine: {'line': b'copying src/gpstracker/server_listener.py -> /home/hisham/BFMC/Brain_DEI/brain/build/input/build/lib/gpstracker\n'}
[12.273368] (input) StdoutLine: {'line': b'copying src/gpstracker/gpstrackerNODE.py -> /home/hisham/BFMC/Brain_DEI/brain/build/input/build/lib/gpstracker\n'}
[12.273446] (input) StdoutLine: {'line': b'copying src/gpstracker/complexDealer.py -> /home/hisham/BFMC/Brain_DEI/brain/build/input/build/lib/gpstracker\n'}
[12.273513] (input) StdoutLine: {'line': b'copying src/gpstracker/server_data.py -> /home/hisham/BFMC/Brain_DEI/brain/build/input/build/lib/gpstracker\n'}
[12.273573] (input) StdoutLine: {'line': b'copying src/gpstracker/server_subscriber.py -> /home/hisham/BFMC/Brain_DEI/brain/build/input/build/lib/gpstracker\n'}
[12.273651] (input) StdoutLine: {'line': b'running install\n'}
[12.279202] (input) StdoutLine: {'line': b'running install_lib\n'}
[12.287081] (output) StdoutLine: {'line': b"reading manifest file '../../../build/output/output.egg-info/SOURCES.txt'\n"}
[12.287621] (output) StdoutLine: {'line': b"writing manifest file '../../../build/output/output.egg-info/SOURCES.txt'\n"}
[12.287735] (output) StdoutLine: {'line': b'running build\n'}
[12.287881] (output) StdoutLine: {'line': b'running build_py\n'}
[12.287990] (output) StdoutLine: {'line': b'creating /home/hisham/BFMC/Brain_DEI/brain/build/output/build\n'}
[12.288071] (output) StdoutLine: {'line': b'creating /home/hisham/BFMC/Brain_DEI/brain/build/output/build/lib\n'}
[12.288141] (output) StdoutLine: {'line': b'creating /home/hisham/BFMC/Brain_DEI/brain/build/output/build/lib/environmentalserver\n'}
[12.288222] (output) StdoutLine: {'line': b'copying src/environmentalserver/util.py -> /home/hisham/BFMC/Brain_DEI/brain/build/output/build/lib/environmentalserver\n'}
[12.288298] (output) StdoutLine: {'line': b'copying src/environmentalserver/environmentalNODE.py -> /home/hisham/BFMC/Brain_DEI/brain/build/output/build/lib/environmentalserver\n'}
[12.288377] (output) StdoutLine: {'line': b'copying src/environmentalserver/__init__.py -> /home/hisham/BFMC/Brain_DEI/brain/build/output/build/lib/environmentalserver\n'}
[12.288442] (output) StdoutLine: {'line': b'copying src/environmentalserver/server_listener.py -> /home/hisham/BFMC/Brain_DEI/brain/build/output/build/lib/environmentalserver\n'}
[12.288520] (output) StdoutLine: {'line': b'copying src/environmentalserver/server_data.py -> /home/hisham/BFMC/Brain_DEI/brain/build/output/build/lib/environmentalserver\n'}
[12.288595] (output) StdoutLine: {'line': b'copying src/environmentalserver/server_subscriber.py -> /home/hisham/BFMC/Brain_DEI/brain/build/output/build/lib/environmentalserver\n'}
[12.288763] (output) StdoutLine: {'line': b'copying src/environmentalserver/environmental_streamer.py -> /home/hisham/BFMC/Brain_DEI/brain/build/output/build/lib/environmentalserver\n'}
[12.288860] (output) StdoutLine: {'line': b'copying src/environmentalserver/environmental.py -> /home/hisham/BFMC/Brain_DEI/brain/build/output/build/lib/environmentalserver\n'}
[12.288959] (output) StdoutLine: {'line': b'running install\n'}
[12.294579] (output) StdoutLine: {'line': b'running install_lib\n'}
[12.302275] (input) StdoutLine: {'line': b'creating /home/hisham/BFMC/Brain_DEI/brain/install/input/lib/python3.12/site-packages/gpstracker\n'}
[12.302374] (input) StdoutLine: {'line': b'copying /home/hisham/BFMC/Brain_DEI/brain/build/input/build/lib/gpstracker/util.py -> /home/hisham/BFMC/Brain_DEI/brain/install/input/lib/python3.12/site-packages/gpstracker\n'}
[12.302473] (input) StdoutLine: {'line': b'copying /home/hisham/BFMC/Brain_DEI/brain/build/input/build/lib/gpstracker/__init__.py -> /home/hisham/BFMC/Brain_DEI/brain/install/input/lib/python3.12/site-packages/gpstracker\n'}
[12.302546] (input) StdoutLine: {'line': b'copying /home/hisham/BFMC/Brain_DEI/brain/build/input/build/lib/gpstracker/locsys.py -> /home/hisham/BFMC/Brain_DEI/brain/install/input/lib/python3.12/site-packages/gpstracker\n'}
[12.302627] (input) StdoutLine: {'line': b'copying /home/hisham/BFMC/Brain_DEI/brain/build/input/build/lib/gpstracker/position_listener.py -> /home/hisham/BFMC/Brain_DEI/brain/install/input/lib/python3.12/site-packages/gpstracker\n'}
[12.302724] (input) StdoutLine: {'line': b'copying /home/hisham/BFMC/Brain_DEI/brain/build/input/build/lib/gpstracker/server_listener.py -> /home/hisham/BFMC/Brain_DEI/brain/install/input/lib/python3.12/site-packages/gpstracker\n'}
[12.302815] (input) StdoutLine: {'line': b'copying /home/hisham/BFMC/Brain_DEI/brain/build/input/build/lib/gpstracker/gpstrackerNODE.py -> /home/hisham/BFMC/Brain_DEI/brain/install/input/lib/python3.12/site-packages/gpstracker\n'}
[12.302895] (input) StdoutLine: {'line': b'copying /home/hisham/BFMC/Brain_DEI/brain/build/input/build/lib/gpstracker/complexDealer.py -> /home/hisham/BFMC/Brain_DEI/brain/install/input/lib/python3.12/site-packages/gpstracker\n'}
[12.302975] (input) StdoutLine: {'line': b'copying /home/hisham/BFMC/Brain_DEI/brain/build/input/build/lib/gpstracker/server_data.py -> /home/hisham/BFMC/Brain_DEI/brain/install/input/lib/python3.12/site-packages/gpstracker\n'}
[12.303107] (input) StdoutLine: {'line': b'copying /home/hisham/BFMC/Brain_DEI/brain/build/input/build/lib/gpstracker/server_subscriber.py -> /home/hisham/BFMC/Brain_DEI/brain/install/input/lib/python3.12/site-packages/gpstracker\n'}
[12.303467] (input) StdoutLine: {'line': b'byte-compiling /home/hisham/BFMC/Brain_DEI/brain/install/input/lib/python3.12/site-packages/gpstracker/util.py to util.cpython-312.pyc\n'}
[12.304129] (input) StdoutLine: {'line': b'byte-compiling /home/hisham/BFMC/Brain_DEI/brain/install/input/lib/python3.12/site-packages/gpstracker/__init__.py to __init__.cpython-312.pyc\n'}
[12.304310] (input) StdoutLine: {'line': b'byte-compiling /home/hisham/BFMC/Brain_DEI/brain/install/input/lib/python3.12/site-packages/gpstracker/locsys.py to locsys.cpython-312.pyc\n'}
[12.304778] (input) StdoutLine: {'line': b'byte-compiling /home/hisham/BFMC/Brain_DEI/brain/install/input/lib/python3.12/site-packages/gpstracker/position_listener.py to position_listener.cpython-312.pyc\n'}
[12.305232] (input) StdoutLine: {'line': b'byte-compiling /home/hisham/BFMC/Brain_DEI/brain/install/input/lib/python3.12/site-packages/gpstracker/server_listener.py to server_listener.cpython-312.pyc\n'}
[12.305706] (input) StdoutLine: {'line': b'byte-compiling /home/hisham/BFMC/Brain_DEI/brain/install/input/lib/python3.12/site-packages/gpstracker/gpstrackerNODE.py to gpstrackerNODE.cpython-312.pyc\n'}
[12.306245] (input) StdoutLine: {'line': b'byte-compiling /home/hisham/BFMC/Brain_DEI/brain/install/input/lib/python3.12/site-packages/gpstracker/complexDealer.py to complexDealer.cpython-312.pyc\n'}
[12.306559] (input) StdoutLine: {'line': b'byte-compiling /home/hisham/BFMC/Brain_DEI/brain/install/input/lib/python3.12/site-packages/gpstracker/server_data.py to server_data.cpython-312.pyc\n'}
[12.306914] (input) StdoutLine: {'line': b'byte-compiling /home/hisham/BFMC/Brain_DEI/brain/install/input/lib/python3.12/site-packages/gpstracker/server_subscriber.py to server_subscriber.cpython-312.pyc\n'}
[12.307369] (input) StdoutLine: {'line': b'running install_data\n'}
[12.307505] (input) StdoutLine: {'line': b'creating /home/hisham/BFMC/Brain_DEI/brain/install/input/share/ament_index\n'}
[12.307592] (input) StdoutLine: {'line': b'creating /home/hisham/BFMC/Brain_DEI/brain/install/input/share/ament_index/resource_index\n'}
[12.307683] (input) StdoutLine: {'line': b'creating /home/hisham/BFMC/Brain_DEI/brain/install/input/share/ament_index/resource_index/packages\n'}
[12.307773] (input) StdoutLine: {'line': b'copying resource/input -> /home/hisham/BFMC/Brain_DEI/brain/install/input/share/ament_index/resource_index/packages\n'}
[12.307834] (input) StdoutLine: {'line': b'copying package.xml -> /home/hisham/BFMC/Brain_DEI/brain/install/input/share/input\n'}
[12.307892] (input) StdoutLine: {'line': b'running install_egg_info\n'}
[12.310087] (unix_out) StdoutLine: {'line': b'Copying ../../build/unix_out/unix_out.egg-info to /home/hisham/BFMC/Brain_DEI/brain/install/unix_out/lib/python3.12/site-packages/unix_out-0.0.0-py3.12.egg-info\n'}
[12.310855] (unix_out) StdoutLine: {'line': b'running install_scripts\n'}
[12.318848] (output) StdoutLine: {'line': b'creating /home/hisham/BFMC/Brain_DEI/brain/install/output/lib/python3.12/site-packages/environmentalserver\n'}
[12.319032] (output) StdoutLine: {'line': b'copying /home/hisham/BFMC/Brain_DEI/brain/build/output/build/lib/environmentalserver/util.py -> /home/hisham/BFMC/Brain_DEI/brain/install/output/lib/python3.12/site-packages/environmentalserver\n'}
[12.319141] (output) StdoutLine: {'line': b'copying /home/hisham/BFMC/Brain_DEI/brain/build/output/build/lib/environmentalserver/environmentalNODE.py -> /home/hisham/BFMC/Brain_DEI/brain/install/output/lib/python3.12/site-packages/environmentalserver\n'}
[12.319233] (output) StdoutLine: {'line': b'copying /home/hisham/BFMC/Brain_DEI/brain/build/output/build/lib/environmentalserver/__init__.py -> /home/hisham/BFMC/Brain_DEI/brain/install/output/lib/python3.12/site-packages/environmentalserver\n'}
[12.319317] (output) StdoutLine: {'line': b'copying /home/hisham/BFMC/Brain_DEI/brain/build/output/build/lib/environmentalserver/server_listener.py -> /home/hisham/BFMC/Brain_DEI/brain/install/output/lib/python3.12/site-packages/environmentalserver\n'}
[12.319399] (output) StdoutLine: {'line': b'copying /home/hisham/BFMC/Brain_DEI/brain/build/output/build/lib/environmentalserver/server_data.py -> /home/hisham/BFMC/Brain_DEI/brain/install/output/lib/python3.12/site-packages/environmentalserver\n'}
[12.319463] (output) StdoutLine: {'line': b'copying /home/hisham/BFMC/Brain_DEI/brain/build/output/build/lib/environmentalserver/server_subscriber.py -> /home/hisham/BFMC/Brain_DEI/brain/install/output/lib/python3.12/site-packages/environmentalserver\n'}
[12.319556] (output) StdoutLine: {'line': b'copying /home/hisham/BFMC/Brain_DEI/brain/build/output/build/lib/environmentalserver/environmental_streamer.py -> /home/hisham/BFMC/Brain_DEI/brain/install/output/lib/python3.12/site-packages/environmentalserver\n'}
[12.319623] (output) StdoutLine: {'line': b'copying /home/hisham/BFMC/Brain_DEI/brain/build/output/build/lib/environmentalserver/environmental.py -> /home/hisham/BFMC/Brain_DEI/brain/install/output/lib/python3.12/site-packages/environmentalserver\n'}
[12.319979] (output) StdoutLine: {'line': b'byte-compiling /home/hisham/BFMC/Brain_DEI/brain/install/output/lib/python3.12/site-packages/environmentalserver/util.py to util.cpython-312.pyc\n'}
[12.320706] (output) StdoutLine: {'line': b'byte-compiling /home/hisham/BFMC/Brain_DEI/brain/install/output/lib/python3.12/site-packages/environmentalserver/environmentalNODE.py to environmentalNODE.cpython-312.pyc\n'}
[12.321202] (output) StdoutLine: {'line': b'byte-compiling /home/hisham/BFMC/Brain_DEI/brain/install/output/lib/python3.12/site-packages/environmentalserver/__init__.py to __init__.cpython-312.pyc\n'}
[12.321314] (output) StdoutLine: {'line': b'byte-compiling /home/hisham/BFMC/Brain_DEI/brain/install/output/lib/python3.12/site-packages/environmentalserver/server_listener.py to server_listener.cpython-312.pyc\n'}
[12.321865] (output) StdoutLine: {'line': b'byte-compiling /home/hisham/BFMC/Brain_DEI/brain/install/output/lib/python3.12/site-packages/environmentalserver/server_data.py to server_data.cpython-312.pyc\n'}
[12.322188] (output) StdoutLine: {'line': b'byte-compiling /home/hisham/BFMC/Brain_DEI/brain/install/output/lib/python3.12/site-packages/environmentalserver/server_subscriber.py to server_subscriber.cpython-312.pyc\n'}
[12.322713] (output) StdoutLine: {'line': b'byte-compiling /home/hisham/BFMC/Brain_DEI/brain/install/output/lib/python3.12/site-packages/environmentalserver/environmental_streamer.py to environmental_streamer.cpython-312.pyc\n'}
[12.323197] (output) StdoutLine: {'line': b'byte-compiling /home/hisham/BFMC/Brain_DEI/brain/install/output/lib/python3.12/site-packages/environmentalserver/environmental.py to environmental.cpython-312.pyc\n'}
[12.323742] (output) StdoutLine: {'line': b'running install_data\n'}
[12.323919] (output) StdoutLine: {'line': b'creating /home/hisham/BFMC/Brain_DEI/brain/install/output/share/ament_index\n'}
[12.324037] (output) StdoutLine: {'line': b'creating /home/hisham/BFMC/Brain_DEI/brain/install/output/share/ament_index/resource_index\n'}
[12.324137] (output) StdoutLine: {'line': b'creating /home/hisham/BFMC/Brain_DEI/brain/install/output/share/ament_index/resource_index/packages\n'}
[12.324204] (output) StdoutLine: {'line': b'copying resource/output -> /home/hisham/BFMC/Brain_DEI/brain/install/output/share/ament_index/resource_index/packages\n'}
[12.324264] (output) StdoutLine: {'line': b'copying package.xml -> /home/hisham/BFMC/Brain_DEI/brain/install/output/share/output\n'}
[12.324322] (output) StdoutLine: {'line': b'running install_egg_info\n'}
[12.332288] (input) StdoutLine: {'line': b'Copying ../../build/input/input.egg-info to /home/hisham/BFMC/Brain_DEI/brain/install/input/lib/python3.12/site-packages/input-0.0.0-py3.12.egg-info\n'}
[12.333021] (input) StdoutLine: {'line': b'running install_scripts\n'}
[12.334556] (-) TimerEvent: {}
[12.350784] (output) StdoutLine: {'line': b'Copying ../../../build/output/output.egg-info to /home/hisham/BFMC/Brain_DEI/brain/install/output/lib/python3.12/site-packages/output-0.0.0-py3.12.egg-info\n'}
[12.351395] (output) StdoutLine: {'line': b'running install_scripts\n'}
[12.434670] (-) TimerEvent: {}
[12.463428] (unix_out) StdoutLine: {'line': b'Installing lidar_to_socket script to /home/hisham/BFMC/Brain_DEI/brain/install/unix_out/lib/unix_out\n'}
[12.463709] (unix_out) StdoutLine: {'line': b'Installing metrics_to_socket script to /home/hisham/BFMC/Brain_DEI/brain/install/unix_out/lib/unix_out\n'}
[12.463806] (unix_out) StdoutLine: {'line': b"writing list of installed files to '/home/hisham/BFMC/Brain_DEI/brain/build/unix_out/install.log'\n"}
[12.476662] (input) StdoutLine: {'line': b'Installing gpstrackerNODE script to /home/hisham/BFMC/Brain_DEI/brain/install/input/lib/input\n'}
[12.476938] (input) StdoutLine: {'line': b'Installing imuNODE script to /home/hisham/BFMC/Brain_DEI/brain/install/input/lib/input\n'}
[12.477135] (input) StdoutLine: {'line': b'Installing semaphoreNODE script to /home/hisham/BFMC/Brain_DEI/brain/install/input/lib/input\n'}
[12.477225] (input) StdoutLine: {'line': b'Installing sonarNODE script to /home/hisham/BFMC/Brain_DEI/brain/install/input/lib/input\n'}
[12.477310] (input) StdoutLine: {'line': b"writing list of installed files to '/home/hisham/BFMC/Brain_DEI/brain/build/input/install.log'\n"}
[12.487251] (unix_out) CommandEnded: {'returncode': 0}
[12.491835] (unix_out) JobEnded: {'identifier': 'unix_out', 'rc': 0}
[12.500219] (output) StdoutLine: {'line': b"writing list of installed files to '/home/hisham/BFMC/Brain_DEI/brain/build/output/install.log'\n"}
[12.502368] (input) CommandEnded: {'returncode': 0}
[12.507056] (input) JobEnded: {'identifier': 'input', 'rc': 0}
[12.523309] (output) CommandEnded: {'returncode': 0}
[12.527839] (output) JobEnded: {'identifier': 'output', 'rc': 0}
[12.528404] (-) EventReactorShutdown: {}
