[0.000000] (-) TimerEvent: {}
[0.000216] (utils) JobQueued: {'identifier': 'utils', 'dependencies': OrderedDict()}
[0.000242] (input) JobQueued: {'identifier': 'input', 'dependencies': OrderedDict({'utils': '/home/hisham/BFMC/Brain_DEI/brain/install/utils'})}
[0.000262] (output) JobQueued: {'identifier': 'output', 'dependencies': OrderedDict({'utils': '/home/hisham/BFMC/Brain_DEI/brain/install/utils'})}
[0.000305] (unix_out) JobQueued: {'identifier': 'unix_out', 'dependencies': OrderedDict({'utils': '/home/hisham/BFMC/Brain_DEI/brain/install/utils'})}
[0.000529] (utils) JobStarted: {'identifier': 'utils'}
[0.010733] (utils) JobProgress: {'identifier': 'utils', 'progress': 'cmake'}
[0.011805] (utils) JobProgress: {'identifier': 'utils', 'progress': 'build'}
[0.012183] (utils) Command: {'cmd': ['/usr/bin/cmake', '--build', '/home/hisham/BFMC/Brain_DEI/brain/build/utils', '--', '-j12', '-l12'], 'cwd': '/home/hisham/BFMC/Brain_DEI/brain/build/utils', 'env': OrderedDict({'LESSOPEN': '| /usr/bin/lesspipe %s', 'GZ_SIM_RESOURCE_PATH': '/opt/ros/jazzy/share', 'USER': 'hisham', 'GZ_CONFIG_PATH': '/opt/ros/jazzy/opt/gz_sim_vendor/share/gz:/opt/ros/jazzy/opt/sdformat_vendor/share/gz:/opt/ros/jazzy/opt/gz_gui_vendor/share/gz:/opt/ros/jazzy/opt/gz_transport_vendor/share/gz:/opt/ros/jazzy/opt/gz_rendering_vendor/share/gz:/opt/ros/jazzy/opt/gz_plugin_vendor/share/gz:/opt/ros/jazzy/opt/gz_fuel_tools_vendor/share/gz:/opt/ros/jazzy/opt/gz_msgs_vendor/share/gz:/opt/ros/jazzy/opt/gz_common_vendor/share/gz', 'XDG_SESSION_TYPE': 'x11', 'STM32CubeMX_PATH': '/home/hisham/STM32CubeMX', 'SHLVL': '1', 'LD_LIBRARY_PATH': '/opt/ros/jazzy/opt/zenoh_cpp_vendor/lib:/opt/ros/jazzy/opt/gz_sim_vendor/lib:/opt/ros/jazzy/opt/gz_sensors_vendor/lib:/opt/ros/jazzy/opt/gz_physics_vendor/lib:/opt/ros/jazzy/opt/sdformat_vendor/lib:/opt/ros/jazzy/opt/rviz_ogre_vendor/lib:/opt/ros/jazzy/lib/x86_64-linux-gnu:/opt/ros/jazzy/opt/gz_gui_vendor/lib:/opt/ros/jazzy/opt/gz_transport_vendor/lib:/opt/ros/jazzy/opt/gz_rendering_vendor/lib:/opt/ros/jazzy/opt/gz_plugin_vendor/lib:/opt/ros/jazzy/opt/gz_fuel_tools_vendor/lib:/opt/ros/jazzy/opt/gz_msgs_vendor/lib:/opt/ros/jazzy/opt/gz_common_vendor/lib:/opt/ros/jazzy/opt/gz_math_vendor/lib:/opt/ros/jazzy/opt/gz_utils_vendor/lib:/opt/ros/jazzy/opt/gz_tools_vendor/lib:/opt/ros/jazzy/opt/gz_ogre_next_vendor/lib:/opt/ros/jazzy/opt/gz_dartsim_vendor/lib:/opt/ros/jazzy/opt/gz_cmake_vendor/lib:/opt/ros/jazzy/lib:/home/hisham/acados_ws/acados/lib:', 'HOME': '/home/hisham', 'OLDPWD': '/home/hisham/BFMC/Brain_DEI', 'DESKTOP_SESSION': 'ubuntu', 'ROS_PYTHON_VERSION': '3', 'GNOME_SHELL_SESSION_MODE': 'ubuntu', 'GTK_MODULES': 'gail:atk-bridge', 'DBUS_STARTER_BUS_TYPE': 'session', 'SYSTEMD_EXEC_PID': '3010', 'GSM_SKIP_SSH_AGENT_WORKAROUND': 'true', 'DBUS_SESSION_BUS_ADDRESS': 'unix:path=/run/user/1000/bus,guid=34fd7da4f4a81523c877782769f1285b', 'COLORTERM': 'truecolor', 'DEBUGINFOD_URLS': 'https://debuginfod.ubuntu.com', 'ROS_DISTRO': 'jazzy', 'LOGNAME': 'hisham', '_': '/usr/bin/colcon', 'ROS_VERSION': '2', 'MEMORY_PRESSURE_WATCH': '/sys/fs/cgroup/user.slice/user-1000.slice/user@1000.service/app.slice/app-gnome\\x2dsession\\x2dmanager.slice/gnome-session-manager@ubuntu.service/memory.pressure', 'XDG_SESSION_CLASS': 'user', 'USERNAME': 'hisham', 'TERM': 'xterm-256color', 'GNOME_DESKTOP_SESSION_ID': 'this-is-deprecated', 'WINDOWPATH': '2', 'PATH': '/opt/ros/jazzy/opt/gz_msgs_vendor/bin:/opt/ros/jazzy/opt/gz_tools_vendor/bin:/opt/ros/jazzy/opt/gz_ogre_next_vendor/bin:/opt/ros/jazzy/bin:/home/hisham/miniconda3/bin:/home/hisham/.local/bin:/usr/local/sbin:/usr/local/bin:/usr/sbin:/usr/bin:/sbin:/bin:/usr/games:/usr/local/games:/snap/bin:/snap/bin', 'SESSION_MANAGER': 'local/hisham-IdeaPad-Gaming-3-15IMH05:@/tmp/.ICE-unix/3010,unix/hisham-IdeaPad-Gaming-3-15IMH05:/tmp/.ICE-unix/3010', 'XDG_MENU_PREFIX': 'gnome-', 'GNOME_TERMINAL_SCREEN': '/org/gnome/Terminal/screen/ca7c3419_8977_4068_946f_fdc1c080dbf7', 'XDG_RUNTIME_DIR': '/run/user/1000', 'DISPLAY': ':1', 'LANG': 'en_US.UTF-8', 'XDG_CURRENT_DESKTOP': 'ubuntu:GNOME', 'XMODIFIERS': '@im=ibus', 'XDG_SESSION_DESKTOP': 'ubuntu', 'XAUTHORITY': '/run/user/1000/gdm/Xauthority', 'LS_COLORS': 'rs=0:di=01;34:ln=01;36:mh=00:pi=40;33:so=01;35:do=01;35:bd=40;33;01:cd=40;33;01:or=40;31;01:mi=00:su=37;41:sg=30;43:ca=00:tw=30;42:ow=34;42:st=37;44:ex=01;32:*.tar=01;31:*.tgz=01;31:*.arc=01;31:*.arj=01;31:*.taz=01;31:*.lha=01;31:*.lz4=01;31:*.lzh=01;31:*.lzma=01;31:*.tlz=01;31:*.txz=01;31:*.tzo=01;31:*.t7z=01;31:*.zip=01;31:*.z=01;31:*.dz=01;31:*.gz=01;31:*.lrz=01;31:*.lz=01;31:*.lzo=01;31:*.xz=01;31:*.zst=01;31:*.tzst=01;31:*.bz2=01;31:*.bz=01;31:*.tbz=01;31:*.tbz2=01;31:*.tz=01;31:*.deb=01;31:*.rpm=01;31:*.jar=01;31:*.war=01;31:*.ear=01;31:*.sar=01;31:*.rar=01;31:*.alz=01;31:*.ace=01;31:*.zoo=01;31:*.cpio=01;31:*.7z=01;31:*.rz=01;31:*.cab=01;31:*.wim=01;31:*.swm=01;31:*.dwm=01;31:*.esd=01;31:*.avif=01;35:*.jpg=01;35:*.jpeg=01;35:*.mjpg=01;35:*.mjpeg=01;35:*.gif=01;35:*.bmp=01;35:*.pbm=01;35:*.pgm=01;35:*.ppm=01;35:*.tga=01;35:*.xbm=01;35:*.xpm=01;35:*.tif=01;35:*.tiff=01;35:*.png=01;35:*.svg=01;35:*.svgz=01;35:*.mng=01;35:*.pcx=01;35:*.mov=01;35:*.mpg=01;35:*.mpeg=01;35:*.m2v=01;35:*.mkv=01;35:*.webm=01;35:*.webp=01;35:*.ogm=01;35:*.mp4=01;35:*.m4v=01;35:*.mp4v=01;35:*.vob=01;35:*.qt=01;35:*.nuv=01;35:*.wmv=01;35:*.asf=01;35:*.rm=01;35:*.rmvb=01;35:*.flc=01;35:*.avi=01;35:*.fli=01;35:*.flv=01;35:*.gl=01;35:*.dl=01;35:*.xcf=01;35:*.xwd=01;35:*.yuv=01;35:*.cgm=01;35:*.emf=01;35:*.ogv=01;35:*.ogx=01;35:*.aac=00;36:*.au=00;36:*.flac=00;36:*.m4a=00;36:*.mid=00;36:*.midi=00;36:*.mka=00;36:*.mp3=00;36:*.mpc=00;36:*.ogg=00;36:*.ra=00;36:*.wav=00;36:*.oga=00;36:*.opus=00;36:*.spx=00;36:*.xspf=00;36:*~=00;90:*#=00;90:*.bak=00;90:*.crdownload=00;90:*.dpkg-dist=00;90:*.dpkg-new=00;90:*.dpkg-old=00;90:*.dpkg-tmp=00;90:*.old=00;90:*.orig=00;90:*.part=00;90:*.rej=00;90:*.rpmnew=00;90:*.rpmorig=00;90:*.rpmsave=00;90:*.swp=00;90:*.tmp=00;90:*.ucf-dist=00;90:*.ucf-new=00;90:*.ucf-old=00;90:', 'GNOME_TERMINAL_SERVICE': ':1.471', 'SSH_AUTH_SOCK': '/run/user/1000/keyring/ssh', 'AMENT_PREFIX_PATH': '/opt/ros/jazzy', 'SHELL': '/bin/bash', 'QT_ACCESSIBILITY': '1', 'GDMSESSION': 'ubuntu', 'LESSCLOSE': '/usr/bin/lesspipe %s %s', 'GPG_AGENT_INFO': '/run/user/1000/gnupg/S.gpg-agent:0:1', 'ROS_AUTOMATIC_DISCOVERY_RANGE': 'SUBNET', 'QT_IM_MODULE': 'ibus', 'PWD': '/home/hisham/BFMC/Brain_DEI/brain/build/utils', 'XDG_CONFIG_DIRS': '/etc/xdg/xdg-ubuntu:/etc/xdg', 'DBUS_STARTER_ADDRESS': 'unix:path=/run/user/1000/bus,guid=34fd7da4f4a81523c877782769f1285b', 'XDG_DATA_DIRS': '/usr/share/ubuntu:/usr/share/gnome:/usr/local/share/:/usr/share/:/var/lib/snapd/desktop', 'PYTHONPATH': '/opt/ros/jazzy/lib/python3.12/site-packages', 'COLCON': '1', 'MEMORY_PRESSURE_WRITE': 'c29tZSAyMDAwMDAgMjAwMDAwMAA=', 'VTE_VERSION': '7600', 'CMAKE_PREFIX_PATH': '/opt/ros/jazzy/opt/gz_sim_vendor:/opt/ros/jazzy/opt/gz_sensors_vendor:/opt/ros/jazzy/opt/gz_physics_vendor:/opt/ros/jazzy/opt/sdformat_vendor:/opt/ros/jazzy/opt/gz_gui_vendor:/opt/ros/jazzy/opt/gz_transport_vendor:/opt/ros/jazzy/opt/gz_rendering_vendor:/opt/ros/jazzy/opt/gz_plugin_vendor:/opt/ros/jazzy/opt/gz_fuel_tools_vendor:/opt/ros/jazzy/opt/gz_msgs_vendor:/opt/ros/jazzy/opt/gz_common_vendor:/opt/ros/jazzy/opt/gz_math_vendor:/opt/ros/jazzy/opt/gz_utils_vendor:/opt/ros/jazzy/opt/gz_tools_vendor:/opt/ros/jazzy/opt/gz_ogre_next_vendor:/opt/ros/jazzy/opt/gz_dartsim_vendor:/opt/ros/jazzy/opt/gz_cmake_vendor:/opt/ros/jazzy'}), 'shell': False}
[0.099977] (-) TimerEvent: {}
[0.200554] (-) TimerEvent: {}
[0.232438] (utils) StdoutLine: {'line': b'[  1%] Built target utils__rosidl_generator_type_description\n'}
[0.239795] (utils) StdoutLine: {'line': b'[  1%] Built target ament_cmake_python_symlink_utils\n'}
[0.253502] (utils) StdoutLine: {'line': b'[  1%] Built target utils__cpp\n'}
[0.277986] (utils) StdoutLine: {'line': b'[ 27%] Built target utils__rosidl_generator_c\n'}
[0.300629] (-) TimerEvent: {}
[0.318950] (utils) StdoutLine: {'line': b'[ 36%] Built target utils__rosidl_typesupport_introspection_c\n'}
[0.320376] (utils) StdoutLine: {'line': b'[ 46%] Built target utils__rosidl_typesupport_c\n'}
[0.335984] (utils) StdoutLine: {'line': b'[ 85%] Built target utils__rosidl_typesupport_introspection_cpp\n'}
[0.336185] (utils) StdoutLine: {'line': b'[ 85%] Built target utils__rosidl_typesupport_cpp\n'}
[0.336318] (utils) StdoutLine: {'line': b'[ 85%] Built target utils__rosidl_typesupport_fastrtps_cpp\n'}
[0.336422] (utils) StdoutLine: {'line': b'[ 85%] Built target utils__rosidl_typesupport_fastrtps_c\n'}
[0.354927] (utils) StdoutLine: {'line': b'[ 85%] Built target utils\n'}
[0.373035] (utils) StdoutLine: {'line': b'[ 86%] Built target utils__py\n'}
[0.400702] (-) TimerEvent: {}
[0.412383] (utils) StdoutLine: {'line': b'[ 95%] Built target utils__rosidl_generator_py\n'}
[0.434437] (utils) StdoutLine: {'line': b'[ 99%] Built target utils_s__rosidl_typesupport_introspection_c\n'}
[0.434622] (utils) StdoutLine: {'line': b'[ 99%] Built target utils_s__rosidl_typesupport_fastrtps_c\n'}
[0.434725] (utils) StdoutLine: {'line': b'[100%] Built target utils_s__rosidl_typesupport_c\n'}
[0.474931] (utils) StdoutLine: {'line': b'running egg_info\n'}
[0.499287] (utils) StdoutLine: {'line': b'writing utils.egg-info/PKG-INFO\n'}
[0.499500] (utils) StdoutLine: {'line': b'writing dependency_links to utils.egg-info/dependency_links.txt\n'}
[0.499696] (utils) StdoutLine: {'line': b'writing top-level names to utils.egg-info/top_level.txt\n'}
[0.500765] (-) TimerEvent: {}
[0.570874] (utils) StdoutLine: {'line': b"reading manifest file 'utils.egg-info/SOURCES.txt'\n"}
[0.571713] (utils) StdoutLine: {'line': b"writing manifest file 'utils.egg-info/SOURCES.txt'\n"}
[0.591219] (utils) StdoutLine: {'line': b'[100%] Built target ament_cmake_python_build_utils_egg\n'}
[0.600257] (utils) CommandEnded: {'returncode': 0}
[0.600834] (-) TimerEvent: {}
[0.601731] (utils) JobProgress: {'identifier': 'utils', 'progress': 'install'}
[0.610607] (utils) Command: {'cmd': ['/usr/bin/cmake', '--install', '/home/hisham/BFMC/Brain_DEI/brain/build/utils'], 'cwd': '/home/hisham/BFMC/Brain_DEI/brain/build/utils', 'env': OrderedDict({'LESSOPEN': '| /usr/bin/lesspipe %s', 'GZ_SIM_RESOURCE_PATH': '/opt/ros/jazzy/share', 'USER': 'hisham', 'GZ_CONFIG_PATH': '/opt/ros/jazzy/opt/gz_sim_vendor/share/gz:/opt/ros/jazzy/opt/sdformat_vendor/share/gz:/opt/ros/jazzy/opt/gz_gui_vendor/share/gz:/opt/ros/jazzy/opt/gz_transport_vendor/share/gz:/opt/ros/jazzy/opt/gz_rendering_vendor/share/gz:/opt/ros/jazzy/opt/gz_plugin_vendor/share/gz:/opt/ros/jazzy/opt/gz_fuel_tools_vendor/share/gz:/opt/ros/jazzy/opt/gz_msgs_vendor/share/gz:/opt/ros/jazzy/opt/gz_common_vendor/share/gz', 'XDG_SESSION_TYPE': 'x11', 'STM32CubeMX_PATH': '/home/hisham/STM32CubeMX', 'SHLVL': '1', 'LD_LIBRARY_PATH': '/opt/ros/jazzy/opt/zenoh_cpp_vendor/lib:/opt/ros/jazzy/opt/gz_sim_vendor/lib:/opt/ros/jazzy/opt/gz_sensors_vendor/lib:/opt/ros/jazzy/opt/gz_physics_vendor/lib:/opt/ros/jazzy/opt/sdformat_vendor/lib:/opt/ros/jazzy/opt/rviz_ogre_vendor/lib:/opt/ros/jazzy/lib/x86_64-linux-gnu:/opt/ros/jazzy/opt/gz_gui_vendor/lib:/opt/ros/jazzy/opt/gz_transport_vendor/lib:/opt/ros/jazzy/opt/gz_rendering_vendor/lib:/opt/ros/jazzy/opt/gz_plugin_vendor/lib:/opt/ros/jazzy/opt/gz_fuel_tools_vendor/lib:/opt/ros/jazzy/opt/gz_msgs_vendor/lib:/opt/ros/jazzy/opt/gz_common_vendor/lib:/opt/ros/jazzy/opt/gz_math_vendor/lib:/opt/ros/jazzy/opt/gz_utils_vendor/lib:/opt/ros/jazzy/opt/gz_tools_vendor/lib:/opt/ros/jazzy/opt/gz_ogre_next_vendor/lib:/opt/ros/jazzy/opt/gz_dartsim_vendor/lib:/opt/ros/jazzy/opt/gz_cmake_vendor/lib:/opt/ros/jazzy/lib:/home/hisham/acados_ws/acados/lib:', 'HOME': '/home/hisham', 'OLDPWD': '/home/hisham/BFMC/Brain_DEI', 'DESKTOP_SESSION': 'ubuntu', 'ROS_PYTHON_VERSION': '3', 'GNOME_SHELL_SESSION_MODE': 'ubuntu', 'GTK_MODULES': 'gail:atk-bridge', 'DBUS_STARTER_BUS_TYPE': 'session', 'SYSTEMD_EXEC_PID': '3010', 'GSM_SKIP_SSH_AGENT_WORKAROUND': 'true', 'DBUS_SESSION_BUS_ADDRESS': 'unix:path=/run/user/1000/bus,guid=34fd7da4f4a81523c877782769f1285b', 'COLORTERM': 'truecolor', 'DEBUGINFOD_URLS': 'https://debuginfod.ubuntu.com', 'ROS_DISTRO': 'jazzy', 'LOGNAME': 'hisham', '_': '/usr/bin/colcon', 'ROS_VERSION': '2', 'MEMORY_PRESSURE_WATCH': '/sys/fs/cgroup/user.slice/user-1000.slice/user@1000.service/app.slice/app-gnome\\x2dsession\\x2dmanager.slice/gnome-session-manager@ubuntu.service/memory.pressure', 'XDG_SESSION_CLASS': 'user', 'USERNAME': 'hisham', 'TERM': 'xterm-256color', 'GNOME_DESKTOP_SESSION_ID': 'this-is-deprecated', 'WINDOWPATH': '2', 'PATH': '/opt/ros/jazzy/opt/gz_msgs_vendor/bin:/opt/ros/jazzy/opt/gz_tools_vendor/bin:/opt/ros/jazzy/opt/gz_ogre_next_vendor/bin:/opt/ros/jazzy/bin:/home/hisham/miniconda3/bin:/home/hisham/.local/bin:/usr/local/sbin:/usr/local/bin:/usr/sbin:/usr/bin:/sbin:/bin:/usr/games:/usr/local/games:/snap/bin:/snap/bin', 'SESSION_MANAGER': 'local/hisham-IdeaPad-Gaming-3-15IMH05:@/tmp/.ICE-unix/3010,unix/hisham-IdeaPad-Gaming-3-15IMH05:/tmp/.ICE-unix/3010', 'XDG_MENU_PREFIX': 'gnome-', 'GNOME_TERMINAL_SCREEN': '/org/gnome/Terminal/screen/ca7c3419_8977_4068_946f_fdc1c080dbf7', 'XDG_RUNTIME_DIR': '/run/user/1000', 'DISPLAY': ':1', 'LANG': 'en_US.UTF-8', 'XDG_CURRENT_DESKTOP': 'ubuntu:GNOME', 'XMODIFIERS': '@im=ibus', 'XDG_SESSION_DESKTOP': 'ubuntu', 'XAUTHORITY': '/run/user/1000/gdm/Xauthority', 'LS_COLORS': 'rs=0:di=01;34:ln=01;36:mh=00:pi=40;33:so=01;35:do=01;35:bd=40;33;01:cd=40;33;01:or=40;31;01:mi=00:su=37;41:sg=30;43:ca=00:tw=30;42:ow=34;42:st=37;44:ex=01;32:*.tar=01;31:*.tgz=01;31:*.arc=01;31:*.arj=01;31:*.taz=01;31:*.lha=01;31:*.lz4=01;31:*.lzh=01;31:*.lzma=01;31:*.tlz=01;31:*.txz=01;31:*.tzo=01;31:*.t7z=01;31:*.zip=01;31:*.z=01;31:*.dz=01;31:*.gz=01;31:*.lrz=01;31:*.lz=01;31:*.lzo=01;31:*.xz=01;31:*.zst=01;31:*.tzst=01;31:*.bz2=01;31:*.bz=01;31:*.tbz=01;31:*.tbz2=01;31:*.tz=01;31:*.deb=01;31:*.rpm=01;31:*.jar=01;31:*.war=01;31:*.ear=01;31:*.sar=01;31:*.rar=01;31:*.alz=01;31:*.ace=01;31:*.zoo=01;31:*.cpio=01;31:*.7z=01;31:*.rz=01;31:*.cab=01;31:*.wim=01;31:*.swm=01;31:*.dwm=01;31:*.esd=01;31:*.avif=01;35:*.jpg=01;35:*.jpeg=01;35:*.mjpg=01;35:*.mjpeg=01;35:*.gif=01;35:*.bmp=01;35:*.pbm=01;35:*.pgm=01;35:*.ppm=01;35:*.tga=01;35:*.xbm=01;35:*.xpm=01;35:*.tif=01;35:*.tiff=01;35:*.png=01;35:*.svg=01;35:*.svgz=01;35:*.mng=01;35:*.pcx=01;35:*.mov=01;35:*.mpg=01;35:*.mpeg=01;35:*.m2v=01;35:*.mkv=01;35:*.webm=01;35:*.webp=01;35:*.ogm=01;35:*.mp4=01;35:*.m4v=01;35:*.mp4v=01;35:*.vob=01;35:*.qt=01;35:*.nuv=01;35:*.wmv=01;35:*.asf=01;35:*.rm=01;35:*.rmvb=01;35:*.flc=01;35:*.avi=01;35:*.fli=01;35:*.flv=01;35:*.gl=01;35:*.dl=01;35:*.xcf=01;35:*.xwd=01;35:*.yuv=01;35:*.cgm=01;35:*.emf=01;35:*.ogv=01;35:*.ogx=01;35:*.aac=00;36:*.au=00;36:*.flac=00;36:*.m4a=00;36:*.mid=00;36:*.midi=00;36:*.mka=00;36:*.mp3=00;36:*.mpc=00;36:*.ogg=00;36:*.ra=00;36:*.wav=00;36:*.oga=00;36:*.opus=00;36:*.spx=00;36:*.xspf=00;36:*~=00;90:*#=00;90:*.bak=00;90:*.crdownload=00;90:*.dpkg-dist=00;90:*.dpkg-new=00;90:*.dpkg-old=00;90:*.dpkg-tmp=00;90:*.old=00;90:*.orig=00;90:*.part=00;90:*.rej=00;90:*.rpmnew=00;90:*.rpmorig=00;90:*.rpmsave=00;90:*.swp=00;90:*.tmp=00;90:*.ucf-dist=00;90:*.ucf-new=00;90:*.ucf-old=00;90:', 'GNOME_TERMINAL_SERVICE': ':1.471', 'SSH_AUTH_SOCK': '/run/user/1000/keyring/ssh', 'AMENT_PREFIX_PATH': '/opt/ros/jazzy', 'SHELL': '/bin/bash', 'QT_ACCESSIBILITY': '1', 'GDMSESSION': 'ubuntu', 'LESSCLOSE': '/usr/bin/lesspipe %s %s', 'GPG_AGENT_INFO': '/run/user/1000/gnupg/S.gpg-agent:0:1', 'ROS_AUTOMATIC_DISCOVERY_RANGE': 'SUBNET', 'QT_IM_MODULE': 'ibus', 'PWD': '/home/hisham/BFMC/Brain_DEI/brain/build/utils', 'XDG_CONFIG_DIRS': '/etc/xdg/xdg-ubuntu:/etc/xdg', 'DBUS_STARTER_ADDRESS': 'unix:path=/run/user/1000/bus,guid=34fd7da4f4a81523c877782769f1285b', 'XDG_DATA_DIRS': '/usr/share/ubuntu:/usr/share/gnome:/usr/local/share/:/usr/share/:/var/lib/snapd/desktop', 'PYTHONPATH': '/opt/ros/jazzy/lib/python3.12/site-packages', 'COLCON': '1', 'MEMORY_PRESSURE_WRITE': 'c29tZSAyMDAwMDAgMjAwMDAwMAA=', 'VTE_VERSION': '7600', 'CMAKE_PREFIX_PATH': '/opt/ros/jazzy/opt/gz_sim_vendor:/opt/ros/jazzy/opt/gz_sensors_vendor:/opt/ros/jazzy/opt/gz_physics_vendor:/opt/ros/jazzy/opt/sdformat_vendor:/opt/ros/jazzy/opt/gz_gui_vendor:/opt/ros/jazzy/opt/gz_transport_vendor:/opt/ros/jazzy/opt/gz_rendering_vendor:/opt/ros/jazzy/opt/gz_plugin_vendor:/opt/ros/jazzy/opt/gz_fuel_tools_vendor:/opt/ros/jazzy/opt/gz_msgs_vendor:/opt/ros/jazzy/opt/gz_common_vendor:/opt/ros/jazzy/opt/gz_math_vendor:/opt/ros/jazzy/opt/gz_utils_vendor:/opt/ros/jazzy/opt/gz_tools_vendor:/opt/ros/jazzy/opt/gz_ogre_next_vendor:/opt/ros/jazzy/opt/gz_dartsim_vendor:/opt/ros/jazzy/opt/gz_cmake_vendor:/opt/ros/jazzy'}), 'shell': False}
[0.620241] (utils) StdoutLine: {'line': b'-- Install configuration: ""\n'}
[0.622217] (utils) StdoutLine: {'line': b'-- Execute custom install script\n'}
[0.624169] (utils) StdoutLine: {'line': b'-- Up-to-date symlink: /home/hisham/BFMC/Brain_DEI/brain/install/utils/share/ament_index/resource_index/rosidl_interfaces/utils\n'}
[0.625067] (utils) StdoutLine: {'line': b'-- Up-to-date symlink: /home/hisham/BFMC/Brain_DEI/brain/install/utils/share/utils/msg/IMU.json\n'}
[0.625430] (utils) StdoutLine: {'line': b'-- Up-to-date symlink: /home/hisham/BFMC/Brain_DEI/brain/install/utils/share/utils/msg/Localisation.json\n'}
[0.625789] (utils) StdoutLine: {'line': b'-- Up-to-date symlink: /home/hisham/BFMC/Brain_DEI/brain/install/utils/share/utils/msg/Vehicles.json\n'}
[0.626093] (utils) StdoutLine: {'line': b'-- Up-to-date symlink: /home/hisham/BFMC/Brain_DEI/brain/install/utils/share/utils/msg/Environmental.json\n'}
[0.626466] (utils) StdoutLine: {'line': b'-- Up-to-date symlink: /home/hisham/BFMC/Brain_DEI/brain/install/utils/share/utils/msg/Log.json\n'}
[0.626728] (utils) StdoutLine: {'line': b'-- Up-to-date symlink: /home/hisham/BFMC/Brain_DEI/brain/install/utils/share/utils/msg/TopicInfo.json\n'}
[0.626981] (utils) StdoutLine: {'line': b'-- Up-to-date symlink: /home/hisham/BFMC/Brain_DEI/brain/install/utils/share/utils/msg/Semaphore.json\n'}
[0.627279] (utils) StdoutLine: {'line': b'-- Up-to-date symlink: /home/hisham/BFMC/Brain_DEI/brain/install/utils/share/utils/msg/Conditions.json\n'}
[0.627670] (utils) StdoutLine: {'line': b'-- Up-to-date symlink: /home/hisham/BFMC/Brain_DEI/brain/install/utils/share/utils/msg/Trafficsignprediction.json\n'}
[0.628074] (utils) StdoutLine: {'line': b'-- Up-to-date symlink: /home/hisham/BFMC/Brain_DEI/brain/install/utils/share/utils/srv/Subscribing.json\n'}
[0.628457] (utils) StdoutLine: {'line': b'-- Up-to-date symlink: /home/hisham/BFMC/Brain_DEI/brain/install/utils/share/utils/srv/RequestParam.json\n'}
[0.632212] (utils) StdoutLine: {'line': b'-- Up-to-date symlink: /home/hisham/BFMC/Brain_DEI/brain/install/utils/include/utils/utils/msg/conditions.h\n'}
[0.632830] (utils) StdoutLine: {'line': b'-- Up-to-date symlink: /home/hisham/BFMC/Brain_DEI/brain/install/utils/include/utils/utils/msg/detail/conditions__functions.h\n'}
[0.633183] (utils) StdoutLine: {'line': b'-- Up-to-date symlink: /home/hisham/BFMC/Brain_DEI/brain/install/utils/include/utils/utils/msg/detail/conditions__struct.h\n'}
[0.633500] (utils) StdoutLine: {'line': b'-- Up-to-date symlink: /home/hisham/BFMC/Brain_DEI/brain/install/utils/include/utils/utils/msg/detail/conditions__type_support.h\n'}
[0.633761] (utils) StdoutLine: {'line': b'-- Up-to-date symlink: /home/hisham/BFMC/Brain_DEI/brain/install/utils/include/utils/utils/msg/detail/environmental__functions.h\n'}
[0.634055] (utils) StdoutLine: {'line': b'-- Up-to-date symlink: /home/hisham/BFMC/Brain_DEI/brain/install/utils/include/utils/utils/msg/detail/environmental__struct.h\n'}
[0.634464] (utils) StdoutLine: {'line': b'-- Up-to-date symlink: /home/hisham/BFMC/Brain_DEI/brain/install/utils/include/utils/utils/msg/detail/environmental__type_support.h\n'}
[0.634820] (utils) StdoutLine: {'line': b'-- Up-to-date symlink: /home/hisham/BFMC/Brain_DEI/brain/install/utils/include/utils/utils/msg/detail/imu__functions.h\n'}
[0.635180] (utils) StdoutLine: {'line': b'-- Up-to-date symlink: /home/hisham/BFMC/Brain_DEI/brain/install/utils/include/utils/utils/msg/detail/imu__struct.h\n'}
[0.635599] (utils) StdoutLine: {'line': b'-- Up-to-date symlink: /home/hisham/BFMC/Brain_DEI/brain/install/utils/include/utils/utils/msg/detail/imu__type_support.h\n'}
[0.635944] (utils) StdoutLine: {'line': b'-- Up-to-date symlink: /home/hisham/BFMC/Brain_DEI/brain/install/utils/include/utils/utils/msg/detail/localisation__functions.h\n'}
[0.636184] (utils) StdoutLine: {'line': b'-- Up-to-date symlink: /home/hisham/BFMC/Brain_DEI/brain/install/utils/include/utils/utils/msg/detail/localisation__struct.h\n'}
[0.636734] (utils) StdoutLine: {'line': b'-- Up-to-date symlink: /home/hisham/BFMC/Brain_DEI/brain/install/utils/include/utils/utils/msg/detail/localisation__type_support.h\n'}
[0.637138] (utils) StdoutLine: {'line': b'-- Up-to-date symlink: /home/hisham/BFMC/Brain_DEI/brain/install/utils/include/utils/utils/msg/detail/log__functions.h\n'}
[0.637567] (utils) StdoutLine: {'line': b'-- Up-to-date symlink: /home/hisham/BFMC/Brain_DEI/brain/install/utils/include/utils/utils/msg/detail/log__struct.h\n'}
[0.637872] (utils) StdoutLine: {'line': b'-- Up-to-date symlink: /home/hisham/BFMC/Brain_DEI/brain/install/utils/include/utils/utils/msg/detail/log__type_support.h\n'}
[0.638250] (utils) StdoutLine: {'line': b'-- Up-to-date symlink: /home/hisham/BFMC/Brain_DEI/brain/install/utils/include/utils/utils/msg/detail/semaphore__functions.h\n'}
[0.638750] (utils) StdoutLine: {'line': b'-- Up-to-date symlink: /home/hisham/BFMC/Brain_DEI/brain/install/utils/include/utils/utils/msg/detail/semaphore__struct.h\n'}
[0.639129] (utils) StdoutLine: {'line': b'-- Up-to-date symlink: /home/hisham/BFMC/Brain_DEI/brain/install/utils/include/utils/utils/msg/detail/semaphore__type_support.h\n'}
[0.639563] (utils) StdoutLine: {'line': b'-- Up-to-date symlink: /home/hisham/BFMC/Brain_DEI/brain/install/utils/include/utils/utils/msg/detail/topic_info__functions.h\n'}
[0.639960] (utils) StdoutLine: {'line': b'-- Up-to-date symlink: /home/hisham/BFMC/Brain_DEI/brain/install/utils/include/utils/utils/msg/detail/topic_info__struct.h\n'}
[0.640349] (utils) StdoutLine: {'line': b'-- Up-to-date symlink: /home/hisham/BFMC/Brain_DEI/brain/install/utils/include/utils/utils/msg/detail/topic_info__type_support.h\n'}
[0.640742] (utils) StdoutLine: {'line': b'-- Up-to-date symlink: /home/hisham/BFMC/Brain_DEI/brain/install/utils/include/utils/utils/msg/detail/trafficsignprediction__functions.h\n'}
[0.641117] (utils) StdoutLine: {'line': b'-- Up-to-date symlink: /home/hisham/BFMC/Brain_DEI/brain/install/utils/include/utils/utils/msg/detail/trafficsignprediction__struct.h\n'}
[0.641536] (utils) StdoutLine: {'line': b'-- Up-to-date symlink: /home/hisham/BFMC/Brain_DEI/brain/install/utils/include/utils/utils/msg/detail/trafficsignprediction__type_support.h\n'}
[0.641926] (utils) StdoutLine: {'line': b'-- Up-to-date symlink: /home/hisham/BFMC/Brain_DEI/brain/install/utils/include/utils/utils/msg/detail/vehicles__functions.h\n'}
[0.642181] (utils) StdoutLine: {'line': b'-- Up-to-date symlink: /home/hisham/BFMC/Brain_DEI/brain/install/utils/include/utils/utils/msg/detail/vehicles__struct.h\n'}
[0.642558] (utils) StdoutLine: {'line': b'-- Up-to-date symlink: /home/hisham/BFMC/Brain_DEI/brain/install/utils/include/utils/utils/msg/detail/vehicles__type_support.h\n'}
[0.642896] (utils) StdoutLine: {'line': b'-- Up-to-date symlink: /home/hisham/BFMC/Brain_DEI/brain/install/utils/include/utils/utils/msg/environmental.h\n'}
[0.643227] (utils) StdoutLine: {'line': b'-- Up-to-date symlink: /home/hisham/BFMC/Brain_DEI/brain/install/utils/include/utils/utils/msg/imu.h\n'}
[0.643568] (utils) StdoutLine: {'line': b'-- Up-to-date symlink: /home/hisham/BFMC/Brain_DEI/brain/install/utils/include/utils/utils/msg/localisation.h\n'}
[0.643817] (utils) StdoutLine: {'line': b'-- Up-to-date symlink: /home/hisham/BFMC/Brain_DEI/brain/install/utils/include/utils/utils/msg/log.h\n'}
[0.644191] (utils) StdoutLine: {'line': b'-- Up-to-date symlink: /home/hisham/BFMC/Brain_DEI/brain/install/utils/include/utils/utils/msg/rosidl_generator_c__visibility_control.h\n'}
[0.644447] (utils) StdoutLine: {'line': b'-- Up-to-date symlink: /home/hisham/BFMC/Brain_DEI/brain/install/utils/include/utils/utils/msg/semaphore.h\n'}
[0.644699] (utils) StdoutLine: {'line': b'-- Up-to-date symlink: /home/hisham/BFMC/Brain_DEI/brain/install/utils/include/utils/utils/msg/topic_info.h\n'}
[0.644947] (utils) StdoutLine: {'line': b'-- Up-to-date symlink: /home/hisham/BFMC/Brain_DEI/brain/install/utils/include/utils/utils/msg/trafficsignprediction.h\n'}
[0.645194] (utils) StdoutLine: {'line': b'-- Up-to-date symlink: /home/hisham/BFMC/Brain_DEI/brain/install/utils/include/utils/utils/msg/vehicles.h\n'}
[0.645646] (utils) StdoutLine: {'line': b'-- Up-to-date symlink: /home/hisham/BFMC/Brain_DEI/brain/install/utils/include/utils/utils/srv/detail/request_param__functions.h\n'}
[0.645893] (utils) StdoutLine: {'line': b'-- Up-to-date symlink: /home/hisham/BFMC/Brain_DEI/brain/install/utils/include/utils/utils/srv/detail/request_param__struct.h\n'}
[0.646138] (utils) StdoutLine: {'line': b'-- Up-to-date symlink: /home/hisham/BFMC/Brain_DEI/brain/install/utils/include/utils/utils/srv/detail/request_param__type_support.h\n'}
[0.646383] (utils) StdoutLine: {'line': b'-- Up-to-date symlink: /home/hisham/BFMC/Brain_DEI/brain/install/utils/include/utils/utils/srv/detail/subscribing__functions.h\n'}
[0.646628] (utils) StdoutLine: {'line': b'-- Up-to-date symlink: /home/hisham/BFMC/Brain_DEI/brain/install/utils/include/utils/utils/srv/detail/subscribing__struct.h\n'}
[0.646944] (utils) StdoutLine: {'line': b'-- Up-to-date symlink: /home/hisham/BFMC/Brain_DEI/brain/install/utils/include/utils/utils/srv/detail/subscribing__type_support.h\n'}
[0.647195] (utils) StdoutLine: {'line': b'-- Up-to-date symlink: /home/hisham/BFMC/Brain_DEI/brain/install/utils/include/utils/utils/srv/request_param.h\n'}
[0.647444] (utils) StdoutLine: {'line': b'-- Up-to-date symlink: /home/hisham/BFMC/Brain_DEI/brain/install/utils/include/utils/utils/srv/subscribing.h\n'}
[0.647806] (utils) StdoutLine: {'line': b'-- Up-to-date symlink: /home/hisham/BFMC/Brain_DEI/brain/install/utils/share/utils/environment/library_path.sh\n'}
[0.648048] (utils) StdoutLine: {'line': b'-- Up-to-date symlink: /home/hisham/BFMC/Brain_DEI/brain/install/utils/share/utils/environment/library_path.dsv\n'}
[0.648728] (utils) StdoutLine: {'line': b'-- Up-to-date symlink: /home/hisham/BFMC/Brain_DEI/brain/install/utils/include/utils/utils/msg/detail/conditions__rosidl_typesupport_fastrtps_c.h\n'}
[0.648918] (utils) StdoutLine: {'line': b'-- Up-to-date symlink: /home/hisham/BFMC/Brain_DEI/brain/install/utils/include/utils/utils/msg/detail/environmental__rosidl_typesupport_fastrtps_c.h\n'}
[0.649250] (utils) StdoutLine: {'line': b'-- Up-to-date symlink: /home/hisham/BFMC/Brain_DEI/brain/install/utils/include/utils/utils/msg/detail/imu__rosidl_typesupport_fastrtps_c.h\n'}
[0.649588] (utils) StdoutLine: {'line': b'-- Up-to-date symlink: /home/hisham/BFMC/Brain_DEI/brain/install/utils/include/utils/utils/msg/detail/localisation__rosidl_typesupport_fastrtps_c.h\n'}
[0.649914] (utils) StdoutLine: {'line': b'-- Up-to-date symlink: /home/hisham/BFMC/Brain_DEI/brain/install/utils/include/utils/utils/msg/detail/log__rosidl_typesupport_fastrtps_c.h\n'}
[0.650238] (utils) StdoutLine: {'line': b'-- Up-to-date symlink: /home/hisham/BFMC/Brain_DEI/brain/install/utils/include/utils/utils/msg/detail/semaphore__rosidl_typesupport_fastrtps_c.h\n'}
[0.650573] (utils) StdoutLine: {'line': b'-- Up-to-date symlink: /home/hisham/BFMC/Brain_DEI/brain/install/utils/include/utils/utils/msg/detail/topic_info__rosidl_typesupport_fastrtps_c.h\n'}
[0.651094] (utils) StdoutLine: {'line': b'-- Up-to-date symlink: /home/hisham/BFMC/Brain_DEI/brain/install/utils/include/utils/utils/msg/detail/trafficsignprediction__rosidl_typesupport_fastrtps_c.h\n'}
[0.651540] (utils) StdoutLine: {'line': b'-- Up-to-date symlink: /home/hisham/BFMC/Brain_DEI/brain/install/utils/include/utils/utils/msg/detail/vehicles__rosidl_typesupport_fastrtps_c.h\n'}
[0.652051] (utils) StdoutLine: {'line': b'-- Up-to-date symlink: /home/hisham/BFMC/Brain_DEI/brain/install/utils/include/utils/utils/msg/rosidl_typesupport_fastrtps_c__visibility_control.h\n'}
[0.652609] (utils) StdoutLine: {'line': b'-- Up-to-date symlink: /home/hisham/BFMC/Brain_DEI/brain/install/utils/include/utils/utils/srv/detail/request_param__rosidl_typesupport_fastrtps_c.h\n'}
[0.653064] (utils) StdoutLine: {'line': b'-- Up-to-date symlink: /home/hisham/BFMC/Brain_DEI/brain/install/utils/include/utils/utils/srv/detail/subscribing__rosidl_typesupport_fastrtps_c.h\n'}
[0.653754] (utils) StdoutLine: {'line': b'-- Up-to-date symlink: /home/hisham/BFMC/Brain_DEI/brain/install/utils/include/utils/utils/msg/detail/conditions__rosidl_typesupport_introspection_c.h\n'}
[0.654263] (utils) StdoutLine: {'line': b'-- Up-to-date symlink: /home/hisham/BFMC/Brain_DEI/brain/install/utils/include/utils/utils/msg/detail/environmental__rosidl_typesupport_introspection_c.h\n'}
[0.654797] (utils) StdoutLine: {'line': b'-- Up-to-date symlink: /home/hisham/BFMC/Brain_DEI/brain/install/utils/include/utils/utils/msg/detail/imu__rosidl_typesupport_introspection_c.h\n'}
[0.655153] (utils) StdoutLine: {'line': b'-- Up-to-date symlink: /home/hisham/BFMC/Brain_DEI/brain/install/utils/include/utils/utils/msg/detail/localisation__rosidl_typesupport_introspection_c.h\n'}
[0.655505] (utils) StdoutLine: {'line': b'-- Up-to-date symlink: /home/hisham/BFMC/Brain_DEI/brain/install/utils/include/utils/utils/msg/detail/log__rosidl_typesupport_introspection_c.h\n'}
[0.655865] (utils) StdoutLine: {'line': b'-- Up-to-date symlink: /home/hisham/BFMC/Brain_DEI/brain/install/utils/include/utils/utils/msg/detail/semaphore__rosidl_typesupport_introspection_c.h\n'}
[0.656168] (utils) StdoutLine: {'line': b'-- Up-to-date symlink: /home/hisham/BFMC/Brain_DEI/brain/install/utils/include/utils/utils/msg/detail/topic_info__rosidl_typesupport_introspection_c.h\n'}
[0.656525] (utils) StdoutLine: {'line': b'-- Up-to-date symlink: /home/hisham/BFMC/Brain_DEI/brain/install/utils/include/utils/utils/msg/detail/trafficsignprediction__rosidl_typesupport_introspection_c.h\n'}
[0.656876] (utils) StdoutLine: {'line': b'-- Up-to-date symlink: /home/hisham/BFMC/Brain_DEI/brain/install/utils/include/utils/utils/msg/detail/vehicles__rosidl_typesupport_introspection_c.h\n'}
[0.657117] (utils) StdoutLine: {'line': b'-- Up-to-date symlink: /home/hisham/BFMC/Brain_DEI/brain/install/utils/include/utils/utils/msg/rosidl_typesupport_introspection_c__visibility_control.h\n'}
[0.657369] (utils) StdoutLine: {'line': b'-- Up-to-date symlink: /home/hisham/BFMC/Brain_DEI/brain/install/utils/include/utils/utils/srv/detail/request_param__rosidl_typesupport_introspection_c.h\n'}
[0.657619] (utils) StdoutLine: {'line': b'-- Up-to-date symlink: /home/hisham/BFMC/Brain_DEI/brain/install/utils/include/utils/utils/srv/detail/subscribing__rosidl_typesupport_introspection_c.h\n'}
[0.658427] (utils) StdoutLine: {'line': b'-- Up-to-date symlink: /home/hisham/BFMC/Brain_DEI/brain/install/utils/include/utils/utils/msg/conditions.hpp\n'}
[0.658721] (utils) StdoutLine: {'line': b'-- Up-to-date symlink: /home/hisham/BFMC/Brain_DEI/brain/install/utils/include/utils/utils/msg/detail/conditions__builder.hpp\n'}
[0.658959] (utils) StdoutLine: {'line': b'-- Up-to-date symlink: /home/hisham/BFMC/Brain_DEI/brain/install/utils/include/utils/utils/msg/detail/conditions__struct.hpp\n'}
[0.659258] (utils) StdoutLine: {'line': b'-- Up-to-date symlink: /home/hisham/BFMC/Brain_DEI/brain/install/utils/include/utils/utils/msg/detail/conditions__traits.hpp\n'}
[0.659533] (utils) StdoutLine: {'line': b'-- Up-to-date symlink: /home/hisham/BFMC/Brain_DEI/brain/install/utils/include/utils/utils/msg/detail/conditions__type_support.hpp\n'}
[0.659812] (utils) StdoutLine: {'line': b'-- Up-to-date symlink: /home/hisham/BFMC/Brain_DEI/brain/install/utils/include/utils/utils/msg/detail/environmental__builder.hpp\n'}
[0.660203] (utils) StdoutLine: {'line': b'-- Up-to-date symlink: /home/hisham/BFMC/Brain_DEI/brain/install/utils/include/utils/utils/msg/detail/environmental__struct.hpp\n'}
[0.660605] (utils) StdoutLine: {'line': b'-- Up-to-date symlink: /home/hisham/BFMC/Brain_DEI/brain/install/utils/include/utils/utils/msg/detail/environmental__traits.hpp\n'}
[0.660993] (utils) StdoutLine: {'line': b'-- Up-to-date symlink: /home/hisham/BFMC/Brain_DEI/brain/install/utils/include/utils/utils/msg/detail/environmental__type_support.hpp\n'}
[0.661404] (utils) StdoutLine: {'line': b'-- Up-to-date symlink: /home/hisham/BFMC/Brain_DEI/brain/install/utils/include/utils/utils/msg/detail/imu__builder.hpp\n'}
[0.661795] (utils) StdoutLine: {'line': b'-- Up-to-date symlink: /home/hisham/BFMC/Brain_DEI/brain/install/utils/include/utils/utils/msg/detail/imu__struct.hpp\n'}
[0.662158] (utils) StdoutLine: {'line': b'-- Up-to-date symlink: /home/hisham/BFMC/Brain_DEI/brain/install/utils/include/utils/utils/msg/detail/imu__traits.hpp\n'}
[0.662538] (utils) StdoutLine: {'line': b'-- Up-to-date symlink: /home/hisham/BFMC/Brain_DEI/brain/install/utils/include/utils/utils/msg/detail/imu__type_support.hpp\n'}
[0.662868] (utils) StdoutLine: {'line': b'-- Up-to-date symlink: /home/hisham/BFMC/Brain_DEI/brain/install/utils/include/utils/utils/msg/detail/localisation__builder.hpp\n'}
[0.663232] (utils) StdoutLine: {'line': b'-- Up-to-date symlink: /home/hisham/BFMC/Brain_DEI/brain/install/utils/include/utils/utils/msg/detail/localisation__struct.hpp\n'}
[0.663747] (utils) StdoutLine: {'line': b'-- Up-to-date symlink: /home/hisham/BFMC/Brain_DEI/brain/install/utils/include/utils/utils/msg/detail/localisation__traits.hpp\n'}
[0.664222] (utils) StdoutLine: {'line': b'-- Up-to-date symlink: /home/hisham/BFMC/Brain_DEI/brain/install/utils/include/utils/utils/msg/detail/localisation__type_support.hpp\n'}
[0.664742] (utils) StdoutLine: {'line': b'-- Up-to-date symlink: /home/hisham/BFMC/Brain_DEI/brain/install/utils/include/utils/utils/msg/detail/log__builder.hpp\n'}
[0.665251] (utils) StdoutLine: {'line': b'-- Up-to-date symlink: /home/hisham/BFMC/Brain_DEI/brain/install/utils/include/utils/utils/msg/detail/log__struct.hpp\n'}
[0.665761] (utils) StdoutLine: {'line': b'-- Up-to-date symlink: /home/hisham/BFMC/Brain_DEI/brain/install/utils/include/utils/utils/msg/detail/log__traits.hpp\n'}
[0.666276] (utils) StdoutLine: {'line': b'-- Up-to-date symlink: /home/hisham/BFMC/Brain_DEI/brain/install/utils/include/utils/utils/msg/detail/log__type_support.hpp\n'}
[0.666789] (utils) StdoutLine: {'line': b'-- Up-to-date symlink: /home/hisham/BFMC/Brain_DEI/brain/install/utils/include/utils/utils/msg/detail/semaphore__builder.hpp\n'}
[0.667300] (utils) StdoutLine: {'line': b'-- Up-to-date symlink: /home/hisham/BFMC/Brain_DEI/brain/install/utils/include/utils/utils/msg/detail/semaphore__struct.hpp\n'}
[0.667808] (utils) StdoutLine: {'line': b'-- Up-to-date symlink: /home/hisham/BFMC/Brain_DEI/brain/install/utils/include/utils/utils/msg/detail/semaphore__traits.hpp\n'}
[0.668371] (utils) StdoutLine: {'line': b'-- Up-to-date symlink: /home/hisham/BFMC/Brain_DEI/brain/install/utils/include/utils/utils/msg/detail/semaphore__type_support.hpp\n'}
[0.668899] (utils) StdoutLine: {'line': b'-- Up-to-date symlink: /home/hisham/BFMC/Brain_DEI/brain/install/utils/include/utils/utils/msg/detail/topic_info__builder.hpp\n'}
[0.669430] (utils) StdoutLine: {'line': b'-- Up-to-date symlink: /home/hisham/BFMC/Brain_DEI/brain/install/utils/include/utils/utils/msg/detail/topic_info__struct.hpp\n'}
[0.669741] (utils) StdoutLine: {'line': b'-- Up-to-date symlink: /home/hisham/BFMC/Brain_DEI/brain/install/utils/include/utils/utils/msg/detail/topic_info__traits.hpp\n'}
[0.670244] (utils) StdoutLine: {'line': b'-- Up-to-date symlink: /home/hisham/BFMC/Brain_DEI/brain/install/utils/include/utils/utils/msg/detail/topic_info__type_support.hpp\n'}
[0.670770] (utils) StdoutLine: {'line': b'-- Up-to-date symlink: /home/hisham/BFMC/Brain_DEI/brain/install/utils/include/utils/utils/msg/detail/trafficsignprediction__builder.hpp\n'}
[0.671297] (utils) StdoutLine: {'line': b'-- Up-to-date symlink: /home/hisham/BFMC/Brain_DEI/brain/install/utils/include/utils/utils/msg/detail/trafficsignprediction__struct.hpp\n'}
[0.671821] (utils) StdoutLine: {'line': b'-- Up-to-date symlink: /home/hisham/BFMC/Brain_DEI/brain/install/utils/include/utils/utils/msg/detail/trafficsignprediction__traits.hpp\n'}
[0.672529] (utils) StdoutLine: {'line': b'-- Up-to-date symlink: /home/hisham/BFMC/Brain_DEI/brain/install/utils/include/utils/utils/msg/detail/trafficsignprediction__type_support.hpp\n'}
[0.673251] (utils) StdoutLine: {'line': b'-- Up-to-date symlink: /home/hisham/BFMC/Brain_DEI/brain/install/utils/include/utils/utils/msg/detail/vehicles__builder.hpp\n'}
[0.673789] (utils) StdoutLine: {'line': b'-- Up-to-date symlink: /home/hisham/BFMC/Brain_DEI/brain/install/utils/include/utils/utils/msg/detail/vehicles__struct.hpp\n'}
[0.674344] (utils) StdoutLine: {'line': b'-- Up-to-date symlink: /home/hisham/BFMC/Brain_DEI/brain/install/utils/include/utils/utils/msg/detail/vehicles__traits.hpp\n'}
[0.674693] (utils) StdoutLine: {'line': b'-- Up-to-date symlink: /home/hisham/BFMC/Brain_DEI/brain/install/utils/include/utils/utils/msg/detail/vehicles__type_support.hpp\n'}
[0.675008] (utils) StdoutLine: {'line': b'-- Up-to-date symlink: /home/hisham/BFMC/Brain_DEI/brain/install/utils/include/utils/utils/msg/environmental.hpp\n'}
[0.675362] (utils) StdoutLine: {'line': b'-- Up-to-date symlink: /home/hisham/BFMC/Brain_DEI/brain/install/utils/include/utils/utils/msg/imu.hpp\n'}
[0.675675] (utils) StdoutLine: {'line': b'-- Up-to-date symlink: /home/hisham/BFMC/Brain_DEI/brain/install/utils/include/utils/utils/msg/localisation.hpp\n'}
[0.675989] (utils) StdoutLine: {'line': b'-- Up-to-date symlink: /home/hisham/BFMC/Brain_DEI/brain/install/utils/include/utils/utils/msg/log.hpp\n'}
[0.676341] (utils) StdoutLine: {'line': b'-- Up-to-date symlink: /home/hisham/BFMC/Brain_DEI/brain/install/utils/include/utils/utils/msg/rosidl_generator_cpp__visibility_control.hpp\n'}
[0.676661] (utils) StdoutLine: {'line': b'-- Up-to-date symlink: /home/hisham/BFMC/Brain_DEI/brain/install/utils/include/utils/utils/msg/semaphore.hpp\n'}
[0.676975] (utils) StdoutLine: {'line': b'-- Up-to-date symlink: /home/hisham/BFMC/Brain_DEI/brain/install/utils/include/utils/utils/msg/topic_info.hpp\n'}
[0.677309] (utils) StdoutLine: {'line': b'-- Up-to-date symlink: /home/hisham/BFMC/Brain_DEI/brain/install/utils/include/utils/utils/msg/trafficsignprediction.hpp\n'}
[0.677641] (utils) StdoutLine: {'line': b'-- Up-to-date symlink: /home/hisham/BFMC/Brain_DEI/brain/install/utils/include/utils/utils/msg/vehicles.hpp\n'}
[0.677959] (utils) StdoutLine: {'line': b'-- Up-to-date symlink: /home/hisham/BFMC/Brain_DEI/brain/install/utils/include/utils/utils/srv/detail/request_param__builder.hpp\n'}
[0.678298] (utils) StdoutLine: {'line': b'-- Up-to-date symlink: /home/hisham/BFMC/Brain_DEI/brain/install/utils/include/utils/utils/srv/detail/request_param__struct.hpp\n'}
[0.678633] (utils) StdoutLine: {'line': b'-- Up-to-date symlink: /home/hisham/BFMC/Brain_DEI/brain/install/utils/include/utils/utils/srv/detail/request_param__traits.hpp\n'}
[0.678948] (utils) StdoutLine: {'line': b'-- Up-to-date symlink: /home/hisham/BFMC/Brain_DEI/brain/install/utils/include/utils/utils/srv/detail/request_param__type_support.hpp\n'}
[0.679265] (utils) StdoutLine: {'line': b'-- Up-to-date symlink: /home/hisham/BFMC/Brain_DEI/brain/install/utils/include/utils/utils/srv/detail/subscribing__builder.hpp\n'}
[0.680113] (utils) StdoutLine: {'line': b'-- Up-to-date symlink: /home/hisham/BFMC/Brain_DEI/brain/install/utils/include/utils/utils/srv/detail/subscribing__struct.hpp\n'}
[0.680834] (utils) StdoutLine: {'line': b'-- Up-to-date symlink: /home/hisham/BFMC/Brain_DEI/brain/install/utils/include/utils/utils/srv/detail/subscribing__traits.hpp\n'}
[0.681558] (utils) StdoutLine: {'line': b'-- Up-to-date symlink: /home/hisham/BFMC/Brain_DEI/brain/install/utils/include/utils/utils/srv/detail/subscribing__type_support.hpp\n'}
[0.682254] (utils) StdoutLine: {'line': b'-- Up-to-date symlink: /home/hisham/BFMC/Brain_DEI/brain/install/utils/include/utils/utils/srv/request_param.hpp\n'}
[0.682718] (utils) StdoutLine: {'line': b'-- Up-to-date symlink: /home/hisham/BFMC/Brain_DEI/brain/install/utils/include/utils/utils/srv/subscribing.hpp\n'}
[0.683664] (utils) StdoutLine: {'line': b'-- Up-to-date symlink: /home/hisham/BFMC/Brain_DEI/brain/install/utils/include/utils/utils/msg/detail/conditions__rosidl_typesupport_fastrtps_cpp.hpp\n'}
[0.684116] (utils) StdoutLine: {'line': b'-- Up-to-date symlink: /home/hisham/BFMC/Brain_DEI/brain/install/utils/include/utils/utils/msg/detail/environmental__rosidl_typesupport_fastrtps_cpp.hpp\n'}
[0.684566] (utils) StdoutLine: {'line': b'-- Up-to-date symlink: /home/hisham/BFMC/Brain_DEI/brain/install/utils/include/utils/utils/msg/detail/imu__rosidl_typesupport_fastrtps_cpp.hpp\n'}
[0.685084] (utils) StdoutLine: {'line': b'-- Up-to-date symlink: /home/hisham/BFMC/Brain_DEI/brain/install/utils/include/utils/utils/msg/detail/localisation__rosidl_typesupport_fastrtps_cpp.hpp\n'}
[0.685537] (utils) StdoutLine: {'line': b'-- Up-to-date symlink: /home/hisham/BFMC/Brain_DEI/brain/install/utils/include/utils/utils/msg/detail/log__rosidl_typesupport_fastrtps_cpp.hpp\n'}
[0.686057] (utils) StdoutLine: {'line': b'-- Up-to-date symlink: /home/hisham/BFMC/Brain_DEI/brain/install/utils/include/utils/utils/msg/detail/semaphore__rosidl_typesupport_fastrtps_cpp.hpp\n'}
[0.686382] (utils) StdoutLine: {'line': b'-- Up-to-date symlink: /home/hisham/BFMC/Brain_DEI/brain/install/utils/include/utils/utils/msg/detail/topic_info__rosidl_typesupport_fastrtps_cpp.hpp\n'}
[0.686707] (utils) StdoutLine: {'line': b'-- Up-to-date symlink: /home/hisham/BFMC/Brain_DEI/brain/install/utils/include/utils/utils/msg/detail/trafficsignprediction__rosidl_typesupport_fastrtps_cpp.hpp\n'}
[0.687031] (utils) StdoutLine: {'line': b'-- Up-to-date symlink: /home/hisham/BFMC/Brain_DEI/brain/install/utils/include/utils/utils/msg/detail/vehicles__rosidl_typesupport_fastrtps_cpp.hpp\n'}
[0.687353] (utils) StdoutLine: {'line': b'-- Up-to-date symlink: /home/hisham/BFMC/Brain_DEI/brain/install/utils/include/utils/utils/msg/rosidl_typesupport_fastrtps_cpp__visibility_control.h\n'}
[0.687674] (utils) StdoutLine: {'line': b'-- Up-to-date symlink: /home/hisham/BFMC/Brain_DEI/brain/install/utils/include/utils/utils/srv/detail/request_param__rosidl_typesupport_fastrtps_cpp.hpp\n'}
[0.687995] (utils) StdoutLine: {'line': b'-- Up-to-date symlink: /home/hisham/BFMC/Brain_DEI/brain/install/utils/include/utils/utils/srv/detail/subscribing__rosidl_typesupport_fastrtps_cpp.hpp\n'}
[0.688584] (utils) StdoutLine: {'line': b'-- Up-to-date symlink: /home/hisham/BFMC/Brain_DEI/brain/install/utils/include/utils/utils/msg/detail/conditions__rosidl_typesupport_introspection_cpp.hpp\n'}
[0.688910] (utils) StdoutLine: {'line': b'-- Up-to-date symlink: /home/hisham/BFMC/Brain_DEI/brain/install/utils/include/utils/utils/msg/detail/environmental__rosidl_typesupport_introspection_cpp.hpp\n'}
[0.689236] (utils) StdoutLine: {'line': b'-- Up-to-date symlink: /home/hisham/BFMC/Brain_DEI/brain/install/utils/include/utils/utils/msg/detail/imu__rosidl_typesupport_introspection_cpp.hpp\n'}
[0.689750] (utils) StdoutLine: {'line': b'-- Up-to-date symlink: /home/hisham/BFMC/Brain_DEI/brain/install/utils/include/utils/utils/msg/detail/localisation__rosidl_typesupport_introspection_cpp.hpp\n'}
[0.690266] (utils) StdoutLine: {'line': b'-- Up-to-date symlink: /home/hisham/BFMC/Brain_DEI/brain/install/utils/include/utils/utils/msg/detail/log__rosidl_typesupport_introspection_cpp.hpp\n'}
[0.690788] (utils) StdoutLine: {'line': b'-- Up-to-date symlink: /home/hisham/BFMC/Brain_DEI/brain/install/utils/include/utils/utils/msg/detail/semaphore__rosidl_typesupport_introspection_cpp.hpp\n'}
[0.691114] (utils) StdoutLine: {'line': b'-- Up-to-date symlink: /home/hisham/BFMC/Brain_DEI/brain/install/utils/include/utils/utils/msg/detail/topic_info__rosidl_typesupport_introspection_cpp.hpp\n'}
[0.691434] (utils) StdoutLine: {'line': b'-- Up-to-date symlink: /home/hisham/BFMC/Brain_DEI/brain/install/utils/include/utils/utils/msg/detail/trafficsignprediction__rosidl_typesupport_introspection_cpp.hpp\n'}
[0.691753] (utils) StdoutLine: {'line': b'-- Up-to-date symlink: /home/hisham/BFMC/Brain_DEI/brain/install/utils/include/utils/utils/msg/detail/vehicles__rosidl_typesupport_introspection_cpp.hpp\n'}
[0.692071] (utils) StdoutLine: {'line': b'-- Up-to-date symlink: /home/hisham/BFMC/Brain_DEI/brain/install/utils/include/utils/utils/srv/detail/request_param__rosidl_typesupport_introspection_cpp.hpp\n'}
[0.692390] (utils) StdoutLine: {'line': b'-- Up-to-date symlink: /home/hisham/BFMC/Brain_DEI/brain/install/utils/include/utils/utils/srv/detail/subscribing__rosidl_typesupport_introspection_cpp.hpp\n'}
[0.692851] (utils) StdoutLine: {'line': b'-- Up-to-date symlink: /home/hisham/BFMC/Brain_DEI/brain/install/utils/share/utils/environment/pythonpath.sh\n'}
[0.693311] (utils) StdoutLine: {'line': b'-- Up-to-date symlink: /home/hisham/BFMC/Brain_DEI/brain/install/utils/share/utils/environment/pythonpath.dsv\n'}
[0.694381] (utils) StdoutLine: {'line': b'-- Up-to-date symlink: /home/hisham/BFMC/Brain_DEI/brain/install/utils/lib/python3.12/site-packages/utils-0.0.0-py3.12.egg-info/PKG-INFO\n'}
[0.694643] (utils) StdoutLine: {'line': b'-- Up-to-date symlink: /home/hisham/BFMC/Brain_DEI/brain/install/utils/lib/python3.12/site-packages/utils-0.0.0-py3.12.egg-info/SOURCES.txt\n'}
[0.694892] (utils) StdoutLine: {'line': b'-- Up-to-date symlink: /home/hisham/BFMC/Brain_DEI/brain/install/utils/lib/python3.12/site-packages/utils-0.0.0-py3.12.egg-info/dependency_links.txt\n'}
[0.695145] (utils) StdoutLine: {'line': b'-- Up-to-date symlink: /home/hisham/BFMC/Brain_DEI/brain/install/utils/lib/python3.12/site-packages/utils-0.0.0-py3.12.egg-info/top_level.txt\n'}
[0.696020] (utils) StdoutLine: {'line': b'-- Up-to-date symlink: /home/hisham/BFMC/Brain_DEI/brain/install/utils/lib/python3.12/site-packages/utils/__init__.py\n'}
[0.696276] (utils) StdoutLine: {'line': b'-- Up-to-date symlink: /home/hisham/BFMC/Brain_DEI/brain/install/utils/lib/python3.12/site-packages/utils/_utils_s.ep.rosidl_typesupport_c.c\n'}
[0.696532] (utils) StdoutLine: {'line': b'-- Up-to-date symlink: /home/hisham/BFMC/Brain_DEI/brain/install/utils/lib/python3.12/site-packages/utils/_utils_s.ep.rosidl_typesupport_fastrtps_c.c\n'}
[0.696782] (utils) StdoutLine: {'line': b'-- Up-to-date symlink: /home/hisham/BFMC/Brain_DEI/brain/install/utils/lib/python3.12/site-packages/utils/_utils_s.ep.rosidl_typesupport_introspection_c.c\n'}
[0.697209] (utils) StdoutLine: {'line': b'-- Up-to-date symlink: /home/hisham/BFMC/Brain_DEI/brain/install/utils/lib/python3.12/site-packages/utils/msg/__init__.py\n'}
[0.697459] (utils) StdoutLine: {'line': b'-- Up-to-date symlink: /home/hisham/BFMC/Brain_DEI/brain/install/utils/lib/python3.12/site-packages/utils/msg/_conditions.py\n'}
[0.697707] (utils) StdoutLine: {'line': b'-- Up-to-date symlink: /home/hisham/BFMC/Brain_DEI/brain/install/utils/lib/python3.12/site-packages/utils/msg/_conditions_s.c\n'}
[0.697958] (utils) StdoutLine: {'line': b'-- Up-to-date symlink: /home/hisham/BFMC/Brain_DEI/brain/install/utils/lib/python3.12/site-packages/utils/msg/_environmental.py\n'}
[0.698205] (utils) StdoutLine: {'line': b'-- Up-to-date symlink: /home/hisham/BFMC/Brain_DEI/brain/install/utils/lib/python3.12/site-packages/utils/msg/_environmental_s.c\n'}
[0.698454] (utils) StdoutLine: {'line': b'-- Up-to-date symlink: /home/hisham/BFMC/Brain_DEI/brain/install/utils/lib/python3.12/site-packages/utils/msg/_imu.py\n'}
[0.698703] (utils) StdoutLine: {'line': b'-- Up-to-date symlink: /home/hisham/BFMC/Brain_DEI/brain/install/utils/lib/python3.12/site-packages/utils/msg/_imu_s.c\n'}
[0.698950] (utils) StdoutLine: {'line': b'-- Up-to-date symlink: /home/hisham/BFMC/Brain_DEI/brain/install/utils/lib/python3.12/site-packages/utils/msg/_localisation.py\n'}
[0.699196] (utils) StdoutLine: {'line': b'-- Up-to-date symlink: /home/hisham/BFMC/Brain_DEI/brain/install/utils/lib/python3.12/site-packages/utils/msg/_localisation_s.c\n'}
[0.699569] (utils) StdoutLine: {'line': b'-- Up-to-date symlink: /home/hisham/BFMC/Brain_DEI/brain/install/utils/lib/python3.12/site-packages/utils/msg/_log.py\n'}
[0.699938] (utils) StdoutLine: {'line': b'-- Up-to-date symlink: /home/hisham/BFMC/Brain_DEI/brain/install/utils/lib/python3.12/site-packages/utils/msg/_log_s.c\n'}
[0.700144] (utils) StdoutLine: {'line': b'-- Up-to-date symlink: /home/hisham/BFMC/Brain_DEI/brain/install/utils/lib/python3.12/site-packages/utils/msg/_semaphore.py\n'}
[0.700466] (utils) StdoutLine: {'line': b'-- Up-to-date symlink: /home/hisham/BFMC/Brain_DEI/brain/install/utils/lib/python3.12/site-packages/utils/msg/_semaphore_s.c\n'}
[0.700789] (utils) StdoutLine: {'line': b'-- Up-to-date symlink: /home/hisham/BFMC/Brain_DEI/brain/install/utils/lib/python3.12/site-packages/utils/msg/_topic_info.py\n'}
[0.700850] (-) TimerEvent: {}
[0.701123] (utils) StdoutLine: {'line': b'-- Up-to-date symlink: /home/hisham/BFMC/Brain_DEI/brain/install/utils/lib/python3.12/site-packages/utils/msg/_topic_info_s.c\n'}
[0.701483] (utils) StdoutLine: {'line': b'-- Up-to-date symlink: /home/hisham/BFMC/Brain_DEI/brain/install/utils/lib/python3.12/site-packages/utils/msg/_trafficsignprediction.py\n'}
[0.701802] (utils) StdoutLine: {'line': b'-- Up-to-date symlink: /home/hisham/BFMC/Brain_DEI/brain/install/utils/lib/python3.12/site-packages/utils/msg/_trafficsignprediction_s.c\n'}
[0.702166] (utils) StdoutLine: {'line': b'-- Up-to-date symlink: /home/hisham/BFMC/Brain_DEI/brain/install/utils/lib/python3.12/site-packages/utils/msg/_vehicles.py\n'}
[0.702532] (utils) StdoutLine: {'line': b'-- Up-to-date symlink: /home/hisham/BFMC/Brain_DEI/brain/install/utils/lib/python3.12/site-packages/utils/msg/_vehicles_s.c\n'}
[0.702893] (utils) StdoutLine: {'line': b'-- Up-to-date symlink: /home/hisham/BFMC/Brain_DEI/brain/install/utils/lib/python3.12/site-packages/utils/srv/__init__.py\n'}
[0.703062] (utils) StdoutLine: {'line': b'-- Up-to-date symlink: /home/hisham/BFMC/Brain_DEI/brain/install/utils/lib/python3.12/site-packages/utils/srv/_request_param.py\n'}
[0.703264] (utils) StdoutLine: {'line': b'-- Up-to-date symlink: /home/hisham/BFMC/Brain_DEI/brain/install/utils/lib/python3.12/site-packages/utils/srv/_request_param_s.c\n'}
[0.703573] (utils) StdoutLine: {'line': b'-- Up-to-date symlink: /home/hisham/BFMC/Brain_DEI/brain/install/utils/lib/python3.12/site-packages/utils/srv/_subscribing.py\n'}
[0.703794] (utils) StdoutLine: {'line': b'-- Up-to-date symlink: /home/hisham/BFMC/Brain_DEI/brain/install/utils/lib/python3.12/site-packages/utils/srv/_subscribing_s.c\n'}
[0.703990] (utils) StdoutLine: {'line': b'-- Up-to-date symlink: /home/hisham/BFMC/Brain_DEI/brain/install/utils/lib/python3.12/site-packages/utils/utils_s__rosidl_typesupport_c.so\n'}
[0.704302] (utils) StdoutLine: {'line': b'-- Up-to-date symlink: /home/hisham/BFMC/Brain_DEI/brain/install/utils/lib/python3.12/site-packages/utils/utils_s__rosidl_typesupport_fastrtps_c.so\n'}
[0.704519] (utils) StdoutLine: {'line': b'-- Up-to-date symlink: /home/hisham/BFMC/Brain_DEI/brain/install/utils/lib/python3.12/site-packages/utils/utils_s__rosidl_typesupport_introspection_c.so\n'}
[0.704966] (utils) StdoutLine: {'line': b'-- Up-to-date symlink: /home/hisham/BFMC/Brain_DEI/brain/install/utils/lib/python3.12/site-packages/utils/utils_s__rosidl_typesupport_fastrtps_c.so\n'}
[0.705430] (utils) StdoutLine: {'line': b'-- Up-to-date symlink: /home/hisham/BFMC/Brain_DEI/brain/install/utils/lib/python3.12/site-packages/utils/utils_s__rosidl_typesupport_introspection_c.so\n'}
[0.705848] (utils) StdoutLine: {'line': b'-- Up-to-date symlink: /home/hisham/BFMC/Brain_DEI/brain/install/utils/lib/python3.12/site-packages/utils/utils_s__rosidl_typesupport_c.so\n'}
[0.706151] (utils) StdoutLine: {'line': b'-- Up-to-date symlink: /home/hisham/BFMC/Brain_DEI/brain/install/utils/share/utils/msg/IMU.idl\n'}
[0.706509] (utils) StdoutLine: {'line': b'-- Up-to-date symlink: /home/hisham/BFMC/Brain_DEI/brain/install/utils/share/utils/msg/Localisation.idl\n'}
[0.706830] (utils) StdoutLine: {'line': b'-- Up-to-date symlink: /home/hisham/BFMC/Brain_DEI/brain/install/utils/share/utils/msg/Vehicles.idl\n'}
[0.707103] (utils) StdoutLine: {'line': b'-- Up-to-date symlink: /home/hisham/BFMC/Brain_DEI/brain/install/utils/share/utils/msg/Environmental.idl\n'}
[0.707429] (utils) StdoutLine: {'line': b'-- Up-to-date symlink: /home/hisham/BFMC/Brain_DEI/brain/install/utils/share/utils/msg/Log.idl\n'}
[0.707713] (utils) StdoutLine: {'line': b'-- Up-to-date symlink: /home/hisham/BFMC/Brain_DEI/brain/install/utils/share/utils/msg/TopicInfo.idl\n'}
[0.707995] (utils) StdoutLine: {'line': b'-- Up-to-date symlink: /home/hisham/BFMC/Brain_DEI/brain/install/utils/share/utils/msg/Semaphore.idl\n'}
[0.708238] (utils) StdoutLine: {'line': b'-- Up-to-date symlink: /home/hisham/BFMC/Brain_DEI/brain/install/utils/share/utils/msg/Conditions.idl\n'}
[0.708602] (utils) StdoutLine: {'line': b'-- Up-to-date symlink: /home/hisham/BFMC/Brain_DEI/brain/install/utils/share/utils/msg/Trafficsignprediction.idl\n'}
[0.709010] (utils) StdoutLine: {'line': b'-- Up-to-date symlink: /home/hisham/BFMC/Brain_DEI/brain/install/utils/share/utils/srv/Subscribing.idl\n'}
[0.709436] (utils) StdoutLine: {'line': b'-- Up-to-date symlink: /home/hisham/BFMC/Brain_DEI/brain/install/utils/share/utils/srv/RequestParam.idl\n'}
[0.709555] (utils) StdoutLine: {'line': b'-- Up-to-date symlink: /home/hisham/BFMC/Brain_DEI/brain/install/utils/share/utils/msg/IMU.msg\n'}
[0.709956] (utils) StdoutLine: {'line': b'-- Up-to-date symlink: /home/hisham/BFMC/Brain_DEI/brain/install/utils/share/utils/msg/Localisation.msg\n'}
[0.710403] (utils) StdoutLine: {'line': b'-- Up-to-date symlink: /home/hisham/BFMC/Brain_DEI/brain/install/utils/share/utils/msg/Vehicles.msg\n'}
[0.710770] (utils) StdoutLine: {'line': b'-- Up-to-date symlink: /home/hisham/BFMC/Brain_DEI/brain/install/utils/share/utils/msg/Environmental.msg\n'}
[0.710893] (utils) StdoutLine: {'line': b'-- Up-to-date symlink: /home/hisham/BFMC/Brain_DEI/brain/install/utils/share/utils/msg/Log.msg\n'}
[0.711177] (utils) StdoutLine: {'line': b'-- Up-to-date symlink: /home/hisham/BFMC/Brain_DEI/brain/install/utils/share/utils/msg/TopicInfo.msg\n'}
[0.711597] (utils) StdoutLine: {'line': b'-- Up-to-date symlink: /home/hisham/BFMC/Brain_DEI/brain/install/utils/share/utils/msg/Semaphore.msg\n'}
[0.712035] (utils) StdoutLine: {'line': b'-- Up-to-date symlink: /home/hisham/BFMC/Brain_DEI/brain/install/utils/share/utils/msg/Conditions.msg\n'}
[0.712440] (utils) StdoutLine: {'line': b'-- Up-to-date symlink: /home/hisham/BFMC/Brain_DEI/brain/install/utils/share/utils/msg/Trafficsignprediction.msg\n'}
[0.712752] (utils) StdoutLine: {'line': b'-- Up-to-date symlink: /home/hisham/BFMC/Brain_DEI/brain/install/utils/share/utils/srv/Subscribing.srv\n'}
[0.713033] (utils) StdoutLine: {'line': b'-- Up-to-date symlink: /home/hisham/BFMC/Brain_DEI/brain/install/utils/share/utils/srv/RequestParam.srv\n'}
[0.713539] (utils) StdoutLine: {'line': b'-- Up-to-date symlink: /home/hisham/BFMC/Brain_DEI/brain/install/utils/share/utils/launch/run_automobile.launch.py\n'}
[0.713938] (utils) StdoutLine: {'line': b'-- Up-to-date symlink: /home/hisham/BFMC/Brain_DEI/brain/install/utils/share/ament_index/resource_index/package_run_dependencies/utils\n'}
[0.714376] (utils) StdoutLine: {'line': b'-- Up-to-date symlink: /home/hisham/BFMC/Brain_DEI/brain/install/utils/share/ament_index/resource_index/parent_prefix_path/utils\n'}
[0.714664] (utils) StdoutLine: {'line': b'-- Up-to-date symlink: /home/hisham/BFMC/Brain_DEI/brain/install/utils/share/utils/environment/ament_prefix_path.sh\n'}
[0.714946] (utils) StdoutLine: {'line': b'-- Up-to-date symlink: /home/hisham/BFMC/Brain_DEI/brain/install/utils/share/utils/environment/ament_prefix_path.dsv\n'}
[0.715233] (utils) StdoutLine: {'line': b'-- Up-to-date symlink: /home/hisham/BFMC/Brain_DEI/brain/install/utils/share/utils/environment/path.sh\n'}
[0.715552] (utils) StdoutLine: {'line': b'-- Up-to-date symlink: /home/hisham/BFMC/Brain_DEI/brain/install/utils/share/utils/environment/path.dsv\n'}
[0.715832] (utils) StdoutLine: {'line': b'-- Up-to-date symlink: /home/hisham/BFMC/Brain_DEI/brain/install/utils/share/utils/local_setup.bash\n'}
[0.716113] (utils) StdoutLine: {'line': b'-- Up-to-date symlink: /home/hisham/BFMC/Brain_DEI/brain/install/utils/share/utils/local_setup.sh\n'}
[0.716391] (utils) StdoutLine: {'line': b'-- Up-to-date symlink: /home/hisham/BFMC/Brain_DEI/brain/install/utils/share/utils/local_setup.zsh\n'}
[0.716671] (utils) StdoutLine: {'line': b'-- Up-to-date symlink: /home/hisham/BFMC/Brain_DEI/brain/install/utils/share/utils/local_setup.dsv\n'}
[0.716763] (utils) StdoutLine: {'line': b'-- Symlinking: /home/hisham/BFMC/Brain_DEI/brain/install/utils/share/utils/package.dsv\n'}
[0.724319] (utils) StdoutLine: {'line': b'-- Up-to-date symlink: /home/hisham/BFMC/Brain_DEI/brain/install/utils/share/ament_index/resource_index/packages/utils\n'}
[0.724796] (utils) StdoutLine: {'line': b'-- Up-to-date symlink: /home/hisham/BFMC/Brain_DEI/brain/install/utils/share/utils/cmake/rosidl_cmake-extras.cmake\n'}
[0.725123] (utils) StdoutLine: {'line': b'-- Up-to-date symlink: /home/hisham/BFMC/Brain_DEI/brain/install/utils/share/utils/cmake/ament_cmake_export_dependencies-extras.cmake\n'}
[0.725521] (utils) StdoutLine: {'line': b'-- Up-to-date symlink: /home/hisham/BFMC/Brain_DEI/brain/install/utils/share/utils/cmake/ament_cmake_export_include_directories-extras.cmake\n'}
[0.725871] (utils) StdoutLine: {'line': b'-- Up-to-date symlink: /home/hisham/BFMC/Brain_DEI/brain/install/utils/share/utils/cmake/ament_cmake_export_libraries-extras.cmake\n'}
[0.726158] (utils) StdoutLine: {'line': b'-- Up-to-date symlink: /home/hisham/BFMC/Brain_DEI/brain/install/utils/share/utils/cmake/ament_cmake_export_targets-extras.cmake\n'}
[0.726581] (utils) StdoutLine: {'line': b'-- Up-to-date symlink: /home/hisham/BFMC/Brain_DEI/brain/install/utils/share/utils/cmake/rosidl_cmake_export_typesupport_targets-extras.cmake\n'}
[0.726938] (utils) StdoutLine: {'line': b'-- Up-to-date symlink: /home/hisham/BFMC/Brain_DEI/brain/install/utils/share/utils/cmake/rosidl_cmake_export_typesupport_libraries-extras.cmake\n'}
[0.727225] (utils) StdoutLine: {'line': b'-- Up-to-date symlink: /home/hisham/BFMC/Brain_DEI/brain/install/utils/share/utils/cmake/utilsConfig.cmake\n'}
[0.727647] (utils) StdoutLine: {'line': b'-- Up-to-date symlink: /home/hisham/BFMC/Brain_DEI/brain/install/utils/share/utils/cmake/utilsConfig-version.cmake\n'}
[0.727839] (utils) StdoutLine: {'line': b'-- Up-to-date symlink: /home/hisham/BFMC/Brain_DEI/brain/install/utils/share/utils/package.xml\n'}
[0.730121] (utils) StdoutLine: {'line': b'-- Up-to-date: /home/hisham/BFMC/Brain_DEI/brain/install/utils/lib/libutils__rosidl_generator_c.so\n'}
[0.730833] (utils) StdoutLine: {'line': b'-- Up-to-date: /home/hisham/BFMC/Brain_DEI/brain/install/utils/lib/libutils__rosidl_typesupport_fastrtps_c.so\n'}
[0.731632] (utils) StdoutLine: {'line': b'-- Up-to-date: /home/hisham/BFMC/Brain_DEI/brain/install/utils/lib/libutils__rosidl_typesupport_introspection_c.so\n'}
[0.733298] (utils) StdoutLine: {'line': b'-- Up-to-date: /home/hisham/BFMC/Brain_DEI/brain/install/utils/lib/libutils__rosidl_typesupport_c.so\n'}
[0.733997] (utils) StdoutLine: {'line': b'-- Up-to-date: /home/hisham/BFMC/Brain_DEI/brain/install/utils/lib/libutils__rosidl_typesupport_fastrtps_cpp.so\n'}
[0.735546] (utils) StdoutLine: {'line': b'-- Up-to-date: /home/hisham/BFMC/Brain_DEI/brain/install/utils/lib/libutils__rosidl_typesupport_introspection_cpp.so\n'}
[0.736371] (utils) StdoutLine: {'line': b'-- Up-to-date: /home/hisham/BFMC/Brain_DEI/brain/install/utils/lib/libutils__rosidl_typesupport_cpp.so\n'}
[0.768590] (utils) StdoutLine: {'line': b"Listing '/home/hisham/BFMC/Brain_DEI/brain/install/utils/lib/python3.12/site-packages/utils'...\n"}
[0.768712] (utils) StdoutLine: {'line': b"Listing '/home/hisham/BFMC/Brain_DEI/brain/install/utils/lib/python3.12/site-packages/utils/msg'...\n"}
[0.768774] (utils) StdoutLine: {'line': b"Listing '/home/hisham/BFMC/Brain_DEI/brain/install/utils/lib/python3.12/site-packages/utils/srv'...\n"}
[0.773183] (utils) StdoutLine: {'line': b'-- Up-to-date: /home/hisham/BFMC/Brain_DEI/brain/install/utils/lib/libutils__rosidl_generator_py.so\n'}
[0.774082] (utils) StdoutLine: {'line': b'-- Up-to-date: /home/hisham/BFMC/Brain_DEI/brain/install/utils/share/utils/cmake/export_utils__rosidl_generator_cExport.cmake\n'}
[0.774192] (utils) StdoutLine: {'line': b'-- Up-to-date: /home/hisham/BFMC/Brain_DEI/brain/install/utils/share/utils/cmake/export_utils__rosidl_generator_cExport-noconfig.cmake\n'}
[0.774549] (utils) StdoutLine: {'line': b'-- Up-to-date: /home/hisham/BFMC/Brain_DEI/brain/install/utils/share/utils/cmake/export_utils__rosidl_typesupport_fastrtps_cExport.cmake\n'}
[0.774641] (utils) StdoutLine: {'line': b'-- Up-to-date: /home/hisham/BFMC/Brain_DEI/brain/install/utils/share/utils/cmake/export_utils__rosidl_typesupport_fastrtps_cExport-noconfig.cmake\n'}
[0.775008] (utils) StdoutLine: {'line': b'-- Up-to-date: /home/hisham/BFMC/Brain_DEI/brain/install/utils/share/utils/cmake/utils__rosidl_typesupport_introspection_cExport.cmake\n'}
[0.775091] (utils) StdoutLine: {'line': b'-- Up-to-date: /home/hisham/BFMC/Brain_DEI/brain/install/utils/share/utils/cmake/utils__rosidl_typesupport_introspection_cExport-noconfig.cmake\n'}
[0.775593] (utils) StdoutLine: {'line': b'-- Up-to-date: /home/hisham/BFMC/Brain_DEI/brain/install/utils/share/utils/cmake/utils__rosidl_typesupport_cExport.cmake\n'}
[0.775681] (utils) StdoutLine: {'line': b'-- Up-to-date: /home/hisham/BFMC/Brain_DEI/brain/install/utils/share/utils/cmake/utils__rosidl_typesupport_cExport-noconfig.cmake\n'}
[0.776060] (utils) StdoutLine: {'line': b'-- Up-to-date: /home/hisham/BFMC/Brain_DEI/brain/install/utils/share/utils/cmake/export_utils__rosidl_generator_cppExport.cmake\n'}
[0.776565] (utils) StdoutLine: {'line': b'-- Up-to-date: /home/hisham/BFMC/Brain_DEI/brain/install/utils/share/utils/cmake/export_utils__rosidl_typesupport_fastrtps_cppExport.cmake\n'}
[0.776653] (utils) StdoutLine: {'line': b'-- Up-to-date: /home/hisham/BFMC/Brain_DEI/brain/install/utils/share/utils/cmake/export_utils__rosidl_typesupport_fastrtps_cppExport-noconfig.cmake\n'}
[0.777035] (utils) StdoutLine: {'line': b'-- Up-to-date: /home/hisham/BFMC/Brain_DEI/brain/install/utils/share/utils/cmake/utils__rosidl_typesupport_introspection_cppExport.cmake\n'}
[0.777117] (utils) StdoutLine: {'line': b'-- Up-to-date: /home/hisham/BFMC/Brain_DEI/brain/install/utils/share/utils/cmake/utils__rosidl_typesupport_introspection_cppExport-noconfig.cmake\n'}
[0.777540] (utils) StdoutLine: {'line': b'-- Up-to-date: /home/hisham/BFMC/Brain_DEI/brain/install/utils/share/utils/cmake/utils__rosidl_typesupport_cppExport.cmake\n'}
[0.777628] (utils) StdoutLine: {'line': b'-- Up-to-date: /home/hisham/BFMC/Brain_DEI/brain/install/utils/share/utils/cmake/utils__rosidl_typesupport_cppExport-noconfig.cmake\n'}
[0.777854] (utils) StdoutLine: {'line': b'-- Up-to-date: /home/hisham/BFMC/Brain_DEI/brain/install/utils/share/utils/cmake/export_utils__rosidl_generator_pyExport.cmake\n'}
[0.777936] (utils) StdoutLine: {'line': b'-- Up-to-date: /home/hisham/BFMC/Brain_DEI/brain/install/utils/share/utils/cmake/export_utils__rosidl_generator_pyExport-noconfig.cmake\n'}
[0.779813] (utils) CommandEnded: {'returncode': 0}
[0.800952] (-) TimerEvent: {}
[0.802231] (utils) JobEnded: {'identifier': 'utils', 'rc': 0}
[0.803043] (input) JobStarted: {'identifier': 'input'}
[0.807648] (output) JobStarted: {'identifier': 'output'}
[0.812971] (unix_out) JobStarted: {'identifier': 'unix_out'}
[0.901075] (-) TimerEvent: {}
[1.001324] (-) TimerEvent: {}
[1.101544] (-) TimerEvent: {}
[1.201776] (-) TimerEvent: {}
[1.301970] (-) TimerEvent: {}
[1.402238] (-) TimerEvent: {}
[1.502530] (-) TimerEvent: {}
[1.602764] (-) TimerEvent: {}
[1.702996] (-) TimerEvent: {}
[1.803226] (-) TimerEvent: {}
[1.903430] (-) TimerEvent: {}
[2.003641] (-) TimerEvent: {}
[2.103856] (-) TimerEvent: {}
[2.204097] (-) TimerEvent: {}
[2.297158] (unix_out) Command: {'cmd': ['/usr/bin/python3', '-W', 'ignore:setup.py install is deprecated', '-W', 'ignore:easy_install command is deprecated', 'setup.py', 'egg_info', '--egg-base', '../../build/unix_out', 'build', '--build-base', '/home/hisham/BFMC/Brain_DEI/brain/build/unix_out/build', 'install', '--record', '/home/hisham/BFMC/Brain_DEI/brain/build/unix_out/install.log', '--single-version-externally-managed', 'install_data'], 'cwd': '/home/hisham/BFMC/Brain_DEI/brain/src/unix_out', 'env': {'LESSOPEN': '| /usr/bin/lesspipe %s', 'GZ_SIM_RESOURCE_PATH': '/opt/ros/jazzy/share', 'USER': 'hisham', 'GZ_CONFIG_PATH': '/opt/ros/jazzy/opt/gz_sim_vendor/share/gz:/opt/ros/jazzy/opt/sdformat_vendor/share/gz:/opt/ros/jazzy/opt/gz_gui_vendor/share/gz:/opt/ros/jazzy/opt/gz_transport_vendor/share/gz:/opt/ros/jazzy/opt/gz_rendering_vendor/share/gz:/opt/ros/jazzy/opt/gz_plugin_vendor/share/gz:/opt/ros/jazzy/opt/gz_fuel_tools_vendor/share/gz:/opt/ros/jazzy/opt/gz_msgs_vendor/share/gz:/opt/ros/jazzy/opt/gz_common_vendor/share/gz', 'XDG_SESSION_TYPE': 'x11', 'STM32CubeMX_PATH': '/home/hisham/STM32CubeMX', 'SHLVL': '1', 'LD_LIBRARY_PATH': '/home/hisham/BFMC/Brain_DEI/brain/install/utils/lib:/opt/ros/jazzy/opt/zenoh_cpp_vendor/lib:/opt/ros/jazzy/opt/gz_sim_vendor/lib:/opt/ros/jazzy/opt/gz_sensors_vendor/lib:/opt/ros/jazzy/opt/gz_physics_vendor/lib:/opt/ros/jazzy/opt/sdformat_vendor/lib:/opt/ros/jazzy/opt/rviz_ogre_vendor/lib:/opt/ros/jazzy/lib/x86_64-linux-gnu:/opt/ros/jazzy/opt/gz_gui_vendor/lib:/opt/ros/jazzy/opt/gz_transport_vendor/lib:/opt/ros/jazzy/opt/gz_rendering_vendor/lib:/opt/ros/jazzy/opt/gz_plugin_vendor/lib:/opt/ros/jazzy/opt/gz_fuel_tools_vendor/lib:/opt/ros/jazzy/opt/gz_msgs_vendor/lib:/opt/ros/jazzy/opt/gz_common_vendor/lib:/opt/ros/jazzy/opt/gz_math_vendor/lib:/opt/ros/jazzy/opt/gz_utils_vendor/lib:/opt/ros/jazzy/opt/gz_tools_vendor/lib:/opt/ros/jazzy/opt/gz_ogre_next_vendor/lib:/opt/ros/jazzy/opt/gz_dartsim_vendor/lib:/opt/ros/jazzy/opt/gz_cmake_vendor/lib:/opt/ros/jazzy/lib:/home/hisham/acados_ws/acados/lib', 'HOME': '/home/hisham', 'OLDPWD': '/home/hisham/BFMC/Brain_DEI', 'DESKTOP_SESSION': 'ubuntu', 'ROS_PYTHON_VERSION': '3', 'GNOME_SHELL_SESSION_MODE': 'ubuntu', 'GTK_MODULES': 'gail:atk-bridge', 'DBUS_STARTER_BUS_TYPE': 'session', 'SYSTEMD_EXEC_PID': '3010', 'GSM_SKIP_SSH_AGENT_WORKAROUND': 'true', 'DBUS_SESSION_BUS_ADDRESS': 'unix:path=/run/user/1000/bus,guid=34fd7da4f4a81523c877782769f1285b', 'COLORTERM': 'truecolor', 'DEBUGINFOD_URLS': 'https://debuginfod.ubuntu.com', 'ROS_DISTRO': 'jazzy', 'LOGNAME': 'hisham', '_': '/usr/bin/colcon', 'ROS_VERSION': '2', 'MEMORY_PRESSURE_WATCH': '/sys/fs/cgroup/user.slice/user-1000.slice/user@1000.service/app.slice/app-gnome\\x2dsession\\x2dmanager.slice/gnome-session-manager@ubuntu.service/memory.pressure', 'XDG_SESSION_CLASS': 'user', 'USERNAME': 'hisham', 'TERM': 'xterm-256color', 'GNOME_DESKTOP_SESSION_ID': 'this-is-deprecated', 'WINDOWPATH': '2', 'PATH': '/opt/ros/jazzy/opt/gz_msgs_vendor/bin:/opt/ros/jazzy/opt/gz_tools_vendor/bin:/opt/ros/jazzy/opt/gz_ogre_next_vendor/bin:/opt/ros/jazzy/bin:/home/hisham/miniconda3/bin:/home/hisham/.local/bin:/usr/local/sbin:/usr/local/bin:/usr/sbin:/usr/bin:/sbin:/bin:/usr/games:/usr/local/games:/snap/bin:/snap/bin', 'SESSION_MANAGER': 'local/hisham-IdeaPad-Gaming-3-15IMH05:@/tmp/.ICE-unix/3010,unix/hisham-IdeaPad-Gaming-3-15IMH05:/tmp/.ICE-unix/3010', 'XDG_MENU_PREFIX': 'gnome-', 'GNOME_TERMINAL_SCREEN': '/org/gnome/Terminal/screen/ca7c3419_8977_4068_946f_fdc1c080dbf7', 'XDG_RUNTIME_DIR': '/run/user/1000', 'DISPLAY': ':1', 'LANG': 'en_US.UTF-8', 'XDG_CURRENT_DESKTOP': 'ubuntu:GNOME', 'XMODIFIERS': '@im=ibus', 'XDG_SESSION_DESKTOP': 'ubuntu', 'XAUTHORITY': '/run/user/1000/gdm/Xauthority', 'LS_COLORS': 'rs=0:di=01;34:ln=01;36:mh=00:pi=40;33:so=01;35:do=01;35:bd=40;33;01:cd=40;33;01:or=40;31;01:mi=00:su=37;41:sg=30;43:ca=00:tw=30;42:ow=34;42:st=37;44:ex=01;32:*.tar=01;31:*.tgz=01;31:*.arc=01;31:*.arj=01;31:*.taz=01;31:*.lha=01;31:*.lz4=01;31:*.lzh=01;31:*.lzma=01;31:*.tlz=01;31:*.txz=01;31:*.tzo=01;31:*.t7z=01;31:*.zip=01;31:*.z=01;31:*.dz=01;31:*.gz=01;31:*.lrz=01;31:*.lz=01;31:*.lzo=01;31:*.xz=01;31:*.zst=01;31:*.tzst=01;31:*.bz2=01;31:*.bz=01;31:*.tbz=01;31:*.tbz2=01;31:*.tz=01;31:*.deb=01;31:*.rpm=01;31:*.jar=01;31:*.war=01;31:*.ear=01;31:*.sar=01;31:*.rar=01;31:*.alz=01;31:*.ace=01;31:*.zoo=01;31:*.cpio=01;31:*.7z=01;31:*.rz=01;31:*.cab=01;31:*.wim=01;31:*.swm=01;31:*.dwm=01;31:*.esd=01;31:*.avif=01;35:*.jpg=01;35:*.jpeg=01;35:*.mjpg=01;35:*.mjpeg=01;35:*.gif=01;35:*.bmp=01;35:*.pbm=01;35:*.pgm=01;35:*.ppm=01;35:*.tga=01;35:*.xbm=01;35:*.xpm=01;35:*.tif=01;35:*.tiff=01;35:*.png=01;35:*.svg=01;35:*.svgz=01;35:*.mng=01;35:*.pcx=01;35:*.mov=01;35:*.mpg=01;35:*.mpeg=01;35:*.m2v=01;35:*.mkv=01;35:*.webm=01;35:*.webp=01;35:*.ogm=01;35:*.mp4=01;35:*.m4v=01;35:*.mp4v=01;35:*.vob=01;35:*.qt=01;35:*.nuv=01;35:*.wmv=01;35:*.asf=01;35:*.rm=01;35:*.rmvb=01;35:*.flc=01;35:*.avi=01;35:*.fli=01;35:*.flv=01;35:*.gl=01;35:*.dl=01;35:*.xcf=01;35:*.xwd=01;35:*.yuv=01;35:*.cgm=01;35:*.emf=01;35:*.ogv=01;35:*.ogx=01;35:*.aac=00;36:*.au=00;36:*.flac=00;36:*.m4a=00;36:*.mid=00;36:*.midi=00;36:*.mka=00;36:*.mp3=00;36:*.mpc=00;36:*.ogg=00;36:*.ra=00;36:*.wav=00;36:*.oga=00;36:*.opus=00;36:*.spx=00;36:*.xspf=00;36:*~=00;90:*#=00;90:*.bak=00;90:*.crdownload=00;90:*.dpkg-dist=00;90:*.dpkg-new=00;90:*.dpkg-old=00;90:*.dpkg-tmp=00;90:*.old=00;90:*.orig=00;90:*.part=00;90:*.rej=00;90:*.rpmnew=00;90:*.rpmorig=00;90:*.rpmsave=00;90:*.swp=00;90:*.tmp=00;90:*.ucf-dist=00;90:*.ucf-new=00;90:*.ucf-old=00;90:', 'GNOME_TERMINAL_SERVICE': ':1.471', 'SSH_AUTH_SOCK': '/run/user/1000/keyring/ssh', 'AMENT_PREFIX_PATH': '/home/hisham/BFMC/Brain_DEI/brain/install/utils:/opt/ros/jazzy', 'SHELL': '/bin/bash', 'QT_ACCESSIBILITY': '1', 'GDMSESSION': 'ubuntu', 'LESSCLOSE': '/usr/bin/lesspipe %s %s', 'GPG_AGENT_INFO': '/run/user/1000/gnupg/S.gpg-agent:0:1', 'ROS_AUTOMATIC_DISCOVERY_RANGE': 'SUBNET', 'QT_IM_MODULE': 'ibus', 'PWD': '/home/hisham/BFMC/Brain_DEI/brain/build/unix_out', 'XDG_CONFIG_DIRS': '/etc/xdg/xdg-ubuntu:/etc/xdg', 'DBUS_STARTER_ADDRESS': 'unix:path=/run/user/1000/bus,guid=34fd7da4f4a81523c877782769f1285b', 'XDG_DATA_DIRS': '/usr/share/ubuntu:/usr/share/gnome:/usr/local/share/:/usr/share/:/var/lib/snapd/desktop', 'PYTHONPATH': '/home/hisham/BFMC/Brain_DEI/brain/build/unix_out/prefix_override:/usr/lib/python3/dist-packages/colcon_core/task/python/colcon_distutils_commands:/home/hisham/BFMC/Brain_DEI/brain/install/unix_out/lib/python3.12/site-packages:/home/hisham/BFMC/Brain_DEI/brain/install/utils/lib/python3.12/site-packages:/opt/ros/jazzy/lib/python3.12/site-packages', 'COLCON': '1', 'MEMORY_PRESSURE_WRITE': 'c29tZSAyMDAwMDAgMjAwMDAwMAA=', 'VTE_VERSION': '7600', 'CMAKE_PREFIX_PATH': '/home/hisham/BFMC/Brain_DEI/brain/install/utils:/opt/ros/jazzy/opt/gz_sim_vendor:/opt/ros/jazzy/opt/gz_sensors_vendor:/opt/ros/jazzy/opt/gz_physics_vendor:/opt/ros/jazzy/opt/sdformat_vendor:/opt/ros/jazzy/opt/gz_gui_vendor:/opt/ros/jazzy/opt/gz_transport_vendor:/opt/ros/jazzy/opt/gz_rendering_vendor:/opt/ros/jazzy/opt/gz_plugin_vendor:/opt/ros/jazzy/opt/gz_fuel_tools_vendor:/opt/ros/jazzy/opt/gz_msgs_vendor:/opt/ros/jazzy/opt/gz_common_vendor:/opt/ros/jazzy/opt/gz_math_vendor:/opt/ros/jazzy/opt/gz_utils_vendor:/opt/ros/jazzy/opt/gz_tools_vendor:/opt/ros/jazzy/opt/gz_ogre_next_vendor:/opt/ros/jazzy/opt/gz_dartsim_vendor:/opt/ros/jazzy/opt/gz_cmake_vendor'}, 'shell': False}
[2.298939] (input) Command: {'cmd': ['/usr/bin/python3', '-W', 'ignore:setup.py install is deprecated', '-W', 'ignore:easy_install command is deprecated', 'setup.py', 'egg_info', '--egg-base', '../../build/input', 'build', '--build-base', '/home/hisham/BFMC/Brain_DEI/brain/build/input/build', 'install', '--record', '/home/hisham/BFMC/Brain_DEI/brain/build/input/install.log', '--single-version-externally-managed', 'install_data'], 'cwd': '/home/hisham/BFMC/Brain_DEI/brain/src/input', 'env': {'LESSOPEN': '| /usr/bin/lesspipe %s', 'GZ_SIM_RESOURCE_PATH': '/opt/ros/jazzy/share', 'USER': 'hisham', 'GZ_CONFIG_PATH': '/opt/ros/jazzy/opt/gz_sim_vendor/share/gz:/opt/ros/jazzy/opt/sdformat_vendor/share/gz:/opt/ros/jazzy/opt/gz_gui_vendor/share/gz:/opt/ros/jazzy/opt/gz_transport_vendor/share/gz:/opt/ros/jazzy/opt/gz_rendering_vendor/share/gz:/opt/ros/jazzy/opt/gz_plugin_vendor/share/gz:/opt/ros/jazzy/opt/gz_fuel_tools_vendor/share/gz:/opt/ros/jazzy/opt/gz_msgs_vendor/share/gz:/opt/ros/jazzy/opt/gz_common_vendor/share/gz', 'XDG_SESSION_TYPE': 'x11', 'STM32CubeMX_PATH': '/home/hisham/STM32CubeMX', 'SHLVL': '1', 'LD_LIBRARY_PATH': '/home/hisham/BFMC/Brain_DEI/brain/install/utils/lib:/opt/ros/jazzy/opt/zenoh_cpp_vendor/lib:/opt/ros/jazzy/opt/gz_sim_vendor/lib:/opt/ros/jazzy/opt/gz_sensors_vendor/lib:/opt/ros/jazzy/opt/gz_physics_vendor/lib:/opt/ros/jazzy/opt/sdformat_vendor/lib:/opt/ros/jazzy/opt/rviz_ogre_vendor/lib:/opt/ros/jazzy/lib/x86_64-linux-gnu:/opt/ros/jazzy/opt/gz_gui_vendor/lib:/opt/ros/jazzy/opt/gz_transport_vendor/lib:/opt/ros/jazzy/opt/gz_rendering_vendor/lib:/opt/ros/jazzy/opt/gz_plugin_vendor/lib:/opt/ros/jazzy/opt/gz_fuel_tools_vendor/lib:/opt/ros/jazzy/opt/gz_msgs_vendor/lib:/opt/ros/jazzy/opt/gz_common_vendor/lib:/opt/ros/jazzy/opt/gz_math_vendor/lib:/opt/ros/jazzy/opt/gz_utils_vendor/lib:/opt/ros/jazzy/opt/gz_tools_vendor/lib:/opt/ros/jazzy/opt/gz_ogre_next_vendor/lib:/opt/ros/jazzy/opt/gz_dartsim_vendor/lib:/opt/ros/jazzy/opt/gz_cmake_vendor/lib:/opt/ros/jazzy/lib:/home/hisham/acados_ws/acados/lib', 'HOME': '/home/hisham', 'OLDPWD': '/home/hisham/BFMC/Brain_DEI', 'DESKTOP_SESSION': 'ubuntu', 'ROS_PYTHON_VERSION': '3', 'GNOME_SHELL_SESSION_MODE': 'ubuntu', 'GTK_MODULES': 'gail:atk-bridge', 'DBUS_STARTER_BUS_TYPE': 'session', 'SYSTEMD_EXEC_PID': '3010', 'GSM_SKIP_SSH_AGENT_WORKAROUND': 'true', 'DBUS_SESSION_BUS_ADDRESS': 'unix:path=/run/user/1000/bus,guid=34fd7da4f4a81523c877782769f1285b', 'COLORTERM': 'truecolor', 'DEBUGINFOD_URLS': 'https://debuginfod.ubuntu.com', 'ROS_DISTRO': 'jazzy', 'LOGNAME': 'hisham', '_': '/usr/bin/colcon', 'ROS_VERSION': '2', 'MEMORY_PRESSURE_WATCH': '/sys/fs/cgroup/user.slice/user-1000.slice/user@1000.service/app.slice/app-gnome\\x2dsession\\x2dmanager.slice/gnome-session-manager@ubuntu.service/memory.pressure', 'XDG_SESSION_CLASS': 'user', 'USERNAME': 'hisham', 'TERM': 'xterm-256color', 'GNOME_DESKTOP_SESSION_ID': 'this-is-deprecated', 'WINDOWPATH': '2', 'PATH': '/opt/ros/jazzy/opt/gz_msgs_vendor/bin:/opt/ros/jazzy/opt/gz_tools_vendor/bin:/opt/ros/jazzy/opt/gz_ogre_next_vendor/bin:/opt/ros/jazzy/bin:/home/hisham/miniconda3/bin:/home/hisham/.local/bin:/usr/local/sbin:/usr/local/bin:/usr/sbin:/usr/bin:/sbin:/bin:/usr/games:/usr/local/games:/snap/bin:/snap/bin', 'SESSION_MANAGER': 'local/hisham-IdeaPad-Gaming-3-15IMH05:@/tmp/.ICE-unix/3010,unix/hisham-IdeaPad-Gaming-3-15IMH05:/tmp/.ICE-unix/3010', 'XDG_MENU_PREFIX': 'gnome-', 'GNOME_TERMINAL_SCREEN': '/org/gnome/Terminal/screen/ca7c3419_8977_4068_946f_fdc1c080dbf7', 'XDG_RUNTIME_DIR': '/run/user/1000', 'DISPLAY': ':1', 'LANG': 'en_US.UTF-8', 'XDG_CURRENT_DESKTOP': 'ubuntu:GNOME', 'XMODIFIERS': '@im=ibus', 'XDG_SESSION_DESKTOP': 'ubuntu', 'XAUTHORITY': '/run/user/1000/gdm/Xauthority', 'LS_COLORS': 'rs=0:di=01;34:ln=01;36:mh=00:pi=40;33:so=01;35:do=01;35:bd=40;33;01:cd=40;33;01:or=40;31;01:mi=00:su=37;41:sg=30;43:ca=00:tw=30;42:ow=34;42:st=37;44:ex=01;32:*.tar=01;31:*.tgz=01;31:*.arc=01;31:*.arj=01;31:*.taz=01;31:*.lha=01;31:*.lz4=01;31:*.lzh=01;31:*.lzma=01;31:*.tlz=01;31:*.txz=01;31:*.tzo=01;31:*.t7z=01;31:*.zip=01;31:*.z=01;31:*.dz=01;31:*.gz=01;31:*.lrz=01;31:*.lz=01;31:*.lzo=01;31:*.xz=01;31:*.zst=01;31:*.tzst=01;31:*.bz2=01;31:*.bz=01;31:*.tbz=01;31:*.tbz2=01;31:*.tz=01;31:*.deb=01;31:*.rpm=01;31:*.jar=01;31:*.war=01;31:*.ear=01;31:*.sar=01;31:*.rar=01;31:*.alz=01;31:*.ace=01;31:*.zoo=01;31:*.cpio=01;31:*.7z=01;31:*.rz=01;31:*.cab=01;31:*.wim=01;31:*.swm=01;31:*.dwm=01;31:*.esd=01;31:*.avif=01;35:*.jpg=01;35:*.jpeg=01;35:*.mjpg=01;35:*.mjpeg=01;35:*.gif=01;35:*.bmp=01;35:*.pbm=01;35:*.pgm=01;35:*.ppm=01;35:*.tga=01;35:*.xbm=01;35:*.xpm=01;35:*.tif=01;35:*.tiff=01;35:*.png=01;35:*.svg=01;35:*.svgz=01;35:*.mng=01;35:*.pcx=01;35:*.mov=01;35:*.mpg=01;35:*.mpeg=01;35:*.m2v=01;35:*.mkv=01;35:*.webm=01;35:*.webp=01;35:*.ogm=01;35:*.mp4=01;35:*.m4v=01;35:*.mp4v=01;35:*.vob=01;35:*.qt=01;35:*.nuv=01;35:*.wmv=01;35:*.asf=01;35:*.rm=01;35:*.rmvb=01;35:*.flc=01;35:*.avi=01;35:*.fli=01;35:*.flv=01;35:*.gl=01;35:*.dl=01;35:*.xcf=01;35:*.xwd=01;35:*.yuv=01;35:*.cgm=01;35:*.emf=01;35:*.ogv=01;35:*.ogx=01;35:*.aac=00;36:*.au=00;36:*.flac=00;36:*.m4a=00;36:*.mid=00;36:*.midi=00;36:*.mka=00;36:*.mp3=00;36:*.mpc=00;36:*.ogg=00;36:*.ra=00;36:*.wav=00;36:*.oga=00;36:*.opus=00;36:*.spx=00;36:*.xspf=00;36:*~=00;90:*#=00;90:*.bak=00;90:*.crdownload=00;90:*.dpkg-dist=00;90:*.dpkg-new=00;90:*.dpkg-old=00;90:*.dpkg-tmp=00;90:*.old=00;90:*.orig=00;90:*.part=00;90:*.rej=00;90:*.rpmnew=00;90:*.rpmorig=00;90:*.rpmsave=00;90:*.swp=00;90:*.tmp=00;90:*.ucf-dist=00;90:*.ucf-new=00;90:*.ucf-old=00;90:', 'GNOME_TERMINAL_SERVICE': ':1.471', 'SSH_AUTH_SOCK': '/run/user/1000/keyring/ssh', 'AMENT_PREFIX_PATH': '/home/hisham/BFMC/Brain_DEI/brain/install/utils:/opt/ros/jazzy', 'SHELL': '/bin/bash', 'QT_ACCESSIBILITY': '1', 'GDMSESSION': 'ubuntu', 'LESSCLOSE': '/usr/bin/lesspipe %s %s', 'GPG_AGENT_INFO': '/run/user/1000/gnupg/S.gpg-agent:0:1', 'ROS_AUTOMATIC_DISCOVERY_RANGE': 'SUBNET', 'QT_IM_MODULE': 'ibus', 'PWD': '/home/hisham/BFMC/Brain_DEI/brain/build/input', 'XDG_CONFIG_DIRS': '/etc/xdg/xdg-ubuntu:/etc/xdg', 'DBUS_STARTER_ADDRESS': 'unix:path=/run/user/1000/bus,guid=34fd7da4f4a81523c877782769f1285b', 'XDG_DATA_DIRS': '/usr/share/ubuntu:/usr/share/gnome:/usr/local/share/:/usr/share/:/var/lib/snapd/desktop', 'PYTHONPATH': '/home/hisham/BFMC/Brain_DEI/brain/build/input/prefix_override:/usr/lib/python3/dist-packages/colcon_core/task/python/colcon_distutils_commands:/home/hisham/BFMC/Brain_DEI/brain/install/input/lib/python3.12/site-packages:/home/hisham/BFMC/Brain_DEI/brain/install/utils/lib/python3.12/site-packages:/opt/ros/jazzy/lib/python3.12/site-packages', 'COLCON': '1', 'MEMORY_PRESSURE_WRITE': 'c29tZSAyMDAwMDAgMjAwMDAwMAA=', 'VTE_VERSION': '7600', 'CMAKE_PREFIX_PATH': '/home/hisham/BFMC/Brain_DEI/brain/install/utils:/opt/ros/jazzy/opt/gz_sim_vendor:/opt/ros/jazzy/opt/gz_sensors_vendor:/opt/ros/jazzy/opt/gz_physics_vendor:/opt/ros/jazzy/opt/sdformat_vendor:/opt/ros/jazzy/opt/gz_gui_vendor:/opt/ros/jazzy/opt/gz_transport_vendor:/opt/ros/jazzy/opt/gz_rendering_vendor:/opt/ros/jazzy/opt/gz_plugin_vendor:/opt/ros/jazzy/opt/gz_fuel_tools_vendor:/opt/ros/jazzy/opt/gz_msgs_vendor:/opt/ros/jazzy/opt/gz_common_vendor:/opt/ros/jazzy/opt/gz_math_vendor:/opt/ros/jazzy/opt/gz_utils_vendor:/opt/ros/jazzy/opt/gz_tools_vendor:/opt/ros/jazzy/opt/gz_ogre_next_vendor:/opt/ros/jazzy/opt/gz_dartsim_vendor:/opt/ros/jazzy/opt/gz_cmake_vendor'}, 'shell': False}
[2.300303] (output) Command: {'cmd': ['/usr/bin/python3', '-W', 'ignore:setup.py install is deprecated', '-W', 'ignore:easy_install command is deprecated', 'setup.py', 'egg_info', '--egg-base', '../../../build/output', 'build', '--build-base', '/home/hisham/BFMC/Brain_DEI/brain/build/output/build', 'install', '--record', '/home/hisham/BFMC/Brain_DEI/brain/build/output/install.log', '--single-version-externally-managed', 'install_data'], 'cwd': '/home/hisham/BFMC/Brain_DEI/brain/src/smart/output', 'env': {'LESSOPEN': '| /usr/bin/lesspipe %s', 'GZ_SIM_RESOURCE_PATH': '/opt/ros/jazzy/share', 'USER': 'hisham', 'GZ_CONFIG_PATH': '/opt/ros/jazzy/opt/gz_sim_vendor/share/gz:/opt/ros/jazzy/opt/sdformat_vendor/share/gz:/opt/ros/jazzy/opt/gz_gui_vendor/share/gz:/opt/ros/jazzy/opt/gz_transport_vendor/share/gz:/opt/ros/jazzy/opt/gz_rendering_vendor/share/gz:/opt/ros/jazzy/opt/gz_plugin_vendor/share/gz:/opt/ros/jazzy/opt/gz_fuel_tools_vendor/share/gz:/opt/ros/jazzy/opt/gz_msgs_vendor/share/gz:/opt/ros/jazzy/opt/gz_common_vendor/share/gz', 'XDG_SESSION_TYPE': 'x11', 'STM32CubeMX_PATH': '/home/hisham/STM32CubeMX', 'SHLVL': '1', 'LD_LIBRARY_PATH': '/home/hisham/BFMC/Brain_DEI/brain/install/utils/lib:/opt/ros/jazzy/opt/zenoh_cpp_vendor/lib:/opt/ros/jazzy/opt/gz_sim_vendor/lib:/opt/ros/jazzy/opt/gz_sensors_vendor/lib:/opt/ros/jazzy/opt/gz_physics_vendor/lib:/opt/ros/jazzy/opt/sdformat_vendor/lib:/opt/ros/jazzy/opt/rviz_ogre_vendor/lib:/opt/ros/jazzy/lib/x86_64-linux-gnu:/opt/ros/jazzy/opt/gz_gui_vendor/lib:/opt/ros/jazzy/opt/gz_transport_vendor/lib:/opt/ros/jazzy/opt/gz_rendering_vendor/lib:/opt/ros/jazzy/opt/gz_plugin_vendor/lib:/opt/ros/jazzy/opt/gz_fuel_tools_vendor/lib:/opt/ros/jazzy/opt/gz_msgs_vendor/lib:/opt/ros/jazzy/opt/gz_common_vendor/lib:/opt/ros/jazzy/opt/gz_math_vendor/lib:/opt/ros/jazzy/opt/gz_utils_vendor/lib:/opt/ros/jazzy/opt/gz_tools_vendor/lib:/opt/ros/jazzy/opt/gz_ogre_next_vendor/lib:/opt/ros/jazzy/opt/gz_dartsim_vendor/lib:/opt/ros/jazzy/opt/gz_cmake_vendor/lib:/opt/ros/jazzy/lib:/home/hisham/acados_ws/acados/lib', 'HOME': '/home/hisham', 'OLDPWD': '/home/hisham/BFMC/Brain_DEI', 'DESKTOP_SESSION': 'ubuntu', 'ROS_PYTHON_VERSION': '3', 'GNOME_SHELL_SESSION_MODE': 'ubuntu', 'GTK_MODULES': 'gail:atk-bridge', 'DBUS_STARTER_BUS_TYPE': 'session', 'SYSTEMD_EXEC_PID': '3010', 'GSM_SKIP_SSH_AGENT_WORKAROUND': 'true', 'DBUS_SESSION_BUS_ADDRESS': 'unix:path=/run/user/1000/bus,guid=34fd7da4f4a81523c877782769f1285b', 'COLORTERM': 'truecolor', 'DEBUGINFOD_URLS': 'https://debuginfod.ubuntu.com', 'ROS_DISTRO': 'jazzy', 'LOGNAME': 'hisham', '_': '/usr/bin/colcon', 'ROS_VERSION': '2', 'MEMORY_PRESSURE_WATCH': '/sys/fs/cgroup/user.slice/user-1000.slice/user@1000.service/app.slice/app-gnome\\x2dsession\\x2dmanager.slice/gnome-session-manager@ubuntu.service/memory.pressure', 'XDG_SESSION_CLASS': 'user', 'USERNAME': 'hisham', 'TERM': 'xterm-256color', 'GNOME_DESKTOP_SESSION_ID': 'this-is-deprecated', 'WINDOWPATH': '2', 'PATH': '/opt/ros/jazzy/opt/gz_msgs_vendor/bin:/opt/ros/jazzy/opt/gz_tools_vendor/bin:/opt/ros/jazzy/opt/gz_ogre_next_vendor/bin:/opt/ros/jazzy/bin:/home/hisham/miniconda3/bin:/home/hisham/.local/bin:/usr/local/sbin:/usr/local/bin:/usr/sbin:/usr/bin:/sbin:/bin:/usr/games:/usr/local/games:/snap/bin:/snap/bin', 'SESSION_MANAGER': 'local/hisham-IdeaPad-Gaming-3-15IMH05:@/tmp/.ICE-unix/3010,unix/hisham-IdeaPad-Gaming-3-15IMH05:/tmp/.ICE-unix/3010', 'XDG_MENU_PREFIX': 'gnome-', 'GNOME_TERMINAL_SCREEN': '/org/gnome/Terminal/screen/ca7c3419_8977_4068_946f_fdc1c080dbf7', 'XDG_RUNTIME_DIR': '/run/user/1000', 'DISPLAY': ':1', 'LANG': 'en_US.UTF-8', 'XDG_CURRENT_DESKTOP': 'ubuntu:GNOME', 'XMODIFIERS': '@im=ibus', 'XDG_SESSION_DESKTOP': 'ubuntu', 'XAUTHORITY': '/run/user/1000/gdm/Xauthority', 'LS_COLORS': 'rs=0:di=01;34:ln=01;36:mh=00:pi=40;33:so=01;35:do=01;35:bd=40;33;01:cd=40;33;01:or=40;31;01:mi=00:su=37;41:sg=30;43:ca=00:tw=30;42:ow=34;42:st=37;44:ex=01;32:*.tar=01;31:*.tgz=01;31:*.arc=01;31:*.arj=01;31:*.taz=01;31:*.lha=01;31:*.lz4=01;31:*.lzh=01;31:*.lzma=01;31:*.tlz=01;31:*.txz=01;31:*.tzo=01;31:*.t7z=01;31:*.zip=01;31:*.z=01;31:*.dz=01;31:*.gz=01;31:*.lrz=01;31:*.lz=01;31:*.lzo=01;31:*.xz=01;31:*.zst=01;31:*.tzst=01;31:*.bz2=01;31:*.bz=01;31:*.tbz=01;31:*.tbz2=01;31:*.tz=01;31:*.deb=01;31:*.rpm=01;31:*.jar=01;31:*.war=01;31:*.ear=01;31:*.sar=01;31:*.rar=01;31:*.alz=01;31:*.ace=01;31:*.zoo=01;31:*.cpio=01;31:*.7z=01;31:*.rz=01;31:*.cab=01;31:*.wim=01;31:*.swm=01;31:*.dwm=01;31:*.esd=01;31:*.avif=01;35:*.jpg=01;35:*.jpeg=01;35:*.mjpg=01;35:*.mjpeg=01;35:*.gif=01;35:*.bmp=01;35:*.pbm=01;35:*.pgm=01;35:*.ppm=01;35:*.tga=01;35:*.xbm=01;35:*.xpm=01;35:*.tif=01;35:*.tiff=01;35:*.png=01;35:*.svg=01;35:*.svgz=01;35:*.mng=01;35:*.pcx=01;35:*.mov=01;35:*.mpg=01;35:*.mpeg=01;35:*.m2v=01;35:*.mkv=01;35:*.webm=01;35:*.webp=01;35:*.ogm=01;35:*.mp4=01;35:*.m4v=01;35:*.mp4v=01;35:*.vob=01;35:*.qt=01;35:*.nuv=01;35:*.wmv=01;35:*.asf=01;35:*.rm=01;35:*.rmvb=01;35:*.flc=01;35:*.avi=01;35:*.fli=01;35:*.flv=01;35:*.gl=01;35:*.dl=01;35:*.xcf=01;35:*.xwd=01;35:*.yuv=01;35:*.cgm=01;35:*.emf=01;35:*.ogv=01;35:*.ogx=01;35:*.aac=00;36:*.au=00;36:*.flac=00;36:*.m4a=00;36:*.mid=00;36:*.midi=00;36:*.mka=00;36:*.mp3=00;36:*.mpc=00;36:*.ogg=00;36:*.ra=00;36:*.wav=00;36:*.oga=00;36:*.opus=00;36:*.spx=00;36:*.xspf=00;36:*~=00;90:*#=00;90:*.bak=00;90:*.crdownload=00;90:*.dpkg-dist=00;90:*.dpkg-new=00;90:*.dpkg-old=00;90:*.dpkg-tmp=00;90:*.old=00;90:*.orig=00;90:*.part=00;90:*.rej=00;90:*.rpmnew=00;90:*.rpmorig=00;90:*.rpmsave=00;90:*.swp=00;90:*.tmp=00;90:*.ucf-dist=00;90:*.ucf-new=00;90:*.ucf-old=00;90:', 'GNOME_TERMINAL_SERVICE': ':1.471', 'SSH_AUTH_SOCK': '/run/user/1000/keyring/ssh', 'AMENT_PREFIX_PATH': '/home/hisham/BFMC/Brain_DEI/brain/install/utils:/opt/ros/jazzy', 'SHELL': '/bin/bash', 'QT_ACCESSIBILITY': '1', 'GDMSESSION': 'ubuntu', 'LESSCLOSE': '/usr/bin/lesspipe %s %s', 'GPG_AGENT_INFO': '/run/user/1000/gnupg/S.gpg-agent:0:1', 'ROS_AUTOMATIC_DISCOVERY_RANGE': 'SUBNET', 'QT_IM_MODULE': 'ibus', 'PWD': '/home/hisham/BFMC/Brain_DEI/brain/build/output', 'XDG_CONFIG_DIRS': '/etc/xdg/xdg-ubuntu:/etc/xdg', 'DBUS_STARTER_ADDRESS': 'unix:path=/run/user/1000/bus,guid=34fd7da4f4a81523c877782769f1285b', 'XDG_DATA_DIRS': '/usr/share/ubuntu:/usr/share/gnome:/usr/local/share/:/usr/share/:/var/lib/snapd/desktop', 'PYTHONPATH': '/home/hisham/BFMC/Brain_DEI/brain/build/output/prefix_override:/usr/lib/python3/dist-packages/colcon_core/task/python/colcon_distutils_commands:/home/hisham/BFMC/Brain_DEI/brain/install/output/lib/python3.12/site-packages:/home/hisham/BFMC/Brain_DEI/brain/install/utils/lib/python3.12/site-packages:/opt/ros/jazzy/lib/python3.12/site-packages', 'COLCON': '1', 'MEMORY_PRESSURE_WRITE': 'c29tZSAyMDAwMDAgMjAwMDAwMAA=', 'VTE_VERSION': '7600', 'CMAKE_PREFIX_PATH': '/home/hisham/BFMC/Brain_DEI/brain/install/utils:/opt/ros/jazzy/opt/gz_sim_vendor:/opt/ros/jazzy/opt/gz_sensors_vendor:/opt/ros/jazzy/opt/gz_physics_vendor:/opt/ros/jazzy/opt/sdformat_vendor:/opt/ros/jazzy/opt/gz_gui_vendor:/opt/ros/jazzy/opt/gz_transport_vendor:/opt/ros/jazzy/opt/gz_rendering_vendor:/opt/ros/jazzy/opt/gz_plugin_vendor:/opt/ros/jazzy/opt/gz_fuel_tools_vendor:/opt/ros/jazzy/opt/gz_msgs_vendor:/opt/ros/jazzy/opt/gz_common_vendor:/opt/ros/jazzy/opt/gz_math_vendor:/opt/ros/jazzy/opt/gz_utils_vendor:/opt/ros/jazzy/opt/gz_tools_vendor:/opt/ros/jazzy/opt/gz_ogre_next_vendor:/opt/ros/jazzy/opt/gz_dartsim_vendor:/opt/ros/jazzy/opt/gz_cmake_vendor'}, 'shell': False}
[2.304165] (-) TimerEvent: {}
[2.404403] (-) TimerEvent: {}
[2.504637] (-) TimerEvent: {}
[2.573547] (output) StdoutLine: {'line': b'running egg_info\n'}
[2.578996] (unix_out) StdoutLine: {'line': b'running egg_info\n'}
[2.580192] (input) StdoutLine: {'line': b'running egg_info\n'}
[2.596138] (output) StdoutLine: {'line': b'writing ../../../build/output/output.egg-info/PKG-INFO\n'}
[2.597231] (output) StdoutLine: {'line': b'writing dependency_links to ../../../build/output/output.egg-info/dependency_links.txt\n'}
[2.597426] (output) StdoutLine: {'line': b'writing requirements to ../../../build/output/output.egg-info/requires.txt\n'}
[2.597625] (output) StdoutLine: {'line': b'writing top-level names to ../../../build/output/output.egg-info/top_level.txt\n'}
[2.602600] (unix_out) StdoutLine: {'line': b'writing ../../build/unix_out/unix_out.egg-info/PKG-INFO\n'}
[2.603017] (unix_out) StdoutLine: {'line': b'writing dependency_links to ../../build/unix_out/unix_out.egg-info/dependency_links.txt\n'}
[2.603163] (unix_out) StdoutLine: {'line': b'writing entry points to ../../build/unix_out/unix_out.egg-info/entry_points.txt\n'}
[2.603279] (input) StdoutLine: {'line': b'writing ../../build/input/input.egg-info/PKG-INFO\n'}
[2.603415] (unix_out) StdoutLine: {'line': b'writing requirements to ../../build/unix_out/unix_out.egg-info/requires.txt\n'}
[2.603591] (unix_out) StdoutLine: {'line': b'writing top-level names to ../../build/unix_out/unix_out.egg-info/top_level.txt\n'}
[2.603777] (input) StdoutLine: {'line': b'writing dependency_links to ../../build/input/input.egg-info/dependency_links.txt\n'}
[2.603893] (input) StdoutLine: {'line': b'writing entry points to ../../build/input/input.egg-info/entry_points.txt\n'}
[2.604000] (input) StdoutLine: {'line': b'writing requirements to ../../build/input/input.egg-info/requires.txt\n'}
[2.604093] (input) StdoutLine: {'line': b'writing top-level names to ../../build/input/input.egg-info/top_level.txt\n'}
[2.604693] (-) TimerEvent: {}
[2.643918] (output) StdoutLine: {'line': b"reading manifest file '../../../build/output/output.egg-info/SOURCES.txt'\n"}
[2.644639] (output) StdoutLine: {'line': b"writing manifest file '../../../build/output/output.egg-info/SOURCES.txt'\n"}
[2.644811] (output) StdoutLine: {'line': b'running build\n'}
[2.644925] (output) StdoutLine: {'line': b'running build_py\n'}
[2.646054] (output) StdoutLine: {'line': b'running install\n'}
[2.651303] (output) StdoutLine: {'line': b'running install_lib\n'}
[2.651486] (unix_out) StdoutLine: {'line': b"reading manifest file '../../build/unix_out/unix_out.egg-info/SOURCES.txt'\n"}
[2.652267] (unix_out) StdoutLine: {'line': b"writing manifest file '../../build/unix_out/unix_out.egg-info/SOURCES.txt'\n"}
[2.652436] (unix_out) StdoutLine: {'line': b'running build\n'}
[2.652603] (unix_out) StdoutLine: {'line': b'running build_py\n'}
[2.652801] (input) StdoutLine: {'line': b"reading manifest file '../../build/input/input.egg-info/SOURCES.txt'\n"}
[2.653140] (unix_out) StdoutLine: {'line': b'running install\n'}
[2.653746] (input) StdoutLine: {'line': b"writing manifest file '../../build/input/input.egg-info/SOURCES.txt'\n"}
[2.653907] (input) StdoutLine: {'line': b'running build\n'}
[2.654050] (input) StdoutLine: {'line': b'running build_py\n'}
[2.654503] (input) StdoutLine: {'line': b'creating /home/hisham/BFMC/Brain_DEI/brain/build/input/build/lib/templates\n'}
[2.654719] (input) StdoutLine: {'line': b'copying src/templates/__init__.py -> /home/hisham/BFMC/Brain_DEI/brain/build/input/build/lib/templates\n'}
[2.654853] (input) StdoutLine: {'line': b'copying src/templates/workerprocess.py -> /home/hisham/BFMC/Brain_DEI/brain/build/input/build/lib/templates\n'}
[2.654958] (input) StdoutLine: {'line': b'copying src/templates/threadwithstop.py -> /home/hisham/BFMC/Brain_DEI/brain/build/input/build/lib/templates\n'}
[2.655181] (input) StdoutLine: {'line': b'copying src/data/trafficBridge.py -> /home/hisham/BFMC/Brain_DEI/brain/build/input/build/lib/data\n'}
[2.656296] (input) StdoutLine: {'line': b'creating /home/hisham/BFMC/Brain_DEI/brain/build/input/build/lib/data/TrafficCommunication\n'}
[2.656499] (input) StdoutLine: {'line': b'copying src/data/TrafficCommunication/processTrafficCommunication.py -> /home/hisham/BFMC/Brain_DEI/brain/build/input/build/lib/data/TrafficCommunication\n'}
[2.656645] (input) StdoutLine: {'line': b'copying src/data/TrafficCommunication/__init__.py -> /home/hisham/BFMC/Brain_DEI/brain/build/input/build/lib/data/TrafficCommunication\n'}
[2.656775] (input) StdoutLine: {'line': b'creating /home/hisham/BFMC/Brain_DEI/brain/build/input/build/lib/data/Semaphores\n'}
[2.656899] (input) StdoutLine: {'line': b'copying src/data/Semaphores/processSemaphores.py -> /home/hisham/BFMC/Brain_DEI/brain/build/input/build/lib/data/Semaphores\n'}
[2.657003] (input) StdoutLine: {'line': b'copying src/data/Semaphores/__init__.py -> /home/hisham/BFMC/Brain_DEI/brain/build/input/build/lib/data/Semaphores\n'}
[2.657132] (input) StdoutLine: {'line': b'creating /home/hisham/BFMC/Brain_DEI/brain/build/input/build/lib/data/TrafficCommunication/threads\n'}
[2.657240] (input) StdoutLine: {'line': b'copying src/data/TrafficCommunication/threads/__init__.py -> /home/hisham/BFMC/Brain_DEI/brain/build/input/build/lib/data/TrafficCommunication/threads\n'}
[2.657358] (input) StdoutLine: {'line': b'copying src/data/TrafficCommunication/threads/threadTrafficCommunication.py -> /home/hisham/BFMC/Brain_DEI/brain/build/input/build/lib/data/TrafficCommunication/threads\n'}
[2.657495] (input) StdoutLine: {'line': b'copying src/data/TrafficCommunication/threads/udpListener.py -> /home/hisham/BFMC/Brain_DEI/brain/build/input/build/lib/data/TrafficCommunication/threads\n'}
[2.657628] (input) StdoutLine: {'line': b'copying src/data/TrafficCommunication/threads/tcpClient.py -> /home/hisham/BFMC/Brain_DEI/brain/build/input/build/lib/data/TrafficCommunication/threads\n'}
[2.657763] (input) StdoutLine: {'line': b'creating /home/hisham/BFMC/Brain_DEI/brain/build/input/build/lib/data/TrafficCommunication/useful\n'}
[2.657891] (input) StdoutLine: {'line': b'copying src/data/TrafficCommunication/useful/__init__.py -> /home/hisham/BFMC/Brain_DEI/brain/build/input/build/lib/data/TrafficCommunication/useful\n'}
[2.657997] (input) StdoutLine: {'line': b'copying src/data/TrafficCommunication/useful/periodicTask.py -> /home/hisham/BFMC/Brain_DEI/brain/build/input/build/lib/data/TrafficCommunication/useful\n'}
[2.658116] (input) StdoutLine: {'line': b'copying src/data/TrafficCommunication/useful/keyDealer.py -> /home/hisham/BFMC/Brain_DEI/brain/build/input/build/lib/data/TrafficCommunication/useful\n'}
[2.658268] (input) StdoutLine: {'line': b'copying src/data/TrafficCommunication/useful/sharedMem.py -> /home/hisham/BFMC/Brain_DEI/brain/build/input/build/lib/data/TrafficCommunication/useful\n'}
[2.658387] (input) StdoutLine: {'line': b'creating /home/hisham/BFMC/Brain_DEI/brain/build/input/build/lib/data/Semaphores/threads\n'}
[2.658495] (input) StdoutLine: {'line': b'copying src/data/Semaphores/threads/threadSemaphores.py -> /home/hisham/BFMC/Brain_DEI/brain/build/input/build/lib/data/Semaphores/threads\n'}
[2.658638] (input) StdoutLine: {'line': b'copying src/data/Semaphores/threads/__init__.py -> /home/hisham/BFMC/Brain_DEI/brain/build/input/build/lib/data/Semaphores/threads\n'}
[2.658760] (input) StdoutLine: {'line': b'copying src/data/Semaphores/threads/udpListener.py -> /home/hisham/BFMC/Brain_DEI/brain/build/input/build/lib/data/Semaphores/threads\n'}
[2.658898] (input) StdoutLine: {'line': b'creating /home/hisham/BFMC/Brain_DEI/brain/build/input/build/lib/src\n'}
[2.659017] (input) StdoutLine: {'line': b'copying src/__init__.py -> /home/hisham/BFMC/Brain_DEI/brain/build/input/build/lib/src\n'}
[2.659127] (input) StdoutLine: {'line': b'creating /home/hisham/BFMC/Brain_DEI/brain/build/input/build/lib/src/templates\n'}
[2.659266] (input) StdoutLine: {'line': b'copying src/templates/__init__.py -> /home/hisham/BFMC/Brain_DEI/brain/build/input/build/lib/src/templates\n'}
[2.659415] (input) StdoutLine: {'line': b'copying src/templates/workerprocess.py -> /home/hisham/BFMC/Brain_DEI/brain/build/input/build/lib/src/templates\n'}
[2.659541] (input) StdoutLine: {'line': b'copying src/templates/threadwithstop.py -> /home/hisham/BFMC/Brain_DEI/brain/build/input/build/lib/src/templates\n'}
[2.659660] (input) StdoutLine: {'line': b'creating /home/hisham/BFMC/Brain_DEI/brain/build/input/build/lib/src/data\n'}
[2.659790] (input) StdoutLine: {'line': b'copying src/data/trafficBridge.py -> /home/hisham/BFMC/Brain_DEI/brain/build/input/build/lib/src/data\n'}
[2.659910] (input) StdoutLine: {'line': b'copying src/data/__init__.py -> /home/hisham/BFMC/Brain_DEI/brain/build/input/build/lib/src/data\n'}
[2.660035] (input) StdoutLine: {'line': b'copying src/data/semaphoreBridge.py -> /home/hisham/BFMC/Brain_DEI/brain/build/input/build/lib/src/data\n'}
[2.660173] (input) StdoutLine: {'line': b'creating /home/hisham/BFMC/Brain_DEI/brain/build/input/build/lib/src/gpstracker\n'}
[2.660322] (input) StdoutLine: {'line': b'copying src/gpstracker/util.py -> /home/hisham/BFMC/Brain_DEI/brain/build/input/build/lib/src/gpstracker\n'}
[2.660449] (input) StdoutLine: {'line': b'copying src/gpstracker/__init__.py -> /home/hisham/BFMC/Brain_DEI/brain/build/input/build/lib/src/gpstracker\n'}
[2.660568] (input) StdoutLine: {'line': b'copying src/gpstracker/locsys.py -> /home/hisham/BFMC/Brain_DEI/brain/build/input/build/lib/src/gpstracker\n'}
[2.660690] (input) StdoutLine: {'line': b'copying src/gpstracker/position_listener.py -> /home/hisham/BFMC/Brain_DEI/brain/build/input/build/lib/src/gpstracker\n'}
[2.660799] (input) StdoutLine: {'line': b'copying src/gpstracker/server_listener.py -> /home/hisham/BFMC/Brain_DEI/brain/build/input/build/lib/src/gpstracker\n'}
[2.660932] (input) StdoutLine: {'line': b'copying src/gpstracker/gpstrackerNODE.py -> /home/hisham/BFMC/Brain_DEI/brain/build/input/build/lib/src/gpstracker\n'}
[2.661053] (input) StdoutLine: {'line': b'copying src/gpstracker/complexDealer.py -> /home/hisham/BFMC/Brain_DEI/brain/build/input/build/lib/src/gpstracker\n'}
[2.661175] (input) StdoutLine: {'line': b'copying src/gpstracker/server_data.py -> /home/hisham/BFMC/Brain_DEI/brain/build/input/build/lib/src/gpstracker\n'}
[2.661342] (input) StdoutLine: {'line': b'copying src/gpstracker/server_subscriber.py -> /home/hisham/BFMC/Brain_DEI/brain/build/input/build/lib/src/gpstracker\n'}
[2.661507] (input) StdoutLine: {'line': b'creating /home/hisham/BFMC/Brain_DEI/brain/build/input/build/lib/src/utils\n'}
[2.661663] (input) StdoutLine: {'line': b'copying src/utils/__init__.py -> /home/hisham/BFMC/Brain_DEI/brain/build/input/build/lib/src/utils\n'}
[2.661814] (input) StdoutLine: {'line': b'creating /home/hisham/BFMC/Brain_DEI/brain/build/input/build/lib/src/data/TrafficCommunication\n'}
[2.661943] (input) StdoutLine: {'line': b'copying src/data/TrafficCommunication/processTrafficCommunication.py -> /home/hisham/BFMC/Brain_DEI/brain/build/input/build/lib/src/data/TrafficCommunication\n'}
[2.662098] (input) StdoutLine: {'line': b'copying src/data/TrafficCommunication/__init__.py -> /home/hisham/BFMC/Brain_DEI/brain/build/input/build/lib/src/data/TrafficCommunication\n'}
[2.662281] (input) StdoutLine: {'line': b'creating /home/hisham/BFMC/Brain_DEI/brain/build/input/build/lib/src/data/Semaphores\n'}
[2.662420] (input) StdoutLine: {'line': b'copying src/data/Semaphores/processSemaphores.py -> /home/hisham/BFMC/Brain_DEI/brain/build/input/build/lib/src/data/Semaphores\n'}
[2.662567] (input) StdoutLine: {'line': b'copying src/data/Semaphores/__init__.py -> /home/hisham/BFMC/Brain_DEI/brain/build/input/build/lib/src/data/Semaphores\n'}
[2.662707] (unix_out) StdoutLine: {'line': b'running install_lib\n'}
[2.662844] (input) StdoutLine: {'line': b'creating /home/hisham/BFMC/Brain_DEI/brain/build/input/build/lib/src/data/TrafficCommunication/threads\n'}
[2.662999] (input) StdoutLine: {'line': b'copying src/data/TrafficCommunication/threads/__init__.py -> /home/hisham/BFMC/Brain_DEI/brain/build/input/build/lib/src/data/TrafficCommunication/threads\n'}
[2.663140] (input) StdoutLine: {'line': b'copying src/data/TrafficCommunication/threads/threadTrafficCommunication.py -> /home/hisham/BFMC/Brain_DEI/brain/build/input/build/lib/src/data/TrafficCommunication/threads\n'}
[2.663286] (input) StdoutLine: {'line': b'copying src/data/TrafficCommunication/threads/udpListener.py -> /home/hisham/BFMC/Brain_DEI/brain/build/input/build/lib/src/data/TrafficCommunication/threads\n'}
[2.663423] (input) StdoutLine: {'line': b'copying src/data/TrafficCommunication/threads/tcpClient.py -> /home/hisham/BFMC/Brain_DEI/brain/build/input/build/lib/src/data/TrafficCommunication/threads\n'}
[2.663573] (input) StdoutLine: {'line': b'creating /home/hisham/BFMC/Brain_DEI/brain/build/input/build/lib/src/data/TrafficCommunication/useful\n'}
[2.663699] (input) StdoutLine: {'line': b'copying src/data/TrafficCommunication/useful/__init__.py -> /home/hisham/BFMC/Brain_DEI/brain/build/input/build/lib/src/data/TrafficCommunication/useful\n'}
[2.663812] (input) StdoutLine: {'line': b'copying src/data/TrafficCommunication/useful/periodicTask.py -> /home/hisham/BFMC/Brain_DEI/brain/build/input/build/lib/src/data/TrafficCommunication/useful\n'}
[2.663927] (input) StdoutLine: {'line': b'copying src/data/TrafficCommunication/useful/keyDealer.py -> /home/hisham/BFMC/Brain_DEI/brain/build/input/build/lib/src/data/TrafficCommunication/useful\n'}
[2.664042] (input) StdoutLine: {'line': b'copying src/data/TrafficCommunication/useful/sharedMem.py -> /home/hisham/BFMC/Brain_DEI/brain/build/input/build/lib/src/data/TrafficCommunication/useful\n'}
[2.664158] (input) StdoutLine: {'line': b'creating /home/hisham/BFMC/Brain_DEI/brain/build/input/build/lib/src/data/Semaphores/threads\n'}
[2.664277] (input) StdoutLine: {'line': b'copying src/data/Semaphores/threads/threadSemaphores.py -> /home/hisham/BFMC/Brain_DEI/brain/build/input/build/lib/src/data/Semaphores/threads\n'}
[2.664415] (input) StdoutLine: {'line': b'copying src/data/Semaphores/threads/__init__.py -> /home/hisham/BFMC/Brain_DEI/brain/build/input/build/lib/src/data/Semaphores/threads\n'}
[2.664530] (input) StdoutLine: {'line': b'copying src/data/Semaphores/threads/udpListener.py -> /home/hisham/BFMC/Brain_DEI/brain/build/input/build/lib/src/data/Semaphores/threads\n'}
[2.664644] (input) StdoutLine: {'line': b'creating /home/hisham/BFMC/Brain_DEI/brain/build/input/build/lib/src/utils/messages\n'}
[2.664759] (input) StdoutLine: {'line': b'copying src/utils/messages/allMessages.py -> /home/hisham/BFMC/Brain_DEI/brain/build/input/build/lib/src/utils/messages\n'}
[2.664897] (input) StdoutLine: {'line': b'copying src/utils/messages/__init__.py -> /home/hisham/BFMC/Brain_DEI/brain/build/input/build/lib/src/utils/messages\n'}
[2.665012] (input) StdoutLine: {'line': b'copying src/utils/messages/messageHandlerSubscriber.py -> /home/hisham/BFMC/Brain_DEI/brain/build/input/build/lib/src/utils/messages\n'}
[2.665125] (input) StdoutLine: {'line': b'copying src/utils/messages/messageHandlerSender.py -> /home/hisham/BFMC/Brain_DEI/brain/build/input/build/lib/src/utils/messages\n'}
[2.665263] (input) StdoutLine: {'line': b'creating /home/hisham/BFMC/Brain_DEI/brain/build/input/build/lib/src/utils/ipManager\n'}
[2.665394] (input) StdoutLine: {'line': b'copying src/utils/ipManager/__init__.py -> /home/hisham/BFMC/Brain_DEI/brain/build/input/build/lib/src/utils/ipManager\n'}
[2.665515] (input) StdoutLine: {'line': b'copying src/utils/ipManager/IpReplacement.py -> /home/hisham/BFMC/Brain_DEI/brain/build/input/build/lib/src/utils/ipManager\n'}
[2.665633] (input) StdoutLine: {'line': b'running install\n'}
[2.670378] (input) StdoutLine: {'line': b'running install_lib\n'}
[2.675927] (output) StdoutLine: {'line': b'running install_data\n'}
[2.676708] (output) StdoutLine: {'line': b'running install_egg_info\n'}
[2.688233] (unix_out) StdoutLine: {'line': b'running install_data\n'}
[2.688913] (unix_out) StdoutLine: {'line': b'running install_egg_info\n'}
[2.694372] (input) StdoutLine: {'line': b'creating /home/hisham/BFMC/Brain_DEI/brain/install/input/lib/python3.12/site-packages/templates\n'}
[2.694561] (input) StdoutLine: {'line': b'copying /home/hisham/BFMC/Brain_DEI/brain/build/input/build/lib/templates/__init__.py -> /home/hisham/BFMC/Brain_DEI/brain/install/input/lib/python3.12/site-packages/templates\n'}
[2.694698] (input) StdoutLine: {'line': b'copying /home/hisham/BFMC/Brain_DEI/brain/build/input/build/lib/templates/workerprocess.py -> /home/hisham/BFMC/Brain_DEI/brain/install/input/lib/python3.12/site-packages/templates\n'}
[2.694861] (input) StdoutLine: {'line': b'copying /home/hisham/BFMC/Brain_DEI/brain/build/input/build/lib/templates/threadwithstop.py -> /home/hisham/BFMC/Brain_DEI/brain/install/input/lib/python3.12/site-packages/templates\n'}
[2.695008] (input) StdoutLine: {'line': b'creating /home/hisham/BFMC/Brain_DEI/brain/install/input/lib/python3.12/site-packages/src\n'}
[2.695152] (input) StdoutLine: {'line': b'creating /home/hisham/BFMC/Brain_DEI/brain/install/input/lib/python3.12/site-packages/src/templates\n'}
[2.695338] (input) StdoutLine: {'line': b'copying /home/hisham/BFMC/Brain_DEI/brain/build/input/build/lib/src/templates/__init__.py -> /home/hisham/BFMC/Brain_DEI/brain/install/input/lib/python3.12/site-packages/src/templates\n'}
[2.695473] (input) StdoutLine: {'line': b'copying /home/hisham/BFMC/Brain_DEI/brain/build/input/build/lib/src/templates/workerprocess.py -> /home/hisham/BFMC/Brain_DEI/brain/install/input/lib/python3.12/site-packages/src/templates\n'}
[2.695596] (input) StdoutLine: {'line': b'copying /home/hisham/BFMC/Brain_DEI/brain/build/input/build/lib/src/templates/threadwithstop.py -> /home/hisham/BFMC/Brain_DEI/brain/install/input/lib/python3.12/site-packages/src/templates\n'}
[2.695755] (input) StdoutLine: {'line': b'copying /home/hisham/BFMC/Brain_DEI/brain/build/input/build/lib/src/__init__.py -> /home/hisham/BFMC/Brain_DEI/brain/install/input/lib/python3.12/site-packages/src\n'}
[2.695893] (input) StdoutLine: {'line': b'creating /home/hisham/BFMC/Brain_DEI/brain/install/input/lib/python3.12/site-packages/src/data\n'}
[2.696036] (input) StdoutLine: {'line': b'copying /home/hisham/BFMC/Brain_DEI/brain/build/input/build/lib/src/data/trafficBridge.py -> /home/hisham/BFMC/Brain_DEI/brain/install/input/lib/python3.12/site-packages/src/data\n'}
[2.696170] (input) StdoutLine: {'line': b'copying /home/hisham/BFMC/Brain_DEI/brain/build/input/build/lib/src/data/__init__.py -> /home/hisham/BFMC/Brain_DEI/brain/install/input/lib/python3.12/site-packages/src/data\n'}
[2.696356] (input) StdoutLine: {'line': b'creating /home/hisham/BFMC/Brain_DEI/brain/install/input/lib/python3.12/site-packages/src/data/TrafficCommunication\n'}
[2.696515] (input) StdoutLine: {'line': b'creating /home/hisham/BFMC/Brain_DEI/brain/install/input/lib/python3.12/site-packages/src/data/TrafficCommunication/threads\n'}
[2.696656] (input) StdoutLine: {'line': b'copying /home/hisham/BFMC/Brain_DEI/brain/build/input/build/lib/src/data/TrafficCommunication/threads/__init__.py -> /home/hisham/BFMC/Brain_DEI/brain/install/input/lib/python3.12/site-packages/src/data/TrafficCommunication/threads\n'}
[2.696796] (input) StdoutLine: {'line': b'copying /home/hisham/BFMC/Brain_DEI/brain/build/input/build/lib/src/data/TrafficCommunication/threads/threadTrafficCommunication.py -> /home/hisham/BFMC/Brain_DEI/brain/install/input/lib/python3.12/site-packages/src/data/TrafficCommunication/threads\n'}
[2.696939] (input) StdoutLine: {'line': b'copying /home/hisham/BFMC/Brain_DEI/brain/build/input/build/lib/src/data/TrafficCommunication/threads/udpListener.py -> /home/hisham/BFMC/Brain_DEI/brain/install/input/lib/python3.12/site-packages/src/data/TrafficCommunication/threads\n'}
[2.697082] (input) StdoutLine: {'line': b'copying /home/hisham/BFMC/Brain_DEI/brain/build/input/build/lib/src/data/TrafficCommunication/threads/tcpClient.py -> /home/hisham/BFMC/Brain_DEI/brain/install/input/lib/python3.12/site-packages/src/data/TrafficCommunication/threads\n'}
[2.697240] (input) StdoutLine: {'line': b'copying /home/hisham/BFMC/Brain_DEI/brain/build/input/build/lib/src/data/TrafficCommunication/processTrafficCommunication.py -> /home/hisham/BFMC/Brain_DEI/brain/install/input/lib/python3.12/site-packages/src/data/TrafficCommunication\n'}
[2.697394] (input) StdoutLine: {'line': b'copying /home/hisham/BFMC/Brain_DEI/brain/build/input/build/lib/src/data/TrafficCommunication/__init__.py -> /home/hisham/BFMC/Brain_DEI/brain/install/input/lib/python3.12/site-packages/src/data/TrafficCommunication\n'}
[2.697546] (input) StdoutLine: {'line': b'creating /home/hisham/BFMC/Brain_DEI/brain/install/input/lib/python3.12/site-packages/src/data/TrafficCommunication/useful\n'}
[2.697687] (input) StdoutLine: {'line': b'copying /home/hisham/BFMC/Brain_DEI/brain/build/input/build/lib/src/data/TrafficCommunication/useful/__init__.py -> /home/hisham/BFMC/Brain_DEI/brain/install/input/lib/python3.12/site-packages/src/data/TrafficCommunication/useful\n'}
[2.697837] (input) StdoutLine: {'line': b'copying /home/hisham/BFMC/Brain_DEI/brain/build/input/build/lib/src/data/TrafficCommunication/useful/periodicTask.py -> /home/hisham/BFMC/Brain_DEI/brain/install/input/lib/python3.12/site-packages/src/data/TrafficCommunication/useful\n'}
[2.697980] (input) StdoutLine: {'line': b'copying /home/hisham/BFMC/Brain_DEI/brain/build/input/build/lib/src/data/TrafficCommunication/useful/keyDealer.py -> /home/hisham/BFMC/Brain_DEI/brain/install/input/lib/python3.12/site-packages/src/data/TrafficCommunication/useful\n'}
[2.698118] (input) StdoutLine: {'line': b'copying /home/hisham/BFMC/Brain_DEI/brain/build/input/build/lib/src/data/TrafficCommunication/useful/sharedMem.py -> /home/hisham/BFMC/Brain_DEI/brain/install/input/lib/python3.12/site-packages/src/data/TrafficCommunication/useful\n'}
[2.698267] (input) StdoutLine: {'line': b'copying /home/hisham/BFMC/Brain_DEI/brain/build/input/build/lib/src/data/semaphoreBridge.py -> /home/hisham/BFMC/Brain_DEI/brain/install/input/lib/python3.12/site-packages/src/data\n'}
[2.698432] (input) StdoutLine: {'line': b'creating /home/hisham/BFMC/Brain_DEI/brain/install/input/lib/python3.12/site-packages/src/data/Semaphores\n'}
[2.698563] (input) StdoutLine: {'line': b'creating /home/hisham/BFMC/Brain_DEI/brain/install/input/lib/python3.12/site-packages/src/data/Semaphores/threads\n'}
[2.698703] (input) StdoutLine: {'line': b'copying /home/hisham/BFMC/Brain_DEI/brain/build/input/build/lib/src/data/Semaphores/threads/threadSemaphores.py -> /home/hisham/BFMC/Brain_DEI/brain/install/input/lib/python3.12/site-packages/src/data/Semaphores/threads\n'}
[2.698840] (input) StdoutLine: {'line': b'copying /home/hisham/BFMC/Brain_DEI/brain/build/input/build/lib/src/data/Semaphores/threads/__init__.py -> /home/hisham/BFMC/Brain_DEI/brain/install/input/lib/python3.12/site-packages/src/data/Semaphores/threads\n'}
[2.698980] (input) StdoutLine: {'line': b'copying /home/hisham/BFMC/Brain_DEI/brain/build/input/build/lib/src/data/Semaphores/threads/udpListener.py -> /home/hisham/BFMC/Brain_DEI/brain/install/input/lib/python3.12/site-packages/src/data/Semaphores/threads\n'}
[2.699097] (input) StdoutLine: {'line': b'copying /home/hisham/BFMC/Brain_DEI/brain/build/input/build/lib/src/data/Semaphores/processSemaphores.py -> /home/hisham/BFMC/Brain_DEI/brain/install/input/lib/python3.12/site-packages/src/data/Semaphores\n'}
[2.699236] (input) StdoutLine: {'line': b'copying /home/hisham/BFMC/Brain_DEI/brain/build/input/build/lib/src/data/Semaphores/__init__.py -> /home/hisham/BFMC/Brain_DEI/brain/install/input/lib/python3.12/site-packages/src/data/Semaphores\n'}
[2.699408] (input) StdoutLine: {'line': b'creating /home/hisham/BFMC/Brain_DEI/brain/install/input/lib/python3.12/site-packages/src/gpstracker\n'}
[2.699542] (input) StdoutLine: {'line': b'copying /home/hisham/BFMC/Brain_DEI/brain/build/input/build/lib/src/gpstracker/util.py -> /home/hisham/BFMC/Brain_DEI/brain/install/input/lib/python3.12/site-packages/src/gpstracker\n'}
[2.699700] (input) StdoutLine: {'line': b'copying /home/hisham/BFMC/Brain_DEI/brain/build/input/build/lib/src/gpstracker/__init__.py -> /home/hisham/BFMC/Brain_DEI/brain/install/input/lib/python3.12/site-packages/src/gpstracker\n'}
[2.699838] (input) StdoutLine: {'line': b'copying /home/hisham/BFMC/Brain_DEI/brain/build/input/build/lib/src/gpstracker/locsys.py -> /home/hisham/BFMC/Brain_DEI/brain/install/input/lib/python3.12/site-packages/src/gpstracker\n'}
[2.699988] (input) StdoutLine: {'line': b'copying /home/hisham/BFMC/Brain_DEI/brain/build/input/build/lib/src/gpstracker/position_listener.py -> /home/hisham/BFMC/Brain_DEI/brain/install/input/lib/python3.12/site-packages/src/gpstracker\n'}
[2.700122] (input) StdoutLine: {'line': b'copying /home/hisham/BFMC/Brain_DEI/brain/build/input/build/lib/src/gpstracker/server_listener.py -> /home/hisham/BFMC/Brain_DEI/brain/install/input/lib/python3.12/site-packages/src/gpstracker\n'}
[2.700271] (input) StdoutLine: {'line': b'copying /home/hisham/BFMC/Brain_DEI/brain/build/input/build/lib/src/gpstracker/gpstrackerNODE.py -> /home/hisham/BFMC/Brain_DEI/brain/install/input/lib/python3.12/site-packages/src/gpstracker\n'}
[2.700421] (input) StdoutLine: {'line': b'copying /home/hisham/BFMC/Brain_DEI/brain/build/input/build/lib/src/gpstracker/complexDealer.py -> /home/hisham/BFMC/Brain_DEI/brain/install/input/lib/python3.12/site-packages/src/gpstracker\n'}
[2.700559] (input) StdoutLine: {'line': b'copying /home/hisham/BFMC/Brain_DEI/brain/build/input/build/lib/src/gpstracker/server_data.py -> /home/hisham/BFMC/Brain_DEI/brain/install/input/lib/python3.12/site-packages/src/gpstracker\n'}
[2.700708] (input) StdoutLine: {'line': b'copying /home/hisham/BFMC/Brain_DEI/brain/build/input/build/lib/src/gpstracker/server_subscriber.py -> /home/hisham/BFMC/Brain_DEI/brain/install/input/lib/python3.12/site-packages/src/gpstracker\n'}
[2.700861] (input) StdoutLine: {'line': b'creating /home/hisham/BFMC/Brain_DEI/brain/install/input/lib/python3.12/site-packages/src/utils\n'}
[2.701054] (input) StdoutLine: {'line': b'copying /home/hisham/BFMC/Brain_DEI/brain/build/input/build/lib/src/utils/__init__.py -> /home/hisham/BFMC/Brain_DEI/brain/install/input/lib/python3.12/site-packages/src/utils\n'}
[2.701191] (input) StdoutLine: {'line': b'creating /home/hisham/BFMC/Brain_DEI/brain/install/input/lib/python3.12/site-packages/src/utils/messages\n'}
[2.701320] (input) StdoutLine: {'line': b'copying /home/hisham/BFMC/Brain_DEI/brain/build/input/build/lib/src/utils/messages/allMessages.py -> /home/hisham/BFMC/Brain_DEI/brain/install/input/lib/python3.12/site-packages/src/utils/messages\n'}
[2.701435] (input) StdoutLine: {'line': b'copying /home/hisham/BFMC/Brain_DEI/brain/build/input/build/lib/src/utils/messages/__init__.py -> /home/hisham/BFMC/Brain_DEI/brain/install/input/lib/python3.12/site-packages/src/utils/messages\n'}
[2.701548] (input) StdoutLine: {'line': b'copying /home/hisham/BFMC/Brain_DEI/brain/build/input/build/lib/src/utils/messages/messageHandlerSubscriber.py -> /home/hisham/BFMC/Brain_DEI/brain/install/input/lib/python3.12/site-packages/src/utils/messages\n'}
[2.701661] (input) StdoutLine: {'line': b'copying /home/hisham/BFMC/Brain_DEI/brain/build/input/build/lib/src/utils/messages/messageHandlerSender.py -> /home/hisham/BFMC/Brain_DEI/brain/install/input/lib/python3.12/site-packages/src/utils/messages\n'}
[2.701785] (input) StdoutLine: {'line': b'creating /home/hisham/BFMC/Brain_DEI/brain/install/input/lib/python3.12/site-packages/src/utils/ipManager\n'}
[2.701919] (input) StdoutLine: {'line': b'copying /home/hisham/BFMC/Brain_DEI/brain/build/input/build/lib/src/utils/ipManager/__init__.py -> /home/hisham/BFMC/Brain_DEI/brain/install/input/lib/python3.12/site-packages/src/utils/ipManager\n'}
[2.702049] (input) StdoutLine: {'line': b'copying /home/hisham/BFMC/Brain_DEI/brain/build/input/build/lib/src/utils/ipManager/IpReplacement.py -> /home/hisham/BFMC/Brain_DEI/brain/install/input/lib/python3.12/site-packages/src/utils/ipManager\n'}
[2.702165] (input) StdoutLine: {'line': b'copying /home/hisham/BFMC/Brain_DEI/brain/build/input/build/lib/data/trafficBridge.py -> /home/hisham/BFMC/Brain_DEI/brain/install/input/lib/python3.12/site-packages/data\n'}
[2.702312] (input) StdoutLine: {'line': b'creating /home/hisham/BFMC/Brain_DEI/brain/install/input/lib/python3.12/site-packages/data/TrafficCommunication\n'}
[2.702424] (input) StdoutLine: {'line': b'creating /home/hisham/BFMC/Brain_DEI/brain/install/input/lib/python3.12/site-packages/data/TrafficCommunication/threads\n'}
[2.702535] (input) StdoutLine: {'line': b'copying /home/hisham/BFMC/Brain_DEI/brain/build/input/build/lib/data/TrafficCommunication/threads/__init__.py -> /home/hisham/BFMC/Brain_DEI/brain/install/input/lib/python3.12/site-packages/data/TrafficCommunication/threads\n'}
[2.702648] (input) StdoutLine: {'line': b'copying /home/hisham/BFMC/Brain_DEI/brain/build/input/build/lib/data/TrafficCommunication/threads/threadTrafficCommunication.py -> /home/hisham/BFMC/Brain_DEI/brain/install/input/lib/python3.12/site-packages/data/TrafficCommunication/threads\n'}
[2.702788] (input) StdoutLine: {'line': b'copying /home/hisham/BFMC/Brain_DEI/brain/build/input/build/lib/data/TrafficCommunication/threads/udpListener.py -> /home/hisham/BFMC/Brain_DEI/brain/install/input/lib/python3.12/site-packages/data/TrafficCommunication/threads\n'}
[2.702901] (input) StdoutLine: {'line': b'copying /home/hisham/BFMC/Brain_DEI/brain/build/input/build/lib/data/TrafficCommunication/threads/tcpClient.py -> /home/hisham/BFMC/Brain_DEI/brain/install/input/lib/python3.12/site-packages/data/TrafficCommunication/threads\n'}
[2.703021] (input) StdoutLine: {'line': b'copying /home/hisham/BFMC/Brain_DEI/brain/build/input/build/lib/data/TrafficCommunication/processTrafficCommunication.py -> /home/hisham/BFMC/Brain_DEI/brain/install/input/lib/python3.12/site-packages/data/TrafficCommunication\n'}
[2.703168] (input) StdoutLine: {'line': b'copying /home/hisham/BFMC/Brain_DEI/brain/build/input/build/lib/data/TrafficCommunication/__init__.py -> /home/hisham/BFMC/Brain_DEI/brain/install/input/lib/python3.12/site-packages/data/TrafficCommunication\n'}
[2.703329] (input) StdoutLine: {'line': b'creating /home/hisham/BFMC/Brain_DEI/brain/install/input/lib/python3.12/site-packages/data/TrafficCommunication/useful\n'}
[2.703442] (input) StdoutLine: {'line': b'copying /home/hisham/BFMC/Brain_DEI/brain/build/input/build/lib/data/TrafficCommunication/useful/__init__.py -> /home/hisham/BFMC/Brain_DEI/brain/install/input/lib/python3.12/site-packages/data/TrafficCommunication/useful\n'}
[2.703559] (input) StdoutLine: {'line': b'copying /home/hisham/BFMC/Brain_DEI/brain/build/input/build/lib/data/TrafficCommunication/useful/periodicTask.py -> /home/hisham/BFMC/Brain_DEI/brain/install/input/lib/python3.12/site-packages/data/TrafficCommunication/useful\n'}
[2.703686] (input) StdoutLine: {'line': b'copying /home/hisham/BFMC/Brain_DEI/brain/build/input/build/lib/data/TrafficCommunication/useful/keyDealer.py -> /home/hisham/BFMC/Brain_DEI/brain/install/input/lib/python3.12/site-packages/data/TrafficCommunication/useful\n'}
[2.703822] (input) StdoutLine: {'line': b'copying /home/hisham/BFMC/Brain_DEI/brain/build/input/build/lib/data/TrafficCommunication/useful/sharedMem.py -> /home/hisham/BFMC/Brain_DEI/brain/install/input/lib/python3.12/site-packages/data/TrafficCommunication/useful\n'}
[2.703945] (input) StdoutLine: {'line': b'creating /home/hisham/BFMC/Brain_DEI/brain/install/input/lib/python3.12/site-packages/data/Semaphores\n'}
[2.704084] (output) StdoutLine: {'line': b"removing '/home/hisham/BFMC/Brain_DEI/brain/install/output/lib/python3.12/site-packages/output-0.0.0-py3.12.egg-info' (and everything under it)\n"}
[2.704214] (input) StdoutLine: {'line': b'creating /home/hisham/BFMC/Brain_DEI/brain/install/input/lib/python3.12/site-packages/data/Semaphores/threads\n'}
[2.704346] (output) StdoutLine: {'line': b'Copying ../../../build/output/output.egg-info to /home/hisham/BFMC/Brain_DEI/brain/install/output/lib/python3.12/site-packages/output-0.0.0-py3.12.egg-info\n'}
[2.704463] (input) StdoutLine: {'line': b'copying /home/hisham/BFMC/Brain_DEI/brain/build/input/build/lib/data/Semaphores/threads/threadSemaphores.py -> /home/hisham/BFMC/Brain_DEI/brain/install/input/lib/python3.12/site-packages/data/Semaphores/threads\n'}
[2.704577] (input) StdoutLine: {'line': b'copying /home/hisham/BFMC/Brain_DEI/brain/build/input/build/lib/data/Semaphores/threads/__init__.py -> /home/hisham/BFMC/Brain_DEI/brain/install/input/lib/python3.12/site-packages/data/Semaphores/threads\n'}
[2.704692] (input) StdoutLine: {'line': b'copying /home/hisham/BFMC/Brain_DEI/brain/build/input/build/lib/data/Semaphores/threads/udpListener.py -> /home/hisham/BFMC/Brain_DEI/brain/install/input/lib/python3.12/site-packages/data/Semaphores/threads\n'}
[2.704802] (-) TimerEvent: {}
[2.704906] (input) StdoutLine: {'line': b'copying /home/hisham/BFMC/Brain_DEI/brain/build/input/build/lib/data/Semaphores/processSemaphores.py -> /home/hisham/BFMC/Brain_DEI/brain/install/input/lib/python3.12/site-packages/data/Semaphores\n'}
[2.705028] (input) StdoutLine: {'line': b'copying /home/hisham/BFMC/Brain_DEI/brain/build/input/build/lib/data/Semaphores/__init__.py -> /home/hisham/BFMC/Brain_DEI/brain/install/input/lib/python3.12/site-packages/data/Semaphores\n'}
[2.705175] (output) StdoutLine: {'line': b'running install_scripts\n'}
[2.705309] (input) StdoutLine: {'line': b'byte-compiling /home/hisham/BFMC/Brain_DEI/brain/install/input/lib/python3.12/site-packages/templates/__init__.py to __init__.cpython-312.pyc\n'}
[2.705454] (input) StdoutLine: {'line': b'byte-compiling /home/hisham/BFMC/Brain_DEI/brain/install/input/lib/python3.12/site-packages/templates/workerprocess.py to workerprocess.cpython-312.pyc\n'}
[2.705592] (input) StdoutLine: {'line': b'byte-compiling /home/hisham/BFMC/Brain_DEI/brain/install/input/lib/python3.12/site-packages/templates/threadwithstop.py to threadwithstop.cpython-312.pyc\n'}
[2.705708] (input) StdoutLine: {'line': b'byte-compiling /home/hisham/BFMC/Brain_DEI/brain/install/input/lib/python3.12/site-packages/src/templates/__init__.py to __init__.cpython-312.pyc\n'}
[2.705820] (input) StdoutLine: {'line': b'byte-compiling /home/hisham/BFMC/Brain_DEI/brain/install/input/lib/python3.12/site-packages/src/templates/workerprocess.py to workerprocess.cpython-312.pyc\n'}
[2.705959] (input) StdoutLine: {'line': b'byte-compiling /home/hisham/BFMC/Brain_DEI/brain/install/input/lib/python3.12/site-packages/src/templates/threadwithstop.py to threadwithstop.cpython-312.pyc\n'}
[2.706075] (input) StdoutLine: {'line': b'byte-compiling /home/hisham/BFMC/Brain_DEI/brain/install/input/lib/python3.12/site-packages/src/__init__.py to __init__.cpython-312.pyc\n'}
[2.706190] (input) StdoutLine: {'line': b'byte-compiling /home/hisham/BFMC/Brain_DEI/brain/install/input/lib/python3.12/site-packages/src/data/trafficBridge.py to trafficBridge.cpython-312.pyc\n'}
[2.706338] (input) StdoutLine: {'line': b'byte-compiling /home/hisham/BFMC/Brain_DEI/brain/install/input/lib/python3.12/site-packages/src/data/__init__.py to __init__.cpython-312.pyc\n'}
[2.706468] (input) StdoutLine: {'line': b'byte-compiling /home/hisham/BFMC/Brain_DEI/brain/install/input/lib/python3.12/site-packages/src/data/TrafficCommunication/threads/__init__.py to __init__.cpython-312.pyc\n'}
[2.706610] (input) StdoutLine: {'line': b'byte-compiling /home/hisham/BFMC/Brain_DEI/brain/install/input/lib/python3.12/site-packages/src/data/TrafficCommunication/threads/threadTrafficCommunication.py to threadTrafficCommunication.cpython-312.pyc\n'}
[2.706735] (input) StdoutLine: {'line': b'byte-compiling /home/hisham/BFMC/Brain_DEI/brain/install/input/lib/python3.12/site-packages/src/data/TrafficCommunication/threads/udpListener.py to udpListener.cpython-312.pyc\n'}
[2.706849] (input) StdoutLine: {'line': b'byte-compiling /home/hisham/BFMC/Brain_DEI/brain/install/input/lib/python3.12/site-packages/src/data/TrafficCommunication/threads/tcpClient.py to tcpClient.cpython-312.pyc\n'}
[2.707177] (input) StdoutLine: {'line': b'byte-compiling /home/hisham/BFMC/Brain_DEI/brain/install/input/lib/python3.12/site-packages/src/data/TrafficCommunication/processTrafficCommunication.py to processTrafficCommunication.cpython-312.pyc\n'}
[2.707759] (input) StdoutLine: {'line': b'byte-compiling /home/hisham/BFMC/Brain_DEI/brain/install/input/lib/python3.12/site-packages/src/data/TrafficCommunication/__init__.py to __init__.cpython-312.pyc\n'}
[2.707915] (input) StdoutLine: {'line': b'byte-compiling /home/hisham/BFMC/Brain_DEI/brain/install/input/lib/python3.12/site-packages/src/data/TrafficCommunication/useful/__init__.py to __init__.cpython-312.pyc\n'}
[2.708066] (input) StdoutLine: {'line': b'byte-compiling /home/hisham/BFMC/Brain_DEI/brain/install/input/lib/python3.12/site-packages/src/data/TrafficCommunication/useful/periodicTask.py to periodicTask.cpython-312.pyc\n'}
[2.708410] (input) StdoutLine: {'line': b'byte-compiling /home/hisham/BFMC/Brain_DEI/brain/install/input/lib/python3.12/site-packages/src/data/TrafficCommunication/useful/keyDealer.py to keyDealer.cpython-312.pyc\n'}
[2.709018] (input) StdoutLine: {'line': b'byte-compiling /home/hisham/BFMC/Brain_DEI/brain/install/input/lib/python3.12/site-packages/src/data/TrafficCommunication/useful/sharedMem.py to sharedMem.cpython-312.pyc\n'}
[2.709641] (input) StdoutLine: {'line': b'byte-compiling /home/hisham/BFMC/Brain_DEI/brain/install/input/lib/python3.12/site-packages/src/data/semaphoreBridge.py to semaphoreBridge.cpython-312.pyc\n'}
[2.710482] (input) StdoutLine: {'line': b'byte-compiling /home/hisham/BFMC/Brain_DEI/brain/install/input/lib/python3.12/site-packages/src/data/Semaphores/threads/threadSemaphores.py to threadSemaphores.cpython-312.pyc\n'}
[2.710850] (input) StdoutLine: {'line': b'byte-compiling /home/hisham/BFMC/Brain_DEI/brain/install/input/lib/python3.12/site-packages/src/data/Semaphores/threads/__init__.py to __init__.cpython-312.pyc\n'}
[2.711003] (input) StdoutLine: {'line': b'byte-compiling /home/hisham/BFMC/Brain_DEI/brain/install/input/lib/python3.12/site-packages/src/data/Semaphores/threads/udpListener.py to udpListener.cpython-312.pyc\n'}
[2.711400] (input) StdoutLine: {'line': b'byte-compiling /home/hisham/BFMC/Brain_DEI/brain/install/input/lib/python3.12/site-packages/src/data/Semaphores/processSemaphores.py to processSemaphores.cpython-312.pyc\n'}
[2.711813] (input) StdoutLine: {'line': b'byte-compiling /home/hisham/BFMC/Brain_DEI/brain/install/input/lib/python3.12/site-packages/src/data/Semaphores/__init__.py to __init__.cpython-312.pyc\n'}
[2.711965] (input) StdoutLine: {'line': b'byte-compiling /home/hisham/BFMC/Brain_DEI/brain/install/input/lib/python3.12/site-packages/src/gpstracker/util.py to util.cpython-312.pyc\n'}
[2.712569] (input) StdoutLine: {'line': b'byte-compiling /home/hisham/BFMC/Brain_DEI/brain/install/input/lib/python3.12/site-packages/src/gpstracker/__init__.py to __init__.cpython-312.pyc\n'}
[2.712725] (input) StdoutLine: {'line': b'byte-compiling /home/hisham/BFMC/Brain_DEI/brain/install/input/lib/python3.12/site-packages/src/gpstracker/locsys.py to locsys.cpython-312.pyc\n'}
[2.713139] (input) StdoutLine: {'line': b'byte-compiling /home/hisham/BFMC/Brain_DEI/brain/install/input/lib/python3.12/site-packages/src/gpstracker/position_listener.py to position_listener.cpython-312.pyc\n'}
[2.713595] (input) StdoutLine: {'line': b'byte-compiling /home/hisham/BFMC/Brain_DEI/brain/install/input/lib/python3.12/site-packages/src/gpstracker/server_listener.py to server_listener.cpython-312.pyc\n'}
[2.714039] (input) StdoutLine: {'line': b'byte-compiling /home/hisham/BFMC/Brain_DEI/brain/install/input/lib/python3.12/site-packages/src/gpstracker/gpstrackerNODE.py to gpstrackerNODE.cpython-312.pyc\n'}
[2.714627] (input) StdoutLine: {'line': b'byte-compiling /home/hisham/BFMC/Brain_DEI/brain/install/input/lib/python3.12/site-packages/src/gpstracker/complexDealer.py to complexDealer.cpython-312.pyc\n'}
[2.714976] (input) StdoutLine: {'line': b'byte-compiling /home/hisham/BFMC/Brain_DEI/brain/install/input/lib/python3.12/site-packages/src/gpstracker/server_data.py to server_data.cpython-312.pyc\n'}
[2.715294] (input) StdoutLine: {'line': b'byte-compiling /home/hisham/BFMC/Brain_DEI/brain/install/input/lib/python3.12/site-packages/src/gpstracker/server_subscriber.py to server_subscriber.cpython-312.pyc\n'}
[2.715792] (input) StdoutLine: {'line': b'byte-compiling /home/hisham/BFMC/Brain_DEI/brain/install/input/lib/python3.12/site-packages/src/utils/__init__.py to __init__.cpython-312.pyc\n'}
[2.715957] (input) StdoutLine: {'line': b'byte-compiling /home/hisham/BFMC/Brain_DEI/brain/install/input/lib/python3.12/site-packages/src/utils/messages/allMessages.py to allMessages.cpython-312.pyc\n'}
[2.716880] (input) StdoutLine: {'line': b'byte-compiling /home/hisham/BFMC/Brain_DEI/brain/install/input/lib/python3.12/site-packages/src/utils/messages/__init__.py to __init__.cpython-312.pyc\n'}
[2.717037] (input) StdoutLine: {'line': b'byte-compiling /home/hisham/BFMC/Brain_DEI/brain/install/input/lib/python3.12/site-packages/src/utils/messages/messageHandlerSubscriber.py to messageHandlerSubscriber.cpython-312.pyc\n'}
[2.717699] (input) StdoutLine: {'line': b'byte-compiling /home/hisham/BFMC/Brain_DEI/brain/install/input/lib/python3.12/site-packages/src/utils/messages/messageHandlerSender.py to messageHandlerSender.cpython-312.pyc\n'}
[2.717959] (input) StdoutLine: {'line': b'byte-compiling /home/hisham/BFMC/Brain_DEI/brain/install/input/lib/python3.12/site-packages/src/utils/ipManager/__init__.py to __init__.cpython-312.pyc\n'}
[2.718115] (input) StdoutLine: {'line': b'byte-compiling /home/hisham/BFMC/Brain_DEI/brain/install/input/lib/python3.12/site-packages/src/utils/ipManager/IpReplacement.py to IpReplacement.cpython-312.pyc\n'}
[2.718814] (input) StdoutLine: {'line': b'byte-compiling /home/hisham/BFMC/Brain_DEI/brain/install/input/lib/python3.12/site-packages/data/trafficBridge.py to trafficBridge.cpython-312.pyc\n'}
[2.719750] (input) StdoutLine: {'line': b'byte-compiling /home/hisham/BFMC/Brain_DEI/brain/install/input/lib/python3.12/site-packages/data/TrafficCommunication/threads/__init__.py to __init__.cpython-312.pyc\n'}
[2.719907] (input) StdoutLine: {'line': b'byte-compiling /home/hisham/BFMC/Brain_DEI/brain/install/input/lib/python3.12/site-packages/data/TrafficCommunication/threads/threadTrafficCommunication.py to threadTrafficCommunication.cpython-312.pyc\n'}
[2.720356] (input) StdoutLine: {'line': b'byte-compiling /home/hisham/BFMC/Brain_DEI/brain/install/input/lib/python3.12/site-packages/data/TrafficCommunication/threads/udpListener.py to udpListener.cpython-312.pyc\n'}
[2.720758] (input) StdoutLine: {'line': b'byte-compiling /home/hisham/BFMC/Brain_DEI/brain/install/input/lib/python3.12/site-packages/data/TrafficCommunication/threads/tcpClient.py to tcpClient.cpython-312.pyc\n'}
[2.721450] (input) StdoutLine: {'line': b'byte-compiling /home/hisham/BFMC/Brain_DEI/brain/install/input/lib/python3.12/site-packages/data/TrafficCommunication/processTrafficCommunication.py to processTrafficCommunication.cpython-312.pyc\n'}
[2.721753] (unix_out) StdoutLine: {'line': b"removing '/home/hisham/BFMC/Brain_DEI/brain/install/unix_out/lib/python3.12/site-packages/unix_out-0.0.0-py3.12.egg-info' (and everything under it)\n"}
[2.721986] (input) StdoutLine: {'line': b'byte-compiling /home/hisham/BFMC/Brain_DEI/brain/install/input/lib/python3.12/site-packages/data/TrafficCommunication/__init__.py to __init__.cpython-312.pyc\n'}
[2.722158] (unix_out) StdoutLine: {'line': b'Copying ../../build/unix_out/unix_out.egg-info to /home/hisham/BFMC/Brain_DEI/brain/install/unix_out/lib/python3.12/site-packages/unix_out-0.0.0-py3.12.egg-info\n'}
[2.722311] (input) StdoutLine: {'line': b'byte-compiling /home/hisham/BFMC/Brain_DEI/brain/install/input/lib/python3.12/site-packages/data/TrafficCommunication/useful/__init__.py to __init__.cpython-312.pyc\n'}
[2.722437] (input) StdoutLine: {'line': b'byte-compiling /home/hisham/BFMC/Brain_DEI/brain/install/input/lib/python3.12/site-packages/data/TrafficCommunication/useful/periodicTask.py to periodicTask.cpython-312.pyc\n'}
[2.722614] (input) StdoutLine: {'line': b'byte-compiling /home/hisham/BFMC/Brain_DEI/brain/install/input/lib/python3.12/site-packages/data/TrafficCommunication/useful/keyDealer.py to keyDealer.cpython-312.pyc\n'}
[2.723106] (unix_out) StdoutLine: {'line': b'running install_scripts\n'}
[2.723216] (input) StdoutLine: {'line': b'byte-compiling /home/hisham/BFMC/Brain_DEI/brain/install/input/lib/python3.12/site-packages/data/TrafficCommunication/useful/sharedMem.py to sharedMem.cpython-312.pyc\n'}
[2.723868] (input) StdoutLine: {'line': b'byte-compiling /home/hisham/BFMC/Brain_DEI/brain/install/input/lib/python3.12/site-packages/data/Semaphores/threads/threadSemaphores.py to threadSemaphores.cpython-312.pyc\n'}
[2.724230] (input) StdoutLine: {'line': b'byte-compiling /home/hisham/BFMC/Brain_DEI/brain/install/input/lib/python3.12/site-packages/data/Semaphores/threads/__init__.py to __init__.cpython-312.pyc\n'}
[2.724385] (input) StdoutLine: {'line': b'byte-compiling /home/hisham/BFMC/Brain_DEI/brain/install/input/lib/python3.12/site-packages/data/Semaphores/threads/udpListener.py to udpListener.cpython-312.pyc\n'}
[2.724768] (input) StdoutLine: {'line': b'byte-compiling /home/hisham/BFMC/Brain_DEI/brain/install/input/lib/python3.12/site-packages/data/Semaphores/processSemaphores.py to processSemaphores.cpython-312.pyc\n'}
[2.725180] (input) StdoutLine: {'line': b'byte-compiling /home/hisham/BFMC/Brain_DEI/brain/install/input/lib/python3.12/site-packages/data/Semaphores/__init__.py to __init__.cpython-312.pyc\n'}
[2.725949] (input) StdoutLine: {'line': b'running install_data\n'}
[2.726551] (input) StdoutLine: {'line': b'running install_egg_info\n'}
[2.751244] (input) StdoutLine: {'line': b"removing '/home/hisham/BFMC/Brain_DEI/brain/install/input/lib/python3.12/site-packages/input-0.0.0-py3.12.egg-info' (and everything under it)\n"}
[2.751467] (input) StdoutLine: {'line': b'Copying ../../build/input/input.egg-info to /home/hisham/BFMC/Brain_DEI/brain/install/input/lib/python3.12/site-packages/input-0.0.0-py3.12.egg-info\n'}
[2.752406] (input) StdoutLine: {'line': b'running install_scripts\n'}
[2.804912] (-) TimerEvent: {}
[2.842650] (output) StdoutLine: {'line': b"writing list of installed files to '/home/hisham/BFMC/Brain_DEI/brain/build/output/install.log'\n"}
[2.863818] (output) CommandEnded: {'returncode': 0}
[2.867711] (unix_out) StdoutLine: {'line': b'Installing camera_to_socket script to /home/hisham/BFMC/Brain_DEI/brain/install/unix_out/lib/unix_out\n'}
[2.868031] (unix_out) StdoutLine: {'line': b'Installing lidar_to_socket script to /home/hisham/BFMC/Brain_DEI/brain/install/unix_out/lib/unix_out\n'}
[2.868144] (unix_out) StdoutLine: {'line': b'Installing metrics_to_socket script to /home/hisham/BFMC/Brain_DEI/brain/install/unix_out/lib/unix_out\n'}
[2.868383] (unix_out) StdoutLine: {'line': b"writing list of installed files to '/home/hisham/BFMC/Brain_DEI/brain/build/unix_out/install.log'\n"}
[2.869451] (output) JobEnded: {'identifier': 'output', 'rc': 0}
[2.890741] (unix_out) CommandEnded: {'returncode': 0}
[2.895535] (unix_out) JobEnded: {'identifier': 'unix_out', 'rc': 0}
[2.899098] (input) StdoutLine: {'line': b'Installing gpstrackerNODE script to /home/hisham/BFMC/Brain_DEI/brain/install/input/lib/input\n'}
[2.899440] (input) StdoutLine: {'line': b'Installing imuNODE script to /home/hisham/BFMC/Brain_DEI/brain/install/input/lib/input\n'}
[2.899572] (input) StdoutLine: {'line': b'Installing semaphoreBridgeNODE script to /home/hisham/BFMC/Brain_DEI/brain/install/input/lib/input\n'}
[2.899672] (input) StdoutLine: {'line': b'Installing semaphoreNODE script to /home/hisham/BFMC/Brain_DEI/brain/install/input/lib/input\n'}
[2.899775] (input) StdoutLine: {'line': b'Installing sonarNODE script to /home/hisham/BFMC/Brain_DEI/brain/install/input/lib/input\n'}
[2.899888] (input) StdoutLine: {'line': b'Installing trafficBridgeNODE script to /home/hisham/BFMC/Brain_DEI/brain/install/input/lib/input\n'}
[2.901622] (input) StdoutLine: {'line': b"writing list of installed files to '/home/hisham/BFMC/Brain_DEI/brain/build/input/install.log'\n"}
[2.904986] (-) TimerEvent: {}
[2.921842] (input) CommandEnded: {'returncode': 0}
[2.927930] (input) JobEnded: {'identifier': 'input', 'rc': 0}
[2.928383] (-) EventReactorShutdown: {}
