[0.000000] (-) TimerEvent: {}
[0.001084] (utils) JobQueued: {'identifier': 'utils', 'dependencies': OrderedDict()}
[0.001389] (input) JobQueued: {'identifier': 'input', 'dependencies': OrderedDict({'utils': '/uros_ws/Brain_DEI/brain/install/utils'})}
[0.001711] (output) JobQueued: {'identifier': 'output', 'dependencies': OrderedDict({'utils': '/uros_ws/Brain_DEI/brain/install/utils'})}
[0.001819] (unix_out) JobQueued: {'identifier': 'unix_out', 'dependencies': OrderedDict({'utils': '/uros_ws/Brain_DEI/brain/install/utils'})}
[0.001903] (utils) JobStarted: {'identifier': 'utils'}
[0.023409] (utils) JobProgress: {'identifier': 'utils', 'progress': 'cmake'}
[0.029208] (utils) JobProgress: {'identifier': 'utils', 'progress': 'build'}
[0.031191] (utils) Command: {'cmd': ['/usr/bin/cmake', '--build', '/uros_ws/Brain_DEI/brain/build/utils', '--', '-j6', '-l6'], 'cwd': '/uros_ws/Brain_DEI/brain/build/utils', 'env': OrderedDict({'LESSOPEN': '| /usr/bin/lesspipe %s', 'HOSTNAME': 'ubuntu', 'SHLVL': '1', 'LD_LIBRARY_PATH': '/uros_ws/Brain_DEI/brain/install/utils/lib:/uros_ws/install/micro_ros_agent/lib:/uros_ws/install/micro_ros_msgs/lib:/opt/ros/jazzy/opt/rviz_ogre_vendor/lib:/opt/ros/jazzy/lib/aarch64-linux-gnu:/opt/ros/jazzy/opt/gz_math_vendor/lib:/opt/ros/jazzy/opt/gz_utils_vendor/lib:/opt/ros/jazzy/opt/gz_cmake_vendor/lib:/opt/ros/jazzy/lib', 'HOME': '/root', 'OLDPWD': '/uros_ws', 'MICROROS_DISABLE_SHM': '1', 'ROS_PYTHON_VERSION': '3', 'COLCON_PREFIX_PATH': '/uros_ws/Brain_DEI/brain/install:/uros_ws/install', 'ROS_DISTRO': 'jazzy', 'IGN_GAZEBO_MODEL_PATH': '/opt/ros/jazzy/share', '_': '/usr/bin/colcon', 'ROS_VERSION': '2', 'TERM': 'xterm', 'GAZEBO_MODEL_PATH': '/opt/ros/jazzy/share', 'PATH': '/opt/ros/jazzy/bin:/usr/local/sbin:/usr/local/bin:/usr/sbin:/usr/bin:/sbin:/bin', 'LANG': 'C.UTF-8', 'RMW_IMPLEMENTATION': 'rmw_fastrtps_cpp', 'LS_COLORS': 'rs=0:di=01;34:ln=01;36:mh=00:pi=40;33:so=01;35:do=01;35:bd=40;33;01:cd=40;33;01:or=40;31;01:mi=00:su=37;41:sg=30;43:ca=00:tw=30;42:ow=34;42:st=37;44:ex=01;32:*.tar=01;31:*.tgz=01;31:*.arc=01;31:*.arj=01;31:*.taz=01;31:*.lha=01;31:*.lz4=01;31:*.lzh=01;31:*.lzma=01;31:*.tlz=01;31:*.txz=01;31:*.tzo=01;31:*.t7z=01;31:*.zip=01;31:*.z=01;31:*.dz=01;31:*.gz=01;31:*.lrz=01;31:*.lz=01;31:*.lzo=01;31:*.xz=01;31:*.zst=01;31:*.tzst=01;31:*.bz2=01;31:*.bz=01;31:*.tbz=01;31:*.tbz2=01;31:*.tz=01;31:*.deb=01;31:*.rpm=01;31:*.jar=01;31:*.war=01;31:*.ear=01;31:*.sar=01;31:*.rar=01;31:*.alz=01;31:*.ace=01;31:*.zoo=01;31:*.cpio=01;31:*.7z=01;31:*.rz=01;31:*.cab=01;31:*.wim=01;31:*.swm=01;31:*.dwm=01;31:*.esd=01;31:*.avif=01;35:*.jpg=01;35:*.jpeg=01;35:*.mjpg=01;35:*.mjpeg=01;35:*.gif=01;35:*.bmp=01;35:*.pbm=01;35:*.pgm=01;35:*.ppm=01;35:*.tga=01;35:*.xbm=01;35:*.xpm=01;35:*.tif=01;35:*.tiff=01;35:*.png=01;35:*.svg=01;35:*.svgz=01;35:*.mng=01;35:*.pcx=01;35:*.mov=01;35:*.mpg=01;35:*.mpeg=01;35:*.m2v=01;35:*.mkv=01;35:*.webm=01;35:*.webp=01;35:*.ogm=01;35:*.mp4=01;35:*.m4v=01;35:*.mp4v=01;35:*.vob=01;35:*.qt=01;35:*.nuv=01;35:*.wmv=01;35:*.asf=01;35:*.rm=01;35:*.rmvb=01;35:*.flc=01;35:*.avi=01;35:*.fli=01;35:*.flv=01;35:*.gl=01;35:*.dl=01;35:*.xcf=01;35:*.xwd=01;35:*.yuv=01;35:*.cgm=01;35:*.emf=01;35:*.ogv=01;35:*.ogx=01;35:*.aac=00;36:*.au=00;36:*.flac=00;36:*.m4a=00;36:*.mid=00;36:*.midi=00;36:*.mka=00;36:*.mp3=00;36:*.mpc=00;36:*.ogg=00;36:*.ra=00;36:*.wav=00;36:*.oga=00;36:*.opus=00;36:*.spx=00;36:*.xspf=00;36:*~=00;90:*#=00;90:*.bak=00;90:*.crdownload=00;90:*.dpkg-dist=00;90:*.dpkg-new=00;90:*.dpkg-old=00;90:*.dpkg-tmp=00;90:*.old=00;90:*.orig=00;90:*.part=00;90:*.rej=00;90:*.rpmnew=00;90:*.rpmorig=00;90:*.rpmsave=00;90:*.swp=00;90:*.tmp=00;90:*.ucf-dist=00;90:*.ucf-new=00;90:*.ucf-old=00;90:', 'AMENT_PREFIX_PATH': '/uros_ws/Brain_DEI/brain/install/unix_out:/uros_ws/Brain_DEI/brain/install/output:/uros_ws/Brain_DEI/brain/install/input:/uros_ws/Brain_DEI/brain/install/utils:/uros_ws/install/micro_ros_agent:/uros_ws/install/micro_ros_msgs:/opt/ros/jazzy', 'LESSCLOSE': '/usr/bin/lesspipe %s %s', 'IGN_GAZEBO_RESOURCE_PATH': '/opt/ros/jazzy/share', 'GAZEBO_RESOURCE_PATH': '/opt/ros/jazzy/share', 'ROS_AUTOMATIC_DISCOVERY_RANGE': 'SUBNET', 'PWD': '/uros_ws/Brain_DEI/brain/build/utils', 'LC_ALL': 'C.UTF-8', 'PYTHONPATH': '/uros_ws/Brain_DEI/brain/install/unix_out/lib/python3.12/site-packages:/uros_ws/Brain_DEI/brain/install/output/lib/python3.12/site-packages:/uros_ws/Brain_DEI/brain/install/input/lib/python3.12/site-packages:/uros_ws/Brain_DEI/brain/install/utils/lib/python3.12/site-packages:/uros_ws/install/micro_ros_msgs/lib/python3.12/site-packages:/opt/ros/jazzy/lib/python3.12/site-packages', 'COLCON': '1', 'CMAKE_PREFIX_PATH': '/uros_ws/Brain_DEI/brain/install/utils:/uros_ws/install/micro_ros_agent:/uros_ws/install/micro_ros_msgs:/opt/ros/jazzy/opt/gz_math_vendor:/opt/ros/jazzy/opt/gz_utils_vendor:/opt/ros/jazzy/opt/gz_cmake_vendor:/uros_ws/Brain_DEI/brain/install/unix_out:/uros_ws/Brain_DEI/brain/install/output:/uros_ws/Brain_DEI/brain/install/input:/opt/ros/jazzy'}), 'shell': False}
[0.099500] (-) TimerEvent: {}
[0.178255] (utils) StdoutLine: {'line': b'[  1%] Built target utils__rosidl_generator_type_description\n'}
[0.199684] (-) TimerEvent: {}
[0.209399] (utils) StdoutLine: {'line': b'[  1%] Built target ament_cmake_python_copy_utils\n'}
[0.229074] (utils) StdoutLine: {'line': b'[  1%] Built target utils__cpp\n'}
[0.260921] (utils) StdoutLine: {'line': b'[ 27%] Built target utils__rosidl_generator_c\n'}
[0.299842] (-) TimerEvent: {}
[0.346896] (utils) StdoutLine: {'line': b'[ 46%] Built target utils__rosidl_typesupport_cpp\n'}
[0.347483] (utils) StdoutLine: {'line': b'[ 46%] Built target utils__rosidl_typesupport_fastrtps_cpp\n'}
[0.358689] (utils) StdoutLine: {'line': b'[ 62%] Built target utils__rosidl_typesupport_introspection_cpp\n'}
[0.359264] (utils) StdoutLine: {'line': b'[ 66%] Built target utils__rosidl_typesupport_fastrtps_c\n'}
[0.376522] (utils) StdoutLine: {'line': b'[ 75%] Built target utils__rosidl_typesupport_introspection_c\n'}
[0.400005] (-) TimerEvent: {}
[0.418302] (utils) StdoutLine: {'line': b'[ 85%] Built target utils__rosidl_typesupport_c\n'}
[0.484335] (utils) StdoutLine: {'line': b'[ 85%] Built target utils\n'}
[0.500178] (-) TimerEvent: {}
[0.554936] (utils) StdoutLine: {'line': b'[ 86%] Built target utils__py\n'}
[0.602951] (-) TimerEvent: {}
[0.634333] (utils) StdoutLine: {'line': b'[ 95%] Built target utils__rosidl_generator_py\n'}
[0.699493] (utils) StdoutLine: {'line': b'[100%] Built target utils_s__rosidl_typesupport_introspection_c\n'}
[0.700152] (utils) StdoutLine: {'line': b'[100%] Built target utils_s__rosidl_typesupport_c\n'}
[0.700454] (utils) StdoutLine: {'line': b'[ 99%] Built target utils_s__rosidl_typesupport_fastrtps_c\n'}
[0.703029] (-) TimerEvent: {}
[0.803524] (-) TimerEvent: {}
[0.904099] (-) TimerEvent: {}
[0.943947] (utils) StdoutLine: {'line': b'running egg_info\n'}
[0.996652] (utils) StdoutLine: {'line': b'writing utils.egg-info/PKG-INFO\n'}
[0.997394] (utils) StdoutLine: {'line': b'writing dependency_links to utils.egg-info/dependency_links.txt\n'}
[0.997986] (utils) StdoutLine: {'line': b'writing top-level names to utils.egg-info/top_level.txt\n'}
[1.004203] (-) TimerEvent: {}
[1.104687] (-) TimerEvent: {}
[1.167190] (utils) StdoutLine: {'line': b"reading manifest file 'utils.egg-info/SOURCES.txt'\n"}
[1.169057] (utils) StdoutLine: {'line': b"writing manifest file 'utils.egg-info/SOURCES.txt'\n"}
[1.204882] (-) TimerEvent: {}
[1.256175] (utils) StdoutLine: {'line': b'[100%] Built target ament_cmake_python_build_utils_egg\n'}
[1.287672] (utils) CommandEnded: {'returncode': 0}
[1.289258] (utils) JobProgress: {'identifier': 'utils', 'progress': 'install'}
[1.305031] (-) TimerEvent: {}
[1.310711] (utils) Command: {'cmd': ['/usr/bin/cmake', '--install', '/uros_ws/Brain_DEI/brain/build/utils'], 'cwd': '/uros_ws/Brain_DEI/brain/build/utils', 'env': OrderedDict({'LESSOPEN': '| /usr/bin/lesspipe %s', 'HOSTNAME': 'ubuntu', 'SHLVL': '1', 'LD_LIBRARY_PATH': '/uros_ws/Brain_DEI/brain/install/utils/lib:/uros_ws/install/micro_ros_agent/lib:/uros_ws/install/micro_ros_msgs/lib:/opt/ros/jazzy/opt/rviz_ogre_vendor/lib:/opt/ros/jazzy/lib/aarch64-linux-gnu:/opt/ros/jazzy/opt/gz_math_vendor/lib:/opt/ros/jazzy/opt/gz_utils_vendor/lib:/opt/ros/jazzy/opt/gz_cmake_vendor/lib:/opt/ros/jazzy/lib', 'HOME': '/root', 'OLDPWD': '/uros_ws', 'MICROROS_DISABLE_SHM': '1', 'ROS_PYTHON_VERSION': '3', 'COLCON_PREFIX_PATH': '/uros_ws/Brain_DEI/brain/install:/uros_ws/install', 'ROS_DISTRO': 'jazzy', 'IGN_GAZEBO_MODEL_PATH': '/opt/ros/jazzy/share', '_': '/usr/bin/colcon', 'ROS_VERSION': '2', 'TERM': 'xterm', 'GAZEBO_MODEL_PATH': '/opt/ros/jazzy/share', 'PATH': '/opt/ros/jazzy/bin:/usr/local/sbin:/usr/local/bin:/usr/sbin:/usr/bin:/sbin:/bin', 'LANG': 'C.UTF-8', 'RMW_IMPLEMENTATION': 'rmw_fastrtps_cpp', 'LS_COLORS': 'rs=0:di=01;34:ln=01;36:mh=00:pi=40;33:so=01;35:do=01;35:bd=40;33;01:cd=40;33;01:or=40;31;01:mi=00:su=37;41:sg=30;43:ca=00:tw=30;42:ow=34;42:st=37;44:ex=01;32:*.tar=01;31:*.tgz=01;31:*.arc=01;31:*.arj=01;31:*.taz=01;31:*.lha=01;31:*.lz4=01;31:*.lzh=01;31:*.lzma=01;31:*.tlz=01;31:*.txz=01;31:*.tzo=01;31:*.t7z=01;31:*.zip=01;31:*.z=01;31:*.dz=01;31:*.gz=01;31:*.lrz=01;31:*.lz=01;31:*.lzo=01;31:*.xz=01;31:*.zst=01;31:*.tzst=01;31:*.bz2=01;31:*.bz=01;31:*.tbz=01;31:*.tbz2=01;31:*.tz=01;31:*.deb=01;31:*.rpm=01;31:*.jar=01;31:*.war=01;31:*.ear=01;31:*.sar=01;31:*.rar=01;31:*.alz=01;31:*.ace=01;31:*.zoo=01;31:*.cpio=01;31:*.7z=01;31:*.rz=01;31:*.cab=01;31:*.wim=01;31:*.swm=01;31:*.dwm=01;31:*.esd=01;31:*.avif=01;35:*.jpg=01;35:*.jpeg=01;35:*.mjpg=01;35:*.mjpeg=01;35:*.gif=01;35:*.bmp=01;35:*.pbm=01;35:*.pgm=01;35:*.ppm=01;35:*.tga=01;35:*.xbm=01;35:*.xpm=01;35:*.tif=01;35:*.tiff=01;35:*.png=01;35:*.svg=01;35:*.svgz=01;35:*.mng=01;35:*.pcx=01;35:*.mov=01;35:*.mpg=01;35:*.mpeg=01;35:*.m2v=01;35:*.mkv=01;35:*.webm=01;35:*.webp=01;35:*.ogm=01;35:*.mp4=01;35:*.m4v=01;35:*.mp4v=01;35:*.vob=01;35:*.qt=01;35:*.nuv=01;35:*.wmv=01;35:*.asf=01;35:*.rm=01;35:*.rmvb=01;35:*.flc=01;35:*.avi=01;35:*.fli=01;35:*.flv=01;35:*.gl=01;35:*.dl=01;35:*.xcf=01;35:*.xwd=01;35:*.yuv=01;35:*.cgm=01;35:*.emf=01;35:*.ogv=01;35:*.ogx=01;35:*.aac=00;36:*.au=00;36:*.flac=00;36:*.m4a=00;36:*.mid=00;36:*.midi=00;36:*.mka=00;36:*.mp3=00;36:*.mpc=00;36:*.ogg=00;36:*.ra=00;36:*.wav=00;36:*.oga=00;36:*.opus=00;36:*.spx=00;36:*.xspf=00;36:*~=00;90:*#=00;90:*.bak=00;90:*.crdownload=00;90:*.dpkg-dist=00;90:*.dpkg-new=00;90:*.dpkg-old=00;90:*.dpkg-tmp=00;90:*.old=00;90:*.orig=00;90:*.part=00;90:*.rej=00;90:*.rpmnew=00;90:*.rpmorig=00;90:*.rpmsave=00;90:*.swp=00;90:*.tmp=00;90:*.ucf-dist=00;90:*.ucf-new=00;90:*.ucf-old=00;90:', 'AMENT_PREFIX_PATH': '/uros_ws/Brain_DEI/brain/install/unix_out:/uros_ws/Brain_DEI/brain/install/output:/uros_ws/Brain_DEI/brain/install/input:/uros_ws/Brain_DEI/brain/install/utils:/uros_ws/install/micro_ros_agent:/uros_ws/install/micro_ros_msgs:/opt/ros/jazzy', 'LESSCLOSE': '/usr/bin/lesspipe %s %s', 'IGN_GAZEBO_RESOURCE_PATH': '/opt/ros/jazzy/share', 'GAZEBO_RESOURCE_PATH': '/opt/ros/jazzy/share', 'ROS_AUTOMATIC_DISCOVERY_RANGE': 'SUBNET', 'PWD': '/uros_ws/Brain_DEI/brain/build/utils', 'LC_ALL': 'C.UTF-8', 'PYTHONPATH': '/uros_ws/Brain_DEI/brain/install/unix_out/lib/python3.12/site-packages:/uros_ws/Brain_DEI/brain/install/output/lib/python3.12/site-packages:/uros_ws/Brain_DEI/brain/install/input/lib/python3.12/site-packages:/uros_ws/Brain_DEI/brain/install/utils/lib/python3.12/site-packages:/uros_ws/install/micro_ros_msgs/lib/python3.12/site-packages:/opt/ros/jazzy/lib/python3.12/site-packages', 'COLCON': '1', 'CMAKE_PREFIX_PATH': '/uros_ws/Brain_DEI/brain/install/utils:/uros_ws/install/micro_ros_agent:/uros_ws/install/micro_ros_msgs:/opt/ros/jazzy/opt/gz_math_vendor:/opt/ros/jazzy/opt/gz_utils_vendor:/opt/ros/jazzy/opt/gz_cmake_vendor:/uros_ws/Brain_DEI/brain/install/unix_out:/uros_ws/Brain_DEI/brain/install/output:/uros_ws/Brain_DEI/brain/install/input:/opt/ros/jazzy'}), 'shell': False}
[1.333277] (utils) StdoutLine: {'line': b'-- Install configuration: ""\n'}
[1.334081] (utils) StdoutLine: {'line': b'-- Up-to-date: /uros_ws/Brain_DEI/brain/install/utils/share/ament_index/resource_index/rosidl_interfaces/utils\n'}
[1.334405] (utils) StdoutLine: {'line': b'-- Up-to-date: /uros_ws/Brain_DEI/brain/install/utils/share/utils/msg/IMU.json\n'}
[1.334847] (utils) StdoutLine: {'line': b'-- Up-to-date: /uros_ws/Brain_DEI/brain/install/utils/share/utils/msg/Localisation.json\n'}
[1.335209] (utils) StdoutLine: {'line': b'-- Up-to-date: /uros_ws/Brain_DEI/brain/install/utils/share/utils/msg/Vehicles.json\n'}
[1.335537] (utils) StdoutLine: {'line': b'-- Up-to-date: /uros_ws/Brain_DEI/brain/install/utils/share/utils/msg/Environmental.json\n'}
[1.337213] (utils) StdoutLine: {'line': b'-- Up-to-date: /uros_ws/Brain_DEI/brain/install/utils/share/utils/msg/Log.json\n'}
[1.337778] (utils) StdoutLine: {'line': b'-- Up-to-date: /uros_ws/Brain_DEI/brain/install/utils/share/utils/msg/TopicInfo.json\n'}
[1.340519] (utils) StdoutLine: {'line': b'-- Up-to-date: /uros_ws/Brain_DEI/brain/install/utils/share/utils/msg/Semaphore.json\n'}
[1.340851] (utils) StdoutLine: {'line': b'-- Up-to-date: /uros_ws/Brain_DEI/brain/install/utils/share/utils/msg/Conditions.json\n'}
[1.341136] (utils) StdoutLine: {'line': b'-- Up-to-date: /uros_ws/Brain_DEI/brain/install/utils/share/utils/msg/Trafficsignprediction.json\n'}
[1.341379] (utils) StdoutLine: {'line': b'-- Up-to-date: /uros_ws/Brain_DEI/brain/install/utils/share/utils/srv/Subscribing.json\n'}
[1.341613] (utils) StdoutLine: {'line': b'-- Up-to-date: /uros_ws/Brain_DEI/brain/install/utils/share/utils/srv/RequestParam.json\n'}
[1.341826] (utils) StdoutLine: {'line': b'-- Up-to-date: /uros_ws/Brain_DEI/brain/install/utils/include/utils/utils\n'}
[1.342033] (utils) StdoutLine: {'line': b'-- Up-to-date: /uros_ws/Brain_DEI/brain/install/utils/include/utils/utils/srv\n'}
[1.342233] (utils) StdoutLine: {'line': b'-- Up-to-date: /uros_ws/Brain_DEI/brain/install/utils/include/utils/utils/srv/subscribing.h\n'}
[1.342453] (utils) StdoutLine: {'line': b'-- Up-to-date: /uros_ws/Brain_DEI/brain/install/utils/include/utils/utils/srv/request_param.h\n'}
[1.342653] (utils) StdoutLine: {'line': b'-- Up-to-date: /uros_ws/Brain_DEI/brain/install/utils/include/utils/utils/srv/detail\n'}
[1.342848] (utils) StdoutLine: {'line': b'-- Up-to-date: /uros_ws/Brain_DEI/brain/install/utils/include/utils/utils/srv/detail/subscribing__description.c\n'}
[1.343045] (utils) StdoutLine: {'line': b'-- Up-to-date: /uros_ws/Brain_DEI/brain/install/utils/include/utils/utils/srv/detail/subscribing__functions.c\n'}
[1.343273] (utils) StdoutLine: {'line': b'-- Up-to-date: /uros_ws/Brain_DEI/brain/install/utils/include/utils/utils/srv/detail/request_param__functions.h\n'}
[1.343477] (utils) StdoutLine: {'line': b'-- Up-to-date: /uros_ws/Brain_DEI/brain/install/utils/include/utils/utils/srv/detail/subscribing__functions.h\n'}
[1.343667] (utils) StdoutLine: {'line': b'-- Up-to-date: /uros_ws/Brain_DEI/brain/install/utils/include/utils/utils/srv/detail/request_param__functions.c\n'}
[1.343854] (utils) StdoutLine: {'line': b'-- Up-to-date: /uros_ws/Brain_DEI/brain/install/utils/include/utils/utils/srv/detail/subscribing__type_support.h\n'}
[1.344054] (utils) StdoutLine: {'line': b'-- Installing: /uros_ws/Brain_DEI/brain/install/utils/include/utils/utils/srv/detail/subscribing__type_support.c\n'}
[1.344252] (utils) StdoutLine: {'line': b'-- Up-to-date: /uros_ws/Brain_DEI/brain/install/utils/include/utils/utils/srv/detail/subscribing__struct.h\n'}
[1.344447] (utils) StdoutLine: {'line': b'-- Installing: /uros_ws/Brain_DEI/brain/install/utils/include/utils/utils/srv/detail/request_param__type_support.c\n'}
[1.344661] (utils) StdoutLine: {'line': b'-- Up-to-date: /uros_ws/Brain_DEI/brain/install/utils/include/utils/utils/srv/detail/request_param__description.c\n'}
[1.346078] (utils) StdoutLine: {'line': b'-- Up-to-date: /uros_ws/Brain_DEI/brain/install/utils/include/utils/utils/srv/detail/request_param__type_support.h\n'}
[1.346423] (utils) StdoutLine: {'line': b'-- Up-to-date: /uros_ws/Brain_DEI/brain/install/utils/include/utils/utils/srv/detail/request_param__struct.h\n'}
[1.347182] (utils) StdoutLine: {'line': b'-- Up-to-date: /uros_ws/Brain_DEI/brain/install/utils/include/utils/utils/msg\n'}
[1.347405] (utils) StdoutLine: {'line': b'-- Up-to-date: /uros_ws/Brain_DEI/brain/install/utils/include/utils/utils/msg/vehicles.h\n'}
[1.347757] (utils) StdoutLine: {'line': b'-- Up-to-date: /uros_ws/Brain_DEI/brain/install/utils/include/utils/utils/msg/semaphore.h\n'}
[1.348604] (utils) StdoutLine: {'line': b'-- Up-to-date: /uros_ws/Brain_DEI/brain/install/utils/include/utils/utils/msg/trafficsignprediction.h\n'}
[1.348956] (utils) StdoutLine: {'line': b'-- Up-to-date: /uros_ws/Brain_DEI/brain/install/utils/include/utils/utils/msg/localisation.h\n'}
[1.349181] (utils) StdoutLine: {'line': b'-- Up-to-date: /uros_ws/Brain_DEI/brain/install/utils/include/utils/utils/msg/detail\n'}
[1.349421] (utils) StdoutLine: {'line': b'-- Up-to-date: /uros_ws/Brain_DEI/brain/install/utils/include/utils/utils/msg/detail/trafficsignprediction__functions.c\n'}
[1.349630] (utils) StdoutLine: {'line': b'-- Up-to-date: /uros_ws/Brain_DEI/brain/install/utils/include/utils/utils/msg/detail/localisation__functions.c\n'}
[1.349828] (utils) StdoutLine: {'line': b'-- Up-to-date: /uros_ws/Brain_DEI/brain/install/utils/include/utils/utils/msg/detail/imu__functions.c\n'}
[1.350061] (utils) StdoutLine: {'line': b'-- Installing: /uros_ws/Brain_DEI/brain/install/utils/include/utils/utils/msg/detail/imu__type_support.c\n'}
[1.350267] (utils) StdoutLine: {'line': b'-- Up-to-date: /uros_ws/Brain_DEI/brain/install/utils/include/utils/utils/msg/detail/conditions__functions.h\n'}
[1.350973] (utils) StdoutLine: {'line': b'-- Installing: /uros_ws/Brain_DEI/brain/install/utils/include/utils/utils/msg/detail/trafficsignprediction__type_support.c\n'}
[1.351268] (utils) StdoutLine: {'line': b'-- Up-to-date: /uros_ws/Brain_DEI/brain/install/utils/include/utils/utils/msg/detail/conditions__description.c\n'}
[1.351973] (utils) StdoutLine: {'line': b'-- Up-to-date: /uros_ws/Brain_DEI/brain/install/utils/include/utils/utils/msg/detail/imu__struct.h\n'}
[1.352338] (utils) StdoutLine: {'line': b'-- Up-to-date: /uros_ws/Brain_DEI/brain/install/utils/include/utils/utils/msg/detail/vehicles__description.c\n'}
[1.352615] (utils) StdoutLine: {'line': b'-- Up-to-date: /uros_ws/Brain_DEI/brain/install/utils/include/utils/utils/msg/detail/topic_info__type_support.h\n'}
[1.352873] (utils) StdoutLine: {'line': b'-- Up-to-date: /uros_ws/Brain_DEI/brain/install/utils/include/utils/utils/msg/detail/vehicles__struct.h\n'}
[1.353231] (utils) StdoutLine: {'line': b'-- Up-to-date: /uros_ws/Brain_DEI/brain/install/utils/include/utils/utils/msg/detail/localisation__description.c\n'}
[1.353452] (utils) StdoutLine: {'line': b'-- Up-to-date: /uros_ws/Brain_DEI/brain/install/utils/include/utils/utils/msg/detail/semaphore__description.c\n'}
[1.353801] (utils) StdoutLine: {'line': b'-- Up-to-date: /uros_ws/Brain_DEI/brain/install/utils/include/utils/utils/msg/detail/topic_info__functions.c\n'}
[1.354182] (utils) StdoutLine: {'line': b'-- Installing: /uros_ws/Brain_DEI/brain/install/utils/include/utils/utils/msg/detail/semaphore__type_support.c\n'}
[1.354404] (utils) StdoutLine: {'line': b'-- Up-to-date: /uros_ws/Brain_DEI/brain/install/utils/include/utils/utils/msg/detail/semaphore__functions.h\n'}
[1.354607] (utils) StdoutLine: {'line': b'-- Up-to-date: /uros_ws/Brain_DEI/brain/install/utils/include/utils/utils/msg/detail/log__functions.c\n'}
[1.354848] (utils) StdoutLine: {'line': b'-- Up-to-date: /uros_ws/Brain_DEI/brain/install/utils/include/utils/utils/msg/detail/imu__functions.h\n'}
[1.355041] (utils) StdoutLine: {'line': b'-- Up-to-date: /uros_ws/Brain_DEI/brain/install/utils/include/utils/utils/msg/detail/localisation__functions.h\n'}
[1.355254] (utils) StdoutLine: {'line': b'-- Up-to-date: /uros_ws/Brain_DEI/brain/install/utils/include/utils/utils/msg/detail/trafficsignprediction__type_support.h\n'}
[1.355712] (utils) StdoutLine: {'line': b'-- Up-to-date: /uros_ws/Brain_DEI/brain/install/utils/include/utils/utils/msg/detail/vehicles__type_support.h\n'}
[1.355992] (utils) StdoutLine: {'line': b'-- Up-to-date: /uros_ws/Brain_DEI/brain/install/utils/include/utils/utils/msg/detail/log__functions.h\n'}
[1.356207] (utils) StdoutLine: {'line': b'-- Up-to-date: /uros_ws/Brain_DEI/brain/install/utils/include/utils/utils/msg/detail/semaphore__functions.c\n'}
[1.356440] (utils) StdoutLine: {'line': b'-- Up-to-date: /uros_ws/Brain_DEI/brain/install/utils/include/utils/utils/msg/detail/imu__description.c\n'}
[1.356643] (utils) StdoutLine: {'line': b'-- Up-to-date: /uros_ws/Brain_DEI/brain/install/utils/include/utils/utils/msg/detail/conditions__type_support.h\n'}
[1.356868] (utils) StdoutLine: {'line': b'-- Up-to-date: /uros_ws/Brain_DEI/brain/install/utils/include/utils/utils/msg/detail/topic_info__description.c\n'}
[1.357092] (utils) StdoutLine: {'line': b'-- Up-to-date: /uros_ws/Brain_DEI/brain/install/utils/include/utils/utils/msg/detail/conditions__functions.c\n'}
[1.357300] (utils) StdoutLine: {'line': b'-- Up-to-date: /uros_ws/Brain_DEI/brain/install/utils/include/utils/utils/msg/detail/vehicles__functions.c\n'}
[1.357497] (utils) StdoutLine: {'line': b'-- Up-to-date: /uros_ws/Brain_DEI/brain/install/utils/include/utils/utils/msg/detail/trafficsignprediction__functions.h\n'}
[1.357692] (utils) StdoutLine: {'line': b'-- Up-to-date: /uros_ws/Brain_DEI/brain/install/utils/include/utils/utils/msg/detail/semaphore__type_support.h\n'}
[1.357883] (utils) StdoutLine: {'line': b'-- Up-to-date: /uros_ws/Brain_DEI/brain/install/utils/include/utils/utils/msg/detail/vehicles__functions.h\n'}
[1.358073] (utils) StdoutLine: {'line': b'-- Up-to-date: /uros_ws/Brain_DEI/brain/install/utils/include/utils/utils/msg/detail/log__type_support.h\n'}
[1.358651] (utils) StdoutLine: {'line': b'-- Installing: /uros_ws/Brain_DEI/brain/install/utils/include/utils/utils/msg/detail/environmental__type_support.c\n'}
[1.358868] (utils) StdoutLine: {'line': b'-- Installing: /uros_ws/Brain_DEI/brain/install/utils/include/utils/utils/msg/detail/log__type_support.c\n'}
[1.359110] (utils) StdoutLine: {'line': b'-- Installing: /uros_ws/Brain_DEI/brain/install/utils/include/utils/utils/msg/detail/conditions__type_support.c\n'}
[1.359378] (utils) StdoutLine: {'line': b'-- Up-to-date: /uros_ws/Brain_DEI/brain/install/utils/include/utils/utils/msg/detail/conditions__struct.h\n'}
[1.359579] (utils) StdoutLine: {'line': b'-- Installing: /uros_ws/Brain_DEI/brain/install/utils/include/utils/utils/msg/detail/localisation__type_support.c\n'}
[1.359814] (utils) StdoutLine: {'line': b'-- Up-to-date: /uros_ws/Brain_DEI/brain/install/utils/include/utils/utils/msg/detail/trafficsignprediction__description.c\n'}
[1.360013] (utils) StdoutLine: {'line': b'-- Up-to-date: /uros_ws/Brain_DEI/brain/install/utils/include/utils/utils/msg/detail/environmental__type_support.h\n'}
[1.360202] (utils) StdoutLine: {'line': b'-- Up-to-date: /uros_ws/Brain_DEI/brain/install/utils/include/utils/utils/msg/detail/topic_info__struct.h\n'}
[1.360454] (utils) StdoutLine: {'line': b'-- Up-to-date: /uros_ws/Brain_DEI/brain/install/utils/include/utils/utils/msg/detail/topic_info__functions.h\n'}
[1.360650] (utils) StdoutLine: {'line': b'-- Up-to-date: /uros_ws/Brain_DEI/brain/install/utils/include/utils/utils/msg/detail/environmental__functions.h\n'}
[1.360966] (utils) StdoutLine: {'line': b'-- Up-to-date: /uros_ws/Brain_DEI/brain/install/utils/include/utils/utils/msg/detail/localisation__struct.h\n'}
[1.361325] (utils) StdoutLine: {'line': b'-- Installing: /uros_ws/Brain_DEI/brain/install/utils/include/utils/utils/msg/detail/topic_info__type_support.c\n'}
[1.361533] (utils) StdoutLine: {'line': b'-- Up-to-date: /uros_ws/Brain_DEI/brain/install/utils/include/utils/utils/msg/detail/environmental__struct.h\n'}
[1.361758] (utils) StdoutLine: {'line': b'-- Up-to-date: /uros_ws/Brain_DEI/brain/install/utils/include/utils/utils/msg/detail/semaphore__struct.h\n'}
[1.362003] (utils) StdoutLine: {'line': b'-- Up-to-date: /uros_ws/Brain_DEI/brain/install/utils/include/utils/utils/msg/detail/imu__type_support.h\n'}
[1.362201] (utils) StdoutLine: {'line': b'-- Up-to-date: /uros_ws/Brain_DEI/brain/install/utils/include/utils/utils/msg/detail/log__struct.h\n'}
[1.362535] (utils) StdoutLine: {'line': b'-- Installing: /uros_ws/Brain_DEI/brain/install/utils/include/utils/utils/msg/detail/vehicles__type_support.c\n'}
[1.362790] (utils) StdoutLine: {'line': b'-- Up-to-date: /uros_ws/Brain_DEI/brain/install/utils/include/utils/utils/msg/detail/localisation__type_support.h\n'}
[1.362993] (utils) StdoutLine: {'line': b'-- Up-to-date: /uros_ws/Brain_DEI/brain/install/utils/include/utils/utils/msg/detail/environmental__functions.c\n'}
[1.363323] (utils) StdoutLine: {'line': b'-- Up-to-date: /uros_ws/Brain_DEI/brain/install/utils/include/utils/utils/msg/detail/log__description.c\n'}
[1.363542] (utils) StdoutLine: {'line': b'-- Up-to-date: /uros_ws/Brain_DEI/brain/install/utils/include/utils/utils/msg/detail/trafficsignprediction__struct.h\n'}
[1.363744] (utils) StdoutLine: {'line': b'-- Up-to-date: /uros_ws/Brain_DEI/brain/install/utils/include/utils/utils/msg/detail/environmental__description.c\n'}
[1.364001] (utils) StdoutLine: {'line': b'-- Up-to-date: /uros_ws/Brain_DEI/brain/install/utils/include/utils/utils/msg/environmental.h\n'}
[1.364206] (utils) StdoutLine: {'line': b'-- Up-to-date: /uros_ws/Brain_DEI/brain/install/utils/include/utils/utils/msg/conditions.h\n'}
[1.364402] (utils) StdoutLine: {'line': b'-- Up-to-date: /uros_ws/Brain_DEI/brain/install/utils/include/utils/utils/msg/rosidl_generator_c__visibility_control.h\n'}
[1.364709] (utils) StdoutLine: {'line': b'-- Up-to-date: /uros_ws/Brain_DEI/brain/install/utils/include/utils/utils/msg/imu.h\n'}
[1.365060] (utils) StdoutLine: {'line': b'-- Up-to-date: /uros_ws/Brain_DEI/brain/install/utils/include/utils/utils/msg/topic_info.h\n'}
[1.365292] (utils) StdoutLine: {'line': b'-- Up-to-date: /uros_ws/Brain_DEI/brain/install/utils/include/utils/utils/msg/log.h\n'}
[1.365691] (utils) StdoutLine: {'line': b'-- Up-to-date: /uros_ws/Brain_DEI/brain/install/utils/share/utils/environment/library_path.dsv\n'}
[1.365958] (utils) StdoutLine: {'line': b'-- Up-to-date: /uros_ws/Brain_DEI/brain/install/utils/lib/libutils__rosidl_generator_c.so\n'}
[1.366219] (utils) StdoutLine: {'line': b'-- Up-to-date: /uros_ws/Brain_DEI/brain/install/utils/include/utils/utils\n'}
[1.366581] (utils) StdoutLine: {'line': b'-- Up-to-date: /uros_ws/Brain_DEI/brain/install/utils/include/utils/utils/srv\n'}
[1.366819] (utils) StdoutLine: {'line': b'-- Up-to-date: /uros_ws/Brain_DEI/brain/install/utils/include/utils/utils/srv/detail\n'}
[1.367161] (utils) StdoutLine: {'line': b'-- Up-to-date: /uros_ws/Brain_DEI/brain/install/utils/include/utils/utils/srv/detail/subscribing__rosidl_typesupport_fastrtps_c.h\n'}
[1.367542] (utils) StdoutLine: {'line': b'-- Up-to-date: /uros_ws/Brain_DEI/brain/install/utils/include/utils/utils/srv/detail/request_param__rosidl_typesupport_fastrtps_c.h\n'}
[1.367849] (utils) StdoutLine: {'line': b'-- Up-to-date: /uros_ws/Brain_DEI/brain/install/utils/include/utils/utils/msg\n'}
[1.368183] (utils) StdoutLine: {'line': b'-- Up-to-date: /uros_ws/Brain_DEI/brain/install/utils/include/utils/utils/msg/rosidl_typesupport_fastrtps_c__visibility_control.h\n'}
[1.368417] (utils) StdoutLine: {'line': b'-- Up-to-date: /uros_ws/Brain_DEI/brain/install/utils/include/utils/utils/msg/detail\n'}
[1.368671] (utils) StdoutLine: {'line': b'-- Up-to-date: /uros_ws/Brain_DEI/brain/install/utils/include/utils/utils/msg/detail/vehicles__rosidl_typesupport_fastrtps_c.h\n'}
[1.368935] (utils) StdoutLine: {'line': b'-- Up-to-date: /uros_ws/Brain_DEI/brain/install/utils/include/utils/utils/msg/detail/imu__rosidl_typesupport_fastrtps_c.h\n'}
[1.369220] (utils) StdoutLine: {'line': b'-- Up-to-date: /uros_ws/Brain_DEI/brain/install/utils/include/utils/utils/msg/detail/topic_info__rosidl_typesupport_fastrtps_c.h\n'}
[1.369496] (utils) StdoutLine: {'line': b'-- Up-to-date: /uros_ws/Brain_DEI/brain/install/utils/include/utils/utils/msg/detail/trafficsignprediction__rosidl_typesupport_fastrtps_c.h\n'}
[1.369743] (utils) StdoutLine: {'line': b'-- Up-to-date: /uros_ws/Brain_DEI/brain/install/utils/include/utils/utils/msg/detail/conditions__rosidl_typesupport_fastrtps_c.h\n'}
[1.369959] (utils) StdoutLine: {'line': b'-- Up-to-date: /uros_ws/Brain_DEI/brain/install/utils/include/utils/utils/msg/detail/log__rosidl_typesupport_fastrtps_c.h\n'}
[1.370210] (utils) StdoutLine: {'line': b'-- Up-to-date: /uros_ws/Brain_DEI/brain/install/utils/include/utils/utils/msg/detail/localisation__rosidl_typesupport_fastrtps_c.h\n'}
[1.370432] (utils) StdoutLine: {'line': b'-- Up-to-date: /uros_ws/Brain_DEI/brain/install/utils/include/utils/utils/msg/detail/environmental__rosidl_typesupport_fastrtps_c.h\n'}
[1.370676] (utils) StdoutLine: {'line': b'-- Up-to-date: /uros_ws/Brain_DEI/brain/install/utils/include/utils/utils/msg/detail/semaphore__rosidl_typesupport_fastrtps_c.h\n'}
[1.370909] (utils) StdoutLine: {'line': b'-- Up-to-date: /uros_ws/Brain_DEI/brain/install/utils/lib/libutils__rosidl_typesupport_fastrtps_c.so\n'}
[1.371133] (utils) StdoutLine: {'line': b'-- Up-to-date: /uros_ws/Brain_DEI/brain/install/utils/include/utils/utils\n'}
[1.371376] (utils) StdoutLine: {'line': b'-- Up-to-date: /uros_ws/Brain_DEI/brain/install/utils/include/utils/utils/srv\n'}
[1.371616] (utils) StdoutLine: {'line': b'-- Up-to-date: /uros_ws/Brain_DEI/brain/install/utils/include/utils/utils/srv/detail\n'}
[1.371823] (utils) StdoutLine: {'line': b'-- Up-to-date: /uros_ws/Brain_DEI/brain/install/utils/include/utils/utils/srv/detail/request_param__rosidl_typesupport_introspection_c.h\n'}
[1.372046] (utils) StdoutLine: {'line': b'-- Installing: /uros_ws/Brain_DEI/brain/install/utils/include/utils/utils/srv/detail/subscribing__type_support.c\n'}
[1.372254] (utils) StdoutLine: {'line': b'-- Installing: /uros_ws/Brain_DEI/brain/install/utils/include/utils/utils/srv/detail/request_param__type_support.c\n'}
[1.372454] (utils) StdoutLine: {'line': b'-- Up-to-date: /uros_ws/Brain_DEI/brain/install/utils/include/utils/utils/srv/detail/subscribing__rosidl_typesupport_introspection_c.h\n'}
[1.372684] (utils) StdoutLine: {'line': b'-- Up-to-date: /uros_ws/Brain_DEI/brain/install/utils/include/utils/utils/msg\n'}
[1.372923] (utils) StdoutLine: {'line': b'-- Up-to-date: /uros_ws/Brain_DEI/brain/install/utils/include/utils/utils/msg/rosidl_typesupport_introspection_c__visibility_control.h\n'}
[1.373159] (utils) StdoutLine: {'line': b'-- Up-to-date: /uros_ws/Brain_DEI/brain/install/utils/include/utils/utils/msg/detail\n'}
[1.373364] (utils) StdoutLine: {'line': b'-- Installing: /uros_ws/Brain_DEI/brain/install/utils/include/utils/utils/msg/detail/imu__type_support.c\n'}
[1.373595] (utils) StdoutLine: {'line': b'-- Installing: /uros_ws/Brain_DEI/brain/install/utils/include/utils/utils/msg/detail/trafficsignprediction__type_support.c\n'}
[1.373849] (utils) StdoutLine: {'line': b'-- Up-to-date: /uros_ws/Brain_DEI/brain/install/utils/include/utils/utils/msg/detail/topic_info__rosidl_typesupport_introspection_c.h\n'}
[1.374062] (utils) StdoutLine: {'line': b'-- Up-to-date: /uros_ws/Brain_DEI/brain/install/utils/include/utils/utils/msg/detail/trafficsignprediction__rosidl_typesupport_introspection_c.h\n'}
[1.374303] (utils) StdoutLine: {'line': b'-- Up-to-date: /uros_ws/Brain_DEI/brain/install/utils/include/utils/utils/msg/detail/localisation__rosidl_typesupport_introspection_c.h\n'}
[1.374573] (utils) StdoutLine: {'line': b'-- Installing: /uros_ws/Brain_DEI/brain/install/utils/include/utils/utils/msg/detail/semaphore__type_support.c\n'}
[1.374994] (utils) StdoutLine: {'line': b'-- Up-to-date: /uros_ws/Brain_DEI/brain/install/utils/include/utils/utils/msg/detail/imu__rosidl_typesupport_introspection_c.h\n'}
[1.375201] (utils) StdoutLine: {'line': b'-- Up-to-date: /uros_ws/Brain_DEI/brain/install/utils/include/utils/utils/msg/detail/conditions__rosidl_typesupport_introspection_c.h\n'}
[1.375444] (utils) StdoutLine: {'line': b'-- Installing: /uros_ws/Brain_DEI/brain/install/utils/include/utils/utils/msg/detail/environmental__type_support.c\n'}
[1.375653] (utils) StdoutLine: {'line': b'-- Installing: /uros_ws/Brain_DEI/brain/install/utils/include/utils/utils/msg/detail/log__type_support.c\n'}
[1.375859] (utils) StdoutLine: {'line': b'-- Installing: /uros_ws/Brain_DEI/brain/install/utils/include/utils/utils/msg/detail/conditions__type_support.c\n'}
[1.376118] (utils) StdoutLine: {'line': b'-- Installing: /uros_ws/Brain_DEI/brain/install/utils/include/utils/utils/msg/detail/localisation__type_support.c\n'}
[1.376344] (utils) StdoutLine: {'line': b'-- Up-to-date: /uros_ws/Brain_DEI/brain/install/utils/include/utils/utils/msg/detail/environmental__rosidl_typesupport_introspection_c.h\n'}
[1.376585] (utils) StdoutLine: {'line': b'-- Up-to-date: /uros_ws/Brain_DEI/brain/install/utils/include/utils/utils/msg/detail/semaphore__rosidl_typesupport_introspection_c.h\n'}
[1.376835] (utils) StdoutLine: {'line': b'-- Installing: /uros_ws/Brain_DEI/brain/install/utils/include/utils/utils/msg/detail/topic_info__type_support.c\n'}
[1.377054] (utils) StdoutLine: {'line': b'-- Installing: /uros_ws/Brain_DEI/brain/install/utils/include/utils/utils/msg/detail/vehicles__type_support.c\n'}
[1.377253] (utils) StdoutLine: {'line': b'-- Up-to-date: /uros_ws/Brain_DEI/brain/install/utils/include/utils/utils/msg/detail/vehicles__rosidl_typesupport_introspection_c.h\n'}
[1.377451] (utils) StdoutLine: {'line': b'-- Up-to-date: /uros_ws/Brain_DEI/brain/install/utils/include/utils/utils/msg/detail/log__rosidl_typesupport_introspection_c.h\n'}
[1.377700] (utils) StdoutLine: {'line': b'-- Up-to-date: /uros_ws/Brain_DEI/brain/install/utils/lib/libutils__rosidl_typesupport_introspection_c.so\n'}
[1.377908] (utils) StdoutLine: {'line': b'-- Up-to-date: /uros_ws/Brain_DEI/brain/install/utils/lib/libutils__rosidl_typesupport_c.so\n'}
[1.378104] (utils) StdoutLine: {'line': b'-- Up-to-date: /uros_ws/Brain_DEI/brain/install/utils/include/utils/utils\n'}
[1.378332] (utils) StdoutLine: {'line': b'-- Up-to-date: /uros_ws/Brain_DEI/brain/install/utils/include/utils/utils/srv\n'}
[1.378541] (utils) StdoutLine: {'line': b'-- Up-to-date: /uros_ws/Brain_DEI/brain/install/utils/include/utils/utils/srv/subscribing.hpp\n'}
[1.378730] (utils) StdoutLine: {'line': b'-- Up-to-date: /uros_ws/Brain_DEI/brain/install/utils/include/utils/utils/srv/request_param.hpp\n'}
[1.378933] (utils) StdoutLine: {'line': b'-- Up-to-date: /uros_ws/Brain_DEI/brain/install/utils/include/utils/utils/srv/detail\n'}
[1.379127] (utils) StdoutLine: {'line': b'-- Up-to-date: /uros_ws/Brain_DEI/brain/install/utils/include/utils/utils/srv/detail/request_param__type_support.hpp\n'}
[1.379315] (utils) StdoutLine: {'line': b'-- Up-to-date: /uros_ws/Brain_DEI/brain/install/utils/include/utils/utils/srv/detail/subscribing__traits.hpp\n'}
[1.379542] (utils) StdoutLine: {'line': b'-- Up-to-date: /uros_ws/Brain_DEI/brain/install/utils/include/utils/utils/srv/detail/request_param__traits.hpp\n'}
[1.379782] (utils) StdoutLine: {'line': b'-- Up-to-date: /uros_ws/Brain_DEI/brain/install/utils/include/utils/utils/srv/detail/subscribing__struct.hpp\n'}
[1.380028] (utils) StdoutLine: {'line': b'-- Up-to-date: /uros_ws/Brain_DEI/brain/install/utils/include/utils/utils/srv/detail/request_param__builder.hpp\n'}
[1.380241] (utils) StdoutLine: {'line': b'-- Up-to-date: /uros_ws/Brain_DEI/brain/install/utils/include/utils/utils/srv/detail/subscribing__type_support.hpp\n'}
[1.380453] (utils) StdoutLine: {'line': b'-- Up-to-date: /uros_ws/Brain_DEI/brain/install/utils/include/utils/utils/srv/detail/request_param__struct.hpp\n'}
[1.380687] (utils) StdoutLine: {'line': b'-- Up-to-date: /uros_ws/Brain_DEI/brain/install/utils/include/utils/utils/srv/detail/subscribing__builder.hpp\n'}
[1.380976] (utils) StdoutLine: {'line': b'-- Up-to-date: /uros_ws/Brain_DEI/brain/install/utils/include/utils/utils/msg\n'}
[1.381208] (utils) StdoutLine: {'line': b'-- Up-to-date: /uros_ws/Brain_DEI/brain/install/utils/include/utils/utils/msg/conditions.hpp\n'}
[1.381449] (utils) StdoutLine: {'line': b'-- Up-to-date: /uros_ws/Brain_DEI/brain/install/utils/include/utils/utils/msg/trafficsignprediction.hpp\n'}
[1.381719] (utils) StdoutLine: {'line': b'-- Up-to-date: /uros_ws/Brain_DEI/brain/install/utils/include/utils/utils/msg/localisation.hpp\n'}
[1.382008] (utils) StdoutLine: {'line': b'-- Up-to-date: /uros_ws/Brain_DEI/brain/install/utils/include/utils/utils/msg/imu.hpp\n'}
[1.382256] (utils) StdoutLine: {'line': b'-- Up-to-date: /uros_ws/Brain_DEI/brain/install/utils/include/utils/utils/msg/vehicles.hpp\n'}
[1.382475] (utils) StdoutLine: {'line': b'-- Up-to-date: /uros_ws/Brain_DEI/brain/install/utils/include/utils/utils/msg/log.hpp\n'}
[1.382674] (utils) StdoutLine: {'line': b'-- Up-to-date: /uros_ws/Brain_DEI/brain/install/utils/include/utils/utils/msg/topic_info.hpp\n'}
[1.382867] (utils) StdoutLine: {'line': b'-- Up-to-date: /uros_ws/Brain_DEI/brain/install/utils/include/utils/utils/msg/rosidl_generator_cpp__visibility_control.hpp\n'}
[1.383062] (utils) StdoutLine: {'line': b'-- Up-to-date: /uros_ws/Brain_DEI/brain/install/utils/include/utils/utils/msg/detail\n'}
[1.383257] (utils) StdoutLine: {'line': b'-- Up-to-date: /uros_ws/Brain_DEI/brain/install/utils/include/utils/utils/msg/detail/vehicles__type_support.hpp\n'}
[1.383451] (utils) StdoutLine: {'line': b'-- Up-to-date: /uros_ws/Brain_DEI/brain/install/utils/include/utils/utils/msg/detail/vehicles__struct.hpp\n'}
[1.383647] (utils) StdoutLine: {'line': b'-- Up-to-date: /uros_ws/Brain_DEI/brain/install/utils/include/utils/utils/msg/detail/semaphore__builder.hpp\n'}
[1.383842] (utils) StdoutLine: {'line': b'-- Up-to-date: /uros_ws/Brain_DEI/brain/install/utils/include/utils/utils/msg/detail/log__type_support.hpp\n'}
[1.384038] (utils) StdoutLine: {'line': b'-- Up-to-date: /uros_ws/Brain_DEI/brain/install/utils/include/utils/utils/msg/detail/trafficsignprediction__struct.hpp\n'}
[1.384233] (utils) StdoutLine: {'line': b'-- Up-to-date: /uros_ws/Brain_DEI/brain/install/utils/include/utils/utils/msg/detail/conditions__builder.hpp\n'}
[1.384426] (utils) StdoutLine: {'line': b'-- Up-to-date: /uros_ws/Brain_DEI/brain/install/utils/include/utils/utils/msg/detail/topic_info__traits.hpp\n'}
[1.384619] (utils) StdoutLine: {'line': b'-- Up-to-date: /uros_ws/Brain_DEI/brain/install/utils/include/utils/utils/msg/detail/log__builder.hpp\n'}
[1.384836] (utils) StdoutLine: {'line': b'-- Up-to-date: /uros_ws/Brain_DEI/brain/install/utils/include/utils/utils/msg/detail/localisation__builder.hpp\n'}
[1.385049] (utils) StdoutLine: {'line': b'-- Up-to-date: /uros_ws/Brain_DEI/brain/install/utils/include/utils/utils/msg/detail/environmental__traits.hpp\n'}
[1.385261] (utils) StdoutLine: {'line': b'-- Up-to-date: /uros_ws/Brain_DEI/brain/install/utils/include/utils/utils/msg/detail/semaphore__struct.hpp\n'}
[1.385459] (utils) StdoutLine: {'line': b'-- Up-to-date: /uros_ws/Brain_DEI/brain/install/utils/include/utils/utils/msg/detail/imu__type_support.hpp\n'}
[1.385655] (utils) StdoutLine: {'line': b'-- Up-to-date: /uros_ws/Brain_DEI/brain/install/utils/include/utils/utils/msg/detail/imu__builder.hpp\n'}
[1.385852] (utils) StdoutLine: {'line': b'-- Up-to-date: /uros_ws/Brain_DEI/brain/install/utils/include/utils/utils/msg/detail/environmental__builder.hpp\n'}
[1.386050] (utils) StdoutLine: {'line': b'-- Up-to-date: /uros_ws/Brain_DEI/brain/install/utils/include/utils/utils/msg/detail/trafficsignprediction__type_support.hpp\n'}
[1.386284] (utils) StdoutLine: {'line': b'-- Up-to-date: /uros_ws/Brain_DEI/brain/install/utils/include/utils/utils/msg/detail/semaphore__type_support.hpp\n'}
[1.386480] (utils) StdoutLine: {'line': b'-- Up-to-date: /uros_ws/Brain_DEI/brain/install/utils/include/utils/utils/msg/detail/localisation__type_support.hpp\n'}
[1.386677] (utils) StdoutLine: {'line': b'-- Up-to-date: /uros_ws/Brain_DEI/brain/install/utils/include/utils/utils/msg/detail/environmental__struct.hpp\n'}
[1.386876] (utils) StdoutLine: {'line': b'-- Up-to-date: /uros_ws/Brain_DEI/brain/install/utils/include/utils/utils/msg/detail/environmental__type_support.hpp\n'}
[1.387073] (utils) StdoutLine: {'line': b'-- Up-to-date: /uros_ws/Brain_DEI/brain/install/utils/include/utils/utils/msg/detail/conditions__traits.hpp\n'}
[1.387267] (utils) StdoutLine: {'line': b'-- Up-to-date: /uros_ws/Brain_DEI/brain/install/utils/include/utils/utils/msg/detail/localisation__struct.hpp\n'}
[1.387459] (utils) StdoutLine: {'line': b'-- Up-to-date: /uros_ws/Brain_DEI/brain/install/utils/include/utils/utils/msg/detail/trafficsignprediction__traits.hpp\n'}
[1.387669] (utils) StdoutLine: {'line': b'-- Up-to-date: /uros_ws/Brain_DEI/brain/install/utils/include/utils/utils/msg/detail/log__struct.hpp\n'}
[1.387866] (utils) StdoutLine: {'line': b'-- Up-to-date: /uros_ws/Brain_DEI/brain/install/utils/include/utils/utils/msg/detail/conditions__struct.hpp\n'}
[1.388062] (utils) StdoutLine: {'line': b'-- Up-to-date: /uros_ws/Brain_DEI/brain/install/utils/include/utils/utils/msg/detail/conditions__type_support.hpp\n'}
[1.388275] (utils) StdoutLine: {'line': b'-- Up-to-date: /uros_ws/Brain_DEI/brain/install/utils/include/utils/utils/msg/detail/imu__traits.hpp\n'}
[1.388475] (utils) StdoutLine: {'line': b'-- Up-to-date: /uros_ws/Brain_DEI/brain/install/utils/include/utils/utils/msg/detail/imu__struct.hpp\n'}
[1.388669] (utils) StdoutLine: {'line': b'-- Up-to-date: /uros_ws/Brain_DEI/brain/install/utils/include/utils/utils/msg/detail/semaphore__traits.hpp\n'}
[1.388911] (utils) StdoutLine: {'line': b'-- Up-to-date: /uros_ws/Brain_DEI/brain/install/utils/include/utils/utils/msg/detail/topic_info__struct.hpp\n'}
[1.389114] (utils) StdoutLine: {'line': b'-- Up-to-date: /uros_ws/Brain_DEI/brain/install/utils/include/utils/utils/msg/detail/vehicles__traits.hpp\n'}
[1.389311] (utils) StdoutLine: {'line': b'-- Up-to-date: /uros_ws/Brain_DEI/brain/install/utils/include/utils/utils/msg/detail/log__traits.hpp\n'}
[1.389515] (utils) StdoutLine: {'line': b'-- Up-to-date: /uros_ws/Brain_DEI/brain/install/utils/include/utils/utils/msg/detail/topic_info__type_support.hpp\n'}
[1.389713] (utils) StdoutLine: {'line': b'-- Up-to-date: /uros_ws/Brain_DEI/brain/install/utils/include/utils/utils/msg/detail/vehicles__builder.hpp\n'}
[1.389904] (utils) StdoutLine: {'line': b'-- Up-to-date: /uros_ws/Brain_DEI/brain/install/utils/include/utils/utils/msg/detail/topic_info__builder.hpp\n'}
[1.390102] (utils) StdoutLine: {'line': b'-- Up-to-date: /uros_ws/Brain_DEI/brain/install/utils/include/utils/utils/msg/detail/localisation__traits.hpp\n'}
[1.390295] (utils) StdoutLine: {'line': b'-- Up-to-date: /uros_ws/Brain_DEI/brain/install/utils/include/utils/utils/msg/detail/trafficsignprediction__builder.hpp\n'}
[1.390494] (utils) StdoutLine: {'line': b'-- Up-to-date: /uros_ws/Brain_DEI/brain/install/utils/include/utils/utils/msg/semaphore.hpp\n'}
[1.390691] (utils) StdoutLine: {'line': b'-- Up-to-date: /uros_ws/Brain_DEI/brain/install/utils/include/utils/utils/msg/environmental.hpp\n'}
[1.390885] (utils) StdoutLine: {'line': b'-- Up-to-date: /uros_ws/Brain_DEI/brain/install/utils/include/utils/utils\n'}
[1.391081] (utils) StdoutLine: {'line': b'-- Up-to-date: /uros_ws/Brain_DEI/brain/install/utils/include/utils/utils/srv\n'}
[1.391275] (utils) StdoutLine: {'line': b'-- Up-to-date: /uros_ws/Brain_DEI/brain/install/utils/include/utils/utils/srv/detail\n'}
[1.391469] (utils) StdoutLine: {'line': b'-- Up-to-date: /uros_ws/Brain_DEI/brain/install/utils/include/utils/utils/srv/detail/subscribing__rosidl_typesupport_fastrtps_cpp.hpp\n'}
[1.391665] (utils) StdoutLine: {'line': b'-- Up-to-date: /uros_ws/Brain_DEI/brain/install/utils/include/utils/utils/srv/detail/dds_fastrtps\n'}
[1.391859] (utils) StdoutLine: {'line': b'-- Up-to-date: /uros_ws/Brain_DEI/brain/install/utils/include/utils/utils/srv/detail/request_param__rosidl_typesupport_fastrtps_cpp.hpp\n'}
[1.392055] (utils) StdoutLine: {'line': b'-- Up-to-date: /uros_ws/Brain_DEI/brain/install/utils/include/utils/utils/msg\n'}
[1.392249] (utils) StdoutLine: {'line': b'-- Up-to-date: /uros_ws/Brain_DEI/brain/install/utils/include/utils/utils/msg/rosidl_typesupport_fastrtps_cpp__visibility_control.h\n'}
[1.392443] (utils) StdoutLine: {'line': b'-- Up-to-date: /uros_ws/Brain_DEI/brain/install/utils/include/utils/utils/msg/detail\n'}
[1.392638] (utils) StdoutLine: {'line': b'-- Up-to-date: /uros_ws/Brain_DEI/brain/install/utils/include/utils/utils/msg/detail/environmental__rosidl_typesupport_fastrtps_cpp.hpp\n'}
[1.392862] (utils) StdoutLine: {'line': b'-- Up-to-date: /uros_ws/Brain_DEI/brain/install/utils/include/utils/utils/msg/detail/vehicles__rosidl_typesupport_fastrtps_cpp.hpp\n'}
[1.393090] (utils) StdoutLine: {'line': b'-- Up-to-date: /uros_ws/Brain_DEI/brain/install/utils/include/utils/utils/msg/detail/localisation__rosidl_typesupport_fastrtps_cpp.hpp\n'}
[1.393288] (utils) StdoutLine: {'line': b'-- Up-to-date: /uros_ws/Brain_DEI/brain/install/utils/include/utils/utils/msg/detail/log__rosidl_typesupport_fastrtps_cpp.hpp\n'}
[1.393486] (utils) StdoutLine: {'line': b'-- Up-to-date: /uros_ws/Brain_DEI/brain/install/utils/include/utils/utils/msg/detail/conditions__rosidl_typesupport_fastrtps_cpp.hpp\n'}
[1.393715] (utils) StdoutLine: {'line': b'-- Up-to-date: /uros_ws/Brain_DEI/brain/install/utils/include/utils/utils/msg/detail/semaphore__rosidl_typesupport_fastrtps_cpp.hpp\n'}
[1.393919] (utils) StdoutLine: {'line': b'-- Up-to-date: /uros_ws/Brain_DEI/brain/install/utils/include/utils/utils/msg/detail/dds_fastrtps\n'}
[1.394115] (utils) StdoutLine: {'line': b'-- Up-to-date: /uros_ws/Brain_DEI/brain/install/utils/include/utils/utils/msg/detail/trafficsignprediction__rosidl_typesupport_fastrtps_cpp.hpp\n'}
[1.394313] (utils) StdoutLine: {'line': b'-- Up-to-date: /uros_ws/Brain_DEI/brain/install/utils/include/utils/utils/msg/detail/imu__rosidl_typesupport_fastrtps_cpp.hpp\n'}
[1.394509] (utils) StdoutLine: {'line': b'-- Up-to-date: /uros_ws/Brain_DEI/brain/install/utils/include/utils/utils/msg/detail/topic_info__rosidl_typesupport_fastrtps_cpp.hpp\n'}
[1.394704] (utils) StdoutLine: {'line': b'-- Up-to-date: /uros_ws/Brain_DEI/brain/install/utils/lib/libutils__rosidl_typesupport_fastrtps_cpp.so\n'}
[1.394900] (utils) StdoutLine: {'line': b'-- Up-to-date: /uros_ws/Brain_DEI/brain/install/utils/include/utils/utils\n'}
[1.395099] (utils) StdoutLine: {'line': b'-- Up-to-date: /uros_ws/Brain_DEI/brain/install/utils/include/utils/utils/srv\n'}
[1.395310] (utils) StdoutLine: {'line': b'-- Up-to-date: /uros_ws/Brain_DEI/brain/install/utils/include/utils/utils/srv/detail\n'}
[1.395514] (utils) StdoutLine: {'line': b'-- Up-to-date: /uros_ws/Brain_DEI/brain/install/utils/include/utils/utils/srv/detail/request_param__type_support.cpp\n'}
[1.395709] (utils) StdoutLine: {'line': b'-- Up-to-date: /uros_ws/Brain_DEI/brain/install/utils/include/utils/utils/srv/detail/subscribing__type_support.cpp\n'}
[1.395905] (utils) StdoutLine: {'line': b'-- Up-to-date: /uros_ws/Brain_DEI/brain/install/utils/include/utils/utils/srv/detail/request_param__rosidl_typesupport_introspection_cpp.hpp\n'}
[1.396098] (utils) StdoutLine: {'line': b'-- Up-to-date: /uros_ws/Brain_DEI/brain/install/utils/include/utils/utils/srv/detail/subscribing__rosidl_typesupport_introspection_cpp.hpp\n'}
[1.396298] (utils) StdoutLine: {'line': b'-- Up-to-date: /uros_ws/Brain_DEI/brain/install/utils/include/utils/utils/msg\n'}
[1.396493] (utils) StdoutLine: {'line': b'-- Up-to-date: /uros_ws/Brain_DEI/brain/install/utils/include/utils/utils/msg/detail\n'}
[1.396686] (utils) StdoutLine: {'line': b'-- Up-to-date: /uros_ws/Brain_DEI/brain/install/utils/include/utils/utils/msg/detail/semaphore__type_support.cpp\n'}
[1.396950] (utils) StdoutLine: {'line': b'-- Up-to-date: /uros_ws/Brain_DEI/brain/install/utils/include/utils/utils/msg/detail/localisation__type_support.cpp\n'}
[1.397165] (utils) StdoutLine: {'line': b'-- Up-to-date: /uros_ws/Brain_DEI/brain/install/utils/include/utils/utils/msg/detail/conditions__rosidl_typesupport_introspection_cpp.hpp\n'}
[1.397368] (utils) StdoutLine: {'line': b'-- Up-to-date: /uros_ws/Brain_DEI/brain/install/utils/include/utils/utils/msg/detail/imu__type_support.cpp\n'}
[1.397567] (utils) StdoutLine: {'line': b'-- Up-to-date: /uros_ws/Brain_DEI/brain/install/utils/include/utils/utils/msg/detail/vehicles__rosidl_typesupport_introspection_cpp.hpp\n'}
[1.397767] (utils) StdoutLine: {'line': b'-- Up-to-date: /uros_ws/Brain_DEI/brain/install/utils/include/utils/utils/msg/detail/conditions__type_support.cpp\n'}
[1.397963] (utils) StdoutLine: {'line': b'-- Up-to-date: /uros_ws/Brain_DEI/brain/install/utils/include/utils/utils/msg/detail/vehicles__type_support.cpp\n'}
[1.398161] (utils) StdoutLine: {'line': b'-- Up-to-date: /uros_ws/Brain_DEI/brain/install/utils/include/utils/utils/msg/detail/topic_info__type_support.cpp\n'}
[1.398375] (utils) StdoutLine: {'line': b'-- Up-to-date: /uros_ws/Brain_DEI/brain/install/utils/include/utils/utils/msg/detail/environmental__type_support.cpp\n'}
[1.398572] (utils) StdoutLine: {'line': b'-- Up-to-date: /uros_ws/Brain_DEI/brain/install/utils/include/utils/utils/msg/detail/environmental__rosidl_typesupport_introspection_cpp.hpp\n'}
[1.398773] (utils) StdoutLine: {'line': b'-- Up-to-date: /uros_ws/Brain_DEI/brain/install/utils/include/utils/utils/msg/detail/log__rosidl_typesupport_introspection_cpp.hpp\n'}
[1.398971] (utils) StdoutLine: {'line': b'-- Up-to-date: /uros_ws/Brain_DEI/brain/install/utils/include/utils/utils/msg/detail/imu__rosidl_typesupport_introspection_cpp.hpp\n'}
[1.399167] (utils) StdoutLine: {'line': b'-- Up-to-date: /uros_ws/Brain_DEI/brain/install/utils/include/utils/utils/msg/detail/localisation__rosidl_typesupport_introspection_cpp.hpp\n'}
[1.399367] (utils) StdoutLine: {'line': b'-- Up-to-date: /uros_ws/Brain_DEI/brain/install/utils/include/utils/utils/msg/detail/topic_info__rosidl_typesupport_introspection_cpp.hpp\n'}
[1.399566] (utils) StdoutLine: {'line': b'-- Up-to-date: /uros_ws/Brain_DEI/brain/install/utils/include/utils/utils/msg/detail/semaphore__rosidl_typesupport_introspection_cpp.hpp\n'}
[1.399764] (utils) StdoutLine: {'line': b'-- Up-to-date: /uros_ws/Brain_DEI/brain/install/utils/include/utils/utils/msg/detail/log__type_support.cpp\n'}
[1.399960] (utils) StdoutLine: {'line': b'-- Up-to-date: /uros_ws/Brain_DEI/brain/install/utils/include/utils/utils/msg/detail/trafficsignprediction__type_support.cpp\n'}
[1.400157] (utils) StdoutLine: {'line': b'-- Up-to-date: /uros_ws/Brain_DEI/brain/install/utils/include/utils/utils/msg/detail/trafficsignprediction__rosidl_typesupport_introspection_cpp.hpp\n'}
[1.400353] (utils) StdoutLine: {'line': b'-- Up-to-date: /uros_ws/Brain_DEI/brain/install/utils/lib/libutils__rosidl_typesupport_introspection_cpp.so\n'}
[1.400556] (utils) StdoutLine: {'line': b'-- Up-to-date: /uros_ws/Brain_DEI/brain/install/utils/lib/libutils__rosidl_typesupport_cpp.so\n'}
[1.400793] (utils) StdoutLine: {'line': b'-- Up-to-date: /uros_ws/Brain_DEI/brain/install/utils/share/utils/environment/pythonpath.sh\n'}
[1.401023] (utils) StdoutLine: {'line': b'-- Up-to-date: /uros_ws/Brain_DEI/brain/install/utils/share/utils/environment/pythonpath.dsv\n'}
[1.401224] (utils) StdoutLine: {'line': b'-- Up-to-date: /uros_ws/Brain_DEI/brain/install/utils/lib/python3.12/site-packages/utils-0.0.0-py3.12.egg-info\n'}
[1.401423] (utils) StdoutLine: {'line': b'-- Installing: /uros_ws/Brain_DEI/brain/install/utils/lib/python3.12/site-packages/utils-0.0.0-py3.12.egg-info/top_level.txt\n'}
[1.401621] (utils) StdoutLine: {'line': b'-- Installing: /uros_ws/Brain_DEI/brain/install/utils/lib/python3.12/site-packages/utils-0.0.0-py3.12.egg-info/PKG-INFO\n'}
[1.401834] (utils) StdoutLine: {'line': b'-- Installing: /uros_ws/Brain_DEI/brain/install/utils/lib/python3.12/site-packages/utils-0.0.0-py3.12.egg-info/dependency_links.txt\n'}
[1.402035] (utils) StdoutLine: {'line': b'-- Installing: /uros_ws/Brain_DEI/brain/install/utils/lib/python3.12/site-packages/utils-0.0.0-py3.12.egg-info/SOURCES.txt\n'}
[1.402234] (utils) StdoutLine: {'line': b'-- Up-to-date: /uros_ws/Brain_DEI/brain/install/utils/lib/python3.12/site-packages/utils\n'}
[1.402429] (utils) StdoutLine: {'line': b'-- Up-to-date: /uros_ws/Brain_DEI/brain/install/utils/lib/python3.12/site-packages/utils/utils_s__rosidl_typesupport_fastrtps_c.so\n'}
[1.402625] (utils) StdoutLine: {'line': b'-- Up-to-date: /uros_ws/Brain_DEI/brain/install/utils/lib/python3.12/site-packages/utils/__init__.py\n'}
[1.402820] (utils) StdoutLine: {'line': b'-- Up-to-date: /uros_ws/Brain_DEI/brain/install/utils/lib/python3.12/site-packages/utils/srv\n'}
[1.403014] (utils) StdoutLine: {'line': b'-- Up-to-date: /uros_ws/Brain_DEI/brain/install/utils/lib/python3.12/site-packages/utils/srv/_subscribing_s.c\n'}
[1.403206] (utils) StdoutLine: {'line': b'-- Up-to-date: /uros_ws/Brain_DEI/brain/install/utils/lib/python3.12/site-packages/utils/srv/__init__.py\n'}
[1.403421] (utils) StdoutLine: {'line': b'-- Up-to-date: /uros_ws/Brain_DEI/brain/install/utils/lib/python3.12/site-packages/utils/srv/_request_param.py\n'}
[1.403615] (utils) StdoutLine: {'line': b'-- Up-to-date: /uros_ws/Brain_DEI/brain/install/utils/lib/python3.12/site-packages/utils/srv/_subscribing.py\n'}
[1.403809] (utils) StdoutLine: {'line': b'-- Up-to-date: /uros_ws/Brain_DEI/brain/install/utils/lib/python3.12/site-packages/utils/srv/_request_param_s.c\n'}
[1.403996] (utils) StdoutLine: {'line': b'-- Up-to-date: /uros_ws/Brain_DEI/brain/install/utils/lib/python3.12/site-packages/utils/msg\n'}
[1.404193] (utils) StdoutLine: {'line': b'-- Up-to-date: /uros_ws/Brain_DEI/brain/install/utils/lib/python3.12/site-packages/utils/msg/__init__.py\n'}
[1.404379] (utils) StdoutLine: {'line': b'-- Up-to-date: /uros_ws/Brain_DEI/brain/install/utils/lib/python3.12/site-packages/utils/msg/_log.py\n'}
[1.404564] (utils) StdoutLine: {'line': b'-- Up-to-date: /uros_ws/Brain_DEI/brain/install/utils/lib/python3.12/site-packages/utils/msg/_environmental_s.c\n'}
[1.404752] (utils) StdoutLine: {'line': b'-- Up-to-date: /uros_ws/Brain_DEI/brain/install/utils/lib/python3.12/site-packages/utils/msg/_vehicles_s.c\n'}
[1.404970] (utils) StdoutLine: {'line': b'-- Up-to-date: /uros_ws/Brain_DEI/brain/install/utils/lib/python3.12/site-packages/utils/msg/_imu_s.c\n'}
[1.405167] (-) TimerEvent: {}
[1.405401] (utils) StdoutLine: {'line': b'-- Up-to-date: /uros_ws/Brain_DEI/brain/install/utils/lib/python3.12/site-packages/utils/msg/_trafficsignprediction_s.c\n'}
[1.405629] (utils) StdoutLine: {'line': b'-- Up-to-date: /uros_ws/Brain_DEI/brain/install/utils/lib/python3.12/site-packages/utils/msg/_environmental.py\n'}
[1.405825] (utils) StdoutLine: {'line': b'-- Up-to-date: /uros_ws/Brain_DEI/brain/install/utils/lib/python3.12/site-packages/utils/msg/_imu.py\n'}
[1.406018] (utils) StdoutLine: {'line': b'-- Up-to-date: /uros_ws/Brain_DEI/brain/install/utils/lib/python3.12/site-packages/utils/msg/_semaphore.py\n'}
[1.406207] (utils) StdoutLine: {'line': b'-- Up-to-date: /uros_ws/Brain_DEI/brain/install/utils/lib/python3.12/site-packages/utils/msg/_trafficsignprediction.py\n'}
[1.406394] (utils) StdoutLine: {'line': b'-- Up-to-date: /uros_ws/Brain_DEI/brain/install/utils/lib/python3.12/site-packages/utils/msg/_conditions_s.c\n'}
[1.406591] (utils) StdoutLine: {'line': b'-- Up-to-date: /uros_ws/Brain_DEI/brain/install/utils/lib/python3.12/site-packages/utils/msg/_log_s.c\n'}
[1.406786] (utils) StdoutLine: {'line': b'-- Up-to-date: /uros_ws/Brain_DEI/brain/install/utils/lib/python3.12/site-packages/utils/msg/_topic_info_s.c\n'}
[1.406983] (utils) StdoutLine: {'line': b'-- Up-to-date: /uros_ws/Brain_DEI/brain/install/utils/lib/python3.12/site-packages/utils/msg/_conditions.py\n'}
[1.407179] (utils) StdoutLine: {'line': b'-- Up-to-date: /uros_ws/Brain_DEI/brain/install/utils/lib/python3.12/site-packages/utils/msg/_localisation.py\n'}
[1.407375] (utils) StdoutLine: {'line': b'-- Up-to-date: /uros_ws/Brain_DEI/brain/install/utils/lib/python3.12/site-packages/utils/msg/_topic_info.py\n'}
[1.407569] (utils) StdoutLine: {'line': b'-- Up-to-date: /uros_ws/Brain_DEI/brain/install/utils/lib/python3.12/site-packages/utils/msg/_semaphore_s.c\n'}
[1.407758] (utils) StdoutLine: {'line': b'-- Up-to-date: /uros_ws/Brain_DEI/brain/install/utils/lib/python3.12/site-packages/utils/msg/_vehicles.py\n'}
[1.407953] (utils) StdoutLine: {'line': b'-- Up-to-date: /uros_ws/Brain_DEI/brain/install/utils/lib/python3.12/site-packages/utils/msg/_localisation_s.c\n'}
[1.408151] (utils) StdoutLine: {'line': b'-- Up-to-date: /uros_ws/Brain_DEI/brain/install/utils/lib/python3.12/site-packages/utils/_utils_s.ep.rosidl_typesupport_c.c\n'}
[1.408394] (utils) StdoutLine: {'line': b'-- Up-to-date: /uros_ws/Brain_DEI/brain/install/utils/lib/python3.12/site-packages/utils/utils_s__rosidl_typesupport_c.so\n'}
[1.408597] (utils) StdoutLine: {'line': b'-- Up-to-date: /uros_ws/Brain_DEI/brain/install/utils/lib/python3.12/site-packages/utils/utils_s__rosidl_typesupport_introspection_c.so\n'}
[1.408838] (utils) StdoutLine: {'line': b'-- Up-to-date: /uros_ws/Brain_DEI/brain/install/utils/lib/python3.12/site-packages/utils/_utils_s.ep.rosidl_typesupport_introspection_c.c\n'}
[1.409062] (utils) StdoutLine: {'line': b'-- Up-to-date: /uros_ws/Brain_DEI/brain/install/utils/lib/python3.12/site-packages/utils/_utils_s.ep.rosidl_typesupport_fastrtps_c.c\n'}
[1.480366] (utils) StdoutLine: {'line': b"Listing '/uros_ws/Brain_DEI/brain/install/utils/lib/python3.12/site-packages/utils'...\n"}
[1.480920] (utils) StdoutLine: {'line': b"Listing '/uros_ws/Brain_DEI/brain/install/utils/lib/python3.12/site-packages/utils/msg'...\n"}
[1.481183] (utils) StdoutLine: {'line': b"Listing '/uros_ws/Brain_DEI/brain/install/utils/lib/python3.12/site-packages/utils/srv'...\n"}
[1.496655] (utils) StdoutLine: {'line': b'-- Up-to-date: /uros_ws/Brain_DEI/brain/install/utils/lib/python3.12/site-packages/utils/utils_s__rosidl_typesupport_fastrtps_c.so\n'}
[1.497452] (utils) StdoutLine: {'line': b'-- Up-to-date: /uros_ws/Brain_DEI/brain/install/utils/lib/python3.12/site-packages/utils/utils_s__rosidl_typesupport_introspection_c.so\n'}
[1.498171] (utils) StdoutLine: {'line': b'-- Up-to-date: /uros_ws/Brain_DEI/brain/install/utils/lib/python3.12/site-packages/utils/utils_s__rosidl_typesupport_c.so\n'}
[1.498982] (utils) StdoutLine: {'line': b'-- Up-to-date: /uros_ws/Brain_DEI/brain/install/utils/lib/libutils__rosidl_generator_py.so\n'}
[1.499428] (utils) StdoutLine: {'line': b'-- Up-to-date: /uros_ws/Brain_DEI/brain/install/utils/share/utils/msg/IMU.idl\n'}
[1.499684] (utils) StdoutLine: {'line': b'-- Up-to-date: /uros_ws/Brain_DEI/brain/install/utils/share/utils/msg/Localisation.idl\n'}
[1.499940] (utils) StdoutLine: {'line': b'-- Up-to-date: /uros_ws/Brain_DEI/brain/install/utils/share/utils/msg/Vehicles.idl\n'}
[1.500159] (utils) StdoutLine: {'line': b'-- Up-to-date: /uros_ws/Brain_DEI/brain/install/utils/share/utils/msg/Environmental.idl\n'}
[1.500420] (utils) StdoutLine: {'line': b'-- Up-to-date: /uros_ws/Brain_DEI/brain/install/utils/share/utils/msg/Log.idl\n'}
[1.500643] (utils) StdoutLine: {'line': b'-- Up-to-date: /uros_ws/Brain_DEI/brain/install/utils/share/utils/msg/TopicInfo.idl\n'}
[1.500944] (utils) StdoutLine: {'line': b'-- Up-to-date: /uros_ws/Brain_DEI/brain/install/utils/share/utils/msg/Semaphore.idl\n'}
[1.501162] (utils) StdoutLine: {'line': b'-- Up-to-date: /uros_ws/Brain_DEI/brain/install/utils/share/utils/msg/Conditions.idl\n'}
[1.501502] (utils) StdoutLine: {'line': b'-- Up-to-date: /uros_ws/Brain_DEI/brain/install/utils/share/utils/msg/Trafficsignprediction.idl\n'}
[1.501712] (utils) StdoutLine: {'line': b'-- Up-to-date: /uros_ws/Brain_DEI/brain/install/utils/share/utils/srv/Subscribing.idl\n'}
[1.501917] (utils) StdoutLine: {'line': b'-- Up-to-date: /uros_ws/Brain_DEI/brain/install/utils/share/utils/srv/RequestParam.idl\n'}
[1.502205] (utils) StdoutLine: {'line': b'-- Up-to-date: /uros_ws/Brain_DEI/brain/install/utils/share/utils/msg/IMU.msg\n'}
[1.502514] (utils) StdoutLine: {'line': b'-- Up-to-date: /uros_ws/Brain_DEI/brain/install/utils/share/utils/msg/Localisation.msg\n'}
[1.502777] (utils) StdoutLine: {'line': b'-- Up-to-date: /uros_ws/Brain_DEI/brain/install/utils/share/utils/msg/Vehicles.msg\n'}
[1.503051] (utils) StdoutLine: {'line': b'-- Up-to-date: /uros_ws/Brain_DEI/brain/install/utils/share/utils/msg/Environmental.msg\n'}
[1.503262] (utils) StdoutLine: {'line': b'-- Up-to-date: /uros_ws/Brain_DEI/brain/install/utils/share/utils/msg/Log.msg\n'}
[1.503499] (utils) StdoutLine: {'line': b'-- Up-to-date: /uros_ws/Brain_DEI/brain/install/utils/share/utils/msg/TopicInfo.msg\n'}
[1.503734] (utils) StdoutLine: {'line': b'-- Up-to-date: /uros_ws/Brain_DEI/brain/install/utils/share/utils/msg/Semaphore.msg\n'}
[1.503947] (utils) StdoutLine: {'line': b'-- Up-to-date: /uros_ws/Brain_DEI/brain/install/utils/share/utils/msg/Conditions.msg\n'}
[1.504150] (utils) StdoutLine: {'line': b'-- Up-to-date: /uros_ws/Brain_DEI/brain/install/utils/share/utils/msg/Trafficsignprediction.msg\n'}
[1.504389] (utils) StdoutLine: {'line': b'-- Up-to-date: /uros_ws/Brain_DEI/brain/install/utils/share/utils/srv/Subscribing.srv\n'}
[1.504587] (utils) StdoutLine: {'line': b'-- Up-to-date: /uros_ws/Brain_DEI/brain/install/utils/share/utils/srv/RequestParam.srv\n'}
[1.504777] (utils) StdoutLine: {'line': b'-- Up-to-date: /uros_ws/Brain_DEI/brain/install/utils/share/utils/launch\n'}
[1.505008] (utils) StdoutLine: {'line': b'-- Up-to-date: /uros_ws/Brain_DEI/brain/install/utils/share/utils/launch/run_automobile.launch.py\n'}
[1.505229] (-) TimerEvent: {}
[1.505478] (utils) StdoutLine: {'line': b'-- Up-to-date: /uros_ws/Brain_DEI/brain/install/utils/share/ament_index/resource_index/package_run_dependencies/utils\n'}
[1.505759] (utils) StdoutLine: {'line': b'-- Up-to-date: /uros_ws/Brain_DEI/brain/install/utils/share/ament_index/resource_index/parent_prefix_path/utils\n'}
[1.506302] (utils) StdoutLine: {'line': b'-- Up-to-date: /uros_ws/Brain_DEI/brain/install/utils/share/utils/environment/ament_prefix_path.dsv\n'}
[1.506539] (utils) StdoutLine: {'line': b'-- Up-to-date: /uros_ws/Brain_DEI/brain/install/utils/share/utils/environment/path.dsv\n'}
[1.506789] (utils) StdoutLine: {'line': b'-- Up-to-date: /uros_ws/Brain_DEI/brain/install/utils/share/utils/local_setup.bash\n'}
[1.507004] (utils) StdoutLine: {'line': b'-- Up-to-date: /uros_ws/Brain_DEI/brain/install/utils/share/utils/local_setup.sh\n'}
[1.507261] (utils) StdoutLine: {'line': b'-- Up-to-date: /uros_ws/Brain_DEI/brain/install/utils/share/utils/local_setup.zsh\n'}
[1.507468] (utils) StdoutLine: {'line': b'-- Up-to-date: /uros_ws/Brain_DEI/brain/install/utils/share/utils/local_setup.dsv\n'}
[1.507877] (utils) StdoutLine: {'line': b'-- Installing: /uros_ws/Brain_DEI/brain/install/utils/share/utils/package.dsv\n'}
[1.508193] (utils) StdoutLine: {'line': b'-- Up-to-date: /uros_ws/Brain_DEI/brain/install/utils/share/ament_index/resource_index/packages/utils\n'}
[1.508423] (utils) StdoutLine: {'line': b'-- Up-to-date: /uros_ws/Brain_DEI/brain/install/utils/share/utils/cmake/export_utils__rosidl_generator_cExport.cmake\n'}
[1.508786] (utils) StdoutLine: {'line': b'-- Up-to-date: /uros_ws/Brain_DEI/brain/install/utils/share/utils/cmake/export_utils__rosidl_generator_cExport-noconfig.cmake\n'}
[1.509080] (utils) StdoutLine: {'line': b'-- Up-to-date: /uros_ws/Brain_DEI/brain/install/utils/share/utils/cmake/export_utils__rosidl_typesupport_fastrtps_cExport.cmake\n'}
[1.509324] (utils) StdoutLine: {'line': b'-- Up-to-date: /uros_ws/Brain_DEI/brain/install/utils/share/utils/cmake/export_utils__rosidl_typesupport_fastrtps_cExport-noconfig.cmake\n'}
[1.509572] (utils) StdoutLine: {'line': b'-- Up-to-date: /uros_ws/Brain_DEI/brain/install/utils/share/utils/cmake/utils__rosidl_typesupport_introspection_cExport.cmake\n'}
[1.509787] (utils) StdoutLine: {'line': b'-- Up-to-date: /uros_ws/Brain_DEI/brain/install/utils/share/utils/cmake/utils__rosidl_typesupport_introspection_cExport-noconfig.cmake\n'}
[1.510060] (utils) StdoutLine: {'line': b'-- Up-to-date: /uros_ws/Brain_DEI/brain/install/utils/share/utils/cmake/utils__rosidl_typesupport_cExport.cmake\n'}
[1.510318] (utils) StdoutLine: {'line': b'-- Up-to-date: /uros_ws/Brain_DEI/brain/install/utils/share/utils/cmake/utils__rosidl_typesupport_cExport-noconfig.cmake\n'}
[1.510539] (utils) StdoutLine: {'line': b'-- Up-to-date: /uros_ws/Brain_DEI/brain/install/utils/share/utils/cmake/export_utils__rosidl_generator_cppExport.cmake\n'}
[1.510827] (utils) StdoutLine: {'line': b'-- Up-to-date: /uros_ws/Brain_DEI/brain/install/utils/share/utils/cmake/export_utils__rosidl_typesupport_fastrtps_cppExport.cmake\n'}
[1.511080] (utils) StdoutLine: {'line': b'-- Up-to-date: /uros_ws/Brain_DEI/brain/install/utils/share/utils/cmake/export_utils__rosidl_typesupport_fastrtps_cppExport-noconfig.cmake\n'}
[1.511331] (utils) StdoutLine: {'line': b'-- Up-to-date: /uros_ws/Brain_DEI/brain/install/utils/share/utils/cmake/utils__rosidl_typesupport_introspection_cppExport.cmake\n'}
[1.511538] (utils) StdoutLine: {'line': b'-- Up-to-date: /uros_ws/Brain_DEI/brain/install/utils/share/utils/cmake/utils__rosidl_typesupport_introspection_cppExport-noconfig.cmake\n'}
[1.511762] (utils) StdoutLine: {'line': b'-- Up-to-date: /uros_ws/Brain_DEI/brain/install/utils/share/utils/cmake/utils__rosidl_typesupport_cppExport.cmake\n'}
[1.511960] (utils) StdoutLine: {'line': b'-- Up-to-date: /uros_ws/Brain_DEI/brain/install/utils/share/utils/cmake/utils__rosidl_typesupport_cppExport-noconfig.cmake\n'}
[1.512233] (utils) StdoutLine: {'line': b'-- Up-to-date: /uros_ws/Brain_DEI/brain/install/utils/share/utils/cmake/export_utils__rosidl_generator_pyExport.cmake\n'}
[1.512442] (utils) StdoutLine: {'line': b'-- Up-to-date: /uros_ws/Brain_DEI/brain/install/utils/share/utils/cmake/export_utils__rosidl_generator_pyExport-noconfig.cmake\n'}
[1.512642] (utils) StdoutLine: {'line': b'-- Up-to-date: /uros_ws/Brain_DEI/brain/install/utils/share/utils/cmake/rosidl_cmake-extras.cmake\n'}
[1.512871] (utils) StdoutLine: {'line': b'-- Up-to-date: /uros_ws/Brain_DEI/brain/install/utils/share/utils/cmake/ament_cmake_export_dependencies-extras.cmake\n'}
[1.513090] (utils) StdoutLine: {'line': b'-- Up-to-date: /uros_ws/Brain_DEI/brain/install/utils/share/utils/cmake/ament_cmake_export_include_directories-extras.cmake\n'}
[1.513289] (utils) StdoutLine: {'line': b'-- Up-to-date: /uros_ws/Brain_DEI/brain/install/utils/share/utils/cmake/ament_cmake_export_libraries-extras.cmake\n'}
[1.513489] (utils) StdoutLine: {'line': b'-- Up-to-date: /uros_ws/Brain_DEI/brain/install/utils/share/utils/cmake/ament_cmake_export_targets-extras.cmake\n'}
[1.513682] (utils) StdoutLine: {'line': b'-- Up-to-date: /uros_ws/Brain_DEI/brain/install/utils/share/utils/cmake/rosidl_cmake_export_typesupport_targets-extras.cmake\n'}
[1.513876] (utils) StdoutLine: {'line': b'-- Up-to-date: /uros_ws/Brain_DEI/brain/install/utils/share/utils/cmake/rosidl_cmake_export_typesupport_libraries-extras.cmake\n'}
[1.514068] (utils) StdoutLine: {'line': b'-- Up-to-date: /uros_ws/Brain_DEI/brain/install/utils/share/utils/cmake/utilsConfig.cmake\n'}
[1.514257] (utils) StdoutLine: {'line': b'-- Up-to-date: /uros_ws/Brain_DEI/brain/install/utils/share/utils/cmake/utilsConfig-version.cmake\n'}
[1.514467] (utils) StdoutLine: {'line': b'-- Up-to-date: /uros_ws/Brain_DEI/brain/install/utils/share/utils/package.xml\n'}
[1.516308] (utils) CommandEnded: {'returncode': 0}
[1.604001] (utils) JobEnded: {'identifier': 'utils', 'rc': 0}
[1.606796] (-) TimerEvent: {}
[1.607181] (input) JobStarted: {'identifier': 'input'}
[1.628566] (output) JobStarted: {'identifier': 'output'}
[1.649311] (unix_out) JobStarted: {'identifier': 'unix_out'}
[1.706968] (-) TimerEvent: {}
[1.807582] (-) TimerEvent: {}
[1.908206] (-) TimerEvent: {}
[2.008950] (-) TimerEvent: {}
[2.109596] (-) TimerEvent: {}
[2.210225] (-) TimerEvent: {}
[2.310942] (-) TimerEvent: {}
[2.411608] (-) TimerEvent: {}
[2.512311] (-) TimerEvent: {}
[2.613046] (-) TimerEvent: {}
[2.713705] (-) TimerEvent: {}
[2.814424] (-) TimerEvent: {}
[2.915764] (-) TimerEvent: {}
[3.017333] (-) TimerEvent: {}
[3.117939] (-) TimerEvent: {}
[3.218633] (-) TimerEvent: {}
[3.319212] (-) TimerEvent: {}
[3.419852] (-) TimerEvent: {}
[3.520549] (-) TimerEvent: {}
[3.621624] (-) TimerEvent: {}
[3.722337] (-) TimerEvent: {}
[3.823014] (-) TimerEvent: {}
[3.924390] (-) TimerEvent: {}
[4.025667] (-) TimerEvent: {}
[4.128922] (-) TimerEvent: {}
[4.229712] (-) TimerEvent: {}
[4.334284] (-) TimerEvent: {}
[4.435171] (-) TimerEvent: {}
[4.535767] (-) TimerEvent: {}
[4.636841] (-) TimerEvent: {}
[4.737723] (-) TimerEvent: {}
[4.838982] (-) TimerEvent: {}
[4.941183] (-) TimerEvent: {}
[4.961572] (output) Command: {'cmd': ['/usr/bin/python3', '-W', 'ignore:setup.py install is deprecated', '-W', 'ignore:easy_install command is deprecated', 'setup.py', 'egg_info', '--egg-base', '../../../build/output', 'build', '--build-base', '/uros_ws/Brain_DEI/brain/build/output/build', 'install', '--record', '/uros_ws/Brain_DEI/brain/build/output/install.log', '--single-version-externally-managed', 'install_data'], 'cwd': '/uros_ws/Brain_DEI/brain/src/smart/output', 'env': {'LESSOPEN': '| /usr/bin/lesspipe %s', 'HOSTNAME': 'ubuntu', 'SHLVL': '1', 'LD_LIBRARY_PATH': '/uros_ws/Brain_DEI/brain/install/utils/lib:/uros_ws/install/micro_ros_agent/lib:/uros_ws/install/micro_ros_msgs/lib:/opt/ros/jazzy/opt/rviz_ogre_vendor/lib:/opt/ros/jazzy/lib/aarch64-linux-gnu:/opt/ros/jazzy/opt/gz_math_vendor/lib:/opt/ros/jazzy/opt/gz_utils_vendor/lib:/opt/ros/jazzy/opt/gz_cmake_vendor/lib:/opt/ros/jazzy/lib', 'HOME': '/root', 'OLDPWD': '/uros_ws', 'MICROROS_DISABLE_SHM': '1', 'ROS_PYTHON_VERSION': '3', 'COLCON_PREFIX_PATH': '/uros_ws/Brain_DEI/brain/install:/uros_ws/install', 'ROS_DISTRO': 'jazzy', 'IGN_GAZEBO_MODEL_PATH': '/opt/ros/jazzy/share', '_': '/usr/bin/colcon', 'ROS_VERSION': '2', 'TERM': 'xterm', 'GAZEBO_MODEL_PATH': '/opt/ros/jazzy/share', 'PATH': '/opt/ros/jazzy/bin:/usr/local/sbin:/usr/local/bin:/usr/sbin:/usr/bin:/sbin:/bin', 'LANG': 'C.UTF-8', 'RMW_IMPLEMENTATION': 'rmw_fastrtps_cpp', 'LS_COLORS': 'rs=0:di=01;34:ln=01;36:mh=00:pi=40;33:so=01;35:do=01;35:bd=40;33;01:cd=40;33;01:or=40;31;01:mi=00:su=37;41:sg=30;43:ca=00:tw=30;42:ow=34;42:st=37;44:ex=01;32:*.tar=01;31:*.tgz=01;31:*.arc=01;31:*.arj=01;31:*.taz=01;31:*.lha=01;31:*.lz4=01;31:*.lzh=01;31:*.lzma=01;31:*.tlz=01;31:*.txz=01;31:*.tzo=01;31:*.t7z=01;31:*.zip=01;31:*.z=01;31:*.dz=01;31:*.gz=01;31:*.lrz=01;31:*.lz=01;31:*.lzo=01;31:*.xz=01;31:*.zst=01;31:*.tzst=01;31:*.bz2=01;31:*.bz=01;31:*.tbz=01;31:*.tbz2=01;31:*.tz=01;31:*.deb=01;31:*.rpm=01;31:*.jar=01;31:*.war=01;31:*.ear=01;31:*.sar=01;31:*.rar=01;31:*.alz=01;31:*.ace=01;31:*.zoo=01;31:*.cpio=01;31:*.7z=01;31:*.rz=01;31:*.cab=01;31:*.wim=01;31:*.swm=01;31:*.dwm=01;31:*.esd=01;31:*.avif=01;35:*.jpg=01;35:*.jpeg=01;35:*.mjpg=01;35:*.mjpeg=01;35:*.gif=01;35:*.bmp=01;35:*.pbm=01;35:*.pgm=01;35:*.ppm=01;35:*.tga=01;35:*.xbm=01;35:*.xpm=01;35:*.tif=01;35:*.tiff=01;35:*.png=01;35:*.svg=01;35:*.svgz=01;35:*.mng=01;35:*.pcx=01;35:*.mov=01;35:*.mpg=01;35:*.mpeg=01;35:*.m2v=01;35:*.mkv=01;35:*.webm=01;35:*.webp=01;35:*.ogm=01;35:*.mp4=01;35:*.m4v=01;35:*.mp4v=01;35:*.vob=01;35:*.qt=01;35:*.nuv=01;35:*.wmv=01;35:*.asf=01;35:*.rm=01;35:*.rmvb=01;35:*.flc=01;35:*.avi=01;35:*.fli=01;35:*.flv=01;35:*.gl=01;35:*.dl=01;35:*.xcf=01;35:*.xwd=01;35:*.yuv=01;35:*.cgm=01;35:*.emf=01;35:*.ogv=01;35:*.ogx=01;35:*.aac=00;36:*.au=00;36:*.flac=00;36:*.m4a=00;36:*.mid=00;36:*.midi=00;36:*.mka=00;36:*.mp3=00;36:*.mpc=00;36:*.ogg=00;36:*.ra=00;36:*.wav=00;36:*.oga=00;36:*.opus=00;36:*.spx=00;36:*.xspf=00;36:*~=00;90:*#=00;90:*.bak=00;90:*.crdownload=00;90:*.dpkg-dist=00;90:*.dpkg-new=00;90:*.dpkg-old=00;90:*.dpkg-tmp=00;90:*.old=00;90:*.orig=00;90:*.part=00;90:*.rej=00;90:*.rpmnew=00;90:*.rpmorig=00;90:*.rpmsave=00;90:*.swp=00;90:*.tmp=00;90:*.ucf-dist=00;90:*.ucf-new=00;90:*.ucf-old=00;90:', 'AMENT_PREFIX_PATH': '/uros_ws/Brain_DEI/brain/install/unix_out:/uros_ws/Brain_DEI/brain/install/output:/uros_ws/Brain_DEI/brain/install/input:/uros_ws/Brain_DEI/brain/install/utils:/uros_ws/install/micro_ros_agent:/uros_ws/install/micro_ros_msgs:/opt/ros/jazzy', 'LESSCLOSE': '/usr/bin/lesspipe %s %s', 'IGN_GAZEBO_RESOURCE_PATH': '/opt/ros/jazzy/share', 'GAZEBO_RESOURCE_PATH': '/opt/ros/jazzy/share', 'ROS_AUTOMATIC_DISCOVERY_RANGE': 'SUBNET', 'PWD': '/uros_ws/Brain_DEI/brain/build/output', 'LC_ALL': 'C.UTF-8', 'PYTHONPATH': '/uros_ws/Brain_DEI/brain/build/output/prefix_override:/usr/lib/python3/dist-packages/colcon_core/task/python/colcon_distutils_commands:/uros_ws/Brain_DEI/brain/install/output/lib/python3.12/site-packages:/uros_ws/Brain_DEI/brain/install/utils/lib/python3.12/site-packages:/uros_ws/Brain_DEI/brain/install/unix_out/lib/python3.12/site-packages:/uros_ws/Brain_DEI/brain/install/output/lib/python3.12/site-packages:/uros_ws/Brain_DEI/brain/install/input/lib/python3.12/site-packages:/uros_ws/install/micro_ros_msgs/lib/python3.12/site-packages:/opt/ros/jazzy/lib/python3.12/site-packages', 'COLCON': '1', 'CMAKE_PREFIX_PATH': '/uros_ws/Brain_DEI/brain/install/utils:/uros_ws/install/micro_ros_agent:/uros_ws/install/micro_ros_msgs:/opt/ros/jazzy/opt/gz_math_vendor:/opt/ros/jazzy/opt/gz_utils_vendor:/opt/ros/jazzy/opt/gz_cmake_vendor'}, 'shell': False}
[5.019827] (input) Command: {'cmd': ['/usr/bin/python3', '-W', 'ignore:setup.py install is deprecated', '-W', 'ignore:easy_install command is deprecated', 'setup.py', 'egg_info', '--egg-base', '../../build/input', 'build', '--build-base', '/uros_ws/Brain_DEI/brain/build/input/build', 'install', '--record', '/uros_ws/Brain_DEI/brain/build/input/install.log', '--single-version-externally-managed', 'install_data'], 'cwd': '/uros_ws/Brain_DEI/brain/src/input', 'env': {'LESSOPEN': '| /usr/bin/lesspipe %s', 'HOSTNAME': 'ubuntu', 'SHLVL': '1', 'LD_LIBRARY_PATH': '/uros_ws/Brain_DEI/brain/install/utils/lib:/uros_ws/install/micro_ros_agent/lib:/uros_ws/install/micro_ros_msgs/lib:/opt/ros/jazzy/opt/rviz_ogre_vendor/lib:/opt/ros/jazzy/lib/aarch64-linux-gnu:/opt/ros/jazzy/opt/gz_math_vendor/lib:/opt/ros/jazzy/opt/gz_utils_vendor/lib:/opt/ros/jazzy/opt/gz_cmake_vendor/lib:/opt/ros/jazzy/lib', 'HOME': '/root', 'OLDPWD': '/uros_ws', 'MICROROS_DISABLE_SHM': '1', 'ROS_PYTHON_VERSION': '3', 'COLCON_PREFIX_PATH': '/uros_ws/Brain_DEI/brain/install:/uros_ws/install', 'ROS_DISTRO': 'jazzy', 'IGN_GAZEBO_MODEL_PATH': '/opt/ros/jazzy/share', '_': '/usr/bin/colcon', 'ROS_VERSION': '2', 'TERM': 'xterm', 'GAZEBO_MODEL_PATH': '/opt/ros/jazzy/share', 'PATH': '/opt/ros/jazzy/bin:/usr/local/sbin:/usr/local/bin:/usr/sbin:/usr/bin:/sbin:/bin', 'LANG': 'C.UTF-8', 'RMW_IMPLEMENTATION': 'rmw_fastrtps_cpp', 'LS_COLORS': 'rs=0:di=01;34:ln=01;36:mh=00:pi=40;33:so=01;35:do=01;35:bd=40;33;01:cd=40;33;01:or=40;31;01:mi=00:su=37;41:sg=30;43:ca=00:tw=30;42:ow=34;42:st=37;44:ex=01;32:*.tar=01;31:*.tgz=01;31:*.arc=01;31:*.arj=01;31:*.taz=01;31:*.lha=01;31:*.lz4=01;31:*.lzh=01;31:*.lzma=01;31:*.tlz=01;31:*.txz=01;31:*.tzo=01;31:*.t7z=01;31:*.zip=01;31:*.z=01;31:*.dz=01;31:*.gz=01;31:*.lrz=01;31:*.lz=01;31:*.lzo=01;31:*.xz=01;31:*.zst=01;31:*.tzst=01;31:*.bz2=01;31:*.bz=01;31:*.tbz=01;31:*.tbz2=01;31:*.tz=01;31:*.deb=01;31:*.rpm=01;31:*.jar=01;31:*.war=01;31:*.ear=01;31:*.sar=01;31:*.rar=01;31:*.alz=01;31:*.ace=01;31:*.zoo=01;31:*.cpio=01;31:*.7z=01;31:*.rz=01;31:*.cab=01;31:*.wim=01;31:*.swm=01;31:*.dwm=01;31:*.esd=01;31:*.avif=01;35:*.jpg=01;35:*.jpeg=01;35:*.mjpg=01;35:*.mjpeg=01;35:*.gif=01;35:*.bmp=01;35:*.pbm=01;35:*.pgm=01;35:*.ppm=01;35:*.tga=01;35:*.xbm=01;35:*.xpm=01;35:*.tif=01;35:*.tiff=01;35:*.png=01;35:*.svg=01;35:*.svgz=01;35:*.mng=01;35:*.pcx=01;35:*.mov=01;35:*.mpg=01;35:*.mpeg=01;35:*.m2v=01;35:*.mkv=01;35:*.webm=01;35:*.webp=01;35:*.ogm=01;35:*.mp4=01;35:*.m4v=01;35:*.mp4v=01;35:*.vob=01;35:*.qt=01;35:*.nuv=01;35:*.wmv=01;35:*.asf=01;35:*.rm=01;35:*.rmvb=01;35:*.flc=01;35:*.avi=01;35:*.fli=01;35:*.flv=01;35:*.gl=01;35:*.dl=01;35:*.xcf=01;35:*.xwd=01;35:*.yuv=01;35:*.cgm=01;35:*.emf=01;35:*.ogv=01;35:*.ogx=01;35:*.aac=00;36:*.au=00;36:*.flac=00;36:*.m4a=00;36:*.mid=00;36:*.midi=00;36:*.mka=00;36:*.mp3=00;36:*.mpc=00;36:*.ogg=00;36:*.ra=00;36:*.wav=00;36:*.oga=00;36:*.opus=00;36:*.spx=00;36:*.xspf=00;36:*~=00;90:*#=00;90:*.bak=00;90:*.crdownload=00;90:*.dpkg-dist=00;90:*.dpkg-new=00;90:*.dpkg-old=00;90:*.dpkg-tmp=00;90:*.old=00;90:*.orig=00;90:*.part=00;90:*.rej=00;90:*.rpmnew=00;90:*.rpmorig=00;90:*.rpmsave=00;90:*.swp=00;90:*.tmp=00;90:*.ucf-dist=00;90:*.ucf-new=00;90:*.ucf-old=00;90:', 'AMENT_PREFIX_PATH': '/uros_ws/Brain_DEI/brain/install/unix_out:/uros_ws/Brain_DEI/brain/install/output:/uros_ws/Brain_DEI/brain/install/input:/uros_ws/Brain_DEI/brain/install/utils:/uros_ws/install/micro_ros_agent:/uros_ws/install/micro_ros_msgs:/opt/ros/jazzy', 'LESSCLOSE': '/usr/bin/lesspipe %s %s', 'IGN_GAZEBO_RESOURCE_PATH': '/opt/ros/jazzy/share', 'GAZEBO_RESOURCE_PATH': '/opt/ros/jazzy/share', 'ROS_AUTOMATIC_DISCOVERY_RANGE': 'SUBNET', 'PWD': '/uros_ws/Brain_DEI/brain/build/input', 'LC_ALL': 'C.UTF-8', 'PYTHONPATH': '/uros_ws/Brain_DEI/brain/build/input/prefix_override:/usr/lib/python3/dist-packages/colcon_core/task/python/colcon_distutils_commands:/uros_ws/Brain_DEI/brain/install/input/lib/python3.12/site-packages:/uros_ws/Brain_DEI/brain/install/utils/lib/python3.12/site-packages:/uros_ws/Brain_DEI/brain/install/unix_out/lib/python3.12/site-packages:/uros_ws/Brain_DEI/brain/install/output/lib/python3.12/site-packages:/uros_ws/Brain_DEI/brain/install/input/lib/python3.12/site-packages:/uros_ws/install/micro_ros_msgs/lib/python3.12/site-packages:/opt/ros/jazzy/lib/python3.12/site-packages', 'COLCON': '1', 'CMAKE_PREFIX_PATH': '/uros_ws/Brain_DEI/brain/install/utils:/uros_ws/install/micro_ros_agent:/uros_ws/install/micro_ros_msgs:/opt/ros/jazzy/opt/gz_math_vendor:/opt/ros/jazzy/opt/gz_utils_vendor:/opt/ros/jazzy/opt/gz_cmake_vendor'}, 'shell': False}
[5.041321] (-) TimerEvent: {}
[5.141930] (-) TimerEvent: {}
[5.185300] (unix_out) Command: {'cmd': ['/usr/bin/python3', '-W', 'ignore:setup.py install is deprecated', '-W', 'ignore:easy_install command is deprecated', 'setup.py', 'egg_info', '--egg-base', '../../build/unix_out', 'build', '--build-base', '/uros_ws/Brain_DEI/brain/build/unix_out/build', 'install', '--record', '/uros_ws/Brain_DEI/brain/build/unix_out/install.log', '--single-version-externally-managed', 'install_data'], 'cwd': '/uros_ws/Brain_DEI/brain/src/unix_out', 'env': {'LESSOPEN': '| /usr/bin/lesspipe %s', 'HOSTNAME': 'ubuntu', 'SHLVL': '1', 'LD_LIBRARY_PATH': '/uros_ws/Brain_DEI/brain/install/utils/lib:/uros_ws/install/micro_ros_agent/lib:/uros_ws/install/micro_ros_msgs/lib:/opt/ros/jazzy/opt/rviz_ogre_vendor/lib:/opt/ros/jazzy/lib/aarch64-linux-gnu:/opt/ros/jazzy/opt/gz_math_vendor/lib:/opt/ros/jazzy/opt/gz_utils_vendor/lib:/opt/ros/jazzy/opt/gz_cmake_vendor/lib:/opt/ros/jazzy/lib', 'HOME': '/root', 'OLDPWD': '/uros_ws', 'MICROROS_DISABLE_SHM': '1', 'ROS_PYTHON_VERSION': '3', 'COLCON_PREFIX_PATH': '/uros_ws/Brain_DEI/brain/install:/uros_ws/install', 'ROS_DISTRO': 'jazzy', 'IGN_GAZEBO_MODEL_PATH': '/opt/ros/jazzy/share', '_': '/usr/bin/colcon', 'ROS_VERSION': '2', 'TERM': 'xterm', 'GAZEBO_MODEL_PATH': '/opt/ros/jazzy/share', 'PATH': '/opt/ros/jazzy/bin:/usr/local/sbin:/usr/local/bin:/usr/sbin:/usr/bin:/sbin:/bin', 'LANG': 'C.UTF-8', 'RMW_IMPLEMENTATION': 'rmw_fastrtps_cpp', 'LS_COLORS': 'rs=0:di=01;34:ln=01;36:mh=00:pi=40;33:so=01;35:do=01;35:bd=40;33;01:cd=40;33;01:or=40;31;01:mi=00:su=37;41:sg=30;43:ca=00:tw=30;42:ow=34;42:st=37;44:ex=01;32:*.tar=01;31:*.tgz=01;31:*.arc=01;31:*.arj=01;31:*.taz=01;31:*.lha=01;31:*.lz4=01;31:*.lzh=01;31:*.lzma=01;31:*.tlz=01;31:*.txz=01;31:*.tzo=01;31:*.t7z=01;31:*.zip=01;31:*.z=01;31:*.dz=01;31:*.gz=01;31:*.lrz=01;31:*.lz=01;31:*.lzo=01;31:*.xz=01;31:*.zst=01;31:*.tzst=01;31:*.bz2=01;31:*.bz=01;31:*.tbz=01;31:*.tbz2=01;31:*.tz=01;31:*.deb=01;31:*.rpm=01;31:*.jar=01;31:*.war=01;31:*.ear=01;31:*.sar=01;31:*.rar=01;31:*.alz=01;31:*.ace=01;31:*.zoo=01;31:*.cpio=01;31:*.7z=01;31:*.rz=01;31:*.cab=01;31:*.wim=01;31:*.swm=01;31:*.dwm=01;31:*.esd=01;31:*.avif=01;35:*.jpg=01;35:*.jpeg=01;35:*.mjpg=01;35:*.mjpeg=01;35:*.gif=01;35:*.bmp=01;35:*.pbm=01;35:*.pgm=01;35:*.ppm=01;35:*.tga=01;35:*.xbm=01;35:*.xpm=01;35:*.tif=01;35:*.tiff=01;35:*.png=01;35:*.svg=01;35:*.svgz=01;35:*.mng=01;35:*.pcx=01;35:*.mov=01;35:*.mpg=01;35:*.mpeg=01;35:*.m2v=01;35:*.mkv=01;35:*.webm=01;35:*.webp=01;35:*.ogm=01;35:*.mp4=01;35:*.m4v=01;35:*.mp4v=01;35:*.vob=01;35:*.qt=01;35:*.nuv=01;35:*.wmv=01;35:*.asf=01;35:*.rm=01;35:*.rmvb=01;35:*.flc=01;35:*.avi=01;35:*.fli=01;35:*.flv=01;35:*.gl=01;35:*.dl=01;35:*.xcf=01;35:*.xwd=01;35:*.yuv=01;35:*.cgm=01;35:*.emf=01;35:*.ogv=01;35:*.ogx=01;35:*.aac=00;36:*.au=00;36:*.flac=00;36:*.m4a=00;36:*.mid=00;36:*.midi=00;36:*.mka=00;36:*.mp3=00;36:*.mpc=00;36:*.ogg=00;36:*.ra=00;36:*.wav=00;36:*.oga=00;36:*.opus=00;36:*.spx=00;36:*.xspf=00;36:*~=00;90:*#=00;90:*.bak=00;90:*.crdownload=00;90:*.dpkg-dist=00;90:*.dpkg-new=00;90:*.dpkg-old=00;90:*.dpkg-tmp=00;90:*.old=00;90:*.orig=00;90:*.part=00;90:*.rej=00;90:*.rpmnew=00;90:*.rpmorig=00;90:*.rpmsave=00;90:*.swp=00;90:*.tmp=00;90:*.ucf-dist=00;90:*.ucf-new=00;90:*.ucf-old=00;90:', 'AMENT_PREFIX_PATH': '/uros_ws/Brain_DEI/brain/install/unix_out:/uros_ws/Brain_DEI/brain/install/output:/uros_ws/Brain_DEI/brain/install/input:/uros_ws/Brain_DEI/brain/install/utils:/uros_ws/install/micro_ros_agent:/uros_ws/install/micro_ros_msgs:/opt/ros/jazzy', 'LESSCLOSE': '/usr/bin/lesspipe %s %s', 'IGN_GAZEBO_RESOURCE_PATH': '/opt/ros/jazzy/share', 'GAZEBO_RESOURCE_PATH': '/opt/ros/jazzy/share', 'ROS_AUTOMATIC_DISCOVERY_RANGE': 'SUBNET', 'PWD': '/uros_ws/Brain_DEI/brain/build/unix_out', 'LC_ALL': 'C.UTF-8', 'PYTHONPATH': '/uros_ws/Brain_DEI/brain/build/unix_out/prefix_override:/usr/lib/python3/dist-packages/colcon_core/task/python/colcon_distutils_commands:/uros_ws/Brain_DEI/brain/install/unix_out/lib/python3.12/site-packages:/uros_ws/Brain_DEI/brain/install/utils/lib/python3.12/site-packages:/uros_ws/Brain_DEI/brain/install/unix_out/lib/python3.12/site-packages:/uros_ws/Brain_DEI/brain/install/output/lib/python3.12/site-packages:/uros_ws/Brain_DEI/brain/install/input/lib/python3.12/site-packages:/uros_ws/install/micro_ros_msgs/lib/python3.12/site-packages:/opt/ros/jazzy/lib/python3.12/site-packages', 'COLCON': '1', 'CMAKE_PREFIX_PATH': '/uros_ws/Brain_DEI/brain/install/utils:/uros_ws/install/micro_ros_agent:/uros_ws/install/micro_ros_msgs:/opt/ros/jazzy/opt/gz_math_vendor:/opt/ros/jazzy/opt/gz_utils_vendor:/opt/ros/jazzy/opt/gz_cmake_vendor'}, 'shell': False}
[5.242078] (-) TimerEvent: {}
[5.342671] (-) TimerEvent: {}
[5.443254] (-) TimerEvent: {}
[5.543849] (-) TimerEvent: {}
[5.637798] (output) StdoutLine: {'line': b'running egg_info\n'}
[5.643960] (-) TimerEvent: {}
[5.687329] (output) StdoutLine: {'line': b'writing ../../../build/output/output.egg-info/PKG-INFO\n'}
[5.694924] (output) StdoutLine: {'line': b'writing dependency_links to ../../../build/output/output.egg-info/dependency_links.txt\n'}
[5.697192] (output) StdoutLine: {'line': b'writing requirements to ../../../build/output/output.egg-info/requires.txt\n'}
[5.697520] (output) StdoutLine: {'line': b'writing top-level names to ../../../build/output/output.egg-info/top_level.txt\n'}
[5.724838] (input) StdoutLine: {'line': b'running egg_info\n'}
[5.726432] (input) StdoutLine: {'line': b'creating ../../build/input/input.egg-info\n'}
[5.744103] (-) TimerEvent: {}
[5.771208] (input) StdoutLine: {'line': b'writing ../../build/input/input.egg-info/PKG-INFO\n'}
[5.772162] (input) StdoutLine: {'line': b'writing dependency_links to ../../build/input/input.egg-info/dependency_links.txt\n'}
[5.772753] (input) StdoutLine: {'line': b'writing entry points to ../../build/input/input.egg-info/entry_points.txt\n'}
[5.773207] (input) StdoutLine: {'line': b'writing requirements to ../../build/input/input.egg-info/requires.txt\n'}
[5.773768] (input) StdoutLine: {'line': b'writing top-level names to ../../build/input/input.egg-info/top_level.txt\n'}
[5.774431] (input) StdoutLine: {'line': b"writing manifest file '../../build/input/input.egg-info/SOURCES.txt'\n"}
[5.783116] (output) StdoutLine: {'line': b"reading manifest file '../../../build/output/output.egg-info/SOURCES.txt'\n"}
[5.784885] (output) StdoutLine: {'line': b"writing manifest file '../../../build/output/output.egg-info/SOURCES.txt'\n"}
[5.785410] (output) StdoutLine: {'line': b'running build\n'}
[5.785766] (output) StdoutLine: {'line': b'running build_py\n'}
[5.787340] (output) StdoutLine: {'line': b'running install\n'}
[5.803417] (output) StdoutLine: {'line': b'running install_lib\n'}
[5.844262] (-) TimerEvent: {}
[5.853052] (output) StdoutLine: {'line': b'running install_data\n'}
[5.853899] (output) StdoutLine: {'line': b'running install_egg_info\n'}
[5.875335] (input) StdoutLine: {'line': b"reading manifest file '../../build/input/input.egg-info/SOURCES.txt'\n"}
[5.877915] (input) StdoutLine: {'line': b"writing manifest file '../../build/input/input.egg-info/SOURCES.txt'\n"}
[5.878818] (input) StdoutLine: {'line': b'running build\n'}
[5.880220] (input) StdoutLine: {'line': b'running build_py\n'}
[5.880665] (input) StdoutLine: {'line': b'creating /uros_ws/Brain_DEI/brain/build/input/build\n'}
[5.881044] (input) StdoutLine: {'line': b'creating /uros_ws/Brain_DEI/brain/build/input/build/lib\n'}
[5.881272] (input) StdoutLine: {'line': b'creating /uros_ws/Brain_DEI/brain/build/input/build/lib/gpstracker\n'}
[5.881476] (input) StdoutLine: {'line': b'copying src/gpstracker/complexDealer.py -> /uros_ws/Brain_DEI/brain/build/input/build/lib/gpstracker\n'}
[5.881792] (input) StdoutLine: {'line': b'copying src/gpstracker/__init__.py -> /uros_ws/Brain_DEI/brain/build/input/build/lib/gpstracker\n'}
[5.882002] (input) StdoutLine: {'line': b'copying src/gpstracker/gpstrackerNODE.py -> /uros_ws/Brain_DEI/brain/build/input/build/lib/gpstracker\n'}
[5.885203] (input) StdoutLine: {'line': b'copying src/gpstracker/server_listener.py -> /uros_ws/Brain_DEI/brain/build/input/build/lib/gpstracker\n'}
[5.885647] (input) StdoutLine: {'line': b'copying src/gpstracker/locsys.py -> /uros_ws/Brain_DEI/brain/build/input/build/lib/gpstracker\n'}
[5.885904] (unix_out) StdoutLine: {'line': b'running egg_info\n'}
[5.893163] (input) StdoutLine: {'line': b'copying src/gpstracker/server_subscriber.py -> /uros_ws/Brain_DEI/brain/build/input/build/lib/gpstracker\n'}
[5.893661] (input) StdoutLine: {'line': b'copying src/gpstracker/server_data.py -> /uros_ws/Brain_DEI/brain/build/input/build/lib/gpstracker\n'}
[5.893927] (input) StdoutLine: {'line': b'copying src/gpstracker/util.py -> /uros_ws/Brain_DEI/brain/build/input/build/lib/gpstracker\n'}
[5.894153] (input) StdoutLine: {'line': b'copying src/gpstracker/position_listener.py -> /uros_ws/Brain_DEI/brain/build/input/build/lib/gpstracker\n'}
[5.894372] (input) StdoutLine: {'line': b'creating /uros_ws/Brain_DEI/brain/build/input/build/lib/templates\n'}
[5.894602] (input) StdoutLine: {'line': b'copying src/templates/threadwithstop.py -> /uros_ws/Brain_DEI/brain/build/input/build/lib/templates\n'}
[5.897221] (input) StdoutLine: {'line': b'copying src/templates/workerprocess.py -> /uros_ws/Brain_DEI/brain/build/input/build/lib/templates\n'}
[5.898145] (input) StdoutLine: {'line': b'copying src/templates/__init__.py -> /uros_ws/Brain_DEI/brain/build/input/build/lib/templates\n'}
[5.898376] (input) StdoutLine: {'line': b'creating /uros_ws/Brain_DEI/brain/build/input/build/lib/data\n'}
[5.898577] (input) StdoutLine: {'line': b'copying src/data/trafficBridge.py -> /uros_ws/Brain_DEI/brain/build/input/build/lib/data\n'}
[5.898782] (input) StdoutLine: {'line': b'copying src/data/semaphoreBridge.py -> /uros_ws/Brain_DEI/brain/build/input/build/lib/data\n'}
[5.898983] (input) StdoutLine: {'line': b'copying src/data/__init__.py -> /uros_ws/Brain_DEI/brain/build/input/build/lib/data\n'}
[5.899178] (input) StdoutLine: {'line': b'creating /uros_ws/Brain_DEI/brain/build/input/build/lib/data/Semaphores\n'}
[5.899369] (input) StdoutLine: {'line': b'copying src/data/Semaphores/__init__.py -> /uros_ws/Brain_DEI/brain/build/input/build/lib/data/Semaphores\n'}
[5.899573] (input) StdoutLine: {'line': b'copying src/data/Semaphores/processSemaphores.py -> /uros_ws/Brain_DEI/brain/build/input/build/lib/data/Semaphores\n'}
[5.900039] (input) StdoutLine: {'line': b'creating /uros_ws/Brain_DEI/brain/build/input/build/lib/data/TrafficCommunication\n'}
[5.900359] (input) StdoutLine: {'line': b'copying src/data/TrafficCommunication/processTrafficCommunication.py -> /uros_ws/Brain_DEI/brain/build/input/build/lib/data/TrafficCommunication\n'}
[5.900660] (input) StdoutLine: {'line': b'copying src/data/TrafficCommunication/__init__.py -> /uros_ws/Brain_DEI/brain/build/input/build/lib/data/TrafficCommunication\n'}
[5.901007] (input) StdoutLine: {'line': b'creating /uros_ws/Brain_DEI/brain/build/input/build/lib/data/Semaphores/threads\n'}
[5.901240] (input) StdoutLine: {'line': b'copying src/data/Semaphores/threads/threadSemaphores.py -> /uros_ws/Brain_DEI/brain/build/input/build/lib/data/Semaphores/threads\n'}
[5.901530] (input) StdoutLine: {'line': b'copying src/data/Semaphores/threads/udpListener.py -> /uros_ws/Brain_DEI/brain/build/input/build/lib/data/Semaphores/threads\n'}
[5.901953] (input) StdoutLine: {'line': b'copying src/data/Semaphores/threads/__init__.py -> /uros_ws/Brain_DEI/brain/build/input/build/lib/data/Semaphores/threads\n'}
[5.902259] (input) StdoutLine: {'line': b'creating /uros_ws/Brain_DEI/brain/build/input/build/lib/data/TrafficCommunication/useful\n'}
[5.902511] (input) StdoutLine: {'line': b'copying src/data/TrafficCommunication/useful/sharedMem.py -> /uros_ws/Brain_DEI/brain/build/input/build/lib/data/TrafficCommunication/useful\n'}
[5.902830] (input) StdoutLine: {'line': b'copying src/data/TrafficCommunication/useful/periodicTask.py -> /uros_ws/Brain_DEI/brain/build/input/build/lib/data/TrafficCommunication/useful\n'}
[5.903133] (input) StdoutLine: {'line': b'copying src/data/TrafficCommunication/useful/keyDealer.py -> /uros_ws/Brain_DEI/brain/build/input/build/lib/data/TrafficCommunication/useful\n'}
[5.903357] (input) StdoutLine: {'line': b'copying src/data/TrafficCommunication/useful/__init__.py -> /uros_ws/Brain_DEI/brain/build/input/build/lib/data/TrafficCommunication/useful\n'}
[5.903690] (input) StdoutLine: {'line': b'creating /uros_ws/Brain_DEI/brain/build/input/build/lib/data/TrafficCommunication/threads\n'}
[5.903979] (input) StdoutLine: {'line': b'copying src/data/TrafficCommunication/threads/udpListener.py -> /uros_ws/Brain_DEI/brain/build/input/build/lib/data/TrafficCommunication/threads\n'}
[5.904197] (input) StdoutLine: {'line': b'copying src/data/TrafficCommunication/threads/tcpClient.py -> /uros_ws/Brain_DEI/brain/build/input/build/lib/data/TrafficCommunication/threads\n'}
[5.904410] (input) StdoutLine: {'line': b'copying src/data/TrafficCommunication/threads/__init__.py -> /uros_ws/Brain_DEI/brain/build/input/build/lib/data/TrafficCommunication/threads\n'}
[5.904909] (input) StdoutLine: {'line': b'copying src/data/TrafficCommunication/threads/threadTrafficCommunication.py -> /uros_ws/Brain_DEI/brain/build/input/build/lib/data/TrafficCommunication/threads\n'}
[5.906415] (input) StdoutLine: {'line': b'creating /uros_ws/Brain_DEI/brain/build/input/build/lib/src\n'}
[5.906663] (input) StdoutLine: {'line': b'copying src/__init__.py -> /uros_ws/Brain_DEI/brain/build/input/build/lib/src\n'}
[5.906873] (input) StdoutLine: {'line': b'creating /uros_ws/Brain_DEI/brain/build/input/build/lib/src/gpstracker\n'}
[5.907791] (input) StdoutLine: {'line': b'copying src/gpstracker/complexDealer.py -> /uros_ws/Brain_DEI/brain/build/input/build/lib/src/gpstracker\n'}
[5.908585] (input) StdoutLine: {'line': b'copying src/gpstracker/__init__.py -> /uros_ws/Brain_DEI/brain/build/input/build/lib/src/gpstracker\n'}
[5.908946] (input) StdoutLine: {'line': b'copying src/gpstracker/gpstrackerNODE.py -> /uros_ws/Brain_DEI/brain/build/input/build/lib/src/gpstracker\n'}
[5.909477] (input) StdoutLine: {'line': b'copying src/gpstracker/server_listener.py -> /uros_ws/Brain_DEI/brain/build/input/build/lib/src/gpstracker\n'}
[5.909778] (input) StdoutLine: {'line': b'copying src/gpstracker/locsys.py -> /uros_ws/Brain_DEI/brain/build/input/build/lib/src/gpstracker\n'}
[5.910010] (input) StdoutLine: {'line': b'copying src/gpstracker/server_subscriber.py -> /uros_ws/Brain_DEI/brain/build/input/build/lib/src/gpstracker\n'}
[5.910232] (input) StdoutLine: {'line': b'copying src/gpstracker/server_data.py -> /uros_ws/Brain_DEI/brain/build/input/build/lib/src/gpstracker\n'}
[5.910627] (input) StdoutLine: {'line': b'copying src/gpstracker/util.py -> /uros_ws/Brain_DEI/brain/build/input/build/lib/src/gpstracker\n'}
[5.910883] (input) StdoutLine: {'line': b'copying src/gpstracker/position_listener.py -> /uros_ws/Brain_DEI/brain/build/input/build/lib/src/gpstracker\n'}
[5.911101] (input) StdoutLine: {'line': b'creating /uros_ws/Brain_DEI/brain/build/input/build/lib/src/templates\n'}
[5.911306] (output) StdoutLine: {'line': b"removing '/uros_ws/Brain_DEI/brain/install/output/lib/python3.12/site-packages/output-0.0.0-py3.12.egg-info' (and everything under it)\n"}
[5.911618] (input) StdoutLine: {'line': b'copying src/templates/threadwithstop.py -> /uros_ws/Brain_DEI/brain/build/input/build/lib/src/templates\n'}
[5.911856] (input) StdoutLine: {'line': b'copying src/templates/workerprocess.py -> /uros_ws/Brain_DEI/brain/build/input/build/lib/src/templates\n'}
[5.912125] (output) StdoutLine: {'line': b'Copying ../../../build/output/output.egg-info to /uros_ws/Brain_DEI/brain/install/output/lib/python3.12/site-packages/output-0.0.0-py3.12.egg-info\n'}
[5.912426] (input) StdoutLine: {'line': b'copying src/templates/__init__.py -> /uros_ws/Brain_DEI/brain/build/input/build/lib/src/templates\n'}
[5.912638] (input) StdoutLine: {'line': b'creating /uros_ws/Brain_DEI/brain/build/input/build/lib/src/utils\n'}
[5.912968] (input) StdoutLine: {'line': b'copying src/utils/__init__.py -> /uros_ws/Brain_DEI/brain/build/input/build/lib/src/utils\n'}
[5.913248] (input) StdoutLine: {'line': b'creating /uros_ws/Brain_DEI/brain/build/input/build/lib/src/data\n'}
[5.913475] (input) StdoutLine: {'line': b'copying src/data/trafficBridge.py -> /uros_ws/Brain_DEI/brain/build/input/build/lib/src/data\n'}
[5.913775] (output) StdoutLine: {'line': b'running install_scripts\n'}
[5.913996] (input) StdoutLine: {'line': b'copying src/data/semaphoreBridge.py -> /uros_ws/Brain_DEI/brain/build/input/build/lib/src/data\n'}
[5.914287] (input) StdoutLine: {'line': b'copying src/data/__init__.py -> /uros_ws/Brain_DEI/brain/build/input/build/lib/src/data\n'}
[5.914578] (input) StdoutLine: {'line': b'creating /uros_ws/Brain_DEI/brain/build/input/build/lib/src/utils/messages\n'}
[5.914843] (input) StdoutLine: {'line': b'copying src/utils/messages/allMessages.py -> /uros_ws/Brain_DEI/brain/build/input/build/lib/src/utils/messages\n'}
[5.915063] (input) StdoutLine: {'line': b'copying src/utils/messages/messageHandlerSender.py -> /uros_ws/Brain_DEI/brain/build/input/build/lib/src/utils/messages\n'}
[5.915269] (input) StdoutLine: {'line': b'copying src/utils/messages/messageHandlerSubscriber.py -> /uros_ws/Brain_DEI/brain/build/input/build/lib/src/utils/messages\n'}
[5.915475] (input) StdoutLine: {'line': b'copying src/utils/messages/__init__.py -> /uros_ws/Brain_DEI/brain/build/input/build/lib/src/utils/messages\n'}
[5.915748] (input) StdoutLine: {'line': b'creating /uros_ws/Brain_DEI/brain/build/input/build/lib/src/utils/ipManager\n'}
[5.916040] (input) StdoutLine: {'line': b'copying src/utils/ipManager/IpReplacement.py -> /uros_ws/Brain_DEI/brain/build/input/build/lib/src/utils/ipManager\n'}
[5.916271] (input) StdoutLine: {'line': b'copying src/utils/ipManager/__init__.py -> /uros_ws/Brain_DEI/brain/build/input/build/lib/src/utils/ipManager\n'}
[5.916531] (input) StdoutLine: {'line': b'creating /uros_ws/Brain_DEI/brain/build/input/build/lib/src/data/Semaphores\n'}
[5.916737] (input) StdoutLine: {'line': b'copying src/data/Semaphores/__init__.py -> /uros_ws/Brain_DEI/brain/build/input/build/lib/src/data/Semaphores\n'}
[5.917058] (input) StdoutLine: {'line': b'copying src/data/Semaphores/processSemaphores.py -> /uros_ws/Brain_DEI/brain/build/input/build/lib/src/data/Semaphores\n'}
[5.917315] (input) StdoutLine: {'line': b'creating /uros_ws/Brain_DEI/brain/build/input/build/lib/src/data/TrafficCommunication\n'}
[5.917511] (input) StdoutLine: {'line': b'copying src/data/TrafficCommunication/processTrafficCommunication.py -> /uros_ws/Brain_DEI/brain/build/input/build/lib/src/data/TrafficCommunication\n'}
[5.917837] (input) StdoutLine: {'line': b'copying src/data/TrafficCommunication/__init__.py -> /uros_ws/Brain_DEI/brain/build/input/build/lib/src/data/TrafficCommunication\n'}
[5.918048] (input) StdoutLine: {'line': b'creating /uros_ws/Brain_DEI/brain/build/input/build/lib/src/data/Semaphores/threads\n'}
[5.918335] (input) StdoutLine: {'line': b'copying src/data/Semaphores/threads/threadSemaphores.py -> /uros_ws/Brain_DEI/brain/build/input/build/lib/src/data/Semaphores/threads\n'}
[5.918546] (input) StdoutLine: {'line': b'copying src/data/Semaphores/threads/udpListener.py -> /uros_ws/Brain_DEI/brain/build/input/build/lib/src/data/Semaphores/threads\n'}
[5.918800] (input) StdoutLine: {'line': b'copying src/data/Semaphores/threads/__init__.py -> /uros_ws/Brain_DEI/brain/build/input/build/lib/src/data/Semaphores/threads\n'}
[5.919014] (input) StdoutLine: {'line': b'creating /uros_ws/Brain_DEI/brain/build/input/build/lib/src/data/TrafficCommunication/useful\n'}
[5.919292] (input) StdoutLine: {'line': b'copying src/data/TrafficCommunication/useful/sharedMem.py -> /uros_ws/Brain_DEI/brain/build/input/build/lib/src/data/TrafficCommunication/useful\n'}
[5.919579] (input) StdoutLine: {'line': b'copying src/data/TrafficCommunication/useful/periodicTask.py -> /uros_ws/Brain_DEI/brain/build/input/build/lib/src/data/TrafficCommunication/useful\n'}
[5.919999] (input) StdoutLine: {'line': b'copying src/data/TrafficCommunication/useful/keyDealer.py -> /uros_ws/Brain_DEI/brain/build/input/build/lib/src/data/TrafficCommunication/useful\n'}
[5.920489] (input) StdoutLine: {'line': b'copying src/data/TrafficCommunication/useful/__init__.py -> /uros_ws/Brain_DEI/brain/build/input/build/lib/src/data/TrafficCommunication/useful\n'}
[5.921738] (input) StdoutLine: {'line': b'creating /uros_ws/Brain_DEI/brain/build/input/build/lib/src/data/TrafficCommunication/threads\n'}
[5.922668] (input) StdoutLine: {'line': b'copying src/data/TrafficCommunication/threads/udpListener.py -> /uros_ws/Brain_DEI/brain/build/input/build/lib/src/data/TrafficCommunication/threads\n'}
[5.923724] (input) StdoutLine: {'line': b'copying src/data/TrafficCommunication/threads/tcpClient.py -> /uros_ws/Brain_DEI/brain/build/input/build/lib/src/data/TrafficCommunication/threads\n'}
[5.924744] (input) StdoutLine: {'line': b'copying src/data/TrafficCommunication/threads/__init__.py -> /uros_ws/Brain_DEI/brain/build/input/build/lib/src/data/TrafficCommunication/threads\n'}
[5.925890] (input) StdoutLine: {'line': b'copying src/data/TrafficCommunication/threads/threadTrafficCommunication.py -> /uros_ws/Brain_DEI/brain/build/input/build/lib/src/data/TrafficCommunication/threads\n'}
[5.930869] (unix_out) StdoutLine: {'line': b'writing ../../build/unix_out/unix_out.egg-info/PKG-INFO\n'}
[5.931847] (input) StdoutLine: {'line': b'running install\n'}
[5.932290] (unix_out) StdoutLine: {'line': b'writing dependency_links to ../../build/unix_out/unix_out.egg-info/dependency_links.txt\n'}
[5.933308] (unix_out) StdoutLine: {'line': b'writing entry points to ../../build/unix_out/unix_out.egg-info/entry_points.txt\n'}
[5.933700] (unix_out) StdoutLine: {'line': b'writing requirements to ../../build/unix_out/unix_out.egg-info/requires.txt\n'}
[5.934037] (unix_out) StdoutLine: {'line': b'writing top-level names to ../../build/unix_out/unix_out.egg-info/top_level.txt\n'}
[5.944370] (-) TimerEvent: {}
[5.949702] (input) StdoutLine: {'line': b'running install_lib\n'}
[5.996995] (input) StdoutLine: {'line': b'creating /uros_ws/Brain_DEI/brain/install/input/lib/python3.12/site-packages/gpstracker\n'}
[5.997520] (input) StdoutLine: {'line': b'copying /uros_ws/Brain_DEI/brain/build/input/build/lib/gpstracker/complexDealer.py -> /uros_ws/Brain_DEI/brain/install/input/lib/python3.12/site-packages/gpstracker\n'}
[5.997798] (input) StdoutLine: {'line': b'copying /uros_ws/Brain_DEI/brain/build/input/build/lib/gpstracker/__init__.py -> /uros_ws/Brain_DEI/brain/install/input/lib/python3.12/site-packages/gpstracker\n'}
[5.999295] (input) StdoutLine: {'line': b'copying /uros_ws/Brain_DEI/brain/build/input/build/lib/gpstracker/gpstrackerNODE.py -> /uros_ws/Brain_DEI/brain/install/input/lib/python3.12/site-packages/gpstracker\n'}
[5.999947] (input) StdoutLine: {'line': b'copying /uros_ws/Brain_DEI/brain/build/input/build/lib/gpstracker/server_listener.py -> /uros_ws/Brain_DEI/brain/install/input/lib/python3.12/site-packages/gpstracker\n'}
[6.000220] (input) StdoutLine: {'line': b'copying /uros_ws/Brain_DEI/brain/build/input/build/lib/gpstracker/locsys.py -> /uros_ws/Brain_DEI/brain/install/input/lib/python3.12/site-packages/gpstracker\n'}
[6.000447] (input) StdoutLine: {'line': b'copying /uros_ws/Brain_DEI/brain/build/input/build/lib/gpstracker/server_subscriber.py -> /uros_ws/Brain_DEI/brain/install/input/lib/python3.12/site-packages/gpstracker\n'}
[6.000697] (input) StdoutLine: {'line': b'copying /uros_ws/Brain_DEI/brain/build/input/build/lib/gpstracker/server_data.py -> /uros_ws/Brain_DEI/brain/install/input/lib/python3.12/site-packages/gpstracker\n'}
[6.000971] (input) StdoutLine: {'line': b'copying /uros_ws/Brain_DEI/brain/build/input/build/lib/gpstracker/util.py -> /uros_ws/Brain_DEI/brain/install/input/lib/python3.12/site-packages/gpstracker\n'}
[6.001648] (input) StdoutLine: {'line': b'copying /uros_ws/Brain_DEI/brain/build/input/build/lib/gpstracker/position_listener.py -> /uros_ws/Brain_DEI/brain/install/input/lib/python3.12/site-packages/gpstracker\n'}
[6.002943] (input) StdoutLine: {'line': b'creating /uros_ws/Brain_DEI/brain/install/input/lib/python3.12/site-packages/templates\n'}
[6.003503] (input) StdoutLine: {'line': b'copying /uros_ws/Brain_DEI/brain/build/input/build/lib/templates/__init__.py -> /uros_ws/Brain_DEI/brain/install/input/lib/python3.12/site-packages/templates\n'}
[6.003740] (input) StdoutLine: {'line': b'copying /uros_ws/Brain_DEI/brain/build/input/build/lib/templates/threadwithstop.py -> /uros_ws/Brain_DEI/brain/install/input/lib/python3.12/site-packages/templates\n'}
[6.004630] (input) StdoutLine: {'line': b'copying /uros_ws/Brain_DEI/brain/build/input/build/lib/templates/workerprocess.py -> /uros_ws/Brain_DEI/brain/install/input/lib/python3.12/site-packages/templates\n'}
[6.005077] (input) StdoutLine: {'line': b'creating /uros_ws/Brain_DEI/brain/install/input/lib/python3.12/site-packages/data\n'}
[6.005771] (input) StdoutLine: {'line': b'copying /uros_ws/Brain_DEI/brain/build/input/build/lib/data/__init__.py -> /uros_ws/Brain_DEI/brain/install/input/lib/python3.12/site-packages/data\n'}
[6.006407] (input) StdoutLine: {'line': b'creating /uros_ws/Brain_DEI/brain/install/input/lib/python3.12/site-packages/data/Semaphores\n'}
[6.006916] (input) StdoutLine: {'line': b'copying /uros_ws/Brain_DEI/brain/build/input/build/lib/data/Semaphores/__init__.py -> /uros_ws/Brain_DEI/brain/install/input/lib/python3.12/site-packages/data/Semaphores\n'}
[6.007174] (input) StdoutLine: {'line': b'copying /uros_ws/Brain_DEI/brain/build/input/build/lib/data/Semaphores/processSemaphores.py -> /uros_ws/Brain_DEI/brain/install/input/lib/python3.12/site-packages/data/Semaphores\n'}
[6.007700] (input) StdoutLine: {'line': b'creating /uros_ws/Brain_DEI/brain/install/input/lib/python3.12/site-packages/data/Semaphores/threads\n'}
[6.008411] (input) StdoutLine: {'line': b'copying /uros_ws/Brain_DEI/brain/build/input/build/lib/data/Semaphores/threads/__init__.py -> /uros_ws/Brain_DEI/brain/install/input/lib/python3.12/site-packages/data/Semaphores/threads\n'}
[6.009026] (input) StdoutLine: {'line': b'copying /uros_ws/Brain_DEI/brain/build/input/build/lib/data/Semaphores/threads/threadSemaphores.py -> /uros_ws/Brain_DEI/brain/install/input/lib/python3.12/site-packages/data/Semaphores/threads\n'}
[6.009284] (input) StdoutLine: {'line': b'copying /uros_ws/Brain_DEI/brain/build/input/build/lib/data/Semaphores/threads/udpListener.py -> /uros_ws/Brain_DEI/brain/install/input/lib/python3.12/site-packages/data/Semaphores/threads\n'}
[6.009906] (input) StdoutLine: {'line': b'copying /uros_ws/Brain_DEI/brain/build/input/build/lib/data/trafficBridge.py -> /uros_ws/Brain_DEI/brain/install/input/lib/python3.12/site-packages/data\n'}
[6.010123] (input) StdoutLine: {'line': b'creating /uros_ws/Brain_DEI/brain/install/input/lib/python3.12/site-packages/data/TrafficCommunication\n'}
[6.010726] (input) StdoutLine: {'line': b'copying /uros_ws/Brain_DEI/brain/build/input/build/lib/data/TrafficCommunication/__init__.py -> /uros_ws/Brain_DEI/brain/install/input/lib/python3.12/site-packages/data/TrafficCommunication\n'}
[6.011221] (input) StdoutLine: {'line': b'creating /uros_ws/Brain_DEI/brain/install/input/lib/python3.12/site-packages/data/TrafficCommunication/useful\n'}
[6.011999] (input) StdoutLine: {'line': b'copying /uros_ws/Brain_DEI/brain/build/input/build/lib/data/TrafficCommunication/useful/__init__.py -> /uros_ws/Brain_DEI/brain/install/input/lib/python3.12/site-packages/data/TrafficCommunication/useful\n'}
[6.012707] (input) StdoutLine: {'line': b'copying /uros_ws/Brain_DEI/brain/build/input/build/lib/data/TrafficCommunication/useful/sharedMem.py -> /uros_ws/Brain_DEI/brain/install/input/lib/python3.12/site-packages/data/TrafficCommunication/useful\n'}
[6.013005] (input) StdoutLine: {'line': b'copying /uros_ws/Brain_DEI/brain/build/input/build/lib/data/TrafficCommunication/useful/periodicTask.py -> /uros_ws/Brain_DEI/brain/install/input/lib/python3.12/site-packages/data/TrafficCommunication/useful\n'}
[6.013549] (input) StdoutLine: {'line': b'copying /uros_ws/Brain_DEI/brain/build/input/build/lib/data/TrafficCommunication/useful/keyDealer.py -> /uros_ws/Brain_DEI/brain/install/input/lib/python3.12/site-packages/data/TrafficCommunication/useful\n'}
[6.014901] (input) StdoutLine: {'line': b'creating /uros_ws/Brain_DEI/brain/install/input/lib/python3.12/site-packages/data/TrafficCommunication/threads\n'}
[6.015626] (input) StdoutLine: {'line': b'copying /uros_ws/Brain_DEI/brain/build/input/build/lib/data/TrafficCommunication/threads/__init__.py -> /uros_ws/Brain_DEI/brain/install/input/lib/python3.12/site-packages/data/TrafficCommunication/threads\n'}
[6.016312] (input) StdoutLine: {'line': b'copying /uros_ws/Brain_DEI/brain/build/input/build/lib/data/TrafficCommunication/threads/threadTrafficCommunication.py -> /uros_ws/Brain_DEI/brain/install/input/lib/python3.12/site-packages/data/TrafficCommunication/threads\n'}
[6.016876] (input) StdoutLine: {'line': b'copying /uros_ws/Brain_DEI/brain/build/input/build/lib/data/TrafficCommunication/threads/udpListener.py -> /uros_ws/Brain_DEI/brain/install/input/lib/python3.12/site-packages/data/TrafficCommunication/threads\n'}
[6.017929] (input) StdoutLine: {'line': b'copying /uros_ws/Brain_DEI/brain/build/input/build/lib/data/TrafficCommunication/threads/tcpClient.py -> /uros_ws/Brain_DEI/brain/install/input/lib/python3.12/site-packages/data/TrafficCommunication/threads\n'}
[6.018756] (input) StdoutLine: {'line': b'copying /uros_ws/Brain_DEI/brain/build/input/build/lib/data/TrafficCommunication/processTrafficCommunication.py -> /uros_ws/Brain_DEI/brain/install/input/lib/python3.12/site-packages/data/TrafficCommunication\n'}
[6.019276] (input) StdoutLine: {'line': b'copying /uros_ws/Brain_DEI/brain/build/input/build/lib/data/semaphoreBridge.py -> /uros_ws/Brain_DEI/brain/install/input/lib/python3.12/site-packages/data\n'}
[6.020358] (input) StdoutLine: {'line': b'creating /uros_ws/Brain_DEI/brain/install/input/lib/python3.12/site-packages/src\n'}
[6.020617] (input) StdoutLine: {'line': b'copying /uros_ws/Brain_DEI/brain/build/input/build/lib/src/__init__.py -> /uros_ws/Brain_DEI/brain/install/input/lib/python3.12/site-packages/src\n'}
[6.021618] (input) StdoutLine: {'line': b'creating /uros_ws/Brain_DEI/brain/install/input/lib/python3.12/site-packages/src/gpstracker\n'}
[6.022671] (input) StdoutLine: {'line': b'copying /uros_ws/Brain_DEI/brain/build/input/build/lib/src/gpstracker/complexDealer.py -> /uros_ws/Brain_DEI/brain/install/input/lib/python3.12/site-packages/src/gpstracker\n'}
[6.023304] (input) StdoutLine: {'line': b'copying /uros_ws/Brain_DEI/brain/build/input/build/lib/src/gpstracker/__init__.py -> /uros_ws/Brain_DEI/brain/install/input/lib/python3.12/site-packages/src/gpstracker\n'}
[6.024297] (input) StdoutLine: {'line': b'copying /uros_ws/Brain_DEI/brain/build/input/build/lib/src/gpstracker/gpstrackerNODE.py -> /uros_ws/Brain_DEI/brain/install/input/lib/python3.12/site-packages/src/gpstracker\n'}
[6.025104] (input) StdoutLine: {'line': b'copying /uros_ws/Brain_DEI/brain/build/input/build/lib/src/gpstracker/server_listener.py -> /uros_ws/Brain_DEI/brain/install/input/lib/python3.12/site-packages/src/gpstracker\n'}
[6.025896] (input) StdoutLine: {'line': b'copying /uros_ws/Brain_DEI/brain/build/input/build/lib/src/gpstracker/locsys.py -> /uros_ws/Brain_DEI/brain/install/input/lib/python3.12/site-packages/src/gpstracker\n'}
[6.026208] (input) StdoutLine: {'line': b'copying /uros_ws/Brain_DEI/brain/build/input/build/lib/src/gpstracker/server_subscriber.py -> /uros_ws/Brain_DEI/brain/install/input/lib/python3.12/site-packages/src/gpstracker\n'}
[6.026444] (input) StdoutLine: {'line': b'copying /uros_ws/Brain_DEI/brain/build/input/build/lib/src/gpstracker/server_data.py -> /uros_ws/Brain_DEI/brain/install/input/lib/python3.12/site-packages/src/gpstracker\n'}
[6.027482] (input) StdoutLine: {'line': b'copying /uros_ws/Brain_DEI/brain/build/input/build/lib/src/gpstracker/util.py -> /uros_ws/Brain_DEI/brain/install/input/lib/python3.12/site-packages/src/gpstracker\n'}
[6.028756] (input) StdoutLine: {'line': b'copying /uros_ws/Brain_DEI/brain/build/input/build/lib/src/gpstracker/position_listener.py -> /uros_ws/Brain_DEI/brain/install/input/lib/python3.12/site-packages/src/gpstracker\n'}
[6.030201] (input) StdoutLine: {'line': b'creating /uros_ws/Brain_DEI/brain/install/input/lib/python3.12/site-packages/src/templates\n'}
[6.031713] (input) StdoutLine: {'line': b'copying /uros_ws/Brain_DEI/brain/build/input/build/lib/src/templates/__init__.py -> /uros_ws/Brain_DEI/brain/install/input/lib/python3.12/site-packages/src/templates\n'}
[6.033740] (input) StdoutLine: {'line': b'copying /uros_ws/Brain_DEI/brain/build/input/build/lib/src/templates/threadwithstop.py -> /uros_ws/Brain_DEI/brain/install/input/lib/python3.12/site-packages/src/templates\n'}
[6.035528] (input) StdoutLine: {'line': b'copying /uros_ws/Brain_DEI/brain/build/input/build/lib/src/templates/workerprocess.py -> /uros_ws/Brain_DEI/brain/install/input/lib/python3.12/site-packages/src/templates\n'}
[6.036841] (input) StdoutLine: {'line': b'creating /uros_ws/Brain_DEI/brain/install/input/lib/python3.12/site-packages/src/utils\n'}
[6.037552] (input) StdoutLine: {'line': b'copying /uros_ws/Brain_DEI/brain/build/input/build/lib/src/utils/__init__.py -> /uros_ws/Brain_DEI/brain/install/input/lib/python3.12/site-packages/src/utils\n'}
[6.038367] (input) StdoutLine: {'line': b'creating /uros_ws/Brain_DEI/brain/install/input/lib/python3.12/site-packages/src/utils/messages\n'}
[6.039068] (input) StdoutLine: {'line': b'copying /uros_ws/Brain_DEI/brain/build/input/build/lib/src/utils/messages/__init__.py -> /uros_ws/Brain_DEI/brain/install/input/lib/python3.12/site-packages/src/utils/messages\n'}
[6.040008] (input) StdoutLine: {'line': b'copying /uros_ws/Brain_DEI/brain/build/input/build/lib/src/utils/messages/allMessages.py -> /uros_ws/Brain_DEI/brain/install/input/lib/python3.12/site-packages/src/utils/messages\n'}
[6.040915] (input) StdoutLine: {'line': b'copying /uros_ws/Brain_DEI/brain/build/input/build/lib/src/utils/messages/messageHandlerSender.py -> /uros_ws/Brain_DEI/brain/install/input/lib/python3.12/site-packages/src/utils/messages\n'}
[6.041773] (input) StdoutLine: {'line': b'copying /uros_ws/Brain_DEI/brain/build/input/build/lib/src/utils/messages/messageHandlerSubscriber.py -> /uros_ws/Brain_DEI/brain/install/input/lib/python3.12/site-packages/src/utils/messages\n'}
[6.042665] (input) StdoutLine: {'line': b'creating /uros_ws/Brain_DEI/brain/install/input/lib/python3.12/site-packages/src/utils/ipManager\n'}
[6.043359] (input) StdoutLine: {'line': b'copying /uros_ws/Brain_DEI/brain/build/input/build/lib/src/utils/ipManager/__init__.py -> /uros_ws/Brain_DEI/brain/install/input/lib/python3.12/site-packages/src/utils/ipManager\n'}
[6.044169] (input) StdoutLine: {'line': b'copying /uros_ws/Brain_DEI/brain/build/input/build/lib/src/utils/ipManager/IpReplacement.py -> /uros_ws/Brain_DEI/brain/install/input/lib/python3.12/site-packages/src/utils/ipManager\n'}
[6.044869] (-) TimerEvent: {}
[6.045253] (input) StdoutLine: {'line': b'creating /uros_ws/Brain_DEI/brain/install/input/lib/python3.12/site-packages/src/data\n'}
[6.045655] (input) StdoutLine: {'line': b'copying /uros_ws/Brain_DEI/brain/build/input/build/lib/src/data/__init__.py -> /uros_ws/Brain_DEI/brain/install/input/lib/python3.12/site-packages/src/data\n'}
[6.045983] (input) StdoutLine: {'line': b'creating /uros_ws/Brain_DEI/brain/install/input/lib/python3.12/site-packages/src/data/Semaphores\n'}
[6.046202] (input) StdoutLine: {'line': b'copying /uros_ws/Brain_DEI/brain/build/input/build/lib/src/data/Semaphores/__init__.py -> /uros_ws/Brain_DEI/brain/install/input/lib/python3.12/site-packages/src/data/Semaphores\n'}
[6.046413] (input) StdoutLine: {'line': b'copying /uros_ws/Brain_DEI/brain/build/input/build/lib/src/data/Semaphores/processSemaphores.py -> /uros_ws/Brain_DEI/brain/install/input/lib/python3.12/site-packages/src/data/Semaphores\n'}
[6.046643] (input) StdoutLine: {'line': b'creating /uros_ws/Brain_DEI/brain/install/input/lib/python3.12/site-packages/src/data/Semaphores/threads\n'}
[6.046841] (input) StdoutLine: {'line': b'copying /uros_ws/Brain_DEI/brain/build/input/build/lib/src/data/Semaphores/threads/__init__.py -> /uros_ws/Brain_DEI/brain/install/input/lib/python3.12/site-packages/src/data/Semaphores/threads\n'}
[6.047043] (input) StdoutLine: {'line': b'copying /uros_ws/Brain_DEI/brain/build/input/build/lib/src/data/Semaphores/threads/threadSemaphores.py -> /uros_ws/Brain_DEI/brain/install/input/lib/python3.12/site-packages/src/data/Semaphores/threads\n'}
[6.047306] (input) StdoutLine: {'line': b'copying /uros_ws/Brain_DEI/brain/build/input/build/lib/src/data/Semaphores/threads/udpListener.py -> /uros_ws/Brain_DEI/brain/install/input/lib/python3.12/site-packages/src/data/Semaphores/threads\n'}
[6.047508] (input) StdoutLine: {'line': b'copying /uros_ws/Brain_DEI/brain/build/input/build/lib/src/data/trafficBridge.py -> /uros_ws/Brain_DEI/brain/install/input/lib/python3.12/site-packages/src/data\n'}
[6.047785] (input) StdoutLine: {'line': b'creating /uros_ws/Brain_DEI/brain/install/input/lib/python3.12/site-packages/src/data/TrafficCommunication\n'}
[6.048107] (unix_out) StdoutLine: {'line': b"reading manifest file '../../build/unix_out/unix_out.egg-info/SOURCES.txt'\n"}
[6.048345] (input) StdoutLine: {'line': b'copying /uros_ws/Brain_DEI/brain/build/input/build/lib/src/data/TrafficCommunication/__init__.py -> /uros_ws/Brain_DEI/brain/install/input/lib/python3.12/site-packages/src/data/TrafficCommunication\n'}
[6.048547] (input) StdoutLine: {'line': b'creating /uros_ws/Brain_DEI/brain/install/input/lib/python3.12/site-packages/src/data/TrafficCommunication/useful\n'}
[6.048744] (input) StdoutLine: {'line': b'copying /uros_ws/Brain_DEI/brain/build/input/build/lib/src/data/TrafficCommunication/useful/__init__.py -> /uros_ws/Brain_DEI/brain/install/input/lib/python3.12/site-packages/src/data/TrafficCommunication/useful\n'}
[6.048987] (unix_out) StdoutLine: {'line': b"writing manifest file '../../build/unix_out/unix_out.egg-info/SOURCES.txt'\n"}
[6.049194] (unix_out) StdoutLine: {'line': b'running build\n'}
[6.049481] (unix_out) StdoutLine: {'line': b'running build_py\n'}
[6.049692] (unix_out) StdoutLine: {'line': b'running install\n'}
[6.049888] (input) StdoutLine: {'line': b'copying /uros_ws/Brain_DEI/brain/build/input/build/lib/src/data/TrafficCommunication/useful/sharedMem.py -> /uros_ws/Brain_DEI/brain/install/input/lib/python3.12/site-packages/src/data/TrafficCommunication/useful\n'}
[6.050095] (input) StdoutLine: {'line': b'copying /uros_ws/Brain_DEI/brain/build/input/build/lib/src/data/TrafficCommunication/useful/periodicTask.py -> /uros_ws/Brain_DEI/brain/install/input/lib/python3.12/site-packages/src/data/TrafficCommunication/useful\n'}
[6.050300] (input) StdoutLine: {'line': b'copying /uros_ws/Brain_DEI/brain/build/input/build/lib/src/data/TrafficCommunication/useful/keyDealer.py -> /uros_ws/Brain_DEI/brain/install/input/lib/python3.12/site-packages/src/data/TrafficCommunication/useful\n'}
[6.050499] (input) StdoutLine: {'line': b'creating /uros_ws/Brain_DEI/brain/install/input/lib/python3.12/site-packages/src/data/TrafficCommunication/threads\n'}
[6.050759] (input) StdoutLine: {'line': b'copying /uros_ws/Brain_DEI/brain/build/input/build/lib/src/data/TrafficCommunication/threads/__init__.py -> /uros_ws/Brain_DEI/brain/install/input/lib/python3.12/site-packages/src/data/TrafficCommunication/threads\n'}
[6.050974] (input) StdoutLine: {'line': b'copying /uros_ws/Brain_DEI/brain/build/input/build/lib/src/data/TrafficCommunication/threads/threadTrafficCommunication.py -> /uros_ws/Brain_DEI/brain/install/input/lib/python3.12/site-packages/src/data/TrafficCommunication/threads\n'}
[6.051173] (input) StdoutLine: {'line': b'copying /uros_ws/Brain_DEI/brain/build/input/build/lib/src/data/TrafficCommunication/threads/udpListener.py -> /uros_ws/Brain_DEI/brain/install/input/lib/python3.12/site-packages/src/data/TrafficCommunication/threads\n'}
[6.051478] (input) StdoutLine: {'line': b'copying /uros_ws/Brain_DEI/brain/build/input/build/lib/src/data/TrafficCommunication/threads/tcpClient.py -> /uros_ws/Brain_DEI/brain/install/input/lib/python3.12/site-packages/src/data/TrafficCommunication/threads\n'}
[6.051684] (input) StdoutLine: {'line': b'copying /uros_ws/Brain_DEI/brain/build/input/build/lib/src/data/TrafficCommunication/processTrafficCommunication.py -> /uros_ws/Brain_DEI/brain/install/input/lib/python3.12/site-packages/src/data/TrafficCommunication\n'}
[6.051881] (input) StdoutLine: {'line': b'copying /uros_ws/Brain_DEI/brain/build/input/build/lib/src/data/semaphoreBridge.py -> /uros_ws/Brain_DEI/brain/install/input/lib/python3.12/site-packages/src/data\n'}
[6.052403] (input) StdoutLine: {'line': b'byte-compiling /uros_ws/Brain_DEI/brain/install/input/lib/python3.12/site-packages/gpstracker/complexDealer.py to complexDealer.cpython-312.pyc\n'}
[6.052615] (input) StdoutLine: {'line': b'byte-compiling /uros_ws/Brain_DEI/brain/install/input/lib/python3.12/site-packages/gpstracker/__init__.py to __init__.cpython-312.pyc\n'}
[6.052865] (input) StdoutLine: {'line': b'byte-compiling /uros_ws/Brain_DEI/brain/install/input/lib/python3.12/site-packages/gpstracker/gpstrackerNODE.py to gpstrackerNODE.cpython-312.pyc\n'}
[6.053092] (input) StdoutLine: {'line': b'byte-compiling /uros_ws/Brain_DEI/brain/install/input/lib/python3.12/site-packages/gpstracker/server_listener.py to server_listener.cpython-312.pyc\n'}
[6.053397] (input) StdoutLine: {'line': b'byte-compiling /uros_ws/Brain_DEI/brain/install/input/lib/python3.12/site-packages/gpstracker/locsys.py to locsys.cpython-312.pyc\n'}
[6.053716] (input) StdoutLine: {'line': b'byte-compiling /uros_ws/Brain_DEI/brain/install/input/lib/python3.12/site-packages/gpstracker/server_subscriber.py to server_subscriber.cpython-312.pyc\n'}
[6.054014] (input) StdoutLine: {'line': b'byte-compiling /uros_ws/Brain_DEI/brain/install/input/lib/python3.12/site-packages/gpstracker/server_data.py to server_data.cpython-312.pyc\n'}
[6.054256] (input) StdoutLine: {'line': b'byte-compiling /uros_ws/Brain_DEI/brain/install/input/lib/python3.12/site-packages/gpstracker/util.py to util.cpython-312.pyc\n'}
[6.054476] (input) StdoutLine: {'line': b'byte-compiling /uros_ws/Brain_DEI/brain/install/input/lib/python3.12/site-packages/gpstracker/position_listener.py to position_listener.cpython-312.pyc\n'}
[6.054709] (input) StdoutLine: {'line': b'byte-compiling /uros_ws/Brain_DEI/brain/install/input/lib/python3.12/site-packages/templates/__init__.py to __init__.cpython-312.pyc\n'}
[6.054926] (unix_out) StdoutLine: {'line': b'running install_lib\n'}
[6.055220] (input) StdoutLine: {'line': b'byte-compiling /uros_ws/Brain_DEI/brain/install/input/lib/python3.12/site-packages/templates/threadwithstop.py to threadwithstop.cpython-312.pyc\n'}
[6.055436] (input) StdoutLine: {'line': b'byte-compiling /uros_ws/Brain_DEI/brain/install/input/lib/python3.12/site-packages/templates/workerprocess.py to workerprocess.cpython-312.pyc\n'}
[6.055641] (input) StdoutLine: {'line': b'byte-compiling /uros_ws/Brain_DEI/brain/install/input/lib/python3.12/site-packages/data/__init__.py to __init__.cpython-312.pyc\n'}
[6.055845] (input) StdoutLine: {'line': b'byte-compiling /uros_ws/Brain_DEI/brain/install/input/lib/python3.12/site-packages/data/Semaphores/__init__.py to __init__.cpython-312.pyc\n'}
[6.056043] (input) StdoutLine: {'line': b'byte-compiling /uros_ws/Brain_DEI/brain/install/input/lib/python3.12/site-packages/data/Semaphores/processSemaphores.py to processSemaphores.cpython-312.pyc\n'}
[6.056253] (input) StdoutLine: {'line': b'byte-compiling /uros_ws/Brain_DEI/brain/install/input/lib/python3.12/site-packages/data/Semaphores/threads/__init__.py to __init__.cpython-312.pyc\n'}
[6.056533] (input) StdoutLine: {'line': b'byte-compiling /uros_ws/Brain_DEI/brain/install/input/lib/python3.12/site-packages/data/Semaphores/threads/threadSemaphores.py to threadSemaphores.cpython-312.pyc\n'}
[6.056740] (input) StdoutLine: {'line': b'byte-compiling /uros_ws/Brain_DEI/brain/install/input/lib/python3.12/site-packages/data/Semaphores/threads/udpListener.py to udpListener.cpython-312.pyc\n'}
[6.057003] (input) StdoutLine: {'line': b'byte-compiling /uros_ws/Brain_DEI/brain/install/input/lib/python3.12/site-packages/data/trafficBridge.py to trafficBridge.cpython-312.pyc\n'}
[6.059232] (input) StdoutLine: {'line': b'byte-compiling /uros_ws/Brain_DEI/brain/install/input/lib/python3.12/site-packages/data/TrafficCommunication/__init__.py to __init__.cpython-312.pyc\n'}
[6.059875] (input) StdoutLine: {'line': b'byte-compiling /uros_ws/Brain_DEI/brain/install/input/lib/python3.12/site-packages/data/TrafficCommunication/useful/__init__.py to __init__.cpython-312.pyc\n'}
[6.060528] (input) StdoutLine: {'line': b'byte-compiling /uros_ws/Brain_DEI/brain/install/input/lib/python3.12/site-packages/data/TrafficCommunication/useful/sharedMem.py to sharedMem.cpython-312.pyc\n'}
[6.062510] (input) StdoutLine: {'line': b'byte-compiling /uros_ws/Brain_DEI/brain/install/input/lib/python3.12/site-packages/data/TrafficCommunication/useful/periodicTask.py to periodicTask.cpython-312.pyc\n'}
[6.063460] (input) StdoutLine: {'line': b'byte-compiling /uros_ws/Brain_DEI/brain/install/input/lib/python3.12/site-packages/data/TrafficCommunication/useful/keyDealer.py to keyDealer.cpython-312.pyc\n'}
[6.065523] (input) StdoutLine: {'line': b'byte-compiling /uros_ws/Brain_DEI/brain/install/input/lib/python3.12/site-packages/data/TrafficCommunication/threads/__init__.py to __init__.cpython-312.pyc\n'}
[6.065923] (input) StdoutLine: {'line': b'byte-compiling /uros_ws/Brain_DEI/brain/install/input/lib/python3.12/site-packages/data/TrafficCommunication/threads/threadTrafficCommunication.py to threadTrafficCommunication.cpython-312.pyc\n'}
[6.067275] (input) StdoutLine: {'line': b'byte-compiling /uros_ws/Brain_DEI/brain/install/input/lib/python3.12/site-packages/data/TrafficCommunication/threads/udpListener.py to udpListener.cpython-312.pyc\n'}
[6.068535] (input) StdoutLine: {'line': b'byte-compiling /uros_ws/Brain_DEI/brain/install/input/lib/python3.12/site-packages/data/TrafficCommunication/threads/tcpClient.py to tcpClient.cpython-312.pyc\n'}
[6.070662] (input) StdoutLine: {'line': b'byte-compiling /uros_ws/Brain_DEI/brain/install/input/lib/python3.12/site-packages/data/TrafficCommunication/processTrafficCommunication.py to processTrafficCommunication.cpython-312.pyc\n'}
[6.072270] (input) StdoutLine: {'line': b'byte-compiling /uros_ws/Brain_DEI/brain/install/input/lib/python3.12/site-packages/data/semaphoreBridge.py to semaphoreBridge.cpython-312.pyc\n'}
[6.074928] (input) StdoutLine: {'line': b'byte-compiling /uros_ws/Brain_DEI/brain/install/input/lib/python3.12/site-packages/src/__init__.py to __init__.cpython-312.pyc\n'}
[6.078087] (input) StdoutLine: {'line': b'byte-compiling /uros_ws/Brain_DEI/brain/install/input/lib/python3.12/site-packages/src/gpstracker/complexDealer.py to complexDealer.cpython-312.pyc\n'}
[6.078994] (input) StdoutLine: {'line': b'byte-compiling /uros_ws/Brain_DEI/brain/install/input/lib/python3.12/site-packages/src/gpstracker/__init__.py to __init__.cpython-312.pyc\n'}
[6.079746] (input) StdoutLine: {'line': b'byte-compiling /uros_ws/Brain_DEI/brain/install/input/lib/python3.12/site-packages/src/gpstracker/gpstrackerNODE.py to gpstrackerNODE.cpython-312.pyc\n'}
[6.079996] (input) StdoutLine: {'line': b'byte-compiling /uros_ws/Brain_DEI/brain/install/input/lib/python3.12/site-packages/src/gpstracker/server_listener.py to server_listener.cpython-312.pyc\n'}
[6.080604] (input) StdoutLine: {'line': b'byte-compiling /uros_ws/Brain_DEI/brain/install/input/lib/python3.12/site-packages/src/gpstracker/locsys.py to locsys.cpython-312.pyc\n'}
[6.082275] (input) StdoutLine: {'line': b'byte-compiling /uros_ws/Brain_DEI/brain/install/input/lib/python3.12/site-packages/src/gpstracker/server_subscriber.py to server_subscriber.cpython-312.pyc\n'}
[6.088639] (input) StdoutLine: {'line': b'byte-compiling /uros_ws/Brain_DEI/brain/install/input/lib/python3.12/site-packages/src/gpstracker/server_data.py to server_data.cpython-312.pyc\n'}
[6.089659] (input) StdoutLine: {'line': b'byte-compiling /uros_ws/Brain_DEI/brain/install/input/lib/python3.12/site-packages/src/gpstracker/util.py to util.cpython-312.pyc\n'}
[6.090025] (input) StdoutLine: {'line': b'byte-compiling /uros_ws/Brain_DEI/brain/install/input/lib/python3.12/site-packages/src/gpstracker/position_listener.py to position_listener.cpython-312.pyc\n'}
[6.090253] (input) StdoutLine: {'line': b'byte-compiling /uros_ws/Brain_DEI/brain/install/input/lib/python3.12/site-packages/src/templates/__init__.py to __init__.cpython-312.pyc\n'}
[6.091089] (input) StdoutLine: {'line': b'byte-compiling /uros_ws/Brain_DEI/brain/install/input/lib/python3.12/site-packages/src/templates/threadwithstop.py to threadwithstop.cpython-312.pyc\n'}
[6.096192] (input) StdoutLine: {'line': b'byte-compiling /uros_ws/Brain_DEI/brain/install/input/lib/python3.12/site-packages/src/templates/workerprocess.py to workerprocess.cpython-312.pyc\n'}
[6.096659] (input) StdoutLine: {'line': b'byte-compiling /uros_ws/Brain_DEI/brain/install/input/lib/python3.12/site-packages/src/utils/__init__.py to __init__.cpython-312.pyc\n'}
[6.097110] (input) StdoutLine: {'line': b'byte-compiling /uros_ws/Brain_DEI/brain/install/input/lib/python3.12/site-packages/src/utils/messages/__init__.py to __init__.cpython-312.pyc\n'}
[6.097610] (input) StdoutLine: {'line': b'byte-compiling /uros_ws/Brain_DEI/brain/install/input/lib/python3.12/site-packages/src/utils/messages/allMessages.py to allMessages.cpython-312.pyc\n'}
[6.098290] (input) StdoutLine: {'line': b'byte-compiling /uros_ws/Brain_DEI/brain/install/input/lib/python3.12/site-packages/src/utils/messages/messageHandlerSender.py to messageHandlerSender.cpython-312.pyc\n'}
[6.098632] (input) StdoutLine: {'line': b'byte-compiling /uros_ws/Brain_DEI/brain/install/input/lib/python3.12/site-packages/src/utils/messages/messageHandlerSubscriber.py to messageHandlerSubscriber.cpython-312.pyc\n'}
[6.100541] (input) StdoutLine: {'line': b'byte-compiling /uros_ws/Brain_DEI/brain/install/input/lib/python3.12/site-packages/src/utils/ipManager/__init__.py to __init__.cpython-312.pyc\n'}
[6.101553] (input) StdoutLine: {'line': b'byte-compiling /uros_ws/Brain_DEI/brain/install/input/lib/python3.12/site-packages/src/utils/ipManager/IpReplacement.py to IpReplacement.cpython-312.pyc\n'}
[6.106896] (input) StdoutLine: {'line': b'byte-compiling /uros_ws/Brain_DEI/brain/install/input/lib/python3.12/site-packages/src/data/__init__.py to __init__.cpython-312.pyc\n'}
[6.107334] (input) StdoutLine: {'line': b'byte-compiling /uros_ws/Brain_DEI/brain/install/input/lib/python3.12/site-packages/src/data/Semaphores/__init__.py to __init__.cpython-312.pyc\n'}
[6.108765] (input) StdoutLine: {'line': b'byte-compiling /uros_ws/Brain_DEI/brain/install/input/lib/python3.12/site-packages/src/data/Semaphores/processSemaphores.py to processSemaphores.cpython-312.pyc\n'}
[6.109122] (unix_out) StdoutLine: {'line': b'running install_data\n'}
[6.109371] (unix_out) StdoutLine: {'line': b'running install_egg_info\n'}
[6.109728] (input) StdoutLine: {'line': b'byte-compiling /uros_ws/Brain_DEI/brain/install/input/lib/python3.12/site-packages/src/data/Semaphores/threads/__init__.py to __init__.cpython-312.pyc\n'}
[6.110172] (input) StdoutLine: {'line': b'byte-compiling /uros_ws/Brain_DEI/brain/install/input/lib/python3.12/site-packages/src/data/Semaphores/threads/threadSemaphores.py to threadSemaphores.cpython-312.pyc\n'}
[6.113202] (input) StdoutLine: {'line': b'byte-compiling /uros_ws/Brain_DEI/brain/install/input/lib/python3.12/site-packages/src/data/Semaphores/threads/udpListener.py to udpListener.cpython-312.pyc\n'}
[6.114088] (input) StdoutLine: {'line': b'byte-compiling /uros_ws/Brain_DEI/brain/install/input/lib/python3.12/site-packages/src/data/trafficBridge.py to trafficBridge.cpython-312.pyc\n'}
[6.114477] (input) StdoutLine: {'line': b'byte-compiling /uros_ws/Brain_DEI/brain/install/input/lib/python3.12/site-packages/src/data/TrafficCommunication/__init__.py to __init__.cpython-312.pyc\n'}
[6.114912] (input) StdoutLine: {'line': b'byte-compiling /uros_ws/Brain_DEI/brain/install/input/lib/python3.12/site-packages/src/data/TrafficCommunication/useful/__init__.py to __init__.cpython-312.pyc\n'}
[6.115283] (input) StdoutLine: {'line': b'byte-compiling /uros_ws/Brain_DEI/brain/install/input/lib/python3.12/site-packages/src/data/TrafficCommunication/useful/sharedMem.py to sharedMem.cpython-312.pyc\n'}
[6.116393] (input) StdoutLine: {'line': b'byte-compiling /uros_ws/Brain_DEI/brain/install/input/lib/python3.12/site-packages/src/data/TrafficCommunication/useful/periodicTask.py to periodicTask.cpython-312.pyc\n'}
[6.117481] (input) StdoutLine: {'line': b'byte-compiling /uros_ws/Brain_DEI/brain/install/input/lib/python3.12/site-packages/src/data/TrafficCommunication/useful/keyDealer.py to keyDealer.cpython-312.pyc\n'}
[6.119280] (input) StdoutLine: {'line': b'byte-compiling /uros_ws/Brain_DEI/brain/install/input/lib/python3.12/site-packages/src/data/TrafficCommunication/threads/__init__.py to __init__.cpython-312.pyc\n'}
[6.120021] (input) StdoutLine: {'line': b'byte-compiling /uros_ws/Brain_DEI/brain/install/input/lib/python3.12/site-packages/src/data/TrafficCommunication/threads/threadTrafficCommunication.py to threadTrafficCommunication.cpython-312.pyc\n'}
[6.121679] (input) StdoutLine: {'line': b'byte-compiling /uros_ws/Brain_DEI/brain/install/input/lib/python3.12/site-packages/src/data/TrafficCommunication/threads/udpListener.py to udpListener.cpython-312.pyc\n'}
[6.122978] (input) StdoutLine: {'line': b'byte-compiling /uros_ws/Brain_DEI/brain/install/input/lib/python3.12/site-packages/src/data/TrafficCommunication/threads/tcpClient.py to tcpClient.cpython-312.pyc\n'}
[6.132985] (input) StdoutLine: {'line': b'byte-compiling /uros_ws/Brain_DEI/brain/install/input/lib/python3.12/site-packages/src/data/TrafficCommunication/processTrafficCommunication.py to processTrafficCommunication.cpython-312.pyc\n'}
[6.133497] (input) StdoutLine: {'line': b'byte-compiling /uros_ws/Brain_DEI/brain/install/input/lib/python3.12/site-packages/src/data/semaphoreBridge.py to semaphoreBridge.cpython-312.pyc\n'}
[6.134515] (input) StdoutLine: {'line': b'running install_data\n'}
[6.134764] (input) StdoutLine: {'line': b'creating /uros_ws/Brain_DEI/brain/install/input/share/ament_index\n'}
[6.134983] (input) StdoutLine: {'line': b'creating /uros_ws/Brain_DEI/brain/install/input/share/ament_index/resource_index\n'}
[6.135186] (input) StdoutLine: {'line': b'creating /uros_ws/Brain_DEI/brain/install/input/share/ament_index/resource_index/packages\n'}
[6.135386] (input) StdoutLine: {'line': b'copying resource/input -> /uros_ws/Brain_DEI/brain/install/input/share/ament_index/resource_index/packages\n'}
[6.135580] (input) StdoutLine: {'line': b'copying package.xml -> /uros_ws/Brain_DEI/brain/install/input/share/input\n'}
[6.135773] (input) StdoutLine: {'line': b'running install_egg_info\n'}
[6.144996] (-) TimerEvent: {}
[6.156040] (unix_out) StdoutLine: {'line': b"removing '/uros_ws/Brain_DEI/brain/install/unix_out/lib/python3.12/site-packages/unix_out-0.0.0-py3.12.egg-info' (and everything under it)\n"}
[6.158012] (unix_out) StdoutLine: {'line': b'Copying ../../build/unix_out/unix_out.egg-info to /uros_ws/Brain_DEI/brain/install/unix_out/lib/python3.12/site-packages/unix_out-0.0.0-py3.12.egg-info\n'}
[6.160641] (unix_out) StdoutLine: {'line': b'running install_scripts\n'}
[6.185088] (input) StdoutLine: {'line': b'Copying ../../build/input/input.egg-info to /uros_ws/Brain_DEI/brain/install/input/lib/python3.12/site-packages/input-0.0.0-py3.12.egg-info\n'}
[6.193524] (input) StdoutLine: {'line': b'running install_scripts\n'}
[6.229304] (output) StdoutLine: {'line': b"writing list of installed files to '/uros_ws/Brain_DEI/brain/build/output/install.log'\n"}
[6.245187] (-) TimerEvent: {}
[6.333529] (output) CommandEnded: {'returncode': 0}
[6.345393] (-) TimerEvent: {}
[6.359553] (output) JobEnded: {'identifier': 'output', 'rc': 0}
[6.445544] (-) TimerEvent: {}
[6.492592] (unix_out) StdoutLine: {'line': b'Installing camera_to_socket script to /uros_ws/Brain_DEI/brain/install/unix_out/lib/unix_out\n'}
[6.493715] (unix_out) StdoutLine: {'line': b'Installing lidar_to_socket script to /uros_ws/Brain_DEI/brain/install/unix_out/lib/unix_out\n'}
[6.494299] (unix_out) StdoutLine: {'line': b'Installing metrics_to_socket script to /uros_ws/Brain_DEI/brain/install/unix_out/lib/unix_out\n'}
[6.494553] (unix_out) StdoutLine: {'line': b"writing list of installed files to '/uros_ws/Brain_DEI/brain/build/unix_out/install.log'\n"}
[6.520826] (input) StdoutLine: {'line': b'Installing gpstrackerNODE script to /uros_ws/Brain_DEI/brain/install/input/lib/input\n'}
[6.521541] (input) StdoutLine: {'line': b'Installing imuNODE script to /uros_ws/Brain_DEI/brain/install/input/lib/input\n'}
[6.521911] (input) StdoutLine: {'line': b'Installing semaphoreBridgeNODE script to /uros_ws/Brain_DEI/brain/install/input/lib/input\n'}
[6.522242] (input) StdoutLine: {'line': b'Installing semaphoreNODE script to /uros_ws/Brain_DEI/brain/install/input/lib/input\n'}
[6.522630] (input) StdoutLine: {'line': b'Installing sonarNODE script to /uros_ws/Brain_DEI/brain/install/input/lib/input\n'}
[6.522947] (input) StdoutLine: {'line': b'Installing trafficBridgeNODE script to /uros_ws/Brain_DEI/brain/install/input/lib/input\n'}
[6.528427] (input) StdoutLine: {'line': b"writing list of installed files to '/uros_ws/Brain_DEI/brain/build/input/install.log'\n"}
[6.545722] (-) TimerEvent: {}
[6.607446] (unix_out) CommandEnded: {'returncode': 0}
[6.623854] (unix_out) JobEnded: {'identifier': 'unix_out', 'rc': 0}
[6.645036] (input) CommandEnded: {'returncode': 0}
[6.648592] (-) TimerEvent: {}
[6.681674] (input) JobEnded: {'identifier': 'input', 'rc': 0}
[6.685118] (-) EventReactorShutdown: {}
