[0.000000] (-) TimerEvent: {}
[0.000119] (utils) JobQueued: {'identifier': 'utils', 'dependencies': OrderedDict()}
[0.000493] (input) JobQueued: {'identifier': 'input', 'dependencies': OrderedDict({'utils': '/home/hisham/BFMC/Brain_DEI/brain/install/utils'})}
[0.000518] (output) JobQueued: {'identifier': 'output', 'dependencies': OrderedDict({'utils': '/home/hisham/BFMC/Brain_DEI/brain/install/utils'})}
[0.000534] (unix_out) JobQueued: {'identifier': 'unix_out', 'dependencies': OrderedDict({'utils': '/home/hisham/BFMC/Brain_DEI/brain/install/utils'})}
[0.000547] (utils) JobStarted: {'identifier': 'utils'}
[0.006976] (utils) JobProgress: {'identifier': 'utils', 'progress': 'cmake'}
[0.007409] (utils) JobProgress: {'identifier': 'utils', 'progress': 'build'}
[0.007922] (utils) Command: {'cmd': ['/usr/bin/cmake', '--build', '/home/hisham/BFMC/Brain_DEI/brain/build/utils', '--', '-j12', '-l12'], 'cwd': '/home/hisham/BFMC/Brain_DEI/brain/build/utils', 'env': OrderedDict({'LESSOPEN': '| /usr/bin/lesspipe %s', 'GZ_SIM_RESOURCE_PATH': '/opt/ros/jazzy/share', 'USER': 'hisham', 'GZ_CONFIG_PATH': '/opt/ros/jazzy/opt/gz_sim_vendor/share/gz:/opt/ros/jazzy/opt/sdformat_vendor/share/gz:/opt/ros/jazzy/opt/gz_gui_vendor/share/gz:/opt/ros/jazzy/opt/gz_transport_vendor/share/gz:/opt/ros/jazzy/opt/gz_rendering_vendor/share/gz:/opt/ros/jazzy/opt/gz_plugin_vendor/share/gz:/opt/ros/jazzy/opt/gz_fuel_tools_vendor/share/gz:/opt/ros/jazzy/opt/gz_msgs_vendor/share/gz:/opt/ros/jazzy/opt/gz_common_vendor/share/gz', 'XDG_SESSION_TYPE': 'x11', 'STM32CubeMX_PATH': '/home/hisham/STM32CubeMX', 'SHLVL': '1', 'LD_LIBRARY_PATH': '/opt/ros/jazzy/opt/zenoh_cpp_vendor/lib:/opt/ros/jazzy/opt/gz_sim_vendor/lib:/opt/ros/jazzy/opt/gz_sensors_vendor/lib:/opt/ros/jazzy/opt/gz_physics_vendor/lib:/opt/ros/jazzy/opt/sdformat_vendor/lib:/opt/ros/jazzy/opt/rviz_ogre_vendor/lib:/opt/ros/jazzy/lib/x86_64-linux-gnu:/opt/ros/jazzy/opt/gz_gui_vendor/lib:/opt/ros/jazzy/opt/gz_transport_vendor/lib:/opt/ros/jazzy/opt/gz_rendering_vendor/lib:/opt/ros/jazzy/opt/gz_plugin_vendor/lib:/opt/ros/jazzy/opt/gz_fuel_tools_vendor/lib:/opt/ros/jazzy/opt/gz_msgs_vendor/lib:/opt/ros/jazzy/opt/gz_common_vendor/lib:/opt/ros/jazzy/opt/gz_math_vendor/lib:/opt/ros/jazzy/opt/gz_utils_vendor/lib:/opt/ros/jazzy/opt/gz_tools_vendor/lib:/opt/ros/jazzy/opt/gz_ogre_next_vendor/lib:/opt/ros/jazzy/opt/gz_dartsim_vendor/lib:/opt/ros/jazzy/opt/gz_cmake_vendor/lib:/opt/ros/jazzy/lib:/home/hisham/acados_ws/acados/lib:', 'HOME': '/home/hisham', 'OLDPWD': '/home/hisham/BFMC/Brain_DEI/brain/src', 'DESKTOP_SESSION': 'ubuntu', 'ROS_PYTHON_VERSION': '3', 'GNOME_SHELL_SESSION_MODE': 'ubuntu', 'GTK_MODULES': 'gail:atk-bridge', 'DBUS_STARTER_BUS_TYPE': 'session', 'SYSTEMD_EXEC_PID': '3010', 'GSM_SKIP_SSH_AGENT_WORKAROUND': 'true', 'DBUS_SESSION_BUS_ADDRESS': 'unix:path=/run/user/1000/bus,guid=34fd7da4f4a81523c877782769f1285b', 'COLORTERM': 'truecolor', 'DEBUGINFOD_URLS': 'https://debuginfod.ubuntu.com', 'ROS_DISTRO': 'jazzy', 'LOGNAME': 'hisham', '_': '/usr/bin/colcon', 'ROS_VERSION': '2', 'MEMORY_PRESSURE_WATCH': '/sys/fs/cgroup/user.slice/user-1000.slice/user@1000.service/app.slice/app-gnome\\x2dsession\\x2dmanager.slice/gnome-session-manager@ubuntu.service/memory.pressure', 'XDG_SESSION_CLASS': 'user', 'USERNAME': 'hisham', 'TERM': 'xterm-256color', 'GNOME_DESKTOP_SESSION_ID': 'this-is-deprecated', 'WINDOWPATH': '2', 'PATH': '/opt/ros/jazzy/opt/gz_msgs_vendor/bin:/opt/ros/jazzy/opt/gz_tools_vendor/bin:/opt/ros/jazzy/opt/gz_ogre_next_vendor/bin:/opt/ros/jazzy/bin:/home/hisham/miniconda3/bin:/home/hisham/.local/bin:/usr/local/sbin:/usr/local/bin:/usr/sbin:/usr/bin:/sbin:/bin:/usr/games:/usr/local/games:/snap/bin:/snap/bin', 'SESSION_MANAGER': 'local/hisham-IdeaPad-Gaming-3-15IMH05:@/tmp/.ICE-unix/3010,unix/hisham-IdeaPad-Gaming-3-15IMH05:/tmp/.ICE-unix/3010', 'XDG_MENU_PREFIX': 'gnome-', 'GNOME_TERMINAL_SCREEN': '/org/gnome/Terminal/screen/c586efb5_83b2_434f_b111_c2ff7e38a2bf', 'XDG_RUNTIME_DIR': '/run/user/1000', 'DISPLAY': ':1', 'LANG': 'en_US.UTF-8', 'XDG_CURRENT_DESKTOP': 'ubuntu:GNOME', 'XMODIFIERS': '@im=ibus', 'XDG_SESSION_DESKTOP': 'ubuntu', 'XAUTHORITY': '/run/user/1000/gdm/Xauthority', 'LS_COLORS': 'rs=0:di=01;34:ln=01;36:mh=00:pi=40;33:so=01;35:do=01;35:bd=40;33;01:cd=40;33;01:or=40;31;01:mi=00:su=37;41:sg=30;43:ca=00:tw=30;42:ow=34;42:st=37;44:ex=01;32:*.tar=01;31:*.tgz=01;31:*.arc=01;31:*.arj=01;31:*.taz=01;31:*.lha=01;31:*.lz4=01;31:*.lzh=01;31:*.lzma=01;31:*.tlz=01;31:*.txz=01;31:*.tzo=01;31:*.t7z=01;31:*.zip=01;31:*.z=01;31:*.dz=01;31:*.gz=01;31:*.lrz=01;31:*.lz=01;31:*.lzo=01;31:*.xz=01;31:*.zst=01;31:*.tzst=01;31:*.bz2=01;31:*.bz=01;31:*.tbz=01;31:*.tbz2=01;31:*.tz=01;31:*.deb=01;31:*.rpm=01;31:*.jar=01;31:*.war=01;31:*.ear=01;31:*.sar=01;31:*.rar=01;31:*.alz=01;31:*.ace=01;31:*.zoo=01;31:*.cpio=01;31:*.7z=01;31:*.rz=01;31:*.cab=01;31:*.wim=01;31:*.swm=01;31:*.dwm=01;31:*.esd=01;31:*.avif=01;35:*.jpg=01;35:*.jpeg=01;35:*.mjpg=01;35:*.mjpeg=01;35:*.gif=01;35:*.bmp=01;35:*.pbm=01;35:*.pgm=01;35:*.ppm=01;35:*.tga=01;35:*.xbm=01;35:*.xpm=01;35:*.tif=01;35:*.tiff=01;35:*.png=01;35:*.svg=01;35:*.svgz=01;35:*.mng=01;35:*.pcx=01;35:*.mov=01;35:*.mpg=01;35:*.mpeg=01;35:*.m2v=01;35:*.mkv=01;35:*.webm=01;35:*.webp=01;35:*.ogm=01;35:*.mp4=01;35:*.m4v=01;35:*.mp4v=01;35:*.vob=01;35:*.qt=01;35:*.nuv=01;35:*.wmv=01;35:*.asf=01;35:*.rm=01;35:*.rmvb=01;35:*.flc=01;35:*.avi=01;35:*.fli=01;35:*.flv=01;35:*.gl=01;35:*.dl=01;35:*.xcf=01;35:*.xwd=01;35:*.yuv=01;35:*.cgm=01;35:*.emf=01;35:*.ogv=01;35:*.ogx=01;35:*.aac=00;36:*.au=00;36:*.flac=00;36:*.m4a=00;36:*.mid=00;36:*.midi=00;36:*.mka=00;36:*.mp3=00;36:*.mpc=00;36:*.ogg=00;36:*.ra=00;36:*.wav=00;36:*.oga=00;36:*.opus=00;36:*.spx=00;36:*.xspf=00;36:*~=00;90:*#=00;90:*.bak=00;90:*.crdownload=00;90:*.dpkg-dist=00;90:*.dpkg-new=00;90:*.dpkg-old=00;90:*.dpkg-tmp=00;90:*.old=00;90:*.orig=00;90:*.part=00;90:*.rej=00;90:*.rpmnew=00;90:*.rpmorig=00;90:*.rpmsave=00;90:*.swp=00;90:*.tmp=00;90:*.ucf-dist=00;90:*.ucf-new=00;90:*.ucf-old=00;90:', 'GNOME_TERMINAL_SERVICE': ':1.169', 'SSH_AUTH_SOCK': '/run/user/1000/keyring/ssh', 'AMENT_PREFIX_PATH': '/opt/ros/jazzy', 'SHELL': '/bin/bash', 'QT_ACCESSIBILITY': '1', 'GDMSESSION': 'ubuntu', 'LESSCLOSE': '/usr/bin/lesspipe %s %s', 'GPG_AGENT_INFO': '/run/user/1000/gnupg/S.gpg-agent:0:1', 'ROS_AUTOMATIC_DISCOVERY_RANGE': 'SUBNET', 'QT_IM_MODULE': 'ibus', 'PWD': '/home/hisham/BFMC/Brain_DEI/brain/build/utils', 'XDG_CONFIG_DIRS': '/etc/xdg/xdg-ubuntu:/etc/xdg', 'DBUS_STARTER_ADDRESS': 'unix:path=/run/user/1000/bus,guid=34fd7da4f4a81523c877782769f1285b', 'XDG_DATA_DIRS': '/usr/share/ubuntu:/usr/share/gnome:/usr/local/share/:/usr/share/:/var/lib/snapd/desktop', 'PYTHONPATH': '/opt/ros/jazzy/lib/python3.12/site-packages', 'COLCON': '1', 'MEMORY_PRESSURE_WRITE': 'c29tZSAyMDAwMDAgMjAwMDAwMAA=', 'VTE_VERSION': '7600', 'CMAKE_PREFIX_PATH': '/opt/ros/jazzy/opt/gz_sim_vendor:/opt/ros/jazzy/opt/gz_sensors_vendor:/opt/ros/jazzy/opt/gz_physics_vendor:/opt/ros/jazzy/opt/sdformat_vendor:/opt/ros/jazzy/opt/gz_gui_vendor:/opt/ros/jazzy/opt/gz_transport_vendor:/opt/ros/jazzy/opt/gz_rendering_vendor:/opt/ros/jazzy/opt/gz_plugin_vendor:/opt/ros/jazzy/opt/gz_fuel_tools_vendor:/opt/ros/jazzy/opt/gz_msgs_vendor:/opt/ros/jazzy/opt/gz_common_vendor:/opt/ros/jazzy/opt/gz_math_vendor:/opt/ros/jazzy/opt/gz_utils_vendor:/opt/ros/jazzy/opt/gz_tools_vendor:/opt/ros/jazzy/opt/gz_ogre_next_vendor:/opt/ros/jazzy/opt/gz_dartsim_vendor:/opt/ros/jazzy/opt/gz_cmake_vendor:/opt/ros/jazzy'}), 'shell': False}
[0.048617] (utils) StdoutLine: {'line': b'[  1%] Built target utils__rosidl_generator_type_description\n'}
[0.057204] (utils) StdoutLine: {'line': b'[  1%] Built target ament_cmake_python_copy_utils\n'}
[0.064821] (utils) StdoutLine: {'line': b'[  1%] Built target utils__cpp\n'}
[0.074753] (utils) StdoutLine: {'line': b'[ 27%] Built target utils__rosidl_generator_c\n'}
[0.096215] (utils) StdoutLine: {'line': b'[ 46%] Built target utils__rosidl_typesupport_c\n'}
[0.096473] (utils) StdoutLine: {'line': b'[ 46%] Built target utils__rosidl_typesupport_introspection_c\n'}
[0.099889] (-) TimerEvent: {}
[0.103474] (utils) StdoutLine: {'line': b'[ 56%] Built target utils__rosidl_typesupport_fastrtps_cpp\n'}
[0.103873] (utils) StdoutLine: {'line': b'[ 66%] Built target utils__rosidl_typesupport_fastrtps_c\n'}
[0.107855] (utils) StdoutLine: {'line': b'[ 75%] Built target utils__rosidl_typesupport_cpp\n'}
[0.108063] (utils) StdoutLine: {'line': b'[ 85%] Built target utils__rosidl_typesupport_introspection_cpp\n'}
[0.123807] (utils) StdoutLine: {'line': b'[ 85%] Built target utils\n'}
[0.140194] (utils) StdoutLine: {'line': b'[ 86%] Built target utils__py\n'}
[0.165000] (utils) StdoutLine: {'line': b'[ 95%] Built target utils__rosidl_generator_py\n'}
[0.183725] (utils) StdoutLine: {'line': b'[100%] Built target utils_s__rosidl_typesupport_fastrtps_c\n'}
[0.183862] (utils) StdoutLine: {'line': b'[100%] Built target utils_s__rosidl_typesupport_c\n'}
[0.183930] (utils) StdoutLine: {'line': b'[100%] Built target utils_s__rosidl_typesupport_introspection_c\n'}
[0.199956] (-) TimerEvent: {}
[0.270806] (utils) StdoutLine: {'line': b'running egg_info\n'}
[0.292613] (utils) StdoutLine: {'line': b'writing utils.egg-info/PKG-INFO\n'}
[0.292763] (utils) StdoutLine: {'line': b'writing dependency_links to utils.egg-info/dependency_links.txt\n'}
[0.292868] (utils) StdoutLine: {'line': b'writing top-level names to utils.egg-info/top_level.txt\n'}
[0.300065] (-) TimerEvent: {}
[0.358422] (utils) StdoutLine: {'line': b"reading manifest file 'utils.egg-info/SOURCES.txt'\n"}
[0.358889] (utils) StdoutLine: {'line': b"writing manifest file 'utils.egg-info/SOURCES.txt'\n"}
[0.377736] (utils) StdoutLine: {'line': b'[100%] Built target ament_cmake_python_build_utils_egg\n'}
[0.386942] (utils) CommandEnded: {'returncode': 0}
[0.387543] (utils) JobProgress: {'identifier': 'utils', 'progress': 'install'}
[0.394228] (utils) Command: {'cmd': ['/usr/bin/cmake', '--install', '/home/hisham/BFMC/Brain_DEI/brain/build/utils'], 'cwd': '/home/hisham/BFMC/Brain_DEI/brain/build/utils', 'env': OrderedDict({'LESSOPEN': '| /usr/bin/lesspipe %s', 'GZ_SIM_RESOURCE_PATH': '/opt/ros/jazzy/share', 'USER': 'hisham', 'GZ_CONFIG_PATH': '/opt/ros/jazzy/opt/gz_sim_vendor/share/gz:/opt/ros/jazzy/opt/sdformat_vendor/share/gz:/opt/ros/jazzy/opt/gz_gui_vendor/share/gz:/opt/ros/jazzy/opt/gz_transport_vendor/share/gz:/opt/ros/jazzy/opt/gz_rendering_vendor/share/gz:/opt/ros/jazzy/opt/gz_plugin_vendor/share/gz:/opt/ros/jazzy/opt/gz_fuel_tools_vendor/share/gz:/opt/ros/jazzy/opt/gz_msgs_vendor/share/gz:/opt/ros/jazzy/opt/gz_common_vendor/share/gz', 'XDG_SESSION_TYPE': 'x11', 'STM32CubeMX_PATH': '/home/hisham/STM32CubeMX', 'SHLVL': '1', 'LD_LIBRARY_PATH': '/opt/ros/jazzy/opt/zenoh_cpp_vendor/lib:/opt/ros/jazzy/opt/gz_sim_vendor/lib:/opt/ros/jazzy/opt/gz_sensors_vendor/lib:/opt/ros/jazzy/opt/gz_physics_vendor/lib:/opt/ros/jazzy/opt/sdformat_vendor/lib:/opt/ros/jazzy/opt/rviz_ogre_vendor/lib:/opt/ros/jazzy/lib/x86_64-linux-gnu:/opt/ros/jazzy/opt/gz_gui_vendor/lib:/opt/ros/jazzy/opt/gz_transport_vendor/lib:/opt/ros/jazzy/opt/gz_rendering_vendor/lib:/opt/ros/jazzy/opt/gz_plugin_vendor/lib:/opt/ros/jazzy/opt/gz_fuel_tools_vendor/lib:/opt/ros/jazzy/opt/gz_msgs_vendor/lib:/opt/ros/jazzy/opt/gz_common_vendor/lib:/opt/ros/jazzy/opt/gz_math_vendor/lib:/opt/ros/jazzy/opt/gz_utils_vendor/lib:/opt/ros/jazzy/opt/gz_tools_vendor/lib:/opt/ros/jazzy/opt/gz_ogre_next_vendor/lib:/opt/ros/jazzy/opt/gz_dartsim_vendor/lib:/opt/ros/jazzy/opt/gz_cmake_vendor/lib:/opt/ros/jazzy/lib:/home/hisham/acados_ws/acados/lib:', 'HOME': '/home/hisham', 'OLDPWD': '/home/hisham/BFMC/Brain_DEI/brain/src', 'DESKTOP_SESSION': 'ubuntu', 'ROS_PYTHON_VERSION': '3', 'GNOME_SHELL_SESSION_MODE': 'ubuntu', 'GTK_MODULES': 'gail:atk-bridge', 'DBUS_STARTER_BUS_TYPE': 'session', 'SYSTEMD_EXEC_PID': '3010', 'GSM_SKIP_SSH_AGENT_WORKAROUND': 'true', 'DBUS_SESSION_BUS_ADDRESS': 'unix:path=/run/user/1000/bus,guid=34fd7da4f4a81523c877782769f1285b', 'COLORTERM': 'truecolor', 'DEBUGINFOD_URLS': 'https://debuginfod.ubuntu.com', 'ROS_DISTRO': 'jazzy', 'LOGNAME': 'hisham', '_': '/usr/bin/colcon', 'ROS_VERSION': '2', 'MEMORY_PRESSURE_WATCH': '/sys/fs/cgroup/user.slice/user-1000.slice/user@1000.service/app.slice/app-gnome\\x2dsession\\x2dmanager.slice/gnome-session-manager@ubuntu.service/memory.pressure', 'XDG_SESSION_CLASS': 'user', 'USERNAME': 'hisham', 'TERM': 'xterm-256color', 'GNOME_DESKTOP_SESSION_ID': 'this-is-deprecated', 'WINDOWPATH': '2', 'PATH': '/opt/ros/jazzy/opt/gz_msgs_vendor/bin:/opt/ros/jazzy/opt/gz_tools_vendor/bin:/opt/ros/jazzy/opt/gz_ogre_next_vendor/bin:/opt/ros/jazzy/bin:/home/hisham/miniconda3/bin:/home/hisham/.local/bin:/usr/local/sbin:/usr/local/bin:/usr/sbin:/usr/bin:/sbin:/bin:/usr/games:/usr/local/games:/snap/bin:/snap/bin', 'SESSION_MANAGER': 'local/hisham-IdeaPad-Gaming-3-15IMH05:@/tmp/.ICE-unix/3010,unix/hisham-IdeaPad-Gaming-3-15IMH05:/tmp/.ICE-unix/3010', 'XDG_MENU_PREFIX': 'gnome-', 'GNOME_TERMINAL_SCREEN': '/org/gnome/Terminal/screen/c586efb5_83b2_434f_b111_c2ff7e38a2bf', 'XDG_RUNTIME_DIR': '/run/user/1000', 'DISPLAY': ':1', 'LANG': 'en_US.UTF-8', 'XDG_CURRENT_DESKTOP': 'ubuntu:GNOME', 'XMODIFIERS': '@im=ibus', 'XDG_SESSION_DESKTOP': 'ubuntu', 'XAUTHORITY': '/run/user/1000/gdm/Xauthority', 'LS_COLORS': 'rs=0:di=01;34:ln=01;36:mh=00:pi=40;33:so=01;35:do=01;35:bd=40;33;01:cd=40;33;01:or=40;31;01:mi=00:su=37;41:sg=30;43:ca=00:tw=30;42:ow=34;42:st=37;44:ex=01;32:*.tar=01;31:*.tgz=01;31:*.arc=01;31:*.arj=01;31:*.taz=01;31:*.lha=01;31:*.lz4=01;31:*.lzh=01;31:*.lzma=01;31:*.tlz=01;31:*.txz=01;31:*.tzo=01;31:*.t7z=01;31:*.zip=01;31:*.z=01;31:*.dz=01;31:*.gz=01;31:*.lrz=01;31:*.lz=01;31:*.lzo=01;31:*.xz=01;31:*.zst=01;31:*.tzst=01;31:*.bz2=01;31:*.bz=01;31:*.tbz=01;31:*.tbz2=01;31:*.tz=01;31:*.deb=01;31:*.rpm=01;31:*.jar=01;31:*.war=01;31:*.ear=01;31:*.sar=01;31:*.rar=01;31:*.alz=01;31:*.ace=01;31:*.zoo=01;31:*.cpio=01;31:*.7z=01;31:*.rz=01;31:*.cab=01;31:*.wim=01;31:*.swm=01;31:*.dwm=01;31:*.esd=01;31:*.avif=01;35:*.jpg=01;35:*.jpeg=01;35:*.mjpg=01;35:*.mjpeg=01;35:*.gif=01;35:*.bmp=01;35:*.pbm=01;35:*.pgm=01;35:*.ppm=01;35:*.tga=01;35:*.xbm=01;35:*.xpm=01;35:*.tif=01;35:*.tiff=01;35:*.png=01;35:*.svg=01;35:*.svgz=01;35:*.mng=01;35:*.pcx=01;35:*.mov=01;35:*.mpg=01;35:*.mpeg=01;35:*.m2v=01;35:*.mkv=01;35:*.webm=01;35:*.webp=01;35:*.ogm=01;35:*.mp4=01;35:*.m4v=01;35:*.mp4v=01;35:*.vob=01;35:*.qt=01;35:*.nuv=01;35:*.wmv=01;35:*.asf=01;35:*.rm=01;35:*.rmvb=01;35:*.flc=01;35:*.avi=01;35:*.fli=01;35:*.flv=01;35:*.gl=01;35:*.dl=01;35:*.xcf=01;35:*.xwd=01;35:*.yuv=01;35:*.cgm=01;35:*.emf=01;35:*.ogv=01;35:*.ogx=01;35:*.aac=00;36:*.au=00;36:*.flac=00;36:*.m4a=00;36:*.mid=00;36:*.midi=00;36:*.mka=00;36:*.mp3=00;36:*.mpc=00;36:*.ogg=00;36:*.ra=00;36:*.wav=00;36:*.oga=00;36:*.opus=00;36:*.spx=00;36:*.xspf=00;36:*~=00;90:*#=00;90:*.bak=00;90:*.crdownload=00;90:*.dpkg-dist=00;90:*.dpkg-new=00;90:*.dpkg-old=00;90:*.dpkg-tmp=00;90:*.old=00;90:*.orig=00;90:*.part=00;90:*.rej=00;90:*.rpmnew=00;90:*.rpmorig=00;90:*.rpmsave=00;90:*.swp=00;90:*.tmp=00;90:*.ucf-dist=00;90:*.ucf-new=00;90:*.ucf-old=00;90:', 'GNOME_TERMINAL_SERVICE': ':1.169', 'SSH_AUTH_SOCK': '/run/user/1000/keyring/ssh', 'AMENT_PREFIX_PATH': '/opt/ros/jazzy', 'SHELL': '/bin/bash', 'QT_ACCESSIBILITY': '1', 'GDMSESSION': 'ubuntu', 'LESSCLOSE': '/usr/bin/lesspipe %s %s', 'GPG_AGENT_INFO': '/run/user/1000/gnupg/S.gpg-agent:0:1', 'ROS_AUTOMATIC_DISCOVERY_RANGE': 'SUBNET', 'QT_IM_MODULE': 'ibus', 'PWD': '/home/hisham/BFMC/Brain_DEI/brain/build/utils', 'XDG_CONFIG_DIRS': '/etc/xdg/xdg-ubuntu:/etc/xdg', 'DBUS_STARTER_ADDRESS': 'unix:path=/run/user/1000/bus,guid=34fd7da4f4a81523c877782769f1285b', 'XDG_DATA_DIRS': '/usr/share/ubuntu:/usr/share/gnome:/usr/local/share/:/usr/share/:/var/lib/snapd/desktop', 'PYTHONPATH': '/opt/ros/jazzy/lib/python3.12/site-packages', 'COLCON': '1', 'MEMORY_PRESSURE_WRITE': 'c29tZSAyMDAwMDAgMjAwMDAwMAA=', 'VTE_VERSION': '7600', 'CMAKE_PREFIX_PATH': '/opt/ros/jazzy/opt/gz_sim_vendor:/opt/ros/jazzy/opt/gz_sensors_vendor:/opt/ros/jazzy/opt/gz_physics_vendor:/opt/ros/jazzy/opt/sdformat_vendor:/opt/ros/jazzy/opt/gz_gui_vendor:/opt/ros/jazzy/opt/gz_transport_vendor:/opt/ros/jazzy/opt/gz_rendering_vendor:/opt/ros/jazzy/opt/gz_plugin_vendor:/opt/ros/jazzy/opt/gz_fuel_tools_vendor:/opt/ros/jazzy/opt/gz_msgs_vendor:/opt/ros/jazzy/opt/gz_common_vendor:/opt/ros/jazzy/opt/gz_math_vendor:/opt/ros/jazzy/opt/gz_utils_vendor:/opt/ros/jazzy/opt/gz_tools_vendor:/opt/ros/jazzy/opt/gz_ogre_next_vendor:/opt/ros/jazzy/opt/gz_dartsim_vendor:/opt/ros/jazzy/opt/gz_cmake_vendor:/opt/ros/jazzy'}), 'shell': False}
[0.400149] (-) TimerEvent: {}
[0.400564] (utils) StdoutLine: {'line': b'-- Install configuration: ""\n'}
[0.400704] (utils) StdoutLine: {'line': b'-- Up-to-date: /home/hisham/BFMC/Brain_DEI/brain/install/utils/share/ament_index/resource_index/rosidl_interfaces/utils\n'}
[0.400773] (utils) StdoutLine: {'line': b'-- Up-to-date: /home/hisham/BFMC/Brain_DEI/brain/install/utils/share/utils/msg/IMU.json\n'}
[0.400855] (utils) StdoutLine: {'line': b'-- Up-to-date: /home/hisham/BFMC/Brain_DEI/brain/install/utils/share/utils/msg/Localisation.json\n'}
[0.400917] (utils) StdoutLine: {'line': b'-- Up-to-date: /home/hisham/BFMC/Brain_DEI/brain/install/utils/share/utils/msg/Vehicles.json\n'}
[0.401029] (utils) StdoutLine: {'line': b'-- Up-to-date: /home/hisham/BFMC/Brain_DEI/brain/install/utils/share/utils/msg/Environmental.json\n'}
[0.401155] (utils) StdoutLine: {'line': b'-- Up-to-date: /home/hisham/BFMC/Brain_DEI/brain/install/utils/share/utils/msg/Log.json\n'}
[0.401289] (utils) StdoutLine: {'line': b'-- Up-to-date: /home/hisham/BFMC/Brain_DEI/brain/install/utils/share/utils/msg/TopicInfo.json\n'}
[0.401348] (utils) StdoutLine: {'line': b'-- Up-to-date: /home/hisham/BFMC/Brain_DEI/brain/install/utils/share/utils/msg/Semaphore.json\n'}
[0.401462] (utils) StdoutLine: {'line': b'-- Up-to-date: /home/hisham/BFMC/Brain_DEI/brain/install/utils/share/utils/msg/Conditions.json\n'}
[0.401521] (utils) StdoutLine: {'line': b'-- Up-to-date: /home/hisham/BFMC/Brain_DEI/brain/install/utils/share/utils/msg/Trafficsignprediction.json\n'}
[0.401604] (utils) StdoutLine: {'line': b'-- Up-to-date: /home/hisham/BFMC/Brain_DEI/brain/install/utils/share/utils/srv/Subscribing.json\n'}
[0.401664] (utils) StdoutLine: {'line': b'-- Up-to-date: /home/hisham/BFMC/Brain_DEI/brain/install/utils/share/utils/srv/RequestParam.json\n'}
[0.401724] (utils) StdoutLine: {'line': b'-- Up-to-date: /home/hisham/BFMC/Brain_DEI/brain/install/utils/include/utils/utils\n'}
[0.401783] (utils) StdoutLine: {'line': b'-- Up-to-date: /home/hisham/BFMC/Brain_DEI/brain/install/utils/include/utils/utils/srv\n'}
[0.401843] (utils) StdoutLine: {'line': b'-- Up-to-date: /home/hisham/BFMC/Brain_DEI/brain/install/utils/include/utils/utils/srv/detail\n'}
[0.401907] (utils) StdoutLine: {'line': b'-- Up-to-date: /home/hisham/BFMC/Brain_DEI/brain/install/utils/include/utils/utils/srv/detail/request_param__functions.h\n'}
[0.401968] (utils) StdoutLine: {'line': b'-- Up-to-date: /home/hisham/BFMC/Brain_DEI/brain/install/utils/include/utils/utils/srv/detail/subscribing__functions.h\n'}
[0.402028] (utils) StdoutLine: {'line': b'-- Up-to-date: /home/hisham/BFMC/Brain_DEI/brain/install/utils/include/utils/utils/srv/detail/subscribing__type_support.c\n'}
[0.402236] (utils) StdoutLine: {'line': b'-- Up-to-date: /home/hisham/BFMC/Brain_DEI/brain/install/utils/include/utils/utils/srv/detail/request_param__functions.c\n'}
[0.402329] (utils) StdoutLine: {'line': b'-- Up-to-date: /home/hisham/BFMC/Brain_DEI/brain/install/utils/include/utils/utils/srv/detail/subscribing__type_support.h\n'}
[0.402397] (utils) StdoutLine: {'line': b'-- Up-to-date: /home/hisham/BFMC/Brain_DEI/brain/install/utils/include/utils/utils/srv/detail/subscribing__struct.h\n'}
[0.402458] (utils) StdoutLine: {'line': b'-- Up-to-date: /home/hisham/BFMC/Brain_DEI/brain/install/utils/include/utils/utils/srv/detail/subscribing__description.c\n'}
[0.402520] (utils) StdoutLine: {'line': b'-- Up-to-date: /home/hisham/BFMC/Brain_DEI/brain/install/utils/include/utils/utils/srv/detail/subscribing__functions.c\n'}
[0.402581] (utils) StdoutLine: {'line': b'-- Up-to-date: /home/hisham/BFMC/Brain_DEI/brain/install/utils/include/utils/utils/srv/detail/request_param__type_support.h\n'}
[0.402642] (utils) StdoutLine: {'line': b'-- Up-to-date: /home/hisham/BFMC/Brain_DEI/brain/install/utils/include/utils/utils/srv/detail/request_param__struct.h\n'}
[0.402764] (utils) StdoutLine: {'line': b'-- Up-to-date: /home/hisham/BFMC/Brain_DEI/brain/install/utils/include/utils/utils/srv/detail/request_param__description.c\n'}
[0.402838] (utils) StdoutLine: {'line': b'-- Up-to-date: /home/hisham/BFMC/Brain_DEI/brain/install/utils/include/utils/utils/srv/detail/request_param__type_support.c\n'}
[0.402905] (utils) StdoutLine: {'line': b'-- Up-to-date: /home/hisham/BFMC/Brain_DEI/brain/install/utils/include/utils/utils/srv/subscribing.h\n'}
[0.402998] (utils) StdoutLine: {'line': b'-- Up-to-date: /home/hisham/BFMC/Brain_DEI/brain/install/utils/include/utils/utils/srv/request_param.h\n'}
[0.403141] (utils) StdoutLine: {'line': b'-- Up-to-date: /home/hisham/BFMC/Brain_DEI/brain/install/utils/include/utils/utils/msg\n'}
[0.403232] (utils) StdoutLine: {'line': b'-- Up-to-date: /home/hisham/BFMC/Brain_DEI/brain/install/utils/include/utils/utils/msg/semaphore.h\n'}
[0.403289] (utils) StdoutLine: {'line': b'-- Up-to-date: /home/hisham/BFMC/Brain_DEI/brain/install/utils/include/utils/utils/msg/localisation.h\n'}
[0.403347] (utils) StdoutLine: {'line': b'-- Up-to-date: /home/hisham/BFMC/Brain_DEI/brain/install/utils/include/utils/utils/msg/detail\n'}
[0.403456] (utils) StdoutLine: {'line': b'-- Up-to-date: /home/hisham/BFMC/Brain_DEI/brain/install/utils/include/utils/utils/msg/detail/topic_info__functions.h\n'}
[0.403518] (utils) StdoutLine: {'line': b'-- Up-to-date: /home/hisham/BFMC/Brain_DEI/brain/install/utils/include/utils/utils/msg/detail/log__functions.h\n'}
[0.403576] (utils) StdoutLine: {'line': b'-- Up-to-date: /home/hisham/BFMC/Brain_DEI/brain/install/utils/include/utils/utils/msg/detail/semaphore__functions.c\n'}
[0.403633] (utils) StdoutLine: {'line': b'-- Up-to-date: /home/hisham/BFMC/Brain_DEI/brain/install/utils/include/utils/utils/msg/detail/imu__functions.h\n'}
[0.403691] (utils) StdoutLine: {'line': b'-- Up-to-date: /home/hisham/BFMC/Brain_DEI/brain/install/utils/include/utils/utils/msg/detail/vehicles__type_support.c\n'}
[0.403748] (utils) StdoutLine: {'line': b'-- Up-to-date: /home/hisham/BFMC/Brain_DEI/brain/install/utils/include/utils/utils/msg/detail/vehicles__struct.h\n'}
[0.403805] (utils) StdoutLine: {'line': b'-- Up-to-date: /home/hisham/BFMC/Brain_DEI/brain/install/utils/include/utils/utils/msg/detail/semaphore__type_support.c\n'}
[0.403862] (utils) StdoutLine: {'line': b'-- Up-to-date: /home/hisham/BFMC/Brain_DEI/brain/install/utils/include/utils/utils/msg/detail/localisation__type_support.c\n'}
[0.403919] (utils) StdoutLine: {'line': b'-- Up-to-date: /home/hisham/BFMC/Brain_DEI/brain/install/utils/include/utils/utils/msg/detail/imu__type_support.c\n'}
[0.404030] (utils) StdoutLine: {'line': b'-- Up-to-date: /home/hisham/BFMC/Brain_DEI/brain/install/utils/include/utils/utils/msg/detail/imu__struct.h\n'}
[0.404182] (utils) StdoutLine: {'line': b'-- Up-to-date: /home/hisham/BFMC/Brain_DEI/brain/install/utils/include/utils/utils/msg/detail/environmental__type_support.c\n'}
[0.404261] (utils) StdoutLine: {'line': b'-- Up-to-date: /home/hisham/BFMC/Brain_DEI/brain/install/utils/include/utils/utils/msg/detail/conditions__type_support.c\n'}
[0.404321] (utils) StdoutLine: {'line': b'-- Up-to-date: /home/hisham/BFMC/Brain_DEI/brain/install/utils/include/utils/utils/msg/detail/log__functions.c\n'}
[0.404378] (utils) StdoutLine: {'line': b'-- Up-to-date: /home/hisham/BFMC/Brain_DEI/brain/install/utils/include/utils/utils/msg/detail/vehicles__description.c\n'}
[0.404435] (utils) StdoutLine: {'line': b'-- Up-to-date: /home/hisham/BFMC/Brain_DEI/brain/install/utils/include/utils/utils/msg/detail/environmental__struct.h\n'}
[0.404492] (utils) StdoutLine: {'line': b'-- Up-to-date: /home/hisham/BFMC/Brain_DEI/brain/install/utils/include/utils/utils/msg/detail/topic_info__functions.c\n'}
[0.404548] (utils) StdoutLine: {'line': b'-- Up-to-date: /home/hisham/BFMC/Brain_DEI/brain/install/utils/include/utils/utils/msg/detail/localisation__functions.c\n'}
[0.404603] (utils) StdoutLine: {'line': b'-- Up-to-date: /home/hisham/BFMC/Brain_DEI/brain/install/utils/include/utils/utils/msg/detail/conditions__struct.h\n'}
[0.404668] (utils) StdoutLine: {'line': b'-- Up-to-date: /home/hisham/BFMC/Brain_DEI/brain/install/utils/include/utils/utils/msg/detail/trafficsignprediction__type_support.c\n'}
[0.404789] (utils) StdoutLine: {'line': b'-- Up-to-date: /home/hisham/BFMC/Brain_DEI/brain/install/utils/include/utils/utils/msg/detail/trafficsignprediction__functions.c\n'}
[0.404848] (utils) StdoutLine: {'line': b'-- Up-to-date: /home/hisham/BFMC/Brain_DEI/brain/install/utils/include/utils/utils/msg/detail/localisation__struct.h\n'}
[0.404904] (utils) StdoutLine: {'line': b'-- Up-to-date: /home/hisham/BFMC/Brain_DEI/brain/install/utils/include/utils/utils/msg/detail/semaphore__description.c\n'}
[0.404961] (utils) StdoutLine: {'line': b'-- Up-to-date: /home/hisham/BFMC/Brain_DEI/brain/install/utils/include/utils/utils/msg/detail/trafficsignprediction__struct.h\n'}
[0.405017] (utils) StdoutLine: {'line': b'-- Up-to-date: /home/hisham/BFMC/Brain_DEI/brain/install/utils/include/utils/utils/msg/detail/trafficsignprediction__type_support.h\n'}
[0.405186] (utils) StdoutLine: {'line': b'-- Up-to-date: /home/hisham/BFMC/Brain_DEI/brain/install/utils/include/utils/utils/msg/detail/semaphore__type_support.h\n'}
[0.405265] (utils) StdoutLine: {'line': b'-- Up-to-date: /home/hisham/BFMC/Brain_DEI/brain/install/utils/include/utils/utils/msg/detail/topic_info__type_support.c\n'}
[0.405322] (utils) StdoutLine: {'line': b'-- Up-to-date: /home/hisham/BFMC/Brain_DEI/brain/install/utils/include/utils/utils/msg/detail/imu__functions.c\n'}
[0.405377] (utils) StdoutLine: {'line': b'-- Up-to-date: /home/hisham/BFMC/Brain_DEI/brain/install/utils/include/utils/utils/msg/detail/vehicles__functions.c\n'}
[0.405432] (utils) StdoutLine: {'line': b'-- Up-to-date: /home/hisham/BFMC/Brain_DEI/brain/install/utils/include/utils/utils/msg/detail/topic_info__description.c\n'}
[0.405487] (utils) StdoutLine: {'line': b'-- Up-to-date: /home/hisham/BFMC/Brain_DEI/brain/install/utils/include/utils/utils/msg/detail/trafficsignprediction__description.c\n'}
[0.405578] (utils) StdoutLine: {'line': b'-- Up-to-date: /home/hisham/BFMC/Brain_DEI/brain/install/utils/include/utils/utils/msg/detail/conditions__functions.c\n'}
[0.405654] (utils) StdoutLine: {'line': b'-- Up-to-date: /home/hisham/BFMC/Brain_DEI/brain/install/utils/include/utils/utils/msg/detail/log__type_support.c\n'}
[0.405712] (utils) StdoutLine: {'line': b'-- Up-to-date: /home/hisham/BFMC/Brain_DEI/brain/install/utils/include/utils/utils/msg/detail/vehicles__functions.h\n'}
[0.405775] (utils) StdoutLine: {'line': b'-- Up-to-date: /home/hisham/BFMC/Brain_DEI/brain/install/utils/include/utils/utils/msg/detail/localisation__description.c\n'}
[0.405875] (utils) StdoutLine: {'line': b'-- Up-to-date: /home/hisham/BFMC/Brain_DEI/brain/install/utils/include/utils/utils/msg/detail/imu__description.c\n'}
[0.405936] (utils) StdoutLine: {'line': b'-- Up-to-date: /home/hisham/BFMC/Brain_DEI/brain/install/utils/include/utils/utils/msg/detail/log__type_support.h\n'}
[0.405994] (utils) StdoutLine: {'line': b'-- Up-to-date: /home/hisham/BFMC/Brain_DEI/brain/install/utils/include/utils/utils/msg/detail/topic_info__struct.h\n'}
[0.406061] (utils) StdoutLine: {'line': b'-- Up-to-date: /home/hisham/BFMC/Brain_DEI/brain/install/utils/include/utils/utils/msg/detail/vehicles__type_support.h\n'}
[0.406168] (utils) StdoutLine: {'line': b'-- Up-to-date: /home/hisham/BFMC/Brain_DEI/brain/install/utils/include/utils/utils/msg/detail/semaphore__functions.h\n'}
[0.406260] (utils) StdoutLine: {'line': b'-- Up-to-date: /home/hisham/BFMC/Brain_DEI/brain/install/utils/include/utils/utils/msg/detail/trafficsignprediction__functions.h\n'}
[0.406377] (utils) StdoutLine: {'line': b'-- Up-to-date: /home/hisham/BFMC/Brain_DEI/brain/install/utils/include/utils/utils/msg/detail/conditions__type_support.h\n'}
[0.406453] (utils) StdoutLine: {'line': b'-- Up-to-date: /home/hisham/BFMC/Brain_DEI/brain/install/utils/include/utils/utils/msg/detail/semaphore__struct.h\n'}
[0.406590] (utils) StdoutLine: {'line': b'-- Up-to-date: /home/hisham/BFMC/Brain_DEI/brain/install/utils/include/utils/utils/msg/detail/localisation__functions.h\n'}
[0.406654] (utils) StdoutLine: {'line': b'-- Up-to-date: /home/hisham/BFMC/Brain_DEI/brain/install/utils/include/utils/utils/msg/detail/topic_info__type_support.h\n'}
[0.406728] (utils) StdoutLine: {'line': b'-- Up-to-date: /home/hisham/BFMC/Brain_DEI/brain/install/utils/include/utils/utils/msg/detail/environmental__functions.c\n'}
[0.406803] (utils) StdoutLine: {'line': b'-- Up-to-date: /home/hisham/BFMC/Brain_DEI/brain/install/utils/include/utils/utils/msg/detail/conditions__functions.h\n'}
[0.406866] (utils) StdoutLine: {'line': b'-- Up-to-date: /home/hisham/BFMC/Brain_DEI/brain/install/utils/include/utils/utils/msg/detail/log__struct.h\n'}
[0.406941] (utils) StdoutLine: {'line': b'-- Up-to-date: /home/hisham/BFMC/Brain_DEI/brain/install/utils/include/utils/utils/msg/detail/environmental__description.c\n'}
[0.407018] (utils) StdoutLine: {'line': b'-- Up-to-date: /home/hisham/BFMC/Brain_DEI/brain/install/utils/include/utils/utils/msg/detail/environmental__type_support.h\n'}
[0.407120] (utils) StdoutLine: {'line': b'-- Up-to-date: /home/hisham/BFMC/Brain_DEI/brain/install/utils/include/utils/utils/msg/detail/imu__type_support.h\n'}
[0.407206] (utils) StdoutLine: {'line': b'-- Up-to-date: /home/hisham/BFMC/Brain_DEI/brain/install/utils/include/utils/utils/msg/detail/localisation__type_support.h\n'}
[0.407326] (utils) StdoutLine: {'line': b'-- Up-to-date: /home/hisham/BFMC/Brain_DEI/brain/install/utils/include/utils/utils/msg/detail/log__description.c\n'}
[0.407382] (utils) StdoutLine: {'line': b'-- Up-to-date: /home/hisham/BFMC/Brain_DEI/brain/install/utils/include/utils/utils/msg/detail/environmental__functions.h\n'}
[0.407438] (utils) StdoutLine: {'line': b'-- Up-to-date: /home/hisham/BFMC/Brain_DEI/brain/install/utils/include/utils/utils/msg/detail/conditions__description.c\n'}
[0.407494] (utils) StdoutLine: {'line': b'-- Up-to-date: /home/hisham/BFMC/Brain_DEI/brain/install/utils/include/utils/utils/msg/rosidl_generator_c__visibility_control.h\n'}
[0.407550] (utils) StdoutLine: {'line': b'-- Up-to-date: /home/hisham/BFMC/Brain_DEI/brain/install/utils/include/utils/utils/msg/conditions.h\n'}
[0.407605] (utils) StdoutLine: {'line': b'-- Up-to-date: /home/hisham/BFMC/Brain_DEI/brain/install/utils/include/utils/utils/msg/topic_info.h\n'}
[0.407661] (utils) StdoutLine: {'line': b'-- Up-to-date: /home/hisham/BFMC/Brain_DEI/brain/install/utils/include/utils/utils/msg/log.h\n'}
[0.407717] (utils) StdoutLine: {'line': b'-- Up-to-date: /home/hisham/BFMC/Brain_DEI/brain/install/utils/include/utils/utils/msg/imu.h\n'}
[0.407773] (utils) StdoutLine: {'line': b'-- Up-to-date: /home/hisham/BFMC/Brain_DEI/brain/install/utils/include/utils/utils/msg/environmental.h\n'}
[0.407830] (utils) StdoutLine: {'line': b'-- Up-to-date: /home/hisham/BFMC/Brain_DEI/brain/install/utils/include/utils/utils/msg/vehicles.h\n'}
[0.407886] (utils) StdoutLine: {'line': b'-- Up-to-date: /home/hisham/BFMC/Brain_DEI/brain/install/utils/include/utils/utils/msg/trafficsignprediction.h\n'}
[0.407941] (utils) StdoutLine: {'line': b'-- Up-to-date: /home/hisham/BFMC/Brain_DEI/brain/install/utils/share/utils/environment/library_path.sh\n'}
[0.408021] (utils) StdoutLine: {'line': b'-- Up-to-date: /home/hisham/BFMC/Brain_DEI/brain/install/utils/share/utils/environment/library_path.dsv\n'}
[0.408171] (utils) StdoutLine: {'line': b'-- Up-to-date: /home/hisham/BFMC/Brain_DEI/brain/install/utils/lib/libutils__rosidl_generator_c.so\n'}
[0.408226] (utils) StdoutLine: {'line': b'-- Up-to-date: /home/hisham/BFMC/Brain_DEI/brain/install/utils/include/utils/utils\n'}
[0.408279] (utils) StdoutLine: {'line': b'-- Up-to-date: /home/hisham/BFMC/Brain_DEI/brain/install/utils/include/utils/utils/srv\n'}
[0.408339] (utils) StdoutLine: {'line': b'-- Up-to-date: /home/hisham/BFMC/Brain_DEI/brain/install/utils/include/utils/utils/srv/detail\n'}
[0.408419] (utils) StdoutLine: {'line': b'-- Up-to-date: /home/hisham/BFMC/Brain_DEI/brain/install/utils/include/utils/utils/srv/detail/request_param__rosidl_typesupport_fastrtps_c.h\n'}
[0.408477] (utils) StdoutLine: {'line': b'-- Up-to-date: /home/hisham/BFMC/Brain_DEI/brain/install/utils/include/utils/utils/srv/detail/subscribing__rosidl_typesupport_fastrtps_c.h\n'}
[0.408532] (utils) StdoutLine: {'line': b'-- Up-to-date: /home/hisham/BFMC/Brain_DEI/brain/install/utils/include/utils/utils/msg\n'}
[0.408586] (utils) StdoutLine: {'line': b'-- Up-to-date: /home/hisham/BFMC/Brain_DEI/brain/install/utils/include/utils/utils/msg/detail\n'}
[0.408640] (utils) StdoutLine: {'line': b'-- Up-to-date: /home/hisham/BFMC/Brain_DEI/brain/install/utils/include/utils/utils/msg/detail/imu__rosidl_typesupport_fastrtps_c.h\n'}
[0.408693] (utils) StdoutLine: {'line': b'-- Up-to-date: /home/hisham/BFMC/Brain_DEI/brain/install/utils/include/utils/utils/msg/detail/trafficsignprediction__rosidl_typesupport_fastrtps_c.h\n'}
[0.408748] (utils) StdoutLine: {'line': b'-- Up-to-date: /home/hisham/BFMC/Brain_DEI/brain/install/utils/include/utils/utils/msg/detail/vehicles__rosidl_typesupport_fastrtps_c.h\n'}
[0.408802] (utils) StdoutLine: {'line': b'-- Up-to-date: /home/hisham/BFMC/Brain_DEI/brain/install/utils/include/utils/utils/msg/detail/localisation__rosidl_typesupport_fastrtps_c.h\n'}
[0.408856] (utils) StdoutLine: {'line': b'-- Up-to-date: /home/hisham/BFMC/Brain_DEI/brain/install/utils/include/utils/utils/msg/detail/conditions__rosidl_typesupport_fastrtps_c.h\n'}
[0.408910] (utils) StdoutLine: {'line': b'-- Up-to-date: /home/hisham/BFMC/Brain_DEI/brain/install/utils/include/utils/utils/msg/detail/log__rosidl_typesupport_fastrtps_c.h\n'}
[0.408965] (utils) StdoutLine: {'line': b'-- Up-to-date: /home/hisham/BFMC/Brain_DEI/brain/install/utils/include/utils/utils/msg/detail/semaphore__rosidl_typesupport_fastrtps_c.h\n'}
[0.409019] (utils) StdoutLine: {'line': b'-- Up-to-date: /home/hisham/BFMC/Brain_DEI/brain/install/utils/include/utils/utils/msg/detail/topic_info__rosidl_typesupport_fastrtps_c.h\n'}
[0.409103] (utils) StdoutLine: {'line': b'-- Up-to-date: /home/hisham/BFMC/Brain_DEI/brain/install/utils/include/utils/utils/msg/detail/environmental__rosidl_typesupport_fastrtps_c.h\n'}
[0.409156] (utils) StdoutLine: {'line': b'-- Up-to-date: /home/hisham/BFMC/Brain_DEI/brain/install/utils/include/utils/utils/msg/rosidl_typesupport_fastrtps_c__visibility_control.h\n'}
[0.409208] (utils) StdoutLine: {'line': b'-- Up-to-date: /home/hisham/BFMC/Brain_DEI/brain/install/utils/lib/libutils__rosidl_typesupport_fastrtps_c.so\n'}
[0.409262] (utils) StdoutLine: {'line': b'-- Up-to-date: /home/hisham/BFMC/Brain_DEI/brain/install/utils/include/utils/utils\n'}
[0.409315] (utils) StdoutLine: {'line': b'-- Up-to-date: /home/hisham/BFMC/Brain_DEI/brain/install/utils/include/utils/utils/srv\n'}
[0.409367] (utils) StdoutLine: {'line': b'-- Up-to-date: /home/hisham/BFMC/Brain_DEI/brain/install/utils/include/utils/utils/srv/detail\n'}
[0.409420] (utils) StdoutLine: {'line': b'-- Up-to-date: /home/hisham/BFMC/Brain_DEI/brain/install/utils/include/utils/utils/srv/detail/subscribing__rosidl_typesupport_introspection_c.h\n'}
[0.409472] (utils) StdoutLine: {'line': b'-- Up-to-date: /home/hisham/BFMC/Brain_DEI/brain/install/utils/include/utils/utils/srv/detail/request_param__rosidl_typesupport_introspection_c.h\n'}
[0.409524] (utils) StdoutLine: {'line': b'-- Up-to-date: /home/hisham/BFMC/Brain_DEI/brain/install/utils/include/utils/utils/srv/detail/subscribing__type_support.c\n'}
[0.409577] (utils) StdoutLine: {'line': b'-- Up-to-date: /home/hisham/BFMC/Brain_DEI/brain/install/utils/include/utils/utils/srv/detail/request_param__type_support.c\n'}
[0.409629] (utils) StdoutLine: {'line': b'-- Up-to-date: /home/hisham/BFMC/Brain_DEI/brain/install/utils/include/utils/utils/msg\n'}
[0.409680] (utils) StdoutLine: {'line': b'-- Up-to-date: /home/hisham/BFMC/Brain_DEI/brain/install/utils/include/utils/utils/msg/detail\n'}
[0.409732] (utils) StdoutLine: {'line': b'-- Up-to-date: /home/hisham/BFMC/Brain_DEI/brain/install/utils/include/utils/utils/msg/detail/vehicles__type_support.c\n'}
[0.409784] (utils) StdoutLine: {'line': b'-- Up-to-date: /home/hisham/BFMC/Brain_DEI/brain/install/utils/include/utils/utils/msg/detail/vehicles__rosidl_typesupport_introspection_c.h\n'}
[0.409840] (utils) StdoutLine: {'line': b'-- Up-to-date: /home/hisham/BFMC/Brain_DEI/brain/install/utils/include/utils/utils/msg/detail/conditions__rosidl_typesupport_introspection_c.h\n'}
[0.409892] (utils) StdoutLine: {'line': b'-- Up-to-date: /home/hisham/BFMC/Brain_DEI/brain/install/utils/include/utils/utils/msg/detail/semaphore__type_support.c\n'}
[0.409945] (utils) StdoutLine: {'line': b'-- Up-to-date: /home/hisham/BFMC/Brain_DEI/brain/install/utils/include/utils/utils/msg/detail/log__rosidl_typesupport_introspection_c.h\n'}
[0.409997] (utils) StdoutLine: {'line': b'-- Up-to-date: /home/hisham/BFMC/Brain_DEI/brain/install/utils/include/utils/utils/msg/detail/localisation__type_support.c\n'}
[0.410076] (utils) StdoutLine: {'line': b'-- Up-to-date: /home/hisham/BFMC/Brain_DEI/brain/install/utils/include/utils/utils/msg/detail/imu__type_support.c\n'}
[0.410151] (utils) StdoutLine: {'line': b'-- Up-to-date: /home/hisham/BFMC/Brain_DEI/brain/install/utils/include/utils/utils/msg/detail/environmental__type_support.c\n'}
[0.410203] (utils) StdoutLine: {'line': b'-- Up-to-date: /home/hisham/BFMC/Brain_DEI/brain/install/utils/include/utils/utils/msg/detail/conditions__type_support.c\n'}
[0.410261] (utils) StdoutLine: {'line': b'-- Up-to-date: /home/hisham/BFMC/Brain_DEI/brain/install/utils/include/utils/utils/msg/detail/topic_info__rosidl_typesupport_introspection_c.h\n'}
[0.410313] (utils) StdoutLine: {'line': b'-- Up-to-date: /home/hisham/BFMC/Brain_DEI/brain/install/utils/include/utils/utils/msg/detail/trafficsignprediction__type_support.c\n'}
[0.410364] (utils) StdoutLine: {'line': b'-- Up-to-date: /home/hisham/BFMC/Brain_DEI/brain/install/utils/include/utils/utils/msg/detail/semaphore__rosidl_typesupport_introspection_c.h\n'}
[0.410415] (utils) StdoutLine: {'line': b'-- Up-to-date: /home/hisham/BFMC/Brain_DEI/brain/install/utils/include/utils/utils/msg/detail/topic_info__type_support.c\n'}
[0.410468] (utils) StdoutLine: {'line': b'-- Up-to-date: /home/hisham/BFMC/Brain_DEI/brain/install/utils/include/utils/utils/msg/detail/environmental__rosidl_typesupport_introspection_c.h\n'}
[0.410520] (utils) StdoutLine: {'line': b'-- Up-to-date: /home/hisham/BFMC/Brain_DEI/brain/install/utils/include/utils/utils/msg/detail/log__type_support.c\n'}
[0.410572] (utils) StdoutLine: {'line': b'-- Up-to-date: /home/hisham/BFMC/Brain_DEI/brain/install/utils/include/utils/utils/msg/detail/localisation__rosidl_typesupport_introspection_c.h\n'}
[0.410625] (utils) StdoutLine: {'line': b'-- Up-to-date: /home/hisham/BFMC/Brain_DEI/brain/install/utils/include/utils/utils/msg/detail/imu__rosidl_typesupport_introspection_c.h\n'}
[0.410677] (utils) StdoutLine: {'line': b'-- Up-to-date: /home/hisham/BFMC/Brain_DEI/brain/install/utils/include/utils/utils/msg/detail/trafficsignprediction__rosidl_typesupport_introspection_c.h\n'}
[0.410728] (utils) StdoutLine: {'line': b'-- Up-to-date: /home/hisham/BFMC/Brain_DEI/brain/install/utils/include/utils/utils/msg/rosidl_typesupport_introspection_c__visibility_control.h\n'}
[0.410780] (utils) StdoutLine: {'line': b'-- Up-to-date: /home/hisham/BFMC/Brain_DEI/brain/install/utils/lib/libutils__rosidl_typesupport_introspection_c.so\n'}
[0.410831] (utils) StdoutLine: {'line': b'-- Up-to-date: /home/hisham/BFMC/Brain_DEI/brain/install/utils/lib/libutils__rosidl_typesupport_c.so\n'}
[0.410882] (utils) StdoutLine: {'line': b'-- Up-to-date: /home/hisham/BFMC/Brain_DEI/brain/install/utils/include/utils/utils\n'}
[0.410936] (utils) StdoutLine: {'line': b'-- Up-to-date: /home/hisham/BFMC/Brain_DEI/brain/install/utils/include/utils/utils/srv\n'}
[0.410989] (utils) StdoutLine: {'line': b'-- Up-to-date: /home/hisham/BFMC/Brain_DEI/brain/install/utils/include/utils/utils/srv/detail\n'}
[0.411069] (utils) StdoutLine: {'line': b'-- Up-to-date: /home/hisham/BFMC/Brain_DEI/brain/install/utils/include/utils/utils/srv/detail/subscribing__builder.hpp\n'}
[0.411144] (utils) StdoutLine: {'line': b'-- Up-to-date: /home/hisham/BFMC/Brain_DEI/brain/install/utils/include/utils/utils/srv/detail/subscribing__struct.hpp\n'}
[0.411201] (utils) StdoutLine: {'line': b'-- Up-to-date: /home/hisham/BFMC/Brain_DEI/brain/install/utils/include/utils/utils/srv/detail/request_param__builder.hpp\n'}
[0.411274] (utils) StdoutLine: {'line': b'-- Up-to-date: /home/hisham/BFMC/Brain_DEI/brain/install/utils/include/utils/utils/srv/detail/subscribing__type_support.hpp\n'}
[0.411326] (utils) StdoutLine: {'line': b'-- Up-to-date: /home/hisham/BFMC/Brain_DEI/brain/install/utils/include/utils/utils/srv/detail/subscribing__traits.hpp\n'}
[0.411400] (utils) StdoutLine: {'line': b'-- Up-to-date: /home/hisham/BFMC/Brain_DEI/brain/install/utils/include/utils/utils/srv/detail/request_param__struct.hpp\n'}
[0.411454] (utils) StdoutLine: {'line': b'-- Up-to-date: /home/hisham/BFMC/Brain_DEI/brain/install/utils/include/utils/utils/srv/detail/request_param__type_support.hpp\n'}
[0.411506] (utils) StdoutLine: {'line': b'-- Up-to-date: /home/hisham/BFMC/Brain_DEI/brain/install/utils/include/utils/utils/srv/detail/request_param__traits.hpp\n'}
[0.411559] (utils) StdoutLine: {'line': b'-- Up-to-date: /home/hisham/BFMC/Brain_DEI/brain/install/utils/include/utils/utils/srv/subscribing.hpp\n'}
[0.411612] (utils) StdoutLine: {'line': b'-- Up-to-date: /home/hisham/BFMC/Brain_DEI/brain/install/utils/include/utils/utils/srv/request_param.hpp\n'}
[0.411664] (utils) StdoutLine: {'line': b'-- Up-to-date: /home/hisham/BFMC/Brain_DEI/brain/install/utils/include/utils/utils/msg\n'}
[0.411716] (utils) StdoutLine: {'line': b'-- Up-to-date: /home/hisham/BFMC/Brain_DEI/brain/install/utils/include/utils/utils/msg/vehicles.hpp\n'}
[0.411768] (utils) StdoutLine: {'line': b'-- Up-to-date: /home/hisham/BFMC/Brain_DEI/brain/install/utils/include/utils/utils/msg/detail\n'}
[0.411820] (utils) StdoutLine: {'line': b'-- Up-to-date: /home/hisham/BFMC/Brain_DEI/brain/install/utils/include/utils/utils/msg/detail/localisation__type_support.hpp\n'}
[0.411871] (utils) StdoutLine: {'line': b'-- Up-to-date: /home/hisham/BFMC/Brain_DEI/brain/install/utils/include/utils/utils/msg/detail/semaphore__struct.hpp\n'}
[0.411923] (utils) StdoutLine: {'line': b'-- Up-to-date: /home/hisham/BFMC/Brain_DEI/brain/install/utils/include/utils/utils/msg/detail/imu__builder.hpp\n'}
[0.411974] (utils) StdoutLine: {'line': b'-- Up-to-date: /home/hisham/BFMC/Brain_DEI/brain/install/utils/include/utils/utils/msg/detail/log__builder.hpp\n'}
[0.412025] (utils) StdoutLine: {'line': b'-- Up-to-date: /home/hisham/BFMC/Brain_DEI/brain/install/utils/include/utils/utils/msg/detail/conditions__type_support.hpp\n'}
[0.412129] (utils) StdoutLine: {'line': b'-- Up-to-date: /home/hisham/BFMC/Brain_DEI/brain/install/utils/include/utils/utils/msg/detail/trafficsignprediction__struct.hpp\n'}
[0.412196] (utils) StdoutLine: {'line': b'-- Up-to-date: /home/hisham/BFMC/Brain_DEI/brain/install/utils/include/utils/utils/msg/detail/semaphore__builder.hpp\n'}
[0.412249] (utils) StdoutLine: {'line': b'-- Up-to-date: /home/hisham/BFMC/Brain_DEI/brain/install/utils/include/utils/utils/msg/detail/localisation__struct.hpp\n'}
[0.412301] (utils) StdoutLine: {'line': b'-- Up-to-date: /home/hisham/BFMC/Brain_DEI/brain/install/utils/include/utils/utils/msg/detail/trafficsignprediction__traits.hpp\n'}
[0.412352] (utils) StdoutLine: {'line': b'-- Up-to-date: /home/hisham/BFMC/Brain_DEI/brain/install/utils/include/utils/utils/msg/detail/semaphore__type_support.hpp\n'}
[0.412404] (utils) StdoutLine: {'line': b'-- Up-to-date: /home/hisham/BFMC/Brain_DEI/brain/install/utils/include/utils/utils/msg/detail/localisation__builder.hpp\n'}
[0.412456] (utils) StdoutLine: {'line': b'-- Up-to-date: /home/hisham/BFMC/Brain_DEI/brain/install/utils/include/utils/utils/msg/detail/environmental__builder.hpp\n'}
[0.412508] (utils) StdoutLine: {'line': b'-- Up-to-date: /home/hisham/BFMC/Brain_DEI/brain/install/utils/include/utils/utils/msg/detail/semaphore__traits.hpp\n'}
[0.412560] (utils) StdoutLine: {'line': b'-- Up-to-date: /home/hisham/BFMC/Brain_DEI/brain/install/utils/include/utils/utils/msg/detail/topic_info__type_support.hpp\n'}
[0.412617] (utils) StdoutLine: {'line': b'-- Up-to-date: /home/hisham/BFMC/Brain_DEI/brain/install/utils/include/utils/utils/msg/detail/vehicles__struct.hpp\n'}
[0.412669] (utils) StdoutLine: {'line': b'-- Up-to-date: /home/hisham/BFMC/Brain_DEI/brain/install/utils/include/utils/utils/msg/detail/topic_info__struct.hpp\n'}
[0.412722] (utils) StdoutLine: {'line': b'-- Up-to-date: /home/hisham/BFMC/Brain_DEI/brain/install/utils/include/utils/utils/msg/detail/imu__type_support.hpp\n'}
[0.412774] (utils) StdoutLine: {'line': b'-- Up-to-date: /home/hisham/BFMC/Brain_DEI/brain/install/utils/include/utils/utils/msg/detail/environmental__traits.hpp\n'}
[0.412828] (utils) StdoutLine: {'line': b'-- Up-to-date: /home/hisham/BFMC/Brain_DEI/brain/install/utils/include/utils/utils/msg/detail/log__struct.hpp\n'}
[0.412881] (utils) StdoutLine: {'line': b'-- Up-to-date: /home/hisham/BFMC/Brain_DEI/brain/install/utils/include/utils/utils/msg/detail/trafficsignprediction__builder.hpp\n'}
[0.412932] (utils) StdoutLine: {'line': b'-- Up-to-date: /home/hisham/BFMC/Brain_DEI/brain/install/utils/include/utils/utils/msg/detail/imu__traits.hpp\n'}
[0.412983] (utils) StdoutLine: {'line': b'-- Up-to-date: /home/hisham/BFMC/Brain_DEI/brain/install/utils/include/utils/utils/msg/detail/vehicles__traits.hpp\n'}
[0.413035] (utils) StdoutLine: {'line': b'-- Up-to-date: /home/hisham/BFMC/Brain_DEI/brain/install/utils/include/utils/utils/msg/detail/localisation__traits.hpp\n'}
[0.413138] (utils) StdoutLine: {'line': b'-- Up-to-date: /home/hisham/BFMC/Brain_DEI/brain/install/utils/include/utils/utils/msg/detail/imu__struct.hpp\n'}
[0.413191] (utils) StdoutLine: {'line': b'-- Up-to-date: /home/hisham/BFMC/Brain_DEI/brain/install/utils/include/utils/utils/msg/detail/log__traits.hpp\n'}
[0.413243] (utils) StdoutLine: {'line': b'-- Up-to-date: /home/hisham/BFMC/Brain_DEI/brain/install/utils/include/utils/utils/msg/detail/vehicles__builder.hpp\n'}
[0.413295] (utils) StdoutLine: {'line': b'-- Up-to-date: /home/hisham/BFMC/Brain_DEI/brain/install/utils/include/utils/utils/msg/detail/log__type_support.hpp\n'}
[0.413346] (utils) StdoutLine: {'line': b'-- Up-to-date: /home/hisham/BFMC/Brain_DEI/brain/install/utils/include/utils/utils/msg/detail/topic_info__builder.hpp\n'}
[0.413397] (utils) StdoutLine: {'line': b'-- Up-to-date: /home/hisham/BFMC/Brain_DEI/brain/install/utils/include/utils/utils/msg/detail/conditions__struct.hpp\n'}
[0.413448] (utils) StdoutLine: {'line': b'-- Up-to-date: /home/hisham/BFMC/Brain_DEI/brain/install/utils/include/utils/utils/msg/detail/environmental__type_support.hpp\n'}
[0.413500] (utils) StdoutLine: {'line': b'-- Up-to-date: /home/hisham/BFMC/Brain_DEI/brain/install/utils/include/utils/utils/msg/detail/topic_info__traits.hpp\n'}
[0.413551] (utils) StdoutLine: {'line': b'-- Up-to-date: /home/hisham/BFMC/Brain_DEI/brain/install/utils/include/utils/utils/msg/detail/environmental__struct.hpp\n'}
[0.413603] (utils) StdoutLine: {'line': b'-- Up-to-date: /home/hisham/BFMC/Brain_DEI/brain/install/utils/include/utils/utils/msg/detail/vehicles__type_support.hpp\n'}
[0.413655] (utils) StdoutLine: {'line': b'-- Up-to-date: /home/hisham/BFMC/Brain_DEI/brain/install/utils/include/utils/utils/msg/detail/conditions__builder.hpp\n'}
[0.413707] (utils) StdoutLine: {'line': b'-- Up-to-date: /home/hisham/BFMC/Brain_DEI/brain/install/utils/include/utils/utils/msg/detail/trafficsignprediction__type_support.hpp\n'}
[0.413758] (utils) StdoutLine: {'line': b'-- Up-to-date: /home/hisham/BFMC/Brain_DEI/brain/install/utils/include/utils/utils/msg/detail/conditions__traits.hpp\n'}
[0.413810] (utils) StdoutLine: {'line': b'-- Up-to-date: /home/hisham/BFMC/Brain_DEI/brain/install/utils/include/utils/utils/msg/conditions.hpp\n'}
[0.413861] (utils) StdoutLine: {'line': b'-- Up-to-date: /home/hisham/BFMC/Brain_DEI/brain/install/utils/include/utils/utils/msg/imu.hpp\n'}
[0.413912] (utils) StdoutLine: {'line': b'-- Up-to-date: /home/hisham/BFMC/Brain_DEI/brain/install/utils/include/utils/utils/msg/localisation.hpp\n'}
[0.413967] (utils) StdoutLine: {'line': b'-- Up-to-date: /home/hisham/BFMC/Brain_DEI/brain/install/utils/include/utils/utils/msg/rosidl_generator_cpp__visibility_control.hpp\n'}
[0.414018] (utils) StdoutLine: {'line': b'-- Up-to-date: /home/hisham/BFMC/Brain_DEI/brain/install/utils/include/utils/utils/msg/log.hpp\n'}
[0.414123] (utils) StdoutLine: {'line': b'-- Up-to-date: /home/hisham/BFMC/Brain_DEI/brain/install/utils/include/utils/utils/msg/environmental.hpp\n'}
[0.414178] (utils) StdoutLine: {'line': b'-- Up-to-date: /home/hisham/BFMC/Brain_DEI/brain/install/utils/include/utils/utils/msg/trafficsignprediction.hpp\n'}
[0.414229] (utils) StdoutLine: {'line': b'-- Up-to-date: /home/hisham/BFMC/Brain_DEI/brain/install/utils/include/utils/utils/msg/topic_info.hpp\n'}
[0.414281] (utils) StdoutLine: {'line': b'-- Up-to-date: /home/hisham/BFMC/Brain_DEI/brain/install/utils/include/utils/utils/msg/semaphore.hpp\n'}
[0.414333] (utils) StdoutLine: {'line': b'-- Up-to-date: /home/hisham/BFMC/Brain_DEI/brain/install/utils/include/utils/utils\n'}
[0.414385] (utils) StdoutLine: {'line': b'-- Up-to-date: /home/hisham/BFMC/Brain_DEI/brain/install/utils/include/utils/utils/srv\n'}
[0.414436] (utils) StdoutLine: {'line': b'-- Up-to-date: /home/hisham/BFMC/Brain_DEI/brain/install/utils/include/utils/utils/srv/detail\n'}
[0.414488] (utils) StdoutLine: {'line': b'-- Up-to-date: /home/hisham/BFMC/Brain_DEI/brain/install/utils/include/utils/utils/srv/detail/dds_fastrtps\n'}
[0.414538] (utils) StdoutLine: {'line': b'-- Up-to-date: /home/hisham/BFMC/Brain_DEI/brain/install/utils/include/utils/utils/srv/detail/request_param__rosidl_typesupport_fastrtps_cpp.hpp\n'}
[0.414588] (utils) StdoutLine: {'line': b'-- Up-to-date: /home/hisham/BFMC/Brain_DEI/brain/install/utils/include/utils/utils/srv/detail/subscribing__rosidl_typesupport_fastrtps_cpp.hpp\n'}
[0.414639] (utils) StdoutLine: {'line': b'-- Up-to-date: /home/hisham/BFMC/Brain_DEI/brain/install/utils/include/utils/utils/msg\n'}
[0.414694] (utils) StdoutLine: {'line': b'-- Up-to-date: /home/hisham/BFMC/Brain_DEI/brain/install/utils/include/utils/utils/msg/detail\n'}
[0.414747] (utils) StdoutLine: {'line': b'-- Up-to-date: /home/hisham/BFMC/Brain_DEI/brain/install/utils/include/utils/utils/msg/detail/localisation__rosidl_typesupport_fastrtps_cpp.hpp\n'}
[0.414800] (utils) StdoutLine: {'line': b'-- Up-to-date: /home/hisham/BFMC/Brain_DEI/brain/install/utils/include/utils/utils/msg/detail/dds_fastrtps\n'}
[0.414866] (utils) StdoutLine: {'line': b'-- Up-to-date: /home/hisham/BFMC/Brain_DEI/brain/install/utils/include/utils/utils/msg/detail/log__rosidl_typesupport_fastrtps_cpp.hpp\n'}
[0.414933] (utils) StdoutLine: {'line': b'-- Up-to-date: /home/hisham/BFMC/Brain_DEI/brain/install/utils/include/utils/utils/msg/detail/semaphore__rosidl_typesupport_fastrtps_cpp.hpp\n'}
[0.414985] (utils) StdoutLine: {'line': b'-- Up-to-date: /home/hisham/BFMC/Brain_DEI/brain/install/utils/include/utils/utils/msg/detail/trafficsignprediction__rosidl_typesupport_fastrtps_cpp.hpp\n'}
[0.415037] (utils) StdoutLine: {'line': b'-- Up-to-date: /home/hisham/BFMC/Brain_DEI/brain/install/utils/include/utils/utils/msg/detail/imu__rosidl_typesupport_fastrtps_cpp.hpp\n'}
[0.415136] (utils) StdoutLine: {'line': b'-- Up-to-date: /home/hisham/BFMC/Brain_DEI/brain/install/utils/include/utils/utils/msg/detail/environmental__rosidl_typesupport_fastrtps_cpp.hpp\n'}
[0.415190] (utils) StdoutLine: {'line': b'-- Up-to-date: /home/hisham/BFMC/Brain_DEI/brain/install/utils/include/utils/utils/msg/detail/conditions__rosidl_typesupport_fastrtps_cpp.hpp\n'}
[0.415242] (utils) StdoutLine: {'line': b'-- Up-to-date: /home/hisham/BFMC/Brain_DEI/brain/install/utils/include/utils/utils/msg/detail/topic_info__rosidl_typesupport_fastrtps_cpp.hpp\n'}
[0.415294] (utils) StdoutLine: {'line': b'-- Up-to-date: /home/hisham/BFMC/Brain_DEI/brain/install/utils/include/utils/utils/msg/detail/vehicles__rosidl_typesupport_fastrtps_cpp.hpp\n'}
[0.415346] (utils) StdoutLine: {'line': b'-- Up-to-date: /home/hisham/BFMC/Brain_DEI/brain/install/utils/include/utils/utils/msg/rosidl_typesupport_fastrtps_cpp__visibility_control.h\n'}
[0.415403] (utils) StdoutLine: {'line': b'-- Up-to-date: /home/hisham/BFMC/Brain_DEI/brain/install/utils/lib/libutils__rosidl_typesupport_fastrtps_cpp.so\n'}
[0.415455] (utils) StdoutLine: {'line': b'-- Up-to-date: /home/hisham/BFMC/Brain_DEI/brain/install/utils/include/utils/utils\n'}
[0.415507] (utils) StdoutLine: {'line': b'-- Up-to-date: /home/hisham/BFMC/Brain_DEI/brain/install/utils/include/utils/utils/srv\n'}
[0.415558] (utils) StdoutLine: {'line': b'-- Up-to-date: /home/hisham/BFMC/Brain_DEI/brain/install/utils/include/utils/utils/srv/detail\n'}
[0.415609] (utils) StdoutLine: {'line': b'-- Up-to-date: /home/hisham/BFMC/Brain_DEI/brain/install/utils/include/utils/utils/srv/detail/request_param__rosidl_typesupport_introspection_cpp.hpp\n'}
[0.415661] (utils) StdoutLine: {'line': b'-- Up-to-date: /home/hisham/BFMC/Brain_DEI/brain/install/utils/include/utils/utils/srv/detail/request_param__type_support.cpp\n'}
[0.415718] (utils) StdoutLine: {'line': b'-- Up-to-date: /home/hisham/BFMC/Brain_DEI/brain/install/utils/include/utils/utils/srv/detail/subscribing__rosidl_typesupport_introspection_cpp.hpp\n'}
[0.415808] (utils) StdoutLine: {'line': b'-- Up-to-date: /home/hisham/BFMC/Brain_DEI/brain/install/utils/include/utils/utils/srv/detail/subscribing__type_support.cpp\n'}
[0.415863] (utils) StdoutLine: {'line': b'-- Up-to-date: /home/hisham/BFMC/Brain_DEI/brain/install/utils/include/utils/utils/msg\n'}
[0.415917] (utils) StdoutLine: {'line': b'-- Up-to-date: /home/hisham/BFMC/Brain_DEI/brain/install/utils/include/utils/utils/msg/detail\n'}
[0.415971] (utils) StdoutLine: {'line': b'-- Up-to-date: /home/hisham/BFMC/Brain_DEI/brain/install/utils/include/utils/utils/msg/detail/semaphore__type_support.cpp\n'}
[0.416025] (utils) StdoutLine: {'line': b'-- Up-to-date: /home/hisham/BFMC/Brain_DEI/brain/install/utils/include/utils/utils/msg/detail/environmental__type_support.cpp\n'}
[0.416111] (utils) StdoutLine: {'line': b'-- Up-to-date: /home/hisham/BFMC/Brain_DEI/brain/install/utils/include/utils/utils/msg/detail/log__type_support.cpp\n'}
[0.416164] (utils) StdoutLine: {'line': b'-- Up-to-date: /home/hisham/BFMC/Brain_DEI/brain/install/utils/include/utils/utils/msg/detail/topic_info__rosidl_typesupport_introspection_cpp.hpp\n'}
[0.416216] (utils) StdoutLine: {'line': b'-- Up-to-date: /home/hisham/BFMC/Brain_DEI/brain/install/utils/include/utils/utils/msg/detail/imu__type_support.cpp\n'}
[0.416268] (utils) StdoutLine: {'line': b'-- Up-to-date: /home/hisham/BFMC/Brain_DEI/brain/install/utils/include/utils/utils/msg/detail/log__rosidl_typesupport_introspection_cpp.hpp\n'}
[0.416320] (utils) StdoutLine: {'line': b'-- Up-to-date: /home/hisham/BFMC/Brain_DEI/brain/install/utils/include/utils/utils/msg/detail/trafficsignprediction__rosidl_typesupport_introspection_cpp.hpp\n'}
[0.416372] (utils) StdoutLine: {'line': b'-- Up-to-date: /home/hisham/BFMC/Brain_DEI/brain/install/utils/include/utils/utils/msg/detail/localisation__rosidl_typesupport_introspection_cpp.hpp\n'}
[0.416427] (utils) StdoutLine: {'line': b'-- Up-to-date: /home/hisham/BFMC/Brain_DEI/brain/install/utils/include/utils/utils/msg/detail/vehicles__type_support.cpp\n'}
[0.416481] (utils) StdoutLine: {'line': b'-- Up-to-date: /home/hisham/BFMC/Brain_DEI/brain/install/utils/include/utils/utils/msg/detail/localisation__type_support.cpp\n'}
[0.416533] (utils) StdoutLine: {'line': b'-- Up-to-date: /home/hisham/BFMC/Brain_DEI/brain/install/utils/include/utils/utils/msg/detail/vehicles__rosidl_typesupport_introspection_cpp.hpp\n'}
[0.416585] (utils) StdoutLine: {'line': b'-- Up-to-date: /home/hisham/BFMC/Brain_DEI/brain/install/utils/include/utils/utils/msg/detail/semaphore__rosidl_typesupport_introspection_cpp.hpp\n'}
[0.416637] (utils) StdoutLine: {'line': b'-- Up-to-date: /home/hisham/BFMC/Brain_DEI/brain/install/utils/include/utils/utils/msg/detail/conditions__rosidl_typesupport_introspection_cpp.hpp\n'}
[0.416689] (utils) StdoutLine: {'line': b'-- Up-to-date: /home/hisham/BFMC/Brain_DEI/brain/install/utils/include/utils/utils/msg/detail/topic_info__type_support.cpp\n'}
[0.416746] (utils) StdoutLine: {'line': b'-- Up-to-date: /home/hisham/BFMC/Brain_DEI/brain/install/utils/include/utils/utils/msg/detail/conditions__type_support.cpp\n'}
[0.416825] (utils) StdoutLine: {'line': b'-- Up-to-date: /home/hisham/BFMC/Brain_DEI/brain/install/utils/include/utils/utils/msg/detail/imu__rosidl_typesupport_introspection_cpp.hpp\n'}
[0.416889] (utils) StdoutLine: {'line': b'-- Up-to-date: /home/hisham/BFMC/Brain_DEI/brain/install/utils/include/utils/utils/msg/detail/environmental__rosidl_typesupport_introspection_cpp.hpp\n'}
[0.416944] (utils) StdoutLine: {'line': b'-- Up-to-date: /home/hisham/BFMC/Brain_DEI/brain/install/utils/include/utils/utils/msg/detail/trafficsignprediction__type_support.cpp\n'}
[0.416998] (utils) StdoutLine: {'line': b'-- Up-to-date: /home/hisham/BFMC/Brain_DEI/brain/install/utils/lib/libutils__rosidl_typesupport_introspection_cpp.so\n'}
[0.417062] (utils) StdoutLine: {'line': b'-- Up-to-date: /home/hisham/BFMC/Brain_DEI/brain/install/utils/lib/libutils__rosidl_typesupport_cpp.so\n'}
[0.417134] (utils) StdoutLine: {'line': b'-- Up-to-date: /home/hisham/BFMC/Brain_DEI/brain/install/utils/share/utils/environment/pythonpath.sh\n'}
[0.417186] (utils) StdoutLine: {'line': b'-- Up-to-date: /home/hisham/BFMC/Brain_DEI/brain/install/utils/share/utils/environment/pythonpath.dsv\n'}
[0.417238] (utils) StdoutLine: {'line': b'-- Up-to-date: /home/hisham/BFMC/Brain_DEI/brain/install/utils/lib/python3.12/site-packages/utils-0.0.0-py3.12.egg-info\n'}
[0.417289] (utils) StdoutLine: {'line': b'-- Installing: /home/hisham/BFMC/Brain_DEI/brain/install/utils/lib/python3.12/site-packages/utils-0.0.0-py3.12.egg-info/top_level.txt\n'}
[0.417341] (utils) StdoutLine: {'line': b'-- Installing: /home/hisham/BFMC/Brain_DEI/brain/install/utils/lib/python3.12/site-packages/utils-0.0.0-py3.12.egg-info/PKG-INFO\n'}
[0.417394] (utils) StdoutLine: {'line': b'-- Installing: /home/hisham/BFMC/Brain_DEI/brain/install/utils/lib/python3.12/site-packages/utils-0.0.0-py3.12.egg-info/SOURCES.txt\n'}
[0.417446] (utils) StdoutLine: {'line': b'-- Installing: /home/hisham/BFMC/Brain_DEI/brain/install/utils/lib/python3.12/site-packages/utils-0.0.0-py3.12.egg-info/dependency_links.txt\n'}
[0.417499] (utils) StdoutLine: {'line': b'-- Up-to-date: /home/hisham/BFMC/Brain_DEI/brain/install/utils/lib/python3.12/site-packages/utils\n'}
[0.417550] (utils) StdoutLine: {'line': b'-- Up-to-date: /home/hisham/BFMC/Brain_DEI/brain/install/utils/lib/python3.12/site-packages/utils/utils_s__rosidl_typesupport_c.so\n'}
[0.417603] (utils) StdoutLine: {'line': b'-- Up-to-date: /home/hisham/BFMC/Brain_DEI/brain/install/utils/lib/python3.12/site-packages/utils/__init__.py\n'}
[0.417655] (utils) StdoutLine: {'line': b'-- Up-to-date: /home/hisham/BFMC/Brain_DEI/brain/install/utils/lib/python3.12/site-packages/utils/srv\n'}
[0.417707] (utils) StdoutLine: {'line': b'-- Up-to-date: /home/hisham/BFMC/Brain_DEI/brain/install/utils/lib/python3.12/site-packages/utils/srv/_subscribing_s.c\n'}
[0.417758] (utils) StdoutLine: {'line': b'-- Up-to-date: /home/hisham/BFMC/Brain_DEI/brain/install/utils/lib/python3.12/site-packages/utils/srv/__init__.py\n'}
[0.417810] (utils) StdoutLine: {'line': b'-- Up-to-date: /home/hisham/BFMC/Brain_DEI/brain/install/utils/lib/python3.12/site-packages/utils/srv/_request_param_s.c\n'}
[0.417870] (utils) StdoutLine: {'line': b'-- Up-to-date: /home/hisham/BFMC/Brain_DEI/brain/install/utils/lib/python3.12/site-packages/utils/srv/_request_param.py\n'}
[0.417924] (utils) StdoutLine: {'line': b'-- Up-to-date: /home/hisham/BFMC/Brain_DEI/brain/install/utils/lib/python3.12/site-packages/utils/srv/_subscribing.py\n'}
[0.417976] (utils) StdoutLine: {'line': b'-- Up-to-date: /home/hisham/BFMC/Brain_DEI/brain/install/utils/lib/python3.12/site-packages/utils/msg\n'}
[0.418028] (utils) StdoutLine: {'line': b'-- Up-to-date: /home/hisham/BFMC/Brain_DEI/brain/install/utils/lib/python3.12/site-packages/utils/msg/_topic_info.py\n'}
[0.418132] (utils) StdoutLine: {'line': b'-- Up-to-date: /home/hisham/BFMC/Brain_DEI/brain/install/utils/lib/python3.12/site-packages/utils/msg/_semaphore_s.c\n'}
[0.418190] (utils) StdoutLine: {'line': b'-- Up-to-date: /home/hisham/BFMC/Brain_DEI/brain/install/utils/lib/python3.12/site-packages/utils/msg/__init__.py\n'}
[0.418245] (utils) StdoutLine: {'line': b'-- Up-to-date: /home/hisham/BFMC/Brain_DEI/brain/install/utils/lib/python3.12/site-packages/utils/msg/_vehicles_s.c\n'}
[0.418298] (utils) StdoutLine: {'line': b'-- Up-to-date: /home/hisham/BFMC/Brain_DEI/brain/install/utils/lib/python3.12/site-packages/utils/msg/_trafficsignprediction.py\n'}
[0.418349] (utils) StdoutLine: {'line': b'-- Up-to-date: /home/hisham/BFMC/Brain_DEI/brain/install/utils/lib/python3.12/site-packages/utils/msg/_environmental_s.c\n'}
[0.418402] (utils) StdoutLine: {'line': b'-- Up-to-date: /home/hisham/BFMC/Brain_DEI/brain/install/utils/lib/python3.12/site-packages/utils/msg/_conditions_s.c\n'}
[0.418454] (utils) StdoutLine: {'line': b'-- Up-to-date: /home/hisham/BFMC/Brain_DEI/brain/install/utils/lib/python3.12/site-packages/utils/msg/_log.py\n'}
[0.418506] (utils) StdoutLine: {'line': b'-- Up-to-date: /home/hisham/BFMC/Brain_DEI/brain/install/utils/lib/python3.12/site-packages/utils/msg/_localisation_s.c\n'}
[0.418558] (utils) StdoutLine: {'line': b'-- Up-to-date: /home/hisham/BFMC/Brain_DEI/brain/install/utils/lib/python3.12/site-packages/utils/msg/_environmental.py\n'}
[0.418611] (utils) StdoutLine: {'line': b'-- Up-to-date: /home/hisham/BFMC/Brain_DEI/brain/install/utils/lib/python3.12/site-packages/utils/msg/_conditions.py\n'}
[0.418662] (utils) StdoutLine: {'line': b'-- Up-to-date: /home/hisham/BFMC/Brain_DEI/brain/install/utils/lib/python3.12/site-packages/utils/msg/_semaphore.py\n'}
[0.418714] (utils) StdoutLine: {'line': b'-- Up-to-date: /home/hisham/BFMC/Brain_DEI/brain/install/utils/lib/python3.12/site-packages/utils/msg/_log_s.c\n'}
[0.418765] (utils) StdoutLine: {'line': b'-- Up-to-date: /home/hisham/BFMC/Brain_DEI/brain/install/utils/lib/python3.12/site-packages/utils/msg/_imu.py\n'}
[0.418816] (utils) StdoutLine: {'line': b'-- Up-to-date: /home/hisham/BFMC/Brain_DEI/brain/install/utils/lib/python3.12/site-packages/utils/msg/_vehicles.py\n'}
[0.418868] (utils) StdoutLine: {'line': b'-- Up-to-date: /home/hisham/BFMC/Brain_DEI/brain/install/utils/lib/python3.12/site-packages/utils/msg/_topic_info_s.c\n'}
[0.418920] (utils) StdoutLine: {'line': b'-- Up-to-date: /home/hisham/BFMC/Brain_DEI/brain/install/utils/lib/python3.12/site-packages/utils/msg/_imu_s.c\n'}
[0.418973] (utils) StdoutLine: {'line': b'-- Up-to-date: /home/hisham/BFMC/Brain_DEI/brain/install/utils/lib/python3.12/site-packages/utils/msg/_localisation.py\n'}
[0.419025] (utils) StdoutLine: {'line': b'-- Up-to-date: /home/hisham/BFMC/Brain_DEI/brain/install/utils/lib/python3.12/site-packages/utils/msg/_trafficsignprediction_s.c\n'}
[0.419085] (utils) StdoutLine: {'line': b'-- Up-to-date: /home/hisham/BFMC/Brain_DEI/brain/install/utils/lib/python3.12/site-packages/utils/utils_s__rosidl_typesupport_fastrtps_c.so\n'}
[0.419142] (utils) StdoutLine: {'line': b'-- Up-to-date: /home/hisham/BFMC/Brain_DEI/brain/install/utils/lib/python3.12/site-packages/utils/_utils_s.ep.rosidl_typesupport_fastrtps_c.c\n'}
[0.419194] (utils) StdoutLine: {'line': b'-- Up-to-date: /home/hisham/BFMC/Brain_DEI/brain/install/utils/lib/python3.12/site-packages/utils/_utils_s.ep.rosidl_typesupport_c.c\n'}
[0.419245] (utils) StdoutLine: {'line': b'-- Up-to-date: /home/hisham/BFMC/Brain_DEI/brain/install/utils/lib/python3.12/site-packages/utils/utils_s__rosidl_typesupport_introspection_c.so\n'}
[0.419295] (utils) StdoutLine: {'line': b'-- Up-to-date: /home/hisham/BFMC/Brain_DEI/brain/install/utils/lib/python3.12/site-packages/utils/_utils_s.ep.rosidl_typesupport_introspection_c.c\n'}
[0.435191] (utils) StdoutLine: {'line': b"Listing '/home/hisham/BFMC/Brain_DEI/brain/install/utils/lib/python3.12/site-packages/utils'...\n"}
[0.435302] (utils) StdoutLine: {'line': b"Listing '/home/hisham/BFMC/Brain_DEI/brain/install/utils/lib/python3.12/site-packages/utils/msg'...\n"}
[0.435366] (utils) StdoutLine: {'line': b"Listing '/home/hisham/BFMC/Brain_DEI/brain/install/utils/lib/python3.12/site-packages/utils/srv'...\n"}
[0.439025] (utils) StdoutLine: {'line': b'-- Up-to-date: /home/hisham/BFMC/Brain_DEI/brain/install/utils/lib/python3.12/site-packages/utils/utils_s__rosidl_typesupport_fastrtps_c.so\n'}
[0.439409] (utils) StdoutLine: {'line': b'-- Up-to-date: /home/hisham/BFMC/Brain_DEI/brain/install/utils/lib/python3.12/site-packages/utils/utils_s__rosidl_typesupport_introspection_c.so\n'}
[0.439692] (utils) StdoutLine: {'line': b'-- Up-to-date: /home/hisham/BFMC/Brain_DEI/brain/install/utils/lib/python3.12/site-packages/utils/utils_s__rosidl_typesupport_c.so\n'}
[0.439907] (utils) StdoutLine: {'line': b'-- Up-to-date: /home/hisham/BFMC/Brain_DEI/brain/install/utils/lib/libutils__rosidl_generator_py.so\n'}
[0.440015] (utils) StdoutLine: {'line': b'-- Up-to-date: /home/hisham/BFMC/Brain_DEI/brain/install/utils/share/utils/msg/IMU.idl\n'}
[0.440187] (utils) StdoutLine: {'line': b'-- Up-to-date: /home/hisham/BFMC/Brain_DEI/brain/install/utils/share/utils/msg/Localisation.idl\n'}
[0.440490] (utils) StdoutLine: {'line': b'-- Up-to-date: /home/hisham/BFMC/Brain_DEI/brain/install/utils/share/utils/msg/Vehicles.idl\n'}
[0.440562] (utils) StdoutLine: {'line': b'-- Up-to-date: /home/hisham/BFMC/Brain_DEI/brain/install/utils/share/utils/msg/Environmental.idl\n'}
[0.440657] (utils) StdoutLine: {'line': b'-- Up-to-date: /home/hisham/BFMC/Brain_DEI/brain/install/utils/share/utils/msg/Log.idl\n'}
[0.440719] (utils) StdoutLine: {'line': b'-- Up-to-date: /home/hisham/BFMC/Brain_DEI/brain/install/utils/share/utils/msg/TopicInfo.idl\n'}
[0.440778] (utils) StdoutLine: {'line': b'-- Up-to-date: /home/hisham/BFMC/Brain_DEI/brain/install/utils/share/utils/msg/Semaphore.idl\n'}
[0.440835] (utils) StdoutLine: {'line': b'-- Up-to-date: /home/hisham/BFMC/Brain_DEI/brain/install/utils/share/utils/msg/Conditions.idl\n'}
[0.440892] (utils) StdoutLine: {'line': b'-- Up-to-date: /home/hisham/BFMC/Brain_DEI/brain/install/utils/share/utils/msg/Trafficsignprediction.idl\n'}
[0.440949] (utils) StdoutLine: {'line': b'-- Up-to-date: /home/hisham/BFMC/Brain_DEI/brain/install/utils/share/utils/srv/Subscribing.idl\n'}
[0.441006] (utils) StdoutLine: {'line': b'-- Up-to-date: /home/hisham/BFMC/Brain_DEI/brain/install/utils/share/utils/srv/RequestParam.idl\n'}
[0.441148] (utils) StdoutLine: {'line': b'-- Up-to-date: /home/hisham/BFMC/Brain_DEI/brain/install/utils/share/utils/msg/IMU.msg\n'}
[0.441222] (utils) StdoutLine: {'line': b'-- Up-to-date: /home/hisham/BFMC/Brain_DEI/brain/install/utils/share/utils/msg/Localisation.msg\n'}
[0.441279] (utils) StdoutLine: {'line': b'-- Up-to-date: /home/hisham/BFMC/Brain_DEI/brain/install/utils/share/utils/msg/Vehicles.msg\n'}
[0.441336] (utils) StdoutLine: {'line': b'-- Up-to-date: /home/hisham/BFMC/Brain_DEI/brain/install/utils/share/utils/msg/Environmental.msg\n'}
[0.441391] (utils) StdoutLine: {'line': b'-- Up-to-date: /home/hisham/BFMC/Brain_DEI/brain/install/utils/share/utils/msg/Log.msg\n'}
[0.441469] (utils) StdoutLine: {'line': b'-- Up-to-date: /home/hisham/BFMC/Brain_DEI/brain/install/utils/share/utils/msg/TopicInfo.msg\n'}
[0.441540] (utils) StdoutLine: {'line': b'-- Up-to-date: /home/hisham/BFMC/Brain_DEI/brain/install/utils/share/utils/msg/Semaphore.msg\n'}
[0.441596] (utils) StdoutLine: {'line': b'-- Up-to-date: /home/hisham/BFMC/Brain_DEI/brain/install/utils/share/utils/msg/Conditions.msg\n'}
[0.441653] (utils) StdoutLine: {'line': b'-- Up-to-date: /home/hisham/BFMC/Brain_DEI/brain/install/utils/share/utils/msg/Trafficsignprediction.msg\n'}
[0.441710] (utils) StdoutLine: {'line': b'-- Up-to-date: /home/hisham/BFMC/Brain_DEI/brain/install/utils/share/utils/srv/Subscribing.srv\n'}
[0.441765] (utils) StdoutLine: {'line': b'-- Up-to-date: /home/hisham/BFMC/Brain_DEI/brain/install/utils/share/utils/srv/RequestParam.srv\n'}
[0.441822] (utils) StdoutLine: {'line': b'-- Up-to-date: /home/hisham/BFMC/Brain_DEI/brain/install/utils/share/utils/launch\n'}
[0.441903] (utils) StdoutLine: {'line': b'-- Up-to-date: /home/hisham/BFMC/Brain_DEI/brain/install/utils/share/utils/launch/run_automobile.launch.py\n'}
[0.441959] (utils) StdoutLine: {'line': b'-- Up-to-date: /home/hisham/BFMC/Brain_DEI/brain/install/utils/share/ament_index/resource_index/package_run_dependencies/utils\n'}
[0.442016] (utils) StdoutLine: {'line': b'-- Up-to-date: /home/hisham/BFMC/Brain_DEI/brain/install/utils/share/ament_index/resource_index/parent_prefix_path/utils\n'}
[0.442107] (utils) StdoutLine: {'line': b'-- Up-to-date: /home/hisham/BFMC/Brain_DEI/brain/install/utils/share/utils/environment/ament_prefix_path.sh\n'}
[0.442174] (utils) StdoutLine: {'line': b'-- Up-to-date: /home/hisham/BFMC/Brain_DEI/brain/install/utils/share/utils/environment/ament_prefix_path.dsv\n'}
[0.442229] (utils) StdoutLine: {'line': b'-- Up-to-date: /home/hisham/BFMC/Brain_DEI/brain/install/utils/share/utils/environment/path.sh\n'}
[0.442285] (utils) StdoutLine: {'line': b'-- Up-to-date: /home/hisham/BFMC/Brain_DEI/brain/install/utils/share/utils/environment/path.dsv\n'}
[0.442341] (utils) StdoutLine: {'line': b'-- Up-to-date: /home/hisham/BFMC/Brain_DEI/brain/install/utils/share/utils/local_setup.bash\n'}
[0.442397] (utils) StdoutLine: {'line': b'-- Up-to-date: /home/hisham/BFMC/Brain_DEI/brain/install/utils/share/utils/local_setup.sh\n'}
[0.442452] (utils) StdoutLine: {'line': b'-- Up-to-date: /home/hisham/BFMC/Brain_DEI/brain/install/utils/share/utils/local_setup.zsh\n'}
[0.442521] (utils) StdoutLine: {'line': b'-- Up-to-date: /home/hisham/BFMC/Brain_DEI/brain/install/utils/share/utils/local_setup.dsv\n'}
[0.442575] (utils) StdoutLine: {'line': b'-- Installing: /home/hisham/BFMC/Brain_DEI/brain/install/utils/share/utils/package.dsv\n'}
[0.442629] (utils) StdoutLine: {'line': b'-- Up-to-date: /home/hisham/BFMC/Brain_DEI/brain/install/utils/share/ament_index/resource_index/packages/utils\n'}
[0.442683] (utils) StdoutLine: {'line': b'-- Up-to-date: /home/hisham/BFMC/Brain_DEI/brain/install/utils/share/utils/cmake/export_utils__rosidl_generator_cExport.cmake\n'}
[0.442738] (utils) StdoutLine: {'line': b'-- Up-to-date: /home/hisham/BFMC/Brain_DEI/brain/install/utils/share/utils/cmake/export_utils__rosidl_generator_cExport-noconfig.cmake\n'}
[0.442792] (utils) StdoutLine: {'line': b'-- Up-to-date: /home/hisham/BFMC/Brain_DEI/brain/install/utils/share/utils/cmake/export_utils__rosidl_typesupport_fastrtps_cExport.cmake\n'}
[0.442847] (utils) StdoutLine: {'line': b'-- Up-to-date: /home/hisham/BFMC/Brain_DEI/brain/install/utils/share/utils/cmake/export_utils__rosidl_typesupport_fastrtps_cExport-noconfig.cmake\n'}
[0.442901] (utils) StdoutLine: {'line': b'-- Up-to-date: /home/hisham/BFMC/Brain_DEI/brain/install/utils/share/utils/cmake/utils__rosidl_typesupport_introspection_cExport.cmake\n'}
[0.442995] (utils) StdoutLine: {'line': b'-- Up-to-date: /home/hisham/BFMC/Brain_DEI/brain/install/utils/share/utils/cmake/utils__rosidl_typesupport_introspection_cExport-noconfig.cmake\n'}
[0.443096] (utils) StdoutLine: {'line': b'-- Up-to-date: /home/hisham/BFMC/Brain_DEI/brain/install/utils/share/utils/cmake/utils__rosidl_typesupport_cExport.cmake\n'}
[0.443182] (utils) StdoutLine: {'line': b'-- Up-to-date: /home/hisham/BFMC/Brain_DEI/brain/install/utils/share/utils/cmake/utils__rosidl_typesupport_cExport-noconfig.cmake\n'}
[0.443233] (utils) StdoutLine: {'line': b'-- Up-to-date: /home/hisham/BFMC/Brain_DEI/brain/install/utils/share/utils/cmake/export_utils__rosidl_generator_cppExport.cmake\n'}
[0.443285] (utils) StdoutLine: {'line': b'-- Up-to-date: /home/hisham/BFMC/Brain_DEI/brain/install/utils/share/utils/cmake/export_utils__rosidl_typesupport_fastrtps_cppExport.cmake\n'}
[0.443336] (utils) StdoutLine: {'line': b'-- Up-to-date: /home/hisham/BFMC/Brain_DEI/brain/install/utils/share/utils/cmake/export_utils__rosidl_typesupport_fastrtps_cppExport-noconfig.cmake\n'}
[0.443386] (utils) StdoutLine: {'line': b'-- Up-to-date: /home/hisham/BFMC/Brain_DEI/brain/install/utils/share/utils/cmake/utils__rosidl_typesupport_introspection_cppExport.cmake\n'}
[0.443441] (utils) StdoutLine: {'line': b'-- Up-to-date: /home/hisham/BFMC/Brain_DEI/brain/install/utils/share/utils/cmake/utils__rosidl_typesupport_introspection_cppExport-noconfig.cmake\n'}
[0.443492] (utils) StdoutLine: {'line': b'-- Up-to-date: /home/hisham/BFMC/Brain_DEI/brain/install/utils/share/utils/cmake/utils__rosidl_typesupport_cppExport.cmake\n'}
[0.443543] (utils) StdoutLine: {'line': b'-- Up-to-date: /home/hisham/BFMC/Brain_DEI/brain/install/utils/share/utils/cmake/utils__rosidl_typesupport_cppExport-noconfig.cmake\n'}
[0.443593] (utils) StdoutLine: {'line': b'-- Up-to-date: /home/hisham/BFMC/Brain_DEI/brain/install/utils/share/utils/cmake/export_utils__rosidl_generator_pyExport.cmake\n'}
[0.443644] (utils) StdoutLine: {'line': b'-- Up-to-date: /home/hisham/BFMC/Brain_DEI/brain/install/utils/share/utils/cmake/export_utils__rosidl_generator_pyExport-noconfig.cmake\n'}
[0.443695] (utils) StdoutLine: {'line': b'-- Up-to-date: /home/hisham/BFMC/Brain_DEI/brain/install/utils/share/utils/cmake/rosidl_cmake-extras.cmake\n'}
[0.443746] (utils) StdoutLine: {'line': b'-- Up-to-date: /home/hisham/BFMC/Brain_DEI/brain/install/utils/share/utils/cmake/ament_cmake_export_dependencies-extras.cmake\n'}
[0.443798] (utils) StdoutLine: {'line': b'-- Up-to-date: /home/hisham/BFMC/Brain_DEI/brain/install/utils/share/utils/cmake/ament_cmake_export_include_directories-extras.cmake\n'}
[0.443854] (utils) StdoutLine: {'line': b'-- Up-to-date: /home/hisham/BFMC/Brain_DEI/brain/install/utils/share/utils/cmake/ament_cmake_export_libraries-extras.cmake\n'}
[0.443926] (utils) StdoutLine: {'line': b'-- Up-to-date: /home/hisham/BFMC/Brain_DEI/brain/install/utils/share/utils/cmake/ament_cmake_export_targets-extras.cmake\n'}
[0.443996] (utils) StdoutLine: {'line': b'-- Up-to-date: /home/hisham/BFMC/Brain_DEI/brain/install/utils/share/utils/cmake/rosidl_cmake_export_typesupport_targets-extras.cmake\n'}
[0.444145] (utils) StdoutLine: {'line': b'-- Up-to-date: /home/hisham/BFMC/Brain_DEI/brain/install/utils/share/utils/cmake/rosidl_cmake_export_typesupport_libraries-extras.cmake\n'}
[0.444231] (utils) StdoutLine: {'line': b'-- Up-to-date: /home/hisham/BFMC/Brain_DEI/brain/install/utils/share/utils/cmake/utilsConfig.cmake\n'}
[0.444299] (utils) StdoutLine: {'line': b'-- Up-to-date: /home/hisham/BFMC/Brain_DEI/brain/install/utils/share/utils/cmake/utilsConfig-version.cmake\n'}
[0.444367] (utils) StdoutLine: {'line': b'-- Up-to-date: /home/hisham/BFMC/Brain_DEI/brain/install/utils/share/utils/package.xml\n'}
[0.444809] (utils) CommandEnded: {'returncode': 0}
[0.461503] (utils) JobEnded: {'identifier': 'utils', 'rc': 0}
[0.462109] (input) JobStarted: {'identifier': 'input'}
[0.465852] (output) JobStarted: {'identifier': 'output'}
[0.470926] (unix_out) JobStarted: {'identifier': 'unix_out'}
[0.500233] (-) TimerEvent: {}
[0.600412] (-) TimerEvent: {}
[0.700587] (-) TimerEvent: {}
[0.800810] (-) TimerEvent: {}
[0.901004] (-) TimerEvent: {}
[1.001216] (-) TimerEvent: {}
[1.101396] (-) TimerEvent: {}
[1.201592] (-) TimerEvent: {}
[1.301807] (-) TimerEvent: {}
[1.401991] (-) TimerEvent: {}
[1.502217] (-) TimerEvent: {}
[1.602430] (-) TimerEvent: {}
[1.680170] (output) Command: {'cmd': ['/usr/bin/python3', '-W', 'ignore:setup.py install is deprecated', '-W', 'ignore:easy_install command is deprecated', 'setup.py', 'egg_info', '--egg-base', '../../../build/output', 'build', '--build-base', '/home/hisham/BFMC/Brain_DEI/brain/build/output/build', 'install', '--record', '/home/hisham/BFMC/Brain_DEI/brain/build/output/install.log', '--single-version-externally-managed', 'install_data'], 'cwd': '/home/hisham/BFMC/Brain_DEI/brain/src/smart/output', 'env': {'LESSOPEN': '| /usr/bin/lesspipe %s', 'GZ_SIM_RESOURCE_PATH': '/opt/ros/jazzy/share', 'USER': 'hisham', 'GZ_CONFIG_PATH': '/opt/ros/jazzy/opt/gz_sim_vendor/share/gz:/opt/ros/jazzy/opt/sdformat_vendor/share/gz:/opt/ros/jazzy/opt/gz_gui_vendor/share/gz:/opt/ros/jazzy/opt/gz_transport_vendor/share/gz:/opt/ros/jazzy/opt/gz_rendering_vendor/share/gz:/opt/ros/jazzy/opt/gz_plugin_vendor/share/gz:/opt/ros/jazzy/opt/gz_fuel_tools_vendor/share/gz:/opt/ros/jazzy/opt/gz_msgs_vendor/share/gz:/opt/ros/jazzy/opt/gz_common_vendor/share/gz', 'XDG_SESSION_TYPE': 'x11', 'STM32CubeMX_PATH': '/home/hisham/STM32CubeMX', 'SHLVL': '1', 'LD_LIBRARY_PATH': '/home/hisham/BFMC/Brain_DEI/brain/install/utils/lib:/opt/ros/jazzy/opt/zenoh_cpp_vendor/lib:/opt/ros/jazzy/opt/gz_sim_vendor/lib:/opt/ros/jazzy/opt/gz_sensors_vendor/lib:/opt/ros/jazzy/opt/gz_physics_vendor/lib:/opt/ros/jazzy/opt/sdformat_vendor/lib:/opt/ros/jazzy/opt/rviz_ogre_vendor/lib:/opt/ros/jazzy/lib/x86_64-linux-gnu:/opt/ros/jazzy/opt/gz_gui_vendor/lib:/opt/ros/jazzy/opt/gz_transport_vendor/lib:/opt/ros/jazzy/opt/gz_rendering_vendor/lib:/opt/ros/jazzy/opt/gz_plugin_vendor/lib:/opt/ros/jazzy/opt/gz_fuel_tools_vendor/lib:/opt/ros/jazzy/opt/gz_msgs_vendor/lib:/opt/ros/jazzy/opt/gz_common_vendor/lib:/opt/ros/jazzy/opt/gz_math_vendor/lib:/opt/ros/jazzy/opt/gz_utils_vendor/lib:/opt/ros/jazzy/opt/gz_tools_vendor/lib:/opt/ros/jazzy/opt/gz_ogre_next_vendor/lib:/opt/ros/jazzy/opt/gz_dartsim_vendor/lib:/opt/ros/jazzy/opt/gz_cmake_vendor/lib:/opt/ros/jazzy/lib:/home/hisham/acados_ws/acados/lib', 'HOME': '/home/hisham', 'OLDPWD': '/home/hisham/BFMC/Brain_DEI/brain/src', 'DESKTOP_SESSION': 'ubuntu', 'ROS_PYTHON_VERSION': '3', 'GNOME_SHELL_SESSION_MODE': 'ubuntu', 'GTK_MODULES': 'gail:atk-bridge', 'DBUS_STARTER_BUS_TYPE': 'session', 'SYSTEMD_EXEC_PID': '3010', 'GSM_SKIP_SSH_AGENT_WORKAROUND': 'true', 'DBUS_SESSION_BUS_ADDRESS': 'unix:path=/run/user/1000/bus,guid=34fd7da4f4a81523c877782769f1285b', 'COLORTERM': 'truecolor', 'DEBUGINFOD_URLS': 'https://debuginfod.ubuntu.com', 'ROS_DISTRO': 'jazzy', 'LOGNAME': 'hisham', '_': '/usr/bin/colcon', 'ROS_VERSION': '2', 'MEMORY_PRESSURE_WATCH': '/sys/fs/cgroup/user.slice/user-1000.slice/user@1000.service/app.slice/app-gnome\\x2dsession\\x2dmanager.slice/gnome-session-manager@ubuntu.service/memory.pressure', 'XDG_SESSION_CLASS': 'user', 'USERNAME': 'hisham', 'TERM': 'xterm-256color', 'GNOME_DESKTOP_SESSION_ID': 'this-is-deprecated', 'WINDOWPATH': '2', 'PATH': '/opt/ros/jazzy/opt/gz_msgs_vendor/bin:/opt/ros/jazzy/opt/gz_tools_vendor/bin:/opt/ros/jazzy/opt/gz_ogre_next_vendor/bin:/opt/ros/jazzy/bin:/home/hisham/miniconda3/bin:/home/hisham/.local/bin:/usr/local/sbin:/usr/local/bin:/usr/sbin:/usr/bin:/sbin:/bin:/usr/games:/usr/local/games:/snap/bin:/snap/bin', 'SESSION_MANAGER': 'local/hisham-IdeaPad-Gaming-3-15IMH05:@/tmp/.ICE-unix/3010,unix/hisham-IdeaPad-Gaming-3-15IMH05:/tmp/.ICE-unix/3010', 'XDG_MENU_PREFIX': 'gnome-', 'GNOME_TERMINAL_SCREEN': '/org/gnome/Terminal/screen/c586efb5_83b2_434f_b111_c2ff7e38a2bf', 'XDG_RUNTIME_DIR': '/run/user/1000', 'DISPLAY': ':1', 'LANG': 'en_US.UTF-8', 'XDG_CURRENT_DESKTOP': 'ubuntu:GNOME', 'XMODIFIERS': '@im=ibus', 'XDG_SESSION_DESKTOP': 'ubuntu', 'XAUTHORITY': '/run/user/1000/gdm/Xauthority', 'LS_COLORS': 'rs=0:di=01;34:ln=01;36:mh=00:pi=40;33:so=01;35:do=01;35:bd=40;33;01:cd=40;33;01:or=40;31;01:mi=00:su=37;41:sg=30;43:ca=00:tw=30;42:ow=34;42:st=37;44:ex=01;32:*.tar=01;31:*.tgz=01;31:*.arc=01;31:*.arj=01;31:*.taz=01;31:*.lha=01;31:*.lz4=01;31:*.lzh=01;31:*.lzma=01;31:*.tlz=01;31:*.txz=01;31:*.tzo=01;31:*.t7z=01;31:*.zip=01;31:*.z=01;31:*.dz=01;31:*.gz=01;31:*.lrz=01;31:*.lz=01;31:*.lzo=01;31:*.xz=01;31:*.zst=01;31:*.tzst=01;31:*.bz2=01;31:*.bz=01;31:*.tbz=01;31:*.tbz2=01;31:*.tz=01;31:*.deb=01;31:*.rpm=01;31:*.jar=01;31:*.war=01;31:*.ear=01;31:*.sar=01;31:*.rar=01;31:*.alz=01;31:*.ace=01;31:*.zoo=01;31:*.cpio=01;31:*.7z=01;31:*.rz=01;31:*.cab=01;31:*.wim=01;31:*.swm=01;31:*.dwm=01;31:*.esd=01;31:*.avif=01;35:*.jpg=01;35:*.jpeg=01;35:*.mjpg=01;35:*.mjpeg=01;35:*.gif=01;35:*.bmp=01;35:*.pbm=01;35:*.pgm=01;35:*.ppm=01;35:*.tga=01;35:*.xbm=01;35:*.xpm=01;35:*.tif=01;35:*.tiff=01;35:*.png=01;35:*.svg=01;35:*.svgz=01;35:*.mng=01;35:*.pcx=01;35:*.mov=01;35:*.mpg=01;35:*.mpeg=01;35:*.m2v=01;35:*.mkv=01;35:*.webm=01;35:*.webp=01;35:*.ogm=01;35:*.mp4=01;35:*.m4v=01;35:*.mp4v=01;35:*.vob=01;35:*.qt=01;35:*.nuv=01;35:*.wmv=01;35:*.asf=01;35:*.rm=01;35:*.rmvb=01;35:*.flc=01;35:*.avi=01;35:*.fli=01;35:*.flv=01;35:*.gl=01;35:*.dl=01;35:*.xcf=01;35:*.xwd=01;35:*.yuv=01;35:*.cgm=01;35:*.emf=01;35:*.ogv=01;35:*.ogx=01;35:*.aac=00;36:*.au=00;36:*.flac=00;36:*.m4a=00;36:*.mid=00;36:*.midi=00;36:*.mka=00;36:*.mp3=00;36:*.mpc=00;36:*.ogg=00;36:*.ra=00;36:*.wav=00;36:*.oga=00;36:*.opus=00;36:*.spx=00;36:*.xspf=00;36:*~=00;90:*#=00;90:*.bak=00;90:*.crdownload=00;90:*.dpkg-dist=00;90:*.dpkg-new=00;90:*.dpkg-old=00;90:*.dpkg-tmp=00;90:*.old=00;90:*.orig=00;90:*.part=00;90:*.rej=00;90:*.rpmnew=00;90:*.rpmorig=00;90:*.rpmsave=00;90:*.swp=00;90:*.tmp=00;90:*.ucf-dist=00;90:*.ucf-new=00;90:*.ucf-old=00;90:', 'GNOME_TERMINAL_SERVICE': ':1.169', 'SSH_AUTH_SOCK': '/run/user/1000/keyring/ssh', 'AMENT_PREFIX_PATH': '/home/hisham/BFMC/Brain_DEI/brain/install/utils:/opt/ros/jazzy', 'SHELL': '/bin/bash', 'QT_ACCESSIBILITY': '1', 'GDMSESSION': 'ubuntu', 'LESSCLOSE': '/usr/bin/lesspipe %s %s', 'GPG_AGENT_INFO': '/run/user/1000/gnupg/S.gpg-agent:0:1', 'ROS_AUTOMATIC_DISCOVERY_RANGE': 'SUBNET', 'QT_IM_MODULE': 'ibus', 'PWD': '/home/hisham/BFMC/Brain_DEI/brain/build/output', 'XDG_CONFIG_DIRS': '/etc/xdg/xdg-ubuntu:/etc/xdg', 'DBUS_STARTER_ADDRESS': 'unix:path=/run/user/1000/bus,guid=34fd7da4f4a81523c877782769f1285b', 'XDG_DATA_DIRS': '/usr/share/ubuntu:/usr/share/gnome:/usr/local/share/:/usr/share/:/var/lib/snapd/desktop', 'PYTHONPATH': '/home/hisham/BFMC/Brain_DEI/brain/build/output/prefix_override:/usr/lib/python3/dist-packages/colcon_core/task/python/colcon_distutils_commands:/home/hisham/BFMC/Brain_DEI/brain/install/output/lib/python3.12/site-packages:/home/hisham/BFMC/Brain_DEI/brain/install/utils/lib/python3.12/site-packages:/opt/ros/jazzy/lib/python3.12/site-packages', 'COLCON': '1', 'MEMORY_PRESSURE_WRITE': 'c29tZSAyMDAwMDAgMjAwMDAwMAA=', 'VTE_VERSION': '7600', 'CMAKE_PREFIX_PATH': '/home/hisham/BFMC/Brain_DEI/brain/install/utils:/opt/ros/jazzy/opt/gz_sim_vendor:/opt/ros/jazzy/opt/gz_sensors_vendor:/opt/ros/jazzy/opt/gz_physics_vendor:/opt/ros/jazzy/opt/sdformat_vendor:/opt/ros/jazzy/opt/gz_gui_vendor:/opt/ros/jazzy/opt/gz_transport_vendor:/opt/ros/jazzy/opt/gz_rendering_vendor:/opt/ros/jazzy/opt/gz_plugin_vendor:/opt/ros/jazzy/opt/gz_fuel_tools_vendor:/opt/ros/jazzy/opt/gz_msgs_vendor:/opt/ros/jazzy/opt/gz_common_vendor:/opt/ros/jazzy/opt/gz_math_vendor:/opt/ros/jazzy/opt/gz_utils_vendor:/opt/ros/jazzy/opt/gz_tools_vendor:/opt/ros/jazzy/opt/gz_ogre_next_vendor:/opt/ros/jazzy/opt/gz_dartsim_vendor:/opt/ros/jazzy/opt/gz_cmake_vendor'}, 'shell': False}
[1.691493] (input) Command: {'cmd': ['/usr/bin/python3', '-W', 'ignore:setup.py install is deprecated', '-W', 'ignore:easy_install command is deprecated', 'setup.py', 'egg_info', '--egg-base', '../../build/input', 'build', '--build-base', '/home/hisham/BFMC/Brain_DEI/brain/build/input/build', 'install', '--record', '/home/hisham/BFMC/Brain_DEI/brain/build/input/install.log', '--single-version-externally-managed', 'install_data'], 'cwd': '/home/hisham/BFMC/Brain_DEI/brain/src/input', 'env': {'LESSOPEN': '| /usr/bin/lesspipe %s', 'GZ_SIM_RESOURCE_PATH': '/opt/ros/jazzy/share', 'USER': 'hisham', 'GZ_CONFIG_PATH': '/opt/ros/jazzy/opt/gz_sim_vendor/share/gz:/opt/ros/jazzy/opt/sdformat_vendor/share/gz:/opt/ros/jazzy/opt/gz_gui_vendor/share/gz:/opt/ros/jazzy/opt/gz_transport_vendor/share/gz:/opt/ros/jazzy/opt/gz_rendering_vendor/share/gz:/opt/ros/jazzy/opt/gz_plugin_vendor/share/gz:/opt/ros/jazzy/opt/gz_fuel_tools_vendor/share/gz:/opt/ros/jazzy/opt/gz_msgs_vendor/share/gz:/opt/ros/jazzy/opt/gz_common_vendor/share/gz', 'XDG_SESSION_TYPE': 'x11', 'STM32CubeMX_PATH': '/home/hisham/STM32CubeMX', 'SHLVL': '1', 'LD_LIBRARY_PATH': '/home/hisham/BFMC/Brain_DEI/brain/install/utils/lib:/opt/ros/jazzy/opt/zenoh_cpp_vendor/lib:/opt/ros/jazzy/opt/gz_sim_vendor/lib:/opt/ros/jazzy/opt/gz_sensors_vendor/lib:/opt/ros/jazzy/opt/gz_physics_vendor/lib:/opt/ros/jazzy/opt/sdformat_vendor/lib:/opt/ros/jazzy/opt/rviz_ogre_vendor/lib:/opt/ros/jazzy/lib/x86_64-linux-gnu:/opt/ros/jazzy/opt/gz_gui_vendor/lib:/opt/ros/jazzy/opt/gz_transport_vendor/lib:/opt/ros/jazzy/opt/gz_rendering_vendor/lib:/opt/ros/jazzy/opt/gz_plugin_vendor/lib:/opt/ros/jazzy/opt/gz_fuel_tools_vendor/lib:/opt/ros/jazzy/opt/gz_msgs_vendor/lib:/opt/ros/jazzy/opt/gz_common_vendor/lib:/opt/ros/jazzy/opt/gz_math_vendor/lib:/opt/ros/jazzy/opt/gz_utils_vendor/lib:/opt/ros/jazzy/opt/gz_tools_vendor/lib:/opt/ros/jazzy/opt/gz_ogre_next_vendor/lib:/opt/ros/jazzy/opt/gz_dartsim_vendor/lib:/opt/ros/jazzy/opt/gz_cmake_vendor/lib:/opt/ros/jazzy/lib:/home/hisham/acados_ws/acados/lib', 'HOME': '/home/hisham', 'OLDPWD': '/home/hisham/BFMC/Brain_DEI/brain/src', 'DESKTOP_SESSION': 'ubuntu', 'ROS_PYTHON_VERSION': '3', 'GNOME_SHELL_SESSION_MODE': 'ubuntu', 'GTK_MODULES': 'gail:atk-bridge', 'DBUS_STARTER_BUS_TYPE': 'session', 'SYSTEMD_EXEC_PID': '3010', 'GSM_SKIP_SSH_AGENT_WORKAROUND': 'true', 'DBUS_SESSION_BUS_ADDRESS': 'unix:path=/run/user/1000/bus,guid=34fd7da4f4a81523c877782769f1285b', 'COLORTERM': 'truecolor', 'DEBUGINFOD_URLS': 'https://debuginfod.ubuntu.com', 'ROS_DISTRO': 'jazzy', 'LOGNAME': 'hisham', '_': '/usr/bin/colcon', 'ROS_VERSION': '2', 'MEMORY_PRESSURE_WATCH': '/sys/fs/cgroup/user.slice/user-1000.slice/user@1000.service/app.slice/app-gnome\\x2dsession\\x2dmanager.slice/gnome-session-manager@ubuntu.service/memory.pressure', 'XDG_SESSION_CLASS': 'user', 'USERNAME': 'hisham', 'TERM': 'xterm-256color', 'GNOME_DESKTOP_SESSION_ID': 'this-is-deprecated', 'WINDOWPATH': '2', 'PATH': '/opt/ros/jazzy/opt/gz_msgs_vendor/bin:/opt/ros/jazzy/opt/gz_tools_vendor/bin:/opt/ros/jazzy/opt/gz_ogre_next_vendor/bin:/opt/ros/jazzy/bin:/home/hisham/miniconda3/bin:/home/hisham/.local/bin:/usr/local/sbin:/usr/local/bin:/usr/sbin:/usr/bin:/sbin:/bin:/usr/games:/usr/local/games:/snap/bin:/snap/bin', 'SESSION_MANAGER': 'local/hisham-IdeaPad-Gaming-3-15IMH05:@/tmp/.ICE-unix/3010,unix/hisham-IdeaPad-Gaming-3-15IMH05:/tmp/.ICE-unix/3010', 'XDG_MENU_PREFIX': 'gnome-', 'GNOME_TERMINAL_SCREEN': '/org/gnome/Terminal/screen/c586efb5_83b2_434f_b111_c2ff7e38a2bf', 'XDG_RUNTIME_DIR': '/run/user/1000', 'DISPLAY': ':1', 'LANG': 'en_US.UTF-8', 'XDG_CURRENT_DESKTOP': 'ubuntu:GNOME', 'XMODIFIERS': '@im=ibus', 'XDG_SESSION_DESKTOP': 'ubuntu', 'XAUTHORITY': '/run/user/1000/gdm/Xauthority', 'LS_COLORS': 'rs=0:di=01;34:ln=01;36:mh=00:pi=40;33:so=01;35:do=01;35:bd=40;33;01:cd=40;33;01:or=40;31;01:mi=00:su=37;41:sg=30;43:ca=00:tw=30;42:ow=34;42:st=37;44:ex=01;32:*.tar=01;31:*.tgz=01;31:*.arc=01;31:*.arj=01;31:*.taz=01;31:*.lha=01;31:*.lz4=01;31:*.lzh=01;31:*.lzma=01;31:*.tlz=01;31:*.txz=01;31:*.tzo=01;31:*.t7z=01;31:*.zip=01;31:*.z=01;31:*.dz=01;31:*.gz=01;31:*.lrz=01;31:*.lz=01;31:*.lzo=01;31:*.xz=01;31:*.zst=01;31:*.tzst=01;31:*.bz2=01;31:*.bz=01;31:*.tbz=01;31:*.tbz2=01;31:*.tz=01;31:*.deb=01;31:*.rpm=01;31:*.jar=01;31:*.war=01;31:*.ear=01;31:*.sar=01;31:*.rar=01;31:*.alz=01;31:*.ace=01;31:*.zoo=01;31:*.cpio=01;31:*.7z=01;31:*.rz=01;31:*.cab=01;31:*.wim=01;31:*.swm=01;31:*.dwm=01;31:*.esd=01;31:*.avif=01;35:*.jpg=01;35:*.jpeg=01;35:*.mjpg=01;35:*.mjpeg=01;35:*.gif=01;35:*.bmp=01;35:*.pbm=01;35:*.pgm=01;35:*.ppm=01;35:*.tga=01;35:*.xbm=01;35:*.xpm=01;35:*.tif=01;35:*.tiff=01;35:*.png=01;35:*.svg=01;35:*.svgz=01;35:*.mng=01;35:*.pcx=01;35:*.mov=01;35:*.mpg=01;35:*.mpeg=01;35:*.m2v=01;35:*.mkv=01;35:*.webm=01;35:*.webp=01;35:*.ogm=01;35:*.mp4=01;35:*.m4v=01;35:*.mp4v=01;35:*.vob=01;35:*.qt=01;35:*.nuv=01;35:*.wmv=01;35:*.asf=01;35:*.rm=01;35:*.rmvb=01;35:*.flc=01;35:*.avi=01;35:*.fli=01;35:*.flv=01;35:*.gl=01;35:*.dl=01;35:*.xcf=01;35:*.xwd=01;35:*.yuv=01;35:*.cgm=01;35:*.emf=01;35:*.ogv=01;35:*.ogx=01;35:*.aac=00;36:*.au=00;36:*.flac=00;36:*.m4a=00;36:*.mid=00;36:*.midi=00;36:*.mka=00;36:*.mp3=00;36:*.mpc=00;36:*.ogg=00;36:*.ra=00;36:*.wav=00;36:*.oga=00;36:*.opus=00;36:*.spx=00;36:*.xspf=00;36:*~=00;90:*#=00;90:*.bak=00;90:*.crdownload=00;90:*.dpkg-dist=00;90:*.dpkg-new=00;90:*.dpkg-old=00;90:*.dpkg-tmp=00;90:*.old=00;90:*.orig=00;90:*.part=00;90:*.rej=00;90:*.rpmnew=00;90:*.rpmorig=00;90:*.rpmsave=00;90:*.swp=00;90:*.tmp=00;90:*.ucf-dist=00;90:*.ucf-new=00;90:*.ucf-old=00;90:', 'GNOME_TERMINAL_SERVICE': ':1.169', 'SSH_AUTH_SOCK': '/run/user/1000/keyring/ssh', 'AMENT_PREFIX_PATH': '/home/hisham/BFMC/Brain_DEI/brain/install/utils:/opt/ros/jazzy', 'SHELL': '/bin/bash', 'QT_ACCESSIBILITY': '1', 'GDMSESSION': 'ubuntu', 'LESSCLOSE': '/usr/bin/lesspipe %s %s', 'GPG_AGENT_INFO': '/run/user/1000/gnupg/S.gpg-agent:0:1', 'ROS_AUTOMATIC_DISCOVERY_RANGE': 'SUBNET', 'QT_IM_MODULE': 'ibus', 'PWD': '/home/hisham/BFMC/Brain_DEI/brain/build/input', 'XDG_CONFIG_DIRS': '/etc/xdg/xdg-ubuntu:/etc/xdg', 'DBUS_STARTER_ADDRESS': 'unix:path=/run/user/1000/bus,guid=34fd7da4f4a81523c877782769f1285b', 'XDG_DATA_DIRS': '/usr/share/ubuntu:/usr/share/gnome:/usr/local/share/:/usr/share/:/var/lib/snapd/desktop', 'PYTHONPATH': '/home/hisham/BFMC/Brain_DEI/brain/build/input/prefix_override:/usr/lib/python3/dist-packages/colcon_core/task/python/colcon_distutils_commands:/home/hisham/BFMC/Brain_DEI/brain/install/input/lib/python3.12/site-packages:/home/hisham/BFMC/Brain_DEI/brain/install/utils/lib/python3.12/site-packages:/opt/ros/jazzy/lib/python3.12/site-packages', 'COLCON': '1', 'MEMORY_PRESSURE_WRITE': 'c29tZSAyMDAwMDAgMjAwMDAwMAA=', 'VTE_VERSION': '7600', 'CMAKE_PREFIX_PATH': '/home/hisham/BFMC/Brain_DEI/brain/install/utils:/opt/ros/jazzy/opt/gz_sim_vendor:/opt/ros/jazzy/opt/gz_sensors_vendor:/opt/ros/jazzy/opt/gz_physics_vendor:/opt/ros/jazzy/opt/sdformat_vendor:/opt/ros/jazzy/opt/gz_gui_vendor:/opt/ros/jazzy/opt/gz_transport_vendor:/opt/ros/jazzy/opt/gz_rendering_vendor:/opt/ros/jazzy/opt/gz_plugin_vendor:/opt/ros/jazzy/opt/gz_fuel_tools_vendor:/opt/ros/jazzy/opt/gz_msgs_vendor:/opt/ros/jazzy/opt/gz_common_vendor:/opt/ros/jazzy/opt/gz_math_vendor:/opt/ros/jazzy/opt/gz_utils_vendor:/opt/ros/jazzy/opt/gz_tools_vendor:/opt/ros/jazzy/opt/gz_ogre_next_vendor:/opt/ros/jazzy/opt/gz_dartsim_vendor:/opt/ros/jazzy/opt/gz_cmake_vendor'}, 'shell': False}
[1.699275] (unix_out) Command: {'cmd': ['/usr/bin/python3', '-W', 'ignore:setup.py install is deprecated', '-W', 'ignore:easy_install command is deprecated', 'setup.py', 'egg_info', '--egg-base', '../../build/unix_out', 'build', '--build-base', '/home/hisham/BFMC/Brain_DEI/brain/build/unix_out/build', 'install', '--record', '/home/hisham/BFMC/Brain_DEI/brain/build/unix_out/install.log', '--single-version-externally-managed', 'install_data'], 'cwd': '/home/hisham/BFMC/Brain_DEI/brain/src/unix_out', 'env': {'LESSOPEN': '| /usr/bin/lesspipe %s', 'GZ_SIM_RESOURCE_PATH': '/opt/ros/jazzy/share', 'USER': 'hisham', 'GZ_CONFIG_PATH': '/opt/ros/jazzy/opt/gz_sim_vendor/share/gz:/opt/ros/jazzy/opt/sdformat_vendor/share/gz:/opt/ros/jazzy/opt/gz_gui_vendor/share/gz:/opt/ros/jazzy/opt/gz_transport_vendor/share/gz:/opt/ros/jazzy/opt/gz_rendering_vendor/share/gz:/opt/ros/jazzy/opt/gz_plugin_vendor/share/gz:/opt/ros/jazzy/opt/gz_fuel_tools_vendor/share/gz:/opt/ros/jazzy/opt/gz_msgs_vendor/share/gz:/opt/ros/jazzy/opt/gz_common_vendor/share/gz', 'XDG_SESSION_TYPE': 'x11', 'STM32CubeMX_PATH': '/home/hisham/STM32CubeMX', 'SHLVL': '1', 'LD_LIBRARY_PATH': '/home/hisham/BFMC/Brain_DEI/brain/install/utils/lib:/opt/ros/jazzy/opt/zenoh_cpp_vendor/lib:/opt/ros/jazzy/opt/gz_sim_vendor/lib:/opt/ros/jazzy/opt/gz_sensors_vendor/lib:/opt/ros/jazzy/opt/gz_physics_vendor/lib:/opt/ros/jazzy/opt/sdformat_vendor/lib:/opt/ros/jazzy/opt/rviz_ogre_vendor/lib:/opt/ros/jazzy/lib/x86_64-linux-gnu:/opt/ros/jazzy/opt/gz_gui_vendor/lib:/opt/ros/jazzy/opt/gz_transport_vendor/lib:/opt/ros/jazzy/opt/gz_rendering_vendor/lib:/opt/ros/jazzy/opt/gz_plugin_vendor/lib:/opt/ros/jazzy/opt/gz_fuel_tools_vendor/lib:/opt/ros/jazzy/opt/gz_msgs_vendor/lib:/opt/ros/jazzy/opt/gz_common_vendor/lib:/opt/ros/jazzy/opt/gz_math_vendor/lib:/opt/ros/jazzy/opt/gz_utils_vendor/lib:/opt/ros/jazzy/opt/gz_tools_vendor/lib:/opt/ros/jazzy/opt/gz_ogre_next_vendor/lib:/opt/ros/jazzy/opt/gz_dartsim_vendor/lib:/opt/ros/jazzy/opt/gz_cmake_vendor/lib:/opt/ros/jazzy/lib:/home/hisham/acados_ws/acados/lib', 'HOME': '/home/hisham', 'OLDPWD': '/home/hisham/BFMC/Brain_DEI/brain/src', 'DESKTOP_SESSION': 'ubuntu', 'ROS_PYTHON_VERSION': '3', 'GNOME_SHELL_SESSION_MODE': 'ubuntu', 'GTK_MODULES': 'gail:atk-bridge', 'DBUS_STARTER_BUS_TYPE': 'session', 'SYSTEMD_EXEC_PID': '3010', 'GSM_SKIP_SSH_AGENT_WORKAROUND': 'true', 'DBUS_SESSION_BUS_ADDRESS': 'unix:path=/run/user/1000/bus,guid=34fd7da4f4a81523c877782769f1285b', 'COLORTERM': 'truecolor', 'DEBUGINFOD_URLS': 'https://debuginfod.ubuntu.com', 'ROS_DISTRO': 'jazzy', 'LOGNAME': 'hisham', '_': '/usr/bin/colcon', 'ROS_VERSION': '2', 'MEMORY_PRESSURE_WATCH': '/sys/fs/cgroup/user.slice/user-1000.slice/user@1000.service/app.slice/app-gnome\\x2dsession\\x2dmanager.slice/gnome-session-manager@ubuntu.service/memory.pressure', 'XDG_SESSION_CLASS': 'user', 'USERNAME': 'hisham', 'TERM': 'xterm-256color', 'GNOME_DESKTOP_SESSION_ID': 'this-is-deprecated', 'WINDOWPATH': '2', 'PATH': '/opt/ros/jazzy/opt/gz_msgs_vendor/bin:/opt/ros/jazzy/opt/gz_tools_vendor/bin:/opt/ros/jazzy/opt/gz_ogre_next_vendor/bin:/opt/ros/jazzy/bin:/home/hisham/miniconda3/bin:/home/hisham/.local/bin:/usr/local/sbin:/usr/local/bin:/usr/sbin:/usr/bin:/sbin:/bin:/usr/games:/usr/local/games:/snap/bin:/snap/bin', 'SESSION_MANAGER': 'local/hisham-IdeaPad-Gaming-3-15IMH05:@/tmp/.ICE-unix/3010,unix/hisham-IdeaPad-Gaming-3-15IMH05:/tmp/.ICE-unix/3010', 'XDG_MENU_PREFIX': 'gnome-', 'GNOME_TERMINAL_SCREEN': '/org/gnome/Terminal/screen/c586efb5_83b2_434f_b111_c2ff7e38a2bf', 'XDG_RUNTIME_DIR': '/run/user/1000', 'DISPLAY': ':1', 'LANG': 'en_US.UTF-8', 'XDG_CURRENT_DESKTOP': 'ubuntu:GNOME', 'XMODIFIERS': '@im=ibus', 'XDG_SESSION_DESKTOP': 'ubuntu', 'XAUTHORITY': '/run/user/1000/gdm/Xauthority', 'LS_COLORS': 'rs=0:di=01;34:ln=01;36:mh=00:pi=40;33:so=01;35:do=01;35:bd=40;33;01:cd=40;33;01:or=40;31;01:mi=00:su=37;41:sg=30;43:ca=00:tw=30;42:ow=34;42:st=37;44:ex=01;32:*.tar=01;31:*.tgz=01;31:*.arc=01;31:*.arj=01;31:*.taz=01;31:*.lha=01;31:*.lz4=01;31:*.lzh=01;31:*.lzma=01;31:*.tlz=01;31:*.txz=01;31:*.tzo=01;31:*.t7z=01;31:*.zip=01;31:*.z=01;31:*.dz=01;31:*.gz=01;31:*.lrz=01;31:*.lz=01;31:*.lzo=01;31:*.xz=01;31:*.zst=01;31:*.tzst=01;31:*.bz2=01;31:*.bz=01;31:*.tbz=01;31:*.tbz2=01;31:*.tz=01;31:*.deb=01;31:*.rpm=01;31:*.jar=01;31:*.war=01;31:*.ear=01;31:*.sar=01;31:*.rar=01;31:*.alz=01;31:*.ace=01;31:*.zoo=01;31:*.cpio=01;31:*.7z=01;31:*.rz=01;31:*.cab=01;31:*.wim=01;31:*.swm=01;31:*.dwm=01;31:*.esd=01;31:*.avif=01;35:*.jpg=01;35:*.jpeg=01;35:*.mjpg=01;35:*.mjpeg=01;35:*.gif=01;35:*.bmp=01;35:*.pbm=01;35:*.pgm=01;35:*.ppm=01;35:*.tga=01;35:*.xbm=01;35:*.xpm=01;35:*.tif=01;35:*.tiff=01;35:*.png=01;35:*.svg=01;35:*.svgz=01;35:*.mng=01;35:*.pcx=01;35:*.mov=01;35:*.mpg=01;35:*.mpeg=01;35:*.m2v=01;35:*.mkv=01;35:*.webm=01;35:*.webp=01;35:*.ogm=01;35:*.mp4=01;35:*.m4v=01;35:*.mp4v=01;35:*.vob=01;35:*.qt=01;35:*.nuv=01;35:*.wmv=01;35:*.asf=01;35:*.rm=01;35:*.rmvb=01;35:*.flc=01;35:*.avi=01;35:*.fli=01;35:*.flv=01;35:*.gl=01;35:*.dl=01;35:*.xcf=01;35:*.xwd=01;35:*.yuv=01;35:*.cgm=01;35:*.emf=01;35:*.ogv=01;35:*.ogx=01;35:*.aac=00;36:*.au=00;36:*.flac=00;36:*.m4a=00;36:*.mid=00;36:*.midi=00;36:*.mka=00;36:*.mp3=00;36:*.mpc=00;36:*.ogg=00;36:*.ra=00;36:*.wav=00;36:*.oga=00;36:*.opus=00;36:*.spx=00;36:*.xspf=00;36:*~=00;90:*#=00;90:*.bak=00;90:*.crdownload=00;90:*.dpkg-dist=00;90:*.dpkg-new=00;90:*.dpkg-old=00;90:*.dpkg-tmp=00;90:*.old=00;90:*.orig=00;90:*.part=00;90:*.rej=00;90:*.rpmnew=00;90:*.rpmorig=00;90:*.rpmsave=00;90:*.swp=00;90:*.tmp=00;90:*.ucf-dist=00;90:*.ucf-new=00;90:*.ucf-old=00;90:', 'GNOME_TERMINAL_SERVICE': ':1.169', 'SSH_AUTH_SOCK': '/run/user/1000/keyring/ssh', 'AMENT_PREFIX_PATH': '/home/hisham/BFMC/Brain_DEI/brain/install/utils:/opt/ros/jazzy', 'SHELL': '/bin/bash', 'QT_ACCESSIBILITY': '1', 'GDMSESSION': 'ubuntu', 'LESSCLOSE': '/usr/bin/lesspipe %s %s', 'GPG_AGENT_INFO': '/run/user/1000/gnupg/S.gpg-agent:0:1', 'ROS_AUTOMATIC_DISCOVERY_RANGE': 'SUBNET', 'QT_IM_MODULE': 'ibus', 'PWD': '/home/hisham/BFMC/Brain_DEI/brain/build/unix_out', 'XDG_CONFIG_DIRS': '/etc/xdg/xdg-ubuntu:/etc/xdg', 'DBUS_STARTER_ADDRESS': 'unix:path=/run/user/1000/bus,guid=34fd7da4f4a81523c877782769f1285b', 'XDG_DATA_DIRS': '/usr/share/ubuntu:/usr/share/gnome:/usr/local/share/:/usr/share/:/var/lib/snapd/desktop', 'PYTHONPATH': '/home/hisham/BFMC/Brain_DEI/brain/build/unix_out/prefix_override:/usr/lib/python3/dist-packages/colcon_core/task/python/colcon_distutils_commands:/home/hisham/BFMC/Brain_DEI/brain/install/unix_out/lib/python3.12/site-packages:/home/hisham/BFMC/Brain_DEI/brain/install/utils/lib/python3.12/site-packages:/opt/ros/jazzy/lib/python3.12/site-packages', 'COLCON': '1', 'MEMORY_PRESSURE_WRITE': 'c29tZSAyMDAwMDAgMjAwMDAwMAA=', 'VTE_VERSION': '7600', 'CMAKE_PREFIX_PATH': '/home/hisham/BFMC/Brain_DEI/brain/install/utils:/opt/ros/jazzy/opt/gz_sim_vendor:/opt/ros/jazzy/opt/gz_sensors_vendor:/opt/ros/jazzy/opt/gz_physics_vendor:/opt/ros/jazzy/opt/sdformat_vendor:/opt/ros/jazzy/opt/gz_gui_vendor:/opt/ros/jazzy/opt/gz_transport_vendor:/opt/ros/jazzy/opt/gz_rendering_vendor:/opt/ros/jazzy/opt/gz_plugin_vendor:/opt/ros/jazzy/opt/gz_fuel_tools_vendor:/opt/ros/jazzy/opt/gz_msgs_vendor:/opt/ros/jazzy/opt/gz_common_vendor:/opt/ros/jazzy/opt/gz_math_vendor:/opt/ros/jazzy/opt/gz_utils_vendor:/opt/ros/jazzy/opt/gz_tools_vendor:/opt/ros/jazzy/opt/gz_ogre_next_vendor:/opt/ros/jazzy/opt/gz_dartsim_vendor:/opt/ros/jazzy/opt/gz_cmake_vendor'}, 'shell': False}
[1.710926] (-) TimerEvent: {}
[1.811105] (-) TimerEvent: {}
[1.911322] (-) TimerEvent: {}
[1.967503] (output) StdoutLine: {'line': b'running egg_info\n'}
[1.975300] (input) StdoutLine: {'line': b'running egg_info\n'}
[1.983491] (unix_out) StdoutLine: {'line': b'running egg_info\n'}
[1.991317] (output) StdoutLine: {'line': b'writing ../../../build/output/output.egg-info/PKG-INFO\n'}
[1.991523] (output) StdoutLine: {'line': b'writing dependency_links to ../../../build/output/output.egg-info/dependency_links.txt\n'}
[1.991649] (output) StdoutLine: {'line': b'writing requirements to ../../../build/output/output.egg-info/requires.txt\n'}
[1.991748] (output) StdoutLine: {'line': b'writing top-level names to ../../../build/output/output.egg-info/top_level.txt\n'}
[1.998563] (input) StdoutLine: {'line': b'writing ../../build/input/input.egg-info/PKG-INFO\n'}
[1.998702] (input) StdoutLine: {'line': b'writing dependency_links to ../../build/input/input.egg-info/dependency_links.txt\n'}
[1.998794] (input) StdoutLine: {'line': b'writing entry points to ../../build/input/input.egg-info/entry_points.txt\n'}
[1.998891] (input) StdoutLine: {'line': b'writing requirements to ../../build/input/input.egg-info/requires.txt\n'}
[1.998975] (input) StdoutLine: {'line': b'writing top-level names to ../../build/input/input.egg-info/top_level.txt\n'}
[2.006915] (unix_out) StdoutLine: {'line': b'writing ../../build/unix_out/unix_out.egg-info/PKG-INFO\n'}
[2.007110] (unix_out) StdoutLine: {'line': b'writing dependency_links to ../../build/unix_out/unix_out.egg-info/dependency_links.txt\n'}
[2.007299] (unix_out) StdoutLine: {'line': b'writing entry points to ../../build/unix_out/unix_out.egg-info/entry_points.txt\n'}
[2.007465] (unix_out) StdoutLine: {'line': b'writing requirements to ../../build/unix_out/unix_out.egg-info/requires.txt\n'}
[2.007535] (unix_out) StdoutLine: {'line': b'writing top-level names to ../../build/unix_out/unix_out.egg-info/top_level.txt\n'}
[2.011386] (-) TimerEvent: {}
[2.031515] (unix_out) StdoutLine: {'line': b"reading manifest file '../../build/unix_out/unix_out.egg-info/SOURCES.txt'\n"}
[2.032066] (unix_out) StdoutLine: {'line': b"writing manifest file '../../build/unix_out/unix_out.egg-info/SOURCES.txt'\n"}
[2.032216] (unix_out) StdoutLine: {'line': b'running build\n'}
[2.032308] (unix_out) StdoutLine: {'line': b'running install\n'}
[2.037941] (unix_out) StdoutLine: {'line': b'running install_data\n'}
[2.038066] (unix_out) StdoutLine: {'line': b'running install_egg_info\n'}
[2.040424] (output) StdoutLine: {'line': b"reading manifest file '../../../build/output/output.egg-info/SOURCES.txt'\n"}
[2.041069] (output) StdoutLine: {'line': b"writing manifest file '../../../build/output/output.egg-info/SOURCES.txt'\n"}
[2.041173] (output) StdoutLine: {'line': b'running build\n'}
[2.041317] (output) StdoutLine: {'line': b'running build_py\n'}
[2.041692] (output) StdoutLine: {'line': b'running install\n'}
[2.046678] (input) StdoutLine: {'line': b"reading manifest file '../../build/input/input.egg-info/SOURCES.txt'\n"}
[2.047317] (input) StdoutLine: {'line': b"writing manifest file '../../build/input/input.egg-info/SOURCES.txt'\n"}
[2.047433] (output) StdoutLine: {'line': b'running install_lib\n'}
[2.047610] (input) StdoutLine: {'line': b'running build\n'}
[2.047706] (input) StdoutLine: {'line': b'running build_py\n'}
[2.047878] (input) StdoutLine: {'line': b'running install\n'}
[2.053558] (input) StdoutLine: {'line': b'running install_lib\n'}
[2.071966] (output) StdoutLine: {'line': b'running install_data\n'}
[2.072171] (output) StdoutLine: {'line': b'running install_egg_info\n'}
[2.077686] (input) StdoutLine: {'line': b'running install_data\n'}
[2.077840] (input) StdoutLine: {'line': b'running install_egg_info\n'}
[2.086977] (unix_out) StdoutLine: {'line': b"removing '/home/hisham/BFMC/Brain_DEI/brain/install/unix_out/lib/python3.12/site-packages/unix_out-0.0.0-py3.12.egg-info' (and everything under it)\n"}
[2.087197] (unix_out) StdoutLine: {'line': b'Copying ../../build/unix_out/unix_out.egg-info to /home/hisham/BFMC/Brain_DEI/brain/install/unix_out/lib/python3.12/site-packages/unix_out-0.0.0-py3.12.egg-info\n'}
[2.087873] (unix_out) StdoutLine: {'line': b'running install_scripts\n'}
[2.097183] (output) StdoutLine: {'line': b"removing '/home/hisham/BFMC/Brain_DEI/brain/install/output/lib/python3.12/site-packages/output-0.0.0-py3.12.egg-info' (and everything under it)\n"}
[2.097396] (output) StdoutLine: {'line': b'Copying ../../../build/output/output.egg-info to /home/hisham/BFMC/Brain_DEI/brain/install/output/lib/python3.12/site-packages/output-0.0.0-py3.12.egg-info\n'}
[2.097998] (output) StdoutLine: {'line': b'running install_scripts\n'}
[2.102054] (input) StdoutLine: {'line': b"removing '/home/hisham/BFMC/Brain_DEI/brain/install/input/lib/python3.12/site-packages/input-0.0.0-py3.12.egg-info' (and everything under it)\n"}
[2.102243] (input) StdoutLine: {'line': b'Copying ../../build/input/input.egg-info to /home/hisham/BFMC/Brain_DEI/brain/install/input/lib/python3.12/site-packages/input-0.0.0-py3.12.egg-info\n'}
[2.102904] (input) StdoutLine: {'line': b'running install_scripts\n'}
[2.111453] (-) TimerEvent: {}
[2.211615] (-) TimerEvent: {}
[2.234215] (unix_out) StdoutLine: {'line': b'Installing lidar_to_socket script to /home/hisham/BFMC/Brain_DEI/brain/install/unix_out/lib/unix_out\n'}
[2.234422] (unix_out) StdoutLine: {'line': b'Installing metrics_to_socket script to /home/hisham/BFMC/Brain_DEI/brain/install/unix_out/lib/unix_out\n'}
[2.234601] (unix_out) StdoutLine: {'line': b"writing list of installed files to '/home/hisham/BFMC/Brain_DEI/brain/build/unix_out/install.log'\n"}
[2.246018] (output) StdoutLine: {'line': b"writing list of installed files to '/home/hisham/BFMC/Brain_DEI/brain/build/output/install.log'\n"}
[2.247359] (input) StdoutLine: {'line': b'Installing gpstrackerNODE script to /home/hisham/BFMC/Brain_DEI/brain/install/input/lib/input\n'}
[2.247503] (input) StdoutLine: {'line': b'Installing imuNODE script to /home/hisham/BFMC/Brain_DEI/brain/install/input/lib/input\n'}
[2.247607] (input) StdoutLine: {'line': b'Installing semaphoreNODE script to /home/hisham/BFMC/Brain_DEI/brain/install/input/lib/input\n'}
[2.247725] (input) StdoutLine: {'line': b'Installing sonarNODE script to /home/hisham/BFMC/Brain_DEI/brain/install/input/lib/input\n'}
[2.247964] (input) StdoutLine: {'line': b"writing list of installed files to '/home/hisham/BFMC/Brain_DEI/brain/build/input/install.log'\n"}
[2.257786] (unix_out) CommandEnded: {'returncode': 0}
[2.262989] (unix_out) JobEnded: {'identifier': 'unix_out', 'rc': 0}
[2.275611] (output) CommandEnded: {'returncode': 0}
[2.280213] (output) JobEnded: {'identifier': 'output', 'rc': 0}
[2.281035] (input) CommandEnded: {'returncode': 0}
[2.285518] (input) JobEnded: {'identifier': 'input', 'rc': 0}
[2.286291] (-) EventReactorShutdown: {}
