[0.000000] (-) TimerEvent: {}
[0.000390] (smart) JobQueued: {'identifier': 'smart', 'dependencies': OrderedDict()}
[0.000693] (utils) JobQueued: {'identifier': 'utils', 'dependencies': OrderedDict()}
[0.000835] (input) JobQueued: {'identifier': 'input', 'dependencies': OrderedDict({'utils': '/home/davide-pillon/Desktop/Brain_DEII/brain/install/utils'})}
[0.001020] (unix_out) JobQueued: {'identifier': 'unix_out', 'dependencies': OrderedDict({'utils': '/home/davide-pillon/Desktop/Brain_DEII/brain/install/utils'})}
[0.001067] (utils) JobStarted: {'identifier': 'utils'}
[0.007295] (smart) JobStarted: {'identifier': 'smart'}
[0.013278] (utils) JobProgress: {'identifier': 'utils', 'progress': 'cmake'}
[0.013755] (utils) JobProgress: {'identifier': 'utils', 'progress': 'build'}
[0.014339] (utils) Command: {'cmd': ['/usr/bin/cmake', '--build', '/home/davide-pillon/Desktop/Brain_DEII/brain/build/utils', '--', '-j8', '-l8'], 'cwd': '/home/davide-pillon/Desktop/Brain_DEII/brain/build/utils', 'env': OrderedDict({'LESSOPEN': '| /usr/bin/lesspipe %s', 'GZ_SIM_RESOURCE_PATH': '/opt/ros/jazzy/share', 'USER': 'davide-pillon', 'GZ_CONFIG_PATH': '/opt/ros/jazzy/opt/gz_sim_vendor/share/gz:/opt/ros/jazzy/opt/sdformat_vendor/share/gz:/opt/ros/jazzy/opt/gz_gui_vendor/share/gz:/opt/ros/jazzy/opt/gz_transport_vendor/share/gz:/opt/ros/jazzy/opt/gz_rendering_vendor/share/gz:/opt/ros/jazzy/opt/gz_plugin_vendor/share/gz:/opt/ros/jazzy/opt/gz_fuel_tools_vendor/share/gz:/opt/ros/jazzy/opt/gz_msgs_vendor/share/gz:/opt/ros/jazzy/opt/gz_common_vendor/share/gz', 'XDG_SESSION_TYPE': 'wayland', 'CLUTTER_DISABLE_MIPMAPPED_TEXT': '1', 'SHLVL': '2', 'LD_LIBRARY_PATH': '/home/davide-pillon/Desktop/Brain_DEII/brain/install/utils/lib:/opt/ros/jazzy/opt/gz_sim_vendor/lib:/opt/ros/jazzy/opt/gz_sensors_vendor/lib:/opt/ros/jazzy/opt/gz_physics_vendor/lib:/opt/ros/jazzy/opt/sdformat_vendor/lib:/opt/ros/jazzy/opt/rviz_ogre_vendor/lib:/opt/ros/jazzy/lib/x86_64-linux-gnu:/opt/ros/jazzy/opt/gz_gui_vendor/lib:/opt/ros/jazzy/opt/gz_transport_vendor/lib:/opt/ros/jazzy/opt/gz_rendering_vendor/lib:/opt/ros/jazzy/opt/gz_plugin_vendor/lib:/opt/ros/jazzy/opt/gz_fuel_tools_vendor/lib:/opt/ros/jazzy/opt/gz_msgs_vendor/lib:/opt/ros/jazzy/opt/gz_common_vendor/lib:/opt/ros/jazzy/opt/gz_math_vendor/lib:/opt/ros/jazzy/opt/gz_utils_vendor/lib:/opt/ros/jazzy/opt/gz_tools_vendor/lib:/opt/ros/jazzy/opt/gz_ogre_next_vendor/lib:/opt/ros/jazzy/opt/gz_dartsim_vendor/lib:/opt/ros/jazzy/opt/gz_cmake_vendor/lib:/opt/ros/jazzy/lib', 'HOME': '/home/davide-pillon', 'OLDPWD': '/home/davide-pillon/Desktop/Brain_DEII', 'DESKTOP_SESSION': 'ubuntu', 'ROS_PYTHON_VERSION': '3', 'GNOME_SHELL_SESSION_MODE': 'ubuntu', 'GTK_MODULES': 'gail:atk-bridge', 'SYSTEMD_EXEC_PID': '2226', 'GSM_SKIP_SSH_AGENT_WORKAROUND': 'true', 'DBUS_SESSION_BUS_ADDRESS': 'unix:path=/run/user/1000/bus', 'COLORTERM': 'truecolor', 'TERMINATOR_DBUS_NAME': 'net.tenshu.Terminator25ef4b219e3b005583550f2b0f9f990c3', 'DEBUGINFOD_URLS': 'https://debuginfod.ubuntu.com', 'IM_CONFIG_PHASE': '1', 'WAYLAND_DISPLAY': 'wayland-0', 'COLCON_PREFIX_PATH': '/home/davide-pillon/Desktop/Brain_DEII/brain/install', 'ROS_DISTRO': 'jazzy', 'LOGNAME': 'davide-pillon', 'IGN_GAZEBO_MODEL_PATH': '/opt/ros/jazzy/share', '_': '/usr/bin/colcon', 'ROS_VERSION': '2', 'MEMORY_PRESSURE_WATCH': '/sys/fs/cgroup/user.slice/user-1000.slice/user@1000.service/session.slice/org.gnome.Shell@wayland.service/memory.pressure', 'XDG_SESSION_CLASS': 'user', 'USERNAME': 'davide-pillon', 'TERM': 'xterm-256color', 'GAZEBO_MODEL_PATH': '/opt/ros/jazzy/share', 'GNOME_DESKTOP_SESSION_ID': 'this-is-deprecated', 'PATH': '/opt/ros/jazzy/opt/gz_msgs_vendor/bin:/opt/ros/jazzy/opt/gz_tools_vendor/bin:/opt/ros/jazzy/opt/gz_ogre_next_vendor/bin:/opt/ros/jazzy/bin:/home/davide-pillon/.local/bin:/usr/local/sbin:/usr/local/bin:/usr/sbin:/usr/bin:/sbin:/bin:/usr/games:/usr/local/games:/snap/bin:/snap/bin:/home/davide-pillon/.local/bin:/home/davide-pillon/.local/bin', 'SESSION_MANAGER': 'local/davide-pillon-BOD-WXX9:@/tmp/.ICE-unix/2190,unix/davide-pillon-BOD-WXX9:/tmp/.ICE-unix/2190', 'XDG_MENU_PREFIX': 'gnome-', 'GNOME_TERMINAL_SCREEN': '/org/gnome/Terminal/screen/ce799c77_8fed_4b4c_8767_c3981f6c9c25', 'GNOME_SETUP_DISPLAY': ':1', 'XDG_RUNTIME_DIR': '/run/user/1000', 'DISPLAY': ':0', 'TERMINATOR_DBUS_PATH': '/net/tenshu/Terminator2', 'LANG': 'en_US.UTF-8', 'XDG_CURRENT_DESKTOP': 'ubuntu:GNOME', 'XMODIFIERS': '@im=ibus', 'XDG_SESSION_DESKTOP': 'ubuntu', 'XAUTHORITY': '/run/user/1000/.mutter-Xwaylandauth.RTQJP3', 'LS_COLORS': 'rs=0:di=01;34:ln=01;36:mh=00:pi=40;33:so=01;35:do=01;35:bd=40;33;01:cd=40;33;01:or=40;31;01:mi=00:su=37;41:sg=30;43:ca=00:tw=30;42:ow=34;42:st=37;44:ex=01;32:*.tar=01;31:*.tgz=01;31:*.arc=01;31:*.arj=01;31:*.taz=01;31:*.lha=01;31:*.lz4=01;31:*.lzh=01;31:*.lzma=01;31:*.tlz=01;31:*.txz=01;31:*.tzo=01;31:*.t7z=01;31:*.zip=01;31:*.z=01;31:*.dz=01;31:*.gz=01;31:*.lrz=01;31:*.lz=01;31:*.lzo=01;31:*.xz=01;31:*.zst=01;31:*.tzst=01;31:*.bz2=01;31:*.bz=01;31:*.tbz=01;31:*.tbz2=01;31:*.tz=01;31:*.deb=01;31:*.rpm=01;31:*.jar=01;31:*.war=01;31:*.ear=01;31:*.sar=01;31:*.rar=01;31:*.alz=01;31:*.ace=01;31:*.zoo=01;31:*.cpio=01;31:*.7z=01;31:*.rz=01;31:*.cab=01;31:*.wim=01;31:*.swm=01;31:*.dwm=01;31:*.esd=01;31:*.avif=01;35:*.jpg=01;35:*.jpeg=01;35:*.mjpg=01;35:*.mjpeg=01;35:*.gif=01;35:*.bmp=01;35:*.pbm=01;35:*.pgm=01;35:*.ppm=01;35:*.tga=01;35:*.xbm=01;35:*.xpm=01;35:*.tif=01;35:*.tiff=01;35:*.png=01;35:*.svg=01;35:*.svgz=01;35:*.mng=01;35:*.pcx=01;35:*.mov=01;35:*.mpg=01;35:*.mpeg=01;35:*.m2v=01;35:*.mkv=01;35:*.webm=01;35:*.webp=01;35:*.ogm=01;35:*.mp4=01;35:*.m4v=01;35:*.mp4v=01;35:*.vob=01;35:*.qt=01;35:*.nuv=01;35:*.wmv=01;35:*.asf=01;35:*.rm=01;35:*.rmvb=01;35:*.flc=01;35:*.avi=01;35:*.fli=01;35:*.flv=01;35:*.gl=01;35:*.dl=01;35:*.xcf=01;35:*.xwd=01;35:*.yuv=01;35:*.cgm=01;35:*.emf=01;35:*.ogv=01;35:*.ogx=01;35:*.aac=00;36:*.au=00;36:*.flac=00;36:*.m4a=00;36:*.mid=00;36:*.midi=00;36:*.mka=00;36:*.mp3=00;36:*.mpc=00;36:*.ogg=00;36:*.ra=00;36:*.wav=00;36:*.oga=00;36:*.opus=00;36:*.spx=00;36:*.xspf=00;36:*~=00;90:*#=00;90:*.bak=00;90:*.crdownload=00;90:*.dpkg-dist=00;90:*.dpkg-new=00;90:*.dpkg-old=00;90:*.dpkg-tmp=00;90:*.old=00;90:*.orig=00;90:*.part=00;90:*.rej=00;90:*.rpmnew=00;90:*.rpmorig=00;90:*.rpmsave=00;90:*.swp=00;90:*.tmp=00;90:*.ucf-dist=00;90:*.ucf-new=00;90:*.ucf-old=00;90:', 'GNOME_TERMINAL_SERVICE': ':1.149', 'SSH_AUTH_SOCK': '/run/user/1000/keyring/ssh', 'AMENT_PREFIX_PATH': '/home/davide-pillon/Desktop/Brain_DEII/brain/install/unix_out:/home/davide-pillon/Desktop/Brain_DEII/brain/install/output:/home/davide-pillon/Desktop/Brain_DEII/brain/install/input:/home/davide-pillon/Desktop/Brain_DEII/brain/install/utils:/home/davide-pillon/Desktop/Brain_DEII/brain/install/smart:/opt/ros/jazzy', 'SHELL': '/bin/bash', 'TERMINATOR_UUID': 'urn:uuid:efd2288e-d93d-44d7-8b69-ba3352931f37', 'QT_ACCESSIBILITY': '1', 'GDMSESSION': 'ubuntu', 'LESSCLOSE': '/usr/bin/lesspipe %s %s', 'IGN_GAZEBO_RESOURCE_PATH': '/opt/ros/jazzy/share', 'GAZEBO_RESOURCE_PATH': '/opt/ros/jazzy/share', 'ROS_AUTOMATIC_DISCOVERY_RANGE': 'SUBNET', 'QT_IM_MODULE': 'ibus', 'PWD': '/home/davide-pillon/Desktop/Brain_DEII/brain/build/utils', 'LC_ALL': 'en_US.UTF-8', 'XDG_CONFIG_DIRS': '/etc/xdg/xdg-ubuntu:/etc/xdg', 'XDG_DATA_DIRS': '/usr/share/ubuntu:/usr/share/gnome:/home/davide-pillon/.local/share/flatpak/exports/share:/var/lib/flatpak/exports/share:/usr/local/share/:/usr/share/:/var/lib/snapd/desktop', 'PYTHONPATH': '/home/davide-pillon/Desktop/Brain_DEII/brain/install/unix_out/lib/python3.12/site-packages:/home/davide-pillon/Desktop/Brain_DEII/brain/install/output/lib/python3.12/site-packages:/home/davide-pillon/Desktop/Brain_DEII/brain/install/input/lib/python3.12/site-packages:/home/davide-pillon/Desktop/Brain_DEII/brain/install/utils/lib/python3.12/site-packages:/home/davide-pillon/Desktop/Brain_DEII/brain/install/smart/lib/python3.12/site-packages:/opt/ros/jazzy/lib/python3.12/site-packages', 'COLCON': '1', 'MEMORY_PRESSURE_WRITE': 'c29tZSAyMDAwMDAgMjAwMDAwMAA=', 'VTE_VERSION': '7600', 'CMAKE_PREFIX_PATH': '/home/davide-pillon/Desktop/Brain_DEII/brain/install/utils:/opt/ros/jazzy/opt/gz_sim_vendor:/opt/ros/jazzy/opt/gz_sensors_vendor:/opt/ros/jazzy/opt/gz_physics_vendor:/opt/ros/jazzy/opt/sdformat_vendor:/opt/ros/jazzy/opt/gz_gui_vendor:/opt/ros/jazzy/opt/gz_transport_vendor:/opt/ros/jazzy/opt/gz_rendering_vendor:/opt/ros/jazzy/opt/gz_plugin_vendor:/opt/ros/jazzy/opt/gz_fuel_tools_vendor:/opt/ros/jazzy/opt/gz_msgs_vendor:/opt/ros/jazzy/opt/gz_common_vendor:/opt/ros/jazzy/opt/gz_math_vendor:/opt/ros/jazzy/opt/gz_utils_vendor:/opt/ros/jazzy/opt/gz_tools_vendor:/opt/ros/jazzy/opt/gz_ogre_next_vendor:/opt/ros/jazzy/opt/gz_dartsim_vendor:/opt/ros/jazzy/opt/gz_cmake_vendor:/home/davide-pillon/Desktop/Brain_DEII/brain/install/unix_out:/home/davide-pillon/Desktop/Brain_DEII/brain/install/output:/home/davide-pillon/Desktop/Brain_DEII/brain/install/input:/home/davide-pillon/Desktop/Brain_DEII/brain/install/smart:/opt/ros/jazzy'}), 'shell': False}
[0.094640] (utils) StdoutLine: {'line': b'[  1%] Built target utils__rosidl_generator_type_description\n'}
[0.099742] (-) TimerEvent: {}
[0.107735] (utils) StdoutLine: {'line': b'[  1%] Built target ament_cmake_python_copy_utils\n'}
[0.120672] (utils) StdoutLine: {'line': b'[  1%] Built target utils__cpp\n'}
[0.127486] (utils) StdoutLine: {'line': b'[ 27%] Built target utils__rosidl_generator_c\n'}
[0.170159] (utils) StdoutLine: {'line': b'[ 56%] Built target utils__rosidl_typesupport_introspection_c\n'}
[0.170511] (utils) StdoutLine: {'line': b'[ 56%] Built target utils__rosidl_typesupport_fastrtps_c\n'}
[0.172368] (utils) StdoutLine: {'line': b'[ 56%] Built target utils__rosidl_typesupport_fastrtps_cpp\n'}
[0.173972] (utils) StdoutLine: {'line': b'[ 67%] Built target utils__rosidl_typesupport_introspection_cpp\n'}
[0.174274] (utils) StdoutLine: {'line': b'[ 75%] Built target utils__rosidl_typesupport_cpp\n'}
[0.178696] (utils) StdoutLine: {'line': b'[ 85%] Built target utils__rosidl_typesupport_c\n'}
[0.199846] (-) TimerEvent: {}
[0.200764] (utils) StdoutLine: {'line': b'[ 85%] Built target utils\n'}
[0.224449] (utils) StdoutLine: {'line': b'[ 86%] Built target utils__py\n'}
[0.254344] (utils) StdoutLine: {'line': b'[ 95%] Built target utils__rosidl_generator_py\n'}
[0.281340] (utils) StdoutLine: {'line': b'[ 96%] Built target utils_s__rosidl_typesupport_fastrtps_c\n'}
[0.287183] (utils) StdoutLine: {'line': b'[100%] Built target utils_s__rosidl_typesupport_introspection_c\n'}
[0.287479] (utils) StdoutLine: {'line': b'[100%] Built target utils_s__rosidl_typesupport_c\n'}
[0.299963] (-) TimerEvent: {}
[0.391988] (utils) StdoutLine: {'line': b'running egg_info\n'}
[0.400062] (-) TimerEvent: {}
[0.416113] (utils) StdoutLine: {'line': b'writing utils.egg-info/PKG-INFO\n'}
[0.416475] (utils) StdoutLine: {'line': b'writing dependency_links to utils.egg-info/dependency_links.txt\n'}
[0.416669] (utils) StdoutLine: {'line': b'writing top-level names to utils.egg-info/top_level.txt\n'}
[0.493116] (utils) StdoutLine: {'line': b"reading manifest file 'utils.egg-info/SOURCES.txt'\n"}
[0.494029] (utils) StdoutLine: {'line': b"writing manifest file 'utils.egg-info/SOURCES.txt'\n"}
[0.500164] (-) TimerEvent: {}
[0.531716] (utils) StdoutLine: {'line': b'[100%] Built target ament_cmake_python_build_utils_egg\n'}
[0.546960] (utils) CommandEnded: {'returncode': 0}
[0.547638] (utils) JobProgress: {'identifier': 'utils', 'progress': 'install'}
[0.558293] (utils) Command: {'cmd': ['/usr/bin/cmake', '--install', '/home/davide-pillon/Desktop/Brain_DEII/brain/build/utils'], 'cwd': '/home/davide-pillon/Desktop/Brain_DEII/brain/build/utils', 'env': OrderedDict({'LESSOPEN': '| /usr/bin/lesspipe %s', 'GZ_SIM_RESOURCE_PATH': '/opt/ros/jazzy/share', 'USER': 'davide-pillon', 'GZ_CONFIG_PATH': '/opt/ros/jazzy/opt/gz_sim_vendor/share/gz:/opt/ros/jazzy/opt/sdformat_vendor/share/gz:/opt/ros/jazzy/opt/gz_gui_vendor/share/gz:/opt/ros/jazzy/opt/gz_transport_vendor/share/gz:/opt/ros/jazzy/opt/gz_rendering_vendor/share/gz:/opt/ros/jazzy/opt/gz_plugin_vendor/share/gz:/opt/ros/jazzy/opt/gz_fuel_tools_vendor/share/gz:/opt/ros/jazzy/opt/gz_msgs_vendor/share/gz:/opt/ros/jazzy/opt/gz_common_vendor/share/gz', 'XDG_SESSION_TYPE': 'wayland', 'CLUTTER_DISABLE_MIPMAPPED_TEXT': '1', 'SHLVL': '2', 'LD_LIBRARY_PATH': '/home/davide-pillon/Desktop/Brain_DEII/brain/install/utils/lib:/opt/ros/jazzy/opt/gz_sim_vendor/lib:/opt/ros/jazzy/opt/gz_sensors_vendor/lib:/opt/ros/jazzy/opt/gz_physics_vendor/lib:/opt/ros/jazzy/opt/sdformat_vendor/lib:/opt/ros/jazzy/opt/rviz_ogre_vendor/lib:/opt/ros/jazzy/lib/x86_64-linux-gnu:/opt/ros/jazzy/opt/gz_gui_vendor/lib:/opt/ros/jazzy/opt/gz_transport_vendor/lib:/opt/ros/jazzy/opt/gz_rendering_vendor/lib:/opt/ros/jazzy/opt/gz_plugin_vendor/lib:/opt/ros/jazzy/opt/gz_fuel_tools_vendor/lib:/opt/ros/jazzy/opt/gz_msgs_vendor/lib:/opt/ros/jazzy/opt/gz_common_vendor/lib:/opt/ros/jazzy/opt/gz_math_vendor/lib:/opt/ros/jazzy/opt/gz_utils_vendor/lib:/opt/ros/jazzy/opt/gz_tools_vendor/lib:/opt/ros/jazzy/opt/gz_ogre_next_vendor/lib:/opt/ros/jazzy/opt/gz_dartsim_vendor/lib:/opt/ros/jazzy/opt/gz_cmake_vendor/lib:/opt/ros/jazzy/lib', 'HOME': '/home/davide-pillon', 'OLDPWD': '/home/davide-pillon/Desktop/Brain_DEII', 'DESKTOP_SESSION': 'ubuntu', 'ROS_PYTHON_VERSION': '3', 'GNOME_SHELL_SESSION_MODE': 'ubuntu', 'GTK_MODULES': 'gail:atk-bridge', 'SYSTEMD_EXEC_PID': '2226', 'GSM_SKIP_SSH_AGENT_WORKAROUND': 'true', 'DBUS_SESSION_BUS_ADDRESS': 'unix:path=/run/user/1000/bus', 'COLORTERM': 'truecolor', 'TERMINATOR_DBUS_NAME': 'net.tenshu.Terminator25ef4b219e3b005583550f2b0f9f990c3', 'DEBUGINFOD_URLS': 'https://debuginfod.ubuntu.com', 'IM_CONFIG_PHASE': '1', 'WAYLAND_DISPLAY': 'wayland-0', 'COLCON_PREFIX_PATH': '/home/davide-pillon/Desktop/Brain_DEII/brain/install', 'ROS_DISTRO': 'jazzy', 'LOGNAME': 'davide-pillon', 'IGN_GAZEBO_MODEL_PATH': '/opt/ros/jazzy/share', '_': '/usr/bin/colcon', 'ROS_VERSION': '2', 'MEMORY_PRESSURE_WATCH': '/sys/fs/cgroup/user.slice/user-1000.slice/user@1000.service/session.slice/org.gnome.Shell@wayland.service/memory.pressure', 'XDG_SESSION_CLASS': 'user', 'USERNAME': 'davide-pillon', 'TERM': 'xterm-256color', 'GAZEBO_MODEL_PATH': '/opt/ros/jazzy/share', 'GNOME_DESKTOP_SESSION_ID': 'this-is-deprecated', 'PATH': '/opt/ros/jazzy/opt/gz_msgs_vendor/bin:/opt/ros/jazzy/opt/gz_tools_vendor/bin:/opt/ros/jazzy/opt/gz_ogre_next_vendor/bin:/opt/ros/jazzy/bin:/home/davide-pillon/.local/bin:/usr/local/sbin:/usr/local/bin:/usr/sbin:/usr/bin:/sbin:/bin:/usr/games:/usr/local/games:/snap/bin:/snap/bin:/home/davide-pillon/.local/bin:/home/davide-pillon/.local/bin', 'SESSION_MANAGER': 'local/davide-pillon-BOD-WXX9:@/tmp/.ICE-unix/2190,unix/davide-pillon-BOD-WXX9:/tmp/.ICE-unix/2190', 'XDG_MENU_PREFIX': 'gnome-', 'GNOME_TERMINAL_SCREEN': '/org/gnome/Terminal/screen/ce799c77_8fed_4b4c_8767_c3981f6c9c25', 'GNOME_SETUP_DISPLAY': ':1', 'XDG_RUNTIME_DIR': '/run/user/1000', 'DISPLAY': ':0', 'TERMINATOR_DBUS_PATH': '/net/tenshu/Terminator2', 'LANG': 'en_US.UTF-8', 'XDG_CURRENT_DESKTOP': 'ubuntu:GNOME', 'XMODIFIERS': '@im=ibus', 'XDG_SESSION_DESKTOP': 'ubuntu', 'XAUTHORITY': '/run/user/1000/.mutter-Xwaylandauth.RTQJP3', 'LS_COLORS': 'rs=0:di=01;34:ln=01;36:mh=00:pi=40;33:so=01;35:do=01;35:bd=40;33;01:cd=40;33;01:or=40;31;01:mi=00:su=37;41:sg=30;43:ca=00:tw=30;42:ow=34;42:st=37;44:ex=01;32:*.tar=01;31:*.tgz=01;31:*.arc=01;31:*.arj=01;31:*.taz=01;31:*.lha=01;31:*.lz4=01;31:*.lzh=01;31:*.lzma=01;31:*.tlz=01;31:*.txz=01;31:*.tzo=01;31:*.t7z=01;31:*.zip=01;31:*.z=01;31:*.dz=01;31:*.gz=01;31:*.lrz=01;31:*.lz=01;31:*.lzo=01;31:*.xz=01;31:*.zst=01;31:*.tzst=01;31:*.bz2=01;31:*.bz=01;31:*.tbz=01;31:*.tbz2=01;31:*.tz=01;31:*.deb=01;31:*.rpm=01;31:*.jar=01;31:*.war=01;31:*.ear=01;31:*.sar=01;31:*.rar=01;31:*.alz=01;31:*.ace=01;31:*.zoo=01;31:*.cpio=01;31:*.7z=01;31:*.rz=01;31:*.cab=01;31:*.wim=01;31:*.swm=01;31:*.dwm=01;31:*.esd=01;31:*.avif=01;35:*.jpg=01;35:*.jpeg=01;35:*.mjpg=01;35:*.mjpeg=01;35:*.gif=01;35:*.bmp=01;35:*.pbm=01;35:*.pgm=01;35:*.ppm=01;35:*.tga=01;35:*.xbm=01;35:*.xpm=01;35:*.tif=01;35:*.tiff=01;35:*.png=01;35:*.svg=01;35:*.svgz=01;35:*.mng=01;35:*.pcx=01;35:*.mov=01;35:*.mpg=01;35:*.mpeg=01;35:*.m2v=01;35:*.mkv=01;35:*.webm=01;35:*.webp=01;35:*.ogm=01;35:*.mp4=01;35:*.m4v=01;35:*.mp4v=01;35:*.vob=01;35:*.qt=01;35:*.nuv=01;35:*.wmv=01;35:*.asf=01;35:*.rm=01;35:*.rmvb=01;35:*.flc=01;35:*.avi=01;35:*.fli=01;35:*.flv=01;35:*.gl=01;35:*.dl=01;35:*.xcf=01;35:*.xwd=01;35:*.yuv=01;35:*.cgm=01;35:*.emf=01;35:*.ogv=01;35:*.ogx=01;35:*.aac=00;36:*.au=00;36:*.flac=00;36:*.m4a=00;36:*.mid=00;36:*.midi=00;36:*.mka=00;36:*.mp3=00;36:*.mpc=00;36:*.ogg=00;36:*.ra=00;36:*.wav=00;36:*.oga=00;36:*.opus=00;36:*.spx=00;36:*.xspf=00;36:*~=00;90:*#=00;90:*.bak=00;90:*.crdownload=00;90:*.dpkg-dist=00;90:*.dpkg-new=00;90:*.dpkg-old=00;90:*.dpkg-tmp=00;90:*.old=00;90:*.orig=00;90:*.part=00;90:*.rej=00;90:*.rpmnew=00;90:*.rpmorig=00;90:*.rpmsave=00;90:*.swp=00;90:*.tmp=00;90:*.ucf-dist=00;90:*.ucf-new=00;90:*.ucf-old=00;90:', 'GNOME_TERMINAL_SERVICE': ':1.149', 'SSH_AUTH_SOCK': '/run/user/1000/keyring/ssh', 'AMENT_PREFIX_PATH': '/home/davide-pillon/Desktop/Brain_DEII/brain/install/unix_out:/home/davide-pillon/Desktop/Brain_DEII/brain/install/output:/home/davide-pillon/Desktop/Brain_DEII/brain/install/input:/home/davide-pillon/Desktop/Brain_DEII/brain/install/utils:/home/davide-pillon/Desktop/Brain_DEII/brain/install/smart:/opt/ros/jazzy', 'SHELL': '/bin/bash', 'TERMINATOR_UUID': 'urn:uuid:efd2288e-d93d-44d7-8b69-ba3352931f37', 'QT_ACCESSIBILITY': '1', 'GDMSESSION': 'ubuntu', 'LESSCLOSE': '/usr/bin/lesspipe %s %s', 'IGN_GAZEBO_RESOURCE_PATH': '/opt/ros/jazzy/share', 'GAZEBO_RESOURCE_PATH': '/opt/ros/jazzy/share', 'ROS_AUTOMATIC_DISCOVERY_RANGE': 'SUBNET', 'QT_IM_MODULE': 'ibus', 'PWD': '/home/davide-pillon/Desktop/Brain_DEII/brain/build/utils', 'LC_ALL': 'en_US.UTF-8', 'XDG_CONFIG_DIRS': '/etc/xdg/xdg-ubuntu:/etc/xdg', 'XDG_DATA_DIRS': '/usr/share/ubuntu:/usr/share/gnome:/home/davide-pillon/.local/share/flatpak/exports/share:/var/lib/flatpak/exports/share:/usr/local/share/:/usr/share/:/var/lib/snapd/desktop', 'PYTHONPATH': '/home/davide-pillon/Desktop/Brain_DEII/brain/install/unix_out/lib/python3.12/site-packages:/home/davide-pillon/Desktop/Brain_DEII/brain/install/output/lib/python3.12/site-packages:/home/davide-pillon/Desktop/Brain_DEII/brain/install/input/lib/python3.12/site-packages:/home/davide-pillon/Desktop/Brain_DEII/brain/install/utils/lib/python3.12/site-packages:/home/davide-pillon/Desktop/Brain_DEII/brain/install/smart/lib/python3.12/site-packages:/opt/ros/jazzy/lib/python3.12/site-packages', 'COLCON': '1', 'MEMORY_PRESSURE_WRITE': 'c29tZSAyMDAwMDAgMjAwMDAwMAA=', 'VTE_VERSION': '7600', 'CMAKE_PREFIX_PATH': '/home/davide-pillon/Desktop/Brain_DEII/brain/install/utils:/opt/ros/jazzy/opt/gz_sim_vendor:/opt/ros/jazzy/opt/gz_sensors_vendor:/opt/ros/jazzy/opt/gz_physics_vendor:/opt/ros/jazzy/opt/sdformat_vendor:/opt/ros/jazzy/opt/gz_gui_vendor:/opt/ros/jazzy/opt/gz_transport_vendor:/opt/ros/jazzy/opt/gz_rendering_vendor:/opt/ros/jazzy/opt/gz_plugin_vendor:/opt/ros/jazzy/opt/gz_fuel_tools_vendor:/opt/ros/jazzy/opt/gz_msgs_vendor:/opt/ros/jazzy/opt/gz_common_vendor:/opt/ros/jazzy/opt/gz_math_vendor:/opt/ros/jazzy/opt/gz_utils_vendor:/opt/ros/jazzy/opt/gz_tools_vendor:/opt/ros/jazzy/opt/gz_ogre_next_vendor:/opt/ros/jazzy/opt/gz_dartsim_vendor:/opt/ros/jazzy/opt/gz_cmake_vendor:/home/davide-pillon/Desktop/Brain_DEII/brain/install/unix_out:/home/davide-pillon/Desktop/Brain_DEII/brain/install/output:/home/davide-pillon/Desktop/Brain_DEII/brain/install/input:/home/davide-pillon/Desktop/Brain_DEII/brain/install/smart:/opt/ros/jazzy'}), 'shell': False}
[0.568271] (utils) StdoutLine: {'line': b'-- Install configuration: ""\n'}
[0.568694] (utils) StdoutLine: {'line': b'-- Up-to-date: /home/davide-pillon/Desktop/Brain_DEII/brain/install/utils/share/ament_index/resource_index/rosidl_interfaces/utils\n'}
[0.568961] (utils) StdoutLine: {'line': b'-- Up-to-date: /home/davide-pillon/Desktop/Brain_DEII/brain/install/utils/share/utils/msg/IMU.json\n'}
[0.569119] (utils) StdoutLine: {'line': b'-- Up-to-date: /home/davide-pillon/Desktop/Brain_DEII/brain/install/utils/share/utils/msg/Localisation.json\n'}
[0.569242] (utils) StdoutLine: {'line': b'-- Up-to-date: /home/davide-pillon/Desktop/Brain_DEII/brain/install/utils/share/utils/msg/Vehicles.json\n'}
[0.569360] (utils) StdoutLine: {'line': b'-- Up-to-date: /home/davide-pillon/Desktop/Brain_DEII/brain/install/utils/share/utils/msg/Environmental.json\n'}
[0.569607] (utils) StdoutLine: {'line': b'-- Up-to-date: /home/davide-pillon/Desktop/Brain_DEII/brain/install/utils/share/utils/msg/Log.json\n'}
[0.569780] (utils) StdoutLine: {'line': b'-- Up-to-date: /home/davide-pillon/Desktop/Brain_DEII/brain/install/utils/share/utils/msg/TopicInfo.json\n'}
[0.569896] (utils) StdoutLine: {'line': b'-- Up-to-date: /home/davide-pillon/Desktop/Brain_DEII/brain/install/utils/share/utils/msg/Semaphore.json\n'}
[0.570011] (utils) StdoutLine: {'line': b'-- Up-to-date: /home/davide-pillon/Desktop/Brain_DEII/brain/install/utils/share/utils/msg/Conditions.json\n'}
[0.570144] (utils) StdoutLine: {'line': b'-- Up-to-date: /home/davide-pillon/Desktop/Brain_DEII/brain/install/utils/share/utils/msg/Trafficsignprediction.json\n'}
[0.570326] (utils) StdoutLine: {'line': b'-- Up-to-date: /home/davide-pillon/Desktop/Brain_DEII/brain/install/utils/share/utils/srv/Subscribing.json\n'}
[0.570479] (utils) StdoutLine: {'line': b'-- Up-to-date: /home/davide-pillon/Desktop/Brain_DEII/brain/install/utils/share/utils/srv/RequestParam.json\n'}
[0.570660] (utils) StdoutLine: {'line': b'-- Up-to-date: /home/davide-pillon/Desktop/Brain_DEII/brain/install/utils/include/utils/utils\n'}
[0.570828] (utils) StdoutLine: {'line': b'-- Up-to-date: /home/davide-pillon/Desktop/Brain_DEII/brain/install/utils/include/utils/utils/srv\n'}
[0.571038] (utils) StdoutLine: {'line': b'-- Up-to-date: /home/davide-pillon/Desktop/Brain_DEII/brain/install/utils/include/utils/utils/srv/detail\n'}
[0.571207] (utils) StdoutLine: {'line': b'-- Up-to-date: /home/davide-pillon/Desktop/Brain_DEII/brain/install/utils/include/utils/utils/srv/detail/subscribing__type_support.h\n'}
[0.571369] (utils) StdoutLine: {'line': b'-- Up-to-date: /home/davide-pillon/Desktop/Brain_DEII/brain/install/utils/include/utils/utils/srv/detail/request_param__functions.c\n'}
[0.571488] (utils) StdoutLine: {'line': b'-- Up-to-date: /home/davide-pillon/Desktop/Brain_DEII/brain/install/utils/include/utils/utils/srv/detail/subscribing__type_support.c\n'}
[0.571603] (utils) StdoutLine: {'line': b'-- Installing: /home/davide-pillon/Desktop/Brain_DEII/brain/install/utils/include/utils/utils/srv/detail/request_param__type_support.c\n'}
[0.571797] (utils) StdoutLine: {'line': b'-- Up-to-date: /home/davide-pillon/Desktop/Brain_DEII/brain/install/utils/include/utils/utils/srv/detail/subscribing__description.c\n'}
[0.571915] (utils) StdoutLine: {'line': b'-- Up-to-date: /home/davide-pillon/Desktop/Brain_DEII/brain/install/utils/include/utils/utils/srv/detail/request_param__type_support.h\n'}
[0.572071] (utils) StdoutLine: {'line': b'-- Up-to-date: /home/davide-pillon/Desktop/Brain_DEII/brain/install/utils/include/utils/utils/srv/detail/request_param__struct.h\n'}
[0.572208] (utils) StdoutLine: {'line': b'-- Up-to-date: /home/davide-pillon/Desktop/Brain_DEII/brain/install/utils/include/utils/utils/srv/detail/request_param__description.c\n'}
[0.572326] (utils) StdoutLine: {'line': b'-- Up-to-date: /home/davide-pillon/Desktop/Brain_DEII/brain/install/utils/include/utils/utils/srv/detail/request_param__functions.h\n'}
[0.572477] (utils) StdoutLine: {'line': b'-- Up-to-date: /home/davide-pillon/Desktop/Brain_DEII/brain/install/utils/include/utils/utils/srv/detail/subscribing__functions.h\n'}
[0.572645] (utils) StdoutLine: {'line': b'-- Up-to-date: /home/davide-pillon/Desktop/Brain_DEII/brain/install/utils/include/utils/utils/srv/detail/subscribing__functions.c\n'}
[0.572792] (utils) StdoutLine: {'line': b'-- Up-to-date: /home/davide-pillon/Desktop/Brain_DEII/brain/install/utils/include/utils/utils/srv/detail/subscribing__struct.h\n'}
[0.572929] (utils) StdoutLine: {'line': b'-- Up-to-date: /home/davide-pillon/Desktop/Brain_DEII/brain/install/utils/include/utils/utils/srv/subscribing.h\n'}
[0.573083] (utils) StdoutLine: {'line': b'-- Up-to-date: /home/davide-pillon/Desktop/Brain_DEII/brain/install/utils/include/utils/utils/srv/request_param.h\n'}
[0.573227] (utils) StdoutLine: {'line': b'-- Up-to-date: /home/davide-pillon/Desktop/Brain_DEII/brain/install/utils/include/utils/utils/msg\n'}
[0.573377] (utils) StdoutLine: {'line': b'-- Up-to-date: /home/davide-pillon/Desktop/Brain_DEII/brain/install/utils/include/utils/utils/msg/trafficsignprediction.h\n'}
[0.573547] (utils) StdoutLine: {'line': b'-- Up-to-date: /home/davide-pillon/Desktop/Brain_DEII/brain/install/utils/include/utils/utils/msg/localisation.h\n'}
[0.573678] (utils) StdoutLine: {'line': b'-- Up-to-date: /home/davide-pillon/Desktop/Brain_DEII/brain/install/utils/include/utils/utils/msg/conditions.h\n'}
[0.573793] (utils) StdoutLine: {'line': b'-- Up-to-date: /home/davide-pillon/Desktop/Brain_DEII/brain/install/utils/include/utils/utils/msg/imu.h\n'}
[0.573921] (utils) StdoutLine: {'line': b'-- Up-to-date: /home/davide-pillon/Desktop/Brain_DEII/brain/install/utils/include/utils/utils/msg/topic_info.h\n'}
[0.574079] (utils) StdoutLine: {'line': b'-- Up-to-date: /home/davide-pillon/Desktop/Brain_DEII/brain/install/utils/include/utils/utils/msg/log.h\n'}
[0.574259] (utils) StdoutLine: {'line': b'-- Up-to-date: /home/davide-pillon/Desktop/Brain_DEII/brain/install/utils/include/utils/utils/msg/detail\n'}
[0.574399] (utils) StdoutLine: {'line': b'-- Up-to-date: /home/davide-pillon/Desktop/Brain_DEII/brain/install/utils/include/utils/utils/msg/detail/imu__functions.c\n'}
[0.574517] (utils) StdoutLine: {'line': b'-- Up-to-date: /home/davide-pillon/Desktop/Brain_DEII/brain/install/utils/include/utils/utils/msg/detail/imu__description.c\n'}
[0.574761] (utils) StdoutLine: {'line': b'-- Installing: /home/davide-pillon/Desktop/Brain_DEII/brain/install/utils/include/utils/utils/msg/detail/trafficsignprediction__type_support.c\n'}
[0.574921] (utils) StdoutLine: {'line': b'-- Up-to-date: /home/davide-pillon/Desktop/Brain_DEII/brain/install/utils/include/utils/utils/msg/detail/log__struct.h\n'}
[0.575520] (utils) StdoutLine: {'line': b'-- Up-to-date: /home/davide-pillon/Desktop/Brain_DEII/brain/install/utils/include/utils/utils/msg/detail/semaphore__functions.h\n'}
[0.575687] (utils) StdoutLine: {'line': b'-- Up-to-date: /home/davide-pillon/Desktop/Brain_DEII/brain/install/utils/include/utils/utils/msg/detail/conditions__functions.c\n'}
[0.575768] (utils) StdoutLine: {'line': b'-- Up-to-date: /home/davide-pillon/Desktop/Brain_DEII/brain/install/utils/include/utils/utils/msg/detail/vehicles__type_support.h\n'}
[0.575838] (utils) StdoutLine: {'line': b'-- Up-to-date: /home/davide-pillon/Desktop/Brain_DEII/brain/install/utils/include/utils/utils/msg/detail/environmental__struct.h\n'}
[0.575932] (utils) StdoutLine: {'line': b'-- Up-to-date: /home/davide-pillon/Desktop/Brain_DEII/brain/install/utils/include/utils/utils/msg/detail/topic_info__description.c\n'}
[0.576035] (utils) StdoutLine: {'line': b'-- Up-to-date: /home/davide-pillon/Desktop/Brain_DEII/brain/install/utils/include/utils/utils/msg/detail/topic_info__functions.h\n'}
[0.576158] (utils) StdoutLine: {'line': b'-- Up-to-date: /home/davide-pillon/Desktop/Brain_DEII/brain/install/utils/include/utils/utils/msg/detail/vehicles__functions.h\n'}
[0.576423] (utils) StdoutLine: {'line': b'-- Up-to-date: /home/davide-pillon/Desktop/Brain_DEII/brain/install/utils/include/utils/utils/msg/detail/trafficsignprediction__struct.h\n'}
[0.576695] (utils) StdoutLine: {'line': b'-- Up-to-date: /home/davide-pillon/Desktop/Brain_DEII/brain/install/utils/include/utils/utils/msg/detail/localisation__type_support.h\n'}
[0.576839] (utils) StdoutLine: {'line': b'-- Up-to-date: /home/davide-pillon/Desktop/Brain_DEII/brain/install/utils/include/utils/utils/msg/detail/imu__functions.h\n'}
[0.576977] (utils) StdoutLine: {'line': b'-- Up-to-date: /home/davide-pillon/Desktop/Brain_DEII/brain/install/utils/include/utils/utils/msg/detail/trafficsignprediction__type_support.h\n'}
[0.577142] (utils) StdoutLine: {'line': b'-- Installing: /home/davide-pillon/Desktop/Brain_DEII/brain/install/utils/include/utils/utils/msg/detail/localisation__type_support.c\n'}
[0.577294] (utils) StdoutLine: {'line': b'-- Up-to-date: /home/davide-pillon/Desktop/Brain_DEII/brain/install/utils/include/utils/utils/msg/detail/environmental__functions.h\n'}
[0.577525] (utils) StdoutLine: {'line': b'-- Installing: /home/davide-pillon/Desktop/Brain_DEII/brain/install/utils/include/utils/utils/msg/detail/environmental__type_support.c\n'}
[0.577704] (utils) StdoutLine: {'line': b'-- Installing: /home/davide-pillon/Desktop/Brain_DEII/brain/install/utils/include/utils/utils/msg/detail/semaphore__type_support.c\n'}
[0.577863] (utils) StdoutLine: {'line': b'-- Up-to-date: /home/davide-pillon/Desktop/Brain_DEII/brain/install/utils/include/utils/utils/msg/detail/vehicles__functions.c\n'}
[0.578043] (utils) StdoutLine: {'line': b'-- Up-to-date: /home/davide-pillon/Desktop/Brain_DEII/brain/install/utils/include/utils/utils/msg/detail/conditions__functions.h\n'}
[0.578207] (utils) StdoutLine: {'line': b'-- Up-to-date: /home/davide-pillon/Desktop/Brain_DEII/brain/install/utils/include/utils/utils/msg/detail/conditions__struct.h\n'}
[0.578436] (utils) StdoutLine: {'line': b'-- Up-to-date: /home/davide-pillon/Desktop/Brain_DEII/brain/install/utils/include/utils/utils/msg/detail/log__functions.c\n'}
[0.578687] (utils) StdoutLine: {'line': b'-- Installing: /home/davide-pillon/Desktop/Brain_DEII/brain/install/utils/include/utils/utils/msg/detail/imu__type_support.c\n'}
[0.578913] (utils) StdoutLine: {'line': b'-- Up-to-date: /home/davide-pillon/Desktop/Brain_DEII/brain/install/utils/include/utils/utils/msg/detail/semaphore__type_support.h\n'}
[0.579142] (utils) StdoutLine: {'line': b'-- Up-to-date: /home/davide-pillon/Desktop/Brain_DEII/brain/install/utils/include/utils/utils/msg/detail/topic_info__functions.c\n'}
[0.579279] (utils) StdoutLine: {'line': b'-- Up-to-date: /home/davide-pillon/Desktop/Brain_DEII/brain/install/utils/include/utils/utils/msg/detail/topic_info__struct.h\n'}
[0.579405] (utils) StdoutLine: {'line': b'-- Up-to-date: /home/davide-pillon/Desktop/Brain_DEII/brain/install/utils/include/utils/utils/msg/detail/conditions__type_support.c\n'}
[0.579541] (utils) StdoutLine: {'line': b'-- Up-to-date: /home/davide-pillon/Desktop/Brain_DEII/brain/install/utils/include/utils/utils/msg/detail/environmental__description.c\n'}
[0.579663] (utils) StdoutLine: {'line': b'-- Installing: /home/davide-pillon/Desktop/Brain_DEII/brain/install/utils/include/utils/utils/msg/detail/topic_info__type_support.c\n'}
[0.579797] (utils) StdoutLine: {'line': b'-- Installing: /home/davide-pillon/Desktop/Brain_DEII/brain/install/utils/include/utils/utils/msg/detail/vehicles__type_support.c\n'}
[0.579928] (utils) StdoutLine: {'line': b'-- Up-to-date: /home/davide-pillon/Desktop/Brain_DEII/brain/install/utils/include/utils/utils/msg/detail/environmental__type_support.h\n'}
[0.580064] (utils) StdoutLine: {'line': b'-- Up-to-date: /home/davide-pillon/Desktop/Brain_DEII/brain/install/utils/include/utils/utils/msg/detail/log__type_support.h\n'}
[0.580201] (utils) StdoutLine: {'line': b'-- Up-to-date: /home/davide-pillon/Desktop/Brain_DEII/brain/install/utils/include/utils/utils/msg/detail/topic_info__type_support.h\n'}
[0.580324] (utils) StdoutLine: {'line': b'-- Up-to-date: /home/davide-pillon/Desktop/Brain_DEII/brain/install/utils/include/utils/utils/msg/detail/semaphore__struct.h\n'}
[0.580454] (utils) StdoutLine: {'line': b'-- Up-to-date: /home/davide-pillon/Desktop/Brain_DEII/brain/install/utils/include/utils/utils/msg/detail/localisation__struct.h\n'}
[0.580585] (utils) StdoutLine: {'line': b'-- Up-to-date: /home/davide-pillon/Desktop/Brain_DEII/brain/install/utils/include/utils/utils/msg/detail/localisation__functions.h\n'}
[0.580705] (utils) StdoutLine: {'line': b'-- Up-to-date: /home/davide-pillon/Desktop/Brain_DEII/brain/install/utils/include/utils/utils/msg/detail/conditions__description.c\n'}
[0.580821] (utils) StdoutLine: {'line': b'-- Up-to-date: /home/davide-pillon/Desktop/Brain_DEII/brain/install/utils/include/utils/utils/msg/detail/semaphore__description.c\n'}
[0.580945] (utils) StdoutLine: {'line': b'-- Up-to-date: /home/davide-pillon/Desktop/Brain_DEII/brain/install/utils/include/utils/utils/msg/detail/localisation__description.c\n'}
[0.581072] (utils) StdoutLine: {'line': b'-- Up-to-date: /home/davide-pillon/Desktop/Brain_DEII/brain/install/utils/include/utils/utils/msg/detail/localisation__functions.c\n'}
[0.581204] (utils) StdoutLine: {'line': b'-- Up-to-date: /home/davide-pillon/Desktop/Brain_DEII/brain/install/utils/include/utils/utils/msg/detail/conditions__type_support.h\n'}
[0.581322] (utils) StdoutLine: {'line': b'-- Up-to-date: /home/davide-pillon/Desktop/Brain_DEII/brain/install/utils/include/utils/utils/msg/detail/imu__struct.h\n'}
[0.581429] (utils) StdoutLine: {'line': b'-- Up-to-date: /home/davide-pillon/Desktop/Brain_DEII/brain/install/utils/include/utils/utils/msg/detail/log__description.c\n'}
[0.581546] (utils) StdoutLine: {'line': b'-- Up-to-date: /home/davide-pillon/Desktop/Brain_DEII/brain/install/utils/include/utils/utils/msg/detail/trafficsignprediction__functions.h\n'}
[0.581662] (utils) StdoutLine: {'line': b'-- Up-to-date: /home/davide-pillon/Desktop/Brain_DEII/brain/install/utils/include/utils/utils/msg/detail/environmental__functions.c\n'}
[0.581787] (utils) StdoutLine: {'line': b'-- Up-to-date: /home/davide-pillon/Desktop/Brain_DEII/brain/install/utils/include/utils/utils/msg/detail/log__functions.h\n'}
[0.581901] (utils) StdoutLine: {'line': b'-- Up-to-date: /home/davide-pillon/Desktop/Brain_DEII/brain/install/utils/include/utils/utils/msg/detail/semaphore__functions.c\n'}
[0.582009] (utils) StdoutLine: {'line': b'-- Up-to-date: /home/davide-pillon/Desktop/Brain_DEII/brain/install/utils/include/utils/utils/msg/detail/vehicles__description.c\n'}
[0.582143] (utils) StdoutLine: {'line': b'-- Up-to-date: /home/davide-pillon/Desktop/Brain_DEII/brain/install/utils/include/utils/utils/msg/detail/imu__type_support.h\n'}
[0.582271] (utils) StdoutLine: {'line': b'-- Up-to-date: /home/davide-pillon/Desktop/Brain_DEII/brain/install/utils/include/utils/utils/msg/detail/trafficsignprediction__description.c\n'}
[0.582384] (utils) StdoutLine: {'line': b'-- Up-to-date: /home/davide-pillon/Desktop/Brain_DEII/brain/install/utils/include/utils/utils/msg/detail/vehicles__struct.h\n'}
[0.582500] (utils) StdoutLine: {'line': b'-- Up-to-date: /home/davide-pillon/Desktop/Brain_DEII/brain/install/utils/include/utils/utils/msg/detail/trafficsignprediction__functions.c\n'}
[0.582621] (utils) StdoutLine: {'line': b'-- Installing: /home/davide-pillon/Desktop/Brain_DEII/brain/install/utils/include/utils/utils/msg/detail/log__type_support.c\n'}
[0.582743] (utils) StdoutLine: {'line': b'-- Up-to-date: /home/davide-pillon/Desktop/Brain_DEII/brain/install/utils/include/utils/utils/msg/environmental.h\n'}
[0.582853] (utils) StdoutLine: {'line': b'-- Up-to-date: /home/davide-pillon/Desktop/Brain_DEII/brain/install/utils/include/utils/utils/msg/rosidl_generator_c__visibility_control.h\n'}
[0.582964] (utils) StdoutLine: {'line': b'-- Up-to-date: /home/davide-pillon/Desktop/Brain_DEII/brain/install/utils/include/utils/utils/msg/semaphore.h\n'}
[0.583088] (utils) StdoutLine: {'line': b'-- Up-to-date: /home/davide-pillon/Desktop/Brain_DEII/brain/install/utils/include/utils/utils/msg/vehicles.h\n'}
[0.583224] (utils) StdoutLine: {'line': b'-- Up-to-date: /home/davide-pillon/Desktop/Brain_DEII/brain/install/utils/share/utils/environment/library_path.dsv\n'}
[0.583350] (utils) StdoutLine: {'line': b'-- Up-to-date: /home/davide-pillon/Desktop/Brain_DEII/brain/install/utils/lib/libutils__rosidl_generator_c.so\n'}
[0.583471] (utils) StdoutLine: {'line': b'-- Up-to-date: /home/davide-pillon/Desktop/Brain_DEII/brain/install/utils/include/utils/utils\n'}
[0.583593] (utils) StdoutLine: {'line': b'-- Up-to-date: /home/davide-pillon/Desktop/Brain_DEII/brain/install/utils/include/utils/utils/srv\n'}
[0.583713] (utils) StdoutLine: {'line': b'-- Up-to-date: /home/davide-pillon/Desktop/Brain_DEII/brain/install/utils/include/utils/utils/srv/detail\n'}
[0.583833] (utils) StdoutLine: {'line': b'-- Up-to-date: /home/davide-pillon/Desktop/Brain_DEII/brain/install/utils/include/utils/utils/srv/detail/subscribing__rosidl_typesupport_fastrtps_c.h\n'}
[0.583954] (utils) StdoutLine: {'line': b'-- Up-to-date: /home/davide-pillon/Desktop/Brain_DEII/brain/install/utils/include/utils/utils/srv/detail/request_param__rosidl_typesupport_fastrtps_c.h\n'}
[0.584089] (utils) StdoutLine: {'line': b'-- Up-to-date: /home/davide-pillon/Desktop/Brain_DEII/brain/install/utils/include/utils/utils/msg\n'}
[0.584217] (utils) StdoutLine: {'line': b'-- Up-to-date: /home/davide-pillon/Desktop/Brain_DEII/brain/install/utils/include/utils/utils/msg/rosidl_typesupport_fastrtps_c__visibility_control.h\n'}
[0.584311] (utils) StdoutLine: {'line': b'-- Up-to-date: /home/davide-pillon/Desktop/Brain_DEII/brain/install/utils/include/utils/utils/msg/detail\n'}
[0.584402] (utils) StdoutLine: {'line': b'-- Up-to-date: /home/davide-pillon/Desktop/Brain_DEII/brain/install/utils/include/utils/utils/msg/detail/semaphore__rosidl_typesupport_fastrtps_c.h\n'}
[0.584504] (utils) StdoutLine: {'line': b'-- Up-to-date: /home/davide-pillon/Desktop/Brain_DEII/brain/install/utils/include/utils/utils/msg/detail/localisation__rosidl_typesupport_fastrtps_c.h\n'}
[0.584596] (utils) StdoutLine: {'line': b'-- Up-to-date: /home/davide-pillon/Desktop/Brain_DEII/brain/install/utils/include/utils/utils/msg/detail/log__rosidl_typesupport_fastrtps_c.h\n'}
[0.584695] (utils) StdoutLine: {'line': b'-- Up-to-date: /home/davide-pillon/Desktop/Brain_DEII/brain/install/utils/include/utils/utils/msg/detail/trafficsignprediction__rosidl_typesupport_fastrtps_c.h\n'}
[0.584806] (utils) StdoutLine: {'line': b'-- Up-to-date: /home/davide-pillon/Desktop/Brain_DEII/brain/install/utils/include/utils/utils/msg/detail/topic_info__rosidl_typesupport_fastrtps_c.h\n'}
[0.584911] (utils) StdoutLine: {'line': b'-- Up-to-date: /home/davide-pillon/Desktop/Brain_DEII/brain/install/utils/include/utils/utils/msg/detail/vehicles__rosidl_typesupport_fastrtps_c.h\n'}
[0.585030] (utils) StdoutLine: {'line': b'-- Up-to-date: /home/davide-pillon/Desktop/Brain_DEII/brain/install/utils/include/utils/utils/msg/detail/conditions__rosidl_typesupport_fastrtps_c.h\n'}
[0.585155] (utils) StdoutLine: {'line': b'-- Up-to-date: /home/davide-pillon/Desktop/Brain_DEII/brain/install/utils/include/utils/utils/msg/detail/imu__rosidl_typesupport_fastrtps_c.h\n'}
[0.585274] (utils) StdoutLine: {'line': b'-- Up-to-date: /home/davide-pillon/Desktop/Brain_DEII/brain/install/utils/include/utils/utils/msg/detail/environmental__rosidl_typesupport_fastrtps_c.h\n'}
[0.585406] (utils) StdoutLine: {'line': b'-- Up-to-date: /home/davide-pillon/Desktop/Brain_DEII/brain/install/utils/lib/libutils__rosidl_typesupport_fastrtps_c.so\n'}
[0.585529] (utils) StdoutLine: {'line': b'-- Up-to-date: /home/davide-pillon/Desktop/Brain_DEII/brain/install/utils/include/utils/utils\n'}
[0.585664] (utils) StdoutLine: {'line': b'-- Up-to-date: /home/davide-pillon/Desktop/Brain_DEII/brain/install/utils/include/utils/utils/srv\n'}
[0.585789] (utils) StdoutLine: {'line': b'-- Up-to-date: /home/davide-pillon/Desktop/Brain_DEII/brain/install/utils/include/utils/utils/srv/detail\n'}
[0.585912] (utils) StdoutLine: {'line': b'-- Up-to-date: /home/davide-pillon/Desktop/Brain_DEII/brain/install/utils/include/utils/utils/srv/detail/subscribing__type_support.c\n'}
[0.586038] (utils) StdoutLine: {'line': b'-- Installing: /home/davide-pillon/Desktop/Brain_DEII/brain/install/utils/include/utils/utils/srv/detail/request_param__type_support.c\n'}
[0.586163] (utils) StdoutLine: {'line': b'-- Up-to-date: /home/davide-pillon/Desktop/Brain_DEII/brain/install/utils/include/utils/utils/srv/detail/subscribing__rosidl_typesupport_introspection_c.h\n'}
[0.586278] (utils) StdoutLine: {'line': b'-- Up-to-date: /home/davide-pillon/Desktop/Brain_DEII/brain/install/utils/include/utils/utils/srv/detail/request_param__rosidl_typesupport_introspection_c.h\n'}
[0.586421] (utils) StdoutLine: {'line': b'-- Up-to-date: /home/davide-pillon/Desktop/Brain_DEII/brain/install/utils/include/utils/utils/msg\n'}
[0.586543] (utils) StdoutLine: {'line': b'-- Up-to-date: /home/davide-pillon/Desktop/Brain_DEII/brain/install/utils/include/utils/utils/msg/rosidl_typesupport_introspection_c__visibility_control.h\n'}
[0.586676] (utils) StdoutLine: {'line': b'-- Up-to-date: /home/davide-pillon/Desktop/Brain_DEII/brain/install/utils/include/utils/utils/msg/detail\n'}
[0.586803] (utils) StdoutLine: {'line': b'-- Up-to-date: /home/davide-pillon/Desktop/Brain_DEII/brain/install/utils/include/utils/utils/msg/detail/environmental__rosidl_typesupport_introspection_c.h\n'}
[0.586923] (utils) StdoutLine: {'line': b'-- Installing: /home/davide-pillon/Desktop/Brain_DEII/brain/install/utils/include/utils/utils/msg/detail/trafficsignprediction__type_support.c\n'}
[0.587051] (utils) StdoutLine: {'line': b'-- Up-to-date: /home/davide-pillon/Desktop/Brain_DEII/brain/install/utils/include/utils/utils/msg/detail/conditions__rosidl_typesupport_introspection_c.h\n'}
[0.587187] (utils) StdoutLine: {'line': b'-- Installing: /home/davide-pillon/Desktop/Brain_DEII/brain/install/utils/include/utils/utils/msg/detail/localisation__type_support.c\n'}
[0.587312] (utils) StdoutLine: {'line': b'-- Installing: /home/davide-pillon/Desktop/Brain_DEII/brain/install/utils/include/utils/utils/msg/detail/environmental__type_support.c\n'}
[0.587433] (utils) StdoutLine: {'line': b'-- Installing: /home/davide-pillon/Desktop/Brain_DEII/brain/install/utils/include/utils/utils/msg/detail/semaphore__type_support.c\n'}
[0.587563] (utils) StdoutLine: {'line': b'-- Up-to-date: /home/davide-pillon/Desktop/Brain_DEII/brain/install/utils/include/utils/utils/msg/detail/log__rosidl_typesupport_introspection_c.h\n'}
[0.587676] (utils) StdoutLine: {'line': b'-- Installing: /home/davide-pillon/Desktop/Brain_DEII/brain/install/utils/include/utils/utils/msg/detail/imu__type_support.c\n'}
[0.587785] (utils) StdoutLine: {'line': b'-- Up-to-date: /home/davide-pillon/Desktop/Brain_DEII/brain/install/utils/include/utils/utils/msg/detail/conditions__type_support.c\n'}
[0.587895] (utils) StdoutLine: {'line': b'-- Installing: /home/davide-pillon/Desktop/Brain_DEII/brain/install/utils/include/utils/utils/msg/detail/topic_info__type_support.c\n'}
[0.588011] (utils) StdoutLine: {'line': b'-- Installing: /home/davide-pillon/Desktop/Brain_DEII/brain/install/utils/include/utils/utils/msg/detail/vehicles__type_support.c\n'}
[0.588133] (utils) StdoutLine: {'line': b'-- Up-to-date: /home/davide-pillon/Desktop/Brain_DEII/brain/install/utils/include/utils/utils/msg/detail/semaphore__rosidl_typesupport_introspection_c.h\n'}
[0.588249] (utils) StdoutLine: {'line': b'-- Up-to-date: /home/davide-pillon/Desktop/Brain_DEII/brain/install/utils/include/utils/utils/msg/detail/trafficsignprediction__rosidl_typesupport_introspection_c.h\n'}
[0.588365] (utils) StdoutLine: {'line': b'-- Up-to-date: /home/davide-pillon/Desktop/Brain_DEII/brain/install/utils/include/utils/utils/msg/detail/vehicles__rosidl_typesupport_introspection_c.h\n'}
[0.588469] (utils) StdoutLine: {'line': b'-- Up-to-date: /home/davide-pillon/Desktop/Brain_DEII/brain/install/utils/include/utils/utils/msg/detail/localisation__rosidl_typesupport_introspection_c.h\n'}
[0.588587] (utils) StdoutLine: {'line': b'-- Up-to-date: /home/davide-pillon/Desktop/Brain_DEII/brain/install/utils/include/utils/utils/msg/detail/topic_info__rosidl_typesupport_introspection_c.h\n'}
[0.588714] (utils) StdoutLine: {'line': b'-- Installing: /home/davide-pillon/Desktop/Brain_DEII/brain/install/utils/include/utils/utils/msg/detail/log__type_support.c\n'}
[0.588835] (utils) StdoutLine: {'line': b'-- Up-to-date: /home/davide-pillon/Desktop/Brain_DEII/brain/install/utils/include/utils/utils/msg/detail/imu__rosidl_typesupport_introspection_c.h\n'}
[0.588961] (utils) StdoutLine: {'line': b'-- Up-to-date: /home/davide-pillon/Desktop/Brain_DEII/brain/install/utils/lib/libutils__rosidl_typesupport_introspection_c.so\n'}
[0.589093] (utils) StdoutLine: {'line': b'-- Up-to-date: /home/davide-pillon/Desktop/Brain_DEII/brain/install/utils/lib/libutils__rosidl_typesupport_c.so\n'}
[0.589221] (utils) StdoutLine: {'line': b'-- Up-to-date: /home/davide-pillon/Desktop/Brain_DEII/brain/install/utils/include/utils/utils\n'}
[0.589338] (utils) StdoutLine: {'line': b'-- Up-to-date: /home/davide-pillon/Desktop/Brain_DEII/brain/install/utils/include/utils/utils/srv\n'}
[0.589461] (utils) StdoutLine: {'line': b'-- Up-to-date: /home/davide-pillon/Desktop/Brain_DEII/brain/install/utils/include/utils/utils/srv/request_param.hpp\n'}
[0.589580] (utils) StdoutLine: {'line': b'-- Up-to-date: /home/davide-pillon/Desktop/Brain_DEII/brain/install/utils/include/utils/utils/srv/subscribing.hpp\n'}
[0.589695] (utils) StdoutLine: {'line': b'-- Up-to-date: /home/davide-pillon/Desktop/Brain_DEII/brain/install/utils/include/utils/utils/srv/detail\n'}
[0.589816] (utils) StdoutLine: {'line': b'-- Up-to-date: /home/davide-pillon/Desktop/Brain_DEII/brain/install/utils/include/utils/utils/srv/detail/request_param__struct.hpp\n'}
[0.589932] (utils) StdoutLine: {'line': b'-- Up-to-date: /home/davide-pillon/Desktop/Brain_DEII/brain/install/utils/include/utils/utils/srv/detail/subscribing__struct.hpp\n'}
[0.590052] (utils) StdoutLine: {'line': b'-- Up-to-date: /home/davide-pillon/Desktop/Brain_DEII/brain/install/utils/include/utils/utils/srv/detail/request_param__type_support.hpp\n'}
[0.590199] (utils) StdoutLine: {'line': b'-- Up-to-date: /home/davide-pillon/Desktop/Brain_DEII/brain/install/utils/include/utils/utils/srv/detail/request_param__builder.hpp\n'}
[0.590323] (utils) StdoutLine: {'line': b'-- Up-to-date: /home/davide-pillon/Desktop/Brain_DEII/brain/install/utils/include/utils/utils/srv/detail/subscribing__builder.hpp\n'}
[0.590445] (utils) StdoutLine: {'line': b'-- Up-to-date: /home/davide-pillon/Desktop/Brain_DEII/brain/install/utils/include/utils/utils/srv/detail/subscribing__traits.hpp\n'}
[0.590569] (utils) StdoutLine: {'line': b'-- Up-to-date: /home/davide-pillon/Desktop/Brain_DEII/brain/install/utils/include/utils/utils/srv/detail/subscribing__type_support.hpp\n'}
[0.590695] (utils) StdoutLine: {'line': b'-- Up-to-date: /home/davide-pillon/Desktop/Brain_DEII/brain/install/utils/include/utils/utils/srv/detail/request_param__traits.hpp\n'}
[0.590815] (utils) StdoutLine: {'line': b'-- Up-to-date: /home/davide-pillon/Desktop/Brain_DEII/brain/install/utils/include/utils/utils/msg\n'}
[0.590941] (utils) StdoutLine: {'line': b'-- Up-to-date: /home/davide-pillon/Desktop/Brain_DEII/brain/install/utils/include/utils/utils/msg/environmental.hpp\n'}
[0.591071] (utils) StdoutLine: {'line': b'-- Up-to-date: /home/davide-pillon/Desktop/Brain_DEII/brain/install/utils/include/utils/utils/msg/conditions.hpp\n'}
[0.591197] (utils) StdoutLine: {'line': b'-- Up-to-date: /home/davide-pillon/Desktop/Brain_DEII/brain/install/utils/include/utils/utils/msg/localisation.hpp\n'}
[0.591318] (utils) StdoutLine: {'line': b'-- Up-to-date: /home/davide-pillon/Desktop/Brain_DEII/brain/install/utils/include/utils/utils/msg/semaphore.hpp\n'}
[0.591439] (utils) StdoutLine: {'line': b'-- Up-to-date: /home/davide-pillon/Desktop/Brain_DEII/brain/install/utils/include/utils/utils/msg/vehicles.hpp\n'}
[0.591557] (utils) StdoutLine: {'line': b'-- Up-to-date: /home/davide-pillon/Desktop/Brain_DEII/brain/install/utils/include/utils/utils/msg/detail\n'}
[0.591679] (utils) StdoutLine: {'line': b'-- Up-to-date: /home/davide-pillon/Desktop/Brain_DEII/brain/install/utils/include/utils/utils/msg/detail/environmental__traits.hpp\n'}
[0.591797] (utils) StdoutLine: {'line': b'-- Up-to-date: /home/davide-pillon/Desktop/Brain_DEII/brain/install/utils/include/utils/utils/msg/detail/environmental__struct.hpp\n'}
[0.591919] (utils) StdoutLine: {'line': b'-- Up-to-date: /home/davide-pillon/Desktop/Brain_DEII/brain/install/utils/include/utils/utils/msg/detail/imu__type_support.hpp\n'}
[0.592040] (utils) StdoutLine: {'line': b'-- Up-to-date: /home/davide-pillon/Desktop/Brain_DEII/brain/install/utils/include/utils/utils/msg/detail/semaphore__struct.hpp\n'}
[0.592170] (utils) StdoutLine: {'line': b'-- Up-to-date: /home/davide-pillon/Desktop/Brain_DEII/brain/install/utils/include/utils/utils/msg/detail/semaphore__traits.hpp\n'}
[0.592287] (utils) StdoutLine: {'line': b'-- Up-to-date: /home/davide-pillon/Desktop/Brain_DEII/brain/install/utils/include/utils/utils/msg/detail/localisation__struct.hpp\n'}
[0.592406] (utils) StdoutLine: {'line': b'-- Up-to-date: /home/davide-pillon/Desktop/Brain_DEII/brain/install/utils/include/utils/utils/msg/detail/log__type_support.hpp\n'}
[0.592527] (utils) StdoutLine: {'line': b'-- Up-to-date: /home/davide-pillon/Desktop/Brain_DEII/brain/install/utils/include/utils/utils/msg/detail/imu__builder.hpp\n'}
[0.592645] (utils) StdoutLine: {'line': b'-- Up-to-date: /home/davide-pillon/Desktop/Brain_DEII/brain/install/utils/include/utils/utils/msg/detail/conditions__traits.hpp\n'}
[0.592760] (utils) StdoutLine: {'line': b'-- Up-to-date: /home/davide-pillon/Desktop/Brain_DEII/brain/install/utils/include/utils/utils/msg/detail/vehicles__traits.hpp\n'}
[0.592880] (utils) StdoutLine: {'line': b'-- Up-to-date: /home/davide-pillon/Desktop/Brain_DEII/brain/install/utils/include/utils/utils/msg/detail/semaphore__type_support.hpp\n'}
[0.593000] (utils) StdoutLine: {'line': b'-- Up-to-date: /home/davide-pillon/Desktop/Brain_DEII/brain/install/utils/include/utils/utils/msg/detail/localisation__type_support.hpp\n'}
[0.593123] (utils) StdoutLine: {'line': b'-- Up-to-date: /home/davide-pillon/Desktop/Brain_DEII/brain/install/utils/include/utils/utils/msg/detail/environmental__builder.hpp\n'}
[0.593241] (utils) StdoutLine: {'line': b'-- Up-to-date: /home/davide-pillon/Desktop/Brain_DEII/brain/install/utils/include/utils/utils/msg/detail/topic_info__traits.hpp\n'}
[0.593365] (utils) StdoutLine: {'line': b'-- Up-to-date: /home/davide-pillon/Desktop/Brain_DEII/brain/install/utils/include/utils/utils/msg/detail/vehicles__builder.hpp\n'}
[0.593481] (utils) StdoutLine: {'line': b'-- Up-to-date: /home/davide-pillon/Desktop/Brain_DEII/brain/install/utils/include/utils/utils/msg/detail/semaphore__builder.hpp\n'}
[0.593616] (utils) StdoutLine: {'line': b'-- Up-to-date: /home/davide-pillon/Desktop/Brain_DEII/brain/install/utils/include/utils/utils/msg/detail/localisation__builder.hpp\n'}
[0.593738] (utils) StdoutLine: {'line': b'-- Up-to-date: /home/davide-pillon/Desktop/Brain_DEII/brain/install/utils/include/utils/utils/msg/detail/conditions__type_support.hpp\n'}
[0.593877] (utils) StdoutLine: {'line': b'-- Up-to-date: /home/davide-pillon/Desktop/Brain_DEII/brain/install/utils/include/utils/utils/msg/detail/localisation__traits.hpp\n'}
[0.594009] (utils) StdoutLine: {'line': b'-- Up-to-date: /home/davide-pillon/Desktop/Brain_DEII/brain/install/utils/include/utils/utils/msg/detail/topic_info__builder.hpp\n'}
[0.594151] (utils) StdoutLine: {'line': b'-- Up-to-date: /home/davide-pillon/Desktop/Brain_DEII/brain/install/utils/include/utils/utils/msg/detail/trafficsignprediction__traits.hpp\n'}
[0.594289] (utils) StdoutLine: {'line': b'-- Up-to-date: /home/davide-pillon/Desktop/Brain_DEII/brain/install/utils/include/utils/utils/msg/detail/environmental__type_support.hpp\n'}
[0.594413] (utils) StdoutLine: {'line': b'-- Up-to-date: /home/davide-pillon/Desktop/Brain_DEII/brain/install/utils/include/utils/utils/msg/detail/topic_info__struct.hpp\n'}
[0.594538] (utils) StdoutLine: {'line': b'-- Up-to-date: /home/davide-pillon/Desktop/Brain_DEII/brain/install/utils/include/utils/utils/msg/detail/topic_info__type_support.hpp\n'}
[0.594663] (utils) StdoutLine: {'line': b'-- Up-to-date: /home/davide-pillon/Desktop/Brain_DEII/brain/install/utils/include/utils/utils/msg/detail/imu__struct.hpp\n'}
[0.594788] (utils) StdoutLine: {'line': b'-- Up-to-date: /home/davide-pillon/Desktop/Brain_DEII/brain/install/utils/include/utils/utils/msg/detail/trafficsignprediction__builder.hpp\n'}
[0.594913] (utils) StdoutLine: {'line': b'-- Up-to-date: /home/davide-pillon/Desktop/Brain_DEII/brain/install/utils/include/utils/utils/msg/detail/vehicles__struct.hpp\n'}
[0.595033] (utils) StdoutLine: {'line': b'-- Up-to-date: /home/davide-pillon/Desktop/Brain_DEII/brain/install/utils/include/utils/utils/msg/detail/conditions__struct.hpp\n'}
[0.595161] (utils) StdoutLine: {'line': b'-- Up-to-date: /home/davide-pillon/Desktop/Brain_DEII/brain/install/utils/include/utils/utils/msg/detail/vehicles__type_support.hpp\n'}
[0.595287] (utils) StdoutLine: {'line': b'-- Up-to-date: /home/davide-pillon/Desktop/Brain_DEII/brain/install/utils/include/utils/utils/msg/detail/trafficsignprediction__struct.hpp\n'}
[0.595419] (utils) StdoutLine: {'line': b'-- Up-to-date: /home/davide-pillon/Desktop/Brain_DEII/brain/install/utils/include/utils/utils/msg/detail/log__builder.hpp\n'}
[0.595543] (utils) StdoutLine: {'line': b'-- Up-to-date: /home/davide-pillon/Desktop/Brain_DEII/brain/install/utils/include/utils/utils/msg/detail/imu__traits.hpp\n'}
[0.595663] (utils) StdoutLine: {'line': b'-- Up-to-date: /home/davide-pillon/Desktop/Brain_DEII/brain/install/utils/include/utils/utils/msg/detail/conditions__builder.hpp\n'}
[0.595788] (utils) StdoutLine: {'line': b'-- Up-to-date: /home/davide-pillon/Desktop/Brain_DEII/brain/install/utils/include/utils/utils/msg/detail/log__traits.hpp\n'}
[0.595907] (utils) StdoutLine: {'line': b'-- Up-to-date: /home/davide-pillon/Desktop/Brain_DEII/brain/install/utils/include/utils/utils/msg/detail/trafficsignprediction__type_support.hpp\n'}
[0.596027] (utils) StdoutLine: {'line': b'-- Up-to-date: /home/davide-pillon/Desktop/Brain_DEII/brain/install/utils/include/utils/utils/msg/detail/log__struct.hpp\n'}
[0.596160] (utils) StdoutLine: {'line': b'-- Up-to-date: /home/davide-pillon/Desktop/Brain_DEII/brain/install/utils/include/utils/utils/msg/topic_info.hpp\n'}
[0.596366] (utils) StdoutLine: {'line': b'-- Up-to-date: /home/davide-pillon/Desktop/Brain_DEII/brain/install/utils/include/utils/utils/msg/rosidl_generator_cpp__visibility_control.hpp\n'}
[0.596464] (utils) StdoutLine: {'line': b'-- Up-to-date: /home/davide-pillon/Desktop/Brain_DEII/brain/install/utils/include/utils/utils/msg/imu.hpp\n'}
[0.596546] (utils) StdoutLine: {'line': b'-- Up-to-date: /home/davide-pillon/Desktop/Brain_DEII/brain/install/utils/include/utils/utils/msg/trafficsignprediction.hpp\n'}
[0.596628] (utils) StdoutLine: {'line': b'-- Up-to-date: /home/davide-pillon/Desktop/Brain_DEII/brain/install/utils/include/utils/utils/msg/log.hpp\n'}
[0.596704] (utils) StdoutLine: {'line': b'-- Up-to-date: /home/davide-pillon/Desktop/Brain_DEII/brain/install/utils/include/utils/utils\n'}
[0.596783] (utils) StdoutLine: {'line': b'-- Up-to-date: /home/davide-pillon/Desktop/Brain_DEII/brain/install/utils/include/utils/utils/srv\n'}
[0.596863] (utils) StdoutLine: {'line': b'-- Up-to-date: /home/davide-pillon/Desktop/Brain_DEII/brain/install/utils/include/utils/utils/srv/detail\n'}
[0.596947] (utils) StdoutLine: {'line': b'-- Up-to-date: /home/davide-pillon/Desktop/Brain_DEII/brain/install/utils/include/utils/utils/srv/detail/dds_fastrtps\n'}
[0.597013] (utils) StdoutLine: {'line': b'-- Up-to-date: /home/davide-pillon/Desktop/Brain_DEII/brain/install/utils/include/utils/utils/srv/detail/subscribing__rosidl_typesupport_fastrtps_cpp.hpp\n'}
[0.597078] (utils) StdoutLine: {'line': b'-- Up-to-date: /home/davide-pillon/Desktop/Brain_DEII/brain/install/utils/include/utils/utils/srv/detail/request_param__rosidl_typesupport_fastrtps_cpp.hpp\n'}
[0.597154] (utils) StdoutLine: {'line': b'-- Up-to-date: /home/davide-pillon/Desktop/Brain_DEII/brain/install/utils/include/utils/utils/msg\n'}
[0.597216] (utils) StdoutLine: {'line': b'-- Up-to-date: /home/davide-pillon/Desktop/Brain_DEII/brain/install/utils/include/utils/utils/msg/rosidl_typesupport_fastrtps_cpp__visibility_control.h\n'}
[0.597280] (utils) StdoutLine: {'line': b'-- Up-to-date: /home/davide-pillon/Desktop/Brain_DEII/brain/install/utils/include/utils/utils/msg/detail\n'}
[0.597343] (utils) StdoutLine: {'line': b'-- Up-to-date: /home/davide-pillon/Desktop/Brain_DEII/brain/install/utils/include/utils/utils/msg/detail/imu__rosidl_typesupport_fastrtps_cpp.hpp\n'}
[0.597410] (utils) StdoutLine: {'line': b'-- Up-to-date: /home/davide-pillon/Desktop/Brain_DEII/brain/install/utils/include/utils/utils/msg/detail/conditions__rosidl_typesupport_fastrtps_cpp.hpp\n'}
[0.597475] (utils) StdoutLine: {'line': b'-- Up-to-date: /home/davide-pillon/Desktop/Brain_DEII/brain/install/utils/include/utils/utils/msg/detail/vehicles__rosidl_typesupport_fastrtps_cpp.hpp\n'}
[0.597552] (utils) StdoutLine: {'line': b'-- Up-to-date: /home/davide-pillon/Desktop/Brain_DEII/brain/install/utils/include/utils/utils/msg/detail/topic_info__rosidl_typesupport_fastrtps_cpp.hpp\n'}
[0.597617] (utils) StdoutLine: {'line': b'-- Up-to-date: /home/davide-pillon/Desktop/Brain_DEII/brain/install/utils/include/utils/utils/msg/detail/localisation__rosidl_typesupport_fastrtps_cpp.hpp\n'}
[0.597685] (utils) StdoutLine: {'line': b'-- Up-to-date: /home/davide-pillon/Desktop/Brain_DEII/brain/install/utils/include/utils/utils/msg/detail/log__rosidl_typesupport_fastrtps_cpp.hpp\n'}
[0.597748] (utils) StdoutLine: {'line': b'-- Up-to-date: /home/davide-pillon/Desktop/Brain_DEII/brain/install/utils/include/utils/utils/msg/detail/trafficsignprediction__rosidl_typesupport_fastrtps_cpp.hpp\n'}
[0.597813] (utils) StdoutLine: {'line': b'-- Up-to-date: /home/davide-pillon/Desktop/Brain_DEII/brain/install/utils/include/utils/utils/msg/detail/environmental__rosidl_typesupport_fastrtps_cpp.hpp\n'}
[0.597878] (utils) StdoutLine: {'line': b'-- Up-to-date: /home/davide-pillon/Desktop/Brain_DEII/brain/install/utils/include/utils/utils/msg/detail/dds_fastrtps\n'}
[0.597940] (utils) StdoutLine: {'line': b'-- Up-to-date: /home/davide-pillon/Desktop/Brain_DEII/brain/install/utils/include/utils/utils/msg/detail/semaphore__rosidl_typesupport_fastrtps_cpp.hpp\n'}
[0.598001] (utils) StdoutLine: {'line': b'-- Up-to-date: /home/davide-pillon/Desktop/Brain_DEII/brain/install/utils/lib/libutils__rosidl_typesupport_fastrtps_cpp.so\n'}
[0.598063] (utils) StdoutLine: {'line': b'-- Up-to-date: /home/davide-pillon/Desktop/Brain_DEII/brain/install/utils/include/utils/utils\n'}
[0.598133] (utils) StdoutLine: {'line': b'-- Up-to-date: /home/davide-pillon/Desktop/Brain_DEII/brain/install/utils/include/utils/utils/srv\n'}
[0.598199] (utils) StdoutLine: {'line': b'-- Up-to-date: /home/davide-pillon/Desktop/Brain_DEII/brain/install/utils/include/utils/utils/srv/detail\n'}
[0.598261] (utils) StdoutLine: {'line': b'-- Up-to-date: /home/davide-pillon/Desktop/Brain_DEII/brain/install/utils/include/utils/utils/srv/detail/request_param__rosidl_typesupport_introspection_cpp.hpp\n'}
[0.598323] (utils) StdoutLine: {'line': b'-- Up-to-date: /home/davide-pillon/Desktop/Brain_DEII/brain/install/utils/include/utils/utils/srv/detail/subscribing__rosidl_typesupport_introspection_cpp.hpp\n'}
[0.598390] (utils) StdoutLine: {'line': b'-- Up-to-date: /home/davide-pillon/Desktop/Brain_DEII/brain/install/utils/include/utils/utils/srv/detail/subscribing__type_support.cpp\n'}
[0.598453] (utils) StdoutLine: {'line': b'-- Up-to-date: /home/davide-pillon/Desktop/Brain_DEII/brain/install/utils/include/utils/utils/srv/detail/request_param__type_support.cpp\n'}
[0.598514] (utils) StdoutLine: {'line': b'-- Up-to-date: /home/davide-pillon/Desktop/Brain_DEII/brain/install/utils/include/utils/utils/msg\n'}
[0.598576] (utils) StdoutLine: {'line': b'-- Up-to-date: /home/davide-pillon/Desktop/Brain_DEII/brain/install/utils/include/utils/utils/msg/detail\n'}
[0.598640] (utils) StdoutLine: {'line': b'-- Up-to-date: /home/davide-pillon/Desktop/Brain_DEII/brain/install/utils/include/utils/utils/msg/detail/environmental__type_support.cpp\n'}
[0.598704] (utils) StdoutLine: {'line': b'-- Up-to-date: /home/davide-pillon/Desktop/Brain_DEII/brain/install/utils/include/utils/utils/msg/detail/imu__rosidl_typesupport_introspection_cpp.hpp\n'}
[0.598767] (utils) StdoutLine: {'line': b'-- Up-to-date: /home/davide-pillon/Desktop/Brain_DEII/brain/install/utils/include/utils/utils/msg/detail/vehicles__type_support.cpp\n'}
[0.598830] (utils) StdoutLine: {'line': b'-- Up-to-date: /home/davide-pillon/Desktop/Brain_DEII/brain/install/utils/include/utils/utils/msg/detail/imu__type_support.cpp\n'}
[0.598893] (utils) StdoutLine: {'line': b'-- Up-to-date: /home/davide-pillon/Desktop/Brain_DEII/brain/install/utils/include/utils/utils/msg/detail/environmental__rosidl_typesupport_introspection_cpp.hpp\n'}
[0.598959] (utils) StdoutLine: {'line': b'-- Up-to-date: /home/davide-pillon/Desktop/Brain_DEII/brain/install/utils/include/utils/utils/msg/detail/vehicles__rosidl_typesupport_introspection_cpp.hpp\n'}
[0.599025] (utils) StdoutLine: {'line': b'-- Up-to-date: /home/davide-pillon/Desktop/Brain_DEII/brain/install/utils/include/utils/utils/msg/detail/conditions__rosidl_typesupport_introspection_cpp.hpp\n'}
[0.599091] (utils) StdoutLine: {'line': b'-- Up-to-date: /home/davide-pillon/Desktop/Brain_DEII/brain/install/utils/include/utils/utils/msg/detail/topic_info__type_support.cpp\n'}
[0.599162] (utils) StdoutLine: {'line': b'-- Up-to-date: /home/davide-pillon/Desktop/Brain_DEII/brain/install/utils/include/utils/utils/msg/detail/localisation__type_support.cpp\n'}
[0.599226] (utils) StdoutLine: {'line': b'-- Up-to-date: /home/davide-pillon/Desktop/Brain_DEII/brain/install/utils/include/utils/utils/msg/detail/semaphore__rosidl_typesupport_introspection_cpp.hpp\n'}
[0.599288] (utils) StdoutLine: {'line': b'-- Up-to-date: /home/davide-pillon/Desktop/Brain_DEII/brain/install/utils/include/utils/utils/msg/detail/conditions__type_support.cpp\n'}
[0.599352] (utils) StdoutLine: {'line': b'-- Up-to-date: /home/davide-pillon/Desktop/Brain_DEII/brain/install/utils/include/utils/utils/msg/detail/log__type_support.cpp\n'}
[0.599416] (utils) StdoutLine: {'line': b'-- Up-to-date: /home/davide-pillon/Desktop/Brain_DEII/brain/install/utils/include/utils/utils/msg/detail/localisation__rosidl_typesupport_introspection_cpp.hpp\n'}
[0.599488] (utils) StdoutLine: {'line': b'-- Up-to-date: /home/davide-pillon/Desktop/Brain_DEII/brain/install/utils/include/utils/utils/msg/detail/semaphore__type_support.cpp\n'}
[0.599551] (utils) StdoutLine: {'line': b'-- Up-to-date: /home/davide-pillon/Desktop/Brain_DEII/brain/install/utils/include/utils/utils/msg/detail/trafficsignprediction__type_support.cpp\n'}
[0.599613] (utils) StdoutLine: {'line': b'-- Up-to-date: /home/davide-pillon/Desktop/Brain_DEII/brain/install/utils/include/utils/utils/msg/detail/topic_info__rosidl_typesupport_introspection_cpp.hpp\n'}
[0.599678] (utils) StdoutLine: {'line': b'-- Up-to-date: /home/davide-pillon/Desktop/Brain_DEII/brain/install/utils/include/utils/utils/msg/detail/log__rosidl_typesupport_introspection_cpp.hpp\n'}
[0.599742] (utils) StdoutLine: {'line': b'-- Up-to-date: /home/davide-pillon/Desktop/Brain_DEII/brain/install/utils/include/utils/utils/msg/detail/trafficsignprediction__rosidl_typesupport_introspection_cpp.hpp\n'}
[0.599806] (utils) StdoutLine: {'line': b'-- Up-to-date: /home/davide-pillon/Desktop/Brain_DEII/brain/install/utils/lib/libutils__rosidl_typesupport_introspection_cpp.so\n'}
[0.599871] (utils) StdoutLine: {'line': b'-- Up-to-date: /home/davide-pillon/Desktop/Brain_DEII/brain/install/utils/lib/libutils__rosidl_typesupport_cpp.so\n'}
[0.599933] (utils) StdoutLine: {'line': b'-- Up-to-date: /home/davide-pillon/Desktop/Brain_DEII/brain/install/utils/share/utils/environment/pythonpath.sh\n'}
[0.599995] (utils) StdoutLine: {'line': b'-- Up-to-date: /home/davide-pillon/Desktop/Brain_DEII/brain/install/utils/share/utils/environment/pythonpath.dsv\n'}
[0.600059] (utils) StdoutLine: {'line': b'-- Up-to-date: /home/davide-pillon/Desktop/Brain_DEII/brain/install/utils/lib/python3.12/site-packages/utils-0.0.0-py3.12.egg-info\n'}
[0.600134] (utils) StdoutLine: {'line': b'-- Installing: /home/davide-pillon/Desktop/Brain_DEII/brain/install/utils/lib/python3.12/site-packages/utils-0.0.0-py3.12.egg-info/dependency_links.txt\n'}
[0.600198] (-) TimerEvent: {}
[0.600287] (utils) StdoutLine: {'line': b'-- Installing: /home/davide-pillon/Desktop/Brain_DEII/brain/install/utils/lib/python3.12/site-packages/utils-0.0.0-py3.12.egg-info/SOURCES.txt\n'}
[0.600368] (utils) StdoutLine: {'line': b'-- Installing: /home/davide-pillon/Desktop/Brain_DEII/brain/install/utils/lib/python3.12/site-packages/utils-0.0.0-py3.12.egg-info/PKG-INFO\n'}
[0.600437] (utils) StdoutLine: {'line': b'-- Installing: /home/davide-pillon/Desktop/Brain_DEII/brain/install/utils/lib/python3.12/site-packages/utils-0.0.0-py3.12.egg-info/top_level.txt\n'}
[0.600501] (utils) StdoutLine: {'line': b'-- Up-to-date: /home/davide-pillon/Desktop/Brain_DEII/brain/install/utils/lib/python3.12/site-packages/utils\n'}
[0.600570] (utils) StdoutLine: {'line': b'-- Up-to-date: /home/davide-pillon/Desktop/Brain_DEII/brain/install/utils/lib/python3.12/site-packages/utils/utils_s__rosidl_typesupport_c.so\n'}
[0.600642] (utils) StdoutLine: {'line': b'-- Up-to-date: /home/davide-pillon/Desktop/Brain_DEII/brain/install/utils/lib/python3.12/site-packages/utils/srv\n'}
[0.600708] (utils) StdoutLine: {'line': b'-- Up-to-date: /home/davide-pillon/Desktop/Brain_DEII/brain/install/utils/lib/python3.12/site-packages/utils/srv/__init__.py\n'}
[0.600774] (utils) StdoutLine: {'line': b'-- Up-to-date: /home/davide-pillon/Desktop/Brain_DEII/brain/install/utils/lib/python3.12/site-packages/utils/srv/_request_param_s.c\n'}
[0.600838] (utils) StdoutLine: {'line': b'-- Up-to-date: /home/davide-pillon/Desktop/Brain_DEII/brain/install/utils/lib/python3.12/site-packages/utils/srv/_subscribing.py\n'}
[0.600904] (utils) StdoutLine: {'line': b'-- Up-to-date: /home/davide-pillon/Desktop/Brain_DEII/brain/install/utils/lib/python3.12/site-packages/utils/srv/_request_param.py\n'}
[0.600978] (utils) StdoutLine: {'line': b'-- Up-to-date: /home/davide-pillon/Desktop/Brain_DEII/brain/install/utils/lib/python3.12/site-packages/utils/srv/_subscribing_s.c\n'}
[0.601109] (utils) StdoutLine: {'line': b'-- Up-to-date: /home/davide-pillon/Desktop/Brain_DEII/brain/install/utils/lib/python3.12/site-packages/utils/_utils_s.ep.rosidl_typesupport_fastrtps_c.c\n'}
[0.601212] (utils) StdoutLine: {'line': b'-- Up-to-date: /home/davide-pillon/Desktop/Brain_DEII/brain/install/utils/lib/python3.12/site-packages/utils/__init__.py\n'}
[0.601283] (utils) StdoutLine: {'line': b'-- Up-to-date: /home/davide-pillon/Desktop/Brain_DEII/brain/install/utils/lib/python3.12/site-packages/utils/_utils_s.ep.rosidl_typesupport_introspection_c.c\n'}
[0.601355] (utils) StdoutLine: {'line': b'-- Up-to-date: /home/davide-pillon/Desktop/Brain_DEII/brain/install/utils/lib/python3.12/site-packages/utils/utils_s__rosidl_typesupport_introspection_c.so\n'}
[0.601422] (utils) StdoutLine: {'line': b'-- Up-to-date: /home/davide-pillon/Desktop/Brain_DEII/brain/install/utils/lib/python3.12/site-packages/utils/utils_s__rosidl_typesupport_fastrtps_c.so\n'}
[0.601515] (utils) StdoutLine: {'line': b'-- Up-to-date: /home/davide-pillon/Desktop/Brain_DEII/brain/install/utils/lib/python3.12/site-packages/utils/msg\n'}
[0.601622] (utils) StdoutLine: {'line': b'-- Up-to-date: /home/davide-pillon/Desktop/Brain_DEII/brain/install/utils/lib/python3.12/site-packages/utils/msg/_localisation_s.c\n'}
[0.601784] (utils) StdoutLine: {'line': b'-- Up-to-date: /home/davide-pillon/Desktop/Brain_DEII/brain/install/utils/lib/python3.12/site-packages/utils/msg/_environmental_s.c\n'}
[0.601921] (utils) StdoutLine: {'line': b'-- Up-to-date: /home/davide-pillon/Desktop/Brain_DEII/brain/install/utils/lib/python3.12/site-packages/utils/msg/_imu_s.c\n'}
[0.602034] (utils) StdoutLine: {'line': b'-- Up-to-date: /home/davide-pillon/Desktop/Brain_DEII/brain/install/utils/lib/python3.12/site-packages/utils/msg/_semaphore.py\n'}
[0.602162] (utils) StdoutLine: {'line': b'-- Up-to-date: /home/davide-pillon/Desktop/Brain_DEII/brain/install/utils/lib/python3.12/site-packages/utils/msg/_imu.py\n'}
[0.602276] (utils) StdoutLine: {'line': b'-- Up-to-date: /home/davide-pillon/Desktop/Brain_DEII/brain/install/utils/lib/python3.12/site-packages/utils/msg/__init__.py\n'}
[0.602379] (utils) StdoutLine: {'line': b'-- Up-to-date: /home/davide-pillon/Desktop/Brain_DEII/brain/install/utils/lib/python3.12/site-packages/utils/msg/_localisation.py\n'}
[0.602449] (utils) StdoutLine: {'line': b'-- Up-to-date: /home/davide-pillon/Desktop/Brain_DEII/brain/install/utils/lib/python3.12/site-packages/utils/msg/_environmental.py\n'}
[0.602521] (utils) StdoutLine: {'line': b'-- Up-to-date: /home/davide-pillon/Desktop/Brain_DEII/brain/install/utils/lib/python3.12/site-packages/utils/msg/_trafficsignprediction_s.c\n'}
[0.602583] (utils) StdoutLine: {'line': b'-- Up-to-date: /home/davide-pillon/Desktop/Brain_DEII/brain/install/utils/lib/python3.12/site-packages/utils/msg/_vehicles.py\n'}
[0.602652] (utils) StdoutLine: {'line': b'-- Up-to-date: /home/davide-pillon/Desktop/Brain_DEII/brain/install/utils/lib/python3.12/site-packages/utils/msg/_topic_info.py\n'}
[0.602715] (utils) StdoutLine: {'line': b'-- Up-to-date: /home/davide-pillon/Desktop/Brain_DEII/brain/install/utils/lib/python3.12/site-packages/utils/msg/_log.py\n'}
[0.602798] (utils) StdoutLine: {'line': b'-- Up-to-date: /home/davide-pillon/Desktop/Brain_DEII/brain/install/utils/lib/python3.12/site-packages/utils/msg/_trafficsignprediction.py\n'}
[0.602893] (utils) StdoutLine: {'line': b'-- Up-to-date: /home/davide-pillon/Desktop/Brain_DEII/brain/install/utils/lib/python3.12/site-packages/utils/msg/_semaphore_s.c\n'}
[0.602983] (utils) StdoutLine: {'line': b'-- Up-to-date: /home/davide-pillon/Desktop/Brain_DEII/brain/install/utils/lib/python3.12/site-packages/utils/msg/_log_s.c\n'}
[0.603066] (utils) StdoutLine: {'line': b'-- Up-to-date: /home/davide-pillon/Desktop/Brain_DEII/brain/install/utils/lib/python3.12/site-packages/utils/msg/_conditions_s.c\n'}
[0.603149] (utils) StdoutLine: {'line': b'-- Up-to-date: /home/davide-pillon/Desktop/Brain_DEII/brain/install/utils/lib/python3.12/site-packages/utils/msg/_topic_info_s.c\n'}
[0.603220] (utils) StdoutLine: {'line': b'-- Up-to-date: /home/davide-pillon/Desktop/Brain_DEII/brain/install/utils/lib/python3.12/site-packages/utils/msg/_conditions.py\n'}
[0.603284] (utils) StdoutLine: {'line': b'-- Up-to-date: /home/davide-pillon/Desktop/Brain_DEII/brain/install/utils/lib/python3.12/site-packages/utils/msg/_vehicles_s.c\n'}
[0.603347] (utils) StdoutLine: {'line': b'-- Up-to-date: /home/davide-pillon/Desktop/Brain_DEII/brain/install/utils/lib/python3.12/site-packages/utils/_utils_s.ep.rosidl_typesupport_c.c\n'}
[0.620094] (utils) StdoutLine: {'line': b"Listing '/home/davide-pillon/Desktop/Brain_DEII/brain/install/utils/lib/python3.12/site-packages/utils'...\n"}
[0.620300] (utils) StdoutLine: {'line': b"Listing '/home/davide-pillon/Desktop/Brain_DEII/brain/install/utils/lib/python3.12/site-packages/utils/msg'...\n"}
[0.620388] (utils) StdoutLine: {'line': b"Listing '/home/davide-pillon/Desktop/Brain_DEII/brain/install/utils/lib/python3.12/site-packages/utils/srv'...\n"}
[0.625948] (utils) StdoutLine: {'line': b'-- Up-to-date: /home/davide-pillon/Desktop/Brain_DEII/brain/install/utils/lib/python3.12/site-packages/utils/utils_s__rosidl_typesupport_fastrtps_c.so\n'}
[0.626214] (utils) StdoutLine: {'line': b'-- Up-to-date: /home/davide-pillon/Desktop/Brain_DEII/brain/install/utils/lib/python3.12/site-packages/utils/utils_s__rosidl_typesupport_introspection_c.so\n'}
[0.626481] (utils) StdoutLine: {'line': b'-- Up-to-date: /home/davide-pillon/Desktop/Brain_DEII/brain/install/utils/lib/python3.12/site-packages/utils/utils_s__rosidl_typesupport_c.so\n'}
[0.626767] (utils) StdoutLine: {'line': b'-- Up-to-date: /home/davide-pillon/Desktop/Brain_DEII/brain/install/utils/lib/libutils__rosidl_generator_py.so\n'}
[0.626984] (utils) StdoutLine: {'line': b'-- Up-to-date: /home/davide-pillon/Desktop/Brain_DEII/brain/install/utils/share/utils/msg/IMU.idl\n'}
[0.627097] (utils) StdoutLine: {'line': b'-- Up-to-date: /home/davide-pillon/Desktop/Brain_DEII/brain/install/utils/share/utils/msg/Localisation.idl\n'}
[0.627238] (utils) StdoutLine: {'line': b'-- Up-to-date: /home/davide-pillon/Desktop/Brain_DEII/brain/install/utils/share/utils/msg/Vehicles.idl\n'}
[0.627375] (utils) StdoutLine: {'line': b'-- Up-to-date: /home/davide-pillon/Desktop/Brain_DEII/brain/install/utils/share/utils/msg/Environmental.idl\n'}
[0.627535] (utils) StdoutLine: {'line': b'-- Up-to-date: /home/davide-pillon/Desktop/Brain_DEII/brain/install/utils/share/utils/msg/Log.idl\n'}
[0.627682] (utils) StdoutLine: {'line': b'-- Up-to-date: /home/davide-pillon/Desktop/Brain_DEII/brain/install/utils/share/utils/msg/TopicInfo.idl\n'}
[0.627838] (utils) StdoutLine: {'line': b'-- Up-to-date: /home/davide-pillon/Desktop/Brain_DEII/brain/install/utils/share/utils/msg/Semaphore.idl\n'}
[0.627977] (utils) StdoutLine: {'line': b'-- Up-to-date: /home/davide-pillon/Desktop/Brain_DEII/brain/install/utils/share/utils/msg/Conditions.idl\n'}
[0.628108] (utils) StdoutLine: {'line': b'-- Up-to-date: /home/davide-pillon/Desktop/Brain_DEII/brain/install/utils/share/utils/msg/Trafficsignprediction.idl\n'}
[0.628242] (utils) StdoutLine: {'line': b'-- Up-to-date: /home/davide-pillon/Desktop/Brain_DEII/brain/install/utils/share/utils/srv/Subscribing.idl\n'}
[0.628368] (utils) StdoutLine: {'line': b'-- Up-to-date: /home/davide-pillon/Desktop/Brain_DEII/brain/install/utils/share/utils/srv/RequestParam.idl\n'}
[0.628471] (utils) StdoutLine: {'line': b'-- Up-to-date: /home/davide-pillon/Desktop/Brain_DEII/brain/install/utils/share/utils/msg/IMU.msg\n'}
[0.628622] (utils) StdoutLine: {'line': b'-- Up-to-date: /home/davide-pillon/Desktop/Brain_DEII/brain/install/utils/share/utils/msg/Localisation.msg\n'}
[0.628699] (utils) StdoutLine: {'line': b'-- Up-to-date: /home/davide-pillon/Desktop/Brain_DEII/brain/install/utils/share/utils/msg/Vehicles.msg\n'}
[0.628771] (utils) StdoutLine: {'line': b'-- Up-to-date: /home/davide-pillon/Desktop/Brain_DEII/brain/install/utils/share/utils/msg/Environmental.msg\n'}
[0.628841] (utils) StdoutLine: {'line': b'-- Up-to-date: /home/davide-pillon/Desktop/Brain_DEII/brain/install/utils/share/utils/msg/Log.msg\n'}
[0.628911] (utils) StdoutLine: {'line': b'-- Up-to-date: /home/davide-pillon/Desktop/Brain_DEII/brain/install/utils/share/utils/msg/TopicInfo.msg\n'}
[0.628980] (utils) StdoutLine: {'line': b'-- Up-to-date: /home/davide-pillon/Desktop/Brain_DEII/brain/install/utils/share/utils/msg/Semaphore.msg\n'}
[0.629051] (utils) StdoutLine: {'line': b'-- Up-to-date: /home/davide-pillon/Desktop/Brain_DEII/brain/install/utils/share/utils/msg/Conditions.msg\n'}
[0.629130] (utils) StdoutLine: {'line': b'-- Up-to-date: /home/davide-pillon/Desktop/Brain_DEII/brain/install/utils/share/utils/msg/Trafficsignprediction.msg\n'}
[0.629201] (utils) StdoutLine: {'line': b'-- Up-to-date: /home/davide-pillon/Desktop/Brain_DEII/brain/install/utils/share/utils/srv/Subscribing.srv\n'}
[0.629271] (utils) StdoutLine: {'line': b'-- Up-to-date: /home/davide-pillon/Desktop/Brain_DEII/brain/install/utils/share/utils/srv/RequestParam.srv\n'}
[0.629341] (utils) StdoutLine: {'line': b'-- Up-to-date: /home/davide-pillon/Desktop/Brain_DEII/brain/install/utils/share/utils/launch\n'}
[0.629410] (utils) StdoutLine: {'line': b'-- Up-to-date: /home/davide-pillon/Desktop/Brain_DEII/brain/install/utils/share/utils/launch/run_automobile.launch.py\n'}
[0.629480] (utils) StdoutLine: {'line': b'-- Up-to-date: /home/davide-pillon/Desktop/Brain_DEII/brain/install/utils/share/ament_index/resource_index/package_run_dependencies/utils\n'}
[0.629548] (utils) StdoutLine: {'line': b'-- Up-to-date: /home/davide-pillon/Desktop/Brain_DEII/brain/install/utils/share/ament_index/resource_index/parent_prefix_path/utils\n'}
[0.629618] (utils) StdoutLine: {'line': b'-- Up-to-date: /home/davide-pillon/Desktop/Brain_DEII/brain/install/utils/share/utils/environment/ament_prefix_path.dsv\n'}
[0.629688] (utils) StdoutLine: {'line': b'-- Up-to-date: /home/davide-pillon/Desktop/Brain_DEII/brain/install/utils/share/utils/environment/path.dsv\n'}
[0.629760] (utils) StdoutLine: {'line': b'-- Up-to-date: /home/davide-pillon/Desktop/Brain_DEII/brain/install/utils/share/utils/local_setup.bash\n'}
[0.629831] (utils) StdoutLine: {'line': b'-- Up-to-date: /home/davide-pillon/Desktop/Brain_DEII/brain/install/utils/share/utils/local_setup.sh\n'}
[0.629901] (utils) StdoutLine: {'line': b'-- Up-to-date: /home/davide-pillon/Desktop/Brain_DEII/brain/install/utils/share/utils/local_setup.zsh\n'}
[0.629972] (utils) StdoutLine: {'line': b'-- Up-to-date: /home/davide-pillon/Desktop/Brain_DEII/brain/install/utils/share/utils/local_setup.dsv\n'}
[0.630041] (utils) StdoutLine: {'line': b'-- Installing: /home/davide-pillon/Desktop/Brain_DEII/brain/install/utils/share/utils/package.dsv\n'}
[0.630156] (utils) StdoutLine: {'line': b'-- Up-to-date: /home/davide-pillon/Desktop/Brain_DEII/brain/install/utils/share/ament_index/resource_index/packages/utils\n'}
[0.630348] (utils) StdoutLine: {'line': b'-- Up-to-date: /home/davide-pillon/Desktop/Brain_DEII/brain/install/utils/share/utils/cmake/export_utils__rosidl_generator_cExport.cmake\n'}
[0.630415] (utils) StdoutLine: {'line': b'-- Up-to-date: /home/davide-pillon/Desktop/Brain_DEII/brain/install/utils/share/utils/cmake/export_utils__rosidl_generator_cExport-noconfig.cmake\n'}
[0.630483] (utils) StdoutLine: {'line': b'-- Up-to-date: /home/davide-pillon/Desktop/Brain_DEII/brain/install/utils/share/utils/cmake/export_utils__rosidl_typesupport_fastrtps_cExport.cmake\n'}
[0.630552] (utils) StdoutLine: {'line': b'-- Up-to-date: /home/davide-pillon/Desktop/Brain_DEII/brain/install/utils/share/utils/cmake/export_utils__rosidl_typesupport_fastrtps_cExport-noconfig.cmake\n'}
[0.630623] (utils) StdoutLine: {'line': b'-- Up-to-date: /home/davide-pillon/Desktop/Brain_DEII/brain/install/utils/share/utils/cmake/utils__rosidl_typesupport_introspection_cExport.cmake\n'}
[0.630693] (utils) StdoutLine: {'line': b'-- Up-to-date: /home/davide-pillon/Desktop/Brain_DEII/brain/install/utils/share/utils/cmake/utils__rosidl_typesupport_introspection_cExport-noconfig.cmake\n'}
[0.630759] (utils) StdoutLine: {'line': b'-- Up-to-date: /home/davide-pillon/Desktop/Brain_DEII/brain/install/utils/share/utils/cmake/utils__rosidl_typesupport_cExport.cmake\n'}
[0.630826] (utils) StdoutLine: {'line': b'-- Up-to-date: /home/davide-pillon/Desktop/Brain_DEII/brain/install/utils/share/utils/cmake/utils__rosidl_typesupport_cExport-noconfig.cmake\n'}
[0.630893] (utils) StdoutLine: {'line': b'-- Up-to-date: /home/davide-pillon/Desktop/Brain_DEII/brain/install/utils/share/utils/cmake/export_utils__rosidl_generator_cppExport.cmake\n'}
[0.630975] (utils) StdoutLine: {'line': b'-- Up-to-date: /home/davide-pillon/Desktop/Brain_DEII/brain/install/utils/share/utils/cmake/export_utils__rosidl_typesupport_fastrtps_cppExport.cmake\n'}
[0.631044] (utils) StdoutLine: {'line': b'-- Up-to-date: /home/davide-pillon/Desktop/Brain_DEII/brain/install/utils/share/utils/cmake/export_utils__rosidl_typesupport_fastrtps_cppExport-noconfig.cmake\n'}
[0.631132] (utils) StdoutLine: {'line': b'-- Up-to-date: /home/davide-pillon/Desktop/Brain_DEII/brain/install/utils/share/utils/cmake/utils__rosidl_typesupport_introspection_cppExport.cmake\n'}
[0.631200] (utils) StdoutLine: {'line': b'-- Up-to-date: /home/davide-pillon/Desktop/Brain_DEII/brain/install/utils/share/utils/cmake/utils__rosidl_typesupport_introspection_cppExport-noconfig.cmake\n'}
[0.631266] (utils) StdoutLine: {'line': b'-- Up-to-date: /home/davide-pillon/Desktop/Brain_DEII/brain/install/utils/share/utils/cmake/utils__rosidl_typesupport_cppExport.cmake\n'}
[0.631332] (utils) StdoutLine: {'line': b'-- Up-to-date: /home/davide-pillon/Desktop/Brain_DEII/brain/install/utils/share/utils/cmake/utils__rosidl_typesupport_cppExport-noconfig.cmake\n'}
[0.631400] (utils) StdoutLine: {'line': b'-- Up-to-date: /home/davide-pillon/Desktop/Brain_DEII/brain/install/utils/share/utils/cmake/export_utils__rosidl_generator_pyExport.cmake\n'}
[0.631469] (utils) StdoutLine: {'line': b'-- Up-to-date: /home/davide-pillon/Desktop/Brain_DEII/brain/install/utils/share/utils/cmake/export_utils__rosidl_generator_pyExport-noconfig.cmake\n'}
[0.631536] (utils) StdoutLine: {'line': b'-- Up-to-date: /home/davide-pillon/Desktop/Brain_DEII/brain/install/utils/share/utils/cmake/rosidl_cmake-extras.cmake\n'}
[0.631604] (utils) StdoutLine: {'line': b'-- Up-to-date: /home/davide-pillon/Desktop/Brain_DEII/brain/install/utils/share/utils/cmake/ament_cmake_export_dependencies-extras.cmake\n'}
[0.631672] (utils) StdoutLine: {'line': b'-- Up-to-date: /home/davide-pillon/Desktop/Brain_DEII/brain/install/utils/share/utils/cmake/ament_cmake_export_include_directories-extras.cmake\n'}
[0.631739] (utils) StdoutLine: {'line': b'-- Up-to-date: /home/davide-pillon/Desktop/Brain_DEII/brain/install/utils/share/utils/cmake/ament_cmake_export_libraries-extras.cmake\n'}
[0.631806] (utils) StdoutLine: {'line': b'-- Up-to-date: /home/davide-pillon/Desktop/Brain_DEII/brain/install/utils/share/utils/cmake/ament_cmake_export_targets-extras.cmake\n'}
[0.631878] (utils) StdoutLine: {'line': b'-- Up-to-date: /home/davide-pillon/Desktop/Brain_DEII/brain/install/utils/share/utils/cmake/rosidl_cmake_export_typesupport_targets-extras.cmake\n'}
[0.631943] (utils) StdoutLine: {'line': b'-- Up-to-date: /home/davide-pillon/Desktop/Brain_DEII/brain/install/utils/share/utils/cmake/rosidl_cmake_export_typesupport_libraries-extras.cmake\n'}
[0.632011] (utils) StdoutLine: {'line': b'-- Up-to-date: /home/davide-pillon/Desktop/Brain_DEII/brain/install/utils/share/utils/cmake/utilsConfig.cmake\n'}
[0.632082] (utils) StdoutLine: {'line': b'-- Up-to-date: /home/davide-pillon/Desktop/Brain_DEII/brain/install/utils/share/utils/cmake/utilsConfig-version.cmake\n'}
[0.632162] (utils) StdoutLine: {'line': b'-- Up-to-date: /home/davide-pillon/Desktop/Brain_DEII/brain/install/utils/share/utils/package.xml\n'}
[0.633097] (utils) CommandEnded: {'returncode': 0}
[0.662072] (utils) JobEnded: {'identifier': 'utils', 'rc': 0}
[0.663079] (input) JobStarted: {'identifier': 'input'}
[0.668047] (unix_out) JobStarted: {'identifier': 'unix_out'}
[0.700327] (-) TimerEvent: {}
[0.800661] (-) TimerEvent: {}
[0.901043] (-) TimerEvent: {}
[1.001361] (-) TimerEvent: {}
[1.101681] (-) TimerEvent: {}
[1.166237] (smart) Command: {'cmd': ['/usr/bin/python3', '-W', 'ignore:setup.py install is deprecated', '-W', 'ignore:easy_install command is deprecated', 'setup.py', 'egg_info', '--egg-base', '../../build/smart', 'build', '--build-base', '/home/davide-pillon/Desktop/Brain_DEII/brain/build/smart/build', 'install', '--record', '/home/davide-pillon/Desktop/Brain_DEII/brain/build/smart/install.log', '--single-version-externally-managed', 'install_data'], 'cwd': '/home/davide-pillon/Desktop/Brain_DEII/brain/src/smart', 'env': {'LESSOPEN': '| /usr/bin/lesspipe %s', 'GZ_SIM_RESOURCE_PATH': '/opt/ros/jazzy/share', 'USER': 'davide-pillon', 'GZ_CONFIG_PATH': '/opt/ros/jazzy/opt/gz_sim_vendor/share/gz:/opt/ros/jazzy/opt/sdformat_vendor/share/gz:/opt/ros/jazzy/opt/gz_gui_vendor/share/gz:/opt/ros/jazzy/opt/gz_transport_vendor/share/gz:/opt/ros/jazzy/opt/gz_rendering_vendor/share/gz:/opt/ros/jazzy/opt/gz_plugin_vendor/share/gz:/opt/ros/jazzy/opt/gz_fuel_tools_vendor/share/gz:/opt/ros/jazzy/opt/gz_msgs_vendor/share/gz:/opt/ros/jazzy/opt/gz_common_vendor/share/gz', 'XDG_SESSION_TYPE': 'wayland', 'CLUTTER_DISABLE_MIPMAPPED_TEXT': '1', 'SHLVL': '2', 'LD_LIBRARY_PATH': '/home/davide-pillon/Desktop/Brain_DEII/brain/install/utils/lib:/opt/ros/jazzy/opt/gz_sim_vendor/lib:/opt/ros/jazzy/opt/gz_sensors_vendor/lib:/opt/ros/jazzy/opt/gz_physics_vendor/lib:/opt/ros/jazzy/opt/sdformat_vendor/lib:/opt/ros/jazzy/opt/rviz_ogre_vendor/lib:/opt/ros/jazzy/lib/x86_64-linux-gnu:/opt/ros/jazzy/opt/gz_gui_vendor/lib:/opt/ros/jazzy/opt/gz_transport_vendor/lib:/opt/ros/jazzy/opt/gz_rendering_vendor/lib:/opt/ros/jazzy/opt/gz_plugin_vendor/lib:/opt/ros/jazzy/opt/gz_fuel_tools_vendor/lib:/opt/ros/jazzy/opt/gz_msgs_vendor/lib:/opt/ros/jazzy/opt/gz_common_vendor/lib:/opt/ros/jazzy/opt/gz_math_vendor/lib:/opt/ros/jazzy/opt/gz_utils_vendor/lib:/opt/ros/jazzy/opt/gz_tools_vendor/lib:/opt/ros/jazzy/opt/gz_ogre_next_vendor/lib:/opt/ros/jazzy/opt/gz_dartsim_vendor/lib:/opt/ros/jazzy/opt/gz_cmake_vendor/lib:/opt/ros/jazzy/lib', 'HOME': '/home/davide-pillon', 'OLDPWD': '/home/davide-pillon/Desktop/Brain_DEII', 'DESKTOP_SESSION': 'ubuntu', 'ROS_PYTHON_VERSION': '3', 'GNOME_SHELL_SESSION_MODE': 'ubuntu', 'GTK_MODULES': 'gail:atk-bridge', 'SYSTEMD_EXEC_PID': '2226', 'GSM_SKIP_SSH_AGENT_WORKAROUND': 'true', 'DBUS_SESSION_BUS_ADDRESS': 'unix:path=/run/user/1000/bus', 'COLORTERM': 'truecolor', 'TERMINATOR_DBUS_NAME': 'net.tenshu.Terminator25ef4b219e3b005583550f2b0f9f990c3', 'DEBUGINFOD_URLS': 'https://debuginfod.ubuntu.com', 'IM_CONFIG_PHASE': '1', 'WAYLAND_DISPLAY': 'wayland-0', 'COLCON_PREFIX_PATH': '/home/davide-pillon/Desktop/Brain_DEII/brain/install', 'ROS_DISTRO': 'jazzy', 'LOGNAME': 'davide-pillon', 'IGN_GAZEBO_MODEL_PATH': '/opt/ros/jazzy/share', '_': '/usr/bin/colcon', 'ROS_VERSION': '2', 'MEMORY_PRESSURE_WATCH': '/sys/fs/cgroup/user.slice/user-1000.slice/user@1000.service/session.slice/org.gnome.Shell@wayland.service/memory.pressure', 'XDG_SESSION_CLASS': 'user', 'USERNAME': 'davide-pillon', 'TERM': 'xterm-256color', 'GAZEBO_MODEL_PATH': '/opt/ros/jazzy/share', 'GNOME_DESKTOP_SESSION_ID': 'this-is-deprecated', 'PATH': '/opt/ros/jazzy/opt/gz_msgs_vendor/bin:/opt/ros/jazzy/opt/gz_tools_vendor/bin:/opt/ros/jazzy/opt/gz_ogre_next_vendor/bin:/opt/ros/jazzy/bin:/home/davide-pillon/.local/bin:/usr/local/sbin:/usr/local/bin:/usr/sbin:/usr/bin:/sbin:/bin:/usr/games:/usr/local/games:/snap/bin:/snap/bin:/home/davide-pillon/.local/bin:/home/davide-pillon/.local/bin', 'SESSION_MANAGER': 'local/davide-pillon-BOD-WXX9:@/tmp/.ICE-unix/2190,unix/davide-pillon-BOD-WXX9:/tmp/.ICE-unix/2190', 'XDG_MENU_PREFIX': 'gnome-', 'GNOME_TERMINAL_SCREEN': '/org/gnome/Terminal/screen/ce799c77_8fed_4b4c_8767_c3981f6c9c25', 'GNOME_SETUP_DISPLAY': ':1', 'XDG_RUNTIME_DIR': '/run/user/1000', 'DISPLAY': ':0', 'TERMINATOR_DBUS_PATH': '/net/tenshu/Terminator2', 'LANG': 'en_US.UTF-8', 'XDG_CURRENT_DESKTOP': 'ubuntu:GNOME', 'XMODIFIERS': '@im=ibus', 'XDG_SESSION_DESKTOP': 'ubuntu', 'XAUTHORITY': '/run/user/1000/.mutter-Xwaylandauth.RTQJP3', 'LS_COLORS': 'rs=0:di=01;34:ln=01;36:mh=00:pi=40;33:so=01;35:do=01;35:bd=40;33;01:cd=40;33;01:or=40;31;01:mi=00:su=37;41:sg=30;43:ca=00:tw=30;42:ow=34;42:st=37;44:ex=01;32:*.tar=01;31:*.tgz=01;31:*.arc=01;31:*.arj=01;31:*.taz=01;31:*.lha=01;31:*.lz4=01;31:*.lzh=01;31:*.lzma=01;31:*.tlz=01;31:*.txz=01;31:*.tzo=01;31:*.t7z=01;31:*.zip=01;31:*.z=01;31:*.dz=01;31:*.gz=01;31:*.lrz=01;31:*.lz=01;31:*.lzo=01;31:*.xz=01;31:*.zst=01;31:*.tzst=01;31:*.bz2=01;31:*.bz=01;31:*.tbz=01;31:*.tbz2=01;31:*.tz=01;31:*.deb=01;31:*.rpm=01;31:*.jar=01;31:*.war=01;31:*.ear=01;31:*.sar=01;31:*.rar=01;31:*.alz=01;31:*.ace=01;31:*.zoo=01;31:*.cpio=01;31:*.7z=01;31:*.rz=01;31:*.cab=01;31:*.wim=01;31:*.swm=01;31:*.dwm=01;31:*.esd=01;31:*.avif=01;35:*.jpg=01;35:*.jpeg=01;35:*.mjpg=01;35:*.mjpeg=01;35:*.gif=01;35:*.bmp=01;35:*.pbm=01;35:*.pgm=01;35:*.ppm=01;35:*.tga=01;35:*.xbm=01;35:*.xpm=01;35:*.tif=01;35:*.tiff=01;35:*.png=01;35:*.svg=01;35:*.svgz=01;35:*.mng=01;35:*.pcx=01;35:*.mov=01;35:*.mpg=01;35:*.mpeg=01;35:*.m2v=01;35:*.mkv=01;35:*.webm=01;35:*.webp=01;35:*.ogm=01;35:*.mp4=01;35:*.m4v=01;35:*.mp4v=01;35:*.vob=01;35:*.qt=01;35:*.nuv=01;35:*.wmv=01;35:*.asf=01;35:*.rm=01;35:*.rmvb=01;35:*.flc=01;35:*.avi=01;35:*.fli=01;35:*.flv=01;35:*.gl=01;35:*.dl=01;35:*.xcf=01;35:*.xwd=01;35:*.yuv=01;35:*.cgm=01;35:*.emf=01;35:*.ogv=01;35:*.ogx=01;35:*.aac=00;36:*.au=00;36:*.flac=00;36:*.m4a=00;36:*.mid=00;36:*.midi=00;36:*.mka=00;36:*.mp3=00;36:*.mpc=00;36:*.ogg=00;36:*.ra=00;36:*.wav=00;36:*.oga=00;36:*.opus=00;36:*.spx=00;36:*.xspf=00;36:*~=00;90:*#=00;90:*.bak=00;90:*.crdownload=00;90:*.dpkg-dist=00;90:*.dpkg-new=00;90:*.dpkg-old=00;90:*.dpkg-tmp=00;90:*.old=00;90:*.orig=00;90:*.part=00;90:*.rej=00;90:*.rpmnew=00;90:*.rpmorig=00;90:*.rpmsave=00;90:*.swp=00;90:*.tmp=00;90:*.ucf-dist=00;90:*.ucf-new=00;90:*.ucf-old=00;90:', 'GNOME_TERMINAL_SERVICE': ':1.149', 'SSH_AUTH_SOCK': '/run/user/1000/keyring/ssh', 'AMENT_PREFIX_PATH': '/home/davide-pillon/Desktop/Brain_DEII/brain/install/unix_out:/home/davide-pillon/Desktop/Brain_DEII/brain/install/output:/home/davide-pillon/Desktop/Brain_DEII/brain/install/input:/home/davide-pillon/Desktop/Brain_DEII/brain/install/utils:/home/davide-pillon/Desktop/Brain_DEII/brain/install/smart:/opt/ros/jazzy', 'SHELL': '/bin/bash', 'TERMINATOR_UUID': 'urn:uuid:efd2288e-d93d-44d7-8b69-ba3352931f37', 'QT_ACCESSIBILITY': '1', 'GDMSESSION': 'ubuntu', 'LESSCLOSE': '/usr/bin/lesspipe %s %s', 'IGN_GAZEBO_RESOURCE_PATH': '/opt/ros/jazzy/share', 'GAZEBO_RESOURCE_PATH': '/opt/ros/jazzy/share', 'ROS_AUTOMATIC_DISCOVERY_RANGE': 'SUBNET', 'QT_IM_MODULE': 'ibus', 'PWD': '/home/davide-pillon/Desktop/Brain_DEII/brain/build/smart', 'LC_ALL': 'en_US.UTF-8', 'XDG_CONFIG_DIRS': '/etc/xdg/xdg-ubuntu:/etc/xdg', 'XDG_DATA_DIRS': '/usr/share/ubuntu:/usr/share/gnome:/home/davide-pillon/.local/share/flatpak/exports/share:/var/lib/flatpak/exports/share:/usr/local/share/:/usr/share/:/var/lib/snapd/desktop', 'PYTHONPATH': '/home/davide-pillon/Desktop/Brain_DEII/brain/build/smart/prefix_override:/usr/lib/python3/dist-packages/colcon_core/task/python/colcon_distutils_commands:/home/davide-pillon/Desktop/Brain_DEII/brain/install/smart/lib/python3.12/site-packages:/home/davide-pillon/Desktop/Brain_DEII/brain/install/unix_out/lib/python3.12/site-packages:/home/davide-pillon/Desktop/Brain_DEII/brain/install/output/lib/python3.12/site-packages:/home/davide-pillon/Desktop/Brain_DEII/brain/install/input/lib/python3.12/site-packages:/home/davide-pillon/Desktop/Brain_DEII/brain/install/utils/lib/python3.12/site-packages:/home/davide-pillon/Desktop/Brain_DEII/brain/install/smart/lib/python3.12/site-packages:/opt/ros/jazzy/lib/python3.12/site-packages', 'COLCON': '1', 'MEMORY_PRESSURE_WRITE': 'c29tZSAyMDAwMDAgMjAwMDAwMAA=', 'VTE_VERSION': '7600', 'CMAKE_PREFIX_PATH': '/home/davide-pillon/Desktop/Brain_DEII/brain/install/utils:/opt/ros/jazzy/opt/gz_sim_vendor:/opt/ros/jazzy/opt/gz_sensors_vendor:/opt/ros/jazzy/opt/gz_physics_vendor:/opt/ros/jazzy/opt/sdformat_vendor:/opt/ros/jazzy/opt/gz_gui_vendor:/opt/ros/jazzy/opt/gz_transport_vendor:/opt/ros/jazzy/opt/gz_rendering_vendor:/opt/ros/jazzy/opt/gz_plugin_vendor:/opt/ros/jazzy/opt/gz_fuel_tools_vendor:/opt/ros/jazzy/opt/gz_msgs_vendor:/opt/ros/jazzy/opt/gz_common_vendor:/opt/ros/jazzy/opt/gz_math_vendor:/opt/ros/jazzy/opt/gz_utils_vendor:/opt/ros/jazzy/opt/gz_tools_vendor:/opt/ros/jazzy/opt/gz_ogre_next_vendor:/opt/ros/jazzy/opt/gz_dartsim_vendor:/opt/ros/jazzy/opt/gz_cmake_vendor'}, 'shell': False}
[1.201782] (-) TimerEvent: {}
[1.302076] (-) TimerEvent: {}
[1.402350] (-) TimerEvent: {}
[1.477369] (smart) StdoutLine: {'line': b'running egg_info\n'}
[1.500051] (smart) StdoutLine: {'line': b'writing ../../build/smart/smart.egg-info/PKG-INFO\n'}
[1.500355] (smart) StdoutLine: {'line': b'writing dependency_links to ../../build/smart/smart.egg-info/dependency_links.txt\n'}
[1.500578] (smart) StdoutLine: {'line': b'writing entry points to ../../build/smart/smart.egg-info/entry_points.txt\n'}
[1.500746] (smart) StdoutLine: {'line': b'writing requirements to ../../build/smart/smart.egg-info/requires.txt\n'}
[1.500886] (smart) StdoutLine: {'line': b'writing top-level names to ../../build/smart/smart.egg-info/top_level.txt\n'}
[1.502434] (-) TimerEvent: {}
[1.552016] (smart) StdoutLine: {'line': b"reading manifest file '../../build/smart/smart.egg-info/SOURCES.txt'\n"}
[1.553252] (smart) StdoutLine: {'line': b"writing manifest file '../../build/smart/smart.egg-info/SOURCES.txt'\n"}
[1.553503] (smart) StdoutLine: {'line': b'running build\n'}
[1.553661] (smart) StdoutLine: {'line': b'running build_py\n'}
[1.553785] (smart) StdoutLine: {'line': b'running install\n'}
[1.561049] (smart) StdoutLine: {'line': b'running install_lib\n'}
[1.584462] (smart) StdoutLine: {'line': b'running install_data\n'}
[1.585115] (smart) StdoutLine: {'line': b'running install_egg_info\n'}
[1.602527] (-) TimerEvent: {}
[1.610810] (smart) StdoutLine: {'line': b"removing '/home/davide-pillon/Desktop/Brain_DEII/brain/install/smart/lib/python3.12/site-packages/smart-0.0.0-py3.12.egg-info' (and everything under it)\n"}
[1.611071] (smart) StdoutLine: {'line': b'Copying ../../build/smart/smart.egg-info to /home/davide-pillon/Desktop/Brain_DEII/brain/install/smart/lib/python3.12/site-packages/smart-0.0.0-py3.12.egg-info\n'}
[1.611746] (smart) StdoutLine: {'line': b'running install_scripts\n'}
[1.702626] (-) TimerEvent: {}
[1.765130] (smart) StdoutLine: {'line': b'Installing oak_camera_node script to /home/davide-pillon/Desktop/Brain_DEII/brain/install/smart/lib/smart\n'}
[1.765435] (smart) StdoutLine: {'line': b"writing list of installed files to '/home/davide-pillon/Desktop/Brain_DEII/brain/build/smart/install.log'\n"}
[1.802775] (-) TimerEvent: {}
[1.805384] (smart) CommandEnded: {'returncode': 0}
[1.813107] (smart) JobEnded: {'identifier': 'smart', 'rc': 0}
[1.853069] (unix_out) Command: {'cmd': ['/usr/bin/python3', '-W', 'ignore:setup.py install is deprecated', '-W', 'ignore:easy_install command is deprecated', 'setup.py', 'egg_info', '--egg-base', '../../build/unix_out', 'build', '--build-base', '/home/davide-pillon/Desktop/Brain_DEII/brain/build/unix_out/build', 'install', '--record', '/home/davide-pillon/Desktop/Brain_DEII/brain/build/unix_out/install.log', '--single-version-externally-managed', 'install_data'], 'cwd': '/home/davide-pillon/Desktop/Brain_DEII/brain/src/unix_out', 'env': {'LESSOPEN': '| /usr/bin/lesspipe %s', 'GZ_SIM_RESOURCE_PATH': '/opt/ros/jazzy/share', 'USER': 'davide-pillon', 'GZ_CONFIG_PATH': '/opt/ros/jazzy/opt/gz_sim_vendor/share/gz:/opt/ros/jazzy/opt/sdformat_vendor/share/gz:/opt/ros/jazzy/opt/gz_gui_vendor/share/gz:/opt/ros/jazzy/opt/gz_transport_vendor/share/gz:/opt/ros/jazzy/opt/gz_rendering_vendor/share/gz:/opt/ros/jazzy/opt/gz_plugin_vendor/share/gz:/opt/ros/jazzy/opt/gz_fuel_tools_vendor/share/gz:/opt/ros/jazzy/opt/gz_msgs_vendor/share/gz:/opt/ros/jazzy/opt/gz_common_vendor/share/gz', 'XDG_SESSION_TYPE': 'wayland', 'CLUTTER_DISABLE_MIPMAPPED_TEXT': '1', 'SHLVL': '2', 'LD_LIBRARY_PATH': '/home/davide-pillon/Desktop/Brain_DEII/brain/install/utils/lib:/opt/ros/jazzy/opt/gz_sim_vendor/lib:/opt/ros/jazzy/opt/gz_sensors_vendor/lib:/opt/ros/jazzy/opt/gz_physics_vendor/lib:/opt/ros/jazzy/opt/sdformat_vendor/lib:/opt/ros/jazzy/opt/rviz_ogre_vendor/lib:/opt/ros/jazzy/lib/x86_64-linux-gnu:/opt/ros/jazzy/opt/gz_gui_vendor/lib:/opt/ros/jazzy/opt/gz_transport_vendor/lib:/opt/ros/jazzy/opt/gz_rendering_vendor/lib:/opt/ros/jazzy/opt/gz_plugin_vendor/lib:/opt/ros/jazzy/opt/gz_fuel_tools_vendor/lib:/opt/ros/jazzy/opt/gz_msgs_vendor/lib:/opt/ros/jazzy/opt/gz_common_vendor/lib:/opt/ros/jazzy/opt/gz_math_vendor/lib:/opt/ros/jazzy/opt/gz_utils_vendor/lib:/opt/ros/jazzy/opt/gz_tools_vendor/lib:/opt/ros/jazzy/opt/gz_ogre_next_vendor/lib:/opt/ros/jazzy/opt/gz_dartsim_vendor/lib:/opt/ros/jazzy/opt/gz_cmake_vendor/lib:/opt/ros/jazzy/lib', 'HOME': '/home/davide-pillon', 'OLDPWD': '/home/davide-pillon/Desktop/Brain_DEII', 'DESKTOP_SESSION': 'ubuntu', 'ROS_PYTHON_VERSION': '3', 'GNOME_SHELL_SESSION_MODE': 'ubuntu', 'GTK_MODULES': 'gail:atk-bridge', 'SYSTEMD_EXEC_PID': '2226', 'GSM_SKIP_SSH_AGENT_WORKAROUND': 'true', 'DBUS_SESSION_BUS_ADDRESS': 'unix:path=/run/user/1000/bus', 'COLORTERM': 'truecolor', 'TERMINATOR_DBUS_NAME': 'net.tenshu.Terminator25ef4b219e3b005583550f2b0f9f990c3', 'DEBUGINFOD_URLS': 'https://debuginfod.ubuntu.com', 'IM_CONFIG_PHASE': '1', 'WAYLAND_DISPLAY': 'wayland-0', 'COLCON_PREFIX_PATH': '/home/davide-pillon/Desktop/Brain_DEII/brain/install', 'ROS_DISTRO': 'jazzy', 'LOGNAME': 'davide-pillon', 'IGN_GAZEBO_MODEL_PATH': '/opt/ros/jazzy/share', '_': '/usr/bin/colcon', 'ROS_VERSION': '2', 'MEMORY_PRESSURE_WATCH': '/sys/fs/cgroup/user.slice/user-1000.slice/user@1000.service/session.slice/org.gnome.Shell@wayland.service/memory.pressure', 'XDG_SESSION_CLASS': 'user', 'USERNAME': 'davide-pillon', 'TERM': 'xterm-256color', 'GAZEBO_MODEL_PATH': '/opt/ros/jazzy/share', 'GNOME_DESKTOP_SESSION_ID': 'this-is-deprecated', 'PATH': '/opt/ros/jazzy/opt/gz_msgs_vendor/bin:/opt/ros/jazzy/opt/gz_tools_vendor/bin:/opt/ros/jazzy/opt/gz_ogre_next_vendor/bin:/opt/ros/jazzy/bin:/home/davide-pillon/.local/bin:/usr/local/sbin:/usr/local/bin:/usr/sbin:/usr/bin:/sbin:/bin:/usr/games:/usr/local/games:/snap/bin:/snap/bin:/home/davide-pillon/.local/bin:/home/davide-pillon/.local/bin', 'SESSION_MANAGER': 'local/davide-pillon-BOD-WXX9:@/tmp/.ICE-unix/2190,unix/davide-pillon-BOD-WXX9:/tmp/.ICE-unix/2190', 'XDG_MENU_PREFIX': 'gnome-', 'GNOME_TERMINAL_SCREEN': '/org/gnome/Terminal/screen/ce799c77_8fed_4b4c_8767_c3981f6c9c25', 'GNOME_SETUP_DISPLAY': ':1', 'XDG_RUNTIME_DIR': '/run/user/1000', 'DISPLAY': ':0', 'TERMINATOR_DBUS_PATH': '/net/tenshu/Terminator2', 'LANG': 'en_US.UTF-8', 'XDG_CURRENT_DESKTOP': 'ubuntu:GNOME', 'XMODIFIERS': '@im=ibus', 'XDG_SESSION_DESKTOP': 'ubuntu', 'XAUTHORITY': '/run/user/1000/.mutter-Xwaylandauth.RTQJP3', 'LS_COLORS': 'rs=0:di=01;34:ln=01;36:mh=00:pi=40;33:so=01;35:do=01;35:bd=40;33;01:cd=40;33;01:or=40;31;01:mi=00:su=37;41:sg=30;43:ca=00:tw=30;42:ow=34;42:st=37;44:ex=01;32:*.tar=01;31:*.tgz=01;31:*.arc=01;31:*.arj=01;31:*.taz=01;31:*.lha=01;31:*.lz4=01;31:*.lzh=01;31:*.lzma=01;31:*.tlz=01;31:*.txz=01;31:*.tzo=01;31:*.t7z=01;31:*.zip=01;31:*.z=01;31:*.dz=01;31:*.gz=01;31:*.lrz=01;31:*.lz=01;31:*.lzo=01;31:*.xz=01;31:*.zst=01;31:*.tzst=01;31:*.bz2=01;31:*.bz=01;31:*.tbz=01;31:*.tbz2=01;31:*.tz=01;31:*.deb=01;31:*.rpm=01;31:*.jar=01;31:*.war=01;31:*.ear=01;31:*.sar=01;31:*.rar=01;31:*.alz=01;31:*.ace=01;31:*.zoo=01;31:*.cpio=01;31:*.7z=01;31:*.rz=01;31:*.cab=01;31:*.wim=01;31:*.swm=01;31:*.dwm=01;31:*.esd=01;31:*.avif=01;35:*.jpg=01;35:*.jpeg=01;35:*.mjpg=01;35:*.mjpeg=01;35:*.gif=01;35:*.bmp=01;35:*.pbm=01;35:*.pgm=01;35:*.ppm=01;35:*.tga=01;35:*.xbm=01;35:*.xpm=01;35:*.tif=01;35:*.tiff=01;35:*.png=01;35:*.svg=01;35:*.svgz=01;35:*.mng=01;35:*.pcx=01;35:*.mov=01;35:*.mpg=01;35:*.mpeg=01;35:*.m2v=01;35:*.mkv=01;35:*.webm=01;35:*.webp=01;35:*.ogm=01;35:*.mp4=01;35:*.m4v=01;35:*.mp4v=01;35:*.vob=01;35:*.qt=01;35:*.nuv=01;35:*.wmv=01;35:*.asf=01;35:*.rm=01;35:*.rmvb=01;35:*.flc=01;35:*.avi=01;35:*.fli=01;35:*.flv=01;35:*.gl=01;35:*.dl=01;35:*.xcf=01;35:*.xwd=01;35:*.yuv=01;35:*.cgm=01;35:*.emf=01;35:*.ogv=01;35:*.ogx=01;35:*.aac=00;36:*.au=00;36:*.flac=00;36:*.m4a=00;36:*.mid=00;36:*.midi=00;36:*.mka=00;36:*.mp3=00;36:*.mpc=00;36:*.ogg=00;36:*.ra=00;36:*.wav=00;36:*.oga=00;36:*.opus=00;36:*.spx=00;36:*.xspf=00;36:*~=00;90:*#=00;90:*.bak=00;90:*.crdownload=00;90:*.dpkg-dist=00;90:*.dpkg-new=00;90:*.dpkg-old=00;90:*.dpkg-tmp=00;90:*.old=00;90:*.orig=00;90:*.part=00;90:*.rej=00;90:*.rpmnew=00;90:*.rpmorig=00;90:*.rpmsave=00;90:*.swp=00;90:*.tmp=00;90:*.ucf-dist=00;90:*.ucf-new=00;90:*.ucf-old=00;90:', 'GNOME_TERMINAL_SERVICE': ':1.149', 'SSH_AUTH_SOCK': '/run/user/1000/keyring/ssh', 'AMENT_PREFIX_PATH': '/home/davide-pillon/Desktop/Brain_DEII/brain/install/unix_out:/home/davide-pillon/Desktop/Brain_DEII/brain/install/output:/home/davide-pillon/Desktop/Brain_DEII/brain/install/input:/home/davide-pillon/Desktop/Brain_DEII/brain/install/utils:/home/davide-pillon/Desktop/Brain_DEII/brain/install/smart:/opt/ros/jazzy', 'SHELL': '/bin/bash', 'TERMINATOR_UUID': 'urn:uuid:efd2288e-d93d-44d7-8b69-ba3352931f37', 'QT_ACCESSIBILITY': '1', 'GDMSESSION': 'ubuntu', 'LESSCLOSE': '/usr/bin/lesspipe %s %s', 'IGN_GAZEBO_RESOURCE_PATH': '/opt/ros/jazzy/share', 'GAZEBO_RESOURCE_PATH': '/opt/ros/jazzy/share', 'ROS_AUTOMATIC_DISCOVERY_RANGE': 'SUBNET', 'QT_IM_MODULE': 'ibus', 'PWD': '/home/davide-pillon/Desktop/Brain_DEII/brain/build/unix_out', 'LC_ALL': 'en_US.UTF-8', 'XDG_CONFIG_DIRS': '/etc/xdg/xdg-ubuntu:/etc/xdg', 'XDG_DATA_DIRS': '/usr/share/ubuntu:/usr/share/gnome:/home/davide-pillon/.local/share/flatpak/exports/share:/var/lib/flatpak/exports/share:/usr/local/share/:/usr/share/:/var/lib/snapd/desktop', 'PYTHONPATH': '/home/davide-pillon/Desktop/Brain_DEII/brain/build/unix_out/prefix_override:/usr/lib/python3/dist-packages/colcon_core/task/python/colcon_distutils_commands:/home/davide-pillon/Desktop/Brain_DEII/brain/install/unix_out/lib/python3.12/site-packages:/home/davide-pillon/Desktop/Brain_DEII/brain/install/utils/lib/python3.12/site-packages:/home/davide-pillon/Desktop/Brain_DEII/brain/install/unix_out/lib/python3.12/site-packages:/home/davide-pillon/Desktop/Brain_DEII/brain/install/output/lib/python3.12/site-packages:/home/davide-pillon/Desktop/Brain_DEII/brain/install/input/lib/python3.12/site-packages:/home/davide-pillon/Desktop/Brain_DEII/brain/install/smart/lib/python3.12/site-packages:/opt/ros/jazzy/lib/python3.12/site-packages', 'COLCON': '1', 'MEMORY_PRESSURE_WRITE': 'c29tZSAyMDAwMDAgMjAwMDAwMAA=', 'VTE_VERSION': '7600', 'CMAKE_PREFIX_PATH': '/home/davide-pillon/Desktop/Brain_DEII/brain/install/utils:/opt/ros/jazzy/opt/gz_sim_vendor:/opt/ros/jazzy/opt/gz_sensors_vendor:/opt/ros/jazzy/opt/gz_physics_vendor:/opt/ros/jazzy/opt/sdformat_vendor:/opt/ros/jazzy/opt/gz_gui_vendor:/opt/ros/jazzy/opt/gz_transport_vendor:/opt/ros/jazzy/opt/gz_rendering_vendor:/opt/ros/jazzy/opt/gz_plugin_vendor:/opt/ros/jazzy/opt/gz_fuel_tools_vendor:/opt/ros/jazzy/opt/gz_msgs_vendor:/opt/ros/jazzy/opt/gz_common_vendor:/opt/ros/jazzy/opt/gz_math_vendor:/opt/ros/jazzy/opt/gz_utils_vendor:/opt/ros/jazzy/opt/gz_tools_vendor:/opt/ros/jazzy/opt/gz_ogre_next_vendor:/opt/ros/jazzy/opt/gz_dartsim_vendor:/opt/ros/jazzy/opt/gz_cmake_vendor'}, 'shell': False}
[1.854677] (input) Command: {'cmd': ['/usr/bin/python3', '-W', 'ignore:setup.py install is deprecated', '-W', 'ignore:easy_install command is deprecated', 'setup.py', 'egg_info', '--egg-base', '../../build/input', 'build', '--build-base', '/home/davide-pillon/Desktop/Brain_DEII/brain/build/input/build', 'install', '--record', '/home/davide-pillon/Desktop/Brain_DEII/brain/build/input/install.log', '--single-version-externally-managed', 'install_data'], 'cwd': '/home/davide-pillon/Desktop/Brain_DEII/brain/src/input', 'env': {'LESSOPEN': '| /usr/bin/lesspipe %s', 'GZ_SIM_RESOURCE_PATH': '/opt/ros/jazzy/share', 'USER': 'davide-pillon', 'GZ_CONFIG_PATH': '/opt/ros/jazzy/opt/gz_sim_vendor/share/gz:/opt/ros/jazzy/opt/sdformat_vendor/share/gz:/opt/ros/jazzy/opt/gz_gui_vendor/share/gz:/opt/ros/jazzy/opt/gz_transport_vendor/share/gz:/opt/ros/jazzy/opt/gz_rendering_vendor/share/gz:/opt/ros/jazzy/opt/gz_plugin_vendor/share/gz:/opt/ros/jazzy/opt/gz_fuel_tools_vendor/share/gz:/opt/ros/jazzy/opt/gz_msgs_vendor/share/gz:/opt/ros/jazzy/opt/gz_common_vendor/share/gz', 'XDG_SESSION_TYPE': 'wayland', 'CLUTTER_DISABLE_MIPMAPPED_TEXT': '1', 'SHLVL': '2', 'LD_LIBRARY_PATH': '/home/davide-pillon/Desktop/Brain_DEII/brain/install/utils/lib:/opt/ros/jazzy/opt/gz_sim_vendor/lib:/opt/ros/jazzy/opt/gz_sensors_vendor/lib:/opt/ros/jazzy/opt/gz_physics_vendor/lib:/opt/ros/jazzy/opt/sdformat_vendor/lib:/opt/ros/jazzy/opt/rviz_ogre_vendor/lib:/opt/ros/jazzy/lib/x86_64-linux-gnu:/opt/ros/jazzy/opt/gz_gui_vendor/lib:/opt/ros/jazzy/opt/gz_transport_vendor/lib:/opt/ros/jazzy/opt/gz_rendering_vendor/lib:/opt/ros/jazzy/opt/gz_plugin_vendor/lib:/opt/ros/jazzy/opt/gz_fuel_tools_vendor/lib:/opt/ros/jazzy/opt/gz_msgs_vendor/lib:/opt/ros/jazzy/opt/gz_common_vendor/lib:/opt/ros/jazzy/opt/gz_math_vendor/lib:/opt/ros/jazzy/opt/gz_utils_vendor/lib:/opt/ros/jazzy/opt/gz_tools_vendor/lib:/opt/ros/jazzy/opt/gz_ogre_next_vendor/lib:/opt/ros/jazzy/opt/gz_dartsim_vendor/lib:/opt/ros/jazzy/opt/gz_cmake_vendor/lib:/opt/ros/jazzy/lib', 'HOME': '/home/davide-pillon', 'OLDPWD': '/home/davide-pillon/Desktop/Brain_DEII', 'DESKTOP_SESSION': 'ubuntu', 'ROS_PYTHON_VERSION': '3', 'GNOME_SHELL_SESSION_MODE': 'ubuntu', 'GTK_MODULES': 'gail:atk-bridge', 'SYSTEMD_EXEC_PID': '2226', 'GSM_SKIP_SSH_AGENT_WORKAROUND': 'true', 'DBUS_SESSION_BUS_ADDRESS': 'unix:path=/run/user/1000/bus', 'COLORTERM': 'truecolor', 'TERMINATOR_DBUS_NAME': 'net.tenshu.Terminator25ef4b219e3b005583550f2b0f9f990c3', 'DEBUGINFOD_URLS': 'https://debuginfod.ubuntu.com', 'IM_CONFIG_PHASE': '1', 'WAYLAND_DISPLAY': 'wayland-0', 'COLCON_PREFIX_PATH': '/home/davide-pillon/Desktop/Brain_DEII/brain/install', 'ROS_DISTRO': 'jazzy', 'LOGNAME': 'davide-pillon', 'IGN_GAZEBO_MODEL_PATH': '/opt/ros/jazzy/share', '_': '/usr/bin/colcon', 'ROS_VERSION': '2', 'MEMORY_PRESSURE_WATCH': '/sys/fs/cgroup/user.slice/user-1000.slice/user@1000.service/session.slice/org.gnome.Shell@wayland.service/memory.pressure', 'XDG_SESSION_CLASS': 'user', 'USERNAME': 'davide-pillon', 'TERM': 'xterm-256color', 'GAZEBO_MODEL_PATH': '/opt/ros/jazzy/share', 'GNOME_DESKTOP_SESSION_ID': 'this-is-deprecated', 'PATH': '/opt/ros/jazzy/opt/gz_msgs_vendor/bin:/opt/ros/jazzy/opt/gz_tools_vendor/bin:/opt/ros/jazzy/opt/gz_ogre_next_vendor/bin:/opt/ros/jazzy/bin:/home/davide-pillon/.local/bin:/usr/local/sbin:/usr/local/bin:/usr/sbin:/usr/bin:/sbin:/bin:/usr/games:/usr/local/games:/snap/bin:/snap/bin:/home/davide-pillon/.local/bin:/home/davide-pillon/.local/bin', 'SESSION_MANAGER': 'local/davide-pillon-BOD-WXX9:@/tmp/.ICE-unix/2190,unix/davide-pillon-BOD-WXX9:/tmp/.ICE-unix/2190', 'XDG_MENU_PREFIX': 'gnome-', 'GNOME_TERMINAL_SCREEN': '/org/gnome/Terminal/screen/ce799c77_8fed_4b4c_8767_c3981f6c9c25', 'GNOME_SETUP_DISPLAY': ':1', 'XDG_RUNTIME_DIR': '/run/user/1000', 'DISPLAY': ':0', 'TERMINATOR_DBUS_PATH': '/net/tenshu/Terminator2', 'LANG': 'en_US.UTF-8', 'XDG_CURRENT_DESKTOP': 'ubuntu:GNOME', 'XMODIFIERS': '@im=ibus', 'XDG_SESSION_DESKTOP': 'ubuntu', 'XAUTHORITY': '/run/user/1000/.mutter-Xwaylandauth.RTQJP3', 'LS_COLORS': 'rs=0:di=01;34:ln=01;36:mh=00:pi=40;33:so=01;35:do=01;35:bd=40;33;01:cd=40;33;01:or=40;31;01:mi=00:su=37;41:sg=30;43:ca=00:tw=30;42:ow=34;42:st=37;44:ex=01;32:*.tar=01;31:*.tgz=01;31:*.arc=01;31:*.arj=01;31:*.taz=01;31:*.lha=01;31:*.lz4=01;31:*.lzh=01;31:*.lzma=01;31:*.tlz=01;31:*.txz=01;31:*.tzo=01;31:*.t7z=01;31:*.zip=01;31:*.z=01;31:*.dz=01;31:*.gz=01;31:*.lrz=01;31:*.lz=01;31:*.lzo=01;31:*.xz=01;31:*.zst=01;31:*.tzst=01;31:*.bz2=01;31:*.bz=01;31:*.tbz=01;31:*.tbz2=01;31:*.tz=01;31:*.deb=01;31:*.rpm=01;31:*.jar=01;31:*.war=01;31:*.ear=01;31:*.sar=01;31:*.rar=01;31:*.alz=01;31:*.ace=01;31:*.zoo=01;31:*.cpio=01;31:*.7z=01;31:*.rz=01;31:*.cab=01;31:*.wim=01;31:*.swm=01;31:*.dwm=01;31:*.esd=01;31:*.avif=01;35:*.jpg=01;35:*.jpeg=01;35:*.mjpg=01;35:*.mjpeg=01;35:*.gif=01;35:*.bmp=01;35:*.pbm=01;35:*.pgm=01;35:*.ppm=01;35:*.tga=01;35:*.xbm=01;35:*.xpm=01;35:*.tif=01;35:*.tiff=01;35:*.png=01;35:*.svg=01;35:*.svgz=01;35:*.mng=01;35:*.pcx=01;35:*.mov=01;35:*.mpg=01;35:*.mpeg=01;35:*.m2v=01;35:*.mkv=01;35:*.webm=01;35:*.webp=01;35:*.ogm=01;35:*.mp4=01;35:*.m4v=01;35:*.mp4v=01;35:*.vob=01;35:*.qt=01;35:*.nuv=01;35:*.wmv=01;35:*.asf=01;35:*.rm=01;35:*.rmvb=01;35:*.flc=01;35:*.avi=01;35:*.fli=01;35:*.flv=01;35:*.gl=01;35:*.dl=01;35:*.xcf=01;35:*.xwd=01;35:*.yuv=01;35:*.cgm=01;35:*.emf=01;35:*.ogv=01;35:*.ogx=01;35:*.aac=00;36:*.au=00;36:*.flac=00;36:*.m4a=00;36:*.mid=00;36:*.midi=00;36:*.mka=00;36:*.mp3=00;36:*.mpc=00;36:*.ogg=00;36:*.ra=00;36:*.wav=00;36:*.oga=00;36:*.opus=00;36:*.spx=00;36:*.xspf=00;36:*~=00;90:*#=00;90:*.bak=00;90:*.crdownload=00;90:*.dpkg-dist=00;90:*.dpkg-new=00;90:*.dpkg-old=00;90:*.dpkg-tmp=00;90:*.old=00;90:*.orig=00;90:*.part=00;90:*.rej=00;90:*.rpmnew=00;90:*.rpmorig=00;90:*.rpmsave=00;90:*.swp=00;90:*.tmp=00;90:*.ucf-dist=00;90:*.ucf-new=00;90:*.ucf-old=00;90:', 'GNOME_TERMINAL_SERVICE': ':1.149', 'SSH_AUTH_SOCK': '/run/user/1000/keyring/ssh', 'AMENT_PREFIX_PATH': '/home/davide-pillon/Desktop/Brain_DEII/brain/install/unix_out:/home/davide-pillon/Desktop/Brain_DEII/brain/install/output:/home/davide-pillon/Desktop/Brain_DEII/brain/install/input:/home/davide-pillon/Desktop/Brain_DEII/brain/install/utils:/home/davide-pillon/Desktop/Brain_DEII/brain/install/smart:/opt/ros/jazzy', 'SHELL': '/bin/bash', 'TERMINATOR_UUID': 'urn:uuid:efd2288e-d93d-44d7-8b69-ba3352931f37', 'QT_ACCESSIBILITY': '1', 'GDMSESSION': 'ubuntu', 'LESSCLOSE': '/usr/bin/lesspipe %s %s', 'IGN_GAZEBO_RESOURCE_PATH': '/opt/ros/jazzy/share', 'GAZEBO_RESOURCE_PATH': '/opt/ros/jazzy/share', 'ROS_AUTOMATIC_DISCOVERY_RANGE': 'SUBNET', 'QT_IM_MODULE': 'ibus', 'PWD': '/home/davide-pillon/Desktop/Brain_DEII/brain/build/input', 'LC_ALL': 'en_US.UTF-8', 'XDG_CONFIG_DIRS': '/etc/xdg/xdg-ubuntu:/etc/xdg', 'XDG_DATA_DIRS': '/usr/share/ubuntu:/usr/share/gnome:/home/davide-pillon/.local/share/flatpak/exports/share:/var/lib/flatpak/exports/share:/usr/local/share/:/usr/share/:/var/lib/snapd/desktop', 'PYTHONPATH': '/home/davide-pillon/Desktop/Brain_DEII/brain/build/input/prefix_override:/usr/lib/python3/dist-packages/colcon_core/task/python/colcon_distutils_commands:/home/davide-pillon/Desktop/Brain_DEII/brain/install/input/lib/python3.12/site-packages:/home/davide-pillon/Desktop/Brain_DEII/brain/install/utils/lib/python3.12/site-packages:/home/davide-pillon/Desktop/Brain_DEII/brain/install/unix_out/lib/python3.12/site-packages:/home/davide-pillon/Desktop/Brain_DEII/brain/install/output/lib/python3.12/site-packages:/home/davide-pillon/Desktop/Brain_DEII/brain/install/input/lib/python3.12/site-packages:/home/davide-pillon/Desktop/Brain_DEII/brain/install/smart/lib/python3.12/site-packages:/opt/ros/jazzy/lib/python3.12/site-packages', 'COLCON': '1', 'MEMORY_PRESSURE_WRITE': 'c29tZSAyMDAwMDAgMjAwMDAwMAA=', 'VTE_VERSION': '7600', 'CMAKE_PREFIX_PATH': '/home/davide-pillon/Desktop/Brain_DEII/brain/install/utils:/opt/ros/jazzy/opt/gz_sim_vendor:/opt/ros/jazzy/opt/gz_sensors_vendor:/opt/ros/jazzy/opt/gz_physics_vendor:/opt/ros/jazzy/opt/sdformat_vendor:/opt/ros/jazzy/opt/gz_gui_vendor:/opt/ros/jazzy/opt/gz_transport_vendor:/opt/ros/jazzy/opt/gz_rendering_vendor:/opt/ros/jazzy/opt/gz_plugin_vendor:/opt/ros/jazzy/opt/gz_fuel_tools_vendor:/opt/ros/jazzy/opt/gz_msgs_vendor:/opt/ros/jazzy/opt/gz_common_vendor:/opt/ros/jazzy/opt/gz_math_vendor:/opt/ros/jazzy/opt/gz_utils_vendor:/opt/ros/jazzy/opt/gz_tools_vendor:/opt/ros/jazzy/opt/gz_ogre_next_vendor:/opt/ros/jazzy/opt/gz_dartsim_vendor:/opt/ros/jazzy/opt/gz_cmake_vendor'}, 'shell': False}
[1.902983] (-) TimerEvent: {}
[2.003360] (-) TimerEvent: {}
[2.103646] (-) TimerEvent: {}
[2.203932] (-) TimerEvent: {}
[2.204936] (unix_out) StdoutLine: {'line': b'running egg_info\n'}
[2.214866] (input) StdoutLine: {'line': b'running egg_info\n'}
[2.228109] (unix_out) StdoutLine: {'line': b'writing ../../build/unix_out/unix_out.egg-info/PKG-INFO\n'}
[2.228319] (unix_out) StdoutLine: {'line': b'writing dependency_links to ../../build/unix_out/unix_out.egg-info/dependency_links.txt\n'}
[2.228449] (unix_out) StdoutLine: {'line': b'writing entry points to ../../build/unix_out/unix_out.egg-info/entry_points.txt\n'}
[2.228570] (unix_out) StdoutLine: {'line': b'writing requirements to ../../build/unix_out/unix_out.egg-info/requires.txt\n'}
[2.228678] (unix_out) StdoutLine: {'line': b'writing top-level names to ../../build/unix_out/unix_out.egg-info/top_level.txt\n'}
[2.237878] (input) StdoutLine: {'line': b'writing ../../build/input/input.egg-info/PKG-INFO\n'}
[2.238083] (input) StdoutLine: {'line': b'writing dependency_links to ../../build/input/input.egg-info/dependency_links.txt\n'}
[2.238249] (input) StdoutLine: {'line': b'writing entry points to ../../build/input/input.egg-info/entry_points.txt\n'}
[2.238376] (input) StdoutLine: {'line': b'writing requirements to ../../build/input/input.egg-info/requires.txt\n'}
[2.238492] (input) StdoutLine: {'line': b'writing top-level names to ../../build/input/input.egg-info/top_level.txt\n'}
[2.274028] (unix_out) StdoutLine: {'line': b"reading manifest file '../../build/unix_out/unix_out.egg-info/SOURCES.txt'\n"}
[2.274754] (unix_out) StdoutLine: {'line': b"writing manifest file '../../build/unix_out/unix_out.egg-info/SOURCES.txt'\n"}
[2.274940] (unix_out) StdoutLine: {'line': b'running build\n'}
[2.275030] (unix_out) StdoutLine: {'line': b'running build_py\n'}
[2.275177] (unix_out) StdoutLine: {'line': b'running install\n'}
[2.281869] (unix_out) StdoutLine: {'line': b'running install_lib\n'}
[2.285105] (input) StdoutLine: {'line': b"reading manifest file '../../build/input/input.egg-info/SOURCES.txt'\n"}
[2.286293] (input) StdoutLine: {'line': b"writing manifest file '../../build/input/input.egg-info/SOURCES.txt'\n"}
[2.286467] (input) StdoutLine: {'line': b'running build\n'}
[2.286543] (input) StdoutLine: {'line': b'running build_py\n'}
[2.286821] (input) StdoutLine: {'line': b'copying src/data/semaphoreBridge.py -> /home/davide-pillon/Desktop/Brain_DEII/brain/build/input/build/lib/data\n'}
[2.288246] (input) StdoutLine: {'line': b'copying src/data/semaphoreBridge.py -> /home/davide-pillon/Desktop/Brain_DEII/brain/build/input/build/lib/src/data\n'}
[2.290657] (input) StdoutLine: {'line': b'running install\n'}
[2.297238] (input) StdoutLine: {'line': b'running install_lib\n'}
[2.304025] (-) TimerEvent: {}
[2.305157] (unix_out) StdoutLine: {'line': b'running install_data\n'}
[2.305352] (unix_out) StdoutLine: {'line': b'running install_egg_info\n'}
[2.321244] (input) StdoutLine: {'line': b'copying /home/davide-pillon/Desktop/Brain_DEII/brain/build/input/build/lib/data/semaphoreBridge.py -> /home/davide-pillon/Desktop/Brain_DEII/brain/install/input/lib/python3.12/site-packages/data\n'}
[2.322646] (input) StdoutLine: {'line': b'copying /home/davide-pillon/Desktop/Brain_DEII/brain/build/input/build/lib/src/data/semaphoreBridge.py -> /home/davide-pillon/Desktop/Brain_DEII/brain/install/input/lib/python3.12/site-packages/src/data\n'}
[2.324641] (input) StdoutLine: {'line': b'byte-compiling /home/davide-pillon/Desktop/Brain_DEII/brain/install/input/lib/python3.12/site-packages/data/semaphoreBridge.py to semaphoreBridge.cpython-312.pyc\n'}
[2.327034] (input) StdoutLine: {'line': b'byte-compiling /home/davide-pillon/Desktop/Brain_DEII/brain/install/input/lib/python3.12/site-packages/src/data/semaphoreBridge.py to semaphoreBridge.cpython-312.pyc\n'}
[2.329369] (input) StdoutLine: {'line': b'running install_data\n'}
[2.329648] (input) StdoutLine: {'line': b'running install_egg_info\n'}
[2.329985] (unix_out) StdoutLine: {'line': b"removing '/home/davide-pillon/Desktop/Brain_DEII/brain/install/unix_out/lib/python3.12/site-packages/unix_out-0.0.0-py3.12.egg-info' (and everything under it)\n"}
[2.330344] (unix_out) StdoutLine: {'line': b'Copying ../../build/unix_out/unix_out.egg-info to /home/davide-pillon/Desktop/Brain_DEII/brain/install/unix_out/lib/python3.12/site-packages/unix_out-0.0.0-py3.12.egg-info\n'}
[2.331105] (unix_out) StdoutLine: {'line': b'running install_scripts\n'}
[2.354877] (input) StdoutLine: {'line': b"removing '/home/davide-pillon/Desktop/Brain_DEII/brain/install/input/lib/python3.12/site-packages/input-0.0.0-py3.12.egg-info' (and everything under it)\n"}
[2.355231] (input) StdoutLine: {'line': b'Copying ../../build/input/input.egg-info to /home/davide-pillon/Desktop/Brain_DEII/brain/install/input/lib/python3.12/site-packages/input-0.0.0-py3.12.egg-info\n'}
[2.356029] (input) StdoutLine: {'line': b'running install_scripts\n'}
[2.404145] (-) TimerEvent: {}
[2.478353] (unix_out) StdoutLine: {'line': b'Installing camera_to_socket script to /home/davide-pillon/Desktop/Brain_DEII/brain/install/unix_out/lib/unix_out\n'}
[2.478639] (unix_out) StdoutLine: {'line': b'Installing lidar_to_socket script to /home/davide-pillon/Desktop/Brain_DEII/brain/install/unix_out/lib/unix_out\n'}
[2.478791] (unix_out) StdoutLine: {'line': b'Installing metrics_to_socket script to /home/davide-pillon/Desktop/Brain_DEII/brain/install/unix_out/lib/unix_out\n'}
[2.478917] (unix_out) StdoutLine: {'line': b"writing list of installed files to '/home/davide-pillon/Desktop/Brain_DEII/brain/build/unix_out/install.log'\n"}
[2.504262] (-) TimerEvent: {}
[2.504532] (input) StdoutLine: {'line': b'Installing gpstrackerNODE script to /home/davide-pillon/Desktop/Brain_DEII/brain/install/input/lib/input\n'}
[2.504781] (input) StdoutLine: {'line': b'Installing imuNODE script to /home/davide-pillon/Desktop/Brain_DEII/brain/install/input/lib/input\n'}
[2.505012] (input) StdoutLine: {'line': b'Installing semaphoreBridgeNODE script to /home/davide-pillon/Desktop/Brain_DEII/brain/install/input/lib/input\n'}
[2.505199] (input) StdoutLine: {'line': b'Installing semaphoreNODE script to /home/davide-pillon/Desktop/Brain_DEII/brain/install/input/lib/input\n'}
[2.505374] (input) StdoutLine: {'line': b'Installing sonarNODE script to /home/davide-pillon/Desktop/Brain_DEII/brain/install/input/lib/input\n'}
[2.505502] (input) StdoutLine: {'line': b'Installing trafficBridgeNODE script to /home/davide-pillon/Desktop/Brain_DEII/brain/install/input/lib/input\n'}
[2.508364] (input) StdoutLine: {'line': b"writing list of installed files to '/home/davide-pillon/Desktop/Brain_DEII/brain/build/input/install.log'\n"}
[2.518774] (unix_out) CommandEnded: {'returncode': 0}
[2.524714] (unix_out) JobEnded: {'identifier': 'unix_out', 'rc': 0}
[2.557721] (input) CommandEnded: {'returncode': 0}
[2.564540] (input) JobEnded: {'identifier': 'input', 'rc': 0}
[2.565394] (-) EventReactorShutdown: {}
