timestamp,encoder_distance,yaw_true
1748713320.2602017,20.745534252468627,-1.6052370071411133
1748713320.3144095,20.74553923685385,-1.605088233947754
1748713320.3478303,20.745981850762433,-1.6052751541137695
1748713320.4072227,20.752500039677624,-1.6044992208480835
1748713320.4406488,20.755885258231203,-1.604142427444458
1748713320.4741533,20.760476173817032,-1.6031124591827393
1748713320.5099897,20.771825877775463,-1.6028815507888794
1748713320.5433939,20.778221984104437,-1.6016374826431274
1748713320.5767975,20.788959396563232,-1.6007740497589111
1748713320.6103783,20.798634106764798,-1.6000187397003174
1748713320.6437292,20.80914037363805,-1.5987979173660278
1748713320.6771107,20.823612747729488,-1.5978246927261353
1748713320.7105448,20.834241616558387,-1.5969408750534058
1748713320.7439947,20.84452809362352,-1.5959174633026123
1748713320.7774134,20.855175182080917,-1.5947308540344238
1748713320.8108346,20.865828928493222,-1.5939843654632568
1748713320.8467193,20.872574802804788,-1.592848777770996
1748713320.880135,20.883582114975958,-1.592167615890503
1748713320.9135313,20.894236796250727,-1.5911511182785034
1748713320.9469774,20.908443854549404,-1.5904539823532104
1748713320.9803915,20.91909846114516,-1.5898360013961792
1748713321.0137892,20.929752058199195,-1.5891318321228027
1748713321.0471857,20.940405866920113,-1.5880109071731567
1748713321.0805855,20.954610765568304,-1.5872323513031006
1748713321.1140063,20.965264416732612,-1.586174726486206
1748713321.1474376,20.975917987306357,-1.5856095552444458
1748713321.1808424,20.986216973311173,-1.5846552848815918
1748713321.2142594,20.9972259235073,-1.5839132070541382
1748713321.2476645,21.007880336672283,-1.583201289176941
1748713321.2810812,21.018533380449412,-1.582358717918396
1748713321.3144543,21.033449290619757,-1.5816243886947632
1748713321.3478508,21.044105142259845,-1.5810209512710571
1748713321.381293,21.054051402208916,-1.580647349357605
1748713321.4147732,21.064351376675205,-1.580028772354126
1748713321.4481864,21.075361524762943,-1.5793068408966064
1748713321.481671,21.086016725662844,-1.5788315534591675
1748713321.515085,21.096671443060437,-1.578367829322815
1748713321.5484953,21.107325656594213,-1.577828288078308
1748713321.5819345,21.12153059754464,-1.577211856842041
1748713321.6153324,21.132540635110647,-1.5767053365707397
1748713321.6487541,21.142841343397443,-1.5764695405960083
1748713321.6821554,21.153850977010197,-1.5758897066116333
1748713321.715556,21.164151628759555,-1.575585961341858
1748713321.748964,21.17480655035256,-1.5749558210372925
1748713321.7823615,21.18581689215232,-1.5747058391571045
1748713321.8158023,21.19966909601281,-1.5743398666381836
1748713321.8492095,21.21032557487972,-1.5742192268371582
1748713321.8826149,21.22098257137012,-1.5742028951644897
1748713321.9160316,21.23163802633126,-1.573675513267517
1748713321.949533,21.24229430860563,-1.5736695528030396
1748713321.9830005,21.25295449908599,-1.5740001201629639
1748713322.0164409,21.26397193443553,-1.5735119581222534
1748713322.0498254,21.27428526325446,-1.572946310043335
1748713322.083224,21.288525788464064,-1.5739175081253052
1748713322.1166494,21.298847518182555,-1.5732172727584839
1748713322.1500924,21.309874255082903,-1.5731005668640137
1748713322.1835003,21.319308645136307,-1.5730639696121216
1748713322.217689,21.32579573013323,-1.5742708444595337
1748713322.2510993,21.33084162638682,-1.572979211807251
1748713322.284554,21.335156946877024,-1.5729585886001587
1748713322.3179605,21.339030572873344,-1.5735585689544678
1748713322.3514175,21.342604528771787,-1.573282241821289
1748713322.3848312,21.3461247216974,-1.5731016397476196
1748713322.4182284,21.350415215441767,-1.5726531744003296
1748713322.4516854,21.353676929164415,-1.5732049942016602
1748713322.485112,21.35701055310799,-1.5729875564575195
1748713322.5185106,21.360230483556283,-1.572662591934204
1748713322.551924,21.363447512520885,-1.5732961893081665
1748713322.585398,21.36759860231653,-1.5733790397644043
1748713322.618908,21.370781231435664,-1.5728553533554077
1748713322.6523147,21.373873535585567,-1.5728473663330078
1748713322.6857603,21.377190206275273,-1.5722047090530396
1748713322.7192984,21.38147602993225,-1.5722289085388184
1748713322.752682,21.383506222515646,-1.5717116594314575
1748713322.7860844,21.386828830523402,-1.5719021558761597
1748713322.819569,21.39004591773089,-1.570858120918274
1748713322.852974,21.39323117256647,-1.570960521697998
1748713322.8863358,21.39631730477641,-1.5714086294174194
1748713322.9197326,21.40088067067292,-1.5720100402832031
1748713322.9531271,21.404243243187963,-1.5709023475646973
1748713322.9865406,21.407592053410788,-1.571587085723877
1748713323.019942,21.410908224384862,-1.5714064836502075
1748713323.053366,21.414185265589357,-1.5713226795196533
1748713323.0867717,21.417418243288253,-1.5724488496780396
1748713323.1202323,21.420521518329622,-1.5717812776565552
1748713323.1536446,21.423766790414916,-1.5716462135314941
1748713323.1870542,21.426818204975177,-1.5722910165786743
1748713323.2206457,21.429839318454956,-1.572943091392517
1748713323.25405,21.432847685060757,-1.572050929069519
1748713323.2874477,21.43671148232737,-1.5723780393600464
1748713323.3208601,21.439718289615918,-1.5725756883621216
1748713323.3542907,21.442578046634193,-1.5726829767227173
1748713323.38778,21.445401155286348,-1.573094367980957
1748713323.4211915,21.44906065649075,-1.5722272396087646
1748713323.454655,21.45175808988542,-1.5726203918457031
1748713323.488052,21.454261230468926,-1.5738283395767212
1748713323.521577,21.45682761535865,-1.5742486715316772
1748713323.5554264,21.459371606977836,-1.573771595954895
1748713323.588855,21.46184273304201,-1.574507474899292
1748713323.6223512,21.464473061236504,-1.5740243196487427
1748713323.6558774,21.46786456974075,-1.5747106075286865
1748713323.6893246,21.470307547266646,-1.5736021995544434
1748713323.7227836,21.472797021377446,-1.5744171142578125
1748713323.75623,21.475832020443853,-1.57388174533844
1748713323.7897017,21.478096471384877,-1.5742608308792114
1748713323.8232946,21.481073760511556,-1.574263095855713
1748713323.8566978,21.483254021318825,-1.574616551399231
1748713323.8902175,21.485350580038716,-1.5756072998046875
1748713323.92385,21.48763630983307,-1.5754387378692627
1748713323.9572499,21.489799691887296,-1.5764849185943604
1748713323.9907143,21.491336647135437,-1.5761334896087646
1748713324.0241144,21.493422719766375,-1.5773957967758179
1748713324.0576286,21.495518466607678,-1.577060580253601
1748713324.0910718,21.497685837645918,-1.5781546831130981
1748713324.1245432,21.49973820853637,-1.5786664485931396
1748713324.1579494,21.501683696466966,-1.5785363912582397
1748713324.1913514,21.504260913467366,-1.5786802768707275
1748713324.2249186,21.506174089797828,-1.5795608758926392
1748713324.258325,21.508015094683618,-1.5791711807250977
1748713324.2917418,21.509838597322304,-1.5800929069519043
1748713324.3251562,21.511701531716945,-1.5802428722381592
1748713324.3585868,21.51333379144067,-1.579962968826294
1748713324.3920028,21.51487478218631,-1.581441879272461
1748713324.4254527,21.517118445540888,-1.5805758237838745
1748713324.4588957,21.518664851070927,-1.5812586545944214
1748713324.4923744,21.520214112281238,-1.5808507204055786
1748713324.525782,21.521817302483562,-1.5819779634475708
1748713324.5592275,21.523360281975414,-1.5819401741027832
1748713324.5926778,21.524887581373548,-1.5824191570281982
1748713324.626094,21.52640699364825,-1.5820451974868774
1748713324.6594987,21.527912819742394,-1.5826871395111084
1748713324.6929433,21.529404526184234,-1.582418441772461
1748713324.7263489,21.530830914280433,-1.5828508138656616
1748713324.7599468,21.532336441199753,-1.5819722414016724
1748713324.7941573,21.53376285120149,-1.5820460319519043
1748713324.8276067,21.535615973607644,-1.5826154947280884
1748713324.8615506,21.53698959353783,-1.5825451612472534
1748713324.895037,21.538289287436893,-1.5821996927261353
1748713324.930366,21.540112759041588,-1.5821236371994019
1748713324.963777,21.54134380035494,-1.5823452472686768
1748713324.9980593,21.542596833358893,-1.5823071002960205
1748713325.0309098,21.543829370300962,-1.5821915864944458
1748713325.064314,21.545098481585974,-1.5826603174209595
1748713325.0977874,21.546281648184408,-1.5820937156677246
1748713325.1313653,21.54751678847657,-1.5826995372772217
1748713325.1647735,21.548741003021593,-1.582037329673767
1748713325.1985347,21.550386156427646,-1.5825080871582031
1748713325.231949,21.551586264629332,-1.5817888975143433
1748713325.2653546,21.552791188053533,-1.5825064182281494
1748713325.2987602,21.55397009395222,-1.5816479921340942
1748713325.3325212,21.555093561045293,-1.582548975944519
1748713325.3660457,21.55618181289978,-1.5821126699447632
1748713325.3994884,21.557627871663197,-1.5827032327651978
1748713325.432897,21.5586377244722,-1.582027792930603
1748713325.4663012,21.55970009691585,-1.582874059677124
1748713325.5000422,21.560413422978755,-1.5820789337158203
1748713325.5339699,21.561738115750344,-1.5821192264556885
1748713325.5673769,21.56272552033421,-1.582217812538147
1748713325.6007733,21.563662336671857,-1.58222496509552
1748713325.6342313,21.564567335191,-1.5827150344848633
1748713325.667647,21.565481181919047,-1.582149863243103
1748713325.7011616,21.566377062132087,-1.5823414325714111
1748713325.734587,21.567257536238124,-1.5820375680923462
1748713325.7679975,21.568112733678724,-1.5827975273132324
1748713325.801433,21.569337160628002,-1.5819472074508667
1748713325.8349166,21.57019614056324,-1.581929087638855
1748713325.8684094,21.571017397126823,-1.5817198753356934
1748713325.9018586,21.571817750129995,-1.581912636756897
1748713325.935279,21.57257864805472,-1.58184015750885
1748713325.9686937,21.57326884007719,-1.5818841457366943
1748713326.0021071,21.573639614148743,-1.5818825960159302
1748713326.0354652,21.573838518482383,-1.5818991661071777
1748713326.0690434,21.57394633222313,-1.5819052457809448
1748713326.1024418,21.574012142724577,-1.5819065570831299
1748713326.135863,21.574037287530324,-1.5819064378738403
1748713326.169278,21.57405137804644,-1.5819082260131836
1748713326.2027178,21.574059130217613,-1.5819092988967896
1748713326.2361667,21.574064137981935,-1.5819092988967896
1748713326.269579,21.574067126194823,-1.581910252571106
1748713326.3029804,21.574069517394946,-1.5819109678268433
1748713326.3363826,21.57407142706895,-1.581911325454712
1748713326.3698168,21.57407298723753,-1.5819120407104492
1748713326.4032986,21.574074541544555,-1.5819123983383179
1748713326.4367876,21.574076106370196,-1.581912875175476
1748713326.4701927,21.574077541205355,-1.5819133520126343
1748713326.5036876,21.57407897932454,-1.581913948059082
1748713326.5372615,21.574080293490155,-1.5819144248962402
1748713326.5706756,21.57408221091323,-1.581915020942688
1748713326.604279,21.574083648463905,-1.5819154977798462
1748713326.6376956,21.574084964649156,-1.581916093826294
1748713326.6710994,21.574086398439462,-1.5819165706634521
1748713326.7045345,21.57408783960824,-1.5819172859191895
1748713326.73794,21.574089633122778,-1.581917643547058
1748713326.7713413,21.574091070818284,-1.5819181203842163
1748713326.804747,21.57409239890954,-1.5819188356399536
1748713326.8383389,21.574095336828982,-1.5819191932678223
1748713326.8717604,21.574099806440735,-1.5819205045700073
1748713326.9052396,21.574104282072863,-1.5819207429885864
1748713326.9386873,21.574108751684637,-1.5819213390350342
1748713326.9721646,21.57411068647577,-1.5819220542907715
1748713327.0055683,21.574112004396074,-1.5819222927093506
1748713327.0390813,21.574113449353096,-1.581923007965088
1748713327.0725164,21.574114765892794,-1.581923007965088
1748713327.106731,21.574116683522046,-1.5819237232208252
1748713327.1401105,21.574118125115337,-1.581924319267273
1748713327.1735287,21.57411956964844,-1.5819249153137207
1748713327.206933,21.574120885335347,-1.581925392150879
1748713327.2403405,21.574122206900444,-1.5819261074066162
1748713327.273743,21.57412376784924,-1.581926941871643
1748713327.307202,21.574125086513597,-1.581926941871643
1748713327.3406346,21.57412688116068,-1.5819276571273804
1748713327.374049,21.57412831808142,-1.5819282531738281
1748713327.4075315,21.574129752454805,-1.5819284915924072
1748713327.4409332,21.574131194048462,-1.5819298028945923
1748713327.474342,21.574133113106477,-1.5819299221038818
1748713327.5077531,21.574134430786184,-1.5819305181503296
1748713327.5411453,21.574135864556094,-1.5819311141967773
1748713327.5745459,21.574137296791992,-1.5819315910339355
1748713327.607977,21.574139093048405,-1.5819321870803833
1748713327.6413832,21.57414041172569,-1.5819326639175415
1748713327.6747878,21.574141847437105,-1.5819331407546997
1748713327.7081964,21.574146289417744,-1.5819337368011475
1748713327.7416477,21.574150717320347,-1.5819345712661743
1748713327.7750783,21.574156978939005,-1.5819348096847534
1748713327.8084774,21.57416146341142,-1.5819352865219116
1748713327.8418808,21.574166000959785,-1.5819363594055176
1748713327.8753467,21.5741674333254,-1.5819370746612549
1748713327.9088829,21.574172088556608,-1.5819376707077026
1748713327.942308,21.57417389575012,-1.5819379091262817
1748713327.9757168,21.57417533336771,-1.5819385051727295
1748713328.00912,21.574176771513855,-1.5819392204284668
1748713328.0425441,21.57417808651392,-1.581939697265625
1748713328.0759757,21.574179529034865,-1.5819400548934937
1748713328.109379,21.574181328246894,-1.5819405317306519
1748713328.1428368,21.574182764304027,-1.58194100856781
1748713328.1762965,21.57418420555339,-1.5819416046142578
1748713328.209848,21.574185527849227,-1.5819425582885742
1748713328.2432518,21.57418696356122,-1.5819426774978638
1748713328.2766588,21.574188400531288,-1.581943154335022
1748713328.310126,21.57418984448351,-1.5819438695907593
1748713328.343673,21.574191158986743,-1.581944227218628
1748713328.3770802,21.574193073600096,-1.5819447040557861
1748713328.4104495,21.574194402110006,-1.5819454193115234
1748713328.4438176,21.574195838713457,-1.5819463729858398
1748713328.4772198,21.57419727641068,-1.5819470882415771
1748713328.5106585,21.57419861067651,-1.5819473266601562
1748713328.5440927,21.57420004227368,-1.5819472074508667
1748713328.5778666,21.574201477906975,-1.5819478034973145
1748713328.6113274,21.57420280731009,-1.5819488763809204
1748713328.6451056,21.574204119036747,-1.58194899559021
1748713328.6789346,21.574205555213993,-1.5819501876831055
1748713328.7123384,21.574208500234786,-1.5819504261016846
1748713328.7457416,21.574212810811915,-1.5819511413574219
1748713328.7791767,21.57421735676598,-1.5819517374038696
1748713328.8125834,21.57421880582353,-1.5819519758224487
1748713328.8462899,21.57422048915697,-1.581952691078186
1748713328.87974,21.574221934799496,-1.5819532871246338
1748713328.913168,21.574223370100317,-1.5819536447525024
1748713328.9465706,21.574224811695874,-1.5819542407989502
1748713328.9800072,21.574240000797783,-1.5822736024856567
1748713329.0134091,21.574687983757258,-1.5836806297302246
1748713329.046844,21.577591164584017,-1.5814532041549683
1748713329.0804682,21.581834805828272,-1.576894760131836
1748713329.1140354,21.58778312105065,-1.5732110738754272
1748713329.1474912,21.594493292138157,-1.5699617862701416
1748713329.1808798,21.603260979058042,-1.5631247758865356
1748713329.214308,21.610913378517367,-1.559627890586853
1748713329.2477164,21.617976016783928,-1.5520983934402466
1748713329.281759,21.62540861040518,-1.5459965467453003
1748713329.3153782,21.63268770843636,-1.5414396524429321
1748713329.3495967,21.64272708756391,-1.5353111028671265
1748713329.38305,21.650090602063635,-1.5320409536361694
1748713329.4164581,21.657827382341182,-1.5266050100326538
1748713329.4498718,21.665337859816955,-1.521051287651062
1748713329.4833949,21.672920282233115,-1.5157850980758667
1748713329.5168126,21.680542547036413,-1.5104807615280151
1748713329.550212,21.688265335308525,-1.506585955619812
1748713329.5836065,21.695688409172114,-1.497393250465393
1748713329.617008,21.703236126450793,-1.491595983505249
1748713329.6504912,21.710650542575294,-1.4866763353347778
1748713329.6839023,21.72083247242662,-1.4797391891479492
1748713329.7173162,21.728397521364926,-1.4739724397659302
1748713329.7517347,21.735869509618606,-1.4673718214035034
1748713329.785148,21.74339193045561,-1.4598568677902222
1748713329.818545,21.75077953629203,-1.4553027153015137
1748713329.852108,21.75864567203224,-1.450478196144104
1748713329.8857305,21.768742816087315,-1.4447184801101685
1748713329.9191184,21.776336765429544,-1.4392396211624146
1748713329.9525442,21.781399845673455,-1.4333306550979614
1748713329.985977,21.789002622069194,-1.4280074834823608
1748713330.0194108,21.79659840380606,-1.4225596189498901
1748713330.0528152,21.804195038060534,-1.4169447422027588
1748713330.0864007,21.811796716085304,-1.4113600254058838
1748713330.1198168,21.81938955474785,-1.4058188199996948
1748713330.153235,21.829339678974776,-1.4012057781219482
1748713330.186752,21.83697248320498,-1.3960950374603271
1748713330.2201567,21.842015724844746,-1.3901842832565308
1748713330.253574,21.850092693124264,-1.3839894533157349
1748713330.2869918,21.85740619835524,-1.3778481483459473
1748713330.320406,21.864838608065355,-1.37083899974823
1748713330.3538125,21.87234235853405,-1.3644429445266724
1748713330.3872225,21.8799374050989,-1.3588582277297974
1748713330.420734,21.88979282483737,-1.351133942604065
1748713330.4541652,21.897385136300763,-1.3431789875030518
1748713330.4875727,21.907013870276053,-1.3362314701080322
1748713330.5210655,21.91467495654629,-1.328836441040039
1748713330.554469,21.92192103458211,-1.3199732303619385
1748713330.5879653,21.92949387239249,-1.3115615844726562
1748713330.6213756,21.93688051376529,-1.3040246963500977
1748713330.654786,21.944057249770697,-1.297046184539795
1748713330.6882823,21.9515865650678,-1.290697455406189
1748713330.7216837,21.959276676286915,-1.2832987308502197
1748713330.7550955,21.966594972777997,-1.274865746498108
1748713330.7884977,21.976626051841798,-1.2684179544448853
1748713330.821897,21.98148437909357,-1.2598768472671509
1748713330.8553462,21.988675638519428,-1.250623345375061
1748713330.8889058,21.998547491026947,-1.242166519165039
1748713330.9223938,22.005828199934935,-1.2326503992080688
1748713330.9558115,22.013482913429925,-1.2203707695007324
1748713330.9892075,22.02044706932592,-1.210304856300354
1748713331.0226197,22.02998452011471,-1.2014834880828857
1748713331.056032,22.034872923763256,-1.1898503303527832
1748713331.089439,22.04226169047084,-1.1805623769760132
1748713331.122835,22.052305511235232,-1.1708831787109375
1748713331.1562479,22.058900681424372,-1.1566107273101807
1748713331.1896524,22.06669091419275,-1.1480892896652222
1748713331.223067,22.07618345054951,-1.1362452507019043
1748713331.2564673,22.08366305972401,-1.127167820930481
1748713331.2899883,22.09087668626296,-1.1168279647827148
1748713331.3233972,22.097863489517206,-1.10499107837677
1748713331.356802,22.10467514810821,-1.0915762186050415
1748713331.3902493,22.11177750351191,-1.0789141654968262
1748713331.4236994,22.1191351221949,-1.0644550323486328
1748713331.4570932,22.126887309213604,-1.0541871786117554
1748713331.4905565,22.13352742922476,-1.042237401008606
1748713331.523954,22.140681640803553,-1.0322662591934204
1748713331.5573587,22.1479498437052,-1.0200552940368652
1748713331.5909548,22.157051762646706,-1.006800651550293
1748713331.624391,22.161721331147398,-0.9956584572792053
1748713331.657848,22.168953421700728,-0.9820116758346558
1748713331.691281,22.178157729360546,-0.965966522693634
1748713331.7246974,22.185030245815227,-0.9576956629753113
1748713331.758103,22.192423351720326,-0.9451917409896851
1748713331.7915156,22.199192008717777,-0.9325987100601196
1748713331.8249168,22.20643312597299,-0.9142970442771912
1748713331.858302,22.21347951424436,-0.9012209177017212
1748713331.8917727,22.223189403628293,-0.8891458511352539
1748713331.9252095,22.22787085308871,-0.876505970954895
1748713331.9586122,22.237500402069333,-0.8654743432998657
1748713331.9920084,22.24496966762923,-0.85367351770401
1748713332.0253768,22.25205277701281,-0.839573323726654
1748713332.0587854,22.25889742318628,-0.827124297618866
1748713332.0921884,22.2664639000789,-0.8134574294090271
1748713332.1257713,22.27305117706572,-0.8013290166854858
1748713332.159168,22.28000516378677,-0.7836508750915527
1748713332.1925788,22.287244546471335,-0.7748448252677917
1748713332.2259781,22.294738747316323,-0.7585251927375793
1748713332.2593796,22.301673037822923,-0.7466414570808411
1748713332.2929308,22.311225042744702,-0.7341644763946533
1748713332.3263416,22.318164193961522,-0.7206329107284546
1748713332.3597631,22.32298797274811,-0.7083747982978821
1748713332.3931727,22.332772244598782,-0.695576012134552
1748713332.4265816,22.337233673012875,-0.6831874847412109
1748713332.4600456,22.344408863276545,-0.6704729795455933
1748713332.493445,22.35414793002482,-0.6579118371009827
1748713332.526856,22.361307727544315,-0.6455876231193542
1748713332.560208,22.368031516534888,-0.6344274282455444
1748713332.5936964,22.375351612241285,-0.6172747015953064
1748713332.6271212,22.382712952864257,-0.6097591519355774
1748713332.6606176,22.38999790579757,-0.5983943343162537
1748713332.6940777,22.397113747112304,-0.5861663818359375
1748713332.7275817,22.404043865576,-0.574299693107605
1748713332.7609909,22.411891363639082,-0.5644894242286682
1748713332.7944272,22.419079772693745,-0.5534951090812683
1748713332.8278277,22.42635773084127,-0.5409894585609436
1748713332.8612263,22.433393683676183,-0.5303409099578857
1748713332.8946269,22.44109655241193,-0.518360435962677
1748713332.9280736,22.44759354943333,-0.5082863569259644
1748713332.9616988,22.455260814505746,-0.4961189329624176
1748713332.995868,22.46478990595128,-0.4824822247028351
1748713333.0292835,22.47221114249585,-0.4704863131046295
1748713333.0626976,22.47962306955322,-0.4604036808013916
1748713333.0960953,22.48692850820861,-0.4467794895172119
1748713333.1295319,22.496103363500257,-0.43627434968948364
1748713333.1630132,22.501238598223036,-0.42563536763191223
1748713333.1964262,22.50826174365266,-0.4151213467121124
1748713333.2298257,22.518266057237202,-0.40495413541793823
1748713333.2632055,22.52295854098905,-0.39552122354507446
1748713333.2966228,22.532924332442388,-0.38733652234077454
1748713333.3300297,22.540594770056817,-0.3733329772949219
1748713333.3634572,22.547742395963407,-0.36476507782936096
1748713333.39686,22.55542613473028,-0.3603633642196655
1748713333.4302373,22.562461525041645,-0.34845200181007385
1748713333.4636397,22.572407408117233,-0.3385655879974365
1748713333.4970303,22.579898141407245,-0.33048582077026367
1748713333.5304854,22.587410691042667,-0.32275569438934326
1748713333.563894,22.595450531218344,-0.3148084580898285
1748713333.5973153,22.60471324052857,-0.3087184727191925
1748713333.6307325,22.61443794130429,-0.298806756734848
1748713333.6642475,22.624629615274554,-0.2918984591960907
1748713333.6977432,22.634909038062382,-0.2841094434261322
1748713333.7311559,22.646047128437583,-0.2768956124782562
1748713333.7645464,22.656229406280595,-0.26972696185112
1748713333.7979481,22.669605268540245,-0.262616366147995
1748713333.8313882,22.680197318979754,-0.25599536299705505
1748713333.8648071,22.691092327348528,-0.24849331378936768
1748713333.8982906,22.698143928656034,-0.24173714220523834
1748713333.9316971,22.712261203206825,-0.2351851910352707
1748713333.965166,22.722839031297337,-0.22872358560562134
1748713333.998573,22.733761069005123,-0.2220897376537323
1748713334.0319486,22.743616672004,-0.21602702140808105
1748713334.0653865,22.754880688339536,-0.2073708027601242
1748713334.0987947,22.76513126194374,-0.20360691845417023
1748713334.1322093,22.77569056015404,-0.19507071375846863
1748713334.165918,22.78625792702463,-0.18884429335594177
1748713334.1993217,22.79647394473326,-0.184842050075531
1748713334.2327244,22.80742420781622,-0.17894919216632843
1748713334.266125,22.817984241555337,-0.17249922454357147
1748713334.299561,22.82859979447378,-0.16698724031448364
1748713334.3330166,22.83922789723629,-0.16200010478496552
1748713334.3665419,22.84944531803577,-0.154093936085701
1748713334.3999596,22.860405431040398,-0.15051151812076569
1748713334.433357,22.871079569247996,-0.14514562487602234
1748713334.4668348,22.881677299545686,-0.13944578170776367
1748713334.5002818,22.89584804382933,-0.13519302010536194
1748713334.5336843,22.906448241201872,-0.12997175753116608
1748713334.5670924,22.917090339183023,-0.12454616278409958
1748713334.6006494,22.927751155754333,-0.12089485675096512
1748713334.6340654,22.941922238151466,-0.11666243523359299
1748713334.6674683,22.952537757711568,-0.11211047321557999
1748713334.7008502,22.962806751662143,-0.10777543485164642
1748713334.7343533,22.97380663090101,-0.10384475439786911
1748713334.767916,22.984392081494697,-0.09866606444120407
1748713334.8014865,22.99894036913765,-0.09346186369657516
1748713334.8349018,23.0091429227816,-0.08834315836429596
1748713334.8683794,23.019705753282864,-0.08254997432231903
1748713334.9018064,23.03037943637078,-0.0787496566772461
1748713334.936285,23.041329713180033,-0.07513462752103806
1748713334.9696863,23.051437349784564,-0.06906787306070328
1748713335.003106,23.062009787680847,-0.06467767804861069
1748713335.0366569,23.072663415971746,-0.06207219511270523
1748713335.0700686,23.083244349400115,-0.056368399411439896
1748713335.103464,23.096848444933276,-0.050534844398498535
1748713335.1368809,23.10846623477228,-0.04460454732179642
1748713335.1704845,23.11872710966004,-0.03848978504538536
1748713335.2039375,23.132132571202174,-0.03328416869044304
1748713335.2373438,23.143073213824117,-0.027524001896381378
1748713335.2708669,23.15359659787371,-0.018650343641638756
1748713335.3042846,23.16421850464167,-0.012866901233792305
1748713335.337695,23.174659530496264,-0.005613376386463642
1748713335.371107,23.184860399284737,0.00048217576113529503
1748713335.4049282,23.195526364901763,0.003485051915049553
1748713335.4383993,23.206378886132015,0.013234764337539673
1748713335.4718144,23.220728037158903,0.02028794027864933
1748713335.5052483,23.231716058107953,0.026406481862068176
1748713335.538652,23.24150862359165,0.03576219081878662
1748713335.572079,23.251992808385772,0.04106445983052254
1748713335.6054907,23.262980598171435,0.0496627502143383
1748713335.638886,23.277009767153086,0.057559262961149216
1748713335.6722953,23.28749261270554,0.0659324899315834
1748713335.705706,23.297593898571705,0.0751877874135971
1748713335.7391217,23.30826920568492,0.08510570973157883
1748713335.772565,23.31880712916183,0.09354539215564728
1748713335.806009,23.329332020638024,0.10183082520961761
1748713335.8399158,23.34331820877154,0.11066927760839462
1748713335.8733203,23.35004169492879,0.11835669726133347
1748713335.9067228,23.36474078665763,0.12739770114421844
1748713335.9401267,23.374537309242733,0.13557472825050354
1748713335.9741879,23.385351091941345,0.14517109096050262
1748713336.007639,23.395917006393148,0.15627025067806244
1748713336.041148,23.409827938259834,0.16598187386989594
1748713336.0745997,23.420344149314765,0.17482222616672516
1748713336.10801,23.430781118184914,0.18460524082183838
1748713336.1414144,23.441279251035784,0.19400987029075623
1748713336.1747792,23.451416624635677,0.203227236866951
1748713336.2081923,23.461882313446434,0.21644356846809387
1748713336.241599,23.472703861697408,0.22679540514945984
1748713336.275262,23.48665629520269,0.23697397112846375
1748713336.3087192,23.497473834042214,0.24736568331718445
1748713336.342459,23.50781453175148,0.25881993770599365
1748713336.375861,23.517936823602373,0.2689041793346405
1748713336.4092603,23.528373408626827,0.279661625623703
1748713336.442679,23.538782639595766,0.29445600509643555
1748713336.4760857,23.552386743090924,0.3047192096710205
1748713336.5095196,23.562727290067233,0.31646618247032166
1748713336.5433223,23.573558022357197,0.3272393047809601
1748713336.5767229,23.58384070474121,0.3433121144771576
1748713336.6101277,23.598429451496013,0.35537034273147583
1748713336.643507,23.6081439040653,0.36610719561576843
1748713336.6769173,23.618861231554543,0.37845122814178467
1748713336.7103765,23.628981280576884,0.3891229033470154
1748713336.743786,23.635885232832234,0.4006303548812866
1748713336.777193,23.649648160963995,0.41343218088150024
1748713336.8105981,23.660026801159244,0.4257083237171173
1748713336.844007,23.670460563917498,0.4373021721839905
1748713336.8774204,23.68072731332966,0.4544239342212677
1748713336.9108248,23.691122077978914,0.4666825830936432
1748713336.944944,23.70114604194574,0.4792408347129822
1748713336.9783268,23.71186379245654,0.49193075299263
1748713337.011735,23.725664109353055,0.5048006176948547
1748713337.0451393,23.73602067122672,0.5176274180412292
1748713337.0786202,23.74638223394263,0.5302960276603699
1748713337.1120205,23.757027931072276,0.5439236164093018
1748713337.146242,23.767026604557458,0.5565332770347595
1748713337.1796458,23.777408196917808,0.5693875551223755
1748713337.2131176,23.78399662836861,0.5821405053138733
1748713337.246574,23.798197075702653,0.5949066877365112
1748713337.2799919,23.80853620072202,0.6079322099685669
1748713337.3133993,23.818785323471815,0.6217280626296997
1748713337.3467975,23.829098870947046,0.6392080783843994
1748713337.3801985,23.83948339511757,0.6531277298927307
1748713337.413858,23.849715121239427,0.6667328476905823
1748713337.4472482,23.8634965809299,0.6799813508987427
1748713337.480648,23.873437354011788,0.6932650804519653
1748713337.5142937,23.884047097693266,0.7079014778137207
1748713337.5477233,23.894132343071636,0.7201150059700012
1748713337.5811217,23.904663316810293,0.734427809715271
1748713337.614513,23.91433023421217,0.7550537586212158
1748713337.6479144,23.928510991443375,0.7679280638694763
1748713337.6813328,23.93852458139681,0.7803739905357361
1748713337.7148488,23.948705234939005,0.7945312261581421
1748713337.7483647,23.959194672487797,0.8097783923149109
1748713337.7817643,23.969389161323573,0.8245874047279358
1748713337.8151827,23.97961008227784,0.8446530103683472
1748713337.8485956,23.993260605270564,0.8586843013763428
1748713337.882042,24.00341835752906,0.8739578127861023
1748713337.915449,24.013687043352782,0.8883129358291626
1748713337.9488492,24.02372345827588,0.9085069298744202
1748713337.9822614,24.03736163993213,0.9214816689491272
1748713338.015663,24.048155632094275,0.9377015829086304
1748713338.0490777,24.058343427977285,0.9575040340423584
1748713338.082487,24.06828771809896,0.9712821841239929
1748713338.1158886,24.078526075638603,0.9856297373771667
1748713338.149326,24.088722250572815,1.0000320672988892
1748713338.18282,24.10250221149948,1.0135531425476074
1748713338.2164617,24.112332924757773,1.027597427368164
1748713338.249863,24.122495713781095,1.0475739240646362
1748713338.2832625,24.133203882231644,1.0564464330673218
1748713338.316667,24.14344420949818,1.070697546005249
1748713338.3500655,24.15374631498451,1.088978886604309
1748713338.3834684,24.164113459961765,1.1020448207855225
1748713338.4179022,24.178337732241552,1.1148842573165894
1748713338.4513104,24.188720263951335,1.1270575523376465
1748713338.4847114,24.199061252028333,1.1432925462722778
1748713338.518192,24.20891881979877,1.156844139099121
1748713338.5515985,24.222936917722677,1.170564889907837
1748713338.5850432,24.23288403999852,1.1874051094055176
1748713338.618488,24.24366356518641,1.1988630294799805
1748713338.6519153,24.257320312618447,1.2093075513839722
1748713338.685363,24.263900649574833,1.2236789464950562
1748713338.7188122,24.27370256641717,1.236315131187439
1748713338.7522242,24.28821773728607,1.2462232112884521
1748713338.785678,24.298574135393803,1.2582364082336426
1748713338.8190835,24.309402614335696,1.2694408893585205
1748713338.8524914,24.319126138227652,1.2798044681549072
1748713338.886577,24.330340016634324,1.2903987169265747
1748713338.9202363,24.340363018694827,1.3013417720794678
1748713338.9536464,24.350541332496192,1.3142515420913696
1748713338.9870439,24.361108056287822,1.3238520622253418
1748713339.0204759,24.371825372035605,1.3343077898025513
1748713339.0538905,24.38235609945867,1.3432886600494385
1748713339.0873277,24.39635124702543,1.3529387712478638
1748713339.120753,24.403707221335225,1.3621686697006226
1748713339.1542654,24.41385228266917,1.371385931968689
1748713339.1877089,24.427517129655172,1.379943609237671
1748713339.2211914,24.43839938223133,1.3886774778366089
1748713339.2546568,24.44857477774553,1.3967053890228271
1748713339.2881122,24.455901388943985,1.4056000709533691
1748713339.3215191,24.46998744405113,1.4135417938232422
1748713339.3549209,24.48050925777703,1.4217218160629272
1748713339.388452,24.49103092074929,1.432270884513855
1748713339.4219065,24.50162100563765,1.4392589330673218
1748713339.4553146,24.515366571055885,1.4461123943328857
1748713339.488721,24.526349200344548,1.4523088932037354
1748713339.5220697,24.537323243758077,1.4583549499511719
1748713339.5555756,24.547540273779656,1.4647096395492554
1748713339.5891242,24.558160466509296,1.4703820943832397
1748713339.6225233,24.568416083381585,1.4758952856063843
1748713339.65596,24.579380830316733,1.4816629886627197
1748713339.6895583,24.589993547431042,1.4871212244033813
1748713339.7229345,24.600619090551398,1.4921846389770508
1748713339.7562916,24.611242388611775,1.4971121549606323
1748713339.7896984,24.621852181244336,1.5036031007766724
1748713339.823102,24.632506964077727,1.5075029134750366
1748713339.8564909,24.643481710841137,1.5119959115982056
1748713339.889933,24.653749596166172,1.5162488222122192
1748713339.923335,24.668274613460337,1.520505428314209
1748713339.956844,24.678548849942857,1.5243911743164062
1748713339.990278,24.689557604146426,1.5275700092315674
1748713340.0237367,24.69949812865463,1.530370831489563
1748713340.057157,24.71047261086131,1.535361647605896
1748713340.0907388,24.721132503303483,1.5370540618896484
1748713340.1241677,24.731759661957394,1.5416406393051147
1748713340.1575723,24.74598355378272,1.543639063835144
1748713340.190975,24.7566257932209,1.5467346906661987
1748713340.2243733,24.767277404196292,1.5503039360046387
1748713340.257771,24.777931627800776,1.5528305768966675
1748713340.2912102,24.788584521007024,1.555320382118225
1748713340.3247297,24.802798013184297,1.5572196245193481
1748713340.3583941,24.81310636648934,1.5596731901168823
1748713340.391793,24.82407733854031,1.5626907348632812
1748713340.425143,24.83830549234983,1.5639033317565918
1748713340.4585514,24.84897704572466,1.5654935836791992
1748713340.491952,24.859634996452233,1.5679502487182617
1748713340.525368,24.870678869549142,1.5691500902175903
1748713340.5587788,24.881006330050898,1.5700548887252808
1748713340.592181,24.891670855848442,1.5720824003219604
1748713340.6256256,24.90232825082945,1.5739778280258179
1748713340.6590333,24.916553657181918,1.5751277208328247
1748713340.692442,24.927935192260186,1.5757932662963867
1748713340.7258227,24.937889792838458,1.5769027471542358
1748713340.7592404,24.944998994996805,1.5775166749954224
1748713340.7926338,24.957834217053225,1.578452706336975
1748713340.82599,24.964171046671158,1.5796879529953003
1748713340.85946,24.968969652678556,1.5800496339797974
1748713340.8929095,24.972999572430176,1.581073522567749
1748713340.9263344,24.976552337307783,1.5813971757888794
1748713340.9598138,24.98012537533855,1.5817779302597046
1748713340.9932249,24.983468761640587,1.5815058946609497
1748713341.0266612,24.98674096611108,1.5823616981506348
1748713341.0601194,24.989988394783705,1.5826865434646606
1748713341.0935304,24.99311208840816,1.5829380750656128
1748713341.1272628,24.997399371828482,1.5831875801086426
1748713341.160674,25.000714024355446,1.583799123764038
1748713341.1940796,25.003921804328584,1.5838868618011475
1748713341.227459,25.007149513353536,1.5848826169967651
1748713341.2608087,25.010305857039125,1.5845969915390015
1748713341.2942002,25.013660652991952,1.5852391719818115
1748713341.3276248,25.01688816277107,1.5856823921203613
1748713341.3610988,25.021064573585488,1.5862977504730225
1748713341.3945105,25.024376540522635,1.5864280462265015
1748713341.4279165,25.02758113309005,1.586085319519043
1748713341.461322,25.030802961432983,1.5874791145324707
1748713341.4947326,25.034004234572482,1.587025761604309
1748713341.528188,25.037722867837008,1.5877330303192139
1748713341.5619738,25.04146523618172,1.5875154733657837
1748713341.5956001,25.045253531079908,1.5874173641204834
1748713341.6292286,25.049156164331958,1.588710069656372
1748713341.6626825,25.05408802883187,1.5883095264434814
1748713341.6960847,25.057822711787953,1.5894548892974854
1748713341.7296767,25.06150237736813,1.5889997482299805
1748713341.7630885,25.064983022936268,1.5893089771270752
1748713341.7965326,25.068645328063507,1.590460181236267
1748713341.8299327,25.07213095013584,1.590206265449524
1748713341.8633492,25.07544245905675,1.5906105041503906
1748713341.896753,25.07893007587906,1.5901362895965576
1748713341.9301624,25.082344747249273,1.5903314352035522
1748713341.9638717,25.08560726313418,1.59022057056427
1748713341.9972966,25.089779945872422,1.5913218259811401
1748713342.0307202,25.092877431023023,1.5913161039352417
1748713342.064305,25.095942930786766,1.5907375812530518
1748713342.0977187,25.099072255554674,1.5909093618392944
1748713342.1312127,25.101947501419616,1.5915864706039429
1748713342.1646168,25.104877095395913,1.5910496711730957
1748713342.1980348,25.10776849186369,1.5910604000091553
1748713342.2314634,25.110621757528598,1.5907090902328491
1748713342.264866,25.114433536266567,1.5913420915603638
1748713342.2982748,25.117280147282163,1.590598702430725
1748713342.3316858,25.120041835516936,1.5914008617401123
1748713342.3651323,25.123530550091868,1.590999722480774
1748713342.3985398,25.126234518535014,1.591568946838379
1748713342.4319534,25.12892815528453,1.5910135507583618
1748713342.4655373,25.131356611508064,1.5919305086135864
1748713342.4989219,25.134087498083346,1.5921489000320435
1748713342.5324044,25.137400821771738,1.5925811529159546
1748713342.56581,25.13979433574928,1.5920885801315308
1748713342.599231,25.14216595013079,1.5932470560073853
1748713342.6326306,25.14461862227007,1.5926657915115356
1748713342.6663659,25.146892142261702,1.5937421321868896
1748713342.7005854,25.14918333164705,1.5933111906051636
1748713342.7339935,25.151362347084554,1.593247890472412
1748713342.7676346,25.15355037978808,1.593604326248169
1748713342.8010747,25.155792596335193,1.5941951274871826
1748713342.8344793,25.15794123216654,1.5936156511306763
1748713342.8679345,25.16075653648227,1.5944366455078125
1748713342.90144,25.162132440861313,1.5945498943328857
1748713342.9348505,25.164166789296115,1.5945402383804321
1748713342.9682486,25.166079103865155,1.5946775674819946
1748713343.001654,25.168733961365593,1.5951451063156128
1748713343.0350602,25.170667588833297,1.5945857763290405
1748713343.0684602,25.172559845615886,1.5946799516677856
1748713343.1026068,25.17441724737437,1.5949745178222656
1748713343.1361754,25.176245318935102,1.5949803590774536
1748713343.1695788,25.17856392371765,1.5950464010238647
1748713343.2029877,25.180369704239514,1.5952008962631226
1748713343.2363887,25.182107566494672,1.5947109460830688
1748713343.2698228,25.183848472612237,1.5954748392105103
1748713343.3039005,25.185547122076507,1.5954205989837646
1748713343.3373015,25.187745645957975,1.5957249402999878
1748713343.3707054,25.189319473607956,1.5951299667358398
1748713343.404177,25.190956156677956,1.5953216552734375
1748713343.437575,25.192461564763335,1.5955268144607544
1748713343.4709752,25.194043179833727,1.595605731010437
1748713343.5043795,25.195496082351315,1.5957204103469849
1748713343.5377846,25.19703279348565,1.595634937286377
1748713343.5711977,25.1985047974692,1.5962642431259155
1748713343.604606,25.19996872560566,1.595669150352478
1748713343.638031,25.20141202630705,1.596122145652771
1748713343.6714542,25.20277793759078,1.595983624458313
1748713343.704904,25.20421751869573,1.596480131149292
1748713343.7383728,25.205649125294485,1.5958892107009888
1748713343.7717795,25.206906943844473,1.5962402820587158
1748713343.8051815,25.208269854285884,1.5965909957885742
1748713343.8386734,25.209557703127363,1.5966851711273193
1748713343.8720758,25.211253876241926,1.5967000722885132
1748713343.9054832,25.212530216806464,1.5967283248901367
1748713343.9388866,25.213746361496487,1.597264289855957
1748713343.9722853,25.214965114878265,1.5966500043869019
1748713344.0056384,25.216616417961944,1.5973619222640991
1748713344.0390377,25.217490255679877,1.5965726375579834
1748713344.0724504,25.218733348104283,1.5973494052886963
1748713344.107383,25.220352532470322,1.596598505973816
1748713344.1407912,25.221491499404,1.5968496799468994
1748713344.1742241,25.222594948245124,1.5969620943069458
1748713344.2076368,25.22366392474662,1.5969139337539673
1748713344.2410824,25.224678157723677,1.5971397161483765
1748713344.2744849,25.22606975336368,1.5973114967346191
1748713344.3079503,25.227066551154962,1.596799373626709
1748713344.3413534,25.228040667529157,1.5970261096954346
1748713344.3747861,25.229018804051734,1.5973678827285767
1748713344.4082546,25.229977447554422,1.597522258758545
1748713344.4416592,25.23094630262959,1.5970892906188965
1748713344.4750636,25.231908977544578,1.597753643989563
1748713344.5085301,25.232836537534514,1.5976611375808716
1748713344.541951,25.233742165154958,1.5975592136383057
1748713344.575445,25.234634649249116,1.5976743698120117
1748713344.6088364,25.235509538536053,1.5979443788528442
1748713344.642242,25.23636022317788,1.5980967283248901
1748713344.6757033,25.237200826983738,1.5979176759719849
1748713344.7091076,25.238034521678767,1.5979666709899902
1748713344.742525,25.23885322890266,1.5978548526763916
1748713344.7759295,25.239659655828063,1.5982564687728882
1748713344.809379,25.240427065925292,1.5979756116867065
1748713344.8428028,25.2412330135447,1.598154067993164
1748713344.8762183,25.242995026950993,1.598007082939148
1748713344.9096253,25.248861742906207,1.5978906154632568
1748713344.9824927,25.26488461901714,1.5976659059524536
1748713345.0159066,25.269236133356262,1.5976353883743286
1748713345.049275,25.279403046763772,1.5972137451171875
1748713345.082723,25.28839905488472,1.5973305702209473
1748713345.1161344,25.298380761829534,1.5969452857971191
1748713345.1495504,25.312203742277216,1.5978723764419556
1748713345.1829376,25.322762637676245,1.596901535987854
1748713345.2163808,25.33338415044539,1.5974491834640503
1748713345.249781,25.347578944592204,1.5970563888549805
1748713345.2832274,25.358233217935002,1.5969947576522827
1748713345.3166416,25.36889722404026,1.5961817502975464
1748713345.350057,25.379574834945576,1.5956645011901855
1748713345.3834746,25.390616037598175,1.5961271524429321
1748713345.416878,25.400585723996695,1.5951340198516846
1748713345.450443,25.41165488147257,1.5961496829986572
1748713345.484259,25.42591487174383,1.5956099033355713
1748713345.5176737,25.436606714051337,1.5951184034347534
1748713345.55116,25.44764152346234,1.5941394567489624
1748713345.5845733,25.461513889064207,1.5941917896270752
1748713345.6179698,25.472525011581087,1.5933473110198975
1748713345.6513743,25.48283704970726,1.593354344367981
1748713345.6847584,25.493499544204173,1.5923212766647339
1748713345.718226,25.50062749377084,1.593014121055603
1748713345.7517579,25.514840882334003,1.5922181606292725
1748713345.7852008,25.521942233509755,1.5908617973327637
1748713345.8186033,25.536167890432832,1.5906132459640503
1748713345.8520212,25.543638367083567,1.5902408361434937
1748713345.885515,25.557513992832174,1.5904524326324463
1748713345.9189577,25.56819250996382,1.5903548002243042
1748713345.952405,25.578517698918738,1.5891494750976562
1748713345.9858027,25.593113775460406,1.588969349861145
1748713346.019202,25.60342387515203,1.5878338813781738
1748713346.0526094,25.615161067116397,1.5858813524246216
1748713346.0863345,25.624748063818313,1.5854490995407104
1748713346.119856,25.635758955123336,1.5858161449432373
1748713346.153274,25.642863636875596,1.584597110748291
1748713346.1867461,25.65320697398456,1.584570288658142
1748713346.2205262,25.66427471377433,1.583358883857727
1748713346.2540352,25.674976671513676,1.5830413103103638
1748713346.2875159,25.685302225793087,1.5823783874511719
1748713346.3209205,25.69633657553883,1.58211088180542
1748713346.3543255,25.707003590670183,1.581438422203064
1748713346.3877614,25.717662250627857,1.5807570219039917
1748713346.4213064,25.731882101874504,1.58021080493927
1748713346.4552605,25.7389875670829,1.5797721147537231
1748713346.4886959,25.753207770881485,1.5791091918945312
1748713346.5221126,25.76422618491193,1.5785131454467773
1748713346.5555217,25.774540303850927,1.578197717666626
1748713346.5889242,25.781651907193126,1.577651858329773
1748713346.622411,25.79231541311675,1.577184796333313
1748713346.6558373,25.802626757826253,1.5766582489013672
1748713346.6892424,25.81364141453023,1.5762141942977905
1748713346.7226458,25.82430856634094,1.5761799812316895
1748713346.7560506,25.834971345280024,1.5756399631500244
1748713346.7897828,25.84564654647004,1.5755020380020142
1748713346.8234868,25.856305983380153,1.5752369165420532
1748713346.8570406,25.866613283515232,1.574622392654419
1748713346.8904505,25.877635153800018,1.5745856761932373
1748713346.9247887,25.88474369708811,1.5740505456924438
1748713346.9582193,25.895056858920384,1.573641300201416
1748713346.9916239,25.909638673415888,1.5734320878982544
1748713347.0250225,25.920309688225004,1.5729954242706299
1748713347.0584376,25.930974546934703,1.57264244556427
1748713347.0917938,25.94128394406486,1.5723384618759155
1748713347.1252012,25.948392843027747,1.5720165967941284
1748713347.1586223,25.959418904633953,1.571304440498352
1748713347.1920304,25.97365488197034,1.571234107017517
1748713347.225474,25.980764276480766,1.5705194473266602
1748713347.2589295,25.994629319437117,1.570081353187561
1748713347.292341,26.005295982667498,1.569723129272461
1748713347.3257968,26.016327726339753,1.5692449808120728
1748713347.3594148,26.02343917145703,1.568626046180725
1748713347.3928692,26.037653241664863,1.5681835412979126
1748713347.4263299,26.048321210145108,1.567874789237976
1748713347.459805,26.05899553596047,1.5678898096084595
1748713347.4932625,26.070014430404726,1.5669981241226196
1748713347.5268133,26.080331212163625,1.5666218996047974
1748713347.5602272,26.091000373612413,1.565902590751648
1748713347.5936258,26.101660456434228,1.5651320219039917
1748713347.6270294,26.11232747363801,1.5647237300872803
1748713347.6605096,26.12300273291178,1.564634084701538
1748713347.6939127,26.13366026526292,1.5640884637832642
1748713347.7273417,26.14467469591358,1.5633575916290283
1748713347.7607567,26.154983326166736,1.5628846883773804
1748713347.7942085,26.16529399999203,1.5625653266906738
1748713347.8276224,26.1763215236341,1.5623512268066406
1748713347.8611317,26.18699892717163,1.561667561531067
1748713347.8945436,26.19767745389007,1.5619986057281494
1748713347.9279516,26.21227334839916,1.5616861581802368
1748713347.9613512,26.219389028750097,1.5610857009887695
1748713347.9947567,26.22936134594596,1.5599915981292725
1748713348.0281763,26.240404597085746,1.5601840019226074
1748713348.0622756,26.251432909658856,1.5601379871368408
1748713348.0959666,26.261733785161674,1.5597389936447144
1748713348.1297662,26.275985848918896,1.5605841875076294
1748713348.1631744,26.286977309971803,1.5602076053619385
1748713348.1965754,26.297255002811642,1.561766266822815
1748713348.2299776,26.307929334233346,1.5616717338562012
1748713348.2633908,26.31896089132413,1.5624070167541504
1748713348.2968013,26.332466528487043,1.563857913017273
1748713348.3302987,26.34315843481895,1.564763069152832
1748713348.3639452,26.354125642708325,1.5668795108795166
1748713348.3973536,26.364730658477203,1.570266842842102
1748713348.4307885,26.375010955089472,1.5724648237228394
1748713348.4641366,26.386262186153147,1.5761836767196655
1748713348.4975116,26.396492085409317,1.5796750783920288
1748713348.5309446,26.410634655701095,1.5831079483032227
1748713348.5644946,26.421643976857446,1.586103081703186
1748713348.5979044,26.431983323486484,1.5877586603164673
1748713348.6314347,26.44263265798986,1.591729760169983
1748713348.6648364,26.45329661907803,1.5942598581314087
1748713348.6982787,26.46735570496378,1.5994559526443481
1748713348.7316856,26.478258875828026,1.6042121648788452
1748713348.7650993,26.48838363290908,1.6124640703201294
1748713348.7985818,26.498973039554617,1.617722749710083
1748713348.8319907,26.513140717959747,1.6222925186157227
1748713348.865463,26.5236600928835,1.6284276247024536
1748713348.8988605,26.533788206550973,1.6353299617767334
1748713348.932272,26.544786675414525,1.642626166343689
1748713348.9663575,26.554873342775203,1.650059700012207
1748713348.9998078,26.56572707438145,1.6571249961853027
1748713349.0343857,26.5763519199298,1.6627165079116821
1748713349.0677974,26.590355490084264,1.6703386306762695
1748713349.1014,26.597269397202833,1.6790082454681396
1748713349.1348312,26.610900618387348,1.6867352724075317
1748713349.1682327,26.62180603231168,1.6944078207015991
1748713349.2018583,26.632301728043252,1.7026795148849487
1748713349.2352548,26.639621079384035,1.7113823890686035
1748713349.268717,26.65300777590338,1.718583583831787
1748713349.302119,26.664144782871137,1.7283936738967896
1748713349.335526,26.674324500444015,1.7364650964736938
1748713349.369013,26.684816381134528,1.748678207397461
1748713349.4026399,26.69530287213598,1.7575969696044922
1748713349.436047,26.705753805858773,1.767318606376648
1748713349.4693935,26.71622804543665,1.7769943475723267
1748713349.5028841,26.730301005065854,1.7852883338928223
1748713349.5363228,26.740746990653744,1.7987027168273926
1748713349.5697238,26.754682508425166,1.80839204788208
1748713349.603216,26.765484321840063,1.818888545036316
1748713349.6366448,26.775532664453035,1.8294271230697632
1748713349.6700642,26.78595272765236,1.8434191942214966
1748713349.7034683,26.796490395055354,1.8535903692245483
1748713349.7368739,26.810348966119435,1.8646639585494995
1748713349.7702827,26.820752402408864,1.8758020401000977
1748713349.8036885,26.831079200008464,1.887801170349121
1748713349.8370888,26.841583022157284,1.898266077041626
1748713349.8704891,26.851885089952994,1.9101768732070923
1748713349.9040387,26.862316613524047,1.92124605178833
1748713349.9374862,26.8733468059356,1.9376060962677002
1748713349.970848,26.88332543683597,1.9494493007659912
1748713350.0042458,26.89688801618943,1.9609941244125366
1748713350.0376554,26.90723146391444,1.9733548164367676
1748713350.071101,26.91767751965294,1.9849098920822144
1748713350.1045084,26.92796591603721,2.001624822616577
1748713350.1379185,26.93839051207075,2.013505220413208
1748713350.1726332,26.948701275169284,2.0258688926696777
1748713350.2060819,26.96247956082392,2.03916072845459
1748713350.2397435,26.97251993388503,2.051447868347168
1748713350.2731268,26.98292999094668,2.0638906955718994
1748713350.30649,26.99356682708831,2.0776185989379883
1748713350.3399003,27.00394164164404,2.094508171081543
1748713350.373309,27.014313560336138,2.1072580814361572
1748713350.4067473,27.02457975462966,2.1208250522613525
1748713350.4402258,27.0383189616389,2.134155511856079
1748713350.4736395,27.048325492535756,2.1467881202697754
1748713350.507295,27.05937714685646,2.160498857498169
1748713350.5407045,27.068953977325698,2.1732614040374756
1748713350.574118,27.079309944681885,2.1862776279449463
1748713350.6075077,27.090015509616805,2.203693389892578
1748713350.6409326,27.10335144256889,2.2174692153930664
1748713350.6744409,27.1143276780019,2.2321417331695557
1748713350.7078502,27.124299784256866,2.2499678134918213
1748713350.7412581,27.13804621390761,2.2638049125671387
1748713350.7748168,27.14871375435895,2.2780230045318604
1748713350.8082302,27.15870106434849,2.2912709712982178
1748713350.8416402,27.169035111189864,2.304948091506958
1748713350.8750534,27.179369988912843,2.3185832500457764
1748713350.9086723,27.190041483156865,2.3326339721679688
1748713350.9424422,27.203068741404678,2.3502979278564453
1748713350.9758573,27.2133447871712,2.364212989807129
1748713351.009403,27.223866945156328,2.3841354846954346
1748713351.0428054,27.233831769925782,2.392974853515625
1748713351.0762088,27.244468961366824,2.407426357269287
1748713351.1096156,27.25475748613215,2.421337366104126
1748713351.143016,27.26494981847942,2.4407167434692383
1748713351.176419,27.27521396944587,2.4549694061279297
1748713351.2098188,27.285462893322396,2.469302177429199
1748713351.243283,27.299156802977237,2.48343825340271
1748713351.2767842,27.309381795583143,2.4977338314056396
1748713351.3101976,27.315832778875436,2.511683464050293
1748713351.34378,27.32978221724746,2.526395559310913
1748713351.377307,27.339955016806222,2.545719861984253
1748713351.4107368,27.349762669268152,2.5603678226470947
1748713351.444342,27.363294975571787,2.5745739936828613
1748713351.47774,27.373814232198008,2.5895769596099854
1748713351.5112085,27.38399719389273,2.6041605472564697
1748713351.5446074,27.394280928130677,2.622217893600464
1748713351.578025,27.404530687808315,2.631974697113037
1748713351.611509,27.414738815415063,2.6461191177368164
1748713351.645477,27.425043504797294,2.6596734523773193
1748713351.6788285,27.435447145623595,2.676389455795288
1748713351.7122443,27.44563659921672,2.691086530685425
1748713351.7456408,27.459392989022458,2.7046258449554443
1748713351.7790966,27.470022726533088,2.7193052768707275
1748713351.8132365,27.48370547727129,2.7327470779418945
1748713351.8466368,27.49425498406632,2.7436327934265137
1748713351.880165,27.504716574154358,2.755068302154541
1748713351.9135747,27.515570375477562,2.765634059906006
1748713351.9469802,27.529642288170294,2.774848461151123
1748713351.98038,27.540760351528373,2.782087564468384
1748713352.0137866,27.55464986176763,2.7907350063323975
1748713352.0471885,27.5648255472737,2.7980337142944336
1748713352.080562,27.575486191500165,2.8025872707366943
1748713352.1139207,27.585567775539225,2.815134286880493
1748713352.1473331,27.59579299013205,2.821074962615967
1748713352.1807475,27.605237808568383,2.832197427749634
1748713352.214199,27.6152852680588,2.8380439281463623
1748713352.2475967,27.625687711282644,2.8469204902648926
1748713352.28111,27.63939136607552,2.8502776622772217
1748713352.3145142,27.649014935791836,2.8582828044891357
1748713352.3482323,27.662791083103347,2.861459732055664
1748713352.3827312,27.669690848074808,2.8675804138183594
1748713352.416459,27.683851859495608,2.8708982467651367
1748713352.45002,27.694034861640958,2.8757951259613037
1748713352.48342,27.705321935976105,2.876534938812256
1748713352.5168352,27.71551131575968,2.880554437637329
1748713352.5503724,27.72647202907319,2.8826210498809814
1748713352.584064,27.736737672804065,2.884687900543213
1748713352.617478,27.747297343400508,2.886918783187866
1748713352.6508791,27.757836676363027,2.8852617740631104
1748713352.6842926,27.768300336867554,2.8887288570404053
1748713352.717712,27.7788250350254,2.8901500701904297
1748713352.751667,27.78902884841172,2.889028787612915
1748713352.7851,27.799965678721133,2.891144275665283
1748713352.8185043,27.81409329751231,2.8892836570739746
1748713352.8519442,27.824596733266535,2.8859386444091797
1748713352.885387,27.835129383394854,2.885688304901123
1748713352.9187984,27.845672787276147,2.888075351715088
1748713352.9521987,27.85661741543034,2.8894131183624268
1748713352.9856565,27.866811944445303,2.8920323848724365
1748713353.0190613,27.87683037496687,2.8908472061157227
1748713353.0524483,27.887984062720633,2.891841411590576
1748713353.0873215,27.89816210052903,2.893094539642334
1748713353.1207044,27.908763255043237,2.8923308849334717
1748713353.1540968,27.922594409424008,2.892610549926758
1748713353.1876082,27.93360096010295,2.8925154209136963
1748713353.2210152,27.944612287212248,2.8925766944885254
1748713353.2545626,27.954915404151972,2.8925652503967285
1748713353.287994,27.965575399119114,2.8925909996032715
1748713353.3214161,27.97623598162225,2.8925952911376953
1748713353.3548155,27.9868944805235,2.8926093578338623
1748713353.3882232,27.997554827990637,2.8926210403442383
1748713353.4216228,28.008571380172196,2.8926374912261963
1748713353.4550264,28.01887629041597,2.8927104473114014
1748713353.4884293,28.029531908305113,2.89235782623291
1748713353.521914,28.04373305151752,2.893463134765625
1748713353.5553167,28.054042427134316,2.8935117721557617
1748713353.5887344,28.06505968134676,2.8945374488830566
1748713353.622169,28.07536272391851,2.8957347869873047
1748713353.6555839,28.08639894583632,2.895634651184082
1748713353.6889846,28.097079803757236,2.897599458694458
1748713353.7223687,28.10777710191438,2.8989484310150146
1748713353.7557678,28.118499116066037,2.899951934814453
1748713353.7891476,28.129199439421047,2.9021530151367188
1748713353.8225517,28.140269235241984,2.9027750492095947
1748713353.8560166,28.15097066992193,2.903958797454834
1748713353.8895292,28.161298148537607,2.9059841632843018
1748713353.9230356,28.171604861820562,2.90753173828125
1748713353.9564393,28.18651461594417,2.908069133758545
1748713353.9898446,28.196460893214578,2.9099783897399902
1748713354.0232975,28.20713781530593,2.9110889434814453
1748713354.0567493,28.218168576523816,2.9118337631225586
1748713354.090316,28.22884951084509,2.9130144119262695
1748713354.1237977,28.239184418266102,2.912789821624756
1748713354.1572094,28.250214525211902,2.9130101203918457
1748713354.1906192,28.2609103909016,2.9121806621551514
1748713354.2240255,28.275188260157385,2.9123036861419678
1748713354.2574372,28.285853285396616,2.909471273422241
1748713354.290853,28.296509528758964,2.907907485961914
1748713354.324258,28.303625270460124,2.907040596008301
1748713354.3576765,28.31744759419899,2.904066562652588
1748713354.3911238,28.328480265588425,2.9019699096679688
1748713354.424505,28.339172905328645,2.9009945392608643
1748713354.4580173,28.34981952180213,2.8995747566223145
1748713354.4914405,28.3604479399106,2.8972830772399902
1748713354.5248694,28.371119192952417,2.897024631500244
1748713354.5582726,28.381837606216507,2.8968074321746826
1748713354.5917182,28.392553680055155,2.8942630290985107
1748713354.625115,28.403316145644183,2.8935861587524414
1748713354.6585603,28.414006098851694,2.8906047344207764
1748713354.6921618,28.42503649441092,2.888777494430542
1748713354.7261486,28.43208150690004,2.884546995162964
1748713354.7599537,28.44631604995032,2.8823635578155518
1748713354.793414,28.456260022369307,2.8778951168060303
1748713354.8268907,28.470871427162727,2.8755860328674316
1748713354.8602946,28.481840446960682,2.8718574047088623
1748713354.893705,28.492006880792783,2.8647212982177734
1748713354.9271495,28.50297091210921,2.856813907623291
1748713354.9605598,28.512843758134444,2.8526670932769775
1748713354.993964,28.527353297177907,2.849302053451538
1748713355.027402,28.537143942046363,2.8434183597564697
1748713355.0608134,28.548121775913224,2.8396410942077637
1748713355.0942276,28.558751966990513,2.8352084159851074
1748713355.1276312,28.5690107360095,2.8312301635742188
1748713355.1610806,28.58349671906382,2.8291780948638916
1748713355.1944788,28.59056774321076,2.830474615097046
1748713355.2279055,28.604669563846237,2.8281874656677246
1748713355.2613096,28.614932894036986,2.8274903297424316
1748713355.2947495,28.625835297390072,2.825463056564331
1748713355.328192,28.639525883024298,2.827479839324951
1748713355.3615808,28.650411907653037,2.8280224800109863
1748713355.3949845,28.66100862278761,2.8270773887634277
1748713355.4283893,28.672031614479053,2.8288843631744385
1748713355.4617908,28.681961281508126,2.831535816192627
1748713355.4951975,28.692969240936097,2.8316245079040527
1748713355.528631,28.703584033167104,2.8333163261413574
1748713355.5620356,28.714903081299965,2.8368616104125977
1748713355.5955503,28.725118620114657,2.8395650386810303
1748713355.6289606,28.73504288478813,2.8442959785461426
1748713355.6623538,28.74555815658805,2.8493266105651855
1748713355.6957667,28.75813382120425,2.8554270267486572
1748713355.7291703,28.7648258765528,2.8610992431640625
1748713355.762589,28.770365322285805,2.8637709617614746
1748713355.7960413,28.774440331855462,2.8670411109924316
1748713355.829438,28.77842412438521,2.8701260089874268
1748713355.863814,28.780712227598176,2.874194383621216
1748713355.8973534,28.784152508262547,2.876725435256958
1748713355.9308908,28.78727989407962,2.879287004470825
1748713355.9643688,28.79071533976389,2.883502244949341
1748713355.9979599,28.79381076094464,2.8875484466552734
1748713356.0316017,28.797067808165195,2.891613721847534
1748713356.065173,28.799862457899717,2.8961338996887207
1748713356.0986135,28.80393441812493,2.9004039764404297
1748713356.1320424,28.806908996538922,2.9043078422546387
1748713356.1654582,28.809872182765442,2.91139817237854
1748713356.1988604,28.813013869486856,2.9158031940460205
1748713356.2322662,28.816657120529342,2.9220404624938965
1748713356.265723,28.819655244294022,2.927110195159912
1748713356.2991421,28.822633151730685,2.93223237991333
1748713356.3325515,28.825637737153244,2.9371094703674316
1748713356.3659546,28.82943001637306,2.946890354156494
1748713356.3993523,28.835422608473095,2.9605209827423096
1748713356.4327812,28.846032402758414,2.9766128063201904
1748713356.4670336,28.854929699319452,2.9935615062713623
1748713356.500436,28.863957278897374,3.010573148727417
1748713356.533836,28.874358920248575,3.034106969833374
1748713356.5672648,28.883466479492853,3.053579568862915
1748713356.6006615,28.893142081514185,3.0665762424468994
1748713356.6340735,28.902925044726086,3.0923233032226562
1748713356.6676652,28.916065620862888,3.109471559524536
1748713356.7012386,28.925961938640473,3.1300337314605713
1748713356.7346509,28.936074622912347,-3.126981019973755
1748713356.768063,28.945524103865505,-3.107445240020752
1748713356.801468,28.95589759676203,-3.090730905532837
1748713356.8348641,28.968470636108126,-3.0709025859832764
1748713356.8684525,28.978524883025433,-3.050642490386963
1748713356.9018571,28.988853574242665,-3.03147554397583
1748713356.935287,28.9986658751486,-3.0144388675689697
1748713356.9688199,29.008925952591948,-2.998159170150757
1748713357.002207,29.01851843533666,-2.973278760910034
1748713357.0356376,29.028821892751967,-2.963000774383545
1748713357.0691233,29.03933224902308,-2.949465274810791
1748713357.102529,29.04929620517422,-2.928896427154541
1748713357.1359677,29.05983284782601,-2.915823221206665
1748713357.1693788,29.073103331971836,-2.9000065326690674
1748713357.2027912,29.083696857218687,-2.888450860977173
1748713357.236198,29.093832651340897,-2.869906187057495
1748713357.2695987,29.103810064730165,-2.857278823852539
1748713357.3029697,29.114483331894395,-2.8457140922546387
1748713357.336379,29.128710293566257,-2.8383634090423584
1748713357.3699124,29.139313416449163,-2.8269600868225098
1748713357.4032738,29.149600837973715,-2.8199918270111084
1748713357.4366376,29.159637747953152,-2.8112831115722656
1748713357.4701278,29.170139138112784,-2.8000519275665283
1748713357.503671,29.18066690295065,-2.792490243911743
1748713357.537051,29.19071657560509,-2.7826783657073975
1748713357.5704613,29.20492336434887,-2.774599552154541
1748713357.6039188,29.21487698668065,-2.7651147842407227
1748713357.6373155,29.228673792869845,-2.759545087814331
1748713357.6707137,29.239678334267495,-2.7571299076080322
1748713357.7044072,29.253623367145806,-2.7549941539764404
1748713357.737823,29.264181358170507,-2.7480990886688232
1748713357.771227,29.27462422266425,-2.745631217956543
1748713357.8046372,29.284742640568773,-2.7439639568328857
1748713357.8382497,29.29870849636897,-2.7408485412597656
1748713357.8716564,29.30920636721277,-2.739353895187378
1748713357.9050634,29.319398475677705,-2.7407827377319336
1748713357.9384673,29.33037719053139,-2.7403500080108643
1748713357.9718692,29.3410356225765,-2.7402286529541016
1748713358.0052729,29.351701263414633,-2.7391204833984375
1748713358.038945,29.362012411952033,-2.7387568950653076
1748713358.0723517,29.373039901716414,-2.7385196685791016
1748713358.1058402,29.38369483324564,-2.7390644550323486
1748713358.1393423,29.39468298670337,-2.7406840324401855
1748713358.1727343,29.40497554952536,-2.741825580596924
1748713358.2061315,29.415242619226156,-2.7436718940734863
1748713358.239608,29.425815870672324,-2.74686598777771
1748713358.2730138,29.440319196997496,-2.7501413822174072
1748713358.306418,29.45091104768114,-2.753804922103882
1748713358.339823,29.46155561258116,-2.7562222480773926
1748713358.3732762,29.471826913498216,-2.760054349899292
1748713358.406683,29.48278101329431,-2.764425039291382
1748713358.440089,29.493128200880435,-2.7669010162353516
1748713358.473606,29.504435984995926,-2.7714054584503174
1748713358.5070176,29.51466039077899,-2.7764601707458496
1748713358.5404375,29.528894095443913,-2.78005313873291
1748713358.5738435,29.539087179589984,-2.7850844860076904
1748713358.607257,29.550289925191624,-2.793992042541504
1748713358.6406255,29.560612469287943,-2.7985763549804688
1748713358.674046,29.574361935842067,-2.803246021270752
1748713358.7074554,29.585082360970684,-2.8110244274139404
1748713358.7408555,29.595721202691063,-2.814011335372925
1748713358.7742262,29.6064896039917,-2.822575330734253
1748713358.8075802,29.616342412032534,-2.828092336654663
1748713358.8411398,29.626897282065165,-2.8346941471099854
1748713358.8745527,29.64153192978159,-2.839890718460083
1748713358.9079576,29.65241858804104,-2.8468689918518066
1748713358.941388,29.66257244756233,-2.8562252521514893
1748713358.9748254,29.673495817752276,-2.8631653785705566
1748713359.008238,29.68729043127775,-2.8693599700927734
1748713359.0416865,29.697849747830084,-2.878723621368408
1748713359.0750806,29.708399587639917,-2.885873317718506
1748713359.1084833,29.718987189564444,-2.892277717590332
1748713359.141886,29.733149163286186,-2.8983707427978516
1748713359.1754982,29.74371604645648,-2.905102491378784
1748713359.2089148,29.754258177701395,-2.9123339653015137
1748713359.242323,29.7652102911786,-2.9206247329711914
1748713359.275735,29.775848912222774,-2.924631118774414
1748713359.3091407,29.785635938074318,-2.931489944458008
1748713359.3425415,29.796211752374585,-2.9402968883514404
1748713359.3759685,29.810635187861383,-2.9473884105682373
1748713359.4093683,29.82127559602565,-2.9528987407684326
1748713359.4429421,29.831846483508784,-2.95941162109375
1748713359.4763806,29.842467335235444,-2.9651548862457275
1748713359.5097928,29.852765510416035,-2.969843626022339
1748713359.5432732,29.863694623443614,-2.9760661125183105
1748713359.5766823,29.874269553117983,-2.9824318885803223
1748713359.6100943,29.88528581509552,-2.9890658855438232
1748713359.6435647,29.895546786581935,-2.9941728115081787
1748713359.6777408,29.909758753502132,-2.998321533203125
1748713359.7112586,29.9199776949809,-3.0039174556732178
1748713359.7446613,29.930969018603516,-3.008671760559082
1748713359.7780654,29.94158710998279,-3.0135891437530518
1748713359.811751,29.952191871315566,-3.0202102661132812
1748713359.8452027,29.962468862055484,-3.022942066192627
1748713359.878611,29.973441726598328,-3.027780294418335
1748713359.9126294,29.984092038529667,-3.0315024852752686
1748713359.9470208,29.994719855491493,-3.037290096282959
1748713359.980425,30.006043458407937,-3.0413501262664795
1748713360.0138307,30.016676361515447,-3.045320749282837
1748713360.0472798,30.02694728269911,-3.0493180751800537
1748713360.080707,30.04077754001931,-3.052755355834961
1748713360.1141112,30.05103377930717,-3.0570666790008545
1748713360.1475103,30.06203694823693,-3.06196928024292
1748713360.1809266,30.072668873512722,-3.0657918453216553
1748713360.214374,30.086832812808385,-3.0697906017303467
1748713360.247819,30.09782233549822,-3.0737321376800537
1748713360.2812297,30.104215345557993,-3.076767921447754
1748713360.3146422,30.118759557779697,-3.0801055431365967
1748713360.3480432,30.1293930157079,-3.0836524963378906
1748713360.3814492,30.140041928633423,-3.0865910053253174
1748713360.4148393,30.150686262001223,-3.0894999504089355
1748713360.4487975,30.161299430225395,-3.0936057567596436
1748713360.4822075,30.16805134603945,-3.0961220264434814
1748713360.5157576,30.182627615343385,-3.0983803272247314
1748713360.549168,30.193270186399594,-3.101257801055908
1748713360.5827665,30.203928658638592,-3.103334426879883
1748713360.6162565,30.214935326780775,-3.1057608127593994
1748713360.6498206,30.225240594258498,-3.1071717739105225
1748713360.6832685,30.235875004083276,-3.109837532043457
1748713360.7169552,30.246158005223585,-3.1126089096069336
1748713360.7504258,30.257187306934277,-3.114349603652954
1748713360.7839668,30.26751760461305,-3.1144347190856934
1748713360.817361,30.278516477508003,-3.116551160812378
1748713360.8507707,30.29274004598035,-3.117788076400757
1748713360.8841581,30.303400884571538,-3.119643449783325
1748713360.9178882,30.314079273845852,-3.120565176010132
1748713360.9519095,30.324750617561243,-3.1223788261413574
1748713360.9852862,30.33898039436815,-3.123180866241455
1748713361.0186865,30.349639017305467,-3.1254096031188965
1748713361.052368,30.3603273063497,-3.125927686691284
1748713361.0857403,30.370991821917926,-3.128633975982666
1748713361.1192937,30.3816844374815,-3.129310131072998
1748713361.1526906,30.39595359582377,-3.1294760704040527
1748713361.186095,30.40663256837911,-3.130740165710449
1748713361.2195423,30.416958281897244,-3.131436586380005
1748713361.2529843,30.42798820455357,-3.1327524185180664
1748713361.2864301,30.43866583723805,-3.133831739425659
1748713361.3198857,30.449334681448303,-3.1345512866973877
1748713361.3533707,30.460355551425977,-3.1357715129852295
1748713361.3867776,30.47067673988195,-3.136533260345459
1748713361.4202478,30.48134603410436,-3.137242555618286
1748713361.4536536,30.49202489854696,-3.1380152702331543
1748713361.487126,30.502683800525762,-3.1387672424316406
1748713361.520528,30.513362778118314,-3.139585256576538
1748713361.554031,30.527578956499227,-3.1404829025268555
1748713361.5874727,30.53434530182289,-3.1406548023223877
1748713361.6210964,30.545369706674155,3.1415438652038574
1748713361.654458,30.55959766378721,3.140727996826172
1748713361.6878593,30.57062700434487,3.1402523517608643
1748713361.7212794,30.580939143235863,3.1401426792144775
1748713361.7546892,30.591954308101908,3.139376163482666
1748713361.7881272,30.602626156164558,3.138676404953003
1748713361.8215146,30.61257988969276,3.1384172439575195
1748713361.855009,30.62360765717325,3.1378448009490967
1748713361.8884075,30.634271946000048,3.137425422668457
1748713361.921805,30.64493825336935,3.1369705200195312
1748713361.9552076,30.65560176201778,3.136518716812134
1748713361.9886475,30.66626679848402,3.136667251586914
1748713362.022635,30.67694291984231,3.1359612941741943
1748713362.0560334,30.687634880601124,3.135915517807007
1748713362.0894501,30.7022364693462,3.1353204250335693
1748713362.122907,30.71291036274761,3.1352527141571045
1748713362.156967,30.723213921464918,3.1343815326690674
1748713362.1903367,30.730338801850163,3.134793519973755
1748713362.2238426,30.74426511506381,3.133925199508667
1748713362.2572558,30.755323311758602,3.1339621543884277
1748713362.2906675,30.766009949703736,3.1336519718170166
1748713362.3241148,30.776695553347317,3.133340358734131
1748713362.3575125,30.787364063918215,3.1330528259277344
1748713362.3911574,30.80160003212523,3.1324307918548584
1748713362.4245565,30.812274668409884,3.1328554153442383
1748713362.4580395,30.822942232579962,3.132493019104004
1748713362.4914033,30.83360797464978,3.132219076156616
1748713362.5248086,30.844276299782166,3.1321723461151123
1748713362.558212,30.85849154084277,3.1321187019348145
1748713362.591661,30.869159454423404,3.13167667388916
1748713362.6250572,30.87982500551269,3.131525993347168
1748713362.658458,30.890136520996254,3.1310863494873047
1748713362.6918678,30.90116342600699,3.1311821937561035
1748713362.7252903,30.91183184850463,3.13118314743042
1748713362.7597992,30.92249941451313,3.131058931350708
1748713362.7932074,30.93316207143552,3.131049156188965
1748713362.8266134,30.9438245208213,3.13057541847229
1748713362.860393,30.954486358284043,3.130671262741089
1748713362.893863,30.965142195520006,3.1308114528656006
1748713362.92727,30.979359721992246,3.13118577003479
1748713362.9606671,30.990379167701732,3.1310975551605225
1748713362.994128,31.001045802659867,3.1310412883758545
1748713363.0275025,31.01099952548564,3.131298303604126
1748713363.0609074,31.022017778063816,3.131319522857666
1748713363.0943553,31.032679323398792,3.131425142288208
1748713363.1277597,31.04334015742949,3.131304979324341
1748713363.1611652,31.057200601866832,3.131347417831421
1748713363.1946292,31.068216410238147,3.131800413131714
1748713363.2280393,31.078877001709905,3.131835699081421
1748713363.26139,31.089536450302177,3.132033348083496
1748713363.2949119,31.10019598048432,3.1321423053741455
1748713363.3284252,31.11085452302871,3.1323249340057373
1748713363.3618796,31.125421315058432,3.1324548721313477
1748713363.395283,31.136079860875146,3.132560968399048
1748713363.4288595,31.146381544161724,3.132880687713623
1748713363.4627988,31.15703912783682,3.132943630218506
1748713363.4961963,31.170893386808093,3.133136034011841
1748713363.529603,31.182615479011137,3.1330602169036865
1748713363.5630114,31.192561131068143,3.133542776107788
1748713363.596454,31.20321699672645,3.1334121227264404
1748713363.6300519,31.21351668081007,3.133742570877075
1748713363.6635973,31.224527163298674,3.1337711811065674
1748713363.697061,31.2351817067584,3.133972644805908
1748713363.7304714,31.245836303490456,3.134172201156616
1748713363.7659388,31.256491544240056,3.134492874145508
1748713363.799479,31.26714733038054,3.134437322616577
1748713363.832942,31.278158261045206,3.134809970855713
1748713363.8663557,31.28846028793715,3.1346819400787354
1748713363.8997955,31.299116422011995,3.1351099014282227
1748713363.9332101,31.30977413075128,3.1348867416381836
1748713363.966617,31.320429354394808,3.1353390216827393
1748713364.0000265,31.331085992182604,3.135307550430298
1748713364.0334303,31.341741281174205,3.1356606483459473
1748713364.0668383,31.355949343232172,3.1356160640716553
1748713364.100405,31.36624976719122,3.1361069679260254
1748713364.1338055,31.376906442527858,3.1358513832092285
1748713364.16857,31.387916356475273,3.136465311050415
1748713364.2019758,31.40212440749875,3.1363673210144043
1748713364.235383,31.412778681693894,3.1368141174316406
1748713364.268882,31.423079517064732,3.1366705894470215
1748713364.3022904,31.434089520013337,3.1371006965637207
1748713364.3356943,31.444745972875673,3.1370787620544434
1748713364.3690946,31.455404926701075,3.1377274990081787
1748713364.4025466,31.46606446049649,3.1373212337493896
1748713364.435951,31.476367950018343,3.137537956237793
1748713364.4693713,31.487381018162377,3.137758493423462
1748713364.5028136,31.498040926298263,3.1383450031280518
1748713364.5362082,31.508702181761365,3.1380884647369385
1748713364.56959,31.51936637929929,3.1379101276397705
1748713364.6029902,31.53003022492106,3.138472080230713
1748713364.6363914,31.544244633095037,3.1387243270874023
1748713364.6697984,31.554903912715513,3.138688564300537
1748713364.7032063,31.565564292220053,3.1383659839630127
1748713364.7366023,31.57622440055777,3.1387805938720703
1748713364.7700155,31.590800244824795,3.1391866207122803
1748713364.8034096,31.601110635977957,3.1386044025421143
1748713364.8368073,31.61177161479066,3.1392412185668945
1748713364.8706827,31.61887938721045,3.139091730117798
1748713364.904092,31.62954048439387,3.1394286155700684
1748713364.9374945,31.640201700970085,3.139091730117798
1748713364.9708986,31.65441707761177,3.1396799087524414
1748713365.0042973,31.665080203756617,3.1393516063690186
1748713365.0376987,31.67609600999848,3.139955520629883
1748713365.0710998,31.686755375257256,3.139451742172241
1748713365.1045344,31.697064529547234,3.1399800777435303
1748713365.1379406,31.711641557362423,3.1396031379699707
1748713365.1714478,31.721955449611976,3.1404073238372803
1748713365.2048967,31.732621456409866,3.139828681945801
1748713365.2383478,31.742928779096296,3.140047073364258
1748713365.2722929,31.75394464951098,3.1401724815368652
1748713365.3058386,31.768157209579766,3.140490770339966
1748713365.3393168,31.778815471611637,3.1405911445617676
1748713365.3727071,31.78982853999382,3.1403651237487793
1748713365.406157,31.799779211209668,3.1402430534362793
1748713365.439563,31.810793136041127,3.140859603881836
1748713365.473002,31.821451412164524,3.1407978534698486
1748713365.5065832,31.832108763109854,3.1406195163726807
1748713365.5399826,31.842766065195967,3.1407885551452637
1748713365.5736332,31.853422412265505,3.1408660411834717
1748713365.6070802,31.86372305488299,3.1408135890960693
1748713365.6404836,31.878284714108563,3.1408112049102783
1748713365.6738944,31.88538767745951,3.1408870220184326
1748713365.707315,31.89994838129169,3.1408677101135254
1748713365.7407312,31.910247114161955,3.1408498287200928
1748713365.774135,31.920901569434843,3.1408309936523438
1748713365.8076417,31.935107510608194,3.140801429748535
1748713365.841074,31.946117683051167,3.1408743858337402
1748713365.8745522,31.956417347751255,3.14103364944458
1748713365.9079506,31.96742849302942,3.140815496444702
1748713365.9413521,31.977729144449455,3.140867233276367
1748713365.9747493,31.98838451714648,3.1411867141723633
1748713366.008989,32.00259238215715,3.1408965587615967
1748713366.0424588,32.01324873557816,3.140963315963745
1748713366.0758781,32.023906033388876,3.1411292552948
1748713366.1092873,32.034561474761404,3.140780210494995
1748713366.1426907,32.045217820840854,3.1409912109375
1748713366.1761253,32.05978042788575,3.1410112380981445
1748713366.2095294,32.07008106967215,3.140964984893799
1748713366.2429314,32.08038073675172,3.14115309715271
1748713366.2763448,32.09139187048189,3.1410934925079346
1748713366.3097446,32.10204631626311,3.1411900520324707
1748713366.3432317,32.112701715394955,3.141221761703491
1748713366.3765957,32.12655384691337,3.1410887241363525
1748713366.4100034,32.13756401665347,3.1411094665527344
1748713366.443417,32.148219415378755,3.1412243843078613
1748713366.4767847,32.15887482536976,3.14104962348938
1748713366.5101986,32.16917453115702,3.1409151554107666
1748713366.5436316,32.1833833172143,3.1410045623779297
1748713366.5771205,32.194394423255034,3.141324758529663
1748713366.6105266,32.205050781306674,3.141157388687134
1748713366.6439352,32.21570717105594,3.140991687774658
1748713366.6773684,32.22600778439723,3.141300678253174
1748713366.7108488,32.2402156280052,3.1412270069122314
1748713366.7443042,32.25087199151292,3.141126871109009
1748713366.7777145,32.25833162588855,3.14127254486084
1748713366.8111284,32.26898799281953,3.1410632133483887
1748713366.8445306,32.27964340218764,3.141054153442383
1748713366.878163,32.29349551982005,3.1411094665527344
1748713366.911575,32.30450569354453,3.141080617904663
1748713366.9449785,32.311608662528556,3.1410906314849854
1748713366.9783776,32.32226405628011,3.141251802444458
1748713367.011839,32.332920419729795,3.141111135482788
1748713367.0460777,32.34677830918164,3.140706777572632
1748713367.079522,32.35388506171202,3.1413369178771973
1748713367.113093,32.36845243855968,3.141202926635742
1748713367.146624,32.378757884642,3.1407630443573
1748713367.1800413,32.38977279566702,3.1411561965942383
1748713367.2134836,32.40043201836918,3.1411144733428955
1748713367.2469041,32.41109028171544,3.1411566734313965
1748713367.2803073,32.421747591845914,3.141170024871826
1748713367.314213,32.435955431598984,3.1411890983581543
1748713367.347622,32.446256067505075,3.141209602355957
1748713367.3810203,32.457265283434275,3.1412289142608643
1748713367.4146664,32.467564965289704,3.14125657081604
1748713367.448073,32.478574178737965,3.1413373947143555
1748713367.4830506,32.48922862754763,3.141378402709961
1748713367.5168116,32.49988403634302,3.1411731243133545
1748713367.5503757,32.51018374504013,3.14092755317688
1748713367.583773,32.52084008675814,3.141291379928589
1748713367.617205,32.53185120996907,3.141242265701294
1748713367.650604,32.54250756808106,3.141256809234619
1748713367.6840036,32.55280916878409,3.141146421432495
1748713367.717413,32.56737176327873,3.1414058208465576
1748713367.7508898,32.578027171206564,3.141309976577759
1748713367.784295,32.58513109721941,3.1412084102630615
1748713367.8177464,32.5993379812945,3.141263961791992
1748713367.8511145,32.60999243133783,3.1412789821624756
1748713367.8845189,32.62064784048822,3.1411778926849365
1748713367.918065,32.62775175630572,3.141335964202881
1748713367.9515026,32.63805143277186,3.1415584087371826
1748713367.9849026,32.64941827958616,3.1413486003875732
1748713368.0183318,32.65971988681525,3.1411736011505127
1748713368.0518343,32.67037719088601,3.1413581371307373
1748713368.0852823,32.68458502902226,3.141411781311035
1748713368.118688,32.69488566443345,3.1414594650268555
1748713368.1520855,32.70589584178334,3.141256093978882
1748713368.1854906,32.71655124485654,3.141277313232422
1748713368.2189102,32.72720664349975,3.1414248943328857
1748713368.2523303,32.73821681604786,3.1413543224334717
1748713368.285728,32.74851649583865,3.141392230987549
1748713368.319127,32.75917095513649,3.1412360668182373
1748713368.3525283,32.77302307200036,3.1413092613220215
1748713368.3858771,32.78438896055032,3.1414060592651367
1748713368.4193032,32.794688646797574,3.141385078430176
1748713368.4527106,32.804988325323386,3.1414055824279785
1748713368.4861133,32.81954998157686,3.141382932662964
1748713368.5195284,32.83020442876015,3.141498565673828
1748713368.552942,32.841213653369664,3.141263246536255
1748713368.5863442,32.85115856704304,3.141324281692505
1748713368.6197484,32.861813966025835,3.1415152549743652
1748713368.6533234,32.8728241388832,3.141422986984253
1748713368.6867733,32.88312381970819,3.1414999961853027
1748713368.7201815,32.894133035784435,3.1415083408355713
1748713368.7535841,32.90514320854008,3.141392230987549
1748713368.786987,32.915443842537215,3.1415162086486816
1748713368.82041,32.92645401519023,3.141437292098999
1748713368.853816,32.94030517944272,3.1415069103240967
1748713368.8872359,32.94740814671996,3.1414573192596436
1748713368.9206328,32.96161503247459,3.1414945125579834
1748713368.9540374,32.9687170456806,3.1414551734924316
1748713368.9874454,32.97937149620938,3.141394853591919
1748713369.0208557,32.99357743144654,3.1413514614105225
1748713369.0543787,33.004587599392806,3.141432523727417
1748713369.0877914,33.01488728237162,3.1414270401000977
1748713369.1213083,33.02554173036757,3.1414589881896973
1748713369.1547062,33.03619713931159,3.1414108276367188
1748713369.1881523,33.050048301336446,-3.141564130783081
1748713369.2215526,33.06105847357531,3.141448497772217
1748713369.255011,33.07135815700852,3.1414451599121094
1748713369.2884235,33.08272404552064,3.1415529251098633
1748713369.3218224,33.09657616774812,3.141453981399536
1748713369.3552341,33.107231569924316,3.1415367126464844
1748713369.3886957,33.11788602146581,3.141447067260742
1748713369.4220917,33.12854142583996,3.1414315700531006
1748713369.4555757,33.14239258969902,3.1415157318115234
1748713369.4890745,33.153402761110534,3.1414365768432617
1748713369.522476,33.160505726194465,-3.1415796279907227
1748713369.5558822,33.17435689507472,3.1414196491241455
1748713369.5892913,33.18501134503905,3.1414120197296143
1748713369.6226885,33.19602151377086,3.141441822052002
1748713369.656087,33.206321199154566,3.141469717025757
1748713369.6894865,33.2173313670256,-3.1415505409240723
1748713369.7228987,33.22798581993906,3.1413538455963135
1748713369.7563236,33.23864027138775,3.141341209411621
1748713369.789873,33.249295670685065,3.141547918319702
1748713369.823247,33.25639959382544,-3.1415653228759766
1748713369.8566494,33.267055003364014,3.141322374343872
1748713369.8900456,33.277356599697086,3.1412460803985596
1748713369.9234767,33.288012949662054,3.1415669918060303
1748713369.9568727,33.29902312234232,3.1414144039154053
1748713369.9902802,33.30967757030778,3.14150071144104
1748713370.023722,33.320332975817344,3.14140248298645
1748713370.0572042,33.33098742324176,3.141528606414795
1748713370.0906258,33.341288064925216,3.1414003372192383
1748713370.1240253,33.35194346430487,3.1415677070617676
1748713370.1574426,33.36295363572999,3.141493558883667
1748713370.1908407,33.3768048006728,3.1415553092956543
1748713370.2242525,33.387814973682026,3.141387939453125
1748713370.2576554,33.394563170690276,-3.141542434692383
1748713370.2911682,33.40912673371885,3.1414523124694824
1748713370.3253684,33.41978309648346,3.141282081604004
1748713370.3587663,33.43043944871813,-3.1414945125579834
1748713370.3922324,33.44109580950282,3.1414084434509277
1748713370.42704,33.45175312387472,3.1413135528564453
1748713370.460506,33.46241043056912,3.1415486335754395
1748713370.4940345,33.4727120243662,3.1413278579711914
1748713370.5274382,33.483723145344946,3.1415295600891113
1748713370.5609124,33.49793099204183,3.1412887573242188
1748713370.5943604,33.50858734332589,3.141571283340454
1748713370.627767,33.519242751450854,3.1413354873657227
1748713370.6611757,33.529899104632015,-3.1415555477142334
1748713370.6945434,33.54055451269515,3.141343355178833
1748713370.7281175,33.551210866116456,3.1415603160858154
1748713370.7615943,33.56151150770131,3.141350507736206
1748713370.7950063,33.57216786013988,-3.1415646076202393
1748713370.8284073,33.58317803397789,3.1413238048553467
1748713370.8618116,33.59418820187496,3.1415085792541504
1748713370.8954942,33.60804032261486,3.141428232192993
1748713370.9296787,33.61869572448245,-3.141571521759033
1748713370.963544,33.62935112907786,-3.1415653228759766
1748713370.997084,33.63965272645179,3.1413991451263428
1748713371.0307357,33.65066289342727,-3.141522169113159
1748713371.0641353,33.6609635306098,3.1415011882781982
1748713371.0975544,33.671973701492675,3.14153790473938
1748713371.131193,33.68262910787908,-3.1415164470672607
1748713371.1653595,33.69328546597876,3.1414170265197754
1748713371.199213,33.703940869162224,3.1414709091186523
1748713371.232655,33.717792034703606,3.1414873600006104
1748713371.2660596,33.728446483936786,3.141529083251953
1748713371.299488,33.7394566566639,3.1414079666137695
1748713371.3329017,33.7497553856426,3.1414618492126465
1748713371.3663096,33.76041078727488,3.1415634155273438
1748713371.3997276,33.77497244175162,3.141564130783081
1748713371.4331877,33.785273082386816,3.141336441040039
1748713371.4666033,33.79628420254237,-3.1415326595306396
1748713371.5000057,33.80693961295648,3.141300916671753
1748713371.533525,33.817595011445874,3.141484260559082
1748713371.5669312,33.82469893573233,3.1413395404815674
1748713371.6003795,33.83535433496519,3.1415843963623047
1748713371.6338782,33.84601070019141,3.1412923336029053
1748713371.667286,33.856666098226064,-3.14158296585083
1748713371.700781,33.86732245631114,3.1414794921875
1748713371.7341647,33.8779778592985,3.1415092945098877
1748713371.7677464,33.88863231000046,3.141425848007202
1748713371.8012028,33.8992867617612,3.1414175033569336
1748713371.8356035,33.91029692939021,3.141561985015869
1748713371.8689578,33.92415000404152,-3.141479015350342
1748713371.9024022,33.93516017586364,3.1414363384246826
1748713371.9358132,33.94546081790624,3.141357898712158
1748713371.9693842,33.956118126711715,-3.1415393352508545
1748713372.0027804,33.96677448708762,3.1413567066192627
1748713372.0361884,33.977075126514286,3.141308069229126
1748713372.069591,33.9880872007794,3.141416311264038
1748713372.103007,33.998747384227386,-3.1413633823394775
1748713372.1364083,34.00940565229886,3.1413166522979736
1748713372.1698165,34.02006775465276,3.141209840774536
1748713372.2031906,34.03108364047825,-3.141488790512085
1748713372.2366602,34.04174190521964,3.1415295600891113
1748713372.270032,34.05204444956646,3.1415491104125977
1748713372.3034382,34.06305652748439,3.141497850418091
1748713372.3368495,34.07690864737824,3.1415035724639893
1748713372.3702707,34.087919772038305,3.14154314994812
1748713372.4036765,34.09822041468122,-3.1413798332214355
1748713372.4370763,34.10887582017633,3.1413276195526123
1748713372.4704719,34.11988790109013,3.1414906978607178
1748713372.5039113,34.13018949586183,-3.1413919925689697
1748713372.53735,34.140846816171454,-3.1415181159973145
1748713372.570761,34.151503175558275,3.1413612365722656
1748713372.6043034,34.16215858056147,3.141472578048706
1748713372.6378427,34.17281493748754,3.141514539718628
1748713372.67127,34.187021823861215,-3.1415085792541504
1748713372.7046697,34.19732246333781,-3.141497850418091
1748713372.738072,34.208333602938644,3.1412353515625
1748713372.7715087,34.21898899911406,-3.141549587249756
1748713372.8050172,34.229644404229056,3.141479253768921
1748713372.8389945,34.240299810022066,-3.1415910720825195
1748713372.8723943,34.250954260748124,-3.141469955444336
1748713372.906197,34.2612539426133,3.1415340900421143
1748713372.939577,34.2722650677183,3.141535997390747
1748713372.9734066,34.282920471526005,-3.1415607929229736
1748713373.006819,34.29357588041935,-3.1414196491241455
1748713373.0403013,34.304231280712344,3.141545295715332
1748713373.074345,34.31880058735379,3.14139986038208
1748713373.1078157,34.32910505247678,-3.1412205696105957
1748713373.1412141,34.33976331282376,3.141523838043213
1748713373.1747136,34.350070642317256,3.1413681507110596
1748713373.2081242,34.361093223717695,-3.141294002532959
1748713373.2414932,34.37531059899506,3.141490936279297
1748713373.2749026,34.385618874981624,3.1413421630859375
1748713373.3083,34.39663476597293,-3.1415188312530518
1748713373.3417118,34.40693921923226,3.1414954662323
1748713373.3751159,34.41795225191737,-3.141580581665039
1748713373.4085374,34.42861051966694,3.1414129734039307
1748713373.4419427,34.43962259793288,3.141509532928467
1748713373.4754212,34.449924190767426,3.1415741443634033
1748713373.5088375,34.46377727263811,3.141253709793091
1748713373.5423942,34.47478839094019,3.1414551734924316
1748713373.5760093,34.485443798395075,3.1414132118225098
1748713373.609421,34.49645491792211,-3.141589403152466
1748713373.6429977,34.506399839989385,3.1413230895996094
1748713373.6763597,34.51741000933582,3.141453504562378
1748713373.7098606,34.53197261785555,3.1414198875427246
1748713373.7433684,34.541917532951636,-3.1415367126464844
1748713373.7767804,34.55363914577393,-3.14152193069458
1748713373.8102312,34.5635850388922,3.1411337852478027
1748713373.843633,34.57033323152279,3.141507387161255
1748713373.8770423,34.58098958484355,3.1414623260498047
1748713373.9104576,34.59200166495726,3.1414735317230225
1748713373.943866,34.60585570066692,3.1412224769592285
1748713373.977269,34.61686777097481,3.1414787769317627
1748713374.010668,34.63107562795153,3.1412107944488525
1748713374.0441833,34.641731022278286,3.141568422317505
1748713374.0776975,34.65203166292217,3.1413862705230713
1748713374.1110938,34.66304278696195,3.1414828300476074
1748713374.1444914,34.673343435199385,3.141213893890381
1748713374.177895,34.6843545537697,3.14158034324646
1748713374.2112963,34.69856240164646,3.1412570476531982
1748713374.2446942,34.70921779952459,3.1414895057678223
1748713374.2781067,34.71951843655082,3.141549825668335
1748713374.3116589,34.73053052397674,3.1413514614105225
1748713374.3450685,34.74083115338329,-3.141578435897827
1748713374.3784852,34.75184227918199,3.1414551734924316
1748713374.411976,34.76249768341537,3.141561508178711
1748713374.4453807,34.77670457063647,-3.1414809226989746
1748713374.4788144,34.78735997561426,3.141446113586426
1748713374.5122228,34.79765966824339,3.141345500946045
1748713374.5456579,34.808674609336514,-3.1415483951568604
1748713374.579088,34.81933288190082,3.141169309616089
1748713374.6137283,34.83354454380782,3.1411662101745605
1748713374.64713,34.84420184485117,3.141416311264038
1748713374.6805716,34.854859163928495,3.1412196159362793
1748713374.713983,34.86551456386385,3.1413371562957764
1748713374.747394,34.87972146018832,3.1411516666412354
1748713374.7809958,34.89037782335231,3.141082286834717
1748713374.8144467,34.899449253134314,3.141512155532837
1748713374.8478472,34.90604588962483,3.1407923698425293
1748713374.8812509,34.91096883449158,3.140493154525757
1748713374.9146504,34.91482261747955,3.1406338214874268
1748713374.9481535,34.9185324530176,3.140378475189209
1748713374.981575,34.92181499213856,3.1404576301574707
1748713375.0149822,34.92522163752419,3.1399495601654053
1748713375.048348,34.92836492363974,3.1401166915893555
1748713375.0817523,34.93148830658587,3.1400914192199707
1748713375.1154351,34.93471395809473,3.139113664627075
1748713375.148892,34.93808354082032,3.1395199298858643
1748713375.1822968,34.941340873397166,3.1387522220611572
1748713375.2157521,34.9444795600246,3.13883638381958
1748713375.2491512,34.94899059224675,3.1385507583618164
1748713375.2825677,34.95113164400305,3.1384470462799072
1748713375.3164787,34.954242010306956,3.1378304958343506
1748713375.349914,34.95735522164172,3.137617826461792
1748713375.3833416,34.96068271964997,3.1376101970672607
1748713375.4168944,34.96390425554476,3.137600898742676
1748713375.4503074,34.96711538458127,3.1378631591796875
1748713375.4837148,34.9712806307937,3.1374728679656982
1748713375.5171127,34.97459309601102,3.1371054649353027
1748713375.5507088,34.97772514466189,3.136268138885498
1748713375.5842867,34.981132519707664,3.1370110511779785
1748713375.6177819,34.984779373659705,3.136213779449463
1748713375.6511855,34.98837743972141,3.136258840560913
1748713375.6845932,34.992190159685535,3.134657621383667
1748713375.7186277,34.99592570983872,3.1349360942840576
1748713375.7520268,34.999893598167006,3.1336379051208496
1748713375.7854416,35.00508686186195,3.1340527534484863
1748713375.818849,35.008794541780716,3.1339149475097656
1748713375.852243,35.01230660577229,3.132713794708252
1748713375.885657,35.01591045448292,3.133138656616211
1748713375.9190612,35.01942812457406,3.132934808731079
1748713375.9524486,35.022992011818914,3.1330950260162354
1748713375.985822,35.026327117442975,3.131960153579712
1748713376.0192199,35.02972222670688,3.133272171020508
1748713376.052652,35.03306642580893,3.1325700283050537
1748713376.0861642,35.037298587573574,3.131420850753784
1748713376.1195729,35.03936215509316,3.131924629211426
1748713376.153052,35.04354897041573,3.131793260574341
1748713376.186456,35.04647483652081,3.133061647415161
1748713376.2199337,35.04940945040698,3.1326894760131836
1748713376.2533891,35.05219531579765,3.1310064792633057
1748713376.2868516,35.05503377844356,3.1318273544311523
1748713376.3203285,35.057832799806704,3.1315841674804688
1748713376.3537595,35.060576279681555,3.1332147121429443
1748713376.387189,35.06322657568507,3.132540702819824
1748713376.4206371,35.06682262307502,3.131376266479492
1748713376.4540377,35.0694233258156,3.133101224899292
1748713376.4874392,35.07202746006636,3.1322245597839355
1748713376.5208464,35.07465923634885,3.1322977542877197
1748713376.5542505,35.07709438577088,3.133610248565674
1748713376.5876553,35.079445235078914,3.1341371536254883
1748713376.6211548,35.081861601271136,3.1317784786224365
1748713376.6545587,35.08423213812723,3.132575750350952
1748713376.6879935,35.08657805776667,3.1335487365722656
1748713376.721402,35.08893860066393,3.133725881576538
1748713376.7548192,35.091248779315585,3.1327357292175293
1748713376.7882237,35.09346185136235,3.132068634033203
1748713376.821627,35.09573733260992,3.1339809894561768
1748713376.8550258,35.09800860613561,3.1332287788391113
1748713376.8884442,35.10012455196641,3.1333467960357666
1748713376.9218755,35.10204084469945,3.135564088821411
1748713376.9553456,35.104746771237764,3.1346547603607178
1748713376.988774,35.10628562913806,3.1355528831481934
1748713377.0223083,35.10895788231185,3.133939027786255
1748713377.0557194,35.11101137323511,3.1350386142730713
1748713377.0891316,35.11305005628726,3.134422540664673
1748713377.1225305,35.115036070740864,3.135277509689331
1748713377.1559696,35.11705440583944,3.135519027709961
1748713377.1893663,35.11890604204989,3.135200262069702
1748713377.2227678,35.12076893067289,3.13504958152771
1748713377.2562401,35.12258958912298,3.135183811187744
1748713377.2896535,35.124373369729135,3.135181427001953
1748713377.3230853,35.12618668379482,3.1364026069641113
1748713377.3564978,35.12796139296015,3.135746955871582
1748713377.3898847,35.1297832446719,3.1368846893310547
1748713377.4232802,35.13157374188787,3.137057065963745
1748713377.4566894,35.13386875667914,3.1382219791412354
1748713377.490091,35.13553307797507,3.13795804977417
1748713377.523554,35.137159260852876,3.1374895572662354
1748713377.5569735,35.1387448048754,3.1376614570617676
1748713377.590365,35.14029145645848,3.1379408836364746
1748713377.6237679,35.14184357223301,3.1387128829956055
1748713377.657288,35.14345388094434,3.1374571323394775
1748713377.6906936,35.14497956660643,3.138640880584717
1748713377.7240975,35.14649005382349,3.1383471488952637
1748713377.7574942,35.147960390532695,3.139343500137329
1748713377.7909722,35.14943592264126,3.1389851570129395
1748713377.824547,35.1513521719678,3.13964581489563
1748713377.8579178,35.15277410990768,3.139249324798584
1748713377.8913574,35.15412348900271,3.1402814388275146
1748713377.9247634,35.1554961740239,3.140779495239258
1748713377.9581633,35.156759269079046,3.1400129795074463
1748713377.991617,35.15801275120918,3.140563726425171
1748713378.025072,35.15924050825156,3.1409783363342285
1748713378.058472,35.160864990342205,3.1411707401275635
1748713378.0918953,35.16206666137336,3.141092300415039
1748713378.125316,35.16330979608626,3.1406824588775635
1748713378.1587496,35.16448457210305,3.1413767337799072
1748713378.1921623,35.16604376929721,3.1407601833343506
1748713378.2255619,35.167230439777235,3.1407554149627686
1748713378.2589707,35.1683248796652,3.1412413120269775
1748713378.292393,35.16944883491401,3.1412646770477295
1748713378.325792,35.17062579455719,3.140944480895996
1748713378.35935,35.171757729839726,3.1414921283721924
1748713378.3927999,35.172879444406476,3.1412460803985596
1748713378.426202,35.17389977468484,3.1410703659057617
1748713378.4596024,35.17494980177491,3.1413590908050537
1748713378.4929984,35.17590945735534,-3.1415345668792725
1748713378.52652,35.17718925919105,3.141216278076172
1748713378.5599275,35.178117655168386,-3.1411802768707275
1748713378.5933301,35.179070000493375,3.1412031650543213
1748713378.6267343,35.18002413950102,-3.141065835952759
1748713378.660147,35.18103359275676,3.141522169113159
1748713378.693545,35.18200408064291,-3.140950918197632
1748713378.7269616,35.182947827370704,-3.1413211822509766
1748713378.7604325,35.183864842699776,-3.1408519744873047
1748713378.7938368,35.18478118325718,-3.141291618347168
1748713378.8272073,35.185625340883746,-3.140825033187866
1748713378.8606298,35.18648277520689,-3.1410841941833496
1748713378.8940852,35.187602794002295,-3.1405582427978516
1748713378.927488,35.188393407613106,-3.1406643390655518
1748713378.9608855,35.18907340904413,-3.1404762268066406
1748713378.994431,35.18946366384742,-3.140411376953125
1748713379.0278378,35.189768886009,-3.1404225826263428
1748713379.0612338,35.18988245441082,-3.14038348197937
1748713379.0946672,35.18995277275866,-3.14035701751709
1748713379.128078,35.189999511649724,-3.140378475189209
1748713379.161749,35.190024618511345,-3.1403486728668213
1748713379.1951904,35.190055638528904,-3.1403794288635254
1748713379.2285926,35.190058337405446,-3.140336513519287
1748713379.261997,35.19006909228841,-3.140316963195801
1748713379.2953959,35.19007777208637,-3.140319347381592
1748713379.3287616,35.19007679423569,-3.1403121948242188
1748713379.3621876,35.190085923271425,-3.1403043270111084
1748713379.3956387,35.19008777604867,-3.1402926445007324
1748713379.4290545,35.19008861050058,-3.140296459197998
1748713379.46249,35.1900904993624,-3.140299081802368
1748713379.4959543,35.19009539701785,-3.1403136253356934
1748713379.529353,35.19009782701125,-3.140313148498535
1748713379.56278,35.19009983447618,-3.1403255462646484
1748713379.5962026,35.190103727510355,-3.140317678451538
1748713379.6296742,35.19010282171788,-3.140317440032959
1748713379.663087,35.19010620417188,-3.140317678451538
1748713379.6965141,35.19010674354074,-3.1403188705444336
1748713379.7299817,35.19010778087286,-3.140320301055908
1748713379.7633953,35.19011035579884,-3.1403214931488037
1748713379.7968109,35.19011118758663,-3.140321731567383
1748713379.8302097,35.1901117750531,-3.140322208404541
1748713379.863618,35.190113653805426,-3.140322685241699
1748713379.897105,35.19011513957307,-3.1403234004974365
1748713379.930523,35.19011663491324,-3.1403236389160156
1748713379.9639313,35.190118146996284,-3.140324354171753
1748713379.997548,35.1901186414797,-3.140324831008911
1748713380.030955,35.190120428718814,-3.1403253078460693
1748713380.0643692,35.19012132086856,-3.1403255462646484
1748713380.0977807,35.19012218210242,-3.1403257846832275
1748713380.1311936,35.19012402846929,-3.1403262615203857
1748713380.1647775,35.19012482763585,-3.140326499938965
1748713380.198245,35.19012569026113,-3.140327215194702
1748713380.2325199,35.19012652042212,-3.1403274536132812
1748713380.2659292,35.19012851127658,-3.1403284072875977
1748713380.299343,35.190129527404046,-3.140328884124756
1748713380.3327425,35.19013063882099,-3.140329360961914
1748713380.3661702,35.190132008272464,-3.140329360961914
1748713380.3995776,35.190132994875576,-3.1403300762176514
1748713380.4329846,35.19013447596421,-3.1403307914733887
1748713380.4664674,35.19013708272118,-3.140331268310547
1748713380.4999769,35.19013759332342,-3.140331745147705
1748713380.5334315,35.19013854893225,-3.1403322219848633
1748713380.566832,35.19013953406543,-3.1403322219848633
1748713380.600317,35.19014110633721,-3.1403326988220215
1748713380.6337318,35.19014322020568,-3.1403331756591797
1748713380.6671834,35.190143730807975,-3.140333890914917
1748713380.7006037,35.19014475252248,-3.140334367752075
1748713380.7340152,35.19014716870971,-3.1403346061706543
1748713380.767421,35.190148357127406,-3.1403355598449707
1748713380.8008652,35.19014980542138,-3.14033579826355
1748713380.8342705,35.19015037801254,-3.140336513519287
1748713380.867722,35.19015190868402,-3.1403369903564453
1748713380.9011078,35.19015343823019,-3.1403372287750244
1748713380.9345472,35.19015496172484,-3.1403379440307617
1748713380.967948,35.19015695077962,-3.14033842086792
1748713381.001406,35.19015778094095,-3.14033842086792
1748713381.0348027,35.19015867456138,-3.1403391361236572
1748713381.0682116,35.19016049001148,-3.1403398513793945
1748713381.1016388,35.190161477519624,-3.1403400897979736
1748713381.1349995,35.190162878971705,-3.140340805053711
1748713381.1684134,35.19016431271885,-3.14034104347229
1748713381.2018712,35.19016520881075,-3.1403417587280273
1748713381.235285,35.19016571718458,-3.1403422355651855
1748713381.2689023,35.19016878422149,-3.1403427124023438
1748713381.3023067,35.19016878422149,-3.140343189239502
1748713381.3357627,35.190170695440564,-3.14034366607666
1748713381.3691614,35.19017158759088,-3.1403439044952393
1748713381.4025729,35.190172603253984,-3.1403441429138184
1748713381.4359746,35.19017419157679,-3.1403446197509766
1748713381.469382,35.190176257201635,-3.1403450965881348
1748713381.5027869,35.19017678268062,-3.140345335006714
1748713381.5362802,35.19017773829031,-3.1403462886810303
1748713381.5696743,35.190180282222784,-3.1403467655181885
1748713381.6030777,35.19018180855671,-3.1403472423553467
1748713381.6364853,35.190182826990934,-3.140347480773926
1748713381.6698859,35.19018386223711,-3.140347957611084
1748713381.7037022,35.190185422777965,-3.140348434448242
1748713381.7371063,35.19018694911184,-3.1403489112854004
1748713381.770515,35.19018778089793,-3.1403493881225586
1748713381.8039248,35.19018829150066,-3.140349864959717
1748713381.8373287,35.19018880210341,-3.140350341796875
1748713381.870745,35.190190316122134,-3.140350580215454
1748713381.904145,35.19019127173214,-3.1403515338897705
1748713381.937584,35.190192072523686,-3.1403517723083496
1748713381.9710197,35.19122048814664,-3.139843702316284
1748713382.0045717,35.198873721714456,-3.140188455581665
1748713382.0380573,35.20435253940031,-3.140749216079712
1748713382.0714653,35.21327419709165,-3.1405746936798096
1748713382.104868,35.22657751784408,-3.139704942703247
1748713382.1382632,35.23723527026164,-3.140976667404175
1748713382.1717212,35.251099294783735,3.1413414478302
1748713382.2051249,35.25806712214357,-3.1397359371185303
1748713382.2385712,35.268575133914844,-3.139050006866455
1748713382.2719753,35.27943315445761,3.1413888931274414
1748713382.3054163,35.29038162431629,-3.140709161758423
1748713382.3390765,35.30420790296279,-3.1403186321258545
1748713382.3724258,35.31452681588289,3.1415247917175293
1748713382.405824,35.32164507577651,3.141505479812622
1748713382.4392233,35.33231384116388,-3.1415247917175293
1748713382.4726598,35.34298549591742,3.141019821166992
1748713382.5061045,35.35365145473717,3.1405391693115234
1748713382.5395696,35.364315537537564,3.1403110027313232
1748713382.573006,35.37498140582898,3.140624761581421
1748713382.6064112,35.38564250984702,3.1408417224884033
1748713382.6398115,35.39631312944261,3.1413941383361816
1748713382.6733556,35.406962979996536,3.1411924362182617
1748713382.7067099,35.41762053889993,3.1400368213653564
1748713382.7401125,35.428299318168385,3.1411895751953125
1748713382.7735112,35.438964979820405,3.1398837566375732
1748713382.8069255,35.44963044602722,3.13925838470459
1748713382.8403528,35.46383111788669,3.140441656112671
1748713382.8737535,35.47447337201391,3.138946533203125
1748713382.9071589,35.485091604620884,3.140137195587158
1748713382.9406147,35.49571225800638,3.139521598815918
1748713382.9740107,35.506706204088225,3.1397545337677
1748713383.0074086,35.520554545601016,3.139634132385254
1748713383.040805,35.53157150201103,3.1401195526123047
1748713383.0742025,35.54223499686101,3.1393918991088867
1748713383.1076334,35.552897058621795,3.140585422515869
1748713383.1410372,35.56320440795283,3.1408567428588867
1748713383.174435,35.57386934366587,3.140900135040283
1748713383.2080255,35.58454194417374,3.141401767730713
1748713383.2414258,35.595227941830935,3.140779972076416
1748713383.274884,35.605550532011414,3.1409671306610107
1748713383.3082986,35.61657979456932,3.1408398151397705
1748713383.3417368,35.62726000529453,3.141392469406128
1748713383.3751426,35.63794024149495,3.140850067138672
1748713383.4085512,35.648618544690066,3.141491651535034
1748713383.4419556,35.65893731164947,3.141296863555908
1748713383.4753654,35.673518992304984,-3.1413700580596924
1748713383.5087929,35.68063435518283,-3.141568183898926
1748713383.5422628,35.69487481892325,-3.140695095062256
1748713383.5756605,35.70558091500601,-3.141266107559204
1748713383.6090593,35.7127126130404,-3.1402056217193604
1748713383.6424503,35.72662019100943,-3.1404166221618652
1748713383.6758797,35.737660943757604,-3.140113353729248
1748713383.7092767,35.748337409836786,-3.139838695526123
1748713383.742914,35.75901295134979,-3.1394267082214355
1748713383.7762861,35.76933175938702,-3.1393790245056152
1748713383.8096733,35.77999202346249,-3.1391446590423584
1748713383.843096,35.791020398571,-3.139007091522217
1748713383.8765054,35.805242818596525,-3.138568878173828
1748713383.9099324,35.81591556508505,-3.1383190155029297
1748713383.9433436,35.82658702151635,-3.1389007568359375
1748713383.9767559,35.837263339135696,-3.1390652656555176
1748713384.0101767,35.847947208058535,-3.138112783432007
1748713384.0435867,35.858998560983686,-3.1382124423980713
1748713384.0771117,35.873249100816615,-3.138841390609741
1748713384.1114514,35.88394180675794,-3.1388843059539795
1748713384.144852,35.894275208651294,-3.1381547451019287
1748713384.178268,35.9049268960885,-3.138294219970703
1748713384.2116978,35.91588958838005,-3.1394524574279785
1748713384.2451375,35.925796645313376,-3.1389942169189453
1748713384.278544,35.936788033324504,-3.138867139816284
1748713384.3119273,35.94744311403382,-3.1398909091949463
1748713384.3453314,35.95808351675932,-3.139460325241089
1748713384.3788004,35.96874035501861,-3.138429641723633
1748713384.412209,35.97940325580603,-3.1389875411987305
1748713384.4456174,35.99007384556347,-3.1393990516662598
1748713384.4790165,36.000745508282364,-3.139336109161377
1748713384.5127063,36.011422061628345,-3.1389315128326416
1748713384.548234,36.01817974094686,-3.1393425464630127
1748713384.5821667,36.03275670048919,-3.1392195224761963
1748713384.615963,36.043774532045326,-3.1392269134521484
1748713384.6493752,36.05763423373734,-3.1395187377929688
1748713384.6827946,36.06793867913312,-3.139612913131714
1748713384.7164137,36.07895367025421,-3.1395368576049805
1748713384.7498426,36.08962074594451,-3.139084577560425
1748713384.7832594,36.100677545350734,-3.140064001083374
1748713384.816667,36.11101845203499,-3.139784097671509
1748713384.8500648,36.12170068691037,-3.1394941806793213
1748713384.8846734,36.13201551730065,-3.1401264667510986
1748713384.91816,36.14303807358913,-3.140240430831909
1748713384.9515567,36.157613179905525,-3.13995623588562
1748713384.984957,36.16756380853217,-3.140167713165283
1748713385.0183384,36.178579742647194,-3.1399919986724854
1748713385.0518615,36.18888419642007,-3.1400771141052246
1748713385.0857015,36.19954342810876,-3.140054941177368
1748713385.119121,36.21020170309557,-3.140085220336914
1748713385.1527722,36.22121570130315,-3.1400773525238037
1748713385.1861799,36.231873008260855,-3.140171766281128
1748713385.2195861,36.24253032002004,-3.140202283859253
1748713385.2543523,36.256740078942805,-3.140197515487671
1748713385.287763,36.26384400203781,-3.14023494720459
1748713385.3212376,36.27449940581091,-3.14028000831604
1748713385.3546662,36.28515385803004,-3.140307903289795
1748713385.3880727,36.29935883224347,-3.14037823677063
1748713385.4214857,36.3096585073267,-3.1404669284820557
1748713385.4548903,36.32066962477158,-3.1405670642852783
1748713385.4883528,36.330970333597904,-3.140267848968506
1748713385.5217586,36.34198045634892,-3.140617609024048
1748713385.5552368,36.35264156034104,-3.140859842300415
1748713385.588794,36.36330368784521,-3.1404685974121094
1748713385.6221938,36.37396876863685,-3.1399648189544678
1748713385.6556075,36.38463561739203,-3.1402225494384766
1748713385.6890118,36.398506775606734,-3.140723466873169
1748713385.7225118,36.409528458157,-3.1402885913848877
1748713385.7559657,36.42019347332309,-3.1400532722473145
1748713385.789405,36.43049978474328,-3.1404497623443604
1748713385.8228333,36.44116088039995,-3.1406593322753906
1748713385.8562462,36.45573209127286,-3.140517234802246
1748713385.8896143,36.46674612982298,-3.140265464782715
1748713385.923031,36.477057317440114,-3.140090227127075
1748713385.9576175,36.48773362169606,-3.1409108638763428
1748713385.9910786,36.498407269149666,-3.1406538486480713
1748713386.0244906,36.509431872295,-3.1400792598724365
1748713386.0579364,36.519741086980524,-3.140343189239502
1748713386.091343,36.533958459871705,-3.140357494354248
1748713386.12475,36.5446214407509,-3.140939950942993
1748713386.1581554,36.555284524999905,-3.140643835067749
1748713386.191578,36.56595436554628,-3.140227794647217
1748713386.2249808,36.576629744385066,-3.1408660411834717
1748713386.2583683,36.58730233933377,-3.1407878398895264
1748713386.2919414,36.59796828104115,-3.1404669284820557
1748713386.3253407,36.60863327576709,-3.1404662132263184
1748713386.358749,36.61929626289917,-3.140923261642456
1748713386.3921556,36.62996025949648,-3.1408817768096924
1748713386.4255688,36.6406243142721,-3.140476703643799
1748713386.4590387,36.650932575254096,-3.1406948566436768
1748713386.492484,36.661951320456495,-3.1410622596740723
1748713386.5259092,36.67261247377104,-3.140697479248047
1748713386.5593228,36.68291984034419,-3.140571117401123
1748713386.5927203,36.69429143472474,-3.1408181190490723
1748713386.626186,36.70814831225131,-3.141012668609619
1748713386.6596212,36.71880754520761,-3.140920877456665
1748713386.6930265,36.72982445514319,-3.14056134223938
1748713386.7264328,36.74012982503086,-3.141106605529785
1748713386.75984,36.751147641377415,-3.1411359310150146
1748713386.7932372,36.761455979642804,-3.140563726425171
1748713386.826599,36.77567431438356,-3.1407032012939453
1748713386.8600018,36.78633827539122,-3.1412038803100586
1748713386.893397,36.79700229344864,-3.1410887241363525
1748713386.926806,36.8076701754707,-3.140641212463379
1748713386.9601986,36.82188941746361,-3.1412155628204346
1748713386.9936013,36.832553443102356,-3.1410865783691406
1748713387.027475,36.84357323370238,-3.140500068664551
1748713387.0608783,36.8538795913538,-3.1406607627868652
1748713387.0942822,36.86098829521063,-3.140542507171631
1748713387.1276877,36.8752094985111,-3.140881061553955
1748713387.1611457,36.882319199752025,-3.1403210163116455
1748713387.1945522,36.89620569052633,-3.1409413814544678
1748713387.2282465,36.90724456935845,-3.140343189239502
1748713387.261729,36.9182776341256,-3.140638589859009
1748713387.2951334,36.92859367055903,-3.139855146408081
1748713387.328536,36.94284954687648,-3.140775203704834
1748713387.361952,36.94998133843433,-3.1398086547851562
1748713387.3953874,36.960345097115265,-3.1402552127838135
1748713387.4287927,36.97142625831013,-3.1398110389709473
1748713387.4622424,36.98569811706448,-3.1398766040802
1748713387.4956508,36.99638719080419,-3.1389338970184326
1748713387.5290577,37.007060845450816,-3.138890027999878
1748713387.562462,37.01807491744285,-3.1387834548950195
1748713387.5958614,37.028382388062184,-3.138700008392334
1748713387.6293356,37.03755546339705,-3.137685775756836
1748713387.66274,37.042304839434564,-3.1376681327819824
1748713387.6961374,37.04797368210667,-3.1373746395111084
1748713387.730211,37.05235106886608,-3.1375064849853516
1748713387.7636378,37.056156305437206,-3.137392044067383
1748713387.7970665,37.05969549738738,-3.1373519897460938
1748713387.8304746,37.06418961339554,-3.1369922161102295
1748713387.8641014,37.067471176477795,-3.137208938598633
1748713387.8975248,37.070712105153376,-3.1367430686950684
1748713387.9309292,37.073930977102286,-3.136549949645996
1748713387.9643462,37.07714283521852,-3.1367764472961426
1748713387.9979908,37.08045896480455,-3.1365458965301514
1748713388.0314078,37.08356896839061,-3.136949062347412
1748713388.0647774,37.08678607842621,-3.1363418102264404
1748713388.098312,37.08999818507728,-3.1363210678100586
1748713388.1317127,37.09437959082256,-3.1361589431762695
1748713388.1651323,37.097480021228854,-3.1361892223358154
1748713388.19853,37.10070773033767,-3.1368253231048584
1748713388.2319696,37.10288917897928,-3.1362557411193848
1748713388.265377,37.106181340336924,-3.1370320320129395
1748713388.2988498,37.11055724907441,-3.136746883392334
1748713388.3323956,37.11371368302999,-3.137420415878296
1748713388.365805,37.11720210693902,-3.1363744735717773
1748713388.399217,37.121050342932286,-3.1368346214294434
1748713388.43262,37.12502085857531,-3.1365675926208496
1748713388.4660273,37.12928637920212,-3.1370511054992676
1748713388.4994264,37.13358473198919,-3.1357858180999756
1748713388.5328643,37.13656723600429,-3.136112928390503
1748713388.566273,37.14214435822135,-3.13618803024292
1748713388.5997326,37.14476401726476,-3.1371054649353027
1748713388.6331718,37.148951320764695,-3.1371352672576904
1748713388.6665778,37.15293254110878,-3.1362504959106445
1748713388.700129,37.157131676847534,-3.136284589767456
1748713388.7335303,37.1606250543359,-3.1363165378570557
1748713388.766953,37.16457735082477,-3.1360552310943604
1748713388.8003948,37.16849147784321,-3.1362411975860596
1748713388.833799,37.172111768988565,-3.135164260864258
1748713388.8671987,37.17580862922327,-3.1350436210632324
1748713388.9006062,37.17956480164704,-3.134794235229492
1748713388.9352243,37.18301871221064,-3.133958578109741
1748713388.968635,37.18651132848951,-3.132875442504883
1748713389.002147,37.18994215415714,-3.132802963256836
1748713389.0355964,37.19331357031673,-3.1328580379486084
1748713389.0690916,37.196623115337964,-3.1333963871002197
1748713389.102499,37.19998928835293,-3.132617950439453
1748713389.136183,37.20416379482915,-3.132833242416382
1748713389.1695979,37.207318220983936,-3.1325647830963135
1748713389.202999,37.210437547710555,-3.1311919689178467
1748713389.2364082,37.21357226909662,-3.1316819190979004
1748713389.2698154,37.21664407386865,-3.1310572624206543
1748713389.3032353,37.2196865687618,-3.1310665607452393
1748713389.336707,37.22259595132384,-3.131704092025757
1748713389.3701,37.22560875399761,-3.131039619445801
1748713389.403578,37.228454828084395,-3.1303093433380127
1748713389.4370546,37.23130448239888,-3.130554437637329
1748713389.4705842,37.23498684477285,-3.129707098007202
1748713389.503984,37.237687185055094,-3.1295201778411865
1748713389.5373702,37.24035322856624,-3.127861261367798
1748713389.570768,37.24296900686841,-3.1272354125976562
1748713389.604143,37.24559900740449,-3.12701416015625
1748713389.6376312,37.24801359249713,-3.1266226768493652
1748713389.6710896,37.25046612946901,-3.1257336139678955
1748713389.7045004,37.25376896921498,-3.1256608963012695
1748713389.7379253,37.25606187033775,-3.125269889831543
1748713389.7713358,37.25847113814565,-3.124603748321533
1748713389.8047488,37.26071804985158,-3.124659538269043
1748713389.8380992,37.26299966625879,-3.123857259750366
1748713389.8715048,37.265196811796315,-3.1242475509643555
1748713389.9050775,37.26751174022759,-3.1232872009277344
1748713389.93848,37.269785968515535,-3.1231112480163574
1748713389.9718769,37.27184160234735,-3.123497247695923
1748713390.005285,37.273834450659734,-3.1222612857818604
1748713390.0386953,37.27600901390321,-3.122738838195801
1748713390.0720987,37.27807944254199,-3.1220338344573975
1748713390.1054962,37.280093979614584,-3.1217892169952393
1748713390.1389139,37.28208875473891,-3.122016429901123
1748713390.1723206,37.28411549238291,-3.121164083480835
1748713390.2057662,37.28662098732507,-3.121544122695923
1748713390.239337,37.28849356033878,-3.1210858821868896
1748713390.272752,37.29033436062362,-3.121206760406494
1748713390.3062,37.2921411533705,-3.1205551624298096
1748713390.339607,37.293970588724164,-3.1203513145446777
1748713390.3730783,37.29567836559512,-3.120377779006958
1748713390.4065533,37.29740501105318,-3.1200144290924072
1748713390.4418674,37.29968155258838,-3.1194539070129395
1748713390.475271,37.30139152705984,-3.11976957321167
1748713390.5104642,37.30303702065219,-3.1197257041931152
1748713390.5439575,37.30469113899826,-3.119718551635742
1748713390.5773597,37.30623175621013,-3.119223117828369
1748713390.6107628,37.307826060733575,-3.119386672973633
1748713390.6441593,37.309430769381486,-3.1192855834960938
1748713390.677562,37.31138026664734,-3.1191718578338623
1748713390.7109923,37.31236547018981,-3.119272470474243
1748713390.7444012,37.31382848466273,-3.1189634799957275
1748713390.7777855,37.31525993631332,-3.1186182498931885
1748713390.8111897,37.316636855051,-3.1191253662109375
1748713390.8445694,37.31812028105955,-3.118443250656128
1748713390.8779767,37.32000946184973,-3.1191303730010986
1748713390.9113786,37.32140887806595,-3.118408203125
1748713390.9447951,37.32275602197544,-3.1190662384033203
1748713390.9782634,37.32417105380449,-3.118199348449707
1748713391.011669,37.32548722831106,-3.119124412536621
1748713391.0451143,37.32684065672133,-3.1183063983917236
1748713391.0785139,37.32867502041894,-3.1189615726470947
1748713391.1119246,37.32993910021708,-3.1182351112365723
1748713391.1453304,37.33112822541573,-3.1185834407806396
1748713391.1815162,37.33232036810949,-3.1182539463043213
1748713391.214942,37.33385738420574,-3.1183316707611084
1748713391.2484248,37.33502034118488,-3.118243932723999
1748713391.2819104,37.33615888112449,-3.1181862354278564
1748713391.315364,37.33716882414505,-3.1186745166778564
1748713391.348765,37.33831191014712,-3.1179895401000977
1748713391.382301,37.33942346012558,-3.1184849739074707
1748713391.415951,37.3405307007103,-3.1177194118499756
1748713391.4493587,37.34164226103463,-3.118427276611328
1748713391.4827633,37.34311395111737,-3.117584466934204
1748713391.5161567,37.34418348958649,-3.118276596069336
1748713391.5510821,37.345192692330365,-3.11792254447937
1748713391.584494,37.34648855338528,-3.1182892322540283
1748713391.617907,37.34741896961837,-3.1176650524139404
1748713391.651322,37.348335792039684,-3.117664098739624
1748713391.6847417,37.3495746774199,-3.1171631813049316
1748713391.718139,37.350498961638884,-3.1177256107330322
1748713391.7515354,37.3513992674686,-3.1170055866241455
1748713391.7849336,37.35230922183991,-3.1175765991210938
1748713391.8183284,37.353174412133995,-3.1173019409179688
1748713391.8518124,37.3539890425922,-3.117649793624878
1748713391.8852174,37.354872564163195,-3.117114782333374
1748713391.9206066,37.35571868366953,-3.1176061630249023
1748713391.9541132,37.35679736085794,-3.1173408031463623
1748713394.9587824,37.35847383543447,-3.1173532009124756
1748713394.9924521,37.35965856812328,-3.1174001693725586
