timestamp,encoder_distance,yaw_true
1749234822.3911955,8.927684150431961,-1.5905029773712158
1749234822.4807184,8.92768839213037,-1.590505838394165
1749234822.514224,8.927701124732959,-1.5901236534118652
1749234822.5476298,8.930537553275741,-1.5911096334457397
1749234822.5811894,8.937190981729776,-1.5925607681274414
1749234822.6146472,8.942811350081113,-1.5947506427764893
1749234822.648059,8.95219326812647,-1.5968334674835205
1749234822.681477,8.965278325617135,-1.5979266166687012
1749234822.714853,8.975986822371334,-1.5993496179580688
1749234822.748239,8.986085209678116,-1.602142095565796
1749234822.7816324,8.996967954355826,-1.6028279066085815
1749234822.815608,9.007571698299904,-1.6029517650604248
1749234822.8490078,9.017845425535453,-1.6045317649841309
1749234822.8824172,9.028902504292574,-1.6051963567733765
1749234822.915796,9.039584216595262,-1.606431007385254
1749234822.9491956,9.04990235389683,-1.607121229171753
1749234822.9825945,9.060927754034878,-1.608130693435669
1749234823.016001,9.071600487756665,-1.6083753108978271
1749234823.0494192,9.081916019549661,-1.6089988946914673
1749234823.0828934,9.092953127111999,-1.6100819110870361
1749234823.116451,9.10363300375503,-1.6105633974075317
1749234823.149828,9.114300774084253,-1.6115283966064453
1749234823.183235,9.12497492407816,-1.6116938591003418
1749234823.216661,9.135645588851988,-1.612471342086792
1749234823.2500722,9.1498774810159,-1.6125417947769165
1749234823.2834787,9.156986379317644,-1.6128746271133423
1749234823.316922,9.167303847987569,-1.613186240196228
1749234823.3506472,9.178322930152406,-1.6131657361984253
1749234823.3840463,9.18899724502351,-1.614051342010498
1749234823.417459,9.203238096028445,-1.6134663820266724
1749234823.450862,9.214265308312209,-1.613507866859436
1749234823.4842935,9.228140387044029,-1.6135121583938599
1749234823.5177357,9.234901713700689,-1.6138412952423096
1749234823.5511508,9.245920769728928,-1.6138975620269775
1749234823.5856373,9.256601571901896,-1.614018201828003
1749234823.619033,9.263708871431767,-1.6138582229614258
1749234823.6524193,9.276752530465293,-1.614354133605957
1749234823.6858714,9.283729104302584,-1.6142295598983765
1749234823.719283,9.288723199027466,-1.6141372919082642
1749234823.7526844,9.292860471655644,-1.6144025325775146
1749234823.7860754,9.297601559955575,-1.6145654916763306
1749234823.8200722,9.30000662608681,-1.614659309387207
1749234823.8534746,9.303345983817126,-1.6147716045379639
1749234823.887079,9.307703752266217,-1.6145508289337158
1749234823.9205294,9.309749160887618,-1.6148045063018799
1749234823.9542174,9.312966472084799,-1.6150602102279663
1749234823.9876814,9.316289231808897,-1.6148204803466797
1749234824.0210836,9.319511107441677,-1.6152693033218384
1749234824.0545213,9.322732819346761,-1.6150959730148315
1749234824.0879936,9.325958387765676,-1.6150140762329102
1749234824.1213946,9.329179547120308,-1.6154766082763672
1749234824.154814,9.33228526016124,-1.615645408630371
1749234824.1882248,9.335601151554032,-1.6156753301620483
1749234824.2216296,9.338918716421993,-1.616211175918579
1749234824.2551398,9.34205098154607,-1.615824818611145
1749234824.2885523,9.34517105581309,-1.6164315938949585
1749234824.3219507,9.348713921090203,-1.616468071937561
1749234824.3553686,9.351813763376196,-1.616855502128601
1749234824.3888242,9.355063429220401,-1.6170105934143066
1749234824.4222322,9.359615625631367,-1.6173973083496094
1749234824.4556348,9.363428220067043,-1.6176451444625854
1749234824.4898982,9.36746859377129,-1.6182085275650024
1749234824.5234141,9.36996915393247,-1.6185575723648071
1749234824.5568283,9.37417095714419,-1.6186808347702026
1749234824.5902407,9.377947675979021,-1.6191715002059937
1749234824.6236658,9.381805058959461,-1.619318962097168
1749234824.6574259,9.38560888534384,-1.620251178741455
1749234824.6908512,9.389483338326814,-1.620538592338562
1749234824.7242827,9.39304445036018,-1.62119460105896
1749234824.7576954,9.397767681358335,-1.6214916706085205
1749234824.7911084,9.401456989467476,-1.6227352619171143
1749234824.8245106,9.405064882117484,-1.6229841709136963
1749234824.8579955,9.408586229079066,-1.6252912282943726
1749234824.8915896,9.412140810371534,-1.6251386404037476
1749234824.9250631,9.415463606105053,-1.626053810119629
1749234824.9584637,9.420020470309144,-1.6269629001617432
1749234824.9918876,9.423165326577516,-1.6272860765457153
1749234825.025362,9.42646396480441,-1.6287164688110352
1749234825.0588944,9.428472161967894,-1.6287951469421387
1749234825.0927784,9.43168676061304,-1.6284856796264648
1749234825.1261775,9.434724460466246,-1.629223108291626
1749234825.159581,9.437620805643611,-1.6291879415512085
1749234825.1930068,9.440691541418724,-1.630306601524353
1749234825.226529,9.443647399512006,-1.6306084394454956
1749234825.260072,9.446804854430338,-1.630829095840454
1749234825.2934718,9.450272353721438,-1.6315431594848633
1749234825.3268723,9.45215592669642,-1.6312437057495117
1749234825.3602839,9.45495108792756,-1.6324377059936523
1749234825.3939455,9.458578552304122,-1.6321479082107544
1749234825.4274118,9.461304141057049,-1.6330235004425049
1749234825.4608188,9.463159064482621,-1.6332244873046875
1749234825.494327,9.465748620205863,-1.633500576019287
1749234825.5277457,9.468274817020056,-1.6336675882339478
1749234825.561233,9.470770458987205,-1.6342394351959229
1749234825.5947244,9.473154816184334,-1.6336579322814941
1749234825.6281245,9.475623853057854,-1.6339563131332397
1749234825.6614995,9.477870010493449,-1.6348521709442139
1749234825.6948903,9.48028139076995,-1.6351048946380615
1749234825.7283523,9.482565974009743,-1.6343516111373901
1749234825.7617567,9.484829680103,-1.6347465515136719
1749234825.7952192,9.487127481127313,-1.6347506046295166
1749234825.8285813,9.48924557353605,-1.634746789932251
1749234825.861993,9.491381233677163,-1.6345685720443726
1749234825.895376,9.493505172939825,-1.6351372003555298
1749234825.9287713,9.495618179959635,-1.6344572305679321
1749234825.9621692,9.497700047955382,-1.6350712776184082
1749234825.9956324,9.499842085786556,-1.6343820095062256
1749234826.0290534,9.501824536323033,-1.635209560394287
1749234826.0624635,9.50381844255225,-1.6349586248397827
1749234826.0959008,9.505687572017278,-1.6349579095840454
1749234826.1293135,9.5076374573959,-1.634994626045227
1749234826.162849,9.508875972413417,-1.6350072622299194
1749234826.1962638,9.510717694187786,-1.6351004838943481
1749234826.2296853,9.513703182039755,-1.6352424621582031
1749234826.2630606,9.514887845687358,-1.6349048614501953
1749234826.2964659,9.516075234696924,-1.6355688571929932
1749234826.3298225,9.51785448618991,-1.6351972818374634
1749234826.363229,9.519522499654874,-1.6354467868804932
1749234826.3966365,9.521430419021003,-1.634872317314148
1749234826.4300458,9.522940940758508,-1.6354061365127563
1749234826.4634638,9.524597716621585,-1.635107159614563
1749234826.4968789,9.526203403180665,-1.6351068019866943
1749234826.530285,9.5278133168485,-1.6349512338638306
1749234826.5636864,9.529300393453727,-1.635169506072998
1749234826.5971708,9.530309576893224,-1.6350315809249878
1749234826.630597,9.53185933729371,-1.6348570585250854
1749234826.6640506,9.53323673037361,-1.6347002983093262
1749234826.6974635,9.534712216454594,-1.6349254846572876
1749234826.7308643,9.535746070936096,-1.6346482038497925
1749234826.7642949,9.537222375154192,-1.6349964141845703
1749234826.7976396,9.538665188634997,-1.6347242593765259
1749234826.831071,9.540545408921108,-1.6351494789123535
1749234826.864454,9.541943739129152,-1.6345162391662598
1749234826.9011607,9.542866598626704,-1.6348010301589966
1749234826.9348154,9.544617972442806,-1.6348047256469727
1749234826.9682643,9.545904743181147,-1.634533405303955
1749234827.0016632,9.547208439363088,-1.634721040725708
1749234827.035084,9.548401676415928,-1.6344856023788452
1749234827.0685441,9.549765012771923,-1.6344397068023682
1749234827.1019473,9.550835253307302,-1.6343357563018799
1749234827.1354022,9.552008932497822,-1.634348750114441
1749234827.1691084,9.553530753811753,-1.6343061923980713
1749234827.2024684,9.554622045803562,-1.6343648433685303
1749234827.236647,9.555805339614471,-1.6341438293457031
1749234827.2701359,9.556541781162522,-1.634080171585083
1749234827.3042417,9.557960778388436,-1.6341208219528198
1749234827.337741,9.558974548955392,-1.633886456489563
1749234827.371182,9.560415721774262,-1.633967638015747
1749234827.404838,9.56099319527987,-1.6338130235671997
1749234827.4382496,9.562038339657516,-1.6337298154830933
1749234827.4716628,9.563024303938901,-1.6336997747421265
1749234827.505071,9.563999281834356,-1.6338061094284058
1749234827.538481,9.56495755972083,-1.633630633354187
1749234827.5718896,9.56618173474148,-1.6335210800170898
1749234827.6052935,9.56680690777123,-1.6335915327072144
1749234827.6387,9.567723970635043,-1.633347988128662
1749234827.6720972,9.56865148349854,-1.63339364528656
1749234827.7055016,9.569532799414569,-1.6334314346313477
1749234827.7389057,9.57039217461239,-1.6333338022232056
1749234827.7723453,9.571217967355166,-1.6332184076309204
1749234827.8057456,9.572058792568585,-1.6335750818252563
1749234827.8391552,9.57289207762745,-1.6331408023834229
1749234827.873302,9.573739648135117,-1.6334391832351685
1749234827.9067154,9.574585705944793,-1.6329350471496582
1749234827.9401233,9.575708413949224,-1.6334564685821533
1749234827.973625,9.576449638198511,-1.6331148147583008
1749234828.0070357,9.577131037685344,-1.6331498622894287
1749234828.0404449,9.577506124957782,-1.6330695152282715
1749234828.0738502,9.577725337041251,-1.6330779790878296
1749234828.1072574,9.577856117497694,-1.6330713033676147
1749234828.141497,9.577938223405672,-1.6331006288528442
1749234828.1749058,9.577980055869837,-1.6330797672271729
1749234828.2084846,9.578010756882843,-1.6330852508544922
1749234828.2418852,9.578024076025098,-1.6330851316452026
1749234828.2752893,9.578032768671076,-1.6330842971801758
1749234828.3087473,9.578044477318347,-1.633095622062683
1749234828.342164,9.578047492212978,-1.6330950260162354
1749234828.375575,9.57805249353823,-1.633098840713501
1749234828.4090242,9.578059878713377,-1.6330960988998413
1749234828.4426343,9.578060563894562,-1.63309907913208
1749234828.4760377,9.578073120783634,-1.6331220865249634
1749234828.5094798,9.578069191835388,-1.6331127882003784
1749234828.5429,9.578077580540167,-1.633123517036438
1749234828.5763106,9.578077880269946,-1.6331192255020142
1749234828.6097186,9.57808164290268,-1.633115291595459
1749234828.643224,9.578087448434589,-1.633104681968689
1749234828.676622,9.578091832378718,-1.6331067085266113
1749234828.7100887,9.578095215784698,-1.6331061124801636
1749234828.7435224,9.57809415085358,-1.6331042051315308
1749234828.7769282,9.57809792616802,-1.6330972909927368
1749234828.810334,9.578106198357185,-1.6330901384353638
1749234828.8437576,9.578109838108274,-1.63308584690094
1749234828.8771467,9.578109324946725,-1.6330815553665161
1749234828.9105701,9.578115769921643,-1.633090853691101
1749234828.9439802,9.57811678584541,-1.633090615272522
1749234828.9773927,9.578115420607801,-1.6330724954605103
1749234829.0108316,9.578127038741929,-1.6330851316452026
1749234829.0442703,9.578120511187477,-1.6330748796463013
1749234829.077748,9.578130241933144,-1.6331028938293457
1749234829.111162,9.578125742744618,-1.633087396621704
1749234829.144569,9.57813304991664,-1.633096694946289
1749234829.1780086,9.578131000523937,-1.6330924034118652
1749234829.2114108,9.578136095957207,-1.633098840713501
1749234829.244913,9.57813507699965,-1.633089542388916
1749234829.2817187,9.578139380886844,-1.6331024169921875
1749234829.3152416,9.5781399435064,-1.6330959796905518
1749234829.348656,9.57814286844839,-1.633111596107483
1749234829.3821263,9.578150343700361,-1.633090615272522
1749234829.4155576,9.578154648802572,-1.6330775022506714
1749234829.448968,9.578161440618043,-1.6330891847610474
1749234829.4823923,9.578158848339367,-1.6330835819244385
1749234829.5158894,9.578164263068949,-1.6330987215042114
1749234829.5492904,9.578165450159373,-1.633094310760498
1749234829.5827305,9.578177985006404,-1.6331034898757935
1749234829.6161754,9.578176645682168,-1.6330995559692383
1749234829.649678,9.578179513857808,-1.6330933570861816
1749234829.6833587,9.578184957944512,-1.6331053972244263
1749234829.7167628,9.578182986016222,-1.633103609085083
1749234829.7501788,9.57818687353685,-1.6331069469451904
1749234829.7835746,9.578187280537643,-1.633105993270874
1749234829.8171222,9.578189433928047,-1.6331065893173218
1749234829.8506367,9.578191132942909,-1.6331086158752441
1749234829.8840358,9.578196882396366,-1.633124828338623
1749234829.9181528,9.578197857867965,-1.633124589920044
1749234829.9516382,9.57820542423896,-1.6331491470336914
1749234829.9850404,9.578202227152053,-1.6331396102905273
1749234830.0185325,9.578207630059813,-1.633146047592163
1749234830.052001,9.578206740404388,-1.6331464052200317
1749234830.0854034,9.578210114039663,-1.6331623792648315
1749234830.118867,9.578213400862348,-1.6331549882888794
1749234830.152273,9.578219785233703,-1.633150577545166
1749234830.1856725,9.578223235302948,-1.6331760883331299
1749234830.2190557,9.578220837958405,-1.6331630945205688
1749234830.2526004,9.578229005078503,-1.6331508159637451
1749234830.2860115,9.578233802546269,-1.6331583261489868
1749234830.319438,9.57823392134282,-1.633163332939148
1749234830.3528461,9.57823670779476,-1.6331596374511719
1749234830.3863447,9.578238284656186,-1.633170247077942
1749234830.419752,9.57824454665122,-1.6331545114517212
1749234830.4531553,9.578253110308443,-1.633163332939148
1749234830.4867082,9.578254523225784,-1.6331546306610107
1749234830.520211,9.578253245279493,-1.633149266242981
1749234830.5536187,9.57825565239523,-1.6331582069396973
1749234830.5870438,9.578263344196266,-1.6331919431686401
1749234830.620565,9.578268875508622,-1.6331874132156372
1749234830.6539848,9.578269692851014,-1.6331965923309326
1749234830.687544,9.578274344746415,-1.6331936120986938
1749234830.7209525,9.578273437199437,-1.6331965923309326
1749234830.754364,9.578284944875506,-1.6331849098205566
1749234830.7878144,9.578285728334508,-1.6331812143325806
1749234830.821238,9.578288220739397,-1.6331844329833984
1749234830.8547666,9.578294573082117,-1.6331820487976074
1749234830.8882883,9.57829887938841,-1.6331864595413208
1749234830.9217453,9.578300371557223,-1.633204460144043
1749234830.9551847,9.578308038759014,-1.6332147121429443
1749234830.9886677,9.578305469295419,-1.6332018375396729
1749234831.0220904,9.578307892549642,-1.6331050395965576
1749234831.0554895,9.579393519496017,-1.6339797973632812
1749234831.0888963,9.582665034843254,-1.6310560703277588
1749234831.122308,9.588370715337613,-1.6264773607254028
1749234831.155704,9.593839612430731,-1.623555064201355
1749234831.1891758,9.600871763494366,-1.6171518564224243
1749234831.2226255,9.607781744655334,-1.6114581823349
1749234831.2560244,9.615794602017129,-1.607434630393982
1749234831.2894547,9.625342510222373,-1.6006560325622559
1749234831.3229063,9.633215973833005,-1.5955485105514526
1749234831.356351,9.641073806971956,-1.5903890132904053
1749234831.3897502,9.648304202551623,-1.585931658744812
1749234831.4231045,9.656271605210163,-1.5824837684631348
1749234831.4565258,9.661398753489545,-1.5769438743591309
1749234831.4899857,9.671778125939724,-1.5722764730453491
1749234831.523392,9.676910286250592,-1.5662016868591309
1749234831.556796,9.684730184452574,-1.5619852542877197
1749234831.5901976,9.69229100550944,-1.5571120977401733
1749234831.623712,9.700198680746032,-1.5512468814849854
1749234831.6571457,9.708141488495432,-1.545846939086914
1749234831.6905506,9.715498213052925,-1.5426515340805054
1749234831.7239954,9.721031667848765,-1.5397456884384155
1749234831.7587667,9.731463974892856,-1.5355085134506226
1749234831.792286,9.737142275166468,-1.5325984954833984
1749234831.825745,9.747890190529848,-1.5300170183181763
1749234831.8599858,9.756477456013263,-1.5245550870895386
1749234831.8934255,9.762112556828658,-1.522454023361206
1749234831.9268477,9.773843117278417,-1.5188605785369873
1749234831.960302,9.782199884741816,-1.5155194997787476
1749234831.9937062,9.793801637992678,-1.5121320486068726
1749234832.027188,9.802507642807857,-1.5067095756530762
1749234832.060595,9.81141283606368,-1.5054939985275269
1749234832.0939949,9.817346396667473,-1.502588152885437
1749234832.1276007,9.826256828815383,-1.4991589784622192
1749234832.1610506,9.835458951309752,-1.4950414896011353
1749234832.1944432,9.844192636915425,-1.492274284362793
1749234832.2278612,9.853165023977835,-1.4884164333343506
1749234832.2612689,9.862401876845112,-1.4849120378494263
1749234832.2948847,9.874071716051626,-1.4818544387817383
1749234832.3282883,9.882682624552658,-1.4767433404922485
1749234832.3617427,9.894628247007027,-1.4744113683700562
1749234832.3951504,9.903724716677376,-1.4691932201385498
1749234832.4287379,9.912941511366462,-1.4647111892700195
1749234832.462166,9.921338551962808,-1.4605075120925903
1749234832.4955719,9.932842552362978,-1.4561340808868408
1749234832.5291133,9.938909116426759,-1.450609803199768
1749234832.5625217,9.947646076388944,-1.4469481706619263
1749234832.5961637,9.959069323612015,-1.4412752389907837
1749234832.6296318,9.967645445726284,-1.4370304346084595
1749234832.6630342,9.973303029157591,-1.432532787322998
1749234832.6964598,9.981599553795993,-1.4261711835861206
1749234832.7298574,9.992913336367437,-1.4195936918258667
1749234832.7632065,10.001054818147113,-1.4135971069335938
1749234832.7966034,10.00884367355293,-1.405925989151001
1749234832.8300278,10.016554662920521,-1.4010488986968994
1749234832.8635104,10.027019381100214,-1.395090937614441
1749234832.8969052,10.034856421762433,-1.3877760171890259
1749234832.9302878,10.042264240040874,-1.3815892934799194
1749234832.9636936,10.052845285463746,-1.3744114637374878
1749234832.9970953,10.060182911343022,-1.3681583404541016
1749234833.0304968,10.068124972297623,-1.3628019094467163
1749234833.0638998,10.075679865578419,-1.3561630249023438
1749234833.0973017,10.085874144215767,-1.3495838642120361
1749234833.1307442,10.093207414332412,-1.3437058925628662
1749234833.164192,10.101070515860211,-1.3384106159210205
1749234833.197638,10.111195414359814,-1.332523226737976
1749234833.231041,10.11854620190789,-1.325069546699524
1749234833.2644548,10.126402677577824,-1.3192546367645264
1749234833.2978597,10.13527231591239,-1.3140089511871338
1749234833.3313348,10.141862239562304,-1.308213472366333
1749234833.3647535,10.149464916903062,-1.3025912046432495
1749234833.3981526,10.156814497939248,-1.2971560955047607
1749234833.4316425,10.164418192366425,-1.2913552522659302
1749234833.465054,10.17227421507198,-1.2855488061904907
1749234833.498455,10.179624477749545,-1.2801213264465332
1749234833.5318608,10.190015339972955,-1.2743149995803833
1749234833.5652623,10.19508404610356,-1.268884539604187
1749234833.5986705,10.20243396353529,-1.2632684707641602
1749234833.6321127,10.209784122556952,-1.2576491832733154
1749234833.6655138,10.220428870826053,-1.2518422603607178
1749234833.6989176,10.22777884342692,-1.24453866481781
1749234833.7323186,10.235382007503581,-1.240792155265808
1749234833.765788,10.242985267208498,-1.233110785484314
1749234833.7991939,10.2505884172507,-1.22786545753479
1749234833.832647,10.25819181596003,-1.223934531211853
1749234833.8660543,10.265795423178167,-1.216442346572876
1749234833.899474,10.274158859667772,-1.2110098600387573
1749234833.93288,10.281002263593894,-1.205204963684082
1749234833.9663048,10.288605095248633,-1.1995843648910522
1749234833.999815,10.296208803680809,-1.1941502094268799
1749234834.033328,10.303811972158194,-1.1883403062820435
1749234834.0667112,10.31141532376564,-1.1829092502593994
1749234834.10012,10.31901883780504,-1.1771029233932495
1749234834.1334927,10.326368750824818,-1.171482801437378
1749234834.1669395,10.334225800470383,-1.1660491228103638
1749234834.200354,10.344363327659668,-1.160241961479187
1749234834.2337606,10.34917883331785,-1.1548100709915161
1749234834.2671638,10.357035439166426,-1.149001121520996
1749234834.3005412,10.367173298719507,-1.141506552696228
1749234834.333991,10.374523303486441,-1.136073112487793
1749234834.3674278,10.382633507780662,-1.1304486989974976
1749234834.4008505,10.38998318812123,-1.1248252391815186
1749234834.434254,10.397586613142705,-1.1190171241760254
1749234834.4677086,10.405189754761842,-1.113397240638733
1749234834.5015497,10.413046599937804,-1.1077752113342285
1749234834.534958,10.420396680366741,-1.1021537780761719
1749234834.568365,10.430534273271322,-1.094844937324524
1749234834.6019118,10.438137763297323,-1.0890369415283203
1749234834.6353538,10.446500637628183,-1.0834071636199951
1749234834.6688094,10.45359729510128,-1.0777878761291504
1749234834.7022092,10.461707656945903,-1.0721673965454102
1749234834.7356355,10.468549849958412,-1.0667264461517334
1749234834.769046,10.478687417485801,-1.0609169006347656
1749234834.802447,10.486290538799599,-1.0534214973449707
1749234834.8358457,10.493639763368977,-1.0477932691574097
1749234834.869274,10.498961397094149,-1.0440415143966675
1749234834.9026332,10.506564549611632,-1.0382325649261475
1749234834.9360785,10.514420906571381,-1.0327942371368408
1749234834.9694843,10.52176985001259,-1.0271698236465454
1749234835.0028908,10.531907090098676,-1.0196714401245117
1749234835.036354,10.539763075279136,-1.014233112335205
1749234835.0699222,10.546858406326933,-1.0086113214492798
1749234835.1033242,10.557248958817468,-1.0027987957000732
1749234835.1367745,10.565104715135687,-0.9951096773147583
1749234835.1701803,10.572711244606088,-0.9897254109382629
1749234835.2054813,10.580252601630516,-0.9836641550064087
1749234835.2388835,10.587335601460845,-0.9781267046928406
1749234835.27227,10.595073835448535,-0.971717357635498
1749234835.305681,10.603001309057023,-0.9675220847129822
1749234835.3390832,10.61232432153979,-0.9603842496871948
1749234835.3725078,10.61991193185482,-0.9535667896270752
1749234835.4059124,10.627526242547686,-0.948383629322052
1749234835.4392686,10.635158337316922,-0.9416669011116028
1749234835.472768,10.642621141332006,-0.9379767775535583
1749234835.5061781,10.650331332685472,-0.9309136271476746
1749234835.5427458,10.658025539242374,-0.9273173809051514
1749234835.5761847,10.665598903020609,-0.9239943027496338
1749234835.6096067,10.673029184777059,-0.9133991003036499
1749234835.643112,10.680641660181289,-0.9087721109390259
1749234835.67651,10.688219263635723,-0.9034268856048584
1749234835.7099106,10.697743617557219,-0.8977810740470886
1749234835.743344,10.70524164251598,-0.8891462087631226
1749234835.776754,10.712848771574556,-0.8817008137702942
1749234835.810169,10.720234727145861,-0.8741387724876404
1749234835.843577,10.727787183520295,-0.868527352809906
1749234835.8769896,10.735245588997715,-0.8617509603500366
1749234835.9104075,10.742550478707892,-0.8535051941871643
1749234835.9438176,10.750059043242295,-0.8496787548065186
1749234835.977214,10.755004668055534,-0.8424339294433594
1749234836.0106235,10.765882136355797,-0.8345482349395752
1749234836.0440392,10.7721099272664,-0.8238394856452942
1749234836.0774782,10.779699626960468,-0.8165033459663391
1749234836.1110234,10.786887294226055,-0.8066786527633667
1749234836.144457,10.79379312870769,-0.7950029969215393
1749234836.1778612,10.803697797097533,-0.7841002345085144
1749234836.2112725,10.808678311659722,-0.7782018780708313
1749234836.2446988,10.81829596636953,-0.7659653425216675
1749234836.2781022,10.825743093778794,-0.7553199529647827
1749234836.311511,10.832282455562673,-0.7431733012199402
1749234836.3449118,10.839762358261709,-0.7310687303543091
1749234836.3782983,10.846903027065624,-0.7205729484558105
1749234836.4117255,10.853816162602548,-0.7057125568389893
1749234836.4451258,10.860280075145894,-0.6936002373695374
1749234836.4785264,10.86742229463342,-0.6799415946006775
1749234836.5119514,10.874341373215834,-0.666435182094574
1749234836.545387,10.881238434971833,-0.6523587703704834
1749234836.5787952,10.888240843366054,-0.6381328105926514
1749234836.6124222,10.897522559855908,-0.6241137981414795
1749234836.6458223,10.902371400230885,-0.6094788908958435
1749234836.6792674,10.911546964666675,-0.5961633920669556
1749234836.7128189,10.919057765327388,-0.5850608348846436
1749234836.746222,10.92587575165221,-0.5643141865730286
1749234836.77961,10.935186415078833,-0.5529206395149231
1749234836.8131435,10.939845209418328,-0.5389525294303894
1749234836.846594,10.946558509988757,-0.5252560973167419
1749234836.8799958,10.95417296136186,-0.5114576816558838
1749234836.9133966,10.960715550430413,-0.4978490471839905
1749234836.9467676,10.96814871841114,-0.48272401094436646
1749234836.9804726,10.977006201870442,-0.4695727229118347
1749234837.0139408,10.984358793886777,-0.4510836601257324
1749234837.0473442,10.989234720602418,-0.4417337477207184
1749234837.0807545,10.996223688773474,-0.42912378907203674
1749234837.1144314,11.005532804652281,-0.4150914251804352
1749234837.1478498,11.013079249236382,-0.39892110228538513
1749234837.1812367,11.020372081533022,-0.38690778613090515
1749234837.214634,11.027117858605825,-0.3735184073448181
1749234837.2480953,11.034141791565357,-0.36024513840675354
1749234837.2815034,11.041569916156275,-0.347836434841156
1749234837.3149562,11.048677314763387,-0.3361004590988159
1749234837.3483582,11.055871064109425,-0.32411620020866394
1749234837.3817837,11.063305689819401,-0.3170362114906311
1749234837.4152808,11.06823047308008,-0.3061804473400116
1749234837.4487035,11.077461981028957,-0.28914105892181396
1749234837.4821088,11.085082473017096,-0.27848508954048157
1749234837.515555,11.091785001056857,-0.26565733551979065
1749234837.549026,11.099359837238637,-0.25631898641586304
1749234837.5829911,11.106870157454876,-0.24607285857200623
1749234837.6167166,11.114253645780956,-0.23890596628189087
1749234837.6501248,11.12392318711171,-0.22551721334457397
1749234837.6835256,11.1296755048214,-0.2115802764892578
1749234837.7169244,11.139207324322282,-0.19995705783367157
1749234837.7503223,11.145727304527668,-0.1898908019065857
1749234837.7837484,11.155413223000682,-0.18398338556289673
1749234837.8171897,11.162571483799411,-0.1784733533859253
1749234837.851288,11.170097608263406,-0.1708431839942932
1749234837.884746,11.17494880000207,-0.16275113821029663
1749234837.9181554,11.185057170219693,-0.15313152968883514
1749234837.9522126,11.192395318058974,-0.14722229540348053
1749234837.9856427,11.19971697743186,-0.1392003446817398
1749234838.0220408,11.207119224708752,-0.13521651923656464
1749234838.055444,11.214441652150757,-0.12914451956748962
1749234838.0888815,11.224479661218854,-0.1251211017370224
1749234838.1223543,11.232359393911745,-0.1224026083946228
1749234838.1560495,11.241236262374231,-0.11390016227960587
1749234838.189452,11.247594150820333,-0.1090502217411995
1749234838.2229424,11.257673775386884,-0.10398970544338226
1749234838.2566223,11.268255934573522,-0.09745657444000244
1749234838.290711,11.281793559453073,-0.08968858420848846
1749234838.3241262,11.292672008656572,-0.08422939479351044
1749234838.357724,11.302979954643956,-0.08107401430606842
1749234838.3913195,11.316467623434527,-0.0747235044836998
1749234838.4255757,11.32367928503851,-0.06658929586410522
1749234838.4590633,11.330942719182714,-0.060584042221307755
1749234838.4924705,11.344567388472598,-0.05578279122710228
1749234838.5259001,11.35476553296626,-0.052170295268297195
1749234838.5592654,11.365481611776966,-0.04551476240158081
1749234838.5927114,11.375756265244396,-0.03863990306854248
1749234838.6263824,11.386299236899768,-0.035989005118608475
1749234838.659914,11.397219246953375,-0.0326911062002182
1749234838.6947029,11.407288919502038,-0.0279080830514431
1749234838.7285843,11.417853384785563,-0.025189479812979698
1749234838.7619748,11.428825131623148,-0.022945187985897064
1749234838.7953992,11.439026103127318,-0.01851973496377468
1749234838.8288028,11.453882389171476,-0.014128277078270912
1749234838.8622112,11.46029726386498,-0.012865941040217876
1749234838.8956091,11.474515863372975,-0.00954378116875887
1749234838.9290836,11.485238554633924,-0.00811900943517685
1749234838.9626162,11.499420988591778,-0.0045212008990347385
1749234838.9960651,11.510359189209614,0.00016561713709961623
1749234839.0294683,11.520680052619074,0.003835452487692237
1749234839.0628474,11.531318943293812,0.00624211085960269
1749234839.096264,11.538430716909474,0.0068403915502130985
1749234839.1296992,11.552240765600805,0.011131220497190952
1749234839.1631546,11.563100286364243,0.015504483133554459
1749234839.1973577,11.573688638012216,0.017194025218486786
1749234839.2308722,11.58426270218052,0.015590389259159565
1749234839.264388,11.59871709564129,0.016142308712005615
1749234839.297788,11.605335151047548,0.02024065889418125
1749234839.3315423,11.61590288591148,0.02093605138361454
1749234839.3649473,11.626208469346187,0.021831529214978218
1749234839.3984153,11.634035205476303,0.021812468767166138
1749234839.4320946,11.640050159120236,0.02339818887412548
1749234839.4655595,11.646013825918951,0.02266128920018673
1749234839.4989994,11.648890770856912,0.023938966915011406
1749234839.532413,11.653065638872059,0.02386772260069847
1749234839.5662632,11.65624196608273,0.023792585358023643
1749234839.5996888,11.659614545390776,0.024944566190242767
1749234839.6330965,11.66283285422654,0.024988865479826927
1749234839.6665075,11.666240956704984,0.02603696472942829
1749234839.7000191,11.66951141892895,0.026403525844216347
1749234839.733438,11.672788925944198,0.026390548795461655
1749234839.7669895,11.677072120185743,0.02836132049560547
1749234839.8003953,11.68016342137314,0.027325626462697983
1749234839.8338034,11.683451807219667,0.028598401695489883
1749234839.867216,11.686540055336337,0.029506826773285866
1749234839.9006114,11.689725877691194,0.029913274571299553
1749234839.9340127,11.693033287579324,0.030134068801999092
1749234839.9674077,11.69615410861306,0.02979849837720394
1749234840.0008287,11.699483307287178,0.0303404051810503
1749234840.0342944,11.702840061673498,0.030287975445389748
1749234840.067734,11.705889206549639,0.03132719546556473
1749234840.1010876,11.70926829734241,0.03154049068689346
1749234840.1345174,11.712510625698586,0.03088514320552349
1749234840.167948,11.715863678975603,0.03159800544381142
1749234840.201488,11.718907180118537,0.03107460029423237
1749234840.235755,11.722387050957257,0.031595826148986816
1749234840.2691472,11.725518184263768,0.03182997554540634
1749234840.3025534,11.728794979184363,0.032611340284347534
1749234840.335997,11.732308349780636,0.032040514051914215
1749234840.36946,11.736333265203772,0.03244810551404953
1749234840.4030488,11.738875271585995,0.03186478465795517
1749234840.436471,11.74335832672498,0.03269950672984123
1749234840.470062,11.747186991627308,0.03184637799859047
1749234840.5034616,11.752567306076385,0.03201846778392792
1749234840.5368407,11.756498345934771,0.03252985328435898
1749234840.5702658,11.76048932302295,0.032009948045015335
1749234840.6036708,11.764287159302334,0.031965021044015884
1749234840.637092,11.769002126430054,0.03156028315424919
1749234840.6704917,11.772619737179424,0.030879009515047073
1749234840.703898,11.776265595877648,0.029248809441924095
1749234840.7373028,11.779828492179577,0.02897655963897705
1749234840.770714,11.782172306694752,0.027547620236873627
1749234840.8041508,11.786881208082953,0.027394350618124008
1749234840.8375504,11.790282804875924,0.026650970801711082
1749234840.8714347,11.794973245239193,0.024922259151935577
1749234840.9048455,11.797851165049616,0.024323776364326477
1749234840.9382496,11.800919234673877,0.024910101667046547
1749234840.971647,11.805174463828141,0.02394537813961506
1749234841.005056,11.807200724826581,0.02232634462416172
1749234841.038435,11.810275672406403,0.022451799362897873
1749234841.0718613,11.813373307015631,0.02154408022761345
1749234841.1053476,11.816441624439602,0.021848885342478752
1749234841.1387973,11.819548978523834,0.02104819007217884
1749234841.1722693,11.823359666827791,0.02060793712735176
1749234841.2057354,11.826239248834689,0.02088034339249134
1749234841.2391396,11.828636919770558,0.018115121871232986
1749234841.2725432,11.831197511079035,0.017642363905906677
1749234841.3063684,11.834739468860704,0.0175384059548378
1749234841.3402312,11.837221140337489,0.0171382836997509
1749234841.3736966,11.839745396025274,0.01686873659491539
1749234841.4071572,11.842368203662556,0.015173322521150112
1749234841.4407887,11.844723311345842,0.01512711402028799
1749234841.4741912,11.847233891305699,0.014219054020941257
1749234841.5076597,11.84958607195155,0.01299371663480997
1749234841.5411055,11.851951729660964,0.012449055910110474
1749234841.5745106,11.854974434556945,0.011718016117811203
1749234841.6084645,11.8572600073679,0.00963806826621294
1749234841.641834,11.8594084800115,0.010851380415260792
1749234841.675281,11.862384095895148,0.008730239234864712
1749234841.708705,11.864448121044221,0.007755933329463005
1749234841.7421875,11.867384750116095,0.006834207568317652
1749234841.7755868,11.86868811786852,0.0072385347448289394
1749234841.8090339,11.870711246166575,0.005631891544908285
1749234841.842438,11.872724982296965,0.00423419289290905
1749234841.875854,11.874674432824856,0.005292202811688185
1749234841.909468,11.876542413312245,0.003382965689525008
1749234841.9429693,11.878414325681177,0.0031698138918727636
1749234841.9764044,11.88036832388066,0.0028620008379220963
1749234842.009811,11.882812274269483,0.00147294404450804
1749234842.0432477,11.883983215686184,0.0012690720614045858
1749234842.0775576,11.885795390064311,0.0006814476219005883
1749234842.111003,11.887602716954804,0.0008738564793020487
1749234842.1444247,11.889315062763194,-0.0007445642841048539
1749234842.1778202,11.89114501838365,-0.0018796484218910336
1749234842.2113042,11.89274707409554,-0.0010376529535278678
1749234842.2447073,11.894866983256257,-0.004534029867500067
1749234842.2781062,11.896680676331364,-0.004021679982542992
1749234842.3115067,11.89829661134047,-0.006736851762980223
1749234842.3450606,11.900034978131515,-0.006823140196502209
1749234842.3785098,11.90174501228156,-0.008926565758883953
1749234842.4119465,11.90330737693872,-0.007641000207513571
1749234842.4454503,11.904430721943413,-0.007138456217944622
1749234842.4791348,11.905868147808427,-0.00862941611558199
1749234842.5127683,11.907350351398316,-0.009286304004490376
1749234842.5461752,11.908814775750518,-0.009752810001373291
1749234842.5795877,11.910251277200079,-0.010770847089588642
1749234842.6130235,11.911704070644257,-0.010532071813941002
1749234842.6464262,11.91310910262943,-0.01054459996521473
1749234842.6799371,11.914447705787685,-0.011758027598261833
1749234842.7134597,11.915806907393204,-0.011921142227947712
1749234842.746861,11.917093117443924,-0.012007509358227253
1749234842.7802668,11.918432552142383,-0.011998255737125874
1749234842.813668,11.920132282526119,-0.012876409105956554
1749234842.847077,11.920859762347717,-0.013615775853395462
1749234842.8804567,11.921697660068627,-0.013458305038511753
1749234842.9142814,11.922956192669092,-0.014770627953112125
1749234842.947757,11.92457195734764,-0.01530556008219719
1749234842.98116,11.925717220102603,-0.01578725315630436
1749234843.014732,11.92698036475205,-0.015470101498067379
1749234843.0481339,11.928154893251845,-0.01728772185742855
1749234843.0815356,11.929428660126593,-0.016975149512290955
1749234843.1149335,11.930665308065473,-0.018221158534288406
1749234843.1483335,11.931948008336283,-0.017834525555372238
1749234843.1817327,11.933122255138187,-0.019602041691541672
1749234843.215141,11.934727648839715,-0.019017821177840233
1749234843.2485375,11.935903157616627,-0.020724648609757423
1749234843.2819908,11.937078324493688,-0.020585661754012108
1749234843.3153965,11.93816385859632,-0.01990693248808384
1749234843.3487983,11.939158159358461,-0.021394195035099983
1749234843.3822553,11.940152468578408,-0.0201257411390543
1749234843.4156673,11.941068221315362,-0.021873222663998604
1749234843.4492252,11.941971238244928,-0.020985255017876625
1749234843.482749,11.942885892714846,-0.021999286487698555
1749234843.5161545,11.943812127113846,-0.02315496653318405
1749234843.549571,11.944739944513351,-0.02232343517243862
1749234843.5829747,11.945724934320506,-0.02327210269868374
1749234843.6163807,11.946668621490565,-0.02352932095527649
1749234843.6499329,11.947898409886099,-0.0234930831938982
1749234843.6836293,11.948671808473343,-0.023180490359663963
1749234843.7170405,11.94949760642512,-0.02246810495853424
1749234843.7504525,11.95023241648763,-0.0240685623139143
1749234843.7838604,11.951040509460244,-0.02366899512708187
1749234843.8172712,11.951831263094178,-0.024032624438405037
1749234843.8507283,11.952635840027028,-0.024095265194773674
1749234843.884131,11.95337783329294,-0.025718174874782562
1749234843.9175327,11.956258662730429,-0.024126822128891945
1749234843.95093,11.962547621254659,-0.019190119579434395
1749234843.9843676,11.968117241874419,-0.011367729865014553
1749234844.017806,11.975017806986413,-0.009750223718583584
1749234844.0512378,11.981313993075052,-0.0019500090274959803
1749234844.0846896,11.989001389542743,0.005528850946575403
1749234844.1180952,11.995401430936212,0.009583484381437302
1749234844.1516128,12.002410553765765,0.018114471808075905
1749234844.1850235,12.012199398853689,0.025822985917329788
1749234844.21851,12.017243523290052,0.030472803860902786
1749234844.2519348,12.024532486811758,0.03499278426170349
1749234844.2863817,12.031909062034797,0.04285600036382675
1749234844.3197799,12.038962301688068,0.05128827318549156
1749234844.3540657,12.046032830990727,0.058921411633491516
1749234844.38744,12.054862997680257,0.06414280086755753
1749234844.4208426,12.061577696718187,0.07100711762905121
1749234844.4543693,12.068980715424086,0.07844048738479614
1749234844.4877856,12.0761276799625,0.08595529198646545
1749234844.5211968,12.08376623894831,0.09049468487501144
1749234844.5546625,12.091215374936917,0.0976264700293541
1749234844.5881147,12.100209207055434,0.11197590827941895
1749234844.621563,12.104875793156053,0.11586181819438934
1749234844.6549706,12.11219352617942,0.12131406366825104
1749234844.6884103,12.119759957736823,0.12235907465219498
1749234844.721822,12.129674919158084,0.12699659168720245
1749234844.7552445,12.13726753457178,0.13046540319919586
1749234844.7886522,12.145075420807554,0.13313177227973938
1749234844.8221073,12.152938923840997,0.13620597124099731
1749234844.8555398,12.163344994774631,0.14281143248081207
1749234844.8889475,12.17093188655829,0.15058788657188416
1749234844.9224777,12.17833516089598,0.1592024266719818
1749234844.9558377,12.190420983432809,0.1662234216928482
1749234844.9892452,12.196175702343114,0.17301589250564575
1749234845.022654,12.20511708698078,0.17806372046470642
1749234845.0560586,12.212455466464066,0.18361105024814606
1749234845.0894775,12.219565193385064,0.18893760442733765
1749234845.1228852,12.2266560142191,0.1945008933544159
1749234845.1562967,12.234198211069614,0.20103441178798676
1749234845.190323,12.241853338588486,0.20520327985286713
1749234845.2237275,12.249440987523878,0.2110636830329895
1749234845.257144,12.257037931787117,0.2164231538772583
1749234845.2905498,12.26461390496504,0.222331240773201
1749234845.323967,12.269426859348462,0.225791797041893
1749234845.3580058,12.277299548543967,0.23114971816539764
1749234845.3914142,12.284891106833863,0.23684005439281464
1749234845.4248095,12.292486311099694,0.24245691299438477
1749234845.4582489,12.300343176667713,0.2480297088623047
1749234845.4918256,12.307945182624717,0.2536485493183136
1749234845.5252767,12.315545878494575,0.2592773735523224
1749234845.5587285,12.32289587920888,0.2650843560695648
1749234845.5922883,12.33303465892774,0.2704981565475464
1749234845.625724,12.340638529341412,0.2779768705368042
1749234845.659197,12.348238920641704,0.28362852334976196
1749234845.693255,12.356095181408314,0.2875591218471527
1749234845.7270021,12.360910920415218,0.2929878234863281
1749234845.7604136,12.368514433742453,0.2985854148864746
1749234845.793826,12.378649867124496,0.30611100792884827
1749234845.8272805,12.3860010516759,0.3116953670978546
1749234845.860686,12.391070390264716,0.3154523968696594
1749234845.8940897,12.398923888314163,0.3210908770561218
1749234845.9274626,12.40652723674816,0.3267090320587158
1749234845.9608648,12.41413222448194,0.3324839472770691
1749234845.9942894,12.421734565889395,0.3377523422241211
1749234846.0307982,12.429066519123218,0.3437027335166931
1749234846.0645173,12.43701288523074,0.3477099537849426
1749234846.0979073,12.444620201359859,0.35339805483818054
1749234846.1313205,12.45224094829,0.3588224947452545
1749234846.164783,12.459891426672671,0.36444443464279175
1749234846.1981537,12.467419576387996,0.3704034686088562
1749234846.2316453,12.477620731511179,0.37555116415023804
1749234846.2653303,12.485220141546558,0.3830151855945587
1749234846.2987804,12.492788339039537,0.38877376914024353
1749234846.3321927,12.50013902970037,0.3942820131778717
1749234846.3655922,12.50778926165159,0.39915046095848083
1749234846.39904,12.51536705066148,0.40485236048698425
1749234846.432454,12.5230702845988,0.4089854061603546
1749234846.4658587,12.530931602542005,0.41499578952789307
1749234846.499227,12.538421278666362,0.42140722274780273
1749234846.5327466,12.548600168732442,0.4268589913845062
1749234846.5662026,12.556255419525353,0.43172532320022583
1749234846.599717,12.561331483446972,0.43716195225715637
1749234846.6331232,12.571664889156413,0.44533172249794006
1749234846.6665344,12.578772987682589,0.4507448971271515
1749234846.7000299,12.58688577073932,0.4561329185962677
1749234846.7334454,12.591420696463627,0.4599023759365082
1749234846.766921,12.599252684393866,0.4655560255050659
1749234846.800331,12.60686709916153,0.47099918127059937
1749234846.8337348,12.61444209625995,0.4767114818096161
1749234846.867389,12.62457003279101,0.4820421040058136
1749234846.9008107,12.63214059212241,0.4897337257862091
1749234846.9342358,12.639737259522915,0.49521735310554504
1749234846.9677181,12.647316663990578,0.5008358955383301
1749234847.0011349,12.654928716207664,0.5061672329902649
1749234847.034612,12.662769186884919,0.5120054483413696
1749234847.0680282,12.670095616688311,0.5175327062606812
1749234847.1014829,12.677690794351184,0.5232728719711304
1749234847.1348987,12.68502620627375,0.5290911197662354
1749234847.168331,12.692885811139929,0.5339484214782715
1749234847.2017438,12.700732973732393,0.5397651195526123
1749234847.2351792,12.708334581089561,0.5451995730400085
1749234847.2685602,12.715856216513789,0.55166095495224
1749234847.3019316,12.725706078614182,0.5589346885681152
1749234847.3353677,12.733355801164214,0.5635367035865784
1749234847.368772,12.74065333918112,0.569455623626709
1749234847.4022279,12.751045839432845,0.5765203833580017
1749234847.4356391,12.758486018322287,0.5816205739974976
1749234847.4690378,12.767366193566607,0.5885987877845764
1749234847.5024488,12.773753904201442,0.5930930972099304
1749234847.535848,12.781287250875485,0.5989366769790649
1749234847.569231,12.789147286638375,0.6041898727416992
1749234847.6026115,12.798894721881952,0.6109278202056885
1749234847.6360781,12.806499111545264,0.6163897514343262
1749234847.6695135,12.814158557418693,0.6226770877838135
1749234847.7029407,12.821720684673004,0.6285529136657715
1749234847.7363527,12.829211358865253,0.6348749399185181
1749234847.7699213,12.836821770913298,0.6401048898696899
1749234847.8033264,12.844373596303456,0.6457714438438416
1749234847.8367352,12.852025574361432,0.6504058241844177
1749234847.870169,12.859594109050112,0.6562057137489319
1749234847.9035785,12.867440810153228,0.6614075899124146
1749234847.9370508,12.874785496500474,0.666955828666687
1749234847.9704337,12.884646674867914,0.6746193766593933
1749234848.003849,12.892232099367755,0.6802279949188232
1749234848.0373483,12.900070422884927,0.6858200430870056
1749234848.0707874,12.907909508555157,0.6914089918136597
1749234848.1042025,12.915242383980988,0.6973790526390076
1749234848.1377177,12.922828537820894,0.7027865648269653
1749234848.171142,12.930415003571632,0.7081943154335022
1749234848.2045295,12.938759959386415,0.7137908935546875
1749234848.2380223,12.945336011324889,0.7193359732627869
1749234848.2714305,12.952899912981904,0.7249749302864075
1749234848.3049629,12.960795733026211,0.7299494743347168
1749234848.3384192,12.96838594886201,0.7354176044464111
1749234848.3718708,12.976229736865257,0.7411792278289795
1749234848.4052737,12.983314840349841,0.7469960451126099
1749234848.4387012,12.994466112565703,0.7539922595024109
1749234848.4723568,12.99927978719165,0.757685661315918
1749234848.5057569,13.006264665467793,0.764485776424408
1749234848.5391686,13.01353789381881,0.7701867818832397
1749234848.5727324,13.023636862253328,0.7776981592178345
1749234848.6061392,13.030697289187778,0.7883595824241638
1749234848.6395154,13.038525962926075,0.7942460179328918
1749234848.6730802,13.045856544569386,0.8028231859207153
1749234848.7064927,13.05322787121671,0.8095105290412903
1749234848.7400055,13.060912285590328,0.8177756071090698
1749234848.7736144,13.068622348419163,0.8236382603645325
1749234848.807302,13.078636641064028,0.8307426571846008
1749234848.8407373,13.085585463446272,0.8374296426773071
1749234848.874149,13.091613204734882,0.8464069366455078
1749234848.9078646,13.098420307648992,0.8529425859451294
1749234848.9412706,13.105047101971627,0.8634405136108398
1749234848.9749584,13.112749587032615,0.8698018789291382
1749234849.0083714,13.120177032889249,0.8783324360847473
1749234849.0417926,13.127880710426561,0.8871735334396362
1749234849.0752177,13.137337686570952,0.8943922519683838
1749234849.108675,13.14459640580371,0.9067972302436829
1749234849.1421552,13.151911580488498,0.9150628447532654
1749234849.1755538,13.158986404901746,0.9260393977165222
1749234849.2098162,13.167028415434931,0.9348791241645813
1749234849.2434306,13.173538189704367,0.9456782937049866
1749234849.2771015,13.180968766883709,0.9539737105369568
1749234849.3105278,13.188344189721127,0.9601282477378845
1749234849.3439243,13.19540518556352,0.9737903475761414
1749234849.377321,13.202889572921837,0.9795868992805481
1749234849.4106915,13.207894331648367,0.9875505566596985
1749234849.4440947,13.217812452701109,0.9958702325820923
1749234849.4775167,13.224892754467367,1.007781982421875
1749234849.510923,13.232967963308228,1.0148992538452148
1749234849.544352,13.240720729051544,1.024831771850586
1749234849.577782,13.247431690679282,1.0328127145767212
1749234849.6112287,13.255037794784753,1.0412758588790894
1749234849.6446323,13.262068361478335,1.048662781715393
1749234849.6780155,13.26971615933802,1.056822419166565
1749234849.7114146,13.279912427054269,1.062264323234558
1749234849.7448294,13.284556699377102,1.070104718208313
1749234849.778256,13.292194835651184,1.0775920152664185
1749234849.8117988,13.301911340830602,1.0869942903518677
1749234849.8452854,13.311858011369225,1.0961575508117676
1749234849.8787308,13.316600180493209,1.1039564609527588
1749234849.912139,13.32671736369505,1.1117111444473267
1749234849.9455569,13.33370766623268,1.123801350593567
1749234849.9789457,13.341587633116092,1.1304863691329956
1749234850.0123558,13.349377122116202,1.1374393701553345
1749234850.0457983,13.35670830558996,1.143459439277649
1749234850.0792522,13.364032161708018,1.1517114639282227
1749234850.112707,13.368950056872443,1.1569286584854126
1749234850.1497602,13.376373074896001,1.1642171144485474
1749234850.1835687,13.387134951032515,1.171653151512146
1749234850.217075,13.391426673195351,1.1771057844161987
1749234850.2504723,13.40128758708522,1.1848064661026
1749234850.2838902,13.40874522762142,1.1941238641738892
1749234850.317536,13.413771064836164,1.1982569694519043
1749234850.3511863,13.42370886896665,1.205628752708435
1749234850.3845983,13.43094185233848,1.2148269414901733
1749234850.418001,13.436226588802139,1.2186005115509033
1749234850.452065,13.443530492052965,1.2249248027801514
1749234850.4854739,13.451474185209085,1.2320950031280518
1749234850.5189803,13.46128429490748,1.2379432916641235
1749234850.552388,13.468809371722042,1.2440720796585083
1749234850.5858417,13.473859428401028,1.2496501207351685
1749234850.6192563,13.483896227501166,1.255421757698059
1749234850.6535952,13.48890056965987,1.2614959478378296
1749234850.6872642,13.498699820517551,1.2669585943222046
1749234850.7206829,13.506442245156741,1.2733582258224487
1749234850.754097,13.51148038739762,1.2787083387374878
1749234850.7875488,13.521539009500046,1.2858796119689941
1749234850.820946,13.52938663176219,1.2907793521881104
1749234850.8543622,13.536593999918637,1.2968342304229736
1749234850.887781,13.54430200107511,1.300420880317688
1749234850.921241,13.551600696945615,1.3050026893615723
1749234850.954714,13.559392752365467,1.3106685876846313
1749234850.988116,13.567325534054076,1.3147192001342773
1749234851.0226173,13.577552036840101,1.3199493885040283
1749234851.0560246,13.582447888025763,1.3244390487670898
1749234851.089516,13.590243344330291,1.328575849533081
1749234851.1229348,13.598272332447337,1.3337743282318115
1749234851.1567066,13.608985784016744,1.3383443355560303
1749234851.256806,13.62329032483161,1.3439606428146362
1749234851.290712,13.625500716153722,1.344649076461792
1749234851.324209,13.626451678412396,1.3451533317565918
1749234851.3577359,13.631679817476702,1.3478118181228638
1749234851.3911746,13.638903518372635,1.3510056734085083
1749234851.4245815,13.649000323940971,1.3545671701431274
1749234851.4580228,13.657869221333616,1.3589727878570557
1749234851.4914343,13.671912879491364,1.3624939918518066
1749234851.5248494,13.682014636477387,1.3681834936141968
1749234851.5582607,13.692885467490552,1.3728559017181396
1749234851.5917475,13.703472955885314,1.3757250308990479
1749234851.625217,13.71373946580662,1.380942702293396
1749234851.658669,13.725041005819069,1.3859175443649292
1749234851.6923585,13.735677458628555,1.389702558517456
1749234851.7257576,13.745931064532245,1.392846941947937
1749234851.7591667,13.756564414552141,1.3982555866241455
1749234851.7925804,13.763646586738561,1.4011343717575073
1749234851.8260686,13.777809123504564,1.4066271781921387
1749234851.8597286,13.788451158770133,1.4104206562042236
1749234851.8931456,13.798709566114987,1.4147833585739136
1749234851.9264927,13.80968662876573,1.4188501834869385
1749234851.9599168,13.820318803682433,1.4227887392044067
1749234851.9933727,13.830949843571034,1.4270927906036377
1749234852.0268114,13.841933806027725,1.430660605430603
1749234852.0602283,13.855736008024811,1.4349033832550049
1749234852.093972,13.866729807933329,1.439712643623352
1749234852.127379,13.8770013859911,1.4435489177703857
1749234852.1607695,13.887637357990524,1.447153091430664
1749234852.1941683,13.898612558719826,1.4511631727218628
1749234852.227594,13.908892333538812,1.454588770866394
1749234852.2611372,13.91953822352103,1.457864761352539
1749234852.29455,13.930521006942783,1.4615743160247803
1749234852.3279614,13.941521189936351,1.4645568132400513
1749234852.3614156,13.951439157171286,1.468078851699829
1749234852.3948202,13.962440613967155,1.4712188243865967
1749234852.4282255,13.976238699961902,1.476347804069519
1749234852.4626896,13.987243536560246,1.4791845083236694
1749234852.4961007,13.997560367221432,1.4812023639678955
1749234852.5295393,14.008167654870054,1.4847956895828247
1749234852.5633814,14.018439276063948,1.4877980947494507
1749234852.596849,14.029441765877221,1.4904197454452515
1749234852.632637,14.043640221615998,1.4927433729171753
1749234852.6660466,14.05426299289978,1.4973280429840088
1749234852.699454,14.064956657431349,1.4993289709091187
1749234852.7329276,14.079161184990419,1.5026878118515015
1749234852.766426,14.089856438780593,1.5045157670974731
1749234852.7998338,14.100512350895357,1.50825834274292
1749234852.8332732,14.107618744475035,1.5100703239440918
1749234852.8666825,14.121821597065912,1.5132030248641968
1749234852.9000869,14.132471158710453,1.5147929191589355
1749234852.9335313,14.14276807846479,1.5178583860397339
1749234852.9669354,14.153767682543256,1.520508885383606
1749234853.0003505,14.164775090551531,1.522523283958435
1749234853.0339894,14.178632079193934,1.5241594314575195
1749234853.0673892,14.18928514575521,1.5263477563858032
1749234853.100887,14.199936310433065,1.5282697677612305
1749234853.1343682,14.210593510356134,1.5303411483764648
1749234853.1677756,14.221248047894397,1.5322120189666748
1749234853.2011814,14.231558718001269,1.5335410833358765
1749234853.234705,14.242572653675845,1.53554368019104
1749234853.2681434,14.252874841313501,1.5375206470489502
1749234853.3015487,14.267821478873913,1.5387580394744873
1749234853.3349783,14.282040535455254,1.5402288436889648
1749234853.3684366,14.292699436363316,1.5417739152908325
1749234853.4017994,14.299809717497979,1.543475866317749
1749234853.4352553,14.310128228910163,1.5445854663848877
1749234853.4699605,14.320436855648424,1.545985460281372
1749234853.503358,14.331453700475711,1.5471364259719849
1749234853.5367665,14.34568301509616,1.5479243993759155
1749234853.57018,14.355986118300747,1.550121545791626
1749234853.6036384,14.367006651762235,1.5510984659194946
1749234853.6370478,14.37766386888672,1.5525352954864502
1749234853.6704488,14.384770242025043,1.5531814098358154
1749234853.7038815,14.395784083777368,1.5545462369918823
1749234853.7372897,14.406086837254877,1.5554152727127075
1749234853.7707326,14.416747905563081,1.5561811923980713
1749234853.804132,14.427406733052536,1.5571640729904175
1749234853.8375304,14.438064904417883,1.558152675628662
1749234853.8709295,14.448723223875502,1.5590527057647705
1749234853.9043853,14.459737864362673,1.5599205493927002
1749234853.9378498,14.470037707564154,1.5611201524734497
1749234853.9712589,14.480696734357643,1.5618669986724854
1749234854.0046933,14.494910402277359,1.5625667572021484
1749234854.038093,14.50947435305489,1.5636043548583984
1749234854.071501,14.516226360922914,1.5639561414718628
1749234854.1049387,14.526882056942503,1.5649746656417847
1749234854.1384797,14.541090015867503,1.565988540649414
1749234854.171889,14.55175148452828,1.5665040016174316
1749234854.2060897,14.562406911378854,1.5676305294036865
1749234854.2394905,14.573062843614672,1.5686559677124023
1749234854.2729342,14.583722834610679,1.569238543510437
1749234854.3063433,14.597937868654231,1.5693484544754028
1749234854.345259,14.609303627517972,1.5711925029754639
1749234854.3787296,14.61961482015572,1.5715411901474
1749234854.4121752,14.633478717667543,1.572986364364624
1749234854.446253,14.644152397025312,1.5730544328689575
1749234854.4796727,14.650908338056828,1.5735549926757812
1749234854.5131273,14.662639358020366,1.5741783380508423
1749234854.5465922,14.672942103325585,1.5753395557403564
1749234854.5802662,14.683246890439698,1.5753518342971802
1749234854.6136937,14.693552142634513,1.5759402513504028
1749234854.6471024,14.704566095710376,1.5774058103561401
1749234854.6805162,14.715238807104338,1.5776474475860596
1749234854.7147086,14.727990971980931,1.578158974647522
1749234854.748823,14.734236106208673,1.578912377357483
1749234854.78226,14.737654385618658,1.579370141029358
1749234854.815667,14.741678913796676,1.5791369676589966
1749234854.8494296,14.746533491099209,1.5793079137802124
1749234854.8828747,14.749149471686394,1.57926607131958
1749234854.9162924,14.753261895075479,1.5799415111541748
1749234854.9497042,14.756549491618495,1.579506278038025
1749234854.9831095,14.759816240234812,1.579448938369751
1749234855.0166285,14.763085117171189,1.5801539421081543
1749234855.0500863,14.766404746709588,1.5802295207977295
1749234855.083485,14.76946609893591,1.5794193744659424
1749234855.1169322,14.772654436610312,1.579943060874939
1749234855.1503325,14.775845467878193,1.5800621509552002
1749234855.1836927,14.780317508748379,1.5797847509384155
1749234855.2171094,14.78224301830563,1.5793136358261108
1749234855.2505255,14.785556839175374,1.579707384109497
1749234855.2838972,14.789812039213524,1.579261302947998
1749234855.3173099,14.792880943718961,1.577860713005066
1749234855.3509328,14.796084909092224,1.5782703161239624
1749234855.3843362,14.79930281899283,1.5774551630020142
1749234855.417738,14.802552041572998,1.5781002044677734
1749234855.451154,14.804711420195048,1.5774489641189575
1749234855.484656,14.808359799222274,1.5770292282104492
1749234855.5181832,14.812263316586764,1.577202320098877
1749234855.551595,14.816192326441849,1.577172875404358
1749234855.585024,14.820294924979311,1.576371669769287
1749234855.6184711,14.824274870564581,1.5764222145080566
1749234855.6518874,14.828482611301022,1.5747593641281128
1749234855.6852846,14.831186617821178,1.5745668411254883
1749234855.718745,14.835192867431235,1.5740078687667847
1749234855.7521508,14.839133805574166,1.5733290910720825
1749234855.785554,14.842999004898008,1.5717746019363403
1749234855.8189619,14.846807501736679,1.570496678352356
1749234855.8523853,14.850474732733492,1.5699737071990967
1749234855.8858387,14.854329446797179,1.569283366203308
1749234855.9192622,14.856662953043557,1.5699610710144043
1749234855.952747,14.861824864849275,1.5688985586166382
1749234855.9861896,14.865256536796812,1.5694197416305542
1749234856.01965,14.868940055611775,1.5680203437805176
1749234856.0530636,14.8724324103285,1.567300796508789
1749234856.086465,14.87586900040792,1.567397117614746
1749234856.119954,14.879202513298091,1.5659699440002441
1749234856.153357,14.882480842792367,1.565541386604309
1749234856.1867979,14.885716909062065,1.565350890159607
1749234856.2201943,14.889003811911905,1.5653928518295288
1749234856.253609,14.893627654155308,1.564314842224121
1749234856.2872016,14.896043454310215,1.5632095336914062
1749234856.3206174,14.899247234189973,1.562476634979248
1749234856.3540342,14.902102851689696,1.5620287656784058
1749234856.3875728,14.90481768462461,1.5616040229797363
1749234856.420929,14.907672182815872,1.5608117580413818
1749234856.4543653,14.910576439471733,1.5602014064788818
1749234856.4877734,14.913345201081004,1.5595625638961792
1749234856.5211701,14.91607888832676,1.5586079359054565
1749234856.5545814,14.919775285056433,1.5584083795547485
1749234856.5880108,14.921440087753737,1.558248519897461
1749234856.6214464,14.9241061177198,1.5576010942459106
1749234856.6548467,14.926555691193576,1.5565297603607178
1749234856.688251,14.929077571498757,1.5567518472671509
1749234856.7216427,14.931471334616258,1.556236743927002
1749234856.7550857,14.93399901097086,1.5555585622787476
1749234856.7886152,14.935610916315046,1.5558860301971436
1749234856.822029,14.937834954511779,1.5546996593475342
1749234856.8554058,14.94022364062669,1.5542794466018677
1749234856.8888154,14.942533941966257,1.5536562204360962
1749234856.922223,14.944823459624011,1.5536624193191528
1749234856.9556208,14.947088738131697,1.552632212638855
1749234856.9890146,14.949333594005434,1.5525215864181519
1749234857.0224226,14.951524320006795,1.5523502826690674
1749234857.0558307,14.95365126209902,1.5518189668655396
1749234857.0892355,14.95634324512698,1.5504834651947021
1749234857.1226428,14.958472384733192,1.5509077310562134
1749234857.156922,14.960388945966871,1.5497949123382568
1749234857.1903346,14.96236979884978,1.5489952564239502
1749234857.2237222,14.964334295640542,1.5487477779388428
1749234857.2571743,14.966328747850827,1.5479097366333008
1749234857.2905767,14.968241848097126,1.5476776361465454
1749234857.3239975,14.970004848857828,1.5475225448608398
1749234857.3574133,14.97193363661259,1.546675205230713
1749234857.3908238,14.973845825926896,1.5472486019134521
1749234857.4242308,14.975719056036592,1.54637610912323
1749234857.457651,14.977517704164065,1.5462133884429932
1749234857.491096,14.979276291711132,1.5462294816970825
1749234857.5245159,14.981039161415485,1.5468807220458984
1749234857.5580451,14.982770803104987,1.5460102558135986
1749234857.5915008,14.98444175567943,1.5464842319488525
1749234857.6249306,14.986160521141619,1.5457063913345337
1749234857.658343,14.987894038602052,1.5458747148513794
1749234857.691763,14.989509622286171,1.5458744764328003
1749234857.7252042,14.991082248525831,1.5458552837371826
1749234857.7586298,14.99262020611039,1.5461703538894653
1749234857.7920392,14.994269513873164,1.5458835363388062
1749234857.8254395,14.995687289673908,1.5464004278182983
1749234857.8591294,14.997126298484057,1.5461069345474243
1749234857.8925354,14.998569826058864,1.546141505241394
1749234857.9259322,15.000032713130938,1.546053171157837
1749234857.9592996,15.001423409391194,1.5460950136184692
1749234857.9927213,15.002335688124012,1.5462504625320435
1749234858.0261743,15.004077887192208,1.546108365058899
1749234858.0595725,15.005445601778463,1.5462309122085571
1749234858.092984,15.00636316889033,1.5462130308151245
1749234858.1264057,15.007603990679204,1.5461636781692505
1749234858.1598163,15.008867559681843,1.5461620092391968
1749234858.1932275,15.010147551228112,1.546175241470337
1749234858.2266405,15.011696952575479,1.5461372137069702
1749234858.2600577,15.012966667728369,1.5461326837539673
1749234858.2934706,15.01410247285291,1.5461140871047974
1749234858.3268754,15.01525969490852,1.5460867881774902
1749234858.3602839,15.01636019840489,1.5460772514343262
1749234858.3936343,15.017521184777978,1.5460726022720337
1749234858.4270322,15.018696566918969,1.5460456609725952
1749234858.4604218,15.019350005591598,1.5460381507873535
1749234858.4938962,15.020495341050514,1.5460220575332642
1749234858.52732,15.02182663587937,1.5460095405578613
1749234858.5607035,15.022858868708884,1.5459975004196167
1749234858.5941422,15.023875841095224,1.5459896326065063
1749234858.6276104,15.024544599091088,1.5459798574447632
1749234858.6610377,15.025533907087844,1.5459694862365723
1749234858.6944401,15.026797006484527,1.5459564924240112
1749234858.7278378,15.027783917849476,1.5459449291229248
1749234858.7612176,15.028723625488471,1.5459359884262085
1749234858.7946255,15.029648055289316,1.545925259590149
1749234858.8280344,15.030678852799177,1.5459177494049072
1749234858.8617225,15.031512664369323,1.5459060668945312
1749234858.8951247,15.032305438912951,1.545898675918579
1749234858.928526,15.033459799106152,1.5458852052688599
1749234858.9619281,15.03433842528471,1.545876145362854
1749234858.995331,15.035148384854972,1.5458691120147705
1749234859.028735,15.035726967299661,1.5458630323410034
1749234859.062157,15.036836502846258,1.545852541923523
1749234859.0955641,15.037605913696847,1.5458457469940186
1749234859.128935,15.038391061152556,1.5458332300186157
1749234859.162408,15.039164280365178,1.5458277463912964
1749234859.1958516,15.039814430638039,1.5458227396011353
1749234859.2292566,15.040101112355194,1.5458197593688965
1749234859.262816,15.040336286912648,1.5458142757415771
1749234859.2962277,15.04049800707779,1.5458124876022339
1749234859.330887,15.04053854238258,1.5458126068115234
1749234859.3643513,15.040582466610536,1.545811653137207
1749234859.3977613,15.040598764263285,1.545809268951416
1749234859.4311686,15.040608322482026,1.5458085536956787
1749234859.4647694,15.04061534836431,1.5458102226257324
1749234859.4981742,15.040617868033902,1.545807123184204
1749234859.531576,15.040620653757944,1.54580819606781
1749234859.5651362,15.04062338581059,1.5458060503005981
1749234859.598506,15.040625118276735,1.5458056926727295
1749234859.631969,15.040627013773182,1.5458072423934937
1749234859.665378,15.04062840361509,1.5458037853240967
1749234859.6988761,15.040630451830824,1.5458064079284668
1749234859.7323287,15.040630956115791,1.5458036661148071
1749234859.7658563,15.040632397495981,1.5458033084869385
1749234859.79929,15.040633575713121,1.5458022356033325
1749234859.8326936,15.040635695017857,1.545803189277649
1749234859.866102,15.040637451572652,1.545802116394043
1749234859.899508,15.040639819544737,1.5458004474639893
1749234859.9329116,15.040641141378007,1.5457998514175415
1749234859.9663548,15.040642405564009,1.5457998514175415
1749234859.9997663,15.040643324980982,1.5458003282546997
1749234860.0331688,15.040644847560792,1.5457990169525146
1749234860.066575,15.040645819931155,1.5458000898361206
1749234860.100041,15.040647584894165,1.5457983016967773
1749234860.1334448,15.040649701569432,1.5457968711853027
1749234860.1668513,15.04065163471888,1.5457968711853027
1749234860.2002714,15.040652151153326,1.5457985401153564
1749234860.2336693,15.0406544167508,1.5457955598831177
1749234860.2671015,15.040655658792629,1.5457963943481445
1749234860.3005545,15.040656654315928,1.5457944869995117
1749234860.3339546,15.040658448567134,1.545794129371643
1749234860.3673656,15.040659930235819,1.5457955598831177
1749234860.4008262,15.040661602744366,1.5457921028137207
1749234860.4342368,15.040663813914401,1.5457940101623535
1749234860.4676757,15.040664663308027,1.5457913875579834
1749234860.5011237,15.040666291070332,1.5457911491394043
1749234860.5346017,15.040667749626339,1.545790672302246
1749234860.5680568,15.04067004601763,1.5457910299301147
1749234860.6014714,15.040671383592263,1.545790672302246
1749234860.6348681,15.040673015867284,1.545790433883667
1749234860.6683512,15.040673921571528,1.545788288116455
1749234860.7017524,15.040675429545042,1.5457879304885864
1749234860.7351587,15.040676630703459,1.5457888841629028
1749234860.7685995,15.04067966255496,1.5457862615585327
1749234860.8019981,15.040680407633289,1.5457876920700073
1749234860.835409,15.040682644248587,1.545785903930664
1749234860.868839,15.04068369274273,1.5457857847213745
1749234860.9022298,15.04068625121061,1.545784592628479
1749234860.935638,15.040687058818019,1.545785903930664
1749234860.9690514,15.04068865049481,1.5457855463027954
1749234861.0024614,15.040690339193711,1.5457836389541626
1749234861.035953,15.040692452988996,1.5457823276519775
1749234861.0693629,15.040693436047674,1.5457814931869507
1749234861.1028144,15.040695070695287,1.5457839965820312
1749234861.1362915,15.040696909732736,1.5457799434661865
1749234861.1696975,15.040699299425535,1.5457825660705566
1749234861.2031085,15.040700225373303,1.545779824256897
1749234861.236515,15.04070187453254,1.5457794666290283
1749234861.2701945,15.040703244838877,1.545780897140503
1749234861.3036938,15.040703802545803,1.545777440071106
1749234861.3371198,15.040705546516628,1.5457793474197388
1749234861.3705838,15.040706724821067,1.5457777976989746
1749234861.4039872,15.040707837803962,1.5457769632339478
1749234861.437422,15.04070955165994,1.5457763671875
1749234861.4708312,15.040710586158301,1.5457777976989746
1749234861.504233,15.040712210550613,1.5457745790481567
1749234861.5376365,15.040713815981466,1.5457758903503418
1749234861.571059,15.040715646780395,1.5457744598388672
1749234861.6045587,15.040716997832401,1.5457741022109985
1749234861.6379707,15.040718493055607,1.5457731485366821
1749234861.6713836,15.040720038783181,1.545773983001709
1749234861.704817,15.040722034401515,1.5457733869552612
1749234861.7382152,15.040723236465753,1.545771598815918
1749234861.7716649,15.040724807881988,1.5457706451416016
1749234861.805023,15.040726463325289,1.5457698106765747
1749234861.8387067,15.040727765014863,1.5457727909088135
1749234861.8722353,15.040729645961232,1.5457684993743896
1749234861.9056501,15.040731439410933,1.5457710027694702
1749234861.9390635,15.040733306618984,1.545767903327942
1749234861.972627,15.040734919686624,1.5457684993743896
1749234862.0060377,15.04073643537023,1.5457674264907837
1749234862.0394514,15.040738502988923,1.5457669496536255
1749234862.0728922,15.04073990896655,1.5457662343978882
1749234862.106298,15.040741635715179,1.5457675457000732
1749234862.1396956,15.040742652050493,1.5457652807235718
1749234862.1730955,15.040745031076128,1.5457649230957031
1749234862.206503,15.040944152693623,1.5449029207229614
1749234862.239857,15.044856208919077,1.5468677282333374
1749234862.27326,15.049894891161658,1.5519721508026123
1749234862.3066745,15.055741181076485,1.5564805269241333
1749234862.3400755,15.062995866476449,1.5613715648651123
1749234862.3737419,15.069965384839996,1.5656726360321045
1749234862.407147,15.077317651963082,1.5714757442474365
1749234862.4405544,15.084705992520956,1.5768040418624878
1749234862.47406,15.092471246538215,1.5834980010986328
1749234862.5076215,15.100438212111268,1.5882450342178345
1749234862.5410602,15.10778367636516,1.5947797298431396
1749234862.5744636,15.115474509336893,1.5999590158462524
1749234862.6079478,15.125654159489816,1.606013298034668
1749234862.6414094,15.133633729376644,1.6124372482299805
1749234862.6748424,15.1435435172609,1.6182441711425781
1749234862.7082398,15.15116912560794,1.6258448362350464
1749234862.741903,15.158705034556473,1.6319994926452637
1749234862.7753422,15.164106601582306,1.635118007659912
1749234862.8092122,15.174154012721202,1.64329993724823
1749234862.8425608,15.181768653726298,1.6487102508544922
1749234862.8761127,15.189100072892655,1.6543675661087036
1749234862.9095137,15.19669132156451,1.6599255800247192
1749234862.9429357,15.204301401599142,1.6652576923370361
1749234862.9763482,15.211880402996423,1.6709375381469727
1749234863.0097613,15.219473285524906,1.676696538925171
1749234863.0433576,15.229591423310662,1.6821730136871338
1749234863.0767634,15.237185097328593,1.6896839141845703
1749234863.1101348,15.244779482290962,1.6934404373168945
1749234863.1435378,15.252120437007854,1.6988967657089233
1749234863.176947,15.257436531005524,1.7047199010849
1749234863.210302,15.265031805735822,1.7105469703674316
1749234863.243752,15.275158385881365,1.717878818511963
1749234863.2771504,15.280222132533885,1.7216347455978394
1749234863.3105547,15.288069963788317,1.7272744178771973
1749234863.343954,15.295412350806576,1.7329117059707642
1749234863.3773558,15.303008441646291,1.7385517358779907
1749234863.4107351,15.310603769834554,1.7443821430206299
1749234863.4441206,15.32073120469299,1.749833106994629
1749234863.4775276,15.32832660339443,1.7573533058166504
1749234863.510872,15.335921986582848,1.7629926204681396
1749234863.5443642,15.343267733308718,1.7686117887496948
1749234863.577849,15.35186006525829,1.7742880582809448
1749234863.6113017,15.3587282136926,1.7794321775436401
1749234863.6446576,15.366280319964435,1.7854582071304321
1749234863.6780717,15.373873658050954,1.7906440496444702
1749234863.7115686,15.383966986513991,1.7984133958816528
1749234863.7466996,15.391664737697717,1.8029698133468628
1749234863.7803774,15.39941576501776,1.8092797994613647
1749234863.8138165,15.411840905362295,1.8162739276885986
1749234863.8472126,15.4169099825808,1.821754813194275
1749234863.8806357,15.424402098286697,1.828753113746643
1749234863.9140635,15.434307303389499,1.8335849046707153
1749234863.947482,15.442116991602841,1.841478943824768
1749234863.980883,15.449693111004994,1.8470228910446167
1749234864.0143332,15.457262920034747,1.8526872396469116
1749234864.0477834,15.467303876024204,1.8603756427764893
1749234864.0813498,15.472102247305525,1.8642083406448364
1749234864.1149046,15.482170034396068,1.8697891235351562
1749234864.1483345,15.489975821213912,1.8778095245361328
1749234864.1818368,15.497544064548968,1.881370186805725
1749234864.2152407,15.504873573633189,1.886653184890747
1749234864.2486541,15.51268869507136,1.894456148147583
1749234864.2820632,15.52000501427603,1.900152325630188
1749234864.3154702,15.528082119079215,1.9058541059494019
1749234864.348887,15.535391709138993,1.9114105701446533
1749234864.3824177,15.543022345727957,1.9165452718734741
1749234864.4158177,15.550596054740836,1.9221727848052979
1749234864.4492228,15.560451530174376,1.9274235963821411
1749234864.4826412,15.568278769573585,1.9332480430603027
1749234864.5161643,15.57561054474083,1.9411780834197998
1749234864.5496352,15.583175697598806,1.946427345275879
1749234864.5832944,15.591073128375617,1.9494895935058594
1749234864.616735,15.598384190515633,1.9571503400802612
1749234864.6501775,15.606500448273776,1.9625203609466553
1749234864.683899,15.614092507060128,1.9680043458938599
1749234864.7173455,15.6211906172714,1.9737489223480225
1749234864.7509058,15.62928352015765,1.9778434038162231
1749234864.7843084,15.63662994966108,1.9849706888198853
1749234864.8177588,15.64400260674105,1.9900645017623901
1749234864.8511925,15.651833976713386,1.9959536790847778
1749234864.8846052,15.66254056317095,2.000878095626831
1749234864.9180098,15.667036269199466,2.006645679473877
1749234864.9514246,15.674646964181226,2.011859178543091
1749234864.9848318,15.682316555198526,2.0166544914245605
1749234865.01824,15.690666226798948,2.0225579738616943
1749234865.0516813,15.6975431307915,2.027585029602051
1749234865.085081,15.705223612887718,2.0324325561523438
1749234865.1185324,15.71287164854776,2.037999153137207
1749234865.1519294,15.720201311411962,2.044100761413574
1749234865.185409,15.73070149089469,2.04872727394104
1749234865.2188106,15.735756052075441,2.054713487625122
1749234865.2522504,15.7434914731296,2.059244394302368
1749234865.2862344,15.750913295454854,2.0647084712982178
1749234865.3196578,15.759071304206556,2.0705902576446533
1749234865.3530598,15.766478967439594,2.07589054107666
1749234865.386465,15.773789448680942,2.082366943359375
1749234865.4199464,15.779135099629698,2.085357427597046
1749234865.453355,15.78676596917077,2.091815948486328
1749234865.4868126,15.79431998565597,2.0976405143737793
1749234865.5202715,15.801917190465877,2.1034021377563477
1749234865.5536785,15.809480216967282,2.1091597080230713
1749234865.5871012,15.817101939760033,2.1140568256378174
1749234865.6205406,15.824701052064274,2.1196486949920654
1749234865.6539412,15.832292170236629,2.12467622756958
1749234865.6875262,15.839755842045436,2.1317574977874756
1749234865.720948,15.849519665627788,2.1398768424987793
1749234865.754437,15.857357007098699,2.1454241275787354
1749234865.7878425,15.86223082801836,2.150322914123535
1749234865.8212519,15.86975998129965,2.1554582118988037
1749234865.8546555,15.87721986290677,2.162205934524536
1749234865.8880672,15.884282513305585,2.1689765453338623
1749234865.9214802,15.892143884202106,2.173961877822876
1749234865.9548855,15.899476091927955,2.181452989578247
1749234865.9883351,15.906994261569265,2.187424421310425
1749234866.021788,15.914390450012055,2.1949918270111084
1749234866.0551865,15.9219490787102,2.2010765075683594
1749234866.0886343,15.929519298587516,2.209181785583496
1749234866.122036,15.936903012146558,2.2166104316711426
1749234866.1554556,15.943894864371389,2.2232582569122314
1749234866.1889007,15.951507039754754,2.2311081886291504
1749234866.2230408,15.96146607803791,2.2381162643432617
1749234866.2564514,15.968767616878827,2.249256134033203
1749234866.2905948,15.973879807742778,2.2551443576812744
1749234866.32439,15.984506327058503,2.2655622959136963
1749234866.3580425,15.990772391024933,2.2703521251678467
1749234866.391467,15.995731253913771,2.278393268585205
1749234866.4248803,16.0038432169397,2.286452531814575
1749234866.4587076,16.01089572232285,2.2933497428894043
1749234866.4921482,16.018220588421862,2.3024487495422363
1749234866.5255508,16.025528733632516,2.310577154159546
1749234866.5589511,16.03301201450822,2.3181774616241455
1749234866.5924187,16.040232033709984,2.327523946762085
1749234866.625876,16.045221636726932,2.3323004245758057
1749234866.6593637,16.055168812781247,2.344841957092285
1749234866.6927674,16.06222686084544,2.3530945777893066
1749234866.7262208,16.07017884125391,2.3599624633789062
1749234866.7596312,16.07747532786088,2.3669915199279785
1749234866.7934976,16.085617534446527,2.37534236907959
1749234866.8269322,16.094524685461003,2.383207082748413
1749234866.8603415,16.102557776025744,2.390496015548706
1749234866.8937645,16.106886768971297,2.3997578620910645
1749234866.9272509,16.11441293917082,2.4077579975128174
1749234866.960653,16.121644928514634,2.4151017665863037
1749234866.9940062,16.129618479256493,2.4227235317230225
1749234867.027459,16.136866203959833,2.4294955730438232
1749234867.0608869,16.14400262107238,2.4374501705169678
1749234867.0942807,16.154383168625916,2.442911386489868
1749234867.1276813,16.16169110658533,2.4503941535949707
1749234867.161094,16.166270867252805,2.4605681896209717
1749234867.1945655,16.17384789045051,2.470280408859253
1749234867.227972,16.18328748786228,2.477998971939087
1749234867.2630599,16.190848874394952,2.486646890640259
1749234867.296466,16.198315935481528,2.4943838119506836
1749234867.3323407,16.205681039446628,2.50396728515625
1749234867.36586,16.21287590656758,2.51302433013916
1749234867.3992734,16.22039661394278,2.5198748111724854
1749234867.432676,16.227793789305757,2.5287280082702637
1749234867.4662638,16.237443424466495,2.5366625785827637
1749234867.4998286,16.244992891248955,2.5465924739837646
1749234867.533231,16.25258521078249,2.5549895763397217
1749234867.5669727,16.259934883603144,2.5636606216430664
1749234867.6003737,16.267405122308954,2.5711820125579834
1749234867.6347094,16.27475827216072,2.5805470943450928
1749234867.6681237,16.282127149909588,2.5892560482025146
1749234867.7015386,16.289353497378762,2.5972628593444824
1749234867.7349222,16.297081418613587,2.6052441596984863
1749234867.7683306,16.30467452209557,2.613948345184326
1749234867.8017519,16.31181983029108,2.6227452754974365
1749234867.8352919,16.321785993656878,2.630633592605591
1749234867.8687885,16.32666578477078,2.639906644821167
1749234867.90229,16.33415004924239,2.6470556259155273
1749234867.935756,16.341540844744816,2.655876874923706
1749234867.9691598,16.349101014733844,2.6628599166870117
1749234868.0055776,16.356385298215216,2.6722412109375
1749234868.0389855,16.36641242784704,2.682570457458496
1749234868.0732234,16.376909533382165,2.6909940242767334
1749234868.1094723,16.38082793232873,2.6985480785369873
1749234868.142949,16.388510195194375,2.703533172607422
1749234868.176422,16.395990350399465,2.713597059249878
1749234868.2098885,16.403456709385075,2.7208681106567383
1749234868.2432942,16.41056842277951,2.729074478149414
1749234868.276706,16.418387827174136,2.7357733249664307
1749234868.310125,16.425768530535475,2.743961811065674
1749234868.3434987,16.433326650675927,2.7502622604370117
1749234868.3769438,16.44050925952299,2.7582950592041016
1749234868.410355,16.44825824674088,2.764716148376465
1749234868.4437778,16.4558229006858,2.771097421646118
1749234868.4771745,16.46327733388932,2.7782137393951416
1749234868.510577,16.47053509776235,2.7847087383270264
1749234868.5440383,16.478449412985853,2.7925162315368652
1749234868.5774417,16.485722394165432,2.798802375793457
1749234868.6108482,16.493293426796356,2.80275559425354
1749234868.64426,16.50082583823065,2.811051368713379
1749234868.6777472,16.508070629893624,2.8175742626190186
1749234868.7112415,16.51580788337226,2.824315071105957
1749234868.7446501,16.525961005292906,2.8311901092529297
1749234868.778129,16.533519630958143,2.837003231048584
1749234868.811534,16.54096163692941,2.843409538269043
1749234868.8449333,16.548553870509334,2.8470613956451416
1749234868.8784025,16.55625464865862,2.8522071838378906
1749234868.9118133,16.56362355421728,2.858959436416626
1749234868.945276,16.571126832090425,2.864535331726074
1749234868.9786768,16.578487221519335,2.869744062423706
1749234869.0125222,16.586242011306314,2.8731226921081543
1749234869.0459683,16.59415003389557,2.877981424331665
1749234869.0794291,16.601424249375352,2.8841590881347656
1749234869.112828,16.609441398049686,2.887826919555664
1749234869.1462376,16.61974058711174,2.892761468887329
1749234869.1797814,16.627468654390963,2.8993136882781982
1749234869.2131813,16.636375868642123,2.9032866954803467
1749234869.2466557,16.64415319880824,2.9081649780273438
1749234869.2801251,16.65071739474103,2.910892963409424
1749234869.313538,16.65621343450398,2.9161059856414795
1749234869.3469496,16.66705350830956,2.920689344406128
1749234869.3804111,16.674825752030014,2.925260543823242
1749234869.4138196,16.68314274824477,2.9292049407958984
1749234869.447219,16.690982666186972,2.9321088790893555
1749234869.4806771,16.699066440544616,2.9355552196502686
1749234869.514077,16.707184006639356,2.9380083084106445
1749234869.5474763,16.715278261454586,2.9417624473571777
1749234869.5808775,16.723919416009615,2.9447391033172607
1749234869.6143157,16.731467967766136,2.9480578899383545
1749234869.6477368,16.741979868184362,2.9510157108306885
1749234869.6811004,16.750331276534112,2.9552993774414062
1749234869.7146437,16.758672637899508,2.95859956741333
1749234869.7480402,16.76621579128421,2.9616892337799072
1749234869.7814462,16.774833220621588,2.9648361206054688
1749234869.8151238,16.78263848418573,2.9680612087249756
1749234869.848527,16.79072336369518,2.9699251651763916
1749234869.8819296,16.79852617915786,2.974127769470215
1749234869.9153326,16.807132978296185,2.9773447513580322
1749234869.9487274,16.81494080719087,2.980419158935547
1749234869.98215,16.823277181272335,2.9836783409118652
1749234870.0157068,16.83189216709678,2.9866366386413574
1749234870.0491126,16.839169344340494,2.989431619644165
1749234870.0824926,16.848040404533688,2.9926846027374268
1749234870.1158917,16.855309092746314,2.9954357147216797
1749234870.149333,16.863392235431313,2.9982426166534424
1749234870.1828203,16.87144998851689,3.0005507469177246
1749234870.2163649,16.879516308722533,3.00459885597229
1749234870.2497625,16.887620575616076,3.0068247318267822
1749234870.2831671,16.895672962094764,3.0101191997528076
1749234870.31768,16.903752251383033,3.0130069255828857
1749234870.3510847,16.91156650542684,3.015418529510498
1749234870.3845687,16.922625806666833,3.017775058746338
1749234870.4179792,16.92801465697358,3.0203888416290283
1749234870.451388,16.938798756689277,3.022576332092285
1749234870.4847922,16.944172211885917,3.025897979736328
1749234870.5182085,16.952533822646608,3.0280468463897705
1749234870.5517223,16.96036670315906,3.0301272869110107
1749234870.585157,16.968710064753694,3.0330824851989746
1749234870.6186001,16.97626372565163,3.0353786945343018
1749234870.6519966,16.984366781954883,3.0374157428741455
1749234870.6856036,16.995696561696032,3.0404787063598633
1749234870.71909,17.002526231236967,3.0417215824127197
1749234870.752502,17.006148292139347,3.044038772583008
1749234870.7859023,17.01075051935888,3.045064926147461
1749234870.8193114,17.01471292710244,3.0456531047821045
1749234870.852771,17.019451657825,3.046945095062256
1749234870.8862338,17.02271806355512,3.0482888221740723
1749234870.919631,17.02625898403047,3.0488333702087402
1749234870.9530354,17.029409082641564,3.049428939819336
1749234870.9864595,17.03264563517975,3.050401449203491
1749234871.01994,17.035742273342503,3.0513737201690674
1749234871.05336,17.039064675877274,3.0517423152923584
1749234871.0867708,17.04323342951498,3.052889347076416
1749234871.120211,17.045700934248757,3.053138017654419
1749234871.1536117,17.04869326266865,3.0533525943756104
1749234871.1870582,17.052980879203755,3.053314447402954
1749234871.2204833,17.056301703370522,3.0545077323913574
1749234871.2538803,17.06048522154445,3.054896354675293
1749234871.2873409,17.06371169268181,3.0547521114349365
1749234871.320832,17.06693844457045,3.0556769371032715
1749234871.3542364,17.070182991249148,3.055349826812744
1749234871.3876438,17.073316456581527,3.056102991104126
1749234871.4210918,17.07565865749844,3.0563912391662598
1749234871.4545133,17.079781861503374,3.0553388595581055
1749234871.4879532,17.08365551945995,3.0553441047668457
1749234871.521367,17.087108266669667,3.0558042526245117
1749234871.5548046,17.090260483899073,3.056086540222168
1749234871.5883086,17.09336777949719,3.0547637939453125
1749234871.6217318,17.09637722491539,3.054503917694092
1749234871.6551366,17.099971910681553,3.0533406734466553
1749234871.6888049,17.103567017916827,3.0539321899414062
1749234871.7222126,17.107103017183505,3.0523717403411865
1749234871.7556293,17.11162041647472,3.0514488220214844
1749234871.7890387,17.11501138072061,3.0505497455596924
1749234871.8224456,17.119499406611464,3.0502192974090576
1749234871.8558276,17.121538351917756,3.049423933029175
1749234871.8892562,17.12478318828769,3.0495800971984863
1749234871.922663,17.127791295929978,3.047786235809326
1749234871.9560704,17.131769839902056,3.048570156097412
1749234871.9894667,17.133954372579588,3.0471436977386475
1749234872.022956,17.13681813416344,3.046602725982666
1749234872.0564153,17.139736644214285,3.0468735694885254
1749234872.089819,17.14258801004498,3.0459702014923096
1749234872.1233454,17.145402913701158,3.0456559658050537
1749234872.1567593,17.148169163971083,3.045064926147461
1749234872.1914632,17.150935044393652,3.0435686111450195
1749234872.2248697,17.153708609736704,3.043355703353882
1749234872.2582684,17.15617659395262,3.0430359840393066
1749234872.292201,17.158776915384315,3.0424885749816895
1749234872.3257217,17.16209775274458,3.04097056388855
1749234872.3591917,17.164604488618036,3.041060447692871
1749234872.3927598,17.167044141769562,3.0402274131774902
1749234872.4261663,17.169515672717868,3.0390045642852783
1749234872.4595764,17.172613008676553,3.038769006729126
1749234872.4929981,17.174943864150865,3.0379130840301514
1749234872.5264072,17.177968046587598,3.0385189056396484
1749234872.55977,17.18033726969876,3.038315773010254
1749234872.5931497,17.18288219801232,3.037501096725464
1749234872.6265433,17.184856439225676,3.0374951362609863
1749234872.6599767,17.186924416669203,3.0384652614593506
1749234872.6933763,17.18903998912871,3.0375514030456543
1749234872.726901,17.19111415147589,3.037992238998413
1749234872.7603061,17.19309995918544,3.0398175716400146
1749234872.793816,17.19551653902145,3.038754940032959
1749234872.8273082,17.197435581761912,3.038540840148926
1749234872.860711,17.19872294268506,3.0384361743927
1749234872.8941174,17.200652200779597,3.0389044284820557
1749234872.9275308,17.203214157760183,3.0386857986450195
1749234872.9610271,17.20516327006211,3.0395498275756836
1749234872.9944365,17.206387479791125,3.0389564037323
1749234873.0278466,17.208343952126445,3.038982391357422
1749234873.0614076,17.210207132701914,3.0397918224334717
1749234873.0947955,17.211955586704164,3.0383152961730957
1749234873.1281917,17.21364911321272,3.038691997528076
1749234873.1615496,17.21545877071137,3.0376431941986084
1749234873.1949623,17.217162364802487,3.038017511367798
1749234873.2289717,17.218846750395244,3.0384411811828613
1749234873.2624133,17.220461629537436,3.03775954246521
1749234873.2958534,17.222089124535547,3.0379040241241455
1749234873.329245,17.22412287553154,3.037576913833618
1749234873.3626716,17.22525179117052,3.0379281044006348
1749234873.396307,17.226722062347143,3.0383353233337402
1749234873.4297898,17.228228620879225,3.037924289703369
1749234873.463202,17.22970609993222,3.038053274154663
1749234873.4966815,17.23164608676468,3.0383238792419434
1749234873.5301723,17.232645523594442,3.0377578735351562
1749234873.56357,17.233973999684945,3.0380160808563232
1749234873.6000886,17.235967267477328,3.0373833179473877
1749234873.6335013,17.237436187108923,3.038968086242676
1749234873.666921,17.23887366973541,3.0379762649536133
1749234873.7003899,17.240319569166143,3.0389046669006348
1749234873.7338178,17.241725950404895,3.038111925125122
1749234873.7671797,17.243361749990257,3.0384421348571777
1749234873.8006196,17.24449151257178,3.037717819213867
1749234873.8340006,17.246216369884795,3.037588596343994
1749234873.86741,17.24743805442497,3.0376155376434326
1749234873.9021227,17.248611405426953,3.0370748043060303
1749234873.9356117,17.25010963315579,3.03700852394104
1749234873.9690268,17.251305458508273,3.037367582321167
1749234874.00262,17.25244194200879,3.037332773208618
1749234874.0360343,17.254018886366115,3.036785364151001
1749234874.0694914,17.25509446104287,3.0373196601867676
1749234874.1029067,17.25618494660029,3.036226987838745
1749234874.1363416,17.257347094825402,3.0364911556243896
1749234874.1697402,17.25873017384528,3.0366806983947754
1749234874.203153,17.259788525030284,3.0358893871307373
1749234874.2367132,17.260798511826135,3.0360286235809326
1749234874.2706935,17.26211079493643,3.03542160987854
1749234874.304092,17.26276357197701,3.0359418392181396
1749234874.3374832,17.263413458188445,3.035885810852051
1749234874.3708973,17.264362932800903,3.035493850708008
1749234874.4042993,17.2653130971022,3.035872459411621
1749234874.4377453,17.266203751938406,3.0358126163482666
1749234874.4711614,17.26712186331605,3.0360660552978516
1749234874.5046897,17.267957138664716,3.0358123779296875
1749234874.5380874,17.26883508775742,3.0358526706695557
1749234874.5715413,17.26967815118805,3.0356605052948
1749234874.6049452,17.270478867903723,3.0352165699005127
1749234874.638355,17.27132384880294,3.035813331604004
1749234874.6717582,17.27215240537331,3.0355260372161865
1749234874.7052925,17.27297824113463,3.0356616973876953
1749234874.7387228,17.273847159368803,3.0356509685516357
1749234874.7728934,17.27408397003071,3.035658359527588
1749234874.8064642,17.274341811580268,3.0356545448303223
1749234874.8399022,17.274409612022538,3.035659074783325
1749234874.8733094,17.274482019128843,3.0356571674346924
1749234874.9068494,17.27450118741327,3.0356578826904297
1749234874.9403071,17.27452230833062,3.0356574058532715
1749234874.9739258,17.274528226584334,3.0356571674346924
1749234875.0073125,17.274534125805324,3.0356569290161133
1749234875.0407286,17.27453798315092,3.035656452178955
1749234875.0741286,17.2745407528634,3.035656213760376
1749234875.107672,17.27454278729733,3.0356557369232178
1749234875.1410804,17.27454537660814,3.0356554985046387
1749234875.174493,17.274547172754808,3.0356550216674805
1749234875.2079477,17.274548804848003,3.0356547832489014
1749234875.2414072,17.274550363099948,3.0356545448303223
1749234875.2748504,17.274551946965175,3.035654067993164
1749234875.3082545,17.274553500624013,3.035653591156006
1749234875.3417559,17.27455520563809,3.0356533527374268
1749234875.3753097,17.274557121843376,3.0356528759002686
1749234875.4087107,17.274558822591857,3.0356526374816895
1749234875.4421864,17.274560261634647,3.0356521606445312
1749234875.4756768,17.27456199390494,3.035651683807373
1749234875.5090413,17.274563428682097,3.035651445388794
1749234875.5424623,17.27456486345926,3.0356509685516357
1749234875.5758693,17.274566567981445,3.0356507301330566
1749234875.6092865,17.27456868658211,3.0356502532958984
1749234875.6426952,17.27457024483432,3.0356497764587402
1749234875.6760976,17.274571853825975,3.035649538040161
1749234875.7097912,17.27457388842334,3.035649299621582
1749234875.743207,17.274575425313902,3.035648822784424
1749234875.7766147,17.27457697910416,3.0356485843658447
1749234875.8101141,17.274578413389367,3.0356478691101074
1749234875.8435159,17.274580098853445,3.0356476306915283
1749234875.8770053,17.2745817720493,3.03564715385437
1749234875.9104893,17.274583278006965,3.035646915435791
1749234875.943893,17.27458531290026,3.035646677017212
1749234875.9773648,17.27458644505484,3.0356462001800537
1749234876.0108452,17.274587879832158,3.0356459617614746
1749234876.044454,17.274589655295433,3.0356457233428955
1749234876.0778608,17.27459157097951,3.0356454849243164
1749234876.1112912,17.274593585857456,3.035644769668579
1749234876.1447437,17.274594782216244,3.03564453125
1749234876.1782014,17.274596395473942,3.035644054412842
1749234876.2116048,17.274598426101505,3.0356438159942627
1749234876.245013,17.274600196205544,3.0356433391571045
1749234876.2784162,17.27460163043597,3.0356428623199463
1749234876.3119023,17.27460333349848,3.035642623901367
1749234876.3454993,17.274604887485204,3.035642385482788
1749234876.378907,17.27460632206637,3.035642147064209
1749234876.4135344,17.27460858076195,3.0356414318084717
1749234876.4469314,17.274610213051837,3.0356411933898926
1749234876.4804392,17.27461188570091,3.0356407165527344
1749234876.5138187,17.274613325122367,3.035640239715576
1749234876.547221,17.274614971751262,3.035640239715576
1749234876.5806193,17.274616410598533,3.035639524459839
1749234876.614021,17.274618131850787,3.0356392860412598
1749234876.6476324,17.274619571219755,3.0356390476226807
1749234876.681105,17.274621322719003,3.0356385707855225
1749234876.7145402,17.274622762088015,3.0356380939483643
1749234876.7480636,17.27462499469054,3.035637855529785
1749234876.7814667,17.274626548481134,3.035637378692627
1749234876.81487,17.274628161739216,3.0356369018554688
1749234876.8483825,17.274629717659618,3.0356366634368896
1749234876.881789,17.274631845391887,3.0356364250183105
1749234876.9154012,17.274633399182527,3.0356359481811523
1749234876.9488056,17.27463513260036,3.035635471343994
1749234876.9822068,17.27463668639102,3.035635232925415
1749234877.0156093,17.27463824037796,3.035634994506836
1749234877.0507078,17.274639853636174,3.0356345176696777
1749234877.0848556,17.274641409412077,3.0356342792510986
1749234877.1184337,17.27464254583317,3.0356340408325195
1749234877.1519172,17.274643980610865,3.0356335639953613
1749234877.185423,17.274646113352528,3.0356333255767822
1749234877.218913,17.27464707129309,3.035632848739624
1749234877.2524967,17.2746487483631,3.035632610321045
1749234877.2858868,17.274650301858085,3.035632371902466
1749234877.3193324,17.274651861279416,3.0356318950653076
1749234877.3532698,17.27465347027152,3.0356316566467285
1749234877.386676,17.27465502852488,3.0356311798095703
1749234877.420683,17.274656160679843,3.0356311798095703
1749234877.454138,17.27465819756425,3.035630464553833
1749234877.4878266,17.274659652258574,3.0356297492980957
1749234877.5212274,17.274661364965855,3.035628080368042
1749234877.5546255,17.274663277975066,3.0356297492980957
1749234877.588026,17.274665593394136,3.035628318786621
1749234877.6214638,17.274667517707794,3.0356287956237793
1749234877.6549795,17.274670074266567,3.035627841949463
1749234877.6884782,17.274672109537796,3.0356273651123047
1749234877.7218885,17.274674290385878,3.035627841949463
1749234877.75531,17.274676798561106,3.0352911949157715
1749234877.7887678,17.276268455932595,3.0355448722839355
1749234877.8224714,17.28009227443048,3.0393176078796387
1749234877.8559213,17.285118654844133,3.0441787242889404
1749234877.8893912,17.291608756600706,3.0468690395355225
1749234877.9227955,17.298172232369303,3.0565061569213867
1749234877.9562378,17.305513217166208,3.0615673065185547
1749234877.9896615,17.312649162048245,3.062371253967285
1749234878.0231042,17.32249227677268,3.068803310394287
1749234878.0565035,17.32947960625925,3.074983596801758
1749234878.09004,17.336961332570375,3.079526901245117
1749234878.1234484,17.34672383519561,3.0852954387664795
1749234878.1575663,17.354558851682036,3.092668056488037
1749234878.191157,17.362142166208915,3.0963990688323975
1749234878.224653,17.36974390041689,3.1037261486053467
1749234878.258889,17.377600115773564,3.1094393730163574
1749234878.2923145,17.3852013262813,3.113138198852539
1749234878.326398,17.39254467581517,3.118572235107422
1749234878.3597817,17.40014464294381,3.124173402786255
1749234878.3933973,17.407492390479057,3.129580020904541
1749234878.426806,17.41281292289788,3.1353702545166016
1749234878.4602733,17.422947209358135,-3.140357255935669
1749234878.4940782,17.430547764487955,-3.134752035140991
1749234878.5274994,17.44068201123388,-3.129150867462158
1749234878.5609512,17.445749103226756,-3.123744010925293
1749234878.5943823,17.453349946065014,-3.1179494857788086
1749234878.6279547,17.462217956710216,-3.112351417541504
1749234878.661362,17.469818716493343,-3.10657000541687
1749234878.6947935,17.47843326861969,-3.099283218383789
1749234878.7281992,17.48628788614091,-3.0938713550567627
1749234878.7616112,17.493635747637935,-3.088275671005249
1749234878.7950222,17.501490462310613,-3.0826733112335205
1749234878.8284705,17.51162583046385,-3.0768861770629883
1749234878.861887,17.518973930845576,-3.0714807510375977
1749234878.8952951,17.524040864958764,-3.065868616104126
1749234878.9287448,17.531895208015726,-3.0602660179138184
1749234878.9621499,17.54177734946751,-3.054666519165039
1749234878.9956121,17.549632032830022,-3.0471928119659424
1749234879.0290637,17.556980650078497,-3.0414137840270996
1749234879.062474,17.56483540414877,-3.035809278488159
1749234879.0958765,17.572437366721296,-3.030207872390747
1749234879.1293204,17.580038835627555,-3.0246121883392334
1749234879.1628125,17.588146919887627,-3.0191900730133057
1749234879.1962554,17.598536184597048,-3.0128448009490967
1749234879.2296674,17.60613799041392,-3.0072412490844727
1749234879.263072,17.613233183808934,-3.0020110607147217
1749234879.2964869,17.620328234206994,-2.99678373336792
1749234879.3298895,17.628183743083977,-2.9909911155700684
1749234879.3635745,17.635785686847942,-2.983335018157959
1749234879.3969781,17.643134344113196,-2.978107213973999
1749234879.4303982,17.650989819303327,-2.972317695617676
1749234879.4638062,17.658591612285935,-2.966712713241577
1749234879.497877,17.666193749373473,-2.9611082077026367
1749234879.5314524,17.677850410289093,-2.954389810562134
1749234879.5649114,17.685199245500787,-2.9480347633361816
1749234879.5983126,17.69254796955321,-2.9424331188201904
1749234879.6317284,17.699389884253712,-2.936833143234253
1749234879.6651382,17.70673794348209,-2.9314074516296387
1749234879.6985385,17.71434066470217,-2.925626277923584
1749234879.7319481,17.721689773702742,-2.9200141429901123
1749234879.765387,17.732079707297633,-2.9144134521484375
1749234879.7987761,17.739428488375328,-2.9090023040771484
1749234879.8321853,17.747283514797495,-2.9032022953033447
1749234879.8656435,17.754886031454912,-2.8957314491271973
1749234879.8990426,17.76223521080442,-2.892178773880005
1749234879.932462,17.76730340050328,-2.8865785598754883
1749234879.9659138,17.77515942763462,-2.880967855453491
1749234879.9993172,17.782508205273853,-2.8751773834228516
1749234880.0327969,17.79036415369258,-2.8695714473724365
1749234880.0663006,17.80050104557113,-2.86396861076355
1749234880.0997272,17.80810300980531,-2.8564906120300293
1749234880.136599,17.815705296781243,-2.850883960723877
1749234880.1700346,17.825842325968743,-2.8434131145477295
1749234880.203466,17.833191612506532,-2.8370614051818848
1749234880.2368875,17.844087593337594,-2.8318228721618652
1749234880.2703,17.848648873558407,-2.8267760276794434
1749234880.3037355,17.858784989983214,-2.8192999362945557
1749234880.3371458,17.86638402645558,-2.8136441707611084
1749234880.370609,17.873985003154303,-2.807847023010254
1749234880.4045074,17.881590594806852,-2.8022892475128174
1749234880.43791,17.889446661676093,-2.7964837551116943
1749234880.4713583,17.89780719874313,-2.791238784790039
1749234880.504769,17.907943867116206,-2.784698724746704
1749234880.5382552,17.91554598208393,-2.7779695987701416
1749234880.5716674,17.919341448248534,-2.7742865085601807
1749234880.6050794,17.92800512806929,-2.7692294120788574
1749234880.638481,17.934868605436627,-2.763561248779297
1749234880.671884,17.942788032990414,-2.759089231491089
1749234880.70532,17.949924775330004,-2.7538421154022217
1749234880.7386823,17.957882958230265,-2.748828649520874
1749234880.7721303,17.965469940996737,-2.742408037185669
1749234880.8093781,17.975454206054117,-2.737666368484497
1749234880.8428204,17.98354628436603,-2.7295734882354736
1749234880.8762243,17.990942197290135,-2.7245025634765625
1749234880.9096885,17.998548216910507,-2.718777894973755
1749234880.9431794,18.00644548080365,-2.7134506702423096
1749234880.9765983,18.01381992590546,-2.708078622817993
1749234881.010225,18.02362452109657,-2.701930284500122
1749234881.0436442,18.03151607424928,-2.694899320602417
1749234881.077046,18.039068953710604,-2.6886866092681885
1749234881.1109443,18.04662919566141,-2.6828763484954834
1749234881.1446207,18.054190870977223,-2.676945209503174
1749234881.178058,18.061719800296892,-2.6705071926116943
1749234881.211604,18.071560626613287,-2.665276050567627
1749234881.2451696,18.079113168078383,-2.65718936920166
1749234881.2786,18.08669771880879,-2.6497995853424072
1749234881.3120306,18.094206789201007,-2.644083023071289
1749234881.3455014,18.101736389035803,-2.6381707191467285
1749234881.3790622,18.10922099915177,-2.6320502758026123
1749234881.412478,18.119165435097518,-2.625405788421631
1749234881.4462285,18.12417089761448,-2.6190571784973145
1749234881.4817717,18.131563009632,-2.611827850341797
1749234881.5152383,18.14165362534605,-2.603579521179199
1749234881.5486794,18.153002209848953,-2.5954108238220215
1749234881.5820673,18.159047762423135,-2.5895094871520996
1749234881.615506,18.166580837186284,-2.58182430267334
1749234881.6489537,18.173611178821815,-2.573881149291992
1749234881.682432,18.18105125516468,-2.566497325897217
1749234881.7159035,18.187999314374817,-2.555415153503418
1749234881.7493112,18.195424401058336,-2.5486488342285156
1749234881.7826972,18.203023370189268,-2.542041540145874
1749234881.816103,18.209872995759245,-2.531707525253296
1749234881.849533,18.21723314685024,-2.526843547821045
1749234881.8829305,18.224527518642425,-2.515279531478882
1749234881.9163103,18.232079502970418,-2.5059995651245117
1749234881.9497626,18.238921614690177,-2.50024151802063
1749234881.9832194,18.246346482302002,-2.4893620014190674
1749234882.0166335,18.253688210210314,-2.4802892208099365
1749234882.0500321,18.26076140548058,-2.471860408782959
1749234882.0834265,18.268401181488084,-2.462920904159546
1749234882.1168485,18.275809942562585,-2.4543473720550537
1749234882.150265,18.283069203605976,-2.4447014331817627
1749234882.1836464,18.291153101727463,-2.4376437664031982
1749234882.2170634,18.29788490111054,-2.4277865886688232
1749234882.2505305,18.305080965169065,-2.4194321632385254
1749234882.2840068,18.315180641777385,-2.41060733795166
1749234882.3185678,18.32273995330349,-2.4007034301757812
1749234882.351987,18.330067150887242,-2.392033338546753
1749234882.385391,18.337733736318654,-2.3838627338409424
1749234882.4187973,18.344808975576743,-2.3745181560516357
1749234882.4523954,18.35227558731222,-2.367281436920166
1749234882.4858913,18.359599501045995,-2.3585407733917236
1749234882.5192845,18.367210173852342,-2.3517982959747314
1749234882.5526903,18.377630714145965,-2.3423917293548584
1749234882.5860944,18.381537715372627,-2.3346822261810303
1749234882.619537,18.389250540554112,-2.328347682952881
1749234882.6529353,18.398586620844632,-2.319241762161255
1749234882.6865125,18.406140854727916,-2.307159423828125
1749234882.719967,18.413285004490486,-2.2970120906829834
1749234882.753359,18.420900917345445,-2.288553476333618
1749234882.7872818,18.427868939159946,-2.278400182723999
1749234882.8206804,18.43777672232932,-2.2656376361846924
1749234882.8541145,18.445179276130123,-2.256652593612671
1749234882.887549,18.452834611314398,-2.250389575958252
1749234882.9209592,18.460286373540022,-2.2448248863220215
1749234882.9543595,18.46536992755561,-2.239346504211426
1749234882.987751,18.47210747821143,-2.229581356048584
1749234883.0211914,18.47968888909033,-2.221575975418091
1749234883.0546155,18.486772684065247,-2.2115678787231445
1749234883.088045,18.4940490828607,-2.2026517391204834
1749234883.1215065,18.50141230518644,-2.1940810680389404
1749234883.154862,18.508734612540838,-2.185177803039551
1749234883.1882439,18.515951936733618,-2.175424575805664
1749234883.2216525,18.523460632661934,-2.16715931892395
1749234883.2550757,18.530746250088875,-2.1579782962799072
1749234883.288483,18.541758145141216,-2.147190570831299
1749234883.3218746,18.5455250603625,-2.1404783725738525
1749234883.3556235,18.555164363537987,-2.1304965019226074
1749234883.3890238,18.56021453926538,-2.1230456829071045
1749234883.4224362,18.567636544637526,-2.1142771244049072
1749234883.4558253,18.57478539754518,-2.1042280197143555
1749234883.4892845,18.584707229118653,-2.093283176422119
1749234883.5227666,18.589396501036067,-2.0875871181488037
1749234883.5587246,18.59703394944691,-2.078372001647949
1749234883.5921183,18.60712715118364,-2.0693836212158203
1749234883.6255147,18.614289529838963,-2.058276891708374
1749234883.658916,18.621878783045798,-2.0496442317962646
1749234883.6923625,18.629051564840186,-2.0410237312316895
1749234883.7257655,18.63629800617076,-2.036238193511963
1749234883.762798,18.641488576417984,-2.02768874168396
1749234883.7962298,18.647477081547063,-2.0208818912506104
1749234883.8296325,18.653594153436305,-2.0129599571228027
1749234883.8630955,18.663610854089438,-2.0027291774749756
1749234883.8964648,18.670887299009884,-1.994127869606018
1749234883.930044,18.680377968207328,-1.9850846529006958
1749234883.9634442,18.685742042314523,-1.978718638420105
1749234883.9976275,18.693117896638938,-1.970302700996399
1749234884.031019,18.70314168143697,-1.9617570638656616
1749234884.0644834,18.710275113177964,-1.951331377029419
1749234884.098844,18.72021733229261,-1.9440168142318726
1749234884.1334996,18.7250182805125,-1.9347912073135376
1749234884.1668992,18.737343526543395,-1.9260852336883545
1749234884.2003179,18.742940093737676,-1.9201881885528564
1749234884.23368,18.750289730939762,-1.9121795892715454
1749234884.267084,18.760198595160404,-1.9046014547348022
1749234884.300505,18.767529595188154,-1.8966095447540283
1749234884.3343832,18.774733989301776,-1.889824390411377
1749234884.367908,18.78223531518098,-1.8837240934371948
1749234884.4013221,18.79501821005352,-1.8745964765548706
1749234884.434799,18.79985522511883,-1.8687329292297363
1749234884.468198,18.81059495387576,-1.8625720739364624
1749234884.5016582,18.815026019878225,-1.8558440208435059
1749234884.535084,18.822601422434737,-1.850597620010376
1749234884.5689662,18.831307128306428,-1.8460952043533325
1749234884.6023302,18.837504278235677,-1.8394609689712524
1749234884.635727,18.845223071719253,-1.8331249952316284
1749234884.6695685,18.852903767774116,-1.8295001983642578
1749234884.7029738,18.8628666993153,-1.8219916820526123
1749234884.736425,18.87000083452073,-1.8160417079925537
1749234884.769835,18.875397135398764,-1.814344882965088
1749234884.8033586,18.886302740280346,-1.8092774152755737
1749234884.8367631,18.8936820286321,-1.8025310039520264
1749234884.8701668,18.900532651489065,-1.7971538305282593
1749234884.903564,18.908229790687532,-1.7934777736663818
1749234884.936968,18.91335477064887,-1.7906219959259033
1749234884.9703705,18.92108969770906,-1.787726640701294
1749234885.0038006,18.92910200363707,-1.7847301959991455
1749234885.0377731,18.936552085808973,-1.7807270288467407
1749234885.0711808,18.944300893067552,-1.777696132659912
1749234885.104551,18.95178701037896,-1.7745277881622314
1749234885.137952,18.95978828317468,-1.771225094795227
1749234885.1715536,18.97010756666032,-1.7668581008911133
1749234885.2051034,18.977833984569116,-1.7634392976760864
1749234885.2385252,18.985573377819335,-1.7602198123931885
1749234885.2720535,18.993327019000734,-1.7572423219680786
1749234885.3054426,19.001048939916334,-1.7536535263061523
1749234885.3388717,19.008799177865544,-1.7507275342941284
1749234885.3722699,19.0165132855536,-1.7470015287399292
1749234885.4062335,19.02424815645611,-1.7436310052871704
1749234885.4396236,19.031992068944188,-1.7415542602539062
1749234885.47301,19.03973849945853,-1.7374703884124756
1749234885.506459,19.047462414226313,-1.7348719835281372
1749234885.5398667,19.05521472775669,-1.7308456897735596
1749234885.5732627,19.06294571553045,-1.7274625301361084
1749234885.606667,19.070674024797913,-1.7241039276123047
1749234885.6400664,19.078441524859972,-1.7217090129852295
1749234885.6735673,19.086687004352502,-1.7182637453079224
1749234885.7070405,19.09364659032718,-1.7151734828948975
1749234885.7404473,19.099070387561994,-1.7132529020309448
1749234885.774012,19.10938129348005,-1.7098861932754517
1749234885.80741,19.117126397808196,-1.7068690061569214
1749234885.8408237,19.124890635347104,-1.7035026550292969
1749234885.8742228,19.132867108326575,-1.7001549005508423
1749234885.907639,19.1403491575017,-1.6971311569213867
1749234885.9409993,19.148098624114283,-1.6942983865737915
1749234885.9743981,19.155869452566925,-1.6920210123062134
1749234886.0078192,19.16334803397988,-1.6889774799346924
1749234886.041223,19.17367436214093,-1.6861943006515503
1749234886.0745916,19.18168711103881,-1.6826664209365845
1749234886.1080344,19.189444635037557,-1.6800527572631836
1749234886.1423285,19.197183690910233,-1.677115797996521
1749234886.175942,19.20493446550083,-1.6746010780334473
1749234886.2093418,19.212419568511255,-1.672693133354187
1749234886.2427518,19.217840566738126,-1.669880986213684
1749234886.2761586,19.22897178480321,-1.6671043634414673
1749234886.3095708,19.236185997445418,-1.6649376153945923
1749234886.3429775,19.243678499499516,-1.661560297012329
1749234886.376399,19.254259016427675,-1.6580016613006592
1749234886.409825,19.2617670877517,-1.6560430526733398
1749234886.4432254,19.271852097637915,-1.6540839672088623
1749234886.4766371,19.27985347680923,-1.650732398033142
1749234886.5100698,19.287345442859806,-1.648580551147461
1749234886.5435162,19.29796497448389,-1.646485686302185
1749234886.5769217,19.305424792321595,-1.643604040145874
1749234886.6103268,19.313443407790835,-1.6420048475265503
1749234886.6437383,19.32119011395075,-1.6396745443344116
1749234886.6771572,19.32869753605927,-1.6382721662521362
1749234886.710584,19.336961100068876,-1.6358946561813354
1749234886.7441175,19.345235415888293,-1.63411545753479
1749234886.7775328,19.354802879863207,-1.6316403150558472
1749234886.8110073,19.36255830833867,-1.6297787427902222
1749234886.8446562,19.372899163633218,-1.6278272867202759
1749234886.8780637,19.378070896144138,-1.626051902770996
1749234886.9114795,19.385824022848755,-1.6240671873092651
1749234886.9448915,19.39358677113406,-1.6230944395065308
1749234886.9782476,19.401347517199586,-1.6207361221313477
1749234887.011664,19.40884451887419,-1.6192731857299805
1749234887.0453072,19.416861078710898,-1.617625117301941
1749234887.0786898,19.427200276607312,-1.6157234907150269
1749234887.112097,19.432379848999727,-1.6148219108581543
1749234887.1454961,19.440146621326114,-1.6136763095855713
1749234887.1789734,19.448156487666274,-1.6119000911712646
1749234887.212369,19.455662075276468,-1.611169457435608
1749234887.2467062,19.463422030806534,-1.6095554828643799
1749234887.2801967,19.473768917969284,-1.6083959341049194
1749234887.3135822,19.478942825016397,-1.6071140766143799
1749234887.346935,19.48670393343594,-1.6058818101882935
1749234887.3804758,19.494202514670132,-1.6041969060897827
1749234887.4140854,19.501964470787033,-1.6031372547149658
1749234887.4474823,19.512574999174394,-1.6015974283218384
1749234887.480881,19.520080716378292,-1.6006089448928833
1749234887.514296,19.527845856832393,-1.5997228622436523
1749234887.5476987,19.536129211644916,-1.5989667177200317
1749234887.5819647,19.543631149120728,-1.597753643989563
1749234887.6154397,19.551391725735716,-1.596964955329895
1749234887.648856,19.559153890715304,-1.5955474376678467
1749234887.6822584,19.566915954416185,-1.5944894552230835
1749234887.7157223,19.574685293249694,-1.5941489934921265
1749234887.7491243,19.582449253582105,-1.59323251247406
1749234887.7825315,19.592541080589946,-1.5924763679504395
1749234887.8159404,19.597974025116795,-1.5913723707199097
1749234887.849348,19.603147210812253,-1.5908039808273315
1749234887.882768,19.61349944980627,-1.5896852016448975
1749234887.916219,19.621266870446675,-1.589114785194397
1749234887.9496276,19.631611709146185,-1.5875293016433716
1749234887.9830303,19.639377678121395,-1.5867929458618164
1749234888.0164359,19.64714110307348,-1.5860190391540527
1749234888.0501966,19.65490265115342,-1.5849703550338745
1749234888.0835934,19.664999778785393,-1.5849850177764893
1749234888.1169727,19.67043698588226,-1.5843333005905151
1749234888.1503692,19.678200931054853,-1.5837961435317993
1749234888.1842427,19.685966435062443,-1.583080530166626
1749234888.2176473,19.693473115903995,-1.582192063331604
1749234888.251206,19.701497816276383,-1.5816906690597534
1749234888.2846172,19.711851739025533,-1.5809175968170166
1749234888.3180623,19.71935756898349,-1.5802640914916992
1749234888.3514633,19.72738073287409,-1.5796213150024414
1749234888.384862,19.73747470005154,-1.5788055658340454
1749234888.4182653,19.748086135054113,-1.5782432556152344
1749234888.4517605,19.75326239004117,-1.5776817798614502
1749234888.4851964,19.761027540555606,-1.577553153038025
1749234888.5187583,19.76930846770619,-1.5769145488739014
1749234888.5521767,19.773966511346583,-1.5766067504882812
1749234888.5855823,19.78172959474381,-1.576034665107727
1749234888.6190553,19.78949173964151,-1.5755939483642578
1749234888.65246,19.799841657457172,-1.5751245021820068
1749234888.686831,19.807603365190232,-1.5744324922561646
1749234888.7227788,19.815364631234612,-1.5739446878433228
1749234888.7561839,19.823125432083412,-1.5734262466430664
1749234888.7895944,19.830628364325275,-1.573064923286438
1749234888.8230326,19.838647669217007,-1.572713017463684
1749234888.8565052,19.846408078379262,-1.5721615552902222
1749234888.8899903,19.85391154067729,-1.5718327760696411
1749234888.9234185,19.85908664170762,-1.5716763734817505
1749234888.957057,19.86710795954828,-1.5711759328842163
1749234888.9904864,19.874870376463402,-1.570875883102417
1749234889.0244071,19.88263328738707,-1.5705957412719727
1749234889.0578156,19.89298306992347,-1.5700995922088623
1749234889.091828,19.9010039945528,-1.5697507858276367
1749234889.1252382,19.908247724233796,-1.5692288875579834
1749234889.158651,19.91600976783607,-1.5689784288406372
1749234889.192063,19.924288741522528,-1.5686124563217163
1749234889.2254379,19.931791399357046,-1.5684764385223389
1749234889.2588472,19.939552123581947,-1.5680272579193115
1749234889.2922606,19.947312445623734,-1.5674911737442017
1749234889.325707,19.95507347431926,-1.5675984621047974
1749234889.3591876,19.962576624961116,-1.567372441291809
1749234889.3925903,19.97033876591608,-1.567088007926941
1749234889.4260042,19.975771610071128,-1.566696047782898
1749234889.459435,19.98612348651446,-1.5666877031326294
1749234889.493161,19.991298765170743,-1.566341757774353
1749234889.5265803,19.99932089254052,-1.5661418437957764
1749234889.5600927,20.00656701456726,-1.5660974979400635
1749234889.593658,20.01458869008495,-1.5657137632369995
1749234889.6270924,20.022351373915203,-1.5656089782714844
1749234889.660543,20.03011407665073,-1.5653477907180786
1749234889.6939456,20.040464109441505,-1.56516432762146
1749234889.7273638,20.045380120618905,-1.564886212348938
1749234889.7607875,20.053919156582317,-1.5648313760757446
1749234889.7941926,20.06116403115289,-1.5645676851272583
1749234889.8275962,20.068925959529153,-1.56431245803833
1749234889.860978,20.079793250881377,-1.5643657445907593
1749234889.8943787,20.08651843435461,-1.5641639232635498
1749234889.9277947,20.091867379157264,-1.564015507698059
1749234889.9613235,20.09614044877984,-1.564037561416626
1749234889.9947603,20.10105074022515,-1.5638489723205566
1749234890.0282307,20.104459661273175,-1.563924789428711
1749234890.0626447,20.106778124177065,-1.563859462738037
1749234890.0960784,20.111008424910413,-1.5637279748916626
1749234890.129538,20.11422903844846,-1.5637608766555786
1749234890.162956,20.117436811701136,-1.5636913776397705
1749234890.196357,20.120744148132406,-1.5633583068847656
1749234890.2297313,20.12383603690791,-1.5634104013442993
1749234890.263129,20.12703512735058,-1.563607931137085
1749234890.2966282,20.130232551628463,-1.5633913278579712
1749234890.3300633,20.13342962931867,-1.5632190704345703
1749234890.3634667,20.13662641542887,-1.5632741451263428
1749234890.396875,20.13982398904532,-1.5635472536087036
1749234890.430327,20.141851243865354,-1.563275933265686
1749234890.463758,20.146233008387362,-1.5634793043136597
1749234890.4971786,20.150074444728638,-1.5635322332382202
1749234890.5305831,20.152634306005258,-1.5634028911590576
1749234890.5640247,20.155724589280734,-1.5636028051376343
1749234890.5974815,20.159028545346942,-1.5637245178222656
1749234890.6309118,20.162226153186737,-1.563861608505249
1749234890.6643682,20.165423239540637,-1.5641368627548218
1749234890.6978033,20.168727760049805,-1.564076542854309
1749234890.731229,20.17192496699682,-1.564190149307251
1749234890.7646017,20.173950102559772,-1.5640861988067627
1749234890.7980037,20.17704481571975,-1.5644211769104004
1749234890.8314245,20.180358579772953,-1.5645842552185059
1749234890.864835,20.183561493241413,-1.5646977424621582
1749234890.898233,20.187294613389277,-1.564789056777954
1749234890.931649,20.19102529987392,-1.5649356842041016
1749234890.965052,20.19422936759021,-1.5656501054763794
1749234890.9984503,20.197445754168637,-1.5654996633529663
1749234891.031854,20.200656925133938,-1.566128134727478
1749234891.065259,20.20387130264872,-1.5659964084625244
1749234891.0986629,20.207190658070825,-1.5660511255264282
1749234891.1336617,20.21031389208854,-1.5670561790466309
1749234891.1670637,20.21495815125981,-1.5674911737442017
1749234891.2004614,20.218583310384815,-1.5676319599151611
1749234891.2339408,20.222480438629024,-1.5680495500564575
1749234891.2673502,20.225868608498146,-1.5690109729766846
1749234891.3007712,20.229590520826086,-1.5691553354263306
1749234891.334195,20.231831587696696,-1.5701543092727661
1749234891.367656,20.23640466618871,-1.5708374977111816
1749234891.4010649,20.239976193996725,-1.5712206363677979
1749234891.4345205,20.243338608208028,-1.5725224018096924
1749234891.467963,20.246560821203524,-1.573049545288086
1749234891.5023634,20.251293208857778,-1.5727952718734741
1749234891.5357738,20.25313069760859,-1.5737555027008057
1749234891.569205,20.25760710984978,-1.5740753412246704
1749234891.6026404,20.260600799876325,-1.5757157802581787
1749234891.6360395,20.263675031025077,-1.5763667821884155
1749234891.669462,20.2666211316027,-1.5763598680496216
1749234891.7029033,20.269713845550392,-1.5778298377990723
1749234891.736332,20.27270079618536,-1.577919840812683
1749234891.7697291,20.275594252519078,-1.5788978338241577
1749234891.8031332,20.27747954465979,-1.5796657800674438
1749234891.8374119,20.28029916633674,-1.5801589488983154
1749234891.8708239,20.28400193165728,-1.580989956855774
1749234891.904232,20.28680427620255,-1.581922173500061
1749234891.937637,20.289382126599442,-1.5828107595443726
1749234891.9710352,20.292016901511683,-1.5835649967193604
1749234892.0044603,20.2946241507618,-1.5832293033599854
1749234892.0378668,20.297166708369247,-1.583904504776001
1749234892.071316,20.29966698723789,-1.5839258432388306
1749234892.104769,20.302952596744113,-1.5851612091064453
1749234892.1381645,20.305445746952504,-1.5850485563278198
1749234892.1715727,20.30891053958487,-1.586330533027649
1749234892.204981,20.311047102577124,-1.5862969160079956
1749234892.238379,20.31251451486946,-1.587221622467041
1749234892.271824,20.315838328069876,-1.5862141847610474
1749234892.3052566,20.317971060151464,-1.587735891342163
1749234892.3386683,20.32010036154648,-1.5872749090194702
1749234892.372145,20.322172724585396,-1.5879648923873901
1749234892.4055493,20.32434237811482,-1.5885947942733765
1749234892.4389594,20.32641563401597,-1.5892834663391113
1749234892.4723692,20.32849707921364,-1.5890424251556396
1749234892.5057285,20.32992971045189,-1.589316964149475
1749234892.5391474,20.331940821501895,-1.5892680883407593
1749234892.5726058,20.33450206471478,-1.5902057886123657
1749234892.6060135,20.335803912261056,-1.5896363258361816
1749234892.639468,20.337704864617052,-1.5906481742858887
1749234892.672866,20.340199829705515,-1.5907871723175049
1749234892.706274,20.342034995859926,-1.5916997194290161
1749234892.7396371,20.34319540776421,-1.5912446975708008
1749234892.7730455,20.34564772660078,-1.5913007259368896
1749234892.8064506,20.347344189859854,-1.5913888216018677
1749234892.8398514,20.349166967431593,-1.5917863845825195
1749234892.8732917,20.350751690947646,-1.591931700706482
1749234892.90683,20.35197847743081,-1.5920616388320923
1749234892.940347,20.353560144354066,-1.5921837091445923
1749234892.9737854,20.35517917465874,-1.5926997661590576
1749234893.0073485,20.356852731697106,-1.592410922050476
1749234893.0408516,20.358340728134426,-1.5932804346084595
1749234893.0747597,20.3604148269949,-1.5931220054626465
1749234893.1082299,20.361987585460323,-1.5929310321807861
1749234893.1415946,20.363477886892735,-1.5930120944976807
1749234893.174997,20.36492868213534,-1.5936429500579834
1749234893.208409,20.366379448905583,-1.5933128595352173
1749234893.2418296,20.367751639169327,-1.5934191942214966
1749234893.2753608,20.36920628895747,-1.5934392213821411
1749234893.3087592,20.37053603822577,-1.5937527418136597
1749234893.34216,20.37192885618874,-1.5938494205474854
1749234893.3755708,20.37325837856849,-1.5937203168869019
1749234893.4090002,20.374133161375447,-1.5936964750289917
1749234893.4424217,20.375436413219724,-1.5940887928009033
1749234893.4758282,20.37667238132405,-1.593935489654541
1749234893.5092883,20.37838351086922,-1.5942997932434082
1749234893.542713,20.379609376698635,-1.5942782163619995
1749234893.5760875,20.380809702348113,-1.5943340063095093
1749234893.613989,20.381990080055107,-1.594638705253601
1749234893.6474128,20.38375292011547,-1.5938735008239746
1749234893.680861,20.384891793927487,-1.5946552753448486
1749234893.7142465,20.38597205658419,-1.5942901372909546
1749234893.7476544,20.386654561582915,-1.5948325395584106
1749234893.7810605,20.387814096883368,-1.5942323207855225
1749234893.8144715,20.388932581374032,-1.5948286056518555
1749234893.8479838,20.39009998584181,-1.5941274166107178
1749234893.8814437,20.39119618149615,-1.5947591066360474
1749234893.9154394,20.392277397876864,-1.5945507287979126
1749234893.950076,20.393401827416017,-1.5948320627212524
1749234893.9835079,20.394144571100377,-1.5944275856018066
1749234894.0169058,20.395606829538877,-1.5949530601501465
1749234894.0503435,20.396710434580392,-1.594412922859192
1749234894.0837264,20.397377458490716,-1.5947495698928833
1749234894.1205323,20.398024211237743,-1.5949333906173706
1749234894.153943,20.398969131344213,-1.5948551893234253
1749234894.1873736,20.399859600359353,-1.594807744026184
1749234894.2208118,20.400819129790346,-1.59517240524292
1749234894.2542138,20.401675776642797,-1.595046043395996
1749234894.287617,20.402878803808363,-1.5950158834457397
1749234894.3210156,20.40338642070004,-1.5950508117675781
1749234894.3545387,20.404224683030844,-1.5951279401779175
1749234894.3879108,20.405367152548795,-1.5951306819915771
1749234894.4213188,20.406108084328498,-1.5951534509658813
1749234894.4547014,20.406903339428776,-1.5951859951019287
1749234894.488151,20.40767279536438,-1.5951902866363525
1749234894.5216188,20.408394723655103,-1.5951787233352661
1749234894.5550277,20.40894245506574,-1.5952101945877075
1749234894.5884414,20.409166223000707,-1.5951915979385376
1749234894.6219144,20.409266885440623,-1.5952136516571045
1749234894.6579566,20.409348517746253,-1.5951992273330688
1749234894.691394,20.409401496708693,-1.5952134132385254
1749234894.7252228,20.409429672921167,-1.5952119827270508
1749234894.7586138,20.40944594187276,-1.5952163934707642
1749234894.7920692,20.40945454060071,-1.595216989517212
1749234894.825764,20.409459811980486,-1.5952163934707642
1749234894.8592944,20.40946185968125,-1.5952186584472656
1749234894.8928428,20.409464956124772,-1.5952186584472656
1749234894.9262416,20.40946752412661,-1.5952181816101074
1749234894.9596446,20.409469076450943,-1.5952178239822388
1749234894.9931283,20.409470073257875,-1.5952205657958984
1749234895.026568,20.409471538265674,-1.5952208042144775
1749234895.0599773,20.409473273084938,-1.5952205657958984
1749234895.0933654,20.409474937079004,-1.5952200889587402
1749234895.1268678,20.40947703289586,-1.5952208042144775
1749234895.1602664,20.409478610170734,-1.5952211618423462
1749234895.1936882,20.409480203438214,-1.5952222347259521
1749234895.2270985,20.4094819025306,-1.5952242612838745
1749234895.2605033,20.409483374206395,-1.5952250957489014
1749234895.2939045,20.40948441845739,-1.5952250957489014
1749234895.3273475,20.409484891543414,-1.5952240228652954
1749234895.3609614,20.40948695782165,-1.5952242612838745
1749234895.3943815,20.40948846660562,-1.59522545337677
1749234895.4277892,20.409489614078225,-1.5952274799346924
1749234895.461281,20.409491524915,-1.5952283143997192
1749234895.4947,20.409493242870585,-1.5952281951904297
1749234895.5282054,20.40949497900974,-1.5952271223068237
1749234895.561901,20.409496314876108,-1.5952272415161133
1749234895.5952992,20.40949781102194,-1.5952285528182983
1749234895.630132,20.409499384182872,-1.5952303409576416
1749234895.663534,20.409500535888274,-1.5952314138412476
1749234895.696963,20.409502756863656,-1.5952314138412476
1749234895.7305918,20.409504481080965,-1.595230221748352
1749234895.764194,20.40950606924382,-1.5952304601669312
1749234895.7976406,20.409507548889415,-1.595231533050537
1749234895.8311563,20.40950928677565,-1.595232367515564
1749234895.864591,20.409510637615288,-1.5952335596084595
1749234895.8979876,20.409511926182088,-1.595234751701355
1749234895.9313912,20.409513795911323,-1.59523606300354
1749234895.9648175,20.40951583671427,-1.5952354669570923
1749234895.9982505,20.409516840984416,-1.5952345132827759
1749234896.0316615,20.409518432132522,-1.5952354669570923
1749234896.0651073,20.409520232917934,-1.5952366590499878
1749234896.098499,20.409521238142265,-1.5952379703521729
1749234896.1319416,20.409522856978445,-1.595239281654358
1749234896.165368,20.409523881477423,-1.5952385663986206
1749234896.1988444,20.409525873083457,-1.5952377319335938
1749234896.232249,20.409527595456943,-1.595239520072937
1749234896.2656775,20.40952910989189,-1.5952388048171997
1749234896.2990837,20.409531190593157,-1.5952402353286743
1749234896.3324614,20.409532915414143,-1.5952413082122803
1749234896.3659036,20.409534483731786,-1.5952425003051758
1749234896.399344,20.40953596069079,-1.5952428579330444
1749234896.4327545,20.409537081132257,-1.5952427387237549
1749234896.4661744,20.409538173828707,-1.595242977142334
1749234896.499577,20.409539606514,-1.5952441692352295
1749234896.5329478,20.409541286506798,-1.5952454805374146
1749234896.5666904,20.40954284913565,-1.5952448844909668
1749234896.6001,20.40954374318385,-1.59524405002594
1749234896.6334991,20.409545390568162,-1.5952445268630981
1749234896.6668968,20.409547861133223,-1.5952460765838623
1749234896.7003622,20.409548975666375,-1.5952472686767578
1749234896.7337868,20.409550015074846,-1.5952486991882324
1749234896.7673528,20.40955228752804,-1.5952489376068115
1749234896.8007534,20.409553115362794,-1.5952471494674683
1749234896.8342834,20.409554993702976,-1.5952484607696533
1749234896.8677425,20.409556833208082,-1.5952482223510742
1749234896.9011986,20.40955858212617,-1.5952494144439697
1749234896.934609,20.409560167161015,-1.595251202583313
1749234896.968013,20.409561733534236,-1.5952520370483398
1749234897.0014155,20.409563240376162,-1.5952523946762085
1749234897.034822,20.409563715320093,-1.5952515602111816
1749234897.068275,20.409565348640022,-1.595251441001892
1749234897.1021385,20.409567694004366,-1.5952527523040771
1749234897.135556,20.409569390896873,-1.5952539443969727
1749234897.1690993,20.409570903270023,-1.5952551364898682
1749234897.2025373,20.409572462767116,-1.595255732536316
1749234897.2359776,20.409573434161747,-1.5952566862106323
1749234897.2693965,20.409575136447515,-1.5952565670013428
1749234897.3028224,20.40957690679872,-1.595255970954895
1749234897.3362284,20.409577847387112,-1.5952558517456055
1749234897.3696392,20.409579331583803,-1.5952569246292114
1749234897.4030573,20.409580991739524,-1.5952588319778442
1749234897.436646,20.40958248814288,-1.5952597856521606
1749234897.4703867,20.409583985508448,-1.5952597856521606
1749234897.5039344,20.409585205886334,-1.5952585935592651
1749234897.538231,20.410038401672647,-1.5955873727798462
1749234897.5716262,20.41412711297292,-1.5935124158859253
1749234897.605045,20.420533927300422,-1.5914649963378906
1749234897.638457,20.42882327145621,-1.589288353919983
1749234897.6719027,20.437628482296375,-1.5881123542785645
1749234897.7055035,20.446458439263843,-1.58659029006958
1749234897.7389195,20.452971235824954,-1.5833064317703247
1749234897.7723496,20.46249977775108,-1.5819963216781616
1749234897.805797,20.47624265793524,-1.5784430503845215
1749234897.839229,20.48556113135521,-1.5757791996002197
1749234897.8726385,20.494944548697877,-1.5741934776306152
1749234897.9061108,20.504326797346984,-1.571365237236023
1749234897.9395146,20.510828607959933,-1.569888949394226
1749234897.9729345,20.524237047778993,-1.5674747228622437
1749234898.00634,20.53379418367993,-1.5660749673843384
1749234898.0405977,20.54374596634288,-1.5647523403167725
1749234898.0748186,20.55739630059649,-1.5629372596740723
1749234898.108252,20.563744886281356,-1.5610121488571167
1749234898.1414309,20.573809282584214,-1.5597089529037476
1749234898.1751215,20.583910627402396,-1.5586851835250854
1749234898.2085268,20.594374041172614,-1.5563286542892456
1749234898.242075,20.604209490293922,-1.5550321340560913
1749234898.2756774,20.61473966129499,-1.553079605102539
1749234898.3090782,20.624596366417514,-1.5509494543075562
1749234898.3425577,20.638257969748285,-1.5495612621307373
1749234898.3765612,20.64856981550542,-1.5494822263717651
1749234898.409972,20.65544543990617,-1.5478397607803345
1749234898.4438825,20.665829432814174,-1.5483317375183105
1749234898.477259,20.67621658260708,-1.547430396080017
1749234898.5109026,20.683475243595357,-1.5454024076461792
1749234898.5443256,20.69355542112021,-1.544732689857483
1749234898.5777168,20.70401308765894,-1.543500542640686
1749234898.611311,20.714525668687017,-1.5437417030334473
1749234898.6447175,20.725045011626243,-1.5424619913101196
1749234898.6781154,20.73554894943699,-1.5420770645141602
1749234898.7905786,20.76031130945306,-1.5482534170150757
1749234898.8239777,20.761859450936107,-1.5487306118011475
1749234898.857578,20.76270332601858,-1.5486260652542114
1749234898.8912168,20.763509694273996,-1.5491913557052612
1749234898.9254146,20.768160429141503,-1.5507420301437378
1749234898.9589033,20.776111099081206,-1.5526264905929565
1749234898.992414,20.788873719603124,-1.553309679031372
1749234899.0259752,20.79518136557422,-1.5561774969100952
1749234899.05947,20.808907728358623,-1.5581905841827393
1749234899.0929375,20.81939291779533,-1.561279535293579
1749234899.1263626,20.830685389412555,-1.5623506307601929
1749234899.1598473,20.84014178642583,-1.5660738945007324
1749234899.1932528,20.851378432522555,-1.5668210983276367
1749234899.2266498,20.86191825270944,-1.566383719444275
1749234899.2600589,20.87206317418131,-1.568745493888855
1749234899.2935936,20.882642941913122,-1.5699787139892578
1749234899.3270001,20.89362635841141,-1.5713069438934326
1749234899.3604,20.903901055082088,-1.5728031396865845
1749234899.3938031,20.914191307868883,-1.5743508338928223
1749234899.4272587,20.925229016345515,-1.575438380241394
1749234899.4606795,20.939838346950463,-1.5777359008789062
1749234899.494306,20.949833149815404,-1.5774732828140259
1749234899.527688,20.96080712107903,-1.5809803009033203
1749234899.5612035,20.97108664458726,-1.5815726518630981
1749234899.5946028,20.985271670922366,-1.5829854011535645
1749234899.628024,20.996274036962454,-1.584165096282959
1749234899.661433,21.00693272464255,-1.5848947763442993
1749234899.69484,21.01759688852894,-1.5843911170959473
1749234899.72831,21.028221815787273,-1.586667537689209
1749234899.7617195,21.038914767291317,-1.5873726606369019
1749234899.7950823,21.049600159070355,-1.589677095413208
1749234899.8285344,21.062073362980403,-1.58856201171875
1749234899.8622634,21.070988737358814,-1.5897471904754639
1749234899.8957953,21.08171828157013,-1.5903056859970093
1749234899.9292362,21.09245591781022,-1.5915995836257935
1749234899.962643,21.10318431029567,-1.591701865196228
1749234899.9960508,21.113882459235505,-1.5922831296920776
1749234900.029475,21.12456471713116,-1.5925151109695435
1749234900.0628757,21.135230301096907,-1.592339038848877
1749234900.096315,21.149431446284446,-1.5935628414154053
1749234900.1297307,21.16008243741969,-1.5934690237045288
1749234900.1631484,21.174250615848628,-1.5926501750946045
1749234900.196526,21.184885605701155,-1.5931651592254639
1749234900.2298849,21.195538265580314,-1.593069314956665
1749234900.2632873,21.206549198611675,-1.5932369232177734
1749234900.296694,21.216498220251886,-1.5933066606521606
1749234900.330187,21.227523606747866,-1.593915581703186
1749234900.363586,21.238185005118442,-1.5936332941055298
1749234900.3976579,21.24848738234661,-1.5936353206634521
1749234900.4311576,21.259846521065175,-1.594723105430603
1749234900.464581,21.270145454298707,-1.594834327697754
1749234900.4980059,21.28117824831809,-1.5942013263702393
1749234900.5314856,21.288304110434282,-1.5945353507995605
1749234900.564937,21.29863016954466,-1.594584345817566
1749234900.5983453,21.30893272486925,-1.593519926071167
1749234900.63182,21.319960332424156,-1.5928667783737183
1749234900.6652272,21.331013794371874,-1.5934251546859741
1749234900.6986384,21.346687025447277,-1.592488408088684
1749234900.7320502,21.356670843626993,-1.5920761823654175
1749234900.7654152,21.366289078870608,-1.592499017715454
1749234900.798819,21.380513133590043,-1.592187762260437
1749234900.8322442,21.391165648361298,-1.5908082723617554
1749234900.8656287,21.398622949505096,-1.5900810956954956
1749234900.8990316,21.40851800753519,-1.5918422937393188
1749234900.9326098,21.419515369345216,-1.5915966033935547
1749234900.9660697,21.430159916503673,-1.590893268585205
1749234900.9994678,21.440818641795126,-1.590928554534912
1749234901.0330431,21.45147735413161,-1.590633749961853
1749234901.06668,21.465689098585134,-1.590944528579712
1749234901.1000774,21.472796135066496,-1.590739130973816
1749234901.134503,21.483108737794115,-1.5908647775650024
1749234901.1679332,21.494130991118727,-1.5893861055374146
1749234901.2013402,21.50479201645271,-1.5894495248794556
1749234901.2347016,21.515437096425405,-1.5901108980178833
1749234901.2680871,21.52606255701529,-1.5894917249679565
1749234901.3014915,21.533137745534738,-1.5885183811187744
1749234901.3350332,21.547667032765663,-1.5884296894073486
1749234901.3685377,21.5547651172605,-1.5882704257965088
1749234901.4019642,21.565060572760103,-1.587337613105774
1749234901.4354055,21.57962292556469,-1.5868760347366333
1749234901.4696379,21.589926888088918,-1.586463451385498
1749234901.5031939,21.60058415437816,-1.5857189893722534
1749234901.5366015,21.610887404504137,-1.5850814580917358
1749234901.5700457,21.62190390063473,-1.5850911140441895
1749234901.603448,21.636467987326355,-1.584025502204895
1749234901.636893,21.646415629488867,-1.5826389789581299
1749234901.670374,21.660622349715393,-1.5812108516693115
1749234901.7046604,21.67163844551643,-1.5801811218261719
1749234901.7380655,21.682299329816548,-1.579330325126648
1749234901.7714686,21.692955081215047,-1.5780061483383179
1749234901.8048801,21.70396412279257,-1.5761103630065918
1749234901.8383832,21.714247248497713,-1.573671579360962
1749234901.8717802,21.7249041413423,-1.5719789266586304
1749234901.9052603,21.735227820323217,-1.571714162826538
1749234901.9387364,21.742645296709863,-1.5680172443389893
1749234901.9721866,21.75327592708853,-1.565317153930664
1749234902.0059102,21.76744186058531,-1.5645676851272583
1749234902.03931,21.77415561539201,-1.5615589618682861
1749234902.0727155,21.789016484382802,-1.5600494146347046
1749234902.1061146,21.795752037971276,-1.5589507818222046
1749234902.1395779,21.806394961495513,-1.5578778982162476
1749234902.172983,21.81812508150469,-1.557051658630371
1749234902.2064176,21.82771809000931,-1.5560234785079956
1749234902.239866,21.83803270917878,-1.5553052425384521
1749234902.2732697,21.84906961802207,-1.5552985668182373
1749234902.3066654,21.859388486006008,-1.5545591115951538
1749234902.3400748,21.873965529053628,-1.5537911653518677
1749234902.3736098,21.884629099695232,-1.5528795719146729
1749234902.407152,21.891736576884377,-1.5523265600204468
1749234902.440604,21.9023970283753,-1.5515376329421997
1749234902.4740393,21.91661139081928,-1.5508930683135986
1749234902.5082908,21.927982224174325,-1.5504066944122314
1749234902.5417066,21.93829832287953,-1.5507019758224487
1749234902.5751247,21.94506029239443,-1.5497512817382812
1749234902.6085694,21.95573583439344,-1.549394965171814
1749234902.6420288,21.966400756376,-1.5490671396255493
1749234902.6756387,21.977063947688496,-1.5486118793487549
1749234902.7090497,21.987725468066117,-1.5481207370758057
1749234902.7426443,22.001939490486595,-1.548151969909668
1749234902.7761326,22.012599446212793,-1.5477962493896484
1749234902.809542,22.022904200452388,-1.547707438468933
1749234902.8429215,22.03782800638249,-1.5472973585128784
1749234902.8763292,22.044578863349887,-1.5474566221237183
1749234902.9098403,22.05488310782347,-1.54738450050354
1749234902.943268,22.065897472465625,-1.5471564531326294
1749234902.9766784,22.076556124193598,-1.547334909439087
1749234903.0100875,22.087214053335064,-1.5469629764556885
1749234903.044014,22.09751669528338,-1.5474179983139038
1749234903.0815985,22.111727317172296,-1.5472396612167358
1749234903.1150043,22.12273947482186,-1.5476664304733276
1749234903.148406,22.136948650122967,-1.5475010871887207
1749234903.1818173,22.147250282065077,-1.5477192401885986
1749234903.2152169,22.15826190014691,-1.5480825901031494
1749234903.2486212,22.16891868521679,-1.5482412576675415
1749234903.2822163,22.17957516177411,-1.5483964681625366
1749234903.3156297,22.190230769847666,-1.5485869646072388
1749234903.3490374,22.19733415199336,-1.5486927032470703
1749234903.3851614,22.21473672358425,-1.5489367246627808
1749234903.418588,22.222194616402366,-1.5492016077041626
1749234903.4520006,22.23284943931623,-1.5493528842926025
1749234903.485438,22.247056038472373,-1.549406886100769
1749234903.518846,22.254159386714665,-1.5495054721832275
1749234903.5522678,22.266234861728172,-1.5495229959487915
1749234903.5857146,22.27866533972332,-1.549728274345398
1749234903.6191232,22.289320262243514,-1.5498179197311401
1749234903.6525257,22.300330063027918,-1.5500324964523315
1749234903.6865823,22.310984508874917,-1.5501505136489868
1749234903.7205226,22.321639145898754,-1.550413727760315
1749234903.7539303,22.33229011396675,-1.5514647960662842
1749234903.7873142,22.348274877511155,-1.5514229536056519
1749234903.821574,22.357155487438085,-1.5509809255599976
1749234903.8550053,22.364253423556594,-1.551996111869812
1749234903.8884451,22.37846080124916,-1.5523760318756104
1749234903.9218593,22.388763874424736,-1.552940011024475
1749234903.955325,22.399778270293798,-1.553300142288208
1749234903.9887471,22.410438057579835,-1.5534496307373047
1749234904.0221603,22.421096972386596,-1.5538263320922852
1749234904.0556264,22.431755655335014,-1.5543291568756104
1749234904.089037,22.44561155338812,-1.5547361373901367
1749234904.1225255,22.456270293248227,-1.5550023317337036
1749234904.1559947,22.467283627072355,-1.5551549196243286
1749234904.1897893,22.47794074024355,-1.5557527542114258
1749234904.223202,22.488598042259706,-1.5562182664871216
1749234904.2566006,22.49925630223003,-1.5562171936035156
1749234904.2900488,22.50991353454573,-1.55666983127594
1749234904.3234951,22.520571016111923,-1.5571212768554688
1749234904.3569074,22.53122913005468,-1.5572497844696045
1749234904.3903034,22.542241496451016,-1.5576356649398804
1749234904.4237242,22.552543171989598,-1.557928442955017
1749234904.45717,22.56284455017386,-1.5581330060958862
1749234904.4905925,22.575276143413273,-1.5586333274841309
1749234904.5240366,22.584865989036775,-1.5589743852615356
1749234904.5582433,22.595166752673112,-1.5591105222702026
1749234904.5916426,22.60582238036746,-1.5594598054885864
1749234904.625044,22.616122854301466,-1.5598629713058472
1749234904.6586673,22.627134569091982,-1.559890866279602
1749234904.692196,22.637435031043193,-1.560309648513794
1749234904.7256126,22.648090591107966,-1.5605307817459106
1749234904.7596312,22.655193918324013,-1.560708999633789
1749234904.7932203,22.670820523165116,-1.5610305070877075
1749234904.827269,22.68147525096269,-1.5613455772399902
1749234904.8606832,22.691064679123162,-1.56157386302948
1749234904.8942285,22.702074642745135,-1.5618557929992676
1749234904.9277787,22.712374751239302,-1.5621144771575928
1749234904.9611926,22.723029674437452,-1.562544584274292
1749234904.9947193,22.73368543468088,-1.562736988067627
1749234905.0281332,22.743986160025404,-1.5629521608352661
1749234905.0617988,22.751444850690564,-1.5631661415100098
1749234905.0952446,22.761744725563343,-1.5634912252426147
1749234905.1286514,22.77346433601993,-1.5639160871505737
1749234905.162238,22.783763853094605,-1.564195990562439
1749234905.1957154,22.797615902015874,-1.5642799139022827
1749234905.229173,22.80827143530437,-1.5643755197525024
1749234905.2626197,22.81892668101666,-1.5648075342178345
1749234905.2966394,22.82958290204174,-1.5648632049560547
1749234905.3300447,22.837041775617564,-1.5651652812957764
1749234905.3634508,22.85053861740264,-1.565367579460144
1749234905.3997953,22.857997236418445,-1.5657578706741333
1749234905.4332454,22.87184835716197,-1.565950870513916
1749234905.4666622,22.882858011376488,-1.5662717819213867
1749234905.5000718,22.893512287794046,-1.5666399002075195
1749234905.5335174,22.90381187627347,-1.5668991804122925
1749234905.5669236,22.914822340360047,-1.5670123100280762
1749234905.600326,22.925122113906408,-1.5672990083694458
1749234905.6337314,22.93613322001277,-1.5674724578857422
1749234905.6671321,22.94643390543412,-1.5675725936889648
1749234905.700585,22.957089701188828,-1.5678322315216064
1749234905.7340574,22.968100587581308,-1.567876935005188
1749234905.7675006,22.97875566808986,-1.5681861639022827
1749234905.800903,22.989766030145017,-1.5684057474136353
1749234905.8343065,22.996514151074905,-1.5688111782073975
1749234905.8677056,23.007880238130756,-1.5689419507980347
1749234905.9011915,23.018181384522602,-1.5688940286636353
1749234905.9347029,23.02848173548436,-1.5691781044006348
1749234905.968116,23.039137838646354,-1.5692918300628662
1749234906.00152,23.049793441089406,-1.569537878036499
1749234906.034923,23.060093337992857,-1.5696871280670166
1749234906.0683525,23.071458503509838,-1.5698988437652588
1749234906.1017537,23.081757896264733,-1.5703204870224
1749234906.1351576,23.09241353958813,-1.5703237056732178
1749234906.1685863,23.10306967883697,-1.570133924484253
1749234906.202036,23.113726021099133,-1.5704190731048584
1749234906.235481,23.12402760168671,-1.5707224607467651
1749234906.2689252,23.134685151050107,-1.5707409381866455
1749234906.30238,23.145698425171503,-1.5707811117172241
1749234906.3378277,23.152803299590285,-1.5711517333984375
1749234906.3712623,23.170210260712917,-1.571289300918579
1749234906.4047067,23.181222842706518,-1.5715343952178955
1749234906.4381447,23.195076623996147,-1.5714510679244995
1749234906.4715433,23.206088048073983,-1.5719919204711914
1749234906.5049837,23.216744968307424,-1.5724223852157593
1749234906.5383854,23.227402170865,-1.5728543996810913
1749234906.5717943,23.238059145338788,-1.5731945037841797
1749234906.6051922,23.248714962937292,-1.5735430717468262
1749234906.6387403,23.259725990940744,-1.573835849761963
1749234906.6721554,23.27002424831476,-1.5746244192123413
1749234906.7056565,23.27712878948721,-1.5744472742080688
1749234906.739026,23.292404878309824,-1.5745127201080322
1749234906.7725158,23.29915256966646,-1.5753999948501587
1749234906.8059144,23.31300893823543,-1.575561761856079
1749234906.8393126,23.319759769540692,-1.5754562616348267
1749234906.872833,23.33398107510051,-1.5763391256332397
1749234906.9062362,23.34109480002445,-1.5758873224258423
1749234906.9396384,23.351760564569126,-1.5760966539382935
1749234906.973037,23.362420935547625,-1.5761271715164185
1749234907.0065954,23.373081023904266,-1.576429843902588
1749234907.0401812,23.38373598360773,-1.5751760005950928
1749234907.0737212,23.39084434725704,-1.5760854482650757
1749234907.10716,23.405410369487527,-1.5758200883865356
1749234907.140575,23.41251725900642,-1.5753880739212036
1749234907.174001,23.426361833706586,-1.5753306150436401
1749234907.2074091,23.437021314906154,-1.5752838850021362
1749234907.240808,23.447323143933424,-1.5757174491882324
1749234907.274214,23.45832911376213,-1.5751241445541382
1749234907.3076434,23.468996651965057,-1.5751169919967651
1749234907.3421462,23.4761134617332,-1.5743272304534912
1749234907.3755746,23.486795971354983,-1.5743184089660645
1749234907.4089808,23.497154722121056,-1.5729261636734009
1749234907.44241,23.50823321391182,-1.5728031396865845
1749234907.475813,23.5228662421209,-1.5713447332382202
1749234907.5092232,23.53355576260761,-1.5703060626983643
1749234907.5426736,23.54030619844629,-1.5689677000045776
1749234907.5763013,23.554465742386512,-1.565425157546997
1749234907.6097412,23.565117694638918,-1.5640604496002197
1749234907.6431081,23.579306621382074,-1.5635608434677124
1749234907.677725,23.58981473753926,-1.5590285062789917
1749234907.7111275,23.600355103494675,-1.555180311203003
1749234907.744519,23.610976745606187,-1.552425742149353
1749234907.7779226,23.6268625777027,-1.5484716892242432
1749234907.8113928,23.637041455450845,-1.5446255207061768
1749234907.84477,23.647333418565843,-1.5426232814788818
1749234907.8781776,23.656533900861223,-1.5394803285598755
1749234907.9116867,23.667522323873307,-1.5361040830612183
1749234907.9450808,23.68135171364059,-1.532818078994751
1749234907.9784694,23.692349099372603,-1.5294737815856934
1749234908.01194,23.699072982065243,-1.5254371166229248
1749234908.0467193,23.713611748234502,-1.522079348564148
1749234908.0801837,23.724201839583305,-1.517496109008789
1749234908.1136024,23.734828327796716,-1.5111278295516968
1749234908.1470306,23.74507998377097,-1.5066078901290894
1749234908.1804266,23.76062249227973,-1.5012322664260864
1749234908.2138727,23.77056829479466,-1.4976201057434082
1749234908.247342,23.780845969277422,-1.4916059970855713
1749234908.2807412,23.791415912189905,-1.4859308004379272
1749234908.314157,23.802024124629874,-1.4807747602462769
1749234908.3475692,23.81260561822546,-1.4746668338775635
1749234908.3809662,23.82312963054806,-1.467880129814148
1749234908.4143627,23.833796621632292,-1.4626586437225342
1749234908.447771,23.84090481612871,-1.459268569946289
1749234908.4811828,23.854588805839697,-1.452529788017273
1749234908.514743,23.86548184402275,-1.445452094078064
1749234908.5481515,23.87609219763807,-1.437673807144165
1749234908.5816467,23.88630540212982,-1.4305652379989624
1749234908.615092,23.897525367970424,-1.4230337142944336
1749234908.648489,23.907773210719416,-1.4166094064712524
1749234908.681891,23.918302893841922,-1.411330223083496
1749234908.7153308,23.928531902342325,-1.4023017883300781
1749234908.7500124,23.93947483874071,-1.3951756954193115
1749234908.7834318,23.953474481048247,-1.3846218585968018
1749234908.8168511,23.964096453706542,-1.3774633407592773
1749234908.850353,23.978060402924033,-1.3696587085723877
1749234908.8838103,23.988590397923108,-1.359777808189392
1749234908.9172661,23.99921335448867,-1.3529211282730103
1749234908.9506793,24.010073653140307,-1.3450735807418823
1749234908.9841454,24.020662550793137,-1.3382201194763184
1749234909.0175526,24.034600914848717,-1.3290419578552246
1749234909.050936,24.041627234491845,-1.3215391635894775
1749234909.0843341,24.05181552305915,-1.316226601600647
1749234909.117739,24.05885004206804,-1.3089698553085327
1749234909.151151,24.06973601362882,-1.3008908033370972
1749234909.1846843,24.076461632931423,-1.293248176574707
1749234909.218348,24.093459074392594,-1.2841461896896362
1749234909.251755,24.104065862881615,-1.277146339416504
1749234909.285177,24.111395419005845,-1.2687026262283325
1749234909.3185732,24.121483920474777,-1.2597790956497192
1749234909.3519695,24.132003844507686,-1.251935601234436
1749234909.3853793,24.142880704180744,-1.2435939311981201
1749234909.4187841,24.153381977134327,-1.2353087663650513
1749234909.4523103,24.167085378414992,-1.2247880697250366
1749234909.4857085,24.177882901545924,-1.2153877019882202
1749234909.5191464,24.188378667995057,-1.2068135738372803
1749234909.5525568,24.19893537377934,-1.198743224143982
1749234909.586013,24.209415790053733,-1.1898490190505981
1749234909.6195428,24.219898637231932,-1.1810506582260132
1749234909.6529684,24.230842357939046,-1.1734156608581543
1749234909.6863723,24.244363436048754,-1.1610251665115356
1749234909.719777,24.25491451222535,-1.1530653238296509
1749234909.7532675,24.265739876185837,-1.144187331199646
1749234909.7866642,24.27237603716666,-1.1382945775985718
1749234909.820069,24.28280079067312,-1.1287140846252441
1749234909.8534677,24.292968494488747,-1.1202805042266846
1749234909.8868828,24.303853329933972,-1.1113040447235107
1749234909.9202425,24.3141983772029,-1.1018112897872925
1749234909.9536414,24.324438939166036,-1.0937445163726807
1749234909.9870446,24.334848083412645,-1.0839179754257202
1749234910.020463,24.3459480383191,-1.074920654296875
1749234910.053879,24.3561379102675,-1.0663844347000122
1749234910.0873246,24.366477973442805,-1.056308627128601
1749234910.1207728,24.376638998051334,-1.0478975772857666
1749234910.1542385,24.3874524293077,-1.0385984182357788
1749234910.1877105,24.397906947922902,-1.0293889045715332
1749234910.221156,24.408434994668085,-1.0237029790878296
1749234910.2546005,24.418916899321726,-1.0114504098892212
1749234910.2880075,24.432507106321314,-1.002198576927185
1749234910.3214054,24.439866921506205,-0.9929604530334473
1749234910.3547797,24.450419351720267,-0.9843804836273193
1749234910.3882666,24.463996006794083,-0.9750179648399353
1749234910.421739,24.474825848843828,-0.9624953269958496
1749234910.45513,24.48533953993318,-0.9535905718803406
1749234910.488536,24.495483792566436,-0.9444690346717834
1749234910.521931,24.50975151701913,-0.9347510933876038
1749234910.5553625,24.516774921688054,-0.9260250329971313
1749234910.589709,24.528358930943153,-0.9173656702041626
1749234910.6231947,24.53774054644464,-0.9064985513687134
1749234910.6566935,24.548196105226328,-0.8984811305999756
1749234910.6901288,24.5590827618722,-0.889661967754364
1749234910.7235312,24.57094814647038,-0.8798032999038696
1749234910.7570298,24.579713004334725,-0.8708864450454712
1749234910.790425,24.59016394284657,-0.861167848110199
1749234910.8238332,24.600292440467307,-0.851841926574707
1749234910.8572307,24.61077595635904,-0.8424235582351685
1749234910.890589,24.62229587222428,-0.8328587412834167
1749234910.92396,24.632104630435023,-0.8237221240997314
1749234910.957318,24.646097671315616,-0.8143569231033325
1749234910.991018,24.65659657619024,-0.8051199913024902
1749234911.0245159,24.667085064341883,-0.7926660180091858
1749234911.0583422,24.677532885799007,-0.7830399870872498
1749234911.0918925,24.688401073539616,-0.7739781141281128
1749234911.1254237,24.69885335400158,-0.7642250657081604
1749234911.15898,24.7124824584078,-0.7548409700393677
1749234911.192596,24.722994743345637,-0.7426499724388123
1749234911.226035,24.733469693529255,-0.7334427237510681
1749234911.259514,24.740420063174213,-0.72633296251297
1749234911.29332,24.75443856675153,-0.7173977494239807
1749234911.3273923,24.761425517656207,-0.7073026895523071
1749234911.3610196,24.77187180212597,-0.6981592774391174
1749234911.3944223,24.785886283779508,-0.6862534880638123
1749234911.4283812,24.796407628493213,-0.6799631714820862
1749234911.4617789,24.80685599982524,-0.6669089794158936
1749234911.4951875,24.817273480862475,-0.656532347202301
1749234911.5286252,24.827794404826008,-0.6476280689239502
1749234911.5620332,24.837980110098425,-0.638526201248169
1749234911.596113,24.84945640121817,-0.6270881295204163
1749234911.6295567,24.85934451692046,-0.6202833652496338
1749234911.6630282,24.86982953304072,-0.6105566024780273
1749234911.6964612,24.880208463110677,-0.6001750230789185
1749234911.729879,24.892506397974735,-0.5910301208496094
1749234911.763289,24.902307906415416,-0.5819501280784607
1749234911.7966971,24.911728838889058,-0.5725647211074829
1749234911.830109,24.922167027614474,-0.5624955892562866
1749234911.8635173,24.93690377018837,-0.5497034192085266
1749234911.896917,24.94320330892154,-0.5437601804733276
1749234911.9303162,24.956734883207076,-0.5305611491203308
1749234911.963708,24.967623333209144,-0.5242332220077515
1749234911.9971266,24.978082029078028,-0.5116105079650879
1749234912.0305786,24.985038596312094,-0.504716157913208
1749234912.0640247,24.99553908516888,-0.4955470561981201
1749234912.097428,25.00911538310524,-0.48577043414115906
1749234912.130861,25.019689300589512,-0.4740656912326813
1749234912.1643827,25.030088523257074,-0.4636993408203125
1749234912.1977975,25.040569432161785,-0.45393604040145874
1749234912.2312026,25.051360933520566,-0.44358423352241516
1749234912.264605,25.06185670767585,-0.4346943795681
1749234912.298005,25.072380907256505,-0.4257224500179291
1749234912.3313906,25.083199018401775,-0.4154474437236786
1749234912.3647962,25.096829403007913,-0.40462052822113037
1749234912.3984954,25.10729412301097,-0.39827924966812134
1749234912.431915,25.11773109451092,-0.38883545994758606
1749234912.4656909,25.128203489840132,-0.37976571917533875
1749234912.4991212,25.138655448419858,-0.367765873670578
1749234912.532524,25.149149979632735,-0.3586774170398712
1749234912.5659344,25.159275335133778,-0.34966930747032166
1749234912.5995011,25.166239608515788,-0.3403392434120178
1749234912.6358154,25.1805070972859,-0.33070576190948486
1749234912.669224,25.187465489631602,-0.3241404891014099
1749234912.702991,25.19791783793811,-0.3159478008747101
1749234912.7364407,25.20877061000811,-0.30699968338012695
1749234912.769889,25.222388419129334,-0.29787757992744446
1749234912.8033936,25.23292531425826,-0.2865501940250397
1749234912.8368,25.24339557488576,-0.27774468064308167
1749234912.8702092,25.253879673526345,-0.2687146067619324
1749234912.9036214,25.26445400261188,-0.2611267566680908
1749234912.9370356,25.27843470419481,-0.25192955136299133
1749234912.9704533,25.285090156328007,-0.2434471845626831
1749234913.003854,25.295985270414587,-0.23538817465305328
1749234913.0372999,25.30649140518396,-0.2270856350660324
1749234913.0708225,25.316732293135765,-0.21979749202728271
1749234913.104223,25.32760249043718,-0.21176856756210327
1749234913.137631,25.338221568281522,-0.2052929699420929
1749234913.1710358,25.34841829382239,-0.20017194747924805
1749234913.2044735,25.356151144288653,-0.1925845891237259
1749234913.2378855,25.366056457552265,-0.18625448644161224
1749234913.2713351,25.37693203820168,-0.17842166125774384
1749234913.3048065,25.391441813710333,-0.17064332962036133
1749234913.3382099,25.40164746421316,-0.1659499704837799
1749234913.3716185,25.412234407764924,-0.15753336250782013
1749234913.405065,25.422850945054122,-0.1518671214580536
1749234913.438648,25.433083732053657,-0.1453966647386551
1749234913.472042,25.4443857650109,-0.13965275883674622
1749234913.5067055,25.454311951782927,-0.1345878541469574
1749234913.5401073,25.461387489413788,-0.13102056086063385
1749234913.5735598,25.47233617937711,-0.1254124790430069
1749234913.6069684,25.487215481988073,-0.12028919905424118
1749234913.640366,25.493594302553404,-0.11590910702943802
1749234913.6737664,25.503842765010926,-0.11048168689012527
1749234913.707167,25.51838007248824,-0.10643128305673599
1749234913.741763,25.525467379168166,-0.10209639370441437
1749234913.775498,25.53609139529504,-0.09782248735427856
1749234913.809053,25.546384818359673,-0.09421189874410629
1749234913.842473,25.56092916571739,-0.089302659034729
1749234913.8759677,25.567672281526058,-0.08695923537015915
1749234913.9094608,25.581837247493098,-0.08188538998365402
1749234913.9428914,25.592864101153843,-0.07935522496700287
1749234913.9763176,25.603859137460738,-0.07561492174863815
1749234914.0101445,25.617701061512747,-0.0717390924692154
1749234914.0436697,25.628681402919522,-0.06829413026571274
1749234914.0778203,25.63846977424769,-0.06677956879138947
1749234914.1112304,25.647598700096754,-0.0659106895327568
1749234914.144634,25.652568659638018,-0.06419994682073593
1749234914.1781108,25.656599649701302,-0.06318449229001999
1749234914.211521,25.660090847260637,-0.06209893524646759
1749234914.2449462,25.662392542661074,-0.06196510046720505
1749234914.2783887,25.666949476527368,-0.06100892648100853
1749234914.31189,25.669018544968825,-0.06041603907942772
1749234914.3453703,25.672257287539704,-0.05957210808992386
1749234914.378759,25.67561345037219,-0.059432439506053925
1749234914.4121635,25.67861708910332,-0.058250512927770615
1749234914.4455721,25.68195483994888,-0.05832894891500473
1749234914.479063,25.685088948627495,-0.05719544366002083
1749234914.5124838,25.688452634929337,-0.056552499532699585
1749234914.545897,25.69170848480583,-0.05686384066939354
1749234914.5793388,25.695911225987544,-0.056293077766895294
1749234914.6127398,25.699238645775356,-0.05583486333489418
1749234914.64614,25.702449692067475,-0.05573313683271408
1749234914.6796005,25.70556963342458,-0.05490101873874664
1749234914.7130072,25.708831982825053,-0.05528080090880394
1749234914.746609,25.71241489104212,-0.0547834150493145
1749234914.7800512,25.715698856761737,-0.05379417911171913
1749234914.8134594,25.719315624008484,-0.05328969284892082
1749234914.8469524,25.722483347657082,-0.05363009497523308
1749234914.88036,25.72593391966084,-0.052744053304195404
1749234914.9137723,25.72911809724744,-0.05211696773767471
1749234914.9477088,25.732348031158452,-0.05160314217209816
1749234914.9814847,25.736500684150865,-0.052212636917829514
1749234915.014896,25.73974702256297,-0.05121525377035141
1749234915.0482967,25.7428528637179,-0.05165795236825943
1749234915.0854242,25.745947576378285,-0.050840578973293304
1749234915.1188285,25.749027004560503,-0.05130616948008537
1749234915.1522353,25.752076887700476,-0.050439149141311646
1749234915.1856549,25.755072441432624,-0.05094976723194122
1749234915.2190664,25.759139726456354,-0.050594672560691833
1749234915.252469,25.761976756434905,-0.04972759634256363
1749234915.2858217,25.764573534922373,-0.04998672753572464
1749234915.319205,25.76738937632798,-0.05002054199576378
1749234915.3526046,25.76998409704,-0.04936063662171364
1749234915.386026,25.771674053099698,-0.0497172512114048
1749234915.4194248,25.774477850637897,-0.04946133494377136
1749234915.4528139,25.77705571195331,-0.04963916912674904
1749234915.4862318,25.77952933398559,-0.04879092425107956
1749234915.5197413,25.783379126864897,-0.04923499748110771
1749234915.553145,25.78546448645013,-0.048250507563352585
1749234915.5865507,25.78703974749257,-0.04900095984339714
1749234915.6200848,25.78953255663966,-0.048036884516477585
1749234915.653482,25.792742768780293,-0.047624871134757996
1749234915.6868796,25.79497792666737,-0.047566741704940796
1749234915.7203019,25.797301798355434,-0.04755124822258949
1749234915.753712,25.799580863760088,-0.04685650020837784
1749234915.7871225,25.802395281155167,-0.046428050845861435
1749234915.8216999,25.80453007317105,-0.0463990718126297
1749234915.8551097,25.80736077549192,-0.046369679272174835
1749234915.8884814,25.80931067081356,-0.04575958102941513
1749234915.921941,25.811303772347593,-0.04548085853457451
1749234915.9553514,25.81328211212662,-0.04555996134877205
1749234915.9887595,25.815238422624198,-0.04479780048131943
1749234916.0221107,25.81720769012484,-0.045399460941553116
1749234916.0555272,25.819127215834833,-0.04437624663114548
1749234916.088931,25.82098422348348,-0.04471622779965401
1749234916.122479,25.822753169760126,-0.044624850153923035
1749234916.1558833,25.824716727518584,-0.043763283640146255
1749234916.189339,25.82697683012363,-0.04398983716964722
1749234916.2227979,25.828133686637404,-0.043578218668699265
1749234916.2562006,25.829833472434103,-0.04305693134665489
1749234916.2896552,25.831539082202006,-0.04347740113735199
1749234916.323101,25.8332023221454,-0.04249594360589981
1749234916.3566554,25.834331624488605,-0.04216529428958893
1749234916.3901901,25.835927973046786,-0.0428520031273365
1749234916.4236825,25.837508920774834,-0.04171360656619072
1749234916.457154,25.839560481733365,-0.04132957011461258
1749234916.490553,25.84058320331424,-0.041810378432273865
1749234916.52397,25.84214099822906,-0.04173887521028519
1749234916.5573716,25.843669364134,-0.04079499840736389
1749234916.5907943,25.845570533841816,-0.041047222912311554
1749234916.6241736,25.847026785733647,-0.040735069662332535
1749234916.6576703,25.848555386125522,-0.040957119315862656
1749234916.6911354,25.850314684935146,-0.040417443960905075
1749234916.7248154,25.85122481630785,-0.039792198687791824
1749234916.7587404,25.85259518825453,-0.04008222371339798
1749234916.7921526,25.853900979352847,-0.04001150280237198
1749234916.825559,25.855253037860106,-0.03984776884317398
1749234916.8590264,25.85657265434208,-0.03966526314616203
1749234916.8924358,25.857796682802455,-0.039936602115631104
1749234916.9258862,25.859126450676634,-0.039362527430057526
1749234916.959359,25.85986388400184,-0.039035435765981674
1749234916.992756,25.861490267932183,-0.039105892181396484
1749234917.0261607,25.86268522500821,-0.03913092613220215
1749234917.059575,25.86384887317025,-0.03883702680468559
1749234917.093313,25.864990248054077,-0.03862269967794418
1749234917.1305933,25.8664722435462,-0.03830432519316673
1749234917.164027,25.867567456787977,-0.03835119679570198
1749234917.1974454,25.868647942601072,-0.03830576315522194
1749234917.2308908,25.86971910951078,-0.037950240075588226
1749234917.2642908,25.8709924038817,-0.03806940093636513
1749234917.2976947,25.871788057980407,-0.03777481988072395
1749234917.3310544,25.873174515645935,-0.037575382739305496
1749234917.3644655,25.87350634276102,-0.03754863888025284
1749234917.3978734,25.874860119069588,-0.03745675086975098
1749234917.4312835,25.875794781843904,-0.03723476082086563
1749234917.464862,25.876754130054202,-0.03711400926113129
1749234917.4983113,25.877690715154127,-0.03698598966002464
1749234917.5319057,25.878619322899805,-0.03688076511025429
1749234917.5653539,25.879526125672534,-0.03666168823838234
1749234917.598871,25.880429953133188,-0.03658698499202728
1749234917.632285,25.881344415973672,-0.03655308857560158
1749234917.6656857,25.88218449250081,-0.03645284101366997
1749234917.6993735,25.882810884638577,-0.036367446184158325
1749234917.7327745,25.883873677509502,-0.03619737550616264
1749234917.766186,25.884400689665707,-0.03615640103816986
1749234917.7995934,25.885242726720794,-0.03592735528945923
1749234917.8330362,25.886113503786067,-0.03575225546956062
1749234917.8666294,25.887193693661022,-0.03569372370839119
1749234917.900071,25.887863596269153,-0.03556587174534798
1749234917.933519,25.888638657450485,-0.03550039976835251
1749234917.9669182,25.88897131958505,-0.03546948358416557
1749234918.0003295,25.889194437547697,-0.03544609248638153
1749234918.0337267,25.88934731643805,-0.035438764840364456
1749234918.06713,25.88941395809138,-0.03546254336833954
1749234918.1006422,25.88944179425181,-0.03543446585536003
1749234918.1340706,25.889466890249963,-0.03545394912362099
1749234918.1682172,25.889479626480863,-0.035445019602775574
1749234918.2016428,25.889485903494975,-0.03545156493782997
1749234918.2350416,25.88948936726078,-0.03544774278998375
1749234918.2684512,25.889492032369766,-0.03545093163847923
1749234918.301881,25.8894937209461,-0.03544824570417404
1749234918.3352864,25.88950102237963,-0.03546272963285446
1749234918.3687494,25.889497810334028,-0.03545254096388817
1749234918.4022448,25.889501658946596,-0.03546064347028732
1749234918.4356718,25.88950578624025,-0.03547581285238266
1749234918.4690785,25.8895049832804,-0.035460952669382095
1749234918.5024793,25.889510511859513,-0.03547992184758186
1749234918.535923,25.889510569047253,-0.03546438366174698
1749234918.569338,25.889513501541245,-0.035469770431518555
1749234918.6027088,25.88951470136446,-0.03546944633126259
1749234918.6361682,25.889516655085917,-0.03547642379999161
1749234918.669572,25.889522147315578,-0.03546586260199547
1749234918.7032254,25.889526854956507,-0.03545254096388817
1749234918.7366257,25.88953455162272,-0.03546961396932602
1749234918.7700386,25.889531462510863,-0.03546210750937462
1749234918.8034487,25.88954092490106,-0.03548813611268997
1749234918.836848,25.88953818411015,-0.03547897934913635
1749234918.870732,25.889542525067572,-0.03549438714981079
1749234918.9046593,25.88954833240022,-0.03547948598861694
1749234918.9380953,25.889548508023456,-0.03547678515315056
1749234918.971492,25.889554534976984,-0.03550286218523979
1749234919.0057929,25.88955099117133,-0.03547568619251251
1749234919.039193,25.889558277529595,-0.03550240769982338
1749234919.0725663,25.889558853294577,-0.03548860922455788
1749234919.1059654,25.889560613649106,-0.03549642115831375
1749234919.139364,25.889567034844017,-0.035500649362802505
1749234919.1728358,25.889567827605905,-0.03550273925065994
1749234919.2063189,25.889569273394553,-0.0355018712580204
1749234919.239749,25.88957341092509,-0.03550504893064499
1749234919.2732215,25.889580513164702,-0.03551025316119194
1749234919.3067446,25.88957725092689,-0.0355057455599308
1749234919.3402245,25.889580571284164,-0.035507578402757645
1749234919.3736708,25.889582507340112,-0.035509899258613586
1749234919.4070702,25.889583807736464,-0.03550734370946884
1749234919.440471,25.889592555084242,-0.035507380962371826
1749234919.4738872,25.889591911019924,-0.035501811653375626
1749234919.5073023,25.889599074817824,-0.035510286688804626
1749234919.5407474,25.889596422914654,-0.035507507622241974
1749234919.574209,25.889606990484108,-0.035520076751708984
1749234919.607609,25.889603283309732,-0.03550747036933899
1749234919.6410553,25.88961093696673,-0.03553050383925438
1749234919.6744647,25.889611022291867,-0.035518452525138855
1749234919.7078629,25.88961974078062,-0.03553786501288414
1749234919.7412643,25.889619515476706,-0.03553074970841408
1749234919.7747226,25.889621755226926,-0.03553793206810951
1749234919.8081298,25.88962665086979,-0.03552903234958649
1749234919.8415377,25.88963639776671,-0.03555261716246605
1749234919.8749433,25.88963253697314,-0.03553750365972519
1749234919.9084153,25.889640684550262,-0.035514071583747864
1749234919.9418416,25.889647384609834,-0.03551644831895828
1749234919.975248,25.889648690564865,-0.03550805523991585
1749234920.0086446,25.88965066680253,-0.03550665080547333
1749234920.0420873,25.889654192807562,-0.035506147891283035
1749234920.0755787,25.889656014529006,-0.03550824150443077
1749234920.1089804,25.88965725416247,-0.0355086624622345
1749234920.14239,25.889664987738055,-0.03552377596497536
1749234920.1758385,25.889662407606156,-0.035512182861566544
1749234920.209285,25.889670328374304,-0.03552418574690819
1749234920.2426894,25.889673971124214,-0.03552738204598427
1749234920.2761006,25.88967821924285,-0.03553403913974762
1749234920.309504,25.889677358492808,-0.03553452342748642
1749234920.3429039,25.889684670119177,-0.0355306938290596
1749234920.3763087,25.88969081362493,-0.035539593547582626
1749234920.4097464,25.88968856983133,-0.03553179278969765
1749234920.4431462,25.889692129066095,-0.03552646562457085
1749234920.4765437,25.889700051810884,-0.03553865849971771
1749234920.5103009,25.88969909270443,-0.03553995117545128
1749234920.5437212,25.8896997782869,-0.03553679585456848
1749234920.5771258,25.8897099725391,-0.035530366003513336
1749234920.6105328,25.889706375449407,-0.03551272302865982
1749234920.6439474,25.889716542176263,-0.03553761541843414
1749234920.6774936,25.889713481872068,-0.03551767021417618
1749234920.7108903,25.88971805272786,-0.03552594408392906
1749234920.7443504,25.889718154181242,-0.03552607074379921
1749234920.7777543,25.889721102649496,-0.03553830459713936
1749234920.811151,25.889726540110736,-0.035546619445085526
1749234920.8446467,25.889729713731132,-0.03552869334816933
1749234920.8780718,25.889730872166982,-0.03552249073982239
1749234920.9116297,25.889733533555916,-0.03552847355604172
1749234920.9450972,25.889741230874396,-0.03594687953591347
1749234920.9786344,25.893063191602234,-0.03523104637861252
1749234921.0120802,25.899024007377847,-0.030758654698729515
1749234921.045486,25.906502533876495,-0.02802884764969349
1749234921.0789623,25.917068895163627,-0.025033971294760704
1749234921.1124024,25.925663755638396,-0.02255181036889553
1749234921.1461349,25.93473108300198,-0.018850266933441162
1749234921.1817787,25.943692316026144,-0.01621696911752224
1749234921.2152374,25.955898914381372,-0.014879361726343632
1749234921.2486658,25.968792592007244,-0.010899980552494526
1749234921.2820754,25.978691408223078,-0.007674985099583864
1749234921.3155248,25.98967631319895,-0.005342313088476658
1749234921.3489387,25.999184674531275,-0.0033416554797440767
1749234921.3823824,26.00967731762287,-0.0006565917283296585
1749234921.41581,26.01826432994681,0.0024777764920145273
1749234921.449222,26.028179535974147,0.004382421728223562
1749234921.4826424,26.037496341468415,0.006951022427529097
1749234921.5160816,26.04718804586103,0.008756181225180626
1749234921.5495002,26.05688386273929,0.011455303989350796
1749234921.5829067,26.069871588003718,0.01358190830796957
1749234921.6163495,26.076738645482138,0.015034043230116367
1749234921.6497705,26.08656257248233,0.01743423193693161
1749234921.683221,26.096132625693077,0.017938371747732162
1749234921.7166843,26.10604703566574,0.021399248391389847
1749234921.7500882,26.116035481329916,0.022419361397624016
1749234921.7835383,26.12570773209833,0.02413603849709034
1749234921.8169153,26.136111149309006,0.02518889494240284
1749234921.8503296,26.146214580610582,0.026920855045318604
1749234921.8837328,26.156369260382753,0.027959855273365974
1749234921.9171326,26.166545410730663,0.029562372714281082
1749234921.9505482,26.18080218089552,0.031882550567388535
1749234921.9839518,26.190355580700928,0.03287779912352562
1749234922.0173466,26.202272878407822,0.035045452415943146
1749234922.0507991,26.210761422583822,0.03616457059979439
1749234922.084256,26.220901242967,0.03403336554765701
1749234922.1176634,26.23107369892157,0.03213857114315033
1749234922.1510847,26.241316572972604,0.031215481460094452
1749234922.1844985,26.25496428567707,0.028392652049660683
1749234922.218996,26.265221832615662,0.02711573988199234
1749234922.2523963,26.272775357726196,0.02669585309922695
1749234922.2857864,26.282348216024516,0.02462177351117134
1749234922.3192055,26.29258165400201,0.02241513878107071
1749234922.35268,26.30284329298086,0.02189454808831215
1749234922.3860774,26.31652018272257,0.02031390555202961
1749234922.4195087,26.32336117142364,0.018972642719745636
1749234922.4529378,26.333628726880914,0.017681783065199852
1749234922.4863439,26.34355543841699,0.01627398654818535
1749234922.5197568,26.35450591944613,0.014722687192261219
1749234922.553254,26.364440256152918,0.013641404919326305
1749234922.5866554,26.374741568111894,0.011574827134609222
1749234922.6200566,26.38507082471117,0.011471478268504143
1749234922.6536858,26.395667088401954,0.008966236375272274
1749234922.6870918,26.405599699786045,0.007557346951216459
1749234922.7206786,26.41931188067939,0.007311291992664337
1749234922.75409,26.429927029700366,0.005843919236212969
1749234922.7874897,26.43985953023892,0.0051008122973144054
1749234922.8208866,26.449779684270627,0.0035166190937161446
1749234922.854321,26.460406963978784,0.0028238624799996614
1749234922.8877306,26.470700548354817,0.00113104865886271
1749234922.9211628,26.48102276887668,0.0010345694608986378
1749234922.9545357,26.491318222623715,-0.00023291297839023173
1749234922.9879751,26.50128713256862,-0.0008417164790444076
1749234923.0219498,26.51192304721725,-0.0024363838601857424
1749234923.055355,26.5225538702037,-0.0032265507616102695
1749234923.088759,26.535905032362397,-0.004371989984065294
1749234923.1221669,26.54276541826508,-0.0053545511327683926
1749234923.1555471,26.553065287959743,-0.00506121851503849
1749234923.1889544,26.56336544100119,-0.006033170502632856
1749234923.2223632,26.573663819282192,-0.006382426247000694
1749234923.2557764,26.587383198326012,-0.007789193652570248
1749234923.2891848,26.597648926151784,-0.008237415924668312
1749234923.3225968,26.60755901809251,-0.007480854634195566
1749234923.3560042,26.617805572266857,-0.007369156926870346
1749234923.3896806,26.628047007061546,-0.008398286066949368
1749234923.4230485,26.63489087676176,-0.009212526492774487
1749234923.4564605,26.64551068550942,-0.00894048810005188
1749234923.48988,26.65577575200505,-0.009875413961708546
1749234923.523284,26.66912353912587,-0.01036520954221487
1749234923.5566838,26.679733022507754,-0.010497989133000374
1749234923.59009,26.689655518226456,-0.011211412958800793
1749234923.6235008,26.70063535990302,-0.011533384211361408
1749234923.656912,26.710576451977975,-0.012576773762702942
1749234923.690699,26.720855898968516,-0.012064462527632713
1749234923.7241077,26.73420491690248,-0.012015299871563911
1749234923.7580569,26.745154094498627,-0.011865625157952309
1749234923.7920055,26.754727130576235,-0.012294134125113487
1749234923.825849,26.765327423977077,-0.012660285457968712
1749234923.8593175,26.775932997575143,-0.012812421657145023
1749234923.8927257,26.785851980356217,-0.013338623568415642
1749234923.9261308,26.79612351332947,-0.013692736625671387
1749234923.9595416,26.80949254130011,-0.012862148694694042
1749234923.9929495,26.820447332508866,-0.013713601976633072
1749234924.0263646,26.830391058235787,-0.013229011557996273
1749234924.0598233,26.836904059935673,-0.013934495858848095
1749234924.0932279,26.84821273942519,-0.013899841345846653
1749234924.127283,26.858136196682338,-0.013972112908959389
1749234924.160731,26.87147268180725,-0.013995357789099216
1749234924.1941326,26.881747031238685,-0.013649472035467625
1749234924.227539,26.892013047607545,-0.014655417762696743
1749234924.2609725,26.90230690177513,-0.014238229021430016
1749234924.2944205,26.915706494333435,-0.015408462844789028
1749234924.3279707,26.9263535923627,-0.015164842829108238
1749234924.3613708,26.936643835438446,-0.015383652411401272
1749234924.3948033,26.946911280283935,-0.015517819672822952
1749234924.4283528,26.957192434244554,-0.01574409194290638
1749234924.461802,26.967452378395055,-0.016247451305389404
1749234924.4953163,26.977386453402186,-0.015452930703759193
1749234924.5287228,26.98458425253088,-0.015910174697637558
1749234924.5625505,26.995204341829517,-0.01591096632182598
1749234924.5960338,27.005130804293955,-0.01624530740082264
1749234924.6294522,27.01539706206359,-0.01616428978741169
1749234924.6628594,27.025668388188603,-0.016387946903705597
1749234924.6962616,27.03559595134132,-0.01570202223956585
1749234924.729704,27.04962229250811,-0.015612270683050156
1749234924.7631035,27.059882638544284,-0.015386443585157394
1749234924.7965443,27.07082497995752,-0.015047713182866573
1749234924.8299441,27.08039896183171,-0.015063443221151829
1749234924.8633387,27.08723692471884,-0.014872840605676174
1749234924.8967452,27.100910762823265,-0.013631136156618595
1749234924.930099,27.111165158748584,-0.012972258031368256
1749234924.9635587,27.121434525585066,-0.012110205367207527
1749234924.996956,27.13136819336652,-0.0104233892634511
1749234925.0304387,27.14235249938603,-0.010020221583545208
1749234925.0638359,27.15228009385516,-0.008749551139771938
1749234925.0972397,27.16254016749384,-0.007924473844468594
1749234925.130638,27.172761339715173,-0.007912862114608288
1749234925.1640365,27.18289628473607,-0.005037120543420315
1749234925.1983335,27.193136958794884,-0.004278264474123716
1749234925.2317476,27.203403753996092,-0.00236725527793169
1749234925.2651618,27.217082453275964,0.0007191424956545234
1749234925.2985184,27.227334722428786,0.0029600667767226696
1749234925.3319628,27.241012695471802,0.0051009212620556355
1749234925.3653774,27.251633291836466,0.006458762101829052
1749234925.3987978,27.261547938964025,0.009281162172555923
1749234925.432244,27.271834785498093,0.00974143948405981
1749234925.4656413,27.278678874857366,0.011546008288860321
1749234925.4990485,27.28893668299785,0.012920311652123928
1749234925.5324037,27.302275977532553,0.01299651712179184
1749234925.565802,27.309460922081502,0.01355536188930273
1749234925.6030915,27.31937732606609,0.014311471953988075
1749234925.636503,27.32963520399477,0.014788871631026268
1749234925.6699605,27.343653659445867,0.01546892337501049
1749234925.7035232,27.35424865665806,0.015807051211595535
1749234925.7369742,27.363813351062028,0.016637369990348816
1749234925.7709365,27.374418938298373,0.017348062247037888
1749234925.8043506,27.384329068121428,0.01786850206553936
1749234925.837758,27.391509268775447,0.01846616342663765
1749234925.8711607,27.401426339785967,0.01868964172899723
1749234925.9045644,27.415448181011502,0.018828989937901497
1749234925.9379778,27.422629531879124,0.01948739029467106
1749234925.9713845,27.432893211056594,0.019751809537410736
1749234926.0048127,27.442821973595134,0.01990138180553913
1749234926.0382204,27.453077581873025,0.02013358660042286
1749234926.0716221,27.463676271458915,0.02048107422888279
1749234926.1050448,27.477017382443368,0.020658599212765694
1749234926.1384492,27.487626642113497,0.020766785368323326
1749234926.1718524,27.497545904004845,0.02119281142950058
1749234926.2052577,27.507471155347925,0.020995784550905228
1749234926.2387812,27.514659533985927,0.02123277820646763
1749234926.2721908,27.524931995868894,0.021321682259440422
1749234926.3056083,27.535187691632437,0.0214451365172863
1749234926.339021,27.545451395041077,0.021408293396234512
1749234926.3724298,27.55707742803044,0.021340955048799515
1749234926.405856,27.56596983885705,0.02117897756397724
1749234926.439327,27.58000082223089,0.021239686757326126
1749234926.4727378,27.58991065002008,0.021243957802653313
1749234926.5061824,27.600177186129404,0.021109197288751602
1749234926.5395315,27.610440520077674,0.02161269262433052
1749234926.5729785,27.62071099901865,0.021473092958331108
1749234926.606424,27.63099727623983,0.02124084159731865
1749234926.6398706,27.640939273223882,0.021423984318971634
1749234926.6732872,27.651552666444648,0.021227598190307617
1749234926.7067783,27.661817023737132,0.021104194223880768
1749234926.74022,27.673103598598686,0.02086765132844448
1749234926.773627,27.68267852972121,0.02059771865606308
1749234926.807032,27.692252574877923,0.02043052762746811
1749234926.8404417,27.702851988436993,0.020276928320527077
1749234926.873915,27.713109029241856,0.02019648253917694
1749234926.9074032,27.72336538351883,0.020001137629151344
1749234926.9408052,27.730202737858754,0.019786322489380836
1749234926.9742973,27.74045876120083,0.01947406493127346
1749234927.0083466,27.7507147090373,0.019298411905765533
1749234927.0427341,27.761312308159592,0.019136842340230942
1749234927.076139,27.772934823638423,0.01880895532667637
1749234927.1098785,27.782164135520553,0.0184902586042881
1749234927.1432824,27.79173535152364,0.01830831542611122
1749234927.1768804,27.801989656106862,0.018057163804769516
1749234927.2102823,27.815660583920238,0.017627447843551636
1749234927.2439332,27.822154574652945,0.017638104036450386
1749234927.277336,27.832748897766916,0.01734144613146782
1749234927.311229,27.84641823708445,0.01715315505862236
1749234927.3446722,27.85325235545041,0.01689896546304226
1749234927.3780808,27.86350285631262,0.016694670543074608
1749234927.411481,27.873412068708554,0.016561949625611305
1749234927.444904,27.88127164173117,0.016464514657855034
1749234927.4783063,27.890839865790667,0.01630409061908722
1749234927.5116708,27.90109096984678,0.01615207828581333
1749234927.5451221,27.9113425395029,0.015832239761948586
1749234927.5785377,27.921595230404357,0.015795156359672546
1749234927.6119432,27.9321880105526,0.015553733333945274
1749234927.645349,27.942097472244864,0.015408066101372242
1749234927.6787832,27.95200720951244,0.01535834837704897
1749234927.7121909,27.959183370500117,0.015257247723639011
1749234927.7456489,27.972851963715627,0.014872877858579159
1749234927.7793188,27.983103034861735,0.014502868056297302
1749234927.8127239,27.993354545905138,0.014251548796892166
1749234927.8461907,28.003265226505537,0.01405288651585579
1749234927.8797383,28.01385896108724,0.013983529061079025
1749234927.9131424,28.024111041287608,0.013778815045952797
1749234927.946605,28.03778036952428,0.01331979688256979
1749234927.9800754,28.044615756740708,0.013211816549301147
1749234928.0135262,28.05486921917914,0.013212382793426514
1749234928.04694,28.064780059012417,0.012879136018455029
1749234928.0803444,28.07537940447708,0.013140786439180374
1749234928.1138005,28.08443047395987,0.01239344198256731
1749234928.1472054,28.09110511326956,0.012495222501456738
1749234928.1806479,28.095919185540208,0.01181965321302414
1749234928.2140577,28.099927365562106,0.011770850978791714
1749234928.2475736,28.102476709635802,0.011751831509172916
1749234928.2810292,28.105811359266706,0.01168100442737341
1749234928.3144464,28.10913803293311,0.011290249414741993
1749234928.3478906,28.11239999929657,0.011284521780908108
1749234928.3812985,28.11563169803997,0.011228293180465698
1749234928.4146893,28.118846294756136,0.010851998813450336
1749234928.4481304,28.123130885200652,0.010861453600227833
1749234928.4816067,28.126234975822626,0.010205630213022232
1749234928.5150082,28.129581373718235,0.010717157274484634
1749234928.5484962,28.13280128869934,0.009756355546414852
1749234928.58192,28.135922843254786,0.009994654916226864
1749234928.615322,28.139391256692452,0.00906651932746172
1749234928.6487305,28.142523959011477,0.009035896509885788
1749234928.6821382,28.144569724249134,0.008951932191848755
1749234928.7157636,28.147779319240026,0.008350643329322338
1749234928.7491636,28.152174162331587,0.007580195553600788
1749234928.7825701,28.15543603747126,0.007699906826019287
1749234928.8159685,28.159668907702528,0.006544577889144421
1749234928.8493705,28.162591560764305,0.006659190636128187
1749234928.8827438,28.165221214309902,0.005554464180022478
1749234928.9166937,28.170104746368796,0.005333621520549059
1749234928.9501505,28.172768690717778,0.00496669951826334
1749234928.9836755,28.17686088019986,0.004637083038687706
1749234929.017123,28.181081927907872,0.0037163509987294674
1749234929.0505338,28.185026036021924,0.0031665898859500885
1749234929.0839815,28.190685761509265,0.0019208696903660893
1749234929.1184268,28.194537061630825,0.0007495079771615565
1749234929.1518278,28.198459987883947,0.0002615663397591561
1749234929.185232,28.20104128237203,-0.0009626657119952142
1749234929.2187784,28.205032727610252,-0.0009212390868924558
1749234929.252961,28.209969916611765,-0.0025683906860649586
1749234929.2863798,28.213707897581347,-0.0034385386388748884
1749234929.3198493,28.21727357466245,-0.004145324230194092
1749234929.358958,28.221079941945902,-0.0052739777602255344
1749234929.392367,28.2244131052437,-0.006851845886558294
1749234929.425779,28.22787486994965,-0.00680359173566103
1749234929.459252,28.23237517082671,-0.008122598752379417
1749234929.4926536,28.23558984316839,-0.009075894951820374
1749234929.5260854,28.238950573546735,-0.01020430214703083
1749234929.5594969,28.242181869000206,-0.009970070794224739
1749234929.5931947,28.245422265963608,-0.011469509452581406
1749234929.6266341,28.248434620755617,-0.012500056996941566
1749234929.6600423,28.251535216530495,-0.01216254010796547
1749234929.6934838,28.254564234562146,-0.012757687829434872
1749234929.7268922,28.257526383826548,-0.013784024864435196
1749234929.760293,28.261825217498046,-0.013939844444394112
1749234929.7936997,28.263247422020225,-0.015358872711658478
1749234929.8271856,28.26620628296091,-0.015402136370539665
1749234929.8606012,28.269010863961743,-0.01669846475124359
1749234929.8940122,28.271807535518263,-0.016945762559771538
1749234929.9277146,28.274541328743386,-0.018172256648540497
1749234929.9612627,28.277267140252505,-0.01803719624876976
1749234929.9947083,28.27985098221945,-0.019012590870261192
1749234930.0282526,28.28264374423176,-0.019554413855075836
1749234930.061729,28.28512614981052,-0.02014010213315487
1749234930.095146,28.28705781045474,-0.020849021151661873
1749234930.1285458,28.290134009578445,-0.020574519410729408
1749234930.1620452,28.293322925911628,-0.021168747916817665
1749234930.1954548,28.295684414600814,-0.021759899333119392
1749234930.2288892,28.297167875022616,-0.022887414321303368
1749234930.2622936,28.300086813861924,-0.02280353382229805
1749234930.2957382,28.30274680798183,-0.02375786565244198
1749234930.3291426,28.305063648779768,-0.024108633399009705
1749234930.362551,28.307244727432117,-0.024438567459583282
1749234930.3959568,28.30953093303817,-0.02424750104546547
1749234930.429304,28.31243204976455,-0.025111062452197075
1749234930.4626975,28.31386078388759,-0.025492029264569283
1749234930.4960938,28.31597858997053,-0.02523895539343357
1749234930.529493,28.317961213323397,-0.02613089792430401
1749234930.562905,28.320045400521273,-0.026106156408786774
1749234930.5964184,28.322019285870823,-0.026050221174955368
1749234930.6299248,28.323320391209112,-0.02638995461165905
1749234930.6633325,28.325258647896977,-0.026250667870044708
1749234930.696766,28.327816645415204,-0.026951288804411888
1749234930.7301555,28.32969216560653,-0.02712777629494667
1749234930.7635567,28.330920661715552,-0.026983916759490967
1749234930.796967,28.332774438348313,-0.027694519609212875
1749234930.8303835,28.33462004372074,-0.027560440823435783
1749234930.8637838,28.336989264714234,-0.027409998700022697
1749234930.8971803,28.3387517591238,-0.02803773432970047
1749234930.9305844,28.339920183583168,-0.027592884376645088
1749234930.9641888,28.3421344703229,-0.02789704129099846
1749234930.997632,28.343789255811615,-0.028257125988602638
1749234931.0309887,28.3454138841338,-0.028492184355854988
1749234931.0643907,28.34652426838305,-0.028147488832473755
1749234931.097793,28.348073674812905,-0.028398657217621803
1749234931.1317706,28.349599487996073,-0.028381921350955963
1749234931.165173,28.35110251181837,-0.02869326062500477
1749234931.198599,28.35259883406251,-0.028454793617129326
1749234931.2320418,28.354578052248996,-0.028673190623521805
1749234931.265481,28.356210005833145,-0.02863345667719841
1749234931.2988918,28.357711400937113,-0.029067398980259895
1749234931.332292,28.359240072376434,-0.029122766107320786
1749234931.3659444,28.36065314204769,-0.029133982956409454
1749234931.3993478,28.36198893016739,-0.029183033853769302
1749234931.4327896,28.363258220378277,-0.02903132513165474
1749234931.4693508,28.365041682907737,-0.02955423668026924
1749234931.5028088,28.36634302358319,-0.029121527448296547
1749234931.5362244,28.367576769058626,-0.029855983331799507
1749234931.5696418,28.368870077071392,-0.0294354110956192
1749234931.6030521,28.37009791397256,-0.02979467809200287
1749234931.6364586,28.371351674896758,-0.02961149252951145
1749234931.669917,28.37250598292558,-0.02988968975841999
1749234931.7033222,28.373639126039635,-0.02967105805873871
1749234931.7367294,28.37478722159856,-0.029917817562818527
1749234931.7702558,28.375951333561858,-0.029773732647299767
1749234931.8036597,28.377014362245873,-0.030154960229992867
1749234931.8370726,28.37810246430014,-0.029910748824477196
1749234931.870471,28.37920966855723,-0.030163593590259552
1749234931.9039056,28.38025883275752,-0.030040251091122627
1749234931.937332,28.381298776175218,-0.030101219192147255
1749234931.9707882,28.38231936001365,-0.029984477907419205
1749234932.004189,28.383341659449428,-0.030662022531032562
1749234932.0375905,28.38440815536638,-0.03007187321782112
1749234932.070989,28.385112612345402,-0.03034784458577633
1749234932.104401,28.386342251181333,-0.030349375680088997
1749234932.137808,28.387256823595408,-0.03047262318432331
1749234932.171218,28.387966675371445,-0.030588829889893532
1749234932.204701,28.38912268905827,-0.03057551570236683
1749234932.2381942,28.389994544874266,-0.03062036819756031
1749234932.2716208,28.39095551413188,-0.030682628974318504
1749234932.3051114,28.391768808983787,-0.030847202986478806
1749234932.3386388,28.392345368877884,-0.030675729736685753
1749234932.372045,28.393485694646706,-0.03102962113916874
1749234932.405486,28.394333084853567,-0.03072304092347622
1749234932.4388907,28.395156228658028,-0.031050236895680428
1749234932.4747555,28.395964887269873,-0.03094490058720112
1749234932.5088475,28.39702114396753,-0.030988633632659912
1749234932.542455,28.397884264838122,-0.031014561653137207
1749234932.5761213,28.398206840387072,-0.03102901391685009
1749234932.6095319,28.398378151967137,-0.03104059398174286
1749234932.6431127,28.398469285163934,-0.031042398884892464
1749234932.6765246,28.39851653299471,-0.031046850606799126
1749234932.7099426,28.39854900731605,-0.031047938391566277
1749234932.7433584,28.398561416966412,-0.031047478318214417
1749234932.7767642,28.39856859964379,-0.031049519777297974
1749234932.8101661,28.398573917499547,-0.031048892065882683
1749234932.843591,28.39857679832189,-0.03105091117322445
1749234932.8769774,28.398578853692204,-0.03105006366968155
1749234932.9105206,28.39858125729639,-0.031051238998770714
1749234932.94406,28.39858181517086,-0.03105110675096512
1749234932.9775841,28.39858304616256,-0.0310529638081789
1749234933.0110283,28.398585123953424,-0.0310521237552166
1749234933.0444279,28.398586619963652,-0.031053977087140083
1749234933.077839,28.39858770798788,-0.03105313703417778
1749234933.111251,28.398589262486684,-0.031054625287652016
1749234933.1446698,28.39859150207495,-0.03105475939810276
1749234933.1781015,28.3985930776926,-0.031055506318807602
1749234933.211555,28.398594584464544,-0.031055158004164696
1749234933.2449691,28.398596066212153,-0.03105618618428707
1749234933.2783844,28.398596622610768,-0.03105616755783558
1749234933.311795,28.398598109323547,-0.031057195737957954
1749234933.3452032,28.398599811523518,-0.03105778992176056
1749234933.3786483,28.398601401621555,-0.03105832450091839
1749234933.4120605,28.398603018840763,-0.031059453263878822
1749234933.4454572,28.398604611142694,-0.031059619039297104
1749234933.4788625,28.39860661337918,-0.03106123022735119
1749234933.5122805,28.398608630775094,-0.03106020949780941
1749234933.5457664,28.398610126896916,-0.031061697751283646
1749234933.5791526,28.398611694430812,-0.031061219051480293
1749234933.6125631,28.39861290108672,-0.031063072383403778
1749234933.6459658,28.398614469065187,-0.031061917543411255
1749234933.679685,28.398616778594644,-0.03106408193707466
1749234933.7130985,28.398617824417467,-0.031063610687851906
1749234933.7465048,28.39861884241918,-0.031064612790942192
1749234933.7799072,28.398621379242865,-0.03106486238539219
1749234933.8133245,28.39862223295755,-0.03106539510190487
1749234933.8469393,28.398624564496824,-0.03106587380170822
1749234933.8803403,28.398626157542864,-0.0310667771846056
1749234933.913777,28.398627331345946,-0.031066883355379105
1749234933.9472032,28.39862964113255,-0.031067650765180588
1749234933.9808695,28.398631538229374,-0.0310676209628582
1749234934.0147908,28.398632526200842,-0.031068427488207817
1749234934.0481923,28.398634599117738,-0.031069152057170868
1749234934.0816007,28.398635637109585,-0.031069649383425713
1749234934.1150105,28.398636831607273,-0.031069913879036903
1749234934.1484158,28.398638748587345,-0.031070446595549583
1749234934.1819153,28.398640183694937,-0.031070923432707787
1749234934.215462,28.39864219153028,-0.031071828678250313
1749234934.2489443,28.398643735730705,-0.03107258677482605
1749234934.2823892,28.39864541481318,-0.03107275255024433
1749234934.315785,28.398646631854053,-0.031073596328496933
1749234934.349235,28.39864913574456,-0.03107384964823723
1749234934.3826423,28.398650969560826,-0.031075134873390198
1749234934.4160588,28.39865258841554,-0.031074773520231247
1749234934.4494653,28.398653846329363,-0.031075840815901756
1749234934.4828775,28.398655435882127,-0.031075676903128624
1749234934.5162942,28.398657597614086,-0.03107685036957264
1749234934.5497046,28.398658693022135,-0.031076688319444656
1749234934.5833154,28.398660187752263,-0.031077861785888672
1749234934.617009,28.39866175712764,-0.03107738308608532
1749234934.6504073,28.39866279423886,-0.031078871339559555
1749234934.683854,28.398664917800996,-0.031078394502401352
1749234934.718892,28.39866598087513,-0.031079880893230438
1749234934.7523744,28.398667547182498,-0.031079091131687164
1749234934.7857778,28.398669380482094,-0.03108089230954647
1749234934.819184,28.398671619373584,-0.031080501154065132
1749234934.8525822,28.398672396781922,-0.031081559136509895
1749234934.8860452,28.39867399904219,-0.0310820359736681
1749234934.9194596,28.39867548497489,-0.03108278289437294
1749234934.9528663,28.398677090613067,-0.031082773581147194
1749234934.9866061,28.39867861912728,-0.03108358010649681
1749234935.020032,28.398679728570738,-0.031084056943655014
1749234935.0534732,28.398681196464647,-0.031084472313523293
1749234935.0868928,28.398683129411758,-0.0310854222625494
1749234935.1203234,28.398684751948004,-0.031085601076483727
1749234935.1537726,28.398686352217787,-0.03108607791364193
1749234935.1871552,28.39868747064964,-0.03108661063015461
1749234935.2205527,28.398689553166005,-0.031088268384337425
1749234935.2539225,28.39869101801367,-0.031087905168533325
1749234935.287289,28.398692676815234,-0.031088098883628845
1749234935.3206909,28.398694142681034,-0.031089002266526222
1749234935.3540785,28.398695456260295,-0.03108883462846279
1749234935.3875496,28.398696997083352,-0.03108964115381241
1749234935.4209201,28.398699006055757,-0.03109011799097061
1749234935.4543242,28.398700012276052,-0.03109065257012844
1749234935.4877548,28.398701575851767,-0.031091129407286644
1749234935.5212379,28.39870353403169,-0.03109203279018402
1749234935.554699,28.399310032975073,-0.03141019865870476
1749234935.5881472,28.402933287169315,-0.029620923101902008
1749234935.621609,28.409408800298305,-0.027185311540961266
1749234935.6550257,28.417286073662332,-0.025727413594722748
1749234935.6885898,28.422668798092396,-0.02407442219555378
1749234935.7220473,28.43187563372248,-0.021247010678052902
1749234935.7554533,28.441124220060058,-0.019712505862116814
1749234935.789205,28.453657854784474,-0.016913028433918953
1749234935.8228388,28.463182002344002,-0.014860778115689754
1749234935.8563514,28.473739737124927,-0.013053794391453266
1749234935.8897488,28.4820639240626,-0.010384267196059227
1749234935.92319,28.49207020157429,-0.0073932320810854435
1749234935.956602,28.501822422538208,-0.005713137798011303
1749234935.9900074,28.51450527167872,-0.0030847990419715643
1749234936.0235023,28.524618856206523,-0.00023737296578474343
1749234936.056909,28.53450857963144,0.00040341218118555844
1749234936.0903413,28.54438293322949,0.002125150989741087
1749234936.123747,28.550983207015317,0.004365631844848394
1749234936.1581235,28.560969842262292,0.0049237096682190895
1749234936.1915278,28.57430695854886,0.007284112740308046
1749234936.2249558,28.58098956334598,0.009379626251757145
1749234936.258359,28.590770599225525,0.00981341116130352
1749234936.2918022,28.600908095789862,0.011902708560228348
1749234936.3252254,28.614759802245636,0.014198161661624908
1749234936.3586316,28.62499454555867,0.015425467863678932
1749234936.392041,28.635189992210492,0.018044158816337585
1749234936.4254537,28.645405207183064,0.019279131665825844
1749234936.4588158,28.65564401298354,0.019708093255758286
1749234936.4922373,28.665862024862754,0.02213483303785324
1749234936.5256379,28.676102960509354,0.0229329876601696
1749234936.5590816,28.686053808364363,0.02194361574947834
1749234936.5925086,28.696706477114095,0.023237796500325203
1749234936.626193,28.711552840959207,0.02532237395644188
1749234936.65959,28.717077588206273,0.026717521250247955
1749234936.6935372,28.727684459845694,0.02454785630106926
1749234936.7269275,28.737598759699864,0.02123667299747467
1749234936.760744,28.74863652359047,0.01976662315428257
1749234936.7941425,28.758682459949508,0.019120216369628906
1749234936.827611,28.768710501534986,0.016642175614833832
1749234936.861031,28.779100757248113,0.014648554846644402
1749234936.89443,28.78985620570875,0.013443016447126865
1749234936.9278684,28.796801475528294,0.011647227220237255
1749234936.9613366,28.80724473884368,0.01066218875348568
1749234936.9947941,28.817670109903812,0.009608474560081959
1749234937.0282,28.828011894954756,0.007143193390220404
1749234937.0615966,28.83806053664432,0.005990402773022652
1749234937.095175,28.851929738678887,0.0054314024746418
1749234937.128588,28.86263421158326,0.0035021051298826933
1749234937.1620052,28.869563902928085,0.0020991445053368807
1749234937.1954136,28.883092906822604,0.0011715601431205869
1749234937.2288656,28.893871455186193,7.622154953423887e-05
1749234937.2623887,28.90046903708401,-0.001326843397691846
1749234937.2958746,28.910895041431036,-0.0026921723037958145
1749234937.3292882,28.921655842839105,-0.003779378952458501
1749234937.3626997,28.93203617430935,-0.005711888894438744
1749234937.3961067,28.942457376878156,-0.006398962344974279
1749234937.429534,28.952828793399753,-0.009360860101878643
1749234937.4629078,28.96674923126267,-0.010042115114629269
1749234937.4963064,28.97684002243773,-0.012188422493636608
1749234937.5297678,28.987290273152936,-0.013168987818062305
1749234937.563235,28.998351236497097,-0.016299044713377953
1749234937.5966523,29.011866467755784,-0.016355087980628014
1749234937.6300678,29.02221779291714,-0.020468225702643394
1749234937.66347,29.032631242543953,-0.0215409304946661
1749234937.6969297,29.043044907712126,-0.022228095680475235
1749234937.730332,29.053815965176966,-0.022982101887464523
1749234937.7637854,29.067368777348154,-0.022974267601966858
1749234937.79724,29.079518617529672,-0.024703573435544968
1749234937.8306541,29.088210380260886,-0.025419482961297035
1749234937.8640559,29.09864581005926,-0.025985855609178543
1749234937.8974197,29.112565756028374,-0.026357505470514297
1749234937.9308162,29.12334832784593,-0.026341162621974945
1749234937.9642315,29.133408046078195,-0.027996907010674477
1749234937.998788,29.143833748196027,-0.02874058112502098
1749234938.0322413,29.154618704071694,-0.02844196744263172
1749234938.0656445,29.165037069981796,-0.02744091860949993
1749234938.0990856,29.174758133698546,-0.027500556781888008
1749234938.132489,29.185912348435004,-0.02823784574866295
1749234938.1659834,29.196041182591106,-0.027656763792037964
1749234938.1993868,29.20999825097209,-0.026969539001584053
1749234938.2328112,29.220448038926317,-0.025972194969654083
1749234938.2662103,29.234369113594497,-0.02480109967291355
1749234938.2996075,29.244784389970903,-0.023387346416711807
1749234938.3330069,29.255211627007515,-0.02188899554312229
1749234938.3664875,29.265635423518777,-0.021139021962881088
1749234938.3998969,29.276076035597452,-0.020037425681948662
1749234938.4333463,29.283375057418144,-0.01885250397026539
1749234938.4669228,29.2934517153251,-0.017197290435433388
1749234938.5003226,29.30387311207235,-0.015514818020164967
1749234938.5337553,29.314297203550215,-0.013843156397342682
1749234938.5671873,29.324388562192887,-0.01115176361054182
1749234938.600554,29.33173090512283,-0.010407227091491222
1749234938.6339664,29.34572010860077,-0.007493521552532911
1749234938.6673782,29.352710333106273,-0.005431098863482475
1749234938.700805,29.362826153860617,-0.0034722425043582916
1749234938.734563,29.37395411068378,-0.0006784591823816299
1749234938.7679749,29.384043136288533,0.0010510286083444953
1749234938.8014467,29.394137125011824,0.0013586966088041663
1749234938.8349452,29.401440052380273,0.0023903180845081806
1749234938.868402,29.411869009692865,0.0036137972492724657
1749234938.9018097,29.422295990522436,0.004800785332918167
1749234938.9352624,29.43652648169744,0.005171239376068115
1749234938.9686694,29.44694909533568,0.00479988195002079
1749234939.002108,29.453547597550173,0.005425621755421162
1749234939.035461,29.4643105270829,0.006353442557156086
1749234939.0688791,29.47437859508111,0.006731419824063778
1749234939.102319,29.48445820530213,0.0070176138542592525
1749234939.135739,29.4952320214921,0.00799071416258812
1749234939.1691532,29.50219275401984,0.008407250978052616
1749234939.2026105,29.512620339619858,0.008867510594427586
1749234939.2360182,29.523391851133745,0.009542706422507763
1749234939.2694323,29.53695261729715,0.010007699020206928
1749234939.3028588,29.547377672586702,0.010507706552743912
1749234939.3362744,29.558846039581542,0.010824323631823063
1749234939.3697283,29.568223240286613,0.010951565578579903
1749234939.403096,29.578653361852343,0.011325221508741379
1749234939.4365308,29.589429242192683,0.011664088815450668
1749234939.4699156,29.59986000592307,0.012023487128317356
1749234939.503467,29.60994747789357,0.012074124068021774
1749234939.5368702,29.61689227242829,0.012190782465040684
1749234939.5702794,29.627324933534616,0.012243067845702171
1749234939.6036692,29.637764422507818,0.01295914314687252
1749234939.637116,29.64821277797484,0.013319404795765877
1749234939.6705363,29.658689078631323,0.012693684548139572
1749234939.7039306,29.669167650877945,0.013539114966988564
1749234939.7373354,29.68311253066297,0.013445151969790459
1749234939.770692,29.693559493858295,0.013767251744866371
1749234939.8041375,29.703989432852296,0.013833321630954742
1749234939.8378541,29.71477041767904,0.013400938361883163
1749234939.871297,29.724854019781382,0.01368488185107708
1749234939.9046996,29.731809294731857,0.013603724539279938
1749234939.9382622,29.74223534370982,0.013635819777846336
1749234939.9719784,29.752314277999034,0.013632480055093765
1749234940.0054433,29.762740501031026,0.013428143225610256
1749234940.0388434,29.77316733835363,0.013426980935037136
1749234940.07225,29.783940494920948,0.013381795026361942
1749234940.1058457,29.794366427299895,0.013336759060621262
1749234940.1392536,29.808266478016048,0.013102766126394272
1749234940.1726532,29.81521656001155,0.01314059179276228
1749234940.206051,29.82911670506075,0.012943259440362453
1749234940.2394755,29.839888758452293,0.012897182255983353
1749234940.2728858,29.84649151032893,0.012824869714677334
1749234940.3062956,29.86073814996746,0.012569843791425228
1749234940.3397627,29.87046802890072,0.012717255391180515
1749234940.3733237,29.87776392961867,0.012392491102218628
1749234940.4067702,29.888187654715196,0.012064811773598194
1749234940.440203,29.898611753401465,0.011967741884291172
1749234940.4737177,29.90903585330675,0.012051193043589592
1749234940.5071151,29.919111807052236,0.011477961204946041
1749234940.5405176,29.92954397083486,0.012086634524166584
1749234940.5739179,29.940330946381007,0.011250187642872334
1749234940.6073205,29.950426667050717,0.011818508617579937
1749234940.640759,29.961564821659607,0.0108101861551404
1749234940.67419,29.972026219483155,0.011432445608079433
1749234940.707595,29.982160461714717,0.01088588498532772
1749234940.7410755,29.99265253121395,0.011422278359532356
1749234940.7744896,30.003113222485258,0.010938192717730999
1749234940.8091524,30.014949514622767,0.01075133215636015
1749234940.84268,30.02400043703907,0.010551675222814083
1749234940.8761277,30.0309535704346,0.010161405429244041
1749234940.9097838,30.04174296111648,0.010197153314948082
1749234940.9433985,30.051840359904883,0.010064014233648777
1749234940.9768834,30.062266260708743,0.009936912916600704
1749234941.01029,30.072694194908816,0.009561209008097649
1749234941.043895,30.082777105587844,0.009487324394285679
1749234941.0814,30.093562861671625,0.008758549578487873
1749234941.114967,30.107484360249458,0.00866667926311493
1749234941.1483622,30.114447846270963,0.008608841337263584
1749234941.1818929,30.12489784990144,0.007696693297475576
1749234941.2153585,30.13571628326458,0.0077542089857161045
1749234941.2487664,30.14617079296556,0.007049350067973137
1749234941.2822134,30.15609240404762,0.006583589594811201
1749234941.3156188,30.162919410940003,0.006594075355678797
1749234941.3490226,30.168147041498997,0.006457810755819082
1749234941.3824315,30.172394321479377,0.006256576161831617
1749234941.4158525,30.17626111841949,0.005404976196587086
1749234941.4492548,30.17978432854255,0.00600064592435956
1749234941.4826553,30.184272111140206,0.005586150102317333
1749234941.5160654,30.187341826473183,0.00598104577511549
1749234941.5494616,30.189530346692898,0.0057218302972614765
1749234941.5829551,30.19185921644001,0.005633670836687088
1749234941.6164267,30.195615286974324,0.005186634603887796
1749234941.6498702,30.19844776471993,0.0050371685065329075
1749234941.6832826,30.200500103571176,0.005721056368201971
1749234941.7174592,30.203831318644518,0.005497265141457319
1749234941.7508655,30.207050954594372,0.005596654489636421
1749234941.7842786,30.21017655052195,0.004825054667890072
1749234941.8176806,30.2135103718477,0.0046607269905507565
1749234941.8510833,30.216729175132315,0.00508596608415246
1749234941.8844838,30.218981003245503,0.004287295509129763
1749234941.917853,30.22209541407317,0.004285735543817282
1749234941.9515946,30.226608516754595,0.003795200027525425
1749234941.985069,30.228548073300576,0.0036676989402621984
1749234942.0184963,30.231904392459136,0.004649280570447445
1749234942.0522254,30.235327838672664,0.0045877983793616295
1749234942.0856216,30.2389244826098,0.004055824596434832
1749234942.1190264,30.242342984521365,0.004939936567097902
1749234942.1524243,30.245873076479405,0.004654522053897381
1749234942.1857803,30.249341829510453,0.004061160609126091
1749234942.2192,30.252747549718183,0.0034110010601580143
1749234942.252751,30.254989809201824,0.0037188255228102207
1749234942.28615,30.25830405909437,0.0032283158507198095
1749234942.3195672,30.261779995832068,0.0028158598579466343
1749234942.3529766,30.264993272800055,0.0023236426059156656
1749234942.3868263,30.268989975809163,0.0018680818611755967
1749234942.4202673,30.271066770216795,0.001934061641804874
1749234942.4537323,30.275225409841457,0.0006494551198557019
1749234942.487123,30.277130003697277,-0.0003447808267083019
1749234942.5205283,30.281096529128924,-0.0002851390454452485
1749234942.5539324,30.284013052923324,-0.0008540177368558943
1749234942.5874062,30.285936633800063,-0.000735579407773912
1749234942.6209743,30.288693560377702,-0.0013201346155256033
1749234942.6551402,30.291652196144632,-0.0007085952674970031
1749234942.688547,30.29449931707797,-0.0018692321609705687
1749234942.721952,30.29730672421344,-0.0019007207592949271
1749234942.755578,30.300045641368342,-0.0030340165831148624
1749234942.789,30.302630931279758,-0.003344909055158496
1749234942.82238,30.305424619834135,-0.004307701252400875
1749234942.855809,30.30792677961798,-0.004246494732797146
1749234942.8892462,30.310453145266408,-0.0036595938727259636
1749234942.9226463,30.313763591251586,-0.00382428802549839
1749234942.9560857,30.316195436812748,-0.003462382359430194
1749234942.9895751,30.318496016106977,-0.003975956700742245
1749234943.0229537,30.32014306817037,-0.003812910057604313
1749234943.0563643,30.32248278975569,-0.004740748088806868
1749234943.0897644,30.324840790685897,-0.004473960492759943
1749234943.1232667,30.327059140349057,-0.005313808098435402
1749234943.156628,30.329366178124022,-0.005764878820627928
1749234943.1900394,30.33154164131451,-0.006399575155228376
1749234943.2235196,30.333680433716367,-0.006928467191755772
1749234943.256934,30.335710102270642,-0.007503328379243612
1749234943.2903533,30.33784324454008,-0.007995089516043663
1749234943.3237543,30.339265228461212,-0.008453893475234509
1749234943.3571827,30.34115228057602,-0.00875930767506361
1749234943.3906271,30.343200578792665,-0.010166618973016739
1749234943.4240308,30.345168258332507,-0.010609205812215805
1749234943.4575486,30.347710000457397,-0.01133085135370493
1749234943.4910376,30.349030061687607,-0.011788824573159218
1749234943.524453,30.351447826637916,-0.011931587010622025
1749234943.5578988,30.352599650318894,-0.012421353720128536
1749234943.5913136,30.354432907890775,-0.013309257104992867
1749234943.6247847,30.35609781012167,-0.01378595270216465
1749234943.6581519,30.35785903756253,-0.012994538061320782
1749234943.691562,30.359543561435913,-0.014259526506066322
1749234943.7249618,30.361382453934553,-0.014109049923717976
1749234943.759049,30.363376953579813,-0.014883697964251041
1749234943.7922826,30.36490903604808,-0.014487781561911106
1749234943.8257995,30.36650041872092,-0.014861767180263996
1749234943.859548,30.368040968252284,-0.015175717882812023
1749234943.8929482,30.36959331243745,-0.01588084176182747
1749234943.9263465,30.371076486795584,-0.01558532565832138
1749234943.9597824,30.37266613991479,-0.016097337007522583
1749234943.9951599,30.3741550954768,-0.016299113631248474
1749234944.0287328,30.375584557697408,-0.01673206314444542
1749234944.0621362,30.37703761051152,-0.017034359276294708
1749234944.095557,30.37875107717633,-0.016949543729424477
1749234944.1290035,30.380334803824258,-0.016664687544107437
1749234944.1623893,30.381295367388738,-0.016492262482643127
1749234944.195937,30.383170113525242,-0.017513412982225418
1749234944.2293365,30.38449544382974,-0.01784256286919117
1749234944.2627642,30.385919921352773,-0.017374958842992783
1749234944.2961705,30.387205173260238,-0.018328925594687462
1749234944.32957,30.388513007441855,-0.01766270212829113
1749234944.3629727,30.389330319887062,-0.01811406761407852
1749234944.3963866,30.390649728962146,-0.017904140055179596
1749234944.429787,30.39201123702244,-0.018600402399897575
1749234944.463188,30.39323969003159,-0.018152939155697823
1749234944.4968693,30.3945405317443,-0.018513914197683334
1749234944.5304139,30.39564266279172,-0.01833256520330906
1749234944.563822,30.396798410389923,-0.018300814554095268
1749234944.5972319,30.39754681044769,-0.018384629860520363
1749234944.6306462,30.39860901656526,-0.01881716586649418
1749234944.664107,30.399752873791805,-0.018510740250349045
1749234944.697547,30.40084463902235,-0.01887139491736889
1749234944.7309668,30.401878337933645,-0.018459605053067207
1749234944.7643685,30.402934127678925,-0.019252046942710876
1749234944.7977571,30.404041398302347,-0.018946127966046333
1749234944.831904,30.405076049365384,-0.019252991303801537
1749234944.8653188,30.4061690885575,-0.018737830221652985
1749234944.8987007,30.4072258098096,-0.01940460316836834
1749234944.9320982,30.408219234619096,-0.01875796914100647
1749234944.9654953,30.40920974108399,-0.01935512013733387
1749234944.9989448,30.41018040476942,-0.019083136692643166
1749234945.0364344,30.41109015743047,-0.019355537369847298
1749234945.0698814,30.412053691378187,-0.019387630745768547
1749234945.1032877,30.413202405365606,-0.019458234310150146
1749234945.1371572,30.41405261632842,-0.01956084743142128
1749234945.1705642,30.41513884725301,-0.01962600275874138
1749234945.2039955,30.415956084123987,-0.019739098846912384
1749234945.2374053,30.416807118593923,-0.019404646009206772
1749234945.2707932,30.417621017144317,-0.020083004608750343
1749234945.304203,30.418432205537922,-0.019835053011775017
1749234945.337612,30.419150723538486,-0.01999559998512268
1749234945.3710165,30.419449820731643,-0.01995852030813694
1749234945.4069479,30.419713080084225,-0.01997191272675991
1749234945.4403732,30.419881488811296,-0.019978998228907585
1749234945.4737725,30.419944931449635,-0.019982198253273964
1749234945.507527,30.41997212705814,-0.019984597340226173
1749234945.5409358,30.419993118362797,-0.019984619691967964
1749234945.5743392,30.419998847301247,-0.01998542621731758
1749234945.6076987,30.420004578835258,-0.019985560327768326
1749234945.6411035,30.420009361197444,-0.019985714927315712
1749234945.6745024,30.420011752141374,-0.019985830411314964
1749234945.708056,30.42001367598068,-0.01998709887266159
1749234945.7417605,30.420015311907036,-0.019986990839242935
1749234945.7751913,30.420017262367928,-0.019987108185887337
1749234945.8088908,30.420018325659694,-0.01998809166252613
1749234945.8425777,30.42002091908515,-0.019988304004073143
1749234945.8767462,30.42002208955989,-0.01998850889503956
1749234945.910171,30.420023535192414,-0.019989222288131714
1749234945.9435701,30.42002497655594,-0.0199892595410347
1749234945.9770355,30.42002646081358,-0.019989991560578346
1749234946.0104835,30.420028374193087,-0.01999008283019066
1749234946.0439022,30.4200298113149,-0.019990473985671997
1749234946.077335,30.420031254899943,-0.019990822300314903
1749234946.1107092,30.42003269034387,-0.019991116598248482
1749234946.1441143,30.420034138361984,-0.01999148726463318
1749234946.1778686,30.420035578069538,-0.019991779699921608
1749234946.2113526,30.4200370252299,-0.019992154091596603
1749234946.2449942,30.420038462449472,-0.01999245025217533
1749234946.278404,30.420039913380702,-0.019992824643850327
1749234946.311815,30.42004082899786,-0.019993124529719353
1749234946.345216,30.420042361931817,-0.019993502646684647
1749234946.3790252,30.4200438029358,-0.019993856549263
1749234946.4124305,30.420045283444317,-0.019994182512164116
1749234946.4458268,30.42004624014837,-0.01999453827738762
1749234946.4792254,30.4200476784091,-0.019994625821709633
1749234946.512625,30.420049604845715,-0.019995223730802536
1749234946.5461564,30.420051048791507,-0.0199955552816391
1749234946.5795712,30.42005248864778,-0.01999591290950775
1749234946.6129713,30.420053443042285,-0.01999616250395775
1749234946.6463845,30.420055370497632,-0.01999664679169655
1749234946.6797953,30.42005680982365,-0.019996920600533485
1749234946.7132058,30.42005772469619,-0.01999741606414318
1749234946.746971,30.420059170244173,-0.019997842609882355
1749234946.7803721,30.42006057775549,-0.019998112693428993
1749234946.8137698,30.42006154202789,-0.01999839022755623
1749234946.847181,30.420062966659774,-0.019998885691165924
1749234946.880688,30.42006442443258,-0.019999204203486443
1749234946.9141145,30.420065857677198,-0.019999386742711067
1749234946.947551,30.42006729063213,-0.019999701529741287
1749234946.9810195,30.420068726278227,-0.02000029757618904
1749234947.0145428,30.420070638602077,-0.020000679418444633
1749234947.0480015,30.42007207259779,-0.020001113414764404
1749234947.081451,30.420073519498935,-0.02000134065747261
1749234947.114852,30.420074956768143,-0.02000177465379238
1749234947.148256,30.420076398309874,-0.0200022105127573
1749234947.1816764,30.42007737082776,-0.020002488046884537
1749234947.2151968,30.420078804626552,-0.020002594217658043
1749234947.2487485,30.42008024173741,-0.0200033076107502
1749234947.2821562,30.420081691556273,-0.020003536716103554
1749234947.3155568,30.420083131357366,-0.020003870129585266
1749234947.3489559,30.4200845660405,-0.020004406571388245
1749234947.3823686,30.420086004028235,-0.0200046356767416
1749234947.4159636,30.420087438637776,-0.02000509388744831
1749234947.449413,30.42008889964899,-0.02000550553202629
1749234947.4828126,30.420090857817005,-0.02000575140118599
1749234947.516211,30.42009229638896,-0.020006317645311356
1749234947.5504518,30.420093740712876,-0.020006515085697174
1749234947.5838597,30.420095189991706,-0.020007073879241943
1749234947.6172996,30.420097101560778,-0.02000741846859455
1749234947.650756,30.420098131074543,-0.02000775747001171
1749234947.6841612,30.420099607180507,-0.02000817283987999
1749234947.7177114,30.42010104386723,-0.020008495077490807
1749234947.7511156,30.420102969816007,-0.020008990541100502
1749234947.7845128,30.420104423804588,-0.02000943198800087
1749234947.8179152,30.420106267506693,-0.020009921863675117
1749234947.8513174,30.420107713477627,-0.020010139793157578
1749234947.884714,30.420109163106055,-0.020010720938444138
1749234947.9181168,30.42011013384087,-0.020011011511087418
1749234947.951605,30.420112067995152,-0.02001153491437435
1749234947.9850104,30.420113507752795,-0.020011823624372482
1749234948.0184205,30.420115446403443,-0.020012229681015015
1749234948.0518217,30.420116383224507,-0.020012810826301575
1749234948.0852273,30.420117881196756,-0.020013170316815376
1749234948.1185918,30.420118836471413,-0.020013228058815002
1749234948.152021,30.420120271781848,-0.02001373842358589
1749234948.1854742,30.420121711737803,-0.020014027133584023
1749234948.2188735,30.420123169573397,-0.020014280453324318
1749234948.2522764,30.420124639547293,-0.020014841109514236
1749234948.2856758,30.420126078712354,-0.020015129819512367
1749234948.3193524,30.420127528582906,-0.020015431568026543
1749234948.352811,30.420225794860297,-0.020486006513237953
1749234948.3862205,30.423572630843974,-0.0193015243858099
1749234948.419749,30.42996508844994,-0.016898924484848976
1749234948.453192,30.43829286268531,-0.015713516622781754
1749234948.486597,30.449807609741562,-0.01256533246487379
1749234948.5200489,30.45567106831797,-0.010698402300477028
1749234948.5534914,30.465465022434852,-0.009734034538269043
1749234948.5869095,30.474992247953278,-0.005848867818713188
1749234948.6202679,30.48463342169348,-0.004006550181657076
1749234948.6536717,30.494351712980706,-0.003842905629426241
1749234948.6870701,30.50403603284484,-0.0006213319720700383
1749234948.7204764,30.513815715772047,0.0012452498776838183
1749234948.7538805,30.52401774794189,0.0012252195738255978
1749234948.787312,30.533599381246518,0.004045933950692415
1749234948.8207204,30.548921595779724,0.006279412191361189
1749234948.854122,30.55697802383818,0.007498827762901783
1749234948.8875504,30.567079930680055,0.009138836525380611
1749234948.9209626,30.57754544259178,0.011376637034118176
1749234948.9543738,30.587406818985148,0.01206594705581665
1749234948.9878333,30.597576145320456,0.014291304163634777
1749234949.0212383,30.611169950767238,0.015960190445184708
1749234949.0547776,30.62175220459537,0.016644559800624847
1749234949.088202,30.6278764663361,0.018116040155291557
1749234949.1216056,30.64181239735276,0.019684212282299995
1749234949.155007,30.652055509807923,0.01896682009100914
1749234949.188451,30.663356763961698,0.020492488518357277
1749234949.2218556,30.6726532114213,0.022008268162608147
1749234949.2565393,30.683087554150433,0.021830197423696518
1749234949.2899494,30.69353004831941,0.023245835676789284
1749234949.3234842,30.70431871867036,0.0244118832051754
1749234949.3569257,30.714457443923685,0.023852771148085594
1749234949.3903372,30.725684542848093,0.02512502670288086
1749234949.4237802,30.735534875127456,0.026258060708642006
