timestamp,encoder_distance,yaw_true
1748710355.871653,-18.795887400647175,3.117279052734375
1748710355.935414,-18.795884405659354,3.117266893386841
1748710355.968817,-18.795847905403367,3.11726975440979
1748710356.002461,-18.79324129263014,3.118364095687866
1748710356.0364475,-18.79003890087177,3.1191999912261963
1748710356.0699775,-18.78671012312049,3.1207780838012695
1748710356.1034272,-18.783825549988705,3.121793508529663
1748710356.1371205,-18.780857909633085,3.1226091384887695
1748710356.1706939,-18.778608125987223,3.12310528755188
1748710356.2041507,-18.775573646562716,3.123812437057495
1748710356.237557,-18.773543046495902,3.1244192123413086
1748710356.2710032,-18.76958412877752,3.125786066055298
1748710356.304401,-18.766531910994182,3.1265811920166016
1748710356.3378563,-18.763590031437033,3.1273033618927
1748710356.3712573,-18.761567459883068,3.128288984298706
1748710356.4046755,-18.758532679651445,3.128674030303955
1748710356.4380918,-18.755115193949813,3.130058765411377
1748710356.4715722,-18.75349458026012,3.130439519882202
1748710356.5049746,-18.750357493323445,3.130986213684082
1748710356.53835,-18.74744057868516,3.1320931911468506
1748710356.571754,-18.744301552478543,3.132307767868042
1748710356.6051528,-18.741255189854964,3.1336090564727783
1748710356.6385355,-18.738275910859684,3.1335537433624268
1748710356.6719515,-18.735087659877845,3.134432792663574
1748710356.7056828,-18.733026998531486,3.134779930114746
1748710356.73947,-18.729958310291963,3.136314868927002
1748710356.7728739,-18.726880783401672,3.136796236038208
1748710356.8062904,-18.72343150794045,3.1372244358062744
1748710356.8397343,-18.72063962540965,3.1383273601531982
1748710356.8731701,-18.71783443432501,3.1392714977264404
1748710356.9066887,-18.714802813531296,3.140012264251709
1748710356.9400916,-18.71176952915525,3.140665054321289
1748710356.9738545,-18.708729017045055,3.1412551403045654
1748710357.0103521,-18.705690423535234,-3.14155650138855
1748710357.0437016,-18.70164643605631,-3.1401991844177246
1748710357.077175,-18.6986649350026,-3.140199899673462
1748710357.1105778,-18.695612880652792,-3.1390562057495117
1748710357.1439776,-18.69337253638185,-3.138780117034912
1748710357.1774392,-18.6904376656201,-3.1378872394561768
1748710357.2109222,-18.687192604197946,-3.1372768878936768
1748710357.2443213,-18.684440980602904,-3.1372780799865723
1748710357.2777178,-18.681301699507994,-3.1364009380340576
1748710357.311121,-18.67835550202494,-3.13626766204834
1748710357.3445272,-18.675208310418974,-3.135564088821411
1748710357.377929,-18.673138575766238,-3.13535213470459
1748710357.4113426,-18.669952081484205,-3.1344642639160156
1748710357.4447536,-18.66801452526576,-3.133735179901123
1748710357.4783514,-18.663929072352005,-3.133366107940674
1748710357.5117908,-18.660985234961164,-3.1326935291290283
1748710357.5452254,-18.657444210535132,-3.132242202758789
1748710357.5786526,-18.654820192736732,-3.1314165592193604
1748710357.6120617,-18.651679108117825,-3.1314055919647217
1748710357.645581,-18.648751009556342,-3.1305031776428223
1748710357.6790462,-18.64570556646883,-3.1306538581848145
1748710357.7124634,-18.642757198519963,-3.129611015319824
1748710357.7459779,-18.639185203887546,-3.129473924636841
1748710357.7796726,-18.63552038567468,-3.128669023513794
1748710357.813126,-18.63348556345519,-3.1280722618103027
1748710357.846525,-18.630421841070003,-3.1281890869140625
1748710357.8799872,-18.627354103872328,-3.1274280548095703
1748710357.9134023,-18.624261891299085,-3.127436399459839
1748710357.946801,-18.62109451055065,-3.126411199569702
1748710357.9801712,-18.618144069577397,-3.1255297660827637
1748710358.0136108,-18.615103728241074,-3.1254777908325195
1748710358.0504525,-18.612068737958474,-3.124993085861206
1748710358.0838673,-18.610050152432557,-3.1250123977661133
1748710358.1185093,-18.60591684090963,-3.124232769012451
1748710358.152572,-18.603087068474434,-3.123953104019165
1748710358.1860073,-18.599848063348958,-3.1232571601867676
1748710358.219534,-18.59700017801639,-3.123544454574585
1748710358.2529352,-18.593963542061534,-3.1227974891662598
1748710358.2863624,-18.590931516980653,-3.1224873065948486
1748710358.3200095,-18.58780971977459,-3.122288465499878
1748710358.353475,-18.585687498883047,-3.122399091720581
1748710358.3868725,-18.581692969129218,-3.121598958969116
1748710358.4202747,-18.579654388640613,-3.121267557144165
1748710358.4538794,-18.577616790026998,-3.1212270259857178
1748710358.487307,-18.573560536970565,-3.1206839084625244
1748710358.5213225,-18.570521862605002,-3.120607852935791
1748710358.5547266,-18.567077613365228,-3.120401620864868
1748710358.5882258,-18.564445842115056,-3.119971752166748
1748710358.6216402,-18.56150549045569,-3.1195619106292725
1748710358.6551332,-18.557349976381758,-3.1193087100982666
1748710358.689038,-18.554331010322656,-3.11898136138916
1748710358.7224402,-18.551313852399744,-3.1190383434295654
1748710358.7558498,-18.548301784735088,-3.118464469909668
1748710358.7893014,-18.545172578094018,-3.1183857917785645
1748710358.8239882,-18.541244368088755,-3.118011474609375
1748710358.8573987,-18.53832154761851,-3.118025779724121
1748710358.890801,-18.534589787665528,-3.1174888610839844
1748710358.924212,-18.53196020873171,-3.117449998855591
1748710358.9576204,-18.530141436801994,-3.117230176925659
1748710358.991063,-18.52709862862766,-3.117119789123535
1748710359.0244648,-18.52415430452194,-3.1166417598724365
1748710359.057862,-18.52099055588027,-3.117079973220825
1748710359.0913796,-18.51794133728711,-3.1167051792144775
1748710359.1248279,-18.51490710751296,-3.1163272857666016
1748710359.1582308,-18.51278087217082,-3.1160128116607666
1748710359.1916287,-18.508833214473242,-3.1156411170959473
1748710359.2252955,-18.505802154576713,-3.1155240535736084
1748710359.2587185,-18.503886725388817,-3.1152687072753906
1748710359.2921185,-18.500745965360164,-3.1152307987213135
1748710359.325555,-18.49770844973024,-3.114696502685547
1748710359.3590086,-18.494653807982434,-3.1148810386657715
1748710359.3924146,-18.491708266796465,-3.1144394874572754
1748710359.4258268,-18.48866570150586,-3.114450693130493
1748710359.4592357,-18.485526141555546,-3.114198684692383
1748710359.4926357,-18.48249631703734,-3.1137471199035645
1748710359.5260427,-18.479568047978265,-3.1138339042663574
1748710359.559448,-18.475423211829742,-3.1136999130249023
1748710359.592897,-18.47239413064473,-3.1136317253112793
1748710359.6262877,-18.469367541971913,-3.1136200428009033
1748710359.6597133,-18.466322643437763,-3.1132402420043945
1748710359.693129,-18.463379925007786,-3.113190174102783
1748710359.7265296,-18.460143026920086,-3.11301589012146
1748710359.7599347,-18.457209165358986,-3.113044023513794
1748710359.7933433,-18.45407923478205,-3.112428665161133
1748710359.826792,-18.4511478012118,-3.112271785736084
1748710359.860206,-18.448218031074433,-3.1120998859405518
1748710359.8936071,-18.44599453526831,-3.1118407249450684
1748710359.9270113,-18.442960364559703,-3.1121370792388916
1748710359.9605243,-18.43989922040184,-3.1117842197418213
1748710359.9941592,-18.43593547991795,-3.1117260456085205
1748710360.0275855,-18.433809115899056,-3.1115665435791016
1748710360.061031,-18.429866998796555,-3.111203193664551
1748710360.0946076,-18.426913186175963,-3.1116082668304443
1748710360.1283894,-18.42365017626502,-3.111062526702881
1748710360.161817,-18.420605991124354,-3.111173629760742
1748710360.195256,-18.417671221143852,-3.1110548973083496
1748710360.2286723,-18.41464436255739,-3.111480474472046
1748710360.262079,-18.4116118408668,-3.110703468322754
1748710360.2954996,-18.40854292628021,-3.111448287963867
1748710360.32914,-18.40441692978561,-3.110494375228882
1748710360.362666,-18.401350708136725,-3.110804319381714
1748710360.3961108,-18.398204222796583,-3.1105799674987793
1748710360.429534,-18.395257867170464,-3.1105732917785645
1748710360.4632132,-18.392227316538747,-3.110494613647461
1748710360.496617,-18.38919341442988,-3.1103241443634033
1748710360.5300438,-18.38625451917531,-3.110337257385254
1748710360.563548,-18.38413571509889,-3.1101338863372803
1748710360.596995,-18.38120900682143,-3.1104910373687744
1748710360.630466,-18.377779989401215,-3.1101036071777344
1748710360.6639025,-18.375042979791907,-3.110318899154663
1748710360.6973646,-18.37291103704039,-3.110121488571167
1748710360.730761,-18.368846014617805,-3.109957695007324
1748710360.764168,-18.366925338432146,-3.109839677810669
1748710360.7977524,-18.36248857668636,-3.1101176738739014
1748710360.831184,-18.359764503053604,-3.109622001647949
1748710360.8645818,-18.356734524549804,-3.109832286834717
1748710360.898006,-18.353803357081247,-3.109578847885132
1748710360.9314928,-18.350874654654948,-3.109797716140747
1748710360.964908,-18.34774189335948,-3.109595537185669
1748710360.9982905,-18.344700210682667,-3.1094820499420166
1748710361.031713,-18.342780339673638,-3.1095094680786133
1748710361.0650702,-18.339751104946238,-3.10952091217041
1748710361.098468,-18.33652014319943,-3.109755277633667
1748710361.1318586,-18.33357884441302,-3.109344720840454
1748710361.1652505,-18.331530481845796,-3.1097958087921143
1748710361.198737,-18.32749119072972,-3.109189033508301
1748710361.2321792,-18.324310277477245,-3.109609365463257
1748710361.2657151,-18.321357298425653,-3.1094369888305664
1748710361.299222,-18.31720608174344,-3.1098296642303467
1748710361.332625,-18.314152596668233,-3.109301805496216
1748710361.3660245,-18.312007104131485,-3.1098828315734863
1748710361.399468,-18.308024007656105,-3.109647512435913
1748710361.4328814,-18.304989925708046,-3.1096975803375244
1748710361.4662478,-18.30195533118004,-3.1096205711364746
1748710361.4996665,-18.29993672098149,-3.1095824241638184
1748710361.5330653,-18.297825003079026,-3.109781503677368
1748710361.5665314,-18.29488168368079,-3.109924793243408
1748710361.5999565,-18.291742828859583,-3.109797954559326
1748710361.6335227,-18.28779833698101,-3.1097829341888428
1748710361.6669376,-18.284767223342772,-3.1098618507385254
1748710361.700363,-18.281650296797306,-3.1098644733428955
1748710361.7337644,-18.27972632263548,-3.109766960144043
1748710361.7671623,-18.27558540889037,-3.1100218296051025
1748710361.8005717,-18.273565803095938,-3.109828233718872
1748710361.834016,-18.27053434909877,-3.110105037689209
1748710361.867418,-18.26759719343445,-3.109984874725342
1748710361.9008887,-18.264455882466518,-3.1105353832244873
1748710361.934237,-18.261405917696504,-3.1099953651428223
1748710361.967642,-18.2584415651391,-3.110814332962036
1748710362.0010777,-18.25535697415737,-3.1101534366607666
1748710362.0344908,-18.25228568865769,-3.1105265617370605
1748710362.0679424,-18.24923765558348,-3.1105024814605713
1748710362.1024709,-18.246293251118153,-3.11051869392395
1748710362.1358774,-18.243166614422492,-3.110556125640869
1748710362.1692922,-18.24013109113697,-3.1111745834350586
1748710362.2027237,-18.237186007330916,-3.1108603477478027
1748710362.2363553,-18.233928438519474,-3.11103892326355
1748710362.2697566,-18.231996449990174,-3.111111879348755
1748710362.303319,-18.228943564162016,-3.110825300216675
1748710362.336834,-18.22591395967927,-3.110978603363037
1748710362.3703096,-18.22188419331756,-3.1112303733825684
1748710362.403684,-18.218860408986703,-3.1112053394317627
1748710362.4372048,-18.215936983900512,-3.11120343208313
1748710362.4707706,-18.212806702173832,-3.1116151809692383
1748710362.5044637,-18.209757358739125,-3.1112921237945557
1748710362.538384,-18.206716681372956,-3.1118783950805664
1748710362.5718381,-18.20367755698536,-3.111459732055664
1748710362.6052678,-18.199700598066592,-3.1121139526367188
1748710362.6394396,-18.197557777344016,-3.111721992492676
1748710362.6730225,-18.192445560095944,-3.112260580062866
1748710362.7064466,-18.189371907080428,-3.1117796897888184
1748710362.7399182,-18.1864188476291,-3.112314462661743
1748710362.773314,-18.18328123639612,-3.112342596054077
1748710362.80671,-18.180259583826185,-3.1123499870300293
1748710362.840198,-18.178246949603796,-3.11251163482666
1748710362.8736198,-18.17522321685161,-3.112637519836426
1748710362.9070237,-18.172294505762434,-3.1126880645751953
1748710362.9404385,-18.169061647002575,-3.112830877304077
1748710362.9741828,-18.16502577630417,-3.1128153800964355
1748710363.0077522,-18.16421508729794,-3.112982988357544
1748710363.0411596,-18.15995324276398,-3.1128289699554443
1748710363.0746536,-18.15700729166258,-3.1131691932678223
1748710363.1080275,-18.154063201941575,-3.113393545150757
1748710363.141402,-18.150921613229805,-3.1133697032928467
1748710363.1748126,-18.14889417462865,-3.1133792400360107
1748710363.208194,-18.144845996727256,-3.1135878562927246
1748710363.2415931,-18.141622683869034,-3.1136460304260254
1748710363.2767828,-18.13878795937178,-3.1138079166412354
1748710363.3102152,-18.135765230617658,-3.1139461994171143
1748710363.343855,-18.13263520156646,-3.113981246948242
1748710363.377264,-18.129706967519617,-3.1141459941864014
1748710363.4107144,-18.126578821223593,-3.1142451763153076
1748710363.4441807,-18.12366171714766,-3.1145071983337402
1748710363.477615,-18.12053728686726,-3.114511728286743
1748710363.5110238,-18.11761238589534,-3.1145195960998535
1748710363.5444975,-18.115596937815287,-3.1147031784057617
1748710363.5779867,-18.111559971042723,-3.114736318588257
1748710363.6113865,-18.10853479979377,-3.114983320236206
1748710363.644828,-18.10521371049528,-3.1149587631225586
1748710363.678283,-18.102499741546787,-3.1152548789978027
1748710363.711741,-18.09947727082594,-3.1152143478393555
1748710363.7451406,-18.09654875734942,-3.1155359745025635
1748710363.7785869,-18.093315708983756,-3.1154887676239014
1748710363.8119698,-18.090385626977564,-3.1156725883483887
1748710363.8454845,-18.088379734052545,-3.1157610416412354
1748710363.8831172,-18.084334789222485,-3.1159911155700684
1748710363.916561,-18.08141219823651,-3.1161227226257324
1748710363.9499252,-18.07818367774036,-3.116262674331665
1748710363.983332,-18.075359351612814,-3.1163856983184814
1748710364.016753,-18.072332002416047,-3.116543769836426
1748710364.050157,-18.069198836199554,-3.1166534423828125
1748710364.083606,-18.066280329649018,-3.1168243885040283
1748710364.1169927,-18.064162816062908,-3.1169166564941406
1748710364.1504414,-18.061032522875905,-3.117121696472168
1748710364.1838381,-18.058109892027264,-3.1171860694885254
1748710364.2173889,-18.055078865594417,-3.1173815727233887
1748710364.2507956,-18.05206680786748,-3.1175076961517334
1748710364.2842245,-18.049043272177283,-3.1176016330718994
1748710364.3176265,-18.0470298869457,-3.1177642345428467
1748710364.3510735,-18.042792139830834,-3.117889642715454
1748710364.3844864,-18.039870944812467,-3.1180906295776367
1748710364.4178963,-18.038053889438128,-3.1181888580322266
1748710364.4513054,-18.03501424918159,-3.118368148803711
1748710364.4847045,-18.031890655349155,-3.118497133255005
1748710364.5181184,-18.02785427714133,-3.1186392307281494
1748710364.5515225,-18.024825246759637,-3.1188204288482666
1748710364.584971,-18.022917854413564,-3.1188979148864746
1748710364.6183908,-18.019791320884178,-3.1190996170043945
1748710364.6518092,-18.016669530308615,-3.119144916534424
1748710364.6852407,-18.012720999085488,-3.1193175315856934
1748710364.7186248,-18.009708935226598,-3.119459629058838
1748710364.7520359,-18.006682813560204,-3.1195802688598633
1748710364.7854998,-18.00376430852806,-3.1197476387023926
1748710364.8188903,-18.000639793661147,-3.119905948638916
1748710364.8524907,-17.99761454611704,-3.120058059692383
1748710364.8858972,-17.99448634324865,-3.1201906204223633
1748710364.9207258,-17.991558333069328,-3.1203737258911133
1748710364.95418,-17.988526361900085,-3.12046480178833
1748710364.9876535,-17.986505430863982,-3.1206374168395996
1748710365.0210154,-17.982463503829155,-3.120776414871216
1748710365.0544977,-17.97953365302017,-3.1209781169891357
1748710365.0880818,-17.976401536101896,-3.121058464050293
1748710365.121494,-17.972453228093165,-3.1213128566741943
1748710365.1549044,-17.96943264985602,-3.121412992477417
1748710365.188341,-17.96740601056255,-3.1215920448303223
1748710365.2217453,-17.964284369104732,-3.121647357940674
1748710365.2552693,-17.961246695886047,-3.121778726577759
1748710365.2889879,-17.958326458051996,-3.121933698654175
1748710365.3224478,-17.956301569092854,-3.122020721435547
1748710365.355845,-17.9532669382863,-3.122166156768799
1748710365.3892436,-17.951149734589553,-3.122365951538086
1748710365.4227,-17.94810989728278,-3.1223137378692627
1748710365.4561512,-17.94617731928795,-3.1223490238189697
1748710365.4896514,-17.943037138775612,-3.1226589679718018
1748710365.52319,-17.94010323104681,-3.1226108074188232
1748710365.556593,-17.936971450434545,-3.1229076385498047
1748710365.589997,-17.933834683763028,-3.123075008392334
1748710365.6234338,-17.9310013569744,-3.1232542991638184
1748710365.6568987,-17.928877459674506,-3.1233317852020264
1748710365.6903555,-17.925842735749924,-3.1234798431396484
1748710365.723826,-17.922813816055264,-3.1235902309417725
1748710365.7572074,-17.920797763212637,-3.12371563911438
1748710365.790848,-17.917769873912324,-3.1239757537841797
1748710365.8242536,-17.91474279982534,-3.1240711212158203
1748710365.8576653,-17.91171479489091,-3.124178409576416
1748710365.8910859,-17.90878788584902,-3.12434720993042
1748710365.924469,-17.90565801696252,-3.124532699584961
1748710365.957881,-17.90363890086319,-3.12455415725708
1748710365.991544,-17.900495390743444,-3.1247076988220215
1748710366.024974,-17.897573303491416,-3.1248037815093994
1748710366.0584762,-17.894539688178938,-3.124983310699463
1748710366.091886,-17.891613646610487,-3.1250717639923096
1748710366.125288,-17.888478957411902,-3.1253502368927
1748710366.158694,-17.88545764535327,-3.125444173812866
1748710366.192105,-17.883335709300525,-3.125612735748291
1748710366.225575,-17.879503793403334,-3.1256866455078125
1748710366.2590854,-17.876281452659438,-3.125969171524048
1748710366.292501,-17.874467329046958,-3.125880002975464
1748710366.3259022,-17.87123438490664,-3.1261675357818604
1748710366.3594027,-17.86810325491548,-3.1261661052703857
1748710366.3931382,-17.865273493972587,-3.1262614727020264
1748710366.4265459,-17.862251249204164,-3.1264541149139404
1748710366.4599485,-17.86024092966763,-3.1266608238220215
1748710366.493415,-17.85722180347359,-3.126736640930176
1748710366.5268211,-17.853073941020227,-3.1268186569213867
1748710366.560231,-17.85105857257121,-3.1268064975738525
1748710366.5936453,-17.84812708134529,-3.1270618438720703
1748710366.6271806,-17.8439840800024,-3.127084493637085
1748710366.660637,-17.84206516346398,-3.1271283626556396
1748710366.6942627,-17.838922684616925,-3.1272647380828857
1748710366.7276947,-17.835997725970238,-3.1273577213287354
1748710366.7611387,-17.832964974234905,-3.127479314804077
1748710366.7945719,-17.82993796822325,-3.1275994777679443
1748710366.8279836,-17.826810840943025,-3.1276936531066895
1748710366.8614383,-17.823984056802363,-3.127779722213745
1748710366.8950028,-17.82085199436209,-3.1278247833251953
1748710366.9284077,-17.817812671083015,-3.127974033355713
1748710366.9618106,-17.81477683657994,-3.1279690265655518
1748710366.9951653,-17.811730205727766,-3.1283090114593506
1748710367.0285697,-17.80868781070934,-3.1283953189849854
1748710367.0619664,-17.805651135403732,-3.128408670425415
1748710367.0953732,-17.802622838635067,-3.128389358520508
1748710367.1290376,-17.79999769754949,-3.128765821456909
1748710367.162461,-17.797670697725657,-3.1287128925323486
1748710367.1958725,-17.794640543850022,-3.128674030303955
1748710367.229275,-17.791593342540295,-3.1287875175476074
1748710367.2628317,-17.788364251715976,-3.128926992416382
1748710367.2963786,-17.784421737776466,-3.129042625427246
1748710367.3297887,-17.78139576125096,-3.129188299179077
1748710367.3632367,-17.77847381334534,-3.1293840408325195
1748710367.3966386,-17.77524732334328,-3.129387378692627
1748710367.4300418,-17.77332644989231,-3.129424810409546
1748710367.4634867,-17.770311926360602,-3.129591703414917
1748710367.496902,-17.76616827453352,-3.129753828048706
1748710367.5303204,-17.763245796988716,-3.1296229362487793
1748710367.5637898,-17.760220947333618,-3.129917860031128
1748710367.5971982,-17.757086915703272,-3.1299173831939697
1748710367.6305983,-17.753957169309135,-3.1301145553588867
1748710367.663969,-17.750920321509515,-3.130018711090088
1748710367.6973813,-17.748083058422385,-3.130120277404785
1748710367.730788,-17.743942194670698,-3.130218505859375
1748710367.7642007,-17.741018277548676,-3.130317211151123
1748710367.802399,-17.73909942357927,-3.130378246307373
1748710367.8364694,-17.736975568851225,-3.1305434703826904
1748710367.8698533,-17.732535257926767,-3.130589485168457
1748710367.903267,-17.73001177787991,-3.1306357383728027
1748710367.9366713,-17.72698381799215,-3.130720615386963
1748710367.970088,-17.723858587607175,-3.130837917327881
1748710368.0035892,-17.720935558482413,-3.130948066711426
1748710368.0369518,-17.71680225784439,-3.1310009956359863
1748710368.0703328,-17.713779080921,-3.1310884952545166
1748710368.1037312,-17.710654799909726,-3.131197690963745
1748710368.13719,-17.707728895868645,-3.131253242492676
1748710368.1707528,-17.70570995116248,-3.1313371658325195
1748710368.2041626,-17.70257613606192,-3.1313936710357666
1748710368.237564,-17.699744656779597,-3.1314733028411865
1748710368.2710173,-17.696204603837064,-3.1315958499908447
1748710368.3044744,-17.693174749248914,-3.131680965423584
1748710368.337988,-17.690145926800493,-3.1318047046661377
1748710368.3715277,-17.686401616257193,-3.131786346435547
1748710368.404932,-17.68457722844598,-3.131897211074829
1748710368.4383478,-17.681351881604744,-3.131974458694458
1748710368.4717493,-17.678421096344405,-3.131953001022339
1748710368.505151,-17.67538553596757,-3.132087230682373
1748710368.538601,-17.672265164361832,-3.1321959495544434
1748710368.5721529,-17.66934000942849,-3.1320924758911133
1748710368.6056335,-17.66529070334481,-3.132265567779541
1748710368.6390452,-17.662365635036224,-3.132254123687744
1748710368.6724465,-17.659120241127884,-3.132331609725952
1748710368.7058492,-17.656098953142237,-3.1324076652526855
1748710368.7393239,-17.65307100198577,-3.1324892044067383
1748710368.7727823,-17.650245331917024,-3.1325998306274414
1748710368.8063345,-17.647114360470933,-3.1326444149017334
1748710368.8397415,-17.644085466368022,-3.1327178478240967
1748710368.8735886,-17.64105655898432,-3.1327812671661377
1748710368.9070082,-17.63903670368183,-3.1329050064086914
1748710368.9404376,-17.636007735868397,-3.132862091064453
1748710368.9738173,-17.631452957638558,-3.133007049560547
1748710369.0072174,-17.628718508135066,-3.132887601852417
1748710369.0406344,-17.625875803579476,-3.133186101913452
1748710369.074052,-17.622833456362763,-3.133173942565918
1748710369.1074078,-17.61878970746435,-3.13311767578125
1748710369.1408367,-17.615763764649135,-3.133287191390991
1748710369.174244,-17.613749602997903,-3.133357286453247
1748710369.2076719,-17.610723571001838,-3.1334187984466553
1748710369.2412143,-17.606788611894494,-3.133411169052124
1748710369.2746487,-17.604664786798345,-3.1335227489471436
1748710369.3080366,-17.600735581018448,-3.1335482597351074
1748710369.3414352,-17.598604191377614,-3.13376784324646
1748710369.374836,-17.595565517038498,-3.133563280105591
1748710369.408202,-17.593430239610182,-3.1338155269622803
1748710369.441602,-17.589579372836454,-3.1338019371032715
1748710369.475059,-17.58745743651657,-3.133847236633301
1748710369.5086071,-17.584528653318955,-3.1339046955108643
1748710369.5420089,-17.581498845320045,-3.1340014934539795
1748710369.575957,-17.57836992025022,-3.1341452598571777
1748710369.6093783,-17.575340908128947,-3.134063959121704
1748710369.6428227,-17.572408270356817,-3.134089946746826
1748710369.6762712,-17.569285969770313,-3.13417911529541
1748710369.7135677,-17.5662524352526,-3.1343932151794434
1748710369.7470229,-17.562204845785164,-3.134206533432007
1748710369.7804747,-17.559178089814452,-3.1345016956329346
1748710369.81414,-17.555949682700508,-3.1344656944274902
1748710369.8475394,-17.553019176209133,-3.1346120834350586
1748710369.8809435,-17.549079565548436,-3.1347062587738037
1748710369.9143505,-17.546051785170857,-3.1349129676818848
1748710369.9477513,-17.544029940726766,-3.134911298751831
1748710369.981218,-17.540987661287588,-3.1350386142730713
1748710370.0146306,-17.537864386070193,-3.1350674629211426
1748710370.0480325,-17.533920992117096,-3.135169744491577
1748710370.0814466,-17.532008883389455,-3.1352498531341553
1748710370.1148698,-17.528973353244734,-3.1352999210357666
1748710370.148272,-17.52685429806906,-3.135352849960327
1748710370.1816778,-17.522802169055115,-3.1354682445526123
1748710370.2151442,-17.519782012863093,-3.135662317276001
1748710370.2486656,-17.51685222507148,-3.1355950832366943
1748710370.2820687,-17.51372229318201,-3.135699987411499
1748710370.315471,-17.50969488478146,-3.1357007026672363
1748710370.3489242,-17.507674148354152,-3.1359522342681885
1748710370.382419,-17.503639105030583,-3.1358883380889893
1748710370.415828,-17.501619343717717,-3.136129140853882
1748710370.4492364,-17.498488396327133,-3.1360936164855957
1748710370.4827738,-17.49504280368712,-3.136234760284424
1748710370.5164044,-17.491409338567042,-3.1363179683685303
1748710370.5499687,-17.488489215554434,-3.1363978385925293
1748710370.583392,-17.4854546725682,-3.1365060806274414
1748710370.616905,-17.482431505714153,-3.136547088623047
1748710370.650346,-17.47939697637542,-3.136737585067749
1748710370.6881082,-17.475352423033783,-3.1367273330688477
1748710370.7215552,-17.472427494844315,-3.1367876529693604
1748710370.7550602,-17.46939675655537,-3.1368629932403564
1748710370.7885122,-17.466276376878724,-3.136960744857788
1748710370.8219328,-17.46323993498708,-3.137132167816162
1748710370.8553317,-17.461223800362347,-3.136941432952881
1748710370.888733,-17.458079555453253,-3.1372978687286377
1748710370.9222622,-17.455122977072957,-3.1370458602905273
1748710370.955725,-17.453190906058808,-3.1374449729919434
1748710370.9891264,-17.44992740216045,-3.1372692584991455
1748710371.0264385,-17.44809446421536,-3.1375582218170166
1748710371.060006,-17.443906743665625,-3.1373848915100098
1748710371.0943475,-17.440848483983196,-3.137810707092285
1748710371.1277742,-17.437899550183445,-3.1375479698181152
1748710371.1612103,-17.434768714217576,-3.13799786567688
1748710371.1946063,-17.431738701896705,-3.137664318084717
1748710371.2281353,-17.428708923013787,-3.1382410526275635
1748710371.261567,-17.425666550056324,-3.138025999069214
1748710371.294968,-17.42260210035487,-3.1382458209991455
1748710371.3284261,-17.419626261499086,-3.1381213665008545
1748710371.3618422,-17.4174767505105,-3.13854718208313
1748710371.3952966,-17.414398154932506,-3.13826322555542
1748710371.4286902,-17.410215269676147,-3.13879656791687
1748710371.4620924,-17.4072693079886,-3.1386377811431885
1748710371.4955637,-17.405238954995355,-3.138819694519043
1748710371.5290766,-17.402307349323024,-3.138876438140869
1748710371.5624871,-17.39917938196753,-3.1392948627471924
1748710371.5958996,-17.39616371617619,-3.138873338699341
1748710371.6293635,-17.393134720895254,-3.139209032058716
1748710371.66279,-17.39020791390492,-3.139342784881592
1748710371.6961958,-17.387075984030066,-3.139239549636841
1748710371.730579,-17.38404142884968,-3.1394989490509033
1748710371.7640152,-17.382124568990655,-3.139592170715332
1748710371.7975092,-17.37807907266869,-3.139880657196045
1748710371.8308659,-17.375028247322483,-3.139803171157837
1748710371.864393,-17.372897731447978,-3.1397719383239746
1748710371.8977997,-17.370878814708433,-3.139892101287842
1748710371.9312115,-17.36743892925554,-3.1399261951446533
1748710371.9646282,-17.364802034056606,-3.1400301456451416
1748710371.9980335,-17.361785571813865,-3.1401021480560303
1748710372.0317364,-17.35786218544555,-3.1402320861816406
1748710372.0651395,-17.35574883775084,-3.1402053833007812
1748710372.098538,-17.35272091016094,-3.1401491165161133
1748710372.1319838,-17.35070387900576,-3.1401989459991455
1748710372.1653833,-17.347577723811426,-3.140164375305176
1748710372.198842,-17.34565512475455,-3.1403398513793945
1748710372.232268,-17.342613870341108,-3.1403353214263916
1748710372.2656722,-17.339562099915767,-3.140352725982666
1748710372.2991638,-17.33553184677647,-3.1402294635772705
1748710372.3325646,-17.332515376372655,-3.1405818462371826
1748710372.365922,-17.33050787001588,-3.140634298324585
1748710372.3993266,-17.32849166949314,-3.1404316425323486
1748710372.4328077,-17.32544458590987,-3.140608072280884
1748710372.4704273,-17.32139432134414,-3.140474319458008
1748710372.504438,-17.316856690517334,-3.1404025554656982
1748710372.5378425,-17.314320831324732,-3.140744686126709
1748710372.5712738,-17.311374905645955,-3.140681028366089
1748710372.6046734,-17.30823160347185,-3.1407551765441895
1748710372.6381295,-17.306308012322468,-3.1405975818634033
1748710372.6715567,-17.30317423529007,-3.14072585105896
1748710372.705132,-17.300139632020603,-3.1406941413879395
1748710372.7386081,-17.297207076305323,-3.1409101486206055
1748710372.7720401,-17.293983614949273,-3.1407032012939453
1748710372.8055968,-17.291061568181117,-3.140887498855591
1748710372.8390336,-17.289043585349447,-3.1407630443573
1748710372.872457,-17.285904053630468,-3.140733003616333
1748710372.9058692,-17.282979137250305,-3.1407735347747803
1748710372.9392912,-17.28096306939794,-3.1407828330993652
1748710372.9726982,-17.27792466450528,-3.14084529876709
1748710373.0060968,-17.273786680470014,-3.140929698944092
1748710373.0395362,-17.270861738464262,-3.1407992839813232
1748710373.073034,-17.26772702762124,-3.1410038471221924
1748710373.1064584,-17.264789694656795,-3.1408565044403076
1748710373.139976,-17.26185238412644,-3.1409449577331543
1748710373.1734784,-17.259726639329326,-3.140885591506958
1748710373.2070277,-17.255683069814133,-3.141029119491577
1748710373.2404609,-17.252643697722892,-3.1409053802490234
1748710373.2739675,-17.250617121273006,-3.140892744064331
1748710373.3073773,-17.24657926513356,-3.140918493270874
1748710373.3407974,-17.24356363801244,-3.141038656234741
1748710373.3742332,-17.24154469646864,-3.1408870220184326
1748710373.4076748,-17.23750682639706,-3.140918731689453
1748710373.441173,-17.23448463103427,-3.14090633392334
1748710373.474575,-17.23246379864258,-3.140986919403076
1748710373.5080216,-17.229330026442266,-3.1409685611724854
1748710373.5419135,-17.226398435262375,-3.141026258468628
1748710373.575672,-17.223268483179904,-3.141169548034668
1748710373.609085,-17.220234830361306,-3.1409707069396973
1748710373.642483,-17.217207405714166,-3.1409401893615723
1748710373.675942,-17.214280560067724,-3.1412155628204346
1748710373.709369,-17.211349906248877,-3.1412057876586914
1748710373.74277,-17.20821708337102,-3.1411800384521484
1748710373.7761865,-17.20418780107809,-3.141113758087158
1748710373.809721,-17.201271422020397,-3.14101243019104
1748710373.8431294,-17.198150050841942,-3.1411798000335693
1748710373.877069,-17.195118315404535,-3.141166925430298
1748710373.9105003,-17.19107473575823,-3.141240358352661
1748710373.9439223,-17.190168743612226,-3.141310453414917
1748710373.9773285,-17.187134150230786,-3.1412289142608643
1748710374.010736,-17.18389259694224,-3.1411757469177246
1748710374.0441313,-17.180961957077834,-3.141233205795288
1748710374.0775797,-17.177933087596664,-3.1412503719329834
1748710374.1116908,-17.174907079298638,-3.1412546634674072
1748710374.1451151,-17.17289386932153,-3.141408920288086
1748710374.1785202,-17.170986513219333,-3.1411664485931396
1748710374.2118838,-17.167824998609873,-3.141296625137329
1748710374.2453208,-17.164775126869817,-3.14125657081604
1748710374.2787578,-17.16173195430141,-3.1413543224334717
1748710374.312201,-17.158696401978627,-3.141226053237915
1748710374.345688,-17.15565607792428,-3.141415596008301
1748710374.3790977,-17.15251466562045,-3.1412529945373535
1748710374.412536,-17.14948576514807,-3.141181707382202
1748710374.4459453,-17.145455542683536,-3.1413068771362305
1748710374.4793525,-17.143650236810654,-3.141306161880493
1748710374.5129406,-17.139623823405685,-3.1413021087646484
1748710374.5463881,-17.13660830501367,-3.141305446624756
1748710374.57988,-17.134395780811236,-3.141317367553711
1748710374.6132672,-17.12995738061859,-3.1413326263427734
1748710374.6466832,-17.12683409768467,-3.1413497924804688
1748710374.680128,-17.124412719634094,-3.141392707824707
1748710374.7135296,-17.121484936119597,-3.1413094997406006
1748710374.747006,-17.11824530249061,-3.141343116760254
1748710374.7804124,-17.115423350347175,-3.141197443008423
1748710374.8138645,-17.112277163192648,-3.1413025856018066
1748710374.8472795,-17.11026013916579,-3.1412408351898193
1748710374.8806756,-17.10620319795746,-3.14125394821167
1748710374.9140806,-17.10308277226931,-3.1412103176116943
1748710374.947478,-17.101052400784017,-3.141268491744995
1748710374.980841,-17.097119440011475,-3.141167640686035
1748710375.0143986,-17.09509097293129,-3.1412267684936523
1748710375.0478036,-17.091971498525186,-3.14117693901062
1748710375.0812318,-17.089034168121646,-3.1411566734313965
1748710375.114623,-17.08600720061446,-3.1412174701690674
1748710375.1482956,-17.081967435998763,-3.1412107944488525
1748710375.1817253,-17.079043472370365,-3.1412510871887207
1748710375.2151787,-17.076926317629287,-3.141340732574463
1748710375.2485936,-17.072878897975013,-3.141106605529785
1748710375.2820172,-17.070856149289177,-3.141042709350586
1748710375.3154645,-17.067829189253036,-3.1411516666412354
1748710375.348862,-17.064797464974554,-3.141234874725342
1748710375.3822713,-17.061664635550805,-3.141082763671875
1748710375.4156723,-17.0587292126077,-3.1410768032073975
1748710375.4490733,-17.05479721559953,-3.141111135482788
1748710375.4826984,-17.051672973159558,-3.1410562992095947
1748710375.5161054,-17.049647367383546,-3.141141891479492
1748710375.5495262,-17.046629944204838,-3.1412081718444824
1748710375.583076,-17.043599164739888,-3.1411566734313965
1748710375.616486,-17.039567025517663,-3.1411149501800537
1748710375.6498837,-17.03653338254623,-3.1412224769592285
1748710375.6832685,-17.033506412103698,-3.141125440597534
1748710375.7169447,-17.030463231930618,-3.1410953998565674
1748710375.7504878,-17.027041453859457,-3.1411919593811035
1748710375.7838852,-17.02431680273226,-3.141141414642334
1748710375.8173082,-17.022496238063404,-3.141204595565796
1748710375.8507044,-17.01947499406663,-3.141141653060913
1748710375.884106,-17.01724816135236,-3.1411287784576416
1748710375.9175045,-17.013316163741603,-3.1411924362182617
1748710375.9509373,-17.01028443028043,-3.1411657333374023
1748710375.9843395,-17.007161146586636,-3.141164541244507
1748710376.017735,-17.004138955583624,-3.1412277221679688
1748710376.0511355,-17.001211175023663,-3.1413238048553467
1748710376.084541,-16.99919316995408,-3.1410882472991943
1748710376.117987,-16.994130111641987,-3.1412196159362793
1748710376.1513777,-16.992105459264923,-3.1412875652313232
1748710376.1847703,-16.989074670963603,-3.1411497592926025
1748710376.2181542,-16.98573585795746,-3.1412904262542725
1748710376.2516253,-16.983003575412003,-3.1412181854248047
1748710376.2850978,-16.97996326327089,-3.1413261890411377
1748710376.3185034,-16.97703261326675,-3.141178607940674
1748710376.3524742,-16.97389979686451,-3.1413028240203857
1748710376.3859668,-16.970870926326118,-3.1412863731384277
1748710376.4193773,-16.967742815135185,-3.1414401531219482
1748710376.4532914,-16.964713936173496,-3.14129376411438
1748710376.4868536,-16.961390336623985,-3.1412460803985596
1748710376.5202904,-16.95866759801371,-3.1413557529449463
1748710376.5538325,-16.956753568896943,-3.141199827194214
1748710376.5872376,-16.952701407075697,-3.1412949562072754
1748710376.6206567,-16.95068247910548,-3.1413464546203613
1748710376.654989,-16.946540673192484,-3.1413724422454834
1748710376.6884105,-16.943616704711292,-3.1413066387176514
1748710376.721812,-16.941495732403897,-3.1413018703460693
1748710376.755408,-16.93857366944684,-3.141261577606201
1748710376.788817,-16.935437976984282,-3.1413958072662354
1748710376.82238,-16.93251209172757,-3.141195774078369
1748710376.855784,-16.929271501040287,-3.141347885131836
1748710376.8891985,-16.926454322473234,-3.141493797302246
1748710376.9227536,-16.923318614066275,-3.1412429809570312
1748710376.9561605,-16.92028879239472,-3.1413190364837646
1748710376.989722,-16.917358148338444,-3.1412694454193115
1748710377.023134,-16.914426435093517,-3.1413650512695312
1748710377.0565383,-16.91128312082182,-3.1412863731384277
1748710377.0948863,-16.908257099526402,-3.141301155090332
1748710377.1283715,-16.90532359332811,-3.141190528869629
1748710377.1617749,-16.90228899406715,-3.1411778926849365
1748710377.1952944,-16.89905794502262,-3.1413087844848633
1748710377.2287314,-16.89613779313702,-3.141282558441162
1748710377.2621465,-16.893214779085376,-3.141254425048828
1748710377.2955477,-16.890190677558817,-3.1412556171417236
1748710377.3289666,-16.888176518254742,-3.1412854194641113
1748710377.3629172,-16.88495977883287,-3.1414573192596436
1748710377.398357,-16.88194134119953,-3.141170024871826
1748710377.4317567,-16.88002350134077,-3.1413049697875977
1748710377.4651632,-16.87537433607531,-3.141197443008423
1748710377.4985623,-16.87396480729805,-3.141446352005005
1748710377.5319717,-16.8709359365878,-3.1413745880126953
1748710377.56544,-16.86790992788583,-3.141374349594116
1748710377.5988839,-16.864379425523673,-3.1413958072662354
1748710377.6322577,-16.861857904662013,-3.141261339187622
1748710377.6657152,-16.8588271273002,-3.141324996948242
1748710377.699189,-16.855800164942647,-3.1413471698760986
1748710377.7328863,-16.852777015199283,-3.1412813663482666
1748710377.7663312,-16.849850191757255,-3.141409397125244
1748710377.800367,-16.846615326023528,-3.141448736190796
1748710377.8338165,-16.84378672374574,-3.141338348388672
1748710377.8672192,-16.84034679259206,-3.1411726474761963
1748710377.9008567,-16.83762118530455,-3.1411616802215576
1748710377.9346254,-16.83469245579496,-3.141249895095825
1748710377.968024,-16.831564404736426,-3.141282796859741
1748710378.0018878,-16.828533621489168,-3.14121413230896
1748710378.0353818,-16.82539794428208,-3.1413023471832275
1748710378.0688376,-16.82238527855608,-3.1414480209350586
1748710378.1023495,-16.819359265563975,-3.1412878036499023
1748710378.1357608,-16.817435702400505,-3.141245126724243
1748710378.1691678,-16.813401631920307,-3.1410903930664062
1748710378.202647,-16.81036510723347,-3.141455888748169
1748710378.236062,-16.80945529633882,-3.1413400173187256
1748710378.2694592,-16.80521048807328,-3.1413557529449463
1748710378.302856,-16.802180663997735,-3.141373634338379
1748710378.33625,-16.799254791662122,-3.141496181488037
1748710378.3696537,-16.797038443702178,-3.1412293910980225
1748710378.4030633,-16.79420118769248,-3.141125202178955
1748710378.436457,-16.7902385953094,-3.14141583442688
1748710378.4698646,-16.78719919855779,-3.141385316848755
1748710378.5032701,-16.78414642581239,-3.141218900680542
1748710378.5367033,-16.781000241204147,-3.1413674354553223
1748710378.5700734,-16.778066738737316,-3.141334295272827
1748710378.603525,-16.774933918980793,-3.1414856910705566
1748710378.6369257,-16.773012264407193,-3.14147686958313
1748710378.6705334,-16.768872359313644,-3.141356945037842
1748710378.7040145,-16.766851506747628,-3.1412179470062256
1748710378.7376115,-16.76381119900893,-3.141566038131714
1748710378.7710695,-16.76077181362607,-3.141507863998413
1748710378.8046174,-16.75754266940841,-3.1413981914520264
1748710378.8391259,-16.754809423141147,-3.1412124633789062
1748710378.8726,-16.751667981898525,-3.1415507793426514
1748710378.906386,-16.748631477320195,-3.1414103507995605
1748710378.9397979,-16.74548528902043,-3.1413097381591797
1748710378.973439,-16.743556008386598,-3.1414785385131836
1748710379.0068402,-16.740424088944682,-3.1415717601776123
1748710379.0402362,-16.737495326816408,-3.14131760597229
1748710379.0737917,-16.73456558265048,-3.1412317752838135
1748710379.107236,-16.73143085546066,-3.1414406299591064
1748710379.14068,-16.72739299675203,-3.1414294242858887
1748710379.174095,-16.724364123361664,-3.1413915157318115
1748710379.2076187,-16.721336197046384,-3.141422986984253
1748710379.2410088,-16.718416978287348,-3.141233205795288
1748710379.274495,-16.716289322241508,-3.1411986351013184
1748710379.3079,-16.713150749772907,-3.1412572860717773
1748710379.3412492,-16.710215335827506,-3.141195058822632
1748710379.3746276,-16.70717882637564,-3.141232490539551
1748710379.4083793,-16.704242292989292,-3.14081072807312
1748710379.4418485,-16.701098949430857,-3.1412622928619385
1748710379.4754558,-16.69816922735051,-3.1411426067352295
1748710379.5088582,-16.695032590948145,-3.1412317752838135
1748710379.5422688,-16.692105765191613,-3.141232490539551
1748710379.5756297,-16.689072079852316,-3.141096353530884
1748710379.6090157,-16.686037488069914,-3.141216516494751
1748710379.6424377,-16.682906572880448,-3.141197443008423
1748710379.67584,-16.6809887326138,-3.141185760498047
1748710379.709532,-16.677250330502204,-3.1412158012390137
1748710379.7429461,-16.67482608974925,-3.1412103176116943
1748710379.7763546,-16.671792450668324,-3.1412031650543213
1748710379.8097754,-16.66875690738687,-3.1412811279296875
1748710379.8433893,-16.665520139161405,-3.1413705348968506
1748710379.8767934,-16.663602292677215,-3.1412365436553955
1748710379.9103403,-16.66177981169687,-3.141214370727539
1748710379.9437466,-16.66177981169687,-3.141235589981079
1748710379.978091,-16.655717303990087,-3.1412816047668457
1748710380.011572,-16.65359537965012,-3.1413114070892334
1748710380.0450282,-16.65067615700369,-3.1411380767822266
1748710380.0815718,-16.647554777569905,-3.1412477493286133
1748710380.1149771,-16.64554528316126,-3.14154052734375
1748710380.148521,-16.642522124415343,-3.1414124965667725
1748710380.182043,-16.64039155761142,-3.1412336826324463
1748710380.2155282,-16.636521468984398,-3.141428232192993
1748710380.24895,-16.635504851802636,-3.141475200653076
1748710380.2823875,-16.63246357006875,-3.1414458751678467
1748710380.3157907,-16.63043700868238,-3.1413252353668213
1748710380.349235,-16.626881709458047,-3.141347646713257
1748710380.3826396,-16.623240574709417,-3.1413886547088623
1748710380.4160018,-16.621215913034938,-3.1412460803985596
1748710380.4493997,-16.61817749930302,-3.141247272491455
1748710380.4827988,-16.615039897203733,-3.1414260864257812
1748710380.5162063,-16.6121063842418,-3.141345262527466
1748710380.55064,-16.6121063842418,-3.1413192749023438
1748710380.584858,-16.60614401005336,-3.14127516746521
1748710380.6188986,-16.602013645897554,-3.141308069229126
1748710380.6523142,-16.59900669445486,-3.14133620262146
1748710380.6906044,-16.595976727099536,-3.141110897064209
1748710380.7239757,-16.59293735885558,-3.1413094997406006
1748710380.757462,-16.588885197827658,-3.141497850418091
1748710380.7909162,-16.58797348493382,-3.1414456367492676
1748710380.8243327,-16.58483971019691,-3.1414718627929688
1748710380.8577814,-16.58180415947532,-3.1413309574127197
1748710380.8911858,-16.579879643895147,-3.141360282897949
1748710380.9246147,-16.576454999809734,-3.1413724422454834
1748710380.9580102,-16.57372653558045,-3.14133882522583
1748710380.9914372,-16.56968391140414,-3.1414132118225098
1748710381.0248368,-16.566658856237577,-3.141421318054199
1748710381.060238,-16.564638020766555,-3.1414434909820557
1748710381.0937762,-16.561611055676657,-3.1415741443634033
1748710381.1271799,-16.558565970504816,-3.1413657665252686
1748710381.1605506,-16.55551035616253,-3.141275405883789
1748710381.194389,-16.55247767158056,-3.1413490772247314
1748710381.2278414,-16.549457381884242,-3.141444206237793
1748710381.2612517,-16.54633027253265,-3.141315221786499
1748710381.2946823,-16.543404386664925,-3.1414525508880615
1748710381.3280873,-16.540375516182888,-3.141399383544922
1748710381.3615782,-16.53734092375717,-3.141568422317505
1748710381.3950036,-16.534022012367526,-3.1413705348968506
1748710381.4284277,-16.53139547802524,-3.1412434577941895
1748710381.4618413,-16.529258188215756,-3.1414830684661865
1748710381.4952426,-16.5262025219393,-3.1414968967437744
1748710381.5286343,-16.523157427426387,-3.1412699222564697
1748710381.5620446,-16.5211277127137,-3.141357898712158
1748710381.5955224,-16.518086403859563,-3.1411290168762207
1748710381.629001,-16.514047549116796,-3.141308546066284
1748710381.6624668,-16.512031478391275,-3.141293525695801
1748710381.6959133,-16.50990096558343,-3.141322612762451
1748710381.7293704,-16.508090864640984,-3.1414780616760254
1748710381.7627828,-16.505968846873653,-3.1411170959472656
1748710381.7961974,-16.50392285151853,-3.141089916229248
1748710381.8296504,-16.50097496320062,-3.1413018703460693
1748710381.8630557,-16.498944552287902,-3.1413462162017822
1748710381.8964632,-16.496715806529508,-3.1413772106170654
1748710381.9304533,-16.493881465784668,-3.141329526901245
1748710381.9638581,-16.490744829407237,-3.141427516937256
1748710381.9973218,-16.48730969273677,-3.14141845703125
1748710382.0308874,-16.484686133905015,-3.1414318084716797
1748710382.0642853,-16.48166012548346,-3.141451358795166
1748710382.0977087,-16.479645011875,-3.1414806842803955
1748710382.1312175,-16.47672200032334,-3.1415042877197266
1748710382.164619,-16.47359394691558,-3.1415908336639404
1748710382.198348,-16.47057269681218,3.1415774822235107
1748710382.2317502,-16.468558517450962,-3.1414830684661865
1748710382.2651756,-16.46552771684936,-3.14155912399292
1748710382.2988822,-16.462497884984078,3.141489028930664
1748710382.332338,-16.458467646238866,-3.14149808883667
1748710382.3657432,-16.45403400771869,-3.141523838043213
1748710382.399216,-16.45242134038595,-3.1414620876312256
1748710382.4329617,-16.44848456513887,3.1415765285491943
1748710382.4663851,-16.44535746339359,3.1414859294891357
1748710382.4997942,-16.442330495675037,3.1414740085601807
1748710382.533311,-16.439200522783228,-3.141566753387451
1748710382.5667107,-16.43636905642926,-3.141503095626831
1748710382.6001465,-16.433237186815745,-3.141575336456299
1748710382.634151,-16.430108180758438,3.141569137573242
1748710382.6675503,-16.427182303364656,3.1414616107940674
1748710382.7009504,-16.425166236168806,3.1415207386016846
1748710382.7347038,-16.422141181261022,3.1415834426879883
1748710382.7681496,-16.419117079885787,3.141561508178711
1748710382.801549,-16.41609202452119,3.141547679901123
1748710382.8350356,-16.41216573586219,-3.1415164470672607
1748710382.8684628,-16.409650896940622,3.141550064086914
1748710382.9019134,-16.407035918308836,3.1415605545043945
1748710382.9376538,-16.404017537910796,3.1415436267852783
1748710382.971062,-16.402108278323023,3.141502618789673
1748710383.0045135,-16.398989763074717,3.1415693759918213
1748710383.0379174,-16.3968754633297,-3.1415042877197266
1748710383.0713253,-16.392849047099237,3.141505002975464
1748710383.1047313,-16.389925079450233,3.1414709091186523
1748710383.138136,-16.386400298929612,3.1414945125579834
1748710383.1715462,-16.383280829951197,3.141566276550293
1748710383.2049694,-16.380563811244766,-3.1415767669677734
1748710383.2383451,-16.377649381980437,3.141563653945923
1748710383.2718544,-16.37573630884817,3.1414856910705566
1748710383.30526,-16.37281329402489,3.141447067260742
1748710383.3427303,-16.37079722608845,3.1415469646453857
1748710383.3765385,-16.366768905815416,3.14151930809021
1748710383.4100096,-16.364856788366847,3.141521453857422
1748710383.4434147,-16.361729687579878,-3.1415810585021973
1748710383.4781883,-16.35749060436575,3.1415271759033203
1748710383.5119772,-16.35466867686399,3.141425371170044
1748710383.545429,-16.351748527096156,3.141526699066162
1748710383.5789092,-16.348627149729897,3.141404390335083
1748710383.612319,-16.34661394175826,3.1414780616760254
1748710383.6457236,-16.342478809223188,3.1415669918060303
1748710383.6839976,-16.340667779415835,3.1414618492126465
1748710383.7173934,-16.33694272513908,3.141406774520874
1748710383.7508302,-16.334623390750547,3.1415116786956787
1748710383.7842386,-16.332504326129325,3.141514539718628
1748710383.8176966,-16.329476408691075,3.14139723777771
1748710383.8511138,-16.32644372291103,3.141533851623535
1748710383.8845305,-16.32432084263651,3.1414644718170166
1748710383.9180923,-16.321386379611123,3.1413824558258057
1748710383.9522123,-16.320376438821803,3.1414685249328613
1748710383.9857209,-16.31734661617987,3.1414453983306885
1748710384.0191286,-16.31431583657474,3.1414895057678223
1748710384.052563,-16.311289826770334,3.141556739807129
1748710384.0859618,-16.308366812327485,3.1414387226104736
1748710384.119372,-16.305241621121546,3.1414732933044434
1748710384.152828,-16.302214656994167,3.1413822174072266
1748710384.1862266,-16.299288782967935,3.141570568084717
1748710384.220258,-16.2962503742385,3.141319751739502
1748710384.2588537,-16.29311086033259,-3.141528844833374
1748710384.2923672,-16.28998659299911,3.141294479370117
1748710384.325796,-16.2880687480647,3.141418218612671
1748710384.3592148,-16.285038929191728,3.1414244174957275
1748710384.3926237,-16.28160665380367,3.141436815261841
1748710384.4260697,-16.279380776825988,3.141447067260742
1748710384.459498,-16.276953668451487,3.141343116760254
1748710384.492923,-16.273922893021847,3.1414196491241455
1748710384.526336,-16.271800968134155,3.141439914703369
1748710384.5596943,-16.268771145034382,3.141453266143799
1748710384.5930946,-16.266850444805932,3.141472578048706
1748710384.6294265,-16.263817760745685,3.1414618492126465
1748710384.6628373,-16.259778949736702,3.1414568424224854
1748710384.6962385,-16.257762880056283,3.141378402709961
1748710384.7296402,-16.254738779159915,3.141498327255249
1748710384.7632108,-16.251710862297855,3.1414530277252197
1748710384.796667,-16.250499695899435,3.1414895057678223
1748710384.8301342,-16.247671097332177,3.1415233612060547
1748710384.863756,-16.244540182182618,-3.141552448272705
1748710384.8971744,-16.240494692968973,-3.1415066719055176
1748710384.9307678,-16.238686524755316,-3.1414856910705566
1748710384.9641654,-16.23556132890726,-3.1414358615875244
1748710384.9975579,-16.232536195994687,3.1415536403656006
1748710385.0311296,-16.229504450310074,-3.141427516937256
1748710385.0645273,-16.227479765718204,-3.1413347721099854
1748710385.097937,-16.22446233761379,-3.1413657665252686
1748710385.1313405,-16.222536869213812,-3.141408681869507
1748710385.1647983,-16.218501870324506,-3.141418695449829
1748710385.1982358,-16.21637803641829,-3.141446590423584
1748710385.231715,-16.213259518875635,-3.1415462493896484
1748710385.2651303,-16.21023637002299,-3.1414506435394287
1748710385.2985706,-16.207207487930752,-3.141324996948242
1748710385.3319767,-16.204378865775023,-3.1413323879241943
1748710385.3656912,-16.202262660695148,3.1415669918060303
1748710385.3991225,-16.199343429230833,-3.1415553092956543
1748710385.4325163,-16.196207730528272,-3.141568899154663
1748710385.465924,-16.194290837224678,-3.141503095626831
1748710385.4994864,-16.19115703849362,-3.1414127349853516
1748710385.5328922,-16.188121493521763,-3.1414215564727783
1748710385.5663562,-16.185087780667523,-3.1414999961853027
1748710385.5997596,-16.182058899862813,-3.1413986682891846
1748710385.6331701,-16.180024620679546,-3.1412246227264404
1748710385.6673934,-16.177001421303576,-3.141439437866211
1748710385.7008193,-16.174977700730327,-3.141211986541748
1748710385.7342405,-16.17193919073671,-3.141340732574463
1748710385.7676473,-16.168911262196758,-3.141371726989746
1748710385.8010514,-16.165890967710048,-3.141340494155884
1748710385.8344998,-16.162450102436136,-3.1413474082946777
1748710385.8679087,-16.159735933588603,-3.141508102416992
1748710385.9012852,-16.156900647575515,-3.1411871910095215
1748710385.9346912,-16.153757308781763,-3.1413209438323975
1748710385.9681036,-16.150829529502744,-3.141401529312134
1748710386.0015135,-16.14770051955907,-3.141575336456299
1748710386.034958,-16.144777503719798,-3.141404390335083
1748710386.0683856,-16.14265270612233,-3.141331434249878
1748710386.101886,-16.139632400409987,-3.1412110328674316
1748710386.135284,-16.137512379836217,-3.14138126373291
1748710386.168728,-16.134482555092546,-3.1414103507995605
1748710386.2021286,-16.131550957186125,-3.141409397125244
1748710386.2355342,-16.128529694615686,-3.1415345668792725
1748710386.2692785,-16.12640487658062,-3.1413285732269287
1748710386.3032615,-16.12346271594149,-3.1411919593811035
1748710386.3367593,-16.121448561318775,-3.1413869857788086
1748710386.3701246,-16.11851410679732,-3.1414377689361572
1748710386.4065456,-16.11639504245631,-3.1414873600006104
1748710386.4401214,-16.1123571778795,3.1415858268737793
1748710386.4735358,-16.109218506714313,-3.141151189804077
1748710386.5070367,-16.10607898235694,-3.141228199005127
1748710386.5404348,-16.104251685759085,-3.141385793685913
1748710386.5738697,-16.101304799927394,-3.14131760597229
1748710386.6073945,-16.09826447742282,-3.1414291858673096
1748710386.6408107,-16.096139681697434,-3.1415579319000244
1748710386.6742084,-16.093100315553468,-3.1414268016815186
1748710386.7077067,-16.09007430573603,-3.141406297683716
1748710386.746804,-16.08705304855545,-3.141296625137329
1748710386.7802022,-16.083033308131398,-3.141465663909912
1748710386.8141334,-16.07980035271403,-3.141547918319702
1748710386.8475716,-16.076967939651745,-3.1415388584136963
1748710386.8810651,-16.07383034315136,3.141538619995117
1748710386.9145224,-16.070896836765435,-3.141432046890259
1748710386.9479284,-16.06775828905074,-3.141418218612671
1748710386.981391,-16.064819041043936,3.1415281295776367
1748710387.0147953,-16.06179015345459,3.1414248943328857
1748710387.0481935,-16.058661147858384,-3.1415770053863525
1748710387.081618,-16.05573527010879,-3.1415586471557617
1748710387.1150324,-16.053718243650692,-3.141439437866211
1748710387.148447,-16.049687062206964,3.14158296585083
1748710387.181856,-16.045956285245087,-3.141505241394043
1748710387.2152662,-16.043328898019684,-3.1414995193481445
1748710387.2487612,-16.040709151919657,-3.1414268016815186
1748710387.282165,-16.0375658402415,-3.1414997577667236
1748710387.315574,-16.034649502931124,-3.1414592266082764
1748710387.3489459,-16.032529481646776,-3.1413698196411133
1748710387.3824153,-16.029602641412904,-3.1415364742279053
1748710387.4158149,-16.02647645042024,-3.141563892364502
1748710387.4533165,-16.02345806867012,-3.1414711475372314
1748710387.4868817,-16.020446349018197,-3.1412746906280518
1748710387.5204175,-16.017423193358162,-3.141235828399658
1748710387.5538452,-16.01392125215449,-3.1413567066192627
1748710387.5872707,-16.011106939620266,-3.1410999298095703
1748710387.6207032,-16.008396595579047,-3.1413252353668213
1748710387.6541095,-16.005275215033347,-3.141284465789795
1748710387.6875165,-16.002448525241434,-3.1414012908935547
1748710387.7209442,-16.000241715753553,-3.1413097381591797
1748710387.7544467,-15.997301500815478,-3.1411352157592773
1748710387.7878482,-15.995271126469456,-3.1411664485931396
1748710387.8218818,-15.992137310615886,-3.1414575576782227
1748710387.8553262,-15.989202812116691,-3.141200065612793
1748710387.8887398,-15.986161423017414,-3.140967845916748
1748710387.9221444,-15.98313444647672,-3.1410059928894043
1748710387.9555767,-15.978697964186066,-3.1411194801330566
1748710387.9889948,-15.975968534846551,-3.1412675380706787
1748710388.0224922,-15.973040742977785,-3.1410679817199707
1748710388.0559452,-15.970009020723388,-3.141270875930786
1748710388.0893474,-15.967991996380698,-3.1411757469177246
1748710388.122765,-15.964954538390709,-3.1411514282226562
1748710388.1561844,-15.962942275567485,-3.1411523818969727
1748710388.1896183,-15.959907680642809,-3.141131639480591
1748710388.223043,-15.957889696702246,-3.1412405967712402
1748710388.2564473,-15.953743109366707,-3.1410508155822754
1748710388.289848,-15.952831397899333,-3.141185998916626
1748710388.3235362,-15.949895993817632,-3.141115427017212
1748710388.356986,-15.946235728020763,-3.1411681175231934
1748710388.3905928,-15.943709430741558,-3.140937566757202
1748710388.424,-15.940781640902236,-3.14121150970459
1748710388.4574099,-15.937653571433408,-3.141026496887207
1748710388.4908533,-15.934618986119903,-3.1412222385406494
1748710388.524285,-15.933609997781604,-3.141209125518799
1748710388.5577037,-15.930473355286159,-3.141143321990967
1748710388.5911047,-15.92753030922804,-3.141139507293701
1748710388.6244986,-15.92450045419629,-3.141399621963501
1748710388.6578712,-15.920726492890816,-3.1410303115844727
1748710388.6912796,-15.918388076857763,-3.141343355178833
1748710388.7246764,-15.915136988918805,-3.1413440704345703
1748710388.7580943,-15.912297883624895,-3.141306161880493
1748710388.791548,-15.90915645136484,-3.1414504051208496
1748710388.8249679,-15.906214362043837,-3.1413300037384033
1748710388.8583486,-15.90318167236364,-3.141364574432373
1748710388.8917952,-15.901157976524937,-3.141468048095703
1748710388.9264064,-15.898124339497839,-3.1414761543273926
1748710388.9598138,-15.896097778514292,-3.1414434909820557
1748710388.993279,-15.893065088179863,-3.141557216644287
1748710389.0267303,-15.890030494400452,-3.1414477825164795
1748710389.0601404,-15.887001622731535,-3.141507625579834
1748710389.0936568,-15.883873570352872,-3.141526460647583
1748710389.1270642,-15.881950953271321,-3.1415486335754395
1748710389.1604624,-15.877916908862616,-3.141554117202759
1748710389.1939077,-15.874894714601737,-3.141523838043213
1748710389.2273185,-15.870868298795871,-3.1415011882781982
1748710389.2607696,-15.868853184858741,-3.141516923904419
1748710389.294185,-15.865825267558673,3.1415650844573975
1748710389.3275945,-15.86278972190063,3.141555070877075
1748710389.3610892,-15.859753174313665,-3.141444444656372
1748710389.394547,-15.856713747838445,-3.1414072513580322
1748710389.4279826,-15.853779292343486,-3.141561508178711
1748710389.461394,-15.850647422027762,3.141529083251953
1748710389.4948244,-15.847720595285558,-3.141533613204956
1748710389.5282207,-15.84459158812279,-3.141531229019165
1748710389.561663,-15.841562708382076,-3.1415061950683594
1748710389.5950375,-15.838532873748374,-3.1415810585021973
1748710389.628393,-15.835509725795134,-3.1415650844573975
1748710389.662053,-15.832479900641541,-3.1415035724639893
1748710389.6954737,-15.830460016298947,-3.141439437866211
1748710389.7289288,-15.827321465731362,-3.141510486602783
1748710389.7624147,-15.82540839273215,-3.141500234603882
1748710389.7960494,-15.822374753666013,-3.1414341926574707
1748710389.829469,-15.819440297148022,-3.141488552093506
1748710389.8628707,-15.817326954794575,-3.141512393951416
1748710389.8962913,-15.814299036537427,-3.141415596008301
1748710389.9296894,-15.811271121094283,-3.141512155532837
1748710389.963091,-15.809249281767201,3.1414577960968018
1748710389.996497,-15.806219377235923,-3.141514301300049
1748710390.0299044,-15.803283007757317,-3.141507148742676
1748710390.066446,-15.800153997458679,-3.141425848007202
1748710390.0998473,-15.797125947976642,-3.141528606414795
1748710390.133284,-15.794095130771394,-3.141204833984375
1748710390.166729,-15.791057530137602,-3.141418933868408
1748710390.2001476,-15.788031518892728,-3.1413562297821045
1748710390.233604,-15.784997878371748,-3.1413583755493164
1748710390.267071,-15.781981391973536,-3.141404151916504
1748710390.3004792,-15.779964369901112,-3.141374349594116
1748710390.3339117,-15.77693836107134,-3.141371726989746
1748710390.3673165,-15.773912171459836,-3.1410603523254395
1748710390.400771,-15.770970961155989,-3.1414592266082764
1748710390.4342782,-15.766812831497838,-3.1414127349853516
1748710390.467965,-15.763786813498392,-3.1414756774902344
1748710390.501553,-15.761661058681955,-3.1411945819854736
1748710390.5349576,-15.758718938235056,-3.141472101211548
1748710390.5683646,-15.755775897302374,-3.1414220333099365
1748710390.6020865,-15.752634490965914,-3.1415352821350098
1748710390.6354914,-15.749504528596047,-3.141404628753662
1748710390.6700258,-15.746670206145788,-3.141508102416992
1748710390.7034335,-15.743637482681754,3.1415774822235107
1748710390.7369561,-15.740612426807402,-3.141468048095703
1748710390.7703657,-15.737488185761832,-3.1414501667022705
1748710390.8037724,-15.734564199446789,-3.1415538787841797
1748710390.8371756,-15.732456577718736,-3.141542673110962
1748710390.8705735,-15.728519809848628,-3.1415395736694336
1748710390.903982,-15.726400745514422,-3.141592025756836
1748710390.9373705,-15.7233632898417,-3.1414527893066406
1748710390.9707878,-15.721328139334718,-3.1414356231689453
1748710391.0042007,-15.718295441916597,-3.1414437294006348
1748710391.0381846,-15.715357168922301,-3.1414031982421875
1748710391.0715923,-15.712323477879153,3.141563892364502
1748710391.105085,-15.70918584870538,-3.141207695007324
1748710391.1387687,-15.706137348918041,-3.141214370727539
1748710391.1721833,-15.704111724374119,-3.1410369873046875
1748710391.2055907,-15.701047528106644,-3.141266107559204
1748710391.2390103,-15.698001471347187,-3.1411843299865723
1748710391.2724164,-15.695068903648782,-3.1411349773406982
1748710391.3058305,-15.69194275428186,-3.14115834236145
1748710391.339247,-15.688814705437045,-3.1412034034729004
1748710391.3727424,-15.68689877441901,-3.1412174701690674
1748710391.4061208,-15.68387181323375,-3.1412484645843506
1748710391.4395206,-15.67983395802489,-3.1412887573242188
1748710391.4729526,-15.676910946161103,-3.1413328647613525
1748710391.5065126,-15.673781935037916,-3.1412243843078613
1748710391.5403867,-15.67185741239331,-3.141140937805176
1748710391.5738473,-15.66872260284631,-3.141291379928589
1748710391.6072583,-15.666692181909712,-3.1411490440368652
1748710391.640648,-15.662616155753062,-3.1411423683166504
1748710391.6743786,-15.659584427734368,-3.141333818435669
1748710391.7078161,-15.656140677320991,-3.141152858734131
1748710391.7412581,-15.653206213202573,-3.141249179840088
1748710391.7746627,-15.650071485318893,-3.1412551403045654
1748710391.808129,-15.647545203084514,-3.1412785053253174
1748710391.8415504,-15.645426139335962,-3.1413002014160156
1748710391.874957,-15.641387329651907,-3.1413331031799316
1748710391.9083712,-15.638359399447141,-3.1414318084716797
1748710391.9417768,-15.636341422838912,-3.14139461517334
1748710391.9753103,-15.633307782460198,-3.1413447856903076
1748710392.0088482,-15.63118013014021,-3.141380786895752
1748710392.0422485,-15.62836296902021,-3.1413989067077637
1748710392.0756652,-15.626249599082703,-3.141218900680542
1748710392.1090767,-15.623219729764202,-3.1412112712860107
1748710392.1424966,-15.620195604052483,-3.141383409500122
1748710392.1760116,-15.617163850769886,-3.1411006450653076
1748710392.2094276,-15.614134984415818,-3.1411826610565186
1748710392.242975,-15.61111087924816,-3.141148090362549
1748710392.2764075,-15.608081039419794,-3.141162395477295
1748710392.3098056,-15.605065524379402,-3.141230344772339
1748710392.3432076,-15.602040472106891,-3.141289234161377
1748710392.3766418,-15.600022500876497,-3.1414401531219482
1748710392.4100575,-15.596991722313383,-3.1414220333099365
1748710392.4435613,-15.592545693714895,-3.1414895057678223
1748710392.4769647,-15.591939119003904,-3.141207218170166
1748710392.5104856,-15.58889874101213,-3.141064167022705
1748710392.5439193,-15.585966198003456,-3.141186237335205
1748710392.5773265,-15.582838151754393,-3.141312599182129
1748710392.6108294,-15.579805460271366,-3.1414012908935547
1748710392.6442409,-15.576768956624253,-3.1413004398345947
1748710392.6776533,-15.574844439392315,-3.1413142681121826
1748710392.7110682,-15.571720204282576,-3.1413848400115967
1748710392.7444715,-15.568589236827473,-3.1412227153778076
1748710392.7779408,-15.565658569280657,-3.1415257453918457
1748710392.8113585,-15.561717978597652,-3.14145565032959
1748710392.8447568,-15.558690061210973,-3.1413774490356445
1748710392.8782392,-15.556574811459019,-3.1413116455078125
1748710392.9116428,-15.552125913641046,-3.1414551734924316
1748710392.945054,-15.549505208380092,-3.1412458419799805
1748710392.9784634,-15.545565570691764,-3.141242265701294
1748710393.0118794,-15.543444554237398,-3.1415839195251465
1748710393.0452473,-15.540412731165246,-3.14146089553833
1748710393.0789769,-15.537484931410061,-3.1414566040039062
1748710393.1132581,-15.534055514501688,-3.141427993774414
1748710393.146666,-15.531339448609298,-3.141432523727417
1748710393.1800246,-15.529325288676173,-3.1414759159088135
1748710393.2133956,-15.52640131832547,-3.1415295600891113
1748710393.2468178,-15.523169310199076,-3.1413824558258057
1748710393.2802515,-15.520234856664299,3.1415507793426514
1748710393.3136575,-15.518214007390165,3.14157772064209
1748710393.347149,-15.515181303367642,-3.141421318054199
1748710393.3814034,-15.51224013863345,-3.1415462493896484
1748710393.414804,-15.509102541964891,-3.141561985015869
1748710393.4482136,-15.506976801481567,-3.1415185928344727
1748710393.4816778,-15.504044250601204,3.1415903568267822
1748710393.5151606,-15.50100774948719,-3.141427516937256
1748710393.5485601,-15.497757625634815,-3.1415796279907227
1748710393.5824049,-15.494610499232493,-3.1415293216705322
1748710393.6158469,-15.49288911602662,-3.1414382457733154
1748710393.6492443,-15.489951798438184,-3.1414661407470703
1748710393.6826448,-15.486914341362517,-3.1415467262268066
1748710393.7160249,-15.48479336877055,-3.1414520740509033
1748710393.7495499,-15.481753999440187,-3.141456365585327
1748710393.78296,-15.478833843753847,-3.141364097595215
1748710393.8163586,-15.476709055192895,-3.1413917541503906
1748710393.8497617,-15.47368683270762,3.1415557861328125
1748710393.8846653,-15.470670316733255,-3.141446113586426
1748710393.9180653,-15.467638580790625,-3.141284227371216
1748710393.951544,-15.465613930476357,-3.141326665878296
1748710393.9849644,-15.463694186816587,-3.141464948654175
1748710394.0183322,-15.460663408794515,-3.1414740085601807
1748710394.0517364,-15.457532495608257,-3.1414263248443604
1748710394.0851507,-15.454598938891333,-3.1414403915405273
1748710394.1185672,-15.45147374729738,-3.1414194107055664
1748710394.1609457,-15.448437243050423,-3.1414082050323486
1748710394.1944032,-15.446425942540804,-3.1414005756378174
1748710394.2278125,-15.44227840128106,-3.1414079666137695
1748710394.2612247,-15.44016124352152,-3.141423225402832
1748710394.2947252,-15.4363236563331,-3.1413724422454834
1748710394.3280978,-15.433397783638593,-3.1414220333099365
1748710394.361613,-15.430273541459766,-3.1413016319274902
1748710394.3950684,-15.427244667834517,-3.1413350105285645
1748710394.4284887,-15.42523909211711,-3.141404390335083
1748710394.461896,-15.42221689806946,-3.1413991451263428
1748710394.4952984,-15.41869020778384,-3.1413285732269287
1748710394.5287175,-15.41515397735694,-3.141383409500122
1748710394.562145,-15.412135582784478,-3.1413989067077637
1748710394.595544,-15.409106712101261,-3.141472101211548
1748710394.6289911,-15.407087784056515,-3.141345739364624
1748710394.6624346,-15.403033701852438,-3.1413516998291016
1748710394.6958475,-15.400116410433203,-3.1413493156433105
1748710394.7292776,-15.397079902687109,-3.1413331031799316
1748710394.7627032,-15.394056755656829,-3.141442060470581
1748710394.7962282,-15.390924888293803,-3.1414291858673096
1748710394.829752,-15.38778729854965,-3.1414635181427
1748710394.8632903,-15.384870956697672,-3.1413846015930176
1748710394.8967013,-15.381845899868702,-3.1413772106170654
1748710394.9301074,-15.378818938602153,-3.141388177871704
1748710394.9635038,-15.375683020451252,3.1414642333984375
1748710394.996914,-15.372542556857582,-3.1411895751953125
1748710395.0303373,-15.370625562595885,-3.141336679458618
1748710395.0637922,-15.367395470594508,-3.1415421962738037
1748710395.097252,-15.364562100072579,-3.1415209770202637
1748710395.130667,-15.36172586240872,-3.1413702964782715
1748710395.1640728,-15.358585402685796,-3.141446352005005
1748710395.1984248,-15.355656665706196,-3.141479730606079
1748710395.233033,-15.353529971498272,-3.141326427459717
1748710395.2664409,-15.349478747741834,-3.141479969024658
1748710395.2998416,-15.346445087499456,-3.141341209411621
1748710395.333257,-15.343293166665626,-3.141345739364624
1748710395.366657,-15.340369201739394,-3.141400098800659
1748710395.4001186,-15.33743378949175,-3.141341209411621
1748710395.4335485,-15.33419892227107,-3.141435384750366
1748710395.4670925,-15.330159155629067,-3.141392946243286
1748710395.5005424,-15.328332865922935,-3.1413955688476562
1748710395.5339763,-15.325103709924415,-3.1413540840148926
1748710395.5675154,-15.321159310843376,-3.1413862705230713
1748710395.600975,-15.319145148698592,-3.141491174697876
1748710395.6347194,-15.314804018759773,-3.14141583442688
1748710395.6681788,-15.31208410730791,-3.1413841247558594
1748710395.701595,-15.309051410674684,-3.1413378715515137
1748710395.7349913,-15.306015812044398,-3.141491651535034
1748710395.76854,-15.302994567673275,-3.141512870788574
1748710395.8019643,-15.299965696561308,-3.1414644718170166
1748710395.83545,-15.296940624727986,-3.14137601852417
1748710395.8688514,-15.293916521835257,-3.1413352489471436
1748710395.9022613,-15.2908894043806,-3.141541004180908
1748710395.935923,-15.286850578642978,-3.14129376411438
1748710395.9693244,-15.284830644057395,-3.1411972045898438
1748710396.0027814,-15.28178552059992,-3.1413655281066895
1748710396.0361874,-15.278844344579646,-3.141493320465088
1748710396.0695844,-15.275789589168813,-3.1413259506225586
1748710396.102969,-15.272650076437033,-3.1413650512695312
1748710396.1363661,-15.2696173926691,-3.1414055824279785
1748710396.1697779,-15.26658852370196,-3.141448974609375
1748710396.2031736,-15.26356346826361,-3.1414809226989746
1748710396.2365606,-15.261547395633617,-3.1413867473602295
1748710396.2699628,-15.258514708475497,-3.14131760597229
1748710396.3033714,-15.255479162646036,-3.1413495540618896
1748710396.3367734,-15.253462141189353,-3.1414146423339844
1748710396.370185,-15.249919238441198,-3.1413586139678955
1748710396.4035897,-15.248296081394606,-3.1414263248443604
1748710396.4370143,-15.245370187267715,-3.1414308547973633
1748710396.47045,-15.242334640443229,-3.141404390335083
1748710396.504084,-15.23930289639605,-3.1414923667907715
1748710396.5375018,-15.237282037342307,-3.1412887573242188
1748710396.5709236,-15.234247430887024,-3.141313076019287
1748710396.6043258,-15.231212834833748,-3.141383171081543
1748710396.637727,-15.229194843693627,-3.141547441482544
1748710396.671134,-15.226161188099026,-3.1413891315460205
1748710396.7045681,-15.223120871433032,-3.1413800716400146
1748710396.7379682,-15.220097709267208,-3.141278028488159
1748710396.7713668,-15.216756035073383,-3.141348361968994
1748710396.8047872,-15.214032342252857,-3.1414248943328857
1748710396.8382027,-15.210706851239932,-3.141213893890381
1748710396.8716114,-15.207984114538851,-3.1413941383361816
1748710396.9051464,-15.203946257188417,-3.1414458751678467
1748710396.9385676,-15.201930187732014,-3.141444206237793
1748710396.9719453,-15.19900621620797,-3.1413533687591553
1748710397.0123742,-15.195880071537763,-3.141350030899048
1748710397.0458765,-15.191946166250856,-3.141486406326294
1748710397.079631,-15.18891633942535,-3.1413586139678955
1748710397.1130357,-15.186793459865036,-3.1413984298706055
1748710397.1463954,-15.184776423113291,-3.14131236076355
1748710397.1798427,-15.181840051949786,-3.1415538787841797
1748710397.2133846,-15.179718123909689,-3.14155912399292
1748710397.246913,-15.176683432937455,-3.1413846015930176
1748710397.2802835,-15.172534944020674,-3.1413087844848633
1748710397.3136911,-15.169613831687984,-3.14137601852417
1748710397.3471549,-15.166584005661623,-3.141313314437866
1748710397.3805523,-15.163559817798827,-3.141263484954834
1748710397.4139829,-15.160642528149129,-3.1415109634399414
1748710397.447428,-15.158525347441792,3.141592264175415
1748710397.4808402,-15.15549454876914,-3.14143967628479
1748710397.5142503,-15.153465126595703,-3.1414005756378174
1748710397.5476465,-15.150436225989388,-3.141357421875
1748710397.5810776,-15.147311029502314,-3.1413686275482178
1748710397.6144886,-15.144476705437775,-3.1414377689361572
1748710397.647887,-15.142364315486791,-3.1413521766662598
1748710397.6812794,-15.1393258966782,-3.1412792205810547
1748710397.7147102,-15.136293213155882,-3.141331672668457
1748710397.7481325,-15.13428096025371,-3.1414718627929688
1748710397.7815332,-15.130239286947292,-3.141420364379883
1748710397.8149,-15.128316674939219,-3.14145565032959
1748710397.8483033,-15.125205759861885,-3.141401767730713
1748710397.881732,-15.123182061957959,-3.1413962841033936
1748710397.9151914,-15.12016559114432,-3.1415305137634277
1748710397.9486272,-15.117039445509583,-3.14139986038208
1748710397.9823356,-15.114102122149466,-3.1414079666137695
1748710398.0157678,-15.112090821364163,-3.1413512229919434
1748710398.049175,-15.109051458275664,-3.1413817405700684
1748710398.0827184,-15.10490869915446,-3.1414639949798584
1748710398.1161494,-15.101980906111244,-3.141352415084839
1748710398.1495478,-15.09895966862081,-3.141544818878174
1748710398.1829596,-15.094922758307638,3.141559362411499
1748710398.2164955,-15.091897698480695,-3.1414315700531006
1748710398.249923,-15.088867868704035,-3.141451597213745
1748710398.2833457,-15.085750303786567,-3.141352653503418
1748710398.3167567,-15.083934508105026,-3.1413495540618896
1748710398.3501718,-15.080802613094995,-3.1414787769317627
1748710398.3835723,-15.077876707253727,-3.141430139541626
1748710398.4169781,-15.075748096362435,-3.1413514614105225
1748710398.45054,-15.072720180234642,-3.141400098800659
1748710398.4839876,-15.06969035691715,-3.1414010524749756
1748710398.517424,-15.066661487912556,-3.1414270401000977
1748710398.5508254,-15.063634525871727,-3.1414573192596436
1748710398.5842712,-15.060706745046362,-3.141446113586426
1748710398.6176834,-15.05758250663291,-3.141394853591919
1748710398.6510863,-15.053445462093359,-3.1413984298706055
1748710398.6865005,-15.050528172541721,-3.141413927078247
1748710398.719902,-15.048508290404085,-3.1414663791656494
1748710398.7536066,-15.045484188763325,-3.141482353210449
1748710398.7870736,-15.041438701950687,-3.1414973735809326
1748710398.8205056,-15.038200023571878,-3.141491413116455
1748710398.8539045,-15.035266521230035,-3.1415679454803467
1748710398.8883543,-15.032333922597859,-3.141397476196289
1748710398.9218173,-15.029300276373197,-3.141542434692383
1748710398.9562368,-15.027280366321802,3.1415302753448486
1748710398.9896846,-15.024260039261263,-3.1415278911590576
1748710399.023085,-15.02132557598085,-3.1414542198181152
1748710399.0565364,-15.019205544368237,-3.1413116455078125
1748710399.0899591,-15.017078845231417,-3.141324281692505
1748710399.1233578,-15.013032407825303,-3.1414239406585693
1748710399.1567585,-15.011110741976697,-3.141303300857544
1748710399.1901786,-15.00807517388733,-3.14152193069458
1748710399.2236168,-15.005035811476668,-3.141441583633423
1748710399.2570803,-15.00199452115571,-3.141510248184204
1748710399.2905498,-14.998960877877362,-3.1412906646728516
1748710399.3239534,-14.99592610708986,-3.1412997245788574
1748710399.3579454,-14.992897139104251,-3.1415090560913086
1748710399.3916593,-14.990880988916354,3.141497850418091
1748710399.4250722,-14.988865869731452,-3.1415865421295166
1748710399.4584754,-14.985825536003711,3.14152193069458
1748710399.4919395,-14.982784247230342,-3.1414098739624023
1748710399.5253758,-14.979740109287912,-3.1415693759918213
1748710399.5587862,-14.976201022524238,3.141558885574341
1748710399.5924585,-14.97468752960007,-3.1414875984191895
1748710399.6258857,-14.970637265340251,-3.141556739807129
1748710399.6593928,-14.96760551398137,3.14153790473938
1748710399.692801,-14.964577592058344,-3.1414897441864014
1748710399.7262156,-14.961654580556107,-3.1414875984191895
1748710399.7597232,-14.958526523298394,-3.1414577960968018
1748710399.7931314,-14.95650945479397,-3.141458511352539
1748710399.8266098,-14.953488166498106,3.141568899154663
1748710399.8600194,-14.95136814281991,-3.1414685249328613
1748710399.8934512,-14.947429381156287,-3.1414477825164795
1748710399.9268582,-14.945414268103764,-3.1414687633514404
1748710399.9606278,-14.942377768558892,-3.1415205001831055
1748710399.9940336,-14.939352696312385,3.141556739807129
1748710400.0276265,-14.937332810200362,-3.141592264175415
1748710400.062027,-14.933289227634486,3.141568899154663
1748710400.095509,-14.93026130918053,-3.141453504562378
1748710400.1288648,-14.928234743592345,-3.1414010524749756
1748710400.1623132,-14.924188297188786,-3.1414403915405273
1748710400.1957192,-14.922170314386328,3.1415231227874756
1748710400.229129,-14.919146153940824,3.1414036750793457
1748710400.2625492,-14.91713104007095,-3.1415388584136963
1748710400.2959673,-14.914092627061521,-3.1415867805480957
1748710400.3293726,-14.910543043086498,-3.1415607929229736
1748710400.3627698,-14.907604772371476,3.1415679454803467
1748710400.3961678,-14.90468175747105,-3.141375780105591
1748710400.4296916,-14.900943336820713,-3.141396999359131
1748710400.4631236,-14.898927256511012,3.141512155532837
1748710400.4965303,-14.896006119476274,3.141547918319702
1748710400.5303743,-14.891864309590982,3.1415669918060303
1748710400.5666184,-14.8898453760083,-3.1415154933929443
1748710400.600072,-14.885798924583511,-3.1415183544158936
1748710400.6334853,-14.882763374219698,-3.1413559913635254
1748710400.667068,-14.879719247515885,-3.141458034515381
1748710400.7004735,-14.877697457888987,3.1415414810180664
1748710400.733878,-14.87425755335075,-3.1415727138519287
1748710400.7672777,-14.871624371007101,-3.141380786895752
1748710400.8006892,-14.86949575797984,-3.141359567642212
1748710400.834406,-14.865443595790023,-3.141458749771118
1748710400.8678234,-14.862511966039953,3.141496181488037
1748710400.9012556,-14.859377235578124,-3.141498327255249
1748710400.934699,-14.856457084047143,-3.141531229019165
1748710400.968302,-14.853232710189223,3.1415247917175293
1748710401.0017858,-14.85141596035462,-3.1415047645568848
1748710401.035227,-14.848482456812967,-3.1415226459503174
1748710401.0686939,-14.846462574712868,-3.1415293216705322
1748710401.1023653,-14.843436564879212,-3.141573905944824
1748710401.1357672,-14.841413814676429,-3.1414589881896973
1748710401.16917,-14.838178945703756,-3.1415584087371826
1748710401.202658,-14.835349391981973,-3.141568422317505
1748710401.2369528,-14.83291656845451,-3.1415321826934814
1748710401.270404,-14.82919051652572,-3.141420602798462
1748710401.3038042,-14.826168322138505,-3.1415693759918213
1748710401.3374674,-14.823144220647015,3.141587972640991
1748710401.3709326,-14.82011439612012,-3.141540765762329
1748710401.4043343,-14.817085525691244,3.1415884494781494
1748710401.43775,-14.814173946808182,-3.1413936614990234
1748710401.471802,-14.811053514310133,-3.1414637565612793
1748710401.5053058,-14.808135241803836,3.1414883136749268
1748710401.5453603,-14.803997245009342,-3.141559362411499
1748710401.5788074,-14.801969728748954,3.1415646076202393
1748710401.6122599,-14.798627070705404,-3.141376256942749
1748710401.6457288,-14.795779398657055,3.1415178775787354
1748710401.6791584,-14.79283921431043,3.141507863998413
1748710401.7125585,-14.789803667841184,3.141465663909912
1748710401.7459455,-14.786870160949645,-3.1415741443634033
1748710401.779404,-14.783829845984183,3.1415581703186035
1748710401.8128092,-14.78071323388966,3.141571521759033
1748710401.8462195,-14.777788313799519,3.141561508178711
1748710401.8796897,-14.774665983406965,-3.141571521759033
1748710401.9131312,-14.771644735449721,3.141394853591919
1748710401.9465368,-14.768714085243696,3.141554832458496
1748710401.979997,-14.76558030407897,3.1412854194641113
1748710402.0134094,-14.762037400417961,3.1415815353393555
1748710402.0468516,-14.759408100489512,3.1412813663482666
1748710402.080282,-14.756585200248328,3.141453266143799
1748710402.1137,-14.754470883356786,3.1414945125579834
1748710402.150635,-14.751450582896341,3.141404628753662
1748710402.1840975,-14.749329610095028,3.141463279724121
1748710402.2175064,-14.745382353754094,3.1414973735809326
1748710402.2510335,-14.743464496025819,3.1415867805480957
1748710402.2844563,-14.740317299719546,3.1411430835723877
1748710402.3178604,-14.737146269172268,3.1415438652038574
1748710402.3512638,-14.734151172766932,3.1410906314849854
1748710402.3846607,-14.73146372226515,-3.14153790473938
1748710402.418096,-14.72795384317006,3.141267776489258
1748710402.4514945,-14.725898559298965,-3.14158296585083
1748710402.4851744,-14.721777271113394,3.1409008502960205
1748710402.5186043,-14.718265334562457,3.141522169113159
1748710402.5520084,-14.715064663466082,3.140791416168213
1748710402.5854125,-14.712569851544835,3.141286611557007
1748710402.6188283,-14.709363532169796,3.1405396461486816
1748710402.6522381,-14.706366919934261,3.1411335468292236
1748710402.685635,-14.704312665228073,3.14072585105896
1748710402.719095,-14.70114538858852,3.1406912803649902
1748710402.7525218,-14.696980683053905,3.1406571865081787
1748710402.7859232,-14.695058078089483,3.14074444770813
1748710402.81934,-14.692929474541009,3.140759229660034
1748710402.8527381,-14.68999119142817,3.1406848430633545
1748710402.8863103,-14.686865037567227,3.1406490802764893
1748710402.9197116,-14.683926730616232,3.1405909061431885
1748710402.9531276,-14.680895943189496,3.1405298709869385
1748710402.9865313,-14.67695820712556,3.1405179500579834
1748710403.019993,-14.674827682172028,3.140380620956421
1748710403.0543928,-14.670788842577693,3.1403846740722656
1748710403.0877922,-14.66775804707557,3.1403400897979736
1748710403.1284087,-14.66483501137596,3.1401865482330322
1748710403.1618085,-14.660697969609645,3.1402642726898193
1748710403.1952074,-14.6586780156773,3.140385150909424
1748710403.228595,-14.656557753191938,3.1401474475860596
1748710403.261992,-14.653724315103705,3.140484094619751
1748710403.2954443,-14.65058083606331,3.1403305530548096
1748710403.3288622,-14.64846167365696,3.1401379108428955
1748710403.362305,-14.645428984409605,3.1402270793914795
1748710403.3957171,-14.64249166343648,3.1403253078460693
1748710403.429189,-14.639468453885893,3.1399788856506348
1748710403.4626422,-14.636337557636498,3.1402511596679688
1748710403.4961193,-14.632387334751462,3.1398684978485107
1748710403.5295339,-14.629353693463033,3.1401307582855225
1748710403.5629401,-14.627334712693964,3.1398215293884277
1748710403.5963755,-14.624403127587595,3.1400513648986816
1748710403.6297543,-14.621261538962536,3.1397440433502197
1748710403.6631687,-14.618215350818463,3.140178918838501
1748710403.6965714,-14.615278805170995,3.13966965675354
1748710403.729996,-14.61224227129257,3.139857292175293
1748710403.7633564,-14.609115098641235,3.1395652294158936
1748710403.7968965,-14.606180630410119,3.1399145126342773
1748710403.834142,-14.604153991003642,3.1396021842956543
1748710403.8676493,-14.599980589850661,3.139849901199341
1748710403.9010825,-14.596902539633183,3.139249801635742
1748710403.9344876,-14.593704755262285,3.13976788520813
1748710403.9678981,-14.590721371991542,3.139155149459839
1748710404.0013015,-14.588677593923816,3.1394031047821045
1748710404.0347006,-14.585623917553493,3.1392927169799805
1748710404.0682044,-14.582679917146256,3.1393020153045654
1748710404.1016114,-14.580650435735647,3.139277458190918
1748710404.1350808,-14.577520425074574,3.1391022205352783
1748710404.1685212,-14.574491559602787,3.1392362117767334
1748710404.2019668,-14.57135873124616,3.1391873359680176
1748710404.2354023,-14.568535858300887,3.1392767429351807
1748710404.2688117,-14.565396153760714,3.138942003250122
1748710404.3022404,-14.561851391787112,3.139108896255493
1748710404.3356378,-14.559322221827372,3.13914155960083
1748710404.369036,-14.556277049058835,3.138822317123413
1748710404.4024417,-14.553336885740709,3.1389760971069336
1748710404.4358475,-14.550911665498592,3.138930082321167
1748710404.4701169,-14.548179412036177,3.1390559673309326
1748710404.5039272,-14.54514577641721,3.1390187740325928
1748710404.5373347,-14.54212357774079,3.1390936374664307
1748710404.5707617,-14.539083973462034,3.1385138034820557
1748710404.605453,-14.536015789265795,3.1388392448425293
1748710404.6388783,-14.533856452421688,3.1387228965759277
1748710404.6723363,-14.530994194063949,3.138775587081909
1748710404.7057488,-14.52713759445208,3.1388468742370605
1748710404.7392056,-14.524809577688469,3.1386210918426514
1748710404.7726307,-14.521775015837706,3.1388208866119385
1748710404.806026,-14.518746032227048,3.1384589672088623
1748710404.8394969,-14.515819209763569,3.1387226581573486
1748710404.8728669,-14.511676282992918,3.1383912563323975
1748710404.9135897,-14.50864843910711,3.138651132583618
1748710404.9470203,-14.50562807197376,3.138498306274414
1748710404.9804232,-14.502603024848144,3.1385579109191895
1748710405.0138454,-14.498565111601584,3.13849139213562
1748710405.0472474,-14.496555723271667,3.138540029525757
1748710405.0806506,-14.493530595285367,3.138368844985962
1748710405.1141684,-14.490602814756237,3.1384525299072266
1748710405.1476982,-14.487467964353364,3.1385281085968018
1748710405.1815083,-14.484439007928941,3.138389825820923
1748710405.2149677,-14.481412100073717,3.1385202407836914
1748710405.2483685,-14.47939787548256,3.1383848190307617
1748710405.281819,-14.476373775145202,3.1385104656219482
1748710405.3152232,-14.472437917665788,3.1384246349334717
1748710405.3486247,-14.470325513432423,3.1384241580963135
1748710405.3820362,-14.466680536964232,3.138376235961914
1748710405.4154375,-14.46425724549247,3.138441562652588
1748710405.4488797,-14.46121501602138,3.1383790969848633
1748710405.482299,-14.458188033546724,3.1384360790252686
1748710405.5157986,-14.455255396688466,3.1381776332855225
1748710405.549201,-14.452011827452507,3.138131618499756
1748710405.5826023,-14.449977657345494,3.138261079788208
1748710405.6160119,-14.447040296114846,3.138164520263672
1748710405.649506,-14.443905520575795,3.138151168823242
1748710405.6829073,-14.440064959505083,3.137971878051758
1748710405.7163177,-14.438044141436622,3.1380863189697266
1748710405.749705,-14.434819784883869,3.1381113529205322
1748710405.7831483,-14.432903839827086,3.1381144523620605
1748710405.8166182,-14.429879740039459,3.138190746307373
1748710405.8500233,-14.426748796085029,3.1381211280822754
1748710405.883471,-14.42371136606211,3.138326406478882
1748710405.9178977,-14.420767316655901,3.1381306648254395
1748710405.9570863,-14.416730369178183,3.1381499767303467
1748710405.9906237,-14.413708094663367,3.137995958328247
1748710406.0240335,-14.411797875803146,3.138105630874634
1748710406.0574648,-14.408666060642593,3.138180732727051
1748710406.0908365,-14.404526157482609,3.138237953186035
1748710406.1242654,-14.40219137395226,3.137798309326172
1748710406.1576674,-14.399649874274493,3.1382241249084473
1748710406.1914868,-14.395459171756682,3.1377182006835938
1748710406.2248683,-14.393426041209807,3.138209104537964
1748710406.2582977,-14.39048099478779,3.137756586074829
1748710406.2917156,-14.388337829685208,3.1379554271698
1748710406.32513,-14.384356227215733,3.137956380844116
1748710406.3585157,-14.382219042716766,3.1380999088287354
1748710406.3919246,-14.379171031931591,3.137908935546875
1748710406.4253986,-14.377142553719285,3.1380043029785156
1748710406.4589477,-14.373700642101827,3.1378121376037598
1748710406.4923584,-14.370057550319862,3.137861967086792
1748710406.5257583,-14.367128766454329,3.137786388397217
1748710406.5591621,-14.364099908045144,3.1379003524780273
1748710406.5926569,-14.360970918645721,3.1379287242889404
1748710406.6260984,-14.357950628252597,3.137970447540283
1748710406.6594949,-14.355924963729722,3.13788104057312
1748710406.6930075,-14.352805476605887,3.1379401683807373
1748710406.7263808,-14.349867214489858,3.138017416000366
1748710406.7599962,-14.346833488520666,3.137939929962158
1748710406.7934172,-14.342793803595251,3.1381123065948486
1748710406.8269048,-14.33976964099229,3.138101577758789
1748710406.8604946,-14.336743556043693,3.1379783153533936
1748710406.893905,-14.334724660942431,3.1381518840789795
1748710406.9273083,-14.331794925925406,3.137962818145752
1748710406.9607143,-14.328766008055162,3.1380691528320312
1748710406.9983888,-14.325728569441239,3.1380422115325928
1748710407.0319018,-14.322606218356738,3.138087272644043
1748710407.0653071,-14.320584451255208,3.138176441192627
1748710407.0987198,-14.317457353570633,3.138184070587158
1748710407.1321502,-14.31452951252675,3.1380717754364014
1748710407.1664302,-14.310594637980202,3.13812518119812
1748710407.1998284,-14.307472251821,3.138101577758789
1748710407.233236,-14.304443388580674,3.1381571292877197
1748710407.267038,-14.302523620299585,3.138152837753296
1748710407.300665,-14.29940699125645,3.138212203979492
1748710407.3389745,-14.296377108686505,3.138188362121582
1748710407.3723736,-14.293360620974878,3.1382248401641846
1748710407.4057665,-14.290331721219486,3.1381897926330566
1748710407.4391816,-14.285890451109118,3.13822340965271
1748710407.4726644,-14.283271683859862,3.13834810256958
1748710407.5060687,-14.280242651105063,3.1380863189697266
1748710407.5395827,-14.276293379511731,3.1382408142089844
1748710407.5730546,-14.2741609677364,3.138345718383789
1748710407.6065066,-14.271036696905414,3.138239622116089
1748710407.639921,-14.268097467301974,3.1383326053619385
1748710407.6733663,-14.265963170241811,3.1384124755859375
1748710407.7074502,-14.26302867318517,3.138232469558716
1748710407.7410011,-14.259988309778889,3.1383631229400635
1748710407.7744107,-14.255416425447098,3.1383867263793945
1748710407.8078065,-14.253799962042422,3.138549566268921
1748710407.8412306,-14.250957992003142,3.13842511177063
1748710407.8751495,-14.247815615785765,3.138474225997925
1748710407.9085557,-14.245686012713737,3.1383605003356934
1748710407.9420278,-14.24275441294499,3.138491153717041
1748710407.975431,-14.239717003222696,3.1386327743530273
1748710408.0088522,-14.236689996194924,3.138720750808716
1748710408.0422728,-14.234663348701709,3.1385090351104736
1748710408.0766313,-14.231629708605665,3.138617515563965
1748710408.1100407,-14.22767291254806,3.1386425495147705
1748710408.143458,-14.226666776020425,3.138650894165039
1748710408.1771607,-14.2225192818703,3.1387593746185303
1748710408.2106109,-14.219486591619583,3.138808250427246
1748710408.244018,-14.216459593032411,3.1387057304382324
1748710408.2775137,-14.21333061044916,3.1388144493103027
1748710408.3110404,-14.21140706600848,3.138853073120117
1748710408.3444479,-14.20838295073301,3.1389071941375732
1748710408.3778763,-14.206256256917532,3.1388580799102783
1748710408.4113011,-14.20323214294559,3.138925552368164
1748710408.4447227,-14.200402626752902,3.1389999389648438
1748710408.4781473,-14.197273596989769,3.138944149017334
1748710408.511629,-14.194145580317395,3.139075517654419
1748710408.5450335,-14.192213436509327,3.1391522884368896
1748710408.5784402,-14.190184727885995,3.1392366886138916
1748710408.611846,-14.187104282267066,3.139077663421631
1748710408.6452498,-14.185044233608398,3.1391775608062744
1748710408.6787524,-14.181867470120709,3.139106273651123
1748710408.7121632,-14.177796222919504,3.13922381401062
1748710408.7461684,-14.17475399293484,3.1392242908477783
1748710408.7795658,-14.171826236614834,3.1393423080444336
1748710408.812919,-14.168662592792012,3.138937473297119
1748710408.8463783,-14.165700562955465,3.1392500400543213
1748710408.8799937,-14.161635953981756,3.1391613483428955
1748710408.9133968,-14.159608481887835,3.139315128326416
1748710408.9468417,-14.1565737918187,3.1389894485473633
1748710408.9802296,-14.153542101892343,3.1394195556640625
1748710409.0136058,-14.15050835538786,3.139038324356079
1748710409.0525205,-14.14747853005095,3.1394155025482178
1748710409.08592,-14.143542582369312,3.138979911804199
1748710409.1193411,-14.139912964253732,3.1392393112182617
1748710409.1535745,-14.138194421742606,3.1394355297088623
1748710409.1871219,-14.135344348653136,3.13915753364563
1748710409.220942,-14.13118048778409,3.139317750930786
1748710409.254346,-14.128247881563514,3.1392295360565186
1748710409.2877486,-14.125321058564502,3.1394121646881104
1748710409.321762,-14.122194873947695,3.1393258571624756
1748710409.3551707,-14.119166911318144,3.1393072605133057
1748710409.3888738,-14.117244312025903,3.1394641399383545
1748710409.4222934,-14.113104390397874,3.1394052505493164
1748710409.4557695,-14.110072517046744,3.13924241065979
1748710409.48919,-14.107043691282295,3.1395163536071777
1748710409.5225987,-14.103006733834718,3.1393699645996094
1748710409.5560732,-14.100986823129649,3.1393914222717285
1748710409.5894766,-14.097955099449756,3.1395561695098877
1748710409.622908,-14.094904016852471,3.1391642093658447
1748710409.6563125,-14.09175789755594,3.139521837234497
1748710409.6956294,-14.0888272286149,3.139409303665161
1748710409.729058,-14.085896527666433,3.139343023300171
1748710409.7624626,-14.082759928365002,3.139615058898926
1748710409.7959077,-14.079839730427857,3.139479398727417
1748710409.8293054,-14.07671349616769,3.139467477798462
1748710409.8627658,-14.073672297909225,3.139880657196045
1748710409.896169,-14.070703087823288,3.1393239498138428
1748710409.9295802,-14.067533078111747,3.1396632194519043
1748710409.9630444,-14.064580460355117,3.139512300491333
1748710409.9964485,-14.06244903224978,3.1397557258605957
1748710410.034826,-14.05931138622422,3.1395061016082764
1748710410.0682411,-14.056379779095142,3.139533281326294
1748710410.1016521,-14.053347097229052,3.1396350860595703
1748710410.1351094,-14.050212367313407,3.139596700668335
1748710410.168583,-14.047287450929277,3.139709234237671
1748710410.2020555,-14.044351954075964,3.1395370960235596
1748710410.2354836,-14.042317716473356,3.1398227214813232
1748710410.2689416,-14.040272852041285,3.1395835876464844
1748710410.302416,-14.037207605615338,3.139542579650879
1748710410.3359523,-14.033963235923832,3.1396408081054688
1748710410.369417,-14.03203862812764,3.1394453048706055
1748710410.4028254,-14.030111257681085,3.139615297317505
1748710410.4362576,-14.026960285336452,3.1394519805908203
1748710410.4696853,-14.024933700143459,3.139484405517578
1748710410.5030951,-14.021894340561005,3.1394965648651123
1748710410.5365164,-14.019867737880686,3.1393890380859375
1748710410.5699193,-14.016835045606493,3.1394176483154297
1748710410.603328,-14.013799526725027,3.1395697593688965
1748710410.6367278,-14.010865022290073,3.139293909072876
1748710410.6701458,-14.00773594476298,3.139352560043335
1748710410.7035627,-14.004611756199909,3.1394803524017334
1748710410.7370136,-14.002592789845606,3.1393556594848633
1748710410.7758245,-13.999560025489062,3.1393401622772217
1748710410.809269,-13.995626140899176,3.1394498348236084
1748710410.8427484,-13.992589641335066,3.1394541263580322
1748710410.8761435,-13.99067655372012,3.1396219730377197
1748710410.909513,-13.987434101198154,3.139559268951416
1748710410.9429207,-13.985406554819185,3.13974666595459
1748710410.9763803,-13.982457789876634,3.1396987438201904
1748710411.00978,-13.978409442017696,3.1398277282714844
1748710411.0432491,-13.975270802094393,3.1395761966705322
1748710411.0766735,-13.973447395106593,3.139822244644165
1748710411.1100981,-13.970319263302033,3.1395211219787598
1748710411.1436946,-13.967307470651281,3.1397459506988525
1748710411.17712,-13.964333603546436,3.139160633087158
1748710411.210596,-13.961405640699825,3.1397018432617188
1748710411.2440054,-13.958234187184322,3.139955520629883
1748710411.277454,-13.954435620640382,3.139697790145874
1748710411.3108542,-13.95017749275775,3.1398580074310303
1748710411.344286,-13.945311823053672,3.1395912170410156
1748710411.377771,-13.94135110081328,3.1394617557525635
1748710411.411144,-13.939026979081316,3.1394224166870117
1748710411.444601,-13.936956521401932,3.139331102371216
1748710411.4780848,-13.934794489070974,3.1392414569854736
1748710411.511601,-13.931844179253225,3.1388113498687744
1748710411.5450656,-13.929763144480585,3.1391098499298096
1748710411.5785031,-13.927995721197211,3.1389689445495605
1748710411.6119742,-13.925272666265707,3.1384410858154297
1748710411.645375,-13.922709206436556,3.13883376121521
1748710411.678771,-13.92010838782675,3.1384832859039307
1748710411.7121713,-13.918491831123799,3.1384754180908203
1748710411.745639,-13.915049030568008,3.1385586261749268
1748710411.779007,-13.91339910068455,3.13830304145813
1748710411.8123715,-13.9109547739719,3.1384100914001465
1748710411.8457835,-13.908546387665309,3.137993335723877
1748710411.87919,-13.906175283567647,3.1378366947174072
1748710411.91259,-13.903548756718722,3.137662410736084
1748710411.9459896,-13.90187798756865,3.137874126434326
1748710411.9793992,-13.900150469914811,3.1371610164642334
1748710412.0127718,-13.897768766166681,3.1376447677612305
1748710412.0461757,-13.895621455074608,3.137025833129883
1748710412.0795827,-13.893303890956998,3.1375417709350586
1748710412.1129906,-13.890160633651364,3.1371166706085205
1748710412.150563,-13.886561557347799,3.137509822845459
1748710412.1839657,-13.883794290987824,3.1366875171661377
1748710412.2173655,-13.878361804382735,3.136608362197876
1748710412.2507706,-13.873440306307396,3.1362898349761963
1748710412.2842422,-13.869768028357626,3.135613441467285
1748710412.3180757,-13.867474310795437,3.1355109214782715
1748710412.3515675,-13.863458273434446,3.1344106197357178
1748710412.384982,-13.859420802059,3.134556770324707
1748710412.418343,-13.855562031395387,3.1333565711975098
1748710412.4518952,-13.851480477157681,3.133432149887085
1748710412.485352,-13.847516406203749,3.1329753398895264
1748710412.5188465,-13.843772973182793,3.133021354675293
1748710412.552248,-13.841438264740363,3.133180618286133
1748710412.5856445,-13.83659959868246,3.132706880569458
1748710412.6190472,-13.833155474081297,3.132547378540039
1748710412.652503,-13.830703142216722,3.1323273181915283
1748710412.685913,-13.827251741861613,3.132416248321533
1748710412.7193856,-13.824981474150297,3.132189989089966
1748710412.7528677,-13.821587577964126,3.132957935333252
1748710412.7862954,-13.818198107660011,3.132317066192627
1748710412.8205447,-13.81483880804488,3.1325769424438477
1748710412.8539517,-13.812742901212424,3.1313064098358154
1748710412.8874125,-13.809230091151028,3.132174491882324
1748710412.9208076,-13.80620762939209,3.1318564414978027
1748710412.9543843,-13.802859452602725,3.1323323249816895
1748710412.987797,-13.800932600827187,3.133235216140747
1748710413.021198,-13.79682389023593,3.1322572231292725
1748710413.0546765,-13.794113756231933,3.1326167583465576
1748710413.0880892,-13.791246016820379,3.132704496383667
1748710413.1214955,-13.788420298625384,3.1328885555267334
1748710413.1550052,-13.785711241572015,3.1322946548461914
1748710413.1884992,-13.782845918881902,3.133307695388794
1748710413.2219062,-13.780219519950776,3.1338536739349365
1748710413.255321,-13.778383521606266,3.1332671642303467
1748710413.2887244,-13.775772985584052,3.1332952976226807
1748710413.3221312,-13.772425582875973,3.133819103240967
1748710413.355661,-13.770655400427389,3.1329219341278076
1748710413.389105,-13.767568270848583,3.1335763931274414
1748710413.4225469,-13.76567641305839,3.133880138397217
1748710413.4561665,-13.762508725803718,3.133253812789917
1748710413.489633,-13.760037152700002,3.133946418762207
1748710413.5230885,-13.757671401121643,3.1331100463867188
1748710413.5564482,-13.755424596511231,3.1338698863983154
1748710416.559748,-13.750903939715046,3.134324312210083
1748710416.5931563,-13.750902793998426,3.134321451187134
1748710416.6265726,-13.750899892413946,3.134341239929199
1748710416.6600437,-13.750897537712234,3.1343719959259033
1748710416.6935568,-13.750893840914781,3.1343629360198975
1748710416.7270088,-13.75089187981462,3.134366273880005
1748710416.76071,-13.750890942161378,3.134366035461426
1748710416.7941716,-13.75088623663804,3.134364128112793
1748710416.8275778,-13.75087841864545,3.1343271732330322
1748710416.8609867,-13.750879367967409,3.1343371868133545
1748710416.8944566,-13.75087556737084,3.134347677230835
1748710416.9280148,-13.750873779164394,3.1343369483947754
1748710416.9614937,-13.75087047666741,3.1343417167663574
1748710416.9951096,-13.750863633845618,3.1343460083007812
1748710417.028518,-13.750857379145941,3.1343579292297363
1748710417.0620952,-13.75085274263152,3.134368419647217
1748710417.0955045,-13.750847062880387,3.134380340576172
1748710417.128911,-13.750838453393472,3.134377956390381
1748710417.1623266,-13.75083847390131,3.13438081741333
1748710417.1958866,-13.750834914448413,3.134382724761963
1748710417.2292502,-13.750832030021328,3.1343889236450195
1748710417.2626567,-13.75083151059497,3.134385824203491
1748710417.2960544,-13.750820783919558,3.1343495845794678
1748710417.3294613,-13.750824635950996,3.1343634128570557
1748710417.3631942,-13.75081911057196,3.1343789100646973
1748710417.3965993,-13.750816792126395,3.1343801021575928
1748710417.4300046,-13.750815498954264,3.134399652481079
1748710417.4634106,-13.750808618658949,3.134397268295288
1748710417.4968193,-13.750808152920307,3.1343982219696045
1748710417.530238,-13.750801729411776,3.134420156478882
1748710417.5636373,-13.750796785639176,3.134413957595825
1748710417.5970666,-13.750797605349598,3.1344153881073
1748710417.6306674,-13.750785976005387,3.1343977451324463
1748710417.6640737,-13.750791440963713,3.134431838989258
1748710417.6975992,-13.750777302970551,3.134427547454834
1748710417.7310038,-13.750774428465867,3.1344223022460938
1748710417.7644172,-13.750773273987402,3.134427070617676
1748710417.797823,-13.750772492047322,3.134424924850464
1748710417.8313084,-13.750770382472199,3.134432315826416
1748710417.8647006,-13.750765703628046,3.134420871734619
1748710417.8982353,-13.750765370184888,3.1344268321990967
1748710417.9316587,-13.7507596258458,3.1344151496887207
1748710417.9650548,-13.750761453024351,3.134411096572876
1748710417.9985015,-13.750754779814574,3.134420394897461
1748710418.031911,-13.75075610440319,3.134410858154297
1748710418.0654736,-13.750753476702721,3.134411096572876
1748710418.0989482,-13.75075050580026,3.134411334991455
1748710418.132423,-13.75075106125372,3.1344168186187744
1748710418.16582,-13.750744419600442,3.1344027519226074
1748710418.1992257,-13.75074270845101,3.134403944015503
1748710418.232632,-13.750740813139554,3.1344187259674072
1748710418.2660398,-13.75073120784906,3.1344220638275146
1748710418.3056984,-13.750738333726364,3.134439468383789
1748710418.3391016,-13.750738442342383,3.134434461593628
1748710418.3725758,-13.75073283611632,3.1344380378723145
1748710418.4061484,-13.750725112028318,3.134430408477783
1748710418.4396338,-13.75072760952892,3.1344382762908936
1748710418.4745395,-13.750720757252564,3.1344234943389893
1748710418.5080438,-13.750722566704122,3.1344246864318848
1748710418.5414577,-13.750716817710643,3.13442063331604
1748710418.5749474,-13.750709681052932,3.1343934535980225
1748710418.614472,-13.75071388330454,3.1343941688537598
1748710418.6478786,-13.750707225711075,3.134401559829712
1748710418.681326,-13.750705301014879,3.134408712387085
1748710418.7147338,-13.750705219958634,3.1344094276428223
1748710418.748135,-13.750697736871949,3.134392499923706
1748710418.7815316,-13.750702188687844,3.1344146728515625
1748710418.8149445,-13.75069160135392,3.1343767642974854
1748710418.848351,-13.75069585781117,3.134387969970703
1748710418.8817499,-13.7506856345976,3.134406328201294
1748710418.9151554,-13.75068661392987,3.134406805038452
1748710418.9539135,-13.750684137063669,3.1344025135040283
1748710418.9873145,-13.750677245275073,3.134394407272339
1748710419.021068,-13.750670012209115,3.1343908309936523
1748710419.0545065,-13.750673311913136,3.134401321411133
1748710419.0883107,-13.75066641443149,3.1343979835510254
1748710419.1217096,-13.75066468738858,3.134394407272339
1748710419.1551173,-13.750663042374562,3.1343994140625
1748710419.1885872,-13.750661304908807,3.1344079971313477
1748710419.2220244,-13.750661422083704,3.134416341781616
1748710419.2585754,-13.750657165913204,3.1344118118286133
1748710419.2924616,-13.750650208534564,3.1343820095062256
1748710419.3259554,-13.750650923996297,3.1343958377838135
1748710419.3593793,-13.750645569947851,3.1343882083892822
1748710419.3927834,-13.750642772039159,3.1343979835510254
1748710419.4261897,-13.750634415845262,3.1343729496002197
1748710419.4595942,-13.750634684475202,3.134377956390381
1748710419.4931092,-13.75063275927807,3.134369373321533
1748710419.526518,-13.750630139097888,3.134382963180542
1748710419.560042,-13.750619167984807,3.134371757507324
1748710419.5934973,-13.750625835002284,3.134392261505127
1748710419.6269147,-13.75062195400992,3.1343836784362793
1748710419.6604233,-13.750620067764794,3.134373426437378
1748710419.6938288,-13.750616164401626,3.1343932151794434
1748710419.7273576,-13.750606722794561,3.1343953609466553
1748710419.7607667,-13.750603953522463,3.134404182434082
1748710419.79418,-13.750596533177617,3.1343963146209717
1748710419.8275974,-13.750598665004413,3.1343820095062256
1748710419.8610516,-13.750584939148382,3.1343822479248047
1748710419.894455,-13.750591027436673,3.1343953609466553
1748710419.9278219,-13.750587430473443,3.1343867778778076
1748710419.9612508,-13.75058598185478,3.1343884468078613
1748710419.9946518,-13.75058417353013,3.1343886852264404
1748710420.0280602,-13.750583343553135,3.134387254714966
1748710420.06149,-13.750581463027986,3.134387731552124
1748710420.0950308,-13.75058054659839,3.134387731552124
1748710420.1284819,-13.750578702497613,3.1343834400177
1748710420.1619973,-13.750569457485454,3.1343698501586914
1748710420.195744,-13.750569653589395,3.134361982345581
1748710420.229322,-13.750561262873617,3.1343860626220703
1748710420.2628233,-13.750558609628566,3.134397268295288
1748710420.296261,-13.750555673056784,3.1343977451324463
1748710420.3297844,-13.750548940909201,3.1343753337860107
1748710420.3631876,-13.75054858465604,3.134385824203491
1748710420.3966265,-13.750545600652769,3.134383201599121
1748710420.430086,-13.750542765842948,3.1343789100646973
1748710420.4635215,-13.75053511341164,3.1343579292297363
1748710420.4969356,-13.750536629268499,3.134366989135742
1748710420.5304027,-13.750525706220937,3.1343507766723633
1748710420.5638125,-13.750531478101946,3.1343603134155273
1748710420.597339,-13.750519639866319,3.1343421936035156
1748710420.630781,-13.7505235470128,3.1343486309051514
1748710420.6642478,-13.750514482618954,3.1343319416046143
1748710420.6978278,-13.750513915860791,3.134324789047241
1748710420.7313273,-13.750509152284005,3.134324073791504
1748710420.764734,-13.750508785595585,3.134322166442871
1748710420.7981389,-13.750502940885397,3.1343111991882324
1748710420.8316402,-13.750502743828076,3.1343135833740234
1748710420.8650782,-13.750490739138964,3.1343023777008057
1748710420.8984864,-13.750493624487051,3.134310483932495
1748710420.9319725,-13.750489686314962,3.134312629699707
1748710420.965373,-13.750485109220136,3.1343014240264893
1748710420.9987872,-13.750483813717867,3.1342933177948
1748710421.0321865,-13.750482658689336,3.134293794631958
1748710421.0655923,-13.750473625273173,3.1342835426330566
1748710421.0989733,-13.75047628930623,3.134295701980591
1748710421.132436,-13.750472467843517,3.1342811584472656
1748710421.165992,-13.750465309546597,3.1342828273773193
1748710421.1994405,-13.75046465671415,3.1342825889587402
1748710421.2328382,-13.750463719916684,3.1342830657958984
1748710421.2662513,-13.750456507747733,3.134265422821045
1748710421.2996724,-13.750459378870843,3.134272575378418
1748710421.3330727,-13.750452937772286,3.1342718601226807
1748710421.366484,-13.750454126152995,3.134277105331421
1748710421.399868,-13.750445258153846,3.1342549324035645
1748710421.4332266,-13.750448119774155,3.1342718601226807
1748710421.4666426,-13.75044333161228,3.1342594623565674
1748710421.500072,-13.750442944143819,3.134258270263672
1748710421.5335066,-13.750435826531948,3.13425874710083
1748710421.5669432,-13.750432044694751,3.1342668533325195
1748710421.6003354,-13.750427031302822,3.134260416030884
1748710421.633743,-13.750422879730593,3.134265422821045
1748710421.6671538,-13.750421079426784,3.1342735290527344
1748710421.7005591,-13.750422311106599,3.1342642307281494
1748710421.7339654,-13.750418515579177,3.134260416030884
1748710421.7673323,-13.750413288959551,3.134274959564209
1748710421.8007722,-13.750406615017067,3.1342592239379883
1748710421.8341742,-13.750405590393697,3.1342544555664062
1748710421.867583,-13.750400875632328,3.1342527866363525
1748710421.9009438,-13.750394201111312,3.134237051010132
1748710421.9343998,-13.750396117458296,3.1342408657073975
1748710421.9678094,-13.750382069478334,3.1342012882232666
1748710422.0012088,-13.750387951804994,3.134216785430908
1748710422.0346565,-13.750377070634732,3.1342015266418457
1748710422.0680656,-13.750380895584506,3.134211540222168
1748710422.1015532,-13.750371255162756,3.134188175201416
1748710422.1349628,-13.750373362911235,3.134195566177368
1748710422.1683722,-13.750364816351816,3.13417911529541
1748710422.2017696,-13.750365077112933,3.134195327758789
1748710422.2352002,-13.750355841598749,3.1341850757598877
1748710422.268711,-13.750357841907185,3.134193181991577
1748710422.3021178,-13.750349633524927,3.134183645248413
1748710422.3371692,-13.750349204508447,3.1341898441314697
1748710422.3714612,-13.750347882625912,3.1341769695281982
1748710422.404696,-13.75034199624798,3.1341707706451416
1748710422.4381351,-13.750338639804085,3.134181022644043
1748710422.4718952,-13.750330939277479,3.1341638565063477
1748710422.505295,-13.750331271536265,3.1341593265533447
1748710422.5387099,-13.750325024948406,3.1341402530670166
1748710422.5721183,-13.750327499458718,3.1341495513916016
1748710422.6057377,-13.750317846541462,3.134122610092163
1748710422.6455157,-13.750319987142463,3.1341545581817627
1748710422.678934,-13.75030845031187,3.1341445446014404
1748710422.7123337,-13.750304764765017,3.1341781616210938
1748710422.7461379,-13.750296939378183,3.1341705322265625
1748710422.780097,-13.750299877837545,3.134176015853882
1748710422.813494,-13.750291224501291,3.134154796600342
1748710422.8469005,-13.750294962993884,3.1341662406921387
1748710422.8803153,-13.75028101508899,3.1341350078582764
1748710422.914413,-13.750292268997795,3.134168863296509
1748710422.9478328,-13.750281606577312,3.134190797805786
1748710422.9824033,-13.750289902286928,3.134197473526001
1748710423.015812,-13.75027673208182,3.134183168411255
1748710423.0492184,-13.750279478876777,3.1341938972473145
1748710423.0826764,-13.750272241487325,3.134192943572998
1748710423.1160958,-13.750268453501976,3.13417649269104
1748710423.1495087,-13.750262297312062,3.134197473526001
1748710423.1829057,-13.750255063414167,3.134190797805786
1748710423.216366,-13.750255733700154,3.134187698364258
1748710423.2497718,-13.750251837896196,3.134197950363159
1748710423.2833905,-13.750249698433716,3.1341984272003174
1748710423.3168406,-13.75023881226491,3.1341843605041504
1748710423.3502445,-13.75024566883523,3.1342036724090576
1748710423.3837016,-13.750238763648579,3.1341798305511475
1748710423.4171622,-13.750234347168348,3.134176015853882
1748710423.4505622,-13.750235559671417,3.134176731109619
1748710423.4839673,-13.750228670998409,3.134161949157715
1748710423.5173693,-13.75022844202248,3.134152412414551
1748710423.55081,-13.750225236534591,3.1341512203216553
1748710423.5842183,-13.750221079582854,3.134143829345703
1748710423.617617,-13.75021185083055,3.13411021232605
1748710423.6510785,-13.750215659224748,3.134122371673584
1748710423.684725,-13.750204171320378,3.1341116428375244
1748710423.7181938,-13.750212997372474,3.134141683578491
1748710423.7516184,-13.750205742838997,3.134126901626587
1748710423.7851043,-13.750205323814138,3.1341326236724854
1748710423.8185036,-13.750201041055302,3.134150981903076
1748710423.8519046,-13.75019081650507,3.134162664413452
1748710423.8853037,-13.750182583968478,3.1341676712036133
1748710423.918718,-13.750183181401301,3.1341679096221924
1748710423.9521768,-13.750180293244066,3.13417387008667
1748710423.9855866,-13.750174793432741,3.1341657638549805
1748710424.0223415,-13.750177667331874,3.1341607570648193
1748710424.0557563,-13.750167456323029,3.1341745853424072
1748710424.0892074,-13.750162882953628,3.1341664791107178
1748710424.122607,-13.750162721653632,3.134174346923828
1748710424.156051,-13.750155788319487,3.134169578552246
1748710424.18945,-13.750159948707811,3.134178638458252
1748710424.2228644,-13.750155232802976,3.1341779232025146
1748710424.256383,-13.750151665492224,3.134176731109619
1748710424.2897923,-13.750140238364613,3.1341536045074463
1748710424.323196,-13.750140361859929,3.1341466903686523
1748710424.3566077,-13.750134281420204,3.1341264247894287
1748710424.3900716,-13.750134728811043,3.1341376304626465
1748710424.423473,-13.750127416063169,3.1341512203216553
1748710424.4568737,-13.750126684494118,3.1341500282287598
1748710424.4902754,-13.750126915774121,3.1341521739959717
1748710424.5236926,-13.750116571526693,3.134138584136963
1748710424.557106,-13.750120763422213,3.134157419204712
1748710424.5909624,-13.750112251768643,3.1341614723205566
1748710424.6243703,-13.750112522155984,3.134155750274658
1748710424.6578338,-13.750101252297608,3.134131908416748
1748710424.6913784,-13.750102296626332,3.134159803390503
1748710424.7248611,-13.750091784284793,3.1341664791107178
1748710424.7582128,-13.750095631426058,3.1341679096221924
1748710424.7916267,-13.750091518928999,3.1341774463653564
1748710424.825042,-13.75008411012508,3.134173631668091
1748710424.8584917,-13.750082203193475,3.134164571762085
1748710424.8918953,-13.750078427852213,3.1341633796691895
1748710424.9252946,-13.750075506695072,3.134169340133667
1748710424.958741,-13.750070777904591,3.1341564655303955
1748710424.9921412,-13.75007390896732,3.134185791015625
1748710425.0256033,-13.75006302597622,3.134166955947876
1748710425.0590386,-13.750065600883541,3.1341753005981445
1748710425.0924823,-13.750062222151094,3.1341779232025146
1748710425.1259065,-13.750054476903378,3.1341657638549805
1748710425.1593163,-13.750056044692972,3.1341652870178223
1748710425.1927269,-13.750046325903638,3.134165048599243
1748710425.2262259,-13.750052235928383,3.134183168411255
1748710425.259631,-13.75004655063969,3.1341779232025146
1748710425.2930846,-13.75004661983518,3.134171485900879
1748710425.3267155,-13.750039141509594,3.134181022644043
1748710425.3601236,-13.75003629647755,3.134181022644043
1748710425.3935378,-13.750037076265322,3.134186267852783
1748710425.4269578,-13.75002740737089,3.1341657638549805
1748710425.460358,-13.750030159744743,3.1341636180877686
1748710425.4937792,-13.750024284907276,3.134141206741333
1748710425.5291586,-13.750018668590757,3.134124755859375
1748710425.5625777,-13.750008078674721,3.1341114044189453
1748710425.5961359,-13.750011990843243,3.1341235637664795
1748710425.6299825,-13.750002373044438,3.134099006652832
1748710425.6634316,-13.750005517525473,3.1341052055358887
1748710425.696943,-13.749996198135202,3.1341135501861572
1748710425.7303412,-13.749986421298235,3.1341371536254883
1748710425.763747,-13.74998835807028,3.134150505065918
1748710425.7971933,-13.749982719663144,3.134167432785034
1748710425.8306062,-13.749971983407184,3.1341588497161865
1748710425.8642097,-13.749977137615979,3.1341726779937744
1748710425.8977795,-13.749964712220468,3.1341819763183594
1748710425.9312758,-13.74997235864206,3.1341915130615234
1748710425.9646957,-13.749958401860573,3.1341748237609863
1748710425.9980965,-13.749962653774661,3.1341845989227295
1748710426.0315669,-13.749953783302711,3.1341710090637207
1748710426.065244,-13.749949694822012,3.1341912746429443
1748710426.0987065,-13.749951028202947,3.1341872215270996
1748710426.1321177,-13.749941952033463,3.134178638458252
1748710426.1656396,-13.749941019032008,3.134178638458252
1748710426.1990466,-13.749931440326705,3.134176015853882
1748710426.232459,-13.749935352967404,3.1341888904571533
1748710426.2658715,-13.74993035311879,3.13420033454895
1748710426.2992966,-13.749922431645608,3.13419508934021
1748710426.332669,-13.749924469716824,3.1342074871063232
1748710426.3660667,-13.74991644521026,3.1341922283172607
1748710426.399474,-13.749919469636573,3.1342031955718994
1748710426.4332447,-13.749911648239332,3.134202003479004
1748710426.4669466,-13.749909779433839,3.134199619293213
1748710426.5003996,-13.74990659286505,3.1342222690582275
1748710426.5338047,-13.749897853441391,3.1342008113861084
1748710426.5743775,-13.749899196566108,3.1342074871063232
1748710426.6079476,-13.74988262164787,3.1341917514801025
1748710426.64137,-13.749889960283943,3.1342051029205322
1748710426.6749206,-13.749879380101596,3.134218454360962
1748710426.7085986,-13.749875573837324,3.134223222732544
1748710426.742475,-13.749873340442111,3.1342389583587646
1748710426.7758882,-13.749864782110354,3.1342337131500244
1748710426.8092544,-13.749863216801081,3.134225845336914
1748710426.8426583,-13.749854191879308,3.13424015045166
1748710426.8784158,-13.749858972123212,3.1342623233795166
1748710426.9118245,-13.749849203392905,3.134247303009033
1748710426.946102,-13.749846369579494,3.134256601333618
1748710426.979348,-13.749841039217696,3.134244441986084
1748710427.0127127,-13.749846774337158,3.134255886077881
1748710427.0461154,-13.749833205946599,3.134249448776245
1748710427.0795417,-13.749836168841188,3.1342411041259766
1748710427.112943,-13.749836116620783,3.1342527866363525
1748710427.1464689,-13.749832783351039,3.1342663764953613
1748710427.1800137,-13.749833625902367,3.134263038635254
1748710427.213415,-13.749825368328336,3.1342580318450928
1748710427.2468429,-13.74982145995661,3.134247303009033
1748710427.2803252,-13.749820939627577,3.134261131286621
1748710427.3137245,-13.749820862740517,3.134256362915039
1748710427.347365,-13.749817779041118,3.134251356124878
1748710427.3807673,-13.749814496248293,3.134233236312866
1748710427.4142,-13.749810826429611,3.1342415809631348
1748710427.447618,-13.749802009456932,3.1342365741729736
1748710427.4810188,-13.749802954158516,3.1342291831970215
1748710427.51457,-13.749798599194893,3.134237289428711
1748710427.5481217,-13.749790717660167,3.134226083755493
1748710427.5815363,-13.749791887649968,3.1342387199401855
1748710427.615205,-13.749789018392276,3.1342270374298096
1748710427.648741,-13.74978321010746,3.1342194080352783
1748710427.6821423,-13.749780188069726,3.1342177391052246
1748710427.7155442,-13.749781184522886,3.134221076965332
1748710427.7489645,-13.7497704354484,3.1342239379882812
1748710427.782382,-13.749772035239188,3.1342477798461914
1748710427.8158126,-13.74977227153434,3.134242534637451
1748710427.8492205,-13.749767615703151,3.1342358589172363
1748710427.882615,-13.74976363473312,3.134230375289917
1748710427.916055,-13.749756741537093,3.1342360973358154
1748710427.9497128,-13.749761945609533,3.1342408657073975
1748710427.9831393,-13.749756137747255,3.134232997894287
1748710428.0165608,-13.749755359562505,3.134255886077881
1748710428.0500076,-13.749745912367125,3.134265661239624
1748710428.0836434,-13.749740466670607,3.1342623233795166
1748710428.1170552,-13.74973990205503,3.134263038635254
1748710428.150495,-13.749738015963501,3.1342620849609375
1748710428.1840231,-13.749733616673414,3.1342570781707764
1748710428.217458,-13.749730649231735,3.1342685222625732
1748710428.2509131,-13.749730345036832,3.134263753890991
1748710428.2843208,-13.749721732416429,3.134233236312866
1748710428.3177187,-13.749727615031508,3.1342520713806152
1748710428.351118,-13.749715974779468,3.134230375289917
1748710428.3846571,-13.749724474555705,3.134248733520508
1748710428.4180877,-13.749718428283854,3.1342556476593018
1748710428.451558,-13.749717416842655,3.1342575550079346
1748710428.4849188,-13.749711249400134,3.1342482566833496
1748710428.5183337,-13.749709852980281,3.1342477798461914
1748710428.5517476,-13.749701068493687,3.134230852127075
1748710428.5851529,-13.74970298296474,3.1342430114746094
1748710428.6185617,-13.749695287790543,3.134237051010132
1748710428.6520143,-13.74969420291296,3.134229898452759
1748710428.685417,-13.74969197206667,3.1342411041259766
1748710428.718815,-13.749686263223348,3.1342434883117676
1748710428.752186,-13.749683073964738,3.1342434883117676
1748710428.7855844,-13.749675445269267,3.13423752784729
1748710428.81909,-13.749672470992419,3.1341986656188965
1748710428.8524995,-13.749676030320556,3.1342294216156006
1748710428.885906,-13.749663518601372,3.1341938972473145
1748710428.9193635,-13.74966514770711,3.134225845336914
1748710428.9527972,-13.749662076193252,3.1342270374298096
1748710428.9862077,-13.749651755580977,3.1342151165008545
1748710429.0196083,-13.74965149800701,3.1342320442199707
1748710429.0530581,-13.749645898867879,3.134230136871338
1748710429.0865345,-13.74964781907149,3.134228467941284
1748710429.1199462,-13.749634057669441,3.1342215538024902
1748710429.153357,-13.749640833908229,3.1342499256134033
1748710429.1868305,-13.74962445721023,3.1342360973358154
1748710429.2203104,-13.74962945502863,3.1342546939849854
1748710429.2537618,-13.74962286713342,3.1342551708221436
1748710429.2872202,-13.749630114351437,3.134270191192627
1748710429.320627,-13.749621906351692,3.1343021392822266
1748710429.3544517,-13.749616115325695,3.1342742443084717
1748710429.3878658,-13.749615609396054,3.134289026260376
1748710429.4219773,-13.749605000277555,3.1343040466308594
1748710429.455425,-13.749605516107378,3.1343369483947754
1748710429.4888248,-13.749597126835276,3.1343393325805664
1748710429.5222533,-13.749600010327985,3.134342670440674
1748710429.5556633,-13.74959421129335,3.134329319000244
1748710429.5891175,-13.749591066962683,3.134331226348877
1748710429.622493,-13.749587245638535,3.134329080581665
1748710429.6559253,-13.749586923005499,3.1343321800231934
1748710429.689329,-13.749586188453266,3.1343305110931396
1748710429.7227252,-13.749584280022285,3.1343328952789307
1748710429.7561755,-13.749579389554235,3.13431978225708
1748710429.7895803,-13.749573770292027,3.134330987930298
1748710429.8229845,-13.749571732770404,3.1343443393707275
1748710429.8563845,-13.749568085475332,3.134347677230835
1748710429.8898451,-13.749562327969922,3.1343395709991455
1748710429.9232621,-13.749564428045531,3.134354829788208
1748710429.9566746,-13.749556712353412,3.1343393325805664
1748710429.9900985,-13.74955947588415,3.134343385696411
1748710430.0234993,-13.74955714202688,3.1343436241149902
1748710430.0568838,-13.749550470272561,3.134324073791504
1748710430.0903566,-13.74954777205303,3.1343142986297607
1748710430.1238132,-13.749545669509146,3.134324312210083
1748710430.1572142,-13.749537454482043,3.1343274116516113
1748710430.1906097,-13.749533619418623,3.1343109607696533
1748710430.224032,-13.74953291154436,3.1343183517456055
1748710430.2574747,-13.749527271611816,3.1343212127685547
1748710430.290903,-13.74951866004366,3.1343092918395996
1748710430.324303,-13.74951981072007,3.1343114376068115
1748710430.357958,-13.74951649151237,3.134324789047241
1748710430.3913777,-13.749503973106501,3.134308338165283
1748710430.4248366,-13.749512371645398,3.134333372116089
1748710430.4583375,-13.749505725859224,3.1343352794647217
1748710430.492157,-13.749504844033103,3.1343281269073486
1748710430.5255516,-13.749499656840214,3.1343255043029785
1748710430.5589666,-13.749496448261366,3.1343324184417725
1748710430.5923932,-13.749496863767282,3.134338140487671
1748710430.6258755,-13.749490603255785,3.134326696395874
1748710430.6592863,-13.74948672514351,3.1343276500701904
1748710430.6926868,-13.74948866974243,3.1343252658843994
1748710430.7260869,-13.749480890601003,3.1343038082122803
1748710430.7594926,-13.749483886640167,3.1343162059783936
1748710430.792929,-13.749474876844625,3.1342999935150146
1748710430.826501,-13.749476963368767,3.1343038082122803
1748710430.8598907,-13.749466102090398,3.1342990398406982
1748710430.896502,-13.749468051851933,3.1342999935150146
1748710430.9299078,-13.749461443627817,3.134324073791504
1748710430.9634194,-13.749451442688413,3.1343181133270264
1748710430.9967656,-13.749449561855236,3.1343178749084473
1748710431.0301929,-13.749444727116611,3.134307384490967
1748710431.0637152,-13.749444824180253,3.1343119144439697
1748710431.097082,-13.749440674186765,3.1343231201171875
1748710431.130486,-13.749435269359973,3.134312629699707
1748710431.163933,-13.74943144816776,3.1343164443969727
1748710431.2020915,-13.749429244949976,3.134317636489868
1748710431.2355015,-13.749428399578575,3.134317398071289
1748710431.2688975,-13.749422730421022,3.134308338165283
1748710431.3023682,-13.74942473148644,3.134315013885498
1748710431.335771,-13.749419792468982,3.1343178749084473
1748710431.3691697,-13.749414310555796,3.1343135833740234
1748710431.4026446,-13.74940532583946,3.13431453704834
1748710431.4360933,-13.749398532115755,3.1343233585357666
1748710431.4694977,-13.7494015620689,3.1343231201171875
1748710431.5029175,-13.74939582839348,3.1343281269073486
1748710431.5363185,-13.749395136616334,3.1343343257904053
1748710431.5697403,-13.749388432395431,3.134331703186035
1748710431.6031477,-13.74938319667858,3.1343212127685547
1748710431.6365469,-13.749374899901179,3.134312629699707
1748710431.669955,-13.74937460223153,3.13431715965271
1748710431.703566,-13.749374601618475,3.1343259811401367
1748710431.736964,-13.749371900210916,3.1343090534210205
1748710431.7703497,-13.74936816965028,3.1343109607696533
1748710431.803769,-13.749365741414158,3.134321451187134
1748710431.8371766,-13.749358168934098,3.1343021392822266
1748710431.8705773,-13.749360845743471,3.134307861328125
1748710431.9040139,-13.749355140395732,3.1343154907226562
1748710431.9385183,-13.7493552947579,3.1343140602111816
1748710431.971929,-13.749352902301455,3.134310722351074
1748710432.0053058,-13.749347994622353,3.134305715560913
1748710432.0387397,-13.749337908980756,3.134286880493164
1748710432.0724518,-13.749342682242496,3.134298801422119
1748710432.1058502,-13.74933205599359,3.13427734375
1748710432.1392167,-13.749333835406759,3.1342978477478027
1748710432.1726263,-13.749323841259379,3.1343061923980713
1748710432.206157,-13.749321930136716,3.13430118560791
1748710432.2395656,-13.749318957040144,3.1343019008636475
1748710432.272991,-13.749315938858752,3.1342976093292236
1748710432.3064516,-13.749314373465296,3.1343016624450684
1748710432.3398492,-13.749306803662726,3.134298801422119
1748710432.3732157,-13.749303881130555,3.1342849731445312
1748710432.406655,-13.749301825432473,3.1342873573303223
1748710432.4401498,-13.749296664664225,3.1342997550964355
1748710432.4738097,-13.74929553224806,3.134290933609009
1748710432.5073562,-13.74928571618246,3.1342949867248535
1748710432.5407526,-13.749290609487089,3.134303569793701
1748710432.574163,-13.749275999871028,3.134282112121582
1748710432.6076446,-13.749283249516004,3.134305477142334
1748710432.6410546,-13.7492714838793,3.134323835372925
1748710432.6746786,-13.749272597133904,3.134324312210083
1748710432.709777,-13.74926547820359,3.1343185901641846
1748710432.7433662,-13.749262812838786,3.134305238723755
1748710432.776772,-13.749266276648028,3.1343085765838623
1748710432.8101647,-13.749260624396223,3.1343250274658203
1748710432.8435502,-13.749252679077934,3.1343252658843994
1748710432.8769681,-13.749255446442898,3.134324312210083
1748710432.9105492,-13.749247351484675,3.1343190670013428
1748710432.9439619,-13.749246438451946,3.1343228816986084
1748710432.977379,-13.749237054456335,3.134329319000244
1748710433.0107887,-13.749242807810324,3.134335994720459
1748710433.0445614,-13.74923224951131,3.1343042850494385
1748710433.0779746,-13.749237233693304,3.1343231201171875
1748710433.1113832,-13.749227354400753,3.134307384490967
1748710433.1448374,-13.749223830705885,3.134314775466919
1748710433.1785119,-13.749215092240652,3.1342978477478027
1748710433.211914,-13.749210443671416,3.1342880725860596
1748710433.2453394,-13.749196864725722,3.134282350540161
1748710433.2787986,-13.7491961446967,3.1342856884002686
1748710433.3122048,-13.749190478899258,3.1343061923980713
1748710433.3456094,-13.74918379010144,3.1343114376068115
1748710433.3790412,-13.749187894983441,3.1343164443969727
1748710433.4124491,-13.749181168543803,3.134300470352173
1748710433.4458501,-13.749178356499122,3.1343038082122803
1748710433.4793038,-13.749179403884753,3.1343047618865967
1748710433.5127096,-13.74916954352628,3.134281873703003
1748710433.5461237,-13.749168221755191,3.134276866912842
1748710433.5796475,-13.749160945870662,3.1342673301696777
1748710433.6130457,-13.749162142021685,3.134260416030884
1748710433.646462,-13.749154433259086,3.1342380046844482
1748710433.6800418,-13.749155321777252,3.134232997894287
1748710433.7134295,-13.749152471966003,3.134244680404663
1748710433.746846,-13.749144725624888,3.1342577934265137
1748710433.7805362,-13.749142826406729,3.1342623233795166
1748710433.814194,-13.749141101821747,3.13427472114563
1748710433.847582,-13.749133317964747,3.1342782974243164
1748710433.8809931,-13.749137958022152,3.134284019470215
1748710433.9144294,-13.749128339838673,3.1342601776123047
1748710433.947833,-13.749132621586702,3.134275197982788
1748710433.9812465,-13.749122873490226,3.134247064590454
1748710434.0146468,-13.749126798070158,3.1342639923095703
1748710434.0480294,-13.74911515574058,3.134239435195923
1748710434.0814462,-13.749115115817014,3.134255886077881
1748710434.114888,-13.749112311585527,3.1342644691467285
1748710434.1482828,-13.749111841442941,3.134263753890991
1748710434.1818311,-13.749109345801765,3.1342804431915283
1748710434.2152386,-13.749101016278937,3.134270429611206
1748710434.2488346,-13.749098213692884,3.13425874710083
1748710434.2822134,-13.749099328902409,3.1342902183532715
1748710434.3156137,-13.749094782490662,3.1342902183532715
1748710434.3490186,-13.749089030458288,3.134286403656006
1748710434.382394,-13.749087144037635,3.1343061923980713
1748710434.415794,-13.74907734049611,3.1343302726745605
1748710434.4492025,-13.749071262407774,3.1343181133270264
1748710434.4826744,-13.749069556489832,3.1343257427215576
1748710434.517929,-13.749060910012224,3.1343092918395996
1748710434.5513258,-13.749062053774509,3.1343178749084473
1748710434.5847354,-13.74906231979854,3.1343204975128174
1748710434.6182325,-13.74906038191944,3.134316921234131
1748710434.652519,-13.749059376461664,3.1343185901641846
1748710434.686277,-13.749053845829557,3.134305953979492
1748710434.7196898,-13.749052088607694,3.134303569793701
1748710434.7531102,-13.749044015401564,3.134284257888794
1748710434.786526,-13.74904332053619,3.1342995166778564
1748710434.8199258,-13.749042984831544,3.134305715560913
1748710434.8532796,-13.749037620227579,3.1342897415161133
1748710434.8866854,-13.749038636552013,3.1343002319335938
1748710434.920081,-13.749036020390422,3.1343021392822266
1748710434.9534929,-13.749028412702838,3.1342928409576416
1748710434.9869037,-13.749028557640319,3.1342978477478027
1748710435.0203078,-13.74902166935204,3.1343045234680176
1748710435.0548868,-13.74901791157931,3.134288787841797
1748710435.0883884,-13.749019834236659,3.1343002319335938
1748710435.1218064,-13.749009320154508,3.1342902183532715
1748710435.1552358,-13.749010246423879,3.1342997550964355
1748710435.1888492,-13.74899936608468,3.134269952774048
1748710435.2222855,-13.74900839557851,3.134275197982788
1748710435.2556973,-13.749004370667606,3.1342954635620117
1748710435.289168,-13.748991890244415,3.1342525482177734
1748710435.3226256,-13.748997815064161,3.134268045425415
1748710435.3560436,-13.748989165007007,3.134244680404663
1748710435.389463,-13.748991091976778,3.1342661380767822
1748710435.423881,-13.748979718614358,3.1342504024505615
1748710435.4572814,-13.748985931466658,3.1342649459838867
1748710435.4906845,-13.748979189231573,3.134246587753296
1748710435.5240862,-13.748976671544469,3.134248971939087
1748710435.55777,-13.748970216166299,3.134239912033081
1748710435.5914288,-13.7489711070458,3.1342365741729736
1748710435.6248643,-13.748959569602606,3.134214162826538
1748710435.6583343,-13.748959962466856,3.134219169616699
1748710435.691742,-13.748952863963522,3.134218215942383
1748710435.7252414,-13.748952427186998,3.1342151165008545
1748710435.7587073,-13.748951313167526,3.134213924407959
1748710435.7926478,-13.748938361306157,3.1342248916625977
1748710435.8260467,-13.74894335561622,3.1342475414276123
1748710435.8594983,-13.748935760304253,3.134258985519409
1748710435.8929377,-13.74893586070565,3.1342532634735107
1748710435.9263597,-13.748924766598389,3.134235382080078
1748710435.9598334,-13.748928937128444,3.1342432498931885
1748710435.9932523,-13.748924381871532,3.1342453956604004
1748710436.0266538,-13.748926325294336,3.1342415809631348
1748710436.0600789,-13.748922517795606,3.134241819381714
1748710436.0937355,-13.748921530960441,3.1342406272888184
1748710436.1271784,-13.7489173128962,3.134237051010132
1748710436.160577,-13.748913578975404,3.1342263221740723
1748710436.1940324,-13.748910668557972,3.1342227458953857
1748710436.2309072,-13.74891170568036,3.1342413425445557
1748710436.264353,-13.74890547737415,3.1342358589172363
1748710436.2977521,-13.748905579604582,3.1342432498931885
1748710436.3311586,-13.748900408840269,3.1342461109161377
1748710436.3645835,-13.748898806765196,3.134244203567505
1748710436.398021,-13.748891535676684,3.1342318058013916
1748710436.4314284,-13.748894631896295,3.134235382080078
1748710436.4648545,-13.748884469178543,3.1342263221740723
1748710436.4983144,-13.748886465907503,3.1342341899871826
1748710436.5317252,-13.748875314084234,3.1342215538024902
1748710436.5651445,-13.748872515749756,3.134235143661499
1748710436.598544,-13.748872799035453,3.1342403888702393
1748710436.631959,-13.74887009832914,3.1342337131500244
1748710436.665371,-13.748866255053045,3.134220838546753
1748710436.6989343,-13.748863706874578,3.1342339515686035
1748710436.732341,-13.748859922607515,3.1342215538024902
1748710436.7657702,-13.74885795713846,3.1342155933380127
1748710436.7992969,-13.748851491591198,3.1342148780822754
1748710436.8327038,-13.748847318703675,3.134223699569702
1748710436.8661559,-13.748848009598817,3.1342272758483887
1748710436.899571,-13.7488402086405,3.1342198848724365
1748710436.932978,-13.74883566630041,3.1342108249664307
1748710436.9664276,-13.748834595400071,3.1342060565948486
1748710437.0001068,-13.748832530302511,3.1342110633850098
1748710437.0335112,-13.748826911177217,3.134194850921631
1748710437.0669243,-13.748824213824452,3.1341969966888428
1748710437.100329,-13.748816664519335,3.134188652038574
1748710437.1338928,-13.748819527697577,3.1341898441314697
1748710437.1683059,-13.748811719880159,3.1341891288757324
1748710437.2017107,-13.748817380671808,3.1341981887817383
1748710437.2351117,-13.748807782294003,3.134154796600342
1748710437.2685316,-13.748809592748557,3.1341753005981445
1748710437.301944,-13.748799831897884,3.134168863296509
1748710437.3353584,-13.748803217915547,3.134178638458252
1748710437.3688462,-13.74879934263059,3.134157657623291
1748710437.4023755,-13.748793620471108,3.1341490745544434
1748710437.4358485,-13.748791773200749,3.134150505065918
1748710437.4692514,-13.748782809298774,3.134132146835327
1748710437.5027983,-13.748788466584218,3.1341488361358643
1748710437.5362234,-13.748780484480696,3.134148120880127
1748710437.5696676,-13.748783425255189,3.1341516971588135
1748710437.6031506,-13.748778584212753,3.1341452598571777
1748710437.6365542,-13.748775720529501,3.1341359615325928
1748710437.6706455,-13.748774786904102,3.1341423988342285
1748710437.704984,-13.748764105063715,3.1341118812561035
1748710437.7383568,-13.748760145004178,3.134100914001465
1748710437.7717648,-13.748752444666941,3.1340980529785156
1748710437.8055935,-13.748755049092335,3.1341118812561035
1748710437.8390408,-13.748749864652078,3.1341047286987305
1748710437.8724475,-13.748745691317628,3.1340999603271484
1748710437.9058769,-13.748745655912362,3.134107828140259
1748710437.9393,-13.748743849689605,3.1340928077697754
1748710437.9726992,-13.748740103075042,3.134105682373047
1748710438.0070517,-13.748733451952216,3.1341116428375244
1748710438.0404944,-13.748734098547557,3.1341233253479004
1748710438.0739698,-13.748724379819905,3.1341278553009033
1748710438.1074588,-13.74872919759104,3.1341328620910645
1748710438.1409495,-13.748717633292472,3.1341049671173096
1748710438.174645,-13.74872234930809,3.134122848510742
1748710438.2081013,-13.748715380425367,3.1341421604156494
1748710438.241595,-13.748714578547107,3.134136438369751
1748710438.2749946,-13.74871123507031,3.13415265083313
1748710438.3085403,-13.748704509237111,3.1341476440429688
1748710438.3419557,-13.748706417248421,3.1341617107391357
1748710438.3754263,-13.748702385004302,3.13415265083313
1748710438.408904,-13.748696165431486,3.1341586112976074
1748710438.4425979,-13.74869820727405,3.1341745853424072
1748710438.476013,-13.748691395548299,3.1341660022735596
1748710438.5094135,-13.748692649720473,3.1341867446899414
1748710438.5428045,-13.748680594999088,3.1341652870178223
1748710438.576205,-13.74868728447206,3.1341803073883057
1748710438.6097217,-13.748680556051843,3.1341726779937744
1748710438.64314,-13.748682633640701,3.1341769695281982
1748710438.6766303,-13.74867652452065,3.1341607570648193
1748710438.7100718,-13.74867349063802,3.134153127670288
1748710438.743477,-13.748672573624578,3.1341662406921387
1748710438.7783842,-13.748664851593125,3.134143114089966
1748710438.8119705,-13.74866665726588,3.13415789604187
1748710438.846344,-13.748658984825777,3.134166955947876
1748710438.8797443,-13.74865816038065,3.1341583728790283
1748710438.9131455,-13.74865332821309,3.1341588497161865
1748710438.9465463,-13.748649558182029,3.134157657623291
1748710438.9804442,-13.748648562238253,3.134174346923828
1748710439.0138843,-13.7486383264322,3.1341822147369385
1748710439.0474002,-13.748633606532158,3.134181499481201
1748710439.0808766,-13.748630548709196,3.134185314178467
1748710439.1142852,-13.748627456045627,3.1341755390167236
1748710439.1482074,-13.748626014392746,3.1341819763183594
1748710439.1816056,-13.74861575021615,3.1341922283172607
1748710439.2150104,-13.748614696454277,3.1341943740844727
1748710439.2484102,-13.748615700982027,3.134204387664795
1748710439.2818425,-13.748613259143,3.13420033454895
1748710439.315261,-13.748608457443433,3.134180784225464
1748710439.348703,-13.748609376800436,3.134190797805786
1748710439.3821135,-13.74859497932214,3.1342105865478516
1748710439.4155567,-13.748596375773008,3.1342101097106934
1748710439.4492211,-13.74859841181923,3.13423490524292
1748710439.4827387,-13.748592638960465,3.134215831756592
1748710439.5161831,-13.748587450058404,3.1342263221740723
1748710439.549587,-13.74859032293777,3.1342201232910156
1748710439.5830033,-13.748577796708618,3.134188175201416
1748710439.61649,-13.748581192445217,3.1342062950134277
1748710439.6503267,-13.748573259131318,3.1341919898986816
1748710439.6837442,-13.748574227320214,3.1341938972473145
1748710439.7171564,-13.74856516649197,3.1341917514801025
1748710439.750524,-13.74856300069173,3.134183883666992
1748710439.7839696,-13.748566533907637,3.1342103481292725
1748710439.81738,-13.748554999119326,3.1342051029205322
1748710439.8507843,-13.748550509695093,3.134237051010132
1748710439.884193,-13.748546492088588,3.1342520713806152
1748710439.9176137,-13.748545486963607,3.1342599391937256
1748710439.9510276,-13.748539973224432,3.1342663764953613
1748710439.9846616,-13.748540976266726,3.134277105331421
1748710440.0185153,-13.748531347531454,3.1342620849609375
1748710440.0519629,-13.74853037155676,3.134261131286621
1748710440.0855055,-13.748524793382918,3.1342480182647705
1748710440.118961,-13.748525762173916,3.1342530250549316
1748710440.1524007,-13.748516203816664,3.1342384815216064
1748710440.1858635,-13.74852346423515,3.134265899658203
1748710440.2192762,-13.748514820679341,3.1342647075653076
1748710440.252654,-13.748516716044211,3.1342597007751465
1748710440.2861018,-13.74851182107093,3.1342668533325195
1748710440.3195117,-13.748509414563777,3.134273052215576
1748710440.3529558,-13.748506344136247,3.1342647075653076
1748710440.3863392,-13.748499344031618,3.134249687194824
1748710440.41992,-13.748497684331232,3.134244918823242
1748710440.4533305,-13.748489723707296,3.1342411041259766
1748710440.4868076,-13.74848747500951,3.134232759475708
1748710440.5202115,-13.748489597155787,3.1342387199401855
1748710440.553656,-13.748487710008375,3.134235143661499
1748710440.587505,-13.748486279221316,3.1342365741729736
1748710440.6218374,-13.748479737725233,3.1342275142669678
1748710440.6552415,-13.748477046881431,3.1342225074768066
1748710440.6886482,-13.748473224465128,3.1342060565948486
1748710440.7220964,-13.748466539192037,3.1342170238494873
1748710440.7555563,-13.748470493790043,3.134225606918335
1748710440.7892056,-13.74846579466887,3.134211301803589
1748710440.8226042,-13.748465948163657,3.134219169616699
1748710440.8560226,-13.748455779914247,3.1342196464538574
1748710440.8894506,-13.748459727404356,3.1342225074768066
1748710440.922864,-13.74844838467615,3.13421630859375
1748710440.956268,-13.748452592348213,3.13421893119812
1748710440.9903603,-13.748447779581177,3.1342227458953857
1748710441.0237722,-13.748439045491164,3.1342086791992188
1748710441.057193,-13.74844286620366,3.1342177391052246
1748710441.0908046,-13.748432349010736,3.1342082023620605
1748710441.1242466,-13.74843496060988,3.1342198848724365
1748710441.1576545,-13.748426702972877,3.1341893672943115
1748710441.1910763,-13.748430053756788,3.1341910362243652
1748710441.2245772,-13.748424700343993,3.134214401245117
1748710441.2579837,-13.748413292339698,3.1341850757598877
1748710441.291462,-13.748416821740285,3.134181499481201
1748710441.324899,-13.748409195381011,3.1341681480407715
1748710441.3583107,-13.748409841651016,3.1341843605041504
1748710441.3922522,-13.74840125157031,3.134183168411255
1748710441.4256554,-13.74840522925786,3.1341841220855713
1748710441.4590693,-13.748399483469196,3.1341676712036133
1748710441.492779,-13.748395534043711,3.1341683864593506
1748710441.526202,-13.748389267084285,3.1341586112976074
1748710441.5596366,-13.748386598030683,3.1341586112976074
1748710441.5930276,-13.748380052708686,3.13413143157959
1748710441.6264994,-13.748381172535009,3.134134531021118
1748710441.659911,-13.748377510343179,3.1341428756713867
1748710441.6958368,-13.748367194309129,3.134125232696533
1748710441.7295027,-13.748361463751698,3.134131908416748
1748710441.7629218,-13.748364405731929,3.1341583728790283
1748710441.7963831,-13.748360375684273,3.1341614723205566
1748710441.82982,-13.748363095361206,3.1341958045959473
1748710441.8632188,-13.748354293058084,3.13417911529541
1748710441.8968434,-13.748354602253539,3.1341893672943115
1748710441.9303389,-13.748342169181328,3.134145736694336
1748710441.9637532,-13.748348012933347,3.1341586112976074
1748710442.0027683,-13.748338064703836,3.1341474056243896
1748710442.0361776,-13.74833976894017,3.134162425994873
1748710442.0696497,-13.748332284716383,3.134180784225464
1748710442.1031098,-13.74832764288233,3.1341779232025146
1748710442.136509,-13.74831996291294,3.1341493129730225
1748710442.1699564,-13.74832292864894,3.1341452598571777
1748710442.203438,-13.748310877887855,3.1341328620910645
1748710442.2368832,-13.748312674040994,3.134140729904175
1748710442.2703507,-13.748310509295269,3.1341400146484375
1748710442.3037665,-13.748304740597476,3.1341352462768555
1748710442.337166,-13.748302679536081,3.134126901626587
1748710442.3707871,-13.748290223566109,3.1341211795806885
1748710442.404994,-13.748291665709155,3.1341428756713867
1748710442.4383738,-13.74828589416659,3.1341230869293213
1748710442.4717748,-13.748289936957566,3.1341402530670166
1748710442.505343,-13.748281237903395,3.134115219116211
1748710442.538733,-13.748279205954006,3.1341140270233154
1748710442.572147,-13.748279754358732,3.134113311767578
1748710442.6055574,-13.748272072408577,3.1340959072113037
1748710442.6389568,-13.748271542401017,3.134106159210205
1748710442.6723623,-13.748261963103158,3.1340878009796143
1748710442.7095315,-13.748270568447445,3.13411283493042
1748710442.7429357,-13.748263226108218,3.134108543395996
1748710442.776288,-13.748261357060327,3.1341209411621094
1748710442.8108592,-13.748257141665453,3.134108781814575
1748710442.8442664,-13.748256425904648,3.134113073348999
1748710442.8776903,-13.748254485575872,3.134110450744629
1748710442.9111598,-13.74825389617273,3.134110450744629
1748710442.944558,-13.748253262667324,3.134111166000366
1748710442.9780626,-13.748250362717833,3.1341047286987305
1748710443.011489,-13.748244587724033,3.1341164112091064
1748710443.0448875,-13.748247677336618,3.1341159343719482
1748710443.0783842,-13.748244250001978,3.13411545753479
1748710443.1117766,-13.748243408092875,3.13411808013916
1748710443.1452267,-13.748242019258376,3.1341161727905273
1748710443.1787782,-13.748240246619302,3.134117841720581
1748710443.2121549,-13.748238071723016,3.134117841720581
1748710443.2455626,-13.748237427720904,3.134117364883423
1748710443.279139,-13.748234728109631,3.1341171264648438
1748710443.312623,-13.748233905497711,3.1341183185577393
1748710443.346186,-13.748232907177885,3.134117364883423
1748710443.3796027,-13.748232073651023,3.134117364883423
1748710443.4130278,-13.748230235155992,3.1341190338134766
1748710443.4464853,-13.748228996313392,3.1341185569763184
1748710443.4799132,-13.748226772887692,3.1341187953948975
1748710443.5133622,-13.748225846375831,3.134117841720581
1748710443.546938,-13.748225200864827,3.134117841720581
1748710443.580366,-13.748222791138392,3.1341192722320557
1748710443.6137552,-13.748221772874954,3.13411808013916
1748710443.64719,-13.748221512995956,3.134117603302002
1748710443.6812294,-13.748218908570266,3.1341183185577393
1748710443.7146494,-13.748217441852212,3.13411808013916
1748710443.7480812,-13.748216902293168,3.134117841720581
1748710443.7814956,-13.748215471783224,3.134117603302002
1748710443.8148918,-13.748212678892207,3.134117603302002
1748710443.8486063,-13.748211115462533,3.134117603302002
1748710443.8820145,-13.748210495065903,3.134117603302002
1748710443.9154294,-13.748209632824803,3.1341183185577393
1748710443.948931,-13.748209092299897,3.1341185569763184
1748710443.9823618,-13.74820861391271,3.134117841720581
1748710444.0158966,-13.74820702043547,3.134117841720581
1748710444.0499485,-13.748206158194357,3.1341185569763184
1748710444.0834727,-13.748204103267282,3.134117841720581
1748710444.1168706,-13.748203593736196,3.134117603302002
1748710444.1504152,-13.7482027292149,3.1341185569763184
1748710444.183857,-13.748199378931899,3.134111166000366
1748710444.2177794,-13.748196496750385,3.134107828140259
1748710444.2513137,-13.74819158091966,3.1341209411621094
1748710444.2847178,-13.748184977469077,3.1341207027435303
1748710444.3187675,-13.748189176391241,3.134129285812378
1748710444.3527887,-13.748179538327014,3.1341142654418945
1748710444.386196,-13.748178278058807,3.1341114044189453
1748710444.4195943,-13.748176228323038,3.134111166000366
1748710444.4529943,-13.748166615832949,3.1340901851654053
1748710444.486655,-13.748170487819255,3.134106159210205
1748710444.5200915,-13.748157179922195,3.134119749069214
1748710444.5535223,-13.748160494578876,3.1341352462768555
1748710444.5868714,-13.748154220194142,3.134140968322754
1748710444.6208084,-13.748152328649386,3.134132146835327
1748710444.6543481,-13.748147430233452,3.134129762649536
1748710444.687756,-13.748148170351744,3.134138822555542
1748710444.7214475,-13.748139466983659,3.1341447830200195
1748710444.7548516,-13.748137512260751,3.134143114089966
1748710444.7887444,-13.74812944361287,3.1341352462768555
1748710444.8222132,-13.748127512761686,3.134129524230957
1748710444.8556802,-13.74812558503,3.1341230869293213
1748710444.8890898,-13.748121332179778,3.1341209411621094
1748710444.9225137,-13.748118647146953,3.1341261863708496
1748710444.9564037,-13.748113204605591,3.134127140045166
1748710444.9898064,-13.748113527850567,3.134127616882324
1748710445.023271,-13.74810433338369,3.1341259479522705
1748710445.0567524,-13.74810139448147,3.1341192722320557
1748710445.090423,-13.748101011337218,3.1341159343719482
1748710445.1238482,-13.748100058630822,3.1341161727905273
1748710445.1572614,-13.748095362840584,3.134108304977417
1748710445.1906679,-13.748087571638658,3.1341168880462646
1748710445.224137,-13.748089849925687,3.134117364883423
1748710445.257539,-13.74808159350184,3.1341030597686768
1748710445.2909892,-13.748078945547913,3.134104013442993
1748710445.3244002,-13.748080765805776,3.134111166000366
1748710445.3578389,-13.74807869915803,3.134103775024414
1748710445.3914585,-13.748072645092037,3.134082317352295
1748710445.4251716,-13.748073816855008,3.1340837478637695
1748710445.4585867,-13.748068473635819,3.134091377258301
1748710445.492071,-13.748062619157093,3.134094476699829
1748710445.5256073,-13.748064683104039,3.1340880393981934
1748710445.5590098,-13.748060361655558,3.13409423828125
1748710445.592499,-13.748057469036775,3.134098529815674
1748710445.6259153,-13.748050262532859,3.134077787399292
1748710445.659332,-13.748053243425932,3.1340932846069336
1748710445.6929069,-13.74804852121432,3.1340887546539307
1748710445.726572,-13.748048700144475,3.1340959072113037
1748710445.7599525,-13.748044744609334,3.134099006652832
1748710445.7936132,-13.7480431273546,3.1340837478637695
1748710445.827029,-13.74803927014307,3.1340749263763428
1748710445.860428,-13.748031568110235,3.134065628051758
1748710445.8938806,-13.748035518199284,3.134073257446289
1748710445.9272978,-13.748030465410736,3.134072780609131
1748710445.9652057,-13.748031819913935,3.134072780609131
1748710445.9986384,-13.748022149792583,3.1340527534484863
1748710446.032529,-13.74802605231472,3.134061098098755
1748710446.0661166,-13.74801647534233,3.1340506076812744
1748710446.0995193,-13.748018912554022,3.134068012237549
1748710446.1329765,-13.748009045749294,3.134049654006958
1748710446.1663573,-13.748012930481183,3.1340701580047607
1748710446.1997695,-13.74800370502722,3.134070634841919
1748710446.2331781,-13.748004838752031,3.1340770721435547
1748710446.2665908,-13.7479959169492,3.134047508239746
1748710446.3000329,-13.74799866802792,3.1340606212615967
1748710446.3334332,-13.747990886878513,3.1340582370758057
1748710446.366877,-13.747988217425556,3.134058713912964
1748710446.4003644,-13.747982782747007,3.1340525150299072
1748710446.4337897,-13.74798184034692,3.1340417861938477
1748710446.467206,-13.747973025410504,3.13403582572937
1748710446.5007563,-13.747974786559483,3.1340420246124268
1748710446.5341656,-13.747967369538063,3.1340463161468506
1748710446.5675993,-13.747972248078755,3.134049415588379
1748710446.6010282,-13.747965466657604,3.134054183959961
1748710446.6344535,-13.747967411895436,3.134054183959961
1748710446.6684859,-13.747959664305421,3.1340413093566895
1748710446.7019706,-13.74796078078596,3.134046792984009
1748710446.735427,-13.747950767837004,3.1340363025665283
1748710446.7688498,-13.74795751449195,3.1340584754943848
1748710446.802266,-13.747948730205616,3.1340439319610596
1748710446.8356693,-13.747948225914689,3.1340367794036865
1748710446.8690841,-13.747945260017927,3.1340441703796387
1748710446.9024868,-13.747941310644201,3.1340525150299072
1748710446.9359107,-13.747941600251048,3.134040117263794
1748710446.9693134,-13.747937935762064,3.134042501449585
1748710447.0027838,-13.747924856006334,3.134035348892212
1748710447.0362208,-13.747933280689912,3.134063482284546
1748710447.0696337,-13.747918792537453,3.1340482234954834
1748710447.1030843,-13.747925403922869,3.1340644359588623
1748710447.1364894,-13.747913701204892,3.1340584754943848
1748710447.1699016,-13.747920518162847,3.1340699195861816
1748710447.203741,-13.747909956268472,3.1340370178222656
1748710447.2379131,-13.747914596564582,3.134036064147949
1748710447.271536,-13.747906877175176,3.1340417861938477
1748710447.3049479,-13.747903093724581,3.1340579986572266
1748710447.3384109,-13.747889866279333,3.134047031402588
1748710447.3718338,-13.747895525959242,3.134056329727173
1748710447.4053373,-13.747883677857663,3.1340489387512207
1748710447.4387481,-13.74788056175949,3.1340558528900146
1748710447.4721725,-13.747883718865667,3.134061574935913
1748710447.5055523,-13.747878931977612,3.134056568145752
1748710447.5390894,-13.747876704640824,3.134060859680176
1748710447.5725274,-13.747872174355084,3.1340584754943848
1748710447.6061099,-13.747874063166375,3.1340649127960205
1748710447.6395946,-13.747865518138843,3.1340479850769043
1748710447.6808147,-13.747869667022139,3.1340556144714355
1748710447.7144077,-13.74785799874239,3.1340348720550537
1748710447.7478287,-13.747857791109901,3.134047269821167
1748710447.7812304,-13.747860587090688,3.134087562561035
1748710447.81473,-13.747849223724101,3.1340744495391846
1748710447.8481307,-13.747848826356208,3.134093761444092
1748710447.8815653,-12.893270428291212,3.1340725421905518
1748710447.9149964,-12.893268963567545,3.134070634841919
