timestamp,encoder_distance,yaw_true
1748789018.9452596,-12.190250071440694,1.588013768196106
1748789019.0116124,-12.190246769771292,1.5880120992660522
1748789019.045018,-12.189472826058418,1.588039517402649
1748789019.0784633,-12.182264863431074,1.5879554748535156
1748789019.111926,-12.176596297050118,1.5874428749084473
1748789019.145365,-12.167119281446993,1.5868337154388428
1748789019.178769,-12.15417169989808,1.5871089696884155
1748789019.212196,-12.14383840167892,1.5867986679077148
1748789019.2457058,-12.130175924312335,1.586526870727539
1748789019.2791119,-12.119227687622205,1.5862371921539307
1748789019.3125184,-12.108596082856595,1.5863772630691528
1748789019.3459272,-12.09758275733433,1.5855767726898193
1748789019.3793283,-12.087597830061203,1.586259126663208
1748789019.4127357,-12.072599903738654,1.5855684280395508
1748789019.4461696,-12.062266948097376,1.5854344367980957
1748789019.479621,-12.048047207214818,1.5854160785675049
1748789019.5132551,-12.040934812481144,1.5865111351013184
1748789019.5466542,-12.028243144302959,1.5855934619903564
1748789019.5802484,-12.025482497406148,1.5859211683273315
1748789019.6140118,-12.021355860106208,1.5856642723083496
1748789019.6474106,-12.014516659721263,1.5853246450424194
1748789019.6816213,-12.010632028029196,1.585631251335144
1748789019.7150884,-12.00687883904158,1.5852270126342773
1748789019.7484746,-12.002213714570924,1.585960865020752
1748789019.781924,-11.998911457552518,1.5857683420181274
1748789019.8153298,-11.995766250240965,1.5859419107437134
1748789019.848925,-11.991584720088824,1.585518479347229
1748789019.8824847,-11.989446014263944,1.5849721431732178
1748789019.9158895,-11.985146033758086,1.5848621129989624
1748789019.9493005,-11.982890336666832,1.5848897695541382
1748789019.9828432,-11.979688093585512,1.5840051174163818
1748789020.0163705,-11.975259424389725,1.5843805074691772
1748789020.0497727,-11.971066447375179,1.583181381225586
1748789020.0831761,-11.96891188579788,1.5832024812698364
1748789020.116651,-11.96581135985005,1.5824017524719238
1748789020.1500492,-11.961408358830644,1.5827901363372803
1748789020.1834695,-11.958206147530742,1.5817691087722778
1748789020.2169373,-11.954969752145425,1.5817927122116089
1748789020.2504036,-11.951880658099158,1.580174207687378
1748789020.2838037,-11.947601860191593,1.5802435874938965
1748789020.3172128,-11.944455697487822,1.5789885520935059
1748789020.3506474,-11.941254470828223,1.5787941217422485
1748789020.38412,-11.936919491367318,1.5771770477294922
1748789020.4175024,-11.934539496401134,1.5767247676849365
1748789020.45088,-11.930666023540978,1.5764700174331665
1748789020.4842846,-11.926705807770755,1.5763221979141235
1748789020.5176907,-11.923008578731901,1.5745372772216797
1748789020.5510888,-11.919102321472664,1.5740675926208496
1748789020.5845253,-11.915267947323416,1.5719661712646484
1748789020.6179214,-11.911533435097642,1.5712945461273193
1748789020.6513233,-11.907803233849139,1.5687217712402344
1748789020.6847258,-11.903952506231889,1.5682082176208496
1748789020.7181318,-11.900444215076623,1.5662121772766113
1748789020.751538,-11.89683699563808,1.5664314031600952
1748789020.785071,-11.893207625644676,1.5655604600906372
1748789020.8186028,-11.889745973506056,1.565018892288208
1748789020.8520308,-11.885255851761068,1.563631296157837
1748789020.8854349,-11.883136209028839,1.562859058380127
1748789020.9188418,-11.878786984883659,1.5614155530929565
1748789020.9524477,-11.876542242978331,1.5600320100784302
1748789020.9858494,-11.872182813965454,1.5597261190414429
1748789021.0192943,-11.869252623092386,1.557910680770874
1748789021.0526938,-11.866305956072557,1.5577752590179443
1748789021.0861003,-11.86318413924408,1.557723045349121
1748789021.119561,-11.860245554083251,1.5564377307891846
1748789021.1529634,-11.857332227451854,1.5556325912475586
1748789021.186372,-11.85445970907961,1.5551782846450806
1748789021.2197685,-11.851542257701768,1.554681420326233
1748789021.2531586,-11.848843138792818,1.5542861223220825
1748789021.2865622,-11.845291925125837,1.5522363185882568
1748789021.3199644,-11.843581987751383,1.5531054735183716
1748789021.3533666,-11.840111778490126,1.550816297531128
1748789021.3867707,-11.837509871496733,1.5504560470581055
1748789021.420187,-11.83485831971313,1.550247073173523
1748789021.4535875,-11.832252100400028,1.5491012334823608
1748789021.487,-11.82978440812422,1.549993634223938
1748789021.5204144,-11.826595789174323,1.5473639965057373
1748789021.5538719,-11.825000390135179,1.5478515625
1748789021.587279,-11.821825304192693,1.54649817943573
1748789021.6206858,-11.819558609245016,1.5464332103729248
1748789021.6540644,-11.816510243481645,1.5451500415802002
1748789021.6874692,-11.814894006970297,1.5452885627746582
1748789021.7208822,-11.812739243480872,1.5447062253952026
1748789021.7543492,-11.810498820630183,1.5441112518310547
1748789021.787761,-11.808353866708261,1.543013095855713
1748789021.8211727,-11.806154554505172,1.543183445930481
1748789021.8545718,-11.803493822695321,1.5417379140853882
1748789021.8880062,-11.801453017313037,1.5414057970046997
1748789021.9214447,-11.799412658469882,1.5417027473449707
1748789021.9548502,-11.797471311255372,1.5412214994430542
1748789021.9882536,-11.795622973756064,1.5392961502075195
1748789022.0217004,-11.79322462311278,1.5378330945968628
1748789022.0551934,-11.792021733806822,1.540032148361206
1748789022.088597,-11.78993911666235,1.5385149717330933
1748789022.1220045,-11.788074219219263,1.5379964113235474
1748789022.1554892,-11.786265808175761,1.5368216037750244
1748789022.1888902,-11.784453954504519,1.5367109775543213
1748789022.2223046,-11.782699330369892,1.536311388015747
1748789022.2557106,-11.780411818419537,1.5361559391021729
1748789022.289118,-11.7788054179805,1.5356467962265015
1748789022.3225572,-11.77710518343569,1.5354602336883545
1748789022.3559763,-11.775501918477241,1.5349228382110596
1748789022.3894815,-11.773963162314548,1.5343574285507202
1748789022.4229472,-11.771729731603076,1.5346527099609375
1748789022.456355,-11.769766443625613,1.533823013305664
1748789022.4897738,-11.768730042283575,1.5341925621032715
1748789022.5231733,-11.767169237102227,1.5332931280136108
1748789022.5566158,-11.765721089942954,1.5344878435134888
1748789022.5900207,-11.76411139736647,1.533210039138794
1748789022.6234894,-11.762551728211019,1.5336562395095825
1748789022.6569254,-11.76102786636397,1.5331015586853027
1748789022.6903684,-11.759539820744573,1.53355872631073
1748789022.7237527,-11.75810334851578,1.5319370031356812
1748789022.7571535,-11.756132548950859,1.5328267812728882
1748789022.7905576,-11.754655957624356,1.5315202474594116
1748789022.823975,-11.753193891622917,1.5323728322982788
1748789022.85738,-11.751829824947023,1.5315626859664917
1748789022.8908122,-11.750244029532912,1.531977891921997
1748789022.9242089,-11.749062910924337,1.5300946235656738
1748789022.9576147,-11.747762398287946,1.5307461023330688
1748789022.9910176,-11.746571058874519,1.5294407606124878
1748789023.0244825,-11.745414640731225,1.5299222469329834
1748789023.0579998,-11.743660801199855,1.5291508436203003
1748789023.0914404,-11.742441246067525,1.5294935703277588
1748789023.1248639,-11.741635246037754,1.5283598899841309
1748789023.158261,-11.740023519026977,1.5286805629730225
1748789023.1918476,-11.738870201189116,1.5275683403015137
1748789023.2253714,-11.737740933129741,1.5279508829116821
1748789023.2587757,-11.736708692556903,1.5266125202178955
1748789023.2926023,-11.735540945816417,1.5275514125823975
1748789023.3260007,-11.734385098813123,1.5258607864379883
1748789023.3594472,-11.733247417735718,1.5271532535552979
1748789023.392857,-11.73211937425545,1.5257208347320557
1748789023.4262629,-11.731016279029975,1.5265144109725952
1748789023.459665,-11.729951834496925,1.5257712602615356
1748789023.4931164,-11.728971760731019,1.5260361433029175
1748789023.5265234,-11.727996411944366,1.525500774383545
1748789023.5600326,-11.72704393664253,1.525758147239685
1748789023.5934815,-11.72585874618331,1.5256102085113525
1748789023.626934,-11.725057029187983,1.5255870819091797
1748789023.6603348,-11.72421389942996,1.525804877281189
1748789023.6936975,-11.72370351944641,1.525328516960144
1748789023.7271132,-11.722902973674323,1.525313138961792
1748789023.7604718,-11.72213984301963,1.5252219438552856
1748789023.7938774,-11.72155338340248,1.525312900543213
1748789023.8272574,-11.721339889352537,1.5252454280853271
1748789023.8606699,-11.72122349732017,1.5252646207809448
1748789023.8941314,-11.721148796455328,1.5252526998519897
1748789023.9275687,-11.721103897922564,1.5252513885498047
1748789023.9609163,-11.721087867424334,1.525251865386963
1748789023.994326,-11.72107827826933,1.5252482891082764
1748789024.027726,-11.721072271650554,1.5252476930618286
1748789024.0612028,-11.721068648386206,1.5252490043640137
1748789024.0946429,-11.72106636663285,1.5252482891082764
1748789024.1281736,-11.721063513022395,1.5252476930618286
1748789024.1616206,-11.721062075897914,1.5252463817596436
1748789024.1950386,-11.721060258218744,1.5252450704574585
1748789024.228447,-11.721058673728027,1.525243878364563
1748789024.261894,-11.7210572703517,1.5252430438995361
1748789024.2953048,-11.721055649228905,1.5252436399459839
1748789024.3287084,-11.721054174630309,1.5252442359924316
1748789024.3621364,-11.721052825426861,1.5252429246902466
1748789024.3955877,-11.721050677390648,1.525241732597351
1748789024.4290423,-11.721048783014123,1.5252416133880615
1748789024.4625332,-11.721047462542645,1.5252398252487183
1748789024.496037,-11.721046169253473,1.525240182876587
1748789024.529601,-11.721044195308268,1.5252408981323242
1748789024.5629594,-11.72104270472659,1.5252399444580078
1748789024.5963717,-11.721040925422287,1.5252397060394287
1748789024.6297786,-11.721039302622923,1.525238275527954
1748789024.663187,-11.721037973821716,1.5252363681793213
1748789024.6965895,-11.721036492465005,1.5252352952957153
1748789024.730156,-11.721034696534577,1.5252355337142944
1748789024.7635972,-11.721033297924265,1.5252366065979004
1748789024.797076,-11.721031334067504,1.5252363681793213
1748789024.8311617,-11.721029835506913,1.5252350568771362
1748789024.8648212,-11.721028400926196,1.5252330303192139
1748789024.8982697,-11.721026606714798,1.5252320766448975
1748789024.931691,-11.721025079500551,1.5252323150634766
1748789024.96508,-11.721023515213595,1.5252326726913452
1748789024.998486,-11.72102168871571,1.5252327919006348
1748789025.0318859,-11.721020706176994,1.5252315998077393
1748789025.065296,-11.72101945094341,1.525229573249817
1748789025.0987017,-11.721017071884237,1.5252296924591064
1748789025.1320999,-11.721015607316938,1.5252286195755005
1748789025.165528,-11.721013738831052,1.5252271890640259
1748789025.198958,-11.721012184297301,1.525227665901184
1748789025.2324057,-11.721010626689276,1.5252286195755005
1748789025.265878,-11.72100905341171,1.5252275466918945
1748789025.2994356,-11.721007680048087,1.525226354598999
1748789025.332796,-11.721005839688367,1.5252251625061035
1748789025.3662052,-11.721004464768164,1.5252240896224976
1748789025.3995984,-11.72100261683316,1.5252233743667603
1748789025.433009,-11.721001152288014,1.5252231359481812
1748789025.4664166,-11.720998875186263,1.5252219438552856
1748789025.4998777,-11.720997374962808,1.5252219438552856
1748789025.5332859,-11.720995998574306,1.5252230167388916
1748789025.5667002,-11.72099432645527,1.5252227783203125
1748789025.6001523,-11.720993017525007,1.5252214670181274
1748789025.6335595,-11.720991745623007,1.525219440460205
1748789025.6669908,-11.720989573508865,1.5252186059951782
1748789025.7004325,-11.720988385996494,1.5252187252044678
1748789025.733887,-11.720986339096521,1.5252196788787842
1748789025.767419,-11.72098478903221,1.5252176523208618
1748789025.8009238,-11.720983142890887,1.5252183675765991
1748789025.8343358,-11.720981806681847,1.5252174139022827
1748789025.867733,-11.720980530898737,1.5252162218093872
1748789025.9011707,-11.720979114421281,1.5252150297164917
1748789025.9345758,-11.720977437038341,1.5252139568328857
1748789025.9680002,-11.720975937384113,1.5252141952514648
1748789026.0013983,-11.720974447320256,1.5252149105072021
1748789026.0348003,-11.720973104925791,1.5252139568328857
1748789026.0682132,-11.7209712760972,1.5252138376235962
1748789026.101613,-11.720969926473312,1.5252124071121216
1748789026.1350152,-11.72096822530441,1.525211215019226
1748789026.1684515,-11.720966201915845,1.5252110958099365
1748789026.2018554,-11.720964847921659,1.5252093076705933
1748789026.2352614,-11.720963085464877,1.5252081155776978
1748789026.269051,-11.720961443136753,1.5252083539962769
1748789026.3024628,-11.720959680885109,1.5252095460891724
1748789026.3365908,-11.72095835589351,1.5252090692520142
1748789026.3699946,-11.720956865516564,1.5252078771591187
1748789026.4034169,-11.72095552456181,1.5252060890197754
1748789026.437152,-11.720953520741253,1.5252050161361694
1748789026.4705584,-11.72095181940854,1.5252047777175903
1748789026.5039554,-11.720950473686598,1.5252037048339844
1748789026.53745,-11.720948728069256,1.525204062461853
1748789026.5708551,-11.720947645186268,1.5252047777175903
1748789026.6042862,-11.720946308974533,1.5252039432525635
1748789026.6377387,-11.720944979116933,1.5252035856246948
1748789026.6711462,-11.720942642430575,1.5252022743225098
1748789026.7046237,-11.720940819467794,1.5252010822296143
1748789026.7380345,-11.720939546200285,1.5251997709274292
1748789026.7714338,-11.72092685524469,1.5249656438827515
1748789026.8048537,-11.720686883789753,1.5260868072509766
1748789026.838287,-11.717960909166262,1.5252058506011963
1748789026.8716881,-11.712122981658245,1.518171787261963
1748789026.9051316,-11.706329115713473,1.511356234550476
1748789026.9385817,-11.699787823917799,1.503921627998352
1748789026.9728312,-11.690203213779753,1.4961763620376587
1748789027.0063272,-11.68321391941027,1.4884700775146484
1748789027.0397322,-11.675904343122532,1.4772310256958008
1748789027.0731506,-11.668533313439367,1.4689948558807373
1748789027.1065567,-11.661131965421331,1.4609980583190918
1748789027.1399646,-11.653715508884526,1.452703595161438
1748789027.1733866,-11.6435638265331,1.441373586654663
1748789027.2068307,-11.63885616331476,1.4361233711242676
1748789027.2402945,-11.630926510643206,1.4280873537063599
1748789027.2736986,-11.621505665182978,1.4167423248291016
1748789027.307216,-11.614067681969852,1.4084327220916748
1748789027.3406708,-11.606629143855631,1.4001230001449585
1748789027.3750296,-11.596708798140098,1.3918265104293823
1748789027.408413,-11.591996821683189,1.3835198879241943
1748789027.4418273,-11.584310274015854,1.3754876852035522
1748789027.4752266,-11.577118363203969,1.366904377937317
1748789027.5085945,-11.569424589307108,1.3589528799057007
1748789027.5420616,-11.562248616374903,1.3501462936401367
1748789027.5757043,-11.552084002431414,1.3419944047927856
1748789027.609062,-11.547387246457914,1.3335506916046143
1748789027.6424627,-11.5396849367023,1.3260700702667236
1748789027.6758606,-11.53249955083281,1.3175266981124878
1748789027.7092657,-11.522629964610868,1.3094197511672974
1748789027.7431173,-11.517423660075185,1.2985851764678955
1748789027.7765222,-11.507534059852752,1.2902501821517944
1748789027.8099174,-11.500120563310716,1.2816755771636963
1748789027.8433836,-11.492441475305817,1.2737576961517334
1748789027.8767905,-11.48504402905091,1.265045404434204
1748789027.9102387,-11.47786183483564,1.259631633758545
1748789027.9436524,-11.470459551766968,1.2484691143035889
1748789027.977077,-11.46303204452572,1.2403078079223633
1748789028.0106483,-11.45565344530126,1.2345740795135498
1748789028.0440276,-11.450695420898157,1.2265410423278809
1748789028.0774257,-11.443244958434944,1.218608021736145
1748789028.1108341,-11.435862092695311,1.2100805044174194
1748789028.144239,-11.426193221602542,1.1997578144073486
1748789028.1776426,-11.418552225500706,1.1910971403121948
1748789028.2110605,-11.41113827338606,1.1828874349594116
1748789028.2444654,-11.401501109413653,1.1717793941497803
1748789028.2778673,-11.39383094618529,1.1638044118881226
1748789028.3125477,-11.386159004767253,1.155510663986206
1748789028.3461747,-11.378982350336315,1.1471977233886719
1748789028.3795497,-11.371550551015169,1.1389005184173584
1748789028.413072,-11.3616393607544,1.130312442779541
1748789028.4464772,-11.354202503896447,1.122009038925171
1748789028.479891,-11.346765281604245,1.1109281778335571
1748789028.5133414,-11.3393270624386,1.1026166677474976
1748789028.5468643,-11.331887410701443,1.0940287113189697
1748789028.5807405,-11.321968107805143,1.0829426050186157
1748789028.6141467,-11.31452795324313,1.074910283088684
1748789028.647571,-11.307336330107402,1.0660427808761597
1748789028.680998,-11.297416509241616,1.0555005073547363
1748789028.7144191,-11.289734747174439,1.0471824407577515
1748789028.7478201,-11.282549315598128,1.038898229598999
1748789028.7812672,-11.274636019650083,1.0305662155151367
1748789028.8146691,-11.264996484603842,1.0222227573394775
1748789028.8482935,-11.260017913561313,1.0143837928771973
1748789028.8818126,-11.250380659061406,1.006441593170166
1748789028.9152381,-11.245193842451565,0.9979856014251709
1748789028.9486945,-11.237778981628082,0.989827036857605
1748789028.9821062,-11.227891070036721,0.9789385199546814
1748789029.0155158,-11.220481348109676,0.9707258939743042
1748789029.0489283,-11.212828921486452,0.9627473950386047
1748789029.0825033,-11.20565055136435,0.954344630241394
1748789029.1159046,-11.198223755058795,0.9462224841117859
1748789029.1493125,-11.190798808280183,0.9380678534507751
1748789029.1827016,-11.180918346744042,0.9298503994941711
1748789029.2160778,-11.171043055047479,0.9188466668128967
1748789029.2494948,-11.165845238335947,0.9107444286346436
1748789029.282925,-11.156225690573766,0.8997161984443665
1748789029.3163683,-11.148526264937045,0.8914945721626282
1748789029.3497803,-11.141618029189083,0.88350510597229
1748789029.383178,-11.133951827996247,0.8753238320350647
1748789029.4165754,-11.126578027307032,0.8668469190597534
1748789029.4499776,-11.116792198430062,0.8574391603469849
1748789029.483378,-11.109298875887943,0.8484637141227722
1748789029.5167773,-11.101760244434193,0.8417183756828308
1748789029.5501823,-11.09440569335324,0.8335219621658325
1748789029.5842354,-11.084663604539639,0.8248200416564941
1748789029.6176813,-11.077211829255344,0.8143506646156311
1748789029.6511965,-11.06984906388302,0.8058341145515442
1748789029.6851826,-11.062456243673793,0.7973078489303589
1748789029.7185817,-11.055191222943185,0.7881075143814087
1748789029.7519846,-11.047320814577393,0.7812324166297913
1748789029.785366,-11.04054938691237,0.7700852155685425
1748789029.8187895,-11.03356227825421,0.7630046010017395
1748789029.852192,-11.025907278754158,0.7553216814994812
1748789029.8855932,-11.01883235994759,0.7452654838562012
1748789029.919021,-11.011436435237755,0.7371230125427246
1748789029.952426,-11.003954759420795,0.7326752543449402
1748789029.9858992,-10.993554133600526,0.7212411165237427
1748789030.0193052,-10.986800890549171,0.7128942608833313
1748789030.0527039,-10.97959774244432,0.7030727863311768
1748789030.0861084,-10.972551913348083,0.6937775611877441
1748789030.1195118,-10.964581134567387,0.6854630708694458
1748789030.1529112,-10.958085188091172,0.6761184930801392
1748789030.186318,-10.950317573006087,0.6688984632492065
1748789030.2197435,-10.943217803397134,0.6584669947624207
1748789030.2531428,-10.933741667644966,0.6451791524887085
1748789030.2865694,-10.92625379985482,0.6369249820709229
1748789030.3199759,-10.919077386387892,0.6269171237945557
1748789030.3533747,-10.907181046096527,0.6146920919418335
1748789030.3867788,-10.902049114954384,0.60505211353302
1748789030.420228,-10.894598283721477,0.5963315367698669
1748789030.4536488,-10.887350797045112,0.5863903760910034
1748789030.4872117,-10.877303923622435,0.5787172317504883
1748789030.5206122,-10.870224061615504,0.5663962960243225
1748789030.5541174,-10.862623003383487,0.5571415424346924
1748789030.5876927,-10.85302425188529,0.5447700619697571
1748789030.6211052,-10.84542462079053,0.5352714657783508
1748789030.654562,-10.838071773760586,0.5260783433914185
1748789030.687981,-10.830218189143665,0.5178910493850708
1748789030.7213836,-10.820985183788947,0.5049810409545898
1748789030.754878,-10.813751585376428,0.49655255675315857
1748789030.7882907,-10.806166344327186,0.4875970184803009
1748789030.8216894,-10.796589668238335,0.4790682792663574
1748789030.8551128,-10.789094850266103,0.46566271781921387
1748789030.8884633,-10.781766897632815,0.4561944007873535
1748789030.9218624,-10.774542640120275,0.4480137825012207
1748789030.9552681,-10.766680144419455,0.440671443939209
1748789030.9886763,-10.759767349115831,0.4307328164577484
1748789031.0221725,-10.752332718545707,0.4226539731025696
1748789031.0555806,-10.744735252176492,0.4135531485080719
1748789031.0889957,-10.737387661883659,0.40450143814086914
1748789031.1224606,-10.729773947350953,0.39607006311416626
1748789031.1558678,-10.71979992967717,0.3876725435256958
1748789031.1892734,-10.711903136192852,0.38059088587760925
1748789031.2228055,-10.70284439517966,0.3728295564651489
1748789031.2562146,-10.693022141919569,0.3649137020111084
1748789031.2896943,-10.682964580231554,0.3557186424732208
1748789031.3231082,-10.672993787916306,0.3472748398780823
1748789031.3565562,-10.659118640640315,0.33867302536964417
1748789031.390254,-10.652154758599442,0.3296954333782196
1748789031.423671,-10.640966741315646,0.3202371895313263
1748789031.4571064,-10.627679330327906,0.31178420782089233
1748789031.490552,-10.62026558381909,0.30378761887550354
1748789031.5239146,-10.606352887454479,0.29365289211273193
1748789031.5574384,-10.5961194853004,0.28292468190193176
1748789031.5908449,-10.585162276119476,0.2755439877510071
1748789031.624271,-10.574701003494152,0.2662380039691925
1748789031.6576862,-10.56066730518878,0.255651593208313
1748789031.69109,-10.550064564210976,0.24836210906505585
1748789031.7245367,-10.540000818472588,0.23946478962898254
1748789031.7579374,-10.529038906942851,0.23218975961208344
1748789031.791441,-10.51852341992896,0.22374030947685242
1748789031.8249245,-10.508265085518907,0.21773268282413483
1748789031.8584146,-10.49378094673364,0.2085222601890564
1748789031.8918252,-10.483134776519888,0.20248441398143768
1748789031.9252353,-10.472622416391102,0.1953759789466858
1748789031.9587104,-10.46247904233917,0.19055400788784027
1748789031.992115,-10.45531604545089,0.18574531376361847
1748789032.0255125,-10.448203235529041,0.18242716789245605
1748789032.0589092,-10.444410539363686,0.18053098022937775
1748789032.0923388,-10.440811190096037,0.17790178954601288
1748789032.125783,-10.43740014780912,0.1761862188577652
1748789032.159272,-10.433011911860614,0.17436088621616364
1748789032.1926963,-10.430862394717478,0.17226409912109375
1748789032.2261174,-10.42659431317443,0.16985991597175598
1748789032.259568,-10.423369675339694,0.16864246129989624
1748789032.2929714,-10.420205165376842,0.16671444475650787
1748789032.3264616,-10.417139910065828,0.16448107361793518
1748789032.3598666,-10.4138062826242,0.16319507360458374
1748789032.3933268,-10.409442910784815,0.16079457104206085
1748789032.4267287,-10.40627310091737,0.15946605801582336
1748789032.4601266,-10.403097285847942,0.15808486938476562
1748789032.493532,-10.39991217953713,0.1555430144071579
1748789032.5269349,-10.39561448970586,0.15439988672733307
1748789032.560332,-10.393527829908624,0.15197208523750305
1748789032.5937297,-10.39020789521007,0.15042732656002045
1748789032.6271338,-10.387220714387395,0.14893276989459991
1748789032.6607337,-10.382856597991461,0.14662396907806396
1748789032.6941483,-10.379691839283046,0.1452694684267044
1748789032.727561,-10.376602026924408,0.1423477679491043
1748789032.7609596,-10.373380013324125,0.14082525670528412
1748789032.7944422,-10.371033813323654,0.1399627923965454
1748789032.8278515,-10.365846949026185,0.13667252659797668
1748789032.8613183,-10.36316406974115,0.1358671337366104
1748789032.894725,-10.35783519382386,0.13212059438228607
1748789032.9281356,-10.353944369943541,0.1303679347038269
1748789032.9615328,-10.35001396070464,0.12769374251365662
1748789032.9949138,-10.347229927965069,0.12713497877120972
1748789033.028313,-10.343332747882805,0.12475904822349548
1748789033.0621512,-10.33952600479635,0.12311631441116333
1748789033.0956938,-10.334629535966677,0.11928944289684296
1748789033.1291387,-10.331126437524135,0.11735744029283524
1748789033.1627407,-10.32732937050764,0.11698704957962036
1748789033.196604,-10.322831015987463,0.11298144608736038
1748789033.2301264,-10.319349574295266,0.11248322576284409
1748789033.263684,-10.3160234244227,0.11001591384410858
1748789033.2971215,-10.312608796065811,0.10769598931074142
1748789033.3313754,-10.307311594437747,0.10622941702604294
1748789033.3647804,-10.305037752639793,0.10499143600463867
1748789033.3982277,-10.301859336684618,0.10301642119884491
1748789033.431686,-10.298591386435804,0.10185011476278305
1748789033.4651225,-10.294576852644381,0.09968504309654236
1748789033.4985204,-10.291680754902217,0.09703699499368668
1748789033.5319338,-10.28869587269484,0.09618566930294037
1748789033.5654576,-10.284763793668294,0.09595046192407608
1748789033.5988562,-10.28189318545146,0.0943298414349556
1748789033.6322777,-10.279144677706187,0.0921134427189827
1748789033.665683,-10.276372808536495,0.09047254174947739
1748789033.699088,-10.273678256881832,0.0883544385433197
1748789033.732491,-10.27095907477675,0.08735159784555435
1748789033.7658947,-10.268458034140316,0.08440644294023514
1748789033.7993355,-10.26485741707282,0.08458185940980911
1748789033.8328273,-10.26322173194467,0.08290855586528778
1748789033.8662424,-10.26059975742152,0.0822472795844078
1748789033.8996446,-10.257989420032926,0.07911571115255356
1748789033.9345899,-10.253859832780892,0.07922724634408951
1748789033.9681401,-10.252229507932876,0.07891667634248734
1748789034.001538,-10.24991720543223,0.07806207984685898
1748789034.034993,-10.247635126734451,0.07576826214790344
1748789034.0684,-10.24535250523758,0.07665634155273438
1748789034.1020103,-10.24241826431001,0.07650130242109299
1748789034.1354299,-10.240350956127998,0.0750485360622406
1748789034.168957,-10.238106518208559,0.07486381381750107
1748789034.2023883,-10.235334750384736,0.07449280470609665
1748789034.2358596,-10.233856947061662,0.07457456737756729
1748789034.269445,-10.230978025581017,0.07486458122730255
1748789034.3032,-10.229016625368832,0.07322216033935547
1748789034.336757,-10.22699670243125,0.07392212748527527
1748789034.3701575,-10.225077255428847,0.07312136888504028
1748789034.4036005,-10.223138781065918,0.07433182746171951
1748789034.437043,-10.221196349902076,0.07313118129968643
1748789034.470457,-10.219327092985546,0.07416161894798279
1748789034.503875,-10.217556621057765,0.07222224026918411
1748789034.5375512,-10.215754106473034,0.07301583886146545
1748789034.5714192,-10.213919006995503,0.07189299911260605
1748789034.6053462,-10.212143609565352,0.07236757129430771
1748789034.6387124,-10.210288021882976,0.07140325009822845
1748789034.6728134,-10.208446169903434,0.07182365655899048
1748789034.7062569,-10.206161560524855,0.07224749028682709
1748789034.7397618,-10.204401538484174,0.07225770503282547
1748789034.773222,-10.202694607422725,0.07197733968496323
1748789034.8066316,-10.201122057744557,0.07262912392616272
1748789034.8409307,-10.199515376612789,0.0719297006726265
1748789034.8745868,-10.197452965981121,0.07262996584177017
1748789034.9082122,-10.195862340697666,0.07230139523744583
1748789034.9417167,-10.194405914673933,0.07207772880792618
1748789034.975113,-10.192871918561076,0.07243155688047409
1748789035.0085278,-10.191462384983307,0.07183392345905304
1748789035.0420337,-10.189476054411733,0.0722137987613678
1748789035.0753999,-10.188574089317397,0.07209672778844833
1748789035.1089373,-10.187141583689206,0.07223771512508392
1748789035.1425593,-10.185329174672264,0.0723496749997139
1748789035.1759844,-10.18444299678628,0.07205379009246826
1748789035.209672,-10.183125176856919,0.07250483334064484
1748789035.2430751,-10.18139197221273,0.07201532274484634
1748789035.2764857,-10.180125394528421,0.0724942535161972
1748789035.3098817,-10.178464592615134,0.07193748652935028
1748789035.343282,-10.17722991027964,0.07257955521345139
1748789035.3767164,-10.176010867522812,0.07188170403242111
1748789035.410124,-10.174807455314077,0.07251442223787308
1748789035.4434712,-10.17364577652606,0.07206600159406662
1748789035.476929,-10.172065411510566,0.07271459698677063
1748789035.5103137,-10.170895380568272,0.07249976694583893
1748789035.5436902,-10.169825291012984,0.07260299474000931
1748789035.5771132,-10.168343885899885,0.07257643342018127
1748789035.6109104,-10.167604132190638,0.07259092479944229
1748789035.6443262,-10.166627452587232,0.07258414477109909
1748789035.6777415,-10.165566111004974,0.0725802555680275
1748789035.7115605,-10.164553616428668,0.07290014624595642
1748789035.7449691,-10.163201499847762,0.07230493426322937
1748789035.7783804,-10.162234030236318,0.07265754789113998
1748789035.811963,-10.160943499785562,0.07244392484426498
1748789035.845373,-10.15999400018326,0.07228414714336395
1748789035.8793054,-10.159025904827562,0.0722666010260582
1748789035.9127216,-10.158409825276962,0.07253009080886841
1748789035.9462159,-10.157205542019831,0.07251021265983582
1748789035.9796226,-10.156319926191316,0.07229871302843094
1748789036.0131316,-10.155446243733607,0.0725165456533432
1748789036.0465314,-10.154564031382588,0.07240449637174606
1748789036.08,-10.15378163536523,0.07244424521923065
1748789036.1134167,-10.152930009439249,0.07241598516702652
1748789036.146908,-10.15212042722798,0.07241817563772202
1748789036.180359,-10.151350560384532,0.07240737229585648
1748789036.213768,-10.150540757781462,0.07240176200866699
1748789036.2472553,-10.149515836995723,0.07239119708538055
1748789036.2806973,-10.148869530617967,0.07238709926605225
1748789036.3142147,-10.148339088098743,0.07213300466537476
1748789036.347633,-10.142170778650234,0.0723658874630928
1748789036.3810217,-10.133836766692244,0.07221580296754837
1748789036.4144273,-10.124458944184466,0.07226371765136719
1748789036.447843,-10.114440482145689,0.07224371284246445
1748789036.4812496,-10.103753550987479,0.07208502292633057
1748789036.5146484,-10.090081462080304,0.07206813991069794
1748789036.5482602,-10.079484973973678,0.07215704023838043
1748789036.5816655,-10.068856397338552,0.0720759853720665
1748789036.6150746,-10.058212240712288,0.07207406312227249
1748789036.6484945,-10.047559964623895,0.07203871756792068
1748789036.6825366,-10.036903969468149,0.07201310992240906
1748789036.7162342,-10.0262461723137,0.07199342548847198
1748789036.7496026,-10.012389883578434,0.07192638516426086
1748789036.783205,-10.001376040871243,0.07194823026657104
1748789036.8167977,-9.990717575462135,0.07176719605922699
1748789036.8501961,-9.980414714415533,0.07180082052946091
1748789036.883962,-9.969401762225406,0.07174507528543472
1748789036.9173775,-9.958744460319929,0.07171083241701126
1748789036.9507754,-9.944535746342588,0.07169704139232635
1748789036.9847956,-9.930327963469743,0.07173334062099457
1748789037.0182076,-9.923579419163794,0.07164231687784195
1748789037.0516224,-9.912924511924102,0.07159861922264099
1748789037.0850468,-9.898363360814047,0.07156886905431747
1748789037.1184547,-9.88770908110557,0.07154618203639984
1748789037.1518712,-9.877409974209135,0.07153011858463287
1748789037.185334,-9.866400758410524,0.07153091579675674
1748789037.2187347,-9.85574646077612,0.07154310494661331
1748789037.2521577,-9.845091940376902,0.07158958166837692
1748789037.2856233,-9.830885773893678,0.071586973965168
1748789037.3190265,-9.820231153030866,0.07153390347957611
1748789037.3849554,-9.80351638000496,0.07166354358196259
1748789037.4183848,-9.799732135241648,0.07155464589595795
1748789037.4517846,-9.798380574415003,0.07158252596855164
1748789037.4852057,-9.797779298417355,0.07155855745077133
1748789037.5186179,-9.79692110906598,0.07152701914310455
1748789037.5520515,-9.792163890928263,0.07152295857667923
1748789037.5854573,-9.781166601186449,0.0709945559501648
1748789037.6188574,-9.771653042723711,0.07122240960597992
1748789037.6522627,-9.761229153939214,0.07166538387537003
1748789037.685706,-9.751202495038978,0.07141540199518204
1748789037.7190871,-9.737165634233785,0.07153396308422089
1748789037.752486,-9.726921167941017,0.07092740386724472
1748789037.7860577,-9.719480578665026,0.07166960090398788
1748789037.8194714,-9.705620288248086,0.07089031487703323
1748789037.8530483,-9.694556705750989,0.07138272374868393
1748789037.8864543,-9.683860540810246,0.07070356607437134
1748789037.9198568,-9.673541384189729,0.07127300649881363
1748789037.9532537,-9.662880666748098,0.07103970646858215
1748789037.9866338,-9.651860197107418,0.07124530524015427
1748789038.0200307,-9.641549187189167,0.07074899226427078
1748789038.0534403,-9.63085118286274,0.07136058807373047
1748789038.0870569,-9.61977831637642,0.07025816291570663
1748789038.120461,-9.609392381701035,0.0708969458937645
1748789038.1540127,-9.598298303480593,0.07009134441614151
1748789038.1874382,-9.587580717739714,0.07080502063035965
1748789038.2208397,-9.57686515264298,0.06997580081224442
1748789038.2542467,-9.566481735613912,0.0706912949681282
1748789038.2876558,-9.555391124384503,0.06995917856693268
1748789038.3210158,-9.54109958980197,0.07006338238716125
1748789038.3544302,-9.530397723849838,0.06999745219945908
1748789038.3878305,-9.519368513649598,0.06990376114845276
1748789038.421265,-9.50513686734004,0.06982599943876266
1748789038.4546688,-9.494816148699792,0.06978222727775574
1748789038.488117,-9.484141013937005,0.07031147181987762
1748789038.5215335,-9.473464542144635,0.07025127857923508
1748789038.5549326,-9.46275922398879,0.06951238960027695
1748789038.5883687,-9.45203731186175,0.07028768956661224
1748789038.621905,-9.441675524371803,0.06944374740123749
1748789038.6553092,-9.427376159910853,0.06986217200756073
1748789038.688715,-9.413076098211024,0.06920398026704788
1748789038.7221596,-9.40556454947339,0.0702534168958664
1748789038.7555704,-9.39450163499476,0.06936053186655045
1748789038.7894504,-9.380594172651266,0.0701179951429367
1748789038.8228524,-9.369895242026491,0.0690608024597168
1748789038.8562367,-9.35597754724278,0.07039446383714676
1748789038.8897924,-9.34882547218931,0.06985464692115784
1748789038.9232256,-9.337753446432213,0.07048240303993225
1748789038.956653,-9.327059301037941,0.07067742943763733
1748789038.990061,-9.316736821523913,0.07084740698337555
1748789039.0234797,-9.306065184357182,0.07061079144477844
1748789039.0569196,-9.291118480908745,0.07104313373565674
1748789039.0903254,-9.280792878284533,0.0717470794916153
1748789039.1237292,-9.270466647140609,0.0717766284942627
1748789039.1572487,-9.259461876693873,0.07332505285739899
1748789039.1906462,-9.248849238128154,0.07150768488645554
1748789039.2240515,-9.234683802469792,0.06936686486005783
1748789039.2574537,-9.224071913462904,0.07032184302806854
1748789039.2909057,-9.213451781059872,0.06846914440393448
1748789039.3243008,-9.202413048867733,0.06876728683710098
1748789039.3577075,-9.192117562957899,0.06678376346826553
1748789039.39138,-9.177936700234117,0.06713747978210449
1748789039.4247854,-9.167289058478055,0.0657321959733963
1748789039.4583445,-9.156634216238366,0.06484691053628922
1748789039.4917998,-9.145973763227815,0.06299629807472229
1748789039.5252037,-9.135322572590766,0.06282734870910645
1748789039.5585754,-9.124328402747153,0.06394016742706299
1748789039.5919392,-9.114009370578009,0.06344181299209595
1748789039.625536,-9.10336437545179,0.06127360835671425
1748789039.658938,-9.092708348861075,0.0626140758395195
1748789039.6924014,-9.082133555483404,0.06099322438240051
1748789039.7258046,-9.071211191421872,0.05971930921077728
1748789039.7592077,-9.057473566993005,0.060741741210222244
1748789039.792629,-9.046515361582362,0.05926081910729408
1748789039.8260262,-9.03271316280591,0.057596974074840546
1748789039.8595185,-9.02173468465879,0.05700192600488663
1748789039.8929305,-9.011527014000954,0.05432400107383728
1748789039.9262788,-9.000889917760718,0.05410528928041458
1748789039.9597464,-8.989893700494095,0.05184416472911835
1748789039.9931254,-8.979562145995393,0.05301586538553238
1748789040.0266395,-8.965808322177905,0.049890343099832535
1748789040.060826,-8.955231313622267,0.04626069217920303
1748789040.094273,-8.94425404201671,0.04451925307512283
1748789040.127656,-8.934028657860638,0.041533131152391434
1748789040.1611032,-8.923703607686658,0.03511526808142662
1748789040.194508,-8.913032054555092,0.029247460886836052
1748789040.2286572,-8.90246452311714,0.025737561285495758
1748789040.2621305,-8.89187333648972,0.022846847772598267
1748789040.2955372,-8.881708698583575,0.01528454851359129
1748789040.329167,-8.871338618276788,0.009372448548674583
1748789040.3627334,-8.857309386656958,-0.0019462497439235449
1748789040.3972762,-8.847133678882992,-0.008704443462193012
1748789040.4307277,-8.837141632423116,-0.017007984220981598
1748789040.4641461,-8.82614842988669,-0.022305389866232872
1748789040.4975615,-8.815720457457369,-0.03053358942270279
1748789040.5310888,-8.805850306570985,-0.03942690044641495
1748789040.5644987,-8.794892606424243,-0.044546205550432205
1748789040.5980318,-8.784364941443211,-0.051552727818489075
1748789040.631436,-8.773798410722677,-0.05817055329680443
1748789040.6648371,-8.7599044479619,-0.06662112474441528
1748789040.6982844,-8.752763842106285,-0.07175394892692566
1748789040.7317216,-8.742228116526649,-0.07869435846805573
1748789040.7651227,-8.731461438701222,-0.08618441224098206
1748789040.7986765,-8.717584104457796,-0.09124971926212311
1748789040.8324258,-8.706855875737302,-0.09321523457765579
1748789040.8659425,-8.696218048868483,-0.09764573723077774
1748789040.8993754,-8.685908976490564,-0.10279926657676697
1748789040.932781,-8.674964007976802,-0.10728995501995087
1748789040.9662273,-8.664294845743767,-0.10982228070497513
1748789040.9995987,-8.653974364163764,-0.11176098883152008
1748789041.0330248,-8.64264542731196,-0.11511534452438354
1748789041.0665703,-8.63235095144288,-0.11784722656011581
1748789041.0999749,-8.620954928971525,-0.1196686327457428
1748789041.1333869,-8.607807121032668,-0.1219063252210617
1748789041.1667888,-8.596776268578585,-0.12245139479637146
1748789041.2001944,-8.58611848401301,-0.1236221194267273
1748789041.2336278,-8.575454305709393,-0.1243971511721611
1748789041.267037,-8.565137730858051,-0.12513311207294464
1748789041.3004458,-8.554107304459556,-0.12615731358528137
1748789041.334026,-8.543083253180457,-0.12651993334293365
1748789041.3674543,-8.5292307754835,-0.12667222321033478
1748789041.4008615,-8.518565117746585,-0.12672671675682068
1748789041.4342573,-8.504700662609698,-0.12704060971736908
1748789041.4676268,-8.497579697734283,-0.12711909413337708
1748789041.5013433,-8.482622153565176,-0.12612521648406982
1748789041.5347414,-8.472302245401753,-0.12666022777557373
1748789041.5681283,-8.461635303850942,-0.1256764680147171
1748789041.601548,-8.447400351578128,-0.12533797323703766
1748789041.6349745,-8.436720648428713,-0.12548190355300903
1748789041.6684027,-8.426057488148189,-0.12446951866149902
1748789041.7017703,-8.41183339416587,-0.1238643079996109
1748789041.735205,-8.400776852616714,-0.12361583858728409
1748789041.7686114,-8.390457626895618,-0.12268569320440292
1748789041.8020167,-8.37979334125302,-0.12183418869972229
1748789041.8354518,-8.365928271200692,-0.12073332816362381
1748789041.8688998,-8.354906376998832,-0.1201263964176178
1748789041.9023156,-8.344245224220746,-0.11799796670675278
1748789041.9357226,-8.333928375800369,-0.11718747019767761
1748789041.9691198,-8.323264386724187,-0.11603964865207672
1748789042.0026038,-8.312241961534626,-0.11515702307224274
1748789042.0360253,-8.301586420520657,-0.1136968657374382
1748789042.0694375,-8.291313589476676,-0.11092881113290787
1748789042.102838,-8.280289425667647,-0.1097843125462532
1748789042.136244,-8.269980670985609,-0.10859516263008118
1748789042.1696951,-8.258962322109056,-0.10645606368780136
1748789042.2030964,-8.248646247561565,-0.10530391335487366
1748789042.236481,-8.234090664454685,-0.10251066088676453
1748789042.2698803,-8.223435778497425,-0.10071954876184464
1748789042.3038194,-8.212779449527746,-0.0983630120754242
1748789042.3372293,-8.20206223267071,-0.09702888131141663
1748789042.3706338,-8.187793176794777,-0.09352321922779083
1748789042.4040315,-8.177075032930295,-0.092117078602314
1748789042.4376132,-8.162839185834859,-0.0899202823638916
1748789042.471023,-8.152184272415944,-0.08751188218593597
1748789042.5044267,-8.141539612614169,-0.08512488007545471
1748789042.53783,-8.130861880832395,-0.08376981317996979
1748789042.571234,-8.12019349821971,-0.08206608146429062
1748789042.6047084,-8.105991447750268,-0.07941918820142746
1748789042.6381085,-8.095659771630906,-0.07726318389177322
1748789042.671515,-8.081422456752167,-0.07417383790016174
1748789042.7050092,-8.07393722596454,-0.0720730870962143
1748789042.7384074,-8.059688615150643,-0.07035848498344421
1748789042.771972,-8.049030310748131,-0.06721697747707367
1748789042.8053799,-8.034839144415313,-0.0653499960899353
1748789042.8387778,-8.027727677684354,-0.06531085819005966
1748789042.8721807,-8.01746429736032,-0.06354248523712158
1748789042.9055877,-8.006550413391224,-0.06060102581977844
1748789042.9390025,-7.9959072586351265,-0.059163130819797516
1748789042.9724014,-7.9852556092102445,-0.05931608006358147
1748789043.005807,-7.970714674197801,-0.05523740127682686
1748789043.0392272,-7.960806463126441,-0.05427609011530876
1748789043.0726545,-7.953454601580006,-0.05521725118160248
1748789043.1061146,-7.94797635199578,-0.0541270449757576
1748789043.1395233,-7.94330490910114,-0.052864864468574524
1748789043.1729271,-7.939047195702219,-0.05290650948882103
1748789043.2063315,-7.934359091765673,-0.051950886845588684
1748789043.239735,-7.930904597807242,-0.05175360292196274
1748789043.2731433,-7.927459565115404,-0.05276470631361008
1748789043.3066983,-7.9242822354450935,-0.0521540567278862
1748789043.3401022,-7.9210127551514065,-0.05286499857902527
1748789043.373532,-7.917601831915509,-0.05175117403268814
1748789043.4070845,-7.9143935505524405,-0.05245409533381462
1748789043.440607,-7.911026295379148,-0.051398731768131256
1748789043.4741232,-7.906877891649003,-0.05143554136157036
1748789043.507781,-7.904643628822635,-0.05146549642086029
1748789043.5412524,-7.901229509464793,-0.05099814012646675
1748789043.5746574,-7.897271607942076,-0.050898268818855286
1748789043.608059,-7.894088107982217,-0.051929544657468796
1748789043.6414611,-7.890763924446927,-0.051704417914152145
1748789043.6748664,-7.88860917085063,-0.0528518408536911
1748789043.7082672,-7.884261565182026,-0.05256262049078941
1748789043.741771,-7.881984995472795,-0.054355964064598083
1748789043.7751815,-7.878319006465931,-0.05474328622221947
1748789043.808583,-7.874911405800053,-0.057112596929073334
1748789043.8429108,-7.871231020176056,-0.058145903050899506
1748789043.876351,-7.867712751701915,-0.060529179871082306
1748789043.9097543,-7.864145362641039,-0.060567475855350494
1748789043.9432514,-7.860656793262165,-0.06264609098434448
1748789043.9766603,-7.856215368623323,-0.06397929787635803
1748789044.010072,-7.852837311328887,-0.06428353488445282
1748789044.0434766,-7.8495663580459,-0.06599420309066772
1748789044.078,-7.846190133444142,-0.0655311718583107
1748789044.1114786,-7.843019201979323,-0.06628359854221344
1748789044.1459234,-7.839079878353825,-0.06805160641670227
1748789044.1793334,-7.836014468182785,-0.06748420000076294
1748789044.2126987,-7.8329040577755435,-0.06930296868085861
1748789044.246189,-7.829902586166128,-0.06940323859453201
1748789044.2797682,-7.826973534048106,-0.06996519863605499
1748789044.3131666,-7.824098158459228,-0.06995367258787155
1748789044.3465748,-7.821263504168589,-0.07104526460170746
1748789044.3799763,-7.818534864801278,-0.07051399350166321
1748789044.4133842,-7.815671723388714,-0.07023006677627563
1748789044.446795,-7.812989082659607,-0.07118698954582214
1748789044.4802392,-7.8102533559288885,-0.07170618325471878
1748789044.5136542,-7.8075088983039524,-0.07169075310230255
1748789044.547056,-7.80400612889201,-0.07174164801836014
1748789044.5805311,-7.8016086958079125,-0.07259887456893921
1748789044.6141489,-7.799155952545211,-0.07153438031673431
1748789044.647553,-7.796754290027154,-0.07271842658519745
1748789044.6811495,-7.7928902678360075,-0.07263264805078506
1748789044.7148209,-7.791269251984219,-0.07351657003164291
1748789044.748221,-7.788990788793533,-0.07189792394638062
1748789044.781638,-7.786749985499304,-0.0730690062046051
1748789044.8150518,-7.784622356811174,-0.07419870793819427
1748789044.8486001,-7.782466328700506,-0.07279039919376373
1748789044.8820148,-7.78034575329728,-0.07225170731544495
1748789044.9154742,-7.778365101168901,-0.07223712652921677
1748789044.9488938,-7.77633222858015,-0.07331711053848267
1748789044.9822938,-7.774393195566939,-0.07238662987947464
1748789045.015932,-7.772360950773803,-0.07304346561431885
1748789045.0493412,-7.770358623187181,-0.07374003529548645
1748789045.0828624,-7.767896769583698,-0.0730651468038559
1748789045.116286,-7.766628916091939,-0.0737113431096077
1748789045.1501343,-7.764669933368995,-0.0741083100438118
1748789045.1835227,-7.762801304227011,-0.07453534752130508
1748789045.2170174,-7.761041148218116,-0.07567252218723297
1748789045.2505953,-7.759137470455149,-0.07534782588481903
1748789045.284026,-7.757361982427889,-0.07674010097980499
1748789045.317466,-7.7556189576077745,-0.07620936632156372
1748789045.350862,-7.7538461150362705,-0.07596960663795471
1748789045.38426,-7.752221537647904,-0.07632480561733246
1748789045.4177477,-7.750565605780673,-0.07726999372243881
1748789045.4513054,-7.748318602210165,-0.07652363926172256
1748789045.4849215,-7.74676914488803,-0.07668762654066086
1748789045.518423,-7.745197688463111,-0.07729708403348923
1748789045.5518272,-7.743102969515863,-0.07696664333343506
1748789045.5853393,-7.741964108040996,-0.07831940054893494
1748789045.618745,-7.74036186598708,-0.07725239545106888
1748789045.6521463,-7.738788411542906,-0.0769558697938919
1748789045.685549,-7.737234992380851,-0.07766646146774292
1748789045.718979,-7.735627658532897,-0.0769306942820549
1748789045.7529602,-7.734190771116877,-0.07741313427686691
1748789045.7863672,-7.732655715834485,-0.07724060863256454
1748789045.8198147,-7.731346295626404,-0.07701880484819412
1748789045.853284,-7.73006087094632,-0.07821106165647507
1748789045.8867817,-7.728724033037736,-0.07821625471115112
1748789045.9201782,-7.727464454555737,-0.07776742428541183
1748789045.9535828,-7.7261917462511,-0.07762443274259567
1748789045.9869976,-7.724960901262917,-0.07834581285715103
1748789046.0203717,-7.723765709632403,-0.07797997444868088
1748789046.0537875,-7.7224366063210566,-0.07862264662981033
1748789046.0871887,-7.720852096619795,-0.07795918732881546
1748789046.1205935,-7.720052334997809,-0.07758185267448425
1748789046.1539826,-7.71844011598134,-0.07769344002008438
1748789046.187381,-7.717307097147219,-0.07794678211212158
1748789046.2208087,-7.716145630481618,-0.0773378312587738
1748789046.2542343,-7.71505317152336,-0.07728864252567291
1748789046.2876623,-7.7139351658253545,-0.0780002772808075
1748789046.3210454,-7.712841913274631,-0.07812441885471344
1748789046.3547413,-7.711773454514306,-0.07737377285957336
1748789046.3881466,-7.710704038072821,-0.0773434042930603
1748789046.4215486,-7.709321665678421,-0.07805298268795013
1748789046.455025,-7.708274418580598,-0.07801856845617294
1748789046.488439,-7.707286853453464,-0.07804295420646667
1748789046.5218608,-7.706233542829908,-0.07818035036325455
1748789046.5552654,-7.70532982500369,-0.07781411707401276
1748789046.588668,-7.704374436068079,-0.07805205881595612
1748789046.6220815,-7.703401725678756,-0.07822419703006744
1748789046.655488,-7.70245408162559,-0.07818544656038284
1748789046.6888912,-7.7015363549137295,-0.07774918526411057
1748789046.7222962,-7.700342196886252,-0.07850666344165802
1748789046.7557113,-7.699477322003375,-0.07833704352378845
1748789046.7891324,-7.698233621314921,-0.07811274379491806
1748789046.8225396,-7.697672992706474,-0.07863354682922363
1748789046.8560805,-7.696505239241037,-0.07858950644731522
1748789046.889498,-7.6957092756749645,-0.07880036532878876
1748789046.922937,-7.694877501357904,-0.07888612151145935
1748789046.9563339,-7.694088854988555,-0.07887531816959381
1748789046.9897413,-7.693176090688849,-0.07887594401836395
1748789047.0231245,-7.692787985229212,-0.07889670133590698
1748789047.0565257,-7.692575518359868,-0.07889939099550247
1748789047.089968,-7.692447752187482,-0.0789036750793457
1748789047.1234062,-7.692399896324245,-0.07890590280294418
1748789047.1569095,-7.692375482189594,-0.07890709489583969
1748789047.1903143,-7.692362072844719,-0.0789078027009964
1748789047.2237911,-7.69235247082841,-0.0789082869887352
1748789047.2573123,-7.692348144184899,-0.07890871912240982
1748789047.290953,-7.692345255967137,-0.07890945672988892
1748789047.3243663,-7.692343317900199,-0.07890985161066055
1748789047.3577754,-7.692341358235492,-0.07891032099723816
1748789047.3911843,-7.692339422770137,-0.07891076803207397
1748789047.4246206,-7.692337951997572,-0.07891145348548889
1748789047.458119,-7.692336513974356,-0.07891175150871277
1748789047.49155,-7.6923350235859305,-0.07891207933425903
1748789047.5249527,-7.692333065841565,-0.0789126455783844
1748789047.5583627,-7.692331585952293,-0.07891307026147842
1748789047.592325,-7.692329671483051,-0.07891369611024857
1748789047.6257222,-7.692328190780289,-0.07891415804624557
1748789047.6591206,-7.692326712595398,-0.07891418784856796
1748789047.6926696,-7.69232475170196,-0.07891475409269333
1748789047.7260807,-7.6923232433727655,-0.07891520857810974
1748789047.7594848,-7.692321805246779,-0.07891586422920227
1748789047.7928925,-7.692320321872055,-0.07891622185707092
1748789047.826356,-7.6923186896707865,-0.07891639322042465
1748789047.8597956,-7.692317197407955,-0.07891692966222763
1748789047.893239,-7.692315245637199,-0.07891739904880524
1748789047.9267726,-7.692313273912813,-0.07891800999641418
1748789047.9601789,-7.692312268738515,-0.07891836017370224
1748789047.9935918,-7.692310831683051,-0.07891867309808731
1748789048.0270147,-7.6923084167610165,-0.07891921699047089
1748789048.0604212,-7.692307226865166,-0.07891955971717834
1748789048.094424,-7.692305736309785,-0.07891986519098282
1748789048.127808,-7.692304260376389,-0.0789204016327858
1748789048.161222,-7.692302782667063,-0.07892075181007385
1748789048.1946263,-7.69230129701552,-0.07892115414142609
1748789048.228032,-7.692299747559971,-0.0789215937256813
1748789048.2614298,-7.69229778972166,-0.07892219722270966
1748789048.294976,-7.692296304672628,-0.078922338783741
1748789048.3284276,-7.692294868080845,-0.07892288267612457
1748789048.3627908,-7.69229338276813,-0.07892344146966934
1748789048.3962588,-7.692291413049769,-0.07892365008592606
1748789048.4298155,-7.692289935302095,-0.07892429828643799
1748789048.463353,-7.692288442898154,-0.07892461121082306
1748789048.4967816,-7.692287007877632,-0.07892514020204544
1748789048.5302508,-7.692285529828112,-0.07892557233572006
1748789048.563658,-7.692284029785437,-0.07892579585313797
1748789048.597055,-7.692282055698906,-0.07892655581235886
1748789048.6307137,-7.6922805555883835,-0.078926682472229
1748789048.6644864,-7.6922785915166125,-0.07892707735300064
1748789048.6979277,-7.69227705915476,-0.07892762124538422
1748789048.7313428,-7.692275573729455,-0.07892817258834839
1748789048.7648034,-7.692273602187097,-0.0789283812046051
1748789048.7987921,-7.692272118068375,-0.07892902940511703
1748789048.8323822,-7.692270662542984,-0.0789293423295021
1748789048.8657973,-7.692269229442728,-0.07892987132072449
1748789048.8992283,-7.692267754908639,-0.07893030345439911
1748789048.9326262,-7.692266304188009,-0.07893052697181702
1748789048.966051,-7.692264817260472,-0.0789310485124588
1748789048.9995174,-7.69226331641323,-0.07893139868974686
1748789049.032919,-7.692261877239873,-0.07893171161413193
1748789049.066358,-7.692260383127372,-0.07893223315477371
1748789049.0998073,-7.692258907256725,-0.07893257588148117
1748789049.1332612,-7.692257429683468,-0.07893296331167221
1748789049.1666694,-7.692255995425978,-0.07893331348896027
1748789049.200053,-7.692253986082479,-0.0789337083697319
1748789049.2334907,-7.6922525494289005,-0.07893430441617966
1748789049.2669384,-7.692251060356362,-0.0789344385266304
1748789049.3004148,-7.692249100231011,-0.07893511652946472
1748789049.3338137,-7.692247135724282,-0.07893550395965576
1748789049.367213,-7.692246177262709,-0.07893598079681396
1748789049.4006577,-7.69224469626291,-0.07893628627061844
1748789049.4341938,-7.692243720348247,-0.07893675565719604
1748789049.468559,-7.692241266471981,-0.07893723994493484
1748789049.5020115,-7.692239823905057,-0.0789375975728035
1748789049.5354047,-7.69223838744529,-0.07893798500299454
1748789049.5688086,-7.692236915987859,-0.07893837243318558
1748789049.6022177,-7.692235426292353,-0.0789387971162796
1748789049.6357596,-7.692234431416625,-0.07893915474414825
1748789049.6691742,-7.692232995071078,-0.07893957942724228
1748789049.7026048,-7.692230987353006,-0.07893992960453033
1748789049.7360036,-7.692229497537814,-0.07894027978181839
1748789049.7694361,-7.692227971606221,-0.07894092798233032
1748789049.802942,-7.692226488726837,-0.07894105464220047
1748789049.836343,-7.692225004864555,-0.078941710293293
1748789049.8701127,-7.692223040211987,-0.07894183695316315
1748789049.903535,-7.69222112355471,-0.07894251495599747
1748789049.936943,-7.692220124415821,-0.07894299179315567
1748789049.970349,-7.69221863466611,-0.07894337922334671
1748789050.0039873,-7.690215401542124,-0.0786501094698906
1748789050.0374303,-7.686536607348085,-0.07924884557723999
1748789050.070875,-7.679231612410061,-0.08214229345321655
1748789050.1044126,-7.670756652801573,-0.08482333272695541
1748789050.137847,-7.662724566016354,-0.09647366404533386
1748789050.1712542,-7.652108243667259,-0.10515713691711426
1748789050.2046824,-7.643670652155336,-0.10737266391515732
1748789050.2380898,-7.635200172929138,-0.10787463933229446
1748789050.2714992,-7.62594983128344,-0.11162284761667252
1748789050.3050911,-7.617385077777271,-0.12104030698537827
1748789050.338534,-7.612497313070145,-0.13040512800216675
1748789050.3719382,-7.605328888688027,-0.13939128816127777
1748789050.40536,-7.598225377087834,-0.14395712316036224
1748789050.438764,-7.59090965719584,-0.14486581087112427
1748789050.4721608,-7.584620193390067,-0.15262320637702942
1748789050.5056243,-7.576023024337257,-0.15949353575706482
1748789050.5392368,-7.569101342868153,-0.1692880392074585
1748789050.5726473,-7.561937896363196,-0.1770196110010147
1748789050.606094,-7.554444660474377,-0.18517370522022247
1748789050.639506,-7.5473522044188766,-0.1932244598865509
1748789050.672916,-7.540265026188148,-0.2016804963350296
1748789050.7063704,-7.532639138663552,-0.2095886468887329
1748789050.7397833,-7.525248101605668,-0.2181970626115799
1748789050.7732227,-7.517844793946052,-0.22641482949256897
1748789050.8073826,-7.510682004178041,-0.23469479382038116
1748789050.8407884,-7.503022945283555,-0.2425508350133896
1748789050.874191,-7.495611074300888,-0.25104454159736633
1748789050.9076133,-7.485999643303688,-0.25911593437194824
1748789050.9410584,-7.480589558061686,-0.267837792634964
1748789050.9744675,-7.470896046583101,-0.27565890550613403
1748789051.0080407,-7.463003702790628,-0.28386157751083374
1748789051.041443,-7.455967256861675,-0.29286229610443115
1748789051.0748432,-7.448850888770116,-0.30073782801628113
1748789051.1083589,-7.439041387753613,-0.3089604079723358
1748789051.1417615,-7.431664755595674,-0.3198518455028534
1748789051.1751642,-7.424497880006962,-0.3279065489768982
1748789051.2085617,-7.417103880597902,-0.3359473645687103
1748789051.2419672,-7.409452502538704,-0.3444899916648865
1748789051.2753754,-7.401545111876902,-0.3527643084526062
1748789051.3089979,-7.394379216148099,-0.36077094078063965
1748789051.3423972,-7.38473512485175,-0.369292676448822
1748789051.3758006,-7.377334849049153,-0.38044652342796326
1748789051.409223,-7.3676954241142605,-0.3883911967277527
1748789051.4426675,-7.362512597963495,-0.3972577452659607
1748789051.476294,-7.355106144858449,-0.40526777505874634
1748789051.5098279,-7.347943601932939,-0.41355225443840027
1748789051.5432448,-7.340288536519737,-0.4218460023403168
1748789051.576648,-7.332879268343337,-0.4298606514930725
1748789051.6100461,-7.325717661253109,-0.43870291113853455
1748789051.6434548,-7.318061764589417,-0.44671547412872314
1748789051.676846,-7.310651525568657,-0.4547261893749237
1748789051.7102532,-7.303244955177526,-0.4633238911628723
1748789051.7437403,-7.295835900538698,-0.4716222882270813
1748789051.7771401,-7.2884241169090584,-0.47990915179252625
1748789051.8105433,-7.281015825608333,-0.4885035753250122
1748789051.843946,-7.273601153577026,-0.4967368543148041
1748789051.8773363,-7.2661924152445865,-0.5047885179519653
1748789051.9108245,-7.256548300928793,-0.5158014297485352
1748789051.9445732,-7.248893675709877,-0.5240925550460815
1748789051.9779682,-7.241457184984277,-0.5321190357208252
1748789052.0113742,-7.233844369232876,-0.5405607223510742
1748789052.044788,-7.226613023080185,-0.5481809973716736
1748789052.078279,-7.219220648820352,-0.5565274357795715
1748789052.1116908,-7.211832216979163,-0.5644639134407043
1748789052.1451147,-7.204444169054259,-0.57272869348526
1748789052.1786084,-7.197056155271504,-0.5812580585479736
1748789052.2120073,-7.189655807708826,-0.5897471308708191
1748789052.2453995,-7.1798099965010795,-0.597887396812439
1748789052.2788029,-7.172176419032932,-0.6093952655792236
1748789052.3122082,-7.164966377822563,-0.6167633533477783
1748789052.3456087,-7.1575599744353795,-0.6253947615623474
1748789052.3790653,-7.149939821037134,-0.6339090466499329
1748789052.4125016,-7.142725413554632,-0.641392707824707
1748789052.445906,-7.132757981463164,-0.6491159200668335
1748789052.4793167,-7.12567533075459,-0.6605964303016663
1748789052.5127437,-7.118014277714647,-0.6684958338737488
1748789052.5461657,-7.110543504849693,-0.6765602231025696
1748789052.5796282,-7.105597538149754,-0.6820984482765198
1748789052.613016,-7.098146727429766,-0.6895708441734314
1748789052.646561,-7.090921436161015,-0.697472095489502
1748789052.6799583,-7.080950241895318,-0.7073783874511719
1748789052.7133934,-7.073657350641448,-0.7163535952568054
1748789052.7471073,-7.068434470323051,-0.7216458320617676
1748789052.7805202,-7.060702162826717,-0.7294109463691711
1748789052.8139248,-7.053296113738379,-0.7376510500907898
1748789052.84733,-7.046087167747388,-0.7454356551170349
1748789052.880735,-7.036267149860743,-0.7541848421096802
1748789052.9142344,-7.031242811909718,-0.7613463401794434
1748789052.947909,-7.0239118811375105,-0.7704862356185913
1748789052.9813604,-7.013760875329468,-0.7803932428359985
1748789053.0147595,-7.006737422138825,-0.7873151302337646
1748789053.0482078,-7.0019867555135225,-0.7972730398178101
1748789053.0816138,-6.991728643761498,-0.8045702576637268
1748789053.1151059,-6.984397710380641,-0.8131831288337708
1748789053.14853,-6.9771239260453175,-0.8238630890846252
1748789053.181927,-6.970121264770181,-0.8279337286949158
1748789053.215376,-6.960521737065565,-0.8365122675895691
1748789053.2487776,-6.955926656498579,-0.847675085067749
1748789053.2821822,-6.948865187694011,-0.8541531562805176
1748789053.3157125,-6.941877048399353,-0.8640407919883728
1748789053.349307,-6.931835746457022,-0.872418224811554
1748789053.3827062,-6.925099410964488,-0.8856721520423889
1748789053.4161055,-6.91755056353285,-0.8907791972160339
1748789053.4495156,-6.910813462655553,-0.8999465703964233
1748789053.482963,-6.903487126274947,-0.90894615650177
1748789053.517439,-6.896465521337681,-0.9177888631820679
1748789053.5508432,-6.8890425142752365,-0.928066611289978
1748789053.584303,-6.881939886561908,-0.9370815753936768
1748789053.6177132,-6.874335853263042,-0.9464762806892395
1748789053.6511195,-6.866823437373408,-0.9563540816307068
1748789053.6845345,-6.859538890870953,-0.9640553593635559
1748789053.7179427,-6.852414064835871,-0.9736571311950684
1748789053.7513893,-6.844808404075084,-0.9825659394264221
1748789053.7847936,-6.837336535589653,-0.9913861155509949
1748789053.8181984,-6.829987446525897,-1.0008447170257568
1748789053.8516057,-6.8226152667732665,-1.010017991065979
1748789053.8850875,-6.815114767217207,-1.0180896520614624
1748789053.9184918,-6.80538002241535,-1.030447244644165
1748789053.951906,-6.798283681658623,-1.0397425889968872
1748789053.9852855,-6.79332533135107,-1.0455430746078491
1748789054.0188103,-6.7857423956967615,-1.0548079013824463
1748789054.0523767,-6.776062200773459,-1.0660107135772705
1748789054.085785,-6.768544825380713,-1.0756840705871582
1748789054.1200273,-6.761158471551687,-1.0846019983291626
1748789054.1534328,-6.753726771036673,-1.0932931900024414
1748789054.1868286,-6.744066291668952,-1.1015976667404175
1748789054.2210593,-6.736457371380518,-1.1138949394226074
1748789054.254463,-6.729023582643705,-1.1224150657653809
1748789054.2879126,-6.721579983574462,-1.1306647062301636
1748789054.3213155,-6.714321116951201,-1.1407467126846313
1748789054.3547814,-6.704318372519472,-1.1486995220184326
1748789054.3881872,-6.696894271792184,-1.1571407318115234
1748789054.4216156,-6.689530466784149,-1.1686633825302124
1748789054.4550962,-6.681890689045563,-1.177718997001648
1748789054.4885125,-6.673193296652509,-1.1849761009216309
1748789054.521914,-6.6632365433785266,-1.1924229860305786
1748789054.555317,-6.65321194028342,-1.2009758949279785
1748789054.589202,-6.642949705105172,-1.2093415260314941
1748789054.6226187,-6.62909918247691,-1.221327781677246
1748789054.6560695,-6.618947986098183,-1.2297011613845825
1748789054.68947,-6.608063912606925,-1.2376072406768799
1748789054.7228804,-6.597619514551547,-1.2466795444488525
1748789054.7563827,-6.583888738022705,-1.2541173696517944
1748789054.7897882,-6.576562688155781,-1.2635633945465088
1748789054.8232298,-6.566130385551106,-1.2728278636932373
1748789054.8566337,-6.555871950772995,-1.2805876731872559
1748789054.8900704,-6.541559547551205,-1.2923922538757324
1748789054.9254334,-6.53452084735678,-1.3009130954742432
1748789054.9588947,-6.520834682200675,-1.3092856407165527
1748789054.992303,-6.509986942236022,-1.3180580139160156
1748789055.0257397,-6.499775249340414,-1.3260290622711182
1748789055.059151,-6.488859743395117,-1.3338751792907715
1748789055.0925581,-6.477541964369053,-1.3415415287017822
1748789055.125975,-6.467719036377616,-1.3489326238632202
1748789055.1594183,-6.457130434713332,-1.3562003374099731
1748789055.1930285,-6.44656832625882,-1.3635215759277344
1748789055.2264235,-6.435990057504301,-1.3704975843429565
1748789055.2598302,-6.425386518711386,-1.3770886659622192
1748789055.293245,-6.411652662531348,-1.3839514255523682
1748789055.3266554,-6.404244438870067,-1.390966534614563
1748789055.3600621,-6.393669791738171,-1.3977800607681274
1748789055.3934767,-6.383070319795896,-1.4038026332855225
1748789055.426884,-6.372444317730717,-1.409863829612732
1748789055.460437,-6.362236828987369,-1.4165643453598022
1748789055.4938822,-6.351281012746383,-1.4223328828811646
1748789055.5277092,-6.340993223492609,-1.4274530410766602
1748789055.5611172,-6.330045756855524,-1.4332879781723022
1748789055.5945194,-6.3190650736499645,-1.4383113384246826
1748789055.62792,-6.3091660771563385,-1.4433324337005615
1748789055.6613193,-6.298208503288161,-1.4486232995986938
1748789055.6947494,-6.287940864732314,-1.453382134437561
1748789055.72816,-6.276982049487089,-1.458587408065796
1748789055.761603,-6.266354476488198,-1.4631624221801758
1748789055.7950144,-6.255737497904374,-1.4677404165267944
1748789055.8284216,-6.24545485174875,-1.4718501567840576
1748789055.8618283,-6.234481666705252,-1.4762067794799805
1748789055.8952284,-6.220296255609253,-1.481367588043213
1748789055.928672,-6.21323128525936,-1.4844025373458862
1748789055.9620757,-6.1986998088479845,-1.4895546436309814
1748789055.995605,-6.188405052057251,-1.4931576251983643
1748789056.0290601,-6.177793584742008,-1.4974831342697144
1748789056.0624871,-6.167138636929229,-1.5006557703018188
1748789056.0958896,-6.152624031510784,-1.5061391592025757
1748789056.1293263,-6.141616795908514,-1.5093666315078735
1748789056.162734,-6.131666793534962,-1.5121630430221558
1748789056.1961434,-6.1210261284568235,-1.5152785778045654
1748789056.2295444,-6.110344476332521,-1.517022967338562
1748789056.2629585,-6.099367669022591,-1.5204333066940308
1748789056.2965176,-6.089080604433991,-1.5233522653579712
1748789056.329946,-6.07839500140045,-1.5253043174743652
1748789056.3638108,-6.067745501280685,-1.5277668237686157
1748789056.397233,-6.057488379744561,-1.531406283378601
1748789056.430729,-6.0464561826703935,-1.5337811708450317
1748789056.4641354,-6.032561801546852,-1.5351217985153198
1748789056.4975486,-6.025112576091658,-1.537951111793518
1748789056.531096,-6.010902371481648,-1.5403099060058594
1748789056.5644617,-6.004140544064423,-1.5416538715362549
1748789056.5981224,-5.993137651389405,-1.5442863702774048
1748789056.6315372,-5.982462836228446,-1.5461289882659912
1748789056.6649654,-5.968201511613472,-1.5475270748138428
1748789056.6983895,-5.957896987041624,-1.549448013305664
1748789056.7317894,-5.946864299033432,-1.550980567932129
1748789056.7651947,-5.936180423895848,-1.5521612167358398
1748789056.7988136,-5.9255062659040725,-1.5529133081436157
1748789056.8324068,-5.9148574280684505,-1.5552599430084229
1748789056.8659117,-5.904192942689195,-1.5564290285110474
1748789056.8993144,-5.893521086051281,-1.5574451684951782
1748789056.932887,-5.8828717285439,-1.5590265989303589
1748789056.966311,-5.8722142213802195,-1.5597578287124634
1748789056.9997933,-5.861563544392472,-1.561174750328064
1748789057.0332716,-5.847344238366588,-1.5623434782028198
1748789057.0666716,-5.837014409225554,-1.562943458557129
1748789057.1001549,-5.826340620818904,-1.5641916990280151
1748789057.1346283,-5.815315652806295,-1.5650619268417358
1748789057.168081,-5.8042950064538745,-1.5657776594161987
1748789057.201722,-5.7904343777524465,-1.5665663480758667
1748789057.23517,-5.783325172993801,-1.5672059059143066
1748789057.2685773,-5.772663832376727,-1.5687296390533447
1748789057.3028643,-5.758421457924828,-1.568838357925415
1748789057.3368614,-5.747396817175108,-1.5696935653686523
1748789057.3705015,-5.737081493585208,-1.5709284543991089
1748789057.4039478,-5.726756955382818,-1.5710088014602661
1748789057.4373462,-5.715726259752014,-1.5712953805923462
1748789057.470749,-5.701459167329872,-1.5727357864379883
1748789057.50416,-5.69076602825901,-1.5729097127914429
1748789057.5375624,-5.680086739320994,-1.5729103088378906
1748789057.5709646,-5.6683436400467375,-1.5729304552078247
1748789057.6043544,-5.659095061158487,-1.5732450485229492
1748789057.637799,-5.648436011272044,-1.5738677978515625
1748789057.671252,-5.637404079833542,-1.5741628408432007
1748789057.7049441,-5.62635245020349,-1.5737674236297607
1748789057.7384863,-5.61566131632967,-1.5741260051727295
1748789057.7718956,-5.605626255703774,-1.5744277238845825
1748789057.8055255,-5.59802948446162,-1.5755507946014404
1748789057.8390033,-5.592076776229926,-1.5750399827957153
1748789057.8724265,-5.587627797840427,-1.5755224227905273
1748789057.9058833,-5.582353291802878,-1.5762289762496948
1748789057.9393203,-5.578854225422702,-1.576567530632019
1748789057.9727197,-5.575601387279869,-1.5762455463409424
1748789058.0061297,-5.5723062723278565,-1.5760921239852905
1748789058.0395362,-5.568827282484832,-1.5761728286743164
1748789058.0729933,-5.564605530254107,-1.576678991317749
1748789058.1064143,-5.561408625095959,-1.5769178867340088
1748789058.1408396,-5.558207796674514,-1.5766502618789673
1748789058.17425,-5.5550179012486005,-1.577791452407837
1748789058.2076545,-5.551807960353104,-1.5779383182525635
1748789058.2420459,-5.547642350570439,-1.5786652565002441
1748789058.2755115,-5.544413284697384,-1.578562617301941
1748789058.3089533,-5.540973445545566,-1.5797905921936035
1748789058.3423579,-5.537936032597815,-1.5800496339797974
1748789058.375763,-5.534581763316895,-1.5803886651992798
1748789058.4091682,-5.531376203802841,-1.5818415880203247
1748789058.442579,-5.528153258278837,-1.5823801755905151
1748789058.4759774,-5.523876615714246,-1.5830191373825073
1748789058.5093825,-5.5206766176898965,-1.5840202569961548
1748789058.5428348,-5.517476665345005,-1.5844687223434448
1748789058.5763023,-5.513071841712184,-1.584381341934204
1748789058.6097066,-5.509238831796876,-1.5856701135635376
1748789058.6431785,-5.5054314184679765,-1.5864750146865845
1748789058.6766067,-5.5014436737902646,-1.5869340896606445
1748789058.71003,-5.4975698912836375,-1.589167594909668
1748789058.743432,-5.492192438891545,-1.5906814336776733
1748789058.776845,-5.488377877601522,-1.5910565853118896
1748789058.8101969,-5.484693814728013,-1.5933256149291992
1748789058.8435972,-5.4807114509068855,-1.5939327478408813
1748789058.8769934,-5.476960580710272,-1.5961406230926514
1748789058.9104002,-5.473173918059977,-1.5963575839996338
1748789058.9438043,-5.469663829513795,-1.598852276802063
1748789058.9772086,-5.46582211934119,-1.5986953973770142
1748789059.0106359,-5.461036579570656,-1.600652813911438
1748789059.0440857,-5.458802790532621,-1.6018608808517456
1748789059.0774832,-5.455208628505937,-1.6028923988342285
1748789059.1108856,-5.451662382977893,-1.6035770177841187
1748789059.1443105,-5.448517303770313,-1.6033802032470703
1748789059.1776936,-5.444059198266909,-1.604667067527771
1748789059.211097,-5.442001814523442,-1.6047669649124146
1748789059.2446926,-5.437704347915312,-1.6064428091049194
1748789059.278096,-5.434501018368741,-1.6064356565475464
1748789059.311505,-5.432430191031833,-1.6071763038635254
1748789059.3449123,-5.429172734466248,-1.6080114841461182
1748789059.378332,-5.426281015194362,-1.6087355613708496
1748789059.4117773,-5.4233452654227605,-1.6084680557250977
1748789059.4451828,-5.419534925604269,-1.6100947856903076
1748789059.478614,-5.416670912051734,-1.6095473766326904
1748789059.512036,-5.413886487978337,-1.6109025478363037
1748789059.5455651,-5.411036924473049,-1.6115251779556274
1748789059.5790617,-5.40849290422341,-1.611213207244873
1748789059.6129742,-5.405837375542211,-1.6116077899932861
1748789059.6463938,-5.403059844851909,-1.6123055219650269
1748789059.6797976,-5.400657660514589,-1.612497329711914
1748789059.7132084,-5.397200515013344,-1.6134856939315796
1748789059.7466085,-5.395602271209262,-1.6132595539093018
1748789059.7800426,-5.39308025728418,-1.6140429973602295
1748789059.8134837,-5.3907979852169055,-1.6151626110076904
1748789059.8470562,-5.388425676220383,-1.6150522232055664
1748789059.8804827,-5.386036932034527,-1.615968942642212
1748789059.9138992,-5.383749611688233,-1.6165788173675537
1748789059.947379,-5.381496703179185,-1.6175583600997925
1748789059.980827,-5.379207083294514,-1.616921067237854
1748789060.0143282,-5.376931032957079,-1.6176508665084839
1748789060.047691,-5.374728158035952,-1.617098331451416
1748789060.0811203,-5.372602171809565,-1.6187223196029663
1748789060.1146946,-5.370501161496842,-1.6189756393432617
1748789060.148463,-5.36844735335932,-1.6178932189941406
1748789060.1818855,-5.366580519136185,-1.6194437742233276
1748789060.2152872,-5.363840301649641,-1.619983434677124
1748789060.2487292,-5.362502891299094,-1.6194872856140137
1748789060.2821856,-5.360551004576084,-1.6197690963745117
1748789060.315715,-5.358653413972072,-1.6202104091644287
1748789060.3491406,-5.356131874936297,-1.6201635599136353
1748789060.3825006,-5.354346169423505,-1.620628833770752
1748789060.4158998,-5.352540431177842,-1.6215893030166626
1748789060.4492972,-5.350748033637743,-1.621841311454773
1748789060.482736,-5.348887941114368,-1.6225390434265137
1748789060.516142,-5.347232936162763,-1.622773289680481
1748789060.5496068,-5.344918754620929,-1.62326979637146
1748789060.5831208,-5.3433085574955435,-1.6234643459320068
1748789060.616519,-5.341668150571331,-1.6244585514068604
1748789060.6506882,-5.34008316641925,-1.624457836151123
1748789060.6840978,-5.338483461679713,-1.6250379085540771
1748789060.717717,-5.3369048563856945,-1.625593900680542
1748789060.7511156,-5.3347714796998895,-1.6252511739730835
1748789060.7845204,-5.333183122081215,-1.6259711980819702
1748789060.8179615,-5.331596239164687,-1.62521231174469
1748789060.851386,-5.33001499355203,-1.6260476112365723
1748789060.884798,-5.328492979742461,-1.6254953145980835
1748789060.9182644,-5.327081003676265,-1.6248880624771118
1748789060.9516687,-5.325581398384187,-1.6254204511642456
1748789060.9852276,-5.32370988333826,-1.6248067617416382
1748789061.0186317,-5.3227250915342985,-1.6254633665084839
1748789061.0528271,-5.320964558973512,-1.6251320838928223
1748789061.0866818,-5.319656565596499,-1.6250725984573364
1748789061.1201575,-5.318327246493673,-1.6250112056732178
1748789061.1535592,-5.317072356714561,-1.6249871253967285
1748789061.1869593,-5.316249610780512,-1.6249995231628418
1748789061.2204041,-5.314673653379681,-1.6250337362289429
1748789061.2538025,-5.313453132233474,-1.6250211000442505
1748789061.287205,-5.311928383720408,-1.6250483989715576
1748789061.3206851,-5.310414213209697,-1.6250334978103638
1748789061.354099,-5.309261858767777,-1.625038504600525
1748789061.3875544,-5.308530272099133,-1.625040054321289
1748789061.4210467,-5.307091698474317,-1.6250377893447876
1748789061.4544852,-5.30603131023945,-1.6250362396240234
1748789061.487885,-5.304987065325773,-1.6250369548797607
1748789061.5212896,-5.303958442911829,-1.6250364780426025
1748789061.554708,-5.30297973268157,-1.6250357627868652
1748789061.5881057,-5.301950898687242,-1.6250346899032593
1748789061.6215115,-5.301003359952459,-1.625035047531128
1748789061.6549892,-5.300006954865424,-1.6250336170196533
1748789061.6884003,-5.298774547714284,-1.6250396966934204
1748789061.7218049,-5.298119912886436,-1.6250379085540771
1748789061.7552354,-5.2968904985724174,-1.625070333480835
1748789061.7886796,-5.295991274052162,-1.6250684261322021
1748789061.8220792,-5.295126744545884,-1.6250776052474976
1748789061.8555691,-5.294250755041105,-1.6250784397125244
1748789061.8894432,-5.293100592780691,-1.6250998973846436
1748789061.922847,-5.292223990285185,-1.6251001358032227
1748789061.956249,-5.291424937021079,-1.6250792741775513
1748789061.989691,-5.290597891363882,-1.6250864267349243
1748789062.0230985,-5.289799794576276,-1.6250886917114258
1748789062.0565023,-5.288969472181912,-1.6251078844070435
1748789062.089901,-5.2881987236669765,-1.6250903606414795
1748789062.1234624,-5.2874963521907485,-1.6250892877578735
1748789062.1568615,-5.28709692562149,-1.6250927448272705
1748789062.1902711,-5.286890727237241,-1.6250971555709839
1748789062.2236843,-5.286773555597224,-1.6250977516174316
1748789062.2571235,-5.286713867594208,-1.6250985860824585
1748789062.2907503,-5.286674686239944,-1.6250978708267212
1748789062.324171,-5.2866603312314,-1.6250993013381958
1748789062.3576107,-5.286652024304307,-1.6250998973846436
1748789062.391023,-5.286645602910303,-1.625105381011963
1748789062.4244528,-5.286643089536905,-1.625101923942566
1748789062.457863,-5.286640162662448,-1.625105857849121
1748789062.491315,-5.286637113700253,-1.625105857849121
1748789062.5247176,-5.286635300666779,-1.6251062154769897
1748789062.5581393,-5.286633539729084,-1.625105857849121
1748789062.591626,-5.2866318353549415,-1.6251074075698853
1748789062.6250622,-5.286630040121816,-1.6251065731048584
1748789062.658462,-5.2866284795614,-1.6251081228256226
1748789062.6918786,-5.286626914441342,-1.6251076459884644
1748789062.7252889,-5.2866237033856915,-1.6251157522201538
1748789062.758712,-5.28662326608884,-1.6251085996627808
1748789062.792162,-5.286620968702192,-1.6251152753829956
1748789062.825566,-5.286619576529886,-1.6251130104064941
1748789062.8589926,-5.286616821727536,-1.6251150369644165
1748789062.8923929,-5.286615068741721,-1.6251142024993896
1748789062.9258704,-5.286613127867972,-1.6251158714294434
1748789062.959278,-5.286611244920511,-1.6251153945922852
1748789062.9926882,-5.286609682823967,-1.6251156330108643
1748789063.0264533,-5.28660715667774,-1.625116229057312
1748789063.059866,-5.286604404887199,-1.6251238584518433
1748789063.093405,-5.286604217292689,-1.6251176595687866
1748789063.1268003,-5.286602146588558,-1.6251225471496582
1748789063.1602032,-5.286601734637231,-1.6251229047775269
1748789063.193607,-5.2866002578328395,-1.625124216079712
1748789063.2271457,-5.286598664403287,-1.625123381614685
1748789063.2605577,-5.286596751999867,-1.625123143196106
1748789063.2940283,-5.286594596625614,-1.6251248121261597
1748789063.3274932,-5.28659321666607,-1.6251249313354492
1748789063.361876,-5.2865910105071725,-1.6251251697540283
1748789063.3952756,-5.286589515211318,-1.6251274347305298
1748789063.4286916,-5.286588032242604,-1.6251298189163208
1748789063.4629674,-5.286586788941899,-1.6251291036605835
1748789063.4963977,-5.286584098371382,-1.625131607055664
1748789063.529852,-5.286583086374635,-1.6251332759857178
1748789063.5633123,-5.286581745078578,-1.62513267993927
1748789063.5966785,-5.28658034514551,-1.6251308917999268
1748789063.630088,-5.286577954524217,-1.6251332759857178
1748789063.663588,-5.286575648391455,-1.6251336336135864
1748789063.6970003,-5.2865738285630615,-1.6251336336135864
1748789063.7304683,-5.286572491314107,-1.6251342296600342
1748789063.7638812,-5.286569764802128,-1.625140905380249
1748789063.7974796,-5.286568807350747,-1.625135898590088
1748789063.8308914,-5.286567399074039,-1.6251405477523804
1748789063.8642964,-5.286565868208163,-1.6251394748687744
1748789063.8978548,-5.286564256361516,-1.6251405477523804
1748789063.931252,-5.286562913043095,-1.6251411437988281
1748789063.9650445,-5.286561269795332,-1.6251415014266968
1748789063.9984632,-5.286559707208043,-1.6251417398452759
1748789064.031874,-5.286557666233532,-1.6251418590545654
1748789064.0653074,-5.286556244541839,-1.6251415014266968
1748789064.0987191,-5.286553647625087,-1.6251503229141235
1748789064.132121,-5.286552890825857,-1.6251438856124878
1748789064.1655197,-5.286551459893435,-1.6251482963562012
1748789064.1989195,-5.286550316635325,-1.625148057937622
1748789064.2323215,-5.286548892963548,-1.625150203704834
1748789064.2657573,-5.286547515421305,-1.6251497268676758
1748789064.2991724,-5.2865453845394565,-1.6251496076583862
1748789064.332596,-5.286543112085231,-1.6251505613327026
1748789064.3663955,-5.2865419058632686,-1.62515127658844
1748789064.3998163,-5.286539725331577,-1.6251513957977295
1748789064.4332285,-5.286537188865404,-1.6251518726348877
1748789064.4666307,-5.2865348971663275,-1.6251568794250488
1748789064.500118,-5.286532917583412,-1.6251556873321533
1748789064.533536,-5.286531643596575,-1.6251580715179443
1748789064.566946,-5.28652989422728,-1.6251577138900757
1748789064.6005282,-5.286528636032059,-1.6251581907272339
1748789064.634058,-5.2865270685092405,-1.625157356262207
1748789064.667458,-5.286525067419753,-1.6251591444015503
1748789064.700901,-5.286523124402959,-1.6251585483551025
1748789064.734354,-5.286521560420229,-1.6251587867736816
1748789064.7677588,-5.286519485167194,-1.6251589059829712
1748789064.8011587,-5.286516432630339,-1.6251670122146606
1748789064.8345594,-5.286516062938406,-1.6251611709594727
1748789064.8680656,-5.286514176622515,-1.625165581703186
1748789064.90147,-5.2865124981815015,-1.6251643896102905
1748789064.9349737,-5.286511399132347,-1.6251676082611084
1748789064.9683807,-5.286509784320353,-1.625167727470398
1748789065.0017939,-5.286507650377071,-1.6251671314239502
1748789065.035209,-5.2865065089837415,-1.625167965888977
1748789065.0686092,-5.286504715190611,-1.625167965888977
1748789065.1020153,-5.2865028371554565,-1.6251684427261353
1748789065.1354587,-5.28618205865109,-1.6239112615585327
1748789065.1696208,-5.2837014042802695,-1.6261138916015625
1748789065.2038772,-5.279328596175345,-1.631772518157959
1748789065.237284,-5.2739936438708375,-1.6380287408828735
1748789065.2706933,-5.265389349145405,-1.6475802659988403
1748789065.3041193,-5.2584082396152505,-1.6558400392532349
1748789065.3375235,-5.251218844320252,-1.6635609865188599
1748789065.3710454,-5.243930752743763,-1.6720596551895142
1748789065.4046211,-5.236575365525466,-1.6800110340118408
1748789065.4381886,-5.2264652928723265,-1.6885497570037842
1748789065.4716122,-5.219542975224779,-1.6996005773544312
1748789065.5050504,-5.211868756765453,-1.7073420286178589
1748789065.5384662,-5.201711255608663,-1.718687653541565
1748789065.5719128,-5.194523738497319,-1.7269939184188843
1748789065.605367,-5.18708600117,-1.7358490228652954
1748789065.638833,-5.179647921848025,-1.743881106376648
1748789065.6722417,-5.169729504702614,-1.7546781301498413
1748789065.7057295,-5.16229041234822,-1.7629863023757935
1748789065.7392397,-5.1548504507680315,-1.7712889909744263
1748789065.7726414,-5.147658388867382,-1.7795971632003784
1748789065.8061628,-5.13749079989344,-1.7879098653793335
1748789065.839853,-5.130050357679187,-1.7989833354949951
1748789065.8732653,-5.122610497626423,-1.8072900772094727
1748789065.9067204,-5.115170328244276,-1.815598487854004
1748789065.940132,-5.1052508112262,-1.826680064201355
1748789065.9735453,-5.097562262212873,-1.8349864482879639
1748789066.006992,-5.090369598432129,-1.843571662902832
1748789066.0403788,-5.080449899080851,-1.8543769121170044
1748789066.074041,-5.073009394959794,-1.8626866340637207
1748789066.1074467,-5.06556895707554,-1.8709968328475952
1748789066.140978,-5.058376590917495,-1.8793050050735474
1748789066.1744046,-5.050687595506993,-1.8876152038574219
1748789066.2078023,-5.0407673610482355,-1.898699164390564
1748789066.241207,-5.033326293923445,-1.9070059061050415
1748789066.2745879,-5.025885692678849,-1.915038824081421
1748789066.3081007,-5.018692615151772,-1.923622488975525
1748789066.3415117,-5.011005759022823,-1.9319517612457275
1748789066.3750334,-5.003566053423936,-1.9402661323547363
1748789066.408442,-4.996371418679344,-1.9485595226287842
1748789066.441847,-4.988682574570218,-1.9568753242492676
1748789066.475253,-4.981243187459588,-1.9651964902877808
1748789066.508671,-4.973803253436614,-1.9732356071472168
1748789066.5420775,-4.966362198247376,-1.9815458059310913
1748789066.5755374,-4.9564403289013015,-1.990128755569458
1748789066.6089735,-4.949247892993601,-1.9981648921966553
1748789066.6423461,-4.941559864635052,-2.009809970855713
1748789066.6757607,-4.934118917213849,-2.0181171894073486
1748789066.709158,-4.926181597785659,-2.026155471801758
1748789066.7425592,-4.919237430993692,-2.0344696044921875
1748789066.7760282,-4.912044773453514,-2.042780876159668
1748789066.8094406,-4.904356646087839,-2.05137300491333
1748789066.8428864,-4.892203906154947,-2.0619003772735596
1748789066.8762908,-4.886748184619513,-2.0704939365386963
1748789066.9097342,-4.879555667814282,-2.078805685043335
1748789066.9434946,-4.87236404658806,-2.0871284008026123
1748789066.9768937,-4.864682306123733,-2.0954535007476807
1748789067.0102932,-4.857496532001796,-2.1037116050720215
1748789067.043693,-4.84734176132733,-2.1147003173828125
1748789067.0771186,-4.839737201816087,-2.1232738494873047
1748789067.1106727,-4.832447489932973,-2.130340814590454
1748789067.1440785,-4.822611975643967,-2.1415650844573975
1748789067.1774945,-4.815182214318345,-2.1495485305786133
1748789067.211017,-4.807986356559811,-2.1574885845184326
1748789067.2444656,-4.800528116459964,-2.165126323699951
1748789067.277884,-4.792823514909575,-2.173360824584961
1748789067.3113458,-4.7853723102028205,-2.181354522705078
1748789067.3447888,-4.777917187549983,-2.1893341541290283
1748789067.3782177,-4.767988641294943,-2.2000372409820557
1748789067.4116638,-4.76005076244424,-2.20809006690979
1748789067.4450593,-4.75311501896694,-2.2161850929260254
1748789067.4784698,-4.745945580166928,-2.2243590354919434
1748789067.5118747,-4.737771900033599,-2.2322027683258057
1748789067.545284,-4.731093469053698,-2.2403082847595215
1748789067.5787702,-4.72335791915508,-2.24807071685791
1748789067.6127331,-4.715994949887467,-2.2563812732696533
1748789067.646396,-4.705808988808186,-2.267016887664795
1748789067.6799483,-4.698577594276906,-2.2746167182922363
1748789067.7139773,-4.691158861636786,-2.282768726348877
1748789067.7474399,-4.681179536004198,-2.2944860458374023
1748789067.7808878,-4.671301612265782,-2.30074405670166
1748789067.8147867,-4.666629586462344,-2.3090007305145264
1748789067.8481867,-4.656605849658115,-2.3215651512145996
1748789067.8817542,-4.6496649695297405,-2.3294520378112793
1748789067.915157,-4.639766702356378,-2.3371360301971436
1748789067.9486656,-4.634681023855206,-2.3466718196868896
1748789067.9821417,-4.627313070471089,-2.3552613258361816
1748789068.015986,-4.619928060648633,-2.3639302253723145
1748789068.0493984,-4.610021186352169,-2.3751652240753174
1748789068.082869,-4.602750594556023,-2.385178804397583
1748789068.116374,-4.593144167433319,-2.395393133163452
1748789068.1497865,-4.587941136978744,-2.4015088081359863
1748789068.1832533,-4.578478560922921,-2.412539482116699
1748789068.216668,-4.570839814225201,-2.421532154083252
1748789068.2500792,-4.563510224032593,-2.4301230907440186
1748789068.2835393,-4.558674970666803,-2.4356768131256104
1748789068.3169832,-4.551475759727612,-2.445460557937622
1748789068.3504167,-4.544220111525518,-2.4549407958984375
1748789068.3838346,-4.537280343061264,-2.466738700866699
1748789068.4172645,-4.530161779858971,-2.473686933517456
1748789068.450709,-4.520466261012747,-2.482410192489624
1748789068.4841344,-4.515495609883524,-2.49255633354187
1748789068.517549,-4.505545767216913,-2.4996867179870605
1748789068.5512707,-4.498762802050238,-2.5093204975128174
1748789068.584658,-4.493822078657785,-2.51995587348938
1748789068.6180954,-4.484092133695049,-2.532050132751465
1748789068.6515303,-4.47660378572849,-2.5404293537139893
1748789068.6850724,-4.469428009533308,-2.55021595954895
1748789068.7184963,-4.461982066817946,-2.558551549911499
1748789068.7519088,-4.454607731907356,-2.5676071643829346
1748789068.7853193,-4.447350629363599,-2.5774734020233154
1748789068.8187213,-4.437639990866903,-2.5855536460876465
1748789068.8521483,-4.432478253069056,-2.594991445541382
1748789068.8856885,-4.425121871896947,-2.6010751724243164
1748789068.9193065,-4.417850237417545,-2.6109955310821533
1748789068.9527133,-4.410768831148681,-2.620656967163086
1748789068.986133,-4.405426109531598,-2.628859281539917
1748789069.0195763,-4.395871199573928,-2.639338731765747
1748789069.0530272,-4.388695338349169,-2.650576591491699
1748789069.086464,-4.381257373966166,-2.659566879272461
1748789069.119886,-4.373806594053313,-2.669490098953247
1748789069.1532962,-4.366404607281718,-2.6781105995178223
1748789069.1866498,-4.356548966496555,-2.6906487941741943
1748789069.2202969,-4.349257012648561,-2.6973659992218018
1748789069.2537448,-4.341719462049278,-2.708601474761963
1748789069.2871933,-4.334279800418928,-2.716984748840332
1748789069.320596,-4.326955720985148,-2.7261929512023926
1748789069.3540003,-4.3193960289785505,-2.733638048171997
1748789069.387413,-4.309545699559232,-2.7454657554626465
1748789069.420824,-4.302456490269674,-2.754274845123291
1748789069.4542375,-4.294906521183687,-2.761721134185791
1748789069.487722,-4.287151345078117,-2.7690913677215576
1748789069.5211313,-4.279595740499391,-2.775418758392334
1748789069.55455,-4.272164227254403,-2.7835395336151123
1748789069.587953,-4.261852648357183,-2.793422222137451
1748789069.6553566,-4.247695037655361,-2.804412364959717
1748789069.6887655,-4.244294059416347,-2.80688214302063
1748789069.7221518,-4.242475174930116,-2.8078224658966064
1748789069.7555616,-4.240490629160919,-2.809424638748169
1748789069.7889633,-4.235126426411556,-2.8147263526916504
1748789069.822441,-4.227590035628971,-2.8220558166503906
1748789069.8559046,-4.218106847994153,-2.8291518688201904
1748789069.8895216,-4.208366797289104,-2.8404042720794678
1748789069.9229517,-4.198199044794504,-2.8453261852264404
1748789069.9563117,-4.184770897166101,-2.8572280406951904
1748789069.9897137,-4.174310712821881,-2.865328311920166
1748789070.0232847,-4.163490210879931,-2.8738882541656494
1748789070.0568519,-4.153002016010198,-2.8819408416748047
1748789070.090253,-4.14249295003885,-2.890040874481201
1748789070.1236413,-4.131956200570521,-2.8980586528778076
1748789070.1570072,-4.121799141639596,-2.9061875343322754
1748789070.1904368,-4.110892866561344,-2.9132704734802246
1748789070.2238839,-4.100312905413834,-2.9206483364105225
1748789070.2572877,-4.086260841652969,-2.9305834770202637
1748789070.2906923,-4.075706178115277,-2.9374308586120605
1748789070.3241062,-4.065103653604469,-2.944242238998413
1748789070.3576102,-4.0513684498574865,-2.952820301055908
1748789070.3910532,-4.040414970590899,-2.9592273235321045
1748789070.424461,-4.029832587957471,-2.9657740592956543
1748789070.4579208,-4.019216950843468,-2.9711906909942627
1748789070.4913542,-4.0082593547343315,-2.9769997596740723
1748789070.5247602,-3.9980061736024446,-2.982537269592285
1748789070.5583766,-3.9873874296637015,-2.9877641201019287
1748789070.5917804,-3.976741552467788,-2.99219012260437
1748789070.625182,-3.962645151890157,-2.9999067783355713
1748789070.6587167,-3.952014418849814,-3.0042128562927246
1748789070.6927922,-3.9420758653643153,-3.007857084274292
1748789070.7261972,-3.9352018310598056,-3.011260747909546
1748789070.7596035,-3.9284237179963424,-3.013352155685425
1748789070.7930765,-3.9242985646220188,-3.016085386276245
1748789070.8264868,-3.92048200935072,-3.0169973373413086
1748789070.8599513,-3.916956429227528,-3.0191361904144287
1748789070.8935142,-3.9135068040152436,-3.0192553997039795
1748789070.9269145,-3.9112813037943606,-3.020977735519409
1748789070.960363,-3.9070401373836545,-3.0230822563171387
1748789070.9938595,-3.9036702185505976,-3.0239217281341553
1748789071.0272665,-3.9004410200454185,-3.025054454803467
1748789071.06079,-3.897341219797204,-3.0270137786865234
1748789071.0942018,-3.893910112642179,-3.0276527404785156
1748789071.1275644,-3.890702804079381,-3.0299861431121826
1748789071.1609411,-3.88752366486715,-3.0311243534088135
1748789071.1944125,-3.884230288469633,-3.0320210456848145
1748789071.227863,-3.881169331677896,-3.033658981323242
1748789071.2614818,-3.8780906608484007,-3.0348212718963623
1748789071.2948878,-3.8738490646041424,-3.0362021923065186
1748789071.3283155,-3.8707128462371796,-3.0389792919158936
1748789071.36188,-3.8674824415805324,-3.039229393005371
1748789071.3952968,-3.8652721634427802,-3.041506052017212
1748789071.4286966,-3.8610324313251345,-3.0429277420043945
1748789071.4621942,-3.8579628127627283,-3.0450868606567383
1748789071.4955978,-3.8542554226031696,-3.04715633392334
1748789071.5290165,-3.850173913959549,-3.0475471019744873
1748789071.5624313,-3.8462998673515743,-3.0491583347320557
1748789071.5958302,-3.842272472389357,-3.0506508350372314
1748789071.6293063,-3.838424156747494,-3.0526785850524902
1748789071.6637084,-3.834269634657425,-3.0531694889068604
1748789071.6971664,-3.8290266905867822,-3.05560040473938
1748789071.7306924,-3.8251384026729682,-3.05523419380188
1748789071.76525,-3.821588981502406,-3.057807445526123
1748789071.7986755,-3.8177942341688222,-3.057379961013794
1748789071.8325093,-3.8129005428541944,-3.059455156326294
1748789071.8659148,-3.8092939173998257,-3.0618247985839844
1748789071.8993332,-3.8055485050149565,-3.0621795654296875
1748789071.9327812,-3.8021436870328906,-3.063960075378418
1748789071.9661844,-3.7984910611820224,-3.0647034645080566
1748789071.9996057,-3.795146978688144,-3.0669398307800293
1748789072.0330613,-3.7915296849223026,-3.067169427871704
1748789072.066475,-3.7882331553963464,-3.070314884185791
1748789072.0998898,-3.783900090349263,-3.0708773136138916
1748789072.1332924,-3.780747976677938,-3.0725386142730713
1748789072.166704,-3.7777158573496816,-3.074589252471924
1748789072.200136,-3.7736975022628427,-3.0746266841888428
1748789072.2335503,-3.7707032063144195,-3.076681137084961
1748789072.2669432,-3.7687600953201126,-3.07800555229187
1748789072.30034,-3.764873569202638,-3.0785913467407227
1748789072.3337026,-3.7620788511218817,-3.0801966190338135
1748789072.3671076,-3.759256889217554,-3.080637216567993
1748789072.4005084,-3.756613729550576,-3.083657741546631
1748789072.4338894,-3.753927471553052,-3.083162307739258
1748789072.467405,-3.751338481653775,-3.0842397212982178
1748789072.5008047,-3.7485478652473265,-3.0839316844940186
1748789072.5342104,-3.7460787976866623,-3.0868208408355713
1748789072.5677657,-3.7428221035064198,-3.0861387252807617
1748789072.601222,-3.7402144367001187,-3.0884978771209717
1748789072.6346207,-3.737169544883953,-3.087451696395874
1748789072.6680543,-3.735559483628389,-3.0878758430480957
1748789072.701565,-3.733858280567092,-3.0876941680908203
1748789072.7349663,-3.731337135660952,-3.0881083011627197
1748789072.7683794,-3.728260324654076,-3.0884764194488525
1748789072.801837,-3.7258634937737263,-3.088392734527588
1748789072.8353918,-3.7236665600806584,-3.0892839431762695
1748789072.8687978,-3.721450479998739,-3.088156223297119
1748789072.902198,-3.719208595305616,-3.089062213897705
1748789072.9361134,-3.716421820921867,-3.088496685028076
1748789072.969512,-3.7143234901266595,-3.0895683765411377
1748789073.0029578,-3.712157146920026,-3.089447259902954
1748789073.03636,-3.710086856244084,-3.090420722961426
1748789073.0697913,-3.708020483793554,-3.089517593383789
1748789073.1031952,-3.7060687514315984,-3.090012311935425
1748789073.1365993,-3.7041880534304705,-3.090650796890259
1748789073.170292,-3.7022114376433697,-3.0895814895629883
1748789073.2039142,-3.699712732173913,-3.0907065868377686
1748789073.237312,-3.697805498073808,-3.0902185440063477
1748789073.2707517,-3.6953363075500087,-3.0910632610321045
1748789073.3041818,-3.693996532377187,-3.090269088745117
1748789073.3375847,-3.6920935535689874,-3.0910067558288574
1748789073.3709908,-3.6902472311876515,-3.0905518531799316
1748789073.4043908,-3.687979232243524,-3.0904242992401123
1748789073.4379208,-3.6862971133058795,-3.090606451034546
1748789073.4713304,-3.684049321394414,-3.0902106761932373
1748789073.5047374,-3.68196831142923,-3.090283155441284
1748789073.538142,-3.680846226844193,-3.0905957221984863
1748789073.571543,-3.6793085783249895,-3.090059518814087
1748789073.6049905,-3.6777410934382124,-3.0907702445983887
1748789073.6383874,-3.676195192760529,-3.090165376663208
1748789073.6717942,-3.674636615958872,-3.0905754566192627
1748789073.7051952,-3.6727327310238094,-3.090421438217163
1748789073.7386024,-3.671199300002385,-3.090210437774658
1748789073.7720735,-3.6698813511819126,-3.090111494064331
1748789073.8054693,-3.668495201322797,-3.090278148651123
1748789073.8388672,-3.6666903673541973,-3.090481996536255
1748789073.8722796,-3.6653220809924494,-3.090402126312256
1748789073.9056864,-3.6640118678985694,-3.090421438217163
1748789073.9390886,-3.6627743883218566,-3.0903961658477783
1748789073.9725063,-3.661086115392181,-3.090421199798584
1748789074.005902,-3.6598000963444726,-3.0901525020599365
1748789074.039314,-3.658483115546446,-3.0907886028289795
1748789074.0727122,-3.657316303455184,-3.090147018432617
1748789074.106122,-3.656134938448817,-3.0907280445098877
1748789074.1394794,-3.6549485844052727,-3.090299367904663
1748789074.1729267,-3.653790028733526,-3.0904788970947266
1748789074.20634,-3.6526223432428,-3.0903096199035645
1748789074.2397552,-3.6515429678966034,-3.090322494506836
1748789074.2731528,-3.6500671747976297,-3.090320587158203
1748789074.3068523,-3.649348705711535,-3.0903403759002686
1748789074.3402634,-3.647954297083228,-3.090341806411743
1748789074.3736646,-3.6469134493580326,-3.0903680324554443
1748789074.4070594,-3.645905707965986,-3.0903539657592773
1748789074.440441,-3.6448957463833582,-3.0903830528259277
1748789074.4738512,-3.6439484582778685,-3.0903732776641846
1748789074.5073085,-3.6429055920220614,-3.0904083251953125
1748789074.5407262,-3.6419900072453917,-3.0903987884521484
1748789074.5741377,-3.6410518396090397,-3.0904102325439453
1748789074.6076734,-3.64012251413434,-3.0904312133789062
1748789074.6411223,-3.6391872951945885,-3.090435028076172
1748789074.6745248,-3.638348669451241,-3.0904252529144287
1748789074.7079394,-3.637465160385519,-3.0902256965637207
1748789074.7413425,-3.6365384514212806,-3.0906999111175537
1748789074.7747529,-3.635709101065749,-3.090195894241333
1748789074.808205,-3.6346050727982764,-3.0902678966522217
1748789074.8416026,-3.633755179948989,-3.09019136428833
1748789074.875116,-3.6329639978082375,-3.090212345123291
1748789074.9087434,-3.632169905689538,-3.090275287628174
1748789074.9421604,-3.631385090352385,-3.0902602672576904
1748789074.9760127,-3.630645784026044,-3.0902585983276367
1748789075.0095146,-3.6302341845864503,-3.0902645587921143
1748789075.04294,-3.630011951263121,-3.0902645587921143
1748789075.0763488,-3.6298674406521685,-3.0902886390686035
1748789075.1097512,-3.6298149641856,-3.0902717113494873
1748789075.143156,-3.6297793973265473,-3.090268850326538
1748789075.1765993,-3.6297518301985305,-3.090296506881714
1748789075.210003,-3.629744909578609,-3.090291976928711
1748789075.2434494,-3.629726536607846,-3.0903208255767822
1748789075.2771313,-3.6297249460036305,-3.0903096199035645
1748789075.310503,-3.6297170289796337,-3.090313196182251
1748789075.3438683,-3.629707551125255,-3.0903267860412598
1748789075.3775337,-3.6297072863036495,-3.090318202972412
1748789075.4109387,-3.6296972458717267,-3.090343713760376
1748789075.4443352,-3.6296995917123813,-3.090343952178955
1748789075.4777856,-3.6296888163145278,-3.0903570652008057
1748789075.5111825,-3.6296920598050706,-3.090351104736328
1748789075.5447428,-3.629684547376067,-3.090360403060913
1748789075.5781455,-3.629681329195516,-3.09036922454834
1748789075.6115909,-3.629682759815384,-3.0903563499450684
1748789075.645005,-3.6296718438480116,-3.090376853942871
1748789075.678404,-3.6296758113615657,-3.090362310409546
1748789075.7118049,-3.6296707294609103,-3.090372085571289
1748789075.7452202,-3.6296701680788166,-3.0903706550598145
1748789075.7786255,-3.6296672552102116,-3.0903849601745605
1748789075.812023,-3.6296637445714466,-3.0903871059417725
1748789075.845429,-3.6296569137594754,-3.0904030799865723
1748789075.8788328,-3.629659021429741,-3.090395927429199
1748789075.9131107,-3.6296420435110903,-3.0904412269592285
1748789075.9465733,-3.6296467862456114,-3.090421438217163
1748789075.9799545,-3.6296422019528385,-3.0904321670532227
1748789076.0134048,-3.6296385251824796,-3.0904481410980225
1748789076.0474045,-3.629639470550837,-3.0904476642608643
1748789076.0808032,-3.6296267183245203,-3.0904390811920166
1748789076.1142325,-3.629633377280951,-3.0904345512390137
1748789076.1476376,-3.6296180287728435,-3.0904691219329834
1748789076.1810956,-3.629623320991287,-3.090458631515503
1748789076.214605,-3.6296196257935414,-3.090467691421509
1748789076.2480426,-3.6296151857148806,-3.0904672145843506
1748789076.2814503,-3.629613721622005,-3.090468406677246
1748789076.314854,-3.6296036529856597,-3.09049654006958
1748789076.3485327,-3.6296104525891795,-3.0904786586761475
1748789076.3819447,-3.6296057636777492,-3.090489149093628
1748789076.4153507,-3.6296016884974587,-3.090503692626953
1748789076.4487636,-3.6295948357781973,-3.090524196624756
1748789076.482169,-3.629593276296666,-3.090524673461914
1748789076.5155864,-3.629593731511944,-3.0905191898345947
1748789076.5491886,-3.6295852098058203,-3.0905070304870605
1748789076.5826051,-3.6295847451944514,-3.0905258655548096
1748789076.6160626,-3.6295842351984846,-3.090502977371216
1748789076.649473,-3.6295717087685277,-3.0904860496520996
1748789076.6829696,-3.6295678063644914,-3.0905025005340576
1748789076.716408,-3.6295679040857296,-3.090496778488159
1748789076.7498138,-3.629557616582206,-3.0905144214630127
1748789076.7832148,-3.629563603493514,-3.09049654006958
1748789076.8166363,-3.6295546285061002,-3.0905117988586426
1748789076.850138,-3.6295556171065217,-3.0905063152313232
1748789076.8835335,-3.629553769531535,-3.0905072689056396
1748789076.9171405,-3.629551896708124,-3.0905086994171143
1748789076.9505439,-3.6295502026336943,-3.0905213356018066
1748789076.9839656,-3.6295483431885165,-3.0905327796936035
1748789077.017408,-3.629538183864806,-3.090542793273926
1748789077.050818,-3.6295412366450774,-3.090538263320923
1748789077.0853357,-3.6295363028448784,-3.0905330181121826
1748789077.118668,-3.629530767311865,-3.090534210205078
1748789077.152073,-3.629532982253507,-3.0905253887176514
1748789077.1854768,-3.6295287473861344,-3.090531587600708
1748789077.2191036,-3.6295275591063865,-3.0905303955078125
1748789077.2525506,-3.629525975302648,-3.0905351638793945
1748789077.2859983,-3.6295214853768534,-3.09053635597229
1748789077.3193944,-3.6295164234286768,-3.0905492305755615
1748789077.3528364,-3.6295088795345145,-3.0905888080596924
1748789077.386244,-3.6295020575082497,-3.0905911922454834
1748789077.4197774,-3.6295014702862494,-3.090592622756958
1748789077.4535837,-3.629495098461133,-3.0906131267547607
1748789077.4869978,-3.6294972293538397,-3.0905871391296387
1748789077.5205374,-3.629490721066456,-3.0906035900115967
1748789077.5539427,-3.629492391506157,-3.0905966758728027
1748789077.5873837,-3.6294893775629,-3.0906031131744385
1748789077.6208017,-3.629483332594882,-3.0906102657318115
1748789077.6543076,-3.629481971652136,-3.0906150341033936
1748789077.687706,-3.6294824014531395,-3.0906054973602295
1748789077.721125,-3.6294760778882353,-3.090606212615967
1748789077.7545567,-3.6294777755089584,-3.090604543685913
1748789077.7879658,-3.6294755279999724,-3.0906050205230713
1748789077.821383,-3.6294735823104065,-3.090607166290283
1748789077.854835,-3.6294715771247024,-3.0906059741973877
1748789077.888247,-3.6294699739101826,-3.090606451034546
1748789077.921771,-3.629468293298482,-3.0906083583831787
1748789077.9551797,-3.6294655767772457,-3.0906081199645996
1748789077.988656,-3.6286272013722054,-3.089454174041748
1748789078.0220628,-3.6255137257176635,-3.0929131507873535
1748789078.0554624,-3.620874311983029,-3.098850965499878
1748789078.0888438,-3.6152936983287,-3.1054601669311523
1748789078.1222503,-3.6085560753752293,-3.1131036281585693
1748789078.155656,-3.5994681565070117,-3.122957468032837
1748789078.1890109,-3.5898164716834615,-3.130934715270996
1748789078.2224123,-3.584695857592859,-3.1397175788879395
1748789078.2558508,-3.5773341711616973,3.1354987621307373
1748789078.289258,-3.5677128177555724,3.1275153160095215
1748789078.322662,-3.5578200579427754,3.116467237472534
1748789078.3560746,-3.5526208756040303,3.1078953742980957
1748789078.3894768,-3.545437647842627,3.099595308303833
1748789078.422918,-3.5377555941809815,3.091294765472412
1748789078.4563215,-3.530319535416143,3.0829944610595703
1748789078.4897285,-3.5231308239120738,3.0746865272521973
1748789078.523133,-3.51544480529617,3.0666637420654297
1748789078.5565333,-3.5082550988908645,3.058079957962036
1748789078.5899346,-3.5005683328419677,3.0497756004333496
1748789078.62333,-3.493129304782857,3.0417463779449463
1748789078.6567485,-3.485938468662562,3.0331649780273438
1748789078.6901858,-3.478251142354722,3.0248637199401855
1748789078.7236025,-3.4708124354611725,3.016552686691284
1748789078.757013,-3.460646038179735,3.005753993988037
1748789078.7904296,-3.4532068814227848,2.996894359588623
1748789078.8237793,-3.4462638298268446,2.988863229751587
1748789078.8571825,-3.4388238788421637,2.980832815170288
1748789078.8906326,-3.4311358471167086,2.9725239276885986
1748789078.9250014,-3.423696021994792,2.9642162322998047
1748789078.9586549,-3.4140244178620835,2.9559102058410645
1748789078.992062,-3.4065845347242627,2.944554328918457
1748789079.0255184,-3.3988969751954174,2.936246871948242
1748789079.0589216,-3.3914572975373174,2.9282164573669434
1748789079.0923283,-3.38153736571472,2.9168615341186523
1748789079.1257856,-3.3738496513263527,2.90855073928833
1748789079.1591933,-3.36690557716044,2.900237798690796
1748789079.1925967,-3.3592163733892693,2.891940116882324
1748789079.2260077,-3.349295437248509,2.880863904953003
1748789079.2594116,-3.341859110202184,2.8722453117370605
1748789079.2936592,-3.3344165207747762,2.8642358779907227
1748789079.327225,-3.326974603847944,2.855656147003174
1748789079.3606305,-3.3195350011792457,2.8476176261901855
1748789079.3940418,-3.3123427819021796,2.839310884475708
1748789079.4274447,-3.3049026155383,2.831000566482544
1748789079.4609249,-3.297214326325305,2.822411298751831
1748789079.494328,-3.2897736184285025,2.8143794536590576
1748789079.5278406,-3.2798529996187864,2.803297996520996
1748789079.5612447,-3.2726602667607816,2.7949905395507812
1748789079.5946476,-3.2652190961908896,2.7869653701782227
1748789079.6281512,-3.255302850211824,2.7786104679107666
1748789079.6615477,-3.2473610945849356,2.769778251647949
1748789079.6949527,-3.2404172017053785,2.7589707374572754
1748789079.728356,-3.2327294552358716,2.750659465789795
1748789079.7618015,-3.225288169604056,2.7423529624938965
1748789079.7952073,-3.215367981092137,2.7312684059143066
1748789079.8287396,-3.2079272138579698,2.723233461380005
1748789079.8621464,-3.2007340843670424,2.7146501541137695
1748789079.8959894,-3.193039267637708,2.7066636085510254
1748789079.9294066,-3.1858765542895786,2.6978299617767334
1748789079.9628136,-3.1756595950334088,2.6876416206359863
1748789079.9962308,-3.1682732277778034,2.6789145469665527
1748789080.0307214,-3.161103834620329,2.6709163188934326
1748789080.064641,-3.151201519816701,2.662736654281616
1748789080.0980647,-3.1435362318957063,2.6516611576080322
1748789080.1315835,-3.13611226683933,2.643348217010498
1748789080.165083,-3.1289299526247647,2.6350181102752686
1748789080.1985137,-3.121491125774713,2.626471519470215
1748789080.2319543,-3.113596420687252,2.617950201034546
1748789080.2654004,-3.1039404432602766,2.6096885204315186
1748789080.2987988,-3.0964789030586752,2.5991883277893066
1748789080.332659,-3.0890359392525,2.5912015438079834
1748789080.3661883,-3.079145827980276,2.583038091659546
1748789080.3997602,-3.0719073819924327,2.5726757049560547
1748789080.4332006,-3.066782957121384,2.567286968231201
1748789080.466847,-3.059366988832799,2.559216260910034
1748789080.5002937,-3.0520285181018543,2.550260543823242
1748789080.5337949,-3.042103430503401,2.539551258087158
1748789080.5672054,-3.0346406434062954,2.532472848892212
1748789080.6006327,-3.0269912025558736,2.526879072189331
1748789080.6340752,-3.019775182271118,2.517937183380127
1748789080.6678755,-3.012290116643642,2.5094118118286133
1748789080.7013173,-3.0051943090219084,2.5009610652923584
1748789080.7347324,-2.9978644129623007,2.4922144412994385
1748789080.7681375,-2.988406244102507,2.478484869003296
1748789080.8015387,-2.981070389066176,2.4716367721557617
1748789080.8349447,-2.9741533953542274,2.460961103439331
1748789080.8685071,-2.9666669057225574,2.4554100036621094
1748789080.901977,-2.959590336730071,2.444493293762207
1748789080.935384,-2.949978331512772,2.4339497089385986
1748789080.9688234,-2.9431180905304477,2.4241130352020264
1748789081.0021832,-2.9365081171729845,2.4118497371673584
1748789081.0355844,-2.9268573145923344,2.399684190750122
1748789081.06903,-2.9200025022450835,2.385803461074829
1748789081.1024585,-2.9123199607097305,2.379344940185547
1748789081.135866,-2.9032267000706633,2.367889642715454
1748789081.1692727,-2.8988094727898623,2.3554017543792725
1748789081.2027078,-2.8920977307893763,2.3423914909362793
1748789081.2361274,-2.884566607485392,2.3322904109954834
1748789081.2695355,-2.8772368115048734,2.323354482650757
1748789081.3030505,-2.8679816013940678,2.31260085105896
1748789081.3365593,-2.8614218874826056,2.298614501953125
1748789081.3700113,-2.854266665374959,2.280775785446167
1748789081.4034543,-2.846677441690148,2.2711377143859863
1748789081.4369779,-2.839806582458225,2.2581064701080322
1748789081.470391,-2.83272439671752,2.246370792388916
1748789081.5045016,-2.825435108773598,2.2354257106781006
1748789081.5379863,-2.818042878485718,2.2252590656280518
1748789081.5714204,-2.808017713204119,2.21142578125
1748789081.6048405,-2.8010754284381134,2.199901819229126
1748789081.6382577,-2.794447743770434,2.186267137527466
1748789081.6716552,-2.7873450360718457,2.174159526824951
1748789081.7050192,-2.777367787398581,2.159217596054077
1748789081.738394,-2.770799664062174,2.145047426223755
1748789081.7717934,-2.7608510466781175,2.133998155593872
1748789081.8051949,-2.7533615672206757,2.1204605102539062
1748789081.8386486,-2.7462759659711593,2.1083948612213135
1748789081.872077,-2.7390018861062404,2.097561836242676
1748789081.9054885,-2.7318642890981537,2.0852956771850586
1748789081.9389648,-2.7248468821544716,2.0752382278442383
1748789081.9724033,-2.7170475689758637,2.06610107421875
1748789082.005809,-2.7096608415674535,2.0555429458618164
1748789082.039243,-2.702849548589453,2.0428922176361084
1748789082.0726495,-2.695668975800666,2.033290147781372
1748789082.106056,-2.6859490697115684,2.0173139572143555
1748789082.1394558,-2.681183216608842,2.0124294757843018
1748789082.1728137,-2.673734771755052,2.0020947456359863
1748789082.2064202,-2.6665166674035743,1.991634726524353
1748789082.239832,-2.659502984407519,1.9821561574935913
1748789082.273251,-2.6521182472376226,1.9731969833374023
1748789082.3066666,-2.6451740430130846,1.96139657497406
1748789082.3401773,-2.6354368666469803,1.9485180377960205
1748789082.3736029,-2.628183600394109,1.9399794340133667
1748789082.4070065,-2.6207240180194806,1.9300562143325806
1748789082.4404137,-2.6132147298594464,1.9199622869491577
1748789082.5228798,-2.598070772753458,1.9027444124221802
1748789082.5563052,-2.593286487883522,1.8973989486694336
1748789082.5900338,-2.588809316592365,1.8902908563613892
1748789082.6234555,-2.580629991222389,1.8807190656661987
1748789082.656867,-2.5717465841472493,1.8710970878601074
1748789082.6902797,-2.561956590512724,1.8606280088424683
1748789082.7238145,-2.5518945879210677,1.849861741065979
1748789082.7572222,-2.5378388152660807,1.83901047706604
1748789082.7906325,-2.5280725197681493,1.826573133468628
1748789082.824167,-2.5169310757237686,1.8166801929473877
1748789082.8576071,-2.5071840329031763,1.806710124015808
1748789082.8910217,-2.4927897975430695,1.794561743736267
1748789082.9244492,-2.485838628742561,1.788109302520752
1748789082.9579093,-2.4722073110807052,1.7754322290420532
1748789082.9913208,-2.461658675923083,1.7663278579711914
1748789083.0247421,-2.4507687911391938,1.7581216096878052
1748789083.0581467,-2.440242796835956,1.7491133213043213
1748789083.0915723,-2.4296722603246144,1.7409241199493408
1748789083.1250646,-2.4191550141869427,1.7320983409881592
1748789083.158513,-2.408594525356583,1.7244882583618164
1748789083.1921108,-2.3980021906226865,1.7173850536346436
1748789083.2255735,-2.383985150754014,1.7061578035354614
1748789083.258984,-2.373380646458323,1.6994736194610596
1748789083.2923918,-2.3627337296682787,1.6932098865509033
1748789083.3258002,-2.352169658185504,1.6863750219345093
1748789083.3591976,-2.3415273205131015,1.6806035041809082
1748789083.3926003,-2.330924784174247,1.674796223640442
1748789083.4260848,-2.3203190507259404,1.6689989566802979
1748789083.4595692,-2.3097145958576815,1.663280725479126
1748789083.4929805,-2.298743060008206,1.6579115390777588
1748789083.5263877,-2.2888248526711186,1.652742862701416
1748789083.5602381,-2.2778636511490196,1.6460258960723877
1748789083.5936396,-2.2636781334666987,1.6415181159973145
1748789083.6270428,-2.2565987035145283,1.6383610963821411
1748789083.660699,-2.245973710283105,1.6340166330337524
1748789083.6942518,-2.2353520408168963,1.629351258277893
1748789083.72772,-2.2243478391686007,1.6245015859603882
1748789083.7611687,-2.210569112956642,1.6197071075439453
1748789083.7945807,-2.1992033909424977,1.6164381504058838
1748789083.827952,-2.1860706098941813,1.613181233406067
1748789083.861371,-2.178621825900127,1.6096057891845703
1748789083.8947814,-2.1683357463370614,1.6061995029449463
1748789083.9282022,-2.1573279261103075,1.6033601760864258
1748789083.9616828,-2.146328553203728,1.600147008895874
1748789083.995149,-2.1360247303937094,1.5978057384490967
1748789084.0285566,-2.122178156929432,1.5943418741226196
1748789084.0619636,-2.111186569137151,1.5913848876953125
1748789084.095422,-2.0969707706060734,1.5894389152526855
1748789084.1288385,-2.0898623846933364,1.5875273942947388
1748789084.1622467,-2.079237147414383,1.5843645334243774
1748789084.1957936,-2.068573842573904,1.5824999809265137
1748789084.2292452,-2.0571946002033763,1.58163321018219
1748789084.2626555,-2.046910575389378,1.5786067247390747
1748789084.2960694,-2.03659009178312,1.57724130153656
1748789084.3295393,-2.0255709251880467,1.5756611824035645
1748789084.3629472,-2.015610471539756,1.5741033554077148
1748789084.3963525,-2.004571277304948,1.5734790563583374
1748789084.4297783,-1.9907050767813488,1.5718244314193726
1748789084.4632425,-1.9796832311261587,1.5703186988830566
1748789084.4967349,-1.9690127911477748,1.5689606666564941
1748789084.5301502,-1.9618917750843383,1.5687432289123535
1748789084.5635595,-1.95157490333342,1.5679852962493896
1748789084.5969603,-1.9370012998434614,1.5666452646255493
1748789084.6303833,-1.9263365587127126,1.5651092529296875
1748789084.6637983,-1.9160239184052086,1.564560890197754
1748789084.697265,-1.9085555410143131,1.564662218093872
1748789084.7317681,-1.894318501595635,1.5637133121490479
1748789084.7651753,-1.8836455870607234,1.5627949237823486
1748789084.7985857,-1.872979359455281,1.5616729259490967
1748789084.832014,-1.8622953833392681,1.5613090991973877
1748789084.86553,-1.8516241392389914,1.5600335597991943
1748789084.8992615,-1.8377440625880324,1.5593745708465576
1748789084.9326932,-1.830267112785881,1.5591325759887695
1748789084.9660997,-1.816405083713498,1.5584912300109863
1748789084.9995449,-1.8057412766205052,1.5576181411743164
1748789085.0329976,-1.7947161218058871,1.5573539733886719
1748789085.0664816,-1.784049698815809,1.556930661201477
1748789085.099955,-1.7737411769385623,1.556376338005066
1748789085.1333745,-1.7627255537546775,1.5559548139572144
1748789085.1668186,-1.7524281848903023,1.5552115440368652
1748789085.2002678,-1.741424702267482,1.5556811094284058
1748789085.2336702,-1.7307643901005672,1.5552836656570435
1748789085.267109,-1.7200922679242008,1.5547232627868652
1748789085.3005285,-1.7094227080961124,1.5544394254684448
1748789085.3339906,-1.6987502312659275,1.5544025897979736
1748789085.367403,-1.6880761313383739,1.554168939590454
1748789085.4008029,-1.6774170312553722,1.5541176795959473
1748789085.4342344,-1.6631856527232123,1.5542054176330566
1748789085.4676378,-1.65251195791159,1.5539122819900513
1748789085.501028,-1.6386196612864414,1.5542876720428467
1748789085.5344346,-1.6311426242426597,1.5536630153656006
1748789085.5679455,-1.6204661974264678,1.5539047718048096
1748789085.6013722,-1.6098009805018396,1.5534721612930298
1748789085.6347725,-1.5955832655979505,1.5538051128387451
1748789085.6681905,-1.5849114458821312,1.554368257522583
1748789085.7016442,-1.5738859435314148,1.554552435874939
1748789085.735088,-1.5600104755518316,1.5548118352890015
1748789085.7684941,-1.5493375578995938,1.5545756816864014
1748789085.801904,-1.5383070503694662,1.5549769401550293
1748789085.8353584,-1.5279890942777674,1.555324673652649
1748789085.8687677,-1.5137478590264508,1.5552325248718262
1748789085.902175,-1.5030748138517502,1.5564764738082886
1748789085.9356222,-1.4924146766861837,1.557137131690979
1748789085.9690275,-1.4817530591698993,1.5568912029266357
1748789086.0024357,-1.4716365567992553,1.5565556287765503
1748789086.0358768,-1.4641443141723507,1.5572620630264282
1748789086.069298,-1.4591744389147077,1.5564656257629395
1748789086.1027615,-1.4548457079552248,1.5569894313812256
1748789086.1361597,-1.4509487583956517,1.556907057762146
1748789086.1696868,-1.447566308320355,1.5569595098495483
1748789086.2031078,-1.4440910109850145,1.5564236640930176
1748789086.2365592,-1.4407777111200555,1.5571407079696655
1748789086.269994,-1.4374752463335216,1.5562267303466797
1748789086.3034701,-1.434295566111186,1.5564146041870117
1748789086.33688,-1.4298688168746394,1.556379795074463
1748789086.3702967,-1.4265241722710076,1.5556867122650146
1748789086.4036615,-1.4233750316938094,1.5566539764404297
1748789086.437126,-1.420230833560728,1.5563081502914429
1748789086.470524,-1.4168805185964266,1.5559979677200317
1748789086.503932,-1.4125760649456982,1.5558967590332031
1748789086.5373435,-1.4104353996709413,1.5550342798233032
1748789086.5707583,-1.4061705933023994,1.5548955202102661
1748789086.604216,-1.4029718522065366,1.555533766746521
1748789086.6376169,-1.399768551125014,1.5549782514572144
1748789086.671093,-1.3966617315932472,1.5542412996292114
1748789086.7044985,-1.3934349756347704,1.5538183450698853
1748789086.7379067,-1.3900698732857792,1.5538995265960693
1748789086.7713602,-1.3865320854500698,1.5522987842559814
1748789086.8048089,-1.3827356194467426,1.5528749227523804
1748789086.8382287,-1.378794004295695,1.5528393983840942
1748789086.8717668,-1.3749259937557152,1.5519359111785889
1748789086.9051695,-1.3694722156924821,1.5509997606277466
1748789086.9385724,-1.3654663187519913,1.551153302192688
1748789086.9719768,-1.3615454500941813,1.5497992038726807
1748789087.0055435,-1.3574502102272676,1.548331379890442
1748789087.0390606,-1.3537585813293356,1.5474255084991455
1748789087.0724795,-1.3501240702968669,1.546653151512146
1748789087.1061375,-1.3465178927953272,1.5453147888183594
1748789087.1395445,-1.3426900063379952,1.5450180768966675
1748789087.1729453,-1.3390891384043762,1.54451322555542
1748789087.206344,-1.3356155157128762,1.5426955223083496
1748789087.2397501,-1.3321233663652123,1.5429607629776
1748789087.2732186,-1.32873349396323,1.5407319068908691
1748789087.3066335,-1.3243423043303726,1.5398188829421997
1748789087.340033,-1.3220103982292484,1.5396612882614136
1748789087.3734577,-1.3178238984525528,1.538146734237671
1748789087.406876,-1.315476367870269,1.538914442062378
1748789087.4404407,-1.3115061900830485,1.5385011434555054
1748789087.4738941,-1.3083235589647564,1.5377299785614014
1748789087.5073085,-1.3052610031613041,1.5385785102844238
1748789087.5410688,-1.3022913392659088,1.5369353294372559
1748789087.5753858,-1.299328867404173,1.53646981716156
1748789087.6087863,-1.2965064889746842,1.5366569757461548
1748789087.642194,-1.292592388534303,1.53569495677948
1748789087.6756175,-1.290706452546788,1.535492181777954
1748789087.709066,-1.2877977770391948,1.536054253578186
1748789087.742597,-1.2850380584734309,1.535241723060608
1748789087.7760127,-1.2824138822217341,1.5349009037017822
1748789087.809421,-1.2798621560237922,1.533649206161499
1748789087.8428624,-1.2762750866531607,1.5344668626785278
1748789087.8762734,-1.2746304093656684,1.5334104299545288
1748789087.909685,-1.2720429092787537,1.5330264568328857
1748789087.9433918,-1.2694287856459974,1.5326206684112549
1748789087.9768045,-1.26615122007648,1.532586693763733
1748789088.0102386,-1.2636165279847829,1.5322006940841675
1748789088.0436425,-1.2614184680419886,1.5309709310531616
1748789088.0771065,-1.259133328227999,1.5309087038040161
1748789088.1105106,-1.2559246094255594,1.530102252960205
1748789088.1439354,-1.254517005734855,1.5299988985061646
1748789088.1773598,-1.2523980453740426,1.5300700664520264
1748789088.2122014,-1.2487677508133654,1.5302379131317139
1748789088.2456121,-1.2473183334446558,1.5311869382858276
1748789088.279009,-1.2445923276095763,1.5305185317993164
1748789088.3124235,-1.2425712555539032,1.5309897661209106
1748789088.3458745,-1.2405022266762127,1.532200813293457
1748789088.3792393,-1.2386407251342395,1.5305079221725464
1748789088.4126403,-1.2366849031750236,1.5317388772964478
1748789088.446355,-1.2347399374534425,1.531501054763794
1748789088.4797719,-1.2328113154806295,1.5313869714736938
1748789088.5131915,-1.231133204158081,1.529474139213562
1748789088.5468254,-1.2293426073397224,1.5300828218460083
1748789088.580284,-1.226863235348741,1.5300196409225464
1748789088.6136906,-1.225074591939488,1.5289804935455322
1748789088.647142,-1.223348830810575,1.5286983251571655
1748789088.680549,-1.2215387833213305,1.529486060142517
1748789088.7140062,-1.2198542718126106,1.5283310413360596
1748789088.747423,-1.2181945078423453,1.5282280445098877
1748789088.7808776,-1.216567205657713,1.5288139581680298
1748789088.8142755,-1.2149454914765745,1.528080701828003
1748789088.8477035,-1.2133209406129204,1.5289877653121948
1748789088.8811285,-1.2116136870448915,1.5286099910736084
1748789088.9144876,-1.2100368014475094,1.5296573638916016
1748789088.9479072,-1.208490051249533,1.5291850566864014
1748789088.9813154,-1.2068563085701773,1.5301953554153442
1748789089.0148013,-1.2054451440344456,1.5300636291503906
1748789089.0484357,-1.2034729046851385,1.5306284427642822
1748789089.0823069,-1.2020149484443803,1.5300428867340088
1748789089.1157222,-1.200576090725122,1.5306788682937622
1748789089.1490943,-1.1991270449810785,1.5306378602981567
1748789089.1824722,-1.197814213392411,1.5306479930877686
1748789089.2158732,-1.1964452979547955,1.5309022665023804
1748789089.249283,-1.1951212048509376,1.5302966833114624
1748789089.2827444,-1.1938203468695048,1.5311360359191895
1748789089.316444,-1.1919257171558792,1.530380368232727
1748789089.3499098,-1.191038594171513,1.5314223766326904
1748789089.3833249,-1.189733160854335,1.530991792678833
1748789089.4167435,-1.188426002649469,1.531815767288208
1748789089.4501455,-1.1872077021311944,1.5314736366271973
1748789089.4835787,-1.1859608966648618,1.531795620918274
1748789089.517181,-1.1848340586517958,1.5317964553833008
1748789089.550594,-1.1836717773192607,1.5319334268569946
1748789089.5840151,-1.1825679947337868,1.5320274829864502
1748789089.6174254,-1.1814882338717443,1.5321455001831055
1748789089.650861,-1.1804200481002518,1.53223717212677
1748789089.684258,-1.1790273537179037,1.5323842763900757
1748789089.7177224,-1.1777048333024254,1.532484531402588
1748789089.7511265,-1.1766698403555362,1.532581090927124
1748789089.784528,-1.176043220944753,1.532684326171875
1748789089.8179824,-1.1750680451635944,1.5327868461608887
1748789089.8513815,-1.17407486831476,1.5328693389892578
1748789089.884794,-1.172853420318996,1.5329731702804565
1748789089.9184277,-1.172171195048311,1.5330535173416138
1748789089.9518275,-1.1706860874491964,1.5331727266311646
1748789089.985208,-1.1697889199671128,1.5332467555999756
1748789090.0186102,-1.169204350284998,1.5333441495895386
1748789090.0520551,-1.1682997697988087,1.533423900604248
1748789090.0854528,-1.1674795464695735,1.5335196256637573
1748789090.118853,-1.166330703993254,1.5336366891860962
1748789090.1522932,-1.1655595327593917,1.5337157249450684
1748789090.1856964,-1.1647523590810036,1.533803939819336
1748789090.2190807,-1.163922427766894,1.533873200416565
1748789090.2524793,-1.1628763165092744,1.5339516401290894
1748789090.2859147,-1.1622127968817462,1.5340499877929688
1748789090.3193357,-1.1612495990785243,1.5333802700042725
1748789090.3527536,-1.157809134895407,1.536461591720581
1748789090.3861592,-1.1528196998261062,1.5404231548309326
1748789090.4196098,-1.1466473027456037,1.5450222492218018
1748789090.453015,-1.1377296437743118,1.5495237112045288
1748789090.486432,-1.1305647939229846,1.5571949481964111
1748789090.5202205,-1.1231352487644408,1.5624773502349854
1748789090.554098,-1.1156614243894059,1.5681862831115723
1748789090.5876226,-1.1080691785360286,1.572994589805603
1748789090.6210904,-1.1007752909111244,1.5786610841751099
1748789090.6544974,-1.0906455841354907,1.5839815139770508
1748789090.6879096,-1.085334381101491,1.5899689197540283
1748789090.7226195,-1.077731912495347,1.59544837474823
1748789090.7560356,-1.0678549806253843,1.6007193326950073
1748789090.7895155,-1.0599990529021406,1.6083794832229614
1748789090.8229957,-1.052646474639008,1.6137839555740356
1748789090.8564074,-1.0447894373841544,1.6197751760482788
1748789090.8898153,-1.0374377826517636,1.625185489654541
1748789090.9232132,-1.0295791996702632,1.6307873725891113
1748789090.956631,-1.0196929824222423,1.638077735900879
1748789090.9900517,-1.012087469465964,1.6438634395599365
1748789091.0234137,-1.0042292055906716,1.6494708061218262
1748789091.0568254,-0.9963701722627668,1.6550722122192383
1748789091.0904412,-0.9892719947588474,1.6608637571334839
1748789091.1238928,-0.9814138623641868,1.666280746459961
1748789091.1572964,-0.9740618298380707,1.672257661819458
1748789091.1907163,-0.9636683935493117,1.6793580055236816
1748789091.224173,-0.9588517786026305,1.683093786239624
1748789091.2575705,-0.9509928404680333,1.6887001991271973
1748789091.2910373,-0.9433875688242325,1.6943029165267944
1748789091.3244655,-0.9360356115554117,1.6999086141586304
1748789091.3578832,-0.9256404022275424,1.705486536026001
1748789091.3913047,-0.9180418568384581,1.7130500078201294
1748789091.4247167,-0.9132267720922622,1.7167763710021973
1748789091.4596643,-0.9053635627186841,1.7221580743789673
1748789091.4931273,-0.8977694429921246,1.7279919385910034
1748789091.5265322,-0.8901372723885358,1.7331657409667969
1748789091.5599496,-0.8828012058421396,1.7386844158172607
1748789091.5933685,-0.87494404118756,1.7443739175796509
1748789091.627098,-0.8650583778964881,1.7516863346099854
1748789091.6605444,-0.8549264363456175,1.7572435140609741
1748789091.6939764,-0.8496670267169484,1.7637748718261719
1748789091.7273357,-0.8420459946409447,1.7689579725265503
1748789091.7607465,-0.8344723916563098,1.7747405767440796
1748789091.7941473,-0.827152730235627,1.7803882360458374
1748789091.8282027,-0.8192654355750425,1.7854214906692505
1748789091.8616216,-0.8119435998982647,1.7909891605377197
1748789091.8950582,-0.8041034297257933,1.7967779636383057
1748789091.9285917,-0.7965103575189472,1.8024286031723022
1748789091.961989,-0.7889130582318752,1.807842493057251
1748789091.9954243,-0.7813299633351344,1.8132688999176025
1748789092.0288415,-0.7711590510475667,1.8184067010879517
1748789092.062253,-0.7633411380377602,1.824400544166565
1748789092.0956619,-0.7559871349130909,1.8314943313598633
1748789092.1291294,-0.7484126519915044,1.8375273942947388
1748789092.1625392,-0.7410537653120811,1.8424988985061646
1748789092.195959,-0.7329484467604204,1.8481148481369019
1748789092.2294707,-0.7230757545073929,1.8537139892578125
1748789092.2628815,-0.7157275233779763,1.8611862659454346
1748789092.2965794,-0.7081242050173546,1.8667986392974854
1748789092.3302042,-0.7002647388004558,1.8724031448364258
1748789092.3640456,-0.6929078167568273,1.8777196407318115
1748789092.397732,-0.6853215816828144,1.8836537599563599
1748789092.4310906,-0.677730664591269,1.8890841007232666
1748789092.4644973,-0.6701350527724663,1.8947031497955322
1748789092.4979079,-0.6625510340345153,1.900549292564392
1748789092.5313172,-0.6524135195661404,1.90584397315979
1748789092.5651798,-0.6446080153408736,1.9138455390930176
1748789092.5991814,-0.6397989362963816,1.917397379875183
1748789092.632592,-0.6322207814092506,1.9230942726135254
1748789092.6661725,-0.621874868678614,1.9288145303726196
1748789092.6995797,-0.6145499300307604,1.9365003108978271
1748789092.7330453,-0.6066920981763462,1.9416505098342896
1748789092.7665534,-0.5993778750209334,1.9472734928131104
1748789092.8000364,-0.5917968265702905,1.9530601501464844
1748789092.8334389,-0.5839568787259535,1.9587293863296509
1748789092.866954,-0.5763732276161985,1.9644147157669067
1748789092.9003623,-0.5687839296051768,1.970436453819275
1748789092.933768,-0.5611982135269634,1.9757802486419678
1748789092.967153,-0.5536123926407059,1.981460452079773
1748789093.000643,-0.5462824873279349,1.9871971607208252
1748789093.0340478,-0.5383974492565025,1.9920227527618408
1748789093.0674574,-0.5308148627825464,1.9978654384613037
1748789093.100872,-0.5234700065442395,2.003244400024414
1748789093.134348,-0.5156193844977843,2.0088725090026855
1748789093.167935,-0.5080263620971889,2.014512777328491
1748789093.2013545,-0.49763069626936457,2.0219640731811523
1748789093.2348032,-0.49028048424633064,2.0275919437408447
1748789093.2685864,-0.4826738932359578,2.035067319869995
1748789093.3020048,-0.47278626078780267,2.040684938430786
1748789093.3354254,-0.46239072046689444,2.0481669902801514
1748789093.3688364,-0.4547847122231573,2.053781509399414
1748789093.402248,-0.4471789224125477,2.059206247329712
1748789093.435645,-0.4372907716548124,2.066880226135254
1748789093.4690087,-0.4296849109931887,2.0723061561584473
1748789093.502415,-0.42207906568637643,2.078105926513672
1748789093.5357652,-0.41396593153506717,2.0837197303771973
1748789093.5691676,-0.4063599287753842,2.0895235538482666
1748789093.6025352,-0.3990078333893467,2.0951404571533203
1748789093.6359928,-0.38912012447776645,2.1003787517547607
1748789093.6693974,-0.38404947035739195,2.105991840362549
1748789093.7027962,-0.37618067506156205,2.1116373538970947
1748789093.7362056,-0.3686481354965376,2.118098735809326
1748789093.769682,-0.3562458647284077,2.1248528957366943
1748789093.803081,-0.34867223502113487,2.1304993629455566
1748789093.8364966,-0.3433268301949889,2.135636329650879
1748789093.8699086,-0.3360068153860899,2.1412858963012695
1748789093.90363,-0.3256557753764524,2.1488120555877686
1748789093.9370124,-0.3157525261312794,2.1537489891052246
1748789093.97052,-0.3104730046811148,2.159698009490967
1748789094.0039258,-0.30288279101584203,2.1651365756988525
1748789094.0373876,-0.2952552219757802,2.1704607009887695
1748789094.070791,-0.2874144437686045,2.175940752029419
1748789094.1041944,-0.2775384191032514,2.1833338737487793
1748789094.1375988,-0.267417810658677,2.1891517639160156
1748789094.1711483,-0.26234940802263096,2.1946299076080322
1748789094.2045555,-0.25502387388604775,2.2001535892486572
1748789094.2380176,-0.24719098228664338,2.2059054374694824
1748789094.2716272,-0.23960663206322314,2.211501121520996
1748789094.3050308,-0.23202916456820663,2.217114210128784
1748789094.3385158,-0.22697665266126787,2.221034049987793
1748789094.3719292,-0.21687163043024807,2.228327512741089
1748789094.4054148,-0.20929358182506677,2.2339465618133545
1748789094.4388216,-0.20196635390162446,2.2395260334014893
1748789094.4722404,-0.19414295965032155,2.2452142238616943
1748789094.5064983,-0.18425808064281798,2.250232696533203
1748789094.5399122,-0.17897066335967218,2.256229877471924
1748789094.5737047,-0.17139479612140937,2.2617506980895996
1748789094.6071646,-0.16384073090762447,2.26767897605896
1748789094.6405995,-0.1565230844672846,2.273261547088623
1748789094.674037,-0.14865888333262808,2.2784640789031982
1748789094.7074482,-0.14105258848512306,2.2836387157440186
1748789094.7408762,-0.13096387554591415,2.2916908264160156
1748789094.7742765,-0.12379570512552611,2.2983763217926025
1748789094.8076787,-0.11589997536142947,2.303520679473877
1748789094.8411212,-0.10866701080130961,2.31217885017395
1748789094.874557,-0.10142028990499044,2.3200862407684326
1748789094.9079542,-0.09138222318427207,2.3289754390716553
1748789094.9413533,-0.08411757479259119,2.3370096683502197
1748789094.9748013,-0.0767015068543713,2.3440544605255127
1748789095.008205,-0.06945683234680469,2.3529391288757324
1748789095.0416033,-0.05904901798173604,2.3608450889587402
1748789095.0750139,-0.052223436501992175,2.3718619346618652
1748789095.1084437,-0.04478108871356693,2.379880666732788
1748789095.141855,-0.03736328720121286,2.3884360790252686
1748789095.1752615,-0.030392416940569544,2.3992207050323486
1748789095.2086694,-0.022899485673503833,2.4065334796905518
1748789095.2420876,-0.01575157618520819,2.4164533615112305
1748789095.2755277,-0.008513309947998107,2.426053047180176
1748789095.3096669,-0.0009211999639438442,2.433317184448242
1748789095.3433673,0.006106532004539476,2.4439163208007812
1748789095.3767996,0.013314957177129497,2.4538931846618652
1748789095.4106054,0.0227984229405126,2.4632911682128906
1748789095.4441538,0.0301652138539441,2.4786624908447266
1748789095.477673,0.037109416495652685,2.4909489154815674
1748789095.5111096,0.044424236459495,2.5012753009796143
1748789095.5446587,0.05219051335461674,2.5113770961761475
1748789095.5781703,0.05905719808795638,2.5228822231292725
1748789095.6116426,0.06917845863887274,2.53572678565979
1748789095.6450145,0.0734582246131518,2.5431509017944336
1748789095.6784403,0.08354543347881496,2.5557620525360107
1748789095.7120018,0.09091591737952544,2.5649688243865967
1748789095.745413,0.10059131446852394,2.5737125873565674
1748789095.7788177,0.10561573786703417,2.584404706954956
1748789095.8122184,0.11274829346417703,2.593505382537842
1748789095.8456194,0.12013923476710253,2.603184700012207
1748789095.8790307,0.12789549196356267,2.611360549926758
1748789095.9127762,0.135481734168641,2.6190056800842285
1748789095.9461963,0.14518600990473543,2.628462314605713
1748789095.9796252,0.15262944217406693,2.6393942832946777
1748789096.0130665,0.15961840716944936,2.6496598720550537
1748789096.0468352,0.16728156557284451,2.6584866046905518
1748789096.0804555,0.1769232949057976,2.6720030307769775
1748789096.1139555,0.18471994998238894,2.6801047325134277
1748789096.1473956,0.19481331073876026,2.687579870223999
1748789096.1807857,0.20183093862726278,2.6999881267547607
1748789096.214172,0.20856427451593343,2.7118449211120605
1748789096.247534,0.21598052703416976,2.719680070877075
1748789096.2809615,0.223461395849317,2.727602958679199
1748789096.3143744,0.2307771156598325,2.7364273071289062
1748789096.3478234,0.24055415552793677,2.7485435009002686
1748789096.381662,0.24793490143414681,2.7571585178375244
1748789096.4153705,0.2554218483566385,2.764742612838745
1748789096.448808,0.26269795144179886,2.7725462913513184
1748789096.482207,0.2700603394950678,2.7808728218078613
1748789096.515612,0.2775048520956372,2.789022922515869
1748789096.5490181,0.2852681229375936,2.7963786125183105
1748789096.5825028,0.2926550956343971,2.8045902252197266
1748789096.6159935,0.30029158047137117,2.8104515075683594
1748789096.6493907,0.31014882726599374,2.820993423461914
1748789096.6829088,0.3199456619066456,2.828847885131836
1748789096.7172368,0.32509741151245536,2.8331384658813477
1748789096.7512574,0.3325295691595527,2.8398630619049072
1748789096.7847245,0.33987589303292537,2.8471555709838867
1748789096.8181238,0.3498787509517748,2.8553519248962402
1748789096.8517783,0.35727443070085807,2.8627512454986572
1748789096.885212,0.367098737446213,2.868333578109741
1748789096.9186888,0.3721157891298874,2.874807596206665
1748789096.952093,0.3798220203464474,2.8816797733306885
1748789096.9854531,0.3873980165771686,2.8871233463287354
1748789097.0189283,0.39498608723294004,2.891928195953369
1748789097.0530245,0.40478316985495744,2.8993992805480957
1748789097.08647,0.4125286653522254,2.905269145965576
1748789097.119878,0.420334563970428,2.910386800765991
1748789097.1533554,0.43022992039198193,2.914672613143921
1748789097.1867964,0.4380737250111263,2.920900344848633
1748789097.2202017,0.4453505180949098,2.927074670791626
1748789097.253605,0.453023546888868,2.931619167327881
1748789097.2871258,0.46070405266753317,2.936541795730591
1748789097.3205752,0.46847273173247095,2.9402894973754883
1748789097.3540595,0.4789393118165263,2.9464850425720215
1748789097.3874686,0.4864182723938332,2.9525084495544434
1748789097.4468086,0.4979048148972138,2.9564809799194336
1748789097.4804764,0.501138387515622,2.957645893096924
1748789097.5138848,0.5026047265670714,2.957951307296753
1748789097.5472677,0.5043474613778441,2.958724021911621
1748789097.581037,0.5096999844849635,2.9615678787231445
1748789097.6145225,0.5177243525049712,2.9649407863616943
1748789097.647964,0.5267189815971804,2.9685862064361572
1748789097.681375,0.5373368163542894,2.972829580307007
1748789097.7148113,0.547647449347646,2.9761435985565186
1748789097.7482123,0.557411690638788,2.980102777481079
1748789097.781661,0.5718129917270086,2.985963821411133
1748789097.8151073,0.5824159486865863,2.9896206855773926
1748789097.8485432,0.5933775673663451,2.993652105331421
1748789097.8819568,0.6036384417729532,2.99780011177063
1748789097.9153368,0.6142724766119388,3.001361131668091
1748789097.9487386,0.6252622827053327,3.00484037399292
1748789097.9824302,0.6390896891521283,3.009648323059082
1748789098.0158339,0.6500736461772186,3.013465166091919
1748789098.0492756,0.6599925911517948,3.0169548988342285
1748789098.0826948,0.6709649339799021,3.0208921432495117
1748789098.1162608,0.6848050757413547,3.023853302001953
1748789098.149767,0.6922410378004025,3.0276012420654297
1748789098.1831663,0.7028631866718794,3.031497001647949
1748789098.2165632,0.7170619326875571,3.0354669094085693
1748789098.2500043,0.7312492424501553,3.038525342941284
1748789098.2834013,0.7386746043306102,3.042870283126831
1748789098.3173301,0.7490018491140922,3.0457754135131836
1748789098.3507361,0.7632579331641076,3.04846453666687
1748789098.38428,0.7735080455597955,3.052044630050659
1748789098.4178014,0.7841517778457431,3.054960012435913
1748789098.451211,0.7947819154937888,3.0585973262786865
1748789098.4846668,0.8054360008343909,3.0615575313568115
1748789098.518071,0.816454783967307,3.0638697147369385
1748789098.55148,0.826836028108412,3.06589937210083
1748789098.5849516,0.8363235511739996,3.0681064128875732
1748789098.6185172,0.8411267188054193,3.0690414905548096
1748789098.651917,0.8455660814481677,3.0689384937286377
1748789098.685412,0.8491338828716657,3.069729804992676
1748789098.7188103,0.8525914341164056,3.0706074237823486
1748789098.7522106,0.8559561089738267,3.071110725402832
1748789098.7856162,0.8592066850648926,3.072890043258667
1748789098.8190036,0.8624409056716998,3.0735816955566406
1748789098.8525634,0.8656742242486998,3.073211669921875
1748789098.88596,0.8699549144349984,3.073925495147705
1748789098.9194398,0.8731520548048014,3.0745506286621094
1748789098.9528496,0.8763504558045206,3.0738844871520996
1748789098.986259,0.8806237393862437,3.0749971866607666
1748789099.0196629,0.8828791491163863,3.074866771697998
1748789099.0536652,0.8870559530413074,3.0742716789245605
1748789099.087067,0.8902644269840718,3.074028968811035
1748789099.1204762,0.8934654341677466,3.074890613555908
1748789099.1538827,0.8966794013412787,3.0742692947387695
1748789099.1873071,0.8988241498485058,3.0747604370117188
1748789099.220683,0.903161212582681,3.0734992027282715
1748789099.2550447,0.9063387094936404,3.0741171836853027
1748789099.288449,0.9099326527092629,3.072382926940918
1748789099.3219912,0.9133049332103278,3.0731756687164307
1748789099.3554552,0.9168318896102455,3.070995807647705
1748789099.3888545,0.9216423675167751,3.0718913078308105
1748789099.422281,0.9253056375153726,3.070464611053467
1748789099.455751,0.9287728782614938,3.070280075073242
1748789099.4891558,0.9320499077853496,3.071014404296875
1748789099.5225625,0.9354248381933323,3.0690526962280273
1748789099.5559788,0.9385789390961723,3.0680716037750244
1748789099.589387,0.9428805005338278,3.067534923553467
1748789099.6231103,0.9459606874576815,3.0669314861297607
1748789099.656512,0.9491755469185024,3.065615653991699
1748789099.6899226,0.9522275422812244,3.063383102416992
1748789099.7233238,0.9551765457028302,3.062089204788208
1748789099.7567275,0.958188195724262,3.0608487129211426
1748789099.7901223,0.9613069284050011,3.0604734420776367
1748789099.8235357,0.9652184913041321,3.058875322341919
1748789099.8569734,0.9681887487689815,3.0592470169067383
1748789099.8903928,0.9710000981316785,3.0578246116638184
1748789099.9237893,0.9739601553514367,3.0579583644866943
1748789099.957132,0.9767171467620538,3.056644916534424
1748789099.9912357,0.9793707705487702,3.0565598011016846
1748789100.0246434,0.9821222859288258,3.0563080310821533
1748789100.058052,0.9847218555845363,3.0552291870117188
1748789100.0914536,0.987261532582665,3.0551204681396484
1748789100.1248503,0.9897641322390531,3.0556042194366455
1748789100.1582696,0.992907821825369,3.0538675785064697
1748789100.191788,0.9961878335545077,3.0537586212158203
1748789100.2253091,0.9977640139975377,3.0541329383850098
1748789100.258729,1.000940689039082,3.0544676780700684
1748789100.2921226,1.0031517824406468,3.0546364784240723
1748789100.3255625,1.0060497956595458,3.0546915531158447
1748789100.359003,1.0075914674360615,3.054755210876465
1748789100.3927324,1.0098193484100062,3.0540618896484375
1748789100.4261522,1.0120649711536942,3.0545692443847656
1748789100.4595463,1.0143009362645579,3.0541279315948486
1748789100.4929485,1.0164022540117383,3.0532402992248535
1748789100.5263033,1.0184081752379814,3.054521322250366
1748789100.5597734,1.0210537851264516,3.0527420043945312
1748789100.5931838,1.0230520634944327,3.0546512603759766
1748789100.626593,1.024964514188803,3.053434133529663
1748789100.6599872,1.027472332180628,3.0534024238586426
1748789100.693385,1.0293312937305779,3.0546908378601074
1748789100.7267954,1.0311201672757448,3.0535826683044434
1748789100.7602072,1.0329073715075732,3.05380916595459
1748789100.7936075,1.0346175362340848,3.053288459777832
1748789100.8270457,1.0369850824487048,3.0528533458709717
1748789100.8604422,1.0386924861895999,3.0521836280822754
1748789100.8938634,1.040398422832643,3.0519258975982666
1748789100.927272,1.0426378713045845,3.052157163619995
1748789100.960714,1.0442821249410847,3.0513792037963867
1748789100.9941134,1.0459237051440273,3.052320957183838
1748789101.0275142,1.047685638044434,3.0510990619659424
1748789101.0609338,1.0493676400461873,3.0519356727600098
1748789101.0943322,1.0514954449286993,3.0506162643432617
1748789101.127741,1.0530588627723039,3.050248622894287
1748789101.161145,1.0545827081111927,3.0506889820098877
1748789101.1945944,1.0560720623180948,3.0499322414398193
1748789101.2279925,1.0580058634284732,3.050267219543457
1748789101.2614043,1.0593852107844914,3.049454689025879
1748789101.2948208,1.0608562789890796,3.050311326980591
1748789101.32822,1.062208517343182,3.0498805046081543
1748789101.3616378,1.0636029991522566,3.049786329269409
1748789101.3950417,1.0648664361254252,3.0496435165405273
1748789101.4285064,1.0661498637356777,3.049159049987793
1748789101.461895,1.0674291824785573,3.049642562866211
1748789101.4953492,1.0686990326069359,3.049410820007324
1748789101.528825,1.0702055845636407,3.048658609390259
1748789101.562305,1.0710325143653725,3.048574924468994
1748789101.5960538,1.0721794799385598,3.0487778186798096
1748789101.6294649,1.073732814784717,3.0487098693847656
1748789101.6636686,1.0749219784954769,3.0481438636779785
1748789101.6970649,1.0761282693912382,3.048938512802124
1748789101.731098,1.0773701524285335,3.0478546619415283
1748789101.7645917,1.0786085260165221,3.0490825176239014
1748789101.7980027,1.0797710242697418,3.0484397411346436
1748789101.8315406,1.080910483399457,3.0483908653259277
1748789101.8649614,1.0820027450524732,3.0493876934051514
1748789101.8983605,1.083439341119536,3.0494227409362793
1748789101.9321454,1.084444589782878,3.04892635345459
1748789101.965583,1.0854419850193129,3.0497002601623535
1748789101.9991205,1.0864411346756389,3.0489068031311035
1748789102.0325167,1.087435575085986,3.0492630004882812
1748789102.0659509,1.088420138038061,3.0494205951690674
1748789102.0993507,1.0893633777085496,3.049316167831421
1748789102.1327994,1.0905519222259275,3.049978256225586
1748789102.1661959,1.0914510411878011,3.050217628479004
1748789102.1996026,1.092300666451309,3.0499584674835205
1748789102.2330842,1.0931536234816694,3.0501811504364014
1748789102.266549,1.094012804644265,3.0503451824188232
1748789102.3000135,1.0948326055592357,3.0502028465270996
1748789102.3334203,1.0956136227720146,3.0502352714538574
1748789102.3668346,1.0964272797768655,3.0505211353302
1748789102.4002616,1.0972150137335714,3.0505776405334473
1748789102.433671,1.0982947649104622,3.050666093826294
1748789102.4670932,1.0985318825668349,3.0506715774536133
1748789102.500672,1.0987505334113794,3.0506980419158936
1748789102.5340436,1.0988726995230367,3.0506985187530518
1748789102.5674999,1.0989612784069311,3.0507051944732666
1748789102.6009753,1.0989791445640322,3.050706624984741
1748789102.6343877,1.0989946495777798,3.050706148147583
1748789102.6687093,1.0990039988020284,3.0507068634033203
1748789102.7022822,1.0990097815496942,3.0507051944732666
1748789102.7357,1.0990131837781214,3.050706386566162
1748789102.7691119,1.0990166617376018,3.0507054328918457
1748789102.802654,1.0990183366317772,3.0507054328918457
1748789102.8360739,1.0990206029521612,3.050705671310425
1748789102.869492,1.0990224712996592,3.0507054328918457
1748789102.9029005,1.0990241653039827,3.0507030487060547
1748789102.936334,1.0990257693592864,3.0507030487060547
1748789102.969803,1.099027473444088,3.050704002380371
1748789103.0032723,1.0990290530762632,3.050704002380371
1748789103.0370414,1.0990307063989375,3.0507023334503174
1748789103.0704634,1.0990328417747843,3.050701379776001
1748789103.103895,1.099035039526768,3.050701379776001
1748789103.1373088,1.0990365264165394,3.0507028102874756
1748789103.1707482,1.0990383095824077,3.0507023334503174
1748789103.204158,1.0990399122341656,3.0507009029388428
1748789103.2375743,1.0990413778658619,3.0507004261016846
1748789103.270974,1.0990431158985359,3.0507004261016846
1748789103.3044734,1.099044654243292,3.0507001876831055
1748789103.337891,1.099046193403709,3.0506999492645264
1748789103.3712988,1.0990482891702924,3.050699472427368
1748789103.4047475,1.0990503634897788,3.05069899559021
1748789103.438149,1.09905228063221,3.050699234008789
1748789103.4715497,1.0990539531944838,3.0506985187530518
1748789103.5049553,1.0990556413496448,3.0506985187530518
1748789103.5383866,1.099057395648006,3.05069899559021
1748789103.5717852,1.0990590483790077,3.0506978034973145
1748789103.6051915,1.099061062338747,3.050696849822998
1748789103.638652,1.0990624950307757,3.050696611404419
1748789103.6720986,1.099063934127524,3.050697088241577
1748789103.7055047,1.0990653620635815,3.0506973266601562
1748789103.7389474,1.0990679514143562,3.050696849822998
1748789103.772385,1.099069590432937,3.050694465637207
1748789103.8060448,1.0990716414186308,3.050694465637207
1748789103.8394668,1.0990734587702913,3.050694704055786
1748789103.8728774,1.0990750844288084,3.0506958961486816
1748789103.9063523,1.099076595234,3.0506951808929443
1748789103.93981,1.0990783551452314,3.050692558288574
1748789103.9742243,1.0990803180584368,3.0506927967071533
1748789104.007648,1.0990815144052744,3.0506927967071533
1748789104.0410125,1.0990831590350305,3.050693988800049
1748789104.074454,1.0990852230059163,3.0506927967071533
1748789104.107808,1.0990870801786956,3.0506908893585205
1748789104.141219,1.099088706211451,3.050691604614258
1748789104.1745882,1.0990909024477125,3.0506913661956787
1748789104.2080069,1.099092252130613,3.050692319869995
1748789104.241476,1.0990940566157792,3.0506908893585205
1748789104.274891,1.0990954364181889,3.050689697265625
1748789104.3083313,1.099097001126622,3.050689935684204
1748789104.3417442,1.0990982340156736,3.0506904125213623
1748789104.375302,1.099100416708262,3.050689935684204
1748789104.4087036,1.0991023355754819,3.0506887435913086
1748789104.442461,1.0991038978283516,3.0506880283355713
1748789104.475848,1.0991059041625855,3.0506880283355713
1748789104.5092494,1.0991071358797997,3.0506885051727295
1748789104.543071,1.0991087109499031,3.050687789916992
1748789104.5765412,1.0991115008795567,3.050687074661255
1748789104.6100464,1.0991131368029712,3.0506861209869385
1748789104.6434433,1.0991146394953326,3.0506861209869385
1748789104.6769145,1.099116060567326,3.0506865978240967
1748789104.7103522,1.0991177461852093,3.050687074661255
1748789104.7437577,1.0991198509270994,3.050685167312622
1748789104.7771986,1.099121335194168,3.0506842136383057
1748789104.810621,1.0991230761583188,3.050684928894043
1748789104.8440251,1.0991250753176929,3.050684928894043
1748789104.8774254,1.0991267398985345,3.0506842136383057
1748789104.911807,1.0991293500460912,3.0506834983825684
1748789104.9452178,1.099130877366627,3.0506832599639893
1748789104.9786327,1.0991325009342139,3.0506832599639893
1748789105.01203,1.0991343746595328,3.050682783126831
1748789105.0454476,1.0991365040877112,3.0506837368011475
1748789105.0788517,1.0991381312870379,3.050682306289673
1748789105.1122544,1.0991403541042697,3.0506818294525146
1748789105.145656,1.0991418060134703,3.0506820678710938
1748789105.1790695,1.0991431836993308,3.0506813526153564
1748789105.2128928,1.0991445142255203,3.0506811141967773
1748789105.2467408,1.099146550955608,3.0506818294525146
1748789105.2804139,1.0991481739726825,3.0506808757781982
1748789105.314483,1.0991509896933855,3.050679922103882
1748789105.3479176,1.0991525467552135,3.0506794452667236
1748789105.3813307,1.09915386388982,3.050679922103882
1748789105.4147906,1.0991560214518648,3.05068039894104
1748789105.448357,1.0993306417273798,3.0497329235076904
1748789105.48183,1.1016990853221438,3.0520541667938232
1748789105.5152786,1.1059501425167524,3.0566329956054688
1748789105.5487483,1.111599074292612,3.0610666275024414
1748789105.5821784,1.118354211498274,3.0656025409698486
1748789105.6157334,1.1252405265574277,3.066763401031494
1748789105.649154,1.1321742270310997,3.0711355209350586
1748789105.6825638,1.1395391492753815,3.0773420333862305
1748789105.715935,1.146725538842307,3.081986427307129
1748789105.7493436,1.154427054269637,3.087765693664551
1748789105.7827945,1.161975338510098,3.0931060314178467
1748789105.8162124,1.1695525356841656,3.098479747772217
1748789105.8497226,1.17739934363657,3.104163646697998
1748789105.8831897,1.1850032667348296,3.109679698944092
1748789105.9166257,1.1926048243929293,3.115077257156372
1748789105.9500465,1.1999506739802266,3.1208932399749756
1748789105.9834516,1.2103457659283618,3.1266613006591797
1748789106.0169034,1.2176972012578755,3.132082939147949
1748789106.0503197,1.2253032321044561,3.1395504474639893
1748789106.084074,1.232656031269275,-3.1382172107696533
1748789106.11771,1.2402611921856166,-3.1344776153564453
1748789106.1516497,1.247866783707745,-3.1270124912261963
1748789106.1850724,1.2534439400106365,-3.1230931282043457
1748789106.2185364,1.2633299660642392,-3.1156117916107178
1748789106.2519367,1.270681908796093,-3.110020637512207
1748789106.2853367,1.2808216494687346,-3.104599952697754
1748789106.3187692,1.2861450272504198,-3.098808526992798
1748789106.3523307,1.2934967628126073,-3.093209981918335
1748789106.385754,1.301354974372413,-3.0876030921936035
1748789106.4191535,1.31149462580398,-3.082000255584717
1748789106.4525578,1.3165648356703248,-3.076585292816162
1748789106.4859595,1.3241698306582457,-3.0707907676696777
1748789106.5195875,1.3343101768988028,-3.0635087490081787
1748789106.5529752,1.3419157915852644,-3.0575318336486816
1748789106.5863838,1.34952065685914,-3.0521116256713867
1748789106.6198094,1.3571258938019317,-3.046511650085449
1748789106.65321,1.3647307633011865,-3.0409038066864014
1748789106.6866546,1.3720828980435318,-3.0353057384490967
1748789106.7200654,1.3799421380768861,-3.0296976566314697
1748789106.7535083,1.3900781958470074,-3.022169589996338
1748789106.7869008,1.3976841130909097,-3.0163893699645996
1748789106.8203795,1.405542309387614,-3.0109705924987793
1748789106.853796,1.4131459291998139,-3.0053539276123047
1748789106.8872738,1.4230312565845389,-2.997878313064575
1748789106.920906,1.4306352673553209,-2.992267370223999
1748789106.9543133,1.4382390255919104,-2.9866526126861572
1748789106.987765,1.448377023430471,-2.97916316986084
1748789107.0211532,1.4562379945942734,-2.973592519760132
1748789107.054535,1.4635892348605692,-2.967975616455078
1748789107.0880089,1.4709402472995572,-2.962371349334717
1748789107.1214726,1.4787994757507987,-2.9567649364471436
1748789107.1548939,1.486404161464487,-2.9511518478393555
1748789107.1883013,1.4940092029029655,-2.945547342300415
1748789107.2216794,1.5016147516312779,-2.9401254653930664
1748789107.2550836,1.5117548023445715,-2.9343316555023193
1748789107.2885256,1.516824985516305,-2.928534984588623
1748789107.3241117,1.5269653960593417,-2.921247720718384
1748789107.3575377,1.5345706077874288,-2.915635347366333
1748789107.3911822,1.5424296005366285,-2.910024881362915
1748789107.425029,1.5495278557594745,-2.9044206142425537
1748789107.4584475,1.55738680604777,-2.898994207382202
1748789107.4918537,1.5677806721214902,-2.8930108547210693
1748789107.525265,1.5728508998291182,-2.8875925540924072
1748789107.5587947,1.5827378954193312,-2.8819820880889893
1748789107.5924733,1.590596613151492,-2.874314069747925
1748789107.6258845,1.5979485667713038,-2.868891716003418
1748789107.659389,1.6055544522803342,-2.8634700775146484
1748789107.6928194,1.6131597483484812,-2.857670783996582
1748789107.726304,1.6205116709257008,-2.852062702178955
1748789107.759799,1.6283711658270277,-2.8462657928466797
1748789107.7932355,1.6357228706583251,-2.8410274982452393
1748789107.8266609,1.6433282974293315,-2.8352324962615967
1748789107.8601506,1.6511876122347204,-2.8296194076538086
1748789107.8935533,1.658792821144488,-2.8238213062286377
1748789107.9269943,1.6666517734539363,-2.8183999061584473
1748789107.9603493,1.6740041236423415,-2.8126015663146973
1748789107.9937692,1.6841451121488813,-2.8053083419799805
1748789108.0271783,1.6914973970650824,-2.799694776535034
1748789108.0606205,1.6996102090808012,-2.794081687927246
1748789108.094061,1.7069622861086247,-2.788285493850708
1748789108.127475,1.7171030127925675,-2.7828595638275146
1748789108.1608775,1.7244543949196147,-2.7753655910491943
1748789108.1943083,1.7297757567484984,-2.77128529548645
1748789108.2277105,1.7399361599002665,-2.764819622039795
1748789108.2611642,1.7478634098253358,-2.7599270343780518
1748789108.29461,1.7552203641413022,-2.7542102336883545
1748789108.3280282,1.7629006162075955,-2.7495532035827637
1748789108.361443,1.7705750976360157,-2.7441864013671875
1748789108.3950832,1.7807536669229702,-2.7386672496795654
1748789108.4285176,1.7909472009045255,-2.7312729358673096
