timestamp,encoder_distance,yaw_true
1748710172.855151,-18.840754717689116,-3.132239818572998
1748710172.9590917,-18.840751019275285,-3.13224196434021
1748710172.9925058,-18.839686747643807,-3.132678985595703
1748710173.0259168,-18.834795924972024,-3.131150245666504
1748710173.0594037,-18.830555926651012,-3.13027024269104
1748710173.0928764,-18.8269122237536,-3.1295089721679688
1748710173.1262817,-18.823556912395834,-3.1290652751922607
1748710173.159695,-18.820361482682674,-3.1281580924987793
1748710173.193134,-18.817247664009937,-3.1274068355560303
1748710173.226561,-18.814061232327628,-3.1271815299987793
1748710173.2599678,-18.811116165538625,-3.1265320777893066
1748710173.2933755,-18.808054992842568,-3.1263718605041504
1748710173.3303666,-18.80498635656091,-3.1254780292510986
1748710173.3637729,-18.801816923709115,-3.125084638595581
1748710173.39717,-18.79887925709534,-3.124262809753418
1748710173.430577,-18.794927712033008,-3.124211072921753
1748710173.4640102,-18.793819806003178,-3.123976469039917
1748710173.497455,-18.790804911803967,-3.1232118606567383
1748710173.5308564,-18.786776514250544,-3.1228957176208496
1748710173.5642574,-18.78375026038739,-3.122706890106201
1748710173.5976286,-18.780718802388144,-3.1217570304870605
1748710173.632171,-18.77756592736913,-3.1217424869537354
1748710173.6656291,-18.77361404628903,-3.1207642555236816
1748710173.699026,-18.770580163832708,-3.120534658432007
1748710173.7324784,-18.76753594487797,-3.120488166809082
1748710173.765913,-18.7644938869286,-3.1197028160095215
1748710173.799318,-18.761452841291952,-3.1195287704467773
1748710173.8327925,-18.75840934801254,-3.119298219680786
1748710173.8661993,-18.755380478782623,-3.119091510772705
1748710173.8996027,-18.752237888812488,-3.1189517974853516
1748710173.9330125,-18.749293411842398,-3.1181750297546387
1748710173.9677598,-18.747150736778025,-3.1182239055633545
1748710174.0011806,-18.74306383159522,-3.1175448894500732
1748710174.034606,-18.739970272122946,-3.1178767681121826
1748710174.0679977,-18.736958039269673,-3.1169497966766357
1748710174.101432,-18.733923377290782,-3.1173338890075684
1748710174.1348848,-18.730725475564544,-3.11670184135437
1748710174.168284,-18.727757982767855,-3.116551637649536
1748710174.2016864,-18.72470652263493,-3.1160738468170166
1748710174.2351563,-18.721565991534163,-3.1161437034606934
1748710174.2685907,-18.71753002922201,-3.115734815597534
1748710174.3063834,-18.714407096050458,-3.115373373031616
1748710174.3397803,-18.711461011129185,-3.1158394813537598
1748710174.3732626,-18.70921359560363,-3.1150996685028076
1748710174.4066823,-18.706353912290854,-3.1151885986328125
1748710174.440417,-18.70239963820334,-3.1149709224700928
1748710174.473817,-18.7000705458612,-3.11486554145813
1748710174.5072048,-18.697250434868298,-3.114638090133667
1748710174.5406585,-18.694205548658065,-3.114410161972046
1748710174.574068,-18.691174850984385,-3.114042043685913
1748710174.6074932,-18.68914154233468,-3.114069938659668
1748710174.6409488,-18.685167324774334,-3.113593578338623
1748710174.6764708,-18.682021500039,-3.1133310794830322
1748710174.7098923,-18.678056354821035,-3.1137213706970215
1748710174.7433054,-18.674881434353487,-3.1128692626953125
1748710174.7767167,-18.672811376583883,-3.113499402999878
1748710174.8101144,-18.669722453167665,-3.11275577545166
1748710174.8435464,-18.666642401973725,-3.1130154132843018
1748710174.8769433,-18.662647604166967,-3.112419605255127
1748710174.9103625,-18.6594639753309,-3.11286997795105
1748710174.9438334,-18.65742523459772,-3.112356185913086
1748710174.9772522,-18.6543435634284,-3.112506151199341
1748710175.0111325,-18.65228325384549,-3.111919403076172
1748710175.0445328,-18.648283829040547,-3.1120364665985107
1748710175.0779347,-18.646150869767396,-3.1118404865264893
1748710175.111344,-18.643208751285886,-3.1116957664489746
1748710175.1447427,-18.640062859191204,-3.111849784851074
1748710175.1781423,-18.636995626057896,-3.1113028526306152
1748710175.2115302,-18.633916061104156,-3.111340045928955
1748710175.2449622,-18.6318752186061,-3.1110873222351074
1748710175.2784605,-18.628816524598697,-3.110886573791504
1748710175.3118591,-18.625784159013733,-3.1108272075653076
1748710175.3453283,-18.62275477709323,-3.110642910003662
1748710175.378739,-18.61961296665908,-3.1104915142059326
1748710175.4121506,-18.6166872265126,-3.1102025508880615
1748710175.4456894,-18.613621125173026,-3.110459089279175
1748710175.4790916,-18.610568234882066,-3.110053300857544
1748710175.512493,-18.606618213787925,-3.109985589981079
1748710175.5459077,-18.60348600705944,-3.1098458766937256
1748710175.5800822,-18.602577989897696,-3.109294891357422
1748710175.6134923,-18.59842156900465,-3.1095457077026367
1748710175.6477895,-18.595476869632336,-3.109261989593506
1748710175.6811972,-18.592332185515314,-3.108950138092041
1748710175.7146187,-18.589293951037828,-3.1089682579040527
1748710175.7480185,-18.58626272406105,-3.108812093734741
1748710175.781464,-18.583111980505826,-3.1089060306549072
1748710175.8148603,-18.58013937313475,-3.1083197593688965
1748710175.8482413,-18.57816719636511,-3.1087512969970703
1748710175.8816478,-18.57495435192205,-3.1079537868499756
1748710175.9150481,-18.57172373293332,-3.108415126800537
1748710175.9484613,-18.56862065301532,-3.1077351570129395
1748710175.9818687,-18.565618025923104,-3.1080586910247803
1748710176.0152473,-18.56261547510429,-3.1074745655059814
1748710176.048657,-18.559420837048847,-3.1078968048095703
1748710176.0832667,-18.557263461139218,-3.1075806617736816
1748710176.116673,-18.5542934589949,-3.107327938079834
1748710176.1501591,-18.550233644557874,-3.1071434020996094
1748710176.1835766,-18.548208886545357,-3.107015609741211
1748710176.216993,-18.545178706084833,-3.1069424152374268
1748710176.2503939,-18.542149926192334,-3.1069512367248535
1748710176.2837918,-18.540132144003806,-3.1068475246429443
1748710176.3171976,-18.537091802625564,-3.1067702770233154
1748710176.3506942,-18.53406214335768,-3.1063568592071533
1748710176.384323,-18.531019131844896,-3.1067419052124023
1748710176.4178503,-18.527067717963114,-3.1063194274902344
1748710176.4513083,-18.523924655462775,-3.1066811084747314
1748710176.4847207,-18.5208696254215,-3.1060924530029297
1748710176.5181377,-18.5178161037859,-3.1067163944244385
1748710176.5544467,-18.514742545103946,-3.1060335636138916
1748710176.5878937,-18.512478990301492,-3.1062395572662354
1748710176.6212919,-18.509565770118446,-3.1060028076171875
1748710176.6556494,-18.507485878960296,-3.1062135696411133
1748710176.6890469,-18.504398410183143,-3.1059494018554688
1748710176.7224662,-18.502458224477447,-3.105623960494995
1748710176.7558918,-18.498278103067836,-3.106029748916626
1748710176.7896814,-18.495232018490565,-3.1055610179901123
1748710176.8230376,-18.49218580771283,-3.105644941329956
1748710176.856439,-18.489147759641828,-3.105557680130005
1748710176.889838,-18.486114640171667,-3.105668783187866
1748710176.923245,-18.483066568976493,-3.105255603790283
1748710176.9566605,-18.480020245982104,-3.10544490814209
1748710176.990077,-18.476877555767903,-3.1052184104919434
1748710177.0235145,-18.474949275432884,-3.1055033206939697
1748710177.0569592,-18.471796218545524,-3.1052258014678955
1748710177.0904307,-18.468850402370506,-3.1056082248687744
1748710177.1238773,-18.465791884394203,-3.105010747909546
1748710177.1575372,-18.4618309401469,-3.1052701473236084
1748710177.1909447,-18.459604782778698,-3.105441093444824
1748710177.2243516,-18.456749555962762,-3.1053292751312256
1748710177.257791,-18.454600605282792,-3.105794668197632
1748710177.291198,-18.45149763116959,-3.10555362701416
1748710177.3245559,-18.448390312685035,-3.1058623790740967
1748710177.3579743,-18.44528595492314,-3.1054108142852783
1748710177.3914032,-18.44321611228734,-3.1055617332458496
1748710177.4248276,-18.44012011253311,-3.1055359840393066
1748710177.458232,-18.436044404870117,-3.105525016784668
1748710177.4917018,-18.43310996738628,-3.1056675910949707
1748710177.5251055,-18.42997495134632,-3.105438709259033
1748710177.5585084,-18.426935038168672,-3.105762243270874
1748710177.591924,-18.423772966086155,-3.105386257171631
1748710177.6253557,-18.420817805394805,-3.1059610843658447
1748710177.658801,-18.41886894482095,-3.1055407524108887
1748710177.6922023,-18.415666562409704,-3.1061675548553467
1748710177.725623,-18.41254509976653,-3.1057305335998535
1748710177.7590656,-18.409528043798993,-3.1062164306640625
1748710177.7927654,-18.406326396299168,-3.105870485305786
1748710177.8261762,-18.40336134009754,-3.106154441833496
1748710177.859586,-18.400211013045357,-3.1062281131744385
1748710177.8930025,-18.39717544751471,-3.1060454845428467
1748710177.9264455,-18.39403605408675,-3.106574535369873
1748710177.959855,-18.391079395798354,-3.1062557697296143
1748710177.994438,-18.389035526774794,-3.106708288192749
1748710178.0280082,-18.38595953953941,-3.1064975261688232
1748710178.061439,-18.382994623498902,-3.1068572998046875
1748710178.0948358,-18.37994265940569,-3.1066553592681885
1748710178.128314,-18.376499902691588,-3.106736898422241
1748710178.1616933,-18.373768825361932,-3.1069118976593018
1748710178.1951394,-18.371643903330437,-3.1068694591522217
1748710178.228709,-18.36769866495237,-3.106895685195923
1748710178.2621162,-18.364666884918297,-3.1073403358459473
1748710178.295536,-18.36162227976073,-3.1068942546844482
1748710178.3289003,-18.35858725457732,-3.1072754859924316
1748710178.3623013,-18.355444277648257,-3.107306957244873
1748710178.395713,-18.352417616105896,-3.1073312759399414
1748710178.4290771,-18.34957828632927,-3.10768723487854
1748710178.4624834,-18.34654111579799,-3.107236385345459
1748710178.4959466,-18.344221441710435,-3.107626438140869
1748710178.530039,-18.341392495892215,-3.107837438583374
1748710178.564065,-18.33744764684948,-3.1075284481048584
1748710178.5974662,-18.334415863861732,-3.1079812049865723
1748710178.630963,-18.332280479774656,-3.1077094078063965
1748710178.6643944,-18.329234738569482,-3.1080820560455322
1748710178.6977913,-18.326196815781593,-3.108035087585449
1748710178.731311,-18.32305123179529,-3.108102321624756
1748710178.7648149,-18.32023205980713,-3.108224630355835
1748710178.7982886,-18.317193890578164,-3.1083977222442627
1748710178.8317575,-18.314072415339734,-3.108311653137207
1748710178.8651993,-18.311134059457242,-3.108685255050659
1748710178.8986301,-18.30768888649181,-3.108527183532715
1748710178.9327624,-18.304967311212167,-3.1086976528167725
1748710178.9663534,-18.301936170139953,-3.108966112136841
1748710178.9999962,-18.299004572242005,-3.10888409614563
1748710179.0334272,-18.29597549759374,-3.1089823246002197
1748710179.0670512,-18.292852629296952,-3.1092159748077393
1748710179.1004653,-18.289829146974277,-3.109269857406616
1748710179.1338747,-18.28782078394699,-3.109312057495117
1748710179.1672769,-18.284791781516855,-3.1094651222229004
1748710179.200731,-18.281876655332248,-3.1095571517944336
1748710179.2342184,-18.279755647326027,-3.1095869541168213
1748710179.2676263,-18.276620288937792,-3.1098358631134033
1748710179.3010237,-18.27348219199003,-3.1098527908325195
1748710179.334429,-18.270547819978866,-3.109987258911133
1748710179.3678706,-18.26761597738196,-3.1102473735809326
1748710179.4018927,-18.26447963468271,-3.1102218627929688
1748710179.4352899,-18.261544520098724,-3.110435962677002
1748710179.4687016,-18.258523615405018,-3.1105546951293945
1748710179.5021346,-18.25549718689951,-3.110790729522705
1748710179.535551,-18.252464508761996,-3.110661029815674
1748710179.5689626,-18.25044161658415,-3.1112301349639893
1748710179.6023538,-18.247397791922445,-3.111011028289795
1748710179.6357908,-18.245257804692574,-3.111236333847046
1748710179.6692424,-18.24229947430906,-3.111358642578125
1748710179.7026532,-18.2392495597995,-3.1114578247070312
1748710179.7360728,-18.2373251898302,-3.11175274848938
1748710179.7694697,-18.234185170530985,-3.111656427383423
1748710179.8029573,-18.23125143521361,-3.1119117736816406
1748710179.8363745,-18.228120976431192,-3.112107753753662
1748710179.8705237,-18.22509324555309,-3.112220287322998
1748710179.904087,-18.223076744065654,-3.1123688220977783
1748710179.9374704,-18.220046905891298,-3.112415313720703
1748710179.9708722,-18.21712068883616,-3.1126017570495605
1748710180.0042844,-18.214094395312863,-3.112823724746704
1748710180.0376806,-18.210966298471764,-3.112879514694214
1748710180.071093,-18.208949760570015,-3.112966775894165
1748710180.1044915,-18.208041824216462,-3.1131670475006104
1748710180.1379278,-18.20389810525068,-3.1132123470306396
1748710180.1713347,-18.201878702889278,-3.1132895946502686
1748710180.204797,-18.19885241499495,-3.1135125160217285
1748710180.2382064,-18.195826066741642,-3.1137120723724365
1748710180.2716324,-18.193908477069648,-3.1137540340423584
1748710180.3050573,-18.19077396395647,-3.1138253211975098
1748710180.3430681,-18.18783389940405,-3.1140217781066895
1748710180.3764703,-18.184710507330905,-3.114210367202759
1748710180.4101803,-18.180668768596025,-3.1142845153808594
1748710180.443593,-18.177644807233108,-3.1143593788146973
1748710180.4770281,-18.17461493742849,-3.114656686782837
1748710180.5104961,-18.171577315502162,-3.1146352291107178
1748710180.5440364,-18.16854772978624,-3.1147186756134033
1748710180.5776541,-18.165514867974952,-3.1149916648864746
1748710180.6110685,-18.162484753593464,-3.1149089336395264
1748710180.6463523,-18.1595551441085,-3.1152281761169434
1748710180.6799858,-18.155518382697572,-3.115349531173706
1748710180.7134254,-18.153497971006278,-3.1157121658325195
1748710180.746849,-18.14943775337472,-3.115583896636963
1748710180.7807112,-18.14720672073951,-3.116105556488037
1748710180.8141093,-18.144264175341927,-3.1158578395843506
1748710180.8475084,-18.14223506162441,-3.116339921951294
1748710180.8811939,-18.139164134053228,-3.1161651611328125
1748710180.9151454,-18.13608958534651,-3.1165874004364014
1748710180.9485483,-18.133010481392684,-3.1163153648376465
1748710180.98212,-18.1299546895831,-3.116903305053711
1748710181.0155168,-18.126875640467524,-3.1166346073150635
1748710181.049457,-18.124827763460193,-3.1172828674316406
1748710181.082861,-18.122779108669473,-3.117067337036133
1748710181.1162589,-18.118484405141764,-3.117586851119995
1748710181.1501148,-18.11563743902335,-3.117358446121216
1748710181.18353,-18.112589064462,-3.117833137512207
1748710181.216957,-18.11055140788194,-3.1177916526794434
1748710181.2503269,-18.107490642376856,-3.11790132522583
1748710181.2837524,-18.10455542289389,-3.118194341659546
1748710181.317189,-18.101513657323924,-3.1182761192321777
1748710181.3505945,-18.099491742320627,-3.118419885635376
1748710181.384155,-18.096466600796937,-3.1186845302581787
1748710181.4180524,-18.092330749617414,-3.11872935295105
1748710181.451457,-18.091422794033452,-3.118854522705078
1748710181.4848754,-18.08830014259469,-3.118929862976074
1748710181.5182924,-18.086276293735896,-3.119122266769409
1748710181.552687,-18.08325386307779,-3.119199275970459
1748710181.5860817,-18.080217974537756,-3.1193110942840576
1748710181.6195338,-18.07830493288612,-3.1194655895233154
1748710181.652967,-18.075271987266103,-3.119565725326538
1748710181.6864326,-18.07214463554408,-3.1197125911712646
1748710181.7198439,-18.0680044373694,-3.119922399520874
1748710181.753242,-18.06609008717578,-3.120006799697876
1748710181.78664,-18.063052526569855,-3.1201541423797607
1748710181.8200881,-18.059924870234948,-3.120190382003784
1748710181.8564703,-18.056981895968246,-3.120371103286743
1748710181.889878,-18.053843541672904,-3.1203434467315674
1748710181.9234426,-18.051923870940378,-3.12056827545166
1748710181.9568624,-18.047877177853465,-3.120708465576172
1748710181.9905133,-18.044851814742966,-3.120818853378296
1748710182.0238683,-18.04192954246316,-3.1209535598754883
1748710182.0572772,-18.04192954246316,-3.1209535598754883
1748710182.090683,-18.036291056946446,-3.121217727661133
1748710182.125108,-18.033273439168486,-3.1213624477386475
1748710182.1589663,-18.030861451330324,-3.1215054988861084
1748710182.192408,-18.02824536834117,-3.121647596359253
1748710182.225909,-18.026228233410478,-3.1217422485351562
1748710182.2617347,-18.023101917061037,-3.121842384338379
1748710182.2952585,-18.021086695134336,-3.121974229812622
1748710182.3287086,-18.0171573546531,-3.1221230030059814
1748710182.3622644,-18.0151430918461,-3.122265338897705
1748710182.3958147,-18.012924733306324,-3.122368335723877
1748710182.4292173,-18.011109812905435,-3.122485637664795
1748710182.4626262,-18.0081847521272,-3.1226022243499756
1748710182.4963262,-18.005058463080925,-3.122743606567383
1748710182.5297332,-18.0020323417742,-3.1228857040405273
1748710182.5631306,-17.9990062007238,-3.123032331466675
1748710182.5965915,-17.99708923765915,-3.1231188774108887
1748710182.6300392,-17.99406024856196,-3.1232762336730957
1748710182.6672878,-17.99002796357179,-3.1234042644500732
1748710182.700692,-17.987011423594947,-3.1236183643341064
1748710182.734142,-17.983891831228505,-3.123756170272827
1748710182.768203,-17.980971623343446,-3.1239116191864014
1748710182.801627,-17.977950347230017,-3.124079942703247
1748710182.8351376,-17.974827784636737,-3.1241455078125
1748710182.868564,-17.97280212450193,-3.124298572540283
1748710182.9020932,-17.969778940198342,-3.1243503093719482
1748710182.9355476,-17.967753003167033,-3.1244564056396484
1748710182.9744492,-17.964621412210743,-3.124729633331299
1748710183.0080922,-17.961697151990297,-3.124724864959717
1748710183.0415823,-17.957659347213102,-3.1249825954437256
1748710183.075006,-17.95464258562446,-3.1250076293945312
1748710183.108403,-17.951213215718195,-3.125242233276367
1748710183.141822,-17.948604833856404,-3.1253223419189453
1748710183.1752455,-17.946581975515205,-3.1254830360412598
1748710183.2086906,-17.943644556166966,-3.125490665435791
1748710183.2421014,-17.940488145525677,-3.1258761882781982
1748710183.275524,-17.93744054736729,-3.1256721019744873
1748710183.3132463,-17.93338308191796,-3.126156806945801
1748710183.346705,-17.932469253792373,-3.1258978843688965
1748710183.3801408,-17.92929889106607,-3.1262590885162354
1748710183.4135463,-17.926345358911064,-3.1262049674987793
1748710183.458346,-17.92228749884483,-3.126481056213379
1748710183.4917412,-17.919150734107564,-3.1266140937805176
1748710183.5255783,-17.91712996673326,-3.1267752647399902
1748710183.5589764,-17.912994859801056,-3.12691068649292
1748710183.592383,-17.910073867196758,-3.127176284790039
1748710183.6257825,-17.907956748012634,-3.12727689743042
1748710183.6592093,-17.904929732082532,-3.1273529529571533
1748710183.6926095,-17.90200768206397,-3.1275558471679688
1748710183.7260234,-17.898887203676495,-3.127617835998535
1748710183.7594674,-17.89607107492224,-3.1278624534606934
1748710183.7928677,-17.89305375678938,-3.1280124187469482
1748710183.8263521,-17.88993421859139,-3.1281018257141113
1748710183.859826,-17.88781789115595,-3.128087043762207
1748710183.8934999,-17.88489189901244,-3.1282639503479004
1748710183.9269364,-17.881863085391153,-3.12835955619812
1748710183.9606555,-17.8777244872313,-3.128706216812134
1748710183.9941168,-17.87580256775794,-3.1286561489105225
1748710184.0279925,-17.873778909537805,-3.1288721561431885
1748710184.0613763,-17.870845640076006,-3.128995656967163
1748710184.094778,-17.868720739247642,-3.1290202140808105
1748710184.1281729,-17.864680990199446,-3.129281759262085
1748710184.1615803,-17.86166081230713,-3.1294124126434326
1748710184.1949728,-17.859549347212326,-3.1294944286346436
1748710184.2284002,-17.855724194278498,-3.1296253204345703
1748710184.261804,-17.853613787754234,-3.1298301219940186
1748710184.2952204,-17.850693688622027,-3.129929542541504
1748710184.3286333,-17.848478236912396,-3.1299383640289307
1748710184.3620756,-17.844553916834997,-3.130155086517334
1748710184.395645,-17.841635487548633,-3.1301474571228027
1748710184.4291954,-17.839519275203905,-3.130235195159912
1748710184.462758,-17.836190164731445,-3.1304831504821777
1748710184.4961557,-17.833469106074595,-3.1303532123565674
1748710184.5295835,-17.830449803411515,-3.130622148513794
1748710184.5638623,-17.827527627065443,-3.1305606365203857
1748710184.6025436,-17.824406347329532,-3.130821466445923
1748710184.6361823,-17.82138603408999,-3.130852460861206
1748710184.6696303,-17.818361027815598,-3.1310207843780518
1748710184.703079,-17.81523408897776,-3.1312320232391357
1748710184.7364411,-17.812311954692404,-3.1312716007232666
1748710184.769977,-17.808282416966982,-3.131202459335327
1748710184.8037035,-17.80525655267595,-3.131453514099121
1748710184.837156,-17.80232787068628,-3.1316215991973877
1748710184.8705566,-17.799198750998244,-3.1315317153930664
1748710184.904007,-17.796176377601434,-3.131584405899048
1748710184.941311,-17.79325551585258,-3.131849527359009
1748710184.9747124,-17.791238503915313,-3.131950616836548
1748710185.0082066,-17.78709931393666,-3.1318650245666504
1748710185.0417116,-17.78367771822838,-3.132124900817871
1748710185.0753198,-17.78105700437297,-3.1321914196014404
1748710185.1087594,-17.778026046910746,-3.1321723461151123
1748710185.1423628,-17.775097443817803,-3.1324009895324707
1748710185.1758316,-17.77196940285076,-3.1324844360351562
1748710185.2092996,-17.767945678745495,-3.1324622631073
1748710185.2427206,-17.764929355046668,-3.1326804161071777
1748710185.2783387,-17.76201021421508,-3.132840633392334
1748710185.3117893,-17.75889056774659,-3.132662057876587
1748710185.3453927,-17.755774920412602,-3.1329009532928467
1748710185.378831,-17.75255532294315,-3.132929801940918
1748710185.4122367,-17.74993276562904,-3.1330456733703613
1748710185.4456406,-17.74680460736484,-3.133049726486206
1748710185.4792018,-17.744785650352455,-3.1330909729003906
1748710185.5128033,-17.740645859883653,-3.1332921981811523
1748710185.546256,-17.738728945307503,-3.1332755088806152
1748710185.5796664,-17.734696780823143,-3.1334118843078613
1748710185.6130965,-17.732678766786737,-3.133343458175659
1748710185.6465933,-17.729650711595877,-3.1335129737854004
1748710185.68025,-17.725621559589513,-3.1336112022399902
1748710185.713655,-17.723604327824322,-3.1334664821624756
1748710185.7470615,-17.72047457893055,-3.1338822841644287
1748710185.7804744,-17.717541803117864,-3.1335203647613525
1748710185.8138847,-17.71449875512443,-3.133951187133789
1748710185.847289,-17.711449628772844,-3.1337828636169434
1748710185.8806436,-17.708407493005485,-3.1340157985687256
1748710185.9140494,-17.706481905449635,-3.133867025375366
1748710185.9474556,-17.703234773401498,-3.134326219558716
1748710185.9809198,-17.699286211917386,-3.133925676345825
1748710186.0143812,-17.6962567096042,-3.13451886177063
1748710186.0477853,-17.69321036943458,-3.1341705322265625
1748710186.0814195,-17.691076156554132,-3.1345536708831787
1748710186.11482,-17.68822655169536,-3.134326696395874
1748710186.1482182,-17.68507179327671,-3.1347315311431885
1748710186.1816385,-17.68202747593866,-3.1343910694122314
1748710186.215044,-17.678987249472453,-3.1349246501922607
1748710186.248412,-17.67605077723314,-3.134625196456909
1748710186.282456,-17.67301897490263,-3.1349143981933594
1748710186.3160472,-17.669897630807345,-3.1348555088043213
1748710186.3505461,-17.666982242465465,-3.134949207305908
1748710186.3839927,-17.664870848666574,-3.135042905807495
1748710186.4178247,-17.662854701511016,-3.135024309158325
1748710186.451259,-17.659826823034837,-3.1352553367614746
1748710186.48477,-17.65567448367766,-3.1351404190063477
1748710186.518253,-17.65375199935499,-3.13543963432312
1748710186.5516887,-17.651723585102193,-3.1353445053100586
1748710186.5856397,-17.648688872150068,-3.1353917121887207
1748710186.619048,-17.646771057480485,-3.1354146003723145
1748710186.6524596,-17.64364395797927,-3.1354780197143555
1748710186.6858594,-17.641723412228416,-3.1356966495513916
1748710186.7192807,-17.638490213399105,-3.135472536087036
1748710186.7526963,-17.635459609249242,-3.1358964443206787
1748710186.7861087,-17.633536943931833,-3.135758638381958
1748710186.8195305,-17.6305004231349,-3.1359646320343018
1748710186.8535717,-17.627353298710464,-3.1358728408813477
1748710186.886936,-17.6229846045612,-3.1362621784210205
1748710186.9203794,-17.621361403423425,-3.136096239089966
1748710186.9537838,-17.618317256928762,-3.1363165378570557
1748710186.9871793,-17.615275998007338,-3.1362667083740234
1748710187.0208004,-17.612238518265592,-3.1363539695739746
1748710187.0542107,-17.609216322358247,-3.1363565921783447
1748710187.0876627,-17.606284721752072,-3.1364786624908447
1748710187.1210692,-17.60316046590136,-3.136387825012207
1748710187.1544938,-17.600217365761985,-3.1365184783935547
1748710187.1878912,-17.5979953367134,-3.136451244354248
1748710187.221432,-17.59504560605899,-3.1365597248077393
1748710187.2548387,-17.59201298369082,-3.136716365814209
1748710187.2882965,-17.589084259135372,-3.136765241622925
1748710187.3217602,-17.58604677575328,-3.1367568969726562
1748710187.355197,-17.583918166233598,-3.136821985244751
1748710187.388595,-17.580878812120968,-3.1367485523223877
1748710187.4220045,-17.577818526043973,-3.1372554302215576
1748710187.4554286,-17.574643469337033,-3.1367764472961426
1748710187.4888515,-17.571663223724318,-3.1374809741973877
1748710187.5222616,-17.56960309976836,-3.137092113494873
1748710187.5556695,-17.56641177789853,-3.1374902725219727
1748710187.589432,-17.563422964368712,-3.1372530460357666
1748710187.6229033,-17.560328876665956,-3.1376914978027344
1748710187.6563747,-17.557237112816733,-3.137472629547119
1748710187.689778,-17.55302830725373,-3.138023614883423
1748710187.7232878,-17.551089494915477,-3.1377737522125244
1748710187.7567637,-17.54802623190352,-3.138073682785034
1748710187.7901855,-17.544968768418165,-3.1378304958343506
1748710187.8236022,-17.542027565104426,-3.1382768154144287
1748710187.8574185,-17.537839004993256,-3.138096332550049
1748710187.890817,-17.535795373553167,-3.1385114192962646
1748710187.924257,-17.532631031325245,-3.1383988857269287
1748710187.957665,-17.52967653370982,-3.1385622024536133
1748710187.991076,-17.52663145389927,-3.138585090637207
1748710188.02448,-17.523692183167352,-3.138660430908203
1748710188.0578837,-17.521564538358298,-3.1387667655944824
1748710188.091357,-17.518624410680342,-3.138918876647949
1748710188.1247659,-17.516591201708373,-3.138920545578003
1748710188.1583169,-17.51336109089636,-3.1392767429351807
1748710188.191721,-17.51141556997621,-3.13927960395813
1748710188.225608,-17.50723075787607,-3.1393659114837646
1748710188.25903,-17.50428866424919,-3.139305591583252
1748710188.2924316,-17.502265009473465,-3.139662504196167
1748710188.3258402,-17.49832059468594,-3.1396119594573975
1748710188.3593214,-17.49519641182914,-3.1397998332977295
1748710188.3928194,-17.49216847270565,-3.139725685119629
1748710188.426241,-17.489138645220795,-3.1397955417633057
1748710188.459686,-17.48500831354803,-3.1399877071380615
1748710188.4930854,-17.482089124950605,-3.1400418281555176
1748710188.5264893,-17.479162320632366,-3.1401619911193848
1748710188.5600302,-17.47612963873338,-3.1401734352111816
1748710188.5934563,-17.47289476800557,-3.140158176422119
1748710188.626871,-17.469961274185653,-3.140221357345581
1748710188.6602871,-17.46684755772179,-3.1404919624328613
1748710188.6937492,-17.462820182560687,-3.140439033508301
1748710188.7271504,-17.459900032146525,-3.1403746604919434
1748710188.76071,-17.456864484062205,-3.1405038833618164
1748710188.7941222,-17.45312416806339,-3.1404693126678467
1748710188.8275604,-17.450806324978327,-3.1404173374176025
1748710188.86097,-17.44767344471647,-3.140622615814209
1748710188.894379,-17.445749872139114,-3.14058518409729
1748710188.9277806,-17.44259988684225,-3.14060640335083
1748710188.9613726,-17.4396692406371,-3.1405985355377197
1748710188.9947512,-17.437534921792118,-3.140676736831665
1748710189.0281851,-17.43471489921285,-3.1406822204589844
1748710189.061592,-17.431574455009493,-3.1407580375671387
1748710189.0952196,-17.42855416179823,-3.140686511993408
1748710189.128649,-17.42553198368713,-3.140878438949585
1748710189.162036,-17.422506926203944,-3.1408464908599854
1748710189.195449,-17.419483781146837,-3.1408843994140625
1748710189.2289011,-17.416559818450228,-3.1409239768981934
1748710189.2622566,-17.41353095011684,-3.140927314758301
1748710189.2957287,-17.41050292906743,-3.1412291526794434
1748710189.3291538,-17.407269006726942,-3.141071081161499
1748710189.3625808,-17.404336423742166,-3.1408796310424805
1748710189.3959775,-17.401313229423188,-3.1410789489746094
1748710189.4294264,-17.398385450929144,-3.141108751296997
1748710189.4628556,-17.39524786560391,-3.1411991119384766
1748710189.49631,-17.392109322745515,-3.141167402267456
1748710189.5296931,-17.389174865167718,-3.1411542892456055
1748710189.5631614,-17.385536601970255,-3.141232490539551
1748710189.596566,-17.383209631374523,-3.1411287784576416
1748710189.6299953,-17.380070115553615,-3.1411044597625732
1748710189.6634173,-17.377044109378364,-3.1412391662597656
1748710189.6968205,-17.37391892011416,-3.1413204669952393
1748710189.7302308,-17.370997784966622,-3.141012191772461
1748710189.7663934,-17.367972717863147,-3.141148090362549
1748710189.7997968,-17.36585842249394,-3.1411657333374023
1748710189.8332102,-17.362922057523342,-3.1412851810455322
1748710189.8666284,-17.359911309526794,-3.1413028240203857
1748710189.900039,-17.356989251032,-3.1413075923919678
1748710189.9335146,-17.354567854723573,-3.141136407852173
1748710189.9670262,-17.35173254493183,-3.141242265701294
1748710190.0010026,-17.348902990755224,-3.141206741333008
1748710190.034484,-17.344765000176015,-3.1412813663482666
1748710190.0679412,-17.341748527873598,-3.141345500946045
1748710190.101328,-17.33962755525572,-3.1412956714630127
1748710190.1347852,-17.33670072659217,-3.141303300857544
1748710190.1682088,-17.33236341680012,-3.141329765319824
1748710190.2016118,-17.33075361440332,-3.1413323879241943
1748710190.2351172,-17.328636457565686,-3.141383647918701
1748710190.2685115,-17.324496552874127,-3.1412272453308105
1748710190.3019502,-17.32155923059182,-3.1412746906280518
1748710190.3354325,-17.318534174087006,-3.141278028488159
1748710190.3690624,-17.31650284766062,-3.1412911415100098
1748710190.4025156,-17.31357887958377,-3.141246795654297
1748710190.4360547,-17.311451231214175,-3.1413371562957764
1748710190.4694974,-17.308323182894952,-3.1413886547088623
1748710190.5029712,-17.3053973096505,-3.141390085220337
1748710190.5363812,-17.302371297825726,-3.141298770904541
1748710190.5699904,-17.29944637322409,-3.141472339630127
1748710190.6033769,-17.2964241738859,-3.1412720680236816
1748710190.6368895,-17.293291355440406,-3.141552448272705
1748710190.6705291,-17.29015565205297,-3.1412148475646973
1748710190.703933,-17.287025693842978,-3.1414124965667725
1748710190.7373772,-17.284201860701653,-3.141418695449829
1748710190.770745,-17.28118059690627,-3.141221284866333
1748710190.8041973,-17.278145985920474,-3.141505241394043
1748710190.8424299,-17.276220481297557,-3.1413238048553467
1748710190.8760784,-17.273078089601746,-3.141443967819214
1748710190.9095035,-17.270037766218998,-3.1412525177001953
1748710190.94292,-17.267003149457043,-3.1414642333984375
1748710190.9763653,-17.263966643755403,-3.141353130340576
1748710191.0097692,-17.26083286686376,-3.1413493156433105
1748710191.0432296,-17.257900317979765,-3.1413440704345703
1748710191.0766435,-17.255675395842815,-3.1413474082946777
1748710191.1101434,-17.251732904599095,-3.141324281692505
1748710191.1435528,-17.24971493052099,-3.141371726989746
1748710191.1770158,-17.24678905755572,-3.1414029598236084
1748710191.2129955,-17.243763046520936,-3.1413488388061523
1748710191.2467988,-17.240731303655178,-3.14127516746521
1748710191.2802126,-17.237694805451085,-3.1413357257843018
1748710191.313611,-17.23457915368731,-3.1414268016815186
1748710191.3470192,-17.231657095487815,-3.1414129734039307
1748710191.3804932,-17.22963912044743,-3.141401767730713
1748710191.4138463,-17.226612157551294,-3.1413919925689697
1748710191.4472458,-17.222577156772683,-3.1413192749023438
1748710191.4806457,-17.22055441447775,-3.1413984298706055
1748710191.5141563,-17.216528950204744,-3.141361951828003
1748710191.5476043,-17.21349530382856,-3.1414313316345215
1748710191.5811439,-17.2104750102167,-3.141291856765747
1748710191.6145408,-17.207436600550064,-3.1412928104400635
1748710191.6479764,-17.20441819483513,-3.1411993503570557
1748710191.681325,-17.201281549015263,-3.1413381099700928
1748710191.7147236,-17.199264528385108,-3.1413397789001465
1748710191.7481215,-17.196333885104195,-3.141324043273926
1748710191.7815235,-17.194213867118204,-3.141329288482666
1748710191.8149445,-17.1911840440854,-3.141343116760254
1748710191.8483887,-17.189266205328337,-3.1413533687591553
1748710191.8817935,-17.18522358081742,-3.1414027214050293
1748710191.915178,-17.182296751466563,-3.141347885131836
1748710191.948593,-17.179159159681674,-3.141369342803955
1748710191.9819977,-17.17603206119879,-3.141367197036743
1748710192.0154119,-17.174106593192384,-3.141423463821411
1748710192.049029,-17.17108153472443,-3.1412689685821533
1748710192.0824432,-17.168040260187507,-3.141268014907837
1748710192.1159143,-17.1659288099113,-3.141263961791992
1748710192.1493611,-17.163098305279526,-3.1413371562957764
1748710192.1827774,-17.159872023646265,-3.141260862350464
1748710192.2162404,-17.156939470404538,-3.141364812850952
1748710192.249696,-17.15401262584547,-3.1411027908325195
1748710192.2831082,-17.149973792776027,-3.141223669052124
1748710192.3165174,-17.146846688086256,-3.1411638259887695
1748710192.3499262,-17.14482489903532,-3.1412723064422607
1748710192.38343,-17.141804614142472,-3.1412265300750732
1748710192.4168966,-17.137773435027366,-3.141327381134033
1748710192.4503245,-17.134743609006232,-3.141310691833496
1748710192.4837368,-17.131712834365892,-3.141362428665161
1748710192.5171473,-17.128374967383614,-3.1411991119384766
1748710192.5517354,-17.124640369295143,-3.141134023666382
1748710192.5851474,-17.12161150064292,-3.1412193775177
1748710192.6185474,-17.119599247437623,-3.1412229537963867
1748710192.6519468,-17.11656847270052,-3.141324996948242
1748710192.6853645,-17.113445187877517,-3.1412129402160645
1748710192.718747,-17.110511673969977,-3.141228199005127
1748710192.7521615,-17.108502282356422,-3.141310691833496
1748710192.7855618,-17.104465374145402,-3.141231060028076
1748710192.8189595,-17.102441671893192,-3.1412811279296875
1748710192.852371,-17.09942519469502,-3.1412792205810547
1748710192.8863802,-17.0963896395091,-3.141324758529663
1748710192.9205203,-17.09346948682814,-3.1413521766662598
1748710192.95407,-17.090335714858455,-3.1414122581481934
1748710192.987528,-17.086287327059335,-3.1411964893341064
1748710193.0209339,-17.083254642712873,-3.1412651538848877
1748710193.0543356,-17.080329719025194,-3.141200065612793
1748710193.087739,-17.077191175508297,-3.141237497329712
1748710193.1211865,-17.07517510895448,-3.141265630722046
1748710193.1546624,-17.070120637099517,-3.1413633823394775
1748710193.1880589,-17.06698399882226,-3.1412951946258545
1748710193.221468,-17.065066736106697,-3.1412408351898193
1748710193.2549,-17.061847123265057,-3.1414830684661865
1748710193.288321,-17.058823017302196,-3.141291618347168
1748710193.321708,-17.056087873894928,-3.1413679122924805
1748710193.3551128,-17.052969358799228,-3.141327142715454
1748710193.38852,-17.049934754589646,-3.1413979530334473
1748710193.421937,-17.046920184482325,-3.1413042545318604
1748710193.455336,-17.043879862663,-3.1413028240203857
1748710193.4887345,-17.039640771292984,-3.141345500946045
1748710193.522183,-17.037820206084536,-3.1413488388061523
1748710193.5555923,-17.034877110921638,-3.141068458557129
1748710193.58898,-17.031824405779783,-3.141510486602783
1748710193.6224253,-17.027660623009247,-3.1413960456848145
1748710193.6558344,-17.02472328535023,-3.1413180828094482
1748710193.6894398,-17.021584740656323,-3.1413562297821045
1748710193.7228389,-17.018461443971997,-3.1413638591766357
1748710193.75625,-17.015529847621313,-3.1413559913635254
1748710193.7897034,-17.012490485057253,-3.1413662433624268
1748710193.823124,-17.00955602035466,-3.141510486602783
1748710193.8565464,-17.006323059852928,-3.1414029598236084
1748710193.890018,-17.003397180433865,3.141547203063965
1748710193.9234614,-17.000170896267015,-3.1413538455963135
1748710193.956978,-16.997349921767874,-3.141417980194092
1748710193.9903626,-16.994320097236237,-3.141458511352539
1748710194.0237668,-16.9912959942607,-3.141505718231201
1748710194.0571687,-16.988266169931823,-3.141573905944824
1748710194.090591,-16.985243974223895,-3.141430616378784
1748710194.123999,-16.98221796344862,-3.141483783721924
1748710194.1573968,-16.978189633202383,-3.141362190246582
1748710194.190859,-16.976168771740888,-3.141430139541626
1748710194.2244918,-16.973256251024814,-3.1414167881011963
1748710194.2579057,-16.970221652774317,-3.141465187072754
1748710194.2912748,-16.96600258622535,-3.1414411067962646
1748710194.324701,-16.964081883421965,-3.1415627002716064
1748710194.358348,-16.961063457051228,-3.14137864112854
1748710194.3918264,-16.958025042545245,-3.1414825916290283
1748710194.4252868,-16.955002846529993,-3.141493797302246
1748710194.458728,-16.951978743855392,3.1415669918060303
1748710194.4922,-16.948843034590457,-3.141335964202881
1748710194.5256517,-16.945905652212083,-3.141371011734009
1748710194.559056,-16.942959751897252,-3.1414496898651123
1748710194.592434,-16.939830731430014,-3.141568183898926
1748710194.6258786,-16.936796134868146,-3.141321897506714
1748710194.6592603,-16.93275820607838,-3.141251802444458
1748710194.6926563,-16.929628245022652,-3.141315460205078
1748710194.7260597,-16.92670414231661,-3.141442060470581
1748710194.7594573,-16.92367014174786,-3.141029119491577
1748710194.7928572,-16.920621060593,-3.1414318084716797
1748710194.8262405,-16.918587805098063,-3.141218423843384
1748710194.85965,-16.915344310125093,-3.1411538124084473
1748710194.893057,-16.912510918462885,-3.1414425373077393
1748710194.9266415,-16.909462904098365,-3.141188621520996
1748710194.9600375,-16.906403493065177,-3.1414661407470703
1748710194.9934375,-16.90436833685676,-3.141364574432373
1748710195.026911,-16.901305993058525,-3.1412458419799805
1748710195.0603132,-16.89814360669543,-3.1413333415985107
1748710195.0937595,-16.895108997889366,-3.141456365585327
1748710195.1271634,-16.893077657063092,-3.141167402267456
1748710195.1606088,-16.890132696207406,-3.141366720199585
1748710195.19402,-16.886177796324567,-3.141223192214966
1748710195.2275136,-16.885061992576194,-3.141510009765625
1748710195.2610948,-16.881911970820898,-3.1412880420684814
1748710195.294498,-16.878872608286716,-3.141392230987549
1748710195.3281314,-16.87604019485027,-3.1413910388946533
1748710195.3615408,-16.873002724524767,-3.1414124965667725
1748710195.3949914,-16.869878471511385,-3.141287088394165
1748710195.4283874,-16.866860090606362,-3.1414783000946045
1748710195.4617982,-16.863836937767047,-3.1414849758148193
1748710195.4952,-16.860813786891534,-3.141350030899048
1748710195.5286698,-16.857788729520323,-3.1413753032684326
1748710195.5620742,-16.854864761833014,-3.141324043273926
1748710195.5955133,-16.851735748008927,-3.1413686275482178
1748710195.6289272,-16.848622002895294,-3.1414928436279297
1748710195.6627917,-16.845702803055822,-3.141446113586426
1748710195.6961968,-16.841473256283688,-3.141493797302246
1748710195.7298613,-16.83864846324857,-3.141352653503418
1748710195.7632952,-16.835611949810893,-3.141279697418213
1748710195.7967072,-16.832484854207824,-3.1414456367492676
1748710195.8301182,-16.829460745339766,-3.141202926635742
1748710195.863485,-16.82662736323076,-3.141183614730835
1748710195.8968842,-16.822513208465487,-3.14143443107605
1748710195.9303844,-16.820499885181725,-3.1410136222839355
1748710195.9637806,-16.817476742812946,-3.141361951828003
1748710195.9972756,-16.81444977086579,-3.141213893890381
1748710196.0310225,-16.811428493503666,-3.141029119491577
1748710196.0644398,-16.809409538262674,-3.14113712310791
1748710196.0978363,-16.80638161916068,-3.1410577297210693
1748710196.1314397,-16.80335369745427,-3.1410229206085205
1748710196.1649685,-16.79932346710507,-3.141019344329834
1748710196.2039602,-16.795400055047818,-3.141084671020508
1748710196.237447,-16.792276769756278,-3.141068696975708
1748710196.2708592,-16.78925171564228,-3.1410858631134033
1748710196.3042586,-16.78622475349512,-3.1410951614379883
1748710196.3376808,-16.78430786806997,-3.1411008834838867
1748710196.3710907,-16.781077768691187,-3.141057014465332
1748710196.404554,-16.778154760216502,-3.1411564350128174
1748710196.437959,-16.775137336038718,-3.141141414642334
1748710196.4713268,-16.77211705267135,-3.1412575244903564
1748710196.5047355,-16.770105749189987,-3.1410651206970215
1748710196.5381887,-16.766062151239495,-3.141249895095825
1748710196.5716605,-16.76302373968578,-3.141213893890381
1748710196.6051292,-16.759979570941372,-3.1410982608795166
1748710196.638524,-16.75653203646864,-3.141160726547241
1748710196.6719255,-16.753915152398623,-3.141115188598633
1748710196.7053256,-16.751896224052693,-3.1412341594696045
1748710196.738729,-16.748958904164688,-3.1410434246063232
1748710196.7721434,-16.745805977465643,-3.1410179138183594
1748710196.8055716,-16.742779006341426,-3.140880584716797
1748710196.8389447,-16.74074385632707,-3.140920639038086
1748710196.8723738,-16.737707350587865,-3.140869140625
1748710196.9057968,-16.733645620052297,-3.1411867141723633
1748710196.9392588,-16.73061385553738,-3.141026020050049
1748710196.9726949,-16.72758593987108,-3.1410083770751953
1748710197.0061367,-16.72455516577488,-3.1411004066467285
1748710197.0396354,-16.72142519532874,-3.1409409046173096
1748710197.0730424,-16.718382018144563,-3.140969753265381
1748710197.1064558,-16.715460890761356,-3.1409218311309814
1748710197.1399202,-16.712523587672816,-3.141270637512207
1748710197.1733255,-16.709372570504357,-3.1409835815429688
1748710197.2074356,-16.705319449913713,-3.14107346534729
1748710197.2408333,-16.70228675458493,-3.1409480571746826
1748710197.274214,-16.69905757802369,-3.1409895420074463
1748710197.3076138,-16.697344786510982,-3.141286611557007
1748710197.341064,-16.694193767901993,-3.1410939693450928
1748710197.374465,-16.6901339154548,-3.141235828399658
1748710197.407877,-16.68709454523166,-3.1410953998565674
1748710197.4413345,-16.685065115960946,-3.141129732131958
1748710197.474747,-16.682139238527338,-3.1412408351898193
1748710197.5081468,-16.67899677612169,-3.1409754753112793
1748710197.5415945,-16.674548838324206,-3.141108512878418
1748710197.5750017,-16.672020641949693,-3.1411349773406982
1748710197.6084123,-16.668890671796092,-3.140977621078491
1748710197.6418962,-16.66586181520783,-3.141185998916626
1748710197.6753185,-16.662830077174696,-3.1411142349243164
1748710197.708761,-16.659802150736095,-3.141106605529785
1748710197.7421637,-16.65676564699033,-3.141085386276245
1748710197.7759197,-16.65383405578147,-3.141167163848877
1748710197.809349,-16.650698360763986,-3.141291379928589
1748710197.8427935,-16.648671795735016,-3.141125202178955
1748710197.8761978,-16.6456228890256,-3.1411051750183105
1748710197.9096556,-16.642599740543172,-3.1411030292510986
1748710197.9439619,-16.639558473432754,-3.1411571502685547
1748710197.97736,-16.635024710906432,-3.141237497329712
1748710198.010846,-16.633512181987744,-3.1411852836608887
1748710198.04425,-16.629465741697807,-3.1412479877471924
1748710198.0776103,-16.62745158043966,-3.1412153244018555
1748710198.1110103,-16.62340990676799,-3.1412134170532227
1748710198.1444125,-16.620384853210368,-3.1412529945373535
1748710198.1778944,-16.61735789096063,-3.1412642002105713
1748710198.2113194,-16.61533800987494,-3.1413004398345947
1748710198.2447271,-16.61240927425099,-3.141232967376709
1748710198.278123,-16.608267465602726,-3.1413044929504395
1748710198.312115,-16.605240491631246,-3.1411585807800293
1748710198.3455095,-16.603206249180765,-3.1411986351013184
1748710198.3789077,-16.60017165393447,-3.1411402225494385
1748710198.4123049,-16.59713134015234,-3.1411869525909424
1748710198.4457107,-16.593707650020992,-3.1411943435668945
1748710198.479115,-16.591085046853642,-3.1412553787231445
1748710198.512849,-16.58806664393764,-3.1411638259887695
1748710198.5462537,-16.585036819760322,-3.141209363937378
1748710198.5797,-16.583029312958555,-3.1412785053253174
1748710198.6152632,-16.579093404020185,-3.1410980224609375
1748710198.6488936,-16.576068351565876,-3.1412160396575928
1748710198.6824002,-16.57294125465453,-3.1412618160247803
1748710198.7159185,-16.570921373267698,-3.1412830352783203
1748710198.7493293,-16.56789155058971,-3.141301155090332
1748710198.782735,-16.56485600375364,-3.1413497924804688
1748710198.8161638,-16.561831903618497,-3.1414153575897217
1748710198.8497443,-16.55880111097789,-3.141099452972412
1748710198.8831708,-16.55577224394481,-3.141482353210449
1748710198.916575,-16.552840641684366,-3.1413416862487793
1748710198.9499822,-16.549799365866935,-3.141404390335083
1748710198.9833915,-16.547683153133406,-3.1411895751953125
1748710199.016838,-16.544634250047352,-3.1414811611175537
1748710199.05024,-16.54158531082493,-3.1412839889526367
1748710199.0836434,-16.539650291084076,-3.1415305137634277
1748710199.1170473,-16.535585710134377,-3.1413791179656982
1748710199.1505573,-16.533160516650526,-3.1413733959198
1748710199.184017,-16.53042728221767,-3.141374349594116
1748710199.217429,-16.527397430406587,-3.141571283340454
1748710199.2508407,-16.524348493871276,-3.141003370285034
1748710199.2842395,-16.521277130276474,-3.1414690017700195
1748710199.3176374,-16.51820436567844,-3.1411375999450684
1748710199.3510396,-16.515150697507764,-3.1412341594696045
1748710199.384449,-16.51109471365979,-3.141223907470703
1748710199.4178681,-16.508076193331657,-3.141359567642212
1748710199.4512725,-16.505048080488464,-3.1409881114959717
1748710199.4847696,-16.502125072785883,-3.1414618492126465
1748710199.5181868,-16.498999828827348,-3.1412813663482666
1748710199.5518262,-16.495976675033035,-3.1414034366607666
1748710199.5853167,-16.492955426768194,-3.1413748264312744
1748710199.6187232,-16.49003813113873,-3.1414191722869873
1748710199.652163,-16.486921522988894,-3.1414594650268555
1748710199.6856258,-16.483001921650118,-3.1414666175842285
1748710199.719026,-16.47998831125142,-3.1415085792541504
1748710199.7525442,-16.476565574279675,-3.1415305137634277
1748710199.7859638,-16.473840923933547,3.141575574874878
1748710199.8194273,-16.471821034506124,-3.141578197479248
1748710199.8528385,-16.46869011718929,-3.1415629386901855
1748710199.8864715,-16.464758114628573,-3.1415669918060303
1748710199.9198735,-16.462745859901272,-3.1415765285491943
1748710199.9581568,-16.45962162210782,3.1415913105010986
1748710199.9916344,-16.455696297773706,3.1415908336639404
1748710200.0254514,-16.451164436503387,-3.1415274143218994
1748710200.0588615,-16.44965476434506,3.1414968967437744
1748710200.092325,-16.446222484676323,3.1414144039154053
1748710200.125733,-16.442581348740934,-3.141530752182007
1748710200.1591187,-16.43955056281875,3.1415438652038574
1748710200.1928458,-16.436519747922514,3.1414361000061035
1748710200.2262528,-16.433488969861312,3.1415600776672363
1748710200.2596562,-16.43045723409218,3.141521692276001
1748710200.2930403,-16.427426445538064,3.1414270401000977
1748710200.3264859,-16.425405587815185,-3.1415793895721436
1748710200.3599224,-16.42115694731632,3.141507148742676
1748710200.3933883,-16.419439372292786,3.141451835632324
1748710200.4267883,-16.41630368809628,3.1415064334869385
1748710200.460185,-16.41407876417839,3.1414170265197754
1748710200.4935813,-16.411248258682633,-3.141580820083618
1748710200.5270503,-16.407210397107576,3.14146089553833
1748710200.5604913,-16.405194320448516,3.1414308547973633
1748710200.5938923,-16.402067213338373,3.1414084434509277
1748710200.627437,-16.399139431100906,3.141486883163452
1748710200.6609023,-16.39611055474149,3.141472816467285
1748710200.6943302,-16.39308168424764,3.1414759159088135
1748710200.7277296,-16.390050906911448,3.141482353210449
1748710200.76116,-16.38702394441377,3.1414825916290283
1748710200.7947648,-16.384103793642495,3.1414878368377686
1748710200.8281703,-16.38098527857929,3.1414897441864014
1748710200.8615663,-16.377868670925142,3.141493558883667
1748710200.894981,-16.374951381148207,3.1414954662323
1748710200.9283855,-16.37202932305349,3.141498565673828
1748710200.9617996,-16.36890317861468,3.1415019035339355
1748710200.9952147,-16.365876216343345,3.141505002975464
1748710201.0286133,-16.363858241434592,3.141508102416992
1748710201.0620267,-16.360830325485207,3.1415114402770996
1748710201.095438,-16.357906359996115,3.141514778137207
1748710201.1287963,-16.354785937636084,3.1415178775787354
1748710201.1622024,-16.351868647906446,3.141521453857422
1748710201.1956034,-16.348748225509535,3.141524076461792
1748710201.2290366,-16.346735972701676,3.141526222229004
1748710201.2624762,-16.343509692465517,3.1415295600891113
1748710201.2959042,-16.340790766947322,3.141533136367798
1748710201.3293242,-16.337671298176588,3.141538381576538
1748710201.3627577,-16.3356580916505,3.141542434692383
1748710201.3965354,-16.332633990310427,3.1415443420410156
1748710201.4299552,-16.330618876195874,3.1415669918060303
1748710201.4633608,-16.327599543366205,3.141585111618042
1748710201.4967582,-16.324577348710605,3.1415212154388428
1748710201.5301669,-16.321450247439504,3.1414575576782227
1748710201.5636153,-16.319533361773136,-3.141552209854126
1748710201.5969746,-16.316505444523003,3.141547679901123
1748710201.6303442,-16.314488419651152,3.1414413452148438
1748710201.6637955,-16.31136036714688,3.1415281295776367
1748710201.6971967,-16.30843926277323,3.141488552093506
1748710201.7305973,-16.30542088303691,3.141502618789673
1748710201.7640088,-16.30230808917402,3.14142107963562
1748710201.7974153,-16.29949570289738,3.1415176391601562
1748710201.8308055,-16.296379095232552,3.141547441482544
1748710201.8642485,-16.29325771781477,3.1414177417755127
1748710201.8979154,-16.290337565062742,3.141460657119751
1748710201.9313357,-16.28720951288355,3.141552686691284
1748710201.9647737,-16.28407955134646,3.1414268016815186
1748710201.9981813,-16.281251907072754,3.1414787769317627
1748710202.0315804,-16.278225897208106,3.1414506435394287
1748710202.0651443,-16.275306700113127,3.1414568424224854
1748710202.098562,-16.272187229515716,3.1413941383361816
1748710202.1324139,-16.270174963932277,3.1415507793426514
1748710202.1658156,-16.267244302394968,3.141291856765747
1748710202.1992183,-16.26511950020475,3.141409397125244
1748710202.2326264,-16.262086817042846,3.1414897441864014
1748710202.2660396,-16.26006979414853,3.1414263248443604
1748710202.2994702,-16.25705045919512,3.141439914703369
1748710202.332869,-16.2538251323842,3.141420602798462
1748710202.366267,-16.251000348743563,3.1414389610290527
1748710202.3996682,-16.24908346277349,3.1413466930389404
1748710202.4331026,-16.24605554214468,3.141517400741577
1748710202.4665549,-16.24301996792399,3.1412711143493652
1748710202.5000098,-16.23987949206462,3.1414616107940674
1748710202.5334125,-16.23785576513963,3.141331434249878
1748710202.5668135,-16.234917424683246,3.1415460109710693
1748710202.600233,-16.232791635084002,3.1413180828094482
1748710202.6337547,-16.22973694984279,3.1415297985076904
1748710202.6671712,-16.22666217906533,3.141155958175659
1748710202.7007034,-16.222470581228585,-3.141583204269409
1748710202.7341015,-16.220542242939676,3.14129376411438
1748710202.7675278,-16.21655673176823,-3.1415481567382812
1748710202.8009317,-16.21411912348984,3.1412527561187744
1748710202.834474,-16.2113734613372,3.14149808883667
1748710202.867886,-16.209234324945882,3.1412925720214844
1748710202.901449,-16.20624817555518,3.141490936279297
1748710202.9348495,-16.20315522477772,3.141083240509033
1748710202.9682221,-16.200062223682757,3.1415460109710693
1748710203.001629,-16.19698563031185,3.1411349773406982
1748710203.0353436,-16.194028276711276,3.141519069671631
1748710203.0687535,-16.19087437684816,3.1410460472106934
1748710203.1021485,-16.187627961594544,3.1414735317230225
1748710203.135546,-16.184688723051888,3.141348123550415
1748710203.1689558,-16.181657921462133,3.141300678253174
1748710203.2023368,-16.178732999660614,3.141382932662964
1748710203.2357461,-16.175604937630922,3.1411690711975098
1748710203.269253,-16.17257795609272,3.1414647102355957
1748710203.302653,-16.168742128584064,3.1410114765167236
1748710203.3360877,-16.166519081135057,3.1415340900421143
1748710203.369558,-16.16437870046578,3.141197443008423
1748710203.403021,-16.161505851650734,3.1412227153778076
1748710203.4363863,-16.158548372609907,3.1411571502685547
1748710203.4697845,-16.155410768817184,3.141273260116577
1748710203.5032003,-16.152480117751868,3.1411099433898926
1748710203.5366058,-16.149448373111685,3.141364097595215
1748710203.5700073,-16.14732260194234,3.141069173812866
1748710203.6034582,-16.144386180899616,3.1411821842193604
1748710203.636859,-16.141258115695074,3.1413047313690186
1748710203.6702676,-16.13924966025971,3.141033887863159
1748710203.7036493,-16.136318023305027,3.141432046890259
1748710203.7370534,-16.134160490819042,3.14105224609375
1748710203.7704725,-16.130036145931165,3.141298770904541
1748710203.8038993,-16.127989542391454,3.141122817993164
1748710203.8373666,-16.125949578280533,3.14107084274292
1748710203.870775,-16.12169233063032,3.1412434577941895
1748710203.9043229,-16.118965731491194,3.14107608795166
1748710203.9376652,-16.11684379217205,3.141164779663086
1748710203.971073,-16.113902655372808,3.1411898136138916
1748710204.0045767,-16.109766466711296,3.1413841247558594
1748710204.0424757,-16.10672015474679,3.140918254852295
1748710204.0759788,-16.103662177644935,3.141477346420288
1748710204.1094148,-16.100610348045297,3.1408774852752686
1748710204.1428874,-16.096557965040567,3.1413190364837646
1748710204.1762867,-16.093523333416694,3.140947103500366
1748710204.2097135,-16.09057807579081,3.1414425373077393
1748710204.243119,-16.08742793346118,3.140733242034912
1748710204.2765195,-16.084357428027435,3.141328811645508
1748710204.3099482,-16.081288429253785,3.140580892562866
1748710204.3439193,-16.078243288204316,3.1409661769866943
1748710204.3773313,-16.07511141262944,3.14080810546875
1748710204.4110017,-16.07208444126256,3.141019582748413
1748710204.4444606,-16.069154740796776,3.1409244537353516
1748710204.4778714,-16.066124899927196,3.1408891677856445
1748710204.5112696,-16.06268592731212,3.1410021781921387
1748710204.5446694,-16.05964940709244,3.1408047676086426
1748710204.5780833,-16.058029115976037,3.1410160064697266
1748710204.6114938,-16.054077052226223,3.1406869888305664
1748710204.6448817,-16.050933724581814,3.1410961151123047
1748710204.6783807,-16.047895287025025,3.1407015323638916
1748710204.7118242,-16.044962719537182,3.140855073928833
1748710204.7464302,-16.04182323875859,3.1409733295440674
1748710204.7798283,-16.039805252530286,3.1410841941833496
1748710204.813684,-16.0367810565667,3.1407272815704346
1748710204.8470922,-16.033728197575012,3.1410913467407227
1748710204.880608,-16.02962967982646,3.1404521465301514
1748710204.9140034,-16.026556013522637,3.1410927772521973
1748710204.9474123,-16.02326750535424,3.1404354572296143
1748710204.98081,-16.02029299266276,3.1410627365112305
1748710205.0142076,-16.016193876709295,3.14043927192688
1748710205.0476239,-16.013347185247678,3.140998363494873
1748710205.0811198,-16.01030768672684,3.1403963565826416
1748710205.114542,-16.007143244476694,3.1409738063812256
1748710205.1479433,-16.004159778205874,3.1404407024383545
1748710205.1813722,-16.002091936979973,3.140899419784546
1748710205.2148318,-15.996811900251455,3.1402835845947266
1748710205.2482398,-15.994859749825414,3.1409058570861816
1748710205.2816415,-15.992705200632466,3.140486478805542
1748710205.3150449,-15.989627526913205,3.1404974460601807
1748710205.3484783,-15.986477505430916,3.140498161315918
1748710205.381931,-15.98365175269768,3.140545129776001
1748710205.415331,-15.980619970773546,3.1403160095214844
1748710205.4487894,-15.977392708291275,3.1406168937683105
1748710205.4821877,-15.97446573736747,3.140153169631958
1748710205.5156052,-15.971328971148587,3.1404123306274414
1748710205.549127,-15.96940343399457,3.14021372795105
1748710205.5828686,-15.965338703524028,3.140347719192505
1748710205.6164775,-15.963313087388784,3.140197992324829
1748710205.649876,-15.958756431083014,3.140317440032959
1748710205.6832864,-15.956132869612738,3.1403281688690186
1748710205.7166846,-15.953114450651587,3.140202283859253
1748710205.7500958,-15.95019337081307,3.140369176864624
1748710205.7835064,-15.947178771136326,3.140172243118286
1748710205.8169212,-15.944063127096587,3.1403090953826904
1748710205.85057,-15.94113819970091,3.1402969360351562
1748710205.8839915,-15.938120751414763,3.1401586532592773
1748710205.9174006,-15.932978556298492,3.140326738357544
1748710205.9512062,-15.932074459514814,3.1401779651641846
1748710205.9846442,-15.929038883859171,3.140120267868042
1748710206.0180204,-15.92590798671837,3.140267848968506
1748710206.051429,-15.922971577339613,3.140007972717285
1748710206.0848618,-15.920833450467834,3.140265941619873
1748710206.1182654,-15.917756751775784,3.1397106647491455
1748710206.1516237,-15.914669473631172,3.140230894088745
1748710206.1850665,-15.911690895295273,3.1399085521698
1748710206.2184534,-15.909735670884938,3.139937400817871
1748710206.2518725,-15.906554156527378,3.139878988265991
1748710206.2853389,-15.903506122649,3.139794111251831
1748710206.3187783,-15.90036852328001,3.1398563385009766
1748710206.3521936,-15.897334875460036,3.1398138999938965
1748710206.3855932,-15.89451957982238,3.139732599258423
1748710206.4189808,-15.891494515739822,3.1397223472595215
1748710206.4524553,-15.887468079455225,3.1397221088409424
1748710206.4859445,-15.885345178396918,3.1396117210388184
1748710206.5193508,-15.882321076044859,3.139723539352417
1748710206.5534284,-15.879396104742021,3.139432430267334
1748710206.5868874,-15.876275652794897,3.1396117210388184
1748710206.6203127,-15.872251089468238,3.139392137527466
1748710206.654845,-15.869330007139123,3.139491319656372
1748710206.6882439,-15.86710984547956,3.1396079063415527
1748710206.7217338,-15.864183926270684,3.139359951019287
1748710206.7551334,-15.860735463180006,3.1395719051361084
1748710206.788536,-15.85780379792591,3.1393532752990723
1748710206.8219466,-15.855075365757568,3.1395766735076904
1748710206.8553908,-15.853058304887588,3.139364242553711
1748710206.8887994,-15.850028423084956,3.139388084411621
1748710206.9223452,-15.846990031779873,3.1394405364990234
1748710206.9558382,-15.84386956482138,3.1392955780029297
1748710206.9892104,-15.84185154663096,3.1393215656280518
1748710207.0228627,-15.839027737982748,3.1393628120422363
1748710207.0562437,-15.834896410919,3.1394004821777344
1748710207.0897124,-15.832972680562122,3.138993263244629
1748710207.1231122,-15.830736221323205,3.139314889907837
1748710207.156511,-15.826737195512447,3.138937473297119
1748710207.1900284,-15.824799307598477,3.1392366886138916
1748710207.2234266,-15.820728979499275,3.1390182971954346
1748710207.2569635,-15.817583796942106,3.139165163040161
1748710207.2903523,-15.814540598426213,3.1391026973724365
1748710207.3264086,-15.812527366301746,3.139047145843506
1748710207.359807,-15.809495572108828,3.1389451026916504
1748710207.3932164,-15.80546727594409,3.139185667037964
1748710207.4266155,-15.802547981502151,3.1389546394348145
1748710207.460023,-15.800528098423365,3.1390483379364014
1748710207.4934776,-15.797385738093407,3.139024257659912
1748710207.526875,-15.794258583584416,3.138875961303711
1748710207.5602775,-15.791336450160317,3.138779401779175
1748710207.5937312,-15.788305675165047,3.138899087905884
1748710207.6271434,-15.785166092889233,3.1387994289398193
1748710207.660544,-15.782236432250746,3.1389269828796387
1748710207.6939583,-15.780102995632953,3.13869309425354
1748710207.7273664,-15.777156137915005,3.1388368606567383
1748710207.7607927,-15.774126252748939,3.138631582260132
1748710207.7942212,-15.771097359116082,3.1387341022491455
1748710207.8275833,-15.767068051688042,3.1386494636535645
1748710207.8610125,-15.765155953041242,3.1387555599212646
1748710207.8944597,-15.762022097634125,3.1386024951934814
1748710207.928015,-15.758990368055269,3.138728141784668
1748710207.9614239,-15.756039547128763,3.1384456157684326
1748710207.9948227,-15.751880544809374,3.138484001159668
1748710208.0283842,-15.749861617789286,3.138610601425171
1748710208.0670786,-15.746825168036667,3.138688087463379
1748710208.10048,-15.743798160047303,3.138619899749756
1748710208.133909,-15.740672010959162,3.1386711597442627
1748710208.1673117,-15.737738466385967,3.1386423110961914
1748710208.2007604,-15.73572523974651,3.1386256217956543
1748710208.234178,-15.731581537828735,3.138716697692871
1748710208.267577,-15.72864884784504,3.138608694076538
1748710208.3009799,-15.72551892857572,3.138730764389038
1748710208.3350885,-15.722589125376015,3.1384835243225098
1748710208.3685493,-15.719556461739211,3.1386148929595947
1748710208.402716,-15.71662200176086,3.138636589050293
1748710208.4362097,-15.714606872263445,3.1386029720306396
1748710208.4696262,-15.712384821899011,3.1386492252349854
1748710208.5030022,-15.709451281282906,3.138634443283081
1748710208.5364165,-15.706427185187735,3.1387710571289062
1748710208.5698142,-15.702394943015433,3.1386821269989014
1748710208.6033022,-15.70028255266565,3.138735294342041
1748710208.636772,-15.69725174896035,3.1386868953704834
1748710208.6702173,-15.694222898474003,3.1388070583343506
1748710208.7036211,-15.6902851618548,3.138869524002075
1748710208.737092,-15.687266785838947,3.1389083862304688
1748710208.7705576,-15.68433575033059,3.1387648582458496
1748710208.803924,-15.681292620898885,3.1391656398773193
1748710208.8373294,-15.678131232416114,3.139207363128662
1748710208.870756,-15.673996023713723,3.1390280723571777
1748710208.9041574,-15.67207723165236,3.1390578746795654
1748710208.9375622,-15.670055439963921,3.1390955448150635
1748710208.97097,-15.667012259211578,3.139050245285034
1748710209.004523,-15.66408063699626,3.1390345096588135
1748710209.0379796,-15.660944932844037,3.138969659805298
1748710209.0713432,-15.657018609707329,3.1389245986938477
1748710209.1047444,-15.653902008737443,3.138967990875244
1748710209.1382256,-15.650985647435396,3.1389005184173584
1748710209.1716478,-15.647865268330607,3.139174461364746
1748710209.2050939,-15.64483825805384,3.138939380645752
1748710209.2398326,-15.641914261425702,3.138953685760498
1748710209.2735424,-15.63968930997836,3.1389222145080566
1748710209.3069515,-15.635758245799495,3.138880968093872
1748710209.3403502,-15.6337355053942,3.138991594314575
1748710209.3740478,-15.630490115495741,3.1388235092163086
1748710209.4074638,-15.626643010520494,3.138939619064331
1748710209.44087,-15.623610291833405,3.1389193534851074
1748710209.4743204,-15.61947707529265,3.138965368270874
1748710209.5077267,-15.617559234147812,3.138998031616211
1748710209.5410895,-15.614543689980074,3.1389267444610596
1748710209.574618,-15.611517685291906,3.1390061378479004
1748710209.60819,-15.608589866032712,3.1389386653900146
1748710209.6416423,-15.605575333823971,3.1390628814697266
1748710209.6751728,-15.602449168908468,3.1390483379364014
1748710209.7085814,-15.599027367311374,3.139007091522217
1748710209.74204,-15.59641239789276,3.139078140258789
1748710209.7754555,-15.593384468682864,3.139066696166992
1748710209.8088512,-15.590368904340227,3.139004945755005
1748710209.8422537,-15.587341978326517,3.139173984527588
1748710209.8756616,-15.584321664010695,3.139148712158203
1748710209.9090621,-15.581302338280636,3.139153003692627
1748710209.9436336,-15.5782848840593,3.1391117572784424
1748710209.9770901,-15.575365640607723,3.1390490531921387
1748710210.0105028,-15.572138422015824,3.139146327972412
1748710210.0439405,-15.568202613987674,3.1391618251800537
1748710210.0774355,-15.566195117468911,3.1391422748565674
1748710210.1108313,-15.56327304556628,3.1391212940216064
1748710210.1442387,-15.560150728508193,3.139228105545044
1748710210.1776779,-15.557224827621596,3.1391520500183105
1748710210.211038,-15.554110119825046,3.1393797397613525
1748710210.244822,-15.551065974122421,3.1393468379974365
1748710210.2782307,-15.548049510668758,3.1394643783569336
1748710210.311881,-15.545029178934406,3.139251470565796
1748710210.3452868,-15.542007005490257,3.139479160308838
1748710210.378788,-15.537459899562203,3.1394686698913574
1748710210.4121957,-15.534533980325858,3.139371156692505
1748710210.4456291,-15.532002953492132,3.1394872665405273
1748710210.4790394,-15.52874996207174,3.139477014541626
1748710210.5124516,-15.52571443848149,3.1395998001098633
1748710210.5458882,-15.522664560908817,3.1394972801208496
1748710210.579293,-15.519731075087652,3.13960599899292
1748710210.6126945,-15.516788004266639,3.139509916305542
1748710210.6463406,-15.51364565935929,3.1395838260650635
1748710210.6798902,-15.50958875890728,3.139723062515259
1748710210.713294,-15.507560291191053,3.1397171020507812
1748710210.7467127,-15.504520920117976,3.139698028564453
1748710210.7801225,-15.501477708790885,3.139601945877075
1748710210.8135188,-15.49843552180366,3.1398203372955322
1748710210.8470144,-15.495485807103192,3.139763832092285
1748710210.8804185,-15.492455981776603,3.139918327331543
1748710210.9141412,-15.489310780252614,3.1399319171905518
1748710210.947564,-15.486394412290542,3.1397950649261475
1748710210.9809785,-15.483383662237573,3.139922857284546
1748710211.01446,-15.480271809233884,3.139841079711914
1748710211.0478668,-15.476249202575373,3.1398556232452393
1748710211.081272,-15.474340890557565,3.1398961544036865
1748710211.1146843,-15.47120997473078,3.1398191452026367
1748710211.1481402,-15.468186832212373,3.1399731636047363
1748710211.181542,-15.466060153697972,3.139988422393799
1748710211.21583,-15.463132358150467,3.1400554180145264
1748710211.249278,-15.459993809492262,3.1400060653686523
1748710211.2826843,-15.456962085248986,3.140146017074585
1748710211.3161068,-15.45503373222364,3.1399831771850586
1748710211.3495119,-15.451991473568835,3.1399450302124023
1748710211.3829093,-15.449862882268556,3.1400840282440186
1748710211.4163084,-15.446925552757424,3.140097141265869
1748710211.449719,-15.443898545525443,3.139922857284546
1748710211.4831178,-15.440870610098216,3.1399364471435547
1748710211.5165288,-15.437745416363926,3.139984369277954
1748710211.5499358,-15.434721320508398,3.1400063037872314
1748710211.583398,-15.431797342603536,3.1399714946746826
1748710211.6169186,-15.428761781312263,3.13997745513916
1748710211.6503472,-15.425731008692864,3.1400299072265625
1748710211.684058,-15.421700781129182,3.1400463581085205
1748710211.7175293,-15.419687569329685,3.1400256156921387
1748710211.7509646,-15.416663461898361,3.1400198936462402
1748710211.784415,-15.413641266385799,3.1400368213653564
1748710211.8179324,-15.4095137592424,3.1400344371795654
1748710211.851373,-15.407598778871954,3.1400368213653564
1748710211.8849216,-15.40456704520017,3.1400389671325684
1748710211.9183085,-15.401331224719968,3.140040397644043
1748710211.9517686,-15.39951161257985,3.140042781829834
1748710211.9851859,-15.396375921718667,3.1400060653686523
1748710212.0185933,-15.39354827929977,3.140063762664795
1748710212.0520654,-15.390315328244345,3.1400787830352783
1748710212.085502,-15.387394201014013,3.1400787830352783
1748710212.1189022,-15.384374855969943,3.1399874687194824
1748710212.152341,-15.38134790022388,3.140160322189331
1748710212.185882,-15.377309012578884,3.14017391204834
1748710212.2192686,-15.374289666459363,3.140139102935791
1748710212.2526658,-15.371263650689746,3.1401307582855225
1748710212.2862318,-15.368238582368486,3.1400504112243652
1748710212.3196287,-15.365217360392862,3.140204668045044
1748710212.353055,-15.362198959457855,3.1400949954986572
1748710212.3865328,-15.359181543898512,3.1401994228363037
1748710212.4199488,-15.356158355670061,3.140117645263672
1748710212.4535594,-15.353139987793591,3.1402413845062256
1748710212.4878123,-15.350102534000552,3.1402971744537354
1748710212.5213277,-15.347072705643063,3.140303373336792
1748710212.5547402,-15.345048041240222,3.140225648880005
1748710212.588142,-15.342117404603067,3.1403098106384277
1748710212.6215892,-15.339890575355607,3.1402666568756104
1748710212.6549957,-15.336961800708487,3.140216112136841
1748710212.688444,-15.333931030260947,3.1403648853302
1748710212.7218444,-15.330893578953146,3.1403300762176514
1748710212.7557719,-15.327880890353626,3.140291929244995
1748710212.7891681,-15.324849168002011,3.140336751937866
1748710212.8225656,-15.320813213596011,3.1403610706329346
1748710212.856094,-15.317775748235878,3.1403470039367676
1748710212.8895798,-15.315753962892678,3.140424966812134
1748710212.923008,-15.312607634236036,3.1403489112854004
1748710212.956431,-15.3096703362604,3.140526294708252
1748710212.9898548,-15.306738718156426,3.140503406524658
1748710213.023556,-15.303504809054454,3.140526294708252
1748710213.056951,-15.300568376283765,3.140392780303955
1748710213.0909069,-15.297538556265689,3.1404411792755127
1748710213.1263459,-15.295407015302382,3.140495538711548
1748710213.1599653,-15.292480171965705,3.140423059463501
1748710213.193512,-15.289351134359578,3.1406216621398926
1748710213.2269914,-15.286425226017997,3.140408754348755
1748710213.26043,-15.283401986941211,3.1402785778045654
1748710213.2941191,-15.280479954488921,3.140559434890747
1748710213.3275256,-15.277349024904654,3.140745162963867
1748710213.3611462,-15.274302916507656,3.140392303466797
1748710213.3945827,-15.27116433282351,3.140411615371704
1748710213.4281647,-15.268234673694034,3.1406216621398926
1748710213.4634283,-15.266215740914625,3.140687942504883
1748710213.4968889,-15.263178273780603,3.140651226043701
1748710213.5303018,-15.260046402732996,3.1406702995300293
1748710213.563737,-15.258123795344368,3.140669584274292
1748710213.5971403,-15.254076386422248,3.140594244003296
1748710213.630541,-15.252056509668355,3.1406991481781006
1748710213.6639519,-15.24901809146641,3.140613079071045
1748710213.6973689,-15.244978336272615,3.140751600265503
1748710213.730782,-15.241949369776389,3.1408817768096924
1748710213.7641845,-15.239019634797529,3.1407556533813477
1748710213.7976344,-15.235785711200375,3.1407430171966553
1748710213.8310351,-15.233964190474932,3.140848398208618
1748710213.8644335,-15.230826601932387,3.1407830715179443
1748710213.897857,-15.227797731733165,3.1408941745758057
1748710213.9312735,-15.224761904133302,3.1408133506774902
1748710213.9649506,-15.221733996674311,3.1409494876861572
1748710213.9983673,-15.218500076511958,3.140960693359375
1748710214.0317688,-15.215784951220547,3.1407926082611084
1748710214.0651937,-15.212661672628409,3.1410391330718994
1748710214.0986125,-15.20974150716256,3.1408441066741943
1748710214.132082,-15.205605417089508,3.14090895652771
1748710214.169076,-15.202584160048398,3.1408369541168213
1748710214.2028444,-15.199564813636336,3.1407229900360107
1748710214.2365732,-15.196542627778904,3.140899896621704
1748710214.269972,-15.193612919183659,3.140681743621826
1748710214.303375,-15.190463884777488,3.1409354209899902
1748710214.336778,-15.187409234754927,3.140672206878662
1748710214.3701894,-15.18527397238,3.140900135040283
1748710214.403644,-15.181323851910733,3.1408488750457764
1748710214.4370744,-15.17829497989742,3.140894889831543
1748710214.4705908,-15.175265131577993,3.140629768371582
1748710214.5063586,-15.173238573558777,3.140826463699341
1748710214.5398965,-15.170204924443665,3.1407907009124756
1748710214.573312,-15.167176036637631,3.1406853199005127
1748710214.6067243,-15.162745273456244,3.1407687664031982
1748710214.640226,-15.161133558012933,3.1408815383911133
1748710214.6736252,-15.158100853260589,3.1406097412109375
1748710214.7070742,-15.155164477559032,3.1407625675201416
1748710214.7404969,-15.15204215449296,3.1408133506774902
1748710214.773909,-15.14901803587389,3.140697956085205
1748710214.8074512,-15.145987240818108,3.1406850814819336
1748710214.8408272,-15.143970225193833,3.140815258026123
1748710214.8742378,-15.140935510922825,3.1409289836883545
1748710214.907854,-15.137915199522034,3.1407155990600586
1748710214.941295,-15.134878693246215,3.1409378051757812
1748710214.9748533,-15.131841225819397,3.1406681537628174
1748710215.0082564,-15.127794773610352,3.1408770084381104
1748710215.0416682,-15.124654291536672,3.140659809112549
1748710215.0750687,-15.121715075817526,3.140817403793335
1748710215.108465,-15.118687160376979,3.140882730484009
1748710215.1418679,-15.115674461466986,3.1406943798065186
1748710215.1752791,-15.112659893912452,3.140779733657837
1748710215.2086852,-15.109735931364288,3.1408028602600098
1748710215.2420835,-15.106621223009459,3.140739679336548
1748710215.2754867,-15.103602849734665,3.1409149169921875
1748710215.308904,-15.099669885149103,3.140756368637085
1748710215.3423004,-15.097551779920074,3.1408674716949463
1748710215.3758159,-15.095430801123724,3.140716075897217
1748710215.409254,-15.091499751042326,3.140827178955078
1748710215.44266,-15.089479870449939,3.140888214111328
1748710215.4760823,-15.08645862300618,3.140817880630493
1748710215.5094821,-15.083442144720568,3.140819787979126
1748710215.5429332,-15.080419950555994,3.14082670211792
1748710215.5763376,-15.077392031439777,3.140796422958374
1748710215.6097572,-15.07426684340867,3.140846014022827
1748710215.6431618,-15.07122556201986,3.1408092975616455
1748710215.6767995,-15.069313440047312,3.140758991241455
1748710215.7102084,-15.067288785869566,3.140738010406494
1748710215.7436187,-15.064354286484146,3.141005516052246
1748710215.7770228,-15.06222086783226,3.140852451324463
1748710215.810412,-15.059272038373608,3.140695571899414
1748710215.843997,-15.05622980175104,3.14084529876709
1748710215.8773944,-15.053087424655768,3.140997886657715
1748710215.9118688,-15.049962177938486,3.140713930130005
1748710215.9453726,-15.047026753893515,3.1408286094665527
1748710215.9827535,-15.04509556650851,3.1408450603485107
1748710216.0161698,-15.041962751718977,3.141021728515625
1748710216.0497212,-15.03892814487097,3.1407577991485596
1748710216.083149,-15.035902134784083,3.140834331512451
1748710216.116559,-15.032978165156807,3.14087176322937
1748710216.1501331,-15.02995311564474,3.1408908367156982
1748710216.1835303,-15.026824107881426,3.1408817768096924
1748710216.2169871,-15.02480613278887,3.1408772468566895
1748710216.2504404,-15.02177726127498,3.1408753395080566
1748710216.283845,-15.018750298174256,3.1408727169036865
1748710216.31721,-15.01572714929504,3.140869379043579
1748710216.350789,-15.013813123852945,3.140829086303711
1748710216.3842528,-15.009680852338803,3.1408820152282715
1748710216.4178677,-15.006646083273406,3.1409499645233154
1748710216.4512975,-15.003725795419474,3.140606164932251
1748710216.4849784,-14.999663052947257,3.140772819519043
1748710216.5183396,-14.997238799574609,3.140718936920166
1748710216.5517974,-14.994509387849863,3.140789031982422
1748710216.585276,-14.99148528870725,3.140799045562744
1748710216.6186855,-14.988563230918635,3.140821933746338
1748710216.6522448,-14.985438994723644,3.140831708908081
1748710216.685609,-14.98251598046489,3.1408159732818604
1748710216.7202415,-14.979391740601626,3.140805721282959
1748710216.7535958,-14.97637050121408,3.140831470489502
1748710216.7870357,-14.973354031544927,3.1408615112304688
1748710216.820624,-14.970431972584247,3.140841007232666
1748710216.8540766,-14.968316723747481,3.1409552097320557
1748710216.8875234,-14.965281163037478,3.1408255100250244
1748710216.9209151,-14.962245603853297,3.1408603191375732
1748710216.9543283,-14.960314413493062,3.1408653259277344
1748710216.9877336,-14.957085268327655,3.140892505645752
1748710217.0211463,-14.954053530304401,3.140831470489502
1748710217.0545776,-14.95123638179916,3.140942096710205
1748710217.0879843,-14.949109673730456,3.1408636569976807
1748710217.122506,-14.94597493963599,3.141071081161499
1748710217.1559405,-14.943032849898197,3.1409413814544678
1748710217.1893637,-14.94009547901896,3.1407999992370605
1748710217.2227802,-14.936856804474003,3.1409199237823486
1748710217.2562203,-14.935029554181964,3.1410155296325684
1748710217.2896378,-14.930793327519938,3.1409640312194824
1748710217.323131,-14.928881211253474,3.141040325164795
1748710217.3565347,-14.925847554092941,3.1408989429473877
1748710217.3903995,-14.922916917290573,3.1410129070281982
1748710217.423799,-14.919779324089944,3.140958309173584
1748710217.4572544,-14.916742830977975,3.1410508155822754
1748710217.4907496,-14.913598553237946,3.140953540802002
1748710217.5243378,-14.910664098862187,3.1409881114959717
1748710217.5577383,-14.907727734846906,3.141066074371338
1748710217.5913436,-14.904477601266604,3.140960931777954
1748710217.6247926,-14.902552126534095,3.141186475753784
1748710217.65826,-14.899496535113624,3.1409912109375
1748710217.6916552,-14.896455237892862,3.1409220695495605
1748710217.725068,-14.893417758310486,3.141059398651123
1748710217.7584674,-14.890387913631695,3.1412341594696045
1748710217.7918718,-14.887258876653467,3.1409709453582764
1748710217.8253663,-14.884331067577694,3.140947103500366
1748710217.8588138,-14.881301239834865,3.1410932540893555
1748710217.8923304,-14.87817506619566,3.141005039215088
1748710217.9257667,-14.875248236083387,3.1409945487976074
1748710217.9591687,-14.873023309684237,3.140949249267578
1748710217.9925683,-14.870307236742985,3.140958786010742
1748710218.0261402,-14.86728122668608,3.140928030014038
1748710218.0595498,-14.864155085841555,3.1409881114959717
1748710218.0929956,-14.861031764469569,3.1407108306884766
1748710218.1264403,-14.858113535432828,3.1409525871276855
1748710218.159847,-14.855083694844886,3.1408140659332275
1748710218.1933253,-14.852045300963187,3.140970468521118
1748710218.2267122,-14.84900490408939,3.141071319580078
1748710218.2601135,-14.845979788804474,3.1408932209014893
1748710218.293663,-14.842751598332088,3.140925645828247
1748710218.3270705,-14.839832391678296,3.1408822536468506
1748710218.3604693,-14.835909928911752,3.140977382659912
1748710218.3938787,-14.833893863196238,3.14103364944458
1748710218.4272964,-14.83087548676444,3.14119291305542
1748710218.460705,-14.826940454582148,3.1410696506500244
1748710218.4941092,-14.824714582530682,3.1411490440368652
1748710218.52752,-14.820781594971825,3.1411688327789307
1748710218.560933,-14.817756524978172,3.141037940979004
1748710218.594342,-14.81563746034894,3.141108751296997
1748710218.6277435,-14.812602873171787,3.1411476135253906
1748710218.6611762,-14.809574894439455,3.141263008117676
1748710218.6945755,-14.805649560920926,3.1411492824554443
1748710218.7279816,-14.802628312556505,3.1410584449768066
1748710218.761395,-14.799501186319008,3.1408042907714844
1748710218.794821,-14.79758141537993,3.1411449909210205
1748710218.8282175,-14.79463449906316,3.1410741806030273
1748710218.8616629,-14.791510230752671,3.1408541202545166
1748710218.8951209,-14.788493766211738,3.141052007675171
1748710218.9285328,-14.78547347331758,3.1409809589385986
1748710218.9619331,-14.782447468261655,3.141050338745117
1748710218.9953358,-14.780420909362128,3.141040802001953
1748710219.0287454,-14.777088758904915,3.141098737716675
1748710219.062469,-14.774351652167343,3.140941619873047
1748710219.0960588,-14.771326528837795,3.1411097049713135
1748710219.1295204,-14.768294763367441,3.141193389892578
1748710219.163104,-14.765264924298931,3.1410810947418213
1748710219.199958,-14.762341908519485,3.1411423683166504
1748710219.2333627,-14.759204308269263,3.1411054134368896
1748710219.2668939,-14.75607339616533,3.141180992126465
1748710219.3003604,-14.75313988519239,3.1410975456237793
1748710219.3337717,-14.750005127836266,3.1410086154937744
1748710219.3671758,-14.748081569630907,3.141125202178955
1748710219.4005806,-14.744631184491315,3.1412160396575928
1748710219.434003,-14.741900803680487,3.1411430835723877
1748710219.4674435,-14.738981607023419,3.1412224769592285
1748710219.500976,-14.736051919452137,3.1411941051483154
1748710219.5343473,-14.734041570918663,3.1412622928619385
1748710219.567756,-14.731006030068924,3.1412830352783203
1748710219.6011543,-14.726876608816541,3.1412858963012695
1748710219.634726,-14.724953975575348,3.1411356925964355
1748710219.668177,-14.720815021809853,3.1412930488586426
1748710219.7015755,-14.718786550422553,3.1412501335144043
1748710219.734974,-14.715648002920716,3.1412370204925537
1748710219.768446,-14.712607655945925,3.141366958618164
1748710219.8018577,-14.710775646480698,3.1413466930389404
1748710219.835252,-14.70763900862198,3.1413803100585938
1748710219.8686657,-14.704698808695648,3.141225814819336
1748710219.9020436,-14.702675107083145,3.141364097595215
1748710219.9354422,-14.69942974747614,3.1411330699920654
1748710219.9688442,-14.69650193422653,3.141150712966919
1748710220.0022898,-14.693480699340999,3.141295909881592
1748710220.0357509,-14.69045944099362,3.1415553092956543
1748710220.069158,-14.688450043897806,3.1413331031799316
1748710220.102654,-14.685520342683073,3.141421318054199
1748710220.1360936,-14.682491467986962,3.1413614749908447
1748710220.1695135,-14.67896001240993,3.1414597034454346
1748710220.2028694,-14.676423228961633,3.141240358352661
1748710220.2362797,-14.673269410654218,3.1413469314575195
1748710220.2701979,-14.67032253274883,3.141456365585327
1748710220.303731,-14.66717063301619,3.1413276195526123
1748710220.3371415,-14.664143669135543,3.141327381134033
1748710220.3726985,-14.6621218684551,3.141421318054199
1748710220.4074411,-14.658070644939544,3.1414289474487305
1748710220.4408493,-14.654643130645587,3.141512393951416
1748710220.4742477,-14.652010033304586,3.141382932662964
1748710220.5077248,-14.648976392844492,3.1414616107940674
1748710220.5411334,-14.646033004885876,3.1413581371307373
1748710220.5745358,-14.642889693084776,3.141585350036621
1748710220.607938,-14.639845544972452,-3.1415510177612305
1748710220.6413393,-14.635911626773213,3.1415786743164062
1748710220.674743,-14.63279403464381,3.141451835632324
1748710220.7081418,-14.629780423222384,-3.1415586471557617
1748710220.741503,-14.62686309530137,3.1412696838378906
1748710220.7750306,-14.62373978866751,3.1414663791656494
1748710220.808531,-14.620722347385946,3.1415534019470215
1748710220.8419409,-14.617697279089528,3.141505241394043
1748710220.8753161,-14.614679842021312,3.1415679454803467
1748710220.9087162,-14.611657592274048,3.14125394821167
1748710220.9421253,-14.60861236754505,3.1415634155273438
1748710220.9755151,-14.605557729666408,3.141230821609497
1748710221.008888,-14.602506917920348,3.141404151916504
1748710221.0422943,-14.599462787137897,3.141390085220337
1748710221.0756967,-14.596437731633568,3.1414358615875244
1748710221.109176,-14.594518934056024,3.1413280963897705
1748710221.143585,-14.591389926577401,3.141341209411621
1748710221.1770768,-14.589368122796204,3.141430616378784
1748710221.2104902,-14.58493351977011,3.1413094997406006
1748710221.2438927,-14.58321881256605,3.141404628753662
1748710221.2773135,-14.579271533181291,3.1412391662597656
1748710221.310717,-14.576344698486084,3.141256809234619
1748710221.3441348,-14.57331106173835,3.141356945037842
1748710221.3775601,-14.570274552098555,3.1414191722869873
1748710221.4110205,-14.56815548732082,3.141421318054199
1748710221.4444234,-14.564818576926001,3.1412742137908936
1748710221.477829,-14.561987115211997,3.1412439346313477
1748710221.51168,-14.558860973474362,3.141441822052002
1748710221.5451324,-14.55492706496129,3.141371250152588
1748710221.578503,-14.551997374316963,3.141427755355835
1748710221.6119127,-14.54997461209225,3.141356945037842
1748710221.6454844,-14.546948596025212,3.141306161880493
1748710221.6791039,-14.543909233794682,3.141359806060791
1748710221.712534,-14.540970962797722,3.14131498336792
1748710221.745911,-14.538849036236257,3.141404628753662
1748710221.779438,-14.535821118647027,3.1413426399230957
1748710221.812868,-14.532799861173403,3.141339063644409
1748710221.8463645,-14.52977671168053,3.141263723373413
1748710221.8799,-14.526658193463202,3.1413931846618652
1748710221.913355,-14.522731912371304,3.1413488388061523
1748710221.946759,-14.52062429070837,3.141322374343872
1748710221.980178,-14.517092830144929,3.141282796859741
1748710222.0138888,-14.513770229597027,3.1413638591766357
1748710222.047289,-14.511241082486299,3.1413111686706543
1748710222.080706,-14.507613300777695,3.1413066387176514
1748710222.1141055,-14.505696403465377,3.141449451446533
1748710222.1534424,-14.503674613698795,3.141362190246582
1748710222.1870072,-14.498622995669983,3.141298294067383
1748710222.2204194,-14.497613053333652,3.141310930252075
1748710222.2538161,-14.494586092238363,3.1413145065307617
1748710222.2872217,-14.491456125726419,3.1412932872772217
1748710222.3206253,-14.488430114234538,3.1412341594696045
1748710222.354147,-14.484387491674694,3.141449213027954
1748710222.387543,-14.482460110992218,3.1414713859558105
1748710222.420941,-14.479332049258465,3.1414177417755127
1748710222.4543452,-14.476206857132983,3.1413774490356445
1748710222.487797,-14.473087388828734,3.1414337158203125
1748710222.5212247,-14.470159606861726,3.141355037689209
1748710222.5546916,-14.467242316380064,3.141458034515381
1748710222.5881045,-14.464207719189076,3.1413865089416504
1748710222.6215165,-14.460988110256851,3.141523599624634
1748710222.655472,-14.45715049302446,3.1414713859558105
1748710222.6888802,-14.45413686783928,3.141355514526367
1748710222.7222877,-14.451126109277665,-3.1415107250213623
1748710222.7556996,-14.448005637545675,3.141556739807129
1748710222.7891014,-14.445083550631031,-3.1414670944213867
1748710222.8235483,-14.441939257358413,3.1413211822509766
1748710222.8569484,-14.438892231250657,-3.1415047645568848
1748710222.8903584,-14.43594915264201,3.1415255069732666
1748710222.9239242,-14.43290881775266,3.141563653945923
1748710222.9573145,-14.429967682026227,-3.141585111618042
1748710222.9907286,-14.426831994399475,3.141512393951416
1748710223.024145,-14.423906119809756,3.1414742469787598
1748710223.057556,-14.42077139205242,3.1414825916290283
1748710223.0909822,-14.417535573786838,3.1414241790771484
1748710223.1248906,-14.414707929827957,3.1415154933929443
1748710223.1588726,-14.411674289029985,3.141402244567871
1748710223.192293,-14.408643509219171,3.1415209770202637
1748710223.2257018,-14.405602241005855,3.1414635181427
1748710223.259108,-14.402568594228457,3.141342878341675
1748710223.2925255,-14.399528272603698,3.141301155090332
1748710223.325927,-14.396281854985373,-3.1415340900421143
1748710223.3593986,-14.393437017327985,3.141355037689209
1748710223.392838,-14.390393834015889,3.141350030899048
1748710223.426288,-14.388467400516369,3.1413328647613525
1748710223.4597416,-14.385433764067121,3.1414120197296143
1748710223.498401,-14.382293214032147,3.1414401531219482
1748710223.5318105,-14.379277688905011,3.141212224960327
1748710223.565414,-14.376256447329741,3.14139461517334
1748710223.5988271,-14.373236155603818,3.141277313232422
1748710223.6322286,-14.370215867605234,3.1413276195526123
1748710223.6656256,-14.368196938769247,3.1413371562957764
1748710223.6998348,-14.365167044507004,3.1414542198181152
1748710223.7333221,-14.361122328379254,3.14111328125
1748710223.7667305,-14.358098227001694,3.141282081604004
1748710223.8002825,-14.355071261404538,3.141237735748291
1748710223.8336837,-14.35214348184411,3.1413614749908447
1748710223.8680878,-14.34890098843358,3.14138126373291
1748710223.9015186,-14.346080016547521,3.141418695449829
1748710223.9349222,-14.344050597577521,3.141327381134033
1748710223.9688284,-14.339898273140841,3.1414847373962402
1748710224.0025964,-14.336953308326386,3.141202926635742
1748710224.0360658,-14.334819921833873,3.141218662261963
1748710224.0695314,-14.330762035613606,3.141230821609497
1748710224.1030488,-14.327831383972951,3.1413474082946777
1748710224.136723,-14.324799644820942,3.1412110328674316
1748710224.1702566,-14.322779761258904,3.1412999629974365
1748710224.2036633,-14.319549667941818,3.1412792205810547
1748710224.2370932,-14.316627593368654,3.141575813293457
1748710224.2707944,-14.313601570243723,3.1412394046783447
1748710224.3042061,-14.310680447917283,3.1411893367767334
1748710224.337608,-14.307555241445511,3.1411995887756348
1748710224.3710158,-14.305538221563902,3.141312599182129
1748710224.404409,-14.302606627841744,3.141381025314331
1748710224.4378529,-14.299481394028467,3.1414260864257812
1748710224.471262,-14.296334251322314,3.1411116123199463
1748710224.504778,-14.294508915914875,3.1412546634674072
1748710224.5381796,-14.291469552284205,3.141148328781128
1748710224.5745387,-14.287316263167428,3.141422748565674
1748710224.607971,-14.285394597527945,3.1412453651428223
1748710224.6413481,-14.282257006396907,3.14127516746521
1748710224.6748195,-14.2802352128664,3.141197443008423
1748710224.708385,-14.277191084810537,3.1414237022399902
1748710224.7418227,-14.273838910287823,3.1411986351013184
1748710224.7752295,-14.271097090129032,3.1412463188171387
1748710224.8086543,-14.269173529402353,3.14140248298645
1748710224.8420157,-14.266035945434059,3.141350507736206
1748710224.875592,-14.263008972986526,3.14131760597229
1748710224.909,-14.259984873334849,3.141368865966797
1748710224.9424481,-14.255967038776296,3.141275644302368
1748710224.9758923,-14.253042123049587,3.1414153575897217
1748710225.0094624,-14.250014186644433,-3.1415419578552246
1748710225.0433254,-14.246860274749263,3.1412606239318848
1748710225.07744,-14.243813276555121,3.1414568424224854
1748710225.1108391,-14.240773904731137,3.1413676738739014
1748710225.1442432,-14.237840395332489,3.141441822052002
1748710225.1777146,-14.235499125570803,3.141420602798462
1748710225.2110982,-14.23154696544118,3.1415910720825195
1748710225.2445004,-14.22851141410315,3.1415646076202393
1748710225.2779467,-14.22658785307599,3.1415388584136963
1748710225.3113825,-14.223553259190146,3.141591787338257
1748710225.344789,-14.21951823989969,3.1414101123809814
1748710225.378189,-14.216489368450528,3.1414754390716553
1748710225.4116137,-14.214470392898557,3.1415340900421143
1748710225.4451182,-14.211546425369296,3.141472578048706
1748710225.4785287,-14.20802259751465,3.1414542198181152
1748710225.512088,-14.2054047607866,3.141437292098999
1748710225.545505,-14.202480776829228,3.14129900932312
1748710225.5789385,-14.19925163093591,3.1415293216705322
1748710225.6123636,-14.197333765343247,3.1415648460388184
1748710225.645805,-14.194305835834172,3.1414029598236084
1748710225.6795106,-14.191279814907348,3.1414926052093506
1748710225.7129512,-14.187240040464246,3.1415178775787354
1748710225.7463477,-14.184217846629524,3.141535520553589
1748710225.7797596,-14.182291412590315,3.1415066719055176
1748710225.8131676,-14.178861988807524,3.1414833068847656
1748710225.8466527,-14.176038159024602,3.141479730606079
1748710225.880168,-14.173211465833706,3.141448497772217
1748710225.9136448,-14.170090089119514,3.141420602798462
1748710225.947073,-14.168070203392332,3.141328811645508
1748710225.9806561,-14.16504227512642,3.1412711143493652
1748710226.0140972,-14.162015297308136,3.141416311264038
1748710226.048518,-14.159994462083374,3.1414601802825928
1748710226.0820887,-14.155956579322575,-3.1415867805480957
1748710226.1155097,-14.152934379850203,3.1413469314575195
1748710226.1498873,-14.148501695549255,3.141314744949341
1748710226.1839073,-14.145575819459665,3.141484022140503
1748710226.2173443,-14.142545038305782,3.141494035720825
1748710226.2507582,-14.138813309820732,3.141441822052002
1748710226.2841687,-14.135792036732402,3.1413204669952393
1748710226.3175728,-14.133776924861651,3.141467332839966
1748710226.3516257,-14.13064193042509,-3.1415913105010986
1748710226.3849874,-14.127830489262633,3.141406536102295
1748710226.4184082,-14.12470529696365,3.1414260864257812
1748710226.4517865,-14.121675470396767,3.1414127349853516
1748710226.4852223,-14.118243196606,3.141425371170044
1748710226.5186625,-14.116625762842794,3.141385316848755
1748710226.5521212,-14.113597838969355,3.1412508487701416
1748710226.5856156,-14.109576197061237,3.1414477825164795
1748710226.6189704,-14.106457681265669,3.141413927078247
1748710226.652399,-14.103526086768248,3.141515016555786
1748710226.6858158,-14.100501031072376,3.1414988040924072
1748710226.7192078,-14.097474969613542,3.1413676738739014
1748710226.7526543,-14.095358733839921,3.1412808895111084
1748710226.7860916,-14.091416244572434,3.141408681869507
1748710226.819512,-14.088383548818452,3.1414878368377686
1748710226.8529084,-14.08535941164651,3.1415586471557617
1748710226.8864198,-14.082427810216721,3.1412618160247803
1748710226.9199579,-14.079083274197172,3.1414783000946045
1748710226.9534152,-14.076041051558962,3.141496181488037
1748710226.98694,-14.073214357835493,3.141498565673828
1748710227.0203516,-14.070193098041992,3.1412994861602783
1748710227.0537696,-14.067076472603565,3.141578197479248
1748710227.087189,-14.06415058873327,3.1414897441864014
1748710227.120601,-14.061117862095152,3.1413753032684326
1748710227.1541297,-14.058088041291722,3.1415319442749023
1748710227.1875508,-14.054651817109992,-3.1415107250213623
1748710227.2209845,-14.052029173315763,3.1413397789001465
1748710227.2544324,-14.049005035316517,3.1413981914520264
1748710227.2878573,-14.045978069506194,3.1413979530334473
1748710227.3213112,-14.043051232372957,3.1413822174072266
1748710227.354729,-14.039826852299754,3.141585111618042
1748710227.388129,-14.03689141091643,3.141218662261963
1748710227.4215474,-14.033757575895278,3.141247510910034
1748710227.4549117,-14.030919433800374,3.141256332397461
1748710227.4883113,-14.027899141556071,3.141399621963501
1748710227.5217226,-14.02487502178531,3.1410887241363525
1748710227.5551326,-14.021850897267116,3.14129638671875
1748710227.5885007,-14.018713299811392,3.14103627204895
1748710227.6219063,-14.015573805023498,3.1411707401275635
1748710227.6553044,-14.012531496214315,3.141336441040039
1748710227.6887398,-14.009602748817045,3.1411592960357666
1748710227.7221582,-14.0075741096242,3.1409740447998047
1748710227.7555203,-14.004636726543334,3.1413486003875732
1748710227.7890341,-14.001587725933847,3.1413981914520264
1748710227.8230543,-13.998445212906397,3.141465663909912
1748710227.8564546,-13.995397222562953,3.141070604324341
1748710227.8899057,-13.993365892068933,3.1413025856018066
1748710227.9233136,-13.990317941675828,3.1410796642303467
1748710227.9567115,-13.986263873204615,3.141362428665161
1748710227.990185,-13.983723258775509,3.1410417556762695
1748710228.0238135,-13.980774453324484,3.1414735317230225
1748710228.0573065,-13.978036396358297,3.140901565551758
1748710228.0907063,-13.975107616087067,3.1414482593536377
1748710228.1241062,-13.972116786615798,3.140951156616211
1748710228.157513,-13.969168812324636,3.140925407409668
1748710228.1909745,-13.965973953266193,3.141049861907959
1748710228.2244325,-13.960379704077416,3.141037702560425
1748710228.2579482,-13.95705988323576,3.1413471698760986
1748710228.2917066,-13.95153597801495,3.140496253967285
1748710228.3251543,-13.949454663946495,3.1402642726898193
1748710228.3593056,-13.947190587116136,3.1405012607574463
1748710228.3928761,-13.944040548974092,3.14040207862854
1748710228.4262593,-13.941336858864386,3.140413999557495
1748710228.4596684,-13.938518732218995,3.1403727531433105
1748710228.4930673,-13.935610951374274,3.1406407356262207
1748710228.5272477,-13.93216679803156,3.139677047729492
1748710228.5606506,-13.92955808643312,3.139559268951416
1748710228.5940511,-13.926989837144278,3.139798164367676
1748710228.6274571,-13.923627965615337,3.1395349502563477
1748710228.6609063,-13.921974298372996,3.13956880569458
1748710228.6944575,-13.919528015804065,3.139194965362549
1748710228.727866,-13.91783424705002,3.139281988143921
1748710228.7612848,-13.915531105810858,3.13930082321167
1748710228.7949324,-13.912968344172945,3.1387436389923096
1748710228.8283858,-13.910892108987994,3.13887619972229
1748710228.8618083,-13.908616550670654,3.1385445594787598
1748710228.8952348,-13.906375390545909,3.138716697692871
1748710228.9286792,-13.90416521884326,3.137983798980713
1748710228.9620829,-13.901964641504701,3.1383919715881348
1748710228.9955204,-13.898892956756834,3.1375560760498047
1748710229.0289464,-13.895653231675091,3.1380491256713867
1748710229.0623376,-13.891739300743788,3.1379144191741943
1748710229.095756,-13.887844919680639,3.137094259262085
1748710229.129169,-13.883707495898854,3.136836290359497
1748710229.1625655,-13.879533963678277,3.1367833614349365
1748710229.1960306,-13.875387700992299,3.1359963417053223
1748710229.2294347,-13.871417485118165,3.1353306770324707
1748710229.2628164,-13.867196234263867,3.13531756401062
1748710229.2962198,-13.863169113540673,3.133949041366577
1748710229.3296638,-13.859101900942164,3.134131908416748
1748710229.363066,-13.856423771810029,3.1328232288360596
1748710229.3964229,-13.85107677394865,3.133375883102417
1748710229.4298291,-13.84731520940871,3.1329615116119385
1748710229.4631827,-13.84352228745317,3.1324539184570312
1748710229.4966419,-13.83958356976996,3.1329104900360107
1748710229.5300443,-13.834662389744212,3.1330406665802
1748710229.5634553,-13.831395141718362,3.1316940784454346
1748710229.5968578,-13.827952295688108,3.132476568222046
1748710229.6302798,-13.82474608393229,3.133009910583496
1748710229.6636832,-13.821431617740936,3.1320858001708984
1748710229.697089,-13.819316281106861,3.1311228275299072
1748710229.7304523,-13.816325578966499,3.1322898864746094
1748710229.764169,-13.81217687296387,3.1321732997894287
1748710229.797574,-13.808978058784657,3.131706476211548
1748710229.8309765,-13.806841545800905,3.1328349113464355
1748710229.8643827,-13.802894498952071,3.131884813308716
1748710229.897763,-13.799875025569552,3.131559133529663
1748710229.931367,-13.79690039998817,3.1325290203094482
1748710229.9647367,-13.794046629042324,3.132099151611328
1748710229.998139,-13.791075051614357,3.1338157653808594
1748710230.0315819,-13.787478362198552,3.1345443725585938
1748710230.0649836,-13.784732399441145,3.1330904960632324
1748710230.098359,-13.782060135898586,3.1327974796295166
1748710230.1319413,-13.778569749978598,3.1340765953063965
1748710230.1653495,-13.77683719168503,3.1350579261779785
1748710230.198749,-13.774373805396634,3.134082555770874
1748710230.2321303,-13.771835659452346,3.1332907676696777
1748710230.2655368,-13.770156520721633,3.1339669227600098
1748710230.298944,-13.767823582975513,3.134540557861328
1748710230.3323555,-13.765420050826375,3.133798837661743
1748710230.3657553,-13.763038667274326,3.1341238021850586
1748710230.3993595,-13.76069062349851,3.134019374847412
1748710230.432714,-13.758296819708146,3.1340320110321045
