timestamp,encoder_distance,yaw_true
1749225867.1941006,8.438077992340695,-1.556701421737671
1749225867.3067763,8.438082572215098,-1.5567024946212769
1749225867.3403137,8.438083657387152,-1.5567015409469604
1749225867.37386,8.441197345661676,-1.5565866231918335
1749225867.4072719,8.447927518546084,-1.5585328340530396
1749225867.44067,8.45690349219458,-1.559563159942627
1749225867.474176,8.466216069838042,-1.5620670318603516
1749225867.5075812,8.47636652560531,-1.5635461807250977
1749225867.5410962,8.490282850293093,-1.5649785995483398
1749225867.5744965,8.500839013283946,-1.5666425228118896
1749225867.6078992,8.508264431913336,-1.5677101612091064
1749225867.6413038,8.518185612838774,-1.5683673620224
1749225867.6747105,8.529183113658794,-1.5695114135742188
1749225867.708113,8.539832715450405,-1.570805311203003
1749225867.7415261,8.550137261349711,-1.5715281963348389
1749225867.7781136,8.560791058237388,-1.5728839635849
1749225867.811504,8.568252369007292,-1.5736178159713745
1749225867.8449068,8.57891072103375,-1.574816107749939
1749225867.8783367,8.586371354002514,-1.5751527547836304
1749225867.913179,8.600588255902217,-1.5755776166915894
1749225867.94658,8.607338477439503,-1.5761456489562988
1749225867.9799821,8.621900507717484,-1.5778197050094604
1749225868.013382,8.635758750807287,-1.5790274143218994
1749225868.0468369,8.646775471997138,-1.5796738862991333
1749225868.0801957,8.660633346346332,-1.580283761024475
1749225868.113604,8.671647602381634,-1.5807223320007324
1749225868.1469877,8.685500492185056,-1.5816895961761475
1749225868.1804042,8.696158468499545,-1.5821778774261475
1749225868.2138114,8.706811723720678,-1.5832889080047607
1749225868.2473867,8.71711369541081,-1.5837308168411255
1749225868.2808151,8.727770922258342,-1.584221601486206
1749225868.3143618,8.742335697832516,-1.5843385457992554
1749225868.3477705,8.749084633823317,-1.5848685503005981
1749225868.3812187,8.763648572336649,-1.585479497909546
1749225868.4146945,8.770754039572486,-1.585655927658081
1749225868.4482722,8.7814108502622,-1.5859160423278809
1749225868.481673,8.791722027119711,-1.5858856439590454
1749225868.5150845,8.802738469454521,-1.5871409177780151
1749225868.5485349,8.81304971417936,-1.5872617959976196
1749225868.5820415,8.82406903892323,-1.5870126485824585
1749225868.6155307,8.834374011641762,-1.5872914791107178
1749225868.6489353,8.845387996986924,-1.587663173675537
1749225868.682629,8.852493288330678,-1.5875862836837769
1749225868.7164977,8.863150943799585,-1.5874654054641724
1749225868.7498581,8.873807535219667,-1.5877690315246582
1749225868.7832687,8.880911905975069,-1.587945818901062
1749225868.8167279,8.89511973349681,-1.58802330493927
1749225868.8501358,8.906130823965253,-1.5879149436950684
1749225868.8835998,8.916431350481595,-1.5878262519836426
1749225868.917247,8.930639290257954,-1.5878289937973022
1749225868.9508405,8.937743027738666,-1.5877699851989746
1749225868.9843001,8.951950236007702,-1.5879740715026855
1749225869.0184555,8.962606168644234,-1.5879547595977783
1749225869.0518534,8.969710365592576,-1.5875935554504395
1749225869.0852385,8.983918912553673,-1.5878773927688599
1749225869.1186838,8.994929998036298,-1.5877890586853027
1749225869.152118,9.004874903451611,-1.5875778198242188
1749225869.1855254,9.015885020363656,-1.5875244140625
1749225869.2189338,9.026539906464716,-1.5874942541122437
1749225869.2523365,9.036839748908145,-1.5874103307724
1749225869.285928,9.051402232594885,-1.587467074394226
1749225869.31934,9.058505325881182,-1.5873005390167236
1749225869.3528185,9.068804778273408,-1.5872324705123901
1749225869.3862152,9.08052393180236,-1.5871522426605225
1749225869.4197974,9.091178950785332,-1.5869996547698975
1749225869.4532511,9.101123424472707,-1.5866738557815552
1749225869.4866698,9.111778581938857,-1.5866166353225708
1749225869.5201068,9.122433211676741,-1.586330533027649
1749225869.5535972,9.136994951467374,-1.5860414505004883
1749225869.587005,9.147295035060557,-1.585705280303955
1749225869.6204143,9.157950792919058,-1.5853358507156372
1749225869.6538174,9.165055059953012,-1.585344910621643
1749225869.6909661,9.17606616519985,-1.5850650072097778
1749225869.7244287,9.186368059466046,-1.5850237607955933
1749225869.7578437,9.193116694863189,-1.5844831466674805
1749225869.7913456,9.210876478185709,-1.5844786167144775
1749225869.8247607,9.221887007886595,-1.5841519832611084
1749225869.8581564,9.232188186881961,-1.5842037200927734
1749225869.891571,9.243199171621564,-1.5841193199157715
1749225869.9250586,9.253855185260564,-1.583951711654663
1749225869.9584577,9.264156499306676,-1.584089756011963
1749225869.9918692,9.270665446589206,-1.5838531255722046
1749225870.0253193,9.277845079106095,-1.5839775800704956
1749225870.05871,9.283039709915053,-1.583969235420227
1749225870.092461,9.287010132421809,-1.583929419517517
1749225870.1258783,9.289364231228536,-1.583763599395752
1749225870.1592772,9.293989811716433,-1.5839704275131226
1749225870.1926825,9.297417703095018,-1.5842511653900146
1749225870.2261684,9.300674835973586,-1.584252953529358
1749225870.2595735,9.30390482309353,-1.5840167999267578
1749225870.292975,9.307121045478526,-1.5843743085861206
1749225870.3264182,9.310328505146227,-1.5840853452682495
1749225870.3598883,9.313536384836715,-1.583946704864502
1749225870.3938935,9.316649438517883,-1.5846686363220215
1749225870.4273126,9.319986306814233,-1.5843064785003662
1749225870.4607248,9.323090296215444,-1.5843682289123535
1749225870.49408,9.325340917801428,-1.58456289768219
1749225870.5276468,9.329605086398045,-1.5848548412322998
1749225870.5610156,9.332823935400684,-1.5852373838424683
1749225870.5944617,9.336061328504524,-1.5847975015640259
1749225870.6278474,9.339287955412555,-1.584845781326294
1749225870.661258,9.342498523580844,-1.585178017616272
1749225870.6946616,9.345819730179679,-1.5856478214263916
1749225870.7280717,9.349038142206442,-1.5851200819015503
1749225870.7624233,9.352203318521685,-1.5855538845062256
1749225870.796101,9.357181573203821,-1.5855934619903564
1749225870.8294988,9.359811902446632,-1.586166262626648
1749225870.8637965,9.36517858232978,-1.5861471891403198
1749225870.897195,9.369240497474664,-1.5873810052871704
1749225870.9305959,9.373233835788868,-1.5877920389175415
1749225870.964034,9.377114461487222,-1.5874099731445312
1749225870.9974573,9.381152500170524,-1.58879554271698
1749225871.0309222,9.385007202666644,-1.5890617370605469
1749225871.0643384,9.388795859302107,-1.5894042253494263
1749225871.0977845,9.39253375180659,-1.590390920639038
1749225871.1317759,9.396239905269432,-1.5902554988861084
1749225871.1651776,9.399894417472835,-1.5915322303771973
1749225871.1985781,9.403573493605828,-1.5910152196884155
1749225871.2321198,9.407163664431215,-1.5927050113677979
1749225871.2655199,9.410740795741033,-1.5927183628082275
1749225871.2989135,9.414240164200672,-1.5937519073486328
1749225871.3323245,9.417683617659982,-1.593967080116272
1749225871.3657258,9.42088333922613,-1.5941418409347534
1749225871.3991678,9.424072657151116,-1.595595121383667
1749225871.4325857,9.427379616799149,-1.5956779718399048
1749225871.4659626,9.430440200268807,-1.5968530178070068
1749225871.4993758,9.433680280488206,-1.5968494415283203
1749225871.532799,9.436669937520177,-1.5971646308898926
1749225871.5662763,9.439777110157042,-1.5986952781677246
1749225871.5996864,9.442495924476177,-1.5992424488067627
1749225871.633237,9.44633739367204,-1.5993207693099976
1749225871.6670644,9.448231649291614,-1.599511981010437
1749225871.7005293,9.45010250793025,-1.59994637966156
1749225871.7339363,9.453867527784487,-1.5997940301895142
1749225871.7673488,9.456379884118363,-1.6014530658721924
1749225871.8007562,9.459197675105544,-1.600848913192749
1749225871.8342571,9.461827088679078,-1.6014769077301025
1749225871.8676555,9.464317463096535,-1.602600336074829
1749225871.901203,9.466971531439556,-1.601868748664856
1749225871.934608,9.46865714483379,-1.6030006408691406
1749225871.9680362,9.47204169586191,-1.602743148803711
1749225872.00144,9.474438029786,-1.603786587715149
1749225872.034882,9.476985142558942,-1.6038912534713745
1749225872.0682888,9.479448302022787,-1.6042535305023193
1749225872.1017065,9.481732872950701,-1.6041697263717651
1749225872.1351092,9.484036400314556,-1.6049726009368896
1749225872.168515,9.486302545314464,-1.6050949096679688
1749225872.2019765,9.488450242058319,-1.6054829359054565
1749225872.235423,9.490759418218937,-1.6060048341751099
1749225872.2688324,9.492882308347786,-1.6057169437408447
1749225872.3022397,9.495730069468594,-1.6063792705535889
1749225872.3356516,9.497736534631848,-1.605528473854065
1749225872.3691795,9.499842734715381,-1.6065714359283447
1749225872.402577,9.50192064739953,-1.6068835258483887
1749225872.4360833,9.503869452766148,-1.606257677078247
1749225872.4694846,9.505808474852232,-1.607283353805542
1749225872.5028913,9.507876431115342,-1.6067942380905151
1749225872.536321,9.509925379770381,-1.6079092025756836
1749225872.5698447,9.51179894077612,-1.6077874898910522
1749225872.6032956,9.513672565366205,-1.6074575185775757
1749225872.636723,9.515494862714936,-1.608367681503296
1749225872.670139,9.51728000563161,-1.6086616516113281
1749225872.7035422,9.51902169998462,-1.608660340309143
1749225872.7370906,9.520677403733025,-1.6084364652633667
1749225872.7705564,9.522403264624604,-1.6088027954101562
1749225872.8039916,9.524054427995377,-1.6089521646499634
1749225872.8374045,9.525083711680146,-1.6093658208847046
1749225872.8707583,9.526745810832697,-1.6087021827697754
1749225872.904157,9.528301582635192,-1.609422206878662
1749225872.9387622,9.53039898278898,-1.6091362237930298
1749225872.9723094,9.531974929027905,-1.609502911567688
1749225873.0058422,9.533472712403265,-1.6092963218688965
1749225873.0392463,9.534896772633893,-1.6091512441635132
1749225873.0726128,9.536442530544523,-1.6092760562896729
1749225873.1060197,9.537833072703496,-1.6095547676086426
1749225873.139443,9.539225172850152,-1.6091398000717163
1749225873.1728585,9.540683424782067,-1.6096690893173218
1749225873.2062764,9.542084304031988,-1.6091305017471313
1749225873.2396877,9.543466028202717,-1.6098928451538086
1749225873.2730937,9.544378833939941,-1.6091099977493286
1749225873.3064978,9.546215442945488,-1.609703540802002
1749225873.3401067,9.547182684523271,-1.6090623140335083
1749225873.3735125,9.548897118971514,-1.6094545125961304
1749225873.406862,9.549743341373972,-1.609494924545288
1749225873.440268,9.551398710934624,-1.6093734502792358
1749225873.4736893,9.552174435770922,-1.6094541549682617
1749225873.5073552,9.553357873421673,-1.6095672845840454
1749225873.5407794,9.554606061321497,-1.6094615459442139
1749225873.5741863,9.55571521778346,-1.6094255447387695
1749225873.6075938,9.55684369724669,-1.6094943284988403
1749225873.6409945,9.557951235851215,-1.6094911098480225
1749225873.6744359,9.559076621644508,-1.6093467473983765
1749225873.7078319,9.56011910742393,-1.6093968152999878
1749225873.7412975,9.561159718691604,-1.6095457077026367
1749225873.7747903,9.562194653451531,-1.6090967655181885
1749225873.8082108,9.563229826010568,-1.6097291707992554
1749225873.8416145,9.564619338235048,-1.6090924739837646
1749225873.8751204,9.565304778352493,-1.6098768711090088
1749225873.9085546,9.566001314914665,-1.6093167066574097
1749225873.9419553,9.567432015585917,-1.609674096107483
1749225873.9754872,9.568434383582591,-1.6096957921981812
1749225874.0088992,9.569340110815032,-1.6095964908599854
1749225874.0423179,9.570306752834686,-1.6095852851867676
1749225874.0757277,9.571515607633996,-1.6096065044403076
1749225874.1091225,9.572397852176625,-1.6096736192703247
1749225874.1425977,9.573267157851285,-1.6095339059829712
1749225874.1760042,9.574102825350147,-1.6095598936080933
1749225874.2094376,9.575239989041943,-1.6096203327178955
1749225874.242834,9.576115710635104,-1.6096336841583252
1749225874.2762396,9.5766043673196,-1.6098159551620483
1749225874.3096101,9.57738328334723,-1.6101491451263428
1749225874.3430142,9.57823374036055,-1.60985267162323
1749225874.3764725,9.578990846677955,-1.609918236732483
1749225874.4101257,9.579691763628858,-1.6098500490188599
1749225874.4435701,9.58020885088946,-1.6097954511642456
1749225874.4769728,9.580442109004139,-1.6097743511199951
1749225874.5103786,9.580550919496025,-1.609763503074646
1749225874.5437646,9.580621552721547,-1.6097744703292847
1749225874.5771213,9.58065397296721,-1.6097694635391235
1749225874.610563,9.580678811848342,-1.6097803115844727
1749225874.6439664,9.580690491567728,-1.6097735166549683
1749225874.677343,9.580697646587343,-1.609775424003601
1749225874.710822,9.580709384445367,-1.60978364944458
1749225874.7442884,9.58071713164595,-1.609796404838562
1749225874.7785916,9.580715033907486,-1.6097828149795532
1749225874.8120086,9.580727839552905,-1.609797716140747
1749225874.845515,9.580722176069767,-1.6097815036773682
1749225874.8790658,9.58073064546845,-1.6098055839538574
1749225874.9124925,9.580729293212928,-1.6098015308380127
1749225874.9459038,9.580736148049068,-1.609806776046753
1749225874.9793966,9.580735329393084,-1.6098229885101318
1749225875.0128515,9.580740047011595,-1.6098207235336304
1749225875.0462577,9.580740127187713,-1.609817385673523
1749225875.0796626,9.580748988531584,-1.6098334789276123
1749225875.1130939,9.580746390627036,-1.6098136901855469
1749225875.146519,9.580749032362837,-1.609822154045105
1749225875.17996,9.580750037313555,-1.60982084274292
1749225875.213369,9.580751606445153,-1.6098226308822632
1749225875.2468035,9.580753296609208,-1.609822154045105
1749225875.2801557,9.580754996520874,-1.6098233461380005
1749225875.3135738,9.580755967126962,-1.6098238229751587
1749225875.3477464,9.5807574073654,-1.6098244190216064
1749225875.3812423,9.580758568251063,-1.6098252534866333
1749225875.4146395,9.580760318508842,-1.6098250150680542
1749225875.4480376,9.58076199742656,-1.6098259687423706
1749225875.4823968,9.580763051388269,-1.6098270416259766
1749225875.5157893,9.580765161880237,-1.6098263263702393
1749225875.5491889,9.580766131383783,-1.6098278760910034
1749225875.5826712,9.580767560970598,-1.609826683998108
1749225875.616081,9.580768817547574,-1.6098281145095825
1749225875.6496027,9.580770358896181,-1.609827995300293
1749225875.6830282,9.580771793855105,-1.6098291873931885
1749225875.7164574,9.580773799317825,-1.6098291873931885
1749225875.74989,9.580775319759722,-1.6098299026489258
1749225875.7832973,9.580776723090963,-1.6098300218582153
1749225875.8167036,9.580778362604814,-1.6098312139511108
1749225875.8501015,9.58077991896173,-1.6098310947418213
1749225875.8835332,9.580781678267988,-1.6098321676254272
1749225875.9169786,9.580783153792696,-1.609832763671875
1749225875.9505486,9.58078434010757,-1.6098328828811646
1749225875.983958,9.5807859470227,-1.6098337173461914
1749225876.0174093,9.580787077207358,-1.6098333597183228
1749225876.0508225,9.580788207137145,-1.6098339557647705
1749225876.084264,9.580790296625695,-1.6098344326019287
1749225876.1176639,9.580791220071202,-1.609835147857666
1749225876.151063,9.580793281291259,-1.6098355054855347
1749225876.1844685,9.580794030625475,-1.6098359823226929
1749225876.2179267,9.580795983951532,-1.6098365783691406
1749225876.2513332,9.58079709909015,-1.6098370552062988
1749225876.2847383,9.580798886396197,-1.6098371744155884
1749225876.3181448,9.580800431824535,-1.6098378896713257
1749225876.3515813,9.5808022696227,-1.6098374128341675
1749225876.385045,9.580803943561568,-1.609838843345642
1749225876.418459,9.580806073368738,-1.6098390817642212
1749225876.451863,9.580807625387452,-1.6098397970199585
1749225876.4855351,9.580808801410793,-1.6098403930664062
1749225876.518943,9.580810361508206,-1.6098406314849854
1749225876.5523446,9.580811655636207,-1.609841227531433
1749225876.5857923,9.580813570798112,-1.609842300415039
1749225876.619275,9.580815086401726,-1.6098415851593018
1749225876.6527002,9.580816034865649,-1.609843134880066
1749225876.6861255,9.580817496162656,-1.6098432540893555
1749225876.7195828,9.58081864011672,-1.6098428964614868
1749225876.7529511,9.580819914452624,-1.6098439693450928
1749225876.7863562,9.580821441171466,-1.6098436117172241
1749225876.819796,9.580822907041215,-1.609844446182251
1749225876.8540523,9.58082443473062,-1.6098451614379883
1749225876.8874667,9.58082592600779,-1.609845519065857
1749225876.9208715,9.580827662408335,-1.6098464727401733
1749225876.9542701,9.580828521301095,-1.6098462343215942
1749225876.9876964,9.580830195770929,-1.6098467111587524
1749225877.0211005,9.580831262660066,-1.6098474264144897
1749225877.0545638,9.58083274426877,-1.6098477840423584
1749225877.0880702,9.58083389425045,-1.6098482608795166
1749225877.1215475,9.580835433041067,-1.6098488569259644
1749225877.1550186,9.580837292375344,-1.609848141670227
1749225877.1884847,9.580838420414123,-1.609848976135254
1749225877.221891,9.580840195831986,-1.6098496913909912
1749225877.2560656,9.580841401433213,-1.6098501682281494
1749225877.290123,9.580843097083632,-1.6098510026931763
1749225877.3235836,9.580844126506234,-1.6098512411117554
1749225877.3574612,9.580845697208032,-1.6098519563674927
1749225877.3908787,9.580847744134125,-1.6098527908325195
1749225877.4243438,9.580865814638706,-1.609751582145691
1749225877.4579177,9.58202622216517,-1.6103233098983765
1749225877.4913144,9.585408923147739,-1.6084659099578857
1749225877.5247118,9.590491956836589,-1.6029183864593506
1749225877.5581255,9.598721044402321,-1.5987941026687622
1749225877.5915961,9.60554464014866,-1.5948504209518433
1749225877.6250908,9.613115262352249,-1.589537262916565
1749225877.6586227,9.620434750613265,-1.5855095386505127
1749225877.6920588,9.628189677887061,-1.5797120332717896
1749225877.7254612,9.635759649889307,-1.5737133026123047
1749225877.7588654,9.643565055409853,-1.5707603693008423
1749225877.7922785,9.651374507651331,-1.5642536878585815
1749225877.8256948,9.65892638841948,-1.560024619102478
1749225877.859139,9.666676208395918,-1.554090142250061
1749225877.8925736,9.67457997924508,-1.5499883890151978
1749225877.9259799,9.682118054368491,-1.5451565980911255
1749225877.9593892,9.69012275124189,-1.5395563840866089
1749225877.9927907,9.697867934910642,-1.5340111255645752
1749225878.0261977,9.705785052580898,-1.5308706760406494
1749225878.0595691,9.713744642714474,-1.5286365747451782
1749225878.0929523,9.721428987065163,-1.5241814851760864
1749225878.1264217,9.72984644138735,-1.5204951763153076
1749225878.1598232,9.738213454353565,-1.5185476541519165
1749225878.1932857,9.746900804396448,-1.5146554708480835
1749225878.226702,9.755143486862572,-1.5106685161590576
1749225878.2600982,9.766632811343893,-1.5079160928726196
1749225878.2935047,9.77498744522533,-1.5042853355407715
1749225878.3269007,9.783690671022637,-1.4990137815475464
1749225878.360352,9.792571355150669,-1.4967612028121948
1749225878.3937945,9.801718068828476,-1.4934310913085938
1749225878.4271812,9.813272874644452,-1.4902331829071045
1749225878.460849,9.819480460037472,-1.4857103824615479
1749225878.4942863,9.831297470530615,-1.4822016954421997
1749225878.527726,9.840244370148216,-1.4794334173202515
1749225878.5613778,9.849154492667125,-1.475913405418396
1749225878.5947742,9.8580863728086,-1.4718003273010254
1749225878.6281857,9.86704882559838,-1.4689158201217651
1749225878.6616004,9.875939425108792,-1.4646968841552734
1749225878.694991,9.884921454915531,-1.4620192050933838
1749225878.7283728,9.893730777701204,-1.456757664680481
1749225878.761781,9.902568452788174,-1.452370047569275
1749225878.7953906,9.911376819538514,-1.4473844766616821
1749225878.8288085,9.919729614428162,-1.4422365427017212
1749225878.8623073,9.928454955586721,-1.4398821592330933
1749225878.8959327,9.936995014319889,-1.4326690435409546
1749225878.9293625,9.945614897349481,-1.4303147792816162
1749225878.9628263,9.95399575876631,-1.4250121116638184
1749225878.996251,9.959763438770807,-1.418762445449829
1749225879.0296638,9.970656947380647,-1.4129915237426758
1749225879.0631568,9.978987754120052,-1.407411813735962
1749225879.096603,9.986559612145754,-1.4006489515304565
1749225879.130115,9.992141125778064,-1.3972786664962769
1749225879.16356,9.999718114682155,-1.3917577266693115
1749225879.1969676,10.007560144561827,-1.3866482973098755
1749225879.2305386,10.015318369610137,-1.381108045578003
1749225879.2639353,10.020709606245196,-1.3754119873046875
1749225879.2973638,10.030690140874244,-1.3693091869354248
1749225879.330746,10.0383620042306,-1.363751769065857
1749225879.3641927,10.04624097981718,-1.357767105102539
1749225879.3976395,10.05356242583527,-1.3517283201217651
1749225879.431051,10.060953319925177,-1.3467419147491455
1749225879.4644752,10.068544082335254,-1.3410533666610718
1749225879.498245,10.073866387476942,-1.3345587253570557
1749225879.5317996,10.084001059603855,-1.329681396484375
1749225879.565421,10.091603488185822,-1.3240545988082886
1749225879.5988307,10.099208309506002,-1.318448781967163
1749225879.632315,10.106811029882271,-1.3128235340118408
1749225879.6657157,10.114414635872595,-1.3072067499160767
1749225879.699067,10.124299088167664,-1.299903154373169
1749225879.732521,10.131902409943807,-1.2942874431610107
1749225879.765956,10.139505707776749,-1.2886698246002197
1749225879.7993875,10.147362651667612,-1.2828675508499146
1749225879.8327758,10.154712021332385,-1.277435302734375
1749225879.8661819,10.162822059322755,-1.2714425325393677
1749225879.899686,10.170172549002645,-1.2660151720046997
1749225879.9331129,10.177775415513,-1.260393738746643
1749225879.966518,10.185378896376607,-1.254775047302246
1749225879.999948,10.192982177508092,-1.2491544485092163
1749225880.033425,10.200332499703105,-1.243726372718811
1749225880.0668674,10.207935703119777,-1.2360447645187378
1749225880.1005085,10.218326533443664,-1.230424404144287
1749225880.135752,10.225930392625836,-1.2248092889785767
1749225880.1692178,10.231252454979666,-1.219190239906311
1749225880.2026203,10.238602470996932,-1.2154446840286255
1749225880.2360325,10.245952026641188,-1.210010051727295
1749225880.2694418,10.253808812367055,-1.204201102256775
1749225880.3029006,10.261412062120753,-1.1985822916030884
1749225880.3363192,10.266227630253264,-1.1925885677337646
1749225880.369728,10.274084431116718,-1.187157154083252
1749225880.4031289,10.283968755247258,-1.1819108724594116
1749225880.4367266,10.289037870672189,-1.1761040687561035
1749225880.4702604,10.299429006584582,-1.1704847812652588
1749225880.5039208,10.304497890782157,-1.1629887819290161
1749225880.5373313,10.314635828871149,-1.157369613647461
1749225880.5706947,10.324773510736648,-1.1517493724822998
1749225880.6041124,10.332376691943299,-1.1461261510849
1749225880.637526,10.342514606787955,-1.1386337280273438
1749225880.6709375,10.347329984302597,-1.135069727897644
1749225880.7043583,10.357721408204625,-1.1273866891860962
1749225880.7377613,10.366338219212034,-1.1210157871246338
1749225880.7713382,10.372927863218925,-1.1161445379257202
1749225880.8047426,10.38306549595109,-1.1086465120315552
1749225880.8381457,10.388134309218088,-1.104901671409607
1749225880.8715544,10.395737481818522,-1.0992796421051025
1749225880.9049873,10.405875371539418,-1.0917836427688599
1749225880.9383976,10.40840969454831,-1.087662935256958
1749225880.971803,10.421081650830217,-1.0805387496948242
1749225881.005212,10.428431706442595,-1.075105905532837
1749225881.0386147,10.436541752050202,-1.069108247756958
1749225881.0722318,10.443637562891144,-1.0638545751571655
1749225881.10563,10.451493734040831,-1.058037281036377
1749225881.139028,10.459097045643462,-1.0524166822433472
1749225881.1724353,10.469487348515187,-1.0447289943695068
1749225881.2058716,10.47683686074043,-1.0392920970916748
1749225881.2392771,10.484186128729036,-1.0338584184646606
1749225881.2726865,10.492042022934548,-1.0280462503433228
1749225881.3060873,10.499391393434054,-1.0205456018447876
1749225881.3395,10.507247931261235,-1.0149226188659668
1749225881.3729098,10.51738448276582,-1.0092978477478027
1749225881.4063044,10.522453252188086,-1.0034855604171753
1749225881.4401531,10.532843348085091,-0.9978619813919067
1749225881.473683,10.537911527197242,-0.9926125407218933
1749225881.5072258,10.547541260873546,-0.9869866967201233
1749225881.5406466,10.555396599672093,-0.9811723232269287
1749225881.5740476,10.562994510245906,-0.9755269885063171
1749225881.6074834,10.568052452857087,-0.9698780179023743
1749225881.6408513,10.575672700071124,-0.9665538668632507
1749225881.67425,10.58293674285178,-0.9604894518852234
1749225881.7076545,10.590556111350795,-0.9554247856140137
1749225881.7410893,10.598309757281505,-0.9488160610198975
1749225881.77452,10.605675127406428,-0.9438983798027039
1749225881.807968,10.613170259271794,-0.9376208186149597
1749225881.8414016,10.620962366617105,-0.9314267039299011
1749225881.8748736,10.628622646701373,-0.9273001551628113
1749225881.9082904,10.638844486005905,-0.9188598990440369
1749225881.9417114,10.646213191480676,-0.914573073387146
1749225881.9751153,10.653589406159371,-0.9075441956520081
1749225882.008554,10.66125981219727,-0.903357207775116
1749225882.0426843,10.668334240143905,-0.895524799823761
1749225882.0760908,10.676181643493152,-0.8876886367797852
1749225882.1095016,10.683441056141021,-0.8837411999702454
1749225882.142955,10.688725180380112,-0.8759726285934448
1749225882.1763306,10.70107566011518,-0.8692024350166321
1749225882.2097428,10.708246290013767,-0.860068142414093
1749225882.2431827,10.71545347480623,-0.8528265953063965
1749225882.2766702,10.723654582683448,-0.8482242822647095
1749225882.3102577,10.7330476625639,-0.8371809124946594
1749225882.343671,10.739880800784002,-0.8283068537712097
1749225882.3774219,10.747384517027255,-0.8223668932914734
1749225882.4114907,10.754270340598218,-0.813974916934967
1749225882.4448986,10.764037571522394,-0.7989697456359863
1749225882.4783268,10.771259343680775,-0.7928662896156311
1749225882.5117886,10.780349377316067,-0.7788004875183105
1749225882.5452914,10.787591146543342,-0.7704688906669617
1749225882.5786972,10.793986164257202,-0.7572131752967834
1749225882.6121728,10.801115935440174,-0.7457841634750366
1749225882.6455774,10.807661445244454,-0.7333317399024963
1749225882.6789923,10.814354684062668,-0.726005494594574
1749225882.7126825,10.82104951221196,-0.7134056091308594
1749225882.7464643,10.827757135995126,-0.6955283284187317
1749225882.7800555,10.83762560144867,-0.6837098002433777
1749225882.8134716,10.844281884429925,-0.6708447933197021
1749225882.8468878,10.850936794796104,-0.6575291156768799
1749225882.8803077,10.857822079470512,-0.6434946060180664
1749225882.9137962,10.865006306136065,-0.6290202140808105
1749225882.9476862,10.871946604736722,-0.6165387630462646
1749225882.9811914,10.879146056001439,-0.6021887063980103
1749225883.0148215,10.88351953035055,-0.5858376026153564
1749225883.048278,10.890630636638674,-0.5732874870300293
1749225883.082429,10.900417476079692,-0.5638248920440674
1749225883.1157618,10.907451822840404,-0.5494664311408997
1749225883.1491566,10.912150002271243,-0.5406612157821655
1749225883.1825745,10.91967508626706,-0.5227086544036865
1749225883.2159812,10.928774281668412,-0.5105995535850525
1749225883.2494128,10.935888792182688,-0.4978105127811432
1749225883.282804,10.945618437676703,-0.48209327459335327
1749225883.3162198,10.95300125382984,-0.47129011154174805
1749225883.3496256,10.957817370152823,-0.4635851979255676
1749225883.3830156,10.964983050538635,-0.45166659355163574
1749225883.4163725,10.969618053553368,-0.4378432333469391
1749225883.4497721,10.979295514929248,-0.4268451929092407
1749225883.4831483,10.98676125210172,-0.4166986346244812
1749225883.516649,10.993811151680914,-0.40625110268592834
1749225883.5500953,11.001420642823826,-0.39368486404418945
1749225883.5836818,11.008232490856704,-0.38141536712646484
1749225883.6170702,11.01550646862573,-0.36964282393455505
1749225883.6505024,11.022948606059593,-0.3593732714653015
1749225883.683908,11.030323249666385,-0.3492089807987213
1749225883.7173305,11.03523056758123,-0.33879855275154114
1749225883.7506995,11.044546480110007,-0.32627999782562256
1749225883.7841196,11.04937190246776,-0.31548088788986206
1749225883.8175592,11.059169336005128,-0.3048454523086548
1749225883.8510911,11.06663974719655,-0.2934740483760834
1749225883.8846304,11.073693853479307,-0.28321608901023865
1749225883.91804,11.08108370131741,-0.2732502222061157
1749225883.9515457,11.085829576784509,-0.26422154903411865
1749225883.9851487,11.096144867143268,-0.2542370855808258
1749225884.018571,11.103015471355851,-0.24528641998767853
1749225884.052206,11.110628725453541,-0.23551136255264282
1749225884.0856097,11.118141179964454,-0.22747735679149628
1749225884.1190152,11.125579598745537,-0.2191915065050125
1749225884.1524243,11.134024881755035,-0.2101665884256363
1749225884.1871395,11.137772186781055,-0.20645885169506073
1749225884.2205489,11.148059814284236,-0.19699862599372864
1749225884.2539508,11.155388808444759,-0.1912604421377182
1749225884.2873695,11.163206368470592,-0.18534843623638153
1749225884.3208144,11.170619458562273,-0.1780403107404709
1749225884.3542247,11.178170952321835,-0.17195160686969757
1749225884.387628,11.185706521155387,-0.166124165058136
1749225884.4210324,11.19309882681614,-0.15862871706485748
1749225884.454476,11.19816449500041,-0.1549605280160904
1749225884.487889,11.208252527816864,-0.14778411388397217
1749225884.5212748,11.213216213455897,-0.14091035723686218
1749225884.5547059,11.223394128982905,-0.1364700198173523
1749225884.588109,11.230700476446858,-0.12943701446056366
1749225884.621598,11.240800822233288,-0.12458691000938416
1749225884.6550186,11.248656575634577,-0.12023849040269852
1749225884.6884303,11.2562736487854,-0.11669279634952545
1749225884.721874,11.263570450602394,-0.11232858151197433
1749225884.7553163,11.271406606479507,-0.10821763426065445
1749225884.7887688,11.27899186953383,-0.10432657599449158
1749225884.8221512,11.286595251526652,-0.10091432183980942
1749225884.8555987,11.294149901789286,-0.09664829820394516
1749225884.8890426,11.30174097462678,-0.0929984524846077
1749225884.9224513,11.30934861485486,-0.08998290449380875
1749225884.9558625,11.316906460538258,-0.08595893532037735
1749225884.9892693,11.324526897493662,-0.08347360789775848
1749225885.0226936,11.332360045369018,-0.08016051352024078
1749225885.056094,11.33993220821251,-0.07621634751558304
1749225885.0895019,11.34705440131764,-0.07358848303556442
1749225885.1229043,11.352427566833457,-0.07222151011228561
1749225885.1563466,11.360039598804075,-0.06893749535083771
1749225885.1897516,11.367671647222862,-0.06506875902414322
1749225885.2231581,11.375055656977466,-0.06242677569389343
1749225885.2565606,11.38289204912764,-0.06000785157084465
1749225885.290064,11.390524148828472,-0.057650238275527954
1749225885.3235881,11.39814021135286,-0.05513879284262657
1749225885.3570561,11.405765338239283,-0.053160134702920914
1749225885.3904645,11.413117523135169,-0.05099258944392204
1749225885.4238749,11.420977053829812,-0.04828394576907158
1749225885.4572842,11.428613528586313,-0.046584371477365494
1749225885.4909742,11.435963738552287,-0.04303523153066635
1749225885.5244343,11.443859975943417,-0.0413210503757
1749225885.557836,11.4514838510944,-0.03978317603468895
1749225885.591264,11.46142879172971,-0.03818696737289429
1749225885.6247008,11.46904619467867,-0.03540034964680672
1749225885.6581354,11.476692066338552,-0.03389226272702217
1749225885.6915555,11.482021726917369,-0.03233154118061066
1749225885.7250025,11.489646328793462,-0.030585959553718567
1749225885.758377,11.49726061789819,-0.02862522192299366
1749225885.7917752,11.502348157533405,-0.02725294418632984
1749225885.8251975,11.512488885917112,-0.025382617488503456
1749225885.8586645,11.5200940978379,-0.023080050945281982
1749225885.8922374,11.527963604284762,-0.021666552871465683
1749225885.9256504,11.535327806190269,-0.0206181351095438
1749225885.9591055,11.542692764170662,-0.01808423548936844
1749225885.9926445,11.550609634468561,-0.016536297276616096
1749225886.026044,11.5585138955956,-0.015171785838901997
1749225886.0594587,11.565892585904345,-0.014049134217202663
1749225886.09287,11.573509669933214,-0.01287112571299076
1749225886.1262891,11.580864415651236,-0.011261253617703915
1749225886.1597104,11.58873260115076,-0.010193923488259315
1749225886.193121,11.596088446678348,-0.008955443277955055
1749225886.2265675,11.60369746206976,-0.007849075831472874
1749225886.259978,11.611576438415767,-0.0073297591879963875
1749225886.2933798,11.618943561584377,-0.00604383647441864
1749225886.3269165,11.62682726039334,-0.005495216231793165
1749225886.3603725,11.631664392042488,-0.0037858551368117332
1749225886.3937955,11.639059005255088,-0.002925590379163623
1749225886.4272,11.644563997157574,-0.00228967540897429
1749225886.460617,11.64761060932714,-0.0014363359659910202
1749225886.4939947,11.654363020456984,-0.0010022837668657303
1749225886.5275593,11.658976365596413,-0.0003468170762062073
1749225886.5617392,11.662590321396785,-0.0002237510634586215
1749225886.5953014,11.668700502376986,0.0012407884933054447
1749225886.6287446,11.672420242985773,0.0018438984407112002
1749225886.662206,11.677202230872757,0.0014223165344446898
1749225886.6957183,11.679322703717398,0.0016628545708954334
1749225886.7292633,11.68262659141148,0.0023422029335051775
1749225886.7628827,11.686049359493078,0.0020028676372021437
1749225886.796281,11.689362859056253,0.0026436049956828356
1749225886.8296936,11.692436228181624,0.0022540134377777576
1749225886.8631139,11.695746353089161,0.0029993047937750816
1749225886.8967946,11.699187339195259,0.0019654198549687862
1749225886.93053,11.702518231117516,0.0027970345690846443
1749225886.9639363,11.705889251355009,0.002566821873188019
1749225886.9973395,11.709088672076504,0.003946338780224323
1749225887.0309398,11.712423846672184,0.004236738663166761
1749225887.0643487,11.715503011540022,0.003666999749839306
1749225887.0987809,11.718944089063978,0.0044512213207781315
1749225887.1335754,11.72207539566523,0.00400867173448205
1749225887.167117,11.725192735584375,0.00425167940557003
1749225887.2005222,11.727335325147035,0.004300049506127834
1749225887.2338936,11.731770360468955,0.004198694601655006
1749225887.2675776,11.735209965012174,0.0035236545372754335
1749225887.300991,11.740530492323078,0.0032943151891231537
1749225887.3344133,11.74423038671487,0.002259185304865241
1749225887.3686638,11.74679092320905,0.0015016087563708425
1749225887.4021344,11.750662498417102,0.0018831765046343207
1749225887.435537,11.754666403652937,0.0014118477702140808
1749225887.4689894,11.758395436123784,0.002705385908484459
1749225887.5024858,11.762181874817829,0.001546272891573608
1749225887.5358913,11.766916182076027,0.0018426310271024704
1749225887.5692885,11.770559618441336,-2.2974947569309734e-05
1749225887.6028981,11.774127094249536,0.0008644088520668447
1749225887.636391,11.77757664954765,-0.000702989345882088
1749225887.6698802,11.779963113737319,-0.0007211205083876848
1749225887.7032843,11.783187706417792,-0.000782736751716584
1749225887.7373445,11.786318955727134,-0.0018363408744335175
1749225887.7709196,11.789730901604011,-0.0030400583054870367
1749225887.8043208,11.792803512345063,-0.0029434296302497387
1749225887.8377333,11.795803148017333,-0.004171202890574932
1749225887.8711348,11.79901121993682,-0.0030239757616072893
1749225887.9045386,11.802121268078878,-0.003503134474158287
1749225887.9379406,11.804075629588558,-0.004491100087761879
1749225887.971347,11.807952597262314,-0.005226985551416874
1749225888.0048215,11.810715005634307,-0.006105741951614618
1749225888.0382185,11.813560622328328,-0.006141518708318472
1749225888.071619,11.816495847256155,-0.007311495952308178
1749225888.1049979,11.819311473764124,-0.006785793229937553
1749225888.1384053,11.822062600748094,-0.007879612036049366
1749225888.1718662,11.824591319296257,-0.008015427738428116
1749225888.2060144,11.827322586583644,-0.008237481117248535
1749225888.2394476,11.8307525373469,-0.008647399954497814
1749225888.272993,11.833357488286415,-0.009127565659582615
1749225888.306392,11.835756022642029,-0.010046240873634815
1749225888.33983,11.838270632369722,-0.009884631261229515
1749225888.3731985,11.839915059239177,-0.01089742872864008
1749225888.406697,11.84234831080868,-0.01127926167100668
1749225888.440147,11.844692423728189,-0.011132782325148582
1749225888.4735472,11.847029889466732,-0.012679345905780792
1749225888.5070329,11.849224623696365,-0.013436345383524895
1749225888.540436,11.851366168531676,-0.013407789170742035
1749225888.5738463,11.853594664777289,-0.01494798343628645
1749225888.607257,11.856499017305394,-0.014921402558684349
1749225888.6406617,11.858620558844073,-0.016038695350289345
1749225888.674117,11.860739288132791,-0.01601473242044449
1749225888.7077205,11.862088131900009,-0.017109036445617676
1749225888.7411668,11.864289141607467,-0.016894608736038208
1749225888.7746904,11.866196399100145,-0.018746213987469673
1749225888.8080919,11.868200757636936,-0.017962561920285225
1749225888.8414972,11.870266733650823,-0.01994095928966999
1749225888.8749113,11.871612773598923,-0.018699370324611664
1749225888.908343,11.873615807193909,-0.019758373498916626
1749225888.9417534,11.875732357016291,-0.018837962299585342
1749225888.9754043,11.877753632130071,-0.020371826365590096
1749225889.0088017,11.879742958493559,-0.02015041373670101
1749225889.0422468,11.881615825667158,-0.020197613164782524
1749225889.0757492,11.883381214740957,-0.021259741857647896
1749225889.1091962,11.885161643073056,-0.020924141630530357
1749225889.1425996,11.88686350040802,-0.021985769271850586
1749225889.1760097,11.888541213718263,-0.02173830382525921
1749225889.209997,11.890251422979556,-0.021505888551473618
1749225889.2434099,11.891304385164016,-0.021326931193470955
1749225889.2781055,11.893295714328259,-0.02212408185005188
1749225889.3115177,11.894855348597261,-0.02189193293452263
1749225889.3451538,11.895862746460367,-0.022441409528255463
1749225889.3786662,11.897344531605608,-0.02233109436929226
1749225889.4123356,11.898919038435464,-0.023195777088403702
1749225889.4457438,11.899949913010671,-0.023051660507917404
1749225889.4791481,11.901480569871941,-0.023641768842935562
1749225889.5129092,11.902926251485193,-0.023558389395475388
1749225889.546483,11.904910947580733,-0.024080688133835793
1749225889.5798807,11.906189934738993,-0.024251660332083702
1749225889.61332,11.907165809290602,-0.023853136226534843
1749225889.646857,11.909004769328888,-0.02466469258069992
1749225889.6807463,11.910395854821365,-0.024121081456542015
1749225889.7141523,11.911833844504578,-0.024983994662761688
1749225889.7475548,11.913193688582107,-0.024056533351540565
1749225889.7810295,11.91458657008312,-0.024384554475545883
1749225889.8144817,11.915438562572152,-0.02433004602789879
1749225889.8478963,11.916717978417305,-0.024470828473567963
1749225889.8813038,11.917880952883301,-0.0244552381336689
1749225889.918804,11.91902532844175,-0.024460960179567337
1749225889.9522536,11.920173413699835,-0.024325119331479073
1749225889.9856915,11.920967142821246,-0.024662446230649948
1749225890.019174,11.922106978142736,-0.024340853095054626
1749225890.052615,11.92322527580317,-0.02482188679277897
1749225890.0860639,11.92438695764124,-0.024595800787210464
1749225890.119474,11.925838679624636,-0.024509089067578316
1749225890.152971,11.926901810387019,-0.02460126392543316
1749225890.1864433,11.927971841898144,-0.0242330189794302
1749225890.220028,11.928922776321592,-0.024708548560738564
1749225890.2547467,11.929974103923199,-0.02413444221019745
1749225890.2881618,11.930972791455432,-0.024719007313251495
1749225890.3215919,11.931633925081945,-0.024110155180096626
1749225890.3550184,11.932929949504077,-0.024588530883193016
1749225890.3884795,11.93386887919114,-0.02439025044441223
1749225890.421902,11.93475605861405,-0.02451113611459732
1749225890.4553084,11.935685919284886,-0.024469146504998207
1749225890.488719,11.936569566928446,-0.024499449878931046
1749225890.5223012,11.93772557275982,-0.02449806034564972
1749225890.5558448,11.938294154275226,-0.024509387090802193
1749225890.589248,11.939163007414908,-0.02451552264392376
1749225890.6226583,11.940235775840184,-0.024524303153157234
1749225890.6560621,11.941046425907263,-0.02453375980257988
1749225890.6895027,11.941579708691359,-0.02453792653977871
1749225890.7229106,11.942395375543812,-0.024548377841711044
1749225890.7563229,11.943146171041242,-0.024553222581744194
1749225890.7897315,11.943808719671823,-0.02455977164208889
1749225890.8231323,11.94414667358237,-0.02456306666135788
1749225890.856597,11.944323876562697,-0.024565180763602257
1749225890.8905323,11.944416419738477,-0.024566560983657837
1749225890.9239435,11.944456730070904,-0.024567436426877975
1749225890.9575715,11.944479867985832,-0.024568146094679832
1749225890.9909737,11.944490127299515,-0.02456827647984028
1749225891.0243716,11.944495626627203,-0.024568594992160797
1749225891.0578387,11.944498249901157,-0.024568762630224228
1749225891.0912397,11.944499681620147,-0.02456895262002945
1749225891.1246507,11.944500151583215,-0.024569129571318626
1749225891.1580932,11.94450037482065,-0.024569308385252953
1749225891.1915846,11.944500352059128,-0.02456953376531601
1749225891.2260594,11.944500330508323,-0.024569718167185783
1749225891.259478,11.94450006913785,-0.02456989511847496
1749225891.2928874,11.944500044681321,-0.024570083245635033
1749225891.3262954,11.9444997925268,-0.024570247158408165
1749225891.3597343,11.944499777271737,-0.024570435285568237
1749225891.3931441,11.944499760079523,-0.024570586159825325
1749225891.4265416,11.944499504533194,-0.024570778012275696
1749225891.459932,11.944499481287384,-0.024570956826210022
1749225891.4933274,11.944499219929604,-0.024571193382143974
1749225891.5266902,11.944499519765133,-0.02457156963646412
1749225891.5600677,11.94449967250449,-0.024570394307374954
1749225891.5935998,11.944499502450217,-0.024571070447564125
1749225891.6270258,11.94449948889016,-0.024567265063524246
1749225891.660458,11.944513216039624,-0.024547729641199112
1749225891.6938634,11.944507049396474,-0.024539846926927567
1749225891.727582,11.944511389605355,-0.024544481188058853
1749225891.7611148,11.944511928366202,-0.02454482577741146
1749225891.7947316,11.944514383362613,-0.024545298889279366
1749225891.8284385,11.94451682862603,-0.024546850472688675
1749225891.861942,11.944518131217764,-0.024544822052121162
1749225891.8953648,11.944519524991247,-0.024547776207327843
1749225891.928983,11.94452180260769,-0.02454865723848343
1749225891.9626977,11.944523576454298,-0.02454877644777298
1749225891.996109,11.944524687791134,-0.02454598806798458
1749225892.029518,11.944526485271362,-0.024547796696424484
1749225892.0628936,11.944527834791836,-0.024547526612877846
1749225892.0963113,11.944529464824718,-0.024547532200813293
1749225892.1297104,11.944531203831232,-0.024550436064600945
1749225892.1631439,11.944533432111637,-0.02455134503543377
1749225892.19652,11.944535097579234,-0.024552403017878532
1749225892.2299242,11.944536169256773,-0.024551045149564743
1749225892.2633867,11.94453855503091,-0.02455027401447296
1749225892.2968848,11.944539637481524,-0.02455163188278675
1749225892.3303366,11.944541445617133,-0.024552658200263977
1749225892.3637462,11.944542457695553,-0.024553576484322548
1749225892.3971677,11.944544359961608,-0.024555759504437447
1749225892.4306464,11.944545691647692,-0.024556396529078484
1749225892.4640732,11.944546941782543,-0.024553170427680016
1749225892.4980223,11.94454853642149,-0.024553969502449036
1749225892.5314345,11.944549851227814,-0.024555370211601257
1749225892.5648513,11.944551826377118,-0.024554990231990814
1749225892.5982826,11.944554201833995,-0.024557014927268028
1749225892.6316972,11.944555750785765,-0.024558963254094124
1749225892.6651073,11.9445569988222,-0.024559829384088516
1749225892.6985624,11.94455934103618,-0.024558741599321365
1749225892.7319794,11.944560226310834,-0.024557586759328842
1749225892.765427,11.944562196374683,-0.02455841936171055
1749225892.798825,11.944563838117482,-0.024559181183576584
1749225892.8322358,11.94456569365272,-0.02456061542034149
1749225892.8656635,11.944567878020285,-0.024561958387494087
1749225892.899119,11.94456963234503,-0.024563157930970192
1749225892.9325209,11.944571181794796,-0.024559950456023216
1749225892.9660423,11.944572833114579,-0.024562673643231392
1749225892.9994543,11.944574428368188,-0.024561379104852676
1749225893.032916,11.944575879888388,-0.02456355094909668
1749225893.0663347,11.944576876271805,-0.024563608691096306
1749225893.0999022,11.944578679588764,-0.024564595893025398
1749225893.133313,11.944579708890299,-0.02456625923514366
1749225893.166702,11.944581765370216,-0.024564718827605247
1749225893.2001512,11.944583229172313,-0.024564921855926514
1749225893.2338786,11.944584862127835,-0.024565458297729492
1749225893.2676957,11.944586809163484,-0.024567652493715286
1749225893.3010893,11.944588166622676,-0.02456710860133171
1749225893.3344693,11.944589626150977,-0.024569222703576088
1749225893.367923,11.944590842100745,-0.0245701652020216
1749225893.4012878,11.944592128153959,-0.024567002430558205
1749225893.4347358,11.94459406091906,-0.024569235742092133
1749225893.4681547,11.944595642920948,-0.024568194523453712
1749225893.501586,11.944597219590767,-0.024571483954787254
1749225893.5350013,11.944599582787266,-0.024571280926465988
1749225893.5684102,11.944600898862582,-0.024572357535362244
1749225893.601815,11.944602775484025,-0.024573514237999916
1749225893.63524,11.944604374788652,-0.02457038126885891
1749225893.668701,11.944605682520788,-0.024573510512709618
1749225893.7037652,11.944606712944353,-0.02457273378968239
1749225893.7371612,11.944608702889523,-0.02457641437649727
1749225893.7706618,11.944610283278426,-0.024575818330049515
1749225893.8041027,11.944611413616464,-0.02457609213888645
1749225893.8375452,11.944613345171842,-0.024575116112828255
1749225893.8711965,11.944615128831803,-0.024574730545282364
1749225893.9046946,11.944616779046052,-0.024575883522629738
1749225893.9380999,11.944618825436308,-0.02457636035978794
1749225893.9714994,11.944619808039329,-0.024577956646680832
1749225894.0049016,11.944621305601771,-0.02457980066537857
1749225894.038292,11.944623590332395,-0.02458013966679573
1749225894.0717545,11.944625167454491,-0.024580415338277817
1749225894.1051748,11.944626750299243,-0.02457762137055397
1749225894.1387355,11.944628384692487,-0.024579811841249466
1749225894.1722107,11.94462960476551,-0.024579796940088272
1749225894.2056177,11.944631267861567,-0.024582652375102043
1749225894.2391794,11.9446329606142,-0.024583738297224045
1749225894.2725887,11.944634777691965,-0.024583930149674416
1749225894.3059986,11.944636427904033,-0.024581030011177063
1749225894.3427358,11.944637746965807,-0.02458292990922928
1749225894.3761497,11.944639349970949,-0.0245827566832304
1749225894.4095485,11.944640859009395,-0.024583863094449043
1749225894.442992,11.944643270874622,-0.024584287777543068
1749225894.4764295,11.944645121739226,-0.024586282670497894
1749225894.5098891,11.944647017933612,-0.024587487801909447
1749225894.5432997,11.944648716507924,-0.024586381390690804
1749225894.576649,11.944650334967225,-0.024585528299212456
1749225894.6100605,11.944651998019049,-0.024586258456110954
1749225894.6434686,11.94465357287768,-0.02459048479795456
1749225894.6768746,11.944654910173044,-0.024588434025645256
1749225894.7102873,11.944656677599651,-0.024590803310275078
1749225894.743726,11.944658292218076,-0.024591438472270966
1749225894.7771363,11.944659762137514,-0.02458801493048668
1749225894.8105159,11.944661270455626,-0.024590883404016495
1749225894.8439171,11.944663068522004,-0.02458927594125271
1749225894.877333,11.94466487802329,-0.024592386558651924
1749225894.9106936,11.944666699994464,-0.024593790993094444
1749225894.9441037,11.944667917860535,-0.024593381211161613
1749225894.977552,11.944670356462778,-0.024594690650701523
1749225895.0109644,11.94467182606611,-0.024590887129306793
1749225895.0444033,11.944673346726109,-0.02459421008825302
1749225895.0778046,11.944674603593649,-0.024593282490968704
1749225895.1112342,11.944676407457578,-0.024597834795713425
1749225895.144689,11.94467826557336,-0.024598201736807823
1749225895.1781356,11.944679619863003,-0.024597806856036186
1749225895.211555,11.944681264423979,-0.024595381692051888
1749225895.2449572,11.944682896912697,-0.024596892297267914
1749225895.2783813,11.944684606879735,-0.02459719590842724
1749225895.3118193,11.944686088611974,-0.02459738589823246
1749225895.3452208,11.94468754692752,-0.024599118158221245
1749225895.3786209,11.94468909261994,-0.02460116147994995
1749225895.4120219,11.94469074745205,-0.024601325392723083
1749225895.4454367,11.944692019872917,-0.024601489305496216
1749225895.478849,11.94469418435888,-0.02459879219532013
1749225895.5122595,11.944695407033223,-0.02460068091750145
1749225895.5456593,11.944697682865764,-0.024602694436907768
1749225895.5791135,11.944698992261438,-0.02460245043039322
1749225895.6129465,11.944700301793048,-0.02460426464676857
1749225895.6461277,11.94470132116994,-0.024605514481663704
1749225895.6795352,11.944703033004574,-0.024602143093943596
1749225895.713098,11.944704571633366,-0.024604277685284615
1749225895.746773,11.944705924792649,-0.02460365928709507
1749225895.780249,11.944707208418823,-0.024603787809610367
1749225895.8137121,11.944708820911618,-0.02460651472210884
1749225895.847125,11.944710154668902,-0.024607831612229347
1749225895.8808596,11.944711641500403,-0.024607397615909576
1749225895.9152322,11.944713225845945,-0.024608556181192398
1749225895.9488647,11.944714527664082,-0.024605030193924904
1749225895.9824524,11.944715773441718,-0.024607699364423752
1749225896.015885,11.944717330169766,-0.02460777387022972
1749225896.0492957,11.944719595200237,-0.024610016494989395
1749225896.082692,11.94472083713136,-0.02461191453039646
1749225896.1162128,11.944722649025596,-0.024611730128526688
1749225896.149635,11.944724408349368,-0.02460927516222
1749225896.1830392,11.944726535226637,-0.02461155131459236
1749225896.2164564,11.944728594780186,-0.024610692635178566
1749225896.249859,11.944730310071437,-0.024611279368400574
1749225896.2832565,11.944731826151356,-0.024612998589873314
1749225896.316657,11.944733091339598,-0.02461377903819084
1749225896.3502076,11.94473521406578,-0.024615468457341194
1749225896.3838103,11.944736104097878,-0.024613305926322937
1749225896.4173186,11.944736920664822,-0.024613602086901665
1749225896.4508142,11.944739081471356,-0.024614080786705017
1749225896.4842122,11.944740045267631,-0.024614928290247917
1749225896.517733,11.944742305896195,-0.024616681039333344
1749225896.5511696,11.944743533006774,-0.024618545547127724
1749225896.5846117,11.944745848364535,-0.024619702249765396
1749225896.6180415,11.944747368348123,-0.024616248905658722
1749225896.6516626,11.944748607457685,-0.024618813768029213
1749225896.6856668,11.944750386849886,-0.024617310613393784
1749225896.7191615,11.944752078520567,-0.02461877651512623
1749225896.7525764,11.944753649142488,-0.0246193278580904
1749225896.786163,11.944755315555648,-0.02462102472782135
1749225896.8195755,11.944756846938345,-0.02462252788245678
1749225896.8529723,11.94475882557894,-0.024619555100798607
1749225896.8863752,11.944760660010534,-0.024622460827231407
1749225896.919813,11.944762597484422,-0.024621253833174706
1749225896.9532235,11.94476408967707,-0.024625524878501892
1749225896.986714,11.944765284980008,-0.024624286219477654
1749225897.0201585,11.944766517800819,-0.02462512068450451
1749225897.053597,11.944767972113194,-0.0246255062520504
1749225897.0870173,11.944769774728973,-0.024624053388834
1749225897.1206472,11.944770794507276,-0.024625319987535477
1749225897.1540544,11.944772951196876,-0.024625057354569435
1749225897.1874928,11.94477459084174,-0.024627411738038063
1749225897.2209382,11.944775934588112,-0.024628831073641777
1749225897.254635,11.944777412943274,-0.02462833933532238
1749225897.2880983,11.944778906032482,-0.02462964877486229
1749225897.3221745,11.944780699570742,-0.0246257446706295
1749225897.3555896,11.944782239971882,-0.024629395455121994
1749225897.3890455,11.94478369940847,-0.024628322571516037
1749225897.4224567,11.944785923599214,-0.024632874876260757
1749225897.4558578,11.944787359501264,-0.024631958454847336
1749225897.4892962,11.944788763319629,-0.024632666260004044
1749225897.5226936,11.944790903307133,-0.02463042177259922
1749225897.5561435,11.944792660812329,-0.024631934240460396
1749225897.589609,11.944794196487381,-0.024632040411233902
1749225897.6230683,11.944796268231983,-0.024633632972836494
1749225897.6565335,11.944797434312441,-0.024634120985865593
1749225897.69009,11.944799283260908,-0.024636201560497284
1749225897.7234063,11.944800825342991,-0.024636339396238327
1749225897.7568328,11.944802171018994,-0.02463681995868683
1749225897.7902358,11.944803846969759,-0.024633703753352165
1749225897.8237414,11.944805146063569,-0.024635720998048782
1749225897.8571398,11.944807406553782,-0.0246377345174551
1749225897.8905423,11.944808871865563,-0.024637190625071526
1749225897.9239933,11.944810226389517,-0.024639425799250603
1749225897.9574509,11.944812024943666,-0.024639464914798737
1749225897.9908562,11.94481385944665,-0.02463708445429802
1749225898.0242643,11.944815624923745,-0.02463972009718418
1749225898.058826,11.944817392260338,-0.024638274684548378
1749225898.0922687,11.944818995955309,-0.024641668424010277
1749225898.1257472,11.944820881493179,-0.024641362950205803
1749225898.1591508,11.944822207773143,-0.02464117482304573
1749225898.192562,11.944823462049216,-0.024643022567033768
1749225898.226205,11.944825263752517,-0.02463994361460209
1749225898.2596176,11.94482604216459,-0.024643590673804283
1749225898.29302,11.944828180220943,-0.024642813950777054
1749225898.3264854,11.944829704849731,-0.024646634235978127
1749225898.3599417,11.944831344001694,-0.02464589849114418
1749225898.3933382,11.944832948966877,-0.024646172299981117
1749225898.4267924,11.944833756659872,-0.02464519627392292
1749225898.4602785,11.944835181970847,-0.024644596502184868
1749225898.4938173,11.944837785056436,-0.024646136909723282
1749225898.5272832,11.944839215568367,-0.024645594879984856
1749225898.5607367,11.944840871549104,-0.024648815393447876
1749225898.594834,11.944842387305554,-0.024649880826473236
1749225898.6282678,11.94484460862786,-0.024650219827890396
1749225898.6616871,11.944846186363131,-0.024650495499372482
1749225898.6950927,11.94484758442903,-0.024647701531648636
1749225898.728712,11.944849018399545,-0.02464975044131279
1749225898.762128,11.944850604688085,-0.024649877101182938
1749225898.7955277,11.94485182788498,-0.02465238608419895
1749225898.828934,11.944853437562793,-0.02465381845831871
1749225898.8623314,11.944855067297821,-0.024653883650898933
1749225898.8958712,11.944856505353913,-0.02465111017227173
1749225898.929349,11.94485787740021,-0.024652644991874695
1749225898.9627843,11.944859622265348,-0.02465253882110119
1749225898.9961948,11.944861600571564,-0.02465425431728363
1749225899.0296054,11.944863267898418,-0.02465558424592018
1749225899.0630116,11.944864888957719,-0.02465636283159256
1749225899.0964103,11.944867234472586,-0.024657320231199265
1749225899.1298213,11.944868200356952,-0.02465646155178547
1749225899.163238,11.944869936368526,-0.02465568296611309
1749225899.1966493,11.944871287911376,-0.02465629391372204
1749225899.2300725,11.944873127094782,-0.024660563096404076
1749225899.2634792,11.944874559587111,-0.024659277871251106
1749225899.2969058,11.944876125081276,-0.024660158902406693
1749225899.3305016,11.94487753753208,-0.024660872295498848
1749225899.3640661,11.944879362976602,-0.024659091606736183
1749225899.3974946,11.94488072192361,-0.024660492315888405
1749225899.4309049,11.944882855114145,-0.02466009557247162
1749225899.4643133,11.944883759081021,-0.024662449955940247
1749225899.4977517,11.944885718825027,-0.02466386929154396
1749225899.5311751,11.944887165322635,-0.02466353215277195
1749225899.5645814,11.944888776009755,-0.024664416909217834
1749225899.598033,11.944890676411209,-0.024660782888531685
1749225899.6314878,11.944891972989202,-0.024663539603352547
1749225899.664887,11.944893847622842,-0.024664301425218582
1749225899.6982973,11.944895583777049,-0.024665996432304382
1749225899.7317212,11.944897145769897,-0.024668199941515923
1749225899.7652197,11.944898374303163,-0.02466827817261219
1749225899.7989264,11.94490065329551,-0.024665070697665215
1749225899.832333,11.944901907880025,-0.02466811239719391
1749225899.8657835,11.94490346070984,-0.02466636523604393
1749225899.8993046,11.944904599639335,-0.0246686190366745
1749225899.9327416,11.94490658853931,-0.02466890588402748
1749225899.966327,11.944908163955288,-0.024669716134667397
1749225899.9997385,11.944909617473911,-0.024671081453561783
1749225900.0331678,11.944910884190064,-0.02467017062008381
1749225900.0665746,11.94491241773136,-0.024670198559761047
1749225900.1001053,11.94491371683258,-0.02467060275375843
1749225900.1335156,11.944915995159729,-0.024673063308000565
1749225900.1670518,11.944917321009669,-0.02467222884297371
1749225900.2004764,11.944918542128868,-0.024674342945218086
1749225900.2338817,11.944919884001532,-0.02467450313270092
1749225900.2673323,11.94492198436347,-0.024672506377100945
1749225900.3007429,11.944923503537929,-0.024674758315086365
1749225900.3341446,11.944925207620528,-0.02467331290245056
1749225900.3675478,11.944926617232241,-0.024676604196429253
1749225900.4015296,11.944928199984915,-0.024676399305462837
1749225900.4350216,11.944929537393305,-0.024676471948623657
1749225900.4684315,11.944931126837963,-0.024677837267518044
1749225900.501846,11.944932339921504,-0.024674981832504272
1749225900.5352542,11.944934155892048,-0.02467861771583557
1749225900.5686607,11.944935683476022,-0.024677852168679237
1749225900.6023781,11.944936435421269,-0.02468167059123516
1749225900.6357963,11.944938530772346,-0.024680936709046364
1749225900.669245,11.944939823944521,-0.024681324139237404
1749225900.7026503,11.94494136395076,-0.02467953972518444
1749225900.7361615,11.944942211940225,-0.024681629613041878
1749225900.7696266,11.944944720375657,-0.02468128874897957
1749225900.803033,11.944946216046327,-0.02468135580420494
1749225900.8364723,11.944947491247426,-0.02468317560851574
1749225900.8698807,11.944949265353515,-0.02468491904437542
1749225900.9033027,11.944950707910053,-0.02468525804579258
1749225900.9367065,11.944952621610756,-0.024685533717274666
1749225900.9701757,11.944953914598965,-0.024684663861989975
1749225901.003575,11.944955680074674,-0.024684157222509384
1749225901.0369835,11.944957794067564,-0.02468709833920002
1749225901.0706174,11.94495971505067,-0.024686457589268684
1749225901.1040165,11.944961208908094,-0.0246884785592556
1749225901.1374145,11.944962685523317,-0.024689778685569763
1749225901.1708138,11.944964144455525,-0.024686327204108238
1749225901.2042165,11.944965658375034,-0.024689115583896637
1749225901.2376702,11.944967312215095,-0.024687577039003372
1749225901.271066,11.944969032886275,-0.024688979610800743
1749225901.3044746,11.944970490059962,-0.024689404293894768
1749225901.3385956,11.944972155315938,-0.024691399186849594
1749225901.3719833,11.94497391146406,-0.024692604318261147
1749225901.4053903,11.944975862347468,-0.024691203609108925
1749225901.4388206,11.944977529572434,-0.024690432474017143
1749225901.4722075,11.94497965014107,-0.024691330268979073
1749225901.5056255,11.94498041121568,-0.02469538524746895
1749225901.5390956,11.944981927898905,-0.024693550541996956
1749225901.5724547,11.944984068226304,-0.024695197120308876
1749225901.6058571,11.944985412205558,-0.02469584532082081
1749225901.6392605,11.944986770314758,-0.024694127961993217
1749225901.6728013,11.944988054800158,-0.02469553053379059
1749225901.706201,11.944990198555601,-0.024695131927728653
1749225901.739723,11.944992720130053,-0.02469748817384243
1749225901.7733946,11.944994200289418,-0.024698931723833084
1749225901.8068256,11.944995514306349,-0.024698596447706223
1749225901.8402658,11.944997176067496,-0.024699807167053223
1749225901.8736744,11.944999453125122,-0.024697622284293175
1749225901.9070895,11.945001030035428,-0.02469889633357525
1749225901.9405007,11.945002379434365,-0.024699337780475616
1749225901.9739017,11.945004323641614,-0.024700826033949852
1749225902.007301,11.94500580595509,-0.02470264956355095
1749225902.0407114,11.94500747693945,-0.024703538045287132
1749225902.0741136,11.945008342570544,-0.02470010705292225
1749225902.1075175,11.94500979751707,-0.024703148752450943
1749225902.1409304,11.945012017309873,-0.024701310321688652
1749225902.1743796,11.945013234088062,-0.02470330521464348
1749225902.207779,11.94501447310791,-0.02470368705689907
1749225902.2411911,11.945016893281913,-0.02470475248992443
1749225902.2746131,11.945018014303164,-0.024706119671463966
1749225902.3080337,11.94501957506106,-0.024706749245524406
1749225902.3414428,11.945021030275312,-0.024705078452825546
1749225902.3748524,11.945022480211883,-0.024705179035663605
1749225902.408238,11.945024053939717,-0.024706080555915833
1749225902.441989,11.945026074509407,-0.024707265198230743
1749225902.475532,11.945027731031388,-0.02470937930047512
1749225902.5092716,11.945029192988903,-0.024710319936275482
1749225902.5426958,11.945030519484526,-0.02470744214951992
1749225902.5763187,11.945031832064513,-0.02470949850976467
1749225902.609934,11.945033286910286,-0.024708598852157593
1749225902.643349,11.945034756564679,-0.024711742997169495
1749225902.676893,11.945036382801032,-0.02471085451543331
1749225902.7102985,11.945037821305094,-0.02471252530813217
1749225902.743791,11.945039522936591,-0.024713097140192986
1749225902.7772489,11.945040610203575,-0.02471071481704712
1749225902.8119292,11.945041616683586,-0.024712955579161644
1749225902.8453827,11.945044161308132,-0.024712631478905678
1749225902.8788497,11.94504572307043,-0.02471620962023735
1749225902.9122677,11.945047215328813,-0.024715224280953407
1749225902.945683,11.945049104819272,-0.024715807288885117
1749225902.979115,11.945050365187676,-0.02471684291958809
1749225903.012565,11.94505177981521,-0.024714671075344086
1749225903.0460825,11.945053778724347,-0.0247162114828825
1749225903.0794985,11.945054775143676,-0.024716153740882874
1749225903.112902,11.94505650812171,-0.024718737229704857
1749225903.1464157,11.945057466829295,-0.02471952885389328
1749225903.1798759,11.94505927806085,-0.02471955306828022
1749225903.2132747,11.945061366183566,-0.02472015656530857
1749225903.2466962,11.945062641225464,-0.024716872721910477
1749225903.280111,11.945063951510777,-0.024720797315239906
1749225903.3135219,11.945065495220902,-0.024719838052988052
1749225903.3470695,11.945066870607473,-0.02472432143986225
1749225903.3804939,11.945068428288398,-0.024723997339606285
1749225903.4139128,11.945070397908209,-0.024722889065742493
1749225903.447328,11.945071491539773,-0.024722278118133545
1749225903.4807494,11.945072709668487,-0.024721620604395866
1749225903.5141783,11.945074537777762,-0.024723274633288383
1749225903.5476036,11.94507607900786,-0.02472289465367794
1749225903.5810573,11.945077797849857,-0.024725664407014847
1749225903.614548,11.945079421661978,-0.024725623428821564
1749225903.6480582,11.945081427411383,-0.02472582273185253
1749225903.6817966,11.945083433317889,-0.02472740411758423
1749225903.7153585,11.945085317401368,-0.024724839255213737
1749225903.7487822,11.945086648672183,-0.024727830663323402
1749225903.7821963,11.94508820104245,-0.024727145209908485
1749225903.8156147,11.945089943854919,-0.02473072148859501
1749225903.849156,11.945091518809884,-0.02473081462085247
1749225903.8825836,11.945093369488227,-0.02473040297627449
1749225903.9159975,11.945094580006957,-0.02472859062254429
1749225903.9493947,11.945095934641392,-0.024729164317250252
1749225903.9828365,11.945097473105662,-0.024730565026402473
1749225904.0162363,11.945099700885459,-0.024730168282985687
1749225904.0499587,11.945101292326136,-0.02473287098109722
1749225904.0848932,11.945102924380903,-0.02473415620625019
1749225904.1184287,11.945104129284653,-0.0247348602861166
1749225904.15184,11.945106425441494,-0.02473393641412258
1749225904.1852405,11.945107519480036,-0.024733714759349823
1749225904.218663,11.945109252161707,-0.024733932688832283
1749225904.2520697,11.945110743042287,-0.02473437413573265
1749225904.285512,11.945112752689472,-0.024736151099205017
1749225904.3189294,11.945114550566476,-0.024738553911447525
1749225904.3523474,11.945115993202855,-0.024737777188420296
1749225904.3857505,11.945117353239645,-0.024735400453209877
1749225904.4191842,11.945118822229883,-0.024738091975450516
1749225904.4527063,11.945120283498264,-0.024736924096941948
1749225904.486256,11.94512220817327,-0.024739816784858704
1749225904.5196178,11.945124795269427,-0.024739665910601616
1749225904.5530183,11.945126436545712,-0.024739986285567284
1749225904.5864165,11.945127715275474,-0.02474192902445793
1749225904.6197715,11.94513015951132,-0.024738814681768417
1749225904.653246,11.945131633468494,-0.024740831926465034
1749225904.686658,11.945132695906853,-0.024741116911172867
1749225904.7200584,11.94513453473839,-0.02474469132721424
1749225904.7535076,11.94513584966893,-0.02474336512386799
1749225904.786907,11.945137055234573,-0.024744024500250816
1749225904.8203342,11.945138254015495,-0.024743925780057907
1749225904.8537319,11.945139554403399,-0.024742955341935158
1749225904.8871624,11.945141526063072,-0.024744829162955284
1749225904.9217193,11.945143082171622,-0.02474338375031948
1749225904.9551296,11.945144944248794,-0.024746663868427277
1749225904.9885135,11.94514656176176,-0.02474791929125786
1749225905.0219944,11.945147789871632,-0.024747546762228012
1749225905.0553925,11.945149062320152,-0.024747908115386963
1749225905.0888388,11.945150275461796,-0.024745052680373192
1749225905.1222453,11.945151757858444,-0.024748699739575386
1749225905.1556487,11.94515318123903,-0.024747923016548157
1749225905.1890593,11.945155136916473,-0.024751605466008186
1749225905.2224593,11.945156882163635,-0.02475183643400669
1749225905.2558644,11.945158341999251,-0.02475128136575222
1749225905.2892613,11.945159781628655,-0.024750305339694023
1749225905.3226702,11.945161252055678,-0.024749647825956345
1749225905.3560781,11.94516298084784,-0.024751245975494385
1749225905.3896706,11.94516452605811,-0.02475070394575596
1749225905.42307,11.945166095394205,-0.02475392445921898
1749225905.4565196,11.945167603290129,-0.024754563346505165
1749225905.4899256,11.94516884610866,-0.024754587560892105
1749225905.5237966,11.945170388664215,-0.02475537173449993
1749225905.5572062,11.945172149483348,-0.02475281059741974
1749225905.5907323,11.945173392103777,-0.024755526334047318
1749225905.6242452,11.945174747908313,-0.024754473939538002
1749225905.6577284,11.945176449744629,-0.024759355932474136
1749225905.6917567,11.945178034590018,-0.024758925661444664
1749225905.725172,11.94518058860929,-0.024758990854024887
1749225905.7586973,11.945182281112299,-0.024756217375397682
1749225905.7921576,11.94518350652552,-0.02475775219500065
1749225905.8255885,11.945185116870764,-0.02475794404745102
1749225905.858944,11.945186496810415,-0.024757761508226395
1749225905.8923433,11.94518759784596,-0.024759475141763687
1749225905.9258363,11.945189586304606,-0.024761470034718513
1749225905.9592412,11.945191894585921,-0.024762675166130066
1749225905.9926598,11.945193505001868,-0.02476126328110695
1749225906.0261455,11.945195331496908,-0.024762865155935287
1749225906.0596964,11.945197503385028,-0.024761443957686424
1749225906.0931253,11.94519896289349,-0.02476567029953003
1749225906.126559,11.945200157868166,-0.02476443164050579
1749225906.1600547,11.945201538399784,-0.024765118956565857
1749225906.1934621,11.94520347927612,-0.024763399735093117
1749225906.2268698,11.945204635228126,-0.024763522669672966
1749225906.2604892,11.945206600047744,-0.02476559951901436
1749225906.294802,11.945208545480607,-0.024765200912952423
1749225906.3286488,11.945210294153082,-0.024767160415649414
1749225906.362154,11.945212189841685,-0.024768996983766556
1749225906.3955736,11.945213736757387,-0.024770056828856468
1749225906.4289815,11.945215389678902,-0.024768969044089317
1749225906.4666388,11.945216774600643,-0.024767691269516945
1749225906.5000775,11.945218010715172,-0.024768829345703125
1749225906.533605,11.945219578660158,-0.024773189797997475
1749225906.5670125,11.945221553287587,-0.024772102013230324
1749225906.600415,11.94522305574431,-0.02477218396961689
1749225906.6338727,11.945224638398537,-0.024773385375738144
1749225906.6673775,11.945226122993052,-0.024770470336079597
1749225906.7008615,11.945227551695645,-0.024773217737674713
1749225906.734306,11.945228957611642,-0.024771470576524734
1749225906.767718,11.945230499861548,-0.024773776531219482
1749225906.8026946,11.945232113856566,-0.02477375604212284
1749225906.8360922,11.945233958040324,-0.02477494813501835
1749225906.8695142,11.945235286033938,-0.024776188656687737
1749225906.9029725,11.945236247683793,-0.024773327633738518
1749225906.9363937,11.94523766314432,-0.024775303900241852
1749225906.9701252,11.94523941840025,-0.024775944650173187
1749225907.0036094,11.945241363795617,-0.02477816864848137
1749225907.0370138,11.94524277642076,-0.024777334183454514
1749225907.070418,11.945244704826727,-0.024779057130217552
1749225907.10387,11.945245937812503,-0.024779608473181725
1749225907.137333,11.945247492842775,-0.0247772466391325
1749225907.1707118,11.945249083732186,-0.02477947250008583
1749225907.2041051,11.94525014034235,-0.024778980761766434
1749225907.2375069,11.945251936409678,-0.024781523272395134
1749225907.2709105,11.945253783267761,-0.02478150464594364
1749225907.304308,11.945255157717988,-0.02478131838142872
1749225907.3377085,11.945256684126289,-0.024782942607998848
1749225907.371146,11.945257897116006,-0.02478099800646305
1749225907.404576,11.945259392818881,-0.024783216416835785
1749225907.4379754,11.9452610798901,-0.024782463908195496
1749225907.4748435,11.945263139827784,-0.024786638095974922
1749225907.5083451,11.945264383574756,-0.02478700317442417
1749225907.541991,11.945265145336995,-0.024786286056041718
1749225907.5754116,11.945266786128583,-0.024787545204162598
1749225907.6088097,11.94526816121906,-0.02478410117328167
1749225907.6423335,11.945270590718254,-0.0247870534658432
1749225907.6757371,11.945272354015849,-0.024785736575722694
1749225907.7091517,11.945273808329066,-0.024788279086351395
1749225907.7425756,11.945275944728014,-0.024790022522211075
1749225907.7761047,11.945277825992358,-0.024790361523628235
1749225907.8107102,11.945279418145539,-0.02479063719511032
1749225907.8441644,11.945280722121039,-0.024787843227386475
1749225907.8775716,11.94528219866359,-0.02479003183543682
1749225907.9109807,11.945283898472255,-0.02479010820388794
1749225907.9444568,11.945285471371928,-0.02479182928800583
1749225907.9778795,11.945287297254799,-0.024793725460767746
1749225908.0113358,11.945288662303648,-0.02479471080005169
1749225908.0447478,11.945290029090804,-0.024791622534394264
1749225908.0781643,11.945291968638852,-0.024793341755867004
1749225908.11157,11.945293442912707,-0.024792678654193878
1749225908.144988,11.945294982017035,-0.024795493111014366
1749225908.1786883,11.945296456732335,-0.024795690551400185
1749225908.2121484,11.94529776191939,-0.024796288460493088
1749225908.2455518,11.945299282888534,-0.0247972309589386
1749225908.2790375,11.945301318738695,-0.024793827906250954
1749225908.3126109,11.945303145344619,-0.024797897785902023
1749225908.3464158,11.945304718923477,-0.02479647658765316
1749225908.3798392,11.945306483464064,-0.02480078861117363
1749225908.4132383,11.945307955416286,-0.02480088174343109
1749225908.4466457,11.945309420037544,-0.024800151586532593
1749225908.4800572,11.945310692604222,-0.024798432365059853
1749225908.513457,11.945312028429914,-0.024799229577183723
1749225908.5468175,11.945313376891308,-0.02480049803853035
1749225908.5803006,11.945315573716668,-0.02480023354291916
1749225908.6138306,11.945317210019553,-0.024802589789032936
1749225908.647262,11.945318415956393,-0.02480400912463665
1749225908.6806815,11.945319864533076,-0.02480369806289673
1749225908.7141328,11.945321264344983,-0.024804826825857162
1749225908.7475505,11.945323003618908,-0.024800920858979225
1749225908.7809515,11.945324340031103,-0.024804426357150078
1749225908.8144007,11.94532580366915,-0.02480349875986576
1749225908.8478713,11.945327404357279,-0.024807658046483994
1749225908.8812883,11.945329675312761,-0.0248071551322937
1749225908.9147615,11.94533092125383,-0.02480744756758213
1749225908.9482508,11.945332422991314,-0.02480686455965042
1749225908.981652,11.945333883405812,-0.024806087836623192
1749225909.0150597,11.945335300011772,-0.024807512760162354
1749225909.0484726,11.94533686582325,-0.024807581678032875
1749225909.0818396,11.94533848675293,-0.02480916865170002
1749225909.115254,11.945340199477233,-0.024811377748847008
1749225909.1487832,11.945341397175262,-0.024810301139950752
1749225909.182187,11.945342696492947,-0.024811994284391403
1749225909.2155957,11.945344724377977,-0.024808846414089203
1749225909.2490156,11.945346095016044,-0.024810897186398506
1749225909.2824209,11.945348153454859,-0.02481118217110634
1749225909.3158271,11.945349551705583,-0.024814501404762268
1749225909.349285,11.945350818126734,-0.0248150285333395
1749225909.3826942,11.945352363158733,-0.02481485716998577
1749225909.4160964,11.94535381151902,-0.024812521412968636
1749225909.449524,11.94535565526871,-0.024813802912831306
1749225909.4829576,11.945357021964337,-0.024814529344439507
1749225909.5164437,11.945359415098974,-0.024814549833536148
1749225909.5498607,11.945360652992301,-0.024815954267978668
1749225909.58326,11.945362702437325,-0.024816349148750305
1749225909.6166806,11.945363501967917,-0.024818478152155876
1749225909.6500957,11.945365183268137,-0.02481524460017681
1749225909.6835024,11.94536643704433,-0.02481805719435215
1749225909.7178154,11.9453674177799,-0.02481749653816223
1749225909.7512155,11.945369362907412,-0.024821506813168526
1749225909.7846236,11.94537107036985,-0.024820467457175255
1749225909.818163,11.945371863141958,-0.024821346625685692
1749225909.851619,11.945374031629008,-0.024820368736982346
1749225909.885045,11.945375419927004,-0.024819985032081604
1749225909.9184453,11.945376866589461,-0.024821138009428978
1749225909.951962,11.94537839463912,-0.02482162043452263
1749225909.9898117,11.945380361141941,-0.024823352694511414
1749225910.0232594,11.9453817572779,-0.024825261905789375
1749225910.0568569,11.945383448242067,-0.02482539229094982
1749225910.090257,11.945385311120118,-0.024825667962431908
1749225910.1236577,11.945386707265845,-0.02482287399470806
1749225910.1570568,11.945388407630814,-0.024825064465403557
1749225910.1904962,11.945389853677996,-0.02482723258435726
1749225910.223902,11.94539146135038,-0.024828054010868073
1749225910.2573109,11.94539333034504,-0.024828756228089333
1749225910.2907054,11.945394763407288,-0.024829912930727005
1749225910.3267016,11.945396895750491,-0.02482645958662033
1749225910.3601902,11.945398410089474,-0.02482837438583374
1749225910.393588,11.945399998080637,-0.024827711284160614
1749225910.427004,11.945401443906999,-0.024829424917697906
1749225910.4604142,11.945402416709891,-0.0248298067599535
1749225910.493846,11.945404308707749,-0.024831533432006836
1749225910.5272465,11.94540541058106,-0.02483273856341839
1749225910.5607648,11.945407216267512,-0.024831337854266167
1749225910.5941296,11.945408883474228,-0.024830566719174385
1749225910.6275566,11.94541054160648,-0.02483195625245571
1749225910.6609633,11.94541194323326,-0.0248329509049654
1749225910.6944432,11.945413591442085,-0.024834198877215385
1749225910.727885,11.945415094491757,-0.024836139753460884
1749225910.7616653,11.94541669707895,-0.024836687371134758
1749225910.795223,11.945417670610865,-0.024833375588059425
1749225910.8286424,11.945419320234942,-0.024835852906107903
1749225910.8621042,11.945420373283866,-0.024834711104631424
1749225910.8957314,11.945422614935508,-0.02483528107404709
1749225910.9291651,11.94542372274278,-0.024837620556354523
1749225910.962801,11.94542537353528,-0.024839060381054878
1749225910.996379,11.945426584602341,-0.02483854815363884
1749225911.0298476,11.945428306564613,-0.02483941800892353
1749225911.0634027,11.945430273014692,-0.024837754666805267
1749225911.0970778,11.945431840899914,-0.024839457124471664
1749225911.1304872,11.945433287899004,-0.02483855001628399
1749225911.1639507,11.945435020537902,-0.024843083694577217
1749225911.1973684,11.945436248434259,-0.024842265993356705
1749225911.2308047,11.94543769748507,-0.024842388927936554
1749225911.2643552,11.945439293568636,-0.02484189346432686
1749225911.2978458,11.94544107834217,-0.02484111860394478
1749225911.3312447,11.945442589772824,-0.02484254352748394
1749225911.364705,11.945444595808347,-0.02484210953116417
1749225911.3981092,11.945445825941825,-0.024844912812113762
1749225911.4315412,11.945447516178227,-0.0248448234051466
1749225911.4650695,11.945448823473985,-0.024846479296684265
1749225911.4998653,11.945450368893193,-0.024846453219652176
1749225911.5333452,11.945452067443123,-0.024842869490385056
1749225911.5667927,11.94545371663137,-0.024846462532877922
1749225911.6002057,11.945455143526525,-0.024846212938427925
1749225911.633779,11.945457191762248,-0.024849532172083855
1749225911.6672008,11.945458418969578,-0.024850059300661087
1749225911.7006652,11.945459638358296,-0.024849887937307358
1749225911.7340708,11.94546086014815,-0.024847552180290222
1749225911.7674778,11.945462872251257,-0.02484844997525215
1749225911.8008816,11.945464343146124,-0.02484920620918274
1749225911.837339,11.945465590167071,-0.02484847977757454
1749225911.8707232,11.945467068419584,-0.024851873517036438
1749225911.9044783,11.945468783642703,-0.024851566180586815
1749225911.9378881,11.94547053810279,-0.02485264092683792
1749225911.9712927,11.945471997315492,-0.02485395036637783
1749225912.0047407,11.945473061333207,-0.02485014870762825
1749225912.0381835,11.945474803663569,-0.024853795766830444
1749225912.07163,11.94547637609994,-0.02485303021967411
1749225912.1050057,11.945477866594882,-0.0248553566634655
1749225912.13849,11.945479532314371,-0.024856101721525192
1749225912.1719298,11.945481118489814,-0.02485637553036213
1749225912.2054255,11.945483192470126,-0.024854162707924843
1749225912.2390451,11.945485135611762,-0.024856794625520706
1749225912.272491,11.945486317410186,-0.024856168776750565
1749225912.3065681,11.945487546038526,-0.024856649339199066
1749225912.340236,11.945489249926371,-0.024859018623828888
1749225912.3736556,11.945491564862829,-0.024860292673110962
1749225912.4070694,11.945493211321914,-0.024860423058271408
1749225912.4404852,11.94549451291608,-0.024860698729753494
1749225912.474028,11.945496022616657,-0.024857904762029648
1749225912.51132,11.945497656813279,-0.024859320372343063
1749225912.5455413,11.945499882599586,-0.02486226335167885
1749225912.5789864,11.945501571430288,-0.02486192248761654
1749225912.6123881,11.945503440845789,-0.02486378513276577
1749225912.6459749,11.945504801923917,-0.024864688515663147
1749225912.6793804,11.945506119472489,-0.024861490353941917
1749225912.71278,11.945507451250432,-0.02486405521631241
1749225912.7461646,11.94550919789664,-0.024863021448254585
1749225912.7796204,11.945510399525743,-0.02486555464565754
1749225912.8130317,11.945512007100943,-0.02486584149301052
1749225912.846929,11.94551379040686,-0.024866562336683273
1749225912.8803627,11.945515441626236,-0.024867519736289978
1749225912.9137683,11.945517714328187,-0.02486507035791874
1749225912.9471862,11.94551881084763,-0.024867931380867958
1749225912.9805849,11.945520860831717,-0.024866493418812752
1749225913.0139925,11.945522117662543,-0.024870824068784714
1749225913.0474272,11.945523381614532,-0.02487051486968994
1749225913.0809047,11.945525286310378,-0.02487037517130375
1749225913.1143022,11.945527046325711,-0.024871008470654488
1749225913.1477542,11.945528242202538,-0.024869468063116074
1749225913.1811633,11.945529822382383,-0.02487069182097912
1749225913.2146723,11.945531993236724,-0.02486989088356495
1749225913.2480855,11.945533450640147,-0.024872664362192154
1749225913.2853243,11.945535016240465,-0.02487178146839142
1749225913.3190193,11.945536454482534,-0.024873757734894753
1749225913.352428,11.945538508144427,-0.024874968454241753
1749225913.3858354,11.9455401087637,-0.024871166795492172
1749225913.4192557,11.945541442054845,-0.024874486029148102
1749225913.4526649,11.945542668256834,-0.024873558431863785
1749225913.4860952,11.945544576949402,-0.024878112599253654
1749225913.5194924,11.945545839702925,-0.024877194315195084
1749225913.5528953,11.94554742383132,-0.02487741783261299
1749225913.5863018,11.94554886805332,-0.024877045303583145
1749225913.6226983,11.94555011423977,-0.02487526834011078
1749225913.6560888,11.945551824050172,-0.024877572432160378
1749225913.6904955,11.945553446830585,-0.024877065792679787
1749225913.7241242,11.945554565001498,-0.0248799417167902
1749225913.757557,11.945556535398365,-0.024878347292542458
1749225913.7909777,11.945558804125984,-0.024880921468138695
1749225913.8243835,11.945560639634207,-0.024881688877940178
1749225913.857883,11.945562355517543,-0.024879077449440956
1749225913.891319,11.945563838756343,-0.024879824370145798
1749225913.9247289,11.945565777586125,-0.024880733340978622
1749225913.9585216,11.945567382848253,-0.024884996935725212
1749225913.9919329,11.945568731496381,-0.02488359808921814
1749225914.025433,11.945569876564738,-0.02488531358540058
1749225914.0588472,11.945571083559447,-0.02488594874739647
1749225914.0922678,11.945572318396998,-0.024882201105356216
1749225914.1257834,11.945574508074337,-0.024885393679142
1749225914.1591983,11.94557624287399,-0.024883899837732315
1749225914.1926494,11.945577903879222,-0.024886896833777428
1749225914.2260594,11.945579491183501,-0.02488584630191326
1749225914.259458,11.945580919887886,-0.024889059364795685
1749225914.2929523,11.945582174516685,-0.024888811632990837
1749225914.3263714,11.945583578408444,-0.024888722226023674
1749225914.3597615,11.945585355239908,-0.024886375293135643
1749225914.3939788,11.945586766471461,-0.024888556450605392
1749225914.4274006,11.945587818621226,-0.024889403954148293
1749225914.4608092,11.94559041671354,-0.02489008568227291
1749225914.4943407,11.945592213997022,-0.024892250075936317
1749225914.5277886,11.945594229178964,-0.02489340677857399
1749225914.5612144,11.945595532830755,-0.02489052712917328
1749225914.594584,11.945597363699706,-0.024891868233680725
1749225914.6280503,11.945598171129182,-0.024891484528779984
1749225914.6615663,11.945600594036197,-0.024894017726182938
1749225914.694985,11.945602532136546,-0.02489292435348034
1749225914.728539,11.945603306585113,-0.024896174669265747
1749225914.7619402,11.945604818045693,-0.02489544078707695
1749225914.795346,11.94560608239611,-0.02489650249481201
1749225914.828715,11.945607469561434,-0.024894583970308304
1749225914.8621757,11.94560944770105,-0.02489529550075531
1749225914.895587,11.94561096987219,-0.02489662915468216
1749225914.929019,11.945612463669635,-0.024898052215576172
1749225914.962463,11.945613703106465,-0.02489997074007988
1749225914.9959183,11.945615735075506,-0.024899668991565704
1749225915.0293272,11.9456167589804,-0.024897240102291107
1749225915.0626907,11.945618359499287,-0.024899490177631378
1749225915.0961049,11.945619865936248,-0.02489837445318699
1749225915.1295094,11.945621607952893,-0.024899346753954887
1749225915.162911,11.945623104133867,-0.024901079013943672
1749225915.1963763,11.945624345422654,-0.024901891127228737
1749225915.2298465,11.945625824202624,-0.024902161210775375
1749225915.263427,11.945627187490446,-0.024903446435928345
1749225915.2968414,11.945628955686525,-0.024899844080209732
1749225915.3302517,11.94563031457665,-0.024903904646635056
1749225915.363718,11.94563201559476,-0.024902943521738052
1749225915.3971245,11.945634115846019,-0.024907106533646584
1749225915.4304984,11.945635746165197,-0.024905303493142128
1749225915.463956,11.945637026567807,-0.024905934929847717
1749225915.4973707,11.945638393002504,-0.024906598031520844
1749225915.530925,11.945640096263636,-0.024904217571020126
1749225915.5643685,11.945641763820282,-0.02490648813545704
1749225915.5981045,11.94564426780671,-0.024905959144234657
1749225915.6316302,11.94564587185903,-0.02490893192589283
1749225915.6650379,11.945647588803775,-0.02490774542093277
1749225915.6984346,11.945649090863235,-0.024909233674407005
1749225915.7319012,11.945651099551178,-0.024911008775234222
1749225915.7653103,11.945652815913029,-0.024907147511839867
1749225915.798697,11.945654138489202,-0.024910924956202507
1749225915.8321593,11.945655577492236,-0.024909697473049164
1749225915.8655593,11.945656760371316,-0.024914415553212166
1749225915.8989594,11.945658866860942,-0.024913325905799866
1749225915.9323778,11.945660737736608,-0.024913549423217773
1749225915.9657927,11.945661700687925,-0.024913053959608078
1749225915.9992268,11.945663846881725,-0.024912279099225998
1749225916.0326695,11.945665135956533,-0.024913672357797623
1749225916.066099,11.945667109883974,-0.02491319738328457
1749225916.0995677,11.945669056136595,-0.024915359914302826
1749225916.132984,11.945670823006196,-0.02491617389023304
1749225916.1663642,11.945672158237763,-0.024917427450418472
1749225916.199828,11.945674113467943,-0.02491782046854496
1749225916.2332354,11.94567565622055,-0.024915209040045738
1749225916.2666261,11.945677402402927,-0.02491835691034794
1749225916.3000388,11.94567923317677,-0.02491741068661213
1749225916.3334482,11.945680566933941,-0.02492121234536171
1749225916.3668468,11.94568206783896,-0.024921445176005363
1749225916.400287,11.945683971059402,-0.02492208033800125
1749225916.433699,11.945685194240692,-0.024918332695961
1749225916.467104,11.945686553694436,-0.024921011179685593
1749225916.5028625,11.945688748754591,-0.024920104071497917
1749225916.536268,11.945690174362648,-0.024922825396060944
1749225916.5696754,11.945691734705099,-0.02492261491715908
1749225916.6030843,11.945693249129098,-0.024925190955400467
1749225916.6365235,11.94569518784819,-0.02492494136095047
1749225916.669965,11.945696752807839,-0.024925341829657555
1749225916.7035291,11.945698028883658,-0.024922506883740425
1749225916.7369316,11.94569966632508,-0.024924686178565025
1749225916.7704759,11.945700885989826,-0.024924680590629578
1749225916.803876,11.945702829471067,-0.024926485493779182
1749225916.8372922,11.945704723681887,-0.02492823824286461
1749225916.8707044,11.945707261943957,-0.024929367005825043
1749225916.904133,11.945708824276991,-0.02492618001997471
1749225916.9386098,11.945709713935745,-0.02492864988744259
1749225916.9720142,11.945711166640434,-0.024927334859967232
1749225917.0054274,11.945712406253318,-0.024927863851189613
1749225917.0388293,11.945714421684293,-0.02492951601743698
1749225917.0722377,11.94571599060061,-0.024932747706770897
1749225917.1057365,11.945717507233205,-0.02493148110806942
1749225917.1391368,11.945718775211306,-0.024932634085416794
1749225917.1725783,11.945719557957066,-0.024929732084274292
1749225917.205989,11.945721748387568,-0.024931548163294792
1749225917.239425,11.945723198348835,-0.02493276074528694
1749225917.2728376,11.945724764840048,-0.024934183806180954
1749225917.3062947,11.945726354404114,-0.024936100468039513
1749225917.3397424,11.945727843112689,-0.024936363101005554
1749225917.3731122,11.945729264390854,-0.024932989850640297
1749225917.4065256,11.945730816296969,-0.02493562176823616
1749225917.440166,11.945732266861985,-0.024935282766819
1749225917.4735694,11.945733458543433,-0.024935469031333923
1749225917.5070066,11.945735027384622,-0.024937845766544342
1749225917.5403817,11.945736742931775,-0.024938024580478668
1749225917.573784,11.945739258844096,-0.024938732385635376
1749225917.6072407,11.945740701613946,-0.024939576163887978
1749225917.6407678,11.945742015271822,-0.0249364972114563
1749225917.6742125,11.945743894003025,-0.024937918409705162
1749225917.707622,11.94574539627883,-0.024938834831118584
1749225917.741035,11.94574709506656,-0.024940500035881996
1749225917.7744741,11.94574892430489,-0.02494075521826744
1749225917.8079479,11.945750258158247,-0.024942178279161453
1749225917.84139,11.945751878989723,-0.024943510070443153
1749225917.8750036,11.945753363273317,-0.02494063228368759
1749225917.9084096,11.945755044244912,-0.02494298480451107
1749225917.9418173,11.945756748465609,-0.024941537529230118
1749225917.9751723,11.945758946330946,-0.024945063516497612
1749225918.0085955,11.945760274428688,-0.024943875148892403
1749225918.0426373,11.945761758644347,-0.024945365265011787
1749225918.0760443,11.945763245907255,-0.024946581572294235
1749225918.109657,11.945765137739205,-0.024944080039858818
1749225918.1430807,11.945766874254089,-0.02494635060429573
1749225918.1765018,11.94576810886422,-0.024945924058556557
1749225918.2098987,11.945769751401908,-0.02494867891073227
1749225918.243324,11.945770903815193,-0.024948539212346077
1749225918.276841,11.945772228683465,-0.024950942024588585
1749225918.3102453,11.945773900042456,-0.02495034597814083
1749225918.3436606,11.94577558135779,-0.024947796016931534
1749225918.3770597,11.945777147310249,-0.024950571358203888
1749225918.4106932,11.945779016478918,-0.024948732927441597
1749225918.4441838,11.945780355445521,-0.024950727820396423
1749225918.4816487,11.945781404914928,-0.02495148964226246
1749225918.5153794,11.945782843850903,-0.024952327832579613
1749225918.5488377,11.945784634385058,-0.024952642619609833
1749225918.582251,11.945786337246272,-0.024953950196504593
1749225918.6156735,11.945787879987485,-0.02495133876800537
1749225918.649176,11.945790087440859,-0.02495400980114937
1749225918.6825774,11.94579142939125,-0.024953773245215416
1749225918.7159815,11.94579269775073,-0.02495734393596649
1749225918.749393,11.945794123953242,-0.024955859407782555
1749225918.782897,11.945796450494457,-0.024956868961453438
1749225918.8164089,11.945797458817289,-0.024957500398159027
1749225918.8498204,11.945799393162917,-0.024955783039331436
1749225918.883312,11.945800965521286,-0.02495623379945755
1749225918.9167228,11.945803684990574,-0.024956801906228065
1749225918.9500785,11.94580526868697,-0.02495882846415043
1749225918.983868,11.945806285314157,-0.024960685521364212
1749225919.0172915,11.94580869222948,-0.024961071088910103
1749225919.0507982,11.945810368248155,-0.02496146969497204
1749225919.0842087,11.945811651430052,-0.024958636611700058
1749225919.1176279,11.945813395456405,-0.024960771203041077
1749225919.1510415,11.945814945745173,-0.024961218237876892
1749225919.1844482,11.945816895950758,-0.024963807314634323
1749225919.2178528,11.945818726272021,-0.024964850395917892
1749225919.2512765,11.94582031712139,-0.02496480941772461
1749225919.2846868,11.945821606787124,-0.024962034076452255
1749225919.3181775,11.94582288856988,-0.02496393583714962
1749225919.351583,11.9458240900455,-0.02496412768959999
1749225919.384939,11.945826307010273,-0.024963578209280968
1749225919.4183455,11.945827899208682,-0.024966483935713768
1749225919.4517303,11.945829262004283,-0.024966496974229813
1749225919.4852245,11.945831198893563,-0.024966588243842125
1749225919.5186288,11.945833136005072,-0.024968761950731277
1749225919.5520356,11.945834809513752,-0.024965258315205574
1749225919.5854578,11.945836374202111,-0.024968743324279785
1749225919.6188827,11.945837706153643,-0.02496778778731823
1749225919.6522985,11.945839330719782,-0.024970311671495438
1749225919.685728,11.945841051420395,-0.02497105859220028
1749225919.719134,11.945842626280424,-0.024971332401037216
1749225919.7525346,11.9458439372014,-0.024970488622784615
1749225919.785939,11.94584544147601,-0.02496969699859619
1749225919.8193698,11.94584729252309,-0.02497129701077938
1749225919.852813,11.945848886684521,-0.024970753118395805
1749225919.8862371,11.945850711093879,-0.02497369982302189
1749225919.9196336,11.945852386503407,-0.02497248165309429
1749225919.9530396,11.945853707617648,-0.024974701926112175
1749225919.9864736,11.945855653224532,-0.024975711479783058
1749225920.0198846,11.945857042467653,-0.024973783642053604
1749225920.0533326,11.945858280317355,-0.024974390864372253
1749225920.0867856,11.945859541709295,-0.024975093081593513
1749225920.1201828,11.945861279755853,-0.024977421388030052
1749225920.1540775,11.945862595523634,-0.02497764863073826
1749225920.187559,11.945864506595699,-0.024978308007121086
1749225920.22113,11.945865991892449,-0.02497885748744011
1749225920.2545838,11.945867528764238,-0.024976495653390884
1749225920.2879994,11.945869087842617,-0.024979112669825554
1749225920.3214471,11.945870701989486,-0.0249776653945446
1749225920.3549016,11.945872398467692,-0.02498106099665165
1749225920.3883,11.945873552660709,-0.024980027228593826
1749225920.4218416,11.945875252058553,-0.024983173236250877
1749225920.4553924,11.945877025926075,-0.024983448907732964
1749225920.4888203,11.945878364569326,-0.024982506409287453
1749225920.522225,11.945879884146885,-0.024981247261166573
1749225920.5556617,11.945881094883207,-0.024982448667287827
1749225920.589079,11.945882600045671,-0.024983413517475128
1749225920.6224897,11.945883938558694,-0.024984585121273994
1749225920.6561606,11.945885886857726,-0.02498592808842659
1749225920.6896248,11.945887439798847,-0.024986866861581802
1749225920.7230291,11.945889359385363,-0.024983657523989677
1749225920.7564337,11.945890344113934,-0.024985559284687042
1749225920.7898428,11.945891578673667,-0.02498566545546055
1749225920.8232934,11.945893474477613,-0.024986030533909798
1749225920.8567672,11.945894932408097,-0.024987313896417618
1749225920.8901718,11.945896939982372,-0.02499084360897541
1749225920.9236486,11.945898424137297,-0.02498968504369259
1749225920.9570537,11.945900432522745,-0.02498905174434185
1749225920.9904683,11.945901993606368,-0.024987317621707916
1749225921.0240028,11.945903207419303,-0.02498961053788662
1749225921.0574157,11.945904803889212,-0.024989668279886246
1749225921.0908086,11.945906327427469,-0.024993471801280975
1749225921.1242065,11.945907733236023,-0.024993136525154114
1749225921.1576557,11.945909500049124,-0.02499299682676792
1749225921.1910598,11.945911074053113,-0.024990499019622803
1749225921.2244697,11.945912656403042,-0.024993501603603363
1749225921.2579505,11.94591446773299,-0.024992361664772034
1749225921.2913682,11.945916245007535,-0.02499292977154255
1749225921.3247786,11.945918006657248,-0.02499423362314701
1749225921.3581865,11.945920147660761,-0.024997618049383163
1749225921.3916304,11.945921648871032,-0.024997303262352943
1749225921.4250286,11.945922850221415,-0.024996956810355186
1749225921.4584308,11.945924589627603,-0.024994749575853348
1749225921.4919965,11.945926090282429,-0.024996904656291008
1749225921.5254128,11.94592781819582,-0.024997346103191376
1749225921.5588062,11.945929887989724,-0.02499944157898426
1749225921.5922327,11.94593155232625,-0.025000978261232376
1749225921.6257415,11.945933047116482,-0.025000937283039093
1749225921.6591964,11.945934731172272,-0.02499816194176674
1749225921.6926029,11.945936045329814,-0.025000063702464104
1749225921.7260156,11.945937923632409,-0.024999840185046196
1749225921.759423,11.945939504098119,-0.02499970607459545
1749225921.7928247,11.94594069435559,-0.02500261180102825
1749225921.826225,11.945943232288558,-0.025002624839544296
1749225921.8596423,11.945944538713434,-0.02500271610915661
1749225921.893042,11.945946274473744,-0.02500426396727562
1749225921.9264433,11.945947622339858,-0.02500198595225811
1749225921.959938,11.945949094737625,-0.025004155933856964
1749225921.9933145,11.945950931970547,-0.02500385232269764
1749225922.0266924,11.945952888124875,-0.025007784366607666
1749225922.0602076,11.945954545913239,-0.025007281452417374
1749225922.093997,11.945956062406864,-0.0250074602663517
1749225922.1273966,11.945957765954377,-0.025005245581269264
1749225922.1608603,11.945959549213123,-0.025007877498865128
1749225922.1949065,11.945961710921987,-0.025007251650094986
1749225922.2284086,11.945963195861175,-0.025007732212543488
1749225922.2619584,11.945964671832062,-0.0250084288418293
1749225922.295399,11.945966455298326,-0.02501223050057888
1749225922.3289483,11.945967939753915,-0.025011740624904633
1749225922.3623586,11.945969254415102,-0.025012372061610222
1749225922.3957725,11.945971413725925,-0.025009237229824066
1749225922.4291892,11.945972913189442,-0.025011355057358742
1749225922.4626052,11.945974635184752,-0.02501147799193859
1749225922.4962506,11.94597584914167,-0.0250148456543684
1749225922.5296822,11.945977501809056,-0.025014586746692657
1749225922.5631714,11.945978705785127,-0.02501443400979042
1749225922.5966115,11.945980135268378,-0.025012871250510216
1749225922.6300137,11.94598251244325,-0.02501385472714901
1749225922.66342,11.945984302859346,-0.025014519691467285
1749225922.6973846,11.94598550124636,-0.025014344602823257
1749225922.7308462,11.945987192066152,-0.02501731738448143
1749225922.7643573,11.945988806154357,-0.02501613087952137
1749225922.7977939,11.945990198850708,-0.025017619132995605
1749225922.8312707,11.945991700133918,-0.025018837302923203
1749225922.8647199,11.945993525821438,-0.025016602128744125
1749225922.898128,11.945995361091164,-0.025018345564603806
1749225922.9315684,11.94599680582812,-0.025018179789185524
1749225922.9649813,11.945998386800333,-0.025020932778716087
1749225922.998415,11.945999656885501,-0.025020504370331764
1749225923.0318122,11.946001402162597,-0.02502232789993286
1749225923.0652359,11.946002886925555,-0.025022992864251137
1749225923.0988078,11.946004906268,-0.025019783526659012
1749225923.132174,11.946006190205427,-0.025022827088832855
1749225923.1656194,11.946007818027002,-0.0250213835388422
1749225923.1990626,11.94600945151607,-0.025023384019732475
1749225923.2325091,11.946010909435422,-0.025023015215992928
1749225923.265933,11.946012495523044,-0.025026971474289894
1749225923.299348,11.946014394038002,-0.025026172399520874
1749225923.3328216,11.946016346477958,-0.025025179609656334
1749225923.3662531,11.946017781141983,-0.025023818016052246
1749225923.3996623,11.946019418298933,-0.025026263669133186
1749225923.4330707,11.946021254253512,-0.025026731193065643
1749225923.4664729,11.946022491597981,-0.02502957172691822
1749225923.4999006,11.946023966217012,-0.025029262527823448
1749225923.5333095,11.946025860329518,-0.025029122829437256
1749225923.5667403,11.94602711567873,-0.02502746507525444
1749225923.6002111,11.946028582063592,-0.025028036907315254
1749225923.6337132,11.946029904145906,-0.025029439479112625
1749225923.6670818,11.94603175070728,-0.025029055774211884
1749225923.7004998,11.946033132560373,-0.02503151260316372
1749225923.7339177,11.94603496142492,-0.025030599907040596
1749225923.7673917,11.946037072170116,-0.02503250353038311
1749225923.800791,11.946038726595393,-0.025033315643668175
1749225923.8342047,11.946040062244927,-0.02503158524632454
1749225923.867709,11.946042098129636,-0.025033893063664436
1749225923.9011962,11.946043649793896,-0.025032952427864075
1749225923.9346318,11.94604495559006,-0.025037430226802826
1749225923.9680483,11.946046724808141,-0.025036262348294258
1749225924.0014472,11.946048527854158,-0.025035995990037918
1749225924.0349152,11.946050000580717,-0.025034287944436073
1749225924.0683286,11.946051782484393,-0.025036189705133438
1749225924.1017375,11.946053132545119,-0.025035828351974487
1749225924.1353772,11.946054662757321,-0.025035832077264786
1749225924.1688113,11.946056367739484,-0.02503874897956848
1749225924.2021818,11.946057610671177,-0.02503874897956848
1749225924.2356212,11.946059622890925,-0.025038842111825943
1749225924.2690341,11.946061207147253,-0.025040127336978912
1749225924.3024468,11.946062476950448,-0.025038225576281548
1749225924.3359563,11.946063753263013,-0.02504047192633152
1749225924.3694358,11.94606537623675,-0.025039978325366974
1749225924.4028525,11.946066687735522,-0.0250435508787632
1749225924.436256,11.946067891537288,-0.025043407455086708
1749225924.469655,11.94606996801982,-0.025043146684765816
1749225924.5030644,11.94607140719824,-0.025044182315468788
1749225924.5365522,11.946072777365217,-0.025042006745934486
1749225924.5699522,11.946074842956245,-0.025043612346053123
1749225924.6033819,11.946076321774097,-0.025043059140443802
1749225924.636972,11.946078100171075,-0.025046074762940407
1749225924.6703763,11.946079626248626,-0.025045061483979225
1749225924.703821,11.94608089553511,-0.025048356503248215
1749225924.7372284,11.946082620711278,-0.02504776604473591
1749225924.7706404,11.946084013828767,-0.025046762079000473
1749225924.804239,11.946085671304166,-0.025046300143003464
1749225924.8376377,11.946086684582726,-0.025047481060028076
1749225924.8710368,11.94608840963234,-0.025047658011317253
1749225924.904436,11.946089958963844,-0.025050971657037735
1749225924.9384997,11.946091779849004,-0.025050949305295944
1749225924.9719017,11.946093091762803,-0.025051891803741455
1749225925.0053277,11.946094383321498,-0.025048745796084404
1749225925.0387528,11.946096509001224,-0.025051366537809372
1749225925.0721638,11.946098262560065,-0.02504991739988327
1749225925.105579,11.946099631438251,-0.02505331300199032
1749225925.1394982,11.946101223627387,-0.025052091106772423
1749225925.1729193,11.94610243517248,-0.025055425241589546
1749225925.2063167,11.9461041651851,-0.025055265054106712
1749225925.239733,11.946106368729861,-0.02505475841462612
1749225925.2740207,11.946107723094268,-0.02505301497876644
1749225925.3075047,11.94610915935092,-0.025054698809981346
1749225925.340906,11.946110811260672,-0.025055523961782455
1749225925.3743813,11.946112530879988,-0.025056837126612663
1749225925.4077802,11.946114393268424,-0.02505818009376526
1749225925.441289,11.946115367083582,-0.02505911886692047
1749225925.4747193,11.946117488216569,-0.025055907666683197
1749225925.5091238,11.946118407377561,-0.025058288127183914
1749225925.542544,11.946119910032479,-0.025057917460799217
1749225925.5759428,11.946122332223846,-0.02505950815975666
1749225925.609344,11.946123968778807,-0.025059573352336884
1749225925.6428797,11.946125632709581,-0.02506309561431408
1749225925.6763232,11.94612757136406,-0.02506229653954506
1749225925.7097328,11.946129133700095,-0.025062263011932373
1749225925.7431371,11.946131853567252,-0.025060750544071198
1749225925.7765589,11.946133138811591,-0.02506186254322529
1749225925.8099446,11.946134700496678,-0.025062890723347664
1749225925.8433766,11.946136075221949,-0.0250637698918581
1749225925.8767712,11.946137639934403,-0.025065952911973
1749225925.9101806,11.946138945768302,-0.025066589936614037
1749225925.9437144,11.94614081932126,-0.025062749162316322
1749225925.9771194,11.946142264274444,-0.025065869092941284
1749225926.0104854,11.946143249387928,-0.025064611807465553
1749225926.0438852,11.946145706703959,-0.02506546676158905
1749225926.077301,11.946147211452208,-0.025067206472158432
1749225926.110725,11.946148686632576,-0.025069279596209526
1749225926.144128,11.946150007307875,-0.02506888285279274
1749225926.1775246,11.946152206420898,-0.02506984770298004
1749225926.2109215,11.946152954191056,-0.025066159665584564
1749225926.244336,11.946154325572566,-0.025069933384656906
1749225926.2777476,11.946155305506519,-0.025068657472729683
1749225926.3111567,11.946156634601396,-0.02507134899497032
1749225926.3445747,11.946158324866522,-0.025072256103157997
1749225926.3780143,11.946160118833172,-0.02507290244102478
1749225926.4117193,11.946161627269898,-0.02507404424250126
1749225926.4451733,11.946162880394409,-0.0250711627304554
1749225926.4791946,11.946164359283728,-0.025072649121284485
1749225926.5126016,11.946166253017825,-0.02507222816348076
1749225926.5460443,11.946167782701393,-0.025074657052755356
1749225926.5826988,11.94616956158618,-0.025073561817407608
1749225926.618794,11.946171083338484,-0.02507689595222473
1749225926.6522467,11.946173116909243,-0.02507651410996914
1749225926.6856503,11.946174088458198,-0.02507423609495163
1749225926.7191014,11.946175837222938,-0.025076596066355705
1749225926.7525055,11.94617742574946,-0.02507610246539116
1749225926.7859044,11.946178735311161,-0.025079675018787384
1749225926.8193629,11.946180995698038,-0.025079434737563133
1749225926.8527873,11.946182515288026,-0.025079697370529175
1749225926.886186,11.946184046259972,-0.02507803961634636
1749225926.919567,11.946185503564166,-0.025078073143959045
1749225926.9529853,11.94618773275905,-0.025080014020204544
1749225926.986459,11.946188842280472,-0.025079386308789253
1749225927.0201097,11.94619036188468,-0.025081781670451164
1749225927.0535374,11.946192167623925,-0.02508128248155117
1749225927.0869443,11.94619380495452,-0.02508285455405712
1749225927.120357,11.946195173971761,-0.02508370950818062
1749225927.1537795,11.946196487165594,-0.025082629173994064
1749225927.187179,11.946198200610779,-0.025082921609282494
1749225927.2206347,11.946199673124427,-0.025083312764763832
1749225927.2540386,11.946201146685823,-0.025085004046559334
1749225927.2874467,11.946202577859577,-0.02508525922894478
1749225927.3209066,11.94620360871711,-0.025087419897317886
1749225927.3543189,11.946205655564409,-0.02508818730711937
1749225927.387722,11.946206973102717,-0.025084948167204857
1749225927.4212458,11.946208894140893,-0.025087488815188408
1749225927.4547653,11.94621114087343,-0.025086041539907455
1749225927.4882548,11.946212620619377,-0.025089332833886147
1749225927.5216744,11.946214231951622,-0.02508821338415146
1749225927.5550811,11.946215566430352,-0.025091541931033134
1749225927.588612,11.946217226407827,-0.025091655552387238
1749225927.6220243,11.946218853678946,-0.025090882554650307
1749225927.6554704,11.94622017549799,-0.025089550763368607
1749225927.6889505,11.946221628020515,-0.02509082295000553
1749225927.722357,11.946222987666049,-0.025091269984841347
1749225927.75584,11.946223987989312,-0.0250929594039917
1749225927.7892487,11.946225606973478,-0.025093959644436836
1749225927.8226893,11.946226361021123,-0.02509414590895176
1749225927.8561456,11.946228388094537,-0.025093313306570053
1749225927.889553,11.946229995822565,-0.025093896314501762
1749225927.9229567,11.946231245316314,-0.025094185024499893
1749225927.9563692,11.946232895692882,-0.02509382925927639
1749225927.9897754,11.946234126638538,-0.025095991790294647
1749225928.023223,11.946235768231439,-0.0250968299806118
1749225928.056621,11.946237804593208,-0.025098003447055817
1749225928.0900502,11.946239636586512,-0.025098657235503197
1749225928.1234512,11.946241301505305,-0.025097718462347984
1749225928.1570468,11.946242994171639,-0.0250965878367424
1749225928.1904774,11.946244045767855,-0.025097327306866646
1749225928.2239172,11.946246266778767,-0.025101760402321815
1749225928.2573307,11.946247462170403,-0.025100519880652428
1749225928.2907212,11.946249087155005,-0.025101352483034134
1749225928.3242245,11.94625057229419,-0.025102002546191216
1749225928.3576288,11.946252209216066,-0.025099607184529305
1749225928.3910258,11.946253425535682,-0.025101935490965843
1749225928.4244301,11.946254784379155,-0.02510066144168377
1749225928.4579127,11.946256632558251,-0.025103658437728882
1749225928.4913225,11.94625778657382,-0.025102607905864716
1749225928.5248044,11.946260120512084,-0.025105822831392288
1749225928.5582101,11.946261180614796,-0.025106104090809822
1749225928.5915844,11.946263014307476,-0.025105971843004227
1749225928.624997,11.946264261462883,-0.025103136897087097
1749225928.658397,11.946265700948327,-0.025105316191911697
1749225928.691828,11.94626719451432,-0.025105400010943413
1749225928.7252336,11.946268845945266,-0.025108160451054573
1749225928.758693,11.946270661771692,-0.025109244510531425
1749225928.7920983,11.946272413989378,-0.02510930970311165
1749225928.8293538,11.946273525884777,-0.02510843798518181
1749225928.862793,11.946274758540346,-0.025108858942985535
1749225928.8962758,11.946276707001898,-0.02510807476937771
1749225928.9296522,11.946278331413998,-0.025108492001891136
1749225928.9630785,11.946279786051464,-0.025110606104135513
1749225928.996489,11.946281684622479,-0.025110995396971703
1749225929.030206,11.946283194401174,-0.025111373513936996
1749225929.0642793,11.946284704732701,-0.025112900882959366
1749225929.0976799,11.946285721364465,-0.02511047199368477
1749225929.131131,11.946286931679484,-0.02511298470199108
1749225929.1667411,11.946288968507897,-0.02511247992515564
1749225929.200158,11.94628971996421,-0.02511579729616642
1749225929.2336118,11.946291566976171,-0.02511495165526867
1749225929.2669659,11.946292552470892,-0.02511558122932911
1749225929.3006034,11.946294711896009,-0.02511642873287201
1749225929.3340163,11.946296373557614,-0.0251142680644989
1749225929.3674238,11.94629762629463,-0.025116268545389175
1749225929.4008543,11.946299129748743,-0.02511538751423359
1749225929.4342575,11.946300599408822,-0.025117356330156326
1749225929.468184,11.946301827057182,-0.025116801261901855
1749225929.5016544,11.946303813557911,-0.025119081139564514
1749225929.5350845,11.946304693064652,-0.02512011118233204
1749225929.568866,11.946306134646909,-0.025120744481682777
1749225929.6022737,11.946307409857184,-0.025118036195635796
1749225929.635665,11.946308792150088,-0.02511962503194809
1749225929.6690686,11.946310928581624,-0.025121629238128662
1749225929.7026002,11.946312749006065,-0.025121081620454788
1749225929.7360017,11.946314035015915,-0.025123542174696922
1749225929.7697897,11.946315117013915,-0.02512357197701931
1749225929.8032043,11.946316526384463,-0.025121258571743965
1749225929.8367085,11.94631833703327,-0.02512320689857006
1749225929.870121,11.94631990652386,-0.02512277290225029
1749225929.903879,11.946321736717199,-0.025123687461018562
1749225929.937322,11.946323235493496,-0.025124523788690567
1749225929.9706838,11.946324691110332,-0.025127315893769264
1749225930.0041256,11.946326154986423,-0.02512664720416069
1749225930.0375836,11.946326907403574,-0.025127386674284935
1749225930.070988,11.946328509383928,-0.025125673040747643
1749225930.1043904,11.946330167988673,-0.025127507746219635
1749225930.138181,11.946331398076936,-0.02512645162642002
1749225930.1717038,11.94633320924191,-0.025131169706583023
1749225930.2050993,11.946335021606192,-0.02513018064200878
1749225930.2385054,11.946336415514233,-0.025129979476332664
1749225930.2719603,11.9463375943225,-0.025129808112978935
1749225930.305374,11.946339925269223,-0.025129033252596855
1749225930.3388124,11.946341176073428,-0.025130460038781166
1749225930.372367,11.94634282884416,-0.025130022317171097
1749225930.4058385,11.946344056053988,-0.02513282746076584
1749225930.4392555,11.946345172506634,-0.025131817907094955
1749225930.4726617,11.946346732506312,-0.02513534016907215
1749225930.5060842,11.946348355112349,-0.02513454109430313
1749225930.5394843,11.946350195851533,-0.025134894996881485
1749225930.5731432,11.946352362619931,-0.02513299323618412
1749225930.6068156,11.946353327102281,-0.025134073570370674
1749225930.640224,11.946354614102871,-0.02513439580798149
1749225930.673838,11.946356288984662,-0.025136014446616173
1749225930.7072415,11.946357900358212,-0.02513819746673107
1749225930.7406535,11.946359580100648,-0.02513883262872696
1749225930.7740939,11.946360939792147,-0.02513572759926319
1749225930.807501,11.94636279800997,-0.02513827756047249
1749225930.8409617,11.946364527512717,-0.025136668235063553
1749225930.8747077,11.946366000970013,-0.02513977885246277
1749225930.908131,11.946367675344263,-0.025138728320598602
1749225930.9415827,11.946369377578128,-0.02514215186238289
1749225930.9749877,11.946370570241564,-0.025141693651676178
1749225931.0084019,11.946372444601588,-0.025142092257738113
1749225931.0418217,11.946374151762226,-0.025140240788459778
1749225931.0752177,11.946376110554763,-0.025141073390841484
1749225931.10875,11.946376982441786,-0.025142356753349304
1749225931.1422575,11.946379234332104,-0.02514428086578846
1749225931.1757,11.946381085741622,-0.02514547109603882
1749225931.2091033,11.946382551541374,-0.025145556777715683
1749225931.2425897,11.946384163937996,-0.02514272928237915
1749225931.275987,11.94638548352432,-0.025145625695586205
1749225931.3094058,11.946387320614178,-0.02514389529824257
1749225931.3428047,11.94638890956077,-0.025144198909401894
1749225931.3762085,11.946390500191503,-0.0251467265188694
1749225931.4096062,11.946392420307502,-0.02514737658202648
1749225931.443014,11.946394379928817,-0.02514822967350483
1749225931.4764583,11.946396023847676,-0.025149382650852203
1749225931.5098717,11.946397245061995,-0.0251458790153265
1749225931.5433075,11.946398938348523,-0.02514936402440071
1749225931.5766768,11.946400355280149,-0.025148600339889526
1749225931.6108294,11.946402137041243,-0.025150462985038757
1749225931.6442378,11.946403794036977,-0.025152849033474922
1749225931.6776764,11.946405490281796,-0.025153109803795815
1749225931.711087,11.946406758971696,-0.025149531662464142
1749225931.7470953,11.94640878106424,-0.02515236847102642
1749225931.7805834,11.946410254062716,-0.02515174262225628
1749225931.8139908,11.94641169443379,-0.02515222318470478
1749225931.847532,11.946413190639966,-0.025153957307338715
1749225931.8809624,11.946414945797686,-0.02515524998307228
1749225931.9143608,11.946416680549753,-0.02515503764152527
1749225931.947903,11.946418463544344,-0.025156864896416664
1749225931.981327,11.94642032960997,-0.02515372820198536
1749225932.0147147,11.94642165495652,-0.025155579671263695
1749225932.0481238,11.946423361996272,-0.02515602298080921
1749225932.084573,11.946425190422314,-0.025157202035188675
1749225932.117984,11.946426899602297,-0.025159435346722603
1749225932.1513956,11.946428213025028,-0.025160256773233414
1749225932.184865,11.94642945243082,-0.025156905874609947
1749225932.2183385,11.946431903186943,-0.02515973150730133
1749225932.2517564,11.946433734193828,-0.025158340111374855
1749225932.2851644,11.946435333776178,-0.02516157552599907
1749225932.3187647,11.946436664276968,-0.02516045607626438
1749225932.3521762,11.946438283219855,-0.025163790211081505
1749225932.385604,11.946439506730467,-0.02516375668346882
1749225932.4227052,11.94644157980813,-0.02516312338411808
1749225932.4561064,11.946443040937961,-0.025163233280181885
1749225932.4904613,11.946444535921408,-0.025162668898701668
1749225932.523933,11.946446091632886,-0.025165408849716187
1749225932.5573819,11.946447874932264,-0.025164993479847908
1749225932.5908515,11.946449260499008,-0.025166545063257217
1749225932.6244178,11.946451017710059,-0.02516770549118519
1749225932.6577978,11.946452427191332,-0.025164272636175156
1749225932.6912,11.946453695965571,-0.025167316198349
1749225932.7246137,11.946455446594337,-0.02516547590494156
1749225932.7580616,11.946457079280803,-0.02516787126660347
1749225932.791459,11.94645833969221,-0.025167929008603096
1749225932.8248572,11.946459968851126,-0.02517104707658291
1749225932.8584814,11.946461249734602,-0.02517065964639187
1749225932.8918977,11.946463328548449,-0.025170626118779182
1749225932.9253035,11.94646494935577,-0.025167934596538544
1749225932.9587123,11.946466541555374,-0.02517075277864933
1749225932.9921217,11.946467846475153,-0.025171218439936638
1749225933.0255613,11.946469796738683,-0.02517213299870491
1749225933.0589845,11.946471413094164,-0.02517431601881981
1749225933.0924153,11.94647326469293,-0.025174953043460846
1749225933.1257894,11.946474506729833,-0.025171354413032532
1749225933.1592371,11.946475770851933,-0.02517411671578884
1749225933.1926355,11.946477577328942,-0.025172974914312363
1749225933.2261527,11.946479212961586,-0.025173543021082878
1749225933.2595592,11.946481061516996,-0.02517523616552353
1749225933.293035,11.946482623326956,-0.025177424773573875
1749225933.326446,11.946484203597386,-0.02517724595963955
1749225933.3597996,11.946485810791843,-0.025177722796797752
1749225933.3932014,11.946487447333832,-0.02517537772655487
1749225933.4266176,11.94648906241692,-0.02517755702137947
1749225933.4603994,11.946490634568157,-0.025177640840411186
1749225933.4938931,11.946492392803554,-0.025180399417877197
1749225933.5272954,11.946494085563259,-0.02518148347735405
1749225933.561847,11.946495309381227,-0.025181550532579422
1749225933.595228,11.946496641620659,-0.025178954005241394
1749225933.6286597,11.946498447396312,-0.025181671604514122
1749225933.6620781,11.946499512940784,-0.025180315598845482
1749225933.6955023,11.946501135849326,-0.025180377066135406
1749225933.7288818,11.946502309001811,-0.025182638317346573
1749225933.762298,11.94650516056166,-0.025185152888298035
1749225933.7959073,11.946506356404736,-0.025185424834489822
1749225933.8293195,11.946507711616352,-0.02518478035926819
1749225933.862783,11.946509621182127,-0.025183534249663353
1749225933.89632,11.94651128870465,-0.02518429420888424
1749225933.9301403,11.946512078170707,-0.02518570050597191
1749225933.9635873,11.946513556074636,-0.025188395753502846
1749225933.996993,11.946515209637315,-0.025187892839312553
1749225934.0304096,11.946517263574208,-0.02518887259066105
1749225934.0638132,11.94651811953187,-0.025185855105519295
1749225934.097473,11.946519589674875,-0.025186434388160706
1749225934.1309035,11.946521468652568,-0.025188034400343895
1749225934.1643145,11.946522814709017,-0.02518748864531517
1749225934.1977296,11.94652428330674,-0.02519071102142334
1749225934.2311432,11.946526553690212,-0.025190887972712517
1749225934.2645414,11.946527952371852,-0.025191156193614006
1749225934.297921,11.946529490267412,-0.025192338973283768
1749225934.3312802,11.946530294155048,-0.025189364328980446
1749225934.364824,11.946532614876658,-0.025192901492118835
1749225934.3982232,11.946534273063014,-0.025191938504576683
1749225934.4316626,11.946536001855113,-0.025195667520165443
1749225934.465078,11.946537285606313,-0.02519429661333561
1749225934.4984946,11.94653900965809,-0.0251949280500412
1749225934.5319142,11.946540531023556,-0.025195593014359474
1749225934.5653079,11.946541823582907,-0.02519359439611435
1749225934.5986862,11.946543402144528,-0.025195129215717316
1749225934.632174,11.94654534243911,-0.025195186957716942
1749225934.6655815,11.946546853382312,-0.02519792690873146
1749225934.6990395,11.946548438112382,-0.02519673854112625
1749225934.7325878,11.946549892538318,-0.025198226794600487
1749225934.766008,11.946551295028929,-0.025199444964528084
1749225934.7994633,11.94655304651514,-0.025196943432092667
1749225934.8328652,11.946554984236329,-0.02519960142672062
1749225934.866266,11.946556448251371,-0.025198690593242645
1749225934.899678,11.946558010673288,-0.025203082710504532
1749225934.933082,11.946560199358785,-0.025203803554177284
1749225934.966503,11.946562156006754,-0.02520320937037468
1749225934.9998796,11.946563739213252,-0.025200778618454933
1749225935.0333092,11.946565311210273,-0.025202292948961258
1749225935.066944,11.946566559220274,-0.025202171877026558
1749225935.1004374,11.946567675220436,-0.025201991200447083
1749225935.1338463,11.9465698250194,-0.025204351171851158
1749225935.167253,11.946571288807116,-0.025207577273249626
1749225935.2007413,11.946573502434632,-0.025206416845321655
1749225935.2341552,11.94657562780148,-0.025206925347447395
1749225935.2675853,11.946577039451633,-0.025204338133335114
1749225935.3009953,11.946578395959222,-0.02520686946809292
1749225935.3353643,11.946579938055905,-0.025206632912158966
1749225935.3688035,11.946581956136535,-0.025208251550793648
1749225935.402205,11.946583256313621,-0.025210434570908546
1749225935.4356716,11.946584972852467,-0.025211069732904434
1749225935.4690726,11.946586184235919,-0.02520722895860672
1749225935.5024824,11.946587516219315,-0.02521023340523243
1749225935.5359874,11.946589753729343,-0.02520901896059513
1749225935.569394,11.946591442111236,-0.025212015956640244
1749225935.6036534,11.946592821413583,-0.025210965424776077
1749225935.6371057,11.946593806371244,-0.02521418035030365
1749225935.6705375,11.946596247836956,-0.025214195251464844
1749225935.7039785,11.946598009186745,-0.02521219104528427
1749225935.7373848,11.946599914556895,-0.025212952867150307
1749225935.7708335,11.946601374553321,-0.025212910026311874
1749225935.8042574,11.946602279251398,-0.02521366812288761
1749225935.8376687,11.94660414205005,-0.025216666981577873
1749225935.8710763,11.946605716330627,-0.025217602029442787
1749225935.9045253,11.94660743204317,-0.02521766722202301
1749225935.937912,11.946608801318494,-0.025214891880750656
1749225935.9715638,11.946610025968926,-0.02521679177880287
1749225936.0060625,11.946611586689835,-0.025216570124030113
1749225936.0394711,11.946613962325983,-0.025218386203050613
1749225936.072879,11.94661478762323,-0.02521793358027935
1749225936.106318,11.94661626699772,-0.025221873074769974
1749225936.1397662,11.946618068539703,-0.025220556184649467
1749225936.1731892,11.94661955714045,-0.025220897048711777
1749225936.206617,11.946621290636063,-0.02521965093910694
1749225936.2403758,11.946622258203245,-0.025220533832907677
1749225936.2737844,11.946623471695043,-0.025221744552254677
1749225936.3072178,11.946625106465056,-0.025224512442946434
1749225936.3406334,11.946626679069714,-0.02522400952875614
1749225936.374099,11.946628255153154,-0.02522432990372181
1749225936.4075062,11.946629662387737,-0.025223342701792717
1749225936.4409308,11.946631190992614,-0.025222769007086754
1749225936.4743314,11.94663271525079,-0.025224214419722557
1749225936.507756,11.946634197788043,-0.02522360533475876
1749225936.5413287,11.94663559860202,-0.025226827710866928
1749225936.5747623,11.946637281872176,-0.025225335732102394
1749225936.6081908,11.946638835650381,-0.02522733248770237
1749225936.6415966,11.946640407637098,-0.025228185579180717
1749225936.675006,11.946641689792681,-0.025227433070540428
1749225936.7086022,11.946643511689771,-0.025229016318917274
1749225936.7420182,11.946645067650628,-0.025227908045053482
1749225936.7754195,11.946646907066697,-0.025231828913092613
1749225936.808831,11.94664811494437,-0.025230413302779198
1749225936.8422446,11.94664990972145,-0.025231927633285522
1749225936.8756013,11.946651279739779,-0.025229591876268387
1749225936.90902,11.946652926248115,-0.02523058094084263
1749225936.943243,11.946654575698107,-0.025231245905160904
1749225936.9766543,11.946656188562299,-0.02523094043135643
1749225937.0100594,11.94665805971127,-0.02523404359817505
1749225937.043488,11.946659635046343,-0.02523285523056984
1749225937.0768871,11.946660900918316,-0.025234343484044075
1749225937.1103878,11.946662398770933,-0.025235837325453758
1749225937.1439528,11.946664073802673,-0.025233060121536255
1749225937.1773572,11.946665808480416,-0.025235330685973167
1749225937.2112947,11.946667125707888,-0.025234779343008995
1749225937.2447019,11.94666868513971,-0.025237644091248512
1749225937.2781513,11.946670202665427,-0.025237226858735085
1749225937.311583,11.946671452361699,-0.025238778442144394
1749225937.3451126,11.946673456757754,-0.0252381619066
1749225937.3785322,11.94667519172639,-0.02523738518357277
1749225937.4119816,11.94667691718494,-0.02523881383240223
1749225937.4454095,11.94667784965533,-0.025238052010536194
1749225937.478841,11.94667984068794,-0.025241123512387276
1749225937.5122547,11.94668155044206,-0.025239432230591774
1749225937.5460484,11.946682944541632,-0.025242479518055916
1749225937.5794787,11.946684434919272,-0.02524263598024845
1749225937.6129718,11.946686555694532,-0.02523992769420147
1749225937.6467552,11.946688662882105,-0.02524341456592083
1749225937.680168,11.94668976803058,-0.025242013856768608
1749225937.713554,11.946691739207491,-0.025246234610676765
1749225937.7469704,11.946692686970039,-0.025244859978556633
1749225937.7804348,11.946694672996607,-0.025245826691389084
1749225937.8138583,11.946696169229316,-0.025246476754546165
1749225937.8472612,11.946697042942413,-0.025244079530239105
1749225937.8806608,11.94669889790883,-0.02524663135409355
1749225937.91459,11.946700368901613,-0.02524520829319954
1749225937.9479988,11.946702004094501,-0.025245776399970055
1749225937.9815211,11.946702980816564,-0.025248117744922638
1749225938.0149324,11.946704189210067,-0.025247318670153618
1749225938.0483844,11.94670624618843,-0.02524910680949688
1749225938.0821035,11.946707741330496,-0.025250233709812164
1749225938.1155188,11.946709054330743,-0.02524830587208271
1749225938.1500773,11.946710774797712,-0.025250529870390892
1749225938.1834903,11.946712233475182,-0.02524927258491516
1749225938.2169187,11.946713677672072,-0.025254150852560997
1749225938.2514646,11.946715151409913,-0.02525162138044834
1749225938.2849543,11.946717138699068,-0.025253482162952423
1749225938.3183572,11.946718173189478,-0.025254638865590096
1749225938.3518832,11.946719989912589,-0.025251006707549095
1749225938.3853931,11.946721295937353,-0.02525290846824646
1749225938.418849,11.946723467452967,-0.025252437219023705
1749225938.4522512,11.946725337263079,-0.025253837928175926
1749225938.485691,11.94672629686297,-0.0252548661082983
1749225938.5200553,11.94672813394696,-0.025255467742681503
1749225938.554741,11.94672914534172,-0.025257490575313568
1749225938.5882022,11.946730994900102,-0.025257658213377
1749225938.621822,11.946731562042089,-0.025257306173443794
1749225938.6558728,11.946733297207238,-0.02525581605732441
1749225938.6893158,11.94673539570428,-0.025256525725126266
1749225938.7226872,11.946736620570405,-0.025257859379053116
1749225938.7560937,11.946738367341277,-0.02525928243994713
1749225938.7895334,11.946739951343359,-0.025261200964450836
1749225938.8240511,11.946741425777903,-0.02526146173477173
1749225938.8574636,11.94674277356703,-0.02525808848440647
1749225938.8908925,11.946744500620209,-0.025260720402002335
1749225938.924361,11.9467455931371,-0.025260094553232193
1749225938.9577782,11.946747915605064,-0.025260573253035545
1749225938.9912012,11.946749141840696,-0.025262264534831047
1749225939.0247338,11.946751258752782,-0.025265071541070938
1749225939.0581396,11.946753045804122,-0.025264687836170197
1749225939.091589,11.94675433299578,-0.02526521496474743
1749225939.124942,11.946756190028106,-0.025262080132961273
1749225939.1583378,11.946757674531916,-0.025264078751206398
1749225939.1917617,11.946758747317523,-0.02526417002081871
1749225939.2252798,11.946759744778836,-0.025268414989113808
1749225939.2591627,11.946761628457393,-0.02526693046092987
1749225939.2925825,11.946762921096095,-0.02526727505028248
1749225939.3260243,11.946764376005202,-0.0252678245306015
1749225939.3594358,11.946765600859674,-0.025266695767641068
1749225939.3928392,11.946766944053657,-0.025268081575632095
1749225939.4265444,11.94676850874276,-0.025267183780670166
1749225939.4599605,11.946770284557523,-0.02526991255581379
1749225939.4933653,11.94677135734347,-0.02526853419840336
1749225939.5267844,11.946772646378408,-0.02527213841676712
1749225939.5601838,11.946773726168642,-0.025272414088249207
1749225939.5936615,11.946775904263347,-0.025271471589803696
1749225939.6271093,11.946777133697168,-0.025269730016589165
1749225939.660519,11.946778644881135,-0.025270972400903702
1749225939.6939251,11.946779360206913,-0.02527237869799137
1749225939.7275198,11.94678087492012,-0.025273550301790237
1749225939.7609444,11.946781434822025,-0.0252738855779171
1749225939.7944279,11.946783154673893,-0.02527516707777977
1749225939.8278875,11.946784837682412,-0.025275832042098045
1749225939.8614078,11.946786150698244,-0.0252729132771492
1749225939.8948066,11.946787640258997,-0.025275664404034615
1749225939.928193,11.946789317783576,-0.025273824110627174
1749225939.9622486,11.946790406227246,-0.025276169180870056
1749225939.9957159,11.94679186409512,-0.025276746600866318
1749225940.0291286,11.946792817407188,-0.025275547057390213
1749225940.0625558,11.946794259663335,-0.025278715416789055
1749225940.0963783,11.946795258537986,-0.025279201567173004
1749225940.1297882,11.946797119453828,-0.025278015062212944
1749225940.1631904,11.946799313127997,-0.02527952939271927
1749225940.1965961,11.946800648300986,-0.025278083980083466
1749225940.2300208,11.94680162853892,-0.025279566645622253
1749225940.263426,11.946802839298867,-0.025280481204390526
1749225940.297244,11.946804294209349,-0.025282664224505424
1749225940.330651,11.946805895671034,-0.025283200666308403
1749225940.3644223,11.946807145253945,-0.02527954988181591
1749225940.397828,11.94680863444909,-0.025282463058829308
1749225940.4312384,11.946810454919984,-0.025281323119997978
1749225940.4646745,11.946812457200165,-0.02528424561023712
1749225940.4980907,11.946814097976619,-0.025283195078372955
1749225940.5317311,11.946816494887752,-0.02528533712029457
1749225940.565137,11.94681787637683,-0.025286346673965454
1749225940.598703,11.946819079807051,-0.025283722206950188
1749225940.6321225,11.946820416673317,-0.025286028161644936
1749225940.6655338,11.946821646750074,-0.02528533898293972
1749225940.6994374,11.946823491702295,-0.02528589777648449
1749225940.7329743,11.946824993422583,-0.025288745760917664
1749225940.7664492,11.946826422005428,-0.025289831683039665
1749225940.7998667,11.946827861296496,-0.02528989687561989
1749225940.8332803,11.946829628308844,-0.025287121534347534
1749225940.8666937,11.94683100048721,-0.0252886563539505
1749225940.9001005,11.94683294755208,-0.025288550183176994
1749225940.9335008,11.946834806525146,-0.02528982423245907
1749225940.9669764,11.94683590289477,-0.025291569530963898
1749225941.000376,11.946838443698804,-0.0252934992313385
1749225941.034159,11.94683965137214,-0.025292783975601196
1749225941.0675774,11.946841357054094,-0.025293847545981407
1749225941.101019,11.946842564070614,-0.025290343910455704
1749225941.1344252,11.946843930737964,-0.02529381588101387
1749225941.1678975,11.946845309786813,-0.02529287338256836
1749225941.2014103,11.946846988446719,-0.025296742096543312
1749225941.2347798,11.946848650629567,-0.02529623731970787
1749225941.2683127,11.946850190183945,-0.0252965297549963
1749225941.3018105,11.946851902063225,-0.025295570492744446
1749225941.3352094,11.946853609162272,-0.02529505081474781
1749225941.3686125,11.9468555018592,-0.02529602125287056
1749225941.4025438,11.946856277139403,-0.02529597282409668
1749225941.4359832,11.946857410972148,-0.025296678766608238
1749225941.469398,11.946858637565526,-0.02529751881957054
1749225941.5028758,11.94686095388249,-0.025301186367869377
1749225941.536342,11.946862290085132,-0.02530069462954998
1749225941.569741,11.946863713234126,-0.02530103176832199
1749225941.6031396,11.94686548687125,-0.02529815584421158
1749225941.636565,11.946866746889127,-0.02530030906200409
1749225941.670007,11.946867765384454,-0.025300174951553345
1749225941.7034113,11.946869045237191,-0.02530166506767273
1749225941.736845,11.946871542741894,-0.025304125621914864
1749225941.7702303,11.946872396283695,-0.025303781032562256
1749225941.803728,11.94687429796374,-0.025301652029156685
1749225941.8371272,11.946876219043201,-0.025303790345788002
1749225941.8705268,11.946877272691419,-0.02530299499630928
1749225941.9038987,11.946879730707227,-0.0253058522939682
1749225941.9373076,11.946881403340093,-0.025304917246103287
1749225941.970683,11.94688290268214,-0.025308048352599144
1749225942.004082,11.946883643650454,-0.025308215990662575
1749225942.0374799,11.946886449123882,-0.025305287912487984
1749225942.0710864,11.946887871196155,-0.02530769631266594
1749225942.1045208,11.946889412107087,-0.025307130068540573
1749225942.1379225,11.946890564801473,-0.02530835010111332
1749225942.1713295,11.946892140957392,-0.025309663265943527
1749225942.204732,11.946893718922075,-0.0253121480345726
1749225942.2383232,11.946895091020362,-0.025311369448900223
1749225942.2718735,11.946896454887337,-0.02530912309885025
1749225942.3052695,11.946897934453963,-0.025310635566711426
1749225942.3387222,11.946899669939825,-0.02531074360013008
1749225942.3721232,11.946901388445573,-0.025311104953289032
1749225942.4055614,11.946902968744855,-0.025312859565019608
1749225942.4389699,11.946904595456312,-0.025315919890999794
1749225942.4724326,11.946906422825943,-0.02531384490430355
1749225942.5058413,11.946908287296033,-0.02531486377120018
1749225942.5394206,11.9469095310943,-0.02531254291534424
1749225942.5728261,11.946910993290938,-0.02531564235687256
1749225942.6062386,11.946912784693493,-0.025314196944236755
1749225942.6396618,11.946914390309052,-0.025318462401628494
1749225942.6731474,11.9469161077829,-0.025318637490272522
1749225942.7065544,11.946918122078541,-0.025319412350654602
1749225942.7427607,11.946919369549132,-0.025315571576356888
1749225942.7762308,11.94692058378019,-0.025316663086414337
1749225942.8098485,11.946921618386646,-0.02531825378537178
1749225942.8432949,11.94692330421926,-0.025317974388599396
1749225942.8767521,11.946925421639559,-0.025320449844002724
1749225942.9101446,11.946926919473032,-0.02532138116657734
1749225942.9435742,11.946929086952967,-0.025321705266833305
1749225942.9769874,11.94693040514417,-0.02532218210399151
1749225943.0103984,11.946931813507723,-0.02531898394227028
1749225943.0438762,11.946933274386355,-0.02532143145799637
1749225943.0772736,11.94693504008903,-0.025321802124381065
1749225943.1107123,11.946936420503267,-0.025326114147901535
1749225943.1441183,11.946938036068978,-0.025323813781142235
1749225943.1775153,11.946939517242452,-0.025325004011392593
1749225943.2108948,11.94694097814451,-0.025324460119009018
1749225943.244348,11.946942713738462,-0.025323668494820595
1749225943.2777784,11.94694410404506,-0.025324774906039238
1749225943.3113532,11.946945980912451,-0.025324834510684013
1749225943.344792,11.946947508829668,-0.025327682495117188
1749225943.378201,11.94694938186332,-0.025327693670988083
1749225943.4115999,11.946950667756521,-0.025327784940600395
1749225943.4450643,11.94695252765059,-0.025329334661364555
1749225943.478519,11.946953952783094,-0.025327056646347046
1749225943.511913,11.946954937846064,-0.025330087170004845
1749225943.5459044,11.946956679195353,-0.025328921154141426
1749225943.5792878,11.946958073083207,-0.025332005694508553
1749225943.612754,11.946959562695142,-0.02533164992928505
1749225943.646158,11.946960810326818,-0.025332089513540268
1749225943.6796594,11.946962681129234,-0.025333212688565254
1749225943.7130678,11.946964099948259,-0.02533094771206379
1749225943.7464814,11.946966337379848,-0.025332964956760406
1749225943.7799258,11.946967851775065,-0.025332028046250343
1749225943.813375,11.946968597339124,-0.025334598496556282
1749225943.8469353,11.946970560311504,-0.025333663448691368
1749225943.880337,11.94697233305232,-0.025335777550935745
1749225943.9137282,11.946974241718715,-0.025336526334285736
1749225943.9471443,11.946975548418541,-0.025335703045129776
1749225943.9805481,11.946977594673124,-0.025335583835840225
1749225944.0139754,11.946979094009517,-0.0253361277282238
1749225944.0473757,11.946981179519895,-0.025338323786854744
1749225944.0849192,11.946982667116146,-0.025338076055049896
1749225944.118517,11.946984005443952,-0.025339888408780098
1749225944.1519332,11.946985012606644,-0.02534083090722561
1749225944.1869576,11.94698644987512,-0.025337930768728256
1749225944.2203615,11.946987213768871,-0.025339212268590927
1749225944.253774,11.946989608957349,-0.025339400395751
1749225944.287133,11.946991498968785,-0.025342149659991264
1749225944.3205366,11.946993892598293,-0.02534075826406479
1749225944.3542302,11.946995173120067,-0.02534436248242855
1749225944.3876603,11.94699656632296,-0.025344176217913628
1749225944.4210627,11.946998526326205,-0.025343697518110275
1749225944.4544692,11.946999492307075,-0.025340598076581955
1749225944.4878793,11.947000849613795,-0.025344057008624077
1749225944.522608,11.947002284326693,-0.02534460462629795
1749225944.556149,11.947003521547671,-0.025345953181385994
1749225944.5895529,11.947005228691916,-0.025348259136080742
1749225944.6229558,11.947006779993638,-0.025347663089632988
1749225944.656366,11.947008364267077,-0.02534523233771324
1749225944.6897664,11.947009833436802,-0.02534670941531658
1749225944.7232351,11.947011535613633,-0.025346046313643456
1749225944.7566361,11.947013666032124,-0.025348443537950516
1749225944.7900393,11.947015155530401,-0.025348501279950142
1749225944.826591,11.94701669797565,-0.025350939482450485
1749225944.8600516,11.947018242036663,-0.025351231917738914
1749225944.893474,11.947020811971406,-0.025350531563162804
1749225944.9268796,11.947022909400692,-0.02534940093755722
1749225944.9604607,11.947023969044196,-0.0253509059548378
1749225944.9938695,11.94702561400545,-0.025351086631417274
1749225945.0273373,11.94702685546279,-0.02535465732216835
1749225945.0607479,11.947028430309325,-0.025354748591780663
1749225945.0941532,11.94703025205726,-0.025354018434882164
1749225945.1276574,11.947031512007088,-0.025352299213409424
1749225945.1610656,11.94703272223658,-0.025352774187922478
1749225945.194567,11.947033957878308,-0.025354968383908272
1749225945.227956,11.94703595760786,-0.02535347267985344
1749225945.261856,11.947037441918118,-0.025356454774737358
1749225945.2955217,11.947039593282465,-0.025355655699968338
1749225945.3289974,11.947041208372491,-0.025357561185956
1749225945.3624048,11.94704231293942,-0.025358382612466812
1749225945.3958552,11.947043528570779,-0.025358524173498154
1749225945.429419,11.94704507965658,-0.02535509318113327
1749225945.4627898,11.947046817314309,-0.025358645245432854
1749225945.4964962,11.947047607885905,-0.02535746619105339
1749225945.5299041,11.947049134122855,-0.025360440835356712
1749225945.5633292,11.947049799980437,-0.025359656661748886
1749225945.5969055,11.947051635710723,-0.025362053886055946
1749225945.6306937,11.94705303660201,-0.02536211907863617
1749225945.664104,11.947054371312827,-0.025359343737363815
1749225945.6975045,11.947056127211198,-0.02536231465637684
1749225945.7309644,11.947057976951571,-0.025361066684126854
1749225945.7654126,11.947059623644844,-0.025362173095345497
1749225945.8028347,11.947061207623301,-0.025363203138113022
1749225945.8363173,11.947062580133599,-0.025365721434354782
1749225945.8697603,11.947063353327971,-0.025363896042108536
1749225945.9031687,11.947065683247352,-0.02536582387983799
1749225945.936579,11.947067181243975,-0.02536415308713913
1749225945.970001,11.947069053299517,-0.025364983826875687
1749225946.003446,11.947070503915198,-0.025366194546222687
1749225946.036857,11.947071994918561,-0.02536775916814804
1749225946.07026,11.947074183499181,-0.02536819875240326
1749225946.1037996,11.947075610626088,-0.02536923624575138
1749225946.1372633,11.947077255410298,-0.02536705695092678
1749225946.1706936,11.947078903418408,-0.025369055569171906
1749225946.2040925,11.947080570829884,-0.025368429720401764
1749225946.2375038,11.947082157429247,-0.025368908420205116
1749225946.2708938,11.947082644291235,-0.025370599702000618
1749225946.304304,11.947084817422251,-0.02537011355161667
1749225946.3377078,11.947086240504289,-0.02537178248167038
1749225946.371121,11.947087884558053,-0.025372929871082306
1749225946.4045222,11.947089446326927,-0.025371812283992767
1749225946.4379742,11.947091396544511,-0.025371694937348366
1749225946.471388,11.947092212867446,-0.02537241391837597
1749225946.5048108,11.947094631519365,-0.025374723598361015
1749225946.5384905,11.947095883296669,-0.025374185293912888
1749225946.5718937,11.947096697465524,-0.02537659928202629
1749225946.6065588,11.947098241304383,-0.025376690551638603
1749225946.63998,11.947099507813936,-0.025374040007591248
1749225946.6734235,11.947101423266002,-0.02537502907216549
1749225946.706855,11.94710356119698,-0.02537550963461399
1749225946.740295,11.947104975124137,-0.02537606470286846
1749225946.7775385,11.947107209643917,-0.025376996025443077
1749225946.8111231,11.947109375825852,-0.025379102677106857
1749225946.8445294,11.947110761519525,-0.025380009785294533
1749225946.877943,11.947112809698309,-0.025377508252859116
1749225946.9114943,11.94711446367689,-0.02537991665303707
1749225946.9449189,11.947115955000003,-0.025379350408911705
1749225946.978323,11.947117593814513,-0.02538255974650383
1749225947.0118096,11.94711893829002,-0.025381674990057945
1749225947.0452185,11.947120146372429,-0.02538350038230419
1749225947.078639,11.947121072856781,-0.025383591651916504
1749225947.1121116,11.947122862899272,-0.025381341576576233
1749225947.1467395,11.947124644276416,-0.025382855907082558
1749225947.1806047,11.947125664185032,-0.02538326196372509
1749225947.214134,11.947127629393696,-0.0253827515989542
1749225947.2475379,11.947128869420965,-0.02538548968732357
1749225947.2809527,11.947130083307162,-0.025384977459907532
1749225947.3143206,11.94713200249094,-0.025386925786733627
1749225947.3477683,11.947134192025489,-0.025387374684214592
1749225947.383212,11.947135531035768,-0.025386640802025795
1749225947.4166489,11.947137057349515,-0.025387605652213097
1749225947.450116,11.947138683855012,-0.02538687363266945
1749225947.4835384,11.94714001672826,-0.025390680879354477
1749225947.5169485,11.947141465800138,-0.02538944035768509
1749225947.5503922,11.947142733518072,-0.025389937683939934
1749225947.583798,11.947144458761318,-0.025390660390257835
1749225947.617212,11.947145761767155,-0.025388525798916817
1749225947.6506288,11.947147060848108,-0.025391077622771263
1749225947.6840808,11.947148856139087,-0.02538980357348919
1749225947.7174807,11.947150340387699,-0.025392578914761543
1749225947.7510371,11.947151493626885,-0.025391438975930214
1749225947.7844505,11.947153747643766,-0.0253947414457798
1749225947.818527,11.947155060099815,-0.025394883006811142
1749225947.8519685,11.947156273443323,-0.02539508044719696
1749225947.8855,11.947157704454877,-0.02539205737411976
1749225947.9189095,11.947159808595103,-0.025393471121788025
1749225947.9523623,11.947161267617501,-0.02539641037583351
1749225947.985804,11.947162306134876,-0.025395765900611877
1749225948.0192156,11.947164150004353,-0.02539816126227379
1749225948.0526187,11.947165724874296,-0.025399085134267807
1749225948.0860314,11.94716766346909,-0.025395726785063744
1749225948.1194348,11.947168931582876,-0.02539842389523983
1749225948.152884,11.947170511834663,-0.025396881625056267
1749225948.186319,11.947171310576687,-0.025397052988409996
1749225948.2196841,11.94717351949429,-0.02539931610226631
1749225948.253084,11.947174851679849,-0.025402434170246124
1749225948.2864883,11.947176784400998,-0.025401422753930092
1749225948.3199506,11.947178316341976,-0.02540232241153717
1749225948.353358,11.947179934546142,-0.025399060919880867
1749225948.386786,11.947180821782384,-0.025402147322893143
1749225948.4201825,11.947182242999316,-0.02540113963186741
1749225948.4536335,11.947183831175227,-0.025404224172234535
1749225948.487037,11.94718529433517,-0.025403868407011032
1749225948.5204504,11.947186284940413,-0.02540450543165207
1749225948.5538595,11.947187901389658,-0.025405343621969223
1749225948.5873044,11.947189256780117,-0.02540232613682747
1749225948.6206927,11.947190339959022,-0.025403110310435295
1749225948.6541655,11.947191562797068,-0.025405345484614372
1749225948.6881778,11.947192197937952,-0.025404244661331177
1749225948.7218363,11.947193977735521,-0.025404885411262512
1749225948.7554777,11.947195438186471,-0.02540675178170204
1749225948.788931,11.947197213732744,-0.025407563894987106
1749225948.8223288,11.947198612501191,-0.025407830253243446
1749225948.8558278,11.94720020619439,-0.025409115478396416
1749225948.8902905,11.947201161255341,-0.02540792152285576
1749225948.9269602,11.947203126575955,-0.025407802313566208
1749225948.9603713,11.947204383003436,-0.025408372282981873
1749225948.993773,11.947206209333995,-0.025410832837224007
1749225949.0272057,11.94720715020867,-0.025412172079086304
1749225949.0606406,11.947208650244638,-0.025412656366825104
1749225949.0940473,11.947209420625075,-0.02541193924844265
1749225949.1274621,11.947210687315234,-0.02541232481598854
1749225949.160879,11.947211942976228,-0.02540990151464939
1749225949.1943307,11.947213603465737,-0.02541252411901951
1749225949.2277648,11.947214723316844,-0.025411684066057205
1749225949.261236,11.94721638192381,-0.025412172079086304
1749225949.2946606,11.94721839755041,-0.025413580238819122
1749225949.3280811,11.947219941195316,-0.025416292250156403
1749225949.361581,11.947221274828252,-0.025415606796741486
1749225949.3949897,11.947222389206757,-0.025415996089577675
1749225949.4283895,11.947223969360383,-0.025413617491722107
1749225949.461795,11.947225617142102,-0.025416024029254913
1749225949.4958458,11.947226332350501,-0.025415759533643723
1749225949.5294702,11.947228067650062,-0.025416677817702293
1749225949.5629086,11.947229519508545,-0.02541799284517765
1749225949.5963607,11.947230524242295,-0.02541898936033249
1749225949.6297581,11.94723176794425,-0.025419212877750397
1749225949.6631975,11.947233330827268,-0.025417450815439224
1749225949.6965942,11.947235366116164,-0.0254189632833004
1749225949.7299995,11.947236365797933,-0.025419216603040695
1749225949.7635674,11.947236689543885,-0.025418689474463463
1749225949.7970035,11.947238654335093,-0.025420257821679115
1749225949.8311224,11.947239780203882,-0.02542119286954403
1749225949.8645372,11.947240798932734,-0.025422008708119392
1749225949.8979456,11.947243261259516,-0.02542315609753132
1749225949.9315615,11.947244920379864,-0.025423642247915268
1749225949.9650164,11.947246967947313,-0.02542087249457836
1749225949.9988334,11.947249323001074,-0.02542353980243206
1749225950.0322633,11.947251069519307,-0.025423303246498108
1749225950.0656629,11.947252172180672,-0.025426574051380157
1749225950.0990777,11.94725440242787,-0.02542710490524769
1749225950.132712,11.947255553635523,-0.025426235049962997
1749225950.1661186,11.947257141465396,-0.025423897430300713
1749225950.1996293,11.947258502548149,-0.02542690373957157
1749225950.23308,11.947260067574407,-0.025426600128412247
1749225950.2666621,11.947261803303817,-0.025426311418414116
1749225950.3001199,11.947263274152698,-0.02542867138981819
1749225950.3336625,11.947264549178133,-0.02542787231504917
1749225950.3671198,11.947266449310723,-0.025429775938391685
1749225950.4006264,11.947267978777763,-0.025430837646126747
1749225950.4340699,11.947268712733283,-0.025428859516978264
1749225950.467499,11.94727006411386,-0.0254296213388443
1749225950.5011053,11.947271557797079,-0.025429578498005867
1749225950.5345147,11.947273255283573,-0.025432497262954712
1749225950.5678892,11.94727484571264,-0.02543187327682972
1749225950.6018906,11.94727665768299,-0.02543405070900917
1749225950.635357,11.947277571795743,-0.025433145463466644
1749225950.6687708,11.947280499428963,-0.025431931018829346
1749225950.7021904,11.947281301405832,-0.025433797389268875
1749225950.7356172,11.947283122637597,-0.02543298900127411
1749225950.7690535,11.947285139903375,-0.02543584443628788
1749225950.8024988,11.947286763781806,-0.02543470822274685
1749225950.835908,11.947288284504257,-0.025438029319047928
1749225950.8693488,11.947289623679788,-0.025438208132982254
1749225950.9027946,11.947290925634826,-0.025437677279114723
1749225950.9363184,11.947292164385978,-0.025436272844672203
1749225950.9707108,11.947294143127767,-0.025437068194150925
1749225951.004118,11.947295507814912,-0.025440819561481476
1749225951.0375307,11.947296139367248,-0.025439834222197533
1749225951.070955,11.94729767321382,-0.02544175088405609
1749225951.104365,11.94729892727528,-0.025440853089094162
1749225951.1377647,11.947299998868239,-0.025441450998187065
1749225951.1711843,11.94730213686759,-0.025439215824007988
1749225951.2047596,11.947304065231418,-0.025440644472837448
1749225951.2382016,11.947305316871454,-0.02544112130999565
1749225951.2716148,11.947306764217087,-0.025442857295274734
1749225951.3050256,11.947308216175637,-0.0254436694085598
1749225951.3384328,11.947309605957216,-0.02544393762946129
1749225951.3718772,11.94731150724229,-0.02544522099196911
1749225951.4091656,11.947313113492912,-0.025441624224185944
1749225951.4425693,11.947315361319712,-0.025444628670811653
1749225951.4759672,11.947316943743436,-0.02544664777815342
1749225951.50937,11.947318731084705,-0.025446102023124695
1749225951.542793,11.947320512682115,-0.025448046624660492
1749225951.5761971,11.947321870288452,-0.025448372587561607
1749225951.6096504,11.947323548048896,-0.025445988401770592
1749225951.643072,11.947325140857762,-0.025448240339756012
1749225951.6764789,11.947326686928193,-0.025447729974985123
1749225951.710794,11.947328256087163,-0.025450680404901505
1749225951.7442017,11.94732992066335,-0.025449208915233612
1749225951.7776177,11.94733165113736,-0.02545131742954254
1749225951.810976,11.94733264475366,-0.025451838970184326
1749225951.8443778,11.947334301926857,-0.025449756532907486
1749225951.877781,11.947336724215521,-0.025452380999922752
1749225951.911146,11.947337981520946,-0.02545147016644478
1749225951.9445436,11.947340002885058,-0.025454098358750343
1749225951.9779632,11.947341571393185,-0.02545638009905815
1749225952.0116305,11.947343389129685,-0.025455987080931664
1749225952.0450473,11.947344874805665,-0.025453556329011917
1749225952.0784616,11.947346559544782,-0.025455070659518242
1749225952.1122038,11.947348062440234,-0.025455176830291748
1749225952.1456141,11.947349607584977,-0.025456715375185013
1749225952.178998,11.947351584581067,-0.025456823408603668
1749225952.2124,11.947352888625453,-0.02546035312116146
1749225952.245799,11.94735459284298,-0.02545974776148796
1749225952.279198,11.947357439581273,-0.0254585612565279
1749225952.312598,11.947359060614867,-0.025460075587034225
1749225952.3465662,11.947360941080294,-0.025458630174398422
1749225952.379965,11.947362451311685,-0.025462893769145012
1749225952.4133818,11.947363868344285,-0.025461653247475624
1749225952.4468787,11.947365101264003,-0.02546248584985733
1749225952.4802842,11.947366852127413,-0.025463201105594635
1749225952.513725,11.947368509607088,-0.02546044997870922
1749225952.5471532,11.947370467972966,-0.025462821125984192
1749225952.5844142,11.947372443861566,-0.02546241693198681
1749225952.6178637,11.947374483374963,-0.025464776903390884
1749225952.6512814,11.947375439244714,-0.025463739410042763
1749225952.6847801,11.947376646933261,-0.025467123836278915
1749225952.7181854,11.947378216283244,-0.025467095896601677
1749225952.751592,11.947379743746342,-0.025467103347182274
1749225952.7849998,11.947381569084845,-0.025465864688158035
1749225952.8184235,11.947382542435557,-0.025466006249189377
1749225952.8517773,11.947384619100271,-0.025468623265624046
1749225952.8851955,11.94738719446663,-0.02546950802206993
1749225952.9187546,11.947388497770836,-0.025470156222581863
1749225952.9522004,11.947390317346956,-0.025469250977039337
1749225952.9856675,11.947391626697465,-0.02546784281730652
1749225953.0190902,11.947393365830234,-0.025469759479165077
1749225953.0524948,11.947394923706591,-0.025469372048974037
1749225953.0859008,11.947397322037965,-0.0254721250385046
1749225953.119308,11.94739930113382,-0.0254721250385046
1749225953.1527712,11.947401356194435,-0.02547323703765869
1749225953.1861823,11.947402909452066,-0.025474390015006065
1749225953.2195845,11.94740372770385,-0.025471601635217667
1749225953.2529852,11.947404942849545,-0.02547435835003853
1749225953.2864788,11.947407042507809,-0.02547384984791279
1749225953.319893,11.947408347257069,-0.02547728456556797
1749225953.3533437,11.947410016119528,-0.025476684793829918
1749225953.3868446,11.947411650500102,-0.025478117167949677
1749225953.4203649,11.947413837445737,-0.02547474205493927
1749225953.4537761,11.94741582144546,-0.025477210059762
1749225953.4871871,11.94741779628317,-0.02547651343047619
1749225953.5205936,11.947419240384454,-0.02547837793827057
1749225953.5547009,11.947420706809575,-0.025477927178144455
1749225953.5881429,11.947421812895556,-0.025481726974248886
1749225953.6217806,11.947423632840236,-0.02548123523592949
1749225953.6551824,11.947424840949864,-0.025481868535280228
1749225953.6885922,11.947426334008487,-0.025478865951299667
1749225953.7234561,11.947427798360062,-0.025480732321739197
1749225953.7571535,11.947428663459457,-0.025480715557932854
1749225953.790559,11.947430178282499,-0.025484599173069
1749225953.8239841,11.94743222714988,-0.02548486739397049
1749225953.8586943,11.947433687547777,-0.02548469603061676
1749225953.8921309,11.947434942245104,-0.025482360273599625
1749225953.925568,11.947436276449967,-0.025483347475528717
1749225953.9589815,11.947437769757501,-0.02548401430249214
1749225953.9924014,11.94743958796363,-0.025483835488557816
1749225954.0261834,11.947440338243332,-0.02548667974770069
1749225954.061876,11.947442271934028,-0.025485621765255928
1749225954.0954704,11.947444732759795,-0.025487657636404037
1749225954.1300724,11.947446206065054,-0.02548888511955738
1749225954.1635003,11.947447967475707,-0.025485025718808174
1749225954.1969078,11.947449437069249,-0.025488629937171936
1749225954.230309,11.9474504553152,-0.025488510727882385
1749225954.263714,11.947453108991258,-0.025490202009677887
1749225954.2971244,11.947454433710822,-0.025492684915661812
1749225954.3306994,11.94745580569117,-0.025491908192634583
1749225954.36409,11.947457269537484,-0.02548927068710327
1749225954.397603,11.947458751295093,-0.025492224842309952
1749225954.4310079,11.94746095885162,-0.025490473955869675
1749225954.46451,11.94746228819874,-0.025492871180176735
1749225954.4979181,11.947463909071281,-0.025492936372756958
1749225954.5313172,11.947465025985114,-0.02549407072365284
1749225954.5647647,11.947467018831139,-0.02549438178539276
1749225954.5981817,11.947468986880518,-0.025496013462543488
1749225954.631697,11.947470180919353,-0.02549269236624241
1749225954.6651788,11.947472333449166,-0.02549617923796177
1749225954.6986458,11.947473347252465,-0.025495221838355064
1749225954.7322261,11.947474809331359,-0.02549625188112259
1749225954.7657743,11.947475649899816,-0.02549905888736248
1749225954.7991776,11.947477841351073,-0.025499314069747925
1749225954.8325698,11.947479663578447,-0.025499850511550903
1749225954.8660305,11.947480870317682,-0.02549610659480095
1749225954.8996403,11.947482221513406,-0.025499112904071808
1749225954.933017,11.947483860001025,-0.025498151779174805
1749225954.9664223,11.947486099902067,-0.025498537346720695
1749225954.999826,11.947487982366079,-0.025500565767288208
1749225955.0343964,11.947489581813027,-0.025502637028694153
1749225955.067822,11.947491349021345,-0.025501927360892296
1749225955.1012478,11.947493189839301,-0.02550288662314415
1749225955.1346714,11.94749437222288,-0.025500373914837837
1749225955.168159,11.947496116646322,-0.02550337463617325
1749225955.2016191,11.947497931972556,-0.02550254389643669
1749225955.2350566,11.947498979370792,-0.025505393743515015
1749225955.2685578,11.947501335685672,-0.025506477802991867
1749225955.301958,11.947502587925127,-0.02550654485821724
1749225955.3353806,11.94750419973849,-0.025503767654299736
1749225955.3688471,11.94750559729509,-0.02550566755235195
1749225955.4027414,11.947506999457653,-0.02550586313009262
1749225955.436169,11.947508502764064,-0.02550547383725643
1749225955.4695828,11.947509236865157,-0.02550690993666649
1749225955.5029902,11.947511157347805,-0.02550763078033924
1749225955.538479,11.947512462600649,-0.02550913766026497
1749225955.5721443,11.947513772323632,-0.02550860308110714
1749225955.6056108,11.947515501403819,-0.02551049366593361
1749225955.6396048,11.947516862669469,-0.025507377460598946
1749225955.6730123,11.947518248624698,-0.025510473176836967
1749225955.7068355,11.947519745839369,-0.02550951950252056
1749225955.7402365,11.947521369010792,-0.025513388216495514
1749225955.7736633,11.947523019072445,-0.02551395818591118
1749225955.8107135,11.947524789677505,-0.02551422081887722
1749225955.8441787,11.94752633408644,-0.025511199608445168
1749225955.8775642,11.947527499586396,-0.025513213127851486
1749225955.9114153,11.94752923157648,-0.025512853637337685
1749225955.9448116,11.947530994431126,-0.02551332302391529
1749225955.9782338,11.947532250629537,-0.02551502361893654
1749225956.0116372,11.94753392309762,-0.025515878573060036
1749225956.0450485,11.947534942479601,-0.025516308844089508
1749225956.0785031,11.94753678148405,-0.02551737055182457
1749225956.111939,11.947538577475175,-0.02551383152604103
1749225956.1467116,11.947539667532935,-0.025517815724015236
1749225956.180166,11.947540912698269,-0.025516686961054802
1749225956.2135673,11.947543085513104,-0.025520700961351395
1749225956.2551577,11.94754453058858,-0.02551928535103798
1749225956.2888527,11.947545967396534,-0.025520790368318558
1749225956.3229587,11.947547189454014,-0.025518542155623436
1749225956.3563588,11.947549542032053,-0.02551945112645626
1749225956.3897634,11.947551022334904,-0.025519637390971184
1749225956.4231606,11.94755340936494,-0.025522783398628235
1749225956.456631,11.947555527457535,-0.02552128955721855
1749225956.490052,11.947557014748218,-0.025524893775582314
1749225956.5234587,11.947559191613355,-0.025524308905005455
1749225956.556868,11.94756110541322,-0.025521930307149887
1749225956.590268,11.947563131111139,-0.02552458830177784
1749225956.6236684,11.947564579751255,-0.025523677468299866
1749225956.657072,11.947566245756894,-0.025528067722916603
1749225956.690478,11.947567803239622,-0.02552730217576027
1749225956.7238848,11.94756880948774,-0.025527920573949814
1749225956.7574162,11.947569693110173,-0.02552809938788414
1749225956.7908275,11.947571419947089,-0.025525664910674095
1749225956.8267593,11.94757281183682,-0.025528419762849808
1749225956.8601713,11.947573811791889,-0.02552657574415207
1749225956.8947139,11.947575926041825,-0.02552897296845913
1749225956.9281256,11.947577389469885,-0.02552860602736473
1749225956.9615242,11.947579072992031,-0.0255314689129591
1749225956.9962993,11.947581009299032,-0.025531955063343048
1749225957.0297005,11.947582021178198,-0.02553241327404976
1749225957.0630758,11.947583968777076,-0.025529323145747185
1749225957.096511,11.947585788599438,-0.025531433522701263
1749225957.1299152,11.94758645283833,-0.025531429797410965
1749225957.1649075,11.947588762520498,-0.02553492784500122
1749225957.198327,11.947590029476167,-0.0255354605615139
1749225957.2330513,11.947591204693708,-0.025534693151712418
1749225957.2668223,11.947592771359764,-0.0255353432148695
1749225957.3015914,11.947594039080512,-0.02553294412791729
1749225957.336573,11.947594784493358,-0.025534894317388535
1749225957.3700213,11.947597112347506,-0.02553439699113369
1749225957.403428,11.947599248760332,-0.02553708851337433
1749225957.4369633,11.947600734593602,-0.025538738816976547
1749225957.47042,11.947602128281437,-0.025538086891174316
1749225957.5038254,11.947603925322685,-0.0255390964448452
1749225957.5372353,11.947605428165964,-0.025535479187965393
1749225957.5706491,11.947606768486514,-0.025538070127367973
1749225957.6040514,11.947608618479055,-0.02553853578865528
1749225957.637485,11.947610239867979,-0.02554275095462799
1749225957.670896,11.947611484528766,-0.02554018422961235
1749225957.7043335,11.94761376208212,-0.025541357696056366
1749225957.7377298,11.947615331562686,-0.025541774928569794
1749225957.771211,11.947616646496906,-0.02554061822593212
1749225957.8046472,11.947617607043304,-0.025542616844177246
1749225957.838067,11.947619180814744,-0.02554129809141159
1749225957.8714643,11.94762086351759,-0.02554415538907051
1749225957.904984,11.947622446970238,-0.025543732568621635
1749225957.9383976,11.947624194890766,-0.025546247139573097
1749225957.9718564,11.947625464637786,-0.02554544247686863
1749225958.0052555,11.947626989793966,-0.025546738877892494
1749225958.0386698,11.947627710436397,-0.02554309368133545
1749225958.0720692,11.947629758688068,-0.025546574965119362
1749225958.1055188,11.947631172960802,-0.025545813143253326
1749225958.1389945,11.947632729520187,-0.02554949000477791
1749225958.1725256,11.947634470377695,-0.02554929070174694
1749225958.2059295,11.947635856761645,-0.025549162179231644
1749225958.2393448,11.947637469972904,-0.025548316538333893
1749225958.272751,11.947639602012819,-0.025547796860337257
1749225958.306214,11.947641069069078,-0.025549128651618958
1749225958.339719,11.94764247410013,-0.025549430400133133
1749225958.3731215,11.947644539010446,-0.025551166385412216
1749225958.4065704,11.947646465676725,-0.02555198222398758
1749225958.4400208,11.947648500931157,-0.02555224671959877
1749225958.473468,11.947649800285333,-0.02555353008210659
1749225958.5068846,11.947651155247542,-0.025549933314323425
1749225958.5402884,11.94765316925299,-0.025552937760949135
1749225958.573699,11.947654898203666,-0.025553232058882713
1749225958.6071217,11.947656102333159,-0.025556545704603195
1749225958.6405203,11.947657384429691,-0.02555707097053528
1749225958.675086,11.947658905366444,-0.025556525215506554
1749225958.708484,11.947659667057248,-0.02555464394390583
1749225958.7418826,11.94766096439931,-0.025555843487381935
1749225958.775416,11.94766287157439,-0.02555621974170208
1749225958.808917,11.947663397481799,-0.025556039065122604
1749225958.8423257,11.947665422132888,-0.0255585964769125
1749225958.8757503,11.947667530396423,-0.02555788680911064
1749225958.909195,11.947669120742217,-0.025559313595294952
1749225958.9425943,11.947670379611885,-0.025560809299349785
1749225958.9760213,11.947672334333678,-0.02555803209543228
1749225959.0094256,11.947673726635895,-0.025560438632965088
1749225959.0428894,11.947675253842695,-0.02555987238883972
1749225959.076287,11.947675777057112,-0.02556116133928299
1749225959.109747,11.947677038035305,-0.02556244470179081
1749225959.1432045,11.94767824118586,-0.025564687326550484
1749225959.1766133,11.947680166764343,-0.02556411176919937
1749225959.2100458,11.94768185102162,-0.02556186355650425
1749225959.243521,11.947683637560724,-0.025563377887010574
1749225959.276937,11.947685473284473,-0.025562768802046776
1749225959.3103445,11.947687015549457,-0.025565072894096375
1749225959.3437438,11.947688272741289,-0.025565130636096
1749225959.3771627,11.947690025315039,-0.025567568838596344
1749225959.41062,11.947692347248246,-0.025568097829818726
1749225959.4440656,11.947694355092699,-0.025566868484020233
1749225959.4775524,11.947695385679651,-0.025566812604665756
1749225959.5109556,11.947697343229425,-0.025567391887307167
1749225959.5443542,11.947698840421225,-0.025568455457687378
1749225959.578057,11.947699443304511,-0.025570986792445183
1749225959.6114564,11.947701155876823,-0.025571376085281372
1749225959.644861,11.947702723840644,-0.0255721528083086
1749225959.6784046,11.947703973671166,-0.025568928569555283
1749225959.7147171,11.94770554137947,-0.025569722056388855
1749225959.7481172,11.94770684279958,-0.025571128353476524
1749225959.7815244,11.947708831478892,-0.025570722296833992
1749225959.8148944,11.947710720443688,-0.02557268552482128
1749225959.848292,11.947712788235526,-0.02557462267577648
1749225959.881697,11.947714291856917,-0.025574129074811935
1749225959.915188,11.947715752783699,-0.02557491883635521
1749225959.948634,11.9477173019367,-0.025571579113602638
1749225959.9841166,11.947718550773946,-0.02557417005300522
1749225960.0175686,11.947720012042728,-0.025573989376425743
1749225960.0510206,11.947720916769448,-0.02557474747300148
1749225960.084432,11.947722416641332,-0.025577746331691742
1749225960.1178489,11.947724267032367,-0.025578679516911507
1749225960.1512508,11.947726652302487,-0.02557934820652008
1749225960.186738,11.947727425028779,-0.025576042011380196
1749225960.221356,11.947729153344673,-0.025578942149877548
1749225960.2547894,11.947730743687211,-0.025577398017048836
1749225960.2882695,11.947732081564217,-0.025578798726201057
1749225960.3218687,11.947733812596418,-0.02557983249425888
1749225960.3553207,11.947735869165248,-0.0255824513733387
1749225960.388723,11.947737219606077,-0.02558276057243347
1749225960.422118,11.94773858086352,-0.02558269537985325
1749225960.4555273,11.94773953508347,-0.025579579174518585
1749225960.4889326,11.947741626165968,-0.025582674890756607
1749225960.5267377,11.947743220590628,-0.02558191306889057
1749225960.5601337,11.947745114114639,-0.02558358944952488
1749225960.5935442,11.947747276910514,-0.02558634616434574
1749225960.6270916,11.947748756978378,-0.02558642067015171
1749225960.6605,11.947749692382448,-0.02558284066617489
1749225960.6939254,11.947751617613308,-0.025583842769265175
1749225960.727303,11.947753637315065,-0.025585340335965157
1749225960.7606685,11.947754666257524,-0.02558467909693718
1749225960.7940698,11.947756242496856,-0.02558726631104946
1749225960.8274863,11.947757905413114,-0.025586409494280815
1749225960.8608932,11.947759522018393,-0.02558840624988079
1749225960.894302,11.947761106635552,-0.02558925934135914
1749225960.9277565,11.947762435295589,-0.025588437914848328
1749225960.9611812,11.947764385615418,-0.025588316842913628
1749225960.9945881,11.947765664541993,-0.02558888867497444
1749225961.0279956,11.947767868150216,-0.025591056793928146
1749225961.0614083,11.947769183393131,-0.025590509176254272
1749225961.0947926,11.947771198947196,-0.0255926214158535
1749225961.1282046,11.947772770200384,-0.02559356391429901
1749225961.1616185,11.947774005977685,-0.02559049427509308
1749225961.1950343,11.947775987911392,-0.025592634454369545
1749225961.2284553,11.94777761273648,-0.025592012330889702
1749225961.2618732,11.947779634313871,-0.025594696402549744
1749225961.2952812,11.947781307101955,-0.02559375949203968
1749225961.3287945,11.947782605311772,-0.025597093626856804
1749225961.3622015,11.947783076986425,-0.02559736929833889
1749225961.3956764,11.94778638694592,-0.02559642866253853
1749225961.4290917,11.9477877742259,-0.025595098733901978
1749225961.4625034,11.947788574281573,-0.02559678815305233
1749225961.4958754,11.947790038942937,-0.025595877319574356
1749225961.5292737,11.947791454201221,-0.02560042403638363
1749225961.562685,11.947793255024914,-0.02559950388967991
1749225961.5961034,11.947794030445154,-0.025599690154194832
1749225961.629668,11.94779530547131,-0.025597840547561646
1749225961.6630766,11.947796870352956,-0.02559947595000267
1749225961.6964755,11.947798276614995,-0.025599729269742966
1749225961.729911,11.94780036332328,-0.025599369779229164
1749225961.7632954,11.947802002020103,-0.025602249428629875
1749225961.7966685,11.94780371273009,-0.025602350011467934
1749225961.8302896,11.947805972924877,-0.025602685287594795
1749225961.86369,11.947807871422892,-0.025603992864489555
1749225961.8979797,11.947809600129808,-0.025601522997021675
1749225961.9313881,11.947811450768702,-0.02560407668352127
1749225961.964794,11.94781302752181,-0.02560303546488285
1749225961.998208,11.947814773017296,-0.02560712769627571
1749225962.0316076,11.94781549210851,-0.025607610121369362
1749225962.065023,11.947817771989076,-0.02560674585402012
1749225962.0984683,11.947819024901582,-0.025604408234357834
1749225962.131928,11.947821191961017,-0.025607414543628693
1749225962.1653433,11.947823027560327,-0.025606272742152214
1749225962.198701,11.947825746467839,-0.025609195232391357
1749225962.232232,11.947827399374273,-0.02560814470052719
1749225962.2657728,11.94782911242712,-0.025611359626054764
1749225962.2991846,11.947831253231213,-0.02561129629611969
1749225962.332637,11.947832617007526,-0.025609370321035385
1749225962.366781,11.9478340584661,-0.025610268115997314
1749225962.400194,11.947835039447886,-0.025610191747546196
1749225962.4335806,11.947836773447941,-0.025613026693463326
1749225962.466981,11.947838068802804,-0.02561265043914318
1749225962.5006766,11.947840356855528,-0.02561454474925995
1749225962.534084,11.947842264458503,-0.02561570145189762
1749225962.5674946,11.947843501809619,-0.025612343102693558
1749225962.600989,11.947844315459088,-0.025613602250814438
1749225962.6346462,11.947845901054377,-0.025613747537136078
1749225962.668049,11.947847377581077,-0.025614023208618164
1749225962.7014627,11.947848612190072,-0.025616517290472984
1749225962.734908,11.947849817036824,-0.02561846561729908
1749225962.7685099,11.94785216719158,-0.025617729872465134
1749225962.8019705,11.947853522150185,-0.025618793442845345
1749225962.8354309,11.94785520655391,-0.02561529166996479
1749225962.8688443,11.947856514325128,-0.025618772953748703
1749225962.9022436,11.947857845797829,-0.025617819279432297
1749225962.9384856,11.947858839044693,-0.0256213266402483
1749225962.9723098,11.947860524336175,-0.025620482861995697
1749225963.0057726,11.94786222534576,-0.025621244683861732
1749225963.0391726,11.947863260526539,-0.025622162967920303
1749225963.072776,11.947864278116286,-0.025618847459554672
1749225963.1061895,11.947866693805718,-0.025621799752116203
1749225963.1396532,11.947867713247287,-0.025620659813284874
1749225963.1730568,11.94786963621578,-0.025622883811593056
1749225963.2065997,11.947871117355865,-0.025622328743338585
1749225963.240001,11.947872970734542,-0.025626128539443016
1749225963.2734387,11.947874532512664,-0.02562563680112362
1749225963.3068795,11.947875731656774,-0.02562597393989563
1749225963.34029,11.947877909800606,-0.025623267516493797
1749225963.373733,11.947879434894878,-0.02562529221177101
1749225963.4071362,11.947880300284478,-0.025625117123126984
1749225963.4405048,11.947881967718512,-0.02562900073826313
1749225963.4739769,11.947883695184126,-0.02562926895916462
1749225963.5075047,11.94788537831192,-0.02562909573316574
1749225963.5409148,11.947886748070943,-0.025626759976148605
1749225963.5743167,11.947888739602703,-0.02562873251736164
1749225963.6107385,11.94789024270041,-0.02562829665839672
1749225963.6442204,11.947890999016584,-0.025629108771681786
1749225963.677641,11.947893366785967,-0.025630047544836998
1749225963.7112687,11.947894818667478,-0.025632837787270546
1749225963.7446775,11.947895684895482,-0.025631822645664215
1749225963.778079,11.947897114926667,-0.02563272975385189
1749225963.8115063,11.947898785409096,-0.025630228221416473
1749225963.8450673,11.947900285505222,-0.025630783289670944
1749225963.8784657,11.947900768516007,-0.02563321217894554
1749225963.9118805,11.947902468531328,-0.025631975382566452
1749225963.9452527,11.947904081670469,-0.025634603574872017
1749225963.9787216,11.94790543080477,-0.025635600090026855
1749225964.0121822,11.947906402271215,-0.025635799393057823
1749225964.0456,11.94790825029401,-0.025635449215769768
1749225964.079006,11.947909765043446,-0.02563454955816269
1749225964.1124158,11.947910759802463,-0.02563594840466976
1749225964.145855,11.947912085203457,-0.025634964928030968
1749225964.1792102,11.947913663348404,-0.025637269020080566
1749225964.212851,11.947915152948658,-0.025637328624725342
1749225964.2462487,11.947916660499454,-0.025640707463026047
1749225964.2797978,11.947917586199168,-0.025638503953814507
1749225964.3136714,11.947919544244176,-0.02564009092748165
1749225964.3479207,11.947921001386968,-0.025639066472649574
1749225964.3813245,11.947923250650254,-0.02564062736928463
1749225964.4147098,11.947924772835071,-0.025639133527874947
1749225964.4481254,11.947925762812801,-0.02564343996345997
1749225964.4817882,11.947927451167393,-0.025641998276114464
1749225964.5152376,11.94792910168774,-0.025642989203333855
1749225964.548698,11.947930562915523,-0.025643639266490936
1749225964.5821187,11.947931286010064,-0.025641240179538727
1749225964.615524,11.947932896556882,-0.02564362622797489
1749225964.6489465,11.94793451787196,-0.02564237080514431
1749225964.6867182,11.947935578205243,-0.025642935186624527
1749225964.7201736,11.947937514738252,-0.02564527839422226
1749225964.7535288,11.947939288106726,-0.02564631588757038
1749225964.7869084,11.947941296397632,-0.025646638125181198
1749225964.8203256,11.94794300750066,-0.0256471149623394
1749225964.853726,11.947944413052749,-0.025644758716225624
1749225964.8872573,11.947945921083472,-0.025647468864917755
1749225964.9206464,11.947947412959495,-0.025646734982728958
1749225964.9540546,11.947948880166388,-0.02565130963921547
1749225964.987469,11.947950373897475,-0.025649644434452057
1749225965.0209002,11.947952529440386,-0.025649653747677803
1749225965.0543103,11.947954003687682,-0.025649750605225563
1749225965.087664,11.947954830743393,-0.025648344308137894
1749225965.1212273,11.94795611323402,-0.02565113641321659
1749225965.154626,11.947957630700877,-0.025649404153227806
1749225965.1883435,11.947959543509642,-0.025650866329669952
1749225965.2252982,11.947960550736456,-0.02565261349081993
1749225965.259222,11.947962434167648,-0.025652624666690826
1749225965.292649,11.94796410307118,-0.02565271593630314
1749225965.3260531,11.947964871244697,-0.025654733180999756
1749225965.359895,11.947966583078268,-0.025652103126049042
1749225965.3932743,11.947967550431345,-0.025654349476099014
1749225965.426681,11.947968815313857,-0.02565385028719902
1749225965.4600987,11.947970572668956,-0.025656936690211296
1749225965.498072,11.947971730167842,-0.02565626986324787
1749225965.531766,11.94797256723314,-0.02565835602581501
1749225965.565175,11.947974056516578,-0.02565745636820793
1749225965.5985763,11.947975464147492,-0.025656478479504585
1749225965.632553,11.947977577626032,-0.02565787360072136
1749225965.6668754,11.947979611374237,-0.025657011196017265
1749225965.700276,11.947981131481665,-0.025658980011940002
1749225965.7336805,11.94798238804494,-0.025658592581748962
1749225965.7671127,11.947984364965093,-0.025660600513219833
1749225965.8005552,11.947985701092737,-0.025661733001470566
1749225965.8339543,11.947987136272518,-0.025660375133156776
1749225965.8673675,11.947989299667661,-0.025660168379545212
1749225965.9007788,11.947990840852784,-0.025661081075668335
1749225965.9341826,11.947992935446441,-0.02566324919462204
1749225965.9676993,11.94799449843769,-0.025662703439593315
1749225966.0011015,11.947995734566215,-0.025664426386356354
1749225966.0344908,11.947997134125272,-0.025665758177638054
1749225966.0701268,11.947998511290649,-0.02566268853843212
1749225966.1036015,11.948000478108266,-0.02566484361886978
1749225966.1370144,11.948001996856837,-0.025664325803518295
1749225966.170417,11.948003045114158,-0.025667177513241768
1749225966.204677,11.948005744530848,-0.025665750727057457
1749225966.2380762,11.948007035247493,-0.025669287890195847
1749225966.2715511,11.948008381884122,-0.025668824091553688
1749225966.3049617,11.94801022599992,-0.025668621063232422
1749225966.3383906,11.94801153254312,-0.025668730959296227
1749225966.3718207,11.948013512137715,-0.025668110698461533
1749225966.405284,11.948015089208514,-0.025670906528830528
1749225966.4387906,11.948016152772848,-0.0256704892963171
1749225966.4722457,11.948018308192049,-0.025672314688563347
1749225966.5061586,11.948019294010793,-0.025672581046819687
1749225966.539601,11.948020545681748,-0.025670327246189117
1749225966.5731454,11.94802246825113,-0.02567272074520588
1749225966.6067026,11.948023688753738,-0.02567177824676037
1749225966.640105,11.94802497951029,-0.02567177638411522
1749225966.673514,11.94802643656038,-0.025673728436231613
1749225966.7069852,11.948027662615589,-0.025674542412161827
1749225966.740383,11.948029456051827,-0.025675738230347633
1749225966.7739356,11.948031038614491,-0.02567589096724987
1749225966.8074417,11.948032571797029,-0.025675160810351372
1749225966.8416398,11.94803345136653,-0.025676675140857697
1749225966.8750613,11.948035994370318,-0.025675227865576744
1749225966.9086618,11.948037475544,-0.025679277256131172
1749225966.9420614,11.948038239818038,-0.025677626952528954
1749225966.9754605,11.94803994846597,-0.025679253041744232
1749225967.0088649,11.948040957854714,-0.025678938254714012
1749225967.0422719,11.948042232390039,-0.025676600635051727
1749225967.0756874,11.94804440247748,-0.02567972056567669
1749225967.1090932,11.948046574783254,-0.025678465142846107
1749225967.1425443,11.948047979661863,-0.025679031386971474
1749225967.1761134,11.948049682003447,-0.025680724531412125
1749225967.209515,11.948050714118402,-0.02568313106894493
1749225967.242943,11.948052017052866,-0.02568340301513672
1749225967.2763498,11.94805404171845,-0.0256832093000412
1749225967.309764,11.948055330608856,-0.02568085305392742
1749225967.3432627,11.948056736824503,-0.02568378485739231
1749225967.3766282,11.948058730302474,-0.02568303793668747
1749225967.4100616,11.948060676963651,-0.025685887783765793
1749225967.4434774,11.94806266093835,-0.025686969980597496
1749225967.476912,11.948065107983876,-0.02568763867020607
1749225967.5103142,11.948066182103652,-0.02568443864583969
1749225967.5437145,11.94806810367607,-0.025687232613563538
1749225967.5771224,11.948069781404861,-0.025685688480734825
1749225967.610588,11.948071590990804,-0.025687089189887047
1749225967.6441083,11.948073119241574,-0.02568811923265457
1749225967.6775348,11.948074473058936,-0.025690637528896332
1749225967.7109458,11.948076339911212,-0.0256905909627676
1749225967.7443533,11.94807791605377,-0.025690263137221336
1749225967.7777548,11.948079612219193,-0.02568906731903553
1749225967.811344,11.948080397090486,-0.025689776986837387
1749225967.8447278,11.948082345074308,-0.025691110640764236
1749225967.8781967,11.948083193796434,-0.025692064315080643
1749225967.9115927,11.948085278400118,-0.025694450363516808
1749225967.9449868,11.948086965371662,-0.02569478191435337
1749225967.9783905,11.948088222401692,-0.025691336020827293
1749225968.0118065,11.948089815524337,-0.025693967938423157
1749225968.0452726,11.948091348212142,-0.025693343952298164
1749225968.0786839,11.948092850199645,-0.025693818926811218
1749225968.1120927,11.948094076549705,-0.02569551393389702
1749225968.1454964,11.948096126059594,-0.02569831907749176
1749225968.1788995,11.948098260063784,-0.025697827339172363
1749225968.2123237,11.94809969897599,-0.025698326528072357
1749225968.2457323,11.94810134213186,-0.025695327669382095
1749225968.2791412,11.948102707717485,-0.025697482749819756
1749225968.3125777,11.948104491470467,-0.02569756470620632
1749225968.3459783,11.948105928329426,-0.02570093423128128
1749225968.3793497,11.94810714078956,-0.02570091001689434
1749225968.412756,11.94810837600607,-0.025702159851789474
1749225968.4461963,11.948110144469066,-0.02569878287613392
1749225968.4796095,11.948111678810855,-0.02570144459605217
1749225968.5131006,11.948112896015012,-0.025700300931930542
1749225968.5465064,11.948114750074316,-0.025700973346829414
1749225968.5799184,11.948116622437151,-0.02570255659520626
1749225968.6134045,11.948118390666918,-0.025705382227897644
1749225968.6468103,11.948119627594183,-0.02570565603673458
1749225968.680368,11.948120908862235,-0.02570509724318981
1749225968.7144394,11.948122890247749,-0.025701796635985374
1749225968.7478416,11.948124449457232,-0.02570507489144802
1749225968.7812638,11.948125913060748,-0.02570510096848011
1749225968.8146732,11.948128761319749,-0.025706792250275612
1749225968.8481474,11.948130086107062,-0.025709275156259537
1749225968.8815503,11.948131509749722,-0.025708680972456932
1749225968.9154325,11.948132614394114,-0.025707516819238663
1749225968.948912,11.94813404136603,-0.025706738233566284
1749225968.9823127,11.948135892179344,-0.025707870721817017
1749225969.0157425,11.94813720200194,-0.025707459077239037
1749225969.0491536,11.948139122473664,-0.02570982277393341
1749225969.08256,11.948140605081198,-0.025710659101605415
1749225969.1159723,11.948142021794554,-0.025710970163345337
1749225969.1493847,11.948143876373445,-0.025712279602885246
1749225969.1828628,11.94814574298847,-0.025709671899676323
1749225969.216276,11.948147040395755,-0.025712769478559494
1749225969.2520702,11.948148145538537,-0.02571210078895092
1749225969.286754,11.948150200836714,-0.02571558766067028
1749225969.3201733,11.94815148258867,-0.025714298710227013
1749225969.3535745,11.948152994210215,-0.02571462281048298
1749225969.3869727,11.948154687898622,-0.02571582794189453
1749225969.420377,11.94815599867261,-0.025713641196489334
1749225969.4537857,11.948157743611304,-0.025715984404087067
1749225969.4871907,11.948159259736775,-0.02571510709822178
1749225969.5206501,11.948161032694513,-0.02571757324039936
1749225969.554149,11.948162673510566,-0.025716431438922882
1749225969.5903988,11.948165032413,-0.0257184486836195
1749225969.6239307,11.948166144800002,-0.025718972086906433
1749225969.6573925,11.948167852648856,-0.025718126446008682
1749225969.6908367,11.948168709258805,-0.025718417018651962
1749225969.724255,11.948169710961425,-0.025719085708260536
1749225969.757695,11.948171824175944,-0.025719057768583298
1749225969.791158,11.948173179107853,-0.02571983076632023
1749225969.8245656,11.94817509593614,-0.025720499455928802
1749225969.85794,11.948177307213985,-0.025720616802573204
1749225969.8913438,11.948178894544679,-0.025721384212374687
1749225969.9247594,11.948180431085301,-0.025721317157149315
1749225969.9581573,11.948182156374964,-0.025722293183207512
1749225969.9915566,11.94818371242784,-0.025722451508045197
1749225970.0270915,11.948185019902343,-0.025722328573465347
1749225970.06053,11.948187291398536,-0.025723367929458618
1749225970.0940866,11.948188882609164,-0.025724684819579124
1749225970.1274893,11.948191201328004,-0.025723610073328018
1749225970.1609197,11.948192767908903,-0.025725457817316055
1749225970.1944685,11.948194807159691,-0.025725075975060463
1749225970.227872,11.948197024713416,-0.025726115331053734
1749225970.2612727,11.948198942647155,-0.02572687156498432
1749225970.2947388,11.94820137214861,-0.025726281106472015
1749225970.3282063,11.948203173037092,-0.02572837471961975
1749225970.3616571,11.948204901067518,-0.025727195665240288
1749225970.3950536,11.948206681622214,-0.025729291141033173
1749225970.428465,11.948208077007214,-0.025728190317749977
1749225970.4623964,11.948209535030102,-0.025729842483997345
1749225970.4957922,11.948211538449623,-0.02572902850806713
1749225970.5291898,11.948213007284172,-0.025731122121214867
1749225970.5626228,11.94821476164584,-0.02573002129793167
1749225970.6011517,11.948216294493806,-0.02573203667998314
1749225970.6348152,11.948217885110457,-0.025730859488248825
1749225970.6682036,11.948219624588551,-0.02573295310139656
1749225970.7017443,11.948221373945596,-0.025732330977916718
1749225970.7351346,11.948222870995512,-0.02573337033390999
1749225970.7685623,11.948225131062271,-0.025734197348356247
1749225970.801972,11.948226685994205,-0.02573360688984394
1749225970.835384,11.948228385007225,-0.025735201314091682
1749225970.8687825,11.948230087242306,-0.025734523311257362
1749225970.9022126,11.948231923760632,-0.02573603019118309
1749225970.9356298,11.94823249464098,-0.025736117735505104
1749225970.9690442,11.948234182845102,-0.025736065581440926
1749225971.0024486,11.94823648297612,-0.025737034156918526
1749225971.0359051,11.948237989742449,-0.025737861171364784
1749225971.0693195,11.948240205542929,-0.02573780156672001
1749225971.1028502,11.948242352657514,-0.025739364326000214
1749225971.1362693,11.948244140952902,-0.02573818527162075
1749225971.1697414,11.948245613657134,-0.025740252807736397
1749225971.20315,11.948247293273589,-0.025739101693034172
1749225971.236553,11.948248831059654,-0.025741195306181908
1749225971.2731926,11.948250720783639,-0.025740016251802444
1749225971.3066475,11.948252277203649,-0.02574148215353489
1749225971.3400714,11.948254259612705,-0.025742072612047195
1749225971.3734777,11.948256056264112,-0.025742528960108757
1749225971.4068892,11.948257670814547,-0.02574240416288376
1749225971.440295,11.948259228362465,-0.02574344351887703
1749225971.4737444,11.94826046864471,-0.02574339136481285
1749225971.5071437,11.948262432604379,-0.025744210928678513
1749225971.5405664,11.948263412967977,-0.02574518695473671
1749225971.5739698,11.948265504187352,-0.025745436549186707
1749225971.610182,11.948267313386362,-0.025746101513504982
1749225971.6436157,11.948269483340495,-0.025745511054992676
1749225971.6770618,11.94827103528297,-0.02574760466814041
1749225971.7104745,11.948272741578132,-0.025746427476406097
1749225971.7438786,11.948274141763562,-0.025748521089553833
1749225971.777281,11.948275903765557,-0.02574734203517437
1749225971.8107038,11.948277654090369,-0.02574893832206726
1749225971.844102,11.948278637873022,-0.025748886168003082
1749225971.8775055,11.948280856104521,-0.025749854743480682
1749225971.910923,11.94828266352118,-0.025749800726771355
1749225971.9467473,11.948283987362162,-0.025750769302248955
1749225971.9801798,11.948285956250954,-0.025750717148184776
1749225972.0135925,11.948287423962444,-0.025751452893018723
1749225972.0469933,11.948290072514077,-0.025753099471330643
1749225972.080926,11.948292149303743,-0.02575192041695118
1749225972.1143363,11.948293567750488,-0.02575351670384407
1749225972.1477349,11.948295537954387,-0.025753391906619072
1749225972.1811464,11.948297226173796,-0.025754762813448906
1749225972.2145731,11.948298678731671,-0.025754308328032494
1749225972.2479894,11.948300857367077,-0.025755418464541435
1749225972.2813916,11.948302228271832,-0.025756174698472023
1749225972.3205092,11.948303534004822,-0.025756264105439186
1749225972.353974,11.948305041831444,-0.025756724178791046
1749225972.3873782,11.948306609034095,-0.025757180526852608
1749225972.420839,11.948308328275877,-0.02575712651014328
1749225972.4542413,11.948310479099627,-0.02575816586613655
1749225972.4877856,11.948311786574166,-0.0257580429315567
1749225972.521199,11.94831322715083,-0.02575879916548729
1749225972.5546,11.948314434228767,-0.02575983852148056
1749225972.5880105,11.948315988940632,-0.02575969323515892
1749225972.62144,11.948317185421782,-0.025761468335986137
1749225972.6548438,11.948319119026648,-0.02576100267469883
1749225972.6882534,11.948320874439993,-0.025761669501662254
1749225972.7216613,11.948322881129467,-0.02576182782649994
1749225972.7550695,11.948325466349461,-0.025763172656297684
1749225972.7885509,11.948326750474152,-0.02576199360191822
1749225972.821959,11.948328656783652,-0.025764061138033867
1749225972.8554335,11.948330359998607,-0.025764157995581627
1749225972.8888547,11.948332153996898,-0.025764506310224533
1749225972.9223135,11.948333632470659,-0.025764379650354385
1749225972.955726,11.948335095867304,-0.025765210390090942
1749225972.9891336,11.948337559438528,-0.025765368714928627
1749225973.0225415,11.948339111313775,-0.025766124948859215
1749225973.0559444,11.948340791913388,-0.0257662832736969
1749225973.089347,11.948343351075392,-0.02576732262969017
1749225973.1228862,11.94834518560209,-0.025768611580133438
1749225973.156624,11.948346759244556,-0.025768239051103592
1749225973.1900437,11.948348584110915,-0.02576899528503418
1749225973.227727,11.94835019165285,-0.025769153609871864
1749225973.2611585,11.948351938259686,-0.02577047049999237
1749225973.2946289,11.948354168731242,-0.025769634172320366
1749225973.3280406,11.948355843249903,-0.025771386921405792
1749225973.3614888,11.948357760231865,-0.025770235806703568
1749225973.3949013,11.948359402730839,-0.025771966204047203
1749225973.4283476,11.948361223725405,-0.02577177807688713
1749225973.4627047,11.948362585793614,-0.025773243978619576
1749225973.496929,11.948363555461121,-0.025772670283913612
1749225973.5303516,11.9483655018282,-0.025774160400032997
1749225973.563754,11.948366351508891,-0.025772981345653534
1749225973.5971508,11.948368364129447,-0.02577471360564232
1749225973.6306307,11.948370356209182,-0.025773897767066956
1749225973.664189,11.948371905279203,-0.02577562816441059
1749225973.6976101,11.948373602712303,-0.025775441899895668
1749225973.7310405,11.948375623431298,-0.02577640861272812
1749225973.7648165,11.948376908419393,-0.02577572874724865
1749225973.798224,11.948378464848439,-0.025777654722332954
1749225973.83161,11.948380707507386,-0.025777272880077362
1749225973.8650289,11.948382190794012,-0.025778092443943024
1749225973.8984563,11.948384402687942,-0.02577906847000122
1749225973.9318776,11.948385185901502,-0.02577894553542137
1749225973.9652905,11.948387176770433,-0.025778476148843765
1749225973.9987657,11.948389327883271,-0.02578040212392807
1749225974.0321786,11.948391221778245,-0.025779947638511658
1749225974.0656705,11.948392759194382,-0.02578098699450493
1749225974.099026,11.948394617623839,-0.02578093484044075
1749225974.132423,11.948396124950143,-0.02578190341591835
1749225974.1658485,11.948398081884562,-0.025782817974686623
1749225974.1992521,11.948399602364656,-0.025782888755202293
1749225974.2326598,11.94840151059042,-0.025783734396100044
1749225974.2666337,11.948403099915138,-0.025783894583582878
1749225974.3001833,11.948404337742284,-0.025785334408283234
1749225974.333581,11.948406088040189,-0.025784719735383987
1749225974.3670068,11.948407931195064,-0.02578556537628174
1749225974.400507,11.948409549786728,-0.02578488551080227
1749225974.4339495,11.948411485746943,-0.025786979123950005
1749225974.4673555,11.948414005095735,-0.02578580193221569
1749225974.5010614,11.948415781003526,-0.025787532329559326
1749225974.5345047,11.948417306273841,-0.025786716490983963
1749225974.5680254,11.948418857008894,-0.025788811966776848
1749225974.6014485,11.948420316662071,-0.025788260623812675
1749225974.6349227,11.948422166452628,-0.025789229199290276
1749225974.6683307,11.948423932680544,-0.025789104402065277
1749225974.7018118,11.94842529621465,-0.025790473446249962
1749225974.7352142,11.948426993079494,-0.02579001896083355
1749225974.7686276,11.948428718292991,-0.025791389867663383
1749225974.8021247,11.948429824297145,-0.02579100802540779
1749225974.835528,11.948432055883599,-0.025792304426431656
1749225974.8689415,11.948434184472863,-0.025792891159653664
1749225974.9023855,11.948435768083682,-0.025792961940169334
1749225974.935791,11.948437690387657,-0.025793718174099922
1749225974.9692001,11.948439240071151,-0.025793125852942467
1749225975.0026362,11.948441611209672,-0.02579522132873535
1749225975.0361218,11.948443595663072,-0.02579404227435589
1749225975.0695782,11.948445159692602,-0.025795772671699524
1749225975.1029847,11.948446937846347,-0.02579495869576931
1749225975.136391,11.948448488445305,-0.025797052308917046
1749225975.1698685,11.94845003085266,-0.02579618990421295
1749225975.2033153,11.948451422590471,-0.025797605514526367
1749225975.2367241,11.948453425954579,-0.025796789675951004
1749225975.270187,11.94845483517637,-0.02579888328909874
1749225975.3036013,11.948455837559864,-0.025798236951231956
1749225975.3371534,11.948457538944185,-0.025799212977290154
1749225975.3706248,11.948458856462299,-0.02579915151000023
1749225975.4040725,11.948460463352397,-0.025800127536058426
1749225975.4374692,11.948462172004373,-0.02580028586089611
1749225975.470875,11.948463655465252,-0.025801630690693855
1749225975.5042846,11.948465990409751,-0.025800451636314392
1749225975.5376852,11.948467516335151,-0.025802545249462128
1749225975.5713327,11.948469106671888,-0.025801368057727814
1749225975.604738,11.948470857008708,-0.02580346167087555
1749225975.6381514,11.948473085710502,-0.025802360847592354
1749225975.6715698,11.948473827147298,-0.02580437622964382
1749225975.7050614,11.948475350852332,-0.025803199037909508
1749225975.7385123,11.94847739889594,-0.025805531069636345
1749225975.7719784,11.948478355484918,-0.02580481767654419
1749225975.805433,11.948480725700302,-0.025805845856666565
1749225975.8388822,11.948482472821864,-0.025805030018091202
1749225975.8722777,11.948483853562749,-0.025807123631238937
1749225975.9056938,11.948485456285308,-0.025806261226534843
1749225975.9391153,11.948486965982223,-0.02580804005265236
1749225975.97252,11.948488314578888,-0.025807175785303116
1749225976.0059342,11.948490108894266,-0.025808928534388542
1749225976.039333,11.948491807512875,-0.02580833248794079
1749225976.0727317,11.948493369052983,-0.025809871032834053
1749225976.1061394,11.948494589811762,-0.02580900862812996
1749225976.1395469,11.948496065818583,-0.025810305029153824
1749225976.1729474,11.948498294065452,-0.02580960839986801
1749225976.2064047,11.94849984466814,-0.025811702013015747
1749225976.2398546,11.948501572688961,-0.025810522958636284
1749225976.2732627,11.948503287700872,-0.02581259049475193
1749225976.3068037,11.948505525869471,-0.025812067091464996
1749225976.340209,11.948507073955891,-0.025813035666942596
1749225976.3738756,11.948508469179462,-0.02581298165023327
1749225976.407303,11.948510149234702,-0.02581395022571087
1749225976.4407856,11.948512092884298,-0.025814777240157127
1749225976.4742048,11.948513398258674,-0.025814654305577278
1749225976.507614,11.948515229513916,-0.025814741849899292
1749225976.5410223,11.948516731495278,-0.025816110894083977
1749225976.5744345,11.948518303500634,-0.02581660822033882
1749225976.6078403,11.948520355208109,-0.025816768407821655
1749225976.641247,11.948522095265602,-0.025817612186074257
1749225976.674649,11.948522849956426,-0.02581772208213806
1749225976.708313,11.948524948336114,-0.025817831978201866
1749225976.7417216,11.948526251564347,-0.02581852860748768
1749225976.775209,11.94852752652731,-0.0258184764534235
1749225976.8086135,11.948529492338904,-0.0258194450289011
1749225976.8420603,11.94853065045143,-0.025819391012191772
1749225976.8754683,11.94853255630543,-0.025820830836892128
1749225976.9089491,11.948534142101462,-0.025819679722189903
1749225976.9423661,11.948535672322532,-0.025821276009082794
1749225976.975859,11.948537444275537,-0.025820596143603325
1749225977.0092964,11.948539568395876,-0.025822190567851067
1749225977.0429137,11.948540726846867,-0.025822650641202927
1749225977.07637,11.948543362726243,-0.02582317590713501
1749225977.1097724,11.94854511904133,-0.025823934003710747
1749225977.1431875,11.948546803887448,-0.02582387439906597
1749225977.1765916,11.948548344134503,-0.02582485042512417
1749225977.2109902,11.948549886697787,-0.025825008749961853
1749225977.2443943,11.94855116738603,-0.02582629770040512
1749225977.277884,11.948552613739196,-0.025825923308730125
1749225977.3112948,11.948554360783989,-0.025826768949627876
1749225977.344723,11.948555433179688,-0.025826791301369667
1749225977.3782601,11.948557631144213,-0.025828128680586815
1749225977.4116588,11.948559204666939,-0.02582775428891182
1749225977.445086,11.94856080304503,-0.025828512385487556
1749225977.4784956,11.94856235658608,-0.025828450918197632
1749225977.5119073,11.948563763073457,-0.025829516351222992
1749225977.5453653,11.948564835423275,-0.025829516351222992
1749225977.579249,11.9485665925593,-0.025829391553997993
1749225977.6127777,11.948568136156773,-0.025830432772636414
1749225977.6465318,11.948570057149649,-0.025831790640950203
1749225977.6800091,11.948571568811147,-0.025831416249275208
1749225977.7138233,11.948573315869558,-0.02583226189017296
1749225977.7476258,11.948574515249014,-0.02583242394030094
1749225977.7810643,11.948576439168939,-0.025833090767264366
1749225977.8144655,11.948577904818187,-0.02583302929997444
1749225977.847863,11.948579186723489,-0.02583305351436138
1749225977.88128,11.948580767308028,-0.025834422558546066
1749225977.914782,11.948582573993441,-0.025834040716290474
1749225977.94823,11.94858339851286,-0.025835338979959488
1749225977.9816837,11.94858579785708,-0.025834957137703896
1749225978.0152218,11.948587265579498,-0.025835925713181496
1749225978.0486352,11.948588649086481,-0.025835871696472168
1749225978.0820525,11.948590871747692,-0.025836629793047905
1749225978.115551,11.948592915076945,-0.025837060064077377
1749225978.1489825,11.948594108942784,-0.025838086381554604
1749225978.1824336,11.948596142850596,-0.02583763189613819
1749225978.2160058,11.94859784433208,-0.025838671252131462
1749225978.2503676,11.948599804194334,-0.025838619098067284
1749225978.283911,11.948601285988246,-0.025839587673544884
1749225978.3173165,11.948602576863316,-0.025840414687991142
1749225978.350691,11.948604151360913,-0.025840504094958305
1749225978.3841968,11.948605935988244,-0.025840450078248978
1749225978.4176068,11.9486077454899,-0.025841418653726578
1749225978.4510603,11.948609377342963,-0.02584129385650158
1749225978.4845333,11.948611018361897,-0.025842122733592987
1749225978.5179472,11.948613061068594,-0.02584228105843067
1749225978.5513525,11.948614609130281,-0.025843249633908272
1749225978.5848188,11.948616467560399,-0.025843197479844093
1749225978.618222,11.948618309158059,-0.025844234973192215
1749225978.6516438,11.948620039249368,-0.025845080614089966
1749225978.6851153,11.948621521108317,-0.025845151394605637
1749225978.7184665,11.948623542393314,-0.025845907628536224
1749225978.754722,11.948625132277472,-0.02584606595337391
1749225978.788122,11.948627047573725,-0.02584691159427166
1749225978.8219898,11.94862793566284,-0.02584693394601345
1749225978.855385,11.948630241217268,-0.02584773860871792
1749225978.889148,11.948631472886563,-0.025847896933555603
1749225978.92254,11.948632890925898,-0.025847775861620903
1749225978.9559238,11.948634815397554,-0.025848742574453354
1749225978.9894161,11.948636688348794,-0.025848690420389175
1749225979.022826,11.948638368637331,-0.025849658995866776
1749225979.0562294,11.948639632579415,-0.025849606841802597
1749225979.0914035,11.948640806918498,-0.025851072743535042
1749225979.1251802,11.948642544400883,-0.02584989368915558
1749225979.1588826,11.948644004220219,-0.025851987302303314
1749225979.1922953,11.948645437429802,-0.02585112489759922
1749225979.2257588,11.948646999582607,-0.025852903723716736
1749225979.259202,11.948648036314465,-0.02585180290043354
1749225979.2930443,11.948649969273005,-0.025853820145130157
1749225979.3265016,11.94865191375536,-0.025852641090750694
1749225979.3599231,11.948653294507368,-0.02585473470389843
1749225979.3933237,11.94865483791367,-0.025854183360934258
1749225979.4267514,11.948656366935785,-0.02585565112531185
1749225979.4601576,11.948658511331255,-0.02585509978234768
1749225979.4935722,11.948660344216803,-0.025856396183371544
1749225979.5269713,11.948662030025048,-0.02585594169795513
1749225979.5603738,11.948663704639443,-0.02585698291659355
1749225979.5938542,11.948665759235013,-0.025856930762529373
1749225979.6274009,11.948667607120415,-0.025857750326395035
1749225979.660837,11.948669324829657,-0.025859257206320763
1749225979.6942456,11.948670815579755,-0.025858664885163307
1749225979.7276587,11.948671986501116,-0.025859640911221504
1749225979.7611241,11.948673819558904,-0.02585979923605919
1749225979.7945466,11.948675813466568,-0.025861328467726707
1749225979.828008,11.948677560626683,-0.025860495865345
1749225979.86146,11.948679454935663,-0.02586156129837036
1749225979.8948743,11.94868102172875,-0.025861630216240883
1749225979.9282885,11.948682819846312,-0.02586238831281662
1749225979.961691,11.948684434013636,-0.025862546637654305
1749225979.995123,11.948686222539033,-0.025863302871584892
1749225980.0285258,11.94868801245996,-0.02586355246603489
1749225980.0619752,11.948689480836968,-0.025864219292998314
1749225980.0953805,11.948691036891471,-0.025864377617836
1749225980.128781,11.948692820134056,-0.025865133851766586
1749225980.162597,11.94869437686505,-0.025865383446216583
1749225980.1960654,11.948696221947674,-0.025866582989692688
1749225980.2298138,11.948698031926138,-0.025866160169243813
1749225980.2632241,11.948699373210394,-0.02586696483194828
1749225980.2966516,11.948701550056347,-0.025866374373435974
1749225980.3301086,11.948703116607371,-0.02586844190955162
1749225980.3638585,11.948704702515094,-0.025867916643619537
1749225980.397279,11.948706506151398,-0.025868885219097137
1749225980.430706,11.948708560747246,-0.02586883306503296
1749225980.4705172,11.948710164379527,-0.025870129466056824
1749225980.5067186,11.948711253184587,-0.02586967498064041
1749225980.540118,11.948713285412458,-0.02587050572037697
1749225980.5735197,11.948715178684992,-0.02587154321372509
1749225980.6069224,11.948717270098744,-0.025871701538562775
1749225980.6403244,11.948719848251134,-0.02587304636836052
1749225980.6737232,11.94872133981728,-0.025871867313981056
1749225980.7071242,11.94872361329054,-0.025873791426420212
1749225980.7405317,11.948725411367105,-0.02587340958416462
1749225980.77394,11.948727054676212,-0.02587437815964222
1749225980.807351,11.948728546494191,-0.025875205174088478
1749225980.8407478,11.94873013816843,-0.025875145569443703
1749225980.8741033,11.948732263900814,-0.0258761215955019
1749225980.9075687,11.948733819442868,-0.025875605642795563
1749225980.941063,11.948735277274807,-0.025877036154270172
1749225980.9744804,11.948737008091394,-0.025877194479107857
1749225981.0080364,11.948739570271142,-0.0258785393089056
1749225981.0414894,11.94874031483419,-0.02587789110839367
1749225981.0749297,11.948741854842408,-0.025879640132188797
1749225981.1083272,11.948743553527384,-0.02587902545928955
1749225981.1417348,11.948745027875137,-0.025879783555865288
1749225981.1751504,11.948746598874669,-0.025879722088575363
1749225981.2085779,11.948748718160584,-0.025881284847855568
1749225981.2420268,11.948750759367524,-0.025880107656121254
1749225981.275468,11.948751830784408,-0.02588183805346489
1749225981.3090315,11.94875337751934,-0.02588186226785183
1749225981.3424318,11.94875512625095,-0.025882618501782417
1749225981.3759544,11.948756695160464,-0.02588246949017048
1749225981.4093602,11.948758582928937,-0.025883445516228676
1749225981.4428406,11.948759900445614,-0.02588338404893875
1749225981.4762464,11.948761376411898,-0.025884360074996948
1749225981.5096521,11.948762949757155,-0.025884518399834633
1749225981.543065,11.94876409460259,-0.02588527649641037
1749225981.578711,11.948766252494476,-0.025885524228215218
1749225981.6121192,11.948767568707188,-0.025886191055178642
1749225981.6455662,11.948769725021462,-0.025886131450533867
1749225981.6789675,11.948771429790435,-0.025887195020914078
1749225981.7124045,11.948773013401013,-0.02588726580142975
1749225981.7458644,11.94877476001685,-0.025888022035360336
1749225981.779277,11.948776510030473,-0.02588743157684803
1749225981.8126464,11.948778432160903,-0.025889525189995766
1749225981.8464823,11.948780048481748,-0.025889096781611443
1749225981.880501,11.948781996677289,-0.02588985301554203
1749225981.9139323,11.948783617403626,-0.025889262557029724
1749225981.947337,11.948785451749938,-0.025890856981277466
1749225981.980801,11.948787790144754,-0.025890255346894264
1749225982.0142481,11.948789614581285,-0.025892270728945732
1749225982.0479646,11.948790584190537,-0.02589184232056141
1749225982.0823002,11.948792382311732,-0.025892600417137146
1749225982.115829,11.948793590239772,-0.02589268796145916
1749225982.1492393,11.948795493416135,-0.02589351497590542
1749225982.1826465,11.94879708330059,-0.025893673300743103
1749225982.2161129,11.948799005431544,-0.02589443139731884
1749225982.2495203,11.948800562074238,-0.025894679129123688
1749225982.2829776,11.948802746290548,-0.02589590661227703
1749225982.316394,11.948804374512122,-0.025894831866025925
1749225982.3497977,11.948805916221913,-0.025896821171045303
1749225982.3832002,11.948807768055307,-0.0258959848433733
1749225982.4166176,11.948809466474982,-0.025897763669490814
1749225982.4500616,11.948810955968607,-0.0258965864777565
1749225982.4835413,11.948812862119194,-0.025898652151226997
1749225982.5169096,11.94881429555171,-0.025897815823554993
1749225982.5503223,11.948815674677718,-0.025899594649672508
1749225982.5839255,11.948817196781718,-0.025898417457938194
1749225982.617451,11.94881897756646,-0.02590051107108593
1749225982.650856,11.94882052118402,-0.025899332016706467
1749225982.6842592,11.948821984773055,-0.025901425629854202
1749225982.7176626,11.948823874225145,-0.02590024843811989
1749225982.751061,11.948825495778388,-0.02590184286236763
1749225982.784475,11.948826544859205,-0.025901786983013153
1749225982.8178868,11.948828454452588,-0.025903230533003807
1749225982.8515458,11.948829471023938,-0.025902828201651573
1749225982.8849826,11.948831380027462,-0.02590358629822731
1749225982.9185305,11.948832929181076,-0.025903524830937386
1749225982.9519856,11.948833524092205,-0.025904616340994835
1749225982.9854214,11.94883556268754,-0.025904590263962746
1749225983.0188587,11.948837245164286,-0.025904536247253418
1749225983.052293,11.94883849478981,-0.025905504822731018
1749225983.0856962,11.948840123070655,-0.02590545266866684
1749225983.1191268,11.94884179699518,-0.02590642124414444
1749225983.153387,11.948843470739426,-0.025906367227435112
1749225983.1868503,11.948845150803576,-0.025907335802912712
1749225983.2202814,11.94884692714456,-0.025907283648848534
1749225983.2536864,11.948848516036515,-0.025908546522259712
1749225983.2871923,11.948849864869196,-0.025908470153808594
1749225983.320593,11.94885156616534,-0.025909166783094406
1749225983.3539958,11.948852802088625,-0.025909114629030228
1749225983.3876972,11.94885434617872,-0.02591041289269924
1749225983.4211507,11.948855899872182,-0.025910910218954086
1749225983.4545631,11.948857761237765,-0.02591106854379177
1749225983.4879696,11.948859349251954,-0.02591182477772236
1749225983.5213737,11.948860919333876,-0.025911983102560043
1749225983.5547962,11.948862101189121,-0.02591327391564846
1749225983.5899885,11.948863120606456,-0.025912828743457794
1749225983.6234424,11.948864828447666,-0.025913288816809654
1749225983.6568477,11.948866625436551,-0.025913745164871216
1749225983.6902437,11.948867900096479,-0.025913691148161888
1749225983.723679,11.94886945258721,-0.025914659723639488
1749225983.7570436,11.94887109059899,-0.02591397985816002
1749225983.7904549,11.948872840960835,-0.025916073471307755
1749225983.8238592,11.94887456896963,-0.025915522128343582
1749225983.8572557,11.948875992559476,-0.02591628022491932
1749225983.8906581,11.948878218889874,-0.025916438549757004
1749225983.9270422,11.948879863463475,-0.02591790445148945
1749225983.960449,11.948881508714827,-0.025916803628206253
1749225983.993853,11.948883253129868,-0.02591882087290287
1749225984.0272613,11.948884255528725,-0.025918208062648773
1749225984.0606701,11.94888598535429,-0.025919735431671143
1749225984.0940707,11.948887608075967,-0.025918634608387947
1749225984.1274533,11.948889156984754,-0.025920651853084564
1749225984.160942,11.948891048064448,-0.02591954916715622
1749225984.1943605,11.948892597060937,-0.025921566411852837
1749225984.2277987,11.948894311578021,-0.025920387357473373
1749225984.2612393,11.948895628929773,-0.025922482833266258
1749225984.294662,11.948897651476944,-0.025921380147337914
1749225984.3281155,11.948899220453184,-0.02592339739203453
1749225984.3615804,11.948901131491374,-0.025922296568751335
1749225984.3951724,11.948903031699782,-0.025924285873770714
1749225984.4286706,11.94890398769365,-0.02592313475906849
1749225984.4621072,11.94890627298937,-0.025925228372216225
1749225984.4954693,11.948908217463469,-0.02592404931783676
1749225984.5289233,11.948909760066934,-0.025925781577825546
1749225984.5624332,11.948911381872039,-0.025925280526280403
1749225984.5958455,11.948912207805378,-0.025926576927304268
1749225984.6292613,11.948914409508761,-0.025925880298018456
1749225984.6626627,11.948915131092809,-0.02592749334871769
1749225984.6960576,11.948917383316262,-0.025926873087882996
1749225984.7295065,11.948918555054322,-0.025928393006324768
1749225984.7629876,11.948921032453802,-0.02592833898961544
1749225984.7963927,11.94892258055298,-0.02592930756509304
1749225984.8300316,11.948924228559832,-0.025929253548383713
1749225984.8634791,11.948925908626167,-0.025930222123861313
1749225984.8970203,11.948927701317183,-0.02593104913830757
1749225984.9304378,11.948929614869744,-0.025930989533662796
1749225984.9638827,11.948931400419127,-0.025932053104043007
1749225984.9974737,11.948932967230323,-0.025932123884558678
1749225985.0309174,11.948934698343958,-0.025932880118489265
1749225985.0664,11.948936253974036,-0.02593282051384449
1749225985.099952,11.948937234389637,-0.025933796539902687
1749225985.1333723,11.948938921848226,-0.025934213772416115
1749225985.1754148,11.948941053985163,-0.02593471109867096
1749225985.2090156,11.948942718852063,-0.025934869423508644
1749225985.2424338,11.948944341228657,-0.025934746488928795
1749225985.2760732,11.948946625099186,-0.025935785844922066
1749225985.309465,11.948947845026122,-0.025936542078852654
1749225985.3429039,11.948949417492392,-0.025936631485819817
1749225985.3765922,11.948951278308764,-0.02593657746911049
1749225985.4099896,11.948952749797876,-0.02593754604458809
1749225985.443389,11.948954650917013,-0.025938373059034348
1749225985.4768543,11.948956181046105,-0.025938531383872032
1749225985.510268,11.948957603052172,-0.02593928948044777
1749225985.543669,11.948959461853768,-0.025939228013157845
1749225985.5770874,11.948960748510899,-0.025940975174307823
1749225985.6104932,11.948962204310371,-0.0259400587528944
1749225985.6439166,11.948963690281397,-0.02594183385372162
1749225985.6773264,11.948966153195629,-0.025940528139472008
1749225985.7107627,11.948967214890128,-0.025942035019397736
1749225985.7441611,11.948969541727713,-0.02594144269824028
1749225985.7776792,11.948971088483372,-0.025943174958229065
1749225985.8110821,11.948972997027349,-0.025942359119653702
1749225985.844575,11.948974544746783,-0.025944452732801437
1749225985.8780093,11.94897625180125,-0.025943350046873093
1749225985.9114306,11.948978040954412,-0.02594536729156971
1749225985.9448876,11.948979633565676,-0.025944190099835396
1749225985.9782908,11.948980804147151,-0.02594628371298313
1749225986.0116956,11.94898241141694,-0.02594594471156597
1749225986.045112,11.948983685525548,-0.025947198271751404
1749225986.0787897,11.948986020318118,-0.02594601921737194
1749225986.112193,11.948986596332904,-0.0259482990950346
1749225986.145597,11.948988326828957,-0.025947684422135353
1749225986.1790652,11.948990068007296,-0.02594897523522377
1749225986.212527,11.948991588413572,-0.025948600843548775
1749225986.2462811,11.94899304119149,-0.02594935894012451
1749225986.2797303,11.94899456928719,-0.025949515402317047
1749225986.3131187,11.948996348255896,-0.025950273498892784
1749225986.346538,11.948997913789885,-0.02595021203160286
1749225986.380198,11.94899960588332,-0.025951189920306206
1749225986.4136412,11.949000684696118,-0.02595129981637001
1749225986.44705,11.949002685890076,-0.025952637195587158
1749225986.4808855,11.949004259407088,-0.025952262803912163
1749225986.514291,11.949006047943096,-0.02595301903784275
1749225986.5479612,11.949007622439687,-0.025952959433197975
1749225986.581474,11.949009516620427,-0.025954023003578186
