timestamp,encoder_distance,yaw_true
1748622873.7794893,-11.437239020009471,3.122451066970825
1748622875.4208243,-11.437167853411056,3.1224281787872314
1748622875.4774716,-11.437118278184354,3.1228764057159424
1748622875.5109503,-11.435194886184345,3.1225805282592773
1748622875.5446231,-11.431654834678895,3.1219263076782227
1748622875.578567,-11.423623345895539,3.121173143386841
1748622875.6120105,-11.414711782688004,3.120936632156372
1748622875.645573,-11.40781462407753,3.1199631690979004
1748622875.6795676,-11.39760793324563,3.1192269325256348
1748622875.7130136,-11.390662585653349,3.119049072265625
1748622875.746465,-11.380503598498857,3.1178970336914062
1748622875.7799113,-11.36957938855991,3.117103338241577
1748622875.8133194,-11.362861636238204,3.1170246601104736
1748622875.8467228,-11.351881371084376,3.116081714630127
1748622875.8801236,-11.337684682851274,3.1153972148895264
1748622875.913594,-11.32702649950165,3.1153905391693115
1748622875.947003,-11.316367629856929,3.1145198345184326
1748622875.9803998,-11.309613002050392,3.1143405437469482
1748622876.0151703,-11.298593370493169,3.114210844039917
1748622876.0485709,-11.287932246631438,3.11379075050354
1748622876.0819619,-11.281179885401952,3.113281488418579
1748622876.1153615,-11.270160680915202,3.1133739948272705
1748622876.1487646,-11.259856973454834,3.1127007007598877
1748622876.18229,-11.24528953738702,3.1125853061676025
1748622876.2156851,-11.234985700732622,3.1122243404388428
1748622876.249116,-11.223971962264528,3.112260103225708
1748622876.282571,-11.213313627780941,3.1123251914978027
1748622876.3167715,-11.20301153844227,3.1119110584259033
1748622876.3501713,-11.195906842075145,3.1118903160095215
1748622876.3835745,-11.185249765382197,3.1119282245635986
1748622876.4169743,-11.174238152147321,3.1118500232696533
1748622876.4506361,-11.163227079071305,3.1116557121276855
1748622876.4841928,-11.1532817821084,3.111740827560425
1748622876.5179207,-11.142270828820832,3.111675977706909
1748622876.5513287,-11.13481169830397,3.1118948459625244
1748622876.584782,-11.124155533380359,3.112307548522949
1748622876.6182294,-11.113855362682358,3.112985849380493
1748622876.6517766,-11.103553815617918,3.1131906509399414
1748622876.6853151,-11.09254106638925,3.113403558731079
1748622876.71876,-11.08188590244621,3.1140024662017822
1748622876.7521584,-11.07513495512389,3.113848924636841
1748622876.7858472,-11.06447164345318,3.114790201187134
1748622876.819311,-11.05735920931074,3.114734172821045
1748622876.8527567,-11.042781899481637,3.115018367767334
1748622876.8863652,-11.036029879608622,3.115563154220581
1748622876.9200094,-11.024659019116086,3.116147994995117
1748622876.953421,-11.01080185399796,3.1163947582244873
1748622876.986868,-10.99978476253383,3.1169419288635254
1748622877.0202925,-10.98947136254769,3.116673231124878
1748622877.0542982,-10.97844337541835,3.117832660675049
1748622877.0877674,-10.967749502560268,3.1174631118774414
1748622877.1211941,-10.957398801779979,3.1184961795806885
1748622877.1545987,-10.947531932718922,3.1185498237609863
1748622877.1880052,-10.941138063789715,3.118471145629883
1748622877.2218833,-10.936299330914315,3.118806838989258
1748622877.2553012,-10.93201312252897,3.119136095046997
1748622877.288698,-10.928320158375675,3.118558168411255
1748622877.3221304,-10.92497347521061,3.118656873703003
1748622877.3555613,-10.921528275709745,3.119231700897217
1748622877.3890278,-10.918355338274496,3.118811845779419
1748622877.4224725,-10.914887019500224,3.1191375255584717
1748622877.4559925,-10.91176996165742,3.1189122200012207
1748622877.489404,-10.90854548907454,3.119241714477539
1748622877.5228508,-10.905334790601357,3.1192128658294678
1748622877.556283,-10.902123677273622,3.1190707683563232
1748622877.589687,-10.898909326751047,3.1184804439544678
1748622877.623149,-10.895789357572982,3.118377685546875
1748622877.6565907,-10.892337439184017,3.1174347400665283
1748622877.6900516,-10.889206889163367,3.1174395084381104
1748622877.723503,-10.885980696496295,3.1178975105285645
1748622877.7569244,-10.882870999581232,3.1177098751068115
1748622877.7903543,-10.8794493866788,3.1179752349853516
1748622877.8239326,-10.876251202575586,3.1170549392700195
1748622877.8573499,-10.873149801680496,3.1174168586730957
1748622877.8907604,-10.869935145276246,3.11631178855896
1748622877.9241624,-10.866659771221983,3.117048501968384
1748622877.9575887,-10.863140747704538,3.1168057918548584
1748622877.9909885,-10.858277180535577,3.1161866188049316
1748622878.0245187,-10.854708118052837,3.114203691482544
1748622878.05792,-10.852051316081589,3.114713430404663
1748622878.091325,-10.848328413742967,3.1125123500823975
1748622878.1247418,-10.844611039982233,3.1114068031311035
1748622878.158144,-10.839689668617707,3.1109721660614014
1748622878.1915436,-10.837268223838604,3.11025333404541
1748622878.2249537,-10.833685434422502,3.108769655227661
1748622878.2583501,-10.83008091673655,3.1091222763061523
1748622878.2919369,-10.826292871185721,3.108628511428833
1748622878.3253412,-10.8242102510157,3.1082170009613037
1748622878.358738,-10.821939985130651,3.107253074645996
1748622878.3921452,-10.81856872208064,3.1066908836364746
1748622878.4260092,-10.816350397669297,3.1058688163757324
1748622878.4594533,-10.81300308116543,3.1054837703704834
1748622878.492923,-10.809754732738897,3.1037442684173584
1748622878.526405,-10.806628954679661,3.1030664443969727
1748622878.559878,-10.80334913439627,3.103039503097534
1748622878.5932965,-10.801069785347948,3.1013917922973633
1748622878.626696,-10.79822869951278,3.101186752319336
1748622878.6601253,-10.795365146393408,3.1020796298980713
1748622878.6935658,-10.792472427106572,3.100938081741333
1748622878.7269533,-10.790444920050119,3.1007022857666016
1748622878.7603612,-10.787633191073185,3.09902286529541
1748622878.7938263,-10.783889266007787,3.0995280742645264
1748622878.8272402,-10.782075100457789,3.0979132652282715
1748622878.8606706,-10.779201573855223,3.0980355739593506
1748622878.8941035,-10.776544969118078,3.097059965133667
1748622878.9275236,-10.773851518582129,3.096445322036743
1748622878.9609432,-10.772112084538401,3.0966286659240723
1748622878.9944777,-10.76959705570506,3.096193790435791
1748622879.027719,-10.767150248045935,3.0952742099761963
1748622879.0611336,-10.764567665009025,3.095395088195801
1748622879.094548,-10.76222145963454,3.0940606594085693
1748622879.128008,-10.759764270172418,3.0944178104400635
1748622879.1616323,-10.757338466228203,3.0933544635772705
1748622879.1950197,-10.75479771692572,3.093615770339966
1748622879.2285628,-10.752623398146195,3.093447208404541
1748622879.261963,-10.750357307279243,3.092345952987671
1748622879.2953675,-10.748002904705706,3.0926969051361084
1748622879.328773,-10.74587213740402,3.092254161834717
1748622879.362187,-10.744421745437682,3.091367483139038
1748622879.3955956,-10.741527621752732,3.0908708572387695
1748622879.4289954,-10.739384801627507,3.0911545753479004
1748622879.4624166,-10.73726155064553,3.0900728702545166
1748622879.4958177,-10.735248736085932,3.0899808406829834
1748622879.52922,-10.73382633138939,3.090099334716797
1748622879.5628142,-10.731817257416587,3.089235544204712
1748622879.5963984,-10.72982770452435,3.0895438194274902
1748622879.6298091,-10.72790257995056,3.0898208618164062
1748622879.6632555,-10.726089975307941,3.0898263454437256
1748622879.6974382,-10.724803466522388,3.088855743408203
1748622879.7308557,-10.722340362996443,3.089285135269165
1748622879.7642581,-10.7205311465454,3.087790012359619
1748622879.7977383,-10.718831456482198,3.088010787963867
1748622879.8311586,-10.71651033945622,3.0876083374023438
1748622879.8646033,-10.714860917071976,3.085919141769409
1748622879.898262,-10.713272397845227,3.087094783782959
1748622879.9316616,-10.711029148452427,3.0868499279022217
1748622879.965071,-10.709505089989309,3.086080312728882
1748622879.9985,-10.707925466744994,3.0863523483276367
1748622880.0319085,-10.70636029324613,3.086477041244507
1748622880.0653107,-10.704873731210478,3.0860700607299805
1748622880.0987456,-10.7033501095051,3.0852742195129395
1748622880.1321483,-10.70176795325021,3.0855579376220703
1748622880.1656823,-10.700262644546358,3.084592819213867
1748622880.1991289,-10.698756575597253,3.0850369930267334
1748622880.2325325,-10.697276477523907,3.084055185317993
1748622880.2659335,-10.695796743886039,3.0842957496643066
1748622880.2993774,-10.69438291611693,3.084040641784668
1748622880.3329644,-10.693039507394461,3.083214044570923
1748622880.3663847,-10.691680868260992,3.0831496715545654
1748622880.3997908,-10.689878254716369,3.0833234786987305
1748622880.4331946,-10.688468463460389,3.082282066345215
1748622880.4665742,-10.687144211883314,3.082365036010742
1748622880.4999847,-10.685853805388104,3.081437349319458
1748622880.5334034,-10.684554533325274,3.0817558765411377
1748622880.566836,-10.683237769335149,3.0808262825012207
1748622880.6003394,-10.682041478353314,3.0814294815063477
1748622880.6338131,-10.680744911341346,3.080200433731079
1748622880.6672783,-10.679465560364168,3.0806822776794434
1748622880.7007053,-10.678238180942177,3.080127000808716
1748622880.734713,-10.67708862513275,3.0796549320220947
1748622880.768172,-10.675900893054264,3.079238176345825
1748622880.8015504,-10.674908203624083,3.079423427581787
1748622880.8349648,-10.673795449656811,3.078573703765869
1748622880.8686042,-10.67262927106438,3.0788254737854004
1748622880.9019642,-10.671108904495211,3.077812671661377
1748622880.9353647,-10.669943680894399,3.0782647132873535
1748622880.9687717,-10.668946133755941,3.0775022506713867
1748622881.0021775,-10.667932326922624,3.078108787536621
1748622881.0355823,-10.666857515540636,3.077233076095581
1748622881.0689902,-10.665549979194033,3.077782392501831
1748622881.102627,-10.664870311962856,3.0768940448760986
1748622881.1361382,-10.663832300768972,3.0778205394744873
1748622881.1695788,-10.662736405672536,3.0768532752990723
1748622881.20299,-10.661656897536359,3.077953338623047
1748622881.237528,-10.661314028477042,3.077946662902832
1748622881.2709446,-10.660357424323811,3.07757306098938
1748622881.3055506,-10.659409725683162,3.0777244567871094
1748622881.3389716,-10.65885074182202,3.0777294635772705
1748622881.3723712,-10.65829163547095,3.077744483947754
1748622881.405812,-10.657441694560264,3.077695369720459
1748622881.439223,-10.656856086666613,3.077709913253784
1748622881.4726126,-10.656011853268588,3.0777034759521484
1748622881.6798174,-10.655302928704652,3.077697992324829
1748622881.713301,-10.655294001334536,3.077831745147705
1748622881.7467265,-10.653275768564127,3.0799660682678223
1748622881.7801404,-10.649674968774612,3.0767757892608643
1748622881.8135798,-10.644337728568864,3.0681345462799072
1748622881.8471522,-10.63774899005003,3.0609843730926514
1748622881.8805676,-10.628527873178149,3.0507123470306396
1748622881.9139705,-10.621575940718122,3.04276967048645
1748622881.947384,-10.614035037289737,3.03467059135437
1748622881.9816012,-10.60448099761167,3.026383399963379
1748622882.0150092,-10.597085649469932,3.0156829357147217
1748622882.0484364,-10.589429814422507,3.0068421363830566
1748622882.0819602,-10.582505158305144,2.998548984527588
1748622882.1153667,-10.574582219339442,2.9905285835266113
1748622882.1488872,-10.567398164976156,2.9822280406951904
1748622882.1823976,-10.559962580544141,2.9736502170562744
1748622882.215967,-10.54981025828659,2.96523118019104
1748622882.2493782,-10.542545654165655,2.9579405784606934
1748622882.2828329,-10.534949711573379,2.9504575729370117
1748622882.32505,-10.524965671172298,2.942018508911133
1748622882.3665042,-10.513152827257299,2.93080735206604
1748622882.4164083,-10.504014238134983,2.91795015335083
1748622882.4504094,-10.494225122335234,2.909895658493042
1748622882.4839292,-10.487103935944416,2.9019644260406494
1748622882.5173638,-10.479472744936027,2.890662908554077
1748622882.5551143,-10.46960176953645,2.879648447036743
1748622882.5935857,-10.459721724925473,2.871368646621704
1748622882.628375,-10.452307543472559,2.8600575923919678
1748622882.6679497,-10.442173466437609,2.8491644859313965
1748622882.7028236,-10.43221767666599,2.841275930404663
1748622882.7410917,-10.422559761777636,2.8327836990356445
1748622882.7745008,-10.415554368924155,2.835221767425537
1748622882.8079135,-10.408683245150886,2.8368492126464844
1748622882.843816,-10.400239527995812,2.828979969024658
1748622882.8790238,-10.39398420874263,2.821589231491089
1748622882.913004,-10.387078052097799,2.8139758110046387
1748622882.946411,-10.379474294381891,2.8060872554779053
1748622882.980437,-10.37025949379445,2.79567289352417
1748622883.014319,-10.362924095071241,2.786916971206665
1748622883.0479808,-10.35556039441596,2.7789337635040283
1748622883.081348,-10.3457068460067,2.770700454711914
1748622883.115395,-10.338309041253257,2.7596700191497803
1748622883.1508164,-10.33065860408672,2.7514047622680664
1748622883.1842809,-10.321030236246683,2.743131399154663
1748622883.2190151,-10.313375396304615,2.731825828552246
1748622883.2557127,-10.303742881824869,2.7238271236419678
1748622883.28917,-10.29608565315013,2.7127914428710938
1748622883.3284168,-10.286451549121962,2.704516887664795
1748622883.3618279,-10.278794446874773,2.6959686279296875
1748622883.3956804,-10.271632204591642,2.6852076053619385
1748622883.4298835,-10.261506167023537,2.6766574382781982
1748622883.470562,-10.251874435964313,2.665898561477661
1748622883.505548,-10.244465408745837,2.654869556427002
1748622883.539017,-10.237056981568031,2.6460471153259277
1748622883.572468,-10.22693386357733,2.638045072555542
1748622883.6059077,-10.21977460506448,2.627275228500366
1748622883.6401262,-10.212372759715006,2.619009494781494
1748622883.6739798,-10.202504298824417,2.6107771396636963
1748622883.7073977,-10.195144712638852,2.599241256713867
1748622883.742393,-10.187736988378722,2.5911521911621094
1748622883.7758346,-10.177793662124783,2.583547353744507
1748622883.809279,-10.170382507809915,2.5727500915527344
1748622883.8445027,-10.162988010449103,2.5672619342803955
1748622883.8779047,-10.155352536675307,2.5562288761138916
1748622883.9113858,-10.148201776037231,2.5476996898651123
1748622883.9506643,-10.13782591497574,2.537081241607666
1748622883.9845202,-10.128436972832173,2.528876543045044
1748622884.0183833,-10.121018127596788,2.5173916816711426
1748622884.0518444,-10.113577192325518,2.510190725326538
1748622884.085262,-10.10366531050536,2.502450942993164
1748622884.1186678,-10.096310703213256,2.49094557762146
1748622884.15392,-10.086381300795754,2.483194589614868
1748622884.188598,-10.078932253677667,2.472442626953125
1748622884.2318654,-10.069055232553527,2.4611308574676514
1748622884.265311,-10.061640429949676,2.453889846801758
1748622884.2988558,-10.05437185447592,2.4460370540618896
1748622884.3332744,-10.044262500059574,2.435666084289551
1748622884.3667018,-10.036636512302852,2.4264798164367676
1748622884.4001145,-10.028984728471968,2.419255495071411
1748622884.4335191,-10.019269620640879,2.411557912826538
1748622884.467057,-10.012185483486233,2.400805711746216
1748622884.500604,-10.004245344798088,2.3928792476654053
1748622884.5343282,-9.997391089166271,2.3839988708496094
1748622884.5682096,-9.987518322027407,2.3731741905212402
1748622884.6016202,-9.97957264022994,2.365750789642334
1748622884.6351328,-9.972797201019095,2.3552544116973877
1748622884.6710017,-9.963253760435412,2.3430674076080322
1748622884.7074032,-9.953357977953537,2.334839344024658
1748622884.7411222,-9.945816223469112,2.327359914779663
1748622884.7745285,-9.937737739908885,2.3189079761505127
1748622884.8081386,-9.931093942484743,2.314674139022827
1748622884.8418489,-9.923902883400528,2.299705743789673
1748622884.875467,-9.916821117479236,2.2909963130950928
1748622884.9197214,-9.906985244178268,2.27951717376709
1748622884.9553926,-9.897518204654519,2.2713043689727783
1748622884.9910674,-9.890265988550352,2.2622179985046387
1748622885.029039,-9.882703838906576,2.2508902549743652
1748622885.070402,-9.873024528224393,2.243253469467163
1748622885.110583,-9.863442756933766,2.2273952960968018
1748622885.1481137,-9.85376229797566,2.2178852558135986
1748622885.1848397,-9.846472309490998,2.2044858932495117
1748622885.2191808,-9.836687415145295,2.192307710647583
1748622885.257597,-9.82680984265546,2.1802618503570557
1748622885.291418,-9.819534824186505,2.1698031425476074
1748622885.324878,-9.809685886935538,2.160773515701294
1748622885.3631535,-9.802013618185775,2.149115562438965
1748622885.3984292,-9.79247181704764,2.139296531677246
1748622885.4318883,-9.785125056379233,2.129734516143799
1748622885.4652967,-9.777479340155523,2.117318630218506
1748622885.4996939,-9.770356166590433,2.1076278686523438
1748622885.537149,-9.760571121029942,2.098595380783081
1748622885.5715714,-9.753152089562446,2.086707592010498
1748622885.6051712,-9.74575775945176,2.07710337638855
1748622885.6397412,-9.735917885459616,2.068099021911621
1748622885.674256,-9.728296415347932,2.0554282665252686
1748622885.7083936,-9.72103660496573,2.0458922386169434
1748622885.745484,-9.711294404524756,2.0354623794555664
1748622885.7794683,-9.70385917676634,2.0266125202178955
1748622885.8148954,-9.694131316005777,2.013735055923462
1748622885.8488395,-9.684270161858892,2.004910707473755
1748622885.8822458,-9.676776083274993,1.9940099716186523
1748622885.9160025,-9.669316797225266,1.9857250452041626
1748622885.9535508,-9.661920418544398,1.9763916730880737
1748622885.9898736,-9.651777291063233,1.9654086828231812
1748622886.0234363,-9.644367942889776,1.957453966140747
1748622886.0568933,-9.632323299430448,1.9498292207717896
1748622886.0907855,-9.622539506160315,1.9387664794921875
1748622886.1245356,-9.608998228630847,1.9296542406082153
1748622886.1581573,-9.599029653638375,1.9207212924957275
1748622886.1915615,-9.588289706564781,1.9110358953475952
1748622886.2250233,-9.577817684390439,1.9020224809646606
1748622886.2584646,-9.570777666170283,1.893925666809082
1748622886.2919238,-9.56040174762906,1.883327603340149
1748622886.3253353,-9.548812349781299,1.8766769170761108
1748622886.3587744,-9.539378493945764,1.8680068254470825
1748622886.3921611,-9.529176869738048,1.8595486879348755
1748622886.4256778,-9.521802166073252,1.8504654169082642
1748622886.4598181,-9.507799193142366,1.8414047956466675
1748622886.493934,-9.500805333887577,1.8323222398757935
1748622886.5276024,-9.49023077005201,1.8246252536773682
1748622886.5611343,-9.479720597470202,1.8184025287628174
1748622886.5952246,-9.472725556556666,1.809614658355713
1748622886.6293514,-9.45869096463352,1.8013696670532227
1748622886.662733,-9.448506311294576,1.79054594039917
1748622886.6968088,-9.437267809167137,1.7827484607696533
1748622886.7302165,-9.426710442007776,1.774830937385559
1748622886.7636275,-9.416075951566972,1.7680717706680298
1748622886.7988174,-9.402348622668768,1.760894536972046
1748622886.8322313,-9.395292954516956,1.7539896965026855
1748622886.8656356,-9.384706250823704,1.747196078300476
1748622886.8991363,-9.373762882810171,1.740541696548462
1748622886.933502,-9.363531648893664,1.7338780164718628
1748622886.9669058,-9.3529490561007,1.7273272275924683
1748622887.0003374,-9.338800017272007,1.7213853597640991
1748622887.033705,-9.328209991126826,1.713448166847229
1748622887.0672448,-9.317601620049283,1.7093943357467651
1748622887.1006489,-9.307355732007217,1.7037092447280884
1748622887.1340942,-9.299930915579749,1.6977462768554688
1748622887.1675029,-9.289305919541185,1.6925852298736572
1748622887.2011235,-9.278687497346954,1.6874898672103882
1748622887.2345245,-9.268090982225136,1.683767318725586
1748622887.2679274,-9.25747214958359,1.6772611141204834
1748622887.3013475,-9.246832273556095,1.6727030277252197
1748622887.3347776,-9.236244026569317,1.6674476861953735
1748622887.3682127,-9.222057298060639,1.6633179187774658
1748622887.4016168,-9.211755687438346,1.6599175930023193
1748622887.4350355,-9.200784183062748,1.6553550958633423
1748622887.4684503,-9.189788262224946,1.6514451503753662
1748622887.5018923,-9.179525013115207,1.6459745168685913
1748622887.5353048,-9.168891929154814,1.64215886592865
1748622887.5692773,-9.158242732554926,1.6399706602096558
1748622887.6027136,-9.147647454861199,1.6351903676986694
1748622887.636552,-9.136978635380155,1.631145715713501
1748622887.669967,-9.126328320197613,1.6277800798416138
1748622887.7034094,-9.115672379511695,1.6251423358917236
1748622887.736828,-9.105032736644159,1.6216894388198853
1748622887.770241,-9.090480831066996,1.618682622909546
1748622887.8037708,-9.07982157580111,1.6163543462753296
1748622887.8371778,-9.06916802292235,1.613968014717102
1748622887.8709674,-9.062786696379794,1.6110225915908813
1748622887.9043624,-9.047846442686897,1.609183430671692
1748622887.937765,-9.04146629107983,1.605918288230896
1748622887.9713488,-9.030804217259854,1.6037304401397705
1748622888.0048196,-9.019778293714598,1.602376937866211
1748622888.038216,-9.009097433213478,1.599634051322937
1748622888.07159,-8.998443331701964,1.596847653388977
1748622888.1051965,-8.983829222628962,1.5956616401672363
1748622888.138615,-8.973498850113995,1.593748927116394
1748622888.1720185,-8.962830509333106,1.591685175895691
1748622888.2054522,-8.95216264675503,1.58954656124115
1748622888.238867,-8.941111866128386,1.5883874893188477
1748622888.2722595,-8.930783737870728,1.5871816873550415
1748622888.3058307,-8.916566789389842,1.58589506149292
1748622888.3393035,-8.905554847778353,1.584019422531128
1748622888.3727083,-8.895237204743271,1.5833622217178345
1748622888.4061725,-8.884575345830745,1.5822793245315552
1748622888.439587,-8.8774691605502,1.5808870792388916
1748622888.4731026,-8.866806333218344,1.5802334547042847
1748622888.5065916,-8.855786699437465,1.5786941051483154
1748622888.5399935,-8.845473610386627,1.5776245594024658
1748622888.573843,-8.834453123366147,1.5767053365707397
1748622888.6072729,-8.824144591823432,1.5759150981903076
1748622888.640681,-8.813841474594511,1.5743827819824219
1748622888.6744328,-8.802813370487776,1.5740734338760376
1748622888.707839,-8.792150676934858,1.573039174079895
1748622888.741327,-8.781489821222982,1.572090983390808
1748622888.7747347,-8.770827362991062,1.5716137886047363
1748622888.8081803,-8.760167247376938,1.5710175037384033
1748622888.841582,-8.749861827988799,1.570307970046997
1748622888.8749862,-8.738847759986674,1.5694934129714966
1748622888.9083848,-8.728187008189554,1.569220781326294
1748622888.941863,-8.717174680234425,1.5682743787765503
1748622888.9752605,-8.706870521596182,1.5680723190307617
1748622889.00866,-8.696211085885297,1.5675681829452515
1748622889.0421197,-8.68590774957809,1.5672216415405273
1748622889.0757275,-8.678445619525789,1.5670634508132935
1748622889.109168,-8.667787780520896,1.566188931465149
1748622889.1425989,-8.65712927593379,1.5663015842437744
1748622889.176002,-8.64646950961291,1.5662251710891724
1748622889.2094471,-8.635809513252095,1.565954566001892
1748622889.2428653,-8.625151102873573,1.565261721611023
1748622889.276264,-8.614135219554088,1.5657655000686646
1748622889.3097034,-8.603830710420203,1.5656754970550537
1748622889.3431256,-8.590905055385573,1.5654048919677734
1748622889.3765292,-8.586390187640532,1.5644521713256836
1748622889.41008,-8.581057986215079,1.5649460554122925
1748622889.4443555,-8.576698139355496,1.564692497253418
1748622889.477956,-8.572846908906026,1.5644233226776123
1748622889.5113792,-8.569288259523962,1.5640653371810913
1748622889.544779,-8.565881585395665,1.5639386177062988
1748622889.5783527,-8.56257340702435,1.5637680292129517
1748622889.6117513,-8.559417926285132,1.5642211437225342
1748622889.6463642,-8.556088502990633,1.5638790130615234
1748622889.6799614,-8.553734825299406,1.5633845329284668
1748622889.7133622,-8.549766178448468,1.5634881258010864
1748622889.7469287,-8.546458270391847,1.563094139099121
1748622889.7803984,-8.543149509690068,1.562292218208313
1748622889.8148277,-8.538904089661765,1.5626490116119385
1748622889.8482463,-8.53565690532108,1.5619956254959106
1748622889.8816571,-8.53241473404918,1.5611557960510254
1748622889.9152708,-8.530361852855311,1.5612359046936035
1748622889.9486797,-8.527153097403277,1.5602439641952515
1748622889.9820888,-8.523807960746966,1.5600569248199463
1748622890.0154972,-8.520564908286374,1.558651089668274
1748622890.0489242,-8.517391778577476,1.5586141347885132
1748622890.0827253,-8.51509500714954,1.558046817779541
1748622890.1161287,-8.510289309597926,1.556934118270874
1748622890.1500652,-8.506388229322472,1.5560740232467651
1748622890.1834884,-8.50372422968918,1.555782437324524
1748622890.2168894,-8.498523574352046,1.5553587675094604
1748622890.2503078,-8.49586738757056,1.5552289485931396
1748622890.2837439,-8.491750290266747,1.554332971572876
1748622890.3176544,-8.487699372954241,1.5546139478683472
1748622890.3513923,-8.484119692792959,1.5522358417510986
1748622890.3847964,-8.480370378354207,1.5510387420654297
1748622890.4181979,-8.476620359017009,1.5501680374145508
1748622890.4522038,-8.473011312658068,1.5478801727294922
1748622890.4856446,-8.468078330709702,1.5471007823944092
1748622890.51916,-8.465808380305454,1.5467751026153564
1748622890.5526752,-8.461126019137309,1.5441699028015137
1748622890.5860748,-8.457843308206387,1.5421473979949951
1748622890.619485,-8.454455671645004,1.5404242277145386
1748622890.652886,-8.45115998433712,1.5387377738952637
1748622890.6866937,-8.447992825664068,1.5377888679504395
1748622890.7201605,-8.444792260297941,1.536463975906372
1748622890.7535899,-8.441522303839424,1.5357234477996826
1748622890.7871444,-8.438391643291451,1.535598874092102
1748622890.8205638,-8.435421097709197,1.534454345703125
1748622890.8539677,-8.432126321106109,1.5348584651947021
1748622890.8873198,-8.429180915163593,1.5338692665100098
1748622890.9207675,-8.42620660534148,1.5331289768218994
1748622890.9542766,-8.423274875629895,1.5330069065093994
1748622890.9877217,-8.420408567461182,1.531712532043457
1748622891.0211642,-8.41747378712423,1.5316271781921387
1748622891.0547194,-8.414653261626839,1.529881238937378
1748622891.0881193,-8.411848505219972,1.5293214321136475
1748622891.1215458,-8.410100246571115,1.5291117429733276
1748622891.1549535,-8.407319282760666,1.5277661085128784
1748622891.188416,-8.404652898598139,1.5283141136169434
1748622891.2218277,-8.401254936541555,1.5267994403839111
1748622891.2552273,-8.398723786033196,1.5266597270965576
1748622891.288682,-8.396306662871751,1.527255654335022
1748622891.322096,-8.394083087408145,1.5256119966506958
1748622891.355496,-8.391798770047464,1.5260450839996338
1748622891.388886,-8.389437247176835,1.525017499923706
1748622891.4224117,-8.387184244497938,1.525296688079834
1748622891.4558213,-8.38493992316662,1.5242925882339478
1748622891.4893072,-8.38257299478135,1.524157166481018
1748622891.5227635,-8.380427517683751,1.5239357948303223
1748622891.5561652,-8.378187779117221,1.5236599445343018
1748622891.5895483,-8.376020611974157,1.5223480463027954
1748622891.6229715,-8.373996258342775,1.5225355625152588
1748622891.6563625,-8.371953872627808,1.522282361984253
1748622891.689768,-8.369357446120599,1.5212429761886597
1748622891.7232018,-8.367291033490991,1.5213111639022827
1748622891.7566674,-8.365308545750601,1.5213963985443115
1748622891.790069,-8.363370335584571,1.520751953125
1748622891.823488,-8.36080460095008,1.5201497077941895
1748622891.8569236,-8.358825245163443,1.5214500427246094
1748622891.8902946,-8.356914699894501,1.5204393863677979
1748622891.9238815,-8.355003362702492,1.5202628374099731
1748622891.9573467,-8.353762751783457,1.5203752517700195
1748622891.9907644,-8.351925042962577,1.5197097063064575
1748622892.0243423,-8.350087391182862,1.5200258493423462
1748622892.0577495,-8.348321364452923,1.5190929174423218
1748622892.0911949,-8.346415598030505,1.519511342048645
1748622892.1246088,-8.344661536762922,1.5191668272018433
1748622892.1580615,-8.343586777607944,1.5189154148101807
1748622892.1914687,-8.341892714677874,1.5185424089431763
1748622892.2248714,-8.340312700645823,1.5183755159378052
1748622892.2585413,-8.33886960246568,1.5168014764785767
1748622892.2919936,-8.337247743454654,1.5173656940460205
1748622892.32544,-8.335701325598563,1.516416311264038
1748622892.3588836,-8.333666508722015,1.5167428255081177
1748622892.392384,-8.332266027547979,1.5157496929168701
1748622892.4257987,-8.330749984358757,1.5158478021621704
1748622892.4592547,-8.329306819719127,1.5147571563720703
1748622892.4926896,-8.327935356614088,1.514897346496582
1748622892.526091,-8.326574126190502,1.5138996839523315
1748622892.559529,-8.32526920405039,1.5139132738113403
1748622892.5929413,-8.323914850876307,1.5130332708358765
1748622892.6277719,-8.322602131260917,1.5134958028793335
1748622892.6611423,-8.321282604306907,1.51274836063385
1748622892.6947093,-8.319466871611157,1.5132114887237549
1748622892.7281566,-8.318200655494236,1.5123200416564941
1748622892.7615447,-8.31691398709214,1.5131713151931763
1748622892.7949655,-8.315471448266832,1.5118446350097656
1748622892.8283825,-8.314226776973758,1.5129090547561646
1748622892.8618186,-8.31290626493706,1.5126620531082153
1748622892.8953228,-8.311662634123657,1.512350082397461
1748622892.9287858,-8.310591896813952,1.5124117136001587
1748622892.962234,-8.309490045050802,1.5124220848083496
1748622892.9956677,-8.308423493265792,1.5124566555023193
1748622893.0290859,-8.30734901343276,1.5124809741973877
1748622893.0624852,-8.306330790935705,1.512500524520874
1748622893.0961487,-8.305329408915997,1.5123023986816406
1748622893.12959,-8.304342652785158,1.5123417377471924
1748622893.1630495,-8.30308689856343,1.5122723579406738
1748622893.1966348,-8.302107890113065,1.5122374296188354
1748622893.230043,-8.30148526223371,1.5122015476226807
1748622893.2637546,-8.300289711202188,1.5121592283248901
1748622893.2971497,-8.299386599764198,1.5121241807937622
1748622893.3305626,-8.298763021171725,1.5120840072631836
1748622893.3639724,-8.297565074717562,1.5120468139648438
1748622893.3976831,-8.296761828256258,1.5120128393173218
1748622893.431086,-8.295885947318506,1.5119761228561401
1748622893.4645019,-8.295024402640175,1.5119307041168213
1748622893.497955,-8.294257934575148,1.5118952989578247
1748622893.531372,-8.293422668391509,1.5118603706359863
1748622893.5647635,-8.2926265750515,1.5118281841278076
1748622893.5982523,-8.29181806327159,1.5117955207824707
1748622893.6316943,-8.291098411988296,1.5117743015289307
1748622893.6652424,-8.290606226166991,1.5117449760437012
1748622893.6988015,-8.290115944088473,1.5117318630218506
1748622893.7322369,-8.289944396286485,1.511724591255188
1748622893.7656462,-8.28986219915635,1.5117205381393433
1748622893.799049,-8.28982156917374,1.5117186307907104
1748622893.8324664,-8.289801039471214,1.5117172002792358
1748622893.8660657,-8.289790992527578,1.5117160081863403
1748622893.8994696,-8.289786187955823,1.511715054512024
1748622893.932962,-8.289782817009971,1.5117144584655762
1748622893.9667048,-8.289781876501902,1.5117138624191284
1748622894.0001173,-8.289781700010002,1.5117131471633911
1748622894.033769,-8.289781018920808,1.5117135047912598
1748622894.0671737,-8.289780367733947,1.5117192268371582
1748622894.1005726,-8.289780238199052,1.5117161273956299
1748622894.1342247,-8.28978030025343,1.5117160081863403
1748622894.167659,-8.289780393236677,1.5117161273956299
1748622894.2011497,-8.289780424231092,1.5117160081863403
1748622894.234531,-8.28978090106825,1.5117160081863403
1748622894.2679288,-8.28978090106825,1.5117160081863403
1748622894.301377,-8.289780916565457,1.5117160081863403
1748622894.3348043,-8.289780947559871,1.5117158889770508
1748622894.3682618,-8.28978142439703,1.5117158889770508
1748622894.401709,-8.28978142439703,1.5117158889770508
1748622894.4351192,-8.289781439894236,1.5117157697677612
1748622894.468524,-8.289781439894236,1.5117157697677612
1748622894.5019376,-8.289781439894236,1.5117157697677612
1748622894.535345,-8.289781947725809,1.5117157697677612
1748622894.5687504,-8.289781963223016,1.5117156505584717
1748622894.602098,-8.289781963223016,1.5117156505584717
1748622894.635473,-8.289781963223016,1.5117156505584717
1748622894.6700344,-8.28977628930097,1.5117343664169312
1748622894.7036126,-8.28977065338868,1.511721134185791
1748622894.7370248,-8.289764785934832,1.5117311477661133
1748622894.7704334,-8.28976566437856,1.5117281675338745
1748622894.8038402,-8.289764719029339,1.5117359161376953
1748622894.8372533,-8.289762279664721,1.511731505393982
1748622894.8707852,-8.289761386598563,1.5117348432540894
1748622894.904189,-8.28975973087464,1.5117310285568237
1748622894.9378524,-8.289758294420867,1.5117316246032715
1748622894.9712517,-8.289756714120037,1.5117300748825073
1748622895.0049443,-8.289754296079126,1.511729121208191
1748622895.038343,-8.289753396868111,1.5117284059524536
1748622895.071802,-8.28975172462763,1.5117281675338745
1748622895.1052282,-8.289750176785128,1.5117288827896118
1748622895.1386259,-8.28974879132116,1.5117290019989014
1748622895.1720564,-8.289746529687836,1.5117275714874268
1748622895.2054815,-8.289744738749276,1.5117260217666626
1748622895.238993,-8.28974381857035,1.5117262601852417
1748622895.2724028,-8.289742073643176,1.511724591255188
1748622895.3058515,-8.289740551393212,1.5117233991622925
1748622895.3392608,-8.28973857542065,1.5117237567901611
1748622895.3726618,-8.289736929801705,1.5117247104644775
1748622895.4060442,-8.289735917420412,1.5117226839065552
1748622895.439443,-8.289734332441531,1.5117236375808716
1748622895.472843,-8.289732643514613,1.511722445487976
1748622895.5063272,-8.289730813901782,1.5117210149765015
1748622895.5398417,-8.289729302822424,1.511720061302185
1748622895.5732388,-8.289727055516126,1.5117195844650269
1748622895.6066504,-8.289725455179196,1.5117182731628418
1748622895.6400602,-8.289723986639345,1.5117181539535522
1748622895.6734731,-8.289722425444348,1.5117192268371582
1748622895.706893,-8.289720874983928,1.5117188692092896
1748622895.740426,-8.28971878367119,1.511717438697815
1748622895.7738338,-8.289717045671306,1.5117158889770508
1748622895.807234,-8.289716078099293,1.5117161273956299
1748622895.841427,-8.28971389656212,1.5117144584655762
1748622895.8748338,-8.289712446612917,1.5117132663726807
1748622895.9082448,-8.289711029128307,1.5117131471633911
1748622895.941822,-8.289709264715006,1.5117121934890747
1748622895.9752207,-8.289706881627115,1.5117125511169434
1748622896.0086236,-8.289705427890144,1.5117113590240479
1748622896.0420454,-8.289703871818272,1.5117119550704956
1748622896.0754535,-8.289702895063318,1.5117108821868896
1748622896.1088502,-8.2897008522424,1.5117098093032837
1748622896.1422513,-8.28969894810864,1.5117088556289673
1748622896.1756485,-8.28969714335567,1.5117090940475464
1748622896.2091131,-8.289695447016191,1.5117080211639404
1748622896.2425184,-8.28969389094385,1.5117086172103882
1748622896.275924,-8.289692505473473,1.5117087364196777
1748622896.3093321,-8.289691020712942,1.5117075443267822
1748622896.3427384,-8.289689581402119,1.511705756187439
1748622896.3762174,-8.289687577090714,1.5117048025131226
1748622896.4097517,-8.289686223485248,1.511706829071045
1748622896.4431863,-8.289684672130202,1.511705756187439
1748622896.4778614,-8.289682912764865,1.5117053985595703
1748622896.511284,-8.289682048772205,1.5117042064666748
1748622896.5447037,-8.2896803592135,1.5117024183273315
1748622896.5781033,-8.289678585742353,1.5117014646530151
1748622896.6117234,-8.289677013654106,1.511701226234436
1748622896.6451375,-8.289675457580817,1.5117018222808838
1748622896.8061821,-8.289663693581401,1.5116987228393555
1748622896.8396034,-8.287673029722237,1.5109126567840576
1748622896.8858864,-8.279707046432799,1.5171197652816772
1748622896.9197257,-8.273795561910251,1.521949291229248
1748622896.9532597,-8.266962000388352,1.5265519618988037
1748622896.986663,-8.257335400386186,1.5316433906555176
1748622897.0204084,-8.25020335791059,1.5395084619522095
1748622897.0547614,-8.242468470333748,1.544390082359314
1748622897.0923078,-8.23198933042128,1.5509967803955078
1748622897.1260757,-8.222135144739239,1.5573831796646118
1748622897.1597216,-8.214177229403875,1.563019037246704
1748622897.1951027,-8.206728751331502,1.568616509437561
1748622897.2286174,-8.19631966953129,1.5743056535720825
1748622897.2635636,-8.188666558924975,1.5815740823745728
1748622897.2975585,-8.17876126041551,1.5869606733322144
1748622897.3319418,-8.17118533681426,1.5955098867416382
1748622897.3654494,-8.163576132921671,1.6003578901290894
1748622897.3988707,-8.15313964744617,1.6058610677719116
1748622897.4327993,-8.14575721236126,1.6126374006271362
1748622897.4662535,-8.138153518896509,1.6184178590774536
1748622897.4997988,-8.128051522664757,1.624456524848938
1748622897.5332096,-8.120431160028605,1.6313453912734985
1748622897.5668406,-8.11280135531838,1.6370829343795776
1748622897.6005993,-8.102699634008426,1.6427699327468872
1748622897.6358135,-8.095105073688957,1.650351643562317
1748622897.669923,-8.087498574657726,1.6561869382858276
1748622897.7033205,-8.077358748159499,1.6614326238632202
1748622897.7367737,-8.069502255713598,1.6670453548431396
1748622897.7701764,-8.062167961434092,1.6725354194641113
1748622897.8035936,-8.054318165165341,1.680001139640808
1748622897.8370035,-8.04698007176521,1.6858547925949097
1748622897.8709905,-8.039382132018336,1.6912870407104492
1748622897.9043894,-8.029253558349964,1.696931004524231
1748622897.93782,-8.021656771332598,1.7025718688964844
1748622897.9713333,-8.013806909015234,1.7102798223495483
1748622898.0048065,-8.003679286901349,1.7159181833267212
1748622898.039156,-7.996337187806035,1.7232495546340942
1748622898.0725641,-7.988488668194365,1.7288868427276611
1748622898.1059918,-7.980892842669324,1.7345243692398071
1748622898.1395037,-7.973550510611474,1.7403520345687866
1748622898.1729846,-7.96342351593827,1.7476836442947388
1748622898.2077367,-7.953043058381451,1.7535107135772705
1748622898.2412364,-7.9457004763299555,1.760841965675354
1748622898.274626,-7.938105268198928,1.7664834260940552
1748622898.308153,-7.930511690498792,1.7719146013259888
1748622898.3416553,-7.920331263423595,1.7770119905471802
1748622898.3752933,-7.912754981472086,1.7849185466766357
1748622898.411333,-7.905186869924244,1.7908517122268677
1748622898.445236,-7.897587771006804,1.7964459657669067
1748622898.4786563,-7.887166418511245,1.8015990257263184
1748622898.512133,-7.879551998105959,1.8067110776901245
1748622898.5455759,-7.8719649436210215,1.8141511678695679
1748622898.5789902,-7.864344145903991,1.819463849067688
1748622898.612773,-7.856766637759179,1.8255070447921753
1748622898.647621,-7.846944234734769,1.8313392400741577
1748622898.681081,-7.839347769319181,1.8390594720840454
1748622898.7148113,-7.8292492009521615,1.8442968130111694
1748622898.748503,-7.821671740741496,1.8499245643615723
1748622898.781902,-7.814095961480052,1.857643485069275
1748622898.8153121,-7.806540537453778,1.8633077144622803
1748622898.850425,-7.796439411481536,1.8708890676498413
1748622898.885202,-7.788880013527054,1.876686930656433
1748622898.9194846,-7.7787751009350785,1.8841360807418823
1748622898.952893,-7.768415609681016,1.8898628950119019
1748622898.9864597,-7.760588440124802,1.897213339805603
1748622899.0202541,-7.753523093741497,1.903119683265686
1748622899.0536544,-7.743167808542828,1.9088168144226074
1748622899.087059,-7.735839891472399,1.9157787561416626
1748622899.1205328,-7.727711087570919,1.9211019277572632
1748622899.1539593,-7.718126787775204,1.926788568496704
1748622899.1879416,-7.710283541684608,1.9341883659362793
1748622899.2214732,-7.702704986271974,1.9401589632034302
1748622899.2549453,-7.692551050482999,1.9466875791549683
1748622899.288368,-7.685192488922094,1.9522043466567993
1748622899.3217711,-7.677613772264211,1.9578646421432495
1748622899.3551855,-7.667450285032706,1.9628467559814453
1748622899.3885913,-7.65981009267324,1.9694451093673706
1748622899.4219947,-7.65215293867405,1.974715232849121
1748622899.4554186,-7.644287871331857,1.9802719354629517
1748622899.4890475,-7.634316660104829,1.9867701530456543
1748622899.5225186,-7.626406073718011,1.9926053285598755
1748622899.555951,-7.616482694272393,1.9979547262191772
1748622899.5893545,-7.608893022006305,2.006284236907959
1748622899.6227973,-7.601087899021947,2.01204776763916
1748622899.656199,-7.593466536758557,2.0175037384033203
1748622899.6896002,-7.5832816939346115,2.022724151611328
1748622899.7230122,-7.575638365412624,2.027536630630493
1748622899.761377,-7.568348611906489,2.0352730751037598
1748622899.7948463,-7.560702842772234,2.0408365726470947
1748622899.8282616,-7.552859731992077,2.0461208820343018
1748622899.861835,-7.542975651202503,2.051422357559204
1748622899.8954468,-7.535512021144827,2.0605828762054443
1748622899.9302037,-7.525409779472752,2.0659756660461426
1748622899.9636204,-7.517852095328109,2.0735905170440674
1748622899.9973621,-7.510031758782516,2.0789926052093506
1748622900.031054,-7.5001599656227445,2.0840275287628174
1748622900.0646498,-7.492674484482316,2.0925960540771484
1748622900.0984297,-7.485246497742057,2.0996110439300537
1748622900.132906,-7.475290297903699,2.10646390914917
1748622900.1671848,-7.467511865418459,2.1127514839172363
1748622900.2006004,-7.460046785345854,2.1219072341918945
1748622900.234018,-7.4528196673367715,2.127380609512329
1748622900.2674317,-7.44267861356584,2.1332099437713623
1748622900.301004,-7.434974408379781,2.1408913135528564
1748622900.3376613,-7.427406404672298,2.148782730102539
1748622900.3710747,-7.4199997449584725,2.1564598083496094
1748622900.4045703,-7.410470656120695,2.1635518074035645
1748622900.4379783,-7.402717643470468,2.171889305114746
1748622900.4717135,-7.395782834274276,2.1813764572143555
1748622900.5051246,-7.3863499386477836,2.1882622241973877
1748622900.5386672,-7.378619735467631,2.1961276531219482
1748622900.572379,-7.3714446588926075,2.2068257331848145
1748622900.6058016,-7.362697084734425,2.216428756713867
1748622900.639212,-7.35551351634451,2.2254507541656494
1748622900.6727762,-7.3459146182496236,2.234590768814087
1748622900.7062125,-7.338396176746733,2.2437636852264404
1748622900.739741,-7.33123372203673,2.2539658546447754
1748622900.773585,-7.320906149171072,2.263062000274658
1748622900.806988,-7.313635127390998,2.270111083984375
1748622900.8407934,-7.306587342682926,2.281156063079834
1748622900.874625,-7.296847042308898,2.2905280590057373
1748622900.9085345,-7.289696837906822,2.298330307006836
1748622900.9419503,-7.282367523073916,2.310335397720337
1748622900.9759307,-7.2749902607743975,2.318295955657959
1748622901.0109577,-7.265011740411475,2.3261497020721436
1748622901.0445561,-7.257661356412362,2.3377060890197754
1748622901.0780659,-7.2501032273826,2.3462235927581787
1748622901.1116412,-7.240390567043887,2.35412335395813
1748622901.145052,-7.232764200108362,2.362719774246216
1748622901.1785421,-7.225347538376336,2.3730647563934326
1748622901.2127426,-7.217720446206198,2.3813488483428955
1748622901.2461529,-7.211128559169385,2.390388250350952
1748622901.2797709,-7.2006899128118365,2.3979647159576416
1748622901.3135383,-7.193188334886811,2.4068610668182373
1748622901.3475285,-7.1861262682560945,2.4169669151306152
1748622901.381147,-7.176644137341975,2.424830436706543
1748622901.4146543,-7.168884867246366,2.433063507080078
1748622901.4480584,-7.161200893100176,2.4405384063720703
1748622901.4815197,-7.154429167448597,2.4503464698791504
1748622901.5151875,-7.147089473916094,2.4645395278930664
1748622901.5487761,-7.13961421777375,2.4730329513549805
1748622901.5821848,-7.1299153557919706,2.4846229553222656
1748622901.6155992,-7.120344944653358,2.4927945137023926
1748622901.6490202,-7.1128673900378505,2.5004382133483887
1748622901.6826746,-7.105485826587932,2.5086283683776855
1748622901.7163458,-7.097854611027426,2.5200655460357666
1748622901.749788,-7.090708240930336,2.528668165206909
1748622901.783279,-7.083336393226341,2.536756753921509
1748622901.816768,-7.073521919011607,2.545555830001831
1748622901.8501725,-7.066193028698501,2.5575079917907715
1748622901.8838494,-7.058868332934706,2.5668938159942627
1748622901.9172993,-7.05156329183779,2.5760507583618164
1748622901.9507034,-7.041761657826223,2.58457350730896
1748622901.9851701,-7.0343824378905095,2.5961759090423584
1748622902.018584,-7.027010714816189,2.604278802871704
1748622902.052114,-7.019608636067664,2.6137006282806396
1748622902.0883217,-7.009858138520195,2.6259214878082275
1748622902.1217566,-6.9999274887187015,2.6337547302246094
1748622902.1555054,-6.992269476301828,2.6424074172973633
1748622902.1889071,-6.984878488571639,2.6534717082977295
1748622902.222316,-6.977444025060853,2.661503314971924
1748622902.2557352,-6.967554954656909,2.6703574657440186
1748622902.289183,-6.960340994684581,2.6805849075317383
1748622902.3226585,-6.952685433408383,2.68632435798645
1748622902.3561442,-6.9452716474699825,2.696692943572998
1748622902.389548,-6.935456645751405,2.7057945728302
1748622902.4230053,-6.928249545302757,2.7159616947174072
1748622902.4586203,-6.920725057850699,2.7234292030334473
1748622902.4920406,-6.910749951111174,2.730762243270874
1748622902.5270529,-6.903347113241366,2.741225481033325
1748622902.5613494,-6.895850893439946,2.748650550842285
1748622902.5949306,-6.8856566296289925,2.756207227706909
1748622902.629609,-6.878461494560332,2.76628041267395
1748622902.6645865,-6.870915777924729,2.77286958694458
1748622902.7041912,-6.86096132535503,2.78314208984375
1748622902.740745,-6.850860394283407,2.7887136936187744
1748622902.7790308,-6.84336972157728,2.7978272438049316
1748622902.8265705,-6.830901586050787,2.8063738346099854
1748622902.861038,-6.823157479715534,2.8149638175964355
1748622902.9060178,-6.810882537212501,2.8229973316192627
1748622902.9486027,-6.8009077880633955,2.831380605697632
1748622902.9958594,-6.790610780488224,2.8407232761383057
1748622903.0341077,-6.780829877164875,2.8488357067108154
1748622903.0678654,-6.770850121517073,2.8547861576080322
1748622903.1057186,-6.763233721454588,2.8602659702301025
1748622903.1415231,-6.752981275040764,2.8662712574005127
1748622903.1756246,-6.745495047950561,2.874030113220215
1748622903.2092617,-6.7376675722442165,2.878795862197876
1748622903.2430089,-6.728043643306429,2.88358998298645
1748622903.2765396,-6.720423861029912,2.8900489807128906
1748622903.3105989,-6.712522284356078,2.894136428833008
1748622903.344388,-6.702318304692956,2.8992793560028076
1748622903.3783507,-6.694889838683524,2.9056575298309326
1748622903.4123614,-6.686795353896005,2.910120964050293
1748622903.4478748,-6.676671976704847,2.9165055751800537
1748622903.4837966,-6.668829787138611,2.9210824966430664
1748622903.5203629,-6.658243294527763,2.926024913787842
1748622903.554301,-6.647836426159721,2.92981219291687
1748622903.5877101,-6.639269138045922,2.934504747390747
1748622903.6211405,-6.6311366409442405,2.9373745918273926
1748622903.654558,-6.623306642137449,2.940638303756714
1748622903.6881013,-6.615211614572519,2.943953275680542
1748622903.7215068,-6.607102251356992,2.947030782699585
1748622903.7552555,-6.599013691275547,2.950028896331787
1748622903.7888849,-6.590944748297548,2.9546828269958496
1748622903.8223307,-6.582851965743773,2.9568135738372803
1748622903.8557377,-6.57474915619065,2.9607295989990234
1748622903.889182,-6.5661174293893,2.9639408588409424
1748622903.9225838,-6.558848558538049,2.967435836791992
1748622903.9559915,-6.550483466169024,2.970357894897461
1748622903.9893663,-6.542113599173998,2.9733753204345703
1748622904.0227711,-6.534296302535883,2.976515293121338
1748622904.0561838,-6.526483661785745,2.9797723293304443
1748622904.0896304,-6.518129602038492,2.983168840408325
1748622904.1230474,-6.5097562618576665,2.985912799835205
1748622904.1564503,-6.501924194001835,2.9887888431549072
1748622904.1899076,-6.493304459253911,2.992166757583618
1748622904.2234023,-6.485476801657183,2.9950437545776367
1748622904.2570355,-6.477919104600535,2.998033046722412
1748622904.290657,-6.469296612532616,3.00119948387146
1748622904.3240552,-6.461467595689766,3.0031075477600098
1748622904.3574631,-6.4533576607067555,3.0056326389312744
1748622904.3908968,-6.4452687943219615,3.008593797683716
1748622904.4243553,-6.439876785501799,3.0117220878601074
1748622904.457763,-6.431779310296522,3.0143017768859863
1748622904.4911866,-6.423674298548385,3.016852855682373
1748622904.5245893,-6.415042645824846,3.019789934158325
1748622904.558001,-6.407481391617446,3.022319793701172
1748622904.5914717,-6.399388380035306,3.024982452392578
1748622904.6248763,-6.391011413033607,3.027353048324585
1748622904.6582832,-6.382925219910218,3.0303385257720947
1748622904.6916864,-6.372401618339045,3.0329394340515137
1748622904.725092,-6.364562550224507,3.0359323024749756
1748622904.758579,-6.35644826300031,3.0378994941711426
1748622904.7920275,-6.348344594957798,3.039419174194336
1748622904.8255842,-6.340258796505174,3.042250156402588
1748622904.858988,-6.334582786274594,3.0444164276123047
1748622904.8923876,-6.326466027674776,3.0463247299194336
1748622904.9259894,-6.318110141857148,3.048383951187134
1748622904.959398,-6.310538925038249,3.050405740737915
1748622904.9928005,-6.305127086122255,3.0522844791412354
1748622905.026211,-6.296834211368748,3.054556131362915
1748622905.0596602,-6.291132252905996,3.0567409992218018
1748622905.0930672,-6.286633140543749,3.057879686355591
1748622905.1264687,-6.2826008496222645,3.057893753051758
1748622905.1598713,-6.278835963295351,3.059370994567871
1748622905.1932795,-6.275369866413769,3.06001353263855
1748622905.2267036,-6.272024402853842,3.0604000091552734
1748622905.2601054,-6.2687716191545295,3.0615625381469727
1748622905.2935097,-6.265526286343645,3.061394214630127
1748622905.3269548,-6.262343997820841,3.0630550384521484
1748622905.3604264,-6.259149318752423,3.063626289367676
1748622905.3938005,-6.255954941444621,3.0643680095672607
1748622905.4272323,-6.251789978502805,3.0643091201782227
1748622905.460631,-6.2484978521194625,3.065983295440674
1748622905.4940648,-6.245205015849948,3.065402030944824
1748622905.5278013,-6.242036303616469,3.06723690032959
1748622905.561206,-6.2387159582938185,3.0667812824249268
1748622905.5946684,-6.235390825408638,3.0674660205841064
1748622905.6280675,-6.231970221212842,3.0666606426239014
1748622905.6624029,-6.228828347918999,3.068380117416382
1748622905.6958425,-6.225461612421446,3.068680763244629
1748622905.729256,-6.222207060765102,3.068957805633545
1748622905.7626588,-6.218854596849975,3.0681216716766357
1748622905.7960575,-6.2151312881864476,3.068922996520996
1748622905.8294806,-6.2114871354295955,3.0678441524505615
1748622905.8629272,-6.207813144169155,3.0685291290283203
1748622905.8966293,-6.20415854037657,3.066837787628174
1748622905.9300578,-6.201926645808975,3.065239906311035
1748622905.9634721,-6.197193118138234,3.0656070709228516
1748622905.9968817,-6.193752931590435,3.0640294551849365
1748622906.0310352,-6.190223384408037,3.064957618713379
1748622906.0644448,-6.185867381314571,3.0646486282348633
1748622906.097851,-6.182598271118737,3.0632197856903076
1748622906.1312602,-6.1794427976859865,3.063098430633545
1748622906.164706,-6.176246370801819,3.062124490737915
1748622906.1981506,-6.1740296366300615,3.0610055923461914
1748622906.232328,-6.170976601155855,3.0602102279663086
1748622906.265729,-6.166665089476356,3.060439348220825
1748622906.299128,-6.163771567227575,3.0597400665283203
1748622906.332582,-6.16088871758831,3.057313919067383
1748622906.3663256,-6.1587086044155255,3.056565523147583
1748622906.3997054,-6.155874560186179,3.0559000968933105
1748622906.4331224,-6.152154366290138,3.055056571960449
1748622906.4673562,-6.149490171773339,3.0525035858154297
1748622906.5015323,-6.1468440101518524,3.05253005027771
1748622906.534941,-6.144105153426301,3.0511269569396973
1748622906.5683382,-6.141524659984712,3.0514612197875977
1748622906.6017432,-6.1387487232975975,3.0502092838287354
1748622906.635237,-6.136230996604253,3.050251007080078
1748622906.668725,-6.133719871977378,3.0487143993377686
1748622906.7024994,-6.130383854470094,3.048466205596924
1748622906.7359176,-6.127930164249139,3.0480103492736816
1748622906.7693315,-6.125531617892513,3.0471975803375244
1748622906.802864,-6.123165546156375,3.04618239402771
1748622906.836257,-6.120731762788779,3.04596209526062
1748622906.8696554,-6.1184028885484185,3.0462164878845215
1748622906.903064,-6.116199467200041,3.047046184539795
1748622906.9369895,-6.113896339862806,3.0471386909484863
1748622906.9703994,-6.111161523083983,3.0458569526672363
1748622907.0039203,-6.108932832922046,3.0469000339508057
1748622907.037388,-6.106786409986234,3.0464930534362793
1748622907.0707757,-6.104728508289019,3.045975923538208
1748622907.1041863,-6.102787163429756,3.0475075244903564
1748622907.1375768,-6.10085305462309,3.0461485385894775
1748622907.1710017,-6.098904321810071,3.0471675395965576
1748622907.2043996,-6.0969352080697234,3.0467369556427
1748622907.2378068,-6.094994814392898,3.0467281341552734
1748622907.271473,-6.0930322951991505,3.0467257499694824
1748622907.3048387,-6.091221092143912,3.0470333099365234
1748622907.3383715,-6.08875473070208,3.0459678173065186
1748622907.3717804,-6.086970698322191,3.046567678451538
1748622907.4051812,-6.085164667109456,3.044931411743164
1748622907.4386547,-6.083518429317323,3.0464818477630615
1748622907.472067,-6.081861670268998,3.0456960201263428
1748622907.5054717,-6.080203378623704,3.0461864471435547
1748622907.5389483,-6.078554074891833,3.0461652278900146
1748622907.5723438,-6.076922328409101,3.046060562133789
1748622907.6057327,-6.075306704406193,3.04571795463562
1748622907.6394603,-6.0736604603177256,3.0464441776275635
1748622907.6728673,-6.071652635708927,3.0452399253845215
1748622907.7062745,-6.070064905882406,3.0452327728271484
1748622907.7397072,-6.068599571341126,3.045759916305542
1748622907.7730975,-6.067086775702114,3.0447006225585938
1748622907.8064988,-6.065575177083021,3.045452833175659
1748622907.8399422,-6.064105463743135,3.0453577041625977
1748622907.873389,-6.062671956944557,3.0444228649139404
1748622907.9068806,-6.060800637840836,3.0449631214141846
1748622907.940421,-6.059814150096069,3.0438613891601562
1748622907.973841,-6.057805288417373,3.044379234313965
1748622908.007359,-6.056913543831797,3.0442543029785156
1748622908.040756,-6.055553866551922,3.0439517498016357
1748622908.0741558,-6.054258022647299,3.0439045429229736
1748622908.1075566,-6.052555143435821,3.043553113937378
1748622908.1409624,-6.051688412923568,3.04318904876709
1748622908.1743639,-6.050348662651115,3.0438034534454346
1748622908.2077801,-6.048600047799058,3.0429928302764893
1748622908.2413998,-6.047270379532453,3.0436060428619385
1748622908.2748814,-6.046515681696872,3.043558359146118
1748622908.3082478,-6.045394612339365,3.0428733825683594
1748622908.341649,-6.044300644714479,3.0426535606384277
1748622908.375086,-6.043141698554534,3.042792797088623
1748622908.4084942,-6.0420574057684995,3.0429458618164062
1748622908.4419272,-6.041353324666566,3.042473793029785
1748622908.4753907,-6.039958619996344,3.0422141551971436
1748622908.5095525,-6.038917049084685,3.041766405105591
1748622908.542961,-6.037789282933748,3.0423150062561035
1748622908.5771372,-6.0363631827963795,3.0415291786193848
1748622908.611219,-6.035299606080382,3.0414185523986816
1748622908.6447191,-6.03426927786878,3.0417466163635254
1748622908.6781435,-6.033348664603767,3.041078805923462
1748622908.7115788,-6.032306933411428,3.0419986248016357
1748622908.7449894,-6.031359583748388,3.041334629058838
1748622908.7786329,-6.030385882948877,3.042018413543701
1748622908.8120337,-6.029441079735541,3.041860580444336
1748622908.845976,-6.028536998649867,3.0420916080474854
1748622908.8794951,-6.027654925667706,3.0421142578125
1748622908.9131055,-6.026513963054296,3.042454242706299
1748622908.946521,-6.025673032714489,3.0425145626068115
1748622908.9799323,-6.024818936693596,3.0422117710113525
1748622909.0133715,-6.024273860845847,3.0428202152252197
1748622909.046886,-6.023413363742174,3.0424304008483887
1748622909.080253,-6.0223090495915725,3.0426290035247803
1748622909.1136703,-6.021470249882091,3.042597532272339
1748622909.1471016,-6.021159296806768,3.0426344871520996
1748622909.180502,-6.021010491850005,3.042633295059204
1748622909.213902,-6.020936085283518,3.042635679244995
1748622909.2479696,-6.020898932767891,3.042635202407837
1748622909.2813945,-6.020876002373183,3.0426361560821533
1748622909.3148093,-6.020869398844152,3.042635679244995
1748622909.3482094,-6.020865857244778,3.042635440826416
1748622909.3817434,-6.02086403361742,3.042634963989258
1748622909.4153326,-6.020863187236386,3.0426347255706787
1748622909.448772,-6.020863068027096,3.0426347255706787
1748622909.4822066,-6.020862383736508,3.0426313877105713
1748622909.51572,-6.020862507714169,3.0426323413848877
1748622909.5491266,-6.020863135575783,3.0426318645477295
1748622909.582582,-6.020863890883126,3.042635679244995
1748622909.616558,-6.020864131169522,3.0426347255706787
1748622909.6499918,-6.020864179187704,3.0426342487335205
1748622909.683425,-6.020864457881298,3.0426344871520996
1748622909.7169464,-6.020864458149749,3.0426344871520996
1748622909.7503982,-6.0208651159165765,3.0426342487335205
1748622909.783802,-6.020865638113116,3.0426340103149414
1748622909.8172088,-6.020866699303612,3.0426340103149414
1748622909.8505805,-6.020866969679823,3.0426340103149414
1748622909.8842638,-6.020867000531836,3.0426337718963623
1748622909.9184911,-6.0208671507355405,3.042633533477783
1748622909.951907,-6.02086733193366,3.042633533477783
1748622909.9853668,-6.020868361961776,3.042633533477783
1748622910.0187616,-6.020868884468684,3.042633295059204
1748622910.0552387,-6.020869392300257,3.042633056640625
1748622910.0886512,-6.020870422185969,3.042632818222046
1748622910.1220617,-6.020871483376459,3.042632818222046
1748622910.1554825,-6.020871132640819,3.042632818222046
1748622910.188902,-6.020871163635234,3.042633056640625
1748622910.2223403,-6.020870951752736,3.042633056640625
1748622910.2557402,-6.020870994331592,3.042633056640625
1748622910.2891521,-6.020870548631253,3.042633056640625
1748622910.3225563,-6.020868644628198,3.042651891708374
1748622910.3560853,-6.020855461922651,3.042625665664673
1748622910.3895142,-6.020859934566034,3.042651414871216
1748622910.4229507,-6.020858561476619,3.0426411628723145
1748622910.4563487,-6.020856492910064,3.0426430702209473
1748622910.4904518,-6.020854656714751,3.0426433086395264
1748622910.523858,-6.020852732317092,3.0426442623138428
1748622910.557206,-6.0208512517095345,3.04264235496521
1748622910.5909626,-6.020849257221305,3.0426433086395264
1748622910.624362,-6.020847739111703,3.04264235496521
1748622910.65776,-6.02084490881586,3.042642593383789
1748622910.6912344,-6.020842986979036,3.0426416397094727
1748622910.724709,-6.020840973406902,3.0426411628723145
1748622910.7582576,-6.020839004613691,3.0426411628723145
1748622910.7916863,-6.020837125314153,3.0426406860351562
1748622910.8250904,-6.020834686196749,3.0426409244537354
1748622910.8585,-6.020833221954127,3.042639970779419
1748622910.8919537,-6.020831115024138,3.042640209197998
1748622910.9262118,-6.020829228588293,3.0426392555236816
1748622910.959615,-6.020827591573574,3.04263973236084
1748622910.9930444,-6.020825379135482,3.0426392555236816
1748622911.026468,-6.020823767878525,3.0426383018493652
1748622911.0598755,-6.020822025641714,3.0426385402679443
1748622911.0933049,-6.0208202048737745,3.042637586593628
1748622911.1267772,-6.0208187101582284,3.042637348175049
1748622911.1601784,-6.020817135696428,3.042637586593628
1748622911.193591,-6.020814809045494,3.0426366329193115
1748622911.2270136,-6.020812748517101,3.0426361560821533
1748622911.2604654,-6.020811284274006,3.0426363945007324
1748622911.2938666,-6.020809177344143,3.042635440826416
1748622911.327424,-6.020806824038299,3.042635917663574
1748622911.361025,-6.02080493760202,3.042634963989258
1748622911.3944297,-6.020803370727631,3.0426344871520996
1748622911.4279008,-6.020801432056803,3.0426344871520996
1748622911.4623766,-6.020799951427392,3.0426340103149414
1748622911.4964097,-6.020798625021463,3.042633533477783
1748622911.5300043,-6.020796664095453,3.042633533477783
1748622911.563772,-6.020795178218474,3.042632818222046
1748622911.5971665,-6.020793239547502,3.0426323413848877
1748622911.6307864,-6.020791360979005,3.042632579803467
1748622911.664267,-6.020789630889129,3.0426316261291504
1748622911.6977022,-6.020788021031521,3.0426318645477295
1748622911.731494,-6.020786702493712,3.042631149291992
1748622911.7649024,-6.020785356112402,3.0426313877105713
1748622911.7983284,-6.020782500586472,3.042630434036255
1748622911.831728,-6.020780679217239,3.042630672454834
1748622911.8651366,-6.020778456579815,3.042630434036255
1748622911.898592,-6.020776315014735,3.0426294803619385
1748622911.9320333,-6.020774346220229,3.0426297187805176
1748622911.9654367,-6.020772311449413,3.042628765106201
1748622911.9989007,-6.020770855033113,3.0426290035247803
1748622912.0323575,-6.020767989308328,3.042628049850464
1748622912.0657666,-6.020766378051154,3.0426278114318848
1748622912.099175,-6.020764433319132,3.042628049850464
1748622912.212595,-6.020758766799434,3.042628288269043
1748622912.246037,-6.018739226664327,3.04264760017395
1748622912.281741,-6.010026053486852,3.0436043739318848
1748622912.3151882,-6.001748280166387,3.047804117202759
1748622912.348672,-5.993100681033982,3.055386543273926
1748622912.3825521,-5.984324559961981,3.058176279067993
1748622912.4159636,-5.976451113608781,3.054051637649536
1748622912.4493744,-5.967873704305528,3.0427026748657227
1748622912.483183,-5.96174081091049,3.024874448776245
1748622912.517309,-5.954420000315285,3.0185251235961914
1748622912.5508206,-5.943542751741402,3.0182154178619385
1748622912.5848577,-5.935156690143206,3.012991428375244
1748622912.6196265,-5.926518202324761,3.004045009613037
1748622912.6530764,-5.9161077323591265,2.9955248832702637
1748622912.6876526,-5.907707542745178,2.989532232284546
1748622912.7211347,-5.8994123940708985,2.985849618911743
1748622912.754601,-5.893081343762993,2.9755849838256836
1748622912.788021,-5.8869376969103575,2.964665412902832
1748622912.821504,-5.8797041034169455,2.957911252975464
1748622912.8548636,-5.869891685776103,2.9560694694519043
1748622912.8882666,-5.863006161690795,2.952855110168457
1748622912.921676,-5.856504099584176,2.9419028759002686
1748622912.9551103,-5.84945116465798,2.934382915496826
1748622912.988525,-5.839841746865578,2.9263718128204346
1748622913.021974,-5.83249879146303,2.9156389236450195
1748622913.0553856,-5.825359436116072,2.907525062561035
1748622913.0887969,-5.817715207607781,2.8989408016204834
1748622913.1222205,-5.807828999865623,2.8909220695495605
1748622913.1556776,-5.800151422207946,2.8798727989196777
1748622913.1890845,-5.79296747509767,2.871563196182251
1748622913.222551,-5.7828039271113205,2.860494375228882
1748622913.2564483,-5.775366073530466,2.8519089221954346
1748622913.2899165,-5.7651993344067485,2.840832233428955
1748622913.3233218,-5.755775474035697,2.8327994346618652
1748622913.3571095,-5.7483351955205615,2.8217215538024902
1748622913.390705,-5.740894942795483,2.8134100437164307
1748622913.4241183,-5.730974014941804,2.805101156234741
1748622913.457846,-5.7230374425395425,2.7940211296081543
1748622913.492178,-5.713364673974279,2.785433530807495
1748622913.5256236,-5.705923898946006,2.7771241664886475
1748622913.5590708,-5.69873177051894,2.76576566696167
1748622913.5924737,-5.6907947689368505,2.758009433746338
1748622913.6260445,-5.6813700634996565,2.74969744682312
1748622913.65951,-5.673681372752038,2.74111008644104
1748622913.6933146,-5.666736708639646,2.7303054332733154
1748622913.7282891,-5.656567918915947,2.7219953536987305
1748622913.7618005,-5.648879320478689,2.7109129428863525
1748622913.7954938,-5.6416869054891094,2.702324628829956
1748622913.829505,-5.631766380058725,2.694289207458496
1748622913.8638723,-5.624325837186202,2.683206796646118
1748622913.8992398,-5.616885361435848,2.6748952865600586
1748622913.9327772,-5.606964851882142,2.666581869125366
1748622913.9668403,-5.599276663339912,2.6555001735687256
1748622914.0002942,-5.591836159850362,2.6471874713897705
1748622914.033704,-5.582163974217912,2.6361050605773926
1748622914.0674458,-5.574476631894992,2.6277832984924316
1748622914.10105,-5.56480945903116,2.6194944381713867
1748622914.1344569,-5.557390075912729,2.6079514026641846
1748622914.178305,-5.547202541734839,2.600128650665283
1748622914.2153223,-5.540004799310799,2.589426040649414
1748622914.2488248,-5.532362663338276,2.5816152095794678
1748622914.2827475,-5.524927461679114,2.5733091831207275
1748622914.316157,-5.515285310438878,2.5654404163360596
1748622914.3517048,-5.50786798722891,2.5543062686920166
1748622914.3851242,-5.4977381130895004,2.5461270809173584
1748622914.4185755,-5.49057214395363,2.538198232650757
1748622914.452555,-5.483138770016119,2.5269064903259277
1748622914.4887335,-5.472981472007088,2.519092321395874
1748622914.5265062,-5.465554668762743,2.5085394382476807
1748622914.562869,-5.4559044759925,2.4976789951324463
1748622914.596393,-5.448478833271553,2.4892611503601074
1748622914.6299033,-5.438600380423134,2.4813435077667236
1748622914.6638277,-5.4309256469526686,2.470493793487549
1748622914.6972628,-5.423452883351226,2.4631052017211914
1748622914.7307253,-5.413750498531946,2.455568313598633
1748622914.7646515,-5.406091037103753,2.4451522827148438
1748622914.79946,-5.398688469287809,2.4363839626312256
1748622914.832887,-5.388776484714633,2.428778648376465
1748622914.8662379,-5.381344177846838,2.421433448791504
1748622914.8997881,-5.374267577288602,2.410949230194092
1748622914.933198,-5.366775254584369,2.4031972885131836
1748622914.9750326,-5.357015852441772,2.391693592071533
1748622915.0086665,-5.349601593177078,2.383729934692383
1748622915.0423906,-5.341863386519727,2.375924825668335
1748622915.075787,-5.332388812177039,2.3669204711914062
1748622915.1123927,-5.325032523816328,2.3555402755737305
1748622915.1459782,-5.315257775688698,2.346393346786499
1748622915.1795416,-5.3079191169444995,2.337296962738037
1748622915.212991,-5.300417883914932,2.3294739723205566
1748622915.2464006,-5.29277517202,2.321981430053711
1748622915.2800524,-5.285214424947266,2.3159711360931396
1748622915.313544,-5.27830587586043,2.308986186981201
1748622915.347184,-5.270746721040026,2.301957607269287
1748622915.3874226,-5.259949653499682,2.287879467010498
1748622915.4210703,-5.253365003310194,2.274118185043335
1748622915.4545462,-5.246104297501174,2.2675976753234863
1748622915.4880495,-5.239258461774984,2.2579002380371094
1748622915.5220287,-5.229713246771822,2.2450501918792725
1748622915.555564,-5.219626287716875,2.2366220951080322
1748622915.5892851,-5.212600925462454,2.228297710418701
1748622915.6227095,-5.205375948307972,2.2186279296875
1748622915.6567667,-5.197998659183772,2.2072246074676514
1748622915.690187,-5.190755344153608,2.19789719581604
1748622915.723591,-5.183431879624656,2.1886680126190186
1748622915.7570503,-5.173333262922948,2.1794726848602295
1748622915.790569,-5.165985657634531,2.170292377471924
1748622915.8239934,-5.158880231578274,2.1581990718841553
1748622915.8574433,-5.151025159930833,2.1488566398620605
1748622915.8909266,-5.144168477513427,2.1393511295318604
1748622915.92541,-5.13406739658165,2.1268739700317383
1748622915.9669032,-5.124421810139259,2.1152589321136475
1748622916.002208,-5.114548805515211,2.1063003540039062
1748622916.038226,-5.106925525918816,2.0941033363342285
1748622916.0768442,-5.0971229583543245,2.0844037532806396
1748622916.1154816,-5.087324476312951,2.0717902183532715
1748622916.1560988,-5.077647516973494,2.0602779388427734
1748622916.1947684,-5.070258162814325,2.0480945110321045
1748622916.231867,-5.06043156172442,2.0357043743133545
1748622916.272765,-5.050269519439243,2.0246074199676514
1748622916.3082592,-5.04072458452709,2.0151803493499756
1748622916.3423061,-5.033042129811661,2.0061936378479004
1748622916.388347,-5.020989350323582,1.9915580749511719
1748622916.4219294,-5.013473396868414,1.9807497262954712
1748622916.4557695,-5.002963618679733,1.9729849100112915
1748622916.4892232,-4.993692494348016,1.9656774997711182
1748622916.5226293,-4.987477492494593,1.9577137231826782
1748622916.5560865,-4.977221375331024,1.947615385055542
1748622916.5896106,-4.966972658305155,1.939014196395874
1748622916.623223,-4.95647912048252,1.9338849782943726
1748622916.6567454,-4.949590186087299,1.9245243072509766
1748622916.691089,-4.935700481949033,1.9156869649887085
1748622916.7244914,-4.925235264553064,1.9068175554275513
1748622916.7579417,-4.915139291547936,1.8977524042129517
1748622916.7914822,-4.904664664617153,1.8884490728378296
1748622916.8251414,-4.893792074969252,1.8794528245925903
1748622916.8587039,-4.887173089180686,1.8700062036514282
1748622916.8922312,-4.875933806482506,1.861971378326416
1748622916.9262257,-4.865762160373421,1.852858543395996
1748622916.9597666,-4.854932362711517,1.8439327478408813
1748622916.9931643,-4.844725960019673,1.8385515213012695
1748622917.026566,-4.838059101385472,1.8300483226776123
1748622917.0600307,-4.827213889376278,1.821183204650879
1748622917.093524,-4.816720387844873,1.8123915195465088
1748622917.1270044,-4.806150409075731,1.8044644594192505
1748622917.1604106,-4.795271102242887,1.796178936958313
1748622917.1938257,-4.7854022471308255,1.7885475158691406
1748622917.227236,-4.7745197802683315,1.7803983688354492
1748622917.260644,-4.7638732956731795,1.7745211124420166
1748622917.2942119,-4.753343740664752,1.766575813293457
1748622917.3276181,-4.742795124428334,1.7593621015548706
1748622917.361071,-4.728654454867456,1.752567172050476
1748622917.3944693,-4.717710131290526,1.745803952217102
1748622917.4278812,-4.711035663851225,1.7390897274017334
1748622917.4615304,-4.700488562038199,1.73186194896698
1748622917.4949286,-4.686340258608581,1.7258626222610474
1748622917.5283973,-4.67927104417765,1.7198408842086792
1748622917.5622792,-4.664765225032891,1.7140698432922363
1748622917.5959787,-4.6548953521475855,1.7062084674835205
1748622917.6293795,-4.644288206810247,1.700650691986084
1748622917.6630042,-4.633337287738552,1.6951792240142822
1748622917.6965024,-4.626246938302435,1.692130446434021
1748622917.7299607,-4.615285908674307,1.6867008209228516
1748622917.7634249,-4.605410574588433,1.6810648441314697
1748622917.796903,-4.590542354489786,1.6759146451950073
1748622917.8306603,-4.580242592093759,1.6706277132034302
1748622917.864787,-4.569989961335937,1.6656227111816406
1748622917.8985353,-4.5554534399394235,1.6615209579467773
1748622917.9320025,-4.544807626475641,1.656624674797058
1748622917.9654741,-4.534164844570251,1.6528323888778687
1748622917.9989471,-4.523532397189066,1.6490623950958252
1748622918.0325243,-4.513265250772269,1.6446512937545776
1748622918.0659888,-4.502628812016243,1.641405463218689
1748622918.1000752,-4.491995040602329,1.637431025505066
1748622918.1335642,-4.481022672643898,1.6335175037384033
1748622918.167429,-4.46645307334527,1.6306483745574951
1748622918.2010121,-4.456140040698738,1.6277116537094116
1748622918.2344146,-4.445495565956516,1.6247138977050781
1748622918.268094,-4.4309565481638,1.621371865272522
1748622918.3014982,-4.424210441136589,1.6188757419586182
1748622918.3349454,-4.413553520595884,1.6165257692337036
1748622918.368389,-4.399356554886874,1.6137688159942627
1748622918.4017909,-4.388351131720942,1.6111923456192017
1748622918.435247,-4.377697327477548,1.6081589460372925
1748622918.4685996,-4.367410381171774,1.6054176092147827
1748622918.502014,-4.356762610076819,1.6032299995422363
1748622918.5354211,-4.342189606039004,1.602226734161377
1748622918.5688334,-4.335464457734851,1.5996302366256714
1748622918.6022332,-4.324823864738957,1.5976202487945557
1748622918.635642,-4.31380477771033,1.5964105129241943
1748622918.6690643,-4.303504488642949,1.5944864749908447
1748622918.7025723,-4.292847488581848,1.5928239822387695
1748622918.7360773,-4.282187694605938,1.591375470161438
1748622918.7695987,-4.268337803568842,1.589325189590454
1748622918.8030078,-4.257297843308561,1.5886534452438354
1748622918.8368495,-4.246651252977227,1.586737871170044
1748622918.8702512,-4.236012911677115,1.5854498147964478
1748622918.9037015,-4.225331136991259,1.5849419832229614
1748622918.9371526,-4.214667241908978,1.5829863548278809
1748622918.970585,-4.204354043397436,1.5816975831985474
1748622919.004042,-4.193676678487874,1.580817461013794
1748622919.0374503,-4.182643348061923,1.5799416303634644
1748622919.0712726,-4.171982428264356,1.5787322521209717
1748622919.104671,-4.1613056375802175,1.577954888343811
1748622919.1381044,-4.150285235912812,1.5764751434326172
1748622919.1715014,-4.13996237221445,1.5753415822982788
1748622919.2049124,-4.125684895446135,1.5751065015792847
1748622919.2384212,-4.115354216250524,1.5738273859024048
1748622919.2718697,-4.104318596723076,1.573001742362976
1748622919.305275,-4.094002865031616,1.5724307298660278
1748622919.3387215,-4.082612319693463,1.5716419219970703
1748622919.3721182,-4.071593641414164,1.5708962678909302
1748622919.4054866,-4.058434825139582,1.5704987049102783
1748622919.4389455,-4.047415028379307,1.5698282718658447
1748622919.4723928,-4.036748994663115,1.5692015886306763
1748622919.5058448,-4.026078051338558,1.568509578704834
1748622919.5394347,-4.0154128067749415,1.5676814317703247
1748622919.5728858,-4.0011921752515365,1.5672212839126587
1748622919.6063461,-3.9901700087080703,1.5662864446640015
1748622919.6397898,-3.9798573237827517,1.5656040906906128
1748622919.6732068,-3.965956981161339,1.5658711194992065
1748622919.7066138,-3.9549122542751327,1.5647099018096924
1748622919.740026,-3.944217856823942,1.5641013383865356
1748622919.7734725,-3.9335269382548113,1.5642303228378296
1748622919.8068767,-3.91929136658226,1.5635720491409302
1748622919.840337,-3.9086170857765037,1.5631695985794067
1748622919.8737414,-3.8982985702557085,1.562743902206421
1748622919.9071496,-3.887268550820687,1.5625289678573608
1748622919.9406424,-3.8769494475394444,1.5626015663146973
1748622919.974025,-3.865925334574745,1.5623737573623657
1748622920.0074296,-3.8552559256049106,1.5622082948684692
1748622920.040856,-3.844589430057843,1.5620533227920532
1748622920.0742276,-3.8339248092704685,1.5618897676467896
1748622920.1076384,-3.82681767426921,1.5618234872817993
1748622920.1410522,-3.816145859797726,1.5620055198669434
1748622920.174925,-3.805465763535288,1.5616686344146729
1748622920.2083375,-3.7951317604373265,1.562208652496338
1748622920.2417526,-3.787646450643894,1.561370849609375
1748622920.2751527,-3.7769325179851876,1.5620836019515991
1748622920.3085682,-3.766223231412265,1.561798095703125
1748622920.3419738,-3.7555030186484553,1.5624115467071533
1748622920.37538,-3.744801235444678,1.5621178150177002
1748622920.4087775,-3.7341107611948567,1.5619292259216309
1748622920.4422145,-3.7234269732214837,1.5626145601272583
1748622920.475664,-3.7132477832098156,1.5629394054412842
1748622920.5112064,-3.7060560347088067,1.5626083612442017
1748622920.544621,-3.700440655015927,1.5626511573791504
1748622920.5781217,-3.697444961919349,1.5624911785125732
1748622920.6115391,-3.6922759546871653,1.5627540349960327
1748622920.6449544,-3.6899212463736304,1.5626815557479858
1748622920.6783943,-3.6854373032925936,1.5622955560684204
1748622920.711834,-3.682164610520565,1.5618422031402588
1748622920.7455559,-3.678914498833033,1.562212347984314
1748622920.7789614,-3.676752096438234,1.561693549156189
1748622920.812396,-3.6734922416804388,1.562097430229187
1748622920.8457978,-3.6691827416229534,1.5617525577545166
1748622920.8792117,-3.6660787363109493,1.5613255500793457
1748622920.912637,-3.6627569024742512,1.5614908933639526
1748622920.946082,-3.6595538004841237,1.5612516403198242
1748622920.9802637,-3.6564681559239363,1.5603710412979126
1748622921.013665,-3.651937631677035,1.5608967542648315
1748622921.047062,-3.648932995492648,1.5601059198379517
1748622921.080581,-3.645609446481006,1.559806227684021
1748622921.1139884,-3.642413188054701,1.558674931526184
1748622921.1473897,-3.6391829210070985,1.5587595701217651
1748622921.1808612,-3.6358951443322614,1.558159351348877
1748622921.214264,-3.6328369194562034,1.5569500923156738
1748622921.247664,-3.6296223440594173,1.5563111305236816
1748622921.281131,-3.6261641419136863,1.5562130212783813
1748622921.3145652,-3.6210925644533716,1.555001139640808
1748622921.347984,-3.6183112404512463,1.555104374885559
1748622921.3815823,-3.612711308912381,1.554097294807434
1748622921.4152818,-3.608495703261709,1.552931785583496
1748622921.4487007,-3.6056753156026207,1.5537365674972534
1748622921.4822338,-3.600155778928253,1.5521280765533447
1748622921.5161505,-3.596216497138753,1.5500028133392334
1748622921.5502005,-3.5919793737015926,1.5496524572372437
1748622921.5837922,-3.588116951507261,1.547080159187317
1748622921.617586,-3.584117984730779,1.5463178157806396
1748622921.6509914,-3.580196871778412,1.544848918914795
1748622921.6843898,-3.5763161732085234,1.545900821685791
1748622921.718099,-3.572640544217979,1.543268084526062
1748622921.7517679,-3.5689080537123115,1.543121099472046
1748622921.7851703,-3.565285211950669,1.541819453239441
1748622921.818536,-3.560603183095256,1.541176438331604
1748622921.8519812,-3.5571363591397316,1.5389162302017212
1748622921.885418,-3.5548033690954766,1.5392581224441528
1748622921.9188359,-3.551216997886553,1.5379688739776611
1748622921.952301,-3.547816634092852,1.537180781364441
1748622921.985806,-3.5445598808827485,1.537099838256836
1748622922.0192223,-3.541234025219937,1.5348364114761353
1748622922.0525846,-3.5380114247938415,1.5341721773147583
1748622922.0859864,-3.53377975464914,1.5336756706237793
1748622922.1193979,-3.5308179224402236,1.532570481300354
1748622922.1527956,-3.5274884937830473,1.5320173501968384
1748622922.1862078,-3.525788686564467,1.5325407981872559
1748622922.2196338,-3.5227294423712303,1.5309298038482666
1748622922.2540455,-3.5186355492872843,1.531407356262207
1748622922.2874498,-3.5157673829926193,1.5303030014038086
1748622922.3208559,-3.512817665230032,1.5313233137130737
1748622922.3542972,-3.510889526290544,1.5300936698913574
1748622922.387718,-3.5070842628830694,1.5305947065353394
1748622922.4211738,-3.504204018588041,1.5288844108581543
1748622922.454582,-3.5014855999212378,1.5284572839736938
1748622922.4879875,-3.4979577049103527,1.528444528579712
1748622922.5213954,-3.4954673895465396,1.5278252363204956
1748622922.554798,-3.4930656805565596,1.526044487953186
1748622922.5882223,-3.4905981189577533,1.526403546333313
1748622922.621793,-3.4882831942406622,1.5259976387023926
1748622922.6552382,-3.4858404216832146,1.525123119354248
1748622922.6886492,-3.483486246344588,1.5248175859451294
1748622922.722104,-3.4812033950088304,1.5251083374023438
1748622922.755507,-3.4790696439553237,1.523959994316101
1748622922.7889917,-3.4767547566041506,1.5250372886657715
1748622922.8223934,-3.4745627778336803,1.523577094078064
1748622922.8557959,-3.472334696018106,1.5242282152175903
1748622922.889201,-3.4701707184746136,1.5230656862258911
1748622922.922622,-3.4680186576125007,1.5232068300247192
1748622922.9560847,-3.4659153224107504,1.522432565689087
1748622922.9896097,-3.4638449754071448,1.522439956665039
1748622923.023106,-3.4618903913263863,1.5216071605682373
1748622923.0566032,-3.459801335632421,1.5219440460205078
1748622923.090171,-3.4578535448230916,1.5213401317596436
1748622923.1236002,-3.4552812230846897,1.5202449560165405
1748622923.1570168,-3.4534573289504955,1.5198421478271484
1748622923.190415,-3.451626588082375,1.519106388092041
1748622923.223955,-3.4498070824509934,1.5185827016830444
1748622923.2574937,-3.4479891025269915,1.518714189529419
1748622923.290903,-3.446171716182572,1.517703652381897
1748622923.324352,-3.444342596017968,1.5180552005767822
1748622923.3582706,-3.4426419204811873,1.5170882940292358
1748622923.3916721,-3.4409100716739434,1.5170097351074219
1748622923.4250827,-3.439183520550981,1.5163542032241821
1748622923.4591491,-3.437528227140956,1.5159235000610352
1748622923.4925435,-3.43587599297882,1.5164202451705933
1748622923.5259182,-3.4337143882995633,1.516107439994812
1748622923.5593252,-3.4321569671721948,1.5157884359359741
1748622923.5928183,-3.4306642250560584,1.5164319276809692
1748622923.6262167,-3.4292341024048008,1.5166280269622803
1748622923.6609652,-3.427717279934112,1.5165534019470215
1748622923.694418,-3.426280263140269,1.516455054283142
1748622923.728041,-3.42486666740825,1.5166285037994385
1748622923.7614517,-3.4234643233814763,1.516754388809204
1748622923.7948515,-3.4220905505307226,1.5166362524032593
1748622923.8282938,-3.4207859184610747,1.5166739225387573
1748622923.8617105,-3.4194114987071162,1.5166614055633545
1748622923.8952136,-3.418060004661678,1.516653299331665
1748622923.9286222,-3.4168153395613388,1.5166341066360474
1748622923.962088,-3.4155034516558627,1.5170315504074097
1748622923.9954963,-3.414280364289923,1.5163135528564453
1748622924.0291538,-3.412585812474815,1.516796588897705
1748622924.0625572,-3.4112900546715634,1.5166794061660767
1748622924.095975,-3.4100796827746156,1.5167824029922485
1748622924.1294656,-3.408935527408256,1.516751766204834
1748622924.1629286,-3.4077872615337634,1.5167224407196045
1748622924.1964118,-3.4069927090163397,1.516723871231079
1748622924.2311938,-3.4059153109679534,1.5167176723480225
1748622924.26464,-3.404818819864409,1.5167104005813599
1748622924.2980547,-3.4037061529040638,1.516705870628357
1748622924.3314857,-3.40229240463821,1.516685962677002
1748622924.364884,-3.4012571524783994,1.5166863203048706
1748622924.3983324,-3.4002332435016487,1.516675591468811
1748622924.431953,-3.3992284579615943,1.5166698694229126
1748622924.4653687,-3.398272418640082,1.5166631937026978
1748622924.4987805,-3.3972981929585124,1.516658902168274
1748622924.5321894,-3.3963067115940193,1.5166484117507935
1748622924.5656254,-3.3953640368857974,1.5166465044021606
1748622924.599027,-3.3944662283813547,1.5166373252868652
1748622924.6326325,-3.393793802575861,1.5166363716125488
1748622924.6660454,-3.392950434803906,1.516628623008728
1748622924.699476,-3.3920306721385227,1.516624927520752
1748622924.732923,-3.3911538754592194,1.516621470451355
1748622924.7666025,-3.3902923383148305,1.5166152715682983
1748622924.8000352,-3.3894442124091855,1.5166115760803223
1748622924.8334494,-3.388333416930511,1.5166058540344238
1748622924.8668702,-3.387787072376332,1.5166022777557373
1748622924.9004045,-3.3869771317963346,1.516596794128418
1748622924.9338245,-3.386153809917744,1.5165916681289673
1748622924.9672916,-3.3853963986707436,1.5165895223617554
1748622925.0007062,-3.3846953624910294,1.5165866613388062
1748622925.03412,-3.384213005180975,1.516582727432251
1748622925.0682676,-3.3840420469032715,1.5165797472000122
1748622925.1019876,-3.3839541352170723,1.516579031944275
1748622925.1355107,-3.3839044764175834,1.5165770053863525
1748622925.1689525,-3.383876734198131,1.516577124595642
1748622925.2023556,-3.3838623867955464,1.5165749788284302
1748622925.2357113,-3.383854710474943,1.5165748596191406
1748622925.2691264,-3.3838497900343185,1.5165754556655884
1748622925.3025315,-3.38384664564415,1.516574740409851
1748622925.3360524,-3.383843494377035,1.516573429107666
1748622925.3696733,-3.383841432887759,1.5165718793869019
1748622925.40307,-3.383840788182481,1.5165729522705078
1748622925.436496,-3.3838380238186003,1.5165739059448242
1748622925.4705255,-3.3838371588798197,1.5165719985961914
1748622925.503927,-3.3838353100038967,1.5165714025497437
1748622925.5374985,-3.3838342962883403,1.5165691375732422
1748622925.570911,-3.383833907211568,1.5165692567825317
1748622925.6044955,-3.3838317663640183,1.5165704488754272
1748622925.6378977,-3.3838303502039815,1.5165692567825317
1748622925.6713152,-3.3838291872595687,1.516568660736084
1748622925.7047193,-3.383828310856328,1.5165663957595825
1748622925.738133,-3.383826191083662,1.5165671110153198
1748622925.7715774,-3.383825010356368,1.5165684223175049
1748622925.804992,-3.3838243401575103,1.516564965248108
1748622925.8387914,-3.3838233891631257,1.516565203666687
1748622925.8722522,-3.383820746337028,1.516566276550293
1748622925.9056797,-3.383820185716896,1.5165653228759766
1748622925.9390824,-3.383818634644647,1.5165656805038452
1748622925.972485,-3.3838161729907577,1.5165627002716064
1748622926.0059767,-3.383814712069251,1.5165623426437378
1748622926.0393803,-3.3838132189197982,1.5165609121322632
1748622926.072802,-3.3838119234910646,1.5165616273880005
1748622926.1062465,-3.3838115513089213,1.5165629386901855
1748622926.1396878,-3.3838093582118987,1.5165610313415527
1748622926.173069,-3.383808179809756,1.516560435295105
1748622926.206479,-3.383806602555486,1.5165581703186035
1748622926.239886,-3.3838059206615343,1.5165596008300781
1748622926.2732882,-3.383803351661215,1.5165590047836304
1748622926.3067806,-3.3838023322942465,1.5165570974349976
1748622926.3402152,-3.383800617698796,1.5165568590164185
1748622926.373667,-3.3837988990990153,1.5165553092956543
1748622926.407865,-3.383798281023874,1.5165561437606812
1748622926.4413226,-3.3837962983879493,1.5165574550628662
1748622926.474833,-3.383794768666729,1.516554355621338
1748622926.5082629,-3.3837936252373546,1.516554832458496
1748622926.5423644,-3.3837921554364976,1.5165525674819946
1748622926.5757709,-3.383789968134675,1.5165534019470215
1748622926.6091704,-3.383788652740754,1.516554594039917
1748622926.6425774,-3.383787756286635,1.5165516138076782
1748622926.6760025,-3.383786572464423,1.5165523290634155
1748622926.7094548,-3.383784379214212,1.5165525674819946
1748622926.742865,-3.38378272989867,1.5165513753890991
1748622926.776271,-3.383781988420767,1.5165507793426514
1748622926.8096719,-3.383779364601054,1.5165491104125977
1748622926.8430748,-3.3837786142482797,1.516548752784729
1748622926.8764837,-3.3837770082646723,1.516549825668335
1748622926.9098556,-3.383775787460776,1.5165486335754395
1748622926.9433713,-3.38377378259967,1.5165480375289917
1748622926.9767783,-3.3837731510425586,1.5165457725524902
1748622927.0101633,-3.383772854530434,1.5165464878082275
1748622927.0445552,-3.3837707153580205,1.5165470838546753
1748622927.0779595,-3.383769185768877,1.5165461301803589
1748622927.1114626,-3.383767964148315,1.516545295715332
1748622927.1456728,-3.3837673877015026,1.5165430307388306
1748622927.1790729,-3.3837654644137065,1.5165441036224365
1748622927.212471,-3.3837646499269303,1.516545057296753
1748622927.2465081,-3.38376334049573,1.5165419578552246
1748622927.2799227,-3.3837613663669193,1.5165425539016724
1748622927.3135142,-3.383759744960842,1.5165401697158813
1748622927.34695,-3.3837591112112917,1.5165408849716187
1748622927.380598,-3.383757812951281,1.5165423154830933
1748622927.4143538,-3.383755244384213,1.516539216041565
1748622927.4477983,-3.38375431067201,1.5165389776229858
1748622927.4812076,-3.383753359235426,1.5165374279022217
1748622927.5147042,-3.383750931573528,1.5165386199951172
1748622927.5481071,-3.3837503687986725,1.5165395736694336
1748622927.5815225,-3.3837483831503476,1.5165364742279053
1748622927.6149716,-3.383747873689189,1.516536831855774
1748622927.6483653,-3.3837463575313986,1.5165374279022217
1748622927.6819212,-3.38374590142418,1.5165355205535889
1748622927.7153325,-3.383743227008666,1.5165355205535889
1748622927.7490728,-3.383742258182079,1.516533613204956
1748622927.7824986,-3.3837410516499027,1.516533613204956
1748622927.8160818,-3.3837399496636382,1.516534686088562
1748622927.849574,-3.3837378151143933,1.5165334939956665
1748622927.883003,-3.383736941953142,1.5165340900421143
1748622927.9165041,-3.38373528072561,1.516530990600586
1748622927.9499161,-3.3837337782181702,1.5165313482284546
1748622927.9833198,-3.3837326525218963,1.5165326595306396
1748622928.0942976,-3.3837280139090824,1.516527771949768
1748622928.1279368,-3.3822829977497713,1.5178816318511963
1748622928.1614847,-3.378755022072649,1.5123825073242188
1748622928.1949441,-3.373968594398177,1.5066797733306885
1748622928.2291806,-3.365350851017806,1.4994804859161377
1748622928.2637916,-3.35873719085891,1.4893921613693237
1748622928.298663,-3.3513820588944117,1.4814884662628174
1748622928.3350549,-3.3419359359801946,1.47057044506073
1748622928.3701727,-3.3318780487372015,1.4623464345932007
1748622928.4035861,-3.3244794025368747,1.4540804624557495
1748622928.4374695,-3.317310424816011,1.4460736513137817
1748622928.471097,-3.3098854685329906,1.4377779960632324
1748622928.5045018,-3.304931591819093,1.4297541379928589
1748622928.5383053,-3.2950193334291917,1.4211761951446533
1748622928.5717583,-3.287335310993475,1.4101001024246216
1748622928.6051679,-3.280145069279832,1.4017962217330933
1748622928.6388628,-3.2724582528112856,1.3934893608093262
1748622928.67225,-3.2627883000926987,1.3851758241653442
1748622928.7061381,-3.2553480472078355,1.37382173538208
1748622928.7402937,-3.2454282349519312,1.3657972812652588
1748622928.7737856,-3.237987852649269,1.357495665550232
1748622928.8071902,-3.2307967395689157,1.346409797668457
1748622928.842321,-3.2203808176172295,1.3378276824951172
1748622928.8758626,-3.213188123222594,1.3270260095596313
1748622928.910772,-3.205748774796511,1.318439245223999
1748622928.9447641,-3.1955800724659826,1.307639718055725
1748622928.9781802,-3.188139412302474,1.2993255853652954
1748622929.0116043,-3.1811957207439585,1.2907435894012451
1748622929.0450926,-3.173507355138905,1.2821534872055054
1748622929.0785408,-3.163586410689346,1.2744040489196777
1748622929.112506,-3.1561470591425693,1.2660852670669556
1748622929.1468935,-3.1487060475189157,1.2546814680099487
1748622929.1832333,-3.1385102569114327,1.2444809675216675
1748622929.2166667,-3.131288447796718,1.2364717721939087
1748622929.2500677,-3.1211304020602637,1.2285430431365967
1748622929.28384,-3.114011694179971,1.2201731204986572
1748622929.3190234,-3.1063341159271887,1.2096526622772217
1748622929.3524303,-3.0967644547554802,1.2008157968521118
1748622929.3861895,-3.0893360715374807,1.1905245780944824
1748622929.4210055,-3.0791847721326087,1.1822514533996582
1748622929.454693,-3.071774019208395,1.1741912364959717
1748622929.4881198,-3.0643379349249176,1.1635445356369019
1748622929.5231023,-3.0546752426203443,1.1562507152557373
1748622929.5585215,-3.0466071342402223,1.1483728885650635
1748622929.5921464,-3.0396590297231723,1.1416877508163452
1748622929.6281016,-3.030235507304979,1.1330585479736328
1748622929.6616917,-3.022913295667426,1.121547818183899
1748622929.6991456,-3.012968668881447,1.1144201755523682
1748622929.7336566,-3.0054113613197364,1.1071453094482422
1748622929.7671523,-2.997894054098061,1.0995802879333496
1748622929.800684,-2.988506589998664,1.0868357419967651
1748622929.8341713,-2.9814214092200806,1.0789579153060913
1748622929.867532,-2.971259057276716,1.0705249309539795
1748622929.9027777,-2.9636436927573095,1.0611194372177124
1748622929.9364367,-2.956375208970397,1.0545768737792969
1748622929.9699326,-2.949261604691967,1.0474861860275269
1748622930.0092697,-2.9389434961469925,1.0419858694076538
1748622930.0454698,-2.9289719644079986,1.035839557647705
1748622930.0807207,-2.9214021042846707,1.0308910608291626
1748622930.1183906,-2.9111639682268207,1.0225489139556885
1748622930.1531296,-2.9049179998940393,1.0171986818313599
1748622930.1908748,-2.894988637812151,1.0214449167251587
1748622930.2243638,-2.88667427681072,1.024002194404602
1748622930.2655218,-2.8748550446113783,1.0246070623397827
1748622930.3038807,-2.8659264859939175,1.0324995517730713
1748622930.341009,-2.853033445640578,1.0352908372879028
1748622930.374584,-2.8442223992517093,1.044575810432434
1748622930.4089444,-2.841261857036442,1.050473690032959
1748622930.4423196,-2.841261857036442,1.050473690032959
1748622930.4757352,-2.841261857036442,1.050473690032959
1748622930.5095975,-2.841261857036442,1.050473690032959
1748622930.543005,-2.841261857036442,1.050473690032959
1748622930.5764263,-2.841261857036442,1.050473690032959
1748622930.6099107,-2.841261857036442,1.050473690032959
1748622930.6436594,-2.841261857036442,1.050473690032959
1748622930.6771572,-2.841261857036442,1.050473690032959
1748622930.7108147,-2.841261857036442,1.050473690032959
1748622930.7442276,-2.841261857036442,1.050473690032959
1748622930.7782474,-2.841261857036442,1.050473690032959
1748622930.8116713,-2.841261857036442,1.050473690032959
1748622930.8451977,-2.841261857036442,1.050473690032959
1748622930.8786662,-2.841261857036442,1.050473690032959
1748622930.9121954,-2.841261857036442,1.050473690032959
1748622930.9456336,-2.841261857036442,1.050473690032959
1748622930.9790814,-2.841261857036442,1.050473690032959
1748622931.013262,-2.841261857036442,1.050473690032959
1748622931.0466754,-2.841261857036442,1.050473690032959
1748622931.0800934,-2.841261857036442,1.050473690032959
1748622931.1135485,-2.841261857036442,1.050473690032959
1748622931.147042,-2.841261857036442,1.050473690032959
1748622931.1804812,-2.841261857036442,1.050473690032959
1748622931.213985,-2.841261857036442,1.050473690032959
1748622931.2479444,-2.841261857036442,1.050473690032959
1748622931.2813654,-2.841261857036442,1.050473690032959
1748622931.3148947,-2.841261857036442,1.050473690032959
1748622931.348317,-2.841261857036442,1.050473690032959
1748622931.3817852,-2.841261857036442,1.050473690032959
1748622931.4151986,-2.841261857036442,1.050473690032959
1748622931.4486248,-2.841261857036442,1.050473690032959
1748622931.4821773,-2.841261857036442,1.050473690032959
1748622931.5156004,-2.841261857036442,1.050473690032959
1748622931.5490777,-2.841261857036442,1.050473690032959
1748622931.5825481,-2.841261857036442,1.050473690032959
1748622931.6159742,-2.841261857036442,1.050473690032959
1748622931.6493948,-2.841261857036442,1.050473690032959
1748622931.6828783,-2.841261857036442,1.050473690032959
1748622931.7162786,-2.841261857036442,1.050473690032959
1748622931.749795,-2.841261857036442,1.050473690032959
1748622931.7832098,-2.841261857036442,1.050473690032959
1748622931.8166213,-2.841261857036442,1.050473690032959
1748622931.8500483,-2.841261857036442,1.050473690032959
1748622931.8845189,-2.841261857036442,1.050473690032959
1748622931.9179902,-2.841261857036442,1.050473690032959
1748622931.9516819,-2.841261857036442,1.050473690032959
1748622931.9851375,-2.841261857036442,1.050473690032959
1748622932.0185552,-2.841261857036442,1.050473690032959
1748622932.0521371,-2.841261857036442,1.050473690032959
1748622932.08556,-2.841261857036442,1.050473690032959
1748622932.119026,-2.841261857036442,1.050473690032959
1748622932.1524386,-2.841261857036442,1.050473690032959
1748622932.1858947,-2.841261857036442,1.050473690032959
1748622932.2194173,-2.841261857036442,1.050473690032959
1748622932.2528157,-2.841261857036442,1.050473690032959
1748622932.2862241,-2.841261857036442,1.050473690032959
1748622932.320261,-2.841261857036442,1.050473690032959
1748622932.353924,-2.841261857036442,1.050473690032959
1748622932.3873668,-2.841261857036442,1.050473690032959
1748622932.4208643,-2.841261857036442,1.050473690032959
1748622932.4542706,-2.841261857036442,1.050473690032959
1748622932.4876747,-2.841261857036442,1.050473690032959
1748622932.5211318,-2.841261857036442,1.050473690032959
1748622932.554555,-2.841261857036442,1.050473690032959
1748622932.5879683,-2.841261857036442,1.050473690032959
1748622932.6216419,-2.841261857036442,1.050473690032959
1748622932.655529,-2.841261857036442,1.050473690032959
1748622932.6889927,-2.841261857036442,1.050473690032959
1748622932.722604,-2.841261857036442,1.050473690032959
1748622932.7560182,-2.841261857036442,1.050473690032959
1748622932.789521,-2.841261857036442,1.050473690032959
1748622932.822942,-2.841261857036442,1.050473690032959
1748622932.8563576,-2.841261857036442,1.050473690032959
1748622932.8897846,-2.841261857036442,1.050473690032959
1748622932.9233136,-2.841261857036442,1.050473690032959
1748622932.9567661,-2.841261857036442,1.050473690032959
1748622932.9901855,-2.841261857036442,1.050473690032959
1748622933.023778,-2.841261857036442,1.050473690032959
1748622933.0572107,-2.841261857036442,1.050473690032959
1748622933.090718,-2.841261857036442,1.050473690032959
1748622933.1241367,-2.841261857036442,1.050473690032959
1748622933.157553,-2.841261857036442,1.050473690032959
1748622933.1909676,-2.841261857036442,1.050473690032959
1748622933.2243865,-2.841261857036442,1.050473690032959
1748622933.2578177,-2.841261857036442,1.050473690032959
1748622933.2912729,-2.841261857036442,1.050473690032959
1748622933.3247676,-2.841261857036442,1.050473690032959
1748622933.3582067,-2.841261857036442,1.050473690032959
1748622933.3916671,-2.841261857036442,1.050473690032959
1748622933.4254022,-2.841261857036442,1.050473690032959
1748622933.4588225,-2.841261857036442,1.050473690032959
1748622933.4933283,-2.841261857036442,1.050473690032959
1748622933.5267582,-2.841261857036442,1.050473690032959
1748622933.5605817,-2.841261857036442,1.050473690032959
1748622933.5940747,-2.841261857036442,1.050473690032959
1748622933.6275153,-2.841261857036442,1.050473690032959
1748622933.6612606,-2.841261857036442,1.050473690032959
1748622933.6946723,-2.841261857036442,1.050473690032959
1748622933.7292302,-2.841261857036442,1.050473690032959
1748622933.7626503,-2.841261857036442,1.050473690032959
1748622933.7961845,-2.841261857036442,1.050473690032959
1748622933.8296854,-2.841261857036442,1.050473690032959
1748622933.8631065,-2.841261857036442,1.050473690032959
1748622933.8965304,-2.841261857036442,1.050473690032959
1748622933.9299686,-2.841261857036442,1.050473690032959
1748622933.9633942,-2.841261857036442,1.050473690032959
1748622933.9968162,-2.841261857036442,1.050473690032959
1748622934.0302505,-2.841261857036442,1.050473690032959
1748622934.063694,-2.841261857036442,1.050473690032959
1748622934.0971656,-2.841261857036442,1.050473690032959
1748622934.13118,-2.841261857036442,1.050473690032959
1748622934.1646323,-2.841261857036442,1.050473690032959
1748622934.1989098,-2.841261857036442,1.050473690032959
1748622934.233311,-2.841261857036442,1.050473690032959
1748622934.2667222,-2.841261857036442,1.050473690032959
1748622934.3002274,-2.841261857036442,1.050473690032959
1748622934.333645,-2.841261857036442,1.050473690032959
1748622934.3671432,-2.841261857036442,1.050473690032959
1748622934.4010184,-2.841261857036442,1.050473690032959
1748622934.4346006,-2.841261857036442,1.050473690032959
1748622934.4683712,-2.841261857036442,1.050473690032959
1748622934.5018826,-2.841261857036442,1.050473690032959
1748622934.535308,-2.841261857036442,1.050473690032959
1748622934.5687692,-2.841261857036442,1.050473690032959
1748622934.6024952,-2.841261857036442,1.050473690032959
1748622934.635921,-2.841261857036442,1.050473690032959
1748622934.6693816,-2.841261857036442,1.050473690032959
1748622934.7028844,-2.841261857036442,1.050473690032959
1748622934.736688,-2.841261857036442,1.050473690032959
1748622934.7701337,-2.841261857036442,1.050473690032959
1748622934.8035583,-2.841261857036442,1.050473690032959
1748622934.836969,-2.841261857036442,1.050473690032959
1748622934.8706188,-2.841261857036442,1.050473690032959
1748622934.9041402,-2.841261857036442,1.050473690032959
1748622934.9377892,-2.841261857036442,1.050473690032959
1748622934.9712029,-2.841261857036442,1.050473690032959
1748622935.004626,-2.841261857036442,1.050473690032959
1748622935.0386815,-2.841261857036442,1.050473690032959
1748622935.0721018,-2.841261857036442,1.050473690032959
1748622935.1081219,-2.841261857036442,1.050473690032959
1748622935.1415493,-2.841261857036442,1.050473690032959
1748622935.1749613,-2.841261857036442,1.050473690032959
1748622935.2084103,-2.841261857036442,1.050473690032959
1748622935.2418227,-2.841261857036442,1.050473690032959
1748622935.275247,-2.841261857036442,1.050473690032959
1748622935.3086612,-2.841261857036442,1.050473690032959
1748622935.3421159,-2.841261857036442,1.050473690032959
1748622935.3755538,-2.841261857036442,1.050473690032959
1748622935.4098113,-2.841261857036442,1.050473690032959
1748622935.4432225,-2.841261857036442,1.050473690032959
1748622935.4766333,-2.841261857036442,1.050473690032959
1748622935.5100863,-2.841261857036442,1.050473690032959
1748622935.5435636,-2.841261857036442,1.050473690032959
1748622935.576995,-2.841261857036442,1.050473690032959
1748622935.6104085,-2.841261857036442,1.050473690032959
1748622935.6438181,-2.841261857036442,1.050473690032959
1748622935.67753,-2.841261857036442,1.050473690032959
1748622935.710922,-2.841261857036442,1.050473690032959
1748622935.7443855,-2.841261857036442,1.050473690032959
1748622935.7780645,-2.841261857036442,1.050473690032959
1748622935.8114893,-2.841261857036442,1.050473690032959
1748622935.8449087,-2.841261857036442,1.050473690032959
1748622935.8783388,-2.841261857036442,1.050473690032959
1748622935.9117525,-2.841261857036442,1.050473690032959
1748622935.9483347,-2.841261857036442,1.050473690032959
1748622935.9817882,-2.841261857036442,1.050473690032959
1748622936.0153062,-2.841261857036442,1.050473690032959
1748622936.04874,-2.841261857036442,1.050473690032959
1748622936.0821915,-2.841261857036442,1.050473690032959
1748622936.1156654,-2.841261857036442,1.050473690032959
1748622936.149532,-2.841261857036442,1.050473690032959
1748622936.1829734,-2.841261857036442,1.050473690032959
1748622936.2163837,-2.841261857036442,1.050473690032959
1748622936.2499077,-2.841261857036442,1.050473690032959
1748622936.2834823,-2.841261857036442,1.050473690032959
1748622936.3169992,-2.841261857036442,1.050473690032959
1748622936.350424,-2.841261857036442,1.050473690032959
1748622936.383925,-2.841261857036442,1.050473690032959
1748622936.4173346,-2.841261857036442,1.050473690032959
1748622936.4507647,-2.841261857036442,1.050473690032959
1748622936.4841754,-2.841261857036442,1.050473690032959
1748622936.517583,-2.841261857036442,1.050473690032959
1748622936.550991,-2.841261857036442,1.050473690032959
1748622936.5844047,-2.841261857036442,1.050473690032959
1748622936.6178198,-2.841261857036442,1.050473690032959
1748622936.6513948,-2.841261857036442,1.050473690032959
1748622936.684882,-2.841261857036442,1.050473690032959
1748622936.7182994,-2.841261857036442,1.050473690032959
1748622936.751733,-2.841261857036442,1.050473690032959
1748622936.7851796,-2.841261857036442,1.050473690032959
1748622936.8186407,-2.841261857036442,1.050473690032959
1748622936.852048,-2.841261857036442,1.050473690032959
1748622936.8855333,-2.841261857036442,1.050473690032959
1748622936.9189503,-2.841261857036442,1.050473690032959
1748622936.952411,-2.841261857036442,1.050473690032959
1748622936.986679,-2.841261857036442,1.050473690032959
1748622937.0201337,-2.841261857036442,1.050473690032959
1748622937.053552,-2.841261857036442,1.050473690032959
1748622937.0869963,-2.841261857036442,1.050473690032959
1748622937.120645,-2.841261857036442,1.050473690032959
1748622937.1540942,-2.841261857036442,1.050473690032959
1748622937.187523,-2.841261857036442,1.050473690032959
1748622937.2209382,-2.841261857036442,1.050473690032959
1748622937.2543545,-2.841261857036442,1.050473690032959
1748622937.2882624,-2.841261857036442,1.050473690032959
1748622937.3235085,-2.841261857036442,1.050473690032959
1748622937.3569055,-2.841261857036442,1.050473690032959
1748622937.3903255,-2.841261857036442,1.050473690032959
1748622937.4237428,-2.841261857036442,1.050473690032959
1748622937.4572105,-2.841261857036442,1.050473690032959
1748622937.4906209,-2.841261857036442,1.050473690032959
1748622937.524054,-2.841261857036442,1.050473690032959
1748622937.5576622,-2.841261857036442,1.050473690032959
1748622937.591125,-2.841261857036442,1.050473690032959
1748622937.6245983,-2.841261857036442,1.050473690032959
1748622937.659227,-2.841261857036442,1.050473690032959
1748622937.6926446,-2.841261857036442,1.050473690032959
1748622937.7260656,-2.841261857036442,1.050473690032959
1748622937.759499,-2.841261857036442,1.050473690032959
1748622937.7929082,-2.841261857036442,1.050473690032959
1748622937.826298,-2.841261857036442,1.050473690032959
1748622937.85973,-2.841261857036442,1.050473690032959
1748622937.8932004,-2.841261857036442,1.050473690032959
1748622937.926619,-2.841261857036442,1.050473690032959
1748622937.9601765,-2.841261857036442,1.050473690032959
1748622937.9938343,-2.841261857036442,1.050473690032959
1748622938.0272956,-2.841261857036442,1.050473690032959
1748622938.0607085,-2.841261857036442,1.050473690032959
1748622938.094212,-2.841261857036442,1.050473690032959
1748622938.127621,-2.841261857036442,1.050473690032959
1748622938.1611862,-2.841261857036442,1.050473690032959
1748622938.1953337,-2.841261857036442,1.050473690032959
1748622938.229364,-2.841261857036442,1.050473690032959
1748622938.2627766,-2.841261857036442,1.050473690032959
1748622938.2965708,-2.841261857036442,1.050473690032959
1748622938.3300967,-2.841261857036442,1.050473690032959
1748622938.3635132,-2.841261857036442,1.050473690032959
1748622938.3980737,-2.841261857036442,1.050473690032959
1748622938.4322612,-2.841261857036442,1.050473690032959
1748622938.4657254,-2.841261857036442,1.050473690032959
1748622938.4991777,-2.841261857036442,1.050473690032959
1748622938.532596,-2.841261857036442,1.050473690032959
1748622938.566246,-2.841261857036442,1.050473690032959
1748622938.5996656,-2.841261857036442,1.050473690032959
1748622938.6332405,-2.841261857036442,1.050473690032959
1748622938.6667008,-2.841261857036442,1.050473690032959
1748622938.7001228,-2.841261857036442,1.050473690032959
1748622938.7346077,-2.841261857036442,1.050473690032959
1748622938.768145,-2.841261857036442,1.050473690032959
1748622938.801557,-2.841261857036442,1.050473690032959
1748622938.8349657,-2.841261857036442,1.050473690032959
1748622938.8683777,-2.841261857036442,1.050473690032959
1748622938.9019146,-2.841261857036442,1.050473690032959
1748622938.9353304,-2.841261857036442,1.050473690032959
1748622938.9687545,-2.841261857036442,1.050473690032959
1748622939.002176,-2.841261857036442,1.050473690032959
1748622939.0355825,-2.841261857036442,1.050473690032959
1748622939.0689926,-2.841261857036442,1.050473690032959
1748622939.1024473,-2.841261857036442,1.050473690032959
1748622939.1359084,-2.841261857036442,1.050473690032959
1748622939.1693473,-2.841261857036442,1.050473690032959
1748622939.2033093,-2.841261857036442,1.050473690032959
1748622939.2367208,-2.841261857036442,1.050473690032959
1748622939.2701092,-2.841261857036442,1.050473690032959
1748622939.303522,-2.841261857036442,1.050473690032959
1748622939.336939,-2.841261857036442,1.050473690032959
1748622939.370347,-2.841261857036442,1.050473690032959
1748622939.40381,-2.841261857036442,1.050473690032959
1748622939.4372196,-2.841261857036442,1.050473690032959
1748622939.4710312,-2.841261857036442,1.050473690032959
1748622939.5044508,-2.841261857036442,1.050473690032959
1748622939.537881,-2.841261857036442,1.050473690032959
1748622939.5713727,-2.841261857036442,1.050473690032959
1748622939.6048229,-2.841261857036442,1.050473690032959
1748622939.6382515,-2.841261857036442,1.050473690032959
1748622939.6716592,-2.841261857036442,1.050473690032959
1748622939.7051244,-2.841261857036442,1.050473690032959
1748622939.7388942,-2.841261857036442,1.050473690032959
1748622939.7726433,-2.841261857036442,1.050473690032959
1748622939.8060646,-2.841261857036442,1.050473690032959
1748622939.8394864,-2.841261857036442,1.050473690032959
1748622939.8728862,-2.841261857036442,1.050473690032959
1748622939.9064202,-2.841261857036442,1.050473690032959
1748622939.941816,-2.841261857036442,1.050473690032959
1748622939.9752352,-2.841261857036442,1.050473690032959
1748622940.0086405,-2.841261857036442,1.050473690032959
1748622940.0420566,-2.841261857036442,1.050473690032959
1748622940.075496,-2.841261857036442,1.050473690032959
1748622940.1090755,-2.841261857036442,1.050473690032959
1748622940.1426167,-2.841261857036442,1.050473690032959
1748622940.1760314,-2.841261857036442,1.050473690032959
1748622940.2098277,-2.841261857036442,1.050473690032959
1748622940.2432647,-2.841261857036442,1.050473690032959
1748622940.2769055,-2.841261857036442,1.050473690032959
1748622940.3110106,-2.841261857036442,1.050473690032959
1748622940.344419,-2.841261857036442,1.050473690032959
1748622940.3778708,-2.841261857036442,1.050473690032959
1748622940.4113665,-2.841261857036442,1.050473690032959
1748622940.4448254,-2.841261857036442,1.050473690032959
1748622940.4792922,-2.841261857036442,1.050473690032959
1748622940.5127125,-2.841261857036442,1.050473690032959
1748622940.546494,-2.841261857036442,1.050473690032959
1748622940.5800734,-2.841261857036442,1.050473690032959
1748622940.6134953,-2.841261857036442,1.050473690032959
1748622940.6469133,-2.841261857036442,1.050473690032959
1748622940.6802928,-2.841261857036442,1.050473690032959
1748622940.7137544,-2.841261857036442,1.050473690032959
1748622940.7472303,-2.841261857036442,1.050473690032959
1748622940.7806835,-2.841261857036442,1.050473690032959
1748622940.8155365,-2.841261857036442,1.050473690032959
1748622940.8489618,-2.841261857036442,1.050473690032959
1748622940.882448,-2.841261857036442,1.050473690032959
1748622940.9158661,-2.841261857036442,1.050473690032959
1748622940.9493456,-2.841261857036442,1.050473690032959
1748622940.9828053,-2.841261857036442,1.050473690032959
1748622941.0165303,-2.841261857036442,1.050473690032959
1748622941.0499485,-2.841261857036442,1.050473690032959
1748622941.0833647,-2.841261857036442,1.050473690032959
1748622941.1167793,-2.841261857036442,1.050473690032959
1748622941.1504612,-2.841261857036442,1.050473690032959
1748622941.1843338,-2.841261857036442,1.050473690032959
1748622941.2177482,-2.841261857036442,1.050473690032959
1748622941.2511744,-2.841261857036442,1.050473690032959
1748622941.2846606,-2.841261857036442,1.050473690032959
1748622941.318073,-2.841261857036442,1.050473690032959
1748622941.3515766,-2.841261857036442,1.050473690032959
1748622941.3854809,-2.841261857036442,1.050473690032959
1748622941.4188945,-2.841261857036442,1.050473690032959
1748622941.4523387,-2.841261857036442,1.050473690032959
1748622941.4857793,-2.841261857036442,1.050473690032959
1748622941.519253,-2.841261857036442,1.050473690032959
1748622941.55268,-2.841261857036442,1.050473690032959
1748622941.5866394,-2.841261857036442,1.050473690032959
1748622941.6201391,-2.841261857036442,1.050473690032959
1748622941.6535618,-2.841261857036442,1.050473690032959
1748622941.6869636,-2.841261857036442,1.050473690032959
1748622941.7203887,-2.841261857036442,1.050473690032959
1748622941.7538006,-2.841261857036442,1.050473690032959
1748622941.788012,-2.841261857036442,1.050473690032959
1748622941.8214793,-2.841261857036442,1.050473690032959
1748622941.8548918,-2.841261857036442,1.050473690032959
1748622941.8882654,-2.841261857036442,1.050473690032959
1748622941.9216757,-2.841261857036442,1.050473690032959
1748622941.9550982,-2.841261857036442,1.050473690032959
1748622941.9885294,-2.841261857036442,1.050473690032959
1748622942.0219402,-2.841261857036442,1.050473690032959
1748622942.0553555,-2.841261857036442,1.050473690032959
1748622942.089279,-2.841261857036442,1.050473690032959
1748622942.1228895,-2.841261857036442,1.050473690032959
1748622942.156614,-2.841261857036442,1.050473690032959
1748622942.1900256,-2.841261857036442,1.050473690032959
1748622942.2234423,-2.841261857036442,1.050473690032959
1748622942.2568605,-2.841261857036442,1.050473690032959
1748622942.2903688,-2.841261857036442,1.050473690032959
1748622942.32379,-2.841261857036442,1.050473690032959
1748622942.357238,-2.841261857036442,1.050473690032959
1748622942.3906963,-2.841261857036442,1.050473690032959
1748622942.4241393,-2.841261857036442,1.050473690032959
1748622942.4583626,-2.841261857036442,1.050473690032959
1748622942.4919457,-2.841261857036442,1.050473690032959
1748622942.5282753,-2.841261857036442,1.050473690032959
1748622942.5618114,-2.841261857036442,1.050473690032959
1748622942.5953517,-2.841261857036442,1.050473690032959
1748622942.6287649,-2.841261857036442,1.050473690032959
1748622942.6621826,-2.841261857036442,1.050473690032959
1748622942.6955934,-2.841261857036442,1.050473690032959
1748622942.7290025,-2.841261857036442,1.050473690032959
1748622942.7626576,-2.841261857036442,1.050473690032959
1748622942.79646,-2.841261857036442,1.050473690032959
1748622942.8299925,-2.841261857036442,1.050473690032959
1748622942.8634083,-2.841261857036442,1.050473690032959
1748622942.8968384,-2.841261857036442,1.050473690032959
1748622942.9308596,-2.841261857036442,1.050473690032959
1748622942.964272,-2.841261857036442,1.050473690032959
1748622942.9976845,-2.841261857036442,1.050473690032959
1748622943.0310965,-2.841261857036442,1.050473690032959
1748622943.0645168,-2.841261857036442,1.050473690032959
1748622943.0979385,-2.841261857036442,1.050473690032959
1748622943.1328015,-2.841261857036442,1.050473690032959
1748622943.1663294,-2.841261857036442,1.050473690032959
1748622943.199782,-2.841261857036442,1.050473690032959
1748622943.234077,-2.841261857036442,1.050473690032959
1748622943.2674985,-2.841261857036442,1.050473690032959
1748622943.3009198,-2.841261857036442,1.050473690032959
1748622943.33433,-2.841261857036442,1.050473690032959
1748622943.3677375,-2.841261857036442,1.050473690032959
1748622943.4011493,-2.841261857036442,1.050473690032959
1748622943.4357724,-2.841261857036442,1.050473690032959
1748622943.469196,-2.841261857036442,1.050473690032959
1748622943.5026143,-2.841261857036442,1.050473690032959
1748622943.5362709,-2.841261857036442,1.050473690032959
1748622943.5699394,-2.841261857036442,1.050473690032959
1748622943.603518,-2.841261857036442,1.050473690032959
1748622943.636932,-2.841261857036442,1.050473690032959
1748622943.6706817,-2.841261857036442,1.050473690032959
1748622943.70412,-2.841261857036442,1.050473690032959
1748622943.737597,-2.841261857036442,1.050473690032959
1748622943.7710235,-2.841261857036442,1.050473690032959
1748622943.804898,-2.841261857036442,1.050473690032959
1748622943.838364,-2.841261857036442,1.050473690032959
1748622943.8722825,-2.841261857036442,1.050473690032959
1748622943.9057145,-2.841261857036442,1.050473690032959
1748622943.9391356,-2.841261857036442,1.050473690032959
1748622943.9728928,-2.841261857036442,1.050473690032959
1748622944.006321,-2.841261857036442,1.050473690032959
1748622944.0397315,-2.841261857036442,1.050473690032959
1748622944.073185,-2.841261857036442,1.050473690032959
1748622944.1065974,-2.841261857036442,1.050473690032959
1748622944.1400542,-2.841261857036442,1.050473690032959
1748622944.1734674,-2.841261857036442,1.050473690032959
1748622944.206889,-2.841261857036442,1.050473690032959
1748622944.2402868,-2.841261857036442,1.050473690032959
1748622944.27377,-2.841261857036442,1.050473690032959
1748622944.3072336,-2.841261857036442,1.050473690032959
1748622944.3406823,-2.841261857036442,1.050473690032959
1748622944.374088,-2.841261857036442,1.050473690032959
1748622944.4074848,-2.841261857036442,1.050473690032959
1748622944.4408927,-2.841261857036442,1.050473690032959
1748622944.474338,-2.841261857036442,1.050473690032959
1748622944.5077567,-2.841261857036442,1.050473690032959
1748622944.541175,-2.841261857036442,1.050473690032959
1748622944.5745878,-2.841261857036442,1.050473690032959
1748622944.6083083,-2.841261857036442,1.050473690032959
1748622944.6422765,-2.841261857036442,1.050473690032959
1748622944.6758177,-2.841261857036442,1.050473690032959
1748622944.7092988,-2.841261857036442,1.050473690032959
1748622944.742707,-2.841261857036442,1.050473690032959
1748622944.7761176,-2.841261857036442,1.050473690032959
1748622944.8095255,-2.841261857036442,1.050473690032959
1748622944.8429365,-2.841261857036442,1.050473690032959
1748622944.8763602,-2.841261857036442,1.050473690032959
1748622944.9097993,-2.841261857036442,1.050473690032959
1748622944.9432151,-2.841261857036442,1.050473690032959
1748622944.9766746,-2.841261857036442,1.050473690032959
1748622945.010084,-2.841261857036442,1.050473690032959
1748622945.0435355,-2.841261857036442,1.050473690032959
1748622945.077452,-2.841261857036442,1.050473690032959
1748622945.110926,-2.841261857036442,1.050473690032959
1748622945.1443872,-2.841261857036442,1.050473690032959
1748622945.1777697,-2.841261857036442,1.050473690032959
1748622945.2112377,-2.841261857036442,1.050473690032959
1748622945.2446558,-2.841261857036442,1.050473690032959
1748622945.2780724,-2.841261857036442,1.050473690032959
1748622945.3115327,-2.841261857036442,1.050473690032959
1748622945.3450077,-2.841261857036442,1.050473690032959
1748622945.3784382,-2.841261857036442,1.050473690032959
1748622945.4119158,-2.841261857036442,1.050473690032959
1748622945.445327,-2.841261857036442,1.050473690032959
1748622945.4787624,-2.841261857036442,1.050473690032959
1748622945.5121918,-2.841261857036442,1.050473690032959
1748622945.547037,-2.841261857036442,1.050473690032959
1748622945.5810122,-2.841261857036442,1.050473690032959
1748622945.6148648,-2.841261857036442,1.050473690032959
1748622945.6482658,-2.841261857036442,1.050473690032959
1748622945.6819282,-2.841261857036442,1.050473690032959
1748622945.7153623,-2.841261857036442,1.050473690032959
1748622945.7488415,-2.841261857036442,1.050473690032959
1748622945.7822707,-2.841261857036442,1.050473690032959
1748622945.8156977,-2.841261857036442,1.050473690032959
1748622945.8491259,-2.841261857036442,1.050473690032959
1748622945.8825476,-2.841261857036442,1.050473690032959
1748622945.9159663,-2.841261857036442,1.050473690032959
1748622945.9493954,-2.841261857036442,1.050473690032959
1748622945.9828446,-2.841261857036442,1.050473690032959
1748622946.0162709,-2.841261857036442,1.050473690032959
1748622946.0496948,-2.841261857036442,1.050473690032959
1748622946.0831165,-2.841261857036442,1.050473690032959
1748622946.1173148,-2.841261857036442,1.050473690032959
1748622946.1507347,-2.841261857036442,1.050473690032959
1748622946.1841362,-2.841261857036442,1.050473690032959
1748622946.2175467,-2.841261857036442,1.050473690032959
1748622946.251783,-2.841261857036442,1.050473690032959
1748622946.2851985,-2.841261857036442,1.050473690032959
1748622946.3186102,-2.841261857036442,1.050473690032959
1748622946.3520668,-2.841261857036442,1.050473690032959
1748622946.3866887,-2.841261857036442,1.050473690032959
1748622946.4201038,-2.841261857036442,1.050473690032959
1748622946.453607,-2.841261857036442,1.050473690032959
1748622946.487015,-2.841261857036442,1.050473690032959
1748622946.520434,-2.841261857036442,1.050473690032959
1748622946.5538516,-2.841261857036442,1.050473690032959
1748622946.588065,-2.841261857036442,1.050473690032959
1748622946.621489,-2.841261857036442,1.050473690032959
1748622946.6549146,-2.841261857036442,1.050473690032959
1748622946.6885252,-2.841261857036442,1.050473690032959
1748622946.7219408,-2.841261857036442,1.050473690032959
1748622946.7553742,-2.841261857036442,1.050473690032959
1748622946.788855,-2.841261857036442,1.050473690032959
1748622946.8222764,-2.841261857036442,1.050473690032959
1748622946.8557043,-2.841261857036442,1.050473690032959
1748622946.8891277,-2.841261857036442,1.050473690032959
1748622946.9225333,-2.841261857036442,1.050473690032959
1748622946.9559577,-2.841261857036442,1.050473690032959
1748622946.9893816,-2.841261857036442,1.050473690032959
1748622947.0228226,-2.841261857036442,1.050473690032959
1748622947.0563552,-2.841261857036442,1.050473690032959
1748622947.0902226,-2.841261857036442,1.050473690032959
1748622947.1237075,-2.841261857036442,1.050473690032959
1748622947.1571803,-2.841261857036442,1.050473690032959
1748622947.1906295,-2.841261857036442,1.050473690032959
1748622947.2240422,-2.841261857036442,1.050473690032959
1748622947.257675,-2.841261857036442,1.050473690032959
1748622947.2910872,-2.841261857036442,1.050473690032959
1748622947.3245015,-2.841261857036442,1.050473690032959
1748622947.3580465,-2.841261857036442,1.050473690032959
1748622947.3914583,-2.841261857036442,1.050473690032959
1748622947.4248774,-2.841261857036442,1.050473690032959
1748622947.458477,-2.841261857036442,1.050473690032959
1748622947.4918923,-2.841261857036442,1.050473690032959
1748622947.525311,-2.841261857036442,1.050473690032959
1748622947.5589387,-2.841261857036442,1.050473690032959
1748622947.5923471,-2.841261857036442,1.050473690032959
1748622947.6262207,-2.841261857036442,1.050473690032959
1748622947.6597714,-2.841261857036442,1.050473690032959
1748622947.6931882,-2.841261857036442,1.050473690032959
1748622947.727113,-2.841261857036442,1.050473690032959
1748622947.760526,-2.841261857036442,1.050473690032959
1748622947.7941835,-2.841261857036442,1.050473690032959
1748622947.827604,-2.841261857036442,1.050473690032959
1748622947.8610218,-2.841261857036442,1.050473690032959
1748622947.8944392,-2.841261857036442,1.050473690032959
1748622947.927858,-2.841261857036442,1.050473690032959
1748622947.9612699,-2.841261857036442,1.050473690032959
1748622947.9946885,-2.841261857036442,1.050473690032959
1748622948.0280974,-2.841261857036442,1.050473690032959
1748622948.0618403,-2.841261857036442,1.050473690032959
1748622948.095256,-2.841261857036442,1.050473690032959
1748622948.128687,-2.841261857036442,1.050473690032959
1748622948.1622431,-2.841261857036442,1.050473690032959
1748622948.2085588,-2.841261857036442,1.050473690032959
1748622948.241974,-2.841261857036442,1.050473690032959
1748622948.2753882,-2.841261857036442,1.050473690032959
1748622948.3088021,-2.841261857036442,1.050473690032959
1748622948.3422122,-2.841261857036442,1.050473690032959
1748622948.3756523,-2.841261857036442,1.050473690032959
1748622948.4090648,-2.841261857036442,1.050473690032959
1748622948.4425182,-2.841261857036442,1.050473690032959
1748622948.4759974,-2.841261857036442,1.050473690032959
1748622948.5094817,-2.841261857036442,1.050473690032959
1748622948.542894,-2.841261857036442,1.050473690032959
1748622948.5766258,-2.841261857036442,1.050473690032959
1748622948.6101441,-2.841261857036442,1.050473690032959
1748622948.6435578,-2.841261857036442,1.050473690032959
1748622948.6769834,-2.841261857036442,1.050473690032959
1748622948.7106557,-2.841261857036442,1.050473690032959
1748622948.7440748,-2.841261857036442,1.050473690032959
1748622948.7775059,-2.841261857036442,1.050473690032959
1748622948.8113606,-2.841261857036442,1.050473690032959
1748622948.8465948,-2.841261857036442,1.050473690032959
1748622948.8800077,-2.841261857036442,1.050473690032959
1748622948.9134204,-2.841261857036442,1.050473690032959
1748622948.9473577,-2.841261857036442,1.050473690032959
1748622948.9808192,-2.841261857036442,1.050473690032959
1748622949.0142303,-2.841261857036442,1.050473690032959
1748622949.0478165,-2.841261857036442,1.050473690032959
1748622949.081259,-2.841261857036442,1.050473690032959
1748622949.114671,-2.841261857036442,1.050473690032959
1748622949.148122,-2.841261857036442,1.050473690032959
1748622949.1815448,-2.841261857036442,1.050473690032959
1748622949.2149553,-2.841261857036442,1.050473690032959
1748622949.2483654,-2.841261857036442,1.050473690032959
1748622949.2831676,-2.841261857036442,1.050473690032959
1748622949.3165786,-2.841261857036442,1.050473690032959
1748622949.3500001,-2.841261857036442,1.050473690032959
1748622949.383734,-2.841261857036442,1.050473690032959
1748622949.4178536,-2.841261857036442,1.050473690032959
1748622949.4653528,-2.841261857036442,1.050473690032959
1748622949.499859,-2.841261857036442,1.050473690032959
1748622949.5333276,-2.841261857036442,1.050473690032959
1748622949.5667536,-2.841261857036442,1.050473690032959
1748622949.600166,-2.841261857036442,1.050473690032959
1748622949.633585,-2.841261857036442,1.050473690032959
1748622949.6669765,-2.841261857036442,1.050473690032959
1748622949.7003884,-2.841261857036442,1.050473690032959
1748622949.734171,-2.841261857036442,1.050473690032959
1748622949.7676384,-2.841261857036442,1.050473690032959
1748622949.8010247,-2.841261857036442,1.050473690032959
1748622949.834543,-2.841261857036442,1.050473690032959
1748622949.868014,-2.841261857036442,1.050473690032959
1748622949.9014482,-2.841261857036442,1.050473690032959
1748622949.934915,-2.841261857036442,1.050473690032959
1748622949.9683323,-2.841261857036442,1.050473690032959
1748622950.0017405,-2.841261857036442,1.050473690032959
1748622950.0366828,-2.841261857036442,1.050473690032959
1748622950.0701456,-2.841261857036442,1.050473690032959
1748622950.103574,-2.841261857036442,1.050473690032959
1748622950.1369822,-2.841261857036442,1.050473690032959
1748622950.1703897,-2.841261857036442,1.050473690032959
1748622950.2038023,-2.841261857036442,1.050473690032959
1748622950.2376397,-2.841261857036442,1.050473690032959
1748622950.2710521,-2.841261857036442,1.050473690032959
1748622950.3044639,-2.841261857036442,1.050473690032959
1748622950.33788,-2.841261857036442,1.050473690032959
1748622950.3715522,-2.841261857036442,1.050473690032959
1748622950.4052134,-2.841261857036442,1.050473690032959
1748622950.4386609,-2.841261857036442,1.050473690032959
1748622950.4720936,-2.841261857036442,1.050473690032959
1748622950.5055287,-2.841261857036442,1.050473690032959
1748622950.5389373,-2.841261857036442,1.050473690032959
1748622950.5774639,-2.841261857036442,1.050473690032959
1748622950.6198146,-2.841261857036442,1.050473690032959
1748622950.6533265,-2.841261857036442,1.050473690032959
1748622950.6882915,-2.841261857036442,1.050473690032959
1748622950.721688,-2.841261857036442,1.050473690032959
1748622950.755106,-2.841261857036442,1.050473690032959
1748622950.7895007,-2.841261857036442,1.050473690032959
1748622950.8232288,-2.841261857036442,1.050473690032959
1748622950.856654,-2.841261857036442,1.050473690032959
1748622950.890106,-2.841261857036442,1.050473690032959
1748622950.9235198,-2.841261857036442,1.050473690032959
1748622950.956941,-2.841261857036442,1.050473690032959
1748622950.9903498,-2.841261857036442,1.050473690032959
1748622951.0237596,-2.841261857036442,1.050473690032959
1748622951.0572069,-2.841261857036442,1.050473690032959
1748622951.090597,-2.841261857036442,1.050473690032959
1748622951.1240666,-2.841261857036442,1.050473690032959
1748622951.1574993,-2.841261857036442,1.050473690032959
1748622951.1909144,-2.841261857036442,1.050473690032959
1748622951.224311,-2.841261857036442,1.050473690032959
1748622951.2577558,-2.841261857036442,1.050473690032959
1748622951.2911682,-2.841261857036442,1.050473690032959
1748622951.32459,-2.841261857036442,1.050473690032959
1748622951.3585725,-2.841261857036442,1.050473690032959
1748622951.392023,-2.841261857036442,1.050473690032959
1748622951.4255137,-2.841261857036442,1.050473690032959
1748622951.4589229,-2.841261857036442,1.050473690032959
1748622951.4923606,-2.841261857036442,1.050473690032959
1748622951.525932,-2.841261857036442,1.050473690032959
1748622951.5593843,-2.841261857036442,1.050473690032959
1748622951.592795,-2.841261857036442,1.050473690032959
1748622951.6262486,-2.841261857036442,1.050473690032959
1748622951.6596947,-2.841261857036442,1.050473690032959
1748622951.6931312,-2.841261857036442,1.050473690032959
1748622951.7265394,-2.841261857036442,1.050473690032959
1748622951.7599888,-2.841261857036442,1.050473690032959
1748622951.7947788,-2.841261857036442,1.050473690032959
1748622951.8299193,-2.841261857036442,1.050473690032959
1748622951.863845,-2.841261857036442,1.050473690032959
1748622951.897265,-2.841261857036442,1.050473690032959
1748622951.9306765,-2.841261857036442,1.050473690032959
1748622951.9642518,-2.841261857036442,1.050473690032959
1748622951.9977477,-2.841261857036442,1.050473690032959
1748622952.031156,-2.841261857036442,1.050473690032959
1748622952.064579,-2.841261857036442,1.050473690032959
1748622952.0982528,-2.841261857036442,1.050473690032959
1748622952.132501,-2.841261857036442,1.050473690032959
1748622952.1659389,-2.841261857036442,1.050473690032959
1748622952.1993737,-2.841261857036442,1.050473690032959
1748622952.232808,-2.841261857036442,1.050473690032959
1748622952.26626,-2.841261857036442,1.050473690032959
1748622952.2997577,-2.841261857036442,1.050473690032959
1748622952.3332987,-2.841261857036442,1.050473690032959
1748622952.3667068,-2.841261857036442,1.050473690032959
1748622952.4001129,-2.841261857036442,1.050473690032959
1748622952.433533,-2.841261857036442,1.050473690032959
1748622952.4670923,-2.841261857036442,1.050473690032959
1748622952.5005255,-2.841261857036442,1.050473690032959
1748622952.534265,-2.841261857036442,1.050473690032959
1748622952.5676966,-2.841261857036442,1.050473690032959
1748622952.6011307,-2.841261857036442,1.050473690032959
1748622952.6349363,-2.841261857036442,1.050473690032959
1748622952.6683755,-2.841261857036442,1.050473690032959
1748622952.7020202,-2.841261857036442,1.050473690032959
1748622952.7354329,-2.841261857036442,1.050473690032959
1748622952.769204,-2.841261857036442,1.050473690032959
1748622952.8025694,-2.841261857036442,1.050473690032959
1748622952.8360038,-2.841261857036442,1.050473690032959
1748622952.8696969,-2.841261857036442,1.050473690032959
1748622952.9033678,-2.841261857036442,1.050473690032959
1748622952.936902,-2.841261857036442,1.050473690032959
1748622952.9709563,-2.841261857036442,1.050473690032959
1748622953.0043716,-2.841261857036442,1.050473690032959
1748622953.0377939,-2.841261857036442,1.050473690032959
1748622953.071283,-2.841261857036442,1.050473690032959
1748622953.1050131,-2.841261857036442,1.050473690032959
1748622953.1385877,-2.841261857036442,1.050473690032959
1748622953.1720517,-2.841261857036442,1.050473690032959
1748622953.205476,-2.841261857036442,1.050473690032959
1748622953.2390223,-2.841261857036442,1.050473690032959
1748622953.2724514,-2.841261857036442,1.050473690032959
1748622953.305862,-2.841261857036442,1.050473690032959
1748622953.3393278,-2.841261857036442,1.050473690032959
1748622953.3727283,-2.841261857036442,1.050473690032959
1748622953.4061463,-2.841261857036442,1.050473690032959
1748622953.4398015,-2.841261857036442,1.050473690032959
1748622953.4735224,-2.841261857036442,1.050473690032959
1748622953.5070949,-2.841261857036442,1.050473690032959
1748622953.5405347,-2.841261857036442,1.050473690032959
1748622953.5739622,-2.841261857036442,1.050473690032959
1748622953.6073866,-2.841261857036442,1.050473690032959
1748622953.640894,-2.841261857036442,1.050473690032959
1748622953.6744316,-2.841261857036442,1.050473690032959
1748622953.7080178,-2.841261857036442,1.050473690032959
1748622953.741425,-2.841261857036442,1.050473690032959
1748622953.774832,-2.841261857036442,1.050473690032959
1748622953.808252,-2.841261857036442,1.050473690032959
1748622953.8416696,-2.841261857036442,1.050473690032959
1748622953.8752701,-2.841261857036442,1.050473690032959
1748622953.9087193,-2.841261857036442,1.050473690032959
1748622953.9421382,-2.841261857036442,1.050473690032959
1748622953.975567,-2.841261857036442,1.050473690032959
1748622954.0090158,-2.841261857036442,1.050473690032959
1748622954.0424533,-2.841261857036442,1.050473690032959
1748622954.0759616,-2.841261857036442,1.050473690032959
1748622954.109543,-2.841261857036442,1.050473690032959
1748622954.1429513,-2.841261857036442,1.050473690032959
1748622954.1764057,-2.841261857036442,1.050473690032959
1748622954.2098222,-2.841261857036442,1.050473690032959
1748622954.2432678,-2.841261857036442,1.050473690032959
1748622954.2767212,-2.841261857036442,1.050473690032959
1748622954.3101428,-2.841261857036442,1.050473690032959
1748622954.3469334,-2.841261857036442,1.050473690032959
1748622954.3805904,-2.841261857036442,1.050473690032959
1748622954.414152,-2.841261857036442,1.050473690032959
1748622954.4483042,-2.841261857036442,1.050473690032959
1748622954.4821446,-2.841261857036442,1.050473690032959
1748622954.5166233,-2.841261857036442,1.050473690032959
1748622954.5500658,-2.841261857036442,1.050473690032959
1748622954.583519,-2.841261857036442,1.050473690032959
1748622954.6169057,-2.841261857036442,1.050473690032959
1748622954.650798,-2.841261857036442,1.050473690032959
1748622954.6848211,-2.841261857036442,1.050473690032959
1748622954.7182467,-2.841261857036442,1.050473690032959
1748622954.7516632,-2.841261857036442,1.050473690032959
1748622954.785114,-2.841261857036442,1.050473690032959
1748622954.8185291,-2.841261857036442,1.050473690032959
1748622954.8519492,-2.841261857036442,1.050473690032959
1748622954.8853762,-2.841261857036442,1.050473690032959
1748622954.9187953,-2.841261857036442,1.050473690032959
1748622954.9522095,-2.841261857036442,1.050473690032959
1748622954.985641,-2.841261857036442,1.050473690032959
1748622955.0190787,-2.841261857036442,1.050473690032959
1748622955.0524874,-2.841261857036442,1.050473690032959
1748622955.085893,-2.841261857036442,1.050473690032959
1748622955.119308,-2.841261857036442,1.050473690032959
1748622955.1527088,-2.841261857036442,1.050473690032959
1748622955.1861706,-2.841261857036442,1.050473690032959
1748622955.2196066,-2.841261857036442,1.050473690032959
1748622955.2530346,-2.841261857036442,1.050473690032959
1748622955.2864578,-2.841261857036442,1.050473690032959
1748622955.3198686,-2.841261857036442,1.050473690032959
1748622955.353364,-2.841261857036442,1.050473690032959
1748622955.3868039,-2.841261857036442,1.050473690032959
1748622955.4203424,-2.841261857036442,1.050473690032959
1748622955.454099,-2.841261857036442,1.050473690032959
1748622955.4879892,-2.841261857036442,1.050473690032959
1748622955.5213997,-2.841261857036442,1.050473690032959
1748622955.5548468,-2.841261857036442,1.050473690032959
1748622955.5883257,-2.841261857036442,1.050473690032959
1748622955.6217825,-2.841261857036442,1.050473690032959
1748622955.6551957,-2.841261857036442,1.050473690032959
1748622955.6886947,-2.841261857036442,1.050473690032959
1748622955.722108,-2.841261857036442,1.050473690032959
1748622955.755523,-2.841261857036442,1.050473690032959
1748622955.7889633,-2.841261857036442,1.050473690032959
1748622955.8224542,-2.841261857036442,1.050473690032959
1748622955.8559074,-2.841261857036442,1.050473690032959
1748622955.8893487,-2.841261857036442,1.050473690032959
1748622955.9227726,-2.841261857036442,1.050473690032959
1748622955.9561849,-2.841261857036442,1.050473690032959
1748622955.9897933,-2.841261857036442,1.050473690032959
1748622956.0232067,-2.841261857036442,1.050473690032959
1748622956.0566783,-2.841261857036442,1.050473690032959
1748622956.0901432,-2.841261857036442,1.050473690032959
1748622956.1238918,-2.841261857036442,1.050473690032959
1748622956.157395,-2.841261857036442,1.050473690032959
1748622956.1908524,-2.841261857036442,1.050473690032959
1748622956.2242682,-2.841261857036442,1.050473690032959
1748622956.2579975,-2.841261857036442,1.050473690032959
1748622956.2914147,-2.841261857036442,1.050473690032959
1748622956.3249137,-2.841261857036442,1.050473690032959
1748622956.358354,-2.841261857036442,1.050473690032959
1748622956.3917696,-2.841261857036442,1.050473690032959
1748622956.425197,-2.841261857036442,1.050473690032959
1748622956.4587011,-2.841261857036442,1.050473690032959
1748622956.4921343,-2.841261857036442,1.050473690032959
1748622956.5256608,-2.841261857036442,1.050473690032959
1748622956.559076,-2.841261857036442,1.050473690032959
1748622956.592506,-2.841261857036442,1.050473690032959
1748622956.625915,-2.841261857036442,1.050473690032959
1748622956.6593707,-2.841261857036442,1.050473690032959
1748622956.6928515,-2.841261857036442,1.050473690032959
1748622956.7262735,-2.841261857036442,1.050473690032959
1748622956.7596889,-2.841261857036442,1.050473690032959
1748622956.7931058,-2.841261857036442,1.050473690032959
1748622956.8266995,-2.841261857036442,1.050473690032959
1748622956.8601065,-2.841261857036442,1.050473690032959
1748622956.8935266,-2.841261857036442,1.050473690032959
1748622956.9269545,-2.841261857036442,1.050473690032959
1748622956.9603868,-2.841261857036442,1.050473690032959
1748622956.994538,-2.841261857036442,1.050473690032959
1748622957.0296676,-2.841261857036442,1.050473690032959
1748622957.0632758,-2.841261857036442,1.050473690032959
1748622957.0967138,-2.841261857036442,1.050473690032959
1748622957.1302357,-2.841261857036442,1.050473690032959
1748622957.163624,-2.841261857036442,1.050473690032959
1748622957.1971397,-2.841261857036442,1.050473690032959
1748622957.2305973,-2.841261857036442,1.050473690032959
1748622957.2641273,-2.841261857036442,1.050473690032959
1748622957.2980464,-2.841261857036442,1.050473690032959
1748622957.3337855,-2.841261857036442,1.050473690032959
1748622957.3671992,-2.841261857036442,1.050473690032959
1748622957.4008517,-2.841261857036442,1.050473690032959
1748622957.435236,-2.841261857036442,1.050473690032959
1748622957.468905,-2.841261857036442,1.050473690032959
1748622957.502615,-2.841261857036442,1.050473690032959
1748622957.5360327,-2.841261857036442,1.050473690032959
1748622957.5694835,-2.841261857036442,1.050473690032959
1748622957.6031158,-2.841261857036442,1.050473690032959
1748622957.6372774,-2.841261857036442,1.050473690032959
1748622957.6706984,-2.841261857036442,1.050473690032959
1748622957.7041728,-2.841261857036442,1.050473690032959
1748622957.7382953,-2.841261857036442,1.050473690032959
1748622957.772062,-2.841261857036442,1.050473690032959
1748622957.8062296,-2.841261857036442,1.050473690032959
1748622957.8398223,-2.841261857036442,1.050473690032959
1748622957.8732364,-2.841261857036442,1.050473690032959
1748622957.9067335,-2.841261857036442,1.050473690032959
1748622957.9413958,-2.841261857036442,1.050473690032959
1748622957.9749389,-2.841261857036442,1.050473690032959
1748622958.0084112,-2.841261857036442,1.050473690032959
1748622958.0419078,-2.841261857036442,1.050473690032959
1748622958.0765157,-2.841261857036442,1.050473690032959
1748622958.1112666,-2.841261857036442,1.050473690032959
1748622958.1447217,-2.841261857036442,1.050473690032959
1748622958.1785014,-2.841261857036442,1.050473690032959
1748622958.2130668,-2.841261857036442,1.050473690032959
1748622958.2464943,-2.841261857036442,1.050473690032959
1748622958.2799177,-2.841261857036442,1.050473690032959
1748622958.3134289,-2.841261857036442,1.050473690032959
1748622958.346949,-2.841261857036442,1.050473690032959
1748622958.380366,-2.841261857036442,1.050473690032959
1748622958.413786,-2.841261857036442,1.050473690032959
1748622958.4474127,-2.841261857036442,1.050473690032959
1748622958.4808311,-2.841261857036442,1.050473690032959
1748622958.5142636,-2.841261857036442,1.050473690032959
1748622958.5478606,-2.841261857036442,1.050473690032959
1748622958.5813298,-2.841261857036442,1.050473690032959
1748622958.614763,-2.841261857036442,1.050473690032959
1748622958.6486666,-2.841261857036442,1.050473690032959
1748622958.6820867,-2.841261857036442,1.050473690032959
1748622958.7164874,-2.841261857036442,1.050473690032959
1748622958.75058,-2.841261857036442,1.050473690032959
1748622958.783364,-2.841261857036442,1.050473690032959
1748622958.8168373,-2.841261857036442,1.050473690032959
1748622958.8502493,-2.841261857036442,1.050473690032959
1748622958.8837128,-2.841261857036442,1.050473690032959
1748622958.917198,-2.841261857036442,1.050473690032959
1748622958.9507036,-2.841261857036442,1.050473690032959
1748622958.9841669,-2.841261857036442,1.050473690032959
1748622959.0176544,-2.841261857036442,1.050473690032959
1748622959.0512135,-2.841261857036442,1.050473690032959
1748622959.0850613,-2.841261857036442,1.050473690032959
1748622959.1184692,-2.841261857036442,1.050473690032959
1748622959.1519294,-2.841261857036442,1.050473690032959
1748622959.1853442,-2.841261857036442,1.050473690032959
1748622959.2187614,-2.841261857036442,1.050473690032959
1748622959.2522008,-2.841261857036442,1.050473690032959
1748622959.2856147,-2.841261857036442,1.050473690032959
1748622959.31903,-2.841261857036442,1.050473690032959
1748622959.3524613,-2.841261857036442,1.050473690032959
1748622959.3858783,-2.841261857036442,1.050473690032959
1748622959.419358,-2.841261857036442,1.050473690032959
1748622959.4528518,-2.841261857036442,1.050473690032959
1748622959.4862747,-2.841261857036442,1.050473690032959
1748622959.5196962,-2.841261857036442,1.050473690032959
1748622959.5531108,-2.841261857036442,1.050473690032959
1748622959.5865192,-2.841261857036442,1.050473690032959
1748622959.6199281,-2.841261857036442,1.050473690032959
1748622959.6533418,-2.841261857036442,1.050473690032959
1748622959.6871336,-2.841261857036442,1.050473690032959
1748622959.7205622,-2.841261857036442,1.050473690032959
1748622959.7539697,-2.841261857036442,1.050473690032959
1748622959.787517,-2.841261857036442,1.050473690032959
1748622959.821122,-2.841261857036442,1.050473690032959
1748622959.855417,-2.841261857036442,1.050473690032959
1748622959.8888369,-2.841261857036442,1.050473690032959
1748622959.9222748,-2.841261857036442,1.050473690032959
1748622959.9557176,-2.841261857036442,1.050473690032959
1748622959.9891365,-2.841261857036442,1.050473690032959
1748622960.0225549,-2.841261857036442,1.050473690032959
1748622960.0561078,-2.841261857036442,1.050473690032959
1748622960.089521,-2.841261857036442,1.050473690032959
1748622960.1230624,-2.841261857036442,1.050473690032959
1748622960.1564782,-2.841261857036442,1.050473690032959
1748622960.1899328,-2.841261857036442,1.050473690032959
1748622960.2233398,-2.841261857036442,1.050473690032959
1748622960.2567616,-2.841261857036442,1.050473690032959
1748622960.2901838,-2.841261857036442,1.050473690032959
1748622960.323611,-2.841261857036442,1.050473690032959
1748622960.3570323,-2.841261857036442,1.050473690032959
1748622960.3904583,-2.841261857036442,1.050473690032959
1748622960.4238698,-2.841261857036442,1.050473690032959
1748622960.4572856,-2.841261857036442,1.050473690032959
1748622960.4908035,-2.841261857036442,1.050473690032959
1748622960.5242496,-2.841261857036442,1.050473690032959
1748622960.5576594,-2.841261857036442,1.050473690032959
1748622960.5914195,-2.841261857036442,1.050473690032959
1748622960.625089,-2.841261857036442,1.050473690032959
1748622960.6588209,-2.841261857036442,1.050473690032959
1748622960.6926618,-2.841261857036442,1.050473690032959
1748622960.7261019,-2.841261857036442,1.050473690032959
1748622960.7594814,-2.841261857036442,1.050473690032959
1748622960.7934632,-2.841261857036442,1.050473690032959
1748622960.8270094,-2.841261857036442,1.050473690032959
1748622960.861324,-2.841261857036442,1.050473690032959
1748622960.8948715,-2.841261857036442,1.050473690032959
1748622960.9287493,-2.841261857036442,1.050473690032959
1748622960.9624243,-2.841261857036442,1.050473690032959
1748622960.9958656,-2.838226469800613,1.050473690032959
1748622961.029339,-3.296745832572095,-0.035832684487104416
1748622961.0728884,-3.28977893390829,-0.02794128656387329
1748622961.1132603,-3.282500153098433,-0.030455730855464935
1748622961.1595905,-3.2719775174272243,-0.04001631960272789
1748622961.2042325,-3.2623371760136877,-0.04189097508788109
1748622961.2377048,-3.25508436686692,-0.04678210988640785
1748622961.272681,-3.2450316967978647,-0.05675113946199417
1748622961.3063467,-3.235179410912739,-0.06045705825090408
1748622961.3402793,-3.227229936093716,-0.06278952956199646
1748622961.3754823,-3.2162321365608175,-0.06204637885093689
1748622961.4089904,-3.205004890911669,-0.05836113169789314
1748622961.4537768,-3.193336397614921,-0.061328303068876266
1748622961.4882407,-3.1808832137417427,-0.06186886504292488
1748622961.5217907,-3.172018297262467,-0.054229073226451874
1748622961.5556169,-3.159336626996637,-0.04613993689417839
1748622961.5910258,-3.148924566016307,-0.04261299595236778
1748622961.6245437,-3.135808350423566,-0.0411921925842762
1748622961.6579566,-3.1261275549544396,-0.03172846511006355
1748622961.691778,-3.116341093559367,-0.027297168970108032
1748622961.7252514,-3.10275323358586,-0.02547239325940609
1748622961.758657,-3.093481906077567,-0.021725257858633995
1748622961.7920613,-3.0840805344230833,-0.014305951073765755
1748622961.8334188,-3.0754638366546327,-0.005906802602112293
1748622961.8699286,-3.0661272721992168,-0.0011017145588994026
1748622961.9045012,-3.05726035762976,0.004091004375368357
1748622961.9424112,-3.045719651441813,0.011216381564736366
1748622961.9759321,-3.034032071037506,0.015905043110251427
1748622962.0097766,-3.025275195783387,0.022410986945033073
1748622962.043186,-3.017232929494289,0.029595602303743362
1748622962.0766382,-3.005567422165773,0.032373521476984024
1748622962.1109092,-2.996876515701828,0.036146827042102814
1748622962.1443498,-2.988352017002065,0.03941667824983597
1748622962.1791828,-2.9763404630330577,0.040858153253793716
1748622962.2157094,-2.967693711903001,0.046189215034246445
1748622962.2590854,-2.956343989090314,0.05666454881429672
1748622962.3054428,-2.9426054816143794,0.06224469467997551
1748622962.3746693,-2.9286881848266284,0.07124830782413483
1748622962.4109128,-2.9220786514862,0.08039648085832596
1748622962.4506474,-2.9147399305980812,0.08376847207546234
1748622962.4855564,-2.9074483387873595,0.08570298552513123
1748622962.5229926,-2.900265035205877,0.0921936184167862
1748622962.5564072,-2.8932651844354376,0.0988340973854065
1748622962.590312,-2.883830874926844,0.10810335725545883
1748622962.62509,-2.876007919372985,0.11056465655565262
1748622962.6739545,-2.8642421321215727,0.11613862216472626
1748622962.723024,-2.851613646751337,0.12395526468753815
1748622962.760733,-2.8439956896840943,0.13389952480793
1748622962.7971005,-2.833710080693592,0.13443514704704285
1748622962.8393376,-2.8226656473172826,0.1352553814649582
1748622962.8786714,-2.814279747773554,0.13845089077949524
1748622962.915866,-2.8025214269012837,0.14389553666114807
1748622962.9586816,-2.7922638040428263,0.15550662577152252
1748622962.9924183,-2.783712227739761,0.1578565239906311
1748622963.026927,-2.7749257832472414,0.15976588428020477
1748622963.0695336,-2.760318914815206,0.16426369547843933
1748622963.1029384,-2.751782298394869,0.17043432593345642
1748622963.136478,-2.739964423865671,0.17140646278858185
1748622963.169886,-2.7308771741653795,0.16508568823337555
1748622963.2053905,-2.7181819926846695,0.1640714704990387
1748622963.2388024,-2.707940870414156,0.1672554314136505
1748622963.272216,-2.6979530892417127,0.16879889369010925
1748622963.3076394,-2.6873874931937753,0.1693924367427826
1748622963.347103,-2.677366479621529,0.17031027376651764
1748622963.3925893,-2.670421014117875,0.16925345361232758
1748622963.440839,-2.6602303056767083,0.16969750821590424
1748622963.4960988,-2.64258886623931,0.17092803120613098
1748622963.55589,-2.6216119752642877,0.16797839105129242
1748622963.5993712,-2.603704362329366,0.16747698187828064
1748622963.6339083,-2.58947115009592,0.16474710404872894
1748622963.6673217,-2.5796269437672534,0.15888729691505432
1748622963.7009559,-2.569898808751202,0.1582353711128235
1748622963.7351813,-2.55668150496855,0.15368247032165527
1748622963.7685883,-2.5461816064342395,0.15008822083473206
1748622963.8020554,-2.5366018192010773,0.14419478178024292
1748622963.8362052,-2.5244087379372466,0.13758119940757751
1748622963.8766139,-2.513383346535713,0.1243048682808876
1748622963.9105217,-2.5020073676161,0.11794877797365189
1748622963.9440682,-2.493814326391673,0.10776772350072861
1748622963.9792202,-2.487089765679798,0.0974213033914566
1748622964.0126734,-2.4765535426161325,0.09182372689247131
1748622964.0460892,-2.4684007041605907,0.09034512937068939
1748622964.0795255,-2.458017732096578,0.08613093942403793
1748622964.113101,-2.4504758635446815,0.08108854293823242
1748622964.14665,-2.442636708835239,0.0760810524225235
1748622964.181347,-2.43446681862828,0.07337187975645065
1748622964.2149324,-2.4231058924580533,0.0681271031498909
1748622964.2483504,-2.4148942805438933,0.06449545174837112
1748622964.2819188,-2.4033237828150678,0.06384990364313126
1748622964.3158739,-2.3945425434573946,0.0609714537858963
1748622964.3493273,-2.3856943845563228,0.05745190754532814
1748622964.382784,-2.3767044073853576,0.05471495911478996
1748622964.4162493,-2.36792273572507,0.048672713339328766
1748622964.4498692,-2.3559310979660517,0.043823909014463425
1748622964.4832678,-2.3465793685854965,0.03901418298482895
1748622964.5167189,-2.3381073538257526,0.034982115030288696
1748622964.5504084,-2.3320497591178455,0.030758455395698547
1748622964.5838246,-2.32234302582947,0.028122732415795326
1748622964.617544,-2.3165635563700953,0.024967268109321594
1748622964.65095,-2.307512755855214,0.02044815756380558
1748622964.6844213,-2.2984054268992122,0.01739078387618065
1748622964.7178235,-2.2892857701165292,0.015808889642357826
1748622964.751221,-2.2832519312213413,0.011597075499594212
1748622964.7853217,-2.2743859634562673,0.010095259174704552
1748622964.818714,-2.265348224849462,0.005592558067291975
1748622964.8521137,-2.258713392835432,0.003323931246995926
1748622964.8855245,-2.2502300127694004,0.0012377880048006773
1748622964.9189227,-2.2408211340211204,-0.0008172924281097949
1748622964.9523997,-2.22864092727436,-0.0033875235822051764
1748622964.9858048,-2.2191707715911866,-0.004804742988198996
1748622965.0193393,-2.2103752999397215,-0.007173602934926748
1748622965.052753,-2.201199647408014,-0.007108503486961126
1748622965.0863268,-2.192363715882989,-0.009108229540288448
1748622965.1197338,-2.1801466418775,-0.009884032420814037
1748622965.1531184,-2.170692245181266,-0.011040449142456055
1748622965.186517,-2.1615525707354664,-0.011471782810986042
1748622965.2199373,-2.152433198933392,-0.012348187156021595
1748622965.2533474,-2.143320310691371,-0.013856700621545315
1748622965.28686,-2.1372573717998673,-0.014193550683557987
1748622965.3202462,-2.1281781121538286,-0.013478323817253113
1748622965.353692,-2.119070659016229,-0.013127763755619526
1748622965.3871295,-2.1069298265295466,-0.013412500731647015
1748622965.4212668,-2.0978397874249826,-0.01502771582454443
1748622965.4546711,-2.0890426942523894,-0.015213068574666977
1748622965.4880755,-2.079626711503387,-0.015255399979650974
1748622965.5214815,-2.0705075428938047,-0.015519833192229271
1748622965.5548928,-2.061071017904592,-0.015043200924992561
1748622965.5883543,-2.052226719188297,-0.015251627191901207
1748622965.6217985,-2.043095316733534,-0.014272557571530342
1748622965.6551588,-2.0367105952101103,-0.012657899409532547
1748622965.6888208,-2.0278637201945697,-0.012564114294946194
1748622965.722382,-2.0217653359297927,-0.01175468135625124
1748622965.7558002,-2.0129624798885004,-0.01019411999732256
1748622965.7892237,-2.0032416461946343,-0.00841312576085329
1748622965.8234136,-1.9944360914411572,-0.006830100901424885
1748622965.8568206,-1.9852807825412333,-0.005194699391722679
1748622965.8904855,-1.9764557517587504,-0.002837545471265912
1748622965.92403,-1.967030293784467,-0.0005711384583264589
1748622965.9574893,-1.9579102737690104,0.001558921067044139
1748622965.9909065,-1.9488132224754844,0.003688376396894455
1748622966.0243566,-1.9401051845527932,0.00719420937821269
1748622966.0578303,-1.9307472954512803,0.010632013902068138
1748622966.0912635,-1.9216313013342736,0.0131812309846282
1748622966.1247044,-1.9125197768264357,0.016461217775940895
1748622966.1581972,-1.9033933526595024,0.01990371011197567
1748622966.1916158,-1.8942141321554862,0.021563349291682243
1748622966.2250245,-1.8845435503175951,0.025179823860526085
1748622966.2584238,-1.8760184594080231,0.027889978140592575
1748622966.291831,-1.8666847238997204,0.031785689294338226
1748622966.3253753,-1.85827230838482,0.035975974053144455
1748622966.3587754,-1.8461373332127216,0.03898264467716217
1748622966.3921726,-1.8371351568506604,0.04559445381164551
1748622966.4256332,-1.827511761889447,0.050696659833192825
1748622966.4590397,-1.8190100962644162,0.05460019037127495
1748622966.4924836,-1.809598331716023,0.05858384072780609
1748622966.5259047,-1.800641248986513,0.0644960030913353
1748622966.5593145,-1.7915379463901224,0.06898441165685654
1748622966.5928118,-1.7824698820710994,0.07224670797586441
1748622966.6262298,-1.7731376132151646,0.08000302314758301
1748622966.6595783,-1.7645673162654347,0.08346191793680191
1748622966.6929984,-1.7548633451126339,0.08887302875518799
1748622966.7263992,-1.7460834557013074,0.09371547400951385
1748622966.7600582,-1.7370095489130724,0.09843847155570984
1748622966.793463,-1.727730332993448,0.10448861122131348
1748622966.8268633,-1.7190084834593307,0.10951992124319077
1748622966.8604274,-1.709874118751133,0.11313026398420334
1748622966.894923,-1.6977706661476513,0.11776913702487946
1748622966.9286466,-1.6887249797522805,0.1243840754032135
1748622966.9624434,-1.6793814452484617,0.129723459482193
1748622966.9959414,-1.6678147235548508,0.13385345041751862
1748622967.029366,-1.658469403444307,0.13946963846683502
1748622967.062779,-1.649316024892341,0.1430911421775818
1748622967.096182,-1.640251227441869,0.1478678286075592
1748622967.1298106,-1.63113738112944,0.15196557343006134
1748622967.163479,-1.6223936753205845,0.15711387991905212
1748622967.1969018,-1.612979258473005,0.16271644830703735
1748622967.2304986,-1.6038877836492273,0.1668398678302765
1748622967.2644925,-1.5917475044467082,0.17050711810588837
1748622967.297927,-1.5829518166688674,0.17491371929645538
1748622967.331358,-1.573516485113045,0.1764376312494278
1748622967.3647628,-1.5645194267889024,0.18312843143939972
1748622967.3981948,-1.5554343377178106,0.18645331263542175
1748622967.4316015,-1.5429766293489258,0.18952757120132446
1748622967.4652085,-1.5341452685615031,0.1921970248222351
1748622967.4986348,-1.5250503715867614,0.1962151676416397
1748622967.5320997,-1.515897626920783,0.19874072074890137
1748622967.5655572,-1.5068054048458874,0.2013150304555893
1748622967.5989726,-1.497754765893563,0.2053411900997162
1748622967.6323366,-1.4885978963345572,0.2078133523464203
1748622967.6657426,-1.479809236838637,0.2093021124601364
1748622967.6991503,-1.4705314385231225,0.21357913315296173
1748622967.7325497,-1.4614766840639544,0.21607230603694916
1748622967.7659547,-1.4524040651285244,0.21725107729434967
1748622967.7994647,-1.4402719433265145,0.2190670669078827
1748622967.833004,-1.4311587800398857,0.22118781507015228
1748622967.8664155,-1.422380260849817,0.2242927849292755
1748622967.899834,-1.4126243703110588,0.22457198798656464
1748622967.9332342,-1.4037635403074895,0.22640779614448547
1748622967.9666789,-1.3915177910714873,0.2268930822610855
1748622968.0000834,-1.382384228865657,0.22954602539539337
1748622968.0335002,-1.3732287186923338,0.2303004115819931
1748622968.0669186,-1.3644123824798173,0.2319899946451187
1748622968.1003416,-1.3519295755017278,0.23147013783454895
1748622968.1339774,-1.3461554554844426,0.23310379683971405
1748622968.1673946,-1.336734711621369,0.23326364159584045
1748622968.200762,-1.327624296212294,0.2322060465812683
1748622968.2341647,-1.31543948647205,0.23208586871623993
1748622968.2676177,-1.30599490762622,0.23260918259620667
1748622968.3010457,-1.2965599671651769,0.2328997403383255
1748622968.334451,-1.2877429697638636,0.23292069137096405
1748622968.3678532,-1.2789135396145686,0.23354917764663696
1748622968.4013124,-1.2697505430482208,0.23321199417114258
1748622968.4347231,-1.2608745771983543,0.23409916460514069
1748622968.46813,-1.2513892413086858,0.23379084467887878
1748622968.5016623,-1.239473935226192,0.23319849371910095
1748622968.5351543,-1.2297122200167054,0.23342987895011902
1748622968.5686705,-1.2239209379441007,0.23303715884685516
1748622968.6021013,-1.2147786419970765,0.23247818648815155
1748622968.6355042,-1.2056436164663409,0.23221905529499054
1748622968.6689184,-1.1965220864246564,0.23162204027175903
1748622968.7022889,-1.184356151347913,0.23093508183956146
1748622968.7356994,-1.1755372430311015,0.23036466538906097
1748622968.7690976,-1.1661049785096247,0.23053671419620514
1748622968.8025203,-1.1570051897878217,0.22995103895664215
1748622968.8359268,-1.1482006619786025,0.22860145568847656
1748622968.8693273,-1.1387689445813636,0.2278650850057602
1748622968.9027512,-1.1296864214685167,0.2255415916442871
1748622968.9361572,-1.1205218873554228,0.22431343793869019
1748622968.9696264,-1.111408224523601,0.22242870926856995
1748622969.003029,-1.1025497749519,0.22242526710033417
1748622969.0364752,-1.0931725916268564,0.2195073366165161
1748622969.069908,-1.0840555795632136,0.21639718115329742
1748622969.103358,-1.0749700908439166,0.21342159807682037
1748622969.1367638,-1.065896886469043,0.21041737496852875
1748622969.170205,-1.0570681709723466,0.20953860878944397
1748622969.2036376,-1.0480019740829891,0.20629800856113434
1748622969.2370553,-1.038555391863705,0.20489244163036346
1748622969.2705145,-1.029454838442137,0.20109805464744568
1748622969.30392,-1.0202590545142685,0.19921429455280304
1748622969.3374612,-1.011096361359941,0.19582882523536682
1748622969.3709395,-1.001677526471954,0.19263124465942383
1748622969.4043584,-0.9928159708191774,0.19107769429683685
1748622969.4378004,-0.9835518848647419,0.18630178272724152
1748622969.471312,-0.974777346706084,0.18342842161655426
1748622969.5049584,-0.9656891990672285,0.1810460090637207
1748622969.5383751,-0.9566009956670577,0.17796342074871063
1748622969.5717866,-0.9475257292827659,0.17475290596485138
1748622969.6052387,-0.9384109528967665,0.17281639575958252
1748622969.638655,-0.9293294364147955,0.16932010650634766
1748622969.6721618,-0.919949312489136,0.16425485908985138
1748622969.7056448,-0.9110716360859532,0.16203659772872925
1748622969.7392137,-0.901988605979998,0.1583937406539917
1748622969.7726748,-0.8900361859786352,0.1527239829301834
1748622969.8060725,-0.8809092659909838,0.14868319034576416
1748622969.839515,-0.8721080190763479,0.1450590044260025
1748622969.8728938,-0.8627477628784997,0.14054861664772034
1748622969.906257,-0.8536357696452456,0.13710474967956543
1748622969.93966,-0.8442008644418374,0.1343250870704651
1748622969.973067,-0.835710257561348,0.1301993727684021
1748622970.0064645,-0.8267118845567368,0.12497654557228088
1748622970.0399106,-0.8172691025543328,0.12192992120981216
1748622970.0733097,-0.808550976524153,0.1167297214269638
1748622970.1067204,-0.799443228556301,0.1142047718167305
1748622970.1401258,-0.7900686182231447,0.10932021588087082
1748622970.1735816,-0.7813074702961438,0.10405826568603516
1748622970.2070007,-0.771860521698241,0.10137391835451126
1748622970.2404077,-0.763131537158291,0.09700176864862442
1748622970.2738066,-0.7538155047144792,0.09241022169589996
1748622970.3073423,-0.7447127356764702,0.08861536532640457
1748622970.3407393,-0.7357407618886947,0.0830271765589714
1748622970.3741512,-0.7266749998797132,0.07831445336341858
1748622970.4075532,-0.7176095796902398,0.07494404911994934
1748622970.440964,-0.708476819130886,0.06964933127164841
1748622970.4744954,-0.6996504064890021,0.06739988923072815
1748622970.507902,-0.6902717744478615,0.0628499984741211
1748622970.5413373,-0.6844814294031838,0.05971269682049751
1748622970.57476,-0.6721457367958819,0.05461519584059715
1748622970.6081693,-0.6633382015816889,0.051265690475702286
1748622970.6415892,-0.6540292067060786,0.04671680927276611
1748622970.6749985,-0.6451387958078079,0.04013412445783615
1748622970.7084093,-0.6362536701785956,0.035462189465761185
1748622970.7419708,-0.6269076878085311,0.02972348965704441
1748622970.7754092,-0.6177182871988933,0.0265154130756855
1748622970.8088238,-0.6086198510014393,0.02330968901515007
1748622970.8422391,-0.5994520960910854,0.020289679989218712
1748622970.8757274,-0.5907177764015155,0.016517309471964836
1748622970.9093022,-0.5814781852806666,0.011121556162834167
1748622970.9427085,-0.5728314892689524,0.00516888964921236
1748622970.9763412,-0.5664364177376633,0.0010931220604106784
1748622971.0097775,-0.5577929572116863,-0.004948838148266077
1748622971.0431857,-0.5483402409480935,-0.008010359480977058
1748622971.0765855,-0.5396147787782445,-0.01356606837362051
1748622971.1099858,-0.5303124358038543,-0.017785636708140373
1748622971.1433892,-0.5185235550554589,-0.02028115652501583
1748622971.1768281,-0.5093470451901002,-0.027827827259898186
1748622971.210279,-0.5002730490642145,-0.03222472593188286
1748622971.2437158,-0.4910876469409342,-0.03852749243378639
1748622971.2771559,-0.479360593849779,-0.043665386736392975
1748622971.3105927,-0.47032634315842403,-0.049085505306720734
1748622971.3442593,-0.4612000640862519,-0.05262509360909462
1748622971.377669,-0.45224205394770906,-0.05868469551205635
1748622971.4111776,-0.44313038809817606,-0.06338270008563995
1748622971.444579,-0.4340347083319063,-0.0669407993555069
1748622971.4779787,-0.4253126490935505,-0.07038558274507523
1748622971.5113845,-0.4155991825589867,-0.07575652003288269
1748622971.5447674,-0.40689315392690545,-0.08062843978404999
1748622971.5782125,-0.39802136153941364,-0.08391685038805008
1748622971.6124306,-0.3887060121244383,-0.08969135582447052
1748622971.6458387,-0.37955118434978197,-0.0972202718257904
1748622971.6792445,-0.37083832823108953,-0.10235799849033356
1748622971.712644,-0.36144686299274464,-0.1061362624168396
1748622971.746058,-0.3525682863317115,-0.10661450773477554
1748622971.7794585,-0.34060880422481987,-0.11163782328367233
1748622971.8129058,-0.3321524047466048,-0.11742857098579407
1748622971.846319,-0.32348851448957366,-0.12119278311729431
1748622971.87972,-0.3147290763802812,-0.1312021166086197
1748622971.9131007,-0.3054495420100566,-0.1376989334821701
1748622971.9465208,-0.29658353909924956,-0.14262942969799042
1748622971.980017,-0.287585370526355,-0.1513378620147705
1748622972.0134306,-0.27859851216261194,-0.1577225923538208
1748622972.0470548,-0.26946953134382884,-0.16293859481811523
1748622972.0805085,-0.2602983503512849,-0.17017364501953125
1748622972.1139226,-0.2514873196946099,-0.1749756783246994
1748622972.1473916,-0.24270873360770365,-0.18369866907596588
1748622972.180979,-0.23365882615612488,-0.18935652077198029
1748622972.2144015,-0.22505075444148726,-0.19607293605804443
1748622972.247809,-0.21568042385251415,-0.19750428199768066
1748622972.2812178,-0.20681993234866297,-0.20280872285366058
1748622972.3146272,-0.19810596886742793,-0.20566919445991516
1748622972.347988,-0.18880027063138494,-0.2071298360824585
1748622972.3813863,-0.1798704116644869,-0.21083113551139832
1748622972.4148421,-0.1711357103734795,-0.2118653804063797
1748622972.4484491,-0.16481169499106113,-0.21033865213394165
1748622972.4818525,-0.155727132886351,-0.21026518940925598
1748622972.5152514,-0.1435781025789295,-0.20994777977466583
1748622972.548652,-0.137180687227272,-0.21093645691871643
1748622972.5820487,-0.128304931772391,-0.2090846747159958
1748622972.6154613,-0.11998309667423718,-0.21222342550754547
1748622972.6488674,-0.11162450406263166,-0.21468618512153625
1748622972.6822746,-0.10301859015874573,-0.21354879438877106
1748622972.7156804,-0.09384381946250936,-0.2142183482646942
1748622972.7496336,-0.08485033587654063,-0.21344025433063507
1748622972.7831414,-0.07580596558421869,-0.21394410729408264
1748622972.816542,-0.06672782496833761,-0.21372608840465546
1748622972.8499622,-0.05793345069475305,-0.2138049453496933
1748622972.883371,-0.04881980999588835,-0.2135954052209854
1748622972.9167721,-0.03937098467278548,-0.21417336165905
1748622972.9501646,-0.03020641042356312,-0.2133740484714508
1748622972.983567,-0.02103781484693921,-0.21430255472660065
1748622973.0169735,-0.011881169028034617,-0.21372370421886444
1748622973.051319,-0.0027433034527716586,-0.2139701396226883
1748622973.0847278,0.0063866976178785315,-0.2138875126838684
1748622973.1181433,0.012470598652114083,-0.21399424970149994
1748622973.1515703,0.02159426816245164,-0.21462465822696686
1748622973.18498,0.030716055048037375,-0.2145889848470688
1748622973.218393,0.03953261488216767,-0.21479389071464539
1748622973.251796,0.05199607813490008,-0.21500444412231445
1748622973.2852378,0.06111462989673494,-0.21537716686725616
1748622973.3186464,0.06992935977117964,-0.21555428206920624
1748622973.3520505,0.07935210486102891,-0.21556289494037628
1748622973.3854508,0.0915084935036665,-0.21600838005542755
1748622973.4188557,0.10062676181134377,-0.21582436561584473
1748622973.4522445,0.10670350760011697,-0.21673528850078583
1748622973.4856408,0.11917000999649213,-0.21687914431095123
1748622973.5190969,0.12798759992265596,-0.21746611595153809
1748622973.5525067,0.1374130361322019,-0.21813440322875977
1748622973.5859828,0.14622686096819362,-0.21906661987304688
1748622973.61939,0.1553398398951316,-0.22040759027004242
1748622973.6529586,0.1644499187149707,-0.22197601199150085
1748622973.6863883,0.17355851726536445,-0.22402207553386688
1748622973.7200856,0.1826639066574542,-0.22462314367294312
1748622973.753486,0.1917067566769091,-0.22819320857524872
1748622973.7868774,0.20048952994187377,-0.2287048101425171
1748622973.8203971,0.20947121933870205,-0.23169530928134918
1748622973.853829,0.21890599443952613,-0.23177394270896912
1748622973.8872669,0.22766379004079643,-0.2339794635772705
1748622973.9207203,0.23662483357188346,-0.23902861773967743
1748622973.9542122,0.24598442098617818,-0.23941871523857117
1748622973.9876106,0.25505231676250983,-0.24454480409622192
1748622974.0210109,0.26322783658033494,-0.25222527980804443
1748622974.054455,0.2720759832342899,-0.2560175657272339
1748622974.0878575,0.28409381624694297,-0.2573719024658203
1748622974.121261,0.29296026139473125,-0.2621930241584778
1748622974.1547859,0.29879568216473745,-0.26904720067977905
1748622974.1881652,0.31053323195081645,-0.27550625801086426
1748622974.2216113,0.31880918869372127,-0.2866019010543823
1748622974.2550128,0.3275263413537274,-0.2918671667575836
1748622974.2884364,0.33576426515289326,-0.298897385597229
1748622974.3218467,0.34414408490617177,-0.3071618974208832
1748622974.3563137,0.35275204247703973,-0.31109869480133057
1748622974.3897192,0.36073456233133,-0.3184893727302551
1748622974.423129,0.36953476734743534,-0.3245737850666046
1748622974.45652,0.3770713065269801,-0.3344995379447937
1748622974.4899247,0.38564224872875125,-0.33720073103904724
1748622974.5233312,0.3936616071735473,-0.3468616008758545
1748622974.5567436,0.4009495748032095,-0.3608834743499756
1748622974.590144,0.4088320715927973,-0.3699154257774353
1748622974.6237617,0.4199585728225147,-0.3776651620864868
1748622974.6572423,0.4262072286515485,-0.3818378448486328
1748622974.690736,0.43456619154889664,-0.3902495205402374
1748622974.7241416,0.44371329034030405,-0.39836281538009644
1748622974.7578077,0.45389181347564245,-0.4150793254375458
1748622974.7913,0.46238563321126036,-0.4207026958465576
1748622974.8247073,0.4730073175433951,-0.4349045157432556
1748622974.8581135,0.4811667903699646,-0.4430103302001953
1748622974.8915553,0.4918357178475671,-0.4591003954410553
1748622974.9251149,0.4995505077865802,-0.47258293628692627
1748622974.9585187,0.5069464232860168,-0.48846450448036194
1748622974.991905,0.5151367466667162,-0.49901819229125977
1748622975.0256655,0.5234226502791921,-0.5147079825401306
1748622975.0590327,0.5331108399270228,-0.5299819111824036
1748622975.0925014,0.5407956186427328,-0.5453028678894043
1748622975.1259127,0.5495995687768687,-0.5589103698730469
1748622975.159374,0.5579131310437425,-0.5725295543670654
1748622975.1927936,0.5667473336722288,-0.5854538679122925
1748622975.2261984,0.5750139132890125,-0.6001657247543335
1748622975.2596025,0.5842680719415392,-0.6091731190681458
1748622975.2930326,0.5926873085361692,-0.6189411878585815
1748622975.3264394,0.604387215188359,-0.631120502948761
1748622975.3598804,0.6098442990894195,-0.6447303295135498
1748622975.3960204,0.618575789299743,-0.6565357446670532
1748622975.4299917,0.6274950162967862,-0.6670525074005127
1748622975.4634233,0.636227385003454,-0.6750499606132507
1748622975.496847,0.6449450719962205,-0.6840571165084839
1748622975.5302737,0.6538678723915216,-0.6959441900253296
1748622975.5639112,0.662643020314193,-0.707062304019928
1748622975.5974276,0.6717914288432486,-0.7148598432540894
1748622975.631113,0.677745479626973,-0.7240945100784302
1748622975.6645253,0.6864761879772153,-0.7343202233314514
1748622975.6979215,0.6955800042811147,-0.7419990301132202
1748622975.7313395,0.7072368371638239,-0.7525059580802917
1748622975.7649639,0.7163429950258621,-0.7596034407615662
1748622975.7983632,0.7253214740209397,-0.7673722505569458
1748622975.8317645,0.7343933615375604,-0.7774237990379333
1748622975.8651865,0.7428574795234012,-0.7839293479919434
1748622975.898631,0.7489929696941335,-0.7886483669281006
1748622975.932278,0.7580189837886134,-0.7975305318832397
1748622975.9656951,0.7667306276782975,-0.8025006651878357
1748622975.9990988,0.7760271295186111,-0.8101552724838257
1748622976.032496,0.7849724584019031,-0.8170028924942017
1748622976.0659063,0.7966254564375141,-0.823679506778717
1748622976.0993261,0.8063167199020167,-0.8297366499900818
1748622976.1327782,0.8120513759330111,-0.8354265093803406
1748622976.1661892,0.8241185120024898,-0.8412864208221436
1748622976.1996257,0.8301504010074833,-0.8468766212463379
1748622976.233036,0.8391484289600757,-0.8515164852142334
1748622976.2664537,0.8482314732133549,-0.8569337129592896
1748622976.2999494,0.8574071326222432,-0.8595694899559021
1748622976.3333764,0.8663673831111111,-0.8648983240127563
1748622976.366761,0.8753443671506125,-0.8703904151916504
1748622976.4002438,0.8840927720173939,-0.8749146461486816
1748622976.4336607,0.8931689676025923,-0.8791641592979431
1748622976.4671311,0.9027694969165478,-0.8854451775550842
1748622976.5006864,0.9116039419354279,-0.8896304368972778
1748622976.534147,0.9174588987009852,-0.8912593126296997
1748622976.567637,0.9268588520473768,-0.8954374194145203
1748622976.601058,0.9358673610032922,-0.899577796459198
1748622976.6344748,0.944958945063698,-0.9018266201019287
1748622976.667899,0.9537239655214315,-0.9072914123535156
1748622976.701289,0.96307080177263,-0.9120825529098511
1748622976.7346919,0.9721694123141733,-0.9159709811210632
1748622976.7681067,0.9815862383774615,-0.9195364713668823
1748622976.80162,0.9904605135414617,-0.9210564494132996
1748622976.8351927,0.9998631568266364,-0.9241236448287964
1748622976.8686388,1.0086277822393608,-0.9279789924621582
1748622976.9020321,1.0174128114204368,-0.9300112724304199
1748622976.9354436,1.0265076654186047,-0.9333069324493408
1748622976.9688532,1.035594154598175,-0.9368260502815247
1748622977.0022795,1.0449703924458857,-0.9420864582061768
1748622977.035777,1.0540704737942623,-0.9444856643676758
1748622977.0692053,1.0601674992257488,-0.9463417530059814
1748622977.10261,1.0692740924272577,-0.9494064450263977
1748622977.1360126,1.0783633842915143,-0.9524561762809753
1748622977.1694167,1.0875071439204131,-0.9541894793510437
1748622977.2029026,1.096306301111164,-0.9572036862373352
1748622977.2364995,1.1053706827654728,-0.9598075151443481
1748622977.2701256,1.111740147365922,-0.9632782340049744
1748622977.3035474,1.1208639358272905,-0.9659299254417419
1748622977.336954,1.1299332175822228,-0.9701254963874817
1748622977.3703537,1.1393792511252065,-0.9726487994194031
1748622977.4037623,1.1512697624874093,-0.9745322465896606
1748622977.4371896,1.160038101833583,-0.9778590798377991
1748622977.470602,1.1697470310128655,-0.9810438752174377
1748622977.504326,1.1782660706100914,-0.9828253984451294
1748622977.5377548,1.1846065110106998,-0.9865554571151733
1748622977.5711696,1.1937038313740067,-0.9894627332687378
1748622977.6045713,1.2025270014727012,-0.9918466806411743
1748622977.638018,1.2115896210614232,-0.995245099067688
1748622977.6714149,1.220663801885655,-0.9986831545829773
1748622977.7048473,1.2301156588684576,-1.0001646280288696
1748622977.738254,1.2392202942549824,-1.0033373832702637
1748622977.7716844,1.248356201747189,-1.0058401823043823
1748622977.8050878,1.2576643054510472,-1.0100468397140503
1748622977.8385744,1.2695335463159858,-1.01129150390625
1748622977.8720486,1.2782421684070409,-1.0155189037322998
1748622977.905456,1.284601491163439,-1.0180981159210205
1748622977.93886,1.2934024245404832,-1.0202127695083618
1748622977.9723072,1.3026297049032822,-1.0254985094070435
1748622978.0057247,1.3116791043873395,-1.0275359153747559
1748622978.0391352,1.3237904574558386,-1.029085397720337
1748622978.0725415,1.3328560733137171,-1.032300353050232
1748622978.1059413,1.3419505295839234,-1.0360966920852661
1748622978.1393638,1.3511158675353556,-1.038298487663269
1748622978.1727982,1.360220763947485,-1.0430124998092651
1748622978.2062116,1.3693986767476234,-1.045326828956604
1748622978.2396386,1.3785061730347778,-1.0473217964172363
1748622978.2730381,1.387549568851083,-1.0519541501998901
1748622978.3064752,1.3936615862083341,-1.0542079210281372
1748622978.3398826,1.4027859276509749,-1.058308720588684
1748622978.3733652,1.4119787793941083,-1.0602335929870605
1748622978.406813,1.4211447905122685,-1.0621534585952759
1748622978.440196,1.4302376141728608,-1.0658589601516724
1748622978.473606,1.4390337390802108,-1.070499300956726
1748622978.5070086,1.4484900937643337,-1.0727064609527588
1748622978.54045,1.4572034378699052,-1.0753114223480225
1748622978.5739424,1.4662101519675605,-1.0809043645858765
1748622978.6073527,1.4756369625297516,-1.0836012363433838
1748622978.640777,1.4850466159661704,-1.0867420434951782
1748622978.6741347,1.4941512675952782,-1.0893863439559937
1748622978.707542,1.5029368351864747,-1.092810034751892
1748622978.7409399,1.5120090688215142,-1.096605896949768
1748622978.7743545,1.521100461445959,-1.0990434885025024
1748622978.8077695,1.5302387971933242,-1.1015634536743164
1748622978.8412113,1.5393113346221243,-1.1066241264343262
1748622978.8746192,1.5481375294577975,-1.109555959701538
1748622978.9080334,1.5572146720110498,-1.1136828660964966
1748622978.94143,1.5665934604085157,-1.1178655624389648
1748622978.9748473,1.575644114281503,-1.122552514076233
1748622979.0082576,1.5875725387238648,-1.1242719888687134
1748622979.0417006,1.5966803628285406,-1.1276053190231323
1748622979.075254,1.6061107248226696,-1.1307549476623535
1748622979.1086698,1.614913178054494,-1.134958028793335
1748622979.1421866,1.6243621291006363,-1.1379406452178955
1748622979.1757295,1.6303359840535572,-1.143315076828003
1748622979.209211,1.6397696082888857,-1.1458497047424316
1748622979.2427163,1.6485645563073572,-1.1496814489364624
1748622979.2761211,1.6578291136697334,-1.1547150611877441
1748622979.3095284,1.6669739616386545,-1.1575125455856323
1748622979.343176,1.6760771575718358,-1.1610772609710693
1748622979.3765845,1.684843502163493,-1.1639889478683472
1748622979.4099877,1.6939761895567016,-1.1679236888885498
1748622979.4434333,1.7033297888400363,-1.1722444295883179
1748622979.477111,1.715496523337624,-1.1754659414291382
1748622979.5108566,1.7245430657602003,-1.1814980506896973
1748622979.5442605,1.7329937219915514,-1.1846290826797485
1748622979.5776722,1.742448091820143,-1.1881287097930908
1748622979.6111276,1.7513874181128213,-1.193482518196106
1748622979.6445382,1.760460790388614,-1.1972415447235107
1748622979.678075,1.7695886946570072,-1.200578212738037
1748622979.711477,1.7817281644574552,-1.2041594982147217
1748622979.7448745,1.7908295759594384,-1.2083759307861328
1748622979.7782764,1.7969395472809164,-1.2110466957092285
1748622979.8121212,1.8056248138067235,-1.214614987373352
1748622979.8455296,1.8148835550542304,-1.2199112176895142
1748622979.8789442,1.8239655081548258,-1.2225779294967651
1748622979.9123569,1.8329510589219071,-1.228643536567688
1748622979.945732,1.8453040318690745,-1.2327958345413208
1748622979.9791996,1.854075904979057,-1.2367457151412964
1748622980.0125976,1.8631684796171777,-1.241955041885376
1748622980.046122,1.8722614793202366,-1.245621919631958
1748622980.0795248,1.881327135654235,-1.2501029968261719
1748622980.1129415,1.8903891091767013,-1.2532057762145996
1748622980.1463554,1.8964685139366806,-1.2566193342208862
1748622980.1797547,1.9055015673727682,-1.2617148160934448
1748622980.2132356,1.9145353947026418,-1.2664375305175781
1748622980.2466507,1.9236033134377815,-1.2706307172775269
1748622980.2801855,1.9323941271293152,-1.274509310722351
1748622980.3136504,1.941854850855618,-1.2767447233200073
1748622980.3470488,1.9508143531828204,-1.2826932668685913
1748622980.3804417,1.959802444438991,-1.286718726158142
1748622980.413851,1.9689073780559048,-1.2900722026824951
1748622980.4474592,1.9778644091064157,-1.2953888177871704
1748622980.480868,1.9899127078809156,-1.2997604608535767
1748622980.51427,1.9989245895561325,-1.3052349090576172
1748622980.5479941,2.0080319769929487,-1.3095377683639526
1748622980.581488,2.017192573894968,-1.3127986192703247
1748622980.6149204,2.0263753580957204,-1.3158535957336426
1748622980.6483583,2.035103990551343,-1.3185206651687622
1748622980.6819563,2.0443016933136504,-1.3251408338546753
1748622980.7155173,2.050040827203315,-1.329757809638977
1748622980.7489312,2.0594305650882467,-1.3332445621490479
1748622980.7828074,2.068532958477265,-1.3366543054580688
1748622980.8161764,2.08060504139055,-1.3408761024475098
1748622980.8497493,2.089635615234904,-1.3469208478927612
1748622980.8831666,2.0984675905188936,-1.3501018285751343
1748622980.916565,2.1078911342780273,-1.3524178266525269
1748622980.9499886,2.116731923714366,-1.354730248451233
1748622980.9836469,2.1260951138046775,-1.3584970235824585
1748622981.0170596,2.1343797805877247,-1.3622604608535767
1748622981.0505815,2.140375918577984,-1.3662314414978027
1748622981.0840294,2.1452825711837087,-1.367184042930603
1748622981.117394,2.1492699067711265,-1.3696011304855347
1748622981.1509576,2.153256801277881,-1.3717873096466064
1748622981.184397,2.1566417081642144,-1.373115062713623
1748622981.2177787,2.1599801444989795,-1.374644160270691
1748622981.2511783,2.162164046999056,-1.3760144710540771
1748622981.2845755,2.166439921161781,-1.3780277967453003
1748622981.3180096,2.169645383578962,-1.3801531791687012
1748622981.351418,2.1728470971960174,-1.3816825151443481
1748622981.3848865,2.1760189432863,-1.3838623762130737
1748622981.418302,2.179268549443349,-1.384706735610962
1748622981.451702,2.183473420948649,-1.3872649669647217
1748622981.4851098,2.186809949059298,-1.388706088066101
1748622981.518666,2.190110083760451,-1.390886664390564
1748622981.5520916,2.1933436104540953,-1.3921149969100952
1748622981.5855212,2.196439483979299,-1.3935374021530151
1748622981.61896,2.1995373233045736,-1.3953561782836914
1748622981.6523952,2.2027083464000734,-1.397732138633728
1748622981.6860065,2.2071572738401257,-1.3988806009292603
1748622981.7194507,2.210271712764334,-1.4012961387634277
1748622981.7528856,2.21383427333904,-1.403260350227356
1748622981.7862947,2.217499120117777,-1.403902292251587
1748622981.8197055,2.221426651174084,-1.405880331993103
1748622981.853431,2.2250859126032188,-1.4086310863494873
1748622981.8875031,2.22908235538364,-1.4098749160766602
1748622981.9209063,2.2328813024443,-1.4117902517318726
1748622981.9544263,2.236602659593118,-1.413673758506775
1748622981.9878294,2.2402735731502488,-1.4155731201171875
1748622982.0212271,2.243933467041174,-1.4168541431427002
1748622982.0546737,2.247561565327202,-1.4193170070648193
1748622982.0880783,2.252089454331178,-1.421654462814331
1748622982.121571,2.2556089533646873,-1.4238636493682861
1748622982.1549854,2.2589105360843083,-1.424349308013916
1748622982.1883805,2.2620258154050332,-1.4269541501998901
1748622982.2218704,2.265504378169068,-1.4289624691009521
1748622982.2552772,2.268503616421607,-1.4322315454483032
1748622982.28881,2.2715721101615665,-1.4347608089447021
1748622982.3222713,2.2747934873245597,-1.4357246160507202
1748622982.3558462,2.2777161306539035,-1.440364956855774
1748622982.38926,2.2808220980572207,-1.439684271812439
1748622982.4227192,2.283921845430612,-1.4417792558670044
1748622982.4561646,2.2869608118109843,-1.4427067041397095
1748622982.48988,2.289978002604651,-1.4458719491958618
1748622982.523305,2.292830631279703,-1.448089361190796
1748622982.5569313,2.2957938211998634,-1.4493786096572876
1748622982.5903351,2.2985458153552676,-1.4514495134353638
1748622982.6237392,2.30134953943115,-1.4532662630081177
1748622982.657161,2.3039789801157813,-1.454278588294983
1748622982.6905696,2.3065575292861324,-1.455613613128662
1748622982.7239826,2.309125086615388,-1.4572056531906128
1748622982.7574432,2.311574274313061,-1.4607881307601929
1748622982.7908523,2.3149171072759738,-1.4626671075820923
1748622982.8243284,2.317445875993415,-1.4634218215942383
1748622982.8577647,2.319751941715364,-1.4650872945785522
1748622982.8914022,2.322257094044204,-1.4654695987701416
1748622982.9248154,2.324518596438082,-1.467761516571045
1748622982.958404,2.326828803363116,-1.4688010215759277
1748622982.9918537,2.32912912700673,-1.4696568250656128
1748622983.0252793,2.331313601973587,-1.4717588424682617
1748622983.0587654,2.3343327081251832,-1.4720138311386108
1748622983.0921633,2.336349499778947,-1.474808931350708
1748622983.1260464,2.338486393232941,-1.4751801490783691
1748622983.1594543,2.3404299365540653,-1.4762383699417114
1748622983.1929164,2.342407834102259,-1.479041337966919
1748622983.226293,2.344399642868569,-1.4805586338043213
1748622983.259703,2.3464013225622296,-1.481839895248413
1748622983.2931437,2.34844751159646,-1.4813611507415771
1748622983.3265991,2.350248444582029,-1.484083890914917
1748622983.359972,2.352157810902206,-1.4840327501296997
1748622983.3933713,2.354133020565396,-1.485687255859375
1748622983.4268093,2.355947240855851,-1.4848865270614624
1748622983.4602096,2.3576930866121923,-1.4867397546768188
1748622983.4936113,2.3602116418425396,-1.4864033460617065
1748622983.5270174,2.3620399268206573,-1.487783670425415
1748622983.560417,2.363859071052206,-1.4875893592834473
1748622983.59391,2.3662937957919765,-1.4888997077941895
1748622983.627355,2.3679827135154548,-1.4884694814682007
1748622983.6607592,2.369590420745904,-1.4899413585662842
1748622983.694271,2.3713493939824386,-1.4896414279937744
1748622983.727674,2.372963394655805,-1.4902207851409912
1748622983.7611015,2.3750218246669053,-1.491441011428833
1748622983.7945054,2.3765942073080883,-1.4914377927780151
1748622983.82813,2.3780438373310084,-1.4919235706329346
1748622983.8615785,2.3790830740149658,-1.4923783540725708
1748622983.8954694,2.3810622343082315,-1.493613839149475
1748622983.9288685,2.3820224113278003,-1.4933375120162964
1748622983.9630575,2.3835392044936885,-1.4936622381210327
1748622983.9964867,2.385330589590396,-1.4948205947875977
1748622984.0298862,2.386710174541151,-1.4952186346054077
1748622984.063422,2.3880941680131693,-1.4946433305740356
1748622984.096818,2.3894496101677607,-1.495052695274353
1748622984.1302183,2.3907689172646096,-1.4954720735549927
1748622984.1636245,2.3920644493180037,-1.4961845874786377
1748622984.1970785,2.3933781889656665,-1.4966281652450562
1748622984.2305248,2.394596278364524,-1.49604070186615
1748622984.2639406,2.3962104188519535,-1.4963102340698242
1748622984.2973862,2.397385796669966,-1.4972487688064575
1748622984.3308177,2.398548461789,-1.4976110458374023
1748622984.3643615,2.399805665926616,-1.4974766969680786
1748622984.3981533,2.400969209635537,-1.4983972311019897
1748622984.4320207,2.4022152568805137,-1.4979276657104492
1748622984.4654794,2.4033553458433206,-1.4988667964935303
1748622984.4990864,2.4048585113748713,-1.498644232749939
1748622984.5325043,2.405935058514175,-1.4990209341049194
1748622984.5673013,2.407012444144823,-1.498815655708313
1748622984.600748,2.4080435706785983,-1.4996871948242188
1748622984.634158,2.4091644361997298,-1.4992578029632568
1748622984.667832,2.4102548595926483,-1.5003951787948608
1748622984.7012787,2.411332960293556,-1.4997297525405884
1748622984.7346876,2.412661247116099,-1.5009186267852783
1748622984.7682576,2.413321044941027,-1.50058913230896
1748622984.8016787,2.4142683585958826,-1.5012294054031372
1748622984.8351104,2.4155166634843503,-1.501210331916809
1748622984.8685708,2.4164138808490083,-1.5018383264541626
1748622984.9021292,2.4173050769124704,-1.5022739171981812
1748622984.935565,2.418196205478981,-1.5021693706512451
1748622984.968965,2.419070002068397,-1.5028700828552246
1748622985.002629,2.4199020144969676,-1.5028952360153198
1748622985.0360396,2.4207588509836535,-1.5031013488769531
1748622985.0695348,2.4216205538711817,-1.5034773349761963
1748622985.1029828,2.422354275523656,-1.5032607316970825
1748622985.136401,2.423479065471141,-1.5040470361709595
1748622985.169852,2.4243408938963693,-1.5040429830551147
1748622985.203303,2.425188247746215,-1.5042473077774048
1748622985.23696,2.4255077634335307,-1.5042872428894043
1748622985.2704077,2.4256813095514094,-1.5043535232543945
1748622985.3038104,2.425787147803464,-1.5043467283248901
1748622985.3372574,2.4258176384738377,-1.504367709159851
1748622985.3706627,2.4258501742683367,-1.5043681859970093
1748622985.4042482,2.425862743902324,-1.5043739080429077
1748622985.4376624,2.4258713142803905,-1.50437593460083
1748622985.4712627,2.4258752682770295,-1.5043773651123047
1748622985.5046651,2.4258791313288364,-1.5043785572052002
1748622985.5380788,2.4258810195238074,-1.5043796300888062
1748622985.5714781,2.425883583935574,-1.5043803453445435
1748622985.6049066,2.425885725471244,-1.504381775856018
1748622985.6383905,2.4258873154106877,-1.5043824911117554
1748622985.6718018,2.4258898487858676,-1.5043833255767822
1748622985.705201,2.4258913082442293,-1.5043842792510986
1748622985.7386081,2.4258933184117217,-1.504384994506836
1748622985.772017,2.4258941636055846,-1.5043858289718628
1748622985.8054554,2.425895608617946,-1.5043865442276
1748622985.8398206,2.42589775015413,-1.504387378692627
1748622985.8732078,2.4258991031442605,-1.5043880939483643
1748622985.9066515,2.4259001775846243,-1.5043890476226807
1748622985.9401052,2.4259028753245553,-1.504389762878418
1748622985.9736452,2.4259038115056684,-1.5043905973434448
1748622986.0070426,2.425906285703083,-1.5043913125991821
1748622986.0404153,2.425908174655795,-1.504392147064209
1748622986.0738206,2.4259090654384567,-1.5043929815292358
1748622986.1072633,2.4259099562211275,-1.5043936967849731
1748622986.1407874,2.4259118606712704,-1.50439453125
1748622986.1742046,2.425912766299797,-1.5043954849243164
1748622986.2076576,2.42591365603171,-1.5043960809707642
1748622986.2410576,2.425915484088763,-1.5043967962265015
1748622986.2745118,2.425916420270421,-1.5043976306915283
1748622986.3078802,2.4259182483275237,-1.5043984651565552
1748622986.341306,2.4259186921027767,-1.5043991804122925
1748622986.374719,2.425920159510171,-1.504400610923767
1748622986.4081247,2.425921667336211,-1.5044013261795044
1748622986.4415653,2.425923555239193,-1.5044021606445312
1748622986.47497,2.425923952701175,-1.5044028759002686
1748622986.508602,2.4259260942386645,-1.5044037103652954
1748622986.5419576,2.4259276915789867,-1.5044044256210327
1748622986.5753694,2.425929249543796,-1.5044052600860596
1748622986.6088645,2.4259313868372487,-1.5044059753417969
1748622986.6422658,2.4259329840062698,-1.5044069290161133
1748622986.6756666,2.425933873738712,-1.5044076442718506
1748622986.7091136,2.425935717145521,-1.5044084787368774
1748622986.7425196,2.425938282583538,-1.5044093132019043
1748622986.7759876,2.4259384119904115,-1.5044103860855103
1748622986.8094969,2.4259399554406933,-1.504410982131958
1748622986.8429134,2.425942005707629,-1.5044119358062744
1748622986.876584,2.4259429119878004,-1.5044124126434326
1748622986.9100177,2.4259450005887975,-1.5044138431549072
1748622986.9434323,2.4259460470642535,-1.504414677619934
1748622986.9767985,2.4259476674563496,-1.5044153928756714
1748622987.0101998,2.4259492573986785,-1.5044162273406982
1748622987.0435991,2.425950870065087,-1.5044169425964355
1748622987.0774865,2.425952460007549,-1.5044177770614624
1748622987.110898,2.4259551488981512,-1.5044184923171997
1748622987.1443522,2.425956194471211,-1.5044193267822266
1748622987.1777506,2.4259578226103122,-1.5044201612472534
1748622987.211151,2.425959971899498,-1.5044208765029907
1748622987.244851,2.4259614864718895,-1.5044217109680176
1748622987.278251,2.4259630289725673,-1.5044223070144653
1748622987.3119464,2.4259634109072032,-1.5044236183166504
1748622987.345346,2.425965438853708,-1.5044244527816772
1748622987.37887,2.42596688380321,-1.5044249296188354
1748622987.412273,2.425967327580085,-1.5044254064559937
1748622987.4458086,2.425967980224092,-1.5044265985488892
1748622987.4792125,2.4259709916487355,-1.5044273138046265
1748622987.5125756,2.4259719742641543,-1.5044283866882324
1748622987.545977,2.42597410047723,-1.5044288635253906
1748622987.5796416,2.425975544428872,-1.5044296979904175
1748622987.6130388,2.4259773724869667,-1.5044305324554443
1748622987.646461,2.4259782930682916,-1.5044314861297607
1748622987.6798713,2.4259801355739556,-1.5044320821762085
1748622987.7133155,2.425982038978026,-1.5044333934783936
1748622987.7467163,2.4259828987669008,-1.5044342279434204
1748622987.7801275,2.4259838039978208,-1.5044349431991577
1748622987.8135312,2.4259853619661556,-1.504435420036316
1748622987.8470302,2.4259862671971475,-1.5044361352920532
1748622987.880438,2.4259881561947414,-1.5044373273849487
1748622987.915244,2.4259885546437254,-1.504438042640686
1748622987.9488213,2.425990212945375,-1.504438877105713
1748622987.9823704,2.4259927930025853,-1.5044397115707397
1748622988.0157747,2.425994405669416,-1.5044405460357666
1748622988.0491982,2.425996248175664,-1.5044413805007935
1748622988.0826085,2.425996854388855,-1.5044420957565308
1748622988.1160471,2.4259987113430834,-1.5044431686401367
1748622988.1496048,2.4259993262617243,-1.504443645477295
1748622988.1830046,2.426001305650955,-1.5044442415237427
1748622988.3760884,2.426010279909046,-1.504808783531189
1748622988.4095223,2.4277010008597033,-1.5049498081207275
1748622988.442932,2.4323597663822083,-1.5011757612228394
1748622988.476351,2.4381040553798248,-1.4989756345748901
1748622988.5097628,2.445228679302324,-1.4975051879882812
1748622988.5431712,2.455152337494837,-1.4922231435775757
1748622988.5766551,2.462979798176058,-1.4864054918289185
1748622988.61011,2.47400806704604,-1.484199047088623
1748622988.6437993,2.482557936727132,-1.4817599058151245
1748622988.6790743,2.4913466557226727,-1.477402687072754
1748622988.713322,2.5018897314301403,-1.4694360494613647
1748622988.74683,2.5106164296689375,-1.466692566871643
1748622988.7823963,2.5192452758700306,-1.4657493829727173
1748622988.816009,2.5308620742654235,-1.4614989757537842
1748622988.8518686,2.5401064754549822,-1.4597030878067017
1748622988.8854783,2.549332259508431,-1.4595290422439575
1748622988.9192257,2.5616686696891424,-1.4588005542755127
1748622988.9526503,2.571193814376671,-1.4542587995529175
1748622988.9872482,2.5814735839448275,-1.4518702030181885
1748622989.020676,2.5938355318919366,-1.4521143436431885
1748622989.0543227,2.6037436229763,-1.4529931545257568
1748622989.0880587,2.6136759942605643,-1.4509254693984985
1748622989.125937,2.6269929181877045,-1.4468268156051636
1748622989.1597214,2.6369800920318256,-1.4434208869934082
1748622989.193134,2.6468869440536182,-1.440089225769043
1748622989.2265406,2.6594432586038796,-1.4356516599655151
1748622989.2601602,2.6681168641786357,-1.4244582653045654
1748622989.2945256,2.67696798192659,-1.4220010042190552
1748622989.3282855,2.688983113237197,-1.4219757318496704
1748622989.3616927,2.6971505442935264,-1.4179472923278809
1748622989.396047,2.706241008102782,-1.4167321920394897
1748622989.4295382,2.7176247764032926,-1.409822702407837
1748622989.4631758,2.72628059937101,-1.3995766639709473
1748622989.49673,2.735022094882527,-1.3971928358078003
1748622989.5305905,2.7446222865499603,-1.4023574590682983
1748622989.5640528,2.752548668671794,-1.4083975553512573
1748622989.5974698,2.7585810487874567,-1.414940595626831
1748622989.6308906,2.767013538642336,-1.4242850542068481
1748622989.6642885,2.7760389495475244,-1.4306191205978394
1748622989.6977274,2.7847679796322944,-1.4380724430084229
1748622989.7311413,2.7940364794767167,-1.4432657957077026
1748622989.7646303,2.8026744063061773,-1.4492875337600708
1748622989.798035,2.8076530146472143,-1.4498649835586548
1748622989.8314443,2.81182563796937,-1.4530922174453735
1748622989.8648536,2.8144300606045296,-1.4570358991622925
1748622989.8982732,2.820190875608409,-1.4569755792617798
1748622989.9326022,2.824232976218227,-1.4599103927612305
1748622989.9666257,2.831872154674668,-1.4655512571334839
1748622990.000031,2.8405332371364693,-1.4752970933914185
1748622990.033442,2.849358546036569,-1.479007601737976
1748622990.066847,2.8561014422735083,-1.4858253002166748
1748622990.1002848,2.865705714365253,-1.488325595855713
1748622990.1339924,2.8766892017992456,-1.490006685256958
1748622990.167405,2.886698523416624,-1.4878638982772827
1748622990.200763,2.8972271032890795,-1.4876176118850708
1748622990.2342281,2.90780452531096,-1.487358808517456
1748622990.2676265,2.9184165336252748,-1.4852256774902344
1748622990.3010788,2.9294341203084153,-1.4854375123977661
1748622990.334492,2.9397388740035173,-1.4850943088531494
1748622990.367939,2.950047733408262,-1.485221266746521
1748622990.401342,2.9610677700825976,-1.485121726989746
1748622990.4347632,2.97173641477301,-1.4851090908050537
1748622990.4686835,2.983106379039132,-1.4850940704345703
1748622990.5021358,2.99305926888799,-1.4850817918777466
1748622990.5355504,3.003721625607197,-1.4850701093673706
1748622990.568957,3.018294096561699,-1.4850561618804932
1748622990.602657,3.028957403523415,-1.485041618347168
1748622990.63626,3.0392645926222057,-1.4850327968597412
1748622990.6696682,3.0499278996045103,-1.4850175380706787
1748622990.703202,3.0605902564484317,-1.4850035905838013
1748622990.7366836,3.071252572457968,-1.4849889278411865
1748622990.770099,3.081915920348636,-1.484974980354309
1748622990.803513,3.092578358980018,-1.4849636554718018
1748622990.8370118,3.1032417069502984,-1.4849509000778198
1748622990.870432,3.1139041048772054,-1.4849402904510498
1748622990.9038286,3.124217904658147,-1.4849516153335571
1748622990.9372072,3.135230760537735,-1.484924554824829
1748622990.9707284,3.145898736653815,-1.484930157661438
1748622991.0041344,3.1601125666093965,-1.4849046468734741
1748622991.037543,3.1704207468686105,-1.4848992824554443
1748622991.070954,3.1814394265689354,-1.4848830699920654
1748622991.1043544,3.1921017836129133,-1.4848664999008179
1748622991.1377554,3.2027647384589284,-1.484855055809021
1748622991.171157,3.2134278161417384,-1.4848392009735107
1748622991.2045736,3.224089321300152,-1.4847984313964844
1748622991.2380226,3.234752212655536,-1.4849417209625244
1748622991.2714217,3.245067305526851,-1.484868049621582
1748622991.304895,3.2560976656120286,-1.4851176738739014
1748622991.338323,3.2667761491271428,-1.4856375455856323
1748622991.3718007,3.2770976015828692,-1.4856311082839966
1748622991.4056396,3.2842145884957525,-1.4858042001724243
1748622991.4390764,3.2952345743442946,-1.4858992099761963
1748622991.4725885,3.3062676004652873,-1.4860785007476807
1748622991.5059967,3.3130143336045133,-1.4861747026443481
1748622991.539461,3.3130143336045133,-1.4861747026443481
1748622991.5732822,3.3130143336045133,-1.4861747026443481
1748622991.6067293,3.3130143336045133,-1.4861747026443481
1748622991.6402595,3.3130143336045133,-1.4861747026443481
1748622991.6736677,3.3130143336045133,-1.4861747026443481
1748622991.7070792,3.3130143336045133,-1.4861747026443481
1748622991.7404876,3.3130143336045133,-1.4861747026443481
1748622991.7740357,3.3130143336045133,-1.4861747026443481
1748622991.8075333,3.3130143336045133,-1.4861747026443481
1748622991.8410466,3.3130143336045133,-1.4861747026443481
1748622991.8745604,3.3130143336045133,-1.4861747026443481
1748622991.907923,3.3130143336045133,-1.4861747026443481
1748622991.9413407,3.3130143336045133,-1.4861747026443481
1748622991.974933,3.3130143336045133,-1.4861747026443481
1748622992.0084345,3.3130143336045133,-1.4861747026443481
1748622992.0418751,3.3130143336045133,-1.4861747026443481
1748622992.0752976,3.3130143336045133,-1.4861747026443481
1748622992.1087239,3.3130143336045133,-1.4861747026443481
1748622992.1423616,3.3130143336045133,-1.4861747026443481
1748622992.1758156,3.3130143336045133,-1.4861747026443481
1748622992.2092276,3.3130143336045133,-1.4861747026443481
1748622992.242643,3.3130143336045133,-1.4861747026443481
1748622992.2760665,3.3130143336045133,-1.4861747026443481
1748622992.309892,3.3130143336045133,-1.4861747026443481
1748622992.3433104,3.3130143336045133,-1.4861747026443481
1748622992.3767457,3.3130143336045133,-1.4861747026443481
1748622992.4101095,3.3130143336045133,-1.4861747026443481
1748622992.4436648,3.3130143336045133,-1.4861747026443481
1748622992.4772174,3.3130143336045133,-1.4861747026443481
1748622992.5106354,3.3130143336045133,-1.4861747026443481
1748622992.5441031,3.3130143336045133,-1.4861747026443481
1748622992.5775375,3.3130143336045133,-1.4861747026443481
1748622992.610952,3.3130143336045133,-1.4861747026443481
1748622992.6443667,3.3130143336045133,-1.4861747026443481
1748622992.6777866,3.3130143336045133,-1.4861747026443481
1748622992.7112045,3.3130143336045133,-1.4861747026443481
1748622992.7446146,3.3130143336045133,-1.4861747026443481
1748622992.7780347,3.3130143336045133,-1.4861747026443481
1748622992.8114753,3.3130143336045133,-1.4861747026443481
1748622992.8449433,3.3130143336045133,-1.4861747026443481
1748622992.8783636,3.3130143336045133,-1.4861747026443481
1748622992.9117916,3.3130143336045133,-1.4861747026443481
1748622992.9452195,3.3130143336045133,-1.4861747026443481
1748622992.9786284,3.3130143336045133,-1.4861747026443481
1748622993.0122132,3.3130143336045133,-1.4861747026443481
1748622993.0456402,3.3130143336045133,-1.4861747026443481
1748622993.0791385,3.3130143336045133,-1.4861747026443481
1748622993.1131463,3.3130143336045133,-1.4861747026443481
1748622993.146753,3.3130143336045133,-1.4861747026443481
1748622993.1811216,3.3130143336045133,-1.4861747026443481
1748622993.2150624,3.3130143336045133,-1.4861747026443481
1748622993.2484791,3.3130143336045133,-1.4861747026443481
1748622993.2818918,3.3130143336045133,-1.4861747026443481
1748622993.3153014,3.3130143336045133,-1.4861747026443481
1748622993.3487713,3.3130143336045133,-1.4861747026443481
1748622993.382278,3.3130143336045133,-1.4861747026443481
1748622993.4157195,3.3130143336045133,-1.4861747026443481
1748622993.449145,3.3130143336045133,-1.4861747026443481
1748622993.4825478,3.3130143336045133,-1.4861747026443481
1748622993.5161889,3.3130143336045133,-1.4861747026443481
1748622993.5495718,3.3130143336045133,-1.4861747026443481
1748622993.5830107,3.3130143336045133,-1.4861747026443481
1748622993.6164193,3.3130143336045133,-1.4861747026443481
1748622993.6499767,3.3130143336045133,-1.4861747026443481
1748622993.6834018,3.3130143336045133,-1.4861747026443481
1748622993.716822,3.3130143336045133,-1.4861747026443481
1748622993.7502382,3.3130143336045133,-1.4861747026443481
1748622993.7837033,3.3130143336045133,-1.4861747026443481
1748622993.8171148,3.3130143336045133,-1.4861747026443481
1748622993.8505378,3.3130143336045133,-1.4861747026443481
1748622993.8839536,3.3130143336045133,-1.4861747026443481
1748622993.9173753,3.3130143336045133,-1.4861747026443481
1748622993.950821,3.3130143336045133,-1.4861747026443481
1748622993.9842117,3.3130143336045133,-1.4861747026443481
1748622994.017632,3.3130143336045133,-1.4861747026443481
1748622994.0510473,3.3130143336045133,-1.4861747026443481
1748622994.0844595,3.3130143336045133,-1.4861747026443481
1748622994.1180196,3.3130143336045133,-1.4861747026443481
1748622994.1514947,3.3130143336045133,-1.4861747026443481
1748622994.1849627,3.3130143336045133,-1.4861747026443481
1748622994.2184422,3.3130143336045133,-1.4861747026443481
1748622994.2518847,3.3130143336045133,-1.4861747026443481
1748622994.2853124,3.3130143336045133,-1.4861747026443481
1748622994.3187559,3.3130143336045133,-1.4861747026443481
1748622994.3521664,3.3130143336045133,-1.4861747026443481
1748622994.3855944,3.3130143336045133,-1.4861747026443481
1748622994.4190056,3.3130143336045133,-1.4861747026443481
1748622994.4528263,3.3130143336045133,-1.4861747026443481
1748622994.4858797,3.3130143336045133,-1.4861747026443481
1748622994.519286,3.3130143336045133,-1.4861747026443481
1748622994.552738,3.3130143336045133,-1.4861747026443481
1748622994.5861795,3.3130143336045133,-1.4861747026443481
1748622994.6196,3.3130143336045133,-1.4861747026443481
1748622994.653008,3.3130143336045133,-1.4861747026443481
1748622994.6864378,3.3130143336045133,-1.4861747026443481
1748622994.7198586,3.3130143336045133,-1.4861747026443481
1748622994.7532704,3.3130143336045133,-1.4861747026443481
1748622994.7866986,3.3130143336045133,-1.4861747026443481
1748622994.8210015,3.3130143336045133,-1.4861747026443481
1748622994.8545234,3.3130143336045133,-1.4861747026443481
1748622994.8879404,3.3130143336045133,-1.4861747026443481
1748622994.9213483,3.3130143336045133,-1.4861747026443481
1748622994.9547663,3.3130143336045133,-1.4861747026443481
1748622994.9881823,3.3130143336045133,-1.4861747026443481
1748622995.0215995,3.3130143336045133,-1.4861747026443481
1748622995.0553901,3.3130143336045133,-1.4861747026443481
1748622995.088809,3.3130143336045133,-1.4861747026443481
1748622995.1222234,3.3130143336045133,-1.4861747026443481
1748622995.1556332,3.3130143336045133,-1.4861747026443481
1748622995.1896124,3.3130143336045133,-1.4861747026443481
1748622995.2230806,3.3130143336045133,-1.4861747026443481
1748622995.2564876,3.3130143336045133,-1.4861747026443481
1748622995.2898955,3.3130143336045133,-1.4861747026443481
1748622995.3233516,3.3130143336045133,-1.4861747026443481
1748622995.3568223,3.3130143336045133,-1.4861747026443481
1748622995.3902326,3.3130143336045133,-1.4861747026443481
1748622995.4236407,3.3130143336045133,-1.4861747026443481
1748622995.4570513,3.3130143336045133,-1.4861747026443481
1748622995.4904637,3.3130143336045133,-1.4861747026443481
1748622995.5238695,3.3130143336045133,-1.4861747026443481
1748622995.5577955,3.3130143336045133,-1.4861747026443481
1748622995.5907648,3.3130143336045133,-1.4861747026443481
1748622995.6242085,3.3130143336045133,-1.4861747026443481
1748622995.6579685,3.3130143336045133,-1.4861747026443481
1748622995.691413,3.3130143336045133,-1.4861747026443481
1748622995.725032,3.3130143336045133,-1.4861747026443481
1748622995.7584374,3.3130143336045133,-1.4861747026443481
1748622995.7922752,3.3130143336045133,-1.4861747026443481
1748622995.8256855,3.3130143336045133,-1.4861747026443481
1748622995.8590922,3.3130143336045133,-1.4861747026443481
1748622995.892896,3.3130143336045133,-1.4861747026443481
1748622995.9263084,3.3130143336045133,-1.4861747026443481
1748622995.9602623,3.3130143336045133,-1.4861747026443481
1748622995.9936588,3.3130143336045133,-1.4861747026443481
1748622996.0277312,3.3130143336045133,-1.4861747026443481
1748622996.0611467,3.3130143336045133,-1.4861747026443481
1748622996.0958803,3.3130143336045133,-1.4861747026443481
1748622996.1292927,3.3130143336045133,-1.4861747026443481
1748622996.1627853,3.3130143336045133,-1.4861747026443481
1748622996.1962032,3.3130143336045133,-1.4861747026443481
1748622996.2296216,3.3130143336045133,-1.4861747026443481
1748622996.2630506,3.3130143336045133,-1.4861747026443481
1748622996.296563,3.3130143336045133,-1.4861747026443481
1748622996.3299725,3.3130143336045133,-1.4861747026443481
1748622996.363429,3.3130143336045133,-1.4861747026443481
1748622996.3968523,3.3130143336045133,-1.4861747026443481
1748622996.4302592,3.3130143336045133,-1.4861747026443481
1748622996.4638467,3.3130143336045133,-1.4861747026443481
1748622996.4977708,3.3130143336045133,-1.4861747026443481
1748622996.5311935,3.3130143336045133,-1.4861747026443481
1748622996.5646849,3.3130143336045133,-1.4861747026443481
1748622996.5980713,3.3130143336045133,-1.4861747026443481
1748622996.6315124,3.3130143336045133,-1.4861747026443481
1748622996.6649656,3.3130143336045133,-1.4861747026443481
1748622996.6983724,3.3130143336045133,-1.4861747026443481
1748622996.7318735,3.3130143336045133,-1.4861747026443481
1748622996.7653265,3.3130143336045133,-1.4861747026443481
1748622996.7987537,3.3130143336045133,-1.4861747026443481
1748622996.8321707,3.3130143336045133,-1.4861747026443481
1748622996.865559,3.3130143336045133,-1.4861747026443481
1748622996.8989725,3.3130143336045133,-1.4861747026443481
1748622996.932521,3.3130143336045133,-1.4861747026443481
1748622996.965979,3.3130143336045133,-1.4861747026443481
1748622996.9996336,3.3130143336045133,-1.4861747026443481
1748622997.033045,3.3130143336045133,-1.4861747026443481
1748622997.0670834,3.3130143336045133,-1.4861747026443481
1748622997.1006675,3.3130143336045133,-1.4861747026443481
1748622997.1341288,3.3130143336045133,-1.4861747026443481
1748622997.1675413,3.3130143336045133,-1.4861747026443481
1748622997.2009993,3.3130143336045133,-1.4861747026443481
1748622997.2345057,3.3130143336045133,-1.4861747026443481
1748622997.2679513,3.3130143336045133,-1.4861747026443481
1748622997.3013623,3.3130143336045133,-1.4861747026443481
1748622997.33488,3.3130143336045133,-1.4861747026443481
1748622997.3682668,3.3130143336045133,-1.4861747026443481
1748622997.4016755,3.3130143336045133,-1.4861747026443481
1748622997.435084,3.3130143336045133,-1.4861747026443481
1748622997.468488,3.3130143336045133,-1.4861747026443481
1748622997.5021114,3.3130143336045133,-1.4861747026443481
1748622997.5355246,3.3130143336045133,-1.4861747026443481
1748622997.568941,3.3130143336045133,-1.4861747026443481
1748622997.6024256,3.3130143336045133,-1.4861747026443481
1748622997.6358564,3.3130143336045133,-1.4861747026443481
1748622997.6692736,3.3130143336045133,-1.4861747026443481
1748622997.7026997,3.3130143336045133,-1.4861747026443481
1748622997.7361143,3.3130143336045133,-1.4861747026443481
1748622997.7695227,3.3130143336045133,-1.4861747026443481
1748622997.8029494,3.3130143336045133,-1.4861747026443481
1748622997.8363614,3.3130143336045133,-1.4861747026443481
1748622997.8697722,3.3130143336045133,-1.4861747026443481
1748622997.903232,3.3130143336045133,-1.4861747026443481
1748622997.9366388,3.3130143336045133,-1.4861747026443481
1748622997.9702253,3.3130143336045133,-1.4861747026443481
1748622998.0036447,3.3130143336045133,-1.4861747026443481
1748622998.037135,3.3130143336045133,-1.4861747026443481
1748622998.0705454,3.3130143336045133,-1.4861747026443481
1748622998.1039653,3.3130143336045133,-1.4861747026443481
1748622998.1378348,3.3130143336045133,-1.4861747026443481
1748622998.1713924,3.3130143336045133,-1.4861747026443481
1748622998.2048075,3.3130143336045133,-1.4861747026443481
1748622998.2382224,3.3130143336045133,-1.4861747026443481
1748622998.2717576,3.3130143336045133,-1.4861747026443481
1748622998.3051662,3.3130143336045133,-1.4861747026443481
1748622998.3385758,3.3130143336045133,-1.4861747026443481
1748622998.3719962,3.3130143336045133,-1.4861747026443481
1748622998.4054403,3.3130143336045133,-1.4861747026443481
1748622998.438868,3.3130143336045133,-1.4861747026443481
1748622998.4722555,3.3130143336045133,-1.4861747026443481
1748622998.5059156,3.3130143336045133,-1.4861747026443481
1748622998.5393233,3.3130143336045133,-1.4861747026443481
1748622998.5727355,3.3130143336045133,-1.4861747026443481
1748622998.6061504,3.3130143336045133,-1.4861747026443481
1748622998.6396315,3.3130143336045133,-1.4861747026443481
1748622998.6730409,3.3130143336045133,-1.4861747026443481
1748622998.706422,3.3130143336045133,-1.4861747026443481
1748622998.7398329,3.3130143336045133,-1.4861747026443481
1748622998.7732842,3.3130143336045133,-1.4861747026443481
1748622998.8069532,3.3130143336045133,-1.4861747026443481
1748622998.8403711,3.3130143336045133,-1.4861747026443481
1748622998.8737884,3.3130143336045133,-1.4861747026443481
1748622998.9071965,3.3130143336045133,-1.4861747026443481
1748622998.9406207,3.3130143336045133,-1.4861747026443481
1748622998.97408,3.3130143336045133,-1.4861747026443481
1748622999.0075052,3.3130143336045133,-1.4861747026443481
1748622999.0409217,3.3130143336045133,-1.4861747026443481
1748622999.0743983,3.3130143336045133,-1.4861747026443481
1748622999.107815,3.3130143336045133,-1.4861747026443481
1748622999.141234,3.3130143336045133,-1.4861747026443481
1748622999.1747212,3.3130143336045133,-1.4861747026443481
1748622999.2081254,3.3130143336045133,-1.4861747026443481
1748622999.2415426,3.3130143336045133,-1.4861747026443481
1748622999.2749972,3.3130143336045133,-1.4861747026443481
1748622999.3084354,3.3130143336045133,-1.4861747026443481
1748622999.3418932,3.3130143336045133,-1.4861747026443481
1748622999.3753276,3.3130143336045133,-1.4861747026443481
1748622999.4087443,3.3130143336045133,-1.4861747026443481
1748622999.4421532,3.3130143336045133,-1.4861747026443481
1748622999.475602,3.3130143336045133,-1.4861747026443481
1748622999.5090663,3.3130143336045133,-1.4861747026443481
1748622999.542479,3.3130143336045133,-1.4861747026443481
1748622999.5758896,3.3130143336045133,-1.4861747026443481
1748622999.6092827,3.3130143336045133,-1.4861747026443481
1748622999.6427305,3.3130143336045133,-1.4861747026443481
1748622999.6761513,3.3130143336045133,-1.4861747026443481
1748622999.7096112,3.3130143336045133,-1.4861747026443481
1748622999.7432292,3.3130143336045133,-1.4861747026443481
1748622999.7766438,3.3130143336045133,-1.4861747026443481
1748622999.8100693,3.3130143336045133,-1.4861747026443481
1748622999.8435106,3.3130143336045133,-1.4861747026443481
1748622999.87693,3.3130143336045133,-1.4861747026443481
1748622999.9103215,3.3130143336045133,-1.4861747026443481
1748622999.9437418,3.3130143336045133,-1.4861747026443481
1748622999.9771812,3.3130143336045133,-1.4861747026443481
1748623000.0105848,3.3130143336045133,-1.4861747026443481
1748623000.0440147,3.3130143336045133,-1.4861747026443481
1748623000.0774288,3.3130143336045133,-1.4861747026443481
1748623000.1108832,3.3130143336045133,-1.4861747026443481
1748623000.144255,3.3130143336045133,-1.4861747026443481
1748623000.177673,3.3130143336045133,-1.4861747026443481
1748623000.2111015,3.3130143336045133,-1.4861747026443481
1748623000.244517,3.3130143336045133,-1.4861747026443481
1748623000.277891,3.3130143336045133,-1.4861747026443481
1748623000.3113003,3.3130143336045133,-1.4861747026443481
1748623000.3447073,3.3130143336045133,-1.4861747026443481
1748623000.3781192,3.3130143336045133,-1.4861747026443481
1748623000.4117777,3.3130143336045133,-1.4861747026443481
1748623000.4451823,3.3130143336045133,-1.4861747026443481
1748623000.4793086,3.3130143336045133,-1.4861747026443481
1748623000.5127645,3.3130143336045133,-1.4861747026443481
1748623000.5461733,3.3130143336045133,-1.4861747026443481
1748623000.5796282,3.3130143336045133,-1.4861747026443481
1748623000.6133473,3.3130143336045133,-1.4861747026443481
1748623000.6467745,3.3130143336045133,-1.4861747026443481
1748623000.6801982,3.3130143336045133,-1.4861747026443481
1748623000.713608,3.3130143336045133,-1.4861747026443481
1748623000.7471864,3.3130143336045133,-1.4861747026443481
1748623000.7806008,3.3130143336045133,-1.4861747026443481
1748623000.8140194,3.3130143336045133,-1.4861747026443481
1748623000.8476117,3.3130143336045133,-1.4861747026443481
1748623000.8810217,3.3130143336045133,-1.4861747026443481
1748623000.914735,3.3130143336045133,-1.4861747026443481
1748623000.9481704,3.3130143336045133,-1.4861747026443481
1748623000.981634,3.3130143336045133,-1.4861747026443481
1748623001.015048,3.3130143336045133,-1.4861747026443481
1748623001.048461,3.3130143336045133,-1.4861747026443481
1748623001.0818546,3.3130143336045133,-1.4861747026443481
1748623001.1152668,3.3130143336045133,-1.4861747026443481
1748623001.1487055,3.3130143336045133,-1.4861747026443481
1748623001.1821265,3.3130143336045133,-1.4861747026443481
1748623001.2155523,3.3130143336045133,-1.4861747026443481
1748623001.2491362,3.3130143336045133,-1.4861747026443481
1748623001.2825541,3.3130143336045133,-1.4861747026443481
1748623001.315986,3.3130143336045133,-1.4861747026443481
1748623001.349461,3.3130143336045133,-1.4861747026443481
1748623001.3828871,3.3130143336045133,-1.4861747026443481
1748623001.4162538,3.3130143336045133,-1.4861747026443481
1748623001.449687,3.3130143336045133,-1.4861747026443481
1748623001.4831018,3.3130143336045133,-1.4861747026443481
1748623001.5165164,3.3130143336045133,-1.4861747026443481
1748623001.549933,3.3130143336045133,-1.4861747026443481
1748623001.583344,3.3130143336045133,-1.4861747026443481
1748623001.6168067,3.3130143336045133,-1.4861747026443481
1748623001.6502283,3.3130143336045133,-1.4861747026443481
1748623001.6836743,3.3130143336045133,-1.4861747026443481
1748623001.7172375,3.3130143336045133,-1.4861747026443481
1748623001.7506478,3.3130143336045133,-1.4861747026443481
1748623001.784107,3.3130143336045133,-1.4861747026443481
1748623001.81756,3.3130143336045133,-1.4861747026443481
1748623001.8509874,3.3130143336045133,-1.4861747026443481
1748623001.8844213,3.3130143336045133,-1.4861747026443481
1748623001.917838,3.3130143336045133,-1.4861747026443481
1748623001.9512548,3.3130143336045133,-1.4861747026443481
1748623001.9846635,3.3130143336045133,-1.4861747026443481
1748623002.018085,3.3130143336045133,-1.4861747026443481
1748623002.051501,3.3130143336045133,-1.4861747026443481
1748623002.084967,3.3130143336045133,-1.4861747026443481
1748623002.1183825,3.3130143336045133,-1.4861747026443481
1748623002.1518548,3.3130143336045133,-1.4861747026443481
1748623002.1852336,3.3130143336045133,-1.4861747026443481
1748623002.218695,3.3130143336045133,-1.4861747026443481
1748623002.2521222,3.3130143336045133,-1.4861747026443481
1748623002.2855828,3.3130143336045133,-1.4861747026443481
1748623002.3190382,3.3130143336045133,-1.4861747026443481
1748623002.3524644,3.3130143336045133,-1.4861747026443481
1748623002.3859181,3.3130143336045133,-1.4861747026443481
1748623002.4193313,3.3130143336045133,-1.4861747026443481
1748623002.4528637,3.3130143336045133,-1.4861747026443481
1748623002.486278,3.3130143336045133,-1.4861747026443481
1748623002.5197086,3.3130143336045133,-1.4861747026443481
1748623002.5531385,3.3130143336045133,-1.4861747026443481
1748623002.5865464,3.3130143336045133,-1.4861747026443481
1748623002.6199617,3.3130143336045133,-1.4861747026443481
1748623002.653412,3.3130143336045133,-1.4861747026443481
1748623002.68682,3.3130143336045133,-1.4861747026443481
1748623002.7208633,3.3130143336045133,-1.4861747026443481
1748623002.7543633,3.3130143336045133,-1.4861747026443481
1748623002.7878213,3.3130143336045133,-1.4861747026443481
1748623002.8213313,3.3130143336045133,-1.4861747026443481
1748623002.85474,3.3130143336045133,-1.4861747026443481
1748623002.8881562,3.3130143336045133,-1.4861747026443481
1748623002.9215658,3.3130143336045133,-1.4861747026443481
1748623002.9549828,3.3130143336045133,-1.4861747026443481
1748623002.988355,3.3130143336045133,-1.4861747026443481
1748623003.0218062,3.3130143336045133,-1.4861747026443481
1748623003.0552976,3.3130143336045133,-1.4861747026443481
1748623003.088731,3.3130143336045133,-1.4861747026443481
1748623003.1222074,3.3130143336045133,-1.4861747026443481
1748623003.1556869,3.3130143336045133,-1.4861747026443481
1748623003.1892745,3.3130143336045133,-1.4861747026443481
1748623003.2226799,3.3130143336045133,-1.4861747026443481
1748623003.2561188,3.3130143336045133,-1.4861747026443481
1748623003.2895744,3.3130143336045133,-1.4861747026443481
1748623003.3229783,3.3130143336045133,-1.4861747026443481
1748623003.3563948,3.3130143336045133,-1.4861747026443481
1748623003.3901167,3.3130143336045133,-1.4861747026443481
1748623003.4235408,3.3130143336045133,-1.4861747026443481
1748623003.4570973,3.3130143336045133,-1.4861747026443481
1748623003.490509,3.3130143336045133,-1.4861747026443481
1748623003.5245872,3.3130143336045133,-1.4861747026443481
1748623003.5579991,3.3130143336045133,-1.4861747026443481
1748623003.5914583,3.3130143336045133,-1.4861747026443481
1748623003.6249092,3.3130143336045133,-1.4861747026443481
1748623003.6583188,3.3130143336045133,-1.4861747026443481
1748623003.691769,3.3130143336045133,-1.4861747026443481
1748623003.7252092,3.3130143336045133,-1.4861747026443481
1748623003.7586107,3.3130143336045133,-1.4861747026443481
1748623003.792044,3.3130143336045133,-1.4861747026443481
1748623003.8257024,3.3130143336045133,-1.4861747026443481
1748623003.8591113,3.3130143336045133,-1.4861747026443481
1748623003.8926241,3.3130143336045133,-1.4861747026443481
1748623003.9260511,3.3130143336045133,-1.4861747026443481
1748623003.9594986,3.3130143336045133,-1.4861747026443481
1748623003.9929068,3.3130143336045133,-1.4861747026443481
1748623004.0263221,3.3130143336045133,-1.4861747026443481
1748623004.059745,3.3130143336045133,-1.4861747026443481
1748623004.0931587,3.3130143336045133,-1.4861747026443481
1748623004.1266026,3.3130143336045133,-1.4861747026443481
1748623004.1599562,3.3130143336045133,-1.4861747026443481
1748623004.1934025,3.3130143336045133,-1.4861747026443481
1748623004.226836,3.3130143336045133,-1.4861747026443481
1748623004.2602956,3.3130143336045133,-1.4861747026443481
1748623004.2936842,3.3130143336045133,-1.4861747026443481
1748623004.327153,3.3130143336045133,-1.4861747026443481
1748623004.3605435,3.3130143336045133,-1.4861747026443481
1748623004.3939779,3.3130143336045133,-1.4861747026443481
1748623004.427392,3.3130143336045133,-1.4861747026443481
1748623004.4608588,3.3130143336045133,-1.4861747026443481
1748623004.494363,3.3130143336045133,-1.4861747026443481
1748623004.5277774,3.3130143336045133,-1.4861747026443481
1748623004.5614018,3.3130143336045133,-1.4861747026443481
1748623004.594892,3.3130143336045133,-1.4861747026443481
1748623004.62896,3.3130143336045133,-1.4861747026443481
1748623004.6624455,3.3130143336045133,-1.4861747026443481
1748623004.6985383,3.3130143336045133,-1.4861747026443481
1748623004.732099,3.3130143336045133,-1.4861747026443481
1748623004.765519,3.3130143336045133,-1.4861747026443481
1748623004.7992475,3.3130143336045133,-1.4861747026443481
1748623004.832743,3.3130143336045133,-1.4861747026443481
1748623004.8661911,3.3130143336045133,-1.4861747026443481
1748623004.8996522,3.3130143336045133,-1.4861747026443481
1748623004.9330623,3.3130143336045133,-1.4861747026443481
1748623004.9665134,3.3130143336045133,-1.4861747026443481
1748623004.999932,3.3130143336045133,-1.4861747026443481
1748623005.033378,3.3130143336045133,-1.4861747026443481
1748623005.066914,3.3130143336045133,-1.4861747026443481
1748623005.100373,3.3130143336045133,-1.4861747026443481
1748623005.1338224,3.3130143336045133,-1.4861747026443481
1748623005.1672559,3.3130143336045133,-1.4861747026443481
1748623005.2006986,3.3130143336045133,-1.4861747026443481
1748623005.2342544,3.3130143336045133,-1.4861747026443481
1748623005.2676766,3.3130143336045133,-1.4861747026443481
1748623005.3010943,3.3130143336045133,-1.4861747026443481
1748623005.3345077,3.3130143336045133,-1.4861747026443481
1748623005.3679256,3.3130143336045133,-1.4861747026443481
1748623005.4014769,3.3130143336045133,-1.4861747026443481
1748623005.435026,3.3130143336045133,-1.4861747026443481
1748623005.468532,3.3130143336045133,-1.4861747026443481
1748623005.501957,3.3130143336045133,-1.4861747026443481
1748623005.535374,3.3130143336045133,-1.4861747026443481
1748623005.568796,3.3130143336045133,-1.4861747026443481
1748623005.6022148,3.3130143336045133,-1.4861747026443481
1748623005.635676,3.3130143336045133,-1.4861747026443481
1748623005.6690943,3.3130143336045133,-1.4861747026443481
1748623005.7033257,3.3130143336045133,-1.4861747026443481
1748623005.73706,3.3130143336045133,-1.4861747026443481
1748623005.7705064,3.3130143336045133,-1.4861747026443481
1748623005.8040044,3.3130143336045133,-1.4861747026443481
1748623005.8374624,3.3130143336045133,-1.4861747026443481
1748623005.8709507,3.3130143336045133,-1.4861747026443481
1748623005.9045465,3.3130143336045133,-1.4861747026443481
1748623005.9379585,3.3130143336045133,-1.4861747026443481
1748623005.971378,3.3130143336045133,-1.4861747026443481
1748623006.0067036,3.3130143336045133,-1.4861747026443481
1748623006.040117,3.3130143336045133,-1.4861747026443481
1748623006.0736382,3.3130143336045133,-1.4861747026443481
1748623006.107177,3.3130143336045133,-1.4861747026443481
1748623006.1406066,3.3130143336045133,-1.4861747026443481
1748623006.1740568,3.3130143336045133,-1.4861747026443481
1748623006.2076597,3.3130143336045133,-1.4861747026443481
1748623006.2418165,3.3130143336045133,-1.4861747026443481
1748623006.2753756,3.3130143336045133,-1.4861747026443481
1748623006.3094497,3.3130143336045133,-1.4861747026443481
1748623006.3429968,3.3130143336045133,-1.4861747026443481
1748623006.3764043,3.3130143336045133,-1.4861747026443481
1748623006.4101195,3.3130143336045133,-1.4861747026443481
1748623006.443542,3.3130143336045133,-1.4861747026443481
1748623006.4769537,3.3130143336045133,-1.4861747026443481
1748623006.5103664,3.3130143336045133,-1.4861747026443481
1748623006.5441802,3.3130143336045133,-1.4861747026443481
1748623006.5775924,3.3130143336045133,-1.4861747026443481
1748623006.6110241,3.3130143336045133,-1.4861747026443481
1748623006.644436,3.3130143336045133,-1.4861747026443481
1748623006.677866,3.3130143336045133,-1.4861747026443481
1748623006.7112916,3.3130143336045133,-1.4861747026443481
1748623006.744703,3.3130143336045133,-1.4861747026443481
1748623006.7781942,3.3130143336045133,-1.4861747026443481
1748623006.8118238,3.3130143336045133,-1.4861747026443481
1748623006.8458543,3.3130143336045133,-1.4861747026443481
1748623006.880204,3.3130143336045133,-1.4861747026443481
1748623006.9136226,3.3130143336045133,-1.4861747026443481
1748623006.947268,3.3130143336045133,-1.4861747026443481
1748623006.9806874,3.3130143336045133,-1.4861747026443481
1748623007.0141628,3.3130143336045133,-1.4861747026443481
1748623007.0475779,3.3130143336045133,-1.4861747026443481
1748623007.0809917,3.3130143336045133,-1.4861747026443481
1748623007.1144226,3.3130143336045133,-1.4861747026443481
1748623007.1478553,3.3130143336045133,-1.4861747026443481
1748623007.1812763,3.3130143336045133,-1.4861747026443481
1748623007.2147686,3.3130143336045133,-1.4861747026443481
1748623007.2482333,3.3130143336045133,-1.4861747026443481
1748623007.2817006,3.3130143336045133,-1.4861747026443481
1748623007.3152337,3.3130143336045133,-1.4861747026443481
1748623007.3486435,3.3130143336045133,-1.4861747026443481
1748623007.38216,3.3130143336045133,-1.4861747026443481
1748623007.4155781,3.3130143336045133,-1.4861747026443481
1748623007.4491053,3.3130143336045133,-1.4861747026443481
1748623007.4831417,3.3130143336045133,-1.4861747026443481
1748623007.5165606,3.3130143336045133,-1.4861747026443481
1748623007.550157,3.3130143336045133,-1.4861747026443481
1748623007.583621,3.3130143336045133,-1.4861747026443481
1748623007.617035,3.3130143336045133,-1.4861747026443481
1748623007.6504443,3.3130143336045133,-1.4861747026443481
1748623007.683889,3.3130143336045133,-1.4861747026443481
1748623007.7173069,3.3130143336045133,-1.4861747026443481
1748623007.7510602,3.3130143336045133,-1.4861747026443481
1748623007.7844982,3.3130143336045133,-1.4861747026443481
1748623007.8179266,3.3130143336045133,-1.4861747026443481
1748623007.8513424,3.3130143336045133,-1.4861747026443481
1748623007.8847568,3.3130143336045133,-1.4861747026443481
1748623007.9181662,3.3130143336045133,-1.4861747026443481
1748623007.9515898,3.3130143336045133,-1.4861747026443481
1748623007.9850104,3.3130143336045133,-1.4861747026443481
1748623008.0185077,3.3130143336045133,-1.4861747026443481
1748623008.0519378,3.3130143336045133,-1.4861747026443481
1748623008.0853505,3.3130143336045133,-1.4861747026443481
1748623008.1187649,3.3130143336045133,-1.4861747026443481
1748623008.1522357,3.3130143336045133,-1.4861747026443481
1748623008.1856828,3.3130143336045133,-1.4861747026443481
1748623008.2190928,3.3130143336045133,-1.4861747026443481
1748623008.2526202,3.3130143336045133,-1.4861747026443481
1748623008.2860389,3.3130143336045133,-1.4861747026443481
1748623008.319465,3.3130143336045133,-1.4861747026443481
1748623008.3531451,3.3130143336045133,-1.4861747026443481
1748623008.386554,3.3130143336045133,-1.4861747026443481
1748623008.4210243,3.3130143336045133,-1.4861747026443481
1748623008.4545605,3.3130143336045133,-1.4861747026443481
1748623008.4879887,3.3130143336045133,-1.4861747026443481
1748623008.5214357,3.3130143336045133,-1.4861747026443481
1748623008.5548532,3.3130143336045133,-1.4861747026443481
1748623008.5883613,3.3130143336045133,-1.4861747026443481
1748623008.621769,3.3130143336045133,-1.4861747026443481
1748623008.655193,3.3130143336045133,-1.4861747026443481
1748623008.6886,3.3130143336045133,-1.4861747026443481
1748623008.7220936,3.3130143336045133,-1.4861747026443481
1748623008.7555444,3.3130143336045133,-1.4861747026443481
1748623008.7895842,3.3130143336045133,-1.4861747026443481
1748623008.8231366,3.3130143336045133,-1.4861747026443481
1748623008.85655,3.3130143336045133,-1.4861747026443481
1748623008.8899822,3.3130143336045133,-1.4861747026443481
1748623008.9234908,3.3130143336045133,-1.4861747026443481
1748623008.9569051,3.3130143336045133,-1.4861747026443481
1748623008.9903173,3.3130143336045133,-1.4861747026443481
1748623009.0237772,3.3130143336045133,-1.4861747026443481
1748623009.057282,3.3130143336045133,-1.4861747026443481
1748623009.0907013,3.3130143336045133,-1.4861747026443481
1748623009.1242764,3.3130143336045133,-1.4861747026443481
1748623009.1577387,3.3130143336045133,-1.4861747026443481
1748623009.191189,3.3130143336045133,-1.4861747026443481
1748623009.2245967,3.3130143336045133,-1.4861747026443481
1748623009.2581508,3.3130143336045133,-1.4861747026443481
1748623009.291819,3.3130143336045133,-1.4861747026443481
1748623009.3252366,3.3130143336045133,-1.4861747026443481
1748623009.35869,3.3130143336045133,-1.4861747026443481
1748623009.3921204,3.3130143336045133,-1.4861747026443481
1748623009.4255314,3.3130143336045133,-1.4861747026443481
1748623009.4589164,3.3130143336045133,-1.4861747026443481
1748623009.492379,3.3130143336045133,-1.4861747026443481
1748623009.5258694,3.3130143336045133,-1.4861747026443481
1748623009.5592802,3.3130143336045133,-1.4861747026443481
1748623009.5926898,3.3130143336045133,-1.4861747026443481
1748623009.6262772,3.3130143336045133,-1.4861747026443481
1748623009.6597824,3.3130143336045133,-1.4861747026443481
1748623009.69321,3.3130143336045133,-1.4861747026443481
1748623009.7266412,3.3130143336045133,-1.4861747026443481
1748623009.760077,3.3130143336045133,-1.4861747026443481
1748623009.79358,3.3130143336045133,-1.4861747026443481
1748623009.826988,3.3130143336045133,-1.4861747026443481
1748623009.8603623,3.3130143336045133,-1.4861747026443481
1748623009.8938882,3.3130143336045133,-1.4861747026443481
1748623009.927303,3.3130143336045133,-1.4861747026443481
1748623009.9607549,3.3130143336045133,-1.4861747026443481
1748623009.9942093,3.3130143336045133,-1.4861747026443481
1748623010.027634,3.3130143336045133,-1.4861747026443481
1748623010.0613568,3.3130143336045133,-1.4861747026443481
1748623010.0947845,3.3130143336045133,-1.4861747026443481
1748623010.1282773,3.3130143336045133,-1.4861747026443481
1748623010.1620133,3.3130143336045133,-1.4861747026443481
1748623010.1954372,3.3130143336045133,-1.4861747026443481
1748623010.2288208,3.3130143336045133,-1.4861747026443481
1748623010.2622793,3.3130143336045133,-1.4861747026443481
1748623010.2956939,3.3130143336045133,-1.4861747026443481
1748623010.3291125,3.3130143336045133,-1.4861747026443481
1748623010.3625293,3.3130143336045133,-1.4861747026443481
1748623010.3959699,3.3130143336045133,-1.4861747026443481
1748623010.4293907,3.3130143336045133,-1.4861747026443481
1748623010.4628026,3.3130143336045133,-1.4861747026443481
1748623010.4963121,3.3130143336045133,-1.4861747026443481
1748623010.5297859,3.3130143336045133,-1.4861747026443481
1748623010.563198,3.3130143336045133,-1.4861747026443481
1748623010.59665,3.3130143336045133,-1.4861747026443481
1748623010.630191,3.3130143336045133,-1.4861747026443481
1748623010.6636121,3.3130143336045133,-1.4861747026443481
1748623010.69705,3.3130143336045133,-1.4861747026443481
1748623010.7305048,3.3130143336045133,-1.4861747026443481
1748623010.7640853,3.3130143336045133,-1.4861747026443481
1748623010.7976491,3.3130143336045133,-1.4861747026443481
1748623010.8310697,3.3130143336045133,-1.4861747026443481
1748623010.8646164,3.3130143336045133,-1.4861747026443481
1748623010.89803,3.3130143336045133,-1.4861747026443481
1748623010.931517,3.3130143336045133,-1.4861747026443481
1748623010.9649456,3.3130143336045133,-1.4861747026443481
1748623010.9984155,3.3130143336045133,-1.4861747026443481
1748623011.0318305,3.3130143336045133,-1.4861747026443481
1748623011.0653074,3.3130143336045133,-1.4861747026443481
1748623011.0987809,3.3130143336045133,-1.4861747026443481
1748623011.1322145,3.3130143336045133,-1.4861747026443481
1748623011.1657858,3.3130143336045133,-1.4861747026443481
1748623011.1993506,3.3130143336045133,-1.4861747026443481
1748623011.2329807,3.3130143336045133,-1.4861747026443481
1748623011.2664037,3.3130143336045133,-1.4861747026443481
1748623011.3000672,3.3130143336045133,-1.4861747026443481
1748623011.3345573,3.3130143336045133,-1.4861747026443481
1748623011.367958,3.3130143336045133,-1.4861747026443481
1748623011.4013677,3.3130143336045133,-1.4861747026443481
1748623011.4350271,3.3130143336045133,-1.4861747026443481
1748623011.4692886,3.3130143336045133,-1.4861747026443481
1748623011.5026846,3.3130143336045133,-1.4861747026443481
1748623011.5361097,3.3130143336045133,-1.4861747026443481
1748623011.5698335,3.3130143336045133,-1.4861747026443481
1748623011.6033626,3.3130143336045133,-1.4861747026443481
1748623011.6367774,3.3130143336045133,-1.4861747026443481
1748623011.6702228,3.3130143336045133,-1.4861747026443481
1748623011.7037075,3.3130143336045133,-1.4861747026443481
1748623011.7371252,3.3130143336045133,-1.4861747026443481
1748623011.7705312,3.3130143336045133,-1.4861747026443481
1748623011.8042092,3.3130143336045133,-1.4861747026443481
1748623011.8376284,3.3130143336045133,-1.4861747026443481
1748623011.8710458,3.3130143336045133,-1.4861747026443481
1748623011.9044406,3.3130143336045133,-1.4861747026443481
1748623011.9378648,3.3130143336045133,-1.4861747026443481
1748623011.9712818,3.3130143336045133,-1.4861747026443481
1748623012.0046964,3.3130143336045133,-1.4861747026443481
1748623012.0381804,3.3130143336045133,-1.4861747026443481
1748623012.0715837,3.3130143336045133,-1.4861747026443481
1748623012.1051316,3.980418104500788,3.1279194355010986
1748623012.1404967,3.987380058632835,3.1275904178619385
1748623012.1740236,3.9930295230230106,3.1267857551574707
1748623012.2074714,4.000823415736763,3.1243693828582764
1748623012.2409241,4.009748840207086,3.1221723556518555
1748623012.2743437,4.019434863067579,3.1201412677764893
1748623012.3082547,4.029599284891211,3.1192522048950195
1748623012.3417647,4.0403436053415165,3.1174705028533936
1748623012.3752003,4.05053783275664,3.115694046020508
1748623012.4086468,4.061106371442824,3.113288640975952
1748623012.4420602,4.07172773193543,3.1135425567626953
1748623012.4754617,4.078819749104643,3.1124377250671387
1748623012.5088737,4.089447722268349,3.111131429672241
1748623012.5422788,4.103651963134526,3.110213041305542
1748623012.575749,4.114315628786364,3.1094298362731934
1748623012.6091702,4.124975272035111,3.1084492206573486
1748623012.642587,4.136000222701437,3.1073973178863525
1748623012.6760316,4.146693217743107,3.107184410095215
1748623012.7094898,4.157016058277328,3.105898857116699
1748623012.7430098,4.164135100494304,3.1052377223968506
1748623012.7764494,4.1787084306005084,3.1047005653381348
1748623012.809908,4.189013189064992,3.1036300659179688
1748623012.8433132,4.1996833837860335,3.103348970413208
1748623012.8767362,4.206794536074232,3.1027944087982178
1748623012.9101415,4.217470229257183,3.1023519039154053
1748623012.9435613,4.231715623688747,3.102299213409424
1748623012.9769683,4.242032664525006,3.1017260551452637
1748623013.0103676,4.253066480575089,3.1011364459991455
1748623013.0437698,4.260896115980582,3.101167678833008
1748623013.0771947,4.270852778214055,3.101102352142334
1748623013.1106884,4.28188130198509,3.1013243198394775
1748623013.1441288,4.292196922337923,3.1009044647216797
1748623013.1776204,4.3032204955609705,3.100926637649536
1748623013.2110205,4.31353026322558,3.100410223007202
1748623013.2444637,4.324189062741956,3.1004316806793213
1748623013.2778685,4.3348434502185755,3.1007416248321533
1748623013.3113136,4.3455007439794295,3.1009140014648438
1748623013.3447702,4.356159644693353,3.100877046585083
1748623013.3782253,4.366820959386339,3.100954532623291
1748623013.411587,4.377480516207266,3.101428985595703
1748623013.445021,4.387785100974199,3.1016430854797363
1748623013.478444,4.395246657013578,3.1019580364227295
1748623013.511853,4.405906146283758,3.1022250652313232
1748623013.5453298,4.416212826935159,3.102191209793091
1748623013.5787492,4.427227956893035,3.102656364440918
1748623013.6121957,4.437891970582234,3.1034576892852783
1748623013.6456068,4.448557946460378,3.1030681133270264
1748623013.6790102,4.455667911136173,3.1036362648010254
1748623013.7123969,4.466328927314362,3.1044344902038574
1748623013.7457955,4.480547411305642,3.1046745777130127
1748623013.779243,4.4919282719134435,3.1048405170440674
1748623013.8126884,4.501880591052234,3.105973958969116
1748623013.8461297,4.516453311135644,3.105909585952759
1748623013.879575,4.523563471859181,3.1059417724609375
1748623013.9136798,4.536583133042066,3.106637716293335
1748623013.9478729,4.542836695854132,3.1069111824035645
1748623013.9812822,4.546039177083926,3.107004404067993
1748623014.014696,4.550449802633993,3.106736421585083
1748623014.048736,4.554198844462608,3.1070237159729004
1748623014.082324,4.557808037970584,3.1071107387542725
1748623014.1157224,4.561053336810033,3.1067147254943848
1748623014.149159,4.564476254770097,3.1072938442230225
1748623014.1825764,4.567529500790196,3.106982946395874
1748623014.215981,4.570769639334723,3.1068108081817627
1748623014.2494729,4.574215029314265,3.1069889068603516
1748623014.284277,4.5773248346597315,3.1070306301116943
1748623014.318347,4.580643091363907,3.1072628498077393
1748623014.3517556,4.583743177957268,3.107300043106079
1748623014.3852377,4.588018574133018,3.106916666030884
1748623014.418641,4.591332088745694,3.107292890548706
1748623014.4520464,4.595502396321163,3.1063666343688965
1748623014.48596,4.598731073937747,3.106440544128418
1748623014.5198526,4.602926501424828,3.1069047451019287
1748623014.554304,4.606366104154984,3.1058974266052246
1748623014.5877028,4.609521090528645,3.106349229812622
1748623014.6211193,4.612666221043541,3.1056201457977295
1748623014.6545632,4.616197386173264,3.105698823928833
1748623014.6879745,4.619605014699752,3.105677366256714
1748623014.7213824,4.6222803487768145,3.1050608158111572
1748623014.7550015,4.626185292487625,3.1045780181884766
1748623014.7884648,4.630120334310045,3.1049957275390625
1748623014.821908,4.6353128529618335,3.1040170192718506
1748623014.8560407,4.639175981845108,3.103437900543213
1748623014.889454,4.642990955099182,3.103285789489746
1748623014.922855,4.646881801849819,3.1034457683563232
1748623014.9562497,4.650449075816136,3.1030728816986084
1748623014.989649,4.654095632820678,3.1025147438049316
1748623015.023106,4.65758589038293,3.1028308868408203
1748623015.0586905,4.6600741301629185,3.101119041442871
1748623015.0921004,4.663640848010995,3.1015753746032715
1748623015.125532,4.667165854963604,3.100116491317749
1748623015.1590755,4.670637909035055,3.099273204803467
1748623015.1924927,4.673907874506365,3.099203109741211
1748623015.2265415,4.677281299033452,3.09816312789917
1748623015.2600725,4.681547508008709,3.0977654457092285
1748623015.2934794,4.684678536429538,3.096952199935913
1748623015.3269007,4.687785954023069,3.097393035888672
1748623015.3603241,4.690829823827524,3.097283363342285
1748623015.3937325,4.693832583761196,3.0972509384155273
1748623015.4272952,4.696805101473005,3.095888614654541
1748623015.460711,4.699762989236258,3.0955991744995117
1748623015.4942884,4.702735525274628,3.095785617828369
1748623015.5277448,4.705343117253099,3.0948963165283203
1748623015.5611427,4.708282652667353,3.095099925994873
1748623015.594674,4.711240875804213,3.093879461288452
1748623015.6280777,4.713784920563856,3.0943498611450195
1748623015.6615322,4.716429085827815,3.0940799713134766
1748623015.6951132,4.719849777256142,3.093141794204712
1748623015.7285678,4.722383776130758,3.092768669128418
1748623015.7626617,4.724900554838935,3.093062400817871
1748623015.7960658,4.726549482039886,3.0922305583953857
1748623015.8298619,4.729011402650378,3.0924863815307617
1748623015.8632991,4.731424075068178,3.0922114849090576
1748623015.8967896,4.732987528918529,3.0915701389312744
1748623015.9302354,4.735522865448549,3.09191632270813
1748623015.9636354,4.737872322012315,3.091291666030884
1748623015.9970357,4.740030323252916,3.091764450073242
1748623016.0304446,4.742393870875171,3.091041088104248
1748623016.0638492,4.744615245215461,3.090773344039917
1748623016.097253,4.746697432569224,3.0909347534179688
1748623016.1306698,4.748906177205929,3.0900042057037354
1748623016.1644409,4.751074155998392,3.0901076793670654
1748623016.1986725,4.753658615209123,3.0908703804016113
1748623016.233493,4.7556783522160115,3.0901925563812256
1748623016.2670486,4.757658572159479,3.0904178619384766
1748623016.3008838,4.759619391608236,3.090662717819214
1748623016.334293,4.761553172160038,3.090064287185669
1748623016.3679452,4.764141643489774,3.0900888442993164
1748623016.4021964,4.765936271434269,3.090529203414917
1748623016.4356654,4.767712827723646,3.089348793029785
1748623016.4690673,4.769407066256913,3.090517282485962
1748623016.5024896,4.771231945985879,3.0903480052948
1748623016.535933,4.7724530183536515,3.090169668197632
1748623016.569582,4.774118434136093,3.0903074741363525
1748623016.6040084,4.776376114693945,3.0904734134674072
1748623016.6375117,4.778024724670435,3.0903282165527344
1748623016.6709285,4.7801783383594705,3.090874671936035
1748623016.7043157,4.781755081275715,3.0902538299560547
1748623016.7378435,4.783829642132053,3.0911381244659424
1748623016.7721343,4.785380432065055,3.0907974243164062
1748623016.8055594,4.786902952552118,3.0910849571228027
1748623016.839049,4.788394275068973,3.0911474227905273
1748623016.8724546,4.7898622229841665,3.091017723083496
1748623016.9058537,4.791731019177007,3.0913126468658447
1748623016.9393072,4.793187519913111,3.09116530418396
1748623016.9728446,4.794570579591975,3.0915019512176514
1748623017.0062733,4.795898457283256,3.091062307357788
1748623017.0397823,4.797292976432322,3.0914580821990967
1748623017.0732648,4.7985836756719875,3.091050386428833
1748623017.1066973,4.799943709286476,3.091752529144287
1748623017.1401231,4.801269217089546,3.091130495071411
1748623017.1735306,4.802614714955928,3.0916874408721924
1748623017.2069576,4.803937953682213,3.0911765098571777
1748623017.240372,4.805239792635001,3.091759204864502
1748623017.2738075,4.806505916711946,3.091489791870117
1748623017.3073215,4.807682343342206,3.091778516769409
1748623017.3407621,4.808950187723185,3.0916597843170166
1748623017.3742344,4.810401941486171,3.0913503170013428
1748623017.4076893,4.811580782984182,3.0918893814086914
1748623017.4411385,4.812691315990477,3.0915160179138184
1748623017.4745417,4.813844429238038,3.0917952060699463
1748623017.507967,4.814926931840125,3.091726303100586
1748623017.5413716,4.815984091605736,3.091856002807617
1748623017.5747762,4.817015971452185,3.091871738433838
1748623017.6084268,4.818363429689089,3.0918772220611572
1748623017.641838,4.819354539005611,3.0919151306152344
1748623017.675435,4.82032974169473,3.0919387340545654
1748623017.7088358,4.8212574629363845,3.0919599533081055
1748623017.7422404,4.822233972145647,3.0920400619506836
1748623017.775846,4.823134573740267,3.092008352279663
1748623017.8092492,4.824080679268647,3.0920326709747314
1748623017.8426237,4.824951824196237,3.092054843902588
1748623017.876029,4.825867853865954,3.092073678970337
1748623017.9101765,4.826740426453406,3.092095136642456
1748623017.9435785,4.8275994259069765,3.0921132564544678
1748623017.9769924,4.828445019885555,3.092132329940796
1748623018.0103936,4.829277278432018,3.0921504497528076
1748623018.0438209,4.829825029923286,3.0921683311462402
1748623018.0772252,4.830608807612981,3.0921859741210938
1748623018.1106513,4.831407158108915,3.09220552444458
1748623018.144091,4.832479013453367,3.0921857357025146
1748623018.1775985,4.8332484335997,3.0922205448150635
1748623018.2110002,4.833963994591979,3.0922467708587646
1748623018.2443466,4.834435356849549,3.092249631881714
1748623018.277837,4.834609093237787,3.092254877090454
1748623018.3112557,4.834700036879487,3.0922536849975586
1748623018.3446457,4.834750953962498,3.092256784439087
1748623018.378046,4.834778369559582,3.092254877090454
1748623018.4114547,4.834797485971277,3.0922539234161377
1748623018.4449103,4.834804396679837,3.092254877090454
1748623018.4783185,4.834809247111445,3.0922513008117676
1748623018.511758,4.834812647026236,3.0922529697418213
1748623018.545858,4.834815396043842,3.0922534465789795
1748623018.5794842,4.834817410131749,3.0922505855560303
1748623018.6129272,4.834819319180243,3.0922515392303467
1748623018.6465206,4.834821231049346,3.092254161834717
1748623018.679969,4.834822783208111,3.0922513008117676
1748623018.7133844,4.834823996487945,3.092249631881714
1748623018.7468047,4.8348267333450785,3.0922486782073975
1748623018.7808459,4.834828256079435,3.092251777648926
1748623018.8142579,4.834829709436174,3.0922486782073975
1748623018.8476741,4.834831421424934,3.0922493934631348
1748623018.8818955,4.83483378519283,3.0922470092773438
1748623018.915313,4.834835128694745,3.0922493934631348
1748623018.9486833,4.834836902422971,3.0922482013702393
1748623018.9821534,4.834837767501638,3.092247724533081
1748623019.0155656,4.834840295189597,3.09224534034729
1748623019.0492916,4.8348418418402614,3.0922470092773438
1748623019.0827,4.83484350517107,3.092247247695923
1748623019.1161387,4.834844998140906,3.09224534034729
1748623019.149697,4.834846765009874,3.0922446250915527
1748623019.1832855,4.8348485333359825,3.0922434329986572
1748623019.2166939,4.834850952146011,3.0922460556030273
1748623019.2503414,4.834852669133261,3.0922434329986572
1748623019.2837422,4.83485385829666,3.0922439098358154
1748623019.317141,4.83485600547016,3.0922415256500244
1748623019.3512764,4.834857555224294,3.0922434329986572
1748623019.3846922,4.834859868223964,3.092242479324341
1748623019.4180813,4.8348618420958624,3.0922422409057617
1748623019.4514856,4.83486417621532,3.0922393798828125
1748623019.4848902,4.834865648259304,3.092240333557129
1748623019.5182974,4.834866638615901,3.0922422409057617
1748623019.5517805,4.834868478204429,3.0922393798828125
1748623019.5852797,4.834870395599038,3.092237710952759
1748623019.618698,4.834872600271393,3.0922369956970215
1748623019.652287,4.834873875406952,3.092240810394287
1748623019.6857164,4.834875390742412,3.0922372341156006
1748623019.719161,4.834878188997511,3.0922369956970215
1748623019.7525587,4.834879797305127,3.092236042022705
1748623019.7859688,4.834881296282875,3.092238187789917
1748623019.8195229,4.834882553040541,3.092235565185547
1748623019.8529308,4.834884362235007,3.092235803604126
1748623019.8863292,4.834885864703063,3.092233419418335
1748623019.9199345,4.8348875824818895,3.0922353267669678
1748623019.953415,4.834888968641809,3.0922348499298096
1748623019.986917,4.834891777133604,3.092233657836914
1748623020.020386,4.8348939083547835,3.092231273651123
1748623020.05379,4.834895399768145,3.092231273651123
1748623020.087226,4.834897123761344,3.0922348499298096
1748623020.120654,4.834898870058365,3.092231273651123
1748623020.155338,4.834900889294017,3.0922324657440186
1748623020.1887488,4.834902814648687,3.0922298431396484
1748623020.2222397,4.834904435969827,3.0922327041625977
1748623020.259802,4.834904913776735,3.0922327041625977
1748623020.2939775,4.834907131816166,3.0922305583953857
1748623020.3274276,4.834909707288405,3.0922279357910156
1748623020.3608613,4.834911411440454,3.092229127883911
1748623020.394611,4.834913664835572,3.0922305583953857
1748623020.4280157,4.834915554725495,3.092228651046753
1748623020.4614108,4.834918220816815,3.092226028442383
1748623020.4948368,4.834919877823074,3.092226028442383
1748623020.5282545,4.834921457080688,3.092228651046753
1748623020.5617533,4.83492289130089,3.092226266860962
1748623020.5959475,4.834924889431873,3.0922253131866455
1748623020.629548,4.834926662072803,3.092223882675171
1748623020.663206,4.834928324631195,3.09222674369812
1748623020.6966088,4.8349301046340125,3.092224597930908
1748623020.7300308,4.83493268088667,3.092224359512329
1748623020.7634387,4.83493482029952,3.092221736907959
1748623020.7969532,4.83493625005852,3.092224359512329
1748623020.8303497,4.834938192616,3.0922234058380127
1748623020.8637903,4.834939752861216,3.0922224521636963
1748623020.8972638,4.834941691889153,3.0922203063964844
1748623020.9308386,4.834943551205863,3.0922200679779053
1748623020.964502,4.8349450521075035,3.0922229290008545
1748623020.9989436,4.834946388904656,3.0922210216522217
1748623021.0323863,4.834948186167139,3.092221260070801
1748623021.065791,4.834950178006443,3.0922183990478516
1748623021.0992932,4.834951719668963,3.092219591140747
1748623021.132737,4.834953575436616,3.0922207832336426
1748623021.1661148,4.8349553254705055,3.0922188758850098
1748623021.1995797,4.834957550057027,3.0922164916992188
1748623021.3109975,4.834962464680804,3.0922179222106934
1748623021.3451796,4.836794620052106,3.091527223587036
1748623021.3795831,4.840976611056723,3.0948987007141113
1748623021.4145677,4.846451165683583,3.1007654666900635
1748623021.4480298,4.854826838704081,3.1058716773986816
1748623021.4817774,4.86200636255389,3.110302209854126
1748623021.5152068,4.872047644911103,3.115485429763794
1748623021.5486152,4.879173235609324,3.1221468448638916
1748623021.5847328,4.889454259648837,3.128262519836426
1748623021.6182806,4.896963886163838,3.1354780197143555
1748623021.6517708,4.906917439988506,3.140516757965088
1748623021.6851802,4.914576752390192,-3.1372218132019043
1748623021.7189672,4.922315772480322,-3.1304633617401123
1748623021.7524137,4.930021524695253,-3.12539005279541
1748623021.7858253,4.941152845156396,-3.1201438903808594
1748623021.8192422,4.948077688934558,-3.1151580810546875
1748623021.8526952,4.955855465285197,-3.1085784435272217
1748623021.8871453,4.963797198921345,-3.105203151702881
1748623021.920595,4.974499975143772,-3.101783037185669
1748623021.9539983,4.982898073263763,-3.097191333770752
1748623021.9875743,4.991429535635058,-3.094536542892456
1748623022.021072,5.002425730027049,-3.091742992401123
1748623022.0544758,5.01097564814886,-3.087735414505005
1748623022.0880904,5.019607493013411,-3.0845396518707275
1748623022.1214964,5.030913421718787,-3.081547737121582
1748623022.1549315,5.039617556504086,-3.0778560638427734
1748623022.188916,5.048402952325401,-3.073312997817993
1748623022.2223206,5.057288629117425,-3.070505380630493
1748623022.2557642,5.069478503262516,-3.0675606727600098
1748623022.289169,5.078377333730215,-3.063115119934082
1748623022.3225722,5.087497785818127,-3.05830979347229
1748623022.3561766,5.095752141041341,-3.0545670986175537
1748623022.3895807,5.107661362022346,-3.051630973815918
1748623022.4229865,5.116901474058347,-3.0470004081726074
1748623022.4564147,5.125527577570746,-3.0438356399536133
1748623022.489999,5.137478069334131,-3.0401992797851562
1748623022.527321,5.146481066676385,-3.0360400676727295
1748623022.563788,5.158362317378405,-3.031830072402954
1748623022.597518,5.167159513359922,-3.0250513553619385
1748623022.6309278,5.17593684589959,-3.0217037200927734
1748623022.664786,5.184750206404605,-3.016911506652832
1748623022.6989965,5.196246204714002,-3.010394811630249
1748623022.732506,5.204858331169536,-3.0051236152648926
1748623022.7664766,5.215878203670216,-3.000584602355957
1748623022.7999923,5.221783080292941,-2.9964470863342285
1748623022.834041,5.232655832914697,-2.9912900924682617
1748623022.8674757,5.2407909355131945,-2.9818711280822754
1748623022.9014397,5.251022003215495,-2.9759209156036377
1748623022.94305,5.2589282366087655,-2.9686782360076904
1748623022.9764512,5.266960788732643,-2.963423252105713
1748623023.009883,5.277361759707814,-2.9579505920410156
1748623023.043502,5.285055762985443,-2.9499104022979736
1748623023.0769126,5.292473813981507,-2.944371461868286
1748623023.1106226,5.302684750465173,-2.938173770904541
1748623023.1440644,5.3105380626014025,-2.931509256362915
1748623023.1775105,5.3179375993999525,-2.924409866333008
1748623023.2114353,5.328358184905723,-2.9186666011810303
1748623023.2449248,5.33572165273157,-2.913335084915161
1748623023.278338,5.343331550610511,-2.907777786254883
1748623023.311761,5.3509403228532655,-2.9002251625061035
1748623023.3451705,5.361345886062021,-2.894681692123413
1748623023.3786716,5.368952901270862,-2.889073371887207
1748623023.412074,5.376309333060439,-2.8815817832946777
1748623023.4466245,5.38391191641434,-2.8762118816375732
1748623023.480441,5.394056724155898,-2.870643138885498
1748623023.5138488,5.4016614682006825,-2.862961769104004
1748623023.5473015,5.41205765551156,-2.8573572635650635
1748623023.5809307,5.419411609329217,-2.8500728607177734
1748623023.6147463,5.426765218756686,-2.844468355178833
1748623023.648154,5.437162410564591,-2.8388636112213135
1748623023.6815588,5.4450217029394254,-2.8330740928649902
1748623023.7149675,5.452367737040993,-2.825787305831909
1748623023.748443,5.460227126598594,-2.8201959133148193
1748623023.7818675,5.4675692382972665,-2.814332962036133
1748623023.8156211,5.477708627407717,-2.8089330196380615
1748623023.849035,5.48531052364595,-2.8014280796051025
1748623023.8825266,5.492913047766418,-2.7954609394073486
1748623023.9159977,5.503298359556235,-2.789973258972168
1748623023.9519064,5.510633708860671,-2.782743215560913
1748623023.9855115,5.518254605816141,-2.7773659229278564
1748623024.0194001,5.528618337686433,-2.771488904953003
1748623024.052933,5.536217297634498,-2.764247179031372
1748623024.0913432,5.546084581106624,-2.756573438644409
1748623024.1280806,5.556227123205089,-2.7513084411621094
1748623024.1614835,5.564329978132444,-2.7439708709716797
1748623024.1951509,5.57141395562418,-2.7380924224853516
1748623024.2297366,5.581778637201368,-2.732433795928955
1748623024.2639892,5.589372636059701,-2.724785089492798
1748623024.2980525,5.59924889948103,-2.7197413444519043
1748623024.3317397,5.6071012599731604,-2.714097738265991
1748623024.3654032,5.61443965825354,-2.70658540725708
1748623024.3990083,5.622037609782781,-2.701132297515869
1748623024.4330454,5.632686047922516,-2.695425033569336
1748623024.4664936,5.639773842530065,-2.6901485919952393
1748623024.5001433,5.64736812795679,-2.682451009750366
1748623024.5357676,5.657503721703833,-2.6770482063293457
1748623024.5691807,5.665101331009821,-2.6695163249969482
1748623024.6028368,5.672451288393544,-2.663910150527954
1748623024.6373959,5.682840155930552,-2.656404495239258
1748623024.6738844,5.693230525005261,-2.6505966186523438
1748623024.7074223,5.700579414078192,-2.6432857513427734
1748623024.7442682,5.7107159301223485,-2.637660026550293
1748623024.779688,5.7183181248521455,-2.629973888397217
1748623024.8130903,5.72845488939962,-2.624530076980591
1748623024.848329,5.735806707046586,-2.6168782711029053
1748623024.8817935,5.743658703079527,-2.611400842666626
1748623024.9161081,5.753797034702663,-2.603925943374634
1748623024.9503748,5.761652844103205,-2.5982885360717773
1748623024.9840965,5.771532262648288,-2.592630386352539
1748623025.0175047,5.779135543051147,-2.5851588249206543
1748623025.0509188,5.7869961194259085,-2.5795507431030273
1748623025.0851843,5.796883993889406,-2.574047565460205
1748623025.119181,5.804491579988415,-2.5665175914764404
1748623025.1531646,5.812090292036237,-2.5609114170074463
1748623025.186725,5.822479688500038,-2.5552804470062256
1748623025.2201865,5.829826729276895,-2.547973871231079
1748623025.2536068,5.837412188697526,-2.5419845581054688
1748623025.287015,5.845229786270512,-2.5362415313720703
1748623025.321481,5.855076532832532,-2.5305964946746826
1748623025.3549309,5.862629064901544,-2.5226211547851562
1748623025.3883507,5.870189629960089,-2.5178964138031006
1748623025.4219763,5.880236780284377,-2.512209177017212
1748623025.4553924,5.887738568372553,-2.5061681270599365
1748623025.4887996,5.895613145266986,-2.500396728515625
1748623025.5225642,5.9054817841125535,-2.495266914367676
1748623025.5561218,5.913015245447954,-2.489494800567627
1748623025.590807,5.920390819438897,-2.479736566543579
1748623025.6244712,5.927956918913634,-2.4735147953033447
1748623025.6578765,5.938058679106506,-2.4678945541381836
1748623025.6914167,5.9453231260030535,-2.461277723312378
1748623025.724881,5.953066097974007,-2.454359769821167
1748623025.7583654,5.962824316435633,-2.4480526447296143
1748623025.791818,5.969896526795461,-2.438148021697998
1748623025.825372,5.977140081572051,-2.43192195892334
1748623025.8591225,5.986368604451732,-2.4236340522766113
1748623025.893895,5.9941405930710605,-2.4145877361297607
1748623025.9273715,6.001215422337299,-2.4067695140838623
1748623025.9610386,6.0111202731518585,-2.399061679840088
1748623025.9944763,6.017929431957326,-2.388221263885498
1748623026.0280185,6.027673312752505,-2.378216505050659
1748623026.061426,6.034670720489567,-2.3672256469726562
1748623026.0948148,6.041487513477475,-2.356501340866089
1748623026.1284664,6.048336118042042,-2.345839738845825
1748623026.1620343,6.058470201778933,-2.3367834091186523
1748623026.1956923,6.065511795799535,-2.324810028076172
1748623026.2299252,6.07194655304441,-2.3112952709198
1748623026.2645142,6.080985758884089,-2.299299478530884
1748623026.2983673,6.088046773829705,-2.2842466831207275
1748623026.3317692,6.094762539755344,-2.270920515060425
1748623026.36522,6.101287131205947,-2.2581043243408203
1748623026.3986368,6.1105165388163005,-2.24576473236084
1748623026.4321413,6.11738189807956,-2.2275679111480713
1748623026.4657466,6.124264465590953,-2.213549852371216
1748623026.5060382,6.133485135773933,-2.1994731426239014
1748623026.5446095,6.142988780650008,-2.1801834106445312
1748623026.578048,6.1497196477220015,-2.161810874938965
1748623026.6115408,6.15668612500448,-2.147198438644409
1748623026.6466231,6.165978285645141,-2.128098964691162
1748623026.6826572,6.175682004442674,-2.116291046142578
1748623026.7269886,6.184999455929949,-2.093820333480835
1748623026.760391,6.191978415923386,-2.080522298812866
1748623026.7951574,6.201505143207708,-2.0630948543548584
1748623026.831713,6.2088529523209655,-2.0495762825012207
1748623026.8654642,6.218672419927272,-2.0377209186553955
1748623026.8989456,6.225680675267179,-2.026524782180786
1748623026.9323642,6.232917494556685,-2.0091464519500732
1748623026.9657676,6.2397694372445605,-1.9969006776809692
1748623026.9996598,6.247256842095731,-1.9840500354766846
1748623027.0330915,6.254165219668224,-1.9721965789794922
1748623027.0705512,6.26335505182141,-1.9583699703216553
1748623027.1064496,6.273079785595,-1.9417585134506226
1748623027.1465518,6.2830959009629685,-1.9278682470321655
1748623027.1799557,6.290403281925322,-1.9131122827529907
1748623027.2139988,6.3000658501146445,-1.9020423889160156
1748623027.250424,6.307316364392618,-1.886615514755249
1748623027.2847059,6.314677607775869,-1.8773839473724365
1748623027.3184159,6.3221405932779104,-1.8667417764663696
1748623027.352301,6.329088220932044,-1.8550982475280762
1748623027.389645,6.338627316026255,-1.840415358543396
1748623027.4256155,6.348486110171547,-1.8271769285202026
1748623027.4590344,6.355860640771125,-1.817495584487915
1748623027.4957728,6.365632697769094,-1.8079712390899658
1748623027.5296772,6.373028410352136,-1.7985702753067017
1748623027.5635297,6.380743430534448,-1.789706826210022
1748623027.5976064,6.387957909382945,-1.779029130935669
1748623027.631522,6.397914000690333,-1.7708237171173096
1748623027.6650612,6.4055017708599,-1.761892318725586
1748623027.6986544,6.415634316466193,-1.7554259300231934
1748623027.732067,6.423449460026534,-1.7474639415740967
1748623027.767574,6.4332963122118185,-1.7419377565383911
1748623027.8033876,6.4409687827561966,-1.7323755025863647
1748623027.8368664,6.448176435046819,-1.7263648509979248
1748623027.8702698,6.458271474903973,-1.7210499048233032
1748623027.903687,6.465790876171236,-1.7131253480911255
1748623027.93743,6.47354336952911,-1.7076208591461182
1748623027.9708943,6.4832740075268624,-1.701511025428772
1748623028.0042715,6.490706828024894,-1.6919496059417725
1748623028.0385737,6.498490458184373,-1.6878398656845093
1748623028.0726426,6.508709123241696,-1.6831597089767456
1748623028.1061575,6.51605579144597,-1.6771020889282227
1748623028.1416872,6.523651966117374,-1.6719188690185547
1748623028.1750977,6.5336475382974175,-1.6663813591003418
1748623028.2085762,6.541241620186944,-1.661409616470337
1748623028.2421968,6.549018023649207,-1.6582661867141724
1748623028.275682,6.556786526998527,-1.6537094116210938
1748623028.3091168,6.564525289793873,-1.6487139463424683
1748623028.3435824,6.572668256613244,-1.645909309387207
1748623028.3770618,6.583127053868997,-1.6419674158096313
1748623028.4117577,6.591601566178427,-1.6381900310516357
1748623028.4494705,6.599550068445174,-1.6353048086166382
1748623028.5138054,6.608702913659788,-1.6299278736114502
1748623028.6377525,6.641549030680713,-1.616010308265686
1748623028.7224135,6.6623345779112,-1.6103662252426147
1748623028.7711403,6.671684099769677,-1.608297348022461
1748623028.8099275,6.680592617547989,-1.6069650650024414
1748623028.851315,6.686767563495299,-1.6035184860229492
1748623028.8938606,6.699234144335909,-1.601134181022644
1748623028.934746,6.708978260764317,-1.5986183881759644
1748623029.011634,6.7309991735776515,-1.5946595668792725
1748623029.0656312,6.741320804976207,-1.59159517288208
1748623029.1301744,6.766664618077252,-1.5865696668624878
1748623029.284047,6.7835068029160555,-1.5856995582580566
1748623029.3495364,6.799830659199309,-1.5832726955413818
1748623029.3966744,6.810959192791186,-1.5820943117141724
1748623029.444862,6.817405873943206,-1.5806872844696045
1748623029.4983103,6.837138977819701,-1.5776759386062622
1748623029.547239,6.850861538590128,-1.577087163925171
1748623029.5806947,6.860826822795182,-1.5761438608169556
1748623029.6140583,6.874948072382758,-1.5742853879928589
1748623029.6474688,6.885668864955485,-1.573675513267517
1748623029.6808913,6.896087832095223,-1.571523666381836
1748623029.7156923,6.91034693718432,-1.5702636241912842
1748623029.7496276,6.9201106759560655,-1.5700606107711792
1748623029.7841465,6.934440700384703,-1.5694953203201294
1748623029.8175747,6.944606266265705,-1.5678421258926392
1748623029.8509836,6.9586920648875905,-1.5674408674240112
1748623029.8853002,6.969220928225498,-1.5654555559158325
1748623029.919506,6.98361267166046,-1.5643434524536133
1748623029.9533825,6.993828697228062,-1.564509630203247
1748623029.9867926,7.007905158843373,-1.5639206171035767
1748623030.0202334,7.018482222483235,-1.5625553131103516
1748623030.05366,7.029438271493687,-1.5630396604537964
1748623030.0871432,7.039677630276033,-1.5623722076416016
1748623030.1206868,7.050274326402214,-1.561547040939331
1748623030.1611397,7.06158989965025,-1.5604394674301147
1748623030.196339,7.071851758670764,-1.5596988201141357
1748623030.2352018,7.08671416895164,-1.560609221458435
1748623030.2984369,7.10727906426031,-1.5592081546783447
1748623030.3414178,7.125021160443384,-1.5585354566574097
1748623030.3770654,7.139235159816525,-1.5573389530181885
1748623030.4218519,7.153100855489301,-1.5576744079589844
1748623030.4555092,7.163781865422472,-1.5570406913757324
1748623030.4905984,7.174444971059769,-1.5565731525421143
1748623030.5350401,7.19225004757224,-1.5564496517181396
1748623030.5684917,7.202914735996021,-1.5561946630477905
1748623030.6136642,7.213575443222298,-1.5560849905014038
1748623030.6512918,7.221766540951848,-1.5560437440872192
1748623030.6846895,7.227816959090591,-1.5558221340179443
1748623030.7209575,7.232087389218659,-1.5555639266967773
1748623030.7599208,7.242049133170587,-1.5552958250045776
1748623030.798145,7.245250990070192,-1.5548968315124512
1748623030.8329928,7.253425589363852,-1.554829716682434
1748623030.8811018,7.272971259269263,-1.5541095733642578
1748623030.9178085,7.285397478366984,-1.5539560317993164
1748623030.9753187,7.303527939003596,-1.553737998008728
1748623031.0116763,7.316669020777773,-1.5534552335739136
1748623031.0532682,7.335517037867698,-1.5531154870986938
1748623031.1292992,7.360752327348685,-1.5528181791305542
1748623031.1894062,7.378530546604134,-1.5523861646652222
1748623031.243405,7.38636013101644,-1.552188754081726
1748623031.3017902,7.403418144448999,-1.551880121231079
1748623031.3585253,7.42829942241987,-1.5513437986373901
1748623031.4054058,7.4421643360864005,-1.5510876178741455
1748623031.4429245,7.460285715117622,-1.5508421659469604
1748623031.4775796,7.474502323698485,-1.5504753589630127
1748623031.5109873,7.4816112492248905,-1.5501199960708618
1748623031.5447934,7.49939301345206,-1.5496851205825806
1748623031.5783355,7.5064960771822475,-1.5494472980499268
1748623031.6187959,7.52073894684866,-1.5493769645690918
1748623031.6600635,7.535321416900088,-1.5529149770736694
1748623031.693434,7.552837213817112,-1.5523991584777832
1748623031.7268388,7.563369023469924,-1.5500848293304443
1748623031.760576,7.573541591483195,-1.54989492893219
1748623031.7943056,7.584070008565576,-1.5529184341430664
1748623031.8284144,7.594593857461599,-1.5531110763549805
1748623031.8899589,7.608942960353575,-1.549910306930542
1748623031.930719,7.625978533544141,-1.5498203039169312
1748623031.9642131,7.639801638230769,-1.5532753467559814
1748623031.9976652,7.6536353193087,-1.555747151374817
1748623032.0310812,7.660866150883016,-1.5521695613861084
1748623032.0645254,7.677515528265331,-1.5494060516357422
1748623032.098304,7.687690082803689,-1.5529166460037231
1748623032.1368172,7.701380126675238,-1.5562124252319336
1748623032.1767075,7.714989948390679,-1.5518996715545654
1748623032.2155554,7.728627196750865,-1.548559308052063
1748623032.2502003,7.736050088908288,-1.552930235862732
1748623032.2878911,7.752349637184695,-1.5556480884552002
1748623032.321333,7.759184737788843,-1.5526973009109497
1748623032.3547168,7.776529769639368,-1.553208827972412
1748623032.3931234,7.790575890948441,-1.5562655925750732
1748623032.4295084,7.801535157479471,-1.5582501888275146
1748623032.4636893,7.815292450598625,-1.556455135345459
1748623032.497732,7.822692243744284,-1.5568351745605469
1748623032.5368164,7.839843243324606,-1.5605878829956055
1748623032.571319,7.846663762151036,-1.5603398084640503
1748623032.604911,7.859608441811168,-1.5542731285095215
1748623032.638575,7.86919862846843,-1.5462437868118286
1748623032.6731107,7.882022986407344,-1.540596604347229
1748623032.7065191,7.891467352351916,-1.5436714887619019
1748623032.7424417,7.903293884567506,-1.544510841369629
1748623032.7758503,7.908408993043645,-1.5368592739105225
1748623032.8092983,7.914802206972773,-1.5264534950256348
1748623032.8457,7.927053989357854,-1.5200175046920776
1748623032.880602,7.934857237463913,-1.5219988822937012
1748623032.914669,7.943826329550516,-1.5181165933609009
1748623032.9581568,7.952283176296142,-1.506467342376709
1748623032.9940603,7.9593878886566705,-1.4995033740997314
1748623033.030618,7.968773959158511,-1.4935367107391357
1748623033.0641682,7.976208819249899,-1.4857611656188965
1748623033.0977263,7.983718242357933,-1.4805034399032593
1748623033.1312122,7.99129432451036,-1.4752663373947144
1748623033.1646614,8.00140207137759,-1.4680416584014893
1748623033.1980777,8.011521275145368,-1.4626926183700562
1748623033.2314856,8.019365248406443,-1.4569441080093384
1748623033.2666476,8.02670105887495,-1.449406385421753
1748623033.3020897,8.036824937050005,-1.443955898284912
1748623033.342966,8.046958009228698,-1.4364899396896362
1748623033.376399,8.057083412872194,-1.4289416074752808
1748623033.409812,8.064702041886264,-1.4235954284667969
1748623033.4432545,8.06977666261073,-1.4179503917694092
1748623033.4772515,8.079899885202993,-1.4125169515609741
1748623033.5112875,8.09028903187346,-1.4048913717269897
1748623033.5448287,8.097637991046499,-1.3994550704956055
1748623033.5782518,8.105243769119792,-1.3938624858856201
1748623033.6117072,8.11284859039049,-1.3882514238357544
1748623033.6452038,8.120454238082651,-1.3826448917388916
1748623033.67864,8.130341668458401,-1.3753585815429688
1748623033.7121642,8.13820068988988,-1.369564175605774
1748623033.746351,8.143271327127067,-1.3637694120407104
1748623033.7801137,8.15341236188038,-1.3583459854125977
1748623033.8138175,8.161018236232621,-1.3527414798736572
1748623033.8488941,8.171412800189753,-1.3450762033462524
1748623033.8833928,8.176229367917372,-1.3394695520401
1748623033.9168487,8.188906141255746,-1.3321788311004639
1748623033.9503596,8.196512081894369,-1.3265730142593384
1748623033.983983,8.204371284241928,-1.320778489112854
1748623034.0181742,8.214258973177015,-1.3134876489639282
1748623034.0516286,8.221864870786291,-1.3078808784484863
1748623034.0850875,8.229471018043984,-1.3022706508636475
1748623034.1185706,8.237077276208137,-1.2966653108596802
1748623034.1526208,8.242654857614758,-1.2908686399459839
1748623034.1860583,8.25482459526426,-1.2835780382156372
1748623034.2195454,8.26243045527987,-1.2779690027236938
1748623034.2529564,8.267754870636349,-1.2721731662750244
1748623034.2864058,8.279924450268032,-1.2650680541992188
1748623034.337348,8.285248583813809,-1.2585246562957764
1748623034.3953707,8.298179122688655,-1.2495466470718384
1748623034.4310343,8.307813435284714,-1.2405695915222168
1748623034.466534,8.320997456471638,-1.2347712516784668
1748623034.500354,8.330885386153078,-1.227480173110962
1748623034.5337994,8.338491257195193,-1.2218680381774902
1748623034.5672352,8.345844075808241,-1.2140181064605713
1748623034.6014,8.356239345542077,-1.2087785005569458
1748623034.6396937,8.366126639758125,-1.2014789581298828
1748623034.680782,8.373986484016982,-1.1956799030303955
1748623034.7145855,8.379057298701797,-1.1900726556777954
1748623034.773791,8.392241070527978,-1.17978036403656
1748623034.8642929,8.414552263551412,-1.1657493114471436
1748623034.9055352,8.419622563723829,-1.162008285522461
1748623034.9474185,8.430524433592883,-1.152464747428894
1748623034.9908562,8.445736112005827,-1.142737865447998
1748623035.0349643,8.452581688990366,-1.1354401111602783
1748623035.0894992,8.465511264766558,-1.1264560222625732
1748623035.162244,8.48300479521677,-1.1129851341247559
1748623035.2015421,8.49314593537056,-1.107744574546814
1748623035.2350206,8.495681241128826,-1.1058776378631592
1748623035.3054168,8.513428269778634,-1.0927784442901611
1748623035.3731918,8.526611456104483,-1.081171989440918
1748623035.4359114,8.54182273357274,-1.071815013885498
1748623035.5024579,8.557034529261113,-1.0590884685516357
1748623035.5603848,8.57173875230072,-1.0497280359268188
1748623035.6219468,8.582386777357016,-1.0401848554611206
1748623035.6865013,8.597343918214126,-1.0291441679000854
1748623035.734277,8.607231223104034,-1.0216550827026367
1748623035.7828732,8.614583362669935,-1.018094778060913
1748623035.821446,8.619906741759378,-1.012104868888855
1748623035.8681605,8.632824972003363,-1.0043967962265015
1748623035.9246397,8.642917989621507,-0.9988545179367065
1748623035.9919379,8.65817155822013,-0.9887096285820007
1748623036.06227,8.670858323287618,-0.9767444729804993
1748623036.1369443,8.686176841566898,-0.9670025110244751
1748623036.203731,8.700984115022496,-0.9544048309326172
1748623036.2715027,8.716474655127803,-0.9438279867172241
1748623036.3507178,8.73420190097937,-0.9327652454376221
1748623036.417929,8.749119666585077,-0.921751081943512
1748623036.4838862,8.761755191926767,-0.9124240875244141
1748623036.5352051,8.7721124929374,-0.9047406911849976
1748623036.5879629,8.782977109962216,-0.8967032432556152
1748623036.680213,8.805211960808752,-0.8781844973564148
1748623036.761707,8.82517321397655,-0.8654710054397583
1748623036.8477204,8.8403305836585,-0.8542335629463196
1748623036.9221714,8.855477155614118,-0.8429273366928101
1748623036.9906309,8.867834094782447,-0.8334450125694275
1748623037.0574834,8.880715603111861,-0.8239219784736633
1748623037.1276696,8.895853522706402,-0.8128231167793274
1748623037.2008798,8.908148485821696,-0.8030297160148621
1748623037.272387,8.9185308688273,-0.7943004965782166
1748623037.342685,8.933544209772904,-0.783765971660614
1748623037.4108112,8.94857959342687,-0.7715978622436523
1748623037.482134,8.961142075305933,-0.7618678212165833
1748623037.559943,8.978677200206041,-0.7513272166252136
1748623037.6281145,8.99144113306831,-0.7410493493080139
1748623037.6936507,9.004139753782365,-0.7322666049003601
1748623037.771865,9.019254151477528,-0.7227235436439514
1748623037.8480046,9.035330162483342,-0.7162322402000427
1748623037.9155028,9.048291618860516,-0.7084177732467651
1748623037.9892566,9.065263018951324,-0.7037401795387268
1748623038.0535514,9.079669613160538,-0.7021642327308655
1748623038.122123,9.098012513452508,-0.7112365365028381
1748623038.1922622,9.11839602884044,-0.7162492275238037
1748623038.2669728,9.137260578341948,-0.7046555280685425
1748623038.3372471,9.156788052606421,-0.705290675163269
1748623038.4129367,9.168306662464225,-0.6972292065620422
1748623038.4889207,9.185829305995904,-0.6704636812210083
1748623038.5595872,9.198604031995723,-0.6552327871322632
1748623038.6304827,9.211845772195174,-0.6435092687606812
1748623038.7002487,9.227276708734811,-0.6326248049736023
1748623038.769801,9.240087202853198,-0.6264980435371399
1748623038.8375375,9.252395225177066,-0.6141494512557983
1748623038.9024022,9.264080294969139,-0.6023135185241699
1748623038.978731,9.279244793837151,-0.5858339071273804
1748623039.0461113,9.294189362922058,-0.5745589137077332
1748623039.114165,9.306507026372138,-0.5615109801292419
1748623039.1806333,9.321438041243812,-0.546990156173706
1748623039.253336,9.33377321747187,-0.5369940400123596
1748623039.323264,9.343699803386011,-0.5251417756080627
1748623039.4011223,9.36120156592067,-0.5127718448638916
1748623039.4764771,9.37632286132864,-0.49844372272491455
1748623039.5483966,9.388846933179922,-0.4879118502140045
1748623039.6227088,9.403791968992127,-0.4743301570415497
1748623039.6982071,9.418689400356984,-0.46357548236846924
1748623039.7704647,9.432353359332733,-0.45157837867736816
1748623039.8284483,9.443572218563252,-0.4420492351055145
1748623039.8703904,9.446310230034834,-0.4370530843734741
1748623039.93836,9.466357574465091,-0.42386266589164734
1748623040.0119674,9.478805430704579,-0.413099080324173
1748623040.0872126,9.49381617510503,-0.4010930359363556
1748623040.1527135,9.506206577704964,-0.3896481394767761
1748623040.220139,9.516304621956339,-0.38048818707466125
1748623040.2959,9.53632636018536,-0.36644598841667175
1748623040.3749259,9.553928115410573,-0.35357508063316345
1748623040.4438996,9.566521627131005,-0.3428742289543152
1748623040.5215912,9.584117962183495,-0.33166223764419556
1748623040.5828497,9.596513967044402,-0.32319700717926025
1748623040.616436,9.604099197242009,-0.3177872598171234
1748623040.6498554,9.609525036976827,-0.31673482060432434
1748623040.6832569,9.614669838137662,-0.3158665597438812
1748623040.7169685,9.622326440117613,-0.3134247958660126
1748623040.750376,9.627435697444366,-0.3118641674518585
1748623040.783792,9.632545697790789,-0.3103771209716797
1748623040.817194,9.639963522074234,-0.3085513114929199
1748623040.850617,9.645061227019157,-0.30671054124832153
1748623040.8842697,9.647860554903922,-0.3042697608470917
1748623040.9178755,9.655516592674434,-0.3015012741088867
1748623040.951401,9.660640747010735,-0.30016055703163147
1748623040.9848077,9.668039789315683,-0.2983633279800415
1748623041.0182083,9.673134394563986,-0.29644960165023804
1748623041.0516465,9.678236198172593,-0.2947041690349579
1748623041.0851104,9.68358571863671,-0.29271361231803894
1748623041.1185668,9.686131622317935,-0.29171454906463623
1748623041.1557596,9.691479603388627,-0.2885722815990448
1748623041.1891654,9.699383579009336,-0.2858479619026184
1748623041.2225702,9.7042318772836,-0.2843572199344635
1748623041.256724,9.711637090550095,-0.28301742672920227
1748623041.2927275,9.71691505393455,-0.2800142467021942
1748623041.32616,9.719693889824669,-0.2774518132209778
1748623041.360453,9.724810334115656,-0.27577340602874756
1748623041.3979833,9.730169507822747,-0.27343958616256714
1748623041.4315426,9.736738456132175,-0.2708428204059601
1748623041.4657428,9.736738456132175,-0.26923102140426636
1748623041.5029688,9.742090791584706,-0.26700493693351746
1748623041.5383396,9.747193529379288,-0.2662293314933777
1748623041.573241,9.74973957885118,-0.26367148756980896
1748623041.6066527,9.755068383608943,-0.26110368967056274
1748623041.6411963,9.757355973775134,-0.2598261833190918
1748623041.682485,9.76221374861066,-0.2591691017150879
1748623041.7174463,9.764772164897735,-0.258226215839386
1748623041.75087,9.771633357175466,-0.25476697087287903
1748623041.7842686,9.780300652215118,-0.2509031891822815
1748623041.8187373,9.787913092088255,-0.24693498015403748
1748623041.8521898,9.795788763379583,-0.24281740188598633
1748623041.8881414,9.8008883994076,-0.24050529301166534
1748623041.9289017,9.805982280036634,-0.238139808177948
1748623041.96231,9.808528317908273,-0.2369583547115326
1748623041.9961917,9.813612322797143,-0.23315955698490143
1748623042.035174,9.824304455149308,-0.22810229659080505
1748623042.0685794,9.838797873971929,-0.2225566953420639
1748623042.1019893,9.844144415307998,-0.21854513883590698
1748623042.13684,9.851526211964785,-0.2168387472629547
1748623042.1723359,9.854579733032658,-0.21363985538482666
1748623042.2057467,9.866785304193153,-0.209884911775589
1748623042.2404516,9.869325109085946,-0.2072845846414566
1748623042.274121,9.88026210417636,-0.20237573981285095
1748623042.3094897,9.885353398858186,-0.20047539472579956
1748623042.348207,9.896053499667033,-0.1964230090379715
1748623042.3828034,9.899878535450991,-0.19433745741844177
1748623042.4162068,9.905224222525048,-0.19218674302101135
1748623042.4557111,9.914402248730724,-0.18943563103675842
1748623042.49238,9.920509638361134,-0.18623898923397064
1748623042.5325806,9.928890239378457,-0.18261314928531647
1748623042.5660186,9.940864533850865,-0.17869539558887482
1748623042.600267,9.94315161745426,-0.17763376235961914
1748623042.6352665,9.94315161745426,-0.17626303434371948
1748623042.6689708,9.950787063313907,-0.17396259307861328
1748623042.7042565,9.950787063313907,-0.17302872240543365
1748623042.7376587,9.958496812240556,-0.17136000096797943
1748623042.7710624,9.967301687816576,-0.16714723408222198
1748623042.8074865,9.969055870731623,-0.16643992066383362
1748623042.841058,9.973771531644836,-0.1656469702720642
1748623042.8754506,9.976385069188238,-0.16453014314174652
1748623042.9089143,9.977812171099274,-0.16373498737812042
1748623042.9423168,9.98027880293778,-0.16342325508594513
1748623042.9757478,9.981462083736613,-0.16261644661426544
1748623043.0093677,9.982638889312542,-0.16196630895137787
1748623043.0427735,9.987658051964246,-0.16079823672771454
1748623043.0863614,9.992591218317727,-0.15983271598815918
1748623043.1203508,9.993886539891337,-0.15955597162246704
1748623043.1680827,9.99614957074702,-0.1588825285434723
1748623043.2019782,9.998169983696187,-0.15811534225940704
1748623043.2546804,10.000212407916374,-0.1570330411195755
1748623043.2896552,10.007073024310289,-0.15556515753269196
1748623043.3230968,10.009839820736708,-0.15449291467666626
1748623043.356528,10.010793806349113,-0.1536528468132019
1748623043.3899279,10.01455450185945,-0.15340466797351837
1748623043.4234405,10.01636900254591,-0.1522682160139084
1748623043.460341,10.020562520110634,-0.15142221748828888
1748623043.495955,10.021537728025383,-0.15088441967964172
1748623043.5293632,10.026816711471112,-0.14962390065193176
1748623043.5641944,10.028700657696312,-0.1488446444272995
1748623043.5977416,10.033306655181718,-0.14789961278438568
1748623043.632326,10.037002564392107,-0.14716476202011108
1748623043.6667113,10.039213787844178,-0.14653098583221436
1748623043.7001226,10.042036644853967,-0.1457175761461258
1748623043.7335622,10.045805824062569,-0.14451377093791962
1748623043.7723558,10.048944582124182,-0.14404118061065674
1748623043.8062456,10.052539407659332,-0.14431054890155792
1748623043.8397515,10.054837231566042,-0.1435193568468094
1748623043.8731513,10.057258192934885,-0.14337609708309174
1748623043.908288,10.059906622739287,-0.14336541295051575
1748623043.942998,10.06378333071201,-0.14292103052139282
1748623043.9767728,10.064472645701041,-0.14283998310565948
1748623044.0126944,10.068019427908707,-0.14189541339874268
1748623044.0467906,10.070970364397102,-0.1436324417591095
1748623044.080776,10.071923429049418,-0.1441270262002945
1748623044.1142936,10.073320791638336,-0.14428965747356415
1748623044.1478832,10.075458342863456,-0.14524726569652557
1748623044.1814535,10.077519257124372,-0.1452467441558838
1748623044.214874,10.080162326034843,-0.1455141007900238
1748623044.2482824,10.083743309755874,-0.14673851430416107
1748623044.286072,10.08589863331393,-0.14679649472236633
1748623044.3194914,10.08791489449141,-0.1466587483882904
1748623044.3564117,10.090886215539017,-0.14683301746845245
1748623044.3913896,10.09282050197444,-0.1478366106748581
1748623044.4248488,10.094737967931584,-0.1485471874475479
1748623044.45881,10.096548158129009,-0.14810752868652344
1748623044.4922485,10.099776368144381,-0.1480831801891327
1748623044.5256536,10.101820857655637,-0.14781071245670319
1748623044.5590842,10.10410595329314,-0.1480635553598404
1748623044.596288,10.106808641275382,-0.14818042516708374
1748623044.6298442,10.108941166495823,-0.1485004723072052
1748623044.6689253,10.111676818617315,-0.14794619381427765
1748623044.702331,10.112391581762035,-0.14735473692417145
1748623044.7362812,10.115577929756858,-0.1472727507352829
1748623044.77229,10.117400324333143,-0.1472083181142807
1748623044.805692,10.11863845497259,-0.14783135056495667
1748623044.8395119,10.121570085061142,-0.1479404717683792
1748623044.8729186,10.124040143934227,-0.14903372526168823
1748623044.9101722,10.126949370558545,-0.14921069145202637
1748623044.9436684,10.129045457499133,-0.14952042698860168
1748623044.9772885,10.129919537559038,-0.14929813146591187
1748623045.0132904,10.132345090336827,-0.1503555178642273
1748623045.0468535,10.133778418106802,-0.1501108855009079
1748623045.0803819,10.136684722096517,-0.14913444221019745
1748623045.1137643,10.13805708842172,-0.1500343382358551
1748623045.147649,10.140377746832616,-0.15062853693962097
1748623045.1929498,10.142211666335825,-0.1508563756942749
1748623045.2263565,10.144405482052251,-0.15130241215229034
1748623045.2621434,10.147095366152678,-0.151031956076622
1748623045.295534,10.148596023371752,-0.15115642547607422
1748623045.3289406,10.150229165561822,-0.1511915624141693
1748623045.3623488,10.152605333489063,-0.1507377028465271
1748623045.396047,10.153258697654612,-0.15051616728305817
1748623045.4294581,10.154607284250677,-0.14925523102283478
1748623045.4628606,10.156390229547434,-0.14945024251937866
1748623045.50031,10.15763426812786,-0.15048041939735413
1748623045.5343328,10.15944895180336,-0.14975930750370026
1748623045.5705826,10.160310716256562,-0.14942680299282074
1748623045.6046672,10.161392768698246,-0.14971360564231873
1748623045.64046,10.16375564504064,-0.14888474345207214
1748623045.674466,10.164473709218587,-0.14869263768196106
1748623045.7084,10.166142269357048,-0.14902979135513306
1748623045.7418153,10.167330532540724,-0.14834623038768768
1748623045.7752318,10.168557397715405,-0.14865541458129883
1748623045.808667,10.169842949210189,-0.14902403950691223
1748623045.8430037,10.171403448543346,-0.14920417964458466
1748623045.876418,10.17200512022507,-0.14926786720752716
1748623045.9160647,10.173245307558107,-0.14869976043701172
1748623045.9495769,10.174949148517946,-0.14889401197433472
1748623045.9833167,10.175518844070323,-0.14877521991729736
1748623046.0228221,10.17663041795777,-0.14856253564357758
1748623046.056294,10.17821138724974,-0.14850759506225586
1748623046.089772,10.17869594514582,-0.1482641100883484
1748623046.124311,10.180397058546944,-0.14756865799427032
1748623046.1577148,10.181366216351359,-0.14765557646751404
1748623046.194819,10.182973357732775,-0.14731021225452423
1748623046.2282174,10.18398053039812,-0.14719806611537933
1748623046.2642784,10.185012137381872,-0.147396981716156
1748623046.2977018,10.185451268110908,-0.14791038632392883
1748623046.337359,10.186079102325218,-0.1475277692079544
1748623046.3722641,10.186869842727157,-0.14722664654254913
1748623046.4086158,10.187915082357225,-0.1473957747220993
1748623046.4443266,10.188996399835895,-0.14758168160915375
1748623046.4845536,10.190560319458886,-0.14749877154827118
1748623046.517957,10.191262546090082,-0.14671048521995544
1748623046.5562768,10.192258239864875,-0.14645400643348694
1748623046.5926523,10.193281047961586,-0.14726465940475464
1748623046.628303,10.193770093283185,-0.14703862369060516
1748623046.6618216,10.19481328229874,-0.1470397710800171
1748623046.7002876,10.19578716780635,-0.14709006249904633
1748623046.7362847,10.196792171213854,-0.1466902792453766
1748623046.7696996,10.197202787386392,-0.14662453532218933
1748623046.8053117,10.197202787386392,-0.14704276621341705
1748623046.8403513,10.197881028750944,-0.1471989005804062
1748623046.8739026,10.199544831132851,-0.1471940577030182
1748623046.9073088,10.200449930229272,-0.14776760339736938
1748623046.9407074,10.20087640329284,-0.1475532203912735
1748623046.9741056,10.202372144853424,-0.1478528380393982
1748623047.0075126,10.203315561048106,-0.1475253850221634
1748623047.0408967,10.204268979477293,-0.1476731300354004
1748623047.0762663,10.205186663798575,-0.14776605367660522
1748623047.1097646,10.206054901036808,-0.14719955623149872
1748623047.1432335,10.206960018980093,-0.14735698699951172
1748623047.1767507,10.20741065034888,-0.14721281826496124
1748623047.2102084,10.208712723852292,-0.1463790386915207
1748623047.2437909,10.208712723852292,-0.14645422995090485
1748623047.27719,10.209870841361157,-0.1465633064508438
1748623047.3106303,10.210679166889141,-0.14636534452438354
1748623047.344311,10.211753402438973,-0.14620116353034973
1748623047.3802571,10.212838691044185,-0.14617152512073517
1748623047.4149635,10.213874791048772,-0.14638403058052063
1748623047.4483564,10.214550924784616,-0.14639519155025482
1748623047.4842525,10.215519678147201,-0.14629106223583221
1748623047.5282512,10.21681402597869,-0.1462685912847519
1748623047.5682454,10.217786687322038,-0.14616599678993225
1748623047.6042502,10.218065437118964,-0.14611725509166718
1748623047.640242,10.219036061396105,-0.1463504433631897
1748623047.6736634,10.219320050546012,-0.14657379686832428
1748623047.7071042,10.219320050546012,-0.14678001403808594
1748623047.740512,10.219958422281435,-0.14686618745326996
1748623047.7740986,10.221514633748109,-0.14672432839870453
1748623047.8084054,10.221886658648248,-0.14624302089214325
1748623047.8442714,10.222473545450724,-0.14637674391269684
1748623047.8809683,10.224019891198767,-0.14670687913894653
1748623047.9144876,10.224246888684359,-0.1463335156440735
1748623047.947891,10.225612398384577,-0.14601737260818481
1748623047.9812946,10.226395398073084,-0.14645250141620636
1748623048.0150776,10.227211060215591,-0.1463260054588318
1748623048.048486,10.228014035436308,-0.14630429446697235
1748623048.0819354,10.228628947418224,-0.14619526267051697
1748623048.3976805,10.22931772356451,-0.14612248539924622
1748623048.431533,10.230485061154022,-0.14680072665214539
1748623048.4653585,10.23406600305975,-0.14390847086906433
1748623048.4996674,10.237221103282092,-0.1409538835287094
1748623048.533165,10.24254278088552,-0.13491198420524597
1748623048.575599,10.249390209071398,-0.12925203144550323
1748623048.6217992,10.258538862374428,-0.12466482818126678
1748623048.6625702,10.268090114058234,-0.11861994862556458
1748623048.7091875,10.28064322275787,-0.10343745350837708
1748623048.7785196,10.303102043243607,-0.09282058477401733
1748623048.843009,10.317462695293676,-0.08131708949804306
1748623048.9002776,10.333090591759914,-0.07146146148443222
1748623048.9457178,10.34550165473448,-0.06240564212203026
1748623048.9830816,10.353162561159508,-0.0574788823723793
1748623049.0394676,10.366139568498573,-0.04850979894399643
1748623049.0901978,10.37635845555031,-0.041543807834386826
1748623049.132544,10.381458713067449,-0.034512653946876526
1748623049.1838002,10.39686287321677,-0.02789013832807541
1748623049.225618,10.406879450693399,-0.02133939415216446
1748623049.2691529,10.417438540621633,-0.014302090741693974
1748623049.313183,10.430306779325972,-0.00553455576300621
1748623049.3547978,10.440345110772864,0.0013503271620720625
1748623049.4043846,10.448328408830703,0.008576326072216034
1748623049.4549594,10.463524658045184,0.01723078079521656
1748623049.5254147,10.481554827257465,0.02957942895591259
1748623049.568372,10.48928182917866,0.037162866443395615
1748623049.6074631,10.499583236316735,0.04192853718996048
1748623049.6572905,10.51529253250018,0.052691251039505005
1748623049.7319138,10.535390871330492,0.06628871709108353
1748623049.798673,10.553575356318882,0.08029767125844955
1748623049.8321984,10.558688880872625,0.08880927413702011
1748623049.8657181,10.571378913397345,0.08956287056207657
1748623049.899189,10.576494547696903,0.088407963514328
1748623049.9325924,10.583971969355233,0.08829251676797867
1748623049.966006,10.586563823753934,0.08761130273342133
1748623049.9994104,10.596964097188694,0.08668997138738632
1748623050.0328345,10.602426552399345,0.08628925681114197
1748623050.0669637,10.610227849685744,0.08551818877458572
1748623050.100814,10.620620688005765,0.08407977968454361
1748623050.1345086,10.628416832921536,0.08292029052972794
1748623050.1682475,10.638815388941287,0.08179349452257156
1748623050.202412,10.64635191551772,0.08083859086036682
1748623050.2362485,10.65440874837148,0.07990570366382599
1748623050.2697933,10.662204549218025,0.07896669209003448
1748623050.3032448,10.670000945183567,0.07803897559642792
1748623050.3367944,10.677796878049952,0.07711116969585419
1748623050.3703046,10.685592865656165,0.07618030905723572
1748623050.4037056,10.690789650188774,0.07556196302175522
1748623050.4371808,10.698585428216376,0.07463247328996658
1748623050.4705982,10.706380786924466,0.0737033411860466
1748623050.5040329,10.714175749743616,0.07277437299489975
1748623050.537433,10.721970782393672,0.07184519618749619
1748623050.5708628,10.72976543260222,0.07091621309518814
1748623050.6044042,10.734962947704695,0.06988897174596786
1748623050.6378062,10.742766466785847,0.06967262923717499
1748623050.6711967,10.750571720004238,0.06882357597351074
1748623050.7045977,10.755771392470317,0.06711095571517944
1748623050.7379625,10.763573472047392,0.06661203503608704
1748623050.7718663,10.771374650606628,0.06627754867076874
1748623050.8052664,10.779167546764516,0.06526011228561401
1748623050.8386705,10.786964735912601,0.06443372368812561
1748623050.8720958,10.797359002262281,0.06323548406362534
1748623050.9055018,10.805155713849793,0.062371354550123215
1748623050.938965,10.810352965933898,0.06149160861968994
1748623050.973595,10.818149053622507,0.06090012192726135
1748623051.0070148,10.826205428234026,0.059732869267463684
1748623051.0404172,10.833741340685796,0.05914466455578804
1748623051.0738237,10.841537044128769,0.058002401143312454
1748623051.1078858,10.84907528285162,0.05702270567417145
1748623051.1413248,10.856880990210302,0.05661245062947273
1748623051.1752644,10.86494854113774,0.056699272245168686
1748623051.2086682,10.870147886451067,0.05624209716916084
1748623051.242159,10.877951708865234,0.05576857551932335
1748623051.2755613,10.885488736909164,0.05620561167597771
1748623051.3091388,10.893546193113584,0.05651191249489784
1748623051.3425398,10.901374270207388,0.056252866983413696
1748623051.37595,10.909179621920543,0.05657629668712616
1748623051.4094036,10.9170065468892,0.05744088441133499
1748623051.443053,10.924860315097154,0.05690781772136688
1748623051.4764528,10.929848432713683,0.05755356699228287
1748623051.5099328,10.937726235317257,0.0571245439350605
1748623051.5437365,10.945813559129807,0.056976452469825745
1748623051.577264,10.95336776193952,0.05765049159526825
1748623051.610708,10.961964153147006,0.057757798582315445
1748623051.6441057,10.971861683756822,0.05748855695128441
1748623051.677507,10.979668090020862,0.05706705525517464
1748623051.7109337,10.98747849882136,0.05796606466174126
1748623051.7444072,10.995559825493531,0.057623352855443954
1748623051.777812,11.00310792099893,0.0588148795068264
1748623051.811316,11.010658881478314,0.058916233479976654
1748623051.8450444,11.018726584839317,0.05806494504213333
1748623051.8784554,11.026516936811944,0.05715584754943848
1748623051.9118688,11.03429792776518,0.05923786014318466
1748623051.945272,11.03950405145659,0.05851713567972183
1748623051.9786339,11.049913931057043,0.059342674911022186
1748623052.0120482,11.052498252171127,0.058340299874544144
1748623052.0454683,11.063280712208513,0.057460639625787735
1748623052.0788732,11.070896819264215,0.05685633048415184
1748623052.112533,11.078730217892039,0.05795108526945114
1748623052.145932,11.086539717784126,0.05833049863576889
1748623052.1794002,11.094085645074069,0.058740776032209396
1748623052.2128103,11.101891706645326,0.05804148316383362
1748623052.2462187,11.109932535014325,0.0588480569422245
1748623052.2796867,11.115124131338822,0.05935506522655487
1748623052.3131318,11.122644911141345,0.060131996870040894
1748623052.3465295,11.130403187674563,0.062243275344371796
1748623052.3802998,11.138160158631695,0.061669304966926575
1748623052.4137828,11.14334135988522,0.0614180751144886
1748623052.447252,11.151387076057684,0.06166016682982445
1748623052.4807343,11.15917226456437,0.06164358928799629
1748623052.5141978,11.164372441415258,0.06093496456742287
1748623052.5475993,11.169587081295223,0.06151283532381058
1748623052.5812025,11.174827468840048,0.061898671090602875
1748623052.635162,11.187902892648061,0.06048031523823738
1748623052.6788669,11.198058049577739,0.05877521261572838
1748623052.7123315,11.205178425372868,0.05962793901562691
1748623052.746176,11.210724333577605,0.058869894593954086
1748623052.7808864,11.215091953464826,0.05666540935635567
1748623052.8143208,11.218997206602518,0.05694034323096275
1748623052.8479474,11.221378798080615,0.05644330754876137
1748623052.8813443,11.224698597632337,0.05510387197136879
1748623052.9155462,11.228190276992565,0.05581309273838997
1748623052.9489515,11.23156750910464,0.05566670000553131
1748623052.9830172,11.235754689359357,0.05490494146943092
1748623053.016889,11.237894925076585,0.05440254136919975
1748623053.050308,11.241123580705667,0.05404625087976456
1748623053.083707,11.244431158705531,0.053380321711301804
1748623053.1172116,11.247500718420447,0.05225015804171562
1748623053.1506093,11.250591671888722,0.051854684948921204
1748623053.1840625,11.253901887367517,0.05134604871273041
1748623053.2175245,11.257096206806082,0.051131684333086014
1748623053.2509253,11.260293355561272,0.05050504952669144
1748623053.2844331,11.263525373795568,0.05034913495182991
1748623053.3183815,11.266730709533286,0.04920131713151932
1748623053.3517988,11.269938018414349,0.047975316643714905
1748623053.385248,11.273048388736497,0.04707501828670502
1748623053.41865,11.275276153158824,0.047018833458423615
1748623053.4520516,11.27799319842966,0.046669851988554
1748623053.4856222,11.279571441156353,0.045322638005018234
1748623053.5190587,11.281815649634456,0.04551555961370468
1748623053.5524611,11.283848357581956,0.04559755697846413
1748623053.5859263,11.28509816506511,0.04407944530248642
1748623053.619442,11.287528958389434,0.04348227381706238
1748623053.652967,11.288811361157965,0.04285517707467079
1748623053.6863499,11.291296162601402,0.042644355446100235
1748623053.719908,11.292943715697513,0.04141634330153465
1748623053.7533135,11.294828392195718,0.041434355080127716
1748623053.786762,11.296049713590701,0.04077688604593277
1748623053.8201637,11.298824081768089,0.040242791175842285
1748623053.8536701,11.30047241195799,0.0390298031270504
1748623053.91142,11.301583687696308,0.0389154814183712
1748623053.945518,11.304808113428514,0.03850315138697624
1748623053.978957,11.306407183723936,0.03764885663986206
1748623054.0123553,11.307481824289034,0.03765156865119934
1748623054.0457716,11.30902698834637,0.036628346890211105
1748623054.0791748,11.310566009774837,0.036816537380218506
1748623054.1125817,11.312010388334757,0.03603329509496689
1748623054.1461525,11.3140259535634,0.03549220412969589
1748623054.1795523,11.315470021535905,0.03564755246043205
1748623054.2129555,11.316868241579096,0.03507024794816971
1748623054.2463849,11.317778358778995,0.034706633538007736
1748623054.2797885,11.319084685343775,0.03472074493765831
1748623054.3131943,11.32043659971022,0.034223735332489014
1748623054.3465934,11.32170210765551,0.033607009798288345
1748623054.380345,11.323021472246563,0.03396318480372429
1748623054.4137535,11.323873255160017,0.033836547285318375
1748623054.4472837,11.325233836122122,0.033185701817274094
1748623054.480685,11.326442621349253,0.03336556628346443
1748623054.5142632,11.327197131729498,0.03237619996070862
1748623054.547725,11.328440773150035,0.032567959278821945
1748623054.5811598,11.329707982291469,0.031703803688287735
1748623054.6145597,11.330541664667503,0.03144819289445877
1748623054.6479633,11.331810567443577,0.03205161169171333
1748623054.681371,11.332975991681815,0.03186548128724098
1748623054.7147787,11.334118548366149,0.0318855419754982
1748623054.7481527,11.335238757720719,0.030754826962947845
1748623054.7852645,11.33596771795165,0.03092331625521183
1748623054.81866,11.337132440025226,0.030473824590444565
1748623054.8520627,11.338643468347982,0.031052125617861748
1748623054.8857567,11.339036615967196,0.03086419403553009
1748623054.9191759,11.340225895763492,0.03004314750432968
1748623054.9525733,11.341837074448542,0.029622867703437805
1748623054.9862556,11.3424709716302,0.030098527669906616
1748623055.0196695,11.343178281413909,0.030098527669906616
1748623055.0530734,11.343178281413909,0.030098527669906616
1748623055.0864825,11.343178281413909,0.030098527669906616
1748623055.1198947,11.343178281413909,0.030098527669906616
1748623055.1533513,11.343178281413909,0.030098527669906616
1748623055.1868124,11.343178281413909,0.030098527669906616
1748623055.220228,11.343178281413909,0.030098527669906616
1748623055.2537403,11.343178281413909,0.030098527669906616
1748623055.287156,11.343178281413909,0.030098527669906616
1748623055.3205652,11.343178281413909,0.030098527669906616
1748623055.3539703,11.343178281413909,0.030098527669906616
1748623055.387435,11.343178281413909,0.030098527669906616
1748623055.4208953,11.343178281413909,0.030098527669906616
1748623055.454304,11.343178281413909,0.030098527669906616
1748623055.4877174,11.343178281413909,0.030098527669906616
1748623055.5211797,11.343178281413909,0.030098527669906616
1748623055.554721,11.343178281413909,0.030098527669906616
1748623055.58813,11.343178281413909,0.030098527669906616
1748623055.6215694,11.343178281413909,0.030098527669906616
1748623055.654977,11.343178281413909,0.030098527669906616
1748623055.6884968,11.343178281413909,0.030098527669906616
1748623055.7227602,11.343178281413909,0.030098527669906616
1748623055.756177,11.343178281413909,0.030098527669906616
1748623055.7898932,11.343178281413909,0.030098527669906616
1748623055.8233016,11.343178281413909,0.030098527669906616
1748623055.8567066,11.343178281413909,0.030098527669906616
1748623055.8901167,11.343178281413909,0.030098527669906616
1748623055.9235306,11.343178281413909,0.030098527669906616
1748623055.9569452,11.343178281413909,0.030098527669906616
1748623055.9903123,11.343178281413909,0.030098527669906616
1748623056.023718,11.343178281413909,0.030098527669906616
1748623056.0573053,11.343178281413909,0.030098527669906616
1748623056.0906858,11.343178281413909,0.030098527669906616
1748623056.1241114,11.343178281413909,0.030098527669906616
1748623056.1575818,11.343178281413909,0.030098527669906616
1748623056.190999,11.343178281413909,0.030098527669906616
1748623056.2244503,11.343178281413909,0.030098527669906616
1748623056.2579124,11.343178281413909,0.030098527669906616
1748623056.2915018,11.343178281413909,0.030098527669906616
1748623056.3249214,11.343178281413909,0.030098527669906616
1748623056.3583343,11.343178281413909,0.030098527669906616
1748623056.3917487,11.343178281413909,0.030098527669906616
1748623056.4252453,11.343178281413909,0.030098527669906616
1748623056.458918,11.343178281413909,0.030098527669906616
1748623056.4923477,11.343178281413909,0.030098527669906616
1748623056.525759,11.343178281413909,0.030098527669906616
1748623056.5591743,11.343178281413909,0.030098527669906616
1748623056.5925858,11.343178281413909,0.030098527669906616
1748623056.6333106,11.343178281413909,0.030098527669906616
1748623056.6667452,11.343178281413909,0.030098527669906616
1748623056.700186,11.343178281413909,0.030098527669906616
1748623056.733579,11.343178281413909,0.030098527669906616
1748623056.7670014,11.343178281413909,0.030098527669906616
1748623056.800431,11.343178281413909,0.030098527669906616
1748623056.833843,11.343178281413909,0.030098527669906616
1748623056.8672674,11.343178281413909,0.030098527669906616
1748623056.9006855,11.343178281413909,0.030098527669906616
1748623056.9341085,11.343178281413909,0.030098527669906616
1748623056.967572,11.343178281413909,0.030098527669906616
1748623057.0010056,11.343178281413909,0.030098527669906616
1748623057.0344753,11.343178281413909,0.030098527669906616
1748623057.0678873,11.343178281413909,0.030098527669906616
1748623057.1012971,11.343178281413909,0.030098527669906616
1748623057.1362858,11.343178281413909,0.030098527669906616
1748623057.1697397,11.343178281413909,0.030098527669906616
1748623057.2031574,11.343178281413909,0.030098527669906616
1748623057.236528,11.343178281413909,0.030098527669906616
1748623057.2700684,11.343178281413909,0.030098527669906616
1748623057.3034852,11.343178281413909,0.030098527669906616
1748623057.3369396,11.343178281413909,0.030098527669906616
1748623057.3703475,11.343178281413909,0.030098527669906616
1748623057.403832,11.343178281413909,0.030098527669906616
1748623057.4373934,11.343178281413909,0.030098527669906616
1748623057.4714265,11.343178281413909,0.030098527669906616
1748623057.5048344,11.343178281413909,0.030098527669906616
1748623057.5384371,11.343178281413909,0.030098527669906616
1748623057.5718803,11.343178281413909,0.030098527669906616
1748623057.605293,11.343178281413909,0.030098527669906616
1748623057.6391695,11.343178281413909,0.030098527669906616
1748623057.6728003,11.343178281413909,0.030098527669906616
1748623057.7062263,11.343178281413909,0.030098527669906616
1748623057.7396934,11.343178281413909,0.030098527669906616
1748623057.7730992,11.343178281413909,0.030098527669906616
1748623057.8066294,11.343178281413909,0.030098527669906616
1748623057.8400235,11.343178281413909,0.030098527669906616
1748623057.8734562,11.343178281413909,0.030098527669906616
1748623057.9069347,11.343178281413909,0.030098527669906616
1748623057.9403858,11.343178281413909,0.030098527669906616
1748623057.9738002,11.343178281413909,0.030098527669906616
1748623058.0072067,11.343178281413909,0.030098527669906616
1748623058.0406213,11.343178281413909,0.030098527669906616
1748623058.074028,11.343178281413909,0.030098527669906616
1748623058.1075184,11.343178281413909,0.030098527669906616
1748623058.1409433,11.343178281413909,0.030098527669906616
1748623058.1743135,11.343178281413909,0.030098527669906616
1748623058.2077272,11.343178281413909,0.030098527669906616
1748623058.2411404,11.343178281413909,0.030098527669906616
1748623058.274755,11.343178281413909,0.030098527669906616
1748623058.3081799,11.343178281413909,0.030098527669906616
1748623058.341628,11.343178281413909,0.030098527669906616
1748623058.3750648,11.343178281413909,0.030098527669906616
1748623058.408426,11.343178281413909,0.030098527669906616
1748623058.441974,11.343178281413909,0.030098527669906616
1748623058.4754026,11.343178281413909,0.030098527669906616
1748623058.5087962,11.343178281413909,0.030098527669906616
1748623058.5422673,11.343178281413909,0.030098527669906616
1748623058.575674,11.343178281413909,0.030098527669906616
1748623058.6091204,11.343178281413909,0.030098527669906616
1748623058.6425285,11.343178281413909,0.030098527669906616
1748623058.6763425,11.343178281413909,0.030098527669906616
1748623058.7097561,11.343178281413909,0.030098527669906616
1748623058.7431982,11.343178281413909,0.030098527669906616
1748623058.7766397,11.343178281413909,0.030098527669906616
1748623058.8100536,11.343178281413909,0.030098527669906616
1748623058.84345,11.343178281413909,0.030098527669906616
1748623058.8768737,11.343178281413909,0.030098527669906616
1748623058.9102845,11.343178281413909,0.030098527669906616
1748623058.9436944,11.343178281413909,0.030098527669906616
1748623058.977105,11.343178281413909,0.030098527669906616
1748623059.0105197,11.343178281413909,0.030098527669906616
1748623059.0439465,11.343178281413909,0.030098527669906616
1748623059.077367,11.343178281413909,0.030098527669906616
1748623059.1107852,11.343178281413909,0.030098527669906616
1748623059.1442297,11.343178281413909,0.030098527669906616
1748623059.1776452,11.343178281413909,0.030098527669906616
1748623059.211093,11.343178281413909,0.030098527669906616
1748623059.2445107,11.343178281413909,0.030098527669906616
1748623059.2779481,11.343178281413909,0.030098527669906616
1748623059.311388,11.343178281413909,0.030098527669906616
1748623059.3448029,11.343178281413909,0.030098527669906616
1748623059.3782165,11.343178281413909,0.030098527669906616
1748623059.4116907,11.343178281413909,0.030098527669906616
1748623059.4452136,11.343178281413909,0.030098527669906616
1748623059.4786325,11.343178281413909,0.030098527669906616
1748623059.5120618,11.343178281413909,0.030098527669906616
1748623059.545461,11.343178281413909,0.030098527669906616
1748623059.57885,11.343178281413909,0.030098527669906616
1748623059.6122534,11.343178281413909,0.030098527669906616
1748623059.645664,11.343178281413909,0.030098527669906616
1748623059.6791208,11.343178281413909,0.030098527669906616
1748623059.7125282,11.343178281413909,0.030098527669906616
1748623059.7459817,11.343178281413909,0.030098527669906616
1748623059.7793896,11.343178281413909,0.030098527669906616
1748623059.8129196,11.343178281413909,0.030098527669906616
1748623059.8463666,11.343178281413909,0.030098527669906616
1748623059.8797207,11.343178281413909,0.030098527669906616
1748623059.9131744,11.343178281413909,0.030098527669906616
1748623059.9465997,11.343178281413909,0.030098527669906616
1748623059.9800563,11.343178281413909,0.030098527669906616
1748623060.0134943,11.343178281413909,0.030098527669906616
1748623060.0469031,11.343178281413909,0.030098527669906616
1748623060.080351,11.343178281413909,0.030098527669906616
1748623060.1138775,11.343178281413909,0.030098527669906616
1748623060.1474385,11.343178281413909,0.030098527669906616
1748623060.180825,11.343178281413909,0.030098527669906616
1748623060.2143881,11.343178281413909,0.030098527669906616
1748623060.2477932,11.343178281413909,0.030098527669906616
1748623060.2812212,11.343178281413909,0.030098527669906616
1748623060.31463,11.343178281413909,0.030098527669906616
1748623060.3481011,11.343178281413909,0.030098527669906616
1748623060.3815396,11.343178281413909,0.030098527669906616
1748623060.414965,11.343178281413909,0.030098527669906616
1748623060.4483914,11.343178281413909,0.030098527669906616
1748623060.4817836,11.343178281413909,0.030098527669906616
1748623060.5152185,11.343178281413909,0.030098527669906616
1748623060.548634,11.343178281413909,0.030098527669906616
1748623060.58205,11.343178281413909,0.030098527669906616
1748623060.6154597,11.343178281413909,0.030098527669906616
1748623060.6490734,11.343178281413909,0.030098527669906616
1748623060.682565,11.343178281413909,0.030098527669906616
1748623060.7160256,11.343178281413909,0.030098527669906616
1748623060.7496881,11.343178281413909,0.030098527669906616
1748623060.7830958,11.343178281413909,0.030098527669906616
1748623060.8165627,11.343178281413909,0.030098527669906616
1748623060.8499796,11.343178281413909,0.030098527669906616
1748623060.8834374,11.343178281413909,0.030098527669906616
1748623060.9168894,11.343178281413909,0.030098527669906616
1748623060.9503844,11.343178281413909,0.030098527669906616
1748623060.9839375,11.343178281413909,0.030098527669906616
1748623061.017276,11.343178281413909,0.030098527669906616
1748623061.050737,11.343178281413909,0.030098527669906616
1748623061.084191,11.343178281413909,0.030098527669906616
1748623061.1176038,11.343178281413909,0.030098527669906616
1748623061.1511757,11.343178281413909,0.030098527669906616
1748623061.18458,11.343178281413909,0.030098527669906616
1748623061.218004,11.343178281413909,0.030098527669906616
1748623061.2514625,11.343178281413909,0.030098527669906616
1748623061.2848995,11.343178281413909,0.030098527669906616
1748623061.3183458,11.343178281413909,0.030098527669906616
1748623061.3517604,11.343178281413909,0.030098527669906616
1748623061.3852043,11.343178281413909,0.030098527669906616
1748623061.418717,11.343178281413909,0.030098527669906616
1748623061.452198,11.343178281413909,0.030098527669906616
1748623061.4856803,11.343178281413909,0.030098527669906616
1748623061.519097,11.343178281413909,0.030098527669906616
1748623061.5527496,11.343178281413909,0.030098527669906616
1748623061.5863032,11.343178281413909,0.030098527669906616
1748623061.6197526,11.343178281413909,0.030098527669906616
1748623061.6532016,11.343178281413909,0.030098527669906616
1748623061.686835,11.343178281413909,0.030098527669906616
1748623061.720261,11.343178281413909,0.030098527669906616
1748623061.7537105,11.343178281413909,0.030098527669906616
1748623061.787127,11.343178281413909,0.030098527669906616
1748623061.82054,11.343178281413909,0.030098527669906616
1748623061.853969,11.343178281413909,0.030098527669906616
1748623061.887385,11.343178281413909,0.030098527669906616
1748623061.9214845,11.343178281413909,0.030098527669906616
1748623061.9549143,11.343178281413909,0.030098527669906616
1748623061.9884202,11.343178281413909,0.030098527669906616
1748623062.0224779,11.343178281413909,0.030098527669906616
1748623062.0558858,11.343178281413909,0.030098527669906616
1748623062.089301,11.343178281413909,0.030098527669906616
1748623062.1227248,11.343178281413909,0.030098527669906616
1748623062.1561444,11.343178281413909,0.030098527669906616
1748623062.1895761,11.343178281413909,0.030098527669906616
1748623062.2229924,11.343178281413909,0.030098527669906616
1748623062.2564025,11.343178281413909,0.030098527669906616
1748623062.2899246,11.343178281413909,0.030098527669906616
1748623062.3233852,11.343178281413909,0.030098527669906616
1748623062.3573797,11.343178281413909,0.030098527669906616
1748623062.3907557,11.343178281413909,0.030098527669906616
1748623062.4241714,11.343178281413909,0.030098527669906616
1748623062.4577029,11.343178281413909,0.030098527669906616
1748623062.4911208,11.343178281413909,0.030098527669906616
1748623062.524602,11.343178281413909,0.030098527669906616
1748623062.5580099,11.343178281413909,0.030098527669906616
1748623062.5915222,11.343178281413909,0.030098527669906616
1748623062.6249518,11.343178281413909,0.030098527669906616
1748623062.658356,11.343178281413909,0.030098527669906616
1748623062.691769,11.343178281413909,0.030098527669906616
1748623062.7252514,11.343178281413909,0.030098527669906616
1748623062.758664,11.343178281413909,0.030098527669906616
1748623062.792199,11.343178281413909,0.030098527669906616
1748623062.8256521,11.343178281413909,0.030098527669906616
1748623062.8591483,11.343178281413909,0.030098527669906616
1748623062.892833,11.343178281413909,0.030098527669906616
1748623062.9263194,11.343178281413909,0.030098527669906616
1748623062.959718,11.343178281413909,0.030098527669906616
1748623062.993178,11.343178281413909,0.030098527669906616
1748623063.0265977,11.343178281413909,0.030098527669906616
1748623063.0600324,11.343178281413909,0.030098527669906616
1748623063.0936217,11.343178281413909,0.030098527669906616
1748623063.1271431,11.343178281413909,0.030098527669906616
1748623063.1605568,11.343178281413909,0.030098527669906616
1748623063.1939697,11.343178281413909,0.030098527669906616
1748623063.227378,11.343178281413909,0.030098527669906616
1748623063.2607937,11.343178281413909,0.030098527669906616
1748623063.294213,11.343178281413909,0.030098527669906616
1748623063.327638,11.343178281413909,0.030098527669906616
1748623063.3612547,11.343178281413909,0.030098527669906616
1748623063.3946688,11.343178281413909,0.030098527669906616
1748623063.4280927,11.343178281413909,0.030098527669906616
1748623063.461503,11.343178281413909,0.030098527669906616
1748623063.4949152,11.343178281413909,0.030098527669906616
1748623063.5285738,11.343178281413909,0.030098527669906616
1748623063.5620172,11.343178281413909,0.030098527669906616
1748623063.5954313,11.343178281413909,0.030098527669906616
1748623063.6288362,11.343178281413909,0.030098527669906616
1748623063.6622624,11.343178281413909,0.030098527669906616
1748623063.6956682,11.343178281413909,0.030098527669906616
1748623063.7290304,11.343178281413909,0.030098527669906616
1748623063.7625213,11.343178281413909,0.030098527669906616
1748623063.795937,11.343178281413909,0.030098527669906616
1748623063.8293555,11.343178281413909,0.030098527669906616
1748623063.862867,11.343178281413909,0.030098527669906616
1748623063.8962617,11.343178281413909,0.030098527669906616
1748623063.929709,11.343178281413909,0.030098527669906616
1748623063.9631162,11.343178281413909,0.030098527669906616
1748623063.996528,11.343178281413909,0.030098527669906616
1748623064.029941,11.343178281413909,0.030098527669906616
1748623064.063454,11.343178281413909,0.030098527669906616
1748623064.0968647,11.343178281413909,0.030098527669906616
1748623064.1302836,11.343178281413909,0.030098527669906616
1748623064.1637025,11.343178281413909,0.030098527669906616
1748623064.1971798,11.343178281413909,0.030098527669906616
1748623064.230604,11.343178281413909,0.030098527669906616
1748623064.26404,11.343178281413909,0.030098527669906616
1748623064.2974966,11.343178281413909,0.030098527669906616
1748623064.3309581,11.343178281413909,0.030098527669906616
1748623064.3643656,11.343178281413909,0.030098527669906616
1748623064.3980415,11.343178281413909,0.030098527669906616
1748623064.431534,11.343178281413909,0.030098527669906616
1748623064.4649553,11.343178281413909,0.030098527669906616
1748623064.4983704,11.343178281413909,0.030098527669906616
1748623064.5318646,11.343178281413909,0.030098527669906616
1748623064.5652864,11.343178281413909,0.030098527669906616
1748623064.5989513,11.343178281413909,0.030098527669906616
1748623064.6323216,11.343178281413909,0.030098527669906616
1748623064.6658227,11.343178281413909,0.030098527669906616
1748623064.6992633,11.343178281413909,0.030098527669906616
1748623064.7335377,11.343178281413909,0.030098527669906616
1748623064.766964,11.343178281413909,0.030098527669906616
1748623064.8003788,11.343178281413909,0.030098527669906616
1748623064.8338041,11.343178281413909,0.030098527669906616
1748623064.867236,11.343178281413909,0.030098527669906616
1748623064.9006937,11.343178281413909,0.030098527669906616
1748623064.9341202,11.343178281413909,0.030098527669906616
1748623064.9675984,11.343178281413909,0.030098527669906616
1748623065.0010388,11.343178281413909,0.030098527669906616
1748623065.0344534,11.343178281413909,0.030098527669906616
1748623065.0678596,11.343178281413909,0.030098527669906616
1748623065.1013262,11.343178281413909,0.030098527669906616
1748623065.134857,11.343178281413909,0.030098527669906616
1748623065.1682465,11.343178281413909,0.030098527669906616
1748623065.2020981,11.343178281413909,0.030098527669906616
1748623065.2355146,11.343178281413909,0.030098527669906616
1748623065.2690113,11.343178281413909,0.030098527669906616
1748623065.3026557,11.343178281413909,0.030098527669906616
1748623065.3360722,11.343178281413909,0.030098527669906616
1748623065.3694975,11.343178281413909,0.030098527669906616
1748623065.402903,11.343178281413909,0.030098527669906616
1748623065.436374,11.343178281413909,0.030098527669906616
1748623065.469786,11.343178281413909,0.030098527669906616
1748623065.503227,11.343178281413909,0.030098527669906616
1748623065.5366395,11.343178281413909,0.030098527669906616
1748623065.5700567,11.343178281413909,0.030098527669906616
1748623065.6034815,11.343178281413909,0.030098527669906616
1748623065.6369133,11.343178281413909,0.030098527669906616
1748623065.6703296,11.343178281413909,0.030098527669906616
1748623065.7037368,11.343178281413909,0.030098527669906616
1748623065.7371724,11.343178281413909,0.030098527669906616
1748623065.7706022,11.343178281413909,0.030098527669906616
1748623065.8040173,11.343178281413909,0.030098527669906616
1748623065.837717,11.343178281413909,0.030098527669906616
1748623065.8710515,11.343178281413909,0.030098527669906616
1748623065.9044654,11.343178281413909,0.030098527669906616
1748623065.9378405,11.343178281413909,0.030098527669906616
1748623065.9713573,11.343178281413909,0.030098527669906616
1748623066.004949,11.343178281413909,0.030098527669906616
1748623066.0384698,11.343178281413909,0.030098527669906616
1748623066.0720441,11.343178281413909,0.030098527669906616
1748623066.106075,11.343178281413909,0.030098527669906616
1748623066.1394534,11.343178281413909,0.030098527669906616
1748623066.1728702,11.343178281413909,0.030098527669906616
1748623066.2062924,11.343178281413909,0.030098527669906616
1748623066.2397156,11.343178281413909,0.030098527669906616
1748623066.273681,11.343178281413909,0.030098527669906616
1748623066.307095,11.343178281413909,0.030098527669906616
1748623066.3404992,11.343178281413909,0.030098527669906616
1748623066.3739188,11.343178281413909,0.030098527669906616
1748623066.4073923,11.343178281413909,0.030098527669906616
1748623066.441122,11.343178281413909,0.030098527669906616
1748623066.4757128,11.343178281413909,0.030098527669906616
1748623066.5091937,11.343178281413909,0.030098527669906616
1748623066.5426283,11.343178281413909,0.030098527669906616
1748623066.5760365,11.343178281413909,0.030098527669906616
1748623066.6094825,11.343178281413909,0.030098527669906616
1748623066.6429172,11.343178281413909,0.030098527669906616
1748623066.676378,11.343178281413909,0.030098527669906616
1748623066.7098207,11.343178281413909,0.030098527669906616
1748623066.7432435,11.343178281413909,0.030098527669906616
1748623066.7767081,11.343178281413909,0.030098527669906616
1748623066.8101785,11.343178281413909,0.030098527669906616
1748623066.843595,11.343178281413909,0.030098527669906616
1748623066.8770182,11.343178281413909,0.030098527669906616
1748623066.9104362,11.343178281413909,0.030098527669906616
1748623066.94385,11.343178281413909,0.030098527669906616
1748623066.9772694,11.343178281413909,0.030098527669906616
1748623067.0106983,11.343178281413909,0.030098527669906616
1748623067.0442176,11.343178281413909,0.030098527669906616
1748623067.0776021,11.343178281413909,0.030098527669906616
1748623067.111042,11.343178281413909,0.030098527669906616
1748623067.1444545,11.343178281413909,0.030098527669906616
1748623067.1778615,11.343178281413909,0.030098527669906616
1748623067.2113492,11.343178281413909,0.030098527669906616
1748623067.2448294,11.343178281413909,0.030098527669906616
1748623067.2783482,11.343178281413909,0.030098527669906616
1748623067.3117595,11.343178281413909,0.030098527669906616
1748623067.3451784,11.343178281413909,0.030098527669906616
1748623067.3786051,11.343178281413909,0.030098527669906616
1748623067.4120853,11.343178281413909,0.030098527669906616
1748623067.445552,11.343178281413909,0.030098527669906616
1748623067.479776,11.343178281413909,0.030098527669906616
1748623067.5134192,11.343178281413909,0.030098527669906616
1748623067.5475786,11.343178281413909,0.030098527669906616
1748623067.5809906,11.343178281413909,0.030098527669906616
1748623067.614448,11.343178281413909,0.030098527669906616
1748623067.6482503,11.343178281413909,0.030098527669906616
1748623067.681734,11.343178281413909,0.030098527669906616
1748623067.7151468,11.343178281413909,0.030098527669906616
1748623067.7485497,11.343178281413909,0.030098527669906616
1748623067.7819648,11.343178281413909,0.030098527669906616
1748623067.8154027,11.343178281413909,0.030098527669906616
1748623067.8489587,11.343178281413909,0.030098527669906616
1748623067.8824143,11.343178281413909,0.030098527669906616
1748623067.915849,11.343178281413909,0.030098527669906616
1748623067.9492655,11.343178281413909,0.030098527669906616
1748623067.9827197,11.343178281413909,0.030098527669906616
1748623068.0163279,11.343178281413909,0.030098527669906616
1748623068.050121,11.343178281413909,0.030098527669906616
1748623068.0834854,11.343178281413909,0.030098527669906616
1748623068.116901,11.343178281413909,0.030098527669906616
1748623068.1503274,11.343178281413909,0.030098527669906616
1748623068.1837704,11.343178281413909,0.030098527669906616
1748623068.217186,11.343178281413909,0.030098527669906616
1748623068.2506065,11.343178281413909,0.030098527669906616
1748623068.2840176,11.343178281413909,0.030098527669906616
1748623068.3174438,11.343178281413909,0.030098527669906616
1748623068.3508568,11.343178281413909,0.030098527669906616
1748623068.3842537,11.343178281413909,0.030098527669906616
1748623068.417676,11.343178281413909,0.030098527669906616
1748623068.4511206,11.343178281413909,0.030098527669906616
1748623068.4845345,11.343178281413909,0.030098527669906616
1748623068.5189838,11.343178281413909,0.030098527669906616
1748623068.5523767,11.343178281413909,0.030098527669906616
1748623068.585804,11.343178281413909,0.030098527669906616
1748623068.619231,11.343178281413909,0.030098527669906616
1748623068.6526544,11.343178281413909,0.030098527669906616
1748623068.6860669,11.343178281413909,0.030098527669906616
1748623068.7194796,11.343178281413909,0.030098527669906616
1748623068.7528896,11.343178281413909,0.030098527669906616
1748623068.7862966,11.343178281413909,0.030098527669906616
1748623068.8197162,11.343178281413909,0.030098527669906616
1748623068.8531075,11.343178281413909,0.030098527669906616
1748623068.8866117,11.343178281413909,0.030098527669906616
1748623068.9200182,11.343178281413909,0.030098527669906616
1748623068.953429,11.343178281413909,0.030098527669906616
1748623068.9868493,11.343178281413909,0.030098527669906616
1748623069.0204153,11.343178281413909,0.030098527669906616
1748623069.0538745,11.343178281413909,0.030098527669906616
1748623069.087294,11.343178281413909,0.030098527669906616
1748623069.1207652,11.343178281413909,0.030098527669906616
1748623069.1541805,11.343178281413909,0.030098527669906616
1748623069.1876414,11.343178281413909,0.030098527669906616
1748623069.2210584,11.343178281413909,0.030098527669906616
1748623069.2544959,11.343178281413909,0.030098527669906616
1748623069.2878728,11.343178281413909,0.030098527669906616
1748623069.321516,11.343178281413909,0.030098527669906616
1748623069.3549263,11.343178281413909,0.030098527669906616
1748623069.3883567,11.343178281413909,0.030098527669906616
1748623069.4217641,11.343178281413909,0.030098527669906616
1748623069.4551747,11.343178281413909,0.030098527669906616
1748623069.4885821,11.343178281413909,0.030098527669906616
1748623069.5221527,11.343178281413909,0.030098527669906616
1748623069.5555685,11.343178281413909,0.030098527669906616
1748623069.588984,11.343178281413909,0.030098527669906616
1748623069.6224713,11.343178281413909,0.030098527669906616
1748623069.6558976,11.343178281413909,0.030098527669906616
1748623069.6893754,11.343178281413909,0.030098527669906616
1748623069.7227893,11.343178281413909,0.030098527669906616
1748623069.756244,11.343178281413909,0.030098527669906616
1748623069.789693,11.343178281413909,0.030098527669906616
1748623069.8238654,11.343178281413909,0.030098527669906616
1748623069.8572812,11.343178281413909,0.030098527669906616
1748623069.890707,11.343178281413909,0.030098527669906616
1748623069.924115,11.343178281413909,0.030098527669906616
1748623069.9575808,11.343178281413909,0.030098527669906616
1748623069.990996,11.343178281413909,0.030098527669906616
1748623070.0244064,11.343178281413909,0.030098527669906616
1748623070.0578582,11.343178281413909,0.030098527669906616
1748623070.09143,11.343178281413909,0.030098527669906616
1748623070.124814,11.343178281413909,0.030098527669906616
1748623070.1582346,11.343178281413909,0.030098527669906616
1748623070.1916456,11.343178281413909,0.030098527669906616
1748623070.2259622,11.343178281413909,0.030098527669906616
1748623070.2593806,11.343178281413909,0.030098527669906616
1748623070.2928236,11.343178281413909,0.030098527669906616
1748623070.3262386,11.343178281413909,0.030098527669906616
1748623070.3596451,11.343178281413909,0.030098527669906616
1748623070.3931303,11.343178281413909,0.030098527669906616
1748623070.426583,11.343178281413909,0.030098527669906616
1748623070.4600134,11.343178281413909,0.030098527669906616
1748623070.4934533,11.343178281413909,0.030098527669906616
1748623070.5268664,11.343178281413909,0.030098527669906616
1748623070.5602686,11.343178281413909,0.030098527669906616
1748623070.5937526,11.343178281413909,0.030098527669906616
1748623070.6271656,11.343178281413909,0.030098527669906616
1748623070.6605854,11.343178281413909,0.030098527669906616
1748623070.69399,11.343178281413909,0.030098527669906616
1748623070.7273989,11.343178281413909,0.030098527669906616
1748623070.7608461,11.343178281413909,0.030098527669906616
1748623070.7947698,11.343178281413909,0.030098527669906616
1748623070.8281927,11.343178281413909,0.030098527669906616
1748623070.861638,11.343178281413909,0.030098527669906616
1748623070.8950703,11.343178281413909,0.030098527669906616
1748623070.9284894,11.343178281413909,0.030098527669906616
1748623070.9619212,11.343178281413909,0.030098527669906616
1748623070.9953346,11.343178281413909,0.030098527669906616
1748623071.0288286,11.343178281413909,0.030098527669906616
1748623071.0622413,11.343178281413909,0.030098527669906616
1748623071.0956488,11.343178281413909,0.030098527669906616
1748623071.129058,11.343178281413909,0.030098527669906616
1748623071.1624625,11.343178281413909,0.030098527669906616
1748623071.1958861,11.343178281413909,0.030098527669906616
1748623071.2295163,11.343178281413909,0.030098527669906616
1748623071.2629602,11.343178281413909,0.030098527669906616
1748623071.296624,11.343178281413909,0.030098527669906616
1748623071.330033,11.343178281413909,0.030098527669906616
1748623071.3634458,11.343178281413909,0.030098527669906616
1748623071.3968596,11.343178281413909,0.030098527669906616
1748623071.4302766,11.343178281413909,0.030098527669906616
1748623071.4639802,11.343178281413909,0.030098527669906616
1748623071.4974093,11.343178281413909,0.030098527669906616
1748623071.5308182,11.343178281413909,0.030098527669906616
1748623071.5642724,11.343178281413909,0.030098527669906616
1748623071.5976942,11.343178281413909,0.030098527669906616
1748623071.631166,11.343178281413909,0.030098527669906616
1748623071.666057,11.343178281413909,0.030098527669906616
1748623071.6995208,11.343178281413909,0.030098527669906616
1748623071.7330234,11.343178281413909,0.030098527669906616
1748623071.7666457,11.343178281413909,0.030098527669906616
1748623071.8000994,11.343178281413909,0.030098527669906616
1748623071.8335168,11.343178281413909,0.030098527669906616
1748623071.866981,11.343178281413909,0.030098527669906616
1748623071.9005537,11.343178281413909,0.030098527669906616
1748623071.9339833,11.343178281413909,0.030098527669906616
1748623071.967401,11.343178281413909,0.030098527669906616
1748623072.0008092,11.343178281413909,0.030098527669906616
1748623072.034217,11.343178281413909,0.030098527669906616
1748623072.06778,11.343178281413909,0.030098527669906616
1748623072.101234,11.343178281413909,0.030098527669906616
1748623072.1346612,11.343178281413909,0.030098527669906616
1748623072.1680932,11.343178281413909,0.030098527669906616
1748623072.2015111,11.343178281413909,0.030098527669906616
1748623072.235074,11.343178281413909,0.030098527669906616
1748623072.268492,11.343178281413909,0.030098527669906616
1748623072.302016,11.343178281413909,0.030098527669906616
1748623072.3354776,11.343178281413909,0.030098527669906616
1748623072.3688998,11.343178281413909,0.030098527669906616
1748623072.40234,11.343178281413909,0.030098527669906616
1748623072.4357493,11.343178281413909,0.030098527669906616
1748623072.469197,11.343178281413909,0.030098527669906616
1748623072.502724,11.343178281413909,0.030098527669906616
1748623072.5361428,11.343178281413909,0.030098527669906616
1748623072.5695555,11.343178281413909,0.030098527669906616
1748623072.6029837,11.343178281413909,0.030098527669906616
1748623072.6364305,11.343178281413909,0.030098527669906616
1748623072.6698713,11.343178281413909,0.030098527669906616
1748623072.7032773,11.343178281413909,0.030098527669906616
1748623072.7367153,11.343178281413909,0.030098527669906616
1748623072.770133,11.343178281413909,0.030098527669906616
1748623072.803555,11.343178281413909,0.030098527669906616
1748623072.8369672,11.343178281413909,0.030098527669906616
1748623072.870753,11.343178281413909,0.030098527669906616
1748623072.904204,11.343178281413909,0.030098527669906616
1748623072.9376624,11.343178281413909,0.030098527669906616
1748623072.9710672,11.343178281413909,0.030098527669906616
1748623073.0044758,11.343178281413909,0.030098527669906616
1748623073.0378892,11.343178281413909,0.030098527669906616
1748623073.071299,11.343178281413909,0.030098527669906616
1748623073.1047037,11.343178281413909,0.030098527669906616
1748623073.1381197,11.343178281413909,0.030098527669906616
1748623073.1715705,11.343178281413909,0.030098527669906616
1748623073.2052646,11.343178281413909,0.030098527669906616
1748623073.2388394,11.343178281413909,0.030098527669906616
1748623073.2722878,11.343178281413909,0.030098527669906616
1748623073.3057046,11.343178281413909,0.030098527669906616
1748623073.339109,11.343178281413909,0.030098527669906616
1748623073.3725204,11.343178281413909,0.030098527669906616
1748623073.405926,11.343178281413909,0.030098527669906616
1748623073.439398,11.343178281413909,0.030098527669906616
1748623073.4731517,11.343178281413909,0.030098527669906616
1748623073.5065632,11.343178281413909,0.030098527669906616
1748623073.5400207,11.343178281413909,0.030098527669906616
1748623073.5734339,11.343178281413909,0.030098527669906616
1748623073.606844,11.343178281413909,0.030098527669906616
1748623073.6402698,11.343178281413909,0.030098527669906616
1748623073.6739328,11.343178281413909,0.030098527669906616
1748623073.7073421,11.343178281413909,0.030098527669906616
1748623073.740775,11.343178281413909,0.030098527669906616
1748623073.7741923,11.343178281413909,0.030098527669906616
1748623073.807601,11.343178281413909,0.030098527669906616
1748623073.841035,11.343178281413909,0.030098527669906616
1748623073.8744226,11.343178281413909,0.030098527669906616
1748623073.9080033,11.343178281413909,0.030098527669906616
1748623073.9414325,11.343178281413909,0.030098527669906616
1748623073.974929,11.343178281413909,0.030098527669906616
1748623074.0083516,11.343178281413909,0.030098527669906616
1748623074.041797,11.343178281413909,0.030098527669906616
1748623074.075211,11.343178281413909,0.030098527669906616
1748623074.108625,11.343178281413909,0.030098527669906616
1748623074.142037,11.343178281413909,0.030098527669906616
1748623074.1755507,11.343178281413909,0.030098527669906616
1748623074.2089598,11.343178281413909,0.030098527669906616
1748623074.2423744,11.343178281413909,0.030098527669906616
1748623074.2757878,11.343178281413909,0.030098527669906616
1748623074.309206,11.343178281413909,0.030098527669906616
1748623074.3426316,11.343178281413909,0.030098527669906616
1748623074.3760831,11.343178281413909,0.030098527669906616
1748623074.4094996,11.343178281413909,0.030098527669906616
1748623074.4429054,11.343178281413909,0.030098527669906616
1748623074.476351,11.343178281413909,0.030098527669906616
1748623074.5097644,11.343178281413909,0.030098527669906616
1748623074.5431876,11.343178281413909,0.030098527669906616
1748623074.5766318,11.343178281413909,0.030098527669906616
1748623074.6105356,11.343178281413909,0.030098527669906616
1748623074.643992,11.343178281413909,0.030098527669906616
1748623074.6774256,11.343178281413909,0.030098527669906616
1748623074.7108383,11.343178281413909,0.030098527669906616
1748623074.7443137,11.343178281413909,0.030098527669906616
1748623074.7777276,11.343178281413909,0.030098527669906616
1748623074.8111374,11.343178281413909,0.030098527669906616
1748623074.8445415,11.343178281413909,0.030098527669906616
1748623074.8779533,11.343178281413909,0.030098527669906616
1748623074.911363,11.343178281413909,0.030098527669906616
1748623074.9449177,11.343178281413909,0.030098527669906616
1748623074.9786775,11.343178281413909,0.030098527669906616
1748623075.0121346,11.343178281413909,0.030098527669906616
1748623075.0455408,11.343178281413909,0.030098527669906616
1748623075.0789514,11.343178281413909,0.030098527669906616
1748623075.1127148,11.343178281413909,0.030098527669906616
1748623075.1461604,11.343178281413909,0.030098527669906616
1748623075.1796088,11.343178281413909,0.030098527669906616
1748623075.2130241,11.343178281413909,0.030098527669906616
1748623075.2464325,11.343178281413909,0.030098527669906616
1748623075.2798495,11.343178281413909,0.030098527669906616
1748623075.3132663,11.343178281413909,0.030098527669906616
1748623075.3467205,11.343178281413909,0.030098527669906616
1748623075.3802547,11.343178281413909,0.030098527669906616
1748623075.4135501,11.343178281413909,0.030098527669906616
1748623075.4469836,11.343178281413909,0.030098527669906616
1748623075.4803932,11.343178281413909,0.030098527669906616
1748623075.5138304,11.343178281413909,0.030098527669906616
1748623075.547237,11.343178281413909,0.030098527669906616
1748623075.5806808,11.343178281413909,0.030098527669906616
1748623075.6146235,11.343178281413909,0.030098527669906616
1748623075.6484375,11.343178281413909,0.030098527669906616
1748623075.6818235,11.343178281413909,0.030098527669906616
1748623075.7152805,11.343178281413909,0.030098527669906616
1748623075.7487414,11.343178281413909,0.030098527669906616
1748623075.7821867,11.343178281413909,0.030098527669906616
1748623075.8156,11.343178281413909,0.030098527669906616
1748623075.8491404,11.343178281413909,0.030098527669906616
1748623075.8825788,11.343178281413909,0.030098527669906616
1748623075.915986,11.343178281413909,0.030098527669906616
1748623075.94942,11.343178281413909,0.030098527669906616
1748623075.982831,11.343178281413909,0.030098527669906616
1748623076.016257,11.343178281413909,0.030098527669906616
1748623076.0496705,11.343178281413909,0.030098527669906616
1748623076.0830984,11.343178281413909,0.030098527669906616
1748623076.116514,11.343178281413909,0.030098527669906616
1748623076.1499536,11.343178281413909,0.030098527669906616
1748623076.1834133,11.343178281413909,0.030098527669906616
1748623076.2168298,11.343178281413909,0.030098527669906616
1748623076.250238,11.343178281413909,0.030098527669906616
1748623076.283651,11.343178281413909,0.030098527669906616
1748623076.3170836,11.343178281413909,0.030098527669906616
1748623076.3505077,11.343178281413909,0.030098527669906616
1748623076.383924,11.343178281413909,0.030098527669906616
1748623076.4174893,11.343178281413909,0.030098527669906616
1748623076.4509053,11.343178281413909,0.030098527669906616
1748623076.4843524,11.343178281413909,0.030098527669906616
1748623076.517786,11.343178281413909,0.030098527669906616
1748623076.551208,11.343178281413909,0.030098527669906616
1748623076.5846272,11.343178281413909,0.030098527669906616
1748623076.6181736,11.343178281413909,0.030098527669906616
1748623076.6522942,11.343178281413909,0.030098527669906616
1748623076.68575,11.343178281413909,0.030098527669906616
1748623076.7191668,11.343178281413909,0.030098527669906616
1748623076.7525744,11.343178281413909,0.030098527669906616
1748623076.7860923,11.343178281413909,0.030098527669906616
1748623076.819502,11.343178281413909,0.030098527669906616
1748623076.8529277,11.343178281413909,0.030098527669906616
1748623076.8863556,11.343178281413909,0.030098527669906616
1748623076.9197657,11.343178281413909,0.030098527669906616
1748623076.953329,11.343178281413909,0.030098527669906616
1748623076.9868083,11.343178281413909,0.030098527669906616
1748623077.0202188,11.343178281413909,0.030098527669906616
1748623077.053631,11.343178281413909,0.030098527669906616
1748623077.0870378,11.343178281413909,0.030098527669906616
1748623077.1209302,11.343178281413909,0.030098527669906616
1748623077.154351,11.343178281413909,0.030098527669906616
1748623077.1878154,11.343178281413909,0.030098527669906616
1748623077.2212355,11.343178281413909,0.030098527669906616
1748623077.2546413,11.343178281413909,0.030098527669906616
1748623077.2881043,11.343178281413909,0.030098527669906616
1748623077.3215864,11.343178281413909,0.030098527669906616
1748623077.355006,11.343178281413909,0.030098527669906616
1748623077.3884315,11.343178281413909,0.030098527669906616
1748623077.4218898,11.343178281413909,0.030098527669906616
1748623077.4553082,11.343178281413909,0.030098527669906616
1748623077.4887514,11.343178281413909,0.030098527669906616
1748623077.5221603,11.343178281413909,0.030098527669906616
1748623077.5556254,11.343178281413909,0.030098527669906616
1748623077.5890675,11.343178281413909,0.030098527669906616
1748623077.6225126,11.343178281413909,0.030098527669906616
1748623077.655946,11.343178281413909,0.030098527669906616
1748623077.689392,11.343178281413909,0.030098527669906616
1748623077.7227972,11.343178281413909,0.030098527669906616
1748623077.7562056,11.343178281413909,0.030098527669906616
1748623077.7896104,11.343178281413909,0.030098527669906616
1748623077.823066,11.343178281413909,0.030098527669906616
1748623077.8564837,11.343178281413909,0.030098527669906616
1748623077.8899345,11.343178281413909,0.030098527669906616
1748623077.9233942,11.343178281413909,0.030098527669906616
1748623077.9568124,11.343178281413909,0.030098527669906616
1748623077.9902253,11.343178281413909,0.030098527669906616
1748623078.023921,11.343178281413909,0.030098527669906616
1748623078.0573442,11.343178281413909,0.030098527669906616
1748623078.0908613,11.343178281413909,0.030098527669906616
1748623078.1245854,11.343178281413909,0.030098527669906616
1748623078.1579938,11.343178281413909,0.030098527669906616
1748623078.1914065,11.343178281413909,0.030098527669906616
1748623078.2248828,11.343178281413909,0.030098527669906616
1748623078.258344,11.343178281413909,0.030098527669906616
1748623078.291903,11.343178281413909,0.030098527669906616
1748623078.3253133,11.343178281413909,0.030098527669906616
1748623078.3587246,11.343178281413909,0.030098527669906616
1748623078.3921306,11.343178281413909,0.030098527669906616
1748623078.425562,11.343178281413909,0.030098527669906616
1748623078.4589405,11.343178281413909,0.030098527669906616
1748623078.492437,11.343178281413909,0.030098527669906616
1748623078.5258832,11.343178281413909,0.030098527669906616
1748623078.5593376,11.343178281413909,0.030098527669906616
1748623078.592745,11.343178281413909,0.030098527669906616
1748623078.6262188,11.343178281413909,0.030098527669906616
1748623078.659629,11.343178281413909,0.030098527669906616
1748623078.6930387,11.343178281413909,0.030098527669906616
1748623078.7267249,11.343178281413909,0.030098527669906616
1748623078.7601364,11.343178281413909,0.030098527669906616
1748623078.793546,11.343178281413909,0.030098527669906616
1748623078.826963,11.343178281413909,0.030098527669906616
1748623078.8604398,11.343178281413909,0.030098527669906616
1748623078.893846,11.343178281413909,0.030098527669906616
1748623078.927271,11.343178281413909,0.030098527669906616
1748623078.9606984,11.343178281413909,0.030098527669906616
1748623078.9941242,11.343178281413909,0.030098527669906616
1748623079.0275362,11.343178281413909,0.030098527669906616
1748623079.0609472,11.343178281413909,0.030098527669906616
1748623079.094381,11.343178281413909,0.030098527669906616
1748623079.1278465,11.343178281413909,0.030098527669906616
1748623079.1613677,11.343178281413909,0.030098527669906616
1748623079.1947818,11.343178281413909,0.030098527669906616
1748623079.2282088,11.343178281413909,0.030098527669906616
1748623079.2616398,11.343178281413909,0.030098527669906616
1748623079.2950544,11.343178281413909,0.030098527669906616
1748623079.3285484,11.343178281413909,0.030098527669906616
1748623079.3619695,11.343178281413909,0.030098527669906616
1748623079.3953881,11.343178281413909,0.030098527669906616
1748623079.4288123,11.343178281413909,0.030098527669906616
1748623079.4622264,11.343178281413909,0.030098527669906616
1748623079.49564,11.343178281413909,0.030098527669906616
1748623079.529078,11.343178281413909,0.030098527669906616
1748623079.5624938,11.343178281413909,0.030098527669906616
1748623079.5959616,11.343178281413909,0.030098527669906616
1748623079.629375,11.343178281413909,0.030098527669906616
1748623079.6628842,11.343178281413909,0.030098527669906616
1748623079.6973414,11.343178281413909,0.030098527669906616
1748623079.7310538,11.343178281413909,0.030098527669906616
1748623079.7645202,11.343178281413909,0.030098527669906616
1748623079.7979107,11.343178281413909,0.030098527669906616
1748623079.8315032,11.343178281413909,0.030098527669906616
1748623079.86494,11.343178281413909,0.030098527669906616
1748623079.8983903,11.343178281413909,0.030098527669906616
1748623079.931928,11.343178281413909,0.030098527669906616
1748623079.9654224,11.343178281413909,0.030098527669906616
1748623079.9988341,11.343178281413909,0.030098527669906616
1748623080.032365,11.343178281413909,0.030098527669906616
1748623080.066279,11.343178281413909,0.030098527669906616
1748623080.0996919,11.343178281413909,0.030098527669906616
1748623080.1331036,11.343178281413909,0.030098527669906616
1748623080.1669333,11.343178281413909,0.030098527669906616
1748623080.200371,11.343178281413909,0.030098527669906616
1748623080.2342165,11.343178281413909,0.030098527669906616
1748623080.2677124,11.343178281413909,0.030098527669906616
1748623080.3011768,11.343178281413909,0.030098527669906616
1748623080.336347,11.343178281413909,0.030098527669906616
1748623080.3697543,11.343178281413909,0.030098527669906616
1748623080.403179,11.343178281413909,0.030098527669906616
1748623080.4365904,11.343178281413909,0.030098527669906616
1748623080.4700062,11.343178281413909,0.030098527669906616
1748623080.5043683,11.343178281413909,0.030098527669906616
1748623080.537789,11.343178281413909,0.030098527669906616
1748623080.5712023,11.343178281413909,0.030098527669906616
1748623080.6046364,11.343178281413909,0.030098527669906616
1748623080.6380472,11.343178281413909,0.030098527669906616
1748623080.6714644,11.343178281413909,0.030098527669906616
1748623080.7048862,11.343178281413909,0.030098527669906616
1748623080.738334,11.343178281413909,0.030098527669906616
1748623080.7717686,11.343178281413909,0.030098527669906616
1748623080.8052452,11.343178281413909,0.030098527669906616
1748623080.8386629,11.343178281413909,0.030098527669906616
1748623080.8722336,11.343178281413909,0.030098527669906616
1748623080.9056547,11.343178281413909,0.030098527669906616
1748623080.9390657,11.343178281413909,0.030098527669906616
1748623080.972482,11.343178281413909,0.030098527669906616
1748623081.0058858,11.343178281413909,0.030098527669906616
