timestamp,encoder_distance,yaw_true
1749310813.4381993,8.565064439209102,-1.5612696409225464
1749310813.4954867,8.565065886022982,-1.5612713098526
1749310813.528944,8.566183446192174,-1.561762809753418
1749310813.5623455,8.571593619245796,-1.5608617067337036
1749310813.5957716,8.579480349665571,-1.5598134994506836
1749310813.629178,8.589302061360138,-1.5595630407333374
1749310813.6625826,8.59855722249191,-1.558542013168335
1749310813.69605,8.605037726889664,-1.5582820177078247
1749310813.7294965,8.619305579684397,-1.5573432445526123
1749310813.7630801,8.626342748835969,-1.5569888353347778
1749310813.796484,8.640103775591141,-1.5561953783035278
1749310813.8298965,8.651793637005118,-1.55545175075531
1749310813.863299,8.661732511649316,-1.55488920211792
1749310813.8966959,8.672379625152752,-1.5543560981750488
1749310813.930094,8.68766703976025,-1.5538537502288818
1749310813.9635077,8.693363134889514,-1.553619146347046
1749310813.9968705,8.708647045992146,-1.5533480644226074
1749310814.030429,8.714693179251066,-1.5530997514724731
1749310814.0638356,8.725709066727799,-1.552652359008789
1749310814.0972507,8.736383404821556,-1.552302598953247
1749310814.1306436,8.746694573679564,-1.5517632961273193
1749310814.1641164,8.753822041282023,-1.5517839193344116
1749310814.1975324,8.764490647451646,-1.5516510009765625
1749310814.230972,8.775511588947804,-1.5516499280929565
1749310814.2643769,8.786176774751603,-1.5515080690383911
1749310814.2977805,8.79648557936154,-1.551152229309082
1749310814.3311849,8.807507024905192,-1.551209807395935
1749310814.364743,8.818169822021039,-1.5511759519577026
1749310814.3981311,8.82883156137899,-1.5511666536331177
1749310814.4318767,8.839493403576821,-1.5509692430496216
1749310814.4652748,8.850156245697791,-1.5513110160827637
1749310814.498673,8.860818767187958,-1.5511367321014404
1749310814.5320728,8.86792675971348,-1.551302194595337
1749310814.5654907,8.881785491151339,-1.550990104675293
1749310814.5989604,8.89315897107983,-1.5510337352752686
1749310814.6323702,8.903468231765935,-1.551598072052002
1749310814.6658113,8.914133402949812,-1.5510095357894897
1749310814.6991835,8.927991743722803,-1.5514205694198608
1749310814.7326305,8.939007453570557,-1.5515223741531372
1749310814.7660687,8.949311887731831,-1.5515207052230835
1749310814.7995934,8.963879585267726,-1.551505208015442
1749310814.8329928,8.974182614468011,-1.5519001483917236
1749310814.8667634,8.98519626287163,-1.5518038272857666
1749310814.90029,8.995853654891686,-1.5519458055496216
1749310814.9337022,9.008642473666294,-1.552414894104004
1749310814.9670992,9.017168465103342,-1.5521632432937622
1749310815.0004983,9.029601820124354,-1.5525200366973877
1749310815.0339286,9.039547655427446,-1.552801489830017
1749310815.0673335,9.049493805475677,-1.5528929233551025
1749310815.1007545,9.060150107642182,-1.5529065132141113
1749310815.1341763,9.07009492547588,-1.5534266233444214
1749310815.1675797,9.081105870224619,-1.5534589290618896
1749310815.2010167,9.091762333550193,-1.5534749031066895
1749310815.2343788,9.102062540492524,-1.5535610914230347
1749310815.2677555,9.11271835288779,-1.5538042783737183
1749310815.3013084,9.123730091501127,-1.5536023378372192
1749310815.3347118,9.134385778401715,-1.5539798736572266
1749310815.3681033,9.145397559896404,-1.5541069507598877
1749310815.4016092,9.158902914083955,-1.5540413856506348
1749310815.4350579,9.16991848719006,-1.5547813177108765
1749310815.468456,9.18022295649472,-1.5546417236328125
1749310815.5018086,9.187327769338058,-1.5550075769424438
1749310815.5352147,9.198340100249105,-1.5550817251205444
1749310815.569148,9.212549952255847,-1.5551509857177734
1749310815.602754,9.223208353400684,-1.5559295415878296
1749310815.6361682,9.234224035210115,-1.5558868646621704
1749310815.6696541,9.244530822148583,-1.5558562278747559
1749310815.7032752,9.25554660940451,-1.5562587976455688
1749310815.7366812,9.265495686060095,-1.556589126586914
1749310815.7701445,9.275566308946662,-1.5566989183425903
1749310815.8035069,9.282567493181086,-1.557106375694275
1749310815.8369064,9.287664222174316,-1.5571436882019043
1749310815.8702736,9.292067170210359,-1.5571383237838745
1749310815.9041004,9.295602906264833,-1.557502031326294
1749310815.937558,9.299035159150673,-1.5574450492858887
1749310815.970971,9.30235214441786,-1.5580850839614868
1749310816.0043783,9.305516523972189,-1.5578795671463013
1749310816.0381963,9.308968753975527,-1.55828058719635
1749310816.0716166,9.312185831447703,-1.5583696365356445
1749310816.1050677,9.315287853657988,-1.5583747625350952
1749310816.1384711,9.318384480860072,-1.5585817098617554
1749310816.1719494,9.32169111313439,-1.5588194131851196
1749310816.2053607,9.32489117109777,-1.55887770652771
1749310816.2389693,9.327983315724767,-1.5592443943023682
1749310816.272373,9.330327980436406,-1.5595759153366089
1749310816.3060281,9.333536633591436,-1.559526801109314
1749310816.3394368,9.33652045545053,-1.5597450733184814
1749310816.3728526,9.339707278703203,-1.5605214834213257
1749310816.4063125,9.343130462473818,-1.560378074645996
1749310816.439716,9.347180532014017,-1.5608469247817993
1749310816.4731343,9.350391622286786,-1.561838150024414
1749310816.5065575,9.353641086300632,-1.5616207122802734
1749310816.5399675,9.356862095531417,-1.562058687210083
1749310816.5734148,9.360167276141503,-1.5632520914077759
1749310816.6068163,9.36360200570167,-1.5631024837493896
1749310816.6413376,9.368655055848063,-1.5636680126190186
1749310816.6748295,9.372511400061754,-1.5646263360977173
1749310816.7082338,9.37539416528427,-1.5649465322494507
1749310816.741754,9.379162174709446,-1.5658771991729736
1749310816.7751982,9.383666664319954,-1.5671169757843018
1749310816.808596,9.38685349797893,-1.5680830478668213
1749310816.8420103,9.390626370609363,-1.5691944360733032
1749310816.8754559,9.395577197300767,-1.570076823234558
1749310816.9088745,9.398017162071318,-1.5708345174789429
1749310816.9422777,9.402076382924683,-1.5724830627441406
1749310816.9758134,9.406309947026662,-1.5741255283355713
1749310817.0092285,9.410941074636156,-1.574948787689209
1749310817.0427337,9.414370443208956,-1.5752041339874268
1749310817.076135,9.417609307191887,-1.576247215270996
1749310817.1095104,9.42101341765064,-1.5772098302841187
1749310817.1428962,9.424339537739003,-1.5779236555099487
1749310817.176376,9.427562193886981,-1.5796035528182983
1749310817.2098608,9.430762672023283,-1.5804786682128906
1749310817.2432725,9.433847372266495,-1.5805997848510742
1749310817.2798843,9.435947947722337,-1.58172607421875
1749310817.3133216,9.440337589542283,-1.5822656154632568
1749310817.34673,9.444037632516022,-1.5837270021438599
1749310817.3800955,9.446805724722653,-1.584004282951355
1749310817.4135077,9.44969290161392,-1.5845222473144531
1749310817.446966,9.452348427948586,-1.5848162174224854
1749310817.4803753,9.455590130361035,-1.5855226516723633
1749310817.51385,9.457484207757375,-1.5865825414657593
1749310817.5472481,9.460202612540755,-1.5864431858062744
1749310817.5809324,9.462971274600394,-1.5871381759643555
1749310817.6143322,9.465423901716868,-1.5880029201507568
1749310817.6479034,9.468208661649287,-1.587931513786316
1749310817.6813087,9.471658071532845,-1.5895036458969116
1749310817.7147243,9.474052212928555,-1.5899286270141602
1749310817.7480927,9.476644152275094,-1.5899769067764282
1749310817.7814894,9.479908745249954,-1.5901732444763184
1749310817.8149755,9.481585835826785,-1.5912449359893799
1749310817.8483672,9.483900094261838,-1.5916838645935059
1749310817.8817737,9.486265685968696,-1.5914278030395508
1749310817.9151764,9.48852637870012,-1.5923538208007812
1749310817.9485793,9.490826061194824,-1.5927660465240479
1749310817.981981,9.492947847913678,-1.5923207998275757
1749310818.0153942,9.495081353028102,-1.5931832790374756
1749310818.0487995,9.497185482604458,-1.5926576852798462
1749310818.0822244,9.499250568642857,-1.5938003063201904
1749310818.1156278,9.501316571817195,-1.5933610200881958
1749310818.149074,9.503405879180182,-1.5940947532653809
1749310818.1825142,9.505521807221086,-1.5946807861328125
1749310818.2159224,9.508144824943441,-1.5945647954940796
1749310818.249325,9.510084856179695,-1.5947920083999634
1749310818.2827249,9.511911279923808,-1.595583200454712
1749310818.3162093,9.513213502965927,-1.5959526300430298
1749310818.3496323,9.514432442382747,-1.595438838005066
1749310818.3830316,9.516836143274695,-1.5964140892028809
1749310818.4164448,9.518083251095382,-1.596347451210022
1749310818.4506469,9.520342801786535,-1.596449613571167
1749310818.4840486,9.52211243405175,-1.5970418453216553
1749310818.517474,9.523809627941903,-1.5965297222137451
1749310818.5509493,9.525356797764005,-1.5975099802017212
1749310818.5843647,9.52756575324323,-1.5968785285949707
1749310818.6177711,9.529253016710715,-1.5976120233535767
1749310818.6521332,9.530871684821983,-1.5972410440444946
1749310818.6856036,9.531970304499033,-1.5973303318023682
1749310818.7191124,9.533460910815023,-1.5974820852279663
1749310818.7525303,9.535563844821725,-1.5976409912109375
1749310818.7859755,9.536453274904703,-1.5974048376083374
1749310818.8193789,9.53811864538859,-1.5981223583221436
1749310818.8527842,9.539807491807021,-1.5980570316314697
1749310818.8862336,9.540754568683235,-1.5979218482971191
1749310818.9196439,9.54216235378183,-1.5980491638183594
1749310818.9530559,9.543544183460737,-1.5984711647033691
1749310818.9865756,9.544932751376727,-1.5978589057922363
1749310819.01998,9.546384540786626,-1.59794282913208
1749310819.0535433,9.547717332503714,-1.5985203981399536
1749310819.0869975,9.548879151100364,-1.5987147092819214
1749310819.1204,9.550071900647747,-1.5978641510009766
1749310819.153815,9.551368127221247,-1.5977474451065063
1749310819.1872137,9.552126700093524,-1.597968578338623
1749310819.2206306,9.553725383957104,-1.5981857776641846
1749310819.2540023,9.554911741739414,-1.5980883836746216
1749310819.2875264,9.556034560177988,-1.5976080894470215
1749310819.3212352,9.557220864368142,-1.5983691215515137
1749310819.3547032,9.558363943421952,-1.5979828834533691
1749310819.3880866,9.559459690064134,-1.5983514785766602
1749310819.4216673,9.560631928925991,-1.597830057144165
1749310819.455108,9.561438282951844,-1.5984983444213867
1749310819.4885063,9.562549242016765,-1.5979108810424805
1749310819.5225906,9.564056629259964,-1.598556637763977
1749310819.5562005,9.565536227428003,-1.5979466438293457
1749310819.5896251,9.566351887088576,-1.5987180471420288
1749310819.6230648,9.567091017410881,-1.598112940788269
1749310819.6564865,9.568540321338423,-1.5981206893920898
1749310819.6898859,9.569140762726246,-1.5987298488616943
1749310819.7242382,9.570163121557083,-1.5982331037521362
1749310819.757651,9.570781846279441,-1.5983599424362183
1749310819.7910497,9.572036523742618,-1.5982664823532104
1749310819.8245122,9.57298039277205,-1.5987000465393066
1749310819.8582346,9.573844006290111,-1.5985960960388184
1749310819.8916557,9.5745988363818,-1.5985087156295776
1749310819.9250753,9.575290550701117,-1.5983916521072388
1749310819.9585195,9.576430843635173,-1.598596215248108
1749310819.9920638,9.577236804340194,-1.5985605716705322
1749310820.025467,9.578084138979284,-1.5986427068710327
1749310820.0589538,9.578883998407214,-1.5987193584442139
1749310820.0923636,9.579649646572397,-1.5985658168792725
1749310820.1257756,9.580696354442118,-1.5986119508743286
1749310820.1591759,9.581189683707152,-1.5986226797103882
1749310820.1927164,9.581631411723471,-1.598639726638794
1749310820.2262106,9.581880438151867,-1.5986417531967163
1749310820.2596142,9.581999261953193,-1.598646640777588
1749310820.2931216,9.582067978045133,-1.5986517667770386
1749310820.3266268,9.582096611370494,-1.5986524820327759
1749310820.3604476,9.582111928262911,-1.5986533164978027
1749310820.3938322,9.582122432778121,-1.5986534357070923
1749310820.427244,9.582126838342145,-1.5986526012420654
1749310820.4606802,9.58213022033248,-1.59865403175354
1749310820.4940822,9.582132610121942,-1.5986559391021729
1749310820.527481,9.582134687989004,-1.5986567735671997
1749310820.5608845,9.582136464289615,-1.5986568927764893
1749310820.5942872,9.582139071310767,-1.5986584424972534
1749310820.6276917,9.582140436051073,-1.5986580848693848
1749310820.6612315,9.582142021278992,-1.5986567735671997
1749310820.69463,9.582143785415848,-1.5986579656600952
1749310820.7280338,9.582145408000104,-1.5986591577529907
1749310820.7614942,9.582146394028893,-1.5986605882644653
1749310820.7948854,9.582148196115568,-1.5986613035202026
1749310820.8282888,9.58214979229528,-1.5986610651016235
1749310820.8617506,9.582150864408137,-1.5986602306365967
1749310820.8959892,9.582152567793598,-1.5986610651016235
1749310820.929402,9.582154094857874,-1.5986623764038086
1749310820.9631026,9.58215562133874,-1.598663568496704
1749310820.9964921,9.582157471815629,-1.5986642837524414
1749310821.0331993,9.582158455516172,-1.5986642837524414
1749310821.0681934,9.58216064164735,-1.598663330078125
1749310821.1016397,9.582162359669262,-1.5986647605895996
1749310821.1354887,9.582163901280545,-1.5986645221710205
1749310821.1691248,9.582164922449573,-1.5986659526824951
1749310821.2025337,9.582167003922983,-1.5986675024032593
1749310821.23594,9.582168588032811,-1.5986683368682861
1749310821.2693458,9.582169727110845,-1.5986686944961548
1749310821.3028135,9.58217121702198,-1.5986679792404175
1749310821.3362288,9.58217287220502,-1.5986676216125488
1749310821.3696392,9.582174058778094,-1.598669171333313
1749310821.4041076,9.582176666435357,-1.5986688137054443
1749310821.4375136,9.582177882939973,-1.5986701250076294
1749310821.4710112,9.58217933606701,-1.5986720323562622
1749310821.5045297,9.582180857900273,-1.5986732244491577
1749310821.538028,9.582182694794982,-1.5986729860305786
1749310821.571454,9.582184535643075,-1.5986741781234741
1749310821.6048687,9.582186087464983,-1.5986740589141846
1749310821.638274,9.582186937769126,-1.5986735820770264
1749310821.6717153,9.58218787844365,-1.5986735820770264
1749310821.7051451,9.582189519789324,-1.5986751317977905
1749310821.7386441,9.582191271785675,-1.598676323890686
1749310821.772028,9.58219239321863,-1.5986777544021606
1749310821.8054366,9.582194045393193,-1.5986772775650024
1749310821.8388336,9.582196019481916,-1.5986783504486084
1749310821.872264,9.582197431815908,-1.5986781120300293
1749310821.9056537,9.582199200279186,-1.5986772775650024
1749310821.9390595,9.582200770926027,-1.598678469657898
1749310821.9725356,9.58220196647577,-1.5986799001693726
1749310822.0059872,9.582203961249038,-1.598679780960083
1749310822.039393,9.582205469406695,-1.5986818075180054
1749310822.0727992,9.582206488625765,-1.5986826419830322
1749310822.1063242,9.582208602055719,-1.5986824035644531
1749310822.1397724,9.582209691240452,-1.5986815690994263
1749310822.1732674,9.58221086135361,-1.5986818075180054
1749310822.2066746,9.582212351773943,-1.5986827611923218
1749310822.2401083,9.58221405516506,-1.5986835956573486
1749310822.2735503,9.58221490372953,-1.5986847877502441
1749310822.3069952,9.58221663040717,-1.59868586063385
1749310822.3404052,9.582218190330503,-1.5986874103546143
1749310822.3738146,9.58221954820324,-1.5986868143081665
1749310822.4072826,9.582221066413602,-1.59868586063385
1749310822.440666,9.582222756593866,-1.5986868143081665
1749310822.4740727,9.582223755272377,-1.598688006401062
1749310822.5077567,9.58222574320485,-1.598689317703247
1749310822.5411332,9.58222672793609,-1.5986906290054321
1749310822.5745254,9.58222857251914,-1.5986900329589844
1749310822.6079326,9.582230110518692,-1.5986919403076172
1749310822.641343,9.582231864548728,-1.598690390586853
1749310822.6747665,9.582232786789552,-1.598690390586853
1749310822.708192,9.582234288032787,-1.5986913442611694
1749310822.741617,9.582236721202491,-1.5986915826797485
1749310822.7751892,9.582238050930622,-1.5986926555633545
1749310822.8085997,9.582239535819204,-1.5986945629119873
1749310822.8420053,9.58224119421439,-1.5986957550048828
1749310822.8757184,9.582242518967744,-1.5986955165863037
1749310822.9098082,9.582244051667596,-1.5986943244934082
1749310822.9438264,9.582246144900775,-1.5986945629119873
1749310822.9772255,9.582247263918745,-1.5986953973770142
1749310823.0106287,9.582248667566912,-1.5986970663070679
1749310823.0446212,9.582250806471052,-1.598698616027832
1749310823.0779812,9.582252007531231,-1.5986988544464111
1749310823.1113849,9.58225321432655,-1.598697543144226
1749310823.1448166,9.582254674402616,-1.5986977815628052
1749310823.1782277,9.582264703487583,-1.5989094972610474
1749310823.2116313,9.582955562540347,-1.6006662845611572
1749310823.2450328,9.585950171782546,-1.5979877710342407
1749310823.2788198,9.590689082058374,-1.5941991806030273
1749310823.3122368,9.5966200345524,-1.5894017219543457
1749310823.345637,9.603789138782899,-1.5855590105056763
1749310823.379097,9.610980238829226,-1.5805519819259644
1749310823.4124987,9.618472227784126,-1.5744222402572632
1749310823.4460385,9.626092474163277,-1.5706979036331177
1749310823.4794981,9.635744811096783,-1.5644577741622925
1749310823.5129092,9.643672012529972,-1.55928373336792
1749310823.5463073,9.651051289908544,-1.5536482334136963
1749310823.579751,9.659348947308853,-1.5490220785140991
1749310823.6131988,9.669452577417282,-1.5442211627960205
1749310823.646594,9.677159798519945,-1.5365859270095825
1749310823.68,9.684663675919424,-1.5318045616149902
1749310823.7134137,9.692852483250892,-1.528800129890442
1749310823.7468193,9.700639906294057,-1.5261573791503906
1749310823.7802598,9.708965573379661,-1.5222060680389404
1749310823.813703,9.71769651022086,-1.518892526626587
1749310823.847106,9.725524109180974,-1.5168508291244507
1749310823.8805218,9.733920222850754,-1.5127931833267212
1749310823.9140882,9.742473131803356,-1.5100007057189941
1749310823.9474902,9.75401162621105,-1.5057440996170044
1749310823.9809973,9.759797045690316,-1.5033161640167236
1749310824.0144317,9.768194523618876,-1.4994781017303467
1749310824.0478263,9.774345735547065,-1.4979684352874756
1749310824.0812728,9.7831974346931,-1.4948651790618896
1749310824.1146808,9.792004879699812,-1.4906787872314453
1749310824.1480925,9.803534807815039,-1.4872210025787354
1749310824.1814928,9.81274079573109,-1.4838110208511353
1749310824.214897,9.824654923849543,-1.4798709154129028
1749310824.2483852,9.830552570198353,-1.4754467010498047
1749310824.281833,9.83943672144744,-1.4717129468917847
1749310824.3152392,9.848095104657162,-1.46868896484375
1749310824.348687,9.857026710465158,-1.4665683507919312
1749310824.382104,9.863584620804088,-1.4632114171981812
1749310824.415473,9.872154948858215,-1.45863676071167
1749310824.4488769,9.87808913784822,-1.4559980630874634
1749310824.4822836,9.889581653855606,-1.450210690498352
1749310824.5157588,9.898770804899671,-1.4466917514801025
1749310824.5492365,9.90489813532162,-1.4435147047042847
1749310824.5826993,9.91619903176095,-1.4378312826156616
1749310824.6160924,9.924812184785717,-1.4333596229553223
1749310824.6495109,9.933394261120378,-1.429040789604187
1749310824.682997,9.944648152743316,-1.423939824104309
1749310824.7164004,9.952948401487633,-1.4161485433578491
1749310824.7498636,9.96108236925072,-1.4099022150039673
1749310824.783266,9.969018355362998,-1.4028936624526978
1749310824.8167415,9.976750418763372,-1.3975670337677002
1749310824.85018,9.984629226527927,-1.3915094137191772
1749310824.8835864,9.993016460611694,-1.38661789894104
1749310824.9174383,10.003072670599689,-1.3804303407669067
1749310824.9508412,10.008253170450653,-1.3751318454742432
1749310824.984379,10.015919826754478,-1.368753433227539
1749310825.0178034,10.023885490710027,-1.363607406616211
1749310825.0514243,10.033502140158696,-1.3553849458694458
1749310825.0848224,10.041381611383867,-1.3496472835540771
1749310825.118225,10.04900717905666,-1.344312310218811
1749310825.1516302,10.056618628153656,-1.3385822772979736
1749310825.1850476,10.064227292010335,-1.333232045173645
1749310825.218452,10.071826097642443,-1.3275877237319946
1749310825.2518523,10.07942558408661,-1.3236452341079712
1749310825.285293,10.089562593351987,-1.316169261932373
1749310825.3187387,10.092349387609493,-1.3124217987060547
1749310825.3521178,10.104513812909707,-1.3051234483718872
1749310825.385527,10.109835573787787,-1.2993181943893433
1749310825.4190598,10.117438317135926,-1.2936978340148926
1749310825.4532268,10.125041296079965,-1.2899545431137085
1749310825.4866319,10.13289783688623,-1.2824662923812866
1749310825.5200408,10.140247713594723,-1.277033805847168
1749310825.5535913,10.145316594823214,-1.2731019258499146
1749310825.587,10.152919817233338,-1.267669916152954
1749310825.6204226,10.16179019782546,-1.2618651390075684
1749310825.6538253,10.168126147358986,-1.2562477588653564
1749310825.687368,10.175729738664456,-1.250629186630249
1749310825.720869,10.183333342323861,-1.244821548461914
1749310825.7544038,10.190936654133536,-1.2395756244659424
1749310825.7878544,10.198286378561635,-1.2337698936462402
1749310825.8212729,10.206903446097199,-1.228340983390808
1749310825.8546457,10.21349300098,-1.2225340604782104
1749310825.8880637,10.223630644334257,-1.2171015739440918
1749310825.9214637,10.228953016042082,-1.2114832401275635
1749310825.9548745,10.236303109356966,-1.2058641910552979
1749310825.988276,10.24441293232073,-1.2000564336776733
1749310826.0216742,10.251762973151239,-1.1942472457885742
1749310826.0550556,10.259366369176986,-1.1890009641647339
1749310826.088475,10.26696964765602,-1.1833806037902832
1749310826.1220372,10.274320132411447,-1.1775758266448975
1749310826.155418,10.279895953866435,-1.1736422777175903
1749310826.188815,10.292061459636738,-1.1665209531784058
1749310826.222223,10.29713027951076,-1.1607147455215454
1749310826.255668,10.304733531991358,-1.1550939083099365
1749310826.289073,10.31537854696394,-1.1475987434387207
1749310826.3225744,10.322981783793082,-1.142166018486023
1749310826.3559928,10.331091767256995,-1.1363569498062134
1749310826.3894978,10.340469303567593,-1.1307320594787598
1749310826.4229593,10.345538269579878,-1.1252973079681396
1749310826.4563587,10.35314145981959,-1.1194896697998047
1749310826.4897223,10.357956924547496,-1.113869547843933
1749310826.5231695,10.371136022280877,-1.1080591678619385
1749310826.55671,10.37595140617921,-1.1026256084442139
1749310826.5901103,10.383301187958734,-1.0970046520233154
1749310826.623955,10.391664872267583,-1.0911955833435059
1749310826.6573708,10.39926827732605,-1.0857579708099365
1749310826.6907823,10.406618170838415,-1.0801324844360352
1749310826.7241838,10.413967419431787,-1.074698805809021
1749310826.7575977,10.42410524490563,-1.066827416419983
1749310826.7910056,10.42892097078442,-1.0632681846618652
1749310826.8244188,10.438044201682454,-1.0576411485671997
1749310826.8578472,10.446660510293354,-1.049951434135437
1749310826.8912518,10.454517362074611,-1.044516921043396
1749310826.9247568,10.46211993465661,-1.0388914346694946
1749310826.9582055,10.4697226233518,-1.0332698822021484
1749310826.9918246,10.477325379704725,-1.0276460647583008
1749310827.0257204,10.484928248615896,-1.0220187902450562
1749310827.0591655,10.492277533887926,-1.016391396522522
1749310827.092604,10.50266762370098,-1.0107676982879639
1749310827.1260746,10.507736231272203,-1.005144715309143
1749310827.159504,10.512804436845736,-0.9993324875831604
1749310827.193102,10.523194600509587,-0.993894636631012
1749310827.2271562,10.531557245070601,-0.9893969893455505
1749310827.260566,10.53814588267585,-0.9828332662582397
1749310827.2940006,10.54296018503236,-0.9788891077041626
1749310827.3274362,10.553093309735633,-0.971368134021759
1749310827.3608718,10.560943661513218,-0.9657479524612427
1749310827.3942893,10.568539793759202,-0.960180401802063
1749310827.4276977,10.573573948949138,-0.956111490726471
1749310827.4611804,10.581172819567463,-0.9511799216270447
1749310827.4947443,10.586216887388979,-0.9463708400726318
1749310827.528981,10.59353488150547,-0.9418128728866577
1749310827.5623853,10.601355132021537,-0.9352113604545593
1749310827.5957944,10.612393231958073,-0.9279112219810486
1749310827.629204,10.619263530706794,-0.9228576421737671
1749310827.6626642,10.62652208071672,-0.9185439348220825
1749310827.6960933,10.63390160057552,-0.9139374494552612
1749310827.7296343,10.641708314891705,-0.9083822965621948
1749310827.7632751,10.649151927374717,-0.901405930519104
1749310827.7966778,10.654016194013524,-0.8968978524208069
1749310827.8302538,10.66133282631458,-0.8889315128326416
1749310827.863861,10.671752292144491,-0.8823800086975098
1749310827.897424,10.676513234724665,-0.8772282004356384
1749310827.9308302,10.68408056413108,-0.8725094199180603
1749310827.9642262,10.691279981063435,-0.8657588362693787
1749310827.9977558,10.700699564707032,-0.8526909351348877
1749310828.0316591,10.705356594209624,-0.8484840393066406
1749310828.0652263,10.715212552196228,-0.8396649360656738
1749310828.098624,10.720480756374936,-0.8339090347290039
1749310828.1320705,10.729489606414466,-0.8241594433784485
1749310828.1654959,10.73437081254664,-0.8163137435913086
1749310828.1989357,10.74151925895587,-0.8078598380088806
1749310828.2323372,10.749000457492842,-0.8007321357727051
1749310828.2657762,10.756415818558683,-0.7906686663627625
1749310828.2996233,10.763509754753926,-0.784408688545227
1749310828.333053,10.770846646540233,-0.7741376757621765
1749310828.3665912,10.777039618058142,-0.7618049383163452
1749310828.4000008,10.78440295461317,-0.7524803280830383
1749310828.4335804,10.794023665262536,-0.7423698902130127
1749310828.4669845,10.798492964951887,-0.7299348711967468
1749310828.50037,10.807828474241019,-0.7136433720588684
1749310828.5337927,10.81528929918173,-0.7029495239257812
1749310828.567173,10.820029488998262,-0.6931575536727905
1749310828.6005883,10.827082263125106,-0.6806969046592712
1749310828.6341136,10.836663067057724,-0.6685675978660583
1749310828.6675618,10.843454318067495,-0.6543412804603577
1749310828.7009892,10.850197834109993,-0.6363732814788818
1749310828.7343907,10.856884579729854,-0.6223896145820618
1749310828.7678032,10.866793052397627,-0.6102153062820435
1749310828.8012223,10.873610696822373,-0.5920154452323914
1749310828.834618,10.878706740380572,-0.5842164754867554
1749310828.8683794,10.885529941195756,-0.5715852975845337
1749310828.9018135,10.892401893716057,-0.5573381781578064
1749310828.935324,10.901594480007963,-0.5387442708015442
1749310828.9688125,10.908699009014818,-0.5262614488601685
1749310829.0022678,10.916138652897764,-0.5146061778068542
1749310829.0356727,10.92369242478341,-0.5028470754623413
1749310829.0690827,10.930407674301128,-0.49120020866394043
1749310829.1024966,10.937772934574648,-0.4802077114582062
1749310829.1369314,10.945321807183378,-0.46892017126083374
1749310829.1703415,10.952374334691285,-0.45743295550346375
1749310829.203756,10.959850677813659,-0.4455600678920746
1749310829.2372253,10.966989609388914,-0.4333469271659851
1749310829.2706575,10.974252659122055,-0.4218674600124359
1749310829.304068,10.98405356060384,-0.4071902334690094
1749310829.3375459,10.991398279115463,-0.3965012729167938
1749310829.3709683,11.001092889836004,-0.38706234097480774
1749310829.4043765,11.006269041198781,-0.3765055537223816
1749310829.437787,11.013154844179368,-0.3649565875530243
1749310829.4712029,11.020437333474593,-0.35308775305747986
1749310829.5045662,11.0267245729151,-0.346736341714859
1749310829.5380232,11.032551408549471,-0.334689199924469
1749310829.5714512,11.03964019241906,-0.3249441683292389
1749310829.604854,11.047056079669954,-0.3149826228618622
1749310829.6383128,11.05463899709958,-0.30332237482070923
1749310829.6717548,11.06157942743474,-0.29398924112319946
1749310829.7051253,11.073982116632479,-0.2802199125289917
1749310829.738543,11.081131283547627,-0.271038681268692
1749310829.7719004,11.086251709379566,-0.2613416910171509
1749310829.8053148,11.09370028210662,-0.25241073966026306
1749310829.8387237,11.101175274604213,-0.24374355375766754
1749310829.8725204,11.11104463146513,-0.2327166348695755
1749310829.9059265,11.121096932781692,-0.22546829283237457
1749310829.9393435,11.126014115131651,-0.21718820929527283
1749310829.972766,11.133483489754438,-0.20983445644378662
1749310830.0062137,11.138780439093246,-0.20555569231510162
1749310830.0396168,11.146162416061511,-0.20009097456932068
1749310830.073014,11.15351214582638,-0.19428826868534088
1749310830.1065187,11.163652324169947,-0.18718783557415009
1749310830.1398807,11.168647919305714,-0.18063844740390778
1749310830.173284,11.179451307551757,-0.17410047352313995
1749310830.2066867,11.183729028714684,-0.168946772813797
1749310830.2401679,11.193734188782232,-0.1608288437128067
1749310830.273583,11.20358849126303,-0.15582002699375153
1749310830.3071642,11.206350297199057,-0.15193027257919312
1749310830.3406234,11.21386354440285,-0.14597073197364807
1749310830.3747911,11.223931488349557,-0.14069145917892456
1749310830.4082127,11.22873523101264,-0.13584187626838684
1749310830.44162,11.236800363805527,-0.1305532604455948
1749310830.4750228,11.244135968923597,-0.12664079666137695
1749310830.5084703,11.254542103194995,-0.12176136672496796
1749310830.5418763,11.261630458084076,-0.11800186336040497
1749310830.5752933,11.269445513138221,-0.11395316570997238
1749310830.6086776,11.2793335542143,-0.11094167083501816
1749310830.6420815,11.284634107644749,-0.10698927938938141
1749310830.675995,11.294494870319387,-0.1024244949221611
1749310830.7094045,11.302080075284184,-0.09910550713539124
1749310830.742843,11.307155008573124,-0.09752382338047028
1749310830.7762508,11.317520486069295,-0.09294772893190384
1749310830.8097017,11.324847827167137,-0.08973141759634018
1749310830.8431745,11.332717846901321,-0.08727605640888214
1749310830.876594,11.342831373221753,-0.08321911096572876
1749310830.9100032,11.350431098275727,-0.08042992651462555
1749310830.9436712,11.355744300374827,-0.07835450023412704
1749310830.977078,11.365630087925002,-0.07595325261354446
1749310831.0104785,11.37043367283931,-0.07310762256383896
1749310831.043914,11.37827334378474,-0.07024673372507095
1749310831.0773187,11.385874775196733,-0.06764373928308487
1749310831.1107132,11.396024957010777,-0.06440335512161255
1749310831.1440876,11.403597389071361,-0.06144154816865921
1749310831.1774888,11.410951623977684,-0.059535738080739975
1749310831.2108827,11.418828643358513,-0.05782967433333397
1749310831.24428,11.426661429159633,-0.05526128038764
1749310831.2777145,11.43376009842389,-0.05316377058625221
1749310831.3112261,11.442124142152796,-0.05116972699761391
1749310831.344629,11.449218511329983,-0.04910150542855263
1749310831.3781118,11.456846950238711,-0.047464288771152496
1749310831.4115186,11.464212188892198,-0.0448804646730423
1749310831.4449863,11.471843751348683,-0.04323528707027435
1749310831.478401,11.479725329101912,-0.04200858622789383
1749310831.5118268,11.487321093120062,-0.0396760031580925
1749310831.5454373,11.494921403418674,-0.03753557428717613
1749310831.578868,11.505062511715872,-0.0354933887720108
1749310831.612317,11.507343325541292,-0.03419597074389458
1749310831.6457484,11.51546761948777,-0.03302047774195671
1749310831.6791484,11.52281267678819,-0.030328359454870224
1749310831.713347,11.530417974321562,-0.02850888855755329
1749310831.746799,11.54056933268465,-0.027182335034012794
1749310831.780273,11.545646767336267,-0.026152776554226875
1749310831.8141344,11.553248470183926,-0.023673873394727707
1749310831.847818,11.563420103954517,-0.02210189960896969
1749310831.88122,11.571061830694331,-0.020396171137690544
1749310831.9146369,11.576146357703156,-0.01930050179362297
1749310831.9480677,11.583767385712788,-0.018450424075126648
1749310831.9814665,11.5939367957435,-0.017200946807861328
1749310832.0148447,11.59647577242833,-0.016214441508054733
1749310832.0482273,11.606638913801993,-0.015190941281616688
1749310832.0816455,11.614000716514054,-0.013720130547881126
1749310832.1150644,11.619338942156867,-0.013535701669752598
1749310832.1484718,11.62696348651861,-0.012112775817513466
1749310832.1818764,11.637360416378284,-0.010417675599455833
1749310832.215274,11.644988519910923,-0.009112203493714333
1749310832.248687,11.65178570209092,-0.008060581050813198
1749310832.2821257,11.6558205680457,-0.007415867876261473
1749310832.315532,11.66058320018151,-0.007946940138936043
1749310832.348974,11.664675207830925,-0.006242384202778339
1749310832.3823833,11.66843437154271,-0.006117135751992464
1749310832.4158351,11.67196423250027,-0.005283988080918789
1749310832.4492629,11.675472113249967,-0.004762604832649231
1749310832.48272,11.678688016655688,-0.005171329248696566
1749310832.516138,11.683470575004154,-0.004650261718779802
1749310832.549566,11.687469183656352,-0.00405494449660182
1749310832.5830882,11.690599246965425,-0.0038866973482072353
1749310832.6165836,11.693730607702683,-0.0037141090724617243
1749310832.6500475,11.697172859702668,-0.004144751466810703
1749310832.6834307,11.700301627880048,-0.003332915948703885
1749310832.7168498,11.703463159377115,-0.004063555039465427
1749310832.75029,11.706828811544971,-0.0026863503735512495
1749310832.783785,11.7101751175547,-0.0030339485965669155
1749310832.8171868,11.713300753901162,-0.002295352052897215
1749310832.850585,11.716614389425171,-0.002594348043203354
1749310832.8840022,11.719727528473033,-0.0035391557030379772
1749310832.9174132,11.722728262405953,-0.0026177542749792337
1749310832.9508417,11.725873107200739,-0.003365740180015564
1749310832.9842503,11.730387123276989,-0.004262286704033613
1749310833.0176823,11.732964054743007,-0.0036831109318882227
1749310833.0510879,11.737835423255227,-0.004472728352993727
1749310833.0844994,11.741589211511865,-0.004836649633944035
1749310833.1179466,11.744053527270378,-0.00634469510987401
1749310833.1513488,11.749063809486268,-0.005627359729260206
1749310833.1847742,11.752693741326643,-0.006509335711598396
1749310833.2181804,11.754966186824458,-0.005474376957863569
1749310833.2515452,11.759817111493966,-0.0056210230104625225
1749310833.2849445,11.763513218491449,-0.00640713470056653
1749310833.318326,11.76668112577021,-0.007784393150359392
1749310833.3517358,11.769980318545706,-0.007296836469322443
1749310833.3856487,11.773301848649519,-0.007961481809616089
1749310833.4196022,11.776620547798263,-0.009221738204360008
1749310833.4530568,11.780885665575411,-0.009809030219912529
1749310833.486477,11.782977338738092,-0.010659749619662762
1749310833.5199142,11.784964905304879,-0.011039132252335548
1749310833.5533628,11.7881273449792,-0.011760178953409195
1749310833.5867906,11.791508718220623,-0.011510158888995647
1749310833.6202497,11.794387540075563,-0.013031660579144955
1749310833.6536977,11.797660465972653,-0.01274911779910326
1749310833.6870997,11.80063020505226,-0.013128871098160744
1749310833.7205179,11.803353410777897,-0.014715654775500298
1749310833.753925,11.806266136476806,-0.014601217582821846
1749310833.7873886,11.808845192699494,-0.015931524336338043
1749310833.8208413,11.811711191387703,-0.01586567796766758
1749310833.8542457,11.814495561267144,-0.016882160678505898
1749310833.8877096,11.817051455337497,-0.017135119065642357
1749310833.921559,11.819769597615142,-0.01657528057694435
1749310833.9550164,11.823047937974279,-0.017926042899489403
1749310833.9885097,11.825696278491423,-0.017585253342986107
1749310834.0219169,11.827432086621165,-0.018772222101688385
1749310834.0553117,11.830626099464036,-0.019433321431279182
1749310834.0887122,11.833741192072598,-0.01978924497961998
1749310834.122111,11.835473121731425,-0.019732095301151276
1749310834.1555076,11.837735425090754,-0.020970039069652557
1749310834.188954,11.84008475142114,-0.02033269591629505
1749310834.222338,11.842339976899165,-0.02189856395125389
1749310834.2565076,11.844525576244168,-0.021308377385139465
1749310834.2898874,11.846688868255299,-0.022962309420108795
1749310834.3233075,11.848141373775501,-0.022311443462967873
1749310834.3566608,11.850419282681862,-0.024093257263302803
1749310834.3900576,11.852518341597106,-0.024021664634346962
1749310834.4234712,11.854746940209244,-0.025804487988352776
1749310834.4569218,11.857547536203256,-0.02496090531349182
1749310834.4903827,11.859482996870687,-0.026803098618984222
1749310834.523846,11.861654891321562,-0.025539562106132507
1749310834.5572567,11.863580947938237,-0.0273438673466444
1749310834.5907784,11.86551177827697,-0.025517603382468224
1749310834.6244252,11.866773639859456,-0.027294544503092766
1749310834.6579306,11.868638538018546,-0.02704055793583393
1749310834.691415,11.871154759637154,-0.02930842712521553
1749310834.7248132,11.873336387693938,-0.02892335131764412
1749310834.7582667,11.87507399086696,-0.0300955418497324
1749310834.7916744,11.876326961850992,-0.030448496341705322
1749310834.8251119,11.878004419154635,-0.02975441887974739
1749310834.8587496,11.88026799234173,-0.030126506462693214
1749310834.892377,11.881920611010786,-0.02997688762843609
1749310834.925774,11.883510942982692,-0.030196646228432655
1749310834.9591808,11.884545925764984,-0.030370302498340607
1749310834.9925919,11.886133753402683,-0.030766334384679794
1749310835.0259945,11.887635184582736,-0.031235383823513985
1749310835.0593922,11.889095541824727,-0.03102530911564827
1749310835.092794,11.890791481984392,-0.03196828067302704
1749310835.126196,11.892162992753525,-0.03161052241921425
1749310835.1596277,11.893115711705484,-0.032442957162857056
1749310835.1930451,11.89469751671706,-0.03191762417554855
1749310835.2264655,11.89614381452455,-0.03261702135205269
1749310835.2598639,11.897561713608669,-0.03311062231659889
1749310835.2932599,11.898932612693903,-0.03316749259829521
1749310835.326668,11.900708287217961,-0.03376690670847893
1749310835.3601248,11.902485825048064,-0.03362618014216423
1749310835.3934917,11.902925777003373,-0.034365590661764145
1749310835.4269247,11.904275000448658,-0.03396540880203247
1749310835.4604056,11.905597413412318,-0.03474839776754379
1749310835.4939826,11.907331014803962,-0.03442271798849106
1749310835.5274413,11.90865334177619,-0.035128213465213776
1749310835.5608828,11.909885238085817,-0.03452315554022789
1749310835.5942814,11.911147168540028,-0.03521472588181496
1749310835.6276522,11.911944507151167,-0.034966714680194855
1749310835.6610596,11.91350866586452,-0.03484942764043808
1749310835.6944456,11.914271048749931,-0.03452290594577789
1749310835.7278433,11.915888403801738,-0.0348670668900013
1749310835.7612507,11.916518226354354,-0.034337665885686874
1749310835.7947788,11.91801001580164,-0.034839075058698654
1749310835.828193,11.918712603563934,-0.03429986163973808
1749310835.8616095,11.920113274540416,-0.03484227508306503
1749310835.8950365,11.921162730459319,-0.03415950760245323
1749310835.928437,11.92221542825449,-0.03476748242974281
1749310835.9618392,11.923214684287025,-0.034084659069776535
1749310835.995223,11.92427984311012,-0.03451991081237793
1749310836.0287511,11.925300615388664,-0.03404756635427475
1749310836.0621667,11.926312100966271,-0.0345572903752327
1749310836.0961223,11.927336784041627,-0.03433733060956001
1749310836.129534,11.928109022515057,-0.034437138587236404
1749310836.1629374,11.928948794459034,-0.034376390278339386
1749310836.196376,11.929858940910675,-0.03438388183712959
1749310836.2297852,11.930640736138189,-0.034592404961586
1749310836.2632005,11.931473453142885,-0.03431352972984314
1749310836.2966022,11.93231483765953,-0.0344393216073513
1749310836.3300006,11.933139244377951,-0.0340748056769371
1749310836.3634691,11.93390195164718,-0.034254420548677444
1749310836.3969476,11.934601909802673,-0.03420574218034744
1749310836.430422,11.935380208948024,-0.034614693373441696
1749310836.4638612,11.938194376300741,-0.03269806131720543
1749310836.497329,11.943035083259774,-0.029992949217557907
1749310836.5308688,11.948806468761912,-0.024359771981835365
1749310836.5642672,11.955393118058725,-0.019356921315193176
1749310836.5976722,11.962424553489077,-0.014026330783963203
1749310836.6310444,11.967254968793025,-0.010649045929312706
1749310836.6673827,11.974877540871388,-0.005469104740768671
1749310836.7008266,11.982116524657838,0.0009008313645608723
1749310836.7342412,11.989915703342696,0.006264451425522566
1749310836.7676852,12.000025878339343,0.01308060809969902
1749310836.8010416,12.00863534270452,0.018629902973771095
1749310836.8345144,12.015729654001461,0.023991432040929794
1749310836.8684769,12.022316403380396,0.02956979162991047
1749310836.9020855,12.032689622018381,0.03733140975236893
1749310836.935734,12.040290152952908,0.04271214082837105
1749310836.9691432,12.045610996566872,0.04643991217017174
1749310837.0025609,12.052956841062382,0.052249304950237274
1749310837.035966,12.058276963345472,0.05617601051926613
1749310837.0694804,12.067907379958404,0.06139957904815674
1749310837.1028624,12.07297610117246,0.06737806648015976
1749310837.1364763,12.08057938137624,0.07280229032039642
1749310837.1699471,12.08894438194402,0.07690024375915527
1749310837.2033482,12.096039299507929,0.08397293835878372
1749310837.2368276,12.103888408872784,0.08919558674097061
1749310837.2703297,12.111477016827507,0.09058689326047897
1749310837.303727,12.11925020017537,0.09501460194587708
1749310837.3374052,12.12935046312349,0.09961532801389694
1749310837.3710895,12.134491928779283,0.10542856901884079
1749310837.4045339,12.14309106267734,0.11022194474935532
1749310837.437939,12.150137207358457,0.11536497622728348
1749310837.4724112,12.15832792089013,0.11924270540475845
1749310837.5058186,12.166144493844588,0.12177444994449615
1749310837.539238,12.174889807265073,0.12677381932735443
1749310837.5727003,12.182586506115918,0.13149861991405487
1749310837.606115,12.193081635920421,0.1372729390859604
1749310837.639519,12.201039871548579,0.1430177539587021
1749310837.6733212,12.20874850393789,0.1503690630197525
1749310837.706732,12.216216630417424,0.15890851616859436
1749310837.740183,12.22139394601425,0.16222774982452393
1749310837.7746787,12.229185574592439,0.16836023330688477
1749310837.8081143,12.239473002249579,0.1741408258676529
1749310837.841569,12.24482441437847,0.17971953749656677
1749310837.8751302,12.254765557763644,0.18531309068202972
1749310837.9085703,12.262398166022795,0.1925322562456131
1749310837.9419858,12.268470557230785,0.19645027816295624
1749310837.9754016,12.275331534255393,0.20158696174621582
1749310838.0088,12.285212226268564,0.20902574062347412
1749310838.0421789,12.290276097656013,0.21253758668899536
1749310838.0756001,12.300415000561154,0.2181273251771927
1749310838.1090243,12.305449901812393,0.22511440515518188
1749310838.1424608,12.313057420275129,0.22907236218452454
1749310838.1760511,12.320401506530473,0.23479454219341278
1749310838.2094784,12.327982736306682,0.2404801994562149
1749310838.2428842,12.338359043415254,0.2461269348859787
1749310838.2762856,12.345960810140262,0.25171205401420593
1749310838.309714,12.351025940668537,0.25546103715896606
1749310838.343165,12.355841876182183,0.26098960638046265
1749310838.3765647,12.366229642247118,0.2686786353588104
1749310838.4100208,12.373826928006778,0.2722637951374054
1749310838.4434695,12.378895877861261,0.277852863073349
1749310838.4768994,12.386244774316896,0.28348642587661743
1749310838.5103307,12.398155374777499,0.29021745920181274
1749310838.5437324,12.401450052265263,0.2950901687145233
1749310838.5771012,12.4118394589155,0.3003329932689667
1749310838.6105652,12.416906248076048,0.30598679184913635
1749310838.643974,12.42525104613475,0.3115265965461731
1749310838.6774757,12.434749727370264,0.3154716491699219
1749310838.7108822,12.439790955162419,0.321228563785553
1749310838.744302,12.447420677984011,0.3264535963535309
1749310838.777782,12.455317610914985,0.33200109004974365
1749310838.8111923,12.4629672491886,0.33718544244766235
1749310838.8446424,12.473424194807242,0.34422218799591064
1749310838.8780584,12.4805569057799,0.35022658109664917
1749310838.9114926,12.48805547861237,0.3565334677696228
1749310838.9455872,12.495830652900214,0.3608977794647217
1749310838.9789972,12.503322705066116,0.3681899905204773
1749310839.0124197,12.513532075972082,0.374909371137619
1749310839.04602,12.520904643596348,0.3807171881198883
1749310839.0794497,12.528784904835636,0.3862719237804413
1749310839.1130354,12.536479093070271,0.3911301791667938
1749310839.146446,12.541478774485803,0.3961069583892822
1749310839.179883,12.549090228032295,0.40089887380599976
1749310839.213326,12.55922562735027,0.4067094027996063
1749310839.2467678,12.56957496666261,0.41450828313827515
1749310839.280189,12.57438346905739,0.4201276898384094
1749310839.31363,12.58600806866432,0.4271352291107178
1749310839.347028,12.592640429305316,0.4317528009414673
1749310839.380476,12.599470850470265,0.4375979006290436
1749310839.413933,12.607510134708637,0.44353005290031433
1749310839.4474063,12.61461900625174,0.44910311698913574
1749310839.480813,12.622466596101543,0.4545428156852722
1749310839.514232,12.630031475175631,0.46038925647735596
1749310839.5477343,12.638128634536796,0.46586865186691284
1749310839.5810983,12.647739715987397,0.4713859260082245
1749310839.6145864,12.65306995744256,0.4766763150691986
1749310839.6480625,12.660150316510054,0.4826897978782654
1749310839.681507,12.667977344126998,0.4882844388484955
1749310839.7149534,12.675566794353404,0.49358072876930237
1749310839.7483568,12.683400324194604,0.4991014301776886
1749310839.781773,12.69100464024573,0.504584014415741
1749310839.8151805,12.698344503639257,0.5102038383483887
1749310839.8487284,12.708468556924226,0.5174751281738281
1749310839.8821402,12.713525349710675,0.5214908719062805
1749310839.9155965,12.721115810373611,0.5276102423667908
1749310839.948996,12.728705694376703,0.5326523184776306
1749310839.9826941,12.736565593078451,0.5380609035491943
1749310840.0161886,12.743910663061758,0.5435170531272888
1749310840.0496197,12.751191368742704,0.5498891472816467
1749310840.0830832,12.761552021239524,0.5570132732391357
1749310840.1165223,12.769090230586276,0.5626792311668396
1749310840.1499298,12.776733467589423,0.5674071907997131
1749310840.1833482,12.784288042359567,0.5730451345443726
1749310840.220473,12.789086998176085,0.5786173939704895
1749310840.2539864,12.796868837807688,0.5832427740097046
1749310840.2874093,12.804410160172758,0.5889582633972168
1749310840.3208091,12.814616046389695,0.5950124859809875
1749310840.3542428,12.819876795318763,0.5994920134544373
1749310840.387668,12.827476510877373,0.6042122840881348
1749310840.4210806,12.834731578601371,0.6107199192047119
1749310840.4545314,12.842303484897885,0.616128146648407
1749310840.4879513,12.85239889297391,0.623806357383728
1749310840.5215697,12.857247403785099,0.625045895576477
1749310840.5550067,12.862322840144236,0.6308744549751282
1749310840.5884092,12.870081382848372,0.636593222618103
1749310840.621929,12.879972444071306,0.6439737677574158
1749310840.6560571,12.89031206354975,0.6499346494674683
1749310840.6894512,12.897717322735708,0.6562012434005737
1749310840.7229025,12.905511563582069,0.6622406244277954
1749310840.756318,12.91592228941676,0.6693046689033508
1749310840.7897418,12.923494098891647,0.6750119924545288
1749310840.8231905,12.930808101320329,0.680993914604187
1749310840.8567524,12.93837888608033,0.6861771941184998
1749310840.8902783,12.946217842460756,0.6919351816177368
1749310840.923688,12.953309551362818,0.6973809599876404
1749310840.9570858,12.961116612432605,0.7031874060630798
1749310840.9905434,12.968999652937729,0.7080074548721313
1749310841.0239315,12.976325747440848,0.7136467695236206
1749310841.0574179,12.983899759692935,0.7190452218055725
1749310841.0908797,12.991256369874868,0.724547803401947
1749310841.1243203,13.001191426733602,0.7311224341392517
1749310841.1577468,13.006639615498338,0.7386932373046875
1749310841.1911924,13.016154050047476,0.7469499707221985
1749310841.2247083,13.020973568257192,0.752810001373291
1749310841.2581198,13.028628799977668,0.7605785131454468
1749310841.2915382,13.036481433112227,0.7640057802200317
1749310841.324938,13.043274193424892,0.7754202485084534
1749310841.3585896,13.052923790800074,0.7832388877868652
1749310841.3919666,13.057832653389008,0.7932341694831848
1749310841.425378,13.064939694626087,0.8013129234313965
1749310841.4588053,13.07194474475612,0.8103646039962769
1749310841.4923,13.079344541248473,0.8189271688461304
1749310841.525728,13.089323265265385,0.8306844830513
1749310841.559233,13.09417359140041,0.8346431255340576
1749310841.5926423,13.101790854595961,0.843940258026123
1749310841.626054,13.108303118147866,0.8553203344345093
1749310841.6594636,13.115870848849482,0.8631254434585571
1749310841.6928663,13.12278369209756,0.8736371994018555
1749310841.7262695,13.130187406376502,0.8821793794631958
1749310841.7600253,13.135024580604524,0.8904063701629639
1749310841.7934394,13.141353504602993,0.9040979146957397
1749310841.8268409,13.148497627875727,0.9118760824203491
1749310841.8602533,13.155230178593998,0.9236137866973877
1749310841.893629,13.1633916911661,0.9332658052444458
1749310841.9270961,13.169712207241185,0.9443345665931702
1749310841.9605055,13.176632013477349,0.9542505145072937
1749310841.9939167,13.185586167659427,0.970544695854187
1749310842.0273252,13.193285642699708,0.979846179485321
1749310842.06083,13.20062791904515,0.9905190467834473
1749310842.0943396,13.207950122915854,0.9998300671577454
1749310842.1279974,13.215404880591814,1.0075340270996094
1749310842.1614273,13.223748398532251,1.0184128284454346
1749310842.1948414,13.23013575506467,1.0285314321517944
1749310842.22825,13.237259030787405,1.0384392738342285
1749310842.2616599,13.244614929459994,1.0463019609451294
1749310842.2950618,13.251732289806862,1.0571448802947998
1749310842.3284945,13.259231299312894,1.0654098987579346
1749310842.3619196,13.266495084536086,1.075235366821289
1749310842.395299,13.273828422583476,1.0844502449035645
1749310842.428744,13.281192003131913,1.0938148498535156
1749310842.46221,13.291379277206683,1.1020658016204834
1749310842.4959934,13.299011803929902,1.113974928855896
1749310842.529401,13.308568049307057,1.127638816833496
1749310842.5628192,13.315812363485554,1.1380500793457031
1749310842.5962152,13.323448027483618,1.145727515220642
1749310842.6296601,13.330558058152786,1.1552648544311523
1749310842.6630661,13.337714018253818,1.164031744003296
1749310842.6966867,13.34783928985298,1.1725214719772339
1749310842.7307594,13.35266759175755,1.1819087266921997
1749310842.7701435,13.36271636779884,1.1896711587905884
1749310842.8035834,13.367632566428348,1.1987024545669556
1749310842.8370092,13.374994896886527,1.2067925930023193
1749310842.8704395,13.3823558756777,1.2133053541183472
1749310842.903864,13.389647431843743,1.222186803817749
1749310842.9374716,13.397112822285656,1.2307995557785034
1749310842.971059,13.404553828235478,1.2390779256820679
1749310843.004483,13.411904987440224,1.2472236156463623
1749310843.0379086,13.419554259413909,1.2533011436462402
1749310843.0713313,13.427158800157242,1.259328842163086
1749310843.10927,13.434377785895244,1.2640248537063599
1749310843.1426845,13.439750047935417,1.2725307941436768
1749310843.1761425,13.447166286086583,1.2801066637039185
1749310843.2095623,13.456913563714357,1.2867226600646973
1749310843.2429721,13.464551640886121,1.2938108444213867
1749310843.276385,13.471673225499966,1.3009541034698486
1749310843.309818,13.481970916946505,1.3088864088058472
1749310843.3432527,13.486985200824071,1.3131794929504395
1749310843.376954,13.494461403366175,1.3199139833450317
1749310843.4103646,13.501711866870519,1.3260670900344849
1749310843.443774,13.507023145293743,1.3294684886932373
1749310843.4771876,13.514547813910577,1.3358471393585205
1749310843.5106099,13.52208024406497,1.3415884971618652
1749310843.5441897,13.531938857650406,1.3463630676269531
1749310843.577616,13.537223794388236,1.3516654968261719
1749310843.6110306,13.544780126265053,1.3568158149719238
1749310843.644505,13.554940600264663,1.361108422279358
1749310843.6779077,13.560010170580473,1.3659837245941162
1749310843.711309,13.570024032998628,1.3720937967300415
1749310843.744726,13.577731688016817,1.3774241209030151
1749310843.7781382,13.58537077621981,1.3819950819015503
1749310843.8819416,13.60143496629358,1.3880157470703125
1749310843.9154248,13.605163595896668,1.3893861770629883
1749310843.948829,13.609241933276763,1.3924444913864136
1749310843.9822788,13.620165834471736,1.3973661661148071
1749310844.0160172,13.630134340159026,1.3999985456466675
1749310844.0495055,13.640254616050514,1.4058263301849365
1749310844.0829225,13.650616329880476,1.4087707996368408
1749310844.116344,13.657961464080326,1.4126914739608765
1749310844.1502104,13.668496646158035,1.4171929359436035
1749310844.1836154,13.678708703101469,1.4217174053192139
1749310844.2170143,13.689316613069616,1.4255732297897339
1749310844.2505195,13.699586227352752,1.4295070171356201
1749310844.284101,13.713737908713627,1.4335980415344238
1749310844.3180094,13.721175018151062,1.4377801418304443
1749310844.351809,13.731796962615354,1.4419496059417725
1749310844.38517,13.742771929294866,1.4459621906280518
1749310844.4185665,13.753060934243853,1.4494428634643555
1749310844.4520826,13.76368450430202,1.453531265258789
1749310844.4854877,13.774663380169375,1.4572821855545044
1749310844.519344,13.788854262220097,1.4604758024215698
1749310844.5527875,13.795583699475891,1.464030385017395
1749310844.5861547,13.806198424653225,1.46812105178833
1749310844.6195846,13.817190967178794,1.4715853929519653
1749310844.6530368,13.827480920735518,1.474714994430542
1749310844.6866288,13.838102097970635,1.4788849353790283
1749310844.7200286,13.85232355102563,1.4820539951324463
1749310844.7538981,13.862624176764113,1.4847806692123413
1749310844.7873063,13.873629427745742,1.4878724813461304
1749310844.8207676,13.884272727419868,1.4914268255233765
1749310844.8544266,13.895315951947808,1.493236780166626
1749310844.8878324,13.90559792862799,1.496906042098999
1749310844.9213693,13.919822747696744,1.499401569366455
1749310844.9550407,13.92693325028562,1.501595139503479
1749310844.9884565,13.937222222836922,1.504906415939331
1749310845.0218198,13.94822272787819,1.5077476501464844
1749310845.0552163,13.960659751178119,1.5100325345993042
1749310845.088626,13.970608846682788,1.5121101140975952
1749310845.1220946,13.980898213764762,1.515104055404663
1749310845.1555035,13.990482855356635,1.5174540281295776
1749310845.1889884,14.005750606519971,1.5199908018112183
1749310845.2223923,14.012138200549733,1.5223087072372437
1749310845.2558036,14.02278365050869,1.5248711109161377
1749310845.289159,14.033444901962392,1.526366949081421
1749310845.32261,14.043746800600331,1.5284490585327148
1749310845.3560245,14.054760406377026,1.5296767950057983
1749310845.3894284,14.068964558568254,1.5313318967819214
1749310845.4228249,14.076059588677818,1.5340393781661987
1749310845.4562237,14.090284811311612,1.535485863685608
1749310845.4896302,14.0970371302124,1.5371501445770264
1749310845.5231578,14.111246496371846,1.5390377044677734
1749310845.5565553,14.119072620108023,1.539753794670105
1749310845.5900722,14.129734855112712,1.5410845279693604
1749310845.6235309,14.140036781375459,1.5424959659576416
1749310845.6569428,14.150692473705405,1.5445746183395386
1749310845.6903682,14.161358002829544,1.5454686880111694
1749310845.72378,14.172020455086058,1.546749472618103
1749310845.757184,14.182675963119573,1.5481986999511719
1749310845.7905865,14.196888708590738,1.5490999221801758
1749310845.8242905,14.207542099620333,1.5509003400802612
1749310845.8577545,14.218203294268662,1.5517204999923706
1749310845.891162,14.232047410828427,1.5538338422775269
1749310845.9245644,14.242706427590083,1.5548746585845947
1749310845.9587204,14.253361434277059,1.5561378002166748
1749310845.996234,14.26793192225654,1.5565568208694458
1749310846.0296156,14.278588806297797,1.5578656196594238
1749310846.0630596,14.289245926650116,1.5588884353637695
1749310846.096552,14.296352280247241,1.5593218803405762
1749310846.1299539,14.307010849919719,1.5601592063903809
1749310846.1633577,14.317312493469569,1.5612616539001465
1749310846.1968772,14.328323960202118,1.5622376203536987
1749310846.2303302,14.338628047326765,1.5627225637435913
1749310846.2637393,14.353193251175226,1.5635638236999512
1749310846.2971368,14.36029940773229,1.5639857053756714
1749310846.3321009,14.370955765484588,1.5649009943008423
1749310846.3655045,14.381611116060002,1.5656206607818604
1749310846.3999763,14.392266554368419,1.56618332862854
1749310846.4334838,14.402566840965887,1.5668683052062988
1749310846.4669914,14.417127068021992,1.5680079460144043
1749310846.500393,14.424939371318576,1.5687881708145142
1749310846.533861,14.43452891937451,1.5693713426589966
1749310846.567262,14.445540947579335,1.5695945024490356
1749310846.6006653,14.455841039454638,1.570203185081482
1749310846.634128,14.466494980770547,1.5709940195083618
1749310846.6710768,14.477150878791681,1.571365237236023
1749310846.7047048,14.488160669735064,1.5721826553344727
1749310846.738226,14.498816222861553,1.5726878643035889
1749310846.7717001,14.509472725732104,1.5731357336044312
1749310846.8051515,14.520837046045571,1.5738800764083862
1749310846.8385966,14.53078089434481,1.5744049549102783
1749310846.8720586,14.541081215919629,1.5745536088943481
1749310846.9054554,14.552093534374851,1.5748522281646729
1749310846.9388602,14.562749056134452,1.5756847858428955
1749310846.972233,14.577314158972653,1.5759660005569458
1749310847.0056446,14.58726010410054,1.5764788389205933
1749310847.039029,14.59507583107621,1.5768301486968994
1749310847.0726395,14.605376575743836,1.5773683786392212
1749310847.106047,14.61212401645478,1.5780048370361328
1749310847.1395628,14.630237993005847,1.5787808895111084
1749310847.172973,14.637340341374161,1.5793509483337402
1749310847.2064695,14.647640048111908,1.579374074935913
1749310847.2399242,14.65829563673355,1.5796375274658203
1749310847.2733397,14.668951466934415,1.5800130367279053
1749310847.3067427,14.680318330902107,1.5804342031478882
1749310847.3401437,14.69381517269128,1.5810134410858154
1749310847.3735209,14.701271235524045,1.581895112991333
1749310847.4070063,14.711935311260147,1.5817331075668335
1749310847.4404101,14.726149350642947,1.5825449228286743
1749310847.4738173,14.732901483661077,1.5830777883529663
1749310847.5072927,14.746729469153586,1.5836050510406494
1749310847.5407486,14.753082032525263,1.5843932628631592
1749310847.5741532,14.758042055613808,1.5836273431777954
1749310847.6076045,14.76231812321839,1.584649682044983
1749310847.6411777,14.765808268291156,1.5839922428131104
1749310847.674689,14.76943247948987,1.584581732749939
1749310847.7081304,14.77284494639917,1.5840405225753784
1749310847.7415125,14.77638397494214,1.5843209028244019
1749310847.7749104,14.779421241202256,1.584122896194458
1749310847.8083472,14.783602311979607,1.583883285522461
1749310847.841752,14.785739456396875,1.5834842920303345
1749310847.8752456,14.790140297682534,1.5839630365371704
1749310847.9086437,14.792386890873889,1.5832922458648682
1749310847.9420693,14.795495921352908,1.5828548669815063
1749310847.9754677,14.798740981893031,1.5832384824752808
1749310848.008874,14.803008923769461,1.5814859867095947
1749310848.042514,14.806353882409347,1.5812095403671265
1749310848.075956,14.810458956002282,1.5803478956222534
1749310848.1094983,14.812743086722191,1.5810542106628418
1749310848.142918,14.815987505726895,1.5801916122436523
1749310848.176318,14.820206879333725,1.5803252458572388
1749310848.2097282,14.82352602317307,1.580025315284729
1749310848.2432573,14.827786628370717,1.579171895980835
1749310848.2766614,14.83094879749787,1.5793205499649048
1749310848.310165,14.834609632915365,1.5784565210342407
1749310848.343654,14.838343726228443,1.5783096551895142
1749310848.3770583,14.84322200209218,1.5763740539550781
1749310848.4104443,14.847029831423686,1.5763721466064453
1749310848.4438577,14.850911888160354,1.5759001970291138
1749310848.477207,14.85337090549053,1.5741633176803589
1749310848.5106034,14.857030813066451,1.5726529359817505
1749310848.5440865,14.860540287822541,1.5717533826828003
1749310848.5774949,14.864139020008404,1.5718644857406616
1749310848.6109047,14.867880954916044,1.570931315422058
1749310848.6443248,14.871333291919944,1.5701440572738647
1749310848.6777735,14.8746187655173,1.5702499151229858
1749310848.7112207,14.878078179898427,1.5700900554656982
1749310848.7446845,14.880051624755819,1.5692335367202759
1749310848.7780914,14.883417549042154,1.5686020851135254
1749310848.8115335,14.88663675321509,1.5691919326782227
1749310848.84498,14.890818473934951,1.5675811767578125
1749310848.8784497,14.89291158756309,1.5672687292099
1749310848.9118502,14.89693228788714,1.565945029258728
1749310848.9452538,14.900117624596021,1.5658966302871704
1749310848.9786603,14.902997532996098,1.5650876760482788
1749310849.0120537,14.906026505925725,1.5637609958648682
1749310849.0454323,14.909167641106645,1.5638880729675293
1749310849.0788336,14.911744194996132,1.5629938840866089
1749310849.1122985,14.914741204585471,1.5630580186843872
1749310849.145738,14.916468447307983,1.56240713596344
1749310849.1791635,14.919249868907611,1.5612796545028687
1749310849.2125978,14.921874669050275,1.5612205266952515
1749310849.2460988,14.924478046743904,1.5598169565200806
1749310849.2794995,14.927135843689157,1.5595462322235107
1749310849.31292,14.929869776643656,1.5583916902542114
1749310849.3463116,14.931649083619735,1.5589337348937988
1749310849.379814,14.93420483697861,1.5575846433639526
1749310849.4132154,14.937836457698811,1.557510495185852
1749310849.4466283,14.940256804237375,1.5560418367385864
1749310849.4799972,14.942887262235056,1.556564450263977
1749310849.5133584,14.945280696265913,1.554950475692749
1749310849.5468175,14.947590601504633,1.5544465780258179
1749310849.5802548,14.950520796752825,1.5546250343322754
1749310849.613653,14.952731039653122,1.553336501121521
1749310849.6471002,14.954924712669653,1.5527015924453735
1749310849.6805584,14.95734723791271,1.5526131391525269
1749310849.7139666,14.95940720841057,1.5516213178634644
1749310849.747367,14.961113560210116,1.5510082244873047
1749310849.780777,14.963183486447466,1.5512897968292236
1749310849.8143165,14.965264509052636,1.5506154298782349
1749310849.8477926,14.96769356087637,1.5503791570663452
1749310849.881218,14.968879525255451,1.5477502346038818
1749310849.9146237,14.970649421057162,1.548672080039978
1749310849.9480247,14.97241815643716,1.546881914138794
1749310849.9816244,14.9742350706105,1.5473710298538208
1749310850.0150225,14.976104155603688,1.5466197729110718
1749310850.048751,14.978395204055932,1.5467478036880493
1749310850.0821562,14.979822079755875,1.5454379320144653
1749310850.1156049,14.981992577653955,1.5461981296539307
1749310850.1490018,14.983619478741629,1.54580557346344
1749310850.1824036,14.985233375022059,1.545161485671997
1749310850.2158525,14.987320868635772,1.5450359582901
1749310850.249335,14.98897618528401,1.5450220108032227
1749310850.2827852,14.990608404723776,1.544909119606018
1749310850.3162992,14.992128845762515,1.5445228815078735
1749310850.3497367,14.993710654440722,1.5453057289123535
1749310850.3831344,14.995279880704484,1.5452640056610107
1749310850.416531,14.99668024290543,1.5449988842010498
1749310850.4499505,14.998087372753966,1.5453017950057983
1749310850.4834206,14.99944641364299,1.5451165437698364
1749310850.516821,15.000837364431458,1.5447559356689453
1749310850.5502698,15.002290485968022,1.5452150106430054
1749310850.5836895,15.003656580018617,1.5446031093597412
1749310850.6170857,15.005091863847836,1.5451405048370361
1749310850.650538,15.006412183761428,1.544707179069519
1749310850.6839392,15.007781039877855,1.5449316501617432
1749310850.7173717,15.009110422670247,1.545054316520691
1749310850.7508008,15.010482771131587,1.5449515581130981
1749310850.7842386,15.011505637047055,1.545023798942566
1749310850.8177466,15.012723678373273,1.5449713468551636
1749310850.8512456,15.013951178006826,1.544896125793457
1749310850.8846576,15.015088118670679,1.5450434684753418
1749310850.9181342,15.016277285672325,1.5449990034103394
1749310850.9515815,15.017414101115872,1.5448989868164062
1749310850.9850104,15.018534609092226,1.5449634790420532
1749310851.0186124,15.019644869523333,1.5449471473693848
1749310851.0520968,15.02036691296785,1.5449695587158203
1749310851.0859766,15.021801837299227,1.5449769496917725
1749310851.1194453,15.022813066451985,1.5449665784835815
1749310851.1528656,15.02388359553435,1.5449702739715576
1749310851.1862707,15.024901064376833,1.5449469089508057
1749310851.219676,15.025904298012591,1.5449230670928955
1749310851.2530787,15.026888796860813,1.544919490814209
1749310851.286487,15.027855713261685,1.5449098348617554
1749310851.323334,15.028808310757904,1.5448999404907227
1749310851.3569524,15.029775697631095,1.5448888540267944
1749310851.390377,15.030666290144255,1.5448801517486572
1749310851.4238024,15.031573102069176,1.5448715686798096
1749310851.4572341,15.032436028785591,1.5448623895645142
1749310851.4906487,15.033344270674705,1.5448532104492188
1749310851.5241046,15.034180478678104,1.544843316078186
1749310851.557504,15.035032435700627,1.544836163520813
1749310851.590901,15.035926358698594,1.5448275804519653
1749310851.6243982,15.036723460750405,1.5448179244995117
1749310851.6578562,15.03753533986596,1.5448107719421387
1749310851.6912637,15.038333872352823,1.5448015928268433
1749310851.7249346,15.039120475140283,1.544793725013733
1749310851.758346,15.03989467198029,1.544785976409912
1749310851.791754,15.040569652266452,1.544783115386963
1749310851.8254995,15.04094124325024,1.5447793006896973
1749310851.8589044,15.041135869839243,1.5447759628295898
1749310851.892315,15.041240825712645,1.5447739362716675
1749310851.9257445,15.041291395265864,1.5447731018066406
1749310851.959264,15.041320497969338,1.5447720289230347
1749310851.9926775,15.041340540651667,1.5447723865509033
1749310852.0261629,15.04134817692612,1.544771432876587
1749310852.0596375,15.041352485663516,1.5447719097137451
1749310852.0930605,15.041354897222421,1.5447708368301392
1749310852.1265159,15.041357760529126,1.544770359992981
1749310852.1599202,15.041358722222906,1.544770359992981
1749310852.1933334,15.041360668076763,1.5447701215744019
1749310852.226751,15.04136220689312,1.5447696447372437
1749310852.2602644,15.041364142053201,1.5447698831558228
1749310852.2936764,15.041365113500095,1.5447691679000854
1749310852.3271234,15.041366665658234,1.5447689294815063
1749310852.360606,15.041368056342971,1.5447685718536377
1749310852.394051,15.041369985660852,1.5447683334350586
1749310852.427452,15.041370945145358,1.5447684526443481
1749310852.4608557,15.041372387363205,1.5447678565979004
1749310852.4942648,15.041373881577758,1.5447673797607422
1749310852.527675,15.0413753115008,1.5447677373886108
1749310852.5610795,15.041376859505963,1.544767141342163
1749310852.5944784,15.04137829117534,1.5447666645050049
1749310852.6279192,15.041379728412114,1.5447665452957153
1749310852.6613271,15.041381320424124,1.5447664260864258
1749310852.6953144,15.041382754055634,1.5447659492492676
1749310852.7288013,15.041383794904062,1.544765830039978
1749310852.7622097,15.041385241285612,1.544765591621399
1749310852.7956667,15.041386521712097,1.5447654724121094
1749310852.8291023,15.041387952601145,1.544764757156372
1749310852.862467,15.041389421964304,1.544764757156372
1749310852.8958652,15.041390855788215,1.544764757156372
1749310852.929558,15.041392367551026,1.5447640419006348
1749310852.9629302,15.041392990375336,1.5447641611099243
1749310852.9963415,15.041394497624927,1.5447640419006348
1749310853.0297477,15.041396053758838,1.5447635650634766
1749310853.0631733,15.041397490199794,1.5447633266448975
1749310853.0966196,15.041399097391864,1.5447633266448975
1749310853.130016,15.041400496908922,1.5447628498077393
1749310853.1634772,15.041401401000678,1.5447624921798706
1749310853.1969101,15.041403461209992,1.5447624921798706
1749310853.2303207,15.041404897526181,1.5447617769241333
1749310853.2637327,15.041406480124358,1.5447617769241333
1749310853.2972174,15.041407436264194,1.5447614192962646
1749310853.330736,15.041409024681728,1.5447616577148438
1749310853.3641064,15.041410547626258,1.544761061668396
1749310853.3975043,15.041411608951167,1.5447607040405273
1749310853.4309478,15.041413045338595,1.5447609424591064
1749310853.4643638,15.041414488456837,1.5447604656219482
1749310853.4978213,15.041415963377046,1.5447598695755005
1749310853.5314355,15.041416921570546,1.544759750366211
1749310853.564862,15.041418371452913,1.5447595119476318
1749310853.598265,15.0414193677238,1.5447595119476318
1749310853.6316817,15.041421288788536,1.5447595119476318
1749310853.6650836,15.04142280028381,1.5447585582733154
1749310853.6984427,15.041424235969309,1.5447583198547363
1749310853.7318556,15.041425357280108,1.544758677482605
1749310853.7655382,15.041427427544173,1.5447580814361572
1749310853.7990103,15.041428989438042,1.5447579622268677
1749310853.833088,15.041430424468698,1.5447571277618408
1749310853.8665752,15.041431972794916,1.5447570085525513
1749310853.8999982,15.041433122080416,1.5447572469711304
1749310853.9334488,15.041434571597668,1.544756531715393
1749310853.9668744,15.041436069743838,1.544756293296814
1749310854.0002804,15.041437504077349,1.544756293296814
1749310854.0337923,15.041438939363,1.5447556972503662
1749310854.0672007,15.041439963830724,1.5447555780410767
1749310854.1006017,15.041442055230016,1.5447553396224976
1749310854.13412,15.041443549276334,1.5447551012039185
1749310854.167521,15.04144462226644,1.5447548627853394
1749310854.2009244,15.041445860964668,1.544754981994629
1749310854.2345152,15.04144730041613,1.5447542667388916
1749310854.267924,15.041448861595295,1.5447540283203125
1749310854.3013449,15.04144985422975,1.5447536706924438
1749310854.334749,15.041451302163187,1.544753909111023
1749310854.3681219,15.041452975612422,1.5447533130645752
1749310854.4015644,15.041454409244729,1.5447534322738647
1749310854.435029,15.0414558514621,1.5447527170181274
1749310854.4684641,15.041457311174431,1.544752597808838
1749310854.5018709,15.041458055498607,1.5447527170181274
1749310854.5361161,15.041459753869706,1.5447520017623901
1749310854.5695508,15.041461271402536,1.5447516441345215
1749310854.60295,15.041462729826664,1.5447520017623901
1749310854.6365564,15.041464163276377,1.5447512865066528
1749310854.6706953,15.041465125848033,1.5447511672973633
1749310854.70409,15.041466612073043,1.5447510480880737
1749310854.7375202,15.041468047004528,1.5447505712509155
1749310854.7709332,15.041469503186885,1.5447503328323364
1749310854.8043344,15.041475233376303,1.5444295406341553
1749310854.8379142,15.044955561159682,1.545118808746338
1749310854.871317,15.049680928641761,1.5505108833312988
1749310854.9047246,15.055938519547842,1.5544216632843018
1749310854.938095,15.06269393026145,1.5598517656326294
1749310854.9715095,15.07006078705888,1.5637890100479126
1749310855.0049565,15.079793470934064,1.5719242095947266
1749310855.0383635,15.08747023921971,1.5780389308929443
1749310855.0718935,15.092521397439503,1.583434820175171
1749310855.1057167,15.104887643809,1.5886341333389282
1749310855.13916,15.112433879431352,1.596384882926941
1749310855.1738055,15.120845470822337,1.6016900539398193
1749310855.2072642,15.128456082066842,1.607004165649414
1749310855.2406776,15.135329575466221,1.6121879816055298
1749310855.2741203,15.142952137947246,1.6176338195800781
1749310855.3077455,15.152732485242227,1.624247431755066
1749310855.3411508,15.160854058331957,1.6315507888793945
1749310855.374513,15.16826743458679,1.6365389823913574
1749310855.4111545,15.173256860997705,1.6410154104232788
1749310855.4445612,15.183359957094,1.648030161857605
1749310855.477973,15.190945329166034,1.6539421081542969
1749310855.5114708,15.19853331699611,1.659305453300476
1749310855.544881,15.208432308260535,1.6666661500930786
1749310855.5783067,15.216015420127246,1.6723308563232422
1749310855.6117077,15.223611208340085,1.6777317523956299
1749310855.645123,15.233733556125053,1.6854679584503174
1749310855.6785336,15.24386267774903,1.690905213356018
1749310855.7123106,15.25247151918611,1.6972979307174683
1749310855.7456925,15.256523149894997,1.7023718357086182
1749310855.779092,15.264119272334618,1.7080122232437134
1749310855.812544,15.275260060053297,1.7155286073684692
1749310855.8459644,15.282096269824027,1.7209844589233398
1749310855.8794663,15.289944645111996,1.7268118858337402
1749310855.91287,15.297286685175578,1.7324481010437012
1749310855.9472952,15.304882232066541,1.7380867004394531
1749310855.980707,15.31475647029205,1.745607852935791
1749310856.0141156,15.322605074260458,1.7512444257736206
1749310856.0475235,15.330200603564352,1.7574502229690552
1749310856.080943,15.337796357168598,1.760645866394043
1749310856.1143465,15.345393593071785,1.766257643699646
1749310856.14791,15.350447992861994,1.7720682621002197
1749310856.1813164,15.358312554923085,1.7772588729858398
1749310856.2147279,15.365630290171502,1.7830450534820557
1749310856.2480896,15.37322070028218,1.788609504699707
1749310856.2815,15.380526766782697,1.7944538593292236
1749310856.3149147,15.388440854826566,1.7986207008361816
1749310856.3483572,15.398535218662081,1.8047802448272705
1749310856.3817806,15.403617003746703,1.8100632429122925
1749310856.4151897,15.411479029844914,1.8154462575912476
1749310856.4486015,15.41884039800699,1.8209855556488037
1749310856.4820027,15.426334339034542,1.8278241157531738
1749310856.5154078,15.43395796343664,1.8328930139541626
1749310856.5490026,15.441273712714443,1.8387473821640015
1749310856.5824056,15.449355885517656,1.8441401720046997
1749310856.6158473,15.456691496918623,1.849943995475769
1749310856.6493003,15.464229590620478,1.855921745300293
1749310856.68302,15.47156277312447,1.8613874912261963
1749310856.7164574,15.479119448113842,1.8670328855514526
1749310856.749897,15.486933955666872,1.8729515075683594
1749310856.7833438,15.49424928916082,1.8790251016616821
1749310856.8168712,15.505133658325736,1.885792851448059
1749310856.8503733,15.512180810573518,1.891623616218567
1749310856.8837967,15.519754539158221,1.8974467515945435
1749310856.9172595,15.527329104154695,1.9029823541641235
1749310856.9506934,15.534897052195607,1.9087973833084106
1749310856.9841187,15.545053959866832,1.9154460430145264
1749310857.0212846,15.550096626201912,1.9212567806243896
1749310857.055163,15.559952789385283,1.9265074729919434
1749310857.088731,15.571577850180036,1.9345036745071411
1749310857.122185,15.57892290400209,1.9400960206985474
1749310857.1557038,15.586749420400862,1.9454244375228882
1749310857.1891098,15.593894802487483,1.9503535032272339
1749310857.2225223,15.600951653288492,1.9562337398529053
1749310857.2559593,15.608055052035985,1.9617528915405273
1749310857.2893615,15.616160592080387,1.9672126770019531
1749310857.32276,15.623510513581325,1.9727866649627686
1749310857.3561966,15.631097828285224,1.9785736799240112
1749310857.3895967,15.638704555924878,1.9840071201324463
1749310857.4230032,15.64629768819778,1.989640235900879
1749310857.4565325,15.654154935493432,1.9934903383255005
1749310857.489952,15.662519563032522,2.0007145404815674
1749310857.5233548,15.67037118310278,2.0063843727111816
1749310857.556822,15.676963210701452,2.011754274368286
1749310857.5904195,15.684335331978984,2.016974687576294
1749310857.6240892,15.689438422591863,2.0204107761383057
1749310857.6574664,15.699596162260264,2.027834177017212
1749310857.6908638,15.704425017538949,2.0312867164611816
1749310857.726372,15.713392357794971,2.0359435081481934
1749310857.7598178,15.722425004982789,2.0444693565368652
1749310857.79323,15.730116388403074,2.0491559505462646
1749310857.8266375,15.73769908717768,2.0552520751953125
1749310857.860187,15.745061402774438,2.0604703426361084
1749310857.8935988,15.750438088340236,2.063767671585083
1749310857.927062,15.758378912717728,2.0687289237976074
1749310857.9605186,15.765474924526567,2.074723482131958
1749310857.9939358,15.773079076550081,2.0805838108062744
1749310858.027345,15.77818287221553,2.0836050510406494
1749310858.0607724,15.788875313233634,2.091778516769409
1749310858.0941477,15.796249156079814,2.0973660945892334
1749310858.1281621,15.806898011556408,2.1025493144989014
1749310858.1615636,15.814290238243947,2.111666440963745
1749310858.1949232,15.81884210248962,2.1155261993408203
1749310858.2283306,15.826425878363791,2.1207141876220703
1749310858.261915,15.834046983974742,2.125544786453247
1749310858.2953684,15.84385880470512,2.1331613063812256
1749310858.3289232,15.851847274165728,2.1368257999420166
1749310858.3623452,15.85911398599277,2.144740104675293
1749310858.3957741,15.866655657308506,2.1496593952178955
1749310858.4292386,15.874184603460842,2.1555919647216797
1749310858.462636,15.884097721923537,2.1627752780914307
1749310858.496043,15.889412536541576,2.168034315109253
1749310858.529619,15.899060458192636,2.1768739223480225
1749310858.5630202,15.906602495689425,2.1824307441711426
1749310858.5964262,15.914063765470518,2.1887874603271484
1749310858.6298347,15.921343365189532,2.1944081783294678
1749310858.6632328,15.926299278989585,2.198930501937866
1749310858.6966362,15.936767791730393,2.207524299621582
1749310858.7301102,15.943911152965436,2.2153170108795166
1749310858.7636554,15.948692310530156,2.2216668128967285
1749310858.7971907,15.958406397383749,2.229552984237671
1749310858.830591,15.967650983667912,2.236017942428589
1749310858.8639946,15.973847569202803,2.244861125946045
1749310858.8981016,15.982156154884837,2.2529003620147705
1749310858.931503,15.989053604552034,2.2584071159362793
1749310858.9649482,15.995624313918915,2.266690254211426
1749310858.9983737,16.002709745870195,2.2756567001342773
1749310859.0318787,16.0101136089596,2.283404588699341
1749310859.0652804,16.01745754337783,2.2894186973571777
1749310859.0986936,16.025016754114883,2.2980732917785645
1749310859.1320822,16.032215117866553,2.305311441421509
1749310859.1654909,16.039917998617888,2.3133044242858887
1749310859.1989136,16.049486269782633,2.3241586685180664
1749310859.232312,16.054620731179273,2.3305413722991943
1749310859.2657225,16.06449858518493,2.338388442993164
1749310859.2991364,16.069956717124064,2.346518039703369
1749310859.332567,16.07694673268501,2.3542118072509766
1749310859.3659813,16.084379782653958,2.36232852935791
1749310859.3993924,16.092049661014702,2.370114326477051
1749310859.4332564,16.10144550333972,2.3783719539642334
1749310859.4666586,16.106741647773834,2.385521650314331
1749310859.500112,16.113869097379443,2.394101142883301
1749310859.5335345,16.12136567196187,2.401275634765625
1749310859.5669243,16.12895727699407,2.4103283882141113
1749310859.600353,16.136244005821364,2.417253017425537
1749310859.6338956,16.14418613004814,2.4245502948760986
1749310859.6672716,16.151504029914477,2.4335052967071533
1749310859.7006407,16.1591520057037,2.439448833465576
1749310859.7341647,16.16371239498226,2.4459686279296875
1749310859.7675972,16.171189917054598,2.451289415359497
1749310859.8010542,16.178545754950754,2.459571361541748
1749310859.8345096,16.185482357717984,2.46809458732605
1749310859.868006,16.193309871966914,2.4727253913879395
1749310859.901609,16.200611410446857,2.480699300765991
1749310859.935246,16.210132185498885,2.491685152053833
1749310859.968695,16.21184519079585,2.4957332611083984
1749310860.002096,16.219519398891148,2.502190589904785
1749310860.0355496,16.226860411763084,2.512026786804199
1749310860.0689805,16.23402288251903,2.5206539630889893
1749310860.1024184,16.243826198525337,2.5304179191589355
1749310860.1358273,16.251038822824924,2.5386593341827393
1749310860.1692667,16.258609556034052,2.545745372772217
1749310860.2082212,16.265882916018242,2.554523229598999
1749310860.2416275,16.273019640917614,2.5635769367218018
1749310860.2751255,16.28309912633898,2.5739591121673584
1749310860.308583,16.290710807176993,2.5820295810699463
1749310860.3419883,16.29785215267633,2.5901873111724854
1749310860.3754058,16.305114125479587,2.597487688064575
1749310860.4088166,16.312764021881254,2.605861186981201
1749310860.4423187,16.31983494456965,2.6159565448760986
1749310860.4756744,16.325081206950664,2.620706558227539
1749310860.509109,16.332355130056893,2.6283061504364014
1749310860.5464242,16.33985004738793,2.636305332183838
1749310860.5799632,16.349745611424805,2.646101236343384
1749310860.6133635,16.357037458077905,2.6557536125183105
1749310860.6468117,16.364316389232847,2.6627700328826904
1749310860.6802173,16.372269229040366,2.670842409133911
1749310860.7135985,16.379630900463788,2.6796112060546875
1749310860.7470868,16.386664993882913,2.686572790145874
1749310860.780498,16.396869233065438,2.697317600250244
1749310860.8139021,16.40431071603753,2.7049129009246826
1749310860.8473396,16.411473418797236,2.7126717567443848
1749310860.8808136,16.41966462123177,2.7201309204101562
1749310860.9142225,16.42884293754295,2.7304489612579346
1749310860.9476337,16.436499606706676,2.7375004291534424
1749310860.9812522,16.445087364045637,2.74379825592041
1749310861.0146666,16.451724076978095,2.75138783454895
1749310861.0480354,16.459016123191695,2.7574262619018555
1749310861.08144,16.466235994535264,2.7647411823272705
1749310861.1148605,16.473681890262895,2.7716803550720215
1749310861.1482673,16.481140939304183,2.7790305614471436
1749310861.1816785,16.486123465093932,2.7838191986083984
1749310861.2152576,16.494406465034448,2.7896792888641357
1749310861.2497704,16.49866434601305,2.7944018840789795
1749310861.2831838,16.509110148997706,2.80295729637146
1749310861.3168588,16.516392579710704,2.8093392848968506
1749310861.3503835,16.523675593459608,2.8151986598968506
1749310861.3838415,16.531428815664377,2.8217813968658447
1749310861.417328,16.53925358687138,2.827010154724121
1749310861.4507537,16.549013411429986,2.833061933517456
1749310861.4841926,16.556282099741406,2.838791608810425
1749310861.517597,16.565104224517505,2.8451099395751953
1749310861.5510068,16.573937102344154,2.85038685798645
1749310861.5844197,16.57668520894453,2.8545382022857666
1749310861.617885,16.584151141987448,2.860579252243042
1749310861.6512885,16.591721805374902,2.8653297424316406
1749310861.68469,16.60164568822922,2.871359348297119
1749310861.7181334,16.606661018435574,2.875495195388794
1749310861.7515364,16.614241688375216,2.880392074584961
1749310861.784975,16.622251232657838,2.8835983276367188
1749310861.818382,16.629885156070326,2.8889737129211426
1749310861.8543737,16.63755108465117,2.8940513134002686
1749310861.8877993,16.64564197632647,2.8978350162506104
1749310861.921209,16.653094856160465,2.903761863708496
1749310861.9546258,16.6608877352473,2.9084508419036865
1749310861.988022,16.668775372044816,2.9124443531036377
1749310862.0214128,16.679371050960057,2.91790771484375
1749310862.0550961,16.684942112747162,2.920701026916504
1749310862.0886316,16.692702480078257,2.9233906269073486
1749310862.122217,16.700980652875565,2.9269118309020996
1749310862.1556225,16.711392486580312,2.9310660362243652
1749310862.1890297,16.719409481583067,2.934138536453247
1749310862.2224317,16.727428212551377,2.93710994720459
1749310862.2558324,16.735435827056858,2.9403889179229736
1749310862.2892652,16.746120187206348,2.9443798065185547
1749310862.3229063,16.754130417149074,2.9475066661834717
1749310862.3563042,16.759448830490836,2.950068235397339
1749310862.3897123,16.767452675491494,2.953207015991211
1749310862.423114,16.775744027965594,2.956003427505493
1749310862.456531,16.783473886832017,2.959681987762451
1749310862.4899673,16.791482902306466,2.9627761840820312
1749310862.5233824,16.799505795391482,2.965639114379883
1749310862.5567894,16.807782352374456,2.96890926361084
1749310862.593546,16.815522141810433,2.971998691558838
1749310862.6270084,16.823537296414514,2.975264549255371
1749310862.6604812,16.836617834740125,2.979382276535034
1749310862.6938622,16.839557526358394,2.981853723526001
1749310862.7273388,16.850238516166854,2.9845895767211914
1749310862.76074,16.85905508121308,2.9885082244873047
1749310862.7941463,16.866262197009664,2.991542339324951
1749310862.827532,16.874549734151728,2.9940974712371826
1749310862.8609684,16.885220121059458,2.9981935024261475
1749310862.8944545,16.89056575394236,3.0000550746917725
1749310862.9278705,16.900963608978653,3.0034079551696777
1749310862.9612727,16.906308792350593,3.0060510635375977
1749310862.9947488,16.917011860431646,3.0083541870117188
1749310863.0283525,16.922340564065742,3.010550022125244
1749310863.0618486,16.93008950716865,3.014099359512329
1749310863.0953994,16.93812613587764,3.016185760498047
1749310863.1288111,16.94641545748782,3.0186853408813477
1749310863.1622787,16.95442591606373,3.0214617252349854
1749310863.1957252,16.96245355049582,3.0236124992370605
1749310863.2292144,16.97047996965971,3.025883436203003
1749310863.2626266,16.978485515749384,3.0290307998657227
1749310863.296097,16.986503017671605,3.0314648151397705
1749310863.3295074,16.994267736676978,3.033653736114502
1749310863.3629076,17.002550868596543,3.0361878871917725
1749310863.3964083,17.01013853215192,3.037802219390869
1749310863.4298022,17.01626163529962,3.0396671295166016
1749310863.463204,17.02095153788961,3.04046368598938
1749310863.4966059,17.024811229089764,3.041533946990967
1749310863.5300567,17.028221728065446,3.0424928665161133
1749310863.5634985,17.032678633639975,3.0439460277557373
1749310863.5969048,17.036051198628336,3.0446839332580566
1749310863.6305003,17.039300275038293,3.044713258743286
1749310863.663938,17.042407484679366,3.0457921028137207
1749310863.6977086,17.04559298595794,3.0471065044403076
1749310863.731152,17.04879910012148,3.047602415084839
1749310863.76564,17.052007850050764,3.046957492828369
1749310863.799062,17.055193084185106,3.048336982727051
1749310863.8325284,17.058521395854495,3.0486552715301514
1749310863.8659682,17.062700321971068,3.0484907627105713
1749310863.8993707,17.065901279233945,3.049206256866455
1749310863.9327443,17.069113035107545,3.0499064922332764
1749310863.9662218,17.072337183580604,3.049492120742798
1749310863.999678,17.075445963085325,3.050859212875366
1749310864.0332658,17.07882018758004,3.0506701469421387
1749310864.0666785,17.0820801513154,3.0515096187591553
1749310864.100087,17.085311421257096,3.050912618637085
1749310864.1334608,17.0885724842883,3.051314115524292
1749310864.1668963,17.092035505459958,3.050661325454712
1749310864.2005508,17.096737841309373,3.051265239715576
1749310864.2339606,17.100706995566107,3.050943374633789
1749310864.2673974,17.10404553050764,3.0508904457092285
1749310864.300817,17.107581546899524,3.049064874649048
1749310864.3342752,17.111212077136155,3.0482490062713623
1749310864.3676958,17.114688961569687,3.0475690364837646
1749310864.4011538,17.11691240656233,3.0476863384246826
1749310864.434561,17.120373455309593,3.0457420349121094
1749310864.4679687,17.12476502996596,3.0451464653015137
1749310864.5014188,17.127073988686,3.0451507568359375
1749310864.5348341,17.131360302920182,3.043841600418091
1749310864.568287,17.133503308076097,3.044163942337036
1749310864.6016924,17.13776345644241,3.0425047874450684
1749310864.6351025,17.139848765674444,3.0417611598968506
1749310864.6686044,17.1429269766311,3.041461706161499
1749310864.7020035,17.146913908689108,3.040472984313965
1749310864.7354088,17.14901467617854,3.040628671646118
1749310864.7688413,17.151862359032346,3.0393612384796143
1749310864.8027062,17.154780625799994,3.0399651527404785
1749310864.8362045,17.157581711761967,3.039607286453247
1749310864.8695118,17.16022473312291,3.0379769802093506
1749310864.9031212,17.162892805241484,3.038264274597168
1749310864.9365847,17.165508584715155,3.037790536880493
1749310864.970002,17.16825289552849,3.036850690841675
1749310865.0034094,17.17064729252291,3.036677360534668
1749310865.0368102,17.173992943040062,3.0360188484191895
1749310865.070209,17.175549593813255,3.0348408222198486
1749310865.1036115,17.178162586751952,3.034224271774292
1749310865.1405537,17.18043180462458,3.0346035957336426
1749310865.1739225,17.183983852052354,3.033331871032715
1749310865.207291,17.185259035233095,3.0336647033691406
1749310865.2407568,17.18754813433238,3.0320756435394287
1749310865.2742782,17.190000735002517,3.0329430103302
1749310865.307756,17.19246311078895,3.0320329666137695
1749310865.3411605,17.19536655609006,3.032656192779541
1749310865.374565,17.19739065678765,3.0320191383361816
1749310865.4079866,17.198880009225284,3.033154249191284
1749310865.441384,17.201700580316498,3.032148838043213
1749310865.476164,17.20370139243065,3.032078981399536
1749310865.5095744,17.20579600950027,3.0318193435668945
1749310865.5429778,17.20785290906702,3.0328402519226074
1749310865.576381,17.209884752071908,3.0323257446289062
1749310865.609734,17.211810816249937,3.032580614089966
1749310865.643137,17.21382210461674,3.0321707725524902
1749310865.6765509,17.215604419773616,3.03346848487854
1749310865.7099574,17.217628791446497,3.0334720611572266
1749310865.7434096,17.21945277277139,3.03255033493042
1749310865.780121,17.221172621493142,3.0328688621520996
1749310865.813802,17.223111703498535,3.032228708267212
1749310865.8472023,17.224338893730415,3.033393383026123
1749310865.8806267,17.226812767974394,3.0326499938964844
1749310865.9140453,17.228004649725072,3.033224105834961
1749310865.947445,17.230343696784466,3.032623529434204
1749310865.9808924,17.232046046044562,3.033238649368286
1749310866.0143092,17.233622464225135,3.0333571434020996
1749310866.0477138,17.235194992338872,3.0332887172698975
1749310866.0811117,17.236787777758064,3.033637762069702
1749310866.1145182,17.238303723247817,3.032759666442871
1749310866.1479824,17.239306378856334,3.0326428413391113
1749310866.181346,17.240760898979282,3.0332906246185303
1749310866.2148144,17.24225192966628,3.0328640937805176
1749310866.2482252,17.243664964433535,3.033607006072998
1749310866.2816224,17.24512769617242,3.0327305793762207
1749310866.315092,17.246505381034158,3.0331199169158936
1749310866.3485217,17.248382421102683,3.032374858856201
1749310866.3819082,17.24969181307728,3.0321919918060303
1749310866.4153106,17.251063860641388,3.032647132873535
1749310866.4487054,17.25242244798001,3.0319697856903076
1749310866.4821064,17.254106076422683,3.032658338546753
1749310866.5155041,17.25504210401011,3.031620502471924
1749310866.548903,17.256412258420298,3.0321881771087646
1749310866.582391,17.257645968299705,3.0318522453308105
1749310866.6158006,17.25928605998341,3.03216814994812
1749310866.649242,17.260098972242766,3.0324106216430664
1749310866.6826425,17.261304252158464,3.0319998264312744
1749310866.7162313,17.26202628170497,3.0322906970977783
1749310866.749638,17.263200919070613,3.031770706176758
1749310866.7830358,17.264396118340716,3.0315709114074707
1749310866.816416,17.265727894645586,3.031611204147339
1749310866.8498225,17.26643111818691,3.0309736728668213
1749310866.8832462,17.268084136426715,3.0308141708374023
1749310866.9166946,17.26907705210019,3.031339168548584
1749310866.9501104,17.270069711889647,3.0307369232177734
1749310866.9835215,17.270890621143305,3.0311455726623535
1749310867.0168984,17.2718723588555,3.030397415161133
1749310867.0502954,17.272809872114998,3.0307343006134033
1749310867.0836947,17.27375325036114,3.031106948852539
1749310867.11709,17.27469214179969,3.030360460281372
1749310867.150502,17.275592508952933,3.030426263809204
1749310867.1839056,17.276195706524458,3.0306408405303955
1749310867.2173057,17.27708746988739,3.030015707015991
1749310867.2509835,17.278050739010762,3.0305356979370117
1749310867.284423,17.279186633350253,3.0301499366760254
1749310867.31785,17.279817807498087,3.0299196243286133
1749310867.351253,17.2806731585555,3.030468702316284
1749310867.384785,17.281800040923585,3.0299086570739746
1749310867.4181893,17.282332068263827,3.030616283416748
1749310867.4516647,17.283206254728054,3.0304079055786133
1749310867.4850733,17.283948715143776,3.030637264251709
1749310867.5197577,17.284757171975492,3.0306384563446045
1749310867.5531552,17.28518299667742,3.03063702583313
1749310867.5870416,17.285498710190947,3.030625104904175
1749310867.6204507,17.285607962534154,3.0306241512298584
1749310867.6538713,17.285670675301702,3.030620813369751
1749310867.6874118,17.285703087457648,3.0306177139282227
1749310867.7208164,17.285724874285872,3.0306191444396973
1749310867.7542346,17.285733362788896,3.030618190765381
1749310867.787643,17.285738540052442,3.0306179523468018
1749310867.8211997,17.285742086380907,3.0306179523468018
1749310867.8546052,17.285744848416208,3.030616521835327
1749310867.8880086,17.285746887595597,3.030616521835327
1749310867.9215517,17.28574901729745,3.030616283416748
1749310867.9550061,17.285751075482185,3.03061580657959
1749310867.988405,17.285752695371794,3.0306155681610107
1749310868.0218039,17.285754253433886,3.0306148529052734
1749310868.055215,17.285756220708304,3.0306146144866943
1749310868.088635,17.28575854468952,3.030614137649536
1749310868.12222,17.285759988542498,3.030613422393799
1749310868.1556296,17.28576146280266,3.0306131839752197
1749310868.1890883,17.28576277862792,3.0306131839752197
1749310868.222488,17.285764335508922,3.0306124687194824
1749310868.2559168,17.285765834534573,3.0306122303009033
1749310868.2893429,17.28576739102527,3.030611515045166
1749310868.3227856,17.285769316419007,3.030611276626587
1749310868.3562346,17.2857710692763,3.0306107997894287
1749310868.3896532,17.28577273183593,3.0306105613708496
1749310868.423055,17.285774740622927,3.0306100845336914
1749310868.4564676,17.285776526860566,3.0306098461151123
1749310868.4903326,17.285777610517343,3.030609130859375
1749310868.523783,17.28577993306831,3.030608654022217
1749310868.5573742,17.285781554220797,3.0306084156036377
1749310868.5919287,17.285783484802295,3.0306077003479004
1749310868.6253407,17.285784630729527,3.0306074619293213
1749310868.6587515,17.285786270788975,3.030607223510742
1749310868.6924717,17.285787710464646,3.030606746673584
1749310868.7258797,17.285789324001392,3.030606508255005
1749310868.7595012,17.285791130630844,3.0306057929992676
1749310868.7929375,17.28579264622164,3.0306057929992676
1749310868.8263493,17.285794525116227,3.0306053161621094
1749310868.8597596,17.28579613845712,3.030604124069214
1749310868.893157,17.28579812362743,3.030604362487793
1749310868.9265857,17.285800293881184,3.0306036472320557
1749310868.9602427,17.285801811365594,3.0306034088134766
1749310868.9936492,17.285802962552328,3.0306031703948975
1749310869.0270543,17.285804912868212,3.03060245513916
1749310869.0604732,17.285806357207548,3.03060245513916
1749310869.0939302,17.28580787167381,3.030601739883423
1749310869.1273768,17.28580967826756,3.0306012630462646
1749310869.160929,17.285811079062462,3.0306007862091064
1749310869.1943307,17.28581348813011,3.0306005477905273
1749310869.227737,17.285815812096708,3.0306003093719482
1749310869.2611327,17.285817369391122,3.030599355697632
1749310869.2945135,17.285819319059808,3.030599355697632
1749310869.3279104,17.285820634781942,3.0305988788604736
1749310869.361341,17.28582233959417,3.0305986404418945
1749310869.3947465,17.285823778945595,3.0305979251861572
1749310869.4281929,17.285825764181027,3.030597686767578
1749310869.4615984,17.285827204095533,3.03059720993042
1749310869.4949982,17.285828817632808,3.030596971511841
1749310869.5284595,17.285830252564306,3.0305962562561035
1749310869.5618708,17.285831852063772,3.0305962562561035
1749310869.5952725,17.2858331399755,3.0305960178375244
1749310869.6287005,17.28583457441577,3.030595064163208
1749310869.662147,17.285836187461882,3.030595064163208
1749310869.6955464,17.285837622393437,3.0305943489074707
1749310869.7289479,17.28583959704496,3.0305941104888916
1749310869.7623575,17.285841029869164,3.0305933952331543
1749310869.7957711,17.285843412738874,3.030592918395996
1749310869.8291802,17.28584514920642,3.030592918395996
1749310869.8625908,17.285846903969283,3.030592441558838
1749310869.895998,17.285848559301943,3.030592203140259
1749310869.9294093,17.285849687470943,3.0305912494659424
1749310869.9628124,17.285851663195476,3.0305912494659424
1749310869.9962156,17.285853648431242,3.0305910110473633
1749310870.029623,17.285855569365292,3.030590295791626
1749310870.063059,17.28585729769202,3.030590057373047
1749310870.0964625,17.285859094180573,3.0305895805358887
1749310870.129873,17.28586061339265,3.0305891036987305
1749310870.1633372,17.28586253383388,3.030588388442993
1749310870.1967587,17.285864070205164,3.030587673187256
1749310870.2301757,17.285865502377586,3.030587673187256
1749310870.2636275,17.285867518129173,3.0305874347686768
1749310870.2970233,17.285869077253263,3.0305867195129395
1749310870.3304281,17.28587065338859,3.0305867195129395
1749310870.3638394,17.285872346390427,3.0305862426757812
1749310870.397287,17.28587392216006,3.030585765838623
1749310870.430692,17.2858753570919,3.0305850505828857
1749310870.4641907,17.28587690063995,3.0305848121643066
1749310870.497594,17.28587833502569,3.0305843353271484
1749310870.5310128,17.285879292629144,3.0296742916107178
1749310870.5644054,17.288460556108205,3.030583620071411
1749310870.597825,17.293029533946353,3.0340709686279297
1749310870.6312845,17.296672914964883,3.038489818572998
1749310870.6646883,17.30505131804988,3.0444962978363037
1749310870.6981883,17.310253809745195,3.051319122314453
1749310870.7315974,17.319099588993378,3.0578558444976807
1749310870.7650797,17.32407397467562,3.0599281787872314
1749310870.798492,17.331337688421595,3.0646233558654785
1749310870.8319378,17.339012650454638,3.0699524879455566
1749310870.8653357,17.349028959231717,3.0771255493164062
1749310870.8987536,17.356338702357192,3.0827159881591797
1749310870.9321976,17.36413804085554,3.0880157947540283
1749310870.9656515,17.371449390556823,3.0937609672546387
1749310870.9990907,17.381811476523662,3.101044178009033
1749310871.0325367,17.38938686543192,3.106635808944702
1749310871.066022,17.39696796651769,3.1121647357940674
1749310871.0994296,17.404553732780627,3.1158607006073
1749310871.1328797,17.412140920862235,3.123246192932129
1749310871.1663165,17.419731221362515,3.128779172897339
1749310871.1998634,17.424791969535764,3.1326587200164795
1749310871.2332757,17.432384459558985,3.1380157470703125
1749310871.2667441,17.442778688581257,-3.1373496055603027
1749310871.3001103,17.450122677469817,-3.1323935985565186
1749310871.3335233,17.458975810370777,-3.1267964839935303
1749310871.3669643,17.465571626650217,-3.12154221534729
1749310871.4003723,17.47264894053218,-3.1178572177886963
1749310871.4337687,17.4804968476468,-3.1120846271514893
1749310871.467177,17.488096540086982,-3.1048083305358887
1749310871.5005908,17.493150083285723,-3.1010935306549072
1749310871.5340028,17.50327467099998,-3.0937271118164062
1749310871.567415,17.508352247666778,-3.0901222229003906
1749310871.6008382,17.518469733824038,-3.0825045108795166
1749310871.6342258,17.52353230312101,-3.0772249698638916
1749310871.667794,17.533666443491928,-3.0717830657958984
1749310871.7011948,17.540990934275396,-3.0663888454437256
1749310871.7345922,17.548830678644766,-3.060702323913574
1749310871.767998,17.556431186952064,-3.055267095565796
1749310871.8014882,17.564511712628384,-3.049685001373291
1749310871.8348994,17.571337323691854,-3.04412579536438
1749310871.8683147,17.579203738309534,-3.038508176803589
1749310871.9017203,17.586528855663186,-3.0331413745880127
1749310871.935121,17.594622523068043,-3.0274200439453125
1749310871.9685233,17.601971973324215,-3.022214889526367
1749310872.0019348,17.609297546901423,-3.0166380405426025
1749310872.0353992,17.617390423981266,-3.011129140853882
1749310872.0688317,17.62473061116219,-3.0056891441345215
1749310872.1022332,17.632560831874155,-3.0002872943878174
1749310872.135634,17.640161785381615,-2.994840145111084
1749310872.1690981,17.649771224831493,-2.987478256225586
1749310872.2024996,17.65508282034737,-2.983403205871582
1749310872.235931,17.66522682022047,-2.976364850997925
1749310872.2693746,17.67281247856973,-2.9708573818206787
1749310872.3028853,17.680415888198464,-2.9653327465057373
1749310872.3363192,17.685995211914932,-2.9614672660827637
1749310872.3697672,17.692844659488888,-2.9561281204223633
1749310872.4032931,17.700709348355357,-2.9504196643829346
1749310872.4369843,17.708572789528578,-2.9450807571411133
1749310872.4704185,17.718461939406826,-2.937532424926758
1749310872.5038269,17.72631594347539,-2.9319069385528564
1749310872.5374212,17.73340877412409,-2.926469564437866
1749310872.5708518,17.743802310173308,-2.919017791748047
1749310872.604223,17.751151789515326,-2.9133949279785156
1749310872.6376786,17.759010342993594,-2.9079833030700684
1749310872.6755908,17.76636247009433,-2.9019994735717773
1749310872.7090034,17.77422140865149,-2.8963921070098877
1749310872.7424078,17.781827231722264,-2.890789747238159
1749310872.7758205,17.791968306619967,-2.8834969997406006
1749310872.8092802,17.799320764687923,-2.87789249420166
1749310872.842664,17.807180195978994,-2.872281312942505
1749310872.8761058,17.81478606799509,-2.866485834121704
1749310872.9096918,17.82213861897309,-2.8610668182373047
1749310872.9431121,17.829998185793425,-2.855459451675415
1749310872.9765394,17.837351076684943,-2.850036144256592
1749310873.012101,17.843942776409982,-2.8461081981658936
1749310873.0455034,17.85002770390948,-2.840508222579956
1749310873.0789068,17.85788670825668,-2.8348820209503174
1749310873.1123056,17.865236730498395,-2.829444169998169
1749310873.1458848,17.870560852541214,-2.825524091720581
1749310873.179286,17.88070040846534,-2.8180365562438965
1749310873.212688,17.88830424277539,-2.812593698501587
1749310873.2460887,17.89591295538956,-2.806851863861084
1749310873.2794971,17.903263683478087,-2.8012197017669678
1749310873.3129256,17.91112095323958,-2.7956044673919678
1749310873.3463328,17.918727909339108,-2.790003776550293
1749310873.3797684,17.92606642083617,-2.784405469894409
1749310873.4132504,17.933990064578534,-2.780062675476074
1749310873.4466596,17.94158748990716,-2.7743277549743652
1749310873.4801307,17.952846198982844,-2.7689967155456543
1749310873.5135326,17.960709749116358,-2.762317180633545
1749310873.5469937,17.968164888697792,-2.7574758529663086
1749310873.580486,17.975550755657324,-2.751865863800049
1749310873.613914,17.982900561940042,-2.745887041091919
1749310873.6473148,17.989771142846404,-2.740253448486328
1749310873.6807375,17.99742091214566,-2.7349984645843506
1749310873.7142034,18.00530717830871,-2.729290246963501
1749310873.7476935,18.01292568791396,-2.7236058712005615
1749310873.7811003,18.01798957274469,-2.7195918560028076
1749310873.8145077,18.028149426853506,-2.712489366531372
1749310873.8479497,18.03571114556255,-2.706601142883301
1749310873.8813837,18.043268799786425,-2.700547456741333
1749310873.914828,18.05309111575858,-2.6924068927764893
1749310873.9482386,18.060652940286644,-2.686516761779785
1749310873.9816427,18.068196916115827,-2.68049693107605
1749310874.015047,18.07573520728491,-2.6744048595428467
1749310874.0484474,18.088104205927618,-2.664721965789795
1749310874.0819,18.09091116786296,-2.6616878509521484
1749310874.1153052,18.098473600572138,-2.6560885906219482
1749310874.148903,18.105887902318468,-2.6484837532043457
1749310874.1823142,18.115567707906656,-2.6426405906677246
1749310874.21573,18.123103997796033,-2.636862277984619
1749310874.249175,18.128072056771234,-2.630026340484619
1749310874.2825887,18.136782462206412,-2.6235134601593018
1749310874.316035,18.14315707105568,-2.6160340309143066
1749310874.3494434,18.150495402504387,-2.6106746196746826
1749310874.3830843,18.15809044797747,-2.603402614593506
1749310874.4165473,18.16547948630355,-2.595980405807495
1749310874.4499052,18.172893499669748,-2.5889196395874023
1749310874.48411,18.177704728445207,-2.5823941230773926
1749310874.5175526,18.185008530678996,-2.5743765830993652
1749310874.5510006,18.19509154064512,-2.5657193660736084
1749310874.5844038,18.19993575918007,-2.5598559379577637
1749310874.6178703,18.209157245179007,-2.544924259185791
1749310874.6512773,18.216431428592184,-2.5375406742095947
1749310874.6846797,18.223959501936438,-2.528014659881592
1749310874.7180853,18.23347253113732,-2.519444704055786
1749310874.752101,18.24079986267003,-2.5071094036102295
1749310874.7862475,18.24810188802693,-2.5010945796966553
1749310874.8198478,18.255589571348956,-2.490061044692993
1749310874.8584685,18.263254760994826,-2.481466770172119
1749310874.8919458,18.27057781132443,-2.4714226722717285
1749310874.9253528,18.277939938727638,-2.463029146194458
1749310874.9587986,18.285217059647927,-2.453932046890259
1749310874.9922023,18.293635861526305,-2.447654962539673
1749310875.02562,18.300057455135985,-2.4374020099639893
1749310875.0590322,18.30749259314198,-2.429678440093994
1749310875.092597,18.314853459199348,-2.420604944229126
1749310875.126012,18.32229485656722,-2.4124057292938232
1749310875.1594806,18.329588854078125,-2.4032680988311768
1749310875.1957586,18.33713755120564,-2.396191120147705
1749310875.229162,18.344336784875537,-2.3862228393554688
1749310875.2625644,18.35396387294188,-2.378366708755493
1749310875.2960064,18.36168093496174,-2.37039852142334
1749310875.3294919,18.366860402151637,-2.3622124195098877
1749310875.3628972,18.373997388638006,-2.354095220565796
1749310875.396303,18.381543337657828,-2.347158193588257
1749310875.429724,18.39117700405963,-2.337350845336914
1749310875.463139,18.394051387845906,-2.3311123847961426
1749310875.4965413,18.40090883378176,-2.3251166343688965
1749310875.532161,18.408399194736166,-2.314892053604126
1749310875.5656564,18.41514001217299,-2.3043901920318604
1749310875.5990558,18.422751988251342,-2.2951574325561523
1749310875.632659,18.430360813476533,-2.2871575355529785
1749310875.6661015,18.439669262509266,-2.275540828704834
1749310875.6995487,18.44717329637529,-2.270930528640747
1749310875.7329493,18.454589650175176,-2.262632131576538
1749310875.7665772,18.460736085883045,-2.250244617462158
1749310875.7999794,18.46771896451343,-2.24212908744812
1749310875.8333328,18.475444335839125,-2.236004114151001
1749310875.866857,18.48445858852988,-2.226332187652588
1749310875.9003494,18.489457735888035,-2.217003345489502
1749310875.9338884,18.49671045287219,-2.2079620361328125
1749310875.968034,18.504129431884877,-2.198028802871704
1749310876.0014434,18.508788212843033,-2.1922550201416016
1749310876.034851,18.515961673900662,-2.183441400527954
1749310876.0696802,18.52331521926435,-2.174038887023926
1749310876.1030931,18.52830123314906,-2.1690266132354736
1749310876.1375847,18.535621641204866,-2.1593894958496094
1749310876.1712253,18.543076739742634,-2.1486172676086426
1749310876.210259,18.55299245454922,-2.1403377056121826
1749310876.2437122,18.560353829913723,-2.127945899963379
1749310876.2774377,18.5651846458761,-2.1210947036743164
1749310876.3108678,18.572979572263847,-2.113525867462158
1749310876.3442757,18.5821686121738,-2.100529909133911
1749310876.3776557,18.589796837372013,-2.0917201042175293
1749310876.411065,18.597445083887514,-2.0831551551818848
1749310876.4444833,18.604324496576396,-2.074584484100342
1749310876.4781158,18.61434871647549,-2.0625665187835693
1749310876.5115302,18.619269661793965,-2.0567829608917236
1749310876.5450053,18.626638276500543,-2.046841859817505
1749310876.5784483,18.633742600161437,-2.0394513607025146
1749310876.611866,18.641391552815673,-2.0311825275421143
1749310876.6454046,18.648908857157274,-2.0235986709594727
1749310876.6788182,18.65840145564301,-2.014592170715332
1749310876.712222,18.66354757657026,-2.005610942840576
1749310876.745621,18.670971092473287,-1.996872901916504
1749310876.7790275,18.67839840793727,-1.9879920482635498
1749310876.812496,18.685838688695604,-1.979932427406311
1749310876.845972,18.695804903335862,-1.9693301916122437
1749310876.8793766,18.703366594147255,-1.9623150825500488
1749310876.9127812,18.70826005657338,-1.9563603401184082
1749310876.946186,18.71817108825543,-1.945682406425476
1749310876.9795988,18.725639668334857,-1.938112735748291
1749310877.012989,18.73330827966107,-1.930138349533081
1749310877.046391,18.740644683110812,-1.9235442876815796
1749310877.0797932,18.7481546556738,-1.9189167022705078
1749310877.1132069,18.753329614561004,-1.9107049703598022
1749310877.1466353,18.76305671480072,-1.9016602039337158
1749310877.1800344,18.768118784934057,-1.897868275642395
1749310877.213437,18.77562029522987,-1.8907359838485718
1749310877.246839,18.783212224931457,-1.8848094940185547
1749310877.2803082,18.790720497233604,-1.878034234046936
1749310877.3137112,18.798198723862306,-1.8713159561157227
1749310877.347109,18.805753245741915,-1.8653292655944824
1749310877.380556,18.813533605767763,-1.8589318990707397
1749310877.4140134,18.82073318307114,-1.852051019668579
1749310877.4474304,18.828261580805833,-1.8461861610412598
1749310877.4808319,18.83591410798688,-1.8413594961166382
1749310877.5142882,18.843153012387024,-1.8357453346252441
1749310877.5476925,18.853260019411902,-1.8287312984466553
1749310877.581097,18.85839523887426,-1.8247450590133667
1749310877.6144996,18.866121408792775,-1.8186068534851074
1749310877.6479442,18.873629323637974,-1.8131293058395386
1749310877.6814346,18.883410576113814,-1.810819387435913
1749310877.7148306,18.891133269813736,-1.8033696413040161
1749310877.748239,18.89839706289821,-1.798325777053833
1749310877.7816932,18.90637413572047,-1.7948076725006104
1749310877.8150992,18.914026607894424,-1.7899142503738403
1749310877.848504,18.92169717455956,-1.785035252571106
1749310877.8819273,18.92708762181269,-1.7804839611053467
1749310877.915315,18.93465608290539,-1.778835415840149
1749310877.9487133,18.94483201313862,-1.7757728099822998
1749310877.982592,18.950285753583078,-1.7721413373947144
1749310878.0159934,18.958342151710312,-1.7697126865386963
1749310878.049509,18.965891679861965,-1.7667274475097656
1749310878.0829077,18.97370239681869,-1.7627898454666138
1749310878.1163075,18.98148913937709,-1.7591432332992554
1749310878.1497374,18.98641809162902,-1.7568469047546387
1749310878.1831765,18.994224827013976,-1.753788709640503
1749310878.216579,19.002293976261104,-1.7506145238876343
1749310878.249988,19.00982345908692,-1.7471987009048462
1749310878.283396,19.017879586604085,-1.7440601587295532
1749310878.316796,19.02800891909888,-1.740751028060913
1749310878.350243,19.033465610333362,-1.737148642539978
1749310878.383646,19.044635857119058,-1.7335859537124634
1749310878.4170425,19.0490728711558,-1.7314900159835815
1749310878.4506829,19.05946300562175,-1.7280666828155518
1749310878.4843807,19.064662102176598,-1.7250365018844604
1749310878.517789,19.072466732507905,-1.7220768928527832
1749310878.551187,19.082606214452102,-1.719104290008545
1749310878.584593,19.088061907380624,-1.7157906293869019
1749310878.618039,19.09559842348375,-1.7127033472061157
1749310878.6514785,19.103659867100685,-1.709737777709961
1749310878.6849065,19.11146120196766,-1.706807255744934
1749310878.7183096,19.12160709838204,-1.7029846906661987
1749310878.7517512,19.12964588563347,-1.6996973752975464
1749310878.7852304,19.137183322914375,-1.6967458724975586
1749310878.8186574,19.146313112771292,-1.6948294639587402
1749310878.8520842,19.15359331863998,-1.6918282508850098
1749310878.8862355,19.161134915832285,-1.689103126525879
1749310878.919651,19.168681435356884,-1.6863921880722046
1749310878.9530535,19.178831743063338,-1.6838047504425049
1749310878.9865468,19.18506996134531,-1.6809406280517578
1749310879.0201488,19.19208879449969,-1.6779769659042358
1749310879.0546997,19.19989965391076,-1.6756222248077393
1749310879.0881965,19.20770215715745,-1.6729434728622437
1749310879.121614,19.215496349486358,-1.6701407432556152
1749310879.1550157,19.2233254529065,-1.6681774854660034
1749310879.1884599,19.231119685706297,-1.6653082370758057
1749310879.2219691,19.238922893785862,-1.6626989841461182
1749310879.255478,19.246473212704178,-1.6601670980453491
1749310879.2890182,19.254554335902,-1.657938838005066
1749310879.322398,19.262361134731844,-1.6553447246551514
1749310879.355863,19.27252138321688,-1.6534299850463867
1749310879.3892624,19.277990045510357,-1.6511540412902832
1749310879.4231963,19.285802187570113,-1.6497044563293457
1749310879.4571204,19.29414688759081,-1.6471331119537354
1749310879.490576,19.30142006405685,-1.6452994346618652
1749310879.5239854,19.30923840446115,-1.6433095932006836
1749310879.5574024,19.31704823097,-1.640524983406067
1749310879.5908513,19.325134201424433,-1.6389451026916504
1749310879.6242895,19.332688467065918,-1.6370856761932373
1749310879.6600974,19.34050030578319,-1.6348152160644531
1749310879.693698,19.34831806599938,-1.6331055164337158
1749310879.7281427,19.355867793001238,-1.6310479640960693
1749310879.7615578,19.361344372396758,-1.6300674676895142
1749310879.7949414,19.369165020864518,-1.6278119087219238
1749310879.8283408,19.378545404350806,-1.6261355876922607
1749310879.8617427,19.386101882936387,-1.6242430210113525
1749310879.8951619,19.3923552366327,-1.6224316358566284
1749310879.9285712,19.40018013482622,-1.6216274499893188
1749310879.9620771,19.407993473520776,-1.6189210414886475
1749310879.9954793,19.415815839447138,-1.6173994541168213
1749310880.0289001,19.423909346417506,-1.6163644790649414
1749310880.0623593,19.431724756577985,-1.614644169807434
1749310880.095822,19.439542006267637,-1.6132256984710693
1749310880.1292303,19.44738179993667,-1.6126374006271362
1749310880.1629488,19.455466443494338,-1.6109449863433838
1749310880.1963756,19.463031586887475,-1.6096467971801758
1749310880.2298074,19.47112131694583,-1.608627438545227
1749310880.2632053,19.481546005164102,-1.6070767641067505
1749310880.2966123,19.489110249689965,-1.605608344078064
1749310880.3300114,19.496928832124677,-1.604077935218811
1749310880.3634107,19.502138926930044,-1.602967381477356
1749310880.3968635,19.50971111233412,-1.6027474403381348
1749310880.4302793,19.517792645174016,-1.6014236211776733
1749310880.4637153,19.52535413155022,-1.6000633239746094
1749310880.4971752,19.533436142403804,-1.5993309020996094
1749310880.5306025,19.543881070108345,-1.5978000164031982
1749310880.564201,19.551717591216423,-1.5967528820037842
1749310880.5975995,19.559547775519313,-1.595642328262329
1749310880.630963,19.567391246717683,-1.5951627492904663
1749310880.6643796,19.572355117111734,-1.5943758487701416
1749310880.6977823,19.583059931952196,-1.593624234199524
1749310880.731291,19.588539071303945,-1.5927708148956299
1749310880.7646923,19.598719080361327,-1.5913232564926147
1749310880.7980957,19.60420083848456,-1.590748906135559
1749310880.8316035,19.614647676125337,-1.5899672508239746
1749310880.8650274,19.62247369864486,-1.5887246131896973
1749310880.8984292,19.630307376732524,-1.5878092050552368
1749310880.9318564,19.640482299894305,-1.586717963218689
1749310880.9652696,19.648307949345075,-1.5856176614761353
1749310880.998706,19.656141100820285,-1.5847268104553223
1749310881.0321085,19.666630650703173,-1.5848350524902344
1749310881.06556,19.671606644800463,-1.5839223861694336
1749310881.0989668,19.679712837061526,-1.5833066701889038
1749310881.1323743,19.68990289980777,-1.5827455520629883
1749310881.1657853,19.695384925706954,-1.5819159746170044
1749310881.1991637,19.70321997232918,-1.581465482711792
1749310881.2325768,19.711052344108786,-1.5807416439056396
1749310881.2660208,19.71888893951668,-1.5800591707229614
1749310881.2994268,19.726719244206627,-1.5796208381652832
1749310881.332986,19.73428066684645,-1.5790694952011108
1749310881.3664868,19.74236278029642,-1.5782744884490967
1749310881.3998935,19.747317797122847,-1.5778801441192627
1749310881.4332979,19.755407683662735,-1.5777357816696167
1749310881.4667,19.763238594459818,-1.5771702527999878
1749310881.500175,19.771067404696023,-1.576675534248352
1749310881.5335765,19.778631625433103,-1.5761018991470337
1749310881.5669653,19.786725644807078,-1.5756444931030273
1749310881.6003811,19.797416456609653,-1.5749248266220093
1749310881.6337845,19.804986562282263,-1.5744907855987549
1749310881.667189,19.81307581091589,-1.573837161064148
1749310881.7005951,19.820908676913326,-1.5734387636184692
1749310881.7339668,19.829000432801884,-1.572896122932434
1749310881.7675266,19.840228827749705,-1.572336196899414
1749310881.800931,19.847541550690973,-1.571972370147705
1749310881.8343427,19.855888066439896,-1.5716770887374878
1749310881.8678403,19.863456402624767,-1.571458101272583
1749310881.9012883,19.870235569962905,-1.5709547996520996
1749310881.934699,19.877815373660827,-1.5707753896713257
1749310881.9683182,19.885916374819836,-1.5702567100524902
1749310882.0017292,19.893755136515175,-1.569904088973999
1749310882.0351298,19.901319748187554,-1.569466471672058
1749310882.0685325,19.909410828189984,-1.569045901298523
1749310882.1019485,19.91724679191396,-1.5687791109085083
1749310882.1353629,19.925072255317502,-1.5685093402862549
1749310882.1695051,19.932643180902563,-1.568084716796875
1749310882.2040956,19.94335028418293,-1.5677284002304077
1749310882.2375076,19.951173476924755,-1.567489743232727
1749310882.2709513,19.96162078437746,-1.5671278238296509
1749310882.30435,19.966578056400603,-1.567068338394165
1749310882.3378637,19.974662483579266,-1.5669437646865845
1749310882.3712797,19.97962029890406,-1.5666754245758057
1749310882.4046803,19.98483757019682,-1.5663807392120361
1749310882.439464,19.995540324968736,-1.5664253234863281
1749310882.4731889,20.00337505449374,-1.5661571025848389
1749310882.5065787,20.011208251417514,-1.5659090280532837
1749310882.5399773,20.019034016384733,-1.565559983253479
1749310882.5734162,20.027121278821,-1.5656050443649292
1749310882.6068122,20.034687244183132,-1.5650840997695923
1749310882.6402085,20.04252366564227,-1.565301537513733
1749310882.673607,20.05036524042809,-1.5647664070129395
1749310882.7073011,20.057947264670048,-1.5646953582763672
1749310882.7407057,20.0660447870632,-1.5644111633300781
1749310882.774113,20.076487113741702,-1.564173936843872
1749310882.8075511,20.084054488401563,-1.563892126083374
1749310882.8409579,20.092146879852567,-1.5641342401504517
1749310882.8743646,20.099965437323142,-1.5638799667358398
1749310882.907737,20.10778148656172,-1.5634838342666626
1749310882.9411385,20.115602734059213,-1.563589334487915
1749310882.9745584,20.120818516991115,-1.5635641813278198
1749310883.0079682,20.12847555940944,-1.5632684230804443
1749310883.0413983,20.134341723254707,-1.5634946823120117
1749310883.0748055,20.138770332624883,-1.5632561445236206
1749310883.1082575,20.141585132996426,-1.5636563301086426
1749310883.1417422,20.147517821031734,-1.5632604360580444
1749310883.1753614,20.149891079878927,-1.5633735656738281
1749310883.2087624,20.153199421583974,-1.5634161233901978
1749310883.2421663,20.156689324329133,-1.563140630722046
1749310883.2757401,20.159722398136303,-1.5635110139846802
1749310883.3091357,20.16295479516842,-1.5636297464370728
1749310883.3426504,20.166287284701106,-1.563364863395691
1749310883.3762796,20.16940676099316,-1.5635054111480713
1749310883.413845,20.17155183591411,-1.5632104873657227
1749310883.44725,20.17586856336179,-1.5637238025665283
1749310883.480663,20.179097291722808,-1.5637216567993164
1749310883.514066,20.18232274676195,-1.5636285543441772
1749310883.5474696,20.185763813188398,-1.5641471147537231
1749310883.580909,20.187696496669105,-1.5638188123703003
1749310883.6143122,20.19083754111134,-1.5643267631530762
1749310883.6477387,20.194410786053776,-1.5641964673995972
1749310883.6815064,20.19850699843892,-1.5647052526474
1749310883.714902,20.201764740883455,-1.5646629333496094
1749310883.7483802,20.20511090971367,-1.5651991367340088
1749310883.781773,20.20822872438138,-1.5655699968338013
1749310883.815221,20.211448238396073,-1.5657317638397217
1749310883.848636,20.214560467739542,-1.5659286975860596
1749310883.882038,20.217767476487758,-1.5663148164749146
1749310883.9154365,20.22134626716997,-1.5661541223526
1749310883.9488382,20.224598103177144,-1.5673571825027466
1749310883.9822397,20.22848582512165,-1.567015290260315
1749310884.0156772,20.23258998569468,-1.567898154258728
1749310884.049089,20.236575367085177,-1.5679786205291748
1749310884.0824997,20.240378400461122,-1.5692788362503052
1749310884.1161304,20.244283149864692,-1.5695862770080566
1749310884.1495955,20.24825282371202,-1.5703678131103516
1749310884.1829956,20.252046614865776,-1.57123601436615
1749310884.216397,20.25578131771526,-1.5721076726913452
1749310884.2498002,20.259465091507472,-1.572806715965271
1749310884.283509,20.26428861079659,-1.5734308958053589
1749310884.3169518,20.266680974999577,-1.5735135078430176
1749310884.350349,20.270207383350932,-1.574061393737793
1749310884.383749,20.273564272304913,-1.574933648109436
1749310884.4172387,20.277096232077604,-1.5753111839294434
1749310884.4506655,20.279241871165425,-1.5760496854782104
1749310884.4840693,20.282682478765683,-1.5765938758850098
1749310884.5175164,20.286100989539282,-1.5782361030578613
1749310884.551184,20.290388082668766,-1.577751636505127
1749310884.5846949,20.293511444616037,-1.5791370868682861
1749310884.6181397,20.29556260872426,-1.5799306631088257
1749310884.6515958,20.298716600791003,-1.5810050964355469
1749310884.68507,20.302743710688652,-1.5815659761428833
1749310884.7184823,20.3045265785712,-1.5823824405670166
1749310884.752111,20.307456904633572,-1.5829558372497559
1749310884.7867248,20.311280674448202,-1.5829095840454102
1749310884.8201828,20.314161664667317,-1.5833027362823486
1749310884.8536918,20.31688449642409,-1.5844683647155762
1749310884.887131,20.320524003250313,-1.5842616558074951
1749310884.9205835,20.322221041394457,-1.5854781866073608
1749310884.9544837,20.324963069274155,-1.5851335525512695
1749310884.9879138,20.32776010821539,-1.5864828824996948
1749310885.021368,20.33030812307941,-1.587774395942688
1749310885.055362,20.332838560324355,-1.5869505405426025
1749310885.0887794,20.33438091960226,-1.587161898612976
1749310885.1221864,20.33671239144485,-1.588100790977478
1749310885.156148,20.3383041447696,-1.5884170532226562
1749310885.1900795,20.34152529719068,-1.5883876085281372
1749310885.2235074,20.34385268142806,-1.588611364364624
1749310885.2569094,20.34690627979442,-1.5894804000854492
1749310885.2903483,20.34835023898047,-1.5898023843765259
1749310885.3237462,20.350656099539158,-1.5895355939865112
1749310885.3574574,20.352073350073596,-1.590407133102417
1749310885.390888,20.354993885528888,-1.5903798341751099
1749310885.424288,20.35710826200512,-1.5914071798324585
1749310885.457707,20.359327678665263,-1.5911344289779663
1749310885.4911356,20.361541984202372,-1.5914537906646729
1749310885.5245366,20.36362489435921,-1.5913318395614624
1749310885.558004,20.365657476048778,-1.5920867919921875
1749310885.5915098,20.367656328747827,-1.592005729675293
1749310885.6248813,20.369598836023716,-1.5923680067062378
1749310885.6583169,20.37151123167576,-1.5930348634719849
1749310885.6917236,20.373427105206833,-1.5927114486694336
1749310885.7251635,20.375311547357136,-1.5935074090957642
1749310885.7596066,20.378074507404683,-1.5928653478622437
1749310885.7931182,20.37905330224091,-1.5938161611557007
1749310885.8265612,20.380845541247908,-1.594196081161499
1749310885.8599613,20.382499950309427,-1.594267725944519
1749310885.893555,20.38482313338539,-1.5940560102462769
1749310885.9269557,20.386492053423343,-1.594004511833191
1749310885.9603987,20.38813910810909,-1.5943012237548828
1749310885.993807,20.389168267296448,-1.594231128692627
1749310886.0272503,20.39081941595819,-1.5946112871170044
1749310886.0606573,20.39239725412295,-1.594582438468933
1749310886.094096,20.393941272565097,-1.5946694612503052
1749310886.1277502,20.395454922703948,-1.594664216041565
1749310886.1611745,20.396956262052615,-1.595144510269165
1749310886.1945832,20.398475935615984,-1.5945310592651367
1749310886.2279923,20.399959484105487,-1.5948843955993652
1749310886.2613888,20.401406864919405,-1.595128059387207
1749310886.294975,20.402822737804176,-1.5948933362960815
1749310886.3283796,20.404253030790557,-1.5953199863433838
1749310886.361815,20.40561104200713,-1.5949755907058716
1749310886.3953905,20.407108061972288,-1.5955049991607666
1749310886.4287996,20.4083798531751,-1.5955878496170044
1749310886.4622376,20.409658556976687,-1.5953402519226074
1749310886.4963355,20.41095012280562,-1.5954872369766235
1749310886.5299432,20.412252641245697,-1.5955389738082886
1749310886.5633829,20.413041252822037,-1.5953855514526367
1749310886.5969224,20.414315084007523,-1.59567391872406
1749310886.6303608,20.415525885348647,-1.5953178405761719
1749310886.6637573,20.41673817922472,-1.595805048942566
1749310886.6971543,20.417935778031246,-1.5955650806427002
1749310886.7305574,20.41910136329265,-1.5955413579940796
1749310886.7640293,20.420249919178275,-1.5955458879470825
1749310886.797588,20.421369182332445,-1.595483660697937
1749310886.8311677,20.422493548154783,-1.595757246017456
1749310886.8646605,20.423527031189415,-1.5956007242202759
1749310886.8980167,20.424623363998194,-1.5955283641815186
1749310886.93142,20.42565858641617,-1.59562087059021
1749310886.9649658,20.426748348391456,-1.5957070589065552
1749310886.9983792,20.427652576332516,-1.595374584197998
1749310887.0317938,20.429032562973322,-1.5957051515579224
1749310887.0652585,20.43005586167031,-1.5950697660446167
1749310887.09876,20.43106793680145,-1.595776915550232
1749310887.132185,20.432099201328462,-1.5952130556106567
1749310887.1655881,20.43277722874661,-1.5957155227661133
1749310887.1989846,20.433837495130284,-1.5953245162963867
1749310887.2329414,20.43444922469769,-1.595555305480957
1749310887.2663634,20.435790278300626,-1.595577597618103
1749310887.299761,20.436670407420014,-1.5959657430648804
1749310887.3331592,20.43726857905807,-1.5955647230148315
1749310887.3665693,20.43847974958076,-1.5959872007369995
1749310887.4000652,20.43902289440415,-1.5956264734268188
1749310887.4335098,20.439887285008332,-1.5959978103637695
1749310887.4669268,20.440984883995558,-1.5955754518508911
1749310887.5003297,20.441491851942168,-1.5957694053649902
1749310887.5337493,20.442393458927064,-1.5957000255584717
1749310887.5675738,20.44264621079527,-1.5957279205322266
1749310887.6009474,20.44294609108674,-1.5957690477371216
1749310887.6343539,20.44305294826722,-1.5957798957824707
1749310887.6677513,20.443107816336553,-1.5957845449447632
1749310887.701585,20.4431378853345,-1.5957854986190796
1749310887.7350137,20.4431555901451,-1.595786452293396
1749310887.7684267,20.44316753538929,-1.5957869291305542
1749310887.8020694,20.443172391659886,-1.5957871675491333
1749310887.8355103,20.44317588029457,-1.5957913398742676
1749310887.8689525,20.443178029270857,-1.5957887172698975
1749310887.902421,20.44317961331125,-1.5957911014556885
1749310887.936848,20.44318175396462,-1.5957900285720825
1749310887.9702668,20.443184484975294,-1.5957903861999512
1749310888.0039344,20.44318582422417,-1.5957932472229004
1749310888.0375726,20.44318726291784,-1.5957920551300049
1749310888.070973,20.443189240940036,-1.5957937240600586
1749310888.1043832,20.44319071332961,-1.5957947969436646
1749310888.137784,20.443192473687272,-1.595793604850769
1749310888.1714191,20.44319428583476,-1.5957975387573242
1749310888.2048368,20.44319533649884,-1.595794916152954
1749310888.238303,20.443197233800166,-1.59579598903656
1749310888.2721238,20.443199408077646,-1.595798134803772
1749310888.3056228,20.443200763461437,-1.5957969427108765
1749310888.3390303,20.443202700984997,-1.5957980155944824
1749310888.3724318,20.443204387255648,-1.5958001613616943
1749310888.4059489,20.443206157395064,-1.5957984924316406
1749310888.4393775,20.44320709673643,-1.5958011150360107
1749310888.4727848,20.44320886766092,-1.5958001613616943
1749310888.506197,20.443210783473354,-1.5958014726638794
1749310888.5396073,20.44321223545633,-1.595802903175354
1749310888.573154,20.44321330284414,-1.595801830291748
1749310888.6080987,20.443214905653623,-1.595805287361145
1749310888.6415155,20.443216129855998,-1.5958030223846436
1749310888.6749508,20.44321789626026,-1.5958040952682495
1749310888.7083557,20.44321980051569,-1.5958062410354614
1749310888.7421422,20.443221229957995,-1.5958046913146973
1749310888.7755573,20.443222829318337,-1.5958073139190674
1749310888.8089416,20.443224551068532,-1.5958061218261719
1749310888.8423448,20.443225526888458,-1.5958093404769897
1749310888.8757486,20.443227325093666,-1.5958070755004883
1749310888.9092066,20.44322882893618,-1.5958079099655151
1749310888.9426045,20.443230764222886,-1.595811367034912
1749310888.9760098,20.443231840652533,-1.595808982849121
1749310889.0094085,20.443233512672567,-1.5958101749420166
1749310889.0428164,20.443235108454658,-1.5958117246627808
1749310889.076254,20.443235858331047,-1.5958107709884644
1749310889.1096482,20.443237460022445,-1.5958133935928345
1749310889.143111,20.443239350770856,-1.5958120822906494
1749310889.17652,20.443240806702576,-1.5958139896392822
1749310889.210069,20.443242472602297,-1.5958149433135986
1749310889.2436235,20.443244746748704,-1.5958142280578613
1749310889.27705,20.443245974536755,-1.5958174467086792
1749310889.310495,20.443247202622544,-1.5958150625228882
1749310889.343925,20.4432489432976,-1.5958162546157837
1749310889.377366,20.443250480517165,-1.5958184003829956
1749310889.4107969,20.4432518747105,-1.5958168506622314
1749310889.4441562,20.44325362179202,-1.5958194732666016
1749310889.4775627,20.443255546617205,-1.595818281173706
1749310889.5109625,20.443257619332705,-1.5958200693130493
1749310889.5443666,20.443258595611724,-1.5958216190338135
1749310889.5777655,20.443260156372354,-1.5958200693130493
1749310889.6111727,20.443261976964184,-1.5958235263824463
1749310889.6445782,20.44326316183854,-1.5958212614059448
1749310889.6779714,20.44326481108778,-1.5958222150802612
1749310889.7121844,20.443266394653197,-1.5958255529403687
1749310889.745613,20.443267919808722,-1.5958231687545776
1749310889.7794325,20.443270247282378,-1.5958242416381836
1749310889.8128643,20.443271063415455,-1.5958259105682373
1749310889.8462827,20.443272701377047,-1.5958248376846313
1749310889.879844,20.4432742635149,-1.5958269834518433
1749310889.913248,20.44327655177759,-1.5958263874053955
1749310889.9466586,20.443277626948433,-1.5958268642425537
1749310889.980091,20.443279151212394,-1.5958296060562134
1749310890.013497,20.44328095674801,-1.5958282947540283
1749310890.0476687,20.443282992733693,-1.595828890800476
1749310890.0811465,20.44328444590764,-1.5958316326141357
1749310890.1145458,20.44328485999754,-1.5958304405212402
1749310890.148055,20.443285849071763,-1.5958322286605835
1749310890.1814613,20.443287352709998,-1.5958333015441895
1749310890.214927,20.443289202003818,-1.5958322286605835
1749310890.2483757,20.443290164950003,-1.5958356857299805
1749310890.2817757,20.443291861625454,-1.5958333015441895
1749310890.3151886,20.443293332506215,-1.5958343744277954
1749310890.348569,20.44329486230365,-1.5958365201950073
1749310890.381987,20.443296881629806,-1.5958348512649536
1749310890.4160948,20.443297908012433,-1.5958377122879028
1749310890.4495027,20.4432997152607,-1.5958365201950073
1749310890.482962,20.443300382263633,-1.595838189125061
1749310890.516701,20.443302090805446,-1.5958393812179565
1749310890.5501094,20.44333655358323,-1.5962958335876465
1749310890.5835645,20.44591895314322,-1.5950793027877808
1749310890.6169722,20.4516582223667,-1.592913269996643
1749310890.6503873,20.458958142216826,-1.590447187423706
1749310890.68383,20.467740374078463,-1.5882562398910522
1749310890.7172618,20.479557485315805,-1.58725905418396
1749310890.7506738,20.48919456235214,-1.58426833152771
1749310890.7841246,20.4983602071439,-1.581213355064392
1749310890.817531,20.505411621388145,-1.5806981325149536
1749310890.851203,20.51471145980968,-1.5778613090515137
1749310890.8846774,20.52500031963486,-1.5748729705810547
1749310890.9180958,20.53410324679749,-1.5736693143844604
1749310890.9515104,20.54026682878562,-1.5716811418533325
1749310890.9849179,20.550355368726375,-1.569290280342102
1749310891.0183227,20.56016734595578,-1.5676274299621582
1749310891.05187,20.57005109019098,-1.5661996603012085
1749310891.0852692,20.58000517033043,-1.564451813697815
1749310891.1186652,20.586686019175012,-1.5639097690582275
1749310891.1521795,20.596400300447375,-1.561662197113037
1749310891.1855767,20.60783982641892,-1.5602999925613403
1749310891.2190282,20.61861973567596,-1.5586425065994263
1749310891.252442,20.627031250428022,-1.5566715002059937
1749310891.2858393,20.637161548766922,-1.5547199249267578
1749310891.3192525,20.64733238711221,-1.5537002086639404
1749310891.35282,20.657509425212194,-1.550666093826294
1749310891.3862774,20.671148936384785,-1.5500167608261108
1749310891.4196343,20.677966512593848,-1.5494645833969116
1749310891.4530525,20.688138425927686,-1.5469075441360474
1749310891.4864523,20.698335908778787,-1.5459952354431152
1749310891.52004,20.709627059896228,-1.547271490097046
1749310891.5534525,20.718577532086496,-1.5451552867889404
1749310891.5869513,20.72928727935347,-1.5439180135726929
1749310891.6203654,20.739317764138857,-1.5447031259536743
1749310891.6540878,20.749799898415148,-1.5434556007385254
1749310891.6875176,20.76089715431796,-1.5430481433868408
1749310891.8819351,20.786121152323016,-1.5487449169158936
1749310891.915867,20.78654798339798,-1.5489437580108643
1749310891.9494915,20.793139460104694,-1.5512363910675049
1749310891.9830163,20.80118440045466,-1.5528414249420166
1749310892.0164282,20.810447920834672,-1.5542019605636597
1749310892.0498245,20.820642562425057,-1.557551383972168
1749310892.083234,20.830944778182406,-1.558268427848816
1749310892.1166205,20.84104646239555,-1.5604108572006226
1749310892.1500232,20.85511441896949,-1.562082290649414
1749310892.1834285,20.865350022456404,-1.5652276277542114
1749310892.2168376,20.876326111432686,-1.5664875507354736
1749310892.2502491,20.88341543367784,-1.5674482583999634
1749310892.28376,20.894070949933305,-1.5684007406234741
1749310892.3171973,20.9047283371783,-1.5701158046722412
1749310892.350916,20.91539959752528,-1.5710355043411255
1749310892.384298,20.9225039545161,-1.5726507902145386
1749310892.4177213,20.933203665031854,-1.5731710195541382
1749310892.4510767,20.940290419527674,-1.5753209590911865
1749310892.4845078,20.95451568082626,-1.5773894786834717
1749310892.5179229,20.961984944729398,-1.5778131484985352
1749310892.5513558,20.97654304848125,-1.5795618295669556
1749310892.5847526,20.98294759585385,-1.5802724361419678
1749310892.6181533,20.993617008895185,-1.5815197229385376
1749310892.6515584,21.007824793043156,-1.5831546783447266
1749310892.6849682,21.018483776231154,-1.5843347311019897
1749310892.7185533,21.02914100827951,-1.585680603981018
1749310892.7519748,21.039844118360946,-1.58552086353302
1749310892.7853816,21.04698075965589,-1.5870862007141113
1749310892.818777,21.057704537354706,-1.5878182649612427
1749310892.8521862,21.068007748063156,-1.586290955543518
1749310892.8856294,21.07904792806246,-1.587581992149353
1749310892.9190195,21.090143623123854,-1.5873098373413086
1749310892.952426,21.101941487621733,-1.5884288549423218
1749310892.9858427,21.110897058024094,-1.5885778665542603
1749310893.0192466,21.12162813696689,-1.5899664163589478
1749310893.0526571,21.13235709400486,-1.5902135372161865
1749310893.0861018,21.14377419457009,-1.5911591053009033
1749310893.1201508,21.154467218409035,-1.5913846492767334
1749310893.153559,21.164795473652692,-1.5905698537826538
1749310893.1870098,21.175474696908,-1.5917357206344604
1749310893.220452,21.186165700399624,-1.591867446899414
1749310893.253859,21.20076305258728,-1.5923082828521729
1749310893.2873173,21.210728266829648,-1.5921603441238403
1749310893.3207293,21.22173115008741,-1.5914438962936401
1749310893.3541503,21.23303851158495,-1.5926064252853394
1749310893.387553,21.242947198808494,-1.591740369796753
1749310893.4209864,21.253618539060824,-1.5924712419509888
1749310893.4548194,21.264294260917346,-1.5923731327056885
1749310893.4882438,21.274967705842595,-1.5926192998886108
1749310893.5217943,21.28599006876095,-1.5925602912902832
1749310893.5552042,21.299502160168316,-1.5924521684646606
1749310893.5886016,21.306612372634774,-1.5926766395568848
1749310893.6220362,21.317616317799406,-1.5939971208572388
1749310893.6554089,21.328247976785615,-1.5936143398284912
1749310893.6888626,21.338854235512102,-1.5921307802200317
1749310893.7222989,21.352714559791025,-1.5923174619674683
1749310893.7557352,21.360903217102717,-1.593153476715088
1749310893.789187,21.37402222328005,-1.5926251411437988
1749310893.8226087,21.38496910275619,-1.5915228128433228
1749310893.856006,21.395605567179942,-1.5926474332809448
1749310893.8893921,21.40590073679907,-1.5918375253677368
1749310893.922797,21.412998989615968,-1.5913169384002686
1749310893.9561908,21.427917944347026,-1.5919853448867798
1749310893.9895983,21.434674343622238,-1.5926657915115356
1749310894.0230105,21.447129047259118,-1.5921571254730225
1749310894.056592,21.45601656593398,-1.592244267463684
1749310894.0900235,21.466682643542033,-1.5923161506652832
1749310894.1234684,21.476993991110803,-1.5923429727554321
1749310894.15688,21.491605873150654,-1.5913898944854736
1749310894.1903641,21.498735519454016,-1.591508150100708
1749310894.2237659,21.509424848682546,-1.5908534526824951
1749310894.2579536,21.520098688449544,-1.5907062292099
1749310894.2913582,21.53076408349417,-1.590466022491455
1749310894.3247411,21.54178225864679,-1.590182900428772
1749310894.3581817,21.552088375798295,-1.589934229850769
1749310894.3915787,21.56274930942559,-1.5896872282028198
1749310894.4250894,21.574834678833,-1.589651107788086
1749310894.4586592,21.587629588661656,-1.5886192321777344
1749310894.492062,21.597948334869827,-1.5884239673614502
1749310894.5254664,21.608968339129454,-1.5872485637664795
1749310894.5588775,21.619280142076157,-1.587356448173523
1749310894.5923214,21.630306196967553,-1.586151123046875
1749310894.6257277,21.640971277566983,-1.5857110023498535
1749310894.6591961,21.651293119047082,-1.5845577716827393
1749310894.6925926,21.662352241785687,-1.5838950872421265
1749310894.7260063,21.673032484690737,-1.5817584991455078
1749310894.7594094,21.6837190567624,-1.581229567527771
1749310894.7928193,21.694379589012,-1.580838680267334
1749310894.8262732,21.705005014267904,-1.5788849592208862
1749310894.8596807,21.7156414708128,-1.5770739316940308
1749310894.8931324,21.72627630780026,-1.574654221534729
1749310894.926955,21.736939564542556,-1.5726643800735474
1749310894.9604611,21.747610372585743,-1.5710774660110474
1749310894.9938507,21.761420998049193,-1.5687543153762817
1749310895.027237,21.772397430841874,-1.565767765045166
1749310895.060902,21.77917051242083,-1.564274549484253
1749310895.0944133,21.789821379884135,-1.5615246295928955
1749310895.127823,21.80084150121825,-1.5599818229675293
1749310895.1612673,21.811518112634968,-1.5588403940200806
1749310895.1946871,21.822539948798624,-1.5587998628616333
1749310895.2280924,21.832854303406965,-1.5571205615997314
1749310895.2615268,21.84709998368526,-1.5561374425888062
1749310895.2955623,21.857788018640942,-1.5561083555221558
1749310895.3289864,21.8684680185703,-1.5552729368209839
1749310895.362405,21.879152325478827,-1.554320216178894
1749310895.3958156,21.88948913289664,-1.5540833473205566
1749310895.4292147,21.9001750539655,-1.553095817565918
1749310895.4627695,21.907651390768045,-1.5526894330978394
1749310895.4962347,21.918316961476375,-1.5517523288726807
1749310895.5301352,21.92898736094471,-1.5513852834701538
1749310895.5637925,21.939297063487764,-1.5510139465332031
1749310895.5971959,21.94996388559982,-1.550180196762085
1749310895.6306431,21.961367292385354,-1.550538420677185
1749310895.6641018,21.97170561041603,-1.5495436191558838
1749310895.697535,21.982413446189447,-1.5495944023132324
1749310895.7309449,21.992753887258665,-1.5487940311431885
1749310895.7643466,22.0073703876773,-1.5483801364898682
1749310895.7977486,22.017715835731835,-1.5486291646957397
1749310895.831139,22.02839781745096,-1.5482568740844727
1749310895.8645043,22.03906877714981,-1.5478938817977905
1749310895.8979259,22.054360044547312,-1.547774314880371
1749310895.9313483,22.060759457505547,-1.5477474927902222
1749310895.964757,22.074982822820882,-1.5478798151016235
1749310895.9981601,22.085649457774792,-1.5475786924362183
1749310896.0316107,22.096314903149366,-1.5473288297653198
1749310896.0649643,22.10697532697266,-1.5475414991378784
1749310896.098371,22.117636358649904,-1.5476064682006836
1749310896.1317835,22.12829689293025,-1.5476912260055542
1749310896.1651819,22.138957300273397,-1.5476802587509155
1749310896.1985753,22.149617274869325,-1.5475791692733765
1749310896.2319422,22.1602767179025,-1.5478061437606812
1749310896.2655535,22.170580903147886,-1.5477794408798218
1749310896.2989569,22.178042370063086,-1.5478780269622803
1749310896.3323584,22.189412895397677,-1.5484334230422974
1749310896.3657591,22.199717843478698,-1.5483072996139526
1749310896.400099,22.210021284848555,-1.5486737489700317
1749310896.433515,22.22067994605973,-1.5486109256744385
1749310896.4669583,22.23133733472857,-1.5488709211349487
1749310896.5003512,22.241994547081532,-1.5491355657577515
1749310896.533713,22.256913893834536,-1.549198865890503
1749310896.5671182,22.26685906884444,-1.5493210554122925
1749310896.6005242,22.27396261245892,-1.5493720769882202
1749310896.6339316,22.287813699894656,-1.5494792461395264
1749310896.667353,22.296337620490487,-1.549460768699646
1749310896.7007544,22.305927276468992,-1.549644112586975
1749310896.7341518,22.316582841790055,-1.5496037006378174
1749310896.7675529,22.327599727907895,-1.5500825643539429
1749310896.8009994,22.33791087585167,-1.5510048866271973
1749310896.8344052,22.34822991500776,-1.551011323928833
1749310896.867916,22.359632985136066,-1.5504696369171143
1749310896.901322,22.369954914183904,-1.5514748096466064
1749310896.9347017,22.38490132752614,-1.5521392822265625
1749310896.9681578,22.391304498696634,-1.552272081375122
1749310897.0015662,22.39842017225239,-1.552382230758667
1749310897.0350273,22.41228911644611,-1.5526878833770752
1749310897.0684407,22.422952983954005,-1.5534518957138062
1749310897.1018975,22.43396678140996,-1.5537972450256348
1749310897.1352968,22.444623935902744,-1.5539414882659912
1749310897.1687024,22.45563209832786,-1.554290771484375
1749310897.2021122,22.465945499121183,-1.5547895431518555
1749310897.2356467,22.473044726286002,-1.554834246635437
1749310897.2690268,22.48478822286349,-1.555251955986023
1749310897.30243,22.49901056308725,-1.5556923151016235
1749310897.3358352,22.50861008099617,-1.5560946464538574
1749310897.3692758,22.51927338837905,-1.55649733543396
1749310897.4026587,22.52993779708416,-1.5568361282348633
1749310897.436068,22.540605929787752,-1.5568524599075317
1749310897.469533,22.550924361689447,-1.5571342706680298
1749310897.5029852,22.561588836823844,-1.5576260089874268
1749310897.5363824,22.576166632025984,-1.5579744577407837
1749310897.569899,22.586836878453237,-1.5581477880477905
1749310897.6032994,22.59715752835418,-1.55849289894104
1749310897.6369808,22.60781602212713,-1.5586836338043213
1749310897.670468,22.61847918227763,-1.5591260194778442
1749310897.7039146,22.62914627401829,-1.5593167543411255
1749310897.7373133,22.640163025436728,-1.5597443580627441
1749310897.7707372,22.650832283213187,-1.5599974393844604
1749310897.804209,22.66149645741556,-1.5602110624313354
1749310897.837618,22.671811765456027,-1.5604232549667358
1749310897.8709838,22.679271483718665,-1.5606963634490967
1749310897.9043941,22.68958025086699,-1.5612529516220093
1749310897.937814,22.70058595902159,-1.560868263244629
1749310897.9755008,22.71125625681944,-1.5616933107376099
1749310898.0089204,22.725487663571094,-1.5616785287857056
1749310898.042613,22.732959439114776,-1.5621446371078491
1749310898.076051,22.739730816092973,-1.56205415725708
1749310898.1094987,22.75399329782373,-1.5627775192260742
1749310898.1435905,22.76574379870546,-1.56289803981781
1749310898.1770134,22.778904415622335,-1.563230276107788
1749310898.210522,22.789581595094305,-1.5634845495224
1749310898.244141,22.800597460509596,-1.5637463331222534
1749310898.2775486,22.810909013010093,-1.5640583038330078
1749310898.312603,22.821571357394788,-1.5642495155334473
1749310898.3461683,22.835443637056148,-1.5645331144332886
1749310898.3795986,22.83934792942489,-1.5648113489151
1749310898.413008,22.850372017853697,-1.5647451877593994
1749310898.4464698,22.86566889556766,-1.5651463270187378
1749310898.4798717,22.87492180895277,-1.5652070045471191
1749310898.5132973,22.88559387136263,-1.5654851198196411
1749310898.5467644,22.8966089210945,-1.5658022165298462
1749310898.5810606,22.906566478778874,-1.5660001039505005
1749310898.6146073,22.91723115713805,-1.5661827325820923
1749310898.6480482,22.924334316032166,-1.5663797855377197
1749310898.6814861,22.939625991902183,-1.5666453838348389
1749310898.714884,22.946388658172058,-1.56692636013031
1749310898.7482927,22.96025779248408,-1.5672916173934937
1749310898.781781,22.970944153119007,-1.5671272277832031
1749310898.8151839,22.981625806865114,-1.5678114891052246
1749310898.8486814,22.992303724795818,-1.568093180656433
1749310898.8820994,23.0029800446271,-1.5677653551101685
1749310898.9155498,23.01684799744836,-1.5682780742645264
1749310898.9490159,23.031069938437415,-1.5682594776153564
1749310898.98239,23.038891360715954,-1.5688568353652954
1749310899.0158954,23.052759976499733,-1.568642258644104
1749310899.0493066,23.063424058984797,-1.5693786144256592
1749310899.0827298,23.0705367905553,-1.5693682432174683
1749310899.1161227,23.08120181707249,-1.5693855285644531
1749310899.149574,23.0922116983789,-1.5702718496322632
1749310899.1829777,23.10253008569073,-1.5698306560516357
1749310899.2163599,23.11320530891314,-1.5702459812164307
1749310899.2497637,23.123516887304152,-1.5703402757644653
1749310899.2831702,23.13490041877957,-1.570459008216858
1749310899.3165696,23.14556296600698,-1.5706984996795654
1749310899.3500113,23.155887465676535,-1.5701806545257568
1749310899.3838432,23.16692743119144,-1.570913314819336
1749310899.4172478,23.17368829775518,-1.571232795715332
1749310899.450645,23.18435634554214,-1.5708708763122559
1749310899.484057,23.19860557503054,-1.571370244026184
1749310899.5174613,23.208930307985778,-1.5711544752120972
1749310899.550987,23.2199517293747,-1.5716731548309326
1749310899.584527,23.230624226896452,-1.5722131729125977
1749310899.6179516,23.240944190605177,-1.5721650123596191
1749310899.6513572,23.25197541978837,-1.5724939107894897
1749310899.6847653,23.266216251625135,-1.5733433961868286
1749310899.7182915,23.273335010459316,-1.5732333660125732
1749310899.751698,23.28365599903669,-1.574259638786316
1749310899.7850957,23.29792374634612,-1.5739948749542236
1749310899.8186007,23.308601876751315,-1.5747902393341064
1749310899.8520064,23.32173919436289,-1.5754711627960205
1749310899.885398,23.331331910669853,-1.5745059251785278
1749310899.9188118,23.344474239263157,-1.5751543045043945
1749310899.9522164,23.354769945563966,-1.5758521556854248
1749310899.9855928,23.366158788124036,-1.5751283168792725
1749310900.0190012,23.37612529555533,-1.5755213499069214
1749310900.0524094,23.3871583224169,-1.5758548974990845
1749310900.0858135,23.4013996961028,-1.575316309928894
1749310900.1192136,23.411719972316824,-1.5753979682922363
1749310900.1533217,23.422744855608574,-1.5754135847091675
1749310900.186735,23.42949965257935,-1.5750796794891357
1749310900.2202566,23.44051935908006,-1.5750794410705566
1749310900.253779,23.451538569558736,-1.5749045610427856
1749310900.2872694,23.461854408225634,-1.5754576921463013
1749310900.3206635,23.472171626744096,-1.5747575759887695
1749310900.3540983,23.482850894167342,-1.5747416019439697
1749310900.3875382,23.493556870067852,-1.5735238790512085
1749310900.4215639,23.504646958039736,-1.5739736557006836
1749310900.4549732,23.516076668108333,-1.5730773210525513
1749310900.4885335,23.526052759411936,-1.5722072124481201
1749310900.5223897,23.536729795129617,-1.5711225271224976
1749310900.5559423,23.547037477874383,-1.5709680318832397
1749310900.589398,23.557980335206796,-1.568387508392334
1749310900.6230092,23.568550897672658,-1.5653945207595825
1749310900.6564126,23.579551793011422,-1.5641013383865356
1749310900.6899102,23.58983265951026,-1.5625358819961548
1749310900.7233229,23.596886232603765,-1.5603792667388916
1749310900.7568576,23.607108472029015,-1.5571277141571045
1749310900.7902784,23.62164768593419,-1.554065465927124
1749310900.8265316,23.62908771976487,-1.5522996187210083
1749310900.8599317,23.63931809744179,-1.548147201538086
1749310900.89329,23.649917408747104,-1.5447860956192017
1749310900.9266932,23.664126576661925,-1.541676640510559
1749310900.960084,23.67829405629693,-1.5383167266845703
1749310900.9935012,23.684991020709766,-1.5335909128189087
1749310901.026918,23.695688459279104,-1.5312420129776
1749310901.0603638,23.706337063199335,-1.5275970697402954
1749310901.0943642,23.717260966956857,-1.5235649347305298
1749310901.1286178,23.72791102274063,-1.5202871561050415
1749310901.1620986,23.738162554472822,-1.5158673524856567
1749310901.195498,23.74914950582168,-1.5119798183441162
1749310901.2289176,23.756560493349433,-1.5081249475479126
1749310901.262344,23.77076679733714,-1.5024573802947998
1749310901.2957778,23.777503297699,-1.4992033243179321
1749310901.3292754,23.791673362912636,-1.494686245918274
1749310901.3627481,23.79842143323033,-1.490485668182373
1749310901.3961732,23.81282271254042,-1.483907699584961
1749310901.4295921,23.820319634333483,-1.4798375368118286
1749310901.4630127,23.834043412804238,-1.4741122722625732
1749310901.4963653,23.84097854181416,-1.466853141784668
1749310901.5297663,23.85476208145232,-1.4602112770080566
1749310901.5631936,23.862122062317614,-1.4554142951965332
1749310901.5966418,23.87260649844098,-1.448132872581482
1749310901.6300447,23.883629324537058,-1.4423046112060547
1749310901.6634748,23.893514189494894,-1.4355964660644531
1749310901.6968925,23.90476130183922,-1.4282333850860596
1749310901.730326,23.914632045318253,-1.421481966972351
1749310901.7637408,23.925913176515298,-1.4142056703567505
1749310901.7971885,23.939675134754822,-1.4055525064468384
1749310901.8307312,23.9502284250264,-1.398019552230835
1749310901.864089,23.960769328113013,-1.3929729461669922
1749310901.8974936,23.967816320790792,-1.3860071897506714
1749310901.9309077,23.978733444178786,-1.3784499168395996
1749310901.9643087,23.989292078253804,-1.3709009885787964
1749310901.9977186,23.999022525183978,-1.362256407737732
1749310902.0311365,24.009653568570386,-1.356276035308838
1749310902.064547,24.020890227311728,-1.3483432531356812
1749310902.0979683,24.030694957217673,-1.340804100036621
1749310902.131438,24.0380551818014,-1.3356536626815796
1749310902.1650662,24.048560758824802,-1.3279579877853394
1749310902.1985216,24.060500713982528,-1.3200187683105469
1749310902.2319195,24.069923161929218,-1.3116286993026733
1749310902.265335,24.076294500792553,-1.3073996305465698
1749310902.2987394,24.087234372432302,-1.2994321584701538
1749310902.3321936,24.097706399726125,-1.2910785675048828
1749310902.3656025,24.10822567317235,-1.2825850248336792
1749310902.400105,24.118782000085982,-1.2747248411178589
1749310902.4335086,24.129304465683635,-1.266419768333435
1749310902.4669194,24.13983495039054,-1.258225440979004
1749310902.5004308,24.15036981988913,-1.2501059770584106
1749310902.5338736,24.15768308459417,-1.243908166885376
1749310902.5672827,24.167855597870496,-1.235645055770874
1749310902.6006875,24.178392939826722,-1.2273210287094116
1749310902.6340876,24.18858701247256,-1.2191907167434692
1749310902.667606,24.19938142086811,-1.2102000713348389
1749310902.7010267,24.206363137857732,-1.203925609588623
1749310902.7344327,24.216557456779,-1.196826696395874
1749310902.7678444,24.227071638023574,-1.187680959701538
1749310902.801335,24.2382446036902,-1.179212212562561
1749310902.8384778,24.24806190913936,-1.1738195419311523
1749310902.8718882,24.258888271560277,-1.161401629447937
1749310902.905292,24.269444016563124,-1.1534518003463745
1749310902.9389083,24.276078878319627,-1.1470271348953247
1749310902.9723222,24.28691968211982,-1.1387865543365479
1749310903.0057213,24.297424305176015,-1.1293401718139648
1749310903.0391307,24.308263063517828,-1.120154619216919
1749310903.0725317,24.31985468966582,-1.1116265058517456
1749310903.1060328,24.332473727280266,-1.0989367961883545
1749310903.139435,24.3426647414924,-1.0904403924942017
1749310903.1728783,24.353482950018307,-1.0839937925338745
1749310903.20628,24.364326433710342,-1.071718454360962
1749310903.23968,24.374517323109142,-1.0628845691680908
1749310903.27317,24.384993500793637,-1.0565874576568604
1749310903.306576,24.395883827418462,-1.0452184677124023
1749310903.3400083,24.406009722150095,-1.035506010055542
1749310903.3734848,24.416510798816645,-1.0266488790512085
1749310903.4068823,24.427008660235025,-1.0169788599014282
1749310903.4403343,24.437873934957846,-1.007759928703308
1749310903.4739385,24.44804215040563,-0.9985489845275879
1749310903.5073483,24.458545075691777,-0.9890533685684204
1749310903.5407438,24.46872773994169,-0.9808362126350403
1749310903.5742862,24.479272284243883,-0.9721197485923767
1749310903.6076987,24.490060987240977,-0.9620316624641418
1749310903.6410973,24.50055220818407,-0.9532229900360107
1749310903.6745417,24.51104397454671,-0.943753182888031
1749310903.7079477,24.521193735413366,-0.9346734881401062
1749310903.7413607,24.53201776845002,-0.925353467464447
1749310903.7759786,24.545984266963185,-0.915988028049469
1749310903.8094006,24.556110734196352,-0.9037461280822754
1749310903.842817,24.566592368185642,-0.8943288326263428
1749310903.8762631,24.577412750585598,-0.8845700621604919
1749310903.9096737,24.587571243225,-0.8754411339759827
1749310903.943084,24.59842391485528,-0.8665481805801392
1749310903.9765675,24.605059811681333,-0.8598647713661194
1749310904.0099804,24.6158995234817,-0.8504258990287781
1749310904.0433538,24.62677730194935,-0.8417900204658508
1749310904.0768297,24.63687161502861,-0.8323155045509338
1749310904.1102278,24.647691678005877,-0.8229654431343079
1749310904.1436296,24.657842784817028,-0.81342613697052
1749310904.1770759,24.668342948156248,-0.8042131066322327
1749310904.2104838,24.6787694373208,-0.7943015098571777
1749310904.243888,24.68923838901414,-0.7845474481582642
1749310904.2774022,24.699761030682026,-0.7758884429931641
1749310904.3108733,24.710238014923583,-0.7660703063011169
1749310904.344391,24.720689693294705,-0.7567743062973022
1749310904.37786,24.73121760511011,-0.7478911876678467
1749310904.411313,24.738162870321435,-0.7405374050140381
1749310904.4447184,24.752471636261905,-0.7311909794807434
1749310904.4781737,24.76266281213635,-0.7198095321655273
1749310904.5115662,24.773110968965984,-0.7097730040550232
1749310904.5449626,24.783973807738988,-0.700738787651062
1749310904.5783653,24.794422147602543,-0.6910574436187744
1749310904.612062,24.804565144222437,-0.6815407872200012
1749310904.6455207,24.818553954140047,-0.669471025466919
1749310904.6789382,24.828998409154273,-0.6597528457641602
1749310904.7124388,24.83981286199657,-0.6502517461776733
1749310904.7458394,24.853445231242656,-0.6381206512451172
1749310904.7792747,24.860372966352013,-0.6308953166007996
1749310904.812677,24.87445418909962,-0.6194663643836975
1749310904.8461215,24.884862096196787,-0.6098282337188721
1749310904.879583,24.891816541196185,-0.6027703881263733
1749310904.91302,24.905425687803138,-0.5906195044517517
1749310904.9463685,24.919415163204867,-0.5819101929664612
1749310904.98004,24.926685279541836,-0.5713381767272949
1749310905.013446,24.937117767832834,-0.5619181394577026
1749310905.0468943,24.947633327237412,-0.5523553490638733
1749310905.0802984,24.9581312507019,-0.5434644222259521
1749310905.1137981,24.96850278122735,-0.5330566763877869
1749310905.147463,24.98003705295151,-0.5236453413963318
1749310905.1811457,24.989132487695606,-0.51778244972229
1749310905.2145479,24.999931794542892,-0.5046082735061646
1749310905.247942,25.007575792620848,-0.498075932264328
1749310905.2814555,25.017639703543708,-0.4881491959095001
1749310905.3148565,25.0316657417084,-0.47666433453559875
1749310905.3482902,25.04179079197473,-0.46685633063316345
1749310905.3816917,25.05185208137932,-0.45699071884155273
1749310905.415118,25.062298970422518,-0.4471394121646881
1749310905.4485178,25.073493953261927,-0.4379599988460541
1749310905.4819255,25.087095864788097,-0.4286554455757141
1749310905.5153246,25.098580317680256,-0.41608673334121704
1749310905.548777,25.10770700419525,-0.40746310353279114
1749310905.5822487,25.118524234423635,-0.39805319905281067
1749310905.6156468,25.129041073915538,-0.3892921209335327
1749310905.6491761,25.136373289332376,-0.38329383730888367
1749310905.6825848,25.14647795333526,-0.37319016456604004
1749310905.71604,25.160431597337265,-0.3641754388809204
1749310905.7502115,25.167466007760495,-0.3560110330581665
1749310905.7838666,25.177941799651983,-0.34949830174446106
1749310905.8174708,25.188071158262723,-0.3406630754470825
1749310905.85103,25.195771405328546,-0.33156049251556396
1749310905.8845005,25.205866345294787,-0.3219986855983734
1749310905.9179125,25.216340111931466,-0.3129537105560303
1749310905.9513044,25.22686264811303,-0.3043079972267151
1749310905.9847574,25.240837481879428,-0.2924000322818756
1749310906.018168,25.251672820991498,-0.2836567759513855
1749310906.0516648,25.26181299495453,-0.27492856979370117
1749310906.0850732,25.272294749329987,-0.266215443611145
1749310906.118558,25.285955978412172,-0.2581145763397217
1749310906.1519597,25.293647202718414,-0.24927909672260284
1749310906.185364,25.303814908549946,-0.24107742309570312
1749310906.2187748,25.314328224445422,-0.23282982409000397
1749310906.252227,25.324832316985077,-0.22458209097385406
1749310906.28563,25.335383906497462,-0.21724918484687805
1749310906.3190315,25.34912675896323,-0.20753128826618195
1749310906.3524482,25.360386947434918,-0.19997674226760864
1749310906.3858752,25.370961582144048,-0.19306421279907227
1749310906.420096,25.381185785005133,-0.18642458319664001
1749310906.4535215,25.38786745387887,-0.18145328760147095
1749310906.4869385,25.398791041441083,-0.17465879023075104
1749310906.5203264,25.409002212919656,-0.1682799905538559
1749310906.553739,25.42027321891094,-0.16147980093955994
1749310906.5871348,25.430878809964863,-0.15533511340618134
1749310906.6204982,25.44182638269414,-0.14967380464076996
1749310906.6547894,25.452072478099304,-0.1438051015138626
1749310906.6882207,25.46195291571277,-0.13766701519489288
1749310906.7216427,25.47292134213583,-0.13256821036338806
1749310906.7550902,25.483212136042937,-0.12759822607040405
1749310906.788488,25.49378220371473,-0.12172036617994308
1749310906.8219569,25.50546149997911,-0.11700429022312164
1749310906.855561,25.515377826477817,-0.11222870647907257
1749310906.8890893,25.52565058871358,-0.10744781047105789
1749310906.9224958,25.53697307868429,-0.10282134264707565
1749310906.9559064,25.550833773287714,-0.09923506528139114
1749310906.9893253,25.55792406664942,-0.0953855887055397
1749310907.0227334,25.568564252381343,-0.0914258137345314
1749310907.0561159,25.579210192712736,-0.08806779980659485
1749310907.0895252,25.589504951582754,-0.08499490469694138
1749310907.1229582,25.60013277535712,-0.08115853369235992
1749310907.156355,25.610774060014545,-0.07772982865571976
1749310907.1897168,25.62178199037576,-0.07510017603635788
1749310907.223129,25.632062114449923,-0.07170020788908005
1749310907.2565603,25.642911466598413,-0.06855551153421402
1749310907.290041,25.650393637874885,-0.06747152656316757
1749310907.3234491,25.657232459218115,-0.06628988683223724
1749310907.3568523,25.661575407096425,-0.06515749543905258
1749310907.3903098,25.66633172517222,-0.06350156664848328
1749310907.4237752,25.669757480895303,-0.06278590112924576
1749310907.4572635,25.6731881693277,-0.0617419071495533
1749310907.4906623,25.67637149159871,-0.06168165057897568
1749310907.5240817,25.68089926843867,-0.06117651239037514
1749310907.5575354,25.68292446788411,-0.060181282460689545
1749310907.590944,25.68721856665759,-0.06004846468567848
1749310907.6243474,25.689356061073553,-0.058699555695056915
1749310907.6577525,25.691613098044748,-0.05853743478655815
1749310907.691137,25.695901948694083,-0.058407969772815704
1749310907.7249477,25.698895832541353,-0.057795535773038864
1749310907.7583373,25.70221131285231,-0.05676199123263359
1749310907.7917569,25.70533517718089,-0.05697668716311455
1749310907.8251646,25.708676302944582,-0.056138988584280014
1749310907.858576,25.712886330360554,-0.056167714297771454
1749310907.8920057,25.71516027674388,-0.05591518059372902
1749310907.9254918,25.718262368353635,-0.054720308631658554
1749310907.9589002,25.72266678572755,-0.05516030266880989
1749310907.9923422,25.726184328282038,-0.05397186055779457
1749310908.0257626,25.73071595965557,-0.05409407243132591
1749310908.059173,25.73312063910579,-0.05284208431839943
1749310908.0927951,25.7365309561227,-0.05340757593512535
1749310908.1262438,25.739781946119006,-0.05237916484475136
1749310908.1596506,25.74309485112292,-0.05207078531384468
1749310908.1930609,25.74751978651038,-0.05124153941869736
1749310908.2267325,25.750691691255735,-0.05189495533704758
1749310908.2600942,25.75381995741529,-0.05099407583475113
1749310908.2935016,25.75680603076158,-0.05156741663813591
1749310908.3268645,25.75994335987058,-0.05074086785316467
1749310908.3602686,25.763230718218427,-0.05154513940215111
1749310908.3937705,25.76693270905808,-0.05043022334575653
1749310908.427127,25.76971698574001,-0.05091535672545433
1749310908.460577,25.77254166388378,-0.050624698400497437
1749310908.4940522,25.774403636196485,-0.04993468150496483
1749310908.5275404,25.77741262670601,-0.049452394247055054
1749310908.560965,25.779802814532708,-0.05040871351957321
1749310908.5943742,25.78243083066458,-0.04967118799686432
1749310908.6277988,25.78504553833753,-0.04909425973892212
1749310908.6611977,25.787566200843713,-0.04869967699050903
1749310908.694617,25.79027106260104,-0.049372296780347824
1749310908.7281785,25.793596580055322,-0.04892553761601448
1749310908.7616453,25.79534310084989,-0.04857956990599632
1749310908.7950528,25.798544308845422,-0.0478840135037899
1749310908.8285937,25.801022271018464,-0.04861145839095116
1749310908.8620136,25.803040220846203,-0.04794074594974518
1749310908.8954182,25.805006379520695,-0.047381073236465454
1749310908.9288292,25.808531483405872,-0.04677310213446617
1749310908.962293,25.809666766426897,-0.04751913622021675
1749310908.9957798,25.811884696465853,-0.0476437509059906
1749310909.0291858,25.81401534782005,-0.0466030016541481
1749310909.062582,25.816136647704198,-0.046161819249391556
1749310909.095994,25.81822327644756,-0.046717386692762375
1749310909.1294177,25.82029762567598,-0.046774961054325104
1749310909.162907,25.822246601586,-0.04597338289022446
1749310909.200304,25.82430419235611,-0.04538857936859131
1749310909.2337582,25.826939397692882,-0.045506130903959274
1749310909.2672448,25.828875501233764,-0.04559371620416641
1749310909.3006532,25.83078288396817,-0.045032136142253876
1749310909.3340511,25.83266762790759,-0.044780392199754715
1749310909.3674583,25.834601967406513,-0.044273678213357925
1749310909.4008608,25.836417752246042,-0.04496502876281738
1749310909.434291,25.83825591413255,-0.04464975744485855
1749310909.4678009,25.840026873049137,-0.04385393485426903
1749310909.5012038,25.841730118173125,-0.043964412063360214
1749310909.5388074,25.842883839214345,-0.04334072768688202
1749310909.572279,25.845228175472503,-0.042916439473629
1749310909.6056843,25.846852757680796,-0.043374836444854736
1749310909.639101,25.848572691929196,-0.04241052642464638
1749310909.6725066,25.85025544101255,-0.04286478832364082
1749310909.7059186,25.85196285798523,-0.04248148575425148
1749310909.7393267,25.853663335628116,-0.04154854640364647
1749310909.7728388,25.855019814232968,-0.04203832522034645
1749310909.806285,25.857173160257943,-0.04197308421134949
1749310909.8397214,25.858162071708374,-0.04207802191376686
1749310909.8766046,25.86003929432157,-0.041660528630018234
1749310909.910079,25.861450608153568,-0.04175437614321709
1749310909.9434876,25.862836788457198,-0.041718777269124985
1749310909.9768906,25.864254461139016,-0.04111233353614807
1749310910.0103004,25.866143007743602,-0.04155287519097328
1749310910.0436995,25.867485127616412,-0.0409165620803833
1749310910.077264,25.86886202994096,-0.04156624898314476
1749310910.1106827,25.870446825353273,-0.04131392389535904
1749310910.144347,25.871697125244186,-0.040883202105760574
1749310910.177841,25.872968211250942,-0.0408320315182209
1749310910.2112498,25.874141038625563,-0.04046741873025894
1749310910.2509348,25.875336196844927,-0.04041483998298645
1749310910.284342,25.876516691592713,-0.04059622064232826
1749310910.3178043,25.8780833898293,-0.039987653493881226
1749310910.3517082,25.87919941583916,-0.03995204344391823
1749310910.3851128,25.88036114505585,-0.039773352444171906
1749310910.4185169,25.881459733711655,-0.03961452841758728
1749310910.4519835,25.882509921638423,-0.03966935724020004
1749310910.4853885,25.88361200595747,-0.03941752761602402
1749310910.518794,25.88463445789564,-0.03928242623806
1749310910.5521991,25.885691109806853,-0.03924967721104622
1749310910.585594,25.886368621440234,-0.03915954381227493
1749310910.6190422,25.887696955458956,-0.03889189660549164
1749310910.6524324,25.888674217415062,-0.03886841982603073
1749310910.6858962,25.889317518644713,-0.03871528059244156
1749310910.7201128,25.89058244429132,-0.03845350071787834
1749310910.7536638,25.891528613052845,-0.03836928308010101
1749310910.7870584,25.892409829229802,-0.038238510489463806
1749310910.8204663,25.893349506588795,-0.038143549114465714
1749310910.854585,25.89423771485508,-0.03806067258119583
1749310910.8880382,25.89511280741837,-0.037894364446401596
1749310910.9214544,25.895981461599888,-0.037797022610902786
1749310910.954869,25.89682426315854,-0.037694621831178665
1749310910.9882696,25.89796478470876,-0.03739088028669357
1749310911.021693,25.898745692169385,-0.037623316049575806
1749310911.0551362,25.89931673195475,-0.0371900238096714
1749310911.0885894,25.90038524331394,-0.037249770015478134
1749310911.1219552,25.901185262029646,-0.03695083037018776
