timestamp,encoder_distance,yaw_true
1749309032.0760927,8.835011646112566,-1.55061674118042
1749309032.17656,8.835082587951566,-1.55111563205719
1749309032.210024,8.835511491649303,-1.550968885421753
1749309032.2434647,8.839722836080286,-1.5512621402740479
1749309032.2768726,8.850107267419267,-1.5516571998596191
1749309032.3103106,8.859351535545066,-1.551954746246338
1749309032.3437152,8.869284151706701,-1.55256986618042
1749309032.3771605,8.879565965187497,-1.5528693199157715
1749309032.412122,8.886873873277834,-1.5530484914779663
1749309032.445629,8.896709357988863,-1.5532797574996948
1749309032.479343,8.90977543395544,-1.5539324283599854
1749309032.512747,8.91863434711558,-1.5541362762451172
1749309032.5461576,8.925027111187466,-1.554553747177124
1749309032.5795848,8.93744935928375,-1.5549832582473755
1749309032.612967,8.947041133997729,-1.5553175210952759
1749309032.6464694,8.95734398126431,-1.5559413433074951
1749309032.6798735,8.9640953486211,-1.5559571981430054
1749309032.7132723,8.974761445857704,-1.5566868782043457
1749309032.7466748,8.985790939537164,-1.5569040775299072
1749309032.7801354,8.996105478256895,-1.557423710823059
1749309032.8135443,9.007137907476134,-1.5580081939697266
1749309032.8469474,9.021000146890175,-1.558340311050415
1749309032.880359,9.031664546651136,-1.5585517883300781
1749309032.9138029,9.039135747409771,-1.5589274168014526
1749309032.947288,9.05334635154507,-1.5593881607055664
1749309032.9807012,9.063659517456193,-1.5596975088119507
1749309033.0142622,9.071129123603468,-1.5600340366363525
1749309033.0481687,9.085347727842889,-1.5602734088897705
1749309033.0815659,9.092456017867637,-1.560575008392334
1749309033.1149716,9.107037696649549,-1.5609736442565918
1749309033.148593,9.113785382811688,-1.561293125152588
1749309033.1820216,9.124450422548799,-1.5615447759628296
1749309033.2155392,9.13475852058331,-1.561582088470459
1749309033.2489383,9.145790221612403,-1.5618505477905273
1749309033.2823458,9.152892703491872,-1.5621405839920044
1749309033.3158588,9.163204430617617,-1.5623637437820435
1749309033.3492956,9.174223250601743,-1.5625863075256348
1749309033.3826735,9.184889042083503,-1.5625402927398682
1749309033.416112,9.195553879446162,-1.5630276203155518
1749309033.44952,9.20622335498733,-1.5634287595748901
1749309033.4829316,9.216911019526972,-1.5635274648666382
1749309033.5163748,9.23221671292316,-1.5640714168548584
1749309033.549772,9.238268787220626,-1.5641814470291138
1749309033.5831797,9.248945883292146,-1.5641127824783325
1749309033.6165915,9.259268274927113,-1.5641810894012451
1749309033.650224,9.272619933344355,-1.5646402835845947
1749309033.683636,9.279185040095498,-1.5647345781326294
1749309033.717044,9.284163151446934,-1.5646491050720215
1749309033.7504625,9.288596697429124,-1.565551996231079
1749309033.7838717,9.291308984903257,-1.56517493724823
1749309033.8172507,9.2959274135241,-1.5658457279205322
1749309033.851103,9.299484236602694,-1.5658212900161743
1749309033.8845003,9.302921263581712,-1.5660139322280884
1749309033.9179065,9.306087077707103,-1.566365122795105
1749309033.9513102,9.309548929043526,-1.5663756132125854
1749309033.984745,9.312664072027255,-1.5664393901824951
1749309034.0181587,9.316735644476568,-1.5667492151260376
1749309034.0516055,9.32015745959249,-1.5667184591293335
1749309034.0851438,9.32314857787428,-1.5669448375701904
1749309034.118547,9.326457728474818,-1.5672399997711182
1749309034.1524403,9.329674531399887,-1.567082166671753
1749309034.1862876,9.332914337048981,-1.5677050352096558
1749309034.2196944,9.336174174438034,-1.5676506757736206
1749309034.2531106,9.339401738094042,-1.5681042671203613
1749309034.2865205,9.342618423933628,-1.5684235095977783
1749309034.3199317,9.345839103393367,-1.568522572517395
1749309034.3533463,9.349053415073753,-1.5689857006072998
1749309034.3867512,9.35239227579924,-1.5699186325073242
1749309034.420208,9.355620110225919,-1.5695077180862427
1749309034.453624,9.359406433539133,-1.5712950229644775
1749309034.4871342,9.363366363318693,-1.571336030960083
1749309034.520542,9.367703914360442,-1.5719467401504517
1749309034.553949,9.371915072544114,-1.5722839832305908
1749309034.587352,9.376220391965576,-1.5734623670578003
1749309034.620787,9.380241651912975,-1.574521541595459
1749309034.655044,9.382980670521418,-1.5753629207611084
1749309034.688462,9.387034286235432,-1.57656991481781
1749309034.721918,9.39104190051156,-1.577258825302124
1749309034.7553315,9.394968140728992,-1.5792657136917114
1749309034.7887633,9.398721821665657,-1.5801016092300415
1749309034.8221736,9.402789642281915,-1.5803790092468262
1749309034.855531,9.406405883628905,-1.581040382385254
1749309034.888931,9.41010166730115,-1.5828022956848145
1749309034.9225218,9.412428978579078,-1.583472490310669
1749309034.9559264,9.416184059103442,-1.5839266777038574
1749309034.9893293,9.420802750485974,-1.5855244398117065
1749309035.0234497,9.424480087631325,-1.5858523845672607
1749309035.056857,9.42792894255377,-1.586875319480896
1749309035.0902796,9.431247094805448,-1.5887776613235474
1749309035.1237154,9.434587375638293,-1.5882713794708252
1749309035.1571333,9.437786978176,-1.5898032188415527
1749309035.1921105,9.441136648766728,-1.5908392667770386
1749309035.2255104,9.44542072620829,-1.5905580520629883
1749309035.2590187,9.448446246528855,-1.5918285846710205
1749309035.2924168,9.451636005053606,-1.5927165746688843
1749309035.3257644,9.454678302922726,-1.5925647020339966
1749309035.359516,9.45762457885625,-1.5939345359802246
1749309035.3929834,9.460455932156234,-1.593948245048523
1749309035.426388,9.46438784391116,-1.5953292846679688
1749309035.4597943,9.467234272748984,-1.5955334901809692
1749309035.4931922,9.470017991108353,-1.5956172943115234
1749309035.5266435,9.472731850016775,-1.597005009651184
1749309035.5601032,9.474528224335543,-1.597433090209961
1749309035.5935013,9.477996793095157,-1.5970710515975952
1749309035.6269102,9.480638182748757,-1.598083734512329
1749309035.6603298,9.483339491205927,-1.5981860160827637
1749309035.693733,9.485886357518453,-1.5984349250793457
1749309035.7272067,9.488308650917913,-1.5985218286514282
1749309035.7606144,9.491069037631453,-1.5997415781021118
1749309035.7940292,9.493954898095014,-1.5993857383728027
1749309035.8273895,9.496293430587146,-1.6002907752990723
1749309035.8609536,9.498614384118254,-1.600506067276001
1749309035.8943522,9.501730301886727,-1.600019097328186
1749309035.9277484,9.503859881145456,-1.6013602018356323
1749309035.9611506,9.50612832995413,-1.6012333631515503
1749309035.9947097,9.508231558568236,-1.6019947528839111
1749309036.0280898,9.509747241357955,-1.601299524307251
1749309036.0615385,9.511902478269961,-1.602049708366394
1749309036.0949419,9.514015370477066,-1.601879358291626
1749309036.1283627,9.516292015820108,-1.6025310754776
1749309036.1618042,9.518370582710507,-1.6022685766220093
1749309036.1952028,9.520242986579646,-1.6025222539901733
1749309036.2286355,9.522272457589354,-1.6027590036392212
1749309036.2620816,9.523557785799133,-1.603137731552124
1749309036.2954931,9.525477142682707,-1.6034780740737915
1749309036.328924,9.527376999855708,-1.602999210357666
1749309036.3623273,9.52924945214851,-1.6035971641540527
1749309036.3957288,9.53127270189186,-1.603156566619873
1749309036.4291346,9.532941581893297,-1.6034948825836182
1749309036.4634056,9.53463178503477,-1.6031023263931274
1749309036.4970088,9.536295760615069,-1.6035603284835815
1749309036.530398,9.538069783156198,-1.6032302379608154
1749309036.5638273,9.53975193415285,-1.603721261024475
1749309036.5972848,9.5420254947126,-1.6033686399459839
1749309036.6306987,9.543068742011936,-1.6040555238723755
1749309036.6640973,9.54468284216852,-1.6034092903137207
1749309036.697543,9.54625127724362,-1.6041489839553833
1749309036.731063,9.547748626054782,-1.603853702545166
1749309036.7646027,9.549814954563113,-1.6041446924209595
1749309036.7980316,9.551345690762325,-1.6040191650390625
1749309036.8316932,9.552274951214379,-1.6045814752578735
1749309036.8651614,9.553733106637296,-1.6042852401733398
1749309036.8993456,9.555172733659406,-1.6043424606323242
1749309036.9331298,9.556527706085216,-1.6044450998306274
1749309036.9665272,9.557991821088857,-1.6044970750808716
1749309036.9999714,9.559426675642548,-1.6045477390289307
1749309037.0335467,9.560668424807726,-1.6044057607650757
1749309037.0669456,9.56194848804945,-1.6049559116363525
1749309037.1003492,9.563256090505066,-1.6046100854873657
1749309037.1337535,9.564533378407926,-1.6048818826675415
1749309037.1675751,9.565788788232513,-1.6046605110168457
1749309037.2010276,9.567028265666341,-1.6049809455871582
1749309037.234439,9.568260872403547,-1.6047043800354004
1749309037.267923,9.569066535733144,-1.6052348613739014
1749309037.301333,9.570219966010674,-1.6051740646362305
1749309037.3348851,9.571423859658033,-1.605026364326477
1749309037.3682842,9.572197195577191,-1.6048787832260132
1749309037.4016798,9.57375834291557,-1.6051552295684814
1749309037.4351447,9.574437497136062,-1.605096459388733
1749309037.468551,9.575945223299493,-1.6049195528030396
1749309037.501954,9.576707837419015,-1.6053056716918945
1749309037.5353508,9.578118664522075,-1.6051154136657715
1749309037.5690465,9.579167076015548,-1.6051441431045532
1749309037.6024668,9.580194332915196,-1.6052820682525635
1749309037.6361868,9.58120614894885,-1.6051937341690063
1749309037.6696289,9.582197993726894,-1.605202555656433
1749309037.7030294,9.5831653264945,-1.6053156852722168
1749309037.7364388,9.584128468513054,-1.605297565460205
1749309037.7698233,9.585068170360795,-1.605202317237854
1749309037.8034825,9.58599184218283,-1.6053798198699951
1749309037.8368924,9.587239342932747,-1.6052541732788086
1749309037.8710473,9.588086395884869,-1.6053059101104736
1749309037.9044504,9.589023968451146,-1.6052931547164917
1749309037.937853,9.589900804664833,-1.6053228378295898
1749309037.9713705,9.591009804415073,-1.6056879758834839
1749309038.0049112,9.591882815438048,-1.605254888534546
1749309038.0383956,9.592643100561743,-1.605080008506775
1749309038.0718143,9.593493268537234,-1.6052778959274292
1749309038.1052535,9.59425818849691,-1.6051198244094849
1749309038.1386304,9.595303216694699,-1.6051247119903564
1749309038.1720328,9.595763179293877,-1.6051106452941895
1749309038.2054572,9.596346165181853,-1.6051157712936401
1749309038.2389808,9.596543204343805,-1.6051139831542969
1749309038.2723892,9.596647231313616,-1.605117917060852
1749309038.3057988,9.596703059852821,-1.6051175594329834
1749309038.3392086,9.596733619882713,-1.6051297187805176
1749309038.3726168,9.596759214479441,-1.6051222085952759
1749309038.4060185,9.596767488880841,-1.6051335334777832
1749309038.4394493,9.59678153219836,-1.6051417589187622
1749309038.4728608,9.596781477368367,-1.6051228046417236
1749309038.5062673,9.596796967640811,-1.6051479578018188
1749309038.5396671,9.596793527945653,-1.605133056640625
1749309038.5730844,9.596796063813166,-1.605142593383789
1749309038.6064878,9.596800528188608,-1.6051443815231323
1749309038.6399093,9.596798916666323,-1.6051387786865234
1749309038.6734908,9.596801432135488,-1.6051433086395264
1749309038.7069442,9.596802400154761,-1.6051400899887085
1749309038.743318,9.596804948616994,-1.6051429510116577
1749309038.7767267,9.596806496319426,-1.6051435470581055
1749309038.810216,9.596808475981867,-1.605142593383789
1749309038.8436167,9.596810817168915,-1.6051435470581055
1749309038.877148,9.596811750715876,-1.6051439046859741
1749309038.9105635,9.596812904464546,-1.6051454544067383
1749309038.9439683,9.596814620815396,-1.6051431894302368
1749309038.9774146,9.596816203964972,-1.6051470041275024
1749309039.010819,9.596817698455462,-1.6051452159881592
1749309039.0441968,9.596819322406171,-1.6051474809646606
1749309039.0776117,9.596820122689701,-1.6051456928253174
1749309039.111017,9.596822145592439,-1.6051480770111084
1749309039.144422,9.596823878906962,-1.6051474809646606
1749309039.1778738,9.596825885658468,-1.6051491498947144
1749309039.2112896,9.596827108279834,-1.605149269104004
1749309039.2447069,9.596828815791005,-1.6051496267318726
1749309039.2780888,9.596829773231772,-1.605151653289795
1749309039.3115819,9.59683160948343,-1.6051491498947144
1749309039.3458376,9.596833678644911,-1.6051528453826904
1749309039.3792548,9.59683523091749,-1.605150818824768
1749309039.4131162,9.596837041430348,-1.6051534414291382
1749309039.4481084,9.596838670709186,-1.6051517724990845
1749309039.4815104,9.59683986437259,-1.6051543951034546
1749309039.5149355,9.596841330608461,-1.6051522493362427
1749309039.5483806,9.596842930145648,-1.605155348777771
1749309039.5819883,9.596845045975412,-1.605154037475586
1749309039.6154091,9.596846812901518,-1.605155348777771
1749309039.648844,9.596847771226733,-1.60515558719635
1749309039.6822538,9.596848678414153,-1.6051568984985352
1749309039.7156878,9.596850479196133,-1.6051570177078247
1749309039.749098,9.596852245961163,-1.6051565408706665
1749309039.7825074,9.596853853784019,-1.6051597595214844
1749309039.8163292,9.59685598575489,-1.6051565408706665
1749309039.8501983,9.596857834103362,-1.6051607131958008
1749309039.8836029,9.596859430847768,-1.6051584482192993
1749309039.9171176,9.596861134713789,-1.6051610708236694
1749309039.9512913,9.596862750597106,-1.6051609516143799
1749309039.984789,9.596863770257375,-1.6051621437072754
1749309040.0181942,9.596865335921834,-1.6051594018936157
1749309040.0517638,9.596867098185427,-1.6051630973815918
1749309040.0851748,9.596868554597643,-1.6051613092422485
1749309040.1185884,9.596870930920991,-1.6051640510559082
1749309040.1519978,9.59687291403108,-1.6051630973815918
1749309040.1854544,9.596874148047176,-1.605164885520935
1749309040.2189598,9.59687559966828,-1.6051634550094604
1749309040.2523632,9.596876716842486,-1.6051658391952515
1749309040.285815,9.596878582582104,-1.6051664352416992
1749309040.3192172,9.596880425021283,-1.6051661968231201
1749309040.3525956,9.596882117304746,-1.6051667928695679
1749309040.3859975,9.596883089852538,-1.6051658391952515
1749309040.4194403,9.596885035800135,-1.6051684617996216
1749309040.4529648,9.596887186435398,-1.6051667928695679
1749309040.4864237,9.596888299840062,-1.6051697731018066
1749309040.519962,9.596889900850178,-1.6051690578460693
1749309040.553376,9.596891220250267,-1.6051706075668335
1749309040.5873344,9.59689291309306,-1.6051689386367798
1749309040.6207407,9.596894426129758,-1.6051701307296753
1749309040.6542373,9.596896055551085,-1.6051709651947021
1749309040.687797,9.596897621908852,-1.6051725149154663
1749309040.7212062,9.59689917877334,-1.6051710844039917
1749309040.7546544,9.59690022440898,-1.6051734685897827
1749309040.791137,9.596901922883928,-1.6051743030548096
1749309040.8248985,9.596903771159408,-1.605172872543335
1749309040.85852,9.596905897839045,-1.6051757335662842
1749309040.891971,9.596906723715248,-1.6051733493804932
1749309040.9254515,9.596908291456115,-1.6051760911941528
1749309040.9589372,9.596910240834616,-1.6051762104034424
1749309040.993149,9.596912410654419,-1.6051760911941528
1749309041.0267181,9.596913955804085,-1.6051759719848633
1749309041.060094,9.596914972123095,-1.6051788330078125
1749309041.0935,9.596916533001425,-1.6051756143569946
1749309041.1268988,9.596918116575798,-1.605180025100708
1749309041.1603413,9.596919319225245,-1.6051775217056274
1749309041.1937573,9.59692142493498,-1.6051713228225708
1749309041.2272463,9.59721127281455,-1.6060861349105835
1749309041.2609346,9.599758423077919,-1.6053266525268555
1749309041.2942863,9.605552607216971,-1.6017146110534668
1749309041.327737,9.612035888962561,-1.5969974994659424
1749309041.3611765,9.618781381173873,-1.5938423871994019
1749309041.3945858,9.625925848621224,-1.588894009590149
1749309041.4279993,9.63324291138485,-1.580963373184204
1749309041.4615836,9.640754996685024,-1.5760128498077393
1749309041.4949903,9.648725469195817,-1.5722206830978394
1749309041.5284083,9.656139388288942,-1.5668737888336182
1749309041.5618417,9.663889039935073,-1.5621063709259033
1749309041.5952497,9.6715561741195,-1.5562931299209595
1749309041.628655,9.679921422131974,-1.5520617961883545
1749309041.6621082,9.687184258315929,-1.5470486879348755
1749309041.6957831,9.694638045164341,-1.5410395860671997
1749309041.7292218,9.705268528678523,-1.5360441207885742
1749309041.7626472,9.710567663208707,-1.5329697132110596
1749309041.7961051,9.718574510173056,-1.5300854444503784
1749309041.8345525,9.729247951972958,-1.5253839492797852
1749309041.8679693,9.737430244387996,-1.5219346284866333
1749309041.9016914,9.745777930372642,-1.5182265043258667
1749309041.9350936,9.753887262296297,-1.5144689083099365
1749309041.968606,9.764162857124111,-1.5119119882583618
1749309042.0022259,9.771066933790886,-1.5087312459945679
1749309042.0356538,9.782919749620527,-1.5052419900894165
1749309042.0690541,9.791618021126705,-1.5011632442474365
1749309042.102553,9.800493093043782,-1.4993101358413696
1749309042.136002,9.809020884917413,-1.494615912437439
1749309042.1721115,9.818153174409037,-1.491011619567871
1749309042.205581,9.827304006209904,-1.48724365234375
1749309042.2395723,9.836175498611311,-1.4836220741271973
1749309042.27298,9.844845978180228,-1.4809175729751587
1749309042.3063824,9.8566511831811,-1.4770586490631104
1749309042.33991,9.865447139405372,-1.471434235572815
1749309042.373356,9.874407698090058,-1.4694290161132812
1749309042.406761,9.883302226524995,-1.4657593965530396
1749309042.440177,9.895164435754284,-1.4624766111373901
1749309042.4735787,9.904217212587385,-1.455796718597412
1749309042.506962,9.912726294864871,-1.4518814086914062
1749309042.5403702,9.921517219289662,-1.448208212852478
1749309042.5737767,9.927319090631912,-1.4451930522918701
1749309042.6071992,9.936306064187923,-1.44124174118042
1749309042.641481,9.947455547334522,-1.4357593059539795
1749309042.6748796,9.955729984330224,-1.4315803050994873
1749309042.7083077,9.961707682818016,-1.4268324375152588
1749309042.741972,9.969967774838667,-1.4205691814422607
1749309042.7754,9.977991179257558,-1.4158275127410889
1749309042.8087764,9.986170069972458,-1.4097318649291992
1749309042.8422005,9.994067736446393,-1.4021241664886475
1749309042.8757048,10.002356119683798,-1.3976970911026
1749309042.9091308,10.010215187234408,-1.3914690017700195
1749309042.9425724,10.018043669427225,-1.3861056566238403
1749309042.975988,10.025827063164144,-1.3805433511734009
1749309043.0093973,10.035840987944646,-1.3726716041564941
1749309043.0428047,10.04352629167392,-1.3669335842132568
1749309043.076218,10.051431665782848,-1.3607161045074463
1749309043.109626,10.059016105569473,-1.354853630065918
1749309043.1430879,10.066904847783167,-1.3494971990585327
1749309043.1764848,10.074255609550956,-1.3434258699417114
1749309043.2098908,10.084896479715791,-1.3380529880523682
1749309043.2433162,10.093003925976383,-1.332054853439331
1749309043.2767234,10.097057940456802,-1.327175259590149
1749309043.311227,10.107198489995675,-1.321574091911316
1749309043.344675,10.114549070760734,-1.3135130405426025
1749309043.3780756,10.122406175938833,-1.3084588050842285
1749309043.4115,10.130010292238582,-1.3028472661972046
1749309043.444876,10.137613525279434,-1.2974109649658203
1749309043.4783084,10.14268218308364,-1.2932929992675781
1749309043.5118906,10.15079289511862,-1.2878625392913818
1749309043.5453045,10.160677017097807,-1.2820535898208618
1749309043.5787137,10.16828063702643,-1.2747546434402466
1749309043.6121047,10.17537640875176,-1.2691328525543213
1749309043.6455524,10.183233387195438,-1.263519048690796
1749309043.6791103,10.190583163757296,-1.2577131986618042
1749309043.7125523,10.198440401870878,-1.2522825002670288
1749309043.7459276,10.208577954476196,-1.2466644048690796
1749309043.7793577,10.215928052246097,-1.2391713857650757
1749309043.8129494,10.22378452741446,-1.2335526943206787
1749309043.8463576,10.231388185050747,-1.227934718132019
1749309043.8797593,10.238991158723268,-1.2223161458969116
1749309043.9131656,10.246341225864988,-1.216696858406067
1749309043.9466074,10.25445143933544,-1.2110735177993774
1749309043.9800203,10.262308020139937,-1.2054543495178223
1749309044.013423,10.269657709107737,-1.1998341083526611
1749309044.0468614,10.277007437702869,-1.194404125213623
1749309044.0802846,10.28435763722241,-1.190659523010254
1749309044.1136913,10.292467867767623,-1.1846622228622437
1749309044.1471071,10.2995644378948,-1.177545189857483
1749309044.1805809,10.307674721663231,-1.171736478805542
1749309044.2139857,10.31502474953166,-1.1679874658584595
1749309044.2473876,10.322374381069533,-1.16255521774292
1749309044.2808886,10.327697016323395,-1.1567463874816895
1749309044.3142948,10.335300208518182,-1.150938630104065
1749309044.3477025,10.342649938428393,-1.145694375038147
1749309044.3811042,10.35050698235429,-1.1417551040649414
1749309044.4145443,10.358110149684036,-1.1342614889144897
1749309044.448134,10.365966883149603,-1.130327820777893
1749309044.4815333,10.370782666979803,-1.1248929500579834
1749309044.51499,10.378385798991934,-1.1192727088928223
1749309044.5484273,10.38598912648544,-1.1138391494750977
1749309044.5818412,10.393592352753187,-1.1080304384231567
1749309044.6152546,10.404490605493004,-1.1007212400436401
1749309044.6486645,10.41184020460674,-1.0949126482009888
1749309044.6820645,10.419443441597846,-1.089288592338562
1749309044.7154708,10.426539735195584,-1.0834760665893555
1749309044.748898,10.434142897819948,-1.07804274559021
1749309044.7829545,10.441492091342816,-1.0744796991348267
1749309044.816358,10.446560932854995,-1.0688554048538208
1749309044.8497188,10.45441786004135,-1.0630496740341187
1749309044.8831615,10.461767022358119,-1.0574229955673218
1749309044.9165637,10.4696232340004,-1.0516071319580078
1749309044.9502788,10.476972729841705,-1.046356439590454
1749309044.9838116,10.48482904557109,-1.0405460596084595
1749309045.0172164,10.493699027712182,-1.0349231958389282
1749309045.0506258,10.500541886477123,-1.0292989015579224
1749309045.0840569,10.510171842563892,-1.023674726486206
1749309045.1176257,10.517774350669274,-1.0163627862930298
1749309045.1510339,10.525377085220624,-1.0105503797531128
1749309045.1847265,10.532726186743474,-1.0049269199371338
1749309045.2181265,10.542863004324653,-0.9994909763336182
1749309045.2515402,10.548944836960608,-0.9936773180961609
1749309045.2849371,10.558321232616144,-0.9861764907836914
1749309045.3184578,10.565924645494068,-0.9805517792701721
1749309045.352198,10.573508198127213,-0.9748632907867432
1749309045.3856387,10.581136012425398,-0.9697824120521545
1749309045.419046,10.588644881128424,-0.96323561668396
1749309045.4524853,10.598793468074248,-0.9584118127822876
1749309045.4859219,10.60626219413613,-0.9519422054290771
1749309045.5193264,10.613788855093981,-0.9439858794212341
1749309045.5527463,10.621684633991157,-0.9393001198768616
1749309045.5861452,10.628922954715053,-0.9346908330917358
1749309045.619666,10.63633302006372,-0.9284142255783081
1749309045.6531112,10.648126970064684,-0.9220123887062073
1749309045.6865232,10.654824417794536,-0.9146212339401245
1749309045.7199364,10.661534073405077,-0.912838876247406
1749309045.7534792,10.669101054599171,-0.9033353924751282
1749309045.78688,10.676521828734401,-0.9008431434631348
1749309045.820377,10.683968450494847,-0.8941237926483154
1749309045.85385,10.691811359688593,-0.8889548778533936
1749309045.8872852,10.696871956051677,-0.8838447332382202
1749309045.9207268,10.704295114697427,-0.8755862712860107
1749309045.954151,10.711829070850962,-0.8710200190544128
1749309045.9875047,10.718885796108319,-0.8633129596710205
1749309046.0211682,10.72671199704456,-0.8581078052520752
1749309046.054598,10.736309059752303,-0.8476943373680115
1749309046.088044,10.743497111802167,-0.8392911553382874
1749309046.121449,10.751071409248018,-0.8355160355567932
1749309046.1548932,10.758356611779163,-0.8244258761405945
1749309046.1883018,10.765515252985288,-0.8158331513404846
1749309046.2217183,10.772701575223959,-0.8067407011985779
1749309046.2551272,10.78014685227834,-0.7984154224395752
1749309046.2908344,10.786621192429019,-0.7863942384719849
1749309046.324239,10.797264794924361,-0.7746512293815613
1749309046.3576357,10.80430858354113,-0.7636611461639404
1749309046.3910756,10.811993700362343,-0.7557449340820312
1749309046.4244885,10.818197618106376,-0.7436901926994324
1749309046.458034,10.82509840669187,-0.7357919812202454
1749309046.4914591,10.831910156541804,-0.7277548313140869
1749309046.5249784,10.838817066686081,-0.7157262563705444
1749309046.5583837,10.843372183242083,-0.7023489475250244
1749309046.5922837,10.847956202913684,-0.694208562374115
1749309046.6256843,10.854839187704975,-0.6809758543968201
1749309046.6590323,10.864042678913162,-0.6664522886276245
1749309046.6924467,10.871688456319744,-0.6528511047363281
1749309046.7258494,10.878186295000846,-0.6441671252250671
1749309046.7592654,10.884962776535938,-0.6305773854255676
1749309046.792684,10.892119340282445,-0.6127427816390991
1749309046.8260915,10.899012425832275,-0.5993276238441467
1749309046.8594916,10.906378570238926,-0.5852018594741821
1749309046.8961244,10.912858827700207,-0.571165144443512
1749309046.9295044,10.919810875023739,-0.5575772523880005
1749309046.962968,10.927124736403105,-0.5440995693206787
1749309046.9963892,10.934463557803737,-0.531782865524292
1749309047.0297909,10.941576372002718,-0.5214020013809204
1749309047.063242,10.948385516517918,-0.5080534219741821
1749309047.096756,10.955505615912603,-0.4967305064201355
1749309047.130411,10.962505149785022,-0.4823836088180542
1749309047.163815,10.967062086637931,-0.4685916602611542
1749309047.1972363,10.973870657563658,-0.4555469751358032
1749309047.232135,10.981309402672682,-0.4434415400028229
1749309047.2655377,10.98848905076627,-0.4346354603767395
1749309047.2989922,10.995485738110565,-0.4210756719112396
1749309047.3324146,11.003628603701381,-0.4067162871360779
1749309047.3659756,11.007284163097102,-0.3947260081768036
1749309047.4001153,11.016987410101693,-0.3828103542327881
1749309047.4335256,11.024191717356642,-0.3707297742366791
1749309047.467069,11.031453985450183,-0.35540613532066345
1749309047.5007591,11.038832320720985,-0.34447818994522095
1749309047.5343637,11.045647814154854,-0.3322937488555908
1749309047.5677795,11.05310440971923,-0.3218679130077362
1749309047.6012232,11.060942850085038,-0.3109041452407837
1749309047.6346858,11.067911188787399,-0.2998145520687103
1749309047.6681402,11.075061584674508,-0.28868091106414795
1749309047.7017922,11.082549455346708,-0.27914008498191833
1749309047.7351947,11.089644285657391,-0.2676488757133484
1749309047.7686453,11.096844661805395,-0.25655508041381836
1749309047.8083422,11.104179433271431,-0.24650605022907257
1749309047.8418298,11.108833156424042,-0.23972612619400024
1749309047.8752623,11.116123588914343,-0.22963856160640717
1749309047.9090183,11.12346853276689,-0.21931876242160797
1749309047.9424148,11.130806904235174,-0.20981211960315704
1749309047.9757817,11.141401732467086,-0.20191721618175507
1749309048.0093048,11.148372323537092,-0.18979375064373016
1749309048.0427139,11.156170769185328,-0.1825781911611557
1749309048.076577,11.163508923782853,-0.17634616792201996
1749309048.110413,11.16831317093855,-0.17218656837940216
1749309048.143821,11.178518875631257,-0.16494736075401306
1749309048.1772275,11.183404341548366,-0.1572805941104889
1749309048.2106292,11.191073870642999,-0.1529267132282257
1749309048.2440307,11.201180512250435,-0.1473008692264557
1749309048.2774446,11.205849793510588,-0.14000442624092102
1749309048.3108406,11.21612340701488,-0.13418787717819214
1749309048.344247,11.223369916617887,-0.12816426157951355
1749309048.377653,11.231087836374003,-0.11943396925926208
1749309048.4111032,11.238642292542654,-0.1144261360168457
1749309048.4445217,11.248543857225807,-0.11014240980148315
1749309048.477934,11.256362384921763,-0.10526558011770248
1749309048.5113392,11.26365476303702,-0.09888554364442825
1749309048.5448053,11.271240963563228,-0.09472448378801346
1749309048.5784047,11.278822438403104,-0.09068389981985092
1749309048.6118464,11.286638544960534,-0.08642492443323135
1749309048.6454983,11.29422663542559,-0.08281408995389938
1749309048.6789005,11.301539480080198,-0.07873349636793137
1749309048.7123039,11.309123841231198,-0.07511762529611588
1749309048.7457101,11.316932416791143,-0.07102613896131516
1749309048.7791233,11.324264165071675,-0.06743652373552322
1749309048.8125367,11.33465263077914,-0.06438267230987549
1749309048.8459947,11.341965611061084,-0.059395577758550644
1749309048.8795013,11.347289450079563,-0.0571729838848114
1749309048.9131172,11.354644842937656,-0.05429372936487198
1749309048.9465468,11.362240354250424,-0.05105917900800705
1749309048.9799678,11.370106025909879,-0.048731785267591476
1749309049.0133748,11.377693372030713,-0.0452011339366436
1749309049.0467703,11.386330756318792,-0.042866408824920654
1749309049.0802364,11.393445246358652,-0.040498584508895874
1749309049.1136975,11.400263656594062,-0.03819045424461365
1749309049.1470537,11.405361929010514,-0.03631022945046425
1749309049.1804018,11.413244016539712,-0.03370558097958565
1749309049.2141945,11.420851999321457,-0.03119245357811451
1749309049.2476065,11.428214040402182,-0.02903834916651249
1749309049.2810163,11.436077053936948,-0.026993107050657272
1749309049.3144248,11.443694783821067,-0.025252535939216614
1749309049.3479056,11.445976673523392,-0.02453547716140747
1749309049.3813305,11.456367193347194,-0.02234126441180706
1749309049.414857,11.464227848362595,-0.02029999904334545
1749309049.4482589,11.471833140610334,-0.01773936115205288
1749309049.481704,11.47919711595263,-0.01684904471039772
1749309049.5151546,11.486802950684515,-0.01445801742374897
1749309049.5485702,11.494442093807002,-0.013189478777348995
1749309049.5826888,11.501806308613608,-0.010928894393146038
1749309049.616099,11.50967050307366,-0.0088305389508605
1749309049.6527894,11.51732503074648,-0.007888308726251125
1749309049.6861978,11.525205802231264,-0.005573626141995192
1749309049.719649,11.534867445510658,-0.003924254793673754
1749309049.753056,11.54021671919465,-0.002768774749711156
1749309049.7865138,11.547820526664216,-0.0005834389594383538
1749309049.820028,11.55544586549688,0.00021873156947549433
1749309049.8534322,11.563072884348855,0.00096130307065323
1749309049.8869913,11.570442210552736,0.0024842240381985903
1749309049.9203973,11.578314014399593,0.003412501886487007
1749309049.9543607,11.58313825491314,0.005025789141654968
1749309049.9877648,11.591302060952525,0.005889090709388256
1749309050.0212958,11.598452097136686,0.0075296275317668915
1749309050.0554936,11.608665350171448,0.007620757445693016
1749309050.0889516,11.616297601233006,0.00891871191561222
1749309050.1223562,11.621648894887874,0.009427467361092567
1749309050.1557584,11.629039740305487,0.01114285085350275
1749309050.1891568,11.636961146106072,0.011683343909680843
1749309050.2225893,11.645115281953242,0.012308859266340733
1749309050.2561643,11.651779611644747,0.013567562215030193
1749309050.2896068,11.657145485105087,0.014167777262628078
1749309050.3230138,11.661618615449811,0.014279036782681942
1749309050.3564107,11.6655901442274,0.01522106397897005
1749309050.389812,11.66912580068556,0.01590294949710369
1749309050.4232574,11.672518012388315,0.015774095430970192
1749309050.4567347,11.676034106971352,0.017258360981941223
1749309050.490185,11.67910443870196,0.01700751483440399
1749309050.5235927,11.682267811560216,0.01800331473350525
1749309050.5569963,11.68572506729477,0.018420645967125893
1749309050.591483,11.688832001965888,0.0181754007935524
1749309050.6249096,11.692038661046615,0.018453549593687057
1749309050.6583118,11.696318523223574,0.018282923847436905
1749309050.6921747,11.699535727846506,0.019123991951346397
1749309050.7255962,11.702684471180806,0.018761178478598595
1749309050.7590714,11.706018947073359,0.019357718527317047
1749309050.79248,11.709234800397798,0.019897086545825005
1749309050.825886,11.712560385169184,0.019526714459061623
1749309050.859296,11.716866593002043,0.019510002806782722
1749309050.8927073,11.719882231337637,0.02040708251297474
1749309050.9261043,11.72310301369609,0.019901759922504425
1749309050.9595294,11.726307464630063,0.01982869766652584
1749309050.9933972,11.729614445019017,0.019690226763486862
1749309051.0268862,11.734027608075836,0.01896601915359497
1749309051.0602913,11.73643598407954,0.019674794748425484
1749309051.0937264,11.740191295294931,0.019060738384723663
1749309051.1271403,11.744042926127497,0.01941605843603611
1749309051.1605625,11.74793171087012,0.018657034263014793
1749309051.1940558,11.750504750661577,0.019988764077425003
1749309051.2275138,11.754177164974195,0.021012835204601288
1749309051.2609177,11.757791428596901,0.018764182925224304
1749309051.2943668,11.761518951579161,0.018796022981405258
1749309051.3277767,11.763788365721023,0.0190611332654953
1749309051.361207,11.767288259350298,0.018763422966003418
1749309051.3946095,11.771203503092034,0.018259646371006966
1749309051.4280398,11.774248538972243,0.017662597820162773
1749309051.4615965,11.777453097975462,0.016332723200321198
1749309051.4950852,11.78085814676591,0.015349077992141247
1749309051.528482,11.784224408081618,0.01567741297185421
1749309051.561942,11.787211966561976,0.014751769602298737
1749309051.5953465,11.789234059350616,0.015048017725348473
1749309051.6287482,11.793553835819777,0.014578955247998238
1749309051.662147,11.795575547860455,0.015260159969329834
1749309051.6955605,11.798703328895744,0.013997789472341537
1749309051.7290096,11.800395417362159,0.014115443453192711
1749309051.7624466,11.803783827534339,0.01293188240379095
1749309051.7959144,11.80657788306042,0.013370941393077374
1749309051.829321,11.809415494532734,0.012556962668895721
1749309051.8628216,11.813273362682713,0.012903832830488682
1749309051.8961856,11.816111804903564,0.011952560395002365
1749309051.929671,11.818897238517707,0.011940703727304935
1749309051.963138,11.821597807298648,0.011620190925896168
1749309051.9965708,11.824247994074096,0.011609023436903954
1749309052.0299876,11.826836616244188,0.010557260364294052
1749309052.0634627,11.829490549263918,0.010599847882986069
1749309052.0968704,11.831915080779655,0.010329057462513447
1749309052.1302779,11.835149952639878,0.009929195046424866
1749309052.1637304,11.836725033335979,0.00867953896522522
1749309052.1971343,11.839898834569514,0.008541875518858433
1749309052.2305388,11.842259566801403,0.006131607107818127
1749309052.2640433,11.844782111662228,0.006058130878955126
1749309052.2975452,11.847102077197167,0.00471306499093771
1749309052.3310015,11.84968229052286,0.004823635797947645
1749309052.3644583,11.851900039618,0.004286264535039663
1749309052.3979,11.854398834924686,0.0034953246358782053
1749309052.431321,11.856255960628127,0.002868264215067029
1749309052.464825,11.85905356759187,0.003074427368119359
1749309052.4982283,11.861088202661644,0.002155607333406806
1749309052.5318303,11.86311866407642,0.0024221313651651144
1749309052.5652359,11.865145068811294,0.0015285741537809372
1749309052.5988364,11.86702415044269,0.0015107530634850264
1749309052.6322486,11.868982976139906,0.0008626277558505535
1749309052.6656682,11.87016614912639,0.0002798823406919837
1749309052.6991456,11.872096360785324,0.00044166084262542427
1749309052.73255,11.873790219149525,-0.0005873818881809711
1749309052.7683027,11.875657507129066,-0.0005670114187523723
1749309052.8017037,11.877418806642144,-0.0010185512946918607
1749309052.8351192,11.879729850279094,-0.0018694883910939097
1749309052.8685431,11.881402173290391,-0.002091171918436885
1749309052.901972,11.883134708523444,-0.003125627525150776
1749309052.9354033,11.884816291606453,-0.003422472160309553
1749309052.9688296,11.88648366352916,-0.0035365151707082987
1749309053.0026245,11.888623042614391,-0.0037260050885379314
1749309053.0360773,11.889657227220743,-0.004987603053450584
1749309053.0719054,11.891255309716877,-0.004309975076466799
1749309053.1054862,11.892885297144202,-0.005615352652966976
1749309053.138895,11.894384752136634,-0.0053723580203950405
1749309053.1723797,11.896051025386111,-0.006519570015370846
1749309053.205803,11.897683930585139,-0.006318354979157448
1749309053.2392085,11.899273393194727,-0.007348927669227123
1749309053.2726176,11.900817105057147,-0.00641910033300519
1749309053.3060298,11.902207368216274,-0.006449968088418245
1749309053.339435,11.903683640321855,-0.007043629419058561
1749309053.373243,11.904984751486298,-0.00695895217359066
1749309053.4066455,11.906318606503808,-0.007366135250777006
1749309053.440044,11.907924478352713,-0.006625908426940441
1749309053.4734938,11.909436500835193,-0.006612158380448818
1749309053.5069997,11.910696945584085,-0.006177433300763369
1749309053.5404003,11.912315348691076,-0.006744981277734041
1749309053.5738034,11.913559800852017,-0.006068481132388115
1749309053.6072662,11.914796186305876,-0.006691853981465101
1749309053.6407208,11.915618512763738,-0.0061555830761790276
1749309053.6741385,11.91685780860542,-0.006815585773438215
1749309053.7075522,11.918057054161473,-0.006620463449507952
1749309053.7410018,11.919202649431348,-0.006236409302800894
1749309053.7745306,11.920356359110606,-0.00671394681558013
1749309053.8079848,11.921514459833492,-0.005942482966929674
1749309053.8413844,11.92261720013968,-0.006684538908302784
1749309053.8747818,11.923708398419155,-0.006630127318203449
1749309053.908242,11.924751462939138,-0.006592164747416973
1749309053.9416652,11.92575507913968,-0.006384411361068487
1749309053.9752412,11.926750652074091,-0.006957875564694405
1749309054.0086925,11.927753155592756,-0.006282345857471228
1749309054.042059,11.928825056228142,-0.006848628632724285
1749309054.075463,11.929793355581246,-0.006254453677684069
1749309054.1088963,11.931129956777344,-0.006586420815438032
1749309054.142515,11.93205779635428,-0.006479295901954174
1749309054.1759164,11.932958420949014,-0.006536963861435652
1749309054.2093766,11.933803033862889,-0.0063895173370838165
1749309054.242849,11.934675282769623,-0.006408298388123512
1749309054.2762525,11.93555610204122,-0.006093059200793505
1749309054.3097227,11.936403632175065,-0.0061250473372638226
1749309054.3431435,11.937187833167556,-0.006112058646976948
1749309054.376544,11.938003743650697,-0.006177165079861879
1749309054.410551,11.9388110599189,-0.006160718388855457
1749309054.443952,11.939525237598502,-0.006143153645098209
1749309054.477366,11.940348714488074,-0.006901878397911787
1749309054.5110722,11.943507269857124,-0.00433184253051877
1749309054.544479,11.948142785360174,-0.0002598710998427123
1749309054.577891,11.95405621019535,0.002643507905304432
1749309054.611392,11.96070382433118,0.0076181781478226185
1749309054.6448097,11.967782791875383,0.01480555348098278
1749309054.6782632,11.97534663527503,0.01840037852525711
1749309054.7117941,11.982544284189506,0.02550932578742504
1749309054.745208,11.990056986888431,0.031205568462610245
1749309054.7786574,12.000402341463444,0.036645952612161636
1749309054.8121126,12.005457739447854,0.04169166088104248
1749309054.845572,12.013028124829797,0.04728298261761665
1749309054.8789837,12.02011305641569,0.052930500358343124
1749309054.9125783,12.028208962467927,0.05859490856528282
1749309054.9459808,12.035285281232433,0.06399707496166229
1749309054.9793956,12.043138799291658,0.0676284208893776
1749309055.0132792,12.050466131905944,0.07288801670074463
1749309055.0481,12.058295931675554,0.07867718487977982
1749309055.0815024,12.066150717313356,0.084303118288517
1749309055.1149058,12.073202532495852,0.09115680307149887
1749309055.148322,12.081290107377367,0.0924210324883461
1749309055.1816957,12.089142982694378,0.09621702879667282
1749309055.215067,12.094036998051074,0.10067986696958542
1749309055.2485242,12.10417792057355,0.10571674257516861
1749309055.2819383,12.112298111835123,0.11118283122777939
1749309055.3155763,12.117649587907735,0.1146986335515976
1749309055.3489811,12.125715783958167,0.11793321371078491
1749309055.3823915,12.136607392251713,0.12299887835979462
1749309055.4157937,12.14172642968083,0.12701907753944397
1749309055.4491966,12.149781465537714,0.13216422498226166
1749309055.4826279,12.160338987472679,0.1360342800617218
1749309055.5160363,12.168672057093882,0.1434967815876007
1749309055.5494459,12.17641351832212,0.1505839079618454
1749309055.5828671,12.184480570690907,0.15918296575546265
1749309055.6162896,12.192030779831443,0.16455961763858795
1749309055.649775,12.199464158124176,0.17064620554447174
1749309055.6831858,12.209617562682743,0.17687761783599854
1749309055.7166219,12.217247881557467,0.18251310288906097
1749309055.7500467,12.225153191724402,0.18764622509479523
1749309055.7835197,12.232475277729534,0.19503682851791382
1749309055.8174891,12.240307273210707,0.1990475207567215
1749309055.8512416,12.247688964545894,0.20390312373638153
1749309055.8847077,12.257795679571048,0.2114800363779068
1749309055.91811,12.265407688125508,0.21681112051010132
1749309055.9515126,12.272928923369419,0.2248358279466629
1749309055.9849334,12.280597677790345,0.22771568596363068
1749309056.0185664,12.287920120929618,0.23523177206516266
1749309056.051975,12.295767995768868,0.24056068062782288
1749309056.0855331,12.303113570054482,0.24426835775375366
1749309056.1189368,12.310961806149242,0.2500893175601959
1749309056.1523206,12.315775457690155,0.2556963264942169
1749309056.185778,12.32590855609338,0.26114001870155334
1749309056.2191906,12.331227594856138,0.26509445905685425
1749309056.2528827,12.338828904346979,0.2707287073135376
1749309056.2862804,12.343899340645931,0.276296466588974
1749309056.3198004,12.351505002606483,0.2818859815597534
1749309056.3532443,12.361383035012723,0.2873649597167969
1749309056.3866642,12.369240506384418,0.2931581437587738
1749309056.4207332,12.374308851806266,0.2985917627811432
1749309056.4542239,12.384445674152973,0.30439627170562744
1749309056.4876328,12.392047645511344,0.31002509593963623
1749309056.5229268,12.3981308897543,0.3156229853630066
1749309056.5563257,12.406999723914076,0.32332882285118103
1749309056.5897324,12.4151086969557,0.3285747766494751
1749309056.6231875,12.422456710171767,0.3344193994998932
1749309056.6565914,12.43107439232132,0.339996337890625
1749309056.6900353,12.437649791905272,0.34570473432540894
1749309056.7234468,12.44789121782647,0.3498861789703369
1749309056.756862,12.455223152830886,0.35715118050575256
1749309056.7902741,12.46312161383249,0.36059388518333435
1749309056.8279712,12.468147516759872,0.3674568831920624
1749309056.86138,12.478025967416876,0.3739282786846161
1749309056.894826,12.485885275963541,0.37967199087142944
1749309056.9282625,12.49351017277638,0.38330602645874023
1749309056.9617457,12.498550659845783,0.38935762643814087
1749309056.9951632,12.506132595754105,0.39482295513153076
1749309057.0285552,12.51379327512928,0.3995664119720459
1749309057.061952,12.523900472140546,0.4057353138923645
1749309057.0953572,12.531614757040078,0.4098757207393646
1749309057.1287982,12.538932157660577,0.4175768792629242
1749309057.1641345,12.546845515805629,0.42246121168136597
1749309057.1975322,12.554405203158359,0.4287448525428772
1749309057.2308989,12.562068617292915,0.43374156951904297
1749309057.2643046,12.569707523068432,0.4394836723804474
1749309057.2977438,12.577012319855761,0.44570598006248474
1749309057.3312283,12.584892510613027,0.45089802145957947
1749309057.364634,12.593511823620549,0.45650503039360046
1749309057.3980849,12.599819523450774,0.46232521533966064
1749309057.4315047,12.607417786584058,0.4677104949951172
1749309057.4649029,12.615288776820726,0.4730234146118164
1749309057.4989552,12.62286840450607,0.4789092242717743
1749309057.5324576,12.630468900554325,0.48425742983818054
1749309057.5658903,12.638042082362949,0.4898417294025421
1749309057.5993016,12.645640160308224,0.4953315556049347
1749309057.6327882,12.653222017213954,0.5009893774986267
1749309057.6661844,12.663116714790144,0.5080975890159607
1749309057.6996384,12.670952647754387,0.5139753222465515
1749309057.7330835,12.678538337326609,0.5196261405944824
1749309057.766534,12.686136301983828,0.5252056121826172
1749309057.7999647,12.693724776903872,0.5290195941925049
1749309057.8334036,12.699052177798306,0.5344364643096924
1749309057.866776,12.70614731732177,0.5400528311729431
1749309057.9002619,12.71146102824926,0.5436388254165649
1749309057.9336605,12.722542735872972,0.5515700578689575
1749309057.9670925,12.726603212314371,0.5553943514823914
1749309058.0005,12.734169215700042,0.5591593384742737
1749309058.033887,12.741807991438426,0.565631091594696
1749309058.0673084,12.749111701813685,0.5715803503990173
1749309058.100733,12.75672022048866,0.5766814351081848
1749309058.1341805,12.76443100082924,0.5839462876319885
1749309058.1675878,12.771761425576939,0.5891963243484497
1749309058.2009885,12.7796669209599,0.5935607552528381
1749309058.2344291,12.787241632422433,0.6004224419593811
1749309058.2678328,12.797623506090458,0.605052649974823
1749309058.3012793,12.80260180727488,0.6117640733718872
1749309058.3347096,12.810178004768089,0.617103099822998
1749309058.3681836,12.81758422942605,0.6214655041694641
1749309058.4015996,12.825157060839006,0.6272205710411072
1749309058.435008,12.832661125176928,0.6337054371833801
1749309058.4686158,12.842790359762764,0.6387632489204407
1749309058.5020401,12.850095632056423,0.6464046239852905
1749309058.5354671,12.85791913989275,0.65203458070755
1749309058.568869,12.865558329552783,0.656444787979126
1749309058.6023257,12.8754008101707,0.6621455550193787
1749309058.6357834,12.88046305193477,0.6677606701850891
1749309058.669201,12.888316791366579,0.6732512712478638
1749309058.702603,12.898425551171059,0.6789107918739319
1749309058.7360039,12.905758760068013,0.6843147873878479
1749309058.7694118,12.913345234726538,0.6919509768486023
1749309058.8028598,12.921182879773019,0.6956846117973328
1749309058.836266,12.926241086185385,0.7012407779693604
1749309058.8696673,12.933819640946396,0.7069035768508911
1749309058.903069,12.941417447429723,0.7123794555664062
1749309058.9365113,12.949012933823516,0.7178650498390198
1749309058.9699316,12.957395636952809,0.7229249477386475
1749309059.0033343,12.964236152318646,0.7266996502876282
1749309059.0367763,12.972063555651726,0.734330952167511
1749309059.0706596,12.976868206158738,0.7380779981613159
1749309059.1041996,12.987005067503258,0.7435587644577026
1749309059.1376157,12.994597384999784,0.7509186267852783
1749309059.171022,13.00205585163413,0.7556254863739014
1749309059.2078793,13.00953867532834,0.7616491913795471
1749309059.2420573,13.01893957696766,0.7743154764175415
1749309059.2755017,13.0237201997872,0.7804360389709473
1749309059.3088977,13.030886890437708,0.7891272306442261
1749309059.342303,13.04092043375862,0.7938968539237976
1749309059.3756998,13.046038689325608,0.8013821244239807
1749309059.4090912,13.053127162490258,0.8089650869369507
1749309059.4424934,13.063183990508568,0.816917896270752
1749309059.4759007,13.068254226029605,0.8229222297668457
1749309059.5093484,13.075390478318631,0.8322809934616089
1749309059.5462873,13.082627046838535,0.8413899540901184
1749309059.5797198,13.090126324139215,0.8477697372436523
1749309059.6131735,13.099708777264658,0.8575515747070312
1749309059.6465745,13.104957024886938,0.8653280138969421
1749309059.6799884,13.114548668309668,0.8767268657684326
1749309059.7134492,13.121656398113222,0.8825011253356934
1749309059.746865,13.128944409058034,0.8916255831718445
1749309059.780269,13.134131387183924,0.9028549194335938
1749309059.8137093,13.140869395620607,0.9146691560745239
1749309059.8471112,13.150938680312379,0.9233642220497131
1749309059.8805718,13.158334530473605,0.9328778386116028
1749309059.9139953,13.165379074541416,0.9472305774688721
1749309059.9474056,13.172547647367564,0.9596079587936401
1749309059.9808598,13.180131373987614,0.9642263054847717
1749309060.0142949,13.185217677868676,0.9722419381141663
1749309060.0477777,13.19248034868895,0.9814326763153076
1749309060.0812032,13.200038469697414,0.9908843040466309
1749309060.1147242,13.207004065851114,0.9990119934082031
1749309060.1481647,13.214286817077724,1.0091758966445923
1749309060.1815863,13.222076511454285,1.0164028406143188
1749309060.2150624,13.229457244910163,1.0249898433685303
1749309060.2515872,13.236832981206861,1.0337262153625488
1749309060.2850244,13.244378705834631,1.0406155586242676
1749309060.3184357,13.25144930301979,1.049385905265808
1749309060.3519204,13.259108039472562,1.0574856996536255
1749309060.3853157,13.26893371205748,1.0635510683059692
1749309060.4187734,13.273955048782073,1.0727031230926514
1749309060.4521976,13.28391496445011,1.079388976097107
1749309060.4856038,13.291025676621182,1.0868524312973022
1749309060.5190103,13.298754251577353,1.0990595817565918
1749309060.5524104,13.305835465927963,1.108049988746643
1749309060.5897658,13.313284340733938,1.1161518096923828
1749309060.6231668,13.320737066455802,1.124101996421814
1749309060.6566188,13.328562464153821,1.1285239458084106
1749309060.6901095,13.33387738887964,1.134663701057434
1749309060.7235577,13.343158820270496,1.1454451084136963
1749309060.7569993,13.350358435104337,1.152584433555603
1749309060.790503,13.357971812272355,1.160902500152588
1749309060.8239138,13.367967993364196,1.1679822206497192
1749309060.8573747,13.375407799219053,1.1781913042068481
1749309060.890819,13.38283682739836,1.1859606504440308
1749309060.9242425,13.390436508226827,1.1923890113830566
1749309060.9577029,13.397860750517875,1.20091712474823
1749309060.991108,13.405378221667249,1.2067310810089111
1749309061.0246897,13.412891972620862,1.2133978605270386
1749309061.05812,13.422925008238323,1.2196513414382935
1749309061.0915246,13.42784595982417,1.2270861864089966
1749309061.1249318,13.437837924285928,1.2341303825378418
1749309061.1583452,13.445449963806839,1.24155855178833
1749309061.191708,13.452657181795084,1.2481000423431396
1749309061.2251105,13.460375272083002,1.2544986009597778
1749309061.2586071,13.467960129616172,1.2597780227661133
1749309061.2961175,13.477972580158408,1.2659893035888672
1749309061.3295717,13.482995202805654,1.271655559539795
1749309061.3630033,13.490992834062743,1.2778046131134033
1749309061.3964207,13.498351806968584,1.2823892831802368
1749309061.4298258,13.505692314005989,1.287397861480713
1749309061.4632776,13.513096401390547,1.2938966751098633
1749309061.49669,13.520386575041233,1.299109697341919
1749309061.5301006,13.528270753093643,1.3035799264907837
1749309061.5635092,13.53564063613425,1.3062976598739624
1749309061.5968995,13.540887320755974,1.312658667564392
1749309061.6304522,13.548507757731437,1.3176299333572388
1749309061.663856,13.556184662481476,1.3209023475646973
1749309061.6972778,13.563942607797655,1.3250031471252441
1749309061.7307558,13.571665519949892,1.3295652866363525
1749309061.7641902,13.579860201529009,1.3357008695602417
1749309061.7976093,13.584281808406352,1.3398948907852173
1749309061.8310597,13.592302824822228,1.3447544574737549
1749309061.9456267,13.61170073090272,1.3512070178985596
1749309061.980144,13.614938610684387,1.352157711982727
1749309062.0138283,13.619010528206971,1.3548496961593628
1749309062.0472286,13.627054728092334,1.358111023902893
1749309062.0805852,13.637351514006413,1.361849308013916
1749309062.1140192,13.64667859110835,1.3663382530212402
1749309062.1474452,13.656283852772205,1.370288610458374
1749309062.1808758,13.667086925825748,1.374501347541809
1749309062.2143185,13.677265743915404,1.3789116144180298
1749309062.2477221,13.684315368370806,1.3817795515060425
1749309062.28112,13.695269327689104,1.3858109712600708
1749309062.3145232,13.705868312436197,1.390339732170105
1749309062.3479216,13.716830578579367,1.3945399522781372
1749309062.381335,13.723559612894555,1.3972082138061523
1749309062.4147534,13.739132671085317,1.4019527435302734
1749309062.4484668,13.749745669714526,1.4070820808410645
1749309062.4818742,13.758969700655944,1.4108747243881226
1749309062.5152838,13.769930520165781,1.4140169620513916
1749309062.548713,13.780557881429274,1.4192217588424683
1749309062.582124,13.790482562593601,1.4231215715408325
1749309062.6155522,13.801468155278727,1.427212119102478
1749309062.6494262,13.812086751682102,1.4313836097717285
1749309062.6829808,13.822705949248308,1.4352121353149414
1749309062.716422,13.83335124358079,1.438664197921753
1749309062.7516649,13.844326796565918,1.4426323175430298
1749309062.7851036,13.855305203264642,1.4466365575790405
1749309062.8186972,13.86523084286108,1.4504060745239258
1749309062.8522573,13.879420737621329,1.4535175561904907
1749309062.8857644,13.88650784335513,1.4571410417556763
1749309062.9197447,13.897142971822,1.4605602025985718
1749309062.9531457,13.907790983960462,1.4635154008865356
1749309062.9865959,13.918061372983047,1.467526912689209
1749309063.0201886,13.932613265917107,1.4701770544052124
1749309063.0536916,13.943225988116835,1.4741802215576172
1749309063.087161,13.950314685342317,1.4775431156158447
1749309063.120696,13.961333709898415,1.479892611503601
1749309063.1541023,13.97127495230554,1.4826791286468506
1749309063.1875305,13.982251577621348,1.4865391254425049
1749309063.2209804,13.993245692616854,1.489205241203308
1749309063.254682,14.003911327974807,1.491185188293457
1749309063.2880888,14.01420380542451,1.4930593967437744
1749309063.3215082,14.024838573087239,1.4965813159942627
1749309063.3549182,14.036589642909039,1.4989441633224487
1749309063.3883095,14.04616775407409,1.5021780729293823
1749309063.42172,14.05329543334434,1.5040597915649414
1749309063.4551382,14.06751745395719,1.5066462755203247
1749309063.488626,14.078172944389378,1.5092639923095703
1749309063.522043,14.08882821656719,1.5117664337158203
1749309063.5554688,14.099125900723662,1.5149800777435303
1749309063.5888712,14.110494013447052,1.5174236297607422
1749309063.6252792,14.123981496775388,1.51971435546875
1749309063.6586883,14.134987797292382,1.5228112936019897
1749309063.692093,14.145648721346069,1.5245188474655151
1749309063.7255034,14.156308975946722,1.526159405708313
1749309063.7589426,14.166964457797448,1.5279786586761475
1749309063.7923582,14.17762093676309,1.5295380353927612
1749309063.82576,14.18827789628329,1.5312182903289795
1749309063.8591654,14.198923082929026,1.533403754234314
1749309063.8955197,14.209580728025434,1.5347939729690552
1749309063.9289377,14.220232726209442,1.5367369651794434
1749309063.9623735,14.230522138127078,1.538417935371399
1749309063.9957423,14.241535308058399,1.5392374992370605
1749309064.029159,14.252191230427515,1.540514349937439
1749309064.062568,14.262838449117533,1.5423475503921509
1749309064.0960574,14.273494564415955,1.5432034730911255
1749309064.1294587,14.284149356745699,1.5451470613479614
1749309064.1628518,14.294806967551997,1.5462504625320435
1749309064.196267,14.301911328800772,1.5471504926681519
1749309064.2296295,14.316122074756938,1.5481983423233032
1749309064.2630353,14.32642449104709,1.549282431602478
1749309064.2964404,14.337429454486422,1.5514003038406372
1749309064.3298442,14.34808915485988,1.552342176437378
1749309064.3632464,14.358743947506388,1.5536199808120728
1749309064.396653,14.369400757571658,1.5547715425491333
1749309064.43007,14.383610977183833,1.5557411909103394
1749309064.46347,14.394269443771282,1.5569138526916504
1749309064.4968753,14.40457112595809,1.5577725172042847
1749309064.530313,14.41522779899631,1.5585955381393433
1749309064.5637555,14.426236821032766,1.5596927404403687
1749309064.59716,14.436536631697757,1.5605593919754028
1749309064.6306083,14.447544696469643,1.5614335536956787
1749309064.6641245,14.45855849698672,1.5618396997451782
1749309064.6975808,14.468861170639682,1.5627272129058838
1749309064.730991,14.479159381588897,1.5638915300369263
1749309064.7643912,14.490530243180931,1.5640590190887451
1749309064.7978654,14.50082969864575,1.5653915405273438
1749309064.8312705,14.511487558200589,1.5659812688827515
1749309064.8646882,14.522144993843709,1.5666749477386475
1749309064.898094,14.535997057088561,1.5679296255111694
1749309064.9315333,14.54665360980407,1.5687024593353271
1749309064.9649565,14.557307369287113,1.5695183277130127
1749309064.9983695,14.568319909885659,1.5697245597839355
1749309065.031781,14.578973781591984,1.5707014799118042
1749309065.0651834,14.589631587596838,1.5710150003433228
1749309065.0985856,14.600285685030476,1.5723447799682617
1749309065.1319869,14.61058700549312,1.573006510734558
1749309065.1654918,14.62124280860719,1.5738178491592407
1749309065.1988897,14.63225778061741,1.5735925436019897
1749309065.236102,14.646464327246294,1.5746440887451172
1749309065.2695022,14.657122630578701,1.5754555463790894
1749309065.3029077,14.66458357968452,1.5757923126220703
1749309065.3363166,14.674531793488454,1.576242446899414
1749309065.3697374,14.68554332535305,1.5771207809448242
1749309065.403135,14.69620088791951,1.577580213546753
1749309065.436589,14.706854878255434,1.578497290611267
1749309065.47092,14.717149694807093,1.5787761211395264
1749309065.5043259,14.723846463181433,1.5798959732055664
1749309065.5377405,14.728987817552161,1.5792624950408936
1749309065.5713882,14.73317172227333,1.5795966386795044
1749309065.6052773,14.735670276552332,1.579867959022522
1749309065.6390023,14.739067778552256,1.5801361799240112
1749309065.672409,14.742428197848696,1.5799498558044434
1749309065.7057798,14.745719971709143,1.5804877281188965
1749309065.739191,14.750307035018873,1.5800656080245972
1749309065.7726676,14.752350138526097,1.580259084701538
1749309065.8061888,14.755465314580897,1.580913782119751
1749309065.8397145,14.758813545610918,1.5803816318511963
1749309065.8731315,14.762069396800214,1.5810325145721436
1749309065.906628,14.765351140844903,1.5805915594100952
1749309065.9400995,14.7685457107584,1.5812119245529175
1749309065.9735646,14.771930473362596,1.5804715156555176
1749309066.0070992,14.775045626708145,1.5801984071731567
1749309066.0405111,14.778229951107955,1.5806457996368408
1749309066.0740633,14.781527640873765,1.580304741859436
1749309066.1074975,14.784749927891559,1.5803779363632202
1749309066.1409695,14.788061007286444,1.578899621963501
1749309066.1743662,14.79118775139971,1.5791372060775757
1749309066.2082906,14.794436109025536,1.5786116123199463
1749309066.241726,14.79765232688052,1.5787628889083862
1749309066.275124,14.802816710007834,1.5775561332702637
1749309066.3084884,14.806744091174561,1.578438639640808
1749309066.3418927,14.812409704695463,1.5779229402542114
1749309066.3753138,14.816719662334375,1.5769448280334473
1749309066.4087465,14.820608030927096,1.5772353410720825
1749309066.442152,14.824409839449206,1.5754812955856323
1749309066.4755545,14.828185328795419,1.574745774269104
1749309066.5089934,14.832051303281517,1.5743908882141113
1749309066.5424113,14.835811866413652,1.573193907737732
1749309066.5758219,14.839319480384601,1.5711473226547241
1749309066.6092284,14.844407898315342,1.5716508626937866
1749309066.6426404,14.84783741350095,1.5697624683380127
1749309066.6760468,14.85017938059684,1.5694414377212524
1749309066.7095718,14.8536410167312,1.5692405700683594
1749309066.743007,14.85880608311332,1.56972074508667
1749309066.776517,14.860489973473054,1.5684477090835571
1749309066.8102438,14.863708180811951,1.567530632019043
1749309066.8436403,14.867063043552378,1.5684446096420288
1749309066.8770437,14.870347497792032,1.567123532295227
1749309066.9104931,14.873447772785417,1.56731116771698
1749309066.9442146,14.877626898586076,1.565933108329773
1749309066.9776223,14.880735663924701,1.5657048225402832
1749309067.0110242,14.883767821264193,1.564992904663086
1749309067.0444329,14.886759022686354,1.5635982751846313
1749309067.0778427,14.89071853736547,1.5637125968933105
1749309067.1116507,14.893683873569703,1.5632692575454712
1749309067.145098,14.896431965243915,1.5622210502624512
1749309067.1785393,14.89919943912173,1.5626286268234253
1749309067.2120416,14.902154627062727,1.5615769624710083
1749309067.245462,14.904701765536464,1.5598393678665161
1749309067.279016,14.907307740265388,1.5601121187210083
1749309067.312415,14.91007710053073,1.5589872598648071
1749309067.3458374,14.91276258480686,1.5594855546951294
1749309067.3792892,14.915354131235096,1.5582298040390015
1749309067.4127803,14.918013368319745,1.5584204196929932
1749309067.446187,14.920779244669607,1.55748450756073
1749309067.4796755,14.92306448844566,1.5577219724655151
1749309067.5130794,14.925464681513251,1.5563730001449585
1749309067.5464797,14.927832475429197,1.5562349557876587
1749309067.5798745,14.930220468009713,1.5561511516571045
1749309067.6132739,14.932386157249397,1.5550460815429688
1749309067.6467888,14.934591331445217,1.554266333580017
1749309067.6802003,14.936764347213655,1.5540498495101929
1749309067.7136445,14.938192249094236,1.553265929222107
1749309067.7471578,14.941017689128628,1.5529842376708984
1749309067.780672,14.943093580043133,1.5527257919311523
1749309067.8140726,14.945218862715578,1.551924705505371
1749309067.847474,14.94651974367882,1.5532336235046387
1749309067.8808815,14.948729056354813,1.5514580011367798
1749309067.9142907,14.9504496861781,1.552599549293518
1749309067.9477258,14.952288982875348,1.5514181852340698
1749309067.9810998,14.95421387475129,1.5515000820159912
1749309068.014501,14.956228363039745,1.5505578517913818
1749309068.0478992,14.958142725787363,1.5507246255874634
1749309068.08159,14.960147442563963,1.5497565269470215
1749309068.1150787,14.962095818086288,1.5507246255874634
1749309068.1485436,14.964036519819016,1.5494691133499146
1749309068.1819873,14.96583597128963,1.5502824783325195
1749309068.215785,14.967182798440259,1.5495113134384155
1749309068.2491875,14.969469318783673,1.5498383045196533
1749309068.28332,14.971269639700152,1.5498021841049194
1749309068.3173785,14.972835067927344,1.5504363775253296
1749309068.350791,14.97499277967692,1.550167202949524
1749309068.3842752,14.976560113322924,1.550545573234558
1749309068.417682,14.97814081019245,1.5506870746612549
1749309068.4510958,14.979141572481723,1.5506010055541992
1749309068.484479,14.98065979574808,1.5502188205718994
1749309068.517957,14.98200963519565,1.5503692626953125
1749309068.5516613,14.983496390944158,1.550513744354248
1749309068.5850685,14.984948689684746,1.550477385520935
1749309068.618476,14.986341224237739,1.5503822565078735
1749309068.651844,14.987618063862982,1.5506011247634888
1749309068.6855874,14.98940842463056,1.5505626201629639
1749309068.7192998,14.99033971541684,1.5506329536437988
1749309068.752757,14.992077613794562,1.550606608390808
1749309068.7862175,14.992932555502772,1.550521731376648
1749309068.8196557,14.994201742337962,1.550770878791809
1749309068.853065,14.99545465513963,1.550644874572754
1749309068.8864665,14.996721077311658,1.5505906343460083
1749309068.9198632,14.997888572155645,1.5506898164749146
1749309068.953269,14.999090830670733,1.5506736040115356
1749309068.9866838,15.000213057866544,1.5506805181503296
1749309069.020098,15.000984726477286,1.5506718158721924
1749309069.0534687,15.002540416168149,1.5504701137542725
1749309069.0869188,15.003337971518265,1.55109703540802
1749309069.1203272,15.004863654422257,1.5506224632263184
1749309069.153758,15.006017616016548,1.55115807056427
1749309069.1876764,15.007135879748999,1.5513120889663696
1749309069.2210808,15.008230619031185,1.5514247417449951
1749309069.254492,15.009283477940265,1.550779938697815
1749309069.2878973,15.010357892537536,1.5515334606170654
1749309069.3213022,15.011333055389226,1.5518057346343994
1749309069.3547056,15.012324024761643,1.551462173461914
1749309069.3882153,15.013646887616241,1.552059292793274
1749309069.4232602,15.014311367949375,1.5513797998428345
1749309069.4566593,15.015755802893237,1.5513861179351807
1749309069.4901416,15.01660989488253,1.5519955158233643
1749309069.5235555,15.017557655359427,1.5511387586593628
1749309069.556964,15.018792899306327,1.5510642528533936
1749309069.5903754,15.019641129634069,1.5517820119857788
1749309069.6239557,15.020490452401328,1.5519596338272095
1749309069.657359,15.021400552936038,1.551621675491333
1749309069.6907701,15.022254493978279,1.5518518686294556
1749309069.7242622,15.022803986097314,1.5517369508743286
1749309069.757663,15.023846282518038,1.5517226457595825
1749309069.7911112,15.02465282629956,1.5516772270202637
1749309069.8246415,15.02535066314506,1.5516554117202759
1749309069.858097,15.025755602969515,1.551648736000061
1749309069.8915126,15.02592779663529,1.551640272140503
1749309069.9249134,15.02601364837142,1.5516399145126343
1749309069.9583774,15.026060393063796,1.5516376495361328
1749309069.991776,15.026083293061566,1.5516375303268433
1749309070.025177,15.026094745218334,1.5516371726989746
1749309070.0600326,15.026099991134128,1.551637053489685
1749309070.0934687,15.026103385106232,1.5516371726989746
1749309070.1269066,15.02610386194339,1.5516371726989746
1749309070.1603205,15.026104815572639,1.5516372919082642
1749309070.1937277,15.026104815572639,1.5516374111175537
1749309070.227134,15.026104800075432,1.5516374111175537
1749309070.2605386,15.02610421475782,1.5516362190246582
1749309070.2939737,15.026104267220509,1.5516351461410522
1749309070.327372,15.026104158740054,1.5516345500946045
1749309070.3607757,15.026103506244842,1.5516358613967896
1749309070.397324,15.026103512215908,1.5516345500946045
1749309070.4307418,15.026103019468279,1.5516341924667358
1749309070.4641926,15.026103003971071,1.5516340732574463
1749309070.4976065,15.026102988473864,1.551633596420288
1749309070.5311406,15.026102610636155,1.5516327619552612
1749309070.5645838,15.026102548647323,1.5516316890716553
1749309070.5982096,15.026102663109318,1.5516318082809448
1749309070.6316113,15.02610266310582,1.5516316890716553
1749309070.6650188,15.026102647608614,1.5516318082809448
1749309070.698422,15.026102154725756,1.5516316890716553
1749309070.731822,15.026102154725756,1.5516316890716553
1749309070.7653065,15.026102325172339,1.5516321659088135
1749309070.7987127,15.02610224771224,1.551633358001709
1749309070.8321204,15.026102470634793,1.5516316890716553
1749309070.8655403,15.026102015282929,1.5516318082809448
1749309070.8989527,15.026101999785721,1.5516314506530762
1749309070.9323587,15.02610171328346,1.5516310930252075
1749309070.9658027,15.026101443873785,1.5516313314437866
1749309070.9992297,15.026101682292364,1.551630973815918
1749309071.0333192,15.02610136639489,1.5516313314437866
1749309071.0667694,15.02610128891904,1.5516307353973389
1749309071.1001813,15.026101242427417,1.5516364574432373
1749309071.1335788,15.026105084161935,1.5516797304153442
1749309071.1669424,15.02610621879824,1.551672339439392
1749309071.2003484,15.026108247890155,1.5516725778579712
1749309071.2337987,15.026109169928874,1.551674246788025
1749309071.267244,15.026110451627918,1.551670789718628
1749309071.3006408,15.026112650323908,1.5516704320907593
1749309071.3340511,15.02611311624559,1.551671028137207
1749309071.3674514,15.026115172347199,1.5516716241836548
1749309071.4008365,15.026115968569481,1.5516706705093384
1749309071.4342833,15.026117638939331,1.551670789718628
1749309071.467681,15.02611963419041,1.5516698360443115
1749309071.5010934,15.026121255587332,1.5516693592071533
1749309071.5346122,15.026122750323102,1.5516687631607056
1749309071.5680254,15.026124522246045,1.551668405532837
1749309071.6014297,15.026126530082609,1.5516681671142578
1749309071.6348424,15.026127492847575,1.55166757106781
1749309071.6682484,15.026129270520881,1.5516667366027832
1749309071.7016642,15.026131124619308,1.551666259765625
1749309071.7350347,15.026132611961733,1.5516659021377563
1749309071.7684774,15.026134736792521,1.551665186882019
1749309071.8019192,15.026136512766035,1.55166494846344
1749309071.8353791,15.026137516793083,1.551664113998413
1749309071.8687882,15.026139671933635,1.5516637563705444
1749309071.902241,15.026141170715853,1.5516631603240967
1749309071.9356918,15.026142724875536,1.5516629219055176
1749309071.9691062,15.026144541880466,1.5516623258590698
1749309072.0025554,15.026146358461563,1.551661729812622
1749309072.035993,15.026147879905414,1.5516613721847534
1749309072.069425,15.026150103064897,1.5516608953475952
1749309072.1034575,15.026152265518322,1.551660180091858
1749309072.1370168,15.026153855691721,1.551659345626831
1749309072.1705995,15.026155599287268,1.5516585111618042
1749309072.2040088,15.026157207429813,1.5516581535339355
1749309072.2374113,15.026158957821648,1.551657795906067
1749309072.2710795,15.02616106928148,1.5516568422317505
1749309072.3044763,15.02616226973572,1.5516568422317505
1749309072.3378744,15.026164294668307,1.5516562461853027
1749309072.3712754,15.026166111673657,1.5516554117202759
1749309072.4048526,15.026167711690531,1.5516552925109863
1749309072.4382675,15.026169748875763,1.5516544580459595
1749309072.4716785,15.026172231180109,1.5516541004180908
1749309072.5051577,15.026173769051205,1.5516537427902222
1749309072.53856,15.026175288290442,1.5516531467437744
1749309072.5719259,15.026176874855313,1.5516523122787476
1749309072.605337,15.026177872651198,1.551652193069458
1749309072.6388326,15.02617960507644,1.5516515970230103
1749309072.6722498,15.02618183906353,1.5516506433486938
1749309072.705704,15.026183549284875,1.551650047302246
1749309072.7392654,15.026185568294757,1.551649570465088
1749309072.7726705,15.026186254950414,1.5516490936279297
1749309072.8061287,15.026188225951032,1.551648497581482
1749309072.8396785,15.026258117230205,1.5508416891098022
1749309072.8730927,15.029820466768616,1.5531977415084839
1749309072.9065042,15.034672571104187,1.5571128129959106
1749309072.940142,15.040459467583018,1.561367392539978
1749309072.973571,15.0500721884211,1.566758155822754
1749309073.0069704,15.054339087179834,1.572881817817688
1749309073.0403824,15.061788942023654,1.5774463415145874
1749309073.0738082,15.071801834145763,1.5833250284194946
1749309073.107221,15.079318776742767,1.5911225080490112
1749309073.140626,15.086663502118494,1.596863031387329
1749309073.174036,15.09452543806663,1.6020524501800537
1749309073.2074401,15.102148154743176,1.6072136163711548
1749309073.241036,15.109521169376183,1.6125160455703735
1749309073.2744286,15.119664740715924,1.6180264949798584
1749309073.307827,15.127419846797473,1.6268033981323242
1749309073.341329,15.135024088747203,1.6320388317108154
1749309073.3748732,15.142690941704608,1.6348774433135986
1749309073.4083183,15.15012871641108,1.643762469291687
1749309073.4416971,15.157753314929494,1.6490832567214966
1749309073.4750752,15.165598754775313,1.6547950506210327
1749309073.5084743,15.172695138124244,1.6602368354797363
1749309073.5419183,15.180305316924132,1.6659250259399414
1749309073.5753326,15.188403264404153,1.6714171171188354
1749309073.608778,15.195745853357996,1.6769347190856934
1749309073.642301,15.20359294893816,1.6829261779785156
1749309073.675895,15.213457077890668,1.6882258653640747
1749309073.7093315,15.221305535716763,1.6940261125564575
1749309073.7434509,15.226115149473648,1.6994808912277222
1749309073.7768662,15.236240058221936,1.7051222324371338
1749309073.810309,15.24383540352142,1.7107566595077515
1749309073.8437016,15.251430017788762,1.7164013385772705
1749309073.8773322,15.259278770677511,1.7237273454666138
1749309073.910784,15.266874335325753,1.7295548915863037
1749309073.9441912,15.274216341639518,1.735198736190796
1749309073.9775486,15.281811593289916,1.7410248517990112
1749309074.0110435,15.29168599438484,1.7462824583053589
1749309074.0444765,15.297002628212706,1.7519248723983765
1749309074.0788062,15.304598225611638,1.7575643062591553
1749309074.1121926,15.312447000294611,1.7633918523788452
1749309074.145607,15.322324132825846,1.7689958810806274
1749309074.1790142,15.329906894108598,1.7763241529464722
1749309074.2124374,15.33524577276579,1.7798619270324707
1749309074.245863,15.342563581107868,1.7857906818389893
1749309074.2792816,15.350132971357871,1.7913978099822998
1749309074.318753,15.35770275726767,1.7968978881835938
1749309074.3523269,15.365376839268684,1.8012559413909912
1749309074.385769,15.372887028291776,1.8077794313430786
1749309074.4191754,15.383016880510375,1.813042402267456
1749309074.452624,15.388090025258407,1.818467140197754
1749309074.4861596,15.395916605996833,1.8242346048355103
1749309074.5195696,15.403218769340128,1.830396294593811
1749309074.5530086,15.413091593418521,1.8356153964996338
1749309074.5864134,15.420912095947486,1.8415186405181885
1749309074.6198583,15.428241772107052,1.8468891382217407
1749309074.6533122,15.436033621351877,1.8530734777450562
1749309074.6867251,15.441084659483469,1.8586076498031616
1749309074.7201266,15.451416501578622,1.864567756652832
1749309074.7535377,15.458727003877307,1.870152473449707
1749309074.786935,15.46402660543028,1.8760395050048828
1749309074.8203702,15.473859297392979,1.8816516399383545
1749309074.8538444,15.481458319896417,1.88692045211792
1749309074.8872445,15.489012243729729,1.8946020603179932
1749309074.9206617,15.496836444427192,1.90005362033844
1749309074.9540787,15.504155108326211,1.9057854413986206
1749309074.9875157,15.51171851977927,1.9115536212921143
1749309075.0209231,15.51960225890759,1.9164371490478516
1749309075.0547822,15.526644099010378,1.922319769859314
1749309075.0882642,15.534488576117377,1.9258819818496704
1749309075.1216955,15.542319132848085,1.931707501411438
1749309075.155105,15.54712115068602,1.9371998310089111
1749309075.1885252,15.557496055542904,1.9430197477340698
1749309075.2220654,15.564608346401458,1.9478659629821777
1749309075.2554634,15.572711149246256,1.9537657499313354
1749309075.288874,15.580057824675908,1.959160566329956
1749309075.3222919,15.587662298474395,1.9668023586273193
1749309075.3557014,15.595272726059273,1.9721996784210205
1749309075.3891125,15.603111568794017,1.9762721061706543
1749309075.4225125,15.607930207239159,1.9817521572113037
1749309075.45592,15.618057174423646,1.9891011714935303
1749309075.4893305,15.625653074674908,1.9949134588241577
1749309075.5227358,15.633256824642366,2.000142812728882
1749309075.5561097,15.643381596043048,2.006002902984619
1749309075.590078,15.650938537656021,2.013796329498291
1749309075.6234865,15.658313230679695,2.0186092853546143
1749309075.656935,15.66620218730822,2.023573875427246
1749309075.690356,15.673819192489328,2.0288922786712646
1749309075.72378,15.684050645922731,2.0335299968719482
1749309075.757181,15.691695022026787,2.0387799739837646
1749309075.7906272,15.699046044845879,2.0464365482330322
1749309075.82404,15.707474991358703,2.0515244007110596
1749309075.8574374,15.714867554474074,2.0574026107788086
1749309075.8908498,15.722214142925708,2.0627713203430176
1749309075.9243,15.729665421099671,2.0673716068267822
1749309075.9577336,15.73758255289037,2.0708529949188232
1749309075.991215,15.745206050217341,2.0765669345855713
1749309076.0246215,15.75289520174077,2.081559658050537
1749309076.0580246,15.760258957682709,2.0870718955993652
1749309076.09143,15.765307187181032,2.0941262245178223
1749309076.1248972,15.776017168607575,2.098634719848633
1749309076.1583407,15.783110478355038,2.103846788406372
1749309076.191758,15.790915098997235,2.1101949214935303
1749309076.2251654,15.798484154495766,2.116129159927368
1749309076.2587063,15.806109411752097,2.120847225189209
1749309076.292136,15.813501195230428,2.1278975009918213
1749309076.325595,15.821350598113945,2.1347813606262207
1749309076.3590724,15.828523348880632,2.1389737129211426
1749309076.392484,15.836300678104461,2.1451008319854736
1749309076.425907,15.840943004499085,2.150744676589966
1749309076.4593437,15.851384736739965,2.1551411151885986
1749309076.4927526,15.85866642876867,2.1652438640594482
1749309076.5261676,15.866248644472112,2.1704649925231934
1749309076.5600362,15.873564391363418,2.1772568225860596
1749309076.5934331,15.883638179285965,2.181887626647949
1749309076.6268477,15.88818067213077,2.19030499458313
1749309076.663836,15.895867636143564,2.1963610649108887
1749309076.6972573,15.908683462095336,2.2044155597686768
1749309076.7307093,15.913163391167132,2.210667848587036
1749309076.7641034,15.918415814275404,2.2147536277770996
1749309076.7975268,15.928864235168357,2.2219254970550537
1749309076.8309288,15.93330904094659,2.2286970615386963
1749309076.8643959,15.941217956913944,2.2361505031585693
1749309076.897817,15.948167315243063,2.2430453300476074
1749309076.9315426,15.95529958386924,2.2511444091796875
1749309076.965033,15.965645789486897,2.256950855255127
1749309076.9984362,15.97330691813128,2.2670023441314697
1749309077.031844,15.980114078103957,2.2761170864105225
1749309077.0653603,15.987661706977887,2.2821578979492188
1749309077.0988407,15.99486565592139,2.2883121967315674
1749309077.1322398,16.002358739937623,2.2981579303741455
1749309077.1656566,16.010367339701883,2.3064162731170654
1749309077.1990542,16.01732340534739,2.3139455318450928
1749309077.23253,16.024063395590606,2.3225533962249756
1749309077.266053,16.03180721945582,2.328930377960205
1749309077.2995405,16.039204347530518,2.3374826908111572
1749309077.3329158,16.046264577921292,2.345956325531006
1749309077.3673613,16.056100376069246,2.354297161102295
1749309077.4008076,16.063917963968574,2.361387014389038
1749309077.4342053,16.07098105341489,2.3727123737335205
1749309077.4675758,16.078923523298688,2.380354166030884
1749309077.5009594,16.086192191052678,2.3849737644195557
1749309077.5343885,16.093649368670132,2.3922007083892822
1749309077.5678377,16.098437352103705,2.401475191116333
1749309077.6012504,16.105985230256824,2.408165216445923
1749309077.6346607,16.113487213673615,2.415776014328003
1749309077.668578,16.123265267949908,2.4246151447296143
1749309077.701978,16.128328119203065,2.431347608566284
1749309077.7353828,16.135997817216126,2.4397130012512207
1749309077.7687886,16.14325672530038,2.4466097354888916
1749309077.8021874,16.153478299845727,2.4577698707580566
1749309077.8356144,16.160660088409013,2.460803508758545
1749309077.869021,16.16785373313576,2.472277879714966
1749309077.9024282,16.17555088557719,2.477653980255127
1749309077.9363723,16.180121296121825,2.483872413635254
1749309077.9697843,16.187694241621585,2.4907279014587402
1749309078.003196,16.19505098999453,2.5000956058502197
1749309078.0401585,16.20257506108946,2.5070087909698486
1749309078.0738742,16.210036153837915,2.5152456760406494
1749309078.1072817,16.22064108377974,2.5267958641052246
1749309078.1407127,16.227272348780765,2.535513162612915
1749309078.174113,16.234617237108115,2.5425126552581787
1749309078.207585,16.241613744552588,2.551325798034668
1749309078.2410026,16.24901060589828,2.5592684745788574
1749309078.2744176,16.256839128574292,2.5660650730133057
1749309078.3080943,16.264314590676168,2.5749902725219727
1749309078.3415012,16.271442906537626,2.5828769207000732
1749309078.374886,16.279190588742377,2.5903162956237793
1749309078.4083133,16.28610869075226,2.5996813774108887
1749309078.441699,16.293802296838294,2.606773853302002
1749309078.4751542,16.30103692391752,2.6143367290496826
1749309078.508652,16.31126015356239,2.6239991188049316
1749309078.5420518,16.318941855571563,2.634337902069092
1749309078.5754554,16.326176314972628,2.6421849727630615
1749309078.6088622,16.333102748946086,2.6505680084228516
1749309078.642325,16.34033110138796,2.6581337451934814
1749309078.6757274,16.348291151537435,2.665731906890869
1749309078.709135,16.35543963761815,2.673466682434082
1749309078.7425485,16.36307404710857,2.6812198162078857
1749309078.7759519,16.370264154661594,2.689253330230713
1749309078.8093553,16.37775807567621,2.6959965229034424
1749309078.8430877,16.385181062349442,2.7050421237945557
1749309078.8765073,16.39621550514208,2.7138466835021973
1749309078.9099288,16.403018270459604,2.7202107906341553
1749309078.9433274,16.407645737456445,2.7250518798828125
1749309078.97688,16.414785533227903,2.732659101486206
1749309079.0102954,16.423086888360825,2.7407448291778564
1749309079.0437741,16.430050556528347,2.7471680641174316
1749309079.0771725,16.43759750398425,2.7537946701049805
1749309079.1106067,16.444724606026625,2.761544942855835
1749309079.1439936,16.452168704077454,2.768474578857422
1749309079.1773949,16.459751888270414,2.7723984718322754
1749309079.2108183,16.46716008135841,2.7820160388946533
1749309079.2443485,16.4724146056506,2.786494731903076
1749309079.27775,16.479656554702274,2.792853355407715
1749309079.3114362,16.487480199115943,2.7989046573638916
1749309079.3448355,16.4947590473124,2.8027358055114746
1749309079.37824,16.502216883301134,2.8095569610595703
1749309079.4116385,16.507176623280433,2.8167226314544678
1749309079.4450483,16.515091963604352,2.8209173679351807
1749309079.4785192,16.52511609061456,2.8269236087799072
1749309079.512057,16.532022664298626,2.8332598209381104
1749309079.5454364,16.53979851470082,2.8395190238952637
1749309079.5788279,16.547474891091746,2.843437910079956
1749309079.6122706,16.555222867932134,2.850738048553467
1749309079.6457312,16.562482447811355,2.856252908706665
1749309079.6792288,16.569747759402233,2.8599045276641846
1749309079.7126956,16.577315005265454,2.866788864135742
1749309079.74612,16.584940806266737,2.871342182159424
1749309079.7796,16.592587607182587,2.875868797302246
1749309079.8129957,16.600821257308958,2.879871129989624
1749309079.846505,16.608021427819036,2.8847293853759766
1749309079.8799038,16.61563996998038,2.890717029571533
1749309079.9133153,16.62360371213007,2.8955209255218506
1749309079.9467778,16.631757099071592,2.898977041244507
1749309079.9801958,16.63948491312483,2.904487133026123
1749309080.0145648,16.647066803689984,2.9088666439056396
1749309080.0479724,16.65496405275006,2.9130585193634033
1749309080.081787,16.66373514532595,2.9170610904693604
1749309080.1151845,16.673601917868652,2.9211955070495605
1749309080.1485982,16.68166621675544,2.923896074295044
1749309080.1820054,16.68968659043814,2.927464485168457
1749309080.2154334,16.697466777724593,2.930328369140625
1749309080.2522385,16.705766215889753,2.933688163757324
1749309080.2856007,16.711131953150577,2.936532735824585
1749309080.319055,16.71889491441645,2.9399497509002686
1749309080.3526645,16.726927342520725,2.9428961277008057
1749309080.3860626,16.736307332626556,2.9461357593536377
1749309080.4195347,16.743244733245348,2.949746608734131
1749309080.4529657,16.751279993311915,2.9518473148345947
1749309080.4863663,16.75906600302688,2.9545016288757324
1749309080.5198166,16.767095349306672,2.9577620029449463
1749309080.5532198,16.775121008598457,2.962327718734741
1749309080.5868828,16.783439153344656,2.9650919437408447
1749309080.6204526,16.791207072225255,2.9671669006347656
1749309080.654627,16.797094898222625,2.9706552028656006
1749309080.6880946,16.807271813999115,2.9735946655273438
1749309080.7214935,16.812630288699243,2.9768049716949463
1749309080.7549174,16.820923338228734,2.980151653289795
1749309080.7883186,16.828970986794058,2.9828062057495117
1749309080.8219564,16.837007471490118,2.9859209060668945
1749309080.8553703,16.844764455532328,2.989281177520752
1749309080.8888354,16.85549115392853,2.9918651580810547
1749309080.9222324,16.86380644059893,2.9946036338806152
1749309080.9556398,16.87156318558429,2.9988934993743896
1749309080.9890563,16.88013705670306,3.0018556118011475
1749309081.023122,16.88790457566221,3.0040442943573
1749309081.056522,16.895987411875954,3.006016969680786
1749309081.089928,16.904024134232856,3.0088722705841064
1749309081.1233342,16.9091107154943,3.0117053985595703
1749309081.1567419,16.917429356176026,3.014286518096924
1749309081.1901493,16.92521435570759,3.016498327255249
1749309081.2235935,16.933518006482956,3.0194003582000732
1749309081.2569995,16.941565306987016,3.0209641456604004
1749309081.2907023,16.949617714088532,3.022949457168579
1749309081.3241363,16.957636352424146,3.0269088745117188
1749309081.3575375,16.96594920887598,3.0294623374938965
1749309081.3911667,16.973758166914497,3.0303595066070557
1749309081.4245415,16.981771340151187,3.03411865234375
1749309081.457949,16.9893226530976,3.0365407466888428
1749309081.4913592,16.994805181213437,3.0369648933410645
1749309081.5247226,16.99942299011716,3.0382823944091797
1749309081.558253,17.00339986862041,3.0389957427978516
1749309081.591814,17.006696270907042,3.04050350189209
1749309081.62525,17.010102246379443,3.040761947631836
1749309081.6586902,17.01355173686955,3.042266845703125
1749309081.692098,17.01689865384359,3.0424838066101074
1749309081.7254972,17.020203757026433,3.0441513061523438
1749309081.7589955,17.024104937877915,3.0448572635650635
1749309081.792818,17.026687464961206,3.044898748397827
1749309081.826218,17.030039546348583,3.0451231002807617
1749309081.8596354,17.033170686183926,3.045332908630371
1749309081.893083,17.036396597682526,3.046602725982666
1749309081.927108,17.040743008446903,3.046482563018799
1749309081.9605236,17.043987002924315,3.047276496887207
1749309081.9939554,17.046039085361777,3.0465033054351807
1749309082.0279956,17.0493168435499,3.0472822189331055
1749309082.0614042,17.052741231426527,3.046861410140991
1749309082.0950308,17.056054253764817,3.0477447509765625
1749309082.1284318,17.059324328168323,3.047762393951416
1749309082.1618314,17.062584600715123,3.0477564334869385
1749309082.195228,17.0660116662172,3.0479025840759277
1749309082.2286773,17.070834369067978,3.04667592048645
1749309082.2624426,17.074576752250106,3.046679735183716
1749309082.2958472,17.076840135106977,3.0475144386291504
1749309082.329254,17.08036202875753,3.046506643295288
1749309082.36266,17.085043907090313,3.0463569164276123
1749309082.39611,17.088618268929373,3.0457522869110107
1749309082.430493,17.09204812435327,3.04390549659729
1749309082.464192,17.096262474007705,3.0437467098236084
1749309082.4976091,17.098438628759098,3.0428268909454346
1749309082.5310075,17.101680323458837,3.0425405502319336
1749309082.5651815,17.104832891845245,3.0409302711486816
1749309082.5985832,17.10797882612459,3.040433168411255
1749309082.6319973,17.110933571383576,3.038557291030884
1749309082.6656609,17.11415929765916,3.037940740585327
1749309082.6990647,17.11696666339787,3.0373427867889404
1749309082.7325814,17.120036218239377,3.037386178970337
1749309082.7659893,17.124282470477308,3.0358827114105225
1749309082.7995017,17.127226130134687,3.0351343154907227
1749309082.8329089,17.129859119929986,3.0351409912109375
1749309082.8662946,17.132440504217687,3.034095287322998
1749309082.8999152,17.135089543078937,3.0346570014953613
1749309082.9343324,17.137832206521207,3.0342519283294678
1749309082.967845,17.14031634806098,3.0328915119171143
1749309083.0012426,17.143761774050088,3.0327391624450684
1749309083.0346599,17.14636603011484,3.031892776489258
1749309083.0681155,17.148865700962865,3.032101631164551
1749309083.101536,17.151193427991508,3.0316638946533203
1749309083.1352398,17.153529130952926,3.03035569190979
1749309083.1686456,17.15580588938895,3.030351161956787
1749309083.2021606,17.158184054021277,3.0304768085479736
1749309083.2355297,17.16114605088059,3.0293123722076416
1749309083.2691548,17.163380509681236,3.0293095111846924
1749309083.3025463,17.165668355323213,3.0293831825256348
1749309083.335995,17.167774725576216,3.0284247398376465
1749309083.3693988,17.169939616332634,3.028435230255127
1749309083.4032404,17.17213465194997,3.028296709060669
1749309083.4366539,17.17411958230934,3.027001142501831
1749309083.4700582,17.176206485108054,3.028198480606079
1749309083.5034676,17.178304623441175,3.026979923248291
1749309083.5368865,17.180312855880786,3.027174472808838
1749309083.5702925,17.182327531958457,3.027139663696289
1749309083.6036994,17.184394818355415,3.0293781757354736
1749309083.637114,17.186226423924875,3.028705596923828
1749309083.670517,17.188859930394486,3.029942274093628
1749309083.7039764,17.19092129900882,3.029315233230591
1749309083.737385,17.192896774901413,3.0301849842071533
1749309083.7707915,17.194694148987704,3.0309128761291504
1749309083.8041985,17.19638434491671,3.029444932937622
1749309083.8401382,17.198086545355785,3.0303895473480225
1749309083.8736343,17.199817759438858,3.029029130935669
1749309083.9070337,17.20149225072338,3.0307061672210693
1749309083.9404335,17.20330063499748,3.0300610065460205
1749309083.9738376,17.205070170291478,3.0309553146362305
1749309084.007262,17.206604194797688,3.0299692153930664
1749309084.0406647,17.208170645635118,3.0305662155151367
1749309084.0740821,17.2103300385572,3.0296144485473633
1749309084.1076055,17.2119091683312,3.0305685997009277
1749309084.1410534,17.21339376630604,3.0295705795288086
1749309084.1745095,17.21564761100212,3.029949903488159
1749309084.2079284,17.21699370095856,3.028836965560913
1749309084.2414997,17.218651921069963,3.0298612117767334
1749309084.2749207,17.220360092174012,3.029651165008545
1749309084.308498,17.221730981393666,3.030365228652954
1749309084.3419,17.223197835517556,3.0292694568634033
1749309084.375321,17.2246557387606,3.0300300121307373
1749309084.4087358,17.226000367666327,3.029755115509033
1749309084.4421587,17.22731408600898,3.029322385787964
1749309084.4757862,17.22860717271669,3.0300021171569824
1749309084.509195,17.230095028730847,3.0293266773223877
1749309084.542601,17.23076893818679,3.0292439460754395
1749309084.5761666,17.231984702882997,3.029045343399048
1749309084.6095655,17.233132349015097,3.0286929607391357
1749309084.642966,17.23438499223824,3.0284981727600098
1749309084.6764631,17.235484786739203,3.029057502746582
1749309084.7098603,17.2366065765622,3.0286166667938232
1749309084.7432883,17.237704508856666,3.0287516117095947
1749309084.7767878,17.238821952925793,3.028777837753296
1749309084.8101966,17.239903380344945,3.028884172439575
1749309084.8437085,17.241191738449935,3.0286362171173096
1749309084.8771176,17.241866577900158,3.0285415649414062
1749309084.9108326,17.2429050969577,3.0288798809051514
1749309084.944243,17.243927099442654,3.028326988220215
1749309084.9776728,17.24492136683474,3.0278351306915283
1749309085.0115492,17.245929237380775,3.028550386428833
1749309085.044985,17.2468750336628,3.027700662612915
1749309085.0784469,17.247810389130166,3.0283515453338623
1749309085.1118565,17.248741873321272,3.027371644973755
1749309085.145259,17.24970295333116,3.0282533168792725
1749309085.178668,17.25060745212431,3.028120279312134
1749309085.2120802,17.251519251178944,3.0278098583221436
1749309085.2454484,17.252519337238503,3.028204917907715
1749309085.2790797,17.25329394775633,3.0275497436523438
1749309085.3124876,17.254132051519285,3.028113603591919
1749309085.3458924,17.25502941823868,3.0274980068206787
1749309085.379417,17.25589732733303,3.02813720703125
1749309085.4131591,17.256747226657687,3.027766704559326
1749309085.446567,17.257485864311825,3.0278193950653076
1749309085.4799688,17.257933865298277,3.027726411819458
1749309085.5134141,17.25819092081584,3.027730941772461
1749309085.546815,17.258345921721432,3.0277013778686523
1749309085.5802183,17.258440493036538,3.0277016162872314
1749309085.6136363,17.25847636461295,3.027695655822754
1749309085.6470363,17.258496738889438,3.02769136428833
1749309085.680442,17.258507328704027,3.02769136428833
1749309085.7138615,17.258513998118456,3.0276896953582764
1749309085.7472768,17.25851846810962,3.0276899337768555
1749309085.7806811,17.258521263823074,3.0276880264282227
1749309085.814173,17.25852438730762,3.0276873111724854
1749309085.8476279,17.258527372760426,3.027686595916748
1749309085.8811376,17.258529123397697,3.027686357498169
1749309085.9146104,17.258530674904097,3.0276856422424316
1749309085.9480143,17.258532284626686,3.0276851654052734
1749309085.9814136,17.25853412444767,3.0276846885681152
1749309086.0148146,17.2585357730427,3.027684450149536
1749309086.048235,17.258537597002935,3.027683734893799
1749309086.0819693,17.25853927619265,3.0276827812194824
1749309086.1153939,17.258540714796453,3.0276825428009033
1749309086.1488004,17.25854222911434,3.027681827545166
1749309086.182274,17.25854368926708,3.027681589126587
1749309086.2158196,17.258545480119565,3.0276806354522705
1749309086.2492244,17.258547202668588,3.0276806354522705
1749309086.282798,17.258548869721682,3.027679681777954
1749309086.3161912,17.25855076989546,3.027679204940796
1749309086.3495934,17.258552246890574,3.0276787281036377
1749309086.3830538,17.258553484883212,3.0276780128479004
1749309086.4165003,17.25855566462538,3.027677297592163
1749309086.4498708,17.258557053540684,3.027676582336426
1749309086.4832828,17.258558762813724,3.027676582336426
1749309086.5166879,17.258560420567825,3.0276763439178467
1749309086.5501013,17.258561755030094,3.0276756286621094
1749309086.5835214,17.25856320597821,3.027674674987793
1749309086.6169748,17.258564860436152,3.0276739597320557
1749309086.6503847,17.25856679919329,3.0276737213134766
1749309086.6838558,17.258569039596505,3.0276732444763184
1749309086.7172992,17.25857061171056,3.0276730060577393
1749309086.7513711,17.258572062092814,3.027672529220581
1749309086.7847767,17.258574519204245,3.0276715755462646
1749309086.8181822,17.258575977189903,3.0276710987091064
1749309086.8516011,17.258578961132056,3.0276706218719482
1749309086.8850691,17.258580840163745,3.027669668197632
1749309086.9184992,17.258582410917604,3.0276689529418945
1749309086.9519215,17.258583733170077,3.027667999267578
1749309086.9856367,17.25858543985139,3.027667760848999
1749309087.0190973,17.258587413780166,3.027667760848999
1749309087.0525644,17.258589305546593,3.0276670455932617
1749309087.0859952,17.258591098445287,3.0276660919189453
1749309087.1196365,17.25859270063321,3.027665615081787
1749309087.153048,17.258595482325052,3.0276646614074707
1749309087.1864517,17.25859655268581,3.0276646614074707
1749309087.219949,17.258599720137628,3.0276644229888916
1749309087.2533798,17.25860086878606,3.0276639461517334
1749309087.286788,17.258602752764823,3.027662754058838
1749309087.320239,17.258604321532253,3.0276622772216797
1749309087.353637,17.258606093676704,3.0276613235473633
1749309087.3870463,17.25860766308968,3.0276613235473633
1749309087.4204495,17.258610145869262,3.027661085128784
1749309087.4539647,17.258611820387916,3.027660608291626
1749309087.4873698,17.258613272800996,3.0276598930358887
1749309087.5207713,17.25861493725721,3.0276591777801514
1749309087.5541928,17.25861628600317,3.027658224105835
1749309087.5875983,17.2586178722653,3.0276575088500977
1749309087.6210053,17.258620413741948,3.0276565551757812
1749309087.6544085,17.258622101000924,3.0276567935943604
1749309087.6878204,17.25862344974723,3.0276565551757812
1749309087.7212448,17.25862504253747,3.027655839920044
1749309087.7546542,17.25862725632015,3.0276551246643066
1749309087.7880616,17.258629014094797,3.0276546478271484
1749309087.821568,17.25863126867953,3.0276541709899902
1749309087.8584964,17.258632952379504,3.027653217315674
1749309087.8919199,17.258634947309595,3.0276527404785156
1749309087.9253237,17.25863677196529,3.027651309967041
1749309087.9586904,17.258638446484486,3.027651309967041
1749309087.9920893,17.258640945588873,3.027650833129883
1749309088.0255506,17.25864243927596,3.0276505947113037
1749309088.0589554,17.258643534235198,3.0276498794555664
1749309088.0923622,17.258645946499524,3.027649164199829
1749309088.1257691,17.258647403340728,3.0276482105255127
1749309088.1591735,17.258648944073936,3.0276477336883545
1749309088.1925843,17.258650838867197,3.0276479721069336
1749309088.2259896,17.25865258356334,3.0276474952697754
1749309088.2593951,17.2586541349185,3.027646541595459
1749309088.2928476,17.258655579427597,3.027646064758301
1749309088.3262517,17.25865769310544,3.0276451110839844
1749309088.3599567,17.25865949703104,3.027644395828247
1749309088.3933775,17.258661587216565,3.027644157409668
1749309088.4267485,17.25866383173927,3.0276432037353516
1749309088.4601889,17.25871063164551,3.0268566608428955
1749309088.4935923,17.26093978046109,3.0277674198150635
1749309088.5277722,17.26691749948936,3.031672954559326
1749309088.5612268,17.273059641308826,3.036876916885376
1749309088.5946848,17.27750509710676,3.0415961742401123
1749309088.6281736,17.286407306430814,3.0488975048065186
1749309088.661673,17.28854203169646,3.055907964706421
1749309088.6951995,17.298515640280467,3.058678388595581
1749309088.728669,17.305853779711878,3.063979148864746
1749309088.7620785,17.313401722728173,3.0702619552612305
1749309088.795525,17.32315864969011,3.074965715408325
1749309088.8289533,17.32814693863024,3.080714464187622
1749309088.8623538,17.335667865489743,3.0860531330108643
1749309088.8958108,17.34576557117544,3.091599941253662
1749309088.9292202,17.35335083429375,3.0970957279205322
1749309088.9626274,17.36194926754164,3.104452133178711
1749309088.996049,17.368778774676038,3.1097805500030518
1749309089.029691,17.376111408946464,3.113706111907959
1749309089.063099,17.383699704510317,3.1212027072906494
1749309089.0965059,17.3910439044465,3.126760721206665
1749309089.1299117,17.39888704972657,3.1322293281555176
1749309089.1633227,17.40648615589381,3.1377594470977783
1749309089.1972547,17.414080187895493,-3.1414742469787598
1749309089.2306528,17.419143994463376,-3.135845899581909
1749309089.2640557,17.42674656684999,-3.1302738189697266
1749309089.2975,17.43434757961436,-3.124668836593628
1749309089.330951,17.441948735796128,-3.119065284729004
1749309089.3643546,17.45208419289146,-3.1134707927703857
1749309089.397917,17.459685434699708,-3.107866048812866
1749309089.4313068,17.464752931227654,-3.102079153060913
1749309089.4647655,17.472354785711694,-3.0964834690093994
1749309089.498182,17.479955916112885,-3.091068744659424
1749309089.5316164,17.487557167271948,-3.085472583770752
1749309089.5650287,17.49743834968056,-3.0800557136535645
1749309089.5984333,17.5055460653189,-3.07407546043396
1749309089.631816,17.51036046363379,-3.068478584289551
1749309089.665286,17.5179617155463,-3.063061475753784
1749309089.6988945,17.527843602542127,-3.0576491355895996
1749309089.7322843,17.533671417316025,-3.0520448684692383
1749309089.7656856,17.540766446348933,-3.046448230743408
1749309089.7990913,17.548367781258573,-3.0406620502471924
1749309089.8325112,17.556222240575714,-3.0352423191070557
1749309089.865918,17.5635708974765,-3.029453754425049
1749309089.8993242,17.570919120144595,-3.0236690044403076
1749309089.9327352,17.578774487602747,-3.01806378364563
1749309089.9661493,17.586123038568925,-3.0128393173217773
1749309090.0002046,17.59524502237374,-3.007054090499878
1749309090.0335813,17.601579778783087,-3.0014450550079346
1749309090.067242,17.60918134205379,-2.995842218399048
1749309090.1006804,17.616783150323588,-2.990247964859009
1749309090.1340873,17.62438490947558,-2.9865076541900635
1749309090.1674926,17.6319867973092,-2.979038715362549
1749309090.2009213,17.639588252043737,-2.975297451019287
1749309090.234349,17.649725265130325,-2.9678328037261963
1749309090.267958,17.65453999357887,-2.962036609649658
1749309090.301405,17.66518310964589,-2.9564380645751953
1749309090.335444,17.673291692779802,-2.949341297149658
1749309090.3688552,17.677599141912513,-2.9455981254577637
1749309090.4022622,17.685708074030188,-2.9398186206817627
1749309090.4357553,17.692802963852916,-2.934018611907959
1749309090.4691997,17.70040578655578,-2.9284207820892334
1749309090.5026333,17.708261698838854,-2.9229989051818848
1749309090.5360723,17.715610247683856,-2.917398452758789
1749309090.5695007,17.72574715808719,-2.911792039871216
1749309090.603,17.73360217318934,-2.9059977531433105
1749309090.6364148,17.74095118987415,-2.900576591491699
1749309090.6698585,17.74576619290453,-2.894976854324341
1749309090.7035384,17.755902754401042,-2.8895585536956787
1749309090.7369378,17.76375840038711,-2.883763313293457
1749309090.7703965,17.771614245892444,-2.876291036605835
1749309090.8038697,17.778963298174844,-2.8706862926483154
1749309090.8373294,17.786565817351192,-2.866952657699585
1749309090.8710065,17.793914827939044,-2.8615305423736572
1749309090.9044218,17.799236576595817,-2.8557393550872803
1749309090.9384885,17.806839289396667,-2.849759340286255
1749309090.971899,17.814441397376807,-2.8445260524749756
1749309091.005354,17.821790597097223,-2.838921308517456
1749309091.038763,17.829646127619313,-2.833310604095459
1749309091.0721993,17.83699470002708,-2.8277029991149902
1749309091.1056418,17.845865090768985,-2.8221235275268555
1749309091.139085,17.854980630182766,-2.816446542739868
1749309091.1724904,17.86283574835533,-2.808966875076294
1749309091.2059166,17.87018918605165,-2.803405284881592
1749309091.24388,17.880323276929346,-2.7977707386016846
1749309091.2773046,17.885644700044917,-2.7923524379730225
1749309091.3107948,17.892994287666333,-2.7863712310791016
1749309091.3442032,17.900595183455383,-2.781158685684204
1749309091.3776088,17.907947362151557,-2.7758190631866455
1749309091.4110155,17.91562609246833,-2.7712037563323975
1749309091.4444175,17.923515179619013,-2.766068458557129
1749309091.4778235,17.933712485195294,-2.7607641220092773
1749309091.5113382,17.938830341081733,-2.7559778690338135
1749309091.5447843,17.946215649951917,-2.750326156616211
1749309091.578189,17.956648872807126,-2.744624614715576
1749309091.6115966,17.964215109172947,-2.7369303703308105
1749309091.645008,17.97191441165776,-2.731987953186035
1749309091.678408,17.97946996125423,-2.725799798965454
1749309091.7118223,17.98970689630648,-2.7211453914642334
1749309091.7453158,17.99452665122059,-2.7155003547668457
1749309091.7790506,18.004890695099274,-2.709376335144043
1749309091.8124654,18.012758580363258,-2.7019553184509277
1749309091.8458688,18.020080636485083,-2.69807767868042
1749309091.8792286,18.02788921443307,-2.691956043243408
1749309091.9126713,18.032670055044285,-2.68634295463562
1749309091.9460676,18.03994601612605,-2.679757833480835
1749309091.9794922,18.047728047136836,-2.6758837699890137
1749309092.012919,18.055040407094427,-2.6704812049865723
1749309092.0470483,18.060032912609657,-2.664161205291748
1749309092.0804455,18.067535829835315,-2.6580028533935547
1749309092.1139107,18.075305786873663,-2.6519644260406494
1749309092.1473658,18.083074562625793,-2.6458983421325684
1749309092.180872,18.090216839906407,-2.6386020183563232
1749309092.2165127,18.097981576476506,-2.634378433227539
1749309092.249877,18.10252687246805,-2.6278934478759766
1749309092.284095,18.110130419082022,-2.6233935356140137
1749309092.3175004,18.117969396876628,-2.61552095413208
1749309092.350919,18.125499839740442,-2.6091296672821045
1749309092.3844824,18.132499897721203,-2.603268623352051
1749309092.4179113,18.140028815992064,-2.598179817199707
1749309092.4513254,18.14473605651262,-2.5894572734832764
1749309092.4847405,18.152016773541092,-2.5819549560546875
1749309092.5182078,18.159409453969293,-2.574625253677368
1749309092.5516183,18.166440869156386,-2.5640480518341064
1749309092.585019,18.174250334967205,-2.557549238204956
1749309092.618464,18.181272709414348,-2.5490524768829346
1749309092.6518664,18.188416298196817,-2.5397050380706787
1749309092.6852627,18.198097459756372,-2.5302813053131104
1749309092.7189088,18.205656549983175,-2.5234620571136475
1749309092.7531133,18.21040996178914,-2.5140573978424072
1749309092.7865386,18.217473629324004,-2.5052146911621094
1749309092.8199475,18.22541350938368,-2.4970829486846924
1749309092.8533719,18.234607205144666,-2.4850547313690186
1749309092.8868127,18.242027505555807,-2.4767520427703857
1749309092.9201787,18.25191029408888,-2.4688658714294434
1749309092.9536307,18.25901569073728,-2.4547948837280273
1749309092.9870722,18.266717873081117,-2.4490058422088623
1749309093.0205493,18.27172055561575,-2.4407880306243896
1749309093.0553885,18.2792410211347,-2.430994749069214
1749309093.0888,18.289227927010064,-2.4201650619506836
1749309093.1222005,18.296846637516122,-2.4119954109191895
1749309093.1556299,18.303884253192116,-2.4042184352874756
1749309093.1891234,18.311179640173968,-2.3947324752807617
1749309093.2225277,18.318738592403413,-2.3874011039733887
1749309093.2559285,18.32606612902675,-2.378185510635376
1749309093.2921605,18.3335920472528,-2.3705954551696777
1749309093.3256032,18.341053972491068,-2.361403703689575
1749309093.359019,18.35196898202789,-2.353267192840576
1749309093.3924522,18.35848130633775,-2.3469173908233643
1749309093.4267519,18.360970301937662,-2.342109203338623
1749309093.4703202,18.370449698568933,-2.3297765254974365
1749309093.5041072,18.37832143100254,-2.321254253387451
1749309093.537516,18.385492347871,-2.31284761428833
1749309093.5709748,18.392535785125162,-2.301543712615967
1749309093.6043792,18.400139965207103,-2.2938122749328613
1749309093.6377928,18.40720733681823,-2.2848527431488037
1749309093.671238,18.41712176934585,-2.274710178375244
1749309093.7046824,18.424707206761944,-2.2621800899505615
1749309093.738195,18.432702934932266,-2.2577245235443115
1749309093.7715971,18.439473832117688,-2.2496678829193115
1749309093.805046,18.446352066713022,-2.2392337322235107
1749309093.8396213,18.452966395426866,-2.2304654121398926
1749309093.87305,18.46094403390701,-2.2236084938049316
1749309093.906468,18.467773391953052,-2.213531255722046
1749309093.9398654,18.47507456036971,-2.2043731212615967
1749309093.977583,18.48472411302511,-2.196394443511963
1749309094.011078,18.48953281032515,-2.1872076988220215
1749309094.0444994,18.496592245951778,-2.1783127784729004
1749309094.0778995,18.50385006605366,-2.1684110164642334
1749309094.1113229,18.5113562293751,-2.15875244140625
1749309094.1447222,18.51879309960962,-2.1503701210021973
1749309094.1781294,18.52653655014586,-2.1419320106506348
1749309094.2117145,18.533463907473195,-2.132997512817383
1749309094.2451227,18.541113991846117,-2.122749090194702
1749309094.2785473,18.548544553055496,-2.114030599594116
1749309094.3119648,18.555979256314814,-2.1056759357452393
1749309094.3453684,18.563314165847274,-2.096019983291626
1749309094.3787668,18.572982581431607,-2.0877997875213623
1749309094.4122052,18.580160449438814,-2.0764403343200684
1749309094.4460254,18.58766051535184,-2.0685312747955322
1749309094.4794729,18.594925549117164,-2.061933755874634
1749309094.5128691,18.602652109854667,-2.050886631011963
1749309094.546284,18.610095117196664,-2.04179310798645
1749309094.5796666,18.61753448189692,-2.0337817668914795
1749309094.615248,18.624629747646413,-2.0246663093566895
1749309094.648683,18.634768728041433,-2.0132791996002197
1749309094.6820874,18.64212719241385,-2.004613161087036
1749309094.7154977,18.64955020149675,-1.9959365129470825
1749309094.7490504,18.657374753961786,-1.9887049198150635
1749309094.7826376,18.66502846635543,-1.9802247285842896
1749309094.8162208,18.671911965161048,-1.9717276096343994
1749309094.849652,18.68200212740954,-1.9650248289108276
1749309094.8830447,18.68930288790841,-1.9559059143066406
1749309094.9164474,18.696598442479946,-1.9461714029312134
1749309094.9498637,18.70439196434448,-1.9390281438827515
1749309094.9833424,18.71193646183941,-1.9321759939193726
1749309095.0167425,18.71924368003706,-1.9229114055633545
1749309095.0501657,18.724055809990894,-1.9183220863342285
1749309095.0835686,18.734304320875815,-1.9107093811035156
1749309095.1169682,18.741895793754257,-1.902172327041626
1749309095.1505513,18.749320657160073,-1.8965492248535156
1749309095.1840742,18.754159050729953,-1.8907275199890137
1749309095.2179413,18.764185067530267,-1.883878469467163
1749309095.251345,18.769495224492296,-1.8776839971542358
1749309095.2847424,18.779360641472934,-1.8700326681137085
1749309095.318211,18.787227436476,-1.8631759881973267
1749309095.351643,18.794478867268385,-1.8568023443222046
1749309095.3850548,18.801960341084705,-1.8504524230957031
1749309095.4185045,18.809535803665014,-1.845180630683899
1749309095.452113,18.81686390589245,-1.8420143127441406
1749309095.4855382,18.8245637429942,-1.8332457542419434
1749309095.5191965,18.832212402584176,-1.8291982412338257
1749309095.5527685,18.83946457295599,-1.8235241174697876
1749309095.5862117,18.846962225577542,-1.8180863857269287
1749309095.6196294,18.852308551509303,-1.8153347969055176
1749309095.6530333,18.859932315634452,-1.8109850883483887
1749309095.6864455,18.867478902933858,-1.8050251007080078
1749309095.7198627,18.875059375070226,-1.7999706268310547
1749309095.753217,18.88306222758282,-1.796203374862671
1749309095.7867663,18.890528963264043,-1.7918988466262817
1749309095.8202024,18.900743153542496,-1.78594970703125
1749309095.853618,18.908744538116924,-1.7805534601211548
1749309095.887338,18.916368627278008,-1.777178168296814
1749309095.9207468,18.924425898416313,-1.773746132850647
1749309095.9541705,18.931699849384543,-1.7706365585327148
1749309095.987714,18.93974964121997,-1.7675575017929077
1749309096.0211604,18.947789082629466,-1.7645102739334106
1749309096.0545557,18.955300298418585,-1.7607495784759521
1749309096.087964,18.96308028771405,-1.757703423500061
1749309096.1213672,18.970620163178722,-1.7549858093261719
1749309096.1547754,18.979177943712255,-1.7517541646957397
1749309096.1883054,18.986676233692044,-1.7481095790863037
1749309096.2217078,18.997049435413818,-1.7449657917022705
1749309096.2551477,19.00457164653616,-1.7420424222946167
1749309096.288749,19.010002795161512,-1.7385402917861938
1749309096.3223977,19.02010609226714,-1.735260009765625
1749309096.3561392,19.02764170763919,-1.7326866388320923
1749309096.389537,19.035670232180543,-1.7293652296066284
1749309096.4229417,19.040850791864344,-1.726252794265747
1749309096.4563403,19.051228916572782,-1.7233154773712158
1749309096.4897547,19.0590111484331,-1.7204458713531494
1749309096.5231915,19.064187501167847,-1.7172937393188477
1749309096.5565972,19.071958764318968,-1.7141700983047485
1749309096.5900567,19.080006254589705,-1.711443305015564
1749309096.6234624,19.087777387270098,-1.7082549333572388
1749309096.6571834,19.095303320285172,-1.705487847328186
1749309096.6905851,19.1030696163321,-1.7021607160568237
1749309096.7240477,19.110852589307775,-1.6994476318359375
1749309096.757485,19.118898472974443,-1.697505235671997
1749309096.790924,19.124349256257425,-1.694999098777771
1749309096.8243911,19.131605743372276,-1.692214846611023
1749309096.8578079,19.139124473639512,-1.6895509958267212
1749309096.8913062,19.14716181265939,-1.686850905418396
1749309096.9247186,19.154943592748467,-1.684137225151062
1749309096.9627914,19.162724964839086,-1.6811248064041138
1749309096.996285,19.173094782287574,-1.6787149906158447
1749309097.0296988,19.180872720808466,-1.6760122776031494
1749309097.063803,19.188651189039334,-1.6733261346817017
1749309097.0972097,19.196429087741016,-1.669837474822998
1749309097.1306105,19.20421976818789,-1.6683738231658936
1749309097.1640131,19.20940869555433,-1.6659363508224487
1749309097.1974137,19.217164806044824,-1.6628910303115845
1749309097.2310364,19.224959767569235,-1.6609407663345337
1749309097.2647524,19.232745932023665,-1.6587079763412476
1749309097.2981548,19.243122685124792,-1.6560702323913574
1749309097.3315573,19.250917560576745,-1.654036521911621
1749309097.3649669,19.25974390424683,-1.6511989831924438
1749309097.3984141,19.266506066942497,-1.650126576423645
1749309097.431888,19.27325683350539,-1.6480687856674194
1749309097.46531,19.27947951887001,-1.6455230712890625
1749309097.4987178,19.290121227572264,-1.6427981853485107
1749309097.5321107,19.297647500471555,-1.6405454874038696
1749309097.5655572,19.30570872235955,-1.6391537189483643
1749309097.5989966,19.313239227619896,-1.637062430381775
1749309097.635788,19.32362069832065,-1.6349965333938599
1749309097.6696267,19.331418687441467,-1.6327096223831177
1749309097.7030735,19.33920774762634,-1.6314008235931396
1749309097.7364936,19.347000174973562,-1.6295486688613892
1749309097.7699306,19.354531199685198,-1.6277035474777222
1749309097.803346,19.359722847678828,-1.6255970001220703
1749309097.8367505,19.367781043064006,-1.6242369413375854
1749309097.8701537,19.37557334009439,-1.6218950748443604
1749309097.9035697,19.38365537032199,-1.6208276748657227
1749309097.9369802,19.391205654677673,-1.6187788248062134
1749309097.9705863,19.401607606570266,-1.617165207862854
1749309098.0040033,19.40915540110305,-1.6161377429962158
1749309098.0374446,19.418249296120994,-1.6143261194229126
1749309098.0708618,19.422148583297574,-1.6132017374038696
1749309098.1043823,19.43307257660547,-1.6123747825622559
1749309098.137783,19.437745515684192,-1.6106221675872803
1749309098.1712592,19.448394660107162,-1.6093146800994873
1749309098.2046676,19.45621100153461,-1.6080541610717773
1749309098.2380483,19.464267969826736,-1.6067348718643188
1749309098.271485,19.47182252658067,-1.6058441400527954
1749309098.3048859,19.476764205154943,-1.6041624546051025
1749309098.338351,19.484822595574258,-1.6028509140014648
1749309098.3717606,19.4929089168462,-1.6026033163070679
1749309098.405168,19.50045983233887,-1.60137939453125
1749309098.4385788,19.508277588904228,-1.6002410650253296
1749309098.4719841,19.51634876780095,-1.5993205308914185
1749309098.5053928,19.52649495353587,-1.5983200073242188
1749309098.5391674,19.534303048980696,-1.5967686176300049
1749309098.5726385,19.54236058477148,-1.5955709218978882
1749309098.6060903,19.5499459964307,-1.5956591367721558
1749309098.6394932,19.55775737099076,-1.5944287776947021
1749309098.6729264,19.565812567632268,-1.5933902263641357
1749309098.7063315,19.573352357994665,-1.5927951335906982
1749309098.7397933,19.58375519941171,-1.591921329498291
1749309098.7732708,19.59156240128885,-1.5907132625579834
1749309098.806651,19.599374117336517,-1.5895394086837769
1749309098.8400633,19.60691198984294,-1.588666319847107
1749309098.8744588,19.61263422245015,-1.5881025791168213
1749309098.9080846,19.62277634310947,-1.5870181322097778
1749309098.9415393,19.630313132925505,-1.586266040802002
1749309098.9749422,19.635779266366853,-1.5852692127227783
1749309099.0090604,19.646493594928813,-1.5852611064910889
1749309099.0424898,19.654050532358642,-1.5843079090118408
1749309099.075894,19.65900334088421,-1.5838197469711304
1749309099.109293,19.669411878404453,-1.5831878185272217
1749309099.1426983,19.67748237120661,-1.5823780298233032
1749309099.1761305,19.68528117566568,-1.581594467163086
1749309099.2095413,19.693611910994786,-1.5811240673065186
1749309099.2429445,19.70375050091596,-1.5803016424179077
1749309099.2763472,19.71102545359436,-1.57969331741333
1749309099.3097594,19.71648539177781,-1.5795423984527588
1749309099.3432941,19.72687958173384,-1.5785564184188843
1749309099.3769307,19.734421349486883,-1.578057050704956
1749309099.4103358,19.742493270691348,-1.5779082775115967
1749309099.443761,19.750038836215445,-1.5772784948349
1749309099.47722,19.758626448877408,-1.5769010782241821
1749309099.5106397,19.76591452115238,-1.5762590169906616
1749309099.5441487,19.773728638250986,-1.5755516290664673
1749309099.5775485,19.781525609044888,-1.5750257968902588
1749309099.6109543,19.78933933006357,-1.5747216939926147
1749309099.6443634,19.79844378366222,-1.5739946365356445
1749309099.6777713,19.804959148138156,-1.5735430717468262
1749309099.7111893,19.81249494439228,-1.5732383728027344
1749309099.7445865,19.820562406868422,-1.5725435018539429
1749309099.7780023,19.828110629937665,-1.5720731019973755
1749309099.811521,19.8361701052286,-1.5719983577728271
1749309099.844929,19.843975894677488,-1.5716373920440674
1749309099.8783343,19.851780732139538,-1.571223497390747
1749309099.9117303,19.85959559573703,-1.570815086364746
1749309099.9451866,19.86713916348881,-1.5705833435058594
1749309099.9786332,19.87520727042298,-1.5701210498809814
1749309100.012032,19.887173586483513,-1.5696765184402466
1749309100.0454314,19.893933336989324,-1.5691864490509033
1749309100.079629,19.8983569626767,-1.5691335201263428
1749309100.1130567,19.906423252077843,-1.5687557458877563
1749309100.1464767,19.916829452903688,-1.5682545900344849
1749309100.1798866,19.92464116227155,-1.5679665803909302
1749309100.2133582,19.932706024310686,-1.5677777528762817
1749309100.2467701,19.940249760178553,-1.5674751996994019
1749309100.2801976,19.948064787991385,-1.5672967433929443
1749309100.3136384,19.955862709642393,-1.56706964969635
1749309100.347058,19.961335032936777,-1.5668357610702515
1749309100.3804753,19.968880676702714,-1.5666208267211914
1749309100.4138706,19.97669096083423,-1.566523551940918
1749309100.4472847,19.98709911331621,-1.5663557052612305
1749309100.4806952,19.992304477347204,-1.566033124923706
1749309100.514156,20.00037952408371,-1.5658848285675049
1749309100.5475557,20.007919125171938,-1.565508484840393
1749309100.5809696,20.015472880252737,-1.5654492378234863
1749309100.614423,20.02327702403514,-1.5652915239334106
1749309100.6478338,20.031344436916946,-1.5651016235351562
1749309100.6813293,20.039154492364883,-1.5647348165512085
1749309100.7149973,20.04671460963135,-1.564548373222351
1749309100.748397,20.055048817033015,-1.564193606376648
1749309100.782923,20.062605996026033,-1.56415855884552
1749309100.8163846,20.067823582549224,-1.5642156600952148
1749309100.849906,20.07536648245004,-1.563989281654358
1749309100.8833156,20.08343449556559,-1.5637906789779663
1749309100.9172678,20.09124520039797,-1.5634117126464844
1749309100.9506655,20.098744669425447,-1.563461422920227
1749309100.9844542,20.104377061365682,-1.5638233423233032
1749309101.0179183,20.11003801771857,-1.5635515451431274
1749309101.0514688,20.113899293851226,-1.563233494758606
1749309101.0849032,20.117397285392215,-1.563618779182434
1749309101.1183112,20.120880061733573,-1.5632203817367554
1749309101.151715,20.122965520575217,-1.5632047653198242
1749309101.1851306,20.127292701350267,-1.5635968446731567
1749309101.2185621,20.130421339320645,-1.5632410049438477
1749309101.251989,20.133755238459187,-1.5635497570037842
1749309101.2854102,20.135901514692364,-1.563520908355713
1749309101.318864,20.14017877053108,-1.56364905834198
1749309101.3522625,20.14359392858564,-1.5636749267578125
1749309101.3857439,20.146472564032493,-1.5637959241867065
1749309101.4191883,20.149778478286734,-1.5638612508773804
1749309101.452588,20.15404275020214,-1.5640164613723755
1749309101.486153,20.15617859503468,-1.5640003681182861
1749309101.5195673,20.159386905647946,-1.5645793676376343
1749309101.552976,20.162524968893198,-1.564152479171753
1749309101.586403,20.165892541207967,-1.5649610757827759
1749309101.619829,20.169146190957488,-1.5647614002227783
1749309101.6532285,20.173337801118105,-1.5647588968276978
1749309101.6866405,20.1766501885798,-1.5652168989181519
1749309101.7201412,20.179852396283454,-1.565567970275879
1749309101.7536075,20.183052251923872,-1.5658915042877197
1749309101.7870247,20.1862512063386,-1.566049575805664
1749309101.821196,20.189343405771233,-1.5663113594055176
1749309101.8546116,20.192701686262282,-1.5665050745010376
1749309101.888038,20.196419143724253,-1.5665929317474365
1749309101.921451,20.200203974163465,-1.56758451461792
1749309101.9548616,20.20460327348159,-1.5676109790802002
1749309101.9886851,20.209006239230128,-1.5686246156692505
1749309102.0222137,20.212987838441343,-1.5687813758850098
1749309102.05562,20.216762968944906,-1.5693835020065308
1749309102.089031,20.220740355695543,-1.5705311298370361
1749309102.1241724,20.22423341785308,-1.5704056024551392
1749309102.1575804,20.228012613071147,-1.5721461772918701
1749309102.1909816,20.231505593298998,-1.5728678703308105
1749309102.2244098,20.235055260190798,-1.5735172033309937
1749309102.257868,20.238558687325817,-1.5734814405441284
1749309102.2912743,20.242124243609606,-1.5741140842437744
1749309102.3246791,20.245294094343787,-1.5744280815124512
1749309102.3580837,20.249673441279104,-1.5762450695037842
1749309102.391497,20.251956452560233,-1.5772258043289185
1749309102.424914,20.255171550266034,-1.577280879020691
1749309102.4583535,20.259446758810483,-1.5787365436553955
1749309102.491806,20.261324734998322,-1.578678846359253
1749309102.525236,20.26536418646096,-1.5796045064926147
1749309102.558644,20.26832160540689,-1.581191062927246
1749309102.5920603,20.270378856207383,-1.5820139646530151
1749309102.6254878,20.27415519586831,-1.5813454389572144
1749309102.6588898,20.27686901833679,-1.5833182334899902
1749309102.6922925,20.27963703472027,-1.5830844640731812
1749309102.7256892,20.282343312813133,-1.5842489004135132
1749309102.759131,20.28496327840815,-1.5838007926940918
1749309102.792557,20.28873658514786,-1.5848278999328613
1749309102.8259566,20.29046366697497,-1.5848829746246338
1749309102.859421,20.293443748078285,-1.585991382598877
1749309102.8928647,20.295712715594952,-1.5865193605422974
1749309102.92631,20.298113528824768,-1.5860151052474976
1749309102.959722,20.29982086034526,-1.5872231721878052
1749309102.993145,20.302229575137783,-1.5865037441253662
1749309103.026845,20.304745722695397,-1.5877549648284912
1749309103.060228,20.30713494518258,-1.5871639251708984
1749309103.0936928,20.310236489893324,-1.5880954265594482
1749309103.1271105,20.311977307049737,-1.5881736278533936
1749309103.160513,20.31420826554985,-1.5891793966293335
1749309103.1941643,20.31653719196567,-1.5892072916030884
1749309103.2275813,20.318659183292112,-1.5892702341079712
1749309103.2613716,20.32151430368031,-1.5898127555847168
1749309103.2947807,20.323717503241504,-1.5898653268814087
1749309103.3282137,20.325728288401944,-1.590893030166626
1749309103.3616233,20.32783680795358,-1.590989351272583
1749309103.395029,20.329109405177725,-1.5914350748062134
1749309103.428432,20.331091224343165,-1.5917396545410156
1749309103.4619,20.333041715026663,-1.591375470161438
1749309103.4953218,20.334993804993484,-1.5920751094818115
1749309103.5287333,20.336910246367125,-1.5915560722351074
1749309103.56212,20.338924489573877,-1.592529058456421
1749309103.595583,20.340223024246967,-1.5921810865402222
1749309103.6289923,20.342709424616878,-1.5924838781356812
1749309103.6625044,20.343964467752212,-1.5932831764221191
1749309103.6959207,20.345691329775512,-1.593008041381836
1749309103.7331216,20.347385619234203,-1.5926951169967651
1749309103.7665179,20.349101863391727,-1.5930378437042236
1749309103.7999222,20.3508498073916,-1.592826008796692
1749309103.8333318,20.352549524165564,-1.5934832096099854
1749309103.867358,20.354671034117352,-1.5939656496047974
1749309103.9011774,20.35623598489454,-1.5940028429031372
1749309103.9345865,20.357299047628533,-1.5939692258834839
1749309103.9680007,20.358896943463414,-1.59397292137146
1749309104.0014098,20.360369513198194,-1.594048023223877
1749309104.0348406,20.361971969789778,-1.594665288925171
1749309104.068547,20.363444040561443,-1.594114065170288
1749309104.1020029,20.364985145691367,-1.5948656797409058
1749309104.135409,20.36651614478727,-1.5939997434616089
1749309104.168858,20.368036343459735,-1.5944684743881226
1749309104.2022614,20.369498846052572,-1.5947849750518799
1749309104.2357461,20.370861104677708,-1.594367265701294
1749309104.2691598,20.372160987098194,-1.5948458909988403
1749309104.3025677,20.373511698344412,-1.5944983959197998
1749309104.336101,20.374886846066065,-1.5947636365890503
1749309104.36953,20.376193970857035,-1.5948439836502075
1749309104.4029403,20.377182489508247,-1.5953041315078735
1749309104.4363387,20.378415849610217,-1.5946577787399292
1749309104.4698083,20.379711699370407,-1.5953350067138672
1749309104.5032144,20.381001569167932,-1.5950582027435303
1749309104.5367732,20.38219520012461,-1.594866156578064
1749309104.5703146,20.38336080982757,-1.5953598022460938
1749309104.6037552,20.384657201464215,-1.5951586961746216
1749309104.6371644,20.3856589940979,-1.5952781438827515
1749309104.670563,20.386678029502768,-1.5953481197357178
1749309104.7040415,20.387817387065205,-1.5951975584030151
1749309104.7374084,20.388854934439788,-1.595180630683899
1749309104.770795,20.389894143046597,-1.595117211341858
1749309104.804208,20.390929992551616,-1.5953543186187744
1749309104.8376174,20.391943547425257,-1.595084309577942
1749309104.8710651,20.392945638698798,-1.595604658126831
1749309104.9046006,20.394033516142045,-1.5953298807144165
1749309104.938011,20.394904241774253,-1.5952361822128296
1749309104.971419,20.39589413423468,-1.5955042839050293
1749309105.004798,20.396801358811214,-1.5954301357269287
1749309105.0387409,20.397723136610782,-1.5952552556991577
1749309105.0721917,20.398638466329444,-1.5956448316574097
1749309105.1056457,20.399547660026272,-1.5952212810516357
1749309105.1390603,20.400447917847714,-1.59577214717865
1749309105.1724687,20.401738863160574,-1.5950593948364258
1749309105.206237,20.402349426967803,-1.595813512802124
1749309105.2396803,20.403272552461488,-1.5952507257461548
1749309105.2731013,20.404184344487884,-1.5958571434020996
1749309105.3067145,20.405074080085292,-1.5950711965560913
1749309105.340275,20.405904195774305,-1.5953290462493896
1749309105.373739,20.406649271618186,-1.5954043865203857
1749309105.407182,20.407074469574084,-1.595532774925232
1749309105.4405959,20.40731355539793,-1.5955275297164917
1749309105.4740598,20.407450980197737,-1.5955642461776733
1749309105.5075064,20.407517849934667,-1.5955603122711182
1749309105.540922,20.407566515303657,-1.5955677032470703
1749309105.5744956,20.407594238180934,-1.5955666303634644
1749309105.6079044,20.407605423857035,-1.5955699682235718
1749309105.6419551,20.407611736548123,-1.5955694913864136
1749309105.6754322,20.407615710039142,-1.5955694913864136
1749309105.7088325,20.40761875170466,-1.595571517944336
1749309105.7427528,20.40762073541327,-1.59557044506073
1749309105.7762065,20.40762271755796,-1.5955735445022583
1749309105.812097,20.40762418558251,-1.5955716371536255
1749309105.8455145,20.40762548708254,-1.5955721139907837
1749309105.878913,20.40762701816088,-1.5955753326416016
1749309105.9123163,20.40762887010506,-1.5955731868743896
1749309105.945685,20.40762973932598,-1.5955755710601807
1749309105.9790952,20.407631295247363,-1.5955748558044434
1749309106.0125065,20.40763276912574,-1.5955760478973389
1749309106.0458977,20.40763436032577,-1.5955785512924194
1749309106.079386,20.40763594545866,-1.5955766439437866
1749309106.1128752,20.40763695859716,-1.595579981803894
1749309106.146274,20.40763838366111,-1.5955779552459717
1749309106.1796954,20.407640209899135,-1.5955784320831299
1749309106.21309,20.407641194563322,-1.5955815315246582
1749309106.2465029,20.40764248949215,-1.5955793857574463
1749309106.2799382,20.40764421375947,-1.5955818891525269
1749309106.3133366,20.407645934511354,-1.5955811738967896
1749309106.3470092,20.407647557624806,-1.595582365989685
1749309106.3805182,20.40764850583257,-1.5955848693847656
1749309106.414689,20.40765030082179,-1.5955829620361328
1749309106.448103,20.40765199674346,-1.5955864191055298
1749309106.4816482,20.407653562949246,-1.5955866575241089
1749309106.515059,20.407655036626505,-1.5955849885940552
1749309106.5487053,20.407656784915037,-1.5955884456634521
1749309106.582307,20.407658282602448,-1.5955862998962402
1749309106.6156833,20.407659424063723,-1.5955870151519775
1749309106.6490915,20.40766099942818,-1.5955899953842163
1749309106.6826077,20.40766251524865,-1.5955878496170044
1749309106.7161438,20.407664574408972,-1.5955889225006104
1749309106.749548,20.407665890742603,-1.5955926179885864
1749309106.7830052,20.407667386526402,-1.595590591430664
1749309106.8164096,20.407669176892355,-1.5955911874771118
1749309106.849815,20.407670771808874,-1.5955942869186401
1749309106.8833892,20.40767177652051,-1.5955921411514282
1749309106.9167593,20.407673552423958,-1.5955945253372192
1749309106.9501739,20.40767513755302,-1.595593810081482
1749309106.983574,20.407676294487878,-1.5955952405929565
1749309107.0178003,20.4076778603959,-1.595597505569458
1749309107.0512495,20.407679968298734,-1.5955955982208252
1749309107.0846615,20.40768137962419,-1.5955989360809326
1749309107.118083,20.407682912475178,-1.59559965133667
1749309107.151539,20.40768398977032,-1.595597743988037
1749309107.1849551,20.407685574768234,-1.595600962638855
1749309107.2184036,20.40768751919159,-1.5955990552902222
1749309107.251812,20.407688781393905,-1.5955995321273804
1749309107.285223,20.407689723056546,-1.5956026315689087
1749309107.3186474,20.407691191958715,-1.5956007242202759
1749309107.3520463,20.40769269825606,-1.5956032276153564
1749309107.3854456,20.40769352596684,-1.5956021547317505
1749309107.4190223,20.40769512623915,-1.595603585243225
1749309107.4524326,20.407696665736133,-1.5956059694290161
1749309107.4858499,20.407698214064318,-1.5956040620803833
1749309107.519254,20.407699791497635,-1.595607042312622
1749309107.5526645,20.407701258137504,-1.5956052541732788
1749309107.5860727,20.40770254221751,-1.5956059694290161
1749309107.6194801,20.407704050925666,-1.5956089496612549
1749309107.6529107,20.407706048298863,-1.595607042312622
1749309107.686535,20.40770703771553,-1.5956079959869385
1749309107.719889,20.407708763767616,-1.5956109762191772
1749309107.7533038,20.407710349714275,-1.5956089496612549
1749309107.786737,20.407712125621277,-1.595611333847046
1749309107.8201962,20.40771341354602,-1.5956109762191772
1749309107.8536518,20.407715217796504,-1.595611810684204
1749309107.8870509,20.407716745839785,-1.5956143140792847
1749309107.9206803,20.40771849480452,-1.5956125259399414
1749309107.9541,20.407720046530383,-1.595613956451416
1749309107.9875026,20.40772155408882,-1.5956164598464966
1749309108.0209286,20.407722070298973,-1.5956145524978638
1749309108.0543268,20.407723605252073,-1.5956177711486816
1749309108.0881505,20.40772439754937,-1.5956157445907593
1749309108.1215644,20.40772611939753,-1.595616340637207
1749309108.1550715,20.40772843203048,-1.595620036125183
1749309108.18848,20.407729979163207,-1.5956178903579712
1749309108.2218916,20.407731167946615,-1.5956183671951294
1749309108.2553225,20.407732784932275,-1.595621943473816
1749309108.2888894,20.40773360415922,-1.5956193208694458
1749309108.3223019,20.407735499544824,-1.595622181892395
1749309108.355709,20.407737051445466,-1.595621109008789
1749309108.389074,20.40794077748634,-1.5960919857025146
1749309108.4224858,20.4130023713364,-1.5944887399673462
1749309108.455895,20.419912776735956,-1.5922538042068481
1749309108.489301,20.428372064785457,-1.589421033859253
1749309108.522699,20.436936947501536,-1.5882225036621094
1749309108.557921,20.445807871161037,-1.5866479873657227
1749309108.5916183,20.455172688728833,-1.5829559564590454
1749309108.6250246,20.465366998364743,-1.5821937322616577
1749309108.658483,20.471114273414997,-1.5797092914581299
1749309108.6919267,20.483954787149717,-1.5773202180862427
1749309108.7253315,20.493953580907142,-1.5735065937042236
1749309108.7587433,20.50371735994457,-1.5719670057296753
1749309108.792205,20.51677266257859,-1.569773554801941
1749309108.825618,20.526263005616855,-1.5678759813308716
1749309108.859061,20.53649697251137,-1.5667489767074585
1749309108.8925004,20.546431605918052,-1.563759446144104
1749309108.9259489,20.55641812111429,-1.5627456903457642
1749309108.95936,20.56644620039017,-1.5611003637313843
1749309108.9927797,20.57652241654155,-1.5596410036087036
1749309109.026187,20.589983497889467,-1.557819128036499
1749309109.0595977,20.599766617987367,-1.5553905963897705
1749309109.0930407,20.610289977626902,-1.5551025867462158
1749309109.1265879,20.624184066884677,-1.5528696775436401
1749309109.1600533,20.630635121972457,-1.5511581897735596
1749309109.193484,20.64085541945574,-1.5501587390899658
1749309109.2268925,20.64735274694459,-1.5496734380722046
1749309109.260327,20.657976494456673,-1.5478488206863403
1749309109.2938497,20.66826678503311,-1.5464109182357788
1749309109.327623,20.681723237847187,-1.5465542078018188
1749309109.361045,20.69245157375772,-1.5449002981185913
1749309109.3946676,20.702861888235624,-1.5436968803405762
1749309109.4280794,20.71329181206736,-1.5421792268753052
1749309109.461487,20.72367704159392,-1.5414397716522217
