timestamp,encoder_distance,yaw_true
1749147203.677049,9.237562168221299,-1.5802544355392456
1749147203.7238667,9.237563248165882,-1.5802549123764038
1749147203.757277,9.238760427732533,-1.5798933506011963
1749147203.790908,9.243969582794847,-1.5834593772888184
1749147203.8243253,9.251578111686946,-1.5855690240859985
1749147203.8577943,9.261138433675098,-1.5877403020858765
1749147203.8913195,9.26803209925288,-1.591038465499878
1749147203.9247613,9.28239245593955,-1.5941002368927002
1749147203.958174,9.291809371383506,-1.5955461263656616
1749147203.991944,9.302296236775426,-1.5989853143692017
1749147204.0253472,9.312887744097752,-1.6011337041854858
1749147204.058768,9.320323238914776,-1.6034342050552368
1749147204.0921717,9.330662993992203,-1.604372501373291
1749147204.125537,9.34097420345877,-1.6067094802856445
1749147204.1589644,9.352355120572968,-1.6087613105773926
1749147204.1923745,9.362357325674614,-1.6086540222167969
1749147204.2258384,9.369872173964236,-1.6103910207748413
1749147204.259265,9.380257726557609,-1.6108571290969849
1749147204.292694,9.388482863023468,-1.6119221448898315
1749147204.3261,9.403160121616539,-1.6128127574920654
1749147204.3596187,9.414228899568368,-1.6141284704208374
1749147204.3930428,9.427449407376598,-1.6147302389144897
1749147204.4264648,9.437439020155601,-1.6150517463684082
1749147204.4599261,9.448487115250263,-1.6155983209609985
1749147204.493359,9.459161855549794,-1.6162806749343872
1749147204.5267732,9.470187508166603,-1.6169307231903076
1749147204.5639052,9.480510667650325,-1.6171952486038208
1749147204.5973132,9.49119219483644,-1.6176608800888062
1749147204.6309063,9.501857732659055,-1.6177978515625
1749147204.6643338,9.512524511455764,-1.6178817749023438
1749147204.6977663,9.523189271041437,-1.61821448802948
1749147204.7311962,9.533853766340087,-1.6178274154663086
1749147204.7645984,9.544513597335712,-1.618159532546997
1749147204.7980027,9.558739213528343,-1.6179828643798828
1749147204.8315165,9.565858663595806,-1.618146538734436
1749147204.864933,9.576541246986483,-1.6174474954605103
1749147204.8983426,9.59080949320608,-1.6178144216537476
1749147204.9317458,9.601494687226447,-1.6174542903900146
1749147204.9651546,9.608610603349627,-1.6175696849822998
1749147204.9985566,9.622843401351245,-1.6171287298202515
1749147205.0319886,9.633523423063023,-1.6169004440307617
1749147205.0653934,9.644232233549861,-1.6174373626708984
1749147205.098815,9.65526811633065,-1.6169930696487427
1749147205.132216,9.664821278803812,-1.6160744428634644
1749147205.1656747,9.671461998963395,-1.61614191532135
1749147205.1991146,9.676650430489236,-1.6173495054244995
1749147205.2325153,9.681002809867334,-1.6163229942321777
1749147205.2659476,9.684886625649908,-1.617205262184143
1749147205.29935,9.688546526264803,-1.6164482831954956
1749147205.3327544,9.692057654216281,-1.6173635721206665
1749147205.366161,9.695368381117786,-1.6170158386230469
1749147205.3995779,9.698823595357204,-1.6174559593200684
1749147205.432981,9.702116626153906,-1.6177259683609009
1749147205.4663973,9.705471307746494,-1.6173269748687744
1749147205.4999003,9.708556786728568,-1.61807382106781
1749147205.533483,9.711877530261274,-1.6189496517181396
1749147205.566966,9.713812511388237,-1.6194604635238647
1749147205.6008701,9.718212982072876,-1.6197561025619507
1749147205.6343234,9.721419917606273,-1.6197625398635864
1749147205.6677291,9.724644039024215,-1.62115478515625
1749147205.7011387,9.727901260863417,-1.6207797527313232
1749147205.7345438,9.730072666986697,-1.6214487552642822
1749147205.767902,9.734412230206656,-1.6216652393341064
1749147205.8013108,9.737650812770726,-1.62167227268219
1749147205.8348231,9.740954286246394,-1.6212893724441528
1749147205.8682287,9.744287489360298,-1.6233688592910767
1749147205.9017727,9.749334280762064,-1.62279212474823
1749147205.935662,9.753137805306139,-1.6250399351119995
1749147205.9690595,9.756929303143298,-1.6248611211776733
1749147206.0029094,9.760657882858606,-1.6267223358154297
1749147206.0363066,9.764434644046323,-1.6266871690750122
1749147206.0697021,9.768343095958667,-1.627436637878418
1749147206.103109,9.771770048743498,-1.6295748949050903
1749147206.1365092,9.77534102303931,-1.6296405792236328
1749147206.169915,9.780330389708057,-1.6313396692276
1749147206.2034376,9.783263207176367,-1.6331788301467896
1749147206.2368371,9.787004448729746,-1.633493185043335
1749147206.2702355,9.790091828759058,-1.6347543001174927
1749147206.3039002,9.793288434302392,-1.6350358724594116
1749147206.337314,9.795567977449037,-1.6366119384765625
1749147206.3707228,9.79873726632546,-1.6369518041610718
1749147206.4042506,9.801949353641845,-1.6380741596221924
1749147206.4376554,9.805095458430761,-1.6379361152648926
1749147206.4710639,9.80814893801987,-1.639174222946167
1749147206.5044668,9.81214661690065,-1.638306975364685
1749147206.5384572,9.814081371993804,-1.6392624378204346
1749147206.5718603,9.817003972038732,-1.6391899585723877
1749147206.6053264,9.81985027553324,-1.6401194334030151
1749147206.638724,9.823621833861042,-1.6413911581039429
1749147206.6721318,9.826453053526706,-1.64110267162323
1749147206.7055404,9.82803562952926,-1.6428591012954712
1749147206.7389402,9.831845550861795,-1.6427230834960938
1749147206.7723377,9.83504444843485,-1.6433066129684448
1749147206.8057802,9.836714091608249,-1.6439495086669922
1749147206.839184,9.839134182626786,-1.6453015804290771
1749147206.872592,9.841750936278702,-1.645056962966919
1749147206.9060106,9.844234730597881,-1.646410346031189
1749147206.93941,9.846637360264472,-1.6471959352493286
1749147206.972817,9.848271871293985,-1.647932767868042
1749147207.0062132,9.851832964274832,-1.6476701498031616
1749147207.0396636,9.853869253569826,-1.6481530666351318
1749147207.0731678,9.856536273618804,-1.6488770246505737
1749147207.1065736,9.858521508689632,-1.6481608152389526
1749147207.1399937,9.860705939324482,-1.649319052696228
1749147207.1734517,9.862920150633798,-1.649218201637268
1749147207.2069817,9.865215676641705,-1.64987313747406
1749147207.2403855,9.867328085676114,-1.6499149799346924
1749147207.2737994,9.869447292427623,-1.6502221822738647
1749147207.3073263,9.871485916066423,-1.651334285736084
1749147207.3408678,9.873707651817982,-1.6509963274002075
1749147207.374273,9.875476540328163,-1.6520618200302124
1749147207.40767,9.877418031008153,-1.652278184890747
1749147207.4410815,9.879336196801225,-1.651617407798767
1749147207.4745982,9.881163604021113,-1.6522178649902344
1749147207.5080674,9.88302634435006,-1.6525737047195435
1749147207.5415025,9.884749545141108,-1.6509050130844116
1749147207.574911,9.886564967624428,-1.6521247625350952
1749147207.6083179,9.888343418963125,-1.6512911319732666
1749147207.6417794,9.890165993102642,-1.6517753601074219
1749147207.67527,9.891875634753578,-1.653098464012146
1749147207.708689,9.893560602719889,-1.6523430347442627
1749147207.7421062,9.895248035581615,-1.6527522802352905
1749147207.7755098,9.896838187637755,-1.652795672416687
1749147207.8096724,9.898451385530484,-1.6522799730300903
1749147207.8431232,9.900147937358051,-1.6524473428726196
1749147207.876548,9.901730317929752,-1.65300714969635
1749147207.9100406,9.903240064714343,-1.6526813507080078
1749147207.943603,9.905180595755615,-1.6529138088226318
1749147207.9799,9.906640019894592,-1.6537222862243652
1749147208.0133085,9.908030889958512,-1.6542619466781616
1749147208.0467126,9.909429578958017,-1.6540924310684204
1749147208.0802372,9.910890990468738,-1.654342532157898
1749147208.1137285,9.912279661655637,-1.6549129486083984
1749147208.1470904,9.913697261750185,-1.6546928882598877
1749147208.1804948,9.915079966495655,-1.6554107666015625
1749147208.213908,9.916422515701475,-1.6556026935577393
1749147208.2473118,9.917735384672017,-1.6560091972351074
1749147208.2806976,9.919091824348387,-1.6554994583129883
1749147208.31463,9.92044981580501,-1.6562120914459229
1749147208.3480425,9.921765603885769,-1.6560373306274414
1749147208.3814445,9.922976582660626,-1.6563998460769653
1749147208.4150727,9.924231712510867,-1.6561713218688965
1749147208.44895,9.925363627756731,-1.6564126014709473
1749147208.4824367,9.92616756786057,-1.6568342447280884
1749147208.5159056,9.927315085541517,-1.656567931175232
1749147208.549327,9.928864577970444,-1.6572706699371338
1749147208.582792,9.930033987240988,-1.6567325592041016
1749147208.6161916,9.931119651636088,-1.6575621366500854
1749147208.6495926,9.932233721731011,-1.6575547456741333
1749147208.6830251,9.933324443519785,-1.6574901342391968
1749147208.7164383,9.934343998807202,-1.6583726406097412
1749147208.7498353,9.935341533731872,-1.6585254669189453
1749147208.783303,9.936391506262868,-1.6585983037948608
1749147208.8167455,9.937381511376419,-1.659089207649231
1749147208.85011,9.938697780076083,-1.6587951183319092
1749147208.8834686,9.939334682040219,-1.6589441299438477
1749147208.9168696,9.940591710071045,-1.659590482711792
1749147208.9502766,9.941195911013997,-1.6593611240386963
1749147208.9837308,9.942117651599919,-1.6598299741744995
1749147209.0171669,9.943348903579878,-1.6599760055541992
1749147209.0505774,9.944215204747232,-1.6599586009979248
1749147209.0840023,9.944792722986765,-1.6607298851013184
1749147209.11768,9.945689129387484,-1.6607171297073364
1749147209.1510763,9.946540145105342,-1.660812258720398
1749147209.1844778,9.947098624472783,-1.661392092704773
1749147209.2178736,9.948215075836742,-1.6611354351043701
1749147209.2512813,9.949024696949115,-1.661483645439148
1749147209.2846878,9.94981926403683,-1.661564826965332
1749147209.3180954,9.950605458555136,-1.6617857217788696
1749147209.3514912,9.951273192150804,-1.661908507347107
1749147209.3851752,9.951675424003124,-1.662289023399353
1749147209.4185834,9.952611876808241,-1.6639230251312256
1749147209.4523168,9.955329344567806,-1.6616110801696777
1749147209.485753,9.960126063795304,-1.658477544784546
1749147209.5191586,9.965806529582704,-1.6536976099014282
1749147209.5525753,9.972505718860463,-1.6490576267242432
1749147209.5860636,9.982027476832117,-1.6437420845031738
1749147209.6196191,9.989672948953027,-1.638198733329773
1749147209.6530795,9.996887543845164,-1.6310471296310425
1749147209.6864822,10.004649993269707,-1.6256771087646484
1749147209.7199054,10.014709184020695,-1.6199976205825806
1749147209.7533064,10.022273005221368,-1.614469289779663
1749147209.7867212,10.02707309600939,-1.6090110540390015
1749147209.8201296,10.034869750444507,-1.6029902696609497
1749147209.8535476,10.042716543203722,-1.599085807800293
1749147209.8869658,10.049790939951208,-1.594004511833191
1749147209.9203653,10.057871830726826,-1.5879321098327637
1749147209.95378,10.065273527603644,-1.5832159519195557
1749147209.9873226,10.073077989753005,-1.576833724975586
1749147210.020729,10.080457213036613,-1.571683406829834
1749147210.054242,10.088561647349088,-1.5656901597976685
1749147210.0876482,10.095662683613902,-1.5605379343032837
1749147210.1210916,10.103266502568449,-1.5549854040145874
1749147210.154488,10.11086899807507,-1.549443006515503
1749147210.1878982,10.118717158607193,-1.542128086090088
1749147210.2212963,10.12605708802586,-1.536300539970398
1749147210.2548277,10.133402628914338,-1.5308829545974731
1749147210.288231,10.14125224263401,-1.5250567197799683
1749147210.3216276,10.14884963363946,-1.5194382667541504
1749147210.355049,10.156447726806732,-1.5138124227523804
1749147210.3884661,10.164045043026787,-1.5100542306900024
1749147210.4219449,10.171643020682012,-1.5044306516647339
1749147210.4553475,10.178987864551592,-1.4989944696426392
1749147210.4890242,10.186838623248182,-1.493179202079773
1749147210.5224736,10.19190404599918,-1.487548828125
1749147210.5558748,10.199501974842729,-1.481926679611206
1749147210.5893607,10.207100434265959,-1.4761122465133667
1749147210.6235905,10.214698479329808,-1.4725489616394043
1749147210.6569986,10.22229531318727,-1.466907262802124
1749147210.6903524,10.229893615366967,-1.4612785577774048
1749147210.7240949,10.23749390593302,-1.4556801319122314
1749147210.7575443,10.245086399790248,-1.450006365776062
1749147210.796239,10.250147737898113,-1.4426530599594116
1749147210.8297374,10.257498181451815,-1.4389665126800537
1749147210.8631537,10.267628660781485,-1.4333328008651733
1749147210.8969824,10.275479913589475,-1.427517056465149
1749147210.9303837,10.280288942919833,-1.422020435333252
1749147210.9638376,10.288136422327812,-1.4161758422851562
1749147210.9972775,10.295742104891966,-1.4106208086013794
1749147211.0308077,10.305866018088675,-1.4049252271652222
1749147211.0642123,10.313463412707947,-1.3992736339569092
1749147211.0976691,10.318528411809929,-1.3936973810195923
1749147211.1311166,10.325896874063947,-1.3904117345809937
1749147211.1670835,10.333743074127142,-1.382946252822876
1749147211.2004821,10.341344161162311,-1.3790613412857056
1749147211.2338793,10.34894536010241,-1.371585488319397
1749147211.2674158,10.354266793408947,-1.3657885789871216
1749147211.3010058,10.3641539009809,-1.3622428178787231
1749147211.3344455,10.371759101380098,-1.3566325902938843
1749147211.3679295,10.376575923114467,-1.3510257005691528
1749147211.4013076,10.38722456156481,-1.3452361822128296
1749147211.4347298,10.392041285519849,-1.3398127555847168
1749147211.4681773,10.399900379841132,-1.3358869552612305
1749147211.507784,10.407253016390017,-1.3304648399353027
1749147211.5411904,10.412323098118058,-1.3246701955795288
1749147211.5747106,10.422210957933032,-1.3194384574890137
1749147211.608206,10.430070693917871,-1.3136459589004517
1749147211.6417496,10.437676532224705,-1.3061654567718506
1749147211.6752334,10.445282636138367,-1.30055832862854
1749147211.7085977,10.452888949723487,-1.2949496507644653
1749147211.7420824,10.463283352687089,-1.289153814315796
1749147211.7766602,10.470635821420581,-1.283732533454895
1749147211.810254,10.478241906259154,-1.278125524520874
1749147211.843668,10.483312307932101,-1.2743831872940063
1749147211.8771114,10.49117196867007,-1.2685881853103638
1749147211.9105127,10.495989555805618,-1.263351559638977
1749147211.9439049,10.506130683149394,-1.2575563192367554
1749147211.977304,10.513483618615208,-1.2521345615386963
1749147212.0107162,10.52134322386601,-1.2444672584533691
1749147212.0441103,10.529202774489109,-1.2405391931533813
1749147212.077512,10.533766280907823,-1.2351133823394775
1749147212.1109176,10.544414728921677,-1.2293189764022827
1749147212.1443305,10.551767366492056,-1.2238972187042236
1749147212.182262,10.559373294118426,-1.2162269353866577
1749147212.2156665,10.570275487656458,-1.210242748260498
1749147212.2491145,10.577121103172733,-1.2051962614059448
1749147212.2825189,10.585487401027027,-1.199019193649292
1749147212.3159208,10.592078962124733,-1.192095160484314
1749147212.3493266,10.599938874248652,-1.186482548713684
1749147212.3827307,10.607544709233762,-1.1806880235671997
1749147212.416314,10.61515105793096,-1.1752653121948242
1749147212.4497776,10.622756675879499,-1.1696486473083496
1749147212.4831865,10.630362549184234,-1.164218544960022
1749147212.516596,10.637714771358942,-1.1584213972091675
1749147212.5499988,10.645574218241578,-1.15299654006958
1749147212.583416,10.653180156329801,-1.147196888923645
1749147212.616853,10.66332120718198,-1.1415849924087524
1749147212.6502643,10.668645400845106,-1.1361581087112427
1749147212.6837065,10.678533343366993,-1.1303602457046509
1749147212.7172165,10.686138955741612,-1.1247464418411255
1749147212.7506857,10.693491383767912,-1.1193172931671143
1749147212.7844996,10.701604079324733,-1.1133280992507935
1749147212.8179333,10.70667445393979,-1.1079014539718628
1749147212.8513482,10.714026753045722,-1.102289080619812
1749147212.8848536,10.721886610475567,-1.0983613729476929
1749147212.918479,10.72949249562468,-1.0927480459213257
1749147212.951884,10.736844339943408,-1.0873184204101562
1749147212.9852912,10.744450217410288,-1.079835057258606
1749147213.0187013,10.752055814960277,-1.0760878324508667
1749147213.0521076,10.759661617831545,-1.0704748630523682
1749147213.0856931,10.767013557460606,-1.0650475025177002
1749147213.1193173,10.774611648170177,-1.0593711137771606
1749147213.1527154,10.779732304109881,-1.0548012256622314
1749147213.186115,10.787830074262809,-1.052886724472046
1749147213.2196593,10.797807256591424,-1.04635751247406
1749147213.2530801,10.803050523513754,-1.0399948358535767
1749147213.2865114,10.810504071123438,-1.037759780883789
1749147213.3200777,10.818313136923065,-1.0311139822006226
1749147213.3534784,10.825540091473398,-1.0267796516418457
1749147213.3870833,10.833361098905387,-1.0205962657928467
1749147213.4206178,10.83826423491385,-1.01304030418396
1749147213.4540448,10.845552290262544,-1.0076862573623657
1749147213.4874487,10.853565609087573,-1.0036563873291016
1749147213.5208638,10.861105708902175,-0.9977428913116455
1749147213.5543401,10.868446793417414,-0.9941221475601196
1749147213.5877814,10.876056436138333,-0.988684356212616
1749147213.6212351,10.883647323798948,-0.9831027984619141
1749147213.6561246,10.891498563972501,-0.9774015545845032
1749147213.6895978,10.899345213847528,-0.969635546207428
1749147213.723469,10.909202781956424,-0.9643465876579285
1749147213.756893,10.915271700132978,-0.958743691444397
1749147213.7906518,10.922350495293756,-0.9531481862068176
1749147213.8243873,10.92689914841922,-0.9492276310920715
1749147213.857803,10.93447688851578,-0.9436192512512207
1749147213.8912067,10.942303623593586,-0.9381924271583557
1749147213.924622,10.949624991161143,-0.934499204158783
1749147213.9580407,10.954664424399812,-0.9287853240966797
1749147213.9945793,10.962248846572408,-0.9252985119819641
1749147214.0279903,10.970267402283618,-0.9187332391738892
1749147214.061418,10.977603384784867,-0.9134477972984314
1749147214.0947795,10.982687128838045,-0.9085586667060852
1749147214.1281781,10.99019456407426,-0.9024490118026733
1749147214.1615806,10.997381518315716,-0.8979311585426331
1749147214.1949987,11.007755042637763,-0.8925614953041077
1749147214.228402,11.015331381479108,-0.8871340751647949
1749147214.261856,11.022609900231908,-0.8814510107040405
1749147214.2960012,11.027594534215295,-0.8771209716796875
1749147214.329463,11.032618427167247,-0.8705464005470276
1749147214.3628125,11.040166206658071,-0.8645934462547302
1749147214.3962288,11.04778956778331,-0.8559741377830505
1749147214.4296756,11.05787330340286,-0.8485739231109619
1749147214.4630775,11.065198313734705,-0.8435884118080139
1749147214.4965115,11.072249266880242,-0.8344678282737732
1749147214.5299103,11.079383017110596,-0.8255119323730469
1749147214.5633104,11.086748318543906,-0.8156116604804993
1749147214.5968192,11.093624469692182,-0.8054569959640503
1749147214.6302347,11.1008859612922,-0.7965319156646729
1749147214.663628,11.108355870775497,-0.7915844321250916
1749147214.697082,11.113181758363384,-0.7825365662574768
1749147214.7304993,11.123126568087578,-0.7753105759620667
1749147214.7638943,11.130212845439692,-0.7653895020484924
1749147214.797296,11.137381395661802,-0.755235493183136
1749147214.830805,11.144500614536355,-0.7473828792572021
1749147214.8642092,11.151522083153363,-0.7343443632125854
1749147214.8975627,11.15595329266446,-0.7238267064094543
1749147214.930977,11.163428671273607,-0.7155998945236206
1749147214.9643915,11.170179144021487,-0.7034096717834473
1749147214.997809,11.176412405679828,-0.6899816393852234
1749147215.0312123,11.18339112708053,-0.6809040904045105
1749147215.0646186,11.190837343336526,-0.6704107522964478
1749147215.0980449,11.1979996531692,-0.6589427590370178
1749147215.1314466,11.20513730595769,-0.6453791260719299
1749147215.1648512,11.212190091356199,-0.6320115923881531
1749147215.1982682,11.219356586683746,-0.6217414140701294
1749147215.23194,11.226026580393263,-0.6075984835624695
1749147215.2654538,11.230893074932597,-0.5969284772872925
1749147215.2989914,11.238443345501983,-0.5906288027763367
1749147215.3324192,11.245454609135674,-0.5751301050186157
1749147215.3659394,11.254886493347609,-0.5635042190551758
1749147215.3994632,11.259833149968365,-0.5570288896560669
1749147215.4360855,11.266633842365883,-0.5441832542419434
1749147215.4694438,11.273857417271854,-0.532669186592102
1749147215.5028536,11.281212527076917,-0.5188193321228027
1749147215.5362144,11.290546119589292,-0.5068933963775635
1749147215.5700696,11.297545164259692,-0.49439871311187744
1749147215.6034768,11.305016211557495,-0.4808145761489868
1749147215.6369276,11.311984098685356,-0.473649799823761
1749147215.6703331,11.319665841582523,-0.46389803290367126
1749147215.703855,11.324337188534752,-0.4525453448295593
1749147215.737265,11.331686894268575,-0.4462658762931824
1749147215.7719626,11.336716198168533,-0.4407738149166107
1749147215.8053644,11.343629979724422,-0.43058282136917114
1749147215.8387804,11.348534059308824,-0.4240614175796509
1749147215.8729405,11.355985415996075,-0.40755826234817505
1749147215.9064643,11.365830886632486,-0.3984195291996002
1749147215.9404907,11.370387610056182,-0.3882027566432953
1749147215.9741144,11.378235914587595,-0.37790873646736145
1749147216.0074892,11.387495191675077,-0.3676013946533203
1749147216.0409834,11.394909747173454,-0.3582197427749634
1749147216.0743928,11.40223734991329,-0.34841814637184143
1749147216.1078467,11.40962184046077,-0.3390507996082306
1749147216.1413105,11.4170668559614,-0.32770612835884094
1749147216.1747139,11.424626023674012,-0.3229225277900696
1749147216.208118,11.431974478044609,-0.31281647086143494
1749147216.2415192,11.438544072254972,-0.29941824078559875
1749147216.2749312,11.446408225427392,-0.29289013147354126
1749147216.308342,11.453901386559854,-0.28520461916923523
1749147216.342065,11.46110907386631,-0.2750649154186249
1749147216.375484,11.468442018345701,-0.2665941119194031
1749147216.4089344,11.475925572809324,-0.2590535283088684
1749147216.442326,11.483400653300269,-0.253947913646698
1749147216.4759436,11.490690409756882,-0.24730095267295837
1749147216.5093462,11.498442399022213,-0.24008220434188843
1749147216.5428314,11.505993587998914,-0.23379038274288177
1749147216.5770447,11.517046329020406,-0.22480730712413788
1749147216.610454,11.523805401814133,-0.2193007618188858
1749147216.6440747,11.531035737502519,-0.2131677269935608
1749147216.6774871,11.538279125827316,-0.20721809566020966
1749147216.7110324,11.543803995300996,-0.20128411054611206
1749147216.7444575,11.553722362852044,-0.19404560327529907
1749147216.7778556,11.56080030598413,-0.18736863136291504
1749147216.8112636,11.568957626815054,-0.18307510018348694
1749147216.8446865,11.576201397489767,-0.17740653455257416
1749147216.8780963,11.583937730001367,-0.17147743701934814
1749147216.9114966,11.591036874301272,-0.16727696359157562
1749147216.944864,11.598859470618692,-0.16270232200622559
1749147217.0343022,11.613125648578055,-0.15716388821601868
1749147217.0677507,11.616783459418432,-0.15554936230182648
1749147217.1011572,11.623052722503088,-0.15258395671844482
1749147217.1345706,11.631731883590517,-0.14705556631088257
1749147217.1679997,11.641387279273786,-0.1441585272550583
1749147217.2014487,11.651168687965813,-0.13972705602645874
1749147217.2348876,11.66190174873469,-0.1356530487537384
1749147217.2682796,11.672377917165596,-0.13078318536281586
1749147217.3017607,11.682955784356317,-0.1268591731786728
1749147217.3354988,11.690370771283742,-0.12267231196165085
1749147217.372142,11.704154270725143,-0.11835067719221115
1749147217.4055824,11.71159049286531,-0.11426746100187302
1749147217.439031,11.721502885412798,-0.11183852702379227
1749147217.4724321,11.73249310287591,-0.1081705316901207
1749147217.506006,11.743110314864657,-0.10424433648586273
1749147217.5394325,11.753705684328835,-0.09956483542919159
1749147217.5729454,11.764348027148186,-0.0947900041937828
1749147217.6063466,11.771084554472154,-0.09248047322034836
1749147217.6397574,11.782067655444449,-0.08843609690666199
1749147217.673166,11.792705741674196,-0.08523114770650864
1749147217.7066174,11.807241025186059,-0.08147887140512466
1749147217.7401605,11.813977987854466,-0.0785050019621849
1749147217.7735622,11.824640790403887,-0.07624753564596176
1749147217.806964,11.838443651401118,-0.07269187271595001
1749147217.840384,11.84730666639609,-0.06945934146642685
1749147217.8737943,11.856553268302447,-0.06753892451524734
1749147217.9073048,11.870740041057026,-0.06436962634325027
1749147217.941504,11.877847790530167,-0.06222511827945709
1749147217.9749486,11.892040476574348,-0.05952174589037895
1749147218.0085113,11.899131994404373,-0.0567028746008873
1749147218.0419326,11.912987264835053,-0.054672662168741226
1749147218.0753646,11.920093797213527,-0.05270957201719284
1749147218.108736,11.931103391713682,-0.050453122705221176
1749147218.1421375,11.941749887679208,-0.047778256237506866
1749147218.1755443,11.952364405886945,-0.04416891932487488
1749147218.2089467,11.9626437966754,-0.0420919731259346
1749147218.2423701,11.974018553055107,-0.04128289222717285
1749147218.2757773,11.98391018204788,-0.037749141454696655
1749147218.309223,11.99494669108841,-0.03575778752565384
1749147218.342695,12.005655985269229,-0.03392787277698517
1749147218.3760767,12.016348037520633,-0.03240889310836792
1749147218.4094956,12.027007455940103,-0.03083716705441475
1749147218.442905,12.041153113095485,-0.027797261252999306
1749147218.47637,12.051813041486,-0.026223983615636826
1749147218.5097764,12.0621371904078,-0.025984812527894974
1749147218.543222,12.073141178530536,-0.024007083848118782
1749147218.57681,12.083465921973808,-0.022979695349931717
1749147218.6102812,12.094476469378957,-0.020236073061823845
1749147218.6437461,12.103904071255053,-0.018993109464645386
1749147218.6771448,12.111077679086304,-0.01864665560424328
1749147218.710638,12.11630119325043,-0.01840253360569477
1749147218.7440863,12.120597341637758,-0.017636746168136597
1749147218.7777143,12.124401347905215,-0.017411677166819572
1749147218.8112764,12.128068694642826,-0.01695973426103592
1749147218.8446803,12.130122913531784,-0.017470695078372955
1749147218.8780813,12.133459841617812,-0.016755085438489914
1749147218.9114838,12.136893676162114,-0.01696780137717724
1749147218.9449887,12.140205223392346,-0.016017941758036613
1749147218.9788954,12.143400242603354,-0.016638634726405144
1749147219.0123167,12.146782045749735,-0.01666552945971489
1749147219.0457585,12.148839731428447,-0.017051689326763153
1749147219.0791652,12.15239287042912,-0.016765058040618896
1749147219.1125867,12.155419332656901,-0.01777961105108261
1749147219.146078,12.159005917403414,-0.01704479567706585
1749147219.1795535,12.160802281808333,-0.017432881519198418
1749147219.2129526,12.164989020784878,-0.01868295483291149
1749147219.2463658,12.16721016478748,-0.018165674060583115
1749147219.2797658,12.170182767754516,-0.01825277879834175
1749147219.3131714,12.17338309788641,-0.01781080663204193
1749147219.3465753,12.17687654595675,-0.0189400315284729
1749147219.3808634,12.179120326467343,-0.01955682784318924
1749147219.4143162,12.182837697343643,-0.018114201724529266
1749147219.4477227,12.186473427242385,-0.01810152269899845
1749147219.481172,12.189915309771727,-0.019995052367448807
1749147219.5145652,12.195074507961547,-0.01999816484749317
1749147219.548095,12.198491186934653,-0.021918874233961105
1749147219.5816126,12.201935364680525,-0.021269463002681732
1749147219.6149755,12.205394027040942,-0.02166600339114666
1749147219.6484308,12.208800628008992,-0.022342894226312637
1749147219.6818368,12.212263933068439,-0.02377125807106495
1749147219.715234,12.214433213920666,-0.0236077681183815
1749147219.748663,12.217904435325519,-0.025127071887254715
1749147219.782118,12.221170299714323,-0.02503405325114727
1749147219.8155618,12.223391719095755,-0.026137446984648705
1749147219.848974,12.225615703497187,-0.026735574007034302
1749147219.8823836,12.228819384269247,-0.02647988498210907
1749147219.9158137,12.231875983788218,-0.02755868062376976
1749147219.9500606,12.234869180814355,-0.028140760958194733
1749147219.9834647,12.238288893170791,-0.027629124000668526
1749147220.0171506,12.240967075971035,-0.029078887775540352
1749147220.0506353,12.243486689762873,-0.028890788555145264
1749147220.0840127,12.246381128345293,-0.02975599467754364
1749147220.1174722,12.249403468734823,-0.029976200312376022
1749147220.1508875,12.252240790203151,-0.030892284587025642
1749147220.1842453,12.255024791290039,-0.031074158847332
1749147220.217913,12.256908468142408,-0.03167988732457161
1749147220.2513466,12.260562919970768,-0.033218901604413986
1749147220.2847512,12.26203170393331,-0.033619072288274765
1749147220.318157,12.264600949717298,-0.03378168120980263
1749147220.3515587,12.266992683154958,-0.03519972786307335
1749147220.3849564,12.268817435834938,-0.034393977373838425
1749147220.4183588,12.271233880091142,-0.036058567464351654
1749147220.4517653,12.273765606144057,-0.035159070044755936
1749147220.4851823,12.276229847870763,-0.03614024445414543
1749147220.518725,12.278617468309749,-0.03714371100068092
1749147220.5521264,12.2818203103527,-0.03581603989005089
1749147220.5856495,12.283147040672494,-0.03685355931520462
1749147220.6190476,12.285370451845305,-0.03714033216238022
1749147220.6524487,12.28684216298359,-0.037210192531347275
1749147220.6858935,12.289151839142448,-0.03825273737311363
1749147220.719307,12.292029347299833,-0.03713119029998779
1749147220.7527092,12.29410120931577,-0.03878993168473244
1749147220.786119,12.295477210252994,-0.03778862953186035
1749147220.8195646,12.297606773587686,-0.039293043315410614
1749147220.8532078,12.299816279817039,-0.03892264887690544
1749147220.886607,12.301822124993118,-0.04036720097064972
1749147220.920015,12.304083410188356,-0.04039890691637993
1749147220.9534485,12.30592171687949,-0.041543081402778625
1749147220.9869418,12.307690703472176,-0.04237789660692215
1749147221.0203404,12.309510340545883,-0.042323365807533264
1749147221.0537364,12.311355871130107,-0.04222734645009041
1749147221.0871317,12.313113075226923,-0.04191272705793381
1749147221.120785,12.314728928590444,-0.043481457978487015
1749147221.1543877,12.316374626501176,-0.04233793169260025
1749147221.187808,12.318093450532498,-0.04220769554376602
1749147221.2212076,12.31918839137139,-0.043052129447460175
1749147221.2546146,12.320865112331832,-0.04297373816370964
1749147221.2880406,12.322567418291133,-0.04350303113460541
1749147221.3216171,12.324135717660024,-0.04401048272848129
1749147221.3550436,12.325202381542374,-0.04337840527296066
1749147221.38841,12.326748632622063,-0.04336533695459366
1749147221.4218688,12.328276751363585,-0.04436108097434044
1749147221.4554002,12.330204051441683,-0.043718121945858
1749147221.4900947,12.331237628893359,-0.04404674470424652
1749147221.523506,12.33317422137404,-0.04478297382593155
1749147221.556928,12.334758698218753,-0.0446443147957325
1749147221.590517,12.336025176003066,-0.044853728264570236
1749147221.6238942,12.337332436838905,-0.046082474291324615
1749147221.657327,12.338753856761885,-0.045438043773174286
1749147221.6907666,12.339723545428392,-0.045749083161354065
1749147221.7241788,12.341000925856319,-0.04621053859591484
1749147221.7576501,12.342389602113546,-0.04650513082742691
1749147221.791098,12.343719776504084,-0.047323912382125854
1749147221.8245044,12.345031207633596,-0.04732687771320343
1749147221.8579183,12.346818365219233,-0.047178931534290314
1749147221.891697,12.347951094489463,-0.04809996485710144
1749147221.9251056,12.348736399110713,-0.048498839139938354
1749147221.9585035,12.35012501725053,-0.048294708132743835
1749147221.9918885,12.351249031657042,-0.048901718109846115
1749147222.025245,12.35251614443291,-0.048957861959934235
1749147222.0586934,12.353657254413703,-0.04891953989863396
1749147222.0921552,12.354820061280085,-0.048834942281246185
1749147222.1258447,12.355924555448139,-0.04969063028693199
1749147222.1592479,12.35663601715295,-0.05000844970345497
1749147222.193059,12.357744202804295,-0.049850136041641235
1749147222.2264762,12.358857253225269,-0.049885816872119904
1749147222.2599864,12.359875078959819,-0.050526056438684464
1749147222.2935288,12.360962752929629,-0.051095522940158844
1749147222.3271646,12.362040821244602,-0.050752680748701096
1749147222.3606014,12.363086093898874,-0.051248807460069656
1749147222.394001,12.36406355064195,-0.051484446972608566
1749147222.4274063,12.365111723129546,-0.05156763270497322
1749147222.4608085,12.366064169802613,-0.051937784999608994
1749147222.4942093,12.366974181495383,-0.052145279943943024
1749147222.527694,12.367905420302169,-0.05215028300881386
1749147222.5644236,12.368837458394049,-0.052195239812135696
1749147222.5978189,12.369740100657259,-0.052543722093105316
1749147222.631244,12.370924737132045,-0.05267060920596123
1749147222.664669,12.371781130050957,-0.0530763640999794
1749147222.6980717,12.372636274541573,-0.053035106509923935
1749147222.7314703,12.373464934080173,-0.053472209721803665
1749147222.7649083,12.37431985282384,-0.05378032475709915
1749147222.798323,12.375142375202875,-0.054214004427194595
1749147222.8317237,12.375929555521669,-0.053871192038059235
1749147222.8653474,12.376682342325191,-0.05408545210957527
1749147222.8987527,12.377604982877632,-0.05418205261230469
1749147222.9321618,12.377767610701417,-0.05425040051341057
1749147222.9656115,12.377976605473458,-0.05426285043358803
1749147222.9991183,12.3780841784147,-0.054280854761600494
1749147223.032517,12.378149721367336,-0.054289355874061584
1749147223.0659757,12.37817410870724,-0.054293468594551086
1749147223.0994854,12.378187030914493,-0.05429559573531151
1749147223.1328967,12.37819708550897,-0.05429653078317642
1749147223.1663373,12.378200931704576,-0.05429723113775253
1749147223.1997542,12.37820387214864,-0.0542980395257473
1749147223.233198,12.37820597718867,-0.05429926514625549
1749147223.2666,12.37820813129516,-0.05429936200380325
1749147223.300102,12.378210199793138,-0.054300326853990555
1749147223.3338706,12.378211759627238,-0.054300785064697266
1749147223.367284,12.378213349034011,-0.05430163815617561
1749147223.4007275,12.378215403159908,-0.0543021596968174
1749147223.4341795,12.37821689433525,-0.054302867501974106
1749147223.4675872,12.378218330148071,-0.05430325120687485
1749147223.50099,12.378219331557196,-0.05430379509925842
1749147223.5344458,12.378220816665872,-0.0543043427169323
1749147223.5679455,12.378222251288546,-0.0543048232793808
1749147223.6014833,12.378223734773195,-0.05430540069937706
1749147223.6348867,12.378225216661074,-0.05430588126182556
1749147223.6682646,12.378226847451137,-0.054306548088788986
1749147223.7016726,12.378227804906185,-0.05430694296956062
1749147223.7351115,12.37822981838924,-0.054307691752910614
1749147223.7686613,12.378231252949256,-0.05430837348103523
1749147223.802106,12.378233223037878,-0.05430889502167702
1749147223.8355105,12.378234225104334,-0.0543094128370285
1749147223.8689263,12.378236182116197,-0.054309871047735214
1749147223.9023328,12.378237138645215,-0.05431048572063446
1749147223.935735,12.378239249277671,-0.054311130195856094
1749147223.9691586,12.378240261784796,-0.054311566054821014
1749147224.0025883,12.378241219103334,-0.05431213602423668
1749147224.0360503,12.378243225917968,-0.05431265011429787
1749147224.0694597,12.378244661791713,-0.05431312322616577
1749147224.102868,12.378246140604794,-0.0543137788772583
1749147224.1363087,12.3782476185815,-0.05431421101093292
1749147224.1750593,12.378248087110723,-0.05431482568383217
1749147224.2084594,12.378250041213224,-0.05431530252099037
1749147224.2418618,12.37825152427658,-0.05431591719388962
1749147224.2752647,12.37825300320685,-0.05431639403104782
1749147224.308708,12.378254477913178,-0.05431700870394707
1749147224.342162,12.378256034770146,-0.05431748554110527
1749147224.375567,12.378257530568927,-0.05431836098432541
1749147224.4091034,12.378259004840727,-0.054318737238645554
1749147224.4425826,12.378260013059975,-0.05431939661502838
1749147224.476062,12.378261452361048,-0.054319996386766434
1749147224.5149386,12.378262918713732,-0.054320789873600006
1749147224.5483432,12.378264884491383,-0.05432131513953209
1749147224.5819905,12.378266324899734,-0.05432185158133507
1749147224.6154504,12.378267819939282,-0.05432248115539551
1749147224.6489716,12.378269782564288,-0.054322946816682816
1749147224.68238,12.378270770062839,-0.05432353913784027
1749147224.7157857,12.378272260262333,-0.05432417243719101
1749147224.74939,12.378273695355903,-0.05432463809847832
1749147224.7828107,12.378274710729059,-0.05432523041963577
1749147224.8162162,12.378276686386563,-0.05432585999369621
1749147224.849827,12.37827816672056,-0.05432632938027382
1749147224.883232,12.378279604347643,-0.054326921701431274
1749147224.9166465,12.378281080637104,-0.05432768911123276
1749147224.9501405,12.378282545830182,-0.05432838946580887
1749147224.9835825,12.378283980508424,-0.05432896688580513
1749147225.0169945,12.378285887047767,-0.0543295294046402
1749147225.0504339,12.378287434475958,-0.05433037132024765
1749147225.0839653,12.37828892251129,-0.05433065816760063
1749147225.1173816,12.37828992034629,-0.05433143675327301
1749147225.1507938,12.378291874753803,-0.05433204770088196
1749147225.1841993,12.378292310590693,-0.054332420229911804
1749147225.217614,12.378293761950443,-0.05433317646384239
1749147225.251018,12.378295714218023,-0.05433352291584015
1749147225.2844226,12.378297189729498,-0.054334044456481934
1749147225.317845,12.37829875134046,-0.054334606975317
1749147225.3512847,12.378300234614699,-0.05433521792292595
1749147225.3847797,12.378301705324214,-0.05433600768446922
1749147225.418258,12.378303188747852,-0.05433648079633713
1749147225.4516742,12.378304096318598,-0.05433707684278488
1749147225.4851236,12.378305578816315,-0.05433780327439308
1749147225.5185823,12.378307548731936,-0.05433817580342293
1749147225.5519965,12.378309037558624,-0.05433876812458038
1749147225.5854006,12.37831053184884,-0.05433940142393112
1749147225.618752,12.378311968196183,-0.054340239614248276
1749147225.6521387,12.378313439916688,-0.054340776056051254
1749147225.6855185,12.378314897775526,-0.05434127151966095
1749147225.7189615,12.378315823342342,-0.05434193089604378
1749147225.7523677,12.378317814456365,-0.05434244126081467
1749147225.7897978,12.378319298273821,-0.05434307083487511
1749147225.823723,12.378321214418529,-0.05434368550777435
1749147225.857285,12.378322668240541,-0.05434420332312584
1749147225.890697,12.378323674847042,-0.05434476584196091
1749147225.9241023,12.37902924662678,-0.05366506054997444
1749147225.9575253,12.3826149032317,-0.05503904074430466
1749147225.9910343,12.38686430272829,-0.06027405709028244
1749147226.0246632,12.392097683346613,-0.07043083012104034
1749147226.0581968,12.396049532584117,-0.07816731184720993
1749147226.0971518,12.402456836146925,-0.07966063916683197
1749147226.1305575,12.41208347404345,-0.07929113507270813
1749147226.1639872,12.419368518304966,-0.08274739235639572
1749147226.197401,12.424971612206974,-0.09137705713510513
1749147226.2308373,12.43247672143256,-0.1015532910823822
1749147226.2642353,12.441426899328372,-0.10953758656978607
1749147226.2976422,12.446251093222308,-0.11735349893569946
1749147226.3310459,12.453551767235346,-0.125368133187294
1749147226.3644967,12.463347415506698,-0.1335027664899826
1749147226.3979414,12.468227825016202,-0.14239253103733063
1749147226.4313834,12.475601607961146,-0.15020938217639923
1749147226.4647841,12.483093097181577,-0.1553914099931717
1749147226.4982758,12.49072415664825,-0.16041085124015808
1749147226.5316803,12.497403280027244,-0.16777117550373077
1749147226.5650897,12.507042714278363,-0.17611007392406464
1749147226.598499,12.51396411530443,-0.1835474669933319
1749147226.6319065,12.521248149641805,-0.19142335653305054
1749147226.6653142,12.528556386384352,-0.19975414872169495
1749147226.6987176,12.53569329802638,-0.20752836763858795
1749147226.7321591,12.54331141389212,-0.21613067388534546
1749147226.7655659,12.548234246139744,-0.22443914413452148
1749147226.7990105,12.555637969570096,-0.22991110384464264
1749147226.8324127,12.563295381624862,-0.23838132619857788
1749147226.8658676,12.570700585487778,-0.24911922216415405
1749147226.8992922,12.577871720243966,-0.25732412934303284
1749147226.9326944,12.587717157371848,-0.2658168375492096
1749147226.9660823,12.59514744297704,-0.2738797664642334
1749147226.9995718,12.602299468412737,-0.2819620966911316
1749147227.0329223,12.61025027781877,-0.29280173778533936
1749147227.0663342,12.617157427760056,-0.2980794608592987
1749147227.0997393,12.62482124832928,-0.30659395456314087
1749147227.1331835,12.629759237225482,-0.3149687349796295
1749147227.1665943,12.63716844637103,-0.3205602169036865
1749147227.1999533,12.644607405729266,-0.33138999342918396
1749147227.2335138,12.652022616469598,-0.3400087058544159
1749147227.2669306,12.662162727258146,-0.34829142689704895
1749147227.300308,12.66686388406772,-0.3565576672554016
1749147227.333719,12.674527719813959,-0.3645824193954468
1749147227.3671255,12.684177581512163,-0.3728276193141937
1749147227.400598,12.691336284180718,-0.3809606730937958
1749147227.4339993,12.69925760894738,-0.38974878191947937
1749147227.467408,12.706428246562378,-0.3977930545806885
1749147227.5009747,12.711872403623948,-0.4039049446582794
1749147227.5343797,12.718807954879395,-0.4158186614513397
1749147227.5677824,12.726239547145491,-0.4238702654838562
1749147227.601192,12.73640184447648,-0.4313594698905945
1749147227.634691,12.743590680462903,-0.4394068717956543
1749147227.6680956,12.750781343473944,-0.4507823884487152
1749147227.7015004,12.758216587775236,-0.4585980474948883
1749147227.7349014,12.766154509797392,-0.46716228127479553
1749147227.7683117,12.773594451148044,-0.47299230098724365
1749147227.8017168,12.78078513584556,-0.4810487627983093
1749147227.835953,12.785742766943368,-0.4893958270549774
1749147227.8693628,12.79319315212684,-0.49761688709259033
1749147227.9027658,12.805343430233544,-0.5084078311920166
1749147227.936332,12.810304144337335,-0.5172009468078613
1749147227.9697373,12.81798693897974,-0.522434651851654
1749147228.0032175,12.82541434379663,-0.5307169556617737
1749147228.0366135,12.833099363660104,-0.5391021966934204
1749147228.0700653,12.837798038828433,-0.5472985506057739
1749147228.103463,12.847695925957705,-0.5551811456680298
1749147228.1369183,12.85512619714256,-0.5659483075141907
1749147228.1704397,12.865048235785311,-0.5739402174949646
1749147228.2038507,12.872249822210833,-0.5815753936767578
1749147228.2372677,12.879636929011896,-0.589988112449646
1749147228.2706752,12.88482861713939,-0.5987765789031982
1749147228.304075,12.894948079100356,-0.6071781516075134
1749147228.337473,12.899669580879735,-0.614894688129425
1749147228.370956,12.909558544437441,-0.6230494976043701
1749147228.4043734,12.916657880617898,-0.6316078305244446
1749147228.4379504,12.924433409878246,-0.6390963792800903
1749147228.471502,12.931598451996036,-0.6468402743339539
1749147228.5049322,12.939489761751698,-0.6581474542617798
1749147228.5383227,12.946886779582023,-0.6664873957633972
1749147228.5718515,12.953818191696882,-0.6746573448181152
1749147228.6053057,12.96154636840731,-0.6798096299171448
1749147228.6387098,12.969026084846654,-0.6875245571136475
1749147228.673075,12.976996204629938,-0.695655107498169
1749147228.706481,12.984152188802948,-0.7034727931022644
1749147228.7400925,12.99099343953084,-0.7117695808410645
1749147228.7735093,12.998784945793785,-0.7214595079421997
1749147228.8069093,13.005926440720943,-0.7299391627311707
1749147228.841187,13.015821114610217,-0.7378208637237549
1749147228.8749506,13.021338963155571,-0.7454662919044495
1749147228.9083486,13.028458445886315,-0.7541652917861938
1749147228.941753,13.038207142423193,-0.763357400894165
1749147228.9751554,13.045904421514958,-0.7720529437065125
1749147229.0090613,13.050705305993993,-0.7790732979774475
1749147229.0424693,13.060515772650508,-0.7878643274307251
1749147229.07586,13.067977976161757,-0.7953938841819763
1749147229.1098518,13.072753157073194,-0.8049281239509583
1749147229.143272,13.082590246417805,-0.8106164336204529
1749147229.1766846,13.088081313096158,-0.8182138204574585
1749147229.2100818,13.097404802818055,-0.8287899494171143
1749147229.2434824,13.104691779177363,-0.835708498954773
1749147229.27689,13.111993650867033,-0.8447625041007996
1749147229.3103058,13.11701861539715,-0.8521506190299988
1749147229.3437073,13.124290152330781,-0.8596416115760803
1749147229.3771172,13.134012640247462,-0.8703035712242126
1749147229.4105268,13.141297602326263,-0.8744933605194092
1749147229.443892,13.148207566428047,-0.8831579089164734
1749147229.4773018,13.155026467989597,-0.8920683264732361
1749147229.5107086,13.162411884455754,-0.9020205736160278
1749147229.5441055,13.169892161746318,-0.9121466875076294
1749147229.5776477,13.176952864630296,-0.9223131537437439
1749147229.611047,13.184258376008634,-0.9318667054176331
1749147229.6444433,13.191883967941768,-0.9405412077903748
1749147229.6778536,13.198742047370706,-0.9478147625923157
1749147229.7120616,13.203424603278528,-0.9567439556121826
1749147229.7454758,13.214093437864237,-0.9655871391296387
1749147229.7788823,13.218656521369649,-0.974688708782196
1749147229.8122954,13.22568131612518,-0.9840719103813171
1749147229.8458235,13.235366681610804,-0.9925318360328674
1749147229.879287,13.240501135303282,-1.0024815797805786
1749147229.9126947,13.247846665329897,-1.0114675760269165
1749147229.9461083,13.2579655832461,-1.0207043886184692
1749147229.9795036,13.264839443276731,-1.0292456150054932
1749147230.0128782,13.272353080974518,-1.0396250486373901
1749147230.0463295,13.279599545457097,-1.0508240461349487
1749147230.0798059,13.289357090334398,-1.0603506565093994
1749147230.113407,13.29694358821602,-1.0702016353607178
1749147230.146888,13.304392257348779,-1.081929326057434
1749147230.180272,13.313907794663532,-1.0911803245544434
1749147230.213819,13.321256644957916,-1.100707769393921
1749147230.247231,13.328937778118483,-1.1098905801773071
1749147230.2806447,13.333935780911707,-1.11830472946167
1749147230.3139904,13.341491495279096,-1.12522554397583
1749147230.3474205,13.348725328137622,-1.1335136890411377
1749147230.3807979,13.356343550714179,-1.1453382968902588
1749147230.414255,13.363512875727539,-1.1544175148010254
1749147230.4476647,13.373352454127264,-1.1634082794189453
1749147230.48107,13.38075623672181,-1.1721751689910889
1749147230.5144885,13.38586654288882,-1.181161642074585
1749147230.547902,13.397975254325384,-1.1887764930725098
1749147230.5813065,13.407901023762548,-1.1979447603225708
1749147230.6147032,13.417921414175938,-1.206634521484375
1749147230.6481364,13.431552698696771,-1.2157853841781616
1749147230.6815486,13.441980920098207,-1.224195957183838
1749147230.7149525,13.45241101298961,-1.2331632375717163
1749147230.7483883,13.459375879833832,-1.2422772645950317
1749147230.782128,13.469502989821175,-1.2516045570373535
1749147230.8158188,13.48034574089988,-1.2603795528411865
1749147230.8492303,13.487334197060173,-1.2693541049957275
1749147230.8826456,13.502014731246089,-1.2789037227630615
1749147230.9161074,13.511909075582816,-1.2867695093154907
1749147230.949587,13.522076079023206,-1.295769453048706
1749147230.9829924,13.532925883430993,-1.3044952154159546
1749147231.0164478,13.543493979911986,-1.3124488592147827
1749147231.0498507,13.557537249230938,-1.3212246894836426
1749147231.0832577,13.56528211310245,-1.3293020725250244
1749147231.1167076,13.574792831233722,-1.3391159772872925
1749147231.1501613,13.588862286900945,-1.3475528955459595
1749147231.183577,13.59943836132075,-1.3549726009368896
1749147231.2169807,13.611133261669746,-1.3617539405822754
1749147231.250386,13.620960372356048,-1.3695021867752075
1749147231.2838526,13.631897918124682,-1.374295711517334
1749147231.3172588,13.642130161744907,-1.3831775188446045
1749147231.351183,13.65624889356164,-1.3898591995239258
1749147231.3846354,13.666805099041504,-1.3969706296920776
1749147231.4201183,13.677396719764642,-1.4035416841506958
1749147231.4535205,13.684472288101823,-1.4076014757156372
1749147231.4869604,13.695072455731923,-1.4160447120666504
1749147231.5205057,13.705312551866124,-1.4221231937408447
1749147231.5539234,13.712714843788712,-1.4284582138061523
1749147231.5873873,13.722986399104913,-1.4330723285675049
1749147231.6208584,13.737533579432066,-1.4382694959640503
1749147231.65427,13.748104782717261,-1.4440523386001587
1749147231.6877103,13.758755237920518,-1.4484996795654297
1749147231.7212,13.76934486208801,-1.4522923231124878
1749147231.7546926,13.779957858850883,-1.459026575088501
1749147231.788098,13.790939337375827,-1.462397575378418
1749147231.821506,13.801210987564913,-1.4685331583023071
1749147231.8549633,13.811479252538023,-1.4730454683303833
1749147231.8883624,13.822486535450622,-1.4767321348190308
1749147231.9217615,13.833109114524259,-1.4808515310287476
1749147231.9551587,13.843389976377775,-1.4847077131271362
1749147231.9886165,13.854008651830078,-1.489004373550415
1749147232.0221155,13.864646517979379,-1.4926888942718506
1749147232.055512,13.87561526948678,-1.4968267679214478
1749147232.0890195,13.886252145689914,-1.4990801811218262
1749147232.123486,13.896872420077377,-1.502962350845337
1749147232.1571302,13.907854226187231,-1.5077407360076904
1749147232.190531,13.918183425665449,-1.508738398551941
1749147232.223983,13.929832552001473,-1.513472080230713
1749147232.2574785,13.939742943031817,-1.516220211982727
1749147232.2909245,13.950044315398964,-1.517376184463501
1749147232.3243709,13.960631133589407,-1.5218976736068726
1749147232.3578024,13.971608865344953,-1.5243988037109375
1749147232.3912144,13.98583511827709,-1.526026964187622
1749147232.4246655,13.996131312091956,-1.5287399291992188
1749147232.4580853,14.006784204657215,-1.5319607257843018
1749147232.4915366,14.013900567851856,-1.5343737602233887
1749147232.524992,14.024601349979706,-1.5364750623703003
1749147232.558353,14.03918474259837,-1.5391066074371338
1749147232.5917504,14.045593984560641,-1.5413364171981812
1749147232.6251552,14.060558009615223,-1.5421291589736938
1749147232.6586828,14.070837351370153,-1.544758677482605
1749147232.6920936,14.077937469383308,-1.54649019241333
1749147232.725543,14.088597678800875,-1.5482196807861328
1749147232.7590692,14.099305547058352,-1.5491905212402344
1749147232.7924771,14.1099962218848,-1.5514016151428223
1749147232.825869,14.120694107701954,-1.5524853467941284
1749147232.8593729,14.131369798173143,-1.5535178184509277
1749147232.892779,14.142401288919823,-1.554715871810913
1749147232.9262629,14.149513748071938,-1.5565087795257568
1749147232.9597452,14.1559313022238,-1.5569299459457397
1749147232.993189,14.170555063293598,-1.558532953262329
1749147233.0265918,14.180879509308506,-1.5593953132629395
1749147233.060002,14.18835488036152,-1.5606578588485718
1749147233.0934575,14.199036906434866,-1.5614361763000488
1749147233.1268961,14.209699799049488,-1.5628716945648193
1749147233.1602774,14.220363308101417,-1.563892126083374
1749147233.1982033,14.230686912592589,-1.5638371706008911
1749147233.2319157,14.241712344435769,-1.565101981163025
1749147233.2653115,14.253798815585052,-1.5662094354629517
1749147233.2987823,14.25948672764116,-1.5664763450622559
1749147233.3321805,14.273702610822033,-1.5675474405288696
1749147233.3656926,14.284012045158574,-1.5682891607284546
1749147233.4001622,14.295035424363615,-1.5688002109527588
1749147233.433575,14.302142540426248,-1.5697705745697021
1749147233.4670825,14.312825772990818,-1.5699646472930908
1749147233.5059507,14.323507895859764,-1.5713462829589844
1749147233.5396485,14.333827690255015,-1.5722203254699707
1749147233.573879,14.346283373697498,-1.5716499090194702
1749147233.6072915,14.356241353680746,-1.5722403526306152
1749147233.6406891,14.366205182918327,-1.5733693838119507
1749147233.6740885,14.37688573257885,-1.5732229948043823
1749147233.707749,14.38720084919922,-1.5736849308013916
1749147233.7413445,14.398225369888562,-1.5736392736434937
1749147233.774745,14.408891334913292,-1.573693037033081
1749147233.8082254,14.419203339530641,-1.5739070177078247
1749147233.8424404,14.427379621238705,-1.5743011236190796
1749147233.875826,14.443019226511144,-1.574555516242981
1749147233.9092498,14.451915410814696,-1.5744222402572632
1749147233.9426718,14.460972153130042,-1.5749576091766357
1749147233.9760656,14.467919783049314,-1.5759234428405762
1749147234.0095334,14.472879774641783,-1.5755609273910522
1749147234.0429757,14.477357300195118,-1.5758870840072632
1749147234.0764966,14.481103937050356,-1.5761516094207764
1749147234.1099007,14.483360259536946,-1.5768136978149414
1749147234.1433008,14.4867706912379,-1.5771807432174683
1749147234.1767051,14.488978050458284,-1.5763405561447144
1749147234.2128086,14.492264722248265,-1.5770914554595947
1749147234.246332,14.496605881095828,-1.577101707458496
1749147234.2798493,14.498650448195317,-1.5777027606964111
1749147234.3133073,14.501870502283685,-1.5777939558029175
1749147234.3467104,14.505301032433135,-1.5778847932815552
1749147234.380151,14.50839352379396,-1.5784156322479248
1749147234.4135575,14.511596035734131,-1.5791128873825073
1749147234.4469652,14.51373413149682,-1.5795629024505615
1749147234.480364,14.516950262622116,-1.5795327425003052
1749147234.5138252,14.520076529721408,-1.5802687406539917
1749147234.5472803,14.522363961568873,-1.5807300806045532
1749147234.5806792,14.52560793267301,-1.5809822082519531
1749147234.6147277,14.528811883006032,-1.5817292928695679
1749147234.648323,14.530954441640676,-1.5822581052780151
1749147234.6817217,14.53420257507311,-1.582847237586975
1749147234.7151344,14.537953009417597,-1.5831141471862793
1749147234.7485378,14.540676913331685,-1.584568738937378
1749147234.7819345,14.546382029743338,-1.5845588445663452
1749147234.8153102,14.549392868437682,-1.5850212574005127
1749147234.848726,14.554840570144778,-1.5867301225662231
1749147234.8821375,14.559296042251034,-1.587218165397644
1749147234.9155376,14.565294821796865,-1.5887631177902222
1749147234.94892,14.567622896812049,-1.590470790863037
1749147234.9823282,14.573073158293406,-1.5912706851959229
1749147235.0160642,14.575873856433368,-1.5920424461364746
1749147235.0494697,14.579577627024655,-1.5937914848327637
1749147235.0829024,14.583303142011852,-1.5945820808410645
1749147235.1164107,14.587245877237159,-1.5952035188674927
1749147235.1498544,14.59099614001816,-1.596303939819336
1749147235.1832561,14.59354756921113,-1.5986632108688354
1749147235.2166557,14.59821854355919,-1.5988367795944214
1749147235.2503624,14.601913689483839,-1.6010416746139526
1749147235.2839355,14.606762636998663,-1.601711630821228
1749147235.3173459,14.608961396988317,-1.6032345294952393
1749147235.3508582,14.612733615080444,-1.6033645868301392
1749147235.3842633,14.616863029773672,-1.6027582883834839
1749147235.417706,14.620035374066932,-1.603678584098816
1749147235.4511101,14.623352900875805,-1.6055349111557007
1749147235.4846137,14.626577724856185,-1.605853796005249
1749147235.5179677,14.62973821694457,-1.6074045896530151
1749147235.5513682,14.632811746812822,-1.6068342924118042
1749147235.5848107,14.636055572872309,-1.6082189083099365
1749147235.6182303,14.639398227804577,-1.6085028648376465
1749147235.651789,14.642086637148656,-1.607343077659607
1749147235.6852956,14.644947773001128,-1.6081057786941528
1749147235.718727,14.647715978107508,-1.6097420454025269
1749147235.7521434,14.65039282613652,-1.6094043254852295
1749147235.7855904,14.654070433903602,-1.609559416770935
1749147235.8190072,14.656769035835385,-1.6109366416931152
1749147235.8524249,14.659556917948324,-1.6108111143112183
1749147235.8858352,14.662187011982608,-1.6123003959655762
1749147235.9192486,14.664814193843448,-1.6127643585205078
1749147235.9526503,14.66731505974217,-1.6126978397369385
1749147235.9860983,14.67088966067511,-1.6142027378082275
1749147236.019503,14.672300505860838,-1.6148743629455566
1749147236.0530303,14.675591723348258,-1.614956259727478
1749147236.086474,14.678060391606826,-1.6160882711410522
1749147236.1198766,14.680425396856549,-1.6163686513900757
1749147236.1532788,14.682746263373676,-1.6169954538345337
1749147236.1866844,14.685036889497308,-1.6169041395187378
1749147236.220097,14.686532157652653,-1.6179556846618652
1749147236.2534986,14.689531133289341,-1.6168609857559204
1749147236.286884,14.691740862305304,-1.6182646751403809
1749147236.3202934,14.69324506781527,-1.617281436920166
1749147236.3537924,14.695495438170607,-1.6173216104507446
1749147236.3872805,14.697638667317534,-1.6187541484832764
1749147236.4207325,14.69966366760371,-1.618280053138733
1749147236.4541728,14.701765704677472,-1.6187645196914673
1749147236.4876668,14.703762814758045,-1.6191233396530151
1749147236.5211232,14.705728385608978,-1.6190714836120605
1749147236.554528,14.70700409952107,-1.6196892261505127
1749147236.5879564,14.708896420071493,-1.6205989122390747
1749147236.6213624,14.71079871796288,-1.6205568313598633
1749147236.6547494,14.711979030748678,-1.621301293373108
1749147236.6881502,14.713877869294679,-1.6219266653060913
1749147236.7216887,14.715714380482071,-1.6217151880264282
1749147236.755089,14.717530374500326,-1.6227484941482544
1749147236.7886055,14.719566059727084,-1.6224838495254517
1749147236.8220065,14.721190953275432,-1.6236268281936646
1749147236.8554182,14.722954199969804,-1.6232789754867554
1749147236.8888204,14.72479223102095,-1.624312400817871
1749147236.922238,14.72710162976933,-1.6241329908370972
1749147236.9556434,14.72876838513153,-1.623913288116455
1749147236.9946635,14.730454346831209,-1.6246864795684814
1749147237.028067,14.732326852320789,-1.6237295866012573
1749147237.0615191,14.7332215936849,-1.624281644821167
1749147237.094948,14.73565157576872,-1.6235276460647583
1749147237.1283646,14.736984466435976,-1.6238175630569458
1749147237.1617658,14.738512433093756,-1.6235753297805786
1749147237.195174,14.740375820305621,-1.6236040592193604
1749147237.2285788,14.741779054823064,-1.623656153678894
1749147237.261985,14.743152918237863,-1.6234779357910156
1749147237.2954154,14.744952021150796,-1.6236419677734375
1749147237.3322687,14.74627906549416,-1.6235549449920654
1749147237.3657866,14.747664562738859,-1.6235764026641846
1749147237.399193,14.748857194666236,-1.6235690116882324
1749147237.4332426,14.7496974798639,-1.623569130897522
1749147237.4666483,14.750900519411081,-1.6235686540603638
1749147237.5007088,14.752166163602961,-1.6235681772232056
1749147237.5341148,14.753769342497039,-1.6235677003860474
1749147237.567516,14.754950546162442,-1.6235666275024414
1749147237.600981,14.755727945573145,-1.6235661506652832
1749147237.6344135,14.756878216825672,-1.623564600944519
1749147237.6678534,14.758010155762141,-1.6235641241073608
1749147237.7012691,14.759161310905965,-1.6235615015029907
1749147237.7347121,14.760257266158835,-1.6235610246658325
1749147237.7682145,14.761300597550653,-1.623560905456543
1749147237.8016229,14.762398601916622,-1.6235604286193848
1749147237.8350272,14.763409597658226,-1.6235589981079102
1749147237.8684697,14.764439451905133,-1.6235584020614624
1749147237.9018667,14.76542082381538,-1.6235582828521729
1749147237.935293,14.766453034158847,-1.6235568523406982
1749147237.9687448,14.767435647339306,-1.62355637550354
1749147238.0021482,14.768082052829438,-1.6235555410385132
1749147238.0355577,14.76903894750931,-1.6235542297363281
1749147238.0689735,14.769949695737756,-1.6235549449920654
1749147238.1023762,14.770907897695144,-1.6235544681549072
1749147238.1357892,14.771880936775936,-1.6235541105270386
1749147238.1692452,14.772719054129471,-1.6235533952713013
1749147238.202666,14.77360348701251,-1.6235522031784058
1749147238.236064,14.774474085872345,-1.6235507726669312
1749147238.2694607,14.775359401860667,-1.6235495805740356
1749147238.3029149,14.776174612702127,-1.6235496997833252
1749147238.336318,14.776977630926881,-1.6235499382019043
1749147238.3699586,14.77779572386752,-1.6235499382019043
1749147238.4034057,14.778387456591316,-1.623549461364746
1749147238.4368355,14.77915728045442,-1.6235488653182983
1749147238.4702535,14.779941251781011,-1.623546838760376
1749147238.5036783,14.78071300537705,-1.6235469579696655
1749147238.537168,14.78140236734643,-1.623542070388794
1749147238.570577,14.781870921455452,-1.623544454574585
1749147238.604294,14.78203425135144,-1.6235442161560059
1749147238.6377194,14.782122248314177,-1.62354576587677
1749147238.6711562,14.78215364175763,-1.6235477924346924
1749147238.704563,14.78218434522082,-1.6235487461090088
1749147238.7379751,14.782199870648551,-1.6235486268997192
1749147238.7714248,14.782208908758493,-1.6235495805740356
1749147238.8048272,14.78221441266557,-1.6235495805740356
1749147238.8382318,14.782218115359536,-1.6235486268997192
1749147238.8716674,14.782220852709129,-1.6235491037368774
1749147238.9050763,14.782222226258847,-1.6235499382019043
1749147238.9384816,14.782224936658666,-1.6235508918762207
1749147238.9718914,14.782226771411695,-1.6235508918762207
1749147239.0052984,14.78222878802677,-1.623551368713379
1749147239.038707,14.78223022368265,-1.6235517263412476
1749147239.07256,14.782232217145383,-1.6235519647598267
1749147239.1059623,14.782233595422824,-1.6235517263412476
1749147239.139379,14.782235242495206,-1.6235511302947998
1749147239.1727886,14.782237057755106,-1.6235511302947998
1749147239.2061937,14.782238462281319,-1.6235511302947998
1749147239.2396011,14.782239831724478,-1.6235524415969849
1749147239.273051,14.782240856523238,-1.6235535144805908
1749147239.3064868,14.782242488736735,-1.6235531568527222
1749147239.3398993,14.782244271240826,-1.623552918434143
1749147239.3733306,14.782246758643014,-1.623553991317749
1749147239.4067636,14.782248130519216,-1.6235536336898804
1749147239.440651,14.78224956891443,-1.6235531568527222
1749147239.4740975,14.782250964280463,-1.6235545873641968
1749147239.507543,14.782252483393297,-1.6235535144805908
1749147239.5410802,14.782254118556219,-1.623553991317749
1749147239.5745065,14.782255495197765,-1.6235557794570923
1749147239.6080654,14.782257299170622,-1.623556137084961
1749147239.6414764,14.782259114655496,-1.6235562562942505
1749147239.6748884,14.782260619366582,-1.6235567331314087
1749147239.7089684,14.78226196712001,-1.6235569715499878
1749147239.74237,14.782264158811302,-1.6235569715499878
1749147239.77643,14.78226596280448,-1.6235575675964355
1749147239.8098404,14.782267402232403,-1.6235573291778564
1749147239.8432436,14.782269445260896,-1.6235575675964355
1749147239.8767607,14.782271242049118,-1.6235564947128296
1749147239.9101722,14.78227224808396,-1.6235575675964355
1749147239.943584,14.782273565759356,-1.623557448387146
1749147239.977034,14.782275593226101,-1.6235582828521729
1749147240.0104454,14.78227720315433,-1.6235592365264893
1749147240.0438538,14.782278577686135,-1.6235589981079102
1749147240.0772507,14.782280241874837,-1.623558759689331
1749147240.1106758,14.782281712171448,-1.623559832572937
1749147240.1441274,14.782283469008565,-1.6235594749450684
1749147240.1822162,14.78228507250461,-1.6235603094100952
1749147240.2156234,14.782286617103948,-1.6235604286193848
1749147240.2490067,14.782288130920586,-1.6235599517822266
1749147240.2824373,14.782289732866435,-1.6235607862472534
1749147240.3158631,14.782291928666147,-1.623559832572937
1749147240.3492644,14.782293728769629,-1.623561143875122
1749147240.3826842,14.78229522735021,-1.623561978340149
1749147240.4161153,14.78229724606442,-1.623562216758728
1749147240.4495165,14.782298784789397,-1.6235623359680176
1749147240.4829304,14.782300646151986,-1.6235630512237549
1749147240.5199652,14.782301512421084,-1.623563528060913
1749147240.5533984,14.782303498781088,-1.6235636472702026
1749147240.5868642,14.78230487705802,-1.6235634088516235
1749147240.6203148,14.782306539821343,-1.6235630512237549
1749147240.653741,14.782308384859467,-1.6235628128051758
1749147240.6871428,14.782310267641373,-1.623563289642334
1749147240.7205868,14.78231162036769,-1.6235631704330444
1749147240.7540014,14.782313263639665,-1.6235636472702026
1749147240.787521,14.782314644661366,-1.6235655546188354
1749147240.8209538,14.782316435669506,-1.6235653162002563
1749147240.854403,14.78231844311036,-1.623565912246704
1749147240.8878105,14.782319644405348,-1.6235653162002563
1749147240.9212103,14.782321816586133,-1.6235648393630981
1749147240.9546168,14.782323329643651,-1.6235662698745728
1749147240.9882,14.782324918573785,-1.623565673828125
1749147241.0216265,14.782326896846877,-1.623565673828125
1749147241.055023,14.782328270488689,-1.6235662698745728
1749147241.088427,14.782329638779753,-1.62356698513031
1749147241.1218443,14.782331630508201,-1.623567819595337
1749147241.1552632,14.78233366256881,-1.6235684156417847
1749147241.1887038,14.782336017713098,-1.6235686540603638
1749147241.222112,14.782338032519673,-1.6235688924789429
1749147241.2555172,14.782339902315407,-1.6235692501068115
1749147241.289198,14.782341837077105,-1.6235694885253906
1749147241.3226233,14.782344239208774,-1.6235699653625488
1749147241.3561358,14.782345848414979,-1.6235700845718384
1749147241.3895388,14.782347248144541,-1.6235700845718384
1749147241.4229455,14.78234844984211,-1.6235697269439697
1749147241.456353,14.782350981891275,-1.623569130897522
1749147241.489789,14.782351888453624,-1.623569369316101
1749147241.5231519,14.782353590893598,-1.623570203781128
1749147241.556964,14.782520150602219,-1.6244665384292603
1749147241.5905607,14.784982525145647,-1.6225404739379883
1749147241.6242466,14.791386313873511,-1.6186751127243042
1749147241.6577337,14.795236973219257,-1.613320231437683
1749147241.6911392,14.804495111521028,-1.6090792417526245
1749147241.7244961,14.811676337786091,-1.6038153171539307
1749147241.7578914,14.819033957686383,-1.5983948707580566
1749147241.7913842,14.826240936257523,-1.5931007862091064
1749147241.8250697,14.831243491916101,-1.5875864028930664
1749147241.8585043,14.838781274722583,-1.5820659399032593
1749147241.8920345,14.84659547921669,-1.5782006978988647
1749147241.925464,14.851391682079262,-1.5726701021194458
1749147241.9595382,14.859224665480058,-1.568976640701294
1749147241.9929495,14.864029072019989,-1.5634366273880005
1749147242.0263515,14.87188144287557,-1.5579781532287598
1749147242.0597606,14.879490844535356,-1.5527273416519165
1749147242.093169,14.886820037752239,-1.546947956085205
1749147242.126571,14.894412489167049,-1.5434467792510986
1749147242.1599905,14.902260246438098,-1.5378493070602417
1749147242.1934106,14.909840058795883,-1.5322858095169067
1749147242.22682,14.917181285673218,-1.526915431022644
1749147242.2602186,14.925031169605928,-1.5212998390197754
1749147242.2936711,14.930085267197358,-1.515900731086731
1749147242.327105,14.937677493236368,-1.5100489854812622
1749147242.3605103,14.94527641502081,-1.5045933723449707
1749147242.39407,14.955392869793686,-1.4991930723190308
1749147242.4275825,14.96301038196075,-1.4937665462493896
1749147242.4610088,14.97059157357928,-1.4882516860961914
1749147242.4944904,14.977932661283061,-1.4808629751205444
1749147242.5278995,14.985526281661059,-1.4754135608673096
1749147242.5614543,14.993609092474056,-1.4697917699813843
1749147242.5948603,15.000950166765463,-1.4661325216293335
1749147242.628293,15.00853761206013,-1.4606738090515137
1749147242.661832,15.013590802264924,-1.4550769329071045
1749147242.6952438,15.021424942075411,-1.449521541595459
1749147242.7286623,15.028507756637403,-1.4460148811340332
1749147242.7620397,15.036603407263776,-1.4401041269302368
1749147242.7954588,15.043942660101354,-1.4347529411315918
1749147242.8288598,15.051535746323141,-1.429214596748352
1749147242.8622756,15.059130213928986,-1.4236743450164795
1749147242.895673,15.066725214818044,-1.416286826133728
1749147242.9290695,15.074320628563639,-1.4107470512390137
1749147242.966129,15.082169815022322,-1.4052075147628784
1749147242.9995418,15.09229760419875,-1.3994828462600708
1749147243.032978,15.098627807422103,-1.3941272497177124
1749147243.0664132,15.104957959470378,-1.3885875940322876
1749147243.099817,15.112300953120332,-1.3848944902420044
1749147243.1332266,15.119897195834044,-1.3793548345565796
1749147243.1666734,15.127493525116712,-1.3738149404525757
1749147243.2001996,15.135343002308662,-1.368090271949768
1749147243.2336116,15.142686247879263,-1.3627346754074097
1749147243.267216,15.150282524994838,-1.3555335998535156
1749147243.300637,15.157879031121482,-1.349812626838684
1749147243.3340735,15.16547552265417,-1.3461228609085083
1749147243.3674963,15.173071883105948,-1.340587854385376
1749147243.4009066,15.180668228442988,-1.335052728652954
1749147243.4343517,15.188264441145147,-1.3295174837112427
1749147243.4677594,15.193328599641024,-1.3237977027893066
1749147243.5013638,15.2032036649437,-1.3186315298080444
1749147243.5350893,15.210799908668161,-1.3130966424942017
1749147243.568493,15.216117435006263,-1.307376742362976
1749147243.6020143,15.22371360612932,-1.3036863803863525
1749147243.6354427,15.228777846946578,-1.298150897026062
1749147243.6688492,15.236374094891952,-1.292615532875061
1749147243.7024856,15.247008989502165,-1.28671133518219
1749147243.7360375,15.254858576846159,-1.2798839807510376
1749147243.769445,15.264227500115977,-1.2741639614105225
1749147243.8028796,15.269291883369563,-1.268628478050232
1749147243.8363712,15.276635012513836,-1.265122652053833
1749147243.869826,15.284737925979123,-1.2575570344924927
1749147243.9038365,15.291827900063653,-1.2522059679031372
1749147243.9372342,15.299677637797792,-1.2463006973266602
1749147243.9706545,15.307020926652932,-1.242979645729065
1749147244.0041637,15.312338480536393,-1.2361514568328857
1749147244.0375717,15.322466640135202,-1.2317209243774414
1749147244.0709794,15.330063702179245,-1.2261477708816528
1749147244.1043804,15.335406217950226,-1.220751404762268
1749147244.1377842,15.345280894697979,-1.2150064706802368
1749147244.171189,15.352918877069115,-1.2099660634994507
1749147244.2047448,15.357936846905718,-1.2035269737243652
1749147244.2388842,15.367868342169384,-1.1986693143844604
1749147244.2722852,15.375710361917351,-1.1927794218063354
1749147244.3056965,15.384329971088773,-1.1865206956863403
1749147244.339103,15.388388052418055,-1.1818857192993164
1749147244.372514,15.396301298165904,-1.1786623001098633
1749147244.4059234,15.403335267639227,-1.1728159189224243
1749147244.439372,15.408972960914129,-1.1682682037353516
1749147244.4727736,15.416866864499152,-1.162589430809021
1749147244.5061436,15.423746831894512,-1.157483458518982
1749147244.5395539,15.431865191990846,-1.1518200635910034
1749147244.5730002,15.439385927951,-1.1483886241912842
1749147244.6079528,15.444298295669325,-1.1456661224365234
1749147244.641356,15.454587273151803,-1.1384481191635132
1749147244.6747756,15.462649706774037,-1.133947491645813
1749147244.7082434,15.47068374311818,-1.130331039428711
1749147244.7416084,15.477904339228866,-1.1232019662857056
1749147244.7756088,15.483388508132691,-1.1204252243041992
1749147244.8090975,15.493982178668176,-1.1181228160858154
1749147244.8427017,15.498794271974708,-1.1140854358673096
1749147244.8761039,15.504216817932605,-1.1081063747406006
1749147244.9096057,15.51167282990538,-1.1035324335098267
1749147244.9433687,15.519810134217549,-1.0971887111663818
1749147244.9767725,15.530151775673602,-1.0918043851852417
1749147245.0103395,15.53784683269188,-1.085608959197998
1749147245.0437565,15.545511803716405,-1.0776753425598145
1749147245.07716,15.553264485392367,-1.0731329917907715
1749147245.1108048,15.561045657982419,-1.0701267719268799
1749147245.1442256,15.568875807179841,-1.0659154653549194
1749147245.1776457,15.57670067123097,-1.0597074031829834
1749147245.2110035,15.584643314613093,-1.0556687116622925
1749147245.249556,15.592285261341873,-1.051032304763794
1749147245.2829762,15.599576853794291,-1.0429751873016357
1749147245.3164904,15.607738818085636,-1.0368746519088745
1749147245.3498986,15.615484924338416,-1.033071756362915
1749147245.383311,15.62319844950996,-1.0261636972427368
1749147245.4167676,15.631266849796624,-1.0232689380645752
1749147245.4501705,15.638831488330093,-1.020345687866211
1749147245.4835804,15.64552245040255,-1.0142191648483276
1749147245.5230389,15.650061122817368,-1.001393437385559
1749147245.5567043,15.656304789985034,-0.9943128228187561
1749147245.5910876,15.663426872984596,-0.9915159940719604
1749147245.624489,15.67047503863609,-0.9805544018745422
1749147245.6578975,15.677271610127713,-0.9747160077095032
1749147245.6913605,15.684626809861403,-0.9721769094467163
1749147245.7248917,15.69143791173004,-0.9656171202659607
1749147245.7582927,15.697421896203542,-0.9532089233398438
1749147245.7916896,15.702039037226502,-0.9481766819953918
1749147245.8279839,15.706733421820593,-0.9401624798774719
1749147245.8615518,15.713390011213841,-0.9317243695259094
1749147245.894957,15.720679299459666,-0.9229072332382202
1749147245.9284008,15.727727693414131,-0.914371907711029
1749147245.961805,15.735109924341588,-0.9069797396659851
1749147245.9952497,15.74210141942718,-0.8969534039497375
1749147246.028657,15.749404283921374,-0.8833512663841248
1749147246.0620582,15.759151698663363,-0.8763258457183838
1749147246.095498,15.7666966939054,-0.8670562505722046
1749147246.1290581,15.773640150368449,-0.8596193194389343
1749147246.1624534,15.780975317791684,-0.8505998849868774
1749147246.19591,15.786225449222426,-0.842698335647583
1749147246.2293513,15.795987809034086,-0.8329778909683228
1749147246.2627683,15.80325746416461,-0.8223900198936462
1749147246.297123,15.810799189036898,-0.8131864666938782
1749147246.330744,15.818198973786568,-0.8046652674674988
1749147246.3641477,15.825425351156591,-0.7966648936271667
1749147246.3976088,15.832879992878249,-0.7867146134376526
1749147246.431095,15.840065668471812,-0.7815508842468262
1749147246.4645,15.847597029096036,-0.7684292793273926
1749147246.4983234,15.854882764760255,-0.7617889046669006
1749147246.5317125,15.862344151929436,-0.7530168890953064
1749147246.5652335,15.869415606245399,-0.7398058772087097
1749147246.598682,15.876837949222253,-0.7324610948562622
1749147246.632546,15.884370527378538,-0.7213732004165649
1749147246.6659527,15.892005943654542,-0.7144352197647095
1749147246.6993058,15.9017462241746,-0.7078213691711426
1749147246.7327085,15.908662676896332,-0.6955252289772034
1749147246.766158,15.91533508451027,-0.6847531199455261
1749147246.7995722,15.922889925590631,-0.6788740754127502
1749147246.8331065,15.927847076440825,-0.6711981296539307
1749147246.8664796,15.934824204114957,-0.6605809926986694
1749147246.8998907,15.944372054628204,-0.6507328748703003
1749147246.9333282,15.951750424368809,-0.642238199710846
1749147246.9667287,15.958538210000793,-0.6316547393798828
1749147247.000159,15.966331821530446,-0.621236264705658
1749147247.033586,15.971004165024278,-0.6153818964958191
1749147247.0670018,15.978613729596233,-0.6059228181838989
1749147247.100438,15.985668561908081,-0.5967252850532532
1749147247.1338425,15.992882837004473,-0.5831246972084045
1749147247.167246,16.000335758830534,-0.5771270990371704
1749147247.2007117,16.00772637848835,-0.567959725856781
1749147247.234108,16.015005303840347,-0.5547335147857666
1749147247.267508,16.022300050426594,-0.545096755027771
1749147247.3009565,16.030075166830287,-0.5365803837776184
1749147247.3343916,16.039556970216463,-0.5270348191261292
1749147247.3677912,16.04722407667861,-0.5146884918212891
1749147247.401198,16.054290280799286,-0.5054201483726501
1749147247.434606,16.061474095345964,-0.49656087160110474
1749147247.468173,16.068982160737637,-0.48958495259284973
1749147247.5015728,16.076377065385085,-0.4800509214401245
1749147247.5350926,16.081433450013225,-0.4714795649051666
1749147247.5687675,16.088808664347173,-0.46313169598579407
1749147247.6023881,16.09592020361002,-0.4570646286010742
1749147247.6357877,16.10393767311555,-0.44885173439979553
1749147247.6692054,16.108389606130093,-0.44061413407325745
1749147247.7026076,16.11642875499443,-0.43140652775764465
1749147247.736018,16.125674114963278,-0.4238438010215759
1749147247.7694213,16.133283098932623,-0.41456735134124756
1749147247.8029182,16.14075360901869,-0.40649184584617615
1749147247.8363173,16.148171147381827,-0.39825117588043213
1749147247.869714,16.15555984201583,-0.38743504881858826
1749147247.9031203,16.162939827920848,-0.38166284561157227
1749147247.9365513,16.17057462738442,-0.37270253896713257
1749147247.9699554,16.1779350571953,-0.36643779277801514
1749147248.0033612,16.185406014557525,-0.3590605556964874
1749147248.0371628,16.19060835551309,-0.35142019391059875
1749147248.0705175,16.200434566014017,-0.3451981246471405
1749147248.1038966,16.208017268532824,-0.3365651071071625
1749147248.1373138,16.217753921510464,-0.33341073989868164
1749147248.1710117,16.227142397987812,-0.33035314083099365
1749147248.204418,16.23695947752779,-0.3255672752857208
1749147248.2378588,16.24375712781972,-0.31998541951179504
1749147248.2712665,16.25894949846519,-0.3126423954963684
1749147248.3047187,16.26814781328682,-0.3087567687034607
1749147248.3381102,16.275181691876437,-0.3050212562084198
1749147248.371536,16.285787642942367,-0.30008912086486816
1749147248.4049351,16.29633235008728,-0.29354700446128845
1749147248.4383333,16.303069251070056,-0.28999409079551697
1749147248.471746,16.317568838859156,-0.2825525403022766
1749147248.5051553,16.3280825139415,-0.27543899416923523
1749147248.5385637,16.341808351932993,-0.26606422662734985
1749147248.5720093,16.352834333363873,-0.2605390250682831
1749147248.605486,16.363463800474577,-0.25537145137786865
1749147248.6390305,16.370441451448965,-0.24715128540992737
1749147248.6723971,16.386682620367544,-0.24125052988529205
1749147248.705825,16.39518951262891,-0.23829349875450134
1749147248.7394273,16.405705279299855,-0.23198677599430084
1749147248.772839,16.41346784978513,-0.22660547494888306
1749147248.8062756,16.423054835800237,-0.2217678278684616
1749147248.8396733,16.43402938232864,-0.21847523748874664
1749147248.8731244,16.4413859699248,-0.21197755634784698
1749147248.906925,16.45160213776551,-0.2065218985080719
1749147248.9445412,16.461429344639463,-0.20361799001693726
1749147248.9780495,16.47001491283368,-0.1982707530260086
1749147249.0114815,16.473264232764176,-0.19645623862743378
1749147249.0449345,16.478130417678862,-0.19430182874202728
1749147249.078505,16.481409334297037,-0.19216319918632507
1749147249.1119041,16.484722597994484,-0.18996721506118774
1749147249.1453059,16.487958343464822,-0.1885269284248352
1749147249.1786711,16.491205454425344,-0.1865595430135727
1749147249.2120852,16.495497483892713,-0.18501298129558563
1749147249.2454956,16.497539077724554,-0.18374156951904297
1749147249.2788665,16.500709791631422,-0.18150284886360168
1749147249.3123,16.503889905039102,-0.1798425018787384
1749147249.3456995,16.507184084991355,-0.17812417447566986
1749147249.3791058,16.510379267410915,-0.17670685052871704
1749147249.4125214,16.51368678167378,-0.17600150406360626
1749147249.4461467,16.516856968359345,-0.17387224733829498
1749147249.479622,16.518906110776967,-0.17294824123382568
1749147249.5130076,16.522114178800297,-0.1720542013645172
1749147249.546417,16.52530292199249,-0.17018602788448334
1749147249.5798812,16.529570364553773,-0.16913262009620667
1749147249.6133263,16.531559993826768,-0.16710035502910614
1749147249.646749,16.536039381391785,-0.16667912900447845
1749147249.6803722,16.53981962485068,-0.16436851024627686
1749147249.7140958,16.541813871295634,-0.16295330226421356
1749147249.747541,16.545405431345507,-0.16221360862255096
1749147249.7809274,16.5489763773569,-0.16027407348155975
1749147249.8144946,16.552579333883077,-0.15923786163330078
1749147249.8484495,16.556265835998886,-0.15859806537628174
1749147249.881898,16.56082423676786,-0.15751273930072784
1749147249.9153087,16.564249889578313,-0.15572790801525116
1749147249.948705,16.567645251848653,-0.15455840528011322
1749147249.982104,16.5711159162235,-0.15440060198307037
1749147250.0155141,16.57318674039256,-0.15306469798088074
1749147250.0489812,16.576426933509257,-0.15246178209781647
1749147250.0823953,16.57971305999452,-0.15102319419384003
1749147250.1159172,16.58278593086775,-0.15071295201778412
1749147250.1493256,16.585852199719067,-0.14874699711799622
1749147250.1827574,16.5888778082343,-0.14705176651477814
1749147250.2161648,16.59288854670841,-0.14641354978084564
1749147250.2496269,16.595798518206546,-0.1450902372598648
1749147250.28308,16.598758224035777,-0.14359579980373383
1749147250.3164887,16.60046938197645,-0.14340725541114807
1749147250.349886,16.60429108491194,-0.14232714474201202
1749147250.3833027,16.606119271071115,-0.1412423998117447
1749147250.4167254,16.609717029950865,-0.14030219614505768
1749147250.4501238,16.612371620417086,-0.13946348428726196
1749147250.4835706,16.614902841206284,-0.13882634043693542
1749147250.5170937,16.617535628308882,-0.13730667531490326
1749147250.550497,16.62001982202985,-0.1363738775253296
1749147250.583912,16.622591300499735,-0.13507793843746185
1749147250.6173139,16.62510541841367,-0.13477858901023865
1749147250.650725,16.627527461744354,-0.13370835781097412
1749147250.684138,16.629843294789122,-0.1327293962240219
1749147250.7175682,16.63240317359216,-0.1326184719800949
1749147250.7510128,16.633859628956927,-0.13115669786930084
1749147250.7845137,16.63537014709344,-0.12987995147705078
1749147250.8179731,16.6383025138633,-0.12997648119926453
1749147250.8513782,16.640513906711487,-0.12934882938861847
1749147250.8848274,16.64275634466843,-0.12875322997570038
1749147250.9182782,16.644805479917192,-0.12769700586795807
1749147250.9516866,16.647720808604927,-0.12774404883384705
1749147250.9851,16.649724346479147,-0.1266874521970749
1749147251.0185173,16.652441346588063,-0.12585993111133575
1749147251.05195,16.653828586856267,-0.12485823780298233
1749147251.0853777,16.65587670389595,-0.12453396618366241
1749147251.118786,16.657753378780214,-0.12409884482622147
1749147251.152212,16.65964429261376,-0.12317574769258499
1749147251.1857233,16.661534936192957,-0.1229829415678978
1749147251.219127,16.663379923072227,-0.12153394520282745
1749147251.2526133,16.66533177800882,-0.12169774621725082
1749147251.28601,16.66708624906084,-0.12057891488075256
1749147251.3194227,16.66883921333013,-0.12005531787872314
1749147251.352834,16.670705536184382,-0.11893770098686218
1749147251.3862371,16.672381633470554,-0.11801255494356155
1749147251.4204257,16.673536787249734,-0.11761036515235901
1749147251.4538257,16.675222116371714,-0.11715996265411377
1749147251.4872096,16.677399005313553,-0.11692213267087936
1749147251.5206761,16.678667070396067,-0.11588715761899948
1749147251.554073,16.68019413657744,-0.11601835489273071
1749147251.5874705,16.68167667540448,-0.11547175794839859
1749147251.6208797,16.683286966001454,-0.1147620901465416
1749147251.654291,16.684767965461553,-0.11434176564216614
1749147251.6876938,16.68622270255428,-0.11397688835859299
1749147251.7212813,16.687730463262135,-0.11311587691307068
1749147251.7546897,16.68912695775905,-0.11242406815290451
1749147251.7880442,16.690179966970984,-0.11193524301052094
1749147251.8214772,16.69158944218424,-0.11122972518205643
1749147251.8549652,16.69346461724971,-0.11106177419424057
1749147251.8883674,16.694771971233273,-0.10989084094762802
1749147251.92183,16.69625633356585,-0.10989900678396225
1749147251.9552572,16.697473991050845,-0.10936063528060913
1749147251.9886518,16.69879709189706,-0.10849867761135101
1749147252.0221567,16.700052440516895,-0.10847421735525131
1749147252.0556273,16.701341498736063,-0.10760283470153809
1749147252.0891027,16.702950883383437,-0.10738956183195114
1749147252.122499,16.704319539814914,-0.10678699612617493
1749147252.1559188,16.704989752961957,-0.1062593162059784
1749147252.189521,16.70615755256081,-0.1055770218372345
1749147252.2229302,16.70731543406077,-0.1052267998456955
1749147252.256451,16.708447576138386,-0.10487325489521027
1749147252.2900832,16.709525146951332,-0.1045617163181305
1749147252.323774,16.710653831668797,-0.10422693192958832
1749147252.3577044,16.711740995841318,-0.10398080199956894
1749147252.39111,16.7124533278862,-0.1035086140036583
1749147252.424522,16.713494924550613,-0.103032186627388
1749147252.459253,16.71455872994959,-0.10308979451656342
1749147252.4926805,16.71557506132765,-0.10221601277589798
1749147252.526083,16.71663242233901,-0.10212601721286774
1749147252.559582,16.71755859743383,-0.10179678350687027
1749147252.5929883,16.718573508035416,-0.10130323469638824
1749147252.6264737,16.71952849501668,-0.10079719871282578
1749147252.6598978,16.72051966780983,-0.1010022833943367
1749147252.6933103,16.721420972634295,-0.10034240037202835
1749147252.726708,16.722379644522462,-0.0998300164937973
1749147252.7601273,16.723555203083645,-0.09970401227474213
1749147252.793552,16.724472068302045,-0.09959360957145691
1749147252.826977,16.725045442740814,-0.0991581380367279
1749147252.8603792,16.72589847118621,-0.09894227981567383
1749147252.8937914,16.726771027604173,-0.09878344088792801
1749147252.9271915,16.727564989697804,-0.09842394292354584
1749147252.9606519,16.728109380932175,-0.0982004851102829
1749147252.994022,16.728913791948646,-0.09791114926338196
1749147253.0274336,16.72970519132955,-0.09766320884227753
1749147253.0618997,16.730484742115852,-0.09739407151937485
1749147253.095461,16.731226567446424,-0.09723272919654846
1749147253.1288636,16.73171283403786,-0.0969606339931488
1749147253.1622238,16.73228922230936,-0.09687525779008865
1749147253.1956215,16.732437490413435,-0.09682567417621613
1749147253.229046,16.732509474867236,-0.09679633378982544
1749147253.2624593,16.732573378608297,-0.09678155183792114
1749147253.2959197,16.732595309291085,-0.09677448868751526
1749147253.3296256,16.732605802723615,-0.09677115827798843
1749147253.3630016,16.732610573512577,-0.09676961600780487
1749147253.396451,16.73261295402547,-0.09676896780729294
1749147253.4298494,16.732613426652787,-0.09676876664161682
1749147253.4634004,16.73261342180991,-0.0967688038945198
1749147253.4968033,16.732612945735916,-0.09676901251077652
1749147253.5302017,16.732612941861614,-0.09676916152238846
1749147253.563667,16.732611988964234,-0.09676939249038696
1749147253.597129,16.732611444604014,-0.09676962345838547
1749147253.6305382,16.732610947369444,-0.09676949679851532
1749147253.6639802,16.732610392865446,-0.09676904231309891
1749147253.6973944,16.732609402416543,-0.09676748514175415
1749147253.7307978,16.732608948596287,-0.09676864743232727
1749147253.764211,16.732608449770517,-0.09676878899335861
1749147253.7976515,16.732607984957948,-0.09676916897296906
1749147253.8310769,16.732607020089347,-0.09676962345838547
1749147253.864544,16.732606508723304,-0.09676989912986755
1749147253.8980637,16.732606002616894,-0.09677139669656754
1749147253.9314716,16.732605584987585,-0.09677224606275558
1749147253.964875,16.73260513972391,-0.09677320718765259
1749147253.9983134,16.73260470986048,-0.09677380323410034
1749147254.0317175,16.732604151065793,-0.09677489846944809
1749147254.0651567,16.732603636980592,-0.09677502512931824
1749147254.098593,16.732603162775597,-0.09677588194608688
1749147254.1327002,16.732603120158274,-0.0967763215303421
1749147254.1661024,16.73260265532615,-0.09677697718143463
1749147254.1995792,16.73260218456387,-0.09677708894014359
1749147254.2329667,16.732601715387922,-0.09677758067846298
1749147254.2664366,16.732601191656038,-0.09677810966968536
1749147254.2998772,16.73260074099488,-0.09677862375974655
1749147254.3332987,16.732600281061714,-0.09677931666374207
1749147254.366704,16.732600326762675,-0.09677998721599579
1749147254.4001515,16.732599789654635,-0.09678002446889877
1749147254.4335797,16.732599298472127,-0.09678015112876892
1749147254.4669876,16.732599294597826,-0.09678029268980026
1749147254.5003846,16.73260697799715,-0.09676042944192886
1749147254.5337915,16.73261133428621,-0.0967659130692482
1749147254.567206,16.73260912622277,-0.09679028391838074
1749147254.6006112,16.732614888560732,-0.09678652137517929
1749147254.6340196,16.732622790049763,-0.0968141183257103
1749147254.6674333,16.732618586445167,-0.09680742770433426
1749147254.7008672,16.732626962708885,-0.09682005643844604
1749147254.735137,16.732626973375886,-0.0968155786395073
1749147254.7686846,16.732635132783145,-0.09681211411952972
1749147254.8020825,16.732633801517597,-0.09681303799152374
1749147254.8355381,16.7326408398151,-0.09682277590036392
1749147254.8689477,16.732642277048136,-0.09681796282529831
1749147254.902392,16.73264938370009,-0.09682906419038773
1749147254.9357955,16.732645892819644,-0.09682011604309082
1749147254.9692185,16.73265451456142,-0.09682948142290115
1749147255.002622,16.73265682739472,-0.09683103114366531
1749147255.0360231,16.732661746031038,-0.09684355556964874
1749147255.0694249,16.732666832025227,-0.09685149043798447
1749147255.10285,16.732668737721042,-0.09685184806585312
1749147255.1368027,16.732671583437977,-0.09685159474611282
1749147255.1702054,16.732680617241297,-0.09685957431793213
1749147255.2036247,16.732678999031997,-0.09685860574245453
1749147255.2371519,16.7326917798483,-0.09687687456607819
1749147255.270558,16.73268487611839,-0.09686096012592316
1749147255.304022,16.732690780015087,-0.09683717042207718
1749147255.3374705,16.73269673864634,-0.09683802723884583
1749147255.3708744,16.732697757944784,-0.09683835506439209
1749147255.4050758,16.732707295303634,-0.09685700386762619
1749147255.4385073,16.7327051666482,-0.09684969484806061
1749147255.4718986,16.732706914790352,-0.09685078263282776
1749147255.5053809,16.732715231442217,-0.09681978076696396
1749147255.5388455,16.732718233758586,-0.09681416302919388
1749147255.5722642,16.732723521867232,-0.09681732207536697
1749147255.605668,16.732724425612165,-0.09683246165513992
1749147255.639117,16.73272430553453,-0.09682367742061615
1749147255.6725297,16.732735019090914,-0.09684821963310242
1749147255.7059374,16.732731793328007,-0.09683653712272644
1749147255.7393482,16.732739673287735,-0.09685485810041428
1749147255.7727482,16.732736309726352,-0.09684017300605774
1749147255.8061998,16.732750743677528,-0.09686090797185898
1749147255.8396044,16.732745759175934,-0.09684889018535614
1749147255.873004,16.732758445588267,-0.09686700254678726
1749147255.9064162,16.732752982449185,-0.0968555361032486
1749147255.9398196,16.732763897533605,-0.09687279909849167
1749147255.9732382,16.732766027326594,-0.09686313569545746
1749147256.0066824,16.732767774020516,-0.09685125201940536
1749147256.0400853,16.732774919580702,-0.09686428308486938
1749147256.0734992,16.73277247003399,-0.09685573726892471
1749147256.1068997,16.732778439377665,-0.09685496985912323
1749147256.140318,16.732919312623043,-0.09713517874479294
1749147256.1781437,16.73543222399252,-0.09518019109964371
1749147256.2115471,16.74270689526796,-0.09117048233747482
1749147256.2452939,16.747098165388607,-0.0870676264166832
1749147256.2787426,16.756829051362363,-0.08401858806610107
1749147256.3122404,16.759060439744527,-0.0791393518447876
1749147256.3456562,16.77001132133364,-0.07674392312765121
1749147256.3791225,16.777423115284655,-0.07222603261470795
1749147256.4125433,16.78572999502121,-0.06787979602813721
1749147256.4459584,16.79371396721129,-0.06615044921636581
1749147256.4795916,16.801821840576487,-0.06205544248223305
1749147256.5171607,16.81332279646424,-0.05788833275437355
1749147256.5505795,16.81864567636696,-0.05330943316221237
1749147256.5840073,16.83074432667015,-0.051168542355298996
1749147256.6174803,16.835976558363953,-0.04879393428564072
1749147256.6510327,16.846179368508533,-0.044881828129291534
1749147256.6844566,16.8544441800745,-0.04217548295855522
1749147256.7178576,16.865745503104364,-0.040630094707012177
1749147256.751263,16.871326994206143,-0.03620687127113342
1749147256.7846622,16.88031729713113,-0.03468857333064079
1749147256.8180802,16.889460880925697,-0.03283793479204178
1749147256.8514936,16.898901609233057,-0.028613517060875893
1749147256.8848963,16.90820554600319,-0.02598561905324459
1749147256.918407,16.917494371891223,-0.022488119080662727
1749147256.9518235,16.92340295406406,-0.020006824284791946
1749147256.9852686,16.933097088501587,-0.018186308443546295
1749147257.018673,16.945417996659664,-0.016203071922063828
1749147257.0520792,16.95557747963287,-0.014400309883058071
1749147257.0854769,16.964812865266904,-0.011769995093345642
1749147257.1188855,16.974095090493513,-0.008689592592418194
1749147257.1522818,16.98410259878196,-0.008111990056931973
1749147257.1858118,16.994084129839464,-0.004808989819139242
1749147257.2192187,17.00027217573251,-0.0034251606557518244
1749147257.252914,17.010020272564375,-0.0017238041618838906
1749147257.2864027,17.0197591657604,0.0009013503440655768
1749147257.3197603,17.029543677660566,0.0030112594831734896
1749147257.3531878,17.039381008102808,0.004643796943128109
1749147257.3865952,17.048895451667867,0.006133722141385078
1749147257.4370074,17.06004774899783,0.0034882444888353348
1749147257.4704318,17.063515148331025,0.002844849368557334
1749147257.503941,17.065757161257977,0.002396120922639966
1749147257.537425,17.067736274884474,0.0023677165154367685
1749147257.5709026,17.068924362019697,0.0018623284995555878
1749147257.604379,17.07072126832985,0.001294814981520176
1749147257.6377773,17.07717799082766,0.000358709366992116
1749147257.6711836,17.085275681398926,-0.0011278793681412935
1749147257.7045865,17.09808697348984,-0.002631044015288353
1749147257.7379937,17.10828245192543,-0.003855066606774926
1749147257.771386,17.11872512284391,-0.004280971363186836
1749147257.8048797,17.12927146716718,-0.005947557743638754
1749147257.8382826,17.139874346608476,-0.006841563619673252
1749147257.8716917,17.150858386058708,-0.0072713750414550304
1749147257.9054399,17.160818890576998,-0.006420046091079712
1749147257.9388402,17.171824987829268,-0.006691252812743187
1749147257.9722419,17.18247582025169,-0.007668229751288891
1749147258.0056832,17.189582040112363,-0.007167404983192682
1749147258.0391378,17.199887844700054,-0.006919939070940018
1749147258.072541,17.210561670031318,-0.0068099964410066605
1749147258.105926,17.22515421445025,-0.005596054717898369
1749147258.1393795,17.232640058697253,-0.004909292329102755
1749147258.1727848,17.242965656138974,-0.003103438997641206
1749147258.20621,17.253657816174062,-0.0017178065609186888
1749147258.2396703,17.264364352116875,-0.0021281668450683355
1749147258.2731445,17.275009600826632,-0.000900524843018502
1749147258.3065495,17.285583018019544,0.0018566135549917817
1749147258.3402727,17.296192039169178,0.002062491374090314
1749147258.3737643,17.30682657605877,0.0030506800394505262
1749147258.407186,17.317474386202477,0.004602686036378145
1749147258.4413128,17.32813057343773,0.005935084540396929
1749147258.474934,17.335235064259965,0.007131080608814955
1749147258.5083375,17.349111089530403,0.007271099835634232
1749147258.5417356,17.360843442710525,0.008162586949765682
1749147258.575143,17.370800442828017,0.008245343342423439
1749147258.608547,17.37827550855424,0.008240743540227413
1749147258.6419554,17.392504482812324,0.008985915221273899
1749147258.675379,17.402448304508496,0.009634065441787243
1749147258.7088432,17.41346359902883,0.009910338558256626
1749147258.7422774,17.42804244055056,0.010266337543725967
1749147258.7756917,17.43479589394812,0.010423160158097744
1749147258.809405,17.4458096333681,0.01082834042608738
1749147258.8428595,17.45648041471981,0.01114607322961092
1749147258.8762627,17.471399493556977,0.011259939521551132
1749147258.9096732,17.480998933618373,0.011205177754163742
1749147258.9430733,17.48810649726943,0.011904623359441757
1749147258.9764748,17.498774226183038,0.012105901725590229
1749147259.0098805,17.513017487607854,0.012056543491780758
1749147259.0433142,17.51977407639289,0.011939185671508312
1749147259.0767186,17.530792507776145,0.012476867996156216
1749147259.1101258,17.54500834416097,0.012461467646062374
1749147259.1435297,17.555679691110743,0.01263431180268526
1749147259.1772015,17.562784062002653,0.012891633436083794
1749147259.2106156,17.577038755447543,0.012375867925584316
1749147259.2440643,17.58772279286852,0.012799695134162903
1749147259.2775924,17.59839835697806,0.012916152365505695
1749147259.3110027,17.60908089217346,0.01262684352695942
1749147259.34446,17.61619669080538,0.01262486632913351
1749147259.3780923,17.626861124430864,0.012573094107210636
1749147259.4114769,17.637525158405303,0.012447287328541279
1749147259.446082,17.64783444936992,0.012583322823047638
1749147259.4794898,17.658855285913834,0.01236672792583704
1749147259.512938,17.673426993394756,0.012111065909266472
1749147259.546396,17.683732985309536,0.012045864015817642
1749147259.5798824,17.694038428154254,0.01190236397087574
1749147259.613289,17.70150100583521,0.011939859949052334
1749147259.646704,17.712161743372256,0.011775673367083073
1749147259.6801083,17.726730570452737,0.011812836863100529
1749147259.713514,17.737035570841833,0.011703737080097198
1749147259.7479653,17.7448523493916,0.011665474623441696
1749147259.7813718,17.75835482015786,0.011633881367743015
1749147259.8147826,17.7658167377813,0.0114956796169281
1749147259.848312,17.77647562536841,0.011110934428870678
1749147259.8816934,17.78677948150307,0.011054706759750843
1749147259.9150963,17.800635708991646,0.01102505810558796
1749147259.9485075,17.808097103873674,0.010536832734942436
1749147259.9819052,17.81911506657567,0.0110698863863945
1749147260.016245,17.832980760276843,0.010473847389221191
1749147260.0496442,17.843289029759582,0.01078258641064167
1749147260.0833223,17.85572660175471,0.01045347098261118
1749147260.116753,17.861411850712148,0.01054305024445057
1749147260.1501515,17.873136845211725,0.010438601486384869
1749147260.18361,17.879176699704836,0.010364187881350517
1749147260.2170198,17.89338701931211,0.01022251509130001
1749147260.2504294,17.903688998102737,0.01016321312636137
1749147260.2838302,17.91434575951627,0.010071025229990482
1749147260.3172612,17.925357369149552,0.010036096908152103
1749147260.3507197,17.93601255843409,0.009845630265772343
1749147260.3845558,17.946668505262952,0.009875345975160599
1749147260.4179783,17.95732450369986,0.00961210485547781
1749147260.4513674,17.967986765553636,0.008932888507843018
1749147260.4848154,17.97829359321657,0.009406681172549725
1749147260.5182192,17.988962456229068,0.009524631313979626
1749147260.5516162,17.9999833934843,0.00860128179192543
1749147260.5850163,18.010664075996832,0.008131430484354496
1749147260.618418,18.021729812645564,0.009019424207508564
1749147260.65184,18.032076446419943,0.008555326610803604
1749147260.6852524,18.042777869933943,0.007464767899364233
1749147260.718653,18.049902158812912,0.007814288139343262
1749147260.752567,18.057013152840454,0.008023925125598907
1749147260.7859683,18.067680767570256,0.00792941264808178
1749147260.8193774,18.081871723367634,0.007099313195794821
1749147260.8528924,18.092526513176928,0.006799948401749134
1749147260.8863456,18.10318217857223,0.0072257257997989655
1749147260.9197474,18.113853032042496,0.007052154280245304
1749147260.9531498,18.124542141206,0.00667598657310009
1749147260.9867184,18.134872912838606,0.006577439606189728
1749147261.020208,18.1459139335308,0.006669113412499428
1749147261.0536778,18.15303120604997,0.0064484975300729275
1749147261.087076,18.16370519355032,0.006226473022252321
1749147261.1208134,18.170463080377182,0.006295307073742151
1749147261.1542258,18.186471427826465,0.0058970702812075615
1749147261.1876328,18.195717516262594,0.00597776286303997
1749147261.2210758,18.206381488400247,0.005689334589987993
1749147261.25458,18.216703069961888,0.005440877750515938
1749147261.2879918,18.22772765271109,0.005397424567490816
1749147261.321418,18.238406960955796,0.005228671710938215
1749147261.3548198,18.249427737361156,0.00527312234044075
1749147261.3882225,18.256553190666445,0.004305372945964336
1749147261.4216917,18.26761956674615,0.004969235975295305
1749147261.4551432,18.27761697055878,0.00472054211422801
1749147261.488571,18.28795489466427,0.0046912855468690395
1749147261.5219688,18.30005982979994,0.004405772779136896
1749147261.5555627,18.31038158403088,0.0044225663878023624
1749147261.5889697,18.32353836790218,0.004130450543016195
1749147261.622461,18.334216691202336,0.004041654523462057
1749147261.6561706,18.345232604313725,0.003895307658240199
1749147261.689573,18.355902200788833,0.0034538020845502615
1749147261.723006,18.362660039301904,0.003655552165582776
1749147261.756483,18.377238902323185,0.003522411221638322
1749147261.7898448,18.383990082575526,0.00358826806768775
1749147261.8233125,18.394656803269267,0.003201353130862117
1749147261.856747,18.4063965500974,0.003120443318039179
1749147261.8906913,18.416358687703866,0.0031586349941790104
1749147261.9241307,18.427034162884727,0.003091169521212578
1749147261.9575408,18.437705756058417,0.0029679988510906696
1749147261.9911077,18.44837255059915,0.002773370360955596
1749147262.024644,18.455482152219233,0.0025459453463554382
1749147262.0581462,18.46614906060271,0.0026318414602428675
1749147262.0915248,18.47290396328459,0.0026319383177906275
1749147262.1249793,18.483577489778618,0.0024957358837127686
1749147262.1584723,18.497800587130083,0.0024283146485686302
1749147262.1919196,18.508466474675476,0.0021778736263513565
1749147262.2253373,18.51948715540062,0.002138009062036872
1749147262.2591522,18.529794475208664,0.002072799950838089
1749147262.2928586,18.54152559073782,0.0019188992446288466
1749147262.3271034,18.551480082899253,0.002005556598305702
1749147262.3605642,18.56215072613829,0.0018600437324494123
1749147262.3959196,18.569260420053567,0.0020689647644758224
1749147262.4293222,18.57993866856485,0.0016756210243329406
1749147262.4627204,18.59061126170966,0.0018991404213011265
1749147262.4964385,18.605559169164287,0.0017907308647409081
1749147262.529849,18.615152175899386,0.0017193058738484979
1749147262.563252,18.62617761864267,0.0017078102100640535
1749147262.596721,18.633294876490943,0.0015008318005129695
1749147262.6301153,18.643974175855313,0.0018033802043646574
1749147262.6635308,18.658950651586743,0.0012433703523129225
1749147262.69697,18.665006512979677,0.0014393802266567945
1749147262.7303765,18.676043371570657,0.001174513017758727
1749147262.7638297,18.686731223180505,0.0013142284005880356
1749147262.7972426,18.698483299348638,0.0008676349534653127
1749147262.8306763,18.70880587679117,0.0009197070030495524
1749147262.8642924,18.71840554034378,0.0006826269091106951
1749147262.8977728,18.72942620853506,0.0007326136692427099
1749147262.931197,18.739730639493803,0.00045415671775117517
1749147262.9646032,18.75075321064526,0.0004938074853271246
1749147262.9980114,18.76141146096631,0.00015323753177653998
1749147263.031735,18.770925320123652,-0.00016698181570973247
1749147263.0651822,18.777767952286265,-4.322982931626029e-05
1749147263.0986023,18.78240570896752,-0.0005131561774760485
1749147263.1320646,18.786921502779336,-0.0006326568545773625
1749147263.165473,18.79036360226524,-0.00016756888362579048
1749147263.198848,18.794965208165372,-0.0009256683988496661
1749147263.2322516,18.798176326586653,-0.0006895052501931787
1749147263.2656977,18.80144368793239,-0.0004280862049199641
1749147263.2991042,18.80587660538186,-0.0009287823340855539
1749147263.3325217,18.809099420850618,-0.00022897598682902753
1749147263.3660262,18.812312452351485,-0.0010441129561513662
1749147263.3998947,18.814442687032702,-0.001257436815649271
1749147263.4333007,18.81762416755803,-0.000828718242701143
1749147263.466753,18.820722775487734,-0.0005983811570331454
1749147263.5002108,18.82405971061835,-0.0005266047082841396
1749147263.5335994,18.827283564496287,-0.00010940555512206629
1749147263.5670567,18.83050536831115,-0.0006946111097931862
1749147263.6006913,18.833715485247087,5.5534037528559566e-05
1749147263.6340978,18.837994916425227,0.00021042577282059938
1749147263.6675005,18.84132203883143,-0.00029928397270850837
1749147263.7009976,18.844329951605104,0.00011478467786218971
1749147263.737111,18.848719834694318,0.0002699886099435389
1749147263.7705305,18.851263510271252,-6.0648668295471e-05
1749147263.8039098,18.85510420883242,0.0005601487355306745
1749147263.8373148,18.860502152738626,0.0001836820738390088
1749147263.8707235,18.86430832236017,0.0008359046187251806
1749147263.904122,18.868226589522045,0.001350540667772293
1749147263.9375265,18.872089027006137,0.0012893812963739038
1749147263.9709299,18.874501867761687,0.0014978325925767422
1749147264.004336,18.87853302154779,0.0009498539729975164
1749147264.0377822,18.882133373464022,0.0010748814092949033
1749147264.0717032,18.885059360971596,0.0014834924368187785
1749147264.1051614,18.889374901759954,0.0014204955659806728
1749147264.1386132,18.892928864290823,0.0009948882507160306
1749147264.1720774,18.89630584407641,0.0016512400470674038
1749147264.205512,18.899857034243492,0.0015362940030172467
1749147264.2389205,18.90334519459173,0.0006495562265627086
1749147264.2723348,18.905459816723663,0.0006652217707596719
1749147264.305705,18.908657799037204,0.0013113666791468859
1749147264.339114,18.912030578876163,0.0013756768312305212
1749147264.3739765,18.91516897510603,0.0007059849449433386
1749147264.4073894,18.91850783497616,0.0011849059956148267
1749147264.4408503,18.920605426414312,0.0013819376472383738
1749147264.474261,18.92375833877654,0.0009030412184074521
1749147264.507678,18.9266636504829,0.00024049979401752353
1749147264.5411046,18.92969956933846,-7.667044701520354e-05
1749147264.5745137,18.932496834591703,0.0009057659772224724
1749147264.607897,18.93523433228184,0.0008927448070608079
1749147264.6412957,18.93720010368332,1.2334696293692105e-05
1749147264.6746976,18.940000427909272,0.00022917349997442216
1749147264.7081034,18.94284717391711,1.2973673619853798e-05
1749147264.7439408,18.945465364596906,0.00033853366039693356
1749147264.7773435,18.94822272456958,-0.0005180854350328445
1749147264.810777,18.95172670784317,-0.0003104062925558537
1749147264.844351,18.953359729335652,-0.0003061991883441806
1749147264.8777766,18.95590817320044,-0.0003249920846428722
1749147264.9111836,18.959241368186124,-0.0007825865177437663
1749147264.9445963,18.961701991320407,-0.0007250263006426394
1749147264.9782004,18.964097469767815,-0.0016775104450061917
1749147265.0115676,18.966415117618826,-0.0014963120920583606
1749147265.0449805,18.968832593087942,-0.002306571463122964
1749147265.0784848,18.97118253078993,-0.002784774173051119
1749147265.1126606,18.973467086739596,-0.003577087540179491
1749147265.1460676,18.97572639662131,-0.004315085709095001
1749147265.1796415,18.977960253205982,-0.0046186004765331745
1749147265.213027,18.980069953622685,-0.0044025336392223835
1749147265.2464378,18.98228210787476,-0.005462557077407837
1749147265.2799761,18.984406089361133,-0.005186592694371939
1749147265.3133895,18.986464102571823,-0.005217540543526411
1749147265.3468914,18.989142178917874,-0.00595055753365159
1749147265.3802962,18.99112260011015,-0.005418569315224886
1749147265.4137013,18.993070191801788,-0.005649871192872524
1749147265.4472191,18.99428801832238,-0.005606493446975946
1749147265.4864595,18.99624875106535,-0.005471095908433199
1749147265.519978,18.998052052142018,-0.005291045177727938
1749147265.5533803,19.00056458209232,-0.005815139040350914
1749147265.5867834,19.002315754798893,-0.006044994108378887
1749147265.6201985,19.004165656249498,-0.005595245864242315
1749147265.6536078,19.005922556156936,-0.005937540903687477
1749147265.6871767,19.007650383608564,-0.006191232707351446
1749147265.7205927,19.009385904095197,-0.005577174946665764
1749147265.754008,19.01051909111686,-0.006531712133437395
1749147265.7875419,19.013082120879055,-0.00607531052082777
1749147265.8209548,19.014617952616685,-0.006859398912638426
1749147265.854362,19.016258373872002,-0.0059306132607162
1749147265.8877647,19.017968694905527,-0.007150915917009115
1749147265.9211738,19.019544047881247,-0.006258166395127773
1749147265.95458,19.021114232057293,-0.006938155274838209
1749147265.988137,19.022601413769618,-0.007287501357495785
1749147266.0219426,19.024082390779743,-0.0065452465787529945
1749147266.055489,19.025542594962236,-0.006893823854625225
1749147266.0889444,19.026977030565646,-0.006889342796057463
1749147266.1224034,19.02839196109246,-0.007138819899410009
1749147266.1558297,19.029800895136706,-0.006765644531697035
1749147266.1892135,19.031253940790243,-0.00763071421533823
1749147266.222619,19.032610105690303,-0.007198134902864695
1749147266.2559977,19.033906318508564,-0.007377962581813335
1749147266.289397,19.035097733216414,-0.00804970134049654
1749147266.322803,19.0368089192588,-0.007420259993523359
1749147266.3564358,19.038028835908403,-0.008495374582707882
1749147266.3898277,19.039270939903147,-0.00795670971274376
1749147266.4232333,19.04047106146188,-0.008064101450145245
1749147266.4566813,19.04162463674792,-0.00857353676110506
1749147266.490078,19.042393366519278,-0.008712963201105595
1749147266.5235422,19.044070730544924,-0.00802091509103775
1749147266.5569506,19.045155846629985,-0.007897174917161465
1749147266.5904155,19.046241083203427,-0.008743979036808014
1749147266.6238194,19.04744852205355,-0.00885115098208189
1749147266.6572275,19.048506243248227,-0.008257203735411167
1749147266.6906435,19.04951190225436,-0.008162017911672592
1749147266.7240558,19.050457901534124,-0.008589787408709526
1749147266.7580101,19.051446110035755,-0.009033255279064178
1749147266.7914276,19.052451292375014,-0.008508353494107723
1749147266.825098,19.053181285341374,-0.00828910619020462
1749147266.858628,19.054191643341813,-0.008453800342977047
1749147266.8920484,19.05544064529716,-0.008895880542695522
1749147266.9255116,19.056406950672297,-0.008356226608157158
1749147266.9590418,19.057390899714846,-0.008259817957878113
1749147266.9924495,19.058314827070276,-0.008671456016600132
1749147267.0258765,19.059212721200247,-0.009240547195076942
1749147267.0592835,19.059777058595955,-0.008593825623393059
1749147267.0927284,19.060432241392025,-0.008506051264703274
1749147267.1261454,19.061598689657572,-0.008481191471219063
1749147267.1597571,19.062402426768386,-0.009003502316772938
1749147267.1931617,19.063234270388893,-0.008393027819693089
1749147267.2265725,19.064356238369175,-0.008416409604251385
1749147267.2600002,19.06516862647284,-0.008754529990255833
1749147267.2933998,19.06595591314063,-0.00898711383342743
1749147267.3268008,19.066754005307928,-0.008742570877075195
1749147267.3601995,19.06750963846882,-0.008764328435063362
1749147270.3638616,19.06924504229634,-0.008765267208218575
1749147270.399519,19.070001460591886,-0.008816760964691639
1749147270.4329154,19.077308111139548,-0.00896845106035471
1749147270.6005542,19.09402170115709,-0.009415232576429844
1749147270.6358957,19.095509475013728,-0.009334026835858822
1749147270.6693199,19.10119319487294,-0.00971173495054245
1749147270.7027283,19.106161174202192,-0.009707523509860039
1749147270.7361495,19.115494795089553,-0.010055416263639927
1749147270.7697482,19.122004286971663,-0.011112340725958347
1749147270.8031611,19.13213291874035,-0.011116907000541687
1749147270.8365643,19.14250805186531,-0.009948336519300938
1749147270.8700178,19.15264072337526,-0.010387700982391834
1749147270.9034991,19.163477935652878,-0.012186704203486443
1749147270.940871,19.17718137454901,-0.01094274315983057
1749147270.9744596,19.187697262679677,-0.008794974535703659
1749147271.0078707,19.198511453887253,-0.009808908216655254
1749147271.041279,19.205500107443935,-0.011650782078504562
1749147271.074695,19.21600944307322,-0.00976272951811552
1749147271.1080923,19.22657571754186,-0.009447403252124786
1749147271.1415617,19.236800144020656,-0.010134178213775158
1749147271.1751645,19.248117804619262,-0.009540809318423271
1749147271.208581,19.258393707740254,-0.007843567989766598
1749147271.2420557,19.26901061720731,-0.008208063431084156
1749147271.2759438,19.279964138116714,-0.009216115809977055
1749147271.309516,19.29022363006391,-0.007588925771415234
1749147271.3430445,19.301217719330484,-0.008140936493873596
1749147271.3765504,19.31152076432643,-0.007222325075417757
1749147271.4100745,19.322190717486407,-0.00719797145575285
1749147271.4435127,19.336420670819983,-0.007121635600924492
1749147271.4769115,19.343534652388648,-0.006186295300722122
1749147271.510355,19.35421171787148,-0.005740031134337187
1749147271.5437548,19.36489321052732,-0.00607113353908062
1749147271.5771966,19.375570152291562,-0.00622512074187398
1749147271.6106162,19.383040008294913,-0.005520968697965145
1749147271.6440272,19.397242563845253,-0.004817000590264797
1749147271.6774313,19.407902903964867,-0.005017878487706184
1749147271.7108376,19.417804563366523,-0.004242753144353628
1749147271.744238,19.42877417393041,-0.002566068898886442
1749147271.7777052,19.435870572186374,-0.0026536164805293083
1749147271.8111043,19.44653160835259,-0.0019136948976665735
1749147271.8445122,19.461127883213273,-0.0021112430840730667
1749147271.87827,19.471470373609957,-0.0009646117105148733
1749147271.9118173,19.47824150834432,-0.0010799054289236665
1749147271.9452293,19.49250957766329,-0.000995082431472838
1749147271.979017,19.50036303619023,-8.489954052492976e-05
1749147272.0124266,19.510700900558163,7.63020507292822e-05
1749147272.0458417,19.521381114346998,0.00038330204552039504
1749147272.0792828,19.528142668776944,0.00016744137974455953
1749147272.1127303,19.54379057054683,0.00029407910187728703
1749147272.146157,19.55338741831163,0.0005821158993057907
1749147272.1796293,19.56406773467133,0.0009594868752174079
1749147272.2131398,19.571207970417934,0.0001315279077971354
1749147272.2465456,19.581902628455712,0.0006121621700003743
1749147272.279928,19.592569712690633,0.0010919194901362062
1749147272.316138,19.606785313658875,0.000133173874928616
1749147272.3496041,19.613899751592918,0.00026199588319286704
1749147272.383003,19.62424532015093,0.0006695921765640378
1749147272.4163826,19.635300325427597,0.0006001309957355261
1749147272.4497826,19.64598435546453,0.0005888020386919379
1749147272.48315,19.656663626772463,0.0007985855918377638
1749147272.5168808,19.667336299101702,0.0011076400987803936
1749147272.5503328,19.67800214368383,0.0007488043629564345
1749147272.5837348,19.688671933937332,0.001094306819140911
1749147272.6187913,19.69223009547663,0.0008614593534730375
1749147272.6521943,19.711489915687785,0.0020794111769646406
1749147272.6856015,19.720387751900333,0.0020764518994838
1749147272.7190099,19.731424792429877,0.0024439424742013216
1749147272.752412,19.73854773204305,0.0020474588964134455
1749147272.7858105,19.749215606728626,0.002349203685298562
1749147272.8194325,19.763403954997962,0.003276307135820389
1749147272.8528585,19.773706109806547,0.004198133014142513
1749147272.8863592,19.78862738894623,0.00396478408947587
1749147272.9198089,19.79499940292849,0.004788279999047518
1749147272.9532106,19.805600753629257,0.003055860986933112
1749147272.9866493,19.81656447005655,0.0033814706839621067
1749147273.0200658,19.823620449336264,0.004738733172416687
1749147273.0534763,19.83457433981228,0.003711669472977519
1749147273.0868838,19.844447058398337,0.0032759271562099457
1749147273.1202877,19.85502483453372,0.004976808093488216
1749147273.153687,19.866025761718316,0.00427699601277709
1749147273.1873991,19.876689285486066,0.004932532552629709
1749147273.2207973,19.887705438596676,0.005068876314908266
1749147273.2542093,19.898009166926364,0.004978700540959835
1749147273.2877293,19.909026821976372,0.004478051792830229
1749147273.321127,19.919705486540227,0.0050002941861748695
1749147273.354569,19.93002620771348,0.004797580651938915
1749147273.3880064,19.940363398927758,0.004220244474709034
1749147273.421404,19.95107023355894,0.005377458408474922
1749147273.4548118,19.958576524554054,0.004958811681717634
1749147273.4882097,19.969297302862962,0.005513434298336506
1749147273.5217714,19.979997960424004,0.005641208030283451
1749147273.5551646,19.99067809398876,0.005371985957026482
1749147273.5885916,20.001000572186534,0.00506439246237278
1749147273.6219814,20.012029889096606,0.005862686317414045
1749147273.655382,20.02272418840681,0.005788608454167843
1749147273.688789,20.033042113650247,0.006981613114476204
1749147273.7222035,20.04476996279418,0.005436137318611145
1749147273.755647,20.056155440642335,0.005849392153322697
1749147273.7890542,20.068570539069743,0.0060508823953568935
1749147273.8224633,20.079166009366702,0.00645581167191267
1749147273.8559098,20.089737870669687,0.005479949060827494
1749147273.889331,20.100638854451436,0.0071600438095629215
1749147273.9227414,20.107696868670956,0.006555511616170406
1749147273.956147,20.117921379380068,0.005650951527059078
1749147273.9896052,20.128865909297275,0.00679120235145092
1749147274.023023,20.139492127947097,0.006956382188946009
1749147274.0566425,20.15370923892569,0.007244229316711426
1749147274.090052,20.164056356657618,0.006429764442145824
1749147274.1234531,20.17513306295155,0.007212386932224035
1749147274.1568763,20.18549206633937,0.006172614637762308
1749147274.1904345,20.196542489682034,0.0074476208537817
1749147274.2238367,20.20721439708459,0.006808964069932699
1749147274.2572362,20.217855813439265,0.005673845298588276
1749147274.290731,20.228136363393123,0.006842656992375851
1749147274.3241317,20.235602955784376,0.00645578233525157
1749147274.3575287,20.246311125625112,0.006560522597283125
1749147274.3909323,20.25346448119869,0.006119594443589449
1749147274.42433,20.268099617798438,0.006065532565116882
1749147274.4578762,20.27487547065959,0.005860785022377968
1749147274.4912753,20.285537658734345,0.0058991387486457825
1749147274.5247345,20.29974738932276,0.006527259014546871
1749147274.5581486,20.310769320652742,0.006608848925679922
1749147274.591643,20.320740339165834,0.006222040858119726
1749147274.6250641,20.32823627073284,0.0074843429028987885
1749147274.658474,20.3389393091768,0.007014011032879353
1749147274.6919112,20.346417665610396,0.006341749336570501
1749147274.7253857,20.356731886589024,0.006460435688495636
1749147274.758847,20.367402950168874,0.006438242271542549
1749147274.7922618,20.378781203725968,0.0062800124287605286
1749147274.8256397,20.392287177867583,0.006697067525237799
1749147274.8590393,20.40294683980471,0.007947172969579697
1749147274.892554,20.41004066685065,0.007599269039928913
1749147274.9259744,20.420327266565387,0.00667272275313735
1749147274.9594789,20.43170103721279,0.006855427753180265
1749147274.9929054,20.441652007133907,0.006872652098536491
1749147275.0263934,20.4523129349359,0.006425890605896711
1749147275.0598626,20.459421467350644,0.005624872632324696
1749147275.0932746,20.470043241533013,0.0041094073094427586
1749147275.1269314,20.480973823370178,0.006231388542801142
1749147275.1603584,20.488063017177087,0.006035922095179558
1749147275.1937964,20.499134123922843,0.0064763836562633514
1749147275.2273679,20.509150296292823,0.005692415405064821
1749147275.260779,20.519902493601652,0.006153541151434183
1749147275.294215,20.53099282813259,0.004372376948595047
1749147275.3277974,20.54169864321044,0.005580213386565447
1749147275.3612382,20.552762873509245,0.00445620808750391
1749147275.3947432,20.559543915646437,0.004846598953008652
1749147275.4281485,20.57381097388098,0.004497962072491646
1749147275.4615307,20.58092731795514,0.0045171137899160385
1749147275.4949389,20.595530525964197,0.004910018760710955
1749147275.5283403,20.606213259208346,0.005708639044314623
1749147275.5627792,20.61651319519263,0.005884157493710518
1749147275.5961776,20.630693982198807,0.003641340881586075
1749147275.6295807,20.641316106277227,0.003975516650825739
1749147275.6629922,20.651917143647854,0.0050856187008321285
1749147275.6999066,20.662536980058757,0.005339186638593674
1749147275.733308,20.672794400383495,0.004187180195003748
1749147275.7667499,20.68414475952766,0.0047591933980584145
1749147275.8001492,20.6954776057225,0.003914543427526951
1749147275.8336363,20.705034425819928,0.005068900994956493
1749147275.8670375,20.715683276141753,0.004525110591202974
1749147275.9004476,20.726361833015606,0.004765491932630539
1749147275.933827,20.737046385320035,0.0038303518667817116
1749147275.9672277,20.747378070864343,0.004260316491127014
1749147276.000625,20.75841701866409,0.004285221919417381
1749147276.0340245,20.76909363273001,0.004410759545862675
1749147276.067473,20.78012187628264,0.004201434552669525
1749147276.1008923,20.79010330307863,0.004511241801083088
1749147276.1342907,20.800832356184802,0.003811438335105777
1749147276.1677113,20.81188550325436,0.0047855861485004425
1749147276.2011611,20.822935088940163,0.0038928852882236242
1749147276.2345657,20.833302951095053,0.004487222526222467
1749147276.2679958,20.84364830678225,0.003994008991867304
1749147276.3013997,20.854682903207287,0.0033085851464420557
1749147276.334809,20.865371564826695,0.0047743855975568295
1749147276.3682125,20.87637738661142,0.004777849186211824
1749147276.4016194,20.886657267761926,0.0036796333733946085
1749147276.4350638,20.89768155964129,0.004632814321666956
1749147276.46847,20.90870986766971,0.004471967928111553
1749147276.5018854,20.918292312822906,0.0033400708343833685
1749147276.5352905,20.928964486105997,0.003873715875670314
1749147276.5687535,20.94354121691029,0.0032859656494110823
1749147276.6021585,20.950653901199203,0.0035597532987594604
1749147276.6358118,20.961327222734585,0.002989282598719001
1749147276.6693435,20.97202521429473,0.00352261820808053
1749147276.7027473,20.982702608445397,0.0035371757112443447
1749147276.7361498,20.993738558301644,0.0030844425782561302
1749147276.7695894,21.003682260436168,0.0038180581759661436
1749147276.8031292,21.014702807278656,0.0022667860612273216
1749147276.8366153,21.025391691866695,0.002205528551712632
1749147276.8700674,21.0360842965691,0.0021521311718970537
1749147276.9034727,21.043207434079036,0.0025141697842627764
1749147276.9368534,21.05746124750874,0.0015539746964350343
1749147276.97025,21.068163745150514,0.002288258634507656
1749147277.003681,21.075285858892588,0.0021168605890125036
1749147277.0370882,21.085597862092587,0.0018843183061107993
1749147277.070604,21.100159692847377,0.0022464701905846596
1749147277.1040154,21.11120048519114,0.000901778053957969
1749147277.1374185,21.121178867438974,0.0011863646795973182
1749147277.170825,21.13222243403315,0.0011806266847997904
1749147277.2042768,21.142536442158676,0.001266157254576683
1749147277.2377188,21.153557076075177,0.0009557654266245663
1749147277.2719,21.160658244850957,0.0017758795293048024
1749147277.3053138,21.1748690660515,0.0013429010286927223
1749147277.3387609,21.185174442251157,0.0011793874436989427
1749147277.3721466,21.196223397642413,0.0006537979352287948
1749147277.4055586,21.20691598737279,0.0012132319388911128
1749147277.4389117,21.2190251714997,-5.015888382331468e-05
1749147277.472337,21.228282509922057,-0.0004486197140067816
1749147277.5057445,21.238949405837694,-0.0007516818004660308
1749147277.5391796,21.249949146027927,0.0002725672966334969
1749147277.5725865,21.26378237752996,0.0009525397908873856
1749147277.605996,21.274429198926843,0.0004928384441882372
1749147277.639482,21.285071455743953,0.0006245859549380839
1749147277.6728818,21.29567291422848,0.002088709734380245
1749147277.7062917,21.302739629998406,0.0005929226754233241
1749147277.7397733,21.313030193483506,0.0015059817815199494
1749147277.77318,21.32401618316585,0.0006165951490402222
1749147277.806589,21.334628207012123,-0.00017683787154965103
1749147277.8399987,21.345253386134498,0.0008560672868043184
1749147277.873451,21.355906273841068,0.001978926360607147
1749147277.9074693,21.366577248082947,0.002141307108104229
1749147277.9408875,21.376887427901753,0.0020437627099454403
1749147277.97436,21.38756945328759,0.0005439827800728381
1749147278.0078082,21.39505975067974,0.00044859174522571266
1749147278.0412123,21.409340158209478,0.0009167538955807686
1749147278.0746467,21.416836980073064,0.00047786449431441724
1749147278.1080642,21.426840148539455,0.0008476537186652422
1749147278.141483,21.43433795315327,0.00048336174222640693
1749147278.174928,21.44539486419838,0.0005495585501194
1749147278.20843,21.455749183829383,3.3358155633322895e-05
1749147278.2419846,21.46646213029168,0.001640288275666535
1749147278.2754066,21.476802133787682,0.001113307778723538
1749147278.3088264,21.487487052432535,0.00034992361906915903
1749147278.342266,21.498530594800506,-9.287147258874029e-05
1749147278.3756788,21.509208900726495,-0.0004540375084616244
1749147278.4091313,21.519886268105516,-0.0006168159889057279
1749147278.442531,21.534480327279713,-0.00019571339362300932
1749147278.4759822,21.54124189372202,-0.0003573637513909489
1749147278.5096347,21.55333832721548,-0.000656226126011461
1749147278.5433302,21.563312947526917,-0.0013714543310925364
1749147278.5767782,21.573288342747162,-0.0009512541582807899
1749147278.6102316,21.583613912136684,-0.0015636621974408627
1749147278.643634,21.594632112989757,-0.001926065539009869
1749147278.677205,21.60531239001833,-0.001189212896861136
1749147278.711088,21.61601486936822,-0.0019232233753427863
1749147278.7445574,21.62672273120692,-0.001680506276898086
1749147278.7779653,21.637430437504957,-0.0005463085253722966
1749147278.8114176,21.651686177526113,-0.000745820056181401
1749147278.844816,21.663437552148377,-0.0015672431327402592
1749147278.8782609,21.673065072958465,-0.0005998361157253385
1749147278.911935,21.68017494455376,-0.0011890128953382373
1749147278.945409,21.690825909962477,-0.002001128625124693
1749147278.9788227,21.69828174590354,-0.001573155983351171
1749147279.0122263,21.708228526585323,-0.0014477405929937959
1749147279.0456398,21.722795987837483,-0.0014538774266839027
1749147279.0839832,21.733450352849676,-0.00029568877653218806
1749147279.1173933,21.74052376399483,-0.0010114285396412015
1749147279.1509392,21.7557000960021,-0.002070743590593338
1749147279.1843371,21.76489528920014,-0.0012519254814833403
1749147279.2178237,21.775531687424635,-0.0014978931285440922
1749147279.251181,21.789734789210485,-0.001489421003498137
1749147279.2845788,21.797195498369582,-0.0020568433683365583
1749147279.318019,21.808222000751403,-0.0022192648611962795
1749147279.3514645,21.82211311675104,-0.0014318611938506365
1749147279.384885,21.82888135647638,-0.0014552043285220861
1749147279.418313,21.843128644998565,-0.0006602141656912863
1749147279.4524207,21.85419380309899,-0.001694423845037818
1749147279.4858296,21.86169441716703,-0.0010008736280724406
1749147279.519975,21.875605896954347,-0.0014614955289289355
1749147279.5534217,21.8859401001047,-0.0010130108566954732
1749147279.5868738,21.897366291747012,-0.0018829911714419723
1749147279.6203377,21.907718346403218,-0.0008819967624731362
1749147279.6537733,21.918778267946056,-0.0016105450922623277
1749147279.6871827,21.92946226247908,-0.0011658206349238753
1749147279.720588,21.93976594248608,-0.0009123482159338892
1749147279.7540493,21.950423626351153,-0.0018471099901944399
1749147279.787643,21.961086641798996,-0.0010817510774359107
1749147279.8210826,21.96819627460097,-0.0009806815069168806
1749147279.8544898,21.983818500645107,-0.0012551960535347462
1749147279.8879817,21.99339392613216,-0.002114895498380065
1749147279.9213874,22.00369455136466,-0.0012750260066241026
1749147279.954794,22.01437000547395,-0.0013054695446044207
1749147279.9882221,22.021483587243544,-0.0019248565658926964
1749147280.0216248,22.032485403524298,-0.0017966575687751174
1749147280.0549936,22.042710530109254,0.0001084768446162343
1749147280.094488,22.053640193993388,-0.0006542456103488803
1749147280.1279871,22.060360869723688,0.00010458337055752054
1749147280.1619973,22.07487901894127,-1.4926198673492763e-05
1749147280.195626,22.088670649491274,-0.0011274415301159024
1749147280.229018,22.096470765424094,-0.0007577848737128079
1749147280.2624097,22.107130937319013,-0.00012055823754053563
1749147280.2958167,22.120639778661445,-0.00046655599726364017
1749147280.3292413,22.131272629992772,-0.0004534714389592409
1749147280.3626754,22.141846208869307,0.0014253034023568034
1749147280.3962653,22.152400464699195,0.000437688926467672
1749147280.4320765,22.15911437986966,0.0006923706969246268
1749147280.4656062,22.173997546864847,0.0011369952699169517
1749147280.4990199,22.185357698144703,0.0007575171766802669
1749147280.5325565,22.19494786171824,0.0008820050861686468
1749147280.5659738,22.205621591374793,0.0003686582203954458
1749147280.5994542,22.215926225638157,0.0008393164607696235
1749147280.632878,22.227267215201884,0.0021576350554823875
1749147280.6662893,22.237886364838342,0.001159451436251402
1749147280.6997938,22.248522857824028,0.0020472235046327114
1749147280.7382472,22.255291924800282,0.0013420658651739359
1749147280.771652,22.266370614648913,0.0017982387216761708
1749147280.8050554,22.280243003446646,0.00040147642721422017
1749147280.838569,22.290930170661714,0.0009085456258617342
1749147280.8720038,22.301576128274032,-0.000277346873190254
1749147280.9054027,22.312190004796836,0.000559053965844214
1749147280.93881,22.322852291118448,0.0008655554847791791
1749147280.9722276,22.333516594932984,0.002325496170669794
1749147281.0056343,22.3444960542315,0.0027553755789995193
1749147281.0390353,22.354741243822083,0.0014081378467381
1749147281.0782142,22.36530814573326,-0.0010380769381299615
1749147281.111632,22.377247070531755,-0.0003199006605427712
1749147281.145077,22.386400589799894,0.0005668688099831343
1749147281.178511,22.393466362494316,1.5708697901573032e-05
1749147281.2118962,22.404120297897364,0.000543274509254843
1749147281.245313,22.41484182209022,0.00048661770415492356
1749147281.2787278,22.425515874674954,0.0013628823217004538
1749147281.3122208,22.43261785140098,0.00020942285482306033
1749147281.3456337,22.443294510277045,0.0007017111056484282
1749147281.3790448,22.45431813125085,0.0006887069903314114
1749147281.4153533,22.464624719760877,-5.801140650874004e-05
1749147281.448762,22.475301393295542,0.0011190033983439207
1749147281.482165,22.482772543603478,0.000836821913253516
1749147281.5155728,22.493087475921204,0.0008398021454922855
1749147281.549023,22.507316517862062,0.001179231214337051
1749147281.5824404,22.517626608289188,0.0005723588983528316
1749147281.615859,22.529009692252913,0.00040635617915540934
1749147281.649351,22.539331326188236,0.0006660951185040176
1749147281.6827633,22.553557306233042,0.0006565630319528282
1749147281.716939,22.560667881176315,0.0003067132201977074
1749147281.7504184,22.571325188240674,6.985206709941849e-05
1749147281.7838228,22.581971075689008,0.0006095860153436661
1749147281.8172286,22.593694604285158,0.00020234881958458573
1749147281.8506494,22.60331067162469,0.0007241151761263609
1749147281.8840594,22.613633242735485,0.000268321018666029
1749147281.9175436,22.624656888760953,-2.159559699066449e-05
1749147281.9509435,22.635325702518085,0.0005596029222942889
1749147281.984354,22.646355996050556,7.489337440347299e-05
1749147282.017761,22.656674786653575,-0.0002694538270588964
1749147282.0512943,22.667334986762313,-0.0004695714160334319
1749147282.08474,22.678337527852214,1.3935698007117026e-05
1749147282.1181617,22.692196336925548,0.00044806982623413205
1749147282.1515646,22.702819610054405,0.0010810877429321408
1749147282.1851776,22.713478355160607,-0.0005156536353752017
1749147282.2185946,22.724171209768976,0.0002714698202908039
1749147282.2520027,22.734856217423296,2.799394314934034e-05
1749147282.2854545,22.745530150323823,0.00033134015393443406
1749147282.3188982,22.752645694363206,-0.0008814985631033778
1749147282.352311,22.766881453399925,-0.000601764942985028
1749147282.385739,22.777563724664017,-0.0006841748836450279
1749147282.4191446,22.788268989330234,0.00034917794982902706
1749147282.4525526,22.798943477742153,0.00013428325473796576
1749147282.485957,22.809619123351787,-0.0008301291381940246
1749147282.5193598,22.821048357621702,-0.0007338952273130417
1749147282.5535982,22.834194301379316,-0.0018103413749486208
1749147282.5870233,22.845214106237737,-0.0007583688129670918
1749147282.6204681,22.859455633459433,-0.0012829354964196682
1749147282.6538908,22.869755521534216,-0.0018939379369840026
1749147282.6928678,22.880761879655235,-0.0013320175930857658
1749147282.7265062,22.89177583724457,-0.0005738254985772073
1749147282.759938,22.901717011540008,-0.001337765483185649
1749147282.7933507,22.917341262817537,-0.0010771076194941998
1749147282.8268006,22.926944809999082,-0.0006352399359457195
1749147282.8602002,22.93761942151022,-0.0014776255702599883
1749147282.893659,22.94830171680424,-0.0014556503156200051
1749147282.9272113,22.95897714527255,-0.0010874634608626366
1749147282.960617,22.96964397736332,-0.0005768044502474368
1749147282.994018,22.98031300001059,-0.0013982487143948674
1749147283.0274577,22.987070770518635,-0.0010796906426548958
1749147283.060901,22.998100918235075,-0.0008656231802888215
1749147283.0945454,23.012326834267984,-9.734652121551335e-05
1749147283.12794,23.01942824485049,0.0002498198300600052
1749147283.1613243,23.03078046415741,-0.0007353198598138988
1749147283.1947389,23.041439727259643,-9.592594142304733e-05
1749147283.2281501,23.051743261402358,-0.00025428831577301025
1749147283.2618597,23.06240821074211,-0.0002657701843418181
1749147283.2953436,23.07622815676015,0.000509999692440033
1749147283.3287556,23.086814602206626,0.0023722981568425894
1749147283.3621616,23.097388299961686,0.0018363703275099397
1749147283.3956823,23.10796410156961,0.0007126337150111794
1749147283.4291065,23.119300161201092,0.001605701632797718
1749147283.4625108,23.126036829011014,0.00040951024857349694
1749147283.495905,23.135979131587632,0.0007700265268795192
1749147283.5293527,23.146992177632935,0.0005815731128677726
1749147283.5627549,23.157652360195158,0.0005608993233181536
1749147283.5961857,23.16830346830497,-0.0003336174413561821
1749147283.6296215,23.178940319342562,0.0006431675865314901
1749147283.6630187,23.189576916629207,0.0015441610012203455
1749147283.6964798,23.203783939690524,0.0011562962317839265
1749147283.7298808,23.210903295059026,0.002116910647600889
1749147283.7637875,23.22156546569725,-0.00046842111623845994
1749147283.7975528,23.235833690915047,-0.000726371246855706
1749147283.8309557,23.24649214167565,-0.0019441619515419006
1749147283.8644214,23.257108979774777,0.0005563140730373561
1749147283.8978243,23.2677164783297,-0.0010485142702236772
1749147283.9312317,23.278611621406867,-0.0015988616505637765
1749147283.9646466,23.29224924686782,-2.4327278879354708e-05
1749147283.9981058,23.30280139417481,-0.0018294592155143619
1749147284.0316234,23.313076743072035,-0.0003181668580509722
1749147284.0650458,23.32409960229941,-0.0009650616557337344
1749147284.098456,23.331567904617696,-0.0010750931687653065
1749147284.1321652,23.345441008704125,-0.001074177329428494
1749147284.1655948,23.356823074537573,-0.0006519706803373992
1749147284.1989932,23.3664276838899,-1.0863669558602851e-05
1749147284.2323978,23.377452214779392,-0.0006059191655367613
1749147284.265901,23.387774036107814,-0.0013023922219872475
1749147284.2993968,23.398810067866336,-0.0008742617792449892
1749147284.3327532,23.413036004078922,-0.0006856025429442525
1749147284.3661568,23.42370863453978,-0.0007957068155519664
1749147284.399558,23.430468338822763,-0.0013144819531589746
1749147284.4329634,23.441488093882977,-0.0011260451283305883
1749147284.466499,23.451788732443745,-0.0006372742936946452
1749147284.4999797,23.462807668656442,-0.0017919932724907994
1749147284.5333784,23.473482301642186,-0.0013358284486457705
1749147284.566741,23.48380014086757,-0.0014853125903755426
1749147284.6002028,23.49482561480763,-0.0015882272273302078
1749147284.6339438,23.508698953386837,-0.0021074372343719006
1749147284.667358,23.516170954416015,-0.0016639630775898695
1749147284.7008126,23.52684065577645,-0.0017169704660773277
1749147284.7342556,23.53714326388647,-0.0018486861372366548
1749147284.7676778,23.551719169747813,-0.0015050936490297318
1749147284.8011215,23.558827844584307,-0.0013457509921863675
1749147284.8345244,23.569492320784992,-0.0015494170365855098
1749147284.8679013,23.579847377984862,-0.0007739425054751337
1749147284.9013073,23.590908319815743,-0.0012392442440614104
1749147284.9347336,23.601605875105456,-0.0017339523183181882
1749147284.9681332,23.615873965840475,-0.0010952830780297518
1749147285.0015764,23.626522281576005,-0.002228362951427698
1749147285.0349803,23.63718244498962,-0.0013938264455646276
1749147285.0684094,23.648208027363484,-0.0017210597870871425
1749147285.1018918,23.658527691894655,-0.001188925700262189
1749147285.1353,23.669207115487506,-0.001718955347314477
1749147285.1689203,23.683803036256137,-0.0010304480092599988
1749147285.2023375,23.690562656678875,-0.0005629376973956823
1749147285.235738,23.704816207225658,-0.0013027332024648786
1749147285.2691445,23.711939124844218,-0.00044318201253190637
1749147285.3025532,23.722620089535667,-0.0016530149150639772
1749147285.335912,23.733300415596418,-0.001513872528448701
1749147285.3693893,23.74005045683065,-0.0009955172426998615
1749147285.4039104,23.75139445609343,-0.0007526754052378237
1749147285.4373133,23.761660785960423,0.001241242978721857
1749147285.4709074,23.7719408869334,0.0014985442394390702
1749147285.5043128,23.78256255660291,-0.00027376454090699553
1749147285.5377018,23.793582314693783,-0.0003357802634127438
1749147285.5711372,23.804240568555095,-0.00014755729353055358
1749147285.6045463,23.818469421310013,-0.0001275072863791138
1749147285.6379607,23.82913533810525,-0.0005293852300383151
1749147285.6714127,23.840126977663285,-0.0009238179191015661
1749147285.7048204,23.846860099874114,0.0007312698871828616
1749147285.738257,23.85750432042027,0.00109625153709203
1749147285.7716613,23.86814355362622,0.0006698174984194338
1749147285.8050983,23.878810388517646,0.00021365737484302372
1749147285.8385036,23.889493503286147,-0.000251173012657091
1749147285.8718894,23.900536119640662,-0.00017432126333005726
1749147285.9052892,23.910856472373045,0.0005576321855187416
1749147285.9386961,23.921162927223303,-0.0009405500604771078
1749147285.972152,23.935741668727868,-0.001187206944450736
1749147286.0056138,23.94285414514545,0.000510357553139329
1749147286.0390966,23.957088110768936,-0.0001437273749615997
1749147286.072534,23.967710475570733,0.0008053565979935229
1749147286.1059313,23.974778169887788,2.5230314349755645e-05
1749147286.1393344,23.98505121257318,-0.0006515412824228406
1749147286.1728156,23.995710557577645,-0.0007268536719493568
1749147286.206433,24.00674464785817,-0.00013975086039863527
1749147286.2398312,24.01741442694355,-0.0007914651650935411
1749147286.273259,24.029490843616315,-0.0008750766282901168
1749147286.3066676,24.0394444446586,-0.0005302553763613105
1749147286.34008,24.04940374090614,-0.001180051825940609
1749147286.373516,24.060075373201645,-0.0008876799256540835
1749147286.4068937,24.070743203048767,-0.0011013300390914083
1749147286.4403243,24.077856646233705,-0.0008838744834065437
1749147286.473728,24.08853031408653,-0.0015314685879275203
1749147286.5071366,24.102756298680962,-0.0011179607827216387
1749147286.5406077,24.1137770206277,-0.0014704740606248379
1749147286.5740542,24.12444101267144,-0.0013576389756053686
1749147286.6074684,24.13083732949278,-0.001547842170111835
1749147286.6411254,24.1418542520876,-0.0017271590186282992
1749147286.6746914,24.152159691188015,-0.0017719254828989506
1749147286.7081034,24.16317563704419,-0.0019417105941101909
1749147286.7415063,24.173835853691337,-0.0020125452429056168
1749147286.7748938,24.184140351451475,-0.002116505056619644
1749147286.8083668,24.19870880087749,-0.0023279115557670593
1749147286.84175,24.2093681043145,-0.0025171549059450626
1749147286.8751469,24.220026450898857,-0.0026355597656220198
1749147286.9085484,24.230684913823797,-0.003080948954448104
1749147286.9419465,24.24489477831977,-0.0030530616641044617
1749147286.975496,24.251999794092573,-0.0034017369616776705
1749147287.0089297,24.262301539660314,-0.003541291691362858
1749147287.0423288,24.27331388705288,-0.0038736676797270775
1749147287.0757325,24.284325874032962,-0.003450507763773203
1749147287.1091707,24.29498329325774,-0.0036357217468321323
1749147287.142782,24.305285970847606,-0.003778707003220916
1749147287.176664,24.31594256925006,-0.004017840605229139
1749147287.210116,24.330152287621168,-0.003743894165381789
1749147287.243521,24.340808783907107,-0.0038498120848089457
1749147287.277409,24.351466267803794,-0.003977516666054726
1749147287.3108108,24.36212264786002,-0.0038832291029393673
1749147287.344218,24.369227503086652,-0.0037468650843948126
1749147287.3776479,24.38308163158885,-0.0037997316103428602
1749147287.4110637,24.39764542178184,-0.00399837177246809
1749147287.4444683,24.408301687086567,-0.003671349724754691
1749147287.477913,24.4189581862941,-0.0038108881562948227
1749147287.5113485,24.429258855330144,-0.0037363709416240454
1749147287.544758,24.4367185557389,-0.003767223097383976
1749147287.5790389,24.45128030670864,-0.003737645223736763
1749147287.6124227,24.458383235271246,-0.003526547458022833
1749147287.6461666,24.469038645962094,-0.0034684434067457914
1749147287.679601,24.47933838660245,-0.0034569804556667805
1749147287.7130005,24.490347660795162,-0.0034526512026786804
1749147287.7464194,24.504554541426547,-0.0032777744345366955
1749147287.7798467,24.51485425586306,-0.003228722605854273
1749147287.813255,24.525508703140165,-0.0031134465243667364
1749147287.8466601,24.532611680630048,-0.00304042617790401
1749147287.8800695,24.542911359281952,-0.0029392216820269823
1749147287.9134848,24.553920640717074,-0.003010848769918084
1749147287.9468863,24.568127619852817,-0.003048489335924387
1749147287.9803724,24.575230511180205,-0.0027230430860072374
1749147288.0138988,24.585885885374932,-0.002621742896735668
1749147288.0472987,24.596541347292238,-0.0026881792582571507
1749147288.0806973,24.607552493504635,-0.002642159815877676
1749147288.1141055,24.61820786516075,-0.002467458602041006
1749147288.147546,24.628152748942313,-0.0022922861389815807
1749147288.1809485,24.6388081856923,-0.0023072296753525734
1749147288.2143962,24.64981937188456,-0.0024035812821239233
1749147288.2478054,24.66047571241963,-0.002270677825435996
1749147288.281261,24.67113109504862,-0.002130288863554597
1749147288.318656,24.681786484809844,-0.0020075845532119274
1749147288.3520558,24.69599245111142,-0.0020282238256186247
1749147288.3854632,24.704161633897723,-0.001966714859008789
1749147288.4189067,24.7148160705082,-0.0018725249683484435
1749147288.4523132,24.727956733868655,-0.0017417011549696326
1749147288.4857745,24.73861115228114,-0.0015543944900855422
1749147288.5191743,24.7457150835213,-0.0015722836833447218
1749147288.5525758,24.759922006198096,-0.0016465800581499934
1749147288.5859797,24.77057740139107,-0.0015461459988728166
1749147288.6194527,24.777681274130646,-0.0012217260664328933
1749147288.6533327,24.78833765959351,-0.0014205899788066745
1749147288.6868072,24.799348802725614,-0.001415180740877986
1749147288.7202134,24.810715662026574,-0.0014627263881266117
1749147288.7536132,24.820305854545936,-0.0015798144740983844
1749147288.7870178,24.830962212711164,-0.0015877682017162442
1749147288.8206642,24.8455248741325,-0.001671451609581709
1749147288.8541093,24.852628789246374,-0.0016896177548915148
1749147288.8875127,24.863283376897016,-0.002073257463052869
1749147288.9210048,24.8771364603581,-0.001955293817445636
1749147288.9545367,24.88566228951937,-0.0018044355092570186
1749147288.987993,24.899871331714856,-0.002466237172484398
1749147289.0214748,24.905556306421033,-0.002834491664543748
1749147289.0548818,24.916215597167305,-0.0027806374710053205
1749147289.0882833,24.92722876579528,-0.0031066329684108496
1749147289.1216834,24.937531666272147,-0.003618467366322875
1749147289.1550806,24.948189896932096,-0.003232085146009922
1749147289.1884835,24.958845557330925,-0.003672000952064991
1749147289.2220292,24.969504220270885,-0.004159810487180948
1749147289.2554357,24.980164482520475,-0.004080272279679775
1749147289.2889519,24.990822837271114,-0.0039061412680894136
1749147289.3223982,25.002190316372392,-0.004845154471695423
1749147289.3558278,25.013209476077996,-0.0050220428965985775
1749147289.3892353,25.022802179122994,-0.0058038122951984406
1749147289.4227185,25.03346602978087,-0.005141465459018946
1749147289.4561212,25.040941354601365,-0.0058020418509840965
1749147289.4895947,25.054850809426174,-0.005131702404469252
1749147289.523031,25.06589592104777,-0.005747723393142223
1749147289.5564353,25.075873227095627,-0.006123382598161697
1749147289.5898387,25.09012754086,-0.005691680125892162
1749147289.6232889,25.097630870678806,-0.0052521671168506145
1749147289.6566985,25.108007008464195,-0.006501116324216127
1749147289.6901,25.118723512173,-0.0059840003959834576
1749147289.7234828,25.129778253136195,-0.005616241134703159
1749147289.7568898,25.14049449104768,-0.006055851466953754
1749147289.7903073,25.151190663674953,-0.005681218113750219
1749147289.8250916,25.161864104033338,-0.00534050352871418
1749147289.8585222,25.176081141486993,-0.005750154610723257
1749147289.89194,25.186743070789564,-0.005252530332654715
1749147289.9254234,25.19741242673803,-0.004425315652042627
1749147289.95886,25.20839535209554,-0.0045028431341052055
1749147289.992479,25.218711488774257,-0.005677690729498863
1749147290.0259035,25.229371297627882,-0.004994529765099287
1749147290.0594683,25.23611731279626,-0.004513055086135864
1749147290.0928822,25.2474896844918,-0.0033638300374150276
1749147290.1262903,25.26133667620371,-0.004392565693706274
1749147290.1597416,25.27160175653432,-0.0049269297160208225
1749147290.1931572,25.282580745489224,-0.003423391142860055
1749147290.2267435,25.292874036432554,-0.003216912504285574
1749147290.2602112,25.303868015920436,-0.004355934448540211
1749147290.2936592,25.311311262943452,-0.0036244892980903387
1749147290.3271477,25.32517006418392,-0.0031822347082197666
1749147290.3605723,25.335836256432405,-0.0038155587390065193
1749147290.3940141,25.342591421982018,-0.0040701888501644135
1749147290.4274328,25.35362361576502,-0.004008370917290449
1749147290.4613082,25.364292182820225,-0.003205944551154971
1749147290.4947119,25.374954034326244,-0.002600679872557521
1749147290.5281148,25.389144355653976,-0.003365244483575225
1749147290.5616944,25.399797231037304,-0.003853025147691369
1749147290.595111,25.406549334526243,-0.0035265465267002583
1749147290.6285172,25.420776862288946,-0.002250074176117778
1749147290.661962,25.428214618870225,-0.0022718177642673254
1749147290.6955378,25.43885390941124,-0.0033711963333189487
1749147290.729062,25.44916235573036,-0.0033025501761585474
1749147290.7624695,25.46372872416189,-0.002539468463510275
1749147290.7958755,25.474389122629844,-0.0029807689134031534
1749147290.829366,25.485051360421874,-0.003048448357731104
1749147290.8629117,25.49926579197632,-0.0027873197104781866
1749147290.89698,25.506372536485607,-0.0026538323145359755
1749147290.9305434,25.517032882242205,-0.002236726926639676
1749147290.9639964,25.52768585450383,-0.0030425868462771177
1749147290.997411,25.539060020065325,-0.0037435132544487715
1749147291.030814,25.54865652022853,-0.0029665082693099976
1749147291.064275,25.559692246626927,-0.0021857307292521
1749147291.097788,25.566815289736823,-0.0022541384678333998
1749147291.131197,25.577510863237904,-0.0023499345406889915
1749147291.1645982,25.588193843860097,-0.0018412739736959338
1749147291.1980577,25.598818904442183,-0.0010480169439688325
1749147291.2321327,25.60913138339411,-0.0019366905326023698
1749147291.2655442,25.619803910173857,-0.0011547390604391694
1749147291.2989557,25.630471616467943,-0.0004556219791993499
1749147291.3323872,25.641492297912137,-0.00021823871065862477
1749147291.3658214,25.655711618341254,-0.0005362164229154587
1749147291.3994575,25.66635655236221,-0.0005134018138051033
1749147291.432859,25.677011016115813,-3.844736511382507e-06
1749147291.4667869,25.684116853534835,-0.00023721304023638368
1749147291.5002468,25.69975520580628,-0.0002330304851057008
1749147291.533645,25.70508624285853,-6.583953654626384e-05
1749147291.5681624,25.716104995203146,8.762178185861558e-05
1749147291.601536,25.730323328426625,0.00018446447211317718
1749147291.6349416,25.737432016124856,0.00013987788406666368
1749147291.6683419,25.747741242861046,0.00033878168324008584
1749147291.70174,25.7587590428681,0.0002948013716377318
1749147291.7352002,25.769423026874318,0.0002243945637019351
1749147291.7686017,25.7797398837723,0.0003929987142328173
1749147291.8020165,25.790762452069444,0.00038656953256577253
1749147291.83678,25.797869250993667,0.0006321571418084204
1749147291.8708782,25.812820007053812,0.00021081769955344498
1749147291.9042935,25.822449328625755,0.0008448492735624313
1749147291.9377048,25.83351580128357,0.00017804268281906843
1749147291.971129,25.844591948805938,0.0011380119249224663
1749147292.0045347,25.85138977092988,0.0005876832874491811
1749147292.037941,25.86176782298085,0.001335547654889524
1749147292.07138,25.872490044772448,0.000932919152546674
1749147292.104784,25.883558508763677,0.0013908174587413669
1749147292.139939,25.89389351363815,0.0013351603411138058
1749147292.1734319,25.904923727057394,0.0013582963729277253
1749147292.2068272,25.911692050918457,0.001657194341532886
1749147292.2402883,25.927359933915938,0.0013677701354026794
1749147292.273704,25.9373211496596,0.0017554975347593427
1749147292.3074589,25.947636066106117,0.0014305167132988572
1749147292.3411956,25.958303923790428,0.0016861234325915575
1749147292.375037,25.969676562939593,0.0018299085786566138
1749147292.4084759,25.97643048155536,0.0017046896973624825
1749147292.4420054,25.989598806062276,0.0015311072347685695
1749147292.475431,25.996204029914963,0.001805319800041616
1749147292.508835,25.999933826752063,0.00162033480592072
1749147292.5423927,26.004071867529888,0.0017994773807004094
1749147292.5759566,26.00805630388551,0.0016833801055327058
1749147292.6097927,26.010430989345995,0.0018523760372772813
1749147292.6434073,26.0139586214046,0.001694809296168387
1749147292.6768498,26.018366573583375,0.0019740439020097256
1749147292.7102518,26.0215118439476,0.002062454354017973
1749147292.7436519,26.024747665707434,0.0020102423150092363
1749147292.7771401,26.027965374405245,0.0020279341842979193
1749147292.8105474,26.031184061341836,0.0021022206638008356
1749147292.843953,26.03439697639805,0.0020362536888569593
1749147292.8825634,26.036529397045065,0.0020508342422544956
1749147292.9160056,26.04112608753687,0.001966245239600539
1749147292.949429,26.04412165623598,0.0021687892731279135
1749147292.982938,26.048287271714596,0.001965045463293791
1749147293.01638,26.051489779375522,0.0022109311539679766
1749147293.0497844,26.054700908470302,0.0023782539647072554
1749147293.0831823,26.057912881903064,0.002255320316180587
1749147293.1165888,26.061118350800456,0.0021037752740085125
1749147293.1501443,26.06324888917773,0.002282461617141962
1749147293.1837003,26.0678406371254,0.002860764507204294
1749147293.217183,26.071153651063067,0.0026386964600533247
1749147293.2505915,26.0741492144109,0.002817389788106084
1749147293.284227,26.077156327798907,0.0023153277579694986
1749147293.317634,26.0804733300544,0.0026056463830173016
1749147293.351079,26.084159721404195,0.0028642769902944565
1749147293.3844872,26.087723630835352,0.002783682430163026
1749147293.4178896,26.09020402783667,0.0023680489975959063
1749147293.451268,26.093917918362504,0.003008189145475626
1749147293.484671,26.097606032235404,0.0030309404246509075
1749147293.5180695,26.101377840001472,0.00269391480833292
1749147293.55152,26.10366197581102,0.0029912604950368404
1749147293.5849886,26.10710774931546,0.0030959462746977806
1749147293.618419,26.111889474489892,0.0030159144662320614
1749147293.6520355,26.114076315705148,0.0032057808712124825
1749147293.685448,26.117707597439818,0.0033755297772586346
1749147293.719285,26.120953842227845,0.002747549908235669
1749147293.7527206,26.123273290622983,0.0030264132656157017
1749147293.7861698,26.12632598893422,0.0028946404345333576
1749147293.8196566,26.128583391056495,0.003069405211135745
1749147293.8530633,26.131769559174785,0.0027479655109345913
1749147293.8864717,26.13491882538595,0.0030576244462281466
1749147293.919945,26.13821770587808,0.003030139487236738
1749147293.953358,26.140946169554386,0.00300336885266006
1749147293.9867604,26.144031227180665,0.0027062410954385996
1749147294.0201907,26.147076278563553,0.0025321333669126034
1749147294.0535948,26.149879227154027,0.002665175823494792
1749147294.0870023,26.15179364929524,0.00307123688980937
1749147294.1203988,26.154615077274457,0.0030415605287998915
1749147294.153816,26.158328578167502,0.0028298338875174522
1749147294.187232,26.16015010675277,0.002855186816304922
1749147294.2206798,26.162843417718456,0.0030999404843896627
1749147294.254126,26.165403374198235,0.0032980255782604218
1749147294.2876425,26.168004989562892,0.003160172374919057
1749147294.3211422,26.170652308253263,0.0027671451680362225
1749147294.3548162,26.17401126353107,0.002862083725631237
1749147294.3883152,26.175663144448563,0.003159934189170599
1749147294.4217322,26.178117982128292,0.0030149680096656084
1749147294.4551647,26.18052884091064,0.0029550353065133095
1749147294.4919162,26.18368551637735,0.002978625474497676
1749147294.5255582,26.186004952570585,0.0031127033289521933
1749147294.5591357,26.188213945478584,0.003171812277287245
1749147294.5926228,26.19053130850279,0.0027878405526280403
1749147294.6260726,26.192743862783196,0.0028562648221850395
1749147294.6594791,26.19492582902668,0.0027353314217180014
1749147294.6929538,26.19699910639543,0.002643485553562641
1749147294.7263625,26.199114364656683,0.002695383271202445
1749147294.7598047,26.201269716480734,0.002749128034338355
1749147294.7932882,26.203316260134205,0.0025959392078220844
1749147294.8266447,26.205406746092006,0.00266821775585413
1749147294.8603559,26.20692747077697,0.0027086487971246243
1749147294.8938613,26.208628778372645,0.002307100221514702
1749147294.9272678,26.20985526490049,0.0023667223285883665
1749147294.9606676,26.211764623750252,0.002509885700419545
1749147294.99408,26.213713928430025,0.002439305419102311
1749147295.027492,26.215567961454493,0.0026036680210381746
1749147295.0611029,26.21740284723614,0.002635088050737977
1749147295.0945559,26.219193801623764,0.0024948595091700554
1749147295.1280503,26.22096762171313,0.002386144595220685
1749147295.1614466,26.223283196090048,0.0025323154404759407
1749147295.194827,26.22448482345109,0.0024833420757204294
1749147295.228238,26.226664943490306,0.0024738002102822065
1749147295.261642,26.228539868897276,0.002337408484891057
1749147295.295051,26.230060052835412,0.0023985891602933407
1749147295.3285182,26.231498248006588,0.002557690953835845
1749147295.3619416,26.233127098665477,0.0024391585029661655
1749147295.3953485,26.23411321987932,0.0023388487752527
1749147295.4288158,26.23616177180969,0.002452255692332983
1749147295.4624794,26.23772585453373,0.0025117825716733932
1749147295.496042,26.23916443709326,0.002210641046985984
1749147295.534031,26.240648680443822,0.002582264831289649
1749147295.5675104,26.24214593693039,0.002415546216070652
1749147295.6017196,26.24309582185836,0.0023496048524975777
1749147295.635202,26.24542479348791,0.002623257227241993
1749147295.6686099,26.24673897338754,0.00256276479922235
1749147295.7022154,26.248173408411834,0.0023966918233782053
1749147295.735614,26.249453256642298,0.0022252381313592196
1749147295.7692537,26.250326955468697,0.0025446286890655756
1749147295.8027909,26.251658345086764,0.00250119692645967
1749147295.8361964,26.253546688603894,0.0023156143724918365
1749147295.8696039,26.254580530360567,0.0024707114789634943
1749147295.9030077,26.255353383493794,0.0025551083963364363
1749147295.9369879,26.256604519613703,0.0022224034182727337
1749147295.9703937,26.257798639136926,0.0025830932427197695
1749147296.0038238,26.258886012453782,0.002508711302652955
1749147296.0372686,26.260070457243,0.00239518191665411
1749147296.0706804,26.261571533025393,0.002327031921595335
1749147296.1040866,26.262754098521466,0.0023492942564189434
1749147296.1375005,26.263736390814895,0.002347389468923211
1749147296.1709042,26.26481402717868,0.0022907399106770754
1749147296.2043068,26.265899315122375,0.0023067379370331764
1749147296.2377145,26.26728403086619,0.0022318426053971052
1749147296.2711284,26.268262513310432,0.0022627885919064283
1749147296.3045318,26.269296264994757,0.002150431042537093
1749147296.337979,26.269952407638815,0.002204284304752946
1749147296.371519,26.270935073297665,0.002228325931355357
1749147296.4049227,26.271894469619625,0.002203497802838683
1749147296.4383295,26.272867237926633,0.0022471160627901554
1749147296.471736,26.27407649461033,0.002185455523431301
1749147296.5051699,26.274681107042284,0.0020933228079229593
1749147296.5385737,26.27596472946653,0.002019972773268819
1749147296.5719993,26.27673341130192,0.002077739918604493
1749147296.6054242,26.277347589276722,0.0021081133745610714
1749147296.6388395,26.278203993325214,0.0020748074166476727
1749147296.6722605,26.27904894893087,0.0020805534441024065
1749147296.7058783,26.279886265588473,0.0020236982963979244
1749147296.7392552,26.280973480874437,0.0021082598250359297
1749147296.7727163,26.281519052851426,0.002039951039478183
1749147296.8061235,26.282283924383005,0.0021112856920808554
1749147296.8398156,26.283359663897716,0.0020846265833824873
1749147296.8733459,26.284189365299508,0.0020746642258018255
1749147296.9067645,26.28444113550571,0.002065408742055297
1749147296.9401665,26.28463568658826,0.0020615102257579565
1749147296.9735749,26.284742502739714,0.0020556559320539236
1749147297.0070539,26.28478828386531,0.0020555786322802305
1749147297.0404546,26.284824558830714,0.002053305506706238
1749147297.0738795,26.284845562310068,0.00205241609364748
1749147297.1072848,26.284858941471413,0.0020517443772405386
1749147297.140702,26.28486469430118,0.002051048446446657
1749147297.1741097,26.284870140517892,0.0020507292356342077
1749147297.2075207,26.284871691745714,0.002049933187663555
1749147297.2409363,26.284873913516375,0.002049289410933852
1749147297.2743332,26.284876427148845,0.0020491108298301697
1749147297.3077376,26.284878213626772,0.002048403024673462
1749147297.3411665,26.28488071868425,0.0020477869547903538
1749147297.3745766,26.28488041960166,0.002047391375526786
1749147297.407989,26.284882289498615,0.002046913141384721
1749147297.4413888,26.284884044177144,0.002046298934146762
1749147297.4748008,26.284885758471265,0.0020463080145418644
1749147297.5082061,26.28488577229661,0.0020454954355955124
1749147297.541611,26.284887482560897,0.002044813008978963
1749147297.5750663,26.284889129972367,0.002044822322204709
1749147297.6084645,26.284891142469856,0.002043941291049123
1749147297.6418715,26.284891560111948,0.002043327549472451
1749147297.675321,26.284893994825488,0.002043202519416809
1749147297.7087963,26.284895470777933,0.0020424651447683573
1749147297.742195,26.28489730439696,0.002041841857135296
1749147297.7756014,26.284897176796388,0.0020414479076862335
1749147297.8090036,26.28489967850043,0.0020409703720360994
1749147297.8425446,26.284901862072207,0.0020403985399752855
1749147297.875975,26.28490360873449,0.002039962448179722
1749147297.9094095,26.284903611209405,0.0020395941101014614
1749147297.9427912,26.284906065735356,0.0020388709381222725
1749147297.976266,26.284907485855197,0.002038252307102084
1749147298.0098252,26.28490929821042,0.0020382744260132313
1749147298.0433667,26.284909467899514,0.002037427620962262
1749147298.0768075,26.28491097560259,0.0020367668475955725
1749147298.1102228,26.28491128120893,0.0020367889665067196
1749147298.1439044,26.284912920107566,0.002035900019109249
1749147298.177314,26.28491537141997,0.0020355060696601868
1749147298.2107139,26.284917142525916,0.0020350452978163958
1749147298.2441301,26.284918792730085,0.002034614561125636
1749147298.2776315,26.284918810338926,0.002034289762377739
1749147298.3111045,26.28492115283968,0.0020336522720754147
1749147298.3444765,26.284922339640854,0.002032938413321972
1749147298.3778825,26.28492417561987,0.0020321260672062635
1749147298.4113193,26.284924564991716,0.002032066695392132
1749147298.44477,26.284926919233776,0.0020318098831921816
1749147298.4781973,26.28492854652853,0.0020313949789851904
1749147298.5116339,26.28493033252336,0.0020306813530623913
1749147298.5450447,26.28493041233991,0.0020303900819271803
1749147298.5784428,26.284932934324875,0.002029833383858204
1749147298.6119075,26.284934730738065,0.0020290957763791084
1749147298.645304,26.284936008150996,0.0020289046224206686
1749147298.6787012,26.28493828531445,0.0020279150921851397
1749147298.7120705,26.28493829261603,0.0020276012364774942
1749147298.7455037,26.284938062097385,0.002027419162914157
1749147298.7789729,26.28494218937088,0.0020269386004656553
1749147298.8123693,26.284942423877784,0.002026224974542856
1749147298.8457325,26.284944489480864,0.0020259337034076452
1749147298.879133,26.284945671374203,0.0020254531409591436
1749147298.9133732,26.284946195573596,0.002024639630690217
1749147298.946957,26.28494790438029,0.0020244482439011335
1749147298.9803574,26.284950065284498,0.0020237169228494167
1749147299.013768,26.284951839580344,0.002023144857957959
1749147299.047179,26.284951609061697,0.0020225311163812876
1749147299.0805964,26.284954269708788,0.00202241656370461
1749147299.1140263,26.284955927063894,0.0020219343714416027
1749147299.1474807,26.284955631522582,0.002021245425567031
1749147299.1808858,26.28495857686015,0.0020204270258545876
1749147299.2142935,26.284960040129352,0.002020190702751279
1749147299.2476933,26.284961998907185,0.002019560197368264
1749147299.281158,26.28496169967324,0.002019166247919202
1749147299.3145657,26.284964085698796,0.002018757164478302
1749147299.3513355,26.284966129389662,0.002018408151343465
1749147299.3847313,26.284966360196872,0.0020178197883069515
1749147299.4181366,26.284968141961485,0.0020172717049717903
1749147299.4515426,26.2849699317349,0.002016589278355241
1749147299.4849753,26.284972362394146,0.0020159706473350525
1749147299.5183744,26.284974178785195,0.0020157177932560444
1749147299.551781,26.28497431817612,0.0020152863580733538
1749147299.5856624,26.284976347620038,0.0020150551572442055
1749147299.6191137,26.284978170077416,0.00201434176415205
1749147299.652767,26.28497816428916,0.002013818360865116
1749147299.6861758,26.284980249463047,0.0020133189391344786
1749147299.7195811,26.284982188315134,0.0020128563046455383
1749147299.7529824,26.284983662356307,0.0020125650335103273
1749147299.786392,26.284986128312653,0.0020120844710618258
1749147299.8198833,26.284986637317527,0.0020111447665840387
1749147299.8532872,26.284988405903476,0.002011014148592949
1749147299.8867319,26.28521572963735,0.0018868537154048681
1749147299.9201407,26.28926700120508,0.001964542083442211
1749147299.9535813,26.296890744909582,0.001999736065044999
1749147299.9869843,26.305597927986497,0.0023581350687891245
1749147300.0203955,26.311724672390973,0.0028736048843711615
1749147300.0537992,26.326584783635727,0.002252398757264018
1749147300.0873828,26.339484460937328,0.0025093567091971636
1749147300.1208353,26.350067046893198,0.00381508469581604
1749147300.1542428,26.360376626844424,0.0038561373949050903
1749147300.187685,26.37106344299367,0.003025680547580123
1749147300.221099,26.381744952772383,0.0034931031987071037
1749147300.2545195,26.392775699935694,0.004162853583693504
1749147300.287954,26.40309663806018,0.003793274750933051
1749147300.3213973,26.41020182023237,0.004191322717815638
1749147300.3548007,26.421218181185587,0.005939369555562735
1749147300.388199,26.435840595645775,0.005808982998132706
1749147300.4216151,26.44617931103638,0.006673439871519804
1749147300.4550214,26.456514717985904,0.007541954051703215
1749147300.4885516,26.46753875735719,0.006766157690435648
1749147300.521996,26.47783646086944,0.007867613807320595
1749147300.55537,26.488513945581044,0.007631469052284956
1749147300.5888062,26.499890625329662,0.008678886108100414
1749147300.6222258,26.510527029293282,0.010091344825923443
1749147300.6556382,26.520846317906233,0.009230121970176697
1749147300.6890278,26.531492791959973,0.010113776661455631
1749147300.722631,26.53857469342354,0.011696791276335716
1749147300.7560358,26.55343803863167,0.013829677365720272
1749147300.7895207,26.562998871968773,0.01348024606704712
1749147300.8228793,26.570367450189888,0.015817733481526375
1749147300.856285,26.58468576997588,0.019091662019491196
1749147300.8896966,26.595581691072905,0.020020300522446632
1749147300.9231062,26.605712850911946,0.021437449380755424
1749147300.9567316,26.61189462331096,0.019270140677690506
1749147300.990224,26.622128229745368,0.015846142545342445
1749147301.0240273,26.632933028611983,0.013933047652244568
1749147301.0574841,26.643341048948027,0.011790953576564789
1749147301.0908837,26.653670051846365,0.006157808471471071
1749147301.1243038,26.66413008336753,0.004785219207406044
1749147301.1577702,26.674608455242307,0.0037029243540018797
1749147301.1911728,26.685048784393903,0.00022294955851975828
1749147301.224593,26.69203018634739,-0.0023205203469842672
1749147301.2581615,26.70258859247358,-0.004090733360499144
1749147301.291714,26.713439765649547,-0.0065793502144515514
1749147301.3252544,26.723225974127256,-0.009654192253947258
1749147301.3587863,26.734091277870565,-0.012097339145839214
1749147301.3960018,26.74462341676652,-0.013598795048892498
1749147301.429559,26.755168218814187,-0.01526176743209362
1749147301.4629707,26.765716212063364,-0.01728697493672371
1749147301.4963813,26.77663934671863,-0.018307503312826157
1749147301.5298412,26.788245177443777,-0.020901260897517204
1749147301.5632498,26.79739922693808,-0.02201554924249649
1749147301.5966635,26.807940787619852,-0.02391565591096878
1749147301.6301115,26.818482633269674,-0.025888340547680855
1749147301.66352,26.829031735999624,-0.026379182934761047
1749147301.6969543,26.839916114755813,-0.0280478335916996
1749147301.730394,26.846581508805713,-0.029057448729872704
1749147301.7638006,26.860610368705114,-0.02871401235461235
1749147301.7972798,26.871123366682088,-0.030700108036398888
1749147301.8307679,26.88163071846394,-0.031422220170497894
1749147301.8641737,26.893568228820683,-0.030504580587148666
1749147301.8975782,26.902708404835707,-0.03078872710466385
1749147301.9309852,26.913616294193428,-0.031820446252822876
1749147301.9643912,26.923851617417657,-0.031559377908706665
1749147301.997799,26.93089835672281,-0.03250008821487427
1749147302.03124,26.941112375526114,-0.032701537013053894
1749147302.064658,26.9488572539058,-0.0327317975461483
1749147302.0980804,26.959039757112272,-0.031208066269755363
1749147302.1315036,26.96924113848094,-0.03125210478901863
1749147302.1649086,26.976616101806417,-0.03129927068948746
1749147302.198422,26.98713284352947,-0.03026609867811203
1749147302.2318285,27.00152821416347,-0.029041454195976257
1749147302.2654293,27.008200051237953,-0.028203066438436508
1749147302.2988503,27.02224942139374,-0.027974816039204597
1749147302.3322494,27.032746452424263,-0.027560368180274963
1749147302.365658,27.043591784871726,-0.025497611612081528
1749147302.3992345,27.054054108247684,-0.025632038712501526
1749147302.4327276,27.064539435951044,-0.023170730099081993
1749147302.4661646,27.07474135451467,-0.021979818120598793
1749147302.4995918,27.085227701608225,-0.018815509974956512
1749147302.5330288,27.09224494002055,-0.01782345026731491
1749147302.5664322,27.102769265078198,-0.01573977619409561
1749147302.6000152,27.113275731944494,-0.014106929302215576
1749147302.6334321,27.123830020281805,-0.01189764030277729
1749147302.6668444,27.134020526237624,-0.01011279970407486
1749147302.7002494,27.14456365598183,-0.007568072061985731
1749147302.7336543,27.155434593667234,-0.006395872216671705
1749147302.767061,27.165875284474215,-0.002072519389912486
1749147302.8004737,27.176427127348415,-0.000923951854929328
1749147302.8338816,27.186976864658526,0.0009138808236457407
1749147302.867329,27.19790086564438,0.002692694077268243
1749147302.9007373,27.204584938999766,0.004601727239787579
1749147302.9341483,27.220052316015646,0.006715907249599695
1749147302.9676714,27.229887003031333,0.008544919081032276
1749147303.0010812,27.240437003081823,0.009771130979061127
1749147303.03452,27.250628794426706,0.01123831607401371
1749147303.0680292,27.260829397117902,0.011831612326204777
1749147303.1014671,27.271376787095125,0.01330966129899025
1749147303.1349015,27.281932123587413,0.014125793240964413
1749147303.1683385,27.292080210534866,0.015388017520308495
1749147303.201897,27.302901461240303,0.015372690744698048
1749147303.2352915,27.309895885139657,0.014926656149327755
1749147303.2687001,27.320773252589895,0.015469852834939957
1749147303.3022795,27.330949901102,0.01599416695535183
1749147303.3357906,27.341135012752037,0.01606368087232113
1749147303.3692741,27.35554799233454,0.015676788985729218
1749147303.4028366,27.36611096065804,0.016109690070152283
1749147303.436333,27.376664764745374,0.015583761036396027
1749147303.4697897,27.387212264241736,0.01586802490055561
1749147303.50326,27.39775564654259,0.015882248058915138
1749147303.5372415,27.408299290056096,0.016131479293107986
1749147303.5707693,27.420599935359295,0.015411969274282455
1749147303.6041758,27.429386435558374,0.01559809036552906
1749147303.637555,27.439934268490187,0.015005378983914852
1749147303.670953,27.451187546031424,0.015372906811535358
1749147303.7043564,27.460678761930442,0.014914808794856071
1749147303.7378075,27.471572279615796,0.014666871167719364
1749147303.7716327,27.482113477037135,0.014633554965257645
1749147303.8050437,27.492653900404665,0.014315614476799965
1749147303.8385136,27.50284155500807,0.014017199166119099
1749147303.8720129,27.51338010826113,0.013866499997675419
1749147303.9054773,27.52040532234069,0.01366756483912468
1749147303.9389162,27.531294912025892,0.013431580737233162
1749147303.9723015,27.545342816561515,0.01304661761969328
1749147304.0057113,27.55587967688329,0.012944856658577919
1749147304.0391045,27.5667672723048,0.012711669318377972
1749147304.072508,27.57730178300112,0.012386279180645943
1749147304.1059499,27.58397386565679,0.012151658535003662
1749147304.1393225,27.59766921336304,0.01198756042867899
1749147304.1727614,27.60890725976991,0.011508215218782425
1749147304.2061775,27.6190910322284,0.011376450769603252
1749147304.2395756,27.62611445159544,0.011388201266527176
1749147304.2733986,27.636297833556203,0.011079513467848301
1749147304.306784,27.647185402497144,0.010889191180467606
1749147304.3401918,27.65807082261249,0.010513869114220142
1749147304.373609,27.66825417063251,0.01030645053833723
1749147304.4070535,27.679843635771665,0.010065285488963127
1749147304.4404411,27.68932483242856,0.009680262766778469
1749147304.473854,27.700212820982088,0.00986852589994669
1749147304.5072577,27.713554310240944,0.009166243486106396
1749147304.541337,27.724441788539405,0.00910648237913847
1749147304.5748158,27.72795330749065,0.0090416818857193
1749147304.6082134,27.742001032311233,0.008722132071852684
1749147304.6416035,27.752537187625496,0.008360798470675945
1749147304.6750414,27.763424935296317,0.00858254637569189
1749147304.7084424,27.773960923350078,0.008012059144675732
1749147304.7418578,27.788008447307927,0.007632214110344648
1749147304.7752473,27.798193659490845,0.0073593053966760635
1749147304.8086495,27.809080364019305,0.006613713689148426
1749147304.8422232,27.822778999437684,0.006434012204408646
1749147304.8756227,27.83366405182169,0.0060041374526917934
1749147304.9090216,27.84420004008538,0.005551724694669247
1749147304.9424698,27.854385200488345,0.005274033639580011
1749147304.975872,27.86492098263393,0.004519847687333822
1749147305.0136871,27.871943679110533,0.004024111665785313
1749147305.047115,27.88248169364909,0.0038820630870759487
1749147305.0805268,27.893015683592964,0.003021587384864688
1749147305.1139412,27.90355176041676,0.002803213894367218
1749147305.1474626,27.914087848941794,0.0024340059608221054
1749147305.1808696,27.924271064824794,0.0018067588098347187
1749147305.2142725,27.935156182593573,0.001404392416588962
1749147305.2476816,27.94534143943169,0.0013630952453240752
1749147305.2810895,27.956226621309803,0.0009909318760037422
1749147305.314505,27.96992327918788,0.0009620070923119783
1749147305.3479738,27.980810379344522,0.0004663836443796754
1749147305.382933,27.991346562908095,0.00024087808560580015
1749147305.4163451,28.00189039890333,-0.00041186215821653605
1749147305.4498506,28.008571866316267,1.899783092085272e-05
1749147305.4832919,28.02298385405042,-0.0008078134269453585
1749147305.5167022,28.03352766752467,-0.0001879839546745643
1749147305.5501087,28.04371673925138,-0.0004966103006154299
1749147305.5835214,28.054254827072615,-0.0001886052923509851
1749147305.616972,28.0651534332029,-0.0003999298205599189
1749147305.6504405,28.07571296894763,0.0006747648003511131
1749147305.6900232,28.082421433496314,0.0011288818204775453
1749147305.7234368,28.092997781173608,0.001775853568688035
1749147305.7569158,28.103898606994605,0.0027021374553442
1749147305.7903247,28.114452353587986,0.003185251262038946
1749147305.8237283,28.125008763109857,0.00521991727873683
1749147305.8571758,28.135206650769653,0.006205002311617136
1749147305.8905818,28.14602711405527,0.009800679981708527
1749147305.9240074,28.156608057259586,0.010543965734541416
1749147305.9574203,28.163638518173677,0.013006690889596939
1749147305.9908233,28.17415292206564,0.015912596136331558
1749147306.024739,28.184301828659688,0.01799342967569828
1749147306.0581527,28.195145139352654,0.02252269722521305
1749147306.0915673,28.205700685932086,0.02478766068816185
1749147306.1249764,28.216239938787503,0.02641591615974903
1749147306.1585076,28.226786045181655,0.02957322634756565
1749147306.19189,28.236904681385358,0.033267829567193985
1749147306.2253025,28.247641410391175,0.03698064759373665
1749147306.2587433,28.258199817299886,0.04024792090058327
1749147306.2921493,28.268964980030052,0.044724155217409134
1749147306.325605,28.278939568143265,0.050885334610939026
1749147306.3590112,28.28936931876971,0.05845801904797554
1749147306.3924103,28.29984792720315,0.06405261904001236
1749147306.42583,28.30988120372264,0.07083188742399216
1749147306.459233,28.32381619196193,0.07677807658910751
1749147306.4926362,28.330881725454343,0.08196291327476501
1749147306.52606,28.34513977088773,0.08855878561735153
1749147306.5595043,28.352088235932232,0.09508350491523743
1749147306.593395,28.36251463680881,0.09932275116443634
1749147306.626819,28.372566863222552,0.10868213325738907
1749147306.6602829,28.386675268558847,0.11656513810157776
1749147306.693754,28.39662340109397,0.12524348497390747
1749147306.7271662,28.40743930470443,0.13289527595043182
1749147306.7605722,28.414371947088835,0.14105664193630219
1749147306.7939904,28.424449091755516,0.14896711707115173
1749147306.8274,28.438660278001596,0.157002255320549
1749147306.8608048,28.449708961669565,0.16646786034107208
1749147306.8942204,28.455934438078955,0.17465263605117798
1749147306.9277494,28.46980626282586,0.1831996738910675
1749147306.961181,28.480176220064156,0.19223637878894806
1749147306.994595,28.490549968959588,0.2040243148803711
1749147307.0280166,28.500962503108727,0.2129073590040207
1749147307.0613902,28.5109934015351,0.22245480120182037
1749147307.094801,28.52169141380833,0.2288312166929245
1749147307.1282175,28.52824763208115,0.23847810924053192
1749147307.1675427,28.538958506024084,0.24829229712486267
1749147307.2009935,28.55271685022038,0.2585841715335846
1749147307.2344346,28.559257239949247,0.2689054012298584
1749147307.267897,28.56996307791195,0.275526762008667
1749147307.3013022,28.58027578316352,0.2893204092979431
1749147307.3348217,28.59409116267524,0.29926398396492004
1749147307.36822,28.600891992052418,0.3106406033039093
1749147307.4016252,28.611482890447324,0.31847280263900757
1749147307.437177,28.61805034871418,0.32833364605903625
1749147307.470588,28.63172924628091,0.33982598781585693
1749147307.5040119,28.64230528098385,0.35194674134254456
1749147307.5374308,28.652325754635743,0.36561039090156555
1749147307.570834,28.662558765860194,0.37779563665390015
1749147307.6042612,28.67619630242703,0.38987255096435547
1749147307.637677,28.68690265392159,0.40112224221229553
1749147307.6710825,28.696780307886467,0.412626177072525
1749147307.704784,28.706953028663193,0.42525771260261536
1749147307.7383106,28.713809824890745,0.43679946660995483
1749147307.7718143,28.727494235779908,0.4493991732597351
1749147307.8052833,28.73430218097178,0.46238985657691956
1749147307.8387282,28.744261745744694,0.4694553315639496
1749147307.8721375,28.754790801916545,0.48260927200317383
1749147307.9055655,28.761252315188845,0.4953462481498718
1749147307.9389668,28.77186497968362,0.5077412128448486
1749147307.9723718,28.785505433290915,0.5204094052314758
1749147308.0058897,28.79570264338941,0.5333813428878784
1749147308.044498,28.806261579744557,0.5467244982719421
1749147308.0782003,28.816856361561396,0.5599175095558167
1749147308.111753,28.82779988736153,0.5734311938285828
1749147308.1461759,28.840037225401126,0.5892120003700256
1749147308.1795957,28.850247056454283,0.6067709922790527
1749147308.2130055,28.86050588635338,0.6196380853652954
1749147308.2481716,28.873955294945013,0.6337753534317017
1749147308.2816188,28.883867511564254,0.6461214423179626
1749147308.3152187,28.89458439728617,0.6615556478500366
1749147308.3519182,28.901118067682145,0.6738660335540771
1749147308.3853164,28.914361156324958,0.6870006322860718
1749147308.4188492,28.924839425507923,0.7014259099960327
1749147308.4522595,28.935072807969544,0.7187327146530151
1749147308.4857354,28.945137569141746,0.7335331439971924
1749147308.5191433,28.954891247793608,0.7477125525474548
1749147308.5525653,28.965813275593923,0.7606857419013977
1749147308.5860288,28.975571056204206,0.7759297490119934
1749147308.619488,28.98572369268989,0.7846943736076355
1749147308.6528993,28.992461997752628,0.798540472984314
1749147308.6864138,29.002566480440773,0.8086555004119873
1749147308.7198093,29.01268125528535,0.8274581432342529
1749147308.7532609,29.024027