timestamp,encoder_distance,yaw_true
1748621630.082628,-11.31943102693611,-3.129117250442505
1748621631.318827,-11.319383175477002,-3.129155397415161
1748621631.358491,-11.319377928774491,-3.1291799545288086
1748621631.3929114,-11.318400831214628,-3.1292519569396973
1748621631.4275706,-11.313318056699885,-3.129026174545288
1748621631.461602,-11.305594844649717,-3.1286399364471436
1748621631.4991193,-11.299937729331035,-3.1284232139587402
1748621631.533728,-11.29298584703544,-3.1282272338867188
1748621631.5726376,-11.27996007881212,-3.1279654502868652
1748621631.6060555,-11.273086011136154,-3.1277730464935303
1748621631.6402068,-11.262638193816295,-3.1273651123046875
1748621631.6736712,-11.252083920668316,-3.127314329147339
1748621631.7071028,-11.240750081812054,-3.127450466156006
1748621631.7405417,-11.227252848972856,-3.1270601749420166
1748621631.7739918,-11.216597019770052,-3.126922845840454
1748621631.807446,-11.205930039549253,-3.126965045928955
1748621631.8411093,-11.195241738004466,-3.1264026165008545
1748621631.8745258,-11.18099601160519,-3.1269354820251465
1748621631.9079304,-11.170319147880832,-3.126817464828491
1748621631.9414692,-11.159645255849274,-3.126661777496338
1748621631.9749227,-11.148970675586618,-3.1267566680908203
1748621632.008362,-11.13829933876971,-3.1260316371917725
1748621632.0418255,-11.127986352544172,-3.125915050506592
1748621632.0752509,-11.120520037890412,-3.1259429454803467
1748621632.109489,-11.110210377445775,-3.1260721683502197
1748621632.1428888,-11.099547813513764,-3.125417947769165
1748621632.1762552,-11.088526355523836,-3.1257829666137695
1748621632.2097018,-11.078759213051923,-3.1252706050872803
1748621632.243288,-11.072221825980167,-3.1252901554107666
1748621632.2766976,-11.06715572670975,-3.126019239425659
1748621632.310102,-11.062968484777548,-3.125443696975708
1748621632.343508,-11.059109683244639,-3.126149892807007
1748621632.376922,-11.05546934377075,-3.1253225803375244
1748621632.4103274,-11.05229706874519,-3.1251649856567383
1748621632.444163,-11.04886591333815,-3.125312328338623
1748621632.4775736,-11.04666090803188,-3.126040458679199
1748621632.5110762,-11.043344794872658,-3.125544548034668
1748621632.5444808,-11.040070722382264,-3.1258115768432617
1748621632.5778856,-11.036815081329078,-3.1266472339630127
1748621632.611258,-11.032593848312162,-3.1268038749694824
1748621632.644666,-11.029237822589362,-3.126763343811035
1748621632.678071,-11.026106137877521,-3.1270437240600586
1748621632.7122352,-11.02285121046921,-3.1277313232421875
1748621632.745588,-11.019484811248779,-3.1276261806488037
1748621632.7790532,-11.016300133627835,-3.1276540756225586
1748621632.8124638,-11.013152594951034,-3.1290299892425537
1748621632.8458693,-11.009970156078964,-3.1290900707244873
1748621632.8793862,-11.00570391932199,-3.1292035579681396
1748621632.912777,-11.002375438140712,-3.130192518234253
1748621632.9461896,-10.999239074800817,-3.1299750804901123
1748621632.9795983,-10.995918559785869,-3.130916118621826
1748621633.0129895,-10.992286736688007,-3.1316540241241455
1748621633.0464952,-10.988143311763475,-3.1317548751831055
1748621633.0799012,-10.984073327655539,-3.1324868202209473
1748621633.113347,-10.981344520504225,-3.133349657058716
1748621633.1467896,-10.97725252132516,-3.1349804401397705
1748621633.1806412,-10.973129453906688,-3.13521146774292
1748621633.2141736,-10.970557280008274,-3.1361351013183594
1748621633.2475848,-10.96621438636788,-3.138033390045166
1748621633.2810292,-10.962513406974583,-3.138604164123535
1748621633.3144524,-10.95862091699943,-3.1403822898864746
1748621633.3478615,-10.954744070521123,-3.1401097774505615
1748621633.3812625,-10.949708378970714,-3.1411385536193848
1748621633.4146667,-10.946002559666958,-3.1409897804260254
1748621633.4480681,-10.942497659069929,3.1404497623443604
1748621633.4814696,-10.93874494506223,3.139968156814575
1748621633.5163386,-10.935339535065637,3.1387763023376465
1748621633.549747,-10.931892361953802,3.137892961502075
1748621633.5831537,-10.928362051564969,3.1381163597106934
1748621633.6165504,-10.92514589023478,3.1368894577026367
1748621633.6500845,-10.921744293873186,3.1362099647521973
1748621633.683493,-10.918513070218154,3.1355080604553223
1748621633.7169201,-10.91532706599121,3.1353249549865723
1748621633.7503107,-10.91221161576245,3.133708953857422
1748621633.7837195,-10.909082549948769,3.1337592601776123
1748621633.817167,-10.905991434941008,3.1328134536743164
1748621633.8506646,-10.902891515429422,3.1326193809509277
1748621633.8840346,-10.899983811679968,3.131627321243286
1748621633.9175334,-10.896877972450117,3.131539821624756
1748621633.9511447,-10.89489399671017,3.130124568939209
1748621633.984636,-10.891796762768003,3.1302244663238525
1748621634.0185595,-10.889077348462555,3.129039764404297
1748621634.0519953,-10.887112999853573,3.128190517425537
1748621634.0856893,-10.884377710103678,3.128784418106079
1748621634.1190925,-10.881649330319972,3.1270909309387207
1748621634.1525187,-10.879064949388432,3.1274280548095703
1748621634.186024,-10.876430777593804,3.126509666442871
1748621634.219424,-10.873818493798794,3.126875162124634
1748621634.2528286,-10.871319297667373,3.125814437866211
1748621634.2862287,-10.869603113479215,3.125929594039917
1748621634.3197412,-10.867003756843348,3.125905752182007
1748621634.353143,-10.864577829355746,3.1247668266296387
1748621634.3865607,-10.862257098020718,3.125166416168213
1748621634.4199622,-10.859735071691468,3.1241652965545654
1748621634.4536169,-10.857433740817786,3.12392258644104
1748621634.4870164,-10.855884319498369,3.1231608390808105
1748621634.520978,-10.853634184428547,3.1226606369018555
1748621634.554411,-10.851420936970577,3.1229124069213867
1748621634.5877945,-10.849312004375276,3.122291088104248
1748621634.6212096,-10.847347501980652,3.1202621459960938
1748621634.654943,-10.845336065481648,3.12131667137146
1748621634.688766,-10.843347018491999,3.1197590827941895
1748621634.722184,-10.841279551769743,3.119595766067505
1748621634.7556212,-10.839267221438428,3.1191539764404297
1748621634.7890317,-10.838021059861473,3.1184918880462646
1748621634.822461,-10.836059646201045,3.118960380554199
1748621634.8561232,-10.834083035567984,3.1181840896606445
1748621634.8896053,-10.83269386804135,3.118708848953247
1748621634.923011,-10.82997270274358,3.1183886528015137
1748621634.9564247,-10.828689943589188,3.1195688247680664
1748621634.9898243,-10.82622303311117,3.1189863681793213
1748621635.0232315,-10.82440826353231,3.1189873218536377
1748621635.0566394,-10.822627713011464,3.119436025619507
1748621635.090162,-10.820905405580376,3.1196298599243164
1748621635.1235607,-10.819214589520731,3.11954665184021
1748621635.1569717,-10.817617624844972,3.119873046875
1748621635.1903846,-10.8159925535517,3.1191463470458984
1748621635.223947,-10.814344676234386,3.119483232498169
1748621635.2573655,-10.812781782554032,3.1197988986968994
1748621635.290904,-10.810784494986887,3.119450092315674
1748621635.3244102,-10.80921860279938,3.1200671195983887
1748621635.3583379,-10.807714517227934,3.119600772857666
1748621635.3918188,-10.806198109273295,3.120208501815796
1748621635.4252262,-10.804753884279624,3.119640588760376
1748621635.458624,-10.803215054826609,3.1197750568389893
1748621635.4920309,-10.801859055707492,3.1199541091918945
1748621635.5254242,-10.800479706543403,3.119335889816284
1748621635.5588331,-10.799101567780042,3.119915723800659
1748621635.592264,-10.797757479088604,3.1196236610412598
1748621635.6260583,-10.79606903462929,3.1197476387023926
1748621635.659468,-10.794718737841535,3.1196937561035156
1748621635.6928825,-10.793477478669866,3.1197140216827393
1748621635.7262502,-10.792297739457151,3.119708776473999
1748621635.7597768,-10.791455201343167,3.1197080612182617
1748621635.7931948,-10.79030428957017,3.1200478076934814
1748621635.8266084,-10.788730009848683,3.1195218563079834
1748621635.8600388,-10.787604205425122,3.1201119422912598
1748621635.8934338,-10.786426568656804,3.1198418140411377
1748621635.9268308,-10.785333174423767,3.120335340499878
1748621635.9602463,-10.784549705107477,3.119739532470703
1748621635.9936526,-10.78339789897145,3.1202263832092285
1748621636.0270588,-10.782302101892185,3.1196389198303223
1748621636.0604587,-10.781169588900875,3.1198928356170654
1748621636.093972,-10.779806712106588,3.1197521686553955
1748621636.1274662,-10.779083889632012,3.1195719242095947
1748621636.1608827,-10.778052754246524,3.1201210021972656
1748621636.1943007,-10.776700409321284,3.119614839553833
1748621636.2277002,-10.775675275826696,3.120290756225586
1748621636.2611117,-10.77469987564019,3.119643449783325
1748621636.2945168,-10.774003243725135,3.120323896408081
1748621636.3279161,-10.773036241594253,3.1196675300598145
1748621636.36136,-10.77203285506716,3.1203107833862305
1748621636.39477,-10.771032430513937,3.1197028160095215
1748621636.4281757,-10.770078560829708,3.120335102081299
1748621636.4615622,-10.769175128096402,3.1200602054595947
1748621636.4949691,-10.768029494532355,3.1204662322998047
1748621636.5283842,-10.767462911050718,3.1197032928466797
1748621636.5617867,-10.766589061880232,3.120298147201538
1748621636.5952194,-10.765436872529516,3.1196701526641846
1748621636.6286275,-10.76461425440258,3.119927406311035
1748621636.6620283,-10.763938607131562,3.119792938232422
1748621636.8444343,-10.763163539071343,3.119778871536255
1748621636.8779407,-10.763142020919355,3.119729995727539
1748621636.9113727,-10.761934300300275,3.121429920196533
1748621636.948961,-10.75740508644547,3.1159350872039795
1748621636.983301,-10.751681523627523,3.110008955001831
1748621637.0167456,-10.743700974211972,3.102950096130371
1748621637.0501726,-10.73657983216247,3.0951266288757324
1748621637.0835788,-10.729670847590128,3.087543487548828
1748621637.1169837,-10.722401418564994,3.0767335891723633
1748621637.150528,-10.712115715940353,3.067939281463623
1748621637.1843057,-10.70496729869137,3.057482957839966
1748621637.219937,-10.69532966747047,3.0491955280303955
1748621637.2533588,-10.687903770451422,3.0381391048431396
1748621637.286938,-10.677995378308772,3.029836416244507
1748621637.3204124,-10.67055901381263,3.018500328063965
1748621637.3539803,-10.660395429140959,3.0101938247680664
1748621637.387391,-10.653205142479685,3.002167224884033
1748621637.4207544,-10.645766520263322,2.9910900592803955
1748621637.4552298,-10.638327434980763,2.982787609100342
1748621637.4887877,-10.628160477538225,2.9742014408111572
1748621637.5226638,-10.620720637380533,2.9634058475494385
1748621637.5560865,-10.613280972496023,2.954819917678833
1748621637.589618,-10.60360959416118,2.9467885494232178
1748621637.6230826,-10.595921257097613,2.9382078647613525
1748621637.6578789,-10.588481389354213,2.929898738861084
1748621637.697769,-10.578561227150864,2.9188225269317627
1748621637.7311773,-10.571369281975509,2.9107918739318848
1748621637.7649813,-10.563681126063699,2.9022035598754883
1748621637.7983866,-10.556488601039526,2.8916842937469482
1748621637.8323727,-10.548552599099617,2.8830952644348145
1748621637.8696282,-10.539128045182624,2.8747873306274414
1748621637.911086,-10.529207503648944,2.86093807220459
1748621637.9578235,-10.519287619792191,2.8498587608337402
1748621638.0030334,-10.506638803109905,2.8385024070739746
1748621638.0367367,-10.499446535466248,2.827143430709839
1748621638.0727773,-10.489277442919674,2.8191120624542236
1748621638.1061895,-10.481837397894804,2.8083059787750244
1748621638.1417344,-10.47191629403263,2.7997195720672607
1748621638.1752687,-10.46472374174417,2.788914680480957
1748621638.2086706,-10.457035053013497,2.780604600906372
1748621638.2420783,-10.447362302483596,2.772294521331787
1748621638.275442,-10.440169614008854,2.760934591293335
1748621638.3088515,-10.43248116331253,2.752901077270508
1748621638.3449132,-10.422808391511655,2.7448651790618896
1748621638.3787074,-10.414871567786047,2.733506202697754
1748621638.412449,-10.405198942942203,2.7251932621002197
1748621638.446312,-10.397758524448518,2.7141101360321045
1748621638.4813924,-10.390069738014283,2.7057981491088867
1748621638.5148807,-10.380397043120391,2.6974871158599854
1748621638.549947,-10.372956687940288,2.686403274536133
1748621638.587646,-10.36303618352352,2.6750423908233643
1748621638.6285615,-10.35311584640679,2.6642351150512695
1748621638.6705606,-10.34070866221927,2.6532061100006104
1748621638.7113628,-10.330830543462696,2.641835927963257
1748621638.7507007,-10.323350982486467,2.631335735321045
1748621638.7882204,-10.31343276579062,2.623154640197754
1748621638.8290017,-10.30355384553403,2.6120877265930176
1748621638.8658383,-10.296143785452811,2.601313352584839
1748621638.9010003,-10.288491081604054,2.592766046524048
1748621638.9453058,-10.276404372443592,2.5817325115203857
1748621638.986621,-10.269007999965176,2.5707249641418457
1748621639.0286107,-10.25666974706279,2.5597381591796875
1748621639.068462,-10.248784967512528,2.5485434532165527
1748621639.1124156,-10.239340068445774,2.5382699966430664
1748621639.1522062,-10.22943674073049,2.527097225189209
1748621639.1971262,-10.217095110319782,2.516413927078247
1748621639.2376268,-10.207210974186198,2.5084054470062256
1748621639.2750888,-10.199631716169094,2.49777889251709
1748621639.3232584,-10.187632638379647,2.481926441192627
1748621639.3610594,-10.177407537049046,2.4743540287017822
1748621639.40156,-10.170533746783978,2.463191509246826
1748621639.4445605,-10.158252392593006,2.4521777629852295
1748621639.4818966,-10.150237300767296,2.4423038959503174
1748621639.515274,-10.14301983694067,2.434584617614746
1748621639.5515215,-10.13354036304055,2.4258882999420166
1748621639.5881517,-10.12575321778847,2.413158655166626
1748621639.621858,-10.116112655227843,2.4050018787384033
1748621639.6571531,-10.108802107411185,2.3923346996307373
1748621639.6906378,-10.09884996029795,2.382641553878784
1748621639.7240574,-10.091484838207776,2.3732123374938965
1748621639.7575116,-10.084356878577818,2.3610877990722656
1748621639.7911375,-10.07698015134679,2.3518717288970947
1748621639.824689,-10.06702665640439,2.3415675163269043
1748621639.8589218,-10.059892301266174,2.329892635345459
1748621639.8925378,-10.052688017181046,2.31866717338562
1748621639.926087,-10.045838723111919,2.3093178272247314
1748621639.960413,-10.035663576234677,2.302600860595703
1748621639.9939232,-10.02873431248693,2.293113946914673
1748621640.0348582,-10.018722797828442,2.2757997512817383
1748621640.0682485,-10.009448456398253,2.266559362411499
1748621640.1045337,-10.001840654124445,2.257355213165283
1748621640.142746,-9.992202603535384,2.2459981441497803
1748621640.1809587,-9.982757938226873,2.231973886489868
1748621640.216112,-9.975468785185605,2.2202789783477783
1748621640.2525802,-9.96846902366431,2.209306240081787
1748621640.2863781,-9.961575313212231,2.198699474334717
1748621640.3197894,-9.954145577698238,2.188199758529663
1748621640.3532386,-9.947161820691559,2.1778409481048584
1748621640.394261,-9.937401664935567,2.1648571491241455
1748621640.4359365,-9.925118311603178,2.15185546875
1748621640.4883773,-9.912565210997533,2.1328125
1748621640.523605,-9.90301065322971,2.1231026649475098
1748621640.5570068,-9.89568664556668,2.1133086681365967
1748621640.59482,-9.885722375705257,2.0993216037750244
1748621640.6283963,-9.878633265951805,2.0863399505615234
1748621640.661881,-9.871225174570565,2.0768747329711914
1748621640.6952963,-9.861416971332792,2.0671000480651855
1748621640.7288806,-9.854105286521802,2.0570015907287598
1748621640.764513,-9.846758620472816,2.043393135070801
1748621640.7979527,-9.836648557449701,2.033781051635742
1748621640.831663,-9.829425613586363,2.022252082824707
1748621640.8651943,-9.821975196275176,2.0114541053771973
1748621640.8986044,-9.811534646305988,2.0002336502075195
1748621640.9320104,-9.804866532926305,1.9914013147354126
1748621640.9654582,-9.795182485528969,1.9815483093261719
1748621641.0005097,-9.787780827477235,1.9698067903518677
1748621641.034077,-9.780263493084075,1.961213231086731
1748621641.0685601,-9.770185299182774,1.9523154497146606
1748621641.103207,-9.763062197386901,1.941085934638977
1748621641.1384528,-9.752996150696191,1.9318279027938843
1748621641.1719093,-9.745333168212397,1.9221417903900146
1748621641.2052877,-9.736329486237873,1.9113911390304565
1748621641.238881,-9.723370982443011,1.902522087097168
1748621641.2722547,-9.713612381949753,1.8932973146438599
1748621641.305656,-9.703321690434755,1.8837769031524658
1748621641.3390634,-9.693239315446181,1.8717374801635742
1748621641.3724706,-9.682475682447174,1.8621376752853394
1748621641.4058719,-9.67237904048995,1.8560115098953247
1748621641.4392686,-9.661517934802118,1.8467293977737427
1748621641.4726753,-9.651060951733122,1.8371084928512573
1748621641.5060768,-9.64018828338765,1.8278579711914062
1748621641.5394838,-9.629644228678126,1.8166612386703491
1748621641.5729513,-9.619489478959252,1.8080389499664307
1748621641.6064184,-9.608974844355366,1.798965334892273
1748621641.6398156,-9.59842843137168,1.7903550863265991
1748621641.6732602,-9.587872820334782,1.782412052154541
1748621641.7069345,-9.57732146701106,1.774560809135437
1748621641.7404118,-9.566758302745052,1.769010305404663
1748621641.7738523,-9.556188414564296,1.7585173845291138
1748621641.8073056,-9.54596549781534,1.751393437385559
1748621641.84084,-9.535013655190781,1.7443997859954834
1748621641.8742816,-9.52406713752028,1.7395654916763306
1748621641.907693,-9.51385131553085,1.7304009199142456
1748621641.9411001,-9.503257926166004,1.7237870693206787
1748621641.9745572,-9.492656459312625,1.7194775342941284
1748621642.007957,-9.482045608509239,1.711287498474121
1748621642.0413659,-9.467197816729122,1.7049061059951782
1748621642.0756235,-9.457283843296956,1.6979012489318848
1748621642.1093187,-9.446339603622953,1.692333459854126
1748621642.1429062,-9.436080007100141,1.6865289211273193
1748621642.1763802,-9.421931588090528,1.681343674659729
1748621642.209817,-9.411309011026557,1.6763248443603516
1748621642.2433157,-9.400699789369032,1.6711275577545166
1748621642.2767227,-9.393957676077518,1.6669150590896606
1748621642.310142,-9.382642192405136,1.6616346836090088
1748621642.3435473,-9.372366234690656,1.658943772315979
1748621642.3770094,-9.361729794581729,1.6533290147781372
1748621642.41042,-9.35112286593949,1.6487751007080078
1748621642.443928,-9.340469517054533,1.6451526880264282
1748621642.4773946,-9.329493244155147,1.6422548294067383
1748621642.5108027,-9.322404014064933,1.6382160186767578
1748621642.5442705,-9.312474364181963,1.6346583366394043
1748621642.5777118,-9.297971029758418,1.6303430795669556
1748621642.6111872,-9.287308787908412,1.6273294687271118
1748621642.6449232,-9.277000197883794,1.6248189210891724
1748621642.6783402,-9.26637364686656,1.6200693845748901
1748621642.71175,-9.255725947421928,1.617195725440979
1748621642.7452471,-9.244728536964029,1.6141360998153687
1748621642.7786548,-9.234427544827064,1.6117361783981323
1748621642.8120625,-9.219155456906002,1.6092363595962524
1748621642.8454685,-9.20921436922432,1.6070173978805542
1748621642.8788767,-9.19857770300014,1.6039069890975952
1748621642.9123147,-9.187564037070704,1.6009364128112793
1748621642.9458473,-9.177257045864392,1.5998096466064453
1748621642.9792552,-9.170151964486438,1.597802996635437
1748621643.0126097,-9.155962344032028,1.5950006246566772
1748621643.0460212,-9.144938878282849,1.5930304527282715
1748621643.0800085,-9.134255775797536,1.5918577909469604
1748621643.1138158,-9.120050264551438,1.5896093845367432
1748621643.1472352,-9.109388089220278,1.5873737335205078
1748621643.1807024,-9.099058918767673,1.586344599723816
1748621643.2141118,-9.088391136706518,1.5846093893051147
1748621643.2475338,-9.077382083199273,1.5835288763046265
1748621643.2809865,-9.067434862012378,1.5815459489822388
1748621643.3143964,-9.05637310682482,1.5813469886779785
1748621643.34798,-9.045340845682695,1.5795178413391113
1748621643.3818078,-9.031455958144829,1.5782496929168701
1748621643.415861,-9.020774667703812,1.577208399772644
1748621643.4492655,-9.010105100546909,1.576307773590088
1748621643.4827092,-8.999799091606254,1.5746780633926392
1748621643.516114,-8.989113138415723,1.5746958255767822
1748621643.5495262,-8.978094918355454,1.573238492012024
1748621643.582926,-8.96742299504029,1.5721383094787598
1748621643.6162784,-8.956735596275156,1.5717822313308716
1748621643.649749,-8.946063071348389,1.570288896560669
1748621643.6833234,-8.938947480321064,1.5695892572402954
1748621643.716736,-8.925056119650591,1.5693644285202026
1748621643.7502635,-8.917935816864398,1.5683916807174683
1748621643.783664,-8.907256692112938,1.567625880241394
1748621643.817023,-8.892672527690088,1.566955804824829
1748621643.8505692,-8.885559210229006,1.566287636756897
1748621643.8839762,-8.878804457386963,1.565890908241272
1748621643.9174018,-8.867785557497125,1.5654816627502441
1748621643.9519486,-8.861026344870128,1.5647555589675903
1748621643.985387,-8.84965701715261,1.564548373222351
1748621644.018831,-8.839348854818274,1.5644960403442383
1748621644.0522308,-8.832244173769483,1.5636121034622192
1748621644.0856507,-8.821936688352183,1.5634852647781372
1748621644.119053,-8.807368202727698,1.5632292032241821
1748621644.1524642,-8.7967056117775,1.5626420974731445
1748621644.1858752,-8.789593218911463,1.5624955892562866
1748621644.2197688,-8.775371372974913,1.562238097190857
1748621644.2536511,-8.768611235848574,1.5624299049377441
1748621644.2870586,-8.757590939592623,1.5623146295547485
1748621644.320519,-8.746919747448592,1.5621713399887085
1748621644.3540044,-8.740170381927248,1.5627001523971558
1748621644.3874283,-8.729152935593195,1.56183922290802
1748621644.4208362,-8.718090248433205,1.5623663663864136
1748621644.4542997,-8.707761079310748,1.562548041343689
1748621644.487707,-8.697940641532576,1.5624359846115112
1748621644.5211515,-8.688863558443511,1.5623050928115845
1748621644.554555,-8.684087016924936,1.5623887777328491
1748621644.5879343,-8.681488909937388,1.5626319646835327
1748621644.621836,-8.677638417124207,1.5622594356536865
1748621644.6553845,-8.674268375609586,1.5614055395126343
1748621644.6893153,-8.672007214196826,1.5618724822998047
1748621644.7227356,-8.668805346575141,1.5618579387664795
1748621644.756147,-8.665448354089547,1.5613621473312378
1748621644.78955,-8.66220255983438,1.5620019435882568
1748621644.8230226,-8.659088330782874,1.5609657764434814
1748621644.8564506,-8.655746970507986,1.5614392757415771
1748621644.889857,-8.65241551529622,1.5609104633331299
1748621644.923493,-8.64940788694577,1.5610997676849365
1748621644.9568975,-8.644896861991814,1.5601643323898315
1748621644.9903035,-8.641764388212215,1.5604825019836426
1748621645.0236697,-8.638600152461283,1.560031771659851
1748621645.0570707,-8.635445395601998,1.5588840246200562
1748621645.0905373,-8.632237508599218,1.559079647064209
1748621645.1239517,-8.629067182134788,1.5587818622589111
1748621645.1573584,-8.625913338777085,1.557875156402588
1748621645.1907725,-8.622830724527988,1.5574522018432617
1748621645.2242153,-8.619439699293757,1.5561950206756592
1748621645.2576678,-8.616875704894053,1.5562100410461426
1748621645.2910674,-8.613283132621262,1.5547746419906616
1748621645.3246553,-8.60932854232887,1.5540928840637207
1748621645.3580954,-8.606546810898891,1.5543993711471558
1748621645.3914952,-8.602694078606866,1.5533660650253296
1748621645.4249427,-8.597450239029337,1.5525670051574707
1748621645.4585767,-8.593439675127364,1.552094578742981
1748621645.4920468,-8.58958572260994,1.551434874534607
1748621645.5255072,-8.585803471777233,1.5492950677871704
1748621645.5589056,-8.580813207657998,1.5495641231536865
1748621645.5923505,-8.577264876528174,1.547444224357605
1748621645.625754,-8.573708199948213,1.5462679862976074
1748621645.6592112,-8.571362583453576,1.5449646711349487
1748621645.6926541,-8.567795976623673,1.545435905456543
1748621645.7260547,-8.56432976402511,1.5435454845428467
1748621645.7595656,-8.56082494956108,1.5425018072128296
1748621645.7929678,-8.558407340339336,1.5406516790390015
1748621645.8264506,-8.555138274629797,1.5404791831970215
1748621645.8599977,-8.551605131338752,1.5391871929168701
1748621645.893434,-8.548239612056761,1.5397380590438843
1748621645.927013,-8.544998436925285,1.5388051271438599
1748621645.9604151,-8.540775574160024,1.5373907089233398
1748621645.9938183,-8.538691417347797,1.5376555919647217
1748621646.0272305,-8.535744544262826,1.538239598274231
1748621646.0606446,-8.532970812244058,1.535820722579956
1748621646.0940492,-8.530245398665446,1.5350816249847412
1748621646.127529,-8.527345359831427,1.5346884727478027
1748621646.1609635,-8.52461166900949,1.533524513244629
1748621646.1945384,-8.521829541488577,1.5333062410354614
1748621646.228072,-8.519098614391657,1.531654715538025
1748621646.2622209,-8.516375935243024,1.5317398309707642
1748621646.2957008,-8.513814010224392,1.5317035913467407
1748621646.3291326,-8.511149827108392,1.5297660827636719
1748621646.3625364,-8.509375016386397,1.5299707651138306
1748621646.3959432,-8.506734381640554,1.5299246311187744
1748621646.4293478,-8.504420747251324,1.5284041166305542
1748621646.4627554,-8.502015368983281,1.5279934406280518
1748621646.4963627,-8.499672224396884,1.5284392833709717
1748621646.5299103,-8.497185944146636,1.5273184776306152
1748621646.5633147,-8.494724985574175,1.527502417564392
1748621646.596763,-8.492361943133888,1.5261601209640503
1748621646.6301775,-8.48936962493548,1.5260347127914429
1748621646.663583,-8.487078037934133,1.5251182317733765
1748621646.6970096,-8.484888041002476,1.5251556634902954
1748621646.730437,-8.482091092263158,1.5237611532211304
1748621646.763827,-8.480069421563252,1.5236070156097412
1748621646.797245,-8.47795264663781,1.523118257522583
1748621646.8306816,-8.476023554645202,1.5221750736236572
1748621646.8642101,-8.474699637115531,1.521919846534729
1748621646.898883,-8.472646158034026,1.5212841033935547
1748621646.932263,-8.470722480346554,1.5212202072143555
1748621646.9656847,-8.468062352367904,1.521496295928955
1748621646.9991333,-8.466861097960678,1.52092707157135
1748621647.032549,-8.464926226605542,1.5200632810592651
1748621647.0659568,-8.462434185275681,1.521012783050537
1748621647.0993981,-8.460717942377073,1.5195704698562622
1748621647.1328077,-8.458988480613192,1.5194255113601685
1748621647.166223,-8.457280741659924,1.5194376707077026
1748621647.1996286,-8.455592425529417,1.5187052488327026
1748621647.2331388,-8.453871434571626,1.5191452503204346
1748621647.2667031,-8.452220105201022,1.5183308124542236
1748621647.3008778,-8.450988105946124,1.5187844038009644
1748621647.3347914,-8.448676401814955,1.5178072452545166
1748621647.3679612,-8.446951833154953,1.5178416967391968
1748621647.40169,-8.4454227406253,1.5176359415054321
1748621647.435326,-8.443421433926385,1.5167454481124878
1748621647.4687185,-8.441974714501105,1.5160773992538452
1748621647.5022275,-8.440447609266121,1.5158075094223022
1748621647.5359669,-8.439046651900572,1.5156306028366089
1748621647.5693812,-8.43759053474071,1.514992356300354
1748621647.6027975,-8.436140763107602,1.5148444175720215
1748621647.6380572,-8.4352751688605,1.514343023300171
1748621647.6714737,-8.433928444035763,1.513866901397705
1748621647.7051356,-8.43259900274088,1.5136842727661133
1748621647.7389047,-8.431167814066661,1.513081669807434
1748621647.7723427,-8.430435234192956,1.512737512588501
1748621647.8058848,-8.42914674106349,1.5124861001968384
1748621647.8396373,-8.427907980399922,1.511961579322815
1748621647.8730447,-8.426586832054781,1.511907935142517
1748621647.9065762,-8.425329397517553,1.511277198791504
1748621647.939976,-8.424049163989865,1.5107691287994385
1748621647.9734287,-8.422892077386205,1.510629415512085
1748621648.0068846,-8.42171601212483,1.510748028755188
1748621648.0402544,-8.420559689750865,1.511000633239746
1748621648.0740135,-8.419460518251135,1.5104328393936157
1748621648.1074483,-8.418355868219692,1.5101927518844604
1748621648.1408536,-8.417630285782868,1.509598731994629
1748621648.174257,-8.41657044277795,1.5104373693466187
1748621648.2076616,-8.415146112734725,1.5096031427383423
1748621648.2410893,-8.414093813337617,1.5103687047958374
1748621648.2749214,-8.413068360485335,1.5098698139190674
1748621648.3083541,-8.412058696177663,1.5101430416107178
1748621648.342046,-8.410751028203855,1.5100479125976562
1748621648.3754463,-8.40979104527607,1.5101038217544556
1748621648.408854,-8.409191631349318,1.5099241733551025
1748621648.4422705,-8.408224449987172,1.509918451309204
1748621648.4757206,-8.407609672601122,1.5099225044250488
1748621648.5092156,-8.40670098021713,1.5098551511764526
1748621648.5426145,-8.40580688471016,1.5098342895507812
1748621648.5760145,-8.404927501908134,1.5098040103912354
1748621648.6109746,-8.404061533146987,1.509766697883606
1748621648.6445131,-8.403237622236777,1.5097339153289795
1748621648.677922,-8.402342489427053,1.5096949338912964
1748621648.711321,-8.401544366481108,1.5096622705459595
1748621648.7450428,-8.400731430943686,1.5096276998519897
1748621648.7789152,-8.399931404139872,1.509594202041626
1748621648.812344,-8.39937846142495,1.5095611810684204
1748621648.8460352,-8.39839394667285,1.5095295906066895
1748621648.8794756,-8.397742535926307,1.5094938278198242
1748621648.9128764,-8.397389830023618,1.5094844102859497
1748621648.9465299,-8.397198664068407,1.5094786882400513
1748621648.9799724,-8.397133196985749,1.5094754695892334
1748621649.0133793,-8.397093984298142,1.5094733238220215
1748621649.0469012,-8.397080598406246,1.5094724893569946
1748621649.0803418,-8.397074823463619,1.5094714164733887
1748621649.1137736,-8.397071463954875,1.509470820426941
1748621649.147188,-8.397069992736629,1.5094703435897827
1748621649.180709,-8.397069828796047,1.509468913078308
1748621649.2140875,-8.397069452674051,1.509468913078308
1748621649.2475107,-8.397069369070136,1.5094681978225708
1748621649.280996,-8.39706987600855,1.5094677209854126
1748621649.314639,-8.397069922500172,1.509467363357544
1748621649.3480456,-8.39706977699787,1.5094666481018066
1748621649.3814645,-8.397070269422125,1.5094661712646484
1748621649.4149556,-8.397069445795681,1.509466528892517
1748621649.448321,-8.397071367791348,1.5094659328460693
1748621649.4817665,-8.39707111386123,1.5094668865203857
1748621649.5151799,-8.397070637411911,1.509466290473938
1748621649.5485735,-8.397071268482081,1.5094653367996216
1748621649.582056,-8.397073079915142,1.5094661712646484
1748621649.6154754,-8.397073203564123,1.509466290473938
1748621649.64892,-8.397073265438236,1.5094658136367798
1748621649.682318,-8.39707337376048,1.5094654560089111
1748621649.715737,-8.397074302672532,1.509464979171753
1748621649.7491434,-8.397073903401065,1.5094650983810425
1748621649.7825541,-8.397073618574643,1.5094654560089111
1748621649.8159673,-8.397074281223567,1.5094648599624634
1748621649.8493814,-8.397074959417449,1.509465217590332
1748621649.8829176,-8.3970725510286,1.509487509727478
1748621649.9163504,-8.397061409938,1.509460210800171
1748621649.950316,-8.39706708709731,1.5094852447509766
1748621649.9837215,-8.397056930496854,1.509460687637329
1748621650.017145,-8.397060883860705,1.509474277496338
1748621650.0510767,-8.397057085654069,1.509462594985962
1748621650.0844839,-8.3970561434059,1.509468913078308
1748621650.1180913,-8.39705429303848,1.5094668865203857
1748621650.1515517,-8.397052685901699,1.5094660520553589
1748621650.1849182,-8.397051055019618,1.5094661712646484
1748621650.218321,-8.397049494606808,1.5094643831253052
1748621650.251712,-8.397047314733381,1.5094633102416992
1748621650.285915,-8.397045632979566,1.5094633102416992
1748621650.3193877,-8.39704372316804,1.509461760520935
1748621650.3531601,-8.397042132428709,1.5094623565673828
1748621650.3871658,-8.39704064465385,1.5094631910324097
1748621650.4214342,-8.397038914917992,1.5094609260559082
1748621650.4551036,-8.397037668646043,1.5094597339630127
1748621650.489395,-8.397036041901568,1.5094599723815918
1748621650.5228114,-8.397034088027244,1.509458303451538
1748621650.5562186,-8.3970318903553,1.5094590187072754
1748621650.5896392,-8.397030284900866,1.5094599723815918
1748621650.6230502,-8.39702856295699,1.5094587802886963
1748621650.6570356,-8.397027179212246,1.5094575881958008
1748621650.6905298,-8.397025272404044,1.5094563961029053
1748621650.7239535,-8.397023958636108,1.5094553232192993
1748621650.7573712,-8.397023038847564,1.5094553232192993
1748621650.7907848,-8.397021522336688,1.5094566345214844
1748621650.8243222,-8.397019433720011,1.5094554424285889
1748621650.8577309,-8.397017724441787,1.5094544887542725
1748621650.8911414,-8.397016101197675,1.5094537734985352
1748621650.924556,-8.397014169754277,1.5094525814056396
1748621650.957998,-8.397013256854489,1.5094512701034546
1748621650.9914207,-8.397011235776525,1.509450912475586
1748621651.0248702,-8.397009526479183,1.509450912475586
1748621651.0582592,-8.397008286238984,1.5094517469406128
1748621651.0917315,-8.397006666216544,1.509450912475586
1748621651.125386,-8.3970045631614,1.5094506740570068
1748621651.1588244,-8.397003069259014,1.5094493627548218
1748621651.192251,-8.397001310242958,1.509447455406189
1748621651.2257628,-8.397000336047023,1.509446382522583
1748621651.259163,-8.39699843491072,1.509446382522583
1748621651.2925665,-8.396996788749291,1.509447455406189
1748621651.3260117,-8.396995634149839,1.5094454288482666
1748621651.3594105,-8.396994144875888,1.5094459056854248
1748621651.3928337,-8.396992386240395,1.5094438791275024
1748621651.4262507,-8.396990801803396,1.5094431638717651
1748621651.4601686,-8.396989320014312,1.509442925453186
1748621651.4935355,-8.396987072103503,1.5094414949417114
1748621651.5270987,-8.396986281660276,1.5094412565231323
1748621651.5605085,-8.396984158654542,1.5094407796859741
1748621651.5938776,-8.396982475098369,1.5094414949417114
1748621651.627354,-8.396981059819645,1.5094398260116577
1748621651.6607568,-8.396979437604351,1.509440302848816
1748621651.6942587,-8.396977961862172,1.5094391107559204
1748621651.727673,-8.39697697446388,1.5094377994537354
1748621651.7610874,-8.396975474259973,1.5094375610351562
1748621651.7945392,-8.39697376796728,1.5094362497329712
1748621651.8279493,-8.396971704862413,1.5094362497329712
1748621651.8613527,-8.39696985500827,1.5094373226165771
1748621652.031966,-8.396961995663428,1.5090930461883545
1748621652.0698717,-8.395756548993605,1.508437991142273
1748621652.1038394,-8.39347959950982,1.5114188194274902
1748621652.1394167,-8.388579102989382,1.5137625932693481
1748621652.1769745,-8.379737346127875,1.520125389099121
1748621652.2109554,-8.373141181021426,1.5261563062667847
1748621652.245426,-8.363322773162016,1.5306735038757324
1748621652.2790506,-8.355857190389989,1.5378061532974243
1748621652.312954,-8.348063942818253,1.5432971715927124
1748621652.347358,-8.338040274896642,1.5477027893066406
1748621652.3815362,-8.330366459977023,1.556301474571228
1748621652.4163294,-8.32052395298576,1.5609915256500244
1748621652.451866,-8.310043397261552,1.5673472881317139
1748621652.4853148,-8.302668141084242,1.5742990970611572
1748621652.5196548,-8.292556900052508,1.5806193351745605
1748621652.5530586,-8.28490043742814,1.5882364511489868
1748621652.5905478,-8.274482442248242,1.5943410396575928
1748621652.6246746,-8.266855960368266,1.6017946004867554
1748621652.6598253,-8.259441054283021,1.6069047451019287
1748621652.6935186,-8.249255151623633,1.6122143268585205
1748621652.7268925,-8.241387646263343,1.6197925806045532
1748621652.7602513,-8.234049327421197,1.6256119012832642
1748621652.794127,-8.223679405152684,1.6314997673034668
1748621652.8275282,-8.21604692259502,1.6381977796554565
1748621652.8612864,-8.208722322363984,1.6442269086837769
1748621652.8999627,-8.201148220864967,1.6497222185134888
1748621652.9345822,-8.190766650982454,1.6574751138687134
1748621652.9679768,-8.183430738855494,1.6626136302947998
1748621653.0067961,-8.173309603159437,1.6700526475906372
1748621653.0402043,-8.165727509930237,1.6758198738098145
1748621653.0736647,-8.155608837856672,1.6812740564346313
1748621653.1070716,-8.14801907953637,1.6869332790374756
1748621653.1407824,-8.140424636788886,1.694433569908142
1748621653.1744003,-8.129793398399075,1.7004523277282715
1748621653.2082574,-8.12245171485881,1.7077791690826416
1748621653.2418203,-8.112578491646579,1.7132320404052734
1748621653.275238,-8.10498350837108,1.720747470855713
1748621653.3086479,-8.097388503979676,1.726578950881958
1748621653.3420448,-8.087261311913094,1.732028603553772
1748621653.3772068,-8.079412831869,1.7397363185882568
1748621653.4124968,-8.07207051997609,1.7433055639266968
1748621653.4467278,-8.061943191421793,1.7508244514465332
1748621653.480313,-8.05409470544368,1.7583457231521606
1748621653.5138626,-8.046752379280106,1.7639844417572021
1748621653.5472262,-8.038903337853876,1.76970636844635
1748621653.5807347,-8.028998328329664,1.7748017311096191
1748621653.614139,-8.021376346371996,1.7818717956542969
1748621653.647666,-8.013555094043493,1.7878273725509644
1748621653.6811507,-8.00344931664055,1.7938897609710693
1748621653.7185133,-7.995811481616217,1.8000990152359009
1748621653.7519228,-7.98591309300803,1.8055238723754883
1748621653.7853332,-7.978613965180903,1.8113987445831299
1748621653.8187363,-7.970478071234913,1.8168824911117554
1748621653.8529844,-7.96267021332353,1.8248149156570435
1748621653.8864486,-7.953065340446222,1.8303897380828857
1748621653.9198642,-7.945235677085439,1.8362964391708374
1748621653.9532816,-7.937646478622308,1.8435429334640503
1748621653.987437,-7.930069531358297,1.8492351770401
1748621654.02085,-7.920230563072068,1.855029582977295
1748621654.0543227,-7.912415329911076,1.8610142469406128
1748621654.0877292,-7.905095177038864,1.8685448169708252
1748621654.121327,-7.897541988435827,1.8741586208343506
1748621654.1549397,-7.88719478285324,1.8800632953643799
1748621654.1884646,-7.879608600608258,1.885526418685913
1748621654.2219574,-7.872031600919926,1.89296555519104
1748621654.2564573,-7.8621959682800195,1.8984335660934448
1748621654.2965856,-7.852357192266865,1.9058855772018433
1748621654.331026,-7.84425961584783,1.9133058786392212
1748621654.364453,-7.836921515027438,1.9187703132629395
1748621654.4009104,-7.826801287736721,1.92433500289917
1748621654.4460588,-7.816684719033027,1.9337458610534668
1748621654.480266,-7.806561197432647,1.939389944076538
1748621654.5156043,-7.798957709712801,1.9466966390609741
1748621654.5491812,-7.788814710117219,1.9519999027252197
1748621654.5825818,-7.781219652466187,1.9576330184936523
1748621654.616135,-7.773612861868749,1.965239405632019
1748621654.6495824,-7.765983232816796,1.9698365926742554
1748621654.6831632,-7.7557958491520305,1.9750642776489258
1748621654.716535,-7.748160230282093,1.980422854423523
1748621654.7499459,-7.740248757455658,1.9869328737258911
1748621654.7834668,-7.732821291301166,1.9923007488250732
1748621654.816875,-7.724950499675123,1.9978846311569214
1748621654.8528776,-7.7150426456932,2.0058844089508057
1748621654.8863935,-7.707511586645408,2.011770248413086
1748621654.9198174,-7.697339121050363,2.017080545425415
1748621654.953269,-7.689719880833051,2.024003267288208
1748621654.988312,-7.682056939930383,2.0292022228240967
1748621655.021813,-7.671918888987468,2.034801959991455
1748621655.055272,-7.664315483819024,2.0404984951019287
1748621655.088692,-7.656710296352522,2.047762632369995
1748621655.1244102,-7.646309676407382,2.0533084869384766
1748621655.1578152,-7.638761624003907,2.0594873428344727
1748621655.1924086,-7.631440795350029,2.066964626312256
1748621655.2258153,-7.621135246640562,2.0734574794769287
1748621655.2624273,-7.613578306462327,2.080599546432495
1748621655.2969275,-7.603696826223244,2.0856635570526123
1748621655.3317647,-7.596231503766424,2.094268560409546
1748621655.3651946,-7.5887588836403355,2.100555419921875
1748621655.3989322,-7.578796651231274,2.10722279548645
1748621655.4325082,-7.571088026100136,2.1165144443511963
1748621655.465966,-7.563581563313403,2.122542142868042
1748621655.4994297,-7.556306091766298,2.1282970905303955
1748621655.5329506,-7.54634071021398,2.134697198867798
1748621655.5663545,-7.538903251242543,2.1434879302978516
1748621655.5998929,-7.52872146441725,2.1506495475769043
1748621655.6334956,-7.521522243379768,2.1574594974517822
1748621655.6670198,-7.514021403235976,2.1657752990722656
1748621655.700431,-7.504014926262522,2.1742806434631348
1748621655.7340221,-7.496769012550021,2.183026075363159
1748621655.7676988,-7.489612422880939,2.1931233406066895
1748621655.8011034,-7.4818396571803225,2.199474811553955
1748621655.8344707,-7.472242017904086,2.2072317600250244
1748621655.8695376,-7.465006328599919,2.2188167572021484
1748621655.9031062,-7.455223640510998,2.2272884845733643
1748621655.9366379,-7.447919949747896,2.2396910190582275
1748621655.9701827,-7.440348462201512,2.248194456100464
1748621656.0042946,-7.430623128727353,2.25604248046875
1748621656.0380156,-7.423014196437191,2.2677550315856934
1748621656.071422,-7.4158837591630355,2.2757365703582764
1748621656.1059701,-7.406157250728747,2.2851593494415283
1748621656.1394157,-7.398268189075449,2.296407699584961
1748621656.1728203,-7.391314708889685,2.3046727180480957
1748621656.2062967,-7.381352330039144,2.314244508743286
1748621656.2401662,-7.374147308921688,2.3225138187408447
1748621656.2735744,-7.3663514055059185,2.3323416709899902
1748621656.307101,-7.3593541061414305,2.342514753341675
1748621656.3415234,-7.349510667528412,2.350698947906494
1748621656.3749683,-7.342032855733923,2.3586227893829346
1748621656.408486,-7.334607275010493,2.3698694705963135
1748621656.4422421,-7.326903528017488,2.377490520477295
1748621656.4756494,-7.316986598452582,2.385685920715332
1748621656.509617,-7.309822882196811,2.3964247703552246
1748621656.5440612,-7.302356648571713,2.403930187225342
1748621656.5778363,-7.294875251240142,2.411332845687866
1748621656.621427,-7.285070729994426,2.423207998275757
1748621656.663269,-7.2751792225231675,2.43314528465271
1748621656.7039688,-7.265367235496202,2.444305658340454
1748621656.7454772,-7.255539959195656,2.4559433460235596
1748621656.783625,-7.246285266950167,2.472080945968628
1748621656.8229778,-7.2365459041363405,2.4805421829223633
1748621656.8727555,-7.226665880429006,2.4940686225891113
1748621656.910302,-7.216362379246434,2.5054142475128174
1748621656.9481385,-7.206705489565234,2.513087272644043
1748621656.9835134,-7.199327753067286,2.5238311290740967
1748621657.021387,-7.1895186348664675,2.5327088832855225
1748621657.059868,-7.17988049159416,2.5437374114990234
1748621657.095676,-7.172216506071883,2.5551974773406982
1748621657.1367767,-7.162674569425166,2.5675530433654785
1748621657.1737185,-7.15286805086802,2.5762712955474854
1748621657.2072568,-7.145465919489452,2.5851619243621826
1748621657.245059,-7.135284887485543,2.59684419631958
1748621657.2804,-7.128187139146295,2.6089437007904053
1748621657.3232098,-7.118319210737724,2.620406150817871
1748621657.3641121,-7.108109235219149,2.631253957748413
1748621657.4115446,-7.095808847037817,2.6457154750823975
1748621657.4495802,-7.085778483762604,2.6560559272766113
1748621657.4831266,-7.078638678753514,2.664797067642212
1748621657.5219328,-7.0687607066483835,2.6758413314819336
1748621657.562623,-7.058893380410959,2.686722755432129
1748621657.5986207,-7.051483233625558,2.694788694381714
1748621657.632794,-7.04135262594926,2.7030141353607178
1748621657.668141,-7.0341697033736,2.7139980792999268
1748621657.7021632,-7.0266694857614365,2.72048020362854
1748621657.7356265,-7.016511461199248,2.7287306785583496
1748621657.7690356,-7.009267676070784,2.7359297275543213
1748621657.8024397,-7.001817386825509,2.7461531162261963
1748621657.836001,-6.9917268676861,2.7542924880981445
1748621657.8699615,-6.984420542325686,2.7624733448028564
1748621657.9040964,-6.976954201823175,2.767418146133423
1748621657.940091,-6.969528741409349,2.7776448726654053
1748621657.9778233,-6.95951154729197,2.7860162258148193
1748621658.012502,-6.951729762632827,2.7927606105804443
1748621658.0459318,-6.942008625187093,2.7993648052215576
1748621658.0793352,-6.934529005873994,2.8083224296569824
1748621658.1132882,-6.926767881371823,2.8143301010131836
1748621658.1466892,-6.9169720565083335,2.8202152252197266
1748621658.1812847,-6.909236222292229,2.8287737369537354
1748621658.2164295,-6.902026300592374,2.835911273956299
1748621658.249835,-6.89192468344139,2.8404154777526855
1748621658.2837164,-6.884410066604521,2.8479163646698
1748621658.3179939,-6.877016561183977,2.854318380355835
1748621658.3555818,-6.866870348765391,2.8584084510803223
1748621658.3889816,-6.859129410735178,2.865626335144043
1748621658.4229722,-6.849424715007792,2.87141752243042
1748621658.4581766,-6.841794353371893,2.878142833709717
1748621658.4918945,-6.831572909785823,2.882460594177246
1748621658.5253177,-6.8239805936949836,2.8876285552978516
1748621658.5588226,-6.81627685848766,2.8926491737365723
1748621658.5924466,-6.808266403993856,2.89924693107605
1748621658.6274602,-6.797854712545478,2.9035427570343018
1748621658.6608772,-6.790123216955072,2.9103517532348633
1748621658.6948454,-6.779524609342403,2.9149694442749023
1748621658.7289221,-6.772213846475176,2.9204392433166504
1748621658.7657418,-6.761645357481443,2.9241929054260254
1748621658.7991478,-6.7537266938751,2.9303934574127197
1748621658.8326445,-6.745497090370687,2.934659481048584
1748621658.866198,-6.737674327367946,2.9373717308044434
1748621658.8997025,-6.726954161170135,2.9407737255096436
1748621658.9331157,-6.7189169773420145,2.9438998699188232
1748621658.9665186,-6.7108972929774495,2.9472968578338623
1748621659.0000172,-6.70259060214313,2.950228214263916
1748621659.0343354,-6.694310955787562,2.953763723373413
1748621659.0679827,-6.686551918017245,2.956845283508301
1748621659.1021757,-6.6814634887318345,2.9596335887908936
1748621659.1355844,-6.673700212186619,2.9614644050598145
1748621659.169364,-6.6654207883403656,2.9648258686065674
1748621659.2028062,-6.657409784124085,2.96815824508667
1748621659.2362385,-6.652326056137715,2.971052885055542
1748621659.2696924,-6.644033493679233,2.974027395248413
1748621659.3031292,-6.636018475590686,2.9761297702789307
1748621659.3371944,-6.628009341400892,2.9793691635131836
1748621659.370637,-6.622667587400576,2.982652187347412
1748621659.4043229,-6.614379631761684,2.9845938682556152
1748621659.437727,-6.606883979590663,2.987030029296875
1748621659.4712548,-6.598349445612746,2.9907281398773193
1748621659.5047457,-6.593263522456453,2.993448495864868
1748621659.5381773,-6.584963321208733,2.9962267875671387
1748621659.5715945,-6.577216170831938,2.9994232654571533
1748621659.6050246,-6.569191462369805,3.002470016479492
1748621659.6384592,-6.56115715311914,3.0051608085632324
1748621659.672072,-6.553394460196152,3.0078327655792236
1748621659.705479,-6.544843232625215,3.0109291076660156
1748621659.7388942,-6.534122079150245,3.0140528678894043
1748621659.7722564,-6.526372449418192,3.0170230865478516
1748621659.8069274,-6.5183425433401245,3.019711494445801
1748621659.840344,-6.507637956625747,3.0224316120147705
1748621659.8738074,-6.499603244063268,3.024909019470215
1748621659.9072516,-6.491574976800553,3.0275156497955322
1748621659.940651,-6.48354667476582,3.030107259750366
1748621659.97406,-6.478195380115,3.0327742099761963
1748621660.0074582,-6.470164492749473,3.0351107120513916
1748621660.0409203,-6.462395216793947,3.037320375442505
1748621660.07433,-6.454095121775056,3.0396833419799805
1748621660.1078563,-6.443657640485142,3.0420124530792236
1748621660.1412563,-6.435360163906087,3.0444767475128174
1748621660.1746829,-6.427333435086267,3.0470290184020996
1748621660.2080991,-6.4195512358282505,3.049295663833618
1748621660.241524,-6.411250812381899,3.0507490634918213
1748621660.2749372,-6.403232809492375,3.0535011291503906
1748621660.3083193,-6.3956463631489155,3.0553152561187744
1748621660.3418536,-6.390465085974228,3.057546615600586
1748621660.3753345,-6.386071870166711,3.0582821369171143
1748621660.4087582,-6.382246811621099,3.058687925338745
1748621660.4421356,-6.377565798983806,3.059922456741333
1748621660.475551,-6.374177308245742,3.0599524974823
1748621660.509001,-6.371973853677615,3.0606303215026855
1748621660.5424376,-6.367529406162818,3.0613739490509033
1748621660.5757987,-6.364416301835069,3.0622007846832275
1748621660.6092017,-6.361149292260686,3.0631773471832275
1748621660.6426635,-6.358203106857209,3.062664270401001
1748621660.6760714,-6.354941239377979,3.0641415119171143
1748621660.709479,-6.351730093772071,3.0645766258239746
1748621660.7428892,-6.348526439553179,3.0653879642486572
1748621660.7762523,-6.344352119697962,3.0657336711883545
1748621660.8097157,-6.342108490769685,3.0664021968841553
1748621660.8432467,-6.338906929179148,3.0661771297454834
1748621660.8767016,-6.335647367786189,3.065861940383911
1748621660.9101603,-6.332518002014481,3.067189931869507
1748621660.9437153,-6.329241026680722,3.0664820671081543
1748621660.977154,-6.326383487923977,3.0672473907470703
1748621661.0106266,-6.323099044133604,3.065776824951172
1748621661.0441031,-6.3196607530095745,3.0659327507019043
1748621661.0776134,-6.314877842696686,3.0660955905914307
1748621661.1110244,-6.3124584019482475,3.065390110015869
1748621661.1445558,-6.307593007583713,3.063905954360962
1748621661.1780539,-6.3040579189249035,3.0642685890197754
1748621661.2115116,-6.3015260441955645,3.0626587867736816
1748621661.2449195,-6.296725738760707,3.0627248287200928
1748621661.2783704,-6.2943762810704555,3.061974287033081
1748621661.3117673,-6.289702248843507,3.062512159347534
1748621661.3452456,-6.287539178387936,3.061729669570923
1748621661.3787394,-6.284080631528736,3.060819149017334
1748621661.4121454,-6.28067286135177,3.0605030059814453
1748621661.4456632,-6.27662277560587,3.059966802597046
1748621661.479184,-6.273387949026098,3.0584659576416016
1748621661.5126019,-6.270227145992293,3.0587990283966064
1748621661.5460033,-6.267148751812866,3.05767560005188
1748621661.5794363,-6.264068329686228,3.055826187133789
1748621661.6130123,-6.26116614983675,3.055182456970215
1748621661.6464162,-6.258159414901622,3.0550358295440674
1748621661.6799393,-6.254291708808254,3.0528016090393066
1748621661.7133946,-6.251379021386707,3.0527613162994385
1748621661.7487488,-6.2495400473355485,3.0508811473846436
1748621661.7821646,-6.24596886161816,3.0515379905700684
1748621661.8157248,-6.243213907809374,3.0506229400634766
1748621661.8515236,-6.241448870227175,3.050077438354492
1748621661.8849616,-6.238755284814463,3.0493557453155518
1748621661.918639,-6.235337614555007,3.048997163772583
1748621661.9527576,-6.2329319518751625,3.047424793243408
1748621661.9864168,-6.230492406137897,3.047635078430176
1748621662.0198689,-6.227911379724303,3.0463054180145264
1748621662.0532622,-6.226255348433057,3.046476364135742
1748621662.0866745,-6.223818545631457,3.046970844268799
1748621662.120084,-6.220729493473258,3.0473365783691406
1748621662.1535327,-6.219177197955201,3.0476489067077637
1748621662.1869388,-6.216818408997003,3.046874523162842
1748621662.2203581,-6.214567590599548,3.0478603839874268
1748621662.2537787,-6.212338310151957,3.0472259521484375
1748621662.2872806,-6.21015376963071,3.0471270084381104
1748621662.3208275,-6.208037483235202,3.0485174655914307
1748621662.354233,-6.205981739629082,3.047637939453125
1748621662.3882983,-6.203105014176286,3.0487747192382812
1748621662.4217155,-6.201749667705377,3.0480217933654785
1748621662.4551444,-6.1990832421513735,3.0476677417755127
1748621662.4885633,-6.1971308012795205,3.0472702980041504
1748621662.5220535,-6.195265789518079,3.0474584102630615
1748621662.555524,-6.193390694834508,3.04604172706604
1748621662.588927,-6.191451032141268,3.0458269119262695
1748621662.622384,-6.1896101029897626,3.0457613468170166
1748621662.6558006,-6.187783188161455,3.0466864109039307
1748621662.689217,-6.1860367484281955,3.0457398891448975
1748621662.7226698,-6.184206060571541,3.0463054180145264
1748621662.75669,-6.183042455274699,3.0457611083984375
1748621662.790124,-6.181387360977758,3.0454623699188232
1748621662.8235266,-6.1802094697567425,3.0452330112457275
1748621662.856937,-6.17859960537014,3.0458626747131348
1748621662.8905017,-6.176890609518382,3.0452661514282227
1748621662.9248207,-6.174964738052576,3.045966863632202
1748621662.95829,-6.172816340891005,3.0458827018737793
1748621662.991762,-6.171697783541571,3.045095443725586
1748621663.025184,-6.169982308403893,3.0458872318267822
1748621663.0586545,-6.168904967989582,3.0461952686309814
1748621663.0920663,-6.167380610987004,3.0448386669158936
1748621663.125476,-6.165993423546476,3.0448222160339355
1748621663.1588902,-6.164976441020816,3.0445432662963867
1748621663.1923034,-6.163537210774342,3.0449440479278564
1748621663.2259848,-6.162144656028171,3.044078826904297
1748621663.25939,-6.160761272011805,3.043773651123047
1748621663.2928474,-6.159442123129408,3.0437562465667725
1748621663.326258,-6.158013805990033,3.043426990509033
1748621663.3596764,-6.1566818064585185,3.0431761741638184
1748621663.3930762,-6.155421896907312,3.0435285568237305
1748621663.426483,-6.154491133429058,3.043056011199951
1748621663.4598858,-6.152917456855081,3.0432820320129395
1748621663.4933667,-6.151596559269071,3.0427098274230957
1748621663.5267737,-6.149897243784884,3.0434062480926514
1748621663.5601788,-6.148629436269757,3.042447805404663
1748621663.5935755,-6.147387459694337,3.042447090148926
1748621663.6270497,-6.146198234726234,3.0423505306243896
1748621663.660557,-6.145077663303575,3.0422747135162354
1748621663.6939554,-6.143917088455632,3.041867256164551
1748621663.7273602,-6.142800737750305,3.0423054695129395
1748621663.7607782,-6.141703791113635,3.04146409034729
1748621663.7942688,-6.1406582262465,3.0413591861724854
1748621663.8276775,-6.139606305667663,3.0417873859405518
1748621663.8610878,-6.138575563707765,3.0410263538360596
1748621663.8944936,-6.137214783550654,3.0420031547546387
1748621663.9279113,-6.136227952375777,3.0413429737091064
1748621663.9613094,-6.135245932422646,3.042325258255005
1748621663.9951596,-6.134299877776575,3.0417280197143555
1748621664.0285482,-6.13332114336582,3.042506694793701
1748621664.0619533,-6.1324101824989246,3.042447566986084
1748621664.0953531,-6.131500053915508,3.042747735977173
1748621664.1287675,-6.130856136446962,3.042163372039795
1748621664.1621718,-6.129631220914232,3.042858362197876
1748621664.1955926,-6.129045330121419,3.043032169342041
1748621664.2291436,-6.128178004264254,3.042536973953247
1748621664.2626278,-6.127030418246663,3.0433545112609863
1748621664.296034,-6.126216530474979,3.043449878692627
1748621664.3297613,-6.125654816566662,3.0430829524993896
1748621664.3631825,-6.124788484929025,3.04355525970459
1748621664.3966236,-6.1239711598146265,3.044039249420166
1748621664.430027,-6.122888660558695,3.0439703464508057
1748621664.4634345,-6.122258614936755,3.0441341400146484
1748621664.4968476,-6.121882228451968,3.044135332107544
1748621664.5306852,-6.121630270251398,3.044156551361084
1748621664.5643063,-6.121537246569687,3.0441653728485107
1748621664.5977657,-6.121487827194829,3.044166326522827
1748621664.6312006,-6.12145780778522,3.044167995452881
1748621664.6646054,-6.121446267724601,3.0441691875457764
1748621664.6979935,-6.1214395477432415,3.0441696643829346
1748621664.7313988,-6.12143495564434,3.0441696643829346
1748621664.7656686,-6.121432143133658,3.0441696643829346
1748621664.7991116,-6.1214298728731,3.0441699028015137
1748621664.8326359,-6.1214279309434545,3.0441701412200928
1748621664.8670392,-6.121426073591266,3.0441699028015137
1748621664.9004595,-6.121423535369033,3.044170379638672
1748621664.9338324,-6.121421983851506,3.044170379638672
1748621664.967245,-6.121420306721379,3.044170379638672
1748621665.0006533,-6.121418292921994,3.0441701412200928
1748621665.0343437,-6.121416615981537,3.0441701412200928
1748621665.067695,-6.121414891044909,3.044170379638672
1748621665.1013098,-6.1214130625417535,3.044170379638672
1748621665.134849,-6.121411511024227,3.044171094894409
1748621665.168291,-6.121410055035326,3.044170379638672
1748621665.201699,-6.1214079714289165,3.044170618057251
1748621665.2354314,-6.121406841496822,3.044170618057251
1748621665.2730653,-6.121404985912023,3.044171094894409
1748621665.3070576,-6.121403540974495,3.044170379638672
1748621665.3436365,-6.121401575100784,3.044170618057251
1748621665.377083,-6.121399863633506,3.044170618057251
1748621665.4104881,-6.121398186503388,3.04417085647583
1748621665.4438882,-6.12139626167167,3.044170618057251
1748621665.4773111,-6.121394279733991,3.044170618057251
1748621665.5107117,-6.12139273022815,3.04417085647583
1748621665.544164,-6.121390705784344,3.044171094894409
1748621665.577562,-6.121389138930952,3.044171094894409
1748621665.611002,-6.121387532154473,3.044171094894409
1748621665.6444135,-6.121385658190879,3.04417085647583
1748621665.6778202,-6.121384223652541,3.044170618057251
1748621665.7112236,-6.121382562243977,3.044171094894409
1748621665.7446299,-6.12138101072645,3.044171094894409
1748621665.7780743,-6.121378906358183,3.0441713333129883
1748621665.8115141,-6.12137744809155,3.0441713333129883
1748621665.844957,-6.121375655886949,3.0441715717315674
1748621665.878367,-6.121373899140739,3.0441713333129883
1748621665.9117749,-6.121372247017993,3.0441713333129883
1748621665.9452918,-6.121370658850237,3.0441713333129883
1748621665.9786978,-6.12136900758204,3.0441713333129883
1748621666.0120986,-6.121367575076993,3.0441713333129883
1748621666.045589,-6.121365902081671,3.0441715717315674
1748621666.078954,-6.121363858227548,3.044171094894409
1748621666.1124623,-6.121362150777654,3.0441715717315674
1748621666.1459024,-6.121360837155534,3.0441715717315674
1748621666.1793008,-6.121359185032791,3.0441713333129883
1748621666.212753,-6.121356667798398,3.0441718101501465
1748621666.2462137,-6.121354890516769,3.0441715717315674
1748621666.2796118,-6.121353184189748,3.0441713333129883
1748621666.3130155,-6.121351741260071,3.0441720485687256
1748621666.3464231,-6.121350052688848,3.0441713333129883
1748621666.379905,-6.121348133384563,3.0441715717315674
1748621666.4133298,-6.121346407607343,3.0441715717315674
1748621666.4467196,-6.121344965111633,3.0441713333129883
1748621666.480313,-6.121343237191976,3.0441715717315674
1748621666.5138755,-6.121341680329067,3.0441718101501465
1748621666.5473335,-6.121340244322658,3.0441720485687256
1748621666.5807755,-6.121338563119603,3.0441715717315674
1748621666.61418,-6.121336995186018,3.0441718101501465
1748621666.6475918,-6.121334863830032,3.0441720485687256
1748621666.6809971,-6.121333208205929,3.0441720485687256
1748621666.7144144,-6.121331105260229,3.0441722869873047
1748621666.7480006,-6.121329189946748,3.0441720485687256
1748621666.7815132,-6.121327487292132,3.0441718101501465
1748621666.8149486,-6.121326052775428,3.0441715717315674
1748621666.8483665,-6.121324458012396,3.0441720485687256
1748621666.8817248,-6.121322906487601,3.0441722869873047
1748621666.915286,-6.121321295713124,3.0441720485687256
1748621666.9487183,-6.121319856922397,3.044172763824463
1748621666.9821236,-6.121318040499423,3.0441720485687256
1748621667.0155268,-6.1213161208663225,3.0441718101501465
1748621667.0489337,-6.121314376445799,3.0441722869873047
1748621667.0823524,-6.121312926126254,3.044172763824463
1748621667.116755,-6.121311229402779,3.0441720485687256
1748621667.150165,-6.121310277732828,3.0441720485687256
1748621667.1835945,-6.121308835747639,3.0441722869873047
1748621667.2170348,-6.121307084509242,3.044172525405884
1748621667.2505198,-6.121305654001277,3.0441722869873047
1748621667.2840047,-6.121303422961794,3.044172525405884
1748621667.3174148,-6.121301988445112,3.0441722869873047
1748621667.3508668,-6.121299765476463,3.0441722869873047
1748621667.3843062,-6.121298191151343,3.044172525405884
1748621667.4177465,-6.121296586393712,3.044172763824463
1748621667.4511886,-6.121294129630516,3.044172763824463
1748621667.5459177,-6.12128981206047,3.0441722869873047
1748621667.5793295,-6.118945227451274,3.0440688133239746
1748621667.6127348,-6.1125222532711705,3.0451786518096924
1748621667.6514707,-6.101392753039022,3.045421600341797
1748621667.6878314,-6.091808375553384,3.0429108142852783
1748621667.7220807,-6.082410294217424,3.0401129722595215
1748621667.756507,-6.070709664097528,3.0319130420684814
1748621667.790042,-6.062131827986877,3.0178890228271484
1748621667.8234599,-6.053270059517075,3.0152945518493652
1748621667.856877,-6.041344477334664,3.0124266147613525
1748621667.8913963,-6.032348072460252,3.00449800491333
1748621667.9252124,-6.02360675608006,2.9955615997314453
1748621667.9588852,-6.012595931029232,2.986314296722412
1748621667.9922664,-6.004301331670703,2.981013536453247
1748621668.0260363,-5.99346091824515,2.9789323806762695
1748621668.0595896,-5.9866305615376865,2.9707024097442627
1748621668.092991,-5.980240278794913,2.9601197242736816
1748621668.1264744,-5.973337411233898,2.950821876525879
1748621668.1599324,-5.966206814538828,2.942713975906372
1748621668.1934514,-5.95894686959526,2.9348320960998535
1748621668.2275887,-5.949186283893142,2.926600217819214
1748621668.2649896,-5.939350124520496,2.9156243801116943
1748621668.2991195,-5.931707615480158,2.904611110687256
1748621668.3328514,-5.922080732157385,2.8963449001312256
1748621668.3662574,-5.914671061987651,2.885317325592041
1748621668.3996615,-5.907259654547808,2.8765242099761963
1748621668.4330657,-5.897378018852185,2.869040012359619
1748621668.4670687,-5.890022989121631,2.8686366081237793
1748621668.5008085,-5.883161472363822,2.868016481399536
1748621668.5346076,-5.874459123734248,2.8611392974853516
1748621668.568015,-5.867732316621238,2.8511857986450195
1748621668.6014185,-5.860722361813779,2.8436384201049805
1748621668.6352139,-5.8513411045603485,2.835719108581543
1748621668.6687841,-5.8440157430737845,2.827677011489868
1748621668.7025068,-5.836654999590146,2.816760301589966
1748621668.7362766,-5.826812467735369,2.8084983825683594
1748621668.7696817,-5.819415561032467,2.7972259521484375
1748621668.8030968,-5.812014645302621,2.7892260551452637
1748621668.8370695,-5.804606609376942,2.780956745147705
1748621668.8706353,-5.794231467459671,2.7721283435821533
1748621668.9040422,-5.787313964068382,2.7610957622528076
1748621668.9378383,-5.777431031686397,2.7533745765686035
1748621668.9717588,-5.769772685276613,2.7420666217803955
1748621669.005163,-5.762363039716853,2.7340657711029053
1748621669.0391755,-5.75273115472399,2.725796937942505
1748621669.0730195,-5.745322468657391,2.717519760131836
1748621669.1081035,-5.737913069017789,2.7064876556396484
1748621669.1415071,-5.730503073602847,2.697387456893921
1748621669.174916,-5.720375133834624,2.689662218093872
1748621669.2092276,-5.713211865356053,2.67863392829895
1748621669.2428114,-5.703333951018564,2.670635461807251
1748621669.277057,-5.695680185329154,2.6593308448791504
1748621669.3106573,-5.68852166244463,2.651341676712036
1748621669.344306,-5.678155960996842,2.64031720161438
1748621669.3778038,-5.671244772854553,2.6320791244506836
1748621669.4112253,-5.663594973359513,2.6237237453460693
1748621669.4446375,-5.653986330029653,2.6154773235321045
1748621669.4780731,-5.646564407956435,2.6074936389923096
1748621669.5115156,-5.638928957953505,2.5966246128082275
1748621669.544961,-5.631807330024065,2.5883870124816895
1748621669.578373,-5.621986608370746,2.5801682472229004
1748621669.6118257,-5.614624543797543,2.5719189643859863
1748621669.645278,-5.6072584222458834,2.560426712036133
1748621669.6790206,-5.597441503184876,2.552703619003296
1748621669.7124283,-5.589809544920578,2.5442326068878174
1748621669.7480845,-5.582658476225409,2.533682107925415
1748621669.784196,-5.572554478108116,2.522712230682373
1748621669.8195834,-5.565372338999894,2.514927625656128
1748621669.8533263,-5.555251351376126,2.5064616203308105
1748621669.8870282,-5.548075177683807,2.496063470840454
1748621669.920437,-5.538146317917093,2.4881820678710938
1748621669.9538653,-5.530377181098074,2.479259967803955
1748621669.9886186,-5.520900512184295,2.470609426498413
1748621670.0246632,-5.513554370506911,2.45990252494812
1748621670.0591092,-5.506093445324575,2.4523282051086426
1748621670.0926158,-5.496343991600388,2.441830635070801
1748621670.1259828,-5.48891712737795,2.4337501525878906
1748621670.1594145,-5.481538618118472,2.4271576404571533
1748621670.1929293,-5.471606778850058,2.4195165634155273
1748621670.2295794,-5.4643023639247215,2.407609224319458
1748621670.263162,-5.456955193916026,2.3992788791656494
1748621670.3017983,-5.44678389076051,2.391146183013916
1748621670.3367786,-5.439439629250175,2.379763603210449
1748621670.380183,-5.4299338471161755,2.367114305496216
1748621670.4135869,-5.422395895768657,2.3577003479003906
1748621670.447054,-5.412611565687474,2.3478472232818604
1748621670.4804747,-5.405310124547705,2.334500551223755
1748621670.513856,-5.398028704198466,2.328446388244629
1748621670.547438,-5.38825223197751,2.320484161376953
1748621670.5808952,-5.380860673188265,2.306835651397705
1748621670.6150675,-5.373958450155807,2.2998294830322266
1748621670.6502404,-5.366586610201399,2.290924310684204
1748621670.683694,-5.356630865091879,2.2816336154937744
1748621670.7171345,-5.348844778544464,2.272169828414917
1748621670.7509363,-5.341571075034002,2.26497220993042
1748621670.7854104,-5.332391651992806,2.255484104156494
1748621670.819733,-5.3255953843366495,2.2435848712921143
1748621670.853147,-5.3178825107232885,2.2358763217926025
1748621670.8874643,-5.310767881908741,2.2253470420837402
1748621670.9209068,-5.301206167081097,2.2138664722442627
1748621670.9543812,-5.294132321646294,2.2026119232177734
1748621670.987818,-5.287079075515189,2.1932053565979004
1748621671.0215404,-5.279623375283645,2.1831676959991455
1748621671.0549862,-5.269871626421027,2.1736092567443848
1748621671.1001916,-5.260266974689961,2.158594846725464
1748621671.1441076,-5.250462937052481,2.146721124649048
1748621671.1776943,-5.243070289096245,2.1372151374816895
1748621671.211491,-5.235772677319968,2.1306612491607666
1748621671.2449088,-5.228185041215175,2.120689868927002
1748621671.2783277,-5.22049314838726,2.10952091217041
1748621671.3117294,-5.213699671054314,2.098632335662842
1748621671.3456242,-5.203893102074948,2.089879035949707
1748621671.3790443,-5.196536164131068,2.0805134773254395
1748621671.4125352,-5.189080077913771,2.068781852722168
1748621671.4459472,-5.181807166988614,2.0585665702819824
1748621671.479349,-5.171791548954235,2.049107074737549
1748621671.512797,-5.164371870609452,2.0375447273254395
1748621671.5462296,-5.154941500960755,2.0271873474121094
1748621671.5796323,-5.147230140174979,2.0178334712982178
1748621671.613034,-5.139996140203183,2.006962776184082
1748621671.646439,-5.130070579045897,1.9964203834533691
1748621671.6798751,-5.122842004487411,1.985222339630127
1748621671.7133002,-5.115072300826234,1.9770196676254272
1748621671.7467697,-5.107846555391021,1.9686747789382935
1748621671.7801812,-5.094984951449609,1.9603171348571777
1748621671.8135881,-5.085435169771778,1.9489860534667969
1748621671.8470712,-5.075151786459093,1.9409749507904053
1748621671.8804739,-5.065012952486438,1.9308645725250244
1748621671.913885,-5.054292932644374,1.9220119714736938
1748621671.9473383,-5.044208852614398,1.9128104448318481
1748621671.9807422,-5.033448247523191,1.903017282485962
1748621672.0141404,-5.0236951192849055,1.8935273885726929
1748621672.0476785,-5.0131717204912505,1.8845133781433105
1748621672.081098,-5.002301837814652,1.8757481575012207
1748621672.115221,-4.991786432820369,1.8694052696228027
1748621672.1486418,-4.981298104215188,1.8600366115570068
1748621672.182121,-4.97077223383864,1.8480582237243652
1748621672.2155666,-4.9602471590103505,1.8390891551971436
1748621672.2489738,-4.945876744201537,1.82974374294281
1748621672.282453,-4.9356897565517075,1.8212761878967285
1748621672.3159463,-4.9251368437887475,1.8099857568740845
1748621672.3494737,-4.914598323169452,1.8015340566635132
1748621672.3828776,-4.904038521762598,1.7933167219161987
1748621672.4162595,-4.890353920878375,1.785081386566162
1748621672.4506457,-4.882941034437431,1.7772706747055054
1748621672.4840457,-4.872712727283936,1.769717812538147
1748621672.517448,-4.862140845874765,1.7624961137771606
1748621672.550906,-4.85121303907194,1.7550568580627441
1748621672.584353,-4.84059091902227,1.7484867572784424
1748621672.6177876,-4.830036724209168,1.7412443161010742
1748621672.6512299,-4.819459110412326,1.7343858480453491
1748621672.6846364,-4.808870564577024,1.7277400493621826
1748621672.7183187,-4.794713936569428,1.721718192100525
1748621672.7518218,-4.784473154244782,1.715693712234497
1748621672.7852204,-4.777062340776633,1.7092697620391846
1748621672.8186748,-4.766806128319143,1.7035367488861084
1748621672.8520734,-4.755822490829969,1.700022578239441
1748621672.8854716,-4.745244866050691,1.692110538482666
1748621672.9188714,-4.734618518399207,1.6886848211288452
1748621672.9522445,-4.723974915181434,1.6840577125549316
1748621672.985769,-4.71376516982612,1.6781758069992065
1748621673.019193,-4.702773095378903,1.6715960502624512
1748621673.0525975,-4.692164625367003,1.6663490533828735
1748621673.0860014,-4.681513320198895,1.6627994775772095
1748621673.119408,-4.667306547038671,1.6591362953186035
1748621673.152827,-4.656715878068254,1.6529709100723267
1748621673.1870973,-4.645675290152798,1.6496244668960571
1748621673.2205787,-4.635392802943371,1.645619511604309
1748621673.2541287,-4.62085564420115,1.6410037279129028
1748621673.2875793,-4.610490533633484,1.6380258798599243
1748621673.3210132,-4.599492844322267,1.6331831216812134
1748621673.3544338,-4.589133466602326,1.6310166120529175
1748621673.387842,-4.578845635892792,1.627943515777588
1748621673.4212556,-4.5717559934812035,1.624330759048462
1748621673.4547443,-4.561067975006983,1.6220306158065796
1748621673.4881673,-4.55005646344762,1.6188138723373413
1748621673.5215778,-4.539389702479357,1.6167770624160767
1748621673.555024,-4.528688117800938,1.6141833066940308
1748621673.5884986,-4.5144684185663335,1.6112408638000488
1748621673.621978,-4.5038026650481475,1.6088573932647705
1748621673.655564,-4.493141490491532,1.6057476997375488
1748621673.68903,-4.482845332904963,1.6033048629760742
1748621673.72274,-4.4718362753876315,1.6015852689743042
1748621673.7562113,-4.461148397686428,1.5999541282653809
1748621673.7896302,-4.450495652957766,1.5973706245422363
1748621673.8230057,-4.4363037259948035,1.5955411195755005
1748621673.8565073,-4.425674683526385,1.5949057340621948
1748621673.890702,-4.415072069798082,1.5925432443618774
1748621673.9241686,-4.40478866509634,1.5898641347885132
1748621673.9576626,-4.393398735118613,1.5886361598968506
1748621673.991074,-4.382709707310194,1.5884712934494019
1748621674.0244844,-4.3723942230984365,1.5865858793258667
1748621674.0578904,-4.361714506305426,1.5850398540496826
1748621674.0913322,-4.35104637455127,1.583810806274414
1748621674.1247342,-4.340732236981392,1.5823911428451538
1748621674.1582077,-4.3261590817300695,1.5811727046966553
1748621674.1916246,-4.315487046176174,1.5804975032806396
1748621674.2250276,-4.305177827623918,1.5794895887374878
1748621674.2588,-4.294510128693111,1.5783075094223022
1748621674.2922273,-4.283844062551831,1.577296495437622
1748621674.325738,-4.272826165879779,1.5760762691497803
1748621674.3592048,-4.262166651452664,1.5749002695083618
1748621674.392602,-4.25150383108063,1.5744242668151855
1748621674.4262238,-4.244396313128223,1.5736178159713745
1748621674.4596722,-4.233736424990892,1.572797417640686
1748621674.4931047,-4.223077405882861,1.5722283124923706
1748621674.526509,-4.212772090469083,1.5715980529785156
1748621674.5599544,-4.20211290707011,1.5703935623168945
1748621674.5935402,-4.191099748580418,1.5693554878234863
1748621674.6272163,-4.180438476707743,1.5689470767974854
1748621674.6606824,-4.169778131505032,1.5685957670211792
1748621674.6943285,-4.15947432191493,1.5678938627243042
1748621674.727777,-4.152012506519534,1.567197322845459
1748621674.7611816,-4.141353870572875,1.5668773651123047
1748621674.7946503,-4.13105079690812,1.565947413444519
1748621674.828101,-4.120037962469149,1.565211296081543
1748621674.8617544,-4.1093783699384945,1.5649951696395874
1748621674.8954582,-4.095528621206917,1.5639110803604126
1748621674.9289067,-4.084513823390232,1.5634143352508545
1748621674.962312,-4.074208073222656,1.5634852647781372
1748621674.9957135,-4.062840860406983,1.5625739097595215
1748621675.02913,-4.0525365318948365,1.5621325969696045
1748621675.062527,-4.0383228955323,1.561873435974121
1748621675.0960004,-4.0312158523306625,1.5618910789489746
1748621675.1296554,-4.020556901001261,1.5616025924682617
1748621675.1630616,-4.009898639912041,1.5612674951553345
1748621675.196471,-3.9992396201457887,1.561123251914978
1748621675.2298715,-3.9885815376569895,1.5609320402145386
1748621675.2632692,-3.9779235097457035,1.5608904361724854
1748621675.2967439,-3.9669102971056915,1.5611053705215454
1748621675.3306253,-3.956253852322599,1.5606845617294312
1748621675.364063,-3.945951828404943,1.5608431100845337
1748621675.3974645,-3.935294143818124,1.5609334707260132
1748621675.4309082,-3.924636757638699,1.560553789138794
1748621675.4644268,-3.91788730185054,1.5606772899627686
1748621675.4978323,-3.906873578617325,1.5605171918869019
1748621675.5318487,-3.8962167058144326,1.5605567693710327
1748621675.5652547,-3.8855591264574874,1.5607649087905884
1748621675.5986621,-3.8749023532994675,1.5608465671539307
1748621675.6322422,-3.8642443222564,1.56082022190094
1748621675.6662169,-3.8535892730502432,1.5615286827087402
1748621675.699906,-3.8425795508724483,1.561083436012268
1748621675.733609,-3.831920825730136,1.5619745254516602
1748621675.7670295,-3.821605206787287,1.5615898370742798
1748621675.8004727,-3.8083313924090314,1.5624088048934937
1748621675.833958,-3.8018140586720697,1.5614877939224243
1748621675.8674333,-3.796514178400268,1.562434196472168
1748621675.9008732,-3.79190648317349,1.5616809129714966
1748621675.934272,-3.7880787083303016,1.5621942281723022
1748621675.9679673,-3.7844327324971103,1.5618449449539185
1748621676.0016477,-3.7809901763454197,1.5614168643951416
1748621676.0352986,-3.7776543366428172,1.5611248016357422
1748621676.0687265,-3.7743646002670004,1.5615285634994507
1748621676.102248,-3.771055460802872,1.5605616569519043
1748621676.1357148,-3.76768937596278,1.5612778663635254
1748621676.1699378,-3.7644865763557442,1.5600179433822632
1748621676.2033513,-3.7612046269349024,1.5604456663131714
1748621676.2367704,-3.7579836428240734,1.559836745262146
1748621676.2701726,-3.754759118817636,1.5592026710510254
1748621676.303583,-3.751436673612042,1.5595940351486206
1748621676.337052,-3.7482784879331894,1.5588933229446411
1748621676.3712175,-3.7452059281440593,1.558221697807312
1748621676.4048426,-3.7428632033093963,1.5580476522445679
1748621676.4382753,-3.7387136751739236,1.557899832725525
1748621676.4720585,-3.7355065573105333,1.5576741695404053
1748621676.5063002,-3.7323349665345473,1.5574854612350464
1748621676.5397537,-3.729183536702226,1.556086540222168
1748621676.5731833,-3.725912218483708,1.5553666353225708
1748621676.6065934,-3.7221734767279417,1.5545921325683594
1748621676.6400073,-3.7180096260754927,1.55448579788208
1748621676.6734116,-3.7126227723777303,1.5527703762054443
1748621676.7068255,-3.708369814418192,1.5519424676895142
1748621676.740334,-3.7042503525498347,1.5536093711853027
1748621676.7737346,-3.700518757205248,1.5521970987319946
1748621676.8071432,-3.6979507903145503,1.549552083015442
1748621676.840546,-3.6925258549894813,1.5498331785202026
1748621676.8740308,-3.688623211708106,1.5469865798950195
1748621676.9074397,-3.684774781067837,1.5468345880508423
1748621676.9408424,-3.6808149485662818,1.5448657274246216
1748621676.9742599,-3.6770548988078806,1.5458804368972778
1748621677.0076706,-3.6732526075279885,1.5441995859146118
1748621677.041512,-3.6692434770283993,1.5437209606170654
1748621677.0750234,-3.6654558857905033,1.5407465696334839
1748621677.1084604,-3.6618973753504873,1.539920449256897
1748621677.1418874,-3.6582324307876206,1.5394138097763062
1748621677.175555,-3.654910886922896,1.5374995470046997
1748621677.2090728,-3.651462147631704,1.5372281074523926
1748621677.2425551,-3.6480769828045903,1.5368523597717285
1748621677.275973,-3.644767248311713,1.5357797145843506
1748621677.3096454,-3.642590393467774,1.5347354412078857
1748621677.3430793,-3.6393325907512484,1.5346919298171997
1748621677.3769014,-3.636147458663322,1.5330908298492432
1748621677.4103591,-3.6330754943737738,1.5328898429870605
1748621677.4437664,-3.629856988943925,1.5315220355987549
1748621677.4771755,-3.626755129069974,1.5318653583526611
1748621677.5105999,-3.623889111714686,1.5296142101287842
1748621677.5439968,-3.620834492694415,1.5309540033340454
1748621677.5774477,-3.617901357680979,1.5292741060256958
1748621677.6109972,-3.614923524045452,1.5290653705596924
1748621677.644396,-3.6113053575560414,1.5299245119094849
1748621677.6778605,-3.608606829737569,1.5282570123672485
1748621677.711273,-3.605025985702398,1.5276532173156738
1748621677.7446759,-3.602291322885746,1.5281486511230469
1748621677.7780807,-3.5998065034733764,1.52692711353302
1748621677.8114805,-3.597255578960607,1.526469111442566
1748621677.8449278,-3.5947288460963036,1.5269999504089355
1748621677.87835,-3.592312186354992,1.525420904159546
1748621677.9118075,-3.589967725888935,1.5247787237167358
1748621677.9452047,-3.5875047101937017,1.5239225625991821
1748621677.978727,-3.5851451808465304,1.5238288640975952
1748621678.012264,-3.582784757626065,1.5228853225708008
1748621678.0457492,-3.580417372875721,1.523555874824524
1748621678.0798094,-3.5781241147045617,1.5229332447052002
1748621678.1132536,-3.575848749463363,1.5221627950668335
1748621678.1467342,-3.5735146023886406,1.5227227210998535
1748621678.1802034,-3.5714634874381086,1.5222949981689453
1748621678.2136054,-3.5694446623173337,1.520973563194275
1748621678.2470777,-3.566648461338732,1.5214661359786987
1748621678.2806532,-3.565445498776269,1.5211069583892822
1748621678.314059,-3.5633791002082504,1.5204585790634155
1748621678.3475008,-3.5608007106632975,1.5202840566635132
1748621678.3809052,-3.558781537062671,1.5203901529312134
1748621678.414315,-3.556856607673362,1.5200581550598145
1748621678.4477196,-3.555609834174346,1.51996910572052
1748621678.4811559,-3.5532151771387572,1.518953561782837
1748621678.5145662,-3.5514054796923875,1.5180234909057617
1748621678.5479746,-3.5495871446871914,1.5175305604934692
1748621678.5813875,-3.547797943669602,1.517514705657959
1748621678.6148753,-3.546032663022459,1.5165523290634155
1748621678.6484342,-3.543604690001192,1.5167442560195923
1748621678.681833,-3.5425074797176253,1.515920639038086
1748621678.7152383,-3.5407616589117974,1.5163072347640991
1748621678.7486353,-3.538481804426094,1.5149478912353516
1748621678.7820363,-3.5373366594771927,1.5156465768814087
1748621678.8155043,-3.5355761145195523,1.5147347450256348
1748621678.8489265,-3.533909597245211,1.5152678489685059
1748621678.8823767,-3.532834201360507,1.5151331424713135
1748621678.9157932,-3.531712657436747,1.514954924583435
1748621678.949321,-3.530064507726644,1.5149656534194946
1748621678.9827218,-3.528087188732894,1.5145343542099
1748621679.016128,-3.526490998709453,1.5155091285705566
1748621679.0497856,-3.525422519166158,1.5147485733032227
1748621679.0832453,-3.5239386018133936,1.5155096054077148
1748621679.1166809,-3.5224069890743412,1.5150142908096313
1748621679.1502512,-3.5209151667814287,1.515359878540039
1748621679.1836975,-3.5195062194820284,1.515205979347229
1748621679.217143,-3.518170957118604,1.5152781009674072
1748621679.2506442,-3.5169060198305147,1.5152714252471924
1748621679.2840865,-3.5160643374451004,1.5152636766433716
1748621679.3175054,-3.51477020643055,1.5154902935028076
1748621679.3508987,-3.5135594770536853,1.5150635242462158
1748621679.3842883,-3.512290894900989,1.5157005786895752
1748621679.4177067,-3.5110705847939845,1.5150283575057983
1748621679.4511366,-3.510240686281854,1.515782117843628
1748621679.484799,-3.5090606259506583,1.5154621601104736
1748621679.5182285,-3.5074786536283344,1.5156031847000122
1748621679.551596,-3.5063590168863144,1.515528917312622
1748621679.5858173,-3.505269213052498,1.5155421495437622
1748621679.6192195,-3.5041974788630466,1.515533447265625
1748621679.6526344,-3.5031104927768495,1.5155280828475952
1748621679.6862159,-3.5021113874358245,1.5155227184295654
1748621679.7196314,-3.501059715599665,1.5155171155929565
1748621679.7530563,-3.499761637201898,1.515511393547058
1748621679.7865763,-3.499107336130661,1.5155065059661865
1748621679.8199751,-3.4981368827262127,1.5155020952224731
1748621679.8533747,-3.4968989653389566,1.5154966115951538
1748621679.8868372,-3.4962742719946607,1.5154907703399658
1748621679.920324,-3.495348717905409,1.515486240386963
1748621679.9538035,-3.4944374634665016,1.5154820680618286
1748621679.9879344,-3.493245397477458,1.5154768228530884
1748621680.0213945,-3.4926293168518776,1.515471339225769
1748621680.0547948,-3.4917600917069884,1.5154670476913452
1748621680.0882776,-3.490905212332445,1.515462875366211
1748621680.1217537,-3.489758987669662,1.5154578685760498
1748621680.1552877,-3.488962368106408,1.5154534578323364
1748621680.1887057,-3.488124678175043,1.515448808670044
1748621680.222343,-3.4873528855023266,1.5154446363449097
1748621680.2557487,-3.4865667795864663,1.5154403448104858
1748621680.289305,-3.4857930721943853,1.5154353380203247
1748621680.3227332,-3.485111100803101,1.515434980392456
1748621680.356136,-3.484731897985302,1.5154331922531128
1748621680.3896036,-3.4845389202451456,1.5154296159744263
1748621680.4230366,-3.484407098251723,1.5154281854629517
1748621680.4571097,-3.4843621862282954,1.5154271125793457
1748621680.4905162,-3.484338297359406,1.5154268741607666
1748621680.5238767,-3.484324902952734,1.5154262781143188
1748621680.5573132,-3.484317254478678,1.5154258012771606
1748621680.590775,-3.484313372716658,1.5154253244400024
1748621680.6242063,-3.4843095541975493,1.5154249668121338
1748621680.6576126,-3.484307421422106,1.5154249668121338
1748621680.6910756,-3.484305494553886,1.515424370765686
1748621680.724474,-3.4843034931210797,1.5154244899749756
1748621680.757876,-3.4843015513287354,1.5154247283935547
1748621680.791775,-3.484300661318976,1.515424370765686
1748621680.8251927,-3.4842990265667155,1.5154237747192383
1748621680.858612,-3.4842980662371845,1.51542329788208
1748621680.8920352,-3.4842959440737675,1.5154228210449219
1748621680.9254475,-3.4842949230697133,1.5154225826263428
1748621680.9588869,-3.4842930504865564,1.5154223442077637
1748621680.9923868,-3.484291920951547,1.515421986579895
1748621681.0258114,-3.4842900709606934,1.5154222249984741
1748621681.0592203,-3.48428919590102,1.5154224634170532
1748621681.0930243,-3.4842872022288685,1.515421986579895
1748621681.126463,-3.484285837397618,1.5154213905334473
1748621681.1598563,-3.4842844728682936,1.515420913696289
1748621681.1932685,-3.484282709718984,1.5154204368591309
1748621681.226839,-3.484281443136154,1.5154201984405518
1748621681.2602541,-3.484279557066813,1.515419840812683
1748621681.2936544,-3.4842775643412143,1.515419602394104
1748621681.327061,-3.484276656024222,1.5154197216033936
1748621681.3605185,-3.4842743206036206,1.5154192447662354
1748621681.394043,-3.484273279479786,1.5154191255569458
1748621681.4274566,-3.48427222990888,1.5154190063476562
1748621681.4609773,-3.484270293130502,1.5154188871383667
1748621681.494383,-3.4842691146883706,1.5154187679290771
1748621681.527822,-3.4842672648025093,1.5154186487197876
1748621681.561286,-3.484265928133726,1.5154175758361816
1748621681.5946898,-3.4842635963063713,1.515417218208313
1748621681.6280942,-3.4842628061288736,1.5154170989990234
1748621681.6614983,-3.4842617275250514,1.515417218208313
1748621681.6949115,-3.4842600509418884,1.5154167413711548
1748621681.7282836,-3.4842588625139292,1.5154169797897339
1748621681.761829,-3.4842571290064908,1.5154165029525757
1748621681.7952425,-3.4842562904438172,1.5154163837432861
1748621681.828669,-3.4842545382943566,1.5154162645339966
1748621681.8621073,-3.484252651950769,1.515415906906128
1748621681.895506,-3.4842513697397224,1.515414834022522
1748621681.9289112,-3.4842502726920213,1.5154147148132324
1748621681.962314,-3.48424815826839,1.5154144763946533
1748621681.9957137,-3.484247093125341,1.5154143571853638
1748621682.0291636,-3.4842449124726205,1.5154142379760742
1748621682.0628023,-3.4842431541290444,1.5154141187667847
1748621682.0962625,-3.484241656679511,1.5154143571853638
1748621682.129697,-3.484239804373513,1.5154129266738892
1748621682.1631196,-3.4842387240328745,1.51541268825531
1748621682.1965241,-3.48423748887153,1.515412449836731
1748621682.229922,-3.4842358798149147,1.5154122114181519
1748621682.2633312,-3.4842339065563843,1.5154118537902832
1748621682.29677,-3.484232973779304,1.5154119729995728
1748621682.3301709,-3.484231232564665,1.5154118537902832
1748621682.3635733,-3.4842302887347274,1.5154117345809937
1748621682.3969812,-3.484228286565399,1.5154109001159668
1748621682.4304986,-3.4842273373213546,1.5154105424880981
1748621682.4638972,-3.484226104100133,1.515410304069519
1748621682.497522,-3.484223957489371,1.5154099464416504
1748621682.530923,-3.4842230405429837,1.515410304069519
1748621682.5643797,-3.484220838567617,1.5154097080230713
1748621682.5978396,-3.4842189070071075,1.5154095888137817
1748621682.6312823,-3.4842174958373304,1.5154093503952026
1748621682.6646857,-3.4842155626221762,1.5154088735580444
1748621682.698092,-3.48421431447339,1.5154085159301758
1748621682.7314918,-3.484213113724764,1.5154081583023071
1748621682.7648973,-3.484211447735408,1.515407919883728
1748621682.798299,-3.484209420452762,1.5154075622558594
1748621682.8317087,-3.484208429660852,1.515407681465149
1748621682.865102,-3.48420743520974,1.5154073238372803
1748621682.8985581,-3.4842055913630556,1.5154070854187012
1748621682.9324174,-3.48420476767789,1.5154073238372803
1748621682.965826,-3.4842028073913567,1.5154064893722534
1748621682.9995444,-3.48420148257956,1.5154060125350952
1748621683.0329518,-3.4841993874591486,1.5154057741165161
1748621683.0663345,-3.4841979898795747,1.515405535697937
1748621683.0998378,-3.484195877051117,1.5154051780700684
1748621683.1332693,-3.4841938679237017,1.5154051780700684
1748621683.1666746,-3.484192817966712,1.5154049396514893
1748621683.2001677,-3.484191483629609,1.5154049396514893
1748621683.2335756,-3.484190247543061,1.5154043436050415
1748621683.2670014,-3.4841895113904733,1.5154039859771729
1748621683.3003557,-3.484187869903318,1.5154037475585938
1748621683.450562,-3.483964911361244,1.5160616636276245
1748621683.4839723,-3.481541166438712,1.515781283378601
1748621683.517401,-3.4775489765958048,1.509028434753418
1748621683.55843,-3.46800539920767,1.5006698369979858
1748621683.5921156,-3.46130878974686,1.4907459020614624
1748621683.625718,-3.4542598457243683,1.4829224348068237
1748621683.6613019,-3.4446095908431147,1.4748897552490234
1748621683.6947212,-3.4370379950212215,1.4663752317428589
1748621683.7294397,-3.42965696327512,1.4556695222854614
1748621683.7632053,-3.420028679484964,1.447384238243103
1748621683.7987578,-3.410130312718124,1.43633234500885
1748621683.8325675,-3.402204523956972,1.4252618551254272
1748621683.869474,-3.3952658226850354,1.4172372817993164
1748621683.9104216,-3.385102674942304,1.4053280353546143
1748621683.948649,-3.375432893429992,1.3948065042495728
1748621683.9829996,-3.3655143800892655,1.3865013122558594
1748621684.016402,-3.358075347543762,1.3781952857971191
1748621684.0498044,-3.3503872798561263,1.369606375694275
1748621684.0832105,-3.343194872465327,1.3615847826004028
1748621684.1166155,-3.336003675209702,1.3505046367645264
1748621684.1501296,-3.3283155062979044,1.3424746990203857
1748621684.18357,-3.3211246882548253,1.3338842391967773
1748621684.2172391,-3.3107069122642434,1.325300931930542
1748621684.2506378,-3.303515452515118,1.317269206047058
1748621684.2840774,-3.2958275679348574,1.3061870336532593
1748621684.3180797,-3.288386732330017,1.2976038455963135
1748621684.3543322,-3.27871446091554,1.289570689201355
1748621684.3889267,-3.2712747172462895,1.278487205505371
1748621684.4229732,-3.261105600561655,1.2699010372161865
1748621684.4566698,-3.2536648321486985,1.2593733072280884
1748621684.4901328,-3.245976582760227,1.2507655620574951
1748621684.5235453,-3.236541812541411,1.2426459789276123
1748621684.556997,-3.229106084022993,1.2319273948669434
1748621684.5908227,-3.221670616784396,1.2237589359283447
1748621684.624257,-3.2142260726447023,1.2153432369232178
1748621684.66596,-3.204341148316195,1.2051153182983398
1748621684.7036257,-3.194148777986558,1.194679617881775
1748621684.741478,-3.1841773782894824,1.1873000860214233
1748621684.7818894,-3.1747224179433395,1.175795316696167
1748621684.8153515,-3.167293222663465,1.1676307916641235
1748621684.84885,-3.159565265223103,1.1579147577285767
1748621684.8835013,-3.1522605280732385,1.1506826877593994
1748621684.917012,-3.1420714689648146,1.143378734588623
1748621684.9508016,-3.1349132406608966,1.1309407949447632
1748621684.992006,-3.1254787359015586,1.1201399564743042
1748621685.0281813,-3.1152707305975,1.1107604503631592
1748621685.0617616,-3.108420894837121,1.1033766269683838
1748621685.0952156,-3.0984673114106136,1.0961933135986328
1748621685.1286168,-3.0910017079225685,1.0891859531402588
1748621685.1674552,-3.0812298158757434,1.0787652730941772
1748621685.2016797,-3.0733745433352015,1.0681853294372559
1748621685.2360368,-3.0664290542721795,1.0602245330810547
1748621685.2697165,-3.0563065080504535,1.0549191236495972
1748621685.3032794,-3.0488271257606865,1.046167254447937
1748621685.3388593,-3.041425849394388,1.0410300493240356
1748621685.3729799,-3.0312577010346313,1.037027359008789
1748621685.4093575,-3.0238622769047074,1.0279755592346191
1748621685.4427996,-3.0164721735547655,1.0231798887252808
1748621685.4762473,-3.0061666292741687,1.0226844549179077
1748621685.509678,-2.998340932554183,1.0259965658187866
1748621685.543237,-2.987661436738788,1.0257670879364014
1748621685.5767162,-2.9787167371225753,1.0248295068740845
1748621685.6101217,-2.970271592189516,1.0341018438339233
1748621685.6446943,-2.958079409367439,1.0438799858093262
1748621685.6783957,-2.9483617994402844,1.0524935722351074
1748621685.7118146,-2.9392768567211536,1.0618321895599365
1748621685.7473438,-2.93066437938692,1.0722110271453857
1748621685.780748,-2.9195100779863985,1.0779725313186646
1748621685.8142128,-2.91121956101806,1.08338463306427
1748621685.8476207,-2.9008114253893287,1.0892513990402222
1748621685.8810039,-2.8927372378046976,1.0988255739212036
1748621685.9147325,-2.8822456300020893,1.1063686609268188
1748621685.9481614,-2.8747775206525112,1.1144144535064697
1748621685.983023,-2.8646955258018147,1.11910080909729
1748621686.0168035,-2.8567275152875857,1.1259262561798096
1748621686.0515628,-2.8493137967693323,1.1308367252349854
1748621686.0851717,-2.839389212034339,1.1378685235977173
1748621686.118755,-2.8313702194286257,1.1463167667388916
1748621686.1522076,-2.824213620165789,1.1502238512039185
1748621686.1856174,-2.816433554249019,1.1550323963165283
1748621686.2190998,-2.810969682572828,1.1586993932724
1748621686.2590387,-2.798578292308234,1.169619083404541
1748621686.2924545,-2.791415526993415,1.1779155731201172
1748621686.3283796,-2.7815501414344284,1.1872992515563965
1748621686.3619115,-2.7745726156764134,1.1922763586044312
1748621686.3962846,-2.763732948219805,1.1971700191497803
1748621686.4347122,-2.7538617574831155,1.1986935138702393
1748621686.4723475,-2.7431808941936238,1.199112892150879
1748621686.507351,-2.7349013333945753,1.2019286155700684
1748621686.5551732,-2.720164460734271,1.2014591693878174
1748621686.5916526,-2.7087984611693114,1.2039916515350342
1748621686.6347215,-2.69708722626726,1.2082157135009766
1748621686.6681268,-2.6891459281215333,1.2013366222381592
1748621686.7025914,-2.6780700516632643,1.1936362981796265
1748621686.736599,-2.669446406763298,1.1890056133270264
1748621686.7720716,-2.6591865992415253,1.1799933910369873
1748621686.805486,-2.650847767366141,1.1774530410766602
1748621686.83892,-2.6421593738329534,1.179776906967163
1748621686.87325,-2.629870999829566,1.1801564693450928
1748621686.9077227,-2.620993335696909,1.1789518594741821
1748621686.941161,-2.612185714911422,1.171100378036499
1748621686.9746685,-2.6034545637510274,1.1707062721252441
1748621687.0081306,-2.5916935130473937,1.1687158346176147
1748621687.041583,-2.5835978612484496,1.161194920539856
1748621687.0790324,-2.5721953960142145,1.1577550172805786
1748621687.1154752,-2.563004112760315,1.156635046005249
1748621687.1525593,-2.550141323913334,1.1597987413406372
1748621687.188256,-2.5383889564012754,1.1606367826461792
1748621687.225207,-2.5309184923394503,1.1521897315979004
1748621687.2589319,-2.520305232686972,1.150436282157898
1748621687.2932773,-2.512632757654109,1.1480919122695923
1748621687.3266826,-2.505168143773092,1.14212167263031
1748621687.366529,-2.4984498287513097,1.134822130203247
1748621687.403621,-2.489056212298403,1.1245511770248413
1748621687.4379435,-2.4820004603291834,1.1115580797195435
1748621687.471361,-2.473659236341802,1.10684335231781
1748621687.504913,-2.465039652769483,1.099568247795105
1748621687.5384207,-2.465039652769483,1.099568247795105
1748621687.5718436,-2.465039652769483,1.099568247795105
1748621687.6052628,-2.465039652769483,1.099568247795105
1748621687.6388798,-2.465039652769483,1.099568247795105
1748621687.6725721,-2.465039652769483,1.099568247795105
1748621687.7060275,-2.465039652769483,1.099568247795105
1748621687.7394361,-2.465039652769483,1.099568247795105
1748621687.772859,-2.465039652769483,1.099568247795105
1748621687.8062513,-2.465039652769483,1.099568247795105
1748621687.8398001,-2.465039652769483,1.099568247795105
1748621687.8742578,-2.465039652769483,1.099568247795105
1748621687.9076755,-2.465039652769483,1.099568247795105
1748621687.9410932,-2.465039652769483,1.099568247795105
1748621687.9745429,-2.465039652769483,1.099568247795105
1748621688.0079613,-2.465039652769483,1.099568247795105
1748621688.0414279,-2.465039652769483,1.099568247795105
1748621688.0749938,-2.465039652769483,1.099568247795105
1748621688.108382,-2.465039652769483,1.099568247795105
1748621688.1417897,-2.465039652769483,1.099568247795105
1748621688.175206,-2.465039652769483,1.099568247795105
1748621688.2086182,-2.465039652769483,1.099568247795105
1748621688.242023,-2.465039652769483,1.099568247795105
1748621688.2755744,-2.465039652769483,1.099568247795105
1748621688.309013,-2.465039652769483,1.099568247795105
1748621688.342439,-2.465039652769483,1.099568247795105
1748621688.3758883,-2.465039652769483,1.099568247795105
1748621688.40938,-2.465039652769483,1.099568247795105
1748621688.4432127,-2.465039652769483,1.099568247795105
1748621688.4766219,-2.465039652769483,1.099568247795105
1748621688.5100482,-2.465039652769483,1.099568247795105
1748621688.5434601,-2.465039652769483,1.099568247795105
1748621688.576879,-2.465039652769483,1.099568247795105
1748621688.610294,-2.465039652769483,1.099568247795105
1748621688.6438375,-2.465039652769483,1.099568247795105
1748621688.677291,-2.465039652769483,1.099568247795105
1748621688.7107224,-2.465039652769483,1.099568247795105
1748621688.7441337,-2.465039652769483,1.099568247795105
1748621688.7775464,-2.465039652769483,1.099568247795105
1748621688.810958,-2.465039652769483,1.099568247795105
1748621688.8443737,-2.465039652769483,1.099568247795105
1748621688.8777964,-2.465039652769483,1.099568247795105
1748621688.9112089,-2.465039652769483,1.099568247795105
1748621688.944664,-2.465039652769483,1.099568247795105
1748621688.9780755,-2.465039652769483,1.099568247795105
1748621689.0115397,-2.465039652769483,1.099568247795105
1748621689.0449986,-2.465039652769483,1.099568247795105
1748621689.078412,-2.465039652769483,1.099568247795105
1748621689.1118648,-2.465039652769483,1.099568247795105
1748621689.1452792,-2.465039652769483,1.099568247795105
1748621689.1787076,-2.465039652769483,1.099568247795105
1748621689.2121418,-2.465039652769483,1.099568247795105
1748621689.2455647,-2.465039652769483,1.099568247795105
1748621689.2789786,-2.465039652769483,1.099568247795105
1748621689.3123887,-2.465039652769483,1.099568247795105
1748621689.3458173,-2.465039652769483,1.099568247795105
1748621689.3792493,-2.465039652769483,1.099568247795105
1748621689.412663,-2.465039652769483,1.099568247795105
1748621689.4460812,-2.465039652769483,1.099568247795105
1748621689.4794993,-2.465039652769483,1.099568247795105
1748621689.5129154,-2.465039652769483,1.099568247795105
1748621689.546331,-2.465039652769483,1.099568247795105
1748621689.5797496,-2.465039652769483,1.099568247795105
1748621689.6133413,-2.465039652769483,1.099568247795105
1748621689.646806,-2.465039652769483,1.099568247795105
1748621689.680216,-2.465039652769483,1.099568247795105
1748621689.71363,-2.465039652769483,1.099568247795105
1748621689.7470412,-2.465039652769483,1.099568247795105
1748621689.7804246,-2.465039652769483,1.099568247795105
1748621689.8138473,-2.465039652769483,1.099568247795105
1748621689.84753,-2.465039652769483,1.099568247795105
1748621689.8810246,-2.465039652769483,1.099568247795105
1748621689.914444,-2.465039652769483,1.099568247795105
1748621689.9478967,-2.465039652769483,1.099568247795105
1748621689.9813209,-2.465039652769483,1.099568247795105
1748621690.014731,-2.465039652769483,1.099568247795105
1748621690.0482664,-2.465039652769483,1.099568247795105
1748621690.0816395,-2.465039652769483,1.099568247795105
1748621690.1151736,-2.465039652769483,1.099568247795105
1748621690.148598,-2.465039652769483,1.099568247795105
1748621690.1820242,-2.465039652769483,1.099568247795105
1748621690.215528,-2.465039652769483,1.099568247795105
1748621690.24894,-2.465039652769483,1.099568247795105
1748621690.2824016,-2.465039652769483,1.099568247795105
1748621690.3158128,-2.465039652769483,1.099568247795105
1748621690.349218,-2.465039652769483,1.099568247795105
1748621690.3828475,-2.465039652769483,1.099568247795105
1748621690.4163353,-2.465039652769483,1.099568247795105
1748621690.449748,-2.465039652769483,1.099568247795105
1748621690.4831634,-2.465039652769483,1.099568247795105
1748621690.5166159,-2.465039652769483,1.099568247795105
1748621690.55003,-2.465039652769483,1.099568247795105
1748621690.5834455,-2.465039652769483,1.099568247795105
1748621690.616926,-2.465039652769483,1.099568247795105
1748621690.6503522,-2.465039652769483,1.099568247795105
1748621690.6837602,-2.465039652769483,1.099568247795105
1748621690.7172256,-2.465039652769483,1.099568247795105
1748621690.7506142,-2.465039652769483,1.099568247795105
1748621690.7847605,-2.465039652769483,1.099568247795105
1748621690.818228,-2.465039652769483,1.099568247795105
1748621690.8516417,-2.465039652769483,1.099568247795105
1748621690.8854725,-2.465039652769483,1.099568247795105
1748621690.9192328,-2.465039652769483,1.099568247795105
1748621690.9527009,-2.465039652769483,1.099568247795105
1748621690.9861526,-2.465039652769483,1.099568247795105
1748621691.019608,-2.465039652769483,1.099568247795105
1748621691.0530179,-2.465039652769483,1.099568247795105
1748621691.0864427,-2.465039652769483,1.099568247795105
1748621691.1198375,-2.465039652769483,1.099568247795105
1748621691.1532428,-2.465039652769483,1.099568247795105
1748621691.1866562,-2.465039652769483,1.099568247795105
1748621691.2201092,-2.465039652769483,1.099568247795105
1748621691.2536373,-2.465039652769483,1.099568247795105
1748621691.2870524,-2.465039652769483,1.099568247795105
1748621691.3204882,-2.465039652769483,1.099568247795105
1748621691.3539193,-2.465039652769483,1.099568247795105
1748621691.3873587,-2.465039652769483,1.099568247795105
1748621691.4212637,-2.465039652769483,1.099568247795105
1748621691.454756,-2.465039652769483,1.099568247795105
1748621691.488171,-2.465039652769483,1.099568247795105
1748621691.5215838,-2.465039652769483,1.099568247795105
1748621691.554992,-2.465039652769483,1.099568247795105
1748621691.588455,-2.465039652769483,1.099568247795105
1748621691.6218834,-2.465039652769483,1.099568247795105
1748621691.6553004,-2.465039652769483,1.099568247795105
1748621691.6887112,-2.465039652769483,1.099568247795105
1748621691.722125,-2.465039652769483,1.099568247795105
1748621691.7555344,-2.465039652769483,1.099568247795105
1748621691.788954,-2.465039652769483,1.099568247795105
1748621691.8223622,-2.465039652769483,1.099568247795105
1748621691.8557758,-2.465039652769483,1.099568247795105
1748621691.889232,-2.465039652769483,1.099568247795105
1748621691.922646,-2.465039652769483,1.099568247795105
1748621691.956079,-2.465039652769483,1.099568247795105
1748621691.9894738,-2.465039652769483,1.099568247795105
1748621692.0228837,-2.465039652769483,1.099568247795105
1748621692.0562532,-2.465039652769483,1.099568247795105
1748621692.0896595,-2.465039652769483,1.099568247795105
1748621692.1232402,-2.465039652769483,1.099568247795105
1748621692.1566505,-2.465039652769483,1.099568247795105
1748621692.1900916,-2.465039652769483,1.099568247795105
1748621692.2242613,-2.465039652769483,1.099568247795105
1748621692.2577317,-2.465039652769483,1.099568247795105
1748621692.2911494,-2.465039652769483,1.099568247795105
1748621692.3245924,-2.465039652769483,1.099568247795105
1748621692.3582313,-2.465039652769483,1.099568247795105
1748621692.3916469,-2.465039652769483,1.099568247795105
1748621692.4250522,-2.465039652769483,1.099568247795105
1748621692.458601,-2.465039652769483,1.099568247795105
1748621692.4923925,-2.465039652769483,1.099568247795105
1748621692.5258036,-2.465039652769483,1.099568247795105
1748621692.5593402,-2.465039652769483,1.099568247795105
1748621692.5928538,-2.465039652769483,1.099568247795105
1748621692.6263053,-2.465039652769483,1.099568247795105
1748621692.6597311,-2.465039652769483,1.099568247795105
1748621692.6935601,-2.465039652769483,1.099568247795105
1748621692.7270727,-2.465039652769483,1.099568247795105
1748621692.7607105,-2.465039652769483,1.099568247795105
1748621692.7941303,-2.465039652769483,1.099568247795105
1748621692.8275778,-2.465039652769483,1.099568247795105
1748621692.8609924,-2.465039652769483,1.099568247795105
1748621692.894405,-2.465039652769483,1.099568247795105
1748621692.9278443,-2.465039652769483,1.099568247795105
1748621692.9612548,-2.465039652769483,1.099568247795105
1748621692.994672,-2.465039652769483,1.099568247795105
1748621693.0281992,-2.465039652769483,1.099568247795105
1748621693.0616403,-2.465039652769483,1.099568247795105
1748621693.0950599,-2.465039652769483,1.099568247795105
1748621693.1284752,-2.465039652769483,1.099568247795105
1748621693.1618888,-2.465039652769483,1.099568247795105
1748621693.1953154,-2.465039652769483,1.099568247795105
1748621693.228729,-2.465039652769483,1.099568247795105
1748621693.2622333,-2.465039652769483,1.099568247795105
1748621693.2958195,-2.465039652769483,1.099568247795105
1748621693.329231,-2.465039652769483,1.099568247795105
1748621693.3627155,-2.465039652769483,1.099568247795105
1748621693.3961365,-2.465039652769483,1.099568247795105
1748621693.4295678,-2.465039652769483,1.099568247795105
1748621693.4630532,-2.465039652769483,1.099568247795105
1748621693.4964695,-2.465039652769483,1.099568247795105
1748621693.5298767,-2.465039652769483,1.099568247795105
1748621693.5633178,-2.465039652769483,1.099568247795105
1748621693.5967216,-2.465039652769483,1.099568247795105
1748621693.6301627,-2.465039652769483,1.099568247795105
1748621693.6635675,-2.465039652769483,1.099568247795105
1748621693.6969807,-2.465039652769483,1.099568247795105
1748621693.7303865,-2.465039652769483,1.099568247795105
1748621693.7638023,-2.465039652769483,1.099568247795105
1748621693.797221,-2.465039652769483,1.099568247795105
1748621693.8306513,-2.465039652769483,1.099568247795105
1748621693.864061,-2.465039652769483,1.099568247795105
1748621693.8974917,-2.465039652769483,1.099568247795105
1748621693.9310603,-2.465039652769483,1.099568247795105
1748621693.964506,-2.465039652769483,1.099568247795105
1748621693.9979162,-2.465039652769483,1.099568247795105
1748621694.0313358,-2.465039652769483,1.099568247795105
1748621694.064714,-2.465039652769483,1.099568247795105
1748621694.098151,-2.465039652769483,1.099568247795105
1748621694.1315644,-2.465039652769483,1.099568247795105
1748621694.1649733,-2.465039652769483,1.099568247795105
1748621694.1989858,-2.465039652769483,1.099568247795105
1748621694.2324483,-2.465039652769483,1.099568247795105
1748621694.2658768,-2.465039652769483,1.099568247795105
1748621694.299292,-2.465039652769483,1.099568247795105
1748621694.333097,-2.465039652769483,1.099568247795105
1748621694.3665493,-2.465039652769483,1.099568247795105
1748621694.400612,-2.465039652769483,1.099568247795105
1748621694.4340425,-2.465039652769483,1.099568247795105
1748621694.4674997,-2.465039652769483,1.099568247795105
1748621694.500942,-2.465039652769483,1.099568247795105
1748621694.5343513,-2.465039652769483,1.099568247795105
1748621694.5677676,-2.465039652769483,1.099568247795105
1748621694.6011853,-2.465039652769483,1.099568247795105
1748621694.6346393,-2.465039652769483,1.099568247795105
1748621694.6680572,-2.465039652769483,1.099568247795105
1748621694.70149,-2.465039652769483,1.099568247795105
1748621694.7349093,-2.465039652769483,1.099568247795105
1748621694.7683666,-2.465039652769483,1.099568247795105
1748621694.8017757,-2.465039652769483,1.099568247795105
1748621694.835192,-2.465039652769483,1.099568247795105
1748621694.8686867,-2.465039652769483,1.099568247795105
1748621694.9020984,-2.465039652769483,1.099568247795105
1748621694.935466,-2.465039652769483,1.099568247795105
1748621694.968971,-2.465039652769483,1.099568247795105
1748621695.002537,-2.465039652769483,1.099568247795105
1748621695.036797,-2.465039652769483,1.099568247795105
1748621695.0701585,-2.465039652769483,1.099568247795105
1748621695.1036139,-2.465039652769483,1.099568247795105
1748621695.1370747,-2.465039652769483,1.099568247795105
1748621695.1705034,-2.465039652769483,1.099568247795105
1748621695.2039187,-2.465039652769483,1.099568247795105
1748621695.2391665,-2.465039652769483,1.099568247795105
1748621695.2725952,-2.465039652769483,1.099568247795105
1748621695.306106,-2.465039652769483,1.099568247795105
1748621695.339796,-2.465039652769483,1.099568247795105
1748621695.3732564,-2.465039652769483,1.099568247795105
1748621695.4066694,-2.465039652769483,1.099568247795105
1748621695.4404483,-2.465039652769483,1.099568247795105
1748621695.4740388,-2.465039652769483,1.099568247795105
1748621695.5075088,-2.465039652769483,1.099568247795105
1748621695.5409577,-2.465039652769483,1.099568247795105
1748621695.5744038,-2.465039652769483,1.099568247795105
1748621695.6078613,-2.465039652769483,1.099568247795105
1748621695.6413245,-2.465039652769483,1.099568247795105
1748621695.6747375,-2.465039652769483,1.099568247795105
1748621695.7081876,-2.465039652769483,1.099568247795105
1748621695.741598,-2.465039652769483,1.099568247795105
1748621695.7750123,-2.465039652769483,1.099568247795105
1748621695.8084373,-2.465039652769483,1.099568247795105
1748621695.8418562,-2.465039652769483,1.099568247795105
1748621695.8753872,-2.465039652769483,1.099568247795105
1748621695.9088075,-2.465039652769483,1.099568247795105
1748621695.942232,-2.465039652769483,1.099568247795105
1748621695.97565,-2.465039652769483,1.099568247795105
1748621696.00906,-2.465039652769483,1.099568247795105
1748621696.042742,-2.465039652769483,1.099568247795105
1748621696.076174,-2.465039652769483,1.099568247795105
1748621696.1096249,-2.465039652769483,1.099568247795105
1748621696.143193,-2.465039652769483,1.099568247795105
1748621696.1767108,-2.465039652769483,1.099568247795105
1748621696.2101681,-2.465039652769483,1.099568247795105
1748621696.2435856,-2.465039652769483,1.099568247795105
1748621696.2769866,-2.465039652769483,1.099568247795105
1748621696.3103979,-2.465039652769483,1.099568247795105
1748621696.3439214,-2.465039652769483,1.099568247795105
1748621696.377336,-2.465039652769483,1.099568247795105
1748621696.4107642,-2.465039652769483,1.099568247795105
1748621696.4441917,-2.465039652769483,1.099568247795105
1748621696.4776034,-2.465039652769483,1.099568247795105
1748621696.5110276,-2.465039652769483,1.099568247795105
1748621696.5444365,-2.465039652769483,1.099568247795105
1748621696.5778465,-2.465039652769483,1.099568247795105
1748621696.6112554,-2.465039652769483,1.099568247795105
1748621696.644668,-2.465039652769483,1.099568247795105
1748621696.6780882,-2.465039652769483,1.099568247795105
1748621696.7115538,-2.465039652769483,1.099568247795105
1748621696.74496,-2.465039652769483,1.099568247795105
1748621696.7783844,-2.465039652769483,1.099568247795105
1748621696.8118088,-2.465039652769483,1.099568247795105
1748621696.8452213,-2.465039652769483,1.099568247795105
1748621696.8786407,-2.465039652769483,1.099568247795105
1748621696.912058,-2.465039652769483,1.099568247795105
1748621696.9454815,-2.465039652769483,1.099568247795105
1748621696.978894,-2.465039652769483,1.099568247795105
1748621697.0123487,-2.465039652769483,1.099568247795105
1748621697.045768,-2.465039652769483,1.099568247795105
1748621697.0791893,-2.465039652769483,1.099568247795105
1748621697.1126065,-2.465039652769483,1.099568247795105
1748621697.1463223,-2.465039652769483,1.099568247795105
1748621697.1800542,-2.465039652769483,1.099568247795105
1748621697.2134712,-2.465039652769483,1.099568247795105
1748621697.2471566,-2.465039652769483,1.099568247795105
1748621697.2805817,-2.465039652769483,1.099568247795105
1748621697.3139932,-2.465039652769483,1.099568247795105
1748621697.347398,-2.465039652769483,1.099568247795105
1748621697.3808074,-2.465039652769483,1.099568247795105
1748621697.4142642,-2.465039652769483,1.099568247795105
1748621697.447682,-2.465039652769483,1.099568247795105
1748621697.4810934,-2.465039652769483,1.099568247795105
1748621697.5145073,-2.465039652769483,1.099568247795105
1748621697.5479364,-2.465039652769483,1.099568247795105
1748621697.5816727,-2.465039652769483,1.099568247795105
1748621697.6150842,-2.465039652769483,1.099568247795105
1748621697.6485474,-2.465039652769483,1.099568247795105
1748621697.6819646,-2.465039652769483,1.099568247795105
1748621697.7154233,-2.465039652769483,1.099568247795105
1748621697.7490034,-2.465039652769483,1.099568247795105
1748621697.782432,-2.465039652769483,1.099568247795105
1748621697.8159094,-2.465039652769483,1.099568247795105
1748621697.8493388,-2.465039652769483,1.099568247795105
1748621697.8827977,-2.465039652769483,1.099568247795105
1748621697.9162948,-2.465039652769483,1.099568247795105
1748621697.9497118,-2.465039652769483,1.099568247795105
1748621697.9832296,-2.465039652769483,1.099568247795105
1748621698.0166795,-2.465039652769483,1.099568247795105
1748621698.0513635,-2.465039652769483,1.099568247795105
1748621698.0848272,-2.465039652769483,1.099568247795105
1748621698.118259,-2.465039652769483,1.099568247795105
1748621698.1516933,-2.465039652769483,1.099568247795105
1748621698.1851294,-2.465039652769483,1.099568247795105
1748621698.2185867,-2.465039652769483,1.099568247795105
1748621698.2519987,-2.465039652769483,1.099568247795105
1748621698.2854702,-2.465039652769483,1.099568247795105
1748621698.3188837,-2.465039652769483,1.099568247795105
1748621698.352289,-2.465039652769483,1.099568247795105
1748621698.3860002,-2.465039652769483,1.099568247795105
1748621698.4194703,-2.465039652769483,1.099568247795105
1748621698.4528875,-2.465039652769483,1.099568247795105
1748621698.4863012,-2.465039652769483,1.099568247795105
1748621698.51975,-2.465039652769483,1.099568247795105
1748621698.553162,-2.465039652769483,1.099568247795105
1748621698.5865872,-2.465039652769483,1.099568247795105
1748621698.620161,-2.465039652769483,1.099568247795105
1748621698.6535752,-2.465039652769483,1.099568247795105
1748621698.687054,-2.465039652769483,1.099568247795105
1748621698.7206063,-2.465039652769483,1.099568247795105
1748621698.7540743,-2.465039652769483,1.099568247795105
1748621698.787664,-2.465039652769483,1.099568247795105
1748621698.8210692,-2.465039652769483,1.099568247795105
1748621698.855429,-2.465039652769483,1.099568247795105
1748621698.8892326,-2.465039652769483,1.099568247795105
1748621698.922679,-2.465039652769483,1.099568247795105
1748621698.9561076,-2.465039652769483,1.099568247795105
1748621698.9895422,-2.465039652769483,1.099568247795105
1748621699.023843,-2.465039652769483,1.099568247795105
1748621699.0572944,-2.465039652769483,1.099568247795105
1748621699.0911574,-2.465039652769483,1.099568247795105
1748621699.1245723,-2.465039652769483,1.099568247795105
1748621699.15798,-2.465039652769483,1.099568247795105
1748621699.191444,-2.465039652769483,1.099568247795105
1748621699.224865,-2.465039652769483,1.099568247795105
1748621699.2594578,-2.465039652769483,1.099568247795105
1748621699.2928884,-2.465039652769483,1.099568247795105
1748621699.326325,-2.465039652769483,1.099568247795105
1748621699.3597426,-2.465039652769483,1.099568247795105
1748621699.3931608,-2.465039652769483,1.099568247795105
1748621699.4266121,-2.465039652769483,1.099568247795105
1748621699.4599695,-2.465039652769483,1.099568247795105
1748621699.493372,-2.465039652769483,1.099568247795105
1748621699.5267687,-2.465039652769483,1.099568247795105
1748621699.5601995,-2.465039652769483,1.099568247795105
1748621699.5936148,-2.465039652769483,1.099568247795105
1748621699.6273103,-2.465039652769483,1.099568247795105
1748621699.6607301,-2.465039652769483,1.099568247795105
1748621699.6941226,-2.465039652769483,1.099568247795105
1748621699.7275352,-2.465039652769483,1.099568247795105
1748621699.7609441,-2.465039652769483,1.099568247795105
1748621699.7944503,-2.465039652769483,1.099568247795105
1748621699.8278687,-2.465039652769483,1.099568247795105
1748621699.8612895,-2.465039652769483,1.099568247795105
1748621699.8946989,-2.465039652769483,1.099568247795105
1748621699.9281144,-2.465039652769483,1.099568247795105
1748621699.9615242,-2.465039652769483,1.099568247795105
1748621699.9949884,-2.465039652769483,1.099568247795105
1748621700.0284286,-2.465039652769483,1.099568247795105
1748621700.061866,-2.465039652769483,1.099568247795105
1748621700.0953667,-2.465039652769483,1.099568247795105
1748621700.1289403,-2.465039652769483,1.099568247795105
1748621700.1623104,-2.465039652769483,1.099568247795105
1748621700.1957207,-2.465039652769483,1.099568247795105
1748621700.2291346,-2.465039652769483,1.099568247795105
1748621700.2627208,-2.465039652769483,1.099568247795105
1748621700.2961364,-2.465039652769483,1.099568247795105
1748621700.329625,-2.465039652769483,1.099568247795105
1748621700.3630311,-2.465039652769483,1.099568247795105
1748621700.39644,-2.465039652769483,1.099568247795105
1748621700.4297986,-2.465039652769483,1.099568247795105
1748621700.4632163,-2.465039652769483,1.099568247795105
1748621700.4967294,-2.465039652769483,1.099568247795105
1748621700.5301373,-2.465039652769483,1.099568247795105
1748621700.5635724,-2.465039652769483,1.099568247795105
1748621700.5971212,-2.465039652769483,1.099568247795105
1748621700.630554,-2.465039652769483,1.099568247795105
1748621700.6639695,-2.465039652769483,1.099568247795105
1748621700.6973543,-2.465039652769483,1.099568247795105
1748621700.7307634,-2.465039652769483,1.099568247795105
1748621700.764286,-2.465039652769483,1.099568247795105
1748621700.7977035,-2.465039652769483,1.099568247795105
1748621700.8311286,-2.465039652769483,1.099568247795105
1748621700.864554,-2.465039652769483,1.099568247795105
1748621700.9027972,-2.465039652769483,1.099568247795105
1748621700.9367816,-2.465039652769483,1.099568247795105
1748621700.970285,-2.465039652769483,1.099568247795105
1748621701.0038424,-2.465039652769483,1.099568247795105
1748621701.0372808,-2.465039652769483,1.099568247795105
1748621701.0707078,-2.465039652769483,1.099568247795105
1748621701.1041331,-2.465039652769483,1.099568247795105
1748621701.137583,-2.465039652769483,1.099568247795105
1748621701.1709998,-2.465039652769483,1.099568247795105
1748621701.204427,-2.465039652769483,1.099568247795105
1748621701.2379646,-2.465039652769483,1.099568247795105
1748621701.2713802,-2.465039652769483,1.099568247795105
1748621701.3050864,-2.465039652769483,1.099568247795105
1748621701.3385324,-2.465039652769483,1.099568247795105
1748621701.3719592,-2.465039652769483,1.099568247795105
1748621701.405371,-2.465039652769483,1.099568247795105
1748621701.4388018,-2.465039652769483,1.099568247795105
1748621701.472222,-2.465039652769483,1.099568247795105
1748621701.5057063,-2.465039652769483,1.099568247795105
1748621701.5391662,-2.465039652769483,1.099568247795105
1748621701.5725963,-2.465039652769483,1.099568247795105
1748621701.6060264,-2.465039652769483,1.099568247795105
1748621701.6394553,-2.465039652769483,1.099568247795105
1748621701.6728683,-2.465039652769483,1.099568247795105
1748621701.7063227,-2.465039652769483,1.099568247795105
1748621701.7397978,-2.465039652769483,1.099568247795105
1748621701.7732081,-2.465039652769483,1.099568247795105
1748621701.80673,-2.465039652769483,1.099568247795105
1748621701.8401449,-2.465039652769483,1.099568247795105
1748621701.8735545,-2.465039652769483,1.099568247795105
1748621701.9069648,-2.465039652769483,1.099568247795105
1748621701.9404032,-2.465039652769483,1.099568247795105
1748621701.9738128,-2.465039652769483,1.099568247795105
1748621702.007234,-2.465039652769483,1.099568247795105
1748621702.0407825,-2.465039652769483,1.099568247795105
1748621702.0742166,-2.465039652769483,1.099568247795105
1748621702.1078713,-2.465039652769483,1.099568247795105
1748621702.141278,-2.465039652769483,1.099568247795105
1748621702.1748357,-2.465039652769483,1.099568247795105
1748621702.2082565,-2.465039652769483,1.099568247795105
1748621702.2416615,-2.465039652769483,1.099568247795105
1748621702.2750657,-2.465039652769483,1.099568247795105
1748621702.3084803,-2.465039652769483,1.099568247795105
1748621702.3420374,-2.465039652769483,1.099568247795105
1748621702.375453,-2.465039652769483,1.099568247795105
1748621702.4088585,-2.465039652769483,1.099568247795105
1748621702.4424114,-2.465039652769483,1.099568247795105
1748621702.475826,-2.465039652769483,1.099568247795105
1748621702.5092487,-2.465039652769483,1.099568247795105
1748621702.5428522,-2.465039652769483,1.099568247795105
1748621702.57627,-2.465039652769483,1.099568247795105
1748621702.6100688,-2.465039652769483,1.099568247795105
1748621702.6435194,-2.465039652769483,1.099568247795105
1748621702.6768913,-2.465039652769483,1.099568247795105
1748621702.7104158,-2.465039652769483,1.099568247795105
1748621702.7438018,-2.465039652769483,1.099568247795105
1748621702.7772143,-2.465039652769483,1.099568247795105
1748621702.8106358,-2.465039652769483,1.099568247795105
1748621702.8440902,-2.465039652769483,1.099568247795105
1748621702.8775046,-2.465039652769483,1.099568247795105
1748621702.9109128,-2.465039652769483,1.099568247795105
1748621702.9450862,-2.465039652769483,1.099568247795105
1748621702.9785025,-2.465039652769483,1.099568247795105
1748621703.0119054,-2.465039652769483,1.099568247795105
1748621703.045363,-2.465039652769483,1.099568247795105
1748621703.0787725,-2.465039652769483,1.099568247795105
1748621703.1122556,-2.465039652769483,1.099568247795105
1748621703.1456656,-2.465039652769483,1.099568247795105
1748621703.1790593,-2.465039652769483,1.099568247795105
1748621703.2124703,-2.465039652769483,1.099568247795105
1748621703.2458851,-2.465039652769483,1.099568247795105
1748621703.2792957,-2.465039652769483,1.099568247795105
1748621703.3127062,-2.465039652769483,1.099568247795105
1748621703.346129,-2.465039652769483,1.099568247795105
1748621703.3795457,-2.465039652769483,1.099568247795105
1748621703.4130592,-2.465039652769483,1.099568247795105
1748621703.4464633,-2.465039652769483,1.099568247795105
1748621703.4798777,-2.465039652769483,1.099568247795105
1748621703.5134392,-2.465039652769483,1.099568247795105
1748621703.5470016,-2.465039652769483,1.099568247795105
1748621703.5804133,-2.465039652769483,1.099568247795105
1748621703.61386,-2.465039652769483,1.099568247795105
1748621703.6472652,-2.465039652769483,1.099568247795105
1748621703.6806774,-2.465039652769483,1.099568247795105
1748621703.714061,-2.465039652769483,1.099568247795105
1748621703.7474709,-2.465039652769483,1.099568247795105
1748621703.7808964,-2.465039652769483,1.099568247795105
1748621703.8143513,-2.465039652769483,1.099568247795105
1748621703.84787,-2.465039652769483,1.099568247795105
1748621703.881371,-2.465039652769483,1.099568247795105
1748621703.9147913,-2.465039652769483,1.099568247795105
1748621703.948234,-2.465039652769483,1.099568247795105
1748621703.9823925,-2.465039652769483,1.099568247795105
1748621704.0157976,-2.465039652769483,1.099568247795105
1748621704.0493565,-2.465039652769483,1.099568247795105
1748621704.0827394,-2.465039652769483,1.099568247795105
1748621704.1161542,-2.465039652769483,1.099568247795105
1748621704.1495686,-2.465039652769483,1.099568247795105
1748621704.1831434,-2.465039652769483,1.099568247795105
1748621704.2165165,-2.465039652769483,1.099568247795105
1748621704.2500336,-2.465039652769483,1.099568247795105
1748621704.2834837,-2.465039652769483,1.099568247795105
1748621704.3169234,-2.465039652769483,1.099568247795105
1748621704.3503602,-2.465039652769483,1.099568247795105
1748621704.383831,-2.465039652769483,1.099568247795105
1748621704.4173036,-2.465039652769483,1.099568247795105
1748621704.450838,-2.465039652769483,1.099568247795105
1748621704.4842522,-2.465039652769483,1.099568247795105
1748621704.5176609,-2.465039652769483,1.099568247795105
1748621704.551119,-2.465039652769483,1.099568247795105
1748621704.5845318,-2.465039652769483,1.099568247795105
1748621704.617965,-2.465039652769483,1.099568247795105
1748621704.6514883,-2.465039652769483,1.099568247795105
1748621704.6848814,-2.465039652769483,1.099568247795105
1748621704.7184064,-2.465039652769483,1.099568247795105
1748621704.7518222,-2.465039652769483,1.099568247795105
1748621704.785236,-2.465039652769483,1.099568247795105
1748621704.8186598,-2.465039652769483,1.099568247795105
1748621704.8528643,-2.465039652769483,1.099568247795105
1748621704.8867958,-2.465039652769483,1.099568247795105
1748621704.920208,-2.465039652769483,1.099568247795105
1748621704.9536254,-2.465039652769483,1.099568247795105
1748621704.9870782,-2.465039652769483,1.099568247795105
1748621705.0205216,-2.465039652769483,1.099568247795105
1748621705.0540912,-2.465039652769483,1.099568247795105
1748621705.087517,-2.465039652769483,1.099568247795105
1748621705.121414,-2.465039652769483,1.099568247795105
1748621705.1548266,-2.465039652769483,1.099568247795105
1748621705.188268,-2.465039652769483,1.099568247795105
1748621705.2217402,-2.465039652769483,1.099568247795105
1748621705.25543,-2.465039652769483,1.099568247795105
1748621705.288851,-2.465039652769483,1.099568247795105
1748621705.322265,-2.465039652769483,1.099568247795105
1748621705.3564699,-2.465039652769483,1.099568247795105
1748621705.3899813,-2.465039652769483,1.099568247795105
1748621705.4239156,-2.465039652769483,1.099568247795105
1748621705.4573958,-2.465039652769483,1.099568247795105
1748621705.4908147,-2.465039652769483,1.099568247795105
1748621705.5242786,-2.465039652769483,1.099568247795105
1748621705.5576875,-2.465039652769483,1.099568247795105
1748621705.5910974,-2.465039652769483,1.099568247795105
1748621705.6245143,-2.465039652769483,1.099568247795105
1748621705.6579802,-2.465039652769483,1.099568247795105
1748621705.6914027,-2.465039652769483,1.099568247795105
1748621705.7248461,-2.465039652769483,1.099568247795105
1748621705.7582705,-2.465039652769483,1.099568247795105
1748621705.7916873,-2.465039652769483,1.099568247795105
1748621705.825109,-2.465039652769483,1.099568247795105
1748621705.8585188,-2.465039652769483,1.099568247795105
1748621705.8919919,-2.465039652769483,1.099568247795105
1748621705.9254014,-2.465039652769483,1.099568247795105
1748621705.9589067,-2.465039652769483,1.099568247795105
1748621705.9924483,-2.465039652769483,1.099568247795105
1748621706.0258987,-2.465039652769483,1.099568247795105
1748621706.0594125,-2.465039652769483,1.099568247795105
1748621706.093091,-2.465039652769483,1.099568247795105
1748621706.126489,-2.465039652769483,1.099568247795105
1748621706.1599147,-2.465039652769483,1.099568247795105
1748621706.1950328,-2.465039652769483,1.099568247795105
1748621706.2285552,-2.465039652769483,1.099568247795105
1748621706.2619846,-2.465039652769483,1.099568247795105
1748621706.2954922,-2.465039652769483,1.099568247795105
1748621706.328908,-2.465039652769483,1.099568247795105
1748621706.3624032,-2.465039652769483,1.099568247795105
1748621706.3958445,-2.465039652769483,1.099568247795105
1748621706.429259,-2.465039652769483,1.099568247795105
1748621706.4628499,-2.465039652769483,1.099568247795105
1748621706.4962637,-2.465039652769483,1.099568247795105
1748621706.5297196,-2.465039652769483,1.099568247795105
1748621706.5631354,-2.465039652769483,1.099568247795105
1748621706.5965621,-2.465039652769483,1.099568247795105
1748621706.6299694,-2.465039652769483,1.099568247795105
1748621706.6634297,-2.465039652769483,1.099568247795105
1748621706.697145,-2.465039652769483,1.099568247795105
1748621706.7305737,-2.465039652769483,1.099568247795105
1748621706.7640307,-2.465039652769483,1.099568247795105
1748621706.7974758,-2.465039652769483,1.099568247795105
1748621706.8309708,-2.465039652769483,1.099568247795105
1748621706.864428,-2.465039652769483,1.099568247795105
1748621706.898009,-2.465039652769483,1.099568247795105
1748621706.931463,-2.465039652769483,1.099568247795105
1748621706.9648788,-2.465039652769483,1.099568247795105
1748621706.998421,-2.465039652769483,1.099568247795105
1748621707.0318358,-2.465039652769483,1.099568247795105
1748621707.0658388,-2.465039652769483,1.099568247795105
1748621707.0992534,-2.465039652769483,1.099568247795105
1748621707.1327877,-2.465039652769483,1.099568247795105
1748621707.166372,-2.465039652769483,1.099568247795105
1748621707.199785,-2.465039652769483,1.099568247795105
1748621707.233223,-2.465039652769483,1.099568247795105
1748621707.2668421,-2.465039652769483,1.099568247795105
1748621707.3002625,-2.465039652769483,1.099568247795105
1748621707.3336875,-2.465039652769483,1.099568247795105
1748621707.3671021,-2.465039652769483,1.099568247795105
1748621707.4005477,-2.465039652769483,1.099568247795105
1748621707.43397,-2.465039652769483,1.099568247795105
1748621707.4674737,-2.465039652769483,1.099568247795105
1748621707.5008528,-2.465039652769483,1.099568247795105
1748621707.5342555,-2.465039652769483,1.099568247795105
1748621707.5676725,-2.465039652769483,1.099568247795105
1748621707.6010914,-2.465039652769483,1.099568247795105
1748621707.6345072,-2.465039652769483,1.099568247795105
1748621707.6679184,-2.465039652769483,1.099568247795105
1748621707.7013474,-2.465039652769483,1.099568247795105
1748621707.7385108,-2.465039652769483,1.099568247795105
1748621707.7719347,-2.465039652769483,1.099568247795105
1748621707.8055496,-2.465039652769483,1.099568247795105
1748621707.838989,-2.465039652769483,1.099568247795105
1748621707.87246,-2.465039652769483,1.099568247795105
1748621707.905966,-2.465039652769483,1.099568247795105
1748621707.9393806,-2.465039652769483,1.099568247795105
1748621707.9734883,-2.465039652769483,1.099568247795105
1748621708.0077531,-2.465039652769483,1.099568247795105
1748621708.0420547,-2.465039652769483,1.099568247795105
1748621708.075614,-2.465039652769483,1.099568247795105
1748621708.1090834,-2.465039652769483,1.099568247795105
1748621708.1424916,-2.465039652769483,1.099568247795105
1748621708.1759036,-2.465039652769483,1.099568247795105
1748621708.209322,-2.465039652769483,1.099568247795105
1748621708.2428293,-2.465039652769483,1.099568247795105
1748621708.2762544,-2.465039652769483,1.099568247795105
1748621708.309685,-2.465039652769483,1.099568247795105
1748621708.3430603,-2.465039652769483,1.099568247795105
1748621708.3765168,-2.465039652769483,1.099568247795105
1748621708.4099808,-2.465039652769483,1.099568247795105
1748621708.443395,-2.465039652769483,1.099568247795105
1748621708.4768457,-2.465039652769483,1.099568247795105
1748621708.5102968,-2.465039652769483,1.099568247795105
1748621708.5437415,-2.465039652769483,1.099568247795105
1748621708.5771565,-2.465039652769483,1.099568247795105
1748621708.6105802,-2.465039652769483,1.099568247795105
1748621708.6440277,-2.465039652769483,1.099568247795105
1748621708.6775439,-2.465039652769483,1.099568247795105
1748621708.7109954,-2.465039652769483,1.099568247795105
1748621708.7443674,-2.465039652769483,1.099568247795105
1748621708.7778087,-2.465039652769483,1.099568247795105
1748621708.8112779,-2.465039652769483,1.099568247795105
1748621708.8447053,-2.465039652769483,1.099568247795105
1748621708.8781574,-2.465039652769483,1.099568247795105
1748621708.911632,-2.465039652769483,1.099568247795105
1748621708.9471512,-2.465039652769483,1.099568247795105
1748621708.9808059,-2.465039652769483,1.099568247795105
1748621709.0142753,-2.465039652769483,1.099568247795105
1748621709.0477245,-2.465039652769483,1.099568247795105
1748621709.0811398,-2.465039652769483,1.099568247795105
1748621709.1151576,-2.465039652769483,1.099568247795105
1748621709.1485674,-2.465039652769483,1.099568247795105
1748621709.1819997,-2.465039652769483,1.099568247795105
1748621709.2154496,-2.465039652769483,1.099568247795105
1748621709.2489257,-2.465039652769483,1.099568247795105
1748621709.2823462,-2.465039652769483,1.099568247795105
1748621709.3162072,-2.465039652769483,1.099568247795105
1748621709.3496428,-2.465039652769483,1.099568247795105
1748621709.383075,-2.465039652769483,1.099568247795105
1748621709.4165344,-2.465039652769483,1.099568247795105
1748621709.449955,-2.465039652769483,1.099568247795105
1748621709.4835026,-2.465039652769483,1.099568247795105
1748621709.51696,-2.465039652769483,1.099568247795105
1748621709.550392,-2.465039652769483,1.099568247795105
1748621709.5838,-2.465039652769483,1.099568247795105
1748621709.6172128,-2.465039652769483,1.099568247795105
1748621709.6507032,-2.465039652769483,1.099568247795105
1748621709.6841266,-2.465039652769483,1.099568247795105
1748621709.7175515,-2.465039652769483,1.099568247795105
1748621709.751269,-2.465039652769483,1.099568247795105
1748621709.784751,-2.465039652769483,1.099568247795105
1748621709.8181634,-2.465039652769483,1.099568247795105
1748621709.851572,-2.465039652769483,1.099568247795105
1748621709.8849626,-2.465039652769483,1.099568247795105
1748621709.9183795,-2.465039652769483,1.099568247795105
1748621709.9517875,-2.465039652769483,1.099568247795105
1748621709.98523,-2.465039652769483,1.099568247795105
1748621710.0186484,-2.465039652769483,1.099568247795105
1748621710.0522573,-2.465039652769483,1.099568247795105
1748621710.0856733,-2.465039652769483,1.099568247795105
1748621710.1190877,-2.465039652769483,1.099568247795105
1748621710.1525116,-2.465039652769483,1.099568247795105
1748621710.1859336,-2.465039652769483,1.099568247795105
1748621710.219381,-2.465039652769483,1.099568247795105
1748621710.252818,-2.465039652769483,1.099568247795105
1748621710.2863865,-2.465039652769483,1.099568247795105
1748621710.3198323,-2.465039652769483,1.099568247795105
1748621710.3532639,-2.465039652769483,1.099568247795105
1748621710.3867142,-2.465039652769483,1.099568247795105
1748621710.4201365,-2.465039652769483,1.099568247795105
1748621710.4535465,-2.465039652769483,1.099568247795105
1748621710.4870367,-2.465039652769483,1.099568247795105
1748621710.5204086,-2.465039652769483,1.099568247795105
1748621710.5538573,-2.465039652769483,1.099568247795105
1748621710.587273,-2.465039652769483,1.099568247795105
1748621710.620686,-2.465039652769483,1.099568247795105
1748621710.6541114,-2.465039652769483,1.099568247795105
1748621710.687537,-2.465039652769483,1.099568247795105
1748621710.7209558,-2.465039652769483,1.099568247795105
1748621710.7546644,-2.465039652769483,1.099568247795105
1748621710.7881458,-2.465039652769483,1.099568247795105
1748621710.8217065,-2.465039652769483,1.099568247795105
1748621710.8553717,-2.465039652769483,1.099568247795105
1748621710.888865,-2.465039652769483,1.099568247795105
1748621710.9222796,-2.465039652769483,1.099568247795105
1748621710.955691,-2.465039652769483,1.099568247795105
1748621710.9891007,-2.465039652769483,1.099568247795105
1748621711.0225093,-2.465039652769483,1.099568247795105
1748621711.0559316,-2.465039652769483,1.099568247795105
1748621711.090059,-2.465039652769483,1.099568247795105
1748621711.1303566,-2.465039652769483,1.099568247795105
1748621711.1639254,-2.465039652769483,1.099568247795105
1748621711.1973586,-2.465039652769483,1.099568247795105
1748621711.2307806,-2.465039652769483,1.099568247795105
1748621711.2641978,-2.465039652769483,1.099568247795105
1748621711.2976468,-2.465039652769483,1.099568247795105
1748621711.3310614,-2.465039652769483,1.099568247795105
1748621711.3644822,-2.465039652769483,1.099568247795105
1748621711.397892,-2.465039652769483,1.099568247795105
1748621711.431303,-2.465039652769483,1.099568247795105
1748621711.464712,-2.465039652769483,1.099568247795105
1748621711.4981248,-2.465039652769483,1.099568247795105
1748621711.531554,-2.465039652769483,1.099568247795105
1748621711.5649908,-2.465039652769483,1.099568247795105
1748621711.5987878,-2.465039652769483,1.099568247795105
1748621711.6321979,-2.465039652769483,1.099568247795105
1748621711.665771,-2.465039652769483,1.099568247795105
1748621711.6991882,-2.465039652769483,1.099568247795105
1748621711.7326033,-2.465039652769483,1.099568247795105
1748621711.7660115,-2.465039652769483,1.099568247795105
1748621711.7994308,-2.8836704848714625,0.028988709673285484
1748621711.8328152,-2.8785535389037453,0.013284408487379551
1748621711.86625,-2.8670238377788713,0.007875237613916397
1748621711.899657,-2.85413745029166,0.005793002434074879
1748621711.9330583,-2.84404066461003,0.0012013604864478111
1748621711.9664578,-2.8336731806549107,-0.001077107503078878
1748621711.9998589,-2.8234936080823134,-0.0023002459201961756
1748621712.033269,-2.812611573213021,-0.0044931331649422646
1748621712.0666776,-2.801658790576873,-0.005319615360349417
1748621712.1002662,-2.791388082087733,-0.004534363280981779
1748621712.1336722,-2.780834773542774,-0.006837533321231604
1748621712.1671662,-2.7738338984766444,-0.005205960478633642
1748621712.2006037,-2.7635873009020973,-0.004515802953392267
1748621712.2340152,-2.7526350725836704,-0.0022815882693976164
1748621712.2674146,-2.742050315083212,-0.0016523116501048207
1748621712.3008227,-2.731471110051097,-0.004091574344784021
1748621712.3342345,-2.7243997450469486,-0.003962099552154541
1748621712.367638,-2.7138594908896323,-0.002170253312215209
1748621712.4010553,-2.703429665552626,0.0014284043572843075
1748621712.4344616,-2.6929263821487814,0.0016820029122754931
1748621712.467866,-2.682360473538578,0.0029689085204154253
1748621712.5012698,-2.671763451916207,0.004208642523735762
1748621712.53468,-2.661550070634856,0.006766508799046278
1748621712.5697253,-2.65106876369648,0.010909428820014
1748621712.603525,-2.6397514181128865,0.012774529866874218
1748621712.6371613,-2.629438954338006,0.013046803884208202
1748621712.6707125,-2.6187705786357145,0.013861751183867455
1748621712.7052,-2.611656916638517,0.015975411981344223
1748621712.7387064,-2.597476925757307,0.016705183312296867
1748621712.7721143,-2.5868951568612673,0.01569727621972561
1748621712.8058233,-2.576313717252946,0.01776634156703949
1748621712.8392248,-2.56606999828828,0.01860630512237549
1748621712.8728678,-2.555452434600655,0.018106941133737564
1748621712.9067383,-2.544510940933846,0.0187920443713665
1748621712.9405327,-2.5374660992358775,0.021261122077703476
1748621712.9739413,-2.5268445112302267,0.02099442668259144
1748621713.0073252,-2.51227393485638,0.02218722738325596
1748621713.0407333,-2.5055097740200805,0.022742122411727905
1748621713.0741348,-2.494136533795145,0.022742554545402527
1748621713.1075075,-2.4881155840533924,0.0244663767516613
1748621713.1409297,-2.4774607325640647,0.025134092196822166
1748621713.1783898,-2.4664698809915717,0.02512766420841217
1748621713.211887,-2.459379822254037,0.026141609996557236
1748621713.2453027,-2.4490894942836774,0.02674219198524952
1748621713.2787077,-2.4380598232659167,0.025991832837462425
1748621713.3121397,-2.427760222662073,0.026434751227498055
1748621713.3456206,-2.4168056305973455,0.02911471389234066
1748621713.3790283,-2.4062149490166713,0.02870427630841732
1748621713.412429,-2.395647147200773,0.02638775296509266
1748621713.445835,-2.3850630767929415,0.02542765624821186
1748621713.4793017,-2.3776720251881973,0.027320407330989838
1748621713.5127203,-2.3674394623144353,0.028675129637122154
1748621713.5461757,-2.356809808901247,0.029699895530939102
1748621713.5796194,-2.346192535416853,0.030097752809524536
1748621713.6133544,-2.3356263252925675,0.02848253957927227
1748621713.6467862,-2.3247153320611607,0.030781511217355728
1748621713.680221,-2.314778837447047,0.031159834936261177
1748621713.7144036,-2.30024085881202,0.03286994621157646
1748621713.747836,-2.2896009542807607,0.03486930578947067
1748621713.7818415,-2.2828754927450516,0.036939941346645355
1748621713.8152337,-2.2684251336053847,0.03702445328235626
1748621713.8486717,-2.2614281130383898,0.034585654735565186
1748621713.8821166,-2.247161575504978,0.035889070481061935
1748621713.9155512,-2.2370093137147515,0.03789020702242851
1748621713.9489632,-2.226434970297746,0.03702602535486221
1748621713.9823568,-2.215801686219216,0.03831474855542183
1748621714.016163,-2.2051196191122893,0.03839787468314171
1748621714.0496476,-2.1944376825057534,0.04029958322644234
1748621714.0830984,-2.1876635233863153,0.04040517285466194
1748621714.1165693,-2.176637554906193,0.0407220721244812
1748621714.1499686,-2.162418459466886,0.04106684401631355
1748621714.1833727,-2.1553057450228743,0.041441868990659714
1748621714.2169893,-2.1410529212327467,0.042140357196331024
1748621714.2504172,-2.1303575205613288,0.04153028503060341
1748621714.283825,-2.116124341572904,0.04188111424446106
1748621714.317237,-2.1054548065282988,0.04144394025206566
1748621714.3506534,-2.0951365360394507,0.040942657738924026
1748621714.3841155,-2.084102019728132,0.04084400087594986
1748621714.4175215,-2.0730759838636414,0.04010229930281639
1748621714.4509795,-2.062747495685232,0.04034662991762161
1748621714.4845288,-2.0481479869275168,0.039363570511341095
1748621714.519669,-2.0453007183013305,0.03921131789684296
1748621714.5546298,-2.0306998054995864,0.0386492945253849
1748621714.5880175,-2.020023993938328,0.03879953920841217
1748621714.621437,-2.0129032104216447,0.039148323237895966
1748621714.654849,-2.0025803720637203,0.039035145193338394
1748621714.688278,-1.9950870056990846,0.0385698638856411
1748621714.7216828,-1.9875856799932392,0.03845642879605293
1748621714.755083,-1.977225327892838,0.03789139539003372
1748621714.7884965,-1.9629700970795103,0.03811398521065712
1748621714.8241017,-1.952302428912146,0.0391351543366909
1748621714.8579676,-1.9451932652970076,0.03846603259444237
1748621714.8919,-1.934525689132086,0.03830740228295326
1748621714.9253159,-1.9242125447348548,0.03785599768161774
1748621714.9591742,-1.9131862484397408,0.03863843157887459
1748621714.992572,-1.902540592718881,0.03908659890294075
1748621715.0260196,-1.892261597928877,0.03832850232720375
1748621715.0594215,-1.8809180689659033,0.038826074451208115
1748621715.0929062,-1.8706476041152822,0.04025806114077568
1748621715.126369,-1.8599631119176365,0.03920358791947365
1748621715.1597848,-1.849259918609321,0.03992278128862381
1748621715.193197,-1.8385643368286966,0.039907533675432205
1748621715.2268994,-1.8278866205405133,0.04124543443322182
1748621715.2603648,-1.8207685949122274,0.042013559490442276
1748621715.2938492,-1.8100821110298377,0.04297378286719322
1748621715.3272603,-1.7994506021556071,0.04541293904185295
1748621715.360671,-1.7888012619645195,0.047414615750312805
1748621715.3941913,-1.7774245502504116,0.048198308795690536
1748621715.4276307,-1.7678509780901384,0.04894351586699486
1748621715.4610796,-1.7565545631929356,0.05137040093541145
1748621715.4956467,-1.7462824107662813,0.05256824940443039
1748621715.5291026,-1.739191320752195,0.05458084121346474
1748621715.5626965,-1.7281990436948385,0.056985337287187576
1748621715.5961094,-1.717913098414816,0.059547167271375656
1748621715.6295414,-1.7037171445429338,0.06187673658132553
1748621715.6629457,-1.6930827321353,0.06484396755695343
1748621715.696314,-1.6824513919587578,0.06952796131372452
1748621715.7297182,-1.6683664359180224,0.07432996481657028
1748621715.7631197,-1.6573560026791436,0.07682529091835022
1748621715.7965298,-1.6470690672331219,0.08101245015859604
1748621715.829929,-1.6329794022282769,0.085899218916893
1748621715.863535,-1.6222978617957142,0.08876242488622665
1748621715.8969512,-1.611682893436528,0.09299622476100922
1748621715.9303184,-1.6045597078711358,0.09620403498411179
1748621715.9637222,-1.593943229199218,0.10135800391435623
1748621715.997226,-1.5800948869361313,0.10544125735759735
1748621716.0306306,-1.569073337014242,0.11073805391788483
1748621716.0640519,-1.5583722297501117,0.11348015815019608
1748621716.097693,-1.5438503665899561,0.11817854642868042
1748621716.131263,-1.5335637816363654,0.12057743966579437
1748621716.1646807,-1.526982464344233,0.1266273707151413
1748621716.1981053,-1.5161331911871119,0.13133171200752258
1748621716.2322633,-1.505879080459265,0.136079341173172
1748621716.2656622,-1.4913299575123848,0.13993102312088013
1748621716.2991078,-1.4806967052063682,0.1456652134656906
1748621716.3325064,-1.4697689982025393,0.15139725804328918
1748621716.3659155,-1.459417898433,0.1557600200176239
1748621716.399514,-1.4456456939563125,0.16155757009983063
1748621716.4329216,-1.434662071082832,0.1666831374168396
1748621716.466336,-1.423983830233264,0.17047590017318726
1748621716.499792,-1.413017476596106,0.1759009063243866
1748621716.53321,-1.4062484608521901,0.17948903143405914
1748621716.566613,-1.3956103882490014,0.18469364941120148
1748621716.6000357,-1.3853509679822544,0.1888628900051117
1748621716.6334345,-1.3743040605138528,0.19064445793628693
1748621716.6668348,-1.3633482065685738,0.19544588029384613
1748621716.700248,-1.3530245345652334,0.19845715165138245
1748621716.7336893,-1.342385609897807,0.20227938890457153
1748621716.7671027,-1.3352891171401888,0.20605137944221497
1748621716.800484,-1.324632927679025,0.20812545716762543
1748621716.833875,-1.314033867268611,0.21138238906860352
1748621716.867277,-1.3069805543012791,0.2159387171268463
1748621716.9007072,-1.2963580707654874,0.21857918798923492
1748621716.9341173,-1.2857200780279892,0.22056686878204346
1748621716.9683516,-1.2754749917811021,0.22337578237056732
1748621717.002553,-1.2644831214952152,0.2259451448917389
1748621717.035972,-1.2496043125090914,0.22935786843299866
1748621717.0693932,-1.2432125206401163,0.23158685863018036
1748621717.10282,-1.2325425777252381,0.233135387301445
1748621717.1362872,-1.2183757615614645,0.2362840473651886
1748621717.1699545,-1.2077444288990766,0.2390836775302887
1748621717.2034123,-1.2006288375881722,0.23884586989879608
1748621717.2368183,-1.1862013247577914,0.2410195916891098
1748621717.270331,-1.1761021062311363,0.24415408074855804
1748621717.3037393,-1.1655646961540345,0.24425740540027618
1748621717.3371499,-1.154982746387152,0.24542973935604095
1748621717.3705564,-1.1443587811073694,0.24637159705162048
1748621717.40405,-1.133706243596045,0.2473812848329544
1748621717.4377332,-1.123062948688705,0.24955227971076965
1748621717.4711406,-1.112408026063259,0.24977727234363556
1748621717.5045907,-1.1021108755017923,0.24972182512283325
1748621717.5379994,-1.0910761257414152,0.24899037182331085
1748621717.571404,-1.080029414536739,0.2502304017543793
1748621717.60478,-1.0697093517493939,0.24998943507671356
1748621717.638384,-1.0590533955068833,0.2498638927936554
1748621717.6717844,-1.0483953303861049,0.2498025745153427
1748621717.7051861,-1.0377316868865742,0.24896292388439178
1748621717.7387044,-1.0270720338671435,0.24879463016986847
1748621717.7721114,-1.0167676896861975,0.24896758794784546
1748621717.8056757,-1.005750538847564,0.24814605712890625
1748621717.8395286,-0.9950689768013415,0.2492104321718216
1748621717.8738556,-0.984755215826187,0.2492324709892273
1748621717.90737,-0.9740968975913366,0.24810515344142914
1748621717.9407678,-0.9630729040916189,0.24813266098499298
1748621717.9741328,-0.9527738282571201,0.24641074240207672
1748621718.0075364,-0.9417709117105139,0.24492698907852173
1748621718.0409424,-0.9314630785993845,0.24468247592449188
1748621718.074315,-0.9204957210681212,0.24193067848682404
1748621718.107719,-0.9098117374890482,0.24041897058486938
1748621718.1411548,-0.8991234247410149,0.23855474591255188
1748621718.1745934,-0.8880584897609237,0.23843732476234436
1748621718.2080019,-0.8774127672630724,0.2361418753862381
1748621718.241428,-0.8635921797830659,0.23333197832107544
1748621718.2748137,-0.8565155949639903,0.22952792048454285
1748621718.3085222,-0.8454681898777144,0.22744037210941315
1748621718.3420153,-0.8351808187871038,0.2240574210882187
1748621718.3756416,-0.8244739934512387,0.22308488190174103
1748621718.409371,-0.8138971047769038,0.2193259745836258
1748621718.442781,-0.8033972964959901,0.2153347283601761
1748621718.476183,-0.7927505061166854,0.21340350806713104
1748621718.5095863,-0.7814363516950943,0.21023276448249817
1748621718.5429914,-0.7718968597070303,0.2067597210407257
1748621718.576389,-0.7612901012755282,0.20244348049163818
1748621718.6098034,-0.7503009508437478,0.19918030500411987
1748621718.6432087,-0.7400224151562925,0.19515977799892426
1748621718.6766074,-0.7289838861068569,0.19334259629249573
1748621718.7100394,-0.7183447784422109,0.1897837221622467
1748621718.7434459,-0.7106231117094272,0.18408961594104767
1748621718.7768784,-0.700666423012775,0.18137545883655548
1748621718.8105354,-0.6899956530897217,0.17741838097572327
1748621718.843955,-0.679400949263026,0.17462579905986786
1748621718.8774269,-0.6723378523914386,0.1699931025505066
1748621718.911138,-0.6584978548209066,0.1670674979686737
1748621718.944543,-0.6476407938579156,0.16125686466693878
1748621718.9779403,-0.6367004069004024,0.15613964200019836
1748621719.0118032,-0.6263996772057252,0.15269185602664948
1748621719.0452063,-0.6158028654760876,0.14793363213539124
1748621719.0786479,-0.6051791019219789,0.14354246854782104
1748621719.112092,-0.594922203222674,0.13877470791339874
1748621719.1456046,-0.5835210348624341,0.135275200009346
1748621719.179065,-0.5732709083522373,0.1291942298412323
1748621719.2126448,-0.5626196296240414,0.12663641571998596
1748621719.2460477,-0.5520367389025211,0.12140123546123505
1748621719.2795134,-0.5414349630368375,0.11433368176221848
1748621719.3129203,-0.5309468260711738,0.10808837413787842
1748621719.3463686,-0.5202780396075396,0.10396371781826019
1748621719.3801405,-0.5095846633929252,0.10191468149423599
1748621719.4135544,-0.4994023312368671,0.09771168231964111
1748621719.4471793,-0.4882273999247845,0.09094513207674026
1748621719.4805918,-0.47824879248170016,0.08708129078149796
1748621719.5140357,-0.46770050046837264,0.07888307422399521
1748621719.5474517,-0.45678473017574756,0.07462573051452637
1748621719.5808682,-0.4464741912548615,0.0697137713432312
1748621719.6142945,-0.4358166872688749,0.06470266729593277
1748621719.6477,-0.42474806502723633,0.060357920825481415
1748621719.681104,-0.4142053465569397,0.05494546890258789
1748621719.7145813,-0.4040093617762235,0.05163725093007088
1748621719.7479844,-0.3934886161489845,0.045855745673179626
1748621719.781391,-0.38298974274212155,0.03896719962358475
1748621719.814996,-0.3716424410220798,0.03307333588600159
1748621719.8483968,-0.3613201363827667,0.0270205307751894
1748621719.881771,-0.35058987182266943,0.02384762279689312
1748621719.9151762,-0.3400950070283936,0.017280276864767075
1748621719.9485753,-0.32951648162865443,0.012259618379175663
1748621719.981979,-0.3188887599624769,0.007310779299587011
1748621720.0153854,-0.30839566717276845,0.0008159066783264279
1748621720.048793,-0.30107046910102514,-0.004283383954316378
1748621720.082272,-0.29085893290333875,-0.010831751860678196
1748621720.1156983,-0.2765602877406283,-0.01644926890730858
1748621720.1491063,-0.26516356194955576,-0.020091617479920387
1748621720.182525,-0.25538993159074624,-0.026593880727887154
1748621720.2159462,-0.2449232412464495,-0.03125077113509178
1748621720.2493446,-0.23460628579932666,-0.03509685397148132
1748621720.282742,-0.22344342298050082,-0.044334106147289276
1748621720.3161626,-0.21675494710656584,-0.04830244183540344
1748621720.3495634,-0.2027055294594825,-0.0558781698346138
1748621720.383066,-0.19557065270539561,-0.06007831171154976
1748621720.4164782,-0.18487471200456024,-0.06417769193649292
1748621720.4499161,-0.1745627992479851,-0.06643248349428177
1748621720.4833782,-0.1637643416633307,-0.07351607829332352
1748621720.5168622,-0.1530657555484371,-0.0769062414765358
1748621720.5503163,-0.14248799016538582,-0.08165932446718216
1748621720.5837185,-0.13232725592419559,-0.08659470081329346
1748621720.6171293,-0.12197620247739524,-0.0970935970544815
1748621720.6505487,-0.11123929855397471,-0.10254859924316406
1748621720.683994,-0.10452692763156006,-0.10873307287693024
1748621720.7173977,-0.08963396315495759,-0.11102065443992615
1748621720.7508013,-0.07973293245295215,-0.11671972274780273
1748621720.7842402,-0.07000857842448964,-0.1252823770046234
1748621720.81768,-0.05882630642486283,-0.12991702556610107
1748621720.8511531,-0.048875981744041744,-0.13933250308036804
1748621720.8845625,-0.03866027321182842,-0.1449008584022522
1748621720.917987,-0.028055630025878193,-0.1544003188610077
1748621720.9515307,-0.013747910465217155,-0.1614191085100174
1748621720.9851973,-0.006959046450555506,-0.16568955779075623
1748621721.0186083,0.003355298868807909,-0.1748925745487213
1748621721.0520127,0.0134047474144444,-0.18314553797245026
1748621721.0854366,0.02736852506881397,-0.19066694378852844
1748621721.118888,0.03837744184559945,-0.19632071256637573
1748621721.1523757,0.049586925311678465,-0.20412883162498474
1748621721.1857781,0.05985711647425738,-0.21004679799079895
1748621721.219394,0.07020041937004187,-0.21421387791633606
1748621721.2537456,0.08094731258720982,-0.21569129824638367
1748621721.287496,0.09164922134196683,-0.21491271257400513
1748621721.320897,0.10231524106090199,-0.21462485194206238
1748621721.3543363,0.1129579374834834,-0.2156672179698944
1748621721.387751,0.12359443739797243,-0.21388591825962067
1748621721.4211848,0.13427050622606979,-0.2143273502588272
1748621721.4545915,0.1453392075330761,-0.21336401998996735
1748621721.4880114,0.1557145543769722,-0.2141406387090683
1748621721.5224519,0.16644094794442202,-0.21358919143676758
1748621721.555879,0.18029635326962856,-0.21267320215702057
1748621721.5892956,0.19129449452891825,-0.21342983841896057
1748621721.6227376,0.19804107073000027,-0.21310794353485107
1748621721.6562204,0.20869641589946805,-0.21310214698314667
1748621721.6896234,0.21936831908823745,-0.2136947214603424
1748621721.7230425,0.230436719977922,-0.21293435990810394
1748621721.7564535,0.24078022463749454,-0.2129698246717453
1748621721.789862,0.2518172176631889,-0.21285569667816162
1748621721.8235142,0.2624859421411449,-0.21304546296596527
1748621721.856939,0.2731472769841675,-0.2129404991865158
1748621721.8903444,0.2838014636934497,-0.21326397359371185
1748621721.9237523,0.2909122185990104,-0.21372118592262268
1748621721.9571524,0.30122041396541743,-0.21382224559783936
1748621721.9905655,0.31579706880815817,-0.21405698359012604
1748621722.0241852,0.32645992839880933,-0.21436807513237
1748621722.0575857,0.3371234461431308,-0.2146611362695694
1748621722.0909936,0.34779086099805795,-0.2147427201271057
1748621722.1251159,0.3584551433463499,-0.21499942243099213
1748621722.1586652,0.3691258115575601,-0.2152939885854721
1748621722.1920772,0.3836972635204132,-0.2161424309015274
1748621722.2254999,0.39437308470980226,-0.216510608792305
1748621722.2588987,0.40464145272982305,-0.21779358386993408
1748621722.292281,0.4152542266532833,-0.219661682844162
1748621722.325688,0.4262264499375072,-0.220451220870018
1748621722.359147,0.4364073751157922,-0.22419877350330353
1748621722.3925605,0.4470736351864453,-0.22602927684783936
1748621722.4259744,0.45809677499899804,-0.22895999252796173
1748621722.4593894,0.4684435097583023,-0.23096182942390442
1748621722.4928484,0.4791325333330985,-0.23309949040412903
1748621722.5263054,0.4901436187287775,-0.23620723187923431
1748621722.559838,0.5004631985899681,-0.23868215084075928
1748621722.593316,0.5141485013865507,-0.2440316081047058
1748621722.626724,0.5248328988741043,-0.24609428644180298
1748621722.6601706,0.5357487778364028,-0.25087806582450867
1748621722.6936765,0.5461135063481111,-0.25917357206344604
1748621722.7275372,0.5563576628751318,-0.2638036906719208
1748621722.7609198,0.5671269238116162,-0.270637571811676
1748621722.7944884,0.5771790132606156,-0.27808573842048645
1748621722.8278937,0.588088039359936,-0.28446587920188904
1748621722.8613272,0.5950381812615712,-0.29256096482276917
1748621722.8947535,0.6087165445763006,-0.2993961274623871
1748621722.928187,0.6193775022718088,-0.3096068203449249
1748621722.9617522,0.6299240345209111,-0.316638320684433
1748621722.9952204,0.6395898562741787,-0.32842105627059937
1748621723.0286324,0.649445307151945,-0.3376147449016571
1748621723.0628693,0.660209265047182,-0.3469192087650299
1748621723.0962605,0.6699107972996069,-0.3584349453449249
1748621723.1296735,0.680174119422761,-0.36584290862083435
1748621723.1632323,0.6903140390418989,-0.3769277036190033
1748621723.196699,0.6999976770818228,-0.39043429493904114
1748621723.2302449,0.7092944864764222,-0.4064982235431671
1748621723.2637513,0.7195013680958339,-0.41753217577934265
1748621723.2971528,0.7290427492930438,-0.4342358708381653
1748621723.330568,0.7390647247108373,-0.44365718960762024
1748621723.3639839,0.7484590072561014,-0.45666390657424927
1748621723.397495,0.7617234708122061,-0.46553975343704224
1748621723.4319096,0.7715013766019237,-0.4791208505630493
1748621723.4653203,0.7781009483909674,-0.4915072023868561
1748621723.4987504,0.7874801942543349,-0.5078487992286682
1748621723.5321953,0.7973264476551554,-0.523127555847168
1748621723.5668464,0.8098184898459991,-0.5410255789756775
1748621723.6002574,0.8197594512483284,-0.5621902346611023
1748621723.6336968,0.8299403782242742,-0.5771976709365845
1748621723.6674588,0.8397211770552269,-0.5938568711280823
1748621723.7008812,0.8502805587093369,-0.6049745678901672
1748621723.7345006,0.8604099140783696,-0.6208884119987488
1748621723.7679036,0.8706744069936322,-0.6335030794143677
1748621723.8013477,0.8798844516845531,-0.6512482762336731
1748621723.8347552,0.8899067793608748,-0.6652238368988037
1748621723.868208,0.9005504557041546,-0.6752010583877563
1748621723.9015996,0.9110104175623631,-0.6861944794654846
1748621723.935065,0.9204718959578435,-0.7012129426002502
1748621723.968493,0.9311837519481955,-0.7106388211250305
1748621724.0018923,0.9408850448589314,-0.7226725220680237
1748621724.035308,0.951608207913269,-0.73263019323349
1748621724.0687144,0.9616104176833273,-0.7442851066589355
1748621724.10212,0.9716801238545762,-0.756630539894104
1748621724.1355739,0.982232788660978,-0.7638953924179077
1748621724.1690466,0.9930624504097721,-0.7732794880867004
1748621724.2025597,1.0032789666491475,-0.7840152382850647
1748621724.2360225,1.0138524209241304,-0.789364218711853
1748621724.2694294,1.0243878128509278,-0.797816812992096
1748621724.3028858,1.0350423149705132,-0.804034411907196
1748621724.3362815,1.0452238368445168,-0.8145262002944946
1748621724.3696368,1.0558629274186773,-0.8214898705482483
1748621724.4030974,1.06256570109965,-0.8288794159889221
1748621724.4365427,1.0730847934242462,-0.8339411616325378
1748621724.470514,1.084071319205666,-0.8404659032821655
1748621724.5042732,1.094148051325894,-0.8510934710502625
1748621724.5377548,1.1055109114712316,-0.8572850227355957
1748621724.5711668,1.1157679314312048,-0.8630513548851013
1748621724.6046169,1.1300361779292731,-0.8657387495040894
1748621724.638016,1.1400408775699833,-0.8730403780937195
1748621724.6714768,1.1470120993378592,-0.8801186084747314
1748621724.7049472,1.157612564507597,-0.8849629163742065
1748621724.738356,1.1685973452685043,-0.8897420167922974
1748621724.7718532,1.1793220927432106,-0.8914202451705933
1748621724.8057837,1.1895496721270786,-0.8979355692863464
1748621724.8393614,1.200037728338956,-0.9021118879318237
1748621724.8727572,1.211109163235805,-0.9071577191352844
1748621724.9061823,1.2213293772085465,-0.9125351905822754
1748621724.9395802,1.232279209692244,-0.9175848960876465
1748621724.973221,1.2428658055930613,-0.9226192235946655
1748621725.0066304,1.2535720519465785,-0.9254934191703796
1748621725.0401015,1.2642866230866483,-0.927760899066925
1748621725.073528,1.2748620406098703,-0.932508647441864
1748621725.107143,1.2858186781152041,-0.9353662133216858
1748621725.140562,1.2957295949740015,-0.9393638372421265
1748621725.1739707,1.3067364168565911,-0.9426025152206421
1748621725.207519,1.3173130837226756,-0.9474787712097168
1748621725.2409384,1.3279675267325588,-0.9517420530319214
1748621725.2743027,1.3383177504749824,-0.9535463452339172
1748621725.3077319,1.348921606902173,-0.9573283195495605
1748621725.341163,1.3599262513050037,-0.9591748714447021
1748621725.3746057,1.3705340532419115,-0.9630915522575378
1748621725.4080193,1.3811445907084692,-0.9675659537315369
1748621725.4416795,1.391812335193533,-0.9703372120857239
1748621725.4750404,1.4024227320751572,-0.975004255771637
1748621725.5084436,1.4134639310314023,-0.9788800477981567
1748621725.5418842,1.4237607123365519,-0.9823128581047058
1748621725.575288,1.4340551118947653,-0.9857744574546814
1748621725.6088226,1.445099129770343,-0.9873422980308533
1748621725.6423352,1.4553755521678367,-0.9911028146743774
1748621725.6758084,1.467090888040695,-0.994705319404602
1748621725.7091784,1.4766522303110308,-0.9981013536453247
1748621725.7425823,1.4876277403794471,-1.0025728940963745
1748621725.7765372,1.498673161840076,-1.0047892332077026
1748621725.8099482,1.5089645095507167,-1.008882761001587
1748621725.8433635,1.5192522516712603,-1.0124306678771973
1748621725.8768156,1.5302828489417684,-1.0154441595077515
1748621725.9104202,1.5408303789558357,-1.0203626155853271
1748621725.9438934,1.551525467103749,-1.0235991477966309
1748621725.9773107,1.5625267994407113,-1.0279216766357422
1748621726.0108387,1.5728360172994822,-1.0313879251480103
1748621726.0443113,1.5834911754460024,-1.033740758895874
1748621726.0777411,1.5941541666179802,-1.0366098880767822
1748621726.111149,1.6048044069342644,-1.0391943454742432
1748621726.1448498,1.6153782446790323,-1.0434441566467285
1748621726.1782742,1.6263423785068376,-1.0480210781097412
1748621726.2116961,1.6366791390540172,-1.0503475666046143
1748621726.2451053,1.64764095399746,-1.0539904832839966
1748621726.2785053,1.6581554567504877,-1.0598042011260986
1748621726.3119369,1.6684889353931076,-1.0624405145645142
1748621726.3454523,1.6756009202042197,-1.0656147003173828
1748621726.3788688,1.6862734741083327,-1.0682270526885986
1748621726.4124076,1.6968723018143834,-1.0724704265594482
1748621726.4458196,1.7071308519378692,-1.0765794515609741
1748621726.4792266,1.7180398043358183,-1.0817134380340576
1748621726.5126276,1.7287340190957803,-1.0844981670379639
1748621726.5460265,1.7393420575719392,-1.0890406370162964
1748621726.5794282,1.7496507989733967,-1.0921149253845215
1748621726.6128385,1.7606748066472555,-1.095120906829834
1748621726.6462078,1.7715542930419592,-1.099043369293213
1748621726.679657,1.781827964517995,-1.1023869514465332
1748621726.7130845,1.7924195459987045,-1.1055418252944946
1748621726.7465057,1.8029214225495926,-1.1121785640716553
1748621726.7801867,1.8132224679089621,-1.1155998706817627
1748621726.8136296,1.8241916885220035,-1.118221640586853
1748621726.8470328,1.8344093529320127,-1.123328685760498
1748621726.8804355,1.845471077419519,-1.1259467601776123
1748621726.9138968,1.8557628585049286,-1.1287868022918701
1748621726.9473062,1.8666713903696663,-1.1353827714920044
1748621726.9807725,1.877281555250685,-1.1395716667175293
1748621727.0141733,1.8879399089504525,-1.1429516077041626
1748621727.0476599,1.9021245684032309,-1.1479673385620117
1748621727.0811167,1.9127650063076833,-1.1515740156173706
1748621727.1145208,1.9197443670098089,-1.157731056213379
1748621727.1479414,1.930323249101874,-1.161738395690918
1748621727.1813834,1.940984970829535,-1.1637734174728394
1748621727.2148144,1.9511745444548538,-1.1681345701217651
1748621727.2482579,1.9616457694257943,-1.1716614961624146
1748621727.281644,1.97219140325203,-1.1781346797943115
1748621727.315094,1.983489577770263,-1.1826692819595337
1748621727.3485003,1.9937901489116854,-1.1864570379257202
1748621727.3819065,2.004659628733424,-1.1924275159835815
1748621727.41532,2.018497307797106,-1.1965858936309814
1748621727.4490023,2.0255894950279894,-1.2008739709854126
1748621727.4824188,2.0359317043549505,-1.2035075426101685
1748621727.5157912,2.0504315464319958,-1.2076940536499023
1748621727.5491955,2.0570516063909685,-1.2136893272399902
1748621727.5826037,2.0715275509139395,-1.2176772356033325
1748621727.6162562,2.0820640292132864,-1.223669409751892
1748621727.6499856,2.092726686174397,-1.2265547513961792
1748621727.683409,2.1028408081610563,-1.2346949577331543
1748621727.7176511,2.117298124528358,-1.2395120859146118
1748621727.751056,2.128311634951662,-1.2436643838882446
1748621727.7844584,2.1384973191044168,-1.2488105297088623
1748621727.8182547,2.152564451841236,-1.2540799379348755
1748621727.8516622,2.163223514453889,-1.2577463388442993
1748621727.885049,2.1741248234253554,-1.263059377670288
1748621727.9184723,2.184300812036185,-1.2709904909133911
1748621727.951969,2.1984919768572446,-1.2750962972640991
1748621727.9853768,2.20916645974605,-1.2781720161437988
1748621728.0188298,2.219722591209407,-1.2833189964294434
1748621728.0522504,2.2299658152703614,-1.2886818647384644
1748621728.0856,2.237825327521852,-1.2926822900772095
1748621728.1191697,2.2479463969053093,-1.299788236618042
1748621728.1526027,2.258505529614194,-1.3052191734313965
1748621728.1862943,2.272661895086453,-1.3098875284194946
1748621728.2207308,2.2797201445954687,-1.3145126104354858
1748621728.2541494,2.290408665279006,-1.3173396587371826
1748621728.2876148,2.3009406382969346,-1.3230547904968262
1748621728.3211129,2.315320178510058,-1.3286552429199219
1748621728.3545458,2.3259368442204584,-1.3329108953475952
1748621728.388321,2.332634591463217,-1.338470697402954
1748621728.4217117,2.3468608653744556,-1.342612624168396
1748621728.4551985,2.357386399505402,-1.3487722873687744
1748621728.4891148,2.368013464837171,-1.3523865938186646
1748621728.5225377,2.3786485193857776,-1.3546799421310425
1748621728.5566378,2.392667480185407,-1.3597146272659302
1748621728.5900805,2.4021306206227413,-1.363663673400879
1748621728.6238627,2.409275429099794,-1.3682172298431396
1748621728.6573203,2.4142520878553166,-1.3695753812789917
1748621728.6907902,2.41849607442037,-1.37289559841156
1748621728.724205,2.4223097924930443,-1.3750813007354736
1748621728.7579346,2.4259276734204165,-1.3763540983200073
1748621728.7917788,2.4294563456375524,-1.3786053657531738
1748621728.8251984,2.432736119683179,-1.3799422979354858
1748621728.8586268,2.436003083073408,-1.3818439245224
1748621728.8921206,2.4393089630315963,-1.3841116428375244
1748621728.9255412,2.4426906168557365,-1.3849819898605347
1748621728.9590256,2.445669292942335,-1.3873846530914307
1748621728.9924352,2.448898944535154,-1.3885587453842163
1748621729.0258427,2.452207608741152,-1.3905978202819824
1748621729.0592437,2.456477031751604,-1.3924742937088013
1748621729.0926528,2.4596206968461427,-1.3934407234191895
1748621729.1260512,2.4617497909377337,-1.3948407173156738
1748621729.1594946,2.464892563395282,-1.397205114364624
1748621729.1929002,2.469176083389321,-1.3984615802764893
1748621729.2263324,2.4723266638891697,-1.4008262157440186
1748621729.259775,2.4755166668121937,-1.4024723768234253
1748621729.293312,2.478767959070343,-1.4043760299682617
1748621729.3268032,2.482356946763367,-1.4055241346359253
1748621729.3604803,2.486052650847386,-1.407596468925476
1748621729.3938959,2.4897143542309315,-1.4092695713043213
1748621729.4273186,2.493789582647481,-1.4108092784881592
1748621729.460771,2.497364101512818,-1.412462830543518
1748621729.4941854,2.5008493041427653,-1.4148447513580322
1748621729.527609,2.5046361194420728,-1.416032314300537
1748621729.5610094,2.5092997946962283,-1.4184820652008057
1748621729.5945573,2.511743948279008,-1.4205645322799683
1748621729.62796,2.515143033366025,-1.4214165210723877
1748621729.6613655,2.5185774268716035,-1.423540472984314
1748621729.6947737,2.521886711600573,-1.4249106645584106
1748621729.7281802,2.5251629914719844,-1.427478551864624
1748621729.761611,2.5293993562430774,-1.4304434061050415
1748621729.7950234,2.5325249476019813,-1.4336284399032593
1748621729.828497,2.535806822803721,-1.4340068101882935
1748621729.8619258,2.5387579291224105,-1.4375557899475098
1748621729.8953242,2.541899503099645,-1.4398486614227295
1748621729.92944,2.5448112227931268,-1.4399579763412476
1748621729.9628983,2.547799683434397,-1.4419208765029907
1748621729.9963534,2.5504887682767476,-1.4453033208847046
1748621730.0297577,2.553280896114078,-1.4466502666473389
1748621730.0633075,2.5561514107925807,-1.4489829540252686
1748621730.0967064,2.558963137155197,-1.4499613046646118
1748621730.1301074,2.5617382352279674,-1.4525024890899658
1748621730.163505,2.5644212571170297,-1.4536055326461792
1748621730.197007,2.56708799832036,-1.4553190469741821
1748621730.2304173,2.569666499194169,-1.4572889804840088
1748621730.2638764,2.572175170221961,-1.4602253437042236
1748621730.2979257,2.5746626086043554,-1.460955262184143
1748621730.3314989,2.577158944102426,-1.461835265159607
1748621730.3649132,2.579588606018351,-1.4637972116470337
1748621730.398353,2.582039104558653,-1.4652165174484253
1748621730.4317498,2.5844893257548023,-1.4658209085464478
1748621730.4653,2.586916004143958,-1.467205286026001
1748621730.4987082,2.589113526890182,-1.468830943107605
1748621730.5321388,2.5922280029797764,-1.4695082902908325
1748621730.5655499,2.5942682534863897,-1.4718167781829834
1748621730.5989947,2.596497089257396,-1.4720910787582397
1748621730.6324072,2.5978348234111266,-1.4748995304107666
1748621730.6658192,2.600001697917502,-1.4753309488296509
1748621730.699217,2.6014405706508774,-1.476094365119934
1748621730.7326217,2.603424347051385,-1.4767042398452759
1748621730.766031,2.6054238593947376,-1.479789137840271
1748621730.7994378,2.606708130023581,-1.4800078868865967
1748621730.8330512,2.6086576219079736,-1.4817835092544556
1748621730.866458,2.6105598034661934,-1.4819923639297485
1748621730.8998818,2.6124799547978665,-1.4830306768417358
1748621730.9334106,2.61426544951769,-1.484897494316101
1748621730.9668171,2.6162179013078495,-1.4845131635665894
1748621731.0002253,2.6180427252996834,-1.4858416318893433
1748621731.0336044,2.619839978707656,-1.4851170778274536
1748621731.0670233,2.621492550128308,-1.4874248504638672
1748621731.100444,2.623728146112532,-1.4874871969223022
1748621731.1338658,2.624918468195953,-1.4871926307678223
1748621731.1672745,2.6271488818764768,-1.4878638982772827
1748621731.2007248,2.6287943275195995,-1.4888297319412231
1748621731.2341344,2.630454776020078,-1.488847255706787
1748621731.2675362,2.6320827950390613,-1.4901522397994995
1748621731.3009474,2.6331904002639415,-1.4897434711456299
1748621731.3343542,2.6347807173956705,-1.4910889863967896
1748621731.3678,2.636414459119427,-1.4911290407180786
1748621731.4013162,2.638481664423665,-1.4925564527511597
1748621731.4347563,2.640046640238422,-1.4923362731933594
1748621731.4683478,2.641520177099841,-1.493017554283142
1748621731.5017529,2.642936895368489,-1.4945803880691528
1748621731.5351613,2.6443358587327017,-1.4948644638061523
1748621731.5688384,2.645784411270745,-1.4940394163131714
1748621731.6022394,2.6471044057520725,-1.4952110052108765
1748621731.6357613,2.6484035827275956,-1.4962408542633057
1748621731.6691718,2.649640083422714,-1.4950274229049683
1748621731.702585,2.651246573362344,-1.4955226182937622
1748621731.7360103,2.6520764041578118,-1.4968279600143433
1748621731.7694566,2.653439330626156,-1.4957114458084106
1748621731.8031712,2.6549217423385674,-1.4964739084243774
1748621731.836846,2.656247176316738,-1.497145414352417
1748621731.870486,2.6580287683931245,-1.4966862201690674
1748621731.9039726,2.6592492163990777,-1.4977107048034668
1748621731.937418,2.66056922084158,-1.4972126483917236
1748621731.9708385,2.6617346049716493,-1.498342514038086
1748621732.0042968,2.662968477921655,-1.4982144832611084
1748621732.0376625,2.6641481619475647,-1.4987257719039917
1748621732.0712683,2.6652420445068623,-1.498476505279541
1748621732.1052241,2.666344854215232,-1.49873685836792
1748621732.1386385,2.6677432421175533,-1.499285101890564
1748621732.172068,2.6685007589287,-1.4988832473754883
1748621732.2054636,2.6699105724581558,-1.4997955560684204
1748621732.2388742,2.671090649156659,-1.499293565750122
1748621732.276249,2.6714570506117865,-1.499428629875183
1748621732.3122544,2.6725505425998,-1.5003598928451538
1748621732.3457897,2.673601371310808,-1.500166416168213
1748621732.3792272,2.6743041847471702,-1.5009851455688477
1748621732.4126565,2.675677881579775,-1.5004864931106567
1748621732.4461343,2.676660065873531,-1.501589298248291
1748621732.4795907,2.6776672295014845,-1.5015684366226196
1748621732.5130026,2.678617108558097,-1.501652717590332
1748621732.5464625,2.6798324837390055,-1.5024430751800537
1748621732.5798397,2.6807445367353093,-1.5024917125701904
1748621732.6132452,2.6816032111823747,-1.5026670694351196
1748621732.6466608,2.682400721647552,-1.5031520128250122
1748621732.6800575,2.6832445932746856,-1.5035679340362549
1748621732.7134595,2.6840649843363926,-1.5033352375030518
1748621732.747062,2.684897962719365,-1.5040775537490845
1748621732.780476,2.68571663152226,-1.504056692123413
1748621732.814014,2.686384717767256,-1.504317045211792
1748621732.8474336,2.6867597890860067,-1.5043307542800903
1748621732.880858,2.6869867555648144,-1.5043610334396362
1748621732.914261,2.687082238716458,-1.5044102668762207
1748621732.9478278,2.687124545492067,-1.5044264793395996
1748621732.9812381,2.687157198495951,-1.5044333934783936
1748621733.0146363,2.687168706686026,-1.504431962966919
1748621733.0480466,2.687176322580691,-1.5044366121292114
1748621733.0814502,2.687180144650984,-1.504436731338501
1748621733.1148784,2.6871836034438434,-1.5044382810592651
1748621733.1486523,2.6871868564858987,-1.504439115524292
1748621733.1821256,2.6871884050326105,-1.5044400691986084
1748621733.215675,2.6871905235755276,-1.5044410228729248
1748621733.2491567,2.687192136757652,-1.5044422149658203
1748621733.2825541,2.6871952630866294,-1.5044434070587158
1748621733.3160415,2.6871967900812628,-1.5044442415237427
1748621733.349438,2.6871982866030546,-1.5044450759887695
1748621733.3828385,2.687199805486526,-1.5044465065002441
1748621733.4162383,2.687200787487378,-1.5044474601745605
1748621733.449651,2.687203913776303,-1.5044482946395874
1748621733.4830503,2.687204992364426,-1.5044491291046143
1748621733.5168304,2.687207163168043,-1.5044499635696411
1748621733.5502799,2.6872077384805984,-1.504450798034668
1748621733.5837443,2.6872102728079637,-1.5044517517089844
1748621733.6171532,2.687210839651051,-1.5044525861740112
1748621733.6505606,2.687212430693859,-1.504453182220459
1748621733.6840706,2.6872144777968034,-1.504454255104065
1748621733.717536,2.687214975623606,-1.5044550895690918
1748621733.7509384,2.6872176637901144,-1.5044556856155396
1748621733.78436,2.6872186763555987,-1.504456877708435
1748621733.8177965,2.687220282895411,-1.5044575929641724
1748621733.851244,2.68722289470911,-1.5044580698013306
1748621733.8846488,2.6872233840666957,-1.504459023475647
1748621733.9180377,2.6872255189264296,-1.5044602155685425
1748621733.9514508,2.687227610533139,-1.5044612884521484
1748621733.9848318,2.687228578046753,-1.5044617652893066
1748621734.0183227,2.6872309510708363,-1.5044633150100708
1748621734.0516975,2.687232050039585,-1.5044639110565186
1748621734.0850973,2.6872341228437406,-1.5044653415679932
1748621734.118478,2.6872346501746516,-1.50446617603302
1748621734.1518803,2.687236256193124,-1.5044670104980469
1748621734.1852891,2.6872388129659788,-1.504467487335205
1748621734.21874,2.687240400358879,-1.504468321800232
1748621734.2521427,2.6872413054453608,-1.5044691562652588
1748621734.2855482,2.6872428266728265,-1.5044699907302856
1748621734.318957,2.687243009432625,-1.504470944404602
1748621734.352358,2.6872455507329205,-1.504471778869629
1748621734.3857818,2.687247102293754,-1.5044726133346558
1748621734.4192522,2.687248684413109,-1.5044734477996826
1748621734.4537287,2.6872508639620794,-1.5044742822647095
1748621734.4879398,2.687251991936311,-1.5044752359390259
1748621734.5214014,2.6872528041464316,-1.5044759511947632
1748621734.5548303,2.6872543860712472,-1.5044771432876587
1748621734.5882473,2.687256790885408,-1.5044784545898438
1748621734.6216698,2.687257626685104,-1.504478931427002
1748621734.6551147,2.6872585492077485,-1.5044806003570557
1748621734.6888046,2.6872604060196235,-1.504481554031372
1748621734.7222383,2.687262252017966,-1.5044820308685303
1748621734.7556486,2.687263587951363,-1.5044832229614258
1748621734.7896655,2.68726540442618,-1.5044840574264526
1748621734.8231134,2.687266232492963,-1.504485011100769
1748621734.8565416,2.687267037297878,-1.5044857263565063
1748621734.8899937,2.6872689013406816,-1.504486322402954
1748621734.9233973,2.687269729486005,-1.504487156867981
1748621734.9568498,2.687271574048594,-1.504488229751587
1748621734.9902577,2.6872733876167576,-1.5044891834259033
1748621735.0236888,2.6872742308223536,-1.5044896602630615
1748621735.057148,2.6872760651579393,-1.5044904947280884
1748621735.0905557,2.687276854465229,-1.5044922828674316
1748621735.1239555,2.6872776357211863,-1.504493236541748
1748621735.1574152,2.687279516124044,-1.5044937133789062
1748621735.1914089,2.687281295878156,-1.5044946670532227
1748621735.2248323,2.6872821267267604,-1.5044955015182495
1748621735.2582939,2.6872840149326054,-1.5044963359832764
1748621735.2918692,2.6872850116037434,-1.5044968128204346
1748621735.3253725,2.6872873032802587,-1.5044983625411987
1748621735.3598042,2.6872888307194067,-1.504498839378357
1748621735.3933277,2.6872904133620374,-1.5044997930526733
1748621735.4267347,2.6872919318958126,-1.5045006275177002
1748621735.4601202,2.687293530035596,-1.504501461982727
1748621735.4935188,2.6872945126665533,-1.5045028924942017
1748621735.5269406,2.6872960396696683,-1.5045037269592285
1748621735.5603735,2.6872976068394583,-1.5045045614242554
1748621735.5939739,2.687299510213841,-1.5045051574707031
1748621735.62738,2.6873021061439686,-1.50450599193573
1748621735.660807,2.6873026419094233,-1.5045067071914673
1748621735.694346,2.68730536989699,-1.5045075416564941
1748621735.7278004,2.6873063679982385,-1.5045084953308105
1748621735.7612114,2.687308342738728,-1.5045099258422852
1748621735.794672,2.687309845749444,-1.5045108795166016
1748621735.9885397,2.687319147022413,-1.50475013256073
1748621736.0310633,2.6915853081815784,-1.5056864023208618
1748621736.0690606,2.701874471587195,-1.5066418647766113
1748621736.102464,2.7110337514942033,-1.5075247287750244
1748621736.137935,2.7238467733190546,-1.5083866119384766
1748621736.1714396,2.7340707052657205,-1.508394718170166
1748621736.2049727,2.7443325750038126,-1.5115644931793213
1748621736.2383873,2.7581611761485587,-1.5129756927490234
1748621736.2720358,2.768549578323015,-1.5101513862609863
1748621736.3054676,2.779149663587099,-1.5083917379379272
1748621736.338922,2.792844629739368,-1.5078370571136475
1748621736.3725567,2.8033407781720014,-1.506575345993042
1748621736.4059634,2.8139969176530597,-1.5068047046661377
1748621736.439491,2.824692116510329,-1.5073717832565308
1748621736.4727826,2.8346900675751074,-1.5067554712295532
1748621736.50622,2.849223934042747,-1.5067473649978638
1748621736.5398853,2.8599860984393652,-1.5119391679763794
1748621736.5733502,2.870143975398434,-1.5143071413040161
1748621736.6068182,2.884299096292137,-1.5131467580795288
1748621736.6402361,2.8942384096386617,-1.5087249279022217
1748621736.6737182,2.9042762262828057,-1.5120779275894165
1748621736.7073038,2.9176250984131347,-1.5155991315841675
1748621736.740704,2.927872575769726,-1.5157889127731323
1748621736.775746,2.938187953767062,-1.5170129537582397
1748621736.8103042,2.9519132344159176,-1.5207581520080566
1748621736.8441215,2.9622423874417763,-1.5221067667007446
1748621736.8775542,2.9729922812704737,-1.5226013660430908
1748621736.9111075,2.983096442213354,-1.5232245922088623
1748621736.9445472,2.997325637183469,-1.5253785848617554
1748621736.9779623,3.0073959819708045,-1.5282944440841675
1748621737.01141,3.0210346857156156,-1.5320837497711182
1748621737.044855,3.030846035752286,-1.5382323265075684
1748621737.0795565,3.040471379433467,-1.5482231378555298
1748621737.1130571,3.0534691930536586,-1.5496219396591187
1748621737.146469,3.0637402312808164,-1.5465404987335205
1748621737.1801095,3.0735828646156955,-1.5453202724456787
1748621737.2135043,3.0841590717223597,-1.5482404232025146
1748621737.2485702,3.0972914115121024,-1.552112102508545
1748621737.2821305,3.107347372944048,-1.5485751628875732
1748621737.3156674,3.117514663941602,-1.54497230052948
1748621737.3491232,3.1314726255596717,-1.5444846153259277
1748621737.384554,3.1420381256063354,-1.5441713333129883
1748621737.4179595,3.1526313360388936,-1.5441079139709473
1748621737.4525716,3.1671657608358577,-1.544076681137085
1748621737.4860077,3.177458605505513,-1.544082760810852
1748621737.520663,3.1916667606719336,-1.5440826416015625
1748621737.5541272,3.2023259785626004,-1.5440794229507446
1748621737.5878544,3.2133419981118037,-1.5440772771835327
1748621737.621522,3.2272028849504903,-1.5440753698349
1748621737.655323,3.2378649628479534,-1.544073462486267
1748621737.689009,3.248882889077273,-1.544070839881897
1748621737.7225375,3.2630996369935135,-1.5440689325332642
1748621737.7561996,3.273406832635459,-1.5440669059753418
1748621737.78977,3.2840698638654464,-1.544063925743103
1748621737.8231795,3.2947329078487226,-1.5440617799758911
1748621737.8566842,3.3089496430253926,-1.5440598726272583
1748621737.8901215,3.3203224770122746,-1.5440576076507568
1748621737.9235575,3.330985521006679,-1.5440555810928345
1748621737.959997,3.3444915256134644,-1.5440536737442017
1748621737.9935644,3.355509451846381,-1.5440510511398315
1748621738.0276508,3.366172495840046,-1.5440491437911987
1748621738.0623832,3.3800343615139017,-1.5440471172332764
1748621738.0984762,3.390696452169268,-1.544044017791748
1748621738.1319716,3.4049141534277907,-1.5440421104431152
1748621738.1655037,3.4159320924916905,-1.5440396070480347
1748621738.2113805,3.433347675087083,-1.5440372228622437
1748621738.2468717,3.4440107191432765,-1.5440341234207153
1748621738.2803621,3.454672809869395,-1.5440322160720825
1748621738.3150876,3.4656912127802078,-1.5440301895141602
1748621738.349003,3.4791972302007923,-1.5440285205841064
1748621738.3824124,3.490570553614969,-1.5440260171890259
1748621738.4158232,3.5008782259355544,-1.5440239906311035
1748621738.4518483,3.5115407933202123,-1.5439658164978027
1748621738.4852667,3.5222075770576122,-1.5442523956298828
1748621738.518738,3.5328863310741516,-1.5441043376922607
1748621738.5527408,3.5439304207348483,-1.5440495014190674
1748621738.5868664,3.557807360177621,-1.5440082550048828
1748621738.6209385,3.5684877175942535,-1.5439811944961548
1748621738.6604373,3.583059424894786,-1.543975591659546
1748621738.6946383,3.5933689533955704,-1.5439738035202026
1748621738.7280467,3.6075951718801993,-1.54399836063385
1748621738.7615,3.618253538695638,-1.5438957214355469
1748621738.7950256,3.6292665293977984,-1.5442252159118652
1748621738.8284292,3.6434976761243987,-1.5441323518753052
1748621738.861836,3.6538121736688893,-1.5441088676452637
1748621738.89525,3.6683920738581937,-1.543950080871582
1748621738.9286568,3.678709846752812,-1.543947458267212
1748621738.9623902,3.689365766368672,-1.543941617012024
1748621738.9958704,3.7000335644048454,-1.5439560413360596
1748621739.0314052,3.714249423450911,-1.543950080871582
1748621739.0665977,3.7249134463589755,-1.5439472198486328
1748621739.1165602,3.742684438798474,-1.5439436435699463
1748621739.165485,3.7604558950950504,-1.5439403057098389
1748621739.2052372,3.7711189774774274,-1.5439363718032837
1748621739.241068,3.785336240430542,-1.5439343452453613
1748621739.276154,3.7963546816850884,-1.5439318418502808
1748621739.309592,3.806662392409771,-1.5438990592956543
1748621739.343203,3.817324887697127,-1.5441100597381592
1748621739.3766472,3.8279832743630013,-1.5442384481430054
1748621739.410143,3.8422032883597423,-1.544160008430481
1748621739.4435587,3.8528637078403745,-1.5442055463790894
1748621739.4769692,3.8638834520117604,-1.5442382097244263
1748621739.51166,3.8777445876414096,-1.544258952140808
1748621739.5454302,3.8887661249002266,-1.5442818403244019
1748621739.5798953,3.8990707220846543,-1.5443092584609985
1748621739.6136844,3.9097301812738507,-1.544013261795044
1748621739.6487896,3.920754185086604,-1.5442688465118408
1748621739.6832194,3.9349846706124505,-1.5440977811813354
1748621739.7168798,3.9456518862816283,-1.5441081523895264
1748621739.7525084,3.9595169012978344,-1.5440208911895752
1748621739.7939138,3.974086034020762,-1.5440754890441895
1748621739.8288598,3.984391425013147,-1.5440415143966675
1748621739.8624141,3.9986062280219064,-1.5440526008605957
1748621739.8959286,4.00926642475207,-1.5440436601638794
1748621739.9293144,4.023480776566358,-1.5440447330474854
1748621739.9664817,4.034851703891569,-1.5440410375595093
1748621740.000507,4.048354371822616,-1.5440399646759033
1748621740.0354419,4.059369438056387,-1.5440374612808228
1748621740.0710466,4.069673773712184,-1.5440359115600586
1748621740.1047707,4.083886708309361,-1.5440341234207153
1748621740.1382117,4.094545462307686,-1.5440319776535034
1748621740.1744888,4.108756966907422,-1.5440303087234497
1748621740.2087317,4.119770541817993,-1.5442472696304321
1748621740.2423809,4.130433411888469,-1.544158697128296
1748621740.2760243,4.144326149365541,-1.5438966751098633
1748621740.3115072,4.155357270650718,-1.545036792755127
1748621740.3450797,4.1660263429222,-1.545731782913208
1748621740.378472,4.176342740660688,-1.545292615890503
1748621740.4118927,4.190483614510179,-1.546722173690796
1748621740.4453042,4.201098584506769,-1.546858787536621
1748621740.4787927,4.2116712164643175,-1.5474261045455933
1748621740.5122418,4.22612339527143,-1.549195408821106
1748621740.5457127,4.236739916879024,-1.5491201877593994
1748621740.5791183,4.250574155070864,-1.5489996671676636
1748621740.612671,4.261126689665365,-1.551099419593811
1748621740.648068,4.271669247822381,-1.5517663955688477
1748621740.6819644,4.282265790338235,-1.552813172340393
1748621740.715371,4.295976669414453,-1.555794358253479
1748621740.7487695,4.3072468739801,-1.5566809177398682
1748621740.782176,4.317461753978778,-1.558784008026123
1748621740.8164098,4.331750953637895,-1.5619697570800781
1748621740.8518658,4.3419295193853555,-1.564062237739563
1748621740.888787,4.35569134158723,-1.5672202110290527
1748621740.9236484,4.365790105235757,-1.572298526763916
1748621740.9570644,4.375854871008035,-1.5766595602035522
1748621740.9904761,4.386072848115966,-1.5765615701675415
1748621741.0239632,4.3961544696234185,-1.5795435905456543
1748621741.0578487,4.409644467890736,-1.5811598300933838
1748621741.091734,4.419777336730815,-1.583264708518982
1748621741.1294677,4.429564859297756,-1.5872195959091187
1748621741.1628904,4.443774911057523,-1.5888402462005615
1748621741.1963396,4.4535596145574905,-1.5915604829788208
1748621741.229745,4.4639908027051804,-1.5933128595352173
1748621741.2655218,4.477145561583419,-1.5923523902893066
1748621741.3007803,4.487722869823915,-1.592225432395935
1748621741.3386495,4.501035694769078,-1.5944697856903076
1748621741.3721561,4.511310559817475,-1.5969511270523071
1748621741.4065278,4.521622405405046,-1.5985689163208008
1748621741.4418886,4.535408562734955,-1.6002106666564941
1748621741.4753058,4.545781084433351,-1.6008082628250122
1748621741.5087247,4.5561373588801315,-1.6032421588897705
1748621741.5497224,4.569981327218672,-1.6047714948654175
1748621741.5832095,4.580350827315223,-1.6067081689834595
1748621741.6170683,4.594116506136285,-1.6078081130981445
1748621741.650485,4.604529519168005,-1.608481526374817
1748621741.6838925,4.614914525700191,-1.610944390296936
1748621741.7173016,4.628786095257645,-1.6127641201019287
1748621741.7507226,4.639190143060873,-1.6145544052124023
1748621741.7841606,4.649937584246067,-1.614997386932373
1748621741.8181593,4.663858620877241,-1.6162339448928833
1748621741.8516161,4.673979791206197,-1.6171411275863647
1748621741.885021,4.684476851160692,-1.6176995038986206
1748621741.918446,4.698506906255343,-1.6186965703964233
1748621741.951851,4.709033407976361,-1.618690848350525
1748621741.9852538,4.7195689301913575,-1.6192737817764282
1748621742.018654,4.7304486658069145,-1.6212749481201172
1748621742.0522,4.740246437123885,-1.6197949647903442
1748621742.090307,4.754649977269289,-1.6189160346984863
1748621742.123712,4.765222458605471,-1.6200902462005615
1748621742.163231,4.779724112154426,-1.6194276809692383
1748621742.1967344,4.790351853297172,-1.6193746328353882
1748621742.2339587,4.804136551363781,-1.6206021308898926
1748621742.2764966,4.818625063555181,-1.6202480792999268
1748621742.3099105,4.828906862238355,-1.6198806762695312
1748621742.343489,4.839570404208554,-1.6202795505523682
1748621742.376922,4.850606668035399,-1.6208921670913696
1748621742.4115777,4.860894796855348,-1.6200627088546753
1748621742.444986,4.871552499630149,-1.620205044746399
1748621742.4815063,4.885764067429834,-1.6201947927474976
1748621742.514932,4.900361416941615,-1.6196646690368652
1748621742.5501904,4.9106960735658625,-1.6187119483947754
1748621742.5836027,4.921736034338738,-1.61886727809906
1748621742.6172867,4.935980434440872,-1.6188373565673828
1748621742.6509962,4.946653470978661,-1.6179912090301514
1748621742.6879532,4.961265286474903,-1.6179064512252808
1748621742.7215078,4.971228207643164,-1.6177746057510376
1748621742.7551455,4.982251840064382,-1.6176482439041138
1748621742.792243,4.996117732081648,-1.6174689531326294
1748621742.8271372,5.007133485430004,-1.6169488430023193
1748621742.8647504,5.02135043533576,-1.6167221069335938
1748621742.8982491,5.031657230275206,-1.6167224645614624
1748621742.931603,5.042326956373176,-1.616827368736267
1748621742.9650836,5.053348620532227,-1.6162550449371338
1748621743.0016754,5.067212117928854,-1.6161929368972778
1748621743.037678,5.078231196948587,-1.6159027814865112
1748621743.0712717,5.088535963905039,-1.615134835243225
1748621743.1049275,5.102749099415804,-1.61472749710083
1748621743.1386302,5.113410651546496,-1.6142644882202148
1748621743.1720827,5.12762403388823,-1.614020586013794
1748621743.2055771,5.138638848432921,-1.6141157150268555
1748621743.2403693,5.148965546898593,-1.6129778623580933
1748621743.2750869,5.163189504965287,-1.61185884475708
1748621743.3093424,5.1738307578302285,-1.611567735671997
1748621743.3437095,5.184530869696155,-1.6118966341018677
1748621743.3771122,5.199078125392496,-1.6099416017532349
1748621743.4106236,5.209336892309667,-1.608731985092163
1748621743.4440284,5.223497365019425,-1.6096067428588867
1748621743.4776125,5.234427406144595,-1.6082009077072144
1748621743.5124226,5.244696377409821,-1.607504963874817
1748621743.5458913,5.259289071824907,-1.6071463823318481
1748621743.5793774,5.269958908796047,-1.6069514751434326
1748621743.6128561,5.280658922911884,-1.6063059568405151
1748621743.6462796,5.290991599069897,-1.6063017845153809
1748621743.681063,5.305501848320156,-1.6044466495513916
1748621743.7164772,5.316508087691996,-1.602866530418396
1748621743.751898,5.329930100904257,-1.6036665439605713
1748621743.7856472,5.340827439046776,-1.603845238685608
1748621743.8191156,5.354472947210129,-1.601210594177246
1748621743.8532145,5.365670729983151,-1.6001660823822021
1748621743.8866367,5.376226193438484,-1.6011813879013062
1748621743.9212937,5.3861111952560625,-1.5993564128875732
1748621743.9547296,5.400264259207041,-1.5980632305145264
1748621743.9881485,5.410913487035288,-1.5980266332626343
1748621744.0215743,5.422332625725932,-1.5990208387374878
1748621744.0566173,5.435763257268245,-1.5964367389678955
1748621744.0903833,5.446293021549335,-1.5952943563461304
1748621744.1237798,5.456822389133299,-1.5966925621032715
1748621744.157419,5.467358566579402,-1.596596121788025
1748621744.190831,5.4821635631274095,-1.5944591760635376
1748621744.226006,5.492106889017392,-1.5946354866027832
1748621744.2597506,5.502766958991078,-1.5946804285049438
1748621744.2932014,5.516969435392886,-1.593809962272644
1748621744.3272905,5.52762641358785,-1.5932844877243042
1748621744.3607116,5.542191536108932,-1.592748999595642
1748621744.3956401,5.552866608483648,-1.5920785665512085
1748621744.4293444,5.563167987272548,-1.5916160345077515
1748621744.4639828,5.577387387153561,-1.5911715030670166
1748621744.4974766,5.588044600237062,-1.5905441045761108
1748621744.53157,5.598712407034237,-1.5900509357452393
1748621744.568106,5.612920787342751,-1.5896661281585693
1748621744.6015282,5.624282583062841,-1.5890851020812988
1748621744.6350362,5.634949260606256,-1.5885931253433228
1748621744.6688316,5.648462473642466,-1.5882524251937866
1748621744.7022889,5.659123708899294,-1.5878924131393433
1748621744.7359707,5.669430670877304,-1.5871257781982422
1748621744.769385,5.680462313702564,-1.5866422653198242
1748621744.8027964,5.687933308154649,-1.5864139795303345
1748621744.8434193,5.7053467881893045,-1.5857954025268555
1748621744.8843899,5.719923880576669,-1.5851759910583496
1748621744.9194572,5.730231877616938,-1.584749698638916
1748621744.9554937,5.740894687093069,-1.5842491388320923
1748621744.9894192,5.75546820703868,-1.5837129354476929
1748621745.0228267,5.766140690329119,-1.5830143690109253
1748621745.0562472,5.776446057879362,-1.5826373100280762
1748621745.0896564,5.790665088628093,-1.5823065042495728
1748621745.123283,5.801686592087321,-1.5817292928695679
1748621745.156786,5.811990724909244,-1.580947995185852
1748621745.1920774,5.82620315252151,-1.5806490182876587
1748621745.2255597,5.83685981803193,-1.580057144165039
1748621745.258965,5.847878432425428,-1.5795848369598389
1748621745.2924826,5.86173421914669,-1.5792189836502075
1748621745.326108,5.872765340745358,-1.5800777673721313
1748621745.359679,5.883339324462448,-1.5793839693069458
1748621745.3930826,5.897126446729726,-1.577579379081726
1748621745.4269302,5.907690134986492,-1.5787665843963623
1748621745.460342,5.918318259097319,-1.5784435272216797
1748621745.495407,5.932705494690684,-1.5756263732910156
1748621745.528929,5.94282729811925,-1.576098084449768
1748621745.5624733,5.953350691773258,-1.576106071472168
1748621745.5960815,5.967818732827538,-1.5752185583114624
1748621745.6297467,5.978093402999757,-1.574440836906433
1748621745.6631486,5.988730017413508,-1.5752121210098267
1748621745.6965942,6.00293383500701,-1.575606346130371
1748621745.7300854,6.013580188405816,-1.5746568441390991
1748621745.7634876,6.024236580852951,-1.5731562376022339
1748621745.7972953,6.038466333286181,-1.57374906539917
1748621745.8317761,6.049119209130254,-1.5742604732513428
1748621745.8652859,6.05976688554803,-1.5737154483795166
1748621745.8988628,6.070427215531488,-1.5722724199295044
1748621745.9325876,6.081074533064716,-1.5720105171203613
1748621745.965992,6.095205245431419,-1.5741270780563354
1748621745.9994714,6.109367874017135,-1.5750205516815186
1748621746.0328748,6.120027903924735,-1.574146032333374
1748621746.0662923,6.130722208420309,-1.574544072151184
1748621746.0997043,6.14133062715435,-1.5732768774032593
1748621746.1334121,6.155797867861065,-1.5741777420043945
1748621746.1678746,6.166092357418686,-1.5736593008041382
1748621746.201814,6.176712108361784,-1.5753684043884277
1748621746.2352316,6.191224219094199,-1.5772043466567993
1748621746.2686448,6.201271927241257,-1.5745739936828613
1748621746.302201,6.211259914411038,-1.5701074600219727
1748621746.3356028,6.223956357250452,-1.569458246231079
1748621746.3690805,6.23341654590114,-1.578551173210144
1748621746.4025357,6.242822777563858,-1.580928087234497
1748621746.4371533,6.25605709365753,-1.5806161165237427
1748621746.472267,6.266364202589187,-1.5793671607971191
1748621746.5081198,6.2801815398723555,-1.5794007778167725
1748621746.541587,6.29067628223785,-1.5802267789840698
1748621746.5750012,6.301243163321354,-1.5800944566726685
1748621746.608797,6.315402646267703,-1.580080270767212
1748621746.6430504,6.326764959065403,-1.5798097848892212
1748621746.680052,6.340951254158922,-1.5800187587738037
1748621746.7139297,6.351254850248103,-1.5800467729568481
1748621746.7473404,6.361927713907211,-1.5800048112869263
1748621746.7808511,6.375782867235603,-1.5800701379776
1748621746.8145773,6.386451151370862,-1.5801115036010742
1748621746.8480968,6.397466139068186,-1.5801310539245605
1748621746.8814394,6.407775367262793,-1.5801633596420288
1748621746.9148786,6.421991503912461,-1.5801870822906494
1748621746.948301,6.433009357309942,-1.5802199840545654
1748621746.9839067,6.447226461332534,-1.58025062084198
1748621747.0178912,6.457533791650873,-1.5802836418151855
1748621747.0513322,6.468196867394358,-1.5803115367889404
1748621747.084736,6.479214730250031,-1.5803368091583252
1748621747.1222763,6.49343184839172,-1.5803734064102173
1748621747.1561248,6.50445019289652,-1.5803991556167603
1748621747.1934507,6.517956324981882,-1.5804362297058105
1748621747.2328024,6.532173457314872,-1.5804696083068848
1748621747.2662039,6.542836075265169,-1.580497145652771
1748621747.2996137,6.553498693286777,-1.5805237293243408
1748621747.3334117,6.567715844642032,-1.5805491209030151
1748621747.3668272,6.578378472176592,-1.5805848836898804
1748621747.4003756,6.592950892530089,-1.5806121826171875
1748621747.4342275,6.6032582610228365,-1.5806469917297363
1748621747.467583,6.61392089833893,-1.5806734561920166
1748621747.5013692,6.62955959277199,-1.5807031393051147
1748621747.534771,6.638800706762085,-1.5807360410690308
1748621747.5682757,6.6494633490899355,-1.5807608366012573
1748621747.6017141,6.66368053471852,-1.580788016319275
1748621747.6353765,6.674343186840957,-1.5808145999908447
1748621747.6688397,6.685005843793996,-1.5808502435684204
1748621747.7022488,6.69566897765171,-1.5808768272399902
1748621747.735788,6.709885701367713,-1.58090341091156
1748621747.7694814,6.720548363430306,-1.5809298753738403
1748621747.8039825,6.731211512176275,-1.5809663534164429
1748621747.8375375,6.7454282411060085,-1.5809919834136963
1748621747.8710005,6.756090918152286,-1.5810279846191406
1748621747.9044282,6.766754072106458,-1.581053376197815
1748621747.9434838,6.78097082593769,-1.5810891389846802
1748621747.9768882,6.795188056729243,-1.5811156034469604
1748621748.0103023,6.805495003127596,-1.581141471862793
1748621748.0437057,6.816513436359274,-1.5811786651611328
1748621748.078076,6.831085946551872,-1.5812052488327026
1748621748.1181595,6.844947456815658,-1.581239104270935
1748621748.1522524,6.855610159505408,-1.5812748670578003
1748621748.1876373,6.866272867276853,-1.5813014507293701
1748621748.2213018,6.880489652153335,-1.5813279151916504
1748621748.254958,6.891152841941893,-1.5813544988632202
1748621748.2884212,6.902170824227613,-1.5813900232315063
1748621748.3218682,6.916032355396475,-1.5814166069030762
1748621748.3552969,6.926695078864824,-1.5814430713653564
1748621748.3887923,6.937002543322359,-1.5814684629440308
1748621748.423785,6.948020536173464,-1.5815045833587646
1748621748.4572084,6.95868327008426,-1.5815304517745972
1748621748.4945018,6.969346004102868,-1.581557035446167
1748621748.5279489,6.983563312923731,-1.581584095954895
1748621748.5613952,6.994226057441444,-1.5816106796264648
1748621748.5959418,7.004888802070829,-1.5816372632980347
1748621748.6294785,7.015551551972985,-1.581663727760315
1748621748.6645668,7.026214307168517,-1.5816994905471802
1748621748.6979876,7.036877062514598,-1.5817267894744873
1748621748.7328627,7.051449185417854,-1.5817533731460571
1748621748.7662652,7.061756676802149,-1.5817791223526
1748621748.7996726,7.072419448156366,-1.5818156003952026
1748621748.8336413,7.086992058767523,-1.5818421840667725
1748621748.8676622,7.097299084148454,-1.5818760395050049
1748621748.9010935,7.108317607350687,-1.5819026231765747
1748621748.9355748,7.118979912943759,-1.5819292068481445
1748621748.9694295,7.133197275938087,-1.5819567441940308
1748621749.0028875,7.143504322988449,-1.58199143409729
1748621749.036252,7.15416711635473,-1.5820180177688599
1748621749.0720787,7.166251459169938,-1.5820444822311401
1748621749.1054823,7.179046817942426,-1.58207106590271
1748621749.1389334,7.189709616987946,-1.5820975303649902
1748621749.1724598,7.200727696463249,-1.5821330547332764
1748621749.207484,7.214587824805857,-1.5821173191070557
1748621749.2408438,7.2252551167874515,-1.582936406135559
1748621749.2742634,7.235959889214237,-1.5820719003677368
1748621749.3076875,7.250470998101483,-1.5821011066436768
1748621749.3426256,7.260739369227394,-1.582827091217041
1748621749.3761334,7.271402890555455,-1.5830765962600708
1748621749.4095442,7.285573694256831,-1.5830514430999756
1748621749.4431174,7.296143722112176,-1.5809123516082764
1748621749.4765208,7.306371063853463,-1.5769528150558472
1748621749.5100565,7.32091089077866,-1.5746657848358154
1748621749.5434263,7.331576112694767,-1.5726964473724365
1748621749.5769618,7.338702276558408,-1.5713889598846436
1748621749.6103683,7.3526035491209205,-1.568937063217163
1748621749.6437743,7.3597006532821085,-1.567120909690857
1748621749.6784394,7.371002817964403,-1.5675243139266968
1748621749.7119176,7.381555395557417,-1.5691765546798706
1748621749.7453096,7.391410422961008,-1.5674872398376465
1748621749.7787578,7.402360931979423,-1.5687792301177979
1748621749.8121574,7.412907901808876,-1.5695074796676636
1748621749.8455634,7.423293686754544,-1.565771222114563
1748621749.8789856,7.433717617359544,-1.5664935111999512
1748621749.912571,7.444523837720278,-1.566433072090149
1748621749.9459763,7.4546106023225915,-1.5633071660995483
1748621749.979387,7.468502294478661,-1.5657633543014526
1748621750.0128365,7.478532053092609,-1.5640475749969482
1748621750.0462403,7.48911296988896,-1.566264271736145
1748621750.0796373,7.499366636420714,-1.566349744796753
1748621750.113166,7.509406618877345,-1.569074273109436
1748621750.1465845,7.523817959203193,-1.5705509185791016
1748621750.180353,7.534422376047953,-1.5716848373413086
1748621750.2137322,7.544632577920711,-1.5712813138961792
1748621750.2471442,7.5549659448572415,-1.5754061937332153
1748621750.2806249,7.565288162790321,-1.580843448638916
1748621750.3140311,7.576060315141463,-1.5860165357589722
1748621750.3474736,7.587016484473136,-1.5891135931015015
1748621750.38089,7.597327325344324,-1.591485857963562
1748621750.4143393,7.608031548192822,-1.5931740999221802
1748621750.4477448,7.622178870565205,-1.597177267074585
1748621750.481138,7.632841956505245,-1.5971993207931519
1748621750.5145426,7.643474769703454,-1.5962392091751099
1748621750.5479562,7.653714252599849,-1.5948717594146729
1748621750.5813751,7.665341031266101,-1.5955753326416016
1748621750.615013,7.67514214246669,-1.5924763679504395
1748621750.6484122,7.685334192341803,-1.5911033153533936
1748621750.6818342,7.692749988359418,-1.591335415840149
1748621750.7152336,7.703376389612265,-1.5896613597869873
1748621750.7492642,7.713628372547445,-1.5876721143722534
1748621750.7827282,7.724634048670517,-1.5875394344329834
1748621750.8162808,7.735240705107327,-1.5844343900680542
1748621750.8496878,7.746255260381281,-1.5843307971954346
1748621750.8830957,7.760093133763999,-1.5827730894088745
1748621750.9165113,7.77110810484111,-1.582566261291504
1748621750.949911,7.78104240146081,-1.580651879310608
1748621750.983317,7.792387663201789,-1.5784485340118408
1748621751.0168612,7.803029550689485,-1.576578140258789
1748621751.050275,7.813327026536953,-1.5747380256652832
1748621751.083695,7.823990310738554,-1.5732845067977905
1748621751.117106,7.835002331882406,-1.5712904930114746
1748621751.1506488,7.845329426104932,-1.5704033374786377
1748621751.1840549,7.856373376574218,-1.5681767463684082
1748621751.2174532,7.866375782149643,-1.5670655965805054
1748621751.2508385,7.877784309660283,-1.5648269653320312
1748621751.284269,7.887793043357637,-1.5639252662658691
1748621751.3177142,7.89884658062751,-1.5628331899642944
1748621751.3510904,7.905967712644076,-1.5622392892837524
1748621751.38452,7.920192195920085,-1.5607119798660278
1748621751.4179296,7.930851726637736,-1.559004545211792
1748621751.4513917,7.941869876127891,-1.5578608512878418
1748621751.484792,7.955731351688746,-1.5572943687438965
1748621751.5182025,7.9663897362391625,-1.556342601776123
1748621751.5519888,7.977403089936269,-1.5550212860107422
1748621751.5854015,7.987706089437565,-1.5539997816085815
1748621751.618811,7.998367972094698,-1.5534107685089111
1748621751.6523876,8.009023442294739,-1.5522056818008423
1748621751.6858227,8.019682147944742,-1.5517148971557617
1748621751.7192242,8.030344374772387,-1.551449179649353
1748621751.7526364,8.041001035145579,-1.5504648685455322
1748621751.7860434,8.051660189902332,-1.5497242212295532
1748621751.819528,8.062319091536299,-1.5487468242645264
1748621751.8529446,8.073333770375438,-1.5483288764953613
1748621751.8863485,8.086835500899507,-1.5479549169540405
1748621751.9198182,8.097850330252475,-1.5476226806640625
1748621751.9533386,8.108151652732824,-1.546675205230713
1748621751.9867442,8.119167076016499,-1.546688437461853
1748621752.0201726,8.12946995185543,-1.5462015867233276
1748621752.0536215,8.13657576889733,-1.545744776725769
1748621752.087161,8.147589431128234,-1.5452584028244019
1748621752.1205726,8.158247749197876,-1.544958233833313
1748621752.1539826,8.168906301716346,-1.5450129508972168
1748621752.1873925,8.179918521829272,-1.544507622718811
1748621752.220816,8.193773928198283,-1.544424057006836
1748621752.2545993,8.204787117627541,-1.544196367263794
1748621752.2880433,8.215090485341225,-1.544206976890564
1748621752.3214567,8.225745665094943,-1.5433719158172607
1748621752.354869,8.236403829280698,-1.5433176755905151
1748621752.388295,8.250616565275541,-1.5439066886901855
1748621752.4216988,8.26127624755982,-1.5436506271362305
1748621752.455126,8.272290742418713,-1.5438048839569092
1748621752.4887586,8.279396969517444,-1.5440130233764648
1748621752.522172,8.289700687978291,-1.543878197669983
1748621752.555572,8.300359105292705,-1.5440160036087036
1748621752.5889926,8.311016846680179,-1.5443919897079468
1748621752.6224465,8.325227110208566,-1.544393539428711
1748621752.655879,8.335884595669809,-1.544523000717163
1748621752.6892917,8.350094064355456,-1.5445902347564697
1748621752.7227461,8.360750625141495,-1.5449223518371582
1748621752.7562015,8.371051943239305,-1.544777274131775
1748621752.7896128,8.38526037802068,-1.544984221458435
1748621752.8232076,8.396271633059678,-1.5453394651412964
1748621752.85664,8.406927725817994,-1.5457442998886108
1748621752.890077,8.417583061877057,-1.5462331771850586
1748621752.9234896,8.428237493974557,-1.5466835498809814
1748621752.9569209,8.438893287399894,-1.5468519926071167
1748621752.9904544,8.44990446985215,-1.54702627658844
1748621753.0239308,8.460203752042657,-1.5477864742279053
1748621753.0579555,8.470860090787651,-1.548089861869812
1748621753.0915458,8.481871026736469,-1.54854416847229
1748621753.1261258,8.492526430287489,-1.5487803220748901
1748621753.1605847,8.498919332978348,-1.5491292476654053
1748621753.1940284,8.513480950806777,-1.549597978591919
1748621753.2274709,8.524136239729136,-1.5498523712158203
1748621753.2608817,8.531239465619535,-1.550281047821045
1748621753.2943196,8.541539092397931,-1.550732135772705
1748621753.3277202,8.556100880255237,-1.5510592460632324
1748621753.3611977,8.563203823345846,-1.5514601469039917
1748621753.394658,8.57740975514942,-1.551959753036499
1748621753.4281907,8.588064526575248,-1.5522562265396118
1748621753.4615998,8.595167217698888,-1.5526937246322632
1748621753.4953387,8.609017132918165,-1.5531343221664429
1748621753.528792,8.616475154572575,-1.5535225868225098
1748621753.5621667,8.627128918634915,-1.553979754447937
1748621753.59558,8.637784279485267,-1.5541785955429077
1748621753.629019,8.648438802966439,-1.5547531843185425
1748621753.6624637,8.6590940334975,-1.555146336555481
1748621753.6959171,8.669750933037887,-1.5552314519882202
1748621753.7293286,8.680406634583614,-1.5558664798736572
1748621753.7628348,8.691063821569562,-1.5560039281845093
1748621753.7962937,8.701719710143681,-1.5565285682678223
1748621753.8296986,8.71202092109422,-1.5568668842315674
1748621753.8630912,8.722677915424953,-1.556931495666504
1748621753.897581,8.733333312676706,-1.5573135614395142
1748621753.931041,8.743990007431206,-1.5579026937484741
1748621753.9644468,8.754648633367843,-1.5578806400299072
1748621753.9978542,8.76566147977218,-1.5583360195159912
1748621754.031253,8.776319116792637,-1.5585877895355225
1748621754.064837,8.783424083586143,-1.558958649635315
1748621754.0982401,8.793726362623433,-1.5592057704925537
1748621754.1316621,8.804737794586018,-1.5596213340759277
1748621754.1650772,8.815393869830377,-1.5598375797271729
1748621754.198646,8.82640487634187,-1.5600221157073975
1748621754.232051,8.837059826546302,-1.5601838827133179
1748621754.2667322,8.847359276356528,-1.5603907108306885
1748621754.300138,8.854462426727206,-1.5607976913452148
1748621754.3336203,8.868668475721812,-1.5610735416412354
1748621754.367041,8.878967794294224,-1.5615071058273315
1748621754.4004467,8.889977329234567,-1.5618526935577393
1748621754.43389,8.900987440666645,-1.5620604753494263
1748621754.467304,8.91128715893951,-1.562329649925232
1748621754.5007517,8.921587161207869,-1.562528371810913
1748621754.535002,8.932598094189803,-1.5625660419464111
1748621754.5684156,8.93970151348346,-1.562949299812317
1748621754.6018877,8.951067425608226,-1.5632905960083008
1748621754.6363642,8.961013491419592,-1.563326358795166
1748621754.6698713,8.97131356676099,-1.5638877153396606
1748621754.7036223,8.98303567094288,-1.5641316175460815
1748621754.7372477,8.98978483211279,-1.564400315284729
1748621754.7707915,9.000085253214356,-1.5647754669189453
1748621754.8042574,9.0142931904314,-1.5648928880691528
1748621754.837736,9.025303721449479,-1.565298318862915
1748621754.8711398,9.035603914895182,-1.565397024154663
1748621754.9045496,9.045903672160776,-1.565555453300476
1748621754.937948,9.056913589600072,-1.5657824277877808
1748621754.9713566,9.071119423018109,-1.5660769939422607
1748621755.0047715,9.081773778133918,-1.566465973854065
1748621755.0382385,9.092427936654754,-1.5666520595550537
1748621755.0716858,9.103082656134195,-1.5668472051620483
1748621755.1051247,9.113737184773862,-1.5672411918640137
1748621755.138614,9.127944000147597,-1.5674455165863037
1748621755.1721005,9.13859889751051,-1.5676283836364746
1748621755.205526,9.149254395847732,-1.567610740661621
1748621755.2389379,9.156002570338519,-1.5677950382232666
1748621755.2723296,9.163106158368707,-1.568253755569458
1748621755.3070683,9.173762946102002,-1.5679717063903809
1748621755.3404748,9.184774428160514,-1.5674861669540405
1748621755.3739533,9.195432502017805,-1.5676772594451904
1748621755.4073763,9.209288986662852,-1.5683685541152954
1748621755.4409242,9.220302278135497,-1.5678236484527588
1748621755.4745486,9.230961330425904,-1.5669738054275513
1748621755.5079877,9.241645266283232,-1.568113088607788
1748621755.5414035,9.251970187539646,-1.5678539276123047
1748621755.5753562,9.26192277288919,-1.5679105520248413
1748621755.6093,9.268960754474463,-1.568352460861206
1748621755.6428185,9.274365451176504,-1.5687719583511353
1748621755.6761744,9.278674100475762,-1.5684211254119873
1748621755.7097232,9.28248733475219,-1.5679079294204712
1748621755.7431903,9.284872024897258,-1.5683833360671997
1748621755.7766001,9.28951586540007,-1.5687211751937866
1748621755.8101325,9.292696486002392,-1.5684146881103516
1748621755.8436337,9.297013950994957,-1.5688440799713135
1748621755.8770077,9.300229543716265,-1.5686932802200317
1748621755.9104347,9.303547195385217,-1.5686569213867188
1748621755.9438863,9.306643423750188,-1.5697897672653198
1748621755.9772718,9.310870765949428,-1.5699923038482666
1748621756.0107467,9.314246718638607,-1.569620966911316
1748621756.0441494,9.316286042948049,-1.5699234008789062
1748621756.0775595,9.31961690724352,-1.5701408386230469
1748621756.1109998,9.322836999345208,-1.5712049007415771
1748621756.1447463,9.325997103070183,-1.5709811449050903
1748621756.1782844,9.32934137400523,-1.5716146230697632
1748621756.211802,9.332537760381204,-1.5723624229431152
1748621756.2452137,9.335628628293893,-1.5731968879699707
1748621756.278613,9.338971309042144,-1.5731936693191528
1748621756.3120482,9.34219370750878,-1.5740680694580078
1748621756.3454397,9.345417261228832,-1.5746631622314453
1748621756.3788097,9.348766752626268,-1.5746426582336426
1748621756.4123733,9.350944760564367,-1.575424075126648
1748621756.4458237,9.354307944694845,-1.574865460395813
1748621756.4792328,9.358371804323768,-1.5759475231170654
1748621756.5126715,9.362412364063035,-1.5762832164764404
1748621756.5461168,9.366603198548834,-1.5766284465789795
1748621756.5795472,9.370607741448172,-1.5775948762893677
1748621756.6129942,9.375753142389152,-1.5788071155548096
1748621756.6463797,9.379639505585688,-1.580661654472351
1748621756.6798904,9.383717716278642,-1.5807210206985474
1748621756.7133527,9.387414785137043,-1.5827536582946777
1748621756.746888,9.38995985268049,-1.5839147567749023
1748621756.7802544,9.393718645170969,-1.5849010944366455
1748621756.8136592,9.39740193756477,-1.586312174797058
1748621756.8471825,9.401039431491057,-1.5864405632019043
1748621756.8806398,9.404593247149776,-1.588462233543396
1748621756.9140575,9.408122780137152,-1.589097261428833
1748621756.9474547,9.411571285204253,-1.58979332447052
1748621756.9808667,9.414966142344,-1.5905171632766724
1748621757.015075,9.418314739818879,-1.5913679599761963
1748621757.0484836,9.421647127692568,-1.5907701253890991
1748621757.0818846,9.424958583855112,-1.591863751411438
1748621757.115285,9.4279354742831,-1.5936764478683472
1748621757.148705,9.43103814677397,-1.5943474769592285
1748621757.1821225,9.43411145043975,-1.5945168733596802
1748621757.2155254,9.437137838414497,-1.5957996845245361
1748621757.248934,9.440172658639984,-1.595481514930725
1748621757.2824364,9.443038791348133,-1.5960482358932495
1748621757.315909,9.446016597740568,-1.5966192483901978
1748621757.3492901,9.448759834652947,-1.5948582887649536
1748621757.3826945,9.452309560275353,-1.5970615148544312
1748621757.4160738,9.455172800185922,-1.596413016319275
1748621757.4494398,9.457878160502545,-1.597829818725586
1748621757.4828794,9.460494382176918,-1.5976274013519287
1748621757.5162518,9.463270534454683,-1.5987191200256348
1748621757.549694,9.4661066511368,-1.598435401916504
1748621757.5831084,9.468625989746778,-1.600370168685913
1748621757.616517,9.471179088032832,-1.6011358499526978
1748621757.6499276,9.473677719304067,-1.6013672351837158
1748621757.683345,9.476986489854504,-1.6017239093780518
1748621757.7167854,9.479259065279049,-1.6020337343215942
1748621757.751194,9.481570246833982,-1.602544903755188
1748621757.78487,9.483846748378976,-1.602903127670288
1748621757.8182237,9.486076618356376,-1.6038947105407715
1748621757.8517423,9.48831991181375,-1.60355544090271
1748621757.8852446,9.49047111019925,-1.60474693775177
1748621757.9186506,9.492779228614395,-1.604390263557434
1748621757.952058,9.495047744509996,-1.6056097745895386
1748621757.985804,9.497249422536525,-1.6040700674057007
1748621758.0195465,9.49930775802355,-1.606461763381958
1748621758.0529485,9.501440756803673,-1.6056623458862305
1748621758.086351,9.503627018307162,-1.6065640449523926
1748621758.1207504,9.505746396807636,-1.6073538064956665
1748621758.154153,9.507682778041845,-1.6072843074798584
1748621758.1875625,9.510231331984631,-1.6079074144363403
1748621758.2209654,9.512020309401665,-1.6085611581802368
1748621758.2544277,9.513909305489577,-1.6083266735076904
1748621758.2879274,9.515083721251012,-1.608652114868164
1748621758.3213701,9.516795492152315,-1.6097549200057983
1748621758.3550613,9.518603260410211,-1.6096926927566528
1748621758.3884645,9.520197661135596,-1.6106185913085938
1748621758.4220595,9.522005418707296,-1.6102036237716675
1748621758.4555097,9.523776682865552,-1.6114692687988281
1748621758.4890826,9.525408444715195,-1.6115567684173584
1748621758.5224948,9.527030407789473,-1.6115357875823975
1748621758.5561078,9.5286130366027,-1.6120681762695312
1748621758.5895827,9.530172345692275,-1.612050175666809
1748621758.6229818,9.531659429594669,-1.6126775741577148
1748621758.6563833,9.533224794132005,-1.612186312675476
1748621758.6897502,9.534729016495032,-1.6126869916915894
1748621758.7231514,9.536225589320335,-1.611849308013916
1748621758.756561,9.537656814039776,-1.6116163730621338
1748621758.7899368,9.53962146694133,-1.6115890741348267
1748621758.8233535,9.540973333422903,-1.6119941473007202
1748621758.85676,9.542413484636496,-1.611466646194458
1748621758.8901622,9.543799160437555,-1.6120827198028564
1748621758.9237602,9.545181936559384,-1.6114192008972168
1748621758.9573383,9.546517983331253,-1.6117514371871948
1748621758.9907436,9.547805548053914,-1.6117792129516602
1748621759.024148,9.549063090714451,-1.6116056442260742
1748621759.057565,9.550287775562898,-1.6118016242980957
1748621759.090968,9.551494387601226,-1.6117089986801147
1748621759.124393,9.552648982822028,-1.6117202043533325
1748621759.157924,9.553851745998802,-1.6116942167282104
1748621759.1913626,9.555006228241785,-1.6116968393325806
1748621759.2247913,9.556141250312354,-1.61170494556427
1748621759.2581887,9.557626740627963,-1.6117253303527832
1748621759.2917485,9.558359601646936,-1.6117206811904907
1748621759.325161,9.559829410093752,-1.6117104291915894
1748621759.358811,9.56092558075513,-1.6117233037948608
1748621759.3926177,9.56189407239235,-1.6117265224456787
1748621759.4260345,9.562883645197088,-1.6117318868637085
1748621759.4594517,9.56393037327349,-1.6117384433746338
1748621759.492898,9.564919231048428,-1.611741542816162
1748621759.526308,9.565864041827188,-1.611732006072998
1748621759.5597625,9.566830766014741,-1.6117438077926636
1748621759.593195,9.567772638850013,-1.61173677444458
1748621759.6266224,9.56870907169467,-1.6117637157440186
1748621759.6600437,9.569627112034533,-1.6117465496063232
1748621759.6934686,9.570560923511602,-1.611745834350586
1748621759.7268808,9.571449337667376,-1.6117403507232666
1748621759.760351,9.572321253300956,-1.611734390258789
1748621759.7938206,9.573179332732842,-1.6117358207702637
1748621759.827338,9.57399491270836,-1.6117364168167114
1748621759.8608143,9.574853110945053,-1.6117355823516846
1748621759.894227,9.57567037696252,-1.6117373704910278
1748621759.927692,9.576447920790947,-1.6117364168167114
1748621759.9611108,9.577003631462329,-1.6117351055145264
1748621759.9946744,9.577788285942503,-1.6117396354675293
1748621760.0281098,9.578515311320217,-1.6117347478866577
1748621760.0616643,9.578935060804683,-1.611736536026001
1748621760.0950756,9.579222844419526,-1.6117382049560547
1748621760.1284795,9.579321030239356,-1.6117390394210815
1748621760.1619308,9.5793735215672,-1.6117404699325562
1748621760.1953375,9.5794017167496,-1.6117432117462158
1748621760.2287838,9.579416756625546,-1.6117416620254517
1748621760.2621944,9.579426163708698,-1.611741304397583
1748621760.295615,9.579431395734222,-1.6117432117462158
1748621760.3290272,9.57943481116559,-1.611743688583374
1748621760.362431,9.57943763428876,-1.611742615699768
1748621760.3958364,9.579439563920612,-1.611743450164795
1748621760.4292867,9.579442087208044,-1.611744999885559
1748621760.4627216,9.579443775737216,-1.6117504835128784
1748621760.4961247,9.57944992347015,-1.6117620468139648
1748621760.5295324,9.579447545542115,-1.6117526292800903
1748621760.5629652,9.579451575496789,-1.611756443977356
1748621760.5963643,9.579453538522609,-1.611756443977356
1748621760.6300707,9.579454791741389,-1.611759066581726
1748621760.663516,9.579456423926528,-1.6117594242095947
1748621760.6970367,9.579458904763227,-1.6117578744888306
1748621760.730482,9.579460351287684,-1.6117607355117798
1748621760.7639132,9.579461956873764,-1.6117583513259888
1748621760.7973375,9.579463324166523,-1.6117615699768066
1748621760.8307414,9.57946452800813,-1.6117616891860962
1748621760.8642566,9.579466148869415,-1.6117630004882812
1748621760.897664,9.579468435601864,-1.6117626428604126
1748621760.93116,9.57946984924698,-1.6117630004882812
1748621760.964572,9.57947149368495,-1.6117628812789917
1748621760.998045,9.579473353607765,-1.6117640733718872
1748621761.0314517,9.579474971121613,-1.611764907836914
1748621761.064859,9.579476744546728,-1.6117655038833618
1748621761.098259,9.579478389695161,-1.6117656230926514
1748621761.1317482,9.579480680720952,-1.6117669343948364
1748621761.165145,9.579482566563952,-1.6117645502090454
1748621761.19876,9.579483925436445,-1.6117676496505737
1748621761.2321694,9.579485142878157,-1.611767292022705
1748621761.2658098,9.579487462511175,-1.6117687225341797
1748621761.2992861,9.579488952518917,-1.611769676208496
1748621761.3327296,9.57949053067438,-1.6117674112319946
1748621761.3661325,9.57949357352122,-1.6117703914642334
1748621761.3995543,9.579494835509662,-1.6117713451385498
1748621761.4329967,9.579496606664462,-1.6117703914642334
1748621761.4665105,9.5794985795586,-1.6117727756500244
1748621761.4999104,9.579499963981865,-1.6117725372314453
1748621761.5333817,9.579501234124193,-1.6117701530456543
1748621761.5668163,9.579503115664552,-1.6117730140686035
1748621761.6004055,9.579504336009343,-1.611774206161499
1748621761.6338038,9.579505814121246,-1.6117719411849976
1748621761.6672063,9.579507341446861,-1.6117745637893677
1748621761.7006164,9.579509048351579,-1.6117757558822632
1748621761.7348306,9.579510270446464,-1.6117734909057617
1748621761.7682598,9.579512157438781,-1.6117767095565796
1748621761.8016717,9.57951352977117,-1.6117775440216064
1748621761.8351097,9.579515208393389,-1.6117761135101318
1748621761.8685117,9.579516739930702,-1.611777663230896
1748621761.9019246,9.579518361794308,-1.611776351928711
1748621761.9353638,9.579519994260698,-1.6117793321609497
1748621761.968774,9.579521273742609,-1.6117796897888184
1748621762.0021904,9.579523344433055,-1.6117806434631348
1748621762.035624,9.579524749826918,-1.6117805242538452
1748621762.069184,9.579526481663546,-1.611781120300293
1748621762.1035364,9.579528217678401,-1.6117790937423706
1748621762.1369157,9.579530046202471,-1.6117819547653198
1748621762.1710305,9.579531941935318,-1.6117831468582153
1748621762.204441,9.57953361966508,-1.6117808818817139
1748621762.2378614,9.579535146993175,-1.611783504486084
1748621762.2714376,9.579537037865135,-1.611784815788269
