timestamp,encoder_distance,yaw_true
1748715837.659122,-13.533703703214483,1.5922856330871582
1748715837.8116643,-13.533695902838863,1.5922843217849731
1748715837.8673074,-13.533644019380354,1.592753529548645
1748715837.900712,-13.533133726462461,1.5925813913345337
1748715837.9371545,-13.530608085612585,1.5910656452178955
1748715837.9712336,-13.524168748672427,1.5894286632537842
1748715838.0046437,-13.518657400402553,1.5871570110321045
1748715838.038063,-13.512576405031645,1.5837894678115845
1748715838.0714786,-13.502794519067944,1.5819693803787231
1748715838.1050198,-13.495683057813592,1.579106092453003
1748715838.1384785,-13.481817166753599,1.575190782546997
1748715838.1719546,-13.471225670629519,1.5729811191558838
1748715838.2063737,-13.46096084946658,1.5701466798782349
1748715838.2425861,-13.450276929220717,1.5689021348953247
1748715838.2759993,-13.439657298307633,1.566385269165039
1748715838.3094087,-13.42860924636939,1.563647985458374
1748715838.3428562,-13.417908958573523,1.5628913640975952
1748715838.376265,-13.411153307641882,1.5610014200210571
1748715838.4096775,-13.400504687603883,1.5588115453720093
1748715838.4430408,-13.389841271202018,1.5574955940246582
1748715838.4764261,-13.37916752784014,1.5563604831695557
1748715838.5098267,-13.365292210248459,1.5554872751235962
1748715838.5432162,-13.354619597086636,1.553633689880371
1748715838.576573,-13.343581382781151,1.5531361103057861
1748715838.6099823,-13.332918245746228,1.552426815032959
1748715838.6433904,-13.326162985811383,1.5508822202682495
1748715838.6768532,-13.311160840923247,1.5509319305419922
1748715838.7102256,-13.301183768471654,1.549942970275879
1748715838.7436385,-13.290138421749852,1.5487291812896729
1748715838.7770066,-13.279447442194098,1.5488146543502808
1748715838.8105042,-13.268782618166084,1.547695517539978
1748715838.843946,-13.258115219114545,1.547184705734253
1748715838.8773296,-13.24745327284756,1.546344518661499
1748715838.9107375,-13.23679138031802,1.5460059642791748
1748715838.944159,-13.228974537506856,1.545257329940796
1748715838.9775708,-13.219379854246412,1.5446832180023193
1748715839.011041,-13.20836289901342,1.5442614555358887
1748715839.04447,-13.201254455415883,1.5437893867492676
1748715839.0779424,-13.190234631232608,1.5438059568405151
1748715839.1113553,-13.17992998811839,1.5431077480316162
1748715839.1447651,-13.169265154101822,1.5425841808319092
1748715839.178185,-13.154686938060692,1.5428746938705444
1748715839.212485,-13.145659575681018,1.5421206951141357
1748715839.2459188,-13.141171095543347,1.5421559810638428
1748715839.2803254,-13.135955301053158,1.5417548418045044
1748715839.3137493,-13.131741264606488,1.541258454322815
1748715839.3471606,-13.127667406146378,1.5413038730621338
1748715839.380619,-13.124676605181493,1.5410627126693726
1748715839.4140527,-13.121232537498093,1.5410915613174438
1748715839.4474924,-13.117967103366734,1.5408118963241577
1748715839.4808936,-13.114734832570466,1.5407167673110962
1748715839.5142999,-13.111620058167953,1.5408389568328857
1748715839.5478992,-13.108399655155036,1.5404651165008545
1748715839.5813403,-13.106244581580379,1.5404887199401855
1748715839.6147375,-13.102902852436387,1.540358066558838
1748715839.6483276,-13.100762534924865,1.5398736000061035
1748715839.6817577,-13.098627091297317,1.5394599437713623
1748715839.715285,-13.096257192091388,1.5398668050765991
1748715839.748724,-13.093343105203875,1.5390384197235107
1748715839.782134,-13.089982842064964,1.5392919778823853
1748715839.8155487,-13.086629807712548,1.5386008024215698
1748715839.849262,-13.084671759603268,1.5388909578323364
1748715839.88273,-13.081305919575197,1.5382530689239502
1748715839.9161413,-13.07806239141247,1.538227915763855
1748715839.9498475,-13.076015037876562,1.5374759435653687
1748715839.9832573,-13.071206969581006,1.5375852584838867
1748715840.0166914,-13.067169174880135,1.5370523929595947
1748715840.0501828,-13.063163349302844,1.5363454818725586
1748715840.0835946,-13.059023984307464,1.5354701280593872
1748715840.1170368,-13.053426478975634,1.5352888107299805
1748715840.1504385,-13.049779258825561,1.5351512432098389
1748715840.1838493,-13.046064875699011,1.5335692167282104
1748715840.2172637,-13.042357016824838,1.532987117767334
1748715840.2507958,-13.038194028833985,1.5327105522155762
1748715840.2846198,-13.034864351315463,1.5320132970809937
1748715840.3180244,-13.030967012458747,1.5309078693389893
1748715840.351456,-13.027464839117977,1.5313562154769897
1748715840.3854635,-13.024858471686741,1.530421257019043
1748715840.418907,-13.022733575130069,1.529662847518921
1748715840.452308,-13.019204066538613,1.5290051698684692
1748715840.485758,-13.015594700764277,1.5289396047592163
1748715840.5191858,-13.013417255958128,1.5288711786270142
1748715840.5525851,-13.010056522971755,1.5276509523391724
1748715840.5860605,-13.006604845035582,1.5277990102767944
1748715840.619493,-13.0032424564957,1.5261236429214478
1748715840.652911,-13.001263054885145,1.526735544204712
1748715840.6863666,-12.996848008561308,1.5263140201568604
1748715840.7197332,-12.993657458049519,1.5248013734817505
1748715840.7531412,-12.99079841340962,1.5248572826385498
1748715840.7865708,-12.988898276103598,1.524459958076477
1748715840.8199782,-12.98584323578149,1.5238149166107178
1748715840.85339,-12.983015330036594,1.523488163948059
1748715840.8868027,-12.980986422703308,1.5226017236709595
1748715840.9202142,-12.9779504162302,1.5231953859329224
1748715840.95362,-12.975219821611446,1.5217705965042114
1748715840.987019,-12.97237292981946,1.5222080945968628
1748715841.0204248,-12.969551171917212,1.5208240747451782
1748715841.0538347,-12.966858662759575,1.5209993124008179
1748715841.0871925,-12.964021107165111,1.5203200578689575
1748715841.1207156,-12.961182863320685,1.5207546949386597
1748715841.1541495,-12.95864538672608,1.5201385021209717
1748715841.18756,-12.956191438451535,1.519663691520691
1748715841.2211483,-12.95355020466623,1.519484281539917
1748715841.254559,-12.95123019550287,1.5187010765075684
1748715841.2888727,-12.94883817098109,1.517758846282959
1748715841.322293,-12.946473234033434,1.5174345970153809
1748715841.3557634,-12.944225902853605,1.5174285173416138
1748715841.389279,-12.941875020626528,1.5166971683502197
1748715841.422636,-12.93956021078945,1.517353892326355
1748715841.4561613,-12.937269160092066,1.5161505937576294
1748715841.4895706,-12.935031890552219,1.5161621570587158
1748715841.5229778,-12.933443113303253,1.515761137008667
1748715841.5573163,-12.93139835185443,1.5158162117004395
1748715841.5911574,-12.928689601508415,1.5165438652038574
1748715841.624555,-12.926417795063534,1.5151493549346924
1748715841.6579618,-12.925358420608113,1.5162181854248047
1748715841.6913779,-12.923380633019976,1.5151249170303345
1748715841.7248108,-12.92058252517812,1.515779733657837
1748715841.7582223,-12.918806753904573,1.5154495239257812
1748715841.791626,-12.916736627873748,1.5143946409225464
1748715841.825953,-12.914883911905868,1.5150090456008911
1748715841.8594954,-12.91242774531924,1.514667272567749
1748715841.892929,-12.910644573147126,1.514641284942627
1748715841.9263587,-12.908879487632461,1.5149269104003906
1748715841.9598858,-12.90710575996957,1.5142203569412231
1748715841.9932897,-12.905369667943638,1.5145584344863892
1748715842.026734,-12.903543605708288,1.51398503780365
1748715842.0601215,-12.901848439750323,1.5140113830566406
1748715842.0935683,-12.900254492395117,1.5137652158737183
1748715842.1270068,-12.898598687357115,1.5144922733306885
1748715842.16095,-12.897041672634364,1.5141931772232056
1748715842.194353,-12.895575982916018,1.5139672756195068
1748715842.227861,-12.894018097088178,1.5144904851913452
1748715842.2619905,-12.892525274524893,1.5141324996948242
1748715842.295512,-12.891548551020815,1.514168381690979
1748715842.3293731,-12.889676726831478,1.513912320137024
1748715842.3629012,-12.888677652200755,1.514257788658142
1748715842.3963141,-12.886811392414314,1.513982892036438
1748715842.4297159,-12.885442908523109,1.5141855478286743
1748715842.463139,-12.884548773858073,1.5140776634216309
1748715842.4965553,-12.883269088391877,1.5141817331314087
1748715842.530196,-12.882353804542252,1.5139126777648926
1748715842.5636132,-12.881057951321345,1.513853907585144
1748715842.5971198,-12.880171192712735,1.513968586921692
1748715842.6305237,-12.87896305128142,1.514014482498169
1748715842.664243,-12.877729538986957,1.5141944885253906
1748715842.6977022,-12.876919224350202,1.5140738487243652
1748715842.7311158,-12.875675695877703,1.5141053199768066
1748715842.7645237,-12.874532296356357,1.5142337083816528
1748715842.7980533,-12.873314231734675,1.5139870643615723
1748715842.8314776,-12.872173170206189,1.5141676664352417
1748715842.8648832,-12.871021442924839,1.5142889022827148
1748715842.898466,-12.869894389314378,1.5141373872756958
1748715842.9318802,-12.8691568889457,1.514305830001831
1748715842.9652882,-12.868095738287957,1.5143051147460938
1748715842.9987597,-12.866992283148194,1.5141651630401611
1748715843.0322,-12.865929390999908,1.5145436525344849
1748715843.0656168,-12.864891253583993,1.5143616199493408
1748715843.0990129,-12.863836750794302,1.5143910646438599
1748715843.1324918,-12.862863674868928,1.5144902467727661
1748715843.165905,-12.862152744568851,1.5141688585281372
1748715843.2019427,-12.861174430465507,1.5145509243011475
1748715843.2353697,-12.860182912275915,1.5142521858215332
1748715843.2687912,-12.859216047856217,1.5144532918930054
1748715843.3030035,-12.85858804190719,1.5144518613815308
1748715843.3364296,-12.857666828647444,1.514418363571167
1748715843.3698719,-12.856645672969126,1.5145084857940674
1748715843.403287,-12.856166895477557,1.514487385749817
1748715843.436706,-12.855291874483912,1.5146338939666748
1748715843.4701507,-12.854449624708442,1.5144679546356201
1748715843.5035584,-12.853583504959182,1.5143241882324219
1748715843.5369568,-12.852763926778332,1.5147058963775635
1748715843.5703473,-12.85195266036337,1.5148375034332275
1748715843.6037664,-12.851403655515691,1.514599084854126
1748715843.640335,-12.850331586592086,1.5143054723739624
1748715843.6740978,-12.849814743225043,1.5145480632781982
1748715843.7075028,-12.848935668806986,1.5145480632781982
1748715843.7409177,-12.84862761681614,1.5145984888076782
1748715843.7743306,-12.848462239395813,1.5145978927612305
1748715843.8077404,-12.848384913719114,1.5146050453186035
1748715843.8413072,-12.848335496085234,1.5146085023880005
1748715843.8748372,-12.848319471210633,1.5146076679229736
1748715843.9082417,-12.848312320581739,1.5146071910858154
1748715843.941643,-12.848308486324408,1.5146068334579468
1748715843.975158,-12.848306648266167,1.5146070718765259
1748715844.0085897,-12.848305952112165,1.5146064758300781
1748715844.0427933,-12.848305487046032,1.5146061182022095
1748715844.0762007,-12.848305518040448,1.5146057605743408
1748715844.1096406,-12.848305549034864,1.5146054029464722
1748715844.1430008,-12.848305834218849,1.514604926109314
1748715844.1764085,-12.848305419345241,1.5146044492721558
1748715844.2098227,-12.848305703888458,1.514604091644287
1748715844.2432063,-12.84830597293446,1.5146037340164185
1748715844.2765846,-12.848306019426083,1.5146033763885498
1748715844.3100321,-12.848306272974867,1.5146030187606812
1748715844.3434427,-12.84830630396928,1.5146028995513916
1748715844.3769057,-12.848306542020852,1.5146026611328125
1748715844.4103167,-12.848306573015268,1.514602541923523
1748715844.4437478,-12.848306826564041,1.5146023035049438
1748715844.4772327,-12.848306857558455,1.5146020650863647
1748715844.5106347,-12.848307095610014,1.5146018266677856
1748715844.5440836,-12.84830712660443,1.514601707458496
1748715844.577503,-12.848307142101639,1.5146015882492065
1748715844.610911,-12.848307395650398,1.5146013498306274
1748715844.6443634,-12.848307426644812,1.5146011114120483
1748715844.6777658,-12.848307680193564,1.5146008729934692
1748715844.7111964,-12.848307711187982,1.5146006345748901
1748715844.7446218,-12.848307964736726,1.514600396156311
1748715844.7780306,-12.848308457047398,1.5146002769470215
1748715844.8114212,-12.848307366669598,1.5146098136901855
1748715844.8449144,-12.848293355180218,1.5146113634109497
1748715844.8783903,-12.848299335752746,1.5146210193634033
1748715844.911793,-12.848290094216324,1.5146068334579468
1748715844.9452927,-12.848291568404422,1.514613389968872
1748715844.982234,-12.848285604560475,1.514602541923523
1748715845.0156512,-12.848286322958925,1.5146064758300781
1748715845.0490546,-12.848284855201195,1.5146045684814453
1748715845.0825741,-12.848281220179738,1.514593482017517
1748715845.116276,-12.848278820071808,1.5145667791366577
1748715845.14968,-12.848280832263653,1.514577865600586
1748715845.1839626,-12.848271378445201,1.5145500898361206
1748715845.2173727,-12.848276483173901,1.5145633220672607
1748715845.250784,-12.848263921624435,1.5145361423492432
1748715845.284218,-12.848270777471122,1.51455557346344
1748715845.31788,-12.848259337811193,1.5145305395126343
1748715845.351373,-12.848255578014605,1.5145410299301147
1748715845.3847759,-12.848255409242858,1.514530897140503
1748715845.4181778,-12.848252040421006,1.5145398378372192
1748715845.4516227,-12.848248939415337,1.5145187377929688
1748715845.485071,-12.848246253155716,1.5145375728607178
1748715845.5184746,-12.848238078412843,1.5145174264907837
1748715845.551873,-12.8482348505885,1.5145289897918701
1748715845.5852873,-12.848232555037118,1.5145113468170166
1748715845.6187232,-12.848226876842974,1.5145134925842285
1748715845.652298,-12.848226585972306,1.5145117044448853
1748715845.6857147,-12.848224559490372,1.5145124197006226
1748715845.7191427,-12.848222902468299,1.514512300491333
1748715845.7526145,-12.848215298556608,1.5144952535629272
1748715845.7860212,-12.848216844821039,1.5145026445388794
1748715845.819423,-12.848214081394783,1.5145002603530884
1748715845.852846,-12.848213220147338,1.5145015716552734
1748715845.8862817,-12.848211692775218,1.514500617980957
1748715845.919654,-12.848206513551322,1.5144940614700317
1748715845.9531465,-12.84820373343827,1.5144883394241333
1748715845.9874744,-12.848200607468607,1.5144870281219482
1748715846.0208998,-12.848201263886486,1.5144978761672974
1748715846.05431,-12.84818994379717,1.5145001411437988
1748715846.0877097,-12.848191572764014,1.5145052671432495
1748715846.121116,-12.848190855102303,1.5145111083984375
1748715846.1550798,-12.848183052432518,1.5145035982131958
1748715846.1884964,-12.84818529573545,1.5145114660263062
1748715846.2220163,-12.84817516714326,1.5144844055175781
1748715846.255424,-12.848178000465692,1.514497995376587
1748715846.2889664,-12.848174396672652,1.5144823789596558
1748715846.3223422,-12.84816517844992,1.5144603252410889
1748715846.3558207,-12.848165454333461,1.5144704580307007
1748715846.3893223,-12.848161323786313,1.5144561529159546
1748715846.422726,-12.84815450446264,1.5144298076629639
1748715846.456176,-12.848155538345432,1.5144248008728027
1748715846.4896588,-12.848145300073247,1.5144206285476685
1748715846.5230587,-12.848146588070446,1.5144096612930298
1748715846.5564878,-12.848142423197798,1.5144140720367432
1748715846.5928032,-12.84813772119852,1.5144071578979492
1748715846.626297,-12.84812746566264,1.5144031047821045
1748715846.659708,-12.848133292784238,1.5144133567810059
1748715846.693168,-12.848130065985364,1.5144016742706299
1748715846.8371615,-12.84811757167798,1.5144087076187134
1748715846.8809206,-12.847992646190322,1.5139312744140625
1748715846.9325404,-12.84203059553662,1.5157562494277954
1748715846.9693727,-12.837248561197953,1.5246636867523193
1748715847.0027747,-12.829115761683376,1.5283907651901245
1748715847.036325,-12.822383227119081,1.534580111503601
1748715847.0697517,-12.812746531329864,1.5386128425598145
1748715847.103181,-12.805139453557093,1.5436557531356812
1748715847.1365883,-12.797895181130412,1.5504417419433594
1748715847.169995,-12.79028903844881,1.5546424388885498
1748715847.20346,-12.779994281197018,1.5590506792068481
1748715847.237999,-12.772295513593074,1.5642499923706055
1748715847.2722452,-12.764540470908624,1.5713831186294556
1748715847.3056502,-12.756725657914808,1.5756458044052124
1748715847.3392062,-12.746422309432996,1.5816638469696045
1748715847.372613,-12.738375373988363,1.5870968103408813
1748715847.4062028,-12.73060427397172,1.5925211906433105
1748715847.4396164,-12.722957248191818,1.596079707145691
1748715847.47303,-12.714973327035242,1.6005537509918213
1748715847.5070424,-12.704248382833589,1.6043022871017456
1748715847.5404468,-12.695740988389973,1.606785535812378
1748715847.5760212,-12.687694909687568,1.6096702814102173
1748715847.6094701,-12.6792309963459,1.6137784719467163
1748715847.6429286,-12.670892770197174,1.6158548593521118
1748715847.6763294,-12.658943650345842,1.6185142993927002
1748715847.709891,-12.650339068122193,1.6212409734725952
1748715847.7433417,-12.640795057855287,1.6242177486419678
1748715847.7769544,-12.631787845149084,1.6275017261505127
1748715847.810608,-12.62303827395472,1.6315550804138184
1748715847.84426,-12.6133196740526,1.634533166885376
1748715847.8779664,-12.60479893181426,1.6381170749664307
1748715847.9113863,-12.59263263110543,1.6421756744384766
1748715847.9495234,-12.579316686198867,1.6465356349945068
1748715847.9854426,-12.568469657837989,1.650988221168518
1748715848.0189645,-12.559239958204069,1.6568456888198853
1748715848.0526187,-12.547831745953843,1.6617321968078613
1748715848.0860517,-12.5391642266483,1.6667286157608032
1748715848.1194565,-12.530592832135135,1.6730990409851074
1748715848.1528788,-12.522192760646735,1.6796607971191406
1748715848.187865,-12.511136140327642,1.6844336986541748
1748715848.221269,-12.502201683299186,1.6913890838623047
1748715848.2547367,-12.495113052496885,1.6978732347488403
1748715848.2881434,-12.487272849431667,1.7054176330566406
1748715848.3215475,-12.47707333331483,1.7110129594802856
1748715848.3549721,-12.468782106979544,1.7173517942428589
1748715848.3883746,-12.461307573798342,1.7229026556015015
1748715848.4217808,-12.453612125916546,1.728372573852539
1748715848.4551961,-12.445734628553971,1.736387014389038
1748715848.491868,-12.435835438826421,1.742389440536499
1748715848.5253625,-12.427983317736011,1.7502484321594238
1748715848.558833,-12.418104816069107,1.7556698322296143
1748715848.592277,-12.410521202560348,1.7612894773483276
1748715848.625754,-12.402665406835759,1.766829013824463
1748715848.659237,-12.395061514773666,1.7740452289581299
1748715848.692686,-12.387989505916668,1.7793521881103516
1748715848.7266562,-12.377602045669004,1.7848612070083618
1748715848.760061,-12.370011484715194,1.7905339002609253
1748715848.7962925,-12.362407059461098,1.7979601621627808
1748715848.8301437,-12.354804457716426,1.8016983270645142
1748715848.8671231,-12.346950698381333,1.8092033863067627
1748715848.9076517,-12.334274601094023,1.8168234825134277
1748715848.9487936,-12.32439156247394,1.8261797428131104
1748715848.985547,-12.314001335512973,1.8317915201187134
1748715849.0192945,-12.306652107162355,1.839076280593872
1748715849.0532305,-12.296515588251896,1.844688057899475
1748715849.087126,-12.286379038472232,1.8521618843078613
1748715849.1241918,-12.27852311707981,1.8596335649490356
1748715849.1576548,-12.271173820999088,1.865424394607544
1748715849.192138,-12.263318177396549,1.8708416223526
1748715849.2300365,-12.253435144039551,1.8781321048736572
1748715849.2634916,-12.243298647497621,1.8839212656021118
1748715849.2969124,-12.23569660282143,1.8895320892333984
1748715849.3309906,-12.228093466608197,1.8951271772384644
1748715849.364512,-12.220746952194567,1.9026305675506592
1748715849.3983295,-12.212899367500873,1.9082975387573242
1748715849.4317503,-12.205547750343989,1.9136637449264526
1748715849.4651897,-12.195165960702997,1.9195327758789062
1748715849.4989252,-12.187556236553482,1.9249517917633057
1748715849.5364552,-12.179704712062918,1.9322869777679443
1748715849.5698614,-12.172365658982233,1.937825322151184
1748715849.603263,-12.161975346731861,1.9435690641403198
1748715849.6368778,-12.154635108807955,1.9489738941192627
1748715849.6703303,-12.147076481468176,1.9548921585083008
1748715849.714266,-12.136716005075442,1.9644101858139038
1748715849.7497435,-12.129394836826448,1.9698197841644287
1748715849.7875125,-12.119265676222954,1.975304126739502
1748715849.8319132,-12.106602940925123,1.984257698059082
1748715849.8670974,-12.099007344954854,1.9897854328155518
1748715849.900504,-12.091431656231604,1.9971376657485962
1748715849.9340503,-12.081312914715317,2.002891778945923
1748715849.9676056,-12.073717997311984,2.010139226913452
1748715850.0011163,-12.066098858937297,2.0155608654022217
1748715850.034525,-12.055736535753255,2.0211586952209473
1748715850.0679324,-12.048391590086672,2.028362512588501
1748715850.1027231,-12.038267623675843,2.0340323448181152
1748715850.1361327,-12.030407890682175,2.0398011207580566
1748715850.1709888,-12.022799791657297,2.0470404624938965
1748715850.2044542,-12.017984683821048,2.0528485774993896
1748715850.2378733,-12.005054813163191,2.0584464073181152
1748715850.2713618,-11.997447986775537,2.0657155513763428
1748715850.3059044,-11.990096587592497,2.0713143348693848
1748715850.339467,-11.979718844247918,2.0772461891174316
1748715850.3742552,-11.972133530109001,2.084627151489258
1748715850.407882,-11.962009113732279,2.090386390686035
1748715850.4412901,-11.954423787411885,2.0960843563079834
1748715850.474826,-11.947092808247756,2.1015007495880127
1748715850.5089989,-11.936759063982484,2.1094536781311035
1748715850.5449264,-11.929186397622507,2.1167263984680176
1748715850.578813,-11.91935018918773,2.1224281787872314
1748715850.612986,-11.911769991822895,2.130021810531616
1748715850.6511073,-11.901650808681708,2.137242078781128
1748715850.6920512,-11.891558135684342,2.1448235511779785
1748715850.725455,-11.881194647908735,2.150658130645752
1748715850.7598567,-11.873360409465434,2.15653395652771
1748715850.8044918,-11.863758163425679,2.165828227996826
1748715850.8381026,-11.853652832819655,2.1712288856506348
1748715850.8715065,-11.845383964429631,2.1780526638031006
1748715850.9050078,-11.838523494853971,2.1825742721557617
1748715850.9385335,-11.830942944295494,2.1901190280914307
1748715850.9738336,-11.820677844765495,2.1958892345428467
1748715851.0147433,-11.81344042260084,2.2047481536865234
1748715851.0483031,-11.805933873164072,2.2097911834716797
1748715851.0845625,-11.795741135449136,2.214449405670166
1748715851.118162,-11.78823565770969,2.2204906940460205
1748715851.1515737,-11.780378191718734,2.2258059978485107
1748715851.1850193,-11.77306905760514,2.230764150619507
1748715851.2185235,-11.765714100666687,2.2379677295684814
1748715851.2519279,-11.755456975287741,2.2460978031158447
1748715851.2853346,-11.748365611259848,2.252727508544922
1748715851.3187587,-11.740613311094744,2.259644031524658
1748715851.352164,-11.733036657366487,2.2678885459899902
1748715851.3856862,-11.7238844494648,2.2743213176727295
1748715851.4200838,-11.716328482404505,2.281094551086426
1748715851.4534888,-11.708888546502935,2.2886674404144287
1748715851.4868977,-11.699905175857484,2.29573130607605
1748715851.5272386,-11.692424738623657,2.3063292503356934
1748715851.5606596,-11.682508654328105,2.3134517669677734
1748715851.5942087,-11.675459217039517,2.3210277557373047
1748715851.627628,-11.668332458032665,2.333681583404541
1748715851.6694481,-11.658594765145962,2.348130941390991
1748715851.7048235,-11.648914402897223,2.3562192916870117
1748715851.7399945,-11.63905993980986,2.3670060634613037
1748715851.7741427,-11.632394821917579,2.3792672157287598
1748715851.8102376,-11.622869725208295,2.388211727142334
1748715851.8436599,-11.615840676151095,2.398820161819458
1748715851.8805888,-11.608629089715121,2.413165330886841
1748715851.9149494,-11.60004559007755,2.4262704849243164
1748715851.9501207,-11.592732206359003,2.439202070236206
1748715851.9835289,-11.585522841994147,2.450925827026367
1748715852.016889,-11.578736280460602,2.4629666805267334
1748715852.0503058,-11.56952667413808,2.474902868270874
1748715852.0838404,-11.562363631743725,2.49349308013916
1748715852.1175277,-11.553655156636829,2.5065231323242188
1748715852.1551757,-11.54650786795285,2.5248327255249023
1748715852.1885898,-11.537550526238956,2.538926124572754
1748715852.2222266,-11.530841770514646,2.5572047233581543
1748715852.2556317,-11.523653294254721,2.571708917617798
1748715852.2894533,-11.516675035547259,2.586026191711426
1748715852.3228796,-11.506909998344415,2.5977675914764404
1748715852.3562813,-11.499603613505165,2.6111621856689453
1748715852.3902743,-11.490487750457266,2.6288468837738037
1748715852.4289708,-11.48332549127046,2.646040916442871
1748715852.4677715,-11.473676604343282,2.662689447402954
1748715852.502085,-11.464217311102992,2.6754703521728516
1748715852.5354946,-11.45700291318157,2.6913881301879883
1748715852.568908,-11.449735646716263,2.703584671020508
1748715852.602385,-11.442587014474874,2.716731309890747
1748715852.6374736,-11.433201071636917,2.7299580574035645
1748715852.6709466,-11.42640776399011,2.742722511291504
1748715852.7044628,-11.41911128780393,2.7548270225524902
1748715852.737873,-11.411750365813383,2.769474744796753
1748715852.7712924,-11.40202969180804,2.7808339595794678
1748715852.8048284,-11.394646519569696,2.793355703353882
1748715852.84089,-11.38497361973181,2.8071746826171875
1748715852.8744702,-11.377578169586517,2.817317008972168
1748715852.9078617,-11.370259710633363,2.8275680541992188
1748715852.9430504,-11.360772213079136,2.8429105281829834
1748715852.9832463,-11.350856035462343,2.8583459854125977
1748715853.0167115,-11.343752610049403,2.8684301376342773
1748715853.0501258,-11.336440657741454,2.8788158893585205
1748715853.0836308,-11.329168733698646,2.8893392086029053
1748715853.117057,-11.321904141057441,2.9000084400177
1748715853.1504939,-11.313981720004117,2.910059928894043
1748715853.1871486,-11.307037525397975,2.918518304824829
1748715853.2205703,-11.299294939807956,2.9297053813934326
1748715853.2539742,-11.288945028107927,2.939220905303955
1748715853.2879097,-11.281837608090976,2.948047399520874
1748715853.321314,-11.274493483928847,2.9548816680908203
1748715853.3547215,-11.267075984091708,2.962172508239746
1748715853.3882787,-11.256410712664206,2.967902183532715
1748715853.4231057,-11.246947440798614,2.9762842655181885
1748715853.4573636,-11.239167555605968,2.9827582836151123
1748715853.4952166,-11.229332905824503,2.9916157722473145
1748715853.5297415,-11.219386963083718,2.998307466506958
1748715853.5636759,-11.211640978390298,3.0048844814300537
1748715853.5971463,-11.204129870656725,3.0129141807556152
1748715853.6310382,-11.194369775836853,3.0191969871520996
1748715853.6645699,-11.186751365470986,3.0240635871887207
1748715853.697995,-11.179353916474525,3.027449369430542
1748715853.7314105,-11.171549621730291,3.0323076248168945
1748715853.764861,-11.16397795733402,3.0367510318756104
1748715853.7982774,-11.156367384173148,3.040358781814575
1748715853.831741,-11.14857161787457,3.046276807785034
1748715853.865149,-11.141236309635236,3.0488064289093018
1748715853.8985531,-11.133634877238096,3.0536270141601562
1748715853.9319677,-11.123549916870532,3.058098316192627
1748715853.9653792,-11.116189323461935,3.0615131855010986
1748715853.9987807,-11.108313525322403,3.065870523452759
1748715854.032194,-11.10073531754215,3.06960129737854
1748715854.0655942,-11.093401468070565,3.0718142986297607
1748715854.099863,-11.085551557720354,3.075190782546997
1748715854.1333246,-11.07795093626861,3.078246593475342
1748715854.1667469,-11.070351006457045,3.081235647201538
1748715854.2003016,-11.065295904415908,3.084540605545044
1748715854.2337928,-11.055136861310528,3.087075710296631
1748715854.2671945,-11.047549632013482,3.0906054973602295
1748715854.3006058,-11.042728813585578,3.093428134918213
1748715854.334018,-11.032576695326567,3.0957438945770264
1748715854.3674166,-11.024713565257207,3.0982043743133545
1748715854.4008176,-11.017128326586656,3.1011314392089844
1748715854.4342256,-11.00950514449593,3.1029438972473145
1748715854.4676323,-11.002158095625154,3.1060731410980225
1748715854.5010314,-10.99430763798909,3.107753276824951
1748715854.5344286,-10.98692265146797,3.109069585800171
1748715854.5683699,-10.979074635162625,3.111973762512207
1748715854.602026,-10.971460602647134,3.114006519317627
1748715854.6358979,-10.96384133296522,3.1154985427856445
1748715854.6693716,-10.958773942587355,3.117448329925537
1748715854.7027833,-10.951169690084313,3.1196253299713135
1748715854.7363822,-10.941024811820563,3.1212284564971924
1748715854.7697854,-10.935934357405877,3.122438669204712
1748715854.8031485,-10.925784154071158,3.124641180038452
1748715854.8365693,-10.920703686683819,3.126659631729126
1748715854.8699367,-10.910781938579742,3.1279146671295166
1748715854.9033513,-10.905196166936047,3.1295976638793945
1748715854.9367871,-10.895526025668032,3.1311240196228027
1748715854.970484,-10.885329295434007,3.131957769393921
1748715855.003956,-10.87997423261316,3.1331663131713867
1748715855.0373726,-10.869805642862955,3.135204553604126
1748715855.0707736,-10.862177710812587,3.1364328861236572
1748715855.104177,-10.854558156425746,3.137707233428955
1748715855.1375825,-10.846933516389889,3.138326406478882
1748715855.1710026,-10.841611834953135,3.139504909515381
1748715855.2045243,-10.834262173790457,3.1406426429748535
1748715855.2379158,-10.829194797228606,-3.141435146331787
1748715855.271397,-10.821598098970192,-3.1406314373016357
1748715855.3048353,-10.81400792056518,-3.1390459537506104
1748715855.3383224,-10.806609288432751,-3.1385343074798584
1748715855.3717191,-10.798708631930449,-3.137225866317749
1748715855.4051223,-10.791077930210474,-3.1358578205108643
1748715855.4385214,-10.783685789072813,-3.135891914367676
1748715855.472286,-10.77578727699567,-3.135335683822632
1748715855.505837,-10.77324715370755,-3.133762836456299
1748715855.5392535,-10.76050740233793,-3.1328039169311523
1748715855.572663,-10.755408259662513,-3.1332015991210938
1748715855.6061168,-10.74778430212325,-3.132141590118408
1748715855.639523,-10.737630333157203,-3.1314051151275635
1748715855.6729722,-10.730255162869074,-3.1309313774108887
1748715855.7063868,-10.722376950669462,-3.1293997764587402
1748715855.7397897,-10.717287717349855,-3.129387617111206
1748715855.7732048,-10.709659840532849,-3.128815174102783
1748715855.8066716,-10.700314031828078,-3.1284759044647217
1748715855.8427892,-10.695154444657057,-3.127389430999756
1748715855.8763535,-10.692222615877846,-3.1276848316192627
1748715855.9098146,-10.686866001577746,-3.1266543865203857
1748715855.9433968,-10.683426824459696,-3.1263554096221924
1748715855.9767938,-10.680031422371925,-3.1265499591827393
1748715856.0101926,-10.676839008885851,-3.126167058944702
1748715856.0435896,-10.673580455557122,-3.125629186630249
1748715856.0769932,-10.670215306125796,-3.1261181831359863
1748715856.1103945,-10.666015644333969,-3.125070333480835
1748715856.1438189,-10.663752155290421,-3.1252195835113525
1748715856.1773138,-10.660499019194098,-3.1246368885040283
1748715856.210748,-10.65714179953678,-3.1245553493499756
1748715856.2441547,-10.65411318317469,-3.1249992847442627
1748715856.277567,-10.651956285663648,-3.124417304992676
1748715856.3109627,-10.64862030535672,-3.1243865489959717
1748715856.3444617,-10.644351740014093,-3.1237685680389404
1748715856.378009,-10.642220820521853,-3.12387752532959
1748715856.4113805,-10.639017366381218,-3.1240265369415283
1748715856.444785,-10.635805830550852,-3.123595952987671
1748715856.478288,-10.632598474314406,-3.1236300468444824
1748715856.5117671,-10.630551651760824,-3.1240954399108887
1748715856.5461237,-10.627219906937313,-3.123884439468384
1748715856.5795565,-10.624024545863767,-3.1235320568084717
1748715856.613164,-10.621905052735391,-3.12312912940979
1748715856.646571,-10.618683308620101,-3.1241672039031982
1748715856.679977,-10.615423979069094,-3.123673915863037
1748715856.7134209,-10.61335036244941,-3.124392509460449
1748715856.746821,-10.609861369154713,-3.1237905025482178
1748715856.780268,-10.60631847723891,-3.1244585514068604
1748715856.8137405,-10.602318282913163,-3.123913526535034
1748715856.8471959,-10.598241104626752,-3.1241910457611084
1748715856.8811533,-10.59440054047871,-3.1246867179870605
1748715856.9145646,-10.590436181816225,-3.1237449645996094
1748715856.9480126,-10.58658157450944,-3.1239240169525146
1748715856.981434,-10.583012505162564,-3.1263744831085205
1748715857.0148764,-10.580401914771274,-3.1265721321105957
1748715857.0482793,-10.576841845107584,-3.127331018447876
1748715857.0817976,-10.573081385562629,-3.1279759407043457
1748715857.1152067,-10.569542999569013,-3.129392623901367
1748715857.1486251,-10.566151303656454,-3.1308560371398926
1748715857.1821904,-10.562573854655998,-3.131972312927246
1748715857.2156303,-10.560257645206214,-3.131808280944824
1748715857.2490568,-10.555672000612589,-3.1330323219299316
1748715857.2824683,-10.55228744513221,-3.132913589477539
1748715857.3158674,-10.548814488752702,-3.134000301361084
1748715857.3492548,-10.545543730553886,-3.1331684589385986
1748715857.3829172,-10.542303645693375,-3.1352784633636475
1748715857.41636,-10.539127816654823,-3.135528326034546
1748715857.4498339,-10.535914885122386,-3.1353652477264404
1748715857.483301,-10.532965531431962,-3.1365585327148438
1748715857.5167158,-10.529805259906787,-3.136047124862671
1748715857.550405,-10.52677473210447,-3.1369621753692627
1748715857.584673,-10.52271168402173,-3.1365807056427
1748715857.618107,-10.520052017961874,-3.137350082397461
1748715857.6523666,-10.517256303732651,-3.1382322311401367
1748715857.6862545,-10.513611707426074,-3.1379547119140625
1748715857.7196953,-10.510874011571008,-3.139371871948242
1748715857.753101,-10.508209089869812,-3.139247179031372
1748715857.7866035,-10.504837317021835,-3.139827013015747
1748715857.8200645,-10.503139780725618,-3.140078067779541
1748715857.8536422,-10.50070017101281,-3.141383409500122
1748715857.887044,-10.498101284471462,-3.1412160396575928
1748715857.920713,-10.49560233509364,3.1412453651428223
1748715857.9541128,-10.493301780352514,3.1402626037597656
1748715857.9875233,-10.490879073740624,3.1403024196624756
1748715858.0209308,-10.488669435511095,3.1394383907318115
1748715858.0543575,-10.486272082923065,3.1393349170684814
1748715858.0877216,-10.484085605544205,3.138935089111328
1748715858.1212792,-10.4818677179551,3.138698101043701
1748715858.154686,-10.480409812708713,3.1385574340820312
1748715858.188085,-10.477352001153804,3.1381895542144775
1748715858.221879,-10.476229874769569,3.1379075050354004
1748715858.2552886,-10.474091530079766,3.1369428634643555
1748715858.2886996,-10.471898571770987,3.137460708618164
1748715858.3221147,-10.469984475364853,3.137190103530884
1748715858.355531,-10.467873573907308,3.1361196041107178
1748715858.3891022,-10.466045304260385,3.1356000900268555
1748715858.4225228,-10.464057660408015,3.135774850845337
1748715858.455928,-10.462247126411192,3.135180711746216
1748715858.4895437,-10.46100080320902,3.1348459720611572
1748715858.5229678,-10.459054696719448,3.1340863704681396
1748715858.5563717,-10.457063550731046,3.1344504356384277
1748715858.5897803,-10.455075215784138,3.1337969303131104
1748715858.6232092,-10.453581470737749,3.1321372985839844
1748715858.6566103,-10.451885542055127,3.1335690021514893
1748715858.6900485,-10.45032185977657,3.132699966430664
1748715858.723574,-10.448554593113228,3.132901430130005
1748715858.7570384,-10.446921789824499,3.1321752071380615
1748715858.7904463,-10.445241414755245,3.1319358348846436
1748715858.823855,-10.44355832245702,3.131523609161377
1748715858.8580508,-10.441958671590655,3.131959915161133
1748715858.8914645,-10.440283617291971,3.1312143802642822
1748715858.9248967,-10.438892928345037,3.1309244632720947
1748715858.958301,-10.437363017198297,3.132357120513916
1748715858.992775,-10.435940799414412,3.132019519805908
1748715859.0261867,-10.434923941296262,3.1322550773620605
1748715859.0595994,-10.433499376335181,3.132704973220825
1748715859.0930912,-10.43206163448744,3.1321167945861816
1748715859.1265268,-10.4306853287361,3.1326770782470703
1748715859.159931,-10.429316858515643,3.13218092918396
1748715859.193377,-10.428447888185442,3.132458209991455
1748715859.226779,-10.427070866061358,3.132002830505371
1748715859.2604437,-10.425275233940733,3.1324546337127686
1748715859.2938502,-10.423980439564192,3.1323225498199463
1748715859.327253,-10.422712878251263,3.1319661140441895
1748715859.3606775,-10.421493349083429,3.13228440284729
1748715859.394087,-10.420194664290879,3.131847620010376
1748715859.427498,-10.41894082111863,3.1324191093444824
1748715859.460903,-10.41772421656005,3.1320700645446777
1748715859.4943137,-10.41693418859608,3.13224720954895
1748715859.5277207,-10.41577305943929,3.1322624683380127
1748715859.5611296,-10.414635715622035,3.1321611404418945
1748715859.5945354,-10.413554260451136,3.1323366165161133
1748715859.6279402,-10.412405322266986,3.132340431213379
1748715859.6614609,-10.411330596711235,3.1324243545532227
1748715859.6948686,-10.410584770193553,3.132422685623169
1748715859.7286336,-10.409608549607622,3.132275104522705
1748715859.762445,-10.408539653947319,3.132678270339966
1748715859.7958472,-10.407485255288424,3.13224458694458
1748715859.8300424,-10.406472067206787,3.13261342048645
1748715859.863443,-10.405790984396347,3.1325700283050537
1748715859.8969326,-10.4047682033157,3.1326138973236084
1748715859.9304714,-10.403830440999073,3.132627248764038
1748715859.9639657,-10.402793526424526,3.132477283477783
1748715859.9987168,-10.401918318664032,3.1328043937683105
1748715860.0323286,-10.40129858640228,3.1330432891845703
1748715860.0658824,-10.400402276033015,3.1328070163726807
1748715860.0994039,-10.39975954856226,3.1329665184020996
1748715860.1329296,-10.39883902148521,3.1329920291900635
1748715860.166368,-10.39792208081256,3.1328866481781006
1748715860.1998656,-10.397343168081852,3.132880210876465
1748715860.233298,-10.396246335537434,3.1328489780426025
1748715860.2668173,-10.395721837957375,3.132884979248047
1748715860.3002262,-10.394908065903754,3.1328556537628174
1748715860.3336523,-10.394108367894498,3.132859706878662
1748715860.3671458,-10.393295804922996,3.132858991622925
1748715860.4010477,-10.392399560504943,3.1328630447387695
1748715860.5068495,-10.391786310011033,3.132854461669922
1748715860.5412414,-10.38923736030775,3.132990598678589
1748715860.574687,-10.380176979143432,3.1327710151672363
1748715860.6098225,-10.3715985199325,3.132978916168213
1748715860.643308,-10.358709131080566,3.1329855918884277
1748715860.676718,-10.34852382632544,3.1325461864471436
1748715860.7101612,-10.33808908645373,3.1328771114349365
1748715860.743687,-10.327516926983062,3.1327624320983887
1748715860.777089,-10.316512757165322,3.1323087215423584
1748715860.811091,-10.302634873758503,3.1329798698425293
1748715860.8448246,-10.291608775373906,3.132784605026245
1748715860.878814,-10.280939678979072,3.1328110694885254
1748715860.9183366,-10.267075516747923,3.1327991485595703
1748715860.9523208,-10.256406339499598,3.1327922344207764
1748715860.9859467,-10.245747229118034,3.1328282356262207
1748715861.0193686,-10.231526910842655,3.1328160762786865
1748715861.0593293,-10.217306157652283,3.132671594619751
1748715861.0948558,-10.20665207594821,3.1326022148132324
1748715861.1308324,-10.19207172998613,3.132579803466797
1748715861.1650708,-10.178216632484123,3.1325650215148926
1748715861.1987379,-10.167555024665882,3.13252854347229
1748715861.2327285,-10.15653292082778,3.1324689388275146
1748715861.2726698,-10.142672983303195,3.132807493209839
1748715861.311162,-10.128104787078911,3.1327788829803467
1748715861.354413,-10.114238364123233,3.1328341960906982
1748715861.3882227,-10.103225123471754,3.132842540740967
1748715861.4216602,-10.08900623582131,3.1328353881835938
1748715861.455313,-10.078699491763684,3.132835865020752
1748715861.4891243,-10.06803680236615,3.1328773498535156
1748715861.5922096,-10.040344220246274,3.1325416564941406
1748715861.6256769,-10.038176572418017,3.132488250732422
1748715861.6590793,-10.036760986234649,3.1324753761291504
1748715861.6926208,-10.034958399858278,3.1324501037597656
1748715861.7260344,-10.029735285983465,3.132282257080078
1748715861.7594595,-10.021857161040487,3.132747173309326
1748715861.7932866,-10.015788635778911,3.132575035095215
1748715861.8266916,-10.005675880603599,3.1326489448547363
1748715861.8601098,-9.995447138543575,3.132650375366211
1748715861.8935604,-9.98500327507315,3.1326658725738525
1748715861.9269643,-9.974805198385328,3.1326236724853516
1748715861.960441,-9.9638486960271,3.1326231956481934
1748715861.9941056,-9.953573405199593,3.132641553878784
1748715862.0275116,-9.942576377780986,3.132629871368408
1748715862.061311,-9.935475646987936,3.1326992511749268
1748715862.0947053,-9.925169460985362,3.1320292949676514
1748715862.1282108,-9.914134308610604,3.1331663131713867
1748715862.1616194,-9.903069886102898,3.1324639320373535
1748715862.195027,-9.892698366202861,3.1329097747802734
1748715862.228437,-9.881983946803823,3.13214111328125
1748715862.2618458,-9.875198243324485,3.132087230682373
1748715862.2952602,-9.864145512454678,3.1318905353546143
1748715862.3287256,-9.853469834794321,3.1318070888519287
1748715862.3621345,-9.842790843371379,3.1315858364105225
1748715862.3956065,-9.831749057016474,3.132310390472412
1748715862.429018,-9.817865039062658,3.1320438385009766
1748715862.462514,-9.807195999611618,3.1321380138397217
1748715862.495921,-9.800085246954762,3.1320536136627197
1748715862.5293288,-9.785143077398665,3.131948232650757
1748715862.562732,-9.77482156293376,3.131336212158203
1748715862.5961363,-9.764494697691912,3.1314120292663574
1748715862.6295662,-9.75378443604933,3.1318492889404297
1748715862.6629772,-9.742710527993621,3.1309659481048584
1748715862.696382,-9.731988365165714,3.13166880607605
1748715862.729814,-9.728419307705343,3.1315743923187256
1748715862.7631972,-9.714522573407434,3.131124496459961
1748715862.7966688,-9.703471367043448,3.1318533420562744
1748715862.8302352,-9.689586573021556,3.131696939468384
1748715862.8644598,-9.67890834042758,3.131720542907715
1748715862.8978572,-9.67143555334462,3.132283926010132
1748715862.9312828,-9.657565935418315,3.1324920654296875
1748715862.9647157,-9.64689821345039,3.133058786392212
1748715862.998189,-9.636232724497038,3.133486270904541
1748715863.0315983,-9.625571843872132,3.133946418762207
1748715863.0649977,-9.614555580601365,3.135205030441284
1748715863.0983684,-9.604211370314959,3.135230779647827
1748715863.131769,-9.593523078935045,3.1364505290985107
1748715863.1654167,-9.5867627669675,3.1379587650299072
1748715863.1988192,-9.572176399031274,3.1399483680725098
1748715863.2323205,-9.561106768119563,3.140765905380249
1748715863.265755,-9.550760826586314,3.1413912773132324
1748715863.2992902,-9.540088361437356,-3.140277862548828
1748715863.3327084,-9.529417380403189,-3.1384432315826416
1748715863.3661182,-9.518750947762607,-3.136775016784668
1748715863.3995705,-9.508089756271522,-3.134188413619995
1748715863.432983,-9.497443412299464,-3.133331537246704
1748715863.466439,-9.487151450940447,-3.1320459842681885
1748715863.4999206,-9.476598918843505,-3.128952980041504
1748715863.5333586,-9.465610679788428,-3.1278088092803955
1748715863.5668375,-9.454618180662532,-3.1263585090637207
1748715863.6002378,-9.444347619956732,-3.124972343444824
1748715863.6337364,-9.433791176743293,-3.121504068374634
1748715863.6672149,-9.419642381970048,-3.119871139526367
1748715863.7005882,-9.409380003148563,-3.117506980895996
1748715863.7340078,-9.402349529117878,-3.114755630493164
1748715863.7674217,-9.391388388035848,-3.114215612411499
1748715863.8009,-9.38039800750256,-3.1119039058685303
1748715863.8342974,-9.37011708774495,-3.1129062175750732
1748715863.867711,-9.359510272339197,-3.1131644248962402
1748715863.9012325,-9.348994084519303,-3.1094164848327637
1748715863.934637,-9.338087288584626,-3.1094295978546143
1748715863.9686794,-9.326463944582564,-3.1094934940338135
1748715864.0020957,-9.31734200112359,-3.1073338985443115
1748715864.0355966,-9.306882357391995,-3.1097846031188965
1748715864.0692432,-9.296053531062931,-3.1111502647399902
1748715864.1026576,-9.285521138849148,-3.110095262527466
1748715864.1360548,-9.275340612634253,-3.111738920211792
1748715864.170107,-9.264858234989648,-3.1145339012145996
1748715864.2035239,-9.254396004035156,-3.113211154937744
1748715864.2371275,-9.24353942560891,-3.1149017810821533
1748715864.2706182,-9.236854376475554,-3.1158013343811035
1748715864.3039992,-9.226610434884678,-3.117919921875
1748715864.3373997,-9.215791032853646,-3.121145725250244
1748715864.370971,-9.204478665170935,-3.122861385345459
1748715864.4043825,-9.194624068278818,-3.126462697982788
1748715864.4377916,-9.1839699987354,-3.1289703845977783
1748715864.4712172,-9.173445952551248,-3.131866455078125
1748715864.504616,-9.162947871803894,-3.136504650115967
1748715864.5380735,-9.152454562566493,3.1410207748413086
1748715864.5714886,-9.145362042580016,3.137148380279541
1748715864.6048877,-9.134744573226449,3.1328506469726562
1748715864.63831,-9.124171204135912,3.1283979415893555
1748715864.6717222,-9.112794224229397,3.1267967224121094
1748715864.7051656,-9.102891836919058,3.123359441757202
1748715864.7386196,-9.092243752201275,3.123831272125244
1748715864.7720234,-9.08159763485641,3.1240406036376953
1748715864.8054235,-9.067439103448688,3.1245439052581787
1748715864.8388264,-9.05723033704369,3.1268112659454346
1748715864.872279,-9.046291442938903,3.1258411407470703
1748715864.905716,-9.039229712055315,3.1263647079467773
1748715864.9391806,-9.029052423520927,3.1294634342193604
1748715864.9726856,-9.018101960529314,3.1306850910186768
1748715865.0060942,-9.007134436954912,3.130544662475586
1748715865.0395024,-8.997196387655713,3.13183331489563
1748715865.0729527,-8.986178152291393,3.1320383548736572
1748715865.1064427,-8.975156953130382,3.1324501037597656
1748715865.1398778,-8.964848618756513,3.133753776550293
1748715865.173292,-8.953825685927702,3.134165048599243
1748715865.207764,-8.94351155430413,3.134667158126831
1748715865.2411911,-8.933198890575024,3.1359622478485107
1748715865.2745905,-8.92218056625342,3.1365854740142822
1748715865.3080359,-8.915074109252094,3.137505054473877
1748715865.341434,-8.904763545062705,3.1381990909576416
1748715865.374877,-8.893748072804426,3.139441967010498
1748715865.4083266,-8.883108730319512,3.1411540508270264
1748715865.441744,-8.872461261467585,-3.140441417694092
1748715865.4751914,-8.862156242237852,-3.140360116958618
1748715865.508602,-8.85113009887989,-3.1395716667175293
1748715865.5420825,-8.840468163506268,-3.138233184814453
1748715865.5755277,-8.829800810493815,-3.137667417526245
1748715865.6089764,-8.822693619339532,-3.1363134384155273
1748715865.642445,-8.80811700477606,-3.1354563236236572
1748715865.6758466,-8.797799262445064,-3.135152816772461
1748715865.7094235,-8.787132509912519,-3.1338274478912354
1748715865.7428298,-8.780020423224116,-3.1331989765167236
1748715865.7764943,-8.769000030608709,-3.1322004795074463
1748715865.8099427,-8.758690081115024,-3.132011651992798
1748715865.843408,-8.748030073122006,-3.130613088607788
1748715865.8776212,-8.7376984992001,-3.1305415630340576
1748715865.9110343,-8.730211384078725,-3.1294450759887695
1748715865.9444413,-8.719531145586453,-3.128750801086426
1748715865.9778526,-8.708863579794896,-3.128655433654785
1748715866.0113163,-8.69855371677897,-3.127823829650879
1748715866.044729,-8.686826368634474,-3.1270830631256104
1748715866.0781577,-8.676873377001401,-3.127002477645874
1748715866.1115665,-8.666563448086185,-3.126669406890869
1748715866.1449876,-8.659099952023043,-3.1261560916900635
1748715866.1784444,-8.644883817549314,-3.1260581016540527
1748715866.211884,-8.637778335808314,-3.1252996921539307
1748715866.245308,-8.627118700406522,-3.1248958110809326
1748715866.278739,-8.616457595654136,-3.124943494796753
1748715866.3121424,-8.606154297019156,-3.124284267425537
1748715866.345554,-8.594784421430727,-3.1243503093719482
1748715866.3789864,-8.584125328635286,-3.1240549087524414
1748715866.4124281,-8.57382099889135,-3.12434720993042
1748715866.4468226,-8.563162800348117,-3.123918294906616
1748715866.4810705,-8.556056772596614,-3.123978853225708
1748715866.5145435,-8.545396580393636,-3.1232473850250244
1748715866.548007,-8.53473286678159,-3.1231601238250732
1748715866.581493,-8.524426579415035,-3.122690200805664
1748715866.6148958,-8.516609920774208,-3.122304916381836
1748715866.6486838,-8.506304817996117,-3.1224424839019775
1748715866.6821227,-8.495289498614959,-3.1223461627960205
1748715866.7155282,-8.484986368704213,-3.1220126152038574
1748715866.7489753,-8.474327105724464,-3.1219370365142822
1748715866.7823637,-8.463667482243778,-3.1220712661743164
1748715866.8164408,-8.452297954774505,-3.1216211318969727
1748715866.8499382,-8.438797425625381,-3.1219167709350586
1748715866.8833537,-8.428495631922447,-3.121703863143921
1748715866.9167597,-8.421390614940975,-3.1213438510894775
1748715866.9501982,-8.406824836185711,-3.1217079162597656
1748715866.9836047,-8.39581015694303,-3.121917963027954
1748715867.0171204,-8.38586207009645,-3.121519088745117
1748715867.0505295,-8.3748338509962,-3.1217386722564697
1748715867.0839274,-8.364143604322502,-3.120838165283203
1748715867.1173232,-8.357017409889744,-3.1211838722229004
1748715867.1507325,-8.346333396090602,-3.121389865875244
1748715867.185084,-8.339206429776638,-3.1208486557006836
1748715867.2185404,-8.3285209816823,-3.1206400394439697
1748715867.2520194,-8.318202470070204,-3.121262311935425
1748715867.2856748,-8.307981254957527,-3.1203269958496094
1748715867.3190768,-8.3011646636991,-3.120706081390381
1748715867.3525093,-8.296269245550036,-3.120365858078003
1748715867.3859828,-8.292083514064759,-3.120967388153076
1748715867.4193878,-8.28822014350963,-3.1200921535491943
1748715867.4527552,-8.284713143965842,-3.1203925609588623
1748715867.4861565,-8.281366404033202,-3.1199023723602295
1748715867.5207238,-8.278193974918523,-3.120687961578369
1748715867.5541227,-8.275912918772779,-3.1211376190185547
1748715867.587531,-8.272780594490143,-3.1207501888275146
1748715867.6209462,-8.269120390001616,-3.1213362216949463
1748715867.6543992,-8.266331931317463,-3.1215627193450928
1748715867.6878104,-8.264189809317028,-3.121497631072998
1748715867.7212365,-8.260964472595957,-3.1224629878997803
1748715867.7546463,-8.257694618380297,-3.122267007827759
1748715867.788049,-8.253349305120718,-3.1228115558624268
1748715867.821814,-8.249981818766898,-3.123912811279297
1748715867.855228,-8.245734043526712,-3.123905658721924
1748715867.889189,-8.243467519352006,-3.123950481414795
1748715867.9226136,-8.240325202736226,-3.1248230934143066
1748715867.9560215,-8.23584647151508,-3.124457359313965
1748715867.9894476,-8.232628112060539,-3.1250905990600586
1748715868.0228581,-8.229450687663325,-3.1263351440429688
1748715868.056289,-8.226181102623128,-3.126096725463867
1748715868.0897472,-8.222607251039838,-3.1267964839935303
1748715868.1232169,-8.218827478330194,-3.1274240016937256
1748715868.156667,-8.214835167493318,-3.1283862590789795
1748715868.1900723,-8.211073378163595,-3.1293840408325195
1748715868.2234786,-8.207187873524747,-3.1298675537109375
1748715868.257077,-8.203513958914865,-3.1317851543426514
1748715868.2904594,-8.199567309420447,-3.132290840148926
1748715868.3238585,-8.195813866517728,-3.133087635040283
1748715868.3572547,-8.19216383696917,-3.135460376739502
1748715868.3906605,-8.188384963634075,-3.1363365650177
1748715868.424086,-8.186206777260596,-3.136385917663574
1748715868.4576461,-8.182516796686594,-3.136981248855591
1748715868.4910421,-8.179164335906169,-3.13810133934021
1748715868.5244815,-8.175060199426332,-3.1382293701171875
1748715868.5579941,-8.172041946746521,-3.1396617889404297
1748715868.591401,-8.170043074820038,-3.1402180194854736
1748715868.6249762,-8.166748617972496,-3.1406989097595215
1748715868.658374,-8.163524195771638,-3.140822410583496
1748715868.6917744,-8.159630046397501,3.1408779621124268
1748715868.7251878,-8.157133591272135,3.1411476135253906
1748715868.7585866,-8.153953555256006,3.1400861740112305
1748715868.7920287,-8.150829679542918,3.1398839950561523
1748715868.8254404,-8.147702166751566,3.1388728618621826
1748715868.8588686,-8.144930673757933,3.137869119644165
1748715868.8922772,-8.141910365409972,3.137157678604126
1748715868.925739,-8.139048302163797,3.1371495723724365
1748715868.9602754,-8.136230435389892,3.135805606842041
1748715868.9936798,-8.134349937523783,3.135960578918457
1748715869.0270925,-8.131628211218784,3.1356873512268066
1748715869.060496,-8.129059986451376,3.134058713912964
1748715869.0939252,-8.12645337392525,3.1337833404541016
1748715869.1273406,-8.123881474782317,3.132780075073242
1748715869.1607554,-8.121309809545158,3.1326284408569336
1748715869.1941557,-8.118704491774288,3.1315016746520996
1748715869.2276287,-8.116225645005724,3.130866765975952
1748715869.2610793,-8.114652295758146,3.1306257247924805
1748715869.2945654,-8.111431070519583,3.129503011703491
1748715869.3281522,-8.10888983192561,3.1291491985321045
1748715869.3617392,-8.107199845576977,3.129384756088257
1748715869.3951144,-8.104897071761751,3.1281816959381104
1748715869.4285266,-8.102509116379633,3.1281790733337402
1748715869.4619386,-8.100149841164695,3.1273257732391357
1748715869.4953842,-8.097694721794062,3.1272830963134766
1748715869.528812,-8.096243133017827,3.12695574760437
1748715869.562668,-8.094025243590288,3.126793622970581
1748715869.5968556,-8.091239520773378,3.125793933868408
1748715869.6302595,-8.089151451381111,3.1254847049713135
1748715869.6637154,-8.087051343553082,3.125288248062134
1748715869.6971512,-8.085735220108079,3.1244962215423584
1748715869.730747,-8.083774401656552,3.1244606971740723
1748715869.7642472,-8.081773879088662,3.1233737468719482
1748715869.797661,-8.079893613880179,3.1234047412872314
1748715869.8310757,-8.078010016457307,3.123373508453369
1748715869.8644753,-8.076208778881398,3.122079610824585
1748715869.8978875,-8.07446642056902,3.1229302883148193
1748715869.9313042,-8.072674061623294,3.1217293739318848
1748715869.964714,-8.070998515747553,3.1212754249572754
1748715869.9981427,-8.069089226399853,3.121340036392212
1748715870.0315542,-8.067519311819456,3.120072841644287
1748715870.0659115,-8.065793066131528,3.1206719875335693
1748715870.099314,-8.064125720922183,3.1199703216552734
1748715870.1329784,-8.062360150834424,3.1206283569335938
1748715870.1665325,-8.060718648246997,3.120086669921875
1748715870.1999457,-8.059085561413605,3.1198813915252686
1748715870.2334044,-8.057593180555116,3.120347023010254
1748715870.267162,-8.056068187790002,3.119518756866455
1748715870.3005605,-8.055069630655426,3.120516777038574
1748715870.3340168,-8.053509735222454,3.120126247406006
1748715870.3686428,-8.052016196978174,3.1207034587860107
1748715870.4020405,-8.050479595010339,3.1206583976745605
1748715870.4355268,-8.049045267673003,3.120844841003418
1748715870.4690266,-8.04763100309744,3.120271921157837
1748715870.5025141,-8.046220708690175,3.1208345890045166
1748715870.5359204,-8.044827764923937,3.120299816131592
1748715870.5694985,-8.043520135176326,3.1203742027282715
1748715870.602889,-8.042639635437432,3.1203720569610596
1748715870.636267,-8.041344006240656,3.1205410957336426
1748715870.6696794,-8.040034489985858,3.120483160018921
1748715870.7030833,-8.038372324018752,3.120303153991699
1748715870.7371213,-8.037186026462127,3.120420455932617
1748715870.7705996,-8.03634102766869,3.120692491531372
1748715870.8040006,-8.035147074710608,3.1203835010528564
1748715870.8374147,-8.033972001469794,3.120645523071289
1748715870.870828,-8.032820126568899,3.1206037998199463
1748715870.904241,-8.031723591208594,3.1207287311553955
1748715870.9376822,-8.030164999769237,3.1205666065216064
1748715870.9712033,-8.029039188706575,3.120626926422119
1748715871.0046325,-8.028004343934928,3.1206116676330566
1748715871.0381267,-8.02698627698143,3.1206202507019043
1748715871.0715373,-8.025951227780576,3.1206257343292236
1748715871.1049447,-8.024932705526604,3.1206209659576416
1748715871.1384947,-8.023930303178084,3.120626449584961
1748715871.1719346,-8.022942550555028,3.1206252574920654
1748715871.205337,-8.021937764548316,3.12062668800354
1748715871.2387438,-8.021043978124354,3.1206278800964355
1748715871.2721882,-8.020038824420661,3.120628833770752
1748715871.3056433,-8.019142177531752,3.1206300258636475
1748715871.3390846,-8.018229311752936,3.120631217956543
1748715871.3724818,-8.017330162141128,3.1206324100494385
1748715871.4058878,-8.016444718620702,3.120633125305176
1748715871.439299,-8.015544138685234,3.120634078979492
1748715871.4731343,-8.014714860325908,3.120635509490967
1748715871.5065405,-8.013897976986055,3.120636463165283
1748715871.539945,-8.012791358526954,3.1206374168395996
1748715871.5733666,-8.01195027108204,3.120638370513916
1748715871.60677,-8.011149487469813,3.1206395626068115
1748715871.640176,-8.01010141790468,3.120640516281128
1748715871.6736624,-8.009355478235442,3.1206414699554443
1748715871.7071223,-8.008663678014168,3.1206424236297607
1748715871.7405372,-8.008297029870917,3.12064266204834
1748715871.7739406,-8.008137253773892,3.120642900466919
1748715871.8082793,-8.00803136839457,3.12064266204834
1748715871.8416793,-8.007997383638035,3.120642900466919
1748715871.8750942,-8.007979358993735,3.1206417083740234
1748715871.9087348,-8.007970752594119,3.1206414699554443
1748715871.942145,-8.007965740778351,3.120640754699707
1748715871.9755437,-8.007963919720561,3.1206400394439697
1748715872.0090137,-8.007963202477882,3.1206398010253906
1748715872.042473,-8.007962840259738,3.1206395626068115
1748715872.075841,-8.007962933242984,3.120638847351074
1748715872.109239,-8.0079629642374,3.120638608932495
1748715872.142683,-8.007963212192722,3.1206395626068115
1748715872.176781,-8.007963671882784,3.120638370513916
1748715872.2101803,-8.007964478992978,3.120638608932495
1748715872.2437727,-8.007965711361777,3.1206374168395996
1748715872.2771711,-8.007965930143286,3.1206376552581787
1748715872.3106525,-8.007966351882049,3.1206367015838623
1748715872.3440983,-8.007966818618833,3.1206371784210205
1748715872.377509,-8.00796477184113,3.1206533908843994
1748715872.4109266,-8.007949569712052,3.120654344558716
1748715872.4443626,-8.007955829351571,3.1206703186035156
1748715872.477769,-8.007947963203303,3.1206610202789307
1748715872.5112004,-8.007945545292628,3.120664596557617
1748715872.5445988,-8.007945586508944,3.1206541061401367
1748715872.57814,-8.007942433378744,3.120664358139038
1748715872.611572,-8.007938141870522,3.1206600666046143
1748715872.6449945,-8.007939095738168,3.1206679344177246
1748715872.6784446,-8.007936212552622,3.120668649673462
1748715872.7118418,-8.007934382638608,3.120666265487671
1748715872.7452545,-8.007933528228767,3.1206657886505127
1748715872.7787037,-8.007931442895785,3.120664119720459
1748715872.8121653,-8.007929893084867,3.12066388130188
1748715872.845615,-8.007928501375295,3.1206653118133545
1748715872.8820374,-8.007927184417486,3.1206650733947754
1748715872.9154599,-8.007925337381044,3.1206607818603516
1748715872.9489288,-8.007923187210089,3.120661973953247
1748715872.9824364,-8.007921096678714,3.1206629276275635
1748715873.0158484,-8.007919892262134,3.1206631660461426
1748715873.0492604,-8.0079178059283,3.1206581592559814
1748715873.0826118,-8.0079164224506,3.1206600666046143
1748715873.1160264,-8.007914601594603,3.1206603050231934
1748715873.1494308,-8.007913038179677,3.1206612586975098
1748715873.1828294,-8.007911438977061,3.120656967163086
1748715873.2167103,-8.007908653128316,3.120656967163086
1748715873.2501905,-8.007907160273792,3.120656967163086
1748715873.2835982,-8.00790582052172,3.1206588745117188
1748715873.3170576,-8.007904616440879,3.1206586360931396
1748715873.350611,-8.007903119949859,3.1206538677215576
1748715873.3840568,-8.007900842590594,3.1206557750701904
1748715873.4175203,-8.007898679065308,3.1206555366516113
1748715873.4509187,-8.007897472250129,3.120656967163086
1748715873.4843667,-8.007895693157119,3.120651960372925
1748715873.517777,-8.007894144546812,3.1206538677215576
1748715873.5511827,-8.007892638571073,3.1206533908843994
1748715873.5846841,-8.007891154505696,3.120654344558716
1748715873.6181135,-8.007889947591522,3.120652914047241
1748715873.6515353,-8.007887827866854,3.120649814605713
1748715873.6849537,-8.007886711440158,3.1206507682800293
1748715873.719072,-8.007885263340874,3.1206517219543457
1748715873.7525427,-8.00788353904775,3.120652675628662
1748715873.7859905,-8.007881494705575,3.1206471920013428
1748715873.8195088,-8.007880049902171,3.120649814605713
1748715873.8529341,-8.00787840176153,3.1206486225128174
1748715873.8868558,-8.007877188231829,3.120650053024292
1748715873.9211895,-8.007875115411801,3.120645761489868
1748715873.9546933,-8.007873187269105,3.1206469535827637
1748715873.9881353,-8.00787154312799,3.1206467151641846
1748715874.021598,-8.007870116770318,3.12064790725708
1748715874.0550046,-8.007868786835921,3.1206462383270264
1748715874.0885022,-8.007867174094887,3.120643377304077
1748715874.1219463,-8.007865339223871,3.1206443309783936
1748715874.1553817,-8.00786393529067,3.1206443309783936
1748715874.1888194,-8.007862729170762,3.120645523071289
1748715874.2223237,-8.00786094095508,3.1206412315368652
1748715874.255949,-8.007859114040103,3.12064266204834
1748715874.2894497,-8.007858260506021,3.1206421852111816
1748715874.3228576,-8.007856805402456,3.120643138885498
1748715874.3562536,-8.007854572876496,3.1206417083740234
1748715874.389625,-8.007852882801302,3.120640516281128
1748715874.42303,-8.007851470252673,3.1206398010253906
1748715874.456438,-8.007849725035001,3.120640993118286
1748715874.4898832,-8.007848366745739,3.1206395626068115
1748715874.5232813,-8.007846845232338,3.120635986328125
1748715874.5566924,-8.00784508999772,3.120637893676758
1748715874.5900962,-8.007843153191448,3.120637893676758
1748715874.623528,-8.007841620941397,3.120638370513916
1748715874.6569386,-8.00784005140503,3.1206345558166504
1748715874.6906412,-8.007837638254834,3.120635747909546
1748715874.8080964,-8.007817926899765,3.1203229427337646
1748715874.8415132,-8.005433643065025,3.1208279132843018
1748715874.8750207,-8.001258606058373,3.125666856765747
1748715874.9109304,-7.99370576578546,3.13126540184021
1748715874.948117,-7.987051754209651,3.1363649368286133
1748715874.9865255,-7.977478168625528,-3.1398141384124756
1748715875.0213666,-7.967572853100466,-3.1343963146209717
1748715875.0551,-7.959789868774411,-3.1287763118743896
1748715875.0923786,-7.952475198505492,-3.1214354038238525
1748715875.1283827,-7.942103885396561,-3.1142797470092773
1748715875.162761,-7.934766402999696,-3.108673334121704
1748715875.1974967,-7.924389563271607,-3.101008892059326
1748715875.2309,-7.917043452200972,-3.0956037044525146
1748715875.2656145,-7.906910953179302,-3.0899994373321533
1748715875.3035696,-7.899309860104701,-3.084401845932007
1748715875.3382194,-7.889175573872224,-3.076934576034546
1748715875.371624,-7.881574277134212,-3.069281816482544
1748715875.406454,-7.870931955363994,-3.061999797821045
1748715875.4413278,-7.863583943912466,-3.056398868560791
1748715875.4782612,-7.853702253121161,-3.0508012771606445
1748715875.5123158,-7.846100901374509,-3.043332815170288
1748715875.5459332,-7.83824597300014,-3.0375404357910156
1748715875.580391,-7.828363516455436,-3.030071973800659
1748715875.6137984,-7.820761722665322,-3.0242912769317627
1748715875.6489408,-7.80986854321115,-3.0184741020202637
1748715875.6947298,-7.800496247514918,-3.009673595428467
1748715875.7368398,-7.7901071806662125,-3.002016067504883
1748715875.778164,-7.779972859309708,-2.994534730911255
1748715875.8115761,-7.769838538814994,-2.9872395992279053
1748715875.8465807,-7.762491491391346,-2.981454610824585
1748715875.880582,-7.752353228784643,-2.976081371307373
1748715875.9140894,-7.744755240488369,-2.9704654216766357
1748715875.9475007,-7.739432111511687,-2.9649200439453125
1748715875.980908,-7.732085652390856,-2.959301471710205
1748715876.020788,-7.721698677508948,-2.951455593109131
1748715876.0556335,-7.711816310273982,-2.9462215900421143
1748715876.0891948,-7.703707592515267,-2.9385664463043213
1748715876.1227424,-7.696612593610523,-2.9329545497894287
1748715876.1562893,-7.689011071155169,-2.927539587020874
1748715876.1899068,-7.681409729756225,-2.9221138954162598
1748715876.2235827,-7.671273162516025,-2.91426944732666
1748715876.2569914,-7.663671439054333,-2.908848762512207
1748715876.2905004,-7.653535690712845,-2.90324330329895
1748715876.3242064,-7.645934603908763,-2.8976399898529053
1748715876.3576849,-7.638080080239435,-2.8901641368865967
1748715876.391133,-7.630731649585064,-2.884364604949951
1748715876.424542,-7.623129521214711,-2.878943920135498
1748715876.4581625,-7.612993583989592,-2.873339891433716
1748715876.4922326,-7.6051381946647165,-2.8675479888916016
1748715876.525644,-7.597789807433539,-2.86212158203125
1748715876.5622592,-7.590187771259971,-2.8546483516693115
1748715876.6056705,-7.577517805192388,-2.8471734523773193
1748715876.6451657,-7.569662678729481,-2.839503288269043
1748715876.6831121,-7.562314185425378,-2.8338959217071533
1748715876.7171133,-7.552177746198621,-2.828479766845703
1748715876.7505527,-7.544322471786667,-2.8208117485046387
1748715876.78939,-7.534440305191085,-2.8133294582366943
1748715876.8245351,-7.526838609009248,-2.8079144954681396
1748715876.8714185,-7.51391592507614,-2.8002519607543945
1748715876.9084346,-7.504033246550814,-2.792952299118042
1748715876.9500525,-7.493897070164747,-2.785475730895996
1748715876.983469,-7.486041422334521,-2.7779979705810547
1748715877.0280137,-7.4759060210739845,-2.770524740219116
1748715877.0675814,-7.465772523257245,-2.7626309394836426
1748715877.1016192,-7.455392333413469,-2.755424737930298
1748715877.137991,-7.448294721098923,-2.7499499320983887
1748715877.1714375,-7.438404307413408,-2.7425787448883057
1748715877.2048805,-7.4305545946851606,-2.73689603805542
1748715877.2383502,-7.42270401892713,-2.7313649654388428
1748715877.2745888,-7.412829804072476,-2.723839044570923
1748715877.316369,-7.4001647923987806,-2.7163619995117188
1748715877.358046,-7.3897798722006005,-2.708672523498535
1748715877.3930206,-7.382431582763224,-2.701650857925415
1748715877.4267604,-7.372247479685123,-2.696537733078003
1748715877.4603584,-7.364616886942348,-2.68973970413208
1748715877.4938517,-7.355914612249574,-2.6845223903656006
1748715877.5272563,-7.346743304154034,-2.679511308670044
1748715877.5612676,-7.338809689852048,-2.6725032329559326
1748715877.5946712,-7.33139344762594,-2.667276620864868
1748715877.6281576,-7.323741048397347,-2.6615023612976074
1748715877.6615586,-7.313259526390469,-2.6561334133148193
1748715877.6950698,-7.305591811486446,-2.6490442752838135
1748715877.7288227,-7.2979951402349075,-2.643421173095703
1748715877.7630315,-7.288015644352938,-2.6384012699127197
1748715877.7972145,-7.280369988179362,-2.631251335144043
1748715877.8306944,-7.27271804708149,-2.6262428760528564
1748715877.8641021,-7.267610341839898,-2.6223304271698
1748715877.8976092,-7.257255346675661,-2.6147730350494385
1748715877.931033,-7.249879065435967,-2.608872652053833
1748715877.9644384,-7.239751074854834,-2.6031405925750732
1748715877.9978504,-7.2321092477466715,-2.5964229106903076
1748715878.0317724,-7.224542960445611,-2.5899264812469482
1748715878.0651882,-7.216800811105302,-2.583526372909546
1748715878.098591,-7.206896339242574,-2.5768086910247803
1748715878.132016,-7.19902847315261,-2.5716912746429443
1748715878.1714296,-7.191449211961885,-2.5662341117858887
1748715878.2074153,-7.181624654711901,-2.558231830596924
1748715878.2415893,-7.170546009553527,-2.5523762702941895
1748715878.274997,-7.164025697050858,-2.545961856842041
1748715878.3085911,-7.154215747190402,-2.538752317428589
1748715878.3420126,-7.146676936320552,-2.5308990478515625
1748715878.3768554,-7.1366504961667845,-2.525094509124756
1748715878.4105332,-7.129193320407015,-2.5160202980041504
1748715878.4439337,-7.1215499889143485,-2.509042978286743
1748715878.4773686,-7.11180935719436,-2.502958059310913
1748715878.5181231,-7.103255925249438,-2.4958088397979736
1748715878.561513,-7.094415973143801,-2.4861154556274414
1748715878.6034422,-7.084808164307552,-2.4760546684265137
1748715878.6426604,-7.074639007997438,-2.4669036865234375
1748715878.676204,-7.066879242017387,-2.4603185653686523
1748715878.7096095,-7.059862700265707,-2.4510531425476074
1748715878.7430317,-7.052464933381329,-2.4430124759674072
1748715878.7764385,-7.045130243821761,-2.4352526664733887
1748715878.8099787,-7.0353888201761885,-2.4266905784606934
1748715878.8432703,-7.027896106080701,-2.4164974689483643
1748715878.876739,-7.017881142478774,-2.4096832275390625
1748715878.9103827,-7.012907065729118,-2.4020886421203613
1748715878.9457061,-7.003191477451896,-2.390820264816284
1748715878.9840105,-6.993498699368464,-2.380737543106079
1748715879.0174148,-6.985570750938552,-2.372201442718506
1748715879.0508263,-6.978158100006582,-2.3642842769622803
1748715879.0844169,-6.970990628394034,-2.355443000793457
1748715879.1181178,-6.960876389643902,-2.3475468158721924
1748715879.154621,-6.95331772163418,-2.338214874267578
1748715879.188077,-6.943437375121788,-2.33095645904541
1748715879.2216482,-6.936382471024248,-2.3196446895599365
1748715879.2550514,-6.928912750160549,-2.31235671043396
1748715879.2885222,-6.921409460180555,-2.305388927459717
1748715879.3219435,-6.914181445893483,-2.2974274158477783
1748715879.3553433,-6.903907800129329,-2.291050910949707
1748715879.3887503,-6.896727264302524,-2.2844982147216797
1748715879.4252279,-6.889145597051068,-2.2735588550567627
1748715879.45863,-6.8817189036803414,-2.2689146995544434
1748715879.4920373,-6.874249115155319,-2.259345054626465
1748715879.525489,-6.866552262500516,-2.2525439262390137
1748715879.5589452,-6.856939318988824,-2.2450716495513916
1748715879.5923467,-6.849789098521651,-2.231522798538208
1748715879.6258805,-6.842521942558973,-2.225010633468628
1748715879.659329,-6.832129345662882,-2.2168214321136475
1748715879.6934123,-6.8248732360776145,-2.2080836296081543
1748715879.7271903,-6.8174961465636015,-2.2009243965148926
1748715879.763627,-6.810203039916605,-2.1946699619293213
1748715879.7974284,-6.800413023401295,-2.186781167984009
1748715879.8309355,-6.792967440101802,-2.1774990558624268
1748715879.864696,-6.78572977869185,-2.168273448944092
1748715879.898209,-6.778065479274491,-2.1597580909729004
1748715879.9316185,-6.770935460282487,-2.1526284217834473
1748715879.9652238,-6.761028788061356,-2.1447784900665283
1748715879.9986272,-6.753382492170938,-2.13395619392395
1748715880.0357058,-6.745924849550721,-2.1258952617645264
1748715880.069116,-6.7362077493846035,-2.1185495853424072
1748715880.1029422,-6.728719215308059,-2.108701229095459
1748715880.1366978,-6.718508843727861,-2.100966691970825
1748715880.1701849,-6.711190493269275,-2.0923869609832764
1748715880.203594,-6.703243982374306,-2.0823769569396973
1748715880.2370296,-6.69573608166027,-2.0745596885681152
1748715880.2704568,-6.688665183469922,-2.0660483837127686
1748715880.3040013,-6.679219811151577,-2.055901050567627
1748715880.3374174,-6.671737680797816,-2.0479393005371094
1748715880.3742628,-6.663774566384012,-2.041250228881836
1748715880.4077117,-6.654298042660349,-2.0313549041748047
1748715880.4411151,-6.6469163531366995,-2.022535800933838
1748715880.474671,-6.639286817256274,-2.0149588584899902
1748715880.5088897,-6.631997445193988,-2.0079987049102783
1748715880.542293,-6.621969892907119,-2.0015344619750977
1748715880.575855,-6.614572999045393,-1.9909114837646484
1748715880.6092668,-6.60687936343473,-1.9840037822723389
1748715880.6426802,-6.599346530584025,-1.9771994352340698
1748715880.6788156,-6.589754124663975,-1.9693419933319092
1748715880.71892,-6.57951139811812,-1.9577012062072754
1748715880.7523382,-6.5722880399975185,-1.9504436254501343
1748715880.785747,-6.564812449860003,-1.9435640573501587
1748715880.8192098,-6.554830551969655,-1.9366230964660645
1748715880.8526144,-6.547332584233576,-1.9279628992080688
1748715880.8861904,-6.539300697301493,-1.9208548069000244
1748715880.919649,-6.53239324956245,-1.9134936332702637
1748715880.9537435,-6.5245932314910275,-1.9081581830978394
1748715880.987174,-6.514808433670735,-1.9021145105361938
1748715881.020578,-6.507120798239566,-1.8931087255477905
1748715881.0542655,-6.499631253017947,-1.887060523033142
1748715881.099135,-6.4872779733188475,-1.8797869682312012
1748715881.1328237,-6.479990740820818,-1.872572898864746
1748715881.1668751,-6.47218166612813,-1.8672370910644531
1748715881.2003274,-6.464361099093139,-1.8625088930130005
1748715881.233958,-6.45458882278019,-1.8566251993179321
1748715881.2680566,-6.446742871363792,-1.8500434160232544
1748715881.302074,-6.4368190584764635,-1.8457797765731812
1748715881.3355987,-6.429333221754333,-1.8375121355056763
1748715881.3690379,-6.421780010221619,-1.8329956531524658
1748715881.4025252,-6.411132427334621,-1.8298300504684448
1748715881.4386163,-6.403437717612089,-1.8262330293655396
1748715881.4720352,-6.3959217992848085,-1.8178483247756958
1748715881.5054395,-6.385865816794074,-1.8135684728622437
1748715881.5388482,-6.378019363258433,-1.809792160987854
1748715881.5722666,-6.370248431198115,-1.8026933670043945
1748715881.6057417,-6.362214692689433,-1.7980799674987793
1748715881.699051,-6.348184621600449,-1.7938083410263062
1748715881.7332652,-6.346122587769417,-1.79315185546875
1748715881.767132,-6.345457790327193,-1.7930313348770142
1748715881.8005404,-6.34449609148575,-1.7924481630325317
1748715881.8339515,-6.339482970744039,-1.7898399829864502
1748715881.8673644,-6.328627277805992,-1.7865018844604492
1748715881.9036047,-6.319173121219954,-1.7831616401672363
1748715881.9370148,-6.309175992126252,-1.7778220176696777
1748715881.970487,-6.301993672918114,-1.7749133110046387
1748715882.0040581,-6.291969334304334,-1.7707254886627197
1748715882.0374627,-6.281452854432348,-1.7668317556381226
1748715882.070868,-6.2712799618454715,-1.762401819229126
1748715882.1044202,-6.260366705258096,-1.7594084739685059
1748715882.1378286,-6.24975540159042,-1.7539414167404175
1748715882.171235,-6.239152130213336,-1.7494957447052002
1748715882.2046385,-6.2285459707573825,-1.7446871995925903
1748715882.241046,-6.217877735199866,-1.7409958839416504
1748715882.2751558,-6.20760824760099,-1.7363264560699463
1748715882.3085701,-6.1966221580948435,-1.7319368124008179
1748715882.3420196,-6.185613063495083,-1.7286953926086426
1748715882.3755045,-6.171819888349989,-1.7238726615905762
1748715882.4089289,-6.161187788960805,-1.7182246446609497
1748715882.4423752,-6.15055010901054,-1.7146118879318237
1748715882.4757888,-6.139903110121234,-1.7108728885650635
1748715882.5091941,-6.129285815180802,-1.7077962160110474
1748715882.5425904,-6.1221891221169455,-1.704296588897705
1748715882.5761073,-6.111566087363919,-1.7013728618621826
1748715882.6096742,-6.104472662694838,-1.697664499282837
1748715882.6431186,-6.09346665810182,-1.6933770179748535
1748715882.6769593,-6.07924355143303,-1.6901671886444092
1748715882.710364,-6.0689619445631395,-1.68636155128479
1748715882.743767,-6.057968213206727,-1.681274652481079
1748715882.7771716,-6.043771325731024,-1.6779307126998901
1748715882.8105774,-6.0370409302877555,-1.6742215156555176
1748715882.8440204,-6.026410296904881,-1.6704620122909546
1748715882.8774288,-6.015758985956948,-1.6676104068756104
1748715882.910829,-6.005119591688342,-1.6638967990875244
1748715882.9442394,-5.994138733635779,-1.6601839065551758
1748715882.9777148,-5.983850358927218,-1.6569029092788696
1748715883.0112624,-5.973191550304917,-1.6541374921798706
1748715883.0446737,-5.96255027547942,-1.6510823965072632
1748715883.078129,-5.9519041044933285,-1.648125171661377
1748715883.1115456,-5.941242099436783,-1.646028757095337
1748715883.1451013,-5.930616332923714,-1.6422549486160278
1748715883.1785543,-5.91995878932038,-1.6396616697311401
1748715883.2120507,-5.912496261410473,-1.6380577087402344
1748715883.2454526,-5.898289301553694,-1.6346125602722168
1748715883.2790022,-5.888352897731945,-1.6328452825546265
1748715883.3124034,-5.880894490679218,-1.6303260326385498
1748715883.3458805,-5.870244007642686,-1.6278691291809082
1748715883.3792784,-5.859602121161799,-1.6251603364944458
1748715883.412682,-5.84895319043281,-1.6227197647094727
1748715883.446092,-5.838294394768368,-1.620597004890442
1748715883.4795046,-5.827652841635673,-1.617999792098999
1748715883.513326,-5.817004376487811,-1.616550087928772
1748715883.5467637,-5.8099015110214145,-1.6147410869598389
1748715883.5802495,-5.799241632412803,-1.6134181022644043
1748715883.6136253,-5.78859010154075,-1.6113481521606445
1748715883.6470983,-5.777934496231498,-1.6098871231079102
1748715883.6805267,-5.766581129943455,-1.6076310873031616
1748715883.7139382,-5.75592166707793,-1.6064434051513672
1748715883.747482,-5.7459838720195915,-1.6043570041656494
1748715883.7811792,-5.731783782440294,-1.6018387079238892
1748715883.8145876,-5.721121714355105,-1.60077702999115
1748715883.8480449,-5.710812083494097,-1.5999419689178467
1748715883.8815253,-5.699803281039228,-1.5981972217559814
1748715883.9149373,-5.689143792070728,-1.597559928894043
1748715883.9482985,-5.682041132493387,-1.5960984230041504
1748715883.982592,-5.6713880468921865,-1.5947245359420776
1748715884.0174294,-5.660733861359986,-1.593281626701355
1748715884.0508976,-5.646876443040738,-1.5927373170852661
1748715884.0843065,-5.639772928057926,-1.5916647911071777
1748715884.1177232,-5.625211867163024,-1.590234637260437
1748715884.1511314,-5.614910441409361,-1.5891249179840088
1748715884.1848226,-5.6038995337682955,-1.587469458580017
1748715884.2182531,-5.593241578772789,-1.5865494012832642
1748715884.251736,-5.582585514291385,-1.5857632160186768
1748715884.2851381,-5.571931206832349,-1.5841182470321655
1748715884.3185365,-5.5612758472897275,-1.5833468437194824
1748715884.3519528,-5.554168037225473,-1.583193302154541
1748715884.3853593,-5.5435120383250664,-1.5821475982666016
1748715884.4187682,-5.533211721358333,-1.5812397003173828
1748715884.4521794,-5.51900070376444,-1.580655574798584
1748715884.4855893,-5.508347206486695,-1.5792462825775146
1748715884.5190344,-5.497691835515184,-1.5784257650375366
1748715884.5524561,-5.486681330282169,-1.5777199268341064
1748715884.5859327,-5.476022854422899,-1.577633261680603
1748715884.6193438,-5.465369836682069,-1.5765438079833984
1748715884.652744,-5.454712113600318,-1.576025128364563
1748715884.6861498,-5.440503744062981,-1.5751969814300537
1748715884.7195573,-5.433400553355213,-1.5744277238845825
1748715884.7529614,-5.422743675187994,-1.573960781097412
1748715884.7863705,-5.4085368399698135,-1.5731875896453857
1748715884.8199444,-5.397881830552131,-1.5726152658462524
1748715884.853343,-5.387583734896892,-1.5720605850219727
1748715884.8867507,-5.3797693532431765,-1.5717946290969849
1748715884.920148,-5.369469479187066,-1.571169376373291
1748715884.9535477,-5.359168120413585,-1.5713542699813843
1748715884.986928,-5.348511765811506,-1.5708975791931152
1748715885.0203345,-5.3375013458722025,-1.5703107118606567
1748715885.0537658,-5.326489478304812,-1.5700870752334595
1748715885.0871542,-5.316187636950637,-1.5700256824493408
1748715885.1205654,-5.3051764671534265,-1.569667100906372
1748715885.1539767,-5.295231015725289,-1.5694166421890259
1748715885.1873739,-5.284575990451711,-1.569135308265686
1748715885.2208295,-5.273565370763046,-1.5693610906600952
1748715885.2542481,-5.262553973748787,-1.5692051649093628
1748715885.287657,-5.252253477430182,-1.568875789642334
1748715885.3210564,-5.241597312104589,-1.5688329935073853
1748715885.3544986,-5.230231121024388,-1.5687013864517212
1748715885.387918,-5.220286389966997,-1.5686333179473877
1748715885.4216266,-5.206079698971596,-1.5685282945632935
1748715885.4550369,-5.19897642589696,-1.5683881044387817
1748715885.488482,-5.184769625002635,-1.5681447982788086
1748715885.5218778,-5.17411554936348,-1.5681816339492798
1748715885.5553503,-5.16346542308851,-1.5671741962432861
1748715885.5887694,-5.152809266456298,-1.567319393157959
1748715885.622358,-5.14215291856492,-1.5669888257980347
1748715885.6560342,-5.13149544580673,-1.5668435096740723
1748715885.689444,-5.124746293490554,-1.566373348236084
1748715885.722891,-5.113377957098908,-1.5664334297180176
1748715885.7563996,-5.0995209170724465,-1.5664329528808594
1748715885.789822,-5.092416158436851,-1.5657392740249634
1748715885.8232296,-5.081756425896048,-1.5650227069854736
1748715885.8566494,-5.071451871830031,-1.5646412372589111
1748715885.8900821,-5.060792244793061,-1.5639883279800415
1748715885.9234846,-5.049417859053328,-1.5623623132705688
1748715885.9571333,-5.039085498265329,-1.5624966621398926
1748715885.9906044,-5.028059638781497,-1.5607508420944214
1748715886.0240102,-5.014199619040096,-1.55923593044281
1748715886.0575023,-5.003516368535043,-1.5586192607879639
1748715886.090904,-4.993278784457495,-1.555129051208496
1748715886.1243105,-4.98066442572883,-1.551702618598938
1748715886.1578639,-4.97038060291507,-1.5501936674118042
1748715886.1912758,-4.9650783942273,-1.5483328104019165
1748715886.224684,-4.954102026350659,-1.5457290410995483
1748715886.2581704,-4.942811275741728,-1.5415184497833252
1748715886.2915723,-4.9324548080648585,-1.5403215885162354
1748715886.3249378,-4.922157516370268,-1.537056565284729
1748715886.3583734,-4.907659148132784,-1.5334540605545044
1748715886.3917415,-4.901302578022297,-1.529819369316101
1748715886.4252138,-4.890273158361782,-1.5276410579681396
1748715886.4586153,-4.879650651014197,-1.5232614278793335
1748715886.4921107,-4.86905769966698,-1.5192972421646118
1748715886.5254815,-4.858367788916516,-1.5168036222457886
1748715886.5588791,-4.847728931062053,-1.5134683847427368
1748715886.592301,-4.83713889978539,-1.5093916654586792
1748715886.6258826,-4.826508318700914,-1.5059343576431274
1748715886.6592867,-4.816245292148982,-1.5016720294952393
1748715886.6927083,-4.805386884878254,-1.498176097869873
1748715886.726145,-4.79833590001612,-1.4932258129119873
1748715886.7595448,-4.787708730042541,-1.489701509475708
1748715886.7929487,-4.777181806267842,-1.4841196537017822
1748715886.826438,-4.766627318169912,-1.4787360429763794
1748715886.859809,-4.755943324643279,-1.476735234260559
1748715886.8933187,-4.7457119422432825,-1.4714133739471436
1748715886.9267337,-4.735018924173994,-1.4669831991195679
1748715886.9613495,-4.724076338900614,-1.4606976509094238
1748715886.994751,-4.713461485902619,-1.4532341957092285
1748715887.028187,-4.7031687386986745,-1.4480189085006714
1748715887.0615854,-4.692355658414184,-1.4429610967636108
1748715887.094994,-4.680777424851374,-1.4342873096466064
1748715887.1283832,-4.669800548479613,-1.4290071725845337
1748715887.1617985,-4.661042938528787,-1.4219179153442383
1748715887.195199,-4.650085123267239,-1.4157661199569702
1748715887.228624,-4.639988782573924,-1.407776951789856
1748715887.2644374,-4.628745072511549,-1.4009041786193848
1748715887.2978582,-4.618436217776006,-1.3953795433044434
1748715887.331304,-4.607975257404524,-1.3876733779907227
1748715887.3647194,-4.597463616167135,-1.3799961805343628
1748715887.3981178,-4.587233420096555,-1.3735194206237793
1748715887.4316113,-4.576450479592963,-1.3648360967636108
1748715887.4651947,-4.565908046736994,-1.3578695058822632
1748715887.4986079,-4.554974707256364,-1.350722312927246
1748715887.5321586,-4.540964699648097,-1.3401525020599365
1748715887.5655653,-4.53076795007908,-1.332578182220459
1748715887.5990272,-4.519872252127966,-1.3245519399642944
1748715887.632512,-4.509625851150991,-1.3178948163986206
1748715887.6660757,-4.499120485323115,-1.3099011182785034
1748715887.6994753,-4.4886015623506665,-1.3022464513778687
1748715887.7331839,-4.476672463112607,-1.2955130338668823
1748715887.767379,-4.4675297087749675,-1.2887581586837769
1748715887.8007534,-4.460544357989499,-1.2805566787719727
1748715887.8343296,-4.450318210578569,-1.2731190919876099
1748715887.8677714,-4.439472753659015,-1.2645517587661743
1748715887.9011717,-4.425716720424194,-1.2577381134033203
1748715887.935209,-4.41526524638984,-1.248965859413147
1748715887.9689908,-4.404028392459568,-1.237679123878479
1748715888.0024447,-4.394241736693804,-1.2292215824127197
1748715888.0358732,-4.37984446667832,-1.220645546913147
1748715888.069458,-4.373174863646085,-1.2121106386184692
1748715888.1029124,-4.360912852016002,-1.203384280204773
1748715888.136369,-4.351781561768848,-1.1948988437652588
1748715888.1697907,-4.341239876982881,-1.1892834901809692
1748715888.2031515,-4.331034718733474,-1.1782476902008057
1748715888.236611,-4.32015430757703,-1.1725956201553345
1748715888.2700596,-4.309674899384741,-1.160521388053894
1748715888.3044693,-4.295647365502875,-1.1517912149429321
1748715888.3379335,-4.292126619876018,-1.146273136138916
1748715888.3716693,-4.281923822054793,-1.1379611492156982
1748715888.4050689,-4.270016076537787,-1.1289764642715454
1748715888.4385257,-4.260520292884976,-1.1206250190734863
1748715888.4719121,-4.250374798597057,-1.111881136894226
1748715888.5053399,-4.239580824049222,-1.1055405139923096
1748715888.5387046,-4.229053140160968,-1.096923589706421
1748715888.5721319,-4.2185510031111955,-1.088046908378601
1748715888.6055367,-4.211196080733249,-1.079081416130066
1748715888.638971,-4.201000496478586,-1.0705384016036987
1748715888.6723921,-4.190530601293165,-1.0608904361724854
1748715888.705803,-4.176834539596967,-1.0531476736068726
1748715888.739275,-4.169530075170338,-1.0436371564865112
1748715888.7726836,-4.1555736301762645,-1.0309597253799438
1748715888.806187,-4.1446539072916915,-1.0220887660980225
1748715888.8396423,-4.134564655809216,-1.012799859046936
1748715888.873191,-4.124043314673029,-1.0040369033813477
1748715888.9065948,-4.113559594287642,-0.9950714707374573
1748715888.94,-4.103366737324201,-0.9894995093345642
1748715888.9735265,-4.095695647270443,-0.9827560186386108
1748715889.0069454,-4.085591886631619,-0.9704809784889221
1748715889.0404077,-4.074763088198415,-0.9611814618110657
1748715889.0738652,-4.0646137029187495,-0.9520331621170044
1748715889.107275,-4.054456344736487,-0.942956268787384
1748715889.1406658,-4.043952680132716,-0.933851420879364
1748715889.1740785,-4.033184345849109,-0.9240478873252869
1748715889.2074792,-4.022993887323319,-0.9154228568077087
1748715889.240957,-4.00872949226458,-0.905466616153717
1748715889.2743917,-4.001345358996296,-0.8964053988456726
1748715889.3077896,-3.9911928263067002,-0.8874921202659607
1748715889.3412251,-3.980702098157944,-0.8773199319839478
1748715889.3746555,-3.97021977488858,-0.8689067959785461
1748715889.4080184,-3.958339549080761,-0.8595334887504578
1748715889.4414175,-3.948910171274876,-0.8499157428741455
1748715889.474886,-3.9390898874021762,-0.8405951857566833
1748715889.5083165,-3.928318401867221,-0.831061601638794
1748715889.541772,-3.917802614256978,-0.8227180242538452
1748715889.5753183,-3.9073086909873975,-0.8133701682090759
1748715889.6088052,-3.8968205911948277,-0.8040090799331665
1748715889.6423557,-3.8863309250568996,-0.79750657081604
1748715889.675768,-3.8793696951629535,-0.7877447605133057
1748715889.7093408,-3.868834223443949,-0.7793842554092407
1748715889.7427497,-3.8618543204139595,-0.7721408605575562
1748715889.7764018,-3.85135402900527,-0.7636549472808838
1748715889.809816,-3.844708623992908,-0.7574632167816162
1748715889.843234,-3.8342299092363077,-0.7482044696807861
1748715889.8766437,-3.8234847323382946,-0.7377771735191345
1748715889.910104,-3.8093899022537983,-0.7258307933807373
1748715889.943545,-3.7990301732943745,-0.7188801765441895
1748715889.9769685,-3.7885823087920025,-0.7092927098274231
1748715890.0103536,-3.777732778895418,-0.6970610022544861
1748715890.0437953,-3.771435819171234,-0.6912906765937805
1748715890.0772038,-3.7571606344286135,-0.678026020526886
1748715890.110614,-3.7459944750557854,-0.668599545955658
1748715890.1442387,-3.735879490193454,-0.6592538952827454
1748715890.1776476,-3.7257598243832595,-0.6500552892684937
1748715890.2110558,-3.715318462483926,-0.6407650709152222
1748715890.2445416,-3.7045632826643815,-0.630250096321106
1748715890.27795,-3.6943216857448307,-0.6222195029258728
1748715890.3113227,-3.6807540482904995,-0.612524151802063
1748715890.344739,-3.6702587602024637,-0.6000111699104309
1748715890.3782887,-3.6563141536365684,-0.5860875844955444
1748715890.411686,-3.645396010256839,-0.5767390727996826
1748715890.4450831,-3.630754348815536,-0.5677131414413452
1748715890.47853,-3.620649176218305,-0.5581052303314209
1748715890.5119321,-3.6104524341680526,-0.5462962985038757
1748715890.545668,-3.603517680286339,-0.5396901369094849
1748715890.5791333,-3.593038369467512,-0.529956579208374
1748715890.6125803,-3.5790629994615197,-0.5173226594924927
1748715890.6460683,-3.568597262599259,-0.507193386554718
1748715890.6794653,-3.558125063382356,-0.4974851906299591
1748715890.7129552,-3.547266414609896,-0.4882259666919708
1748715890.7463381,-3.5367903701883256,-0.478117972612381
1748715890.7797327,-3.526636865849577,-0.46890830993652344
1748715890.8131433,-3.5162156951421264,-0.45954665541648865
1748715890.8465667,-3.5057389256215012,-0.4502560794353485
1748715890.8807445,-3.4917840169197953,-0.44088301062583923
1748715890.9141552,-3.4848331135054527,-0.43145737051963806
1748715890.9475698,-3.4743605336902026,-0.42165225744247437
1748715890.9809813,-3.4642270176113446,-0.4128459095954895
1748715891.0143516,-3.449934436328986,-0.4036237299442291
1748715891.0477726,-3.442946826454078,-0.39468440413475037
1748715891.0812206,-3.4289936452076826,-0.3822064995765686
1748715891.1146278,-3.4150838374375416,-0.37306857109069824
1748715891.1486118,-3.4081328630544028,-0.36365896463394165
1748715891.1829543,-3.397561938024375,-0.3557972311973572
1748715891.216597,-3.3871223762633944,-0.34617096185684204
1748715891.250005,-3.3731497782810105,-0.3367365300655365
1748715891.2834284,-3.3626458972491102,-0.32518401741981506
1748715891.3168495,-3.3522065770437743,-0.315344899892807
1748715891.3502529,-3.3417005441617578,-0.3095361590385437
1748715891.3836596,-3.3312173343479667,-0.30038702487945557
1748715891.4170387,-3.319286768115781,-0.29070138931274414
1748715891.4504714,-3.313347655686637,-0.2829253077507019
1748715891.4838805,-3.30321409917373,-0.27409395575523376
1748715891.5173898,-3.2895428573315586,-0.26319584250450134
1748715891.5508752,-3.2786979030259458,-0.25714200735092163
1748715891.5843236,-3.268200420134495,-0.24849432706832886
1748715891.6177592,-3.2615186704626757,-0.24086007475852966
1748715891.6511652,-3.2510003947126953,-0.23217016458511353
1748715891.6846387,-3.2401542888594106,-0.22380474209785461
1748715891.7180433,-3.2299588686738163,-0.21613489091396332
1748715891.7514627,-3.2190324953701825,-0.20808762311935425
1748715891.7848716,-3.2042350802702395,-0.20102530717849731
1748715891.8185172,-3.194362273269064,-0.19448921084403992
1748715891.8519268,-3.1873077634566007,-0.1876358985900879
1748715891.8854282,-3.1771110570407455,-0.18077871203422546
1748715891.9188664,-3.162611711396257,-0.17455975711345673
1748715891.952987,-3.152080024823975,-0.16728000342845917
1748715891.9864504,-3.141845162866575,-0.16093352437019348
1748715892.0230763,-3.1308456086655876,-0.15546809136867523
1748715892.0564783,-3.120285266182282,-0.1468697339296341
1748715892.0901554,-3.1096857500995876,-0.142888605594635
1748715892.123562,-3.1025846098723253,-0.13794685900211334
1748715892.1569743,-3.0912705325341117,-0.13214538991451263
1748715892.1904454,-3.0777802993520225,-0.1273358315229416
1748715892.2238133,-3.0707317681012265,-0.12101423740386963
1748715892.2575233,-3.0601012980103643,-0.11656495183706284
1748715892.2910058,-3.049465200905438,-0.11331626027822495
1748715892.3244083,-3.038838999400951,-0.10709517449140549
1748715892.357841,-3.0285627721250497,-0.10393062978982925
1748715892.391235,-3.0168481955714626,-0.09950286895036697
1748715892.4246387,-3.010465705355733,-0.09701216965913773
1748715892.4580767,-3.000140848008863,-0.09403663873672485
1748715892.4914746,-2.989155791771859,-0.08978080004453659
1748715892.5249305,-2.9785081452093256,-0.08610619604587555
1748715892.5583334,-2.9717668238778834,-0.08248235285282135
1748715892.5917332,-2.9610867753857217,-0.08112180233001709
1748715892.6254528,-2.9504269476143605,-0.07699877768754959
1748715892.6588116,-2.9390681806870504,-0.0736609697341919
1748715892.6922457,-2.928782192216806,-0.07033450156450272
1748715892.7256362,-2.9219003017354326,-0.06902161240577698
1748715892.759044,-2.9142456612854746,-0.0671803429722786
1748715892.792488,-2.908492102681194,-0.06653115153312683
1748715892.8258939,-2.903420186044711,-0.06516474485397339
1748715892.8592956,-2.8999729364801023,-0.06425540149211884
1748715892.8927433,-2.8965507904522525,-0.06313420087099075
1748715892.926371,-2.8930562721450004,-0.06263364106416702
1748715892.9598224,-2.890850660546519,-0.06245499104261398
1748715892.993363,-2.887686109394202,-0.06162523105740547
1748715893.0267668,-2.884346048274546,-0.06049080193042755
1748715893.060174,-2.8811046975987877,-0.06056578457355499
1748715893.093652,-2.8790642686212222,-0.05975498631596565
1748715893.127317,-2.8758540787006694,-0.059056930243968964
1748715893.1607254,-2.8722128794025874,-0.058469366282224655
1748715893.194138,-2.86932494108777,-0.058121733367443085
1748715893.2275333,-2.8661156404236916,-0.05711299926042557
1748715893.2609441,-2.862900902244366,-0.0564085990190506
1748715893.2943337,-2.859669219949272,-0.05689161643385887
1748715893.327767,-2.8564275874872616,-0.0561969093978405
1748715893.3615701,-2.8543698216526767,-0.056004513055086136
1748715893.394969,-2.851003800380888,-0.05567895993590355
1748715893.4283767,-2.847266700137601,-0.05456378683447838
1748715893.461787,-2.843843045407959,-0.054985105991363525
1748715893.4951906,-2.8406485598656244,-0.05414320528507233
1748715893.5286164,-2.837131280110414,-0.05477466061711311
1748715893.5620406,-2.832355601449703,-0.053205832839012146
1748715893.5954707,-2.829041220334092,-0.053386058658361435
1748715893.6304798,-2.8256759655698356,-0.05284694954752922
1748715893.6638827,-2.823247491073104,-0.05244177579879761
1748715893.6973002,-2.8202066744777072,-0.05172060430049896
1748715893.7307022,-2.817088387102169,-0.05139479413628578
1748715893.76411,-2.8138114944350683,-0.05094688758254051
1748715893.7976708,-2.81067594377534,-0.05116857588291168
1748715893.8314474,-2.807501431382333,-0.051179345697164536
1748715893.8648455,-2.804580644201178,-0.05045950785279274
1748715893.8982515,-2.8025653814198086,-0.05097081884741783
1748715893.9316578,-2.7995682312822545,-0.0502324253320694
1748715893.9650724,-2.7966731681155292,-0.04991649463772774
1748715893.998471,-2.7938350128965816,-0.04991675913333893
1748715894.0318797,-2.7909463204602125,-0.04947761446237564
1748715894.0652971,-2.7891990790215777,-0.049258824437856674
1748715894.0987816,-2.7864289311275217,-0.049696680158376694
1748715894.1321485,-2.7837032458366475,-0.049304671585559845
1748715894.1655722,-2.780079998319947,-0.049154479056596756
1748715894.1990507,-2.7776556482720927,-0.048652198165655136
1748715894.2324674,-2.7750821842163202,-0.04910124093294144
1748715894.2658918,-2.772467955034559,-0.04826604574918747
1748715894.2992988,-2.7692249784026775,-0.04774211719632149
1748715894.3327584,-2.766669618102894,-0.04741237312555313
1748715894.366248,-2.76417618664014,-0.047899678349494934
1748715894.3996575,-2.7618291034792644,-0.04711572825908661
1748715894.433124,-2.759397568548043,-0.046608876436948776
1748715894.466539,-2.757161004902397,-0.04614480584859848
1748715894.4999564,-2.7547709249662566,-0.04675448313355446
1748715894.5333803,-2.7525037442665288,-0.04589277505874634
1748715894.5667794,-2.7503393055972767,-0.04630493000149727
1748715894.6002471,-2.7480989500047284,-0.0459120012819767
1748715894.633629,-2.7460467696635384,-0.045951731503009796
1748715894.6670356,-2.7439658772336792,-0.045811913907527924
1748715894.7004688,-2.7425225472251835,-0.04528979957103729
1748715894.7338908,-2.7404736989708436,-0.04546867311000824
1748715894.7694683,-2.7391273945746297,-0.04539330676198006
1748715894.8030617,-2.7365109541750994,-0.04494123533368111
1748715894.8366382,-2.7345755688581894,-0.04520147293806076
1748715894.8701625,-2.7326182760257907,-0.044779226183891296
1748715894.9036946,-2.7308193094208844,-0.04427460953593254
1748715894.93734,-2.7289044856381524,-0.04468974843621254
1748715894.9707475,-2.727004242512532,-0.044666603207588196
1748715895.004272,-2.7252577018759845,-0.043976105749607086
1748715895.0377748,-2.723455326015883,-0.0438997782766819
1748715895.0713909,-2.721421496677622,-0.042954400181770325
1748715895.1054468,-2.7198524431292013,-0.042835917323827744
1748715895.1388476,-2.7184255682719254,-0.042885132133960724
1748715895.1722527,-2.716858325170169,-0.04281388595700264
1748715895.2056515,-2.7151940288939356,-0.0430932380259037
1748715895.2391212,-2.713623511711821,-0.042695581912994385
1748715895.2725284,-2.7125893520468543,-0.042131248861551285
1748715895.305991,-2.7110844282873683,-0.042759936302900314
1748715895.3393793,-2.7095018347439637,-0.04277452826499939
1748715895.3731039,-2.7080470222333397,-0.04190204665064812
1748715895.4065046,-2.7065414662421596,-0.042504239827394485
1748715895.439944,-2.7046823119614114,-0.04248574748635292
1748715895.47337,-2.7037512281951965,-0.041774932295084
1748715895.5068111,-2.702363969042402,-0.04180547222495079
1748715895.5402157,-2.7008602353918536,-0.04137652367353439
1748715895.5736578,-2.6996451575216236,-0.0413317009806633
1748715895.6071072,-2.6983176572926686,-0.04108881205320358
1748715895.640592,-2.6970063820739543,-0.041225865483284
1748715895.6740656,-2.695711250979693,-0.04119405150413513
1748715895.7074618,-2.6944851417799027,-0.04103821516036987
1748715895.7408621,-2.693237216514621,-0.04063822329044342
1748715895.7742636,-2.691963789725067,-0.04056600481271744
1748715895.8076637,-2.6907550417247017,-0.040334105491638184
1748715895.8410635,-2.6896067518073403,-0.04024992883205414
1748715895.8744938,-2.688398933645932,-0.04010504484176636
1748715895.9079077,-2.687630693618235,-0.040014930069446564
1748715895.9413104,-2.6865301674585917,-0.039917200803756714
1748715895.9751396,-2.6849966455783734,-0.0399441160261631
1748715896.0085828,-2.684223159002013,-0.03945508226752281
1748715896.0419796,-2.683164406001211,-0.03970661386847496
1748715896.0754027,-2.6820446280711123,-0.03949832543730736
1748715896.1088421,-2.6810171029058543,-0.03942512720823288
1748715896.1422396,-2.6799743320279936,-0.03924740478396416
1748715896.1756203,-2.678920336697449,-0.039067547768354416
1748715896.209027,-2.6782823279113113,-0.03903527185320854
1748715896.2426078,-2.6773211296375807,-0.038848038762807846
1748715896.2760272,-2.6763413196376398,-0.03875278681516647
1748715896.3094308,-2.6753444873726178,-0.03864813596010208
1748715896.3428485,-2.67405329263288,-0.03850916773080826
1748715896.3762562,-2.6731875526392535,-0.03837165981531143
1748715896.4096594,-2.672546541680756,-0.0382206030189991
1748715896.4430637,-2.6716415649886778,-0.03816413879394531
1748715896.4765258,-2.6707509658182342,-0.0380353182554245
1748715896.5099256,-2.6698742913004727,-0.03794195502996445
1748715896.5434122,-2.6690127706990583,-0.03784479200839996
1748715896.5768166,-2.6684179396999133,-0.03773924335837364
1748715896.6103704,-2.667632549925317,-0.037721529603004456
1748715896.6437674,-2.6668005919025903,-0.037376150488853455
1748715896.6771798,-2.6659452549438103,-0.037335582077503204
1748715896.7105815,-2.6651462721604195,-0.03711874037981033
1748715896.7440321,-2.6643185983018864,-0.036805592477321625
1748715896.7774305,-2.663552643708082,-0.03670531138777733
1748715896.8108597,-2.6626570874444333,-0.036627814173698425
1748715896.844269,-2.662299420329413,-0.036585237830877304
1748715896.8776693,-2.662114867176749,-0.03659026697278023
1748715896.911103,-2.6620018986430716,-0.036566365510225296
1748715896.9447663,-2.6619320041044134,-0.036580830812454224
1748715896.9781404,-2.6618939082651143,-0.03656370937824249
1748715897.0115554,-2.6618722072544454,-0.03655588999390602
1748715897.0450149,-2.661858125085007,-0.03655879944562912
1748715897.0784438,-2.66184877453015,-0.036548420786857605
1748715897.1118848,-2.6618394363534508,-0.03656294196844101
1748715897.145322,-2.661834026711836,-0.036565061658620834
1748715897.178733,-2.6618314839165205,-0.03657090663909912
1748715897.2122824,-2.6618225376810556,-0.03658958151936531
1748715897.246034,-2.661824306504334,-0.03659294918179512
1748715897.2798886,-2.661818633776131,-0.036590661853551865
1748715897.313347,-2.6618138211899995,-0.036601725965738297
1748715897.346942,-2.661815456048066,-0.03658706322312355
1748715897.3803468,-2.661802992942524,-0.03659724444150925
1748715897.4137523,-2.661809620004774,-0.03658723831176758
1748715897.4471917,-2.66180070913328,-0.03659926354885101
1748715897.4808896,-2.6618042691956525,-0.03658889979124069
1748715897.5143006,-2.6618008075832833,-0.03659491613507271
1748715897.548289,-2.661798559632058,-0.036593712866306305
1748715897.581853,-2.6617931508715897,-0.03661563992500305
1748715897.6152647,-2.661790744390634,-0.036608174443244934
1748715897.6496415,-2.6617865813820054,-0.036601338535547256
1748715897.6830904,-2.661787464245068,-0.03661104291677475
1748715897.7165017,-2.661780617837346,-0.03661656752228737
1748715897.749922,-2.661782639021631,-0.03661482036113739
1748715897.7833402,-2.661775211289556,-0.03662639856338501
1748715897.8169866,-2.66177742353825,-0.036617886275053024
1748715897.850469,-2.6617747800153495,-0.0366237573325634
1748715897.8839142,-2.661772043319151,-0.03662986680865288
1748715897.9172745,-2.66177226964357,-0.036625370383262634
1748715897.9506748,-2.661769748608688,-0.036627985537052155
1748715897.984909,-2.6617686330223984,-0.036627259105443954
1748715898.0185475,-2.6617612332366307,-0.03664853796362877
1748715898.0523198,-2.6617625376125353,-0.03664097189903259
1748715898.0857394,-2.6617551453998147,-0.03665769472718239
1748715898.119143,-2.6617532610404178,-0.03665032237768173
1748715898.1525803,-2.661756854385067,-0.03662194684147835
1748715898.1859918,-2.6617518559884212,-0.03661122918128967
1748715898.2193956,-2.6617527683571707,-0.03661143779754639
1748715898.252804,-2.6617470169876873,-0.03662540763616562
1748715898.2862017,-2.6617465367509383,-0.036626216024160385
1748715898.3214731,-2.661742251446047,-0.03663106635212898
1748715898.3549242,-2.661741631641405,-0.03663317486643791
1748715898.3885562,-2.661737392731804,-0.03664122894406319
1748715898.4219825,-2.6617353531221393,-0.03663470223546028
1748715898.4553893,-2.6617335784680503,-0.036637306213378906
1748715898.488791,-2.661732196705998,-0.03663676604628563
1748715898.522269,-2.6617312205590253,-0.03664024546742439
1748715898.5556674,-2.661729256428588,-0.03663729503750801
1748715898.5891461,-2.6617275177031394,-0.03664076328277588
1748715898.6225889,-2.6617255891624305,-0.03663771227002144
1748715898.6567955,-2.6617190788605436,-0.03665608912706375
1748715898.6901996,-2.6617218786631014,-0.03664190322160721
1748715898.7236066,-2.661716520605821,-0.03665044158697128
1748715898.7570093,-2.6617136163576745,-0.036658622324466705
1748715898.7903838,-2.661709776619663,-0.03666384145617485
1748715898.8237617,-2.6617067465024378,-0.036671873182058334
1748715898.8571243,-2.6617051278431956,-0.036671724170446396
1748715898.8905268,-2.6617005463444197,-0.036687735468149185
1748715898.923927,-2.66169684334743,-0.0366908423602581
1748715898.957368,-2.6616975756674828,-0.0366862416267395
1748715898.99081,-2.6616952027512006,-0.03668491542339325
1748715899.02448,-2.6616927681325215,-0.03668702766299248
1748715899.0580077,-2.6616913019683497,-0.036688998341560364
1748715899.091416,-2.66168986326312,-0.0366896390914917
1748715899.1248522,-2.661680542971902,-0.03671909123659134
1748715899.1583269,-2.6616852108452473,-0.03670167177915573
1748715899.1917868,-2.661678738303172,-0.03673034906387329
1748715899.2251918,-2.661677493401356,-0.03671889007091522
1748715899.258598,-2.6616762789796713,-0.03672824800014496
1748715899.2920196,-2.661669252729803,-0.03674602136015892
1748715899.3254292,-2.661668857906685,-0.036747463047504425
1748715899.358845,-2.661668295690461,-0.036735374480485916
1748715899.3926618,-2.6616634635529457,-0.03675457835197449
1748715899.4261677,-2.6616635469088843,-0.0367552675306797
1748715899.4595735,-2.661658098310125,-0.0367494598031044
1748715899.4929905,-2.6616575538098606,-0.03674598038196564
1748715899.5263896,-2.6616494130586674,-0.03675922378897667
1748715899.5598333,-2.6616528952383525,-0.03674818202853203
1748715899.5932398,-2.661649458502937,-0.03675372898578644
1748715899.6266458,-2.661648242924488,-0.03675253316760063
1748715899.6600716,-2.6616467984255316,-0.03675259277224541
1748715899.6935093,-2.6616417660100544,-0.03676743432879448
1748715899.7270298,-2.6616422368132007,-0.036761023104190826
1748715899.7604105,-2.6616311539783726,-0.03678523004055023
1748715899.7938979,-2.6616349343792542,-0.03676910325884819
1748715899.877415,-2.6616262935638617,-0.0369800366461277
1748715899.9108198,-2.66034560324393,-0.0363217294216156
1748715899.9442415,-2.6558090465543756,-0.03406069055199623
1748715899.9776976,-2.651304731226664,-0.03229164704680443
1748715900.0111146,-2.643661144982793,-0.028667083010077477
1748715900.0512755,-2.6316113694820027,-0.024982227012515068
1748715900.0861287,-2.621194283008634,-0.021600529551506042
1748715900.1199715,-2.609919378519243,-0.017908621579408646
1748715900.1609926,-2.594464616260636,-0.01527850516140461
1748715900.1960948,-2.585007137922004,-0.012050958350300789
1748715900.232908,-2.572961760590496,-0.0098787322640419
1748715900.2666988,-2.5632500270192184,-0.007440091110765934
1748715900.3002763,-2.5540945398991983,-0.0047977883368730545
1748715900.333709,-2.5442960931277003,-0.001995817059651017
1748715900.367438,-2.5344631788533905,0.0008568403427489102
1748715900.4225633,-2.515615388115827,0.004194220528006554
1748715900.4626036,-2.5034035708499913,0.007678459398448467
1748715900.4960184,-2.4933966166476704,0.009898371994495392
1748715900.5310483,-2.4800912057765223,0.012052035890519619
1748715900.5685282,-2.4738797027912005,0.01512438990175724
1748715900.6019769,-2.4604272036435515,0.016911925747990608
1748715900.6353858,-2.446239254417839,0.018662534654140472
1748715900.668833,-2.436639673125436,0.020810719579458237
1748715900.7022443,-2.4243055264198055,0.02173701487481594
1748715900.735648,-2.4139320966921423,0.023931724950671196
1748715900.7696261,-2.4038531646637704,0.02533402107656002
1748715900.8037968,-2.394061439530386,0.026633240282535553
1748715900.8372874,-2.3805130321519155,0.027690723538398743
1748715900.8754385,-2.3703429526414936,0.03083246946334839
1748715900.9088638,-2.36014889503371,0.031745266169309616
1748715900.9422784,-2.3465249919083724,0.03388136997818947
1748715900.975682,-2.336375763657352,0.035259049385786057
1748715901.0425153,-2.3220261027943514,0.03214360401034355
1748715901.0759335,-2.3172906749165874,0.03149833902716637
1748715901.1093636,-2.314629269552569,0.0311200600117445
1748715901.1428335,-2.312662099792075,0.030529305338859558
1748715901.1762383,-2.3114881748730776,0.030310148373246193
1748715901.209647,-2.3065182232228647,0.030220473185181618
1748715901.2430496,-2.298829536305055,0.028656484559178352
1748715901.2764661,-2.2896937551473595,0.026982221752405167
1748715901.309878,-2.27978288987673,0.02665332891047001
1748715901.3433962,-2.2733202565635073,0.024645017459988594
1748715901.376815,-2.2664173360776787,0.023373326286673546
1748715901.410257,-2.2555716996108495,0.022291075438261032
1748715901.4436767,-2.24181448497199,0.020098721608519554
1748715901.477086,-2.230804172039618,0.0193474218249321
1748715901.5104878,-2.2237008114360584,0.01809700019657612
1748715901.5438993,-2.212689985487445,0.015785882249474525
1748715901.5772982,-2.2023448694593024,0.014696436002850533
1748715901.6106598,-2.188106120653953,0.012728927657008171
1748715901.644059,-2.1774298020480902,0.01237158291041851
1748715901.6775637,-2.1699665112973174,0.010781311430037022
1748715901.7111478,-2.156096010972169,0.010022873990237713
1748715901.7445548,-2.1489997556583726,0.007544815540313721
1748715901.7779713,-2.1386793275699714,0.006099460180848837
1748715901.8113804,-2.1276582953085876,0.0053987097926437855
1748715901.8448281,-2.116286124404084,0.004609697498381138
1748715901.8782587,-2.1027948282682187,0.0024994744453579187
1748715901.9116337,-2.0921212335972648,0.0016930373385548592
1748715901.945033,-2.0810978863900265,0.0009595343144610524
1748715901.9784837,-2.0707942322937853,-6.48725253995508e-05
1748715902.0118911,-2.060137570256744,-0.0012472657253965735
1748715902.0453312,-2.049126382891593,-0.0023880782537162304
1748715902.0787833,-2.039176442317234,-0.0031981971114873886
1748715902.1122406,-2.0320663971545443,-0.004255557898432016
1748715902.145647,-2.020672095784318,-0.004023937042802572
1748715902.1792586,-2.010348447445182,-0.0053604221902787685
1748715902.2127178,-2.0000045451478377,-0.0054361107759177685
1748715902.2461278,-1.9889403010492417,-0.0070748296566307545
1748715902.2800467,-1.9782324126301223,-0.007305960636585951
1748715902.3134494,-1.967539810999542,-0.00847365241497755
1748715902.3468554,-1.9571886272509555,-0.007654659450054169
1748715902.3805141,-1.9461246817743374,-0.007208450231701136
1748715902.4139528,-1.935452943349458,-0.008195365779101849
1748715902.447962,-1.9279694471057562,-0.009005378000438213
1748715902.4813616,-1.9179555400093757,-0.00859891064465046
1748715902.5147688,-1.9057640329877819,-0.009612951427698135
1748715902.5482485,-1.8957627872761658,-0.009125237353146076
1748715902.5816724,-1.8858078154859013,-0.01039546076208353
1748715902.6150548,-1.8786933247537643,-0.011228496208786964
1748715902.6490688,-1.867705180898724,-0.011091530323028564
1748715902.6824782,-1.857090105865251,-0.012495921924710274
1748715902.7158937,-1.8464361310829354,-0.012537989765405655
1748715902.749391,-1.832622111822192,-0.011628949083387852
1748715902.7828968,-1.8255429874149312,-0.012400439009070396
1748715902.816313,-1.8145482910062147,-0.012521393597126007
1748715902.8503544,-1.8038945262465538,-0.012670318596065044
1748715902.8837438,-1.7932349276770427,-0.013210220262408257
1748715902.917159,-1.7790112888474034,-0.013375612907111645
1748715902.9506133,-1.7683390973473627,-0.013948015868663788
1748715902.9840267,-1.7580082552342757,-0.013235967606306076
1748715903.0174518,-1.7469490969976607,-0.014166620559990406
1748715903.0508525,-1.736241730511289,-0.013792870566248894
1748715903.0842566,-1.72590503694341,-0.014059413224458694
1748715903.1177208,-1.71486678546591,-0.013901184312999249
1748715903.1511207,-1.7041963156062383,-0.014340945519506931
1748715903.1845343,-1.6899505366178262,-0.013873228803277016
1748715903.2179546,-1.679617242208388,-0.014533641748130322
1748715903.251329,-1.6686131813564338,-0.013803528621792793
1748715903.2847164,-1.6580195766025156,-0.015660611912608147
1748715903.318151,-1.6473879824046904,-0.015614557079970837
1748715903.3521726,-1.6370924528920083,-0.016020916402339935
1748715903.3855767,-1.6264332974861833,-0.015791699290275574
1748715903.4195082,-1.6154173493253445,-0.015900570899248123
1748715903.4529266,-1.604756601389422,-0.015970921143889427
1748715903.4863455,-1.594089400175356,-0.01588026061654091
1748715903.5197659,-1.5837685928308778,-0.01653733104467392
1748715903.5532367,-1.5727398658623755,-0.016383368521928787
1748715903.5866473,-1.5617081517372302,-0.015972601249814034
1748715903.6200545,-1.5517414985222702,-0.01653194986283779
1748715903.653453,-1.5406829259340975,-0.016063155606389046
1748715903.6868703,-1.5299733110065112,-0.016823140904307365
1748715903.720362,-1.522837734704874,-0.016378644853830338
1748715903.753771,-1.5117766065535845,-0.01671602390706539
1748715903.7883914,-1.4978369225681816,-0.015565050765872002
1748715903.8218777,-1.4907006400263514,-0.01568596623837948
1748715903.8553596,-1.476456522871133,-0.015122399665415287
1748715903.8888912,-1.4650736052108615,-0.014899670146405697
1748715903.9223552,-1.4551071918130545,-0.01453231368213892
1748715903.9557228,-1.4444380386944322,-0.01356140710413456
1748715903.989128,-1.4341265487508634,-0.012618531472980976
1748715904.0225348,-1.4234402469836358,-0.012470989488065243
1748715904.0560517,-1.4124113768966902,-0.010095987468957901
1748715904.08946,-1.4017258677729363,-0.009770836681127548
1748715904.1228576,-1.3910431522128919,-0.009391344152390957
1748715904.1563363,-1.3803980261241688,-0.008208266459405422
1748715904.1897347,-1.3733276951755076,-0.0054107364267110825
1748715904.223193,-1.3626662130389795,-0.004328578244894743
1748715904.256592,-1.35200665704848,-0.0033519442658871412
1748715904.2900074,-1.3417129022908756,-0.0013551990268751979
1748715904.3234105,-1.3335710261120473,0.0018241839716210961
1748715904.3568118,-1.3236156207331236,0.0033637690357863903
1748715904.3903613,-1.3133042389973462,0.00548950582742691
1748715904.4237773,-1.302296634917442,0.007487448863685131
1748715904.4571912,-1.291641977438164,0.009554620832204819
1748715904.490629,-1.2809874687119196,0.011392133310437202
1748715904.5240343,-1.269606794793753,0.012224732898175716
1748715904.557437,-1.2582364545198734,0.01346118375658989
1748715904.5908346,-1.2489972081829084,0.01416708342730999
1748715904.6246824,-1.238683977888072,0.013948136009275913
1748715904.6580858,-1.2276516466115792,0.014139554463326931
1748715904.6914997,-1.2169785681021925,0.015097414143383503
1748715904.7249131,-1.2063135704534782,0.015988029539585114
1748715904.7584746,-1.1956429497559118,0.016462668776512146
1748715904.7918904,-1.18497571042274,0.016937527805566788
1748715904.8254273,-1.1739439884818579,0.01780199445784092
1748715904.8588653,-1.1639758665210778,0.01794213056564331
1748715904.8924606,-1.1529451069365018,0.01890305057168007
1748715904.925863,-1.1458350595098359,0.01917765662074089
1748715904.9592397,-1.1312619115953875,0.018988685682415962
1748715904.9927742,-1.12450270889059,0.019864730536937714
1748715905.0261974,-1.1138314652381633,0.020037993788719177
1748715905.0596519,-1.1031651733425778,0.02036155015230179
1748715905.0930603,-1.0928573057710322,0.020743902772665024
1748715905.126474,-1.0814855370285246,0.02063312940299511
1748715905.1598916,-1.0711812990291643,0.02096669189631939
1748715905.193252,-1.0608759247883899,0.02131640538573265
1748715905.226655,-1.0498604992118348,0.021383464336395264
1748715905.2601228,-1.039200416780347,0.02125672437250614
1748715905.2935276,-1.027119740998147,0.021397562697529793
1748715905.327006,-1.0178817000502332,0.021317433565855026
1748715905.3606863,-1.00722331238013,0.021423010155558586
1748715905.3941092,-0.9969203609411108,0.021709533408284187
1748715905.4275658,-0.9855521619166777,0.021666258573532104
1748715905.4609199,-0.9748926756951072,0.021186040714383125
1748715905.4943302,-0.9649429778596976,0.021540546789765358
1748715905.5278456,-0.9574806085049815,0.021241385489702225
1748715905.561325,-0.9468187619696107,0.021696003153920174
1748715905.5947392,-0.9361590845774356,0.02160056307911873
1748715905.62814,-0.9255000144542482,0.02130773849785328
1748715905.66154,-0.9148418204261146,0.02147958055138588
1748715905.6949515,-0.9045396684624882,0.021466707810759544
1748715905.7287998,-0.8970797440387999,0.021243566647171974
1748715905.7622871,-0.8828709076812624,0.021142641082406044
1748715905.7958105,-0.8722149434498617,0.021082328632473946
1748715905.829227,-0.8612042239043736,0.020837074145674706
1748715905.8626292,-0.8512588929877846,0.020543338730931282
1748715905.89603,-0.8441548884207886,0.020542655140161514
1748715905.9294345,-0.8331441598625077,0.020302796736359596
1748715905.9639704,-0.8228443213590112,0.020089788362383842
1748715905.9974728,-0.811834412241398,0.01985492743551731
1748715906.0309238,-0.8015351819207293,0.019664399325847626
1748715906.0643947,-0.7908805718156368,0.019432416185736656
1748715906.097805,-0.7798711801887981,0.01913275569677353
1748715906.1312423,-0.7692167827743697,0.018826821818947792
1748715906.1647248,-0.7553654403708079,0.018680313602089882
1748715906.1984797,-0.7443552554903856,0.01842833124101162
1748715906.2356532,-0.7337001410671568,0.01800868846476078
1748715906.2690558,-0.723399275274471,0.017843907698988914
1748715906.3026884,-0.7123882534416507,0.017527438700199127
1748715906.3360868,-0.7056400471504841,0.017406342551112175
1748715906.3703504,-0.6932095558318734,0.017215143889188766
1748715906.4037933,-0.6839753759229663,0.01708925887942314
1748715906.4372244,-0.673319857099082,0.01674521528184414
1748715906.470745,-0.6626644606096392,0.016709240153431892
1748715906.5041435,-0.6520089752976818,0.016465943306684494
1748715906.5375316,-0.6413540134358602,0.0161286648362875
1748715906.571415,-0.6310538706792436,0.01596701890230179
1748715906.6049967,-0.6157818660578894,0.015768257901072502
1748715906.6384785,-0.6051268330673152,0.015467111021280289
1748715906.6719184,-0.5987335080592731,0.015492841601371765
1748715906.705338,-0.5877225619377642,0.015365603379905224
1748715906.7387366,-0.5774226350024562,0.01494145579636097
1748715906.772168,-0.5667672068697086,0.014690900221467018
1748715906.8056784,-0.5564661229121446,0.014574927277863026
1748715906.8391275,-0.5458116776337432,0.014259472489356995
1748715906.8725271,-0.5348023619066284,0.01396640669554472
1748715906.9060006,-0.5245024611131011,0.013591860421001911
1748715906.9394,-0.5138473602545691,0.013290688395500183
1748715906.9728017,-0.5028362490009572,0.013298898935317993
1748715907.0062008,-0.49075930021507597,0.013265464454889297
1748715907.0396087,-0.48187930442057886,0.01292209979146719
1748715907.0730743,-0.4714627874375491,0.012545897625386715
1748715907.1064868,-0.4644751137068566,0.012321196496486664
1748715907.1398916,-0.4592319782157118,0.01235264167189598
1748715907.1733577,-0.45509680955210435,0.011721968650817871
1748715907.2067554,-0.45153462337758005,0.011972201988101006
1748715907.2401786,-0.44808763661048967,0.011972656473517418
1748715907.273589,-0.4458628346082131,0.011667409911751747
1748715907.3069882,-0.4426944348402987,0.011579257436096668
1748715907.3403924,-0.4392411265331459,0.011413288302719593
1748715907.3737967,-0.4360244131759882,0.011336477473378181
1748715907.4072375,-0.43185487765281666,0.010920924134552479
1748715907.440805,-0.4298247129770441,0.011255953460931778
1748715907.4742126,-0.4264682374355688,0.01063357014209032
1748715907.5076208,-0.42321485148638205,0.01095752976834774
1748715907.5410237,-0.41985618141074743,0.010254083201289177
1748715907.5744987,-0.41679505283215024,0.010443250648677349
1748715907.6079066,-0.412319060070237,0.009424727410078049
1748715907.6412702,-0.4090507033691217,0.009613815695047379
1748715907.6747148,-0.4058155888277944,0.009180418215692043
1748715907.7081132,-0.4025892915073629,0.008719142526388168
1748715907.7415254,-0.4004410628162825,0.008198368363082409
1748715907.774931,-0.39709465784467907,0.008607001975178719
1748715907.808335,-0.3939465256115025,0.00739439157769084
1748715907.8417354,-0.38946465242304884,0.007305935490876436
1748715907.8751516,-0.38573404383466225,0.006523182149976492
1748715907.908676,-0.3831446814331675,0.005800720304250717
1748715907.9421232,-0.3793041757596486,0.005766792688518763
1748715907.9755387,-0.37518881706038354,0.005052455235272646
1748715908.0089428,-0.3712198408808882,0.003982189577072859
1748715908.0423481,-0.36727029005940676,0.004057143349200487
1748715908.075758,-0.36322861101715315,0.0021897731348872185
1748715908.1091678,-0.35934097577624174,0.0012900244910269976
1748715908.142824,-0.35563651405561697,0.0007394476560875773
1748715908.1762233,-0.3519024279828319,1.1177826308994554e-05
1748715908.2097573,-0.3483819036158738,-0.0005420536617748439
1748715908.2431655,-0.3458577344490323,-0.0005289669497869909
1748715908.2766325,-0.34230799613318114,-0.001982983434572816
1748715908.3100314,-0.3376667630584304,-0.0028060185723006725
1748715908.3434417,-0.33539798763687056,-0.0039923726581037045
1748715908.3769333,-0.3320399158558195,-0.00476198922842741
1748715908.4104335,-0.3288677515740478,-0.0050845094956457615
1748715908.4438136,-0.32558660768504566,-0.006930150091648102
1748715908.4772398,-0.32355961847746817,-0.0062710558995604515
1748715908.5106437,-0.3192779070962545,-0.007817994803190231
1748715908.5448456,-0.3181196675629933,-0.007800822611898184
1748715908.5784476,-0.3138951977122332,-0.00967539381235838
1748715908.6118622,-0.3110137497016336,-0.010372089222073555
1748715908.6452656,-0.3069797942099148,-0.01051283162087202
1748715908.6786983,-0.30404469530019756,-0.011239288374781609
1748715908.7121115,-0.301167995557094,-0.01197268906980753
1748715908.7455206,-0.2984419477671052,-0.012859603390097618
1748715908.778927,-0.2956685416167623,-0.013565468601882458
1748715908.8123353,-0.29283404708247945,-0.013427493162453175
1748715908.845743,-0.2901489722123484,-0.014899845235049725
1748715908.8791478,-0.2874419404086074,-0.01477842591702938
1748715908.9125292,-0.2848010309920235,-0.01577018015086651
1748715908.9459727,-0.28222083646236973,-0.016683006659150124
1748715908.979442,-0.27957484473719946,-0.016373036429286003
1748715909.012904,-0.27723588342699174,-0.0177454836666584
1748715909.0463917,-0.27552580201395166,-0.01736949384212494
1748715909.079819,-0.2722052737543136,-0.018512718379497528
1748715909.1132917,-0.26970387853555766,-0.01948699727654457
1748715909.1466653,-0.2673127404677868,-0.019017083570361137
1748715909.1800697,-0.2657062449824991,-0.019717862829566002
1748715909.2134764,-0.2635235115385553,-0.02022775076329708
1748715909.2468798,-0.2613086281143039,-0.021164976060390472
1748715909.280283,-0.25909337769454777,-0.020910825580358505
1748715909.3137019,-0.25692699225846055,-0.022169053554534912
1748715909.347153,-0.25484909700260705,-0.022416232153773308
1748715909.3805583,-0.2526842856195751,-0.023453347384929657
1748715909.4139729,-0.2505721660937772,-0.02325011044740677
1748715909.44738,-0.2484966161420843,-0.02399613708257675
1748715909.480803,-0.24646605312265277,-0.024579640477895737
1748715909.51421,-0.2444719341353527,-0.02489566057920456
1748715909.5476243,-0.2424155322339834,-0.024755189195275307
1748715909.5810347,-0.24071461665754132,-0.02584189549088478
1748715909.6144543,-0.23861041984916923,-0.02533341944217682
1748715909.6489015,-0.23687490967777622,-0.025527633726596832
1748715909.6823509,-0.23451709974581675,-0.025914408266544342
1748715909.7157652,-0.23267264943375474,-0.026624048128724098
1748715909.7491543,-0.23090452001351983,-0.02639780193567276
1748715909.782573,-0.2291790841203657,-0.026338836178183556
1748715909.8160095,-0.22748550426797043,-0.027086861431598663
1748715909.849419,-0.22575692314085813,-0.026624826714396477
1748715909.8828175,-0.22404147694104848,-0.027462173253297806
1748715909.9162426,-0.22235763372750111,-0.027303291484713554
1748715909.9496596,-0.22075330851394462,-0.027213895693421364
1748715909.9831154,-0.21921209060360597,-0.02810267172753811
1748715910.0165339,-0.21716555733050746,-0.027564948424696922
1748715910.049955,-0.21566728507910235,-0.027924776077270508
1748715910.083362,-0.21423676039254536,-0.028296763077378273
1748715910.1167905,-0.21277195233966997,-0.02820001356303692
1748715910.1502678,-0.21129008257669432,-0.02864699251949787
1748715910.1837323,-0.20987703533980887,-0.028804993256926537
1748715910.217217,-0.20894305974998542,-0.028377115726470947
1748715910.250692,-0.20759868878203838,-0.028871312737464905
1748715910.2841136,-0.20573641495354772,-0.0286090187728405
1748715910.3175197,-0.20427784136925467,-0.02885524183511734
1748715910.350934,-0.20310340851740244,-0.029043283313512802
1748715910.3844864,-0.20181516882195402,-0.028846463188529015
1748715910.4178958,-0.20057780392600735,-0.02888045273721218
1748715910.4513028,-0.19932590945472747,-0.028617052361369133
1748715910.4847183,-0.19800617555231168,-0.02926970273256302
1748715910.5187967,-0.19716923803811381,-0.029010914266109467
1748715910.552198,-0.19599655793661885,-0.02887069433927536
1748715910.5856066,-0.1947751406545446,-0.02909504435956478
1748715910.619005,-0.19362385339005567,-0.029084624722599983
1748715910.652423,-0.19248880318454833,-0.02914765477180481
1748715910.685804,-0.19141184466828465,-0.02921067550778389
1748715910.719279,-0.19027995883536716,-0.029292631894350052
1748715910.7526832,-0.18923835520233961,-0.029330208897590637
1748715910.7860868,-0.18814186159512272,-0.029369300231337547
1748715910.81949,-0.18744429796890472,-0.029409194365143776
1748715910.852898,-0.1863778506232097,-0.029475152492523193
1748715910.8863084,-0.18539680247912382,-0.02952393889427185
1748715910.9197595,-0.18439862881700703,-0.029565075412392616
1748715910.9532125,-0.18331830835184965,-0.02963261306285858
1748715910.9871693,-0.18209396603060277,-0.029669152572751045
1748715911.0205805,-0.18117552422073557,-0.029704177752137184
1748715911.054364,-0.18024071544987386,-0.029777588322758675
1748715911.0878086,-0.17931974411071228,-0.029839936643838882
1748715911.1212244,-0.17841756153374916,-0.029827674850821495
1748715911.154631,-0.1775175553380961,-0.029984990134835243
1748715911.1880426,-0.17663331403219856,-0.029668085277080536
1748715911.2215517,-0.1757431342699205,-0.030297856777906418
1748715911.2551296,-0.17477481242521983,-0.029919782653450966
1748715911.288557,-0.17386405834545313,-0.030273359268903732
1748715911.3219545,-0.1732683086091996,-0.030004696920514107
1748715911.3554294,-0.17237041237436523,-0.030566442757844925
1748715911.3888383,-0.17155470861082683,-0.030150985345244408
1748715911.4222395,-0.17073152875310096,-0.0304840300232172
1748715911.455681,-0.16991405565920484,-0.03034552000463009
1748715911.4890878,-0.1692154069949937,-0.030487023293972015
1748715911.5224946,-0.16876401444979153,-0.030458146706223488
1748715911.5558946,-0.16861413101645015,-0.030481338500976562
1748715911.5893173,-0.16853396445167562,-0.030482657253742218
1748715911.6227221,-0.16849626802444803,-0.03048744983971119
1748715911.6561275,-0.16847765195326533,-0.0304880328476429
1748715911.6895256,-0.16846810860896416,-0.030487917363643646
1748715911.7230754,-0.16846381099016716,-0.03048863634467125
1748715911.7566192,-0.16846094474316597,-0.030488330870866776
1748715911.7900496,-0.16846047059671437,-0.030489370226860046
1748715911.8242214,-0.1684599053895963,-0.030490737408399582
1748715911.8576467,-0.16845990507117586,-0.03049149177968502
1748715911.8910525,-0.16845997066312093,-0.030492261052131653
1748715911.9245386,-0.16846045501238718,-0.03049098514020443
1748715911.957948,-0.16846054799620672,-0.030492128804326057
1748715911.9913485,-0.16846061046932503,-0.030491875484585762
1748715912.0247464,-0.1684605587201258,-0.030492814257740974
1748715912.0581536,-0.16846103865973822,-0.03049328550696373
1748715912.0915856,-0.16846099832529612,-0.030494440346956253
1748715912.1252377,-0.16846106405056865,-0.030494343489408493
1748715912.1587858,-0.16846108148492717,-0.03049449436366558
1748715912.1926923,-0.16846155521696898,-0.030494449660182
1748715912.2261653,-0.16846155594340054,-0.030494555830955505
1748715912.2595725,-0.16846156272342877,-0.030494576320052147
1748715912.2929833,-0.1684615690191694,-0.030494635924696922
1748715912.3264592,-0.16846166317688935,-0.030494440346956253
1748715912.3598258,-0.1684615625276134,-0.030495183542370796
1748715912.3932502,-0.1684611552603943,-0.030495213344693184
1748715912.4267416,-0.16846187515149008,-0.0304951723664999
1748715912.460313,-0.16846202530098706,-0.030495868995785713
1748715912.4937093,-0.16846201368284786,-0.03049577958881855
1748715912.527113,-0.168462054796874,-0.03049655444920063
1748715912.5607347,-0.16846181438009106,-0.030496006831526756
1748715912.5941455,-0.16846205254924157,-0.0304962620139122
1748715912.6275594,-0.1684621592365281,-0.030496452003717422
1748715912.6609528,-0.16846262768038148,-0.03049713373184204
1748715912.6943567,-0.16846274201071432,-0.03049708716571331
1748715912.7277684,-0.16846271532328075,-0.030497150495648384
1748715912.7611732,-0.16846272476689156,-0.030497239902615547
1748715912.7945766,-0.16845927795230192,-0.03045196272432804
1748715912.8280108,-0.1684571981080395,-0.030459459871053696
1748715912.861458,-0.16845574069436467,-0.030458547174930573
1748715912.8949127,-0.1684542755216494,-0.030457789078354836
1748715912.928378,-0.16845282490827934,-0.030458707362413406
1748715912.9618216,-0.1684513848592306,-0.030459517613053322
1748715912.9952917,-0.1684499171578096,-0.030459465458989143
1748715913.0287015,-0.168448467886611,-0.030459681525826454
1748715913.062134,-0.16844702830727312,-0.030459733679890633
1748715913.0955403,-0.16844558911321988,-0.030460527166724205
1748715913.1289318,-0.16844410688366804,-0.030460476875305176
1748715913.1623387,-0.16844267209378944,-0.030461261048913002
1748715913.195701,-0.16844181252902288,-0.030461404472589493
1748715913.2291284,-0.1684398979836117,-0.030462093651294708
1748715913.2625315,-0.16843846215964045,-0.030462399125099182
1748715913.2962806,-0.16843702703346874,-0.030462950468063354
1748715913.329661,-0.16843558600799888,-0.03046371601521969
1748715913.3630953,-0.16843413138957955,-0.030463840812444687
1748715913.3965032,-0.16843269690296397,-0.030464597046375275
1748715913.4315183,-0.16843125693040167,-0.030465034767985344
1748715913.4649975,-0.16842981693527553,-0.030465176329016685
1748715913.4984334,-0.16842837324368715,-0.030465612187981606
1748715913.5318992,-0.16842736212457604,-0.030466342344880104
1748715913.5654507,-0.16842594722847806,-0.030466776341199875
1748715913.598856,-0.16842403090080882,-0.030467208474874496
1748715913.6333435,-0.16842259307474908,-0.030467640608549118
1748715913.6667888,-0.16842115520321374,-0.03046807274222374
1748715913.7001996,-0.16842019667525285,-0.030468503013253212
1748715913.7336113,-0.168418753393832,-0.030468931421637535
1748715913.7670214,-0.16841683319912215,-0.030469361692667007
1748715913.8004718,-0.16841539910875375,-0.03046979010105133
1748715913.8338928,-0.16841395549573157,-0.03046998381614685
1748715913.867349,-0.1684125116843742,-0.030470237135887146
1748715913.9007528,-0.1684105767751381,-0.03047073818743229
1748715913.9342077,-0.16840913261415238,-0.030471298843622208
1748715913.967606,-0.16840767827622394,-0.03047172911465168
1748715914.0010102,-0.16840657798087055,-0.03047189489006996
1748715914.0344615,-0.1684051121066671,-0.03047233633697033
1748715914.0679982,-0.16840318254901726,-0.03047282062470913
1748715914.1014056,-0.16840208000423226,-0.030473342165350914
1748715914.1348429,-0.16840064135524233,-0.030473850667476654
1748715914.1682782,-0.16839918250224564,-0.030474072322249413
1748715914.2016795,-0.16839773376582431,-0.030474532395601273
1748715914.2352078,-0.16839627942935467,-0.030474834144115448
1748715914.2687657,-0.16839484200062127,-0.030475402250885963
1748715914.3021662,-0.16839340364826186,-0.030475758016109467
1748715914.3355753,-0.16839147684043773,-0.030475983396172523
1748715914.3689804,-0.1683900191981845,-0.030476368963718414
1748715914.4024463,-0.16838900109719676,-0.030476922169327736
1748715914.4358912,-0.16838754772720485,-0.03047754429280758
1748715914.4693358,-0.16838563505290874,-0.030477993190288544
1748715914.5562148,-0.16833437032895363,-0.030929049476981163
1748715914.590849,-0.16352134316670824,-0.028655149042606354
1748715914.6254199,-0.15643549437834306,-0.026474161073565483
1748715914.65887,-0.14627355326302818,-0.024063963443040848
1748715914.692271,-0.13704980244822887,-0.021130573004484177
1748715914.7258253,-0.124686649618772,-0.01899392530322075
1748715914.759266,-0.1155410439527823,-0.015825752168893814
1748715914.7927673,-0.10596879412455601,-0.014014562591910362
1748715914.8305645,-0.09313949150646575,-0.010882992297410965
1748715914.864243,-0.08348766000136085,-0.008206462487578392
1748715914.8976686,-0.07413799856327939,-0.005879338830709457
1748715914.9310832,-0.06405318932501547,-0.003305154386907816
1748715914.9645982,-0.05297375733923976,-0.0013520097127184272
1748715915.0000727,-0.041121052007363976,8.88566646608524e-05
1748715915.0357397,-0.03126685999610755,0.002858121180906892
1748715915.0711858,-0.021392073257689954,0.0033950519282370806
1748715915.1139052,-0.004865664798529545,0.005177570506930351
1748715915.1473153,0.005096414710174951,0.007294146344065666
1748715915.1807268,0.015141118293700663,0.008329182863235474
1748715915.2141259,0.025185710305060144,0.008942803367972374
1748715915.2496252,0.035217645894378855,0.012100989930331707
1748715915.2831962,0.04531182130938312,0.012846297584474087
1748715915.3166065,0.05546236327214458,0.014823763631284237
1748715915.3508475,0.06902963360014872,0.017071573063731194
1748715915.3848312,0.08268396926604789,0.01758703589439392
1748715915.4229786,0.09287760295485963,0.020099136978387833
1748715915.4648101,0.10618933653883583,0.022255750373005867
1748715915.4983864,0.1202507600408604,0.023538809269666672
1748715915.532686,0.13026530447767318,0.023072559386491776
1748715915.5661132,0.14129896468938324,0.024196475744247437
1748715915.599607,0.151682581622707,0.025699034333229065
1748715915.6335578,0.1651217240070905,0.023502632975578308
1748715915.6671798,0.17517704991838315,0.02072412520647049
1748715915.7005765,0.18596806717469797,0.01871764287352562
1748715915.733978,0.196085157603864,0.01668909192085266
1748715915.7675316,0.20695079375975217,0.016117004677653313
1748715915.8009448,0.21744841690496092,0.01383437030017376
1748715915.8343573,0.224457199089284,0.012810863554477692
1748715915.8677776,0.2349852989199081,0.011359449476003647
1748715915.901242,0.2451460767224333,0.009983492083847523
1748715915.934651,0.2563154155228873,0.007467398885637522
1748715915.9689376,0.26635178352841976,0.0047544329427182674
1748715916.0023503,0.2768218636428597,0.003943710122257471
1748715916.03576,0.29045209204837275,0.003203685861080885
1748715916.0692687,0.2978031942308031,0.0018117185682058334
1748715916.1027248,0.308319134838881,-0.0004091369337402284
1748715916.1361668,0.31886281995379273,-0.0008202525204978883
1748715916.1696336,0.33290591337113595,-0.0024119403678923845
1748715916.2030265,0.34307458412421626,-0.0034438699949532747
1748715916.2364497,0.35043355007356297,-0.004529717843979597
1748715916.2699656,0.3676143891023907,-0.006987770553678274
1748715916.303366,0.3746170197333278,-0.007139322813600302
1748715916.337028,0.3850468128758628,-0.009255031123757362
1748715916.3704286,0.395835885037199,-0.010516581125557423
1748715916.4038243,0.40282607378708196,-0.010495533235371113
1748715916.437251,0.413308260639644,-0.01219184696674347
1748715916.470656,0.4237954517995129,-0.01338217407464981
1748715916.5042052,0.437732578466963,-0.016190895810723305
1748715916.537622,0.4481206380456972,-0.014803863130509853
1748715916.5710428,0.458018096417137,-0.01673605851829052
1748715916.6044574,0.4648934207727402,-0.018957896158099174
1748715916.6378827,0.47564498954893325,-0.01918952725827694
1748715916.6713223,0.4874701947564408,-0.020401913672685623
1748715916.7053711,0.49652122550944744,-0.0215702373534441
1748715916.7387352,0.5069947526762469,-0.02330322191119194
1748715916.7721298,0.5139964458126293,-0.023030944168567657
1748715916.8055532,0.5245032307253285,-0.02415786124765873
1748715916.83908,0.5353430612959752,-0.024960113689303398
1748715916.8724833,0.5416434420207796,-0.025454603135585785
1748715916.9059136,0.5524916913264939,-0.02614535577595234
1748715916.939317,0.5629931953867646,-0.026732999831438065
1748715916.972719,0.577670976539139,-0.02620348334312439
1748715917.0061216,0.5839524974393915,-0.027760770171880722
1748715917.039567,0.5944427207617281,-0.028516894206404686
1748715917.072977,0.606703905593787,-0.028632858768105507
1748715917.1063874,0.61546259058608,-0.028280284255743027
1748715917.1397953,0.6263248367796921,-0.02810797281563282
1748715917.1732385,0.6364867863812838,-0.029054837301373482
1748715917.2067142,0.6504869645334562,-0.028391363099217415
1748715917.2401001,0.6574825759074538,-0.027487384155392647
1748715917.2735183,0.6679874433832484,-0.027328938245773315
1748715917.3069751,0.6784850152200645,-0.02657395601272583
1748715917.3403852,0.6889724305403739,-0.025128157809376717
1748715917.373793,0.6959644326233608,-0.02343057282269001
1748715917.4071567,0.7064612714870326,-0.022792918607592583
1748715917.4405572,0.7169624940036475,-0.021293815225362778
1748715917.4740546,0.7274841391257579,-0.0206769872456789
1748715917.5074658,0.7379757297763273,-0.018841806799173355
1748715917.5410593,0.748100531811738,-0.016674386337399483
1748715917.5744882,0.758943375318151,-0.015034262090921402
1748715917.6081202,0.7694446918308847,-0.013510707765817642
1748715917.6415267,0.776794551767003,-0.012240126729011536
1748715917.67497,0.7869247937523934,-0.009331980720162392
1748715917.7084594,0.8026717205063065,-0.006445636507123709
1748715917.741859,0.8082869065883926,-0.005329557228833437
1748715917.7752743,0.8184256975601035,-0.0031791976653039455
1748715917.8087587,0.8320717127473378,-0.0009051457745954394
1748715917.843102,0.8425735710755291,-0.0005205055349506438
1748715917.8765109,0.8533963778819177,0.0018159555038437247
1748715917.9099464,0.8638914174263714,0.0024003656581044197
1748715917.9433587,0.8708853618340829,0.0030202746856957674
1748715917.9767745,0.8813772040041397,0.003812606679275632
1748715918.010227,0.8918815901233834,0.003588928608223796
1748715918.0436769,0.8988828684297013,0.004582550376653671
1748715918.0770621,0.9093778510361363,0.0051537128165364265
1748715918.110506,0.9195212770866119,0.005897083319723606
1748715918.1439464,0.9338635848871802,0.006341866217553616
1748715918.1773624,0.9443573117801579,0.0070320176891982555
1748715918.2108247,0.9510039739832417,0.007507385220378637
1748715918.2442539,0.9614982733129624,0.008204936981201172
1748715918.27767,0.9723422381204915,0.009166190400719643
1748715918.311079,0.9824919277306978,0.009108206257224083
1748715918.3444896,0.9971892018341656,0.009830131195485592
1748715918.3779006,1.0073361312214644,0.010309997014701366
1748715918.4113028,1.0143342066191507,0.010792255401611328
1748715918.444709,1.024831707444528,0.010835135355591774
1748715918.4781287,1.0356773904669483,0.011134742759168148
1748715918.5115318,1.0461712103987824,0.011604011058807373
1748715918.5453901,1.0528175037459178,0.011594299226999283
1748715918.578801,1.0633119338941817,0.011642207391560078
1748715918.6121798,1.0741547383127426,0.012090478092432022
1748715918.6456015,1.084300252922833,0.012000905349850655
1748715918.679007,1.0947963201954811,0.012793811969459057
1748715918.7124119,1.1049373319777724,0.012773650698363781
1748715918.7458484,1.115777696420213,0.012328238226473331
1748715918.779252,1.126271562593102,0.012596221640706062
1748715918.8126485,1.137466797597185,0.012917919084429741
1748715918.8460565,1.1472617706031687,0.013063746504485607
1748715918.8807442,1.1612533483439726,0.013255885802209377
1748715918.9141753,1.168249291853935,0.013340841978788376
1748715918.947634,1.1790944653800792,0.013592376373708248
1748715918.9810982,1.1927382345388595,0.013159853406250477
1748715919.014624,1.1997342233815362,0.013316068798303604
1748715919.0481021,1.2140756842997389,0.013430505059659481
1748715919.0815122,1.2249181018638695,0.013152106665074825
1748715919.1152575,1.2378588948273865,0.013063873164355755
1748715919.1487432,1.2487002376486163,0.013069728389382362
1748715919.1825185,1.2626878190149617,0.01297661941498518
1748715919.2165368,1.2731784586720498,0.012795126996934414
1748715919.2499473,1.2836691424406483,0.012560470029711723
1748715919.2869523,1.29416010945862,0.01264170277863741
1748715919.3204982,1.3078048478614246,0.012030844576656818
1748715919.3539429,1.3151537076917,0.012653594836592674
1748715919.387588,1.3256514970970874,0.012147331610321999
1748715919.421131,1.3361470117319165,0.012202559970319271
1748715919.4545262,1.3466408379199386,0.011972596868872643
1748715919.4880948,1.3571348583321654,0.012061340734362602
1748715919.5217597,1.367277698780602,0.011786195449531078
1748715919.5551517,1.3777689613605562,0.011384188197553158
1748715919.5885603,1.388609975343978,0.01134901586920023
1748715919.6222131,1.3987509962241895,0.011003825813531876
1748715919.655623,1.40959092624504,0.01094230730086565
1748715919.6890373,1.420080779102663,0.010829574428498745
1748715919.7224398,1.4312702830520028,0.010762175545096397
1748715919.7558553,1.4410617919066058,0.010319863446056843
1748715919.7892725,1.451556270368451,0.009948980063199997
1748715919.8226712,1.4620542536196524,0.010148287750780582
1748715919.8568866,1.4725480054453677,0.009338182397186756
1748715919.8903012,1.4830419130084014,0.009294995106756687
1748715919.9237163,1.4935350498968296,0.009120037779211998
1748715919.9572148,1.504027002223124,0.008857308886945248
1748715919.9906218,1.5145178587801404,0.008526490069925785
1748715920.0240066,1.5285057940167064,0.007994306273758411
1748715920.0574257,1.5389957386273903,0.007356463000178337
1748715920.0908592,1.5494869765837793,0.00706890132278204
1748715920.1243005,1.5606872697761642,0.00700728502124548
1748715920.1583378,1.5704888514295776,0.005917087662965059
1748715920.1922946,1.5773956251236025,0.006450101733207703
1748715920.2257054,1.5871350334254357,0.005618918687105179
1748715920.2592676,1.5924873053920878,0.006017511710524559
1748715920.2926304,1.596639212762369,0.005071688909083605
1748715920.3260405,1.6005739577846427,0.005058273673057556
1748715920.3600373,1.6039887143311826,0.005611036904156208
1748715920.393464,1.6073844478672352,0.005396339576691389
1748715920.426875,1.610809425447641,0.00521035585552454
1748715920.4602723,1.614070157179872,0.00517308758571744
1748715920.4938128,1.617197991748273,0.004666623659431934
1748715920.5272245,1.6205441921409844,0.004395965486764908
1748715920.5606284,1.6238285297201955,0.004986763931810856
1748715920.5940123,1.627087659751623,0.004935842473059893
1748715920.6274207,1.6302122749836638,0.0044662137515842915
1748715920.6608555,1.633429725710688,0.00458453968167305
1748715920.6942775,1.6379325003604874,0.004372432362288237
1748715920.7276816,1.641139137111112,0.0049104513600468636
1748715920.7611008,1.644235934344247,0.004240889567881823
1748715920.7944992,1.6473277403949191,0.004052287898957729
1748715920.8279033,1.650637753617364,0.0052656871266663074
1748715920.8613338,1.6539606689060826,0.005373354535549879
1748715920.8947356,1.6570358691845168,0.004947480745613575
1748715920.9281383,1.6602179572927471,0.004010278265923262
1748715920.9615548,1.6634048549479075,0.004201101139187813
1748715920.9950292,1.6667238990271103,0.004590307828038931
1748715921.028399,1.6711873250390872,0.0037025187630206347
1748715921.0618556,1.6736536045499335,0.0038381211925297976
1748715921.0952952,1.6775559157249271,0.003647599136456847
1748715921.128733,1.68185823699292,0.0045284004881978035
1748715921.1621377,1.6851781454193389,0.003997911233454943
1748715921.1955557,1.6888620773333531,0.005215170327574015
1748715921.2289736,1.6927450536134854,0.004574304446578026
1748715921.2624292,1.6962587943057545,0.003694167360663414
1748715921.2959058,1.6998418654705132,0.0029582029674202204
1748715921.3293557,1.703369209601167,0.00399002805352211
1748715921.3628979,1.7069347624209914,0.0034595720935612917
1748715921.3963046,1.709314520922964,0.0030193435959517956
1748715921.4297519,1.7136606343787009,0.0024161185137927532
1748715921.4631515,1.7158679712052507,0.0027649500407278538
1748715921.4965553,1.7201726643251984,0.002290307078510523
1748715921.530486,1.7233141969605585,0.0008764192461967468
1748715921.564151,1.726453057602109,0.0005401559174060822
1748715921.5975652,1.7285244360996272,5.655839777318761e-05
1748715921.6309752,1.731584799010035,-0.00022160627122502774
1748715921.664456,1.7346114671155313,-0.0006030279910191894
1748715921.6979141,1.7375946075440565,-0.0008877444779500365
1748715921.7314155,1.7405449285814152,-6.908226350788027e-05
1748715921.7648313,1.7434322884635374,-0.0005771470605395734
1748715921.7982762,1.7462506361651537,-0.001619819551706314
1748715921.8317406,1.7490453065410247,-0.0017739733448252082
1748715921.8653607,1.7517939216897955,-0.0025665860157459974
1748715921.8987296,1.7544999159808226,-0.0028635398484766483
1748715921.9321995,1.7562841675220604,-0.0029680682346224785
1748715921.9656174,1.7589449364693257,-0.0024341042153537273
1748715922.0025754,1.7615595865094258,-0.0030980356968939304
1748715922.036095,1.764183456998968,-0.0025542795192450285
1748715922.0695453,1.7667719626476368,-0.003006596118211746
1748715922.102935,1.7692939859149326,-0.002850834047421813
1748715922.1363575,1.7720600512515132,-0.0036096135154366493
1748715922.169768,1.7741588805831505,-0.003673178143799305
1748715922.2031686,1.776587452886911,-0.004526881966739893
1748715922.23657,1.7788290998236267,-0.005163627211004496
1748715922.2699752,1.7811784979535368,-0.0060024503618478775
1748715922.3034194,1.7835181526485393,-0.006289708893746138
1748715922.336829,1.7855114687506406,-0.008033731020987034
1748715922.3702283,1.7876730242104764,-0.008563286624848843
1748715922.4036367,1.789821277711491,-0.008598651736974716
1748715922.4370713,1.7918935554426867,-0.009719207882881165
1748715922.47063,1.7932829725344388,-0.01053182128816843
1748715922.5041616,1.7953503328403875,-0.011479170061647892
1748715922.5375648,1.7975471737926982,-0.011442792601883411
1748715922.5709836,1.7994108951416445,-0.011776265688240528
1748715922.6043901,1.8007187112894332,-0.012611178681254387
1748715922.6377993,1.8026250074289718,-0.013286893256008625
1748715922.6718335,1.8045633980871807,-0.013842650689184666
1748715922.7061148,1.8065193502113903,-0.01318359375
1748715922.7395496,1.808318909896352,-0.014753887429833412
1748715922.7729032,1.8101505683032784,-0.014994927681982517
1748715922.806302,1.8113584023239377,-0.01562592200934887
1748715922.839751,1.8136968207751232,-0.01529444195330143
1748715922.8731518,1.8154399797130623,-0.01633772812783718
1748715922.9065626,1.8172271393285393,-0.016650337725877762
1748715922.939966,1.8188696399635012,-0.01691744104027748
1748715922.9733753,1.8205161572068311,-0.01654091104865074
1748715923.0068228,1.8221664257428074,-0.016932200640439987
1748715923.0409296,1.8237123840810316,-0.016642732545733452
1748715923.074333,1.8255240421907606,-0.01723998412489891
1748715923.1077373,1.8271516374604004,-0.017233485355973244
1748715923.1411493,1.828489217059974,-0.017544366419315338
1748715923.1746857,1.829999816992868,-0.017079483717679977
1748715923.208099,1.8314561386831012,-0.01817578263580799
1748715923.2415662,1.8330203462593948,-0.017873650416731834
1748715923.275017,1.834470559163218,-0.01825769618153572
1748715923.308427,1.8359728847531607,-0.018532585352659225
1748715923.3418362,1.837313483527829,-0.018177315592765808
1748715923.3752823,1.8387891129753182,-0.018900206312537193
1748715923.409349,1.8402321019459036,-0.018329521641135216
1748715923.4430597,1.8416498042566125,-0.019161038100719452
1748715923.4764967,1.8426961824377748,-0.018772099167108536
1748715923.5099106,1.844441186227939,-0.01877102442085743
1748715923.5433128,1.845762569346994,-0.01929793320596218
1748715923.5767412,1.847008487095908,-0.01873927190899849
1748715923.6101089,1.8482433791430086,-0.019050398841500282
1748715923.6435378,1.8494883516549443,-0.01948970928788185
1748715923.676948,1.8506718244635958,-0.01939760521054268
1748715923.7103343,1.8518390262761564,-0.019266026094555855
1748715923.7437053,1.8526153665298633,-0.019488396123051643
1748715923.7771149,1.8538844374860721,-0.01905333623290062
1748715923.8105383,1.8549156320226692,-0.01974993757903576
1748715923.8439457,1.8561395933067313,-0.019122658297419548
1748715923.8773472,1.857644061285816,-0.019777845591306686
1748715923.9108777,1.8587568947092745,-0.019272634759545326
1748715923.9443061,1.8598077904273387,-0.019827617332339287
1748715923.9777083,1.860552895626778,-0.019703784957528114
1748715924.0111184,1.8620423926223144,-0.01973307505249977
1748715924.0445154,1.86288996584137,-0.01962379366159439
1748715924.0779335,1.863623957667028,-0.020085252821445465
1748715924.112178,1.8644865768981391,-0.01990404725074768
1748715924.1457548,1.865427177623646,-0.02005182020366192
1748715924.1792583,1.8663210211135093,-0.020044373348355293
1748715924.212712,1.8672766147590174,-0.019869079813361168
1748715924.2463145,1.8681944887173965,-0.020547429099678993
1748715924.2797148,1.8691249000357353,-0.020039601251482964
1748715924.3131433,1.8700983892642353,-0.02073473483324051
1748715924.3471012,1.8710264668265413,-0.02017074078321457
1748715924.3805077,1.8719169912275992,-0.020747149363160133
1748715924.4139504,1.8727908327079021,-0.020447321236133575
1748715924.4473538,1.8736359754984178,-0.020763002336025238
1748715924.4808512,1.8744506328992716,-0.020780257880687714
1748715924.5143228,1.8752440479859611,-0.0208020880818367
1748715924.5477314,1.8759666889647313,-0.02084169164299965
1748715924.581294,1.8763874308194006,-0.02085777185857296
1748715924.6148684,1.8766593439500794,-0.020868876948952675
1748715924.6489902,1.8767580883843515,-0.02087603323161602
1748715924.6825306,1.8767934008455915,-0.020878709852695465
1748715924.715963,1.8768349124759367,-0.02087966538965702
1748715924.7493799,1.876845890365361,-0.020882923156023026
1748715924.7827868,1.8768588898343714,-0.020881379023194313
1748715924.8162363,1.8768642352576894,-0.020883707329630852
1748715924.8496656,1.87686763254146,-0.020882820710539818
1748715924.8830714,1.87687042767198,-0.020883748307824135
1748715924.9164953,1.8768725231034664,-0.02088388428092003
1748715924.9499366,1.876874046906262,-0.020885249599814415
1748715924.9835613,1.8768765092313018,-0.020885160192847252
1748715925.0169935,1.8768776947216501,-0.02088559977710247
1748715925.0511599,1.8768797940566688,-0.020885810256004333
1748715925.0846992,1.876881366797883,-0.02088725008070469
1748715925.1181273,1.8768831042573049,-0.020888281986117363
1748715925.151534,1.8768851921674137,-0.020888183265924454
1748715925.1849089,1.8768862454743216,-0.020888742059469223
1748715925.2183092,1.8768883171127717,-0.020889438688755035
1748715925.251812,1.8768901939144695,-0.02089019864797592
1748715925.285225,1.876891931832816,-0.020890144631266594
1748715925.319162,1.8768932066551915,-0.02089111879467964
1748715925.3525708,1.8768947302725254,-0.020891482010483742
1748715925.386046,1.8768966362663915,-0.02089189551770687
1748715925.419449,1.8768984516413716,-0.02089223824441433
1748715925.4528584,1.8769000273620104,-0.02089291624724865
1748715925.4862592,1.876901794486619,-0.02089431881904602
1748715925.5196896,1.8769033010531375,-0.020893964916467667
1748715925.5549922,1.8769051382684336,-0.020894506946206093
1748715925.5884037,1.8769068709080416,-0.020894940942525864
1748715925.6218617,1.8769083814150835,-0.020895104855298996
1748715925.6552699,1.8769095490514587,-0.020895909518003464
1748715925.6887228,1.8769111997629337,-0.020897502079606056
1748715925.7224567,1.8769133349552767,-0.020896954461932182
1748715925.755869,1.8769148852831699,-0.0208981204777956
1748715925.7895963,1.8769165890294788,-0.02089797891676426
1748715925.8232346,1.87691836194507,-0.020898891612887383
1748715925.8570223,1.8769191700844703,-0.020899014547467232
1748715925.8904343,1.876920697311596,-0.020900104194879532
1748715925.923827,1.876922200103537,-0.02090073563158512
1748715925.9572334,1.8769241843352282,-0.02090105600655079
1748715925.990661,1.8769250854136739,-0.020901422947645187
1748715926.0240817,1.8769267210476825,-0.020902179181575775
1748715926.0574868,1.8769283529551257,-0.02090321108698845
1748715926.0909061,1.8769303384204796,-0.02090311236679554
1748715926.1243954,1.8769312650490808,-0.02090367302298546
1748715926.157828,1.8769328448329783,-0.020904121920466423
1748715926.1913366,1.8769351696537628,-0.02090427838265896
1748715926.2252016,1.8769369725482914,-0.020905233919620514
1748715926.2586112,1.876938455058358,-0.020906049758195877
1748715926.2920108,1.8769399765660038,-0.020906411111354828
1748715926.3254118,1.8769424043752656,-0.020907117053866386
1748715926.3588083,1.8769443980443203,-0.02090720273554325
1748715926.392217,1.8769462889725639,-0.020907985046505928
1748715926.425684,1.8769477586751635,-0.02090792916715145
1748715926.4591706,1.8769493304058564,-0.0209087785333395
1748715926.4926193,1.8769512654442575,-0.020909665152430534
1748715926.5260322,1.8769527478325532,-0.02090987004339695
1748715926.560277,1.8769552740814586,-0.020910033956170082
1748715926.593737,1.8769562084315297,-0.020910942927002907
1748715926.627129,1.876957752551284,-0.020912237465381622
1748715926.660533,1.8769594003060932,-0.02091238647699356
1748715926.6939373,1.8769611396812744,-0.020913071930408478
1748715926.7273424,1.8769628752239231,-0.020913133397698402
1748715926.7607524,1.8769646178507047,-0.020913956686854362
1748715926.7941563,1.8769663866272355,-0.02091401070356369
1748715926.8275988,1.8769680626149705,-0.020915033295750618
1748715926.8610477,1.8769696924532484,-0.020915428176522255
1748715926.8944483,1.8769704448402655,-0.020915985107421875
1748715926.9287624,1.8769722441272276,-0.020916352048516273
1748715926.9624574,1.8769741655099,-0.02091742865741253
1748715926.9958584,1.876975866761232,-0.020918140187859535
1748715927.0293305,1.876978026025235,-0.02091817930340767
1748715927.0629213,1.876979621989608,-0.0209189485758543
1748715927.0963993,1.8769813652724905,-0.02091904543340206
1748715927.1298068,1.876983175805333,-0.020920107141137123
1748715927.163214,1.8769852964723426,-0.02091972343623638
1748715927.19663,1.876986255645137,-0.020920978859066963
1748715927.2300863,1.8769878406769556,-0.020921340212225914
1748715927.2647212,1.8769902484068401,-0.02092202939093113
1748715927.2987494,1.8769921020823659,-0.020922251045703888
1748715927.332143,1.8769935433240676,-0.020923148840665817
1748715927.3655558,1.876995267414385,-0.020922858268022537
1748715927.3989697,1.8769962666918862,-0.020924406126141548
1748715927.4323733,1.8769979476912775,-0.020924674347043037
1748715927.465777,1.87699972914101,-0.020925264805555344
1748715927.4992204,1.8770012702327101,-0.020924963057041168
1748715927.5326223,1.8770030907306934,-0.020925767719745636
1748715927.6051974,1.8770123715374072,-0.020926261320710182
1748715927.6386142,1.879262687324817,-0.020917244255542755
1748715927.6747715,1.8830528636227377,-0.018788695335388184
1748715927.708233,1.8900431703405822,-0.01676955260336399
1748715927.7416382,1.8987539902314259,-0.014867915771901608
1748715927.7751,1.907847619861001,-0.01295732706785202
1748715927.8085077,1.9178277203985654,-0.010286414995789528
1748715927.8419108,1.9264123565660292,-0.00800257921218872
1748715927.8753197,1.9367259940612727,-0.005957910791039467
1748715927.9095814,1.9496798415556975,-0.002917312551289797
1748715927.942984,1.9594912190404816,-0.001132227131165564
1748715927.9764082,1.968711270043976,0.0005815572221763432
1748715928.0158968,1.9822887734586216,0.0022341215517371893
1748715928.0495718,1.992319693092727,0.003608495695516467
1748715928.0830362,2.0057130413105555,0.006606541574001312
1748715928.1164386,2.017226300347126,0.006915690377354622
1748715928.1509156,2.0296847391964405,0.008620777167379856
1748715928.18526,2.0394930809649114,0.01104467362165451
1748715928.218888,2.049680209321258,0.012369349598884583
1748715928.2525046,2.0602461443463387,0.013744642026722431
1748715928.290895,2.073496939515612,0.01592302694916725
1748715928.3243186,2.0840500628763334,0.01682446151971817
1748715928.357741,2.097363753897254,0.018309758976101875
1748715928.3911827,2.109331964944733,0.020990239456295967
1748715928.424643,2.1189221531524645,0.020376387983560562
1748715928.4584906,2.1320407873266927,0.022156095132231712
1748715928.492271,2.1423819083414477,0.023942474275827408
1748715928.5260055,2.1558214017167865,0.023616112768650055
1748715928.5594165,2.1665706873188113,0.024715060368180275
1748715928.5937102,2.180227009158073,0.02542717196047306
1748715928.629218,2.1907957359561814,0.026061225682497025
1748715928.6627398,2.201278094345654,0.026008814573287964
1748715928.766389,2.224907162230458,0.019360532984137535
1748715928.7998543,2.226571032075352,0.018979204818606377
1748715928.833309,2.2274848988919835,0.018955212086439133
1748715928.866725,2.2287029377091065,0.01770789921283722
1748715928.900143,2.234031329596898,0.015536760911345482
1748715928.9336886,2.241977650848312,0.012849087826907635
1748715928.967061,2.2512697181586354,0.011074884794652462
1748715929.0005245,2.2615936532001326,0.008229396305978298
1748715929.0339713,2.271576135794198,0.006906717550009489
1748715929.0674248,2.282060457201973,0.005174138583242893
1748715929.1008148,2.292607942332565,0.002695079194381833
1748715929.1342773,2.30288005959406,0.00139362714253366
1748715929.1683733,2.3138881638022952,0.0004415200965013355
1748715929.2021368,2.3245304001518514,-0.0018699297215789557
1748715929.2355416,2.3352024667577895,-0.002916503930464387
1748715929.269118,2.3462245549623155,-0.0036981867160648108
1748715929.3025572,2.356534697878258,-0.005193772725760937
1748715929.3360183,2.367911464762556,-0.005540312267839909
1748715929.36944,2.377863868346936,-0.00558074377477169
1748715929.4029417,2.3885349284441237,-0.004901167470961809
1748715929.4363482,2.3992191233068065,-0.0064006587490439415
1748715929.4697745,2.410944317926619,-0.006047202739864588
1748715929.503179,2.4201339342431907,-0.004128794651478529
1748715929.537272,2.431123677911765,-0.003633887507021427
1748715929.5709286,2.444920706446826,-0.004504155833274126
1748715929.6043663,2.456211182553513,-0.0033081502187997103
1748715929.6377985,2.4660674795759627,-0.0016927936812862754
1748715929.6713088,2.477004189616113,-0.002366559812799096
1748715929.7047222,2.4876078203821197,-0.001926406635902822
1748715929.7381325,2.4982248844195865,-0.0011447800789028406
1748715929.7715824,2.5099374693728524,-0.0012344353599473834
1748715929.8050284,2.519534865978131,-0.0016117533668875694
1748715929.8384573,2.530207966601818,-0.001260331249795854
1748715929.8718839,2.5444348792991005,-0.0013450700789690018
1748715929.9052846,2.5547483433234754,-0.0008308309479616582
1748715929.9387093,2.5657718891981642,-0.0009951272513717413
1748715929.9721334,2.5764382243184403,-0.0006239808863028884
1748715930.0055346,2.587458399064727,-0.00048205797793343663
1748715930.0390675,2.5977757156210113,-0.0003403928712941706
1748715930.0726717,2.613421701233668,-6.927211506990716e-05
1748715930.1060815,2.6223129557772094,-0.0006467344937846065
1748715930.139481,2.633348916220319,0.0002824444090947509
1748715930.173016,2.644384385009193,4.175780122750439e-05
1748715930.2064452,2.6550583937300902,0.00036728312261402607
1748715930.2399168,2.6653790892906026,0.0005814151954837143
1748715930.2734392,2.6760473747013034,0.0006311865872703493
1748715930.3092613,2.683155116992429,0.00068953464506194
1748715930.342801,2.6938262872263095,0.0009819691767916083
1748715930.3762026,2.704140317058255,0.0011696041328832507
1748715930.4096904,2.7155186331183905,0.0012266748817637563
1748715930.4430976,2.7258249941082235,0.0011880157981067896
1748715930.4764578,2.737200455858733,0.0013465392403304577
1748715930.5098882,2.747513984203656,0.0013986126286908984
1748715930.5432866,2.76137710622064,0.0014749533729627728
1748715930.5772529,2.7720387280837553,0.0015233689919114113
1748715930.6106617,2.782352254002275,0.0015471628867089748
1748715930.6440723,2.7933657907504847,0.0016190892783924937
1748715930.677476,2.807232235134638,0.0016057364409789443
1748715930.7109077,2.818253904872458,0.0017615751130506396
1748715930.7443159,2.8285689057856884,0.0018316666828468442
1748715930.7777667,2.8356732889091054,0.0016709868796169758
1748715930.811237,2.850610700051285,0.0017054699128493667
1748715930.844644,2.8609242249189895,0.0016911684069782495
1748715930.8781657,2.8719453732766658,0.0016553775640204549
1748715930.911611,2.8858084963176003,0.0017257115105167031
1748715930.9476037,2.8932748265457517,0.0017369742272421718
1748715930.9810953,2.903591668121989,0.0016470090486109257
1748715931.0145001,2.9142485081368608,0.0016478830948472023
1748715931.048058,2.9249225102624585,0.001621573930606246
1748715931.0814724,2.935936035674663,0.0016414521960541606
1748715931.1148717,2.946248627522976,0.0017027464928105474
1748715931.148275,2.953006812041212,0.0013826644280925393
1748715931.1816902,2.963683289815055,0.001730890478938818
1748715931.2153337,2.974722122298956,0.001653745654039085
1748715931.2489522,2.9853947121493363,0.0017199391731992364
1748715931.2855806,2.9960725254527483,0.001628176891244948
1748715931.3193176,3.0067322014157716,0.0015226848190650344
1748715931.352729,3.017402453963966,0.0017136241076514125
1748715931.3862894,3.028068339064666,0.0015825135633349419
1748715931.4196992,3.0351779986849428,0.0016216749791055918
1748715931.4531765,3.046201029619301,0.001466414425522089
1748715931.4865985,3.0565102962573785,0.001664947485551238
1748715931.5200408,3.0668181027288743,0.001674999250099063
1748715931.5534616,3.074281550597281,0.0014349386328831315
1748715931.5868614,3.0885079706960923,0.0014041304821148515
1748715931.6207745,3.095972907815066,0.001653243787586689
1748715931.654193,3.1062874228168096,0.0017278871964663267
1748715931.6875906,3.1169518830495884,0.001568405656144023
1748715931.721167,3.1276120187073877,0.0013638533418998122
1748715931.7545857,3.138986477970647,0.0012405940797179937
1748715931.7880285,3.14894580019384,0.0016244299476966262
1748715931.8214042,3.1592578614451536,0.0013420108007267118
1748715931.8548138,3.1706385285874954,0.0011810013093054295
1748715931.8882937,3.1809511352550333,0.0013854497810825706
1748715931.9216511,3.191619399680282,0.0012624736409634352
1748715931.955168,3.2022881775818903,0.0011088877217844129
1748715931.9886444,3.2097531128446235,0.0014566481113433838
1748715932.0220509,3.220419975269207,0.0013446579687297344
1748715932.0554674,3.2307272391070607,0.0009953656699508429
1748715932.088874,3.2413921905732184,0.00104302610270679
1748715932.1222801,3.2485013734548747,0.0011769842822104692
1748715932.1556888,3.2588072606381275,0.0010871905833482742
1748715932.189105,3.269469351245369,0.001144043984822929
1748715932.2225568,3.2769318492187627,0.0010441874619573355
1748715932.2559721,3.287948695319352,0.0010783453471958637
1748715932.2895029,3.2978988498771584,0.0009800820844247937
1748715932.3229392,3.3096261709644947,0.0008541151764802635
1748715932.3566024,3.3160224900255857,0.001046086079441011
1748715932.3900023,3.3263269258882624,0.0008340896456502378
1748715932.4234138,3.3380533252002644,0.0009782405104488134
1748715932.456818,3.348358705557196,0.0006644390523433685
1748715932.4902875,3.358663171702672,0.0008590011275373399
1748715932.5236924,3.3693223779535035,0.000688455649651587
1748715932.5571017,3.3764291602926226,0.0007696559769101441
1748715932.590501,3.3870883788053145,0.0005786236724816263
1748715932.623905,3.398459029534819,0.0005639463197439909
1748715932.657408,3.408762534335445,0.0006350679323077202
1748715932.690872,3.4190669915220986,0.000613825221080333
1748715932.724282,3.4293704752719916,0.00043724378338083625
1748715932.7576954,3.4403835082748806,0.0004310579679440707
1748715932.7911425,3.4510417888753464,0.0006210672436282039
1748715932.8245568,3.4616990951449274,0.000517902837600559
1748715932.8579829,3.4723554429751937,0.000345021253451705
1748715932.8913922,3.4830127614990483,0.0004766768543049693
1748715932.9248936,3.490116684302176,0.00048620279994793236
1748715932.9583123,3.504679286607088,0.00039966279291547835
1748715932.9918082,3.5171104325236207,0.0004051682772114873
1748715933.0253394,3.5259900994552935,0.0004661791608668864
1748715933.05882,3.5330930612865834,0.0003165199013892561
1748715933.0924008,3.5433936916041153,7.302752055693418e-05
1748715933.1257997,3.5540491040300943,0.00033143797190859914
1748715933.159234,3.5689683812381032,9.656719339545816e-05
1748715933.1926794,3.5789142604907727,0.0002905130386352539
1748715933.2260885,3.5895706106490533,0.00010891979763982818
1748715933.2594995,3.600226977424874,0.0003768012684304267
1748715933.2929037,3.610882374130683,4.836913649342023e-05
1748715933.3263063,3.6247354606783597,0.00039470160845667124
1748715933.359707,3.635746577188948,2.8007067157886922e-05
1748715933.3931217,3.6424966854783123,6.5583994910412e-06
1748715933.426528,3.653508764173231,9.379671973874792e-05
1748715933.4599261,3.6638103545980116,1.410717231919989e-05
1748715933.4933333,3.6748224349820764,7.210258627310395e-05
1748715933.526734,3.6858335601737706,-0.00012056626292178407
1748715933.5601466,3.692582713883393,-0.00011484903370728716
1748715933.5935483,3.7028823965368893,3.4991906431969255e-05
1748715933.62995,3.71389352066699,-8.403330139117315e-05
1748715933.6633492,3.724548924335423,-0.00010185656719841063
1748715933.6980507,3.7355600498420913,-0.0001050677674356848
1748715933.7314491,3.7469249866463237,4.36163718404714e-05
1748715933.7649152,3.756159416298769,5.884264282940421e-06
1748715933.7983704,3.763618103709079,-0.00012569224054459482
1748715933.831789,3.774274460672763,-6.452699017245322e-05
1748715933.8653142,3.7849298647268674,8.7115986389108e-06
1748715933.8988113,3.79558527796127,-0.00039012543857097626
1748715933.9322684,3.8058849782142428,-0.00047630464541725814
1748715933.9656696,3.8168932243979183,-8.289750985568389e-05
1748715933.9990768,3.8239971481107777,-0.00024354500055778772
1748715934.0332632,3.8346535052516857,-6.076633871998638e-05
1748715934.067014,3.8485075350220512,-0.00021139286400284618
1748715934.1005015,3.855612410247138,-0.00025910904514603317
1748715934.1340992,3.866269726696218,-0.00032626226311549544
1748715934.1675165,3.877282751574258,-0.00016893079737201333
1748715934.2009215,3.8879391107855596,-0.00022757354599889368
1748715934.23438,3.898596438792706,-0.00046490738168358803
1748715934.2678225,3.9092060546450296,-0.00015215834719128907
1748715934.3020294,3.916241318785918,-0.00038970159948803484
1748715934.3355284,3.9216620010909424,-0.00025454573915340006
1748715934.369212,3.9244047774177107,-0.0005120179266668856
1748715934.4026225,3.928137473035917,-0.0005742540233768523
1748715934.4360838,3.931787284418967,-0.00012539768067654222
1748715934.469923,3.936263881868963,-0.0007284608436748385
1748715934.5033996,3.9384515989327538,-0.00024142286565620452
1748715934.5368145,3.942773651149341,-0.00031403551110997796
1748715934.5702677,3.9459924124233563,-0.0004308937059249729
1748715934.6037033,3.948134453212008,6.966653018025681e-05
1748715934.6384,3.951361982526294,-0.0002450381580274552
1748715934.6718082,3.9545796979310923,-0.000339376536430791
1748715934.7052417,3.9578985705896597,-0.0005427633877843618
1748715934.7387648,3.960900875636146,-0.00025704593281261623
1748715934.772171,3.9642198603693513,0.0001451416901545599
1748715934.8056052,3.967542576893766,0.00013958399358671159
1748715934.839011,3.9695903236377075,-0.00020484761625993997
1748715934.872506,3.9729561127428386,-0.00016543298261240125
1748715934.9059792,3.977130543197895,0.0006221072399057448
1748715934.939452,3.980347369744396,0.0007533726748079062
1748715934.97286,3.9836110081532605,0.0009004133753478527
1748715935.00626,3.9872207073847186,0.0007290022913366556
1748715935.042592,3.9910707429648165,0.00047974608605727553
1748715935.0760415,3.994871191454961,0.0008965321467258036
1748715935.1094174,3.998954920913969,0.0007499633356928825
1748715935.1432354,4.002879358016238,0.0008527389145456254
1748715935.1766949,4.005484357798367,0.0014039260568097234
1748715935.2101352,4.009381677117087,0.0007685947348363698
1748715935.2436354,4.013341440296852,0.0007764007896184921
1748715935.2770462,4.016837746369758,0.0011050333268940449
1748715935.3107429,4.020523729443695,0.0009047858184203506
1748715935.3441532,4.025468584257404,0.0009915975388139486
1748715935.377556,4.027838673603113,0.001289927982725203
1748715935.4111166,4.031382624977018,0.0006184766534715891
1748715935.4445548,4.035027557158425,0.0013605344574898481
1748715935.4780567,4.039486284979893,0.0019961250945925713
1748715935.511428,4.042927986568482,0.002450675703585148
1748715935.5448518,4.046180529762065,0.0018803253769874573
1748715935.5782626,4.049290956487024,0.002609451999887824
1748715935.6116602,4.053525783498832,0.0017624421743676066
1748715935.6451986,4.056627536414202,0.001955089159309864
1748715935.6786134,4.059681451624956,0.002424646867439151
1748715935.7128732,4.062607501327063,0.0019830220844596624
1748715935.7463021,4.06460170082177,0.002267258008942008
1748715935.779707,4.067651972300108,0.0023054098710417747
1748715935.8132434,4.070432759423886,0.0017099034739658237
1748715935.8466573,4.0744178296091755,0.0024182521738111973
1748715935.8800967,4.076194929070239,0.002228246070444584
1748715935.9135046,4.07888549287231,0.0018761901883408427
1748715935.9469223,4.081811793326137,0.002141480566933751
1748715935.981141,4.084414380466079,0.0017311135306954384
1748715936.0145888,4.087055129626441,0.001895786146633327
1748715936.0480218,4.089562873309675,0.0009848051704466343
1748715936.0814197,4.092181586815908,0.0015035660471767187
1748715936.114819,4.094857693983774,0.00024113360268529505
1748715936.1482453,4.096476066570404,0.0007877764874137938
1748715936.181644,4.099210190520763,-0.00046014797408133745
1748715936.215062,4.1016515031364245,9.199986379826441e-05
1748715936.2484677,4.104154014658187,-0.0015408046310767531
1748715936.28201,4.106611450619808,-0.0017800821224227548
1748715936.315469,4.108980453728474,-0.0017930568428710103
1748715936.3489878,4.111364846910313,-0.002865189453586936
1748715936.3825161,4.113548111608401,-0.0028386644553393126
1748715936.416012,4.115760094826239,-0.0032755753491073847
1748715936.449472,4.117949854159889,-0.0030931225046515465
1748715936.4828742,4.1194017023293785,-0.003793372306972742
1748715936.5163345,4.121589921642752,-0.0034481424372643232
1748715936.5497475,4.124042318242166,-0.004451686516404152
1748715936.5831137,4.1251742310834665,-0.004926721565425396
1748715936.6165352,4.1274209439302245,-0.004274297039955854
1748715936.649993,4.129437084088477,-0.005801484454423189
1748715936.6834297,4.1312509456580875,-0.004541241098195314
1748715936.7171047,4.133787871846388,-0.006185241509228945
1748715936.750632,4.135776463929317,-0.00558497617021203
1748715936.7871962,4.137106705159648,-0.005316606257110834
1748715936.8205965,4.1388226114616655,-0.0066277035512030125
1748715936.8540106,4.140626658711205,-0.00686853751540184
1748715936.8875113,4.142380037259621,-0.0060095880180597305
1748715936.9209368,4.144628209694163,-0.00696650892496109
1748715936.9543412,4.146250871333654,-0.007310035638511181
1748715936.9877534,4.147949946212455,-0.008080153726041317
1748715937.0211837,4.149564605051443,-0.00744891120120883
1748715937.054784,4.151699065014813,-0.0071273441426455975
1748715937.088188,4.1532578489505685,-0.008001040667295456
1748715937.121603,4.154238868835351,-0.008112219162285328
1748715937.1550035,4.155828217830626,-0.007439689245074987
1748715937.188412,4.157400012468417,-0.007211253512650728
1748715937.221813,4.158344619573819,-0.0077536203898489475
1748715937.255269,4.159818485304597,-0.008304250426590443
1748715937.2887287,4.161214926583024,-0.007435760460793972
1748715937.3222349,4.162627800291049,-0.008066085167229176
1748715937.3556454,4.164113930044745,-0.007908656261861324
1748715937.3890553,4.165485322765447,-0.007962767034769058
1748715937.4224875,4.166748987104907,-0.007613946218043566
1748715937.4558914,4.1680984392101275,-0.00820948276668787
1748715937.489327,4.169504082640179,-0.007812209893018007
1748715937.5229828,4.170397023473944,-0.008244849741458893
1748715937.5565042,4.17216111623506,-0.008071798831224442
1748715937.589918,4.1734518550189925,-0.00830329954624176
1748715937.6233237,4.174664179254676,-0.00826001726090908
1748715937.6569464,4.1758998237606795,-0.008445590734481812
1748715937.6906242,4.177108471100597,-0.008640890941023827
1748715937.724041,4.178697712655346,-0.008309585973620415
1748715937.7575033,4.179927389146938,-0.008952436968684196
1748715937.790913,4.1811495816549185,-0.008234603330492973
1748715937.8249607,4.182340366990286,-0.008998339995741844
1748715937.8583336,4.183828922698894,-0.008182602934539318
1748715937.8917644,4.1849701711368335,-0.00872068665921688
1748715937.9251719,4.186163297721266,-0.008175664581358433
1748715937.9585843,4.186760669584465,-0.008777007460594177
1748715937.9919865,4.187797821363146,-0.008272835984826088
1748715938.0253837,4.188933619892419,-0.008957551792263985
1748715938.058803,4.1900381084449165,-0.008487410843372345
1748715938.0922263,4.190800602008733,-0.008950847201049328
1748715938.1256435,4.191829698197079,-0.008470529690384865
1748715938.1591473,4.192888183961851,-0.008973311632871628
1748715938.192563,4.193862169451581,-0.008482965640723705
1748715938.226023,4.194820510293411,-0.00829253438860178
1748715938.259469,4.195774763299473,-0.008871137164533138
1748715938.2928872,4.1966847347671195,-0.008383569307625294
1748715938.3262973,4.197555680810854,-0.008219514973461628
1748715938.3596997,4.198439304944341,-0.00844536628574133
1748715938.393144,4.199321732144537,-0.008550409227609634
1748715938.4266272,4.199867477867354,-0.008138618431985378
1748715938.4600792,4.200768868926217,-0.008571315556764603
1748715938.4934297,4.201873276601059,-0.007903859950602055
1748715938.5270174,4.202785081655217,-0.008627453818917274
1748715938.56048,4.203602553690022,-0.008273947983980179
1748715938.5939026,4.205368924179013,-0.008305774070322514
1748715938.6273246,4.2110943834663415,-0.00771251879632473
1748715938.6607757,4.2190040363814445,-0.008561589755117893
1748715938.7453895,4.237602457085829,-0.007920733653008938
1748715938.7788632,4.24274974467615,-0.00769709050655365
1748715938.8588583,4.256921354068577,-0.0088781313970685
1748715938.8922648,4.262439135381695,-0.009417860768735409
1748715938.9256778,4.270364467018405,-0.009895235300064087
1748715938.9590945,4.279276387297741,-0.009351593442261219
1748715938.9925098,4.28581315724592,-0.008502095937728882
1748715939.025964,4.295912096609857,-0.009337742812931538
1748715939.0594363,4.306562189643431,-0.010909336619079113
1748715939.0928535,4.316995738132944,-0.009003525599837303
1748715939.126275,4.327478792197917,-0.008443743921816349
1748715939.1596851,4.337966463226445,-0.010384047403931618
1748715939.193103,4.348509852249362,-0.01021886058151722
1748715939.2265298,4.358989170901768,-0.007235309574753046
1748715939.2599313,4.3691971603687465,-0.007610484957695007
1748715939.2933445,4.383309982717715,-0.008712531067430973
1748715939.326785,4.390742977543335,-0.009082402102649212
1748715939.3601887,4.400943061857874,-0.006245274096727371
1748715939.3935983,4.411867994019194,-0.005781944375485182
1748715939.4270625,4.422384691588596,-0.007433285471051931
1748715939.4604797,4.429068620889929,-0.007342242170125246
1748715939.4939082,4.439634069452475,-0.005765197798609734
1748715939.5273151,4.450621919840144,-0.005178817547857761
1748715939.5607433,4.463076197068143,-0.005310412496328354
1748715939.594205,4.47198126170894,-0.005778155755251646
1748715939.6276076,4.482674829907305,-0.005286513827741146
1748715939.6610105,4.493353761433875,-0.004413202870637178
1748715939.6944408,4.503667136842792,-0.0045520407147705555
1748715939.72825,4.514352840135351,-0.005294359754770994
1748715939.761679,4.525403666290312,-0.0037130999844521284
1748715939.7950516,4.536088579244322,-0.0035011745058000088
1748715939.82845,4.546403611801137,-0.003363998606801033
1748715939.8618495,4.553516919550497,-0.002991081215441227
1748715939.895309,4.564202715661158,-0.002128137741237879
1748715939.9287295,4.577038034009605,-0.0015763492556288838
1748715939.9621763,4.589504366173407,-0.0007452620775438845
1748715939.9958165,4.600221119569361,-0.0014414711622521281
1748715940.0293899,4.610924148509009,-0.0004501217626966536
1748715940.0627973,4.621966767335701,-0.00020474537450354546
1748715940.0965729,4.632642201638852,4.7233348595909774e-05
1748715940.1300278,4.6425995286875406,0.0005005990969948471
1748715940.163539,4.653266418032943,0.0008506433805450797
1748715940.1969469,4.664643751381379,0.0006463618483394384
1748715940.2307928,4.678154489472003,0.0006875803228467703
1748715940.2649424,4.68917713680259,0.0012767245061695576
1748715940.298351,4.703400268774472,0.0013430914841592312
1748715940.3317761,4.7140680409443805,0.001133217359893024
1748715940.365219,4.72473588211584,0.0013124870602041483
1748715940.3986678,4.7389533024544965,0.0014416988706216216
1748715940.4320796,4.746061042489133,0.0013715053210034966
1748715940.4655063,4.756379879225864,0.0010504497913643718
1748715940.4989507,4.767416910508114,0.001880158088169992
1748715940.5324862,4.778108568334596,0.001392671838402748
1748715940.5659828,4.789859868728657,0.0019352644449099898
1748715940.5993874,4.8030206109802105,0.0018549097003415227
1748715940.6329997,4.813334075176697,0.0025136074982583523
1748715940.6665976,4.824372817791781,0.001797122647985816
1748715940.700039,4.834690449493032,0.0033066405449062586
1748715940.7334216,4.8489273311282375,0.002843037946149707
1748715940.7668285,4.8563985519733555,0.002969387685880065
1748715940.8005204,4.863520635305949,0.0031044355127960443
1748715940.8339417,4.878450746264318,0.0034116876777261496
1748715940.8673434,4.8848448404732006,0.0025681110564619303
1748715940.9009297,4.899050479958601,0.003987143747508526
1748715940.93446,4.909719721689372,0.0043769050389528275
1748715940.9678712,4.920381285877805,0.005427108146250248
1748715941.001643,4.931044602514244,0.0042210971005260944
1748715941.0350509,4.938159261195881,0.004024003632366657
1748715941.0705817,4.948826174276949,0.0038606917951256037
1748715941.103993,4.963404295443314,0.004143493250012398
1748715941.1374192,4.973357052966913,0.004625246860086918
1748715941.170829,4.984369965176077,0.005460250657051802
1748715941.204271,4.996090134647978,0.005648308899253607
1748715941.2376678,5.00639372608217,0.005502140615135431
1748715941.2710936,5.019902874311729,0.0057087065652012825
1748715941.3044593,5.027018063646733,0.005295498762279749
1748715941.3378608,5.041647191060142,0.005986024159938097
1748715941.3713982,5.0484225648484236,0.004780218470841646
1748715941.404803,5.0591342282061955,0.006003758404403925
1748715941.4382098,5.069858423673758,0.00527551444247365
1748715941.4717064,5.080568435494378,0.005413944832980633
1748715941.5051076,5.095171405345719,0.005440654698759317
1748715941.538553,5.101928652905173,0.005939200054854155
1748715941.5719671,5.11259135067666,0.004984796047210693
1748715941.605461,5.126440701006376,0.005075955297797918
1748715941.638913,5.137089042955414,0.005644218064844608
1748715941.6722796,5.144191053991391,0.005373552907258272
1748715941.7056828,5.155202556166564,0.005987847223877907
1748715941.7392404,5.1694136536966475,0.005865527782589197
1748715941.7730312,5.180071830650513,0.0052924975752830505
1748715941.806504,5.187177410931258,0.006358328741043806
1748715941.8399045,5.197504996359677,0.005188070237636566
1748715941.873292,5.2088950223508315,0.005792960058897734
1748715941.9067016,5.223468141149171,0.0062955217435956
1748715941.940103,5.229867933995863,0.005572651047259569
1748715941.9734843,5.2405292931464516,0.005944173317402601
1748715942.0068445,5.255398846782224,0.007113202940672636
1748715942.0402625,5.265673306963043,0.005503237713128328
1748715942.0736642,5.2759575758616,0.005979789420962334
1748715942.1071186,5.286606511402317,0.005970056634396315
1748715942.1405203,5.297256635245024,0.005777699872851372
1748715942.1739247,5.308274360520295,0.0054161823354661465
1748715942.2073207,5.3185917671005996,0.005744413007050753
1748715942.240732,5.329265774124745,0.006102778948843479
1748715942.2743583,5.339961700684899,0.005215457174926996
1748715942.3077676,5.347103078417149,0.006228395737707615
1748715942.3412206,5.358158137365507,0.004588128067553043
1748715942.3745954,5.368504219960598,0.004172068554908037
1748715942.4086928,5.378834274817082,0.005828150548040867
1748715942.4422235,5.3933980440868226,0.006222521886229515
1748715942.4756305,5.403665697359905,0.0051763770170509815
1748715942.5090754,5.415371024858891,0.0061063445173203945
1748715942.5437396,5.425313154969039,0.0057929339818656445
1748715942.5772042,5.432773100498698,0.00615002540871501
1748715942.6106093,5.443437718034129,0.006308544427156448
1748715942.644018,5.454110604073651,0.005023617763072252
1748715942.677543,5.464419754219024,0.004697541240602732
1748715942.7109554,5.47542772793214,0.005607621744275093
1748715942.7443614,5.485702931446476,0.005617714952677488
1748715942.7777658,5.49632616536341,0.004241385031491518
1748715942.8111742,5.507326722957251,0.004024960100650787
1748715942.8445833,5.517272795853567,0.004108688794076443
1748715942.8780482,5.528275864992943,0.006148635875433683
1748715942.9115274,5.538941821047247,0.006229662336409092
1748715942.9451003,5.549602062109383,0.005912648048251867
1748715942.978501,5.56132833092976,0.00565090449526906
1748715943.0119233,5.570926018410235,0.005235504824668169
1748715943.0452895,5.581614856836558,0.006149090360850096
1748715943.078705,5.588737802581956,0.005386959761381149
1748715943.112111,5.599405108700122,0.0047569675371050835
1748715943.1486294,5.6097413647247105,0.00514613650739193
1748715943.182082,5.624328536414561,0.004882181063294411
1748715943.215877,5.634930349969289,0.006566812749952078
1748715943.2492828,5.646228813213789,0.007050128187984228
1748715943.2826996,5.652580768720678,0.006217555608600378
1748715943.3161044,5.664619857077773,0.006007838528603315
1748715943.3495133,5.673839299829265,0.004912625998258591
1748715943.3878968,5.68808152252601,0.005800649058073759
1748715943.4240031,5.698393082486296,0.004705518949776888
1748715943.4574084,5.713355195292487,0.005422715097665787
1748715943.4908152,5.723717651595087,0.004811950959265232
1748715943.5242245,5.730861030544293,0.006005048751831055
1748715943.5577085,5.741920205221662,0.005174831487238407
1748715943.5911064,5.752281800405133,0.005858917720615864
1748715943.6245086,5.762656496816618,0.004775913432240486
1748715943.6579647,5.773707133692094,0.0044159251265227795
1748715943.6914024,5.78079420901287,0.0029346721712499857
1748715943.724986,5.794935942553147,0.003757366444915533
1748715943.758418,5.803013508649317,0.006426167208701372
1748715943.7918975,5.812542919301155,0.005869083106517792
1748715943.825403,5.824233122548729,0.00573378661647439
1748715943.858857,5.834184082909971,0.004410212393850088
1748715943.892261,5.844470288040896,0.004261639900505543
1748715943.9256656,5.855108739424158,0.005459992215037346
1748715943.9591706,5.866128207915728,0.004651930648833513
1748715943.992671,5.872890527634456,0.004263014066964388
1748715944.0260713,5.879660040218281,0.004808485973626375
1748715944.059473,5.890408067127105,0.00457182340323925
1748715944.0929515,5.901511627250217,0.005372648127377033
1748715944.1263785,5.912574318305005,0.006273128557950258
1748715944.159799,5.918978385915482,0.006070351228117943
1748715944.1932065,5.929979391222399,0.005340462550520897
1748715944.2266183,5.937082301156495,0.0050735813565552235
1748715944.2600262,5.9473721228816725,0.0056397817097604275
1748715944.2934935,5.958374229095316,0.004601344931870699
1748715944.3269303,5.96902710144084,0.004829700570553541
1748715944.3603337,5.97934985531779,0.0048162913881242275
1748715944.3937397,5.993919192661957,0.004727598745375872
1748715944.4272397,6.004234313764521,0.004463924095034599
1748715944.4606473,6.011691800727657,0.00557594234123826
1748715944.494057,6.022690690095547,0.004679819568991661
1748715944.5274224,6.032976219690072,0.004673894960433245
1748715944.5608232,6.043971525172706,0.005831595044583082
1748715944.5944455,6.050711806251306,0.004952240735292435
1748715944.6278584,6.064584452400335,0.005260232370346785
1748715944.6612675,6.075570260131087,0.003934425767511129
1748715944.6947107,6.085894997353441,0.004992535803467035
1748715944.728251,6.100200914086649,0.004518051631748676
1748715944.7616427,6.111961280499644,0.006164784077554941
1748715944.7950482,6.118706967737762,0.005990778561681509
1748715944.8284547,6.129360937153207,0.004457972943782806
1748715944.8618634,6.14005019661269,0.0047287652269005775
1748715944.8952727,6.150007006521512,0.005492884665727615
1748715944.928677,6.16137270140199,0.004209039267152548
1748715944.9620767,6.171675136601907,0.003758974839001894
1748715944.9955275,6.182345050738355,0.0038607402238994837
1748715945.0289435,6.189465447376845,0.004391477443277836
1748715945.062413,6.200163022662676,0.004122598096728325
1748715945.0958269,6.21083108129638,0.00469836825504899
1748715945.1292567,6.221443667326861,0.005117138847708702
1748715945.16266,6.2320384979777375,0.003943668212741613
1748715945.196092,6.239133213384409,0.0039356364868581295
1748715945.2294984,6.249437778819982,0.0037052135448902845
1748715945.2629833,6.260467675788804,0.0030941269360482693
1748715945.2963848,6.2711414128473715,0.0030978641007095575
1748715945.3297863,6.281819437449486,0.0026869087014347315
1748715945.3632076,6.292488363254087,0.0037934144493192434
1748715945.3967445,6.299249793833004,0.00313899596221745
1748715945.4301777,6.313850814492569,0.0032434307504445314
1748715945.4635913,6.325954165783187,0.0034900642931461334
1748715945.4969993,6.3348584446772955,0.0028648260049521923
1748715945.530366,6.345925984849293,0.0030961858574301004
1748715945.5638402,6.356617427196826,0.002285922411829233
1748715945.597237,6.367291706967668,0.0017528721364215016
1748715945.6308234,6.377960680753841,0.002379254437983036
1748715945.664862,6.388268143439251,0.002521809656172991
1748715945.6981647,6.3996532022418995,0.002508201403543353
1748715945.7315664,6.409986781562424,0.0034599672071635723
1748715945.7651107,6.420623898017874,0.002713472582399845
1748715945.798514,6.431159819753262,0.0006952239782549441
1748715945.831919,6.441360911457722,0.00160624785348773
1748715945.8653297,6.452690626480786,0.0010873973369598389
1748715945.8987508,6.46334433638306,0.0015576062723994255
1748715945.9321508,6.473632423118052,2.180986302846577e-05
1748715945.9655614,6.483938556192702,0.001495705801062286
1748715945.9990742,6.4946335619606055,0.001416487735696137
1748715946.0331109,6.505691202359832,0.002706751925870776
1748715946.0666568,6.5202893355864004,0.0013341380981728435
1748715946.1000643,6.527086295615057,0.001901075360365212
1748715946.133761,6.537793398249984,0.0008804538520053029
1748715946.1673963,6.549221512464946,0.0014729459071531892
1748715946.2009459,6.559209225371885,0.0004334883706178516
1748715946.2343915,6.569539507638105,0.0002289272379130125
1748715946.2678149,6.5770144300690365,0.0005712118581868708
1748715946.301218,6.591253096707715,0.0009085049969144166
1748715946.3346283,6.601929764459187,-0.0002571207587607205
1748715946.370351,6.612599083459491,0.0005663465126417577
1748715946.4037645,6.623229661264114,0.0010192658519372344
1748715946.4371612,6.633792333204406,-0.001154769561253488
1748715946.4705935,6.644329230730002,-0.003195130033418536
1748715946.5040526,6.655211744830096,-0.0011421330273151398
1748715946.537465,6.665394107157583,-1.983385573112173e-06
1748715946.5708964,6.675929307328986,-0.0011363420635461807
1748715946.6043046,6.686515441194884,-0.0017509250901639462
1748715946.6377063,6.6971279485353055,-0.0009427305776625872
1748715946.6711237,6.707782384039839,-0.0016560869989916682
1748715946.704567,6.718817094891501,-0.0002797722409013659
1748715946.7379847,6.729480138403639,-0.0017455528723075986
1748715946.7714176,6.739797214240532,-0.0018851347267627716
1748715946.805143,6.754030952715675,-0.0010199210373684764
1748715946.8385732,6.761147373571688,-0.0016158276703208685
1748715946.8719707,6.773246661148804,-0.0011773420264944434
1748715946.9053993,6.783208787159019,-0.001290031592361629
1748715946.9388068,6.79317007665483,-0.0018380209803581238
1748715946.9722435,6.803490875483297,-0.001791253685951233
1748715947.0056336,6.818089620921151,-0.001071058795787394
1748715947.0390446,6.828412273858498,-0.0013112975284457207
1748715947.0724416,6.8394505564756525,-0.002170092659071088
1748715947.1062243,6.850493185549854,-0.0019121066434308887
1748715947.1397734,6.86474022208511,-0.0007972413441166282
1748715947.1733038,6.875418643666319,-0.0010119682410731912
1748715947.2068584,6.881819705452567,-0.0009466080227866769
1748715947.2402565,6.892874124046046,-0.001876489957794547
1748715947.2736673,6.90360888212436,-0.0009989255340769887
1748715947.3070595,6.917879843621809,-0.0011716262670233846
1748715947.3405094,6.928207327962567,-0.00181121367495507
1748715947.3739474,6.939246104426771,-0.0014810271095484495
1748715947.4073596,6.949941823270352,-0.002209111349657178
1748715947.4408731,6.960632468441025,-0.001747604925185442
1748715947.4743905,6.97273079459881,-0.001457368372939527
1748715947.5080292,6.978424285355849,-0.0017356566386297345
1748715947.5414338,6.9908811421308625,-0.0012766649015247822
1748715947.5748389,7.003324779811557,-0.0016919787740334868
1748715947.6082716,7.010084611561715,-0.002136913128197193
1748715947.641702,7.024677984072602,-0.0012188928667455912
1748715947.6751513,7.035379923460134,-0.0021703154779970646
1748715947.7085574,7.042521956631022,-0.0016103617381304502
1748715947.742379,7.053263420869615,-0.0018738708458840847
1748715947.7768774,7.067559854164565,-0.0010981304803863168
1748715947.810286,7.078612088666411,-0.0006935046403668821
1748715947.8437426,7.088951910603811,-0.0011654517147690058
1748715947.8779268,7.09929063931413,-0.0006344947614707053
1748715947.9114416,7.110329601232268,-0.001367936609312892
1748715947.944934,7.121009017780369,-0.0018260119250044227
1748715947.978345,7.131694929557097,-0.0015293635660782456
1748715948.0117142,7.142379168093794,-0.0020071754697710276
1748715948.0451283,7.1530745658437,-0.0011220065644010901
1748715948.0785985,7.16377103638939,-0.0013440011534839869
1748715948.1120477,7.174447446375132,-0.000983912032097578
1748715948.1455,7.184755711093701,-0.00048236592556349933
1748715948.1790469,7.196100352219679,-0.0018725860863924026
1748715948.212583,7.206365518859635,-0.001166147063486278
1748715948.2460556,7.216968445963999,-4.58579852420371e-05
1748715948.2794206,7.227197983570376,-0.0005556600517593324
1748715948.3128333,7.237812468317916,-0.0011920926626771688
1748715948.3462362,7.248799801664681,-0.001275129383429885
1748715948.3796396,7.259807047824973,-0.0007452581776306033
1748715948.4131074,7.2701038398940785,-0.00027021061396226287
1748715948.4465039,7.277559730351794,0.00039682190981693566
1748715948.4799063,7.2878654476046565,-0.00046805202146060765
1748715948.5133383,7.298554168202895,0.00026275537675246596
1748715948.5467384,7.309236879815766,-0.0009563351050019264
1748715948.5801432,7.319551125480135,-0.0016534669557586312
1748715948.6135173,7.330879324453456,-0.0013090340653434396
1748715948.6469223,7.337922436006921,0.0009217431070283055
1748715948.6803215,7.351732867377585,0.00013880193000659347
1748715948.713806,7.362337876008746,0.0009625354432500899
1748715948.7472465,7.372585090630081,0.0023806423414498568
1748715948.7819004,7.380009051953988,0.0010224501602351665
1748715948.81531,7.394190630714748,0.0019778560381382704
1748715948.848779,7.404466358352839,0.0013501731446012855
1748715948.8822489,7.415467031000651,0.0008093083743005991
1748715948.9156961,7.42576778119087,0.001458206563256681
1748715948.9490943,7.439977587458277,0.0005716670420952141
1748715948.9825008,7.451300469888747,0.001300154603086412
1748715949.0158918,7.461485965304567,0.0032863286323845387
1748715949.0493143,7.4717328200532105,0.0029889473225921392
1748715949.0827127,7.479206230418883,0.0034375127870589495
1748715949.1161032,7.489875025475317,0.0018953217659145594
1748715949.1495967,7.500498931752674,0.0003251995949540287
1748715949.1831875,7.511475665305705,0.0004796702996827662
1748715949.216839,7.52172062632281,0.0016425780486315489
1748715949.2502415,7.532286811936833,0.004111393354833126
1748715949.283847,7.543229046030215,0.00314159388653934
1748715949.3172543,7.5531106784029935,0.002757868729531765
1748715949.3506608,7.5640894715917195,0.0032858082558959723
1748715949.384357,7.57432637951437,0.0010870764963328838
1748715949.4177709,7.584854629540757,0.001928537618368864
1748715949.4512148,7.595456917217428,0.000905363995116204
1748715949.4846163,7.606440486347872,0.0008233662229031324
1748715949.5180306,7.617074036096464,0.0013803568435832858
1748715949.5514395,7.6277266731943705,0.0016260679112747312
1748715949.5851243,7.638402078268905,0.0010332493111491203
1748715949.6185286,7.650183199211557,0.0014407560229301453
1748715949.6519358,7.659840490797372,0.00072692078538239
1748715949.6856396,7.67020355749961,0.0017424599500373006
1748715949.7190745,7.680883882640441,0.0014491701731458306
1748715949.752476,7.691531566514025,0.00042602611938491464
1748715949.7859051,7.706439494772436,0.00033532356610521674
1748715949.8193612,7.7167316188594,0.0011401147348806262
1748715949.8542256,7.727032292254869,0.0011159401619806886
1748715949.8888013,7.741602577710525,0.0013036290183663368
1748715949.922414,7.75225887174854,0.0007866150699555874
1748715949.9558647,7.7629238144441715,0.0007369145750999451
1748715949.9892688,7.773590643388738,0.0004131079185754061
1748715950.0227954,7.784254723743569,0.0012343123089522123
1748715950.0561616,7.794541140895512,-9.894976756186225e-06
1748715950.089579,7.80555515288334,0.0001890739513328299
1748715950.1263304,7.819762102779804,1.813190829125233e-05
1748715950.1597326,7.830061876926509,0.001225409097969532
1748715950.1931424,7.841069621641437,0.00108107749838382
1748715950.22655,7.851370145621866,-6.494702392956242e-05
1748715950.259963,7.865955811562234,0.0002633336407598108
1748715950.2934275,7.876981249500514,0.00010169739107368514
1748715950.3268282,7.887301938802937,0.00035865025711245835
1748715950.360233,7.894776159004168,-0.00047829854884184897
1748715950.3936303,7.905115267495475,6.664641114184633e-05
1748715950.4271667,7.916171245122204,-0.00022529666603077203
1748715950.460568,7.926510075680811,0.0003642570227384567
1748715950.494108,7.9407523897471455,5.1406845159363e-05
1748715950.527518,7.948219670247764,-0.000560294312890619
1748715950.5609736,7.962497687825983,-7.71239647292532e-05
1748715950.5943727,7.968922771301362,-0.001314216642640531
1748715950.6278257,7.981437581871854,-0.0006255306652747095
1748715950.6613147,7.99145892449646,-0.0013907109387218952
1748715950.6947126,8.001463012787438,-0.0010140073718503118
1748715950.7281373,8.012161396623977,-0.0009276462369598448
1748715950.7615583,8.022859976458317,-0.0010931664146482944
1748715950.7955875,8.034246907826825,-0.0005141014116816223
1748715950.8291228,8.043825592794885,0.000306390633340925
1748715950.86252,8.055181581105078,-0.0006014730897732079
1748715950.897173,8.065161916882477,-0.0004574889608193189
1748715950.9305882,8.075867144841176,-0.001124736969359219
1748715950.9641,8.086944143620142,-0.0007813694537617266
1748715950.9975953,8.097640632789425,-0.00134693190921098
1748715951.031001,8.108322851455759,-0.001603626413270831
1748715951.0644104,8.12292069708126,-0.0012677671620622277
1748715951.0978265,8.133244163982377,-0.0006370249320752919
1748715951.1313748,8.140365345303346,-0.00027394527569413185
1748715951.1650321,8.154602018006882,-0.0011952287750318646
1748715951.1984465,8.161715518876008,-0.0010205613216385245
1748715951.231996,8.175930000525922,-0.0006048810319043696
1748715951.265454,8.186942132514844,-0.001125125796534121
1748715951.2989893,8.196894750244107,-0.0013093665475025773
1748715951.332395,8.20471010795229,-0.0009712115861475468
1748715951.3659813,8.218212265150338,1.689873715804424e-05
1748715951.399394,8.229275480259478,0.00013099545321892947
1748715951.4328709,8.239959572148173,0.0011801904765889049
1748715951.4663098,8.25098804443136,-0.00026039109798148274
1748715951.4997163,8.261348932879127,0.000356626434950158
1748715951.5331876,8.272091259934898,-0.00036453260690905154
1748715951.5666945,8.279245815347569,0.0002247115335194394
1748715951.6001487,8.289980469292862,-6.620214116992429e-05
1748715951.6335552,8.300681651214944,-4.4521970266941935e-05
1748715951.666962,8.311746991284643,-9.642515215091407e-05
1748715951.7004619,8.321728317341835,0.001055674976669252
1748715951.733886,8.33277142492998,-8.257988520199433e-05
1748715951.7672927,8.343439379361794,0.001899054041132331
1748715951.8007116,8.354030182447572,0.001963189337402582
1748715951.8341134,8.364236719253563,9.232349111698568e-05
1748715951.867514,8.379464986499988,-5.732506906497292e-05
1748715951.9009192,8.38939630533426,0.0010241325944662094
1748715951.934317,8.40006628601305,4.9795882659964263e-05
1748715951.9683046,8.410738856007404,9.405539458384737e-05
1748715952.0017674,8.417854224648867,-7.277566328411922e-05
1748715952.0352094,8.428513442576639,-4.894455923931673e-05
1748715952.0686617,8.439177432226904,-0.000215544190723449
1748715952.1021094,8.450192400833746,-0.00048207142390310764
1748715952.1355064,8.456948222789807,-0.0001374050771119073
1748715952.1689036,8.467635403204508,-0.0014241529861465096
1748715952.2023017,8.478342684174152,-0.0009032446541823447
1748715952.235779,8.48866618033989,-0.0007739377906545997
1748715952.2692559,8.499686857489348,-0.0007311765220947564
1748715952.302659,8.509996083605802,0.00017736411246005446
1748715952.3362467,8.521029420235495,-0.00029477672069333494
1748715952.3696826,8.531718238382679,0.00014417030615732074
1748715952.4030972,8.542392773264535,-0.0004441780911292881
1748715952.4365056,8.553054004208631,-0.0009466714109294116
1748715952.469913,8.563724715098148,-0.0009583456558175385
1748715952.5033512,8.571191984910952,-0.0008995909593068063
1748715952.5367477,8.585068128600001,-0.0008443513652309775
1748715952.5702152,8.595738976368072,-0.00025804073084145784
1748715952.6036162,8.606407896401887,-0.0008460991084575653
1748715952.6370661,8.616721900720387,-0.0006650322466157377
1748715952.6704762,8.62774455910708,-0.0006222957163117826
1748715952.7043896,8.638394569331137,-0.0017596945399418473
1748715952.7378695,8.6490691958994,-0.0011312194401398301
1748715952.7720747,8.659753479498772,-0.00169524853117764
1748715952.8054864,8.673990883162281,-0.0014919901732355356
1748715952.838885,8.681107235519216,-0.0016144101973623037
1748715952.8723483,8.691795962223388,-0.001172760035842657
1748715952.9057534,8.70251176287529,-0.001590196741744876
1748715952.9392169,8.713217732684504,-0.0004495168395806104
1748715952.9726174,8.723908684273177,-0.000830584205687046
1748715953.0059967,8.734588042623693,-0.001511851791292429
1748715953.0407653,8.745282565036188,-0.0010422223713248968
1748715953.0741832,8.75561475569523,-0.0015278857899829745
1748715953.1075904,8.766648832163007,-0.001482340507209301
1748715953.1409955,8.77376410184534,-0.0006855049869045615
1748715953.1748173,8.784447324879661,-0.0015041881706565619
1748715953.2082236,8.794770925567493,-0.0010258957045152783
1748715953.2416363,8.805808180683236,-0.0007557384087704122
1748715953.2750368,8.816500523111849,0.0004099458165001124
1748715953.3084538,8.823978553819797,-0.0005558921257033944
1748715953.341834,8.837835710103823,-0.0012787020532414317
1748715953.3752747,8.848869745190745,-0.0012453983072191477
1748715953.4086516,8.858855644212035,-0.0007995841442607343
1748715953.442016,8.865981550367058,-0.0005376487388275564
1748715953.4754467,8.880548269529063,-0.001494693337008357
1748715953.5088546,8.891172306312786,-0.00033231996349059045
1748715953.5422661,8.901831169745867,-0.0011822968954220414
1748715953.5756726,8.90895145185941,-0.0006599599146284163
1748715953.6090765,8.923193620712556,-0.0005888513405807316
1748715953.642447,8.93387099698993,-0.0006532131228595972
1748715953.675858,8.944546520070507,-0.0012015128741040826
1748715953.7092202,8.955230656242364,-0.0013250468764454126
1748715953.7426176,8.96592039946205,-0.0009834516094997525
1748715953.7771764,8.973040498263172,2.7904443413717672e-05
1748715953.810574,8.987272500938372,-0.000986437895335257
1748715953.843981,8.994384096257848,0.00017520399705972522
1748715953.8773842,9.005052935217003,0.0009571734117344022
1748715953.9108682,9.015730342485503,0.001032965607009828
1748715953.9442718,9.026392573988417,0.0003988055104855448
1748715953.9777334,9.037083705559626,-0.0006101726903580129
1748715954.0111806,9.047788308226778,0.00020531422342173755
1748715954.044591,9.054925910886288,-0.0006103756604716182
1748715954.0780413,9.065652974209723,-0.00036426191218197346
1748715954.1114416,9.076390455578945,-0.0006575437146238983
1748715954.1448848,9.08676778942877,0.0005731391720473766
1748715954.1783159,9.097835896857077,6.202491204021499e-05
1748715954.2117667,9.10885761309837,-0.0006050104275345802
1748715954.2452157,9.11560483710076,0.00023245572810992599
1748715954.2786455,9.1308703768475,-0.0002018843515543267
1748715954.3120933,9.14152028475453,-0.0007106382981874049
1748715954.3457613,9.1518438766472,1.1558572623471264e-05
1748715954.379164,9.158253549019665,-0.0004754880501423031
1748715954.4125645,9.169994293539434,-0.0007343455217778683
1748715954.4459722,9.179956381004796,-0.0006100121536292136
1748715954.48063,9.190268464372659,-0.0006373136420734227
1748715954.5140386,9.200579585726954,-0.000486498000100255
1748715954.5474565,9.211256965944717,-0.0008364806999452412
1748715954.5808551,9.222291915902929,-0.00031604518881067634
1748715954.6143324,9.22976880521804,-0.000784885254688561
1748715954.647707,9.239729045528117,-0.0009351381449960172
1748715954.6811054,9.250749680178409,-0.0007056929171085358
1748715954.7145095,9.264955690257928,-0.0011728220852091908
1748715954.7479234,9.272057672875171,-0.0007669402402825654
1748715954.7813263,9.28662708760151,-0.0012822948629036546
1748715954.814735,9.293382937005632,-0.0011999246198683977
1748715954.8481383,9.30406029647766,-0.0012907712953165174
1748715954.8815618,9.315074315678658,-0.0013616319047287107
1748715954.915325,9.325752646677909,-0.0015450948849320412
1748715954.9487991,9.336061886634353,-0.0015208552358672023
1748715954.9822016,9.346745939836294,-0.0016920064808800817
1748715955.0156903,9.357406184849017,-0.0018555587157607079
1748715955.0490577,9.368074031435343,-0.00197236193343997
1748715955.0824997,9.378382362258732,-0.0021324288100004196
1748715955.1159003,9.389406945851537,-0.0023605325259268284
1748715955.1496327,9.400074783401598,-0.002443070290610194
1748715955.1830459,9.410744648825894,-0.002713887020945549
1748715955.21658,9.421054911812352,-0.00277878949418664
1748715955.2503965,9.428528953532423,-0.003004322061315179
1748715955.2838924,9.43919023043077,-0.003220571670681238
1748715955.3178248,9.449867623270594,-0.003152532037347555
1748715955.351317,9.461254723777342,-0.0035024629905819893
1748715955.3847086,9.471212254418795,-0.0037049322854727507
1748715955.4181154,9.481878065927816,-0.0033972880337387323
1748715955.4515324,9.492541178151642,-0.003464770969003439
1748715955.4850314,9.503208225962856,-0.0036030637566000223
1748715955.5184329,9.51031307746776,-0.003399275941774249
1748715955.5523055,9.52098292382603,-0.003651784500107169
1748715955.5858414,9.531648933365853,-0.0036840708926320076
1748715955.619246,9.542313924541393,-0.003632413921877742
1748715955.6526403,9.552985645649557,-0.0036820448003709316
1748715955.686138,9.563642116014709,-0.0037135060410946608
1748715955.719931,9.574307990785941,-0.0035585646983236074
1748715955.7533038,9.58462488491361,-0.0035320641472935677
1748715955.7867622,9.595639859594668,-0.003474982688203454
1748715955.8201878,9.60631349656107,-0.0035563025157898664
1748715955.8535964,9.617334162239391,-0.0034332158975303173
1748715955.8870058,9.62444487249195,-0.003609187202528119
1748715955.920804,9.634756027649324,-0.003446741960942745
1748715955.9592335,9.648973413236295,-0.0033054319210350513
1748715955.992637,9.659644113247332,-0.0033130731899291277
1748715956.0260425,9.670302414784368,-0.0032603528816252947
1748715956.059459,9.681677912287197,-0.003280934877693653
1748715956.0928977,9.691629526677662,-0.0032048721332103014
1748715956.126297,9.701936828703374,-0.003072457853704691
1748715956.1603303,9.712959461186188,-0.00309419771656394
1748715956.1937277,9.72361487655307,-0.0029540150426328182
1748715956.2273302,9.734272102682592,-0.0026987665332853794
1748715956.2607355,9.744934204065151,-0.0026219820138067007
1748715956.2941437,9.755605818726819,-0.0025646609719842672
1748715956.3275535,9.76946272258988,-0.002480089198797941
1748715956.360936,9.780488206773871,-0.002571353456005454
1748715956.3943732,9.787597798821178,-0.0023058252409100533
1748715956.4277565,9.798265594206507,-0.0022216506768018007
1748715956.4611647,9.808935359826052,-0.0023717295844107866
1748715956.494572,9.8196031511516,-0.0021865766029804945
1748715956.5285287,9.83026900599315,-0.0020219171419739723
1748715956.5619435,9.837380574234135,-0.002100401557981968
1748715956.5954998,9.8484021884864,-0.001891488442197442
1748715956.6291432,9.858713289710948,-0.0017741018673405051
1748715956.662691,9.869372486363854,-0.0016334839165210724
1748715956.696106,9.879685581307767,-0.0018538464792072773
1748715956.7295122,9.89071672527648,-0.001718925079330802
1748715956.762926,9.901390217494503,-0.0014540887204930186
1748715956.7962751,9.911706089589396,-0.0013689028564840555
1748715956.8296816,9.922367230768353,-0.001373959006741643
1748715956.8631222,9.9333869201517,-0.001263136975467205
1748715956.896705,9.944044273757012,-0.0014489836758002639
1748715956.9310372,9.954708313330205,-0.0016400603344663978
1748715956.9644372,9.965370405475849,-0.0015788946766406298
1748715956.997931,9.976040147951267,-0.001642683637328446
1748715957.031334,9.986338889457407,-0.001577103161253035
1748715957.0647678,9.998068106903858,-0.0013838913291692734
1748715957.0981827,10.007665099258512,-0.0021447886247187853
1748715957.131585,10.018678254440918,-0.002140524098649621
1748715957.1649852,10.029332687500979,-0.0019635395146906376
1748715957.1983933,10.036080971621656,-0.002316803904250264
1748715957.2325208,10.047099950201344,-0.0028580590151250362
1748715957.2659743,10.05778307266293,-0.0025784685276448727
1748715957.299412,10.06454659003676,-0.0031788607593625784
1748715957.3328204,10.079132697429957,-0.0038865869864821434
1748715957.366229,10.089450482425473,-0.00349243450909853
1748715957.3997757,10.100473194512286,-0.0037405199836939573
1748715957.4331765,10.111138479030629,-0.004277131520211697
1748715957.4666014,10.121445899764048,-0.004050846211612225
1748715957.5000005,10.132466545613235,-0.0040300218388438225
1748715957.5335507,10.14313205966146,-0.004889240954071283
1748715957.5669744,10.153796665818454,-0.005301694851368666
1748715957.6003919,10.160552522519836,-0.005047488026320934
1748715957.6340094,10.175133790917789,-0.0056059048511087894
1748715957.6674376,10.182248412391228,-0.005653740838170052
1748715957.7008452,10.193281284072375,-0.005135148763656616
1748715957.734245,10.207144461452797,-0.005628298036754131
1748715957.7676618,10.214250779564884,-0.006202750839293003
1748715957.801082,10.225270916253448,-0.006286944728344679
1748715957.834636,10.239162801763422,-0.005541449878364801
1748715957.8684897,10.249843342133802,-0.005828670226037502
1748715957.9018953,10.260520122093482,-0.006037070415914059
1748715957.9352448,10.271198210517062,-0.005167681723833084
1748715957.969001,10.28189598705512,-0.005798981059342623
1748715958.0025883,10.292601593061184,-0.005171882454305887
1748715958.035973,10.299365894852004,-0.004875721875578165
1748715958.069373,10.310002237902228,-0.005851109977811575
1748715958.1027923,10.322772775261903,-0.004815542604774237
1748715958.136199,10.33197846431748,-0.004517280030995607
1748715958.169609,10.34224538678571,-0.00522766076028347
1748715958.20319,10.349332202105964,-0.00500054145231843
1748715958.2366087,10.360300018523398,-0.004040668252855539
1748715958.270036,10.37021186109123,-0.004900805186480284
1748715958.3036575,10.381181880900451,-0.005456482991576195
1748715958.3389404,10.388238298769306,-0.003905337769538164
1748715958.372395,10.398509797694624,-0.00439946074038744
1748715958.4057744,10.40948002655398,-0.005204421933740377
1748715958.439213,10.420835317602013,-0.0035710774827748537
1748715958.4726193,10.430794667671252,-0.0034892887342721224
1748715958.5060637,10.441444139568738,-0.004332195036113262
1748715958.5394702,10.455666306230713,-0.003692345693707466
1748715958.5728676,10.462431470356478,-0.002763850148767233
1748715958.6062677,10.473474284672433,-0.0028616904746741056
1748715958.640813,10.483774352796612,-0.003506776411086321
1748715958.6742532,10.494757078816244,-0.0031785110477358103
1748715958.707658,10.50502400002131,-0.0022595205809921026
1748715958.7411156,10.51598581226326,-0.0020889118313789368
1748715958.7746615,10.526919730825188,-0.0033024190925061703
1748715958.8080735,10.536816949629026,-0.0035140151157975197
1748715958.8415787,10.548458648165845,-0.0017721927724778652
1748715958.8750196,10.558357380016089,-0.002608030568808317
1748715958.908424,10.565087902861125,-0.001395989442244172
1748715958.9418292,10.579532150423008,-0.0019731333013623953
1748715958.9752393,10.590133304224487,-0.002204983728006482
1748715959.0093539,10.600756373352386,-0.0023200088180601597
1748715959.0427747,10.614883855302079,-0.0033272618893533945
1748715959.076259,10.622307940053592,-0.0025991108268499374
1748715959.109666,10.632928249676754,-0.002665663370862603
1748715959.1430812,10.646383406021059,-0.003765583038330078
1748715959.1765563,10.657015707956786,-0.002808478195220232
1748715959.2099593,10.668038176844076,-0.0023710131645202637
1748715959.243373,10.678344167816684,-0.003477406455203891
1748715959.2767854,10.689363212968722,-0.003511234885081649
1748715959.310187,10.70003195718985,-0.0032465681433677673
1748715959.343627,10.7107194438378,-0.0019529826240614057
1748715959.3771927,10.724959988507873,-0.002104109385982156
1748715959.410729,10.732068903768365,-0.002527456032112241
1748715959.444273,10.742379219888477,-0.0010678628459572792
1748715959.4776983,10.753768160410639,-0.0010054802987724543
1748715959.5111105,10.764057672222485,-0.0021263298112899065
1748715959.5445483,10.774315653610353,-0.001357518252916634
1748715959.579542,10.785595489489129,-7.680329758841253e-07
1748715959.61298,10.795811058055783,-0.0010195357026532292
1748715959.6463826,10.809923795726942,-0.0010995662305504084
1748715959.6798697,10.817005725777973,-0.00011842935782624409
1748715959.7133799,10.827646021061788,-0.0004486084799282253
1748715959.7467837,10.838298580215831,-0.0003666059928946197
1748715959.7803607,10.845403456832111,-0.00018260454817209393
1748715959.813817,10.859617991315647,4.3760010157711804e-05
1748715959.8472338,10.86992530771091,6.941232277313247e-05
1748715959.8806624,10.880943110024363,0.00020099087851122022
1748715959.9140937,10.891605193138997,0.00029776321025565267
1748715959.9475331,10.901911562774988,0.0004488839767873287
1748715959.9809825,10.91648180642004,0.0003309886669740081
1748715960.0144742,10.923590517807934,2.8899687094963156e-05
1748715960.0487263,10.93462074461231,0.0005003059050068259
1748715960.0821302,10.944583805004651,0.0003310103784315288
1748715960.1156182,10.955604465160963,0.0003126442898064852
1748715960.1490333,10.965912735810855,0.000369937188224867
1748715960.1824663,10.973376199389332,0.00045542072621174157
1748715960.2160194,10.987591672958542,0.00040116175659932196
1748715960.2496352,10.998252808367278,0.0005476578371599317
1748715960.283043,11.008913934074895,0.0004396761069074273
1748715960.3164752,11.019574110745292,0.0005691710975952446
1748715960.3503783,11.030234294695958,0.0006256566848605871
1748715960.3838453,11.040894458506079,0.0004669562622439116
1748715960.418698,11.053331365070065,0.0008464357233606279
1748715960.4522088,11.065766300788955,0.0004163686535321176
1748715960.4856992,11.073225970734073,0.0008972706273198128
1748715960.5191288,11.083531371417012,0.0003652161394711584
1748715960.5525315,11.094203033276903,0.00090642279246822
1748715960.5859797,11.104887118839553,0.0003205105022061616
1748715960.6196275,11.1159221333089,0.0008492021006532013
1748715960.6530592,11.126239938582364,0.0005738125764764845
1748715960.6864688,11.133114972454075,0.00040793640073388815
1748715960.7212114,11.142615478338275,0.00040677731158211827
1748715960.754627,11.14753931682447,0.0004981631645932794
1748715960.7880335,11.151477102417727,0.00026054299087263644
1748715960.8217077,11.15512017430225,0.0005255289142951369
1748715960.8551211,11.157530113985478,0.00045497313840314746
1748715960.888528,11.160756400232987,0.0004431220004335046
1748715960.9219348,11.164131465019784,0.0005492178024724126
1748715960.9552891,11.16736347144867,0.0005465311696752906
1748715960.9887872,11.17057736112769,0.0006458733696490526
1748715961.0221422,11.173890439913926,0.0006154009024612606
1748715961.0555494,11.176984156820911,0.0005729776457883418
1748715961.0891116,11.180183729863638,0.00048163774772547185
1748715961.1225176,11.183701833008966,0.00040232244646176696
1748715961.1559155,11.186579127335934,0.0007480601198039949
1748715961.189322,11.189775850445216,0.0005914635257795453
1748715961.2227514,11.193079384417349,0.0006464696489274502
1748715961.2562356,11.196276105629632,0.000672560534439981
1748715961.2896824,11.19936603056679,0.0007608045125380158
1748715961.323092,11.201390699744422,0.0006739877280779183
1748715961.3565042,11.204695204346606,0.0007204081048257649
1748715961.3899243,11.207997878784369,0.0011727868113666773
1748715961.423336,11.211213761667642,0.0005889228777959943
1748715961.4567368,11.214243165947266,0.0009200414642691612
1748715961.4901476,11.217595396568317,0.0009769070893526077
1748715961.523556,11.220822770726322,0.001342765404842794
1748715961.5570383,11.225241141965332,0.0011680771131068468
1748715961.5904384,11.228886102186543,0.001208445173688233
1748715961.6238506,11.231398074666833,0.001179249957203865
1748715961.6572938,11.235085970370003,0.0013722575968131423
1748715961.690759,11.240310224681492,0.001345700933597982
1748715961.7241883,11.24270977917009,0.0017966189188882709
1748715961.7576532,11.246602752003405,0.0014807104598730803
1748715961.791085,11.250318300515358,0.001330275321379304
1748715961.824491,11.254113028389284,0.0015633490402251482
1748715961.8579895,11.257483318396309,0.0016242479905486107
1748715961.8913927,11.261278017234407,0.0016753203235566616
1748715961.9250119,11.264666436986232,0.0016739696729928255
1748715961.9584413,11.2681177498873,0.0014686136273667216
1748715961.9920251,11.271398489871421,0.0018477083649486303
1748715962.025465,11.274846025222951,0.0015866494504734874
1748715962.0588648,11.278131513706555,0.0019073756411671638
1748715962.092267,11.281471257897191,0.0016980390064418316
1748715962.125669,11.284541189233572,0.0018970007076859474
1748715962.160216,11.287774139050795,0.001787847257219255
1748715962.1937132,11.291769086791476,0.001776086981408298
1748715962.2272816,11.294781779291442,0.0018629570258781314
1748715962.260688,11.297749583435934,0.0016820667078718543
1748715962.2941537,11.300669746184393,0.0017765479860827327
1748715962.327572,11.304495927039667,0.0016795614501461387
1748715962.3609705,11.307408616493962,0.002016753423959017
1748715962.3943415,11.309172888086605,0.001760596176609397
1748715962.4277124,11.311919639274548,0.002194320783019066
1748715962.4612327,11.314536628252739,0.0019060804042965174
1748715962.4946792,11.318261878978907,0.0023499662056565285
1748715962.5286918,11.319915569540523,0.0021123073529452085
1748715962.5621054,11.322490480983532,0.0022152673918753862
1748715962.5955334,11.32594467058913,0.0019633322954177856
1748715962.6290376,11.327605990371012,0.0020762779749929905
1748715962.662562,11.329992116403467,0.0020719266030937433
1748715962.6959887,11.332408694232495,0.001938283327035606
1748715962.7295418,11.334792947931604,0.002055561635643244
1748715962.762947,11.337373554801061,0.0018839535769075155
1748715962.7964108,11.339450756977758,0.0021215362939983606
1748715962.8298478,11.340972832509237,0.0016840219032019377
1748715962.8632908,11.34323318719292,0.0020169569179415703
1748715962.896692,11.345533534332944,0.0017096472438424826
1748715962.9301095,11.34836619621899,0.002064916305243969
1748715962.9635177,11.35043969145603,0.0016281631542369723
1748715962.9969223,11.352686714933338,0.0020483520347625017
1748715963.030327,11.354681811024346,0.001877033500932157
1748715963.0637908,11.356779939671728,0.0020463517867028713
1748715963.0971897,11.358717819337004,0.0020238813012838364
1748715963.1305935,11.360684309395655,0.0020945549476891756
1748715963.1639876,11.362706140201203,0.002008935669437051
1748715963.1974409,11.364550558344257,0.002057023113593459
1748715963.230888,11.36643121252387,0.002052258001640439
1748715963.2642918,11.36828133937898,0.0018393169157207012
1748715963.2983453,11.37012212673777,0.0022569820284843445
1748715963.3317552,11.371928422126091,0.002046003704890609
1748715963.3651645,11.37369276875146,0.002156119327992201
1748715963.3985806,11.375426557028634,0.0021576385479420424
1748715963.4319966,11.376630103955334,0.002184858312830329
1748715963.4655101,11.378926693091923,0.0023407749831676483
1748715963.4989698,11.380420051895554,0.0019237453816458583
1748715963.5327542,11.382117697492884,0.0022936526220291853
1748715963.5662227,11.383201064925165,0.0020603782031685114
1748715963.5996222,11.38532776203921,0.0022109670098870993
1748715963.6330643,11.386365334680637,0.0020502591505646706
1748715963.6666915,11.388406334724223,0.0023355605080723763
1748715963.7003372,11.389907429173615,0.002257834654301405
1748715963.7338252,11.391385714167548,0.002142127137631178
1748715963.767256,11.392358502315632,0.0023340373300015926
1748715963.8006783,11.393802386696933,0.0022954887244850397
1748715963.8340945,11.395271054352333,0.0023031632881611586
1748715963.8680043,11.396619850097425,0.002294800477102399
1748715963.9014554,11.397989309813505,0.0022477356251329184
1748715963.934893,11.399351151616012,0.0021489961072802544
1748715963.968451,11.40068061903677,0.0022383402101695538
1748715964.001812,11.40195668252824,0.0022874195128679276
1748715964.0352254,11.403297549901392,0.0022495470475405455
1748715964.068643,11.404564028066883,0.0022304770536720753
1748715964.102108,11.405819063378033,0.0022049315739423037
1748715964.135521,11.407459397702356,0.002214332576841116
1748715964.1688824,11.408262444079927,0.0022736203391104937
1748715964.2022905,11.409486944848835,0.0021482964511960745
1748715964.2356975,11.410616160471818,0.001996756996959448
1748715964.269095,11.411766506325515,0.0022797370329499245
1748715964.302525,11.4125257748839,0.0023391947615891695
1748715964.335924,11.414036422156626,0.002297336235642433
1748715964.3694816,11.415138922648236,0.002402514684945345
1748715964.403417,11.416224188954377,0.002393829170614481
1748715964.436831,11.417296113477196,0.0023176956456154585
1748715964.4702444,11.417998010526544,0.0022391655948013067
1748715964.5036483,11.419039432885588,0.0023296247236430645
1748715964.537064,11.420410971064568,0.0024157867301255465
1748715964.57046,11.421086157705654,0.0022981136571615934
1748715964.6038656,11.422076085136432,0.0023652336094528437
1748715964.6372747,11.423058402283122,0.0024372050538659096
1748715964.6706905,11.424017780984524,0.00237463740631938
1748715964.70511,11.424616771399753,0.0025762724690139294
1748715964.7385187,11.425574320849847,0.002337907673791051
1748715964.7718852,11.426856132733603,0.0024774912744760513
1748715964.8053071,11.427441715674748,0.002471610438078642
1748715964.8388216,11.428366777612084,0.0024753077886998653
1748715964.872232,11.42954553693163,0.002460193820297718
1748715964.9056387,11.430119669206753,0.00251690368168056
1748715964.9390328,11.43098181054393,0.0024894364178180695
1748715964.9724452,11.431815348291929,0.0025694535579532385
1748715965.0058827,11.432627887985966,0.002512736478820443
1748715965.040614,11.433463309523667,0.002564931521192193
1748715965.0740113,11.434275867369546,0.002508210251107812
1748715965.1074111,11.435057901417148,0.0025453437119722366
1748715965.140846,11.435788434077159,0.002537924563512206
1748715965.1743782,11.436230946262858,0.002543035661801696
1748715965.2078369,11.436414061013533,0.0025190177839249372
1748715965.2412353,11.436612431014984,0.0025232648476958275
1748715965.2746575,11.436692576654014,0.0025133632589131594
1748715965.308059,11.436738384677385,0.002515220083296299
1748715965.3414578,11.43676129203804,0.0025251370389014482
1748715965.3748636,11.436780427991604,0.0025169283617287874
1748715965.4082634,11.4367861522519,0.0025200352538377047
1748715965.4417918,11.436792081561945,0.002515264553949237
1748715965.475529,11.436794733752084,0.0025158915668725967
1748715965.5089402,11.436796910145908,0.002514319261536002
1748715965.5423691,11.436798603576516,0.0025141711812466383
1748715965.575785,11.436801171136933,0.002513775136321783
1748715965.609326,11.43680112575022,0.00251299818046391
1748715965.6427448,11.436802647665372,0.00251246546395123
1748715965.676143,11.436804993142358,0.002511928789317608
1748715965.7097948,11.436805362651235,0.0025113995652645826
1748715965.7432563,11.436807652577542,0.002511037979274988
1748715965.7769382,11.436807721679175,0.002510747639462352
1748715965.8103306,11.436809953036487,0.0025098028127104044
1748715965.8437216,11.436811692916612,0.0025096838362514973
1748715965.877217,11.436811594524242,0.00250873900949955
1748715965.9106274,11.43681354353106,0.0025083788204938173
1748715965.9440355,11.436813497728389,0.0025078468024730682
1748715965.9783263,11.436815235703188,0.002507315017282963
1748715966.011737,11.436817212910961,0.002506497548893094
1748715966.0451925,11.436817185329762,0.002505952026695013
1748715966.078641,11.436818944274394,0.0025054961442947388
1748715966.1120405,11.436818963275467,0.0025051874108612537
1748715966.1454425,11.4368213575883,0.0025046556256711483
1748715966.1788428,11.436823344816858,0.002504123840481043
1748715966.21225,11.436823289412219,0.0025032074190676212
1748715966.2458344,11.436824864863855,0.0025030600372701883
1748715966.2792468,11.436824933995757,0.002502228831872344
1748715966.3126452,11.436827127421981,0.0025017729494720697
1748715966.3460743,11.436829113507399,0.0025012411642819643
1748715966.3795238,11.436829145561145,0.002500633243471384
1748715966.412922,11.436830804406442,0.0025001014582812786
1748715966.4462872,11.43683087353829,0.002499569673091173
1748715966.4796908,11.436832663357569,0.002499113790690899
1748715966.5131013,11.436832695380982,0.0024988334625959396
1748715966.5466862,11.43683467812767,0.002498301677405834
1748715966.5800955,11.436836707741588,0.00249724299646914
1748715966.6134968,11.43683623662496,0.00249698618426919
1748715966.6469023,11.43683818557197,0.0024964543990790844
1748715966.6803088,11.436840602081494,0.0024955410044640303
1748715966.7137136,11.436840800289943,0.002494910266250372
1748715966.7471821,11.43684249370287,0.0024943784810602665
1748715966.780579,11.436842507535237,0.0024938464630395174
1748715966.8139882,11.436844155585815,0.002493314677849412
1748715966.8474429,11.436846174195306,0.0024928816128522158
1748715966.8808556,11.436846077376757,0.0024922508746385574
1748715966.914255,11.436847752377757,0.002491719089448452
1748715966.9476688,11.436848035911677,0.002491187071427703
1748715966.9811854,11.436849918034591,0.0024906552862375975
1748715967.0153966,11.436851677006729,0.002490123501047492
1748715967.0499978,11.436851686564024,0.00248947786167264
1748715967.0836277,11.436854135222744,0.0024890596978366375
1748715967.1170623,11.436854144750054,0.002488699508830905
1748715967.150467,11.436855882754593,0.0024881677236407995
1748715967.1845055,11.436856202351661,0.0024876357056200504
1748715967.2179954,11.436858110867965,0.0024867195170372725
1748715967.2514195,11.436859740178026,0.0024865721352398396
1748715967.2848675,11.436859479959391,0.00248581706546247
1748715967.3183477,11.436861456448218,0.002485285047441721
1748715967.3517985,11.43686366795156,0.0024846773594617844
1748715967.3853405,11.436863348128282,0.00248422147706151
1748715967.418745,11.436864986838401,0.002483689459040761
1748715967.452188,11.436867390559025,0.0024826773442327976
1748715967.4856966,11.436867588797808,0.0024823369458317757
1748715967.5191646,11.436869748507421,0.002481613541021943
1748715967.5525997,11.436869758034687,0.0024810817558318377
1748715967.5859969,11.43687176923545,0.002480549970641732
1748715967.619442,11.436871736175798,0.002480017952620983
1748715967.652846,11.436873563830808,0.0024794861674308777
1748715967.6862624,11.436875585507668,0.0024791460018604994
1748715967.7196703,11.436875410689002,0.002478521317243576
1748715967.7530901,11.436877819406195,0.0024778905790299177
1748715967.7893124,11.436877786346551,0.0024773587938398123
1748715967.8227234,11.43687972259616,0.002476826775819063
1748715967.8561926,11.43688213086328,0.0024763939436525106
1748715967.8896344,11.436882195606325,0.002476041205227375
1748715967.9230444,11.436884473176262,0.0024752311874181032
1748715967.9565263,11.436884542307931,0.0024746994022279978
1748715967.9899187,11.436885976666176,0.0024744351394474506
1748715968.023441,11.436887959117769,0.002473635831847787
1748715968.0569825,11.436887667814027,0.0024732027668505907
1748715968.090554,11.436889917653119,0.0024725720286369324
1748715968.1239579,11.436889626349377,0.002472040243446827
1748715968.1935668,11.436891816713207,0.002425216371193528
1748715968.2272396,11.441475422477906,0.002501964569091797
1748715968.2637372,11.45047637625262,0.002773414133116603
1748715968.3069556,11.462858993584847,0.0029190187342464924
1748715968.3404777,11.47272578700612,0.003094259649515152
1748715968.3742657,11.48609851148376,0.003716194536536932
1748715968.4076955,11.496593132006018,0.004214967601001263
1748715968.4415462,11.507145229588367,0.003926913719624281
1748715968.475019,11.521260001484587,0.003718513995409012
1748715968.5085218,11.532231498952118,0.003966015763580799
1748715968.5430615,11.543227775742627,0.00406641373410821
1748715968.5764658,11.552769239567574,0.005685938522219658
1748715968.6098795,11.563356131002218,0.006237081717699766
1748715968.6493201,11.577879093464691,0.006358125247061253
1748715968.682735,11.588508436941272,0.008230410516262054
1748715968.719116,11.602671731404001,0.008109396323561668
1748715968.7562435,11.61328805917902,0.008031575940549374
1748715968.790727,11.623924487079387,0.008345678448677063
1748715968.8245773,11.63457381912093,0.008629106916487217
1748715968.857928,11.64945287889029,0.010492900386452675
1748715968.8950431,11.660094750128788,0.011350858956575394
1748715968.9377165,11.673595973633928,0.011286496184766293
1748715968.9718568,11.687756440001111,0.014746244996786118
1748715969.0147676,11.701875236768641,0.017142867669463158
1748715969.0493236,11.712841244200451,0.018940312787890434
1748715969.0833933,11.723803058507796,0.020009629428386688
1748715969.1168725,11.733703005791753,0.02083548903465271
1748715969.1504118,11.748179442218758,0.023158006370067596
1748715969.1844547,11.758300722056743,0.02509680762887001
1748715969.2178714,11.768547115862484,0.02346787601709366
1748715969.2512898,11.775677883915401,0.01801951788365841
1748715969.2848716,11.789169641576928,0.015519998967647552
1748715969.3183014,11.796138032309974,0.014051869511604309
1748715969.3520422,11.806511123307914,0.010339283384382725
1748715969.3854284,11.816937701243424,0.006878563202917576
1748715969.4188664,11.830661708099063,0.005311480723321438
1748715969.452277,11.834176366320753,0.00334453908726573
1748715969.4856904,11.845739911524142,-8.568850171286613e-05
1748715969.519096,11.852353261877575,-0.003260947996750474
1748715969.5530574,11.862589549051982,-0.004461802076548338
1748715969.5864565,11.873194957808591,-0.006666757166385651
1748715969.6198628,11.8834099596367,-0.008398293517529964
1748715969.653288,11.894358006991382,-0.010210555046796799
1748715969.686695,11.905270298866688,-0.01336608175188303
1748715969.720111,11.912680854992677,-0.015366756357252598
1748715969.7535148,11.926434521735768,-0.01713685318827629
1748715969.7869613,11.93630697543474,-0.018610041588544846
1748715969.8203466,11.94722347418808,-0.02074899710714817
1748715969.8537498,11.957794356817825,-0.022913899272680283
1748715969.8872626,11.968367135647192,-0.023778928443789482
1748715969.92073,11.978931909341112,-0.025684194639325142
1748715969.9553967,11.989515251374646,-0.02612762525677681
1748715969.9888098,11.999715149755666,-0.028225043788552284
1748715970.0223508,12.010611579388838,-0.028872281312942505
1748715970.0557532,12.01764749196895,-0.02765781059861183
1748715970.0900373,12.028198856490137,-0.029026173055171967
1748715970.123417,12.038752283683156,-0.02972959354519844
1748715970.1568444,12.049676446961843,-0.03118840418756008
1748715970.190312,12.05952248580751,-0.03111194260418415
1748715970.2237082,12.066900105446539,-0.030184244737029076
1748715970.2571175,12.073587576977177,-0.030850784853100777
1748715970.2905288,12.084557074400324,-0.030722064897418022
1748715970.3239431,12.095158892316924,-0.030789658427238464
1748715970.3577309,12.105398879001308,-0.03120819292962551
1748715970.3911543,12.11596735760137,-0.030667506158351898
1748715970.4245625,12.126885338107027,-0.030115880072116852
1748715970.4579618,12.137813982427904,-0.029789483174681664
1748715970.4913578,12.148038209967943,-0.029119430109858513
1748715970.5247698,12.158957903019724,-0.028397878631949425
1748715970.5582795,12.169174035734795,-0.02833615615963936
1748715970.5918462,12.179708442817184,-0.02610088512301445
1748715970.6253085,12.186769120427995,-0.025901256129145622
1748715970.6587322,12.19702171527733,-0.02336910180747509
1748715970.6922033,12.208026678364051,-0.021896373480558395
1748715970.7256124,12.218596466396924,-0.01855349913239479
1748715970.759123,12.22920293159832,-0.017664365470409393
1748715970.7925274,12.2394581226216,-0.015843214467167854
1748715970.8259351,12.250413278456488,-0.01338120549917221
1748715970.8593385,12.261028442115842,-0.011443831957876682
1748715970.8927503,12.271276643454362,-0.010544274002313614
1748715970.9261599,12.281815510506435,-0.006761655211448669
1748715970.9596825,12.292721875074603,-0.004271388053894043
1748715970.9930792,12.303327313139228,-0.003942875191569328
1748715971.026571,12.310330196270929,-0.0004098622885067016
1748715971.059977,12.32087053947324,0.0008470856118947268
1748715971.0944347,12.331412682723634,0.0013287632027640939
1748715971.127899,12.33875342177452,0.004063147585839033
1748715971.1613045,12.34926685056354,0.005794449243694544
1748715971.1947038,12.359465128939945,0.0073727997951209545
1748715971.2281215,12.370382699404837,0.00868924055248499
1748715971.2615223,12.380226457804984,0.010888706892728806
1748715971.2949922,12.391156296780943,0.011918917298316956
1748715971.3283942,12.398225883372147,0.012294280342757702
1748715971.3618,12.412365436864933,0.013698883354663849
1748715971.39525,12.42259435436671,0.013899245299398899
1748715971.4286711,12.433523513771894,0.013366802595555782
1748715971.4622617,12.443778288370822,0.014547863975167274
1748715971.4956973,12.454774151997968,0.013863105326890945
1748715971.5291412,12.465754563919559,0.014107908122241497
1748715971.5625498,12.476016802677446,0.014791113324463367
1748715971.5959613,12.486646636984963,0.014140543527901173
1748715971.6293652,12.497630294915307,0.014831667765974998
1748715971.6628592,12.508245802639028,0.014826160855591297
1748715971.6962852,12.51849743585718,0.01495207566767931
1748715971.729678,12.525918667602738,0.01427409052848816
1748715971.763203,12.535819216758949,0.014631827361881733
1748715971.7965877,12.54643825889165,0.014270097017288208
1748715971.8300538,12.557404519598318,0.01431588176637888
1748715971.863539,12.568364431041354,0.013824433088302612
1748715971.8969402,12.575074759895456,0.013743790797889233
1748715971.9303424,12.585665461428071,0.013778384774923325
1748715971.9637427,12.595902313019659,0.013342845253646374
1748715971.997157,12.603312910913186,0.013321705162525177
1748715972.030559,12.613897253849622,0.013081724755465984
1748715972.0639582,12.624476234617967,0.013092191889882088
1748715972.0974789,12.63153179713517,0.012788074091076851
1748715972.1309144,12.642108205821042,0.01243497058749199
1748715972.164403,12.652682871550507,0.012188371270895004
1748715972.2006226,12.663267158332022,0.011915468610823154
1748715972.2343774,12.677025129840091,0.011548856273293495
1748715972.2682176,12.687593942819303,0.011294367723166943
1748715972.3016474,12.699230915243447,0.01102126482874155
1748715972.3352838,12.709099818396082,0.010833154432475567
1748715972.3686912,12.719676407494564,0.01072449330240488
1748715972.4021132,12.723201263251218,0.010557414963841438
1748715972.4355156,12.733775804974476,0.010324478149414062
1748715972.468942,12.744352261143788,0.010103878565132618
1748715972.5028095,12.754926751170753,0.009916841983795166
1748715972.536185,12.763035163800863,0.009809025563299656
1748715972.569602,12.772907782953533,0.00954397488385439
1748715972.6030078,12.783129351310304,0.00929959025233984
1748715972.6365683,12.79370766089864,0.009112409316003323
1748715972.669974,12.804650160431956,0.008693556301295757
1748715972.7033727,12.81487358987591,0.008413300849497318
1748715972.7367995,12.82510289049262,0.00831674411892891
1748715972.7702923,12.836396407946742,0.008153353817760944
1748715972.803695,12.846968877450411,0.007854847237467766
1748715972.8371353,12.857205763846208,0.007599858101457357
1748715972.8705413,12.867791946874195,0.007718330714851618
1748715972.9039395,12.878383554354258,0.007526048459112644
1748715972.9373507,12.885801181694944,0.007227563299238682
1748715972.9707596,12.896030505187532,0.007178490981459618
1748715973.0041704,12.906969164536477,0.00699143810197711
1748715973.0375857,12.917203850676659,0.006572883576154709
1748715973.0709906,12.928136802596715,0.006390965543687344
1748715973.1043968,12.934844887672748,0.006062052678316832
1748715973.1379383,12.94506056783303,0.005768833216279745
1748715973.171406,12.955993309002757,0.005317119415849447
1748715973.2048023,12.966571275029048,0.004895874764770269
1748715973.2382097,12.973618855415223,0.004718433599919081
1748715973.2717767,12.984561181003425,0.00436466746032238
1748715973.305181,12.998318980965964,0.004135088063776493
1748715973.3385816,13.00854973810337,0.003462927183136344
1748715973.37202,13.019137132982069,0.0027669440023601055
1748715973.405393,13.030777767838519,0.002883384469896555
1748715973.4388332,13.04029341256913,0.002390845213085413
1748715973.4729958,13.051216690878915,0.0020108898170292377
1748715973.5064442,13.061788976181214,0.0013795498525723815
1748715973.5398808,13.07236136665721,0.0011761310743167996
1748715973.573298,13.08258087991351,0.0008239299640990794
1748715973.6067054,13.089981370104667,0.0005684403004124761
1748715973.6401122,13.10443335047455,0.0003604798694141209
1748715973.6735272,13.111137736704501,0.0009129646932706237
1748715973.706939,13.121731229854776,-0.00038721098098903894
1748715973.740375,13.13235158217163,-1.013170367514249e-05
1748715973.773776,13.143340145874928,-0.0007785276393406093
1748715973.807166,13.15326985881437,-0.00043811893556267023
1748715973.8405242,13.164263873239621,-0.0010363152250647545
1748715973.8739283,13.174920429973687,-0.000539442291483283
1748715973.907336,13.182387862648493,-0.0010625214781612158
1748715973.940898,13.193057704782275,-0.0003633310552686453
1748715973.9745991,13.206893709154855,-0.0006778253591619432
1748715974.0080206,13.213968045061332,0.00023082253756001592
1748715974.0426192,13.224578634069955,0.00020740594482049346
1748715974.076023,13.23518938921697,0.0014772533904761076
1748715974.109444,13.245792488162607,0.001720395521260798
1748715974.142894,13.256351884502427,0.002873341552913189
1748715974.1762924,13.266825301696496,0.005804108921438456
1748715974.2097585,13.277727142595467,0.00674300454556942
1748715974.2431786,13.288281465828076,0.009028809145092964
1748715974.2765756,13.29463468894252,0.010007663629949093
1748715974.3099587,13.309412915583586,0.013902591541409492
1748715974.3433568,13.316149136758979,0.016234692186117172
1748715974.376757,13.326703032838475,0.019885558634996414
1748715974.4101698,13.337233612593211,0.023639298975467682
1748715974.4435725,13.351363912876074,0.025900155305862427
1748715974.4769788,13.361953662374669,0.02769145742058754
1748715974.5103695,13.369351307570563,0.02980618178844452
1748715974.543855,13.38019326515045,0.0333409309387207
1748715974.5772715,13.390335124016165,0.036967068910598755
1748715974.6106796,13.400525547829485,0.03991095349192619
1748715974.6440873,13.414262842200364,0.04582510516047478
1748715974.6774988,13.420704352890667,0.053143955767154694
1748715974.7109241,13.431537715119223,0.05738997831940651
1748715974.7443357,13.441954259219182,0.06370450556278229
1748715974.7777498,13.45243275726803,0.06994375586509705
1748715974.8112571,13.4629701383152,0.07522672414779663
1748715974.8447504,13.47309289312227,0.08163195848464966
1748715974.8781655,13.484536625129138,0.08852656185626984
1748715974.9115736,13.494648103372583,0.09488438069820404
1748715974.9449868,13.504868881302555,0.10034763067960739
1748715974.978445,13.514827584403482,0.10853301733732224
1748715975.0118473,13.525862668038789,0.11399418860673904
1748715975.045305,13.535947550348919,0.12125712633132935
1748715975.0787983,13.54602678344857,0.12885093688964844
1748715975.1122122,13.553294265050596,0.1377047449350357
1748715975.1456163,13.563700758843089,0.14550651609897614
1748715975.1790164,13.574270803844701,0.1518385261297226
1748715975.2124302,13.584524813974067,0.15872718393802643
1748715975.2458394,13.591388792228212,0.16780954599380493
1748715975.279276,13.601837371059391,0.1758449524641037
1748715975.3128636,13.611922610654165,0.18606604635715485
1748715975.3462596,13.627438752690479,0.19555485248565674
1748715975.379667,13.632998641645475,0.20313353836536407
1748715975.4130747,13.643386739413653,0.21316875517368317
1748715975.4464803,13.6541785658559,0.22168155014514923
1748715975.4799263,13.664234676507105,0.23126347362995148
1748715975.5133832,13.674531153817378,0.24161837995052338
1748715975.5468173,13.68493696817642,0.25125402212142944
1748715975.580224,13.695607267091418,0.2613431513309479
1748715975.6136272,13.705285645694993,0.26802876591682434
1748715975.6470363,13.71254050204832,0.27829644083976746
1748715975.6808233,13.72631210064103,0.2894212305545807
1748715975.7142212,13.733890668860841,0.30029717087745667
1748715975.7476757,13.743224366872944,0.3109850287437439
1748715975.7811623,13.754579837234846,0.3222329318523407
1748715975.8145592,13.764215316313374,0.3335029184818268
1748715975.8479621,13.774568749390424,0.34437498450279236
1748715975.8813612,13.78483211923866,0.35665184259414673
1748715975.9147618,13.795148645913319,0.36789414286613464
1748715975.9481692,13.805479695801614,0.3759848177433014
1748715975.9815898,13.811989707079194,0.3880135118961334
1748715976.0149937,13.826110638266385,0.40320470929145813
1748715976.0491323,13.836495012389245,0.41424310207366943
1748715976.0825393,13.846983122576361,0.42750340700149536
1748715976.115962,13.856928229055287,0.43920716643333435
1748715976.149364,13.86896696892981,0.45169439911842346
1748715976.1831412,13.877538573376832,0.46408942341804504
1748715976.2165506,13.887857823164204,0.475728839635849
1748715976.2500715,13.898079613390475,0.48945027589797974
1748715976.2834756,13.907968580048449,0.5020949840545654
1748715976.3168786,13.918574570952842,0.514427900314331
1748715976.3503065,13.92844243338596,0.5272696614265442
1748715976.3848643,13.938999180969477,0.542347252368927
1748715976.41836,13.948823339266664,0.553454577922821
1748715976.4517667,13.959405087383601,0.5662236213684082
1748715976.4851754,13.970043483213779,0.5786523222923279
1748715976.5186427,13.980226870716404,0.5915255546569824
1748715976.5520391,13.990083958485265,0.6008920669555664
1748715976.585448,13.99694189196335,0.6139003038406372
1748715976.618846,14.01058126466905,0.6308057308197021
1748715976.6523051,14.021094555102822,0.644896924495697
1748715976.6857069,14.030965482330375,0.6539505124092102
1748715976.7191496,14.037787411074332,0.6688219904899597
1748715976.7532513,14.04803777790172,0.6809160709381104
1748715976.786695,14.058652046747094,0.6941890716552734
1748715976.8202205,14.069514692857847,0.7080625295639038
1748715976.853629,14.078688733048034,0.7213913202285767
1748715976.8871381,14.088938325146737,0.7353593111038208
1748715976.9205735,14.09572817372339,0.7446675896644592
1748715976.9539785,14.10590145737365,0.7587547898292542
1748715976.987503,14.116784052567775,0.7727665901184082
1748715977.0209067,14.12623576779961,0.7826011180877686
1748715977.05555,14.133143341465491,0.7955320477485657
1748715977.0891178,14.146526205328582,0.8147698640823364
1748715977.122515,14.15653422141681,0.829897940158844
1748715977.1559255,14.166757746906892,0.8438103795051575
1748715977.189416,14.179762381682474,0.8601390719413757
1748715977.2228203,14.190009699411974,0.8779460191726685
1748715977.2562563,14.199702615096399,0.8933587074279785
1748715977.2896256,14.210081740984755,0.9080936312675476
1748715977.3230462,14.219963057216463,0.9218789339065552
1748715977.356453,14.23026251605686,0.9377985596656799
1748715977.3898635,14.240480958181983,0.9526418447494507
1748715977.423425,14.255729352434317,0.9688318967819214
1748715977.4568388,14.266089843603966,0.986856997013092
1748715977.4902585,14.275133503107954,0.9999994039535522
1748715977.5236678,14.285681478429488,1.0141558647155762
1748715977.557131,14.295573270629331,1.02959144115448
1748715977.5906065,14.308134201233925,1.0484273433685303
1748715977.6240597,14.31820632745979,1.063166618347168
1748715977.6574702,14.328130935543188,1.0761970281600952
1748715977.6908698,14.339238357219331,1.0891226530075073
1748715977.7243223,14.348962683370043,1.1036392450332642
1748715977.7577717,14.359547813712696,1.1122978925704956
1748715977.791186,14.366156928100802,1.1229581832885742
1748715977.8248358,14.377158957525294,1.1356785297393799
1748715977.8583264,14.386681445979717,1.1441903114318848
1748715977.89179,14.397151408995335,1.162570595741272
1748715977.925163,14.407134726226168,1.1750634908676147
1748715977.9585743,14.41735029931344,1.188001036643982
1748715977.9919622,14.428099699995855,1.2019909620285034
1748715978.0253692,14.43752257270976,1.2130494117736816
1748715978.0588381,14.447993407668191,1.2247072458267212
1748715978.0922403,14.458410741667521,1.2339049577713013
1748715978.1256669,14.469587486493719,1.2452497482299805
1748715978.159067,14.479090083453107,1.2567957639694214
1748715978.1927004,14.489440978470848,1.2678680419921875
1748715978.226105,14.496711008078922,1.2788090705871582
1748715978.2595105,14.506325962459275,1.2902253866195679
1748715978.2929423,14.516642964608074,1.2964396476745605
1748715978.3263383,14.527797335863,1.3100850582122803
1748715978.3601248,14.534322740347626,1.3171406984329224
1748715978.3935332,14.544701386183545,1.3272384405136108
1748715978.4275851,14.555168246130998,1.3360402584075928
1748715978.4610436,14.568653886679957,1.3487974405288696
1748715978.4944603,14.579074244037276,1.3580185174942017
1748715978.5278604,14.58950189570389,1.3673738241195679
1748715978.5613174,14.596808914665443,1.373203158378601
1748715978.5949514,14.610722708382065,1.3818135261535645
1748715978.6283653,14.618001293461376,1.3906351327896118
1748715978.661959,14.628080829836628,1.3989408016204834
1748715978.695374,14.63851089838259,1.40718412399292
1748715978.7288263,14.648932124185174,1.4150340557098389
1748715978.7622397,14.659395351744811,1.4226747751235962
1748715978.7956455,14.670173356403817,1.430573582649231
1748715978.8290489,14.68032229469345,1.4377226829528809
1748715978.8625302,14.69081304365771,1.4423922300338745
1748715978.8959417,14.701335404369338,1.45091712474823
1748715978.9294055,14.711493662306525,1.4546866416931152
1748715978.9627993,14.718843142221914,1.4610792398452759
1748715978.9961855,14.729375640845063,1.4665952920913696
1748715979.029604,14.736372090746634,1.470794677734375
1748715979.0630033,14.746877427852327,1.476583480834961
1748715979.0964391,14.760899920687706,1.4820667505264282
1748715979.1298828,14.771448961212437,1.4868583679199219
1748715979.163304,14.781942995100126,1.4941755533218384
1748715979.1967118,14.792497345835367,1.4985803365707397
1748715979.2301235,14.802678825942158,1.503171682357788
1748715979.2635715,14.813216157374818,1.5078465938568115
1748715979.2971385,14.827634650423537,1.5119954347610474
1748715979.3305476,14.834666832111145,1.5160871744155884
1748715979.3639507,14.848751223776445,1.5194244384765625
1748715979.3973083,14.855751197325402,1.5244160890579224
1748715979.4307516,14.866295589861009,1.5277575254440308
1748715979.4641519,14.877212317689315,1.5304756164550781
1748715979.497562,14.887387877876852,1.5346550941467285
1748715979.5310183,14.897977545360872,1.5363593101501465
1748715979.564424,14.905025903494815,1.5396627187728882
1748715979.5978312,14.915629428832034,1.541566014289856
1748715979.6313548,14.926193959874327,1.5450289249420166
1748715979.664755,14.936393559256931,1.547942876815796
1748715979.69821,14.947324160886327,1.5497713088989258
1748715979.7316167,14.957915278429166,1.5527478456497192
1748715979.7650568,14.972788945729963,1.554466962814331
1748715979.7984586,14.982668520403656,1.5578598976135254
1748715979.831861,14.993286342748622,1.5586715936660767
1748715979.8652608,15.003537282618874,1.5619231462478638
1748715979.898778,15.01804417166822,1.563241720199585
1748715979.9321892,15.02863510541433,1.5647164583206177
1748715979.9655929,15.035672043535017,1.5670781135559082
1748715979.9989953,15.046247572360429,1.5684635639190674
1748715980.0324316,15.057179749483797,1.5692239999771118
1748715980.065836,15.07091491844279,1.570587158203125
1748715980.0992448,15.078306150929158,1.5729382038116455
1748715980.1326559,15.08853313897477,1.574087381362915
1748715980.1660795,15.099112934730892,1.5756144523620605
1748715980.199505,15.109342531693128,1.5764530897140503
1748715980.2335615,15.120270257340865,1.577087163925171
1748715980.2670844,15.129571540808481,1.5782549381256104
1748715980.3004525,15.13640711868672,1.5786442756652832
1748715980.333848,15.141337429545535,1.5800074338912964
1748715980.3704429,15.144434682170218,1.579831600189209
1748715980.403845,15.149208427133019,1.5802913904190063
1748715980.4372172,15.152788864194866,1.5812065601348877
1748715980.4706163,15.155922087582745,1.5808945894241333
1748715980.5040097,15.15921022679392,1.5812402963638306
1748715980.5378656,15.162585588017924,1.5818547010421753
1748715980.571274,15.165849428326997,1.5814168453216553
1748715980.604714,15.170167080117702,1.5820587873458862
1748715980.6381245,15.172420093142573,1.5825426578521729
1748715980.6715426,15.175541265428965,1.5825178623199463
1748715980.7052357,15.179848657950881,1.5834226608276367
1748715980.7386537,15.181999572695211,1.5833593606948853
1748715980.77208,15.186412247477215,1.583423137664795
1748715980.8056455,15.188441065527583,1.584346890449524
1748715980.839117,15.19163358737779,1.5839338302612305
1748715980.8727765,15.195909606312659,1.584348201751709
1748715980.9062092,15.198047932294568,1.5847023725509644
1748715980.939617,15.20157647663038,1.5852011442184448
1748715980.97298,15.205528892453716,1.5852282047271729
1748715981.006379,15.209015226661885,1.5850582122802734
1748715981.0407434,15.212393929626417,1.5859581232070923
1748715981.0741515,15.216380471566305,1.5853948593139648
1748715981.1075685,15.218745241935839,1.5862550735473633
1748715981.140982,15.224171303719011,1.586499810218811
1748715981.1743577,15.22809536193708,1.5862698554992676
1748715981.2078102,15.230665198690764,1.5870680809020996
1748715981.2418783,15.234851042920647,1.5874059200286865
1748715981.2753441,15.23943171968841,1.5877450704574585
1748715981.3087783,15.241991985802839,1.5872074365615845
1748715981.3421824,15.246650225228649,1.5883678197860718
1748715981.3755567,15.250060428115917,1.5878336429595947
1748715981.4110527,15.253642121748113,1.588430404663086
1748715981.4444647,15.256949262556022,1.588953971862793
1748715981.4779327,15.26054844564071,1.5896700620651245
1748715981.5114639,15.263746439968411,1.5887254476547241
1748715981.5448744,15.267100588024205,1.5902396440505981
1748715981.578373,15.27031128267228,1.5895321369171143
1748715981.6117783,15.273356659899571,1.5897623300552368
1748715981.6451926,15.27645496179002,1.58993661403656
1748715981.6786165,15.279617690590289,1.58970308303833
1748715981.7120187,15.28254411783475,1.590234637260437
1748715981.745479,15.286516823178312,1.5897142887115479
1748715981.7788746,15.288484673060864,1.5905210971832275
1748715981.8123941,15.292353462530201,1.5904310941696167
1748715981.8457956,15.295464533125065,1.5903100967407227
1748715981.8792706,15.298048834023373,1.5906511545181274
1748715981.9126859,15.300728011327282,1.589983344078064
1748715981.9460988,15.302574495035024,1.5907635688781738
1748715981.9795494,15.305196600071774,1.5910109281539917
1748715982.0129578,15.30703950230701,1.590391755104065
1748715982.0463738,15.309660687752087,1.591294527053833
1748715982.0797772,15.312156074498194,1.591475486755371
1748715982.1132917,15.316164569495069,1.5917887687683105
1748715982.1468008,15.3173100867763,1.5919278860092163
1748715982.180213,15.319659135086644,1.5917341709136963
1748715982.2136261,15.322135465900576,1.5921380519866943
1748715982.2470586,15.325371893827297,1.591567873954773
1748715982.2804573,15.327715820919064,1.5918651819229126
1748715982.3140821,15.329924626307635,1.5918747186660767
1748715982.3474936,15.33223885710644,1.5922273397445679
1748715982.3810341,15.334431895149773,1.5922127962112427
1748715982.415103,15.33586928606562,1.5920668840408325
1748715982.4486346,15.337999652584019,1.5926624536514282
1748715982.482134,15.340041293960322,1.5925846099853516
1748715982.5155149,15.342111858719957,1.592529535293579
1748715982.5495358,15.34428382346895,1.592869520187378
1748715982.5829616,15.346236160704482,1.592530369758606
1748715982.6164076,15.347508350631776,1.5930384397506714
1748715982.6498125,15.34957496977741,1.5923718214035034
1748715982.683224,15.351466784748533,1.5931872129440308
1748715982.7166357,15.354081269629551,1.5934330224990845
1748715982.7500634,15.355892003046794,1.593125820159912
1748715982.7835329,15.357174549245244,1.5936590433120728
1748715982.817033,15.35892412316464,1.5930416584014893
1748715982.8504586,15.360764970416202,1.5934861898422241
1748715982.8838575,15.363099594571779,1.5931452512741089
1748715982.9173214,15.364824609330135,1.5938602685928345
1748715982.950731,15.365920545514618,1.5934295654296875
1748715982.9841442,15.367632531230615,1.5933793783187866
1748715983.01755,15.369892156755471,1.594085693359375
1748715983.051092,15.371462382309918,1.5938209295272827
1748715983.0844932,15.373040453386757,1.5939602851867676
1748715983.1179934,15.374120576931999,1.5940592288970947
1748715983.1514058,15.376147197711695,1.5942645072937012
1748715983.1857812,15.377095219852908,1.5943320989608765
1748715983.219199,15.378621515808216,1.5947959423065186
1748715983.2527502,15.380109758533317,1.5943890810012817
1748715983.2862644,15.381102480380509,1.5946311950683594
1748715983.3196633,15.382519690387044,1.594474196434021
1748715983.353146,15.383995083107887,1.5943214893341064
1748715983.3865526,15.385481112217105,1.5948337316513062
1748715983.4200113,15.386874024372602,1.5944488048553467
1748715983.453412,15.388121381667062,1.5948156118392944
1748715983.4868112,15.389028520147248,1.5948050022125244
1748715983.521028,15.390370905859852,1.5950231552124023
1748715983.5544508,15.391831536482703,1.5948169231414795
1748715983.5879474,15.393189313709232,1.5956562757492065
1748715983.6213536,15.394537015949414,1.5949196815490723
1748715983.654852,15.395823915436884,1.595713496208191
1748715983.6882572,15.39714177307559,1.5952152013778687
1748715983.7216403,15.397930073186334,1.595719575881958
1748715983.7559683,15.399535209697953,1.5959471464157104
1748715983.789474,15.4002646341513,1.5959959030151367
1748715983.823041,15.402128923813255,1.5956181287765503
1748715983.8568883,15.40290795663268,1.5954980850219727
1748715983.8903675,15.403975662188925,1.5958356857299805
1748715983.923781,15.405054567267657,1.5960749387741089
1748715983.9571958,15.406137848887028,1.5960078239440918
1748715983.990576,15.406865909680576,1.596307396888733
1748715984.0239878,15.40787347677309,1.5956928730010986
1748715984.0573993,15.408901487914962,1.5960378646850586
1748715984.0908253,15.40990503137933,1.5960328578948975
1748715984.1242704,15.410885440348432,1.5960755348205566
1748715984.1580012,15.41184949694452,1.596028208732605
1748715984.1921494,15.41280002995935,1.5961860418319702
1748715984.2255187,15.413739313396704,1.5958659648895264
1748715984.2589293,15.414659157357892,1.5961062908172607
1748715984.2923205,15.41555823258555,1.5961427688598633
1748715984.325876,15.416412364316455,1.5961366891860962
1748715984.3592865,15.41733896926232,1.5962605476379395
1748715984.392691,15.418145989389625,1.59666109085083
1748715984.4260974,15.418750772714953,1.5965399742126465
1748715984.4595494,15.419873889036644,1.5964503288269043
1748715984.4929602,15.420695896577675,1.5967811346054077
1748715984.526487,15.421528295472184,1.5967764854431152
1748715984.5606737,15.422320331549676,1.596891164779663
1748715984.594171,15.423076796370346,1.596889853477478
1748715984.6275787,15.423983488614573,1.5968486070632935
1748715984.6612594,15.431433344512694,1.5966720581054688
1748715984.7498102,15.445245106819304,1.5967158079147339
1748715984.7832556,15.449959378538155,1.5965417623519897
1748715984.817203,15.457891351570778,1.596094012260437
1748715984.8506067,15.467063667082005,1.596379280090332
1748715984.8840134,15.476996153791971,1.5958099365234375
1748715984.9177449,15.487343979124022,1.5964770317077637
1748715984.951296,15.497863816745587,1.5952659845352173
1748715984.987744,15.504931193001468,1.5956664085388184
1748715985.0211778,15.515203109535006,1.5956034660339355
1748715985.0545762,15.52620206134691,1.5951634645462036
1748715985.0880256,15.536882445667525,1.5960477590560913
1748715985.1214426,15.547572146425043,1.5954182147979736
1748715985.1548517,15.561821701028007,1.5955548286437988
1748715985.1883507,15.572512349820983,1.594900369644165
1748715985.2219186,15.583201997647347,1.5949865579605103
1748715985.255479,15.593878405179195,1.5948069095611572
1748715985.2888854,15.604181021651138,1.5942838191986084
1748715985.3223119,15.612003533285646,1.5942262411117554
1748715985.3557265,15.622321455565313,1.59349524974823
1748715985.3891325,15.637621566509676,1.5938692092895508
1748715985.422601,15.64688596537648,1.5923019647598267
1748715985.4560032,15.654749593869177,1.5930060148239136
1748715985.489407,15.665477766042788,1.592408537864685
1748715985.5228107,15.675837007579226,1.5922681093215942
1748715985.5562205,15.686542035230751,1.5922964811325073
1748715985.589633,15.697575515325667,1.592038869857788
1748715985.6230402,15.707898972225495,1.590522050857544
1748715985.656529,15.718250604137877,1.5905556678771973
1748715985.6899326,15.72932235993229,1.5899096727371216
1748715985.7233963,15.739669626983442,1.590077519416809
1748715985.7568388,15.75035274061415,1.5900647640228271
1748715985.7902474,15.757462823755775,1.5896729230880737
1748715985.8237464,15.76849715062827,1.588976502418518
1748715985.8571484,15.779167125020534,1.5876665115356445
1748715985.8905537,15.78949115998227,1.5869534015655518
1748715985.9243271,15.80407841817173,1.586806058883667
1748715985.957882,15.811539524454624,1.5861726999282837
1748715985.9914656,15.821842814504274,1.5858646631240845
1748715986.0248752,15.832501119227574,1.5848721265792847
1748715986.0582972,15.847426586992361,1.5843677520751953
1748715986.091855,15.85773223880271,1.5834808349609375
1748715986.125241,15.868046295524737,1.5831600427627563
1748715986.1586368,15.878364539138873,1.5827184915542603
1748715986.192037,15.885826716162914,1.5822182893753052
1748715986.2254713,15.89650060498417,1.5814154148101807
1748715986.258887,15.907553839742203,1.581348180770874
1748715986.2922955,15.917525964687531,1.5803755521774292
1748715986.3256855,15.932469305257403,1.580000400543213
1748715986.3590953,15.942777919309794,1.5794121026992798
1748715986.3925595,15.953448801979144,1.578912377357483
1748715986.425961,15.960553770334444,1.5784883499145508
1748715986.4593718,15.967666854994416,1.578122854232788
1748715986.492761,15.978685775785777,1.5775973796844482
1748715986.5262146,15.988638461537747,1.5774418115615845
1748715986.5596247,15.99965853857464,1.5766977071762085
1748715986.59302,16.01033069489526,1.576316237449646
1748715986.6265373,16.021346170242193,1.575989007949829
1748715986.6599598,16.028103477209505,1.5759221315383911
1748715986.6933181,16.039130136741004,1.5756863355636597
1748715986.726731,16.049076462180633,1.5751047134399414
1748715986.7601402,16.062235253084854,1.575037956237793
1748715986.793604,16.070765915008646,1.574467420578003
1748715986.8270016,16.081789035261952,1.574079990386963
1748715986.8604157,16.0956563966556,1.5740180015563965
1748715986.893819,16.10596638453285,1.5733402967453003
1748715986.9272268,16.116981961078864,1.5730100870132446
1748715986.9608922,16.124088656376085,1.5726443529129028
1748715986.9943252,16.13475592044384,1.5724635124206543
1748715987.027905,16.148971967731164,1.5717748403549194
1748715987.0613823,16.161412377357685,1.571454644203186
1748715987.0947924,16.171362513254216,1.5709562301635742
1748715987.1282156,16.177404292234076,1.5703622102737427
1748715987.161682,16.191630776810445,1.5701948404312134
1748715987.1950827,16.20229701319355,1.5694695711135864
1748715987.2286625,16.212968166877733,1.5687036514282227
1748715987.2621021,16.223641553681194,1.5685834884643555
1748715987.2955112,16.233951845345956,1.5681859254837036
1748715987.3289256,16.244971249168987,1.5678635835647583
1748715987.3623793,16.255990651305225,1.567274570465088
1748715987.3957925,16.266312581700124,1.5669670104980469
1748715987.4292035,16.276985008160242,1.565719723701477
1748715987.4626043,16.29158034425988,1.5657737255096436
1748715987.4960294,16.302247984062586,1.5647146701812744
1748715987.5294642,16.316111582698337,1.564134955406189
1748715987.5629156,16.32678561249573,1.5641292333602905
1748715987.5963337,16.33709658140211,1.5632399320602417
1748715987.629755,16.34456274647023,1.5628652572631836
1748715987.6633155,16.355227320126293,1.5627670288085938
1748715987.6967232,16.366245313934837,1.5625007152557373
1748715987.7301395,16.37335297892781,1.5623455047607422
1748715987.7635374,16.383658406089268,1.5620535612106323
1748715987.7970107,16.395028917142856,1.561587929725647
1748715987.8304286,16.40497748708291,1.561123251914978
1748715987.8638396,16.41208619548249,1.5614280700683594
1748715987.897502,16.422395359610974,1.5603625774383545
1748715987.9309032,16.433428257957235,1.5608409643173218
1748715987.964312,16.444094933285815,1.5607019662857056
1748715987.9977152,16.454395614093887,1.5602691173553467
1748715988.0311265,16.468946754871794,1.5614049434661865
1748715988.0645397,16.476044697580175,1.562259554862976
1748715988.098106,16.486691680147615,1.562750220298767
1748715988.1320632,16.498801214936123,1.562585711479187
1748715988.1654758,16.50839046790149,1.563753366470337
1748715988.1990035,16.518655215736086,1.5657578706741333
1748715988.2324643,16.529326184200894,1.5671508312225342
1748715988.2659292,16.539613600883857,1.5699949264526367
1748715988.2993746,16.550616083921753,1.5720279216766357
1748715988.3363395,16.564443226829653,1.5737863779067993
1748715988.3698328,16.575332304066386,1.5778756141662598
1748715988.4032557,16.586980097429965,1.5825512409210205
1748715988.4366634,16.596579075351332,1.5851606130599976
1748715988.4711444,16.603656988894034,1.5877208709716797
1748715988.5045643,16.61792203558226,1.5885474681854248
1748715988.5380003,16.62853204152588,1.5923219919204712
1748715988.5714042,16.639177100267805,1.5963430404663086
1748715988.604908,16.649794898832475,1.600151777267456
1748715988.6416078,16.660578937785623,1.604229211807251
1748715988.6750643,16.667179049977218,1.6104780435562134
1748715988.708479,16.677782995139236,1.6148430109024048
1748715988.7418847,16.68836566445017,1.6204012632369995
1748715988.775302,16.698908277310224,1.6263086795806885
1748715988.8087127,16.709430174230093,1.632783055305481
1748715988.8429282,16.719754840895035,1.6385620832443237
1748715988.8763256,16.73064027690035,1.6460270881652832
1748715988.9097412,16.740883360283828,1.6527992486953735
1748715988.943316,16.751838869865562,1.6592315435409546
1748715988.978614,16.762377675603634,1.666370153427124
1748715989.0120113,16.77248272318356,1.6743441820144653
1748715989.0454323,16.783776870382564,1.6810349225997925
1748715989.078848,16.793501358055323,1.6869111061096191
1748715989.1122797,16.804735243231292,1.6975890398025513
1748715989.145719,16.81450308295535,1.7061727046966553
1748715989.1791213,16.824959721066477,1.7118268013000488
1748715989.2125237,16.835861026153978,1.7225418090820312
1748715989.2459624,16.8463495076829,1.7286856174468994
1748715989.2793713,16.856816094369357,1.7378298044204712
1748715989.3128648,16.86736948972015,1.7489802837371826
1748715989.3462763,16.8743540808764,1.7551807165145874
1748715989.379765,16.885523460054873,1.7644907236099243
1748715989.4131854,16.895303938669677,1.773963451385498
1748715989.4465966,16.905804754379982,1.7830005884170532
1748715989.480013,16.91976103961841,1.795964002609253
1748715989.513529,16.929974742290458,1.8012248277664185
1748715989.546935,16.941302454100335,1.8154200315475464
1748715989.580349,16.950995991663753,1.8226135969161987
1748715989.6137319,16.9614373622943,1.8325451612472534
1748715989.647252,16.96837774141962,1.8428895473480225
1748715989.6807048,16.982207458327835,1.8538262844085693
1748715989.7141354,16.992240167951234,1.8684808015823364
1748715989.7484534,17.003348781871697,1.876059651374817
1748715989.7820978,17.014041343105283,1.8913354873657227
1748715989.8158917,17.02374860111447,1.8983994722366333
1748715989.849317,17.034180559369748,1.9127845764160156
1748715989.8829892,17.047990011540335,1.9248112440109253
1748715989.9164338,17.05821030588524,1.9416024684906006
1748715989.9499002,17.068621448840243,1.9534612894058228
1748715989.98343,17.075575565455537,1.9645477533340454
1748715990.016845,17.089384884739598,1.9727593660354614
1748715990.0504937,17.099749877422745,1.9849212169647217
1748715990.083985,17.11006514686509,2.0018553733825684
1748715990.118111,17.120406623581573,2.0103728771209717
1748715990.1518075,17.13082794979007,2.0271832942962646
1748715990.1852124,17.141139663099363,2.0393483638763428
1748715990.2186198,17.151135365887267,2.052285671234131
1748715990.2519827,17.161862190100404,2.065551996231079
1748715990.285439,17.172245586223852,2.077948570251465
1748715990.3188534,17.179163576560317,2.0869252681732178
1748715990.352933,17.189166773483272,2.095198154449463
1748715990.386446,17.199538592471633,2.1128268241882324
1748715990.4199915,17.210227451180508,2.1260106563568115
1748715990.4533932,17.22161591049866,2.139021158218384
1748715990.4867973,17.23162891913283,2.1520509719848633
1748715990.5202088,17.241298682189942,2.165132761001587
1748715990.5536704,17.251283594630397,2.1785168647766113
1748715990.5870204,17.261973174039856,2.191295623779297
1748715990.6204226,17.272332680049587,2.2003936767578125
1748715990.6538198,17.282849544143012,2.2152082920074463
1748715990.6872892,17.29278702542606,2.22857666015625
1748715990.7212973,17.303073225818082,2.241985559463501
1748715990.7547047,17.31431525851982,2.2573068141937256
1748715990.7883742,17.323185849219644,2.26948618888855
1748715990.8217826,17.330403598977547,2.283397674560547
1748715990.8554788,17.344155652248215,2.296645402908325
1748715990.8888938,17.35434521215431,2.310849905014038
1748715990.9223716,17.36119257349391,2.3245208263397217
1748715990.9557886,17.37143815026117,2.338411808013916
1748715990.9894013,17.385163137122245,2.3519227504730225
1748715991.0228112,17.392018659564386,2.3656740188598633
1748715991.0576267,17.406310594360566,2.3810462951660156
1748715991.0910473,17.412169197553894,2.3932864665985107
1748715991.1244519,17.422413026252087,2.4079768657684326
1748715991.1578643,17.43645934137616,2.4216861724853516
1748715991.1912694,17.44659462797668,2.436521053314209
1748715991.2246807,17.453127119487757,2.4498789310455322
1748715991.2582424,17.46370851456517,2.4600207805633545
1748715991.2916503,17.473996273389748,2.4782633781433105
1748715991.3280394,17.48725594418301,2.4928829669952393
1748715991.3615403,17.501225354432073,2.512493133544922
1748715991.3949506,17.51111766643334,2.5261447429656982
1748715991.4283552,17.521997347303017,2.541626214981079
1748715991.4617553,17.53192462596708,2.559926748275757
1748715991.4951808,17.542117627418758,2.5744597911834717
1748715991.528585,17.551940841383875,2.589134931564331
1748715991.5619838,17.562412022019522,2.603968858718872
1748715991.5955598,17.572694296309216,2.6178348064422607
1748715991.6290913,17.58296531707441,2.631298780441284
1748715991.662526,17.59320049903669,2.6457483768463135
1748715991.6959307,17.60341529842885,2.655200958251953
1748715991.7296364,17.613794083796996,2.6681694984436035
1748715991.7630262,17.6206878941046,2.6806600093841553
1748715991.796488,17.630971452276434,2.694190740585327
1748715991.829947,17.64170370006906,2.7059073448181152
1748715991.8633175,17.651767427175436,2.7179696559906006
1748715991.89679,17.66167435002064,2.73119854927063
1748715991.930223,17.67256940797851,2.73857045173645
1748715991.9636283,17.683086565010917,2.7493739128112793
1748715991.997068,17.690493569795525,2.758967876434326
1748715992.0305543,17.700798810495915,2.7666759490966797
1748715992.0639913,17.711104856546534,2.77398419380188
1748715992.0974042,17.72254028071376,2.780287981033325
1748715992.1307683,17.73259449839876,2.7892422676086426
1748715992.1650236,17.742636814390796,2.799245595932007
1748715992.19893,17.753125276947245,2.8108808994293213
1748715992.232359,17.76418356516292,2.818474769592285
1748715992.2657735,17.773554696106615,2.819803476333618
1748715992.2992954,17.783705670774737,2.825519561767578
1748715992.3328495,17.793792304103288,2.832529306411743
1748715992.3662915,17.804368009874203,2.8393983840942383
1748715992.3997,17.814740664903002,2.8422605991363525
1748715992.434829,17.82526530207314,2.843527317047119
1748715992.4687068,17.83553765728836,2.846928358078003
1748715992.5022197,17.846066166465615,2.8497719764709473
1748715992.535662,17.856132862034055,2.8546252250671387
1748715992.5690494,17.866491996966186,2.8636586666107178
1748715992.6025918,17.876607901732246,2.8676915168762207
1748715992.6360433,17.883336644465956,2.8682668209075928
1748715992.6698885,17.893739718179877,2.8710763454437256
1748715992.703581,17.906668522751204,2.8753342628479004
1748715992.7371173,17.913935275612104,2.879398822784424
1748715992.7705636,17.924088465551577,2.8818793296813965
1748715992.8039439,17.935026894732403,2.881484270095825
1748715992.8375432,17.94564012983346,2.8801023960113525
1748715992.8709874,17.956111007311346,2.883636236190796
1748715992.9043922,17.966585464716786,2.886854648590088
1748715992.937927,17.977096800445295,2.8871090412139893
1748715992.97134,17.98768245784307,2.889061689376831
1748715993.004739,17.99831657119888,2.8896408081054688
1748715993.0381799,18.005301666166254,2.885962724685669
1748715993.0725796,18.016552855107072,2.885188341140747
1748715993.1059868,18.026355730665824,2.887819528579712
1748715993.139466,18.036803855507312,2.89204478263855
1748715993.172936,18.04383384476681,2.892899751663208
1748715993.206344,18.0542149362186,2.890037775039673
1748715993.2397861,18.068180583458926,2.889622926712036
1748715993.2731855,18.07836653955405,2.8903748989105225
1748715993.306608,18.089313029186062,2.8903677463531494
1748715993.3401873,18.099941444599573,2.89068341255188
1748715993.3735867,18.110590516430207,2.8905837535858154
1748715993.4070299,18.11769187892362,2.8906261920928955
1748715993.4404354,18.128355022538504,2.890631914138794
1748715993.4738405,18.13936692954379,2.8906445503234863
1748715993.5072424,18.149674411152887,2.8906571865081787
1748715993.5406249,18.160336012189703,2.8906702995300293
1748715993.5740254,18.17099957925988,2.8906853199005127
1748715993.6074283,18.18592792885643,2.8906986713409424
1748715993.6408334,18.195878851303885,2.8907175064086914
1748715993.6750324,18.206187825437745,2.8907032012939453
1748715993.7084432,18.21720330968338,2.890831232070923
1748715993.74185,18.22786831245165,2.8910787105560303
1748715993.7752602,18.238549154897758,2.8924922943115234
1748715993.8088334,18.249257517999318,2.892691135406494
1748715993.842296,18.259599381423,2.8939008712768555
1748715993.8757088,18.271018503427584,2.8945014476776123
1748715993.9092155,18.28134913595173,2.896066188812256
1748715993.9426575,18.292003781326663,2.8983895778656006
1748715993.9761753,18.302315334116937,2.8990721702575684
1748715994.009581,18.31655171887301,2.90067458152771
1748715994.043015,18.327582127293987,2.9013712406158447
1748715994.076421,18.33505149647046,2.9025895595550537
1748715994.1099532,18.346089250183127,2.902920961380005
1748715994.1434078,18.359585593254263,2.9049816131591797
1748715994.176829,18.36669604559729,2.9059207439422607
1748715994.210238,18.377346002963385,2.9060559272766113
1748715994.2442248,18.38764126673483,2.9080591201782227
1748715994.2777848,18.398321075189155,2.908785581588745
1748715994.3117435,18.409678113430658,2.9092702865600586
1748715994.3451476,18.420327600216318,2.9094350337982178
1748715994.3785899,18.433832776206422,2.9111828804016113
1748715994.4119864,18.44485252727232,2.908884286880493
1748715994.4453983,18.45770299949014,2.9083192348480225
1748715994.478809,18.467306269118126,2.906765937805176
1748715994.5126607,18.47690849633689,2.9050655364990234
1748715994.5461717,18.48757521174717,2.9026057720184326
1748715994.5795832,18.497918603384413,2.90161395072937
1748715994.6129918,18.5089521692985,2.8993442058563232
1748715994.646613,18.519680817791222,2.898601770401001
1748715994.680104,18.53037936492715,2.8969054222106934
1748715994.713513,18.54076969493912,2.8975183963775635
1748715994.7469342,18.54825338103388,2.896291494369507
1748715994.780762,18.555346776253387,2.8942227363586426
1748715994.8141847,18.56598356142942,2.892087697982788
1748715994.8476388,18.576643409328636,2.891303777694702
1748715994.8818412,18.58366995559277,2.8897719383239746
1748715994.9158814,18.58366995559277,2.8897719383239746
1748715994.9492943,18.58366995559277,2.8897719383239746
1748715994.9828768,18.58366995559277,2.8897719383239746
1748715995.0165212,18.58366995559277,2.8897719383239746
1748715995.0499754,18.58366995559277,2.8897719383239746
1748715995.0833848,18.58366995559277,2.8897719383239746
1748715995.1168053,18.58366995559277,2.8897719383239746
1748715995.150276,18.58366995559277,2.8897719383239746
1748715995.18369,18.58366995559277,2.8897719383239746
1748715995.2170975,18.58366995559277,2.8897719383239746
1748715995.2504842,18.58366995559277,2.8897719383239746
1748715995.2838976,18.58366995559277,2.8897719383239746
1748715995.3173096,18.58366995559277,2.8897719383239746
1748715995.3507643,18.58366995559277,2.8897719383239746
1748715995.3847983,18.58366995559277,2.8897719383239746
1748715995.4182217,18.58366995559277,2.8897719383239746
1748715995.4516325,18.58366995559277,2.8897719383239746
1748715995.485047,18.58366995559277,2.8897719383239746
1748715995.5184813,18.58366995559277,2.8897719383239746
1748715995.551908,18.58366995559277,2.8897719383239746
1748715995.5855155,18.58366995559277,2.8897719383239746
1748715995.6189601,18.58366995559277,2.8897719383239746
1748715995.6523762,18.58366995559277,2.8897719383239746
1748715995.6857948,18.58366995559277,2.8897719383239746
1748715995.7192535,18.58366995559277,2.8897719383239746
1748715995.7526832,18.58366995559277,2.8897719383239746
1748715995.786204,18.58366995559277,2.8897719383239746
1748715995.819629,18.58366995559277,2.8897719383239746
1748715995.8531158,18.58366995559277,2.8897719383239746
1748715995.8865683,18.58366995559277,2.8897719383239746
1748715995.920052,18.58366995559277,2.8897719383239746
1748715995.9534693,18.58366995559277,2.8897719383239746
1748715995.9868877,18.58366995559277,2.8897719383239746
1748715996.020302,18.58366995559277,2.8897719383239746
1748715996.0538518,18.58366995559277,2.8897719383239746
1748715996.0872622,18.58366995559277,2.8897719383239746
1748715996.1207433,18.58366995559277,2.8897719383239746
1748715996.1542532,18.58366995559277,2.8897719383239746
1748715996.1876616,18.58366995559277,2.8897719383239746
1748715996.2210684,18.58366995559277,2.8897719383239746
1748715996.254481,18.58366995559277,2.8897719383239746
1748715996.2882686,18.58366995559277,2.8897719383239746
1748715996.3217254,18.58366995559277,2.8897719383239746
1748715996.3551373,18.58366995559277,2.8897719383239746
1748715996.3885407,18.58366995559277,2.8897719383239746
1748715996.421951,18.58366995559277,2.8897719383239746
1748715996.4553874,18.58366995559277,2.8897719383239746
1748715996.48883,18.58366995559277,2.8897719383239746
1748715996.5224159,18.58366995559277,2.8897719383239746
1748715996.5559375,18.58366995559277,2.8897719383239746
1748715996.589397,18.58366995559277,2.8897719383239746
1748715996.6228082,18.58366995559277,2.8897719383239746
1748715996.6562765,18.58366995559277,2.8897719383239746
1748715996.689655,18.58366995559277,2.8897719383239746
1748715996.7230773,18.58366995559277,2.8897719383239746
1748715996.7564938,18.58366995559277,2.8897719383239746
1748715996.7899077,18.58366995559277,2.8897719383239746
1748715996.8233209,18.58366995559277,2.8897719383239746
1748715996.8567865,18.58366995559277,2.8897719383239746
1748715996.8901973,18.58366995559277,2.8897719383239746
1748715996.9237611,18.58366995559277,2.8897719383239746
1748715996.9571817,18.58366995559277,2.8897719383239746
1748715996.9906123,18.58366995559277,2.8897719383239746
1748715997.0240514,18.58366995559277,2.8897719383239746
1748715997.0574756,18.58366995559277,2.8897719383239746
1748715997.09089,18.58366995559277,2.8897719383239746
1748715997.1243057,18.58366995559277,2.8897719383239746
1748715997.1578352,18.58366995559277,2.8897719383239746
1748715997.1912527,18.58366995559277,2.8897719383239746
1748715997.224663,18.58366995559277,2.8897719383239746
1748715997.2580884,18.58366995559277,2.8897719383239746
1748715997.2917588,18.58366995559277,2.8897719383239746
1748715997.3252542,18.58366995559277,2.8897719383239746
1748715997.3586683,18.58366995559277,2.8897719383239746
1748715997.3920968,18.58366995559277,2.8897719383239746
1748715997.4256182,18.58366995559277,2.8897719383239746
1748715997.459066,18.58366995559277,2.8897719383239746
1748715997.4925277,18.58366995559277,2.8897719383239746
1748715997.5263574,18.58366995559277,2.8897719383239746
1748715997.5598001,18.58366995559277,2.8897719383239746
1748715997.593185,18.58366995559277,2.8897719383239746
1748715997.626826,18.58366995559277,2.8897719383239746
1748715997.6602798,18.58366995559277,2.8897719383239746
1748715997.6937187,18.58366995559277,2.8897719383239746
1748715997.727139,18.58366995559277,2.8897719383239746
1748715997.7606683,18.58366995559277,2.8897719383239746
1748715997.7940776,18.58366995559277,2.8897719383239746
1748715997.8276944,18.58366995559277,2.8897719383239746
1748715997.8616524,18.58366995559277,2.8897719383239746
1748715997.8950744,18.58366995559277,2.8897719383239746
1748715997.928487,18.58366995559277,2.8897719383239746
1748715997.9619005,18.58366995559277,2.8897719383239746
1748715997.9953125,18.58366995559277,2.8897719383239746
1748715998.0287232,18.58366995559277,2.8897719383239746
1748715998.0622633,18.58366995559277,2.8897719383239746
1748715998.095733,18.58366995559277,2.8897719383239746
1748715998.1292179,18.58366995559277,2.8897719383239746
1748715998.1625829,18.58366995559277,2.8897719383239746
1748715998.1960003,18.58366995559277,2.8897719383239746
1748715998.2294195,18.58366995559277,2.8897719383239746
1748715998.2628298,18.58366995559277,2.8897719383239746
1748715998.296234,18.58366995559277,2.8897719383239746
1748715998.3296971,18.58366995559277,2.8897719383239746
1748715998.3631546,18.58366995559277,2.8897719383239746
1748715998.3966856,18.58366995559277,2.8897719383239746
1748715998.4300985,18.58366995559277,2.8897719383239746
1748715998.4635067,18.58366995559277,2.8897719383239746
1748715998.4970324,18.58366995559277,2.8897719383239746
1748715998.5304537,18.58366995559277,2.8897719383239746
1748715998.5638533,18.58366995559277,2.8897719383239746
1748715998.5972552,18.58366995559277,2.8897719383239746
1748715998.6306624,18.58366995559277,2.8897719383239746
1748715998.664198,18.58366995559277,2.8897719383239746
1748715998.6976187,18.58366995559277,2.8897719383239746
1748715998.7310994,18.58366995559277,2.8897719383239746
1748715998.7647078,18.58366995559277,2.8897719383239746
1748715998.7982726,18.58366995559277,2.8897719383239746
1748715998.8319058,18.58366995559277,2.8897719383239746
1748715998.8663135,18.58366995559277,2.8897719383239746
1748715998.8997312,18.58366995559277,2.8897719383239746
1748715998.933173,18.58366995559277,2.8897719383239746
1748715998.966575,18.58366995559277,2.8897719383239746
1748715998.999998,18.58366995559277,2.8897719383239746
1748715999.0337214,18.58366995559277,2.8897719383239746
1748715999.0672543,18.58366995559277,2.8897719383239746
1748715999.1006715,18.58366995559277,2.8897719383239746
1748715999.1340923,18.58366995559277,2.8897719383239746
1748715999.167503,18.58366995559277,2.8897719383239746
1748715999.2009134,18.58366995559277,2.8897719383239746
1748715999.2343342,18.58366995559277,2.8897719383239746
1748715999.2677596,18.58366995559277,2.8897719383239746
1748715999.3011715,18.58366995559277,2.8897719383239746
1748715999.3345833,18.58366995559277,2.8897719383239746
1748715999.3679957,18.58366995559277,2.8897719383239746
1748715999.4014122,18.58366995559277,2.8897719383239746
1748715999.4348388,18.58366995559277,2.8897719383239746
1748715999.4683778,18.58366995559277,2.8897719383239746
1748715999.5017855,18.58366995559277,2.8897719383239746
1748715999.5352788,18.58366995559277,2.8897719383239746
1748715999.5686982,18.58366995559277,2.8897719383239746
1748715999.6021183,18.58366995559277,2.8897719383239746
1748715999.6355274,18.58366995559277,2.8897719383239746
1748715999.6689382,18.58366995559277,2.8897719383239746
1748715999.7023425,18.58366995559277,2.8897719383239746
1748715999.735756,18.58366995559277,2.8897719383239746
1748715999.7691684,18.58366995559277,2.8897719383239746
1748715999.80258,18.58366995559277,2.8897719383239746
1748715999.8359938,18.58366995559277,2.8897719383239746
1748715999.8694189,18.58366995559277,2.8897719383239746
1748715999.9029994,18.58366995559277,2.8897719383239746
1748715999.9365158,18.58366995559277,2.8897719383239746
1748715999.969951,18.58366995559277,2.8897719383239746
1748716000.0033717,18.58366995559277,2.8897719383239746
1748716000.0367892,18.58366995559277,2.8897719383239746
1748716000.0702085,18.58366995559277,2.8897719383239746
1748716000.1036668,18.58366995559277,2.8897719383239746
1748716000.1370745,18.58366995559277,2.8897719383239746
1748716000.1705074,18.58366995559277,2.8897719383239746
1748716000.203962,18.58366995559277,2.8897719383239746
1748716000.2374249,18.58366995559277,2.8897719383239746
1748716000.2708452,18.58366995559277,2.8897719383239746
1748716000.3043275,18.58366995559277,2.8897719383239746
1748716000.3377364,18.58366995559277,2.8897719383239746
1748716000.3711498,18.58366995559277,2.8897719383239746
1748716000.404564,18.58366995559277,2.8897719383239746
1748716000.4379807,18.58366995559277,2.8897719383239746
1748716000.4714158,18.58366995559277,2.8897719383239746
1748716000.504826,18.58366995559277,2.8897719383239746
1748716000.538326,18.58366995559277,2.8897719383239746
1748716000.571762,18.58366995559277,2.8897719383239746
1748716000.6052222,18.58366995559277,2.8897719383239746
1748716000.6393242,18.58366995559277,2.8897719383239746
1748716000.674656,18.58366995559277,2.8897719383239746
1748716000.7081175,18.58366995559277,2.8897719383239746
1748716000.7415237,18.58366995559277,2.8897719383239746
1748716000.7749457,18.58366995559277,2.8897719383239746
1748716000.808361,18.58366995559277,2.8897719383239746
1748716000.8418136,18.58366995559277,2.8897719383239746
1748716000.8752654,18.58366995559277,2.8897719383239746
1748716000.908672,18.58366995559277,2.8897719383239746
1748716000.9420958,18.58366995559277,2.8897719383239746
1748716000.9754784,18.58366995559277,2.8897719383239746
1748716001.0088923,18.58366995559277,2.8897719383239746
1748716001.042329,18.58366995559277,2.8897719383239746
1748716001.0757957,18.58366995559277,2.8897719383239746
1748716001.1093614,18.58366995559277,2.8897719383239746
1748716001.1427817,18.58366995559277,2.8897719383239746
1748716001.176213,18.58366995559277,2.8897719383239746
1748716001.2097442,18.58366995559277,2.8897719383239746
1748716001.2431839,18.58366995559277,2.8897719383239746
1748716001.276602,18.58366995559277,2.8897719383239746
1748716001.3100219,18.58366995559277,2.8897719383239746
1748716001.343477,18.58366995559277,2.8897719383239746
1748716001.3768814,18.58366995559277,2.8897719383239746
1748716001.4102905,18.58366995559277,2.8897719383239746
1748716001.4441707,18.58366995559277,2.8897719383239746
1748716001.477607,18.58366995559277,2.8897719383239746
1748716001.5143788,18.58366995559277,2.8897719383239746
1748716001.547787,18.58366995559277,2.8897719383239746
1748716001.5812,18.58366995559277,2.8897719383239746
1748716001.6145918,18.58366995559277,2.8897719383239746
1748716001.6480024,18.58366995559277,2.8897719383239746
1748716001.681459,18.58366995559277,2.8897719383239746
1748716001.714875,18.58366995559277,2.8897719383239746
1748716001.748756,18.58366995559277,2.8897719383239746
1748716001.7823524,18.58366995559277,2.8897719383239746
1748716001.8158443,18.58366995559277,2.8897719383239746
1748716001.8504128,18.58366995559277,2.8897719383239746
1748716001.883826,18.58366995559277,2.8897719383239746
1748716001.9172366,18.58366995559277,2.8897719383239746
1748716001.9506567,18.58366995559277,2.8897719383239746
1748716001.9840646,18.58366995559277,2.8897719383239746
1748716002.0174842,18.58366995559277,2.8897719383239746
1748716002.0509374,18.58366995559277,2.8897719383239746
1748716002.0843523,18.58366995559277,2.8897719383239746
1748716002.117783,18.58366995559277,2.8897719383239746
1748716002.1511502,18.58366995559277,2.8897719383239746
1748716002.1846223,18.58366995559277,2.8897719383239746
1748716002.2180874,18.58366995559277,2.8897719383239746
1748716002.2515016,18.58366995559277,2.8897719383239746
1748716002.284942,18.58366995559277,2.8897719383239746
1748716002.318399,18.58366995559277,2.8897719383239746
1748716002.351809,18.58366995559277,2.8897719383239746
1748716002.385349,18.58366995559277,2.8897719383239746
1748716002.4187806,18.58366995559277,2.8897719383239746
1748716002.4522066,18.58366995559277,2.8897719383239746
1748716002.4856153,18.58366995559277,2.8897719383239746
1748716002.519101,18.58366995559277,2.8897719383239746
1748716002.552553,18.58366995559277,2.8897719383239746
1748716002.5859606,18.58366995559277,2.8897719383239746
1748716002.6193967,18.58366995559277,2.8897719383239746
1748716002.6528356,18.58366995559277,2.8897719383239746
1748716002.6862903,18.58366995559277,2.8897719383239746
1748716002.719698,18.58366995559277,2.8897719383239746
1748716002.7531106,18.58366995559277,2.8897719383239746
1748716002.7864833,18.58366995559277,2.8897719383239746
1748716002.819923,18.58366995559277,2.8897719383239746
1748716002.8569074,18.58366995559277,2.8897719383239746
1748716002.8904538,18.58366995559277,2.8897719383239746
1748716002.923927,18.58366995559277,2.8897719383239746
1748716002.9573567,18.58366995559277,2.8897719383239746
1748716002.9907722,18.58366995559277,2.8897719383239746
1748716003.0242238,18.58366995559277,2.8897719383239746
1748716003.0576365,18.58366995559277,2.8897719383239746
1748716003.091043,18.58366995559277,2.8897719383239746
1748716003.1244533,18.58366995559277,2.8897719383239746
1748716003.1578677,18.58366995559277,2.8897719383239746
1748716003.1912837,18.58366995559277,2.8897719383239746
1748716003.2248013,18.58366995559277,2.8897719383239746
1748716003.2583914,18.58366995559277,2.8897719383239746
1748716003.2918086,18.58366995559277,2.8897719383239746
1748716003.3252194,18.58366995559277,2.8897719383239746
1748716003.35863,18.58366995559277,2.8897719383239746
1748716003.3920898,18.58366995559277,2.8897719383239746
1748716003.4263515,18.58366995559277,2.8897719383239746
1748716003.4597683,18.58366995559277,2.8897719383239746
1748716003.4932163,18.58366995559277,2.8897719383239746
1748716003.5266294,18.58366995559277,2.8897719383239746
1748716003.5600479,18.58366995559277,2.8897719383239746
1748716003.5934596,18.58366995559277,2.8897719383239746
1748716003.6268697,18.58366995559277,2.8897719383239746
1748716003.660295,18.58366995559277,2.8897719383239746
1748716003.6937544,18.58366995559277,2.8897719383239746
1748716003.7271817,18.58366995559277,2.8897719383239746
1748716003.7606812,18.58366995559277,2.8897719383239746
1748716003.7950869,18.58366995559277,2.8897719383239746
1748716003.8285089,18.58366995559277,2.8897719383239746
1748716003.8619323,18.58366995559277,2.8897719383239746
1748716003.8954008,18.58366995559277,2.8897719383239746
1748716003.9288366,18.58366995559277,2.8897719383239746
1748716003.962264,18.58366995559277,2.8897719383239746
1748716003.9956765,18.58366995559277,2.8897719383239746
1748716004.0291672,18.58366995559277,2.8897719383239746
1748716004.062576,18.58366995559277,2.8897719383239746
1748716004.095983,18.58366995559277,2.8897719383239746
1748716004.1293921,18.58366995559277,2.8897719383239746
1748716004.1628866,18.58366995559277,2.8897719383239746
1748716004.1963072,18.58366995559277,2.8897719383239746
1748716004.229717,18.58366995559277,2.8897719383239746
1748716004.263117,18.58366995559277,2.8897719383239746
1748716004.296543,18.58366995559277,2.8897719383239746
1748716004.3300395,18.58366995559277,2.8897719383239746
1748716004.3635798,18.58366995559277,2.8897719383239746
1748716004.3970459,18.58366995559277,2.8897719383239746
1748716004.430491,18.58366995559277,2.8897719383239746
1748716004.46391,18.58366995559277,2.8897719383239746
1748716004.4974873,18.58366995559277,2.8897719383239746
1748716004.5308962,18.58366995559277,2.8897719383239746
1748716004.5643165,18.58366995559277,2.8897719383239746
1748716004.5977793,18.58366995559277,2.8897719383239746
1748716004.6311972,18.58366995559277,2.8897719383239746
1748716004.6660671,18.58366995559277,2.8897719383239746
1748716004.699481,18.58366995559277,2.8897719383239746
1748716004.7367182,18.58366995559277,2.8897719383239746
1748716004.7703953,18.58366995559277,2.8897719383239746
1748716004.8038378,18.58366995559277,2.8897719383239746
1748716004.837254,18.58366995559277,2.8897719383239746
1748716004.8707108,18.58366995559277,2.8897719383239746
1748716004.9041553,18.58366995559277,2.8897719383239746
1748716004.9375703,18.58366995559277,2.8897719383239746
1748716004.9709904,18.58366995559277,2.8897719383239746
1748716005.0044239,18.58366995559277,2.8897719383239746
1748716005.037822,18.58366995559277,2.8897719383239746
1748716005.0712292,18.58366995559277,2.8897719383239746
1748716005.1046772,18.58366995559277,2.8897719383239746
1748716005.1382382,18.58366995559277,2.8897719383239746
1748716005.171651,18.58366995559277,2.8897719383239746
1748716005.2050316,18.58366995559277,2.8897719383239746
1748716005.2384667,18.58366995559277,2.8897719383239746
1748716005.2718844,18.58366995559277,2.8897719383239746
1748716005.3052967,18.58366995559277,2.8897719383239746
1748716005.3387058,18.58366995559277,2.8897719383239746
1748716005.3721159,18.58366995559277,2.8897719383239746
1748716005.4055514,18.58366995559277,2.8897719383239746
1748716005.4389985,18.58366995559277,2.8897719383239746
1748716005.4724474,18.58366995559277,2.8897719383239746
1748716005.505912,18.58366995559277,2.8897719383239746
1748716005.539384,18.58366995559277,2.8897719383239746
1748716005.572794,18.58366995559277,2.8897719383239746
1748716005.6062055,18.58366995559277,2.8897719383239746
1748716005.6395848,18.58366995559277,2.8897719383239746
1748716005.6730397,18.58366995559277,2.8897719383239746
1748716005.7064502,18.58366995559277,2.8897719383239746
1748716005.7398875,18.58366995559277,2.8897719383239746
1748716005.773341,18.58366995559277,2.8897719383239746
1748716005.806756,18.58366995559277,2.8897719383239746
1748716005.8401594,18.58366995559277,2.8897719383239746
1748716005.87358,18.58366995559277,2.8897719383239746
1748716005.9070303,18.58366995559277,2.8897719383239746
1748716005.9404755,18.58366995559277,2.8897719383239746
1748716005.9739618,18.58366995559277,2.8897719383239746
1748716006.0073717,18.58366995559277,2.8897719383239746
1748716006.0407956,18.58366995559277,2.8897719383239746
1748716006.0742054,18.58366995559277,2.8897719383239746
1748716006.1076133,18.58366995559277,2.8897719383239746
1748716006.141047,18.58366995559277,2.8897719383239746
1748716006.1744297,18.58366995559277,2.8897719383239746
1748716006.2078383,18.58366995559277,2.8897719383239746
1748716006.2412581,18.58366995559277,2.8897719383239746
1748716006.2746716,18.58366995559277,2.8897719383239746
1748716006.3080974,18.58366995559277,2.8897719383239746
1748716006.3415065,18.58366995559277,2.8897719383239746
1748716006.375138,18.58366995559277,2.8897719383239746
1748716006.4085457,18.58366995559277,2.8897719383239746
1748716006.4419587,18.58366995559277,2.8897719383239746
1748716006.4753811,18.58366995559277,2.8897719383239746
1748716006.5087955,18.58366995559277,2.8897719383239746
1748716006.542212,18.58366995559277,2.8897719383239746
1748716006.580627,18.58366995559277,2.8897719383239746
1748716006.614041,18.58366995559277,2.8897719383239746
1748716006.647448,18.58366995559277,2.8897719383239746
1748716006.6808813,18.58366995559277,2.8897719383239746
1748716006.714296,18.58366995559277,2.8897719383239746
1748716006.7477179,18.58366995559277,2.8897719383239746
1748716006.7811406,18.58366995559277,2.8897719383239746
1748716006.8145492,18.58366995559277,2.8897719383239746
1748716006.8479557,18.58366995559277,2.8897719383239746
1748716006.8821445,18.58366995559277,2.8897719383239746
1748716006.915586,18.58366995559277,2.8897719383239746
1748716006.9490035,18.58366995559277,2.8897719383239746
1748716006.9824593,18.58366995559277,2.8897719383239746
1748716007.0158794,18.58366995559277,2.8897719383239746
1748716007.0492988,18.58366995559277,2.8897719383239746
1748716007.082688,18.58366995559277,2.8897719383239746
1748716007.1161964,18.58366995559277,2.8897719383239746
1748716007.14961,18.58366995559277,2.8897719383239746
1748716007.1830168,18.58366995559277,2.8897719383239746
1748716007.2164748,18.58366995559277,2.8897719383239746
1748716007.2498796,18.58366995559277,2.8897719383239746
1748716007.2833197,18.58366995559277,2.8897719383239746
1748716007.3167279,18.58366995559277,2.8897719383239746
1748716007.350173,18.58366995559277,2.8897719383239746
1748716007.3837924,18.58366995559277,2.8897719383239746
1748716007.4172056,18.58366995559277,2.8897719383239746
1748716007.4506576,18.58366995559277,2.8897719383239746
1748716007.484152,18.58366995559277,2.8897719383239746
1748716007.51764,18.58366995559277,2.8897719383239746
1748716007.5511093,18.58366995559277,2.8897719383239746
1748716007.5846136,18.58366995559277,2.8897719383239746
1748716007.6191642,18.58366995559277,2.8897719383239746
1748716007.6525922,18.58366995559277,2.8897719383239746
1748716007.6907828,18.58366995559277,2.8897719383239746
1748716007.7241898,18.58366995559277,2.8897719383239746
1748716007.7576058,18.58366995559277,2.8897719383239746
1748716007.7910113,18.58366995559277,2.8897719383239746
1748716007.8244615,18.58366995559277,2.8897719383239746
1748716007.857866,18.58366995559277,2.8897719383239746
1748716007.8912714,18.58366995559277,2.8897719383239746
1748716007.9246776,18.58366995559277,2.8897719383239746
1748716007.9581597,18.58366995559277,2.8897719383239746
1748716007.9915721,18.58366995559277,2.8897719383239746
1748716008.0250306,18.58366995559277,2.8897719383239746
1748716008.0584478,18.58366995559277,2.8897719383239746
1748716008.0918558,18.58366995559277,2.8897719383239746
1748716008.1252651,18.58366995559277,2.8897719383239746
1748716008.1586728,18.58366995559277,2.8897719383239746
1748716008.1920578,18.58366995559277,2.8897719383239746
1748716008.2254825,18.58366995559277,2.8897719383239746
1748716008.2589147,18.58366995559277,2.8897719383239746
1748716008.292329,18.58366995559277,2.8897719383239746
1748716008.3258836,18.58366995559277,2.8897719383239746
1748716008.3593957,18.58366995559277,2.8897719383239746
1748716008.3928084,18.58366995559277,2.8897719383239746
1748716008.426202,18.58366995559277,2.8897719383239746
1748716008.4596348,18.58366995559277,2.8897719383239746
1748716008.4930902,18.58366995559277,2.8897719383239746
1748716008.526504,18.58366995559277,2.8897719383239746
1748716008.559943,18.58366995559277,2.8897719383239746
1748716008.5933583,18.58366995559277,2.8897719383239746
1748716008.6267648,18.58366995559277,2.8897719383239746
1748716008.6602254,18.58366995559277,2.8897719383239746
1748716008.6937108,18.58366995559277,2.8897719383239746
1748716008.7271228,18.58366995559277,2.8897719383239746
1748716008.7607212,18.58366995559277,2.8897719383239746
1748716008.7944114,18.58366995559277,2.8897719383239746
1748716008.8280175,18.58366995559277,2.8897719383239746
1748716008.8614488,18.58366995559277,2.8897719383239746
1748716008.8949115,18.58366995559277,2.8897719383239746
1748716008.9283218,18.58366995559277,2.8897719383239746
1748716008.961765,18.58366995559277,2.8897719383239746
1748716008.9956453,18.58366995559277,2.8897719383239746
1748716009.0292041,18.58366995559277,2.8897719383239746
1748716009.0626247,18.58366995559277,2.8897719383239746
1748716009.096065,18.58366995559277,2.8897719383239746
1748716009.1295307,18.58366995559277,2.8897719383239746
1748716009.1629436,18.58366995559277,2.8897719383239746
1748716009.196396,18.58366995559277,2.8897719383239746
1748716009.2298007,18.58366995559277,2.8897719383239746
1748716009.2632275,18.58366995559277,2.8897719383239746
1748716009.2966626,18.58366995559277,2.8897719383239746
1748716009.3301,18.58366995559277,2.8897719383239746
1748716009.3636,18.58366995559277,2.8897719383239746
1748716009.3970313,18.58366995559277,2.8897719383239746
1748716009.4304447,18.58366995559277,2.8897719383239746
1748716009.4638362,18.58366995559277,2.8897719383239746
1748716009.500785,18.58366995559277,2.8897719383239746
1748716009.5344932,18.58366995559277,2.8897719383239746
1748716009.5679412,18.58366995559277,2.8897719383239746
1748716009.6013703,18.58366995559277,2.8897719383239746
1748716009.6347878,18.58366995559277,2.8897719383239746
1748716009.668238,18.58366995559277,2.8897719383239746
1748716009.7016568,18.58366995559277,2.8897719383239746
1748716009.7350779,18.58366995559277,2.8897719383239746
1748716009.7684891,18.58366995559277,2.8897719383239746
1748716009.8019247,18.58366995559277,2.8897719383239746
1748716009.8353403,18.58366995559277,2.8897719383239746
1748716009.8694954,18.58366995559277,2.8897719383239746
1748716009.9029932,18.58366995559277,2.8897719383239746
1748716009.9364414,18.58366995559277,2.8897719383239746
1748716009.9698555,18.58366995559277,2.8897719383239746
1748716010.0034285,18.58366995559277,2.8897719383239746
1748716010.036855,18.58366995559277,2.8897719383239746
1748716010.0703285,18.58366995559277,2.8897719383239746
1748716010.1039028,18.58366995559277,2.8897719383239746
1748716010.1374018,18.58366995559277,2.8897719383239746
1748716010.170905,18.58366995559277,2.8897719383239746
1748716010.2043362,18.58366995559277,2.8897719383239746
1748716010.2377381,18.58366995559277,2.8897719383239746
1748716010.271147,18.58366995559277,2.8897719383239746
1748716010.3047297,18.58366995559277,2.8897719383239746
1748716010.3381553,18.58366995559277,2.8897719383239746
1748716010.3715727,18.58366995559277,2.8897719383239746
1748716010.4049942,18.58366995559277,2.8897719383239746
1748716010.4384694,18.58366995559277,2.8897719383239746
1748716010.4755266,18.58366995559277,2.8897719383239746
1748716010.5089371,18.58366995559277,2.8897719383239746
1748716010.5425515,18.42644196910546,1.5763628482818604
1748716010.5759645,18.432878718414095,1.5717806816101074
1748716010.6093762,18.43981827336578,1.5687518119812012
1748716010.6427822,18.448354243881674,1.5708726644515991
1748716010.6763155,18.45722415129697,1.573585867881775
1748716010.7097578,18.4670301361986,1.5762476921081543
1748716010.7431574,18.480983019416446,1.5818008184432983
1748716010.7765617,18.487971158833926,1.583921194076538
1748716010.8099344,18.498519095340153,1.5879650115966797
1748716010.8434186,18.509886970869882,1.5905771255493164
1748716010.8770475,18.519816805741428,1.5945510864257812
1748716010.9104848,18.526903994700408,1.5970557928085327
1748716010.9438915,18.53755388281857,1.5999122858047485
1748716010.9773278,18.54783917371663,1.6030018329620361
1748716011.0107312,18.558427788163414,1.606724500656128
1748716011.0441363,18.569456209212856,1.607994794845581
1748716011.0775445,18.57690276699363,1.6105481386184692
1748716011.1110675,18.587162980420363,1.6141301393508911
1748716011.1451612,18.597471386662615,1.6163047552108765
1748716011.1785338,18.60849049163572,1.6187841892242432
1748716011.2119775,18.622348249910313,1.6208794116973877
1748716011.245388,18.633359623191247,1.6231504678726196
1748716011.2787926,18.640466726070837,1.625443458557129
1748716011.312259,18.651160838823696,1.6266398429870605
1748716011.345662,18.661869882421925,1.6268622875213623
1748716011.3790631,18.67256764386109,1.628636360168457
1748716011.4124746,18.68361558100103,1.6293500661849976
1748716011.446093,18.697494626858255,1.6305640935897827
1748716011.4794939,18.704612707594162,1.6306103467941284
1748716011.513108,18.71492974367127,1.6310386657714844
1748716011.5490422,18.725601841806014,1.631447434425354
1748716011.5824435,18.73663224798606,1.6320991516113281
1748716011.6158457,18.747292760098553,1.6329303979873657
1748716011.649306,18.758008077800003,1.6322145462036133
1748716011.6835551,18.76907352963801,1.6330552101135254
1748716011.7169685,18.780462233482954,1.6330127716064453
1748716011.7504902,18.78650074887755,1.6323769092559814
1748716011.783891,18.797171892124123,1.6333388090133667
1748716011.8172982,18.804299192711206,1.6332238912582397
1748716011.8507118,18.815000302675028,1.6336100101470947
1748716011.8841183,18.826058346856257,1.6328485012054443
1748716011.9174788,18.839950066908255,1.6333400011062622
1748716011.9509857,18.850641052300052,1.6320350170135498
1748716011.9847827,18.861328488076595,1.6328686475753784
1748716012.0181782,18.868796134896936,1.6335712671279907
1748716012.05185,18.879078000678575,1.6327216625213623
1748716012.0853186,18.889377779386404,1.632468819618225
1748716012.1188445,18.90040491674153,1.6316165924072266
1748716012.1522484,18.911438547625604,1.631955623626709
1748716012.1858633,18.92495474484189,1.6316280364990234
1748716012.21933,18.935969537745194,1.6306016445159912
1748716012.2527318,18.94307760794417,1.630329966545105
1748716012.2861898,18.953741624378548,1.62955904006958
1748716012.3196113,18.96440508075706,1.6291379928588867
1748716012.3531806,18.97508457891029,1.6295047998428345
1748716012.386653,18.985407439733066,1.6287375688552856
1748716012.4200616,18.99323854691942,1.6287884712219238
1748716012.4534683,19.003912159890564,1.628156304359436
1748716012.4868765,19.014213910428293,1.6274700164794922
1748716012.5202837,19.022031457773572,1.6267340183258057
1748716012.554183,19.03198273292632,1.6263883113861084
1748716012.5886574,19.042286139942387,1.6255980730056763
1748716012.6220713,19.05329235097983,1.623918890953064
1748716012.6554873,19.065388087691062,1.6243419647216797
1748716012.6889007,19.07817277790707,1.6238185167312622
1748716012.7223742,19.08883224873663,1.6230106353759766
1748716012.755781,19.09951263327682,1.6230738162994385
1748716012.7892454,19.110166914457288,1.622016429901123
1748716012.8227627,19.117266904287646,1.6201533079147339
1748716012.8562374,19.12759143541228,1.6198954582214355
1748716012.8896403,19.138594833574654,1.6192044019699097
1748716012.9231443,19.149596588744792,1.6176540851593018
1748716012.9565487,19.159931077645606,1.6171903610229492
1748716012.9899054,19.17025561862838,1.6163685321807861
1748716013.0234318,19.184849066737478,1.6161890029907227
1748716013.0568464,19.19551573406239,1.6152552366256714
1748716013.0902548,19.20618068185224,1.6133615970611572
1748716013.123662,19.21329967402154,1.6127290725708008
1748716013.1570177,19.22753188817644,1.6123260259628296
1748716013.1905015,19.237860264086024,1.6107912063598633
1748716013.223966,19.248899242473577,1.610237956047058
1748716013.257374,19.25959950081809,1.610164761543274
1748716013.2907832,19.270289846107644,1.6092952489852905
1748716013.3241808,19.280971738296603,1.6081600189208984
1748716013.357579,19.291650960478332,1.607720971107483
1748716013.390985,19.302311705596516,1.6063636541366577
1748716013.4243908,19.312624020417193,1.6053799390792847
1748716013.4578478,19.327208028751485,1.6049442291259766
1748716013.4917772,19.334315523461225,1.6041958332061768
1748716013.5251791,19.3464073828858,1.6032088994979858
1748716013.5585933,19.355652400162686,1.6026757955551147
1748716013.591994,19.36632630459433,1.6018346548080444
1748716013.6254148,19.373453275533993,1.6021193265914917
1748716013.658875,19.384134222197925,1.6008106470108032
1748716013.692298,19.39476997702191,1.599752426147461
1748716013.72567,19.405074358950802,1.5998653173446655
1748716013.7590823,19.42071129598495,1.5986833572387695
1748716013.7925518,19.42675518256899,1.5978306531906128
1748716013.8259957,19.437433454110366,1.5974375009536743
1748716013.8594553,19.4481146167856,1.5962461233139038
1748716013.892908,19.45523414812496,1.5958157777786255
1748716013.9263127,19.465546770202376,1.5957388877868652
1748716013.9597223,19.476584908328135,1.594101905822754
1748716013.9931777,19.48729560643986,1.5941686630249023
1748716014.0266411,19.497625395029544,1.5924675464630127
1748716014.0624828,19.504748458348583,1.591639518737793
1748716014.096228,19.519359011272247,1.591076374053955
1748716014.1296375,19.526477713245573,1.5912784337997437
1748716014.1636765,19.537141622321347,1.5905433893203735
1748716014.1970947,19.54848363299814,1.5892627239227295
1748716014.2304988,19.55983745341126,1.5894612073898315
1748716014.263941,19.56978070308526,1.5885733366012573
1748716014.29746,19.583295273643547,1.5875012874603271
1748716014.3308756,19.590054951139404,1.5878260135650635
1748716014.3642519,19.601059030797813,1.5863256454467773
1748716014.3977413,19.612076219977858,1.5855039358139038
1748716014.431138,19.622373098117937,1.5857155323028564
1748716014.4645522,19.63441804095489,1.5845075845718384
1748716014.4979506,19.640087823065972,1.5836905241012573
1748716014.53172,19.650753682418383,1.5840643644332886
1748716014.5651941,19.66140934700714,1.5830183029174805
1748716014.598852,19.67203982696774,1.5818177461624146
1748716014.6325471,19.68236099587389,1.5824573040008545
1748716014.6662598,19.693403116993704,1.5813541412353516
1748716014.6998382,19.70411317732437,1.5813217163085938
1748716014.733238,19.711254505603144,1.580004096031189
1748716014.7666426,19.72198902367734,1.5799829959869385
1748716014.8000526,19.73272306252238,1.5787534713745117
1748716014.833486,19.743490149447524,1.5790441036224365
1748716014.8669019,19.750657563911762,1.5781484842300415
1748716014.9006026,19.764931255734858,1.5773258209228516
1748716014.9340103,19.77561432589519,1.5771729946136475
1748716014.9674084,19.78592949263109,1.5761240720748901
1748716015.0008056,19.796957800962158,1.5770796537399292
1748716015.03422,19.80761832277961,1.5759856700897217
1748716015.0676162,19.81828493629275,1.5752733945846558
1748716015.1010377,19.828959313434897,1.5751264095306396
1748716015.1347108,19.839638727809263,1.5740578174591064
1748716015.1681447,19.850349342103815,1.5744383335113525
1748716015.2018635,19.861032199110106,1.5735130310058594
1748716015.2352612,19.871704608955742,1.5730668306350708
1748716015.2688787,19.88238054315069,1.5731159448623657
1748716015.3023307,19.893037376098086,1.5729045867919922
1748716015.3357396,19.903695935238492,1.5718812942504883
1748716015.369174,19.914373374629488,1.5716948509216309
1748716015.4025867,19.925035867942977,1.570424199104309
1748716015.4363837,19.936033288143133,1.571181058883667
1748716015.469802,19.949811849953825,1.5717456340789795
1748716015.5032525,19.957218553518896,1.5708650350570679
1748716015.5366666,19.971018924188016,1.5697628259658813
1748716015.5701008,19.981675373039057,1.569776177406311
1748716015.6035104,19.992329818835636,1.569916009902954
1748716015.6369665,20.002981686062896,1.5689876079559326
1748716015.6703436,20.013643009020914,1.5686017274856567
1748716015.7037468,20.02430939888317,1.568550944328308
1748716015.7371905,20.034975650546027,1.5676660537719727
1748716015.772105,20.045646404006874,1.5678415298461914
1748716015.8058622,20.056289153011495,1.5678354501724243
1748716015.8392653,20.0676482997106,1.5664265155792236
1748716015.8727074,20.077626185677047,1.5669779777526855
1748716015.9061093,20.084754331242983,1.5664339065551758
1748716015.939576,20.09511332112778,1.5667262077331543
1748716015.9730031,20.102620996451506,1.5660580396652222
1748716016.006439,20.11298150970482,1.5663875341415405
1748716016.0398934,20.12402704336647,1.5662542581558228
1748716016.0733163,20.13469509007216,1.5661181211471558
1748716016.1067176,20.145003502328713,1.5660731792449951
1748716016.1403732,20.156017187747597,1.5659505128860474
1748716016.173861,20.16669057617898,1.5649558305740356
1748716016.207295,20.17736846224318,1.5659571886062622
1748716016.2406993,20.19160318465165,1.56513512134552
1748716016.2743883,20.20228827273973,1.56595778465271
1748716016.3078413,20.21296488727884,1.5658724308013916
1748716016.3411977,20.22329117161025,1.5654847621917725
1748716016.374599,20.233933195268087,1.5654723644256592
1748716016.4080315,20.244904974550277,1.5665607452392578
1748716016.4414387,20.255541827208063,1.5654939413070679
1748716016.4748511,20.26584688298543,1.5656030178070068
1748716016.508305,20.276830557487422,1.5664117336273193
1748716016.5417068,20.28745609399776,1.565932035446167
1748716016.5751603,20.299521043566095,1.566205382347107
1748716016.6086159,20.30839711887457,1.5659708976745605
1748716016.642431,20.31585641713823,1.5658886432647705
1748716016.6759436,20.32652032027426,1.5656110048294067
1748716016.7093492,20.337544919397686,1.5659422874450684
1748716016.7427576,20.347842102134265,1.5668392181396484
1748716016.7761576,20.358491083988863,1.565555214881897
1748716016.8095417,20.368806592821667,1.565663456916809
1748716016.843071,20.37983814965211,1.5660675764083862
1748716016.8764684,20.386602358305108,1.5655796527862549
1748716016.9098783,20.397634588717754,1.5658949613571167
1748716016.9432364,20.408298623625488,1.5658951997756958
1748716016.976634,20.41931143240187,1.565734624862671
1748716017.0101864,20.42961732254476,1.5660083293914795
1748716017.0436368,20.44027684884609,1.5663890838623047
1748716017.077043,20.44738518734399,1.5662778615951538
1748716017.1104472,20.45807723673679,1.5656951665878296
1748716017.1438882,20.465215270042094,1.5658118724822998
1748716017.1773348,20.475897800748577,1.5660099983215332
1748716017.2108629,20.489769594950282,1.5660383701324463
1748716017.2447035,20.50043717365507,1.5658186674118042
1748716017.278402,20.507898946057022,1.566324234008789
1748716017.3118193,20.515014225715962,1.5661983489990234
1748716017.3452833,20.52569291971043,1.5658758878707886
1748716017.3786964,20.536725910702934,1.5672643184661865
1748716017.4121125,20.54703742253792,1.5664281845092773
1748716017.4455214,20.55767721534026,1.5660183429718018
1748716017.4789515,20.57222511362733,1.5671885013580322
1748716017.512387,20.58253972363049,1.5671532154083252
1748716017.545896,20.5935740385954,1.5667885541915894
1748716017.5794609,20.60389373660592,1.5670979022979736
1748716017.6130047,20.614923954400552,1.5671892166137695
1748716017.646379,20.625245543233063,1.5672929286956787
1748716017.6797829,20.63236308489986,1.5682125091552734
1748716017.7131977,20.643386225230962,1.568285346031189
1748716017.746598,20.654029284161993,1.5673606395721436
1748716017.7800748,20.664317612828146,1.568526268005371
1748716017.8136456,20.675007253179878,1.5683684349060059
1748716017.84705,20.688899274168637,1.5692111253738403
1748716017.8804553,20.699928064248486,1.5692559480667114
1748716017.9138446,20.706690629262464,1.5691169500350952
1748716017.947313,20.717377040465486,1.5700734853744507
1748716017.9807243,20.728436315064926,1.5700583457946777
1748716018.0142744,20.7391160595805,1.5711110830307007
1748716018.047727,20.746213500814054,1.5722599029541016
1748716018.0811374,20.756821576037368,1.5709614753723145
1748716018.1145391,20.771398285303697,1.571988582611084
1748716018.1479402,20.781350928484358,1.572390079498291
1748716018.1819773,20.792363750878597,1.5729389190673828
1748716018.2157705,20.803067128411186,1.5724390745162964
1748716018.2495687,20.81020229110454,1.5730756521224976
1748716018.2830253,20.817334152479912,1.5736041069030762
1748716018.3167267,20.828038686024172,1.573231816291809
1748716018.3503454,20.838737700945387,1.5738297700881958
1748716018.3838298,20.852972059030563,1.5740700960159302
1748716018.4175818,20.85973126771553,1.5741363763809204
1748716018.4510472,20.87468472822159,1.5754106044769287
1748716018.484902,20.881434492265857,1.5757951736450195
1748716018.5183191,20.892375644111922,1.5744564533233643
1748716018.5517206,20.902648766987117,1.5739011764526367
1748716018.585119,20.916836757877228,1.5746558904647827
1748716018.61863,20.92749284463138,1.5737673044204712
1748716018.652198,20.937777011091267,1.5741569995880127
1748716018.6855993,20.949710151519078,1.571458339691162
1748716018.7191086,20.959129857185726,1.5692474842071533
1748716018.7526252,20.96964819489524,1.5700470209121704
1748716018.7860398,20.9766895709371,1.56887948513031
1748716018.8197188,20.987655218209103,1.5661365985870361
1748716018.8531294,21.001494860658195,1.5637670755386353
1748716018.886549,21.012486375917256,1.561737298965454
1748716018.9199784,21.022654007361748,1.5577205419540405
1748716018.9533796,21.036458984017425,1.5567196607589722
1748716018.9867873,21.047300409964112,1.5500996112823486
1748716019.0202608,21.05791825451471,1.5464187860488892
1748716019.0539274,21.068516309475914,1.5422539710998535
1748716019.087329,21.07947013311615,1.5385597944259644
1748716019.1207354,21.089775848772195,1.538314700126648
1748716019.1543343,21.09724140892812,1.5380606651306152
1748716019.187746,21.107564369159785,1.5391063690185547
1748716019.2211537,21.11800123048932,1.535083532333374
1748716019.2545707,21.128357585020975,1.5296179056167603
1748716019.2879817,21.138871602621226,1.524703025817871
1748716019.3213906,21.149488291747673,1.5204650163650513
1748716019.3547926,21.160096791338873,1.5159341096878052
1748716019.3881907,21.17426352430294,1.5087639093399048
1748716019.4216003,21.1843009443945,1.501011848449707
1748716019.4550037,21.194936745771095,1.495894193649292
1748716019.4884737,21.20581454616612,1.4866716861724854
1748716019.5231774,21.215825273438703,1.4843006134033203
1748716019.556633,21.226751528483916,1.475943684577942
1748716019.590033,21.237701040949638,1.4699320793151855
1748716019.623441,21.251326565198838,1.4595651626586914
1748716019.6568093,21.26154236632922,1.4498013257980347
1748716019.6902208,21.27202071476865,1.4444422721862793
1748716019.723652,21.282578194741582,1.4347800016403198
1748716019.7570968,21.292961808345083,1.425302505493164
1748716019.7906132,21.303520193705545,1.418496012687683
1748716019.824045,21.314081485857944,1.4109933376312256
1748716019.8574438,21.324627242168287,1.4033422470092773
1748716019.890982,21.33512968223983,1.3947947025299072
1748716019.9243958,21.348605258548417,1.384994626045227
1748716019.957804,21.356062386415452,1.377092719078064
1748716019.9912097,21.36661338261166,1.3713384866714478
1748716020.024753,21.37732487362282,1.3642971515655518
1748716020.0581605,21.384372385704523,1.3562860488891602
1748716020.091577,21.394965326669283,1.3485336303710938
1748716020.124992,21.405490271780586,1.3397064208984375
1748716020.1585045,21.41967416658939,1.3295087814331055
1748716020.1919053,21.429524927408796,1.3191031217575073
1748716020.2253163,21.440477164091547,1.311556100845337
1748716020.2594588,21.451320654981142,1.3029197454452515
1748716020.2928677,21.46180261158688,1.2966269254684448
1748716020.326271,21.472397409178026,1.2871253490447998
1748716020.359682,21.482675375736214,1.2807174921035767
1748716020.3931124,21.49330033856676,1.2744269371032715
1748716020.4265118,21.503785707022487,1.2630494832992554
1748716020.459924,21.51738891393911,1.2557531595230103
1748716020.4933403,21.528287974379154,1.2487492561340332
1748716020.5267475,21.538036940613274,1.2408729791641235
1748716020.560169,21.548636436952233,1.2314327955245972
1748716020.5935743,21.559527490598864,1.2242381572723389
1748716020.6269364,21.57051093862684,1.2180966138839722
1748716020.660289,21.585642096104237,1.2093323469161987
1748716020.6936955,21.594856001456538,1.2056349515914917
1748716020.7270987,21.605327315439553,1.1977354288101196
1748716020.7604628,21.615890235342004,1.1889269351959229
1748716020.7954335,21.6300576991961,1.1830389499664307
1748716020.828843,21.640369392115304,1.1787933111190796
1748716020.8622286,21.651332869526982,1.1712777614593506
1748716020.8956375,21.65907025102447,1.1669838428497314
1748716020.929047,21.66902130119003,1.1617292165756226
1748716020.9630802,21.679981559250866,1.1560505628585815
1748716020.9965518,21.6902718056596,1.1513988971710205
1748716021.0299797,21.700469017504222,1.1450499296188354
1748716021.0634098,21.711394548212247,1.1400419473648071
1748716021.0968215,21.721736014620173,1.13718843460083
1748716021.1302197,21.732672159957673,1.132123589515686
1748716021.1636233,21.746837766243242,1.1282100677490234
1748716021.197027,21.757397507626067,1.1228089332580566
1748716021.230458,21.768054524196412,1.1172786951065063
1748716021.2638671,21.77896065764763,1.1113780736923218
1748716021.2974436,21.79249327585767,1.1041510105133057
1748716021.3316553,21.799587381930266,1.1017557382583618
1748716021.3651342,21.809854164584895,1.0991270542144775
1748716021.398536,21.817672547486655,1.0958147048950195
1748716021.4320877,21.827975976796083,1.0924745798110962
1748716021.4654894,21.83808525035541,1.0860447883605957
1748716021.4988937,21.849058153478822,1.0832009315490723
1748716021.532303,21.85965350648894,1.0800074338912964
1748716021.5657668,21.866769621568658,1.0783448219299316
1748716021.5991697,21.877796468937184,1.0759391784667969
1748716021.6325486,21.88843456931938,1.0730732679367065
1748716021.66718,21.902211941874537,1.0687991380691528
1748716021.7005975,21.91286517149383,1.0667319297790527
1748716021.7342343,21.92347952253612,1.0642832517623901
1748716021.76764,21.93400746906826,1.0580958127975464
1748716021.8010573,21.944673864883935,1.0564037561416626
1748716021.8344553,21.95536489444375,1.0565451383590698
1748716021.8689587,21.966010560163195,1.0553827285766602
1748716021.9023404,21.976993401039756,1.0526092052459717
1748716021.935989,21.99083262353956,1.0510886907577515
1748716021.9694307,22.001491159955386,1.050117015838623
1748716022.0028827,22.012146134806734,1.0489834547042847
1748716022.0363069,22.022801473583268,1.0477014780044556
1748716022.069748,22.03381006506151,1.0465905666351318
1748716022.1031516,22.044112145383593,1.0456727743148804
1748716022.1365418,22.050867117327677,1.0461249351501465
1748716022.169964,22.0622803701873,1.0449141263961792
1748716022.2033882,22.075823212795683,1.0455864667892456
1748716022.237321,22.08288803954964,1.0450419187545776
1748716022.270727,22.093841645825254,1.0429099798202515
1748716022.3046763,22.104496837380893,1.0435223579406738
1748716022.3380861,22.114789208275074,1.0423527956008911
1748716022.371488,22.125431223506215,1.0423229932785034
1748716022.4048953,22.13643925283698,1.0424193143844604
1748716022.438353,22.14708842215978,1.0444834232330322
1748716022.4717932,22.154198649658902,1.0441510677337646
1748716022.505759,22.16445142464177,1.0446628332138062
1748716022.5392547,22.17882874872313,1.0481609106063843
1748716022.5726619,22.189467393176237,1.0478405952453613
1748716022.6061256,22.20004260491814,1.0503908395767212
1748716022.6395392,22.210651409115926,1.0536216497421265
1748716022.6729403,22.221310632939907,1.0554344654083252
1748716022.7063673,22.231614654480033,1.0571143627166748
1748716022.7398806,22.242560656253172,1.0605801343917847
1748716022.7732718,22.253182374593674,1.0625832080841064
1748716022.8071346,22.259928228228784,1.0651743412017822
1748716022.8405898,22.27444325850307,1.069343090057373
1748716022.8740366,22.285093332883754,1.0738656520843506
1748716022.9074519,22.29577981834561,1.0765002965927124
1748716022.9408953,22.306448848610607,1.0800060033798218
1748716022.974345,22.317179124253258,1.0824124813079834
1748716023.0078316,22.327819389967626,1.08638596534729
1748716023.0414708,22.3388518865168,1.0894081592559814
1748716023.0749166,22.34877585064344,1.0918878316879272
1748716023.1083531,22.356507416970466,1.0974783897399902
1748716023.141847,22.366750578410276,1.1023634672164917
1748716023.1758986,22.377343999761486,1.1076959371566772
1748716023.2093058,22.38768409499317,1.1123995780944824
1748716023.2427948,22.39860880467361,1.1185379028320312
1748716023.2762399,22.40888460022056,1.1240367889404297
1748716023.3096626,22.419716682617093,1.1286288499832153
1748716023.3431044,22.430455537786337,1.139186978340149
1748716023.376568,22.44071127880153,1.144624948501587
1748716023.410344,22.450983083045198,1.1509156227111816
1748716023.4437616,22.462168317120803,1.1578675508499146
1748716023.4771786,22.47414722038107,1.1643660068511963
1748716023.5105765,22.48293305457417,1.1719459295272827
1748716023.5439863,22.493450714168198,1.1771271228790283
1748716023.577429,22.504062357402688,1.1859760284423828
1748716023.6108835,22.5181191706281,1.1933668851852417
1748716023.644349,22.528639215599004,1.203548789024353
1748716023.677756,22.535711107595503,1.2075915336608887
1748716023.7111826,22.54626332111242,1.2156366109848022
1748716023.7445858,22.560290419544774,1.2234424352645874
1748716023.777985,22.570871482974262,1.2328420877456665
1748716023.8114457,22.581146672796038,1.2366816997528076
1748716023.8449256,22.591586427325804,1.247718095779419
1748716023.87836,22.60209456908285,1.2525005340576172
1748716023.9117079,22.612976652166033,1.2627806663513184
1748716023.9451137,22.623489844433955,1.2702760696411133
1748716023.9785168,22.63408906846371,1.2769112586975098
1748716024.012016,22.64453796751732,1.2828528881072998
1748716024.0454035,22.654673433797594,1.2909257411956787
1748716024.0788076,22.662073703649273,1.2984882593154907
1748716024.112223,22.676219185719493,1.304810881614685
1748716024.1456008,22.686713208994682,1.3147401809692383
1748716024.1790164,22.697252826586315,1.3222479820251465
1748716024.2124186,22.70785686988403,1.328182578086853
1748716024.2460027,22.718096910027615,1.3350633382797241
1748716024.2794065,22.72898029834424,1.3420770168304443
1748716024.3128378,22.739559156950147,1.34862220287323
1748716024.3462472,22.753681662265777,1.3553335666656494
1748716024.3796508,22.76428459221938,1.3615461587905884
1748716024.413053,22.77447443255521,1.3683356046676636
1748716024.4464633,22.78503477440258,1.3750765323638916
1748716024.479863,22.795971208999084,1.3816195726394653
1748716024.5133731,22.806216957498435,1.3873472213745117
1748716024.5467775,22.813273415877386,1.3936582803726196
1748716024.5802202,22.824200442716357,1.3978742361068726
1748716024.613626,22.834809405653182,1.4052739143371582
1748716024.6470344,22.845074719418594,1.4106568098068237
1748716024.6804454,22.852488955671816,1.4147865772247314
1748716024.7138608,22.86342151263899,1.4202722311019897
1748716024.7472801,22.873690286033916,1.4252121448516846
1748716024.7806883,22.884317713973093,1.4284707307815552
1748716024.8140864,22.894560979860042,1.435610055923462
1748716024.8474963,22.90551703191996,1.4407004117965698
1748716024.880928,22.916168218784783,1.4448553323745728
1748716024.9143536,22.92675996767122,1.450027346611023
1748716024.9477723,22.937425590607887,1.4523236751556396
1748716024.9811924,22.94449997268241,1.4572678804397583
1748716025.0146077,22.955104842118054,1.4618667364120483
1748716025.048016,22.965759994633405,1.4655787944793701
1748716025.0814228,22.97958359474258,1.4696835279464722
1748716025.1148913,22.99055768911222,1.4752991199493408
1748716025.1484318,23.00121509534398,1.477502703666687
1748716025.1818428,23.012198822380736,1.4826890230178833
1748716025.2152503,23.02248061284346,1.486311674118042
1748716025.2486575,23.03664894134114,1.4905521869659424
1748716025.282061,23.047303077154105,1.49368155002594
1748716025.3154604,23.057931165232354,1.4975154399871826
1748716025.348866,23.065023482430412,1.501120686531067
1748716025.3822792,23.075304875211682,1.504693865776062
1748716025.4159005,23.086308767130756,1.5077824592590332
1748716025.4493115,23.09693483983041,1.511778473854065
1748716025.4827104,23.107239454051854,1.5137879848480225
1748716025.5161176,23.119672489126753,1.5162924528121948
1748716025.5498147,23.128904618565226,1.5178543329238892
1748716025.583369,23.13598586854408,1.5216361284255981
1748716025.6167805,23.146660998185215,1.5235953330993652
1748716025.6502056,23.15766584473305,1.5263488292694092
1748716025.683654,23.16827288144838,1.529883861541748
1748716025.71706,23.182161916885832,1.5326439142227173
1748716025.7508323,23.19279783112601,1.5362584590911865
1748716025.7842839,23.2030838114691,1.538308024406433
1748716025.8185127,23.21409976544806,1.5392990112304688
1748716025.8519735,23.224735817883907,1.5424518585205078
1748716025.885465,23.23538761996997,1.5448565483093262
1748716025.9188714,23.246119666970316,1.5458083152770996
1748716025.9523098,23.256816129966772,1.5480960607528687
1748716025.9857845,23.267496600169633,1.5503146648406982
1748716026.0191905,23.27818909232672,1.5505315065383911
1748716026.0525906,23.28847785949072,1.5521676540374756
1748716026.0860088,23.29942292915122,1.5550150871276855
1748716026.1194112,23.313323533689996,1.5565214157104492
1748716026.1528506,23.317222873283452,1.558763027191162
1748716026.186293,23.327855136766633,1.559714913368225
1748716026.2198534,23.33848134103437,1.5605195760726929
1748716026.2533178,23.35266761284554,1.5614961385726929
1748716026.2867286,23.36361981993542,1.5655027627944946
1748716026.3201401,23.37352902268123,1.5655121803283691
1748716026.3544528,23.384096920350203,1.5639677047729492
1748716026.3879843,23.398449322705563,1.5651930570602417
1748716026.4214392,23.405473190724305,1.5672764778137207
1748716026.4548035,23.416399990900654,1.5681031942367554
1748716026.4882016,23.430513494015724,1.5681235790252686
1748716026.5216603,23.440763394039717,1.5701297521591187
1748716026.5552015,23.451423630132897,1.5706461668014526
1748716026.5887234,23.465711221207815,1.5701756477355957
1748716026.6221333,23.472840125732695,1.5721263885498047
1748716026.6555417,23.487473081960324,1.5725688934326172
1748716026.688933,23.49745050990087,1.572823166847229
1748716026.7223587,23.5081309120376,1.5731912851333618
1748716026.7557585,23.5191594983576,1.5738945007324219
1748716026.7892036,23.529489315503877,1.574521780014038
1748716026.8226068,23.540554654746018,1.5738329887390137
1748716026.8560069,23.550895562062607,1.5742430686950684
1748716026.889415,23.561920743937282,1.575148344039917
1748716026.9228146,23.572228889566897,1.57431960105896
1748716026.9562545,23.58325566624953,1.574841856956482
1748716026.9896579,23.59356522409045,1.5753333568572998
1748716027.0230608,23.604227704067004,1.575713038444519
1748716027.0564785,23.615244113246884,1.5761789083480835
1748716027.0899518,23.626260190116568,1.5760817527770996
1748716027.1233587,23.63656885476768,1.5765371322631836
1748716027.1567585,23.650433903393264,1.576724886894226
1748716027.1902425,23.65789477589462,1.5769747495651245
1748716027.223644,23.668559115035343,1.5770933628082275
1748716027.2570539,23.679221839243475,1.5775574445724487
1748716027.2904587,23.689892430242665,1.5770149230957031
1748716027.3239844,23.704110032989757,1.5778231620788574
1748716027.3573933,23.714754128435917,1.5783894062042236
1748716027.3909326,23.72540922943515,1.5779062509536743
1748716027.4243865,23.739283194143827,1.5784577131271362
1748716027.4578319,23.749960077916107,1.5794659852981567
1748716027.4912322,23.76456409901106,1.5789968967437744
1748716027.524812,23.77527205709734,1.5797888040542603
1748716027.5582514,23.782401455948435,1.579349160194397
1748716027.5916662,23.793088763571497,1.581047534942627
1748716027.6250703,23.803826531732568,1.580653429031372
1748716027.6585395,23.81455866204725,1.5817537307739258
1748716027.6919706,23.825272288931828,1.5818430185317993
1748716027.7254164,23.835960901269523,1.5819311141967773
1748716027.7587912,23.846627828483694,1.5815547704696655
1748716027.7923074,23.856940442895905,1.5830026865005493
1748716027.8257096,23.87118212333966,1.5829577445983887
1748716027.8591487,23.88220578969131,1.5831035375595093
1748716027.8925936,23.889673928355517,1.5833768844604492
1748716027.9260523,23.89999176601543,1.5840412378311157
1748716027.9594533,23.91066689242374,1.5842787027359009
1748716027.9929376,23.920994707280204,1.584463357925415
1748716028.0264006,23.932021296443065,1.5845363140106201
1748716028.0599556,23.9423306610775,1.5845876932144165
1748716028.0933537,23.95300686885726,1.584908366203308
1748716028.1268263,23.964054295051874,1.5847517251968384
1748716028.1602376,23.97651351286644,1.5853420495986938
1748716028.193642,23.984315588069634,1.5853873491287231
1748716028.2270665,23.9913026807713,1.585267424583435
1748716028.2605126,23.99588114383969,1.5853761434555054
1748716028.2939687,23.999852824147865,1.5855185985565186
1748716028.3273773,24.003680545140313,1.5855801105499268
1748716028.360849,24.007050384374335,1.5856404304504395
1748716028.3970485,24.01052061472717,1.5857499837875366
1748716028.4305224,24.013707145173207,1.585710883140564
1748716028.463957,24.01706467486363,1.5858311653137207
1748716028.4973607,24.020295075723144,1.5857760906219482
1748716028.5307817,24.022436665667755,1.5860038995742798
1748716028.564219,24.02565075799411,1.5858404636383057
1748716028.5976686,24.02779099968196,1.585858941078186
1748716028.6311014,24.03089581905863,1.5860072374343872
1748716028.664508,24.03422055540402,1.5858242511749268
1748716028.69791,24.037544575880393,1.5859246253967285
1748716028.7355921,24.040647662102746,1.5861843824386597
1748716028.7690752,24.043752201980215,1.5859572887420654
1748716028.8028493,24.046969082382216,1.5864924192428589
1748716028.8362808,24.050188613858847,1.585925579071045
1748716028.8696802,24.053497638882753,1.5858384370803833
1748716028.903139,24.05668162166476,1.5863852500915527
1748716028.9365883,24.06114496758145,1.586045742034912
1748716028.9699943,24.065074366741268,1.585910439491272
1748716029.0034008,24.0678495344966,1.586290717124939
1748716029.0368829,24.073682512604503,1.585972547531128
1748716029.0725532,24.077987445678016,1.585630178451538
1748716029.1060677,24.082147784734705,1.5860368013381958
1748716029.1397345,24.086269601793777,1.585913062095642
1748716029.173137,24.089224546980994,1.585507869720459
1748716029.2065346,24.093400094172903,1.5859678983688354
1748716029.2399473,24.097531177892748,1.5857247114181519
1748716029.2733495,24.101613741839184,1.5853545665740967
1748716029.3067577,24.10547813768472,1.58458411693573
1748716029.3401608,24.11084503930616,1.5847798585891724
1748716029.3735733,24.11466800855161,1.5848311185836792
1748716029.4070077,24.118415855273714,1.5845729112625122
1748716029.4404163,24.122123035045874,1.5842264890670776
1748716029.4738362,24.126251663217403,1.585005521774292
1748716029.5073645,24.12937191767291,1.584795355796814
1748716029.5407708,24.133046416207936,1.5845403671264648
1748716029.5742557,24.136310567918773,1.5838569402694702
1748716029.6076605,24.138742694686997,1.584364891052246
1748716029.6412048,24.14206872592425,1.5842506885528564
1748716029.6745927,24.14552859297352,1.5840644836425781
1748716029.7095137,24.148823436198125,1.583801031112671
1748716029.74292,24.152070574019678,1.5842418670654297
1748716029.7763414,24.155270971011007,1.5834835767745972
1748716029.8097568,24.1586346403116,1.5841017961502075
1748716029.8431952,24.16144955810688,1.5833909511566162
1748716029.8766193,24.164531362509308,1.5836102962493896
1748716029.91003,24.167641025556836,1.5832264423370361
1748716029.9434402,24.17069861338656,1.5836079120635986
1748716029.9768302,24.172543667285673,1.5830283164978027
1748716030.01024,24.175513265251368,1.5828324556350708
1748716030.0437553,24.17914220463156,1.5832037925720215
1748716030.0771563,24.180969990350317,1.5825576782226562
1748716030.1105707,24.184587788777627,1.5827840566635132
1748716030.1439893,24.1873562047119,1.58298659324646
1748716030.1774173,24.189901262132256,1.5821493864059448
1748716030.211605,24.19335919314527,1.582646131515503
1748716030.2450213,24.195959284536336,1.5822739601135254
1748716030.2784073,24.197586098958315,1.582962155342102
1748716030.311847,24.20095605857208,1.5823432207107544
1748716030.345254,24.20441126012941,1.5828911066055298
1748716030.378722,24.20703924942155,1.582393765449524
1748716030.4121187,24.208291490126012,1.5823113918304443
1748716030.4455047,24.210598182539854,1.5820105075836182
1748716030.478915,24.212852361133525,1.58258056640625
1748716030.5123496,24.21553382642283,1.5818740129470825
1748716030.545754,24.21649000740316,1.5826984643936157
1748716030.5791554,24.218739690398415,1.5829529762268066
1748716030.612648,24.22085253796641,1.5824551582336426
1748716030.6462286,24.223703461924718,1.58235502243042
1748716030.6804094,24.224936367006624,1.5827937126159668
1748716030.7139988,24.226983638327848,1.5825705528259277
1748716030.7474515,24.229008480004126,1.5827360153198242
1748716030.7808611,24.231143823248612,1.582589864730835
1748716030.814366,24.233045548500478,1.5831894874572754
1748716030.8477793,24.23507302001601,1.5824252367019653
1748716030.8811846,24.236928747925926,1.583143949508667
1748716030.9145849,24.23818161305896,1.5829755067825317
1748716030.9479842,24.240640904131727,1.5831059217453003
1748716030.9815714,24.242442621510428,1.5829046964645386
1748716031.014971,24.244156172333234,1.5827138423919678
1748716031.0486283,24.24602009606893,1.5827606916427612
1748716031.0821545,24.24767395524293,1.5826852321624756
1748716031.115557,24.249351359795508,1.5830129384994507
1748716031.1489263,24.250994805584902,1.5828790664672852
1748716031.1830428,24.25261391125828,1.5823639631271362
1748716031.216452,24.254211677349303,1.582553505897522
1748716031.2499928,24.25629838356506,1.5824263095855713
1748716031.283674,24.257273339987528,1.582640290260315
1748716031.322836,24.258853002353487,1.5825930833816528
1748716031.3562448,24.260841936030147,1.5827423334121704
1748716031.3897722,24.262267259986324,1.5822980403900146
1748716031.4232178,24.263763621822925,1.582168459892273
1748716031.456652,24.264729177008473,1.5826681852340698
1748716031.4900842,24.266676218536755,1.5820157527923584
1748716031.523556,24.26759531750566,1.5825531482696533
1748716031.5569634,24.269546292507446,1.5822190046310425
1748716031.5903487,24.27092150255985,1.582140564918518
1748716031.6237547,24.27226226829835,1.5819590091705322
1748716031.6571677,24.27357096083898,1.5820538997650146
1748716031.690582,24.27484991655189,1.5820112228393555
1748716031.7239802,24.276108911006453,1.5820568799972534
1748716031.7574964,24.277391528955928,1.5818872451782227
1748716031.790903,24.278514878112155,1.5817337036132812
1748716031.8243,24.279793549382767,1.58152174949646
1748716031.8577282,24.280935122333933,1.5815163850784302
1748716031.8912163,24.282173806081126,1.5815435647964478
1748716031.9246736,24.283276056607708,1.5813767910003662
1748716031.9580762,24.284350776320363,1.5810612440109253
1748716031.9914908,24.285448811678428,1.581202507019043
1748716032.0249004,24.28652636342051,1.5814207792282104
1748716032.0593078,24.28757650955258,1.5806125402450562
1748716032.0927804,24.28902557735728,1.5807088613510132
1748716032.1261854,24.290024887697648,1.5805599689483643
1748716032.159596,24.291055807493056,1.5804245471954346
1748716032.1929839,24.292042086552506,1.5798825025558472
1748716032.2263966,24.29309267233067,1.5802884101867676
1748716032.2598293,24.293724172178692,1.5800163745880127
1748716032.2932432,24.295018139398653,1.5799140930175781
1748716032.326658,24.295999523469828,1.5797479152679443
1748716032.360046,24.296913920601895,1.579971432685852
1748716032.393502,24.29783499922805,1.5794479846954346
1748716032.4269073,24.29874949635351,1.5792416334152222
1748716032.4603577,24.29966075315121,1.5795358419418335
1748716032.4937594,24.30056140611274,1.579228401184082
1748716032.5271783,24.301480903491804,1.5795814990997314
1748716032.5605836,24.30259446729756,1.57884681224823
1748716032.5940218,24.30353249631251,1.579192042350769
1748716032.6274238,24.304324546288353,1.5785517692565918
1748716032.6608963,24.305269191059352,1.5791186094284058
1748716032.6943505,24.306073052486408,1.5786473751068115
1748716032.7277513,24.30678467654845,1.5787606239318848
1748716032.7611654,24.30726827070193,1.5786625146865845
1748716032.7945735,24.307457102264053,1.5786442756652832
1748716032.8279753,24.30754867152903,1.5786283016204834
1748716032.8613813,24.307599215618506,1.5786244869232178
1748716032.8948014,24.30762608912,1.5786198377609253
1748716032.9282265,24.307641348834114,1.5786179304122925
1748716032.9618165,24.30764993337538,1.5786166191101074
1748716032.9952207,24.30765470380759,1.578615427017212
1748716033.0286372,24.307658520058133,1.578614592552185
1748716033.0620372,24.307660428180977,1.5786138772964478
1748716033.0954425,24.307662336560412,1.5786136388778687
1748716033.128846,24.307664230187722,1.578613042831421
1748716033.162247,24.307666075808882,1.5786120891571045
1748716033.1956728,24.307666967741376,1.5786117315292358
1748716033.2292428,24.307668813623962,1.5786110162734985
1748716033.2626963,24.307670689982995,1.5786106586456299
1748716033.2962105,24.307671566171273,1.5786099433898926
1748716033.329642,24.307673442791774,1.5786091089248657
1748716033.3631303,24.30767527367104,1.5786086320877075
1748716033.396574,24.307677331874558,1.5786080360412598
1748716033.429995,24.307679208228777,1.5786075592041016
1748716033.4634123,24.30768009991426,1.5786069631576538
1748716033.4968293,24.307681930038402,1.5786064863204956
1748716033.530235,24.307682821728772,1.5786057710647583
1748716033.563606,24.307684698092775,1.5786051750183105
1748716033.5970314,24.307686496960955,1.5786045789718628
1748716033.6304586,24.30768738864644,1.5786041021347046
1748716033.6639109,24.307688343090692,1.5786036252975464
1748716033.6973102,24.307690204199492,1.5786031484603882
1748716033.7311292,24.30769112840889,1.57860267162323
1748716033.764689,24.30769302179479,1.5786019563674927
1748716033.7982337,24.307693928982435,1.5786014795303345
1748716033.8316462,24.30769580610671,1.578600525856018
1748716033.8650503,24.30769668254181,1.578600287437439
1748716033.8984573,24.307698559162755,1.578599452972412
1748716033.9318683,24.30769943559784,1.578598976135254
1748716033.9652603,24.307701328989598,1.5785987377166748
1748716033.9986575,24.3077022519313,1.578597903251648
1748716034.0320752,24.307703143616784,1.5785974264144897
1748716034.0655165,24.307704989751844,1.578596830368042
1748716034.098918,24.30770500601886,1.5785963535308838
1748716034.132318,24.30770592946905,1.5785958766937256
1748716034.1658447,24.3077068676512,1.5785952806472778
1748716034.1992633,24.307708761802914,1.5785948038101196
1748716034.2327285,24.307709653488402,1.5785942077636719
1748716034.266152,24.307711484126447,1.5785937309265137
1748716034.2995582,24.307712360314728,1.578593134880066
1748716034.333076,24.307714252936606,1.5785926580429077
1748716034.3666573,24.30771611430229,1.5785921812057495
1748716034.4000611,24.307717021490088,1.5785913467407227
1748716034.433501,24.30771889861482,1.5785908699035645
1748716034.4670906,24.30771979030543,1.5785905122756958
1748716034.500547,24.307721666921697,1.578589916229248
1748716034.5339463,24.307722574366462,1.5785894393920898
1748716034.5673943,24.307724419726263,1.5785887241363525
1748716034.6008446,24.307725342668274,1.5785882472991943
1748716034.6342587,24.307726250621645,1.5785876512527466
1748716034.6676874,24.307728127746547,1.5785871744155884
1748716034.701093,24.307729051197175,1.5785868167877197
1748716034.7345314,24.30773092781357,1.578586220741272
1748716034.767942,24.307731819504248,1.5785856246948242
1748716034.8018138,24.307734877879223,1.5785853862762451
1748716034.8351657,24.307738860567373,1.5785846710205078
1748716034.8686273,24.30774076970885,1.57858407497406
1748716034.9020627,24.307741661399564,1.578583836555481
1748716034.9355228,24.30774256858749,1.5785832405090332
1748716034.9690032,24.307744430194447,1.5785826444625854
1748716035.002492,24.307746327378002,1.5785820484161377
1748716035.0359993,24.307747265560373,1.5785818099975586
1748716035.0696006,24.307749126422642,1.5785813331604004
1748716035.1030512,24.307749987113713,1.578580617904663
1748716035.1364574,24.307750910055976,1.578580379486084
1748716035.1698928,24.307752818935512,1.5785794258117676
1748716035.2035246,24.30775367987308,1.5785789489746094
1748716035.2369359,24.307755588255215,1.5785783529281616
1748716035.2704,24.307756495700342,1.578578233718872
1748716035.3038068,24.307758341553097,1.5785773992538452
1748716035.3372154,24.307759281261266,1.578576922416687
1748716035.3706532,24.307761174655074,1.578576683998108
1748716035.4040582,24.307763035779917,1.5785759687423706
1748716035.4374685,24.307763943209054,1.5785757303237915
1748716035.470948,24.307764803905485,1.5785748958587646
1748716035.5042963,24.30776781766876,1.5785744190216064
1748716035.537738,24.30776874111998,1.578574299812317
1748716035.5711365,24.3077706515312,1.5785733461380005
1748716035.6045523,24.307771558719285,1.5785729885101318
1748716035.6379597,24.30777340458809,1.5785725116729736
1748716035.6713738,24.307775313479553,1.5785719156265259
1748716035.7048016,24.307776254198675,1.5785712003707886
1748716035.7747283,24.307779007009252,1.5783241987228394
1748716035.808547,24.312078830560328,1.5778926610946655
1748716035.8423245,24.319587780979454,1.5784196853637695
1748716035.8757532,24.32881074583237,1.578773021697998
1748716035.9092712,24.337981020826472,1.57700514793396
1748716035.9426785,24.347916752131574,1.5759587287902832
1748716035.976276,24.35817800684412,1.5758230686187744
1748716036.012598,24.37207793081498,1.5747082233428955
1748716036.0460477,24.385761431200972,1.5706783533096313
1748716036.079451,24.394958202261837,1.5592550039291382
1748716036.1129603,24.403473922134353,1.5482821464538574
1748716036.146353,24.41475629009194,1.5427898168563843
1748716036.1803663,24.42385617516227,1.542632818222046
1748716036.2137682,24.43273666082905,1.5442179441452026
1748716036.2486756,24.442894108349954,1.536555290222168
1748716036.2839503,24.45099013568785,1.5241835117340088
1748716036.3173575,24.45722307341508,1.5103219747543335
1748716036.3507903,24.464280914371884,1.5063964128494263
1748716036.3842988,24.47203342466558,1.5065420866012573
1748716036.4179986,24.480134965236267,1.5043567419052124
1748716036.4514663,24.490655424280167,1.4983981847763062
1748716036.4857433,24.496315386451233,1.487504482269287
1748716036.5191495,24.502381474532076,1.4694305658340454
1748716036.5525548,24.509034252356635,1.460740089416504
1748716036.5860085,24.518865906305596,1.4593050479888916
1748716036.6194787,24.526703065077434,1.4596713781356812
1748716036.6535296,24.53641202154326,1.4538910388946533
1748716036.6869457,24.54249819660866,1.4378613233566284
1748716036.720395,24.550921308287514,1.4249516725540161
1748716036.7538123,24.558495229865954,1.4147098064422607
1748716036.7872162,24.567947946405898,1.4144846200942993
1748716036.8211317,24.57608530122567,1.4108902215957642
1748716036.8548756,24.587439669853374,1.40756356716156
1748716036.8885043,24.59486705003044,1.3949923515319824
1748716036.9236712,24.603456446413194,1.3830674886703491
1748716036.9571743,24.610939538455376,1.373279094696045
1748716036.990978,24.61833556909466,1.370522141456604
1748716037.0244231,24.626148055766976,1.3736662864685059
1748716037.0591915,24.63589100590124,1.371518611907959
1748716037.0925965,24.64193581434003,1.3636583089828491
1748716037.1260586,24.64869412746201,1.3547956943511963
1748716037.159508,24.658175431677797,1.3443963527679443
1748716037.1931353,24.66539630525054,1.3366203308105469
1748716037.2265422,24.672480065710435,1.3285565376281738
1748716037.2600257,24.679586382610243,1.3203678131103516
1748716037.293931,24.687726343259115,1.3132299184799194
1748716037.3273787,24.69711666264234,1.3054389953613281
1748716037.3608468,24.70445709507527,1.2948628664016724
1748716037.3968737,24.714611227115153,1.2887895107269287
1748716037.4302802,24.722040058272086,1.2790191173553467
1748716037.4636865,24.729757967503428,1.272227168083191
1748716037.4971514,24.739437618763365,1.2686457633972168
1748716037.5321817,24.747135041390173,1.2624680995941162
1748716037.5686412,24.75730657958819,1.25141441822052
1748716037.6040473,24.764181714619923,1.242461085319519
1748716037.6377857,24.773010139336705,1.2403788566589355
1748716037.6729486,24.780469751957067,1.2393728494644165
1748716037.7065287,24.786836070877992,1.2293063402175903
1748716037.73994,24.79637460754932,1.221722960472107
1748716037.7735438,24.803526404106055,1.2147581577301025
1748716037.814276,24.813348450334814,1.2087970972061157
1748716037.8476849,24.822039389474448,1.2028350830078125
1748716037.8812716,24.828855628452892,1.1933841705322266
1748716037.9146807,24.834869984025428,1.1849795579910278
1748716037.948082,24.844990066347624,1.1822245121002197
1748716037.9815466,24.852297937431658,1.1791882514953613
1748716038.0149543,24.85895329403299,1.1711905002593994
1748716038.0560615,24.867950197163424,1.1598975658416748
1748716038.0894303,24.873871269665194,1.1570683717727661
1748716038.1228375,24.883383943945244,1.1539534330368042
1748716038.1562448,24.892380616652577,1.1476120948791504
1748716038.1908946,24.899037667764308,1.1358212232589722
1748716038.2243516,24.9089256431228,1.1311157941818237
1748716038.2577713,24.916187128450563,1.1296486854553223
1748716038.2961462,24.925690815356138,1.1255528926849365
1748716038.3298175,24.932184584428516,1.1167253255844116
1748716038.3632236,24.939377138665794,1.1115397214889526
1748716038.4027684,24.94922377034694,1.1027488708496094
1748716038.4561234,24.963737298564887,1.0943067073822021
1748716038.4905286,24.971222804805723,1.0893114805221558
1748716038.5239308,24.978732021337688,1.08194899559021
1748716038.5573893,24.988720004735864,1.075976014137268
1748716038.5910037,24.996446333482048,1.0675665140151978
1748716038.6244347,25.004160851868573,1.0610073804855347
1748716038.6581426,25.013781126236857,1.0562376976013184
1748716038.691576,25.021293558522082,1.051904320716858
1748716038.7252133,25.02853812860195,1.0421960353851318
1748716038.758718,25.03581567211239,1.0328234434127808
1748716038.7956595,25.04547657027485,1.0263229608535767
1748716038.8290749,25.053179325561754,1.0175378322601318
1748716038.8625531,25.062698046042563,1.0108568668365479
1748716038.8959835,25.070570965658376,1.0014574527740479
1748716038.9296453,25.077291349152606,0.9916825294494629
1748716038.9651768,25.08437066394929,0.9821829199790955
1748716038.9985785,25.0920778364684,0.9731029868125916
1748716039.0320754,25.10145918918222,0.9613054990768433
1748716039.0767143,25.11167106422592,0.9501224756240845
1748716039.1107173,25.11886186917752,0.9421758651733398
1748716039.1444678,25.12627380940805,0.9335066676139832
1748716039.1779168,25.136154059306108,0.9226076006889343
1748716039.2115796,25.143801702846012,0.9145257472991943
1748716039.2451994,25.150964861636286,0.9066630005836487
1748716039.288336,25.160830281982243,0.8953418731689453
1748716039.3217442,25.16823656042301,0.8871510028839111
1748716039.3552191,25.17565363228645,0.8791651129722595
1748716039.390913,25.185540909984915,0.8678895235061646
1748716039.4279807,25.195691718563737,0.8597759008407593
1748716039.46156,25.205347119377198,0.8492124080657959
1748716039.494962,25.21252640648148,0.8383934497833252
1748716039.5283704,25.220186065999023,0.8303362727165222
1748716039.561774,25.227860479435023,0.8216255307197571
1748716039.6017125,25.237635717524316,0.8146564960479736
1748716039.635461,25.24742918531066,0.817055344581604
1748716039.6688592,25.253915383373286,0.8134438991546631
1748716039.7025445,25.260475173130626,0.8031226396560669
1748716039.7360864,25.267470339028772,0.7955948114395142
1748716039.7702413,25.27460514892052,0.7871533632278442
1748716039.8036473,25.284906973888244,0.77762770652771
1748716039.8375225,25.292314609643974,0.7695179581642151
1748716039.870965,25.30191449511763,0.7615299820899963
1748716039.9608405,25.32092408568119,0.7508670091629028
1748716039.994247,25.324344546023756,0.7483872771263123
1748716040.0276568,25.33330248899247,0.7406229376792908
1748716040.0610642,25.34187849604505,0.7354599833488464
1748716040.0944312,25.351330976359165,0.7287308573722839
1748716040.1278427,25.361311153975805,0.7217147350311279
1748716040.1612413,25.37163762692018,0.7156153917312622
1748716040.1952825,25.385384050560365,0.7076166272163391
1748716040.2287238,25.39233659625505,0.6959455013275146
1748716040.2621386,25.402200342251998,0.6908242106437683
1748716040.2957714,25.412895733748098,0.6851879358291626
1748716040.329351,25.422476975881313,0.6746227145195007
1748716040.362784,25.432005787407327,0.6637412905693054
1748716040.396298,25.442753638837033,0.6566566228866577
1748716040.4297028,25.452627760794172,0.6556763052940369
1748716040.4631114,25.462860462179954,0.6526529788970947
1748716040.496527,25.46967387109259,0.6471478343009949
1748716040.5300057,25.480051340271277,0.6374735832214355
1748716040.563432,25.49332898287512,0.6322965621948242
1748716040.5968952,25.503661627445332,0.6239729523658752
1748716040.6303158,25.515287905343133,0.6105957627296448
1748716040.6640072,25.524641879836096,0.6012534499168396
1748716040.697409,25.535118845363083,0.592334508895874
1748716040.7308853,25.546019296321802,0.5834934711456299
1748716040.764339,25.55587172082973,0.5729047060012817
1748716040.797737,25.566189744774366,0.5626758933067322
1748716040.8311455,25.576600351826023,0.5527060031890869
1748716040.8645291,25.586740939243775,0.5424375534057617
1748716040.8981056,25.601047000496635,0.5307233929634094
1748716040.931627,25.611066971811635,0.5198889970779419
1748716040.965064,25.62129699808839,0.5076356530189514
1748716040.9985187,25.63183925360413,0.49543607234954834
1748716041.0319219,25.64222396213938,0.484710156917572
1748716041.0653477,25.65250701891494,0.4728366732597351
1748716041.0987465,25.66330963610561,0.4622252881526947
1748716041.132156,25.67341625690469,0.4514533579349518
1748716041.165552,25.683455559365324,0.4442524015903473
1748716041.1989145,25.694251314567815,0.43320316076278687
1748716041.2323532,25.70466893750854,0.4186006188392639
1748716041.2657526,25.7150823370927,0.40753114223480225
1748716041.2992153,25.72899781593792,0.39641517400741577
1748716041.332624,25.739630056464286,0.3874160945415497
1748716041.3660553,25.75042459227064,0.376943439245224
1748716041.3994553,25.760484903093374,0.3633413016796112
1748716041.4328809,25.771289929354214,0.35335126519203186
1748716041.4663012,25.78144238858023,0.3438071608543396
1748716041.4997778,25.79191850882575,0.3342953324317932
1748716041.5331852,25.802016614892484,0.32757681608200073
1748716041.5665991,25.812795224847488,0.31352943181991577
1748716041.6000197,25.8232771440073,0.30695629119873047
1748716041.6334984,25.83028432630065,0.2973611056804657
1748716041.6668994,25.844271357131618,0.2876557409763336
1748716041.7003012,25.852297464407567,0.2780829071998596
1748716041.7337909,25.864884311183847,0.2684018909931183
1748716041.767203,25.87576043168621,0.2558330297470093
1748716041.8006039,25.886300484473473,0.24680277705192566
1748716041.8340485,25.896775424841916,0.23742838203907013
1748716041.867461,25.907301779021253,0.22867421805858612
1748716041.900892,25.92132627455828,0.21994422376155853
1748716041.9342725,25.928330942522884,0.2112358808517456
1748716041.967676,25.938867097598447,0.20297111570835114
1748716042.0010898,25.949446113950707,0.1978912204504013
1748716042.0347385,25.960008965889184,0.18771246075630188
1748716042.0681386,25.970851000942872,0.17913511395454407
1748716042.101584,25.981837271916692,0.17204713821411133
1748716042.135308,25.991681259938584,0.16470053791999817
1748716042.1687386,26.00194701952743,0.1582508683204651
1748716042.2021837,26.012835606076916,0.15049785375595093
1748716042.2355947,26.02698919485909,0.1443721503019333
1748716042.2692115,26.037942361947508,0.13593608140945435
1748716042.3029437,26.0485082493889,0.12955130636692047
1748716042.3363812,26.06230916650084,0.12403611093759537
1748716042.3712056,26.072953615263394,0.11759289354085922
1748716042.4050841,26.083529832260783,0.1118553876876831
1748716042.438487,26.097709228600074,0.10581237822771072
1748716042.4718957,26.108293775926402,0.10022426396608353
1748716042.5053494,26.118931261427342,0.09561969339847565
1748716042.5387485,26.129529162072807,0.09025511145591736
1748716042.5744698,26.140510350809038,0.08588305860757828
1748716042.6079276,26.151550933410405,0.08255524188280106
1748716042.6414547,26.165011560245535,0.07803815603256226
1748716042.6750543,26.17209241284313,0.07353593409061432
1748716042.708525,26.182736672695246,0.06973817199468613
1748716042.7419348,26.193384394665078,0.06579083949327469
1748716042.7753727,26.203998961883688,0.06139909103512764
1748716042.8089287,26.21498311124271,0.05713741481304169
1748716042.8424394,26.228873948677368,0.05483023822307587
1748716042.8758366,26.239519970438515,0.05047960951924324
1748716042.90922,26.250143809318033,0.04667622223496437
1748716042.9426663,26.26044050644272,0.043777305632829666
1748716042.976035,26.27147957466604,0.041479602456092834
1748716043.0094638,26.2817712481235,0.03946559876203537
1748716043.043462,26.29246759793475,0.038107480853796005
1748716043.076897,26.303479757251754,0.03463747724890709
1748716043.1102972,26.314107135772552,0.03155282139778137
1748716043.1437054,26.32510633517489,0.028878362849354744
1748716043.1772585,26.33540638638893,0.026838969439268112
1748716043.2109609,26.349991179949495,0.025642411783337593
1748716043.2443688,26.360262160068544,0.023141687735915184
1748716043.277784,26.371245600493868,0.019974708557128906
1748716043.3111975,26.38158206287126,0.01987234503030777
1748716043.34461,26.3922535079028,0.017765037715435028
1748716043.378046,26.402564959796983,0.015425625257194042
1748716043.4115386,26.41350313708061,0.012160961516201496
1748716043.444963,26.42377361392897,0.012336230836808681
1748716043.4784145,26.434733574348055,0.011348825879395008
1748716043.5142956,26.44531999889899,0.008622556924819946
1748716043.5477102,26.456324310596262,0.0069272080436348915
1748716043.5811467,26.46662622500675,0.006919690407812595
1748716043.6145484,26.477239745208866,0.005138422828167677
1748716043.6479516,26.487881946649797,0.004045763518661261
1748716043.6813545,26.49888870740381,0.003246026812121272
1748716043.7147133,26.509525627978466,0.001181273371912539
1748716043.748133,26.520181977761034,0.0006482457974925637
1748716043.7815423,26.530857492339738,0.00014096919039729983
1748716043.81495,26.541534917292633,-0.0013816222781315446
1748716043.8483582,26.55187485807423,-0.0017618747660890222
1748716043.881712,26.562207185114705,-0.002530529163777828
1748716043.915134,26.576446031462208,-0.0024528668727725744
1748716043.948596,26.583547754244172,-0.004822138696908951
1748716043.982379,26.594243347337862,-0.0052178348414599895
1748716044.0157862,26.604907983016048,-0.006105360109359026
1748716044.0499446,26.616267893131344,-0.0071324859745800495
1748716044.0834365,26.626605992264732,-0.006565064657479525
1748716044.116949,26.637610869747075,-0.007523783482611179
1748716044.1504738,26.647870599616926,-0.00882905162870884
1748716044.1839278,26.65813780800737,-0.008306640200316906
1748716044.2173314,26.669119573468382,-0.009319350123405457
1748716044.2507765,26.67975266633033,-0.009819640778005123
1748716044.2843184,26.690406528227918,-0.010376621969044209
1748716044.3177974,26.70106003405114,-0.010558869689702988
1748716044.3513017,26.71173760503489,-0.011426894925534725
1748716044.3847096,26.72210228151347,-0.010373909957706928
1748716044.4181194,26.732778177036092,-0.010774839669466019
1748716044.4515562,26.7402102739029,-0.012558934278786182
1748716044.4851284,26.750443646823744,-0.012035596184432507
1748716044.5184908,26.761075578479417,-0.012900205329060555
1748716044.5520034,26.772088170299266,-0.01298749540001154
1748716044.5860827,26.786659308012084,-0.013827078975737095
1748716044.6195562,26.79341521376826,-0.01339659746736288
1748716044.6529698,26.803747545456822,-0.013858925551176071
1748716044.686453,26.814799868591955,-0.012933398596942425
1748716044.719822,26.825480655191765,-0.013238305225968361
1748716044.7533832,26.83614128876714,-0.014023498632013798
1748716044.786783,26.846803834945856,-0.014590957202017307
1748716044.8201857,26.85712031054019,-0.013690680265426636
1748716044.8536344,26.868491915453305,-0.014062056317925453
1748716044.8871906,26.87878488990188,-0.01496746577322483
1748716044.9206047,26.88944149076079,-0.015157287009060383
1748716044.9540105,26.896188281762228,-0.0149614866822958
1748716044.98742,26.91113503950018,-0.01544785313308239
1748716045.0208747,26.92145923857437,-0.014626647345721722
1748716045.054332,26.932138745147174,-0.01505553163588047
1748716045.0880437,26.943184159985627,-0.015814045444130898
1748716045.1215131,26.953171682028383,-0.01576993614435196
1748716045.154961,26.964208825714007,-0.01575712487101555
1748716045.188407,26.97488195780954,-0.01577840931713581
1748716045.2218218,26.98199998382639,-0.016263753175735474
1748716045.255338,26.99266806728612,-0.016334639862179756
1748716045.2887747,27.00332469671388,-0.01581038162112236
1748716045.3221757,27.013990831793148,-0.015426712110638618
1748716045.355577,27.028162873920284,-0.016096673905849457
1748716045.3889933,27.039443412227104,-0.017039809376001358
1748716045.4224465,27.048987595723116,-0.01642552949488163
1748716045.455866,27.05962729723464,-0.016682930290699005
1748716045.4893472,27.070635441593645,-0.01637556031346321
1748716045.522985,27.081293259759036,-0.016374576836824417
1748716045.5564015,27.091605882616832,-0.016380896791815758
1748716045.5898209,27.10654063059828,-0.01566946506500244
1748716045.6232326,27.11685914474202,-0.015794554725289345
1748716045.6566823,27.12752693987478,-0.015312468633055687
1748716045.6900892,27.13819410304196,-0.015236550010740757
1748716045.723529,27.148854529642996,-0.01487723644822836
1748716045.75706,27.15986524044395,-0.01501693855971098
1748716045.7904568,27.169816365718987,-0.014725403860211372
1748716045.8238316,27.180823240503386,-0.01476763840764761
1748716045.8572779,27.19149394138745,-0.01348946150392294
1748716045.890744,27.20182148817594,-0.013960033655166626
1748716045.9241595,27.213543081957944,-0.013565798290073872
1748716045.9576144,27.224526723359368,-0.012532606720924377
1748716045.9909854,27.234100915073316,-0.013524665497243404
1748716046.0243921,27.24796294873278,-0.013523905538022518
1748716046.0578244,27.255073211063394,-0.012733163312077522
1748716046.0912418,27.266095640746016,-0.012262287549674511
1748716046.124932,27.276413462161564,-0.012440374121069908
1748716046.1584153,27.288155277576454,-0.011900546960532665
1748716046.19183,27.29811585207499,-0.011860772967338562
1748716046.2252424,27.305577981404273,-0.011684061959385872
1748716046.258659,27.3194393834262,-0.010738966055214405
1748716046.292277,27.326199027526993,-0.011886651627719402
1748716046.325803,27.336879065804254,-0.011653011664748192
1748716046.3593397,27.347556718222087,-0.011474648490548134
1748716046.3927464,27.36213943957145,-0.011678522452712059
1748716046.4262156,27.36890006459282,-0.01054113544523716
1748716046.4596252,27.379595961195097,-0.010855348780751228
1748716046.4930387,27.390643482272168,-0.010287437587976456
1748716046.526579,27.401681516697852,-0.010156537406146526
1748716046.560828,27.411997980817635,-0.009429552592337132
1748716046.5943944,27.42267590748792,-0.009732898324728012
1748716046.627794,27.436554521432072,-0.009737364016473293
1748716046.6612015,27.44437408235107,-0.00881333276629448
1748716046.6946118,27.45788347141236,-0.009333929978311062
1748716046.7280698,27.469260084990335,-0.008286685682833195
1748716046.7615561,27.479569777541215,-0.00842767022550106
1748716046.7950103,27.489875513866266,-0.008354110643267632
1748716046.828475,27.500892807876017,-0.008287599310278893
1748716046.8619564,27.51155025550471,-0.007275229319930077
1748716046.8953655,27.522208526062485,-0.00821122620254755
1748716046.9288166,27.536431717637793,-0.007596233393996954
1748716046.9622233,27.54709174880595,-0.007325346115976572
1748716046.99588,27.558104901367887,-0.007205527741461992
1748716047.0293438,27.569119922627166,-0.006970749702304602
1748716047.0627887,27.579067084389603,-0.0071309031918644905
1748716047.0961878,27.589727615333807,-0.007098357658833265
1748716047.129644,27.600387622534626,-0.006616309750825167
1748716047.1630628,27.611047797391315,-0.006497186608612537
1748716047.1964695,27.62170797937849,-0.006251987535506487
1748716047.2299173,27.63238021634513,-0.006660770159214735
1748716047.2633293,27.643406214763996,-0.005816062446683645
1748716047.2968047,27.653362505197663,-0.005606422666460276
1748716047.3302913,27.664381423312726,-0.005663781426846981
1748716047.3636827,27.67504361085655,-0.00550455879420042
1748716047.3972867,27.685350696903125,-0.005101766902953386
1748716047.430697,27.696393300554362,-0.005933003034442663
1748716047.4640982,27.7070610581159,-0.00480665871873498
1748716047.4974923,27.7176844866233,-0.0037996459286659956
1748716047.5309007,27.728296116646295,-0.00421813502907753
1748716047.5643528,27.73893421075979,-0.005117002408951521
1748716047.597784,27.74603121253369,-0.004441295750439167
1748716047.6311877,27.75669847775677,-0.005413573235273361
1748716047.6645882,27.771305217179137,-0.005302629433572292
1748716047.6980016,27.78163154972514,-0.005008602049201727
1748716047.7314124,27.788753583281547,-0.004778419155627489
1748716047.7648165,27.8033390305217,-0.004601104184985161
1748716047.7982125,27.813656342867926,-0.005008337087929249
1748716047.8316872,27.82467177989425,-0.004820588976144791
1748716047.865097,27.839228356547384,-0.006290307268500328
1748716047.8984458,27.849534289341204,-0.006454704329371452
1748716047.931845,27.860196597433163,-0.006440364755690098
1748716047.9652498,27.873717072257232,-0.006969963666051626
1748716047.9988818,27.880830967411487,-0.008656426332890987
1748716048.03228,27.895065729164287,-0.00921763014048338
1748716048.0657258,27.902181170435195,-0.010072140954434872
1748716048.099208,27.913248722106964,-0.011433354578912258
1748716048.1326551,27.924003281409743,-0.011393526569008827
1748716048.1660657,27.93435963178024,-0.0128098139539361
1748716048.1994722,27.94541357156099,-0.014478077180683613
1748716048.2328815,27.959666709889504,-0.015667565166950226
1748716048.2663078,27.970703351767032,-0.016023118048906326
1748716048.2997382,27.977461238501597,-0.016868915408849716
1748716048.3333578,27.988130640996587,-0.01836465299129486
1748716048.3667607,27.99840201866425,-0.019541602581739426
1748716048.4001672,28.009011768428667,-0.019271716475486755
1748716048.433589,28.02000498281752,-0.020716026425361633
1748716048.4672184,28.03032692289404,-0.020222365856170654
1748716048.5007703,28.04528430804826,-0.020822865888476372
1748716048.534174,28.055601942250895,-0.020932579413056374
1748716048.5676491,28.066255681085885,-0.021029576659202576
1748716048.6010797,28.074409595083672,-0.019851772114634514
1748716048.634477,28.084363704756008,-0.01961393840610981
1748716048.6679237,28.098863974459256,-0.0190704558044672
1748716048.7013726,28.108725753007004,-0.016705939546227455
1748716048.7347767,28.119389841171316,-0.01635107211768627
1748716048.7681847,28.130034038272644,-0.014193270355463028
1748716048.8015854,28.140301885406316,-0.011069569736719131
1748716048.8360405,28.151710096261326,-0.010216581635177135
1748716048.869438,28.161684744312236,-0.007067211903631687
1748716048.9029305,28.172782732497488,-0.005700462497770786
1748716048.9364257,28.179903957009007,-0.004243280738592148
1748716048.9698596,28.190519162505616,-0.0007445804076269269
1748716049.0034702,28.20477369507061,7.291532529052347e-05
1748716049.036978,28.215398730833886,0.0028841078747063875
1748716049.0704403,28.22603051849014,0.0057006170973181725
1748716049.103872,28.233125755024805,0.008130020461976528
1748716049.1372623,28.24688174190403,0.011848080903291702
1748716049.1706858,28.254303577791074,0.015910077840089798
1748716049.2040951,28.26451702674842,0.020893637090921402
1748716049.2374973,28.271975133566624,0.023016849532723427
1748716049.2708898,28.28228946741399,0.02726873941719532
1748716049.3042996,28.293259536835773,0.03161624073982239
1748716049.337712,28.303801373272268,0.035624511539936066
1748716049.3711708,28.31482575185845,0.04135114327073097
1748716049.4045725,28.325096784590258,0.046610962599515915
1748716049.4379816,28.335668517527754,0.05027949437499046
1748716049.4714162,28.346696013986715,0.05629584193229675
1748716049.5048153,28.356969050089663,0.061285350471735
1748716049.5382848,28.36716883931092,0.06472203880548477
1748716049.5716963,28.37805079118592,0.07317421585321426
1748716049.6051078,28.388376250593172,0.07596098631620407
1748716049.638505,28.399317248430435,0.08381054550409317
1748716049.6719096,28.41340978890915,0.08947460353374481
1748716049.7053168,28.42050176642421,0.09463521838188171
1748716049.7387826,28.432024009139898,0.10213800519704819
1748716049.7721922,28.445072141017256,0.11026075482368469
1748716049.8056011,28.4556624962318,0.11650986224412918
1748716049.8389997,28.46612738173781,0.12457209825515747
1748716049.8724074,28.476756459931813,0.1300591081380844
1748716049.9058268,28.487358380843176,0.13688862323760986
1748716049.9393492,28.497875653409217,0.14449788630008698
1748716049.9729552,28.51206157173226,0.15065577626228333
1748716050.0063317,28.519071900302404,0.15799573063850403
1748716050.0397432,28.53317003751618,0.1657509207725525
1748716050.073143,28.540647471539355,0.1720283478498459
1748716050.1066859,28.55047682068899,0.1798105239868164
1748716050.1400895,28.561322001699434,0.18742722272872925
1748716050.174258,28.57555712285805,0.19302570819854736
1748716050.207659,28.585955301839565,0.20180313289165497
1748716050.2410696,28.596497324663403,0.20917338132858276
1748716050.2750723,28.607084880613467,0.21577252447605133
1748716050.3085124,28.614065839718965,0.22366784512996674
1748716050.3419676,28.631560621684446,0.23456139862537384
1748716050.3754268,28.639005151996667,0.23888978362083435
1748716050.408836,28.645670414662128,0.2468474954366684
1748716050.4421973,28.655833793799374,0.25442495942115784
1748716050.4755847,28.666769403101977,0.2611704468727112
1748716050.5090716,28.677256042104215,0.2698899209499359
1748716050.5424826,28.687775923170438,0.27782610058784485
1748716050.575952,28.698350112734985,0.2853440046310425
1748716050.609372,28.708913257052735,0.29314956068992615
1748716050.6437008,28.71940988983025,0.301466166973114
1748716050.6771107,28.729979912697893,0.30897268652915955
1748716050.7105067,28.740856763440068,0.31463927030563354
1748716050.7439833,28.751021333042587,0.325359582901001
1748716050.7774317,28.76155407562424,0.3308212161064148
1748716050.8109117,28.772503088596288,0.3406214118003845
1748716050.8444583,28.7822967229236,0.3491189479827881
1748716050.8778646,28.793514845512732,0.3577726483345032
1748716050.911273,28.803672941059357,0.36592555046081543
1748716050.9447546,28.814264861172006,0.3733232617378235
1748716050.9782174,28.824785995886238,0.3815038800239563
1748716051.0116272,28.835276953100376,0.3904534876346588
1748716051.045029,28.849990785045634,0.39970454573631287
1748716051.078452,28.85596132155001,0.4073760509490967
1748716051.1119132,28.866879530279274,0.4153968095779419
1748716051.145379,28.87773956604338,0.42429229617118835
1748716051.1787832,28.88824656801307,0.4331449568271637
1748716051.2121747,28.898453299454278,0.4404979944229126
1748716051.2455757,28.908912811258453,0.450009822845459
1748716051.2789743,28.91939734493942,0.4588322937488556
1748716051.312372,28.929623873715965,0.4637486934661865
1748716051.345803,28.936976877525687,0.4728940725326538
1748716051.3792682,28.947509856482096,0.4804815351963043
1748716051.4126759,28.957982719813863,0.49000123143196106
1748716051.446118,28.968444330904177,0.4989367425441742
1748716051.4795105,28.9789459738158,0.5084068179130554
1748716051.5129585,28.991282875069064,0.5161935687065125
1748716051.5464065,29.003451352831185,0.5288600921630859
1748716051.5798135,29.013621238205374,0.5372907519340515
1748716051.6133397,29.024500872804726,0.5434211492538452
1748716051.6467435,29.035040245677596,0.5519545674324036
1748716051.6801538,29.045493450577055,0.5613707900047302
1748716051.713651,29.055978274716374,0.5736439228057861
1748716051.7470772,29.062984917308892,0.5796538591384888
1748716051.7804976,29.073554124342678,0.5883165597915649
1748716051.8139443,29.087526238697325,0.5969528555870056
1748716051.8473523,29.097663700946423,0.6086205244064331
1748716051.8808024,29.108857121171493,0.617573082447052
1748716051.9142094,29.119345346875086,0.6265931129455566
1748716051.9476092,29.129488274813237,0.6357828974723816
1748716051.9810283,29.13616465046652,0.6413222551345825
1748716052.0145557,29.146704942639857,0.649746835231781
1748716052.047959,29.157533260428504,0.6588463187217712
1748716052.081386,29.16771954903659,0.6668254137039185
1748716052.1147869,29.180319323713043,0.675581157207489
1748716052.1482096,29.188704035433798,0.6840795874595642
1748716052.1816092,29.199190228200262,0.6899487376213074
1748716052.2150347,29.21001691761033,0.6993545889854431
1748716052.248445,29.22091785658632,0.7101641297340393
1748716052.2818434,29.231347566048747,0.7201888561248779
1748716052.3153539,29.241542483623377,0.7279124855995178
1748716052.3487947,29.255828231412448,0.7377564907073975
1748716052.3821778,29.262506131341116,0.743114173412323
1748716052.4155786,29.2695287601158,0.751711368560791
1748716052.4491127,29.27995441717409,0.7614068984985352
1748716052.4826343,29.29014344945366,0.7666620016098022
1748716052.5160434,29.29748107847862,0.7761785984039307
1748716052.549822,29.31143336879382,0.7856317162513733
1748716052.5832229,29.3184693555454,0.7941689491271973
1748716052.616798,29.33239783195966,0.8037965893745422
1748716052.6507425,29.34284250132328,0.8134967088699341
1748716052.6867957,29.350152342037134,0.8235540986061096
1748716052.720221,29.360313357345326,0.8323657512664795
1748716052.7536266,29.370787593796035,0.8426156044006348
1748716052.787322,29.38475572427801,0.851791262626648
1748716052.8208578,29.394961815250806,0.8601220846176147
1748716052.854408,29.405439398716197,0.873007595539093
1748716052.8878756,29.41587646476986,0.8827114701271057
1748716052.921376,29.426727589305187,0.8916228413581848
1748716052.954807,29.43686404614381,0.9015942811965942
1748716052.98822,29.447520277496448,0.91243577003479
1748716053.02168,29.458091153733488,0.9214022159576416
1748716053.055156,29.468519633459103,0.9312943816184998
1748716053.0886908,29.47866828191542,0.9410308599472046
1748716053.1220925,29.490898084888396,0.9488924145698547
1748716053.1555786,29.500623189512908,0.9612751007080078
1748716053.1890213,29.506561579975763,0.9678337574005127
1748716053.2224793,29.520877111394814,0.9777030348777771
1748716053.256036,29.531298085395566,0.9881522059440613
1748716053.2895205,29.538260601806634,0.9984229803085327
1748716053.3229175,29.548401583964452,1.007973313331604
1748716053.3563232,29.55929248133714,1.017313003540039
1748716053.390436,29.56960831547426,1.0248374938964844
1748716053.423836,29.579801119252597,1.0362459421157837
1748716053.4572587,29.590301682927414,1.0458447933197021
1748716053.4906616,29.600749001293767,1.0577607154846191
1748716053.5240605,29.61121209060887,1.067260503768921
1748716053.557463,29.62162188779605,1.0774109363555908
1748716053.5909352,29.631733890117157,1.0867305994033813
1748716053.624339,29.642237068257256,1.0927783250808716
1748716053.6577036,29.649910286348998,1.1024539470672607
1748716053.6911178,29.659974504160243,1.1131852865219116
1748716053.7245815,29.67388826430647,1.1232675313949585
1748716053.757986,29.684415129989112,1.135155200958252
1748716053.791384,29.69458500984943,1.1444814205169678
1748716053.8248289,29.701928431873036,1.1503201723098755
1748716053.858237,29.71240821325788,1.1600122451782227
1748716053.891671,29.722622155381302,1.1679102182388306
1748716053.9250793,29.733480950740088,1.1767795085906982
1748716053.958483,29.743942441975435,1.1862854957580566
1748716053.9918954,29.754121564047587,1.194322109222412
1748716054.0259573,29.764632632083718,1.2027791738510132
1748716054.0593736,29.775504550395915,1.211444616317749
1748716054.0927815,29.78631116451896,1.220649242401123
1748716054.1261802,29.800057095807638,1.2284032106399536
1748716054.1595757,29.810519817465345,1.2405048608779907
1748716054.1929874,29.820813990585403,1.2451138496398926
1748716054.2264442,29.832352670380548,1.2571111917495728
1748716054.2598321,29.845778536072554,1.2641017436981201
1748716054.293342,29.856032399862297,1.2706083059310913
1748716054.3267543,29.866959940346714,1.2804243564605713
1748716054.3601658,29.877486191439527,1.288284182548523
1748716054.3938172,29.88798989029681,1.2961739301681519
1748716054.4272149,29.89856823270049,1.303665041923523
1748716054.460618,29.90948792879257,1.3113588094711304
1748716054.4940226,29.920030002292467,1.3185003995895386
1748716054.527438,29.93026216149892,1.3256899118423462
1748716054.5608535,29.940801909589734,1.333084225654602
1748716054.5942574,29.951353531059322,1.3404866456985474
1748716054.6278481,29.961929508531075,1.3470726013183594
1748716054.661298,29.97286493865965,1.3519026041030884
1748716054.6947052,29.983756090154053,1.3594335317611694
1748716054.7281165,29.993997809542158,1.3676375150680542
1748716054.7615154,30.00421334895411,1.374298334121704
1748716054.7949195,30.014820319988765,1.378246784210205
1748716054.828361,30.025032366554914,1.384727954864502
1748716054.8617685,30.032473135107498,1.3906126022338867
1748716054.8952796,30.04300274010345,1.3979170322418213
1748716054.931554,30.053680726278724,1.402721643447876
1748716054.9650207,30.064279151596565,1.4094629287719727
1748716054.9984436,30.07488364221375,1.4153655767440796
1748716055.0318894,30.08553167132024,1.4206401109695435
1748716055.0653365,30.09998532819418,1.4269438982009888
1748716055.0987427,30.106709722692496,1.4320833683013916
1748716055.1321487,30.117352002428582,1.4365835189819336
1748716055.1666937,30.131890648271746,1.441084623336792
1748716055.2005875,30.138235820318815,1.446148157119751
1748716055.2339978,30.148855225601736,1.4509121179580688
1748716055.2674,30.15983123009688,1.4554500579833984
1748716055.3008156,30.166940848330356,1.4574037790298462
1748716055.3342726,30.177614512955948,1.462341547012329
1748716055.3676813,30.188276951360443,1.4658584594726562
1748716055.4010959,30.19927094212219,1.4690263271331787
1748716055.4345853,30.206349032532565,1.4735826253890991
1748716055.4680157,30.216644213261915,1.4772995710372925
1748716055.5014296,30.22729381411643,1.4797853231430054
1748716055.534834,30.237884844230816,1.4848198890686035
1748716055.5683098,30.248261276648268,1.4873614311218262
1748716055.6018128,30.255696077076422,1.4922804832458496
1748716055.6352253,30.269931197004507,1.4962459802627563
1748716055.6688478,30.280545137403077,1.499338984489441
1748716055.7022452,30.29123182744987,1.5019094944000244
1748716055.735651,30.30183998137489,1.507289171218872
1748716055.7690642,30.312504838750968,1.5094032287597656
1748716055.8026488,30.323071231945043,1.5136774778366089
1748716055.8360503,30.333721008659303,1.5163979530334473
1748716055.8695934,30.347911467945046,1.5189266204833984
1748716055.9030058,30.358524866226126,1.5227656364440918
1748716055.936534,30.36920728201306,1.524604082107544
1748716055.9699452,30.3798751392371,1.5277669429779053
1748716056.003388,30.38698077868671,1.5301963090896606
1748716056.0368114,30.397681765453395,1.531609058380127
1748716056.0702546,30.40835905448316,1.53427255153656
1748716056.1036532,30.418992567353303,1.5369993448257446
1748716056.1373477,30.4296782762996,1.5399702787399292
1748716056.1707673,30.44069757967709,1.542005181312561
1748716056.204163,30.450639224402988,1.5444254875183105
1748716056.2377934,30.461676629723524,1.5466548204421997
1748716056.2712052,30.472301725293576,1.550373911857605
1748716056.3049254,30.483015349139965,1.5511715412139893
1748716056.3383443,30.49402613820334,1.5542380809783936
1748716056.3717868,30.504706957440074,1.555196762084961
1748716056.405246,30.515019939073902,1.5572847127914429
1748716056.4387026,30.52568311520601,1.559028148651123
1748716056.4722197,30.536696010672358,1.5613502264022827
1748716056.5056179,30.55022396985222,1.5624669790267944
1748716056.5390248,30.561256173779565,1.564293384552002
1748716056.5724008,30.57195376368813,1.5640555620193481
1748716056.6057823,30.58298314788206,1.566636085510254
1748716056.6391811,30.593312999941087,1.5674468278884888
1748716056.6726258,30.600421393791606,1.5685467720031738
1748716056.7060335,30.614277114437257,1.5690456628799438
1748716056.7394443,30.625292951153867,1.5694323778152466
1748716056.7728808,30.63239974732493,1.569322109222412
1748716056.806326,30.643060852807455,1.5694795846939087
1748716056.8397396,30.65337359356029,1.5684752464294434
1748716056.8731444,30.66443414274794,1.5695706605911255
1748716056.9065511,30.675144089399403,1.5691022872924805
1748716056.9399753,30.685818726119447,1.5687836408615112
1748716056.973427,30.696488458901584,1.5688645839691162
1748716057.0071166,30.707181980847498,1.5697189569473267
1748716057.0405207,30.71791140525456,1.5686678886413574
1748716057.0739272,30.72862183187229,1.569280743598938
1748716057.107815,30.739343090920443,1.5682761669158936
1748716057.1412199,30.746481217673608,1.569082498550415
1748716057.1746175,30.75713710539179,1.5678006410598755
1748716057.2080235,30.767814769129465,1.5695469379425049
1748716057.2414222,30.778508262580047,1.5701794624328613
1748716057.274852,30.789217996126006,1.5706226825714111
1748716057.3082986,30.79954439768115,1.5707991123199463
1748716057.3416922,30.810598920003237,1.5722774267196655
1748716057.375082,30.82525627111317,1.5723602771759033
1748716057.4084685,30.83202579724153,1.573898434638977
1748716057.441894,30.843082948892064,1.573807954788208
1748716057.4752996,30.853441212554532,1.5753512382507324
1748716057.5087044,30.864122485887506,1.5763803720474243
1748716057.5421305,30.874793651033677,1.5767005681991577
1748716057.5755336,30.885455960525142,1.5779896974563599
1748716057.6090567,30.89609847278473,1.579142689704895
1748716057.6424613,30.906700212953858,1.581939697265625
1748716057.6758788,30.916977528688584,1.581601619720459
1748716057.709276,30.927904417894652,1.5827316045761108
1748716057.7426975,30.938117329433663,1.585871934890747
1748716057.7761054,30.94874652826896,1.5855793952941895
1748716057.8095183,30.960373638167063,1.5873808860778809
1748716057.8430812,30.970612800068643,1.5891259908676147
1748716057.8764825,30.984449334278228,1.5903090238571167
1748716057.9098897,30.995453723927294,1.5936942100524902
1748716057.9432952,31.00541731614101,1.594660758972168
1748716057.976708,31.012885894782336,1.5963903665542603
1748716058.010116,31.023566533816958,1.5971238613128662
1748716058.0435193,31.033851370511105,1.598414421081543
1748716058.0769184,31.048262486445257,1.6022045612335205
1748716058.1103218,31.058889281447144,1.6033014059066772
1748716058.1437266,31.066598817652327,1.607775330543518
1748716058.177145,31.076481473047654,1.6088213920593262
1748716058.2105443,31.09065108703174,1.6114246845245361
1748716058.2439153,31.100924387293617,1.6139158010482788
1748716058.2773268,31.111919054245398,1.6173944473266602
1748716058.310745,31.118998492796205,1.6194804906845093
1748716058.3441808,31.129612401377784,1.623063325881958
1748716058.3775861,31.1438223757973,1.6255956888198853
1748716058.411021,31.154440793781582,1.6311146020889282
1748716058.444423,31.165995868559982,1.6373505592346191
1748716058.4778802,31.175528925326276,1.6408525705337524
1748716058.5113285,31.186185149344656,1.6463717222213745
1748716058.5447297,31.19664210792127,1.6529921293258667
1748716058.5781484,31.207242069025913,1.6580212116241455
1748716058.6116974,31.221361903628395,1.663448691368103
1748716058.6451032,31.23192550931161,1.6714541912078857
1748716058.6785045,31.242450017143167,1.676620364189148
1748716058.7119396,31.249555421099288,1.6822794675827026
1748716058.7453642,31.26017125792521,1.6884793043136597
1748716058.778782,31.270670924132432,1.6963282823562622
1748716058.8122067,31.281645923017827,1.702330470085144
1748716058.8456123,31.291816610003302,1.7099453210830688
1748716058.8789783,31.302388342171067,1.71446692943573
1748716058.912397,31.309401028326615,1.7224366664886475
1748716058.9458082,31.319931490617144,1.7299835681915283
1748716058.9792128,31.334358394778913,1.7399321794509888
1748716059.0126152,31.34445101324439,1.745928406715393
1748716059.0461104,31.355412220979723,1.7555046081542969
1748716059.0795155,31.365145060091507,1.7644561529159546
1748716059.112979,31.376022989093613,1.772112250328064
1748716059.1464405,31.39069081330412,1.7811269760131836
1748716059.1798968,31.400915747359583,1.7883013486862183
1748716059.2133708,31.40724121672202,1.7956264019012451
1748716059.2467718,31.42127337856983,1.8037933111190796
1748716059.280236,31.43214690345372,1.8150415420532227
1748716059.3136551,31.44273938856267,1.8221218585968018
1748716059.3471227,31.45293292825557,1.8299121856689453
1748716059.3805466,31.467257742034345,1.8386719226837158
1748716059.4170725,31.474320803187286,1.8461577892303467
1748716059.4504766,31.488002497094733,1.8537365198135376
1748716059.484129,31.49849810392796,1.8647875785827637
1748716059.5175354,31.510502564994507,1.8718218803405762
1748716059.5509355,31.52058127704093,1.8807202577590942
1748716059.5843546,31.53044984146264,1.887976884841919
1748716059.6178179,31.541659410925966,1.8959764242172241
1748716059.651235,31.551508415787065,1.9033282995224
1748716059.6849139,31.558507746674184,1.909156322479248
1748716059.7183094,31.56869789244505,1.9169061183929443
1748716059.751756,31.575686862933225,1.9234405755996704
1748716059.7851598,31.586511804251344,1.931172251701355
1748716059.8185215,31.600614573438474,1.941623330116272
1748716059.8519485,31.61113959578674,1.9467062950134277
1748716059.8855245,31.618161762581234,1.9544577598571777
1748716059.91894,31.62867853043659,1.96316397190094
1748716059.9523737,31.6402459976468,1.9712399244308472
1748716059.9857805,31.6497552217353,1.979448676109314
1748716060.020334,31.660254495709697,1.987998127937317
1748716060.054,31.670793023090432,1.9961017370224
1748716060.0876462,31.680963924012662,2.00455379486084
1748716060.1219296,31.691849872776892,2.010098457336426
1748716060.155387,31.703786371860648,2.020983934402466
1748716060.189052,31.71397983881333,2.029590368270874
1748716060.2224538,31.723766574472208,2.0378787517547607
1748716060.2560444,31.734030825799486,2.0453779697418213
1748716060.2894442,31.74446867518077,2.054569959640503
1748716060.3228939,31.754989746088587,2.0626044273376465
1748716060.3563173,31.765471856303733,2.071662187576294
1748716060.3897264,31.775665075908353,2.0797972679138184
1748716060.4232376,31.78653464139063,2.0885870456695557
1748716060.4566581,31.79704377664423,2.0970263481140137
1748716060.490136,31.807215309272838,2.1057984828948975
1748716060.523642,31.818457044367953,2.113943099975586
1748716060.557047,31.82860579980803,2.1228039264678955
1748716060.5905464,31.83949702481724,2.131258010864258
1748716060.6239536,31.850018516090536,2.1400504112243652
1748716060.657364,31.863662924794802,2.1490840911865234
1748716060.6908128,31.870730420636615,2.1541647911071777
1748716060.7241867,31.881255435374513,2.165475368499756
1748716060.7576036,31.891612250832427,2.1751344203948975
1748716060.7934656,31.901782820867382,2.1832494735717773
1748716060.82687,31.912610969295145,2.192899703979492
1748716060.8603044,31.923570373951016,2.19912052154541
1748716060.893702,31.933565787859198,2.208904981613159
1748716060.9271715,31.94402691092066,2.217503786087036
1748716060.96058,31.954447855532123,2.2270452976226807
1748716060.99398,31.96499131033434,2.235112190246582
1748716061.0275068,31.975849906862145,2.243830442428589
1748716061.0609207,31.985933208033806,2.2527475357055664
1748716061.0943882,31.996772574558918,2.261671543121338
1748716061.127786,32.00652477188002,2.270526647567749
1748716061.1611958,32.017064843722444,2.2755277156829834
1748716061.194597,32.027887396628635,2.2884092330932617
1748716061.228009,32.03845765753504,2.2952346801757812
1748716061.2615135,32.05030159837207,2.304574966430664
1748716061.294921,32.05902481254835,2.3139328956604004
1748716061.328371,32.06990916039083,2.3223259449005127
1748716061.3618314,32.080803496458174,2.3307573795318604
1748716061.3955345,32.090934648881266,2.339630603790283
1748716061.4290454,32.10113958002569,2.344597101211548
1748716061.462445,32.109170259240564,2.3538026809692383
1748716061.4958432,32.118960607862256,2.362569570541382
1748716061.529305,32.129456653732554,2.371419668197632
1748716061.5627644,32.143800987864,2.3805594444274902
1748716061.596174,32.15396951446106,2.3917927742004395
1748716061.6295803,32.1644367524375,2.3979337215423584
1748716061.6630297,32.17495204117531,2.409456491470337
1748716061.6965556,32.18195312894535,2.4153475761413574
1748716061.7299252,32.192434149449134,2.424107313156128
1748716061.7638338,32.20611646160556,2.432633399963379
1748716061.7973084,32.21664126734731,2.4443717002868652
1748716061.83088,32.22743784412854,2.4539544582366943
1748716061.8643236,32.238019905310836,2.4610860347747803
1748716061.8977594,32.24849017964199,2.470532178878784
1748716061.9311914,32.25900577825474,2.479038953781128
1748716061.9646358,32.26949728596511,2.488062858581543
1748716061.9980836,32.279929673231834,2.4974658489227295
1748716062.0315204,32.29050694931116,2.505631685256958
1748716062.0649574,32.3013577265023,2.5144877433776855
1748716062.0984523,32.30805766594411,2.519747018814087
1748716062.1319246,32.31840362936402,2.5267248153686523
1748716062.1654682,32.32927322695878,2.535489320755005
1748716062.1988747,32.339471307175714,2.5460188388824463
1748716062.2322779,32.34991246139045,2.555471897125244
1748716062.265745,32.363810586349906,2.565009355545044
1748716062.2992854,32.374058816628825,2.5762078762054443
1748716062.3330512,32.3845042410747,2.5818557739257812
1748716062.3665173,32.39530391946188,2.5943315029144287
1748716062.3999572,32.40576505364007,2.6009726524353027
1748716062.4333847,32.41245634009865,2.6090097427368164
1748716062.4676933,32.422923041785054,2.6190688610076904
1748716062.5011523,32.433372180333336,2.628067970275879
1748716062.53455,32.44428215150124,2.636540174484253
1748716062.5680292,32.45472046398299,2.6469132900238037
1748716062.6016588,32.46522367300775,2.655461549758911
1748716062.6350636,32.47569927163118,2.664680242538452
1748716062.6684864,32.48944897109488,2.6723129749298096
1748716062.7019255,32.50026175917391,2.681762456893921
1748716062.7354083,32.50689077543985,2.690931558609009
1748716062.768832,32.51853954043453,2.698556661605835
1748716062.8023584,32.53182650211117,2.7075185775756836
1748716062.8366845,32.54234103328551,2.716352701187134
1748716062.8700926,32.549408482943825,2.7240705490112305
1748716062.9041233,32.55987862859898,2.73087215423584
1748716062.9375665,32.57025316102256,2.7403082847595215
1748716062.9710114,32.58069393210369,2.749595880508423
1748716063.004423,32.5909457085576,2.759107828140259
1748716063.037841,32.60139347900138,2.764893054962158
1748716063.07124,32.61190021299602,2.7761573791503906
1748716063.1046555,32.62242867881269,2.784541130065918
1748716063.1381304,32.63300218620328,2.7925541400909424
1748716063.17175,32.64371265899713,2.799321413040161
1748716063.20516,32.65425625252196,2.8101439476013184
1748716063.2385695,32.66488079416538,2.8175456523895264
1748716063.2720196,32.67522062686045,2.8269917964935303
1748716063.305431,32.68545496850774,2.8340871334075928
1748716063.3388362,32.69646330300955,2.840447425842285
1748716063.3722908,32.70691890245747,2.8489832878112793
1748716063.4056997,32.717826237312515,2.8561012744903564
1748716063.4391372,32.72822179017035,2.8624558448791504
1748716063.4725535,32.7383323249607,2.870680809020996
1748716063.505954,32.74500771473175,2.878429651260376
1748716063.5396552,32.75656300439437,2.8867976665496826
1748716063.5731387,32.769873499500534,2.8953235149383545
1748716063.6065447,32.77697629317924,2.9022228717803955
1748716063.6399493,32.787429468359775,2.911176919937134
1748716063.6735518,32.79794922497385,2.918849229812622
1748716063.7071655,32.80852019761956,2.926237106323242
1748716063.7406366,32.819096005657066,2.9312689304351807
1748716063.774123,32.829343038542866,2.9405734539031982
1748716063.80752,32.83670650667048,2.9460597038269043
1748716063.8409076,32.850655122903895,2.9549343585968018
1748716063.8743217,32.857735041795806,2.96219801902771
1748716063.907737,32.86827684993742,2.97033953666687
1748716063.9411478,32.87910877389542,2.9792401790618896
1748716063.974495,32.88936788373068,2.985694408416748
1748716064.007908,32.9001146195053,2.990851640701294
1748716064.0412982,32.91060762457305,2.9990234375
1748716064.074712,32.921538465132166,3.005685567855835
1748716064.108126,32.93529816864246,3.0125832557678223
1748716064.1415508,32.94198665758087,3.017124652862549
1748716064.1749866,32.952626476876745,3.0230047702789307
1748716064.2084785,32.96031952474508,3.0307180881500244
1748716064.24186,32.970606816135174,3.0359947681427
1748716064.275246,32.98124747616362,3.041463613510132
1748716064.308653,32.99155049881166,3.045966386795044
1748716064.3420718,33.00641919254854,3.052114725112915
1748716064.3755238,33.01675894057294,3.0578486919403076
1748716064.4089296,33.0270018693644,3.061732053756714
1748716064.4424372,33.038027397780766,3.0663414001464844
1748716064.475921,33.04829271084566,3.072781562805176
1748716064.5092852,33.059290639987445,3.07719087600708
1748716064.5427341,33.07342977403339,3.0824506282806396
1748716064.5762367,33.083780254211156,3.0861904621124268
1748716064.6097682,33.094726547588905,3.0894763469696045
1748716064.64315,33.10542477606769,3.093249797821045
1748716064.6766012,33.11608587863182,3.096911668777466
1748716064.7100415,33.126707211712514,3.1011197566986084
1748716064.7434845,33.13704715897805,3.104205369949341
1748716064.7769,33.147740013724786,3.107184886932373
1748716064.8103042,33.15875810034747,3.109311580657959
1748716064.8437157,33.169414264699626,3.113524913787842
1748716064.8771203,33.18008007550927,3.1162970066070557
1748716064.9105277,33.19039471354158,3.117842197418213
1748716064.943931,33.201397779120065,3.122152328491211
1748716064.9773374,33.21240638474301,3.12483811378479
1748716065.0107617,33.2227175387422,3.126211166381836
1748716065.0441828,33.23017826464614,3.128551483154297
1748716065.0776367,33.24403975216146,3.1309661865234375
1748716065.1110477,33.254663583114166,3.1335461139678955
1748716065.1444907,33.261776922723065,3.135500431060791
1748716065.1778467,33.27246111211662,3.1366236209869385
1748716065.2112634,33.28312563004498,3.139565944671631
1748716065.2446668,33.29707596054079,3.140665292739868
1748716065.2781508,33.30454904655795,-3.1392221450805664
1748716065.3119342,33.31523332231665,-3.1373980045318604
1748716065.3454378,33.32587950778791,-3.136183500289917
1748716065.3790095,33.336542185650224,-3.136674642562866
1748716065.412652,33.34364516231796,-3.134504795074463
1748716065.4460514,33.354712926488624,-3.1339762210845947
1748716065.4794934,33.36503805400512,-3.131904363632202
1748716065.5129547,33.37532271578977,-3.1298506259918213
1748716065.5463665,33.386325812238205,-3.1288182735443115
1748716065.579772,33.39697946818306,-3.1288082599639893
1748716065.613177,33.4090598335601,-3.127894639968872
1748716065.6465864,33.418279966806786,-3.125736713409424
1748716065.6800985,33.428952896653556,-3.125934600830078
1748716065.7134843,33.43960819544954,-3.1240391731262207
1748716065.7468863,33.45024079055727,-3.1240084171295166
1748716065.7802906,33.46122365415815,-3.1243419647216797
1748716065.8137712,33.46760220701293,-3.123830795288086
1748716065.8471847,33.47823815496507,-3.122725009918213
1748716065.880824,33.48889650234534,-3.1222012042999268
1748716065.914251,33.50346621395445,-3.1219325065612793
1748716065.9476137,33.51412373386251,-3.123008966445923
1748716065.9810228,33.52442466463475,-3.1211166381835938
1748716066.0144393,33.535451907717366,-3.120936155319214
1748716066.0478437,33.54646838204685,-3.120093584060669
1748716066.0812209,33.55285911013399,-3.1209704875946045
1748716066.1146188,33.56389089478915,-3.1204206943511963
1748716066.148148,33.578819473443616,-3.1200366020202637
1748716066.181557,33.58558359657305,-3.1195895671844482
1748716066.214971,33.599108323207986,-3.11963152885437
1748716066.2483757,33.61013110673557,-3.1197266578674316
1748716066.281826,33.62075825174956,-3.1183133125305176
1748716066.3152313,33.6281705726919,-3.1194093227386475
1748716066.3486373,33.63844660386357,-3.1185646057128906
1748716066.3822284,33.65263080491519,-3.118350028991699
1748716066.4156303,33.66327428927635,-3.1185648441314697
1748716066.4490771,33.673924707188036,-3.1182751655578613
1748716066.4859776,33.681387875919526,-3.1184842586517334
1748716066.519545,33.69134219174415,-3.1181929111480713
1748716066.553195,33.706634677366054,-3.1190834045410156
1748716066.5866125,33.71694668415218,-3.1189658641815186
1748716066.6200082,33.727256406837085,-3.118972063064575
1748716066.6534185,33.737919416438054,-3.118971586227417
1748716066.687058,33.74859236650072,-3.1194446086883545
1748716066.7204614,33.75929728215783,-3.118666410446167
1748716066.7538705,33.769995031382656,-3.1194188594818115
1748716066.7872376,33.78067455500496,-3.119487762451172
1748716066.8206794,33.790988891960815,-3.1198155879974365
1748716066.8540838,33.79845406871639,-3.1197774410247803
1748716066.887492,33.81265815697391,-3.1203014850616455
1748716066.9209163,33.8197557980073,-3.1198909282684326
1748716066.9543595,33.83041582002878,-3.119706869125366
1748716066.9880548,33.84111046329544,-3.1205501556396484
1748716067.0214643,33.85182019756937,-3.1197421550750732
1748716067.0548656,33.86216776082976,-3.1206777095794678
1748716067.0882638,33.87289344483648,-3.120645046234131
1748716067.121671,33.88395974611891,-3.1215169429779053
1748716067.15507,33.89431124582239,-3.1219091415405273
1748716067.1884406,33.90536322296574,-3.121669054031372
1748716067.222038,33.91284303756573,-3.1219120025634766
1748716067.255866,33.92316229068754,-3.1217386722564697
1748716067.2893786,33.93384559803192,-3.1236050128936768
1748716067.3229501,33.94452751687982,-3.1234073638916016
1748716067.3563588,33.95875444750048,-3.1237146854400635
1748716067.3899255,33.969765109559404,-3.1230809688568115
1748716067.423461,33.98322512788194,-3.124706268310547
1748716067.4568715,33.99423188577948,-3.124842405319214
1748716067.490479,34.00491689211611,-3.1246001720428467
1748716067.5239737,34.0123939267251,-3.125157594680786
1748716067.5573547,34.02735622798916,-3.125152349472046
1748716067.5907574,34.033428180477955,-3.1261913776397705
1748716067.6242015,34.04379402580636,-3.126187324523926
1748716067.6576073,34.05449440112416,-3.125842332839966
1748716067.6910584,34.065158006484566,-3.1260526180267334
1748716067.7244658,34.07615558944365,-3.126635789871216
1748716067.7578907,34.08681047351241,-3.126936912536621
1748716067.7913322,34.097824081785134,-3.1272690296173096
1748716067.824732,34.10812312027402,-3.1280531883239746
1748716067.8581336,34.11840551340198,-3.1275835037231445
1748716067.891534,34.129359657593454,-3.1272542476654053
1748716067.9249525,34.13958990808087,-3.1292245388031006
1748716067.958357,34.14700743236496,-3.1297240257263184
1748716067.9917922,34.160775406367634,-3.1291425228118896
1748716068.0251942,34.16819820817539,-3.129756450653076
1748716068.0586145,34.17882015819436,-3.1299750804901123
1748716068.0921118,34.18981255791793,-3.130178928375244
1748716068.1255634,34.19655880974246,-3.1306118965148926
1748716068.1589327,34.20725454862633,-3.1300857067108154
1748716068.1924438,34.217938262400274,-3.130300521850586
1748716068.2258546,34.22895044316801,-3.1312131881713867
1748716068.2592046,34.239623663920376,-3.132065534591675
1748716068.2926068,34.246383838187995,-3.1316568851470947
1748716068.3259778,34.25705397460439,-3.1320314407348633
1748716068.3593931,34.267710241646014,-3.1324479579925537
1748716068.3927681,34.27445789756899,-3.1331472396850586
1748716068.4262326,34.28548133191012,-3.132350444793701
1748716068.4596689,34.29652140134543,-3.1329357624053955
1748716068.493922,34.30328487116829,-3.1329212188720703
1748716068.5273619,34.317525098901214,-3.133342981338501
1748716068.5607235,34.32854496293713,-3.1344380378723145
1748716068.5941007,34.339216553306606,-3.1346685886383057
1748716068.6277394,34.34739526702075,-3.1348793506622314
1748716068.6611392,34.36055441660235,-3.1350340843200684
1748716068.6945448,34.37086505677771,-3.135967969894409
1748716068.7279434,34.38191501321991,-3.135686159133911
1748716068.7613714,34.392601603767076,-3.1363131999969482
1748716068.7947888,34.400076538290605,-3.136384963989258
1748716068.8286512,34.409681783889475,-3.1367275714874268
1748716068.8620813,34.41679242773094,-3.13677978515625
1748716068.895493,34.42782443093634,-3.1374690532684326
1748716068.9289024,34.44167543037632,-3.1378567218780518
1748716068.962381,34.44912775717139,-3.1371707916259766
1748716068.9958906,34.4594220426394,-3.1372926235198975
1748716069.0293808,34.47077016294137,-3.138760805130005
1748716069.0628831,34.48071137769149,-3.1389005184173584
1748716069.0963094,34.49171694529331,-3.1386990547180176
1748716069.1297529,34.502367499845924,-3.1390292644500732
1748716069.163104,34.513018282022415,-3.1389706134796143
1748716069.1965072,34.523646022057655,-3.1398544311523438
1748716069.2299085,34.53393526167471,-3.138831377029419
1748716069.2633355,34.544959845505815,-3.139394521713257
1748716069.2967405,34.55561422020552,-3.139641761779785
1748716069.3307219,34.56627476750524,-3.1388766765594482
1748716069.3642256,34.57695422597042,-3.1393258571624756
1748716069.3976068,34.588346648445565,-3.140256643295288
1748716069.431357,34.60183576349624,-3.1407337188720703
1748716069.4647639,34.608567152119385,-3.1392993927001953
1748716069.4981644,34.619925796661484,-3.1397175788879395
1748716069.5315769,34.63022537184487,-3.1403727531433105
1748716069.5649898,34.64443738773334,-3.141167163848877
1748716069.5983782,34.65511518316788,-3.1397812366485596
1748716069.6318297,34.665405621129615,-3.1407670974731445
1748716069.6652782,34.676354173304716,3.1415770053863525
1748716069.6986759,34.68696310690709,-3.1404645442962646
1748716069.732085,34.69761659853104,-3.141092538833618
1748716069.7654889,34.70829222895178,-3.1401314735412598
1748716069.7988956,34.722196998744515,-3.1407015323638916
1748716069.8324418,34.73003619042224,-3.140895128250122
1748716069.8663375,34.74391785883163,-3.141079902648926
1748716069.8997405,34.75424618520377,-3.1408708095550537
1748716069.9330924,34.765265113373694,-3.1398844718933105
1748716069.9664915,34.775923596384615,-3.1402485370635986
1748716069.9999387,34.7865740959929,-3.1412086486816406
1748716070.0332983,34.79687575051527,-3.141235589981079
1748716070.067196,34.80860975778971,3.141555070877075
1748716070.1005924,34.818570039723184,-3.1410295963287354
1748716070.1340096,34.8292493165007,-3.1410484313964844
1748716070.167413,34.83993435369198,-3.1406588554382324
1748716070.2008443,34.850260746077716,-3.140756845474243
1748716070.2342467,34.861290955740735,-3.140657901763916
1748716070.2677426,34.875163116574356,-3.140604257583618
1748716070.3011696,34.88654819881533,-3.1402699947357178
1748716070.3345737,34.8933039469605,-3.1412596702575684
1748716070.3680274,34.90398353297909,-3.140014171600342
1748716070.4014523,34.91429490147636,-3.1399214267730713
1748716070.434917,34.92528491528715,-3.1410791873931885
1748716070.4684267,34.935928014196904,-3.1409385204315186
1748716070.501838,34.9426762647799,-3.14067006111145
1748716070.5353386,34.953321430538345,-3.139723300933838
1748716070.5689754,34.9643250624359,-3.1401562690734863
1748716070.6026196,34.97498137737104,-3.140235662460327
1748716070.6360395,34.985635843990835,-3.1402018070220947
1748716070.6697485,34.9977266401704,-3.139961004257202
1748716070.7032406,35.00697536006609,-3.140184164047241
1748716070.7366467,35.01764701583353,-3.140298366546631
1748716070.7700508,35.02832446568735,-3.139796733856201
1748716070.8034558,35.03863943331955,-3.140052080154419
1748716070.836813,35.049665792897876,-3.1401846408843994
1748716070.8702974,35.06033742844353,-3.140089750289917
1748716070.903762,35.07100907614291,-3.14007306098938
1748716070.94107,35.08167305229301,-3.1402106285095215
1748716070.9744992,35.0923408271831,-3.140411615371704
1748716071.0079303,35.10300858689624,-3.1407110691070557
1748716071.0413332,35.11366875732002,-3.1407856941223145
1748716071.0747862,35.12433851259569,-3.140514373779297
1748716071.1082475,35.13465346930343,-3.140547752380371
1748716071.1417644,35.14569129570121,-3.140690803527832
1748716071.1751924,35.156008231667506,-3.1402857303619385
1748716071.208637,35.167049864853354,-3.140786647796631
1748716071.2428405,35.17416811440625,-3.1408026218414307
1748716071.2762523,35.18840462036188,-3.140530824661255
1748716071.3096642,35.198717684199494,-3.1404449939727783
1748716071.343067,35.209391193810724,-3.1405653953552246
1748716071.376847,35.22396356326163,-3.1399354934692383
1748716071.4103022,35.2346467651087,-3.140481472015381
1748716071.4437141,35.245335816471666,-3.139155626296997
1748716071.4771216,35.255992325490396,-3.1393802165985107
1748716071.51054,35.26663521597212,-3.139781951904297
1748716071.5440423,35.27729152094637,-3.140070915222168
1748716071.5774481,35.2876029381865,-3.1394691467285156
1748716071.6108563,35.29828614155358,-3.1393566131591797
1748716071.6443403,35.309316634819886,-3.1386160850524902
1748716071.6777728,35.32069802013345,-3.1382205486297607
1748716071.7112331,35.33100568339276,-3.137608766555786
1748716071.744644,35.34131328363523,-3.1373207569122314
1748716071.7780561,35.35162130795579,-3.136249303817749
1748716071.8114672,35.36264642451238,-3.1358723640441895
1748716071.8449244,35.37363525215898,-3.1337738037109375
1748716071.878415,35.383567684645506,-3.1324658393859863
1748716071.9118176,35.39454624994868,-3.130964994430542
1748716071.9452882,35.40869429481569,-3.1263670921325684
1748716071.9786944,35.4154447400916,-3.124189853668213
1748716072.0121005,35.42645240346718,-3.122054100036621
1748716072.0457406,35.44029091489513,-3.119394540786743
1748716072.0793118,35.45093209488211,-3.1151044368743896
1748716072.112718,35.462026790987714,-3.1137561798095703
1748716072.1461267,35.469148245009876,-3.1115176677703857
1748716072.179536,35.48024861000002,-3.109693765640259
1748716072.2159963,35.49056968993274,-3.1057217121124268
1748716072.2494943,35.50122487379105,-3.1031341552734375
1748716072.2829022,35.51222645464882,-3.1021728515625
1748716072.3163304,35.52275797095177,-3.0978357791900635
1748716072.3497367,35.532981607390994,-3.0930917263031006
1748716072.3831956,35.54359950766349,-3.0896832942962646
1748716072.416642,35.55451354109067,-3.0851681232452393
1748716072.450058,35.56511170116549,-3.0805492401123047
1748716072.4834704,35.575349992876646,-3.075767993927002
1748716072.5168834,35.5863518017959,-3.0733096599578857
1748716072.5502844,35.59303981014414,-3.0680627822875977
1748716072.5836954,35.61078052117053,-3.0628583431243896
1748716072.6171575,35.6181786791812,-3.058459997177124
1748716072.6505623,35.62826327893398,-3.0515568256378174
1748716072.6840045,35.63856286019945,-3.0472307205200195
1748716072.7174082,35.64914709121148,-3.0434584617614746
1748716072.750814,35.656500802480906,-3.0365188121795654
1748716072.784312,35.66706422653562,-3.0306437015533447
1748716072.8178062,35.67763955399944,-3.024242877960205
1748716072.851404,35.68821816618068,-3.0182461738586426
1748716072.8848348,35.70235829625613,-3.010244131088257
1748716072.9184299,35.712879751160806,-3.0032830238342285
1748716072.9518344,35.723526183264134,-2.997431993484497
1748716072.9852495,35.73395927665714,-2.989898204803467
1748716073.0187,35.74487747150279,-2.9838719367980957
1748716073.0523236,35.75823082779713,-2.9770421981811523
1748716073.0858982,35.76915679299571,-2.9677131175994873
1748716073.1193066,35.779592808145644,-2.9594757556915283
1748716073.1527226,35.790172272321065,-2.953136682510376
1748716073.1861255,35.80082384857861,-2.947559356689453
1748716073.219554,35.81132653821723,-2.9399335384368896
1748716073.2529614,35.82534329700164,-2.9324474334716797
1748716073.286384,35.83200616829889,-2.9248549938201904
1748716073.3198423,35.842570971507826,-2.91757869720459
1748716073.3533146,35.85378520751166,-2.9120006561279297
1748716073.3868196,35.86395512225589,-2.901553153991699
1748716073.4202363,35.874522053200174,-2.8943746089935303
1748716073.4536376,35.884711360201315,-2.8866493701934814
1748716073.487046,35.89595196229597,-2.8811967372894287
1748716073.5204713,35.90581468726078,-2.871170997619629
1748716073.5538676,35.91659403666132,-2.862395763397217
1748716073.5875723,35.92751682048364,-2.854475498199463
1748716073.6209767,35.937717794700035,-2.8474862575531006
1748716073.654457,35.94820617453841,-2.8387885093688965
1748716073.6878235,35.958749699289285,-2.8307909965515137
1748716073.7217343,35.97273154412706,-2.8220748901367188
1748716073.755142,35.98328682796574,-2.814311981201172
1748716073.7885401,35.99379205493927,-2.8060121536254883
1748716073.8219528,36.00463455385163,-2.7945785522460938
1748716073.8555882,36.01550284359202,-2.785855770111084
1748716073.8890352,36.02535183140884,-2.7782692909240723
1748716073.9224544,36.03619020588522,-2.768974781036377
1748716073.9559982,36.04590559656873,-2.7585952281951904
1748716073.9893954,36.060744502500555,-2.751932144165039
1748716074.0228078,36.071579216045286,-2.7405402660369873
1748716074.056347,36.0820160633456,-2.7311630249023438
1748716074.0897539,36.09215095887125,-2.722195863723755
1748716074.1232204,36.10234874761867,-2.7168474197387695
1748716074.1566215,36.11324944458586,-2.708522081375122
1748716074.1904943,36.11985903942257,-2.6993346214294434
1748716074.2239258,36.13037772106555,-2.691566228866577
1748716074.2573233,36.14119182192205,-2.6847341060638428
1748716074.291372,36.15134722786117,-2.6734769344329834
1748716074.3248389,36.161778823634776,-2.663800001144409
1748716074.3582466,36.17234379268175,-2.6585311889648438
1748716074.3916953,36.18240982542718,-2.6459755897521973
1748716074.4250946,36.1933304734735,-2.6379470825195312
1748716074.4585037,36.20382655290631,-2.6293785572052
1748716074.491943,36.214324394119615,-2.6200180053710938
1748716074.5253706,36.2282702797138,-2.610501289367676
1748716074.558899,36.23845045584621,-2.6019933223724365
1748716074.5923107,36.24932547022173,-2.59303617477417
1748716074.6257126,36.25625642225588,-2.583401918411255
1748716074.6591115,36.2667380809269,-2.5769529342651367
1748716074.6925256,36.27694473479224,-2.5689399242401123
1748716074.7261283,36.28423883462391,-2.5589599609375
1748716074.7596147,36.29854381162362,-2.54931902885437
1748716074.793026,36.30871648459747,-2.5376484394073486
1748716074.8264453,36.319130560860486,-2.527447462081909
1748716074.859847,36.32962377413901,-2.518442153930664
1748716074.8933089,36.34017907441532,-2.5104141235351562
1748716074.9267244,36.35063747922213,-2.5012478828430176
1748716074.9601257,36.361350804122054,-2.490720272064209
1748716074.9937346,36.375000858032166,-2.481677532196045
1748716075.0272615,36.38194781241558,-2.471743583679199
1748716075.0607555,36.39561064138926,-2.460066556930542
1748716075.0941904,36.406378770263856,-2.449439764022827
1748716075.12759,36.41681012936654,-2.4398350715637207
1748716075.1610358,36.426927311235126,-2.430466651916504
1748716075.1944575,36.437428942140464,-2.420760154724121
1748716075.2278626,36.44861334659503,-2.4140970706939697
1748716075.2612743,36.45839080663733,-2.401348829269409
1748716075.2947016,36.4692561365724,-2.3926897048950195
1748716075.3280973,36.479705162959334,-2.3824594020843506
1748716075.3614955,36.490118237810336,-2.3725085258483887
1748716075.395757,36.500701228373664,-2.363616943359375
1748716075.4291694,36.511137702884916,-2.353912591934204
1748716075.4625754,36.52127425567554,-2.345050096511841
1748716075.4959872,36.532126263915714,-2.3358731269836426
1748716075.5293891,36.54566519278434,-2.3219971656799316
1748716075.562794,36.55959089340396,-2.3128747940063477
1748716075.5962815,36.570147420674445,-2.3044726848602295
1748716075.6297257,36.57742607351377,-2.2940673828125
1748716075.6631584,36.591393894926924,-2.2848193645477295
1748716075.6966062,36.60182279589823,-2.271691083908081
1748716075.7300084,36.612346667050936,-2.2656784057617188
1748716075.7634583,36.622842490758025,-2.256356716156006
1748716075.796854,36.633674270943516,-2.246713399887085
1748716075.8302605,36.64373741340799,-2.2336385250091553
1748716075.8636932,36.65037322107943,-2.2276194095611572
1748716075.8970773,36.66121247278782,-2.2178170680999756
1748716075.9305522,36.672073420898876,-2.211474657058716
1748716075.964163,36.67902073500756,-2.2019236087799072
1748716075.9976044,36.68919062852047,-2.1926047801971436
1748716076.031019,36.69956199149235,-2.1826353073120117
1748716076.0644941,36.71353808237796,-2.1706230640411377
1748716076.097902,36.72365574973439,-2.1607301235198975
1748716076.1313112,36.734097258949554,-2.15098237991333
1748716076.1649373,36.74454462344966,-2.141432046890259
1748716076.1983557,36.755363272458474,-2.1321871280670166
1748716076.2318075,36.76583440659992,-2.1229052543640137
1748716076.265265,36.775856290542016,-2.116138458251953
1748716076.298677,36.78675572753758,-2.106905937194824
1748716076.3320866,36.79725351550663,-2.0943737030029297
1748716076.365675,36.8076761079851,-2.084453582763672
1748716076.3990922,36.82133473856989,-2.0755977630615234
1748716076.432676,36.83218397023416,-2.0630085468292236
1748716076.4660804,36.842593164062535,-2.053009033203125
1748716076.4998167,36.85310208431779,-2.044245481491089
1748716076.533246,36.86359014499725,-2.0349061489105225
1748716076.5666513,36.87407820655438,-2.0285143852233887
1748716076.6000607,36.88106972435442,-2.019324541091919
1748716076.633549,36.89183970808246,-2.0091145038604736
1748716076.666939,36.90231369796911,-2.0001518726348877
1748716076.7004807,36.913906778951024,-1.9917584657669067
1748716076.733878,36.92650491478669,-1.9824601411819458
1748716076.7672806,36.937315265489026,-1.9726663827896118
1748716076.8007123,36.94716988778661,-1.9615827798843384
1748716076.8341224,36.95448530672968,-1.955188274383545
1748716076.867538,36.96493178307895,-1.9456346035003662
1748716076.9010773,36.9757472981125,-1.9389064311981201
1748716076.9345179,36.985977542029225,-1.9277580976486206
1748716076.9679317,36.99647490764813,-1.9189472198486328
1748716077.0013344,37.006948510817004,-1.90975821018219
1748716077.0347602,37.01781640556227,-1.9009368419647217
1748716077.0681667,37.02789974642349,-1.8915908336639404
1748716077.1016877,37.038415278657695,-1.8854289054870605
1748716077.1350942,37.0489047085836,-1.8763972520828247
1748716077.1685302,37.05936916101507,-1.8672267198562622
1748716077.2019699,37.06949302179203,-1.8585175275802612
1748716077.2365394,37.08033798809239,-1.8495749235153198
1748716077.26995,37.08732452927376,-1.8402984142303467
1748716077.3038616,37.09781360021682,-1.8322880268096924
1748716077.3372586,37.10829961419739,-1.8239049911499023
1748716077.3706522,37.11948202567976,-1.8152598142623901
1748716077.40406,37.13000597957115,-1.8068660497665405
1748716077.437506,37.139797627424336,-1.7983232736587524
1748716077.4709208,37.15389170484845,-1.7909553050994873
1748716077.5043433,37.164385939993075,-1.7823742628097534
1748716077.537753,37.17499461434295,-1.7752981185913086
1748716077.5712717,37.185561953811934,-1.767866611480713
1748716077.604998,37.19263695205329,-1.7613188028335571
1748716077.6384382,37.20318367430417,-1.7536816596984863
1748716077.6720674,37.21729273738643,-1.7470011711120605
1748716077.705482,37.22434770207256,-1.7403335571289062
1748716077.738888,37.23490755868674,-1.733787178993225
1748716077.7722654,37.24549628069639,-1.7273435592651367
1748716077.805671,37.259608992147385,-1.7211211919784546
1748716077.8390698,37.26669907714694,-1.7156647443771362
1748716077.8725023,37.27726795774466,-1.7097152471542358
1748716077.905927,37.28789443487323,-1.706228256225586
1748716077.939341,37.29812964303296,-1.6986191272735596
1748716077.9727523,37.30907413935709,-1.6931166648864746
1748716078.0061495,37.3204008899436,-1.6878482103347778
1748716078.0395842,37.33028747585683,-1.684104561805725
1748716078.0729904,37.34127276876636,-1.6792482137680054
1748716078.1064422,37.35154996307777,-1.673409104347229
1748716078.1398869,37.36216303572787,-1.668654441833496
1748716078.1732926,37.375968686660414,-1.66432785987854
1748716078.2067106,37.38696279051743,-1.6590776443481445
1748716078.2401173,37.39796467509216,-1.6554841995239258
1748716078.2769232,37.41177000811621,-1.6499220132827759
1748716078.3103302,37.42240369559456,-1.6461701393127441
1748716078.3438578,37.436245455452664,-1.6429213285446167
1748716078.3773022,37.44721675663095,-1.6386137008666992
1748716078.4107153,37.45786499061306,-1.635319709777832
1748716078.4441273,37.46851507855033,-1.6313248872756958
1748716078.4775658,37.47917918991997,-1.6287883520126343
1748716078.5111206,37.4898147414172,-1.6255093812942505
1748716078.5445273,37.50045032416854,-1.6223669052124023
1748716078.5779252,37.511095684004644,-1.6193513870239258
1748716078.6137977,37.5214057417979,-1.6175073385238647
1748716078.6472085,37.53594155303195,-1.6140739917755127
1748716078.6806328,37.5426991388428,-1.6120117902755737
1748716078.7140348,37.55336673951232,-1.61014723777771
1748716078.7474475,37.56401419400646,-1.6075770854949951
1748716078.780865,37.57857429177734,-1.6052448749542236
1748716078.8142679,37.588894930972494,-1.6041721105575562
1748716078.847672,37.59991178282322,-1.6023151874542236
1748716078.8810732,37.60673276772828,-1.5998708009719849
1748716078.9145238,37.61446619407534,-1.598342776298523
1748716078.947924,37.61977998702942,-1.5974746942520142
1748716078.9813235,37.62272975492449,-1.5977511405944824
1748716079.0147305,37.62684387975368,-1.5965654850006104
1748716079.0482643,37.632044587208355,-1.5958460569381714
1748716079.0817175,37.63543787888975,-1.595360517501831
1748716079.1151385,37.63852049574458,-1.594934344291687
1748716079.148543,37.64058688475593,-1.5941349267959595
1748716079.182104,37.643946781769074,-1.5938233137130737
1748716079.215644,37.647182056955685,-1.5932756662368774
1748716079.2490466,37.65038913094385,-1.592311143875122
1748716079.2824676,37.653508621857796,-1.5922958850860596
1748716079.3163645,37.65684539777298,-1.591059923171997
1748716079.3497784,37.66012368776508,-1.5910913944244385
1748716079.3831985,37.662291522847475,-1.5898030996322632
1748716079.4166012,37.66556769315045,-1.5895847082138062
1748716079.45001,37.668924613339776,-1.5889596939086914
1748716079.4834611,37.671899408164926,-1.5876179933547974
1748716079.5169106,37.67523250651518,-1.5873572826385498
1748716079.550335,37.67844423728495,-1.5865700244903564
1748716079.583857,37.6827258330513,-1.5859686136245728
1748716079.6173332,37.685920437761375,-1.585081934928894
1748716079.6507506,37.68916553090897,-1.584498643875122
1748716079.6842818,37.692786421972265,-1.5842375755310059
1748716079.717731,37.695342596443346,-1.5833683013916016
1748716079.7511654,37.70089800569438,-1.5821878910064697
1748716079.7845814,37.704928887142295,-1.582124948501587
1748716079.8180203,37.708621600364644,-1.5804749727249146
1748716079.8514402,37.712561215683934,-1.579660415649414
1748716079.8849406,37.71773052649166,-1.5786080360412598
1748716079.9184253,37.72155465605427,-1.5769214630126953
1748716079.9518237,37.72537055384904,-1.5772942304611206
1748716079.9852061,37.729097515321975,-1.5764894485473633
1748716080.0186121,37.73178180913114,-1.5754550695419312
1748716080.0519695,37.73635486366918,-1.5756417512893677
1748716080.0853705,37.73986568853149,-1.5734177827835083
1748716080.1189284,37.74218731468796,-1.5730689764022827
1748716080.1523285,37.74618400607008,-1.572264552116394
1748716080.1857338,37.74903208109617,-1.5727146863937378
1748716080.219164,37.75242422371238,-1.5714912414550781
1748716080.2526436,37.755732139847126,-1.5709855556488037
1748716080.2869644,37.76003712837479,-1.5707390308380127
1748716080.3203475,37.76214762157086,-1.5701498985290527
1748716080.3537517,37.76527397051829,-1.569455623626709
1748716080.3875775,37.768360591712934,-1.5689743757247925
1748716080.421053,37.77170902957743,-1.5689038038253784
1748716080.454589,37.7743989394163,-1.56808602809906
1748716080.488,37.77725717177995,-1.5682603120803833
1748716080.5214639,37.779300571858336,-1.567674994468689
1748716080.5548563,37.78312733732303,-1.5671885013580322
1748716080.5882974,37.78500265285714,-1.5666866302490234
1748716080.6216674,37.787798103202284,-1.5667933225631714
1748716080.6551852,37.79153395366087,-1.565718173980713
1748716080.6885877,37.7940367273206,-1.565704345703125
1748716080.721994,37.79667672993203,-1.565382480621338
1748716080.7556014,37.799368002473294,-1.564920425415039
1748716080.7890177,37.80186405101788,-1.56508469581604
1748716080.8225222,37.80447759877038,-1.564528465270996
1748716080.8559215,37.80695076303719,-1.5644750595092773
1748716080.8896732,37.80856855769468,-1.5640385150909424
1748716080.9230764,37.811054737629476,-1.5643951892852783
1748716080.956498,37.81256296122991,-1.5639128684997559
1748716080.9899008,37.81484849695602,-1.5638644695281982
1748716081.0233014,37.81718562979555,-1.5631190538406372
1748716081.056699,37.819634513860876,-1.562890648841858
1748716081.0901337,37.82180128146292,-1.5629398822784424
1748716081.1236084,37.823928144607265,-1.5630887746810913
1748716081.157009,37.82616094770409,-1.5631685256958008
1748716081.1904392,37.82757593923996,-1.562597393989563
1748716081.2238429,37.830371416362574,-1.562320351600647
1748716081.2572558,37.83168259469716,-1.5628771781921387
1748716081.2906861,37.83378547943759,-1.5630743503570557
1748716081.3241947,37.835757787738565,-1.5623834133148193
1748716081.3575997,37.837653734557534,-1.562051773071289
1748716081.3909996,37.83959029711822,-1.5626906156539917
1748716081.424409,37.84093257346255,-1.5628727674484253
1748716081.4577837,37.84287373338414,-1.562546730041504
1748716081.491203,37.84467520441137,-1.5628159046173096
1748716081.5246725,37.84598165618645,-1.5621914863586426
1748716081.5580907,37.847777135052795,-1.562057614326477
1748716081.5914896,37.849576569464496,-1.5624079704284668
1748716081.624855,37.8513471494171,-1.5623624324798584
1748716081.6583009,37.85245687175419,-1.5617282390594482
1748716081.6917067,37.8542714075896,-1.562168836593628
1748716081.725121,37.85599367972559,-1.5613335371017456
1748716081.758534,37.857757867525926,-1.5610584020614624
1748716081.7919667,37.85994142307954,-1.5615168809890747
1748716081.825375,37.86157344458694,-1.560592770576477
1748716081.8593569,37.863264662645356,-1.5610761642456055
1748716081.8927696,37.864862509102146,-1.5603779554367065
1748716081.9262347,37.86636487750754,-1.5605136156082153
1748716081.959632,37.867875827023575,-1.5603153705596924
1748716081.9944158,37.86936458103797,-1.5603364706039429
1748716082.0278301,37.870811753945894,-1.5601011514663696
1748716082.061235,37.87176109868374,-1.5598856210708618
1748716082.0946815,37.873180008818885,-1.560343861579895
1748716082.128124,37.87462912336419,-1.5601506233215332
1748716082.1615288,37.875958937977444,-1.560023307800293
1748716082.194984,37.877300399378676,-1.5598509311676025
1748716082.228399,37.8785842079383,-1.5598567724227905
1748716082.2618046,37.879945947814335,-1.5593599081039429
1748716082.2952113,37.88081221796973,-1.5593593120574951
1748716082.3287587,37.88269000904391,-1.5596225261688232
1748716082.3624496,37.88394694771424,-1.5596896409988403
1748716082.3958542,37.88501433067648,-1.5596002340316772
1748716082.4292753,37.8858240379335,-1.559589147567749
1748716082.462678,37.88702276327064,-1.5597325563430786
1748716082.496075,37.88815193291531,-1.5598775148391724
1748716082.5294793,37.8893389565923,-1.5594122409820557
1748716082.562885,37.890508472694805,-1.559543490409851
1748716082.598383,37.891620685181095,-1.5593980550765991
1748716082.631782,37.892679511296414,-1.559340238571167
1748716082.665191,37.893397014792356,-1.5592303276062012
1748716082.698597,37.89445626876542,-1.5595940351486206
1748716082.7319973,37.89551037752104,-1.5594671964645386
1748716082.7654498,37.89655723632727,-1.5590910911560059
1748716082.7988722,37.897215676506946,-1.5591745376586914
1748716082.8323114,37.89863067797952,-1.5593769550323486
1748716082.8657105,37.89955771195919,-1.5594569444656372
1748716082.8990903,37.90053234774729,-1.5594810247421265
1748716082.9324973,37.90155085387836,-1.5595669746398926
1748716082.9658966,37.90246375453213,-1.5594347715377808
1748716082.999308,37.90308837481838,-1.5595910549163818
1748716083.03273,37.904043041683984,-1.559483528137207
1748716083.0663393,37.904924840196145,-1.559302806854248
1748716083.0997214,37.90592662423508,-1.5592364072799683
1748716083.1331527,37.90665612490042,-1.5593361854553223
1748716083.1665828,37.9075749619032,-1.5589169263839722
1748716083.1999872,37.90842568272686,-1.559499740600586
1748716083.2337763,37.90932547958776,-1.5589041709899902
1748716083.2671926,37.90991067731336,-1.5592396259307861
1748716083.3006327,37.9110259701681,-1.5594561100006104
1748716083.3340318,37.9119821861534,-1.5594230890274048
1748716083.3675828,37.91266787605222,-1.5594547986984253
1748716083.4637704,37.91504541204011,-1.5598405599594116
1748716083.497219,37.92111111732231,-1.5596801042556763
1748716083.5550983,37.93204756643751,-1.5600062608718872
1748716083.626693,37.948952148218574,-1.559828758239746
1748716083.6903481,37.966591436867,-1.56064772605896
1748716083.7546875,37.986690656370065,-1.5607614517211914
1748716083.8054106,38.012229205785125,-1.5610754489898682
1748716083.8443058,38.025642689003796,-1.5665796995162964
1748716083.8799734,38.03911340802731,-1.5756365060806274
1748716083.9177055,38.052265909163296,-1.5789638757705688
1748716083.9511065,38.0650266773826,-1.5801738500595093
1748716083.9854891,38.073898995693106,-1.5893243551254272
1748716084.018906,38.08679425463018,-1.5920650959014893
1748716084.0523508,38.09580052133885,-1.5963351726531982
1748716084.0861306,38.103641089335376,-1.5997159481048584
1748716084.1194885,38.11572319788934,-1.6029592752456665
1748716084.1538842,38.12450994520873,-1.6072906255722046
1748716084.188406,38.134231766332036,-1.6104644536972046
1748716084.2218874,38.14606975782023,-1.6136126518249512
1748716084.2552912,38.155177382027624,-1.6178674697875977
1748716084.2887263,38.16459608248764,-1.6213645935058594
1748716084.3223526,38.17645089867127,-1.6245174407958984
1748716084.356263,38.185570940845324,-1.6288952827453613
1748716084.3917594,38.19469209803437,-1.6321570873260498
1748716084.4266021,38.20684297120548,-1.6354787349700928
1748716084.463559,38.21594520543269,-1.6399483680725098
1748716084.4975805,38.22807934154596,-1.6447392702102661
1748716084.5310023,38.23442448808571,-1.647309422492981
1748716084.5653346,38.243607421097046,-1.650199294090271
1748716084.6114726,38.2585301694076,-1.6559067964553833
1748716084.6449444,38.26761196560846,-1.6592382192611694
1748716084.6784868,38.27951867125834,-1.6648632287979126
1748716084.7121,38.28844374154399,-1.6687508821487427
1748716084.7490902,38.300337567857795,-1.6726118326187134
1748716084.782504,38.30918250188644,-1.6769049167633057
1748716084.8159165,38.31772338637858,-1.6811697483062744
1748716084.8493667,38.325935252495064,-1.686928153038025
1748716084.8827887,38.332215666851205,-1.6938787698745728
1748716084.916303,38.33649083003938,-1.7059992551803589
1748716084.949738,38.34355741417862,-1.7173748016357422
1748716084.9859536,38.353150475021174,-1.7306612730026245
1748716085.0194793,38.36035884329037,-1.741412878036499
1748716085.0528862,38.366834076674444,-1.7548549175262451
1748716085.0868173,38.37354465301377,-1.7669440507888794
1748716085.1206896,38.38300015488851,-1.7808103561401367
1748716085.161007,38.392467957217086,-1.796314001083374
1748716085.1965642,38.399668590724566,-1.8124520778656006
1748716085.2313783,38.40690320480744,-1.8254306316375732
1748716085.2654314,38.413633721061146,-1.8385125398635864
1748716085.3008919,38.42338960164967,-1.8486031293869019
1748716085.3348334,38.43106614894115,-1.8589849472045898
1748716085.3683758,38.438070309381075,-1.8756370544433594
1748716085.4019608,38.44521928013859,-1.8831528425216675
1748716085.4383042,38.45264970675074,-1.8968799114227295
1748716085.4771771,38.46235829252066,-1.9105669260025024
1748716085.514201,38.4720064230877,-1.9215515851974487
1748716085.5500844,38.47958395851322,-1.9351387023925781
1748716085.5839572,38.48729558283457,-1.944379448890686
1748716085.6239767,38.49676050266271,-1.955173134803772
1748716085.6579397,38.50412018841018,-1.9650828838348389
1748716085.691348,38.51112138140049,-1.9758166074752808
1748716085.731338,38.52128437724815,-1.9842606782913208
1748716085.7647452,38.52598367681245,-1.9927496910095215
1748716085.8030586,38.53552592406535,-2.00624680519104
1748716085.8436437,38.54541120289774,-2.0165305137634277
1748716085.8798692,38.55507538992696,-2.0259881019592285
1748716085.913344,38.56225065870171,-2.0378317832946777
1748716085.9575276,38.572333511190116,-2.0441782474517822
1748716085.9951746,38.57964351784677,-2.055016279220581
1748716086.033733,38.589303289113715,-2.066089153289795
1748716086.0726988,38.596819699104856,-2.0733602046966553
1748716086.1145444,38.6086898769569,-2.0849697589874268
1748716086.1482494,38.61625572235375,-2.09359073638916
1748716086.182107,38.623745288865145,-2.1001136302948
1748716086.2214603,38.632463128074434,-2.114021062850952
1748716086.2548642,38.63929714861383,-2.12445068359375
1748716086.288525,38.64880307060161,-2.13474178314209
1748716086.3219051,38.656140647264465,-2.148407459259033
1748716086.3567884,38.666432212600284,-2.1616599559783936
1748716086.3902419,38.67271857154594,-2.168633460998535
1748716086.4254787,38.6796550825011,-2.183957576751709
1748716086.4589627,38.68706221887228,-2.1947507858276367
1748716086.4934654,38.693763050684375,-2.2070422172546387
1748716086.5269444,38.700788037392485,-2.212066173553467
1748716086.5603857,38.70758305980785,-2.2101054191589355
1748716086.5980368,38.716553768153794,-2.2120590209960938
1748716086.6339493,38.72226830718341,-2.2243189811706543
1748716086.6681645,38.72835240063884,-2.230224847793579
1748716086.7077177,38.73584422805216,-2.2268669605255127
1748716086.7410958,38.741293226625075,-2.2169086933135986
1748716086.7744768,38.7467885381365,-2.2059216499328613
1748716086.8124676,38.75348999552729,-2.1960017681121826
1748716086.853263,38.7626114818983,-2.1815807819366455
1748716086.886675,38.77193501385314,-2.166172504425049
1748716086.9214785,38.77893486643005,-2.155092239379883
1748716086.9550467,38.78866255686539,-2.1444270610809326
1748716086.9932344,38.79614810529571,-2.1330068111419678
1748716087.0270271,38.80318481479163,-2.118823289871216
1748716087.0604863,38.81375319668674,-2.105893135070801
1748716087.094168,38.82025723591347,-2.0940921306610107
1748716087.130123,38.83009380904309,-2.0844967365264893
1748716087.1755702,38.83830921705826,-2.0823206901550293
1748716087.2181962,38.84563539221278,-2.09403395652771
1748716087.2610853,38.85383055561297,-2.105060577392578
1748716087.2980356,38.8626847580809,-2.1139495372772217
1748716087.3345156,38.868961812945315,-2.1265103816986084
1748716087.3699195,38.87633198517981,-2.140127658843994
1748716087.4097123,38.885298104981736,-2.154393196105957
1748716087.4478745,38.89468618241644,-2.165817975997925
1748716087.4827137,38.89956735369393,-2.177887439727783
1748716087.5263736,38.91107223753246,-2.1981778144836426
1748716087.5598314,38.918139602258805,-2.2107131481170654
1748716087.5932763,38.927685042914774,-2.2207000255584717
1748716087.6267123,38.93507641456228,-2.235719919204712
1748716087.6601415,38.941930910723194,-2.247714042663574
1748716087.6935666,38.94928152035457,-2.259096384048462
1748716087.7295833,38.95849009654206,-2.271646499633789
1748716087.7635071,38.96561970068316,-2.287283182144165
1748716087.797047,38.97261713364907,-2.2999370098114014
1748716087.8322668,38.98191498327027,-2.3112828731536865
1748716087.865838,38.989253956715956,-2.323535442352295
1748716087.899199,38.9961107420497,-2.341768264770508
1748716087.9333134,39.0030442524399,-2.354938268661499
1748716087.9667377,39.01268484422339,-2.3673882484436035
1748716088.0088701,39.02276424112843,-2.3861117362976074
1748716088.0430045,39.02953559167353,-2.399722099304199
1748716088.0764158,39.038803447522184,-2.413325548171997
1748716088.1097844,39.0457177526735,-2.425294876098633
1748716088.1431432,39.05289397055706,-2.438930034637451
1748716088.1765337,39.0595305976453,-2.457160711288452
1748716088.2113845,39.06650384684288,-2.4711222648620605
1748716088.2454257,39.07600502343869,-2.4858238697052
1748716088.29435,39.0881330903311,-2.5071351528167725
1748716088.3323307,39.09484916857437,-2.523540496826172
1748716088.3657925,39.10459488529236,-2.5404858589172363
1748716088.3991933,39.11167325578359,-2.554269313812256
1748716088.4463549,39.124631846303,-2.5753862857818604
1748716088.479757,39.132002343931724,-2.58660888671875
1748716088.5131607,39.14080915335501,-2.597515344619751
1748716088.5480595,39.14837574659172,-2.6122450828552246
1748716088.5815554,39.15538489754208,-2.6244373321533203
1748716088.6149583,39.16247889265515,-2.6361725330352783
1748716088.650644,39.169776010972036,-2.6474967002868652
1748716088.6843314,39.17701008735907,-2.6587350368499756
1748716088.7178931,39.18687174299902,-2.674420118331909
1748716088.7522466,39.19389434689325,-2.685589075088501
1748716088.7856743,39.20204630886804,-2.695647954940796
1748716088.8191223,39.20865690694675,-2.702728271484375
1748716088.8525298,39.21370746280617,-2.713918924331665
1748716088.8859348,39.220658113953476,-2.722743034362793
1748716088.9193563,39.22828034591172,-2.7332680225372314
1748716088.9527614,39.23538207079855,-2.743971586227417
1748716088.9917195,39.245209225916454,-2.7538130283355713
1748716089.0251262,39.252673986435234,-2.765770435333252
1748716089.0589478,39.25989788293724,-2.7765626907348633
1748716089.0929716,39.269877839375326,-2.789763927459717
1748716089.1263459,39.277432242929066,-2.79740834236145
1748716089.1598814,39.28733086498405,-2.8063533306121826
1748716089.1934738,39.29476831599376,-2.815192222595215
1748716089.226876,39.302387578636505,-2.8224050998687744
1748716089.2647572,39.30980426743683,-2.826676368713379
1748716089.2981925,39.320119691851474,-2.8338091373443604
1748716089.331731,39.32686419513978,-2.8420193195343018
1748716089.3654215,39.33485818533301,-2.8502614498138428
1748716089.3989227,39.342543589793216,-2.8571438789367676
1748716089.4324358,39.349969098256246,-2.8643248081207275
1748716089.4704578,39.35979213934408,-2.872260332107544
1748716089.503797,39.3671627914268,-2.876814126968384
1748716089.5372107,39.37470077056051,-2.8826568126678467
1748716089.5770023,39.3843213567708,-2.892050266265869
1748716089.6210413,39.394754492259295,-2.901339054107666
1748716089.6594722,39.4043249411969,-2.906684398651123
1748716089.692941,39.414216979980345,-2.909383773803711
1748716089.7376578,39.42408013148766,-2.923300266265869
1748716089.7711394,39.43163031558014,-2.931518793106079
1748716089.8046591,39.43639929886747,-2.9331016540527344
1748716089.8381424,39.44444558926873,-2.933706760406494
1748716089.8719506,39.45634100651618,-2.9372642040252686
1748716089.910736,39.47232740758121,-2.9407668113708496
1748716089.944141,39.48160967572068,-2.943117618560791
1748716089.9775417,39.48805403625226,-2.9454739093780518
1748716090.0113292,39.498048476871226,-2.9479682445526123
1748716090.0448558,39.50773565216665,-2.950640916824341
1748716090.0792396,39.520018492579496,-2.9540421962738037
1748716090.1126583,39.529725676144615,-2.956892728805542
1748716090.2059746,39.55096236756234,-2.965709924697876
1748716090.2395275,39.552652042656796,-2.9662137031555176
1748716090.2729354,39.55402244316864,-2.966886281967163
1748716090.3064024,39.55470672044949,-2.9670956134796143
1748716090.3398592,39.556010733265225,-2.9681434631347656
1748716090.3734426,39.56166188505573,-2.9714112281799316
1748716090.4068522,39.56939345348339,-2.9757535457611084
1748716090.440304,39.57834129031946,-2.9800941944122314
1748716090.4737144,39.588616997683275,-2.984501838684082
1748716090.5142365,39.59889358123034,-2.987438201904297
1748716090.5476348,39.61282936517079,-2.9937901496887207
1748716090.5810485,39.623387339743566,-2.999648332595825
1748716090.614462,39.63396494410604,-3.004302740097046
1748716090.6479187,39.6445702741469,-3.0086660385131836
1748716090.6813247,39.655535186966596,-3.013049840927124
1748716090.7147293,39.66580593101853,-3.0158605575561523
1748716090.7496202,39.672899330855344,-3.0195374488830566
1748716090.7843122,39.68354243861977,-3.0231661796569824
1748716090.8177342,39.694150761699966,-3.026185989379883
1748716090.8511355,39.700883758620854,-3.029975175857544
1748716090.8845325,39.71507593787366,-3.033290147781372
1748716090.9179292,39.726049515201275,-3.0387885570526123
1748716090.9513397,39.7363318360959,-3.0423038005828857
1748716090.9847207,39.74735324659367,-3.0449697971343994
1748716091.0181031,39.76115221189867,-3.048769950866699
1748716091.051508,39.7721276520968,-3.052905797958374
1748716091.0849621,39.78277379653065,-3.0562922954559326
1748716091.1186085,39.789875551139154,-3.0604686737060547
1748716091.152017,39.8040682285272,-3.0636649131774902
1748716091.1854181,39.8147200042386,-3.0665183067321777
1748716091.2188165,39.825373911717094,-3.0691823959350586
1748716091.2522337,39.83602347142733,-3.071603775024414
1748716091.2856746,39.84669171485355,-3.072360038757324
1748716091.3191504,39.857322380687,-3.0751311779022217
1748716091.352596,39.86798627052058,-3.0769479274749756
1748716091.3863316,39.87862561186883,-3.079246997833252
1748716091.4208715,39.885327887475704,-3.081697702407837
1748716091.4542904,39.89275051775277,-3.0846803188323975
1748716091.487692,39.90339542557349,-3.0852432250976562
1748716091.5211053,39.91401481220057,-3.089465618133545
1748716091.555741,39.928224138518125,-3.092229127883911
1748716091.5891922,39.9388697177219,-3.0950045585632324
1748716091.6225972,39.94951562411121,-3.097323179244995
1748716091.6560197,39.96020876223845,-3.0978102684020996
1748716091.6894214,39.97445528159356,-3.0998079776763916
1748716091.7228594,39.98548514390589,-3.1013238430023193
1748716091.7563803,39.99226161541855,-3.1011528968811035
1748716091.7898238,40.00646582931419,-3.102419853210449
1748716091.8232312,40.01351219208434,-3.1057329177856445
1748716091.8566413,40.024527247452205,-3.106778621673584
1748716091.890097,40.034827978131865,-3.1089556217193604
1748716091.9240098,40.04939579153574,-3.1097664833068848
1748716091.9574265,40.05614620702033,-3.110175848007202
1748716091.9908578,40.070354763507595,-3.1104602813720703
1748716092.0246246,40.08064253068007,-3.109534502029419
1748716092.058007,40.08805073110612,-3.1112308502197266
1748716092.0914176,40.0986199372899,-3.113351821899414
1748716092.1248696,40.10924670802236,-3.1150152683258057
1748716092.1582737,40.119887050495926,-3.1160473823547363
1748716092.1917338,40.13400455300115,-3.1144635677337646
1748716092.2251594,40.14102756505957,-3.116455554962158
1748716092.259652,40.154690920432834,-3.119422197341919
1748716092.2930932,40.162076206272516,-3.1181833744049072
1748716092.326658,40.17613235490249,-3.1204352378845215
1748716092.3600585,40.18676883437465,-3.1203417778015137
1748716092.39346,40.19737745334654,-3.1231415271759033
1748716092.4268641,40.208021026630284,-3.124211549758911
1748716092.4602928,40.2151203301927,-3.1251256465911865
1748716092.4939883,40.229341883081624,-3.126939296722412
1748716092.5273552,40.23967400851783,-3.127656936645508
1748716092.5607893,40.246786154952225,-3.1287589073181152
1748716092.5960538,40.258142838367235,-3.130445957183838
1748716092.6294723,40.26490272641907,-3.1298203468322754
1748716092.6628819,40.27517421476684,-3.1324117183685303
1748716092.6963522,40.28617207573251,-3.1334445476531982
1748716092.7298722,40.29787408581,-3.1342735290527344
1748716092.7641587,40.30780478278917,-3.135270357131958
1748716092.7976825,40.3177515428057,-3.1344528198242188
1748716092.831153,40.32908253911746,-3.136061906814575
1748716092.8646185,40.33935929984456,-3.1375746726989746
1748716092.898023,40.350396840898576,-3.138261079788208
1748716092.9314415,40.360687212783674,-3.1415481567382812
1748716092.9649787,40.37143519590873,3.14125394821167
1748716092.9983516,40.38180200000705,3.138925313949585
1748716093.0317125,40.39325042093655,3.139195680618286
1748716093.0651522,40.40321990164824,3.1377453804016113
1748716093.0986872,40.413866303978104,3.1361472606658936
1748716093.132091,40.425247049733414,3.135211229324341
1748716093.1655378,40.43552895987578,3.1340320110321045
1748716093.1989539,40.44601055947243,3.1302294731140137
1748716093.232396,40.45650430394601,3.1291344165802
1748716093.2657988,40.46742896187234,3.127716064453125
1748716093.299663,40.47772620999699,3.1276957988739014
1748716093.3330438,40.48837203738142,3.125826835632324
1748716093.3665323,40.49903480756208,3.125591278076172
1748716093.4000485,40.506146014700384,3.1261777877807617
1748716093.4334466,40.516453647836514,3.126333713531494
1748716093.4674165,40.52711233761009,3.126617193222046
1748716093.5010517,40.537744772863896,3.1247997283935547
1748716093.5344844,40.54869400282365,3.1229069232940674
1748716093.5678976,40.55543351172513,3.1239380836486816
1748716093.6014006,40.566406949498194,3.1218602657318115
1748716093.6352372,40.577056730128,3.121136426925659
1748716093.668611,40.587658594273016,3.12196946144104
1748716093.702026,40.598276864389454,3.1213645935058594
1748716093.735537,40.61246555322062,3.120955467224121
1748716093.7689347,40.61956748567841,3.119506359100342
1748716093.8025696,40.63057636806053,3.117431640625
1748716093.8361902,40.63732360541332,3.1161224842071533
1748716093.8696861,40.65153623126396,3.1153512001037598
1748716093.9030883,40.6622023677534,3.114370584487915
1748716093.9367728,40.67250065716372,3.114927053451538
1748716093.9702165,40.68343601642931,3.113476514816284
1748716094.0036273,40.690486476776655,3.1117162704467773
1748716094.0371335,40.70105965229794,3.1126301288604736
1748716094.0705729,40.70811814958933,3.1127939224243164
1748716094.1039872,40.71869500920031,3.111661434173584
1748716094.1373882,40.72895095067415,3.1114609241485596
1748716094.1708727,40.73993022684017,3.1096975803375244
1748716094.2042735,40.75054227474298,3.109441041946411
1748716094.2380044,40.757955947609574,3.1111443042755127
1748716094.271462,40.76858825035438,3.1110754013061523
1748716094.304938,40.778878881465296,3.11135196685791
1748716094.3383534,40.78916138476779,3.1108646392822266
1748716094.3719313,40.80009797470821,3.1093969345092773
1748716094.4055767,40.810658627579386,3.110567569732666
1748716094.438985,40.81737783166706,3.110543727874756
1748716094.4724174,40.828349425490025,3.1091156005859375
1748716094.5061426,40.83899861543167,3.109701156616211
1748716094.5395958,40.84962919594706,3.1099562644958496
1748716094.5730233,40.86024306125405,3.108459711074829
1748716094.6065097,40.87305437781009,3.108131170272827
1748716094.6399913,40.881569917229534,3.1063621044158936
1748716094.673473,40.89221923527642,3.107020854949951
1748716094.7068863,40.90680516619218,3.1062989234924316
1748716094.7403436,40.9135656439023,3.1062357425689697
1748716094.77384,40.924241467246596,3.1056571006774902
1748716094.8072453,40.93488718838413,3.1082956790924072
1748716094.8423486,40.94554314428722,3.108232259750366
1748716094.875755,40.95263201557809,3.1084799766540527
1748716094.909252,40.96323597228776,3.1103899478912354
1748716094.9428067,40.97387326150481,3.110652446746826
1748716094.976394,40.98486956563813,3.1095633506774902
1748716095.0099087,40.99517573537406,3.1103765964508057
1748716095.0433116,41.005853129345184,3.110377073287964
1748716095.0767765,41.01687145236479,3.11018443107605
1748716095.1101804,41.02718047348685,3.1090493202209473
1748716095.143576,41.03786482894744,3.1096534729003906
1748716095.1770036,41.04854054974258,3.1098527908325195
1748716095.2105014,41.05884236130313,3.1098837852478027
1748716095.2439575,41.065954853250076,3.108954429626465
1748716095.2773602,41.07703636625031,3.1094748973846436
1748716095.310766,41.08777391350631,3.1087698936462402
1748716095.344171,41.09883380940725,3.1080777645111084
1748716095.3775742,41.109096264443075,3.108543872833252
1748716095.4112027,41.119670377038,3.1109414100646973
1748716095.444616,41.12675100726118,3.111752986907959
1748716095.4780412,41.14093950309933,3.112152099609375
1748716095.5143485,41.15158795515426,3.1134345531463623
1748716095.5477827,41.16578547200987,3.115061044692993
1748716095.5811884,41.17290112261626,3.1158571243286133
1748716095.614665,41.18356049308948,3.117936611175537
1748716095.6480703,41.195679818105056,3.1183173656463623
1748716095.6815035,41.2049373319036,3.1200437545776367
1748716095.7149122,41.21526489923031,3.1187946796417236
1748716095.7484667,41.226286849512505,3.1192455291748047
1748716095.7819033,41.23656271027297,3.1203365325927734
1748716095.8153074,41.247182046885584,3.1205668449401855
1748716095.8503425,41.254589691365354,3.11953067779541
1748716095.8839543,41.26551933567259,3.1198651790618896
1748716095.9175012,41.27223067270946,3.121023416519165
1748716095.9509304,41.28281920087496,3.1203203201293945
1748716095.9845364,41.28987910658273,3.119595766067505
1748716096.0179996,41.30015260938362,3.1197752952575684
1748716096.0514657,41.31111193792432,3.1216657161712646
1748716096.0849423,41.321785546798914,3.122149705886841
1748716096.1185052,41.332452609325415,3.1231207847595215
1748716096.151934,41.34314946141237,3.123880386352539
1748716096.185372,41.3538345293208,3.1254220008850098
1748716096.2227983,41.364180606084986,3.126447916030884
1748716096.256211,41.375256498746296,3.127016067504883
1748716096.2896438,41.38628536137471,3.1285037994384766
1748716096.3234718,41.39339466890019,3.1296727657318115
1748716096.3568711,41.40368473180766,3.1294472217559814
1748716096.3903353,41.41436201142027,3.1310577392578125
1748716096.4237332,41.42829224893486,3.1308093070983887
1748716096.4572558,41.435785007242806,3.131293296813965
1748716096.4910765,41.45040023152368,3.132434606552124
1748716096.5244896,41.45753723845531,3.1319029331207275
1748716096.5579953,41.4675543523494,3.133146047592163
1748716096.5917091,41.47902316995328,3.132842779159546
1748716096.6251397,41.49333273447484,3.1335248947143555
1748716096.658582,41.50476405813238,3.13358473777771
1748716096.6919813,41.51473812797902,3.135314702987671
1748716096.725381,41.52506696818822,3.135897397994995
1748716096.7587886,41.53219190310358,3.1360249519348145
1748716096.7922056,41.542850882023856,3.136971950531006
1748716096.825617,41.55348250848053,3.138113260269165
1748716096.8624098,41.56377791322052,3.1395416259765625
1748716096.8958657,41.57124313552381,3.1404974460601807
1748716096.9292526,41.58545949381421,3.141340970993042
1748716096.9642365,41.59221913431584,3.141475200653076
1748716096.997681,41.60679234111733,-3.1409249305725098
1748716097.0310876,41.617461670403685,-3.1394832134246826
1748716097.064491,41.62814948868701,-3.1400232315063477
1748716097.0978985,41.635264945134935,-3.139770746231079
1748716097.1313043,41.64630094091693,-3.139711856842041
1748716097.1647227,41.65661535791021,-3.1388494968414307
1748716097.198072,41.667279792381386,-3.13815975189209
1748716097.23156,41.677940063384696,-3.138270616531372
1748716097.2649944,41.691804661953725,-3.13824462890625
1748716097.2994425,41.69927307753504,-3.1378347873687744
1748716097.3329594,41.71134826393044,-3.1369190216064453
1748716097.3663366,41.7205892049577,-3.1360843181610107
1748716097.399785,41.73481993634268,-3.1366379261016846
1748716097.4333186,41.74547715160024,-3.1354713439941406
1748716097.4670596,41.756137081322485,-3.1351258754730225
1748716097.5010355,41.76326411315962,-3.134021520614624
1748716097.5348115,41.774006463212004,-3.1338632106781006
1748716097.5682142,41.78117596688709,-3.1323130130767822
1748716097.6016142,41.7957541255657,-3.131387233734131
1748716097.634977,41.79857966222669,-3.1321933269500732
1748716097.668369,41.8098811955099,-3.1332521438598633
1748716097.7017927,41.82155153017866,-3.132478952407837
1748716097.735356,41.828282438657965,-3.13215708732605
1748716097.7687943,41.83785430157147,-3.132669448852539
1748716097.8023388,41.84849364170423,-3.1311144828796387
1748716097.835774,41.85916845463613,-3.1311111450195312
1748716097.8692174,41.86980945164456,-3.1326773166656494
1748716097.902624,41.88049036569668,-3.13407826423645
1748716097.936199,41.891159842295565,-3.1336121559143066
1748716097.9695973,41.901778662406954,-3.13216495513916
1748716098.003451,41.9088688070775,-3.1318154335021973
1748716098.0373254,41.92443200906959,-3.133652448654175
1748716098.0707276,41.93509684069596,-3.133382558822632
1748716098.1041465,41.94434087298779,-3.1336491107940674
1748716098.1376164,41.95500110992076,-3.1335806846618652
1748716098.171041,41.965665356097674,-3.1321425437927246
1748716098.2044544,41.973124220300946,-3.132370710372925
1748716098.2379026,41.98698046318115,-3.1330714225769043
1748716098.276085,41.997668784077604,-3.133131265640259
1748716098.3095543,42.01154325944911,-3.1338541507720947
1748716098.3429623,42.02221682377691,-3.13415265083313
1748716098.3764923,42.033248138384174,-3.1343040466308594
1748716098.409889,42.043910883425,-3.1352248191833496
1748716098.4432886,42.054541168683194,-3.136880874633789
1748716098.4766893,42.065195100658265,-3.137735605239868
1748716098.5101373,42.07549331184329,-3.138859987258911
1748716098.5435424,42.08651751236791,-3.1398794651031494
1748716098.5770543,42.0968466951977,-3.140070915222168
1748716098.610751,42.104324452036224,-3.140258312225342
1748716098.6441696,42.115008619999536,-3.1399519443511963
1748716098.6776338,42.12213160376919,-3.140578508377075
1748716098.7112668,42.136378572527036,-3.1405489444732666
1748716098.7448745,42.14669061496057,-3.141108989715576
1748716098.7783465,42.154165595687395,3.141087293624878
1748716098.811749,42.168410916427334,-3.141500949859619
1748716098.8451717,42.17908544930881,3.141411304473877
1748716098.8785741,42.193301027244274,3.140557289123535
1748716098.911999,42.20040876994931,3.1409802436828613
1748716098.9453783,42.21105778726715,3.1398470401763916
1748716098.978907,42.22170778706197,3.1391472816467285
1748716099.0123572,42.23236727382841,3.138521194458008
1748716099.0457604,42.24268316875529,3.138653039932251
1748716099.0792158,42.25365859637314,3.136854410171509
1748716099.1126232,42.26458389828993,3.134119749069214
1748716099.146089,42.27488210587257,3.1331756114959717
1748716099.1794972,42.285576388714595,3.131864070892334
1748716099.2129045,42.29272398105787,3.1315252780914307
1748716099.246312,42.30306451516203,3.130587577819824
1748716099.2796812,42.314141087637246,3.1307778358459473
1748716099.3130949,42.324529239591406,3.129850387573242
1748716099.3465142,42.331674070619535,3.128885507583618
1748716099.3811114,42.34272227766995,3.128617525100708
1748716099.414666,42.35797645035332,3.1271255016326904
1748716099.4480934,42.36934646698186,3.1272733211517334
1748716099.481571,42.38003071140224,3.1267940998077393
1748716099.5151095,42.38999236932582,3.1256370544433594
1748716099.5485117,42.39923979750597,3.124915361404419
1748716099.5819561,42.41061866097161,3.1251659393310547
1748716099.6153708,42.42087441138772,3.1232810020446777
1748716099.6488705,42.431819169215636,3.121640205383301
1748716099.6822762,42.44559980754116,3.122441053390503
1748716099.7156816,42.45620036015867,3.119743824005127
1748716099.7491837,42.466501607834296,3.1202125549316406
1748716099.7825868,42.47750803597444,3.1192266941070557
1748716099.8159935,42.48816602656076,3.1182353496551514
1748716099.8494434,42.49491887770679,3.1181082725524902
1748716099.8828528,42.505588302557875,3.117821216583252
1748716099.9162962,42.51662847444677,3.116692066192627
1748716099.949699,42.52737715814873,3.116116523742676
1748716099.9873352,42.53810735770759,3.113722085952759
1748716100.0207386,42.54885382847079,3.1128485202789307
1748716100.0541494,42.55957863532426,3.11216139793396
1748716100.0875034,42.57024001590826,3.110011100769043
1748716100.120956,42.58053538154342,3.1082923412323
1748716100.1543534,42.591579537067716,3.107832431793213
1748716100.1877499,42.59905584671368,3.106748342514038
1748716100.2211983,42.609029324989834,3.105341672897339
1748716100.2546027,42.62004830271586,3.1028313636779785
1748716100.2880268,42.63037570253905,3.1020054817199707
1748716100.325452,42.64176042186982,3.101041078567505
1748716100.3588634,42.65554742077772,3.0974478721618652
1748716100.39228,42.66609379930387,3.0969648361206055
1748716100.4257174,42.67569320444919,3.0884087085723877
1748716100.4591184,42.68525554927738,3.0828793048858643
1748716100.4925215,42.691680833661614,3.077305793762207
1748716100.525934,42.70237097226257,3.072246551513672
1748716100.5593488,42.712800932387196,3.0655932426452637
1748716100.592758,42.72338468123388,3.05989670753479
1748716100.6261678,42.73365674864531,3.0548434257507324
1748716100.659883,42.74507745663416,3.051274061203003
1748716100.6933818,42.75575009278562,3.0473785400390625
1748716100.7268264,42.766400206056694,3.042771100997925
1748716100.7602587,42.7732037323533,3.0413835048675537
1748716100.7936947,42.788113243923775,3.0343589782714844
1748716100.8270895,42.794827599880755,3.03092622756958
1748716100.8606248,42.8058792318049,3.0278778076171875
1748716100.8940282,42.81602947410844,3.022233724594116
1748716100.9277017,42.830190029100415,3.018831491470337
1748716100.961215,42.84043621744714,3.0143346786499023
1748716100.9946194,42.84720765906401,3.011004686355591
1748716101.0323641,42.85857022900874,3.0067784786224365
1748716101.0658224,42.86919346457201,3.0021913051605225
1748716101.099226,42.88297687497676,2.9982705116271973
1748716101.1327193,42.89011996701214,2.99695086479187
1748716101.166158,42.90177068386267,2.9926671981811523
1748716101.1996486,42.91101308630429,2.991501569747925
1748716101.2332835,42.92236841693498,2.9891748428344727
1748716101.2670887,42.92907243110127,2.986222982406616
1748716101.3009946,42.93968889375887,2.9858949184417725
1748716101.3376973,42.950666606415766,2.9849109649658203
1748716101.371171,42.965746415563274,2.980415105819702
1748716101.4045846,42.97495687889026,2.978605270385742
1748716101.438192,42.98562380630497,2.978334903717041
1748716101.4718943,42.99617718220053,2.976339817047119
1748716101.505316,43.00653792530431,2.9707419872283936
1748716101.5393505,43.017013771965544,2.969221830368042
1748716101.5727537,43.02752239790146,2.969606876373291
1748716101.6062133,43.03793552062427,2.967216968536377
1748716101.6397223,43.04522911337738,2.963345766067505
1748716101.6731298,43.055405034702694,2.9601871967315674
1748716101.7065332,43.06565914727076,2.958542823791504
1748716101.74002,43.076217194238914,2.9551479816436768
1748716101.7734425,43.08812398379945,2.950540781021118
1748716101.807074,43.0941265846777,2.9497272968292236
1748716101.8405268,43.10545597662104,2.948868751525879
1748716101.8739276,43.115331085684346,2.945971727371216
1748716101.9073539,43.12592651866082,2.942800521850586
1748716101.9409509,43.13617193331937,2.9411346912384033
1748716101.9743927,43.147149785550674,2.9424781799316406
1748716102.00783,43.15385692298519,2.9398887157440186
1748716102.0412416,43.16478082278683,2.9375362396240234
1748716102.0748134,43.17499207221022,2.9368529319763184
1748716102.1081853,43.18585472447595,2.9341869354248047
1748716102.141595,43.19639834948825,2.930720090866089
1748716102.1750615,43.20704865403141,2.928985834121704
1748716102.2086122,43.21770216258177,2.9258718490600586
1748716102.2423444,43.23191608365051,2.9241271018981934
1748716102.2758002,43.24279997163662,2.918785810470581
1748716102.3092082,43.25306651652168,2.9180526733398438
1748716102.3426156,43.26393193044453,2.9143738746643066
1748716102.376015,43.270946414611586,2.9116718769073486
1748716102.4094336,43.27765716147778,2.909036636352539
1748716102.4428828,43.28825776299453,2.9043684005737305
1748716102.4762845,43.29926011414983,2.901643991470337
1748716102.5097022,43.30956537782611,2.9017045497894287
1748716102.5431018,43.32437806750345,2.8982155323028564
1748716102.5770736,43.33424211562743,2.894284725189209
1748716102.6117008,43.34490221697036,2.8915865421295166
1748716102.6451213,43.35557500368603,2.890817880630493
1748716102.6785338,43.36974128822234,2.8887240886688232
1748716102.711947,43.38069597164164,2.886390209197998
1748716102.827381,43.41306758078115,2.9141037464141846
1748716102.860994,43.42483266434523,2.923917770385742
1748716102.8944771,43.4403514846236,2.927314281463623
1748716102.9278922,43.454141540677085,2.926541566848755
1748716102.9633543,43.46899919952235,2.926351547241211
1748716102.9967647,43.48376521784002,2.9257984161376953
1748716103.0301673,43.49826119319895,2.9255380630493164
1748716103.0636632,43.51337262919615,2.9251818656921387
1748716103.0970695,43.52905009554099,2.924844980239868
1748716103.13048,43.54374344259999,2.9244818687438965
1748716103.1639357,43.558450967780345,2.9241368770599365
1748716103.1973896,43.573673430199314,2.923800230026245
1748716103.230818,43.593974618221154,2.923452377319336
1748716103.2642412,43.61021796777594,2.923081636428833
1748716103.2976434,43.61986172548851,2.9227454662323
1748716103.3310747,43.635090148150496,2.9223976135253906
1748716103.3644574,43.65031776348379,2.9220495223999023
1748716103.3979058,43.67011263185479,2.921597480773926
1748716103.4313195,43.68584571513534,2.9212381839752197
1748716103.4647214,43.70259338003522,2.920901298522949
1748716103.4981244,43.718306632671464,2.9210612773895264
1748716103.565459,43.73808930264696,2.9116480350494385
1748716103.5990922,43.744996396972816,2.9061102867126465
1748716103.6743944,43.75099459597314,2.9017531871795654
1748716103.7078373,43.75354951256854,2.899275779724121
1748716103.7412405,43.76004122613346,2.8935928344726562
1748716103.7749166,43.769086656172625,2.8858983516693115
1748716103.8085303,43.78349941868637,2.876722574234009
1748716103.842035,43.79133427776363,2.867722988128662
1748716103.8754997,43.8034750169129,2.8584532737731934
1748716103.91027,43.81539282056799,2.852057456970215
1748716103.9437904,43.8283105626305,2.8390209674835205
1748716103.977251,43.84083332699785,2.829601287841797
1748716104.0106528,43.85781537691425,2.8222289085388184
1748716104.0440695,43.87044318542995,2.8135643005371094
1748716104.077477,43.883199168854844,2.8067500591278076
1748716104.1108987,43.8958864978617,2.799217939376831
1748716104.1443074,43.904325000314174,2.790836811065674
1748716104.177755,43.91699311411381,2.783266544342041
1748716104.2111573,43.93388118945596,2.7753689289093018
1748716104.2446892,43.94707667177912,2.7692558765411377
1748716104.2781353,43.95475078590667,2.7644481658935547
1748716104.3116457,43.96792411883241,2.7589285373687744
1748716104.345052,43.980684046713726,2.753383159637451
1748716104.3784814,43.9932597947175,2.745847225189209
1748716104.41188,44.00641923351893,2.7409987449645996
1748716104.4453294,44.019132859877274,2.735030174255371
1748716104.4787676,44.03151868282899,2.731952428817749
1748716104.5123532,44.044239053983105,2.7268948554992676
1748716104.545786,44.056846352182085,2.7210323810577393
1748716104.5792568,44.069166178785345,2.7176358699798584
1748716104.6126592,44.084041781216676,2.7135517597198486
1748716104.6460674,44.09543327581828,2.707395553588867
1748716104.6795125,44.10778046211228,2.7051680088043213
1748716104.7129784,44.120555107107215,2.7008228302001953
1748716104.7464669,44.1333127639153,2.6969072818756104
1748716104.7799504,44.15031748229006,2.6906208992004395
1748716104.8134909,44.16311146734377,2.6887094974517822
1748716104.8469148,44.175907338504466,2.6863045692443848
1748716104.8803697,44.19084298741173,2.6834797859191895
1748716104.9137876,44.197222274986956,2.680586338043213
1748716104.9471889,44.21000918273247,2.677334785461426
1748716104.9805913,44.223273804939936,2.674952983856201
1748716105.0139825,44.235648665903895,2.671814441680908
1748716105.0473843,44.24845902639878,2.669156074523926
1748716105.0808325,44.261238146400274,2.6654014587402344
1748716105.1142402,44.27402390795272,2.662753105163574
1748716105.1476486,44.28807503126797,2.6618783473968506
1748716105.1810532,44.30363109874502,2.6572892665863037
1748716105.2144606,44.31638410973087,2.653502941131592
1748716105.2478673,44.33385595936536,2.651160717010498
1748716105.2813568,44.3461949364543,2.6476473808288574
1748716105.3147585,44.355137520182076,2.6446423530578613
1748716105.3483133,44.36880989583354,2.643738269805908
1748716105.3817592,44.38032058487898,2.640937328338623
1748716105.415168,44.393128848662954,2.6394853591918945
1748716105.448575,44.405938092017855,2.638707160949707
1748716105.4820685,44.418736171754695,2.637801170349121
1748716105.5154786,44.431532891258136,2.637321949005127
1748716105.5488985,44.444323820936816,2.6360836029052734
1748716105.5827236,44.45284863832611,2.634874105453491
1748716105.616125,44.46521153561333,2.63346266746521
1748716105.6495335,44.478422776173986,2.631561040878296
1748716105.683692,44.490784484668154,2.6300387382507324
1748716105.7173538,44.50399237237509,2.6287357807159424
1748716105.7510555,44.51632708188338,2.6256589889526367
1748716105.7845297,44.52951784594282,2.6225826740264893
1748716105.8180292,44.542303579884305,2.6226346492767334
1748716105.8515084,44.552939950162255,2.6209959983825684
1748716105.8849182,44.56315084878997,2.6189870834350586
1748716105.9183097,44.57678841224193,2.618093252182007
1748716105.9517124,44.589122984380985,2.6158957481384277
1748716105.9851959,44.60191506642268,2.6155307292938232
1748716106.018577,44.61300565344612,2.614513874053955
1748716106.052036,44.62409701193418,2.6139919757843018
1748716106.085443,44.6403036754499,2.6132960319519043
1748716106.118881,44.65309696430165,2.6134390830993652
1748716106.1523438,44.669722227029844,2.6126322746276855
1748716106.185759,44.682940520836055,2.6123337745666504
1748716106.2192013,44.69572703027846,2.6112070083618164
1748716106.2526846,44.70851230012857,2.6098814010620117
1748716106.2860868,44.721302020527425,2.6094181537628174
1748716106.319567,44.733641636956726,2.60771107673645
1748716106.3530252,44.74673034588483,2.6043736934661865
1748716106.3864827,44.75522263629125,2.603419542312622
1748716106.4199848,44.768395651024825,2.6024789810180664
1748716106.4537785,44.78072792719676,2.6014790534973145
1748716106.487194,44.7935110059137,2.6010067462921143
1748716106.5205946,44.80588011361322,2.601480484008789
1748716106.554149,44.819102306255566,2.6015751361846924
1748716106.5877275,44.831895204719125,2.601977825164795
1748716106.6213458,44.84042600417357,2.6018359661102295
1748716106.6547973,44.85364271265025,2.602501153945923
1748716106.688194,44.865989004570494,2.603952169418335
1748716106.721619,44.87877343808164,2.6034598350524902
1748716106.7550254,44.89156055428684,2.6033968925476074
1748716106.788461,44.90435143361992,2.603276252746582
1748716106.8218842,44.91714374404315,2.6032841205596924
1748716106.855292,44.92991544082674,2.601202964782715
1748716106.8915877,44.93843324946347,2.6017041206359863
1748716106.9250503,44.95544001589947,2.599933624267578
1748716106.958573,44.97238516050309,2.5975000858306885
1748716106.991975,44.98089216437942,2.5977253913879395
1748716107.0253563,44.99794150013061,2.5978660583496094
1748716107.058755,45.00646826992947,2.597813129425049
1748716107.0921676,45.01968554404906,2.5977680683135986
1748716107.1255744,45.03161643052325,2.599672794342041
1748716107.1589808,45.0448557392797,2.6003096103668213
1748716107.1923814,45.05339744865048,2.600097894668579
1748716107.2259467,45.06621883734727,2.6014821529388428
1748716107.259398,45.079019245327196,2.6027841567993164
1748716107.2927644,45.096079978612835,2.602781295776367
1748716107.3262029,45.10461874036282,2.6030800342559814
1748716107.3596394,45.12129249539887,2.6022236347198486
1748716107.3931077,45.13453085952991,2.602841854095459
1748716107.427022,45.14690576894656,2.603806495666504
1748716107.4604743,45.160126627316494,2.6041977405548096
1748716107.4940784,45.173328512227236,2.6015512943267822
1748716107.5275414,45.190339763167756,2.601248025894165
1748716107.5609484,45.202652125824514,2.6017510890960693
1748716107.5943968,45.21540745867429,2.601519823074341
1748716107.6278183,45.228157621202605,2.6034739017486572
1748716107.66122,45.240935740514914,2.6045026779174805
1748716107.6946626,45.249454649988515,2.607052803039551
1748716107.728071,45.26356675806991,2.608039379119873
1748716107.7614765,45.27464821394192,2.6110777854919434
1748716107.7948775,45.28789067340891,2.6112852096557617
1748716107.8283072,45.30068703897764,2.613136053085327
1748716107.861709,45.31349474493244,2.6133487224578857
1748716107.8951857,45.32629494941697,2.613996744155884
1748716107.9286387,45.33866624214851,2.61336350440979
1748716107.9621727,45.34762248172455,2.61297607421875
1748716107.995671,45.364582261353746,2.6152915954589844
1748716108.0290732,45.377313149131204,2.6132354736328125
1748716108.062495,45.38960019578067,2.6138710975646973
1748716108.095956,45.4022152499753,2.6176023483276367
1748716108.1294074,45.41617748848386,2.620659828186035
1748716108.1628544,45.4285109632308,2.622739791870117
1748716108.1962578,45.44088867499829,2.6244101524353027
1748716108.2296684,45.45792554245331,2.627817392349243
1748716108.2631094,45.46604423339912,2.629267692565918
1748716108.2965527,45.479222462829505,2.633500337600708
1748716108.3299623,45.49198079169836,2.635429859161377
1748716108.3633761,45.504742871192484,2.6358675956726074
1748716108.3968167,45.51748074335996,2.6374547481536865
1748716108.4302795,45.53054132086589,2.6408004760742188
1748716108.4637117,45.542800605017455,2.6401171684265137
1748716108.4971247,45.55545495887888,2.63857102394104
1748716108.5305357,45.56810667569917,2.64247465133667
1748716108.563897,45.58083716470057,2.6433515548706055
1748716108.5972679,45.59317254171248,2.644932270050049
1748716108.6308582,45.606769090206235,2.646507978439331
1748716108.664263,45.61481728416577,2.650106191635132
1748716108.6977358,45.63188267200472,2.652737855911255
1748716108.7311404,45.64463609563995,2.6565327644348145
1748716108.7646012,45.65828113958463,2.6592957973480225
1748716108.7979865,45.67064124059315,2.66252064704895
1748716108.831395,45.68259040980548,2.664212465286255
1748716108.8647819,45.69538211465744,2.666443347930908
1748716108.8984005,45.70859654616852,2.6683928966522217
1748716108.931962,45.72094590583254,2.6711456775665283
1748716108.9653673,45.73415097631348,2.673668622970581
1748716108.9987776,45.746949870558865,2.674612283706665
1748716109.0321972,45.760584361133276,2.6734840869903564
1748716109.0656445,45.77245854334559,2.6763863563537598
1748716109.0990815,45.78482510584671,2.6762187480926514
1748716109.1324856,45.79800109453347,2.6788523197174072
1748716109.1659038,45.810244291537416,2.682889938354492
1748716109.1993048,45.822904586179654,2.6888604164123535
1748716109.232772,45.83139210504029,2.6906113624572754
1748716109.2661843,45.844619237350315,2.6932618618011475
1748716109.3014758,45.85729076368287,2.6974775791168213
1748716109.3349466,45.86525308917806,2.701486825942993
1748716109.3684208,45.87834503599629,2.7054877281188965
1748716109.4019046,45.89109475122209,2.7080371379852295
1748716109.4354491,45.90390242570907,2.7094898223876953
1748716109.468947,45.91711038315444,2.712298631668091
1748716109.502343,45.92903714608986,2.7141950130462646
1748716109.5357473,45.94264107375095,2.712437391281128
1748716109.569192,45.95499243702534,2.713846445083618
1748716109.6025958,45.96353528009877,2.713144063949585
1748716109.6359994,45.97617480710819,2.716853380203247
1748716109.669398,45.98543384783177,2.719832181930542
1748716109.702802,46.00116310317655,2.722292184829712
1748716109.7362022,46.01434055328979,2.726512908935547
1748716109.7695844,46.02704531264546,2.7314300537109375
1748716109.8032568,46.040688441618975,2.7346248626708984
1748716109.8369114,46.0521262527085,2.7412269115448
1748716109.8704054,46.06492332895377,2.744863748550415
1748716109.903835,46.07790903418143,2.7496984004974365
1748716109.9372501,46.09101820704001,2.753181219100952
1748716109.9720905,46.09858544008267,2.7565600872039795
1748716110.0054965,46.111732279215666,2.7581357955932617
1748716110.039099,46.12442024246084,2.7618072032928467
1748716110.0724978,46.137082908919425,2.7649998664855957
1748716110.1059759,46.150271157853965,2.7682602405548096
1748716110.1393774,46.16303360298106,2.7683300971984863
1748716110.1728232,46.17944671032813,2.7732038497924805
1748716110.20627,46.19216385128426,2.7771363258361816
1748716110.2397118,46.204921380799206,2.7825417518615723
1748716110.2731156,46.21774070628,2.7865097522735596
1748716110.3065157,46.23003142019688,2.7924277782440186
1748716110.3399265,46.24326090842006,2.794994592666626
1748716110.3733392,46.25176841643456,2.799844980239868
1748716110.406741,46.264044586122246,2.805325746536255
1748716110.4403784,46.27731584559088,2.808974027633667
1748716110.4739623,46.2939466846282,2.813509941101074
1748716110.5073972,46.3072044535207,2.8153676986694336
1748716110.5407917,46.31999801179907,2.8160078525543213
1748716110.5742018,46.336936967614875,2.820706844329834
1748716110.6076152,46.34926194409812,2.8235645294189453
1748716110.641043,46.36245141385745,2.8264222145080566
1748716110.6744442,46.374763849190536,2.830634355545044
1748716110.707858,46.387959036166,2.832848310470581
1748716110.7413023,46.39640642284177,2.8387582302093506
1748716110.7749116,46.409181385147804,2.8428916931152344
1748716110.8083167,46.421957436627345,2.8469908237457275
1748716110.8417242,46.43465152344764,2.852505922317505
1748716110.8751225,46.44784772268995,2.857105255126953
1748716110.9085402,46.459714253247355,2.8633363246917725
1748716110.9421475,46.47284273957991,2.8653321266174316
1748716110.975547,46.48561043142257,2.867385149002075
1748716111.0089674,46.49777345423033,2.87274432182312
1748716111.0424504,46.510758109436566,2.876603364944458
1748716111.0761495,46.52333439820853,2.879169464111328
1748716111.1096349,46.536396506858594,2.8822555541992188
1748716111.1430485,46.5486156268058,2.8859500885009766
1748716111.176408,46.56134883539769,2.8892431259155273
1748716111.2098505,46.573610419373935,2.893996477127075
1748716111.243331,46.58641010386594,2.8976235389709473
1748716111.2768655,46.599187559395645,2.9020471572875977
1748716111.3102744,46.61234857165846,2.907365322113037
1748716111.3436801,46.62468697763504,2.9120752811431885
1748716111.377092,46.63775922366043,2.9196488857269287
1748716111.4104965,46.6504695483876,2.9213294982910156
1748716111.4439204,46.6632290783109,2.9211108684539795
1748716111.4774978,46.67764301477212,2.9254820346832275
1748716111.511075,46.68988709059079,2.9293036460876465
1748716111.5444913,46.70558870743887,2.9306421279907227
1748716111.577952,46.71824232283866,2.9354639053344727
1748716111.6113772,46.7309747606923,2.9381232261657715
1748716111.644847,46.743703995613565,2.9414145946502686
1748716111.678252,46.7563108719954,2.9466981887817383
1748716111.7116506,46.7690387907487,2.9503331184387207
1748716111.7451012,46.785557392266035,2.9570908546447754
1748716111.7788877,46.798696487308305,2.9617867469787598
1748716111.8123045,46.811521442612936,2.964191198348999
1748716111.8457072,46.82393115144813,2.966538190841675
1748716111.879133,46.8413951764005,2.9699513912200928
1748716111.9125366,46.85417767004452,2.9741370677948
1748716111.945947,46.86690506011657,2.977545738220215
1748716111.979358,46.87961829703997,2.9770641326904297
1748716112.0144074,46.89194353704305,2.9788243770599365
1748716112.047841,46.90498883307804,2.9837284088134766
1748716112.0813208,46.91765553343586,2.987917423248291
1748716112.1147382,46.92617555894205,2.9898102283477783
1748716112.1481721,46.94274753823578,2.994720458984375
1748716112.181681,46.951721349813496,2.9982213973999023
1748716112.2150826,46.968731536644015,3.001934766769409
1748716112.24849,46.98095235108682,3.007918119430542
1748716112.281925,46.99452999680362,3.0126359462738037
1748716112.315331,47.00646378076248,3.014857292175293
1748716112.3487363,47.0192492527609,3.019101858139038
1748716112.3860376,47.02816523903668,3.0219991207122803
1748716112.4194427,47.04090697052699,3.0254836082458496
1748716112.452852,47.05361742638304,3.025533676147461
1748716112.486258,47.0663494705155,3.0259296894073486
1748716112.5196753,47.07908099851685,3.0283234119415283
1748716112.5530772,47.091856769752575,3.029184579849243
1748716112.5864809,47.10406616563257,3.032982587814331
1748716112.6198788,47.11714009672819,3.0366878509521484
1748716112.6532843,47.129862992435385,3.0399630069732666
1748716112.6866891,47.142675103235035,3.0411500930786133
1748716112.722466,47.15160655810743,3.0453572273254395
1748716112.756566,47.16402033728586,3.0485146045684814
1748716112.7899542,47.176404518119405,3.0521175861358643
1748716112.8234317,47.189657337498744,3.053257942199707
1748716112.8568323,47.19770633957953,3.056741952896118
1748716112.8903186,47.214994729888566,3.061245918273926
1748716112.923744,47.227743342192305,3.062034845352173
1748716112.957142,47.24008889705607,3.0630111694335938
1748716112.9906065,47.25283538676411,3.0662941932678223
1748716113.0240622,47.26597819231821,3.0664563179016113
1748716113.0610902,47.27443970931011,3.065753698348999
1748716113.0944946,47.29122496590793,3.068878650665283
1748716113.1278965,47.303357074284875,3.0734763145446777
1748716113.1616366,47.312227606816016,3.0753772258758545
1748716113.195586,47.32531922719202,3.0794901847839355
1748716113.2290149,47.33810506304159,3.0816433429718018
1748716113.2624452,47.350869420361505,3.0856733322143555
1748716113.2960954,47.36736795916647,3.0902259349823
1748716113.329621,47.3801213448626,3.0917129516601562
1748716113.3630207,47.39284873072786,3.094303607940674
1748716113.3990145,47.405866747402435,3.0989725589752197
1748716113.4324424,47.41799813047601,3.0991647243499756
1748716113.465928,47.43059522245885,3.0996041297912598
1748716113.4994974,47.444986568980525,3.099827766418457
1748716113.532904,47.45598996182974,3.1017463207244873
1748716113.566369,47.46862585584606,3.105997085571289
1748716113.600126,47.481350837823726,3.106874704360962
1748716113.633569,47.494044012946624,3.1071250438690186
1748716113.6670964,47.50659997405954,3.111389398574829
1748716113.7005,47.51880646030738,3.113524913787842
1748716113.7339087,47.5327236198973,3.1149702072143555
1748716113.767314,47.5449225916626,3.118320941925049
1748716113.8013968,47.55722401595078,3.1186513900756836
1748716113.8350284,47.57039030648796,3.118859052658081
1748716113.8687768,47.58267958621059,3.1217103004455566
1748716113.9022467,47.595893906998015,3.122441530227661
1748716113.9356866,47.60910612930139,3.1237967014312744
1748716113.969152,47.62146194350669,3.1221024990081787
1748716114.002682,47.6338005797139,3.120680809020996
1748716114.0360873,47.646563915759586,3.1209211349487305
1748716114.0695298,47.659677214595376,3.1248953342437744
1748716114.102997,47.67194894515618,3.1279194355010986
1748716114.1364667,47.67619083899457,3.128016710281372
1748716114.169903,47.69903132092447,3.131222724914551
1748716114.2033024,47.71172212381636,3.1345057487487793
1748716114.2367578,47.71893835034867,3.1354639530181885
1748716114.2701638,47.7316790433206,3.1363606452941895
1748716114.3036563,47.74350809759225,3.140042781829834
1748716114.337072,47.75664290307089,3.140460729598999
1748716114.370472,47.76973843925002,3.1393938064575195
1748716114.4038708,47.781991453199716,-3.140711545944214
1748716114.4372683,47.79475005008209,-3.139784574508667
1748716114.4706736,47.80280989243353,-3.135389566421509
1748716114.5040872,47.81585217703912,-3.1353092193603516
1748716114.5374777,47.82806613192013,-3.1361606121063232
1748716114.570907,47.84327004190883,-3.133991003036499
1748716114.604309,47.85557369031461,-3.1325666904449463
1748716114.6379864,47.866629394460176,-3.131633758544922
1748716114.671389,47.87935001670822,-3.1286468505859375
1748716114.7047443,47.892139295675136,-3.1270816326141357
1748716114.7382438,47.904526351439415,-3.124258041381836
1748716114.7716236,47.91734236075206,-3.1238300800323486
1748716114.8050342,47.934724666799376,-3.1248137950897217
1748716114.8384142,47.94741013596775,-3.1219024658203125
1748716114.8718436,47.95971953320216,-3.1214547157287598
1748716114.9052434,47.972893244760165,-3.121229410171509
1748716114.9387634,47.985662121070696,-3.1210203170776367
1748716114.972201,47.9980215397875,-3.1225831508636475
1748716115.005608,48.007392343222286,-3.122243881225586
1748716115.039311,48.01931780978096,-3.121243715286255
1748716115.0727105,48.03211178787952,-3.1218960285186768
1748716115.1062226,48.045303009205114,-3.121546983718872
1748716115.1396651,48.058028841450465,-3.119040012359619
1748716115.1730816,48.06654748455535,-3.1185684204101562
1748716115.2065392,48.08358039446463,-3.117579698562622
1748716115.2400281,48.09212045750653,-3.1174991130828857
1748716115.2734928,48.10491701711374,-3.1163649559020996
1748716115.306942,48.11814421733005,-3.1144678592681885
1748716115.340355,48.131831856049274,-3.1140296459198
1748716115.3738189,48.142952087699086,-3.113776683807373
1748716115.4072254,48.160068785786855,-3.114691734313965
1748716115.440634,48.173306697392015,-3.1132521629333496
1748716115.474043,48.18609459144541,-3.1123366355895996
1748716115.5089254,48.19888584684576,-3.1131279468536377
1748716115.542349,48.211683517645604,-3.1124846935272217
1748716115.5758016,48.22405668330193,-3.1115236282348633
1748716115.6093953,48.237306027522,-3.111595392227173
1748716115.6428719,48.25007824245283,-3.1087892055511475
1748716115.6762807,48.26284544986517,-3.107187509536743
1748716115.7096992,48.276065547993994,-3.1063551902770996
1748716115.7431011,48.28800886473459,-3.106085777282715
1748716115.7765577,48.296538965692605,-3.105013847351074
1748716115.8099632,48.30976165310698,-3.103991746902466
1748716115.8433657,48.32300736350334,-3.102452516555786
1748716115.876764,48.335439420343654,-3.1014997959136963
1748716115.9102042,48.34399625689595,-3.100308418273926
1748716115.9435594,48.36109710254575,-3.099057912826538
1748716115.9769585,48.36964037840945,-3.097721576690674
1748716116.0106275,48.38202991758229,-3.096614122390747
1748716116.0440361,48.39525038131109,-3.095451831817627
1748716116.0774357,48.40804958882492,-3.09419322013855
1748716116.111077,48.42469675473752,-3.093526601791382
1748716116.144483,48.437921171994724,-3.092703104019165
1748716116.1778877,48.45031650797322,-3.092961549758911
1748716116.2113442,48.459292995594154,-3.0920565128326416
1748716116.2447903,48.476367553989334,-3.091799736022949
1748716116.2782161,48.48872520268299,-3.0916292667388916
1748716116.3116295,48.50191989587064,-3.0908243656158447
1748716116.3450325,48.514713730709175,-3.0899455547332764
1748716116.3784368,48.52749670453083,-3.090430498123169
1748716116.411878,48.54451242391024,-3.0912821292877197
1748716116.4452584,48.55302186485988,-3.09014892578125
1748716116.4786592,48.56576798402151,-3.091094970703125
1748716116.5120606,48.57892261386154,-3.0922985076904297
1748716116.5455015,48.591675989791014,-3.0920469760894775
1748716116.5789862,48.604460709070054,-3.0934691429138184
1748716116.6124063,48.61641417076978,-3.093587875366211
1748716116.6458104,48.62965762637816,-3.094085454940796
1748716116.6792336,48.64247620399958,-3.095130443572998
1748716116.712655,48.656577632112075,-3.096789598464966
1748716116.7460577,48.66813065670422,-3.097193479537964
1748716116.7794585,48.68136850629368,-3.0989434719085693
1748716116.812894,48.6937533631288,-3.099905490875244
1748716116.8465357,48.71081770031593,-3.101210355758667
1748716116.879919,48.71934682182285,-3.103243827819824
1748716116.9133728,48.72789415600715,-3.103614330291748
1748716116.946783,48.74623174980091,-3.1046218872070312
1748716116.9802194,48.75774500589823,-3.106213331222534
1748716117.0136313,48.76626542892188,-3.1085686683654785
1748716117.0470965,48.77903241344394,-3.110948324203491
1748716117.0805185,48.79609030475711,-3.1109368801116943
1748716117.1139216,48.80884843635627,-3.1128203868865967
1748716117.1473243,48.82156728174157,-3.115419626235962
1748716117.180731,48.83519342339741,-3.116960048675537
1748716117.2141345,48.84797586803148,-3.119086503982544
1748716117.2475364,48.85992943153729,-3.120478630065918
1748716117.280957,48.87269284985429,-3.1223928928375244
1748716117.315366,48.88759537350232,-3.125722646713257
1748716117.3487797,48.89952781143046,-3.127833604812622
1748716117.3821964,48.91105033673359,-3.1288974285125732
1748716117.415599,48.92341341720073,-3.131295680999756
1748716117.4490144,48.93664383129912,-3.1325838565826416
1748716117.48245,48.949454064487995,-3.1335487365722656
1748716117.5158527,48.962272272417835,-3.133636236190796
1748716117.5492637,48.97508673591091,-3.134838342666626
1748716117.5826843,48.98747766663524,-3.134883403778076
1748716117.616124,49.001133557540584,-3.135554790496826
1748716117.6495614,49.013930053713054,-3.1361806392669678
1748716117.6829588,49.025882230584926,-3.1359333992004395
1748716117.7164009,49.03910870222717,-3.1369659900665283
1748716117.749811,49.0519108614312,-3.137162446975708
1748716117.7832782,49.06470616341449,-3.1374757289886475
1748716117.8168535,49.0732346903071,-3.1381444931030273
1748716117.8503165,49.08602854063594,-3.1384832859039307
1748716117.8837373,49.09839519617226,-3.138915538787842
1748716117.9173338,49.11119229705941,-3.1384737491607666
1748716117.9510312,49.12441205019853,-3.1389875411987305
1748716117.9846113,49.13848182471541,-3.140014410018921
1748716118.0180993,49.14999611579653,-3.139655113220215
1748716118.0514984,49.16705155247255,-3.140327215194702
1748716118.085663,49.17984508036393,-3.1404309272766113
1748716118.1191335,49.19263616896211,-3.141080856323242
1748716118.1530967,49.205428262346764,-3.14121150970459
1748716118.1865048,49.21779359623675,3.141538143157959
1748716118.219917,49.23101152654214,3.1412501335144043
1748716118.2534175,49.244229477034814,3.140939712524414
1748716118.2869554,49.25659391559901,3.1405296325683594
1748716118.3204842,49.26512169766624,3.1404566764831543
1748716118.3539333,49.277911521392355,3.1399075984954834
1748716118.3876545,49.294537122315866,3.139512300491333
1748716118.4211044,49.30775277990781,3.1392619609832764
1748716118.4545295,49.32054165662249,3.1390130519866943
1748716118.487947,49.33332918222112,3.138734817504883
1748716118.5213785,49.35037946506517,3.138901472091675
1748716118.554779,49.3584786033586,3.138749361038208
1748716118.588224,49.37169237195537,3.1386048793792725
1748716118.6219883,49.38490610327,3.138573169708252
1748716118.6554937,49.39726688850508,3.138192653656006
1748716118.6889102,49.40962806675264,3.138204336166382
1748716118.7222984,49.42412049538326,3.1384592056274414
1748716118.7557745,49.43562961832618,3.138199806213379
1748716118.789186,49.4479917254868,3.1381683349609375
1748716118.822591,49.46077964933651,3.1381139755249023
1748716118.8559973,49.46930505906249,3.1381425857543945
1748716118.889411,49.4820921260201,3.137822389602661
1748716118.9232101,49.49530636635006,3.13784122467041
1748716118.9566872,49.50852062877973,3.137737274169922
1748716118.990262,49.51661977283433,3.1377251148223877
1748716119.023784,49.529407309169294,3.1375625133514404
1748716119.0571847,49.542621373136306,3.1378672122955322
1748716119.0905893,49.554982200098145,3.137554168701172
1748716119.1240897,49.56777023377585,3.1374154090881348
1748716119.1575007,49.58055861723426,3.137322425842285
1748716119.190864,49.59291999386666,3.1370949745178223
1748716119.2242668,49.60655995678106,3.1372721195220947
1748716119.2606034,49.61508461291024,3.136974334716797
1748716119.2942739,49.63170906970145,3.137289524078369
1748716119.3276715,49.644497209339875,3.136962413787842
1748716119.3610811,49.65728569529524,3.136892795562744
1748716119.3949962,49.670074083398546,3.1369636058807373
1748716119.4284189,49.68243526560446,3.1369640827178955
1748716119.461829,49.69607481715752,3.137056350708008
1748716119.4952264,49.708435470780564,3.1370701789855957
1748716119.5286298,49.721222564487086,3.136981725692749
1748716119.562035,49.734009935072606,3.1371498107910156
1748716119.5954585,49.74679689022244,3.137176513671875
1748716119.628865,49.759584437887376,3.1370489597320557
1748716119.6623454,49.77194553038087,3.137176752090454
1748716119.6957521,49.785158936987,3.1369996070861816
1748716119.7291548,49.79794632955348,3.1371238231658936
1748716119.7625785,49.80604490039322,3.1373372077941895
1748716119.7961493,49.81925864257109,3.1373231410980225
1748716119.8295543,49.832045582982566,3.137385368347168
1748716119.862969,49.844833056800105,3.137392282485962
1748716119.896382,49.857619922941716,3.1375367641448975
1748716119.9298108,49.8708332357294,3.1374995708465576
1748716119.9632072,49.883194254771425,3.137739658355713
1748716119.9966938,49.89768633321314,3.13778018951416
1748716120.0300977,49.90450660924762,3.1377599239349365
1748716120.063519,49.92113010492903,3.1380302906036377
1748716120.0968769,49.93008080634755,3.1380913257598877
1748716120.130299,49.94244148497041,3.138062000274658
1748716120.1636667,49.95565511098306,3.1382570266723633
1748716120.1970696,49.96844250004942,3.138282537460327
1748716120.2304766,49.980803522120986,3.1384830474853516
1748716120.2638974,49.99828016889429,3.1384518146514893
1748716120.2973335,50.006378774165164,3.1385648250579834
1748716120.3307223,50.02385537132868,3.1386165618896484
1748716120.3641014,50.0366422064883,3.1388309001922607
1748716120.3975093,50.04985585683572,3.13895320892334
1748716120.4309115,50.06221687057833,3.1391663551330566
1748716120.4643526,50.074577431178646,3.1392483711242676
1748716120.4977593,50.08779110167521,3.1391677856445312
1748716120.53116,50.10015226288492,3.139078140258789
1748716120.5647056,50.113365323945324,3.139422655105591
1748716120.5982459,50.126578943885605,3.1395533084869385
1748716120.6316266,50.13894058944479,3.1393043994903564
1748716120.6650565,50.147465960822764,3.1394436359405518
1748716120.698524,50.16067998660306,3.13980770111084
1748716120.731929,50.173041526544885,3.1397287845611572
1748716120.7653804,50.18966651920617,3.139737606048584
1748716120.7987802,50.202881073352074,3.139911413192749
1748716120.8322175,50.21566934286895,3.140063762664795
1748716120.865621,50.22419477179733,3.139808416366577
1748716120.899332,50.2369825749624,3.140155076980591
1748716120.9327447,50.24934500907127,3.1402976512908936
1748716120.9661977,50.2625596472329,3.140094518661499
1748716120.9996169,50.27961084013987,3.140331506729126
1748716121.033022,50.292399152433795,3.1403110027313232
1748716121.0664864,50.305612786681884,3.140381097793579
1748716121.0998955,50.317973826232844,3.1405112743377686
1748716121.1333048,50.33544989782383,3.1405978202819824
1748716121.1667082,50.34781046811432,3.140676975250244
1748716121.2001088,50.36059732760412,3.140782117843628
1748716121.2335553,50.37764662932318,3.140880584716797
1748716121.266965,50.390433492455315,3.1409292221069336
1748716121.3003776,50.398958386657384,3.140969753265381
1748716121.33383,50.41558139936882,3.1410746574401855
1748716121.36724,50.42879455209447,3.141181468963623
1748716121.4006798,50.44158141519836,3.141263484954834
1748716121.434085,50.45436827668625,3.141364336013794
1748716121.467486,50.46715561679083,3.1414291858673096
1748716121.5013587,50.48377863826487,3.1414027214050293
1748716121.5347607,50.49315563966288,3.141503095626831
1748716121.5681612,50.50509087355872,3.141557216644287
1748716121.6018546,50.51446787683535,-3.1414201259613037
1748716121.6352518,50.5310913792846,-3.141439199447632
1748716121.6687787,50.54387919893248,3.141465902328491
1748716121.7021883,50.556667019879335,-3.1414389610290527
1748716121.735772,50.569455319243595,-3.141378879547119
1748716121.7692435,50.582243615046856,3.141566038131714
1748716121.8026958,50.59034269583382,-3.1415717601776123
1748716121.8361294,50.60355681660365,-3.141226291656494
1748716121.8695772,50.61634464379769,-3.1412367820739746
1748716121.9029815,50.62444371744929,-3.1414220333099365
1748716121.9364023,50.637658304584065,-3.141461133956909
1748716121.9698017,50.65001983756718,-3.1412668228149414
1748716122.0040703,50.66323395221275,-3.1412599086761475
1748716122.0379965,50.676021295326315,-3.1412479877471924
1748716122.0726533,50.693071086318554,-3.1412484645843506
1748716122.1075,50.70585842397226,-3.141423225402832
1748716122.1409268,50.719071579549954,-3.141469717025757
1748716122.1743524,50.73143263397324,-3.1413187980651855
1748716122.2077677,50.744219974499025,-3.141423225402832
1748716122.241274,50.75700779414788,-3.1413826942443848
1748716122.2752712,50.77107401187232,-3.141484498977661
1748716122.3086698,50.783008292013214,-3.141505479812622
1748716122.3420773,50.795795633822905,-3.1415538787841797
1748716122.375864,50.80858249933535,3.141554832458496
1748716122.409272,50.816254809920956,3.1415045261383057
1748716122.4426794,50.82989426281127,-3.141411304473877
1748716122.478423,50.841829018982935,-3.1415436267852783
1748716122.51184,50.85504313009514,3.141542673110962
1748716122.5452511,50.86740513464877,-3.1415810585021973
1748716122.5792434,50.88104506963425,-3.1413187980651855
1748716122.6126707,50.89340659467564,-3.141436815261841
1748716122.646076,50.906621181472524,3.1415369510650635
1748716122.6794884,50.91898414283795,-3.1415066719055176
1748716122.7129254,50.9322001798952,-3.1412079334259033
1748716122.7464023,50.94456312597046,3.141512155532837
1748716122.7797782,50.95735333549489,3.141488552093506
1748716122.8144367,50.97014498779521,-3.1413333415985107
1748716122.8478425,50.98293615316214,-3.1412787437438965
1748716122.8812485,50.99146342613504,3.141592264175415
1748716122.9147243,51.008944276892315,3.141585111618042
1748716122.9481313,51.020881904693795,-3.1413347721099854
1748716122.981548,51.0345242114568,-3.1415457725524902
1748716123.014952,51.04731346099303,-3.1415326595306396
1748716123.0483706,51.059675464671265,-3.1414883136749268
1748716123.0818477,51.07672573074763,-3.1415421962738037
1748716123.1152904,51.085250625387026,3.141550302505493
1748716123.1487296,51.09846378411742,3.141592264175415
1748716123.1821506,51.11125065627533,-3.141289234161377
1748716123.2155278,51.119348777481974,3.141568183898926
1748716123.2489333,51.13213659563371,-3.1414828300476074
1748716123.2823746,51.147482169924544,-3.1415348052978516
1748716123.3158584,51.158991111608216,-3.1415140628814697
1748716123.3492706,51.174762501548344,-3.141476631164551
1748716123.3826702,51.18754936919519,-3.141399621963501
1748716123.4161024,51.1999104222045,-3.141326427459717
1748716123.4495053,51.212697288236384,-3.141326427459717
1748716123.482888,51.22548462673767,-3.1414756774902344
1748716123.5162964,51.2386977847847,-3.1414711475372314
1748716123.5497115,51.2531902989618,-3.1413891315460205
1748716123.5831366,51.265125530959686,-3.1415584087371826
1748716123.6166139,51.27663447246526,-3.1415152549743652
1748716123.6501942,51.28942181795326,-3.141392946243286
1748716123.683622,51.30220916017627,-3.141491174697876
1748716123.717069,51.31584908555416,-3.14158034324646
1748716123.7505202,51.32821013720098,-3.141409397125244
1748716123.7839193,51.34099700332784,-3.1414623260498047
1748716123.8173196,51.35335852792193,3.1415810585021973
1748716123.8507166,51.366998455063566,-3.1415789127349854
1748716123.884119,51.37509705997344,-3.141383171081543
1748716123.9175177,51.387884401017985,-3.1415581703186035
1748716123.9510102,51.40067174320573,-3.1415114402770996
1748716123.9844599,51.41345908733737,-3.1414122581481934
1748716124.0178657,51.426245952387795,-3.1414527893066406
1748716124.0514705,51.43477084585157,3.1415863037109375
1748716124.0848885,51.44755771251054,-3.1414408683776855
1748716124.1183045,51.45991876306981,-3.141533851623535
1748716124.151741,51.47270610455108,3.1415634155273438
1748716124.1851609,51.49018171138764,-3.141437530517578
1748716124.218633,51.50339487095464,-3.1414718627929688
1748716124.2532544,51.51149347144906,3.1415281295776367
1748716124.286723,51.52854326176065,-3.1414380073547363
1748716124.3200831,51.54133109456431,-3.14125394821167
1748716124.3535576,51.554118904691556,3.1415281295776367
1748716124.3874211,51.56690672468778,-3.141526222229004
1748716124.420832,51.5801208441177,-3.1412618160247803
1748716124.454235,51.592482841241086,3.141519546508789
1748716124.4876597,51.60527114727199,3.1415090560913086
1748716124.5211213,51.61806041736954,-3.141125202178955
1748716124.554644,51.63084965986356,-3.14151668548584
1748716124.588189,51.64577180923932,3.1415443420410156
1748716124.6216035,51.6521666735276,-3.141371726989746
1748716124.6550102,51.66495640868753,-3.14135479927063
1748716124.6884193,51.67859871913156,-3.141571521759033
1748716124.7218702,51.69010861686097,-3.1415176391601562
1748716124.755273,51.70289739476337,-3.141293525695801
1748716124.7887402,51.716111983689515,-3.141343832015991
1748716124.8224013,51.7288993248494,-3.1413843631744385
1748716124.855805,51.741686667662734,-3.141439199447632
1748716124.889263,51.75447400821264,-3.14149808883667
1748716124.922773,51.76299842648683,-3.141461133956909
1748716124.9561806,51.78047403297366,-3.1414380073547363
1748716124.9896274,51.79240831421101,-3.1414337158203125
1748716125.0230632,51.80604776529508,-3.141418218612671
1748716125.0564609,51.813719599738576,-3.1413683891296387
1748716125.0898778,51.82693275850751,-3.141373634338379
1748716125.1233082,51.84355530209853,-3.1414217948913574
1748716125.1566706,51.8610309055024,-3.1415398120880127
1748716125.190142,51.869555323231594,3.141571521759033
1748716125.2235425,51.88234266576979,3.1415109634399414
1748716125.257036,51.89512953408245,3.1415817737579346
1748716125.2904568,51.907916405472015,-3.141326665878296
1748716125.3238862,51.920704223640406,-3.1414718627929688
1748716125.3572931,51.93306622500114,3.141563653945923
1748716125.3908803,51.946280814716935,3.1415188312530518
1748716125.4242947,51.95906911066118,-3.1415674686431885
1748716125.457701,51.97228227070558,-3.1415035724639893
1748716125.4911053,51.984643796515385,3.1414830684661865
1748716125.5246265,51.997431142238725,-3.1415529251098633
1748716125.5581174,52.01447999383059,-3.141232490539551
1748716125.5915465,52.023003928316456,3.141413927078247
1748716125.625147,52.03579127490462,3.141514301300049
1748716125.6585526,52.04857767240088,-3.1411073207855225
1748716125.6919603,52.06093968904329,-3.141254186630249
1748716125.7254167,52.07842053628278,3.1415395736694336
1748716125.7588208,52.09121122457598,-3.141530752182007
1748716125.792218,52.10826483349316,-3.141334295272827
1748716125.8257036,52.121054557132055,3.141528606414795
1748716125.859149,52.13384428499788,-3.1414592266082764
1748716125.8925605,52.146207244181404,-3.1414811611175537
1748716125.9260256,52.15515890773037,3.14154052734375
1748716125.959621,52.17263594618978,3.1415798664093018
1748716125.993023,52.184997475409226,3.1413395404815674
1748716126.0264359,52.19778529929771,3.1414051055908203
1748716126.059863,52.210572639507795,-3.1415042877197266
1748716126.0933945,52.22293464495128,3.1415317058563232
1748716126.126799,52.236575532630624,3.14133882522583
1748716126.1602023,52.24893801382243,3.141484022140503
1748716126.1936553,52.2621526012956,-3.1414899826049805
1748716126.2270894,52.2740887915718,-3.1415743827819824
1748716126.2605083,52.28730338647836,3.1413142681121826
1748716126.294385,52.295829235583035,3.141446352005005
1748716126.3279238,52.31288045768045,-3.1414453983306885
1748716126.3613539,52.320980014021266,-3.141589879989624
1748716126.3947985,52.33419508421664,3.141369104385376
1748716126.4281948,52.34698433839078,3.141417980194092
1748716126.461583,52.35977310982225,-3.1415417194366455
1748716126.4949827,52.368298960890684,-3.141563892364502
1748716126.5284245,52.38108726397564,3.1412646770477295
1748716126.5620275,52.39344903073716,3.1414527893066406
1748716126.595449,52.40666338105853,-3.14143443107605
1748716126.6289566,52.41945192187899,-3.14145827293396
1748716126.6634195,52.42797753294172,3.141356945037842
1748716126.6968222,52.44076607558731,3.141331434249878
1748716126.731056,52.45355460848396,-3.141561269760132
1748716126.7648747,52.46250675103039,3.1415486335754395
1748716126.7983031,52.47870586646802,3.141448497772217
1748716126.831997,52.48893640653276,-3.1415207386016846
1748716126.865561,52.50087235696505,-3.1415178775787354
1748716126.8989627,52.51366041509728,3.1414542198181152
1748716126.93237,52.52261208059748,3.1414480209350586
1748716126.96577,52.53454779305615,-3.141317844390869
1748716126.9992306,52.54733609188939,-3.141507863998413
1748716127.0326416,52.560124386351134,3.1414945125579834
1748716127.06629,52.572912920603535,3.141566276550293
1748716127.0997412,52.5861270457839,-3.141226053237915
1748716127.133155,52.59422612111799,-3.1414220333099365
1748716127.16656,52.607014415183215,-3.1414644718170166
1748716127.199973,52.61980247146927,-3.141533613204956
1748716127.23459,52.63386869144266,-3.1414830684661865
1748716127.2682312,52.64622998045713,-3.1414341926574707
1748716127.3018563,52.658164736330086,3.1415491104125977
1748716127.3352673,52.66711568544594,3.1415765285491943
1748716127.3687084,52.679476739740196,-3.141387701034546
1748716127.4021163,52.69269061187596,-3.141531229019165
1748716127.4360087,52.7050523775221,3.1414833068847656
1748716127.4694855,52.71400428048586,3.141573905944824
1748716127.5028875,52.72636676744949,-3.141298294067383
1748716127.5363076,52.73915577308969,3.1414272785186768
1748716127.5697079,52.75194478795506,3.141587734222412
1748716127.6034038,52.76047087707046,-3.14140248298645
1748716127.6368647,52.77368594275306,-3.14152455329895
1748716127.6706123,52.78647495522338,3.141453742980957
1748716127.704028,52.79500056575717,3.1414716243743896
1748716127.737918,52.80736280674257,-3.141486406326294
1748716127.771444,52.82057739748295,-3.1415576934814453
1748716127.8048632,52.83251287232714,3.1413333415985107
1748716127.838274,52.8457269883519,3.1413650512695312
1748716127.8716836,52.85851504102852,-3.1415631771087646
1748716127.9051006,52.8713030986418,3.1415348052978516
1748716127.9385245,52.87940218105285,3.1414146423339844
1748716127.9719517,52.892616529257914,-3.1415317058563232
1748716128.0054023,52.90540434914869,-3.1415224075317383
1748716128.038829,52.913929243723935,-3.1415655612945557
1748716128.0722523,52.927143119346354,3.141561985015869
1748716128.1056678,52.93950417076042,-3.1414072513580322
1748716128.139115,52.94802906983105,-3.1413938999176025
1748716128.1726234,52.96081664973436,3.1415250301361084
1748716128.2060647,52.97360495044725,-3.1415188312530518
1748716128.2394302,52.986393732889766,-3.1414008140563965
1748716128.2728336,53.00003484815963,3.1414794921875
1748716128.3062541,53.012397332099916,-3.141537666320801
1748716128.339696,53.02433328567328,-3.1413707733154297
1748716128.373313,53.037122059295186,-3.1414554119110107
1748716128.406714,53.050336885313165,3.1415421962738037
1748716128.4403198,53.05886249549643,-3.1415462493896484
1748716128.473765,53.071650794842434,-3.141387939453125
1748716128.5071683,53.08443909083211,-3.141425609588623
1748716128.541395,53.096801093796756,3.141486644744873
1748716128.574794,53.110015443156044,-3.141543388366699
1748716128.6082933,53.12280350239613,-3.14144229888916
1748716128.6417027,53.131755166230846,-3.141514301300049
1748716128.6750867,53.143690639467046,3.1414473056793213
1748716128.7084908,53.15647846014802,-3.1415607929229736
1748716128.7419257,53.16926651876344,-3.1414713859558105
1748716128.7754843,53.18205457674488,-3.141507387161255
1748716128.808919,53.195268687447715,3.141524314880371
1748716128.8431487,53.20336776647932,-3.1415631771087646
1748716128.8768885,53.21700817171619,-3.141441822052002
1748716128.910293,53.233205615542545,-3.1415293216705322
1748716128.9437058,53.24982959112774,3.1414661407470703
1748716128.9771478,53.259633600710615,3.141521453857422
1748716129.0105925,53.27199488952388,-3.1414992809295654
1748716129.044066,53.28520876253898,3.14154314994812
1748716129.0774662,53.29714376011265,3.141550302505493
1748716129.110884,53.30652124074012,-3.141409397125244
1748716129.1443121,53.31888229364922,-3.141451835632324
1748716129.1778133,53.331669633008275,3.141563892364502
1748716129.2112114,53.34530956103148,-3.141549825668335
1748716129.2446103,53.358097142422956,-3.1414949893951416
1748716129.278292,53.3653433981141,-3.1415350437164307
1748716129.311733,53.37813073999423,-3.1415765285491943
1748716129.345155,53.391344136043934,-3.1415820121765137
1748716129.3785603,53.40413124000317,-3.1415586471557617
1748716129.4122188,53.416491815194846,-3.1414246559143066
1748716129.4456966,53.42544252568949,-3.1414542198181152
1748716129.4791048,53.43822962789915,3.1415531635284424
1748716129.5125587,53.45101697136556,-3.1414685249328613
1748716129.5460107,53.46423061215438,-3.141324281692505
1748716129.579425,53.47659189561667,3.1415560245513916
1748716129.6128216,53.49406821671836,-3.1415035724639893
1748716129.646254,53.5089872648701,-3.141364812850952
1748716129.6796577,53.51921756768507,-3.1414647102355957
1748716129.7130966,53.53200538572519,3.141575574874878
1748716129.7465055,53.5405305188163,-3.1414859294891357
1748716129.7801473,53.55331857981378,-3.1414008140563965
1748716129.8135629,53.565680108400635,-3.1414761543273926
1748716129.8469787,53.578894458645514,-3.141566276550293
1748716129.8804388,53.59168180788603,-3.141235828399658
1748716129.9138544,53.604469394158265,-3.1412603855133057
1748716129.947251,53.62194571071971,-3.141317844390869
1748716129.980685,53.636437985923415,-3.141392707824707
1748716130.0141187,53.64709410019117,-3.141538143157959
1748716130.047521,53.65561923378321,-3.1414830684661865
1748716130.0809672,53.66925964541279,-3.1412603855133057
1748716130.115107,53.68076882489699,-3.141350269317627
1748716130.1485748,53.6939831739379,-3.1414387226104736
1748716130.1819718,53.70634469694819,-3.1415834426879883
1748716130.2153525,53.71955857370741,-3.1413962841033936
1748716130.2487547,53.72808371121662,-3.1412932872772217
1748716130.2821674,53.74087152696245,-3.1415793895721436
1748716130.3155727,53.748970607230184,-3.141301393508911
1748716130.348995,53.762184967777,-3.1413064002990723
1748716130.3824391,53.774973256299134,3.141592264175415
1748716130.4158447,53.783924921417295,-3.1413815021514893
1748716130.4492955,53.80012380072618,-3.1413192749023438
1748716130.482697,53.80907546012453,3.141496181488037
1748716130.5161197,53.82229028731749,-3.141547679901123
1748716130.549528,53.83507834713735,-3.141467332839966
1748716130.5829806,53.84701358105194,-3.1415035724639893
1748716130.6170506,53.85980092391748,-3.141477108001709
1748716130.6513064,53.868751874208385,-3.141387939453125
1748716130.6849642,53.88196527643337,-3.14137601852417
1748716130.7183797,53.89517842909841,3.141563653945923
1748716130.7520113,53.90711342521635,-3.141514301300049
1748716130.7854943,53.91563880112679,-3.1413357257843018
1748716130.8188925,53.928000565925785,-3.141430139541626
1748716130.8523371,53.9369522278985,-3.1415178775787354
1748716130.8857477,53.949313992044985,-3.141557455062866
1748716130.9192514,53.96210157813362,-3.1413283348083496
1748716130.952655,53.97105276457329,-3.141456365585327
1748716130.9860644,53.98384058105624,3.141584873199463
1748716131.019579,53.99662863885844,-3.1414802074432373
1748716131.0529835,54.00941670094899,-3.1413447856903076
1748716131.08644,54.017941595769244,-3.1414003372192383
1748716131.1199095,54.03499209735863,-3.1415441036224365
1748716131.1534855,54.047779678582586,-3.1414997577667236
1748716131.1868951,54.06056702558927,-3.1413283348083496
1748716131.2207463,54.07335413479782,-3.1412298679351807
1748716131.2541494,54.08187902441524,-3.141453742980957
1748716131.2875655,54.09892882684602,-3.141174077987671
1748716131.3211467,54.107453720892245,-3.141209840774536
1748716131.354526,54.120241064620636,-3.1412057876586914
1748716131.3879719,54.133028165123136,-3.141258955001831
1748716131.421424,54.150077483638704,-3.14117693901062
1748716131.4549723,54.1628645857082,-3.1412270069122314
1748716131.4883845,54.1756516871994,-3.1412365436553955
1748716131.5217862,54.19270148699687,-3.141136884689331
1748716131.5555882,54.2054888240881,-3.1412367820739746
1748716131.588993,54.21401371533299,-3.1413073539733887
1748716131.6224298,54.22637477443764,-3.1412017345428467
1748716131.65597,54.24001445652127,-3.1413042545318604
1748716131.6893883,54.2523752681167,-3.141308546066284
1748716131.7228053,54.26089992768318,-3.1412196159362793
1748716131.7562451,54.27453938288049,-3.1412267684936523
1748716131.789666,54.29073610036529,-3.1415441036224365
1748716131.823085,54.30352296543287,-3.1415786743164062
1748716131.8564882,54.320572278346454,-3.1415326595306396
1748716131.8898916,54.333359859332944,3.1415212154388428
1748716131.9267604,54.346146967996035,3.141340494155884
1748716131.9601924,54.35893408845434,3.1410725116729736
1748716131.993648,54.37214772248419,3.141092300415039
1748716132.0270946,54.38450878481836,3.140814781188965
1748716132.0605097,54.396869539260976,3.140495777130127
1748716132.093905,54.410083425791356,3.1404268741607666
1748716132.1273386,54.42244420803084,3.1400351524353027
1748716132.160785,54.439921040193035,3.1399712562561035
1748716132.1943846,54.45270881734445,3.139618396759033
1748716132.2278035,54.465495928135,3.1391096115112305
1748716132.2612388,54.47359528194657,3.1391475200653076
1748716132.294853,54.482120075530716,3.1386427879333496
1748716132.3285387,54.49490903742454,3.1390581130981445
1748716132.362053,54.508123332882995,3.1387391090393066
1748716132.395455,54.52133983762605,3.1387405395507812
1748716132.4288287,54.533276538799,3.1380882263183594
1748716132.462271,54.54649535042494,3.138620376586914
1748716132.4956908,54.559285477399726,3.1385278701782227
1748716132.529102,54.57164753521238,3.1374995708465576
1748716132.562864,54.584865164298634,3.1385626792907715
1748716132.5963159,54.59768573298053,3.1380810737609863
1748716132.6297617,54.61051597327573,3.1391382217407227
1748716132.66318,54.62333857030964,3.1391243934631348
1748716132.6967435,54.6404306494896,3.13910174369812
1748716132.7302268,54.64897149428515,3.138814687728882
1748716132.7636614,54.66131837986137,3.13901686668396
1748716132.7971401,54.674923844204,3.1403746604919434
1748716132.8305414,54.687274470509806,3.1405813694000244
1748716132.8640423,54.70006919638969,-3.140758991241455
1748716132.8974588,54.71246832383891,-3.140355348587036
1748716132.9308562,54.725719085816124,-3.1393136978149414
1748716132.9642305,54.73809343228828,-3.1374716758728027
1748716132.9976373,54.7513123673105,-3.135141372680664
1748716133.0310438,54.76374451159734,-3.133776903152466
1748716133.06471,54.77743731343095,-3.1310958862304688
1748716133.0981407,54.78981405321508,-3.1271779537200928
1748716133.131605,54.8025964400299,-3.123080015182495
1748716133.1653607,54.82002969727155,-3.119417428970337
1748716133.1987748,54.83232022409796,-3.1144707202911377
1748716133.2321975,54.84513046124232,-3.110337495803833
1748716133.2657354,54.8578650357694,-3.1052913665771484
1748716133.3023663,54.87106593075825,-3.10265851020813
1748716133.3357806,54.882991443172166,-3.097595691680908
1748716133.3692307,54.89615666455715,-3.0934135913848877
1748716133.4026375,54.90893551735786,-3.0909817218780518
1748716133.4362233,54.9216551450593,-3.0840771198272705
1748716133.4701476,54.934362553678206,-3.0785045623779297
1748716133.5035553,54.94663714354858,-3.0744247436523438
1748716133.536969,54.95942971138289,-3.069427490234375
1748716133.5703504,54.97219016054595,-3.064444065093994
1748716133.604582,54.98529859067728,-3.0581142902374268
1748716133.6379943,54.99758162115429,-3.0522677898406982
1748716133.6721392,55.006895315059666,-3.045525312423706
1748716133.705584,55.018755331345595,-3.039034366607666
1748716133.739034,55.03148833405775,-3.032569169998169
1748716133.7724469,55.04503308997479,-3.025005578994751
1748716133.8058608,55.05717621107749,-3.0162246227264404
1748716133.8393295,55.06986352437387,-3.009204149246216
1748716133.872739,55.08254646747802,-3.001072645187378
1748716133.906416,55.09478469824044,-2.9927661418914795
1748716133.9398286,55.10794459679309,-2.9854066371917725
1748716133.9754527,55.116347755588606,-2.9793288707733154
1748716134.009027,55.12894471425772,-2.96994686126709
1748716134.0424767,55.14162708447772,-2.9617228507995605
1748716134.075888,55.153905094303475,-2.953570604324341
1748716134.1093538,55.17122675829414,-2.94529128074646
1748716134.1427567,55.18374211566293,-2.931812047958374
1748716134.1761615,55.196376532130415,-2.9230494499206543
1748716134.2095704,55.20904167001967,-2.9140987396240234
1748716134.2429824,55.22166060578085,-2.904245138168335
1748716134.2813332,55.24277733355045,-2.8926146030426025
1748716134.3147376,55.25537790852755,-2.8828554153442383
1748716134.3481443,55.2684121331418,-2.8726918697357178
1748716134.3815503,55.280716903744,-2.8649141788482666
1748716134.4149768,55.29291268845227,-2.8518102169036865
1748716134.448375,55.30579832682323,-2.841201066970825
1748716134.4817717,55.31846223938761,-2.8317956924438477
1748716134.5161078,55.331123036952555,-2.825612783432007
1748716134.5495903,55.33949010075085,-2.8153443336486816
1748716134.583064,55.352121793241125,-2.8058624267578125
1748716134.61647,55.36474154186979,-2.7939326763153076
1748716134.6498737,55.37737782973193,-2.7851645946502686
1748716134.683295,55.39040344410977,-2.7751383781433105
1748716134.7167685,55.403017619774516,-2.7651281356811523
1748716134.7501702,55.41604035727325,-2.7541213035583496
1748716134.783571,55.42823886207184,-2.7436163425445557
1748716134.8171375,55.44049550826455,-2.734199285507202
1748716134.8513842,55.452684779362066,-2.723248243331909
1748716134.8849907,55.46613668798644,-2.71268630027771
1748716134.9184551,55.4825509956159,-2.7020819187164307
1748716134.951963,55.49524203807293,-2.689345359802246
1748716134.985366,55.50776016902748,-2.6774916648864746
1748716135.0188112,55.51985371899014,-2.6661059856414795
1748716135.052212,55.53376389936351,-2.6558268070220947
1748716135.0856113,55.54544775562948,-2.644523859024048
1748716135.1192694,55.55815506114635,-2.6350905895233154
1748716135.1526916,55.574789235984795,-2.6233198642730713
1748716135.186109,55.58690200603286,-2.6086277961730957
1748716135.219508,55.599911909925396,-2.5979342460632324
1748716135.2537646,55.61249469023451,-2.5862576961517334
1748716135.2871842,55.625104109982885,-2.5764832496643066
1748716135.3206036,55.637317425170835,-2.5658721923828125
1748716135.3540173,55.65038332214231,-2.554880142211914
1748716135.3874412,55.65872559264522,-2.5468666553497314
1748716135.4209216,55.67510240118462,-2.5365962982177734
1748716135.4543355,55.68349235840633,-2.524824380874634
1748716135.4880364,55.70072842048087,-2.5146584510803223
1748716135.5214376,55.71289067919383,-2.5041215419769287
1748716135.5549326,55.725862044832226,-2.492302894592285
1748716135.5883439,55.73427827953652,-2.4809322357177734
1748716135.6217833,55.74691086632215,-2.471015214920044
1748716135.655221,55.7595403375893,-2.4639718532562256
1748716135.688635,55.7725290189941,-2.4486887454986572
1748716135.7220898,55.78512901913056,-2.4380998611450195
1748716135.7554884,55.7968761832635,-2.427030563354492
1748716135.7888873,55.81034581334922,-2.416295289993286
1748716135.82231,55.82206065734887,-2.4051096439361572
1748716135.855735,55.834607165677575,-2.39727783203125
1748716135.8891134,55.84304445253757,-2.3865456581115723
1748716135.922628,55.860279674000736,-2.37563157081604
1748716135.9560466,55.87244356226486,-2.3607842922210693
1748716135.9894438,55.885448659819126,-2.349583864212036
1748716136.0229046,55.898892867347534,-2.338484764099121
1748716136.0563345,55.91065234845352,-2.3272957801818848
1748716136.0898407,55.922833050785826,-2.3165831565856934
1748716136.1232934,55.93590799150919,-2.309356927871704
1748716136.1567001,55.94839078061784,-2.29727840423584
1748716136.1901276,55.960593239257186,-2.2828848361968994
1748716136.2238455,55.97358897263763,-2.2709438800811768
1748716136.2572544,55.98629182185488,-2.2616305351257324
1748716136.2906702,55.99883545640185,-2.249704360961914
1748716136.3240767,56.01140516141679,-2.2384676933288574
1748716136.3574822,56.02441776641132,-2.22737979888916
1748716136.3908317,56.03663939808471,-2.216336727142334
1748716136.4242318,56.04961578751996,-2.2052230834960938
1748716136.457601,56.06220790152658,-2.1937267780303955
1748716136.4910026,56.074384477447545,-2.182947874069214
1748716136.5243924,56.086995755266855,-2.171901226043701
1748716136.5578394,56.099601658057914,-2.160022020339966
1748716136.591247,56.1121347143863,-2.1488027572631836
1748716136.6246622,56.124801229416825,-2.138251304626465
1748716136.6580713,56.13685624384195,-2.126340627670288
1748716136.6919873,56.14991613670286,-2.116151809692383
1748716136.725385,56.162461254861604,-2.1049880981445312
1748716136.758795,56.17633515581447,-2.093982458114624
1748716136.7921963,56.18802304054564,-2.0819947719573975
1748716136.825896,56.200266815796034,-2.0714516639709473
1748716136.8593009,56.21287586081112,-2.0601816177368164
1748716136.8927028,56.225476102173985,-2.0491604804992676
1748716136.9260602,56.238460888552865,-2.0372555255889893
1748716136.9596972,56.25060909932384,-2.0257444381713867
1748716136.9931545,56.26359016564925,-2.0147781372070312
1748716137.0265553,56.2762597663756,-2.0043563842773438
1748716137.0599604,56.28832591729824,-1.9922534227371216
1748716137.0933602,56.30093964366212,-1.98151695728302
1748716137.1267645,56.31355984326563,-1.9702390432357788
1748716137.1601682,56.32609828110641,-1.9589027166366577
1748716137.1936638,56.34285775889434,-1.9474529027938843
1748716137.2270827,56.356892556887544,-1.9344905614852905
1748716137.260492,56.368243127442234,-1.9235252141952515
1748716137.2939444,56.38118341995566,-1.9122111797332764
1748716137.3273633,56.39339069191889,-1.9016730785369873
1748716137.360773,56.410203378263176,-1.8910447359085083
1748716137.3943372,56.42358045215397,-1.878692626953125
1748716137.4282975,56.43073765717483,-1.8688722848892212
1748716137.4617057,56.44423011274328,-1.8587305545806885
1748716137.4953194,56.4563765220442,-1.847415566444397
1748716137.5291297,56.46862489732081,-1.8382571935653687
1748716137.562529,56.481585528624734,-1.8265491724014282
1748716137.5961337,56.49423322560678,-1.8167140483856201
1748716137.6321764,56.506957449540806,-1.8076403141021729
1748716137.6657352,56.51956375052817,-1.7958481311798096
1748716137.6993003,56.53645219854311,-1.7871981859207153
1748716137.7327092,56.54489399738819,-1.7774559259414673
1748716137.7661579,56.55794492508869,-1.7675601243972778
1748716137.7995648,56.57068871476594,-1.7591707706451416
1748716137.832961,56.58295716411177,-1.750516414642334
1748716137.8663366,56.595634152079235,-1.7423229217529297
1748716137.8997495,56.608720961147384,-1.7359437942504883
1748716137.933172,56.61678701190328,-1.7287734746932983
1748716137.9697347,56.629114679239116,-1.7216986417770386
1748716138.004173,56.64217437905579,-1.7158586978912354
1748716138.0377557,56.655297804681084,-1.705771565437317
1748716138.071201,56.668019730841735,-1.6985749006271362
1748716138.104653,56.676522790188265,-1.6943556070327759
1748716138.138294,56.688881065049216,-1.688605785369873
1748716138.1717417,56.705864584248786,-1.6815623044967651
1748716138.2051506,56.71869530245541,-1.6742459535598755
1748716138.2386534,56.73145095562841,-1.668542742729187
1748716138.2721233,56.74378925350711,-1.6651078462600708
1748716138.3056085,56.752741685653454,-1.6595494747161865
1748716138.3390107,56.770973183787014,-1.6536831855773926
1748716138.3731036,56.78251258927724,-1.6504065990447998
1748716138.4066296,56.79103249917349,-1.6460198163986206
1748716138.440035,56.80377675966934,-1.6414754390716553
1748716138.4735594,56.81654800410968,-1.637184500694275
1748716138.506962,56.82846095989441,-1.63209068775177
1748716138.5403655,56.840163789263904,-1.6304152011871338
1748716138.573774,56.84615899831429,-1.6289676427841187
1748716138.6072347,56.85085658056157,-1.6266894340515137
1748716138.6406617,56.85509057525983,-1.6264097690582275
1748716138.674184,56.85865431012531,-1.6255642175674438
1748716138.707563,56.86234642560282,-1.624415636062622
1748716138.741002,56.86553666905165,-1.6240839958190918
1748716138.7744567,56.86885643015917,-1.6229466199874878
1748716138.8078701,56.8721474427794,-1.6227830648422241
1748716138.8413455,56.87543222919632,-1.6214509010314941
1748716138.8747432,56.878633733276466,-1.6216179132461548
1748716138.9081626,56.881902423994006,-1.6208654642105103
1748716138.941627,56.885277163819275,-1.6205288171768188
1748716138.9750338,56.88851720133356,-1.6195639371871948
1748716139.0084352,56.89172823931401,-1.6190401315689087
1748716139.0419424,56.89375759675745,-1.6191941499710083
1748716139.0753236,56.89707957295112,-1.6185532808303833
1748716139.1087518,56.90041776370509,-1.6183035373687744
1748716139.1421812,56.90352163793338,-1.6184788942337036
1748716139.1755803,56.90672298671106,-1.6175426244735718
1748716139.2090237,56.9101830700785,-1.6170448064804077
1748716139.2424293,56.91354343195924,-1.6166038513183594
1748716139.2759142,56.91693852267214,-1.6167513132095337
1748716139.309316,56.920454280778586,-1.6164331436157227
1748716139.342723,56.92408761031532,-1.615703821182251
1748716139.376141,56.92761311812492,-1.6159486770629883
1748716139.4097424,56.92991893824523,-1.6150290966033936
1748716139.4434166,56.93447328666092,-1.615140438079834
1748716139.4769075,56.93671811958217,-1.6142852306365967
1748716139.5103607,56.94016732671227,-1.61465322971344
1748716139.543767,56.94352460387718,-1.6144620180130005
1748716139.5771854,56.94638773117154,-1.6143585443496704
1748716139.6106114,56.94970773876857,-1.6142131090164185
1748716139.6442394,56.952579092957016,-1.614052414894104
1748716139.6777453,56.955600982858435,-1.614198088645935
1748716139.711145,56.958688251149034,-1.6135694980621338
1748716139.7445416,56.961952146219026,-1.6136637926101685
1748716139.7779927,56.9646023604021,-1.6127713918685913
1748716139.811397,56.967382390237454,-1.6135138273239136
1748716139.8450909,56.97016949540463,-1.613146424293518
1748716139.8787,56.9729875520975,-1.6135503053665161
1748716139.9121835,56.975834278166865,-1.6131573915481567
1748716139.9456668,56.977724559037966,-1.6135241985321045
1748716139.9791079,56.98020802373243,-1.6128844022750854
1748716140.0125096,56.98291578836406,-1.6127407550811768
1748716140.045909,56.984714815316515,-1.612526774406433
1748716140.0796928,56.98715967540734,-1.6130115985870361
1748716140.1130989,56.98967184526107,-1.612032413482666
1748716140.1468408,56.992915917596434,-1.6116533279418945
1748716140.1803133,56.99458322686647,-1.6121042966842651
1748716140.2137766,56.99693971413169,-1.6115623712539673
1748716140.247187,56.99918065474799,-1.6112408638000488
1748716140.280637,57.00146799156859,-1.6109075546264648
1748716140.3140583,57.00369996990659,-1.6112864017486572
1748716140.3474627,57.00656934589186,-1.6104974746704102
1748716140.3808997,57.00882948104625,-1.6111059188842773
1748716140.4143236,57.01025112675871,-1.6109511852264404
1748716140.4477773,57.01230255447699,-1.6099963188171387
1748716140.4811862,57.01434538497804,-1.6101129055023193
1748716140.5145879,57.01630678815034,-1.610209584236145
1748716140.5479965,57.01830377461396,-1.609467625617981
1748716140.5814478,57.020353109253634,-1.609471082687378
1748716140.614851,57.02172111195872,-1.609131932258606
1748716140.6482892,57.024232489281225,-1.6092438697814941
1748716140.681717,57.02549851314624,-1.6093809604644775
1748716140.715116,57.02737357915983,-1.6090593338012695
1748716140.7485213,57.0292189259121,-1.6086210012435913
1748716140.781936,57.03097314050089,-1.6085342168807983
1748716140.8153694,57.03283698433521,-1.6078975200653076
1748716140.8488507,57.03462750211319,-1.6084004640579224
1748716140.8823178,57.03635318396182,-1.6071267127990723
1748716140.915976,57.03806665774505,-1.6076525449752808
1748716140.9493837,57.03937080160222,-1.6069018840789795
1748716140.9829721,57.04116852508832,-1.6070748567581177
1748716141.0165982,57.04287995700067,-1.6063703298568726
1748716141.0500023,57.044660899025864,-1.6065754890441895
1748716141.0834498,57.04626535136334,-1.6057778596878052
1748716141.1169126,57.04784857516579,-1.6062835454940796
1748716141.1503325,57.049474767412,-1.6058080196380615
1748716141.1837785,57.051526119611644,-1.6061946153640747
1748716141.217186,57.05253200305592,-1.605334758758545
1748716141.2511284,57.05456098555078,-1.6055302619934082
1748716141.2845964,57.056005282501175,-1.6054387092590332
1748716141.3180022,57.057415826929386,-1.6050128936767578
1748716141.351413,57.058800622734836,-1.6046645641326904
1748716141.3848221,57.06021453232438,-1.6047781705856323
1748716141.418224,57.061557266002566,-1.6042718887329102
1748716141.4516351,57.06283181251878,-1.6040188074111938
1748716141.4850352,57.06426184925951,-1.6039842367172241
1748716141.5184438,57.065407037933106,-1.6035189628601074
1748716141.5518801,57.06662794197467,-1.6035072803497314
1748716141.5852988,57.06790034483798,-1.6031605005264282
1748716141.6187558,57.06911453687894,-1.602726936340332
1748716141.6562018,57.06991704492073,-1.602358102798462
1748716141.6896098,57.071105091314315,-1.602447509765625
1748716141.7230434,57.072266545080254,-1.6024043560028076
1748716141.7564821,57.073405143579684,-1.602202296257019
1748716141.7899032,57.07488966008406,-1.6020444631576538
1748716141.8235054,57.07558750765023,-1.601833701133728
1748716141.856904,57.076701380166,-1.6017593145370483
1748716141.8903022,57.07776719130696,-1.6014915704727173
1748716141.9237173,57.078786928440124,-1.6014717817306519
1748716141.9571583,57.079850571142494,-1.6014271974563599
1748716141.990627,57.08087260522762,-1.6007329225540161
1748716142.024019,57.08187127740349,-1.6011942625045776
1748716142.0574286,57.08291587069417,-1.6008334159851074
1748716142.090828,57.083895786484625,-1.6005380153656006
1748716142.1241934,57.08488635310466,-1.6006463766098022
1748716142.1576574,57.085796735792044,-1.6003681421279907
1748716142.1911037,57.08673188977779,-1.6002591848373413
1748716142.2246282,57.087943465582306,-1.600054144859314
1748716142.2583485,57.088868459694254,-1.5998921394348145
1748716142.291832,57.089425976736294,-1.5996872186660767
1748716142.3252287,57.09027859536155,-1.5996407270431519
1748716142.358648,57.091605977638196,-1.5994987487792969
1748716142.3920782,57.091969200752345,-1.5993932485580444
1748716142.4254818,57.0930991294416,-1.5992807149887085
1748716142.4588537,57.09390978458268,-1.5991566181182861
1748716142.4922986,57.09472652053536,-1.598504900932312
1748716142.5257986,57.09549088279763,-1.598667025566101
1748716142.559208,57.09619925217407,-1.598459243774414
1748716142.592678,57.09663415417597,-1.5984407663345337
1748716142.6261504,57.09694596215408,-1.5984004735946655
1748716142.659556,57.09707414911319,-1.5983940362930298
1748716142.6930287,57.09714370629021,-1.5983726978302002
1748716142.7264955,57.097187079960364,-1.598364233970642
1748716142.7598996,57.09721761124101,-1.5983614921569824
1748716142.7932982,57.097236833561844,-1.5983874797821045
1748716142.8266957,57.09724179906579,-1.5983710289001465
1748716142.8601027,57.097259790408074,-1.5983853340148926
1748716142.893518,57.09726399280452,-1.5983695983886719
1748716142.926953,57.09726884331896,-1.5983737707138062
1748716142.9604058,57.097269337929525,-1.5983729362487793
1748716142.9938033,57.097275533520595,-1.5983695983886719
1748716143.0272434,57.09728383657952,-1.5983784198760986
1748716143.060714,57.097280776648,-1.5983643531799316
1748716143.094145,57.09728842183246,-1.5983794927597046
1748716143.127504,57.097285894679615,-1.5983692407608032
1748716143.160914,57.097291694030574,-1.598387598991394
1748716143.194353,57.097294145896946,-1.5983879566192627
1748716143.2277658,57.09730380334805,-1.5984032154083252
1748716143.2611952,57.097305068362914,-1.5983716249465942
1748716143.2946284,57.097312890864245,-1.5983623266220093
1748716143.328126,57.09732040076025,-1.5983673334121704
1748716143.3615263,57.09731058865764,-1.5983636379241943
1748716143.3949292,57.09731928136317,-1.598379135131836
1748716143.4283466,57.09731721094387,-1.598381519317627
1748716143.4618313,57.09732416253854,-1.598378300666809
1748716143.4952393,57.09732413319517,-1.5983768701553345
1748716143.5286412,57.09732606534329,-1.5983554124832153
1748716143.5620475,57.097331797897866,-1.5983691215515137
1748716143.5954702,57.097331801930785,-1.5983915328979492
1748716143.6288772,57.09733271898619,-1.5983930826187134
1748716143.6622713,57.09734099480877,-1.5984162092208862
1748716143.695742,57.09734000137347,-1.5984057188034058
1748716143.729095,57.09734234530969,-1.5984007120132446
1748716143.7636008,57.0973479817275,-1.5984132289886475
1748716143.797123,57.097346157021576,-1.5984071493148804
1748716143.8305292,57.09735198995226,-1.5984070301055908
1748716143.863927,57.09735193403814,-1.5984069108963013
1748716143.897463,57.097357517074876,-1.5984162092208862
1748716143.930916,57.097359271997774,-1.5984188318252563
1748716143.9643226,57.097363324031804,-1.5984017848968506
1748716143.9977672,57.097366919444724,-1.5983942747116089
1748716144.031188,57.09736868547875,-1.5983977317810059
1748716144.064587,57.09736854881972,-1.5983887910842896
1748716144.0979984,57.09737066978319,-1.5983933210372925
1748716144.1314306,57.097371628281806,-1.5983926057815552
1748716144.16481,57.09737399180982,-1.5983911752700806
1748716144.1982288,57.09738415569453,-1.5984145402908325
1748716144.2317224,57.09738034936639,-1.598402738571167
1748716144.2651434,57.09738551043255,-1.598389744758606
1748716144.2985587,57.097390660582384,-1.5983961820602417
1748716144.3319585,57.09739368198984,-1.5984115600585938
1748716144.3653576,57.097396937343525,-1.598410725593567
1748716144.3987684,57.0973956533718,-1.5984086990356445
1748716144.432144,57.09740340913775,-1.5984238386154175
1748716144.465546,57.09740710378642,-1.5984176397323608
1748716144.4992511,57.09740400589117,-1.5984126329421997
1748716144.532803,57.097408730184405,-1.5984097719192505
1748716144.5661557,57.09742042401003,-1.598422646522522
1748716144.5995598,57.09741443399489,-1.598410725593567
1748716144.6329992,57.09742230728229,-1.5984265804290771
1748716144.6664383,57.09742552664584,-1.5984162092208862
1748716144.6998353,57.097427071852486,-1.5984220504760742
1748716144.7332466,57.097433785131926,-1.598433494567871
1748716144.7666762,57.097436729399405,-1.5984324216842651
1748716144.8002346,57.0974381172105,-1.59842848777771
1748716144.8336627,57.09744433703844,-1.598442792892456
1748716144.867067,57.09744751154409,-1.5984309911727905
1748716144.9004698,57.09744651720452,-1.598423957824707
1748716144.9339051,57.09744945951174,-1.5984336137771606
1748716144.9672732,57.097457460424124,-1.5984450578689575
1748716145.0017323,57.0974590431686,-1.598454475402832
1748716145.0351431,57.09745708932753,-1.5984243154525757
1748716145.0686536,57.09747028887728,-1.5984466075897217
1748716145.1020944,57.09746630414638,-1.5984320640563965
1748716145.1354973,57.097475973798595,-1.598431944847107
1748716145.168925,57.097479324377524,-1.5984171628952026
1748716145.2023923,57.09748300850401,-1.5984054803848267
1748716145.2358143,57.09749548673387,-1.5984019041061401
1748716145.2693012,57.097492336376696,-1.598395824432373
1748716145.3027134,57.097494289819,-1.598395586013794
1748716145.3361838,57.09750478238588,-1.5984152555465698
1748716145.3697188,57.09749995328915,-1.5983977317810059
1748716145.4030712,57.097502668108724,-1.598351240158081
1748716145.436486,57.09750916435713,-1.598363995552063
1748716145.470203,57.09750547156941,-1.5983476638793945
1748716145.503932,57.0975217634209,-1.5983561277389526
1748716145.5374563,57.097514743327544,-1.5983459949493408
1748716145.6190689,57.097521109832954,-1.5986175537109375
1748716145.6524746,57.09899427050171,-1.5985389947891235
1748716145.6912394,57.10607890502995,-1.5937258005142212
1748716145.7253876,57.11603861776771,-1.592004656791687
1748716145.7588062,57.12410960673729,-1.5877392292022705
1748716145.7925954,57.13255188671146,-1.585242748260498
1748716145.8293161,57.14392936728827,-1.5817406177520752
1748716145.8660622,57.15586118113768,-1.578566074371338
1748716145.8995063,57.16493899736812,-1.5761059522628784
1748716145.932915,57.174148479044206,-1.5744507312774658
1748716145.9663284,57.18659992890776,-1.5710093975067139
1748716145.9997962,57.19631712882536,-1.5686601400375366
1748716146.037005,57.20864512878195,-1.5662295818328857
1748716146.0703857,57.21820990039029,-1.5632960796356201
1748716146.1038105,57.22817596035615,-1.5605400800704956
1748716146.1383703,57.23782795013597,-1.558394193649292
1748716146.171786,57.24724413272129,-1.556005597114563
1748716146.2056458,57.260601362383674,-1.553540587425232
1748716146.2391148,57.27008495345692,-1.5515204668045044
1748716146.2725194,57.28317992058394,-1.5483553409576416
1748716146.3059242,57.29334848570119,-1.5465909242630005
1748716146.3418922,57.30290798417901,-1.5454165935516357
1748716146.3754256,57.31618771121919,-1.543919563293457
1748716146.4091814,57.32588531155621,-1.542345643043518
1748716146.4425874,57.33766489033938,-1.5407551527023315
1748716146.4760606,57.34610887564557,-1.5391141176223755
1748716146.509586,57.36033740531918,-1.5374467372894287
1748716146.5429924,57.37020497037446,-1.5359482765197754
1748716146.576406,57.38080134021937,-1.5344949960708618
1748716146.6098082,57.390724410420354,-1.5322508811950684
1748716146.6437132,57.4047589140809,-1.531693458557129
1748716146.6791685,57.414694123981704,-1.5311241149902344
1748716146.7128398,57.424936572453724,-1.5300718545913696
1748716146.835083,57.448124056195944,-1.534246802330017
1748716146.8686314,57.449177703084565,-1.5347298383712769
1748716146.9020462,57.45041756285292,-1.5348551273345947
1748716146.9356399,57.45545183554792,-1.5357314348220825
1748716146.9690983,57.46353541128787,-1.5375961065292358
1748716147.0025084,57.47277388350496,-1.5390814542770386
1748716147.0359516,57.482724314214686,-1.5392210483551025
1748716147.06939,57.48951044651646,-1.5411933660507202
1748716147.102784,57.503310821562486,-1.5434666872024536
1748716147.1362717,57.51347573326474,-1.5442101955413818
1748716147.1697218,57.524354668298685,-1.5468125343322754
1748716147.2031226,57.53637173739403,-1.5483050346374512
1748716147.2365274,57.545225831168736,-1.550074577331543
1748716147.2700803,57.55653853383372,-1.5516202449798584
1748716147.3034863,57.566822462773914,-1.5519500970840454
1748716147.3368924,57.57743980947787,-1.5542926788330078
1748716147.370702,57.59235728987648,-1.5554375648498535
1748716147.4041727,57.59909990828381,-1.5560343265533447
1748716147.4390297,57.60901341541255,-1.5582304000854492
1748716147.4724503,57.623609549046236,-1.5587186813354492
1748716147.5060751,57.63107095830503,-1.559716820716858
1748716147.5395293,57.64493520251681,-1.561113715171814
1748716147.5732453,57.65596435804584,-1.563620924949646
1748716147.6066618,57.66273312467633,-1.5645779371261597
1748716147.6400738,57.673395734433136,-1.5652971267700195
1748716147.6734767,57.68440413146452,-1.566828727722168
1748716147.7068875,57.694702224745825,-1.5680246353149414
1748716147.7402844,57.70536478545122,-1.5695979595184326
1748716147.7762284,57.71604771240529,-1.5704745054244995
1748716147.8096275,57.72991512549329,-1.5714961290359497
1748716147.8430338,57.73738156311979,-1.5724917650222778
1748716147.8764439,57.7480308200851,-1.574061393737793
1748716147.9098556,57.75868746201382,-1.5751409530639648
1748716147.943288,57.76938020783158,-1.5746805667877197
1748716147.9766445,57.78007014274264,-1.5755044221878052
1748716148.0100753,57.79075321017942,-1.5753999948501587
1748716148.043483,57.80140626000373,-1.5776033401489258
1748716148.0768359,57.808516420520874,-1.5780352354049683
1748716148.1103528,57.81917309559578,-1.5781038999557495
1748716148.1437957,57.82982212345482,-1.5799146890640259
1748716148.1774192,57.84366851690524,-1.580958366394043
1748716148.2116616,57.85465331696355,-1.579694151878357
1748716148.2450688,57.864936425894626,-1.5810657739639282
1748716148.2784443,57.87595354122132,-1.5804044008255005
1748716148.3118563,57.88625125693813,-1.5822454690933228
1748716148.3452585,57.897283766050414,-1.5823420286178589
1748716148.3786848,57.907950905469505,-1.5831737518310547
1748716148.412106,57.918611324997805,-1.583600640296936
1748716148.4468575,57.92890858806986,-1.5828163623809814
1748716148.4803138,57.93991845370542,-1.5834717750549316
1748716148.5137305,57.95093261202252,-1.5833618640899658
1748716148.547168,57.96087922658842,-1.583382248878479
1748716148.5805848,57.97153883088837,-1.5836200714111328
1748716148.6146374,57.982559338755195,-1.584032654762268
1748716148.6481671,57.992865873851066,-1.584221601486206
1748716148.6816266,58.00389816222889,-1.5851936340332031
1748716148.715035,58.01461536127902,-1.5843483209609985
1748716148.748447,58.0257128202118,-1.5851889848709106
1748716148.7819486,58.036056095545646,-1.5848910808563232
1748716148.8153706,58.04316698735728,-1.5859861373901367
1748716148.848779,58.0538436872571,-1.586182713508606
1748716148.882176,58.06451605884729,-1.5862467288970947
1748716148.915575,58.078714619172814,-1.585484504699707
1748716148.948986,58.08935551404647,-1.5869479179382324
1748716148.9824314,58.1000287118694,-1.586978793144226
1748716149.01597,58.11069840267138,-1.5879063606262207
1748716149.0494144,58.12137969096104,-1.5883615016937256
1748716149.082818,58.12921447288247,-1.5879501104354858
1748716149.1162217,58.13918631851613,-1.5888686180114746
1748716149.1496203,58.14951320131426,-1.5890125036239624
1748716149.1830661,58.1602002565514,-1.5883431434631348
1748716149.216519,58.17091253664942,-1.5888471603393555
1748716149.249944,58.17806256370168,-1.5883135795593262
1748716149.2833476,58.189149288518486,-1.5891523361206055
1748716149.316811,58.200168647487104,-1.5889129638671875
1748716149.3502212,58.20654191030698,-1.5877857208251953
1748716149.3836286,58.217521533216974,-1.5884370803833008
1748716149.4177623,58.22812770866862,-1.5893937349319458
1748716149.451162,58.241908692691375,-1.5879807472229004
1748716149.4845896,58.25290281242286,-1.587951421737671
1748716149.5182836,58.26355900078423,-1.5876206159591675
1748716149.5517552,58.27421438022312,-1.5870729684829712
1748716149.5852935,58.28131746978832,-1.587265133857727
1748716149.6191254,58.288419932904546,-1.5867613554000854
1748716149.652576,58.299060198968235,-1.5858523845672607
1748716149.6865199,58.3129074341134,-1.5853854417800903
1748716149.7202864,58.323886993895265,-1.5838204622268677
1748716149.7564006,58.33452345958562,-1.581873893737793
1748716149.790199,58.3487714773787,-1.5815403461456299
1748716149.8236039,58.35944311926681,-1.5796945095062256
1748716149.8570464,58.37438648516066,-1.578058123588562
1748716149.8904524,58.3807826897122,-1.5767568349838257
1748716149.9238696,58.39145914244332,-1.57575261592865
1748716149.957321,58.40210306270988,-1.5733619928359985
1748716149.9907262,58.41306962629358,-1.570600152015686
1748716150.0241313,58.42371587833404,-1.5683999061584473
1748716150.0575745,58.43401297785051,-1.5659877061843872
1748716150.0914042,58.445036107797584,-1.5645709037780762
1748716150.1247737,58.4553461113511,-1.5627979040145874
1748716150.1589906,58.465981014784205,-1.5600229501724243
1748716150.1923964,58.4777154549312,-1.5590375661849976
1748716150.2258854,58.48733026213415,-1.5586408376693726
1748716150.2592874,58.49408700430551,-1.5574536323547363
1748716150.2927125,58.504760348445146,-1.5567437410354614
1748716150.3261237,58.515792382384184,-1.5554659366607666
1748716150.359531,58.52648383453159,-1.5553641319274902
1748716150.3929746,58.53716390466885,-1.554595708847046
1748716150.4263554,58.551738116840404,-1.5536575317382812
1748716150.459759,58.55849544384528,-1.5534158945083618
1748716150.4933517,58.57271290295615,-1.5525695085525513
1748716150.5267522,58.57981802470211,-1.5515556335449219
1748716150.5603771,58.59367412305087,-1.5511233806610107
1748716150.5937872,58.60113782669899,-1.5503427982330322
1748716150.6271875,58.61179623100415,-1.5499224662780762
1748716150.660693,58.62281450932241,-1.549752950668335
1748716150.6941504,58.63312528192284,-1.5493841171264648
1748716150.7275503,58.64345064345642,-1.5486623048782349
1748716150.7610781,58.65484873919597,-1.5480973720550537
1748716150.7944455,58.665865069972945,-1.5477616786956787
1748716150.8279016,58.672622918149244,-1.5476793050765991
1748716150.8613083,58.68293720720845,-1.547183871269226
1748716150.8947747,58.69361381217385,-1.5472978353500366
1748716150.928186,58.704286917302376,-1.5467889308929443
1748716150.961592,58.71495163692276,-1.5467621088027954
1748716150.9950001,58.72561285008333,-1.5467910766601562
1748716151.0284534,58.73628091521829,-1.5464972257614136
1748716151.0620246,58.750145063502316,-1.5464551448822021
1748716151.0954893,58.76116441855235,-1.5464069843292236
1748716151.1289566,58.76827216857872,-1.5465083122253418
1748716151.1632485,58.779289728539695,-1.5466526746749878
1748716151.196663,58.78923936632086,-1.5466119050979614
1748716151.230107,58.80061220547221,-1.5464298725128174
1748716151.263543,58.81091654671102,-1.5465998649597168
1748716151.2969518,58.82122130144576,-1.546821117401123
1748716151.3303447,58.83259229579353,-1.547080636024475
1748716151.3637471,58.842542572895226,-1.5471608638763428
1748716151.397156,58.85355803331614,-1.5473586320877075
1748716151.4305825,58.86030876408674,-1.5473886728286743
1748716151.4639697,58.871323812668045,-1.5474034547805786
1748716151.4975522,58.88198324738257,-1.5477327108383179
1748716151.5310388,58.89264125401799,-1.5476574897766113
1748716151.5644712,58.91111608026668,-1.5479512214660645
1748716151.5979526,58.91751207612504,-1.5476659536361694
1748716151.631716,58.92781672254765,-1.5479588508605957
1748716151.665378,58.938830451092244,-1.5483540296554565
1748716151.6987813,58.94948901434485,-1.5483938455581665
1748716151.7322087,58.96014607933364,-1.5486533641815186
1748716151.765615,58.97080225260216,-1.549202799797058
1748716151.799014,58.9818142981435,-1.5495026111602783
1748716151.8324194,58.99211547961956,-1.549812912940979
1748716151.8663945,59.002770470010546,-1.5502502918243408
1748716151.8998044,59.01023029490705,-1.5504177808761597
1748716151.93335,59.024084348493936,-1.550672173500061
1748716151.966945,59.0311878037704,-1.551103949546814
1748716152.000346,59.04219803025339,-1.5514870882034302
1748716152.033753,59.0524976998999,-1.5518022775650024
1748716152.0672948,59.063151421981885,-1.5520522594451904
1748716152.1007166,59.073805939916916,-1.552398681640625
1748716152.1353219,59.08801016910892,-1.5528206825256348
1748716152.1698701,59.098664700061846,-1.5530811548233032
1748716152.2032933,59.11251515771491,-1.5533591508865356
1748716152.2367032,59.119973333009106,-1.5537664890289307
1748716152.2701478,59.13062793051586,-1.5543146133422852
1748716152.3036268,59.141284163467375,-1.5545017719268799
1748716152.337439,59.153004476631764,-1.5548919439315796
1748716152.3713145,59.163303659225534,-1.5552411079406738
1748716152.4047241,59.173247192214305,-1.5555616617202759
1748716152.438123,59.183901278305285,-1.5558266639709473
1748716152.471524,59.19491106059479,-1.5561274290084839
1748716152.5051994,59.20201432189787,-1.556383490562439
1748716152.5386531,59.212312445930074,-1.5567092895507812
1748716152.5720553,59.222966386996454,-1.5570118427276611
1748716152.6056619,59.233619988120296,-1.5574289560317993
1748716152.6390631,59.24427484842193,-1.5576012134552002
1748716152.6725302,59.25457490513401,-1.5578609704971313
1748716152.7059922,59.265229566280105,-1.5582104921340942
1748716152.740039,59.27623809358608,-1.5585323572158813
1748716152.7734482,59.28689281912753,-1.5588165521621704
1748716152.8069668,59.29754744590174,-1.5591408014297485
1748716152.8404732,59.308201078159925,-1.5594758987426758
1748716152.8738954,59.31921048246745,-1.5598573684692383
1748716152.9072688,59.32915462308447,-1.5600355863571167
1748716152.9406853,59.33696713691254,-1.5604255199432373
1748716152.9741898,59.347264914520345,-1.560831904411316
1748716153.0076437,59.35791936769693,-1.5611134767532349
1748716153.04109,59.36857524174523,-1.56107759475708
1748716153.0751257,59.38029598491096,-1.5614680051803589
1748716153.1085808,59.3902416888999,-1.5618668794631958
1748716153.1419885,59.40054363884489,-1.561881422996521
1748716153.1754138,59.410843291200415,-1.5623071193695068
1748716153.2088523,59.42185349934758,-1.562528133392334
1748716153.242279,59.4325080250043,-1.5627750158309937
1748716153.2756891,59.44316245620579,-1.5631000995635986
1748716153.3091211,59.453816809375326,-1.5633666515350342
1748716153.3425229,59.46482729203252,-1.5634660720825195
1748716153.375957,59.47548249389541,-1.56379234790802
1748716153.40936,59.48578226544759,-1.5641106367111206
1748716153.4427614,59.496081652346774,-1.5645791292190552
1748716153.4761803,59.50673803021093,-1.5647690296173096
1748716153.5096314,59.517748169619786,-1.5649323463439941
1748716153.5430446,59.52449639203569,-1.5651085376739502
1748716153.5764115,59.53550649136695,-1.5654386281967163
1748716153.6098661,59.54616088360946,-1.5656663179397583
1748716153.643275,59.55681532782599,-1.565855622291565
1748716153.6767418,59.57173174334468,-1.5660442113876343
1748716153.7101474,59.581676609905344,-1.5664012432098389
1748716153.7436059,59.592330944321816,-1.566692590713501
1748716153.7770114,59.60334008925879,-1.5670024156570435
1748716153.8104923,59.61434916748237,-1.5673820972442627
1748716153.844296,59.62393825023142,-1.5677510499954224
1748716153.8777215,59.63494829832649,-1.5680320262908936
1748716153.911109,59.64915518482838,-1.5681357383728027
1748716153.9445841,59.659810483253885,-1.5685228109359741
1748716153.977969,59.66691349738703,-1.5684467554092407
1748716154.011376,59.677568845822954,-1.568681001663208
1748716154.0448568,59.688578016337246,-1.568910837173462
1748716154.0783534,59.69497048578775,-1.5690604448318481
1748716154.1119385,59.70633534867409,-1.5694323778152466
1748716154.1453612,59.71699074596246,-1.5694907903671265
1748716154.178785,59.72729040098823,-1.5697505474090576
1748716154.212192,59.73794577110574,-1.5699011087417603
1748716154.2456436,59.748602089408756,-1.5704119205474854
1748716154.2791004,59.759258439857106,-1.5705435276031494
1748716154.3125105,59.76991575961652,-1.570451259613037
1748716154.3459675,59.780572106584444,-1.5706900358200073
1748716154.379372,59.790873695305635,-1.5708454847335815
1748716154.4128551,59.803305794066304,-1.5708051919937134
1748716154.4462698,59.812895944325156,-1.5709596872329712
1748716154.4796734,59.82355231139241,-1.5711575746536255
1748716154.51308,59.83385390421379,-1.5711506605148315
1748716154.5465736,59.840958770121766,-1.5707544088363647
1748716154.580124,59.85161799103662,-1.5709068775177002
1748716154.6136963,59.859081469292924,-1.571466326713562
1748716154.6471355,59.87294317154018,-1.5712577104568481
1748716154.6805491,59.88360428053249,-1.5710029602050781
1748716154.7139573,59.8946182673424,-1.5711424350738525
1748716154.7474146,59.904921780437945,-1.5712381601333618
1748716154.7809348,59.91202664702543,-1.571008563041687
1748716154.8143322,59.922683002505025,-1.5711703300476074
1748716154.847741,59.93333937113018,-1.5712738037109375
1748716154.881191,59.943995724753954,-1.571152925491333
1748716154.9177177,59.955005899538826,-1.5712710618972778
1748716154.9512377,59.965305584840074,-1.571282982826233
1748716154.984778,59.9756052742366,-1.5713636875152588
1748716155.018186,59.991586959251194,-1.571420669555664
1748716155.0515919,60.00046566539824,-1.5713825225830078
1748716155.0850673,60.00756862621031,-1.5712924003601074
1748716155.1184878,60.019644054812375,-1.5713456869125366
1748716155.1519501,60.03243092759096,-1.571315884590149
1748716155.1853743,60.04344108874887,-1.5712347030639648
1748716155.218791,60.05409648911584,-1.5712177753448486
1748716155.2522216,60.06475189981809,-1.5712878704071045
1748716155.2856343,60.075407302932994,-1.57122004032135
1748716155.3190436,60.08641651214354,-1.57111394405365
1748716155.35245,60.09316470968846,-1.5710796117782593
1748716155.3858814,60.107371598145676,-1.5711100101470947
1748716155.419288,60.117670323313874,-1.5709962844848633
1748716155.4527302,60.12832572494944,-1.5709096193313599
1748716155.4861023,60.13542869208739,-1.5706818103790283
1748716155.5196214,60.14643981587769,-1.5707858800888062
1748716155.5530424,60.15709713924438,-1.5712003707885742
1748716155.5864782,60.167400639529646,-1.571090817451477
1748716155.6200433,60.17841939254836,-1.5706801414489746
1748716155.6535,60.189081485230616,-1.5710291862487793
1748716155.6869092,60.19938977101133,-1.5713099241256714
1748716155.720312,60.20649845597637,-1.57099187374115
1748716155.753724,60.21751529231925,-1.570940613746643
1748716155.7874153,60.22765095005738,-1.5711361169815063
1748716155.8208299,60.23453075581586,-1.5710910558700562
1748716155.854296,60.24001438431912,-1.570996880531311
1748716155.887728,60.24403126292389,-1.5710283517837524
1748716155.924426,60.24888070523952,-1.571000337600708
1748716155.957855,60.25228540764551,-1.5715969800949097
1748716155.9913101,60.255630246959115,-1.5710417032241821
1748716156.024777,60.258940670220674,-1.5716124773025513
1748716156.0581825,60.262333968121155,-1.5712519884109497
1748716156.091623,60.264397755988846,-1.5715725421905518
1748716156.1250863,60.267541137183706,-1.5713516473770142
1748716156.1585324,60.27089921732071,-1.5718485116958618
1748716156.1919641,60.27413703191079,-1.5718863010406494
1748716156.2253695,60.27749511311859,-1.5715876817703247
1748716156.258775,60.28062704872102,-1.5720826387405396
1748716156.292297,60.28385341921687,-1.572157621383667
1748716156.3257806,60.2872973103472,-1.5718882083892822
1748716156.359162,60.28912564370146,-1.5725667476654053
1748716156.392637,60.29249610800649,-1.572176218032837
1748716156.426086,60.29673082091012,-1.5726633071899414
1748716156.4594831,60.300083057079966,-1.5725445747375488
1748716156.4929523,60.30329810638178,-1.5730066299438477
1748716156.526337,60.306514117023475,-1.573459267616272
1748716156.5597494,60.309625048748224,-1.5733954906463623
1748716156.5931547,60.31188762049427,-1.574234127998352
1748716156.6265576,60.31545965240935,-1.574625015258789
1748716156.6600652,60.319511065001315,-1.5748188495635986
1748716156.6934662,60.322084228406894,-1.5749602317810059
1748716156.7272131,60.32755453318705,-1.576014757156372
1748716156.760631,60.33031651607284,-1.5761059522628784
1748716156.7940323,60.335770174668774,-1.5770597457885742
1748716156.8274417,60.339905652702015,-1.5781548023223877
1748716156.8608766,60.34375756166387,-1.5784803628921509
1748716156.8942926,60.347679093365784,-1.5801501274108887
1748716156.9277403,60.350280754828965,-1.5812424421310425
1748716156.9611459,60.354166070878556,-1.5810476541519165
1748716156.9945428,60.358075470733695,-1.5821768045425415
1748716157.028165,60.36167515603452,-1.5827363729476929
1748716157.0615864,60.36532675628081,-1.5831705331802368
1748716157.0949864,60.3700817227634,-1.5840460062026978
1748716157.1283772,60.373571515542466,-1.5852136611938477
1748716157.1618254,60.37701885241461,-1.58572518825531
1748716157.1952233,60.380290971548646,-1.5864030122756958
1748716157.2285705,60.38263126156957,-1.5872650146484375
1748716157.2619689,60.38607318911286,-1.5874135494232178
1748716157.2955022,60.38923254490877,-1.5891207456588745
1748716157.3289285,60.391392034164376,-1.5894140005111694
1748716157.36235,60.39465940055496,-1.5903832912445068
1748716157.395749,60.398032672274596,-1.5904483795166016
1748716157.4293566,60.400994462821124,-1.5918219089508057
1748716157.4629354,60.40422538917338,-1.5912609100341797
1748716157.4964337,60.40821897516208,-1.5920535326004028
1748716157.5298326,60.41115474094992,-1.5927343368530273
1748716157.563279,60.41309152870273,-1.5922189950942993
1748716157.5966966,60.416837279895475,-1.5932739973068237
1748716157.630246,60.41857539080315,-1.594395399093628
1748716157.6636496,60.422319260259115,-1.5946426391601562
1748716157.697093,60.42412924066862,-1.5951875448226929
1748716157.730511,60.426804225196385,-1.595466136932373
1748716157.7639117,60.42945928806949,-1.5965807437896729
1748716157.797529,60.43203206572202,-1.59592604637146
1748716157.8310866,60.434712426475635,-1.5965373516082764
1748716157.8645015,60.43727575031016,-1.5962995290756226
1748716157.8979754,60.43972287029782,-1.5975055694580078
1748716157.9314568,60.44235925341312,-1.5971378087997437
1748716157.9650912,60.444793560275855,-1.5977462530136108
1748716157.9985015,60.44712579239745,-1.5987837314605713
1748716158.0319762,60.44945785950245,-1.5991545915603638
1748716158.065476,60.45252812485677,-1.5987797975540161
1748716158.098887,60.4548896409553,-1.600027322769165
1748716158.1322932,60.45711499989777,-1.6001834869384766
1748716158.1657994,60.46001796289206,-1.5997895002365112
1748716158.199203,60.462118878481114,-1.600022315979004
1748716158.2326221,60.46419649728633,-1.600633978843689
1748716158.2664878,60.46557166972977,-1.6002830266952515
1748716158.2999275,60.468298350249604,-1.600637674331665
1748716158.3335648,60.47029600318327,-1.601407527923584
1748716158.366974,60.47293231363788,-1.6011621952056885
1748716158.4005315,60.47421229465812,-1.6016302108764648
1748716158.4339643,60.476102043187545,-1.601701259613037
1748716158.4674098,60.477349895955484,-1.601901650428772
1748716158.500836,60.47979928300731,-1.6018381118774414
1748716158.5343056,60.481000795938975,-1.6023365259170532
1748716158.5677311,60.48275379953276,-1.602683424949646
1748716158.6011732,60.484489995114856,-1.6020957231521606
1748716158.6355016,60.486142524678534,-1.6019713878631592
1748716158.6689095,60.48728936295899,-1.6028517484664917
1748716158.7025027,60.48950355032709,-1.6027923822402954
1748716158.735934,60.49113719769756,-1.602235198020935
1748716158.7693515,60.49289462305293,-1.6025584936141968
1748716158.8036044,60.49441557228819,-1.6026462316513062
1748716158.8371975,60.496394716699626,-1.6023290157318115
1748716158.870782,60.49794619995619,-1.6027934551239014
1748716158.9041748,60.49952332559333,-1.6021595001220703
1748716158.9375827,60.5010446638379,-1.6029083728790283
1748716158.971056,60.50263564774602,-1.6024380922317505
1748716159.0044808,60.50425039405492,-1.60317862033844
1748716159.0378494,60.50580772577764,-1.6026551723480225
1748716159.0713785,60.507753516551524,-1.6034208536148071
1748716159.1047869,60.509259788188736,-1.6027069091796875
1748716159.138192,60.510667788597935,-1.6031020879745483
1748716159.1715894,60.51199089586303,-1.6034342050552368
1748716159.2049549,60.513549780018685,-1.603244423866272
1748716159.2383785,60.514724569295446,-1.6033711433410645
1748716159.2718277,60.51594044623447,-1.6033540964126587
1748716159.3052638,60.517191280526916,-1.6033953428268433
1748716159.3386722,60.518398762077815,-1.603432536125183
1748716159.3720858,60.51962881233839,-1.6034694910049438
1748716159.4055321,60.52071394624089,-1.6035231351852417
1748716159.4390886,60.521898297300034,-1.603559136390686
1748716159.4725475,60.523024501935566,-1.6036131381988525
1748716159.5059597,60.52413341423924,-1.6036384105682373
1748716159.5400403,60.525187988744435,-1.603682518005371
1748716159.5734506,60.526369212405704,-1.6036198139190674
1748716159.6068575,60.52736725043555,-1.6036626100540161
1748716159.6402664,60.528403515015114,-1.6038670539855957
1748716159.6736763,60.529431146653444,-1.6037427186965942
1748716159.7071724,60.53047411695062,-1.6038209199905396
1748716159.740631,60.531432352126835,-1.6038376092910767
1748716159.7742534,60.532439462758326,-1.6039257049560547
1748716159.8081284,60.53308075578659,-1.6039252281188965
1748716159.8416896,60.53431281578418,-1.6039749383926392
1748716159.8758805,60.53524436799779,-1.6040239334106445
1748716159.909289,60.5361900267831,-1.6040393114089966
1748716159.9427333,60.53706044678665,-1.6040782928466797
1748716159.9761515,60.538239659583716,-1.6040101051330566
1748716160.0095549,60.53879056499438,-1.6041953563690186
1748716160.0431035,60.539682251410426,-1.6041423082351685
1748716160.0768833,60.540624866484826,-1.60419499874115
1748716160.1102848,60.541643442935836,-1.6042567491531372
1748716160.1436856,60.54246753979137,-1.6045711040496826
1748716160.1771307,60.543412363641586,-1.6043074131011963
1748716160.2105649,60.544123499993795,-1.6044046878814697
1748716160.2439847,60.544900248350125,-1.6043922901153564
1748716160.27742,60.54575343146946,-1.6044161319732666
1748716160.3108256,60.546089352876265,-1.604422926902771
1748716160.344238,60.546257314122435,-1.6044249534606934
1748716160.3777866,60.54634034025641,-1.6044267416000366
1748716160.411244,60.54638137627679,-1.6044272184371948
1748716160.4446425,60.54640714323524,-1.6044275760650635
1748716160.4781067,60.54641382452075,-1.6044278144836426
1748716160.511552,60.54641859661535,-1.6044279336929321
1748716160.5449553,60.5464205348603,-1.6044279336929321
1748716160.578349,60.54642151880249,-1.6044279336929321
1748716160.611755,60.546422457445146,-1.6044280529022217
1748716160.6451733,60.54642248724747,-1.6044280529022217
1748716160.678578,60.54642248724747,-1.6044280529022217
1748716160.7120264,60.54642251704979,-1.6044280529022217
1748716160.7454362,60.54642251704979,-1.6044280529022217
1748716160.7788842,60.54642251704979,-1.6044280529022217
1748716160.8122914,60.54642352946958,-1.604421854019165
1748716160.8457,60.546427074050804,-1.6043832302093506
1748716160.8793223,60.546429259449326,-1.604388952255249
1748716160.9127696,60.546430259327785,-1.6043891906738281
1748716160.9462276,60.546432109647306,-1.6043894290924072
1748716160.9799345,60.54643307669301,-1.604390263557434
1748716161.013341,60.54643414577584,-1.6043901443481445
1748716161.0467563,60.546435044413265,-1.6043907403945923
1748716161.0801556,60.546436863239165,-1.6043908596038818
1748716161.113632,60.546437957897226,-1.6043915748596191
1748716161.1470497,60.546439829042484,-1.6043912172317505
1748716161.1804926,60.54644069456482,-1.6043915748596191
1748716161.2139125,60.546442617239876,-1.6043916940689087
1748716161.2473168,60.54644394912919,-1.604392647743225
1748716161.280763,60.546444868005786,-1.6043925285339355
1748716161.3141863,60.5464467981235,-1.6043928861618042
1748716161.3476367,60.546447728922296,-1.6043931245803833
1748716161.3810441,60.546448486828574,-1.6043933629989624
1748716161.4144418,60.54645031824476,-1.604393720626831
1748716161.448005,60.54645136847339,-1.6043939590454102
1748716161.4814126,60.54645325223009,-1.6043933629989624
1748716161.5148153,60.546454326802234,-1.6043933629989624
1748716161.548224,60.54645531988906,-1.6043952703475952
1748716161.5816524,60.54645721046133,-1.6043941974639893
1748716161.6150723,60.54645952339224,-1.604394793510437
1748716161.6485205,60.54646049097059,-1.604394793510437
1748716161.6823363,60.54646142260737,-1.6043950319290161
1748716161.715867,60.54646336377349,-1.6043957471847534
1748716161.7493484,60.54646422079888,-1.6043962240219116
1748716161.7827601,60.54646523815911,-1.6043962240219116
1748716161.8161614,60.54646715006949,-1.6043967008590698
1748716161.8495727,60.546468166000636,-1.6043970584869385
1748716161.8829708,60.54647023382432,-1.6043965816497803
1748716161.916404,60.54647129477654,-1.6043975353240967
1748716161.949807,60.54647238463841,-1.6043977737426758
1748716161.9833443,60.54647437497955,-1.6043974161148071
1748716162.0167642,60.54647646029463,-1.6043983697891235
1748716162.0501301,60.5464775636159,-1.604398250579834
1748716162.0837877,60.54647841809624,-1.6043990850448608
1748716162.1171975,60.54648060108858,-1.6043990850448608
1748716162.1506476,60.54648157108582,-1.6043989658355713
1748716162.1840634,60.546483451283,-1.6043996810913086
1748716162.2176158,60.54648441535406,-1.6044000387191772
1748716162.2510855,60.54648638117498,-1.6044002771377563
1748716162.284533,60.546487207593245,-1.604400396347046
1748716162.3179302,60.54648904343305,-1.6044005155563354
1748716162.3513775,60.546490106965365,-1.6044012308120728
1748716162.3847816,60.54649124122495,-1.6044013500213623
1748716162.4182487,60.54649299979761,-1.604401707649231
1748716162.451654,60.54649506562653,-1.6044014692306519
1748716162.485089,60.54649612709874,-1.6044020652770996
1748716162.5184937,60.54649816451031,-1.6044021844863892
1748716162.551886,60.5464992140481,-1.6044028997421265
1748716162.5859377,60.54650129936368,-1.6044031381607056
1748716162.6193733,60.546502402684816,-1.604403018951416
1748716162.6527495,60.54650323924595,-1.6044038534164429
1748716162.6861548,60.54650538383662,-1.6044038534164429
1748716162.719701,60.546507454678554,-1.6044037342071533
1748716162.7531083,60.54650837476189,-1.6044044494628906
1748716162.7864983,60.54651019861005,-1.6044044494628906
1748716162.8199048,60.5465112843669,-1.6044045686721802
1748716162.853316,60.546512179665335,-1.604405164718628
1748716162.8867357,60.546513986096095,-1.6044055223464966
1748716162.9201448,60.54651490036911,-1.6044059991836548
1748716162.953542,60.54651589134046,-1.6044059991836548
1748716162.986961,60.546517678688495,-1.6044061183929443
1748716163.0204525,60.546518668616166,-1.6044068336486816
1748716163.05386,60.54652052054265,-1.6044068336486816
1748716163.0872748,60.5465218035525,-1.6044071912765503
1748716163.1207445,60.5465227594539,-1.6044073104858398
1748716163.154156,60.54652464036597,-1.604407548904419
1748716163.1876493,60.54652580504752,-1.6044076681137085
1748716163.2210908,60.54652766657471,-1.6044083833694458
1748716163.254498,60.54652869248625,-1.6044083833694458
1748716163.3495226,60.546532675277206,-1.6044092178344727
1748716163.3829286,60.54672593742217,-1.6047332286834717
1748716163.4163344,60.55036156738366,-1.602794885635376
1748716163.4498863,60.55677517874144,-1.601300597190857
1748716163.4940712,60.570382104975124,-1.5977635383605957
1748716163.5275087,60.579577676009336,-1.5948734283447266
1748716163.5618048,60.591564889768385,-1.592348575592041
1748716163.5968323,60.601019219246936,-1.5897555351257324
1748716163.6302428,60.61376583245576,-1.5876944065093994
1748716163.6655955,60.623398641778266,-1.5854480266571045
1748716163.6994078,60.633722091883165,-1.581480622291565
1748716163.7328136,60.647395544539904,-1.5803064107894897
1748716163.767689,60.65587601433118,-1.5772167444229126
1748716163.8011484,60.665630731749914,-1.5747483968734741
1748716163.834715,60.67876437176639,-1.5728341341018677
1748716163.8681197,60.68870011205349,-1.5702873468399048
1748716163.901523,60.698960967882314,-1.5683743953704834
1748716163.9349868,60.71229697130856,-1.5672155618667603
1748716163.9717495,60.72235378754109,-1.565757393836975
1748716164.0051742,60.73208411689902,-1.562964916229248
1748716164.0385795,60.741846541142834,-1.561838150024414
1748716164.0724235,60.755744343585754,-1.5601043701171875
1748716164.1058712,60.76658618665303,-1.5583045482635498
1748716164.1393352,60.77648217036717,-1.5557949542999268
1748716164.1730382,60.790106081644865,-1.553233027458191
1748716164.2064717,60.80031734621323,-1.552699089050293
1748716164.2410445,60.81015251819942,-1.5506118535995483
1748716164.2796698,60.82381576470564,-1.5516018867492676
1748716164.3130496,60.834385877503294,-1.550594687461853
1748716164.346451,60.84463401268526,-1.5485097169876099
1748716164.3802419,60.85811126168293,-1.5473283529281616
1748716164.4136832,60.86923947097184,-1.5466734170913696
1748716164.4470484,60.87962123068064,-1.5494393110275269
1748716164.4804854,60.889318168753796,-1.5511168241500854
1748716164.5139136,60.89974921065321,-1.553575038909912
1748716164.547421,60.910206890966094,-1.5548763275146484
1748716164.5808403,60.917159627734684,-1.5564247369766235
1748716164.6142473,60.927580782963716,-1.5583689212799072
1748716164.647653,60.938035804987315,-1.5593664646148682
1748716164.6811147,60.94847598367539,-1.561092495918274
1748716164.714511,60.95890146869276,-1.5630046129226685
1748716164.7480824,60.969294185550744,-1.565938115119934
1748716164.7815278,60.979757922897235,-1.5660544633865356
1748716164.8149421,60.99019139589977,-1.5668145418167114
1748716164.848392,61.00094572893591,-1.5680744647979736
1748716164.881795,61.01102338032575,-1.5693800449371338
1748716164.9153094,61.017982776068514,-1.5699294805526733
1748716164.948868,61.031885151019324,-1.5721838474273682
1748716164.9822648,61.042013102588314,-1.5732216835021973
1748716165.0157435,61.05421543452751,-1.5752880573272705
1748716165.0491433,61.063303451228684,-1.5758076906204224
1748716165.0825398,61.075506834199395,-1.5768485069274902
1748716165.1159024,61.084217433033274,-1.5781413316726685
1748716165.1495433,61.09815080240369,-1.5798282623291016
1748716165.1829524,61.1089317557495,-1.581392526626587
1748716165.216353,61.11903888061046,-1.581075668334961
1748716165.2497551,61.12910299216982,-1.5839778184890747
1748716165.2838717,61.139879326888064,-1.5848737955093384
1748716165.3173203,61.15239124701044,-1.5858464241027832
1748716165.35073,61.1607795856778,-1.5851571559906006
1748716165.384294,61.17160793065342,-1.5871518850326538
1748716165.417656,61.18140371418149,-1.5876613855361938
1748716165.451288,61.19258850625327,-1.5892105102539062
1748716165.4846861,61.202724310083276,-1.5875134468078613
1748716165.5180895,61.212837969089804,-1.5885027647018433
1748716165.5515082,61.223648002868806,-1.5886690616607666
1748716165.5849426,61.233765163644605,-1.5897947549819946
1748716165.6183796,61.24875117651847,-1.5905349254608154
1748716165.6517887,61.25501944094329,-1.591233491897583
1748716165.6852462,61.26545885934574,-1.5920897722244263
1748716165.718663,61.27940350444287,-1.5912864208221436
1748716165.7521155,61.28986492131911,-1.592226505279541
1748716165.7855184,61.30032072529305,-1.5926246643066406
1748716165.8189442,61.310427690578486,-1.5934330224990845
1748716165.852354,61.32123787809049,-1.593187928199768
1748716165.885765,61.331692210643624,-1.5934263467788696
1748716165.9191692,61.342150631903685,-1.593869686126709
1748716165.9526029,61.352613297664426,-1.5934351682662964
1748716165.9860203,61.36272228151301,-1.5940066576004028
1748716166.0194368,61.37665817853366,-1.5940791368484497
1748716166.0528579,61.38746093353116,-1.5940251350402832
1748716166.086289,61.39790044865802,-1.5953304767608643
1748716166.1197078,61.40832932066635,-1.595406174659729
1748716166.153128,61.418756163386114,-1.5946755409240723
1748716166.186673,61.42921391887722,-1.595333456993103
1748716166.2201056,61.439699730654986,-1.5951130390167236
1748716166.253517,61.45017449807196,-1.5942054986953735
1748716166.2872279,61.46098595087257,-1.5943413972854614
1748716166.3206344,61.471094456417575,-1.5942093133926392
1748716166.3540685,61.47806528688977,-1.594003677368164
1748716166.3876016,61.488173603413586,-1.594252347946167
1748716166.4210093,61.49899795390924,-1.5933202505111694
1748716166.4544451,61.50944989218795,-1.5941107273101807
1748716166.487856,61.519881845697604,-1.5945172309875488
1748716166.521215,61.53032345201712,-1.5943710803985596
1748716166.5546649,61.5407713692001,-1.594476342201233
1748716166.5880706,61.55155122135135,-1.5944666862487793
1748716166.6214986,61.56129851549457,-1.5932930707931519
1748716166.654964,61.57212089165421,-1.5934581756591797
1748716166.6883738,61.582584767558906,-1.5933619737625122
1748716166.721848,61.59305228342637,-1.5927578210830688
1748716166.755336,61.603869865824024,-1.593164086341858
1748716166.7891588,61.613643360391855,-1.5925413370132446
1748716166.8225615,61.624119415246724,-1.592515230178833
1748716166.855929,61.63493441172422,-1.5920186042785645
1748716166.889309,61.645389533161236,-1.5917556285858154
1748716166.9263446,61.653055230905466,-1.5913119316101074
1748716166.9597776,61.66628816646703,-1.5908701419830322
1748716166.9932232,61.67673910544067,-1.5902162790298462
1748716167.026623,61.683359928816344,-1.589792251586914
1748716167.0600598,61.694143940506464,-1.5892047882080078
1748716167.0934656,61.70459383830171,-1.5889487266540527
1748716167.1268733,61.71504060992674,-1.5881108045578003
1748716167.1602938,61.72862518633493,-1.587022304534912
1748716167.197905,61.73977905466707,-1.5863887071609497
1748716167.2315445,61.74672986666923,-1.5849839448928833
1748716167.2650807,61.756773361068305,-1.582708716392517
1748716167.298482,61.7671809670972,-1.5829105377197266
1748716167.331898,61.77759898630823,-1.5815579891204834
1748716167.3653066,61.78867633744519,-1.5796959400177002
1748716167.398803,61.80187804438208,-1.5776952505111694
1748716167.4321797,61.811995899446245,-1.5768660306930542
1748716167.4655843,61.81929447051615,-1.573723554611206
1748716167.4991055,61.829759885435315,-1.572359323501587
1748716167.5325243,61.840207642380015,-1.5701360702514648
1748716167.5663657,61.85061889178978,-1.566986083984375
1748716167.5997658,61.86144028372381,-1.565674901008606
1748716167.633144,61.87154303407079,-1.5639406442642212
1748716167.6672873,61.882004338673816,-1.562366008758545
1748716167.7007647,61.892123187389046,-1.5608052015304565
1748716167.7345042,61.90327287654647,-1.5592632293701172
1748716167.7679195,61.91372912148458,-1.558348536491394
1748716167.8013258,61.9269726460867,-1.55777907371521
1748716167.8348155,61.937768876222606,-1.5563157796859741
1748716167.8707294,61.94821790054168,-1.5562883615493774
1748716167.904178,61.95518442509064,-1.5558456182479858
1748716167.9381123,61.96563030468586,-1.55494225025177
1748716167.9716299,61.976768739579185,-1.5545145273208618
1748716168.0050428,61.98616550137933,-1.5538307428359985
1748716168.0384796,61.99695320430097,-1.5531058311462402
1748716168.0719285,62.0070450283592,-1.5524450540542603
1748716168.1053421,62.017832536412755,-1.5517898797988892
1748716168.1387823,62.031752224660636,-1.5512499809265137
1748716168.1725876,62.04219268412459,-1.5511277914047241
1748716168.2062716,62.05298059452632,-1.550885796546936
1748716168.239677,62.059940038563866,-1.5506137609481812
1748716168.2731092,62.069683379171614,-1.5502198934555054
1748716168.3071785,62.080469935254435,-1.549594759941101
1748716168.340584,62.09160528175799,-1.5495328903198242
1748716168.373991,62.10134691200512,-1.5489513874053955
1748716168.4073925,62.1114369062423,-1.5488311052322388
1748716168.4407642,62.1225699416576,-1.5491371154785156
1748716168.4742773,62.1330075529614,-1.5486676692962646
1748716168.5077307,62.14309813733859,-1.5486235618591309
1748716168.541136,62.15353667677379,-1.5484611988067627
1748716168.5745323,62.16432285495666,-1.5485851764678955
1748716168.6080115,62.17476025966081,-1.5482981204986572
1748716168.6414952,62.18485015932113,-1.5482734441757202
1748716168.676215,62.19528689910127,-1.548281192779541
1748716168.709619,62.205723476927474,-1.548248052597046
1748716168.7438223,62.216159405836805,-1.548474669456482
1748716168.7772245,62.22624733077784,-1.5481973886489868
1748716168.810754,62.23703112850445,-1.5483840703964233
1748716168.8441553,62.243640585098866,-1.5486135482788086
1748716168.8775632,62.254077179520465,-1.5485644340515137
1748716168.9109764,62.26451382441437,-1.5485832691192627
1748716168.9443793,62.27529801545908,-1.5486489534378052
1748716168.9777658,62.28573425343002,-1.5488003492355347
1748716169.0112715,62.2961691415607,-1.5488827228546143
1748716169.044679,62.30312593779175,-1.549156665802002
1748716169.0780687,62.313213560203394,-1.5495305061340332
1748716169.1114788,62.32364920342436,-1.549631953239441
1748716169.1448364,62.334432445146156,-1.5499253273010254
1748716169.1782382,62.34834601114517,-1.5500656366348267
1748716169.2116492,62.35495471914757,-1.550426721572876
1748716169.2450507,62.369215453262534,-1.5506503582000732
1748716169.2785323,62.37617207821375,-1.5508503913879395
1748716169.3119395,62.38973635591531,-1.5510398149490356
1748716169.3453636,62.40051827050731,-1.551308512687683
1748716169.3791175,62.41095296347638,-1.5515384674072266
1748716169.4125793,62.421040225872,-1.551619291305542
1748716169.4460487,62.43182250906848,-1.5518330335617065
1748716169.479515,62.44225696707304,-1.5520395040512085
1748716169.5129323,62.455821853632656,-1.5522027015686035
1748716169.5464334,62.46625630072878,-1.552226185798645
1748716169.5798373,62.4773866075097,-1.5526694059371948
1748716169.6132357,62.48747301737159,-1.5528838634490967
1748716169.6466508,62.49825582467586,-1.553189754486084
1748716169.6800954,62.50486409489319,-1.553358793258667
1748716169.713541,62.51529885496474,-1.5536937713623047
1748716169.7469563,62.525733616802,-1.5538854598999023
1748716169.7806284,62.536168292041204,-1.554265022277832
1748716169.8141625,62.5466034008226,-1.5543646812438965
1748716169.847573,62.55703803756266,-1.5548611879348755
1748716169.8810596,62.567124589385884,-1.5551753044128418
1748716169.9146833,62.577558928697584,-1.555400013923645
1748716169.9480886,62.58834090393289,-1.555680513381958
1748716169.9815068,62.60051366350338,-1.5560412406921387
1748716170.0150018,62.61268665213184,-1.5565171241760254
1748716170.0484068,62.623121338580226,-1.5567430257797241
1748716170.0818172,62.633208031235085,-1.5568548440933228
1748716170.1158888,62.64016484681798,-1.5572165250778198
1748716170.1493235,62.65094745921064,-1.5577170848846436
1748716170.1827812,62.66103564736475,-1.5577610731124878
1748716170.216179,62.67529715247813,-1.5581721067428589
1748716170.249666,62.682254430705235,-1.5584595203399658
1748716170.2831407,62.6923415792785,-1.558821439743042
1748716170.3167524,62.703124390095695,-1.559220552444458
1748716170.350191,62.71390654064172,-1.5596224069595337
1748716170.38357,62.72399448291783,-1.5597634315490723
1748716170.416971,62.73408074296048,-1.5602009296417236
1748716170.4503908,62.7448648429661,-1.5602786540985107
1748716170.4839518,62.75530020419474,-1.5607916116714478
1748716170.5173533,62.765389140514046,-1.5612045526504517
1748716170.5507855,62.776173903695266,-1.5613620281219482
1748716170.584192,62.78313107340922,-1.561597228050232
1748716170.6176083,62.79530598967528,-1.5620296001434326
1748716170.6510372,62.8040027098151,-1.562178373336792
1748716170.6844456,62.814090917542394,-1.562303900718689
1748716170.7179205,62.82452701692145,-1.5624887943267822
1748716170.7513287,62.83496255382338,-1.5628437995910645
1748716170.784759,62.845745971023845,-1.5629990100860596
1748716170.8181622,62.85270254812986,-1.563178300857544
1748716170.8515856,62.863137195078934,-1.5633968114852905
1748716170.885039,62.873571931263704,-1.5635805130004883
1748716170.9184923,62.887484150027,-1.5638258457183838
1748716170.9521608,62.898265457728,-1.5640588998794556
1748716170.9859273,62.90835158302732,-1.5642966032028198
1748716171.0193238,62.91982900438991,-1.5646076202392578
1748716171.052739,62.929914983593385,-1.5649441480636597
1748716171.086146,62.94347927984446,-1.5654747486114502
1748716171.1195526,62.95356630978722,-1.565700650215149
1748716171.1530752,62.964001278796125,-1.5659434795379639
1748716171.1872272,62.974435797616245,-1.566270112991333
1748716171.2206511,62.981740509214376,-1.5663554668426514
1748716171.2540731,62.991827508643105,-1.5665603876113892
1748716171.2874901,63.006088158818706,-1.567002296447754
1748716171.3208933,63.01617457257615,-1.5672757625579834
1748716171.3543093,63.02626206568978,-1.5674463510513306
1748716171.3877363,63.040870813949546,-1.5677368640899658
1748716171.4211476,63.05095832219334,-1.5679692029953003
1748716171.4545515,63.06139277924525,-1.5683907270431519
1748716171.48843,63.07148071259321,-1.5685429573059082
1748716171.5219398,63.08261249393818,-1.5685899257659912
1748716171.555364,63.09270039470636,-1.5688908100128174
1748716171.588856,63.10313593996732,-1.569006085395813
1748716171.6223283,63.11009297366629,-1.5692108869552612
1748716171.6557336,63.12470180178038,-1.5693467855453491
1748716171.6891394,63.13409310665825,-1.5694026947021484
1748716171.7225633,63.14174535509791,-1.5696853399276733
1748716171.7559667,63.15148426366563,-1.5697296857833862
1748716171.7893708,63.16226657507999,-1.5694305896759033
1748716171.8227735,63.17235312787869,-1.5696390867233276
1748716171.8562407,63.18313337280961,-1.5703047513961792
1748716171.8896804,63.193220875693044,-1.5702357292175293
1748716171.9230893,63.20400505338754,-1.5700397491455078
1748716171.956632,63.21409396637448,-1.5701850652694702
1748716171.9900408,63.225574305268005,-1.5701079368591309
1748716172.0235121,63.23531513137757,-1.5702389478683472
1748716172.0572147,63.24575120440327,-1.5700750350952148
1748716172.0911264,63.256187723731394,-1.5703133344650269
1748716172.1245308,63.26349239900253,-1.570173978805542
1748716172.1579866,63.273580370826934,-1.5702232122421265
1748716172.191401,63.284015487828434,-1.5700985193252563
1748716172.2248273,63.2947991493825,-1.5702766180038452
1748716172.2589922,63.30245192381249,-1.5700503587722778
1748716172.2923968,63.31532222460817,-1.5703182220458984
1748716172.3258123,63.32227931499507,-1.5698403120040894
1748716172.359216,63.333760134299936,-1.5702075958251953
1748716172.3926249,63.339326722436596,-1.5701736211776733
1748716172.4260778,63.35046041646363,-1.5700244903564453
1748716172.459574,63.36089789311385,-1.5701863765716553
1748716172.4929767,63.37098682882049,-1.570019245147705
1748716172.5263743,63.381423833629164,-1.570189356803894
1748716172.5626674,63.392208004400196,-1.5700385570526123
1748716172.596274,63.398636240219766,-1.5701490640640259
1748716172.6297321,63.40616309948255,-1.57035493850708
1748716172.6631734,63.411378283004396,-1.5700656175613403
1748716172.6966429,63.41595781813324,-1.570329189300537
1748716172.7300556,63.41945256650077,-1.570128321647644
1748716172.7634368,63.4230455802751,-1.5705747604370117
1748716172.7969139,63.42639018563497,-1.5702688694000244
1748716172.8303132,63.42857696562435,-1.5703905820846558
1748716172.8637393,63.4319296083924,-1.5706167221069336
1748716172.8972914,63.435472032406224,-1.5706981420516968
1748716172.9308643,63.43825297384155,-1.570873498916626
1748716172.9643445,63.44039016916257,-1.570707082748413
1748716172.9977565,63.4435907265219,-1.5710567235946655
1748716173.031163,63.44679176103969,-1.5711658000946045
1748716173.0645669,63.449884530688145,-1.5711350440979004
1748716173.0979426,63.45318950067198,-1.5712530612945557
1748716173.131345,63.45638766288871,-1.5713857412338257
1748716173.1647792,63.45958441162396,-1.5716416835784912
1748716173.198188,63.46288938242737,-1.5716336965560913
1748716173.23165,63.46491452340328,-1.5718276500701904
1748716173.2650523,63.46928290681487,-1.5721651315689087
1748716173.2984502,63.47343998499113,-1.5720685720443726
1748716173.331956,63.47663393561724,-1.5724639892578125
1748716173.3653426,63.47993613152479,-1.5727869272232056
1748716173.398782,63.48312972205574,-1.573215365409851
1748716173.4321945,63.486222585395595,-1.5733695030212402
1748716173.4655976,63.48958503196861,-1.5741344690322876
1748716173.4990008,63.4931330039821,-1.5745083093643188
1748716173.5324082,63.49663365577547,-1.574811577796936
1748716173.5658107,63.50038386394615,-1.575002908706665
1748716173.5992112,63.502905387218306,-1.5759001970291138
1748716173.632568,63.507552200331205,-1.576190710067749
1748716173.666035,63.509892828425926,-1.5778063535690308
1748716173.6994143,63.513427678579525,-1.5779260396957397
1748716173.7328265,63.51696416776418,-1.5792851448059082
1748716173.766251,63.52046702230185,-1.5790833234786987
1748716173.799638,63.523842202431666,-1.5800180435180664
1748716173.8332388,63.527149994493776,-1.58029305934906
1748716173.8666675,63.53028630866543,-1.5813863277435303
1748716173.9002202,63.53351062146769,-1.5814815759658813
1748716173.9336278,63.53673820210491,-1.5827851295471191
1748716173.9670267,63.53972033813119,-1.5836360454559326
1748716174.0004318,63.54185745095763,-1.5838512182235718
1748716174.0338473,63.54487049954401,-1.5842962265014648
1748716174.0675688,63.54770240734685,-1.5855146646499634
1748716174.1009696,63.55070565091581,-1.5857073068618774
1748716174.1343753,63.553554467001,-1.5860332250595093
1748716174.1677787,63.556351411580565,-1.5865890979766846
1748716174.2025049,63.559078412894465,-1.5878548622131348
1748716174.235912,63.560923064682896,-1.5875601768493652
1748716174.2694595,63.563650259591476,-1.5887911319732666
1748716174.303047,63.566398989243226,-1.589908480644226
1748716174.3365471,63.568957959909156,-1.5897369384765625
1748716174.3699486,63.571982298358705,-1.5904611349105835
1748716174.4033577,63.57426936203104,-1.590994119644165
1748716174.4372532,63.576613919803265,-1.591692328453064
1748716174.4706876,63.57909717374713,-1.5921604633331299
1748716174.504094,63.58072529639635,-1.5919103622436523
1748716174.5375128,63.58311245312112,-1.5931264162063599
1748716174.5709631,63.58550099454353,-1.593314528465271
1748716174.607787,63.58786263824537,-1.593250036239624
1748716174.6411939,63.59016643026031,-1.593739628791809
1748716174.6748986,63.592431346307606,-1.5941436290740967
1748716174.708503,63.59466266430261,-1.5947511196136475
1748716174.7420287,63.597172856159034,-1.5946515798568726
1748716174.775537,63.59901306636699,-1.5956155061721802
1748716174.809101,63.60130914244559,-1.5951297283172607
1748716174.8425078,63.602691126273115,-1.5958926677703857
1748716174.8759282,63.60493399695879,-1.5958387851715088
1748716174.9093378,63.607037447999645,-1.5968412160873413
1748716174.9427423,63.609049220906535,-1.5967247486114502
1748716174.9761212,63.61114653198298,-1.597503900527954
1748716175.0095854,63.61358242969411,-1.5974935293197632
1748716175.04301,63.61458505540255,-1.5982757806777954
1748716175.076738,63.616473880091284,-1.5989512205123901
1748716175.1101344,63.61906225953769,-1.5988717079162598
1748716175.1439075,63.620839533135936,-1.5987380743026733
1748716175.1773696,63.62268009358175,-1.5991638898849487
1748716175.210781,63.62436888143677,-1.5992344617843628
1748716175.244267,63.62556586640245,-1.6001864671707153
1748716175.2776954,63.62789254931545,-1.5993640422821045
1748716175.3143032,63.62966198408484,-1.6004630327224731
1748716175.3477027,63.63138161920065,-1.599883794784546
1748716175.3811066,63.633695911695334,-1.600352168083191
1748716175.4145198,63.635491625761176,-1.6008297204971313
1748716175.4479449,63.63634683879183,-1.6006556749343872
1748716175.4814162,63.63843988366002,-1.6003450155258179
1748716175.5148222,63.6399166308807,-1.6015698909759521
1748716175.5482194,63.641368582172944,-1.6011418104171753
1748716175.5816202,63.64286472317906,-1.6013193130493164
1748716175.6150467,63.64381290958447,-1.6016017198562622
1748716175.6484523,63.645240143863994,-1.6012016534805298
1748716175.6818576,63.64732148656815,-1.602012038230896
1748716175.7153063,63.64813110498983,-1.6016658544540405
1748716175.74874,63.649499702931564,-1.6016719341278076
1748716175.7821443,63.65077579428599,-1.602482557296753
1748716175.8155453,63.65218464766928,-1.6023731231689453
1748716175.8489754,63.653422357332865,-1.6022061109542847
1748716175.882891,63.65504877992416,-1.6021637916564941
1748716175.9163516,63.656321730565075,-1.602335810661316
1748716175.949795,63.65712294847308,-1.602351188659668
1748716175.983973,63.65833154565892,-1.6023354530334473
1748716176.017708,63.65951902838777,-1.6029614210128784
1748716176.0512,63.660712281542665,-1.602346420288086
1748716176.0846062,63.66231483299032,-1.6028530597686768
1748716176.1180341,63.66352130778198,-1.6022191047668457
1748716176.1515274,63.66432079029673,-1.6029256582260132
1748716176.1855228,63.665485177531735,-1.602393627166748
1748716176.2192113,63.66669262594205,-1.6029118299484253
1748716176.2526197,63.66787415230172,-1.6025103330612183
1748716176.2871852,63.6689902738594,-1.6026924848556519
1748716176.3206348,63.669649690613824,-1.602874994277954
1748716176.3541098,63.670676950634956,-1.6027036905288696
1748716176.3875964,63.671653156394285,-1.6025806665420532
1748716176.4210467,63.67263099605776,-1.6029051542282104
1748716176.4544559,63.6733048047316,-1.6023751497268677
1748716176.48792,63.67432483965789,-1.6030104160308838
1748716176.5213256,63.67535840871838,-1.6023966073989868
1748716176.5547335,63.67664046316258,-1.6031304597854614
1748716176.58821,63.6776485006595,-1.6024901866912842
1748716176.621619,63.6785685294622,-1.6029962301254272
1748716176.6551237,63.67948367019822,-1.6029396057128906
1748716176.6886659,63.68036808155874,-1.6027827262878418
1748716176.7221055,63.68139495918991,-1.603307843208313
1748716176.755515,63.68213238214656,-1.6026959419250488
1748716176.7892342,63.683006936984896,-1.6030454635620117
1748716176.8226433,63.683799043639326,-1.6029125452041626
1748716176.8560944,63.68457722034358,-1.602994441986084
1748716176.8894935,63.68534131409909,-1.6030299663543701
1748716176.9228961,63.68575894233609,-1.6030617952346802
1748716176.9563043,63.68602239117696,-1.603074073791504
1748716176.9897947,63.686118801690476,-1.6030865907669067
1748716177.0233352,63.68617178689828,-1.603087306022644
1748716177.0567386,63.68619807663955,-1.6030926704406738
1748716177.090193,63.686213366816936,-1.6030927896499634
1748716177.1236029,63.686222500770086,-1.6030930280685425
1748716177.157005,63.68622781087384,-1.6030964851379395
1748716177.190419,63.68623104588541,-1.6030941009521484
1748716177.2238235,63.68623353154171,-1.60309636592865
1748716177.2572303,63.686235498934245,-1.6030967235565186
1748716177.2906322,63.68623791223978,-1.6030969619750977
1748716177.3240592,63.68623960018789,-1.603097915649414
1748716177.3574696,63.686240936034196,-1.6030973196029663
1748716177.3908746,63.68624287560594,-1.6031007766723633
1748716177.4242647,63.6862447278966,-1.6030994653701782
1748716177.4576716,63.68624638554254,-1.6030995845794678
1748716177.4914923,63.68624768140931,-1.6031028032302856
1748716177.524988,63.68624919100478,-1.6031004190444946
1748716177.5584128,63.686250805133476,-1.6031025648117065
1748716177.5918412,63.68625167667989,-1.6031029224395752
1748716177.6252916,63.68625375710251,-1.603103518486023
1748716177.6586895,63.68625543333627,-1.6031036376953125
1748716177.6921022,63.686257219415786,-1.6031038761138916
1748716177.7256148,63.686258649697535,-1.60310697555542
1748716177.7590177,63.686260499059635,-1.603106141090393
1748716177.7924109,63.68626219599391,-1.6031057834625244
1748716177.8260288,63.686263133242065,-1.6031090021133423
1748716177.8594751,63.68626512854763,-1.6031066179275513
1748716177.892898,63.68626698486173,-1.6031087636947632
1748716177.9263067,63.686267960565026,-1.6031091213226318
1748716177.959742,63.68627049650853,-1.6031097173690796
1748716177.993188,63.686272198368684,-1.603111743927002
1748716178.0265715,63.68627246627354,-1.6031097173690796
1748716178.0599794,63.686274436554925,-1.6031129360198975
1748716178.0933573,63.68627607368427,-1.6031123399734497
1748716178.1268864,63.686278213284986,-1.6031118631362915
1748716178.160284,63.6862799101948,-1.603115200996399
1748716178.1936693,63.686281779421726,-1.6031144857406616
1748716178.227068,63.686283141660844,-1.6031140089035034
1748716178.2604969,63.68628475886965,-1.6031172275543213
1748716178.2938952,63.686287232172354,-1.6031148433685303
1748716178.3273005,63.68628861453218,-1.6031161546707153
1748716178.360884,63.68629029937744,-1.6031192541122437
1748716178.394295,63.68629228194173,-1.6031169891357422
1748716178.4280808,63.686294146190065,-1.603119134902954
1748716178.461523,63.68629535037854,-1.6031194925308228
1748716178.4950461,63.68629806743942,-1.6031200885772705
1748716178.5284503,63.6862995909435,-1.6031221151351929
1748716178.5629597,63.68630125008255,-1.6031200885772705
1748716178.5963593,63.68630317566506,-1.6031221151351929
1748716178.629766,63.68630511617781,-1.6031241416931152
1748716178.6633484,63.686306497265306,-1.6031221151351929
1748716178.696973,63.68630837640862,-1.6031253337860107
1748716178.7304347,63.686309563294,-1.6031242609024048
1748716178.763786,63.68631129180348,-1.6031242609024048
1748716178.7973075,63.68631293735919,-1.603128433227539
1748716178.8307042,63.68631512994032,-1.6031250953674316
1748716178.8641129,63.68631523044284,-1.603127360343933
1748716178.8975163,63.68631685731623,-1.6031272411346436
1748716178.9309604,63.68631876886488,-1.6031279563903809
1748716178.9643705,63.68632024658978,-1.6031303405761719
1748716178.9977715,63.68632189206872,-1.6031297445297241
1748716179.0311782,63.68632383950152,-1.6031303405761719
1748716179.0645776,63.68632491337462,-1.6031323671340942
1748716179.097978,63.686326534170895,-1.6031303405761719
1748716179.1313858,63.68632822127282,-1.6031335592269897
1748716179.1648302,63.68632887394739,-1.603132963180542
1748716179.1983168,63.686330603134834,-1.6031326055526733
1748716179.2318149,63.686333130123366,-1.6031359434127808
1748716179.2652133,63.68633472022147,-1.6031334400177002
1748716179.3001094,63.68633632701795,-1.603135585784912
1748716179.3335097,63.6863380247513,-1.6031379699707031
1748716179.366927,63.6863396389624,-1.603135347366333
1748716179.4003565,63.68634110340963,-1.6031376123428345
1748716179.4350164,63.6863431833424,-1.603139877319336
1748716179.4688776,63.6863438736293,-1.603137493133545
1748716179.5032578,63.68634555909326,-1.6031397581100464
1748716179.536707,63.686347209490066,-1.6031402349472046
1748716179.5701308,63.68634849618404,-1.6031407117843628
1748716179.6035511,63.68635036500282,-1.6031427383422852
1748716179.6369617,63.686352112641416,-1.603140950202942
1748716179.6704412,63.686354062054825,-1.6031439304351807
1748716179.7038279,63.686355389139294,-1.6031447649002075
1748716179.7372952,63.68635709327393,-1.6031427383422852
1748716179.7739265,63.68635901666309,-1.603145956993103
1748716179.8073394,63.68636043977173,-1.6031453609466553
1748716179.8408313,63.68636292623298,-1.6031447649002075
1748716179.874229,63.6863648010028,-1.6031479835510254
1748716179.9559417,63.68636890150328,-1.6039620637893677
1748716179.989887,63.687985218718666,-1.6031347513198853
1748716180.023353,63.69192548848062,-1.5994365215301514
1748716180.0582817,63.69999196172826,-1.59505033493042
1748716180.0916834,63.70655686352373,-1.5891554355621338
1748716180.1251264,63.714066315365315,-1.5840598344802856
1748716180.158536,63.72137312188306,-1.577643871307373
1748716180.192016,63.73089018845588,-1.5737524032592773
1748716180.2254305,63.738702038025636,-1.569420337677002
1748716180.2679262,63.748387440633444,-1.5619395971298218
1748716180.301338,63.75596475043801,-1.5569853782653809
1748716180.3347402,63.76367681944437,-1.5529004335403442
1748716180.3682165,63.771394048996044,-1.5473066568374634
1748716180.401838,63.781580021775454,-1.5414924621582031
1748716180.4379983,63.78935800375176,-1.5360701084136963
1748716180.4714012,63.797285087591085,-1.5328290462493896
1748716180.5050259,63.80520153382048,-1.5288946628570557
1748716180.5384495,63.813541434098774,-1.5258872509002686
1748716180.5718997,63.82534813666091,-1.522451639175415
1748716180.6053424,63.83316700905126,-1.5195236206054688
1748716180.6387517,63.838245785530205,-1.5166032314300537
1748716180.6721613,63.84707720761514,-1.5134683847427368
1748716180.7055829,63.85513922769249,-1.510192632675171
1748716180.738979,63.86409367055552,-1.5066442489624023
1748716180.7726023,63.87280320079754,-1.5025057792663574
1748716180.80601,63.88155470053925,-1.5001314878463745
1748716180.8394296,63.8904007695896,-1.4970937967300415
1748716180.8750534,63.89957363795139,-1.4938392639160156
1748716180.9110875,63.91111173398471,-1.4900826215744019
1748716180.9494402,63.92326574520481,-1.4849791526794434
1748716180.9828813,63.93219163184436,-1.481793761253357
1748716181.016873,63.94109636016605,-1.4769508838653564
1748716181.0513573,63.950041651892256,-1.4736789464950562
1748716181.0861475,63.96171485384222,-1.4688559770584106
1748716181.1200635,63.97064377625832,-1.4652167558670044
1748716181.1535516,63.97990850733092,-1.4614624977111816
1748716181.1874201,63.98848379622104,-1.4570837020874023
1748716181.220971,64.00024294033764,-1.4515368938446045
1748716181.2545323,64.0090242509492,-1.4473944902420044
1748716181.2879446,64.01771966708036,-1.4431089162826538
1748716181.3232203,64.02634519279509,-1.4382718801498413
1748716181.3577352,64.03519278447713,-1.4338009357452393
1748716181.391309,64.0434086993882,-1.4291409254074097
1748716181.4247186,64.0518310660346,-1.4238673448562622
1748716181.458768,64.06310282506752,-1.417986273765564
1748716181.492686,64.07095626904348,-1.4103373289108276
1748716181.5338414,64.08156497030465,-1.4013737440109253
1748716181.5673652,64.08969983863317,-1.395827054977417
1748716181.600732,64.09731477790446,-1.390276312828064
1748716181.6342506,64.10513431854338,-1.3851101398468018
1748716181.667951,64.11314506379982,-1.3794033527374268
1748716181.7150018,64.12340960414336,-1.3715823888778687
1748716181.7494028,64.1333691094815,-1.3656747341156006
1748716181.790845,64.14353891538839,-1.3556584119796753
1748716181.8242648,64.15112919895348,-1.351792335510254
1748716181.8611698,64.16204965269945,-1.3440828323364258
1748716181.9004834,64.17167576856365,-1.3352906703948975
1748716181.9390385,64.18155828729394,-1.3296688795089722
1748716181.972445,64.18916107634293,-1.322169542312622
1748716182.0058837,64.19676591792611,-1.3159981966018677
1748716182.0393949,64.20487623557895,-1.3109393119812012
1748716182.0745435,64.21476113703571,-1.3051364421844482
1748716182.1091192,64.22211144191826,-1.2978343963623047
1748716182.1482356,64.23224937116383,-1.2903419733047485
1748716182.1828687,64.24213337040467,-1.2849128246307373
1748716182.2162724,64.24999035202096,-1.2774213552474976
1748716182.2502775,64.25784679505664,-1.2714288234710693
1748716182.2840822,64.2687447153945,-1.265249490737915
1748716182.3178134,64.27584137175425,-1.2585065364837646
1748716182.3514402,64.28344410059796,-1.2528891563415527
1748716182.3849607,64.29130109755236,-1.2470847368240356
1748716182.4185143,64.30067878886433,-1.2416496276855469
1748716182.451957,64.30828231197486,-1.2339738607406616
1748716182.4853637,64.31588545457811,-1.2285412549972534
1748716182.5190127,64.32627651358136,-1.2227323055267334
1748716182.5524359,64.33388009425438,-1.2152432203292847
1748716182.5858762,64.34148345198172,-1.2098077535629272
1748716182.619765,64.3513675684659,-1.2041866779327393
1748716182.653191,64.36023818651745,-1.1966968774795532
1748716182.6920094,64.36910848879793,-1.1893914937973022
1748716182.7279317,64.37696548130154,-1.183396577835083
1748716182.7613552,64.38456876884311,-1.1779614686965942
1748716182.8033645,64.394453389485,-1.1723384857177734
1748716182.8367732,64.40230992593585,-1.164474606513977
1748716182.8705456,64.40991333017612,-1.1592246294021606
1748716182.9043162,64.41726323483154,-1.153603196144104
1748716182.9377284,64.42486651189729,-1.1477960348129272
1748716182.9730113,64.4352580523346,-1.1404871940612793
1748716183.0067685,64.44336788395,-1.1348668336868286
1748716183.0402899,64.45021114272609,-1.1292471885681152
1748716183.0785847,64.46034852867005,-1.121561884880066
1748716183.1119998,64.46820541278905,-1.1161295175552368
1748716183.1453965,64.47555541519688,-1.1103204488754272
1748716183.1788507,64.48442612922375,-1.1048866510391235
1748716183.2146614,64.49354961668845,-1.097389817237854
1748716183.248093,64.5008995516013,-1.0915813446044922
1748716183.2816715,64.50850322446637,-1.0861459970474243
1748716183.3150942,64.51661311060595,-1.0805238485336304
1748716183.3486488,64.52649751235042,-1.0728390216827393
1748716183.3821123,64.53663452420638,-1.0672155618667603
1748716183.4155526,64.54145025541088,-1.0617836713790894
1748716183.4490042,64.54930626067843,-1.0561556816101074
1748716183.4827142,64.5591904708007,-1.0484710931777954
1748716183.5174887,64.56679304542759,-1.0430357456207275
1748716183.5516477,64.57692985899354,-1.0374071598052979
1748716183.5850017,64.58453289053705,-1.031781554222107
1748716183.6186674,64.5921355036789,-1.0261554718017578
1748716183.6523075,64.59720378966311,-1.020531177520752
1748716183.6858478,64.60480681122603,-1.0149091482162476
1748716183.7235131,64.61494341076046,-1.0074067115783691
1748716183.7572029,64.62254608074925,-1.0036594867706299
1748716183.7906075,64.63014907311815,-0.99803626537323
1748716183.8240547,64.63775154869151,-0.9903470873832703
1748716183.8574574,64.64560712510804,-0.9847211241722107
1748716183.891901,64.65295594016126,-0.9790921807289124
1748716183.9283142,64.66080913301401,-0.9736382365226746
1748716183.96227,64.67068526740691,-0.9680163860321045
1748716183.9958582,64.67827852770871,-0.9603323936462402
1748716184.0292585,64.68612074547693,-0.9549145102500916
1748716184.0638156,64.69623273193793,-0.9474331140518188
1748716184.0972168,64.7038100365129,-0.9418653249740601
1748716184.13181,64.71138391224305,-0.9361480474472046
1748716184.1734858,64.72145221600145,-0.9285303354263306
1748716184.2071579,64.72900133425591,-0.9223500490188599
1748716184.2407396,64.7365247814126,-0.9166423082351685
1748716184.2754903,64.74402128764886,-0.9101050496101379
1748716184.3090644,64.75156166138736,-0.9049733877182007
1748716184.342514,64.75895020989749,-0.8999366760253906
1748716184.3759224,64.76650797732202,-0.8945366144180298
1748716184.4093287,64.7764557520121,-0.8852742910385132
1748716184.4446182,64.78405724746429,-0.881815493106842
1748716184.4780867,64.79164302350699,-0.8748172521591187
1748716184.5114934,64.80092516095831,-0.8653572201728821
1748716184.5450127,64.80833976804375,-0.8593420386314392
1748716184.5783842,64.81547548288592,-0.852777898311615
1748716184.614917,64.82272421258489,-0.8424138426780701
1748716184.6484914,64.82967754289203,-0.8334397673606873
1748716184.6858845,64.83946739769391,-0.8218148946762085
1748716184.7287917,64.84956200687935,-0.8117209076881409
1748716184.7622035,64.85898306514379,-0.8030612468719482
1748716184.796319,64.86625567362233,-0.7910535931587219
1748716184.8310251,64.8736941771276,-0.7830762267112732
1748716184.8647296,64.88355389246125,-0.7718340158462524
1748716184.898178,64.89055104726548,-0.7613218426704407
1748716184.932103,64.89794416912626,-0.749979555606842
1748716184.9655306,64.90769714340009,-0.7402853965759277
1748716184.9991179,64.91458098179552,-0.7256420254707336
1748716185.0348725,64.92398667721616,-0.7139688730239868
1748716185.0682755,64.93072046363659,-0.6955716609954834
1748716185.1016865,64.93757031943166,-0.6840899586677551
1748716185.1358447,64.94494424879659,-0.6706830859184265
1748716185.1693327,64.95374191613485,-0.6533598303794861
1748716185.2028155,64.96105520707087,-0.6407727599143982
1748716185.2367084,64.96852667129073,-0.6266931295394897
1748716185.2728033,64.9773754763569,-0.6118165254592896
1748716185.3062794,64.98451694720742,-0.6044110059738159
1748716185.3401663,64.99151049080663,-0.5905928611755371
1748716185.3771763,64.99838238141992,-0.5734971165657043
1748716185.41264,65.00584718936325,-0.5625500679016113
1748716185.4469883,65.01324560522687,-0.5498789548873901
1748716185.4804132,65.01777916574522,-0.5425574779510498
1748716185.5148227,65.02740290485973,-0.531364917755127
1748716185.548356,65.03512367591696,-0.518649697303772
1748716185.5817962,65.04204759220531,-0.505036473274231
1748716185.6218276,65.05195183107551,-0.4940551221370697
1748716185.655999,65.05922042190495,-0.4797300696372986
1748716185.709156,65.06896323715829,-0.4650009870529175
1748716185.743282,65.07820698425385,-0.4512375295162201
1748716185.7825103,65.08837406807648,-0.4388488531112671
1748716185.817044,65.09559732734382,-0.4288282096385956
1748716185.8516955,65.10519756688964,-0.4196242690086365
1748716185.887035,65.11239739369425,-0.40504172444343567
1748716185.920444,65.12225890484856,-0.3943217992782593
1748716185.9558744,65.12952143481711,-0.38020381331443787
1748716185.9892871,65.13688030128881,-0.36987823247909546
1748716186.0276756,65.14660428106818,-0.35619139671325684
1748716186.0715115,65.15865728518655,-0.34372758865356445
1748716186.1063962,65.16607734500761,-0.3313401937484741
1748716186.139806,65.17361557940393,-0.3208194375038147
1748716186.1734536,65.18318589922492,-0.3102375566959381
1748716186.2068646,65.19079686155567,-0.3027217984199524
1748716186.2402878,65.1977459248008,-0.29283618927001953
1748716186.2736983,65.2075652897983,-0.28404325246810913
1748716186.3073013,65.21284809747023,-0.2765384912490845
1748716186.3409584,65.21998424193298,-0.26816555857658386
1748716186.374384,65.22731589825085,-0.2594478130340576
1748716186.4081492,65.23730136233819,-0.2521152198314667
1748716186.4421685,65.24482581028168,-0.24294762313365936
1748716186.4755769,65.25227429432285,-0.23470182716846466
1748716186.5090337,65.25972358239218,-0.22884336113929749
1748716186.5427885,65.2701918672935,-0.22226008772850037
1748716186.5786595,65.27751564069663,-0.2144136130809784
1748716186.612993,65.28708778398332,-0.20784138143062592
1748716186.6464312,65.29466084888038,-0.20249105989933014
1748716186.679848,65.3026494798258,-0.194542795419693
1748716186.7133927,65.31008854604882,-0.1882372349500656
1748716186.7467964,65.31967797815038,-0.18337488174438477
1748716186.7802079,65.32724798467297,-0.17872118949890137
1748716186.8136861,65.33498312180772,-0.17293286323547363
1748716186.8478,65.34247604272954,-0.16689971089363098
1748716186.8812068,65.34732034916024,-0.16307662427425385
1748716186.9145694,65.35750537641827,-0.15980401635169983
1748716186.9479775,65.36508501453773,-0.15577538311481476
1748716186.9815657,65.37267322853812,-0.15195758640766144
1748716187.0150402,65.37774744561413,-0.14880704879760742
1748716187.0484464,65.38532800344713,-0.14496369659900665
1748716187.0818946,65.39290542147174,-0.14134879410266876
1748716187.1155741,65.40326228601279,-0.13754795491695404
1748716187.1489902,65.4108673865582,-0.13463012874126434
1748716187.1825147,65.41943555630617,-0.12995296716690063
1748716187.2160122,65.42324586996894,-0.12743686139583588
1748716187.2495155,65.43086046279575,-0.12460402399301529
1748716187.2830386,65.43842839486231,-0.12189032882452011
1748716187.3164299,65.44375672837678,-0.11876390874385834
1748716187.3498769,65.45111829022838,-0.11558807641267776
1748716187.3832645,65.45870779086098,-0.11246790736913681
1748716187.4166596,65.46632442882776,-0.10990789532661438
1748716187.4501197,65.47391460875929,-0.10785453021526337
1748716187.4835238,65.48126577898175,-0.10532184690237045
1748716187.5169456,65.48631690317676,-0.1018553301692009
1748716187.5503402,65.49644472591737,-0.09950128942728043
1748716187.583746,65.50175877911128,-0.09664566069841385
1748716187.617226,65.51163256346835,-0.09404973685741425
1748716187.6506343,65.51720250062847,-0.09129000455141068
1748716187.6840587,65.52504620272892,-0.08845603466033936
1748716187.7175272,65.53214172269564,-0.08616399019956589
1748716187.7509568,65.53975496032584,-0.08396974951028824
1748716187.7884433,65.54734460571818,-0.08142350614070892
1748716187.818347,65.55468361216626,-0.07862893491983414
1748716187.8522797,65.56508315844292,-0.07674729824066162
1748716187.8866374,65.56990382687314,-0.07482413947582245
1748716187.9201975,65.57774733960053,-0.0729948878288269
1748716187.9536066,65.58509936522844,-0.07101789861917496
1748716187.9870057,65.59042112348493,-0.06888148188591003
1748716188.0204136,65.59776447900099,-0.06644084304571152
1748716188.0538223,65.60536997841085,-0.06469248980283737
1748716188.0872617,65.61322571488698,-0.06255078315734863
1748716188.1207967,65.62081473009788,-0.06018460914492607
1748716188.1541958,65.62842302650587,-0.058318644762039185
1748716188.1876447,65.63601282826143,-0.055882472544908524
1748716188.2210474,65.64362558451201,-0.05452647805213928
1748716188.254536,65.65148479867047,-0.05265393108129501
1748716188.2880976,65.66163271597438,-0.05106688663363457
1748716188.3215044,65.66895531445088,-0.04838613048195839
1748716188.3549814,65.67655854006122,-0.04562903195619583
1748716188.3886611,65.68417407026394,-0.044136952608823776
1748716188.4220648,65.68901310807183,-0.04404310882091522
1748716188.4554665,65.69916349402672,-0.0411963015794754
1748716188.4888766,65.70728960357846,-0.03958253189921379
1748716188.5223954,65.71438647818445,-0.037349000573158264
1748716188.5558481,65.72200409783589,-0.035822007805109024
1748716188.5892549,65.7299007980725,-0.035564836114645004
1748716188.622685,65.73778236555144,-0.03399355709552765
1748716188.6560912,65.74767394347332,-0.03210502490401268
1748716188.6895263,65.75530132206835,-0.031422995030879974
1748716188.7238514,65.76285693503597,-0.028172506019473076
1748716188.7572958,65.76997478831285,-0.02785833552479744
1748716188.7907093,65.77547395633194,-0.027567951008677483
1748716188.8241243,65.77992935223769,-0.026280507445335388
1748716188.857628,65.78368609784178,-0.026879237964749336
1748716188.8911395,65.7872501484345,-0.02564958855509758
1748716188.9246144,65.79079236368734,-0.025987055152654648
1748716188.957978,65.79398630544367,-0.02542121149599552
1748716188.9914644,65.79831423635099,-0.024096712470054626
1748716189.02487,65.80137367067108,-0.02391030080616474
1748716189.0583491,65.80455380436838,-0.023987917229533195
1748716189.0917914,65.80786472848669,-0.024079563096165657
1748716189.1252337,65.81096155251069,-0.023734336718916893
1748716189.1586435,65.81415760237695,-0.023153187707066536
1748716189.1921096,65.81733669229762,-0.023085134103894234
1748716189.22579,65.82061685054401,-0.02350405603647232
1748716189.259204,65.8238199435496,-0.023326249793171883
1748716189.292606,65.82715240690256,-0.02439298667013645
1748716189.326013,65.83027712659516,-0.024708319455385208
1748716189.359447,65.83350713019033,-0.02457241527736187
1748716189.3928528,65.8367692670781,-0.024375945329666138
1748716189.4273493,65.84137745304697,-0.025922883301973343
1748716189.4607573,65.84489204709674,-0.026591112837195396
1748716189.4941716,65.8487123957943,-0.025212297216057777
1748716189.5275886,65.85230353305938,-0.025293737649917603
1748716189.560999,65.85598045486282,-0.02601052261888981
1748716189.5944383,65.85850776789427,-0.027657711878418922
1748716189.627966,65.8633411054568,-0.027178848162293434
1748716189.6613793,65.86702900470827,-0.028974128887057304
1748716189.6947823,65.87049668701503,-0.02837774157524109
1748716189.728226,65.87390128574411,-0.0291968435049057
1748716189.761612,65.8773552512087,-0.02796105295419693
1748716189.7954676,65.88072366493839,-0.03009226731956005
1748716189.828869,65.88389424301008,-0.0293483417481184
1748716189.8622692,65.8872258329938,-0.030815403908491135
1748716189.8956764,65.89150819024132,-0.03083253838121891
1748716189.9290752,65.89458603340282,-0.03165625035762787
1748716189.9624743,65.89782338824729,-0.03107861429452896
1748716189.9960594,65.89986070656067,-0.03171264007687569
1748716190.029468,65.90285444179227,-0.032187458127737045
1748716190.062925,65.9057907515081,-0.03153754025697708
1748716190.0964081,65.9087932653083,-0.03282009810209274
1748716190.1298153,65.91169706880164,-0.03208092600107193
1748716190.1632485,65.91338164729171,-0.0323103666305542
1748716190.1967163,65.91707354981654,-0.03366926684975624
1748716190.2300847,65.91982043996802,-0.03314504027366638
1748716190.2635374,65.92237653232704,-0.03472628444433212
1748716190.2969794,65.92501313895987,-0.034986186772584915
1748716190.3303475,65.92764028069368,-0.03573397547006607
1748716190.363758,65.93008938232408,-0.037226270884275436
1748716190.3972108,65.93271018708998,-0.0368129201233387
1748716190.4307408,65.93525158070901,-0.03861444815993309
1748716190.4641566,65.93764421671945,-0.037575237452983856
1748716190.4975593,65.94000541403423,-0.038721922785043716
1748716190.5310109,65.94244239627035,-0.03850049898028374
1748716190.5644195,65.94484833748263,-0.03937322646379471
1748716190.597829,65.9465150569644,-0.03888450190424919
1748716190.6312735,65.94878220600404,-0.03956710174679756
1748716190.6646812,65.95107882697494,-0.0392850860953331
1748716190.698116,65.95333002165788,-0.040263865143060684
1748716190.731615,65.95545070206832,-0.04055066406726837
1748716190.765051,65.95700902313902,-0.040809448808431625
1748716190.798456,65.95908296447043,-0.04073287546634674
1748716190.8318639,65.96098312881544,-0.04184620454907417
1748716190.865316,65.96314257608124,-0.04154916852712631
1748716190.8987253,65.96508836346084,-0.04242559149861336
1748716190.9324453,65.96711686995195,-0.04318801313638687
1748716190.9659805,65.9696944327024,-0.0434173159301281
1748716190.9993935,65.97089070921962,-0.04427025094628334
1748716191.032804,65.97288949603063,-0.04453317075967789
1748716191.0662656,65.97461363216802,-0.04394824430346489
1748716191.0998347,65.97641617874096,-0.04453956335783005
1748716191.1332126,65.97832582387964,-0.04435316473245621
1748716191.1666253,65.98019997005629,-0.045276980847120285
1748716191.2000382,65.98209588998611,-0.045273687690496445
1748716191.2334416,65.98385221325607,-0.04448002576828003
1748716191.2676525,65.98542130317843,-0.046301767230033875
1748716191.3010788,65.98669607713606,-0.04583702236413956
1748716191.3344784,65.98843723431466,-0.046338316053152084
1748716191.3679,65.9900688990894,-0.04598631337285042
1748716191.401313,65.99170867004109,-0.046630483120679855
1748716191.434819,65.99332457675084,-0.04591839388012886
1748716191.4681902,65.99499984684053,-0.04641879349946976
1748716191.5016046,65.99640108963389,-0.04605545476078987
1748716191.5351777,65.99788299876114,-0.04686219245195389
1748716191.5686011,65.9994155030904,-0.046115826815366745
1748716191.6020088,66.00091321441039,-0.04680124297738075
1748716191.6354933,66.00237635470775,-0.04684684798121452
1748716191.6692731,66.00374016596714,-0.047433532774448395
1748716191.7027228,66.00547500724306,-0.04744531586766243
1748716191.737027,66.00676721087507,-0.04797229915857315
1748716191.7704704,66.00805416070828,-0.047720298171043396
1748716191.8038778,66.009389746424,-0.047801654785871506
1748716191.8372765,66.01057741318706,-0.04776976630091667
1748716191.871232,66.01176348796635,-0.048140738159418106
1748716191.9046369,66.01300572884608,-0.04806872829794884
1748716191.9380138,66.01420915204403,-0.04870796203613281
1748716191.9714882,66.01539374898626,-0.048973456025123596
1748716192.0049355,66.01652637526155,-0.04860742762684822
1748716192.0383303,66.01767401074657,-0.049506135284900665
1748716192.0718467,66.01924485202554,-0.04908911511301994
1748716192.1052277,66.02034155770842,-0.0494740828871727
1748716192.138723,66.02102211251896,-0.04953045770525932
1748716192.1721315,66.02211102014107,-0.04969539865851402
1748716192.2055566,66.02310736294287,-0.04987666755914688
1748716192.23936,66.02417016427579,-0.04959730803966522
1748716192.272807,66.02518147246491,-0.049827247858047485
1748716192.306227,66.02618174260999,-0.050289299339056015
1748716192.339684,66.02713897054373,-0.050045616924762726
1748716192.3730836,66.02812670372592,-0.050747137516736984
1748716192.406544,66.02920281621893,-0.050151485949754715
1748716192.4399552,66.0302151850239,-0.05091652646660805
1748716192.473624,66.0312046646627,-0.050389327108860016
1748716192.50712,66.03227730402882,-0.050885219126939774
1748716192.540564,66.03306350671366,-0.05104133114218712
1748716192.5739791,66.03394601500449,-0.05115164816379547
1748716192.6073918,66.03504700597628,-0.05155874043703079
1748716192.6407835,66.03560455237803,-0.05171094462275505
1748716192.6741836,66.0364635775099,-0.0520591177046299
1748716192.710448,66.03727923969987,-0.052097272127866745
1748716192.7438545,66.03807566968791,-0.052248045802116394
1748716192.777278,66.03885965241551,-0.05226339027285576
1748716192.8106816,66.03982335313201,-0.05230870097875595
1748716192.8943923,66.04043080999388,-0.05270843207836151
1748716192.9392443,66.04315191712047,-0.05172457918524742
1748716192.9726486,66.04933999739895,-0.04763798415660858
1748716193.0061255,66.05507264714635,-0.04375831037759781
1748716193.0395632,66.06164870075096,-0.03728681057691574
1748716193.07308,66.06864728223216,-0.03148602321743965
1748716193.1090117,66.0786244777465,-0.026460541412234306
1748716193.1424952,66.08582142111025,-0.021158367395401
1748716193.1762488,66.09383147929192,-0.013786516152322292
1748716193.2097015,66.10087159618435,-0.00823309738188982
1748716193.2431076,66.11095459527927,-0.002668792614713311
1748716193.2765741,66.11877970780077,0.004944287706166506
1748716193.3099866,66.12610372270576,0.010702875442802906
1748716193.3437905,66.13620837608606,0.017762966454029083
1748716193.3777864,66.14656369867231,0.023526031523942947
1748716193.411353,66.15161891693266,0.028892681002616882
1748716193.4448047,66.16148067825559,0.034438181668519974
1748716193.47844,66.16906940203883,0.04202309250831604
1748716193.5118856,66.17666546594351,0.04751717299222946
1748716193.5455003,66.18680677977048,0.0546095073223114
1748716193.5814083,66.19717547615515,0.06040036305785179
1748716193.6148503,66.20452998950834,0.06746993213891983
1748716193.6577685,66.21540146517029,0.07489316165447235
1748716193.6912277,66.22225042010761,0.08054856956005096
1748716193.7247527,66.23235282492311,0.08598414808511734
1748716193.7582023,66.23998775559929,0.09199387580156326
1748716193.7919502,66.24780861067885,0.09578628093004227
1748716193.8254015,66.25813162846993,0.10059471428394318
1748716193.8588245,66.26379678581105,0.10605013370513916
1748716193.8927166,66.27372095205011,0.11268729716539383
1748716193.9268517,66.28166037583527,0.11518701165914536
1748716193.9603064,66.28965045155266,0.1198137030005455
1748716193.9958355,66.30029368266325,0.12457077950239182
1748716194.0296214,66.30826806257896,0.12929360568523407
1748716194.0631196,66.318816722388,0.13412131369113922
1748716194.0967965,66.32688061151434,0.13942675292491913
1748716194.1302161,66.3344525744704,0.14334236085414886
1748716194.164309,66.34217519157869,0.1516771912574768
1748716194.1977186,66.34979919257543,0.15827998518943787
1748716194.2311652,66.3574509432884,0.166438490152359
1748716194.2645679,66.36530564033848,0.17214703559875488
1748716194.2980642,66.37243318632991,0.17797702550888062
1748716194.3314652,66.3805543842468,0.18332231044769287
1748716194.364875,66.38794162739993,0.18860682845115662
1748716194.3982887,66.39804956615156,0.1942995935678482
1748716194.431792,66.40565722134177,0.20129504799842834
1748716194.4651966,66.4132713797235,0.20687441527843475
1748716194.4995778,66.42084818020518,0.2124282717704773
1748716194.5334637,66.43098418319124,0.21794424951076508
1748716194.5668669,66.43958873518217,0.22548425197601318
1748716194.600362,66.4471890937026,0.23122313618659973
1748716194.6337638,66.45657300050622,0.23660355806350708
1748716194.6671643,66.46416541522693,0.2439410239458084
1748716194.700842,66.47150054475965,0.24960565567016602
1748716194.7342446,66.4816393192907,0.25705409049987793
1748716194.7676532,66.48923937177052,0.26272550225257874
1748716194.8018343,66.49683890133444,0.2664835751056671
1748716194.838364,66.50444287016134,0.27432578802108765
1748716194.8718047,66.51204287621223,0.27958911657333374
1748716194.9052231,66.51964479938255,0.28521233797073364
1748716194.9388964,66.52699229488836,0.29083579778671265
1748716194.9740999,66.53738773515506,0.2980847954750061
1748716195.007615,66.5449869825074,0.30393755435943604
1748716195.0410275,66.55233243124114,0.3097122609615326
1748716195.0744474,66.5601946666658,0.3145185708999634
1748716195.1110923,66.5678880621219,0.31960612535476685
1748716195.1445003,66.5757155113487,0.3250153958797455
1748716195.1779342,66.58564754178862,0.3302514851093292
1748716195.2117355,66.59329016148446,0.33762896060943604
1748716195.2451565,66.6009338067006,0.34293532371520996
1748716195.2785833,66.61139406309435,0.35016748309135437
1748716195.3122833,66.6187991968628,0.3555994927883148
1748716195.346439,66.62645580253812,0.3609275221824646
1748716195.3798516,66.63684743310195,0.3672482669353485
1748716195.4132571,66.64417038130746,0.37485480308532715
1748716195.4503937,66.65183581280606,0.38052958250045776
1748716195.4839032,66.66226871318314,0.38640081882476807
1748716195.5174816,66.6673987028921,0.3898906707763672
1748716195.5510664,66.67749171296053,0.3983083963394165
1748716195.5844758,66.68508482156345,0.4035506844520569
1748716195.617878,66.69273319819766,0.4097670316696167
1748716195.6518764,66.7002967080131,0.4155624210834503
1748716195.6858332,66.70768321541242,0.42109423875808716
1748716195.7192888,66.71781700858718,0.4264685809612274
1748716195.752937,66.72571190221838,0.43168190121650696
1748716195.7863896,66.73305606213816,0.43716540932655334
1748716195.8198988,66.7406770278899,0.4445417821407318
1748716195.8535721,66.7507759025527,0.4503283202648163
1748716195.8869774,66.75837945048768,0.458009272813797
1748716195.920404,66.76619292171985,0.46345654129981995
1748716195.9540107,66.77632923717393,0.47060877084732056
1748716195.9875765,66.78367910817828,0.4760951101779938
1748716196.021129,66.79126094955856,0.4817168116569519
1748716196.0582776,66.8013829672531,0.4895493984222412
1748716196.1045961,66.81175250696968,0.4969218075275421
1748716196.1407452,66.82162713857493,0.5041168928146362
1748716196.180052,66.83175189268265,0.5095087289810181
1748716196.2214298,66.84212863795382,0.5172344446182251
1748716196.2559788,66.84971886462942,0.5245891809463501
1748716196.3004334,66.85984922897588,0.5321101546287537
1748716196.3465335,66.87227178685032,0.5393734574317932
1748716196.3828175,66.87982166394056,0.5476760864257812
1748716196.4175491,66.88736919369556,0.553068995475769
1748716196.45096,66.89521363877488,0.5587542653083801
1748716196.4843216,66.9025250517868,0.5624161958694458
1748716196.5198636,66.91016323176648,0.5692967772483826
1748716196.5535374,66.91769110656892,0.5747199654579163
1748716196.5869498,66.92799927687282,0.5807129740715027
1748716196.620972,66.93524296471682,0.5891829133033752
1748716196.6544483,66.94285220419363,0.5938789248466492
1748716196.6878545,66.9504681754789,0.5991681814193726
1748716196.721951,66.9605359031854,0.6048538088798523
1748716196.7557564,66.96806435801477,0.6130495071411133
1748716196.7893946,66.97592625065899,0.6184616088867188
1748716196.8228078,66.98580448347374,0.6235730648040771
1748716196.856221,66.9936842666632,0.6303636431694031
1748716196.8897865,67.00369697503005,0.636467456817627
1748716196.9232342,67.01102613129991,0.6420336365699768
1748716196.9566782,67.0186142389172,0.6495928168296814
1748716196.9903638,67.02619828507021,0.6545814275741577
1748716197.0237935,67.03408897323054,0.659929096698761
1748716197.057524,67.04187849664115,0.6654226779937744
1748716197.0962057,67.05152912456226,0.6724346280097961
1748716197.129602,67.0590930210987,0.678475022315979
1748716197.1630015,67.06667608849263,0.6838498115539551
1748716197.1968243,67.07779030141724,0.6917263269424438
1748716197.230373,67.08437213164217,0.6967007517814636
1748716197.2643578,67.09451193960707,0.7020732760429382
1748716197.2979429,67.10233767686458,0.7093620896339417
1748716197.331644,67.10960341961831,0.7162797451019287
1748716197.3653648,67.11733446675554,0.721612274646759
1748716197.3990777,67.1279110653793,0.7306541204452515
1748716197.4325042,67.1344274761406,0.7386985421180725
1748716197.465903,67.14252208077671,0.745516300201416
1748716197.499434,67.14962248120005,0.7523552179336548
1748716197.5328772,67.15619495704682,0.7603827118873596
1748716197.5662832,67.1629351747538,0.7683476805686951
1748716197.5998108,67.17038281241246,0.7754367589950562
1748716197.6332195,67.17768657570232,0.7842181324958801
1748716197.671412,67.18706108077485,0.7962594032287598
1748716197.7107806,67.19671638467796,0.8067401051521301
1748716197.746293,67.20653658406106,0.8150798082351685
1748716197.7814069,67.21378384933676,0.827056884765625
1748716197.8150241,67.22330380015693,0.8374217748641968
1748716197.8487487,67.22989444555338,0.8544451594352722
1748716197.882305,67.23696104639481,0.8663386702537537
1748716197.9157522,67.24472335758352,0.8780896067619324
1748716197.94917,67.25355236712254,0.8932934999465942
1748716197.9830701,67.26075508945988,0.9021860361099243
1748716198.0167086,67.26812060692045,0.9127299785614014
1748716198.0500953,67.27692262732391,0.9245017766952515
1748716198.0839913,67.28480463553522,0.9383294582366943
1748716198.1186786,67.29429832580861,0.9488873481750488
1748716198.1520824,67.30145682052559,0.9641945362091064
1748716198.185486,67.30873382713307,0.9737513661384583
1748716198.2192168,67.31614790628181,0.9836468696594238
1748716198.254591,67.3258785189329,0.9937736988067627
1748716198.289008,67.3331145277506,1.0079851150512695
1748716198.3236437,67.34059296123327,1.018742561340332
1748716198.3570533,67.35008662678717,1.0289592742919922
1748716198.3922603,67.35783009752916,1.0405497550964355
1748716198.425726,67.36505149011566,1.0496723651885986
1748716198.459132,67.37211551781212,1.0609043836593628
1748716198.492539,67.37935952993634,1.0669915676116943
1748716198.5259466,67.38705164493118,1.0760854482650757
1748716198.5593662,67.39166212099164,1.0856668949127197
1748716198.5961835,67.40143210322933,1.09832763671875
1748716198.629642,67.40876943873278,1.108784794807434
1748716198.6632965,67.41621256433015,1.1191309690475464
1748716198.696737,67.42364137208082,1.1278018951416016
1748716198.7301402,67.43312177514855,1.1395606994628906
1748716198.7638261,67.44021363048986,1.152300238609314
1748716198.7972963,67.44771727739867,1.1603282690048218
1748716198.8307872,67.45504745483828,1.1703522205352783
1748716198.8708706,67.46724189227217,1.1858701705932617
1748716198.9076672,67.47710017732992,1.1975288391113281
1748716198.942233,67.48701062094456,1.2084208726882935
1748716198.9762697,67.49704970342236,1.215747356414795
1748716199.0106611,67.50442124792077,1.2268667221069336
1748716199.044067,67.5116096192567,1.2352596521377563
1748716199.0774753,67.52161228653866,1.2431906461715698
1748716199.1124532,67.52894616949412,1.2558635473251343
1748716199.1472883,67.5393311744155,1.2641351222991943
1748716199.180819,67.54713544806008,1.2735896110534668
1748716199.2145534,67.5544959494982,1.2791422605514526
1748716199.247952,67.56392404723081,1.2892647981643677
1748716199.2826517,67.57152759182873,1.297082781791687
1748716199.3166492,67.58136961341016,1.3047219514846802
1748716199.350055,67.58916878334595,1.3103047609329224
1748716199.383473,67.5991132847798,1.3174195289611816
1748716199.4255185,67.60879848495375,1.3291741609573364
1748716199.4589274,67.6165525125183,1.335115671157837
1748716199.4934568,67.62642868517406,1.3403818607330322
1748716199.5274649,67.63393094381281,1.34879732131958
1748716199.5608718,67.64142773725884,1.3553043603897095
1748716199.594284,67.65154682136948,1.359695315361023
1748716199.6277459,67.66163719444464,1.365744948387146
1748716199.6612172,67.66661559254416,1.3721303939819336
1748716199.694641,67.67418890457462,1.3760806322097778
1748716199.728333,67.68182177338137,1.3802369832992554
1748716199.7617674,67.69188070292806,1.3859000205993652
1748716199.7968192,67.69947248364822,1.3925831317901611
1748716199.9112918,67.71744800736376,1.3996291160583496
1748716199.9450128,67.7186211920369,1.4004814624786377
1748716199.978448,67.72544619085974,1.403998851776123
1748716200.0118558,67.7336016290136,1.4080464839935303
1748716200.0452955,67.74299027281609,1.4106487035751343
1748716200.0789998,67.74993378519656,1.4152133464813232
1748716200.1124127,67.75981825710515,1.4193508625030518
1748716200.145812,67.76991449126737,1.4235113859176636
1748716200.179854,67.78042622470933,1.4280091524124146
1748716200.2132547,67.79134782854307,1.4321414232254028
1748716200.2466755,67.80195393320125,1.43621826171875
1748716200.2800822,67.81294875387127,1.4395400285720825
1748716200.3134913,67.82320677404464,1.4426411390304565
1748716200.3468988,67.83347152527966,1.4468369483947754
1748716200.3803651,67.84411628290296,1.4520046710968018
1748716200.4137733,67.85509701662419,1.4558855295181274
1748716200.4472005,67.8657757560834,1.4585295915603638
1748716200.4806254,67.87993344799877,1.462864637374878
1748716200.5140321,67.89056447708515,1.46658194065094
1748716200.5476615,67.90296477677427,1.4710849523544312
1748716200.5810592,67.91361796692625,1.4748668670654297
1748716200.614464,67.9235327258049,1.4786428213119507
1748716200.6478918,67.93310327143838,1.4821505546569824
1748716200.6813326,67.94375997286531,1.4848514795303345
1748716200.7147362,67.95442976947298,1.4871569871902466
1748716200.7481353,67.96504907006079,1.490929365158081
1748716200.7815742,67.9753333316919,1.49382746219635
1748716200.8149748,67.98634973308233,1.4951521158218384
1748716200.8483555,67.99343116675091,1.498599648475647
1748716200.881843,68.00407516128568,1.5012561082839966
1748716200.915266,68.01473048079532,1.5034050941467285
1748716200.9488912,68.02535977397137,1.5070377588272095
1748716200.9822893,68.0360383933626,1.5091383457183838
1748716201.0156987,68.04279309991902,1.5110737085342407
1748716201.0490947,68.05344404524423,1.5139309167861938
1748716201.082531,68.06446212336141,1.5162405967712402
1748716201.1159368,68.07512146013933,1.5187358856201172
1748716201.1493478,68.08649795803862,1.5209206342697144
1748716201.1827586,68.096085567452,1.5231692790985107
1748716201.2161639,68.10673813415181,1.5249272584915161
1748716201.249571,68.11777909336737,1.5263631343841553
1748716201.2829762,68.12808045962169,1.5286571979522705
1748716201.3163455,68.13518674792908,1.5305100679397583
1748716201.349777,68.14726726433715,1.531835675239563
1748716201.383229,68.16042816823912,1.5343577861785889
1748716201.4166434,68.17112098544482,1.535659670829773
1748716201.4500997,68.18178504293046,1.5387157201766968
1748716201.4841661,68.19245081843637,1.540012001991272
1748716201.5175934,68.20313397244642,1.5406168699264526
1748716201.5510316,68.21380007490674,1.5426690578460693
1748716201.5844274,68.2244983168302,1.5436521768569946
1748716201.6178558,68.23873462936389,1.5457476377487183
1748716201.6512554,68.24941583921462,1.5472443103790283
1748716201.68482,68.25653964249416,1.5478286743164062
1748716201.7182305,68.27078046220036,1.5486416816711426
1748716201.751639,68.27753566202321,1.550248622894287
1748716201.7850444,68.2885689659169,1.5516347885131836
1748716201.818451,68.29922503632949,1.5529658794403076
1748716201.8518584,68.3098873860311,1.5539908409118652
1748716201.885273,68.32054436710567,1.555306315422058
1748716201.9186747,68.33121611684747,1.5561732053756714
1748716201.952087,68.34188136302843,1.5571818351745605
1748716201.9854848,68.35254370236663,1.5582622289657593
1748716202.0188875,68.36287575376353,1.5585886240005493
1748716202.0522993,68.3735618973169,1.560006022453308
1748716202.0856998,68.38779580740972,1.5607342720031738
1748716202.1191013,68.39846110926156,1.5618478059768677
1748716202.1525083,68.4059266282189,1.5625158548355103
1748716202.1859274,68.41623498117096,1.563091516494751
1748716202.2198296,68.42369807163006,1.5638713836669922
1748716202.2532365,68.4379387620201,1.5644278526306152
1748716202.2866755,68.45004007599222,1.5655988454818726
1748716202.3200727,68.45928805448382,1.5661934614181519
1748716202.3534822,68.47137303160898,1.567002296447754
1748716202.3869302,68.48416576452448,1.567662000656128
1748716202.4204183,68.49162562289189,1.568712830543518
1748716202.4538336,68.50192843972178,1.5693597793579102
1748716202.487246,68.51649571900255,1.5697484016418457
1748716202.5206513,68.52324626997904,1.570169448852539
1748716202.5540643,68.53390450580962,1.570726752281189
1748716202.5875123,68.54456088601289,1.571306586265564
1748716202.6209707,68.55521872591987,1.5716360807418823
1748716202.6544008,68.56587287636496,1.572745442390442
1748716202.687806,68.57652895737264,1.5732084512710571
1748716202.721213,68.58825034565383,1.5737168788909912
1748716202.7552319,68.597840303288,1.5742520093917847
1748716202.788634,68.60814117108661,1.5745328664779663
1748716202.822085,68.61879682183842,1.5748653411865234
1748716202.8557394,68.62980691763875,1.5752819776535034
1748716202.8891432,68.63691101580436,1.5754179954528809
1748716202.9225438,68.64827715878499,1.5756388902664185
1748716202.955969,68.65822162926341,1.57619309425354
1748716202.9893749,68.66852131707341,1.5764405727386475
1748716203.0228286,68.67597984539661,1.5767743587493896
1748716203.0562387,68.68663503465612,1.5774312019348145
1748716203.0897043,68.69728941542974,1.5780174732208252
1748716203.1233726,68.70794461515032,1.5783969163894653
1748716203.1567829,68.71859984437906,1.5788660049438477
1748716203.1902213,68.72890398934214,1.5793166160583496
1748716203.2236276,68.7395669728483,1.578865647315979
1748716203.257025,68.74702957687175,1.579480767250061
1748716203.290429,68.757688019344,1.579810619354248
1748716203.323837,68.76834620490483,1.5801916122436523
1748716203.3572595,68.7807795724406,1.5805824995040894
1748716203.3907325,68.79321415538216,1.580498456954956
1748716203.4242148,68.8003206741394,1.5809400081634521
1748716203.4576216,68.81098057000317,1.5817222595214844
1748716203.4910364,68.82164602565487,1.5822577476501465
1748716203.5246842,68.83195878978985,1.5819156169891357
1748716203.5581057,68.84297498810434,1.5824651718139648
1748716203.591518,68.85363297222746,1.5830028057098389
1748716203.6250987,68.86040695852179,1.5833107233047485
1748716203.658509,68.86777223604682,1.583893060684204
1748716203.691922,68.87306873356712,1.5838066339492798
1748716203.7253308,68.87757434432123,1.583918571472168
1748716203.7587376,68.88115176291946,1.5840986967086792
1748716203.7921429,68.88450459359473,1.5839723348617554
1748716203.8255541,68.8877369677919,1.5849528312683105
1748716203.8589523,68.89113067213648,1.584033727645874
1748716203.8924534,68.89569769151754,1.5842363834381104
1748716203.9258864,68.89882090586794,1.5848242044448853
1748716203.959496,68.90085682851942,1.5841480493545532
1748716203.9929268,68.90407793242235,1.5838515758514404
1748716204.026335,68.90731167936147,1.5840554237365723
1748716204.0597732,68.91149161188132,1.5835059881210327
1748716204.0931776,68.91481899477012,1.5829569101333618
1748716204.1267607,68.91804790371603,1.5831758975982666
1748716204.160207,68.92126880137732,1.582776427268982
1748716204.193613,68.92438471372631,1.5829193592071533
1748716204.2270198,68.927719554121,1.5825797319412231
1748716204.2604232,68.93082138495382,1.5814878940582275
1748716204.2938638,68.93529138006757,1.5816000699996948
1748716204.3272681,68.9384135456291,1.5803658962249756
1748716204.3606932,68.94173227263731,1.5803581476211548
1748716204.394102,68.94487969411011,1.5805751085281372
1748716204.4275036,68.94852537159764,1.5803422927856445
1748716204.460951,68.95374706500621,1.579820156097412
1748716204.4943476,68.95776901132977,1.57893705368042
1748716204.5277963,68.96195257062011,1.5789508819580078
1748716204.561352,68.96589934891027,1.5779964923858643
1748716204.5947678,68.96986245235092,1.5760772228240967
1748716204.6281748,68.97373538513936,1.5766421556472778
1748716204.6615644,68.97861914451717,1.5757415294647217
1748716204.6949744,68.98216543347912,1.5734243392944336
1748716204.7283726,68.98595174884134,1.5722630023956299
1748716204.7618089,68.9907937342626,1.5723861455917358
1748716204.7953331,68.99445762447098,1.5708200931549072
1748716204.8287027,68.99786429675949,1.5702648162841797
1748716204.8620913,69.00134442196787,1.5704368352890015
1748716204.8954535,69.00460991802113,1.5703643560409546
1748716204.9288592,69.00793993666608,1.5684846639633179
1748716204.9622679,69.01121329546108,1.5687249898910522
1748716204.99575,69.0155365142803,1.567578911781311
1748716205.0295765,69.0187421843683,1.5674937963485718
1748716205.0629976,69.02190100269178,1.5665028095245361
1748716205.0964408,69.02523706080326,1.5666718482971191
1748716205.1298382,69.02805769895083,1.5651742219924927
1748716205.1631894,69.03106179559082,1.5644418001174927
1748716205.1966033,69.03389874994038,1.5630486011505127
1748716205.230007,69.03681351817347,1.563034176826477
1748716205.2634184,69.03978349215569,1.5628057718276978
1748716205.296825,69.04259241454665,1.5623714923858643
1748716205.3312593,69.04544059262511,1.5617239475250244
1748716205.3651655,69.04806190718836,1.5604774951934814
1748716205.3986459,69.05079447558695,1.5605158805847168
1748716205.4320931,69.05353495230635,1.5592103004455566
1748716205.4654932,69.0560843105537,1.5586960315704346
1748716205.4989061,69.05861657140888,1.5571750402450562
1748716205.5323288,69.06116866544811,1.5576939582824707
1748716205.5658777,69.06366048363695,1.5566389560699463
1748716205.5992858,69.06613432191803,1.556639313697815
1748716205.6326652,69.06775305721783,1.556192398071289
1748716205.666164,69.0709510865256,1.5562593936920166
1748716205.6996086,69.07251936816914,1.5553079843521118
1748716205.7330103,69.07492368344647,1.5546795129776
1748716205.7664406,69.07791070540421,1.5550377368927002
1748716205.799872,69.0800656657313,1.553774118423462
1748716205.8332791,69.08153504913471,1.5530961751937866
1748716205.8667405,69.08457852775764,1.552654504776001
1748716205.9001465,69.086714580848,1.552004337310791
1748716205.9335494,69.08879598023432,1.5514627695083618
1748716205.966962,69.09079032723896,1.5512782335281372
1748716206.000396,69.09275825138786,1.5504276752471924
1748716206.0338051,69.09489223607218,1.5509740114212036
1748716206.0672028,69.09719680649941,1.5481078624725342
1748716206.1006172,69.09908193763489,1.5496240854263306
1748716206.1340592,69.10108196753893,1.5482347011566162
1748716206.1674623,69.10313362623162,1.5485820770263672
1748716206.2008715,69.1049645109549,1.5476129055023193
1748716206.2342758,69.10696845708095,1.5475901365280151
1748716206.2677014,69.10874683578817,1.5468662977218628
1748716206.3011115,69.11054991400887,1.547435998916626
1748716206.334514,69.1124095043353,1.5465186834335327
1748716206.3679407,69.1136166947922,1.5469205379486084
1748716206.401345,69.11608532750334,1.5462706089019775
1748716206.4347434,69.11784842020919,1.546423316001892
1748716206.4682167,69.1195134890529,1.547206163406372
1748716206.5016384,69.12114037974632,1.5472520589828491
1748716206.5350573,69.12278881196903,1.547053575515747
1748716206.568461,69.12422922773683,1.546652913093567
1748716206.6018836,69.1258213268318,1.5472009181976318
1748716206.6354096,69.12739902539565,1.546878695487976
1748716206.668791,69.12843570787909,1.5466796159744263
1748716206.702256,69.12988960582743,1.5467729568481445
1748716206.7357538,69.13085858570172,1.5468864440917969
1748716206.769478,69.13233617455,1.5467588901519775
1748716206.8028805,69.13373310982773,1.546973466873169
1748716206.8363004,69.13510516802891,1.5469868183135986
1748716206.8697076,69.13643218058176,1.5469814538955688
1748716206.9031134,69.13817457266634,1.5469881296157837
1748716206.9365747,69.13903098282712,1.5470935106277466
1748716206.9700181,69.14029682793056,1.5470430850982666
1748716207.0034657,69.1416233386768,1.5468735694885254
1748716207.0368683,69.14281829148868,1.5465686321258545
1748716207.0703564,69.1440422670217,1.547186017036438
1748716207.1039186,69.14527658309493,1.5462416410446167
1748716207.1373665,69.14650194950008,1.547027826309204
1748716207.170777,69.1477465911824,1.5465030670166016
1748716207.2044683,69.14897736809287,1.5471488237380981
1748716207.237901,69.15023095272475,1.546934962272644
1748716207.2713783,69.15138707238238,1.547491192817688
1748716207.30517,69.15254762635867,1.5472731590270996
1748716207.3385797,69.15362727817694,1.5474224090576172
1748716207.3719792,69.15499648179626,1.5478923320770264
1748716207.4054856,69.1561592380628,1.5474097728729248
1748716207.438896,69.15680088054155,1.5479402542114258
1748716207.4722972,69.1578634199835,1.5479756593704224
1748716207.5058298,69.15884621081439,1.5479153394699097
1748716207.5393221,69.15983674759646,1.5479627847671509
1748716207.572706,69.16040097168593,1.5479676723480225
1748716207.6061225,69.16132720151339,1.5479791164398193
1748716207.6396236,69.16226627929629,1.5479930639266968
1748716207.673051,69.16289297953243,1.5480021238327026
1748716207.706413,69.1637466931598,1.5480166673660278
1748716207.7397957,69.1645880067411,1.5480291843414307
1748716207.7733502,69.16553043253828,1.5480420589447021
1748716207.8067696,69.16629137942287,1.547981858253479
1748716207.8401716,69.16715155825152,1.5480554103851318
1748716207.8735719,69.16767049564208,1.5480890274047852
1748716207.9075208,69.16850707536089,1.548080563545227
1748716207.940927,69.16930402574441,1.5481098890304565
1748716207.974546,69.1700885795555,1.5481150150299072
1748716208.0079577,69.17083497856697,1.5481330156326294
1748716208.0414834,69.17174401297005,1.5481412410736084
1748716208.0749378,69.17204877434574,1.5481470823287964
1748716208.1083987,69.17220138846801,1.5481481552124023
1748716208.141812,69.17227435969114,1.5481483936309814
1748716208.175215,69.1723139494325,1.54814875125885
1748716208.2087207,69.17233446414667,1.5481483936309814
1748716208.2421448,69.17234401278111,1.5481483936309814
1748716208.277531,69.17234878299679,1.5481477975845337
1748716208.3109426,69.17235119124608,1.5481473207473755
1748716208.3444939,69.17235262296238,1.5481468439102173
1748716208.377907,69.17235306612179,1.548146367073059
1748716208.4113338,69.17235305062458,1.54814612865448
1748716208.4447484,69.17235301963017,1.5481460094451904
1748716208.4781194,69.17235300413296,1.5481457710266113
1748716208.5115173,69.17235297313854,1.5481455326080322
1748716208.5479474,69.17235294214413,1.5481452941894531
1748716208.5813944,69.17235243431256,1.5481451749801636
1748716208.6147838,69.17235240331814,1.548144817352295
1748716208.648159,69.17235237232373,1.5481446981430054
1748716208.681664,69.17235234132932,1.5481444597244263
1748716208.7150695,69.17235232583211,1.5481442213058472
1748716208.7485414,69.17235181809973,1.548143982887268
1748716208.7819428,69.17235180260252,1.5481438636779785
1748716208.8153508,69.17235153319326,1.5481436252593994
1748716208.8487737,69.17235150220259,1.5481433868408203
1748716208.8821735,69.17235204102914,1.5481561422348022
1748716208.9155726,69.1723626143228,1.5481433868408203
1748716208.948978,69.17236878254917,1.5481104850769043
1748716208.9824445,69.17237960214185,1.5481032133102417
1748716209.0159042,69.17237378731801,1.5481195449829102
1748716209.049347,69.17237862687999,1.5481116771697998
1748716209.0827506,69.17238130362313,1.548105001449585
1748716209.1161492,69.17238303734318,1.5481127500534058
1748716209.1495538,69.172384932192,1.5481048822402954
1748716209.1830583,69.1723904121666,1.5480996370315552
1748716209.2165024,69.17239277992766,1.5480952262878418
1748716209.25043,69.17239500004506,1.5480589866638184
1748716209.2838748,69.17239549569572,1.5480681657791138
1748716209.3172908,69.17239529928959,1.5480669736862183
1748716209.3507097,69.1723982046342,1.5480626821517944
1748716209.3841252,69.17239776532276,1.5480613708496094
1748716209.4175317,69.17239984667535,1.5480624437332153
1748716209.451042,69.17240065897253,1.5480625629425049
1748716209.4844527,69.17240174943893,1.5480625629425049
1748716209.5178316,69.17240383593048,1.5480610132217407
1748716209.5512686,69.17240613290379,1.5480597019195557
1748716209.5848155,69.17240699833647,1.5480611324310303
1748716209.6182165,69.17240864676677,1.548060655593872
1748716209.6518335,69.17240901420914,1.5480597019195557
1748716209.685442,69.17241099415554,1.5480581521987915
1748716209.7195084,69.17241178898243,1.5480586290359497
1748716209.7524428,69.17241347841394,1.5480583906173706
1748716209.785904,69.17241455459536,1.548058032989502
1748716209.819715,69.17241606526136,1.5480563640594482
1748716209.8531206,69.17241774644079,1.548056721687317
1748716209.8866441,69.17241872820524,1.5480566024780273
1748716209.9200826,69.172420303017,1.5480552911758423
1748716209.953482,69.17242145447277,1.5480546951293945
1748716209.9869146,69.17242321314627,1.5480552911758423
1748716210.0205078,69.17242454572254,1.5480549335479736
1748716210.0539691,69.17242597995455,1.5480533838272095
1748716210.0881422,69.17242696381052,1.5480527877807617
1748716210.1215422,69.17242864931778,1.5480533838272095
1748716210.1549542,69.17243024968919,1.548052430152893
1748716210.1883686,69.17243171712938,1.5480520725250244
1748716210.2217793,69.17243329560827,1.5480512380599976
1748716210.2552912,69.17243438815781,1.5480509996414185
1748716210.2886953,69.17243591231299,1.5480519533157349
1748716210.322146,69.17243740432836,1.5480502843856812
1748716210.3555524,69.1724389896272,1.548048734664917
1748716210.3889613,69.1724409949501,1.5480493307113647
1748716210.4223516,69.17244307256749,1.5480492115020752
1748716210.455972,69.17244371808118,1.548048496246338
1748716210.4894488,69.17244529473659,1.5480475425720215
1748716210.522899,69.17244715284274,1.5480469465255737
1748716210.556305,69.17244809457867,1.5480473041534424
1748716210.5904348,69.17244974423377,1.5480467081069946
1748716210.623878,69.17245069263106,1.54804527759552
1748716210.6572816,69.17245255170324,1.5480458736419678
1748716210.6916673,69.17245347803474,1.5480457544326782
1748716210.725094,69.17245504289363,1.5480440855026245
1748716210.7585022,69.17245621690147,1.5480427742004395
1748716210.791858,69.17245784783502,1.5480440855026245
1748716210.8252616,69.17245932117517,1.5480436086654663
1748716210.8586934,69.1724617659063,1.5480422973632812
1748716210.8920996,69.17246282369446,1.5480409860610962
1748716210.9254963,69.17246394130753,1.5480425357818604
1748716210.9589598,69.17246557837039,1.548041820526123
1748716210.9923897,69.17246709029439,1.5480396747589111
1748716211.0259476,69.17246876341197,1.5480399131774902
1748716211.1008,69.1724713247025,1.5473684072494507
1748716211.1345298,69.17376628452666,1.5484193563461304
1748716211.1681948,69.17799899460462,1.5515919923782349
1748716211.2137275,69.18761925986722,1.557010293006897
1748716211.2473173,69.19482685608796,1.5625048875808716
1748716211.2811627,69.20157141010259,1.568608045578003
1748716211.3184886,69.21131004064769,1.57675302028656
1748716211.351914,69.21913372939669,1.5816283226013184
1748716211.3853176,69.22896719014086,1.5874735116958618
1748716211.425208,69.23681608826308,1.5954996347427368
1748716211.4675415,69.24678183442751,1.6029459238052368
1748716211.5016792,69.25698722351345,1.610058307647705
1748716211.547161,69.26987258762885,1.6175947189331055
1748716211.5827365,69.27741269367384,1.6256462335586548
1748716211.6162338,69.28478110934384,1.6303379535675049
1748716211.6496608,69.29239640708884,1.635244607925415
1748716211.684582,69.30252708201913,1.6418216228485107
1748716211.7181013,69.30978904897934,1.6494101285934448
1748716211.7515628,69.31737594252624,1.6549735069274902
1748716211.785058,69.32722540120018,1.6620161533355713
1748716211.8184633,69.3348273395904,1.6677978038787842
1748716211.85193,69.34265702324078,1.6733430624008179
1748716211.8853993,69.35050486307546,1.6789193153381348
1748716211.9188106,69.358086963621,1.6846201419830322
1748716211.9523292,69.36542776198232,1.6902287006378174
1748716211.988087,69.37555445021678,1.6977503299713135
1748716212.021508,69.38314876226016,1.703576683998108
1748716212.0549078,69.39074482989948,1.7090219259262085
1748716212.0883696,69.40087193551976,1.7146636247634888
1748716212.121784,69.40846675354913,1.7203052043914795
1748716212.1567671,69.41606197274989,1.7280104160308838
1748716212.1902447,69.42618896899796,1.7334617376327515
1748716212.224065,69.43403734482088,1.7409789562225342
1748716212.2575247,69.44163272001981,1.74680757522583
1748716212.2909272,69.45150697986753,1.752262830734253
1748716212.3246634,69.45935555483024,1.7597801685333252
1748716212.358079,69.4666978025885,1.7654134035110474
1748716212.3916583,69.47454674012535,1.771071434020996
1748716212.4251332,69.48466770902577,1.776881217956543
1748716212.462565,69.49277062921692,1.7826956510543823
1748716212.496049,69.50010158610503,1.789688229560852
1748716212.5294988,69.50969351995582,1.7954280376434326
1748716212.5629041,69.51732262948588,1.8002748489379883
1748716212.5966256,69.52468657603183,1.8072805404663086
1748716212.6378427,69.53525380221102,1.8147462606430054
1748716212.673319,69.54260471966603,1.8207194805145264
1748716212.708116,69.55269650091698,1.8281928300857544
1748716212.7449148,69.56278843032926,1.8357151746749878
1748716212.7783532,69.57063554806619,1.8415870666503906
1748716212.8119845,69.578211871486,1.8469351530075073
1748716212.845346,69.58603925975326,1.8528430461883545
1748716212.8787513,69.59333035428594,1.8585810661315918
1748716212.9131477,69.60317896712199,1.864166021347046
1748716212.9510176,69.61098479229952,1.8719353675842285
1748716212.9844701,69.61855914324867,1.8778644800186157
1748716213.0179641,69.62588538391431,1.8831244707107544
1748716213.051497,69.63423198671569,1.88852059841156
1748716213.0849087,69.64102839309344,1.8942875862121582
1748716213.118314,69.6486062181384,1.8999179601669312
1748716213.151799,69.65870056946352,1.9056724309921265
1748716213.1868176,69.66374643386183,1.9112093448638916
1748716213.2202327,69.67139226814106,1.9161336421966553
1748716213.2541642,69.6814739848908,1.9236218929290771
1748716213.2877002,69.68907640120482,1.9292858839035034
1748716213.3215368,69.6969081471252,1.9352065324783325
1748716213.3550322,69.70727508527416,1.941111445426941
1748716213.3893046,69.7143771324066,1.9460406303405762
1748716213.422707,69.72175814971898,1.9528299570083618
1748716213.4561884,69.73236426428079,1.9586580991744995
1748716213.4895747,69.73971645725133,1.965821623802185
1748716213.5239058,69.74757632321194,1.969547152519226
1748716213.557708,69.75491258049249,1.9771188497543335
1748716213.5910852,69.76247427171025,1.9826194047927856
1748716213.6246245,69.77261466237015,1.9881199598312378
1748716213.6580443,69.78045760407488,1.9956390857696533
1748716213.6914895,69.78780491163026,2.0011134147644043
1748716213.7255273,69.7981936869575,2.008650541305542
1748716213.7590966,69.80579474185843,2.014176607131958
1748716213.7925055,69.81570915253626,2.0191903114318848
1748716213.8304288,69.8233458018597,2.0260350704193115
1748716213.8638349,69.83356626381219,2.03075909614563
1748716213.8972788,69.84124110514446,2.037383556365967
1748716213.9325602,69.84883949654434,2.043056011199951
1748716213.966996,69.85904803170976,2.0484282970428467
1748716214.001054,69.8666941194088,2.0561108589172363
1748716214.034461,69.87432711480699,2.0614888668060303
1748716214.083469,69.88710378550442,2.0700111389160156
1748716214.1168916,69.89502020630638,2.0753955841064453
1748716214.1504014,69.90241985097282,2.0808770656585693
1748716214.1860778,69.91032864526196,2.086301565170288
1748716214.2195435,69.92050803949853,2.094381093978882
1748716214.252957,69.92777880100857,2.100257158279419
1748716214.2863445,69.93790616810122,2.1057374477386475
1748716214.321227,69.9451698008512,2.1142799854278564
1748716214.3551788,69.95279958404299,2.1186506748199463
1748716214.3887405,69.96063657373865,2.124695062637329
1748716214.4222748,69.9706604731161,2.1304616928100586
1748716214.4558067,69.97829524498373,2.1369080543518066
1748716214.4895432,69.98575988095983,2.143921136856079
1748716214.5229583,69.9932319089597,2.1501057147979736
1748716214.5563765,70.00326835810665,2.156456470489502
1748716214.594729,70.01100696952612,2.1659936904907227
1748716214.6281703,70.01831573916621,2.1716206073760986
1748716214.661587,70.02583778502968,2.1767051219940186
1748716214.6952832,70.03386406456683,2.1830029487609863
1748716214.7286944,70.04069970856465,2.187458038330078
1748716214.763263,70.04819810450981,2.1920547485351562
1748716214.7980456,70.05576041452632,2.201751947402954
1748716214.8314207,70.06326447276031,2.2083957195281982
1748716214.8648272,70.07053311728289,2.2137415409088135
1748716214.89994,70.07807617201297,2.2206039428710938
1748716214.9333453,70.08531216484116,2.2287771701812744
1748716214.966757,70.09274930410407,2.2357285022735596
1748716215.0072236,70.10303753542607,2.24417781829834
1748716215.04063,70.11060686772535,2.2502975463867188
1748716215.0793245,70.11999519897164,2.262840747833252
1748716215.1153014,70.12954246091145,2.2721023559570312
1748716215.1487038,70.13706504184279,2.281717538833618
1748716215.1832392,70.14461471019658,2.287752151489258
1748716215.2167013,70.15471500450604,2.295973777770996
1748716215.2501082,70.16173245476878,2.307236671447754
1748716215.2861152,70.17171563910252,2.3145804405212402
1748716215.3195393,70.17936897365884,2.325568914413452
1748716215.3531687,70.1864511827956,2.333939790725708
1748716215.3866172,70.196291289939,2.3422653675079346
1748716215.4201415,70.20373555495908,2.3505191802978516
1748716215.4535599,70.21121905124913,2.357851266860962
1748716215.4870334,70.21882527023969,2.3695485591888428
1748716215.5206034,70.22632401308333,2.376358985900879
1748716215.5541143,70.23609330910243,2.3834264278411865
1748716215.5875988,70.24342779013709,2.391587972640991
1748716215.6210907,70.25074599967989,2.4000744819641113
1748716215.6545,70.25818784564797,2.4103217124938965
1748716215.694988,70.26839035825004,2.4198055267333984
1748716215.739261,70.2784470729714,2.431082010269165
1748716215.7727218,70.28512462620203,2.4384818077087402
1748716215.8061678,70.29317625197235,2.4455015659332275
1748716215.839531,70.30274006260822,2.451718330383301
1748716215.8729343,70.31022543456938,2.4601786136627197
1748716215.908032,70.31718316687191,2.4708008766174316
1748716215.9417658,70.32737779533582,2.4799230098724365
1748716215.9814599,70.33710951645355,2.4896934032440186
1748716216.0233266,70.34673093783604,2.499986410140991
1748716216.0586858,70.3541326187141,2.5105812549591064
1748716216.092448,70.36128244855402,2.5190556049346924
1748716216.1321552,70.37411032405494,2.5304372310638428
1748716216.1737866,70.38379250953386,2.540802478790283
1748716216.2071908,70.3912478520296,2.551138401031494
1748716216.2406032,70.39892497444345,2.5594756603240967
1748716216.2768545,70.40625995138402,2.568242073059082
1748716216.3102682,70.41340300842238,2.576756715774536
1748716216.3436902,70.42362124942167,2.5850467681884766
1748716216.3771331,70.4306409722222,2.5920510292053223
1748716216.4105418,70.43851470334002,2.600891590118408
1748716216.443948,70.4456348271204,2.6092422008514404
1748716216.477352,70.45128548624241,2.6180977821350098
1748716216.5107534,70.45806915864435,2.625349998474121
1748716216.5441978,70.46530991683515,2.6300179958343506
1748716216.5776196,70.47267861136268,2.641587972640991
1748716216.6110709,70.48033940295502,2.647179126739502
1748716216.6445289,70.48502136972448,2.656510591506958
1748716216.6782334,70.49328378599587,2.663464069366455
1748716216.711641,70.50275108831396,2.6738617420196533
1748716216.7465057,70.51272177356368,2.681015968322754
1748716216.779946,70.52016516811744,2.6916325092315674
1748716216.8133917,70.53007837450126,2.6991617679595947
1748716216.8468006,70.5375288136339,2.7091691493988037
1748716216.880317,70.54524431389035,2.714503526687622
1748716216.9160135,70.5548638722487,2.7249300479888916
1748716216.9494607,70.56229892990517,2.7329413890838623
1748716216.9829168,70.57043240872792,2.7392096519470215
1748716217.0164974,70.57783937515568,2.747854471206665
1748716217.0499096,70.58537874296306,2.7559990882873535
1748716217.083276,70.59493875801209,2.7627086639404297
1748716217.1166763,70.60222387322038,2.77101731300354
1748716217.1501253,70.60961813382863,2.7780861854553223
1748716217.1835268,70.61708116056202,2.784874677658081
1748716217.2178783,70.62454611743541,2.7920925617218018
1748716217.2514088,70.6318510265463,2.797722816467285
1748716217.2848697,70.63957620695383,2.8045408725738525
1748716217.3222506,70.6495864333187,2.812931776046753
1748716217.3566554,70.65711746400086,2.818610906600952
1748716217.3900793,70.66714848752821,2.824401617050171
1748716217.4234822,70.67467219536181,2.8319127559661865
1748716217.4570405,70.68246999346087,2.8381619453430176
1748716217.4905622,70.6899185853716,2.8442506790161133
1748716217.524795,70.69755873882441,2.8476059436798096
1748716217.5642202,70.70733842970894,2.8520894050598145
1748716217.5976353,70.71471329989784,2.858433723449707
1748716217.6310377,70.72244661555371,2.866105556488037
1748716217.6646774,70.73019068035853,2.8723182678222656
1748716217.6980844,70.73995326492927,2.8760082721710205
1748716217.7316196,70.74788037631878,2.881618022918701
1748716217.7655113,70.75524470407953,2.887087345123291
1748716217.7991364,70.76290561211283,2.8921172618865967
1748716217.8331678,70.77384341656814,2.8963756561279297
1748716217.86665,70.781047398857,2.9007811546325684
1748716217.9000278,70.78876143293769,2.9076616764068604
1748716217.9334707,70.79663259410404,2.9115686416625977
1748716217.9671254,70.80448282204233,2.9166581630706787
1748716218.000543,70.81238382241897,2.9210405349731445
1748716218.034265,70.82097259394847,2.9247348308563232
1748716218.06771,70.8293314485234,2.9276883602142334
1748716218.1011264,70.83661127166158,2.9308407306671143
1748716218.1345234,70.84495043110725,2.93428635597229
1748716218.1679294,70.85276540978273,2.937225580215454
1748716218.2013805,70.86111356475793,2.940434455871582
1748716218.234786,70.86864432085592,2.9436144828796387
1748716218.2681937,70.87672611808709,2.9465503692626953
1748716218.3016007,70.88505203914083,2.950103998184204
1748716218.3350108,70.89015804408291,2.9523472785949707
1748716218.368506,70.89851053575156,2.9551773071289062
1748716218.4020338,70.90658515575035,2.9572901725769043
1748716218.4354353,70.91196028828493,2.96059250831604
1748716218.468843,70.92057181905554,2.9635818004608154
1748716218.502252,70.92810824718823,2.966768503189087
1748716218.53568,70.9391292304143,2.9702024459838867
1748716218.5690844,70.94693976425056,2.9729559421539307
1748716218.6027532,70.95526556880672,2.976407527923584
1748716218.6365378,70.96279438111382,2.9805548191070557
1748716218.6699266,70.96843997355336,2.982577323913574
1748716218.7033432,70.97624980781183,2.9854400157928467
1748716218.7367687,70.98458035573047,2.989048480987549
1748716218.7701826,70.9926484252665,2.9916532039642334
1748716218.8035824,71.0007293562494,2.9943952560424805
1748716218.83707,71.0087979028423,2.9972805976867676
1748716218.8707564,71.01417808333231,2.999295473098755
1748716218.9041543,71.02250300820505,3.002652645111084
1748716218.9377267,71.02734419929435,3.004483222961426
1748716218.9713109,71.0357012284304,3.0068447589874268
1748716219.0047047,71.04646206317256,3.0106616020202637
1748716219.0381982,71.05426510398176,3.0125045776367188
1748716219.0716083,71.05992188503866,3.0150492191314697
1748716219.1050432,71.06801307484908,3.017195701599121
1748716219.1385376,71.07609397816539,3.0198006629943848
1748716219.1721067,71.08416662627589,3.0224573612213135
1748716219.2056036,71.09225387804152,3.0246102809906006
1748716219.239013,71.10005482863806,3.026568651199341
1748716219.272413,71.1084201615197,3.0285491943359375
1748716219.3057935,71.11647760910638,3.0318961143493652
1748716219.339251,71.12188050047212,3.0342166423797607
1748716219.3726602,71.12967869894564,3.0363974571228027
1748716219.4060674,71.13587193149334,3.0373964309692383
1748716219.4397337,71.14036901395136,3.038940906524658
1748716219.4731426,71.14260611651295,3.039757251739502
1748716219.5065415,71.14675223131094,3.040189266204834
1748716219.5399115,71.15019462165019,3.041553497314453
1748716219.5733206,71.15319385606895,3.042922019958496
1748716219.6068215,71.15637617355512,3.043386459350586
1748716219.640604,71.1596184527537,3.0445008277893066
1748716219.674017,71.16296093781978,3.0449459552764893
1748716219.7074165,71.1661814717716,3.046070098876953
1748716219.7411387,71.1694197015235,3.0461416244506836
1748716219.7746336,71.1726765391798,3.047346353530884
1748716219.8080742,71.1759194327123,3.0478603839874268
1748716219.8414435,71.17924832225474,3.0476675033569336
1748716219.8748083,71.1823863936089,3.0487358570098877
1748716219.9083843,71.18576739603205,3.048370122909546
1748716219.941788,71.18879586840175,3.048870801925659
1748716219.9752052,71.19213844980503,3.0494213104248047
1748716220.010428,71.1952584954361,3.0484297275543213
1748716220.0441806,71.19868277793952,3.049020290374756
1748716220.077588,71.20177778272829,3.0493593215942383
1748716220.1110327,71.20499479737974,3.049696683883667
1748716220.1445007,71.20725419787495,3.049652338027954
1748716220.1779063,71.21043197702781,3.049600124359131
1748716220.2114992,71.21413167685972,3.049339771270752
1748716220.2449183,71.21783533813738,3.0486056804656982
1748716220.2783623,71.22156407232173,3.0483033657073975
1748716220.311769,71.22528583084491,3.048804759979248
1748716220.3453858,71.22772448525996,3.0487008094787598
1748716220.3787973,71.23141560944563,3.0480518341064453
1748716220.4122422,71.23603704521472,3.047661066055298
1748716220.445648,71.23837070709867,3.0469415187835693
1748716220.4791443,71.24185217731217,3.0457963943481445
1748716220.512846,71.24649038787916,3.045642375946045
1748716220.546262,71.24876448584496,3.0438995361328125
1748716220.5797677,71.25208593823271,3.0440561771392822
1748716220.6131656,71.25568764109317,3.042675018310547
1748716220.6465724,71.2589493166563,3.042752981185913
1748716220.6799986,71.2622554314886,3.041189670562744
1748716220.7134104,71.26432390880228,3.040951728820801
1748716220.7468035,71.26876256613083,3.039949655532837
1748716220.780224,71.27178205529256,3.0399892330169678
1748716220.8136258,71.27482252660734,3.0390238761901855
1748716220.8470416,71.27883102468694,3.0386300086975098
1748716220.8804488,71.2807612478485,3.0393011569976807
1748716220.913922,71.28350025415271,3.038689374923706
1748716220.9478848,71.28623549024084,3.03753399848938
1748716220.9812968,71.28970071896393,3.0373263359069824
1748716221.0147443,71.2923497604779,3.0374131202697754
1748716221.0481527,71.29484069018626,3.035942554473877
1748716221.0815625,71.29666438567058,3.036128044128418
1748716221.11496,71.30007396193064,3.034874677658081
1748716221.1483676,71.30300033300429,3.0339248180389404
1748716221.1818311,71.30424876908774,3.0344340801239014
1748716221.2152278,71.30666140291272,3.0342483520507812
1748716221.2486868,71.30821431000476,3.032977819442749
1748716221.2825482,71.31065678229487,3.0330653190612793
1748716221.316061,71.31303611527439,3.0318868160247803
1748716221.349471,71.31626197647218,3.032404899597168
1748716221.3828773,71.31857267411759,3.031125783920288
1748716221.4162903,71.32076462305238,3.0319583415985107
1748716221.4497252,71.32302156294051,3.0303549766540527
1748716221.483129,71.3261693832467,3.03201961517334
1748716221.5165133,71.3274549037794,3.0297961235046387
1748716221.549917,71.32938406062094,3.0302586555480957
1748716221.5833898,71.33147174545019,3.0300228595733643
1748716221.616992,71.33349127246898,3.032330274581909
1748716221.651228,71.3354601486605,3.030787467956543
1748716221.6850083,71.33723552626755,3.0308547019958496
1748716221.7184062,71.33902673591714,3.031641721725464
1748716221.751838,71.34080541795986,3.0313961505889893
1748716221.7852724,71.34342628273723,3.032257556915283
1748716221.8186789,71.3444216265619,3.0307703018188477
1748716221.852096,71.34685656932565,3.0322659015655518
1748716221.8856087,71.34855441970019,3.0309863090515137
1748716221.9191234,71.35031559612355,3.032137870788574
1748716221.9526362,71.35212619091475,3.0319135189056396
1748716221.9861066,71.35379520269797,3.0325124263763428
1748716222.019914,71.35550906664537,3.031423330307007
1748716222.0535421,71.35724563931858,3.032310962677002
1748716222.086984,71.35951472568766,3.0317320823669434
1748716222.1203892,71.36013997097348,3.0320253372192383
1748716222.1537862,71.36258330787001,3.0316500663757324
1748716222.1872554,71.36344488928518,3.032499313354492
1748716222.2207732,71.36496895317549,3.032001256942749
1748716222.2541785,71.36668571142863,3.03273868560791
1748716222.287733,71.36802321025274,3.0316667556762695
1748716222.3211632,71.36943777156552,3.033281087875366
1748716222.3546433,71.37091026173243,3.0330095291137695
1748716222.3881242,71.37233973250711,3.032762289047241
1748716222.4215243,71.37327494325834,3.033186674118042
1748716222.4549446,71.37467232646871,3.0326857566833496
1748716222.4883504,71.3759895186502,3.0330588817596436
1748716222.5217485,71.37738066699706,3.0331249237060547
1748716222.555323,71.37864704761985,3.0326223373413086
1748716222.5887208,71.380415030462,3.0330145359039307
1748716222.6221588,71.38168989486884,3.0321741104125977
1748716222.6564922,71.38296017631325,3.0327086448669434
1748716222.689908,71.3841932121225,3.032989263534546
1748716222.723395,71.38539656630144,3.0329790115356445
1748716222.7567947,71.38654551589198,3.0324909687042236
1748716222.7902045,71.38775588416098,3.0326313972473145
1748716222.823616,71.38895348240602,3.0330662727355957
1748716222.8570218,71.39008009954514,3.0323691368103027
1748716222.8904965,71.39081851211948,3.032552719116211
1748716222.9238977,71.39199344087933,3.031907081604004
1748716222.9573476,71.39310904704406,3.032076358795166
1748716222.9907827,71.39426063949068,3.031503438949585
1748716223.0241802,71.39524245505403,3.0315093994140625
1748716223.0576482,71.3962694482103,3.0317671298980713
1748716223.0910554,71.39768971031667,3.0311992168426514
1748716223.124519,71.3982867559856,3.0313169956207275
1748716223.1579244,71.39932964668456,3.03190541267395
1748716223.1913753,71.40033389007874,3.031381607055664
1748716223.2247803,71.40102762449422,3.031639575958252
1748716223.2581537,71.40199801731814,3.0316762924194336
1748716223.2915576,71.40290707188005,3.0313422679901123
1748716223.3250723,71.40351972445647,3.0317697525024414
1748716223.3587005,71.4044860676378,3.0309691429138184
1748716223.3940005,71.40547485578955,3.0312209129333496
1748716223.427357,71.40674527876432,3.0315122604370117
1748716223.4607704,71.40749635168545,3.030958652496338
1748716223.4942203,71.40832155939394,3.0309622287750244
1748716223.528053,71.40913307141194,3.031309127807617
1748716223.5614552,71.40966246587261,3.0315284729003906
1748716223.5949008,71.41040913087618,3.031496524810791
1748716223.628317,71.41114337111831,3.0314478874206543
1748716223.6617436,71.41153764165358,3.031468629837036
1748716223.6951294,71.41173482290664,3.0314440727233887
1748716223.728538,71.41185383546492,3.0314502716064453
1748716223.761945,71.41189187364138,3.031445264816284
1748716223.7954044,71.41191217149078,3.031446695327759
1748716223.828816,71.41192178103329,3.0314455032348633
1748716223.8623338,71.411927411561,3.031445264816284
1748716223.895818,71.41192908049105,3.031445026397705
1748716223.9292672,71.41192980768363,3.031444787979126
1748716223.9626756,71.41193004610221,3.031444787979126
1748716223.9960825,71.4119300151078,3.031444549560547
1748716224.0294917,71.41192989589851,3.0314443111419678
1748716224.0629427,71.41193009956817,3.031442880630493
1748716224.096377,71.41192978957454,3.0314419269561768
1748716224.1298501,71.41192951892056,3.0314409732818604
1748716224.1633506,71.41192932875688,3.031440019607544
1748716224.196975,71.41192881537064,3.031442165374756
1748716224.2303424,71.41192854849531,3.031440258026123
1748716224.2637584,71.41192829389323,3.0314407348632812
1748716224.2971575,71.41192811207465,3.031440019607544
1748716224.330573,71.41192789926167,3.0314393043518066
1748716224.3639846,71.41192756785985,3.0314385890960693
1748716224.3973975,71.41192741703576,3.031437873840332
1748716224.430807,71.41192722687225,3.0314371585845947
1748716224.4642076,71.41192707666855,3.0314371585845947
1748716224.4976206,71.41192692584448,3.0314369201660156
1748716224.5310388,71.4119268066352,3.0314366817474365
1748716224.5645547,71.41192665581114,3.0314364433288574
1748716224.5980349,71.41192653660185,3.0314364433288574
1748716224.6314821,71.41192638639815,3.0314362049102783
1748716224.664887,71.41192623619445,3.031435966491699
1748716224.698287,71.41192611698516,3.03143572807312
1748716224.7316926,71.41192596678145,3.03143572807312
1748716224.7651021,71.41192581657775,3.031435489654541
1748716224.7985141,71.41192578558334,3.031435251235962
1748716224.8320608,71.41192563537963,3.031435012817383
1748716224.8654654,71.41192551617034,3.031435012817383
1748716224.8988674,71.41192539634076,3.0314347743988037
1748716224.932336,71.41192524613706,3.0314345359802246
1748716224.9657984,71.41192521514265,3.031435966491699
1748716224.9992085,71.41193194747977,3.0314524173736572
1748716225.0326202,71.41193385239872,3.0314199924468994
1748716225.0660782,71.41193724643144,3.0314342975616455
1748716225.0994825,71.411937824991,3.03143310546875
1748716225.1329134,71.41194018730243,3.031432867050171
1748716225.1663716,71.4119416404662,3.031433582305908
1748716225.1999383,71.41194346916117,3.0314316749572754
1748716225.233341,71.41194516247288,3.031433343887329
1748716225.2667472,71.41194700975083,3.0314316749572754
1748716225.3001654,71.41194833502777,3.031430721282959
1748716225.3335743,71.41194990636936,3.0314300060272217
1748716225.36706,71.4119519842982,3.03143048286438
1748716225.400601,71.41195342752172,3.0314300060272217
1748716225.4340096,71.41195499992925,3.031428337097168
1748716225.4674225,71.41195654345564,3.0314295291900635
1748716225.5008886,71.4119580647244,3.031428337097168
1748716225.5342908,71.41195973637237,3.031428813934326
1748716225.5676937,71.4119619630906,3.031428337097168
1748716225.6011019,71.4119642616928,3.0314276218414307
1748716225.6345057,71.41196570071399,3.0314271450042725
1748716225.667883,71.41196767530451,3.0314271450042725
1748716225.7013874,71.41196976912327,3.031426429748535
1748716225.7349083,71.41197108432877,3.031425952911377
1748716225.7684717,71.4119728168334,3.031425714492798
1748716225.8019292,71.41197477906888,3.0314249992370605
1748716225.8353753,71.41197654876922,3.0314247608184814
1748716225.8689106,71.41197818511073,3.0314245223999023
1748716225.9023626,71.41197981312129,3.031424045562744
1748716225.9357703,71.41198125734584,3.031423330307007
1748716225.9692168,71.41198286644253,3.0314230918884277
1748716226.002679,71.41198463177304,3.0314226150512695
1748716226.0361729,71.4119862609815,3.0314223766326904
1748716226.0695767,71.4119883121794,3.0314218997955322
1748716226.1029286,71.41198984800944,3.031421661376953
1748716226.1365962,71.41199151233646,3.031420946121216
1748716226.170044,71.41199295796709,3.0314207077026367
1748716226.2034569,71.41199456445618,3.0314199924468994
1748716226.2368703,71.41199648967913,3.0314197540283203
1748716226.2703698,71.41199869988807,3.031418800354004
1748716226.3038285,71.41200043824652,3.031418561935425
1748716226.3372355,71.41200232787298,3.0314183235168457
1748716226.3707373,71.41200422344453,3.0314178466796875
1748716226.4042158,71.41200625202804,3.0314173698425293
1748716226.4376159,71.41200808309914,3.03141713142395
1748716226.4710186,71.4120100052686,3.031416654586792
1748716226.5045648,71.41201194857734,3.031416177749634
1748716226.5380344,71.41201386636087,3.0314157009124756
1748716226.571444,71.4120158217693,3.0314152240753174
1748716226.6048589,71.41201832719008,3.031414747238159
1748716226.7035863,71.41224444097263,3.0313892364501953
1748716226.7419918,71.41830145730121,3.0314109325408936
1748716226.775524,71.42610459238281,3.034484386444092
1748716226.8105488,71.43740123958575,3.0360801219940186
1748716226.8441205,71.44688368410479,3.0366697311401367
1748716226.877558,71.45569670026906,3.041408061981201
1748716226.910989,71.46488266996381,3.0417652130126953
1748716226.9445045,71.47250972447836,3.0362648963928223
1748716226.9809127,71.48291117574358,3.0277650356292725
1748716227.0143726,71.49060486553186,3.014641046524048
1748716227.0478868,71.49874006241883,3.009014368057251
1748716227.0817218,71.51008518866294,3.009632110595703
1748716227.1151567,71.51760763936616,3.0103726387023926
1748716227.1485612,71.52410557284445,3.0028610229492188
1748716227.1820264,71.53035892982747,2.9941024780273438
1748716227.215541,71.53958244195584,2.986754894256592
1748716227.249044,71.54645181979417,2.9763166904449463
1748716227.2825449,71.55639270304249,2.9682836532592773
1748716227.3164325,71.56103649073712,2.9601974487304688
1748716227.3498943,71.57083380078383,2.9494431018829346
1748716227.3832994,71.58092985852427,2.9409501552581787
1748716227.4168873,71.58807985553885,2.9299261569976807
1748716227.4503806,71.59548375287007,2.9219439029693604
1748716227.4837883,71.60289040514195,2.913673162460327
1748716227.5172296,71.61276777743618,2.9054007530212402
1748716227.5506382,71.62017824515789,2.8943705558776855
1748716227.589015,71.62759034807219,2.8860950469970703
1748716227.6224585,71.63747530125259,2.8750593662261963
1748716227.6558766,71.64760807019726,2.866506338119507
1748716227.689332,71.65502303573841,2.8557422161102295
1748716227.7235453,71.66466354025938,2.8474652767181396
1748716227.7569685,71.6696082167165,2.8389127254486084
1748716227.7906013,71.67702434701111,2.830906391143799
1748716227.8240135,71.68444033927094,2.8229010105133057
1748716227.8582306,71.69432892282754,2.81434965133667
1748716227.8916407,71.69902584498374,2.806065320968628
1748716227.9250522,71.70916205838786,2.7977821826934814
1748716227.9634938,71.71905190568444,2.7839832305908203
1748716227.997216,71.72894139117507,2.775700807571411
1748716228.030622,71.73660500764116,2.767146110534668
1748716228.0640721,71.7440215441079,2.756382465362549
1748716228.098081,71.75168370974606,2.7481045722961426
1748716228.1358287,71.76107434933569,2.7398226261138916
1748716228.1692734,71.76626341416204,2.731553792953491
1748716228.2099357,71.77565121268039,2.7207953929901123
1748716228.243376,71.78306188026552,2.712515354156494
1748716228.277267,71.7917082724389,2.7042434215545654
1748716228.3133883,71.80084698478217,2.6929333209991455
1748716228.346837,71.80801017215164,2.6849365234375
1748716228.3854995,71.81788928407195,2.6763839721679688
1748716228.4318335,71.82801681507674,2.662588357925415
1748716228.4766347,71.83765184698176,2.6515491008758545
1748716228.5109863,71.8450643302876,2.6432745456695557
1748716228.552953,71.85593449687153,2.6322391033172607
1748716228.5902944,71.86482136319628,2.621180772781372
1748716228.6238844,71.87469087073366,2.6129329204559326
1748716228.6576116,71.88233079094482,2.6016604900360107
1748716228.6917791,71.88974491016724,2.5935349464416504
1748716228.725513,71.89936997909382,2.5856552124023438
1748716228.7589521,71.90430618847063,2.5772550106048584
1748716228.793159,71.91169940048299,2.5687737464904785
1748716228.828353,71.92154853956227,2.561037302017212
1748716228.862207,71.92893998322405,2.5500309467315674
1748716228.899169,71.93880730358428,2.541801691055298
1748716228.933293,71.94621951966629,2.530689001083374
1748716228.9683383,71.95388385221537,2.52243971824646
1748716229.0017552,71.96105582445037,2.5138306617736816
1748716229.0434983,71.97343470400197,2.5038492679595947
1748716229.0769033,71.98086364038568,2.495777130126953
1748716229.110308,71.98828327696481,2.485189914703369
1748716229.1437147,71.99571032826648,2.4769492149353027
1748716229.1771157,72.00558803197353,2.4688076972961426
1748716229.210519,72.01328676023641,2.4605281352996826
1748716229.2466798,72.02050605445713,2.4507179260253906
1748716229.280327,72.02788268351188,2.4427804946899414
1748716229.3244464,72.04040700005787,2.428753614425659
1748716229.357988,72.04998350806021,2.420943260192871
1748716229.3913963,72.05795943989061,2.4111549854278564
1748716229.4296257,72.06754551774242,2.398919105529785
1748716229.4630315,72.07464971846954,2.3906586170196533
1748716229.4964757,72.08554525866724,2.3809244632720947
1748716229.529879,72.09191665303304,2.3720507621765137
1748716229.563307,72.1016882901464,2.360327959060669
1748716229.5967631,72.10905006280935,2.3516554832458496
1748716229.6301696,72.11891499235107,2.3431789875030518
1748716229.6636605,72.12639221626124,2.334059953689575
1748716229.6970592,72.13412815667229,2.3275375366210938
1748716229.7310207,72.14044335946821,2.3156723976135254
1748716229.7674906,72.14932011748111,2.302309036254883
1748716229.8011065,72.15952972354854,2.2948591709136963
1748716229.8345103,72.167009151723,2.2868881225585938
1748716229.8682873,72.17425038863631,2.2790684700012207
1748716229.901688,72.18144219349682,2.271535634994507
1748716229.9352372,72.19017006922809,2.2616043090820312
1748716229.9687822,72.19740402180639,2.249866485595703
1748716230.0022092,72.20480152039332,2.2404098510742188
1748716230.0368207,72.21209600371066,2.234783172607422
1748716230.0766118,72.22196575339949,2.224365472793579
1748716230.1101203,72.22915890054679,2.2112979888916016
1748716230.143565,72.23905613009802,2.200817823410034
1748716230.1770575,72.24629984683467,2.19053053855896
1748716230.2115784,72.25639581800495,2.181597948074341
1748716230.2450783,72.26372986143227,2.1693105697631836
1748716230.278494,72.27106191093671,2.160365581512451
1748716230.3120565,72.28070211838687,2.147794008255005
1748716230.3454695,72.28837851085954,2.139958381652832
1748716230.378878,72.29572374903802,2.1299610137939453
1748716230.4123616,72.30520015561235,2.1210808753967285
1748716230.4458365,72.31307969994327,2.109092950820923
1748716230.4791844,72.31999907614507,2.100332021713257
1748716230.5126402,72.327405891024,2.0913240909576416
1748716230.5460463,72.33504719265854,2.0820868015289307
1748716230.5796492,72.34218384088445,2.073040723800659
1748716230.6131034,72.35213702552805,2.06292986869812
1748716230.6467586,72.35938592199263,2.0520880222320557
1748716230.6823485,72.36669771207859,2.040966510772705
1748716230.7158103,72.37669812322599,2.0321080684661865
1748716230.7506099,72.38518262980512,2.0209341049194336
1748716230.7840157,72.39264681016324,2.0126442909240723
1748716230.8174233,72.4012668155604,2.0015342235565186
1748716230.8512402,72.40862198470732,1.991674542427063
1748716230.884654,72.41651418180233,1.9839351177215576
1748716230.9180262,72.42357600267404,1.976356029510498
1748716231.0367074,72.44064223036193,1.9638813734054565
1748716231.0707407,72.44392904781415,1.9601025581359863
1748716231.1043034,72.45325734935861,1.9538865089416504
1748716231.1422267,72.4593233875933,1.9455935955047607
1748716231.1758492,72.46878535618049,1.9370473623275757
1748716231.2092533,72.47847967893023,1.928813099861145
1748716231.242668,72.49246632105123,1.9201158285140991
1748716231.2761033,72.50250104762695,1.911383032798767
1748716231.3095124,72.51259491562655,1.8988773822784424
1748716231.3429563,72.52685016478108,1.88948655128479
1748716231.3763561,72.53354793412049,1.881289005279541
1748716231.4098358,72.54787571142627,1.8718433380126953
1748716231.443867,72.55454876987709,1.8629409074783325
1748716231.4773607,72.56507595796482,1.8544352054595947
1748716231.5107613,72.57627473287842,1.8458008766174316
1748716231.5441685,72.5864540970048,1.8373632431030273
1748716231.5776093,72.59702328956922,1.829291820526123
1748716231.6110363,72.60889614010476,1.8200342655181885
1748716231.644447,72.62152124857818,1.8116109371185303
1748716231.677855,72.62854813143981,1.8033981323242188
1748716231.7112577,72.64257492989407,1.7925450801849365
1748716231.7446973,72.65314578996532,1.7846958637237549
1748716231.7780957,72.66371246465395,1.7795754671096802
1748716231.8114924,72.67078396106551,1.7726719379425049
1748716231.8449314,72.6813330103126,1.764804482460022
1748716231.8783967,72.69225945116483,1.7580374479293823
1748716231.9118137,72.7024956019664,1.7512621879577637
1748716231.9452114,72.71415607693329,1.7446449995040894
1748716231.9786174,72.72366977005072,1.7378292083740234
1748716232.0120232,72.73391041947019,1.731353521347046
1748716232.045429,72.74838632631634,1.724868893623352
1748716232.0788965,72.75900529395346,1.7190747261047363
1748716232.1123183,72.7699475970423,1.7127296924591064
1748716232.1457436,72.77666506334592,1.706944227218628
1748716232.1791267,72.78727516862261,1.7016775608062744
1748716232.2125306,72.79788350833142,1.6960101127624512
1748716232.2459364,72.80851509346147,1.6912593841552734
1748716232.2795618,72.81912424981135,1.685943603515625
1748716232.3131635,72.83289440636902,1.6803747415542603
1748716232.3465903,72.84351626232518,1.6737687587738037
1748716232.3799956,72.8509802911,1.671136736869812
1748716232.4134235,72.86126341416714,1.6667674779891968
1748716232.4468224,72.87222809382199,1.662013053894043
1748716232.480229,72.88286624575795,1.658107042312622
1748716232.513626,72.89388181311699,1.6547707319259644
1748716232.5470424,72.90449315013643,1.6515806913375854
1748716232.5804539,72.91122720033155,1.647574782371521
1748716232.6138737,72.92186620470954,1.6441164016723633
1748716232.647273,72.93250644403281,1.640346646308899
1748716232.6806772,72.94668272642055,1.6364669799804688
1748716232.7141256,72.95734472431397,1.6325899362564087
1748716232.7475631,72.97151498978874,1.62882661819458
1748716232.7809703,72.98254207420078,1.6259534358978271
1748716232.8143961,72.99281061000055,1.622467279434204
1748716232.847795,72.99954722490205,1.6205183267593384
1748716232.8811955,73.01412197508785,1.6178287267684937
1748716232.9146647,73.02476869091075,1.615035057067871
1748716232.9481182,73.03539917680395,1.612018346786499
1748716232.9815404,73.04750143261984,1.6103039979934692
1748716233.0149887,73.06028792714895,1.6069746017456055
1748716233.048402,73.07092936633293,1.6050357818603516
1748716233.0818067,73.07803159092441,1.6027038097381592
1748716233.1152658,73.0887086042769,1.6017171144485474
1748716233.1486807,73.10289279000146,1.5992431640625
1748716233.1820934,73.11069947436337,1.5969165563583374
1748716233.2156167,73.1206624301412,1.5959831476211548
1748716233.2490292,73.13453110133635,1.5945883989334106
1748716233.282439,73.14233973818455,1.5920488834381104
1748716233.316437,73.15618791220227,1.5905400514602661
1748716233.3498461,73.16683994715999,1.5889678001403809
1748716233.3832457,73.17819668373963,1.5874195098876953
1748716233.4166522,73.18850063754073,1.5857417583465576
1748716233.4501154,73.20240047899337,1.585085153579712
1748716233.483522,73.2095185195056,1.5841230154037476
1748716233.517037,73.22019013438054,1.5822795629501343
1748716233.5504525,73.2312200155454,1.5811893939971924
1748716233.5838926,73.23762355282472,1.580763578414917
1748716233.6173522,73.24866266558442,1.5799217224121094
1748716233.6508572,73.26073814890027,1.5788612365722656
1748716233.684291,73.26997605324195,1.5773303508758545
1748716233.7177079,73.28064709162273,1.5765377283096313
1748716233.7511988,73.29167077505188,1.5753624439239502
1748716233.7846909,73.3016324499825,1.5745737552642822
1748716233.818089,73.31230671485085,1.5741058588027954
1748716233.8515046,73.32334240016448,1.5734760761260986
1748716233.8850355,73.33401089202385,1.5728833675384521
1748716233.9185271,73.34537753823571,1.5717695951461792
1748716233.951926,73.35532822519008,1.5715491771697998
1748716233.9853358,73.36562984794428,1.570127010345459
1748716234.0194705,73.37665348288257,1.5695794820785522
1748716234.052879,73.38411797582738,1.5691250562667847
1748716234.0862892,73.39442645414336,1.5685184001922607
1748716234.1196904,73.40508309379909,1.5678437948226929
1748716234.1530578,73.415743590471,1.56725013256073
1748716234.1872654,73.42996631589476,1.5666133165359497
1748716234.2206714,73.44028739024627,1.5661431550979614
1748716234.2540846,73.45130765353636,1.565380573272705
1748716234.2874813,73.46197311692309,1.5649563074111938
1748716234.320897,73.47441870508831,1.5641599893569946
1748716234.3543737,73.48331589345976,1.5640335083007812
1748716234.3878906,73.49042972464667,1.5638076066970825
1748716234.4212925,73.50109528200167,1.5634788274765015
1748716234.4547305,73.51175648172998,1.5628193616867065
1748716234.4881356,73.5224250017445,1.5626084804534912
1748716234.521543,73.53309246529686,1.562406301498413
1748716234.5550547,73.54766734067749,1.5622467994689941
1748716234.5886924,73.55797516269449,1.5621687173843384
1748716234.6220932,73.56934758268639,1.5618516206741333
1748716234.6555016,73.57538862207969,1.5616415739059448
1748716234.6889644,73.58676094925087,1.5615309476852417
1748716234.7227728,73.59351232564401,1.561495304107666
1748716234.756828,73.60773479937544,1.5617954730987549
1748716234.7903645,73.6180458010034,1.5614583492279053
1748716234.823801,73.6290726542076,1.5614969730377197
1748716234.8572261,73.63938298599595,1.561704158782959
1748716234.8906305,73.65040726131437,1.5614349842071533
1748716234.9240286,73.66107713120785,1.5617097616195679
1748716234.957414,73.67210993716535,1.5615202188491821
1748716234.9909136,73.6788768691811,1.5622667074203491
1748716235.024349,73.68956874820053,1.5622199773788452
1748716235.05778,73.70060916415302,1.5620378255844116
1748716235.0911717,73.71092966104347,1.56255304813385
1748716235.1247015,73.72072107267888,1.562709093093872
1748716235.158099,73.72758447584103,1.5622625350952148
1748716235.1915762,73.73263226843154,1.562575340270996
1748716235.224997,73.73688703368778,1.5622291564941406
1748716235.2584422,73.74042444658876,1.5622941255569458
1748716235.2919016,73.74386892647082,1.5625512599945068
1748716235.3257198,73.74720452003577,1.562187910079956
1748716235.3591192,73.7515724697608,1.5617905855178833
1748716235.3924854,73.75374849909771,1.5621761083602905
1748716235.4258416,73.75702972709885,1.561311960220337
1748716235.4592624,73.76020737297601,1.561869740486145
1748716235.4928193,73.76347450129776,1.5618996620178223
1748716235.5262282,73.76789520494549,1.5613068342208862
1748716235.5596278,73.77111897100299,1.5611467361450195
1748716235.5930302,73.77433343083808,1.5608410835266113
1748716235.6264315,73.77743967240686,1.5603418350219727
1748716235.6598496,73.78077078679311,1.560413122177124
1748716235.6932912,73.78387044017371,1.5595120191574097
1748716235.7266803,73.78708341117205,1.5588232278823853
1748716235.76008,73.79041063509955,1.5586389303207397
1748716235.7935483,73.79362151301527,1.5583984851837158
1748716235.8271222,73.79681003476425,1.5578261613845825
1748716235.8605354,73.79999943169561,1.55708909034729
1748716235.8939433,73.80313988382153,1.5559722185134888
1748716235.927387,73.8068993529076,1.5556836128234863
1748716235.9607902,73.81107539963304,1.5542439222335815
1748716235.9942334,73.8153014479215,1.554079294204712
1748716236.027646,73.8181402944518,1.553399920463562
1748716236.0613656,73.82378503669311,1.5518627166748047
1748716236.0947437,73.82804599387677,1.5524945259094238
1748716236.128151,73.83218142099219,1.5508488416671753
1748716236.1615493,73.834918280539,1.5494210720062256
1748716236.1949532,73.83913516371676,1.5478109121322632
1748716236.2283556,73.84303257581671,1.5467029809951782
1748716236.26173,73.84700120283543,1.5451236963272095
1748716236.2951715,73.85109182073302,1.5454692840576172
1748716236.3285928,73.85354502723415,1.5451587438583374
1748716236.362083,73.85710849269408,1.5423526763916016
1748716236.3955367,73.86095661968686,1.5410076379776
1748716236.428943,73.86454504446488,1.5403131246566772
1748716236.4625225,73.8684126089968,1.5390160083770752
1748716236.495983,73.87206142138723,1.5372854471206665
1748716236.5293899,73.87648857563218,1.5354726314544678
1748716236.5627847,73.87994284444665,1.5341079235076904
1748716236.5963278,73.88340105094774,1.5340954065322876
1748716236.6297295,73.88678587029924,1.5334545373916626
1748716236.6631405,73.89007213861173,1.5322338342666626
1748716236.6965895,73.89441125390464,1.5326886177062988
1748716236.7300277,73.89765733355821,1.5310029983520508
1748716236.7634504,73.90057423116194,1.5298717021942139
1748716236.7970564,73.90368445215742,1.529371738433838
1748716236.8304384,73.90789067110823,1.528908133506775
1748716236.864052,73.9108277438398,1.5268092155456543
1748716236.8975039,73.91359480825155,1.5278910398483276
1748716236.9320183,73.91751985226452,1.5264923572540283
1748716236.965514,73.92037652240845,1.5271705389022827
1748716236.99892,73.9231051483384,1.5272557735443115
1748716237.0323772,73.92486082792226,1.525807499885559
1748716237.065857,73.92741711818859,1.5249865055084229
1748716237.0992599,73.93016084208838,1.525393009185791
1748716237.132705,73.93281498518618,1.5243488550186157
1748716237.166182,73.93545868727655,1.5248016119003296
1748716237.1996462,73.93804875210222,1.524553894996643
1748716237.2330568,73.94062659039501,1.5239006280899048
1748716237.266449,73.94308798994518,1.522527813911438
1748716237.2998936,73.94552468945204,1.5222033262252808
1748716237.3336236,73.94792794462703,1.5222233533859253
1748716237.3670285,73.94943100770536,1.5212666988372803
1748716237.4005942,73.95194451906102,1.521342396736145
1748716237.4340084,73.95492181209765,1.5209946632385254
1748716237.467442,73.9571087026284,1.5212494134902954
1748716237.5008898,73.9594149087913,1.5200963020324707
1748716237.5344865,73.96170504986866,1.5207929611206055
1748716237.5679288,73.96385905717563,1.5192954540252686
1748716237.6013393,73.96615459516497,1.519657850265503
1748716237.6347868,73.96825630641034,1.5195053815841675
1748716237.6681943,73.97036059735238,1.5187036991119385
1748716237.7016437,73.97235186260883,1.519181489944458
1748716237.7350612,73.9737582124414,1.5186347961425781
1748716237.7685013,73.97628553152008,1.5184941291809082
1748716237.8019478,73.97816251720144,1.5180937051773071
1748716237.835392,73.98013092611338,1.517443299293518
1748716237.868845,73.98242575356439,1.5166202783584595
1748716237.902257,73.98422627102563,1.516157627105713
1748716237.936252,73.9860114996402,1.5158801078796387
1748716237.9704573,73.98769881780348,1.5150482654571533
1748716238.00386,73.9889092306559,1.5152252912521362
1748716238.037228,73.99064386796059,1.5148777961730957
1748716238.0707123,73.9924420197807,1.5147923231124878
1748716238.1041138,73.99407903233877,1.5137475728988647
1748716238.1376572,73.99577049234713,1.5141397714614868
1748716238.1710649,73.9975309914096,1.5127735137939453
1748716238.2044935,73.99927346863835,1.513494849205017
1748716238.2379034,74.00095656054202,1.5126290321350098
1748716238.2713232,74.00269247099445,1.5132752656936646
1748716238.3047829,74.0037633629091,1.5125917196273804
1748716238.33939,74.00527379324308,1.5131115913391113
1748716238.3728044,74.00686971384242,1.5126235485076904
1748716238.406217,74.00886449103723,1.5137794017791748
1748716238.4397128,74.01042845280159,1.5132073163986206
1748716238.4731376,74.01182979220619,1.5137046575546265
1748716238.5067542,74.0132511557782,1.51351797580719
1748716238.5401576,74.0145420516654,1.5135910511016846
1748716238.573607,74.01589130921634,1.5135810375213623
1748716238.6070127,74.01712588719064,1.5138442516326904
1748716238.6405358,74.01799683764963,1.5135247707366943
1748716238.6744514,74.0192365118007,1.5139846801757812
1748716238.7078698,74.02098833711416,1.5138887166976929
1748716238.7412493,74.02206446780471,1.5139706134796143
1748716238.7746162,74.02320346175463,1.513961672782898
1748716238.8080175,74.02439535103252,1.514328956604004
1748716238.8414266,74.02591079568485,1.5136932134628296
1748716238.8748305,74.0270643171305,1.5144028663635254
1748716238.9084642,74.02818600473952,1.5141055583953857
1748716238.9418662,74.02931089459125,1.5142452716827393
1748716238.9753585,74.03038441910282,1.5142289400100708
1748716239.0087554,74.0314181962202,1.5142543315887451
1748716239.0421553,74.03210606934461,1.5142356157302856
1748716239.075603,74.03304887014639,1.514236569404602
1748716239.1090913,74.03417606997854,1.5142287015914917
1748716239.1424997,74.03505584358757,1.5142242908477783
1748716239.175916,74.0360177915979,1.514218807220459
1748716239.2093377,74.03693194015689,1.5142124891281128
1748716239.2427447,74.03789388187634,1.514209508895874
1748716239.2765064,74.0387822653935,1.5142024755477905
1748716239.3098798,74.03941748382155,1.5142000913619995
1748716239.3432875,74.04034221102178,1.514194369316101
1748716239.3768122,74.04116561134654,1.5141910314559937
1748716239.4102185,74.04206260512132,1.514185905456543
1748716239.4436188,74.04291658386023,1.514182209968567
1748716239.4770288,74.0437285660257,1.5141756534576416
1748716239.5110037,74.0445844421711,1.5141706466674805
1748716239.5444353,74.04539929798071,1.5141658782958984
1748716239.5778902,74.04622653159113,1.5141613483428955
1748716239.611379,74.04696301827052,1.5141578912734985
1748716239.6448405,74.0477654542069,1.5141514539718628
1748716239.678359,74.04847325528713,1.5141505002975464
1748716239.7117653,74.0488888028985,1.5141468048095703
1748716239.7451725,74.0490941888747,1.514144778251648
1748716239.7785852,74.04920500241995,1.514142632484436
1748716239.812007,74.0492805068884,1.5141427516937256
1748716239.8454223,74.0493091889536,1.5141352415084839
1748716239.8790243,74.04932260912314,1.514140248298645
1748716239.912429,74.04933216831799,1.5141390562057495
1748716239.9458325,74.04933813271552,1.5141360759735107
1748716239.981406,74.04934144522856,1.5141353607177734
1748716240.014786,74.04934297747637,1.5141347646713257
1748716240.0482001,74.04934505864546,1.5141348838806152
1748716240.0816283,74.04934656597901,1.514134168624878
1748716240.115087,74.04934815276522,1.5141360759735107
1748716240.1484578,74.04934909398786,1.5141328573226929
1748716240.1818638,74.04935055661919,1.5141321420669556
1748716240.2152717,74.04935246940909,1.514132022857666
1748716240.2487748,74.04935358528137,1.5141316652297974
1748716240.282215,74.04935419743035,1.5141319036483765
1748716240.3156414,74.0493555745851,1.5141295194625854
1748716240.3490462,74.04935710116132,1.5141302347183228
1748716240.3824482,74.04935838132214,1.5141319036483765
1748716240.4159992,74.04936048995638,1.5141289234161377
1748716240.4494092,74.04936158543885,1.5141291618347168
1748716240.4828112,74.04936255764758,1.5141267776489258
1748716240.516226,74.04936371512409,1.514127492904663
1748716240.54963,74.04936433995793,1.5141291618347168
1748716240.5830545,74.0493665225814,1.514126181602478
1748716240.619557,74.04936715021461,1.5141264200210571
1748716240.6529794,74.0493695741799,1.5141236782073975
1748716240.6865926,74.04937030255265,1.514123797416687
1748716240.7200015,74.04937159570947,1.5141236782073975
1748716240.7534103,74.0493736822506,1.5141234397888184
1748716240.7871082,74.0493751819071,1.514122486114502
1748716240.820514,74.04937671862,1.5141223669052124
1748716240.8539789,74.04937780934621,1.514121651649475
1748716240.8873904,74.04937969502112,1.5141230821609497
1748716240.920844,74.04938067958767,1.5141205787658691
1748716240.9542558,74.04938169377928,1.5141196250915527
1748716240.987666,74.049382113132,1.5141196250915527
1748716241.0210793,74.04938426425808,1.514119267463684
1748716241.0544822,74.04938534426289,1.5141195058822632
1748716241.087885,74.04938630072819,1.5141171216964722
1748716241.1213014,74.04938713261123,1.5141178369522095
1748716241.1548405,74.04938794642645,1.5141195058822632
1748716241.1883855,74.04939031004186,1.5141165256500244
1748716241.221806,74.04939137380752,1.514115571975708
1748716241.25521,74.04939231037012,1.5141180753707886
1748716241.2886224,74.04939288701887,1.5141149759292603
1748716241.322467,74.0493951686755,1.514115333557129
1748716241.3560603,74.04939666215284,1.5141141414642334
1748716241.3895583,74.04939789883964,1.5141137838363647
1748716241.4230158,74.04940013863703,1.514115333557129
1748716241.456432,74.04940125451205,1.5141122341156006
1748716241.4898345,74.04940194062819,1.5141116380691528
1748716241.5232468,74.04940343195997,1.5141099691390991
1748716241.5566604,74.04940487788053,1.5141112804412842
1748716241.5900297,74.04940623356907,1.5141125917434692
1748716241.623655,74.04940725269155,1.514109492301941
1748716241.6570554,74.04940975183544,1.5141098499298096
1748716241.6905105,74.04941101709971,1.5141085386276245
1748716241.7239122,74.04941214190553,1.5141085386276245
1748716241.757324,74.04941262857852,1.5141085386276245
1748716241.79074,74.04941399381855,1.514106035232544
1748716241.824088,74.04941552470771,1.5141068696975708
1748716241.857491,74.04941641334227,1.514108419418335
1748716241.89089,74.04941812108618,1.5141053199768066
1748716241.9242926,74.04941891621375,1.5141044855117798
1748716241.957695,74.04942124696161,1.5141043663024902
1748716241.9912791,74.04942244555052,1.5141041278839111
1748716242.024691,74.04942414533542,1.5141056776046753
1748716242.058124,74.04942621737304,1.514102578163147
1748716242.0915658,74.04942699860581,1.5141018629074097
1748716242.125036,74.04942888235391,1.514101505279541
1748716242.1583562,74.04942931509149,1.5141013860702515
1748716242.1917694,74.04943106161474,1.5141029357910156
1748716242.2252173,74.04943258242464,1.5140999555587769
1748716242.258618,74.04943394240979,1.5140990018844604
1748716242.2920227,74.04943619732576,1.5140990018844604
1748716242.3254342,74.04943727469225,1.5140984058380127
1748716242.358871,74.04943843216216,1.5140976905822754
1748716242.3924224,74.04943915742302,1.5140963792800903
1748716242.4258327,74.04944088271348,1.5140968561172485
1748716242.4592886,74.04944166083102,1.5140984058380127
1748716242.492712,74.04944221422633,1.514095664024353
1748716242.5261188,74.04944457953397,1.5140961408615112
1748716242.5595734,74.04944594477243,1.5140936374664307
1748716242.5930119,74.04944815131549,1.5140944719314575
1748716242.6263995,74.04944870326496,1.5140955448150635
1748716242.6598005,74.04945013621101,1.5140931606292725
1748716242.7836392,74.04999091557703,1.5151747465133667
1748716242.8183494,74.05313606064315,1.512204885482788
1748716242.851989,74.05894937133347,1.506826639175415
1748716242.885397,74.06491579441132,1.5003330707550049
1748716242.9220262,74.073875345866,1.4904650449752808
1748716242.9622755,74.0831404466056,1.480290174484253
1748716242.996291,74.09065797002042,1.469236135482788
1748716243.0297053,74.09823767222788,1.4607056379318237
1748716243.066518,74.10562192127006,1.4527441263198853
1748716243.1000018,74.11277899553929,1.4444549083709717
1748716243.1336913,74.12044460694138,1.4361644983291626
1748716243.1706111,74.13010203529016,1.4251023530960083
1748716243.2058933,74.13778284750579,1.4165189266204834
1748716243.246354,74.15017706895358,1.4054495096206665
1748716243.2797558,74.15736654874205,1.3943743705749512
1748716243.3159966,74.16728480112822,1.3863435983657837
1748716243.3494418,74.17472385181239,1.3749854564666748
1748716243.3829155,74.18216364686647,1.366955280303955
1748716243.416372,74.18985220644028,1.3583776950836182
1748716243.449778,74.20001973103246,1.3497905731201172
1748716243.483185,74.20721125071636,1.3395453691482544
1748716243.516592,74.21465106482115,1.3306776285171509
1748716243.5501297,74.22209147442653,1.3226492404937744
1748716243.5836267,74.23176398712896,1.3115695714950562
1748716243.6170294,74.23945195790695,1.3032397031784058
1748716243.651968,74.24665079821878,1.295181155204773
1748716243.6853857,74.25631418841736,1.2837506532669067
1748716243.7198858,74.26373054682227,1.2753270864486694
1748716243.753288,74.27388173195492,1.2675848007202148
1748716243.787377,74.2813036318116,1.2564678192138672
1748716243.8208396,74.2889897838419,1.2480292320251465
1748716243.8542464,74.29644576681432,1.240720510482788
1748716243.8876522,74.30437855779633,1.232078194618225
1748716243.9211771,74.3134763935892,1.2217518091201782
1748716243.9546077,74.32091406782239,1.2136754989624023
1748716243.9880702,74.32835959918413,1.205356478691101
1748716244.0222113,74.33575325477958,1.200036883354187
1748716244.0556238,74.34570902575699,1.19013512134552
1748716244.0891237,74.35065167376709,1.181430459022522
1748716244.1284063,74.36101445266807,1.1712759733200073
1748716244.1695426,74.37069611758261,1.1601194143295288
1748716244.205292,74.38060803562243,1.1529204845428467
1748716244.2623549,74.39522899355936,1.1362416744232178
1748716244.298301,74.40265033489578,1.127486228942871
1748716244.3384047,74.41244343938955,1.117385745048523
1748716244.3723607,74.42240590769732,1.1097127199172974
1748716244.4058983,74.42988514365324,1.0991028547286987
1748716244.4397395,74.4396395935276,1.088728904724121
1748716244.4740477,74.4499299385923,1.082227349281311
1748716244.5084865,74.45682784285235,1.0700212717056274
1748716244.5418983,74.46416079546215,1.0627338886260986
1748716244.5753663,74.47169451722245,1.0564415454864502
1748716244.610836,74.48183026537353,1.050153374671936
1748716244.6445498,74.48964449705713,1.0439785718917847
1748716244.6781352,74.4992915775301,1.03633451461792
1748716244.7115374,74.50688040306873,1.0312801599502563
1748716244.7477586,74.51698480908776,1.0287301540374756
1748716244.7815619,74.52490419821652,1.0308293104171753
1748716244.8149703,74.53563163859286,1.033239722251892
1748716244.848387,74.54424424555812,1.0322479009628296
1748716244.8817918,74.55315755347183,1.0350456237792969
1748716244.9160798,74.56537382184088,1.0432943105697632
1748716244.949483,74.57455807900091,1.056220293045044
1748716244.985018,74.5842108493131,1.0650771856307983
1748716245.023504,74.59719965899467,1.0742931365966797
1748716245.0681388,74.60964192780553,1.0896097421646118
1748716245.1017563,74.617875389142,1.097395896911621
1748716245.1415093,74.62805281044189,1.1043089628219604
1748716245.175484,74.6366113501899,1.1092565059661865
1748716245.2088878,74.64473110591193,1.115383267402649
1748716245.2424202,74.65509332940319,1.1233993768692017
1748716245.2770476,74.66574158207004,1.1286388635635376
1748716245.3110535,74.67360862770587,1.134083867073059
1748716245.3446426,74.68143213001055,1.1417057514190674
1748716245.3798313,74.68932254723333,1.14703369140625
1748716245.413241,74.6973575234075,1.15217924118042
1748716245.4466376,74.70524347814028,1.1579842567443848
1748716245.480149,74.71277410759116,1.1631051301956177
1748716245.513639,74.72075391209559,1.1691871881484985
1748716245.5492482,74.73088702713717,1.1764227151870728
1748716245.5826845,74.73842146619337,1.1803282499313354
1748716245.6164207,74.74647993762775,1.1851307153701782
1748716245.6518877,74.75692831593808,1.1905057430267334
1748716245.6855032,74.76191552375843,1.1962107419967651
1748716245.719364,74.76978261103231,1.2009305953979492
1748716245.75277,74.77814064647428,1.2013839483261108
1748716245.7868187,74.7897000187303,1.2042100429534912
1748716245.8207698,74.79900179966823,1.208471417427063
1748716245.8583994,74.80868695564173,1.2076164484024048
1748716245.8919313,74.81733876765806,1.2091401815414429
1748716245.926097,74.8290230982225,1.2130396366119385
1748716245.9602437,74.83826439025191,1.209545373916626
1748716245.9936893,74.84706957884552,1.2013870477676392
1748716246.027099,74.85642602601904,1.1858611106872559
1748716246.060658,74.8647661164736,1.180693507194519
1748716246.095505,74.87513722939359,1.173597812652588
1748716246.1290343,74.88338323850805,1.1763774156570435
1748716246.162478,74.8916774674918,1.1816606521606445
1748716246.1959143,74.90102628072324,1.1826690435409546
1748716246.229321,74.90995607717353,1.1772314310073853
1748716246.2630188,74.91850540521516,1.1691361665725708
1748716246.2964864,74.9272592888413,1.1639797687530518
1748716246.3306987,74.93589031205228,1.1654630899429321
1748716246.3658795,74.94747518019814,1.1645420789718628
1748716246.4016829,74.95644153551272,1.1636128425598145
1748716246.4365733,74.96803450059376,1.1701114177703857
1748716246.4707074,74.97612263030221,1.1758818626403809
1748716246.5041287,74.98373074672696,1.1747851371765137
1748716246.5375414,74.991774068484,1.1749026775360107
1748716246.5709703,74.99957785665184,1.1793843507766724
1748716246.608596,75.00950078656605,1.17698335647583
1748716246.6424205,75.02055706080347,1.1791751384735107
1748716246.6765366,75.02741826793358,1.1730456352233887
1748716246.7101314,75.03422699781197,1.1650807857513428
1748716246.7435472,75.04392696285437,1.1602708101272583
1748716246.7769923,75.05142136677595,1.1635876893997192
1748716246.810476,75.0590379354571,1.16460120677948
1748716246.843885,75.06783954786431,1.1623387336730957
1748716246.8772764,75.0776514503034,1.161570429801941
1748716246.910679,75.0869007355101,1.1665984392166138
1748716246.944085,75.09664541124869,1.1675539016723633
1748716246.9775922,75.10676323813328,1.1669336557388306
1748716247.0117884,75.11687788523916,1.1704192161560059
1748716247.0452402,75.12667141424387,1.1725600957870483
1748716247.0786555,75.13613633131271,1.1743056774139404
1748716247.1120548,75.14611054837614,1.1741647720336914
1748716247.1456702,75.15478434224296,1.1679328680038452
1748716247.179077,75.16527820057898,1.1606521606445312
1748716247.2124846,75.17412753008662,1.1528010368347168
1748716247.2485893,75.18457956770108,1.14726984500885
1748716247.2821078,75.19465881766281,1.1394668817520142
1748716247.3158543,75.20391937035124,1.1367464065551758
1748716247.3494282,75.21357781590275,1.133878469467163
1748716247.383318,75.22751701376664,1.130832552909851
1748716247.416724,75.23531399823996,1.1326775550842285
1748716247.4501305,75.24359756278729,1.1364821195602417
1748716247.4835498,75.25316499325345,1.1385453939437866
1748716247.51698,75.26005452051812,1.1364277601242065
1748716247.5508025,75.27000824743439,1.1371839046478271
1748716247.5862048,75.28356193409653,1.1381431818008423
1748716247.6200066,75.29342471957172,1.1318963766098022
1748716247.6534224,75.30301125668174,1.1310704946517944
1748716247.6868305,75.31320237686624,1.1294808387756348
1748716247.7202547,75.32341537272265,1.1221834421157837
1748716247.753672,75.33346778593709,1.1197211742401123
1748716247.7870896,75.34364511488843,1.1227467060089111
1748716247.8204818,75.35400957722092,1.122153639793396
1748716247.8539982,75.36099492515059,1.1234568357467651
1748716247.887413,75.37155904931687,1.1223481893539429
1748716247.9215481,75.38218948366404,1.1232649087905884
1748716247.9550352,75.38928737204743,1.1221184730529785
1748716247.988511,75.40029356719596,1.123288631439209
1748716248.0220833,75.41410448151818,1.121668815612793
1748716248.0555356,75.425050160914,1.1234071254730225
1748716248.088941,75.43606774047507,1.1225500106811523
1748716248.1224606,75.44569374943173,1.1226727962493896
1748716248.155951,75.46029455207893,1.121300458908081
1748716248.189399,75.4705885993952,1.122604250907898
1748716248.2228372,75.48124339016202,1.1224485635757446
1748716248.2599435,75.48870905103443,1.1225011348724365
1748716248.2933526,75.49902576408414,1.122438907623291
1748716248.326758,75.50968101431502,1.1225167512893677
1748716248.360196,75.52070870195743,1.1225651502609253
1748716248.3936393,75.53208431319658,1.1225088834762573
1748716248.4270442,75.54239690584987,1.1226738691329956
1748716248.4604504,75.55236196449147,1.1226717233657837
1748716248.493845,75.56338026665507,1.122610092163086
1748716248.527243,75.57404463900826,1.122786521911621
1748716248.5607793,75.5847046075003,1.1225801706314087
1748716248.5942461,75.59856709439069,1.122808575630188
1748716248.6278477,75.60212522540517,1.1228139400482178
1748716248.6612477,75.61350383584934,1.1227648258209229
1748716248.6955128,75.62773000700922,1.1226940155029297
1748716248.7289174,75.6387557059298,1.1226414442062378
1748716248.7623348,75.65227256068049,1.1225740909576416
1748716248.795833,75.66258741167972,1.1225401163101196
1748716248.8292427,75.6736138351428,1.122485637664795
1748716248.862656,75.68108358642641,1.1224285364151
1748716248.8960757,75.68784197236586,1.1224168539047241
1748716248.9295077,75.68784197236586,1.1224168539047241
1748716248.9629188,75.68784197236586,1.1224168539047241
1748716248.9963665,75.68784197236586,1.1224168539047241
1748716249.0297897,75.68784197236586,1.1224168539047241
1748716249.0632813,75.68784197236586,1.1224168539047241
1748716249.0966947,75.68784197236586,1.1224168539047241
1748716249.1302762,75.68784197236586,1.1224168539047241
1748716249.1636877,75.68784197236586,1.1224168539047241
1748716249.197052,75.68784197236586,1.1224168539047241
1748716249.2305322,75.68784197236586,1.1224168539047241
1748716249.264111,75.68784197236586,1.1224168539047241
1748716249.297525,75.68784197236586,1.1224168539047241
1748716249.3309739,75.68784197236586,1.1224168539047241
1748716249.3644128,75.68784197236586,1.1224168539047241
1748716249.3978705,75.68784197236586,1.1224168539047241
1748716249.4312875,75.68784197236586,1.1224168539047241
1748716249.4647071,75.68784197236586,1.1224168539047241
1748716249.4982586,75.68784197236586,1.1224168539047241
1748716249.531658,75.68784197236586,1.1224168539047241
1748716249.5651336,75.68784197236586,1.1224168539047241
1748716249.5985513,75.68784197236586,1.1224168539047241
1748716249.6321065,75.68784197236586,1.1224168539047241
1748716249.6655157,75.68784197236586,1.1224168539047241
1748716249.6989446,75.68784197236586,1.1224168539047241
1748716249.732362,75.68784197236586,1.1224168539047241
1748716249.7657776,75.68784197236586,1.1224168539047241
1748716249.799307,75.68784197236586,1.1224168539047241
1748716249.832722,75.68784197236586,1.1224168539047241
1748716249.8661482,75.68784197236586,1.1224168539047241
1748716249.8996346,75.68784197236586,1.1224168539047241
1748716249.9331,75.68784197236586,1.1224168539047241
1748716249.9665153,75.68784197236586,1.1224168539047241
1748716249.9999304,75.68784197236586,1.1224168539047241
1748716250.0333421,75.68784197236586,1.1224168539047241
1748716250.0669303,75.68784197236586,1.1224168539047241
1748716250.1003766,75.68784197236586,1.1224168539047241
1748716250.1338062,75.68784197236586,1.1224168539047241
1748716250.16722,75.68784197236586,1.1224168539047241
1748716250.2008011,75.68784197236586,1.1224168539047241
1748716250.2342048,75.68784197236586,1.1224168539047241
1748716250.267642,75.68784197236586,1.1224168539047241
1748716250.3010569,75.68784197236586,1.1224168539047241
1748716250.334475,75.68784197236586,1.1224168539047241
1748716250.3678944,75.68784197236586,1.1224168539047241
1748716250.401294,75.68784197236586,1.1224168539047241
1748716250.4347146,75.68784197236586,1.1224168539047241
1748716250.4682813,75.68784197236586,1.1224168539047241
1748716250.501694,75.68784197236586,1.1224168539047241
1748716250.5351322,75.68784197236586,1.1224168539047241
1748716250.5685847,75.68784197236586,1.1224168539047241
1748716250.6020572,75.68784197236586,1.1224168539047241
1748716250.6354737,75.68784197236586,1.1224168539047241
1748716250.668898,75.68784197236586,1.1224168539047241
1748716250.7023323,75.68784197236586,1.1224168539047241
1748716250.7357945,75.68784197236586,1.1224168539047241
1748716250.7692056,75.68784197236586,1.1224168539047241
1748716250.8026216,75.68784197236586,1.1224168539047241
1748716250.836071,75.68784197236586,1.1224168539047241
1748716250.8694978,75.68784197236586,1.1224168539047241
1748716250.9029212,75.68784197236586,1.1224168539047241
1748716250.9363627,75.68784197236586,1.1224168539047241
1748716250.9697766,75.68784197236586,1.1224168539047241
1748716251.0031936,75.68784197236586,1.1224168539047241
1748716251.0366151,75.68784197236586,1.1224168539047241
1748716251.070029,75.68784197236586,1.1224168539047241
1748716251.1034653,75.68784197236586,1.1224168539047241
1748716251.1368744,75.68784197236586,1.1224168539047241
1748716251.170299,75.68784197236586,1.1224168539047241
1748716251.203716,75.68784197236586,1.1224168539047241
1748716251.2371376,75.68784197236586,1.1224168539047241
1748716251.2705498,75.68784197236586,1.1224168539047241
1748716251.3039613,75.68784197236586,1.1224168539047241
1748716251.3373723,75.68784197236586,1.1224168539047241
1748716251.3709733,75.68784197236586,1.1224168539047241
1748716251.4043949,75.68784197236586,1.1224168539047241
1748716251.4378107,75.68784197236586,1.1224168539047241
1748716251.4712772,75.68784197236586,1.1224168539047241
1748716251.5047061,75.68784197236586,1.1224168539047241
1748716251.538124,75.68784197236586,1.1224168539047241
1748716251.5715513,75.68784197236586,1.1224168539047241
1748716251.6050038,75.68784197236586,1.1224168539047241
1748716251.6385374,75.68784197236586,1.1224168539047241
1748716251.6719563,75.68784197236586,1.1224168539047241
1748716251.7053897,75.68784197236586,1.1224168539047241
1748716251.7388697,75.68784197236586,1.1224168539047241
1748716251.772296,75.68784197236586,1.1224168539047241
1748716251.8057704,75.68784197236586,1.1224168539047241
1748716251.8392088,75.68784197236586,1.1224168539047241
1748716251.872593,75.68784197236586,1.1224168539047241
1748716251.906008,75.68784197236586,1.1224168539047241
1748716251.9396656,75.68784197236586,1.1224168539047241
1748716251.9731398,75.68784197236586,1.1224168539047241
1748716252.0065544,75.68784197236586,1.1224168539047241
1748716252.040125,75.68784197236586,1.1224168539047241
1748716252.0735512,75.68784197236586,1.1224168539047241
1748716252.1069698,75.68784197236586,1.1224168539047241
1748716252.1403773,75.68784197236586,1.1224168539047241
1748716252.1737914,75.68784197236586,1.1224168539047241
1748716252.207205,75.68784197236586,1.1224168539047241
1748716252.240626,75.68784197236586,1.1224168539047241
1748716252.2741802,75.68784197236586,1.1224168539047241
1748716252.30762,75.68784197236586,1.1224168539047241
1748716252.3410373,75.68784197236586,1.1224168539047241
1748716252.3744075,75.68784197236586,1.1224168539047241
1748716252.4079266,75.68784197236586,1.1224168539047241
1748716252.441341,75.68784197236586,1.1224168539047241
1748716252.4748197,75.68784197236586,1.1224168539047241
1748716252.5083828,75.68784197236586,1.1224168539047241
1748716252.5418003,75.68784197236586,1.1224168539047241
1748716252.575259,75.68784197236586,1.1224168539047241
1748716252.608685,75.68784197236586,1.1224168539047241
1748716252.6420963,75.68784197236586,1.1224168539047241
1748716252.6755822,75.68784197236586,1.1224168539047241
1748716252.7091856,75.68784197236586,1.1224168539047241
1748716252.742641,75.68784197236586,1.1224168539047241
1748716252.7763977,75.68784197236586,1.1224168539047241
1748716252.8099763,75.68784197236586,1.1224168539047241
1748716252.8434563,75.68784197236586,1.1224168539047241
1748716252.8768723,75.68784197236586,1.1224168539047241
1748716252.910918,75.68784197236586,1.1224168539047241
1748716252.9443753,75.68784197236586,1.1224168539047241
1748716252.978043,75.68784197236586,1.1224168539047241
1748716253.0114577,75.68784197236586,1.1224168539047241
1748716253.044973,75.68784197236586,1.1224168539047241
1748716253.0784261,75.68784197236586,1.1224168539047241
1748716253.111839,75.68784197236586,1.1224168539047241
1748716253.1452534,75.68784197236586,1.1224168539047241
1748716253.1786747,75.68784197236586,1.1224168539047241
1748716253.2120843,75.68784197236586,1.1224168539047241
1748716253.2454796,75.68784197236586,1.1224168539047241
1748716253.2790334,75.68784197236586,1.1224168539047241
1748716253.312484,75.68784197236586,1.1224168539047241
1748716253.345955,75.68784197236586,1.1224168539047241
1748716253.3793676,75.68784197236586,1.1224168539047241
1748716253.412792,75.68784197236586,1.1224168539047241
1748716253.446203,75.68784197236586,1.1224168539047241
1748716253.4796674,75.68784197236586,1.1224168539047241
1748716253.513083,75.68784197236586,1.1224168539047241
1748716253.5465188,75.68784197236586,1.1224168539047241
1748716253.5799317,75.68784197236586,1.1224168539047241
1748716253.613335,75.68784197236586,1.1224168539047241
1748716253.6467535,75.68784197236586,1.1224168539047241
1748716253.680165,75.68784197236586,1.1224168539047241
1748716253.7137399,75.68784197236586,1.1224168539047241
1748716253.747151,75.68784197236586,1.1224168539047241
1748716253.780576,75.68784197236586,1.1224168539047241
1748716253.8139956,75.68784197236586,1.1224168539047241
1748716253.8474364,75.68784197236586,1.1224168539047241
1748716253.8809013,75.68784197236586,1.1224168539047241
1748716253.9143589,75.68784197236586,1.1224168539047241
1748716253.9477785,75.68784197236586,1.1224168539047241
1748716253.9812918,75.68784197236586,1.1224168539047241
1748716254.014705,75.68784197236586,1.1224168539047241
1748716254.0481102,75.68784197236586,1.1224168539047241
1748716254.0815237,75.68784197236586,1.1224168539047241
1748716254.1149747,75.68784197236586,1.1224168539047241
1748716254.1483934,75.68784197236586,1.1224168539047241
1748716254.1818266,75.68784197236586,1.1224168539047241
1748716254.2152388,75.68784197236586,1.1224168539047241
1748716254.2486587,75.68784197236586,1.1224168539047241
1748716254.2822602,75.68784197236586,1.1224168539047241
1748716254.3157048,75.68784197236586,1.1224168539047241
1748716254.3491173,75.68784197236586,1.1224168539047241
1748716254.3825467,75.68784197236586,1.1224168539047241
1748716254.4159598,75.68784197236586,1.1224168539047241
1748716254.4493985,75.68784197236586,1.1224168539047241
1748716254.4828107,75.68784197236586,1.1224168539047241
1748716254.516227,75.68784197236586,1.1224168539047241
1748716254.5496464,75.68784197236586,1.1224168539047241
1748716254.5830894,75.68784197236586,1.1224168539047241
1748716254.6165392,75.68784197236586,1.1224168539047241
1748716254.64996,75.68784197236586,1.1224168539047241
1748716254.6833968,75.68784197236586,1.1224168539047241
1748716254.716809,75.68784197236586,1.1224168539047241
1748716254.7502363,75.68784197236586,1.1224168539047241
1748716254.7836587,75.68784197236586,1.1224168539047241
1748716254.8171308,75.68784197236586,1.1224168539047241
1748716254.8505468,75.68784197236586,1.1224168539047241
1748716254.8839626,75.68784197236586,1.1224168539047241
1748716254.9173791,75.68784197236586,1.1224168539047241
1748716254.9508045,75.68784197236586,1.1224168539047241
1748716254.9841843,75.68784197236586,1.1224168539047241
1748716255.0176322,75.68784197236586,1.1224168539047241
1748716255.051042,75.68784197236586,1.1224168539047241
1748716255.0845096,75.68784197236586,1.1224168539047241
1748716255.117927,75.68784197236586,1.1224168539047241
1748716255.151436,75.68784197236586,1.1224168539047241
1748716255.18501,75.68784197236586,1.1224168539047241
1748716255.218467,75.68784197236586,1.1224168539047241
1748716255.2519288,75.68784197236586,1.1224168539047241
1748716255.2853723,75.68784197236586,1.1224168539047241
1748716255.3187993,75.68784197236586,1.1224168539047241
1748716255.35223,75.68784197236586,1.1224168539047241
1748716255.3856704,75.68784197236586,1.1224168539047241
1748716255.41911,75.68784197236586,1.1224168539047241
1748716255.4525256,75.68784197236586,1.1224168539047241
1748716255.4859815,75.68784197236586,1.1224168539047241
1748716255.5193648,75.68784197236586,1.1224168539047241
1748716255.552777,75.68784197236586,1.1224168539047241
1748716255.586263,75.68784197236586,1.1224168539047241
1748716255.6197731,75.68784197236586,1.1224168539047241
1748716255.6532025,75.68784197236586,1.1224168539047241
1748716255.686658,75.68784197236586,1.1224168539047241
1748716255.7200758,75.68784197236586,1.1224168539047241
1748716255.753544,75.68784197236586,1.1224168539047241
1748716255.786964,75.68784197236586,1.1224168539047241
1748716255.8203816,75.68784197236586,1.1224168539047241
1748716255.8537977,75.68784197236586,1.1224168539047241
1748716255.8872364,75.68784197236586,1.1224168539047241
1748716255.9206789,75.68784197236586,1.1224168539047241
1748716255.954347,75.68784197236586,1.1224168539047241
1748716255.9877794,75.68784197236586,1.1224168539047241
1748716256.021247,75.68784197236586,1.1224168539047241
1748716256.0547144,75.68784197236586,1.1224168539047241
1748716256.0881605,75.68784197236586,1.1224168539047241
1748716256.1215591,75.68784197236586,1.1224168539047241
1748716256.1550548,75.68784197236586,1.1224168539047241
1748716256.1884708,75.68784197236586,1.1224168539047241
1748716256.2218876,75.68784197236586,1.1224168539047241
1748716256.2553256,75.68784197236586,1.1224168539047241
1748716256.2887385,75.68784197236586,1.1224168539047241
1748716256.3221707,75.68784197236586,1.1224168539047241
1748716256.355836,75.68784197236586,1.1224168539047241
1748716256.38926,75.68784197236586,1.1224168539047241
1748716256.4226737,75.68784197236586,1.1224168539047241
1748716256.45611,75.68784197236586,1.1224168539047241
1748716256.4895265,75.68784197236586,1.1224168539047241
1748716256.5231438,75.68784197236586,1.1224168539047241
1748716256.556535,75.68784197236586,1.1224168539047241
1748716256.5899794,75.68784197236586,1.1224168539047241
1748716256.6233933,75.68784197236586,1.1224168539047241
1748716256.6568727,75.68784197236586,1.1224168539047241
1748716256.6902885,75.68784197236586,1.1224168539047241
1748716256.7237196,75.68784197236586,1.1224168539047241
1748716256.757117,75.68784197236586,1.1224168539047241
1748716256.7905288,75.68784197236586,1.1224168539047241
1748716256.8239431,75.68784197236586,1.1224168539047241
1748716256.857404,75.68784197236586,1.1224168539047241
1748716256.8908193,75.68784197236586,1.1224168539047241
1748716256.9242404,75.68784197236586,1.1224168539047241
1748716256.9576757,75.68784197236586,1.1224168539047241
1748716256.991097,75.68784197236586,1.1224168539047241
1748716257.0244915,75.68784197236586,1.1224168539047241
1748716257.0579543,75.68784197236586,1.1224168539047241
1748716257.0920105,75.68784197236586,1.1224168539047241
1748716257.1254292,75.68784197236586,1.1224168539047241
1748716257.1588545,75.68784197236586,1.1224168539047241
1748716257.1922982,75.68784197236586,1.1224168539047241
1748716257.225847,75.68784197236586,1.1224168539047241
1748716257.2592645,75.68784197236586,1.1224168539047241
1748716257.2926822,75.68784197236586,1.1224168539047241
1748716257.326068,75.68784197236586,1.1224168539047241
1748716257.3595214,75.68784197236586,1.1224168539047241
1748716257.3929536,75.68784197236586,1.1224168539047241
1748716257.4264328,75.68784197236586,1.1224168539047241
1748716257.459898,75.68784197236586,1.1224168539047241
1748716257.4934707,75.68784197236586,1.1224168539047241
1748716257.5269413,75.68784197236586,1.1224168539047241
1748716257.5603538,75.68784197236586,1.1224168539047241
1748716257.593773,75.68784197236586,1.1224168539047241
1748716257.6272025,75.68784197236586,1.1224168539047241
1748716257.660641,75.68784197236586,1.1224168539047241
1748716257.6940544,75.68784197236586,1.1224168539047241
1748716257.7274797,75.68784197236586,1.1224168539047241
1748716257.7608945,75.68784197236586,1.1224168539047241
1748716257.7943342,75.68784197236586,1.1224168539047241
1748716257.827782,75.68784197236586,1.1224168539047241
1748716257.86123,75.68784197236586,1.1224168539047241
1748716257.8951266,75.68784197236586,1.1224168539047241
1748716257.9285758,75.68784197236586,1.1224168539047241
1748716257.9619951,75.68784197236586,1.1224168539047241
1748716257.9954593,75.68784197236586,1.1224168539047241
1748716258.028924,75.68784197236586,1.1224168539047241
1748716258.0624063,75.68784197236586,1.1224168539047241
1748716258.0958242,75.68784197236586,1.1224168539047241
1748716258.1292758,75.68784197236586,1.1224168539047241
1748716258.1626894,75.68784197236586,1.1224168539047241
1748716258.1961057,75.68784197236586,1.1224168539047241
1748716258.2295,75.68784197236586,1.1224168539047241
1748716258.2629154,75.68784197236586,1.1224168539047241
1748716258.2963636,75.68784197236586,1.1224168539047241
1748716258.3300135,75.68784197236586,1.1224168539047241
1748716258.3634007,75.68784197236586,1.1224168539047241
1748716258.3969097,75.68784197236586,1.1224168539047241
1748716258.4303226,75.68784197236586,1.1224168539047241
1748716258.4637394,75.68784197236586,1.1224168539047241
1748716258.4971547,75.68784197236586,1.1224168539047241
1748716258.5305562,75.68784197236586,1.1224168539047241
1748716258.56397,75.68784197236586,1.1224168539047241
1748716258.597393,75.68784197236586,1.1224168539047241
1748716258.6308038,75.68784197236586,1.1224168539047241
1748716258.664274,75.68784197236586,1.1224168539047241
1748716258.6976895,75.68784197236586,1.1224168539047241
1748716258.7310739,75.68784197236586,1.1224168539047241
1748716258.7644749,75.68784197236586,1.1224168539047241
1748716258.7978823,75.68784197236586,1.1224168539047241
1748716258.8312955,75.68784197236586,1.1224168539047241
1748716258.8647733,75.68784197236586,1.1224168539047241
1748716258.8983493,75.68784197236586,1.1224168539047241
1748716258.9318833,75.68784197236586,1.1224168539047241
1748716258.965303,75.68784197236586,1.1224168539047241
1748716258.998712,75.68784197236586,1.1224168539047241
1748716259.03259,75.68784197236586,1.1224168539047241
1748716259.066028,75.68784197236586,1.1224168539047241
1748716259.1002553,75.68784197236586,1.1224168539047241
1748716259.1337006,75.68784197236586,1.1224168539047241
1748716259.1672282,75.68784197236586,1.1224168539047241
1748716259.200649,75.68784197236586,1.1224168539047241
1748716259.2341092,75.68784197236586,1.1224168539047241
1748716259.267565,75.68784197236586,1.1224168539047241
1748716259.30117,75.68784197236586,1.1224168539047241
1748716259.3346214,75.68784197236586,1.1224168539047241
1748716259.3680475,75.68784197236586,1.1224168539047241
1748716259.4016016,75.68784197236586,1.1224168539047241
1748716259.4350166,75.68784197236586,1.1224168539047241
1748716259.4686306,75.68784197236586,1.1224168539047241
1748716259.5020704,75.68784197236586,1.1224168539047241
1748716259.535489,75.68784197236586,1.1224168539047241
1748716259.5689502,75.68784197236586,1.1224168539047241
1748716259.602426,75.68784197236586,1.1224168539047241
1748716259.635838,75.68784197236586,1.1224168539047241
1748716259.669259,75.68784197236586,1.1224168539047241
1748716259.7026274,75.68784197236586,1.1224168539047241
1748716259.736057,75.68784197236586,1.1224168539047241
1748716259.7695096,75.68784197236586,1.1224168539047241
1748716259.8029583,75.68784197236586,1.1224168539047241
1748716259.8363972,75.68784197236586,1.1224168539047241
1748716259.8698184,75.68784197236586,1.1224168539047241
1748716259.9033732,75.68784197236586,1.1224168539047241
1748716259.9368055,75.68784197236586,1.1224168539047241
1748716259.970258,75.68784197236586,1.1224168539047241
1748716260.0053117,75.68784197236586,1.1224168539047241
1748716260.0387282,75.68784197236586,1.1224168539047241
1748716260.0721579,75.68784197236586,1.1224168539047241
1748716260.1056027,75.68784197236586,1.1224168539047241
1748716260.1390224,75.68784197236586,1.1224168539047241
1748716260.172581,75.68784197236586,1.1224168539047241
1748716260.206024,75.68784197236586,1.1224168539047241
1748716260.239437,75.68784197236586,1.1224168539047241
1748716260.2728217,75.68784197236586,1.1224168539047241
1748716260.3062496,75.68784197236586,1.1224168539047241
1748716260.3396745,75.68784197236586,1.1224168539047241
1748716260.3730981,75.68784197236586,1.1224168539047241
1748716260.4065404,75.68784197236586,1.1224168539047241
1748716260.4399698,75.68784197236586,1.1224168539047241
1748716260.4733984,75.68784197236586,1.1224168539047241
1748716260.5068486,75.68784197236586,1.1224168539047241
1748716260.5444665,75.68784197236586,1.1224168539047241
1748716260.5779495,75.68784197236586,1.1224168539047241
1748716260.6114159,75.68784197236586,1.1224168539047241
1748716260.6448734,75.68784197236586,1.1224168539047241
1748716260.6784308,75.68784197236586,1.1224168539047241
1748716260.7120104,75.68784197236586,1.1224168539047241
1748716260.745395,75.68784197236586,1.1224168539047241
1748716260.7788162,75.68784197236586,1.1224168539047241
1748716260.812235,75.68784197236586,1.1224168539047241
1748716260.8456523,75.68784197236586,1.1224168539047241
1748716260.879064,75.68784197236586,1.1224168539047241
1748716260.91248,75.68784197236586,1.1224168539047241
1748716260.946017,75.68784197236586,1.1224168539047241
1748716260.9795518,75.68784197236586,1.1224168539047241
1748716261.0131028,75.68784197236586,1.1224168539047241
1748716261.0465143,75.68784197236586,1.1224168539047241
1748716261.0799308,75.68784197236586,1.1224168539047241
1748716261.113347,75.68784197236586,1.1224168539047241
1748716261.1467612,75.68784197236586,1.1224168539047241
1748716261.1801898,75.68784197236586,1.1224168539047241
1748716261.2140818,75.68784197236586,1.1224168539047241
1748716261.2475035,75.68784197236586,1.1224168539047241
1748716261.2809954,75.68784197236586,1.1224168539047241
1748716261.3144312,75.68784197236586,1.1224168539047241
1748716261.348091,75.68784197236586,1.1224168539047241
1748716261.381504,75.68784197236586,1.1224168539047241
1748716261.4149628,75.68784197236586,1.1224168539047241
1748716261.448413,75.68784197236586,1.1224168539047241
1748716261.481826,75.68784197236586,1.1224168539047241
1748716261.5152047,75.68784197236586,1.1224168539047241
1748716261.548626,75.68784197236586,1.1224168539047241
1748716261.5820062,75.68784197236586,1.1224168539047241
1748716261.615491,75.68784197236586,1.1224168539047241
1748716261.6489422,75.68784197236586,1.1224168539047241
1748716261.6823835,75.68784197236586,1.1224168539047241
1748716261.715836,75.68784197236586,1.1224168539047241
1748716261.7493186,75.68784197236586,1.1224168539047241
1748716261.7827346,75.68784197236586,1.1224168539047241
1748716261.8161604,75.68784197236586,1.1224168539047241
1748716261.8495862,75.68784197236586,1.1224168539047241
1748716261.883141,75.68784197236586,1.1224168539047241
1748716261.9165547,75.68784197236586,1.1224168539047241
1748716261.9500067,75.68784197236586,1.1224168539047241
1748716261.9834256,75.68784197236586,1.1224168539047241
1748716262.0168364,75.68784197236586,1.1224168539047241
1748716262.0502844,75.68784197236586,1.1224168539047241
1748716262.0837393,75.68784197236586,1.1224168539047241
1748716262.1171808,75.68784197236586,1.1224168539047241
1748716262.1505938,75.68784197236586,1.1224168539047241
1748716262.1840134,75.68784197236586,1.1224168539047241
1748716262.2174466,75.68784197236586,1.1224168539047241
1748716262.2508273,75.68784197236586,1.1224168539047241
1748716262.284288,75.68784197236586,1.1224168539047241
1748716262.3177032,75.68784197236586,1.1224168539047241
1748716262.3511186,75.68784197236586,1.1224168539047241
1748716262.3845706,75.68784197236586,1.1224168539047241
1748716262.4179966,75.68784197236586,1.1224168539047241
1748716262.45148,75.68784197236586,1.1224168539047241
1748716262.4848652,75.68784197236586,1.1224168539047241
1748716262.5183198,75.68784197236586,1.1224168539047241
1748716262.551736,75.68784197236586,1.1224168539047241
1748716262.5851917,75.68784197236586,1.1224168539047241
1748716262.618599,75.68784197236586,1.1224168539047241
1748716262.6520576,75.68784197236586,1.1224168539047241
1748716262.6854858,75.68784197236586,1.1224168539047241
1748716262.7189376,75.68784197236586,1.1224168539047241
1748716262.7524972,75.68784197236586,1.1224168539047241
1748716262.785937,75.68784197236586,1.1224168539047241
1748716262.819357,75.68784197236586,1.1224168539047241
1748716262.8528214,75.68784197236586,1.1224168539047241
1748716262.8862298,75.68784197236586,1.1224168539047241
1748716262.9197073,75.68784197236586,1.1224168539047241
1748716262.9531484,75.68784197236586,1.1224168539047241
1748716262.986562,75.68784197236586,1.1224168539047241
1748716263.02049,75.68784197236586,1.1224168539047241
1748716263.0538993,75.68784197236586,1.1224168539047241
1748716263.087317,75.68784197236586,1.1224168539047241
1748716263.1207268,75.68784197236586,1.1224168539047241
1748716263.154226,75.68784197236586,1.1224168539047241
1748716263.1876354,75.68784197236586,1.1224168539047241
1748716263.221059,75.68784197236586,1.1224168539047241
1748716263.2544558,75.68784197236586,1.1224168539047241
1748716263.2878811,75.68784197236586,1.1224168539047241
1748716263.3213215,75.68784197236586,1.1224168539047241
1748716263.3546968,75.68784197236586,1.1224168539047241
1748716263.3881156,75.68784197236586,1.1224168539047241
1748716263.4215343,75.68784197236586,1.1224168539047241
1748716263.4549856,75.68784197236586,1.1224168539047241
1748716263.4885814,75.68784197236586,1.1224168539047241
1748716263.5220063,75.68784197236586,1.1224168539047241
1748716263.5554163,75.68784197236586,1.1224168539047241
1748716263.588971,75.68784197236586,1.1224168539047241
1748716263.6223443,75.68784197236586,1.1224168539047241
1748716263.6557333,75.68784197236586,1.1224168539047241
1748716263.6896732,75.68784197236586,1.1224168539047241
1748716263.7231247,75.68784197236586,1.1224168539047241
1748716263.7565851,75.68784197236586,1.1224168539047241
1748716263.7900193,75.68784197236586,1.1224168539047241
1748716263.8234599,75.68784197236586,1.1224168539047241
1748716263.8569171,75.68784197236586,1.1224168539047241
1748716263.8904014,75.68784197236586,1.1224168539047241
1748716263.9238584,75.68784197236586,1.1224168539047241
1748716263.9572709,75.68784197236586,1.1224168539047241
1748716263.9906976,75.68784197236586,1.1224168539047241
1748716264.0241206,75.68784197236586,1.1224168539047241
1748716264.0575624,75.68784197236586,1.1224168539047241
1748716264.090998,75.68784197236586,1.1224168539047241
1748716264.1244318,75.68784197236586,1.1224168539047241
1748716264.1578913,75.68784197236586,1.1224168539047241
1748716264.1913078,75.68784197236586,1.1224168539047241
1748716264.2247202,75.68784197236586,1.1224168539047241
1748716264.2581353,75.68784197236586,1.1224168539047241
1748716264.29156,75.68784197236586,1.1224168539047241
1748716264.325067,75.68784197236586,1.1224168539047241
1748716264.3584888,75.68784197236586,1.1224168539047241
1748716264.391978,75.68784197236586,1.1224168539047241
1748716264.425394,75.68784197236586,1.1224168539047241
1748716264.4588535,75.68784197236586,1.1224168539047241
1748716264.4922926,75.68784197236586,1.1224168539047241
1748716264.5257735,75.68784197236586,1.1224168539047241
1748716264.559199,75.68784197236586,1.1224168539047241
1748716264.592762,75.68784197236586,1.1224168539047241
1748716264.6261737,75.68784197236586,1.1224168539047241
1748716264.659591,75.68784197236586,1.1224168539047241
1748716264.6930158,75.68784197236586,1.1224168539047241
1748716264.7264612,75.68784197236586,1.1224168539047241
1748716264.7599258,75.68784197236586,1.1224168539047241
1748716264.793366,75.68784197236586,1.1224168539047241
1748716264.8267787,75.68784197236586,1.1224168539047241
1748716264.860136,75.68784197236586,1.1224168539047241
1748716264.8935497,75.68784197236586,1.1224168539047241
1748716264.9269934,75.68784197236586,1.1224168539047241
1748716264.960411,75.68784197236586,1.1224168539047241
1748716264.993822,75.68784197236586,1.1224168539047241
1748716265.0273945,75.68784197236586,1.1224168539047241
1748716265.0608518,75.68784197236586,1.1224168539047241
1748716265.0943816,75.68784197236586,1.1224168539047241
1748716265.1278021,75.68784197236586,1.1224168539047241
1748716265.161217,75.68784197236586,1.1224168539047241
1748716265.1946309,75.68784197236586,1.1224168539047241
1748716265.2280755,75.68784197236586,1.1224168539047241
1748716265.2616637,75.68784197236586,1.1224168539047241
1748716265.2950952,75.68784197236586,1.1224168539047241
1748716265.3285184,75.68784197236586,1.1224168539047241
1748716265.3619356,75.68784197236586,1.1224168539047241
1748716265.3953435,75.68784197236586,1.1224168539047241
1748716265.4287598,75.68784197236586,1.1224168539047241
1748716265.4621716,75.68784197236586,1.1224168539047241
1748716265.495589,75.68784197236586,1.1224168539047241
1748716265.529009,75.68784197236586,1.1224168539047241
1748716265.562534,75.68784197236586,1.1224168539047241
1748716265.5959678,75.68784197236586,1.1224168539047241
1748716265.6294005,75.68784197236586,1.1224168539047241
1748716265.6628835,75.68784197236586,1.1224168539047241
1748716265.696309,75.68784197236586,1.1224168539047241
1748716265.7297277,75.68784197236586,1.1224168539047241
1748716265.7631185,75.68784197236586,1.1224168539047241
1748716265.7965283,75.68784197236586,1.1224168539047241
1748716265.8300824,75.68784197236586,1.1224168539047241
1748716265.8634706,75.68784197236586,1.1224168539047241
1748716265.8969033,75.68784197236586,1.1224168539047241
1748716265.9303842,75.68784197236586,1.1224168539047241
1748716265.9638138,75.68784197236586,1.1224168539047241
1748716265.997488,75.68784197236586,1.1224168539047241
1748716266.030917,75.68784197236586,1.1224168539047241
1748716266.0643232,75.68784197236586,1.1224168539047241
1748716266.0977323,75.68784197236586,1.1224168539047241
1748716266.1311588,75.68784197236586,1.1224168539047241
1748716266.164571,75.68784197236586,1.1224168539047241
1748716266.197988,75.68784197236586,1.1224168539047241
1748716266.2314274,75.68784197236586,1.1224168539047241
1748716266.264856,75.68784197236586,1.1224168539047241
1748716266.2982752,75.68784197236586,1.1224168539047241
1748716266.3317199,75.68784197236586,1.1224168539047241
1748716266.3652487,75.68784197236586,1.1224168539047241
1748716266.3986535,75.68784197236586,1.1224168539047241
1748716266.4320679,75.68784197236586,1.1224168539047241
1748716266.4654825,75.68784197236586,1.1224168539047241
1748716266.4988956,75.68784197236586,1.1224168539047241
1748716266.5322924,75.68784197236586,1.1224168539047241
1748716266.5660641,75.68784197236586,1.1224168539047241
1748716266.599628,75.68784197236586,1.1224168539047241
1748716266.6331003,75.68784197236586,1.1224168539047241
1748716266.6667109,75.68784197236586,1.1224168539047241
1748716266.7001286,75.68784197236586,1.1224168539047241
1748716266.7335494,75.68784197236586,1.1224168539047241
1748716266.766982,75.68784197236586,1.1224168539047241
1748716266.8005614,75.68784197236586,1.1224168539047241
1748716266.8339741,75.68784197236586,1.1224168539047241
1748716266.8673942,75.68784197236586,1.1224168539047241
1748716266.9008381,75.68784197236586,1.1224168539047241
1748716266.9344163,75.68784197236586,1.1224168539047241
1748716266.969413,75.68784197236586,1.1224168539047241
1748716267.0028188,75.68784197236586,1.1224168539047241
1748716267.0362506,75.68784197236586,1.1224168539047241
1748716267.0696688,75.68784197236586,1.1224168539047241
1748716267.103084,75.68784197236586,1.1224168539047241
1748716267.1366086,75.68784197236586,1.1224168539047241
1748716267.1703532,75.68784197236586,1.1224168539047241
1748716267.20377,75.68784197236586,1.1224168539047241
1748716267.2372253,75.68784197236586,1.1224168539047241
1748716267.2708278,75.68784197236586,1.1224168539047241
1748716267.3042421,75.68784197236586,1.1224168539047241
1748716267.3376644,75.68784197236586,1.1224168539047241
1748716267.3710725,75.68784197236586,1.1224168539047241
1748716267.4045012,75.68784197236586,1.1224168539047241
1748716267.4379249,75.68784197236586,1.1224168539047241
1748716267.4713414,75.68784197236586,1.1224168539047241
1748716267.5047634,75.68784197236586,1.1224168539047241
1748716267.5381794,75.68784197236586,1.1224168539047241
1748716267.5717723,75.68784197236586,1.1224168539047241
1748716267.605325,75.68784197236586,1.1224168539047241
1748716267.6387913,75.68784197236586,1.1224168539047241
1748716267.6722503,75.68784197236586,1.1224168539047241
1748716267.7056718,75.68784197236586,1.1224168539047241
1748716267.739115,75.68784197236586,1.1224168539047241
1748716267.7725291,75.68784197236586,1.1224168539047241
1748716267.8059485,75.68784197236586,1.1224168539047241
1748716267.8393834,75.68784197236586,1.1224168539047241
1748716267.872799,75.68784197236586,1.1224168539047241
1748716267.9062216,75.68784197236586,1.1224168539047241
1748716267.9397013,75.68784197236586,1.1224168539047241
1748716267.9730985,75.68784197236586,1.1224168539047241
1748716268.006517,75.68784197236586,1.1224168539047241
1748716268.039972,75.68784197236586,1.1224168539047241
1748716268.0734527,75.68784197236586,1.1224168539047241
1748716268.1069047,75.68784197236586,1.1224168539047241
1748716268.1403291,75.68784197236586,1.1224168539047241
1748716268.1737452,75.68784197236586,1.1224168539047241
1748716268.2071652,75.68784197236586,1.1224168539047241
1748716268.2405946,75.68784197236586,1.1224168539047241
1748716268.274017,75.68784197236586,1.1224168539047241
1748716268.3074374,75.68784197236586,1.1224168539047241
1748716268.3408535,75.68784197236586,1.1224168539047241
1748716268.3742516,75.68784197236586,1.1224168539047241
1748716268.4077816,75.68784197236586,1.1224168539047241
1748716268.4412792,75.68784197236586,1.1224168539047241
1748716268.4746962,75.68784197236586,1.1224168539047241
1748716268.5081413,75.68784197236586,1.1224168539047241
1748716268.5415525,75.68784197236586,1.1224168539047241
1748716268.5749655,75.68784197236586,1.1224168539047241
1748716268.6084335,75.68784197236586,1.1224168539047241
1748716268.6418903,75.68784197236586,1.1224168539047241
1748716268.6753178,75.68784197236586,1.1224168539047241
1748716268.7088215,75.68784197236586,1.1224168539047241
1748716268.7422595,75.68784197236586,1.1224168539047241
1748716268.7757099,75.68784197236586,1.1224168539047241
1748716268.8091292,75.68784197236586,1.1224168539047241
1748716268.8425465,75.68784197236586,1.1224168539047241
1748716268.8759947,75.68784197236586,1.1224168539047241
1748716268.909409,75.68784197236586,1.1224168539047241
1748716268.9427767,75.68784197236586,1.1224168539047241
1748716268.9761736,75.68784197236586,1.1224168539047241
1748716269.0096216,75.68784197236586,1.1224168539047241
1748716269.0430384,75.68784197236586,1.1224168539047241
1748716269.0764523,75.68784197236586,1.1224168539047241
1748716269.1098733,75.68784197236586,1.1224168539047241
1748716269.1432855,75.68784197236586,1.1224168539047241
1748716269.1767101,75.68784197236586,1.1224168539047241
1748716269.2101285,75.68784197236586,1.1224168539047241
1748716269.2436981,75.68784197236586,1.1224168539047241
1748716269.2772498,75.68784197236586,1.1224168539047241
1748716269.3106673,75.68784197236586,1.1224168539047241
1748716269.3442535,75.68784197236586,1.1224168539047241
1748716269.3776724,75.68784197236586,1.1224168539047241
1748716269.4110827,75.68784197236586,1.1224168539047241
1748716269.4445784,75.68784197236586,1.1224168539047241
1748716269.4780352,75.68784197236586,1.1224168539047241
1748716269.5114472,75.68784197236586,1.1224168539047241
1748716269.5448725,75.68784197236586,1.1224168539047241
1748716269.5783603,75.68784197236586,1.1224168539047241
1748716269.6117601,75.68784197236586,1.1224168539047241
1748716269.645198,75.68784197236586,1.1224168539047241
1748716269.6786182,75.68784197236586,1.1224168539047241
1748716269.7120306,75.68784197236586,1.1224168539047241
1748716269.7454429,75.68784197236586,1.1224168539047241
1748716269.7788534,75.68784197236586,1.1224168539047241
1748716269.8122637,75.68784197236586,1.1224168539047241
1748716269.8456805,75.68784197236586,1.1224168539047241
1748716269.879142,75.68784197236586,1.1224168539047241
1748716269.912565,75.68784197236586,1.1224168539047241
1748716269.9459808,75.68784197236586,1.1224168539047241
1748716269.979395,75.68784197236586,1.1224168539047241
1748716270.012846,75.68784197236586,1.1224168539047241
1748716270.0462723,75.68784197236586,1.1224168539047241
1748716270.079744,75.68784197236586,1.1224168539047241
1748716270.1134756,75.68784197236586,1.1224168539047241
1748716270.1468883,75.68784197236586,1.1224168539047241
1748716270.1803973,75.68784197236586,1.1224168539047241
1748716270.2138343,75.68784197236586,1.1224168539047241
1748716270.2472537,75.68784197236586,1.1224168539047241
1748716270.2807057,75.68784197236586,1.1224168539047241
1748716270.3142586,75.68784197236586,1.1224168539047241
1748716270.347713,75.68784197236586,1.1224168539047241
1748716270.3811283,75.68784197236586,1.1224168539047241
1748716270.4154167,75.68784197236586,1.1224168539047241
1748716270.4488647,75.68784197236586,1.1224168539047241
1748716270.4822936,75.68784197236586,1.1224168539047241
1748716270.5157344,75.68784197236586,1.1224168539047241
1748716270.5491893,75.68784197236586,1.1224168539047241
1748716270.5826004,75.68784197236586,1.1224168539047241
1748716270.6160166,75.68784197236586,1.1224168539047241
1748716270.6494489,75.68784197236586,1.1224168539047241
1748716270.682902,75.68784197236586,1.1224168539047241
1748716270.716378,75.68784197236586,1.1224168539047241
1748716270.749931,75.68784197236586,1.1224168539047241
1748716270.7834353,75.68784197236586,1.1224168539047241
1748716270.8168626,75.68784197236586,1.1224168539047241
1748716270.850309,75.68784197236586,1.1224168539047241
1748716270.883884,75.68784197236586,1.1224168539047241
1748716270.9173741,75.68784197236586,1.1224168539047241
1748716270.9508438,75.68784197236586,1.1224168539047241
1748716270.9842608,75.68784197236586,1.1224168539047241
1748716271.017666,75.68784197236586,1.1224168539047241
1748716271.051126,75.68784197236586,1.1224168539047241
1748716271.0847669,75.68784197236586,1.1224168539047241
1748716271.1184075,75.68784197236586,1.1224168539047241
1748716271.1518328,75.68784197236586,1.1224168539047241
1748716271.1853955,75.68784197236586,1.1224168539047241
1748716271.2188065,75.68784197236586,1.1224168539047241
1748716271.2522366,75.68784197236586,1.1224168539047241
1748716271.2856717,75.68784197236586,1.1224168539047241
1748716271.3196592,75.68784197236586,1.1224168539047241
1748716271.353076,75.68784197236586,1.1224168539047241
1748716271.386491,75.68784197236586,1.1224168539047241
1748716271.4199007,75.68784197236586,1.1224168539047241
1748716271.4533122,75.68784197236586,1.1224168539047241
1748716271.486729,75.68784197236586,1.1224168539047241
1748716271.5201416,75.68784197236586,1.1224168539047241
1748716271.553554,75.68784197236586,1.1224168539047241
1748716271.5870018,75.68784197236586,1.1224168539047241
1748716271.6204252,75.68784197236586,1.1224168539047241
1748716271.6538928,75.68784197236586,1.1224168539047241
1748716271.687882,75.68784197236586,1.1224168539047241
1748716271.721314,75.68784197236586,1.1224168539047241
1748716271.7547328,75.68784197236586,1.1224168539047241
1748716271.7881687,75.68784197236586,1.1224168539047241
1748716271.8216336,75.68784197236586,1.1224168539047241
1748716271.8550465,75.68784197236586,1.1224168539047241
1748716271.8885002,75.68784197236586,1.1224168539047241
1748716271.9219208,75.68784197236586,1.1224168539047241
1748716271.955783,75.68784197236586,1.1224168539047241
1748716271.9892378,75.68784197236586,1.1224168539047241
1748716272.022651,75.68784197236586,1.1224168539047241
1748716272.056076,75.68784197236586,1.1224168539047241
1748716272.08949,75.68784197236586,1.1224168539047241
1748716272.1230328,75.68784197236586,1.1224168539047241
1748716272.156531,75.68784197236586,1.1224168539047241
1748716272.1899388,75.68784197236586,1.1224168539047241
1748716272.2235305,75.68784197236586,1.1224168539047241
1748716272.256997,75.68784197236586,1.1224168539047241
1748716272.2904623,75.68784197236586,1.1224168539047241
1748716272.3238935,75.68784197236586,1.1224168539047241
1748716272.3573124,75.68784197236586,1.1224168539047241
1748716272.3907433,75.68784197236586,1.1224168539047241
1748716272.4241698,75.68784197236586,1.1224168539047241
1748716272.4575844,75.68784197236586,1.1224168539047241
1748716272.4910398,75.68784197236586,1.1224168539047241
1748716272.5245025,75.68784197236586,1.1224168539047241
1748716272.5579488,75.68784197236586,1.1224168539047241
1748716272.5914135,75.68784197236586,1.1224168539047241
1748716272.624824,75.68784197236586,1.1224168539047241
1748716272.6582434,75.68784197236586,1.1224168539047241
1748716272.6916554,75.68784197236586,1.1224168539047241
1748716272.7250972,75.68784197236586,1.1224168539047241
1748716272.7584903,75.68784197236586,1.1224168539047241
1748716272.7919126,75.68784197236586,1.1224168539047241
1748716272.8253446,75.68784197236586,1.1224168539047241
1748716272.8588705,75.68784197236586,1.1224168539047241
1748716272.892224,75.68784197236586,1.1224168539047241
1748716272.9256408,75.68784197236586,1.1224168539047241
1748716272.9590602,75.68784197236586,1.1224168539047241
1748716272.992477,75.68784197236586,1.1224168539047241
1748716273.0259006,75.68784197236586,1.1224168539047241
1748716273.059367,75.68784197236586,1.1224168539047241
1748716273.0928,75.68784197236586,1.1224168539047241
1748716273.1262608,75.68784197236586,1.1224168539047241
1748716273.1596725,75.68784197236586,1.1224168539047241
1748716273.1931229,75.68784197236586,1.1224168539047241
1748716273.226496,75.68784197236586,1.1224168539047241
1748716273.2601917,75.68784197236586,1.1224168539047241
1748716273.293619,75.68784197236586,1.1224168539047241
1748716273.3271039,75.68784197236586,1.1224168539047241
1748716273.3605642,75.68784197236586,1.1224168539047241
1748716273.3943484,75.68784197236586,1.1224168539047241
1748716273.4277642,75.68784197236586,1.1224168539047241
1748716273.461228,75.68784197236586,1.1224168539047241
1748716273.4946792,75.68784197236586,1.1224168539047241
1748716273.5281053,75.68784197236586,1.1224168539047241
1748716273.5616431,75.68784197236586,1.1224168539047241
1748716273.5951061,75.68784197236586,1.1224168539047241
1748716273.628516,75.68784197236586,1.1224168539047241
1748716273.6620662,75.68784197236586,1.1224168539047241
1748716273.695451,75.68784197236586,1.1224168539047241
1748716273.7291322,75.68784197236586,1.1224168539047241
1748716273.7627096,75.68784197236586,1.1224168539047241
1748716273.7961276,75.68784197236586,1.1224168539047241
1748716273.829541,75.68784197236586,1.1224168539047241
1748716273.86321,75.68784197236586,1.1224168539047241
1748716273.8966615,75.68784197236586,1.1224168539047241
1748716273.9302413,75.68784197236586,1.1224168539047241
1748716273.9636517,75.68784197236586,1.1224168539047241
1748716273.997156,75.68784197236586,1.1224168539047241
1748716274.0305696,75.68784197236586,1.1224168539047241
1748716274.06401,75.68784197236586,1.1224168539047241
1748716274.0974624,75.68784197236586,1.1224168539047241
1748716274.1308184,75.68784197236586,1.1224168539047241
1748716274.1663647,75.68784197236586,1.1224168539047241
1748716274.199799,75.68784197236586,1.1224168539047241
1748716274.2332227,75.68784197236586,1.1224168539047241
1748716274.2666569,75.68784197236586,1.1224168539047241
1748716274.300125,75.68784197236586,1.1224168539047241
1748716274.333579,75.68784197236586,1.1224168539047241
1748716274.3669918,75.68784197236586,1.1224168539047241
1748716274.4004028,75.68784197236586,1.1224168539047241
1748716274.433921,75.68784197236586,1.1224168539047241
1748716274.467479,75.68784197236586,1.1224168539047241
1748716274.5009081,75.68784197236586,1.1224168539047241
1748716274.534411,75.68784197236586,1.1224168539047241
1748716274.5678513,75.68784197236586,1.1224168539047241
1748716274.6012654,75.68784197236586,1.1224168539047241
1748716274.6346831,75.68784197236586,1.1224168539047241
1748716274.6681032,75.68784197236586,1.1224168539047241
1748716274.7024333,75.68784197236586,1.1224168539047241
1748716274.735905,75.68784197236586,1.1224168539047241
1748716274.769329,75.68784197236586,1.1224168539047241
1748716274.8027449,75.68784197236586,1.1224168539047241
1748716274.8361294,75.68784197236586,1.1224168539047241
1748716274.8695447,75.68784197236586,1.1224168539047241
1748716274.9029517,75.68784197236586,1.1224168539047241
1748716274.9363787,75.68784197236586,1.1224168539047241
1748716274.9699528,75.68784197236586,1.1224168539047241
1748716275.0033867,75.68784197236586,1.1224168539047241
1748716275.0367992,75.68784197236586,1.1224168539047241
1748716275.0702105,75.68784197236586,1.1224168539047241
1748716275.103704,75.68784197236586,1.1224168539047241
1748716275.1377053,75.68784197236586,1.1224168539047241
1748716275.1711411,75.68784197236586,1.1224168539047241
1748716275.2046041,75.68784197236586,1.1224168539047241
1748716275.2380283,75.68784197236586,1.1224168539047241
1748716275.2714467,75.68784197236586,1.1224168539047241
1748716275.304954,75.68784197236586,1.1224168539047241
1748716275.3383474,75.68784197236586,1.1224168539047241
1748716275.371879,75.68784197236586,1.1224168539047241
1748716275.4052901,75.68784197236586,1.1224168539047241
1748716275.4387279,75.68784197236586,1.1224168539047241
1748716275.4722974,75.68784197236586,1.1224168539047241
1748716275.5057697,75.68784197236586,1.1224168539047241
1748716275.5391722,75.68784197236586,1.1224168539047241
1748716275.5726123,75.68784197236586,1.1224168539047241
1748716275.6061146,75.68784197236586,1.1224168539047241
1748716275.6395094,75.68784197236586,1.1224168539047241
1748716275.6729279,75.68784197236586,1.1224168539047241
1748716275.7064157,75.68784197236586,1.1224168539047241
1748716275.7398381,75.68784197236586,1.1224168539047241
1748716275.773258,75.68784197236586,1.1224168539047241
1748716275.806687,75.68784197236586,1.1224168539047241
1748716275.8401153,75.68784197236586,1.1224168539047241
1748716275.8735194,75.68784197236586,1.1224168539047241
1748716275.9069529,75.68784197236586,1.1224168539047241
1748716275.9404023,75.68784197236586,1.1224168539047241
1748716275.9738374,75.68784197236586,1.1224168539047241
1748716276.0072753,75.68784197236586,1.1224168539047241
1748716276.0407434,75.68784197236586,1.1224168539047241
1748716276.074159,75.68784197236586,1.1224168539047241
1748716276.1075737,75.68784197236586,1.1224168539047241
1748716276.1409936,75.68784197236586,1.1224168539047241
1748716276.1744497,75.68784197236586,1.1224168539047241
1748716276.2078705,75.68784197236586,1.1224168539047241
1748716276.2413223,75.68784197236586,1.1224168539047241
1748716276.2748318,75.68784197236586,1.1224168539047241
1748716276.308246,75.68784197236586,1.1224168539047241
1748716276.3416793,75.68784197236586,1.1224168539047241
1748716276.3752527,75.68784197236586,1.1224168539047241
1748716276.4086707,75.68784197236586,1.1224168539047241
1748716276.4420888,75.68784197236586,1.1224168539047241
1748716276.4755797,75.68784197236586,1.1224168539047241
1748716276.5090008,75.68784197236586,1.1224168539047241
1748716276.5424592,75.68784197236586,1.1224168539047241
1748716276.5759006,75.68784197236586,1.1224168539047241
1748716276.6093538,75.68784197236586,1.1224168539047241
1748716276.642839,75.68784197236586,1.1224168539047241
1748716276.6762383,75.68784197236586,1.1224168539047241
1748716276.7098186,75.68784197236586,1.1224168539047241
1748716276.74327,75.68784197236586,1.1224168539047241
1748716276.7766962,75.68784197236586,1.1224168539047241
1748716276.8101654,75.68784197236586,1.1224168539047241
1748716276.843626,75.68784197236586,1.1224168539047241
1748716276.8770807,75.68784197236586,1.1224168539047241
1748716276.9104984,75.68784197236586,1.1224168539047241
1748716276.943939,75.68784197236586,1.1224168539047241
1748716276.9773655,75.68784197236586,1.1224168539047241
1748716277.0107524,75.68784197236586,1.1224168539047241
1748716277.044176,75.68784197236586,1.1224168539047241
1748716277.0776658,75.68784197236586,1.1224168539047241
1748716277.1110795,75.68784197236586,1.1224168539047241
1748716277.1444967,75.68784197236586,1.1224168539047241
1748716277.1779091,75.68784197236586,1.1224168539047241
1748716277.211317,75.68784197236586,1.1224168539047241
1748716277.2447686,75.68784197236586,1.1224168539047241
1748716277.2783196,75.68784197236586,1.1224168539047241
1748716277.3117328,75.68784197236586,1.1224168539047241
1748716277.3451478,75.68784197236586,1.1224168539047241
1748716277.3785577,75.68784197236586,1.1224168539047241
1748716277.4119852,75.68784197236586,1.1224168539047241
1748716277.4454052,75.68784197236586,1.1224168539047241
1748716277.4788237,75.68784197236586,1.1224168539047241
1748716277.512281,75.68784197236586,1.1224168539047241
1748716277.545714,75.68784197236586,1.1224168539047241
1748716277.5793548,75.68784197236586,1.1224168539047241
1748716277.6127677,75.68784197236586,1.1224168539047241
1748716277.6461809,75.68784197236586,1.1224168539047241
1748716277.6795967,75.68784197236586,1.1224168539047241
1748716277.7130268,75.68784197236586,1.1224168539047241
1748716277.746484,75.68784197236586,1.1224168539047241
1748716277.7798939,75.68784197236586,1.1224168539047241
1748716277.813474,75.68784197236586,1.1224168539047241
1748716277.8468876,75.68784197236586,1.1224168539047241
1748716277.8803046,75.68784197236586,1.1224168539047241
1748716277.9140093,75.68784197236586,1.1224168539047241
1748716277.9474406,75.68784197236586,1.1224168539047241
1748716277.980858,75.68784197236586,1.1224168539047241
1748716278.0143182,75.68784197236586,1.1224168539047241
1748716278.0477426,75.68784197236586,1.1224168539047241
1748716278.0812004,75.68784197236586,1.1224168539047241
1748716278.114673,75.68784197236586,1.1224168539047241
1748716278.1481252,75.68784197236586,1.1224168539047241
1748716278.181686,75.68784197236586,1.1224168539047241
1748716278.2151046,75.68784197236586,1.1224168539047241
1748716278.2485278,75.68784197236586,1.1224168539047241
1748716278.2819448,75.68784197236586,1.1224168539047241
1748716278.3153577,75.68784197236586,1.1224168539047241
1748716278.3487692,75.68784197236586,1.1224168539047241
1748716278.3821843,75.68784197236586,1.1224168539047241
1748716278.4156759,75.68784197236586,1.1224168539047241
1748716278.4491477,75.68784197236586,1.1224168539047241
1748716278.4826005,75.68784197236586,1.1224168539047241
1748716278.516133,75.68784197236586,1.1224168539047241
1748716278.5495462,75.68784197236586,1.1224168539047241
1748716278.5829818,75.68784197236586,1.1224168539047241
1748716278.616402,75.68784197236586,1.1224168539047241
1748716278.6498184,75.68784197236586,1.1224168539047241
1748716278.6832218,75.68784197236586,1.1224168539047241
1748716278.71668,75.68784197236586,1.1224168539047241
1748716278.750124,75.68784197236586,1.1224168539047241
1748716278.7835286,75.68784197236586,1.1224168539047241
1748716278.817049,75.68784197236586,1.1224168539047241
1748716278.8504627,75.68784197236586,1.1224168539047241
1748716278.8838806,75.68784197236586,1.1224168539047241
1748716278.9172974,75.68784197236586,1.1224168539047241
1748716278.9507098,75.68784197236586,1.1224168539047241
1748716278.9841266,75.68784197236586,1.1224168539047241
1748716279.017543,75.68784197236586,1.1224168539047241
1748716279.0510113,75.68784197236586,1.1224168539047241
1748716279.0845423,75.68784197236586,1.1224168539047241
1748716279.1180847,75.68784197236586,1.1224168539047241
1748716279.151604,75.68784197236586,1.1224168539047241
1748716279.1851742,75.68784197236586,1.1224168539047241
1748716279.2185931,75.68784197236586,1.1224168539047241
1748716279.252038,75.68784197236586,1.1224168539047241
1748716279.2854583,75.68784197236586,1.1224168539047241
1748716279.3189254,75.68784197236586,1.1224168539047241
1748716279.3523288,75.68784197236586,1.1224168539047241
1748716279.3859255,75.68784197236586,1.1224168539047241
1748716279.4194348,75.68784197236586,1.1224168539047241
1748716279.452847,75.68784197236586,1.1224168539047241
1748716279.4862635,75.68784197236586,1.1224168539047241
1748716279.5196762,75.68784197236586,1.1224168539047241
1748716279.553046,75.68784197236586,1.1224168539047241
1748716279.586495,75.68784197236586,1.1224168539047241
1748716279.6199296,75.68784197236586,1.1224168539047241
1748716279.6533504,75.68784197236586,1.1224168539047241
1748716279.6868045,75.68784197236586,1.1224168539047241
1748716279.720217,75.68784197236586,1.1224168539047241
1748716279.7543678,75.68784197236586,1.1224168539047241
1748716279.7882826,75.68784197236586,1.1224168539047241
1748716279.8217096,75.68784197236586,1.1224168539047241
1748716279.8551621,75.68784197236586,1.1224168539047241
1748716279.8886182,75.68784197236586,1.1224168539047241
1748716279.9220414,75.68784197236586,1.1224168539047241
1748716279.9554582,75.68784197236586,1.1224168539047241
1748716279.9888873,75.68784197236586,1.1224168539047241
1748716280.0225227,75.68784197236586,1.1224168539047241
1748716280.0559897,75.68784197236586,1.1224168539047241
1748716280.0894797,75.68784197236586,1.1224168539047241
1748716280.1229165,75.68784197236586,1.1224168539047241
1748716280.1566942,75.68784197236586,1.1224168539047241
1748716280.1901295,75.68784197236586,1.1224168539047241
1748716280.2235405,75.68784197236586,1.1224168539047241
1748716280.256961,75.68784197236586,1.1224168539047241
1748716280.2904809,75.68784197236586,1.1224168539047241
1748716280.3238964,75.68784197236586,1.1224168539047241
1748716280.3573217,75.68784197236586,1.1224168539047241
1748716280.39079,75.68784197236586,1.1224168539047241
1748716280.4242644,75.68784197236586,1.1224168539047241
1748716280.4577372,75.68784197236586,1.1224168539047241
1748716280.4912922,75.68784197236586,1.1224168539047241
1748716280.5246685,75.68784197236586,1.1224168539047241
1748716280.5582163,75.68784197236586,1.1224168539047241
1748716280.5916317,75.68784197236586,1.1224168539047241
1748716280.625051,75.68784197236586,1.1224168539047241
1748716280.6586208,75.68784197236586,1.1224168539047241
1748716280.6920848,75.68784197236586,1.1224168539047241
1748716280.7255325,75.68784197236586,1.1224168539047241
1748716280.7589617,75.68784197236586,1.1224168539047241
1748716280.7924042,75.68784197236586,1.1224168539047241
1748716280.8258128,75.68784197236586,1.1224168539047241
1748716280.8591993,75.68784197236586,1.1224168539047241
1748716280.8926125,75.68784197236586,1.1224168539047241
1748716280.926812,75.68784197236586,1.1224168539047241
1748716280.960211,75.68784197236586,1.1224168539047241
1748716280.9936302,75.68784197236586,1.1224168539047241
1748716281.0280848,75.68784197236586,1.1224168539047241
1748716281.061501,75.68784197236586,1.1224168539047241
1748716281.0952737,75.68784197236586,1.1224168539047241
1748716281.1287968,75.68784197236586,1.1224168539047241
1748716281.1622128,75.68784197236586,1.1224168539047241
1748716281.195769,75.68784197236586,1.1224168539047241
1748716281.2291896,75.68784197236586,1.1224168539047241
1748716281.2626083,75.68784197236586,1.1224168539047241
1748716281.2960603,75.68784197236586,1.1224168539047241
1748716281.3295412,75.68784197236586,1.1224168539047241
1748716281.362922,75.68784197236586,1.1224168539047241
1748716281.3963363,75.68784197236586,1.1224168539047241
1748716281.429746,75.68784197236586,1.1224168539047241
1748716281.4631906,75.68784197236586,1.1224168539047241
1748716281.4966133,75.68784197236586,1.1224168539047241
1748716281.530405,75.68784197236586,1.1224168539047241
1748716281.5638227,75.68784197236586,1.1224168539047241
1748716281.5972574,75.68784197236586,1.1224168539047241
1748716281.630629,75.68784197236586,1.1224168539047241
1748716281.664051,75.68784197236586,1.1224168539047241
1748716281.6975365,75.68784197236586,1.1224168539047241
1748716281.730971,75.68784197236586,1.1224168539047241
1748716281.764387,75.68784197236586,1.1224168539047241
1748716281.7977984,75.68784197236586,1.1224168539047241
1748716281.8312016,74.64184588174982,0.019105294719338417
1748716281.8646727,74.64994684370869,0.01893710158765316
1748716281.8980742,74.65836234639767,0.019003603607416153
1748716281.931551,74.66764349519082,0.01784507930278778
1748716281.964908,74.6776696003878,0.014889986254274845
1748716281.9984927,74.69073754081943,0.014912749640643597
1748716282.0319495,74.70081926372575,0.009115324355661869
1748716282.0653627,74.71222343118242,0.008317508734762669
1748716282.0987625,74.7246394052792,0.004543795716017485
1748716282.1321836,74.73154439708308,-0.000547184026800096
1748716282.1657367,74.74591638481282,-0.00230263895355165
1748716282.1991434,74.75647736044964,-0.007200850173830986
1748716282.2325413,74.76715040619823,-0.009974485263228416
1748716282.265988,74.77767914309632,-0.014590514823794365
1748716282.2994015,74.78864402480531,-0.01521538756787777
1748716282.3328767,74.79536127388506,-0.018003512173891068
1748716282.3663032,74.80633094225962,-0.019683927297592163
1748716282.3997614,74.82015030628084,-0.019938375800848007
1748716282.4333029,74.83079580375252,-0.02006622962653637
1748716282.4667108,74.84142055375071,-0.01860511675477028
1748716282.500219,74.85199919717246,-0.015444102697074413
1748716282.5336225,74.86260051703702,-0.01439825352281332
1748716282.5672421,74.86931292392407,-0.015072968788444996
1748716282.6006753,74.88024184906271,-0.013569297268986702
1748716282.6340823,74.8903865885742,-0.010686378926038742
1748716282.6674888,74.90082808734878,-0.011839130893349648
1748716282.701154,74.91203202148999,-0.013066970743238926
1748716282.7345653,74.92188498048176,-0.01344283390790224
1748716282.7679787,74.93644462509218,-0.009460847824811935
1748716282.801328,74.94663052391638,-0.008470427244901657
1748716282.834737,74.95715216971277,-0.009079362265765667
1748716282.8681438,74.96753563307814,-0.005566305480897427
1748716282.9016426,74.97785666605407,-0.0020407503470778465
1748716282.9350548,74.98828149064248,0.0010444243671372533
1748716282.9688973,74.9997923573079,0.00046418371493928134
1748716283.0023036,75.00573668071826,-0.001015034387819469
1748716283.0362387,75.01575986182635,0.00032111979089677334
1748716283.0696871,75.02267303735046,0.0032112777698785067
1748716283.1059682,75.03377249406805,0.003282079240307212
1748716283.139468,75.04099927105923,0.006343095563352108
1748716283.1731524,75.0504702249228,0.008839544840157032
1748716283.2065585,75.05928644928684,0.01241292618215084
1748716283.240024,75.06890499623978,0.014081988483667374
1748716283.2734096,75.07603294372599,0.015971701592206955
1748716283.3068154,75.08282421103019,0.01638258993625641
1748716283.340279,75.0945999537255,0.01937885954976082
1748716283.3736937,75.10390738053006,0.019900433719158173
1748716283.4071639,75.11208716515264,0.023669566959142685
1748716283.4405758,75.12207228683647,0.025095829740166664
1748716283.473991,75.13303143665699,0.02334725111722946
1748716283.507414,75.14294735178645,0.022284366190433502
1748716283.5410597,75.15385255439486,0.023577820509672165
1748716283.5744944,75.16123193972153,0.025387965142726898
1748716283.6083221,75.17140872292923,0.02428293041884899
1748716283.641775,75.18243108972194,0.02512376755475998
1748716283.6751785,75.19454117484746,0.024358578026294708
1748716283.7085986,75.20340549880669,0.026004360988736153
1748716283.742034,75.21429242959483,0.028327321633696556
1748716283.7756748,75.22405263157509,0.02699352242052555
1748716283.8092575,75.23456631742692,0.028156602755188942
1748716283.8426282,75.24545843722618,0.028711454942822456
1748716283.8760903,75.25249746833217,0.027716564014554024
1748716283.909874,75.26305879744196,0.029708556830883026
1748716283.9433174,75.27371620335582,0.030080508440732956
1748716283.9772062,75.28083020184874,0.03156339004635811
1748716284.0106378,75.29186597632614,0.03255436569452286
1748716284.0441368,75.30180173159002,0.032977208495140076
1748716284.0775535,75.31276323997815,0.03451639413833618
1748716284.1109586,75.32339177407495,0.033665310591459274
1748716284.1446302,75.33043244132026,0.03601955622434616
1748716284.178071,75.34432570111551,0.03692502900958061
1748716284.2115371,75.35533355331076,0.03929934650659561
1748716284.2449903,75.36591155484805,0.04164827987551689
1748716284.2791815,75.37653883343829,0.04144290089607239
1748716284.3126361,75.38714541277726,0.04367874935269356
1748716284.3463712,75.39777818872368,0.04574569687247276
1748716284.3797948,75.40877390980054,0.046460628509521484
1748716284.4143891,75.41904101487447,0.04559030011296272
1748716284.4478452,75.42928094278341,0.04736826941370964
1748716284.4812446,75.43636759267649,0.047850217670202255
1748716284.5162327,75.45089469222326,0.04775100573897362
1748716284.549644,75.45798096823174,0.04875211790204048
1748716284.5830927,75.46825920295178,0.04997502267360687
1748716284.6177335,75.47927270852041,0.0499262660741806
1748716284.6512337,75.48638279321429,0.05079260095953941
1748716284.6846738,75.49704039208152,0.05107492208480835
1748716284.718237,75.50770634482971,0.050885673612356186
1748716284.75179,75.51837919351671,0.05202536657452583
1748716284.7851887,75.52905103808254,0.05166052654385567
1748716284.8186269,75.53935480449421,0.05154510587453842
1748716284.8520553,75.55001678724115,0.05190504342317581
1748716284.8854787,75.56103349768593,0.05130511149764061
1748716284.9189155,75.57169455763754,0.05095043405890465
1748716284.9525063,75.58236717264728,0.05108075961470604
1748716284.9859052,75.59303924635012,0.05026225373148918
1748716285.0193307,75.60016161240856,0.050888556987047195
1748716285.0527825,75.61050760425731,0.050399299710989
1748716285.0863352,75.62157697286429,0.050402380526065826
1748716285.1197283,75.63229175771369,0.04908403009176254
1748716285.1533182,75.64299974811257,0.04905419424176216
1748716285.1868236,75.65367861028878,0.04951702803373337
1748716285.220231,75.66078669217892,0.048942532390356064
1748716285.2537074,75.67500843951649,0.048409368842840195
1748716285.2871192,75.68533018668519,0.04932883009314537
1748716285.3205469,75.70064080703992,0.04920933023095131
1748716285.3539448,75.71202645051245,0.048741940408945084
1748716285.387374,75.72127919787846,0.04867573827505112
1748716285.4207914,75.72910936975373,0.04836224764585495
1748716285.4541957,75.73869076650857,0.04959537088871002
1748716285.487658,75.749371731474,0.049165114760398865
1748716285.521071,75.76039407503703,0.048719700425863266
1748716285.5545254,75.77139774177097,0.04935073480010033
1748716285.5879316,75.77813612521335,0.05038582533597946
1748716285.6213424,75.79237976256422,0.050072938203811646
1748716285.654776,75.79914995076915,0.05083677917718887
1748716285.6881778,75.81020642710395,0.05082296207547188
1748716285.7215946,75.82088571441992,0.051293112337589264
1748716285.7556689,75.8280014544044,0.05221772566437721
1748716285.789073,75.83828455917455,0.054928917437791824
1748716285.822519,75.84967536032028,0.0553559847176075
1748716285.8559282,75.86068128876393,0.056334592401981354
1748716285.8894196,75.87094581630188,0.059071220457553864
1748716285.9228263,75.88090203320134,0.05946549400687218
1748716285.956235,75.89192584573681,0.060075562447309494
1748716285.9896462,75.90251123620088,0.06291424483060837
1748716286.0234962,75.91342278280692,0.06629601120948792
1748716286.0569084,75.92758282574613,0.0676063820719719
1748716286.0903406,75.93426885501194,0.07076101005077362
1748716286.1238868,75.9480569902194,0.07362997531890869
1748716286.157353,75.95905390229701,0.07548801600933075
1748716286.1907592,75.97005427609791,0.07799070328474045
1748716286.224164,75.98026262395456,0.08275855332612991
1748716286.25757,75.9940454016376,0.08635911345481873
1748716286.2909796,76.00152485903182,0.08828944712877274
1748716286.3243842,76.01599976087346,0.09273845702409744
1748716286.357821,76.02767744638275,0.09675919264554977
1748716286.391923,76.03792374899824,0.10143443942070007
1748716286.4253268,76.04361041693318,0.10468854755163193
1748716286.4587238,76.05497340740685,0.10864914208650589
1748716286.4921196,76.06209720888056,0.11048097163438797
1748716286.5254886,76.07241504476947,0.11398760974407196
1748716286.5590265,76.0830280131341,0.11808980256319046
1748716286.592432,76.09720518846657,0.12186303734779358
1748716286.6258824,76.10746758257184,0.12604206800460815
1748716286.659304,76.1148745130472,0.13139456510543823
1748716286.692661,76.12585945868034,0.135297954082489
1748716286.726099,76.13648387637176,0.13953238725662231
1748716286.7595112,76.14714743273728,0.14274826645851135
1748716286.7937984,76.15733441441968,0.14836223423480988
1748716286.8274987,76.16828613027111,0.1527067869901657
1748716286.8609748,76.17886368522142,0.15811683237552643
1748716286.8943477,76.19268483572037,0.16209417581558228
1748716286.9277542,76.20326967069383,0.1674589216709137
1748716286.961152,76.21360193008316,0.17063237726688385
1748716286.998036,76.2206613498975,0.1753978133201599
1748716287.0315692,76.2368694539653,0.181782528758049
1748716287.0650086,76.24645364942472,0.1852857768535614
1748716287.0984395,76.25247191213174,0.18936152756214142
1748716287.1318438,76.26524146203882,0.1929718405008316
1748716287.1653051,76.27445096313325,0.19716788828372955
1748716287.198714,76.28473632606449,0.20065650343894958
1748716287.2321336,76.29503276502842,0.20385795831680298
1748716287.2655897,76.3060222589668,0.20743116736412048
1748716287.2990332,76.31666342998915,0.21068979799747467
1748716287.3325803,76.32730612436754,0.21390101313591003
1748716287.3659787,76.33791081465672,0.21823756396770477
1748716287.3994386,76.35178744990449,0.22152897715568542
1748716287.43282,76.36312429289457,0.22501002252101898
1748716287.466351,76.37347597642245,0.22711335122585297
1748716287.4998689,76.38557225243586,0.23046474158763885
1748716287.5333424,76.3948361919331,0.23214440047740936
1748716287.566938,76.40586029808048,0.23356609046459198
1748716287.6003704,76.41646733821918,0.23694252967834473
1748716287.6337287,76.42673429910256,0.23951949179172516
1748716287.6671739,76.4377537914565,0.24128982424736023
1748716287.7007039,76.44810678472905,0.2424340397119522
1748716287.7341604,76.45913859695217,0.2448633760213852
1748716287.7675748,76.47022145204657,0.2458411157131195
1748716287.801124,76.4802006077371,0.24743057787418365
1748716287.8345804,76.49086813099701,0.24800896644592285
1748716287.8679974,76.50117680208903,0.24854786694049835
1748716287.9013724,76.51220642508395,0.24895358085632324
1748716287.9349294,76.52606745258444,0.2507956326007843
1748716287.9684296,76.5367194175395,0.2515905201435089
1748716288.0019233,76.54774203832062,0.251595139503479
1748716288.0353298,76.55847389355229,0.2510409653186798
1748716288.0688064,76.56888244752362,0.25189200043678284
1748716288.102224,76.57995456785207,0.25167903304100037
1748716288.1356084,76.58706400043164,0.2506446838378906
1748716288.16931,76.59772163829463,0.2513003945350647
1748716288.202719,76.60802677065949,0.2508297860622406
1748716288.2363827,76.62289804153389,0.24999414384365082
1748716288.2697937,76.63033755622371,0.2502439022064209
1748716288.3032043,76.64027669534858,0.24952591955661774
1748716288.336663,76.65062599870295,0.25004443526268005
1748716288.3700738,76.66169353134487,0.24952128529548645
1748716288.4034991,76.67239994548903,0.24931292235851288
1748716288.4369307,76.68310054465631,0.24865862727165222
1748716288.4703352,76.6937650677862,0.2468823790550232
1748716288.5038092,76.7044375126979,0.2462601661682129
1748716288.5372114,76.71581574261616,0.24450965225696564
1748716288.5706418,76.72546880764921,0.24353808164596558
1748716288.6040874,76.73686709514293,0.24072884023189545
1748716288.637507,76.7507464995436,0.23867908120155334
1748716288.6709113,76.76144601498808,0.23822428286075592
1748716288.7044024,76.77243192306793,0.23588189482688904
1748716288.7377543,76.7791473391402,0.23316766321659088
1748716288.771722,76.78979383302345,0.23039953410625458
1748716288.8053217,76.80435168149589,0.2284744679927826
1748716288.8387592,76.81448794625257,0.22390304505825043
1748716288.8721714,76.82155972822673,0.2222500890493393
1748716288.9055812,76.83207430612741,0.21729367971420288
1748716288.9390364,76.84584743981995,0.21451294422149658
1748716288.9731543,76.8568302111777,0.21171358227729797
1748716289.0066018,76.86747414372145,0.20950134098529816
1748716289.040024,76.8741829079755,0.20587800443172455
1748716289.0738637,76.88511746827582,0.20175324380397797
1748716289.1073158,76.89260360019604,0.20036782324314117
1748716289.1407037,76.90255156208266,0.1959332674741745
1748716289.174114,76.91718267408281,0.19252026081085205
1748716289.2075586,76.9278202077369,0.18846403062343597
1748716289.2410104,76.93839544131127,0.18313294649124146
1748716289.2744617,76.94518064801396,0.18042168021202087
1748716289.3079174,76.95582765754548,0.1759006679058075
1748716289.3413348,76.96683356985328,0.17243938148021698
1748716289.374776,76.97392607722075,0.16951541602611542
1748716289.408187,76.98452751795404,0.16475407779216766
1748716289.4415896,76.99515708647569,0.1606086939573288
1748716289.4750028,77.00539744696668,0.1554681360721588
1748716289.5084047,77.01637131884033,0.15105853974819183
1748716289.541819,77.02704663434176,0.14752359688282013
1748716289.5752196,77.03761988994037,0.1426282376050949
1748716289.6086383,77.04819376534887,0.1379571259021759
1748716289.642057,77.05886435120429,0.13458356261253357
1748716289.6783724,77.06912893829825,0.13014794886112213
1748716289.711769,77.08040572989134,0.1246623769402504
1748716289.7451777,77.09030418566195,0.11978074163198471
1748716289.778575,77.10129713388875,0.11513682454824448
1748716289.8119893,77.11186620754658,0.10909583419561386
1748716289.8453941,77.12235367721158,0.10220074653625488
1748716289.8788025,77.13304544644313,0.09911850094795227
1748716289.9132662,77.14365942737442,0.09459561854600906
1748716289.9466662,77.15030461346163,0.0906631350517273
1748716289.9801738,77.16445282530877,0.08650224655866623
1748716290.0135717,77.17492734686846,0.07768034934997559
1748716290.047094,77.18591208725923,0.07294289022684097
1748716290.080507,77.19597617241948,0.0682353675365448
1748716290.1139169,77.20342967384651,0.06384976208209991
1748716290.1473165,77.21413273370598,0.060650959610939026
1748716290.180686,77.22789797112449,0.05403459817171097
1748716290.2141645,77.23519355080265,0.04941856116056442
1748716290.2475708,77.24936173813681,0.04504401981830597
1748716290.2810106,77.25990816870748,0.03934904560446739
1748716290.3144362,77.27040735069059,0.032653167843818665
1748716290.3478777,77.28099273901694,0.026764942333102226
1748716290.3812766,77.2920787747752,0.02263810858130455
1748716290.4146814,77.30228925981875,0.019151706248521805
1748716290.4480987,77.31289741795266,0.01461451780050993
1748716290.4815185,77.32340069428176,0.009219790808856487
1748716290.5149977,77.33031919563666,0.0017117331735789776
1748716290.5483859,77.34474967985656,-0.005953535437583923
1748716290.5818217,77.35522213420124,-0.01255716010928154
1748716290.6152403,77.36194292234318,-0.016107190400362015
1748716290.648642,77.37268803316928,-0.019269058480858803
1748716290.682043,77.38327062012203,-0.025347478687763214
1748716290.7154572,77.39390004691148,-0.03031470999121666
1748716290.7488654,77.4045615513536,-0.03491964191198349
1748716290.7823632,77.41920133396312,-0.04302529618144035
1748716290.8158185,77.42939192775678,-0.04869651421904564
1748716290.849216,77.43588725148649,-0.054762691259384155
1748716290.8826118,77.44604833800136,-0.05985857918858528
1748716290.9160123,77.45708218847824,-0.06350436061620712
1748716290.949418,77.46740634768652,-0.0666980966925621
1748716290.9829402,77.48184684787391,-0.07221488654613495
1748716291.0163388,77.49245774559427,-0.07666308432817459
1748716291.049706,77.50263548759443,-0.0840025395154953
1748716291.0831761,77.51336241875133,-0.088055320084095
1748716291.116597,77.52587231556397,-0.09562723338603973
1748716291.1500425,77.5353232887286,-0.10566866397857666
1748716291.1834502,77.54514989042673,-0.11125373840332031
1748716291.2168505,77.5553726999591,-0.11204859614372253
1748716291.2502737,77.56513833162677,-0.11523035913705826
1748716291.283782,77.57528599387102,-0.12089334428310394
1748716291.3171868,77.58593306459419,-0.12689721584320068
1748716291.3508668,77.59278709333496,-0.13409115374088287
1748716291.3843832,77.60314509840056,-0.14207318425178528
1748716291.4178307,77.61358335422061,-0.14989089965820312
1748716291.451275,77.62404488347894,-0.1576537936925888
1748716291.4846756,77.63609689479523,-0.16294609010219574
1748716291.5180879,77.64899623285119,-0.17149153351783752
1748716291.551444,77.65569355269584,-0.1779882311820984
1748716291.5848463,77.66965279232419,-0.1863030195236206
1748716291.6182532,77.68100383848595,-0.19137579202651978
1748716291.6517138,77.69049899426349,-0.20037294924259186
1748716291.6851323,77.69748541729427,-0.20687347650527954
1748716291.718538,77.70848721573583,-0.2113325595855713
1748716291.7519493,77.71851948527205,-0.21224172413349152
1748716291.7855868,77.72926484797442,-0.21513909101486206
1748716291.8190084,77.74037355789402,-0.21400345861911774
1748716291.8524294,77.75076656446068,-0.21433503925800323
1748716291.8858325,77.75791953720135,-0.2134179025888443
1748716291.91928,77.76899235805428,-0.21312649548053741
1748716291.9526813,77.78002808912687,-0.21385827660560608
1748716291.9863665,77.7906960406589,-0.21303416788578033
1748716292.019765,77.80099334654294,-0.211824432015419
1748716292.0531886,77.81485654954375,-0.21176661550998688
1748716292.0873625,77.82657158841465,-0.21156872808933258
1748716292.121644,77.83295861359953,-0.21205836534500122
1748716292.1550415,77.84363619132725,-0.2116904854774475
1748716292.1883981,77.85789510006322,-0.21251951158046722
1748716292.2219086,77.86860156272934,-0.21169573068618774
1748716292.2553067,77.87968588370609,-0.2123674750328064
1748716292.2887614,77.89005648271952,-0.21172672510147095
1748716292.3221943,77.90041631564233,-0.2121371626853943
1748716292.355616,77.90861909687852,-0.21194513142108917
1748716292.38912,77.91893844969819,-0.21222950518131256
1748716292.4225264,77.92960527391656,-0.2128458172082901
1748716292.4559476,77.9402732444455,-0.212840735912323
1748716292.4903054,77.95058241906801,-0.21297703683376312
1748716292.5237455,77.96124477698562,-0.21320579946041107
1748716292.557203,77.97190646275594,-0.2135879546403885
1748716292.590618,77.98256865610523,-0.21380764245986938
1748716292.6240592,77.99322978353722,-0.21386082470417023
1748716292.6575077,78.00033696064338,-0.21408505737781525
1748716292.6909335,78.01099799538312,-0.21435925364494324
1748716292.7247763,78.02165805482164,-0.21508847177028656
1748716292.7582035,78.03267176688006,-0.21543197333812714
1748716292.7916963,78.04617723949218,-0.2171681523323059
1748716292.8251014,78.05365748974498,-0.21730369329452515
1748716292.8585076,78.06500416913093,-0.21851465106010437
1748716292.89192,78.07838328893853,-0.22239656746387482
1748716292.9253752,78.08900665675027,-0.2245691567659378
1748716292.958776,78.10317583909851,-0.2275121808052063
1748716292.9921825,78.11379128164538,-0.22890590131282806
1748716293.0255978,78.12111364645602,-0.23373521864414215
1748716293.0590866,78.1313499666196,-0.23432070016860962
1748716293.0926054,78.141702886342,-0.23844864964485168
1748716293.1260183,78.15209242468701,-0.23834051191806793
1748716293.1594164,78.1623396543764,-0.24259480834007263
1748716293.19336,78.17296042444931,-0.24822096526622772
1748716293.2267604,78.18277134503772,-0.25307002663612366
1748716293.260209,78.19340663698831,-0.26028576493263245
1748716293.293646,78.20398623395987,-0.2645277976989746
1748716293.3270235,78.21446915674287,-0.26903003454208374
1748716293.3604233,78.2245149366736,-0.27892670035362244
1748716293.393843,78.23488253910075,-0.28676438331604004
1748716293.4272506,78.2453838081447,-0.2972029149532318
1748716293.4606962,78.25579357499826,-0.30850812792778015
1748716293.494374,78.265057860938,-0.324664831161499
1748716293.52778,78.27443228069679,-0.3315194547176361
1748716293.5612323,78.28430191679317,-0.3422306478023529
1748716293.5946925,78.29424666024772,-0.3571627140045166
1748716293.6280968,78.3043634768518,-0.36316633224487305
1748716293.661511,78.31465351724793,-0.37359118461608887
1748716293.6950614,78.32499637463884,-0.37917476892471313
1748716293.728557,78.3348816706106,-0.38864949345588684
1748716293.7619781,78.34758362998222,-0.3984381854534149
1748716293.7954128,78.35414502098097,-0.4078075587749481
1748716293.8288245,78.36322155127088,-0.422944039106369
1748716293.862231,78.37262391577552,-0.4358600974082947
1748716293.895627,78.38289384707976,-0.44327300786972046
1748716293.9291441,78.39219221483114,-0.45162492990493774
1748716293.9625473,78.4022405769523,-0.4644460082054138
1748716293.9959576,78.4115211361004,-0.4801926910877228
1748716294.0293808,78.41745825928567,-0.4983125329017639
1748716294.0628386,78.4266704488945,-0.5114186406135559
1748716294.0963027,78.44037588619913,-0.5353266596794128
1748716294.1298203,78.44961672474525,-0.5511603355407715
1748716294.1632245,78.4593364952019,-0.5700526237487793
1748716294.1966279,78.46990251392941,-0.5829705595970154
1748716294.2302756,78.4805237698271,-0.5935246348381042
1748716294.263684,78.48749186803146,-0.6081273555755615
1748716294.2971437,78.49762462455519,-0.6184566020965576
1748716294.3305979,78.50760964240872,-0.6335612535476685
1748716294.3640542,78.51761618991495,-0.6467375755310059
1748716294.397468,78.5277856468546,-0.6579555869102478
1748716294.4309251,78.53787800101266,-0.6687051057815552
1748716294.4643736,78.54467998085678,-0.6830211281776428
1748716294.4977503,78.55524999323575,-0.6961178779602051
1748716294.531237,78.56546518340703,-0.7078685164451599
1748716294.5647037,78.57736031930757,-0.7160127758979797
1748716294.5981045,78.58688746915186,-0.7290216088294983
1748716294.6315022,78.59683801424896,-0.7402529120445251
1748716294.6655145,78.60720171004432,-0.7488012313842773
1748716294.6989267,78.61820764904519,-0.7570719718933105
1748716294.7323513,78.62874401209669,-0.7666836977005005
1748716294.7657492,78.63884720602819,-0.7784472107887268
1748716294.7991495,78.64588030942043,-0.7834118008613586
1748716294.832559,78.65691818907891,-0.7894619107246399
1748716294.865916,78.66680705688229,-0.7991605401039124
1748716294.8993907,78.67736726115461,-0.8061397671699524
1748716294.932792,78.68860535536128,-0.8140144348144531
1748716294.966237,78.69898874474704,-0.8225470185279846
1748716294.9996474,78.70852761552058,-0.8289594054222107
1748716295.0337832,78.71984316703636,-0.8354657292366028
1748716295.0671833,78.73033560484035,-0.843379020690918
1748716295.1005795,78.74376859745979,-0.8493329286575317
1748716295.1339915,78.75153552455544,-0.8560410141944885
1748716295.1674151,78.76212959987059,-0.8618483543395996
1748716295.2008276,78.77602744906319,-0.8653595447540283
1748716295.2342272,78.78608565044509,-0.8750967383384705
1748716295.267647,78.79670927567129,-0.8808709383010864
1748716295.3010933,78.810940128656,-0.8857681751251221
1748716295.3347223,78.81911305710601,-0.8906846642494202
1748716295.3681216,78.82915238305671,-0.8931168913841248
1748716295.401555,78.8400800996639,-0.8990035653114319
1748716295.4349537,78.8507773812915,-0.902807891368866
1748716295.4684334,78.86141154474542,-0.9075754284858704
1748716295.5020075,78.87164751544188,-0.9128677845001221
1748716295.5354033,78.88188796104298,-0.9177233576774597
1748716295.5688853,78.89294074755279,-0.9205132722854614
1748716295.6022913,78.90366399001468,-0.9225184321403503
1748716295.635826,78.91425433285208,-0.9257375001907349
1748716295.6692464,78.92450312771314,-0.9299344420433044
1748716295.7026525,78.93546028959814,-0.9359620809555054
1748716295.7361052,78.94256106017096,-0.9382873773574829
1748716295.7696335,78.95321129919829,-0.9419077634811401
1748716295.8030057,78.9638035989395,-0.9466525316238403
1748716295.8364067,78.97480842141451,-0.9488487839698792
1748716295.869813,78.9858084935277,-0.9510612487792969
1748716295.9032266,78.99567453823288,-0.9548965692520142
1748716295.9366655,79.00628969178061,-0.9568882584571838
1748716295.9700644,79.01653921065584,-0.9622505307197571
1748716296.0035262,79.02720109589465,-0.9652519226074219
1748716296.0369313,79.03817635502575,-0.9696986079216003
1748716296.0703535,79.05201296988413,-0.9729728102684021
1748716296.103776,79.0630426823886,-0.9763836860656738
1748716296.1371658,79.0733040152529,-0.9799922704696655
1748716296.1711543,79.08428737917225,-0.9836472272872925
1748716296.204553,79.09489612004995,-0.9877836108207703
1748716296.2379909,79.10558824224941,-0.9899139404296875
1748716296.2713916,79.11622269841068,-0.994072675704956
1748716296.3051622,79.12641899133743,-0.999207079410553
1748716296.3385813,79.14102219496581,-1.0013933181762695
1748716296.3722527,79.15163520195517,-1.0043681859970093
1748716296.4057152,79.16220670999135,-1.0085421800613403
1748716296.4393477,79.1693178745972,-1.0113236904144287
1748716296.472798,79.17600475960957,-1.0150278806686401
1748716296.5063615,79.18727332776075,-1.0185654163360596
1748716296.5397587,79.20106379013171,-1.0209424495697021
1748716296.5732095,79.20771118206612,-1.0258686542510986
1748716296.6067538,79.21863597093427,-1.0299988985061646
1748716296.6401641,79.22934470155005,-1.031766653060913
1748716296.6738315,79.23960320333136,-1.035681962966919
1748716296.7072122,79.2507924531786,-1.0405213832855225
1748716296.740628,79.26066889062328,-1.043836236000061
1748716296.77407,79.27111890145815,-1.0488481521606445
1748716296.8074658,79.28209640217119,-1.0495274066925049
1748716296.8408964,79.29293940261472,-1.0540578365325928
1748716296.874431,79.30305097552834,-1.0586799383163452
1748716296.9078677,79.3101063776515,-1.0606001615524292
1748716296.9413004,79.32068736425039,-1.0634814500808716
1748716296.9747155,79.3312725981074,-1.067230224609375
1748716297.0081284,79.34224504365851,-1.069356918334961
1748716297.0415127,79.3531551883474,-1.0738118886947632
1748716297.0749135,79.35985399795382,-1.078015685081482
1748716297.108389,79.37368079334126,-1.081001877784729
1748716297.1417987,79.38071852629399,-1.085858941078186
1748716297.1757183,79.3910420697883,-1.0876938104629517
1748716297.2101996,79.40171453461058,-1.0912407636642456
1748716297.2436562,79.41275312914651,-1.093712568283081
1748716297.2771087,79.42332535734535,-1.0987502336502075
1748716297.3108528,79.4304604229029,-1.1014271974563599
1748716297.34427,79.44456528548318,-1.1067248582839966
1748716297.3807583,79.45167258400389,-1.1105200052261353
1748716297.4141638,79.46586915933135,-1.1159242391586304
1748716297.447729,79.47651566351762,-1.1199151277542114
1748716297.481528,79.48673837389872,-1.1248501539230347
1748716297.5149422,79.49816504225689,-1.1270523071289062
1748716297.5483482,79.50875953800116,-1.1316763162612915
1748716297.5817564,79.51901972000245,-1.1357195377349854
1748716297.6152005,79.52958680017159,-1.1407991647720337
1748716297.6486208,79.54054716924485,-1.1453300714492798
1748716297.6820247,79.55088213846678,-1.1483391523361206
1748716297.7154741,79.56495239680756,-1.1536626815795898
1748716297.748871,79.5720261960772,-1.157958745956421
1748716297.7822738,79.58305831035297,-1.1600062847137451
1748716297.815677,79.59329786890243,-1.165727138519287
1748716297.849114,79.60426701282825,-1.1698079109191895
1748716297.882521,79.61445944927787,-1.1756129264831543
1748716297.9160545,79.62478492096028,-1.1786930561065674
1748716297.9494674,79.63608578163397,-1.1838359832763672
1748716297.98291,79.64634790446055,-1.1886123418807983
1748716298.0163546,79.6568159624289,-1.1945773363113403
1748716298.0503237,79.66424586651075,-1.1974847316741943
1748716298.0837252,79.67812286218309,-1.2008812427520752
1748716298.117187,79.68909064948527,-1.2056530714035034
1748716298.1506062,79.6991668875662,-1.2103551626205444
1748716298.1839852,79.70950729458947,-1.2159348726272583
1748716298.2173939,79.7201432491931,-1.22130286693573
1748716298.250872,79.73122300968892,-1.2253354787826538
1748716298.2842708,79.74185349052561,-1.2313026189804077
1748716298.3176804,79.75251991633338,-1.2357374429702759
1748716298.3512468,79.76320442665623,-1.2379138469696045
1748716298.3847034,79.77380015106125,-1.2425882816314697
1748716298.4182599,79.78404797258425,-1.2496148347854614
1748716298.4516654,79.79489856492668,-1.2551454305648804
1748716298.4850876,79.80906392459157,-1.2597389221191406
1748716298.5184908,79.81965479520886,-1.2664719820022583
1748716298.5518584,79.83031746295713,-1.2693434953689575
1748716298.5854123,79.84096843329309,-1.2749427556991577
1748716298.6188793,79.85175067532059,-1.277212142944336
1748716298.6522894,79.85877974605046,-1.2830357551574707
1748716298.685697,79.87247101693131,-1.2888314723968506
1748716298.7192569,79.88344187022702,-1.2923728227615356
1748716298.752663,79.89037276537773,-1.2995425462722778
1748716298.7861106,79.90113646115114,-1.3047829866409302
1748716298.819522,79.91175033706024,-1.3081423044204712
1748716298.8531606,79.92160135714059,-1.313358187675476
1748716298.8865178,79.93267073299609,-1.3159157037734985
1748716298.9199338,79.94329405199497,-1.3187503814697266
1748716298.9534044,79.9537122578007,-1.3280763626098633
1748716298.9868197,79.96394313367034,-1.332995891571045
1748716299.020235,79.97819499234022,-1.3363336324691772
1748716299.0536346,79.9856108238517,-1.3418083190917969
1748716299.088198,79.99981543217532,-1.346962809562683
1748716299.1217346,80.0109202817085,-1.3495020866394043
1748716299.1551433,80.02116690434555,-1.3536537885665894
1748716299.1885793,80.03175241551216,-1.358280897140503
1748716299.2220273,80.03886245332488,-1.3608877658843994
1748716299.2554343,80.04962128518098,-1.3672021627426147
1748716299.2888243,80.05981866153844,-1.37130868434906
1748716299.3222249,80.07038795498848,-1.3765403032302856
1748716299.3556356,80.0774150206053,-1.3805100917816162
1748716299.389096,80.09147817928239,-1.3886089324951172
1748716299.422548,80.10214450795323,-1.39199960231781
1748716299.4559608,80.11309884640747,-1.3978995084762573
1748716299.489526,80.1233224946487,-1.4040437936782837
1748716299.5234034,80.13435016621084,-1.4102811813354492
1748716299.5568125,80.14507415923705,-1.4138623476028442
1748716299.5902195,80.1588595421594,-1.4188839197158813
1748716299.6236265,80.16946247783088,-1.4258743524551392
1748716299.6572468,80.17941814536424,-1.4345896244049072
1748716299.6906722,80.19006502043004,-1.4389277696609497
1748716299.7240896,80.20084056640486,-1.4470492601394653
1748716299.757621,80.2117501042419,-1.451321005821228
1748716299.791069,80.22233117967208,-1.459368109703064
1748716299.8253617,80.23307398078708,-1.463687539100647
1748716299.8588877,80.24311785649383,-1.4715007543563843
1748716299.8922966,80.25378762848815,-1.474090337753296
1748716299.925712,80.26459540701438,-1.4821007251739502
1748716299.959134,80.27484595466159,-1.4847272634506226
1748716299.992547,80.28543630042692,-1.4845722913742065
1748716300.02598,80.29551134750112,-1.4872649908065796
1748716300.0593789,80.30688717087129,-1.4934860467910767
1748716300.0927458,80.32018672628891,-1.4943667650222778
1748716300.1262574,80.3303005800458,-1.4923962354660034
1748716300.1596763,80.33713195610927,-1.495216965675354
1748716300.1932216,80.34757985029488,-1.5018385648727417
1748716300.2266266,80.35758617509538,-1.504685878753662
1748716300.2600255,80.36803585279117,-1.5047069787979126
1748716300.2934365,80.37880936796222,-1.5078061819076538
1748716300.3268342,80.38931676703278,-1.5100841522216797
1748716300.3614523,80.39989515347405,-1.512541651725769
1748716300.3948495,80.41052096580727,-1.5146863460540771
1748716300.4282923,80.42079066632178,-1.5179585218429565
1748716300.461722,80.43174764322612,-1.5206204652786255
1748716300.4951262,80.44277978426899,-1.5205883979797363
1748716300.528529,80.45338615480355,-1.5237425565719604
1748716300.5622795,80.46745277253595,-1.5262869596481323
1748716300.5956888,80.47733784463874,-1.525219440460205
1748716300.629073,80.4881934769684,-1.5290956497192383
1748716300.662482,80.49517604551588,-1.531441569328308
1748716300.695877,80.50533086037386,-1.5321757793426514
1748716300.7294545,80.51236071812966,-1.534374475479126
1748716300.7630413,80.52682872705616,-1.5359219312667847
1748716300.7964487,80.53735501158566,-1.5368868112564087
1748716300.8300285,80.5477998041179,-1.5405417680740356
1748716300.8634276,80.56189333127311,-1.5403367280960083
1748716300.8968136,80.5723977624819,-1.541560411453247
1748716300.9302204,80.58279160651222,-1.5455905199050903
1748716300.9636242,80.59364489424321,-1.5459184646606445
1748716300.9971087,80.60382138749135,-1.5446642637252808
1748716301.030517,80.61439546417199,-1.5440133810043335
1748716301.0648935,80.62499898090505,-1.544966697692871
1748716301.0982904,80.63600987158857,-1.5453699827194214
1748716301.1316936,80.64624268561448,-1.5492360591888428
1748716301.1650972,80.65692746147623,-1.5495362281799316
1748716301.1984706,80.66402734148946,-1.5520204305648804
1748716301.231874,80.6746982187316,-1.5540852546691895
1748716301.2652996,80.68526463535667,-1.5587433576583862
1748716301.2987177,80.69553222174468,-1.5672038793563843
1748716301.3321333,80.70921493458103,-1.5709152221679688
1748716301.3655484,80.71932459253802,-1.5795283317565918
1748716301.3989522,80.72934359920447,-1.5808053016662598
1748716301.4328048,80.73668126812237,-1.5820250511169434
1748716301.4662,80.75054341279451,-1.5793311595916748
1748716301.499657,80.7606166400437,-1.5767112970352173
1748716301.5330553,80.77111981662398,-1.5774136781692505
1748716301.5664573,80.7820433821412,-1.5772111415863037
1748716301.5998619,80.79230418179355,-1.5772595405578613
1748716301.6332688,80.80330974027949,-1.5771933794021606
1748716301.6667838,80.81399754471119,-1.577804446220398
1748716301.70026,80.82504832895717,-1.5769895315170288
1748716301.7336717,80.83537515836409,-1.5773358345031738
1748716301.7670672,80.84604969874256,-1.577128529548645
1748716301.800467,80.85707162425774,-1.5772162675857544
1748716301.8338673,80.86702430440619,-1.5771507024765015
1748716301.8673053,80.87839712608357,-1.5771836042404175
1748716301.9007957,80.89225616257032,-1.5771397352218628
1748716301.9341922,80.90291839721198,-1.5771692991256714
1748716301.9676495,80.91394866833919,-1.5777931213378906
1748716302.0010555,80.926073483261,-1.5769734382629395
1748716302.0344522,80.9350114952087,-1.5779916048049927
1748716302.067981,80.94217049070298,-1.5771185159683228
1748716302.1013486,80.95328918938938,-1.5774943828582764
1748716302.134751,80.96367908465467,-1.5766901969909668
1748716302.1681669,80.97867521043189,-1.5776033401489258
1748716302.2016547,80.98864277891654,-1.5770083665847778
1748716302.2350733,80.99933288111538,-1.5776336193084717
1748716302.2686782,81.01357116055267,-1.5768065452575684
1748716302.3021016,81.02031552169646,-1.5776845216751099
1748716302.3355098,81.03169745211618,-1.5769513845443726
1748716302.3689115,81.03847813086607,-1.5775834321975708
1748716302.4023204,81.05315937284588,-1.5772676467895508
1748716302.4357324,81.06353380364946,-1.5780255794525146
1748716302.4691348,81.0742365050203,-1.5772838592529297
1748716302.5025346,81.08492802242756,-1.5782594680786133
1748716302.5359526,81.09528418434968,-1.5778223276138306
1748716302.5693798,81.10601503092113,-1.5784202814102173
1748716302.602797,81.1170954013973,-1.5778229236602783
1748716302.6362112,81.1242367917727,-1.5780028104782104
1748716302.669631,81.1345925553635,-1.5778110027313232
1748716302.7030685,81.14604222550363,-1.5782040357589722
1748716302.7364736,81.15639740666299,-1.5774885416030884
1748716302.7699149,81.16708620592799,-1.5778594017028809
1748716302.8033504,81.17740461548254,-1.5776729583740234
1748716302.8368611,81.18842797258036,-1.5777658224105835
1748716302.8702614,81.19553776790664,-1.5777124166488647
1748716302.9081953,81.20620103719172,-1.5777109861373901
1748716302.9418197,81.21686336591475,-1.5777058601379395
1748716302.9756234,81.22716947918569,-1.57768976688385
1748716303.0090334,81.23854135409914,-1.5776879787445068
1748716303.0424335,81.24884699054923,-1.5776764154434204
1748716303.075989,81.25915215348155,-1.5776644945144653
1748716303.1093886,81.27016829332753,-1.577654480934143
1748716303.1428046,81.28082870467637,-1.5776480436325073
1748716303.1762114,81.28793564558353,-1.5776386260986328
1748716303.209611,81.2985955801271,-1.5776289701461792
1748716303.2448459,81.30925551468277,-1.5776194334030151
1748716303.2782476,81.31991544603082,-1.5776129961013794
1748716303.311645,81.32702143331436,-1.5776034593582153
1748716303.3451295,81.33768088785254,-1.5775938034057617
1748716303.3784869,81.34833938552752,-1.5775842666625977
1748716303.4119823,81.36006364148604,-1.577574610710144
1748716303.4454143,81.3700111590051,-1.577565312385559
1748716303.4792552,81.38031345137695,-1.5775586366653442
1748716303.5126565,81.39097004179439,-1.5775489807128906
1748716303.5461447,81.39807411859938,-1.577539324760437
1748716303.5795124,81.40837401731604,-1.5775164365768433
1748716303.6130226,81.42471178740523,-1.577530860900879
1748716303.6463964,81.42968389337331,-1.5775657892227173
1748716303.6798308,81.44069342253385,-1.5776052474975586
1748716303.7132397,81.45170292301118,-1.5776385068893433
1748716303.7465968,81.46235719781063,-1.5776934623718262
1748716303.779995,81.47265667523371,-1.577704668045044
1748716303.8135178,81.48295613634085,-1.5777250528335571
1748716303.8469372,81.49432042497904,-1.5777437686920166
1748716303.8811326,81.50461987927355,-1.577735424041748
1748716303.9145234,81.51491928742018,-1.577661156654358
1748716303.9479504,81.52592867367734,-1.5775312185287476
1748716303.9814029,81.5362283686171,-1.5773301124572754
1748716304.0148234,81.54723812745003,-1.57712984085083
1748716304.0482235,81.55966823691325,-1.5767899751663208
1748716304.0816255,81.56890197158074,-1.5763163566589355
1748716304.1150246,81.5827543860287,-1.576016902923584
1748716304.148414,81.59340631812347,-1.5747292041778564
1748716304.1818256,81.60086683226847,-1.5746582746505737
1748716304.2152345,81.61152446510422,-1.5740176439285278
1748716304.2486353,81.62182676476155,-1.5732206106185913
1748716304.282019,81.63567417343057,-1.5717650651931763
1748716304.3154278,81.64312996211521,-1.5702815055847168
1748716304.3488293,81.65345469295045,-1.5697675943374634
1748716304.3822737,81.66447851478011,-1.5676276683807373
1748716304.4157095,81.67160805585735,-1.5673067569732666
1748716304.4490707,81.68196820151681,-1.5659245252609253
1748716304.4824727,81.69344117026304,-1.5657035112380981
1748716304.5159402,81.7037969812646,-1.5629273653030396
1748716304.5493436,81.71416323505525,-1.5621391534805298
1748716304.5827484,81.7252113667909,-1.5597509145736694
1748716304.6161542,81.739450652714,-1.5584731101989746
1748716304.649574,81.74656190940475,-1.5563571453094482
1748716304.6830423,81.7590427834039,-1.5549805164337158
1748716304.7164412,81.76793118540469,-1.5520613193511963
1748716304.749843,81.7783099499726,-1.5515131950378418
1748716304.7832417,81.78938322805988,-1.5500884056091309
1748716304.8166475,81.80012430416997,-1.547373652458191
1748716304.8500252,81.8111929556829,-1.5471092462539673
1748716304.8834314,81.82149195877362,-1.5479899644851685
1748716304.9168375,81.83210609621375,-1.5476268529891968
1748716304.950247,81.8426012534005,-1.5441300868988037
1748716304.9836743,81.85423327354998,-1.5447219610214233
1748716305.0171154,81.86343529128854,-1.5440239906311035
1748716305.0507765,81.87440841823454,-1.5445035696029663
1748716305.0843298,81.88466234658809,-1.5460255146026611
1748716305.1177464,81.89563418929811,-1.54569673538208
1748716305.1511595,81.90620693691406,-1.5435534715652466
1748716305.1845648,81.91678708493853,-1.5455461740493774
1748716305.2179813,81.92703143170776,-1.5466095209121704
1748716305.2513788,81.93866620554822,-1.546887993812561
1748716305.2848032,81.94913707816102,-1.5501043796539307
1748716305.3182542,81.95854439232305,-1.553447961807251
1748716305.3516607,81.96906771025016,-1.553277611732483
1748716305.3855553,81.97993667534463,-1.5567744970321655
1748716305.4191382,81.98695245345463,-1.5596450567245483
1748716305.452539,81.9973650856395,-1.558233618736267
1748716305.48596,82.0075114212453,-1.5615179538726807
1748716305.519449,82.01732720333652,-1.5625202655792236
1748716305.552871,82.02797844056339,-1.5651917457580566
1748716305.5862699,82.03839977107233,-1.567728042602539
1748716305.6197002,82.04856217771585,-1.5710883140563965
1748716305.65313,82.05915467467368,-1.5738091468811035
1748716305.6865582,82.07008410117264,-1.5767747163772583
1748716305.719953,82.08108351699428,-1.5798755884170532
1748716305.7534108,82.09154183859019,-1.5864570140838623
1748716305.7868114,82.10185931021923,-1.5899282693862915
1748716305.820211,82.11213955941578,-1.5924270153045654
1748716305.853617,82.11986049036578,-1.5951809883117676
1748716305.8870249,82.13052719072995,-1.5969675779342651
1748716305.9204996,82.14041232959983,-1.6013106107711792
1748716305.9539363,82.15138141598337,-1.6008930206298828
1748716305.9873517,82.16200531907992,-1.600842833518982
1748716306.0208359,82.17365488821613,-1.6019779443740845
1748716306.0542421,82.18318785748214,-1.60002601146698
1748716306.0884256,82.19339930494885,-1.6003683805465698
1748716306.1223001,82.20429557677471,-1.602378249168396
1748716306.155713,82.21488168867037,-1.6019459962844849
1748716306.1933858,82.22513268606922,-1.6009860038757324
1748716306.2268405,82.23966360416081,-1.6003577709197998
1748716306.2602444,82.2503190189987,-1.6006416082382202
1748716306.293704,82.26132482555512,-1.5998438596725464
1748716306.3270693,82.27162938229841,-1.5994493961334229
1748716306.3604646,82.2826440255811,-1.5990148782730103
1748716306.3938677,82.28939364423026,-1.5987184047698975
1748716306.4272745,82.303973036432,-1.5977654457092285
1748716306.4606817,82.31429053427986,-1.597129225730896
1748716306.4941134,82.32496828519834,-1.5969645977020264
1748716306.52772,82.33172728944965,-1.5964093208312988
1748716306.5611203,82.34275305295269,-1.5952988862991333
1748716306.5945632,82.35342980163297,-1.5950359106063843
1748716306.628209,82.36800861215646,-1.5941033363342285
1748716306.6616616,82.37867432719204,-1.5933635234832764
1748716306.6950645,82.3886255850943,-1.592697024345398
1748716306.7284725,82.39964938779589,-1.591715931892395
1748716306.7618814,82.40711583009644,-1.5910367965698242
1748716306.7953167,82.42132351608886,-1.5901519060134888
1748716306.8287303,82.43162729337985,-1.5894193649291992
1748716306.8621485,82.44228890353286,-1.5887597799301147
1748716306.8955634,82.45294885102379,-1.5882583856582642
1748716306.9289815,82.46325443396796,-1.5875529050827026
1748716306.9623756,82.47463113874697,-1.5868480205535889
1748716306.9957736,82.48458647156347,-1.5860986709594727
1748716307.029207,82.49525014524617,-1.5855258703231812
1748716307.0626166,82.50662741534195,-1.5847861766815186
1748716307.0960598,82.51693789244847,-1.5842089653015137
1748716307.1297095,82.52759486596561,-1.5835250616073608
1748716307.163115,82.53790847662218,-1.5829092264175415
1748716307.1965966,82.54892707784352,-1.582417368888855
1748716307.2300096,82.559943352257,-1.581633448600769
1748716307.2634816,82.57381231608359,-1.5811619758605957
1748716307.2968943,82.584477600812,-1.5802263021469116
1748716307.3302693,82.59478804189561,-1.5799152851104736
1748716307.3636813,82.60190115953833,-1.5792362689971924
1748716307.3970962,82.6129227780029,-1.5785598754882812
1748716307.430746,82.62360170893997,-1.5780636072158813
1748716307.4641964,82.63427079390839,-1.5777078866958618
1748716307.4976096,82.6449318282094,-1.5773441791534424
1748716307.5310638,82.65595704856737,-1.5768917798995972
1748716307.5645828,82.66626541508892,-1.5761690139770508
1748716307.5979867,82.67729538701315,-1.5757596492767334
1748716307.6313715,82.68723824830045,-1.5753469467163086
1748716307.6648242,82.6986153672687,-1.574890375137329
1748716307.698234,82.71212640750595,-1.574588418006897
1748716307.7316394,82.72314348616382,-1.573960542678833
1748716307.7650428,82.73345647441496,-1.573561429977417
1748716307.7987192,82.74412644362991,-1.5729331970214844
1748716307.833261,82.75515509667538,-1.5725796222686768
1748716307.866671,82.76545002726166,-1.5726293325424194
1748716307.9000843,82.77646252244875,-1.5723152160644531
1748716307.933482,82.78748648499044,-1.5720452070236206
1748716307.9668844,82.79920803562169,-1.57167387008667
1748716308.0003755,82.80490192919035,-1.5713905096054077
1748716308.0338063,82.81875977561897,-1.5712454319000244
1748716308.0672522,82.82978042629817,-1.5706020593643188
1748716308.100651,82.84044680940741,-1.5704824924468994
1748716308.1340554,82.84719168251785,-1.5703188180923462
1748716308.1675653,82.85785665903838,-1.5699975490570068
1748716308.2009778,82.86887403156207,-1.569579005241394
1748716308.234363,82.87954237690806,-1.5693082809448242
1748716308.2679076,82.8902121307059,-1.5691674947738647
1748716308.3013175,82.90087191011389,-1.5688610076904297
1748716308.3347425,82.91119073866241,-1.5686664581298828
1748716308.3682585,82.92398068388611,-1.5681885480880737
1748716308.4016724,82.93464767148603,-1.5679538249969482
1748716308.435205,82.9435370182414,-1.5676844120025635
1748716308.46864,82.95420793457055,-1.5672541856765747
1748716308.5021026,82.96488431872491,-1.5675114393234253
1748716308.535772,82.97911589550104,-1.5669927597045898
1748716308.5693622,82.98623332800791,-1.5667873620986938
1748716308.6027713,82.99689840480234,-1.566737413406372
1748716308.6362321,83.00756209134109,-1.566683053970337
1748716308.669637,83.01823558619874,-1.5668267011642456
1748716308.7031314,83.02926205601173,-1.5668327808380127
1748716308.7365594,83.03637664241721,-1.5665500164031982
1748716308.7699704,83.04669360793946,-1.5665795803070068
1748716308.8033783,83.05736156417304,-1.5664845705032349
1748716308.836783,83.06802614399551,-1.566457748413086
1748716308.87019,83.08224848089408,-1.5663896799087524
1748716308.9036157,83.09291023823373,-1.5662857294082642
1748716308.937016,83.1035858057753,-1.5662997961044312
1748716308.9703908,83.11744286090598,-1.5662518739700317
1748716309.0037918,83.128470419008,-1.5660966634750366
1748716309.0375257,83.13877975634712,-1.5660604238510132
1748716309.070924,83.14980057681069,-1.5660068988800049
1748716309.1043353,83.1604746311665,-1.5661119222640991
1748716309.1378627,83.17114071694886,-1.5660043954849243
1748716309.1715312,83.18181057026774,-1.5659786462783813
1748716309.204975,83.19248084309977,-1.5660302639007568
1748716309.2383747,83.19958679707327,-1.5659257173538208
1748716309.2729247,83.21025472469228,-1.5659682750701904
1748716309.3063538,83.21701152924481,-1.5661041736602783
1748716309.3397522,83.23158335097015,-1.5660728216171265
1748716309.3733146,83.24224741455134,-1.5661306381225586
1748716309.4067245,83.25291152499537,-1.5661208629608154
1748716309.4403052,83.26001883029917,-1.5661760568618774
1748716309.4737573,83.27067635084765,-1.5659681558609009
1748716309.5073624,83.28099342289312,-1.565894603729248
1748716309.5407612,83.29200135553307,-1.565888524055481
1748716309.574175,83.30266502751158,-1.5658360719680786
1748716309.6076357,83.31333297795311,-1.5658236742019653
1748716309.641036,83.32043891430212,-1.5658169984817505
1748716309.674455,83.33146385481326,-1.5660028457641602
1748716309.7079148,83.34176795311056,-1.5659748315811157
1748716309.7414231,83.3559879639778,-1.5658601522445679
1748716309.7748797,83.36309811219965,-1.5660055875778198
1748716309.8082762,83.37340585514752,-1.5662486553192139
1748716309.8418334,83.38478372470634,-1.5662872791290283
1748716309.8752713,83.39509692168431,-1.5661225318908691
1748716309.9086778,83.40577075686146,-1.5661009550094604
1748716309.9420857,83.41642071893641,-1.5666130781173706
1748716309.975483,83.42707547571143,-1.5661263465881348
1748716310.0089319,83.43773336047904,-1.566269040107727
1748716310.0423374,83.44874693739122,-1.5663388967514038
1748716310.0757353,83.45905194995258,-1.5663584470748901
1748716310.1091743,83.46616448598525,-1.5664358139038086
1748716310.1426399,83.4768223549998,-1.5664418935775757
1748716310.1760423,83.48713212183854,-1.566493272781372
1748716310.2094984,83.49815153008963,-1.5663812160491943
1748716310.2429452,83.5088174414124,-1.566509485244751
1748716310.2763534,83.51947639426938,-1.5662976503372192
1748716310.309753,83.53014626245636,-1.566258192062378
1748716310.3431842,83.54116402200663,-1.5664830207824707
1748716310.3766015,83.54792229792258,-1.5665229558944702
1748716310.4100332,83.555037285117,-1.566349744796753
1748716310.4434302,83.56535525427738,-1.5663678646087646
1748716310.4782007,83.57815612527033,-1.5662351846694946
1748716310.51162,83.58704554352384,-1.566164493560791
1748716310.545096,83.59734899558754,-1.5663776397705078
1748716310.5785174,83.60837318836279,-1.5662457942962646
1748716310.6121435,83.61584628428876,-1.5662871599197388
1748716310.64697,83.62614650710736,-1.5663069486618042
1748716310.6803844,83.63681232012378,-1.565947413444519
1748716310.7138908,83.64713480717849,-1.5656182765960693
1748716310.7474287,83.65459947075317,-1.5653860569000244
1748716310.7808511,83.66845674396973,-1.5652472972869873
1748716310.814263,83.6791155553891,-1.5653468370437622
1748716310.8476694,83.68658762628196,-1.5654181241989136
1748716310.8810813,83.69724786308137,-1.5647175312042236
1748716310.9146616,83.70792299249364,-1.565002679824829
1748716310.9480507,83.71860087853177,-1.5653367042541504
1748716310.9816875,83.72895725000397,-1.5661066770553589
1748716311.0151827,83.74114637883822,-1.56515634059906
1748716311.0485988,83.74720407021744,-1.5658671855926514
1748716311.082138,83.75920288035189,-1.5691514015197754
1748716311.1155899,83.76838985247379,-1.571498155593872
1748716311.1490014,83.77900933588506,-1.5728096961975098
1748716311.1824646,83.79000295686185,-1.5743746757507324
1748716311.2158697,83.79639876080351,-1.575241208076477
1748716311.2493136,83.8070693832857,-1.576406478881836
1748716311.2832866,83.81800880418692,-1.579795002937317
1748716311.3166869,83.83227444867397,-1.5856539011001587
1748716311.350102,83.83927648088293,-1.5897529125213623
1748716311.3835025,83.8492764139014,-1.5925687551498413
1748716311.4169042,83.86379110826722,-1.5972535610198975
1748716311.4503143,83.87398463868598,-1.5971797704696655
1748716311.483722,83.88474518161732,-1.6005632877349854
1748716311.517133,83.89529738299547,-1.601574182510376
1748716311.550532,83.90239504195488,-1.6029326915740967
1748716311.5839956,83.91309004276454,-1.603051781654358
1748716311.6174078,83.92330010353848,-1.6058307886123657
1748716311.650805,83.93416072517923,-1.610445261001587
1748716311.6842153,83.9408477079753,-1.6100739240646362
1748716311.7176688,83.95173064097095,-1.613102674484253
1748716311.751132,83.96305596269846,-1.6144568920135498
1748716311.7846627,83.97287692803772,-1.618177056312561
1748716311.8180861,83.98374904618407,-1.6204768419265747
1748716311.8515098,83.99430223121823,-1.6186883449554443
1748716311.8852468,84.00456010656839,-1.6168255805969238
1748716311.919372,84.01485141958173,-1.6172394752502441
1748716311.9527972,84.02230663137186,-1.617089867591858
1748716311.9862106,84.0294099893709,-1.6171268224716187
1748716312.01961,84.04326504379937,-1.617138385772705
1748716312.0530617,84.0510820462674,-1.6171021461486816
1748716312.0864823,84.06494034290509,-1.6171051263809204
1748716312.1198802,84.07560088874844,-1.6170852184295654
1748716312.1537817,84.08270809280653,-1.617081880569458
1748716312.1872122,84.09372379778144,-1.6170753240585327
1748716312.2206638,84.10402920662666,-1.6170650720596313
1748716312.2540643,84.11078077531316,-1.6170566082000732
1748716312.2878244,84.12215207162603,-1.61704683303833
1748716312.3221524,84.13601034601025,-1.6170376539230347
1748716312.3555672,84.14631525656715,-1.6170254945755005
1748716312.3889744,84.1569753041465,-1.6170161962509155
1748716312.4224315,84.16799048880618,-1.6170063018798828
1748716312.4558702,84.17900519713649,-1.6170001029968262
1748716312.4894764,84.1854006321138,-1.6169911623001099
1748716312.5228825,84.19641534045604,-1.616982102394104
1748716312.5562887,84.20671877807108,-1.61697256565094
1748716312.5924609,84.21773251179738,-1.6169633865356445
1748716312.6261327,84.22839063211487,-1.6169542074203491
1748716312.6595857,84.23904825413817,-1.6169452667236328
1748716312.6929889,84.24970492350403,-1.6169360876083374
1748716312.7264416,84.26107186700763,-1.616926670074463
1748716312.75986,84.27101728763442,-1.6169174909591675
1748716312.7935476,84.2781206151452,-1.6169114112854004
1748716312.8269546,84.29268154263998,-1.6169089078903198
1748716312.8604615,84.29942897836729,-1.6169744729995728
1748716312.8938582,84.31043906393306,-1.617035984992981
1748716312.9308589,84.32109391600733,-1.617021083831787
1748716312.9646916,84.33139311070207,-1.617018222808838
1748716312.9981122,84.34204740707905,-1.6170620918273926
1748716313.0316024,84.35305747203599,-1.6171348094940186
1748716313.0650218,84.35980572888309,-1.6171365976333618
1748716313.0985081,84.3704603476591,-1.6171677112579346
1748716313.1320696,84.38466680143443,-1.6172311305999756
1748716313.1654823,84.3917698957831,-1.6172528266906738
1748716313.1988914,84.40242462606405,-1.6172935962677002
1748716313.2322943,84.41307935625889,-1.6173073053359985
1748716313.266342,84.41982751340244,-1.6173524856567383
1748716313.2997463,84.43083749185847,-1.6173889636993408
1748716313.3331432,84.441492333556,-1.6174267530441284
1748716313.3665447,84.45214704189118,-1.6174356937408447
1748716313.4002986,84.46244690267797,-1.6174886226654053
1748716313.4336927,84.47381204108665,-1.617519497871399
1748716313.4670994,84.48411176879456,-1.6175544261932373
1748716313.500456,84.49192535988492,-1.6175916194915771
1748716313.534228,84.50186997344083,-1.6176294088363647
1748716313.5679054,84.51643174625151,-1.6176639795303345
1748716313.6014779,84.52317938386363,-1.6177021265029907
1748716313.6348877,84.53347922417315,-1.6177401542663574
1748716313.668303,84.54484458685256,-1.617775797843933
1748716313.701714,84.55514392858049,-1.6178094148635864
1748716313.735117,84.56579899568915,-1.6178522109985352
1748716313.7685175,84.57645410803151,-1.6178722381591797
1748716313.8019369,84.58355699532103,-1.6179039478302002
1748716313.835399,84.59421204085795,-1.617942214012146
1748716313.8688405,84.60486667760134,-1.6179771423339844
1748716313.902245,84.61552179091645,-1.6180182695388794
1748716313.9356575,84.62582129126596,-1.6180535554885864
1748716313.9690645,84.63683165389195,-1.6180921792984009
1748716314.0024726,84.64748633609346,-1.618125557899475
1748716314.0358417,84.65814110882104,-1.618149995803833
1748716314.069294,84.66524456316117,-1.6181877851486206
1748716314.102734,84.67625447317468,-1.618219017982483
1748716314.136145,84.68655465460566,-1.6182085275650024
1748716314.1695573,84.69685475428886,-1.6180346012115479
1748716314.202966,84.70395847463236,-1.6177057027816772
1748716314.2366593,84.71532361428382,-1.6171815395355225
1748716314.2701075,84.72562363049413,-1.6167478561401367
1748716314.3036165,84.73627771148571,-1.6162139177322388
1748716314.3370385,84.74338121778403,-1.615916132926941
1748716314.3704555,84.75404053329291,-1.6153388023376465
1748716314.4038553,84.76505407153347,-1.6141289472579956
1748716314.4372127,84.77535302124068,-1.6128026247024536
1748716314.4706156,84.78565570103879,-1.6117461919784546
1748716314.5041034,84.7970144867072,-1.6099461317062378
1748716314.5375137,84.80731507460703,-1.608790636062622
1748716314.5708933,84.81833143161492,-1.6070959568023682
1748716314.604655,84.82897591328899,-1.6044642925262451
1748716314.638192,84.84001137117691,-1.604177474975586
1748716314.6718109,84.85316232392285,-1.6017820835113525
1748716314.7052412,84.86384176356196,-1.6002652645111084
1748716314.738749,84.87483761853387,-1.597394347190857
1748716314.772808,84.8851523460692,-1.594576358795166
1748716314.8062115,84.8926204690568,-1.5931490659713745
1748716314.8396275,84.90331648073325,-1.5919891595840454
1748716314.873071,84.91753925217297,-1.5888005495071411
1748716314.9064698,84.92824101265782,-1.586865782737732
1748716314.9399605,84.93856542953641,-1.5845236778259277
1748716314.973392,84.94601852619206,-1.581406593322754
1748716315.0076318,84.95664017449995,-1.5792144536972046
1748716315.0413122,84.9672948215805,-1.5753228664398193
1748716315.0747545,84.97874279757941,-1.5741592645645142
1748716315.108704,84.98869869444626,-1.571158766746521
1748716315.1421535,84.9954489663704,-1.5707826614379883
1748716315.1756165,85.00644707618802,-1.5711394548416138
1748716315.2096908,85.01353305988408,-1.5699588060379028
1748716315.2431242,85.02058336836645,-1.5677374601364136
1748716315.2765765,85.03124043139792,-1.56706964969635
1748716315.3099926,85.04186170146471,-1.5648704767227173
1748716315.3434076,85.05615523608277,-1.5608305931091309
1748716315.3768468,85.06629979066958,-1.5618656873703003
1748716315.4102826,85.0767939945827,-1.5609103441238403
1748716315.4436991,85.08706751048145,-1.5558323860168457
1748716315.4771848,85.10078857498655,-1.5558019876480103
1748716315.510612,85.11114172393893,-1.5554472208023071
1748716315.544019,85.121891788608,-1.5506727695465088
1748716315.5774379,85.13193921609562,-1.552236557006836
1748716315.6108885,85.14225383011924,-1.5569357872009277
1748716315.644363,85.15312516541766,-1.5579484701156616
1748716315.6778574,85.1632758671065,-1.561860203742981
1748716315.7114127,85.17427313086436,-1.5629374980926514
1748716315.7448192,85.18450654304199,-1.568259835243225
1748716315.778227,85.19517426710833,-1.570117473602295
1748716315.8116848,85.20939126401368,-1.5720528364181519
1748716315.8450904,85.21756516018155,-1.5737649202346802
1748716315.8784971,85.22680676697809,-1.5755705833435059
1748716315.9119546,85.2381149859238,-1.5792077779769897
1748716315.9453552,85.24839091207531,-1.5788226127624512
1748716315.9787621,85.2589376379912,-1.576572060585022
1748716316.0122142,85.26908606001429,-1.57671058177948
1748716316.0456376,85.27714315072791,-1.577536702156067
1748716316.0790472,85.29050131087926,-1.5761770009994507
1748716316.1125526,85.3018032552692,-1.5748354196548462
1748716316.1460192,85.31168971868037,-1.5730388164520264
1748716316.179483,85.32266621060377,-1.5707563161849976
1748716316.2128935,85.33297027567893,-1.570029616355896
1748716316.2467005,85.34323841551668,-1.567628026008606
1748716316.2800992,85.35812057815221,-1.5645053386688232
1748716316.3135614,85.36486247635062,-1.5630042552947998
1748716316.3478093,85.37869084716336,-1.5607502460479736
1748716316.3813846,85.38968568713457,-1.5569792985916138
1748716316.4147859,85.40385261827169,-1.5535188913345337
1748716316.4486942,85.41419917097778,-1.5527311563491821
1748716316.4821796,85.42162468770434,-1.548793911933899
1748716316.5162473,85.43191833590481,-1.5460453033447266
1748716316.5496588,85.44295128431283,-1.5437887907028198
1748716316.5830927,85.4535940818128,-1.540663242340088
1748716316.6173475,85.46424692413481,-1.537982702255249
1748716316.650757,85.47136694930116,-1.536457896232605
1748716316.6841662,85.48522656745546,-1.5340652465820312
1748716316.7175841,85.49623083660225,-1.5305595397949219
1748716316.751063,85.50724715743932,-1.5284860134124756
1748716316.7844963,85.51931648251913,-1.525999903678894
1748716316.817926,85.52820332591713,-1.5245898962020874
1748716316.8513405,85.53887034488697,-1.5233765840530396
1748716316.884776,85.54986683401202,-1.5208609104156494
1748716316.9181643,85.56017296077883,-1.5201890468597412
1748716316.951767,85.57438760983385,-1.5193403959274292
1748716316.9853687,85.58114616610578,-1.5185890197753906
1748716317.0187833,85.59644473786389,-1.5179839134216309
1748716317.052213,85.60675801890251,-1.5165586471557617
1748716317.0857658,85.61351694592368,-1.5154633522033691
1748716317.1192212,85.62419355289911,-1.5144073963165283
1748716317.1526337,85.63486608283529,-1.5144716501235962
1748716317.1860406,85.64555502525103,-1.5130314826965332
1748716317.2194905,85.65588090191731,-1.5123614072799683
1748716317.2528937,85.66724757853193,-1.5119938850402832
1748716317.2865176,85.67754590726246,-1.5114296674728394
1748716317.320037,85.68501496172512,-1.510696291923523
1748716317.3534365,85.69530610646362,-1.5106134414672852
1748716317.3869011,85.70597218870948,-1.510230541229248
1748716317.4203022,85.71770573306179,-1.5097829103469849
1748716317.4537096,85.7269489877525,-1.5099588632583618
1748716317.48709,85.73796976841106,-1.5099073648452759
1748716317.5204926,85.74899877316516,-1.5100260972976685
1748716317.5538886,85.75895950301101,-1.5097488164901733
1748716317.5872953,85.76999657163351,-1.5098905563354492
1748716317.6207697,85.78068319826866,-1.510133981704712
1748716317.654173,85.78814711910657,-1.5101759433746338
1748716317.6875787,85.79846203139456,-1.5105512142181396
1748716317.7209907,85.80912866495639,-1.511034369468689
1748716317.7544475,85.82015492913106,-1.5111229419708252
1748716317.7878602,85.83046757558019,-1.511580228805542
1748716317.8212998,85.84149499151965,-1.5119341611862183
1748716317.8547046,85.85179945393213,-1.5121433734893799
1748716317.8881361,85.86246172860675,-1.5129420757293701
1748716317.9215484,85.87348227875864,-1.513546109199524
1748716317.954966,85.8837971234291,-1.5138676166534424
1748716317.9884887,85.8941148850642,-1.5145705938339233
1748716318.0219393,85.90513450929402,-1.5149189233779907
1748716318.0553951,85.91225406530157,-1.5154534578323364
1748716318.0895562,85.92255433155668,-1.516258716583252
1748716318.1230197,85.93392820747624,-1.5169215202331543
1748716318.1564605,85.94423714136337,-1.5177546739578247
1748716318.1898732,85.9549035895664,-1.518329381942749
1748716318.2232916,85.96556750962016,-1.51907479763031
1748716318.2566798,85.9762377604108,-1.5198543071746826
1748716318.2901223,85.99045395030505,-1.520493507385254
1748716318.32355,86.00111937966675,-1.5211544036865234
1748716318.3569603,86.01178154348864,-1.5221701860427856
1748716318.3903444,86.02244584220115,-1.5228081941604614
1748716318.4237545,86.03346416954338,-1.5236155986785889
1748716318.4571967,86.043781440978,-1.524452805519104
1748716318.4907498,86.05444391702835,-1.525241732597351
1748716318.5241983,86.06510914765856,-1.5259544849395752
1748716318.5576084,86.07969114309665,-1.5268012285232544
1748716318.5916734,86.08999387701074,-1.5278140306472778
1748716318.6251237,86.09711159209385,-1.5284340381622314
1748716318.6585202,86.10776631441877,-1.529305100440979
1748716318.6919372,86.11843767798928,-1.5301103591918945
1748716318.725341,86.12555005587673,-1.5307416915893555
1748716318.7588284,86.13976000250229,-1.5316251516342163
1748716318.7921927,86.1504271824408,-1.532766342163086
1748716318.8258648,86.16110007910605,-1.5332071781158447
1748716318.8592708,86.17177009498526,-1.5340677499771118
1748716318.8926904,86.17888099337331,-1.534963607788086
1748716318.9260974,86.18954563255919,-1.5357928276062012
1748716318.9595006,86.20020899131329,-1.5366652011871338
1748716318.9943457,86.21407121946142,-1.5374325513839722
1748716319.0277593,86.22509638027786,-1.538702130317688
1748716319.0612705,86.23577010228017,-1.5393731594085693
1748716319.0949008,86.2464446230857,-1.5403050184249878
1748716319.1290662,86.25710548546444,-1.5410706996917725
1748716319.1625643,86.26742531680976,-1.5419235229492188
1748716319.195999,86.27808376014173,-1.5426136255264282
1748716319.2294161,86.29337417197287,-1.5434337854385376
1748716319.2628226,86.29978111827059,-1.5443120002746582
1748716319.2962837,86.31044841585982,-1.5451477766036987
1748716319.3304055,86.32112056763975,-1.5457727909088135
1748716319.3638575,86.33499591017643,-1.5464057922363281
1748716319.397263,86.3421082086906,-1.547190546989441
1748716319.4306715,86.35312532600872,-1.5480155944824219
1748716319.4640799,86.36735103618062,-1.548625111579895
1748716319.4974773,86.37446362139687,-1.5492267608642578
1748716319.5308821,86.385122464576,-1.549890160560608
1748716319.5642927,86.39579492883519,-1.5506775379180908
1748716319.5977051,86.40645822423063,-1.5514131784439087
1748716319.6311672,86.41713271305389,-1.552186369895935
1748716319.664601,86.42779205935481,-1.5528371334075928
1748716319.6981444,86.44237885929249,-1.5536205768585205
1748716319.7315502,86.45339715618574,-1.554517149925232
1748716319.764964,86.46334934679679,-1.5550109148025513
1748716319.7983751,86.47401410325429,-1.5556374788284302
1748716319.831823,86.48468388001612,-1.5564695596694946
1748716319.8652258,86.49179837084576,-1.5570704936981201
1748716319.8987885,86.50282653069405,-1.557354211807251
1748716319.932199,86.51278948393738,-1.5578659772872925
1748716319.9656305,86.52346670932461,-1.558454990386963
1748716319.999029,86.53769515782808,-1.5590795278549194
1748716320.0327203,86.54517502366954,-1.5595793724060059
1748716320.0661187,86.55584330320163,-1.5598859786987305
1748716320.099531,86.56615275276722,-1.5605988502502441
1748716320.132937,86.57717063567489,-1.5611011981964111
1748716320.1663744,86.58782801031175,-1.5615111589431763
1748716320.1997955,86.59458201506239,-1.562038540840149
1748716320.233236,86.60559978514695,-1.562491774559021
1748716320.2667265,86.6198279815061,-1.5630764961242676
1748716320.300274,86.6269335207284,-1.563716173171997
1748716320.3336623,86.6375986600576,-1.5642008781433105
1748716320.3670592,86.64791283966349,-1.5647727251052856
1748716320.4004397,86.65858116260232,-1.5654317140579224
1748716320.43385,86.6696004178761,-1.565544605255127
1748716320.4672866,86.6767088046023,-1.5654975175857544
1748716320.5006664,86.68736725039834,-1.565871000289917
1748716320.5341063,86.69447811160832,-1.5664312839508057
1748716320.5675142,86.70870010335238,-1.5666987895965576
1748716320.601076,86.7193598906913,-1.5666706562042236
1748716320.6345334,86.72611040496943,-1.567033052444458
1748716320.6679,86.737126485623,-1.567124843597412
1748716320.7013128,86.74743274455436,-1.5674536228179932
1748716320.7347171,86.75809356106055,-1.5677152872085571
1748716320.7681267,86.7691096947879,-1.5677971839904785
1748716320.80175,86.77977001954848,-1.5681262016296387
1748716320.8351748,86.79043158963904,-1.5683207511901855
1748716320.8686745,86.79753961408994,-1.56816565990448
1748716320.9020782,86.80820047872253,-1.5685025453567505
1748716320.9354765,86.81886042162559,-1.5683687925338745
1748716320.9688823,86.82951988141096,-1.5686109066009521
1748716321.0022976,86.83982337652733,-1.5686063766479492
1748716321.0357475,86.85084025542737,-1.5686265230178833
1748716321.0691507,86.85794864851238,-1.5679937601089478
1748716321.1025553,86.86861457010359,-1.5685701370239258
1748716321.135956,86.87892465303406,-1.568716287612915
1748716321.1693654,86.88994824920668,-1.5678447484970093
1748716321.2027686,86.9002565516146,-1.5681157112121582
1748716321.236169,86.90772124825286,-1.5679224729537964
1748716321.269564,86.9180333666709,-1.568268895149231
1748716321.3059125,86.92905448028633,-1.5682238340377808
1748716321.3393857,86.93616238368469,-1.5687012672424316
1748716321.3727937,86.94718013387013,-1.5687230825424194
1748716321.4062304,86.95816941648297,-1.569546103477478
1748716321.4396644,86.971965803243,-1.5717817544937134
1748716321.4730825,86.97869263491336,-1.5743815898895264
1748716321.5064907,86.9925416101969,-1.5773876905441284
1748716321.5398982,87.00360017471192,-1.5795800685882568
1748716321.5733087,87.01071419716367,-1.580894947052002
1748716321.6072333,87.02488031011549,-1.5802562236785889
1748716321.6407251,87.03145617450022,-1.5850857496261597
1748716321.6743915,87.04225518130511,-1.59188973903656
1748716321.707982,87.05229362860253,-1.5945974588394165
1748716321.7413492,87.0628097538476,-1.5969210863113403
1748716321.7748375,87.07366164390875,-1.600174903869629
1748716321.8083193,87.08732504189518,-1.5990196466445923
1748716321.8417323,87.09740980920564,-1.6020065546035767
1748716321.8751698,87.10831096633098,-1.6022933721542358
1748716321.908576,87.11913951458591,-1.6061452627182007
1748716321.9419944,87.12923598994925,-1.6098212003707886
1748716321.9754102,87.14017242557398,-1.6106964349746704
1748716322.00881,87.15040011818088,-1.611565351486206
1748716322.0422494,87.16587480695276,-1.6120585203170776
1748716322.0756774,87.17523763443575,-1.616182565689087
1748716322.10906,87.18536356244519,-1.6169196367263794
1748716322.1424932,87.19581389799036,-1.61505126953125
1748716322.1760612,87.20628054725114,-1.6121963262557983
1748716322.2097147,87.21681569424254,-1.6127263307571411
1748716322.243746,87.22739869715979,-1.6126039028167725
1748716322.2771645,87.23801808577537,-1.612668514251709
1748716322.3114774,87.24901882908391,-1.6126409769058228
1748716322.3451004,87.25541049234509,-1.6126251220703125
1748716322.378503,87.26997630365817,-1.612666368484497
1748716322.4119136,87.28098363885891,-1.6126304864883423
1748716322.44532,87.29130021819151,-1.6126397848129272
1748716322.4788315,87.30195478187024,-1.6126203536987305
1748716322.5122404,87.31226625972467,-1.6126374006271362
1748716322.5456512,87.32328586367521,-1.6126214265823364
1748716322.581196,87.33395348843962,-1.6126047372817993
1748716322.6146028,87.34816733389908,-1.6125798225402832
1748716322.6480243,87.35847511951879,-1.6125774383544922
1748716322.68144,87.36913807899998,-1.6125667095184326
1748716322.714911,87.37660205146169,-1.6125588417053223
1748716322.748316,87.3869093209487,-1.6125454902648926
1748716322.7817478,87.39792749419358,-1.612534761428833
1748716322.8152046,87.40894574674627,-1.6125268936157227
1748716322.850402,87.41605426733796,-1.6125186681747437
1748716322.8838038,87.42636155674155,-1.612508773803711
1748716322.9172392,87.44057843918397,-1.6124988794326782
1748716322.9506369,87.45159657279092,-1.6124844551086426
1748716322.9849284,87.46190384232442,-1.6124776601791382
1748716323.0184126,87.47256664310991,-1.6124663352966309
1748716323.051916,87.48322932478811,-1.6124539375305176
1748716323.0853355,87.49389198671783,-1.6124427318572998
1748716323.118797,87.50455468831453,-1.6124306917190552
1748716323.1522014,87.5152174693213,-1.6124255657196045
1748716323.1863894,87.5258801312212,-1.612412691116333
1748716323.2198613,87.53689822518037,-1.6124014854431152
1748716323.2532506,87.54685012245015,-1.6123957633972168
1748716323.286685,87.5578683355898,-1.6123863458633423
1748716323.320137,87.56888629064088,-1.6123719215393066
1748716323.353553,87.57563945880821,-1.6123653650283813
1748716323.3869655,87.58630208120971,-1.6123543977737427
1748716323.4204214,87.59696484253877,-1.6123450994491577
1748716323.4538405,87.60762748472324,-1.6123335361480713
1748716323.4872441,87.61829022626695,-1.6123234033584595
1748716323.5206559,87.62895294807535,-1.6123162508010864
1748716323.556475,87.63961568963292,-1.6123050451278687
1748716323.589893,87.64636871892634,-1.612296462059021
1748716323.6233025,87.65774218564022,-1.6122854948043823
1748716323.6566992,87.66840490744272,-1.6122748851776123
1748716323.690382,87.6790676292757,-1.612263798713684
1748716323.7239592,87.68937491917556,-1.6122539043426514
1748716323.7574568,87.7000376411212,-1.6122442483901978
1748716323.7908854,87.71425460387324,-1.6122336387634277
1748716323.8242836,87.7252727379782,-1.6122212409973145
1748716323.8579345,87.73202572783849,-1.612213373184204
1748716323.8913424,87.74624269061545,-1.6122030019760132
1748716323.9247453,87.75335111246555,-1.6121923923492432
1748716323.9581861,87.76436920719024,-1.6121811866760254
1748716323.9915912,87.77467659653368,-1.6121773719787598
1748716324.0250285,87.78214043064527,-1.6121649742126465
1748716324.0584116,87.79209234862938,-1.6121537685394287
1748716324.0918212,87.8031104632815,-1.6121430397033691
1748716324.125351,87.81732654866099,-1.6119633913040161
1748716324.1587589,87.82795848771468,-1.6127281188964844
1748716324.1921682,87.83858001497924,-1.6150845289230347
1748716324.2256732,87.84922728463839,-1.6159791946411133
1748716324.2590806,87.85952516890178,-1.6154817342758179
1748716324.2925937,87.87086005432361,-1.6154568195343018
1748716324.3260674,87.8814751907396,-1.617569923400879
1748716324.359602,87.89180502588144,-1.6177165508270264
1748716324.3930311,87.89892203729349,-1.619196891784668
1748716324.4264636,87.90961680492843,-1.6180906295776367
1748716324.4599423,87.92034798698226,-1.6189286708831787
1748716324.493395,87.93069993719352,-1.6184476613998413
1748716324.526809,87.9420373648719,-1.6201831102371216
1748716324.5602238,87.95234136158146,-1.6201872825622559
1748716324.5936174,87.96263496939025,-1.6216366291046143
1748716324.6270244,87.97360595715031,-1.6230802536010742
1748716324.660437,87.9842269962931,-1.622563362121582
1748716324.6939704,87.9944811404805,-1.62110435962677
1748716324.7274394,88.00504554801373,-1.6228679418563843
1748716324.7608466,88.01596611699478,-1.6248871088027954
1748716324.7942624,88.0266319567164,-1.625451683998108
1748716324.8276713,88.03725111566322,-1.6276072263717651
1748716324.8610854,88.04750446990586,-1.6299341917037964
1748716324.894497,88.05853200449721,-1.6331136226654053
1748716324.927907,88.068915298824,-1.6345851421356201
1748716324.9613056,88.07640661494908,-1.636330485343933
1748716324.9947822,88.09095669188878,-1.639354944229126
1748716325.0281408,88.10089902190373,-1.6414803266525269
1748716325.061656,88.11179346626284,-1.6445844173431396
1748716325.0950902,88.12243353742606,-1.6472079753875732
1748716325.1284878,88.13305803625747,-1.6490874290466309
1748716325.1619654,88.14357843788389,-1.652496099472046
1748716325.1957557,88.15420446967084,-1.6538703441619873
1748716325.2292464,88.16520748442939,-1.654611587524414
1748716325.262643,88.17546838217869,-1.656524419784546
1748716325.2960613,88.18604473922022,-1.6591079235076904
1748716325.3294623,88.19670164019912,-1.6592878103256226
1748716325.3629732,88.20701166522105,-1.6614452600479126
1748716325.3966036,88.2180766445495,-1.6620103120803833
1748716325.429995,88.2287766193615,-1.6626814603805542
1748716325.4634173,88.23982085944581,-1.6616973876953125
1748716325.4968207,88.2465709142773,-1.662715196609497
1748716325.5302582,88.25720878878789,-1.6636406183242798
1748716325.5637221,88.26781461444315,-1.6629287004470825
1748716325.5971465,88.28148669282137,-1.6606472730636597
1748716325.6305487,88.28873809842565,-1.654910922050476
1748716325.6639965,88.2987161388611,-1.653490424156189
1748716325.6974108,88.30984673236362,-1.6510533094406128
1748716325.730818,88.32007455014502,-1.6514127254486084
1748716325.7644584,88.33033507635322,-1.6498792171478271
1748716325.7978866,88.34131890262236,-1.651747703552246
1748716325.831557,88.35550244819588,-1.6498298645019531
1748716325.864976,88.36260196050092,-1.6510802507400513
1748716325.8984075,88.37722688838014,-1.6507725715637207
1748716325.931851,88.387553889299,-1.6521222591400146
1748716325.9652972,88.39821825725453,-1.6534018516540527
1748716325.998837,88.40887587346454,-1.6544506549835205
1748716326.0322893,88.41598143561455,-1.6557599306106567
1748716326.0656996,88.42627747252155,-1.6561195850372314
1748716326.0991547,88.4372571403875,-1.6579681634902954
1748716326.132569,88.44796113071455,-1.6580657958984375
1748716326.1659744,88.45865302432901,-1.6590650081634521
1748716326.199402,88.46933338272109,-1.6596183776855469
1748716326.232864,88.48001720893984,-1.6610157489776611
1748716326.2662723,88.48716049519355,-1.660934567451477
1748716326.2996805,88.50139218690765,-1.6617859601974487
1748716326.3330474,88.51201384339954,-1.6642824411392212
1748716326.3665845,88.52231126472539,-1.6648691892623901
1748716326.4001005,88.53013510946035,-1.6651657819747925
1748716326.4335284,88.5439775951224,-1.6667333841323853
1748716326.4669344,88.55533216123823,-1.6688446998596191
1748716326.5004761,88.56492086467193,-1.6698882579803467
1748716326.5339036,88.57592243311163,-1.6718480587005615
1748716326.5673158,88.5830123658412,-1.6743266582489014
1748716326.6007276,88.5972267803101,-1.676053762435913
1748716326.634149,88.60502688196523,-1.6778614521026611
1748716326.6675565,88.61493075538412,-1.680884599685669
1748716326.700959,88.62664850155116,-1.6826224327087402
1748716326.7343917,88.63972727203804,-1.6853982210159302
1748716326.7678642,88.65026897724245,-1.6885343790054321
1748716326.8012757,88.66404908170918,-1.6895452737808228
1748716326.8350773,88.67493216101411,-1.692934274673462
1748716326.8684828,88.68166072726015,-1.6943975687026978
1748716326.901854,88.69265742050702,-1.696062684059143
1748716326.9354234,88.70331921374732,-1.6989065408706665
1748716326.9692364,88.71789950422064,-1.701409101486206
1748716327.0026822,88.7282224101998,-1.7028330564498901
1748716327.0361862,88.73883886336405,-1.7064520120620728
1748716327.069585,88.7463043378592,-1.7077456712722778
1748716327.1029336,88.75661491741683,-1.7090919017791748
1748716327.136353,88.77083463931042,-1.7115398645401
1748716327.1699216,88.78117241049883,-1.71346116065979
1748716327.2033322,88.79220451162344,-1.715086579322815
1748716327.2367384,88.80279299147915,-1.718498945236206
1748716327.2701483,88.81061693317147,-1.718957543373108
1748716327.3035448,88.82059570920029,-1.720151424407959
1748716327.3369446,88.83134229183585,-1.7193255424499512
1748716327.3704116,88.84207586778325,-1.7197489738464355
1748716327.4037783,88.8562588384954,-1.717012643814087
1748716327.4371839,88.86684817196942,-1.718502402305603
1748716327.4705896,88.87386292454677,-1.7163126468658447
1748716327.5040185,88.88442612315535,-1.7137830257415771
1748716327.5374272,88.89493240127895,-1.714486837387085
1748716327.5708761,88.90547814102412,-1.715452790260315
1748716327.6042824,88.9160624388056,-1.7144616842269897
1748716327.6377313,88.9298482200362,-1.715349793434143
1748716327.67114,88.93766707966806,-1.7145098447799683
1748716327.7045903,88.94766258411704,-1.7152063846588135
1748716327.738038,88.95873660343776,-1.7145168781280518
1748716327.7714498,88.96943374210305,-1.71481192111969
1748716327.8048553,88.98011831702003,-1.7145609855651855
1748716327.8382697,88.99079432373529,-1.7146422863006592
1748716327.8725939,89.00181878587237,-1.7143300771713257
1748716327.90601,89.01251233818972,-1.7149146795272827
1748716327.9400508,89.01928251110854,-1.7140610218048096
1748716327.9734955,89.03531920594511,-1.714708924293518
1748716328.007097,89.04031459106609,-1.7140212059020996
1748716328.0405054,89.0520876403819,-1.7142263650894165
1748716328.0739162,89.06526203130026,-1.714022159576416
1748716328.107328,89.07629147600866,-1.7139924764633179
1748716328.1407387,89.08695899469619,-1.7139393091201782
1748716328.1741354,89.0976246631727,-1.7138261795043945
1748716328.2075703,89.10829021439568,-1.713776707649231
1748716328.241001,89.10723117462169,-1.7137086391448975
1748716328.2744102,89.09656539999962,-1.7136417627334595
1748716328.3078039,89.08625554005508,-1.7135671377182007
1748716328.3416085,89.07167981021489,-1.713515043258667
1748716328.3750856,89.06101464462267,-1.7134290933609009
1748716328.408827,89.05069919512161,-1.713218331336975
1748716328.442403,89.03969906752168,-1.7137763500213623
1748716328.4758162,89.02937428585301,-1.713658332824707
1748716328.5092242,89.0183662252033,-1.7138159275054932
1748716328.5426393,89.0077063660699,-1.7133678197860718
1748716328.5764163,88.99705927568588,-1.713497519493103
1748716328.6098218,88.98639339321025,-1.7133255004882812
1748716328.6434205,88.97572348421212,-1.7132933139801025
1748716328.676849,88.96507494195815,-1.713216781616211
1748716328.7102559,88.95404727808102,-1.7131799459457397
1748716328.7436564,88.94373669487629,-1.7130694389343262
1748716328.77722,88.93662700915732,-1.7130383253097534
1748716328.8105829,88.92631456090243,-1.712927222251892
1748716328.8439913,88.91528719659019,-1.7130206823349
1748716328.877343,88.90462401703834,-1.7129639387130737
1748716328.910863,88.8975095411138,-1.7128463983535767
1748716328.9459333,88.88328329903295,-1.7127468585968018
1748716328.9793959,88.87296492388714,-1.7127511501312256
1748716329.0129519,88.86194197161184,-1.7126059532165527
1748716329.0464516,88.85161839252719,-1.712620735168457
1748716329.0798783,88.84059555954623,-1.7124388217926025
1748716329.1132803,88.8299201979978,-1.7125848531723022
1748716329.1466885,88.81924659249933,-1.7124453783035278
1748716329.180108,88.80857013012626,-1.7123939990997314
1748716329.2135231,88.79791723418423,-1.712645411491394
1748716329.2469354,88.7840094178589,-1.711965560913086
1748716329.2803495,88.77654130148834,-1.7122790813446045
1748716329.3137558,88.76230208824903,-1.7119861841201782
1748716329.3471642,88.75163453852659,-1.7119660377502441
1748716329.3805735,88.74133081786043,-1.7120941877365112
1748716329.413993,88.73029877214175,-1.7118949890136719
1748716329.4473486,88.71964474357576,-1.712429404258728
1748716329.4807482,88.7089501815417,-1.7118768692016602
1748716329.5141592,88.69863932810358,-1.7119535207748413
1748716329.5475662,88.6876220581237,-1.7120078802108765
1748716329.580964,88.68051069306257,-1.711835265159607
1748716329.6143868,88.66664587483773,-1.7117912769317627
1748716329.6477978,88.65563330454066,-1.7118877172470093
1748716329.681241,88.6485247235235,-1.7118152379989624
1748716329.7147443,88.63786289835673,-1.7118014097213745
1748716329.7482004,88.62720234233744,-1.7117736339569092
1748716329.7816138,88.6165410886104,-1.711742877960205
1748716329.815063,88.60588054855204,-1.7117198705673218
1748716329.8484714,88.595220076177,-1.711689829826355
1748716329.882269,88.58455991521366,-1.7116718292236328
1748716329.9161968,88.57390014015498,-1.7116442918777466
1748716329.9496624,88.56359595941882,-1.7116177082061768
1748716329.9852617,88.55613455001009,-1.7115896940231323
1748716330.0187588,88.54938391531009,-1.711572289466858
1748716330.0521739,88.53872545538492,-1.7115451097488403
1748716330.0855837,88.52771236556549,-1.7115179300308228
1748716330.1193295,88.51669992928244,-1.7114980220794678
1748716330.152748,88.50568826813601,-1.7114700078964233
1748716330.18615,88.49965001819189,-1.7114447355270386
1748716330.219592,88.48899496603666,-1.7114149332046509
1748716330.2529962,88.47798420180105,-1.7113699913024902
1748716330.2864475,88.46697115402817,-1.711383581161499
1748716330.31988,88.45703821391473,-1.7116858959197998
1748716330.3532798,88.44636302195809,-1.711207389831543
1748716330.3866942,88.43179652016269,-1.7112048864364624
1748716330.4200957,88.4207871565853,-1.7112549543380737
1748716330.4535027,88.41048536834194,-1.711150050163269
1748716330.486911,88.40017992370203,-1.7109975814819336
