timestamp,encoder_distance,yaw_true
1749235415.6032379,8.84349897619964,-1.5458252429962158
1749235415.6969445,8.843503018200195,-1.5458253622055054
1749235415.7310107,8.843767819869306,-1.5463438034057617
1749235415.764426,8.847640165352836,-1.5449529886245728
1749235415.7978299,8.857491765308001,-1.538960576057434
1749235415.831233,8.863493478686012,-1.5349994897842407
1749235415.8646395,8.876581793419115,-1.531907320022583
1749235415.8981414,8.88683470488387,-1.5279828310012817
1749235415.9316192,8.894136502024052,-1.5240213871002197
1749235415.965111,8.9081833833738,-1.521532416343689
1749235415.9984899,8.914566290802332,-1.5191043615341187
1749235416.0357282,8.932647580931627,-1.5143924951553345
1749235416.069212,8.94295362799166,-1.5120506286621094
1749235416.1026344,8.950438057620708,-1.5104857683181763
1749235416.1360383,8.961096969690244,-1.5076247453689575
1749235416.1694553,8.975005201667004,-1.5063700675964355
1749235416.203191,8.982116620646776,-1.5054166316986084
1749235416.2366498,8.98958591354064,-1.504289984703064
1749235416.2700515,9.003841796711285,-1.5040335655212402
1749235416.3034508,9.014511593107793,-1.5015546083450317
1749235416.3369067,9.028727776113556,-1.5006959438323975
1749235416.3730414,9.039406027133136,-1.5006582736968994
1749235416.4065082,9.050071842651546,-1.4991165399551392
1749235416.4399412,9.06075998687486,-1.4981480836868286
1749235416.4733474,9.071836542036598,-1.4982203245162964
1749235416.5067873,9.082182146024158,-1.4972177743911743
1749235416.540183,9.092510514135226,-1.4964019060134888
1749235416.573597,9.10354365683541,-1.4962447881698608
1749235416.6070435,9.114223904067346,-1.4953330755233765
1749235416.6404665,9.124536620946934,-1.4954242706298828
1749235416.6738653,9.135194697286064,-1.4958629608154297
1749235416.7101955,9.142652447740833,-1.495435357093811
1749235416.7436104,9.156856650351463,-1.4954414367675781
1749235416.77702,9.163963553268022,-1.4955618381500244
1749235416.8104284,9.178176867503533,-1.4960941076278687
1749235416.843777,9.189190511405304,-1.4963417053222656
1749235416.8771834,9.199850936986088,-1.496442437171936
1749235416.9106293,9.213735556564064,-1.4963910579681396
1749235416.9440362,9.224424894623366,-1.497114658355713
1749235416.9774418,9.234752120417145,-1.4971904754638672
1749235417.0108202,9.242223300935427,-1.4973129034042358
1749235417.0443246,9.260003520305025,-1.4976829290390015
1749235417.077743,9.270322530442412,-1.4976423978805542
1749235417.1111484,9.279748421425358,-1.498454213142395
1749235417.1445932,9.285574958403444,-1.4985350370407104
1749235417.177999,9.290228142010072,-1.4985930919647217
1749235417.211427,9.294187440791168,-1.4995763301849365
1749235417.244825,9.297792681914094,-1.4991346597671509
1749235417.2781937,9.301105544759846,-1.4998750686645508
1749235417.3116713,9.303475901522518,-1.499516248703003
1749235417.3450768,9.304589713472046,-1.4999091625213623
1749235417.3784811,9.310025934508985,-1.5002245903015137
1749235417.414881,9.313147927687476,-1.500626564025879
1749235417.4482975,9.315407788856687,-1.500569224357605
1749235417.4818208,9.319592724017506,-1.5008634328842163
1749235417.5152109,9.322896775373104,-1.501643180847168
1749235417.548617,9.326103361068395,-1.5018320083618164
1749235417.5819993,9.32834633740407,-1.5020263195037842
1749235417.6154313,9.332492747523498,-1.5023123025894165
1749235417.6488872,9.334621670267971,-1.5024259090423584
1749235417.6823184,9.338845984659393,-1.504377007484436
1749235417.7158644,9.342184022186494,-1.5044262409210205
1749235417.7494392,9.346344972207852,-1.5056895017623901
1749235417.782846,9.349568738338762,-1.506157398223877
1749235417.8165033,9.352783663507164,-1.5065916776657104
1749235417.8499098,9.35495304725342,-1.5077704191207886
1749235417.8833268,9.359905624418198,-1.5085502862930298
1749235417.9167738,9.36523096275186,-1.5093207359313965
1749235417.950298,9.369250358528243,-1.510998010635376
1749235417.9837785,9.37182872619599,-1.5114113092422485
1749235418.0171783,9.376011608356372,-1.5131232738494873
1749235418.0505936,9.38003301513218,-1.5141875743865967
1749235418.0841212,9.383990604698688,-1.5147298574447632
1749235418.1185014,9.386573296741439,-1.5153909921646118
1749235418.1522617,9.389128616502894,-1.5168988704681396
1749235418.1857173,9.392935690599007,-1.5178427696228027
1749235418.2191255,9.39667296641671,-1.5186625719070435
1749235418.2525976,9.401466623634784,-1.520872712135315
1749235418.2860017,9.406302291391377,-1.5220938920974731
1749235418.3194165,9.409747417499092,-1.5242996215820312
1749235418.3528225,9.413455052905597,-1.524738073348999
1749235418.3864803,9.41585399134722,-1.5267679691314697
1749235418.4198825,9.420271035430387,-1.5280117988586426
1749235418.453292,9.422611833758078,-1.5292333364486694
1749235418.4867623,9.426918477970213,-1.5296849012374878
1749235418.5210526,9.42998071126805,-1.5309499502182007
1749235418.5544548,9.433190703604474,-1.533018708229065
1749235418.5878584,9.435312662515422,-1.5336519479751587
1749235418.6212564,9.43838972402412,-1.5349791049957275
1749235418.6546445,9.44237195339437,-1.5371133089065552
1749235418.6880527,9.445380599599892,-1.5372368097305298
1749235418.721525,9.448278492433326,-1.5386587381362915
1749235418.755014,9.451171635983727,-1.5393646955490112
1749235418.7885551,9.453127589646618,-1.5414756536483765
1749235418.821981,9.456770829929122,-1.5422742366790771
1749235418.855438,9.460442242509188,-1.5434495210647583
1749235418.8888469,9.463137471008844,-1.5434373617172241
1749235418.92226,9.46576679366402,-1.544506311416626
1749235418.9556277,9.468330959813633,-1.5463908910751343
1749235418.9890242,9.470920509412702,-1.5471824407577515
1749235419.0224261,9.472628711940727,-1.547264575958252
1749235419.055822,9.475927443333209,-1.5488022565841675
1749235419.08939,9.477557498313518,-1.5494699478149414
1749235419.1228058,9.479197179344402,-1.5495336055755615
1749235419.156259,9.481597193562264,-1.5511215925216675
1749235419.189676,9.484766202028897,-1.551175594329834
1749235419.2234278,9.487844934904853,-1.552456021308899
1749235419.2568326,9.490143297514633,-1.552276372909546
1749235419.2903237,9.492368933805679,-1.5531115531921387
1749235419.323727,9.495303369287655,-1.5538170337677002
1749235419.3571377,9.497493516283532,-1.5535361766815186
1749235419.3905425,9.49961092611251,-1.5547276735305786
1749235419.4264154,9.500990870236638,-1.5553511381149292
1749235419.4598718,9.503779261942032,-1.5557310581207275
1749235419.4934082,9.505780376247253,-1.5551426410675049
1749235419.527393,9.50707300505811,-1.5567046403884888
1749235419.5608017,9.509219909024065,-1.5557039976119995
1749235419.5942006,9.510517889721278,-1.5565346479415894
1749235419.6276116,9.512638942546815,-1.5564026832580566
1749235419.6610148,9.515295081792319,-1.5561002492904663
1749235419.6944242,9.5171809480318,-1.5570648908615112
1749235419.7278311,9.518948185792384,-1.5572291612625122
1749235419.7612386,9.520214697001869,-1.556812047958374
1749235419.7947114,9.522591396983769,-1.5577293634414673
1749235419.8281205,9.524339731686783,-1.557416558265686
1749235419.8615239,9.526150563909379,-1.5585203170776367
1749235419.8949337,9.52794210929265,-1.558076024055481
1749235419.928336,9.529663800517268,-1.5591602325439453
1749235419.9617918,9.530219084715167,-1.5592906475067139
1749235419.9952364,9.531859095620952,-1.5588740110397339
1749235420.0288086,9.533990876434284,-1.5597158670425415
1749235420.06222,9.536067639899267,-1.559607982635498
1749235420.095624,9.537182430739037,-1.559810996055603
1749235420.1292024,9.539076942439067,-1.5602085590362549
1749235420.1626139,9.540521212868248,-1.5600345134735107
1749235420.1960685,9.542035765230331,-1.5604937076568604
1749235420.2294688,9.54395667629891,-1.5604133605957031
1749235420.2628686,9.545355287482213,-1.5608879327774048
1749235420.2962892,9.54633390210751,-1.5613301992416382
1749235420.3297331,9.54858938734528,-1.5608872175216675
1749235420.3631768,9.54993364525423,-1.5614088773727417
1749235420.3966248,9.55081693572269,-1.5612289905548096
1749235420.4300334,9.552121564536073,-1.5613657236099243
1749235420.4637058,9.553380811398899,-1.5614209175109863
1749235420.4971473,9.555039585733146,-1.561547875404358
1749235420.5305805,9.556212552597588,-1.5616190433502197
1749235420.5640378,9.55704979423082,-1.5617499351501465
1749235420.5974364,9.558577431594168,-1.5618646144866943
1749235420.6308377,9.55934952449703,-1.561792254447937
1749235420.6642368,9.560549716699553,-1.5622979402542114
1749235420.6977348,9.562071953635844,-1.5621932744979858
1749235420.7311366,9.563175206624488,-1.5623432397842407
1749235420.7647076,9.564262308433953,-1.56244695186615
1749235420.7993925,9.565332680146463,-1.56260347366333
1749235420.8328805,9.566383204996539,-1.5625864267349243
1749235420.8662858,9.56776306309862,-1.562694787979126
1749235420.899653,9.568780769102618,-1.562656283378601
1749235420.933081,9.5697881737334,-1.5628405809402466
1749235420.9666324,9.570771875658668,-1.5628772974014282
1749235421.0000386,9.571752336059127,-1.5627164840698242
1749235421.0334842,9.572680596378758,-1.5631414651870728
1749235421.0669088,9.573679645448495,-1.5628855228424072
1749235421.100914,9.574314637670787,-1.563157081604004
1749235421.1342998,9.574935900216834,-1.5631885528564453
1749235421.167701,9.576131481686067,-1.563228964805603
1749235421.201265,9.57674798925045,-1.5632988214492798
1749235421.2346957,9.57792614771237,-1.563421368598938
1749235421.2682416,9.578780113380303,-1.5634795427322388
1749235421.3016448,9.57959649156587,-1.5634855031967163
1749235421.3350415,9.580459443546943,-1.5636240243911743
1749235421.3686752,9.581242294505275,-1.5637534856796265
1749235421.4021413,9.582072389458743,-1.5636191368103027
1749235421.4355464,9.582837755183807,-1.5636802911758423
1749235421.4690025,9.583387996409748,-1.563745141029358
1749235421.5024073,9.584334457769078,-1.5638113021850586
1749235421.5358083,9.584842408491173,-1.563867211341858
1749235421.5692508,9.58504461310307,-1.5638521909713745
1749235421.6028485,9.585176616861053,-1.563933253288269
1749235421.6362572,9.58524293676085,-1.5639225244522095
1749235421.6696384,9.585283003608168,-1.5639331340789795
1749235421.70313,9.585308326262265,-1.563934326171875
1749235421.7365577,9.58531838165685,-1.5639368295669556
1749235421.7699559,9.58532412223939,-1.5639374256134033
1749235421.803491,9.585328077840767,-1.5639387369155884
1749235421.8369284,9.585330464832825,-1.5639393329620361
1749235421.8703413,9.585332859182074,-1.5639399290084839
1749235421.9037607,9.585334991459964,-1.563940405845642
1749235421.9372425,9.585336976915727,-1.5639410018920898
1749235421.9706495,9.585337998563011,-1.5639419555664062
1749235422.0040576,9.585340130841006,-1.563942313194275
1749235422.0374193,9.585341117995359,-1.5639429092407227
1749235422.0708451,9.585342561428428,-1.56394362449646
1749235422.1045277,9.585344166733275,-1.5639441013336182
1749235422.137991,9.585345303998933,-1.563944697380066
1749235422.171633,9.585347763441286,-1.5639455318450928
1749235422.2050443,9.585349286723602,-1.563946008682251
1749235422.2384622,9.585350393297766,-1.5639468431472778
1749235422.272112,9.585352355246172,-1.5639472007751465
1749235422.3056185,9.585352885830286,-1.5639479160308838
1749235422.3390186,9.585355492561659,-1.5639489889144897
1749235422.3724525,9.585356974346718,-1.563949704170227
1749235422.4058728,9.585358651719629,-1.5639503002166748
1749235422.4393253,9.585360165383232,-1.5639508962631226
1749235422.472771,9.585361655670017,-1.5639516115188599
1749235422.506188,9.585363127821571,-1.5639523267745972
1749235422.5395849,9.585364095965753,-1.5639526844024658
1749235422.5729918,9.585366464139085,-1.5639532804489136
1749235422.6063893,9.58536793383213,-1.5639538764953613
1749235422.6401186,9.585368891395255,-1.5639547109603882
1749235422.6735194,9.585371396439598,-1.5639549493789673
1749235422.7069378,9.585373349133521,-1.5639562606811523
1749235422.740387,9.585374319609272,-1.563956618309021
1749235422.7737665,9.585376077363415,-1.5639569759368896
1749235422.8071773,9.585376907906179,-1.5639575719833374
1749235422.8406715,9.585378351173167,-1.5639584064483643
1749235422.8740964,9.585380348624215,-1.5639588832855225
1749235422.9074965,9.58538144129878,-1.5639597177505493
1749235422.9409,9.585383377178923,-1.5639601945877075
1749235422.9743652,9.58538532198996,-1.5639615058898926
1749235423.0077767,9.585386286509767,-1.5639617443084717
1749235423.0411756,9.585388005549241,-1.5639619827270508
1749235423.0745826,9.585389496492448,-1.5639631748199463
1749235423.1080482,9.585390977922884,-1.563963770866394
1749235423.1415045,9.58539326541911,-1.5639644861221313
1749235423.17491,9.58539494659001,-1.5639652013778687
1749235423.2083104,9.585396458285992,-1.5639655590057373
1749235423.2418585,9.585397461701174,-1.5639656782150269
1749235423.2752984,9.585399383197476,-1.563966989517212
1749235423.308797,9.585401114049343,-1.5639674663543701
1749235423.3427155,9.585402662724315,-1.5639681816101074
1749235423.3760846,9.585404339404931,-1.5639688968658447
1749235423.4094887,9.585406120243466,-1.5639690160751343
1749235423.4428964,9.585407621790875,-1.5639698505401611
1749235423.4763024,9.585409545152242,-1.5639704465866089
1749235423.509807,9.585410999925447,-1.5639712810516357
1749235423.543213,9.585411964726468,-1.563971757888794
1749235423.5766315,9.585413604499657,-1.5639723539352417
1749235423.610102,9.585415113231218,-1.563973069190979
1749235423.6434925,9.585416649468227,-1.5639735460281372
1749235423.6768975,9.585417819789129,-1.5639744997024536
1749235423.710302,9.585419889348552,-1.5639747381210327
1749235423.7437067,9.585420425954,-1.5639750957489014
1749235423.7773561,9.585422319886863,-1.5639760494232178
1749235423.810799,9.58542376431399,-1.563976764678955
1749235423.8442006,9.585425532142136,-1.5639772415161133
1749235423.877609,9.58542716756594,-1.563977599143982
1749235423.9116688,9.585428256576565,-1.563978672027588
1749235423.9451237,9.585430056484968,-1.5639790296554565
1749235423.9785469,9.5854322258113,-1.5639796257019043
1749235424.0119596,9.585433039656316,-1.563980221748352
1749235424.0455475,9.585434838564332,-1.5639806985855103
1749235424.0789921,9.585436405183728,-1.5639817714691162
1749235424.1123977,9.585437978403174,-1.5639821290969849
1749235424.1458397,9.585439082587873,-1.5639830827713013
1749235424.1792462,9.585440728116016,-1.563983678817749
1749235424.2127643,9.585442723430686,-1.5639841556549072
1749235424.246212,9.585444164995037,-1.5639846324920654
1749235424.2796216,9.585445319193916,-1.5639854669570923
1749235424.3130674,9.585446815957464,-1.5639859437942505
1749235424.3467321,9.585448160308006,-1.5639864206314087
1749235424.3802788,9.58545017548296,-1.563987374305725
1749235424.4137025,9.58545167595564,-1.5639878511428833
1749235424.4471052,9.58545292573228,-1.5639883279800415
1749235424.4805133,9.585455598829807,-1.5639891624450684
1749235424.5143836,9.585520446219483,-1.5645537376403809
1749235424.5481644,9.586910643799635,-1.5662673711776733
1749235424.5815742,9.590113709911058,-1.5625197887420654
1749235424.6149745,9.594926042745609,-1.558892011642456
1749235424.6484644,9.60099194613397,-1.555405616760254
1749235424.6819124,9.607678119689268,-1.5513824224472046
1749235424.715288,9.612559607727993,-1.5451551675796509
1749235424.7486658,9.61994148423467,-1.5408273935317993
1749235424.7820792,9.62716534932284,-1.5346734523773193
1749235424.815726,9.635459835845253,-1.5311552286148071
1749235424.8491454,9.642605666708375,-1.5273053646087646
1749235424.8825774,9.647955129021147,-1.5214807987213135
1749235424.9159858,9.655817904468147,-1.5183883905410767
1749235424.9493926,9.666450565766818,-1.515191674232483
1749235424.982797,9.671804890036059,-1.5111991167068481
1749235425.0162055,9.682675023246286,-1.5080698728561401
1749235425.0496414,9.69072098667932,-1.505143165588379
1749235425.0831397,9.699502564685831,-1.5028390884399414
1749235425.1165555,9.710643685194494,-1.4987027645111084
1749235425.1499622,9.719268971507388,-1.4949522018432617
1749235425.1835246,9.728283692309851,-1.4919145107269287
1749235425.2169287,9.737029495990917,-1.4882279634475708
1749235425.2503505,9.745849037475825,-1.4850025177001953
1749235425.2837527,9.754737004329948,-1.4824039936065674
1749235425.317184,9.76627798359267,-1.4774678945541382
1749235425.3505974,9.77253706516045,-1.4742512702941895
1749235425.3839667,9.78108758787612,-1.4696451425552368
1749235425.4190147,9.793281535585812,-1.4665721654891968
1749235425.452419,9.802199586255952,-1.4630159139633179
1749235425.4858232,9.811149024893322,-1.4600582122802734
1749235425.5192232,9.823056698788033,-1.4552743434906006
1749235425.5526302,9.83196985115207,-1.4516698122024536
1749235425.5860283,9.840795195777837,-1.4470949172973633
1749235425.6213694,9.849602909670962,-1.4427131414413452
1749235425.6548293,9.855465704816433,-1.4387497901916504
1749235425.6882381,9.867032823655991,-1.4339418411254883
1749235425.721637,9.8754638303834,-1.4305579662322998
1749235425.7552788,9.884262127936658,-1.424443006515503
1749235425.7887402,9.892565049423865,-1.4204875230789185
1749235425.822305,9.90347031185431,-1.4131667613983154
1749235425.855717,9.9119969380868,-1.4077181816101074
1749235425.889115,9.920320098237406,-1.4007712602615356
1749235425.9225228,9.927993408334935,-1.394133448600769
1749235425.955925,9.93629620956439,-1.389291763305664
1749235425.9893522,9.943844217263953,-1.3830653429031372
1749235426.0227067,9.951993027343818,-1.3778856992721558
1749235426.0561461,9.959763055732576,-1.3722363710403442
1749235426.0895908,9.967232473661221,-1.364574909210205
1749235426.1230175,9.975122362394258,-1.35831618309021
1749235426.1564245,9.982802363047572,-1.352771282196045
1749235426.1898417,9.992914345882747,-1.3464391231536865
1749235426.2232473,9.997774241677378,-1.3433160781860352
1749235426.2567265,10.005629694774413,-1.3374667167663574
1749235426.2901304,10.012989575483198,-1.3321280479431152
1749235426.323653,10.020847915428654,-1.3263972997665405
1749235426.357145,10.025912427712067,-1.320550560951233
1749235426.3907065,10.036049215838046,-1.3151378631591797
1749235426.424116,10.043651245045154,-1.309522032737732
1749235426.4575636,10.051253191297487,-1.3038941621780396
1749235426.490983,10.058602764097802,-1.2984699010849
1749235426.5253296,10.066459322925917,-1.2926667928695679
1749235426.558689,10.076849858120214,-1.2849856615066528
1749235426.592119,10.081918549575564,-1.27787184715271
1749235426.625588,10.09433709749218,-1.2720643281936646
1749235426.6590488,10.10168692306601,-1.2666356563568115
1749235426.692475,10.109289979628864,-1.2610188722610474
1749235426.7259145,10.117146615834708,-1.253337025642395
1749235426.759315,10.1272844673381,-1.2477211952209473
1749235426.7927132,10.13235328066187,-1.24397611618042
1749235426.8299115,10.139956576518745,-1.238357663154602
1749235426.8633351,10.147559944435217,-1.2327393293380737
1749235426.8967457,10.15516312195204,-1.227115273475647
1749235426.930295,10.160232273387994,-1.2196282148361206
1749235426.9636989,10.170370413859215,-1.2158790826797485
1749235426.9971025,10.175439230477755,-1.2085715532302856
1749235427.0305784,10.187857828121574,-1.2029533386230469
1749235427.063993,10.195714793018176,-1.1971473693847656
1749235427.0973907,10.203318094684278,-1.1915278434753418
1749235427.1308064,10.210921179554704,-1.184032917022705
1749235427.1642075,10.218524533385246,-1.1802875995635986
1749235427.1976547,10.22359342508011,-1.1742932796478271
1749235427.231131,10.23347786812113,-1.169234037399292
1749235427.264559,10.241334898683862,-1.1634234189987183
1749235427.2979677,10.246403347347167,-1.1578022241592407
1749235427.3313732,10.254007074089111,-1.152182936668396
1749235427.364804,10.263891065734843,-1.1467506885528564
1749235427.3982086,10.27149442880157,-1.1411290168762207
1749235427.4316113,10.279097974999878,-1.13550865650177
1749235427.4650135,10.286955004414605,-1.129701018333435
1749235427.4985561,10.29177036586116,-1.124079942703247
1749235427.532056,10.297092362042532,-1.1203287839889526
1749235427.5654602,10.307230384352163,-1.1147090196609497
1749235427.5988674,10.314833181337667,-1.1090854406356812
1749235427.6322775,10.322436894001452,-1.10346519947052
1749235427.665707,10.330040006034936,-1.0978443622589111
1749235427.6991115,10.337390026399524,-1.0924092531204224
1749235427.7326424,10.345246661665037,-1.0865978002548218
1749235427.7660596,10.350568662901505,-1.0791031122207642
1749235427.7994592,10.362987328381546,-1.0734795331954956
1749235427.832866,10.368056274899763,-1.067853331565857
1749235427.8666973,10.375659342448536,-1.0641084909439087
1749235427.9002721,10.383262129638474,-1.0584813356399536
1749235427.9336786,10.393399881741095,-1.05098557472229
1749235427.9671228,10.401001997482053,-1.0453579425811768
1749235428.0005221,10.406070742664072,-1.0397305488586426
1749235428.0339272,10.416208599163557,-1.034116506576538
1749235428.067389,10.423811164240929,-1.0284920930862427
1749235428.1007698,10.431413240903456,-1.0228604078292847
1749235428.1342642,10.439016325976137,-1.0172343254089355
1749235428.1676698,10.446365531383988,-1.0117985010147095
1749235428.2010796,10.451940521306144,-1.0059857368469238
1749235428.2345767,10.461823941717123,-1.000362753868103
1749235428.2679772,10.469426384693724,-0.9947386384010315
1749235428.3013752,10.477028627252142,-0.9891121983528137
1749235428.3348613,10.48463137763003,-0.9817990660667419
1749235428.368711,10.492232894764442,-0.9757805466651917
1749235428.402122,10.502110200821694,-0.9705311059951782
1749235428.4355156,10.50995839073758,-0.9647283554077148
1749235428.468985,10.517548049308646,-0.9591017365455627
1749235428.5023935,10.525389061332413,-0.9533137679100037
1749235428.535796,10.532465133898611,-0.9480807185173035
1749235428.5694664,10.540293671325244,-0.942264974117279
1749235428.6029098,10.54787029916745,-0.93666011095047
1749235428.6363308,10.552920760979728,-0.9329135417938232
1749235428.6700077,10.56302115532796,-0.9254339337348938
1749235428.7034252,10.570597296440676,-0.9198218584060669
1749235428.7368999,10.578167986211957,-0.9143301248550415
1749235428.7703412,10.58569349081497,-0.9081530570983887
1749235428.803756,10.59078940721595,-0.9032824039459229
1749235428.8379896,10.600516145223875,-0.8968067765235901
1749235428.8713932,10.608371573274745,-0.8913660049438477
1749235428.9048014,10.613482612869552,-0.8866118788719177
1749235428.9382017,10.62321667660251,-0.8807673454284668
1749235428.971723,10.630831787850662,-0.8762686848640442
1749235429.0053155,10.638499335248534,-0.8693592548370361
1749235429.0387323,10.648483599317194,-0.8617534637451172
1749235429.0721564,10.655695737672369,-0.8535736799240112
1749235429.105624,10.6582695622864,-0.8469833135604858
1749235429.1390448,10.670279130569195,-0.839100182056427
1749235429.1724534,10.675972097054794,-0.8317441940307617
1749235429.206134,10.685444992144701,-0.8256403803825378
1749235429.2395453,10.694858932096944,-0.8128801584243774
1749235429.2729673,10.701952743266823,-0.8047599792480469
1749235429.306365,10.709662989635785,-0.7969130277633667
1749235429.339783,10.716919233216226,-0.7884922623634338
1749235429.3732426,10.719160546324952,-0.778038740158081
1749235429.4066544,10.729195317798606,-0.7731412649154663
1749235429.440335,10.736178949199255,-0.7597944736480713
1749235429.4738493,10.74520057712957,-0.7488306164741516
1749235429.5072558,10.75035408294403,-0.7394245862960815
1749235429.5407677,10.759857184575063,-0.7306471467018127
1749235429.5741923,10.766667853233756,-0.7189220190048218
1749235429.607759,10.771149431798692,-0.7064778804779053
1749235429.6412027,10.781022128292667,-0.6970183849334717
1749235429.6746168,10.787958043453521,-0.6870695948600769
1749235429.7080173,10.790501874632843,-0.6787100434303284
1749235429.741442,10.799208392002331,-0.6654930114746094
1749235429.7755206,10.806662468079413,-0.6491793394088745
1749235429.8089323,10.816459406281533,-0.6394257545471191
1749235429.8423934,10.823503187132182,-0.6275776624679565
1749235429.8757904,10.830520663924455,-0.6150217652320862
1749235429.9092038,10.837838839411491,-0.6008812785148621
1749235429.9426165,10.847882771015723,-0.5920788645744324
1749235429.9760802,10.85258280143072,-0.580755352973938
1749235430.0095983,10.862208556206898,-0.5703028440475464
1749235430.0433772,10.866613715216753,-0.562280535697937
1749235430.076748,10.872084195295146,-0.5476804375648499
1749235430.110696,10.883837070580027,-0.5364099144935608
1749235430.1449404,10.891230068244083,-0.5264086127281189
1749235430.1783366,10.895957234259017,-0.51460200548172
1749235430.2117558,10.905796789485578,-0.5070915818214417
1749235430.2451487,10.913307032459326,-0.4969214200973511
1749235430.2785618,10.920522407324604,-0.48655861616134644
1749235430.312017,10.927797110932978,-0.4763574004173279
1749235430.3454313,10.934898268868922,-0.4672219455242157
1749235430.3788884,10.939692075045798,-0.45435261726379395
1749235430.4126692,10.949436501773718,-0.4415305554866791
1749235430.4461117,10.957003727852163,-0.4360732138156891
1749235430.4795098,10.961874849211247,-0.42606258392333984
1749235430.5129116,10.974466163900223,-0.41623714566230774
1749235430.546319,10.981708992064444,-0.4068073332309723
1749235430.5796988,10.988736486659311,-0.39585378766059875
1749235430.6130943,10.993770109699922,-0.3858693838119507
1749235430.646504,11.003582962196642,-0.37805381417274475
1749235430.6799152,11.010945906743864,-0.369019091129303
1749235430.7132998,11.018204851416048,-0.3589031398296356
1749235430.746726,11.028101905484277,-0.34676021337509155
1749235430.7801237,11.035654869846907,-0.3391772210597992
1749235430.8135254,11.043113238005173,-0.33114388585090637
1749235430.8469212,11.050292782132908,-0.32330772280693054
1749235430.8804886,11.057966439416555,-0.31441089510917664
1749235430.913903,11.067943448904158,-0.30696994066238403
1749235430.9473581,11.074903125177741,-0.2970599830150604
1749235430.9808578,11.079756568115315,-0.28821414709091187
1749235431.0142348,11.087004700213797,-0.2818365693092346
1749235431.0476444,11.094610795865526,-0.2753257751464844
1749235431.0810544,11.10193185769631,-0.26624950766563416
1749235431.1144583,11.109457227594248,-0.2587491571903229
1749235431.1478567,11.114396443514602,-0.2545534074306488
1749235431.1813197,11.124747695881139,-0.2480783611536026
1749235431.2146912,11.13238311695138,-0.24302919209003448
1749235431.2480967,11.134868321474203,-0.23866480588912964
1749235431.2815063,11.142327751140485,-0.2322845309972763
1749235431.3149252,11.152497726041672,-0.22794757783412933
1749235431.3483293,11.159973804739389,-0.22178994119167328
1749235431.3817832,11.170142186511539,-0.21554258465766907
1749235431.415194,11.175270514206446,-0.213838592171669
1749235431.4486349,11.182568508416782,-0.20682626962661743
1749235431.4820395,11.190043054151865,-0.2029476761817932
1749235431.5154343,11.197239741453965,-0.19672147929668427
1749235431.5488393,11.202542064164419,-0.19593766331672668
1749235431.5823097,11.210490719154405,-0.1932847648859024
1749235431.6157665,11.218786500508775,-0.19363011419773102
1749235431.649173,11.226933606045517,-0.19222545623779297
1749235431.6825805,11.23542553254877,-0.18605312705039978
1749235431.7160537,11.243826414916136,-0.17979677021503448
1749235431.7496092,11.252789479295927,-0.17632389068603516
1749235431.7830138,11.261091635693864,-0.17235508561134338
1749235431.816628,11.269609897647744,-0.1663256138563156
1749235431.8502498,11.281325064990568,-0.16381023824214935
1749235431.8836117,11.28710288299557,-0.15942618250846863
1749235431.9170144,11.29949835866845,-0.1549634486436844
1749235431.9504125,11.307283353709856,-0.14993226528167725
1749235431.9838116,11.31636546415248,-0.14708566665649414
1749235432.017248,11.32193697223065,-0.14516590535640717
1749235432.0506964,11.333590113607128,-0.14707648754119873
1749235432.0841448,11.342154376837854,-0.14497704803943634
1749235432.1175528,11.350810897898457,-0.1424870491027832
1749235432.1509793,11.359478907844847,-0.13804498314857483
1749235432.1844354,11.367893298724422,-0.13323549926280975
1749235432.2178204,11.376978496356266,-0.12951743602752686
1749235432.2512348,11.385766218309527,-0.12597079575061798
1749235432.2848983,11.394220882617166,-0.12127863615751266
1749235432.3183465,11.400386268838897,-0.11716499924659729
1749235432.3518467,11.412183252295577,-0.11408355832099915
1749235432.385289,11.420968500165591,-0.11008152365684509
1749235432.418742,11.429764296120688,-0.10660798847675323
1749235432.4521499,11.441465888065352,-0.10175614058971405
1749235432.4855585,11.447598644038584,-0.09767144173383713
1749235432.518963,11.459010902750594,-0.09440500289201736
1749235432.552433,11.464813041635425,-0.08910314738750458
1749235432.5860033,11.476226017011026,-0.0860413983464241
1749235432.619413,11.482357593027203,-0.08056075870990753
1749235432.6530523,11.496957458844644,-0.07642955332994461
1749235432.6864903,11.50548411542862,-0.07421647012233734
1749235432.7204607,11.514581897838175,-0.07076699286699295
1749235432.754158,11.523444909964889,-0.0688609704375267
1749235432.7876287,11.526963657773974,-0.06605082750320435
1749235432.8210382,11.538135997215825,-0.06419558823108673
1749235432.8544903,11.546157049561632,-0.06290566176176071
1749235432.8879066,11.552016026276393,-0.061517439782619476
1749235432.9213173,11.556594080874898,-0.060232605785131454
1749235432.9547043,11.560539144400558,-0.05881534144282341
1749235432.9882646,11.56416069877571,-0.05754176899790764
1749235433.0216625,11.567612520081735,-0.05692093446850777
1749235433.0550966,11.570951443178277,-0.05529249086976051
1749235433.0885046,11.574265475993382,-0.05513835698366165
1749235433.1219046,11.577400692216496,-0.054225847125053406
1749235433.155314,11.580642363817242,-0.053870100528001785
1749235433.1887465,11.583968975977758,-0.05194007605314255
1749235433.2221448,11.587178386283309,-0.05126884579658508
1749235433.2556074,11.590372870637978,-0.05140331760048866
1749235433.2890115,11.594592016855426,-0.04905425012111664
1749235433.3224294,11.597754224774759,-0.048285335302352905
1749235433.3558316,11.600931281925694,-0.04811633750796318
1749235433.3892314,11.604077349637095,-0.045960795134305954
1749235433.4226305,11.608260109566741,-0.04492989555001259
1749235433.4560409,11.611574354829253,-0.044252607971429825
1749235433.489442,11.614720991197572,-0.04262803867459297
1749235433.5231388,11.61685365109151,-0.04342832416296005
1749235433.5568755,11.620934325156945,-0.04151507839560509
1749235433.590409,11.624232038126419,-0.040640637278556824
1749235433.624241,11.627334087086709,-0.04091097414493561
1749235433.6576521,11.63050070097238,-0.039512090384960175
1749235433.6910567,11.633682501687082,-0.038371969014406204
1749235433.7249622,11.637000591798657,-0.037382129579782486
1749235433.7583637,11.640240136320067,-0.03734114021062851
1749235433.7917843,11.643347834929695,-0.036300234496593475
1749235433.8286905,11.645600667604816,-0.03526558354496956
1749235433.8621416,11.649903886270595,-0.034777626395225525
1749235433.8955946,11.65311154124649,-0.03377086669206619
1749235433.9290528,11.657402236563987,-0.03326055780053139
1749235433.9624577,11.659558229450457,-0.0330037958920002
1749235433.9959092,11.662882102018104,-0.03253285586833954
1749235434.029314,11.667080777079223,-0.03179366886615753
1749235434.0626884,11.670421165074526,-0.03196125105023384
1749235434.0960987,11.675287422793254,-0.03148203343153
1749235434.1295033,11.679000631830712,-0.029829207807779312
1749235434.1629217,11.682751934072291,-0.0311263594776392
1749235434.1963418,11.68654763671584,-0.030974555760622025
1749235434.2297652,11.690204940395303,-0.03084571100771427
1749235434.2631674,11.69282196098513,-0.030573353171348572
1749235434.2965748,11.696997886846123,-0.031998634338378906
1749235434.3299828,11.700192634462338,-0.03179032355546951
1749235434.363504,11.705057475353618,-0.03278670459985733
1749235434.3969078,11.707458545689743,-0.03249005228281021
1749235434.4302716,11.709724003471075,-0.03465328738093376
1749235434.4636788,11.713208668154596,-0.035287827253341675
1749235434.4970915,11.716650606968491,-0.03536466509103775
1749235434.5304923,11.721026494678755,-0.03694131597876549
1749235434.563905,11.724211947785081,-0.03699615225195885
1749235434.5975933,11.728620250228104,-0.037354256957769394
1749235434.6309993,11.731675098499696,-0.036481697112321854
1749235434.6646378,11.733712353577483,-0.03741323947906494
1749235434.6981037,11.737835256769129,-0.03823632374405861
1749235434.7315428,11.740812842524095,-0.03943048045039177
1749235434.7649474,11.74375890138212,-0.039262764155864716
1749235434.7983541,11.746670298027626,-0.03914744779467583
1749235434.831834,11.750575273864591,-0.03995084762573242
1749235434.8657591,11.752417962317596,-0.03918936476111412
1749235434.8991983,11.75625457723487,-0.040634505450725555
1749235434.932606,11.75916150580989,-0.040544796735048294
1749235434.9660053,11.760899477020397,-0.041295669972896576
1749235434.9994087,11.764487682336501,-0.041861481964588165
1749235435.0328262,11.767108880354641,-0.04289000853896141
1749235435.0662732,11.770599622148666,-0.04281775280833244
1749235435.0996766,11.772334377147553,-0.043687403202056885
1749235435.133099,11.774974597733259,-0.042572472244501114
1749235435.1664984,11.77747636017097,-0.04459991306066513
1749235435.1999106,11.779019796793692,-0.043756794184446335
1749235435.2335675,11.78303389588077,-0.044382475316524506
1749235435.2671385,11.785297357218196,-0.04556730017066002
1749235435.3005893,11.787558288201884,-0.045552730560302734
1749235435.3340454,11.789769790198525,-0.04687618836760521
1749235435.3676877,11.791221114774354,-0.04739951342344284
1749235435.4010894,11.794079330331664,-0.047609057277441025
1749235435.4344957,11.796199783704138,-0.046996284276247025
1749235435.467938,11.798244818541727,-0.04824516922235489
1749235435.5013816,11.800249844721387,-0.048718422651290894
1749235435.5348063,11.80238889471178,-0.048924267292022705
1749235435.5681853,11.805080188942872,-0.04916974902153015
1749235435.6023586,11.806945345859697,-0.05067956820130348
1749235435.636027,11.808911066508214,-0.05025028809905052
1749235435.6695807,11.811594501321418,-0.05132747069001198
1749235435.7029803,11.81348678657761,-0.050139836966991425
1749235435.7368376,11.814763386716196,-0.051535237580537796
1749235435.770279,11.816513181338799,-0.051070671528577805
1749235435.8036828,11.818417124530852,-0.0523943156003952
1749235435.8371255,11.820802595659803,-0.0528712198138237
1749235435.870613,11.82205544075196,-0.05256914719939232
1749235435.904052,11.82375146182436,-0.0535949245095253
1749235435.9374237,11.82596670669991,-0.054903294891119
1749235435.970823,11.827565377120294,-0.05502615496516228
1749235436.0042825,11.828759748400657,-0.054200898855924606
1749235436.037709,11.830407098333653,-0.055891066789627075
1749235436.0711086,11.831499466761066,-0.05460294336080551
1749235436.1046376,11.83360045077852,-0.053976140916347504
1749235436.1380756,11.835644967678983,-0.05548509955406189
1749235436.1718152,11.836721038788475,-0.05629238486289978
1749235436.2052073,11.838680492564514,-0.05676766112446785
1749235436.238647,11.840218445306563,-0.058806050568819046
1749235436.2721224,11.841232913259084,-0.058033980429172516
1749235436.3059342,11.842706969839725,-0.0580354742705822
1749235436.3394418,11.84459738126897,-0.060153670608997345
1749235436.3728697,11.84597625755835,-0.05956202372908592
1749235436.4062388,11.847151132581134,-0.05847931653261185
1749235436.4396968,11.848190861177022,-0.06074218079447746
1749235436.473103,11.84938065405825,-0.059730272740125656
1749235436.5066378,11.851131683006392,-0.06100412830710411
1749235436.5400822,11.852367187644404,-0.06073977053165436
1749235436.5734832,11.853637173406591,-0.0593772754073143
1749235436.6069078,11.854776118370745,-0.05975809693336487
1749235436.6404412,11.855984817449473,-0.06045573204755783
1749235436.6738431,11.857111817644965,-0.06096639484167099
1749235436.7071915,11.858299706011024,-0.06067049875855446
1749235436.7405615,11.859392306411172,-0.0604250393807888
1749235436.7739148,11.86086904206398,-0.060426726937294006
1749235436.8074212,11.862008013950405,-0.061117175966501236
1749235436.8413036,11.863084886021577,-0.06054135784506798
1749235436.8746943,11.86415756975437,-0.06065329909324646
1749235436.9084306,11.865503866592082,-0.06125297397375107
1749235436.9418368,11.86650100365618,-0.06058003008365631
1749235436.975609,11.86749639099825,-0.060722991824150085
1749235437.0090756,11.868479932916271,-0.06081266701221466
1749235437.0425484,11.869448684877282,-0.06146720424294472
1749235437.0761137,11.870425059243367,-0.062016721814870834
1749235437.109622,11.871370354492553,-0.0614834800362587
1749235437.143025,11.872302963691913,-0.06304251402616501
1749235437.176412,11.873465897181621,-0.06202586367726326
1749235437.2099292,11.873955817531414,-0.06311279535293579
1749235437.2433357,11.874971989521045,-0.0629790648818016
1749235437.2767808,11.876201951707833,-0.06239901855587959
1749235437.3102002,11.877014994547086,-0.0632571205496788
1749235437.3436048,11.878236547578092,-0.06239435821771622
1749235437.3770487,11.87921986149145,-0.0641208216547966
1749235437.4104779,11.879896600297075,-0.06313761323690414
1749235437.4440064,11.881213388402063,-0.06402493268251419
1749235437.4773917,11.882175900180085,-0.06412301957607269
1749235437.5107987,11.882898845822199,-0.06390664726495743
1749235437.5441833,11.883245810766727,-0.06411081552505493
1749235437.5777307,11.88547787590905,-0.064125195145607
1749235437.6111403,11.889605723829707,-0.05969579145312309
1749235437.6445916,11.895055158389978,-0.05440967530012131
1749235437.6780078,11.8990300675323,-0.049528758972883224
1749235437.7114272,11.907841848500226,-0.041783325374126434
1749235437.744844,11.917440607704266,-0.03395326808094978
1749235437.7782676,11.922390025996584,-0.03092348389327526
1749235437.8154216,11.9299721439575,-0.02307673916220665
1749235437.848824,11.939788918640028,-0.020471742376685143
1749235437.882225,11.946424156036954,-0.01321104820817709
1749235437.915663,11.952266221157,0.002386714331805706
1749235437.9490683,11.959155774266163,0.008925352245569229
1749235437.9825757,11.964220493326957,0.012019718997180462
1749235438.01598,11.973133981211394,0.019301503896713257
1749235438.0493898,11.977940752598053,0.026584425941109657
1749235438.08299,11.985585389476958,0.03281202167272568
1749235438.1164584,11.994070604308545,0.04386116564273834
1749235438.1500282,12.001063104566713,0.05116989091038704
1749235438.1834595,12.0081904468502,0.05822473764419556
1749235438.2168212,12.017187198560913,0.07202901691198349
1749235438.2502759,12.02424286197992,0.07785151153802872
1749235438.2839332,12.033714009419867,0.08626633882522583
1749235438.3173287,12.040815997074557,0.09400530904531479
1749235438.3506842,12.04800891199483,0.09925639629364014
1749235438.3841047,12.055683403898284,0.10558921843767166
1749235438.4175174,12.063288326804043,0.11082260310649872
1749235438.4509256,12.07339516808999,0.11495969444513321
1749235438.484328,12.081009925427995,0.11879058182239532
1749235438.51776,12.088789708284041,0.1186080276966095
1749235438.551157,12.096249071951954,0.12126661092042923
1749235438.5845737,12.104218657649328,0.12658251821994781
1749235438.6179748,12.112043285540711,0.13155816495418549
1749235438.6513774,12.117422808470005,0.135320246219635
1749235438.684784,12.125406924019,0.1403111070394516
1749235438.718158,12.13342106604469,0.1479846090078354
1749235438.7515397,12.140521378135734,0.15667442977428436
1749235438.7849371,12.150485244834867,0.1623499095439911
1749235438.8184118,12.160919154068646,0.17084206640720367
1749235438.8518121,12.168594570616138,0.17594805359840393
1749235438.8852522,12.17586256952646,0.18280860781669617
1749235438.9186556,12.183857204166792,0.1879546046257019
1749235438.95202,12.188936330532869,0.19396275281906128
1749235438.985374,12.199088550082072,0.19941498339176178
1749235439.0188274,12.206733958469455,0.20441368222236633
1749235439.0522635,12.21432260150796,0.21011553704738617
1749235439.0859072,12.221676148992882,0.21545036137104034
1749235439.1196978,12.229283486751216,0.2209392786026001
1749235439.1531487,12.23687241993984,0.22663459181785583
1749235439.186686,12.244482513323987,0.23205460608005524
1749235439.220118,12.249804482037046,0.23590873181819916
1749235439.2535503,12.259929680756281,0.24342764914035797
1749235439.2869625,12.264998065484109,0.24917586147785187
1749235439.3203669,12.274875741746222,0.25647979974746704
1749235439.3574808,12.285260139005747,0.2621367871761322
1749235439.3908782,12.292861155202216,0.27000007033348083
1749235439.4243307,12.300463645696494,0.2759974002838135
1749235439.4577677,12.308063776431974,0.28125253319740295
1749235439.4911897,12.320733178803671,0.288382351398468
1749235439.5246253,12.326310455341183,0.2939660847187042
1749235439.558028,12.33568588937215,0.2994093894958496
1749235439.5914323,12.34126244033131,0.3057551085948944
1749235439.6248944,12.351145233615709,0.31270018219947815
1749235439.6583064,12.361281027438316,0.31832781434059143
1749235439.6954317,12.36634982504251,0.3220745921134949
1749235439.7288814,12.371419027597875,0.328803688287735
1749235439.7623382,12.37902410232301,0.3334539830684662
1749235439.7958112,12.386621629616679,0.3389674127101898
1749235439.8291938,12.394221406187265,0.34478524327278137
1749235439.862644,12.404353402991894,0.3517901599407196
1749235439.896057,12.41459728336987,0.3558978736400604
1749235439.9295382,12.419652232828476,0.3617287576198578
1749235439.9629364,12.42970457536032,0.36834123730659485
1749235439.9963517,12.437379896784378,0.37319061160087585
1749235440.0298767,12.442190318362771,0.37678802013397217
1749235440.0634127,12.447495747944803,0.3833032250404358
1749235440.0968528,12.454936521967419,0.38830795884132385
1749235440.130333,12.467425273917058,0.39610105752944946
1749235440.163756,12.475323917915379,0.40099695324897766
1749235440.1971614,12.48011602309825,0.40692847967147827
1749235440.2306569,12.487943571213245,0.41279706358909607
1749235440.2640698,12.498198160582369,0.4163694679737091
1749235440.297489,12.505365355521088,0.42325225472450256
1749235440.3308964,12.513227287086467,0.4288603365421295
1749235440.3643034,12.520880312113368,0.43351081013679504
1749235440.3977003,12.52821215688948,0.43900659680366516
1749235440.431107,12.535775839566424,0.44505220651626587
1749235440.46457,12.544158669946896,0.4525523781776428
1749235440.4980352,12.553516853018445,0.4577581286430359
1749235440.5314395,12.561328063248776,0.46381041407585144
1749235440.564842,12.566132757886571,0.46944284439086914
1749235440.5982397,12.578785467995585,0.47616153955459595
1749235440.631644,12.583831094483589,0.48222029209136963
1749235440.6657813,12.589395055853474,0.48587068915367126
1749235440.6992211,12.596719865611126,0.4915037453174591
1749235440.732679,12.60683216248002,0.4990122318267822
1749235440.7660508,12.616974092107665,0.5041756629943848
1749235440.799539,12.624553734860033,0.509888768196106
1749235440.8329418,12.631901884610881,0.5152603983879089
1749235440.866349,12.639738129480433,0.5211767554283142
1749235440.8997564,12.644799513576373,0.5269554257392883
1749235440.933144,12.655194253231294,0.5340410470962524
1749235440.9665453,12.664809644937645,0.5394996404647827
1749235440.9999952,12.670387200638253,0.5434263348579407
1749235441.0334022,12.67739172228926,0.5494522452354431
1749235441.0668035,12.685749313062946,0.5553938150405884
1749235441.1001952,12.692797547583279,0.5608633160591125
1749235441.1337192,12.700445835566468,0.5654188990592957
1749235441.1671283,12.710522014336663,0.5731990337371826
1749235441.2005308,12.715609532637794,0.580577552318573
1749235441.2340994,12.72808162100944,0.5874344110488892
1749235441.2678597,12.733153666493676,0.5927419066429138
1749235441.3013039,12.743335799654115,0.5972415804862976
1749235441.334733,12.746351458264536,0.6012928485870361
1749235441.3681457,12.755880569513286,0.6074845194816589
1749235441.4015481,12.763489325599735,0.612869381904602
1749235441.435069,12.77105973635682,0.618643581867218
1749235441.4684777,12.776434588647781,0.6232102513313293
1749235441.5018985,12.788783653339035,0.6308110952377319
1749235441.5353525,12.793792976838937,0.6371337175369263
1749235441.5695593,12.803932684014924,0.6422931551933289
1749235441.60291,12.81149642767353,0.6481760740280151
1749235441.6367273,12.816610895123237,0.6528300642967224
1749235441.6701908,12.823944856940178,0.6587873101234436
1749235441.7036984,12.831785247596395,0.6656395792961121
1749235441.7373328,12.844447498916313,0.6712251901626587
1749235441.7707007,12.85001194925952,0.6753307580947876
1749235441.8041158,12.857091559684562,0.6805660128593445
1749235441.8375406,12.864424619504494,0.6859794855117798
1749235441.8712335,12.872264085903746,0.6917519569396973
1749235441.904876,12.88212541190154,0.6990289092063904
1749235441.9387116,12.887436255683708,0.7029423117637634
1749235441.972109,12.895023171792364,0.7083834409713745
1749235442.0055208,12.902550080921507,0.7163419127464294
1749235442.038976,12.912719156178397,0.7212808728218079
1749235442.072379,12.920306146860462,0.7267874479293823
1749235442.1057768,12.925621068934944,0.7324609160423279
1749235442.139181,12.935222423795961,0.7377543449401855
1749235442.1725905,12.943059981620323,0.7435675263404846
1749235442.2060945,12.950367129457279,0.7489160299301147
1749235442.2394967,12.957820639791649,0.7556419968605042
1749235442.272983,12.965482492027144,0.7629806399345398
1749235442.3064246,12.97274446167689,0.7717334628105164
1749235442.339884,12.980292349740465,0.7810230255126953
1749235442.3732848,12.987801729841415,0.7884343862533569
1749235442.4067116,12.997356659519722,0.7933324575424194
1749235442.4401286,13.004702508974528,0.8020139932632446
1749235442.4736204,13.009691921714467,0.8113049268722534
1749235442.5070226,13.019331901783104,0.8184166550636292
1749235442.540494,13.025031021527504,0.8260230422019958
1749235442.5739617,13.033849529656978,0.8362805843353271
1749235442.6073732,13.038852323135659,0.8468495607376099
1749235442.6408162,13.051410454753873,0.8539350628852844
1749235442.674289,13.056290505120678,0.8631137013435364
1749235442.7084913,13.065548791356353,0.8725515604019165
1749235442.7418945,13.075726122723536,0.8825219869613647
1749235442.7753074,13.082804436552097,0.8920496106147766
1749235442.8086784,13.090084788188674,0.9070872068405151
1749235442.8420856,13.094471615537216,0.9135406017303467
1749235442.8754961,13.106563917663454,0.9243509769439697
1749235442.9089503,13.113753254559171,0.9360477328300476
1749235442.9424472,13.121150339777722,0.9468876719474792
1749235442.9758508,13.12776400541962,0.9575112462043762
1749235443.0092683,13.1355138347061,0.9668006896972656
1749235443.042674,13.142799701621929,0.9746760725975037
1749235443.0760722,13.148329288615843,0.9852678179740906
1749235443.1094704,13.158760335060947,0.9952278733253479
1749235443.1428878,13.162768006327752,1.0030200481414795
1749235443.176311,13.169869708967653,1.0122853517532349
1749235443.2097187,13.180094855812943,1.0199668407440186
1749235443.2432046,13.189903827489342,1.0321167707443237
1749235443.2766047,13.19703461658049,1.0411155223846436
1749235443.3099682,13.204809487599196,1.0493453741073608
1749235443.344058,13.21227621304945,1.0570831298828125
1749235443.3774343,13.217022654303753,1.0671708583831787
1749235443.4108317,13.22708795692688,1.0738224983215332
1749235443.4443347,13.234389320852157,1.082617998123169
1749235443.4777396,13.244114047666647,1.0953481197357178
1749235443.511189,13.249185332069933,1.1028389930725098
1749235443.5446608,13.25652345464646,1.1119557619094849
1749235443.5781145,13.266383667207624,1.1206533908843994
1749235443.6115193,13.273860740234895,1.1288833618164062
1749235443.64497,13.281845819957226,1.1340718269348145
1749235443.67838,13.288861399717103,1.1414254903793335
1749235443.711786,13.295708131785783,1.1507201194763184
1749235443.7452695,13.298148952566365,1.156458854675293
1749235443.7786973,13.3104868635269,1.1657379865646362
1749235443.8121154,13.31774988901887,1.1745727062225342
1749235443.8457372,13.32539164479159,1.1855818033218384
1749235443.8791401,13.335414213953355,1.1927191019058228
1749235443.912606,13.34018233272572,1.197102427482605
1749235443.94601,13.347666058003815,1.2043136358261108
1749235443.9795375,13.355261247392582,1.213129997253418
1749235444.0129902,13.360316386749167,1.2197617292404175
1749235444.0463896,13.372767205774757,1.2296278476715088
1749235444.0797875,13.380121651645181,1.2350151538848877
1749235444.1131713,13.38287351471595,1.2394955158233643
1749235444.1465797,13.390563848250295,1.2466517686843872
1749235444.180184,13.401820219502314,1.2543424367904663
1749235444.2136009,13.407823853956378,1.2613990306854248
1749235444.246972,13.415610308459446,1.26572585105896
1749235444.2804003,13.425303490844659,1.2746564149856567
1749235444.3138118,13.428054680755302,1.2790212631225586
1749235444.34719,13.43800089444338,1.282701849937439
1749235444.3805926,13.445377235581898,1.2892992496490479
1749235444.413996,13.452795090671907,1.2962459325790405
1749235444.4473941,13.457894787565403,1.3007961511611938
1749235444.4808984,13.467973746657991,1.3060041666030884
1749235444.5143898,13.475499706491043,1.3114689588546753
1749235444.547803,13.485533994476164,1.3194729089736938
1749235444.5814276,13.490617911543719,1.3228490352630615
1749235444.6148307,13.498086523721096,1.3277724981307983
1749235444.6482716,13.50591384057949,1.3329732418060303
1749235444.6817229,13.515983703038266,1.3386621475219727
1749235444.7151132,13.52339747629503,1.3431655168533325
1749235444.748787,13.531101968959469,1.3475608825683594
1749235444.7822096,13.539061227648396,1.3523740768432617
1749235444.9146273,13.553216307644739,1.3573930263519287
1749235444.9482007,13.5556089692411,1.3580700159072876
1749235444.9820287,13.561713826251006,1.3618115186691284
1749235445.0156581,13.573214041949047,1.3655624389648438
1749235445.049081,13.576392114891206,1.3694767951965332
1749235445.082505,13.589695266015692,1.3738634586334229
1749235445.1159227,13.600049147133982,1.3776026964187622
1749235445.1493652,13.614020712537009,1.3823778629302979
1749235445.1828108,13.621056498503101,1.3866052627563477
1749235445.21622,13.63128516511534,1.3894892930984497
1749235445.2496164,13.638701397397446,1.3940280675888062
1749235445.2829854,13.65285244308857,1.3981174230575562
1749235445.3164496,13.663458170016165,1.4025702476501465
1749235445.3498497,13.674072382766296,1.4083502292633057
1749235445.3833737,13.688238316674106,1.4124958515167236
1749235445.4167683,13.698869027333014,1.4163933992385864
1749235445.4502134,13.709489563412065,1.4205121994018555
1749235445.483698,13.712674613565977,1.423195481300354
1749235445.5171006,13.72400948886441,1.426094651222229
1749235445.5506587,13.73427982550524,1.4300135374069214
1749235445.584117,13.744907711470585,1.4340132474899292
1749235445.617524,13.75554203501428,1.437787652015686
1749235445.6509292,13.75908873338748,1.440200924873352
1749235445.6843333,13.769719336758042,1.444091796875
1749235445.7177384,13.780337227811682,1.4484319686889648
1749235445.7511826,13.794522806661465,1.4515501260757446
1749235445.7845988,13.805495011206016,1.4567015171051025
1749235445.8180585,13.815423371713992,1.4588205814361572
1749235445.8516755,13.829960752777135,1.4631109237670898
1749235445.8851693,13.837034701404413,1.4671603441238403
1749235445.9185698,13.854758998037372,1.4717196226119995
1749235445.952006,13.862926287564585,1.474793553352356
1749235445.9854188,13.876038097963725,1.4783967733383179
1749235446.0188248,13.89024054496764,1.482108235359192
1749235446.0522275,13.900536268814037,1.4847445487976074
1749235446.0856366,13.911525202833728,1.4887913465499878
1749235446.1190453,13.925733262933994,1.4910894632339478
1749235446.152515,13.932461737327616,1.4942412376403809
1749235446.1865838,13.943463500697247,1.4972100257873535
1749235446.2200062,13.954102344686781,1.4998772144317627
1749235446.2533958,13.968298182518772,1.5025519132614136
1749235446.2868028,13.975397679578142,1.5051825046539307
1749235446.3203373,13.985695975556228,1.5065505504608154
1749235446.353744,13.99669360993887,1.509284257888794
1749235446.38718,14.007341485988542,1.511754035949707
1749235446.421022,14.021537096105714,1.5150073766708374
1749235446.454422,14.028641176497704,1.5162822008132935
1749235446.4878469,14.039279421702018,1.5189319849014282
1749235446.521435,14.051342390015716,1.521773338317871
1749235446.554857,14.060223856358142,1.523175597190857
1749235446.5884602,14.071233802361228,1.5249905586242676
1749235446.6222155,14.081882350079978,1.5270969867706299
1749235446.6556666,14.09218646503677,1.528450846672058
1749235446.6890688,14.103194224207195,1.53024160861969
1749235446.7224805,14.11029784434507,1.5318647623062134
1749235446.7558804,14.12449766616754,1.533760666847229
1749235446.7893362,14.134793204034587,1.535585641860962
1749235446.8243346,14.142248114402301,1.5368503332138062
1749235446.8578134,14.15290759516462,1.5381759405136108
1749235446.8913302,14.166753338301818,1.5397553443908691
1749235446.9248252,14.174214293369454,1.5409884452819824
1749235446.958268,14.181667533979462,1.542331576347351
1749235446.9918501,14.195516880397257,1.5436664819717407
1749235447.0253003,14.199068881382283,1.5445263385772705
1749235447.058687,14.216471923519178,1.5462232828140259
1749235447.0920599,14.227482700671843,1.547464370727539
1749235447.125491,14.238137931470652,1.5485646724700928
1749235447.1588902,14.244883312017315,1.5495113134384155
1749235447.192346,14.255892397329566,1.5507336854934692
1749235447.2257543,14.26796364267314,1.5523325204849243
1749235447.259186,14.277198046935842,1.5532459020614624
1749235447.2926173,14.29140592621845,1.5545648336410522
1749235447.3260171,14.302058472542836,1.5557650327682495
1749235447.3594403,14.31236013351605,1.5564252138137817
1749235447.392803,14.323015796943409,1.5572423934936523
1749235447.426209,14.333669168665457,1.5582774877548218
1749235447.4596086,14.344324117229695,1.559209942817688
1749235447.493213,14.351782749263332,1.5601097345352173
1749235447.5266674,14.365631019267004,1.561281681060791
1749235447.5629485,14.376287892699525,1.5619064569473267
1749235447.5963523,14.38374783700873,1.5624678134918213
1749235447.6297545,14.401507124355339,1.5635546445846558
1749235447.663238,14.412164678837781,1.5640017986297607
1749235447.6966367,14.42246309828537,1.5651296377182007
1749235447.7300425,14.43347618637421,1.565832257270813
1749235447.7636395,14.44377736609223,1.5666130781173706
1749235447.79707,14.454789591531508,1.5673303604125977
1749235447.8304677,14.468997044010074,1.5683966875076294
1749235447.8638735,14.47965373076656,1.5689560174942017
1749235447.897291,14.486758555571264,1.5691792964935303
1749235447.930696,14.493862898500474,1.5697228908538818
1749235447.964099,14.50806968435907,1.5704858303070068
1749235447.9974995,14.515173130663387,1.5712170600891113
1749235448.0308976,14.525473358283497,1.571627140045166
1749235448.0643997,14.536482299594677,1.5726064443588257
1749235448.0978138,14.54358820895291,1.5727041959762573
1749235448.1313226,14.557793693166742,1.5739047527313232
1749235448.1647336,14.568450983839744,1.5746060609817505
1749235448.198174,14.57557262130294,1.5742299556732178
1749235448.2315996,14.583044227626047,1.5755770206451416
1749235448.2650056,14.5969288118311,1.5754797458648682
1749235448.2984154,14.607600189012546,1.5763046741485596
1749235448.3318567,14.618264606241388,1.57710862159729
1749235448.365295,14.625370724256769,1.5772861242294312
1749235448.3987784,14.636022522206368,1.5780543088912964
1749235448.4321806,14.642779284689434,1.5789862871170044
1749235448.4655719,14.657342261164285,1.5798802375793457
1749235448.4990046,14.668008135884014,1.5802838802337646
1749235448.532475,14.679019347940233,1.580578327178955
1749235448.5659127,14.685427800671539,1.5808535814285278
1749235448.599316,14.692953692516761,1.5813120603561401
1749235448.6326761,14.699872161590669,1.581588625907898
1749235448.6661227,14.703972145206953,1.5814470052719116
1749235448.6995385,14.707657703715668,1.5820246934890747
1749235448.7329483,14.712139045817509,1.5817211866378784
1749235448.767343,14.715567930194744,1.581961750984192
1749235448.8007798,14.717743542555954,1.5830825567245483
1749235448.8341775,14.721099860102182,1.58308744430542
1749235448.8676257,14.7252938764518,1.5820949077606201
1749235448.9011195,14.729582466251415,1.5821603536605835
1749235448.9345317,14.732788201142515,1.581966519355774
1749235448.9680243,14.734923557217538,1.5819509029388428
1749235449.0014675,14.738017932672905,1.5819233655929565
1749235449.0348463,14.742297787820181,1.5813721418380737
1749235449.0682974,14.744653098031486,1.5820865631103516
1749235449.1017103,14.748793024079761,1.581187129020691
1749235449.1351106,14.75081449467872,1.5805424451828003
1749235449.1685476,14.755098890116287,1.5806007385253906
1749235449.201958,14.758422284924762,1.5796663761138916
1749235449.2354019,14.761533895005586,1.5801191329956055
1749235449.268867,14.764848693577038,1.578987717628479
1749235449.3022652,14.7681480165956,1.5789341926574707
1749235449.335678,14.769451459883847,1.5791431665420532
1749235449.3690858,14.774304426752883,1.5789090394973755
1749235449.4025016,14.776758446826141,1.5789326429367065
1749235449.4368553,14.782121939260367,1.5778112411499023
1749235449.471856,14.78736455780551,1.5775701999664307
1749235449.5052695,14.78978608834154,1.5772199630737305
1749235449.5388725,14.79243092453582,1.575964331626892
1749235449.5724068,14.797319870660184,1.575541377067566
1749235449.6058342,14.801105404005215,1.573671579360962
1749235449.6393073,14.803542847951723,1.5725085735321045
1749235449.6727147,14.807195692734311,1.5728873014450073
1749235449.7061546,14.811810515375385,1.5720847845077515
1749235449.739557,14.81538035527459,1.5709035396575928
1749235449.7729948,14.817550034606064,1.5711032152175903
1749235449.8063977,14.8220534064733,1.5711418390274048
1749235449.8398027,14.825353551683136,1.5696343183517456
1749235449.8732126,14.827904224941802,1.5699251890182495
1749235449.906623,14.831972846380797,1.5684458017349243
1749235449.940047,14.835243385608004,1.568908929824829
1749235449.9734433,14.839566788655574,1.5681366920471191
1749235450.0068915,14.841631912566454,1.5674675703048706
1749235450.0403533,14.843714608685659,1.5671145915985107
1749235450.0737581,14.846692291013666,1.5654995441436768
1749235450.107168,14.850984625465298,1.5655782222747803
1749235450.1405644,14.85390090385169,1.564084529876709
1749235450.1739643,14.856864398114721,1.564335823059082
1749235450.207399,14.858750221744968,1.563976764678955
1749235450.240806,14.861508533335146,1.5628281831741333
1749235450.274246,14.863378911635756,1.5627325773239136
1749235450.307722,14.867046489607484,1.5619274377822876
1749235450.3411996,14.86977307179101,1.5605210065841675
1749235450.375044,14.872423720495823,1.5606929063796997
1749235450.4084427,14.87516175099728,1.5590322017669678
1749235450.4418888,14.877772703668542,1.5587762594223022
1749235450.4753299,14.87944858542913,1.5581369400024414
1749235450.508791,14.882009351904019,1.5581690073013306
1749235450.5421932,14.885004337391697,1.5568547248840332
1749235450.5756466,14.88743410445684,1.5573278665542603
1749235450.6092622,14.89045390969605,1.5557012557983398
1749235450.642934,14.892630406173184,1.5553820133209229
1749235450.676336,14.894873270694582,1.5556763410568237
1749235450.7097247,14.896394580802562,1.5551263093948364
1749235450.7437224,14.89853448998198,1.554071307182312
1749235450.7771275,14.899966944331934,1.5539178848266602
1749235450.8105342,14.902019439683244,1.55350923538208
1749235450.8439662,14.905549027571915,1.5524452924728394
1749235450.8773782,14.907641883724375,1.5525718927383423
1749235450.910761,14.909567253451305,1.551044225692749
1749235450.9441702,14.911536324188013,1.5521798133850098
1749235450.9777534,14.913294359470743,1.550263524055481
1749235451.0112243,14.915184853478104,1.5509381294250488
1749235451.0446296,14.91719345695732,1.5498992204666138
1749235451.0782645,14.919131506917338,1.549660563468933
1749235451.1115055,14.921035155337572,1.5496153831481934
1749235451.1450355,14.92280659227323,1.5486801862716675
1749235451.1784666,14.924615531073497,1.548261046409607
1749235451.2118921,14.926464085688751,1.54856538772583
1749235451.2453084,14.928750700966615,1.5481973886489868
1749235451.2787642,14.930446028732662,1.547645092010498
1749235451.3122337,14.931554966690392,1.548133134841919
1749235451.3458862,14.933766911044517,1.5474497079849243
1749235451.3792906,14.935400742068065,1.547564148902893
1749235451.4126973,14.937020951244143,1.5470174551010132
1749235451.44617,14.938078701636723,1.547948956489563
1749235451.4795802,14.939648261766656,1.5480130910873413
1749235451.5131993,14.941660045485309,1.5480482578277588
1749235451.5465996,14.943134349645108,1.5477286577224731
1749235451.5799978,14.94459670351651,1.5483101606369019
1749235451.613396,14.945985775769476,1.5477886199951172
1749235451.6467648,14.947417050905553,1.5482487678527832
1749235451.680234,14.948867206306296,1.5479825735092163
1749235451.713629,14.95023996461503,1.5480294227600098
1749235451.747058,14.951545551109724,1.548109769821167
1749235451.780473,14.952474358166246,1.5482350587844849
1749235451.81388,14.954220736552562,1.5481008291244507
1749235451.8473103,14.955493638887996,1.5486334562301636
1749235451.8807275,14.956791186509452,1.547935962677002
1749235451.9141212,14.957682174547799,1.548884630203247
1749235451.9475274,14.959306414856346,1.5485568046569824
1749235451.9809303,14.960550999876176,1.5488829612731934
1749235452.0143397,14.96169117776107,1.5487523078918457
1749235452.0477858,14.962886472066918,1.5487991571426392
1749235452.081186,14.963269527799788,1.5487474203109741
1749235452.1146905,14.965137271304089,1.5487701892852783
1749235452.1481516,14.96587749165545,1.5487231016159058
1749235452.181567,14.966595548699914,1.548619270324707
1749235452.2149658,14.967998432869557,1.548854112625122
1749235452.2483766,14.968708403195286,1.5486435890197754
1749235452.2817779,14.970140562949593,1.5487887859344482
1749235452.3151863,14.971134312954023,1.5487353801727295
1749235452.348592,14.972171680790174,1.5488921403884888
1749235452.3819954,14.973166315729019,1.5490261316299438
1749235452.4154434,14.97381228379823,1.5489341020584106
1749235452.4489336,14.97509501296948,1.5489137172698975
1749235452.482352,14.976010394456532,1.5490113496780396
1749235452.5157692,14.977292252049294,1.5490504503250122
1749235452.549175,14.977894175035587,1.5490682125091553
1749235452.5825832,14.979095989811883,1.5490808486938477
1749235452.6159859,14.980263965172155,1.549101710319519
1749235452.6494453,14.981125323707833,1.5491044521331787
1749235452.6829233,14.981968515014454,1.5491236448287964
1749235452.7162843,14.983046846164019,1.549133539199829
1749235452.7540622,14.983888151084825,1.549146294593811
1749235452.7875335,14.984449002762869,1.5491602420806885
1749235452.8209796,14.985448165783342,1.5491708517074585
1749235452.8543816,14.985733838260238,1.5491763353347778
1749235452.8877945,14.986646678685725,1.549189567565918
1749235452.9212322,14.987033945066653,1.5491935014724731
1749235452.9548547,14.987226143663946,1.549194574356079
1749235452.988276,14.9873353684469,1.549195647239685
1749235453.0216525,14.987391177181395,1.5491957664489746
1749235453.0551853,14.98742744352678,1.5491925477981567
1749235453.0886357,14.987437464630043,1.5491931438446045
1749235453.1220965,14.987448441002908,1.5491931438446045
1749235453.155543,14.987453471020444,1.5491927862167358
1749235453.1890457,14.987456530636683,1.5491923093795776
1749235453.2224498,14.987458079148515,1.5491917133331299
1749235453.2558537,14.987460526974756,1.5491920709609985
1749235453.289275,14.987461991097378,1.5491913557052612
1749235453.323382,14.987463732902203,1.5491931438446045
1749235453.356792,14.987465325027989,1.5491894483566284
1749235453.3907182,14.987466211031188,1.5491901636123657
1749235453.424323,14.987467197011076,1.5491887331008911
1749235453.4577298,14.987469010294484,1.5491907596588135
1749235453.4912353,14.987470886990746,1.5491876602172852
1749235453.5246458,14.987472403100888,1.5491873025894165
1749235453.5580654,14.987473863160698,1.5491877794265747
1749235453.5914829,14.987475079702664,1.5491876602172852
1749235453.6249242,14.987476704779704,1.5491849184036255
1749235453.6583314,14.987478184434048,1.549185037612915
1749235453.691738,14.987479575941757,1.549184799194336
1749235453.7251554,14.987480022370862,1.5491844415664673
1749235453.7585433,14.987481862216768,1.5491833686828613
1749235453.7919507,14.987483671940257,1.5491834878921509
1749235453.8253949,14.987484649971869,1.5491834878921509
1749235453.8588374,14.987486525902522,1.5491832494735718
1749235453.8924377,14.98748731444379,1.5491803884506226
1749235453.9259305,14.987488838546934,1.5491811037063599
1749235453.9593124,14.987490365643,1.5491811037063599
1749235453.9927142,14.98749140803259,1.5491807460784912
1749235454.0268254,14.987492790672238,1.549180269241333
1749235454.0603611,14.987494626818036,1.5491794347763062
1749235454.0937865,14.987496061264256,1.5491795539855957
1749235454.1276572,14.987497465557732,1.5491788387298584
1749235454.161199,14.987499024433761,1.5491797924041748
1749235454.1946056,14.98750025337651,1.549176812171936
1749235454.2280242,14.98750131996929,1.549176812171936
1749235454.2614646,14.987503177033595,1.5491759777069092
1749235454.2949011,14.987504946762847,1.5491760969161987
1749235454.3283372,14.987505967117823,1.5491752624511719
1749235454.3617625,14.987507519232564,1.5491751432418823
1749235454.395372,14.987508553669425,1.5491760969161987
1749235454.4288144,14.987509998456842,1.54917573928833
1749235454.4622114,14.987511454694745,1.5491725206375122
1749235454.4956162,14.98751277624159,1.5491729974746704
1749235454.5290325,14.987513302311728,1.5491727590560913
1749235454.5624733,14.987514911151981,1.549172282218933
1749235454.5959256,14.987517754610163,1.549172043800354
1749235454.6293414,14.987519443684853,1.5491714477539062
1749235454.6628053,14.987520875661698,1.5491713285446167
1749235454.6963522,14.987522512226153,1.5491704940795898
1749235454.7297554,14.987524105580228,1.549168348312378
1749235454.7633712,14.987524909527519,1.5491690635681152
1749235454.7967827,14.987526938366614,1.5491688251495361
1749235454.830146,14.987527366332564,1.5491682291030884
1749235454.8635476,14.987529406465791,1.5491702556610107
1749235454.8969579,14.987530660639303,1.5491671562194824
1749235454.930382,14.987532615283694,1.5491669178009033
1749235454.963873,14.987533740531749,1.5491671562194824
1749235454.9973414,14.98753478170866,1.5491671562194824
1749235455.030824,14.987536337304517,1.5491646528244019
1749235455.0642278,14.987537589779725,1.5491650104522705
1749235455.0976276,14.987539108692644,1.549164056777954
1749235455.130997,14.987541562291936,1.5491634607315063
1749235455.1646574,14.987543423833882,1.549163579940796
1749235455.1980543,14.987544399881374,1.5491628646850586
1749235455.2315326,14.987545373283202,1.5491629838943481
1749235455.2649748,14.9875470814868,1.5491617918014526
1749235455.298374,14.987548353154027,1.5491609573364258
1749235455.3317811,14.987549817823421,1.5491609573364258
1749235455.3651845,14.987551340844012,1.5491598844528198
1749235455.3986123,14.987552717133054,1.5491621494293213
1749235455.4320114,14.987554200677046,1.5491594076156616
1749235455.4654164,14.987555455958752,1.5491584539413452
1749235455.4989822,14.98755725362011,1.5491598844528198
1749235455.532424,14.987558622231374,1.5491598844528198
1749235455.565822,14.987560397276315,1.549155831336975
1749235455.5992029,14.98756086583893,1.5491563081741333
1749235455.6327434,14.987563265401551,1.5491563081741333
1749235455.6661491,14.987563770258587,1.549156665802002
1749235455.6996574,14.987566526009442,1.5491547584533691
1749235455.733088,14.987566820711013,1.5491546392440796
1749235455.766538,14.987568181501274,1.54915452003479
1749235455.80007,14.987569664368124,1.5491547584533691
1749235455.8334963,14.987571225149848,1.5491516590118408
1749235455.8669655,14.987572505783797,1.5491522550582886
1749235455.9003828,14.987926917954796,1.5484646558761597
1749235455.9337823,14.99213847593377,1.5506839752197266
1749235455.9671853,14.997307839745053,1.554539680480957
1749235456.0007524,15.003629130003834,1.557625651359558
1749235456.0341542,15.0104922123169,1.5624356269836426
1749235456.0675635,15.017688670686008,1.5678086280822754
1749235456.1009693,15.025014226306762,1.5741688013076782
1749235456.1343746,15.032622646965354,1.5784764289855957
1749235456.1679058,15.040065863095105,1.5849449634552002
1749235456.2013223,15.044836272707643,1.5887072086334229
1749235456.2347023,15.055208204787217,1.5961886644363403
1749235456.2681081,15.062820254671637,1.601503610610962
1749235456.3015342,15.07043621792427,1.6068835258483887
1749235456.3349447,15.078063176197775,1.6121199131011963
1749235456.3683038,15.085633699015117,1.6178650856018066
1749235456.401709,15.09088265136669,1.6225697994232178
1749235456.4358106,15.097978024287892,1.6278139352798462
1749235456.4696355,15.108175090189015,1.6340277194976807
1749235456.5030367,15.115734242614739,1.639822244644165
1749235456.5364823,15.120994933679091,1.646370768547058
1749235456.5699492,15.131147403089914,1.6515687704086304
1749235456.6034002,15.133674798865425,1.6556042432785034
1749235456.6374726,15.146066388601682,1.662712812423706
1749235456.670924,15.153924117880106,1.668241024017334
1749235456.7043576,15.158973604110745,1.6720552444458008
1749235456.7384,15.169096060659635,1.6794742345809937
1749235456.7719116,15.174152870821905,1.683264136314392
1749235456.8053455,15.181744869990235,1.690592646598816
1749235456.8388462,15.19187085632786,1.696412444114685
1749235456.8723335,15.201743291724778,1.7037498950958252
1749235456.9057722,15.209591404176654,1.7095683813095093
1749235456.9392498,15.21718595143112,1.7152175903320312
1749235456.9726696,15.22478148750737,1.7208553552627563
1749235457.0060697,15.23212357147871,1.7263003587722778
1749235457.0395956,15.239718849956661,1.7319434881210327
1749235457.0730433,15.247820593487003,1.7379555702209473
1749235457.1068227,15.254909561343563,1.743220567703247
1749235457.1402328,15.262505025227682,1.748859167098999
1749235457.173642,15.272885845972848,1.7565675973892212
1749235457.207212,15.277949718087125,1.7622082233428955
1749235457.2406878,15.288076392428462,1.767842411994934
1749235457.2740924,15.290602165338012,1.7717268466949463
1749235457.3075159,15.30327586010003,1.77877676486969
1749235457.3409371,15.310580537272362,1.7845430374145508
1749235457.3743408,15.318429937153832,1.790155053138733
1749235457.4077406,15.323460288481352,1.7958357334136963
1749235457.4411583,15.333658710073523,1.8003506660461426
1749235457.4745681,15.338680431756819,1.80652916431427
1749235457.5079768,15.346551222677869,1.8117810487747192
1749235457.5453918,15.356178059713413,1.81699800491333
1749235457.5787902,15.36678708628281,1.8250865936279297
1749235457.6121984,15.374075829495748,1.8311092853546143
1749235457.645609,15.381684768691988,1.8363566398620605
1749235457.6793027,15.389243745637511,1.8421597480773926
1749235457.7128253,15.396569456135275,1.8475394248962402
1749235457.746305,15.40183607180009,1.8539354801177979
1749235457.7797337,15.409416693962582,1.859394907951355
1749235457.8131456,15.417222906328073,1.8651996850967407
1749235457.846509,15.424530378394044,1.870743751525879
1749235457.8799152,15.43209764752253,1.8766604661941528
1749235457.9133377,15.439658445912746,1.8823636770248413
1749235457.9467065,15.449779930288683,1.8874766826629639
1749235457.9801092,15.457330878606202,1.8933045864105225
1749235458.013487,15.464905877977756,1.898932695388794
1749235458.0469391,15.472475771589888,1.9067636728286743
1749235458.0803487,15.48257562851141,1.913898229598999
1749235458.1137562,15.492487195973904,1.9186774492263794
1749235458.1471324,15.50029588697944,1.9247182607650757
1749235458.1806543,15.506375566562687,1.9303162097930908
1749235458.214251,15.515722110757592,1.9360392093658447
1749235458.247715,15.520526544375095,1.9415075778961182
1749235458.2811196,15.532960046059092,1.9484361410140991
1749235458.3145654,15.538027711216474,1.9541770219802856
1749235458.3479803,15.548416927303398,1.9597810506820679
1749235458.3814034,15.556023946863625,1.96537446975708
1749235458.4148474,15.563635225310328,1.970871925354004
1749235458.4482543,15.568667633261455,1.9768067598342896
1749235458.4816463,15.579074681973943,1.9821451902389526
1749235458.5150452,15.58361587440334,1.9856022596359253
1749235458.548447,15.591458777352601,1.9932652711868286
1749235458.5818546,15.601337370058479,1.9986203908920288
1749235458.6152558,15.608950389233632,2.0037758350372314
1749235458.6487443,15.616691950242428,2.0106990337371826
1749235458.6821477,15.624373956788421,2.0166802406311035
1749235458.7155812,15.63199357319912,2.0202465057373047
1749235458.7490344,15.637045120092248,2.027622699737549
1749235458.7824352,15.644639006104256,2.0315592288970947
1749235458.8158462,15.654896597678007,2.0356149673461914
1749235458.8492546,15.662476315447865,2.0413029193878174
1749235458.882663,15.672398248856869,2.048262119293213
1749235458.9160624,15.680010342898036,2.0539133548736572
1749235458.9495747,15.685320955925286,2.059800148010254
1749235458.9830008,15.692981107509917,2.065103530883789
1749235459.0164099,15.70059922232035,2.070509433746338
1749235459.050005,15.710862637671484,2.0750064849853516
1749235459.083425,15.71876117406268,2.0805153846740723
1749235459.116831,15.726137678177999,2.085862398147583
1749235459.150694,15.73369027981905,2.092344045639038
1749235459.1870375,15.73883149184334,2.096837282180786
1749235459.2205527,15.751461201022622,2.1052448749542236
1749235459.2539377,15.758859939280283,2.1101491451263428
1749235459.2873442,15.76670496891995,2.1160783767700195
1749235459.3208344,15.774319219912872,2.121361494064331
1749235459.3548667,15.781877890280242,2.127373456954956
1749235459.3882763,15.789513429252118,2.1322109699249268
1749235459.4216948,15.799464063302816,2.1413674354553223
1749235459.4550955,15.806892445417853,2.1456797122955322
1749235459.4884965,15.81486147401074,2.1529598236083984
1749235459.5221634,15.822116733535337,2.159468173980713
1749235459.5555649,15.82698583252595,2.162137031555176
1749235459.588981,15.837025040055678,2.1707546710968018
1749235459.6224182,15.845503971070698,2.1808457374572754
1749235459.6559744,15.854251730391471,2.185166120529175
1749235459.6893842,15.859311572136017,2.192619800567627
1749235459.7227979,15.871244987942008,2.199800491333008
1749235459.7562935,15.878654700040988,2.20646333694458
1749235459.7897165,15.886121625168254,2.2127740383148193
1749235459.8231757,15.89348788415399,2.2203896045684814
1749235459.8565865,15.898677415541338,2.228120803833008
1749235459.8900812,15.906066088275221,2.2310657501220703
1749235459.9235032,15.913340848767273,2.2419328689575195
1749235459.9575696,15.92319340647235,2.2501537799835205
1749235459.9909763,15.933239020813655,2.2583553791046143
1749235460.024399,15.940648454827773,2.265718936920166
1749235460.057993,15.950484310551134,2.2764828205108643
1749235460.0914476,15.95299753480619,2.2811408042907715
1749235460.1248522,15.96269603173569,2.2908222675323486
1749235460.1582546,15.967833855697124,2.2963552474975586
1749235460.191654,15.977528646998781,2.3048362731933594
1749235460.2282767,15.982372304295096,2.3133528232574463
1749235460.2616842,15.994529074328755,2.322713851928711
1749235460.2951393,15.999758513628745,2.33060622215271
1749235460.328496,16.007320002135717,2.3391666412353516
1749235460.3619764,16.014574004937437,2.3488292694091797
1749235460.3954244,16.026797172949678,2.3587119579315186
1749235460.4288392,16.034315158645335,2.3657734394073486
1749235460.4622548,16.041683233527262,2.3740828037261963
1749235460.4956615,16.049105108614274,2.382269859313965
1749235460.5290844,16.05660357997065,2.3895862102508545
1749235460.5625021,16.061507882678473,2.395291566848755
1749235460.5959554,16.06878920960813,2.404991388320923
1749235460.629409,16.07632864518499,2.41317081451416
1749235460.6628478,16.086107865666293,2.4191482067108154
1749235460.6962764,16.093665576790777,2.4273335933685303
1749235460.7297163,16.10098069038422,2.4356064796447754
1749235460.7631388,16.108103171264062,2.443727731704712
1749235460.7965055,16.11587366877189,2.4510281085968018
1749235460.8298833,16.123321593913918,2.4584147930145264
1749235460.863627,16.130929914618793,2.46685528755188
1749235460.8970952,16.1380434231261,2.475208044052124
1749235460.9305072,16.145755499664748,2.4799563884735107
1749235460.9639297,16.15534078126268,2.490384578704834
1749235460.9973364,16.162429063857463,2.5002408027648926
1749235461.0307045,16.170004488194536,2.5066092014312744
1749235461.0641305,16.174864242997103,2.514842987060547
1749235461.0975604,16.181954577198336,2.524163007736206
1749235461.1309688,16.194007212388126,2.5346310138702393
1749235461.164411,16.201534995638166,2.5409460067749023
1749235461.1978402,16.208927889232427,2.550638198852539
1749235461.2317154,16.21637472006443,2.558588743209839
1749235461.2651265,16.21889274711385,2.563508987426758
1749235461.2985315,16.22857863814211,2.574047327041626
1749235461.3318834,16.238427514784348,2.5822503566741943
1749235461.365316,16.24613382922606,2.590446949005127
1749235461.398735,16.253507001203133,2.5992560386657715
1749235461.4321437,16.260815520560143,2.606071710586548
1749235461.4655504,16.268477037581146,2.614367961883545
1749235461.4989822,16.273402153094796,2.622804880142212
1749235461.532397,16.285714691734118,2.6344118118286133
1749235461.5687432,16.29047343848866,2.6420719623565674
1749235461.6032598,16.298513866212996,2.6500048637390137
1749235461.6367025,16.308400880620532,2.6579971313476562
1749235461.6701458,16.315611144308,2.6656126976013184
1749235461.7035794,16.32053489928064,2.674260377883911
1749235461.736997,16.330534015482904,2.681347608566284
1749235461.7703507,16.34046466524585,2.691807985305786
1749235461.803979,16.347944583344525,2.699176549911499
1749235461.8373773,16.35533724253381,2.7073864936828613
1749235461.8708944,16.362808826313838,2.714972972869873
1749235461.9047124,16.370326168978213,2.722270965576172
1749235461.9386194,16.37541341979763,2.728682041168213
1749235461.9721274,16.38518447237487,2.7365810871124268
1749235462.00556,16.38993748218921,2.745657205581665
1749235462.0391085,16.40233988829598,2.7528162002563477
1749235462.0725331,16.40980761859852,2.7600748538970947
1749235462.105935,16.417643787773454,2.7683091163635254
1749235462.1393404,16.424830989556988,2.775350332260132
1749235462.1727443,16.435003663011635,2.7826919555664062
1749235462.2061503,16.442555705524175,2.7888729572296143
1749235462.2395768,16.447314962315538,2.7951853275299072
1749235462.2729673,16.454794150231923,2.799931287765503
1749235462.3063781,16.462425412387915,2.8051626682281494
1749235462.3400135,16.47233712199645,2.8141696453094482
1749235462.3734188,16.477540501591488,2.821059226989746
1749235462.406804,16.48514358814218,2.825956344604492
1749235462.4403093,16.497459921283554,2.833162307739258
1749235462.4737234,16.50517313472361,2.839944362640381
1749235462.5070739,16.512802009160126,2.8447113037109375
1749235462.5404952,16.520441387477085,2.848268747329712
1749235462.573955,16.527870799811645,2.854300022125244
1749235462.6073523,16.532805098143356,2.860649824142456
1749235462.6408103,16.540417827773663,2.863909959793091
1749235462.6742318,16.550290621211023,2.869824171066284
1749235462.7076952,16.557828835842997,2.8759326934814453
1749235462.7410915,16.56583355320186,2.880460262298584
1749235462.7744997,16.573621725565083,2.8854596614837646
1749235462.8079107,16.581221494272874,2.891216993331909
1749235462.841809,16.591514259469097,2.896070957183838
1749235462.8751843,16.599114660491082,2.8992435932159424
1749235462.9086528,16.609711097125984,2.9062817096710205
1749235462.9420655,16.615198242515735,2.910750150680542
1749235462.976182,16.625519782251867,2.9141948223114014
1749235463.0095904,16.63424807408964,2.91854190826416
1749235463.0430055,16.641697799642202,2.921243906021118
1749235463.0764053,16.6494119145329,2.9240942001342773
1749235463.1098166,16.657371844617664,2.927464723587036
1749235463.1434543,16.66535492479425,2.9303700923919678
1749235463.1769073,16.673039236038676,2.933821439743042
1749235463.2103088,16.681010571264366,2.937042474746704
1749235463.2437255,16.689242063655286,2.940439224243164
1749235463.2771447,16.69428695164628,2.943723440170288
1749235463.3107822,16.705183686015452,2.946821928024292
1749235463.344259,16.713146908153643,2.9500880241394043
1749235463.3776724,16.718712885631614,2.9535655975341797
1749235463.4110746,16.729077902288644,2.9565978050231934
1749235463.444484,16.736782646888447,2.959571599960327
1749235463.477907,16.744746729159946,2.96280574798584
1749235463.5113041,16.752976983388145,2.966156244277954
1749235463.5447066,16.760945299760067,2.9693100452423096
1749235463.5781066,16.77156471789408,2.9736058712005615
1749235463.6115093,16.776886768318608,2.9753823280334473
1749235463.644913,16.784836685037313,2.9788732528686523
1749235463.6828127,16.79015045382329,2.9819109439849854
1749235463.7162566,16.798128239615902,2.983736276626587
1749235463.7496686,16.806090820853147,2.9868271350860596
1749235463.7830746,16.813785692053635,2.989945888519287
1749235463.8164883,16.82175633231485,2.992921829223633
1749235463.8498898,16.829739775335806,2.9954726696014404
1749235463.883294,16.83796832263716,2.998647928237915
1749235463.9167643,16.84328044326177,3.0016298294067383
1749235463.9501739,16.8509727419338,3.003775119781494
1749235463.9836864,16.859230293874496,3.0061800479888916
1749235464.017092,16.86720858507471,3.008678913116455
1749235464.0505266,16.872786345995664,3.011706590652466
1749235464.08393,16.8831497927178,3.0141334533691406
1749235464.1173542,16.89087997016695,3.0158050060272217
1749235464.1507988,16.89908830294999,3.019134521484375
1749235464.1842031,16.909735644108697,3.0221610069274902
1749235464.2176154,16.91508636325974,3.0232138633728027
1749235464.251072,16.925728202547376,3.0269787311553955
1749235464.284499,16.9310616059541,3.0287868976593018
1749235464.3178601,16.936145198018213,3.030731678009033
1749235464.351324,16.944659703760454,3.0337696075439453
1749235464.384743,16.95226116356607,3.036389112472534
1749235464.4181287,16.956094472180133,3.0373504161834717
1749235464.451539,16.96250755852632,3.0379445552825928
1749235464.484944,16.96641017267766,3.039569854736328
1749235464.5183506,16.969987811036063,3.0403172969818115
1749235464.5517676,16.973485743892997,3.0410056114196777
1749235464.5852091,16.976666618566444,3.041994094848633
1749235464.618661,16.9799198253393,3.043046236038208
1749235464.652096,16.983162911872135,3.043623208999634
1749235464.6895483,16.98625869791801,3.0449883937835693
1749235464.722963,16.989545268155222,3.046126365661621
1749235464.7570677,16.99263770765587,3.045682191848755
1749235464.79055,16.994872601703353,3.0460801124572754
1749235464.8239803,16.999033679830646,3.0464987754821777
1749235464.8574178,17.00232886414592,3.047579765319824
1749235464.8908198,17.005416416885915,3.0474982261657715
1749235464.9242282,17.00755085138246,3.047332763671875
1749235464.9576368,17.010947839388738,3.0485551357269287
1749235464.9910448,17.015004757672415,3.047863245010376
1749235465.0283284,17.01725233555272,3.048729419708252
1749235465.0618584,17.020494575573107,3.048489809036255
1749235465.0953057,17.023715864740666,3.048577308654785
1749235465.1287434,17.026937620728862,3.0490505695343018
1749235465.1621962,17.02920558398372,3.048372745513916
1749235465.1956267,17.03523629319225,3.048426389694214
1749235465.229078,17.038941967913146,3.0474045276641846
1749235465.2624564,17.04269959878984,3.048295736312866
1749235465.2958574,17.046455491263444,3.0470798015594482
1749235465.3294427,17.04893873223536,3.0479042530059814
1749235465.3630931,17.053768027592906,3.0475804805755615
1749235465.3967807,17.056109447264227,3.0458669662475586
1749235465.430182,17.058491899588528,3.045574903488159
1749235465.4636326,17.06306946077481,3.045257568359375
1749235465.497035,17.06635195651248,3.0435028076171875
1749235465.530473,17.069524126657402,3.043442964553833
1749235465.5638776,17.072693615901215,3.0420775413513184
1749235465.5972903,17.07496284925085,3.0419652462005615
1749235465.630813,17.079224468644345,3.0398294925689697
1749235465.6642156,17.082363177245792,3.039066791534424
1749235465.6976228,17.08431485277087,3.0395257472991943
1749235465.7356093,17.08832740798812,3.0392255783081055
1749235465.7692115,17.092314021270386,3.0376269817352295
1749235465.8027072,17.09414975726885,3.0376861095428467
1749235465.836117,17.097109025701286,3.036985397338867
1749235465.8696089,17.1000059947386,3.037494421005249
1749235465.9032536,17.102847112448362,3.0362701416015625
1749235465.9367042,17.104695710483153,3.0357778072357178
1749235465.9701524,17.10750380254522,3.0355477333068848
1749235466.0037346,17.110055451480658,3.0345585346221924
1749235466.037152,17.11179285688287,3.033836603164673
1749235466.0710344,17.11351913949797,3.034580945968628
1749235466.1044505,17.116914525756126,3.033569574356079
1749235466.1378567,17.12025298497624,3.0328118801116943
1749235466.171295,17.122723656078357,3.0331482887268066
1749235466.2050343,17.12423981778473,3.0318894386291504
1749235466.2384763,17.12748914245426,3.0315401554107666
1749235466.2718759,17.129845213279076,3.031745672225952
1749235466.3052647,17.13134053731707,3.031369686126709
1749235466.3387291,17.133528187109093,3.030238151550293
1749235466.3722973,17.13507569858807,3.030848741531372
1749235466.4058619,17.13792911203462,3.0301318168640137
1749235466.4392817,17.140094473137417,3.0301785469055176
1749235466.4728656,17.14151830075872,3.0297932624816895
1749235466.5062716,17.143615842451613,3.0291409492492676
1749235466.5398736,17.145672053617005,3.0295403003692627
1749235466.573273,17.147644179677663,3.029473066329956
1749235466.6066744,17.14961094069616,3.0313351154327393
1749235466.6400728,17.15228274051349,3.0304958820343018
1749235466.6734736,17.15354763876823,3.0302977561950684
1749235466.706892,17.15537040272351,3.0315868854522705
1749235466.740499,17.157303133514056,3.030975580215454
1749235466.7739139,17.157937783237767,3.031632900238037
1749235466.807318,17.16030876888578,3.031980276107788
1749235466.8409598,17.16266139768662,3.0308127403259277
1749235466.874403,17.16323613346507,3.0320117473602295
1749235466.9078057,17.165633810025618,3.0307023525238037
1749235466.9416506,17.1681109583244,3.031571626663208
1749235466.97505,17.169310335763726,3.030857801437378
1749235467.0092356,17.171106691967136,3.0314674377441406
1749235467.0427833,17.17290633353086,3.030569314956665
1749235467.0762494,17.1747104594166,3.031489372253418
1749235467.1096973,17.176497243467644,3.0308704376220703
1749235467.143098,17.177648295633293,3.0316526889801025
1749235467.1764967,17.179410335705022,3.0310521125793457
1749235467.2098935,17.181130653765216,3.0320990085601807
1749235467.2434402,17.182312171264375,3.0313310623168945
1749235467.2769175,17.184927686137282,3.031937837600708
1749235467.3103292,17.186416181997817,3.0320475101470947
1749235467.3437278,17.187803151554686,3.032714366912842
1749235467.3771408,17.188710057422504,3.031982660293579
1749235467.4105806,17.189166947338222,3.031809091567993
1749235467.4439816,17.19098714846251,3.031493902206421
1749235467.4774199,17.192748396955626,3.0318796634674072
1749235467.511053,17.19406534661951,3.0315914154052734
1749235467.5445185,17.195427630562666,3.031985282897949
1749235467.5779397,17.196284738872283,3.0317370891571045
1749235467.611367,17.197565733124353,3.0312793254852295
1749235467.6449058,17.199267105519997,3.0311827659606934
1749235467.6783104,17.200510894477784,3.031130075454712
1749235467.7116885,17.201701127899568,3.031712532043457
1749235467.7451482,17.202537511634155,3.0315732955932617
1749235467.7785544,17.20409881066921,3.0317113399505615
1749235467.812299,17.20519516878853,3.031822443008423
1749235467.845702,17.206135701511734,3.031951904296875
1749235467.879106,17.20745947180775,3.031435012817383
1749235467.9125013,17.208193856060685,3.031475782394409
1749235467.9459057,17.209649955068116,3.03084135055542
1749235467.979363,17.21044214006303,3.0306525230407715
1749235468.0131338,17.211895375383413,3.0312111377716064
1749235468.0465727,17.213000857274707,3.0304148197174072
1749235468.0800195,17.21410054527473,3.030916452407837
1749235468.113418,17.2151755274341,3.03041672706604
1749235468.1468308,17.215790106218908,3.0308992862701416
1749235468.1803803,17.217071403577883,3.031034231185913
1749235468.214143,17.217997773385726,3.030496835708618
1749235468.247978,17.21892395037196,3.0303404331207275
1749235468.281368,17.219761666726626,3.0307798385620117
1749235468.3147829,17.22060092184927,3.0298805236816406
1749235468.3482625,17.221184921736963,3.030064582824707
1749235468.3826942,17.22201505137082,3.0303728580474854
1749235468.4161422,17.222883216468034,3.0297343730926514
1749235468.449534,17.223926279990813,3.030424118041992
1749235468.4829538,17.224669180297482,3.029884099960327
1749235468.5165703,17.225399494481124,3.030524969100952
1749235468.5500188,17.226611681860803,3.029968738555908
1749235468.583482,17.227533662196837,3.030219554901123
1749235468.616894,17.228224547059945,3.0301573276519775
1749235468.650297,17.228628964956528,3.0301883220672607
1749235468.683711,17.228851715546007,3.0302000045776367
1749235468.717231,17.228974346619292,3.030197858810425
1749235468.7506466,17.229019770038356,3.030195713043213
1749235468.7840695,17.229061261186526,3.0301990509033203
1749235468.8174744,17.22907770400648,3.030197858810425
1749235468.8509157,17.229093438434276,3.0301973819732666
1749235468.8844836,17.229103756378873,3.030198574066162
1749235468.9181018,17.229109597121344,3.0301992893218994
1749235468.9515243,17.229111628991294,3.030198812484741
1749235468.9849322,17.22911484063711,3.0301966667175293
1749235469.0183358,17.22911710119823,3.030193567276001
1749235469.051751,17.229119028855965,3.03019642829895
1749235469.0851674,17.229120598842858,3.0301949977874756
1749235469.118594,17.22912166741632,3.03019380569458
1749235469.1521761,17.229123822670356,3.0301930904388428
1749235469.1855853,17.229124654340634,3.0301945209503174
1749235469.2190633,17.229127360867775,3.030194044113159
1749235469.2524698,17.229128785557652,3.0301947593688965
1749235469.2858887,17.229131227916,3.0301942825317383
1749235469.3192878,17.229133069245457,3.030193328857422
1749235469.352711,17.22913545419314,3.030191659927368
1749235469.386123,17.229136878542622,3.0301928520202637
1749235469.4195354,17.22913832184016,3.0301923751831055
1749235469.4529374,17.229139945287752,3.0301921367645264
1749235469.486687,17.229141799840964,3.03019118309021
1749235469.5200922,17.229143412127858,3.030191421508789
1749235469.5535066,17.229144842639332,3.030191421508789
1749235469.5869198,17.229146496583596,3.030190944671631
1749235469.6203153,17.229147965526824,3.0301897525787354
1749235469.6538432,17.2291494072317,3.0301902294158936
1749235469.6872475,17.22915096743402,3.0301899909973145
1749235469.7206604,17.229151962137003,3.03018856048584
1749235469.7541056,17.229153497301674,3.030189275741577
1749235469.7875154,17.22915496359122,3.030189037322998
1749235469.8209302,17.229157185450727,3.030188798904419
1749235469.8543293,17.229158460459075,3.0301883220672607
1749235469.887747,17.229160095904668,3.0301873683929443
1749235469.9211783,17.229161526416142,3.0301873683929443
1749235469.954596,17.229163950428564,3.0301873683929443
1749235469.988007,17.229165426409615,3.030186653137207
1749235470.0214405,17.229166885317316,3.030186414718628
1749235470.0548532,17.2291685838327,3.0301854610443115
1749235470.0882864,17.229170014344174,3.0301856994628906
1749235470.1216903,17.229171764007194,3.0301854610443115
1749235470.1550891,17.22917368104006,3.030184268951416
1749235470.1885068,17.229175335160647,3.030184745788574
1749235470.2218764,17.22917678886733,3.030184507369995
1749235470.2553778,17.229177775992074,3.0301833152770996
1749235470.2888186,17.22917937929704,3.0301830768585205
1749235470.3222547,17.229181373393324,3.0301833152770996
1749235470.355629,17.229182955205463,3.0301830768585205
1749235470.3890994,17.229183917745083,3.030181884765625
1749235470.4225075,17.229186382153475,3.0301811695098877
1749235470.4560535,17.229188496320592,3.030182361602783
1749235470.4894493,17.229190862877008,3.030181646347046
1749235470.5228872,17.229191886044504,3.0301804542541504
1749235470.5563629,17.229193196281276,3.0301802158355713
1749235470.5897913,17.22919523936553,3.0301804542541504
1749235470.6232955,17.229197145552256,3.0301804542541504
1749235470.6570399,17.229198666234332,3.030179977416992
1749235470.6904538,17.229200481847023,3.0301787853240967
1749235470.7239654,17.229202577839356,3.030179262161255
1749235470.7573683,17.229204012292403,3.030179023742676
1749235470.7907913,17.22920564916444,3.0301785469055176
1749235470.8241599,17.22920712070659,3.030177116394043
1749235470.8575766,17.229208561721823,3.0301778316497803
1749235470.8933327,17.22921086735253,3.030177354812622
1749235470.9267347,17.229212047557883,3.030177354812622
1749235470.9604006,17.229214497019047,3.0301759243011475
1749235470.9938028,17.22921544495005,3.030176877975464
1749235471.02722,17.22921691691985,3.0301764011383057
1749235471.060667,17.229218395567965,3.0301759243011475
1749235471.0941148,17.22922046536228,3.0301754474639893
1749235471.1275244,17.229222274944952,3.030174970626831
1749235471.1609719,17.22922425398474,3.030174732208252
1749235471.1947596,17.22922592501406,3.030174493789673
1749235471.228279,17.229226889487773,3.0301737785339355
1749235471.2616794,17.229228802254518,3.0301735401153564
1749235471.2951558,17.229230107220427,3.0301740169525146
1749235471.3285775,17.22923187105532,3.0301730632781982
1749235471.362098,17.229234757051525,3.030172824859619
1749235471.395525,17.229235600661404,3.030172348022461
1749235471.4289346,17.229237194143863,3.0301718711853027
1749235471.462373,17.22923877521012,3.0301718711853027
1749235471.4957829,17.229240173378606,3.0301709175109863
1749235471.5291672,17.229241913968483,3.0301706790924072
1749235471.56255,17.22924388714156,3.0301709175109863
1749235471.595958,17.22924503995876,3.030170440673828
1749235471.6293614,17.23050871901046,3.0292844772338867
1749235471.662793,17.23427181032853,3.032494306564331
1749235471.6961944,17.240397133411243,3.0360631942749023
1749235471.7297745,17.24657014675116,3.041409730911255
1749235471.7631798,17.25586435647963,3.0503427982330322
1749235471.7965848,17.260500562027758,3.0577192306518555
1749235471.8301628,17.26774365674613,3.0599539279937744
1749235471.8635683,17.274730465236953,3.0672850608825684
1749235471.897086,17.284520820752796,3.072901964187622
1749235471.9305003,17.289809034418443,3.078033685684204
1749235471.9640968,17.297570429813675,3.083507776260376
1749235471.9975133,17.304634346412225,3.0888397693634033
1749235472.030918,17.315000012275394,3.0944161415100098
1749235472.0643284,17.31981241962154,3.099888801574707
1749235472.0977452,17.32993760964196,3.105276346206665
1749235472.1311872,17.337782018177283,3.111096143722534
1749235472.1648762,17.342847273328058,3.116851568222046
1749235472.1983278,17.34791206671061,3.1222634315490723
1749235472.2317324,17.360571416258644,3.127858877182007
1749235472.265184,17.362850517087132,3.1315884590148926
1749235472.298591,17.373233530873232,3.139063596725464
1749235472.332018,17.383367014128687,-3.138519048690796
1749235472.3654342,17.389448085594896,-3.132916212081909
1749235472.398863,17.398571015337946,-3.127316474914551
1749235472.4322326,17.406173916667978,-3.121713638305664
1749235472.4656336,17.413777608035065,-3.1161110401153564
1749235472.499036,17.418847081661042,-3.1105074882507324
1749235472.5324478,17.426704517222007,-3.1047167778015137
1749235472.5658503,17.436590345183635,-3.099302291870117
1749235472.5993,17.441406590130953,-3.095752477645874
1749235472.6328294,17.449012028470637,-3.088102102279663
1749235472.6663334,17.459404384096764,-3.0824882984161377
1749235472.6998043,17.467010229393708,-3.0768966674804688
1749235472.733177,17.47461442326446,-3.0712850093841553
1749235472.7666836,17.481965624998107,-3.065861463546753
1749235472.8000836,17.48957134398723,-3.06026554107666
1749235472.8334901,17.499964902806262,-3.0526063442230225
1749235472.8674715,17.507569823296805,-3.0470008850097656
1749235472.9008718,17.512640170650798,-3.0414013862609863
1749235472.9343722,17.520245560576456,-3.037663221359253
1749235472.9679017,17.52785070885339,-3.03205943107605
1749235473.0012667,17.537991156380482,-3.024585723876953
1749235473.0348165,17.543061360057685,-3.018795967102051
1749235473.0687375,17.553455420806813,-3.013190984725952
1749235473.10215,17.560807196226556,-3.0077712535858154
1749235473.13555,17.568412827581877,-3.002168893814087
1749235473.1689663,17.5757650314607,-2.996751546859741
1749235473.2024448,17.583624080730043,-2.990954875946045
1749235473.2363105,17.5912297263098,-2.985351800918579
1749235473.26971,17.59883559585483,-2.979750871658325
1749235473.3033738,17.606440814723932,-2.9741439819335938
1749235473.3367944,17.61379269736593,-2.9687249660491943
1749235473.3702538,17.621651496268083,-2.962930917739868
1749235473.4037044,17.626721941090302,-2.9571399688720703
1749235473.4371204,17.639651352844336,-2.949665069580078
1749235473.4705188,17.64446817463353,-2.9440572261810303
1749235473.5039237,17.65207398936439,-2.9384524822235107
1749235473.5373487,17.66221497619032,-2.9330320358276367
1749235473.5707989,17.669567164917684,-2.927610158920288
1749235473.604218,17.6774266125986,-2.921816825866699
1749235473.6376204,17.685032349250164,-2.9162096977233887
1749235473.6713874,17.695173695504728,-2.908736228942871
1749235473.704803,17.702525694277128,-2.903311014175415
1749235473.7383192,17.71038565887726,-2.897521734237671
1749235473.7717295,17.71799147333334,-2.891913414001465
1749235473.8051317,17.72559742379336,-2.8846216201782227
1749235473.838808,17.732950111998665,-2.880885124206543
1749235473.8725486,17.74055599753664,-2.873220682144165
1749235473.9059942,17.748162784747805,-2.867621898651123
1749235473.9395518,17.758554474942883,-2.8619959354400635
1749235473.9729524,17.763630266822048,-2.856485605239868
1749235474.006355,17.77122906812128,-2.8527166843414307
1749235474.0398285,17.778837912277833,-2.8472132682800293
1749235474.0733058,17.786185304605294,-2.841784715652466
1749235474.106696,17.79125332951886,-2.8357861042022705
1749235474.1401324,17.801648938148215,-2.8303821086883545
1749235474.1735308,17.80899805756622,-2.8249402046203613
1749235474.2069433,17.816862788024935,-2.8192431926727295
1749235474.2407358,17.821928123433807,-2.8135814666748047
1749235474.2741418,17.832065785569785,-2.807965040206909
1749235474.3075645,17.837139329805343,-2.8022308349609375
1749235474.3414874,17.844742636699646,-2.79658842086792
1749235474.3748913,17.852347199331504,-2.7911651134490967
1749235474.4085476,17.862489316343126,-2.7855613231658936
1749235474.442152,17.87008831340201,-2.7798666954040527
1749235474.4755764,17.87801617905753,-2.775057554244995
1749235474.508978,17.885127270024277,-2.7700207233428955
1749235474.542397,17.89558325779675,-2.7629196643829346
1749235474.5758135,17.90300320128144,-2.7581026554107666
1749235474.6092153,17.910915889331644,-2.75254487991333
1749235474.6426246,17.918580320005415,-2.74548602104187
1749235474.6760297,17.926170901657684,-2.741093873977661
1749235474.7094915,17.933818385892565,-2.7356958389282227
1749235474.7429566,17.938674516830396,-2.7305779457092285
1749235474.7769787,17.946252091043924,-2.723928689956665
1749235474.810504,17.95673573942911,-2.7199180126190186
1749235474.843908,17.964072243108962,-2.7143869400024414
1749235474.877321,17.971655969562338,-2.708448648452759
1749235474.9106834,17.979504847469773,-2.702486753463745
1749235474.944081,17.987092995654454,-2.696748971939087
1749235474.9774818,17.994386258967875,-2.690793037414551
1749235475.010888,17.99968263633943,-2.686657667160034
1749235475.0442836,18.009990695210856,-2.678341865539551
1749235475.077687,18.014755499966732,-2.6725118160247803
1749235475.1118417,18.02208958036388,-2.669239044189453
1749235475.1452508,18.02977579232245,-2.6601836681365967
1749235475.178649,18.037374611052137,-2.6544246673583984
1749235475.2120597,18.049663190908564,-2.6452858448028564
1749235475.2455306,18.05715912984273,-2.6392483711242676
1749235475.2794907,18.06220010888114,-2.633559465408325
1749235475.3128965,18.072043636170875,-2.6259210109710693
1749235475.3463132,18.0796138146906,-2.620030641555786
1749235475.379762,18.08701263546703,-2.6122279167175293
1749235475.4131675,18.094292555551757,-2.60595440864563
1749235475.4465735,18.101865564698674,-2.6003220081329346
1749235475.4799826,18.109252572423728,-2.592945098876953
1749235475.5133796,18.114802030099362,-2.5861146450042725
1749235475.5468442,18.124311686822843,-2.577643394470215
1749235475.5802813,18.131557628296985,-2.569352626800537
1749235475.6137748,18.136044065268685,-2.5575478076934814
1749235475.6472356,18.14592392730492,-2.5518250465393066
1749235475.6806724,18.153209188271543,-2.5429704189300537
1749235475.714084,18.15999360524817,-2.5333402156829834
1749235475.747488,18.16495280742342,-2.525684118270874
1749235475.780894,18.172094643242552,-2.5184452533721924
1749235475.8143365,18.17706963573623,-2.510453939437866
1749235475.8477442,18.186796678624244,-2.5013980865478516
1749235475.8811724,18.194031921381928,-2.4938478469848633
1749235475.9145796,18.201665510344466,-2.484433889389038
1749235475.9480512,18.20675338044562,-2.476722240447998
1749235475.9814608,18.216432702915398,-2.4675533771514893
1749235476.0149498,18.22357760130131,-2.459343194961548
1749235476.0484009,18.231139498885174,-2.4500892162323
1749235476.0818353,18.238566345746854,-2.4421021938323975
1749235476.115322,18.245788069280003,-2.432234287261963
1749235476.148727,18.253371276362707,-2.425222158432007
1749235476.1821246,18.260601049612184,-2.4158992767333984
1749235476.215567,18.265590738107026,-2.407857894897461
1749235476.2489178,18.275630881216223,-2.3959357738494873
1749235476.282323,18.283479147034527,-2.3908863067626953
1749235476.315776,18.290232492121714,-2.38191556930542
1749235476.349224,18.295288737082046,-2.374922275543213
1749235476.3827,18.305018922537005,-2.367323875427246
1749235476.416112,18.312724124312847,-2.359368085861206
1749235476.4495785,18.317354578092228,-2.3537113666534424
1749235476.4829862,18.325077281644155,-2.3456287384033203
1749235476.5163877,18.334902744970982,-2.3345401287078857
1749235476.5497894,18.342206066703948,-2.3252956867218018
1749235476.5832067,18.347116706404,-2.319185972213745
1749235476.6166203,18.35436328483071,-2.311457872390747
1749235476.6500819,18.359577048296337,-2.301093578338623
1749235476.683489,18.366720954115408,-2.291775941848755
1749235476.7169023,18.374057034159758,-2.286911964416504
1749235476.750343,18.378950182815583,-2.27726411819458
1749235476.7839003,18.388085171449653,-2.2671267986297607
1749235476.817304,18.395480238423815,-2.2606656551361084
1749235476.8507724,18.402886912966498,-2.2488372325897217
1749235476.884212,18.41022451698352,-2.2403552532196045
1749235476.9176164,18.417715843520202,-2.231598377227783
1749235476.951099,18.427136934510415,-2.2222626209259033
1749235476.9845097,18.432514925320838,-2.212679147720337
1749235477.017917,18.439372629614734,-2.2039577960968018
1749235477.0513175,18.44665813523353,-2.1947638988494873
1749235477.0847378,18.454091123892624,-2.186094284057617
1749235477.1181345,18.46146414750571,-2.1771562099456787
1749235477.1515872,18.47130550222943,-2.1683578491210938
1749235477.1850536,18.47885196920975,-2.15837025642395
1749235477.21846,18.486047068079273,-2.149963855743408
1749235477.2518673,18.493451656883266,-2.141433000564575
1749235477.2852757,18.50066843152039,-2.131105899810791
1749235477.3186314,18.50825093032279,-2.1233091354370117
1749235477.3521552,18.515726780235756,-2.1161346435546875
1749235477.3855736,18.52265554570027,-2.10498309135437
1749235477.4189737,18.52760503457807,-2.095836877822876
1749235477.4524603,18.535285182914535,-2.0892927646636963
1749235477.4867003,18.545021206094376,-2.079878807067871
1749235477.5201302,18.55238511941841,-2.0709433555603027
1749235477.553578,18.557421510948174,-2.063164710998535
1749235477.5873463,18.569580789511107,-2.050548553466797
1749235477.6210895,18.574323055422596,-2.0424978733062744
1749235477.6546402,18.582424993690417,-2.0345888137817383
1749235477.6880596,18.591820172190975,-2.0253100395202637
1749235477.721514,18.60180218987167,-2.0148117542266846
1749235477.7549708,18.60887597539654,-2.0062620639801025
1749235477.7883265,18.613945269864598,-1.9992544651031494
1749235477.8217342,18.619303804658745,-1.992293357849121
1749235477.8552835,18.628794226804356,-1.9847015142440796
1749235477.8886936,18.63392311936137,-1.975520372390747
1749235477.9222984,18.643856098799134,-1.9680609703063965
1749235477.9557047,18.651067965642593,-1.9606109857559204
1749235477.9925997,18.656263713662256,-1.95198655128479
1749235478.0259893,18.6661144430488,-1.943791389465332
1749235478.0594792,18.673358942389143,-1.9364982843399048
1749235478.0929196,18.678579117201156,-1.9286460876464844
1749235478.1267066,18.68385236877903,-1.9240829944610596
1749235478.16011,18.693322040414266,-1.9170163869857788
1749235478.1935139,18.698314066093296,-1.9099186658859253
1749235478.2269194,18.711071853454758,-1.901594877243042
1749235478.260389,18.7184198450466,-1.8936500549316406
1749235478.293823,18.72844118594244,-1.8852229118347168
1749235478.3273206,18.735924406861812,-1.878598928451538
1749235478.3608937,18.743450421332977,-1.872488260269165
1749235478.394301,18.7509954210263,-1.8669147491455078
1749235478.4277124,18.7584826378711,-1.860655426979065
1749235478.4611206,18.768235828189994,-1.8525702953338623
1749235478.494715,18.776059351003973,-1.8471190929412842
1749235478.5281465,18.781367643024154,-1.8416931629180908
1749235478.5615885,18.79104690437183,-1.8352586030960083
1749235478.5950212,18.80118302705708,-1.8286715745925903
1749235478.6286788,18.80875485071446,-1.824022889137268
1749235478.6621115,18.81150402255319,-1.820164442062378
1749235478.6955228,18.8239067489567,-1.8139103651046753
1749235478.729028,18.82672088460321,-1.8112545013427734
1749235478.762497,18.836599923434683,-1.8060739040374756
1749235478.7959015,18.841608968774533,-1.7999067306518555
1749235478.829306,18.854503269378974,-1.7943485975265503
1749235478.8627303,18.859730360612723,-1.7911454439163208
1749235478.8962126,18.87015118608032,-1.7874675989151
1749235478.9297032,18.878002793436053,-1.784693717956543
1749235478.9631019,18.885807546288348,-1.7809563875198364
1749235478.9965098,18.89337493685871,-1.7777384519577026
1749235479.02991,18.901475043955127,-1.7746186256408691
1749235479.0633273,18.90668408716911,-1.7722499370574951
1749235479.0967574,18.914514223626345,-1.76905357837677
1749235479.1301808,18.922333178218484,-1.7656773328781128
1749235479.1637094,18.929888519450085,-1.762255072593689
1749235479.1971204,18.94059151773884,-1.757979154586792
1749235479.2305179,18.948407725953572,-1.7545422315597534
1749235479.2639194,18.956231174616462,-1.7513432502746582
1749235479.297329,18.966645580606546,-1.746636986732483
1749235479.3307078,18.971862442989327,-1.743257761001587
1749235479.364106,18.982023404071814,-1.7400667667388916
1749235479.3975303,18.984633923843237,-1.7368438243865967
1749235479.4309227,18.992713214725082,-1.7333756685256958
1749235479.4645169,19.00548561164094,-1.7302484512329102
1749235479.498032,19.01331263834401,-1.7270712852478027
1749235479.531436,19.016185046650495,-1.7250571250915527
1749235479.564837,19.026378151381792,-1.7224692106246948
1749235479.598263,19.034450996906934,-1.7190439701080322
1749235479.63169,19.03940114329453,-1.71572744846344
1749235479.6651495,19.050105160168556,-1.7127604484558105
1749235479.6985545,19.057924488608414,-1.7094863653182983
1749235479.7319584,19.065754159549673,-1.706451177597046
1749235479.7663856,19.073602261854333,-1.703978419303894
1749235479.7998652,19.082718203595952,-1.6996304988861084
1749235479.8333285,19.091588836950724,-1.6965669393539429
1749235479.8668637,19.09970578636606,-1.6941176652908325
1749235479.9003193,19.10753635573025,-1.6903256177902222
1749235479.9337366,19.112756981159045,-1.6884557008743286
1749235479.9674983,19.123198842104074,-1.6855559349060059
1749235480.0009654,19.13077545796785,-1.6829257011413574
1749235480.0344028,19.13704924114355,-1.6793054342269897
1749235480.0677736,19.146700798069162,-1.6763715744018555
1749235480.1013846,19.152183180639682,-1.6744248867034912
1749235480.1347961,19.159758431488303,-1.6710302829742432
1749235480.1685317,19.169942695556905,-1.6683831214904785
1749235480.2019339,19.175434986223397,-1.6668318510055542
1749235480.235294,19.186139240504854,-1.6633927822113037
1749235480.268848,19.196304291208303,-1.660447120666504
1749235480.3022523,19.204148931872293,-1.6581181287765503
1749235480.3356624,19.211992043088188,-1.6558116674423218
1749235480.369069,19.21722556922047,-1.6544520854949951
1749235480.4025178,19.224806543608754,-1.6523557901382446
1749235480.4359243,19.23028378484463,-1.6496319770812988
1749235480.4693267,19.240759487202016,-1.6481235027313232
1749235480.5032456,19.24859907355492,-1.6459376811981201
1749235480.5366921,19.2564385546892,-1.6436848640441895
1749235480.5701497,19.264281537786278,-1.6408376693725586
1749235480.6035607,19.274738844026142,-1.6386654376983643
1749235480.6370518,19.282596479458054,-1.6373023986816406
1749235480.6704838,19.290432305175703,-1.6350713968276978
1749235480.7038693,19.298277324459786,-1.6331199407577515
1749235480.7372813,19.30611739200168,-1.6309332847595215
1749235480.7707667,19.313973301384042,-1.6294807195663452
1749235480.8048189,19.324430470856512,-1.626929759979248
1749235480.8382232,19.32965118532331,-1.624675989151001
1749235480.87168,19.3401173160191,-1.623055338859558
1749235480.905106,19.3479611155523,-1.621195912361145
1749235480.938518,19.355557797074106,-1.6201767921447754
1749235480.9719274,19.363657987396632,-1.6180082559585571
1749235481.005371,19.37151339037857,-1.6164851188659668
1749235481.038785,19.381988146336145,-1.614858865737915
1749235481.0724313,19.387213246714932,-1.612972617149353
1749235481.1058366,19.39742720487352,-1.6124706268310547
1749235481.1392689,19.40553256881385,-1.611111044883728
1749235481.1728647,19.415724786678034,-1.6089177131652832
1749235481.2062643,19.421486238933216,-1.6079977750778198
1749235481.2396593,19.431683535919884,-1.6064480543136597
1749235481.2730346,19.439538552465226,-1.6054686307907104
1749235481.306893,19.449733155891764,-1.6032662391662598
1749235481.340362,19.457589359813444,-1.6019375324249268
1749235481.3737452,19.463108038275738,-1.602104902267456
1749235481.4071562,19.468347816531725,-1.601164698600769
1749235481.4406097,19.478806875122963,-1.5994614362716675
1749235481.4740186,19.48431359435128,-1.598760962486267
1749235481.5074146,19.494270926617524,-1.5975842475891113
1749235481.541951,19.502396064012714,-1.5965386629104614
1749235481.5753536,19.505014622905374,-1.5956019163131714
1749235481.6087627,19.518176398885124,-1.5950390100479126
1749235481.6421742,19.52605516922074,-1.5937880277633667
1749235481.6757824,19.533915535614604,-1.59285569190979
1749235481.7092156,19.541780513166252,-1.5921558141708374
1749235481.7426233,19.549632007241012,-1.5914511680603027
1749235481.7760332,19.557215768482997,-1.5903137922286987
1749235481.8094442,19.562712353870467,-1.5896625518798828
1749235481.8428485,19.57058716986558,-1.589005947113037
1749235481.8762653,19.578465633072224,-1.587626576423645
1749235481.909718,19.583720694932417,-1.5867670774459839
1749235481.9431784,19.5942112441424,-1.5859348773956299
1749235481.9766471,19.59945175930511,-1.5847088098526
1749235482.010094,19.6099402218354,-1.5845412015914917
1749235482.0434945,19.620420722909014,-1.5838731527328491
1749235482.0769186,19.628274801641908,-1.5830373764038086
1749235482.1103451,19.635869182529063,-1.5823568105697632
1749235482.143855,19.64398744700212,-1.581860065460205
1749235482.177272,19.651841452574708,-1.581294298171997
1749235482.2106867,19.657076713818192,-1.580617070198059
1749235482.2440882,19.662311983063997,-1.5801573991775513
1749235482.2775521,19.672783086953544,-1.5795432329177856
1749235482.3109558,19.680637205013756,-1.5790746212005615
1749235482.3444278,19.68822743762663,-1.5783873796463013
1749235482.3781946,19.696080062022556,-1.577810525894165
1749235482.4117014,19.704196210549135,-1.5775779485702515
1749235482.445178,19.71204795464017,-1.5770381689071655
1749235482.4786296,19.719638936367513,-1.576600432395935
1749235482.512921,19.727751940014983,-1.5759538412094116
1749235482.546335,19.730107929675565,-1.5757206678390503
1749235482.5797355,19.74371788510866,-1.5750423669815063
1749235482.6133513,19.75130746293189,-1.5745329856872559
1749235482.6469114,19.7565415639218,-1.5742074251174927
1749235482.6803167,19.764391977038287,-1.573595643043518
1749235482.7136917,19.774860303116576,-1.573100209236145
1749235482.7471027,19.780093507936694,-1.5726170539855957
1749235482.7805443,19.79055945096179,-1.5720493793487549
1749235482.8139465,19.795531401184554,-1.5716496706008911
1749235482.8474429,19.806262106506384,-1.5714924335479736
1749235482.8808753,19.811495854501562,-1.5711438655853271
1749235482.9213045,19.821701593785647,-1.570702075958252
1749235482.954699,19.827197621470578,-1.57059907913208
1749235482.988109,19.835047814181575,-1.5701247453689575
1749235483.0215333,19.845252659386638,-1.5698784589767456
1749235483.054973,19.853101970683795,-1.569373607635498
1749235483.0883405,19.861213519300094,-1.56914484500885
1749235483.1217368,19.866184629046007,-1.56871497631073
1749235483.1551473,19.87691171523893,-1.5684773921966553
1749235483.1886241,19.884760152195973,-1.5680938959121704
1749235483.2220397,19.892609132796295,-1.5676096677780151
1749235483.2558494,19.900459824317522,-1.5676312446594238
1749235483.2892544,19.905694124167358,-1.567490577697754
1749235483.3243763,19.915900121891426,-1.5672105550765991
1749235483.3577735,19.923750120497544,-1.5667682886123657
1749235483.3913062,19.931600533885863,-1.5665061473846436
1749235483.42471,19.93709626109481,-1.5663092136383057
1749235483.458124,19.944947482332573,-1.5663071870803833
1749235483.4915478,19.950442231594465,-1.5660836696624756
1749235483.52495,19.96064727826798,-1.5659043788909912
1749235483.5582983,19.96561845511174,-1.5657446384429932
1749235483.591763,19.978963316947564,-1.5653399229049683
1749235483.6251771,19.984197578339888,-1.5654332637786865
1749235483.6586208,19.992308842713225,-1.565194010734558
1749235483.6920364,19.99989703438434,-1.5650711059570312
1749235483.7254543,20.007484974007852,-1.5646334886550903
1749235483.7589755,20.015597598013468,-1.564624547958374
1749235483.792376,20.023448242740336,-1.5642789602279663
1749235483.8258512,20.03129941360107,-1.5644166469573975
1749235483.8594067,20.039149978569284,-1.56417977809906
1749235483.8928115,20.04700024995306,-1.5637764930725098
1749235483.9262125,20.054851409628032,-1.5639595985412598
1749235483.9604504,20.06270200602415,-1.5637102127075195
1749235483.993899,20.069464792088233,-1.563617467880249
1749235484.027311,20.074452251625168,-1.5635383129119873
1749235484.060761,20.07854180358231,-1.563451886177063
1749235484.0942674,20.082300249494406,-1.563550591468811
1749235484.127816,20.085489562741508,-1.5633764266967773
1749235484.1612165,20.08999588248117,-1.5633341073989868
1749235484.1947122,20.093131299669555,-1.5632224082946777
1749235484.2283614,20.096351113247515,-1.5635809898376465
1749235484.2618165,20.10073426388056,-1.5636155605316162
1749235484.295237,20.10383349820321,-1.5634517669677734
1749235484.3286397,20.107033796277587,-1.563774824142456
1749235484.362046,20.11033975901602,-1.5637965202331543
1749235484.3954546,20.114602540208637,-1.5640448331832886
1749235484.428906,20.117799668894637,-1.564189076423645
1749235484.4623828,20.12100045803368,-1.5640217065811157
1749235484.4957974,20.124102515209426,-1.5645443201065063
1749235484.529292,20.12624647437855,-1.5643572807312012
1749235484.562739,20.13053215004333,-1.5643008947372437
1749235484.5961974,20.13288507904053,-1.5648410320281982
1749235484.6296682,20.135873617175466,-1.565067172050476
1749235484.6630714,20.140247625581477,-1.5647636651992798
1749235484.6965122,20.143320711539584,-1.5650584697723389
1749235484.7307775,20.146632436453697,-1.5658314228057861
1749235484.7641711,20.149859612845002,-1.5655232667922974
1749235484.7975757,20.152988273142782,-1.5663917064666748
1749235484.8310678,20.156325719766816,-1.5663272142410278
1749235484.8645072,20.15846995786644,-1.5666099786758423
1749235484.8979304,20.161571075712878,-1.5664807558059692
1749235484.9313362,20.164855483055167,-1.5673502683639526
1749235484.9649656,20.169823268379073,-1.5675243139266968
1749235484.9984384,20.173582404660365,-1.5683343410491943
1749235485.0318553,20.17738445229057,-1.568358063697815
1749235485.0653365,20.181176546923375,-1.5695648193359375
1749235485.0989125,20.184944181783646,-1.5695645809173584
1749235485.1323977,20.18866740761661,-1.57122004032135
1749235485.1658862,20.191139346177657,-1.5714408159255981
1749235485.1993608,20.197156763918876,-1.5721772909164429
1749235485.2328703,20.20069424471169,-1.573169469833374
1749235485.266277,20.204201105827035,-1.572985291481018
1749235485.2997882,20.20639111201165,-1.5738732814788818
1749235485.333305,20.20986594812823,-1.5739600658416748
1749235485.3666954,20.213394134464053,-1.575219988822937
1749235485.4001584,20.216675073160047,-1.5754495859146118
1749235485.433604,20.21888083405382,-1.5771170854568481
1749235485.4670491,20.223232217999218,-1.5772725343704224
1749235485.50049,20.2274967283985,-1.57846200466156
1749235485.5338905,20.229548012713735,-1.5791361331939697
1749235485.5672462,20.233553335022552,-1.5805071592330933
1749235485.6007047,20.237505351267906,-1.581252932548523
1749235485.6341417,20.240425608446394,-1.5808160305023193
1749235485.6675484,20.243251276462612,-1.5818278789520264
1749235485.7009733,20.24594787577989,-1.5827467441558838
1749235485.7344222,20.248794777448538,-1.5820317268371582
1749235485.7678301,20.250677185868593,-1.5827116966247559
1749235485.8013217,20.254135185458324,-1.583076000213623
1749235485.8347573,20.256661843138797,-1.5833152532577515
1749235485.8681724,20.259221519347534,-1.5842698812484741
1749235485.901609,20.26099690852587,-1.5849084854125977
1749235485.9358778,20.26438216595159,-1.5846893787384033
1749235485.9692838,20.266862518873467,-1.5862185955047607
1749235486.002704,20.2693039346813,-1.5863611698150635
1749235486.0363123,20.27161588328573,-1.5865511894226074
1749235486.0697215,20.27337074653615,-1.5863008499145508
1749235486.103116,20.274855985260153,-1.587493896484375
1749235486.136541,20.277958206782966,-1.5878455638885498
1749235486.1699493,20.280142842746532,-1.5877759456634521
1749235486.203326,20.282421981225777,-1.5877666473388672
1749235486.2367241,20.284502172272838,-1.5886116027832031
1749235486.270368,20.286808880406205,-1.588614821434021
1749235486.3039184,20.289502928482424,-1.589455485343933
1749235486.3373263,20.290990854908035,-1.589136004447937
1749235486.3706877,20.29367656981815,-1.5903066396713257
1749235486.4042704,20.29578741810472,-1.5901097059249878
1749235486.437616,20.297769105327397,-1.590580940246582
1749235486.4717789,20.300359722805503,-1.590762734413147
1749235486.5052927,20.302262214434474,-1.5908485651016235
1749235486.5387003,20.30357004547065,-1.5908585786819458
1749235486.5720952,20.305397608123503,-1.5916250944137573
1749235486.6056168,20.307375320823255,-1.5910062789916992
1749235486.639019,20.30862363150211,-1.5916337966918945
1749235486.672435,20.31099436162992,-1.592089056968689
1749235486.705855,20.312773700812507,-1.5923326015472412
1749235486.7392616,20.314529720226638,-1.5920066833496094
1749235486.7728748,20.31617282173751,-1.5924493074417114
1749235486.8063302,20.31734232556823,-1.5925915241241455
1749235486.839942,20.319559787559847,-1.5932930707931519
1749235486.8733776,20.32149458246651,-1.5928585529327393
1749235486.9068003,20.32224530652377,-1.593157410621643
1749235486.9402962,20.323823749393508,-1.5933347940444946
1749235486.9746573,20.32592020623218,-1.5934545993804932
1749235487.0082784,20.326942437867697,-1.5939213037490845
1749235487.0416973,20.328489687981627,-1.5934218168258667
1749235487.075174,20.330558114347422,-1.5942530632019043
1749235487.108687,20.332014747181507,-1.5937429666519165
1749235487.1421678,20.333518384587236,-1.5939059257507324
1749235487.1757824,20.334570509873405,-1.5939838886260986
1749235487.2091982,20.336342406329315,-1.593772530555725
1749235487.2425864,20.337656032444862,-1.5939488410949707
1749235487.2760012,20.33902856360712,-1.5938999652862549
1749235487.309414,20.340335332529477,-1.5940062999725342
1749235487.3435843,20.341658563374963,-1.5940351486206055
1749235487.377023,20.342954928721046,-1.594252586364746
1749235487.4104414,20.344118062922565,-1.5940308570861816
1749235487.443874,20.3449668673595,-1.5939677953720093
1749235487.477287,20.34653189114475,-1.5939909219741821
1749235487.5106912,20.34731413442204,-1.5941082239151
1749235487.5442228,20.348062273511243,-1.594396948814392
1749235487.5784304,20.349670387321044,-1.5938507318496704
1749235487.6118793,20.351238604372767,-1.594476580619812
1749235487.6454027,20.352026602611105,-1.593760371208191
1749235487.6788118,20.35355774444708,-1.5944266319274902
1749235487.7122602,20.354315046604505,-1.5939861536026
1749235487.7460053,20.355424960764722,-1.594470739364624
1749235487.7794158,20.356535080766065,-1.5939558744430542
1749235487.8128684,20.35763389233084,-1.5943762063980103
1749235487.8462772,20.358695473591794,-1.5939335823059082
1749235487.8796804,20.35980406840296,-1.5945826768875122
1749235487.9131026,20.36050585331153,-1.5942168235778809
1749235487.94662,20.361507642303195,-1.594103217124939
1749235487.9801202,20.362152933083827,-1.5942845344543457
1749235488.013551,20.363411335274108,-1.5941343307495117
1749235488.0470157,20.364336294024024,-1.5940392017364502
1749235488.0804217,20.365249645028268,-1.5941510200500488
1749235488.1138275,20.36618124855394,-1.5939139127731323
1749235488.147225,20.36704897884467,-1.5944559574127197
1749235488.180629,20.367958688314282,-1.5940470695495605
1749235488.2142682,20.368796911576098,-1.5941569805145264
1749235488.2517264,20.3698966702038,-1.5943621397018433
1749235488.2851326,20.370708341800878,-1.5941518545150757
1749235488.3185647,20.371534783680016,-1.5942718982696533
1749235488.3520584,20.372329258089174,-1.5942091941833496
1749235488.385469,20.373105531713662,-1.5942554473876953
1749235488.418873,20.373726530408685,-1.5942503213882446
1749235488.4523635,20.37406046065292,-1.5942639112472534
1749235488.4858317,20.374237913633582,-1.594272255897522
1749235488.5192294,20.374350501286905,-1.5942736864089966
1749235488.552638,20.374381984017337,-1.5942742824554443
1749235488.586043,20.374409178431943,-1.5942769050598145
1749235488.6194546,20.37442780255756,-1.5942778587341309
1749235488.6528568,20.374433070462313,-1.59427809715271
1749235488.6862552,20.37443956210861,-1.5942820310592651
1749235488.71967,20.374442639225453,-1.594279408454895
1749235488.753081,20.374445254910803,-1.59428870677948
1749235488.7864597,20.374449393595352,-1.5942981243133545
1749235488.8198683,20.37445135263056,-1.594302773475647
1749235488.853269,20.374454063743528,-1.5943081378936768
1749235488.8867204,20.37445434186432,-1.5943049192428589
1749235488.9201558,20.374456368617196,-1.5943078994750977
1749235488.9535942,20.3744576942397,-1.5943083763122559
1749235488.9870555,20.374459029189122,-1.5943070650100708
1749235489.0204737,20.374461345440146,-1.5943107604980469
1749235489.0540884,20.374462571090046,-1.5943071842193604
1749235489.0874949,20.374464352457807,-1.5943117141723633
1749235489.1208935,20.37446540046064,-1.5943113565444946
1749235489.1546142,20.374466239001144,-1.5943083763122559
1749235489.1879878,20.37446830634741,-1.5943129062652588
1749235489.222205,20.37446985766815,-1.594311237335205
1749235489.256078,20.37447147107446,-1.5943104028701782
1749235489.289492,20.374472374953363,-1.5943121910095215
1749235489.32289,20.374473452777387,-1.5943137407302856
1749235489.3565435,20.37447509544387,-1.5943135023117065
1749235489.3899415,20.374476334365493,-1.5943130254745483
1749235489.4235516,20.374477931839557,-1.5943142175674438
1749235489.45703,20.374479864342195,-1.5943152904510498
1749235489.4904456,20.374481896015684,-1.5943151712417603
1749235489.5241213,20.374483445828975,-1.5943171977996826
1749235489.5575585,20.37448472384653,-1.59431791305542
1749235489.5909722,20.374487004324052,-1.5943180322647095
1749235489.6243832,20.37448782515226,-1.5943174362182617
1749235489.657738,20.374489877968287,-1.594317078590393
1749235489.6911457,20.374490868405555,-1.5943183898925781
1749235489.724591,20.37449268314342,-1.594320297241211
1749235489.7581966,20.374493635754813,-1.5943211317062378
1749235489.791647,20.374495821563492,-1.5943211317062378
1749235489.8250465,20.37449571195562,-1.5943206548690796
1749235489.8584611,20.374497673488865,-1.5943204164505005
1749235489.892462,20.37449936432457,-1.5943214893341064
1749235489.9266553,20.374500430561604,-1.5943233966827393
1749235489.9601824,20.37450138697454,-1.5943243503570557
1749235489.9936328,20.374503415705416,-1.5943243503570557
1749235490.0270376,20.37450410341345,-1.5943231582641602
1749235490.0611417,20.374505247420803,-1.594325304031372
1749235490.0945468,20.37450680448073,-1.5943260192871094
1749235490.1279473,20.374508281396245,-1.594326376914978
1749235490.161433,20.374509434737643,-1.5943262577056885
1749235490.1949625,20.374511019694115,-1.5943255424499512
1749235490.228371,20.374512746147797,-1.5943268537521362
1749235490.261818,20.374513864495366,-1.5943280458450317
1749235490.2952263,20.374515355350745,-1.5943292379379272
1749235490.3286371,20.37451756646031,-1.594329833984375
1749235490.362042,20.374518526512038,-1.5943310260772705
1749235490.395445,20.37452024312534,-1.5943305492401123
1749235490.4288924,20.374522128305767,-1.594329595565796
1749235490.4642885,20.37452350590107,-1.5943299531936646
1749235490.4977021,20.374525166940145,-1.5943310260772705
1749235490.5311298,20.374526906644125,-1.5943330526351929
1749235490.5645192,20.374528154505978,-1.5943338871002197
1749235490.5979874,20.374529881030853,-1.5943338871002197
1749235490.6313968,20.37453131742655,-1.5943326950073242
1749235490.6647704,20.374532563591064,-1.5943329334259033
1749235490.6981769,20.374534050199475,-1.5943342447280884
1749235490.7316637,20.37453559465215,-1.5943361520767212
1749235490.7657454,20.374537060690354,-1.5943371057510376
1749235490.799204,20.374538484755558,-1.5943368673324585
1749235490.8326147,20.374540182705868,-1.594335913658142
1749235490.866019,20.374541787858966,-1.5943361520767212
1749235490.8994236,20.37454276857733,-1.5943373441696167
1749235490.932822,20.37454451594415,-1.5943392515182495
1749235490.9664266,20.374545472355386,-1.5943384170532227
1749235490.9998882,20.374546242541484,-1.5943381786346436
1749235491.0333006,20.37454820383146,-1.5943396091461182
1749235491.0666993,20.374550136335746,-1.5943406820297241
1749235491.1001008,20.374551645286868,-1.5943419933319092
1749235491.13355,20.37455253787943,-1.5943423509597778
1749235491.1669521,20.374553864993082,-1.5943421125411987
1749235491.200394,20.374555371700424,-1.5943413972854614
1749235491.2338464,20.374556953851346,-1.5943427085876465
1749235491.2672603,20.374558784027826,-1.594343900680542
1749235491.300781,20.3745607663023,-1.5943437814712524
1749235491.3341842,20.374561856676568,-1.5943458080291748
1749235491.3676317,20.374563470526788,-1.5943466424942017
1749235491.4010544,20.37456493511295,-1.594346523284912
1749235491.4347484,20.374658515238906,-1.5947422981262207
1749235491.470382,20.37927938640168,-1.5933977365493774
1749235491.5038087,20.385979867771372,-1.5898059606552124
1749235491.5372221,20.397147487559575,-1.5882210731506348
1749235491.5707173,20.406085584018655,-1.5864536762237549
1749235491.6041653,20.41193774305104,-1.584407091140747
1749235491.637577,20.421681164608067,-1.582196593284607
1749235491.670981,20.43091316798805,-1.580323338508606
1749235491.7043896,20.440839259815395,-1.577304720878601
1749235491.737803,20.450578131835755,-1.5753692388534546
1749235491.7712605,20.463585076432572,-1.5720793008804321
1749235491.8047075,20.469786755811622,-1.570452094078064
1749235491.8381078,20.47998104740022,-1.5692709684371948
1749235491.8715906,20.489536376639556,-1.5668237209320068
1749235491.904991,20.496492024653012,-1.5649226903915405
1749235491.9383895,20.509835384214387,-1.5644855499267578
1749235491.9717858,20.519824595272347,-1.5624788999557495
1749235492.0051925,20.527510810921672,-1.560065507888794
1749235492.0386722,20.543332632609268,-1.558194637298584
1749235492.0721219,20.55315410729089,-1.5571085214614868
1749235492.1055524,20.563689183787417,-1.554962396621704
1749235492.138932,20.57356756418481,-1.55408775806427
1749235492.1723714,20.580709694934573,-1.5523008108139038
1749235492.2058747,20.590909922086592,-1.550715684890747
1749235492.239493,20.60119390809245,-1.5506356954574585
1749235492.2729073,20.60805725188858,-1.549119472503662
1749235492.3064573,20.62181937516422,-1.547072410583496
1749235492.3398795,20.6286773361085,-1.5463871955871582
1749235492.373332,20.639003656627388,-1.5473830699920654
1749235492.406767,20.64933686265228,-1.5455007553100586
1749235492.440216,20.65625481475057,-1.5439658164978027
1749235492.4736257,20.670115706483312,-1.5431474447250366
1749235492.507057,20.680561132240786,-1.5439517498016357
1749235492.5406492,20.691003279684537,-1.5444414615631104
1749235492.5880082,20.703786865565498,-1.5481641292572021
1749235492.6214514,20.70941998328905,-1.5494494438171387
1749235492.6611733,20.712997542995797,-1.5504502058029175
1749235492.6978378,20.714179050213236,-1.5502475500106812
1749235492.7312393,20.71495048064583,-1.550524353981018
1749235492.7646482,20.71731659317685,-1.5510159730911255
1749235492.798048,20.723472201048974,-1.552565574645996
1749235492.8314488,20.735345373954,-1.554528832435608
1749235492.8648555,20.74514123562432,-1.5568439960479736
1749235492.8982701,20.75540992545001,-1.5578014850616455
1749235492.9316764,20.765850853819654,-1.5605918169021606
1749235492.965148,20.77291077738542,-1.5622599124908447
1749235492.9985554,20.783501887056257,-1.5650665760040283
1749235493.031983,20.794179570894087,-1.5647087097167969
1749235493.065425,20.804817693098283,-1.5662808418273926
1749235493.0991607,20.811901518525623,-1.5680516958236694
1749235493.1325655,20.822552789193548,-1.568514108657837
1749235493.1659732,20.83284554735934,-1.5696277618408203
1749235493.1994352,20.847398652017755,-1.5717769861221313
1749235493.2328424,20.858051686679794,-1.5733509063720703
1749235493.2662554,20.865162270291034,-1.5741469860076904
1749235493.2996542,20.87936260043891,-1.5767656564712524
1749235493.3330922,20.890046233148976,-1.576607584953308
1749235493.366529,20.900359888851476,-1.5791369676589966
1749235493.400324,20.911737939024917,-1.5802091360092163
1749235493.4337287,20.918459543721198,-1.5802679061889648
1749235493.4675674,20.92552987013658,-1.582531213760376
1749235493.501047,20.936199191684857,-1.5830390453338623
1749235493.5345004,20.950422355129827,-1.5841224193572998
1749235493.5679054,20.96075465177527,-1.585695743560791
1749235493.6012716,20.971426680506237,-1.5854207277297974
1749235493.634669,20.9824180282159,-1.5876576900482178
1749235493.6680717,20.989188601650678,-1.5877329111099243
1749235493.7015705,21.003811351217113,-1.586686134338379
1749235493.7349718,21.01059584806301,-1.587783932685852
1749235493.768356,21.02168519624118,-1.5875271558761597
1749235493.8017843,21.032052129548237,-1.5886613130569458
1749235493.8352427,21.043148330542586,-1.589081048965454
1749235493.8686426,21.049941302927845,-1.5902466773986816
1749235493.9021044,21.061025089184383,-1.5903226137161255
1749235493.9355125,21.07171617297573,-1.5908784866333008
1749235493.968962,21.082392252994516,-1.5913867950439453
1749235494.0023642,21.100172947846882,-1.5912998914718628
1749235494.0358293,21.11083506051613,-1.592295527458191
1749235494.0695202,21.114389679374256,-1.5921584367752075
1749235494.1029627,21.125062240601086,-1.5917210578918457
1749235494.1363726,21.139295939668596,-1.5920758247375488
1749235494.1698298,21.146409882506916,-1.592296838760376
1749235494.203407,21.161693635282287,-1.5919772386550903
1749235494.2372289,21.16773735820936,-1.5929933786392212
1749235494.2711914,21.185532344296558,-1.592580795288086
1749235494.3045702,21.19619876502174,-1.5928966999053955
1749235494.3379984,21.20331129662173,-1.592970609664917
1749235494.3714042,21.21753239063491,-1.5931700468063354
1749235494.4049494,21.228585795280367,-1.5942387580871582
1749235494.4386022,21.23890897971501,-1.5937135219573975
1749235494.4720225,21.24959892214674,-1.5935450792312622
1749235494.5054967,21.256727394255897,-1.5936307907104492
1749235494.5393577,21.267402700874314,-1.5931227207183838
1749235494.5728238,21.281617742623332,-1.592545509338379
1749235494.6064239,21.29228209664001,-1.592494249343872
1749235494.6398294,21.299034088908865,-1.5922852754592896
1749235494.6733205,21.306496694898645,-1.5921454429626465
1749235494.7068026,21.324628145355756,-1.5919005870819092
1749235494.7402203,21.33140236931078,-1.5915156602859497
1749235494.7736359,21.342453165904868,-1.589887022972107
1749235494.807112,21.356338302999095,-1.589938998222351
1749235494.8405163,21.366930232373484,-1.5920436382293701
1749235494.873944,21.381032806602107,-1.5916670560836792
1749235494.9073412,21.388108256380388,-1.5915054082870483
1749235494.9407508,21.402295223665615,-1.5913646221160889
1749235494.974158,21.40940141663175,-1.5913000106811523
1749235495.00778,21.420042644397746,-1.5912443399429321
1749235495.0411897,21.434241799624612,-1.5903100967407227
1749235495.074596,21.4413495491727,-1.5901223421096802
1749235495.1082435,21.452372010259264,-1.589753270149231
1749235495.141659,21.46588412476223,-1.5892947912216187
1749235495.1752336,21.476943893197788,-1.5898913145065308
1749235495.2086408,21.48729700554766,-1.5887013673782349
1749235495.2420588,21.498360509772322,-1.5890041589736938
1749235495.2756717,21.508690682611583,-1.5883489847183228
1749235495.3090694,21.51973512232661,-1.5885156393051147
1749235495.3424523,21.527571480727516,-1.5873366594314575
1749235495.3758543,21.54471717835627,-1.5870192050933838
1749235495.409265,21.55186369293895,-1.586071252822876
1749235495.4426372,21.562911662108508,-1.5855926275253296
1749235495.4760475,21.572871673384604,-1.5854973793029785
1749235495.509571,21.587441789967986,-1.5848690271377563
1749235495.5437646,21.598099295583953,-1.5834300518035889
1749235495.5771706,21.608771630530825,-1.581516146659851
1749235495.6105738,21.619457272728003,-1.5809521675109863
1749235495.6439846,21.630125111332976,-1.5796982049942017
1749235495.677389,21.640805873210446,-1.5789002180099487
1749235495.7108588,21.651443098680694,-1.57685124874115
1749235495.7442553,21.662083626665815,-1.5746597051620483
1749235495.7777076,21.672739139592768,-1.5738717317581177
1749235495.811129,21.679789924784505,-1.5720044374465942
1749235495.8445387,21.690384526786566,-1.5691933631896973
1749235495.877918,21.69782194487409,-1.5666537284851074
1749235495.9113157,21.71527601954364,-1.5654065608978271
1749235495.944785,21.725544229285603,-1.563135027885437
1749235495.9782186,21.736179876265346,-1.5604668855667114
1749235496.0116167,21.747207738130783,-1.5593409538269043
1749235496.0450134,21.75751545099652,-1.5583343505859375
1749235496.0784192,21.768548140981032,-1.557822585105896
1749235496.1118207,21.77924098547763,-1.5562450885772705
1749235496.1460154,21.789927693963218,-1.555785059928894
1749235496.179422,21.80024297724184,-1.5554858446121216
1749235496.212833,21.81126341801236,-1.5545998811721802
1749235496.246237,21.818377341415754,-1.5536085367202759
1749235496.2796407,21.832615099041874,-1.5537018775939941
1749235496.3130083,21.843272204244958,-1.5524141788482666
1749235496.3464653,21.857127862015627,-1.5515997409820557
1749235496.37987,21.86814195841767,-1.5509545803070068
1749235496.4133334,21.875248854211673,-1.5505985021591187
1749235496.4467077,21.889107170933812,-1.5501441955566406
1749235496.4801164,21.900123732704692,-1.5500174760818481
1749235496.513529,21.91078170667266,-1.5494906902313232
1749235496.546939,21.921086078618394,-1.5489680767059326
1749235496.5803428,21.931746692178947,-1.5486109256744385
1749235496.6137872,21.93920857219771,-1.5480635166168213
1749235496.647185,21.95022401100935,-1.5480862855911255
1749235496.6806455,21.96372637020923,-1.5479265451431274
1749235496.7140598,21.97438563505667,-1.5476821660995483
1749235496.7474613,21.985399677907676,-1.5474144220352173
1749235496.7808638,21.996057969277512,-1.5475151538848877
1749235496.8154757,22.006716312943073,-1.5475882291793823
1749235496.8489685,22.017373499321018,-1.547251582145691
1749235496.88238,22.028031222908357,-1.5471036434173584
1749235496.9157834,22.035136213864774,-1.5471783876419067
1749235496.9492621,22.04579308390023,-1.5472511053085327
1749235496.9826899,22.059646422769493,-1.5474071502685547
1749235497.0161374,22.070657500595882,-1.5472530126571655
1749235497.049539,22.08131315471669,-1.5472691059112549
1749235497.0829444,22.091968589842686,-1.5473533868789673
1749235497.116496,22.099072046621682,-1.547438621520996
1749235497.1498704,22.112922624177383,-1.5479319095611572
1749235497.183277,22.12038156501408,-1.547935962677002
1749235497.2166846,22.134588913229095,-1.5481663942337036
1749235497.250097,22.141337419645758,-1.5481841564178467
1749235497.2835028,22.15661058997151,-1.5483708381652832
1749235497.316913,22.170107311527794,-1.5485016107559204
1749235497.3503437,22.180762946384576,-1.5487196445465088
1749235497.383756,22.194615504298266,-1.5486762523651123
1749235497.4172058,22.205626610412878,-1.5487675666809082
1749235497.4506598,22.21628242654863,-1.5487077236175537
1749235497.4840667,22.22658304340664,-1.5490341186523438
1749235497.5175529,22.237239007072745,-1.5489007234573364
1749235497.5509624,22.248248189388853,-1.5491282939910889
1749235497.5843744,22.262093032297894,-1.550437092781067
1749235497.6179872,22.272755513719034,-1.550274133682251
1749235497.6513941,22.283763650994054,-1.5501350164413452
1749235497.6849759,22.29405810376017,-1.5512757301330566
1749235497.7183733,22.30506993384787,-1.5514119863510132
1749235497.7517767,22.315373484919537,-1.551729440689087
1749235497.7851932,22.3228351884179,-1.551905870437622
1749235497.8185937,22.333494861576163,-1.5520457029342651
1749235497.8519614,22.34415539568932,-1.5527794361114502
1749235497.8854153,22.351263831320402,-1.5530633926391602
1749235497.9188073,22.365479530128525,-1.5532095432281494
1749235497.9522076,22.379693031389255,-1.5537868738174438
1749235497.9856281,22.390352791096454,-1.55449378490448
1749235498.0190692,22.400658515958387,-1.5546002388000488
1749235498.052512,22.411674592434245,-1.5547072887420654
1749235498.0859518,22.422333357724288,-1.5554084777832031
1749235498.1196074,22.432637429862382,-1.555794596672058
1749235498.1529863,22.440454009779057,-1.5561118125915527
1749235498.1864464,22.454310877933953,-1.5561639070510864
1749235498.2198248,22.46496878489646,-1.5565341711044312
1749235498.2532237,22.475626272517555,-1.5568286180496216
1749235498.2866263,22.486283216387807,-1.5571515560150146
1749235498.320093,22.4965844122207,-1.5574536323547363
1749235498.353513,22.503688304099114,-1.5577853918075562
1749235498.3870645,22.514343239667802,-1.5579849481582642
1749235498.4204745,22.52854926539947,-1.5585321187973022
1749235498.4538777,22.53955958605916,-1.55888831615448
1749235498.487373,22.54701816592234,-1.5590616464614868
1749235498.5207887,22.56122509385719,-1.5593634843826294
1749235498.554176,22.571880232747795,-1.5597807168960571
1749235498.5875938,22.578274275880684,-1.5599955320358276
1749235498.6210184,22.596388372377376,-1.560286045074463
1749235498.6544309,22.59994018903443,-1.560478925704956
1749235498.6880817,22.61095012239243,-1.560860514640808
1749235498.7214868,22.62160501725271,-1.5611629486083984
1749235498.7548962,22.635456446934327,-1.5613694190979004
1749235498.788307,22.646110924069337,-1.561850905418396
1749235498.82172,22.653214764529874,-1.562092900276184
1749235498.855134,22.667422548812983,-1.5622096061706543
1749235498.888517,22.678078088307203,-1.562598466873169
1749235498.9219253,22.69228576692548,-1.562921404838562
1749235498.955338,22.699034106077068,-1.5632925033569336
1749235498.9888358,22.709689267170017,-1.563455581665039
1749235499.02232,22.71714733682709,-1.5638614892959595
1749235499.0557213,22.731354441201447,-1.5638843774795532
1749235499.089156,22.742010000404523,-1.564210057258606
1749235499.122561,22.752665911143854,-1.5644127130508423
1749235499.1559718,22.75976994171686,-1.5644946098327637
1749235499.18937,22.770070080067764,-1.5648009777069092
1749235499.2227893,22.78108048035637,-1.5650113821029663
1749235499.2561882,22.79528725047941,-1.5653324127197266
1749235499.289593,22.80594269901416,-1.5654629468917847
1749235499.3229942,22.81659797794517,-1.5658169984817505
1749235499.35641,22.8268984198362,-1.5659164190292358
1749235499.3898451,22.8347116337691,-1.5666126012802124
1749235499.42371,22.848564159737748,-1.5667011737823486
1749235499.4571195,22.85602356062777,-1.5668812990188599
1749235499.4905884,22.869521030732102,-1.5671902894973755
1749235499.5244067,22.880532101134893,-1.5674257278442383
1749235499.5578792,22.8911878148273,-1.5673977136611938
1749235499.5975037,22.905040075616363,-1.5677567720413208
1749235499.6309032,22.91249900827986,-1.5678943395614624
1749235499.6643035,22.923154310358182,-1.5681657791137695
1749235499.6976724,22.93381040211722,-1.5684683322906494
1749235499.7310832,22.948017883469088,-1.5688036680221558
1749235499.7644866,22.959029252821622,-1.5688488483428955
1749235499.79793,22.96577842988842,-1.5688145160675049
1749235499.8313317,22.979986445661062,-1.5691347122192383
1749235499.8647397,22.986735363738568,-1.5691545009613037
1749235499.898136,22.997745960739618,-1.569444179534912
1749235499.931724,23.008401340504133,-1.569616436958313
1749235499.9651225,23.019056463025663,-1.5699442625045776
1749235499.9985204,23.025804876406273,-1.5702428817749023
1749235500.0319345,23.040367733937575,-1.5701229572296143
1749235500.0655572,23.0513790878776,-1.5702425241470337
1749235500.098961,23.06168019119485,-1.5705162286758423
1749235500.132451,23.071982024031197,-1.5704309940338135
1749235500.1658275,23.082639579871604,-1.5703439712524414
1749235500.1992314,23.093651168346277,-1.5708595514297485
1749235500.2326415,23.107505675772234,-1.570984959602356
1749235500.2660654,23.114965566192268,-1.5712103843688965
1749235500.2995515,23.12526717379791,-1.5714111328125
1749235500.3330402,23.13627901903795,-1.5714815855026245
1749235500.3664544,23.143383419033412,-1.571460247039795
1749235500.4004903,23.161143069208272,-1.5720134973526
1749235500.433898,23.171798559724404,-1.5723751783370972
1749235500.4673057,23.182453819917868,-1.5726807117462158
1749235500.5007606,23.193108871375216,-1.5730085372924805
1749235500.5341682,23.203764007110887,-1.5734827518463135
1749235500.567574,23.214063344780964,-1.5735926628112793
1749235500.6009805,23.225069558225467,-1.5747414827346802
1749235500.6344104,23.2353725034102,-1.5746773481369019
1749235500.6678424,23.246030836765453,-1.5745307207107544
1749235500.7013025,23.254557412564477,-1.5754703283309937
1749235500.7347412,23.264153626250387,-1.5756393671035767
1749235500.7681024,23.278367257719772,-1.5757437944412231
1749235500.8015108,23.28904330576714,-1.5764071941375732
1749235500.8349168,23.299717208986664,-1.575869083404541
1749235500.8683207,23.30682637405237,-1.5761438608169556
1749235500.9018533,23.321044628876933,-1.576295256614685
1749235500.935276,23.335284171819655,-1.5765117406845093
1749235500.9688396,23.345953715478174,-1.5754294395446777
1749235501.0023048,23.356618775355514,-1.5758354663848877
1749235501.03571,23.366931002671176,-1.576107382774353
1749235501.0691497,23.377981538332133,-1.5750775337219238
1749235501.1025548,23.388289646195933,-1.575292944908142
1749235501.135984,23.39930724060991,-1.5756765604019165
1749235501.169427,23.409651164526153,-1.5744901895523071
1749235501.2028646,23.417171981022175,-1.5750038623809814
1749235501.2413208,23.424313524057794,-1.5740987062454224
1749235501.2754176,23.438930389448082,-1.5734421014785767
1749235501.308826,23.45284130120415,-1.5732258558273315
1749235501.3422282,23.46352810997434,-1.571889877319336
1749235501.3756297,23.474192505509535,-1.5707743167877197
1749235501.4090402,23.484863377436575,-1.5698095560073853
1749235501.442496,23.495489411192533,-1.5691347122192383
1749235501.476019,23.50574216391681,-1.5658917427062988
1749235501.5095432,23.513207983335267,-1.5641052722930908
1749235501.5429816,23.52743196508212,-1.5618700981140137
1749235501.5787468,23.531362315515356,-1.5611275434494019
1749235501.612211,23.545201868745412,-1.5579895973205566
1749235501.6456087,23.55584090344482,-1.554724097251892
1749235501.679032,23.566500259025464,-1.5521395206451416
1749235501.7126057,23.58063933797872,-1.5484071969985962
1749235501.7467096,23.587648908190612,-1.543843388557434
1749235501.7801178,23.59831446501482,-1.542819857597351
1749235501.813522,23.60892990248125,-1.5397189855575562
1749235501.8469255,23.619521376724666,-1.5359030961990356
1749235501.8803434,23.626598783580995,-1.5323818922042847
1749235501.9137495,23.637238598889162,-1.5293787717819214
1749235501.948134,23.643979208500983,-1.5261484384536743
1749235501.981515,23.661682893098423,-1.522343397140503
1749235502.0149143,23.67232002239018,-1.5187538862228394
1749235502.0483313,23.68329132202628,-1.5147054195404053
1749235502.0817409,23.693835916062007,-1.5091344118118286
1749235502.1151078,23.704098882761176,-1.5030878782272339
1749235502.1485696,23.71150855351302,-1.4995372295379639
1749235502.181996,23.729205475306294,-1.4937909841537476
1749235502.2153983,23.73980907460675,-1.4884883165359497
1749235502.248804,23.746569001635972,-1.4861321449279785
1749235502.2822814,23.7536739578737,-1.4814932346343994
1749235502.3157406,23.764530544777283,-1.4746952056884766
1749235502.349143,23.7750611022494,-1.4683399200439453
1749235502.3826053,23.78923063911237,-1.4636019468307495
1749235502.4160242,23.796260597978673,-1.4569644927978516
1749235502.4494364,23.810441837026257,-1.452044129371643
1749235502.4828434,23.820914088469692,-1.4448275566101074
1749235502.516259,23.83181651189381,-1.4380247592926025
1749235502.5496676,23.842027890967795,-1.4316887855529785
1749235502.5831418,23.855795302413586,-1.4240448474884033
1749235502.6187687,23.859269469216084,-1.4184837341308594
1749235502.652176,23.87009681173045,-1.410927176475525
1749235502.6856868,23.884152194128948,-1.403951644897461
1749235502.7192655,23.89471751698262,-1.3969534635543823
1749235502.7526202,23.908764240342112,-1.3871409893035889
1749235502.7861626,23.915748415144268,-1.3815447092056274
1749235502.81964,23.929857414479464,-1.3722056150436401
1749235502.853038,23.940447404572268,-1.3655500411987305
1749235502.886576,23.947446209801733,-1.3575856685638428
1749235502.919988,23.957975146147447,-1.3524805307388306
1749235502.9533913,23.972017631530303,-1.3419859409332275
1749235502.9867547,23.97903198619211,-1.3342721462249756
1749235503.0201578,23.989661508215434,-1.3266340494155884
1749235503.0535963,24.003190136703203,-1.3188031911849976
1749235503.0869637,24.01760216679151,-1.3087321519851685
1749235503.120393,24.02811346977655,-1.300761342048645
1749235503.1538672,24.038603698567705,-1.292393445968628
1749235503.187316,24.049125636204344,-1.2843296527862549
1749235503.220712,24.056482652914685,-1.275681734085083
1749235503.254194,24.070151763772838,-1.2675068378448486
1749235503.2876236,24.077204082633997,-1.2598105669021606
1749235503.3210027,24.094667837924998,-1.248136043548584
1749235503.3543997,24.101715953431054,-1.2392172813415527
1749235503.3878105,24.115735484241753,-1.2318928241729736
1749235503.4212773,24.12624100699602,-1.2232307195663452
1749235503.45469,24.136762479642307,-1.211728572845459
1749235503.488096,24.150802930519145,-1.2032049894332886
1749235503.5215142,24.16126194474226,-1.193871259689331
1749235503.554928,24.168310697344616,-1.188564419746399
1749235503.5883312,24.182329584486673,-1.1775343418121338
1749235503.6217935,24.192762398537713,-1.168007493019104
1749235503.655235,24.203676263102302,-1.1598198413848877
1749235503.688667,24.21379701877849,-1.1511378288269043
1749235503.7220306,24.22392065813641,-1.1387097835540771
1749235503.755394,24.237946930661263,-1.1305454969406128
1749235503.7887447,24.248848970471556,-1.1219065189361572
1749235503.8221478,24.259333580254882,-1.1128630638122559
1749235503.8555589,24.2697477601626,-1.102918267250061
1749235503.889,24.280325206701242,-1.094741702079773
1749235503.9224927,24.287297534825978,-1.085236668586731
1749235503.9559658,24.30088332349187,-1.0765275955200195
1749235503.9893785,24.311792046742983,-1.068126916885376
1749235504.0227919,24.322197204424842,-1.0584468841552734
1749235504.0562484,24.33619576066617,-1.0466761589050293
1749235504.0897741,24.346659213056327,-1.0373120307922363
1749235504.1231792,24.357158660006558,-1.0283597707748413
1749235504.156806,24.36375871954349,-1.0156539678573608
1749235504.190214,24.37812403960696,-1.0097737312316895
1749235504.2241733,24.39211672536996,-0.9975742101669312
1749235504.2576172,24.399140097570154,-0.9888381361961365
1749235504.2910035,24.412724309494003,-0.9796494841575623
1749235504.3244126,24.427065487268614,-0.9672709703445435
1749235504.357925,24.43720132619546,-0.9584745168685913
1749235504.391372,24.44801645279452,-0.9487156271934509
1749235504.424772,24.45850433738918,-0.9394348859786987
1749235504.4582095,24.472489835484325,-0.9271678924560547
1749235504.4916582,24.47946392706329,-0.9180330634117126
1749235504.525094,24.489987158159508,-0.912003755569458
1749235504.5584939,24.500417311187796,-0.8992176055908203
1749235504.5918925,24.51444183503375,-0.8903496265411377
1749235504.6252952,24.525281297619415,-0.8809075951576233
1749235504.6588368,24.53851269169185,-0.8685202598571777
1749235504.6922243,24.549386215057336,-0.8593490719795227
1749235504.7256424,24.559500253456974,-0.8501809239387512
1749235504.759289,24.56996504620763,-0.840640664100647
1749235504.792921,24.576942348408647,-0.8342034816741943
1749235504.8263335,24.58741860108948,-0.8245678544044495
1749235504.8597944,24.601786087330563,-0.8120729923248291
1749235504.8932369,24.612284025395738,-0.8028079867362976
1749235504.9266434,24.62277529330273,-0.7934663891792297
1749235504.9600585,24.63290625877445,-0.7844142913818359
1749235504.9934962,24.643712042699462,-0.7743610739707947
1749235505.0268948,24.650357135528314,-0.7649117708206177
1749235505.0602624,24.664695681572997,-0.7554978132247925
1749235505.0936368,24.674855712526142,-0.7466939091682434
1749235505.127047,24.685689307946326,-0.7370531558990479
1749235505.1604948,24.69614421117444,-0.7273080348968506
1749235505.193933,24.703510948820007,-0.7182949185371399
1749235505.2273335,24.717175288179384,-0.7092430591583252
1749235505.2607212,24.727609930035438,-0.6993661522865295
1749235505.2941253,24.738138861368455,-0.6904364824295044
1749235505.3275244,24.74860171541549,-0.6776618957519531
1749235505.360932,24.762184515939495,-0.6681798696517944
1749235505.3943987,24.77298678414787,-0.6579218506813049
1749235505.4278333,24.78002536555916,-0.6473299860954285
1749235505.461239,24.79009296414512,-0.6381035447120667
1749235505.4948015,24.804479885334587,-0.6270909309387207
1749235505.5282087,24.814973127378455,-0.6205965280532837
1749235505.5616121,24.82158087023454,-0.6103678345680237
1749235505.595094,24.83904922995093,-0.598257839679718
1749235505.6285012,24.84955198125956,-0.5888223052024841
1749235505.6619112,24.85692257589722,-0.5797269344329834
1749235505.695311,24.86701921641682,-0.573148787021637
1749235505.7287188,24.87746807547113,-0.5631775259971619
1749235505.7621727,24.888361530549457,-0.5539637804031372
1749235505.7955778,24.89851386358002,-0.5452420115470886
1749235505.8289864,24.90919141148855,-0.5309941172599792
1749235505.8623862,24.92284480530662,-0.5219722986221313
1749235505.8957896,24.92633452739039,-0.5149213075637817
1749235505.9292266,24.940614012156583,-0.5055060982704163
1749235505.9626274,24.951054251320926,-0.495737224817276
1749235505.9960341,24.961549708833573,-0.4866270124912262
1749235506.029442,24.97166996335673,-0.47758543491363525
1749235506.0628443,24.978633527905824,-0.46724578738212585
1749235506.0962539,24.99290959702246,-0.4577574133872986
1749235506.1296716,25.000259606838803,-0.44810956716537476
1749235506.1630757,25.013842289872258,-0.4386322796344757
1749235506.1965206,25.02395352842905,-0.4293416142463684
1749235506.2299247,25.034784453362438,-0.41956281661987305
1749235506.263329,25.045348786523512,-0.4112705588340759
1749235506.296728,25.055802379502605,-0.4016711711883545
1749235506.3301992,25.066361008481284,-0.3932453989982605
1749235506.3636017,25.07685421856769,-0.3842754662036896
1749235506.3970077,25.08727133576961,-0.374242901802063
1749235506.4338706,25.097775161599888,-0.36224645376205444
1749235506.4672906,25.104808384190356,-0.3565372824668884
1749235506.5006955,25.11494658744331,-0.34586071968078613
1749235506.5344017,25.128896120004576,-0.3385143578052521
1749235506.567814,25.14003597550068,-0.3285726308822632
1749235506.601279,25.15013501508858,-0.3195362389087677
1749235506.6347263,25.160635098975884,-0.31080734729766846
1749235506.668135,25.17109953967591,-0.301523357629776
1749235506.7016666,25.181625536577563,-0.29296407103538513
1749235506.735121,25.192127861422414,-0.2842714488506317
1749235506.7685196,25.202616070425044,-0.27544355392456055
1749235506.8019826,25.213124394762747,-0.2669454514980316
1749235506.8354027,25.223622091729666,-0.2583419382572174
1749235506.8688014,25.230603373784746,-0.24873916804790497
1749235506.9022117,25.245713316886388,-0.23894591629505157
1749235506.9356344,25.258321733470645,-0.23086753487586975
1749235506.9690444,25.265670315106366,-0.22498074173927307
1749235507.002537,25.276572514792726,-0.21463675796985626
1749235507.0359354,25.286786137448825,-0.2073983997106552
1749235507.0702477,25.29418928467099,-0.20067565143108368
1749235507.1088583,25.304384521947792,-0.1933806836605072
1749235507.1422927,25.32200722449972,-0.18664316833019257
1749235507.1758158,25.32902149388174,-0.1815497726202011
1749235507.2093108,25.3431520385927,-0.17289762198925018
1749235507.2426844,25.353732513332226,-0.1663629710674286
1749235507.2760885,25.364331237451616,-0.16033771634101868
1749235507.3095055,25.371377439445993,-0.15397417545318604
1749235507.3429039,25.385496432579913,-0.1480531543493271
1749235507.3763168,25.39573316458958,-0.14035268127918243
1749235507.4098024,25.410226701492213,-0.13488303124904633
1749235507.445076,25.420854937342845,-0.1301766335964203
1749235507.4786806,25.42788572754613,-0.1260674148797989
1749235507.512113,25.43848837749627,-0.1205579861998558
1749235507.5455623,25.44596025490474,-0.1166357770562172
1749235507.5789669,25.456206743716358,-0.11139799654483795
1749235507.6123817,25.470350631389817,-0.10660874098539352
1749235507.6457856,25.480998799157287,-0.10281916707754135
1749235507.679197,25.49162506798738,-0.09856659173965454
1749235507.712616,25.498718487868167,-0.09466461092233658
1749235507.7492006,25.512900619649923,-0.091105617582798
1749235507.7826614,25.520344031300912,-0.08738216012716293
1749235507.816029,25.535232697636772,-0.08336903154850006
1749235507.849434,25.544816870543237,-0.08059094846248627
1749235507.8828325,25.5551204675046,-0.07811091095209122
1749235507.9162388,25.566108312214347,-0.07467897981405258
1749235507.9496484,25.580288072015573,-0.07021718472242355
1749235507.9830906,25.586641507092445,-0.06873839348554611
1749235508.016489,25.59554894593647,-0.0667358785867691
1749235508.0498924,25.598696734087312,-0.06651000678539276
1749235508.0833004,25.60291803064834,-0.06548863649368286
1749235508.1167123,25.606637086012373,-0.06413117051124573
1749235508.1501396,25.610129528886883,-0.06364736706018448
1749235508.1835475,25.614655011288463,-0.0624183714389801
1749235508.2171793,25.61791607831799,-0.061801761388778687
1749235508.2506258,25.620084159442825,-0.06166641041636467
1749235508.2841458,25.624399704931083,-0.06121360510587692
1749235508.3176377,25.627654344851454,-0.05987868458032608
1749235508.3510895,25.630911001463126,-0.059827253222465515
1749235508.3844647,25.63521145824461,-0.058864936232566833
1749235508.4179225,25.638426305583657,-0.058504749089479446
1749235508.4513464,25.6405681328071,-0.057544976472854614
1749235508.4847715,25.644870309911298,-0.05758921802043915
1749235508.5182025,25.647012430465992,-0.05693032592535019
1749235508.5516708,25.65119030124338,-0.056929972022771835
1749235508.5850809,25.654500445480235,-0.056560955941677094
1749235508.618515,25.657612138931604,-0.05554266646504402
1749235508.6519423,25.660993250939416,-0.05582917854189873
1749235508.6853907,25.664336547268405,-0.05526101589202881
1749235508.718843,25.66762205197124,-0.05551786348223686
1749235508.7522457,25.671108943104265,-0.054338712245225906
1749235508.7856524,25.67555416920254,-0.05368855595588684
1749235508.8190908,25.67882557794258,-0.05448798090219498
1749235508.852668,25.683107318637386,-0.052962347865104675
1749235508.8860946,25.685335353870805,-0.052734147757291794
1749235508.9194965,25.689416411862414,-0.053045451641082764
1749235508.9529517,25.692487584044315,-0.052489589899778366
1749235508.98644,25.695508007064937,-0.05237483233213425
1749235509.0198524,25.698456627108758,-0.052308376878499985
1749235509.05325,25.700396041800406,-0.05203620344400406
1749235509.086654,25.704221789029052,-0.05196279659867287
1749235509.1200519,25.705165583843865,-0.05200745537877083
1749235509.1534712,25.708919766611512,-0.051367346197366714
1749235509.1869922,25.710873081849748,-0.05152041092514992
1749235509.2208836,25.713519971970314,-0.051329080015420914
1749235509.2542992,25.71708841097827,-0.050565142184495926
1749235509.2878344,25.71982953289372,-0.050950754433870316
1749235509.3212626,25.721482406830425,-0.05032558739185333
1749235509.3548746,25.724898582290464,-0.050283316522836685
1749235509.3883762,25.727399888484808,-0.049799833446741104
1749235509.4217758,25.730583676125175,-0.05003174766898155
1749235509.455217,25.733074881943086,-0.0488874614238739
1749235509.488755,25.735498704466618,-0.04922905191779137
1749235509.5222106,25.73700060949066,-0.04859309270977974
1749235509.5556133,25.739477939075222,-0.04877137765288353
1749235509.589263,25.74259694340522,-0.04800299182534218
1749235509.6234205,25.744200354075115,-0.04827244579792023
1749235509.656861,25.747113474896356,-0.0474528968334198
1749235509.6903117,25.74947935674411,-0.048199161887168884
1749235509.7237267,25.75096497789198,-0.04689774662256241
1749235509.757132,25.753909392151783,-0.04764755442738533
1749235509.7906907,25.756007854181334,-0.047129400074481964
1749235509.8240967,25.757369409185063,-0.046834591776132584
1749235509.8575022,25.75931727439555,-0.04708227142691612
1749235509.8909197,25.760713113680943,-0.04617086052894592
1749235509.9243739,25.76335052824188,-0.0463399663567543
1749235509.9577954,25.765907577411106,-0.04602630436420441
1749235509.9912796,25.767165208446897,-0.045960985124111176
1749235510.0246842,25.76900883740998,-0.04537848010659218
1749235510.0580947,25.771369299788798,-0.04562300816178322
1749235510.0915093,25.7732491805116,-0.04492665082216263
1749235510.1249213,25.775089909434236,-0.04540570080280304
1749235510.158322,25.777405751051997,-0.04515056684613228
1749235510.1917243,25.778565103591216,-0.044543106108903885
1749235510.2251735,25.780353990884514,-0.04468367248773575
1749235510.258589,25.782607988021446,-0.044020432978868484
1749235510.292034,25.784166271853795,-0.043759167194366455
1749235510.3255904,25.785850952841688,-0.044320907443761826
1749235510.3590403,25.787459713830323,-0.043227389454841614
1749235510.3925078,25.789121088043775,-0.0436980314552784
1749235510.426119,25.790187167164337,-0.04324178025126457
1749235510.4595864,25.79174446232819,-0.04257955029606819
1749235510.4949305,25.79276356496857,-0.04217098653316498
1749235510.5283892,25.794255501575766,-0.04255560040473938
1749235510.5619938,25.796167873873575,-0.04199625179171562
1749235510.5954018,25.797563992877947,-0.04174397513270378
1749235510.628802,25.798934061249906,-0.04162329435348511
1749235510.662266,25.800282786659224,-0.041617684066295624
1749235510.6958659,25.801589078906872,-0.04190487414598465
1749235510.7292752,25.80246682141917,-0.04170777648687363
1749235510.7627158,25.803380034365958,-0.041171979159116745
1749235510.7961624,25.805064929643077,-0.040922921150922775
1749235510.8295665,25.80633218641536,-0.04084571450948715
1749235510.8629677,25.808028005982028,-0.04091399908065796
1749235510.898708,25.809248969362717,-0.040936172008514404
1749235510.9321136,25.81045701482936,-0.04046522080898285
1749235510.9655378,25.812032292879625,-0.040373656898736954
1749235510.9989371,25.812762934849555,-0.04017212614417076
1749235511.0328643,25.813564771409755,-0.03981894254684448
1749235511.066261,25.815421907659267,-0.04001197963953018
1749235511.1001348,25.8161488371708,-0.03981446474790573
1749235511.1335058,25.817192024844104,-0.039398521184921265
1749235511.1669075,25.818651080789106,-0.03939541429281235
1749235511.2004075,25.819347344933533,-0.03921165317296982
1749235511.2338157,25.820721455431404,-0.039081815630197525
1749235511.267334,25.82172922321797,-0.0389891192317009
1749235511.3007317,25.822685947355787,-0.03877570852637291
1749235511.3341348,25.823695571715955,-0.03878559544682503
1749235511.3675554,25.824622369131333,-0.03844914957880974
1749235511.4009597,25.825600368377817,-0.03838704153895378
1749235511.4343688,25.826537131562095,-0.03823402151465416
1749235511.467817,25.827713116401682,-0.03792824223637581
1749235511.5013223,25.828612488933114,-0.03790942579507828
1749235511.5348942,25.829521628047335,-0.037805281579494476
1749235511.5683622,25.83035957054061,-0.03771566227078438
1749235511.6018085,25.831239555680884,-0.037554286420345306
1749235511.6352184,25.832105200092055,-0.03752800077199936
1749235511.6686242,25.8329047042438,-0.037355877459049225
1749235511.7020352,25.833447344825995,-0.037185098975896835
1749235511.7354593,25.834279600658085,-0.03709682449698448
1749235511.768901,25.83556595784711,-0.03699726611375809
1749235511.8023064,25.83619547312439,-0.03691526874899864
1749235511.8357115,25.836539491173493,-0.036874741315841675
1749235511.869133,25.836696734781174,-0.03684394806623459
1749235511.9026644,25.836843169057914,-0.0368511788547039
1749235511.9360824,25.836908080349104,-0.036842815577983856
1749235511.9694507,25.83694466973139,-0.03684486076235771
1749235512.0028563,25.836965697529997,-0.03683796525001526
1749235512.0362663,25.836978827551306,-0.03683466836810112
1749235512.0696685,25.83698121589096,-0.03683483973145485
1749235512.1030738,25.83698856486213,-0.03683585673570633
1749235512.1365476,25.836996649342268,-0.03684839978814125
1749235512.1701856,25.83699516422526,-0.03684717416763306
1749235512.2035904,25.837000865451532,-0.036846138536930084
1749235512.237018,25.83700497295546,-0.036849088966846466
1749235512.2704294,25.837012436227898,-0.03686896339058876
1749235512.3040962,25.83700930247829,-0.03686275705695152
1749235512.3375165,25.837017425095446,-0.03686649352312088
1749235512.3709178,25.837014509226936,-0.036858368664979935
1749235512.4046497,25.837016507849306,-0.036863259971141815
1749235512.438303,25.837017670071354,-0.036864254623651505
1749235512.471688,25.837019125972617,-0.036863505840301514
1749235512.5051086,25.837020383259876,-0.03686310723423958
1749235512.5385091,25.83702779645263,-0.036861393600702286
1749235512.571915,25.83702843718016,-0.03685423359274864
1749235512.605323,25.83703078483029,-0.03684181720018387
1749235512.638701,25.837039589518216,-0.036858148872852325
1749235512.6721025,25.83703731595085,-0.03685133531689644
1749235512.705551,25.8370394694264,-0.03685702756047249
1749235512.7389586,25.83704053297603,-0.036855440586805344
1749235512.7724059,25.83704413305509,-0.03685813024640083
1749235512.8058276,25.83704903199769,-0.036862269043922424
1749235512.839286,25.837053903426,-0.036863137036561966
1749235512.873327,25.837053092553447,-0.036866091191768646
1749235512.9068704,25.837060778053964,-0.036874908953905106
1749235512.9402475,25.837058460484403,-0.036859624087810516
1749235512.973664,25.83707292676813,-0.036882203072309494
1749235513.007078,25.83706742222276,-0.036874935030937195
1749235513.0404902,25.837074586781462,-0.03688669949769974
1749235513.0740125,25.8370803260906,-0.0369129441678524
1749235513.107464,25.837079062339647,-0.036905884742736816
1749235513.1409261,25.837084938785644,-0.036914169788360596
1749235513.1747081,25.83708846802209,-0.036912813782691956
1749235513.2081587,25.83708771874859,-0.03692007064819336
1749235513.241569,25.837099784746197,-0.03692985326051712
1749235513.275386,25.837093956521972,-0.03692261502146721
1749235513.308787,25.83710241303051,-0.036887276917696
1749235513.3422513,25.837115212165717,-0.03690396994352341
1749235513.3757033,25.83710907876027,-0.03688347339630127
1749235513.4091115,25.83711622277424,-0.03689483925700188
1749235513.4425185,25.83711719719168,-0.036910656839609146
1749235513.4759443,25.83713153038744,-0.03693747892975807
1749235513.509865,25.837123319572072,-0.036965008825063705
1749235513.5433,25.83713760151965,-0.036960311233997345
1749235513.5767071,25.837132345573597,-0.036968886852264404
1749235513.6101105,25.837139973229682,-0.03697338327765465
1749235513.643516,25.837144321073314,-0.03699531778693199
1749235513.6769276,25.837143683624802,-0.036985866725444794
1749235513.710358,25.83715052099576,-0.03699914738535881
1749235513.7437603,25.837147992061887,-0.03699152171611786
1749235513.7771895,25.837155900811595,-0.03699905425310135
1749235513.810603,25.837154612784452,-0.03701426461338997
1749235513.844018,25.837164487558503,-0.03701299801468849
1749235513.8774269,25.837169514032418,-0.03703342750668526
1749235513.9108336,25.837176313694506,-0.03703689947724342
1749235513.9442313,25.837172376271067,-0.03705745190382004
1749235513.9776368,25.837189407318217,-0.03706369921565056
1749235514.011153,25.837184994813175,-0.03704279288649559
1749235514.044576,25.837189720987563,-0.03704972192645073
1749235514.0779562,25.837191849928992,-0.03702888637781143
1749235514.1114547,25.83719272637832,-0.03703378885984421
1749235514.1450763,25.837194595235033,-0.03703220933675766
1749235514.1784885,25.837199017667853,-0.037031885236501694
1749235514.211912,25.83720418590531,-0.03703976795077324
1749235514.2454808,25.837209637826234,-0.03705950081348419
1749235514.2790246,25.83720914694037,-0.037053629755973816
1749235514.3124275,25.837212749924625,-0.03706105425953865
1749235514.34591,25.837212247907956,-0.037053074687719345
1749235514.3794234,25.83721627115458,-0.0370614118874073
1749235514.4128401,25.837220408743867,-0.03706276789307594
1749235514.4462507,25.83722140489975,-0.03706131502985954
1749235514.4802656,25.83722168505307,-0.03705881908535957
1749235514.5136952,25.837228519232553,-0.037070825695991516
1749235514.5471327,25.83722806591125,-0.03708234801888466
1749235514.5805302,25.837234198360573,-0.037082597613334656
1749235514.6139553,25.837231032600183,-0.037072788923978806
1749235514.647369,25.837243294520043,-0.037093598395586014
1749235514.680826,25.8372402449898,-0.037075649946928024
1749235514.7142997,25.837247392842652,-0.03710424154996872
1749235514.7477443,25.837250105536675,-0.03709838166832924
1749235514.7812173,25.837251661923023,-0.037079356610774994
1749235514.8146453,25.837975776603827,-0.03756261244416237
1749235514.8480613,25.841970993644455,-0.03572018817067146
1749235514.8833737,25.848013548657747,-0.03283606842160225
1749235514.9167836,25.85597588446889,-0.029364222660660744
1749235514.9501913,25.863829043972203,-0.02651805989444256
1749235514.9835963,25.872389068028898,-0.024729957804083824
1749235515.0170012,25.883731683248246,-0.020881032571196556
1749235515.0504081,25.892832566795192,-0.017216350883245468
1749235515.0837965,25.901850354249515,-0.01544019766151905
1749235515.117325,25.911010872790246,-0.013723721727728844
1749235515.1507044,25.91989640183244,-0.010278782807290554
1749235515.1841474,25.9295207636976,-0.00806279294192791
1749235515.2175455,25.938633485317546,-0.006479451432824135
1749235515.2509449,25.948383866148383,-0.0035630841739475727
1749235515.2845306,25.954698238617706,-0.0015500993467867374
1749235515.3179548,25.96488264664618,0.0014896675711497664
1749235515.3513865,25.973837907011276,0.0034830779768526554
1749235515.3848195,25.98312591797047,0.005211726296693087
1749235515.4182281,25.9928007446888,0.0073654805310070515
1749235515.4516444,25.999607346308395,0.009499244391918182
1749235515.4850864,26.009322993853253,0.013101821765303612
1749235515.5189269,26.02599827448216,0.014732380397617817
1749235515.5523293,26.035527128177552,0.016785217449069023
1749235515.5857067,26.04180919675401,0.01744493655860424
1749235515.6194124,26.0517437010313,0.0202251598238945
1749235515.6527746,26.062063582812282,0.021721480414271355
1749235515.686171,26.07206847076994,0.02298096939921379
1749235515.719576,26.079102973698316,0.024411365389823914
1749235515.7529929,26.092211567748233,0.026299240067601204
1749235515.7864525,26.102354403605414,0.02706817351281643
1749235515.8198557,26.11250879115242,0.028832226991653442
1749235515.8541198,26.12268090252441,0.031244413927197456
1749235515.887526,26.13632296782516,0.031934548169374466
1749235515.9208906,26.146563161914965,0.033728066831827164
1749235515.9542887,26.1537426805463,0.03475027158856392
1749235515.9876983,26.166670190533047,0.032740868628025055
1749235516.0211098,26.173815191060104,0.030347825959324837
1749235516.0545177,26.183704807067222,0.028587764129042625
1749235516.0879323,26.194301841056884,0.02866249717772007
1749235516.1213305,26.20760933783948,0.026646774262189865
1749235516.1547456,26.218230803048485,0.025611231103539467
1749235516.188186,26.2260913717929,0.02357417158782482
1749235516.2216306,26.238741624857564,0.02145715244114399
1749235516.2550488,26.248653463218947,0.02006412297487259
1749235516.2884505,26.259611246297304,0.019787201657891273
1749235516.3218515,26.266087683148047,0.018743224442005157
1749235516.35532,26.279386444130825,0.016401000320911407
1749235516.3887224,26.28998580355122,0.014803971163928509
1749235516.422231,26.300578370179515,0.013663118705153465
1749235516.4556353,26.310501115738372,0.013116330839693546
1749235516.4890587,26.32075563045686,0.011702684685587883
1749235516.5224943,26.330993865047237,0.010615297593176365
1749235516.5575943,26.341228032052783,0.007889983244240284
1749235516.590993,26.34808130985961,0.00686101196333766
1749235516.6244395,26.35840219933815,0.006203362252563238
1749235516.6578438,26.372172314605006,0.004214739892631769
1749235516.6912477,26.379421235977343,0.003762782085686922
1749235516.7246864,26.392871877344966,0.002094247378408909
1749235516.758087,26.399770907326484,0.002222841139882803
1749235516.7915108,26.413533395387617,0.000910791743081063
1749235516.8250656,26.42385002467743,7.655486115254462e-05
1749235516.8584764,26.437554204546387,-0.0012208239641040564
1749235516.8919175,26.447831841396727,-0.0023826181422919035
1749235516.925355,26.458110268738434,-0.0031450947280973196
1749235516.9587843,26.468369252572,-0.003990962170064449
1749235516.9922924,26.478218465053747,-0.00294570648111403
1749235517.0256944,26.488710138487868,-0.004866284318268299
1749235517.059098,26.498572448667883,-0.0047024874947965145
1749235517.0925908,26.5060847871246,-0.006457305978983641
1749235517.125974,26.51603352504257,-0.006332885008305311
1749235517.1594985,26.52941811275109,-0.007486673071980476
1749235517.192901,26.536580652781787,-0.008591733872890472
1749235517.226305,26.54646668955248,-0.0075930701568722725
1749235517.2597084,26.560495527224564,-0.007564949803054333
1749235517.293116,26.56700600403778,-0.008198702707886696
1749235517.3265421,26.581047894574024,-0.008368568494915962
1749235517.3600078,26.591658243641742,-0.008633087389171124
1749235517.3936853,26.598161348400925,-0.008949020877480507
1749235517.4270837,26.60842588702671,-0.009583636187016964
1749235517.4604812,26.622114487552437,-0.010324012488126755
1749235517.4939291,26.632376868537982,-0.01060253381729126
1749235517.5273323,26.642643239820426,-0.010411224327981472
1749235517.5607321,26.649499776489044,-0.011461852118372917
1749235517.594214,26.663560853249248,-0.01152116060256958
1749235517.6276214,26.673495374334763,-0.011266977526247501
1749235517.661098,26.683422469747025,-0.011514198035001755
1749235517.694513,26.694040630609823,-0.011807691305875778
1749235517.7279112,26.707420060209756,-0.011418212205171585
1749235517.7613106,26.718072038307657,-0.01223655603826046
1749235517.7950943,26.72836136290893,-0.011840909719467163
1749235517.8285122,26.738290951396284,-0.012647191062569618
1749235517.8619356,26.74548978387577,-0.01274906750768423
1749235517.8953834,26.755774421834595,-0.012113814242184162
1749235517.9288478,26.76984940618689,-0.012706464156508446
1749235517.962296,26.779777371703325,-0.012320450507104397
1749235517.9957023,26.790059756621165,-0.013470688834786415
1749235518.0291557,26.797600555774356,-0.013449335470795631
1749235518.0625675,26.813704068271626,-0.01314238179475069
1749235518.096018,26.824313338497074,-0.012947246432304382
1749235518.1294212,26.834586831932985,-0.013146206736564636
1749235518.1628344,26.844519601073298,-0.014019975438714027
1749235518.1962433,26.85482920599073,-0.013895907439291477
1749235518.2296464,26.86549108075352,-0.014893786050379276
1749235518.263044,26.875814116290524,-0.01457077357918024
1749235518.2971935,26.88611740769474,-0.015338058583438396
1749235518.3305445,26.89983589538029,-0.015293769538402557
1749235518.3640728,26.906692736873023,-0.015823986381292343
1749235518.397483,26.920097101894893,-0.0152187030762434
1749235518.430873,26.927314759659613,-0.015953965485095978
1749235518.4642706,26.93109428804952,-0.01615441031754017
1749235518.4980903,26.947851746168254,-0.01576063595712185
1749235518.5314922,26.95470907890183,-0.016241740435361862
1749235518.5649347,26.9684293524559,-0.015790319070219994
1749235518.5983565,26.975296134920168,-0.0161833968013525
1749235518.6318102,26.988662221132547,-0.015786590054631233
1749235518.6652331,26.998948937497182,-0.016073059290647507
1749235518.6986759,27.00959368970299,-0.015074612572789192
1749235518.7321131,27.01989801316641,-0.015691682696342468
1749235518.7655153,27.03362903345096,-0.014659554697573185
1749235518.7989821,27.043933759056987,-0.014803636819124222
1749235518.8323982,27.05423863319604,-0.013276019133627415
1749235518.865792,27.064555797263047,-0.013051060028374195
1749235518.8992028,27.077925909810904,-0.011590760201215744
1749235518.9326138,27.085138151621933,-0.010286948643624783
1749235518.9660244,27.09854620374355,-0.01015382818877697
1749235518.9994342,27.10917241814033,-0.008507881313562393
1749235519.0328507,27.116366750718765,-0.0074576735496521
1749235519.0665565,27.129354873374865,-0.006119841709733009
1749235519.0999558,27.13993816312158,-0.004107015207409859
1749235519.1333625,27.149856032752172,-0.0027973284013569355
1749235519.1667314,27.160099415894592,-0.0011632726527750492
1749235519.2001288,27.17032693624214,0.0025824452750384808
1749235519.2335365,27.18437598990407,0.003990513738244772
1749235519.2668982,27.191215912446765,0.0055029368959367275
1749235519.3002985,27.201476958672547,0.008292441256344318
1749235519.3337889,27.211752101166777,0.009367088787257671
1749235519.3672066,27.222035986223993,0.010213038884103298
1749235519.4007409,27.233001819905315,0.012512044049799442
1749235519.4341803,27.242626617916148,0.013274302706122398
1749235519.4676242,27.25292851932055,0.014272918924689293
1749235519.5010803,27.263205272804957,0.014527363702654839
1749235519.5345068,27.273143676404807,0.014317236840724945
1749235519.5680838,27.284101825944578,0.015132167376577854
1749235519.6014879,27.294028331532274,0.015786729753017426
1749235519.6348817,27.300530682871816,0.016465557739138603
1749235519.668283,27.314218902259956,0.01701287180185318
1749235519.701725,27.32448331111172,0.017936505377292633
1749235519.735124,27.338513047317498,0.018541237339377403
1749235519.7685804,27.34843888629043,0.01885697804391384
1749235519.8021746,27.358706931858823,0.01871860958635807
1749235519.8357275,27.36588501958721,0.0193956159055233
1749235519.8691893,27.379562054259747,0.01998940482735634
1749235519.9026022,27.38982481879133,0.020017411559820175
1749235519.9360065,27.399746453656306,0.02047167345881462
1749235519.9694245,27.40693221241146,0.020275864750146866
1749235520.002865,27.4206195914329,0.020837819203734398
1749235520.0365753,27.43088547415325,0.02091631107032299
1749235520.069996,27.440807975015154,0.021052686497569084
1749235520.103362,27.44765031788673,0.021285280585289
1749235520.136765,27.461677085650603,0.021170005202293396
1749235520.1701493,27.471940016109034,0.021201040595769882
1749235520.2036,27.482202542917495,0.02122560143470764
1749235520.2369723,27.49588489361203,0.021364392712712288
1749235520.2704036,27.505817351350462,0.021463492885231972
1749235520.3038104,27.51644031717772,0.02060193009674549
1749235520.3371692,27.523296591801397,0.021291889250278473
1749235520.370576,27.537006192759915,0.020639341324567795
1749235520.4040053,27.546967709181963,0.021405033767223358
1749235520.437453,27.550742499074815,0.020913686603307724
1749235520.4708652,27.564122688531402,0.02116698957979679
1749235520.5043306,27.574743830972725,0.021278485655784607
1749235520.5377324,27.585014821356918,0.020897764712572098
1749235520.5711179,27.59186043247864,0.02088879607617855
1749235520.6045163,27.608628618044232,0.020848866552114487
1749235520.6379497,27.61923594753267,0.02075287513434887
1749235520.671354,27.629500478188415,0.020627792924642563
1749235520.704811,27.6363433313481,0.020484400913119316
1749235520.738267,27.646606951196286,0.02029065042734146
1749235520.7717402,27.65344914989722,0.01994943432509899
1749235520.8054087,27.667133486703154,0.019920997321605682
1749235520.8388526,27.677396346621578,0.019876699894666672
1749235520.8722672,27.687658078043885,0.019465794786810875
1749235520.9057064,27.6944994278144,0.01918903738260269
1749235520.9391294,27.708181835174653,0.019083216786384583
1749235520.9725366,27.718100764034943,0.0188731886446476
1749235521.0059402,27.7287030770462,0.018564637750387192
1749235521.0394177,27.738620931765123,0.018359152600169182
1749235521.0728207,27.745802227140004,0.018141962587833405
1749235521.106337,27.75264149879808,0.01789449341595173
1749235521.1399293,27.770082662514053,0.01735636405646801
1749235521.17338,27.776581160596315,0.01735222153365612
1749235521.206969,27.79060255285613,0.016886230558156967
1749235521.240371,27.800178251314573,0.016884148120880127
1749235521.2738736,27.810780079385445,0.016509711742401123
1749235521.3072808,27.82103921681553,0.016319384798407555
1749235521.3410323,27.831298613874345,0.016154268756508827
1749235521.3744562,27.84121646500847,0.01586298644542694
1749235521.408082,27.851818137454647,0.015773721039295197
1749235521.4416363,27.858315998418213,0.015633339062333107
1749235521.4751167,27.86891864598655,0.015497582033276558
1749235521.5085511,27.879863176289938,0.015281621366739273
1749235521.5422962,27.886703111728348,0.015183145180344582
1749235521.5757031,27.896278309244266,0.01500799972563982
1749235521.609329,27.90653761201627,0.014802667312324047
1749235521.6427162,27.920216773823913,0.014661663211882114
1749235521.6760821,27.933553542176497,0.01428678072988987
1749235521.709484,27.944155248031947,0.01409116294234991
1749235521.742887,27.95099525483764,0.014123580418527126
1749235521.7763507,27.957492701644398,0.013683895580470562
1749235521.810103,27.97151505018677,0.013675323687493801
1749235521.8435364,27.978354570825786,0.013483748771250248
1749235521.8769436,27.98827220643756,0.0129627650603652
1749235521.9103925,27.998875126675074,0.013006826862692833
1749235521.9438193,28.00913535908157,0.012866966426372528
1749235521.9772222,28.022474376488177,0.01301827747374773
1749235522.0106375,28.031685035352623,0.012659924104809761
1749235522.0440538,28.03580017927016,0.012455940246582031
1749235522.0783389,28.040541998184484,0.01209350023418665
1749235522.111738,28.045854397412675,0.01214052364230156
1749235522.1451972,28.049280418034225,0.011973623186349869
1749235522.1786022,28.052653018057242,0.011799768544733524
1749235522.212008,28.053865785150606,0.011915097944438457
1749235522.245582,28.058211538166827,0.01158481277525425
1749235522.2790575,28.06025626321895,0.01160349603742361
1749235522.3124993,28.06464737188399,0.011316094547510147
1749235522.3459008,28.067852871766,0.011027946136891842
1749235522.3793035,28.07095575401804,0.011281518265604973
1749235522.412707,28.073315793613133,0.01034491416066885
1749235522.4461157,28.0765607968656,0.010962051339447498
1749235522.4796255,28.08079584186138,0.01023976318538189
1749235522.5130842,28.085117422772917,0.01016686949878931
1749235522.5464814,28.087898897040755,0.009680095128715038
1749235522.5799303,28.091538007216347,0.009589985944330692
1749235522.613435,28.094632324616665,0.009187623858451843
1749235522.6469219,28.09719656346827,0.00914231687784195
1749235522.680351,28.10113424622428,0.008258664049208164
1749235522.7139473,28.103272215077283,0.008097763173282146
1749235522.7473757,28.105413210771232,0.007915767841041088
1749235522.7808578,28.10967148059752,0.007580453064292669
1749235522.814257,28.11183420649892,0.007307661231607199
1749235522.8476758,28.115422346558276,0.006688081193715334
1749235522.8811126,28.119290597735148,0.006291547790169716
1749235522.9145205,28.12191977912092,0.005741441156715155
1749235522.9478972,28.127260379765346,0.0056532579474151134
1749235522.9812949,28.131111488489616,0.005044167395681143
1749235523.0146976,28.134001142144758,0.00390756456181407
1749235523.0482767,28.137793751693135,0.0037440424785017967
1749235523.0819056,28.143066890844114,0.0016837260918691754
1749235523.115404,28.14675960062493,0.0009040394797921181
1749235523.148812,28.150499891878315,0.000356210395693779
1749235523.1825624,28.15416937010478,-0.0010558281792327762
1749235523.2159765,28.156617517849472,-0.0014949975302442908
1749235523.249393,28.161417385489568,-0.0025004688650369644
1749235523.282913,28.163774159049915,-0.003562398487702012
1749235523.3163805,28.16737206034453,-0.0037161994259804487
1749235523.3497875,28.17163625140281,-0.0051051839254796505
1749235523.3831987,28.175092294244443,-0.005798660684376955
1749235523.416602,28.17836292850163,-0.007010824978351593
1749235523.4500692,28.181620639987965,-0.0070672896690666676
1749235523.4834664,28.18470731789175,-0.008486759848892689
1749235523.516872,28.18697238322249,-0.008353467099368572
1749235523.550539,28.190124695396165,-0.010325033217668533
1749235523.5840504,28.193241389631723,-0.011443824507296085
1749235523.6177197,28.19416213897315,-0.011141869239509106
1749235523.6511312,28.199234025131375,-0.012693352997303009
1749235523.6847842,28.20128390573967,-0.013562637381255627
1749235523.7182598,28.203993002239503,-0.013575469143688679
1749235523.7516727,28.206930052234426,-0.013816398568451405
1749235523.7850823,28.209814378000686,-0.015063796192407608
1749235523.8184893,28.212380347890857,-0.014809848740696907
1749235523.8518794,28.21509612985528,-0.0161296259611845
1749235523.885281,28.217904631302815,-0.01606525480747223
1749235523.9187448,28.220525678619907,-0.016564251855015755
1749235523.9521422,28.22216126594942,-0.01752074621617794
1749235523.9857264,28.22487229824303,-0.017692726105451584
1749235524.0228255,28.227442348163677,-0.018886752426624298
1749235524.0568895,28.230034897472624,-0.01915719173848629
1749235524.090456,28.23250370617736,-0.019846752285957336
1749235524.123878,28.23487994538859,-0.020549174398183823
1749235524.1572661,28.236453948440694,-0.02013087086379528
1749235524.1906888,28.24029117125793,-0.020790614187717438
1749235524.2241204,28.242473625432353,-0.0213969424366951
1749235524.2576163,28.24478332887983,-0.021187271922826767
1749235524.2910337,28.246963735782447,-0.021920720115303993
1749235524.32452,28.249043467895387,-0.022494487464427948
1749235524.3581169,28.25194870047477,-0.02347668819129467
1749235524.3915622,28.253287776090893,-0.02373238280415535
1749235524.4285922,28.255495911826646,-0.02381037175655365
1749235524.4620025,28.258330733663474,-0.02478412166237831
1749235524.4954004,28.259668430241852,-0.02526150830090046
1749235524.5288107,28.26248286706304,-0.02491457387804985
1749235524.5622108,28.264099316650995,-0.02579459920525551
1749235524.5956323,28.26719512124886,-0.025537818670272827
1749235524.6292703,28.26902245872765,-0.025848817080259323
1749235524.6627862,28.270865409358844,-0.025876877829432487
1749235524.6967032,28.272664011714657,-0.026232538744807243
1749235524.7301035,28.274404048072054,-0.026904135942459106
1749235524.7637324,28.27567688506928,-0.026310455054044724
1749235524.79751,28.277488812789453,-0.027242859825491905
1749235524.8309689,28.280514616601106,-0.0269889198243618
1749235524.8644295,28.281758128250598,-0.028007838875055313
1749235524.897855,28.284011716288227,-0.027411416172981262
1749235524.93126,28.285118685680867,-0.028391826897859573
1749235524.9646678,28.28678730113846,-0.028102319687604904
1749235524.9986491,28.288433463088946,-0.028745712712407112
1749235525.0320916,28.290073060848957,-0.028323102742433548
1749235525.0655427,28.29164895609638,-0.02858234941959381
1749235525.0989525,28.292715534246557,-0.028646165505051613
1749235525.132355,28.294632892178605,-0.028939995914697647
1749235525.1657736,28.29565113617892,-0.028631586581468582
1749235525.1991785,28.2974985116367,-0.029053183272480965
1749235525.23253,28.29889093045095,-0.02870384231209755
1749235525.2660296,28.30020635702762,-0.029025482013821602
1749235525.2994437,28.30158979608934,-0.02902447246015072
1749235525.3328507,28.30286434800961,-0.029341239482164383
1749235525.366271,28.304205103442147,-0.0291691143065691
1749235525.3996415,28.305477824687983,-0.029277456924319267
1749235525.4330463,28.30672721941768,-0.029383879154920578
1749235525.4664574,28.307957490975316,-0.029140841215848923
1749235525.4998546,28.308774062286474,-0.0297232773154974
1749235525.5332546,28.30998881808996,-0.029184257611632347
1749235525.5666542,28.311204858594653,-0.02972150407731533
1749235525.6000512,28.31243263058664,-0.029466761276125908
1749235525.633488,28.313242308528075,-0.02980051003396511
1749235525.6669328,28.314830230657048,-0.029413990676403046
1749235525.7003644,28.31633778619773,-0.0298412274569273
1749235525.7338386,28.316707077402118,-0.029591001570224762
1749235525.7672856,28.317798545264882,-0.029812313616275787
1749235525.8007572,28.319187681601534,-0.02979915775358677
1749235525.834155,28.320304843051517,-0.029843971133232117
1749235525.8676195,28.321259764357606,-0.02991342730820179
1749235525.9010873,28.321967311701705,-0.029925603419542313
1749235525.9344883,28.323292391497386,-0.02999904938042164
1749235525.9679003,28.323911324426554,-0.030042614787817
1749235526.001308,28.324905059393856,-0.03004545532166958
1749235526.0346928,28.3258247978893,-0.030145559459924698
1749235526.0681543,28.326758751232475,-0.030115963891148567
1749235526.1015706,28.327713297015062,-0.03019234724342823
1749235526.1349735,28.32861746653243,-0.029956255108118057
1749235526.1683772,28.32947914407393,-0.030525417998433113
1749235526.2017832,28.330402430784357,-0.029945118352770805
1749235526.2353022,28.331294030731446,-0.03051271289587021
1749235526.2687078,28.33219567386249,-0.0300978384912014
1749235526.3021836,28.3333769425858,-0.030736567452549934
1749235526.3355973,28.333672568372243,-0.0301279928535223
1749235526.36905,28.334831569936988,-0.030508263036608696
1749235526.4025297,28.335620495837386,-0.030518587678670883
1749235526.4359288,28.336442784961683,-0.030598869547247887
1749235526.4693468,28.337279709082015,-0.030618639662861824
1749235526.502893,28.33758319677018,-0.030639564618468285
1749235526.5364735,28.337700584529067,-0.030644217506051064
1749235526.5698836,28.337780275893248,-0.030648527666926384
1749235526.6034746,28.33785854024984,-0.03065197914838791
1749235526.6368773,28.33789242290411,-0.03065367229282856
1749235526.6702993,28.33790864844175,-0.03065474145114422
1749235526.7037358,28.33791628540499,-0.030655503273010254
1749235526.7371485,28.337921061898548,-0.030656104907393456
1749235526.7705538,28.337923933847765,-0.03065650723874569
1749235526.803985,28.337926331521984,-0.030657045543193817
1749235526.8382342,28.337928722841212,-0.030657844617962837
1749235526.871716,28.337929678480936,-0.03065827302634716
1749235526.9051197,28.33793206752862,-0.030658693984150887
1749235526.9385636,28.33793350121854,-0.030659111216664314
1749235526.972004,28.337935411536407,-0.03065946325659752
1749235527.0054057,28.337936845636275,-0.030659876763820648
1749235527.0388103,28.337937804258818,-0.03066028654575348
1749235527.0724077,28.337939376020984,-0.030660659074783325
1749235527.105808,28.337940810848735,-0.03066103719174862
1749235527.1392167,28.3379422633396,-0.030661476776003838
1749235527.172627,28.337943715780405,-0.03066188469529152
1749235527.206135,28.337945162278412,-0.030662259086966515
1749235527.2397873,28.33794659976604,-0.030662698671221733
1749235527.2732465,28.337947606836376,-0.030662760138511658
1749235527.3066506,28.337949528162998,-0.030663512647151947
1749235527.3400788,28.33795049787635,-0.030663760378956795
1749235527.3735073,28.337952412073452,-0.03066430427134037
1749235527.4069226,28.337954326933243,-0.030664777383208275
1749235527.4403613,28.337955785127626,-0.030664969235658646
1749235527.4737675,28.337957217483243,-0.03066537156701088
1749235527.507182,28.337958656045558,-0.030665790662169456
1749235527.540687,28.33796010495311,-0.030666109174489975
1749235527.5741467,28.3379610668152,-0.030666498467326164
1749235527.6075838,28.337963158504,-0.03066720813512802
1749235527.640994,28.33796468862996,-0.03066733106970787
1749235527.6744096,28.33796612729732,-0.03066767007112503
1749235527.7077577,28.33796709605967,-0.030668307095766068
1749235527.7411373,28.337969006384412,-0.030668653547763824
1749235527.7745907,28.337970950558717,-0.030668944120407104
1749235527.8080137,28.33797239727181,-0.030669406056404114
1749235527.8414254,28.337973831331478,-0.03066982515156269
1749235527.8749232,28.337975278301133,-0.030670061707496643
1749235527.9083498,28.33797623488115,-0.030670402571558952
1749235527.9417758,28.337977686004923,-0.03067084401845932
1749235527.9751987,28.337979602277006,-0.03067118301987648
1749235528.0086038,28.33798151791808,-0.030671771615743637
1749235528.0420177,28.337982473579416,-0.03067207708954811
1749235528.0754175,28.33798391268636,-0.03067234717309475
1749235528.1088207,28.3379853458067,-0.030672891065478325
1749235528.1422064,28.33798630854143,-0.030673466622829437
1749235528.1756206,28.337988229377906,-0.030673662200570107
1749235528.2090726,28.337990162683568,-0.03067425638437271
1749235528.2424781,28.337991597436677,-0.03067442588508129
1749235528.2758942,28.337992554519634,-0.03067501075565815
1749235528.309306,28.337994955440138,-0.030675319954752922
1749235528.3427932,28.337995911541014,-0.030675597488880157
1749235528.3762279,28.337997831531535,-0.03067612275481224
1749235528.409632,28.33799878682231,-0.03067653998732567
1749235528.4430397,28.33800069768936,-0.03067677654325962
1749235528.4764805,28.3380026212379,-0.03067724220454693
1749235528.5099,28.338004056893798,-0.03067767433822155
1749235528.5433118,28.338005012059725,-0.03067813627421856
1749235528.5767403,28.33800650970906,-0.030678484588861465
1749235528.6101487,28.33800797106404,-0.03067868761718273
1749235528.643566,28.338009405772322,-0.030679309740662575
1749235528.6769936,28.33801084228429,-0.030679479241371155
1749235528.7104013,28.33801180252048,-0.030679911375045776
1749235528.743813,28.338014196050437,-0.030680295079946518
1749235528.7772424,28.338015635094365,-0.03068096749484539
1749235528.8106549,28.338017069486547,-0.030681297183036804
1749235528.844059,28.33801755131783,-0.030681490898132324
1749235528.8775537,28.33801994818832,-0.03068208508193493
1749235528.910959,28.33802138205071,-0.030682414770126343
1749235528.9444132,28.338022338305358,-0.03068273328244686
1749235528.977814,28.338024254331064,-0.030683204531669617
1749235529.0112138,28.338025693280755,-0.03068353235721588
1749235529.044664,28.3380272043697,-0.030683957040309906
1749235529.0781097,28.338028280671303,-0.030684322118759155
1749235529.1115098,28.338029248836747,-0.030684426426887512
1749235529.144924,28.338031159909377,-0.03068476729094982
1749235529.1784155,28.3380321162787,-0.030685439705848694
1749235529.2118201,28.33803403382534,-0.030685769394040108
1749235529.2452583,28.338035442759843,-0.030686194077134132
1749235529.2796865,28.338036880850932,-0.03068655915558338
1749235529.313095,28.338038808223867,-0.030686795711517334
1749235529.3464966,28.338039769260156,-0.030687181279063225
1749235529.3799572,28.338041685201766,-0.03068772330880165
1749235529.413358,28.338043135540815,-0.030687913298606873
1749235529.446796,28.338044575905876,-0.030688397586345673
1749235529.4801955,28.33936449388612,-0.030981309711933136
1749235529.5136778,28.344451629989667,-0.029001355171203613
1749235529.5470796,28.351676452449052,-0.02655082941055298
1749235529.5804915,28.359887532687786,-0.02428741566836834
1749235529.613901,28.368669775094794,-0.021974192932248116
1749235529.647302,28.378522392401685,-0.020453421398997307
1749235529.6807022,28.384141308919453,-0.01761571690440178
1749235529.714106,28.396836331878447,-0.015412588603794575
1749235529.7475226,28.406479985396608,-0.013500782661139965
1749235529.7809308,28.41936870008161,-0.010383173823356628
1749235529.8143432,28.429068356659105,-0.007469677831977606
1749235529.847755,28.43887382712165,-0.005808521062135696
1749235529.8811936,28.445399500932915,-0.002710506319999695
1749235529.9146745,28.455232529931603,-0.0009339718380942941
1749235529.9480772,28.46478639068585,-0.00036647700471803546
1749235529.9814832,28.47527327208273,0.0022399702575057745
1749235530.014923,28.484798316107966,0.004153093788772821
1749235530.0485117,28.494728855638048,0.004568960517644882
1749235530.0819502,28.511005532562283,0.007734398357570171
1749235530.1153867,28.521415551205084,0.00893683172762394
1749235530.1490874,28.531517198462026,0.01021622121334076
1749235530.1826184,28.538280293061057,0.011995178647339344
1749235530.216026,28.548514223505645,0.013003152795135975
1749235530.2494326,28.558734498990567,0.015172796323895454
1749235530.2828732,28.56214027085084,0.01679272949695587
1749235530.3162959,28.572364089906603,0.017829254269599915
1749235530.349731,28.586399430851845,0.018576258793473244
1749235530.3831527,28.592895028434008,0.02075067348778248
1749235530.416562,28.603166842083972,0.022110208868980408
1749235530.4499698,28.62041288929602,0.02173103578388691
1749235530.4834962,28.6307963007641,0.02356093004345894
1749235530.516908,28.637378533967276,0.02451443113386631
1749235530.5503392,28.65513879670913,0.02397017739713192
1749235530.5837262,28.661756271163977,0.02361176535487175
1749235530.6171813,28.675955937331032,0.021245691925287247
1749235530.6506357,28.686036179433017,0.01892205700278282
1749235530.6840053,28.696861287639138,0.017275666818022728
1749235530.7174103,28.707009639566248,0.01585707627236843
1749235530.7510402,28.714356541332403,0.014299575239419937
1749235530.7845006,28.724509141911092,0.012484013102948666
1749235530.8179061,28.735022692244545,0.010811608284711838
1749235530.8512764,28.749046731073385,0.009262376464903355
1749235530.8846803,28.759889017275476,0.007444152608513832
1749235530.918086,28.76652062121887,0.005290643777698278
1749235530.9515588,28.777365032003985,0.0054239737801253796
1749235530.9849591,28.787803922281753,0.0031875991262495518
1749235531.0184207,28.801407317292576,0.0020386739633977413
1749235531.051827,28.80874848913673,0.0005163514870218933
1749235531.0852296,28.82273645123247,0.0005678701563738286
1749235531.1187541,28.83281371474027,-0.0014561418211087584
1749235531.1525316,28.83977588057709,-0.003678790759295225
1749235531.1859417,28.854477038415176,-0.004202717915177345
1749235531.2193656,28.864626025664503,-0.005031919572502375
1749235531.2527735,28.875129081558626,-0.006076077930629253
1749235531.2862303,28.88563275105091,-0.00825048703700304
1749235531.3227248,28.896154650742766,-0.00909496285021305
1749235531.3561578,28.906661720175226,-0.010395224206149578
1749235531.3895628,28.920317413482092,-0.01213398203253746
1749235531.4230304,28.931169972877885,-0.013248600997030735
1749235531.4563882,28.938508783725826,-0.015432051382958889
1749235531.4898229,28.95216154829273,-0.016936013475060463
1749235531.523227,28.962316299534493,-0.01674230955541134
1749235531.5566282,28.97279595579699,-0.019854309037327766
1749235531.5901713,28.98363441805859,-0.02123417891561985
1749235531.623574,28.994129496764817,-0.02136840671300888
1749235531.6569812,29.008122640938915,-0.02360486052930355
1749235531.690398,29.01478893511336,-0.02409602329134941
1749235531.7238472,29.0291983198976,-0.024438099935650826
1749235531.7574503,29.040070545659514,-0.02568678930401802
1749235531.7908556,29.046384349129667,-0.0263492614030838
1749235531.8242993,29.061095382996356,-0.026977336034178734
1749235531.8577,29.068090813031247,-0.026286287233233452
1749235531.8911018,29.081697326615537,-0.027948593720793724
1749235531.9246194,29.08834598625004,-0.028715502470731735
1749235531.958125,29.106173659011414,-0.029904868453741074
1749235531.9915059,29.113512777252723,-0.029191043227910995
1749235532.0249705,29.127516814096005,-0.02847859263420105
1749235532.0583394,29.138023808732104,-0.028484376147389412
1749235532.0917876,29.148179468904114,-0.028546204790472984
1749235532.1252277,29.158689424604002,-0.028219738975167274
1749235532.1586146,29.168840516524472,-0.027203816920518875
1749235532.1921017,29.186387501379645,-0.02683725208044052
1749235532.2255123,29.194085420524097,-0.025204623118042946
1749235532.2589529,29.20770732633824,-0.022994520142674446
1749235532.2923663,29.21821180797736,-0.020921306684613228
1749235532.3257713,29.228719304220732,-0.02015586569905281
1749235532.3592248,29.235367894921627,-0.02004138007760048
1749235532.3926406,29.24967194681218,-0.01729309931397438
1749235532.4260485,29.25981459776758,-0.015822913497686386
1749235532.459458,29.270647365163093,-0.01345154456794262
1749235532.4928386,29.284638718160185,-0.010730188339948654
1749235532.5262833,29.287793682928257,-0.008923216722905636
1749235532.5600164,29.302097650063704,-0.006647534668445587
1749235532.593416,29.31257613678353,-0.00351009052246809
1749235532.6268175,29.32657973579456,-0.0024223753716796637
1749235532.6602268,29.337097124749288,0.00016262732970062643
1749235532.6936393,29.34061381524937,0.0008056089864112437
1749235532.7270412,29.354656750707857,0.0024703650269657373
1749235532.7604554,29.365174855916838,0.003311132313683629
1749235532.793889,29.37919262073083,0.004291192628443241
1749235532.8272934,29.389709109011207,0.004564068280160427
1749235532.8607044,29.397064759240457,0.005202750209718943
1749235532.894208,29.414226043053365,0.005769749172031879
1749235532.9276094,29.41772822673917,0.0062762293964624405
1749235532.9609935,29.432089736648724,0.007056301925331354
1749235532.9944024,29.442244896937165,0.0076621961779892445
1749235533.0278008,29.452411998557753,0.007949656806886196
1749235533.0612442,29.46328004533438,0.008817187510430813
1749235533.0947733,29.473805544509666,0.00900321640074253
1749235533.1282253,29.485376267661515,0.009641245007514954
1749235533.1616359,29.494841835504506,0.010090567171573639
1749235533.1950421,29.505009488990567,0.010691095143556595
1749235533.2284334,29.512727232859287,0.011191433295607567
1749235533.261873,29.529898923396857,0.011162766255438328
1749235533.2953272,29.540061276562664,0.01168092992156744
1749235533.3289328,29.550923542546627,0.011987759731709957
1749235533.362375,29.557928722369212,0.012170333415269852
1749235533.395799,29.571594406470748,0.012057194486260414
1749235533.4292,29.58246137778914,0.01265606191009283
1749235533.4626186,29.59297759905813,0.012638060376048088
1749235533.4961615,29.603513313520914,0.013297769241034985
1749235533.5296056,29.614386692867377,0.012968553230166435
1749235533.5629637,29.621045280296602,0.013287542387843132
1749235533.5963748,29.634707448042064,0.013224505819380283
1749235533.6297786,29.645562489996728,0.01363380253314972
1749235533.6631784,29.656066867664787,0.013669101521372795
1749235533.6965964,29.670070868842117,0.013845065608620644
1749235533.7300053,29.67707251490176,0.013616642914712429
1749235533.7634099,29.680573241566115,0.01360982283949852
1749235533.796818,29.69422561101772,0.013694407418370247
1749235533.8302205,29.708577646540363,0.01359282061457634
1749235533.8636293,29.71907880144321,0.013653580099344254
1749235533.8970723,29.729579128212176,0.01340711023658514
1749235533.9304779,29.743579417450746,0.01369244884699583
1749235533.9638956,29.754078761817038,0.013359415344893932
1749235533.9973884,29.761079206090102,0.013250037096440792
1749235534.03099,29.778577433290703,0.013104252517223358
1749235534.0644088,29.7890757009487,0.01301473006606102
1749235534.097818,29.80027484632335,0.012846102006733418
1749235534.131223,29.80657370836408,0.012722588144242764
1749235534.1646624,29.824071959959095,0.012628937140107155
1749235534.1980667,29.83457088242843,0.012405033223330975
1749235534.2315233,29.84192059372865,0.012198763899505138
1749235534.2649307,29.855219475256416,0.012069042772054672
1749235534.2983994,29.869568355976867,0.0117754265666008
1749235534.331951,29.876568227444682,0.011444238014519215
1749235534.3653455,29.883217834973927,0.01126881968230009
1749235534.398768,29.89406891982135,0.011245057918131351
1749235534.4322276,29.908070453478285,0.010817229747772217
1749235534.4656591,29.918220729732532,0.01065471488982439
1749235534.4990587,29.929071056053367,0.010502317920327187
1749235534.5325084,29.93992110945927,0.010493824258446693
1749235534.5659676,29.94692223473398,0.010220693424344063
1749235534.5993965,29.960576458318094,0.009483707137405872
1749235534.6327982,29.967931368571303,0.009894253686070442
1749235534.6667,29.981587363869508,0.009219378232955933
1749235534.700142,29.992440935541957,0.009125126525759697
1749235534.7336473,30.006093708294184,0.008680259808897972
1749235534.7670445,30.01624560524812,0.008787264116108418
1749235534.8004391,30.027099772067814,0.008439489640295506
1749235534.8339396,30.03375198261752,0.007844970561563969
1749235534.8674173,30.051606560020602,0.007139034103602171
1749235534.9008842,30.058608345546027,0.006877410225570202
1749235534.9343793,30.06911026911642,0.006715215276926756
1749235534.9678693,30.079261165455964,0.0062760254368186
1749235535.0012798,30.09361165447648,0.00572430482134223
1749235535.0347497,30.100613616335163,0.005726695992052555
1749235535.068207,30.112755905021626,0.004823889583349228
1749235535.1016169,30.118822092455677,0.005589614622294903
1749235535.135023,30.12226778468224,0.004622913897037506
1749235535.1684282,30.127552737118037,0.004253180231899023
1749235535.2018962,30.131274860532173,0.004989987704902887
1749235535.235266,30.134906666950535,0.004476021509617567
1749235535.2687423,30.139410650828978,0.004318695981055498
1749235535.3021762,30.141608990467773,0.004540374036878347
1749235535.3356433,30.144876584050557,0.005068460013717413
1749235535.372698,30.148159256213,0.004398565739393234
1749235535.4063046,30.15359442870185,0.004568653646856546
1749235535.4398007,30.15672060138406,0.005276625044643879
1749235535.4732075,30.158971940570783,0.0051892283372581005
1749235535.506898,30.162177249071014,0.004770577885210514
1749235535.5402772,30.166436325964344,0.0039572399109601974
1749235535.5736787,30.16962344913949,0.0049970317631959915
1749235535.6070879,30.172819681775117,0.0049163163639605045
1749235535.6405911,30.175983778078955,0.0035525013227015734
1749235535.6740024,30.180290042822158,0.0036564860492944717
1749235535.7074194,30.18230145559145,0.0038873236626386642
1749235535.7408333,30.18443284436926,0.004416338168084621
1749235535.7742307,30.187663147074865,0.003944124095141888
1749235535.8076348,30.191933906863547,0.004261604510247707
1749235535.8410542,30.195335440041678,0.004476330708712339
1749235535.8746107,30.198552724711373,0.004099683836102486
1749235535.908024,30.201745128777272,0.002947988221421838
1749235535.9416187,30.204857335686437,0.0028744367882609367
1749235535.9750671,30.207852867956365,0.003798078978434205
1749235536.0085166,30.21104452680213,0.0027067482005804777
1749235536.041953,30.214008079613237,0.0027084718458354473
1749235536.0783823,30.21702831502416,0.001965310424566269
1749235536.111744,30.219138453910098,0.0022880483884364367
1749235536.145236,30.22297602611969,0.0017578592523932457
1749235536.1786664,30.22598733131482,0.0018589524552226067
1749235536.2122054,30.228869077115583,0.0005463153938762844
1749235536.2456346,30.231612752525354,0.0001081904920283705
1749235536.2790785,30.2335693627499,-0.00041067812708206475
1749235536.3125117,30.23728120061198,-4.442028148332611e-05
1749235536.3459103,30.239206019178823,-0.0007814654381945729
1749235536.3795216,30.242701018035014,-0.0009673625463619828
1749235536.4129298,30.245305950668875,-0.00042508658953011036
1749235536.4463334,30.24777584532104,-0.0014766327803954482
1749235536.4797447,30.250547661746907,-0.0014175984542816877
1749235536.513158,30.252946432190246,-0.0029134838841855526
1749235536.5465636,30.255573756678007,-0.003036980517208576
1749235536.5799916,30.257930653244966,-0.003583599580451846
1749235536.6133974,30.260301979033763,-0.003131129778921604
1749235536.6468039,30.261927964378625,-0.0030727931298315525
1749235536.680259,30.264155717408087,-0.003818721743300557
1749235536.7137475,30.26576900842508,-0.0033441493287682533
1749235536.7471108,30.269068078971188,-0.0035472665913403034
1749235536.7806547,30.27091293995174,-0.0031791238579899073
1749235536.8140597,30.273149691112902,-0.004110957030206919
1749235536.8474634,30.2746017157639,-0.0039058197289705276
1749235536.8809085,30.276021869566566,-0.0038476858753710985
1749235536.914313,30.278752892310646,-0.004510465078055859
1749235536.947867,30.27942865606726,-0.0046337684616446495
1749235536.9812758,30.282095688198385,-0.005665367003530264
1749235537.014684,30.28410531581001,-0.005721192341297865
1749235537.0480886,30.286008483321964,-0.005834819283336401
1749235537.0818045,30.288490859605506,-0.006535995751619339
1749235537.1152122,30.28965249514767,-0.006993317045271397
1749235537.148624,30.29152720744484,-0.00823899544775486
1749235537.1820226,30.293358547533312,-0.008531102910637856
1749235537.2155082,30.295151695065922,-0.008793764747679234
1749235537.2489696,30.29632452325054,-0.009572702459990978
1749235537.2825832,30.298632338344785,-0.010324967093765736
1749235537.3159952,30.30034286457954,-0.01082321535795927
1749235537.349468,30.30203355211323,-0.010856712237000465
1749235537.3829374,30.3031246523678,-0.011155519634485245
1749235537.4163759,30.304731415241065,-0.011901087127625942
1749235537.44985,30.305858976075104,-0.012782983481884003
1749235537.4832785,30.308431070709535,-0.012984266504645348
1749235537.5166905,30.310057928209467,-0.01248915120959282
1749235537.5501258,30.311587222595612,-0.01278270035982132
1749235537.583529,30.313067097393105,-0.014020044356584549
1749235537.6170926,30.315067356165436,-0.013513141311705112
1749235537.6506243,30.316515214488593,-0.01442460436373949
1749235537.6840363,30.317944349946785,-0.013873044401407242
1749235537.7175696,30.31948361328853,-0.01478957012295723
1749235537.7509716,30.320993133716083,-0.014552045613527298
1749235537.7844214,30.32197058447265,-0.01559089869260788
1749235537.8178582,30.32343480926446,-0.015504946932196617
1749235537.8512688,30.32482149214835,-0.015509857796132565
1749235537.8846729,30.32614555918408,-0.01605759933590889
1749235537.9181645,30.32701952230971,-0.015785520896315575
1749235537.9515667,30.328290497304597,-0.01613595336675644
1749235537.9850824,30.329532320435526,-0.016771644353866577
1749235538.0184963,30.33075965963873,-0.01642616093158722
1749235538.0519009,30.33195357628627,-0.016141975298523903
1749235538.0853662,30.333124188389437,-0.016108931973576546
1749235538.1187568,30.333888881720714,-0.016527265310287476
1749235538.152181,30.335412661498072,-0.017056096345186234
1749235538.1856954,30.33651910794916,-0.016406284645199776
1749235538.2190983,30.33798003757775,-0.016304166987538338
1749235538.252511,30.339089001811544,-0.01660216972231865
1749235538.285944,30.340163654949116,-0.0166292954236269
1749235538.3193464,30.341210800902495,-0.016765572130680084
1749235538.3527665,30.34221298545754,-0.01704021543264389
1749235538.3861673,30.342594327391893,-0.01685357838869095
1749235538.4196553,30.344305335146256,-0.01724383421242237
1749235538.4530916,30.34495615605164,-0.01681368052959442
1749235538.486577,30.346010993088225,-0.017521526664495468
1749235538.5199747,30.347477253949968,-0.01671472191810608
1749235538.5542545,30.348472343860365,-0.017513349652290344
1749235538.5876238,30.349573052083624,-0.016899555921554565
1749235538.6210492,30.35061645899508,-0.017702123150229454
1749235538.6544278,30.351671085524423,-0.016955360770225525
1749235538.6879153,30.352628716756648,-0.017748944461345673
1749235538.7213378,30.353590369182758,-0.01710045151412487
1749235538.754716,30.354492602681344,-0.017471035942435265
1749235538.7881253,30.35532638916792,-0.01741001382470131
1749235538.8215742,30.356167793122307,-0.01745494082570076
1749235538.8550262,30.356711786648635,-0.017344674095511436
1749235538.888424,30.35779789609287,-0.017863372340798378
1749235538.9218252,30.358574212681408,-0.017702564597129822
1749235538.95535,30.359223021315426,-0.01777500845491886
1749235538.9888325,30.359564563266584,-0.017805403098464012
1749235539.0222137,30.359755355175853,-0.017814509570598602
1749235539.0556612,30.359851231144358,-0.017821189016103745
1749235539.0894582,30.359913243844062,-0.017825253307819366
1749235539.1228604,30.35993566353212,-0.017826898023486137
1749235539.1564584,30.359944249490557,-0.01782800443470478
1749235539.1898582,30.35995474833855,-0.017828907817602158
1749235539.2237206,30.35995904356896,-0.01782916858792305
1749235539.2571611,30.359961906706392,-0.01782974600791931
1749235539.2906115,30.35996430119839,-0.01783010922372341
1749235539.3240125,30.35996670331761,-0.017830731347203255
1749235539.3574603,30.359967660471543,-0.01783113181591034
1749235539.3908443,30.3599695745601,-0.01783156767487526
1749235539.4243777,30.359971063637612,-0.017831988632678986
1749235539.4578903,30.359972498519163,-0.017832407727837563
1749235539.4949522,30.359973939683492,-0.01783282682299614
1749235539.5283625,30.359974897324616,-0.01783313788473606
1749235539.5617688,30.359976346025444,-0.01783355139195919
1749235539.5951698,30.35997778715313,-0.01783417910337448
1749235539.62859,30.35997874223428,-0.017834726721048355
1749235539.6620176,30.359980652074437,-0.01783483661711216
1749235539.6954124,30.359982096096136,-0.01783519797027111
1749235539.729056,30.35998400897177,-0.01783571019768715
1749235539.7625268,30.359985450021348,-0.01783611997961998
1749235539.7959743,30.359986416016813,-0.017836635932326317
1749235539.8294754,30.359988335139878,-0.017837177962064743
1749235539.8629012,30.35998929135287,-0.017837340012192726
1749235539.8963583,30.35999121072064,-0.01783774606883526
1749235539.9297638,30.359991658034797,-0.017838209867477417
1749235539.9631686,30.359993096744233,-0.017838556319475174
1749235539.9965885,30.359995022278014,-0.017838960513472557
1749235540.0300193,30.359996934367654,-0.01783958449959755
1749235540.0634325,30.359998890435822,-0.017839869484305382
1749235540.0968976,30.359999846612002,-0.0178404301404953
1749235540.130312,30.360001781286872,-0.017840730026364326
1749235540.1638055,30.36000321846371,-0.01784099079668522
1749235540.1974146,30.36000467067452,-0.017841344699263573
1749235540.2308378,30.360006583749676,-0.017841799184679985
1749235540.264253,30.36000802838626,-0.01784217357635498
1749235540.2976558,30.360009525086976,-0.01784287393093109
1749235540.331086,30.360010964441642,-0.017842978239059448
1749235540.3645036,30.360012417027676,-0.01784331537783146
1749235540.3978589,30.360013456973512,-0.017843689769506454
1749235540.4312549,30.360014935928863,-0.01784450188279152
1749235540.4646862,30.360016383847324,-0.017844537273049355
1749235540.4980972,30.36001830522018,-0.017845282331109047
1749235540.5316298,30.360019749978413,-0.01784547232091427
1749235540.565032,30.360021184350675,-0.017845749855041504
1749235540.5984442,30.3600221401228,-0.01784604974091053
1749235540.6318328,30.36002405376465,-0.01784648932516575
1749235540.6652405,30.360025493155298,-0.017846984788775444
1749235540.6986597,30.36002693958627,-0.01784726046025753
1749235540.7320807,30.360028391095966,-0.017847560346126556
1749235540.7655103,30.3600298230482,-0.017848001793026924
1749235540.7990825,30.360031260329116,-0.01784849725663662
1749235540.8325043,30.360032743787574,-0.017848772928118706
1749235540.8659062,30.36003374229162,-0.017849070951342583
1749235540.8993175,30.360035200946186,-0.017849570140242577
1749235540.9328907,30.360036161717254,-0.017850007861852646
1749235540.9663062,30.360038071110715,-0.017850548028945923
1749235540.9997044,30.360039522889746,-0.01785065233707428
1749235541.0331092,30.36004052260825,-0.017851341515779495
1749235541.0665164,30.3600424605281,-0.017851518467068672
1749235541.0999064,30.36004390160035,-0.017851902171969414
1749235541.1333082,30.360045818553203,-0.0178524199873209
1749235541.166684,30.360047278835633,-0.017852839082479477
1749235541.2001367,30.36004823325984,-0.01785302720963955
1749235541.2335877,30.36004967062086,-0.017853302881121635
1749235541.2670298,30.360051103913158,-0.017853600904345512
1749235541.300527,30.36005201741181,-0.0178543608635664
1749235541.3339207,30.360053459228396,-0.017854537814855576
1749235541.367572,30.360054455171994,-0.017855077981948853
1749235541.4009264,30.360056380080547,-0.017855439335107803
1749235541.4343276,30.360057816118122,-0.017855651676654816
1749235541.467749,30.360059254221,-0.01785583421587944
1749235541.5011437,30.36006116875808,-0.017856450751423836
1749235541.5346146,30.360062127287996,-0.017856670543551445
1749235541.568148,30.360063571834203,-0.017857013270258904
1749235541.6015475,30.360065484551303,-0.017857560887932777
1749235541.6349454,30.36006644484259,-0.017857849597930908
1749235541.668372,30.360068364984066,-0.017858358100056648
1749235541.7017832,30.360069804219215,-0.017858773469924927
1749235541.7353399,30.36007082753683,-0.01785895973443985
1749235541.7687209,30.3600722680307,-0.01785946823656559
1749235541.802132,30.360073714835643,-0.01785978116095066
1749235541.8355987,30.36007516383282,-0.017860068008303642
1749235541.8690066,30.360076121898057,-0.017860274761915207
1749235541.9024122,30.36007756507767,-0.01786077581346035
1749235541.9358683,30.360078524676528,-0.017861273139715195
1749235541.96927,30.360518050512106,-0.01832417957484722
1749235542.0029235,30.364788777615164,-0.016926636919379234
1749235542.0363724,30.36922714493764,-0.015814144164323807
1749235542.0705833,30.38005382547006,-0.012870623730123043
1749235542.1043246,30.38904955773175,-0.010329078882932663
1749235542.1382005,30.395295336585946,-0.009778621606528759
1749235542.171629,30.404767442149627,-0.005737718194723129
1749235542.2051158,30.411137165503217,-0.004162802826613188
1749235542.2385259,30.42082108506159,-0.0037326847668737173
1749235542.271983,30.427309749560063,-0.0014264158671721816
1749235542.305347,30.437103281456938,0.0006254438194446266
1749235542.3388333,30.450323613473497,0.00023820222122594714
1749235542.3722,30.460265315564296,0.0029206834733486176
1749235542.4055986,30.46991918728327,0.004954339005053043
1749235542.4447827,30.476949819180764,0.005926894955337048
1749235542.478192,30.483676979817144,0.007261243648827076
1749235542.5117838,30.497182160458248,0.009572774171829224
1749235542.5451834,30.503963183093273,0.010769437067210674
1749235542.5785875,30.511082199806122,0.01245183777064085
1749235542.6120126,30.524311526157575,0.013794693164527416
1749235542.6455526,30.53791565419037,0.015564174391329288
1749235542.6789355,30.54475109458853,0.015554004348814487
1749235542.7123728,30.55498233543004,0.017871825024485588
1749235542.7457435,30.56864841071012,0.019474385306239128
1749235542.7793133,30.57862986176904,0.018339604139328003
1749235542.812702,30.58931741884779,0.02026013843715191
1749235542.846156,30.599688620225947,0.0217074416577816
1749235542.8795595,30.609788127928812,0.021483540534973145
1749235542.912961,30.620604330791025,0.022921737283468246
1749235542.9463947,30.627955759634876,0.023857399821281433
1749235542.9803607,30.64170833868476,0.02370169386267662
1749235543.013775,30.648411560484572,0.025081301108002663
1749235543.0472457,30.659359078532006,0.025637192651629448
1749235543.080657,30.67702701844295,0.026454690843820572
