timestamp,encoder_distance,yaw_true
1749236252.6579747,8.95456302142363,-1.5487847328186035
1749236252.766703,8.954566764115341,-1.5487873554229736
1749236252.8001785,8.956522602097257,-1.5485687255859375
1749236252.8336492,8.962836510556583,-1.5511623620986938
1749236252.8670607,8.97393669874859,-1.5546493530273438
1749236252.9005044,8.98361358072458,-1.557076096534729
1749236252.9340086,8.993421305283677,-1.5594942569732666
1749236252.9674144,9.00416797235623,-1.5624617338180542
1749236253.0008554,9.014718537631145,-1.5644015073776245
1749236253.0342603,9.02141832523226,-1.5670316219329834
1749236253.0676723,9.032777123839592,-1.568813443183899
1749236253.1011152,9.042732164632925,-1.571641445159912
1749236253.1345472,9.054145672710337,-1.5728628635406494
1749236253.1679542,9.064483513398123,-1.574118971824646
1749236253.2013593,9.075154936829179,-1.577183723449707
1749236253.2348409,9.085857186293943,-1.5775940418243408
1749236253.270692,9.092984147337894,-1.5780580043792725
1749236253.3054664,9.10364448801415,-1.5795429944992065
1749236253.3388672,9.11429293649967,-1.581686019897461
1749236253.3728004,9.125302586912321,-1.582841157913208
1749236253.4061496,9.139155616386397,-1.5833030939102173
1749236253.4395506,9.149452502649346,-1.5847240686416626
1749236253.473085,9.164019922847757,-1.5856661796569824
1749236253.5064847,9.174681594685909,-1.5860110521316528
1749236253.5399046,9.185337913164657,-1.5869898796081543
1749236253.5733063,9.199548685519275,-1.587867259979248
1749236253.6067739,9.206655021974651,-1.5885883569717407
1749236253.6401815,9.217315818460353,-1.5890101194381714
1749236253.6736,9.231526427547427,-1.5899903774261475
1749236253.7070615,9.242186605525157,-1.59041428565979
1749236253.7405195,9.252847371878246,-1.5906308889389038
1749236253.7746742,9.26314883158575,-1.5915485620498657
1749236253.808037,9.272985007436318,-1.5918693542480469
1749236253.8414915,9.277733634471632,-1.5924822092056274
1749236253.875575,9.282678933541568,-1.5924663543701172
1749236253.9090645,9.287115186798369,-1.592984914779663
1749236253.94243,9.290752243129852,-1.5927969217300415
1749236253.9758296,9.295480701888875,-1.5933613777160645
1749236254.0092194,9.29770458871472,-1.5938961505889893
1749236254.0426264,9.302104767422152,-1.593582034111023
1749236254.076034,9.305365203019615,-1.5942751169204712
1749236254.1094437,9.308635543043136,-1.593916893005371
1749236254.142884,9.311869447226426,-1.594566822052002
1749236254.176306,9.315091505566144,-1.594931721687317
1749236254.2096996,9.318322712097196,-1.5946334600448608
1749236254.2431262,9.322655405972727,-1.5953891277313232
1749236254.2765706,9.32483155375431,-1.5951131582260132
1749236254.3099692,9.330210970278442,-1.5955429077148438
1749236254.3433309,9.332356114894017,-1.5956943035125732
1749236254.376777,9.33556572531936,-1.5961997509002686
1749236254.4102519,9.338679396852704,-1.5965896844863892
1749236254.4436624,9.341996463773663,-1.5965793132781982
1749236254.4771495,9.345209106033579,-1.596922755241394
1749236254.5105863,9.348314392139633,-1.5972208976745605
1749236254.5439875,9.351619185812153,-1.597582221031189
1749236254.5773911,9.35490474306079,-1.5979979038238525
1749236254.6108272,9.359941189985978,-1.598930835723877
1749236254.6442497,9.363811186361287,-1.599096417427063
1749236254.6777854,9.368272874157975,-1.6009107828140259
1749236254.7111979,9.372209276349196,-1.6016654968261719
1749236254.7446039,9.376126512347598,-1.6018682718276978
1749236254.7780318,9.38012125343186,-1.602960228919983
1749236254.8114414,9.385377251189588,-1.6034059524536133
1749236254.8448367,9.389216997603828,-1.605191946029663
1749236254.8782463,9.393038582239699,-1.6060668230056763
1749236254.9116967,9.39667652941339,-1.6075469255447388
1749236254.9451401,9.400534944536222,-1.6083707809448242
1749236254.978574,9.404184078974513,-1.6080100536346436
1749236255.011987,9.406558460407522,-1.6094831228256226
1749236255.045413,9.410136798148976,-1.610067367553711
1749236255.078822,9.413765850284145,-1.6107500791549683
1749236255.1122482,9.417098526595629,-1.6112788915634155
1749236255.145647,9.420472198117215,-1.6129214763641357
1749236255.1790607,9.423833578364476,-1.613317847251892
1749236255.212499,9.427122959303476,-1.6147114038467407
1749236255.2459033,9.430259530382159,-1.61539626121521
1749236255.2793076,9.43359072480259,-1.6152498722076416
1749236255.3127415,9.436732774612551,-1.6167975664138794
1749236255.3461387,9.439911835452099,-1.6177924871444702
1749236255.3795943,9.442973368089989,-1.617271900177002
1749236255.4129436,9.445850311297548,-1.6181354522705078
1749236255.4463463,9.449749646762408,-1.6188874244689941
1749236255.4797494,9.452541645181977,-1.6188979148864746
1749236255.5131526,9.455472179189758,-1.6192430257797241
1749236255.546512,9.458250443096198,-1.6202328205108643
1749236255.5800123,9.460990021662367,-1.6210755109786987
1749236255.6134503,9.46361205128884,-1.6211533546447754
1749236255.64687,9.466364878860235,-1.6216334104537964
1749236255.6803374,9.468912689824064,-1.621997594833374
1749236255.7137928,9.470756255510956,-1.6218814849853516
1749236255.74779,9.473392275486919,-1.6225475072860718
1749236255.7811916,9.476307571293576,-1.6228313446044922
1749236255.8145983,9.478436973766485,-1.6236646175384521
1749236255.8480256,9.481086270797311,-1.6232962608337402
1749236255.881468,9.482742441192695,-1.6238445043563843
1749236255.9148865,9.48522643136102,-1.623529076576233
1749236255.9482524,9.487387081927126,-1.6249638795852661
1749236255.981689,9.489853209399008,-1.624473214149475
1749236256.0150864,9.492232346399598,-1.6260559558868408
1749236256.0487921,9.494574679406638,-1.6262056827545166
1749236256.0821567,9.497687949292894,-1.6258071660995483
1749236256.1155698,9.499768682219313,-1.626118540763855
1749236256.1489725,9.50174854842335,-1.6259148120880127
1749236256.1823828,9.50392131620683,-1.6265344619750977
1749236256.2158093,9.505309608096898,-1.6262677907943726
1749236256.2494187,9.50735440016793,-1.6267576217651367
1749236256.2828603,9.509355514796717,-1.6267722845077515
1749236256.316356,9.511347331179682,-1.627305269241333
1749236256.3568652,9.513372583118997,-1.626834511756897
1749236256.3902807,9.515207008717601,-1.627762794494629
1749236256.4241686,9.517809358434398,-1.627573847770691
1749236256.4587965,9.519277986075958,-1.6279422044754028
1749236256.4921954,9.521346110777408,-1.6274338960647583
1749236256.5255911,9.52307608606735,-1.6279996633529663
1749236256.5590343,9.524897692576335,-1.6279280185699463
1749236256.5924802,9.526627652441494,-1.6280694007873535
1749236256.6259272,9.528249296929578,-1.6283525228500366
1749236256.6596425,9.529359290377261,-1.6287627220153809
1749236256.6930816,9.531650644929757,-1.628365159034729
1749236256.7266808,9.532765673981098,-1.6290091276168823
1749236256.7600822,9.534915994209634,-1.6283622980117798
1749236256.7935183,9.536590474804855,-1.6289564371109009
1749236256.8269362,9.537697977096455,-1.6288987398147583
1749236256.8603377,9.53915045913281,-1.6288206577301025
1749236256.893748,9.54071999976756,-1.6288403272628784
1749236256.9272528,9.542195620825746,-1.6288799047470093
1749236256.960664,9.543646446120691,-1.6286033391952515
1749236256.9941194,9.545091243322714,-1.6289913654327393
1749236257.0280821,9.546516901559317,-1.6288771629333496
1749236257.061494,9.547539465133472,-1.628342866897583
1749236257.0949576,9.548888295033688,-1.6289606094360352
1749236257.129312,9.549715237079834,-1.6286855936050415
1749236257.1626945,9.551549527952698,-1.6289124488830566
1749236257.1960986,9.55329098807807,-1.6284904479980469
1749236257.229536,9.554586802026163,-1.6290407180786133
1749236257.2629504,9.5558527503807,-1.628507137298584
1749236257.2963536,9.557099968503593,-1.6290578842163086
1749236257.3348022,9.558319073626556,-1.6286588907241821
1749236257.368394,9.559908719048595,-1.6288237571716309
1749236257.4017925,9.560689679958069,-1.6288278102874756
1749236257.4352171,9.56188613923481,-1.6287586688995361
1749236257.468668,9.562608634824677,-1.6286321878433228
1749236257.5021245,9.564465012544273,-1.628719449043274
1749236257.5357792,9.565571139531531,-1.6285288333892822
1749236257.5693014,9.566642767272155,-1.6284459829330444
1749236257.602862,9.567713737602423,-1.628918170928955
1749236257.6363144,9.568776146615445,-1.6282660961151123
1749236257.6702971,9.56983915242687,-1.629000186920166
1749236257.7059667,9.570872192225178,-1.628537893295288
1749236257.7396715,9.571878415462882,-1.6286674737930298
1749236257.773477,9.572859648084586,-1.6286516189575195
1749236257.8069732,9.57381957298827,-1.6286319494247437
1749236257.8404162,9.575041724525892,-1.6285651922225952
1749236257.8739014,9.575690313302923,-1.6286426782608032
1749236257.9073071,9.576608381680055,-1.6284615993499756
1749236257.940785,9.57754450080345,-1.62858247756958
1749236257.974183,9.578705061617054,-1.6284328699111938
1749236258.0075312,9.579580885458437,-1.628418207168579
1749236258.0409484,9.580461035184364,-1.6284106969833374
1749236258.07437,9.581278205150758,-1.6284103393554688
1749236258.107776,9.582110313154766,-1.6284704208374023
1749236258.1411943,9.582664979431312,-1.6284584999084473
1749236258.1746504,9.58344931330592,-1.628319501876831
1749236258.2081687,9.584303349280287,-1.6287283897399902
1749236258.2415757,9.585432238616903,-1.6284536123275757
1749236258.2749863,9.586023994541463,-1.6284534931182861
1749236258.3084145,9.586361224413702,-1.628401756286621
1749236258.3418255,9.586552767537986,-1.6284047365188599
1749236258.3752317,9.586647294828547,-1.6283997297286987
1749236258.408647,9.586700305070652,-1.6283977031707764
1749236258.4420464,9.586738139190869,-1.628405213356018
1749236258.475447,9.586749773596804,-1.6284019947052002
1749236258.508833,9.586761936645043,-1.6284037828445435
1749236258.5422378,9.58676398608979,-1.6284253597259521
1749236258.5756805,9.586775574886168,-1.6284284591674805
1749236258.6090872,9.58677015329057,-1.6284070014953613
1749236258.6424983,9.58677856810589,-1.6284246444702148
1749236258.6767774,9.586776970040363,-1.6284050941467285
1749236258.7101872,9.586778930103108,-1.6284123659133911
1749236258.743594,9.58678091177006,-1.628412127494812
1749236258.7771769,9.586782028886104,-1.6284129619598389
1749236258.8105862,9.586783595413857,-1.6284135580062866
1749236258.8440063,9.586784812040237,-1.6284141540527344
1749236258.8774877,9.586792641322019,-1.6284235715866089
1749236258.9108846,9.586789884790264,-1.6284137964248657
1749236258.9442923,9.586797210043773,-1.6284418106079102
1749236258.9778838,9.586796481020254,-1.6284373998641968
1749236259.01216,9.586802290433083,-1.6284352540969849
1749236259.0456476,9.586810889011753,-1.6284373998641968
1749236259.0791695,9.586808031613245,-1.628428339958191
1749236259.1125932,9.586812542953734,-1.6284306049346924
1749236259.1460066,9.586813397202814,-1.6284297704696655
1749236259.1794062,9.586813974222489,-1.628429651260376
1749236259.2128465,9.586815951112673,-1.628429651260376
1749236259.2463133,9.58681694091482,-1.6284301280975342
1749236259.2797105,9.586818951407498,-1.6284310817718506
1749236259.3130894,9.586824348096723,-1.6284397840499878
1749236259.3464994,9.586822877404035,-1.6284303665161133
1749236259.379901,9.586833963510609,-1.6284613609313965
1749236259.4134257,9.586829338689986,-1.6284549236297607
1749236259.4468372,9.586835191929493,-1.6284475326538086
1749236259.4802423,9.586837517474354,-1.6284573078155518
1749236259.5137763,9.586834836298415,-1.6284422874450684
1749236259.547186,9.586837637987601,-1.6284472942352295
1749236259.5806031,9.586837796344163,-1.6284468173980713
1749236259.6140008,9.586840135666144,-1.6284468173980713
1749236259.6474085,9.586842022384214,-1.6284477710723877
1749236259.6809776,9.586843827793473,-1.6284468173980713
1749236259.7144341,9.58684507702252,-1.6284550428390503
1749236259.748006,9.586848827591286,-1.6284505128860474
1749236259.7814128,9.586848756836506,-1.628455400466919
1749236259.814817,9.58685269710509,-1.6284748315811157
1749236259.8482249,9.586856418019016,-1.6284741163253784
1749236259.881685,9.58685400315938,-1.6284605264663696
1749236259.9150922,9.586867093640025,-1.6284772157669067
1749236259.9484446,9.586860491433942,-1.6284557580947876
1749236259.981843,9.586864650886342,-1.6284633874893188
1749236260.0152156,9.586866749966417,-1.628462791442871
1749236260.0486026,9.586867987235019,-1.628463625907898
1749236260.0820043,9.586869517221187,-1.6284639835357666
1749236260.1154532,9.586870807971154,-1.6284633874893188
1749236260.1488533,9.586874827394947,-1.6284745931625366
1749236260.1822982,9.586876665985166,-1.628465175628662
1749236260.215705,9.586879866328273,-1.6284806728363037
1749236260.2491324,9.586881290341537,-1.6284888982772827
1749236260.2826233,9.586889011399029,-1.628494143486023
1749236260.3160758,9.586885858955768,-1.628475546836853
1749236260.3494718,9.586900405631965,-1.6284935474395752
1749236260.382967,9.586894477393113,-1.6284759044647217
1749236260.4163523,9.5868993026054,-1.6284798383712769
1749236260.4500368,9.586898698718032,-1.628480315208435
1749236260.4834208,9.586900859333511,-1.6284804344177246
1749236260.5170543,9.58690235291206,-1.6284794807434082
1749236260.5504622,9.586903806672607,-1.6284801959991455
1749236260.583879,9.586905110516751,-1.6284884214401245
1749236260.6173174,9.586909598780716,-1.6284854412078857
1749236260.650697,9.58690843959567,-1.6284821033477783
1749236260.6840954,9.586915752085758,-1.6285091638565063
1749236260.7175088,9.586917788520154,-1.6285121440887451
1749236260.7509139,9.586915145844635,-1.628495216369629
1749236260.7843113,9.586927477666915,-1.628510594367981
1749236260.8177247,9.58692025577342,-1.6284894943237305
1749236260.851937,9.586925036604494,-1.6284971237182617
1749236260.8848999,9.586925639665829,-1.6284972429275513
1749236260.9183314,9.586927108078747,-1.628496766090393
1749236260.9519577,9.586928702894783,-1.6284981966018677
1749236260.9853895,9.58693029991075,-1.6284972429275513
1749236261.0188482,9.586932445711513,-1.6285074949264526
1749236261.0525444,9.586935641331346,-1.6284996271133423
1749236261.0917292,9.58694595424729,-1.628525972366333
1749236261.125385,9.586937839826058,-1.628524899482727
1749236261.158812,9.586945657340294,-1.628528118133545
1749236261.1922839,9.586942367275219,-1.6285088062286377
1749236261.2257411,9.58695663236318,-1.6285274028778076
1749236261.2594385,9.58695122895337,-1.6285091638565063
1749236261.292921,9.586965170184847,-1.6284325122833252
1749236261.3264358,9.588072157622403,-1.629258632659912
1749236261.3598387,9.5916946297065,-1.627698302268982
1749236261.3959281,9.596299286084772,-1.62391197681427
1749236261.4293375,9.600455205775305,-1.6197210550308228
1749236261.4630895,9.6093821214344,-1.6146091222763062
1749236261.4965055,9.616589474094356,-1.608167052268982
1749236261.529933,9.626806512087512,-1.6032886505126953
1749236261.5633867,9.634158673666292,-1.5987898111343384
1749236261.5967937,9.641748665856834,-1.5927011966705322
1749236261.630195,9.649496279360996,-1.5880210399627686
1749236261.6635625,9.657269512606454,-1.583749532699585
1749236261.698722,9.662343551698974,-1.5794109106063843
1749236261.732134,9.670185102550485,-1.5729893445968628
1749236261.7655344,9.677841862928723,-1.5675163269042969
1749236261.798945,9.688324728960977,-1.5637418031692505
1749236261.8325343,9.693517917471759,-1.5587806701660156
1749236261.8659792,9.703515826417533,-1.5530697107315063
1749236261.89939,9.711546214371129,-1.5478042364120483
1749236261.9327967,9.719417095999775,-1.54403817653656
1749236261.9662106,9.727382372239768,-1.5406122207641602
1749236261.9996367,9.735487823335623,-1.537713885307312
1749236262.0330918,9.743613629821905,-1.5333713293075562
1749236262.0664983,9.751664603555287,-1.5308955907821655
1749236262.0999439,9.76030868953448,-1.5277700424194336
1749236262.133353,9.768985567480488,-1.5234450101852417
1749236262.1668022,9.776984550807722,-1.519836664199829
1749236262.2002199,9.785670584516174,-1.5182626247406006
1749236262.233905,9.794661689575232,-1.5144786834716797
1749236262.2673225,9.803107544941057,-1.509575605392456
1749236262.300699,9.81224912707275,-1.5069284439086914
1749236262.3341012,9.82080231390889,-1.5038480758666992
1749236262.3675075,9.829927043047443,-1.501132845878601
1749236262.4009113,9.835824944097729,-1.4973770380020142
1749236262.434613,9.844726167125165,-1.4956759214401245
1749236262.4681559,9.853309848956815,-1.4918489456176758
1749236262.5015619,9.862595973425309,-1.4887604713439941
1749236262.5356884,9.871530044593674,-1.4843422174453735
1749236262.5691364,9.880511826277754,-1.4808114767074585
1749236262.6027145,9.889465024732724,-1.4781455993652344
1749236262.6362653,9.898024063658145,-1.4725568294525146
1749236262.6697214,9.907235245579958,-1.4690113067626953
1749236262.7031274,9.919045067328451,-1.4650317430496216
1749236262.742714,9.927843771161227,-1.4603607654571533
1749236262.7761269,9.93638640328166,-1.4569932222366333
1749236262.8098283,9.945349182541998,-1.4524394273757935
1749236262.8438566,9.954247667473261,-1.4472085237503052
1749236262.8772597,9.962607361374356,-1.4436641931533813
1749236262.910663,9.971131378395977,-1.437311053276062
1749236262.9440699,9.979885691209015,-1.434118390083313
1749236262.977489,9.99040117574301,-1.4272167682647705
1749236263.011013,9.999133476945024,-1.4210450649261475
1749236263.0445936,10.007273117341352,-1.4161978960037231
1749236263.0834706,10.014515607346667,-1.4090440273284912
1749236263.1169374,10.022705673586055,-1.4017796516418457
1749236263.1503909,10.030539562563451,-1.397939682006836
1749236263.1837914,10.038112084014815,-1.3909454345703125
1749236263.2171974,10.046089148997453,-1.3847588300704956
1749236263.2506049,10.053571760194625,-1.379475474357605
1749236263.2840724,10.063763821282137,-1.37343168258667
1749236263.3174896,10.071696582155061,-1.367912769317627
1749236263.3508902,10.076478788637203,-1.3614665269851685
1749236263.384294,10.084610795038216,-1.3563454151153564
1749236263.4176965,10.0919691056853,-1.3504642248153687
1749236263.4510808,10.099823199363604,-1.346794605255127
1749236263.4852827,10.107177210103673,-1.3414902687072754
1749236263.5187678,10.114772042951836,-1.3339375257492065
1749236263.5528586,10.122882992992013,-1.328535556793213
1749236263.5863924,10.132514028118909,-1.3227319717407227
1749236263.6197922,10.137583031111207,-1.3171088695526123
1749236263.6531975,10.144934314474762,-1.311678171157837
1749236263.6866066,10.155325854699093,-1.3058737516403198
1749236263.7200115,10.162929138163456,-1.3002572059631348
1749236263.753414,10.170278950184723,-1.2948274612426758
1749236263.786917,10.175601736540358,-1.2890242338180542
1749236263.820357,10.182951105844378,-1.2854621410369873
1749236263.853766,10.190807772809702,-1.279658317565918
1749236263.8872132,10.198664626498395,-1.2738544940948486
1749236263.9206235,10.206014165839253,-1.268424153327942
1749236263.954016,10.213364126939602,-1.2609328031539917
1749236263.9874206,10.220967676791993,-1.2553149461746216
1749236264.0208273,10.231358503237818,-1.249695897102356
1749236264.0542274,10.238708664068376,-1.244266152381897
1749236264.0876887,10.24403098968162,-1.2386471033096313
1749236264.1211066,10.25138105548316,-1.2348995208740234
1749236264.1545072,10.25999827246722,-1.228531837463379
1749236264.1880002,10.264306898281362,-1.2253493070602417
1749236264.221473,10.271910267668398,-1.2178558111190796
1749236264.2548745,10.27976700526271,-1.2122384309768677
1749236264.288273,10.289904915254022,-1.2064285278320312
1749236264.3216825,10.297254847462623,-1.1993132829666138
1749236264.3550937,10.304858102599841,-1.1953744888305664
1749236264.3886347,10.312461452092556,-1.1897571086883545
1749236264.4220665,10.320318088148984,-1.18394935131073
1749236264.455478,10.325133800625135,-1.1803901195526123
1749236264.4889681,10.332737226830476,-1.1728976964950562
1749236264.522366,10.340086973481192,-1.1672770977020264
1749236264.5557735,10.3507316331499,-1.1614680290222168
1749236264.5893385,10.35782807867084,-1.1541624069213867
1749236264.6227899,10.3682197552868,-1.14854097366333
1749236264.6564713,10.375822910048859,-1.1429164409637451
1749236264.6898804,10.38317280631536,-1.1374821662902832
1749236264.7233143,10.390776231067091,-1.1318625211715698
1749236264.7567594,10.398632619768296,-1.1241775751113892
1749236264.7902274,10.405982461544268,-1.1187446117401123
1749236264.8236482,10.41383955736765,-1.1129372119903564
1749236264.8571398,10.421442647947899,-1.1075018644332886
1749236264.8905554,10.429046054918642,-1.1035699844360352
1749236264.92401,10.43664925480091,-1.0979455709457397
1749236264.9575403,10.444252590530224,-1.0923197269439697
1749236264.9909437,10.454643557583527,-1.0846413373947144
1749236265.0243745,10.462246979173512,-1.0790175199508667
1749236265.0577924,10.469849344129122,-1.073385238647461
1749236265.0948374,10.474664549226299,-1.0679526329040527
1749236265.1284213,10.482268333080835,-1.062332034111023
1749236265.1618507,10.490631363029733,-1.0567058324813843
1749236265.1953323,10.497474061996558,-1.051274061203003
1749236265.228705,10.505076546209532,-1.0456467866897583
1749236265.2621272,10.512426109442751,-1.0398352146148682
1749236265.2954967,10.52281653542861,-1.03421151638031
1749236265.3289268,10.528138539407275,-1.0287683010101318
1749236265.3667195,10.535741122388567,-1.0229581594467163
1749236265.400114,10.543343851184723,-1.0173355340957642
1749236265.4335623,10.550693345435038,-1.0135877132415771
1749236265.4670067,10.555761409651153,-1.0060865879058838
1749236265.5004096,10.56817923484026,-1.0006506443023682
1749236265.5338314,10.575783421991726,-0.9950804710388184
1749236265.5672374,10.583359565044548,-0.9892441034317017
1749236265.6006463,10.591208227695988,-0.9837455153465271
1749236265.6340423,10.598387715943462,-0.9767735004425049
1749236265.667472,10.606251322428303,-0.9711868762969971
1749236265.700932,10.613837331670997,-0.965817928314209
1749236265.734342,10.619135312118022,-0.9603237509727478
1749236265.7677574,10.626505617563893,-0.9553859233856201
1749236265.801161,10.633965657362731,-0.9485440850257874
1749236265.8345923,10.641574754837757,-0.9438795447349548
1749236265.8681114,10.649398531599298,-0.9395330548286438
1749236265.9014742,10.659337000735459,-0.9333884119987488
1749236265.934878,10.666647061077905,-0.9281580448150635
1749236265.9682765,10.674252073887848,-0.9201504588127136
1749236266.0016866,10.681658744896154,-0.9135093092918396
1749236266.036288,10.689117782275785,-0.9068664908409119
1749236266.0699048,10.699555233791843,-0.9029925465583801
1749236266.1034274,10.706714509347364,-0.8942939639091492
1749236266.1369624,10.714019163488045,-0.8876819014549255
1749236266.1703439,10.721520791239637,-0.8818478584289551
1749236266.2038572,10.728896811936517,-0.8779978156089783
1749236266.2372773,10.736526978759256,-0.872498095035553
1749236266.270727,10.740867807897487,-0.8632742762565613
1749236266.3042011,10.748526772513596,-0.8579545021057129
1749236266.3376338,10.756142220208693,-0.8524889349937439
1749236266.3717155,10.763491543756807,-0.8464558124542236
1749236266.4052258,10.770281004955436,-0.837685227394104
1749236266.4386013,10.780126268714882,-0.8312342762947083
1749236266.4720285,10.78743782194136,-0.8226869106292725
1749236266.505477,10.794399192400196,-0.8125123977661133
1749236266.5391405,10.801851854121676,-0.8053649663925171
1749236266.5725415,10.809036796511837,-0.7961130738258362
1749236266.6059585,10.816404042875497,-0.7876941561698914
1749236266.6393929,10.823661270341395,-0.778590738773346
1749236266.6729224,10.830734055045378,-0.7680991291999817
1749236266.7063382,10.837452920188069,-0.7551582455635071
1749236266.7397542,10.842628305228596,-0.7460399866104126
1749236266.7731667,10.851843903731178,-0.7330028414726257
1749236266.8069897,10.85870083661881,-0.7220795154571533
1749236266.8404045,10.865499074270486,-0.7089959383010864
1749236266.8738127,10.870271446182471,-0.7013362646102905
1749236266.9072313,10.874818916768346,-0.6880041360855103
1749236266.940648,10.88223095836411,-0.6749411821365356
1749236266.974068,10.88933410315687,-0.660538375377655
1749236267.0074973,10.895773141641326,-0.6474286317825317
1749236267.0409029,10.902477603395312,-0.6328951120376587
1749236267.0743103,10.90941887355453,-0.6234860420227051
1749236267.1077075,10.916371901176683,-0.6051366329193115
1749236267.1411145,10.92564912753255,-0.5905360579490662
1749236267.1745195,10.932611104844531,-0.5763996243476868
1749236267.2080314,10.939344972444959,-0.5627327561378479
1749236267.2414405,10.94631209204511,-0.543399453163147
1749236267.2748375,10.953746191441919,-0.5297219157218933
1749236267.3083007,10.960484164737966,-0.5150977373123169
1749236267.3417077,10.96768889921088,-0.5051910877227783
1749236267.375117,10.974661798697833,-0.4910357892513275
1749236267.4085014,10.979078238357687,-0.4768780469894409
1749236267.441927,10.988378005402542,-0.4631918966770172
1749236267.4753318,10.99558599980165,-0.4443073570728302
1749236267.5087469,11.004789447680885,-0.4306417405605316
1749236267.5421543,11.009681366521896,-0.4225302040576935
1749236267.5755935,11.01443808800597,-0.4139248728752136
1749236267.609573,11.021170510835695,-0.4006509482860565
1749236267.6434631,11.028814777626797,-0.3851136267185211
1749236267.6768942,11.035517997797069,-0.37255340814590454
1749236267.7102993,11.0429494379641,-0.361227422952652
1749236267.7436996,11.049624224121946,-0.34815308451652527
1749236267.7771049,11.057013484111161,-0.3352934420108795
1749236267.8105483,11.064334069774658,-0.3241138160228729
1749236267.8439527,11.068765223590903,-0.3098193109035492
1749236267.8773584,11.075908477391062,-0.29906195402145386
1749236267.9107952,11.082641543067732,-0.2864310145378113
1749236267.9478614,11.0924618486346,-0.2751668691635132
1749236267.9812868,11.099541013770763,-0.2590329647064209
1749236268.014692,11.103939826404103,-0.2500269412994385
1749236268.0482225,11.112338687527846,-0.24015575647354126
1749236268.0817373,11.119362576346479,-0.2357759028673172
1749236268.115152,11.126577604265195,-0.22514036297798157
1749236268.1485798,11.131069929075958,-0.21591070294380188
1749236268.1819837,11.140793749085438,-0.20981231331825256
1749236268.2153647,11.147610058141217,-0.1991714984178543
1749236268.2488978,11.154690571880527,-0.18915489315986633
1749236268.282391,11.159322295144909,-0.17551597952842712
1749236268.3158395,11.166288065723768,-0.1661701798439026
1749236268.3494291,11.173678166025963,-0.15786057710647583
1749236268.3828452,11.181114638355986,-0.15229398012161255
1749236268.4163375,11.191538490010807,-0.1467697024345398
1749236268.4497447,11.19889770839441,-0.14058680832386017
1749236268.4832373,11.205669182454312,-0.1296164095401764
1749236268.516642,11.2128517638497,-0.12218623608350754
1749236268.550057,11.223135249259933,-0.11890136450529099
1749236268.583472,11.230667234045209,-0.11521802097558975
1749236268.6168818,11.237845889302045,-0.11037933826446533
1749236268.6503386,11.246731101641323,-0.1031220331788063
1749236268.6837425,11.256140222339736,-0.09704644232988358
1749236268.7171516,11.266823128812591,-0.09587377309799194
1749236268.750646,11.276362501358397,-0.0881141796708107
1749236268.7840474,11.286246409775538,-0.08456962555646896
1749236268.8174863,11.29636928994523,-0.08052246272563934
1749236268.8509092,11.306975208523058,-0.07321718335151672
1749236268.8843267,11.320831532936696,-0.06730208545923233
1749236268.9177308,11.33133590106696,-0.06320983916521072
1749236268.9511375,11.341645527702852,-0.05556735768914223
1749236268.9845765,11.352222185522235,-0.05157960578799248
1749236269.0189002,11.364718299858238,-0.043478209525346756
1749236269.052699,11.37297099191107,-0.0379609614610672
1749236269.0862007,11.383528468453399,-0.03286990150809288
1749236269.1196897,11.393296353520572,-0.023383792489767075
1749236269.153092,11.403939587427505,-0.01769176498055458
1749236269.1865048,11.414401342573365,-0.016950149089097977
1749236269.2199423,11.424566306311537,-0.012214024551212788
1749236269.2533746,11.434985971049242,-0.008564861491322517
1749236269.286792,11.445157834204181,-0.007359417155385017
1749236269.3202016,11.455677399647257,-0.0034977132454514503
1749236269.3536017,11.466311750705291,-0.000699956261087209
1749236269.3869646,11.477229710720685,0.0011099431430920959
1749236269.4203992,11.487391639289143,0.005356026813387871
1749236269.453879,11.49838429538849,0.007362460717558861
1749236269.4873216,11.508609475772312,0.009955060668289661
1749236269.5207036,11.51952844707551,0.013701061718165874
1749236269.5541184,11.530508264103952,0.01687183603644371
1749236269.5875227,11.537630682039543,0.01757894642651081
1749236269.6209292,11.547918556017231,0.019472196698188782
1749236269.6543584,11.558604679839483,0.02192622981965542
1749236269.6877975,11.569231921104008,0.027223216369748116
1749236269.7211976,11.579530865412938,0.02946319244801998
1749236269.7546325,11.590536048892039,0.029650568962097168
1749236269.7887337,11.601186450190118,0.029353341087698936
1749236269.8221343,11.61148513370794,0.03112388215959072
1749236269.8556771,11.62216681172093,0.03209003061056137
1749236269.8890834,11.632108835030571,0.031901244074106216
1749236269.9225116,11.63868511692634,0.03244379162788391
1749236269.9559343,11.643483492097863,0.033160846680402756
1749236269.9940104,11.646281675331284,0.03381839022040367
1749236270.0274143,11.651455661780957,0.033579498529434204
1749236270.0608664,11.65599474323425,0.03478167578577995
1749236270.094275,11.658480217978378,0.03465615212917328
1749236270.1278098,11.661982197809632,0.035024020820856094
1749236270.1611927,11.665045234678871,0.03411121666431427
1749236270.1946025,11.667184535621207,0.03467194736003876
1749236270.2280068,11.670476266254806,0.03482890874147415
1749236270.2614157,11.673810555413686,0.035907816141843796
1749236270.294828,11.676182033891717,0.035191576927900314
1749236270.3282282,11.680570291784417,0.036378178745508194
1749236270.3616903,11.68280109960166,0.03662934526801109
1749236270.3950996,11.685049596391634,0.03652239963412285
1749236270.4285462,11.68730608276804,0.03715488314628601
1749236270.4620073,11.691836572598358,0.03700138255953789
1749236270.49548,11.695176241020857,0.03842219337821007
1749236270.5288951,11.69858269939487,0.03854530677199364
1749236270.562325,11.702806747007354,0.038109634071588516
1749236270.5956907,11.706034030962023,0.038190070539712906
1749236270.6291254,11.709213126823888,0.039788227528333664
1749236270.6625438,11.712409155372415,0.03923047333955765
1749236270.6964946,11.71562029721098,0.039753325283527374
1749236270.7299423,11.718945080539756,0.03946894034743309
1749236270.7633827,11.722056117775336,0.04033223167061806
1749236270.7968152,11.725146403936385,0.04035262390971184
1749236270.830247,11.729480540174649,0.04009391367435455
1749236270.8636553,11.732678503155496,0.04113936424255371
1749236270.8970573,11.735003494162466,0.04017637297511101
1749236270.9304435,11.73996545303982,0.04101944342255592
1749236270.9638457,11.744219125236297,0.03962022811174393
1749236270.9972486,11.748065566336523,0.040410466492176056
1749236271.0306365,11.75203535294435,0.03982425108551979
1749236271.064186,11.755896628418135,0.040337368845939636
1749236271.0977502,11.759981439662925,0.039691150188446045
1749236271.131161,11.764999912497224,0.04049645736813545
1749236271.1645813,11.768883360722658,0.04027007520198822
1749236271.197992,11.772559800479941,0.039794884622097015
1749236271.2314603,11.77613964884213,0.039799388498067856
1749236271.264878,11.779608470689745,0.0389384850859642
1749236271.2983084,11.783177173891334,0.037985075265169144
1749236271.332209,11.786487585982819,0.03744104877114296
1749236271.3656147,11.790919079322002,0.03606978431344032
1749236271.3990972,11.7931042943503,0.035046596080064774
1749236271.4325893,11.796361095084281,0.03456810116767883
1749236271.4660223,11.799563715664997,0.03434062376618385
1749236271.4994524,11.802667496866194,0.03252401575446129
1749236271.5329034,11.805662702556836,0.03155246004462242
1749236271.566327,11.808838460266832,0.03158215805888176
1749236271.5997252,11.811837830670202,0.030363863334059715
1749236271.6332085,11.814814631368971,0.031136488541960716
1749236271.6666489,11.817742698424551,0.02945260889828205
1749236271.700016,11.819597118777027,0.03041236102581024
1749236271.7334256,11.821688694084736,0.029751138761639595
1749236271.7668297,11.824413587791836,0.02807523123919964
1749236271.8002486,11.82704843621958,0.02765897661447525
1749236271.8336453,11.831551888456072,0.02757626213133335
1749236271.8670478,11.834202836830904,0.027757937088608742
1749236271.900454,11.836723234356159,0.025546925142407417
1749236271.933865,11.83938062160656,0.0257764533162117
1749236271.9673004,11.841938246053061,0.024410603567957878
1749236272.0009034,11.84366647802349,0.02436230331659317
1749236272.0343022,11.846100655148224,0.022258467972278595
1749236272.0679982,11.848698360410783,0.02244105003774166
1749236272.1015277,11.850257039720978,0.02139999344944954
1749236272.1349602,11.85394032429294,0.021032344549894333
1749236272.1683655,11.855809712154004,0.01856374368071556
1749236272.2018178,11.858906825715296,0.018626341596245766
1749236272.2352273,11.861817923790335,0.01595759205520153
1749236272.2690966,11.864079606591572,0.01650460995733738
1749236272.3026347,11.866227070799736,0.016651486977934837
1749236272.336068,11.868381642533949,0.013964716345071793
1749236272.3694515,11.871290734748966,0.014853734523057938
1749236272.4028616,11.872632875280377,0.013592248782515526
1749236272.4364028,11.874807604932542,0.013166145421564579
1749236272.46979,11.87688097810837,0.01142910122871399
1749236272.5032213,11.878919653182276,0.013041687197983265
1749236272.5366724,11.880203157415666,0.011812475509941578
1749236272.5701365,11.88273929130641,0.011507606133818626
1749236272.60354,11.884719149992028,0.010747155174612999
1749236272.6369815,11.886469007173549,0.009370786137878895
1749236272.670462,11.888337594037399,0.009021386504173279
1749236272.7038717,11.89018292773257,0.00775189371779561
1749236272.7372863,11.892656769123333,0.007871584966778755
1749236272.7706885,11.894397263984558,0.006058393511921167
1749236272.8041723,11.896225934793685,0.006227402947843075
1749236272.838582,11.89796393279207,0.004963194020092487
1749236272.8721018,11.899151693738734,0.005738250911235809
1749236272.9054759,11.900776413464087,0.0036946884356439114
1749236272.9388988,11.902459026719262,0.003728780895471573
1749236272.973127,11.904035970530082,0.0036002325359731913
1749236273.0066645,11.905976201394921,0.001191065995953977
1749236273.040176,11.907449050972414,0.0035308320075273514
1749236273.073578,11.908757000397589,0.002442700555548072
1749236273.106974,11.909595629599933,0.0017531701596453786
1749236273.1404436,11.91120541897399,0.0002857159706763923
1749236273.1740053,11.912825143280113,0.0008209922816604376
1749236273.2074091,11.915464011974997,-0.001945651601999998
1749236273.241231,11.916879163440036,-0.0013010435504838824
1749236273.274641,11.917684829410568,-0.0013507561525329947
1749236273.308107,11.9190145460497,-0.0024547188077121973
1749236273.341474,11.919897247305952,-0.0016016769222915173
1749236273.3748865,11.921235837215427,-0.002332220785319805
1749236273.4119062,11.92249876548952,-0.002853617537766695
1749236273.4453073,11.923779666540355,-0.0027155049610882998
1749236273.4788134,11.925019398153212,-0.003730237018316984
1749236273.5124252,11.926315389630597,-0.004076970741152763
1749236273.5458272,11.92790518422602,-0.00439794035628438
1749236273.5792935,11.929068455430428,-0.004899898078292608
1749236273.6126986,11.9302831463044,-0.004935640841722488
1749236273.6462135,11.931412614996171,-0.006120598409324884
1749236273.6796155,11.932563727645343,-0.006452222820371389
1749236273.7130854,11.933670017053776,-0.0068181962706148624
1749236273.7464912,11.93443670086869,-0.006011866964399815
1749236273.7799358,11.935848142374402,-0.005708417389541864
1749236273.8133364,11.936696989835301,-0.007936426438391209
1749236273.846856,11.937743439335815,-0.007302615791559219
1749236273.8802676,11.938800838206259,-0.00946745090186596
1749236273.9136786,11.939541641389514,-0.009087935090065002
1749236273.947075,11.940987197597345,-0.009788542985916138
1749236273.9804766,11.941796435763072,-0.008917239494621754
1749236274.013913,11.942809371301147,-0.00972080510109663
1749236274.047339,11.943904523913337,-0.009499436244368553
1749236274.080746,11.944899231866719,-0.009929593652486801
1749236274.1141438,11.94590007112306,-0.009932907298207283
1749236274.1475542,11.947139717502216,-0.01083811279386282
1749236274.1810074,11.947976648695661,-0.011678245849907398
1749236274.21441,11.948585342443648,-0.012022468261420727
1749236274.2481098,11.950010267126167,-0.011778599582612514
1749236274.281514,11.95084141985401,-0.01208470482379198
1749236274.3149116,11.951671261265094,-0.012055869214236736
1749236274.3484483,11.95242877659182,-0.012521402910351753
1749236274.3819005,11.953294408258936,-0.012751305475831032
1749236274.41535,11.953911027486672,-0.013692045584321022
1749236274.4487898,11.956670748736013,-0.01425439678132534
1749236274.4822419,11.959550207817285,-0.012941648252308369
1749236274.5156426,11.96442388391929,-0.004888033028692007
1749236274.549053,11.970572099405203,-0.003066650591790676
1749236274.5825317,11.977570366060553,0.003931941464543343
1749236274.61592,11.983662975280684,0.010196392424404621
1749236274.6494415,11.990729459345642,0.01673426479101181
1749236274.6829686,11.99786266442936,0.02359318919479847
1749236274.716379,12.005172910750336,0.03138265758752823
1749236274.749776,12.015121723785786,0.03713008761405945
1749236274.783182,12.020349783497675,0.04289675131440163
1749236274.8167362,12.027647006634938,0.04852185770869255
1749236274.8501382,12.03678600960251,0.05837477743625641
1749236274.8835413,12.044123348136939,0.06406955420970917
1749236274.9169545,12.051759085719707,0.06488742679357529
1749236274.9504747,12.05861668952948,0.07053615897893906
1749236274.983945,12.065386790110512,0.07949797809123993
1749236275.0173533,12.07279560751875,0.08399635553359985
1749236275.0507922,12.080159949808575,0.08840963989496231
1749236275.0841951,12.087322624966164,0.09533350169658661
1749236275.1177733,12.09215866098105,0.10256984829902649
1749236275.1511793,12.101964076766672,0.11170871555805206
1749236275.1845741,12.109522877994737,0.11653780192136765
1749236275.2180114,12.114322260416976,0.1202547624707222
1749236275.251425,12.124036986759675,0.12710314989089966
1749236275.2848403,12.131334734539651,0.1299126297235489
1749236275.3182425,12.139221042729323,0.13279154896736145
1749236275.3516397,12.146905268178012,0.13798955082893372
1749236275.3851798,12.15456033009477,0.14313489198684692
1749236275.4186935,12.162145672786988,0.14961783587932587
1749236275.4520967,12.169254441570777,0.15477967262268066
1749236275.4855084,12.176975642780455,0.15945912897586823
1749236275.5189617,12.184754653609085,0.1660842001438141
1749236275.552379,12.192092038787798,0.17167921364307404
1749236275.585802,12.197425366281752,0.1754080355167389
1749236275.6196578,12.205010449499994,0.1829170435667038
1749236275.6533246,12.215401915421076,0.1883571296930313
1749236275.6868978,12.220195700142364,0.1938561499118805
1749236275.720459,12.230059356255921,0.1992042362689972
1749236275.7538729,12.237939053844482,0.20438598096370697
1749236275.7873163,12.245258028089674,0.2098989486694336
1749236275.8209028,12.250575695809912,0.21561163663864136
1749236275.8546603,12.260707225594043,0.2211698740720749
1749236275.8880625,12.268289236033018,0.2269504964351654
1749236275.926731,12.275656595727666,0.23399361968040466
1749236275.9601762,12.28603210977797,0.23963041603565216
1749236275.9936762,12.293626729670327,0.24525436758995056
1749236276.027082,12.301226458616874,0.2526935338973999
1749236276.0606198,12.311357863755116,0.2583128809928894
1749236276.0941257,12.318957297615837,0.26394423842430115
1749236276.127604,12.326558740193017,0.26956772804260254
1749236276.1610124,12.331627120155746,0.2751825451850891
1749236276.1947095,12.33922911275462,0.27892860770225525
1749236276.228127,12.346831347088168,0.2864220142364502
1749236276.261535,12.354433702969686,0.2901782989501953
1749236276.2949579,12.362292071525689,0.2959553003311157
1749236276.3283663,12.37039910472789,0.30347710847854614
1749236276.3617713,12.38002894104594,0.3091009557247162
1749236276.3951755,12.38763414604487,0.31637218594551086
1749236276.428589,12.394981214975678,0.3220227360725403
1749236276.4619622,12.402583638371297,0.32763803005218506
1749236276.4954703,12.410441635050129,0.33324137330055237
1749236276.5307274,12.417774403279362,0.3371937572956085
1749236276.56413,12.428029976514342,0.34287750720977783
1749236276.5975747,12.435460087475116,0.3500608801841736
1749236276.6309805,12.443201603342207,0.3542355000972748
1749236276.664406,12.448759432140005,0.3601509630680084
1749236276.6978078,12.455742545860888,0.3647213578224182
1749236276.7312193,12.463387677435708,0.3717155456542969
1749236276.7646766,12.47073251862703,0.3771340847015381
1749236276.7981231,12.481146340218498,0.3824101686477661
1749236276.8370552,12.488701706842445,0.38856789469718933
1749236276.8705258,12.496319234497053,0.396296888589859
1749236276.903927,12.50396412466154,0.39901766180992126
1749236276.9373817,12.511561214154863,0.4046795964241028
1749236276.9708061,12.519261977708881,0.40907037258148193
1749236277.0042372,12.526619611128934,0.41446229815483093
1749236277.0376377,12.53411782157214,0.4214309751987457
1749236277.0710914,12.541756052661034,0.42688119411468506
1749236277.104549,12.549675189667512,0.4336753189563751
1749236277.138465,12.559805566008162,0.4393579959869385
1749236277.1719599,12.565340357978931,0.44397011399269104
1749236277.2064605,12.569916166529863,0.4487139880657196
1749236277.239918,12.577279758713354,0.45516058802604675
1749236277.2733986,12.584849107107088,0.4608413577079773
1749236277.3068094,12.595224231894118,0.46570587158203125
1749236277.3402102,12.602831792160872,0.4709561765193939
1749236277.3736286,12.610155344752213,0.4764554798603058
1749236277.4070446,12.617752694474781,0.4819863438606262
1749236277.4403996,12.62557800051994,0.48963677883148193
1749236277.4737668,12.63317548756299,0.4953305125236511
1749236277.5071676,12.640502854397521,0.5009652376174927
1749236277.5407078,12.648367809746638,0.5044591426849365
1749236277.574121,12.656207140224247,0.5102720260620117
1749236277.6075618,12.661008118708232,0.5158104300498962
1749236277.64098,12.668348689942013,0.5215579271316528
1749236277.6745777,12.67872828323615,0.5270119905471802
1749236277.7081513,12.686322938289168,0.5326721668243408
1749236277.7416604,12.693684204640793,0.5399245023727417
1749236277.7750685,12.701536039001393,0.5435659289360046
1749236277.808779,12.708808394095623,0.549529492855072
1749236277.8421886,12.716628874818122,0.5555552244186401
1749236277.8811126,12.724019577906132,0.5618696808815002
1749236277.914657,12.731833786064017,0.5677847862243652
1749236277.948066,12.740437079447654,0.5719568133354187
1749236277.9814727,12.746653343676167,0.5777430534362793
1749236278.0149145,12.754524254926142,0.5830972194671631
1749236278.0483248,12.76181361116805,0.5889059901237488
1749236278.0817256,12.769728844202163,0.5934156775474548
1749236278.1152375,12.774746939825915,0.5993134379386902
1749236278.1486742,12.782336839439413,0.6027255058288574
1749236278.1820736,12.789828568464694,0.6091845035552979
1749236278.218705,12.79741372171046,0.6166227459907532
1749236278.2534008,12.807588621980779,0.6214795708656311
1749236278.2868145,12.81264563905172,0.6250290274620056
1749236278.3202622,12.820137878891922,0.6332668662071228
1749236278.3541758,12.82749457427942,0.6366424560546875
1749236278.3875773,12.835055819337022,0.6423445343971252
1749236278.4209795,12.842621845070326,0.6481044292449951
1749236278.4543908,12.85053549712388,0.6543785333633423
1749236278.487794,12.860587696612704,0.6603584885597229
1749236278.5212114,12.868195525140312,0.665629506111145
1749236278.5546389,12.875776299524276,0.6731252670288086
1749236278.5880544,12.883109612066637,0.6766615509986877
1749236278.6214702,12.890944662215748,0.6824719309806824
1749236278.6548758,12.898532333733183,0.6880378127098083
1749236278.6883237,12.905864219398241,0.6934531927108765
1749236278.7218094,12.913702073839067,0.6992412209510803
1749236278.755972,12.921288450431183,0.706506609916687
1749236278.7893767,12.928874033227501,0.7122923135757446
1749236278.8227873,12.936459892954595,0.7160211205482483
1749236278.8562694,12.94404457814293,0.7234923839569092
1749236278.8896713,12.951372933121716,0.728874146938324
1749236278.923081,12.95925527802356,0.7324280738830566
1749236278.9564817,12.969118778643908,0.7396202683448792
1749236278.9903977,12.974425296447489,0.7454662919044495
1749236279.023816,12.982051379799717,0.7514333128929138
1749236279.0572312,12.991893255972641,0.756364107131958
1749236279.0905967,12.999750132684543,0.7640665769577026
1749236279.1241343,13.007288694859808,0.7678305506706238
1749236279.1575344,13.014784498195024,0.7740258574485779
1749236279.1909432,13.022167593281612,0.781459629535675
1749236279.2243464,13.027272794143382,0.7897077798843384
1749236279.2577758,13.03482733030551,0.7938108444213867
1749236279.2911968,13.04198099512437,0.8032602071762085
1749236279.3267524,13.049383839187785,0.8081960082054138
1749236279.3606892,13.056897658374401,0.8145989775657654
1749236279.3940477,13.062133519135113,0.8192172050476074
1749236279.4274862,13.069278734748265,0.8262720108032227
1749236279.4608974,13.076343166582607,0.8344606161117554
1749236279.4943278,13.084407435522905,0.8409801721572876
1749236279.5277243,13.091987222887221,0.8512158393859863
1749236279.5612142,13.101281711891826,0.8574561476707458
1749236279.594827,13.109026967856321,0.8668184280395508
1749236279.6282349,13.116590365004301,0.8724870085716248
1749236279.6616464,13.126111115052161,0.8840743899345398
1749236279.6950533,13.133353183580844,0.8910103440284729
1749236279.7284234,13.138261450313253,0.9014748930931091
1749236279.7618256,13.148116428423398,0.9120023250579834
1749236279.7959266,13.157376801151724,0.921935498714447
1749236279.8294091,13.16222050418072,0.9332384467124939
1749236279.8628492,13.16968763266216,0.9384028911590576
1749236279.8962734,13.177069168537454,0.9494516849517822
1749236279.9297383,13.186496018493028,0.9602083563804626
1749236279.9632678,13.191147619102297,0.9686003923416138
1749236279.9966636,13.199377207164456,0.9743263721466064
1749236280.0301044,13.206053513310497,0.9885198473930359
1749236280.063515,13.215873280545859,0.9951205849647522
1749236280.09691,13.223087095319805,1.0031017065048218
1749236280.1303785,13.230863318094956,1.0102688074111938
1749236280.1637938,13.237804711259715,1.0193469524383545
1749236280.1972175,13.245422111208576,1.028145432472229
1749236280.2306726,13.252898350725948,1.038338303565979
1749236280.2641459,13.260369045471537,1.0432497262954712
1749236280.297593,13.267864077568976,1.0527621507644653
1749236280.3311083,13.275151866322261,1.0592559576034546
1749236280.364511,13.282448383173579,1.0677424669265747
1749236280.3979597,13.28989968873639,1.0746605396270752
1749236280.4314916,13.297482821861783,1.0804407596588135
1749236280.4648879,13.307773272471035,1.088558316230774
1749236280.4982855,13.315031673690255,1.0945435762405396
1749236280.532029,13.322384349044297,1.1017392873764038
1749236280.5654407,13.329582451382118,1.1108540296554565
1749236280.5989323,13.336906793071742,1.117287278175354
1749236280.6323423,13.342282343512625,1.122655987739563
1749236280.665806,13.349600258665633,1.1311187744140625
1749236280.6992517,13.356980105490548,1.1362911462783813
1749236280.732654,13.36437468600943,1.1414740085601807
1749236280.7660184,13.371873000063216,1.1477783918380737
1749236280.7994173,13.37943678355328,1.1561857461929321
1749236280.8329144,13.38442790972928,1.1634840965270996
1749236280.8663201,13.39195985281664,1.1709624528884888
1749236280.8997526,13.399153021616446,1.1782456636428833
1749236280.9332085,13.409430736252697,1.183732271194458
1749236280.9666812,13.41722120845691,1.1900614500045776
1749236281.0000944,13.422179029419087,1.1947815418243408
1749236281.0334904,13.42938508171805,1.2017019987106323
1749236281.0668902,13.437177437992355,1.2096912860870361
1749236281.100288,13.444514311520132,1.215481162071228
1749236281.1336882,13.451709595516652,1.222237467765808
1749236281.1670969,13.459453524496004,1.2264207601547241
1749236281.2004933,13.464498653880899,1.2320023775100708
1749236281.2338982,13.471977423173444,1.2366629838943481
1749236281.26744,13.4795245622916,1.244310736656189
1749236281.3008995,13.489645660067383,1.249616026878357
1749236281.334303,13.496951410362092,1.2547746896743774
1749236281.367665,13.502427419636877,1.2611247301101685
1749236281.4011793,13.512242435048709,1.2668893337249756
1749236281.4345925,13.51985164023267,1.271594524383545
1749236281.467995,13.527431225334203,1.2766648530960083
1749236281.5021667,13.53249625075397,1.279839277267456
1749236281.5360107,13.542337064926624,1.287034034729004
1749236281.5695198,13.550234231153542,1.2919933795928955
1749236281.602933,13.555311837612198,1.2972184419631958
1749236281.6364403,13.560146565412085,1.3016873598098755
1749236281.6701846,13.571788023443334,1.3053991794586182
1749236281.7035952,13.578395948867039,1.309281826019287
1749236281.7370493,13.585889338958127,1.313879370689392
1749236281.7705522,13.593981771932873,1.3181006908416748
1749236281.8039632,13.601745374081528,1.3251792192459106
1749236281.8375592,13.609310721804711,1.3284872770309448
1749236281.9041498,13.620754824352108,1.3325221538543701
1749236281.9379084,13.623187037803993,1.3339157104492188
1749236281.972387,13.625758241270468,1.3342974185943604
1749236282.0058727,13.628415223285797,1.3350152969360352
1749236282.0394127,13.632360081552862,1.3365520238876343
1749236282.0728123,13.637364730701647,1.3397529125213623
1749236282.1062448,13.64592004083612,1.342994213104248
1749236282.1396499,13.65898127674589,1.3468258380889893
1749236282.1748424,13.666485995665349,1.3496557474136353
1749236282.2082922,13.676529236708971,1.3538392782211304
1749236282.2416916,13.687047178914945,1.3577766418457031
1749236282.2752268,13.693735450260256,1.3617441654205322
1749236282.30864,13.704680678860914,1.364485263824463
1749236282.3420787,13.714931828736376,1.3701345920562744
1749236282.375479,13.725519966173328,1.3731905221939087
1749236282.4088871,13.736493887551068,1.3776912689208984
1749236282.442307,13.74712936970419,1.3816198110580444
1749236282.4757152,13.757753635844493,1.385703444480896
1749236282.5091453,13.768347043944628,1.3919777870178223
1749236282.5425432,13.77897761827324,1.394639492034912
1749236282.5759523,13.787136010275164,1.3975225687026978
1749236282.6096697,13.796688232803513,1.4029757976531982
1749236282.6432762,13.807312236386528,1.405808925628662
1749236282.6767964,13.817947154674043,1.411280632019043
1749236282.7102044,13.832112993908915,1.4152923822402954
1749236282.7436965,13.842745151703847,1.4191715717315674
1749236282.7771692,13.849486754322271,1.4213131666183472
1749236282.810644,13.863994397098732,1.4269992113113403
1749236282.8440554,13.874622072802115,1.430942177772522
1749236282.8776093,13.885253939397487,1.435801386833191
1749236282.9111602,13.89943752421608,1.4394327402114868
1749236282.9449534,13.906511361603231,1.443596601486206
1749236282.9785993,13.917153257525307,1.4469493627548218
1749236283.0120027,13.930967492628948,1.450648546218872
1749236283.0454178,13.941590952577371,1.4544060230255127
1749236283.078827,13.952582563169065,1.4578335285186768
1749236283.1122432,13.962863960290099,1.4621474742889404
1749236283.1456423,13.97774919795082,1.4658079147338867
1749236283.179083,13.988027120041233,1.4691616296768188
1749236283.2125254,13.995482153024676,1.4719922542572021
1749236283.2459247,14.005747158620812,1.474724292755127
1749236283.2793317,14.012832034304544,1.4781816005706787
1749236283.3127396,14.02348065415371,1.4809304475784302
1749236283.3461437,14.037677192772879,1.483752965927124
1749236283.3805304,14.048303730869401,1.4872795343399048
1749236283.4139426,14.058957435035149,1.4906535148620605
1749236283.4473433,14.069612628871287,1.4932210445404053
1749236283.480771,14.0802593560782,1.495005488395691
1749236283.5143063,14.094451547457131,1.4987003803253174
1749236283.547712,14.101550360953851,1.5012617111206055
1749236283.5811265,14.111833821869489,1.5043563842773438
1749236283.6145694,14.12284461811151,1.506423830986023
1749236283.6479707,14.13313796570438,1.5089068412780762
1749236283.6815495,14.144130217885612,1.5109474658966064
1749236283.7150111,14.155141871400065,1.5137929916381836
1749236283.7484336,14.168981750859496,1.5162911415100098
1749236283.781833,14.179632718056185,1.5185390710830688
1749236283.8152394,14.186722977317793,1.5204427242279053
1749236283.8486557,14.197378780082495,1.5229496955871582
1749236283.8820555,14.207681038679736,1.52479887008667
1749236283.9154646,14.222238099494097,1.5268275737762451
1749236283.948866,14.232894867342326,1.5284652709960938
1749236283.9825325,14.239998231492613,1.5300852060317993
1749236284.0159314,14.250651699701091,1.5311970710754395
1749236284.0493765,14.257751843007048,1.5331794023513794
1749236284.0828028,14.271953459955789,1.5346546173095703
1749236284.1162434,14.282605907099533,1.5361026525497437
1749236284.1497953,14.29004938936929,1.5383228063583374
1749236284.1832564,14.300349198977704,1.5391861200332642
1749236284.2166605,14.314555432229092,1.5404309034347534
1749236284.2500675,14.325202496782648,1.5423884391784668
1749236284.2834704,14.335861335309728,1.5435982942581177
1749236284.3169043,14.346516426609242,1.5450184345245361
1749236284.3503046,14.353621831555701,1.5462876558303833
1749236284.3837092,14.364278517675247,1.5471619367599487
1749236284.4171069,14.371742456723585,1.5479826927185059
1749236284.4505029,14.382037578095376,1.5492773056030273
1749236284.4839182,14.39269292837741,1.5506268739700317
1749236284.517419,14.40299695712641,1.5515680313110352
1749236284.5508232,14.414006753023559,1.5532996654510498
1749236284.5842793,14.428216234482553,1.5543737411499023
1749236284.6176853,14.438871567366249,1.5556020736694336
1749236284.6510875,14.449884836599058,1.5564302206039429
1749236284.6844993,14.460185005468137,1.5573641061782837
1749236284.7180936,14.46728817374522,1.558387041091919
1749236284.7518463,14.481495442200623,1.5592089891433716
1749236284.785286,14.492148863008676,1.5602229833602905
1749236284.8186898,14.499250098917905,1.5609912872314453
1749236284.8520932,14.506354152028207,1.5616116523742676
1749236284.8855,14.517010134879248,1.562307357788086
1749236284.9189036,14.527662329798549,1.5632909536361694
1749236284.952326,14.541868999561123,1.5639886856079102
1749236284.9857826,14.552522370658705,1.5648672580718994
1749236285.0193405,14.559625520357473,1.565604329109192
1749236285.0531344,14.570278504235569,1.5662117004394531
1749236285.0865464,14.581642031562644,1.567132830619812
1749236285.1200786,14.59123094036333,1.5678290128707886
1749236285.153479,14.598686994023264,1.5688360929489136
1749236285.186836,14.609341758673997,1.569238543510437
1749236285.2204733,14.619641344994045,1.569838047027588
1749236285.2538803,14.626743789930552,1.5705994367599487
1749236285.2872784,14.63775254096681,1.5714768171310425
1749236285.320692,14.652311113826677,1.5725470781326294
1749236285.3541062,14.662611957438944,1.573081374168396
1749236285.3876586,14.67006770287184,1.5742089748382568
1749236285.421156,14.680726631621335,1.5740081071853638
1749236285.4546072,14.687475922353395,1.5746300220489502
1749236285.4882162,14.698126464167114,1.5756659507751465
1749236285.5216224,14.708784953902985,1.5754573345184326
1749236285.5550575,14.718329405863672,1.5767168998718262
1749236285.5888267,14.722999657622156,1.5766781568527222
1749236285.6222327,14.728526528912356,1.577183723449707
1749236285.6556337,14.73281345344967,1.5774537324905396
1749236285.6890972,14.736645512976374,1.577386736869812
1749236285.722511,14.740150326300972,1.5778635740280151
1749236285.7559168,14.742618968545116,1.5782901048660278
1749236285.7893207,14.746887489471717,1.5783361196517944
1749236285.8226938,14.750139432505357,1.5788472890853882
1749236285.8564253,14.75229579217267,1.578713297843933
1749236285.8898351,14.755403710006112,1.5785284042358398
1749236285.9241385,14.759793488103995,1.57884681224823
1749236285.9575489,14.763092831298486,1.5790687799453735
1749236285.9909241,14.765116737465645,1.5791531801223755
1749236286.0243325,14.76833614584932,1.578640103340149
1749236286.0577505,14.771807245778218,1.5795413255691528
1749236286.0913231,14.774910515949681,1.579487919807434
1749236286.1247883,14.778119380614196,1.5787769556045532
1749236286.1581924,14.78123615353337,1.5793424844741821
1749236286.1918423,14.784430465754339,1.579282522201538
1749236286.2252405,14.78665014080659,1.5792934894561768
1749236286.2586415,14.790790506876734,1.577641248703003
1749236286.2920406,14.794033301149678,1.578125238418579
1749236286.325467,14.796500796232733,1.5772706270217896
1749236286.3589113,14.800733609701425,1.5773835182189941
1749236286.3923204,14.802983597031481,1.576944351196289
1749236286.4258275,14.80663250378202,1.5765317678451538
1749236286.4592447,14.810213292755364,1.576746940612793
1749236286.4930701,14.814036272620088,1.5768322944641113
1749236286.5264783,14.817676937836447,1.5767569541931152
1749236286.5602894,14.82232921077623,1.5768605470657349
1749236286.5938294,14.824802767603819,1.5758764743804932
1749236286.6285317,14.828430826997264,1.5748255252838135
1749236286.6619434,14.831789456905309,1.5748052597045898
1749236286.6953545,14.835127274057028,1.5748791694641113
1749236286.728756,14.838438699042618,1.573968768119812
1749236286.7621653,14.841711963996184,1.5720666646957397
1749236286.7955718,14.843839923466525,1.5723475217819214
1749236286.8289497,14.847038683049506,1.5711954832077026
1749236286.862369,14.850147665060364,1.5715384483337402
1749236286.895772,14.853400005405888,1.5705922842025757
1749236286.9294121,14.856495688490243,1.5701926946640015
1749236286.9628158,14.859431317514558,1.57021164894104
1749236286.9962888,14.862472390480411,1.5687072277069092
1749236287.0296805,14.86549346991149,1.5683860778808594
1749236287.0631518,14.86827335427107,1.5677372217178345
1749236287.0966034,14.871098804323355,1.5686182975769043
1749236287.1300576,14.873897498685738,1.5671930313110352
1749236287.1637597,14.876628821674018,1.5674622058868408
1749236287.1971602,14.878324059756038,1.567038893699646
1749236287.2305677,14.881794076250772,1.566024661064148
1749236287.263976,14.88456868284675,1.5664682388305664
1749236287.2973864,14.887125678775352,1.5656530857086182
1749236287.3308165,14.889599376293297,1.5645736455917358
1749236287.3642325,14.892090277560492,1.5647376775741577
1749236287.3976417,14.894525393932218,1.5643031597137451
1749236287.4318867,14.897044579136788,1.564631462097168
1749236287.4654903,14.899303971377542,1.5637284517288208
1749236287.4989338,14.901016895166924,1.5636553764343262
1749236287.532443,14.904320826905508,1.5622406005859375
1749236287.5659947,14.906655859229046,1.5621098279953003
1749236287.5994084,14.909018453760948,1.560726523399353
1749236287.6328595,14.911502077530548,1.5607298612594604
1749236287.666263,14.913627408311347,1.5589308738708496
1749236287.7003195,14.915842351034534,1.5595804452896118
1749236287.7337713,14.917899108044134,1.5584204196929932
1749236287.7671962,14.920012957113022,1.5587093830108643
1749236287.8012862,14.922191878261284,1.5573651790618896
1749236287.8346972,14.923645205531807,1.5577447414398193
1749236287.868107,14.925801295437767,1.5572601556777954
1749236287.9015465,14.927134151279185,1.5565789937973022
1749236287.93499,14.929058090719934,1.5569089651107788
1749236287.9684706,14.930985051167834,1.5558303594589233
1749236288.0019083,14.93294065400178,1.5557855367660522
1749236288.0353343,14.934816856742216,1.555688738822937
1749236288.0692556,14.93662651193346,1.5543019771575928
1749236288.102703,14.938425145268067,1.5541857481002808
1749236288.1361077,14.940700289510126,1.5539312362670898
1749236288.1695287,14.942496976311643,1.5530829429626465
1749236288.2029297,14.944212391714055,1.5526111125946045
1749236288.2363422,14.94584556038256,1.5527278184890747
1749236288.2697494,14.946953391706217,1.5510181188583374
1749236288.3031595,14.948604998068712,1.55165433883667
1749236288.3365722,14.950126724414831,1.5511844158172607
1749236288.3700533,14.951589045651737,1.5493935346603394
1749236288.4034982,14.953078016838822,1.550396203994751
1749236288.437086,14.954480828772962,1.549324870109558
1749236288.4705045,14.955940063427649,1.5490423440933228
1749236288.504236,14.956887699507357,1.5492826700210571
1749236288.5377,14.958201302809652,1.547913908958435
1749236288.571061,14.95954436054738,1.548115611076355
1749236288.6044576,14.960461073976129,1.54774808883667
1749236288.6379917,14.962324856377203,1.5473124980926514
1749236288.671426,14.963633098909789,1.5477458238601685
1749236288.7048485,14.964952647504425,1.5469731092453003
1749236288.738258,14.96587341679906,1.5469337701797485
1749236288.771727,14.967593584230457,1.5468896627426147
1749236288.805232,14.968847273887093,1.5462568998336792
1749236288.8386323,14.970136383522096,1.5467664003372192
1749236288.872033,14.97132260597132,1.5460246801376343
1749236288.9054363,14.972102596748583,1.5463541746139526
1749236288.9389062,14.97338895233228,1.5460528135299683
1749236288.972312,14.974606767430808,1.5461503267288208
1749236289.0057342,14.975833296911192,1.5456629991531372
1749236289.0392334,14.976949355784976,1.5459660291671753
1749236289.0725873,14.978085814427724,1.5462327003479004
1749236289.106067,14.979209532440692,1.5462442636489868
1749236289.139464,14.980673868494238,1.5459929704666138
1749236289.1728792,14.98177340996822,1.5467162132263184
1749236289.2063146,14.982846950608481,1.5467307567596436
1749236289.239717,14.983926364902944,1.5465049743652344
1749236289.2731297,14.985305833863249,1.5470550060272217
1749236289.3065293,14.986010195865743,1.5470514297485352
1749236289.339955,14.986950662228864,1.5466827154159546
1749236289.3733902,14.988017653797504,1.5473896265029907
1749236289.4068937,14.988961481224562,1.5471500158309937
1749236289.4403071,14.989911929397957,1.5472990274429321
1749236289.473711,14.991160519879266,1.5474605560302734
1749236289.507096,14.992041673770094,1.5468590259552002
1749236289.540558,14.993005877297056,1.5475994348526
1749236289.5739472,14.993957872172572,1.5470664501190186
1749236289.6073215,14.994959388088018,1.5478389263153076
1749236289.6407204,14.995932612264257,1.5471247434616089
1749236289.6741388,14.996885660050749,1.5478101968765259
1749236289.7075558,14.997787656532667,1.547802448272705
1749236289.740973,14.99865185054562,1.5484055280685425
1749236289.7743907,14.999520887137527,1.5480279922485352
1749236289.8078008,15.000204333483081,1.5480952262878418
1749236289.841201,15.000574693373414,1.5480036735534668
1749236289.8746018,15.000769816982116,1.5480241775512695
1749236289.9082196,15.000867177060494,1.5480115413665771
1749236289.9417057,15.000916810838989,1.5480026006698608
1749236289.9751234,15.000940193839261,1.5480046272277832
1749236290.0085819,15.000952132717876,1.5480009317398071
1749236290.0420098,15.000957376813094,1.5480002164840698
1749236290.0759673,15.000961289567229,1.547999382019043
1749236290.1093757,15.000962245557014,1.5479992628097534
1749236290.1429346,15.000962883940687,1.5479985475540161
1749236290.1765053,15.000963060370434,1.547998070716858
1749236290.2099469,15.000963013878813,1.5479974746704102
1749236290.243715,15.000962505755846,1.547997236251831
1749236290.2771246,15.000962220857517,1.5479968786239624
1749236290.3106596,15.000961656767814,1.547995686531067
1749236290.3441648,15.000961910676471,1.5479958057403564
1749236290.377556,15.0009613560527,1.5479949712753296
1749236290.411322,15.000961547988918,1.547994613647461
1749236290.444754,15.000961278579707,1.5479942560195923
1749236290.4781885,15.000960721531529,1.5479940176010132
1749236290.5122209,15.000960452126625,1.547993779182434
1749236290.5457644,15.000960421132211,1.547993540763855
1749236290.5792696,15.000959928899379,1.5479933023452759
1749236290.6126807,15.000959897904965,1.5479930639266968
1749236290.646092,15.000959882407757,1.5479928255081177
1749236290.6795104,15.000959835916136,1.5479925870895386
1749236290.7129421,15.000959343683318,1.5479923486709595
1749236290.74741,15.000959328186111,1.5479921102523804
1749236290.7808347,15.000959297191697,1.5479918718338013
1749236290.8143485,15.000959027787593,1.5479917526245117
1749236290.8477788,15.000959219710765,1.5479923486709595
1749236290.8811853,15.000959188733667,1.5479921102523804
1749236290.915147,15.000958778184934,1.5479918718338013
1749236290.948559,15.000958762705807,1.5479915142059326
1749236290.982018,15.000958855666608,1.5480059385299683
1749236291.0154274,15.000972997173443,1.5479986667633057
1749236291.0543084,15.000966670501512,1.548011302947998
1749236291.0877151,15.000971200484686,1.54800283908844
1749236291.1211236,15.000972536833183,1.5480071306228638
1749236291.1545615,15.000973836580663,1.5480026006698608
1749236291.1883998,15.000975515383152,1.5480045080184937
1749236291.2218122,15.000977111183394,1.5480021238327026
1749236291.255224,15.000978381583229,1.54800283908844
1749236291.2886484,15.000979667125021,1.5480016469955444
1749236291.322308,15.000981679633245,1.5479995012283325
1749236291.3557446,15.000982705102365,1.5480014085769653
1749236291.3892088,15.000984569747727,1.547998309135437
1749236291.422588,15.000986211542875,1.547999620437622
1749236291.455995,15.000987794725509,1.547999620437622
1749236291.4895303,15.000989577349438,1.547996163368225
1749236291.5229325,15.000991380897633,1.5479979515075684
1749236291.5564222,15.000992814315122,1.5479973554611206
1749236291.5898416,15.000994733517734,1.5479943752288818
1749236291.623259,15.000996215389007,1.5479954481124878
1749236291.6566904,15.000997595391532,1.5479952096939087
1749236291.6903746,15.000999175269909,1.5479943752288818
1749236291.7238264,15.001000831784484,1.5479933023452759
1749236291.7571824,15.001002445698509,1.54799222946167
1749236291.790587,15.001003808048011,1.54799222946167
1749236291.8239486,15.001005586703783,1.5479912757873535
1749236291.8573143,15.001007523094138,1.5479888916015625
1749236291.8907464,15.001009155591358,1.547991156578064
1749236291.924162,15.001010976089056,1.5479878187179565
1749236291.9575973,15.001012583457477,1.5479868650436401
1749236291.9910119,15.001014276205463,1.547988772392273
1749236292.0246744,15.00101601513631,1.5479856729507446
1749236292.0581558,15.001017600783884,1.5479847192764282
1749236292.091602,15.001019205603274,1.547986626625061
1749236292.1250048,15.001020959754813,1.5479835271835327
1749236292.1587453,15.001021866330387,1.5479848384857178
1749236292.192186,15.00102288698889,1.5479847192764282
1749236292.2256358,15.001024990180005,1.5479817390441895
1749236292.2600303,15.00102685872837,1.5479838848114014
1749236292.2934344,15.001028208819378,1.5479816198349
1749236292.3268812,15.001029173190553,1.5479826927185059
1749236292.36037,15.00103094553595,1.547979474067688
1749236292.3937283,15.001032617543078,1.5479806661605835
1749236292.4271357,15.001034211586072,1.547980546951294
1749236292.4607391,15.001036173715978,1.5479772090911865
1749236292.494258,15.001036365293187,1.5479780435562134
1749236292.5276837,15.0010381257904,1.547978401184082
1749236292.5610862,15.001040564073952,1.5479751825332642
1749236292.5944932,15.001041228227034,1.5479775667190552
1749236292.627911,15.001043111260241,1.5479753017425537
1749236292.661388,15.001044844408332,1.5479730367660522
1749236292.69488,15.001046615334788,1.5479754209518433
1749236292.728285,15.001047722091027,1.5479732751846313
1749236292.7617607,15.001049306086715,1.5479742288589478
1749236292.7952042,15.0010509916087,1.5479708909988403
1749236292.8290236,15.00145955294176,1.5471426248550415
1749236292.8624675,15.004660752337637,1.5492700338363647
1749236292.895925,15.009570643886269,1.5532525777816772
1749236292.929293,15.015362703864618,1.5549315214157104
1749236292.9627259,15.022656963822397,1.5598528385162354
1749236292.9961941,15.027221478035496,1.5664628744125366
1749236293.0296032,15.03661840647292,1.5711860656738281
1749236293.06301,15.04463837376037,1.5768475532531738
1749236293.096424,15.052192972542723,1.584092378616333
1749236293.1298187,15.059212252887493,1.5881270170211792
1749236293.1632564,15.067333026668864,1.5938512086868286
1749236293.196664,15.07469651527748,1.5989197492599487
1749236293.2300804,15.082282492658468,1.6046156883239746
1749236293.2634897,15.089933677998571,1.609543800354004
1749236293.2969155,15.097536005096018,1.6168057918548584
1749236293.3310122,15.107659367211031,1.6226868629455566
1749236293.3644211,15.112680018321711,1.628706932067871
1749236293.3978207,15.120369116721015,1.6332534551620483
1749236293.4312289,15.127955747528329,1.6390340328216553
1749236293.4646695,15.135476024655746,1.6434518098831177
1749236293.4981186,15.140806002046691,1.6488988399505615
1749236293.5315337,15.148154848356464,1.6547038555145264
1749236293.5649436,15.155487391902241,1.6602708101272583
1749236293.5983546,15.163361408260734,1.6653953790664673
1749236293.631758,15.170943429924046,1.6692168712615967
1749236293.6652274,15.176765622304597,1.6747870445251465
1749236293.6986365,15.186128887702651,1.680423378944397
1749236293.732034,15.193721546094123,1.6877652406692505
1749236293.7654362,15.202583651629801,1.692639708518982
1749236293.7988744,15.209165482316692,1.697532057762146
1749236293.8323913,15.216507840297828,1.702987551689148
1749236293.8657954,15.224103260403934,1.7103114128112793
1749236293.8999505,15.231951703700151,1.714451789855957
1749236293.9334695,15.239547448483393,1.7200851440429688
1749236293.9668732,15.246635810046861,1.7253522872924805
1749236294.0026987,15.254484894590874,1.731176495552063
1749236294.0378227,15.259548751797057,1.7368139028549194
1749236294.0712373,15.267143602323458,1.7437723875045776
1749236294.1046486,15.277271487996984,1.7499727010726929
1749236294.138068,15.28486653857912,1.7537397146224976
1749236294.1716413,15.292462361516645,1.761252999305725
1749236294.2051635,15.300056331351204,1.7666624784469604
1749236294.2385838,15.307669477454434,1.7721773386001587
1749236294.2719955,15.317833557646752,1.77742338180542
1749236294.3054245,15.32543284180296,1.7829519510269165
1749236294.3388283,15.332966305218719,1.7891992330551147
1749236294.3722777,15.340556525266651,1.7948445081710815
1749236294.4057114,15.345674271288729,1.7995331287384033
1749236294.439154,15.353558305129965,1.8029289245605469
1749236294.4727032,15.36109453087839,1.8108066320419312
1749236294.5061438,15.371018207680727,1.8159887790679932
1749236294.5396721,15.376092782332858,1.8196405172348022
1749236294.5731168,15.383350239523274,1.8260180950164795
1749236294.6065247,15.391211012846572,1.831673264503479
1749236294.6399336,15.398784321410147,1.839266061782837
1749236294.6733308,15.406366805963113,1.8448282480239868
1749236294.706817,15.413698125392928,1.8504456281661987
1749236294.7403014,15.421727303473139,1.8566468954086304
1749236294.7737262,15.429051832736137,1.8600718975067139
1749236294.8071892,15.436605169123371,1.8657900094985962
1749236294.8406136,15.444162269977383,1.8715482950210571
1749236294.874021,15.449203162402465,1.878777265548706
1749236294.907427,15.459550364191633,1.8831039667129517
1749236294.940831,15.466884134177572,1.8883830308914185
1749236294.9742298,15.471674631909547,1.892008900642395
1749236295.0076342,15.479244372229934,1.8977283239364624
1749236295.0411267,15.487071337526006,1.903615117073059
1749236295.074528,15.494638316655175,1.9094127416610718
1749236295.107931,15.50227615500023,1.914183259010315
1749236295.1413321,15.509575707183304,1.9217135906219482
1749236295.174744,15.517677393618625,1.927295207977295
1749236295.208149,15.525002857013842,1.93283212184906
1749236295.2415285,15.533352331766059,1.9372944831848145
1749236295.274936,15.539902180618451,1.9424535036087036
1749236295.308338,15.547794917788519,1.9475151300430298
1749236295.341743,15.555630176978253,1.9532229900360107
1749236295.37518,15.562973725104765,1.9585363864898682
1749236295.4092643,15.56803787325842,1.964138150215149
1749236295.4436395,15.575639940325276,1.9697248935699463
1749236295.4770594,15.583736768210004,1.9754691123962402
1749236295.5104713,15.593371229470298,1.9809554815292358
1749236295.5438426,15.60197534280485,1.988520622253418
1749236295.5772462,15.608815071856398,1.9941279888153076
1749236295.6106102,15.618695239419187,1.9997568130493164
1749236295.644069,15.624023552001148,2.0053398609161377
1749236295.6774724,15.63129925310684,2.011795997619629
1749236295.7109377,15.641403411332185,2.0171658992767334
1749236295.7443042,15.64925011655597,2.0226917266845703
1749236295.7779202,15.65633318751653,2.027867317199707
1749236295.8113415,15.664209177876863,2.0332376956939697
1749236295.8447433,15.66905763655505,2.038121461868286
1749236295.8781755,15.679491984680327,2.0450024604797363
1749236295.911581,15.687136870694577,2.0487067699432373
1749236295.9450455,15.695031687205175,2.0558950901031494
1749236295.9784496,15.70478012796942,2.0603597164154053
1749236296.0118318,15.710089905644555,2.0664589405059814
1749236296.0452344,15.717791801805744,2.0712132453918457
1749236296.0788014,15.72542873699676,2.075085401535034
1749236296.1122122,15.732834130255492,2.0823700428009033
1749236296.1456296,15.740460546592328,2.086115837097168
1749236296.1790333,15.748419852077538,2.091001272201538
1749236296.2124624,15.75606088134438,2.0963640213012695
1749236296.2458837,15.763727775392034,2.101637840270996
1749236296.2793217,15.768807480476106,2.105473041534424
1749236296.3127182,15.776754010646384,2.110647439956665
1749236296.346126,15.781540670417492,2.116724729537964
1749236296.3796823,15.788914332425776,2.1230759620666504
1749236296.4131403,15.796746324795716,2.130549430847168
1749236296.4465501,15.806884512582569,2.1341092586517334
1749236296.4799614,15.814712564741438,2.141756534576416
1749236296.5133753,15.822077090676352,2.1451213359832764
1749236296.5468013,15.829608467764343,2.1513378620147705
1749236296.5802345,15.839796416315883,2.1574649810791016
1749236296.6136417,15.847231288479962,2.1644437313079834
1749236296.6470408,15.85462085315081,2.169344902038574
1749236296.6804385,15.862462430670178,2.1750690937042236
1749236296.7138703,15.869735055472837,2.1811141967773438
1749236296.747278,15.877235121713724,2.189707040786743
1749236296.7807555,15.885293189847117,2.195568561553955
1749236296.814166,15.892609722900747,2.201359272003174
1749236296.8475642,15.899934339195656,2.2068333625793457
1749236296.8809621,15.9075340571883,2.2113187313079834
1749236296.9143634,15.912382505332673,2.21850323677063
1749236296.9477725,15.922034235045759,2.226045846939087
1749236296.981174,15.929603162195958,2.2306177616119385
1749236297.0145915,15.937062678307065,2.2366909980773926
1749236297.0479965,15.942075440241227,2.240156888961792
1749236297.0813975,15.949278146630421,2.248321771621704
1749236297.1148255,15.954055373794922,2.253573417663574
1749236297.1482236,15.961674236647717,2.261089324951172
1749236297.18163,15.968749500976584,2.2660140991210938
1749236297.2150664,15.976462048749976,2.2752246856689453
1749236297.2484748,15.98364275417657,2.2812297344207764
1749236297.2818718,15.991253474992497,2.2881925106048584
1749236297.3156984,16.000855252075873,2.2966105937957764
1749236297.350132,16.008780777827432,2.3034679889678955
1749236297.3835833,16.01338381420715,2.311082601547241
1749236297.4171462,16.020456724282877,2.316227436065674
1749236297.450562,16.025449819034204,2.3208963871002197
1749236297.4839616,16.03508373188328,2.3309104442596436
1749236297.5173705,16.042708685274597,2.339641809463501
1749236297.5507927,16.051024686958694,2.3484909534454346
1749236297.5841951,16.05742197615946,2.3536341190338135
1749236297.6176152,16.064904240140635,2.362938404083252
1749236297.6522396,16.072343486543033,2.3708083629608154
1749236297.6856747,16.079921803616585,2.3768744468688965
1749236297.719075,16.084583488040817,2.384748935699463
1749236297.752563,16.09222315087037,2.3923277854919434
1749236297.786011,16.09969507119124,2.399552583694458
1749236297.8194926,16.107028040066385,2.40816593170166
1749236297.8529098,16.11707858377822,2.4149506092071533
1749236297.8863149,16.124495097659786,2.422471284866333
1749236297.9199212,16.13157760302264,2.430771827697754
1749236297.9533415,16.139066545720173,2.438220262527466
1749236297.986831,16.146609370590053,2.4477572441101074
1749236298.0202558,16.153949308346654,2.454531192779541
1749236298.0538433,16.16147296755535,2.463275671005249
1749236298.087293,16.16829531311379,2.472947120666504
1749236298.1206949,16.173322802655896,2.475789785385132
1749236298.1551452,16.180605055551265,2.4829626083374023
1749236298.1886694,16.187420254655557,2.491081714630127
1749236298.2220843,16.194576875817408,2.4980268478393555
1749236298.2554915,16.201926094783968,2.5056698322296143
1749236298.2889814,16.209399698730813,2.5120444297790527
1749236298.3224428,16.217754824034568,2.522152900695801
1749236298.3558607,16.226751876530113,2.5306060314178467
1749236298.3892663,16.231542600129988,2.5346755981445312
1749236298.4227343,16.238851111019866,2.54239559173584
1749236298.4561589,16.246095372742918,2.551443099975586
1749236298.48956,16.253580099488843,2.5615243911743164
1749236298.522993,16.263143235861364,2.5699479579925537
1749236298.5565968,16.271168688123932,2.577610492706299
1749236298.5899963,16.28083540987072,2.587940216064453
1749236298.6234047,16.288118372076102,2.594470977783203
1749236298.6569617,16.29575688203893,2.6027863025665283
1749236298.690361,16.303106570600452,2.6115994453430176
1749236298.7237644,16.30790865091469,2.618522882461548
1749236298.757217,16.31566351562258,2.62338924407959
1749236298.790622,16.322829590360783,2.63096022605896
1749236298.824032,16.33048652486046,2.6391282081604004
1749236298.8574317,16.3376656419343,2.6466546058654785
1749236298.8908374,16.34517445900929,2.6535465717315674
1749236298.9242442,16.35275913867241,2.6623828411102295
1749236298.957641,16.36051926345309,2.669853687286377
1749236298.9910276,16.36747616871434,2.6770215034484863
1749236299.0244815,16.375498430621892,2.6843087673187256
1749236299.0579274,16.380447636112596,2.691544532775879
1749236299.0923808,16.38782481369728,2.699978828430176
1749236299.1257882,16.39508991359757,2.7072463035583496
1749236299.159329,16.40509268185573,2.7141504287719727
1749236299.1927457,16.41262638196815,2.7229979038238525
1749236299.2261946,16.420153832173884,2.729677677154541
1749236299.2596154,16.427266952724207,2.73757004737854
1749236299.2930238,16.437285953178232,2.744061231613159
1749236299.3267004,16.44258670822533,2.750488758087158
1749236299.3601022,16.44782846319143,2.7576587200164795
1749236299.3935413,16.459717554144994,2.7651431560516357
1749236299.4269547,16.46756909813932,2.77120304107666
1749236299.4603655,16.47501502822754,2.7782535552978516
1749236299.4937723,16.482541960531993,2.7844398021698
1749236299.5271785,16.490009393075937,2.7912180423736572
1749236299.5623062,16.496519282970613,2.797518491744995
1749236299.5957136,16.50552570462411,2.804126501083374
1749236299.6295118,16.513022358808804,2.810319662094116
1749236299.6629086,16.520583230663224,2.8169922828674316
1749236299.696259,16.530045847616293,2.8235528469085693
1749236299.7296562,16.53757740643925,2.8293418884277344
1749236299.763058,16.54518615070737,2.833641290664673
1749236299.7964647,16.552909831987527,2.8394558429718018
1749236299.829973,16.557629133354986,2.8454437255859375
1749236299.8633769,16.565130803018896,2.84928822517395
1749236299.896846,16.572635612210004,2.8552732467651367
1749236299.9302628,16.579987956021828,2.8601393699645996
1749236299.9637365,16.587974079770163,2.8645801544189453
1749236299.9971397,16.59797112549284,2.8704328536987305
1749236300.0305521,16.605509409930626,2.876093626022339
1749236300.0639563,16.61295526684844,2.8799312114715576
1749236300.0973594,16.620845487846648,2.885396718978882
1749236300.13158,16.625988181979398,2.8900930881500244
1749236300.165093,16.636477593113412,2.8931212425231934
1749236300.1985297,16.64402691166903,2.8977553844451904
1749236300.2320735,16.652188172545987,2.9020962715148926
1749236300.2657099,16.66041640742373,2.906111717224121
1749236300.2991562,16.667830692265234,2.908109188079834
1749236300.3327587,16.676032107991922,2.9114718437194824
1749236300.3661628,16.683987723469354,2.9140501022338867
1749236300.3995647,16.6919013248599,2.9175117015838623
1749236300.4329698,16.699831830443244,2.921799898147583
1749236300.4663928,16.70775266352042,2.925165891647339
1749236300.5002007,16.715681756817506,2.9273085594177246
1749236300.533601,16.72335590942929,2.931452512741089
1749236300.5671256,16.731544430269423,2.9336681365966797
1749236300.6005392,16.73973340631081,2.937185764312744
1749236300.634091,16.747404756590754,2.9401865005493164
1749236300.6675422,16.755321699514493,2.943727493286133
1749236300.700946,16.762988948046424,2.946812868118286
1749236300.734358,16.77118509319923,2.949995279312134
1749236300.7677588,16.779111206694598,2.953207015991211
1749236300.8012936,16.78677520374804,2.957512140274048
1749236300.834779,16.797599512718644,2.9609146118164062
1749236300.8682258,16.805532713351663,2.963998794555664
1749236300.9016056,16.813192566321554,2.967200994491577
1749236300.9350164,16.821131199187093,2.9713079929351807
1749236300.9684691,16.829307564184514,2.974712371826172
1749236301.001957,16.837502718402323,2.976823329925537
1749236301.0354996,16.84490033986501,2.9809932708740234
1749236301.0689313,16.85283962623213,2.9826736450195312
1749236301.1023548,16.86077030006954,2.986708402633667
1749236301.135914,16.87188886850512,2.98943829536438
1749236301.1693177,16.879270537476568,2.992766857147217
1749236301.2026865,16.88750896609385,2.9952282905578613
1749236301.2361114,16.895440301327806,2.998924493789673
1749236301.2695184,16.903191861919808,3.0010194778442383
1749236301.3029249,16.911442105117956,3.0040841102600098
1749236301.3365083,16.919172957868746,3.0070652961730957
1749236301.3699715,16.927671369542175,3.0094521045684814
1749236301.4033842,16.93534070990849,3.0117709636688232
1749236301.4369462,16.943034391230448,3.014211654663086
1749236301.470364,16.95127610827794,3.0155749320983887
1749236301.5037737,16.958934793982383,3.0190653800964355
1749236301.5371935,16.967394517886074,3.0218327045440674
1749236301.571159,16.975070941577602,3.0244197845458984
1749236301.604762,16.982716570465552,3.0265512466430664
1749236301.6382318,16.986886975929696,3.027858257293701
1749236301.6716354,16.992097215238644,3.0292091369628906
1749236301.7050462,16.996514183445704,3.0307047367095947
1749236301.7384672,17.000430271093933,3.031787872314453
1749236301.7719204,17.003996720196707,3.033252239227295
1749236301.805368,17.00860028557863,3.033210277557373
1749236301.8389122,17.011909199215815,3.0348525047302246
1749236301.8722944,17.015189095742148,3.0357320308685303
1749236301.905842,17.01842589626281,3.0370242595672607
1749236301.939537,17.020468475272573,3.037630319595337
1749236301.972939,17.023799214863097,3.0384223461151123
1749236302.0064259,17.027980745907925,3.0388376712799072
1749236302.0399575,17.031318385887044,3.0387673377990723
1749236302.0737488,17.034454871453836,3.039700984954834
1749236302.1071818,17.037808839003116,3.0398199558258057
1749236302.1406403,17.04102883239688,3.0401830673217773
1749236302.1740537,17.043247937606726,3.0401523113250732
1749236302.2075047,17.04627804165311,3.0391995906829834
1749236302.2409093,17.04945882161616,3.0397567749023438
1749236302.274407,17.052721900590473,3.039402961730957
1749236302.3078132,17.056061267684576,3.0405609607696533
1749236302.3412855,17.05955550645798,3.0402185916900635
1749236302.3746917,17.063094823404352,3.0400688648223877
1749236302.4081118,17.066659279132438,3.0396764278411865
1749236302.441569,17.070223448515726,3.0401129722595215
1749236302.476252,17.07266758354103,3.039492130279541
1749236302.5098467,17.07816512845768,3.038255453109741
1749236302.5432723,17.081535255698054,3.0384819507598877
1749236302.576726,17.08500421384535,3.0388989448547363
1749236302.6101313,17.088122441524515,3.0385842323303223
1749236302.6439168,17.09118773461672,3.0368409156799316
1749236302.6773636,17.094457490882405,3.0363173484802246
1749236302.710966,17.09758405265376,3.034630537033081
1749236302.7443655,17.100709137530526,3.0343103408813477
1749236302.7778635,17.10380249465928,3.0330519676208496
1749236302.81125,17.106838860362522,3.0328269004821777
1749236302.8446987,17.111128343387666,3.031139612197876
1749236302.8781621,17.11406940538586,3.03133487701416
1749236302.9115856,17.11688567532045,3.030324935913086
1749236302.9450119,17.11984311249243,3.029346227645874
1749236302.9784262,17.121713953704393,3.029392957687378
1749236303.0119932,17.125343393531328,3.0281074047088623
1749236303.04544,17.127220195428617,3.0284554958343506
1749236303.079075,17.129901866698937,3.027205467224121
1749236303.1124794,17.13381938179023,3.0280933380126953
1749236303.145887,17.13535361142037,3.0277695655822754
1749236303.1793075,17.138674236619423,3.0266191959381104
1749236303.212933,17.141166025565493,3.0272388458251953
1749236303.246337,17.143508617706694,3.026472806930542
1749236303.2797222,17.14601253807363,3.026414155960083
1749236303.3131287,17.149049065612758,3.0255966186523438
1749236303.346535,17.151500684774224,3.025935411453247
1749236303.3800683,17.15301582244035,3.026068925857544
1749236303.4134665,17.155228284664823,3.0253045558929443
1749236303.4468663,17.157528536035652,3.0258259773254395
1749236303.4802988,17.16041169043768,3.02561092376709
1749236303.5137537,17.16250690796186,3.0244855880737305
1749236303.5471518,17.16462080629769,3.0240278244018555
1749236303.5805593,17.16673073424491,3.0240635871887207
1749236303.6139672,17.16883146584501,3.0231692790985107
1749236303.6473727,17.170902828917676,3.0236635208129883
1749236303.6807775,17.17291775308866,3.0231645107269287
1749236303.71429,17.174975291647783,3.0246355533599854
1749236303.747706,17.176836967053227,3.0236499309539795
1749236303.7810862,17.178730271347312,3.0233168601989746
1749236303.814614,17.18042053355036,3.0251810550689697
1749236303.8479762,17.18239121042919,3.0243942737579346
1749236303.881377,17.184050843871745,3.023710012435913
1749236303.9148037,17.18576667267657,3.025271415710449
1749236303.948207,17.187574922581366,3.02485990524292
1749236303.981584,17.189727673856396,3.0251526832580566
1749236304.0149844,17.191380273158483,3.0244030952453613
1749236304.0486786,17.193077938944736,3.025444746017456
1749236304.0820916,17.194851282020633,3.0248143672943115
1749236304.1155214,17.196490188700697,3.025888204574585
1749236304.1490471,17.198158146401134,3.025733232498169
1749236304.1824532,17.199227895137764,3.025907516479492
1749236304.216035,17.200794629163738,3.02608323097229
1749236304.2494848,17.202332263522017,3.0257530212402344
1749236304.2829347,17.203920618919607,3.026336193084717
1749236304.3163338,17.205968258444663,3.0247955322265625
1749236304.3497016,17.20755397600911,3.0256943702697754
1749236304.383112,17.208986482110934,3.0244786739349365
1749236304.4167726,17.209916813578335,3.0252468585968018
1749236304.4502146,17.211292805419298,3.02549409866333
1749236304.483614,17.21259087929712,3.0257604122161865
1749236304.5170772,17.213943505870148,3.0255393981933594
1749236304.5505993,17.215779286121307,3.0251548290252686
1749236304.5840821,17.21699359072704,3.0255019664764404
1749236304.6175356,17.21773787898254,3.0255160331726074
1749236304.6509397,17.219397681255007,3.025047540664673
1749236304.6844032,17.220629685221702,3.025707483291626
1749236304.7178075,17.221825783076408,3.024919271469116
1749236304.7512052,17.22299157235977,3.024519443511963
1749236304.784657,17.224129072377902,3.0253472328186035
1749236304.8180609,17.225268635756454,3.024714946746826
1749236304.8547003,17.226018510059326,3.024820566177368
1749236304.8881152,17.227485699161353,3.0249104499816895
1749236304.9218605,17.228597541748076,3.0248444080352783
1749236304.9553175,17.229847196442567,3.025177478790283
1749236304.988882,17.230762962687326,3.024454116821289
1749236305.0223374,17.231744823655617,3.024829149246216
1749236305.0557458,17.232765818487785,3.0240256786346436
1749236305.0893276,17.233783371084836,3.0245258808135986
1749236305.1228576,17.234526470425894,3.0244171619415283
1749236305.1563125,17.235863246374166,3.0240564346313477
1749236305.1897676,17.236824419692528,3.024040460586548
1749236305.2231688,17.238091136916992,3.0242514610290527
1749236305.2566395,17.239068329484418,3.023524522781372
1749236305.2900991,17.23964038995157,3.023975133895874
1749236305.3235588,17.24086500877575,3.0230634212493896
1749236305.3570194,17.241573655345608,3.0236570835113525
1749236305.3904371,17.242488596212034,3.023284435272217
1749236305.4245603,17.2435111083931,3.023808240890503
1749236305.4581249,17.244416651982974,3.0231761932373047
1749236305.4918377,17.245315307029376,3.0234298706054688
1749236305.5252388,17.246240352480214,3.022832155227661
1749236305.5586512,17.24708749632377,3.0231411457061768
1749236305.5920606,17.24772813735757,3.02303409576416
1749236305.6254725,17.248076824415367,3.0230612754821777
1749236305.6589904,17.248210069117427,3.023057460784912
1749236305.6923993,17.24833144302016,3.0230629444122314
1749236305.7258024,17.248404490348662,3.023059368133545
1749236305.759161,17.248432348760883,3.023059844970703
1749236305.7925937,17.248446549515837,3.023059606552124
1749236305.826039,17.248455203855958,3.0230588912963867
1749236305.8596961,17.248460158112007,3.0230581760406494
1749236305.8931096,17.24846358012661,3.0230581760406494
1749236305.9265223,17.248466919662718,3.023057699203491
1749236305.959933,17.24846885916711,3.023057460784912
1749236305.9933789,17.24847053678194,3.023056983947754
1749236306.0267904,17.248472178920515,3.023056745529175
1749236306.060198,17.248473737396488,3.0230562686920166
1749236306.0935974,17.2484753700704,3.0230557918548584
1749236306.1270938,17.248476929091222,3.0230555534362793
1749236306.160543,17.24847854337077,3.023055076599121
1749236306.1940432,17.24847998063976,3.023054838180542
1749236306.2275393,17.248481736977634,3.023054361343384
1749236306.2609518,17.248483171943747,3.0230541229248047
1749236306.2944834,17.248484809396235,3.0230536460876465
1749236306.327881,17.2484862492056,3.0230531692504883
1749236306.3612683,17.24848785584571,3.023052930831909
1749236306.3946936,17.24848929546198,3.02305269241333
1749236306.4281144,17.248491505464276,3.023052215576172
1749236306.4615731,17.24849294062589,3.0230519771575928
1749236306.4950337,17.248494554386344,3.0230515003204346
1749236306.5284848,17.248495994198148,3.0230507850646973
1749236306.5619075,17.248497603503907,3.023050546646118
1749236306.5952606,17.24849979574567,3.02305006980896
1749236306.628734,17.24850111400643,3.023049831390381
1749236306.6667686,17.24850284717173,3.0230493545532227
1749236306.700234,17.248504282333432,3.0230491161346436
1749236306.7336307,17.24850589628948,3.0230486392974854
1749236306.7670696,17.24850733125577,3.0230484008789062
1749236306.8004897,17.248509427023144,3.023047685623169
1749236306.8338947,17.248510987972264,3.0230472087860107
1749236306.86774,17.248512617980666,3.0230472087860107
1749236306.901137,17.24851406437083,3.0230464935302734
1749236306.9346488,17.24851579022019,3.0230464935302734
1749236306.9682703,17.2485171157972,3.0230460166931152
1749236307.0016735,17.24851876448776,3.023045539855957
1749236307.0350745,17.24852079550059,3.023045301437378
1749236307.0685291,17.2485219920484,3.0230445861816406
1749236307.1019266,17.248524034289773,3.0230441093444824
1749236307.135355,17.248526036845185,3.0230438709259033
1749236307.1687644,17.248527001748084,3.023043394088745
1749236307.2022617,17.248528629771975,3.023043155670166
1749236307.2361155,17.24853055107186,3.023042678833008
1749236307.2696173,17.24853230295547,3.0230424404144287
1749236307.303115,17.24853374276783,3.0230419635772705
1749236307.3365138,17.248535375766032,3.0230414867401123
1749236307.3699596,17.248536815578433,3.023041248321533
1749236307.4033675,17.24853845290328,3.023040771484375
1749236307.4367723,17.248539890172705,3.023040533065796
1749236307.4701688,17.24854162333852,3.0230400562286377
1749236307.5035834,17.24854306507881,3.0230395793914795
1749236307.5369992,17.248544701665516,3.0230393409729004
1749236307.570549,17.24854614128263,3.023038864135742
1749236307.6039941,17.248547094956947,3.023038625717163
1749236307.6374984,17.248549309415143,3.023038148880005
1749236307.6708996,17.248550923695657,3.0230376720428467
1749236307.7044234,17.248552358857715,3.0230374336242676
1749236307.737838,17.248553991336763,3.0230371952056885
1749236307.7712352,17.248554949466243,3.0230367183685303
1749236307.8048306,17.24855727160468,3.023036479949951
1749236307.8382416,17.248558711545822,3.023036003112793
1749236307.8716626,17.248559550661483,3.0230355262756348
1749236307.9051163,17.24856164610378,3.0230350494384766
1749236307.9385247,17.248563083250424,3.0230348110198975
1749236307.9723525,17.24856423908783,3.0230345726013184
1749236308.00576,17.248565793459274,3.0230343341827393
1749236308.0391686,17.24856744501718,3.023033857345581
1749236308.0725691,17.248568884830064,3.023033380508423
1749236308.1061566,17.24857064252698,3.0230329036712646
1749236308.1395748,17.248571958479893,3.0230324268341064
1749236308.1731749,17.248573679921403,3.0230321884155273
1749236308.2066257,17.248575601546143,3.023031711578369
1749236308.2399783,17.24857724079935,3.023031234741211
1749236308.2733836,17.248578196458165,3.023030996322632
1749236308.3079505,17.248580000843837,3.0230305194854736
1749236308.3413615,17.248581682023875,3.0230302810668945
1749236308.3747907,17.248583522870184,3.0230300426483154
1749236308.4082541,17.24858448597456,3.0230295658111572
1749236308.441661,17.248585320439588,3.023029088973999
1749236308.4751132,17.24858693787915,3.02302885055542
1749236308.5085568,17.24858837304147,3.02302885055542
1749236308.5419614,17.248590488659662,3.0230281352996826
1749236308.5753622,17.248591446984854,3.0230276584625244
1749236308.608774,17.24879416290133,3.022078514099121
1749236308.642182,17.25270488303148,3.023893117904663
1749236308.6760309,17.25743021216433,3.0284969806671143
1749236308.709487,17.263623459900064,3.0323662757873535
1749236308.7428818,17.270255004187494,3.0385921001434326
1749236308.776294,17.27709813730284,3.043436050415039
1749236308.8097012,17.28394197024675,3.0519301891326904
1749236308.8432019,17.291466625920712,3.0578203201293945
1749236308.8766215,17.29647180483478,3.0593531131744385
1749236308.9100375,17.306688345439127,3.064990520477295
1749236308.9434392,17.31613188594945,3.071254253387451
1749236308.9768496,17.323596729143155,3.0769777297973633
1749236309.0103416,17.33088726591908,3.0821454524993896
1749236309.0437405,17.33870456496936,3.087871551513672
1749236309.0772514,17.346043326596597,3.0931780338287354
1749236309.110668,17.35389314740247,3.098867893218994
1749236309.1448007,17.361492448860538,3.1062066555023193
1749236309.1782126,17.369341766962883,3.1117749214172363
1749236309.2117982,17.376425464832145,3.117398738861084
1749236309.2454786,17.384021366187394,3.1229755878448486
1749236309.279414,17.39186989009039,3.126707077026367
1749236309.3128798,17.401744337356316,3.1339898109436035
1749236309.3462791,17.40959527973597,3.1397788524627686
1749236309.3796818,17.414408113505498,-3.137983798980713
1749236309.4131467,17.422262037676848,-3.1323893070220947
1749236309.446724,17.43239787758719,-3.1265954971313477
1749236309.4805272,17.440001652569755,-3.121002674102783
1749236309.5139344,17.44760466907193,-3.1135287284851074
1749236309.547338,17.455208367199866,-3.108107566833496
1749236309.580785,17.462812949710063,-3.1023197174072266
1749236309.6142285,17.472952805949596,-3.096722364425659
1749236309.6476376,17.481063983387603,-3.090740203857422
1749236309.6811001,17.48816227798027,-3.0855157375335693
1749236309.714789,17.49551343939831,-3.0800957679748535
1749236309.7482674,17.500836362162474,-3.074295997619629
1749236309.7816725,17.510977009807604,-3.068699359893799
1749236309.8151593,17.51832828070191,-3.063281536102295
1749236309.8485677,17.526186759642872,-3.0574889183044434
1749236309.8819737,17.53379204051278,-3.051887273788452
1749236309.915384,17.543932088491257,-3.0444140434265137
1749236309.9488425,17.54900248033002,-3.0388131141662598
1749236309.982273,17.559396415867905,-3.0330231189727783
1749236310.0156834,17.567001717145466,-3.0274174213409424
1749236310.0490887,17.574353584321102,-3.021998167037964
1749236310.0825882,17.581705470604767,-3.0165812969207764
1749236310.116042,17.58931115973121,-3.009110450744629
1749236310.1495059,17.597169495283353,-3.0034992694854736
1749236310.1831005,17.607310390665774,-2.997714042663574
1749236310.216507,17.61238053854113,-2.993978977203369
1749236310.2503202,17.617450859547585,-2.9881818294525146
1749236310.2837355,17.625055948459632,-2.984628200531006
1749236310.3171813,17.632662097402697,-2.9790306091308594
1749236310.3505795,17.640267638932798,-2.9734201431274414
1749236310.3839886,17.64787334108109,-2.966134786605835
1749236310.4174519,17.65522579555449,-2.9623987674713135
1749236310.4508522,17.663084654231167,-2.9566030502319336
1749236310.4842877,17.668408692317875,-2.9508109092712402
1749236310.517692,17.678296373587642,-2.945394992828369
1749236310.5510967,17.686155489162733,-2.9395980834960938
1749236310.5846474,17.69350785068692,-2.9341793060302734
1749236310.6180506,17.701113657343328,-2.928572177886963
1749236310.651462,17.708719593441657,-2.9229671955108643
1749236310.68487,17.71353669954801,-2.917362689971924
1749236310.7182665,17.723930752289448,-2.9117493629455566
1749236310.7517173,17.73204371423008,-2.9057698249816895
1749236310.785163,17.739142713097976,-2.898672103881836
1749236310.8185608,17.74928367446296,-2.893059015274048
1749236310.8520582,17.75663638894965,-2.887641429901123
1749236310.8854625,17.76449606486777,-2.881850004196167
1749236310.9188485,17.771848217252437,-2.8764235973358154
1749236310.9522536,17.779708765327555,-2.868769407272339
1749236310.985631,17.787311109874974,-2.865002393722534
1749236311.019059,17.795174927874985,-2.859297752380371
1749236311.0524359,17.80252392307151,-2.8538711071014404
1749236311.0870113,17.80759332532756,-2.85012149810791
1749236311.120412,17.81773451289458,-2.842649459838867
1749236311.1540914,17.825340460961723,-2.837040424346924
1749236311.1876075,17.83294626853954,-2.8314313888549805
1749236311.221217,17.83801756370456,-2.8258273601531982
1749236311.2548199,17.84815478086946,-2.820174217224121
1749236311.2882574,17.855760934265504,-2.81457257270813
1749236311.3216622,17.8631118785176,-2.8091418743133545
1749236311.3550682,17.870972703476003,-2.8033664226531982
1749236311.3884737,17.87883109239507,-2.7975728511810303
1749236311.4224975,17.886181582523335,-2.7904460430145264
1749236311.4559703,17.89403571768893,-2.786285638809204
1749236311.4894269,17.90144604986138,-2.781745672225952
1749236311.5240655,17.908818068293368,-2.7766528129577637
1749236311.5574641,17.916691883423663,-2.7709319591522217
1749236311.5909145,17.924644543586098,-2.7661449909210205
1749236311.6242976,17.93203637902222,-2.7608988285064697
1749236311.6577058,17.937125979040072,-2.7551987171173096
1749236311.6911113,17.94478900813436,-2.7498655319213867
1749236311.7245872,17.952399161182996,-2.7458245754241943
1749236311.7579958,17.9597818313792,-2.7404963970184326
1749236311.7913942,17.967419781348287,-2.7350921630859375
1749236311.824846,17.973004899533837,-2.729329824447632
1749236311.858253,17.980643176846815,-2.7239670753479004
1749236311.891973,17.988011681855404,-2.7203011512756348
1749236311.925391,17.99557501408021,-2.714224338531494
1749236311.9587543,18.003210069796463,-2.7070810794830322
1749236311.9921625,18.010759782144884,-2.7029809951782227
1749236312.0319304,18.015808542936252,-2.697122097015381
1749236312.0662062,18.026379039018202,-2.6906731128692627
1749236312.09968,18.030918260508958,-2.685032367706299
1749236312.1330888,18.03840383888298,-2.6807303428649902
1749236312.1665237,18.045998445525154,-2.6754446029663086
1749236312.2001357,18.05342369465426,-2.6684868335723877
1749236312.233539,18.060791097395693,-2.663708448410034
1749236312.2669742,18.068504621449723,-2.655163526535034
1749236312.300401,18.076156697868964,-2.647737503051758
1749236312.334051,18.08612980787425,-2.6411895751953125
1749236312.3674922,18.09069466942562,-2.6358978748321533
1749236312.4008915,18.098284895783515,-2.6305394172668457
1749236312.434307,18.103303387507342,-2.6229662895202637
1749236312.467772,18.111047881787595,-2.6161980628967285
1749236312.501385,18.123127195510673,-2.612558603286743
1749236312.5347915,18.13032907441323,-2.6035091876983643
1749236312.5682132,18.13778318690896,-2.5949594974517822
1749236312.6016324,18.144710167617234,-2.588583469390869
1749236312.6350405,18.15226944839231,-2.5804529190063477
1749236312.668451,18.1595485073777,-2.5716350078582764
1749236312.701986,18.167011424401178,-2.564436197280884
1749236312.7353983,18.17152939130702,-2.5540242195129395
1749236312.7688608,18.17915316171815,-2.547055959701538
1749236312.8022614,18.188669346693853,-2.5374178886413574
1749236312.8363461,18.195923976599627,-2.526000499725342
1749236312.8704765,18.20326577476356,-2.5186901092529297
1749236312.9039195,18.21034160276382,-2.50972843170166
1749236312.937387,18.215631697519047,-2.5020484924316406
1749236312.9708068,18.225455283956467,-2.4929895401000977
1749236313.0042922,18.23277632776335,-2.4839231967926025
1749236313.0381644,18.239815774988568,-2.474575996398926
1749236313.0715725,18.247485764754455,-2.4655754566192627
1749236313.1049852,18.252226238602493,-2.460599660873413
1749236313.1384847,18.262088384378888,-2.4471793174743652
1749236313.1718972,18.264577267980624,-2.4389092922210693
1749236313.205316,18.274262535698142,-2.431098699569702
1749236313.2387407,18.28184720402404,-2.4217751026153564
1749236313.2727025,18.29168564361088,-2.4132471084594727
1749236313.3061817,18.29876774088088,-2.404391050338745
1749236313.3395948,18.30653557578929,-2.3966166973114014
1749236313.3791492,18.313875028012912,-2.3849658966064453
1749236313.4126143,18.321235805311467,-2.3768227100372314
1749236313.4460218,18.32854495341508,-2.372352361679077
1749236313.4794357,18.336196809032042,-2.3641815185546875
1749236313.512978,18.343593472397878,-2.3559165000915527
1749236313.5463932,18.35102467047555,-2.3478689193725586
1749236313.5798855,18.358361103891454,-2.339155912399292
1749236313.613298,18.36536635990738,-2.329803943634033
1749236313.6466954,18.37296296683732,-2.3201074600219727
1749236313.680108,18.380177453541442,-2.311866044998169
1749236313.713558,18.38855395457272,-2.302079200744629
1749236313.7479947,18.394752289027345,-2.2930328845977783
1749236313.7814224,18.402501967656725,-2.284296989440918
1749236313.814807,18.407331177120987,-2.277815818786621
1749236313.8482728,18.414951012300925,-2.2711989879608154
1749236313.8816826,18.42444423669427,-2.2601187229156494
1749236313.915117,18.43104406355217,-2.2488512992858887
1749236313.9486167,18.43864058111389,-2.2392423152923584
1749236313.98261,18.44604718770846,-2.233264923095703
1749236314.0160112,18.455926016523883,-2.2202634811401367
1749236314.0496125,18.463408445850657,-2.2101197242736816
1749236314.0830235,18.467818529754418,-2.201472759246826
1749236314.1164427,18.475948049828652,-2.1946332454681396
1749236314.1498432,18.4828423519878,-2.186405658721924
1749236314.1833167,18.48750867753222,-2.180799722671509
1749236314.2166986,18.494834647707826,-2.168588638305664
1749236314.2501163,18.504644360253597,-2.1596250534057617
1749236314.28353,18.509523666669985,-2.1502528190612793
1749236314.316943,18.514374575805693,-2.143740177154541
1749236314.3503227,18.52167571996854,-2.134172201156616
1749236314.38372,18.53128560312037,-2.125413179397583
1749236314.4172218,18.539764026306816,-2.116342782974243
1749236314.4506965,18.546325790538905,-2.107806921005249
1749236314.4841,18.55369821088209,-2.098689556121826
1749236314.517595,18.56084815023243,-2.0900020599365234
1749236314.5510037,18.568497188335577,-2.080789089202881
1749236314.584421,18.576138856091593,-2.0715837478637695
1749236314.6178288,18.58302814435869,-2.0632200241088867
1749236314.6513672,18.590333296637944,-2.053487539291382
1749236314.684784,18.595618451670425,-2.0479114055633545
1749236314.718188,18.602809990761774,-2.036651611328125
1749236314.7516208,18.610347126864767,-2.0324864387512207
1749236314.785029,18.615371658747833,-2.0227646827697754
1749236314.818441,18.622698113324365,-2.014518976211548
1749236314.8519177,18.632538830155237,-2.0055477619171143
1749236314.8853762,18.64005057451861,-1.9981677532196045
1749236314.919534,18.6473487648777,-1.9891517162322998
1749236314.95345,18.652271158304128,-1.9802736043930054
1749236314.9871163,18.659714617231717,-1.9750832319259644
1749236315.0205166,18.6672897875919,-1.9656141996383667
1749236315.0539792,18.674407008936154,-1.9570741653442383
1749236315.087364,18.68176160686335,-1.9484182596206665
1749236315.1208255,18.69000507182262,-1.942784309387207
1749236315.1542256,18.69702059209464,-1.9358439445495605
1749236315.1877334,18.70452008834742,-1.9284026622772217
1749236315.2211518,18.70953726085454,-1.9211266040802002
1749236315.2546575,18.717047977138083,-1.9167425632476807
1749236315.2881157,18.724466864376254,-1.906896948814392
1749236315.3215613,18.734258141798307,-1.9003099203109741
1749236315.354984,18.742010155623426,-1.8911086320877075
1749236315.3883834,18.749547556868812,-1.884592890739441
1749236315.421783,18.756849706376727,-1.8786919116973877
1749236315.4552736,18.76705829435775,-1.8718055486679077
1749236315.488731,18.772118922484903,-1.8681889772415161
1749236315.5223365,18.77959397014278,-1.861643671989441
1749236315.555738,18.7848143910684,-1.8546017408370972
1749236315.5891457,18.792097872306645,-1.8490781784057617
1749236315.6225567,18.799713435414684,-1.843885898590088
1749236315.6559625,18.809768487870485,-1.8360675573349
1749236315.6894023,18.817182766863287,-1.8297245502471924
1749236315.7228935,18.82734252762396,-1.8252297639846802
1749236315.7563126,18.835154232080317,-1.819961667060852
1749236315.7897172,18.843253545805904,-1.8151652812957764
1749236315.8231378,18.85058627388381,-1.810571312904358
1749236315.8565352,18.857913052121297,-1.8038618564605713
1749236315.8901312,18.865188251783525,-1.7996011972427368
1749236315.923541,18.87293327638387,-1.7954542636871338
1749236315.957147,18.878145896633637,-1.7920056581497192
1749236315.990549,18.885505346146342,-1.7860268354415894
1749236316.023971,18.89342822900917,-1.7812912464141846
1749236316.0627716,18.90127960025597,-1.7788647413253784
1749236316.09618,18.91167635882721,-1.7751059532165527
1749236316.1295733,18.916896873195622,-1.773220181465149
1749236316.1630073,18.9247154191577,-1.770316481590271
1749236316.1967032,18.9322331338308,-1.766676664352417
1749236316.2301006,18.940320575683582,-1.7637107372283936
1749236316.2635117,18.948109287901843,-1.7589564323425293
1749236316.2969165,18.956170777660027,-1.7558135986328125
1749236316.3303502,18.963451754876207,-1.7536201477050781
1749236316.3637106,18.971526067421557,-1.7505754232406616
1749236316.397116,18.979062286130013,-1.7473722696304321
1749236316.4305143,18.986850681733053,-1.7438560724258423
1749236316.4639256,18.995172768246352,-1.7403587102890015
1749236316.4973235,19.002725817704388,-1.7375645637512207
1749236316.5307395,19.01078448943629,-1.7335518598556519
1749236316.564144,19.018315848961883,-1.7313345670700073
1749236316.5975444,19.02584427071055,-1.7282514572143555
1749236316.6309547,19.03389566063936,-1.723983883857727
1749236316.6643684,19.041963681425496,-1.720922827720642
1749236316.6977725,19.05183517168346,-1.7181838750839233
1749236316.7311823,19.060672708627568,-1.7146508693695068
1749236316.7647436,19.06769362183487,-1.710946798324585
1749236316.7981966,19.075748390563835,-1.707909107208252
1749236316.831599,19.085903000720155,-1.705318808555603
1749236316.8650134,19.09368659328302,-1.7019500732421875
1749236316.8984149,19.101229049732577,-1.6990138292312622
1749236316.9318602,19.109318629200533,-1.6966913938522339
1749236316.9652634,19.117131463581497,-1.6941640377044678
1749236316.9986918,19.12492999255645,-1.6912370920181274
1749236317.0321016,19.132734704593616,-1.6883505582809448
1749236317.0656729,19.14107056411571,-1.684827208518982
1749236317.099124,19.150959569910352,-1.6820403337478638
1749236317.1326003,19.158770014662153,-1.6793766021728516
1749236317.1660092,19.16657774615684,-1.6766750812530518
1749236317.1994631,19.174390400858115,-1.6741752624511719
1749236317.2329159,19.18218878890052,-1.6704871654510498
1749236317.266345,19.192614915700364,-1.6683071851730347
1749236317.2997956,19.200419396286247,-1.6656831502914429
1749236317.333315,19.208219853439452,-1.6628308296203613
1749236317.3666918,19.21317534604029,-1.6614350080490112
1749236317.400104,19.22359285965668,-1.6582443714141846
1749236317.4335186,19.231663970189512,-1.6556041240692139
1749236317.4678874,19.23949461962107,-1.6530629396438599
1749236317.5012908,19.2473019559279,-1.6505848169326782
1749236317.5347018,19.255126496372693,-1.6494314670562744
1749236317.568104,19.2626864265863,-1.6467056274414062
1749236317.6015306,19.273095250612833,-1.6443511247634888
1749236317.6349392,19.281175846913868,-1.6422057151794434
1749236317.6683855,19.286394702323562,-1.6404504776000977
1749236317.701785,19.294213782261057,-1.6391152143478394
1749236317.7351851,19.3020368128185,-1.6372920274734497
1749236317.7686195,19.30984801431026,-1.6350513696670532
1749236317.8020248,19.315066100476667,-1.6334073543548584
1749236317.8355315,19.322886357001778,-1.631439447402954
1749236317.8689353,19.330969179519577,-1.6302682161331177
1749236317.90231,19.338263541459757,-1.6284373998641968
1749236317.935706,19.346080878540526,-1.626508116722107
1749236317.9691064,19.35416302764383,-1.624692440032959
1749236318.002516,19.361980223768985,-1.6227970123291016
1749236318.0359273,19.369804087476293,-1.621265172958374
1749236318.0693343,19.37787917866998,-1.6192591190338135
1749236318.1028132,19.38544737345221,-1.61812162399292
1749236318.1362185,19.393262472546184,-1.6158486604690552
1749236318.1696172,19.401088937129078,-1.614634394645691
1749236318.2030864,19.408921395347566,-1.6136884689331055
1749236318.2365808,19.41648597063994,-1.6120150089263916
1749236318.26999,19.424592302110007,-1.6116092205047607
1749236318.3033957,19.432422084586626,-1.6095597743988037
1749236318.3367968,19.43998976333714,-1.608439564704895
1749236318.37041,19.448078149396334,-1.6070553064346313
1749236318.403813,19.45590583684293,-1.606331706047058
1749236318.43722,19.463988109633128,-1.6048071384429932
1749236318.4706187,19.471808741772463,-1.603272795677185
1749236318.5040352,19.476776481317742,-1.6029434204101562
1749236318.5375378,19.484600570571864,-1.6022897958755493
1749236318.5710459,19.49241161852429,-1.6006170511245728
1749236318.6044574,19.499976435866774,-1.599897861480713
1749236318.6378675,19.50806385016517,-1.5989819765090942
1749236318.6713142,19.51588440871166,-1.5976498126983643
1749236318.7047217,19.52371126663832,-1.596756100654602
1749236318.7386246,19.53153435349064,-1.595610499382019
1749236318.7720737,19.539617823296762,-1.5943264961242676
1749236318.805485,19.5472008564912,-1.5941888093948364
1749236318.838895,19.555031532092205,-1.5933055877685547
1749236318.872304,19.56025206358569,-1.592441439628601
1749236318.9057276,19.571214965689933,-1.5916097164154053
1749236318.9391787,19.57851807154057,-1.5905721187591553
1749236318.9725862,19.586344603872707,-1.5896285772323608
1749236319.0059557,19.593929650318664,-1.5892895460128784
1749236319.0394592,19.602022904752143,-1.5874170064926147
1749236319.0728645,19.609873059258547,-1.587168574333191
1749236319.1076427,19.61771008538957,-1.5859932899475098
1749236319.1411004,19.625520576277136,-1.5849381685256958
1749236319.1745055,19.630733903777895,-1.5851086378097534
1749236319.207901,19.638808658555334,-1.5843861103057861
1749236319.2413259,19.646357743445964,-1.5837010145187378
1749236319.2746959,19.65443876961126,-1.5831711292266846
1749236319.3082242,19.662002767428454,-1.5825650691986084
1749236319.3416245,19.671134227861266,-1.5818443298339844
1749236319.3750203,19.677655821584445,-1.5813627243041992
1749236319.4084344,19.685484500244062,-1.5807639360427856
1749236319.442024,19.69331215426974,-1.5801074504852295
1749236319.475604,19.701140289222945,-1.5794273614883423
1749236319.5090199,19.708968606302314,-1.5788984298706055
1749236319.5424306,19.716797867599382,-1.578155517578125
1749236319.5758913,19.72488815517561,-1.577844500541687
1749236319.6093054,19.73506487239418,-1.5773205757141113
1749236319.642738,19.742894296649556,-1.5767508745193481
1749236319.6761847,19.750722201208205,-1.5763638019561768
1749236319.7096238,19.75855064571818,-1.5758877992630005
1749236319.7430418,19.76637911788112,-1.5754262208938599
1749236319.7764473,19.774206596934352,-1.5748776197433472
1749236319.8100007,19.782034598366366,-1.574358344078064
1749236319.8434014,19.789862145582283,-1.5738327503204346
1749236319.8768482,19.79742942370085,-1.5734574794769287
1749236319.9103363,19.80551737149084,-1.5727747678756714
1749236319.9437373,19.815692452421526,-1.5722683668136597
1749236319.9774148,19.82404180781783,-1.571864128112793
1749236320.0110319,19.82873816626224,-1.5717644691467285
1749236320.044458,19.836825769603383,-1.5714479684829712
1749236320.0779135,19.84465113115953,-1.5708943605422974
1749236320.1113753,19.852478415716096,-1.5708677768707275
1749236320.1447878,19.86030333338349,-1.5703179836273193
1749236320.1781921,19.86552090156017,-1.5701618194580078
1749236320.2115896,19.87334634075842,-1.5697182416915894
1749236320.2449884,19.883780124878587,-1.5692402124404907
1749236320.2783787,19.89160603308382,-1.5690735578536987
1749236320.3124127,19.897083540052083,-1.5687333345413208
1749236320.3458116,19.907255629914108,-1.5682388544082642
1749236320.3792126,19.917949851567812,-1.5679556131362915
1749236320.4126167,19.925514439169994,-1.5678616762161255
1749236320.4460158,19.93620870175017,-1.5675380229949951
1749236320.4796193,19.944034655578537,-1.5675116777420044
1749236320.5131876,19.95185852334483,-1.5667222738265991
1749236320.5473893,19.96177174642875,-1.5665947198867798
1749236320.580789,19.970120291074856,-1.5665833950042725
1749236320.6142104,19.977945907972682,-1.5662643909454346
1749236320.6476238,19.988119517759305,-1.5660902261734009
1749236320.6810274,19.995945588645576,-1.5659263134002686
1749236320.714435,20.004031267970067,-1.5654627084732056
1749236320.7478735,20.011595891412767,-1.565539002418518
1749236320.781283,20.01942149866051,-1.5654044151306152
1749236320.814693,20.024638716435785,-1.565267562866211
1749236320.848122,20.032203137049688,-1.5649124383926392
1749236320.8815308,20.0402884170179,-1.5646382570266724
1749236320.9149337,20.047853159600383,-1.5646096467971802
1749236320.9485133,20.05567873156594,-1.5645673274993896
1749236320.98192,20.063764407439322,-1.564281702041626
1749236321.0153422,20.068720309241975,-1.564265251159668
1749236321.050992,20.076805862045962,-1.5640636682510376
1749236321.084546,20.084891038336792,-1.5639201402664185
1749236321.1179862,20.091827797897267,-1.5638870000839233
1749236321.1513839,20.096772307454746,-1.5638221502304077
1749236321.1848187,20.099487090783093,-1.563702940940857
1749236321.2182264,20.10462088976945,-1.5637102127075195
1749236321.2516305,20.107945620549405,-1.5635781288146973
1749236321.2850685,20.1102781763237,-1.5638593435287476
1749236321.3184776,20.11463164420786,-1.5635032653808594
1749236321.3519015,20.117859479060733,-1.563516616821289
1749236321.3853083,20.121071826166318,-1.563712477684021
1749236321.4186954,20.12310230297232,-1.5635582208633423
1749236321.45211,20.126410835146267,-1.5635384321212769
1749236321.485612,20.129819933497025,-1.5640549659729004
1749236321.5197148,20.133772202866705,-1.5634311437606812
1749236321.5537932,20.13708424830274,-1.5636178255081177
1749236321.5871925,20.140277843182623,-1.5636320114135742
1749236321.6205957,20.14453904820285,-1.5639759302139282
1749236321.6540117,20.147747965455917,-1.5637617111206055
1749236321.6874459,20.149884394490318,-1.5642539262771606
1749236321.7208555,20.15309248023708,-1.5642969608306885
1749236321.754367,20.156191741729394,-1.5641669034957886
1749236321.7877748,20.158646999428502,-1.5642050504684448
1749236321.8211899,20.162825379173036,-1.564482569694519
1749236321.8545964,20.164968782010746,-1.5645222663879395
1749236321.8879979,20.169139092643558,-1.564707636833191
1749236321.9214036,20.17235001134214,-1.564967155456543
1749236321.955171,20.175671901993606,-1.5653051137924194
1749236321.9885862,20.178855218481775,-1.565312147140503
1749236322.021988,20.182536101182215,-1.5659515857696533
1749236322.055427,20.186573812505156,-1.5660429000854492
1749236322.08883,20.19058920096969,-1.565861701965332
1749236322.1223755,20.194594669072604,-1.5668147802352905
1749236322.155786,20.198327583017296,-1.5674070119857788
1749236322.189212,20.201116657988862,-1.5681872367858887
1749236322.2226107,20.20622913420612,-1.5685313940048218
1749236322.2560985,20.21021790437798,-1.5693445205688477
1749236322.2895637,20.21400544348344,-1.5703904628753662
1749236322.322972,20.2178112796752,-1.5700116157531738
1749236322.3567262,20.22136028822066,-1.5706864595413208
1749236322.3902748,20.22506439653433,-1.572309970855713
1749236322.423679,20.229801656894203,-1.5729458332061768
1749236322.4571636,20.232017141705356,-1.5733590126037598
1749236322.4906144,20.236944581218104,-1.5738192796707153
1749236322.5240254,20.239990037060313,-1.573988914489746
1749236322.557452,20.243388096048694,-1.5759001970291138
1749236322.5908852,20.246665670659453,-1.5766164064407349
1749236322.624301,20.249896637309856,-1.5772221088409424
1749236322.6577027,20.254073806571885,-1.5788557529449463
1749236322.6913533,20.256168383183606,-1.578740119934082
1749236322.7247539,20.259212703842145,-1.5801239013671875
1749236322.7643785,20.26313381319901,-1.5805909633636475
1749236322.7977455,20.266087783764902,-1.5818723440170288
1749236322.8312037,20.269051192954553,-1.5812079906463623
1749236322.864606,20.271926470171476,-1.5829355716705322
1749236322.8980093,20.27476618530754,-1.583361268043518
1749236322.931429,20.278614739573445,-1.5828429460525513
1749236322.9649847,20.281262634321624,-1.5840362310409546
1749236322.998402,20.284055282093597,-1.5843974351882935
1749236323.0318196,20.286720205996108,-1.5846636295318604
1749236323.0652921,20.289251485765785,-1.5856053829193115
1749236323.0987294,20.291824419701484,-1.5862524509429932
1749236323.132172,20.295269797518074,-1.5869078636169434
1749236323.1655698,20.29857655559926,-1.5866258144378662
1749236323.1990082,20.3010012730381,-1.58640718460083
1749236323.2324808,20.303385672238537,-1.5863698720932007
1749236323.265946,20.305724942577125,-1.58757746219635
1749236323.2993538,20.30797318570642,-1.5879228115081787
1749236323.3328466,20.31041640237007,-1.5881792306900024
1749236323.3662915,20.31251649339861,-1.5880447626113892
1749236323.3998554,20.314799778871496,-1.5892099142074585
1749236323.433271,20.317722569534364,-1.5894263982772827
1749236323.4667263,20.319156956308593,-1.5894020795822144
1749236323.5002034,20.321298862903898,-1.5904749631881714
1749236323.5336401,20.323395783555082,-1.5900921821594238
1749236323.567064,20.325551261886634,-1.590790033340454
1749236323.6004727,20.32774611155689,-1.5902470350265503
1749236323.6338787,20.329841405612644,-1.5907315015792847
1749236323.667324,20.331749310849233,-1.5912588834762573
1749236323.7008836,20.3336617664768,-1.5916242599487305
1749236323.7387097,20.335520323026785,-1.5911211967468262
1749236323.7721782,20.33737904683023,-1.5904881954193115
1749236323.8055959,20.33920438382952,-1.5910409688949585
1749236323.8389993,20.34102550306671,-1.5915871858596802
1749236323.8725233,20.342819741774342,-1.591011643409729
1749236323.9060621,20.34506252074677,-1.59195077419281
1749236323.9394615,20.34626270359355,-1.5921695232391357
1749236323.9728599,20.348453990686107,-1.5926246643066406
1749236324.0062823,20.350180578751218,-1.5921659469604492
1749236324.0396855,20.352365866987032,-1.5929450988769531
1749236324.0742702,20.354034537853643,-1.5930954217910767
1749236324.1076682,20.355571222094177,-1.5934808254241943
1749236324.1410718,20.356633981943986,-1.5932762622833252
1749236324.1747632,20.35767780551241,-1.5932807922363281
1749236324.208171,20.359198048387423,-1.5935403108596802
1749236324.2416139,20.36069813296042,-1.5939257144927979
1749236324.2753062,20.36275643683454,-1.5931860208511353
1749236324.3087091,20.36375645593027,-1.5936789512634277
1749236324.3421142,20.36521666656372,-1.5935734510421753
1749236324.3755267,20.3665882589539,-1.593612551689148
1749236324.4089334,20.367959746495924,-1.5936963558197021
1749236324.442469,20.36886757728932,-1.593544840812683
1749236324.478702,20.370216757578522,-1.593556523323059
1749236324.5121741,20.371139237775832,-1.5939512252807617
1749236324.545633,20.372831078765298,-1.5938172340393066
1749236324.579065,20.37407590250053,-1.5935101509094238
1749236324.6126978,20.37576326389045,-1.5939334630966187
1749236324.6461012,20.377049244152982,-1.5940790176391602
1749236324.6795154,20.378223826942627,-1.593911051750183
1749236324.7129254,20.379459375119485,-1.5939055681228638
1749236324.7464132,20.381007524526158,-1.5938827991485596
1749236324.779817,20.381764213576393,-1.5938199758529663
1749236324.8132617,20.382512026338144,-1.5940005779266357
1749236324.8466332,20.383595306755524,-1.5939396619796753
1749236324.8800771,20.38477850456805,-1.5940642356872559
1749236324.913559,20.385804444283973,-1.5937283039093018
1749236324.9478474,20.386562499240927,-1.5940064191818237
1749236324.9812489,20.38766407511162,-1.593841314315796
1749236325.0147636,20.389023944293857,-1.593900442123413
1749236325.0481691,20.390023444561162,-1.5938305854797363
1749236325.0815678,20.39073368175703,-1.593877911567688
1749236325.1150708,20.39204832057948,-1.5937622785568237
1749236325.148483,20.3930342444447,-1.5940299034118652
1749236325.181886,20.393632123634827,-1.5939006805419922
1749236325.2152846,20.39488428171405,-1.5939302444458008
1749236325.2486832,20.395834183392694,-1.5938526391983032
1749236325.2821264,20.39641040281436,-1.593879222869873
1749236325.3155487,20.39766101804343,-1.5938843488693237
1749236325.3490624,20.398187148907216,-1.593898892402649
1749236325.3824742,20.399054491518964,-1.5936707258224487
1749236325.4158723,20.40023983041484,-1.5940544605255127
1749236325.4494874,20.401124818300545,-1.593398094177246
1749236325.4828959,20.401973236960398,-1.5937421321868896
1749236325.5162942,20.403049651140165,-1.5934631824493408
1749236325.5496957,20.4038902769854,-1.5940117835998535
1749236325.5831063,20.404656575646438,-1.5938129425048828
1749236325.6165133,20.405518148553412,-1.5938376188278198
1749236325.649962,20.405841413147364,-1.5937753915786743
1749236325.6833718,20.406000303384964,-1.5937968492507935
1749236325.7167833,20.40610808550109,-1.59379243850708
1749236325.7501898,20.40614481901275,-1.593794584274292
1749236325.7835774,20.406163901447115,-1.5937930345535278
1749236325.81698,20.40617248850327,-1.5937937498092651
1749236325.8504212,20.406182031842587,-1.5937936305999756
1749236325.8838289,20.406187291385766,-1.593793272972107
1749236325.9172335,20.406189685292365,-1.5937933921813965
1749236325.9506605,20.406192081836696,-1.593793272972107
1749236325.9840872,20.406193996881644,-1.5937930345535278
1749236326.017489,20.406195922065347,-1.5937931537628174
1749236326.0509253,20.406197369972336,-1.5937929153442383
1749236326.0850909,20.406199307465638,-1.5937930345535278
1749236326.118662,20.406200749008782,-1.5937929153442383
1749236326.152225,20.406202285935024,-1.5937936305999756
1749236326.1859784,20.40620440466881,-1.5937938690185547
1749236326.2193782,20.406206053176014,-1.5937938690185547
1749236326.252782,20.40620808687197,-1.593794345855713
1749236326.2861848,20.40620966344169,-1.5937957763671875
1749236326.3196099,20.40621113323721,-1.593794584274292
1749236326.3531494,20.406212098136454,-1.5937952995300293
1749236326.3865576,20.406214054922454,-1.5937955379486084
1749236326.4201298,20.40621604152528,-1.593795657157898
1749236326.4535081,20.406217493938037,-1.5937955379486084
1749236326.486913,20.40621796554468,-1.5937962532043457
1749236326.5203109,20.406219838245462,-1.5937960147857666
1749236326.5537162,20.406220832222136,-1.5937968492507935
1749236326.5871618,20.406222275969935,-1.5937973260879517
1749236326.6205623,20.406223720820492,-1.593796968460083
1749236326.65431,20.40622565984387,-1.5937976837158203
1749236326.687708,20.406227098314723,-1.5937973260879517
1749236326.7211144,20.406228547238232,-1.5937974452972412
1749236326.7545426,20.406229980474702,-1.5937981605529785
1749236326.7879562,20.40623143978756,-1.593798279762268
1749236326.8213792,20.40623245037534,-1.5937988758087158
1749236326.8548236,20.406233898354763,-1.5937989950180054
1749236326.888662,20.40623539052141,-1.5937995910644531
1749236326.9221077,20.40623684428864,-1.5937994718551636
1749236326.955519,20.40623827634026,-1.5937998294830322
1749236326.9889247,20.406239725738317,-1.5937998294830322
1749236327.022382,20.406241208687604,-1.5937997102737427
1749236327.0557923,20.406242686872538,-1.59380042552948
1749236327.0892012,20.40624412128309,-1.593800663948059
1749236327.1226408,20.406245562940644,-1.5938005447387695
1749236327.1561542,20.40624706267018,-1.5938012599945068
1749236327.1895616,20.40624851043982,-1.5938011407852173
1749236327.2229211,20.406249968278228,-1.593801736831665
1749236327.2563715,20.40625095389558,-1.5938018560409546
1749236327.289768,20.40625239151554,-1.593801736831665
1749236327.3231413,20.40625342648753,-1.5938024520874023
1749236327.356544,20.406255830625412,-1.5938024520874023
1749236327.3900228,20.406257279907745,-1.5938031673431396
1749236327.4234195,20.406258290989772,-1.5938031673431396
1749236327.4568663,20.406259750699864,-1.59380304813385
1749236327.4903443,20.406261192482997,-1.5938037633895874
1749236327.523744,20.40626264168119,-1.593803882598877
1749236327.557167,20.406264082145082,-1.593803882598877
1749236327.5905676,20.4062650389342,-1.5938044786453247
1749236327.623986,20.40626600859828,-1.5938045978546143
1749236327.6573899,20.406267478962494,-1.5938044786453247
1749236327.690846,20.406268934914536,-1.593804955482483
1749236327.7242854,20.406269943872697,-1.593805193901062
1749236327.7577374,20.40627139662801,-1.593805193901062
1749236327.7912333,20.406273313133745,-1.5938056707382202
1749236327.8246598,20.406274751931484,-1.5938060283660889
1749236327.8580732,20.40627618709617,-1.5938063859939575
1749236327.8915217,20.406277623960456,-1.593806266784668
1749236327.9267385,20.4062785912088,-1.5938067436218262
1749236327.9602098,20.40628052626792,-1.5938069820404053
1749236327.9936318,20.406281978285577,-1.5938069820404053
1749236328.0270307,20.40628343353777,-1.5938072204589844
1749236328.0606115,20.406284431388222,-1.5938072204589844
1749236328.0941234,20.406285881323086,-1.5938079357147217
1749236328.127542,20.40628735024408,-1.5938078165054321
1749236328.16095,20.40628926824075,-1.5938079357147217
1749236328.1943588,20.40629070411122,-1.593808650970459
1749236328.2277887,20.406292169695003,-1.5938085317611694
1749236328.261745,20.406293134326358,-1.593808650970459
1749236328.295149,20.40629508248953,-1.5938096046447754
1749236328.3285725,20.406296519892116,-1.5938090085983276
1749236328.3619773,20.40629795808646,-1.5938098430633545
1749236328.395382,20.40629943187953,-1.5938102006912231
1749236328.4289885,20.406300920505096,-1.5938104391098022
1749236328.4624298,20.406302413283534,-1.5938104391098022
1749236328.495835,20.40630387900106,-1.593810796737671
1749236328.5292406,20.40630531735014,-1.5938106775283813
1749236328.5626466,20.40630627618215,-1.5938113927841187
1749236328.5960522,20.40630821557959,-1.5938117504119873
1749236328.6295047,20.407536960830466,-1.5941275358200073
1749236328.662914,20.412438646814024,-1.592557668685913
1749236328.696315,20.4198761971253,-1.5894585847854614
1749236328.729721,20.42786986163261,-1.5882606506347656
1749236328.7631197,20.43645606425254,-1.585542917251587
1749236328.7965672,20.449074689822076,-1.5826131105422974
1749236328.8299758,20.458562098924048,-1.5813053846359253
1749236328.8633773,20.468105285611557,-1.5786000490188599
1749236328.896937,20.47451663065396,-1.5766403675079346
1749236328.930345,20.48424280041837,-1.5743701457977295
1749236328.9637885,20.49365615716906,-1.5714199542999268
1749236328.997235,20.504110979330818,-1.569821834564209
1749236329.0306494,20.51333205828757,-1.5679173469543457
1749236329.0640597,20.526521537466042,-1.5658854246139526
1749236329.0974333,20.537146326811836,-1.5640836954116821
1749236329.1308403,20.546483677762996,-1.5636610984802246
1749236329.1642537,20.556827174389003,-1.5612223148345947
1749236329.1977055,20.56691405513984,-1.5597529411315918
1749236329.2311065,20.577043528037528,-1.5586419105529785
1749236329.2654688,20.5868418970351,-1.555777668952942
1749236329.298873,20.597737392105657,-1.554384469985962
1749236329.3324313,20.607635487557545,-1.5530749559402466
1749236329.3659673,20.617513237662322,-1.5504748821258545
1749236329.3993785,20.62844287977151,-1.5489544868469238
1749236329.432824,20.634972589629786,-1.5489391088485718
1749236329.4662285,20.645271350746054,-1.54671049118042
1749236329.499625,20.655541186445923,-1.5456918478012085
1749236329.533086,20.665514660335177,-1.5469040870666504
1749236329.5667033,20.676209476124598,-1.544915795326233
1749236329.6000774,20.68623622672488,-1.5434149503707886
1749236329.6337993,20.696949857728903,-1.5433424711227417
1749236329.6682823,20.70765354375494,-1.5434314012527466
1749236329.7016497,20.717673772221676,-1.5419201850891113
1749236329.7350955,20.728679826504766,-1.5410581827163696
1749236329.822533,20.75319159504733,-1.5474499464035034
1749236329.855938,20.756117549501138,-1.5485291481018066
1749236329.8894591,20.75731550358511,-1.5484272241592407
1749236329.9228609,20.758356169219507,-1.5487180948257446
1749236329.9565418,20.7607029437703,-1.5490795373916626
1749236329.9899566,20.767036089315255,-1.5508902072906494
1749236330.0233629,20.775465084542,-1.5529333353042603
1749236330.05687,20.78497551360838,-1.553502082824707
1749236330.0903769,20.794623626193655,-1.5558366775512695
1749236330.1296108,20.805280994977156,-1.5583451986312866
1749236330.163015,20.81576271793979,-1.5611703395843506
1749236330.1964555,20.826406427543997,-1.5616964101791382
1749236330.2298641,20.8366931061777,-1.5648317337036133
1749236330.2632678,20.84770028515901,-1.566455602645874
1749236330.2966876,20.854449109984067,-1.5665265321731567
1749236330.330086,20.86543610505044,-1.567847728729248
1749236330.3635035,20.876079611443206,-1.5690547227859497
1749236330.397005,20.886745730391063,-1.5699983835220337
1749236330.43052,20.89349345235541,-1.5715229511260986
1749236330.4639416,20.90806220164937,-1.5729262828826904
1749236330.4973474,20.915177099719767,-1.5744796991348267
1749236330.530787,20.929046179854552,-1.5756741762161255
1749236330.5641901,20.939720070684583,-1.5770065784454346
1749236330.597595,20.947183343804497,-1.5784683227539062
1749236330.6310716,20.961400957280393,-1.5800533294677734
1749236330.6644812,20.97171450009362,-1.581748127937317
1749236330.6978867,20.982428667775473,-1.5820616483688354
1749236330.7313244,20.993480464495573,-1.5836164951324463
1749236330.7647297,21.004168298705128,-1.584818720817566
1749236330.798183,21.01734789555985,-1.5852841138839722
1749236330.831612,21.026619563601724,-1.5861842632293701
1749236330.8650103,21.036234287620555,-1.5869313478469849
1749236330.8984315,21.047282528501462,-1.5887725353240967
1749236330.931833,21.057647120845612,-1.5876171588897705
1749236330.9652977,21.06872023511567,-1.58783757686615
1749236330.9986947,21.079051616772315,-1.587652325630188
1749236331.0321124,21.086184407227528,-1.5884015560150146
1749236331.0655186,21.10045671126834,-1.5884922742843628
1749236331.098978,21.11115457394972,-1.5897221565246582
1749236331.1324704,21.121486195694736,-1.590129017829895
1749236331.1658742,21.132517358181243,-1.590902328491211
1749236331.1992807,21.14319407331991,-1.5915439128875732
1749236331.2327192,21.15387525447756,-1.591675877571106
1749236331.266263,21.16455248625691,-1.591525912284851
1749236331.2996879,21.175223612408978,-1.592107892036438
1749236331.3330994,21.185911621715263,-1.5927053689956665
1749236331.3665078,21.19660545668394,-1.5924217700958252
1749236331.3999612,21.207298139710343,-1.5922075510025024
1749236331.4333663,21.21797572533955,-1.5925925970077515
1749236331.4669137,21.228634391184986,-1.5919973850250244
1749236331.5003724,21.238941076609393,-1.5924856662750244
1749236331.5337718,21.250310150480832,-1.5929814577102661
1749236331.5671837,21.257069856494866,-1.5927259922027588
1749236331.6005924,21.271299960755186,-1.5929116010665894
1749236331.6340027,21.2858752863545,-1.5927734375
1749236331.6675196,21.296191245148147,-1.593584418296814
1749236331.7009838,21.306874204973244,-1.593834638595581
1749236331.7344215,21.317553270485664,-1.5929762125015259
1749236331.7678416,21.331794939264192,-1.5937576293945312
1749236331.8011944,21.33891232361077,-1.5930283069610596
1749236331.834595,21.349587842149067,-1.5927066802978516
1749236331.868021,21.36025926247553,-1.592532992362976
1749236331.9014645,21.3712774463475,-1.5924791097640991
1749236331.9348626,21.381600796485593,-1.5921567678451538
1749236331.9682503,21.39230630804631,-1.5931181907653809
1749236332.001708,21.40336156464031,-1.5927841663360596
1749236332.0351279,21.41368966263095,-1.5928443670272827
1749236332.0685816,21.42401444073147,-1.5923609733581543
1749236332.1019871,21.43504400438763,-1.592215895652771
1749236332.1353927,21.445344859942885,-1.5921307802200317
1749236332.168802,21.456367643488218,-1.5925899744033813
1749236332.2021704,21.467049211887648,-1.5924931764602661
1749236332.2356546,21.478089953873194,-1.591606855392456
1749236332.2690566,21.488766989003214,-1.5914292335510254
1749236332.3024564,21.499442770796662,-1.590872883796692
1749236332.3358214,21.509402397093186,-1.590980887413025
1749236332.3701344,21.52042462419073,-1.5906081199645996
1749236332.40356,21.53108656485803,-1.5902916193008423
1749236332.4370291,21.541748306337063,-1.5900124311447144
1749236332.4707608,21.552409282515587,-1.5896267890930176
1749236332.5041835,21.563423980364597,-1.5888545513153076
1749236332.5375886,21.577282997549933,-1.5884522199630737
1749236332.5709898,21.58794370127728,-1.5880542993545532
1749236332.6046085,21.59860354193734,-1.5875493288040161
1749236332.6381447,21.612813992684274,-1.5859192609786987
1749236332.671638,21.62027752717367,-1.5852464437484741
1749236332.7050827,21.63413319201252,-1.584160566329956
1749236332.7384717,21.644799472666758,-1.5822749137878418
1749236332.7718737,21.65512528893304,-1.5815473794937134
1749236332.8053086,21.666111773018084,-1.581040382385254
1749236332.8387861,21.676693114715125,-1.577982783317566
1749236332.8721967,21.690867166213113,-1.5777356624603271
1749236332.9056377,21.6979250837563,-1.5753458738327026
1749236332.939044,21.712069119568937,-1.572622299194336
1749236332.972666,21.722697266267676,-1.5710475444793701
1749236333.0060787,21.73286620358252,-1.5671077966690063
1749236333.039688,21.743793566470323,-1.5657708644866943
1749236333.0735717,21.75726473051353,-1.564149022102356
1749236333.107034,21.76863974580929,-1.5616580247879028
1749236333.140467,21.775765937046298,-1.5602444410324097
1749236333.173871,21.78644419904101,-1.5587871074676514
1749236333.2073877,21.797136497746788,-1.5578296184539795
1749236333.2407937,21.807839064579674,-1.5569814443588257
1749236333.2742894,21.818511899164612,-1.5567117929458618
1749236333.3076878,21.829196187212347,-1.5560879707336426
1749236333.3411179,21.843070801008036,-1.5551704168319702
1749236333.3745692,21.854094868233606,-1.554723858833313
1749236333.4080393,21.861205444854125,-1.5543771982192993
1749236333.4414487,21.87186550633625,-1.5535814762115479
1749236333.4749372,21.882173742737134,-1.552502989768982
1749236333.5084038,21.893190713077864,-1.551826000213623
1749236333.5418315,21.907764139423037,-1.551328182220459
1749236333.5752664,21.918078278781856,-1.550886869430542
1749236333.6087663,21.928740634176247,-1.5510512590408325
1749236333.642169,21.939400608665814,-1.5502080917358398
1749236333.6755388,21.950061810259065,-1.549844741821289
1749236333.709031,21.960723142807225,-1.5493968725204468
1749236333.7424343,21.971386565230436,-1.548862338066101
1749236333.775837,21.981695133243715,-1.548564076423645
1749236333.8093193,21.992713599192157,-1.5485519170761108
1749236333.8427079,22.003375211572404,-1.548303484916687
1749236333.8761158,22.017234448541455,-1.5481699705123901
1749236333.9095228,22.02825057042793,-1.548083782196045
1749236333.9429245,22.038910663749768,-1.548240303993225
1749236333.9763296,22.049570186057082,-1.5481051206588745
1749236334.009738,22.06022998181275,-1.5479857921600342
1749236334.0431337,22.070536005180738,-1.547637701034546
1749236334.0765522,22.0819068704793,-1.547936201095581
1749236334.1099734,22.092566218213694,-1.5479447841644287
1749236334.1434119,22.098961535456613,-1.5479581356048584
1749236334.1768613,22.10997540306962,-1.5481547117233276
1749236334.2102635,22.12063317196951,-1.5479382276535034
1749236334.243708,22.134843110880514,-1.5480828285217285
1749236334.2771075,22.14194803114765,-1.548335313796997
1749236334.3106,22.156157426375437,-1.5485652685165405
1749236334.3440022,22.170365999597674,-1.5488170385360718
1749236334.380039,22.17711450733519,-1.5489284992218018
1749236334.4133945,22.191320558830913,-1.5491234064102173
1749236334.4468157,22.202330273410176,-1.5492544174194336
1749236334.4802048,22.21298503793788,-1.5493284463882446
1749236334.5178998,22.223640259236507,-1.549701452255249
1749236334.5513024,22.234650854745922,-1.549747109413147
1749236334.5848749,22.24850249805687,-1.5499467849731445
1749236334.6183107,22.255605803727974,-1.5498950481414795
1749236334.6517525,22.265905218709566,-1.5499932765960693
1749236334.6851656,22.280466887221216,-1.5500006675720215
1749236334.7185802,22.291121827104874,-1.550349473953247
1749236334.7520208,22.301776144920893,-1.550412654876709
1749236334.7854264,22.31243090690359,-1.5506211519241333
1749236334.8188722,22.323084726034494,-1.5514007806777954
1749236334.8522747,22.3337522439605,-1.5519778728485107
1749236334.885757,22.344423884079305,-1.5513012409210205
1749236334.9191666,22.351535892839937,-1.5518193244934082
1749236334.95257,22.362200845942965,-1.5527567863464355
1749236334.9859722,22.37322375848545,-1.5527793169021606
1749236335.01949,22.387088918896776,-1.5530083179473877
1749236335.0528786,22.39775023522296,-1.5534840822219849
1749236335.086278,22.40841118480976,-1.5542019605636597
1749236335.1196864,22.419072260236486,-1.55438232421875
1749236335.1530917,22.42973508146591,-1.5544371604919434
1749236335.1864896,22.44039458013966,-1.5550546646118164
1749236335.2201762,22.45069833382902,-1.5554801225662231
1749236335.2536438,22.46135720512063,-1.5555003881454468
1749236335.287046,22.47236964079137,-1.5559165477752686
1749236335.3205526,22.483026895391227,-1.5563769340515137
1749236335.3539515,22.49475017024277,-1.556456446647644
1749236335.3873508,22.50398547660905,-1.5568569898605347
1749236335.4208283,22.515352231986363,-1.5570372343063354
1749236335.4542444,22.525652292367734,-1.5574700832366943
1749236335.487642,22.53275637597323,-1.5576415061950684
1749236335.5211751,22.543411939214778,-1.5580536127090454
1749236335.5545795,22.554068055599423,-1.5581388473510742
1749236335.58798,22.564723919863056,-1.5586086511611938
1749236335.621378,22.57502519444504,-1.5587795972824097
1749236335.6548102,22.58283927174688,-1.5594336986541748
1749236335.6883876,22.596337614038813,-1.5594934225082397
1749236335.7219574,22.60734880735789,-1.559720754623413
1749236335.7553627,22.618359597394143,-1.5600391626358032
1749236335.7888103,22.629014825104537,-1.5603288412094116
1749236335.822305,22.63931406719816,-1.5605615377426147
1749236335.8557491,22.649968696650173,-1.5608582496643066
1749236335.8891988,22.66453038537483,-1.5611069202423096
1749236335.9227433,22.670923259902864,-1.5614643096923828
1749236335.95664,22.6819341707821,-1.5616319179534912
1749236335.9901066,22.69258920482965,-1.562023639678955
1749236336.0235155,22.70288981205427,-1.562088966369629
1749236336.0569322,22.713900462174987,-1.5625920295715332
1749236336.0904353,22.72455649083155,-1.5627527236938477
1749236336.123848,22.73876264780915,-1.5631401538848877
1749236336.1574378,22.749416899760455,-1.5633774995803833
1749236336.1908598,22.759715902119616,-1.563602328300476
1749236336.2243412,22.770370572182546,-1.5638786554336548
1749236336.257907,22.781025331267887,-1.5642883777618408
1749236336.2926276,22.788483799146842,-1.5644989013671875
1749236336.3260326,22.799139797888206,-1.5645257234573364
1749236336.359431,22.80979522345653,-1.564724087715149
1749236336.392841,22.820450738933694,-1.565081238746643
1749236336.4263127,22.830751466261592,-1.5651682615280151
1749236336.4597197,22.84140651584168,-1.5655077695846558
1749236336.493149,22.852061931603092,-1.5656764507293701
1749236336.5265596,22.863072182666862,-1.5660815238952637
1749236336.5600421,22.873372898748112,-1.5663222074508667
1749236336.5934587,22.884382515408756,-1.5668483972549438
1749236336.627946,22.8946831660722,-1.5669676065444946
1749236336.6613052,22.905694485472075,-1.5670942068099976
1749236336.6947649,22.912797889043922,-1.5673476457595825
1749236336.7281833,22.923097488853212,-1.5675469636917114
1749236336.7621274,22.93765921141667,-1.567559838294983
1749236336.795553,22.948669311935824,-1.567825436592102
1749236336.8290854,22.958969410933506,-1.5680702924728394
1749236336.8624887,22.969625040862738,-1.568192958831787
1749236336.895899,22.980635312013938,-1.5686862468719482
1749236336.9293277,22.990580954627365,-1.5688635110855103
1749236336.9627411,23.001591258542586,-1.5691694021224976
1749236336.9964302,23.012246892067786,-1.5692442655563354
1749236337.0298936,23.022902543207238,-1.5692681074142456
1749236337.0632982,23.033558139024155,-1.5695465803146362
1749236337.09671,23.043857807787045,-1.5696680545806885
1749236337.1301086,23.05451246451764,-1.569921851158142
1749236337.1634693,23.06552309705214,-1.5700808763504028
1749236337.1968946,23.076178470869525,-1.5705703496932983
1749236337.2303689,23.083283110504595,-1.5705335140228271
1749236337.2637715,23.094295686832577,-1.5702039003372192
1749236337.2972834,23.10424252918266,-1.5703773498535156
1749236337.3309996,23.11526033512363,-1.5710536241531372
1749236337.3644207,23.125570272761518,-1.5706216096878052
1749236337.397911,23.136586419252776,-1.5710804462432861
1749236337.4325118,23.14724854108938,-1.571555733680725
1749236337.4659083,23.16110781649571,-1.5715123414993286
1749236337.4993484,23.168924381810285,-1.5716232061386108
1749236337.532717,23.179227650514008,-1.5717591047286987
1749236337.5661163,23.193437758065052,-1.5722367763519287
1749236337.599515,23.203743357329465,-1.5729564428329468
1749236337.632917,23.214760663807184,-1.572695255279541
1749236337.6663265,23.225417948575473,-1.5734455585479736
1749236337.7002416,23.23607636490416,-1.5736973285675049
1749236337.733698,23.246378405277845,-1.574676275253296
1749236337.767191,23.257396347691067,-1.5748274326324463
1749236337.8006444,23.27197206241548,-1.5745940208435059
1749236337.8340566,23.283344005699377,-1.5750092267990112
1749236337.867498,23.289029075368695,-1.5754005908966064
1749236337.9009066,23.29968792250313,-1.57564115524292
1749236337.9343562,23.31034640945257,-1.5757876634597778
1749236337.9677541,23.321003444202763,-1.5762077569961548
1749236338.0011702,23.33201558193771,-1.5762511491775513
1749236338.0345707,23.339119949943147,-1.5764050483703613
1749236338.0679696,23.350132334527252,-1.5762327909469604
1749236338.101374,23.36043485455834,-1.576338768005371
1749236338.1347876,23.36753963325819,-1.5759788751602173
1749236338.1682093,23.378196944294075,-1.5762749910354614
1749236338.20164,23.388501934214688,-1.576363205909729
1749236338.2350466,23.395965151837395,-1.5756734609603882
1749236338.2684433,23.413735176345114,-1.5758788585662842
1749236338.3018646,23.424397714785844,-1.5759884119033813
1749236338.3353133,23.43505802413018,-1.575604796409607
1749236338.3687165,23.44180921965292,-1.5757001638412476
1749236338.4021373,23.45282656994043,-1.5755927562713623
1749236338.4361923,23.463134842372728,-1.574481725692749
1749236338.4695992,23.470614830581674,-1.5746040344238281
1749236338.5030112,23.481314738281615,-1.5733046531677246
1749236338.5364594,23.492024130276995,-1.572637915611267
1749236338.5698714,23.505913153081533,-1.5716379880905151
1749236338.6032372,23.516605461414937,-1.5710970163345337
1749236338.6366038,23.527633259633497,-1.569258451461792
1749236338.6701136,23.541863083341354,-1.5666693449020386
1749236338.7035172,23.55216963452054,-1.5644663572311401
1749236338.736921,23.56283702764338,-1.5632498264312744
1749236338.7703269,23.57412658800297,-1.558974027633667
1749236338.8037307,23.584374502980108,-1.5567089319229126
1749236338.8371477,23.595010139492253,-1.5530641078948975
1749236338.8708193,23.605680672862693,-1.5505766868591309
1749236338.9042156,23.61629956564994,-1.5468591451644897
1749236338.9376159,23.626614109492905,-1.545461893081665
1749236338.9710143,23.637190293714855,-1.5414329767227173
1749236339.0044408,23.648206271277655,-1.5380204916000366
1749236339.03795,23.658836155166533,-1.5336636304855347
1749236339.0714352,23.669534874330456,-1.5303478240966797
1749236339.1048527,23.679832448129684,-1.5282397270202637
1749236339.138313,23.686888071472538,-1.5234904289245605
1749236339.171717,23.69827721112303,-1.519788384437561
1749236339.2058923,23.708912285338407,-1.5163863897323608
1749236339.2419097,23.71916981647641,-1.5113242864608765
1749236339.2753482,23.72736072609823,-1.5074528455734253
1749236339.3087583,23.73658543866094,-1.5030677318572998
1749236339.342166,23.751038064027156,-1.4976401329040527
1749236339.3755744,23.76172280033351,-1.4923583269119263
1749236339.4089618,23.77585598365095,-1.487168312072754
1749236339.4423928,23.78675550500165,-1.480688452720642
1749236339.4758294,23.79701478561606,-1.4757252931594849
1749236339.5111418,23.80794276312169,-1.4695876836776733
1749236339.5446217,23.81782113984546,-1.4639915227890015
1749236339.5781403,23.825255712496215,-1.4582921266555786
1749236339.6121478,23.83582894363688,-1.451576828956604
1749236339.6455603,23.849928840186003,-1.4455500841140747
1749236339.6791027,23.860409376780485,-1.4376354217529297
1749236339.7124746,23.87065082045018,-1.4313448667526245
1749236339.745884,23.881273097307723,-1.4254145622253418
1749236339.779325,23.89248731334474,-1.4148542881011963
1749236339.8127384,23.902607929315707,-1.4092215299606323
1749236339.8461514,23.909739746313942,-1.4033201932907104
1749236339.8795917,23.91993266731791,-1.3961704969406128
1749236339.913003,23.92690977514799,-1.3905950784683228
1749236339.9464068,23.9430673789896,-1.3824093341827393
1749236339.979861,23.948672848986302,-1.3759593963623047
1749236340.013352,23.962727303155344,-1.3682963848114014
1749236340.0468116,23.97289068455913,-1.3604669570922852
1749236340.0803714,23.983100625360397,-1.353360652923584
1749236340.1137764,23.993672982120156,-1.343530535697937
1749236340.147651,24.00453830501991,-1.3353694677352905
1749236340.1810718,24.018227264788106,-1.3280531167984009
1749236340.2144709,24.0291349893502,-1.3204013109207153
1749236340.2480726,24.032625187791204,-1.3121293783187866
1749236340.2814422,24.04669502266376,-1.3035552501678467
1749236340.3148584,24.061669616208665,-1.2955412864685059
1749236340.3482606,24.071121373834938,-1.2882555723190308
1749236340.3816638,24.081652690537197,-1.280480980873108
1749236340.4150624,24.09250725040094,-1.2719231843948364
1749236340.4485543,24.102669046715217,-1.2637921571731567
1749236340.4819646,24.113199201135046,-1.2554641962051392
1749236340.515366,24.11987808239217,-1.2475051879882812
1749236340.548836,24.134271000653083,-1.2388039827346802
1749236340.5823078,24.14513544833167,-1.2298617362976074
1749236340.6157067,24.15182302627841,-1.2220910787582397
1749236340.6491656,24.162714385054063,-1.2163856029510498
1749236340.682583,24.17316853521987,-1.2072031497955322
1749236340.7160232,24.18336121468435,-1.1992350816726685
1749236340.749439,24.193520449165312,-1.19094717502594
1749236340.7829206,24.204380888955054,-1.1819002628326416
1749236340.816368,24.21456930922528,-1.1736729145050049
1749236340.8497746,24.221581399671596,-1.1650336980819702
1749236340.8837588,24.232492719330917,-1.1567537784576416
1749236340.9171987,24.2432462421744,-1.1466785669326782
1749236340.950639,24.25344001390373,-1.1412237882614136
1749236340.9840674,24.263940975459615,-1.1326407194137573
1749236341.0175085,24.270911797653433,-1.1225881576538086
1749236341.0509744,24.28524990378145,-1.1142631769180298
1749236341.0845804,24.2950997693387,-1.1066588163375854
1749236341.1179829,24.305860586352704,-1.0968300104141235
1749236341.151386,24.316031950037974,-1.0885807275772095
1749236341.1847672,24.327163800150156,-1.0783326625823975
1749236341.2181642,24.337417248814035,-1.0711532831192017
1749236341.2515638,24.34775298940599,-1.0614800453186035
1749236341.285091,24.35819540497721,-1.0523927211761475
1749236341.3184574,24.365173005339937,-1.0463886260986328
1749236341.351911,24.37564305975349,-1.0371671915054321
1749236341.3853269,24.386163854483815,-1.0284024477005005
1749236341.4187152,24.396970138097867,-1.0185842514038086
1749236341.45212,24.406764960418997,-1.0098215341567993
1749236341.4855533,24.41414267524149,-1.0005954504013062
1749236341.5190105,24.424670436206565,-0.9912007451057434
1749236341.552423,24.435163256333283,-0.9853304028511047
1749236341.5858212,24.445640597768648,-0.9758496880531311
1749236341.6192284,24.456181282764884,-0.9670960307121277
1749236341.6525872,24.466727668267954,-0.9554846882820129
1749236341.685987,24.4747073746897,-0.946208119392395
1749236341.719762,24.484147355670103,-0.9394258260726929
1749236341.7533998,24.49811812472567,-0.9302974939346313
1749236341.7868068,24.50930002604773,-0.9178155660629272
1749236341.8203406,24.519109975244493,-0.9086092114448547
1749236341.853789,24.529918061821817,-0.8987352848052979
1749236341.887194,24.540074392178614,-0.8930153846740723
1749236341.9206002,24.55054499183751,-0.883547842502594
1749236341.9539979,24.56101268486471,-0.8739839792251587
1749236341.9874384,24.574993717995703,-0.861416220664978
1749236342.0208657,24.581632522403527,-0.8516988754272461
1749236342.054313,24.593186642447158,-0.843122124671936
1749236342.0877337,24.60297825514758,-0.8365939855575562
1749236342.1211371,24.61346632938159,-0.8272024989128113
1749236342.154545,24.620465056732606,-0.8178566098213196
1749236342.187981,24.63125033776896,-0.8108506798744202
1749236342.2215545,24.641085302433048,-0.8025732636451721
1749236342.2550423,24.651906505421785,-0.7927187085151672
1749236342.288459,24.662435780625607,-0.7839077115058899
1749236342.3219974,24.673219468902282,-0.773784339427948
1749236342.3554358,24.683385525608166,-0.7650768756866455
1749236342.388932,24.693858193273428,-0.7556195855140686
1749236342.4223433,24.700861531140696,-0.7464844584465027
1749236342.4559379,24.71448303478139,-0.7375321388244629
1749236342.4894164,24.725233803270687,-0.7268953919410706
1749236342.5228593,24.735797147731223,-0.7182614207267761
1749236342.5563283,24.74275167720219,-0.7089177370071411
1749236342.5897303,24.753213514292497,-0.6993321776390076
1749236342.6231298,24.76401520106046,-0.6898078322410583
1749236342.6565332,24.773737466934623,-0.6834240555763245
1749236342.6899595,24.784247814862386,-0.674320638179779
1749236342.724714,24.795096308522808,-0.661967396736145
1749236342.7582982,24.805882789836694,-0.652302622795105
1749236342.7917545,24.819455993887857,-0.6425747871398926
1749236342.8251972,24.826119341268452,-0.6332706809043884
1749236342.8590646,24.840373206726095,-0.6236274242401123
1749236342.8925216,24.851192201967766,-0.613864004611969
1749236342.9259498,24.860966731985325,-0.6048451066017151
1749236342.9593678,24.871516381555793,-0.5963081121444702
1749236342.992776,24.881889052312903,-0.5860058665275574
1749236343.0261772,24.892753459285128,-0.5765074491500854
1749236343.0596724,24.90323146813366,-0.5670468807220459
1749236343.0930936,24.909838211871595,-0.557428777217865
1749236343.1265237,24.920339757327287,-0.5513339638710022
1749236343.1599274,24.931141806502154,-0.5411863923072815
1749236343.1939292,24.938138115868735,-0.5349101424217224
1749236343.2274442,24.948615766554475,-0.5254589319229126
1749236343.2609344,24.959055980793806,-0.515712320804596
1749236343.2943323,24.969486320623055,-0.5059507489204407
1749236343.3278537,24.976453543686993,-0.49615177512168884
1749236343.3612614,24.98690707872924,-0.4901968240737915
1749236343.394661,24.997346020513834,-0.48049071431159973
1749236343.428033,25.007513002169354,-0.47194841504096985
1749236343.461431,25.014836392801765,-0.4623830020427704
1749236343.4948337,25.025927731046476,-0.45435431599617004
1749236343.5287316,25.03608991528056,-0.44534897804260254
1749236343.5621312,25.046226523030597,-0.436388224363327
1749236343.5955353,25.05667336605763,-0.4269295632839203
1749236343.6289315,25.06711546026397,-0.4173852205276489
1749236343.6623447,25.074129274043226,-0.4115908741950989
1749236343.695806,25.084606968861532,-0.40253040194511414
1749236343.7292616,25.094708682083933,-0.39019736647605896
1749236343.7642894,25.10864115710341,-0.3812651038169861
1749236343.7977,25.119090005908166,-0.3718830347061157
1749236343.8311026,25.127146156461816,-0.3604603707790375
1749236343.8644516,25.143906355130518,-0.3507855534553528
1749236343.8978548,25.154370074465362,-0.341600239276886
1749236343.931252,25.16100569431052,-0.3325768709182739
1749236343.9646864,25.17145898635271,-0.3266811966896057
1749236343.9980989,25.18191703360106,-0.3144623339176178
1749236344.0315316,25.192415887526252,-0.30866140127182007
1749236344.0649874,25.20323442107055,-0.2991775572299957
1749236344.0984428,25.209915457975576,-0.29084572196006775
1749236344.131839,25.22425909803499,-0.2817932367324829
1749236344.1652539,25.23475298475234,-0.2729853391647339
1749236344.2021568,25.245270454577025,-0.26455098390579224
1749236344.2355378,25.255778317517724,-0.25613653659820557
1749236344.2689555,25.262764297341064,-0.24617837369441986
1749236344.3025281,25.27296584257524,-0.23936998844146729
1749236344.335929,25.284175947490006,-0.23374789953231812
1749236344.3696659,25.294327888269727,-0.22557364404201508
1749236344.4030695,25.304886236368795,-0.21784257888793945
1749236344.4366012,25.311584020315227,-0.21317467093467712
1749236344.4700727,25.322534066692302,-0.20358054339885712
1749236344.5034692,25.333059903757036,-0.1983766406774521
1749236344.5368786,25.33657457405902,-0.19121001660823822
1749236344.5705462,25.354219676964178,-0.18448370695114136
1749236344.603959,25.36481870207448,-0.17810094356536865
1749236344.6374648,25.37502061806397,-0.17135854065418243
1749236344.670864,25.385942414246358,-0.16248123347759247
1749236344.7043235,25.396547425759945,-0.15627421438694
1749236344.7377949,25.407163173705335,-0.15241877734661102
1749236344.7711658,25.417746750453777,-0.14624667167663574
1749236344.8045707,25.42798817276276,-0.14040301740169525
1749236344.8380015,25.438970944302113,-0.13498005270957947
1749236344.871414,25.449961213653243,-0.13004308938980103
1749236344.9048333,25.46017730597518,-0.12404642254114151
1749236344.938232,25.46694251419793,-0.11965534090995789
1749236344.9724789,25.481468197587382,-0.11419519037008286
1749236345.0059254,25.492097223739144,-0.10923504084348679
1749236345.0392842,25.502741867569974,-0.10493818670511246
1749236345.0727408,25.513036377314787,-0.10114731639623642
1749236345.106125,25.5240279195634,-0.09667111933231354
1749236345.1395235,25.534688942384783,-0.09309936314821243
1749236345.1729918,25.541793520613037,-0.08970887959003448
1749236345.206381,25.552443722116855,-0.08616717904806137
1749236345.2398021,25.562715676041314,-0.0824364423751831
1749236345.2732098,25.573776924224713,-0.0804421678185463
1749236345.3066893,25.587949930808406,-0.07670683413743973
1749236345.3400896,25.598585249965705,-0.07342946529388428
1749236345.373585,25.609229870999222,-0.07005374133586884
1749236345.4070005,25.61586020943456,-0.06927845627069473
1749236345.4404125,25.623456848240053,-0.06702297925949097
1749236345.4737937,25.629352037731685,-0.06617124378681183
1749236345.5082352,25.634022126918264,-0.0651378333568573
1749236345.54164,25.63785531666674,-0.06398673355579376
1749236345.5750134,25.641592482874717,-0.06328558176755905
1749236345.6084201,25.644887931253617,-0.06267828494310379
1749236345.641879,25.64720732224059,-0.06184433028101921
1749236345.6752794,25.651575231290167,-0.06066136807203293
1749236345.708696,25.653636098997474,-0.060690052807331085
1749236345.7420948,25.656850376813395,-0.06008749082684517
1749236345.7754965,25.66018023676351,-0.059355758130550385
1749236345.8089004,25.663404763722244,-0.05846157297492027
1749236345.8422997,25.666690600987025,-0.05831832066178322
1749236345.875821,25.670008723906793,-0.057269737124443054
1749236345.909275,25.673409692424098,-0.05713164433836937
1749236345.9427288,25.6766470546146,-0.05674643814563751
1749236345.9762,25.679757234119275,-0.05688638985157013
1749236346.0096908,25.681781813542546,-0.05629216507077217
1749236346.047002,25.68510443945028,-0.05631044879555702
1749236346.0804057,25.689440200371795,-0.055145442485809326
1749236346.113811,25.69053655157639,-0.055652767419815063
1749236346.1472108,25.696233502500824,-0.054621919989585876
1749236346.1806724,25.69972542451701,-0.054942116141319275
1749236346.2141082,25.703105447837185,-0.05355064570903778
1749236346.247518,25.705558931556077,-0.05407615378499031
1749236346.2808702,25.70902860534995,-0.05311436578631401
1749236346.3142738,25.712315581557725,-0.052589964121580124
1749236346.3477042,25.715736166306215,-0.05196070298552513
1749236346.3816085,25.720355038328915,-0.051668573170900345
1749236346.4150085,25.722161180518206,-0.05205269902944565
1749236346.4484317,25.725258512972744,-0.05201862007379532
1749236346.4818377,25.728290188812263,-0.05099037289619446
1749236346.5152462,25.731439776407523,-0.05146445706486702
1749236346.5487885,25.735329717070826,-0.0504753515124321
1749236346.582281,25.73834852766403,-0.05083668231964111
1749236346.6156852,25.741218346087322,-0.050601862370967865
1749236346.6490867,25.74393008183354,-0.049808986485004425
1749236346.682501,25.746692640687666,-0.04976603761315346
1749236346.715916,25.748502805656628,-0.0497405119240284
1749236346.7493384,25.75110931038608,-0.04889678210020065
1749236346.7826993,25.75386144457853,-0.048797961324453354
1749236346.8160934,25.75641615240394,-0.04906463250517845
1749236346.849508,25.75898644261123,-0.049111854285001755
1749236346.8829079,25.761577269363592,-0.04792184755206108
1749236346.9163158,25.763973902946,-0.04771445691585541
1749236346.94974,25.766494616337948,-0.04743329435586929
1749236346.9831748,25.768836538408966,-0.047364119440317154
1749236347.0166137,25.771294708337745,-0.04742142930626869
1749236347.0547087,25.773556824114998,-0.04631095752120018
1749236347.0881143,25.776710544283226,-0.04600699990987778
1749236347.1215959,25.778193462075457,-0.04683835804462433
1749236347.1550288,25.781066238627005,-0.0464918315410614
1749236347.188518,25.78319348223919,-0.045572977513074875
1749236347.221894,25.78467393002876,-0.04572146758437157
1749236347.255351,25.786694761047293,-0.045742519199848175
1749236347.2888482,25.78875533520473,-0.04582815244793892
1749236347.3227072,25.790784642759146,-0.04583364352583885
1749236347.3562667,25.7928041389658,-0.04491463303565979
1749236347.3896804,25.794810032437194,-0.044911015778779984
1749236347.4231212,25.796791713371608,-0.045057956129312515
1749236347.4565518,25.798732223101236,-0.044769287109375
1749236347.4901533,25.80056860178225,-0.04414789378643036
1749236347.524128,25.803198382008834,-0.043718915432691574
1749236347.5576174,25.804390212533495,-0.04400718957185745
1749236347.5910215,25.80684766760911,-0.043922875076532364
1749236347.6244318,25.80805645107705,-0.04325186088681221
1749236347.6578717,25.810466991710037,-0.04296228662133217
1749236347.6914446,25.812117869725476,-0.04275273159146309
1749236347.7248278,25.813201462289598,-0.04303765669465065
1749236347.758235,25.8155119307454,-0.04214444011449814
1749236347.7916663,25.81714396250989,-0.04189633950591087
1749236347.8251166,25.818776498550037,-0.0424790196120739
1749236347.8592606,25.82069021338513,-0.04183889552950859
1749236347.8927116,25.82195070415174,-0.04128254950046539
1749236347.9261217,25.823043520234314,-0.04150385409593582
1749236347.9595184,25.825191867363852,-0.04145541414618492
1749236347.9929714,25.826523330561496,-0.04160839691758156
1749236348.0265255,25.827440379779116,-0.04128280654549599
1749236348.0599313,25.82893082816064,-0.04101609066128731
1749236348.0933456,25.830353265674322,-0.04120755195617676
1749236348.1267896,25.83180196389656,-0.0408058725297451
1749236348.160217,25.83313881287037,-0.040179166942834854
1749236348.1936038,25.83451564998224,-0.0404043011367321
1749236348.2275083,25.835413960133717,-0.04012305662035942
1749236348.2609122,25.83674799577456,-0.04007819667458534
1749236348.2945569,25.83844313512381,-0.04007191210985184
1749236348.3280017,25.839760748436436,-0.03969040513038635
1749236348.3614004,25.84102126530402,-0.03955679386854172
1749236348.3948345,25.842252346179254,-0.039394158869981766
1749236348.42828,25.843454512806563,-0.03898189589381218
1749236348.4616883,25.844682171935627,-0.03923216462135315
1749236348.4950922,25.845885539734187,-0.038549020886421204
1749236348.528503,25.84710844173746,-0.03858889266848564
1749236348.5619087,25.84745512340484,-0.038485147058963776
1749236348.5963237,25.84953193845726,-0.03828771039843559
1749236348.629728,25.85051856180874,-0.03817162290215492
1749236348.6631408,25.851522976379016,-0.03815855830907822
1749236348.6964986,25.852590316021253,-0.03770959749817848
1749236348.7299457,25.853654615735117,-0.037690240889787674
1749236348.763366,25.85465872009983,-0.03736249729990959
1749236348.7968144,25.855728906646128,-0.037367306649684906
1749236348.830222,25.856733813230885,-0.03712143748998642
1749236348.8636198,25.857720234792943,-0.037118591368198395
1749236348.8973458,25.858685627565915,-0.03691287338733673
1749236348.9307961,25.85963681330994,-0.03679708391427994
1749236348.9642668,25.86056936146126,-0.036596670746803284
1749236348.99767,25.861188139006966,-0.036462102085351944
1749236349.0315554,25.862688701264517,-0.03634568303823471
1749236349.065159,25.863569356988062,-0.036276694387197495
1749236349.0985615,25.86443613148847,-0.03614850714802742
1749236349.13201,25.86529617968413,-0.03605339303612709
1749236349.1654613,25.865854216609534,-0.03592900559306145
1749236349.1990187,25.866687723111085,-0.03583190590143204
1749236349.2326276,25.86750496829857,-0.035723183304071426
1749236349.2660315,25.86857387617667,-0.035646308213472366
1749236349.299478,25.869386466808127,-0.035517580807209015
1749236349.332883,25.870112020386788,-0.03543749451637268
1749236349.3664486,25.87076403399307,-0.03535819426178932
1749236349.3998864,25.871046078217145,-0.03531310707330704
1749236349.4332836,25.871283302483096,-0.03529413044452667
1749236349.4666908,25.871429569082157,-0.03530086576938629
1749236349.500094,25.871507697860398,-0.035280704498291016
1749236349.5335014,25.871561674492522,-0.03528740629553795
1749236349.566903,25.871585443458596,-0.035283077508211136
1749236349.6003082,25.871608414326285,-0.03529445454478264
1749236349.6336722,25.87161245844511,-0.03529762476682663
1749236349.6670656,25.871623490240992,-0.035309914499521255
1749236349.7005036,25.87162423817783,-0.03529360517859459
1749236349.7339146,25.871633921152224,-0.03531556949019432
1749236349.7673202,25.871634633781664,-0.03531744331121445
1749236349.8009088,25.871644606203496,-0.03533726558089256
1749236349.8343158,25.871641329908883,-0.03535141795873642
1749236349.8677187,25.87165476478437,-0.03536108508706093
1749236349.9011393,25.87164935674296,-0.035370130091905594
1749236349.934548,25.871662472454577,-0.03536472097039223
1749236349.9680011,25.871656269330046,-0.03536687418818474
1749236350.0015678,25.87166374149405,-0.03537117689847946
1749236350.035052,25.871664801326087,-0.035370249301195145
1749236350.068599,25.871668599795218,-0.03537612035870552
1749236350.1020923,25.871669375350898,-0.035367451608181
1749236350.1355307,25.871671110220294,-0.035372279584407806
1749236350.1689398,25.871677209232924,-0.035384513437747955
1749236350.20235,25.871678353316142,-0.03538644686341286
1749236350.2409112,25.87168500963839,-0.03539331257343292
1749236350.2743752,25.87168350873917,-0.03538418561220169
1749236350.3078854,25.87168766784767,-0.035391587764024734
1749236350.3413327,25.871694795560998,-0.035404037684202194
1749236350.3747692,25.87169339498908,-0.03539259359240532
1749236350.408288,25.871705038730873,-0.035401374101638794
1749236350.4416862,25.871702396690115,-0.035387519747018814
1749236350.4750857,25.871706802495822,-0.03539658337831497
1749236350.5085154,25.871706508931084,-0.03539185971021652
1749236350.545779,25.87170853825073,-0.03539478778839111
1749236350.5791738,25.871709796632192,-0.035395298153162
1749236350.6126175,25.871711429884886,-0.03539625182747841
1749236350.646097,25.871715571780822,-0.035398535430431366
1749236350.679624,25.87171519887274,-0.0353986956179142
1749236350.713034,25.871718575541585,-0.035397645086050034
1749236350.7464437,25.87172438074849,-0.03540860861539841
1749236350.7800078,25.87172522034437,-0.03540845215320587
1749236350.8134274,25.87172666915267,-0.035406310111284256
1749236350.8468351,25.87173281448661,-0.035409845411777496
1749236350.8802912,25.871731592890665,-0.035426847636699677
1749236350.9137049,25.871740023368943,-0.035416245460510254
1749236350.947176,25.871738571561114,-0.03541257232427597
1749236350.9805796,25.8717438598583,-0.03541812673211098
1749236351.013982,25.871750138746577,-0.03541840985417366
1749236351.0475452,25.87175041234405,-0.03542385622859001
1749236351.0809538,25.871751799252895,-0.03543248400092125
1749236351.1151595,25.871754894935506,-0.03542200103402138
1749236351.1485732,25.87176764550068,-0.03543413430452347
1749236351.1819956,25.871770624249425,-0.035401470959186554
1749236351.216966,25.87176757846339,-0.035397037863731384
1749236351.2504184,25.871771866716365,-0.035402532666921616
1749236351.28388,25.871775138918245,-0.035400379449129105
1749236351.3172634,25.87177972820135,-0.03540271148085594
1749236351.3506782,25.871784978357127,-0.035422906279563904
1749236351.3841038,25.871785567092125,-0.035413455218076706
1749236351.417518,25.87178728701283,-0.03541628271341324
1749236351.4509437,25.871788804201213,-0.03541700169444084
1749236351.4852288,25.871794585078085,-0.0354265458881855
1749236351.5186355,25.871795260361356,-0.03542139381170273
1749236351.552061,25.8718010578001,-0.03543073683977127
1749236351.5855474,25.871802621632735,-0.0354214645922184
1749236351.619332,25.871808028813398,-0.035433292388916016
1749236351.652826,25.871806713503886,-0.03542770445346832
1749236351.6863277,25.871812743856253,-0.03544042259454727
1749236351.7197337,25.871813812901415,-0.03543661907315254
1749236351.753299,25.87181661349104,-0.035423118621110916
1749236351.7867436,25.871818289259597,-0.035425733774900436
1749236351.8205113,25.871821231439064,-0.035422880202531815
1749236351.8539865,25.87182657675976,-0.03541417419910431
1749236351.8877888,25.871828730117226,-0.035410597920417786
1749236351.9212048,25.87183724333871,-0.035420626401901245
1749236351.9546614,25.871836259906637,-0.03541778028011322
1749236351.9880652,25.87184361117807,-0.03544428572058678
1749236352.0217216,25.871840972718864,-0.03543321043252945
1749236352.0551288,25.871846359470698,-0.035447634756565094
1749236352.0886085,25.871845752965655,-0.035444166511297226
1749236352.122065,25.87185104265654,-0.035428691655397415
1749236352.1554732,25.87185266641572,-0.0354306697845459
1749236352.188886,25.871852761383078,-0.035427868366241455
1749236352.222289,25.871863149293286,-0.03544072061777115
1749236352.2557755,25.871859289240145,-0.035430848598480225
1749236352.2893276,25.871869925844795,-0.035417865961790085
1749236352.3227758,25.87187690010731,-0.035413242876529694
1749236352.3561776,25.871875365639443,-0.03540967032313347
1749236352.3899198,25.872291696299495,-0.03562227636575699
1749236352.4233267,25.877800470526,-0.033259063959121704
1749236352.456735,25.884470058804855,-0.03047485463321209
1749236352.4901333,25.892432661697363,-0.026865752413868904
1749236352.5235395,25.900442969639357,-0.02481531910598278
1749236352.5570219,25.90929995132607,-0.023490063846111298
1749236352.5904598,25.917938095887877,-0.019295236095786095
1749236352.6238718,25.92649048161459,-0.016762375831604004
1749236352.6572826,25.93550016078409,-0.014905155636370182
1749236352.690847,25.944663177651623,-0.012906019575893879
1749236352.7243028,25.95390049314038,-0.00859332550317049
1749236352.7577012,25.96642057214707,-0.006418609991669655
1749236352.7911043,25.972416247110836,-0.005288162734359503
1749236352.8245146,25.982186273929404,-0.0016910774866119027
1749236352.8580613,25.994876525497542,0.0009588595130480826
1749236352.891482,26.00416502961733,0.002652129391208291
1749236352.9248922,26.014095574179244,0.006016400642693043
1749236352.9583158,26.024109998804054,0.007392921019345522
1749236352.9917727,26.033463623868887,0.010854526422917843
1749236353.0251458,26.04744034298041,0.01259585004299879
1749236353.0585556,26.057239147499097,0.014324277639389038
1749236353.0919623,26.067075384027326,0.016301516443490982
1749236353.125761,26.075968579597856,0.018551968038082123
1749236353.159163,26.08589467026351,0.020254189148545265
1749236353.1925917,26.0958413353593,0.02195535972714424
1749236353.2259855,26.10585590849433,0.02346114069223404
1749236353.2593997,26.11558145686864,0.024892842397093773
1749236353.2928267,26.1260243426483,0.02612418681383133
1749236353.3263702,26.139551764033516,0.027443919330835342
1749236353.359777,26.146665115444673,0.02947821468114853
1749236353.3931997,26.156510575670637,0.030893735587596893
1749236353.4265637,26.170804302378652,0.03147898614406586
1749236353.4599633,26.180651009492355,0.03378931060433388
1749236353.4933634,26.18709598177879,0.034732379019260406
1749236353.5267956,26.200330143895357,0.03250527381896973
1749236353.5601723,26.21056950711771,0.031012948602437973
1749236353.5936234,26.2211270195507,0.02889869548380375
1749236353.6272056,26.231379149028644,0.027671897783875465
1749236353.6606133,26.241671904967824,0.027691196650266647
1749236353.7013724,26.252271326943173,0.02495764009654522
1749236353.7347932,26.26566613076788,0.0225688386708498
1749236353.7682447,26.279066201676542,0.021570049226284027
1749236353.801953,26.2903946640669,0.019057681784033775
1749236353.835397,26.300701173386102,0.017711501568555832
1749236353.8688037,26.313718531288906,0.016252845525741577
1749236353.9022117,26.323995434535703,0.014480726793408394
1749236353.9356263,26.33427811448066,0.013626107014715672
1749236353.9690483,26.344552032707544,0.01263993326574564
1749236354.0024495,26.35482689912669,0.01151406392455101
1749236354.0358405,26.3650941380482,0.00997441727668047
1749236354.069251,26.371933636379115,0.008312583900988102
1749236354.10279,26.385622738729015,0.006692682392895222
1749236354.136206,26.395914524384903,0.0070617590099573135
1749236354.1695714,26.405855475839104,0.005223698914051056
1749236354.2029765,26.41617604000052,0.004933852236717939
1749236354.2364194,26.426464026878556,0.0031927183736115694
1749236354.2698276,26.437089699660458,0.00226064445450902
1749236354.3034716,26.450448766506337,0.001568217994645238
1749236354.336887,26.461059917074316,0.000300596933811903
1749236354.3708498,26.47098941022649,-0.0008202945464290679
1749236354.4043236,26.481585076749624,-0.0023393805604428053
1749236354.4377372,26.49185491255589,-0.0025687548331916332
1749236354.4712067,26.498369246592464,-0.004040032625198364
1749236354.504646,26.508981635896923,-0.00458465376868844
1749236354.5382054,26.519226462521196,-0.0034990040585398674
1749236354.5716069,26.529511131023465,-0.005374186206609011
1749236354.6050048,26.539816871842195,-0.005170080345124006
1749236354.6384077,26.55012288745141,-0.006536825094372034
1749236354.6720896,26.560451789383595,-0.006860014051198959
1749236354.7055168,26.57075198203891,-0.00798005610704422
1749236354.73893,26.58103523095551,-0.00837777554988861
1749236354.7723436,26.591303299694292,-0.007405674085021019
1749236354.805756,26.601542072470874,-0.007607133127748966
1749236354.839172,26.61177809771464,-0.008411946706473827
1749236354.87259,26.62202893339575,-0.008685183711349964
1749236354.9059994,26.63228858021085,-0.008858646266162395
1749236354.9393988,26.642577640533144,-0.009867377579212189
1749236354.9727838,26.649461194886662,-0.00957820750772953
1749236355.0061972,26.660150544744297,-0.01040524709969759
1749236355.039748,26.673920607243307,-0.01038478035479784
1749236355.0732288,26.68356680403911,-0.011371329426765442
1749236355.1066573,26.697306735671013,-0.011115651577711105
1749236355.140064,26.704501770203183,-0.011485256254673004
1749236355.1736746,26.714769551711722,-0.011581914499402046
1749236355.2071013,26.72845821299438,-0.012136494740843773
1749236355.2404995,26.735305771899114,-0.012034840881824493
1749236355.2743855,26.745569610718878,-0.012332671321928501
1749236355.3078067,26.75925732902125,-0.01259591244161129
1749236355.3412054,26.76986493950599,-0.013000781647861004
1749236355.3746655,26.779773450906998,-0.013240838423371315
1749236355.4080696,26.790035992541856,-0.012638022191822529
1749236355.4414775,26.800303193715287,-0.013069305568933487
1749236355.4748755,26.81058289302219,-0.012659176252782345
1749236355.5082417,26.820893951699283,-0.013325147330760956
1749236355.541657,26.83119585577767,-0.01284392736852169
1749236355.5750701,26.838048449215734,-0.013159092515707016
1749236355.608446,26.851753896827105,-0.013247586786746979
1749236355.6418614,26.86168314927591,-0.013482561334967613
1749236355.6753137,26.87229393832267,-0.015098931267857552
1749236355.7087495,26.879491163949226,-0.014949276112020016
1749236355.7421498,26.892844030156816,-0.0153586370870471
1749236355.7755187,26.902768152292946,-0.015601775608956814
1749236355.8089662,26.913032419545036,-0.016031578183174133
1749236355.8425813,26.92363768060396,-0.01617710292339325
1749236355.876163,26.933908040665305,-0.01663455180823803
1749236355.9096086,26.94419613708403,-0.016351966187357903
1749236355.9430087,26.954132544782276,-0.01701411046087742
1749236355.9764564,26.964402599347043,-0.016897477209568024
1749236356.0098786,26.974668522979876,-0.01706603355705738
1749236356.0433187,26.985273703631247,-0.017014965415000916
1749236356.076715,26.995193412993505,-0.016928983852267265
1749236356.110123,27.005798324967248,-0.016596248373389244
1749236356.1436374,27.016412429410916,-0.01700543984770775
1749236356.1770475,27.02634153189218,-0.01648641750216484
1749236356.2104585,27.040371960498916,-0.016334088519215584
1749236356.2438614,27.05029784969324,-0.016606735065579414
1749236356.2772675,27.0602106933802,-0.015916237607598305
1749236356.310708,27.07046991303208,-0.015425142832100391
1749236356.344172,27.07765364391303,-0.01513325609266758
1749236356.3780322,27.091675056372523,-0.014348948374390602
1749236356.4155893,27.101254232995284,-0.013503819704055786
1749236356.4490092,27.111852861665426,-0.012236188165843487
1749236356.4824755,27.125197785083135,-0.011530446819961071
1749236356.5166245,27.135799410347182,-0.00968434102833271
1749236356.5500314,27.145735650586698,-0.008978331461548805
1749236356.5834363,27.15631602870286,-0.007925874553620815
1749236356.6168365,27.169891308841603,-0.004672832787036896
1749236356.6502404,27.180842784459752,-0.002865907736122608
1749236356.6837497,27.18701501009225,-0.001758541795425117
1749236356.717111,27.197621649358457,0.0003185293753631413
1749236356.75051,27.207229840083297,0.00275717512704432
1749236356.7839675,27.22092589614173,0.0047324951738119125
1749236356.8173711,27.22811785278613,0.006646385416388512
1749236356.8508198,27.234949646751282,0.00888814963400364
1749236356.8842409,27.252063385873296,0.010384070686995983
1749236356.9176583,27.262336200968228,0.011088673956692219
1749236356.9510682,27.272941289799064,0.012282287701964378
1749236356.9844723,27.28286351744815,0.013264709152281284
1749236357.0178742,27.293134198539448,0.013215899467468262
1749236357.0513158,27.30684254880616,0.013640010729432106
1749236357.0847244,27.317124816611006,0.014277607202529907
1749236357.1181238,27.323975699618448,0.01488207746297121
1749236357.1515236,27.338015807030068,0.015569855459034443
1749236357.1849847,27.347942268046655,0.01620504818856716
1749236357.2183895,27.358210806508296,0.016997121274471283
1749236357.2518113,27.368129989182346,0.01744813658297062
1749236357.2852151,27.378742250164972,0.018059076741337776
1749236357.3185859,27.38866372605483,0.018461011350154877
1749236357.3520026,27.399270252499697,0.01850256323814392
1749236357.385423,27.40919427311931,0.019053982570767403
1749236357.418843,27.419798788229674,0.019663283601403236
1749236357.4523005,27.430069538756957,0.019761549308896065
1749236357.485708,27.43999602945595,0.0202970989048481
1749236357.5191138,27.455061427554806,0.02026349864900112
1749236357.5525503,27.4643020403366,0.020477449521422386
1749236357.5859826,27.474570677347938,0.020832166075706482
1749236357.6195316,27.484840611246717,0.020966870710253716
1749236357.6529398,27.49168407717843,0.020984072238206863
1749236357.6863437,27.501950489176693,0.021045943722128868
1749236357.7204747,27.512569125337663,0.021044407039880753
1749236357.7542462,27.52214159794183,0.021040914580225945
1749236357.7935011,27.53583127049065,0.021182917058467865
1749236357.8269083,27.543020384248848,0.021468890830874443
1749236357.860364,27.55296241128537,0.02043231576681137
1749236357.893945,27.566708130480396,0.021100107580423355
1749236357.927429,27.577375748220522,0.020264586433768272
1749236357.9608505,27.587349197389667,0.021362656727433205
1749236357.9943147,27.597994266253664,0.020967785269021988
1749236358.0279224,27.608283700923415,0.021032409742474556
1749236358.061404,27.618562688797287,0.021163539960980415
1749236358.0948079,27.628841791275498,0.02120663970708847
1749236358.1282055,27.63911186469316,0.021120909601449966
1749236358.1616468,27.645959200793698,0.02087872102856636
1749236358.1950474,27.659645867493584,0.0208244901150465
1749236358.228564,27.663072408202822,0.020657099783420563
1749236358.2619815,27.676763845586112,0.020866267383098602
1749236358.2954128,27.68704301557695,0.020277153700590134
1749236358.32879,27.696979250839526,0.020241057500243187
1749236358.3622353,27.70417609771581,0.020108381286263466
1749236358.3956485,27.71788737574943,0.01987377181649208
1749236358.4290817,27.728495910982627,0.019595937803387642
1749236358.464918,27.741507767900877,0.019251838326454163
1749236358.4983275,27.751785228626098,0.01917078346014023
1749236358.5317724,27.762391623260086,0.01892266795039177
1749236358.5651865,27.77266420843067,0.018486713990569115
1749236358.5985854,27.786357460239415,0.01836664229631424
1749236358.6319902,27.793208138568467,0.01819445565342903
1749236358.6654522,27.80347423363972,0.018044384196400642
1749236358.6988635,27.813746033528904,0.017720820382237434
1749236358.7324123,27.823681260956167,0.01766393706202507
1749236358.7724826,27.837711768896703,0.01745528168976307
1749236358.8059518,27.852427273640835,0.017094019800424576
1749236358.839359,27.862015813304875,0.017034944146871567
1749236358.8727703,27.871939950756545,0.016746629029512405
1749236358.906182,27.88255975607942,0.016628988087177277
1749236358.9396038,27.892489154191562,0.016547562554478645
1749236358.9734154,27.9024196317192,0.015898777171969414
1749236359.0068183,27.916449326399917,0.015896273776888847
1749236359.0402653,27.923291638160432,0.015791861340403557
1749236359.0738099,27.936979690347464,0.015467989258468151
1749236359.1108146,27.947243342819725,0.015246853232383728
1749236359.1442332,27.953743581464764,0.015052069909870625
1749236359.177645,27.9643555029889,0.015007533133029938
1749236359.2111917,27.974640083070383,0.014245525933802128
1749236359.2446773,27.98492153288005,0.014236445538699627
1749236359.278121,27.995191916129965,0.014099707826972008
1749236359.3116486,28.005458730773043,0.01385762169957161
1749236359.3450966,28.015723727183826,0.013431381434202194
1749236359.3785036,28.025990344838817,0.01311755832284689
1749236359.411915,28.036265577520197,0.013406973332166672
1749236359.445444,28.04653556727875,0.013068285770714283
1749236359.478843,28.056460081402584,0.012615916319191456
1749236359.51224,28.06654478826787,0.012876464985311031
1749236359.5456562,28.0713945904828,0.012209349311888218
1749236359.579116,28.078824677989857,0.01188675407320261
1749236359.6126025,28.082721789314743,0.01176411658525467
1749236359.6460865,28.08644838216429,0.01164431031793356
1749236359.679484,28.08994736011484,0.01149043533951044
1749236359.7128952,28.093201925185635,0.011483839713037014
1749236359.7463007,28.096503053424914,0.011053437367081642
1749236359.780267,28.099897607879395,0.011174177750945091
1749236359.8136728,28.103048980615984,0.010658251121640205
1749236359.8470523,28.10533033056809,0.010823649354279041
1749236359.8805683,28.109647569851095,0.010393927805125713
1749236359.9140089,28.112859791415428,0.010158560238778591
1749236359.9474783,28.116066469842664,0.010003938339650631
1749236359.9811153,28.118200481939656,0.009625987149775028
1749236360.0145016,28.122496010424946,0.009675084613263607
1749236360.0479107,28.125611913807234,0.008923834189772606
1749236360.0814419,28.12882822459837,0.008904059417545795
1749236360.1148403,28.1320388997266,0.00846225768327713
1749236360.1482558,28.134184274382758,0.007784820161759853
1749236360.1817155,28.137516926721503,0.007987967692315578
1749236360.2151396,28.140727095539475,0.007382665760815144
1749236360.248552,28.144033506367375,0.00705249048769474
1749236360.281991,28.14647219812997,0.006397776305675507
1749236360.3154142,28.151793117166985,0.005926291923969984
1749236360.3489404,28.15555659187531,0.00564140360802412
1749236360.3823404,28.159591596127804,0.00533716194331646
1749236360.4157608,28.163638315680956,0.003909241408109665
1749236360.4491925,28.16781008555263,0.0036089313216507435
1749236360.4825954,28.171771809110663,0.0028241996187716722
1749236360.516004,28.174515873940955,0.0022315536625683308
1749236360.5494387,28.17989361221726,0.001631143968552351
1749236360.5828435,28.182023601243344,1.9861794498865493e-05
1749236360.616581,28.187276163516135,-0.00019085878739133477
1749236360.6499903,28.190703097675446,-0.0009310385794378817
1749236360.68339,28.194297398455454,-0.0025690500624477863
1749236360.716793,28.198905964519188,-0.003625876735895872
1749236360.7502,28.201367856799607,-0.0035060346126556396
1749236360.7835968,28.20479690883205,-0.004679539706557989
1749236360.8169966,28.209260144272857,-0.0063303448259830475
1749236360.8504035,28.211717409930554,-0.0053136153146624565
1749236360.884317,28.215849592927018,-0.0065777539275586605
1749236360.9177675,28.21806514477625,-0.006356877740472555
1749236360.9511673,28.22227572820333,-0.008214620873332024
1749236360.984971,28.22555273475836,-0.007926646620035172
1749236361.0183403,28.227757693124655,-0.00900633167475462
1749236361.0517325,28.230760762819994,-0.010510267689824104
1749236361.0851374,28.233915447889384,-0.010476970113813877
1749236361.1185448,28.23579793891557,-0.011638613417744637
1749236361.1519535,28.238836682642113,-0.012292169965803623
1749236361.185385,28.241672444452604,-0.012311532162129879
1749236361.218813,28.243700899950746,-0.01362678874284029
1749236361.2521756,28.24656156519315,-0.013437642715871334
1749236361.285638,28.249416745774386,-0.014792175963521004
1749236361.3190365,28.252260565761393,-0.016081610694527626
1749236361.3524349,28.25501495191314,-0.015918483957648277
1749236361.3858054,28.256799782089292,-0.016343431547284126
1749236361.4192052,28.260256122651462,-0.016807235777378082
1749236361.4526153,28.26194474081812,-0.017747944220900536
1749236361.4860134,28.264453239925565,-0.018283825367689133
1749236361.5194507,28.26772592942019,-0.018813973292708397
1749236361.5529974,28.270143923107494,-0.01903250440955162
1749236361.5864356,28.271712027299827,-0.020052596926689148
1749236361.6198435,28.274098904710144,-0.020475240424275398
1749236361.6533089,28.275667781472517,-0.02095738984644413
1749236361.686763,28.27806411079823,-0.021026410162448883
1749236361.7202108,28.28022155129965,-0.021993346512317657
1749236361.7536125,28.28334173254902,-0.021546553820371628
1749236361.7870214,28.285579742824794,-0.022273769602179527
1749236361.8204198,28.28787905153062,-0.023052917793393135
1749236361.853834,28.28927376358323,-0.02295701391994953
1749236361.8872466,28.291419949373243,-0.022758232429623604
1749236361.920669,28.293557369942327,-0.023578088730573654
1749236361.9541237,28.295600607671226,-0.023242367431521416
1749236361.9950378,28.297618335516866,-0.02418677695095539
1749236362.0287833,28.300268167714936,-0.02391226775944233
1749236362.0621986,28.301551269153673,-0.02477705292403698
1749236362.0956302,28.303429693346224,-0.025362210348248482
1749236362.1292331,28.305211588459915,-0.02465689927339554
1749236362.1626463,28.307005941235232,-0.025583850219845772
1749236362.1963477,28.308717444851474,-0.025159433484077454
1749236362.2297552,28.310490777927214,-0.02593878284096718
1749236362.2631729,28.31219534438706,-0.025866113603115082
1749236362.2965765,28.313995679906043,-0.025847982615232468
1749236362.3299851,28.316301420657826,-0.026431182399392128
1749236362.3633542,28.31737542581346,-0.02628181129693985
1749236362.39676,28.319148673384777,-0.026208421215415
1749236362.4301653,28.320803526198596,-0.026703372597694397
1749236362.463582,28.32237504639433,-0.026668010279536247
1749236362.496983,28.323896351825223,-0.02685912698507309
1749236362.53071,28.325496597342884,-0.02676190249621868
1749236362.564387,28.326971003714934,-0.027227181941270828
1749236362.5978577,28.32849057364598,-0.027054067701101303
1749236362.6312594,28.330457888399813,-0.027306094765663147
1749236362.6647668,28.33147022549263,-0.027362622320652008
1749236362.698183,28.332896366491873,-0.027484508231282234
1749236362.7316842,28.334290435225288,-0.027688663452863693
1749236362.7650933,28.33565240585447,-0.027954716235399246
1749236362.7984917,28.33700749203229,-0.028310751542448997
1749236362.8319008,28.338365256934605,-0.027838462963700294
1749236362.8653064,28.339696563401137,-0.02768394723534584
1749236362.8986902,28.340567079490167,-0.027666041627526283
1749236362.9322007,28.342305175538584,-0.02837429568171501
1749236362.9656608,28.343647260832988,-0.027903161942958832
1749236362.9991455,28.344932792036463,-0.028036566451191902
1749236363.0326018,28.346123621644143,-0.02808254584670067
1749236363.0661304,28.347403115222004,-0.02820969559252262
1749236363.0997045,28.348579460289915,-0.028186174109578133
1749236363.1331275,28.34970465040602,-0.028322705999016762
1749236363.1665657,28.350842290528554,-0.02797214686870575
1749236363.199982,28.352467039583203,-0.028599247336387634
1749236363.233431,28.353589146130716,-0.02821899577975273
1749236363.2668862,28.354697511886823,-0.02852580137550831
1749236363.3003094,28.356059632585403,-0.02879250980913639
1749236363.3337255,28.357110260841907,-0.028660619631409645
1749236363.3671336,28.358133939595938,-0.028792474418878555
1749236363.4008794,28.35914456068093,-0.02888726070523262
1749236363.4342916,28.360142538889527,-0.028876587748527527
1749236363.4676943,28.361089615795507,-0.028826944530010223
1749236363.5010984,28.361733149015087,-0.029032275080680847
1749236363.534693,28.363252306094477,-0.02875645086169243
1749236363.5681965,28.363939645177673,-0.029315123334527016
1749236363.601657,28.364931028449153,-0.028880616649985313
1749236363.6350648,28.365893103701012,-0.029478808864951134
1749236363.668521,28.36679706248885,-0.028959639370441437
1749236363.7019515,28.36771304239841,-0.02925899252295494
1749236363.735386,28.368584395803296,-0.029187573119997978
1749236363.7688074,28.369681064948928,-0.02928845025599003
1749236363.8022213,28.370572539864796,-0.029143018648028374
1749236363.8356242,28.371091850563435,-0.029227763414382935
1749236363.8690584,28.372158409175526,-0.029171191155910492
1749236363.902473,28.37268343290536,-0.029242651537060738
1749236363.9358947,28.373516874658723,-0.029250970110297203
1749236363.9692943,28.373821332573215,-0.029273349791765213
1749236364.00269,28.37398261169404,-0.029286853969097137
1749236364.0361788,28.374066610481567,-0.029293188825249672
1749236364.0696046,28.374115778453024,-0.029295947402715683
1749236364.1030118,28.374138684255506,-0.02929764799773693
1749236364.1364446,28.374153035076546,-0.02930011972784996
1749236364.17047,28.374161198894,-0.02929825335741043
1749236364.210229,28.374167086648157,-0.029298994690179825
1749236364.2436845,28.374170000390066,-0.029300345107913017
1749236364.2771032,28.374172488285065,-0.0293007530272007
1749236364.310512,28.37417465003833,-0.029300933703780174
1749236364.3439171,28.37417631452956,-0.02930193953216076
1749236364.377339,28.374178426802715,-0.02930230274796486
1749236364.410696,28.374179922504407,-0.029302731156349182
1749236364.4444995,28.37418161579631,-0.02930373139679432
1749236364.477899,28.374182604236367,-0.029303928837180138
1749236364.5115294,28.37418468558301,-0.029304444789886475
1749236364.544935,28.374185811765642,-0.029305214062333107
1749236364.5783398,28.37418716345483,-0.029306257143616676
1749236364.6123426,28.37418861318826,-0.029305974021553993
1749236364.6457899,28.3741902107943,-0.02930659055709839
1749236364.6791468,28.374191871089298,-0.029307477176189423
1749236364.712557,28.37419343513179,-0.029307663440704346
1749236364.746002,28.37419555424988,-0.02930854633450508
1749236364.7794094,28.374196662917996,-0.029309093952178955
1749236364.8128405,28.374198868847348,-0.029309596866369247
1749236364.8462484,28.374200594274043,-0.02931099757552147
1749236364.879653,28.374202157928057,-0.029310746118426323
1749236364.9130576,28.374203165926794,-0.0293117668479681
1749236364.946457,28.37420473616169,-0.02931181900203228
1749236364.979857,28.374206678116444,-0.029313206672668457
1749236365.013263,28.374208300485627,-0.02931239828467369
1749236365.0466864,28.374209338991083,-0.029313912615180016
1749236365.0801363,28.374211156456816,-0.029313158243894577
1749236365.113563,28.37421283977377,-0.029314983636140823
1749236365.1469696,28.374214440320046,-0.029314544051885605
1749236365.1805062,28.374215905156582,-0.02931605651974678
1749236365.2139394,28.374217074304074,-0.029315615072846413
1749236365.2473023,28.37421871005875,-0.029317496344447136
1749236365.2806885,28.37422054911045,-0.0293163750320673
1749236365.3141434,28.374222086032727,-0.02931787073612213
1749236365.347553,28.37422369752337,-0.029318060725927353
1749236365.3810077,28.374224211656852,-0.029319576919078827
1749236365.4144154,28.37422578189144,-0.02931932546198368
1749236365.4479418,28.374226794990467,-0.029320649802684784
1749236365.4813483,28.374228260410117,-0.029320398345589638
1749236365.5147595,28.374230445130824,-0.029321962967514992
1749236365.5481172,28.374232061703182,-0.029321471229195595
1749236365.581524,28.37423378633513,-0.02932279370725155
1749236365.6149302,28.37423528909585,-0.029322050511837006
1749236365.648379,28.37423678497638,-0.029323866590857506
1749236365.681775,28.374238238146898,-0.029323123395442963
1749236365.7151837,28.37423952072558,-0.029324635863304138
1749236365.74859,28.374240614927874,-0.0293238814920187
1749236365.782003,28.374242591670043,-0.02932625263929367
1749236365.8154209,28.374244258255235,-0.029325760900974274
1749236365.848813,28.37424585418478,-0.0293266661465168
1749236365.8822174,28.374247437297683,-0.029326340183615685
1749236365.9156234,28.37424857521398,-0.02932785265147686
1749236365.9490447,28.374250142541392,-0.02932790480554104
1749236365.9825103,28.37425163762058,-0.02932922914624214
1749236366.0159972,28.374253140450893,-0.02932817116379738
1749236366.049367,28.374254957443338,-0.0293303020298481
1749236366.0828345,28.374255542834295,-0.029329974204301834
1749236366.11627,28.374257139455246,-0.029331373050808907
1749236366.149725,28.374258116671378,-0.029331045225262642
1749236366.1831348,28.37426021409379,-0.02933274395763874
1749236366.2165604,28.37426233220293,-0.029331928119063377
1749236366.2499695,28.374263927339847,-0.029333701357245445
1749236366.2833755,28.374264678628453,-0.029333267360925674
1749236366.3167799,28.374267060156484,-0.02933458983898163
1749236366.3501868,28.37426851271224,-0.02933434024453163
1749236366.3835886,28.374269494098055,-0.029335135594010353
1749236366.4170332,28.374271103015296,-0.02933524176478386
1749236366.4504147,28.374272169615267,-0.029335904866456985
1749236366.4841223,28.37427363099673,-0.029336102306842804
1749236366.5185475,28.374275213314167,-0.029336344450712204
1749236366.5519598,28.3742772749628,-0.029337557032704353
1749236366.585361,28.37427831299425,-0.029338879510760307
1749236366.6188135,28.374279950976078,-0.02933862991631031
1749236366.6522338,28.374281480496126,-0.029339425265789032
1749236366.685612,28.374282985964467,-0.02933920919895172
1749236366.7190313,28.374284943735553,-0.029340721666812897
1749236366.7524688,28.3742865992989,-0.02934028021991253
1749236366.7859423,28.374287648890984,-0.0293416790664196
1749236366.8194194,28.374289230149763,-0.029341353103518486
1749236366.8529158,28.374290725829397,-0.029342535883188248
1749236366.8864758,28.374292327591203,-0.029342425987124443
1749236366.91992,28.374294067693516,-0.02934393845498562
1749236366.953321,28.37450869413055,-0.02972504310309887
1749236366.9877746,28.37635567639492,-0.0289169754832983
1749236367.0212243,28.384412691053395,-0.026187235489487648
1749236367.0546596,28.39201739245497,-0.024112466722726822
1749236367.0880883,28.400361485304163,-0.02160891704261303
1749236367.1215215,28.409749169180223,-0.019821221008896828
1749236367.1549678,28.418768262716128,-0.017349043861031532
1749236367.1884077,28.428598881013464,-0.014895545318722725
1749236367.2218788,28.43822144276614,-0.012889453209936619
1749236367.255288,28.44916510587634,-0.009640602394938469
1749236367.2887032,28.457573337528977,-0.007489230018109083
1749236367.3221526,28.46770087075721,-0.00559289800003171
1749236367.355553,28.474205851127138,-0.002149187959730625
1749236367.3891869,28.483420842699537,-0.0017390950815752149
1749236367.4226265,28.4936027307084,0.0005394957843236625
1749236367.4560344,28.503443234814295,0.0024382236879318953
1749236367.4896219,28.513386468468685,0.0034422026947140694
1749236367.523042,28.523047107225175,0.00457756407558918
1749236367.5566206,28.530708594466827,0.006610749289393425
1749236367.5900812,28.543796723645624,0.008469934575259686
1749236367.6235251,28.553580561094538,0.009636199101805687
1749236367.6569328,28.560688796324023,0.011791401542723179
1749236367.6904385,28.574003793556507,0.012829110026359558
1749236367.7238445,28.584565516798286,0.015298143029212952
1749236367.7572455,28.59100864410607,0.016607249155640602
1749236367.790672,28.601225981180573,0.01620059460401535
1749236367.8240745,28.611096423155644,0.017721395939588547
1749236367.8574297,28.617920569056338,0.019040407612919807
1749236367.8908358,28.628542112780153,0.020525798201560974
1749236367.9242837,28.638903773833057,0.0196439977735281
1749236367.9576924,28.648934640158174,0.02168293297290802
1749236367.991116,28.659717674036607,0.02304895594716072
1749236368.0245411,28.670499308067118,0.025044335052371025
1749236368.0579708,28.680618508785457,0.02508939802646637
1749236368.091416,28.69074293068984,0.025457916781306267
1749236368.124858,28.70111719410895,0.023106396198272705
1749236368.1583254,28.71146873980401,0.018664086237549782
1749236368.1916852,28.72225367535237,0.018249953165650368
1749236368.225098,28.736166572592623,0.01603125035762787
1749236368.2585025,28.74312825469378,0.0139151094481349
1749236368.2918694,28.757446130079828,0.012466641142964363
1749236368.3252697,28.764081881016764,0.010797053575515747
1749236368.3586721,28.77803896428149,0.008958828635513783
1749236368.3921316,28.788513555527278,0.008243467658758163
1749236368.4255416,28.798594349772184,0.006071645300835371
1749236368.4589603,28.805908812417456,0.004120659548789263
1749236368.492363,28.816745053342117,0.004609472583979368
1749236368.5257704,28.826830301792974,0.0026510285679250956
1749236368.559145,28.836918229897165,0.0006040332373231649
1749236368.5961137,28.844252049570787,0.0003646075492724776
1749236368.6296415,28.858179209903952,-0.00138435501139611
1749236368.6630466,28.86861835124502,-0.003825725521892309
1749236368.6964507,28.879099554980343,-0.004334837663918734
1749236368.7299347,28.889207733671064,-0.006022898014634848
1749236368.7633348,28.900023938289106,-0.007751178927719593
1749236368.7967408,28.910156544199747,-0.008441939949989319
1749236368.8301408,28.92096344980786,-0.010986071079969406
1749236368.8636208,28.927984976244957,-0.011028585955500603
1749236368.8970287,28.938139755700824,-0.012481357902288437
1749236368.930523,28.949000503745868,-0.014318747445940971
1749236368.9639442,28.956336629339233,-0.01620473898947239
1749236368.9974794,28.969938961729248,-0.01566823571920395
1749236369.030907,28.97686539421538,-0.01908363215625286
1749236369.0643446,28.986922238140373,-0.0207483172416687
1749236369.097981,28.997994150909314,-0.019710848107933998
1749236369.1313863,29.008373747375366,-0.021976888179779053
1749236369.1647856,29.01881473873779,-0.022825371474027634
1749236369.1982193,29.02893842776443,-0.0239650160074234
1749236369.2382174,29.042605928455963,-0.024099083617329597
1749236369.271649,29.053461696468702,-0.02531244605779648
1749236369.3050265,29.06395851000275,-0.026037313044071198
1749236369.3384624,29.074435975546454,-0.026738828048110008
1749236369.3718646,29.084922231915392,-0.026417290791869164
1749236369.4055247,29.09575202068101,-0.02817525900900364
1749236369.4391396,29.105544689698796,-0.028392013162374496
1749236369.4725528,29.11603930266289,-0.02944193407893181
1749236369.5059643,29.12689466503227,-0.029513396322727203
1749236369.5395432,29.137428488167824,-0.028876226395368576
1749236369.572975,29.14409882059649,-0.029235001653432846
1749236369.6065195,29.158487469840917,-0.029022248461842537
1749236369.639926,29.170433103859267,-0.029691560193896294
1749236369.6736188,29.179222611160093,-0.029082005843520164
1749236369.7070947,29.190097305410887,-0.029286224395036697
1749236369.740543,29.200237629428386,-0.027344921603798866
1749236369.773943,29.214584409738862,-0.026500368490815163
1749236369.807431,29.22538793415253,-0.02636595629155636
1749236369.8408415,29.235465530041843,-0.023431338369846344
1749236369.8742442,29.245967326493602,-0.02176826074719429
1749236369.9077194,29.256461859182988,-0.020800236612558365
1749236369.9411347,29.266934129662722,-0.02059013396501541
1749236369.974582,29.273880106754085,-0.017931118607521057
1749236370.008031,29.288122024425743,-0.016232656314969063
1749236370.041437,29.29789955882726,-0.014974819496273994
1749236370.074901,29.308716290671615,-0.011887696571648121
1749236370.1083214,29.319232277056972,-0.010069317184388638
1749236370.141732,29.330060431484508,-0.007634290959686041
1749236370.1751833,29.34018245670421,-0.004935200326144695
1749236370.2086298,29.35069225353294,-0.003556806594133377
1749236370.2420785,29.3611699976559,-0.0009965073550119996
1749236370.276812,29.371665768966853,0.0009247019770555198
1749236370.3102262,29.38216422237381,0.0026046684943139553
1749236370.343627,29.392656118857477,0.003349186619743705
1749236370.3770404,29.403146441973863,0.0037452171090990305
1749236370.4104974,29.413645232811934,0.004967678803950548
1749236370.4439049,29.42414598422706,0.004946328699588776
1749236370.4773095,29.434632729260507,0.005824720021337271
1749236370.5106962,29.444767615851664,0.006124608684331179
1749236370.5441434,29.456295285835143,0.007151288911700249
1749236370.5787568,29.46607703056448,0.007617321331053972
1749236370.612141,29.47656037458936,0.00767057528719306
1749236370.6455615,29.483546379748354,0.008664202876389027
1749236370.678976,29.497867270380084,0.009234583005309105
1749236370.7124183,29.50764918236109,0.009967095218598843
1749236370.7459254,29.518830615512226,0.01019294559955597
1749236370.7793314,29.528960758503494,0.010590151883661747
1749236370.812905,29.53943767627429,0.01132112555205822
1749236370.846317,29.546423434919088,0.011649033054709435
1749236370.8797178,29.55725168192555,0.011555446311831474
1749236370.9131238,29.567379082190218,0.011921224184334278
1749236370.9465833,29.578205340749747,0.012364969588816166
1749236370.9799855,29.588682157073436,0.012546607293188572
1749236371.0136204,29.59880928626919,0.012640425004065037
1749236371.0470614,29.609285611179907,0.012786480598151684
1749236371.0804641,29.619761069230808,0.013249527662992477
1749236371.1138673,29.629887336965332,0.013564048334956169
1749236371.147279,29.641066213116062,0.013869278132915497
1749236371.180914,29.65119915562483,0.013193666003644466
1749236371.214423,29.665535007499408,0.013954674825072289
1749236371.2478712,29.67532214923371,0.013632056303322315
1749236371.281277,29.68265898381934,0.014052721671760082
1749236371.3146768,29.692789854160473,0.014138377271592617
1749236371.3481514,29.703970712786905,0.014220665208995342
1749236371.3815637,29.714102464278092,0.013852138072252274
1749236371.4149773,29.724581537230044,0.01393811497837305
1749236371.4484153,29.735409139471926,0.014188011176884174
1749236371.4818761,29.745537471007164,0.01404002495110035
1749236371.5152757,29.75566552438792,0.013779794797301292
1749236371.548936,29.76649186296314,0.013894802890717983
1749236371.5823343,29.777317947079762,0.013821029104292393
1749236371.6157362,29.78744447647206,0.01377910003066063
1749236371.6491437,29.797919493783933,0.013716017827391624
1749236371.6836603,29.80490274037203,0.013589284382760525
1749236371.7170873,29.811537119343754,0.013597126118838787
1749236371.7506073,29.826202218604006,0.013395700603723526
1749236371.784086,29.83597943196256,0.013290981762111187
1749236371.8174913,29.84296307755898,0.013121315278112888
1749236371.850901,29.853439082328315,0.013149460777640343
1749236371.8842998,29.86740664517593,0.012803371995687485
1749236371.9177103,29.878232038783004,0.01243512611836195
1749236371.9511232,29.88870793390476,0.012683260254561901
1749236371.984528,29.899184156929607,0.012543823570013046
1749236372.0179596,29.909659717559553,0.012261890806257725
1749236372.051361,29.91978589878117,0.012216405011713505
1749236372.087072,29.930610003411818,0.01197394821792841
1749236372.1204946,29.94108496675469,0.011716739274561405
1749236372.1540139,29.955052853997426,0.011662717908620834
1749236372.1874177,29.962036595900972,0.011613819748163223
1749236372.220823,29.97565459852117,0.011417358182370663
1749236372.254291,29.9864783338945,0.011291219852864742
1749236372.2876554,29.993810540533982,0.01118286419659853
1749236372.3211606,30.00742945928463,0.010701635852456093
1749236372.354562,30.01790619973561,0.010736535303294659
1749236372.3879387,30.028033758536886,0.010685437358915806
1749236372.421365,30.038858929690225,0.010299311950802803
1749236372.4548059,30.04584357221534,0.010302272625267506
1749236372.4882166,30.059812543217753,0.009880948811769485
1749236372.5217216,30.069939830587284,0.009370517916977406
1749236372.5551212,30.083908221080694,0.00888474564999342
1749236372.588518,30.09438420299431,0.008478560484945774
1749236372.6219182,30.10521063718215,0.008462563157081604
1749236372.6554213,30.115685786114657,0.007696540094912052
1749236372.688849,30.12581412696368,0.007787320762872696
1749236372.7224286,30.13663888634584,0.007109788246452808
1749236372.756167,30.142772908414422,0.006232830695807934
1749236372.7895772,30.14984611533068,0.006664521526545286
1749236372.8231146,30.155453216222586,0.005903714336454868
1749236372.8564825,30.15950894098494,0.005248959641903639
1749236372.8899367,30.163426194046156,0.005753141827881336
1749236372.9233696,30.16832833254199,0.005080324597656727
1749236372.956781,30.171867427726838,0.004949185997247696
1749236372.9901803,30.175060864065703,0.005667075514793396
1749236373.023587,30.178313289033202,0.004918257240206003
1749236373.0569937,30.18143140480413,0.004913092590868473
1749236373.090447,30.184751342962766,0.005490703973919153
1749236373.1239896,30.18797296573137,0.005535482428967953
1749236373.1579728,30.191215699690243,0.005484443157911301
1749236373.1916683,30.195519981357617,0.004617335740476847
1749236373.2250755,30.198847662927726,0.004977881908416748
1749236373.2584732,30.201950569691846,0.0048639955930411816
1749236373.2918782,30.206341144903178,0.0040748631581664085
1749236373.325285,30.209340086252702,0.004217096604406834
1749236373.3587258,30.212655107084444,0.004010820761322975
1749236373.3921082,30.215757215296893,0.005126573145389557
1749236373.4254646,30.220173638537396,0.005028985906392336
1749236373.4588935,30.222351415453087,0.0056172446347773075
1749236373.4923737,30.22562742697715,0.00528964027762413
1749236373.5268261,30.227706105023262,0.005331127904355526
1749236373.5602257,30.231045953803275,0.004983789753168821
1749236373.5936427,30.234224511240765,0.004064887296408415
1749236373.6270916,30.237489306830753,0.004910971038043499
1749236373.6604974,30.240480967701345,0.004111481364816427
1749236373.6939037,30.243545316088298,0.003384015988558531
1749236373.727281,30.246578987078408,0.003434628015384078
1749236373.7606883,30.250638117019264,0.0028391508385539055
1749236373.7940958,30.252493488799395,0.003099470864981413
1749236373.8274863,30.255364520765657,0.0020188302733004093
1749236373.860991,30.25818195599331,0.001228907611221075
1749236373.8943913,30.260990689554728,0.001593235065229237
1749236373.9278479,30.26375275210316,0.0006637050537392497
1749236373.961317,30.266458848472503,0.00046614519669674337
1749236373.9947321,30.269114595496976,0.0008610442164354026
1749236374.0281584,30.271638095172268,0.0007913677836768329
1749236374.0615659,30.275069298896625,0.00031045384821482003
1749236374.0949705,30.277781007685892,0.0007023923099040985
1749236374.1284156,30.280169963861304,-0.00024809635942801833
1749236374.1618664,30.28314665974796,-0.0018446381436660886
1749236374.1953237,30.285465250142344,-0.0011729294201359153
1749236374.2288485,30.287006543515393,-0.0021664847154170275
1749236374.2622764,30.28930905484809,-0.0023577127140015364
1749236374.2956727,30.29232964298314,-0.0019682247657328844
1749236374.329075,30.294561135182885,-0.00272728712297976
1749236374.3624718,30.29678526988015,-0.0031517581082880497
1749236374.3958817,30.299046604344664,-0.0025093506556004286
1749236374.4293334,30.30127354813546,-0.003233661875128746
1749236374.4628878,30.30335755118721,-0.0035190510097891092
1749236374.4963388,30.305538328949968,-0.0038145442958921194
1749236374.529744,30.3076110308942,-0.0036892471835017204
1749236374.5631502,30.30968226208687,-0.004042339511215687
1749236374.59695,30.31092364773992,-0.0049974056892097
1749236374.6304245,30.313615514660356,-0.004772283602505922
1749236374.6639442,30.315586677691584,-0.005770028568804264
1749236374.6975543,30.317627944964453,-0.005733889061957598
1749236374.7309592,30.319493254346117,-0.0074703264981508255
1749236374.764363,30.321307943720353,-0.007967757992446423
1749236374.7977738,30.32306995442734,-0.008757763542234898
1749236374.8312492,30.325486109952887,-0.009412430226802826
1749236374.864654,30.327252727738152,-0.010724706575274467
1749236374.8980658,30.328341511944867,-0.01129317656159401
1749236374.9316452,30.330031128736845,-0.011619007214903831
1749236374.966779,30.33169703855578,-0.011911839246749878
1749236375.0003703,30.333324458786507,-0.012446973472833633
1749236375.0338078,30.33545650150386,-0.01321770716458559
1749236375.0672977,30.33700212349983,-0.012970254756510258
1749236375.1007044,30.339129843606976,-0.013975619338452816
1749236375.1340976,30.34070336886975,-0.013215338811278343
1749236375.1674545,30.342326127203325,-0.0145547054708004
1749236375.2008612,30.343979935469907,-0.013996363617479801
1749236375.2342474,30.345433380172075,-0.014994439668953419
1749236375.2676506,30.347402251606127,-0.01429066527634859
1749236375.3010511,30.34880579950032,-0.015336458571255207
1749236375.3344917,30.35070063359768,-0.015421087853610516
1749236375.367861,30.35155652561587,-0.01593685708940029
1749236375.401259,30.353072953276605,-0.015615180134773254
1749236375.4346545,30.35433932562396,-0.015872659161686897
1749236375.4680572,30.355565163609366,-0.016417134553194046
1749236375.5016167,30.356868251537644,-0.016302434727549553
1749236375.5350149,30.35801537994773,-0.01659208908677101
1749236375.5686443,30.3592924824294,-0.01715726964175701
1749236375.6021397,30.36050714998667,-0.016718102619051933
1749236375.6361258,30.36167323039399,-0.016534440219402313
1749236375.669525,30.36284864367517,-0.016799330711364746
1749236375.7029486,30.363967578682452,-0.01722087524831295
1749236375.7363586,30.364738691919047,-0.017110656946897507
1749236375.769915,30.36624170912919,-0.01739698462188244
1749236375.8034015,30.367381148362586,-0.017031453549861908
1749236375.8368063,30.368479073003254,-0.017514042556285858
1749236375.8708193,30.369562327567653,-0.017015445977449417
1749236375.904467,30.37062113881745,-0.017676949501037598
1749236375.9378757,30.371701196218368,-0.017115043476223946
1749236375.9712906,30.37276631222592,-0.017823323607444763
1749236376.0047085,30.37381042562025,-0.017590530216693878
1749236376.0385628,30.374902987457517,-0.018024524673819542
1749236376.0719886,30.3758119939639,-0.017751626670360565
1749236376.1054316,30.376689936577304,-0.017924537882208824
1749236376.1390018,30.377642943040204,-0.017951900139451027
1749236376.1724014,30.37854693903781,-0.018058909103274345
1749236376.2065494,30.379436528342833,-0.01808592677116394
1749236376.2399487,30.380320764545182,-0.018524453043937683
1749236376.2733893,30.381161549294664,-0.01823159120976925
1749236376.3068063,30.382069893690282,-0.018644575029611588
1749236376.3402457,30.38293972229163,-0.018235232681035995
1749236376.373897,30.383495594891976,-0.01857881434261799
1749236376.4074929,30.38462716583024,-0.018273549154400826
1749236376.4409072,30.385403078783312,-0.018933437764644623
1749236376.4743109,30.386018887006866,-0.018524283543229103
1749236376.5077355,30.38684276728366,-0.018802626058459282
