timestamp,encoder_distance,yaw_true
1749235122.688962,8.950978989054068,-1.5986119508743286
1749235122.7889228,8.950982576519706,-1.5986117124557495
1749235122.822331,8.952538590131542,-1.5982747077941895
1749235122.8559391,8.95833151437392,-1.6014111042022705
1749235122.8893998,8.966512318059655,-1.6040006875991821
1749235122.9228134,8.975890533532885,-1.6058628559112549
1749235122.9562135,8.986241755786436,-1.607399821281433
1749235122.9896123,8.999318576929612,-1.610812783241272
1749235123.0230176,9.010190660894168,-1.6121200323104858
1749235123.0564315,9.021128950815198,-1.6140676736831665
1749235123.0900445,9.031076027549867,-1.6152324676513672
1749235123.1234496,9.04533993332616,-1.6159088611602783
1749235123.156881,9.052813840168993,-1.6180917024612427
1749235123.1903017,9.066697018220113,-1.6186423301696777
1749235123.2237039,9.07735944800138,-1.6199218034744263
1749235123.2571077,9.088381076710201,-1.6207307577133179
1749235123.2905843,9.092294120236197,-1.621514916419983
1749235123.3239973,9.10297908702464,-1.6219233274459839
1749235123.3573997,9.116865099974826,-1.6226764917373657
1749235123.390836,9.131099532155766,-1.62361478805542
1749235123.424241,9.141801832262848,-1.624293327331543
1749235123.4576385,9.15250425839595,-1.6237177848815918
1749235123.49104,9.166738464640051,-1.6252868175506592
1749235123.524442,9.177085986802151,-1.6257127523422241
1749235123.557844,9.187787259024308,-1.6257096529006958
1749235123.5912447,9.198853334738379,-1.6252155303955078
1749235123.6247196,9.209915316767992,-1.6259503364562988
1749235123.658511,9.217061351952903,-1.6255450248718262
1749235123.6919224,9.23096985059369,-1.6261203289031982
1749235123.7255373,9.24163861636858,-1.6262836456298828
1749235123.75916,9.252302512898439,-1.626061201095581
1749235123.7925591,9.262975235310106,-1.6264562606811523
1749235123.8259661,9.273645794155598,-1.626051664352417
1749235123.859375,9.283406288304652,-1.6258515119552612
1749235123.892781,9.292011209734566,-1.6262867450714111
1749235123.9261835,9.295244220023791,-1.6264944076538086
1749235123.9595928,9.300713936539825,-1.6261334419250488
1749235123.9930038,9.304366585076444,-1.6268155574798584
1749235124.026452,9.307823248936165,-1.6263833045959473
1749235124.0598507,9.312148724201762,-1.6272441148757935
1749235124.0932488,9.315521237498908,-1.627004623413086
1749235124.1266565,9.318758920871556,-1.6274751424789429
1749235124.1600704,9.321876146595772,-1.6272778511047363
1749235124.1934607,9.325200261135137,-1.6271641254425049
1749235124.2268589,9.327235544228639,-1.627529501914978
1749235124.2602549,9.330559692873269,-1.6278836727142334
1749235124.293663,9.332700714877365,-1.6279133558273315
1749235124.3270626,9.336013411268752,-1.6280843019485474
1749235124.3604374,9.339119232786585,-1.6284427642822266
1749235124.393877,9.342255796590022,-1.6280503273010254
1749235124.4272852,9.345598085666218,-1.6290498971939087
1749235124.4607115,9.349933246874327,-1.6289372444152832
1749235124.494113,9.353189492678965,-1.6296334266662598
1749235124.5275335,9.356461845048983,-1.6290696859359741
1749235124.5609462,9.359739959705484,-1.629588007926941
1749235124.5943344,9.36447825402363,-1.6299418210983276
1749235124.627785,9.368288313789638,-1.6302748918533325
1749235124.661191,9.372294185270123,-1.630791425704956
1749235124.6945672,9.37619686064578,-1.6307090520858765
1749235124.7280333,9.380070393108706,-1.631853699684143
1749235124.7614396,9.383941472010438,-1.6314702033996582
1749235124.7948866,9.387756743665602,-1.6324197053909302
1749235124.828287,9.391558132134426,-1.632235050201416
1749235124.8617194,9.396484755850434,-1.6330527067184448
1749235124.8951206,9.400096774537463,-1.6335185766220093
1749235124.9285007,9.402467260495808,-1.6339707374572754
1749235124.962051,9.405862467616931,-1.6342027187347412
1749235124.9955668,9.410506989246752,-1.6357828378677368
1749235125.0289693,9.413881389190202,-1.6364578008651733
1749235125.0625868,9.416125228658025,-1.6360950469970703
1749235125.0960693,9.418210082904567,-1.6364209651947021
1749235125.1295595,9.421595021615877,-1.6377770900726318
1749235125.1630101,9.42470493695402,-1.637176752090454
1749235125.1964092,9.42903926638266,-1.6382075548171997
1749235125.2301917,9.432037212275118,-1.6384943723678589
1749235125.2635953,9.435095916632548,-1.6381216049194336
1749235125.2970006,9.438085538398761,-1.6383615732192993
1749235125.3304071,9.440998581300224,-1.6397608518600464
1749235125.3638637,9.443812351853163,-1.6401121616363525
1749235125.3972955,9.446711711861724,-1.6399530172348022
1749235125.4307878,9.449563725858924,-1.6412885189056396
1749235125.4644616,9.452220420859005,-1.6415454149246216
1749235125.497874,9.454913825623306,-1.6413171291351318
1749235125.5313294,9.457562526830717,-1.6423019170761108
1749235125.5648913,9.460198364737776,-1.6416876316070557
1749235125.5984995,9.46194185115594,-1.6424576044082642
1749235125.6319697,9.464447892730622,-1.642503261566162
1749235125.665373,9.467067716131082,-1.642601728439331
1749235125.6988766,9.470383078641527,-1.6427723169326782
1749235125.7326126,9.472023001651118,-1.6425029039382935
1749235125.7660244,9.475425877658052,-1.642413854598999
1749235125.7995105,9.477564783625336,-1.6430606842041016
1749235125.833009,9.47990793572331,-1.642905354499817
1749235125.866416,9.482291865396007,-1.643489956855774
1749235125.901339,9.483731782760863,-1.6433953046798706
1749235125.934715,9.487442981054622,-1.6434780359268188
1749235125.9681442,9.48970888161616,-1.6430717706680298
1749235126.001912,9.49257367343499,-1.6429935693740845
1749235126.036271,9.493978769182421,-1.6436129808425903
1749235126.0696208,9.49673598136937,-1.6435221433639526
1749235126.1030192,9.498821828287166,-1.6434645652770996
1749235126.1364257,9.50076648933585,-1.6437610387802124
1749235126.1698325,9.503391825690024,-1.6435426473617554
1749235126.2033763,9.504673199743765,-1.6431989669799805
1749235126.2367804,9.50654935538189,-1.6427490711212158
1749235126.270186,9.5084192761024,-1.6434955596923828
1749235126.3036425,9.510275532931535,-1.643038272857666
1749235126.3370419,9.512213169156647,-1.6425106525421143
1749235126.370806,9.513930120502822,-1.64302659034729
1749235126.4043026,9.515635341960788,-1.6431949138641357
1749235126.4387085,9.517933516152373,-1.6433576345443726
1749235126.472117,9.519568628047246,-1.6430482864379883
1749235126.505605,9.521331810267228,-1.643572449684143
1749235126.5391018,9.523095608943077,-1.6427521705627441
1749235126.5725095,9.524715450937856,-1.6432054042816162
1749235126.6060364,9.526344099854663,-1.6426502466201782
1749235126.6394234,9.528034115359269,-1.6433682441711426
1749235126.6728728,9.52961573047565,-1.6428117752075195
1749235126.7062824,9.531146630264754,-1.6432279348373413
1749235126.7398086,9.532715732363368,-1.6433111429214478
1749235126.773207,9.534683079315748,-1.6426794528961182
1749235126.8066344,9.53609009178873,-1.6432231664657593
1749235126.8400533,9.537542996043454,-1.6425535678863525
1749235126.8734522,9.538462385362754,-1.6431686878204346
1749235126.9068298,9.540751459063669,-1.6425951719284058
1749235126.9402392,9.542055846808836,-1.6430455446243286
1749235126.9737597,9.54384874690189,-1.6425913572311401
1749235127.00719,9.545130603099802,-1.6424930095672607
1749235127.0406783,9.545972632994534,-1.6428343057632446
1749235127.0741491,9.54721930633572,-1.6424139738082886
1749235127.1075487,9.548491436237429,-1.6423231363296509
1749235127.1409516,9.549621159077065,-1.642053484916687
1749235127.1743617,9.551260236462367,-1.6420137882232666
1749235127.207784,9.55208969853105,-1.6417304277420044
1749235127.2412808,9.553630218770879,-1.6422332525253296
1749235127.2746549,9.55478666583435,-1.6417882442474365
1749235127.3080928,9.555882758376654,-1.64164137840271
1749235127.3415058,9.557036745443607,-1.6419281959533691
1749235127.3750892,9.55813198310076,-1.641502022743225
1749235127.408547,9.55921291436874,-1.6418287754058838
1749235127.4419534,9.56026210181862,-1.6415752172470093
1749235127.4755976,9.561273689705024,-1.6413429975509644
1749235127.5090568,9.562009033844628,-1.6415281295776367
1749235127.5424573,9.56270727411322,-1.641303539276123
1749235127.5758605,9.564027198380927,-1.6413931846618652
1749235127.6092594,9.565003458096486,-1.6411683559417725
1749235127.6426988,9.565990055470905,-1.6412618160247803
1749235127.6760712,9.56692597531536,-1.6413053274154663
1749235127.7095175,9.56781373494293,-1.6413586139678955
1749235127.7429163,9.56874578266327,-1.6409950256347656
1749235127.7763233,9.569643961725752,-1.6412266492843628
1749235127.8097346,9.570536464697875,-1.64068603515625
1749235127.8431983,9.571423567586711,-1.641006350517273
1749235127.8766046,9.572278215667854,-1.6408623456954956
1749235127.9100113,9.573080924059807,-1.6406140327453613
1749235127.9442918,9.57394320766385,-1.6409744024276733
1749235127.9777288,9.575013817576425,-1.640304446220398
1749235128.0111337,9.575877098500163,-1.6408342123031616
1749235128.044707,9.576680889530282,-1.6403332948684692
1749235128.0782263,9.577438119913069,-1.640460729598999
1749235128.1116388,9.578115264297262,-1.6402357816696167
1749235128.1450443,9.578583498747436,-1.6402525901794434
1749235128.1784875,9.578762985592048,-1.640236735343933
1749235128.2118998,9.57886517723419,-1.6402875185012817
1749235128.2456763,9.578935707502886,-1.6402500867843628
1749235128.2790794,9.578969816868227,-1.6402140855789185
1749235128.3128452,9.578994224859834,-1.6402157545089722
1749235128.3465815,9.579006163385277,-1.6402124166488647
1749235128.3799949,9.57902077701296,-1.6402242183685303
1749235128.4134178,9.579028359717693,-1.6402485370635986
1749235128.4468157,9.579029675692928,-1.6402369737625122
1749235128.4830937,9.579031722161497,-1.640242099761963
1749235128.516528,9.579035215018001,-1.6402499675750732
1749235128.549946,9.579039552322222,-1.640257477760315
1749235128.5833454,9.579044048551852,-1.6402592658996582
1749235128.616779,9.579046984674324,-1.640262246131897
1749235128.650188,9.579048561294979,-1.6402587890625
1749235128.6835976,9.579057547407842,-1.6402615308761597
1749235128.7171073,9.579054271242224,-1.6402531862258911
1749235128.7505062,9.579054902959943,-1.6402493715286255
1749235128.7840047,9.579059864878994,-1.6402617692947388
1749235128.8174133,9.579064011989404,-1.6402555704116821
1749235128.8508425,9.57907131688134,-1.6402204036712646
1749235128.884238,9.579079029971956,-1.640267252922058
1749235128.9176002,9.579082185456592,-1.6402615308761597
1749235128.9510612,9.579087404284712,-1.6402513980865479
1749235128.9844902,9.579099217939119,-1.640250563621521
1749235129.0179968,9.579092423585422,-1.6402361392974854
1749235129.0514379,9.579099004268762,-1.6402517557144165
1749235129.084971,9.57909913461181,-1.6402428150177002
1749235129.1183846,9.579101376557139,-1.6402510404586792
1749235129.15179,9.579101999267571,-1.6402479410171509
1749235129.1852396,9.579104451590524,-1.6402504444122314
1749235129.2186284,9.579106370806944,-1.6402511596679688
1749235129.2520328,9.579108156125356,-1.640249252319336
1749235129.2853913,9.579112712721214,-1.6402575969696045
1749235129.3188035,9.579111526820414,-1.6402451992034912
1749235129.3523233,9.57911842853786,-1.6402561664581299
1749235129.3857286,9.579112845330851,-1.6402392387390137
1749235129.4191983,9.579117455087589,-1.6402331590652466
1749235129.452709,9.579119882780697,-1.6402349472045898
1749235129.4860747,9.57912729457001,-1.6402580738067627
1749235129.5194721,9.579128627815336,-1.6402511596679688
1749235129.552931,9.57913298721167,-1.6402534246444702
1749235129.5864332,9.579133611149347,-1.640244483947754
1749235129.619891,9.579134098498365,-1.6402459144592285
1749235129.653442,9.57913604503216,-1.6402493715286255
1749235129.686839,9.579140883277901,-1.6402575969696045
1749235129.7203505,9.579139462754116,-1.6402587890625
1749235129.7537613,9.579146992881805,-1.6402658224105835
1749235129.7872472,9.579144956836203,-1.6402597427368164
1749235129.8206623,9.579148530903195,-1.6402589082717896
1749235129.8540716,9.579150518608033,-1.640259861946106
1749235129.8874848,9.57915169667277,-1.6402593851089478
1749235129.921099,9.579153413577206,-1.6402604579925537
1749235129.9544954,9.579155060942316,-1.640261173248291
1749235129.9880953,9.579161626724428,-1.640272855758667
1749235130.0215015,9.579159565304916,-1.6402653455734253
1749235130.0549624,9.579170834395034,-1.6402994394302368
1749235130.0883834,9.579168107417576,-1.6402957439422607
1749235130.1217978,9.579177791373054,-1.6403182744979858
1749235130.155212,9.579173989120175,-1.640297532081604
1749235130.1887236,9.579177874542838,-1.6403050422668457
1749235130.2221313,9.57917982515998,-1.6403073072433472
1749235130.255531,9.57918336050191,-1.6403223276138306
1749235130.2889361,9.579183580606477,-1.6403206586837769
1749235130.3223343,9.579188137531496,-1.64033043384552
1749235130.3557577,9.579192441626118,-1.6403210163116455
1749235130.3891878,9.579192288631647,-1.6403229236602783
1749235130.4225879,9.579204271848864,-1.6403367519378662
1749235130.4559808,9.579201988523764,-1.6403788328170776
1749235130.4895914,9.579211557397839,-1.6403510570526123
1749235130.5230384,9.579207085667178,-1.6403591632843018
1749235130.5564394,9.579214978878982,-1.6403422355651855
1749235130.589861,9.579211586798552,-1.6403112411499023
1749235130.6232595,9.57921611811037,-1.6403095722198486
1749235130.6566687,9.57921900234546,-1.6403143405914307
1749235130.690115,9.57922100408401,-1.640326976776123
1749235130.7235272,9.57922106655286,-1.6403253078460693
1749235130.7569368,9.579223526251885,-1.6403241157531738
1749235130.790337,9.579226889585199,-1.640323281288147
1749235130.8237422,9.579227756647057,-1.6403230428695679
1749235130.8572574,9.579229881066652,-1.6403223276138306
1749235130.890666,9.579231366014982,-1.6403234004974365
1749235130.9240847,9.579234754160394,-1.6403263807296753
1749235130.957493,9.579239958042386,-1.6403415203094482
1749235130.9908638,9.579237343080116,-1.6403412818908691
1749235131.0244753,9.57924665146313,-1.6403510570526123
1749235131.0578809,9.579243655195198,-1.6403448581695557
1749235131.0913064,9.579245868368638,-1.6403508186340332
1749235131.1274924,9.579246999813074,-1.6403511762619019
1749235131.1608958,9.579925524852158,-1.6400065422058105
1749235131.1943834,9.583612864830979,-1.6407915353775024
1749235131.227958,9.588621544939695,-1.637410044670105
1749235131.261515,9.594405437274101,-1.6325740814208984
1749235131.298327,9.599232905911315,-1.6279112100601196
1749235131.3317413,9.606020415546055,-1.6250616312026978
1749235131.3651478,9.613211848669255,-1.6195616722106934
1749235131.3985872,9.620649171191996,-1.6145226955413818
1749235131.4319932,9.628222428837853,-1.6102521419525146
1749235131.4654045,9.635789652858275,-1.6048541069030762
1749235131.4988277,9.643453750415109,-1.6002192497253418
1749235131.5322359,9.651073370373759,-1.5941134691238403
1749235131.5657427,9.658583243506433,-1.5884873867034912
1749235131.5991414,9.669184090630878,-1.5839847326278687
1749235131.632601,9.677059909719045,-1.5770177841186523
1749235131.6660697,9.684684690410975,-1.5731241703033447
1749235131.6996014,9.692702714491357,-1.5674479007720947
1749235131.7330208,9.700043274984788,-1.5617659091949463
1749235131.7664194,9.708050650660065,-1.5578458309173584
1749235131.799907,9.715804321505416,-1.5523487329483032
1749235131.8333037,9.723384165517409,-1.5467722415924072
1749235131.8666987,9.731520327115511,-1.5426735877990723
1749235131.9003444,9.742186336756275,-1.5391978025436401
1749235131.9337559,9.750025657324352,-1.536076545715332
1749235131.9671826,9.758480539266367,-1.532072901725769
1749235132.0027013,9.763754513310836,-1.529473900794983
1749235132.0363462,9.775541777957391,-1.5260359048843384
1749235132.06982,9.783802549375789,-1.5232772827148438
1749235132.1032197,9.79238029560168,-1.5193175077438354
1749235132.1366696,9.800804291419253,-1.5168297290802002
1749235132.1701355,9.809504127202295,-1.5115106105804443
1749235132.2035477,9.821532137998526,-1.5084494352340698
1749235132.23726,9.830719937791383,-1.5057801008224487
1749235132.270667,9.839311934246606,-1.5013225078582764
1749235132.3068619,9.851218694719343,-1.498044729232788
1749235132.3402834,9.856859157038913,-1.4931483268737793
1749235132.3736944,9.868776366121956,-1.491073489189148
1749235132.4070942,9.87797186026037,-1.487068772315979
1749235132.4405107,9.886863927450094,-1.4831888675689697
1749235132.4739153,9.89548240867879,-1.479923129081726
1749235132.507349,9.904728091255238,-1.4757609367370605
1749235132.540826,9.91631665558055,-1.472119688987732
1749235132.574383,9.925208464128033,-1.4684234857559204
1749235132.6096473,9.934299840183922,-1.4633355140686035
1749235132.6431212,9.93993536228854,-1.4600924253463745
1749235132.6765368,9.948704214315217,-1.4551334381103516
1749235132.7106998,9.95746578795057,-1.451468825340271
1749235132.7440488,9.969337565205969,-1.4470964670181274
1749235132.777538,9.97792971061222,-1.4422872066497803
1749235132.8109396,9.986223701663857,-1.4384665489196777
1749235132.8446085,9.997715394934348,-1.4312585592269897
1749235132.8780303,10.005993271856617,-1.4255882501602173
1749235132.9114583,10.014125474238963,-1.4192416667938232
1749235132.944861,10.022435695384855,-1.4130923748016357
1749235132.97831,10.030079778078237,-1.406978726387024
1749235133.0117648,10.04058720823545,-1.399644136428833
1749235133.045121,10.048142726790177,-1.3944214582443237
1749235133.078527,10.058737286043634,-1.3867666721343994
1749235133.1119292,10.06617054730858,-1.3810451030731201
1749235133.146128,10.073832500076646,-1.3732044696807861
1749235133.1797652,10.081751049377567,-1.3672771453857422
1749235133.2133803,10.089313243393335,-1.3628654479980469
1749235133.246788,10.096955096728058,-1.3574495315551758
1749235133.2801917,10.104309598302313,-1.3520652055740356
1749235133.3139083,10.111911414297627,-1.3445765972137451
1749235133.347341,10.119514824894189,-1.3408422470092773
1749235133.3811727,10.129904065026881,-1.3331570625305176
1749235133.4146779,10.137507287495865,-1.3275426626205444
1749235133.4480932,10.145109531674326,-1.3219250440597534
1749235133.481503,10.152459011164455,-1.3164948225021362
1749235133.5148997,10.16056883042151,-1.310503363609314
1749235133.5483031,10.167918543679955,-1.30507493019104
1749235133.5817068,10.175521847388854,-1.2994567155838013
1749235133.615118,10.183125031833978,-1.2938342094421387
1749235133.648532,10.190728319619602,-1.28821861743927
1749235133.681949,10.198331640089842,-1.2826049327850342
1749235133.7155826,10.203653579748856,-1.276985764503479
1749235133.7492266,10.213538230890194,-1.2713664770126343
1749235133.7826302,10.221141642838397,-1.265749216079712
1749235133.8160336,10.228745026833469,-1.2601332664489746
1749235133.8496623,10.2363482232517,-1.2528266906738281
1749235133.8830674,10.243697704247472,-1.249078631401062
1749235133.916568,10.251554778487812,-1.2432732582092285
1749235133.9499428,10.258904225338807,-1.2378417253494263
1749235133.9837995,10.266761339000277,-1.232038140296936
1749235134.0172012,10.274111210199868,-1.224730134010315
1749235134.0508711,10.284502841027788,-1.2189254760742188
1749235134.0844347,10.291852580875554,-1.213493824005127
1749235134.11797,10.29970930870773,-1.2076857089996338
1749235134.1513584,10.30477820813428,-1.2039397954940796
1749235134.1847603,10.312635107294518,-1.1981301307678223
1749235134.2181735,10.31973157412773,-1.1928861141204834
1749235134.2515996,10.327588649151743,-1.1870801448822021
1749235134.284999,10.335191717890439,-1.1814602613449097
1749235134.3184526,10.342794944484545,-1.1758393049240112
1749235134.3546932,10.352932879809613,-1.1683459281921387
1749235134.388108,10.355467467504234,-1.1627248525619507
1749235134.4215178,10.368139361194556,-1.1571043729782104
1749235134.4551249,10.375743068976652,-1.1514850854873657
1749235134.488525,10.38055863899629,-1.147921085357666
1749235134.5218952,10.388161858926745,-1.140241265296936
1749235134.5553122,10.398806389710742,-1.1344300508499146
1749235134.5887172,10.4061564339009,-1.1289966106414795
1749235134.6221464,10.413759572018419,-1.123376727104187
1749235134.6556458,10.421363027557133,-1.1177560091018677
1749235134.689089,10.428966275282601,-1.1121329069137573
1749235134.7225552,10.43656958622067,-1.1065131425857544
1749235134.7560585,10.44417301312205,-1.1008923053741455
1749235134.789461,10.451775962792247,-1.0952688455581665
1749235134.822866,10.459379355577715,-1.0896432399749756
1749235134.8563495,10.46723592799315,-1.082150936126709
1749235134.8898025,10.477120352215533,-1.0765278339385986
1749235134.9231992,10.487257342613296,-1.0690253973007202
1749235134.956612,10.495114294290353,-1.0632177591323853
1749235134.990126,10.502463633856216,-1.0577772855758667
1749235135.023604,10.510066602250474,-1.0521519184112549
1749235135.0570087,10.515135148959132,-1.046532392501831
1749235135.090528,10.52324457023176,-1.0409051179885864
1749235135.1239524,10.532874967199573,-1.035282015800476
1749235135.1573493,10.540477720154877,-1.029658317565918
1749235135.1908474,10.548080358004636,-1.0240334272384644
1749235135.2242868,10.55593667698705,-1.0182245969772339
1749235135.2576869,10.563285589359813,-1.0127848386764526
1749235135.2910953,10.571141592679105,-1.0069689750671387
1749235135.324498,10.578481109646068,-1.0016322135925293
1749235135.3578994,10.585977315307211,-0.9949764609336853
1749235135.3913019,10.595855754806646,-0.9881846904754639
1749235135.4247403,10.603627205786216,-0.9819421172142029
1749235135.4582014,10.6111647681687,-0.9760422706604004
1749235135.4916105,10.621012066851916,-0.9691773653030396
1749235135.5250201,10.628801723768174,-0.9628677368164062
1749235135.5584314,10.636226442339877,-0.9590446949005127
1749235135.5918481,10.643965823097272,-0.9526368379592896
1749235135.6252515,10.651557195559029,-0.9471552968025208
1749235135.658653,10.656621253181894,-0.9434635639190674
1749235135.6920588,10.666897448600345,-0.9360427260398865
1749235135.725458,10.674253832350557,-0.9282227754592896
1749235135.7588599,10.681506184326613,-0.9228189587593079
1749235135.7923777,10.691796592229151,-0.9161337018013
1749235135.8257468,10.696880522183678,-0.9127269983291626
1749235135.859154,10.706918509444717,-0.9051670432090759
1749235135.8925583,10.714343107896754,-0.8978154063224792
1749235135.925959,10.72205695048074,-0.894334077835083
1749235135.9593658,10.729446730997742,-0.885187029838562
1749235135.9927845,10.739210683408,-0.8799169659614563
1749235136.0261965,10.746465199600326,-0.8696593046188354
1749235136.0598428,10.75681544558849,-0.8641517758369446
1749235136.0932598,10.764066795446816,-0.8583331108093262
1749235136.1266763,10.771505293776713,-0.8513758182525635
1749235136.1601186,10.779288064659262,-0.8454092741012573
1749235136.1935656,10.783883012396384,-0.8399943113327026
1749235136.2269752,10.791259292347815,-0.8323350548744202
1749235136.26034,10.801291513631224,-0.8189517855644226
1749235136.293845,10.808203292142396,-0.8115179538726807
1749235136.3272657,10.81328747414609,-0.8015629649162292
1749235136.3606691,10.822835166934757,-0.7939356565475464
1749235136.3940718,10.83004931004487,-0.782454252243042
1749235136.4274757,10.837615978325962,-0.7767801880836487
1749235136.4608784,10.844398751651282,-0.7673326730728149
1749235136.494295,10.851392704451218,-0.757777988910675
1749235136.527718,10.858434662938171,-0.7504282593727112
1749235136.5611238,10.865152225813336,-0.7389343976974487
1749235136.5945473,10.872482033378152,-0.7280723452568054
1749235136.627989,10.877117105375655,-0.7204076051712036
1749235136.66141,10.881709666367977,-0.7087433338165283
1749235136.6948185,10.89122773806823,-0.697180986404419
1749235136.7282796,10.897899871716575,-0.6785988807678223
1749235136.761718,10.904855922140161,-0.6695997714996338
1749235136.7951832,10.91202714389968,-0.655406653881073
1749235136.828592,10.920997921978623,-0.6371142864227295
1749235136.8620133,10.927939292787752,-0.6230509877204895
1749235136.8953934,10.934884894191384,-0.6089504361152649
1749235136.9288404,10.941836957098218,-0.5948235392570496
1749235136.967406,10.950886568055482,-0.5764622688293457
1749235137.000815,10.958082155383886,-0.5618502497673035
1749235137.0343535,10.965049063182141,-0.5477055907249451
1749235137.067771,10.969694413583492,-0.5330857038497925
1749235137.1012156,10.978988522672786,-0.519407331943512
1749235137.1346433,10.985960159287625,-0.5052544474601746
1749235137.168068,10.995257343946449,-0.4863804578781128
1749235137.2014797,11.001999142399008,-0.4726952910423279
1749235137.234887,11.009206611794875,-0.45334240794181824
1749235137.268295,11.016182760629135,-0.4438994824886322
1749235137.3017092,11.02551390385278,-0.4250589907169342
1749235137.338956,11.032612375939385,-0.41145020723342896
1749235137.3723724,11.037281512437856,-0.40219035744667053
1749235137.4057834,11.04654671062581,-0.38328123092651367
1749235137.439232,11.053309093220694,-0.36962056159973145
1749235137.4726462,11.060629547646561,-0.3554697334766388
1749235137.506094,11.065023997558317,-0.3417181372642517
1749235137.5395434,11.072763771801066,-0.334536075592041
1749235137.5729494,11.079595138084311,-0.32105743885040283
1749235137.6064084,11.086501195460126,-0.30738237500190735
1749235137.6398315,11.093730321338102,-0.29710057377815247
1749235137.6732543,11.098547731534083,-0.281762033700943
1749235137.7066696,11.107519297328665,-0.26535889506340027
1749235137.7400944,11.117112832354612,-0.2575035095214844
1749235137.773515,11.123954277244293,-0.24524028599262238
1749235137.8069232,11.130805535654494,-0.2355067878961563
1749235137.8403249,11.135369529482364,-0.22189238667488098
1749235137.873735,11.14496862059421,-0.2124161422252655
1749235137.9071805,11.15234417368688,-0.20433565974235535
1749235137.9405794,11.156753991693625,-0.19274261593818665
1749235137.9740407,11.166329441763844,-0.18318770825862885
1749235138.0075924,11.171202966469675,-0.17404474318027496
1749235138.040993,11.178351056663873,-0.1663358062505722
1749235138.074461,11.185655544437978,-0.15934282541275024
1749235138.1078594,11.193238548597053,-0.14930593967437744
1749235138.141265,11.200091574268699,-0.13948695361614227
1749235138.1746237,11.207630708999687,-0.13308046758174896
1749235138.208042,11.214283360567013,-0.12266270816326141
1749235138.2414498,11.221532805542465,-0.11658111214637756
1749235138.2748427,11.229690766349341,-0.1141180768609047
1749235138.3082511,11.238320832698765,-0.1074649766087532
1749235138.3416874,11.247772507933227,-0.10143668204545975
1749235138.3750904,11.256330048729593,-0.09560683369636536
1749235138.4084907,11.262361191919224,-0.08935359865427017
1749235138.4418805,11.267505899943323,-0.08534345030784607
1749235138.4752996,11.27196482563052,-0.08127672970294952
1749235138.5087366,11.278192234113288,-0.07760211825370789
1749235138.5421734,11.285643404122238,-0.07067274302244186
1749235138.5755808,11.294769954674837,-0.06577674299478531
1749235138.6089435,11.304382381287798,-0.061333995312452316
1749235138.6423895,11.317528718449712,-0.05416343733668327
1749235138.6757877,11.327927825323835,-0.04993407428264618
1749235138.7091844,11.338219514907724,-0.04367375746369362
1749235138.7425869,11.345086835038181,-0.03599342703819275
1749235138.7759697,11.35953044291813,-0.03041924349963665
1749235138.8093731,11.370114290028793,-0.025761274620890617
1749235138.8427904,11.380800122295526,-0.018312422558665276
1749235138.8761969,11.391432003693412,-0.013449419289827347
1749235138.9096296,11.401630618390998,-0.0074747526086866856
1749235138.9430492,11.411845393254797,0.0012740498641505837
1749235138.9764552,11.426126789433285,0.009286477230489254
1749235139.0098107,11.436734657486111,0.01130846980959177
1749235139.0432622,11.446920163508079,0.011273102834820747
1749235139.0766807,11.461172852041,0.016474464908242226
1749235139.11014,11.46849148110147,0.020122788846492767
1749235139.1435394,11.478782370843712,0.02154705487191677
1749235139.1769383,11.492923110957769,0.024976735934615135
1749235139.2103417,11.503565458120335,0.027740560472011566
1749235139.2438579,11.517827750320075,0.02959568426012993
1749235139.2772167,11.528456752849703,0.032059986144304276
1749235139.310625,11.538717418240507,0.03468203917145729
1749235139.344033,11.553155807137953,0.0347212590277195
1749235139.3774369,11.563716937403834,0.038293398916721344
1749235139.4108498,11.577865492161918,0.039657142013311386
1749235139.444257,11.585240846926302,0.04249792546033859
1749235139.477702,11.59885209683785,0.043680936098098755
1749235139.5111551,11.6093149930675,0.0399647131562233
1749235139.5445647,11.619743547055823,0.0414106659591198
1749235139.5781274,11.630199733352063,0.04409465938806534
1749235139.6115217,11.640735552333586,0.043786030262708664
1749235139.6449442,11.650497529552565,0.044107384979724884
1749235139.6784883,11.657205485955995,0.04501461982727051
1749235139.7119315,11.664068733267111,0.04678577557206154
1749235139.745375,11.668181333376925,0.04636174067854881
1749235139.7787766,11.670668295500743,0.04642552509903908
1749235139.8122213,11.675337342316325,0.04788557067513466
1749235139.8456538,11.67865459724318,0.04814217612147331
1749235139.8792577,11.681897146877041,0.04741785302758217
1749235139.9126635,11.685123190874167,0.048505011945962906
1749235139.946132,11.68839165382193,0.04813278466463089
1749235139.9795406,11.691634860562885,0.04862355813384056
1749235140.0131621,11.69485607743851,0.049391452223062515
1749235140.0465713,11.698066585957015,0.049595631659030914
1749235140.079983,11.701404851828418,0.04914223030209541
1749235140.1133804,11.704402996649302,0.049927718937397
1749235140.1468382,11.707600854187229,0.05094059184193611
1749235140.18024,11.71090966801962,0.051476478576660156
1749235140.213669,11.714104480380735,0.05055617913603783
1749235140.2470703,11.717310337155352,0.05069555342197418
1749235140.2810833,11.719529885721942,0.05198560282588005
1749235140.3144882,11.723547246590153,0.051177844405174255
1749235140.348057,11.726721054698796,0.05171867460012436
1749235140.3820925,11.730119674204692,0.05184166505932808
1749235140.4154994,11.734276228326516,0.05151183158159256
1749235140.4506366,11.734276228326516,0.05151183158159256
1749235140.48404,11.739608775475414,0.05177680775523186
1749235140.5174382,11.742919751916508,0.05166471004486084
1749235140.5514023,11.746445368513898,0.05146799236536026
1749235140.5848231,11.750244266011954,0.05231548845767975
1749235140.6182234,11.755477535520065,0.05166101083159447
1749235140.651867,11.759445800145055,0.05207931622862816
1749235140.6853068,11.763246055948697,0.051436468958854675
1749235140.7186959,11.767135448547252,0.05128975585103035
1749235140.7521255,11.769959939164986,0.05118891969323158
1749235140.7855275,11.774969536554952,0.050481606274843216
1749235140.8189585,11.7786087884053,0.05099603161215782
1749235140.8523858,11.78238390942635,0.04911640286445618
1749235140.8857841,11.78602738259358,0.050057921558618546
1749235140.9192514,11.790878626154237,0.049848321825265884
1749235140.9528332,11.794373139966854,0.05098026990890503
1749235140.9862432,11.797767448866836,0.050112053751945496
1749235141.0196574,11.801123915537042,0.04934750869870186
1749235141.053072,11.804329588532443,0.04883245378732681
1749235141.0864913,11.807690313869875,0.0474211722612381
1749235141.119978,11.810900673914253,0.048562414944171906
1749235141.1534245,11.813923860072206,0.047315001487731934
1749235141.1868265,11.816931222500742,0.04574524238705635
1749235141.2202396,11.819974761260315,0.045943763107061386
1749235141.2538671,11.822963201062157,0.04467020556330681
1749235141.2874796,11.824937468255639,0.04589506983757019
1749235141.3209321,11.828715902465976,0.044234100729227066
1749235141.3543453,11.831748789827726,0.04439909756183624
1749235141.387761,11.834624704100804,0.04391835257411003
1749235141.4217842,11.838294672674607,0.04378048703074455
1749235141.455192,11.841072894060643,0.042850788682699203
1749235141.4886239,11.843988483135801,0.04319104924798012
1749235141.5220504,11.846702094355196,0.04164829105138779
1749235141.5554502,11.8493756514514,0.04209884628653526
1749235141.5889173,11.851883779507778,0.040228527039289474
1749235141.622393,11.852637517037492,0.039195068180561066
1749235141.656952,11.856018112216335,0.03910289704799652
1749235141.6903532,11.857835668256676,0.03840296342968941
1749235141.7238193,11.860312600967264,0.03890862688422203
1749235141.7572327,11.8633017373944,0.0386948399245739
1749235141.7906616,11.864797359131439,0.036731231957674026
1749235141.82768,11.86698286692392,0.03506971150636673
1749235141.8610778,11.870961350152802,0.034659285098314285
1749235141.8945427,11.872140821322553,0.031633708626031876
1749235141.9279437,11.875266810461277,0.03353866934776306
1749235141.961344,11.877822452788447,0.0317857451736927
1749235141.9947567,11.880046729989724,0.031958360224962234
1749235142.0281591,11.882181730723705,0.030723240226507187
1749235142.0615733,11.88436353005049,0.031194273382425308
1749235142.0949793,11.88627637777464,0.028623921796679497
1749235142.1283894,11.887652093964988,0.028617126867175102
1749235142.1617985,11.889695604190395,0.029371552169322968
1749235142.195202,11.891985865746097,0.02766845002770424
1749235142.228788,11.893741343409593,0.026638906449079514
1749235142.2622306,11.895662460077332,0.026425404474139214
1749235142.2956142,11.897502311859485,0.026067789644002914
1749235142.329016,11.899232484592396,0.024066489189863205
1749235142.3624501,11.90097633719482,0.02399650774896145
1749235142.3958561,11.902772905871023,0.023344416171312332
1749235142.4292772,11.903919782831123,0.022425275295972824
1749235142.4627237,11.906215455798508,0.02246677875518799
1749235142.4961839,11.90784600788947,0.022299114614725113
1749235142.532747,11.909548454617326,0.021670494228601456
1749235142.566225,11.91122182086087,0.021827543154358864
1749235142.5996258,11.913431340844488,0.020495930686593056
1749235142.6330261,11.915108218243722,0.02074557915329933
1749235142.6664193,11.916153564559476,0.020196445286273956
1749235142.6998281,11.917700987863725,0.019245902076363564
1749235142.7332594,11.919311789616863,0.020325105637311935
1749235142.7666886,11.921238858154805,0.019085992127656937
1749235142.8001366,11.922681054093845,0.017586998641490936
1749235142.8335924,11.924140513985513,0.019120588898658752
1749235142.8669987,11.925558440450756,0.01800798624753952
1749235142.9004002,11.926713750050164,0.018427308648824692
1749235142.9337993,11.928156782229019,0.01711261086165905
1749235142.967197,11.930126055917123,0.017541106790304184
1749235143.0007522,11.93105658594399,0.01646798476576805
1749235143.0341525,11.932677082524547,0.017005283385515213
1749235143.0675604,11.933960155724257,0.016696827486157417
1749235143.1009638,11.935290959757523,0.01683918759226799
1749235143.1343436,11.936554192059642,0.016434403136372566
1749235143.167784,11.937370297204549,0.015910090878605843
1749235143.2011962,11.939027474858085,0.016118235886096954
1749235143.234653,11.940147920946687,0.015774160623550415
1749235143.268056,11.941277534014889,0.015885626897215843
1749235143.301617,11.94243266206857,0.014848163351416588
1749235143.33502,11.943565241255003,0.016050925478339195
1749235143.3684254,11.944945805640593,0.014877205714583397
1749235143.4018235,11.94635145199366,0.01452076155692339
1749235143.4352996,11.94737655588772,0.014220710843801498
1749235143.468841,11.948107762271164,0.015094542875885963
1749235143.5022209,11.94910388646638,0.013924414291977882
1749235143.5356915,11.950452269859671,0.014465760439634323
1749235143.5692039,11.951420065440596,0.013865171000361443
1749235143.6026046,11.952092198502838,0.014160492457449436
1749235143.6360955,11.95336427526488,0.012938017025589943
1749235143.6696136,11.954391191501434,0.012915710918605328
1749235143.703051,11.955045386670015,0.013191879726946354
1749235143.7364495,11.955983434053264,0.012270831502974033
1749235143.7698524,11.956887568454265,0.011896266601979733
1749235143.8032517,11.957796926909042,0.012094065546989441
1749235143.836661,11.958713575497367,0.012049476616084576
1749235143.8702157,11.95957425084215,0.01133192889392376
1749235143.9036531,11.960444229293413,0.010403386317193508
1749235143.937023,11.96140261396629,0.010962152853608131
1749235143.9704335,11.961982656304324,0.009892971254885197
1749235144.003834,11.9632415301906,0.009771529585123062
1749235144.0372386,11.964170861094997,0.010600949637591839
1749235144.0707865,11.964908837748187,0.009063120931386948
1749235144.1042168,11.965842111476993,0.009334186092019081
1749235144.1376262,11.966104926489239,0.009241889230906963
1749235144.1710348,11.967433862399565,0.008410898968577385
1749235144.2044492,11.970846273506297,0.010703730396926403
1749235144.237938,11.975848952424814,0.012678399682044983
1749235144.27134,11.983419847007234,0.021021753549575806
1749235144.304739,11.989757998652667,0.02865048497915268
1749235144.3381417,11.994410380826887,0.031575173139572144
1749235144.3716512,12.00139029788201,0.036277253180742264
1749235144.4050522,12.010761014374742,0.04328758269548416
1749235144.4384491,12.016414562740302,0.04734273627400398
1749235144.4718711,12.023726435958702,0.05527089536190033
1749235144.5052688,12.032155608088573,0.06249605119228363
1749235144.5386927,12.039772270074037,0.07246111333370209
1749235144.5721009,12.04961381657946,0.08018945157527924
1749235144.6055467,12.056856227578328,0.08687610924243927
1749235144.638954,12.064692923421724,0.0920008048415184
1749235144.6723597,12.06960504650395,0.09466025233268738
1749235144.7058291,12.076971210742895,0.10060252994298935
1749235144.7392614,12.084513702407873,0.10517184436321259
1749235144.7726746,12.091906142926256,0.11183161288499832
1749235144.8061645,12.099155622176138,0.12039855867624283
1749235144.8395789,12.106484642901508,0.12525233626365662
1749235144.872981,12.114117835634909,0.1325264722108841
1749235144.9063876,12.121485341457907,0.1362757682800293
1749235144.939767,12.128655157213815,0.14378617703914642
1749235144.973167,12.136155272472411,0.14838990569114685
1749235145.0066042,12.146124433988707,0.15364904701709747
1749235145.0401328,12.153962253892233,0.15782511234283447
1749235145.0735044,12.159099397195812,0.16486474871635437
1749235145.1068892,12.171515941763754,0.17187954485416412
1749235145.1403959,12.178845439534,0.17684200406074524
1749235145.1737907,12.186616166283839,0.1834251582622528
1749235145.2072077,12.194266805878383,0.18836688995361328
1749235145.2405858,12.199559862524282,0.19412751495838165
1749235145.2739875,12.206875153027074,0.2002798169851303
1749235145.3074212,12.214561487934951,0.20479270815849304
1749235145.341004,12.224700172283628,0.2106175273656845
1749235145.3744502,12.232322918891622,0.21586275100708008
1749235145.4079728,12.237354837966974,0.22217802703380585
1749235145.442013,12.24730131840237,0.22707179188728333
1749235145.4754374,12.25771142530428,0.23475240170955658
1749235145.5088415,12.265331432899602,0.2401837706565857
1749235145.54235,12.270144344870515,0.24374593794345856
1749235145.57578,12.27800170464591,0.24946285784244537
1749235145.6091738,12.283066874899152,0.2550444006919861
1749235145.6425765,12.293192120912712,0.2606901526451111
1749235145.6759903,12.30079201381865,0.2662649154663086
1749235145.7094324,12.31092007061624,0.27376753091812134
1749235145.7429419,12.318519397836875,0.27938127517700195
1749235145.776351,12.323585853186204,0.2849901020526886
1749235145.8097568,12.33371744153119,0.29061591625213623
1749235145.8431838,12.339037028287738,0.29641517996788025
1749235145.8765852,12.346129386699479,0.30203667283058167
1749235145.910025,12.356514664255581,0.3095254898071289
1749235145.9434285,12.366646211583138,0.3149573504924774
1749235145.976889,12.374244833657572,0.3205726146697998
1749235146.0102863,12.381590447556926,0.3260085880756378
1749235146.043694,12.38944295483206,0.33180803060531616
1749235146.0787323,12.397041414485173,0.337422639131546
1749235146.1121476,12.402106821937537,0.3432372212409973
1749235146.1458237,12.411985809344266,0.3484800457954407
1749235146.1795561,12.422371461985632,0.35615846514701843
1749235146.2130144,12.424903753807422,0.36162543296813965
1749235146.2467067,12.43503709852425,0.3655470311641693
1749235146.28011,12.440117753609288,0.3711227774620056
1749235146.3136663,12.450255807711725,0.3765283524990082
1749235146.3470747,12.457861165171659,0.3841819763183594
1749235146.3805983,12.465180246682706,0.3898446261882782
1749235146.4139977,12.47539898521947,0.393797904253006
1749235146.4479864,12.480624085776865,0.4004313051700592
1749235146.4820728,12.490733731482868,0.40582260489463806
1749235146.5154874,12.495587363088372,0.4108779728412628
1749235146.5491254,12.505762494366445,0.41786056756973267
1749235146.5825546,12.510571814865894,0.4212380051612854
1749235146.6162622,12.518463606354773,0.4261762499809265
1749235146.6496668,12.526037213513161,0.43193432688713074
1749235146.6831665,12.530873589113954,0.43515586853027344
1749235146.7165246,12.538673773664007,0.44149836897850037
1749235146.7499871,12.546553727562323,0.4469071328639984
1749235146.78352,12.553890368677758,0.4522703289985657
1749235146.816971,12.56145553212092,0.458118736743927
1749235146.8503778,12.56904689172918,0.4635803997516632
1749235146.883858,12.576653338275163,0.46884456276893616
1749235146.917274,12.58170435513496,0.4746823310852051
1749235146.9506733,12.591569261065864,0.48194199800491333
1749235146.9844701,12.596889652697053,0.485808402299881
1749235147.0178742,12.609529195982304,0.49328315258026123
1749235147.051289,12.616871979411162,0.4985949397087097
1749235147.0847344,12.622455346125536,0.5024585127830505
1749235147.118162,12.62978474453774,0.5098040699958801
1749235147.1515813,12.6399110959991,0.5153964757919312
1749235147.1849902,12.644712626800684,0.5214685201644897
1749235147.218404,12.655091178840879,0.5266688466072083
1749235147.2518864,12.662697052560343,0.5321072936058044
1749235147.285372,12.670539691974817,0.5396263599395752
1749235147.3203387,12.680152520215088,0.5449762344360352
1749235147.353772,12.687658460804062,0.5514650940895081
1749235147.3871832,12.695264763997914,0.5567324757575989
1749235147.420588,12.701124887696542,0.5618599057197571
1749235147.4539988,12.710697647986692,0.5675506591796875
1749235147.4874127,12.718542337143493,0.5730137228965759
1749235147.5208545,12.725494495462488,0.5796153545379639
1749235147.5542586,12.73312444748191,0.5846264958381653
1749235147.5876632,12.740922246879702,0.5908199548721313
1749235147.6212378,12.748603744865099,0.5967191457748413
1749235147.6546643,12.75889676736584,0.6029029488563538
1749235147.6881516,12.763648986092148,0.608925998210907
1749235147.7215533,12.771233596079291,0.6126822829246521
1749235147.754989,12.778808160858178,0.6201199293136597
1749235147.7884076,12.786464687913018,0.6229744553565979
1749235147.8218274,12.793775736720393,0.6282995343208313
1749235147.8552244,12.803800735250677,0.6366629600524902
1749235147.8886294,12.809134377442582,0.6402407288551331
1749235147.9220328,12.816694963062693,0.6461041569709778
1749235147.9556184,12.826867215874863,0.6523634791374207
1749235147.98903,12.834421063837237,0.6582635045051575
1749235148.0224254,12.84177922540314,0.6633796691894531
1749235148.055874,12.84734390121267,0.6693370938301086
1749235148.0892618,12.859486599162013,0.6763933300971985
1749235148.1227179,12.867334412841602,0.6821562647819519
1749235148.1561275,12.874940427678077,0.687506377696991
1749235148.189532,12.879992192680312,0.6931830048561096
1749235148.2229292,12.89238399084438,0.7004192471504211
1749235148.2563314,12.900222125541648,0.7062117457389832
1749235148.289742,12.907808591161213,0.7118085026741028
1749235148.323175,12.915396065103984,0.7173978090286255
1749235148.3565922,12.922982590266955,0.7229982614517212
1749235148.3900054,12.930569605999407,0.7285923361778259
1749235148.4240344,12.93815515687215,0.734168291091919
1749235148.457492,12.945480888569467,0.7415406107902527
1749235148.49089,12.95587962545638,0.7470497488975525
1749235148.524313,12.964507431757044,0.7531656622886658
1749235148.5577211,12.968579465483998,0.7586032748222351
1749235148.5911264,12.97662770519596,0.7638804912567139
1749235148.6245277,12.98853662000494,0.7705629467964172
1749235148.6579876,12.99380890595059,0.7748367190361023
1749235148.6913981,13.001359534877786,0.7807894349098206
1749235148.7248042,13.008643301713365,0.7886019945144653
1749235148.7582176,13.018958346552111,0.7939049601554871
1749235148.7916598,13.026225896304707,0.8019062876701355
1749235148.825096,13.036175545835997,0.8109134435653687
1749235148.8584952,13.043409765447786,0.8167733550071716
1749235148.8960927,13.05070432564438,0.825144350528717
1749235148.929491,13.058578595407077,0.8302472233772278
1749235148.9629064,13.063488831850986,0.8373324275016785
1749235148.9963129,13.073324111583641,0.8447653651237488
1749235149.0297382,13.0781038183362,0.8485389351844788
1749235149.0633261,13.08324022046689,0.8568542003631592
1749235149.0967946,13.093240712732548,0.8634480834007263
1749235149.1303098,13.100510370444749,0.8697041273117065
1749235149.1637197,13.108165049593167,0.8796114325523376
1749235149.1971705,13.115682836621168,0.8841772675514221
1749235149.2305954,13.123188982813005,0.8907209038734436
1749235149.2640254,13.130614799371608,0.8980632424354553
1749235149.297432,13.13803978248567,0.9055646657943726
1749235149.3309522,13.142860402265814,0.914618194103241
1749235149.3646014,13.152860137571322,0.9215279817581177
1749235149.39804,13.159980209944534,0.9293134808540344
1749235149.4325063,13.165044216776716,0.9390186071395874
1749235149.4659057,13.174872127024623,0.9473962783813477
1749235149.499308,13.182396434566568,0.9542934894561768
1749235149.5327098,13.189599965455159,0.963245153427124
1749235149.5661573,13.19643298195616,0.973418653011322
1749235149.5996685,13.201756966600966,0.9808441400527954
1749235149.6330788,13.211759246831068,0.9881929755210876
1749235149.666506,13.219122537682543,0.9968295097351074
1749235149.699903,13.226417543391177,1.0036190748214722
1749235149.7333004,13.234094264949324,1.012158989906311
1749235149.7666898,13.239417073012975,1.0189719200134277
1749235149.8001125,13.25120521363338,1.0296604633331299
1749235149.8335605,13.258788470951437,1.0352671146392822
1749235149.8669744,13.266349728421943,1.0436245203018188
1749235149.9005053,13.273862035566237,1.0499705076217651
1749235149.9339232,13.28131573185508,1.0567699670791626
1749235149.9673302,13.288728861206382,1.0640724897384644
1749235150.0007448,13.295884614249433,1.071472406387329
1749235150.0342152,13.30618981428154,1.080533742904663
1749235150.0676224,13.30874818220075,1.0853437185287476
1749235150.1013143,13.32132108925844,1.090867519378662
1749235150.134683,13.328671658651816,1.0989235639572144
1749235150.1683273,13.333796897211776,1.1015870571136475
1749235150.2018511,13.343649199656204,1.1085811853408813
1749235150.235257,13.34816794794744,1.114227294921875
1749235150.2686832,13.355986484257564,1.1217474937438965
1749235150.302079,13.36572173996598,1.1279410123825073
1749235150.3355362,13.373427533765575,1.1352201700210571
1749235150.3689182,13.38132402782854,1.1405811309814453
1749235150.4023628,13.388274744584425,1.1466501951217651
1749235150.43577,13.39565434479875,1.1562832593917847
1749235150.4691663,13.405972629130893,1.1617399454116821
1749235150.5027578,13.410891136092351,1.1689637899398804
1749235150.536209,13.42091214396916,1.1747537851333618
1749235150.5696776,13.428209835095263,1.1802750825881958
1749235150.6033244,13.43345777303219,1.186779499053955
1749235150.6367114,13.445989503603728,1.1950621604919434
1749235150.6701329,13.453321127036729,1.2000333070755005
1749235150.7035565,13.46358883231249,1.2082271575927734
1749235150.7370658,13.468626726287589,1.2136883735656738
1749235150.7706623,13.476164134257205,1.219205379486084
1749235150.8040755,13.486003817532959,1.2240862846374512
1749235150.837507,13.493756520602407,1.230185866355896
1749235150.8709106,13.501052989684911,1.2355204820632935
1749235150.9043868,13.508891593676445,1.240735650062561
1749235150.9378507,13.516943489487439,1.2467149496078491
1749235150.9712634,13.524056671355824,1.25132417678833
1749235151.0046687,13.529189809516737,1.2559678554534912
1749235151.0380766,13.536494006337866,1.261147141456604
1749235151.0715103,13.546843442128633,1.2684826850891113
1749235151.1049228,13.554786500927326,1.2731680870056152
1749235151.1383233,13.567377901397979,1.2790703773498535
1749235151.1717563,13.575077602546846,1.2846026420593262
1749235151.2051606,13.582891035063447,1.2889649868011475
1749235151.2386281,13.587845372784688,1.2917593717575073
1749235151.2720344,13.598580871687354,1.2982723712921143
1749235151.3054519,13.603873894856065,1.3022557497024536
1749235151.3417144,13.614223088356079,1.3080435991287231
1749235151.3752875,13.62488914811858,1.3115142583847046
1749235151.45392,13.639186933517212,1.3156658411026
1749235151.4876237,13.64100730814603,1.3159146308898926
1749235151.5210361,13.643352000107063,1.3170720338821411
1749235151.5544348,13.647256514991641,1.318336009979248
1749235151.5883727,13.652275051351294,1.3214553594589233
1749235151.6218565,13.663789679778533,1.3246036767959595
1749235151.6552522,13.674160077042309,1.3283230066299438
1749235151.688849,13.683942070594279,1.3326032161712646
1749235151.7222474,13.697780315253501,1.338501214981079
1749235151.7556677,13.704799248458013,1.3410130739212036
1749235151.7890964,13.715713012908141,1.3452621698379517
1749235151.8225477,13.725959998551925,1.348944902420044
1749235151.8559566,13.736544650292526,1.3537603616714478
1749235151.8893983,13.747190631195624,1.3575003147125244
1749235151.9228024,13.757785720949443,1.3623287677764893
1749235151.9562054,13.7680562342708,1.3665162324905396
1749235151.9896152,13.779388907602227,1.371185302734375
1749235152.023017,13.790005392075255,1.3757710456848145
1749235152.0564144,13.800284478061728,1.3797181844711304
1749235152.0898652,13.810895601245278,1.3842906951904297
1749235152.1232712,13.821523476098474,1.3884516954421997
1749235152.1566796,13.828244496387635,1.391292691230774
1749235152.1901236,13.83957404588231,1.3959100246429443
1749235152.2235203,13.85302566290244,1.4014090299606323
1749235152.256927,13.863997874499452,1.4059404134750366
1749235152.2907164,13.870723987558735,1.4102073907852173
1749235152.324096,13.881715259389672,1.4141193628311157
1749235152.35747,13.891970955839357,1.4189908504486084
1749235152.3908865,13.90614737606125,1.4221665859222412
1749235152.4243412,13.91714244760926,1.4258915185928345
1749235152.4577122,13.931288107354442,1.4317609071731567
1749235152.4911344,13.941921820276123,1.435689926147461
1749235152.5245504,13.949019244828508,1.4392304420471191
1749235152.557956,13.96319908075129,1.4429391622543335
1749235152.5914805,13.977363869892049,1.4483247995376587
1749235152.624892,13.988013472112481,1.4515587091445923
1749235152.6583605,13.99508400379203,1.4557890892028809
1749235152.6917639,14.008916529116147,1.4591516256332397
1749235152.7251797,14.01992134842643,1.4624100923538208
1749235152.7586536,14.02699329426938,1.4671876430511475
1749235152.7922714,14.037641725342057,1.4694730043411255
1749235152.825691,14.048289783856347,1.4728589057922363
1749235152.85925,14.062801102966121,1.4769710302352905
1749235152.8927314,14.07276444353262,1.4793144464492798
1749235152.9266992,14.087342785873176,1.4831138849258423
1749235152.9602108,14.097986436143879,1.4865330457687378
1749235152.9936078,14.105083333735784,1.489883542060852
1749235153.0270169,14.118982483613971,1.4916458129882812
1749235153.0604274,14.126443592100202,1.4950430393218994
1749235153.093864,14.136783574599749,1.4966144561767578
1749235153.1272666,14.144260990964655,1.4992640018463135
1749235153.1608186,14.162007249897538,1.5033141374588013
1749235153.1942163,14.172314609693911,1.5055824518203735
1749235153.2276316,14.18333159341039,1.5078661441802979
1749235153.2612195,14.193975096906167,1.5107067823410034
1749235153.294622,14.201075825311346,1.5132818222045898
1749235153.328105,14.215283661061884,1.5153858661651611
1749235153.3616872,14.222384756612634,1.5177255868911743
1749235153.3950932,14.233031128544479,1.5202667713165283
1749235153.4498951,14.243681058657913,1.5234718322753906
1749235153.4833136,14.257893061607607,1.5250909328460693
1749235153.5167298,14.269966151888356,1.5268703699111938
1749235153.5503073,14.285952256234836,1.529008150100708
1749235153.5837429,14.296609448950115,1.5304895639419556
1749235153.617137,14.307611208775333,1.5327520370483398
1749235153.6505513,14.317916929396489,1.5339388847351074
1749235153.6839552,14.32892277030995,1.5358014106750488
1749235153.7173786,14.33956890394749,1.5384083986282349
1749235153.7507894,14.353779392426741,1.5395262241363525
1749235153.7843919,14.360889232252452,1.5396735668182373
1749235153.8177536,14.371531535039203,1.541468858718872
1749235153.8511176,14.381832186433549,1.5434170961380005
1749235153.8846054,14.392844131813778,1.5444002151489258
1749235153.9181387,14.399946538176259,1.5460604429244995
1749235153.951545,14.414148110684476,1.5469931364059448
1749235153.9849987,14.425156420222029,1.5477668046951294
1749235154.0184474,14.435091795502009,1.5492483377456665
1749235154.0518997,14.446098931327542,1.5507053136825562
1749235154.0854228,14.453205024595011,1.5515278577804565
1749235154.118777,14.470607806791293,1.5532927513122559
1749235154.1527374,14.48162003522172,1.5546177625656128
1749235154.1861656,14.492278389389371,1.555739164352417
1749235154.219576,14.499029960880357,1.5565662384033203
1749235154.2529864,14.509688872819126,1.5574651956558228
1749235154.2864678,14.52105653520982,1.55816650390625
1749235154.319898,14.534910130335252,1.5595022439956665
1749235154.3533154,14.542725768182216,1.5605181455612183
1749235154.3867126,14.556576431143222,1.5616532564163208
1749235154.4201121,14.566878494804953,1.5623140335083008
1749235154.453523,14.577180045454513,1.5630061626434326
1749235154.4869215,14.588192539997868,1.5637484788894653
1749235154.5203218,14.59919933300763,1.5651075839996338
1749235154.553831,14.609502462349496,1.5657060146331787
1749235154.5872416,14.62015583521235,1.566796064376831
1749235154.6208317,14.63045407291374,1.567943811416626
1749235154.6542363,14.641467380513909,1.5685657262802124
1749235154.6876717,14.652120151496876,1.5698908567428589
1749235154.7211006,14.659227905321647,1.5699560642242432
1749235154.754501,14.667397513966945,1.5709269046783447
1749235154.7879527,14.680542516926678,1.5712469816207886
1749235154.8213549,14.687290350987796,1.572531819343567
1749235154.854769,14.701499514942403,1.5731240510940552
1749235154.8882778,14.711416303974874,1.5742582082748413
1749235154.9216907,14.71801161630113,1.5740934610366821
1749235154.9551249,14.721422225769853,1.5749210119247437
1749235154.988572,14.727017449199327,1.5752686262130737
1749235155.0220425,14.730688777123612,1.5748318433761597
1749235155.055452,14.734055754311468,1.5756441354751587
1749235155.0888925,14.737534347150373,1.575374722480774
1749235155.1226287,14.740827388830025,1.5759268999099731
1749235155.156256,14.74410504569619,1.5753616094589233
1749235155.189665,14.746172840710594,1.5759395360946655
1749235155.2230961,14.75055294682174,1.575427532196045
1749235155.2565048,14.75406604469212,1.5764459371566772
1749235155.2899382,14.75727296637187,1.5757147073745728
1749235155.3234527,14.760480535723989,1.5765622854232788
1749235155.3568623,14.76309604745694,1.5765290260314941
1749235155.3902736,14.766238012222807,1.5764726400375366
1749235155.4237542,14.770325606585978,1.57576584815979
1749235155.4571683,14.774665868632336,1.5763477087020874
1749235155.490581,14.77779390509937,1.5761500597000122
1749235155.5242805,14.781133923217652,1.5766087770462036
1749235155.557697,14.784220816344183,1.5761698484420776
1749235155.5921776,14.78751641465539,1.5753506422042847
1749235155.6255815,14.790610302978328,1.5755854845046997
1749235155.6589875,14.793920752585302,1.5750998258590698
1749235155.6927028,14.798297765212617,1.5752854347229004
1749235155.7261207,14.801761967469757,1.5743560791015625
1749235155.7595322,14.804106385712583,1.57479727268219
1749235155.792937,14.80878153441144,1.5739270448684692
1749235155.8263443,14.812282241820911,1.574070930480957
1749235155.859865,14.815741377631722,1.5736953020095825
1749235155.8932915,14.81836147504351,1.57313871383667
1749235155.9267144,14.82249459153213,1.5723481178283691
1749235155.9601512,14.824804754746538,1.570783257484436
1749235155.9935884,14.827994958729429,1.5706441402435303
1749235156.026995,14.831230333534965,1.5695464611053467
1749235156.0604286,14.834434681043234,1.5696941614151
1749235156.093891,14.837455605273716,1.5700308084487915
1749235156.127303,14.84052695969508,1.5680744647979736
1749235156.1607223,14.842478375027492,1.5687928199768066
1749235156.194121,14.847330979880601,1.566658854484558
1749235156.2318587,14.849310770859262,1.5674962997436523
1749235156.2653105,14.85213695582058,1.566473126411438
1749235156.298703,14.856024857159452,1.5659129619598389
1749235156.3321228,14.858811660311805,1.5664124488830566
1749235156.3655303,14.861510958179267,1.5650835037231445
1749235156.3989348,14.864190588606373,1.5644785165786743
1749235156.4323447,14.866849011878445,1.5642410516738892
1749235156.4657466,14.869378602750663,1.5631293058395386
1749235156.499151,14.872053680464209,1.5633012056350708
1749235156.5325506,14.875402532760564,1.5619934797286987
1749235156.56628,14.877036910172833,1.561488389968872
1749235156.5996826,14.879496013674322,1.5619993209838867
1749235156.633095,14.881123495151275,1.5607210397720337
1749235156.6665246,14.884473441128565,1.5609781742095947
1749235156.6999297,14.886879943102366,1.559639811515808
1749235156.7333314,14.88841239459552,1.5595207214355469
1749235156.7666993,14.891681890544643,1.5584896802902222
1749235156.8001108,14.894037395568196,1.5589888095855713
1749235156.833573,14.896395326112652,1.557388186454773
1749235156.8670723,14.8980095766957,1.5576794147491455
1749235156.9004803,14.900913227575082,1.5564361810684204
1749235156.9338944,14.903118169047277,1.5569641590118408
1749235156.967307,14.904542624268162,1.5561041831970215
1749235157.0010018,14.90662071880496,1.5553141832351685
1749235157.0344746,14.908644283378422,1.5552421808242798
1749235157.0678947,14.91122908625267,1.553902506828308
1749235157.1017666,14.913147019156122,1.5544657707214355
1749235157.135173,14.914889281030742,1.5525729656219482
1749235157.1685925,14.91678296648242,1.5530778169631958
1749235157.201992,14.917918062281657,1.5521118640899658
1749235157.2353914,14.919785653282705,1.5520646572113037
1749235157.2709315,14.92216452075765,1.551937222480774
1749235157.304334,14.923268114953846,1.5515711307525635
1749235157.3377423,14.925640857670642,1.5508438348770142
1749235157.3712385,14.927364476603598,1.5508328676223755
1749235157.4046504,14.928514793903805,1.5510355234146118
1749235157.438071,14.930746312874088,1.5501362085342407
1749235157.4714813,14.932395760428609,1.5501086711883545
1749235157.5049195,14.933937980029485,1.5496495962142944
1749235157.5383413,14.936082247732127,1.5491490364074707
1749235157.5717542,14.937154679135327,1.5496084690093994
1749235157.6051564,14.939234228028099,1.5481133460998535
1749235157.6385672,14.940801104176042,1.5478426218032837
1749235157.6719756,14.942278964213488,1.5492297410964966
1749235157.705376,14.943752192018177,1.5477995872497559
1749235157.7387948,14.945239952850336,1.5480880737304688
1749235157.77221,14.94713917461085,1.5471264123916626
1749235157.8056116,14.948508829504103,1.5472931861877441
1749235157.8390322,14.94895141635668,1.5472840070724487
1749235157.8724349,14.951122365881515,1.546422004699707
1749235157.90669,14.952442139107495,1.5466996431350708
1749235157.9401007,14.953715389683797,1.5462661981582642
1749235157.9735785,14.954552058755677,1.5461245775222778
1749235158.0069826,14.956195980656434,1.5459929704666138
1749235158.040552,14.957808140726097,1.545356035232544
1749235158.073975,14.958595568378197,1.5451796054840088
1749235158.107372,14.960154630844967,1.5452865362167358
1749235158.1407788,14.961270582369794,1.5446559190750122
1749235158.1741853,14.962473459063318,1.5449941158294678
1749235158.2107465,14.963293628710506,1.5445047616958618
1749235158.2441483,14.964787528043681,1.5441890954971313
1749235158.2776742,14.965869135865711,1.5444554090499878
1749235158.3117518,14.966934444724467,1.5441232919692993
1749235158.345446,14.967943797377716,1.544089436531067
1749235158.3788495,14.969001260783491,1.5444550514221191
1749235158.412255,14.970014821894425,1.5438956022262573
1749235158.4456553,14.970978849647668,1.544036865234375
1749235158.4790528,14.971988247407529,1.5441278219223022
1749235158.5124605,14.973269945686559,1.5438240766525269
1749235158.5459404,14.974226972173097,1.5442471504211426
1749235158.5793977,14.97486816512188,1.5439152717590332
1749235158.6128237,14.975779714556625,1.5438591241836548
1749235158.6462252,14.976423734082069,1.5439636707305908
1749235158.6797483,14.977321178521844,1.544063687324524
1749235158.7131503,14.978208127130012,1.5436657667160034
1749235158.7473698,14.979403912807914,1.5441954135894775
1749235158.78077,14.98029375086572,1.5438534021377563
1749235158.81417,14.981125589787691,1.5440638065338135
1749235158.8476696,14.982253040144709,1.5439716577529907
1749235158.8813565,14.983055342863702,1.5440077781677246
1749235158.9147823,14.983843015769985,1.5439659357070923
1749235158.948381,14.98443738290127,1.5439691543579102
1749235158.9818988,14.985290771537041,1.543962001800537
1749235159.0158231,14.985569838371438,1.543958067893982
1749235159.0493906,14.985733926472701,1.5439592599868774
1749235159.0827937,14.98582647020986,1.543957233428955
1749235159.1163049,14.98585795643071,1.5439575910568237
1749235159.1497185,14.985873227689883,1.543957233428955
1749235159.1831703,14.985880862299682,1.5439573526382446
1749235159.2165914,14.98588372990951,1.5439555644989014
1749235159.2500029,14.985886598529289,1.5439553260803223
1749235159.2834198,14.985887030677057,1.5439560413360596
1749235159.3169096,14.985887494867745,1.5439549684524536
1749235159.3507462,14.985887671303464,1.5439540147781372
1749235159.3841536,14.985887562823011,1.543953776359558
1749235159.4175682,14.985887547325804,1.543953776359558
1749235159.4509814,14.98588751633139,1.5439531803131104
1749235159.4843922,14.985887138657,1.5439523458480835
1749235159.5178034,14.98588707666817,1.5439516305923462
1749235159.5512254,14.985887237613547,1.5439512729644775
1749235159.5846312,14.98588722211634,1.543951392173767
1749235159.6180336,14.985887206619132,1.5439512729644775
1749235159.6535072,14.985886729781974,1.5439512729644775
1749235159.687379,14.985886729781974,1.5439512729644775
1749235159.7210038,14.985886729781974,1.5439512729644775
1749235159.7545853,14.985886729781974,1.5439512729644775
1749235159.7879915,14.985886252944816,1.5439512729644775
1749235159.82139,14.985886252944816,1.5439512729644775
1749235159.8548,14.985886252944816,1.5439512729644775
1749235159.8882215,14.985886252944816,1.5439512729644775
1749235159.9216313,14.985886252944816,1.5439512729644775
1749235159.9550917,14.985886237447609,1.543951153755188
1749235159.988546,14.985886237447609,1.543951153755188
1749235160.0219495,14.98588576061045,1.543951153755188
1749235160.0553539,14.98588576061045,1.543951153755188
1749235160.0888453,14.985886091925481,1.5439518690109253
1749235160.1222441,14.985885967947821,1.5439528226852417
1749235160.1557508,14.985890952449653,1.5439919233322144
1749235160.1891646,14.985892399704765,1.5439893007278442
1749235160.2225754,14.985893361946125,1.5439889430999756
1749235160.2559755,14.985895353180892,1.543988823890686
1749235160.2893631,14.98589678594132,1.543989658355713
1749235160.322992,14.985898009210361,1.5439882278442383
1749235160.3564608,14.98590000030828,1.5439882278442383
1749235160.3898642,14.985901476722525,1.5439882278442383
1749235160.423262,14.985902463970373,1.5439881086349487
1749235160.4566858,14.985903935138817,1.5439881086349487
1749235160.4900942,14.985905396414523,1.5439879894256592
1749235160.5234687,14.98590631892011,1.54398775100708
1749235160.5568798,14.98590782415167,1.5439870357513428
1749235160.5902865,14.985909267418362,1.5439860820770264
1749235160.6236916,14.985910236714433,1.5439859628677368
1749235160.6571064,14.985911781927596,1.543986439704895
1749235160.6905036,14.985913233661725,1.5439859628677368
1749235160.72395,14.985914694806425,1.5439850091934204
1749235160.757354,14.985915567222257,1.5439852476119995
1749235160.790758,14.985917045566183,1.5439845323562622
1749235160.8241568,14.985918028784223,1.5439850091934204
1749235160.8575654,14.985919984644031,1.5439848899841309
1749235160.8910758,14.985920879728504,1.5439846515655518
1749235160.9244897,14.985922828138431,1.5439844131469727
1749235160.957898,14.985923306810301,1.5439844131469727
1749235160.9912956,14.98592516940388,1.543984293937683
1749235161.0246942,14.985926634329461,1.5439835786819458
1749235161.0581958,14.985927174188722,1.543983817100525
1749235161.091605,14.985929158732972,1.543982982635498
1749235161.1250124,14.985930698877384,1.5439831018447876
1749235161.158467,14.98593204411604,1.5439826250076294
1749235161.1918712,14.98593348546623,1.543982744216919
1749235161.2252932,14.98593495255895,1.5439820289611816
1749235161.2587013,14.985936386406843,1.5439817905426025
1749235161.2920766,14.98593781847846,1.5439820289611816
1749235161.3254774,14.985938248823995,1.5439814329147339
1749235161.3588278,14.985939724597149,1.5439809560775757
1749235161.3922884,14.985941636175143,1.5439813137054443
1749235161.4256945,14.98594267882666,1.543980598449707
1749235161.4590943,14.985944416367388,1.543980360031128
1749235161.49257,14.985945850573975,1.543980598449707
1749235161.5259838,14.98594729250766,1.5439798831939697
1749235161.5595071,14.985948388899322,1.543979525566101
1749235161.5938041,14.9859503290688,1.5439797639846802
1749235161.6272085,14.985951221859413,1.5439791679382324
1749235161.6606195,14.985952704661587,1.5439786911010742
1749235161.69411,14.985954136191802,1.5439790487289429
1749235161.7275085,14.98595558888459,1.5439783334732056
1749235161.7609212,14.985956734506628,1.5439780950546265
1749235161.7943387,14.985958219922624,1.5439783334732056
1749235161.827735,14.985959952617828,1.5439776182174683
1749235161.8612912,14.985961385505554,1.5439772605895996
1749235161.8946962,14.985962901591085,1.5439770221710205
1749235161.9281027,14.985964346265238,1.5439767837524414
1749235161.9615111,14.985965778286724,1.5439767837524414
1749235161.9950469,14.986322932606628,1.5433560609817505
1749235162.028452,14.989201722064564,1.5444878339767456
1749235162.0618265,14.994535826514396,1.5488334894180298
1749235162.095232,15.000956984250273,1.553391695022583
1749235162.1286433,15.01049640507281,1.5585001707077026
1749235162.1620505,15.017870549124787,1.5656758546829224
1749235162.1954937,15.025307345568962,1.5698127746582031
1749235162.229025,15.030330153490848,1.5759233236312866
1749235162.262506,15.040492329387114,1.5808664560317993
1749235162.2959907,15.05062754385131,1.588327169418335
1749235162.329678,15.056418886957832,1.5944139957427979
1749235162.3631043,15.065862579635656,1.5992990732192993
1749235162.3974001,15.071923301718407,1.6051427125930786
1749235162.4313946,15.081112249426248,1.6099741458892822
1749235162.4648645,15.08845791957333,1.6154181957244873
1749235162.4987407,15.096059091707868,1.6210947036743164
1749235162.5349026,15.106425038000284,1.629213571548462
1749235162.5683074,15.108744637902317,1.6336925029754639
1749235162.6018758,15.119160790394243,1.639563798904419
1749235162.6352797,15.131500903503547,1.6481961011886597
1749235162.668742,15.139423757295042,1.6537100076675415
1749235162.7021852,15.146768113161965,1.6594494581222534
1749235162.7355874,15.154416149014816,1.6645699739456177
1749235162.7689846,15.16200418449322,1.6703264713287354
1749235162.8024461,15.169611801429411,1.6758394241333008
1749235162.8359056,15.179996718735325,1.6834526062011719
1749235162.869307,15.18759367180244,1.6890053749084473
1749235162.9028347,15.19518165470659,1.6946746110916138
1749235162.936238,15.202774856482751,1.7003151178359985
1749235162.9696772,15.210368998153228,1.7059459686279297
1749235163.0031536,15.217962405185409,1.7115882635116577
1749235163.0366123,15.222772481893138,1.7172229290008545
1749235163.07,15.232899227147202,1.7226742506027222
1749235163.1034772,15.240494511215251,1.7283159494400024
1749235163.1371748,15.250874927972797,1.736018419265747
1749235163.170555,15.258216590261327,1.7414745092391968
1749235163.2039614,15.266065746784102,1.7472984790802002
1749235163.2373703,15.27619274144772,1.7548190355300903
1749235163.2709706,15.283788560477976,1.7604600191116333
1749235163.3044055,15.292396858921144,1.7668496370315552
1749235163.337807,15.296187577702176,1.7724272012710571
1749235163.3712049,15.309163308427989,1.7784110307693481
1749235163.4046075,15.316746536651157,1.784162998199463
1749235163.4380226,15.324296259533893,1.7904019355773926
1749235163.471423,15.331911440728899,1.795859456062317
1749235163.5048304,15.33932641557264,1.8002668619155884
1749235163.538238,15.347191486635747,1.8058128356933594
1749235163.571657,15.354747547707182,1.8120628595352173
1749235163.6050637,15.362403886183344,1.8170815706253052
1749235163.6384633,15.367399312675582,1.8215450048446655
1749235163.6718585,15.372444939801568,1.8273134231567383
1749235163.7052577,15.38005812354214,1.8345746994018555
1749235163.738724,15.387379712282243,1.8387051820755005
1749235163.772139,15.398000352536679,1.8462128639221191
1749235163.8055475,15.407849600669158,1.8516894578933716
1749235163.8389518,15.412874201188101,1.8576310873031616
1749235163.8723853,15.420462386994446,1.8635029792785645
1749235163.9057949,15.430541047217247,1.8689296245574951
1749235163.9392047,15.435585355620004,1.8765647411346436
1749235163.9726079,15.44820424135402,1.8822615146636963
1749235164.0060086,15.453275563818005,1.887734293937683
1749235164.0393732,15.46083565540959,1.8914235830307007
1749235164.0727787,15.471688675283868,1.8995715379714966
1749235164.1064415,15.48102764480122,1.9066342115402222
1749235164.1399503,15.488609017972088,1.9122940301895142
1749235164.173447,15.496236788619935,1.9172130823135376
1749235164.2069714,15.506332431732183,1.924871563911438
1749235164.2404208,15.513924074612873,1.9303687810897827
1749235164.2738283,15.521252331373109,1.9358998537063599
1749235164.3072305,15.52910298619893,1.9416766166687012
1749235164.3406773,15.536720382387275,1.9469801187515259
1749235164.3740802,15.544321673004779,1.9525270462036133
1749235164.408303,15.552939633251928,1.9588549137115479
1749235164.4417555,15.559531989578776,1.963700294494629
1749235164.4752145,15.56966972214603,1.9711939096450806
1749235164.508631,15.577003073476938,1.976807713508606
1749235164.542031,15.584865414588196,1.9824663400650024
1749235164.5755088,15.592457380922934,1.9881197214126587
1749235164.6089199,15.599800932540592,1.9935882091522217
1749235164.6423287,15.60739783454869,1.999123454093933
1749235164.675745,15.614934110195254,2.005312442779541
1749235164.7091851,15.622771283825324,2.0110511779785156
1749235164.7425933,15.630352609365984,2.0165555477142334
1749235164.7764087,15.635170219122248,2.0219919681549072
1749235164.8099878,15.645506981892419,2.027670383453369
1749235164.8433967,15.650640011012921,2.033397674560547
1749235164.8767934,15.663113239340385,2.038383722305298
1749235164.9101975,15.665927491089693,2.0419270992279053
1749235164.943676,15.67615213664996,2.0469655990600586
1749235164.9770794,15.681250400705284,2.052678346633911
1749235165.010572,15.691216668383138,2.0597352981567383
1749235165.0439813,15.70165963395538,2.0654032230377197
1749235165.077521,15.706786151879337,2.0702993869781494
1749235165.1109293,15.711865015050192,2.0747642517089844
1749235165.1443446,15.722085649380658,2.079361915588379
1749235165.1777763,15.732038233447692,2.086064577102661
1749235165.2111547,15.739662618746591,2.0935075283050537
1749235165.2445629,15.747664650718184,2.098130226135254
1749235165.278005,15.757802517983741,2.10433292388916
1749235165.3115065,15.76295738279089,2.109074831008911
1749235165.3449912,15.77307278439586,2.1153736114501953
1749235165.3784084,15.780762406569988,2.120217800140381
1749235165.4118636,15.785751821966473,2.1271777153015137
1749235165.4453738,15.793356696789473,2.1325883865356445
1749235165.4787798,15.803478261270081,2.13862681388855
1749235165.512177,15.808503275858623,2.14471173286438
1749235165.5455818,15.818927513195046,2.1497750282287598
1749235165.5789354,15.826268114881453,2.154825448989868
1749235165.6123443,15.83636443907974,2.1622674465179443
1749235165.645749,15.843894955428128,2.1683363914489746
1749235165.6792712,15.851168968694438,2.174447536468506
1749235165.7126627,15.859003935188062,2.179619789123535
1749235165.7460654,15.86622476553227,2.1862711906433105
1749235165.7794282,15.87404524603526,2.1940605640411377
1749235165.8128264,15.881352720706596,2.199265241622925
1749235165.8462641,15.88894304607436,2.2043187618255615
1749235165.8805504,15.898822742185194,2.213242292404175
1749235165.9143293,15.906279597182667,2.219916582107544
1749235165.9477434,15.91380623572796,2.2258505821228027
1749235165.9812047,15.918817477349513,2.23237681388855
1749235166.0146024,15.928601585186627,2.240199327468872
1749235166.0479977,15.935940889090151,2.245577335357666
1749235166.0815969,15.94369805538296,2.2510995864868164
1749235166.1150305,15.950632524387709,2.2593631744384766
1749235166.1485019,15.958421995996007,2.264986991882324
1749235166.1819093,15.963293039942775,2.272465467453003
1749235166.2153351,15.97281671346145,2.2796149253845215
1749235166.2487378,15.980060625470317,2.2885239124298096
1749235166.2821412,15.987687987157296,2.29716420173645
1749235166.315603,15.995325387203032,2.302217960357666
1749235166.3489532,16.002286963830258,2.3100359439849854
1749235166.3823605,16.012205382104337,2.321408987045288
1749235166.4157681,16.01942080615064,2.3280749320983887
1749235166.4492044,16.02709351308044,2.3355278968811035
1749235166.4826384,16.036590175881802,2.346954584121704
1749235166.5160549,16.044083557599667,2.3544187545776367
1749235166.5494518,16.05154527745571,2.3612539768218994
1749235166.5841262,16.05649389012852,2.3711447715759277
1749235166.6175337,16.066428547306046,2.3784711360931396
1749235166.6509316,16.073630878660534,2.3857882022857666
1749235166.684333,16.081425162941823,2.3925161361694336
1749235166.7178018,16.08869980889672,2.403702974319458
1749235166.7512004,16.096106946854746,2.410998582839966
1749235166.7845871,16.100887826882076,2.4156851768493652
1749235166.818033,16.110922602049726,2.426793098449707
1749235166.8514404,16.12088164635056,2.4339826107025146
1749235166.8848453,16.12827219356078,2.4421181678771973
1749235166.9182675,16.135819722696645,2.4471325874328613
1749235166.9522855,16.142829859732647,2.4564239978790283
1749235166.9856875,16.15274975289597,2.4647536277770996
1749235167.0191016,16.15746783664319,2.473836660385132
1749235167.0525627,16.16480829563633,2.476357936859131
1749235167.085974,16.17169985340312,2.483515501022339
1749235167.1194088,16.176150970111937,2.495516777038574
1749235167.1528027,16.185212348073343,2.5026793479919434
1749235167.1862452,16.192131592091613,2.512848377227783
1749235167.2196474,16.202124690357216,2.5180678367614746
1749235167.253104,16.20960649653013,2.526099681854248
1749235167.286553,16.214184868121826,2.534151554107666
1749235167.3206453,16.224388192139884,2.5406534671783447
1749235167.3540704,16.231345537131574,2.5491068363189697
1749235167.3874671,16.238895762267756,2.557858467102051
1749235167.4210076,16.24629845932126,2.5659523010253906
1749235167.4544203,16.253838579697664,2.5727429389953613
1749235167.4877722,16.26126901751989,2.580359935760498
1749235167.5211334,16.265967589783155,2.588895320892334
1749235167.554534,16.273652950062417,2.5960237979888916
1749235167.5878923,16.283506324469197,2.6039469242095947
1749235167.6213012,16.291016052499035,2.6110315322875977
1749235167.6547403,16.300907848719906,2.621586561203003
1749235167.6882126,16.308394409973985,2.628711462020874
1749235167.7216282,16.31577603948422,2.636845827102661
1749235167.7550447,16.323222940225094,2.6445963382720947
1749235167.7884703,16.33075385418132,2.6538307666778564
1749235167.8258185,16.340385979544482,2.661431312561035
1749235167.8592336,16.348046922262455,2.669651508331299
1749235167.8926516,16.355465820210576,2.6777684688568115
1749235167.9260602,16.362754411256716,2.684464454650879
1749235167.9595098,16.370506502398403,2.6916143894195557
1749235167.99298,16.377632103652754,2.6993424892425537
1749235168.026368,16.38276372061451,2.7055327892303467
1749235168.0597746,16.39040418503652,2.711592197418213
1749235168.0932164,16.400346463150598,2.7206504344940186
1749235168.126584,16.408161053492694,2.7296693325042725
1749235168.1599748,16.41549802269088,2.735640287399292
1749235168.1933992,16.422532893712646,2.741504192352295
1749235168.2268434,16.427747171464173,2.7488653659820557
1749235168.26025,16.43769148068615,2.756155252456665
1749235168.2936497,16.44517521425719,2.7632710933685303
1749235168.3270628,16.452765296889403,2.769197463989258
1749235168.3604603,16.460206893027376,2.776390552520752
1749235168.3939025,16.465193397083357,2.7834088802337646
1749235168.4275274,16.477808645643762,2.790980100631714
1749235168.4609435,16.485309342056258,2.7974579334259033
1749235168.494363,16.490040659949354,2.8039064407348633
1749235168.5278118,16.5003634699126,2.809666156768799
1749235168.561218,16.50788293853798,2.815439224243164
1749235168.5946317,16.51308518055868,2.822139263153076
1749235168.628078,16.520433503744858,2.8254058361053467
1749235168.6614826,16.530434428665433,2.833804130554199
1749235168.6948938,16.53780234132484,2.838390588760376
1749235168.728455,16.543123390966375,2.8415980339050293
1749235168.7618785,16.55055276698211,2.8482255935668945
1749235168.7992911,16.55809609843967,2.8539397716522217
1749235168.832718,16.56317251498125,2.858715057373047
1749235168.8663716,16.57592426970801,2.8642239570617676
1749235168.899994,16.583235756634046,2.869690179824829
1749235168.9334652,16.59117505057637,2.874540328979492
1749235168.9668798,16.596622939353377,2.878061532974243
1749235169.000318,16.606360646906637,2.882889747619629
1749235169.033728,16.614315125558374,2.8888323307037354
1749235169.0671349,16.624795098277943,2.8941469192504883
1749235169.1005495,16.629998294313094,2.8984005451202393
1749235169.137988,16.64051921336202,2.900979518890381
1749235169.1713924,16.648371705914705,2.904465913772583
1749235169.2048404,16.658877012663748,2.9078938961029053
1749235169.2382472,16.664098597624605,2.9114062786102295
1749235169.2716506,16.674539810917288,2.9150965213775635
1749235169.3050911,16.682135292296998,2.918113946914673
1749235169.3385022,16.690290129852983,2.9206628799438477
1749235169.371956,16.695509079408186,2.924384593963623
1749235169.4053738,16.705981969665853,2.9274847507476807
1749235169.4388044,16.71121205395277,2.930912733078003
1749235169.4722054,16.724306412347612,2.935098648071289
1749235169.505706,16.729530154232748,2.9374985694885254
1749235169.5391479,16.737387651563438,2.9406425952911377
1749235169.5725882,16.74523364564589,2.943946599960327
1749235169.6060035,16.755694060394223,2.948486566543579
1749235169.6394088,16.76355694097966,2.9513981342315674
1749235169.6728144,16.771141709863308,2.954512596130371
1749235169.7070663,16.776632397149125,2.958045482635498
1749235169.740479,16.789713537714185,2.9622738361358643
1749235169.7738822,16.79730613782536,2.965210199356079
1749235169.807319,16.805400158586522,2.968853235244751
1749235169.840742,16.81560761963141,2.9729790687561035
1749235169.8742952,16.823729740597084,2.975954294204712
1749235169.9077008,16.83130938882021,2.979133367538452
1749235169.9411728,16.839427013159867,2.982186794281006
1749235169.9746776,16.847292700861182,2.98482346534729
1749235170.00817,16.854871932220643,2.987879514694214
1749235170.041573,16.862979939693787,2.9911246299743652
1749235170.0749846,16.870835313885166,2.9940826892852783
1749235170.108499,16.87870470686286,2.9965174198150635
1749235170.1418965,16.886546184950483,2.9996044635772705
1749235170.1753275,16.894666127878054,3.002426862716675
1749235170.208725,16.90226518949854,3.004944086074829
1749235170.242129,16.9075024788206,3.0076396465301514
1749235170.275528,16.917992108326725,3.00966477394104
1749235170.3089838,16.92320126751605,3.0131006240844727
1749235170.3423936,16.931054043937944,3.0153675079345703
1749235170.3758368,16.94129367732406,3.0168943405151367
1749235170.409245,16.949131119790984,3.020566701889038
1749235170.4426947,16.956970198627573,3.0222437381744385
1749235170.4761064,16.962223831438088,3.0244686603546143
1749235170.5095446,16.972466543775763,3.0277225971221924
1749235170.5429506,16.979646183398838,3.02966046333313
1749235170.576405,16.982736974543474,3.0312068462371826
1749235170.6098197,16.986717339026754,3.0317139625549316
1749235170.6432219,16.99147087820124,3.0327491760253906
1749235170.6766243,16.994822044266133,3.0342936515808105
1749235170.7100663,16.99705389777574,3.034621238708496
1749235170.7434716,17.001277482619937,3.035773754119873
1749235170.7773914,17.004610198204162,3.036655902862549
1749235170.810807,17.007818770699018,3.0372252464294434
1749235170.8442068,17.010903662354828,3.0385022163391113
1749235170.8776355,17.014236400324226,3.039512872695923
1749235170.9110453,17.017452886265534,3.0401413440704346
1749235170.944447,17.02071834957857,3.039522647857666
1749235170.9778643,17.024910685363306,3.0401933193206787
1749235171.0113597,17.02715729613606,3.040908098220825
1749235171.0447562,17.030366874586573,3.0403826236724854
1749235171.0783594,17.03570736305047,3.040438175201416
1749235171.1117733,17.03771320482528,3.0394058227539062
1749235171.1452155,17.04007016442679,3.040545701980591
1749235171.178682,17.0443311544693,3.039372444152832
1749235171.2120721,17.048701161841333,3.0401699542999268
1749235171.2454953,17.050854724665392,3.040358066558838
1749235171.2789268,17.055334183566845,3.0394794940948486
1749235171.3124032,17.05764715174742,3.040315866470337
1749235171.3458228,17.062273744381518,3.0398106575012207
1749235171.379288,17.06559896181108,3.0394742488861084
1749235171.4128258,17.06911654152234,3.039567470550537
1749235171.4468844,17.07159820749452,3.0385735034942627
1749235171.4803348,17.07585755869312,3.0393106937408447
1749235171.5137484,17.079086395372723,3.038806200027466
1749235171.5475955,17.08218743175371,3.036641836166382
1749235171.5809886,17.085224551341263,3.036226749420166
1749235171.6143885,17.088328321838137,3.035980224609375
1749235171.6478016,17.090434756162963,3.0349137783050537
1749235171.6812055,17.09326103704029,3.0332694053649902
1749235171.714568,17.097297465163965,3.032592296600342
1749235171.7480145,17.09915582277995,3.0324196815490723
1749235171.7815828,17.10203918368372,3.031693458557129
1749235171.8149867,17.105938777387934,3.031188726425171
1749235171.8484335,17.10880241881826,3.030064821243286
1749235171.8818467,17.111586720058103,3.030526638031006
1749235171.9154935,17.11512949389257,3.029100179672241
1749235171.94911,17.116010255903575,3.0297839641571045
1749235171.9825547,17.119401989065256,3.0289196968078613
1749235172.0159712,17.122145563493515,3.0293619632720947
1749235172.0494485,17.124690213307048,3.0294265747070312
1749235172.0828562,17.12717814044083,3.028386116027832
1749235172.1165214,17.13053463614456,3.0286824703216553
1749235172.1499696,17.13215591237643,3.027965784072876
1749235172.1833744,17.13537339115747,3.0269432067871094
1749235172.2168767,17.13774705350229,3.026599884033203
1749235172.2503884,17.140080851360477,3.0258660316467285
1749235172.2886186,17.143119680220366,3.0261402130126953
1749235172.322073,17.144595659095,3.026458501815796
1749235172.3554862,17.14745943348311,3.0253636837005615
1749235172.389054,17.14888974254272,3.025660753250122
1749235172.4225357,17.151825320743214,3.0250015258789062
1749235172.4559565,17.153304558418025,3.025268316268921
1749235172.4893663,17.156259163541552,3.0244455337524414
1749235172.5227878,17.157764266336223,3.0257773399353027
1749235172.5562458,17.160453084515584,3.0236287117004395
1749235172.5896451,17.162619504071436,3.0252857208251953
1749235172.6230445,17.165354252613078,3.0238420963287354
1749235172.656448,17.166633220946657,3.0256683826446533
1749235172.6898906,17.168731813009636,3.0244550704956055
1749235172.7232888,17.171235076255243,3.02610182762146
1749235172.7567878,17.173101102377952,3.025789976119995
1749235172.7902255,17.174256547956404,3.0256621837615967
1749235172.8236284,17.176416263892044,3.0273427963256836
1749235172.8570256,17.17804628385878,3.0265142917633057
1749235172.890438,17.17966998686044,3.0269081592559814
1749235172.9238343,17.180768935430283,3.026232957839966
1749235172.9572685,17.18192119793791,3.026820421218872
1749235172.9907353,17.184143983032886,3.0263864994049072
1749235173.0241373,17.18633178403399,3.0272624492645264
1749235173.0575354,17.18744315343831,3.026823043823242
1749235173.090935,17.18917062550234,3.027596950531006
1749235173.1243598,17.190770780775846,3.0268423557281494
1749235173.1577692,17.192096944044316,3.0273337364196777
1749235173.1911664,17.194024233447887,3.0268304347991943
1749235173.2245843,17.19556185016627,3.026643991470337
1749235173.257968,17.197033699410575,3.0267374515533447
1749235173.2913752,17.198470601219007,3.026353359222412
1749235173.3249595,17.19988610625251,3.0272042751312256
1749235173.3584087,17.20135685007348,3.026379346847534
1749235173.3918061,17.202274864928697,3.028042793273926
1749235173.4252043,17.203973591795766,3.026827573776245
1749235173.4586315,17.204890525516248,3.0273966789245605
1749235173.4920337,17.206562344561757,3.027027130126953
1749235173.5254424,17.207829903296215,3.027329206466675
1749235173.5588431,17.20873666451615,3.0271201133728027
1749235173.592285,17.21027414928703,3.0267012119293213
1749235173.6256952,17.21140736754244,3.027282953262329
1749235173.6592035,17.212604286361465,3.026860237121582
1749235173.6929693,17.213691268291996,3.026705503463745
1749235173.7263672,17.21483776942997,3.0264453887939453
1749235173.7598386,17.215949245792572,3.0269014835357666
1749235173.7933228,17.21703659172769,3.0267837047576904
1749235173.8266895,17.21810958882312,3.0270586013793945
1749235173.8601453,17.21880845877416,3.0271995067596436
1749235173.8935835,17.22051054281639,3.0267221927642822
1749235173.9269798,17.221162037507117,3.0269739627838135
1749235173.9604638,17.221869332216286,3.026904582977295
1749235173.9938753,17.222879094267245,3.0262985229492188
1749235174.0274158,17.22426467094447,3.026902437210083
1749235174.0608182,17.225247302534523,3.0260238647460938
1749235174.0942736,17.226218062291345,3.0267436504364014
1749235174.1277065,17.227218158921858,3.0266263484954834
1749235174.1611233,17.228682402651476,3.0265073776245117
1749235174.19452,17.229305786303435,3.0262248516082764
1749235174.2281113,17.230497323946757,3.0259130001068115
1749235174.261555,17.23138485575793,3.0263938903808594
1749235174.2949553,17.232236703268853,3.0265069007873535
1749235174.3283694,17.233363095154424,3.026951551437378
1749235174.364522,17.23418200749923,3.0263307094573975
1749235174.3979256,17.234991416148933,3.026900053024292
1749235174.431336,17.236034520757983,3.0265464782714844
1749235174.464836,17.236827514516897,3.026601552963257
1749235174.4982543,17.23708884174738,3.0264978408813477
1749235174.5317516,17.237307143385152,3.026500940322876
1749235174.5651705,17.237393357661116,3.026484966278076
1749235174.5987606,17.23744044182087,3.026482343673706
1749235174.6325028,17.237465575222494,3.0264782905578613
1749235174.6659026,17.237479662442347,3.0264768600463867
1749235174.6993098,17.237487770295235,3.026474714279175
1749235174.7327754,17.23749122411103,3.0264742374420166
1749235174.7662072,17.23749625264271,3.0264744758605957
1749235174.7996953,17.237498885151012,3.026473045349121
1749235174.833179,17.237501121737782,3.026473045349121
1749235174.8665826,17.237503114528064,3.0264720916748047
1749235174.899984,17.23750481703404,3.0264716148376465
1749235174.9333827,17.237506953040878,3.0264716148376465
1749235174.966796,17.237508576396714,3.0264692306518555
1749235175.0002177,17.237510023200652,3.0264687538146973
1749235175.0336478,17.237512085607204,3.0264692306518555
1749235175.0670524,17.23751430642888,3.02646803855896
1749235175.100464,17.237515738384854,3.026468276977539
1749235175.1338367,17.23751700991555,3.026466131210327
1749235175.1672773,17.237519194483664,3.0264673233032227
1749235175.2008915,17.237520644635783,3.0264663696289062
1749235175.2342815,17.23752222983702,3.0264666080474854
1749235175.2676835,17.237523680463273,3.026465654373169
1749235175.3011367,17.23752532827414,3.026466131210327
1749235175.3345487,17.23752779553369,3.026463508605957
1749235175.368045,17.23752928529563,3.0264627933502197
1749235175.4015002,17.23753024302549,3.0264625549316406
1749235175.4349144,17.237531890728146,3.0264627933502197
1749235175.4683888,17.237533707638747,3.026461601257324
1749235175.5017817,17.237534668734764,3.026461601257324
1749235175.5352864,17.23753690413557,3.0264601707458496
1749235175.5686877,17.237538706103415,3.026460886001587
1749235175.6021187,17.237540967455438,3.0264599323272705
1749235175.6355774,17.23754206009948,3.026460647583008
1749235175.6689796,17.237544614090222,3.0264596939086914
1749235175.7023933,17.237546440965808,3.026458740234375
1749235175.7373185,17.237548249120948,3.026456117630005
1749235175.7707014,17.23754968417878,3.026455879211426
1749235175.8041139,17.23755142802046,3.026456356048584
1749235175.8375204,17.237552415691656,3.0264554023742676
1749235175.8709383,17.237554237267968,3.0264556407928467
1749235175.904342,17.23755526159925,3.026453971862793
1749235175.9378395,17.2375573136778,3.026454448699951
1749235175.971199,17.237558948515936,3.0264534950256348
1749235176.0046072,17.237560498872146,3.026453733444214
1749235176.038023,17.237561958995833,3.0264525413513184
1749235176.0740314,17.237564125594872,3.026453733444214
1749235176.1074398,17.237565723990407,3.0264506340026855
1749235176.1408405,17.23756722903505,3.026449680328369
1749235176.1742454,17.23756967772727,3.0264501571655273
1749235176.2076375,17.237570516738838,3.02644944190979
1749235176.2410545,17.237572391311396,3.026449203491211
1749235176.274454,17.237573349532283,3.0264480113983154
1749235176.3079019,17.237575196327473,3.0264477729797363
1749235176.3412533,17.23757636896592,3.0264480113983154
1749235176.3746564,17.23757853856192,3.02644681930542
1749235176.408059,17.237580544581583,3.0264477729797363
1749235176.4414766,17.23758163147741,3.0264463424682617
1749235176.474881,17.237583791074194,3.026447057723999
1749235176.5082922,17.2375851439358,3.0264439582824707
1749235176.5417113,17.23758763836761,3.0264434814453125
1749235176.575109,17.237588789554344,3.0264437198638916
1749235176.6085484,17.23759077413078,3.0264430046081543
1749235176.6419537,17.237591929864273,3.026442766189575
1749235176.6754773,17.23759362988816,3.0264415740966797
1749235176.7088826,17.237594463116814,3.0264410972595215
1749235176.7422976,17.237597410081776,3.0264410972595215
1749235176.7797475,17.23759893105307,3.0264408588409424
1749235176.8131592,17.237601306817318,3.0264406204223633
1749235176.8465633,17.237603139413633,3.0264406204223633
1749235176.8799672,17.237604765481674,3.026439905166626
1749235176.9133708,17.237606412033003,3.026437520980835
1749235176.9468017,17.23760870791524,3.026437282562256
1749235176.9802077,17.23761031457543,3.026437282562256
1749235177.014386,17.237611685963316,3.0264365673065186
1749235177.0477862,17.2376134858119,3.0264360904693604
1749235177.0812194,17.237615104074873,3.026434898376465
1749235177.1146247,17.237616904443822,3.026435375213623
1749235177.148001,17.237618668706798,3.0264344215393066
1749235177.1814013,17.237621080264365,3.0264346599578857
1749235177.2148006,17.237622671073865,3.0264337062835693
1749235177.2482152,17.23762394535484,3.0264341831207275
1749235177.2815819,17.237625425152455,3.026431083679199
1749235177.3150182,17.237627991271772,3.026430606842041
1749235177.3484309,17.237629584335533,3.0264313220977783
1749235177.3818405,17.23763155612174,3.026430130004883
1749235177.4152088,17.23763393309799,3.0264289379119873
1749235177.4486175,17.23763580199714,3.026428461074829
1749235177.4824126,17.237664488597577,3.0261318683624268
1749235177.5158758,17.240972509223393,3.0263121128082275
1749235177.5492733,17.245798866767487,3.0320324897766113
1749235177.5826795,17.253816618078982,3.03550386428833
1749235177.616079,17.260044536003385,3.042034387588501
1749235177.6495817,17.2669276169212,3.0485544204711914
1749235177.6832266,17.273968847267753,3.056077003479004
1749235177.7167728,17.27906250526757,3.059783697128296
1749235177.7502403,17.286072142884432,3.0654683113098145
1749235177.784173,17.29608799916416,3.071274518966675
1749235177.817585,17.303651445693752,3.075883150100708
1749235177.851018,17.308412821731412,3.0818848609924316
1749235177.8844256,17.31621278120981,3.0870559215545654
1749235177.9178777,17.323803470505197,3.0929574966430664
1749235177.951287,17.333918328143334,3.0981035232543945
1749235177.984694,17.341506754920097,3.103616952896118
1749235178.0180945,17.34909251065124,3.10916805267334
1749235178.0514934,17.3566771289924,3.116665840148926
1749235178.0849547,17.36427169710472,3.1222522258758545
1749235178.118568,17.374396056832616,3.1278789043426514
1749235178.1519861,17.38452440457534,3.1353087425231934
1749235178.1853821,17.393387003633443,-3.1413230895996094
1749235178.2191505,17.402250631854784,-3.134814739227295
1749235178.2525618,17.409847833871275,-3.1291768550872803
1749235178.2859614,17.417197585806843,-3.123793601989746
1749235178.3194187,17.425051380594958,-3.1179990768432617
1749235178.3528204,17.4326532166068,-3.1123950481414795
1749235178.386226,17.44278846247061,-3.104931116104126
1749235178.419723,17.44785624272021,-3.0993340015411377
1749235178.4531393,17.457991481700176,-3.0937325954437256
1749235178.4865916,17.46305889569359,-3.089998245239258
1749235178.5199947,17.46787320615447,-3.0844004154205322
1749235178.5534456,17.475728008504614,-3.080672264099121
1749235178.5868256,17.483075471571997,-3.0752482414245605
1749235178.6202304,17.490930187512575,-3.0674078464508057
1749235178.65367,17.50106511782554,-3.0619912147521973
1749235178.6870687,17.506132819851583,-3.0563886165618896
1749235178.720756,17.51880176572338,-3.0489189624786377
1749235178.754209,17.523616354423027,-3.043515682220459
1749235178.7877665,17.531471341564178,-3.039588689804077
1749235178.8212233,17.541606517147255,-3.032118797302246
1749235178.854991,17.549208557567187,-3.026526927947998
1749235178.8884835,17.557569918229635,-3.0203564167022705
1749235178.9218833,17.564665040324922,-3.0151333808898926
1749235178.955309,17.572013666173664,-3.0097122192382812
1749235178.988799,17.57961583465188,-3.004115343093872
1749235179.022227,17.586963701113426,-2.998694658279419
1749235179.0557153,17.59481918750939,-2.991041421890259
1749235179.0891917,17.60495469109193,-2.9854371547698975
1749235179.1225958,17.61255667311433,-2.979832172393799
1749235179.156001,17.617624872459277,-2.9742324352264404
1749235179.1894777,17.625227117682314,-2.970496654510498
1749235179.2238214,17.632828865158505,-2.9648942947387695
1749235179.257259,17.640430714118917,-2.9592881202697754
1749235179.2906613,17.648033220612636,-2.9536869525909424
1749235179.3240802,17.653354516132428,-2.9480855464935303
1749235179.357476,17.663237328376006,-2.942474842071533
1749235179.3908775,17.67058643694129,-2.9370672702789307
1749235179.424279,17.678441963321152,-2.931270122528076
1749235179.4576886,17.68604406577836,-2.9256701469421387
1749235179.4911222,17.693392797876278,-2.9202499389648438
1749235179.524504,17.69846097885311,-2.914461612701416
1749235179.5580058,17.70885070074393,-2.908848762512207
1749235179.591406,17.716453085419303,-2.903247356414795
1749235179.6248107,17.72152165257585,-2.897829532623291
1749235179.658211,17.731658138348667,-2.892038106918335
1749235179.6916687,17.736726430644644,-2.8862485885620117
1749235179.7251225,17.746862588194038,-2.8808226585388184
1749235179.7585201,17.75421171004988,-2.8735408782958984
1749235179.7919314,17.76232119909484,-2.8675615787506104
1749235179.8253696,17.767135988061,-2.8636398315429688
1749235179.8588643,17.779553070421812,-2.856724739074707
1749235179.8923957,17.782340708463597,-2.850929021835327
1749235179.9258027,17.789943321284376,-2.847193717956543
1749235179.9592745,17.797545526554085,-2.841585397720337
1749235179.9927435,17.807428906136575,-2.836169719696045
1749235180.0261588,17.812750316950844,-2.8303706645965576
1749235180.0596044,17.822887550229073,-2.8247852325439453
1749235180.0930347,17.830483908252333,-2.819108486175537
1749235180.126501,17.837833170243503,-2.813694953918457
1749235180.1599052,17.845687310350712,-2.807891845703125
1749235180.193309,17.855572275828223,-2.800636053085327
1749235180.2267506,17.863425598655514,-2.7948248386383057
1749235180.260161,17.86824022421705,-2.789212226867676
1749235180.2935772,17.87584321132818,-2.785663366317749
1749235180.3282433,17.883695234166677,-2.779815196990967
1749235180.3616781,17.888525030703057,-2.7747459411621094
1749235180.395101,17.90127776286516,-2.7682080268859863
1749235180.4284997,17.909179840855867,-2.762815475463867
1749235180.4619112,17.91402923938582,-2.757528305053711
1749235180.4953105,17.924283626067492,-2.7531096935272217
1749235180.5288315,17.932139948606743,-2.7471554279327393
1749235180.5622358,17.937216091899895,-2.7414255142211914
1749235180.5956423,17.94481912664175,-2.7354660034179688
1749235180.6290648,17.95245556181644,-2.730238676071167
1749235180.6675851,17.96233863824136,-2.7246298789978027
1749235180.7012181,17.97026538797188,-2.719576120376587
1749235180.7346323,17.977871734929806,-2.714003562927246
1749235180.768041,17.98293317338087,-2.708036422729492
1749235180.8014562,17.991820514650616,-2.7028067111968994
1749235180.834944,18.000560967273216,-2.6960020065307617
1749235180.8683512,18.005654363747254,-2.690753221511841
1749235180.901821,18.018214621527925,-2.6824371814727783
1749235180.935344,18.025760609526202,-2.676530122756958
1749235180.9691052,18.03325654571767,-2.6701455116271973
1749235181.0043268,18.04083307909419,-2.664907455444336
1749235181.037732,18.04828150028052,-2.6580851078033447
1749235181.071129,18.053352882535993,-2.652435541152954
1749235181.104543,18.063219206532924,-2.645220994949341
1749235181.1379514,18.07052427981021,-2.639845609664917
1749235181.171359,18.078291272333363,-2.633769989013672
1749235181.204776,18.083184879253793,-2.626114845275879
1749235181.2382236,18.0929162516251,-2.6198461055755615
1749235181.271623,18.098208699454016,-2.613492250442505
1749235181.3052375,18.107959229889282,-2.607442855834961
1749235181.338637,18.113159944344066,-2.602402925491333
1749235181.3720403,18.123394021929506,-2.594191789627075
1749235181.4054835,18.130335193088627,-2.5859241485595703
1749235181.4388874,18.134867189920204,-2.5774142742156982
1749235181.4723883,18.13991386276571,-2.5719470977783203
1749235181.5058005,18.15199080419119,-2.563323497772217
1749235181.539245,18.159431849165237,-2.553842067718506
1749235181.5726523,18.166974248568703,-2.548036813735962
1749235181.6060772,18.173963257246523,-2.537780523300171
1749235181.6394787,18.18122747909102,-2.528637647628784
1749235181.6730773,18.18618594956996,-2.523353338241577
1749235181.7064867,18.19325646079702,-2.509406328201294
1749235181.7399049,18.203241453132755,-2.503154754638672
1749235181.77337,18.207842025819826,-2.4943037033081055
1749235181.8068378,18.21766151836648,-2.484877347946167
1749235181.8402343,18.227563685668613,-2.4741411209106445
1749235181.8736358,18.23252262747259,-2.4658193588256836
1749235181.9070878,18.24466055064648,-2.453070640563965
1749235181.940496,18.252028615184585,-2.444049835205078
1749235181.9739046,18.256608255432575,-2.43758487701416
1749235182.0079653,18.261809617241617,-2.428513526916504
1749235182.0413806,18.271812113953757,-2.420318603515625
1749235182.0747871,18.276599408904815,-2.4114201068878174
1749235182.1087387,18.28396706492164,-2.403714895248413
1749235182.1422348,18.294126407353595,-2.3955914974212646
1749235182.1756988,18.304063345789217,-2.384883403778076
1749235182.2091093,18.308981653813863,-2.3759958744049072
1749235182.242527,18.31859094328787,-2.3677453994750977
1749235182.2759387,18.323967015124886,-2.3611268997192383
1749235182.3093255,18.333772925461176,-2.352673053741455
1749235182.3427057,18.341162100904288,-2.3447277545928955
1749235182.3761258,18.346104411782722,-2.3396286964416504
1749235182.4095385,18.353355451482443,-2.327646017074585
1749235182.4429505,18.363208387746084,-2.3186731338500977
1749235182.4763663,18.370643107674145,-2.3103091716766357
1749235182.5097423,18.378034484677595,-2.301988124847412
1749235182.5431473,18.38529112721846,-2.2923965454101562
1749235182.576566,18.3925810566027,-2.2826740741729736
1749235182.6099927,18.399683039572974,-2.273226261138916
1749235182.6433759,18.40734574819323,-2.266010284423828
1749235182.6768136,18.4153234581182,-2.257874011993408
1749235182.7102118,18.424706292141657,-2.248171329498291
1749235182.7436302,18.42927002113379,-2.23787522315979
1749235182.7770307,18.43922369926793,-2.2301528453826904
1749235182.8104982,18.44169049016569,-2.221156358718872
1749235182.843901,18.453602276883103,-2.2109439373016357
1749235182.8773005,18.46125619203527,-2.201922655105591
1749235182.9108002,18.47062213210627,-2.1910219192504883
1749235182.9442112,18.478142684118417,-2.1810860633850098
1749235182.977599,18.487878578087486,-2.16791033744812
1749235183.0110042,18.495075360430416,-2.159284830093384
1749235183.0444143,18.50277703010682,-2.15039324760437
1749235183.0778222,18.5102463673653,-2.1422314643859863
1749235183.1112278,18.517328799168478,-2.1334760189056396
1749235183.144672,18.52452055490513,-2.1228840351104736
1749235183.1780777,18.52986121847541,-2.113736629486084
1749235183.2114851,18.539776944249216,-2.1059181690216064
1749235183.2448988,18.547012516116535,-2.095693588256836
1749235183.2783194,18.552113897973733,-2.087676763534546
1749235183.3117502,18.56197289362433,-2.078888416290283
1749235183.3453298,18.56493129101394,-2.0730092525482178
1749235183.3791788,18.574590159290658,-2.0613174438476562
1749235183.4125717,18.584154663976225,-2.0525262355804443
1749235183.4459429,18.591593342870095,-2.044062376022339
1749235183.4799392,18.59661082898713,-2.039165496826172
1749235183.5133467,18.60392592960145,-2.0300583839416504
1749235183.5467885,18.611379634708836,-2.0220930576324463
1749235183.5812032,18.61861320418424,-2.0126137733459473
1749235183.6147175,18.62348979079073,-2.0030078887939453
1749235183.6481237,18.633524656092785,-1.9960652589797974
1749235183.6815295,18.64311677827245,-1.9851763248443604
1749235183.7149942,18.65056033093836,-1.9772183895111084
1749235183.7484183,18.66074665352883,-1.966734528541565
1749235183.781847,18.665712941474833,-1.9617184400558472
1749235183.8152432,18.67530032577267,-1.9506474733352661
1749235183.848763,18.680338286085888,-1.9425464868545532
1749235183.8821752,18.688023066077086,-1.935349464416504
1749235183.915604,18.697991574395463,-1.9277002811431885
1749235183.949005,18.70558503458745,-1.9217380285263062
1749235183.9824119,18.712681811860612,-1.9137738943099976
1749235184.0165749,18.71792045234281,-1.906753420829773
1749235184.0499833,18.727692385166208,-1.90046226978302
1749235184.0835898,18.73287581025605,-1.8927984237670898
1749235184.1169882,18.74269160073247,-1.8872066736221313
1749235184.1504426,18.747870400000053,-1.879563331604004
1749235184.1838434,18.752835575735414,-1.874642252922058
1749235184.2172513,18.76297778891835,-1.8698030710220337
1749235184.25069,18.770685628467778,-1.863195538520813
1749235184.2840867,18.777564481795633,-1.856095552444458
1749235184.3175092,18.785161289917717,-1.8513237237930298
1749235184.350956,18.79296999812601,-1.8444511890411377
1749235184.3844066,18.800322958000148,-1.837646484375
1749235184.417826,18.807585154866757,-1.8339569568634033
1749235184.4512267,18.818027828901766,-1.828781008720398
1749235184.4847791,18.82294528499578,-1.8244547843933105
1749235184.5182383,18.830645062728948,-1.8183618783950806
1749235184.5516496,18.83295022591703,-1.816116213798523
1749235184.5851526,18.840371744097457,-1.8121275901794434
1749235184.6186204,18.84814170889998,-1.805923342704773
1749235184.6520574,18.855745373827546,-1.8024336099624634
1749235184.6854918,18.863496331520253,-1.7985795736312866
1749235184.7189007,18.87380744307435,-1.7925770282745361
1749235184.7522964,18.881845420126485,-1.7882872819900513
1749235184.7857006,18.889155194860688,-1.785874366760254
1749235184.8192503,18.894611054827806,-1.7825103998184204
1749235184.8526855,18.90238957973479,-1.7787666320800781
1749235184.8861148,18.907583855333225,-1.7767125368118286
1749235184.920553,18.917709804182078,-1.771923303604126
1749235184.953994,18.928108737585987,-1.7693634033203125
1749235184.987447,18.930963477063806,-1.7666170597076416
1749235185.0208464,18.941334140100377,-1.7634049654006958
1749235185.0543098,18.949134539478525,-1.7603321075439453
1749235185.0877132,18.95458977926201,-1.7570475339889526
1749235185.1211393,18.96471474512342,-1.7539290189743042
1749235185.1547403,18.9750870416953,-1.749322772026062
1749235185.1881583,18.982876437177477,-1.7461050748825073
1749235185.2215362,18.98780716470783,-1.7440282106399536
1749235185.254919,18.993244194073924,-1.7401843070983887
1749235185.288343,19.001042624797304,-1.7374141216278076
1749235185.321791,19.01141143730734,-1.7338440418243408
1749235185.3552048,19.019195500243175,-1.7305634021759033
1749235185.3886118,19.026984737482778,-1.7273213863372803
1749235185.4220235,19.034803246340257,-1.725015640258789
1749235185.4554393,19.042575231186895,-1.721630334854126
1749235185.4888396,19.05036907482749,-1.718617558479309
1749235185.5222526,19.05814814352914,-1.7152631282806396
1749235185.5557003,19.06854069333105,-1.7112618684768677
1749235185.5892253,19.076331426155406,-1.7081886529922485
1749235185.6275377,19.084392374028397,-1.7053676843643188
1749235185.6609485,19.089065606468584,-1.7024706602096558
1749235185.6943936,19.10126657409107,-1.6984424591064453
1749235185.7277927,19.107502339573717,-1.6965055465698242
1749235185.761244,19.115567194301825,-1.6939339637756348
1749235185.7947974,19.12283702489749,-1.6913080215454102
1749235185.8281608,19.130885756072846,-1.6883435249328613
1749235185.8615594,19.138677100931314,-1.6855155229568481
1749235185.894956,19.14647803025426,-1.6830085515975952
1749235185.9283574,19.15426542197265,-1.6801873445510864
1749235185.9617987,19.159460603113107,-1.6783936023712158
1749235185.995207,19.16491221810972,-1.6754595041275024
1749235186.0286124,19.175827374982767,-1.6727807521820068
1749235186.0620174,19.18023324780147,-1.6698790788650513
1749235186.0953653,19.188047761366104,-1.668264627456665
1749235186.1287756,19.19816611147467,-1.665326476097107
1749235186.1622276,19.20388540922745,-1.6626899242401123
1749235186.1956306,19.211671770625895,-1.6597286462783813
1749235186.2290592,19.22181776733239,-1.65755295753479
1749235186.262471,19.229364247189203,-1.655457615852356
1749235186.2958655,19.234827280464312,-1.6532071828842163
1749235186.3292842,19.245219415683454,-1.6498523950576782
1749235186.3627412,19.25306321373886,-1.6495636701583862
1749235186.3961887,19.26344877288512,-1.6462597846984863
1749235186.4296472,19.27126867507899,-1.6444990634918213
1749235186.46305,19.27906410783746,-1.6419204473495483
1749235186.4968379,19.286596804059723,-1.6395015716552734
1749235186.5305095,19.294691255041005,-1.6382839679718018
1749235186.5643263,19.3024915277747,-1.6360132694244385
1749235186.5977366,19.31030129103348,-1.634045958518982
1749235186.631154,19.318110778663055,-1.632089376449585
1749235186.6645887,19.325925071506898,-1.6303421258926392
1749235186.6980662,19.333735245653926,-1.6285059452056885
1749235186.731503,19.338933650066664,-1.626987099647522
1749235186.764976,19.346739307654534,-1.6249828338623047
1749235186.7983825,19.35455848263765,-1.623722791671753
1749235186.8318405,19.35975376013987,-1.6211811304092407
1749235186.8652499,19.37280598695894,-1.619596004486084
1749235186.8989065,19.38061275296196,-1.6178665161132812
1749235186.9322681,19.388432310229852,-1.6156448125839233
1749235186.9656837,19.393665211568184,-1.6146881580352783
1749235186.999105,19.40382830809154,-1.6136504411697388
1749235187.0325558,19.411891366855414,-1.6118806600570679
1749235187.0660574,19.41685059842636,-1.610979676246643
1749235187.0994716,19.427530367748297,-1.6094304323196411
1749235187.133088,19.435348009068363,-1.6082218885421753
1749235187.1667752,19.443162704161768,-1.6069679260253906
1749235187.200185,19.448373597607905,-1.606175422668457
1749235187.2336087,19.456183284897786,-1.604739785194397
1749235187.26702,19.46399432637877,-1.6031925678253174
1749235187.3004234,19.4692113822924,-1.602661371231079
1749235187.3338413,19.477027856312812,-1.6015233993530273
1749235187.3681662,19.487445205025995,-1.6002973318099976
1749235187.401565,19.49239534678539,-1.5996226072311401
1749235187.4349742,19.502838517185697,-1.5986417531967163
1749235187.468417,19.505443893897823,-1.5973188877105713
1749235187.5019152,19.516147911728535,-1.5965807437896729
1749235187.535385,19.52370895989158,-1.594893217086792
1749235187.5688627,19.53178540999291,-1.5938814878463745
1749235187.6023219,19.542237656198647,-1.5936245918273926
1749235187.6357236,19.54981156431164,-1.5926202535629272
1749235187.6691692,19.557637850978068,-1.5915840864181519
1749235187.7026079,19.56572157185447,-1.5906929969787598
1749235187.7372873,19.573544106893312,-1.58987557888031
1749235187.770685,19.57876248768406,-1.5892480611801147
1749235187.804085,19.586583351997113,-1.5880078077316284
1749235187.8375244,19.596763135545554,-1.5873905420303345
1749235187.8709352,19.602239972555047,-1.5868533849716187
1749235187.9043617,19.610080518828543,-1.5854722261428833
1749235187.9377613,19.61793853824288,-1.585278868675232
1749235187.9711509,19.62577773454817,-1.5849132537841797
1749235188.0045562,19.630734382281524,-1.5841037034988403
1749235188.03797,19.641423660452634,-1.5834513902664185
1749235188.071826,19.646634487255575,-1.5829401016235352
1749235188.1053555,19.65705712863212,-1.5822373628616333
1749235188.1389265,19.6622672066579,-1.5816419124603271
1749235188.172338,19.67008197198286,-1.5809794664382935
1749235188.2057943,19.677896272642958,-1.5803343057632446
1749235188.2391927,19.685710593466258,-1.5798929929733276
1749235188.2726011,19.695870123803836,-1.5792741775512695
1749235188.3060858,19.703684287215214,-1.578437089920044
1749235188.339501,19.711761255762333,-1.5780917406082153
1749235188.3729188,19.71957639328124,-1.5776996612548828
1749235188.4063253,19.724785600320953,-1.5771558284759521
1749235188.439749,19.73494382553998,-1.5767924785614014
1749235188.473151,19.74301727368564,-1.5762083530426025
1749235188.5065653,19.75082999205214,-1.57574462890625
1749235188.5399895,19.758642722367064,-1.5752700567245483
1749235188.5734026,19.766194636968336,-1.574789047241211
1749235188.6067693,19.771662818646192,-1.574193000793457
1749235188.6401794,19.77947415126236,-1.5736974477767944
1749235188.673689,19.787025209235797,-1.57346510887146
1749235188.7071443,19.795096007140703,-1.5727887153625488
1749235188.7405915,19.802645623307196,-1.572245478630066
1749235188.7740037,19.81332241633672,-1.5719729661941528
1749235188.8074028,19.817228652013632,-1.571712851524353
1749235188.840914,19.826342393126435,-1.5714446306228638
1749235188.874331,19.831810742251257,-1.5710383653640747
1749235188.9077435,19.83936336231766,-1.570944905281067
1749235188.9411657,19.84717538963731,-1.5704277753829956
1749235188.9746158,19.85759192840142,-1.5702229738235474
1749235189.0080254,19.86253915333568,-1.5695627927780151
1749235189.0414407,19.8755583806566,-1.5692342519760132
1749235189.0750391,19.883370484773227,-1.568983554840088
1749235189.1084545,19.89144249090464,-1.5686897039413452
1749235189.141846,19.899253233351995,-1.5683181285858154
1749235189.175248,19.90706447190516,-1.5679641962051392
1749235189.2087138,19.914877055776937,-1.5678532123565674
1749235189.242413,19.925294596572854,-1.5678004026412964
1749235189.275868,19.9305027709193,-1.5673760175704956
1749235189.3107257,19.938315443828213,-1.5672818422317505
1749235189.3441384,19.946127755618903,-1.5668545961380005
1749235189.3775508,19.951075985638536,-1.5667446851730347
1749235189.4109674,19.959149474974296,-1.5666331052780151
1749235189.4444873,19.96930678420395,-1.566462516784668
1749235189.477923,19.977379431227085,-1.566182017326355
1749235189.5113301,19.985192125694667,-1.5660390853881836
1749235189.544763,19.993004615857192,-1.5655535459518433
1749235189.578152,20.00342262301034,-1.5656535625457764
1749235189.6115868,20.011235824031974,-1.5655015707015991
1749235189.6449978,20.019048182735027,-1.5652254819869995
1749235189.6785302,20.024256842065686,-1.565086007118225
1749235189.712069,20.029204269668938,-1.5647852420806885
1749235189.7454839,20.039622497784364,-1.5648502111434937
1749235189.7788887,20.044831755029787,-1.564620852470398
1749235189.812363,20.054312088862805,-1.564491868019104
1749235189.8457696,20.05772053997092,-1.5640194416046143
1749235189.8791697,20.063299098205665,-1.5641745328903198
1749235189.9125671,20.068117272369687,-1.564069151878357
1749235189.9460218,20.07048055393125,-1.563999056816101
1749235189.9794207,20.078663428320468,-1.5638974905014038
1749235190.0128193,20.082515451187255,-1.563857913017273
1749235190.0461962,20.08603897436411,-1.563777208328247
1749235190.0796456,20.08940100795889,-1.5635358095169067
1749235190.1130686,20.091593562857746,-1.5635560750961304
1749235190.146459,20.093981025713525,-1.5637413263320923
1749235190.180658,20.09924747697414,-1.563554286956787
1749235190.2141004,20.102352001425242,-1.5633409023284912
1749235190.2475677,20.10544933116282,-1.5636255741119385
1749235190.2811384,20.108758866031184,-1.563413381576538
1749235190.314545,20.11195787304677,-1.5636019706726074
1749235190.3479424,20.11515825191884,-1.5638571977615356
1749235190.3813422,20.118357880941428,-1.5638645887374878
1749235190.4147704,20.120598303812624,-1.563666820526123
1749235190.4482439,20.12358710787613,-1.5639827251434326
1749235190.4816673,20.12785614076697,-1.5640032291412354
1749235190.5150697,20.13116192779702,-1.5642142295837402
1749235190.5484781,20.13361533655414,-1.5641194581985474
1749235190.5819628,20.138639008909355,-1.5647368431091309
1749235190.6153774,20.14187049276273,-1.5642731189727783
1749235190.6487975,20.14498272262146,-1.5645688772201538
1749235190.6822994,20.148299433093605,-1.564805507659912
1749235190.715715,20.151504064780298,-1.5652068853378296
1749235190.7491264,20.154722456627358,-1.5648735761642456
1749235190.782695,20.159000369210997,-1.5654209852218628
1749235190.816156,20.162182104436233,-1.5658811330795288
1749235190.8497007,20.165378474008513,-1.5657745599746704
1749235190.8831053,20.167406861809365,-1.5660581588745117
1749235190.9165206,20.172215057816278,-1.5667732954025269
1749235190.9499435,20.17625966503311,-1.5665251016616821
1749235190.9833448,20.18026198548025,-1.5677534341812134
1749235191.0187647,20.184312971007394,-1.567780613899231
1749235191.0529377,20.18832296946581,-1.5689150094985962
1749235191.0868206,20.192274189415777,-1.5694679021835327
1749235191.1202893,20.196177453509957,-1.5696334838867188
1749235191.1536906,20.200015644107538,-1.5713526010513306
1749235191.1871705,20.205095924549045,-1.572016954421997
1749235191.220569,20.208701237844835,-1.5722002983093262
1749235191.2539742,20.212346459639097,-1.5732324123382568
1749235191.2873719,20.216057730672045,-1.5739415884017944
1749235191.3208268,20.21960169318989,-1.5738898515701294
1749235191.354282,20.224243189180974,-1.5752952098846436
1749235191.3877215,20.227568003220867,-1.575272798538208
1749235191.4211583,20.230860894580108,-1.5762743949890137
1749235191.4545586,20.234234799188826,-1.5778110027313232
1749235191.488013,20.237432418379942,-1.5778694152832031
1749235191.5214245,20.23961571879304,-1.578896403312683
1749235191.5548759,20.242991284260036,-1.5791112184524536
1749235191.5882854,20.247184231877068,-1.580230951309204
1749235191.6217017,20.25024540487082,-1.5809614658355713
1749235191.6551049,20.253247161389186,-1.5817639827728271
1749235191.688618,20.255125547462047,-1.5826436281204224
1749235191.7220159,20.258157864745506,-1.5826576948165894
1749235191.755432,20.261981208262505,-1.5838826894760132
1749235191.7889154,20.263882198212574,-1.5839202404022217
1749235191.822596,20.267209439341762,-1.5842128992080688
1749235191.8560004,20.270186382329022,-1.585468053817749
1749235191.8894548,20.272915000964392,-1.585248351097107
1749235191.9228601,20.274775694057965,-1.5859606266021729
1749235191.9562714,20.277310873380294,-1.586143970489502
1749235191.9896722,20.280791393784497,-1.5872187614440918
1749235192.023101,20.283309416033706,-1.5865129232406616
1749235192.0564978,20.285747978277293,-1.587733268737793
1749235192.0898974,20.288194094803778,-1.5876067876815796
1749235192.1232934,20.2906032931388,-1.5885865688323975
1749235192.1567066,20.292991163288157,-1.588433027267456
1749235192.1901457,20.29532464816363,-1.5893564224243164
1749235192.2236323,20.297547184267167,-1.5891810655593872
1749235192.2570326,20.299870207014674,-1.5892475843429565
1749235192.2904806,20.301344124444707,-1.589742660522461
1749235192.3239,20.304280924214833,-1.589374303817749
1749235192.357301,20.30574185413235,-1.5904042720794678
1749235192.3907971,20.308607742334576,-1.5904204845428467
1749235192.4242058,20.310109386783044,-1.5905587673187256
1749235192.4576256,20.31287588664113,-1.5903817415237427
1749235192.4911838,20.314908661861065,-1.5911669731140137
1749235192.524588,20.31684200499775,-1.5914201736450195
1749235192.5580306,20.318860638985985,-1.5911314487457275
1749235192.591437,20.320139983881294,-1.5909806489944458
1749235192.6248367,20.322031575407394,-1.5914223194122314
1749235192.6582453,20.323896383472416,-1.5919206142425537
1749235192.6917417,20.32629290788717,-1.5918954610824585
1749235192.7251315,20.32756330556512,-1.5919111967086792
1749235192.7585342,20.329341341250373,-1.5921844244003296
1749235192.7919917,20.33111005224743,-1.5920478105545044
1749235192.8255403,20.33284038127207,-1.5930275917053223
1749235192.8589025,20.33524888150586,-1.5931742191314697
1749235192.8923602,20.336911316182338,-1.5928089618682861
1749235192.925744,20.33808105353482,-1.5931464433670044
1749235192.9591818,20.339122498390402,-1.593570351600647
1749235192.992591,20.341352636719147,-1.593591570854187
1749235193.025987,20.34291116798246,-1.5932562351226807
1749235193.0593958,20.344450468833262,-1.594057559967041
1749235193.0929832,20.346009214029596,-1.593571424484253
1749235193.1263974,20.3474748042544,-1.5939184427261353
1749235193.1598165,20.348506129339654,-1.5942620038986206
1749235193.1932232,20.35043275184744,-1.5943326950073242
1749235193.2266307,20.3513871881447,-1.5939385890960693
1749235193.2600396,20.353260399309434,-1.593889832496643
1749235193.2934508,20.355091867397235,-1.5943248271942139
1749235193.3268602,20.356446569150037,-1.5942609310150146
1749235193.3602655,20.357773495971646,-1.594105839729309
1749235193.3937573,20.359077504231323,-1.5941139459609985
1749235193.4271638,20.359933962347526,-1.594244360923767
1749235193.460568,20.361626819829734,-1.594029426574707
1749235193.4940212,20.36246856024824,-1.5945510864257812
1749235193.5274277,20.363851794861237,-1.593938946723938
1749235193.5608902,20.365080729605236,-1.5946522951126099
1749235193.5942962,20.3666774698285,-1.594039797782898
1749235193.627738,20.367478831570697,-1.594128131866455
1749235193.6612349,20.36904619117453,-1.594208002090454
1749235193.6946545,20.369773404339508,-1.5945147275924683
1749235193.7280624,20.370953011160875,-1.5944020748138428
1749235193.7614598,20.37170664168181,-1.5943140983581543
1749235193.7951071,20.37313669052999,-1.594528317451477
1749235193.8285437,20.37353747046935,-1.5945405960083008
1749235193.861947,20.37496225652957,-1.594398021697998
1749235193.8953474,20.375965314569353,-1.5946414470672607
1749235193.9287436,20.376682545728492,-1.5945051908493042
1749235193.962161,20.377994946569068,-1.5946791172027588
1749235193.9956148,20.378989289058644,-1.594624638557434
1749235194.0290704,20.379998329857386,-1.5945403575897217
1749235194.0625486,20.380973166973973,-1.5945549011230469
1749235194.099672,20.382230988835662,-1.5946149826049805
1749235194.1330783,20.38285523093682,-1.5945521593093872
1749235194.1664875,20.383779542943504,-1.5945683717727661
1749235194.1998963,20.384982858900578,-1.5945305824279785
1749235194.233348,20.385587297016087,-1.5946130752563477
1749235194.2668016,20.386715090622033,-1.5942845344543457
1749235194.3002126,20.387029077344213,-1.594649314880371
1749235194.3336225,20.38847861994562,-1.5943408012390137
1749235194.3670278,20.38934746668773,-1.5948494672775269
1749235194.4004383,20.389890909773964,-1.594217300415039
1749235194.4338365,20.391061721072408,-1.5949345827102661
1749235194.4672446,20.391647711590277,-1.5944178104400635
1749235194.500694,20.392754568916164,-1.5946500301361084
1749235194.5341024,20.393351028499854,-1.594538688659668
1749235194.5675464,20.39367371088154,-1.5946080684661865
1749235194.6009448,20.393843964627653,-1.5946037769317627
1749235194.6343532,20.393940346900703,-1.5946142673492432
1749235194.6677775,20.393988548407595,-1.5946193933486938
1749235194.7013729,20.394016222080527,-1.5946190357208252
1749235194.7347648,20.394030537237143,-1.594620943069458
1749235194.768234,20.39403912951862,-1.5946235656738281
1749235194.801645,20.39404537118868,-1.594622015953064
1749235194.835077,20.394047349140074,-1.59462571144104
1749235194.8686254,20.3940504603649,-1.594624400138855
1749235194.9020658,20.39405246136449,-1.594624638557434
1749235194.9354386,20.39405391496901,-1.5946279764175415
1749235194.9689343,20.39405536981363,-1.5946252346038818
1749235195.0023568,20.394056385050753,-1.5946298837661743
1749235195.0359223,20.39405882080106,-1.5946286916732788
1749235195.0711777,20.394059304248334,-1.5946284532546997
1749235195.1045947,20.394060299605517,-1.5946303606033325
1749235195.1380224,20.3940629494144,-1.5946288108825684
1749235195.171485,20.39406397729915,-1.5946323871612549
1749235195.2049327,20.39406543124053,-1.5946307182312012
1749235195.2383206,20.394067888414128,-1.5946308374404907
1749235195.272411,20.394069008982715,-1.5946341753005981
1749235195.3058171,20.394070628030523,-1.5946317911148071
1749235195.3393734,20.39407238579539,-1.594635248184204
1749235195.3728218,20.39407297403264,-1.5946325063705444
1749235195.40623,20.39407543795787,-1.5946340560913086
1749235195.439603,20.39407530325527,-1.5946354866027832
1749235195.4731894,20.39407785305796,-1.594635009765625
1749235195.5066347,20.394079611092987,-1.5946388244628906
1749235195.5400388,20.394080775561534,-1.59463632106781
1749235195.5734417,20.39408240548391,-1.5946375131607056
1749235195.606886,20.394084594765754,-1.5946407318115234
1749235195.6403048,20.394085759781532,-1.5946377515792847
1749235195.673739,20.3940867340021,-1.5946414470672607
1749235195.7071488,20.394088764376665,-1.5946404933929443
1749235195.74056,20.394089753977294,-1.5946401357650757
1749235195.773962,20.394090893578802,-1.594643473625183
1749235195.8073652,20.394093379813896,-1.5946407318115234
1749235195.8407884,20.3940949190629,-1.594645380973816
1749235195.8741953,20.394097137195928,-1.5946444272994995
1749235195.9077284,20.394098341930597,-1.5946433544158936
1749235195.9413953,20.394100384546324,-1.5946457386016846
1749235195.9748073,20.39410192075613,-1.5946446657180786
1749235196.0082161,20.394103397109436,-1.5946459770202637
1749235196.0416315,20.394105157549852,-1.5946483612060547
1749235196.0751486,20.394106458548947,-1.5946464538574219
1749235196.1087189,20.3941079586713,-1.5946496725082397
1749235196.142133,20.3941094555302,-1.5946476459503174
1749235196.1755445,20.394110063917818,-1.5946507453918457
1749235196.208991,20.39411152442869,-1.594650149345398
1749235196.242411,20.39411348712996,-1.5946495532989502
1749235196.2758174,20.394113974809216,-1.5946528911590576
1749235196.3092268,20.394115592328937,-1.5946505069732666
1749235196.3426106,20.39411736278472,-1.5946543216705322
1749235196.3760538,20.394119020084112,-1.5946518182754517
1749235196.4095478,20.39412055343134,-1.5946530103683472
1749235196.442951,20.394121771809132,-1.594655156135559
1749235196.4764092,20.39412392694538,-1.5946534872055054
1749235196.5100186,20.394125456246027,-1.5946569442749023
1749235196.5434337,20.39412740867719,-1.594655990600586
1749235196.5768359,20.39412918749091,-1.5946557521820068
1749235196.6102607,20.394130995032967,-1.594658613204956
1749235196.6437795,20.394132789753396,-1.594656229019165
1749235196.6771867,20.394134319197644,-1.594659447669983
1749235196.7105904,20.394136650787,-1.5946599245071411
1749235196.7439916,20.39413733115733,-1.5946584939956665
1749235196.777396,20.394138811793912,-1.5946602821350098
1749235196.8108306,20.39414065881141,-1.594659686088562
1749235196.84424,20.394141186022306,-1.5946606397628784
1749235196.8776445,20.394142988449826,-1.5946617126464844
1749235196.9113855,20.394144789145997,-1.5946638584136963
1749235196.944787,20.394145852859847,-1.5946619510650635
1749235196.9781697,20.394147470156845,-1.594665288925171
1749235197.011561,20.39414897353766,-1.5946630239486694
1749235197.0449626,20.39415046361166,-1.594664454460144
1749235197.078396,20.39415197986419,-1.5946663618087769
1749235197.1118,20.39415302556554,-1.5946651697158813
1749235197.145202,20.39415525380255,-1.5946681499481201
1749235197.1786215,20.39415685570608,-1.5946662425994873
1749235197.2120247,20.394157853361243,-1.5946683883666992
1749235197.2455223,20.394159601902142,-1.5946693420410156
1749235197.2789338,20.394161245494118,-1.5946682691574097
1749235197.3124635,20.394162671355527,-1.5946719646453857
1749235197.3458672,20.39416426036263,-1.594670295715332
1749235197.3792732,20.394166704997936,-1.5946711301803589
1749235197.412654,20.394167820131866,-1.5946714878082275
1749235197.4461174,20.394169113964605,-1.5946712493896484
1749235197.4796238,20.394171084079485,-1.5946744680404663
1749235197.5130901,20.39417293276518,-1.5946717262268066
1749235197.5465055,20.394510842132952,-1.5951310396194458
1749235197.5800714,20.396618455550875,-1.5937432050704956
1749235197.6135259,20.407411372260714,-1.5908982753753662
1749235197.6473982,20.41286519758519,-1.5887943506240845
1749235197.6815171,20.424637551882427,-1.5875922441482544
1749235197.7149365,20.43072559649885,-1.585699200630188
1749235197.7484112,20.440063930077965,-1.5824527740478516
1749235197.7820199,20.44959467961525,-1.5808290243148804
1749235197.815428,20.46237125341842,-1.57799232006073
1749235197.8488817,20.472044536944658,-1.5757009983062744
1749235197.882294,20.481772548645928,-1.5744531154632568
1749235197.91571,20.49147209023998,-1.5715948343276978
1749235197.9492707,20.500917947664455,-1.569204330444336
1749235197.982671,20.507828682293027,-1.5680310726165771
1749235198.0160801,20.520986786218263,-1.5660184621810913
1749235198.0494902,20.53057639307122,-1.5641672611236572
1749235198.0832038,20.540568182990135,-1.5636900663375854
1749235198.116674,20.550899163824862,-1.5613508224487305
1749235198.1501276,20.560621912476616,-1.5594395399093628
1749235198.183673,20.567688733885547,-1.5586471557617188
1749235198.2171423,20.577797871139072,-1.5560383796691895
1749235198.250607,20.587605035236503,-1.5547047853469849
1749235198.2840164,20.59817576344246,-1.5542352199554443
1749235198.3174932,20.608030098719464,-1.5509494543075562
1749235198.3509028,20.61852273455932,-1.5495222806930542
1749235198.3843086,20.63215533170131,-1.5496773719787598
1749235198.4177155,20.638648361459413,-1.547167181968689
1749235198.4511576,20.652753233776682,-1.546433687210083
1749235198.4847264,20.663149164560785,-1.5473567247390747
1749235198.5181556,20.673544822898027,-1.5454740524291992
1749235198.5516627,20.680144796338247,-1.544053554534912
1749235198.5850644,20.695146011517515,-1.5433714389801025
1749235198.6185064,20.701098663324853,-1.5446224212646484
1749235198.6519904,20.7116216850292,-1.54500412940979
1749235198.7143826,20.73118925460828,-1.5496644973754883
1749235198.7480724,20.73631465061607,-1.550726056098938
1749235198.7822132,20.739368057417668,-1.5509161949157715
1749235198.8158565,20.741066251197825,-1.551480770111084
1749235198.8492956,20.742074222166746,-1.551555871963501
1749235198.885802,20.74379157133294,-1.552004098892212
1749235198.9212835,20.74982701190838,-1.5536577701568604
1749235198.9547198,20.757412591966737,-1.5547356605529785
1749235198.9881306,20.766419228019053,-1.5571473836898804
1749235199.021527,20.773368859543655,-1.5583382844924927
1749235199.054933,20.786710548633177,-1.5604314804077148
1749235199.0883336,20.79716119588316,-1.5620782375335693
1749235199.1217315,20.80801957893994,-1.56534743309021
1749235199.15515,20.82217419761967,-1.5658422708511353
1749235199.1885953,20.829242844711565,-1.5682605504989624
1749235199.222009,20.839893034186534,-1.5697097778320312
1749235199.255407,20.85413748642647,-1.5705928802490234
1749235199.2888184,20.860892888571428,-1.572166919708252
1749235199.322249,20.87191396703386,-1.573590874671936
1749235199.35566,20.885766020897005,-1.575364351272583
1749235199.3890831,20.89679771781284,-1.5758579969406128
1749235199.4224908,20.9070892951664,-1.5785504579544067
1749235199.4558933,20.914207066813947,-1.5801626443862915
1749235199.4892898,20.932350238726496,-1.5810351371765137
1749235199.522696,20.939449786912633,-1.582574725151062
1749235199.5560997,20.949748473858225,-1.5832570791244507
1749235199.5895236,20.960705542182662,-1.582528829574585
1749235199.6229644,20.974500713897196,-1.584119200706482
1749235199.6564095,20.98160409617448,-1.5837606191635132
1749235199.6899078,20.989042329165247,-1.5861008167266846
1749235199.723307,21.003205150922078,-1.5866587162017822
1749235199.7567947,21.0137991239542,-1.5847814083099365
1749235199.7903826,21.024049248680445,-1.5855629444122314
1749235199.8237803,21.034997914914904,-1.5884594917297363
1749235199.8572462,21.049187201140263,-1.5873181819915771
1749235199.8906999,21.052740320794964,-1.588783621788025
1749235199.92411,21.06704346132264,-1.589030385017395
1749235199.9575083,21.074201305908645,-1.5902442932128906
1749235199.9909499,21.08490363640688,-1.5903699398040771
1749235200.0245755,21.099135702284027,-1.5893641710281372
1749235200.0579739,21.1097593236348,-1.5899394750595093
1749235200.0914629,21.12000134050302,-1.5911394357681274
1749235200.12506,21.13450905453813,-1.5909044742584229
1749235200.1584597,21.145145206818455,-1.5912351608276367
1749235200.191897,21.15580003845902,-1.59156334400177
1749235200.2253106,21.1629287181034,-1.5912195444107056
1749235200.2586908,21.17826268735454,-1.5915647745132446
1749235200.2920947,21.19144113827205,-1.5909510850906372
1749235200.3254976,21.194999203768216,-1.5914177894592285
1749235200.3589425,21.20887245438323,-1.5917397737503052
1749235200.3923423,21.216340976432406,-1.591434359550476
1749235200.4257886,21.227017287757516,-1.591321349143982
1749235200.4592395,21.23802782708385,-1.5916811227798462
1749235200.4926775,21.248329475760404,-1.5913652181625366
1749235200.526088,21.26250844884485,-1.5929832458496094
1749235200.5595787,21.273166848979223,-1.5920823812484741
1749235200.592982,21.280271798382078,-1.5920237302780151
1749235200.6264014,21.29448925327322,-1.592104196548462
1749235200.659806,21.301601839186024,-1.5921076536178589
1749235200.693214,21.31584406450954,-1.5909956693649292
1749235200.7266204,21.322965972259162,-1.5914393663406372
1749235200.7600214,21.33329253396009,-1.591813325881958
1749235200.7934325,21.344671596433702,-1.590755820274353
1749235200.8268492,21.36209997526557,-1.5904181003570557
1749235200.8602505,21.372789186915796,-1.5907301902770996
1749235200.8936532,21.383118528821985,-1.591323971748352
1749235200.9270878,21.39412627775753,-1.5910043716430664
1749235200.9605076,21.404778868201046,-1.5901392698287964
1749235200.994001,21.411529094330298,-1.5903199911117554
1749235201.0275772,21.426091832459804,-1.5902305841445923
1749235201.061006,21.436392877510634,-1.5897777080535889
1749235201.094449,21.447070376134437,-1.590301275253296
1749235201.1279457,21.455610649754703,-1.5899542570114136
1749235201.1614914,21.468779802194202,-1.590183973312378
1749235201.194894,21.483016147395112,-1.5895439386367798
1749235201.2283978,21.493691714109033,-1.5885807275772095
1749235201.2617996,21.50080524669405,-1.5886263847351074
1749235201.2987187,21.51148087112385,-1.588912844657898
1749235201.3321247,21.52215576490421,-1.587593674659729
1749235201.3655753,21.532837531902587,-1.5876104831695557
1749235201.3989768,21.543132304954263,-1.587862253189087
1749235201.4324024,21.553806557190185,-1.5864850282669067
1749235201.4660065,21.561266005045436,-1.5863831043243408
1749235201.4994814,21.571561714523323,-1.5864782333374023
1749235201.5329247,21.578985239923405,-1.5855575799942017
1749235201.5665648,21.593118242015667,-1.5835975408554077
1749235201.5999649,21.60338138589691,-1.5832691192626953
1749235201.6338406,21.610802664041866,-1.5831316709518433
1749235201.6672432,21.624586796043015,-1.5815938711166382
1749235201.7006636,21.635935978272528,-1.580615520477295
1749235201.734078,21.64268460169132,-1.5796208381652832
1749235201.7684047,21.657238943964227,-1.5786253213882446
1749235201.801838,21.663611426726593,-1.576616644859314
1749235201.835265,21.678159302547588,-1.5743310451507568
1749235201.8686953,21.688829223003754,-1.5729249715805054
1749235201.902169,21.699466353439494,-1.5712629556655884
1749235201.9355428,21.71008772487291,-1.5681321620941162
1749235201.968989,21.72107476570904,-1.5659054517745972
1749235202.0025518,21.72781972511357,-1.5647897720336914
1749235202.0359623,21.734921723178058,-1.5636968612670898
1749235202.0693798,21.749458401968276,-1.5609270334243774
1749235202.102828,21.759734786471654,-1.5589503049850464
1749235202.136236,21.77040355927322,-1.5588332414627075
1749235202.1696584,21.78072012218434,-1.5575400590896606
1749235202.2030554,21.794935592215364,-1.5563141107559204
1749235202.2364933,21.805995971983652,-1.5554883480072021
1749235202.2701378,21.816684068163784,-1.555151104927063
1749235202.3035374,21.823452368322215,-1.5542857646942139
1749235202.3369195,21.834130457124676,-1.5540215969085693
1749235202.3703172,21.841960475637265,-1.5532182455062866
1749235202.4037294,21.855828653266176,-1.5525089502334595
1749235202.4372327,21.866135704841398,-1.5516879558563232
1749235202.4706638,21.877157899177192,-1.5509288311004639
1749235202.5040736,21.88425937101578,-1.550481915473938
1749235202.537517,21.898482181110552,-1.5507398843765259
1749235202.570912,21.90880753080823,-1.5499075651168823
1749235202.6043186,21.91628483004946,-1.5495963096618652
1749235202.637717,21.930158868293205,-1.5487231016159058
1749235202.67111,21.941178570739293,-1.5483742952346802
1749235202.7045348,21.951843184286275,-1.548080325126648
1749235202.737947,21.96001830918318,-1.5480093955993652
1749235202.771523,21.973170765244223,-1.5476211309432983
1749235202.804923,21.983834319383185,-1.547621488571167
1749235202.8383224,21.994496087735605,-1.5473659038543701
1749235202.87172,22.00515757334194,-1.547290325164795
1749235202.9051335,22.01581896868085,-1.547244906425476
1749235202.938531,22.030032417402115,-1.5469598770141602
1749235202.9719603,22.040692803394396,-1.5468858480453491
1749235203.0053682,22.047444259752677,-1.5470921993255615
1749235203.0387926,22.061658301878424,-1.54732084274292
1749235203.0721557,22.07267421674032,-1.5471408367156982
1749235203.1055572,22.076227625165085,-1.54741632938385
1749235203.1389616,22.093993341745183,-1.5470563173294067
1749235203.1723588,22.104297584578465,-1.5472592115402222
1749235203.205773,22.114957079175277,-1.5476784706115723
1749235203.2391798,22.122419070200234,-1.5478225946426392
1749235203.2726402,22.136632107951552,-1.5479761362075806
1749235203.306173,22.143738326103172,-1.5481632947921753
1749235203.3395886,22.15439747030554,-1.5482097864151
1749235203.3731835,22.161147947113218,-1.5483474731445312
1749235203.410737,22.175358510867653,-1.548675298690796
1749235203.4441426,22.18956869611215,-1.548670768737793
1749235203.4777691,22.1977392298632,-1.5487903356552124
1749235203.5125797,22.2076855407124,-1.5488072633743286
1749235203.5460017,22.214789625870317,-1.548967719078064
1749235203.579495,22.225800483335735,-1.5490401983261108
1749235203.6129355,22.236100104421467,-1.5492398738861084
1749235203.6463847,22.24995142278993,-1.5493119955062866
1749235203.6797502,22.253502997121537,-1.549387812614441
1749235203.7131567,22.26805909401575,-1.5502293109893799
1749235203.746563,22.27871518170623,-1.5505175590515137
1749235203.7800126,22.285830549387793,-1.5496708154678345
1749235203.8134422,22.300055231418575,-1.5504642724990845
1749235203.8471544,22.310717975614217,-1.5510153770446777
1749235203.8805702,22.317471161252893,-1.5512120723724365
1749235203.91445,22.328487969543303,-1.551620602607727
1749235203.9480014,22.339149621457477,-1.5518345832824707
1749235203.9814153,22.346256390284385,-1.5523253679275513
1749235204.0152032,22.35691650454033,-1.5525449514389038
1749235204.0486429,22.367576743737562,-1.5528050661087036
1749235204.0825243,22.374683132532624,-1.5532655715942383
1749235204.1159291,22.388541026398034,-1.5535237789154053
1749235204.1493902,22.399555350863075,-1.554115653038025
1749235204.1830158,22.409859724512437,-1.5543291568756104
1749235204.2166169,22.42051869877773,-1.5547164678573608
1749235204.2500927,22.43153284033216,-1.5550428628921509
1749235204.2835884,22.441835713751296,-1.555438756942749
1749235204.317001,22.452848795656728,-1.555770754814148
1749235204.3504095,22.463506056857486,-1.5562180280685425
1749235204.3838947,22.470255785931432,-1.556532859802246
1749235204.4210188,22.484463984934216,-1.5570075511932373
1749235204.4544287,22.49192334568147,-1.5573046207427979
1749235204.4878683,22.50257988033546,-1.5574196577072144
1749235204.5212793,22.516432162699697,-1.5578148365020752
1749235204.554701,22.527444350667785,-1.558388113975525
1749235204.5881462,22.534550474805638,-1.5582005977630615
1749235204.6217406,22.54520773041678,-1.5588016510009766
1749235204.6551554,22.55586593265514,-1.5587234497070312
1749235204.688644,22.569717476069954,-1.559560775756836
1749235204.7220545,22.58037606001883,-1.5595624446868896
1749235204.7554579,22.591035567392147,-1.5598047971725464
1749235204.7889175,22.60204963877934,-1.5603193044662476
1749235204.8223505,22.609155696578814,-1.5606147050857544
1749235204.855755,22.6198153567605,-1.5606040954589844
1749235204.889357,22.630473896290564,-1.5609679222106934
1749235204.9227855,22.637579533455977,-1.5612382888793945
1749235204.9561832,22.651790587987712,-1.5615276098251343
1749235204.9897192,22.6620933067239,-1.5616958141326904
1749235205.0231483,22.673106119304432,-1.562025547027588
1749235205.0565484,22.67630309006287,-1.562185525894165
1749235205.0899658,22.69086690397889,-1.5626683235168457
1749235205.1233716,22.701522343733203,-1.5629620552062988
1749235205.156734,22.71217855439118,-1.5631539821624756
1749235205.1901357,22.72603099851252,-1.5634253025054932
1749235205.223543,22.733489862741976,-1.5636625289916992
1749235205.2570343,22.74734092791296,-1.564086675643921
1749235205.2904344,22.75799547488457,-1.5644694566726685
1749235205.3239946,22.76651932282282,-1.5647683143615723
1749235205.3574445,22.776464348691693,-1.5646156072616577
1749235205.390858,22.78996054291979,-1.5650932788848877
1749235205.4243052,22.80097142746733,-1.5652958154678345
1749235205.4577088,22.81127204208699,-1.5655096769332886
1749235205.491112,22.822282593751503,-1.5658234357833862
1749235205.5245202,22.83293769066409,-1.5660922527313232
1749235205.5579212,22.836134187766966,-1.5661922693252563
1749235205.5922952,22.847143955677204,-1.5666707754135132
1749235205.6257029,22.864903646723516,-1.566952109336853
1749235205.6591084,22.875203990412565,-1.5671827793121338
1749235205.692522,22.8862140957303,-1.5674395561218262
1749235205.7259202,22.89686894483657,-1.5677239894866943
1749235205.7593195,22.90752394271203,-1.5677918195724487
1749235205.7927532,22.918178755018218,-1.568050503730774
1749235205.8261812,22.92847890924587,-1.5681511163711548
1749235205.8596294,22.93948968859817,-1.5685420036315918
1749235205.8930175,22.946949100440666,-1.5686779022216797
1749235205.9264214,22.953697711643148,-1.5689845085144043
1749235205.9598475,22.967905966460577,-1.5691418647766113
1749235205.9933665,22.97501015237669,-1.5690985918045044
1749235206.0267587,22.98921817616895,-1.5693882703781128
1749235206.0601857,23.003425749997753,-1.569597840309143
1749235206.0935993,23.014081587361378,-1.5699247121810913
1749235206.1269946,23.02473721650754,-1.570061445236206
1749235206.1604047,23.03539235345036,-1.5704671144485474
1749235206.19381,23.042496509992734,-1.570512294769287
1749235206.2272112,23.06025633137018,-1.5702749490737915
1749235206.26061,23.07091267255863,-1.570641279220581
1749235206.2948132,23.07091267255863,-1.5706653594970703
1749235206.3282228,23.0819247484691,-1.570818305015564
1749235206.3616245,23.09542281996098,-1.5705609321594238
1749235206.3950615,23.102881503338686,-1.570756435394287
1749235206.428466,23.10607822081737,-1.5711888074874878
1749235206.4620078,23.120643220714037,-1.571057915687561
1749235206.4954064,23.12774810229628,-1.5713496208190918
1749235206.5288165,23.141602653327414,-1.5716620683670044
1749235206.562264,23.14906323712741,-1.5715699195861816
1749235206.5956779,23.16291708014258,-1.5718971490859985
1749235206.6290865,23.17392947357734,-1.5720267295837402
1749235206.6625035,23.181031440373097,-1.5728724002838135
1749235206.6959157,23.192046917748428,-1.572827935218811
1749235206.729339,23.20590234180554,-1.5733425617218018
1749235206.7628088,23.21336287750873,-1.5737837553024292
1749235206.7964206,23.22721997673024,-1.5738860368728638
1749235206.829854,23.23787598224028,-1.5749577283859253
1749235206.8632648,23.248182504776896,-1.5749083757400513
1749235206.8966765,23.25919785348517,-1.5751068592071533
1749235206.9301834,23.269497728130663,-1.5757791996002197
1749235206.96359,23.280512304605455,-1.5760260820388794
1749235206.9972196,23.287618127588,-1.5759479999542236
1749235207.0307848,23.301839921072673,-1.576932668685913
1749235207.0641859,23.30860214805779,-1.5764031410217285
1749235207.0976598,23.319621190821767,-1.576412320137024
1749235207.1314337,23.330279068949167,-1.5769087076187134
1749235207.1646821,23.34059408725266,-1.5769264698028564
1749235207.198097,23.34806948977328,-1.5762306451797485
1749235207.2315989,23.362307362266375,-1.5763825178146362
1749235207.2650175,23.37654725268361,-1.5764795541763306
1749235207.2986655,23.387218828681508,-1.575739860534668
1749235207.3320837,23.397896881596505,-1.5756436586380005
1749235207.3661644,23.408575629942415,-1.5760900974273682
1749235207.3995647,23.418891820335602,-1.5758557319641113
1749235207.433083,23.429558029037118,-1.5754543542861938
1749235207.4665062,23.44415045744815,-1.575268030166626
1749235207.4999173,23.450911395018913,-1.5743356943130493
1749235207.533392,23.461588007902776,-1.5737111568450928
1749235207.5668724,23.469053392528483,-1.5726841688156128
1749235207.600279,23.48327959508246,-1.5719048976898193
1749235207.6336877,23.497499544591196,-1.5702780485153198
1749235207.667243,23.50425710654883,-1.5701123476028442
1749235207.7013156,23.514867885870014,-1.5680749416351318
1749235207.7347233,23.525781014409933,-1.565032958984375
1749235207.7681313,23.532857676770497,-1.5645452737808228
1749235207.8018537,23.545571604723797,-1.562821626663208
1749235207.8352642,23.55398545781484,-1.5599900484085083
1749235207.868778,23.564542303815262,-1.5560802221298218
1749235207.9021811,23.571992254763096,-1.5530973672866821
1749235207.9355924,23.58583192310678,-1.5515309572219849
1749235207.9690328,23.592866648751237,-1.5465070009231567
1749235208.0024512,23.610243655082666,-1.542830467224121
1749235208.035871,23.61771887668013,-1.5403398275375366
1749235208.0707026,23.63150676096106,-1.5368441343307495
1749235208.1041806,23.638886573311254,-1.533445954322815
1749235208.1376724,23.65308026375126,-1.5284026861190796
1749235208.1710708,23.667632371364064,-1.5251272916793823
1749235208.2044747,23.677905114753365,-1.5213514566421509
1749235208.2378736,23.688519873302543,-1.5168561935424805
1749235208.2713108,23.695287992398267,-1.513362169265747
1749235208.3047526,23.70590524096316,-1.5104130506515503
1749235208.3381503,23.716865341639366,-1.5052767992019653
1749235208.3715591,23.727519295673137,-1.5011123418807983
1749235208.4050071,23.734189843022374,-1.495449185371399
1749235208.4384584,23.748804972798197,-1.4924144744873047
1749235208.4718564,23.755825270429263,-1.4889668226242065
1749235208.5052996,23.766297969909775,-1.4824210405349731
1749235208.53869,23.77335784169886,-1.4789128303527832
1749235208.5721588,23.783958803241248,-1.4720994234085083
1749235208.6055658,23.794535939851002,-1.4666163921356201
1749235208.639043,23.808533821627726,-1.4598757028579712
1749235208.6724944,23.815221868277977,-1.4559231996536255
1749235208.7059033,23.825767328050688,-1.449595332145691
1749235208.7393441,23.836706668982664,-1.441420555114746
1749235208.7727573,23.850471959666308,-1.43527090549469
1749235208.8061583,23.8575114194505,-1.4279958009719849
1749235208.8408117,23.868363241927337,-1.4225223064422607
1749235208.8741794,23.878988473598216,-1.4159786701202393
1749235208.9076467,23.889565389202843,-1.4090745449066162
1749235208.9410555,23.90007666422807,-1.3990155458450317
1749235208.9744282,23.91388325898401,-1.3929059505462646
1749235209.0078375,23.921254592651902,-1.387768030166626
1749235209.0418108,23.93176064874433,-1.379901647567749
1749235209.075212,23.94227403710448,-1.371803879737854
1749235209.1086195,23.95288759036787,-1.3650996685028076
1749235209.1420166,23.966915911989947,-1.354924201965332
1749235209.1754344,23.97742732843705,-1.3468403816223145
1749235209.2088466,23.98803445158096,-1.3402079343795776
1749235209.242269,24.001670835230023,-1.3298757076263428
1749235209.2756717,24.00863783539771,-1.3212603330612183
1749235209.3093233,24.02309443603113,-1.314200758934021
1749235209.342718,24.037076973456326,-1.3032174110412598
1749235209.3761172,24.044075165455975,-1.2950611114501953
1749235209.4097211,24.054613053085966,-1.2872793674468994
1749235209.4431605,24.06862497150799,-1.2790625095367432
1749235209.4765694,24.075634115026553,-1.2735434770584106
1749235209.512964,24.082635792756268,-1.2679095268249512
1749235209.546459,24.09669588739961,-1.2573548555374146
1749235209.5799115,24.10721557302863,-1.2492601871490479
1749235209.6133707,24.114180987142856,-1.2432760000228882
1749235209.646726,24.128187179697864,-1.2317473888397217
1749235209.6801622,24.138750102347597,-1.2238343954086304
1749235209.7135715,24.14924259002942,-1.2151108980178833
1749235209.7469676,24.159739448611656,-1.206343650817871
1749235209.7804415,24.17032079763232,-1.1986010074615479
1749235209.8138437,24.180801640984644,-1.1897892951965332
1749235209.8502264,24.187830217262395,-1.1814371347427368
1749235209.8836205,24.20182355881518,-1.1725281476974487
1749235209.9170296,24.208472465629495,-1.1668461561203003
1749235209.9505541,24.21933912689969,-1.1576319932937622
1749235209.9839585,24.229875338151043,-1.1488882303237915
1749235210.0173578,24.240386779278108,-1.1399215459823608
1749235210.050802,24.24741366831216,-1.1312378644943237
1749235210.084209,24.257940110296452,-1.122368335723877
1749235210.1176505,24.26842686527591,-1.11275315284729
1749235210.1549463,24.285966117941538,-1.101521611213684
1749235210.1884341,24.290133720940453,-1.0919716358184814
1749235210.221935,24.306932975016228,-1.0830910205841064
1749235210.2553103,24.317456794502352,-1.074306607246399
1749235210.2887456,24.327953438559366,-1.065538763999939
1749235210.3221295,24.338360896294187,-1.0555534362792969
1749235210.3555605,24.34889755979792,-1.0468322038650513
1749235210.389042,24.35592439868484,-1.0411101579666138
1749235210.422607,24.36988545452864,-1.0286742448806763
1749235210.4560077,24.38040664668895,-1.0197038650512695
1749235210.4894643,24.39091277985359,-1.0107840299606323
1749235210.5229387,24.39751317593644,-1.0045204162597656
1749235210.5563455,24.408350777396393,-0.9948747754096985
1749235210.589704,24.418538318790688,-0.9864802956581116
1749235210.62314,24.42551514178555,-0.9767650961875916
1749235210.6565847,24.436700029204285,-0.9647297859191895
1749235210.6900134,24.453504795055657,-0.9561095833778381
1749235210.723418,24.4642874403456,-0.9461254477500916
1749235210.7570002,24.474748188143902,-0.9366089701652527
1749235210.7904205,24.48173893536317,-0.9269967675209045
1749235210.82377,24.495365817517733,-0.9182812571525574
1749235210.8571815,24.506166512804818,-0.9081742167472839
1749235210.8905938,24.512831538414044,-0.8992244601249695
1749235210.9239936,24.527244719571144,-0.890695333480835
1749235210.957397,24.534200882400732,-0.8807334303855896
1749235210.990774,24.548492917797507,-0.871254563331604
1749235211.024193,24.55514447731366,-0.8617079854011536
1749235211.0577605,24.565944969687553,-0.8495699763298035
1749235211.0911655,24.579971014278982,-0.8406481146812439
1749235211.1249044,24.59045833396954,-0.8312847018241882
1749235211.1587043,24.600588980880413,-0.825042188167572
1749235211.1921043,24.611033811232566,-0.8119578957557678
1749235211.2255108,24.621593976784258,-0.8033097982406616
1749235211.2589338,24.635513771327407,-0.7938194274902344
1749235211.2923415,24.642168110424,-0.7843834757804871
1749235211.3257418,24.656499469468383,-0.7753651738166809
1749235211.3591406,24.66696328791604,-0.7656503319740295
1749235211.3925378,24.677131079269994,-0.7568866014480591
1749235211.4259567,24.687590674971357,-0.7472420334815979
1749235211.4593716,24.698417341154606,-0.737318217754364
1749235211.4927833,24.7054226662863,-0.7277246117591858
1749235211.5267005,24.719413465474645,-0.7186547517776489
1749235211.5600998,24.726396734692184,-0.7123277187347412
1749235211.5935168,24.740377328304596,-0.6997730731964111
1749235211.6269166,24.750854934321424,-0.6904420852661133
1749235211.6603725,24.757810581404854,-0.6806979775428772
1749235211.694727,24.768330801496063,-0.6747283935546875
1749235211.728085,24.782324261726174,-0.662349283695221
1749235211.7614949,24.790365087029237,-0.6526313424110413
1749235211.7949023,24.802916749547173,-0.6435226798057556
1749235211.828306,24.813439207733815,-0.6345605254173279
1749235211.8617296,24.823884006188003,-0.6247713565826416
1749235211.8952003,24.83120650537899,-0.614710807800293
1749235211.9289103,24.845210179954766,-0.6053004860877991
1749235211.9623241,24.852230068767366,-0.5961353182792664
1749235211.995747,24.86265673480198,-0.585411548614502
1749235212.0291498,24.876638834591176,-0.5766274333000183
1749235212.0625362,24.88717330207602,-0.5679205060005188
1749235212.0959413,24.890648062950252,-0.5610368847846985
1749235212.1293712,24.901446595407897,-0.5511983633041382
1749235212.1628072,24.915100455615978,-0.5421910881996155
1749235212.1962192,24.925572397712934,-0.5327668786048889
1749235212.2296185,24.932870201329987,-0.5225878357887268
1749235212.2630663,24.946493831032473,-0.5136280059814453
1749235212.2965024,24.95696053463542,-0.504338264465332
1749235212.3299553,24.970838985612414,-0.49077048897743225
1749235212.3633578,24.981346902447157,-0.4815119206905365
1749235212.396768,24.98836671257873,-0.4709550142288208
1749235212.4301739,25.0023036602031,-0.4629514813423157
1749235212.4635804,25.012381472897108,-0.453289270401001
1749235212.496992,25.01972288515625,-0.44329124689102173
1749235212.530391,25.036837036765537,-0.4313496947288513
1749235212.5638,25.04520106276126,-0.42159029841423035
1749235212.5972047,25.058501898033438,-0.41242745518684387
1749235212.6306107,25.06513295884432,-0.40359222888946533
1749235212.6640394,25.079071302685175,-0.394353449344635
1749235212.697441,25.08921305598475,-0.3858920633792877
1749235212.7308445,25.099991170816452,-0.3759938180446625
1749235212.7642488,25.111164821360912,-0.3660692870616913
1749235212.7976642,25.11785911769806,-0.3582702875137329
1749235212.8310227,25.130066620794228,-0.3485546410083771
1749235212.8646424,25.138453907273657,-0.339773952960968
1749235212.898171,25.152434276094688,-0.33063215017318726
1749235212.9320338,25.162555315376164,-0.3216288387775421
1749235212.965438,25.173378949554138,-0.3121036887168884
1749235212.9989536,25.180386994203992,-0.3031485974788666
1749235213.0347998,25.19124924822009,-0.29454195499420166
1749235213.0684078,25.20486452087148,-0.285815954208374
1749235213.1019356,25.216764017347213,-0.27603763341903687
1749235213.1353455,25.22236073344224,-0.26890504360198975
1749235213.169743,25.236372347216896,-0.260256290435791
1749235213.203228,25.250344351685097,-0.24864406883716583
1749235213.2367105,25.26049137517841,-0.24037960171699524
1749235213.27011,25.267525319804893,-0.23215073347091675
1749235213.3034909,25.281891151800536,-0.22379016876220703
1749235213.3369305,25.292451954895064,-0.21618036925792694
1749235213.3709164,25.30655048740616,-0.20663069188594818
1749235213.4053938,25.313246138575273,-0.20220130681991577
1749235213.438795,25.32449527914332,-0.19432424008846283
1749235213.4722004,25.334748517739,-0.18818826973438263
1749235213.505646,25.345287398975493,-0.1809132993221283
1749235213.539035,25.355524321472352,-0.17455290257930756
1749235213.5724392,25.363989382707377,-0.16584406793117523
1749235213.6058528,25.373527481707043,-0.16133315861225128
1749235213.6392696,25.391174222966164,-0.15317773818969727
1749235213.673095,25.401766053575546,-0.14705893397331238
1749235213.7065058,25.412388625675746,-0.14172376692295074
1749235213.7400255,25.41944724260512,-0.1352902203798294
1749235213.7734318,25.434280460675406,-0.1298016458749771
1749235213.8069668,25.443855273207852,-0.12559030950069427
1749235213.8403702,25.454820761904205,-0.1203715056180954
1749235213.8738248,25.46507702446296,-0.11376046389341354
1749235213.9072282,25.47603303268798,-0.11006618291139603
1749235213.940656,25.489871837535414,-0.10461810976266861
1749235213.9740596,25.500520470077745,-0.10090543329715729
1749235214.0074577,25.511136358232662,-0.09589113295078278
1749235214.0409,25.518247361596785,-0.09215553849935532
1749235214.0743506,25.532820697468065,-0.08923092484474182
1749235214.1077552,25.54345505645197,-0.08556181937456131
1749235214.141166,25.55052944711765,-0.08124864846467972
1749235214.1745737,25.565136438182954,-0.07911346107721329
1749235214.207991,25.575422097722942,-0.07577211409807205
1749235214.2413995,25.58607109127669,-0.07255346328020096
1749235214.274802,25.59491103827056,-0.06928930431604385
1749235214.308214,25.601785730942442,-0.06804972141981125
1749235214.3416295,25.60532190194515,-0.0665426254272461
1749235214.378359,25.61116135245478,-0.06620790809392929
1749235214.4117687,25.613671619166364,-0.0645161047577858
1749235214.4451845,25.61840288516939,-0.0641544833779335
1749235214.4786248,25.621671270713307,-0.0627908930182457
1749235214.512107,25.624968339057183,-0.06189475208520889
1749235214.545511,25.627154501689525,-0.06195569783449173
1749235214.5789077,25.631621528184862,-0.060654234141111374
1749235214.6124263,25.633817355289963,-0.06087762117385864
1749235214.6458263,25.637178261890973,-0.05997166037559509
1749235214.679251,25.6413652952781,-0.05925683677196503
1749235214.712713,25.644595361209255,-0.05902649462223053
1749235214.7461176,25.647841731746468,-0.05800580605864525
1749235214.7795243,25.651018139198058,-0.058035556226968765
1749235214.8129213,25.654266388268816,-0.05662950500845909
1749235214.8463044,25.65756775104895,-0.05694042891263962
1749235214.8797793,25.660945857106473,-0.05585315451025963
1749235214.9132316,25.66413597032495,-0.05603548139333725
1749235214.9466817,25.66641737227346,-0.05539941042661667
1749235214.9808319,25.670914552515175,-0.05444612726569176
1749235215.0150454,25.675462888947973,-0.05480031669139862
1749235215.048447,25.679108889749358,-0.05388648808002472
1749235215.0819561,25.68249748362719,-0.054332032799720764
1749235215.115353,25.686076058848197,-0.053040843456983566
1749235215.1487606,25.689592434559387,-0.05309547111392021
1749235215.1822217,25.693042396206693,-0.0519840270280838
1749235215.2156553,25.696420550713924,-0.051927462220191956
1749235215.249286,25.70077028846009,-0.05116499960422516
1749235215.2826831,25.703844289336356,-0.05117512866854668
1749235215.3161402,25.707069523890013,-0.05065923184156418
1749235215.349542,25.709046983957577,-0.050957486033439636
1749235215.3831294,25.71221120060425,-0.05007096752524376
1749235215.4174042,25.715272017040697,-0.050499748438596725
1749235215.4508064,25.718300826352948,-0.0498511902987957
1749235215.4842448,25.720276996184705,-0.049749452620744705
1749235215.5182698,25.724113105106955,-0.04941803216934204
1749235215.5518181,25.72691499080894,-0.04899352416396141
1749235215.5852268,25.729688821705253,-0.04924638941884041
1749235215.6186333,25.732324615538975,-0.04845176637172699
1749235215.6523025,25.73421326373618,-0.04899722337722778
1749235215.6888156,25.73773591171844,-0.048393093049526215
1749235215.7223725,25.741191349302564,-0.047994665801525116
1749235215.7559452,25.743746130835547,-0.048593487590551376
1749235215.789366,25.7462485434014,-0.048511724919080734
1749235215.8229837,25.749436638805353,-0.04780920222401619
1749235215.8563914,25.751893907073843,-0.047251079231500626
1749235215.8899376,25.75439631633072,-0.04807596653699875
1749235215.9233549,25.757510183750657,-0.047449931502342224
1749235215.9567766,25.759782349711102,-0.046701669692993164
1749235215.9902802,25.76201452725174,-0.046561919152736664
1749235216.0236807,25.763488851723157,-0.047164518386125565
1749235216.0570612,25.766377313077577,-0.046909455209970474
1749235216.0904598,25.76850655985971,-0.046170786023139954
1749235216.1239836,25.769942464232752,-0.0466776080429554
1749235216.1573744,25.772054512127383,-0.0463494174182415
1749235216.190777,25.774128469356445,-0.04652997851371765
1749235216.224246,25.776153633189896,-0.04571426659822464
1749235216.257681,25.77875517462829,-0.04535287991166115
1749235216.2910776,25.780134194295428,-0.045334961265325546
1749235216.3245254,25.782075074085643,-0.04542463645339012
1749235216.357924,25.783976354589765,-0.04554164782166481
1749235216.3912833,25.785829852198194,-0.0450502447783947
1749235216.4251063,25.78759187572036,-0.044577062129974365
1749235216.4585907,25.789412553084265,-0.04503807798027992
1749235216.4919703,25.79066024341899,-0.04480789974331856
1749235216.525414,25.792376456685137,-0.04396989196538925
1749235216.558775,25.794394018872378,-0.044277507811784744
1749235216.5921957,25.79648760658556,-0.044032562524080276
1749235216.6255937,25.79809609861942,-0.04304710030555725
1749235216.6589847,25.799795723243584,-0.0435488186776638
1749235216.6923826,25.801912282041297,-0.04243357107043266
1749235216.7257783,25.80350802685037,-0.04300699755549431
1749235216.7591863,25.804548799761584,-0.042545467615127563
1749235216.7926018,25.806042282224247,-0.04213573783636093
1749235216.8260224,25.807628135270985,-0.042289942502975464
1749235216.8594365,25.808615697746557,-0.04257074370980263
1749235216.892839,25.81051882605546,-0.041633836925029755
1749235216.926252,25.811950610147793,-0.04185110330581665
1749235216.9596503,25.81331026256703,-0.04192609712481499
1749235216.993124,25.814690679115607,-0.041347604244947433
1749235217.0265257,25.816044510089025,-0.041030704975128174
1749235217.0599952,25.81698173064027,-0.04069500043988228
1749235217.0934317,25.818322752432707,-0.04101252555847168
1749235217.1268427,25.819599658726045,-0.040808212012052536
1749235217.1602561,25.820946277471563,-0.040446359664201736
1749235217.193658,25.822288583377524,-0.040724389255046844
1749235217.2271461,25.82316781075864,-0.040207382291555405
1749235217.2605903,25.824445934488566,-0.03993816673755646
1749235217.2939904,25.825642327455125,-0.039953310042619705
1749235217.3274276,25.826539182714487,-0.039766825735569
1749235217.3608406,25.827304031917347,-0.03946755453944206
1749235217.394239,25.828848007673674,-0.03929915651679039
1749235217.4276426,25.82965419318457,-0.03903928026556969
1749235217.461104,25.831182880727997,-0.039023999124765396
1749235217.4945784,25.83229557446896,-0.03886992484331131
1749235217.527975,25.833400341242324,-0.03869335725903511
1749235217.5615158,25.834128809087,-0.03858933225274086
1749235217.5949202,25.835548547880663,-0.03865024447441101
1749235217.6283312,25.836592389103746,-0.038291558623313904
1749235217.661741,25.83732860649535,-0.03816506266593933
1749235217.6951556,25.838652033161733,-0.03800686076283455
1749235217.7286248,25.839659171134173,-0.03785523399710655
1749235217.7620335,25.840318200668204,-0.037780966609716415
1749235217.795476,25.841294274798315,-0.03768477961421013
1749235217.8289182,25.842579121828756,-0.03752271458506584
1749235217.8624141,25.84348589860715,-0.03747282922267914
1749235217.8960009,25.844438663625155,-0.03718427196145058
1749235217.929413,25.845324353861436,-0.03697999566793442
1749235217.962818,25.846250802642995,-0.03697827458381653
1749235217.996223,25.84711250143255,-0.0365423746407032
1749235218.0298886,25.84774293894713,-0.03696469962596893
1749235218.0632837,25.84892663038203,-0.036309365183115005
1749235218.0966964,25.849511344436277,-0.03642739728093147
1749235218.1300626,25.850365641659277,-0.036112118512392044
1749235218.1635253,25.85171862611362,-0.036109402775764465
1749235218.1969316,25.85255459225128,-0.03588049113750458
1749235218.2303514,25.85308050409727,-0.03575945645570755
1749235218.2637715,25.854090624046457,-0.03567299246788025
1749235218.2971878,25.85478041211037,-0.03560253605246544
1749235218.3305957,25.855063367557726,-0.03555278852581978
1749235218.3640113,25.855395680927884,-0.035523027181625366
1749235218.3974216,25.855532759335023,-0.035488311201334
1749235218.4308257,25.855612637554202,-0.03548029065132141
1749235218.4642785,25.85565772887561,-0.03547457978129387
1749235218.4976852,25.85567986677295,-0.0354694128036499
1749235218.5312643,25.855701924969424,-0.0354737788438797
1749235218.5646627,25.855718708338166,-0.03549482300877571
1749235218.5980713,25.85572140178361,-0.03547726199030876
1749235218.6315243,25.85572527369388,-0.03548213467001915
1749235218.6652489,25.855726360173172,-0.03547906130552292
1749235218.69866,25.855729716229458,-0.03548165038228035
1749235218.7320704,25.85573150690858,-0.03548199310898781
1749235218.7657003,25.855740658814167,-0.035492073744535446
1749235218.7992032,25.855737185862928,-0.03548141196370125
1749235218.8326368,25.855744866370447,-0.03550203889608383
1749235218.866059,25.855740482350388,-0.0354992039501667
1749235218.8997014,25.8557472373868,-0.03551041707396507
1749235218.9340048,25.855745571975508,-0.035512953996658325
1749235218.9674118,25.85574818768203,-0.03551740199327469
1749235219.0008876,25.85575245916571,-0.03552209213376045
1749235219.0342574,25.855759587798783,-0.0355340838432312
1749235219.0676682,25.855760752194545,-0.035537734627723694
1749235219.1011238,25.855760790163373,-0.035539936274290085
1749235219.1345522,25.855761294805593,-0.03553740680217743
1749235219.1679595,25.855763686987903,-0.035540152341127396
1749235219.2013927,25.855765247108984,-0.0355377197265625
1749235219.2347927,25.855773014050985,-0.03556382283568382
1749235219.2681973,25.85577006426267,-0.035547491163015366
1749235219.301604,25.85577974421662,-0.035561706870794296
1749235219.335004,25.85577578515361,-0.03554801642894745
1749235219.3686273,25.855784027398798,-0.03556811437010765
1749235219.402069,25.85578149424651,-0.03556004539132118
1749235219.4354804,25.855782726957838,-0.03556109219789505
1749235219.4688878,25.85578417796647,-0.035561453551054
1749235219.502287,25.855785656610944,-0.03556189686059952
1749235219.5360112,25.85578964320945,-0.03556837514042854
1749235219.5694933,25.85578851898294,-0.035563502460718155
1749235219.6028972,25.85579183622919,-0.03556347265839577
1749235219.6363206,25.855793541494084,-0.035564638674259186
1749235219.669749,25.85579509253502,-0.03556371480226517
1749235219.7031603,25.855796408464762,-0.03556288406252861
1749235219.7365623,25.855798069250852,-0.03556311875581741
1749235219.7699776,25.855800430993003,-0.035564031451940536
1749235219.8034244,25.85580220317303,-0.03556405380368233
1749235219.836987,25.855803264048383,-0.03556407615542412
1749235219.870393,25.85580508070671,-0.035563062876462936
1749235219.9038126,25.855806168963266,-0.035563427954912186
1749235219.9372206,25.85580866269435,-0.03556406870484352
1749235219.9706302,25.855809625880543,-0.035563740879297256
1749235220.0040364,25.855811564208075,-0.035564079880714417
1749235220.0374806,25.855812273029485,-0.03556375205516815
1749235220.0708828,25.85581386165129,-0.03556409105658531
1749235220.1042867,25.855815925037238,-0.035564128309488297
1749235220.1418662,25.85581749006484,-0.035564009100198746
1749235220.1753225,25.855818941080727,-0.035563211888074875
1749235220.2088127,25.855820373655693,-0.035564109683036804
1749235220.2422595,25.855821813384487,-0.0355641134083271
1749235220.2756855,25.855823494191768,-0.03556322678923607
1749235220.3090832,25.855824928058905,-0.03556323051452637
1749235220.3424823,25.855826579632627,-0.035563234239816666
1749235220.375913,25.85582839415859,-0.03556324169039726
1749235220.4094,25.855829693393666,-0.03556324541568756
1749235220.442915,25.855831377960495,-0.03556323051452637
1749235220.476345,25.85583344557925,-0.035563189536333084
1749235220.5097473,25.855835488326914,-0.03556319326162338
1749235220.5431554,25.85583710811138,-0.03556319698691368
1749235220.576656,25.855838556473177,-0.03556326776742935
1749235220.6100647,25.855839989098055,-0.03556327149271965
1749235220.6434836,25.85584211272589,-0.03556319698691368
1749235220.6769745,25.855842828524924,-0.03556327894330025
1749235220.710376,25.855845009100882,-0.035563282668590546
1749235220.743777,25.855846833406257,-0.03556321933865547
1749235220.7772064,25.855848281768054,-0.03556329011917114
1749235220.810607,25.855849581982486,-0.03556327521800995
1749235220.844019,25.85585125439684,-0.03556329756975174
1749235220.8775294,25.855852597208408,-0.0355626679956913
1749235220.9109707,25.85585454083583,-0.035562798380851746
1749235220.9445336,25.855856073758982,-0.03556324169039726
1749235220.9779377,25.855857541658974,-0.03556331247091293
1749235221.0113935,25.855859485511314,-0.03556280955672264
1749235221.0448103,25.85586047941138,-0.03556324541568756
1749235221.078207,25.85586313834121,-0.035564254969358444
1749235221.1116083,25.85586467492546,-0.03556425869464874
1749235221.1450243,25.855866677733363,-0.03556326776742935
1749235221.1787276,25.855867707209285,-0.035563163459300995
1749235221.2121239,25.855869415355386,-0.03556270897388458
1749235221.245538,25.855870953475712,-0.03556327521800995
1749235221.2789521,25.85587380489114,-0.03556327894330025
1749235221.3124063,25.85654598377889,-0.03561418130993843
1749235221.3457837,25.860566450131063,-0.034007057547569275
1749235221.3791897,25.86458106355789,-0.030891092494130135
1749235221.4126132,25.87439007449159,-0.028640545904636383
1749235221.4460216,25.879517845161523,-0.025411998853087425
1749235221.4843307,25.888280195889923,-0.023680007085204124
1749235221.5179088,25.897061087782802,-0.021644769236445427
1749235221.5516288,25.90566012713965,-0.018141891807317734
1749235221.585146,25.91470690130283,-0.01560166571289301
1749235221.6185536,25.924160756226915,-0.012498530559241772
1749235221.6520178,25.933111566414055,-0.010470577515661716
1749235221.685468,25.9427612985381,-0.008330767042934895
1749235221.7188823,25.952261889995665,-0.006063201930373907
1749235221.7522824,25.964958249364013,-0.003459775121882558
1749235221.7857203,25.974494126186038,-0.0006151695270091295
1749235221.8191302,25.98087353084715,0.0010203506099060178
1749235221.8526356,25.990181033862612,0.0029083960689604282
1749235221.8860505,25.996924559195868,0.005882901139557362
1749235221.919473,26.00985340969272,0.007677599787712097
1749235221.9528701,26.016001372817374,0.009462852030992508
1749235221.9862695,26.0293155553568,0.012405329383909702
1749235222.0197248,26.035834781118147,0.01428377628326416
1749235222.0531335,26.04857081687863,0.01658433862030506
1749235222.0865378,26.055790770056227,0.017989877611398697
1749235222.1201367,26.065341175709207,0.019653694704174995
1749235222.1538172,26.075285003145385,0.021248076111078262
1749235222.1872232,26.085298550165266,0.0223506148904562
1749235222.220621,26.09199231514427,0.02458721213042736
1749235222.2540412,26.105445697665733,0.02578284963965416
1749235222.287491,26.115611863848223,0.027208341285586357
1749235222.3209567,26.129518955998687,0.02872358448803425
1749235222.3543608,26.136953985955945,0.0314333550632
1749235222.3877807,26.146835809444383,0.03151082620024681
1749235222.4211812,26.159815441274603,0.033789511770009995
1749235222.4545782,26.170075769284022,0.03549269214272499
1749235222.4879887,26.17996065608224,0.037115052342414856
1749235222.5213933,26.190065663692554,0.03481585159897804
1749235222.5583394,26.200159105314164,0.031199706718325615
1749235222.5917952,26.210668892766396,0.03079378977417946
1749235222.625277,26.224159665545823,0.02893207222223282
1749235222.6595576,26.234326451968997,0.026423653587698936
1749235222.6932158,26.244549073118833,0.0246035885065794
1749235222.726661,26.254797125703067,0.024258892983198166
1749235222.7600634,26.264671591688845,0.02244667522609234
1749235222.793528,26.275250065932394,0.02094506286084652
1749235222.8269312,26.28549118690757,0.01940029487013817
1749235222.8603332,26.29574804333045,0.01763707585632801
1749235222.8937438,26.306037202667884,0.016948051750659943
1749235222.9271657,26.316302462156564,0.014955257065594196
1749235222.9605877,26.323154171329417,0.013625575229525566
1749235222.9939985,26.33649660367102,0.011893129907548428
1749235223.02735,26.350892558020483,0.010216807946562767
1749235223.060757,26.360816683155598,0.009155593812465668
1749235223.0942252,26.3710307072729,0.006670970469713211
1749235223.127665,26.381288012857656,0.006447701249271631
1749235223.1610713,26.39154712304569,0.00533643364906311
1749235223.194599,26.40181707483346,0.0036122931633144617
1749235223.2280266,26.415528180499553,0.0031679258681833744
1749235223.2614439,26.42579062151627,0.001361448667012155
1749235223.2950509,26.432631511818936,-1.7901812725540367e-06
1749235223.3285072,26.447015804451173,-7.021724013611674e-05
1749235223.3619125,26.459683678988238,-0.001428615185432136
1749235223.3953485,26.470644933824452,-0.0020040753297507763
1749235223.4287462,26.480585752045272,-0.0035686625633388758
1749235223.4621465,26.490854890942288,-0.0042611900717020035
1749235223.4955502,26.497700800710692,-0.004741760902106762
1749235223.528956,26.508001690929053,-0.004666920285671949
1749235223.5623713,26.518297452368216,-0.006541796028614044
1749235223.5967224,26.52517572204171,-0.006974508054554462
1749235223.6306496,26.5388820319969,-0.00798728410154581
1749235223.6640592,26.54912836153489,-0.009092390537261963
1749235223.6979134,26.559381332740053,-0.008066240698099136
1749235223.7313168,26.56962303323373,-0.00827923696488142
1749235223.7647183,26.582954540346893,-0.009267861023545265
1749235223.7981343,26.59012117282227,-0.008805759251117706
1749235223.8315456,26.603418682967185,-0.010088724084198475
1749235223.8650024,26.61406601528533,-0.009865621104836464
1749235223.8988683,26.62782598078085,-0.011379913426935673
1749235223.932273,26.63470476814096,-0.011623796075582504
1749235223.9661252,26.64840171860227,-0.011895230039954185
1749235223.999507,26.651823014889974,-0.013173400424420834
1749235224.033004,26.661768472836112,-0.013153497129678726
1749235224.0664535,26.672028870880546,-0.0123106949031353
1749235224.0998428,26.686049981065036,-0.012894530780613422
1749235224.1333525,26.696314522950406,-0.012926236726343632
1749235224.1667306,26.70657255024461,-0.013288273476064205
1749235224.2001798,26.71409461403931,-0.013446220196783543
1749235224.2336671,26.727087733694706,-0.014060000889003277
1749235224.267071,26.740778352539998,-0.01438699010759592
1749235224.3005908,26.75073356252682,-0.013794094324111938
1749235224.3341122,26.758305122839364,-0.014574079774320126
1749235224.367511,26.76864027365271,-0.01419302262365818
1749235224.4013975,26.775174666652376,-0.014523155055940151
1749235224.4347966,26.792658188947584,-0.01460360735654831
1749235224.468197,26.80260072176691,-0.014773727394640446
1749235224.501561,26.81288122250527,-0.01383964717388153
1749235224.5349596,26.82315370551666,-0.014869063161313534
1749235224.5683613,26.830350257142836,-0.014326052740216255
1749235224.6017938,26.846761890843165,-0.014808034524321556
1749235224.635264,26.853590387475506,-0.016078447923064232
1749235224.6686804,26.86043234814651,-0.015794506296515465
1749235224.7021198,26.87174278178065,-0.01641715317964554
1749235224.735539,26.88100161019448,-0.016254698857665062
1749235224.7689488,26.895049361137488,-0.016868654638528824
1749235224.8023589,26.905320786308465,-0.016630252823233604
1749235224.8357573,26.913190537909184,-0.016905730590224266
1749235224.8691669,26.925854095508228,-0.016788775101304054
1749235224.902576,26.932704976712756,-0.017310693860054016
1749235224.9364982,26.943319319627886,-0.017037374898791313
1749235224.9759545,26.95667902275416,-0.016934406012296677
1749235225.009351,26.96693656966347,-0.01683836616575718
1749235225.0428753,26.97720491874955,-0.01689491979777813
1749235225.0763235,26.984046863710756,-0.016738375648856163
1749235225.1098516,26.994649496592686,-0.017151521518826485
1749235225.1439173,27.00800384498159,-0.016787968575954437
1749235225.1773174,27.01828035988446,-0.016491573303937912
1749235225.210903,27.02853987138128,-0.016278086230158806
1749235225.244299,27.038810098751494,-0.016030654311180115
1749235225.2777207,27.04565017882387,-0.015026516281068325
1749235225.3111677,27.062760908460344,-0.014453226700425148
1749235225.344565,27.069270240337143,-0.014067619107663631
1749235225.377974,27.079903421732357,-0.013108206912875175
1749235225.4113915,27.086774676359227,-0.01318634394556284
1749235225.4448016,27.09704501865556,-0.011015234515070915
1749235225.4782073,27.11418314934532,-0.01080435048788786
1749235225.5117548,27.124790666298814,-0.00905485451221466
1749235225.545163,27.137812866372727,-0.007194326259195805
1749235225.5785747,27.14501516284046,-0.006933897268027067
1749235225.6120265,27.15525800079882,-0.004930524155497551
1749235225.645508,27.16551932664094,-0.003007077844813466
1749235225.678913,27.172351318676885,-0.0012097964063286781
1749235225.7123086,27.18930532461041,0.001885782228782773
1749235225.7457466,27.19921828328166,0.003655853448435664
1749235225.779181,27.206407931243675,0.005388832185417414
1749235225.8127394,27.220083812521576,0.007337437942624092
1749235225.8465676,27.226909832205784,0.009612548165023327
1749235225.88039,27.23375221474406,0.010191732086241245
1749235225.9137788,27.25049935838065,0.012011418119072914
1749235225.9472063,27.261098638397854,0.01350997295230627
1749235225.9806223,27.27138042334464,0.013983959332108498
1749235226.0149882,27.278235395583568,0.01409255899488926
1749235226.0483866,27.28816583607305,0.014024225994944572
1749235226.0817907,27.298436355119584,0.01497756689786911
1749235226.1152773,27.31585915603114,0.015827374532818794
1749235226.148709,27.319275727698802,0.01627761498093605
1749235226.1821208,27.329526786668993,0.016866642981767654
1749235226.21647,27.346622024041785,0.0176071934401989
1749235226.2498906,27.356540818187096,0.01789841055870056
1749235226.28333,27.36714872070046,0.01892247051000595
1749235226.3168783,27.377416852834536,0.018755005672574043
1749235226.3503191,27.387680543864192,0.01905216835439205
1749235226.3839362,27.397940382922425,0.019745176658034325
1749235226.4174638,27.411275856788258,0.019983826205134392
1749235226.4508607,27.421533131608836,0.020380454137921333
1749235226.4843082,27.432134722682886,0.020122593268752098
1749235226.5177064,27.442391898989936,0.02082671970129013
1749235226.5519998,27.45265042443427,0.02086833491921425
1749235226.5854352,27.45914651401763,0.020953115075826645
1749235226.6188478,27.469744713860667,0.021144753322005272
1749235226.6523144,27.483419347632154,0.02113567292690277
1749235226.6859512,27.49333303212275,0.02121076174080372
1749235226.7194088,27.503930155661966,0.021152963861823082
1749235226.7528183,27.514184865852712,0.021286915987730026
1749235226.7862697,27.52102097481007,0.021486030891537666
1749235226.8196785,27.534692898136377,0.021307215094566345
1749235226.8531032,27.54460424558916,0.021060263738036156
1749235226.8877,27.551781562544594,0.021199487149715424
1749235226.921096,27.565109935958844,0.021130673587322235
1749235226.9545574,27.572286286543424,0.02143009565770626
1749235226.9879754,27.585955644340466,0.02115512639284134
1749235227.02156,27.59620829461252,0.02135608159005642
1749235227.0551276,27.606121136644404,0.02083255723118782
1749235227.088713,27.616718356229992,0.02113826759159565
1749235227.1222517,27.626631548940285,0.021106529980897903
1749235227.1556451,27.636885715286837,0.020718175917863846
1749235227.1890435,27.64713977795545,0.02059873193502426
1749235227.2224798,27.660810982092837,0.020508702844381332
1749235227.255891,27.667988114793072,0.02025006338953972
1749235227.2895048,27.67482337657358,0.02010396681725979
1749235227.3229423,27.688492579227198,0.019984139129519463
1749235227.356371,27.698402707478152,0.01973513886332512
1749235227.3898118,27.708655128927592,0.019451258704066277
1749235227.4262152,27.71924841259104,0.01929647848010063
1749235227.4596741,27.72608275622514,0.019130010157823563
1749235227.4930809,27.736334071003483,0.018825899809598923
1749235227.5265844,27.746584945037213,0.018630297854542732
1749235227.559985,27.756494374802227,0.01845867559313774
1749235227.5933897,27.767087193202016,0.01810847409069538
1749235227.6267872,27.777338760261514,0.017949899658560753
1749235227.6602542,27.787590458035044,0.017760297283530235
1749235227.6936884,27.794425164838035,0.01747802644968033
1749235227.7271636,27.807752764898964,0.017282098531723022
1749235227.7606072,27.82176296674997,0.017044799402356148
1749235227.794004,27.82517991106393,0.01693492941558361
1749235227.8274045,27.842265688105158,0.016697831451892853
1749235227.8608105,27.852175603849258,0.016451571136713028
1749235227.8942177,27.86276879084308,0.016360441222786903
1749235227.927618,27.872678157030077,0.01610751822590828
1749235227.9612308,27.87985416873072,0.015955736860632896
1749235227.9946604,27.890105766404396,0.015750743448734283
1749235228.0280588,27.903774560289293,0.015441381372511387
1749235228.0614586,27.91402676740265,0.015212828293442726
1749235228.094858,27.924279262934817,0.015123048797249794
1749235228.1282637,27.931113960372763,0.015073235146701336
1749235228.1617851,27.941366105484477,0.014782180078327656
1749235228.1953568,27.95161734639982,0.014528839848935604
1749235228.2287729,27.961526829744972,0.014301590621471405
1749235228.262233,27.972120574611303,0.014179914258420467
1749235228.2956362,27.978613873056272,0.013968869112432003
1749235228.3290403,27.98544888376051,0.013753186911344528
1749235228.3628616,27.999117821662605,0.013463488779962063
1749235228.3963072,28.006293911724647,0.013100326992571354
1749235228.4297597,28.016204574258907,0.013413742184638977
1749235228.4631646,28.033635273841767,0.012966091744601727
1749235228.4965897,28.040474024796175,0.012604844756424427
1749235228.5302823,28.05004911681202,0.012805686332285404
1749235228.5637445,28.058521423128084,0.012412114068865776
1749235228.5972297,28.06016627758832,0.01179210003465414
1749235228.630665,28.06450859022058,0.011890456080436707
1749235228.6640952,28.069504094069455,0.012000258080661297
1749235228.6974912,28.072965482784983,0.011532284319400787
1749235228.7308888,28.07630436096975,0.011062993668019772
1749235228.764287,28.081677674502963,0.01124254148453474
1749235228.7976859,28.084382001747656,0.010469969362020493
1749235228.831088,28.089242096860044,0.01090266089886427
1749235228.8646271,28.092577636039795,0.009960775263607502
1749235228.8982334,28.09365254866103,0.010419586673378944
1749235228.931629,28.09787290037333,0.010109656490385532
1749235228.965034,28.10003038200107,0.010040291585028172
1749235228.9984384,28.103381254825305,0.009709436446428299
1749235229.0326462,28.106639720212236,0.009670160710811615
1749235229.0660732,28.10868801559567,0.009161805734038353
1749235229.0994835,28.114157077215847,0.009100587107241154
1749235229.1329453,28.116942118297295,0.00832020677626133
1749235229.1663952,28.120598644636917,0.008038697764277458
1749235229.1998043,28.123814053414286,0.007629472762346268
1749235229.2332025,28.126944440234702,0.00750692468136549
1749235229.266621,28.130289653133783,0.006619275081902742
1749235229.3000283,28.132517302909683,0.006233351305127144
1749235229.3335414,28.138629755815963,0.005635994486510754
1749235229.3669636,28.140656704184003,0.005423969589173794
1749235229.4003654,28.144856040558697,0.005063400603830814
1749235229.4337761,28.149156079000537,0.004118571989238262
1749235229.4672794,28.15245075405737,0.003819388570263982
1749235229.5006359,28.156443236850578,0.002164453035220504
1749235229.5340574,28.160022341337193,0.0013436279259622097
1749235229.5677354,28.164869836707076,0.0005138164269737899
1749235229.6011815,28.167249289045927,-0.00040376203833147883
1749235229.6345994,28.169753698816013,-0.0007521665538661182
1749235229.6680512,28.175478923070383,-0.001994928577914834
1749235229.7045054,28.178896237386322,-0.0031436753924936056
1749235229.7379723,28.181147464279118,-0.003712348872795701
1749235229.7713718,28.18444862489826,-0.004197026137262583
1749235229.804786,28.186587666327842,-0.005747049115598202
1749235229.838154,28.190873422409258,-0.006115597207099199
1749235229.8715518,28.19497832950779,-0.0074536665342748165
1749235229.9049053,28.19819374230302,-0.007619659882038832
1749235229.938307,28.20111964773744,-0.007877317257225513
1749235229.9718482,28.20418392317305,-0.009415840730071068
1749235230.0053172,28.207129370016773,-0.01018998958170414
1749235230.0387938,28.209072124237288,-0.01047669816762209
1749235230.072275,28.212782213144624,-0.011352133937180042
1749235230.1056929,28.214744926610848,-0.011819197796285152
1749235230.1391213,28.217519314000995,-0.01279250904917717
1749235230.1725197,28.220377050152873,-0.01300415862351656
1749235230.2060547,28.222925193842542,-0.013940386474132538
1749235230.2394748,28.226602939855685,-0.013886917382478714
1749235230.273577,28.228430597077892,-0.014656535349786282
1749235230.3069856,28.23179672442262,-0.015799101442098618
1749235230.3403919,28.234303109827984,-0.016369709745049477
1749235230.373835,28.235871608033694,-0.01695432886481285
1749235230.4074361,28.238326448520223,-0.01734326221048832
1749235230.4408364,28.23993841159361,-0.018448667600750923
1749235230.4742644,28.242485191384002,-0.018201839178800583
1749235230.5076666,28.245591246277595,-0.018921148031949997
1749235230.5410767,28.24799872779966,-0.01965549774467945
1749235230.574509,28.25021275237945,-0.019725916907191277
1749235230.6080275,28.25260369292341,-0.01964622177183628
1749235230.6414468,28.254720636717312,-0.020091071724891663
1749235230.6748576,28.257653286928324,-0.020992599427700043
1749235230.708278,28.259851912540697,-0.020445886999368668
1749235230.7441673,28.261265165625733,-0.02103269100189209
1749235230.777676,28.263951687796,-0.02148224227130413
1749235230.8110914,28.266038496617057,-0.022304870188236237
1749235230.844492,28.267968498436833,-0.02250334993004799
1749235230.877898,28.269986547671444,-0.02314748987555504
1749235230.9113007,28.271911420698057,-0.023592853918671608
1749235230.9447486,28.274362206842365,-0.023668358102440834
1749235230.9783914,28.275043388957307,-0.02352212741971016
1749235231.0118213,28.27749471676882,-0.02450106292963028
1749235231.0453193,28.279351965675634,-0.02415824867784977
1749235231.078699,28.281150299513325,-0.02441834658384323
1749235231.1127982,28.28285270118775,-0.024911893531680107
1749235231.146204,28.285151729610753,-0.02508830837905407
1749235231.1796012,28.286896832457728,-0.025725459679961205
1749235231.2129984,28.28857149157075,-0.026026522740721703
1749235231.246429,28.289684910892934,-0.025682669132947922
1749235231.2799258,28.291871950548753,-0.026789134368300438
1749235231.3133328,28.29351734278358,-0.026353174820542336
1749235231.346701,28.2956634379976,-0.02701854333281517
1749235231.3801033,28.296192049053598,-0.026677435263991356
1749235231.4135015,28.29666035482105,-0.026530584320425987
1749235231.44703,28.297682927246157,-0.026993533596396446
1749235231.480546,28.299752723690737,-0.027363963425159454
1749235231.514606,28.30024533846789,-0.02704794332385063
1749235231.5480363,28.302188946718953,-0.027708103880286217
1749235231.5815783,28.304160647203304,-0.02763335406780243
1749235231.6151009,28.30560592571377,-0.028378674760460854
1749235231.6488225,28.306598132975324,-0.02772405929863453
1749235231.6822274,28.308497732284128,-0.02853832021355629
1749235231.7156303,28.309808957750448,-0.02870326302945614
1749235231.7490475,28.311086462266918,-0.0285171065479517
1749235231.7824526,28.311992353352263,-0.028432900086045265
1749235231.8158534,28.313676546766125,-0.02859184518456459
1749235231.84937,28.314931348376508,-0.02903628535568714
1749235231.8827648,28.315756291040856,-0.028506025671958923
1749235231.9161754,28.316969612283486,-0.02888593077659607
1749235231.9498246,28.318946571947635,-0.028902918100357056
1749235231.983332,28.31972647748758,-0.028926698490977287
1749235232.0170593,28.32048941379587,-0.028990507125854492
1749235232.0504777,28.322002002531253,-0.029040928930044174
1749235232.0838833,28.32307329173713,-0.028998885303735733
1749235232.1175985,28.32420193072023,-0.02922286093235016
1749235232.151007,28.325280547037533,-0.029357559978961945
1749235232.1844735,28.326344758958975,-0.029323343187570572
1749235232.2181058,28.32704891306854,-0.029322348535060883
1749235232.254406,28.328418803660497,-0.02938220463693142
1749235232.2878036,28.32909292124321,-0.029418082907795906
1749235232.3212068,28.330421347553497,-0.029469311237335205
1749235232.3546226,28.33139625625333,-0.029415184631943703
1749235232.3880208,28.332678501377103,-0.029623959213495255
1749235232.421421,28.333623006170036,-0.029603589326143265
1749235232.454823,28.33455019503067,-0.0296702329069376
1749235232.4888306,28.33485556548084,-0.029727114364504814
1749235232.5222847,28.336356225347878,-0.029761433601379395
1749235232.5556998,28.33694550950111,-0.029810920357704163
1749235232.589107,28.33781778210072,-0.029858071357011795
1749235232.6225104,28.3386772673356,-0.029797134920954704
1749235232.6559222,28.33984009496512,-0.029949165880680084
1749235232.6893651,28.34037093416896,-0.029717884957790375
1749235232.7229786,28.341166103596183,-0.02984444983303547
1749235232.7563915,28.342275332501284,-0.029853064566850662
1749235232.7897813,28.343063622424427,-0.029882505536079407
1749235232.8231785,28.344077845865556,-0.029931100085377693
1749235232.856587,28.344701467356433,-0.029955178499221802
1749235232.8900204,28.34495628410336,-0.029978979378938675
1749235232.9234393,28.34521635008101,-0.029993416741490364
1749235232.956909,28.3453261053069,-0.029998058453202248
1749235232.9904923,28.345357128497792,-0.030002498999238014
1749235233.0238907,28.345389113991185,-0.03000367246568203
1749235233.057301,28.345401542999472,-0.030004575848579407
1749235233.0908134,28.345408761876744,-0.03000606596469879
1749235233.1242268,28.345411883413966,-0.030005788430571556
1749235233.157637,28.34541621813835,-0.030006686225533485
1749235233.1911461,28.345418150231612,-0.030008506029844284
1749235233.2245975,28.345420251457362,-0.030008122324943542
1749235233.2580938,28.345422610721762,-0.030009372159838676
1749235233.2915,28.345424583784624,-0.030009683221578598
1749235233.324915,28.345425056314355,-0.0300096794962883
1749235233.3583987,28.345426973475135,-0.03000950813293457
1749235233.3918152,28.345428510105574,-0.030012117698788643
1749235233.4252205,28.34542962716059,-0.03001287207007408
1749235233.4586258,28.34543059953849,-0.03001290000975132
1749235233.4920113,28.345432652075882,-0.03001384250819683
1749235233.5254662,28.34543366427346,-0.03001387231051922
1749235233.5588775,28.345435132630502,-0.030014341697096825
1749235233.592396,28.34543670829018,-0.030014006420969963
1749235233.6257956,28.34543791086826,-0.030016863718628883
1749235233.6593165,28.345440302647024,-0.030015818774700165
1749235233.692748,28.345441356944725,-0.030018005520105362
1749235233.7261863,28.345442673007064,-0.03001732937991619
1749235233.7596345,28.34544412282922,-0.030017003417015076
1749235233.7930374,28.345445725335626,-0.030018053948879242
1749235233.826439,28.345447353469904,-0.03001871332526207
1749235233.8598464,28.345448461045283,-0.03002091869711876
1749235233.893307,28.34545007658173,-0.03002043254673481
1749235233.9268599,28.345451687107534,-0.030021950602531433
1749235233.9603071,28.345453019352178,-0.03002127632498741
1749235233.993716,28.34545454432199,-0.03002224490046501
1749235234.0315907,28.345456020283418,-0.030021822080016136
1749235234.065006,28.345457524982344,-0.030024906620383263
1749235234.0987024,28.34545947105557,-0.030024414882063866
1749235234.1322427,28.345459669279784,-0.030024921521544456
1749235234.165642,28.345461683764007,-0.030024876818060875
1749235234.199046,28.34546272250175,-0.03002411313354969
1749235234.2324605,28.34546461342073,-0.030025994405150414
1749235234.265866,28.34546628868164,-0.030028028413653374
1749235234.3005412,28.345467933624022,-0.030027680099010468
1749235234.3339443,28.345469935933508,-0.030029071494936943
1749235234.3673503,28.34547174459904,-0.030030198395252228
1749235234.4007492,28.345473169765775,-0.030029401183128357
1749235234.4341896,28.34547514497567,-0.030030380934476852
1749235234.4676058,28.34547662474502,-0.030029689893126488
1749235234.5009809,28.345478145296116,-0.030032271519303322
1749235234.5343835,28.345479636330435,-0.030032703652977943
1749235234.5677881,28.345480674672704,-0.030033446848392487
1749235234.601195,28.345482203157108,-0.030033426359295845
1749235234.6346004,28.345483175831177,-0.03003263846039772
1749235234.668126,28.345484816997864,-0.030033623799681664
1749235234.7015471,28.34548587689222,-0.030033718794584274
1749235234.7349598,28.34548701478956,-0.030036533251404762
1749235234.7683644,28.345489088430153,-0.0300363190472126
1749235234.8017669,28.345490000797945,-0.03003755584359169
1749235234.835169,28.345490952481573,-0.030037669464945793
1749235234.8685691,28.345492894794212,-0.030037738382816315
1749235234.9019783,28.34549401169581,-0.0300371665507555
1749235234.9353848,28.345495482211664,-0.03004060685634613
1749235234.9689527,28.34549748892501,-0.030040625482797623
1749235235.0023787,28.345498513380093,-0.03004102222621441
1749235235.0359347,28.3455008864226,-0.03004101850092411
1749235235.0693393,28.345501749609017,-0.030040739104151726
1749235235.1027448,28.345503397871898,-0.030042240396142006
1749235235.136192,28.345504988180416,-0.030041532590985298
1749235235.169597,28.345505757212283,-0.030044522136449814
1749235235.2030025,28.34550771861419,-0.030043425038456917
1749235235.2364528,28.345509564015988,-0.03004554659128189
1749235235.2699296,28.34551122935656,-0.0300450436770916
1749235235.3033357,28.34551285230083,-0.030045785009860992
1749235235.3367405,28.345513357460113,-0.030045052990317345
1749235235.3702369,28.345515249123906,-0.03004848025739193
1749235235.4036822,28.345517146782445,-0.030047856271266937
1749235235.4370818,28.345518980296912,-0.030049066990613937
1749235235.4704907,28.34552094062656,-0.030049018561840057
1749235235.503891,28.345521980413814,-0.030048200860619545
1749235235.5373497,28.345523941893383,-0.030048931017518044
1749235235.570792,28.345525291576905,-0.030051512643694878
1749235235.6041968,28.345526325352537,-0.030052077025175095
1749235235.6376467,28.345528504498986,-0.030052101239562035
1749235235.671131,28.345530140498013,-0.030053317546844482
1749235235.7046194,28.345531193764366,-0.030053291469812393
1749235235.7380722,28.34553211528381,-0.03005376085639
1749235235.7714946,28.34553371982738,-0.030053425580263138
1749235235.8049128,28.345535897209935,-0.030056243762373924
1749235235.8383994,28.345537257224525,-0.030056633055210114
1749235235.8717988,28.34561234285276,-0.030238572508096695
1749235235.9052336,28.35248250528328,-0.02825411781668663
1749235235.9386456,28.359749901048403,-0.025750255212187767
1749235235.9720533,28.36810702206363,-0.023326195776462555
1749235236.0054364,28.373704246533133,-0.02155308425426483
1749235236.0407143,28.383174488415758,-0.020428059622645378
1749235236.0741322,28.39539102106954,-0.016811106353998184
1749235236.107539,28.405605341705094,-0.014272945933043957
1749235236.1410563,28.41463740876145,-0.012955598533153534
1749235236.174482,28.42461852621465,-0.009966524317860603
1749235236.207983,28.437573082309893,-0.006701171398162842
1749235236.2413878,28.44741848141152,-0.005673933774232864
1749235236.2747989,28.45727773515579,-0.0027259872294962406
1749235236.3082054,28.46719187265029,-0.0012744691921398044
1749235236.3447163,28.47714305524148,0.001036092173308134
1749235236.3781338,28.48381009360491,0.002597772516310215
1749235236.4116633,28.496845521908874,0.0037453193217515945
1749235236.445445,28.507884629471405,0.0067390515469014645
1749235236.4788282,28.51360043783531,0.007973283529281616
1749235236.5123026,28.52740147108479,0.009071537293493748
1749235236.545707,28.537157993083113,0.011306392960250378
1749235236.5791123,28.544587688372204,0.013261713087558746
1749235236.612763,28.55784909938718,0.01425756886601448
1749235236.646199,28.57144670585942,0.016980482265353203
1749235236.6795654,28.577937371277205,0.01686333864927292
1749235236.7130241,28.585095082247438,0.018973829224705696
1749235236.7464557,28.595668571975935,0.020730555057525635
1749235236.7799494,28.605585347469322,0.019917652010917664
1749235236.813359,28.619368281174058,0.02177370712161064
1749235236.8467991,28.62972589525557,0.023449251428246498
1749235236.8802109,28.636622246015044,0.02442435920238495
1749235236.9136114,28.650487229419678,0.023605482652783394
1749235236.9470184,28.660583704411238,0.025114739313721657
1749235236.980469,28.671049288878706,0.02625281549990177
1749235237.0138772,28.678331120928892,0.024166136980056763
1749235237.051469,28.692098233841826,0.019983496516942978
1749235237.0848777,28.69521133059379,0.019086752086877823
1749235237.1182768,28.712980463593276,0.017174629494547844
1749235237.1517293,28.723470470672833,0.015221456065773964
1749235237.1851382,28.73362824487765,0.012624247930943966
1749235237.2186544,28.7410027416481,0.010913845151662827
1749235237.2520218,28.754719086733544,0.010143203660845757
1749235237.2858205,28.765249430751968,0.008228125050663948
1749235237.31927,28.77612762119323,0.007211434189230204
1749235237.3527167,28.78310407969573,0.00470245536416769
1749235237.3861356,28.79353988232534,0.0015350920148193836
1749235237.4195945,28.807542520741503,0.0016668016323819757
1749235237.4529989,28.8180303191349,-0.0006645985995419323
1749235237.4865208,28.825011054473613,-0.002258594147861004
1749235237.5199258,28.83235966563321,-0.001983107067644596
1749235237.5533254,28.849466892418913,-0.003866138169541955
1749235237.5867407,28.856431627044714,-0.006367690861225128
1749235237.6201825,28.87007107775175,-0.007353776600211859
1749235237.6536934,28.877430997541232,-0.00831627193838358
1749235237.687095,28.891097517282965,-0.009760658256709576
1749235237.7205017,28.89847114766271,-0.010492254979908466
1749235237.7538998,28.908996835835403,-0.012459196150302887
1749235237.7873416,28.91953953372066,-0.012746664695441723
1749235237.820745,28.92968307456298,-0.015313045121729374
1749235237.8547223,28.940539214127696,-0.017401954159140587
1749235237.8880928,28.951045312320417,-0.01725991815328598
1749235237.921505,28.964631295579807,-0.020894860848784447
1749235237.954939,28.97196542518378,-0.022441642358899117
1749235237.9883742,28.98593134634819,-0.02265523001551628
1749235238.0217714,28.99291829506579,-0.025156598538160324
1749235238.0551758,29.00305106059835,-0.02617412433028221
1749235238.0885913,29.013513564340077,-0.025409862399101257
1749235238.122123,29.024302475427803,-0.026680001989006996
1749235238.1555204,29.03475570704882,-0.027891697362065315
1749235238.1888962,29.041740750222996,-0.028051190078258514
1749235238.222299,29.05188783067504,-0.027722999453544617
1749235238.2557397,29.06272899457841,-0.028807276859879494
1749235238.2891192,29.0693779800272,-0.029832802712917328
1749235238.3225493,29.083392372330074,-0.03006087988615036
1749235238.3560233,29.094268226589396,-0.030620595440268517
1749235238.3894262,29.10481113002264,-0.030071591958403587
1749235238.4238539,29.115372414129023,-0.03137235715985298
1749235238.4574115,29.122064294296678,-0.031112657859921455
1749235238.491086,29.1329909460953,-0.03150740638375282
1749235238.5245314,29.143567217393855,-0.030880682170391083
1749235238.5580342,29.154180348799215,-0.03094913810491562
1749235238.5916202,29.164760241524366,-0.029947804287075996
1749235238.6250248,29.174970064858424,-0.0292173121124506
1749235238.6584294,29.185872784299143,-0.02868676744401455
1749235238.6918352,29.196414039104237,-0.027769284322857857
1749235238.7252882,29.206942179230275,-0.026735534891486168
1749235238.7586904,29.21711155393521,-0.02513066865503788
1749235238.7924373,29.22447805334999,-0.02344152145087719
1749235238.825848,29.234997534458223,-0.021713534370064735
1749235238.8594053,29.249033596965152,-0.0203827153891325
1749235238.892838,29.25956671617338,-0.01954204961657524
1749235238.9262545,29.27007228613753,-0.017599953338503838
1749235238.9598672,29.27707877515462,-0.015275160782039165
1749235238.9932742,29.291121237806365,-0.013718964532017708
1749235239.0267947,29.301652168325514,-0.011633655056357384
1749235239.060201,29.31218474401734,-0.008796234615147114
1749235239.0977664,29.322755569414408,-0.006351111922413111
1749235239.1311896,29.333666788153234,-0.0035479366779327393
1749235239.1646032,29.34387961834467,-0.001142313820309937
1749235239.198075,29.358286676152456,0.0010124880354851484
1749235239.2314813,29.364964489909884,0.001734165009111166
1749235239.2649229,29.379010829870175,0.0032067757565528154
1749235239.298401,29.38603021285912,0.0037430590018630028
1749235239.3318343,29.396554798281247,0.0047662509605288506
1749235239.365283,29.407080696006837,0.005392863880842924
1749235239.3990636,29.421117180847652,0.0053343097679317
1749235239.4361167,29.431638120415855,0.006331959739327431
1749235239.4696379,29.44181041303525,0.006946425884962082
1749235239.503136,29.452682809207502,0.007576812990009785
1749235239.5365736,29.462853787616247,0.00813443586230278
1749235239.56998,29.473374882184867,0.00869601871818304
1749235239.6034377,29.48424531770395,0.009607684798538685
1749235239.6368678,29.49476501899809,0.010143023915588856
1749235239.6703143,29.504934781673544,0.010570133104920387
1749235239.7037685,29.515805060395547,0.010931222699582577
1749235239.7372367,29.526323830736814,0.01155378483235836
1749235239.7706618,29.533337287937535,0.011602604761719704
1749235239.8040886,29.54385645779701,0.011797210201621056
1749235239.8376439,29.554374944727225,0.012147280387580395
1749235239.8710327,29.561386835756085,0.012376978062093258
1749235239.9045753,29.571904817314785,0.012640251778066158
1749235239.9379818,29.578566237960136,0.01294171717017889
1749235239.9725332,29.59610020538906,0.012865090742707253
1749235240.0059683,29.603462532282627,0.013771265745162964
1749235240.040925,29.61714534012666,0.013863570988178253
1749235240.0743992,29.628029819233532,0.013286364264786243
1749235240.1077988,29.631189483980048,0.013841988518834114
1749235240.1413736,29.645584153757245,0.013706248253583908
1749235240.1747909,29.65611969839016,0.014343972317874432
1749235240.2081897,29.666650951642886,0.014367246069014072
1749235240.2416098,29.67717779880002,0.014631600119173527
1749235240.2750084,29.691209971960205,0.014245891943573952
1749235240.308469,29.697874832235314,0.014292526990175247
1749235240.3418946,29.71225403024352,0.014543789438903332
1749235240.3753035,29.72242400486723,0.014473599381744862
1749235240.4087017,29.732943874936467,0.014083828777074814
1749235240.4423237,29.7403072115389,0.014289270155131817
1749235240.4757316,29.754332681238886,0.014109372161328793
1749235240.5092623,29.761345354899834,0.014182948507368565
1749235240.5426748,29.77186406107802,0.013953261077404022
1749235240.5761187,29.782031705139428,0.01398954726755619
1749235240.6095295,29.789394273286216,0.013958956114947796
1749235240.6429353,29.799911059559363,0.013718067668378353
1749235240.6763847,29.81077810693004,0.013694116845726967
1749235240.709785,29.82444956604606,0.01359735056757927
1749235240.743184,29.834966814475667,0.013163677416741848
1749235240.7765858,29.842329242624537,0.013127020560204983
1749235240.8100123,29.85600323725326,0.013145878911018372
1749235240.8434148,29.86652839690933,0.012498472817242146
1749235240.876819,29.87707102447714,0.01317170262336731
1749235240.91023,29.887611556406835,0.012196174822747707
1749235240.9436402,29.898162846210692,0.012765135616064072
1749235240.9770007,29.91187662516402,0.01185890007764101
1749235241.010691,29.91927732340224,0.01227389182895422
1749235241.044208,29.929485471598156,0.011289695277810097
1749235241.0776153,29.943907474610047,0.011846955865621567
1749235241.1110148,29.954474907630402,0.010868312790989876
1749235241.1444147,29.96505239233951,0.011545570567250252
1749235241.177845,29.97563315491965,0.010588615201413631
1749235241.2112715,29.986233897608106,0.011025909334421158
1749235241.2446744,29.996837976655605,0.009914298541843891
1749235241.2780752,30.007421328912695,0.010126659646630287
1749235241.3114786,30.014479309183166,0.009635865688323975
1749235241.3450155,30.025073197239873,0.01002721581608057
1749235241.3784184,30.032134289683924,0.009050245396792889
1749235241.4118738,30.042720568354394,0.009359494782984257
1749235241.4452996,30.060000582808215,0.008455237373709679
1749235241.4787145,30.06739339908581,0.008162448182702065
1749235241.512157,30.077947483310265,0.008157290518283844
1749235241.545867,30.084977245348536,0.00750926835462451
1749235241.5792885,30.095852711051073,0.0071379514411091805
1749235241.6127007,30.10604574400592,0.007605032064020634
1749235241.6461675,30.11658783670212,0.00656207837164402
1749235241.6796446,30.12896403074312,0.005525335669517517
1749235241.7131274,30.133698309986112,0.005912563297897577
1749235241.7465398,30.140583888344228,0.005155935883522034
1749235241.7799547,30.143500328146878,0.00450122868642211
1749235241.8133695,30.1474493791928,0.004844789858907461
1749235241.846771,30.15331838760566,0.005089879035949707
1749235241.8802261,30.155567748531066,0.004517860244959593
1749235241.9136903,30.159034000121085,0.004967483226209879
1749235241.9471824,30.161141429688755,0.004406878259032965
1749235241.9805863,30.16537991242893,0.004432246088981628
1749235242.0139918,30.16783687307307,0.005226402543485165
1749235242.0474598,30.17188799455577,0.005473765544593334
1749235242.0808637,30.176117943243717,0.005227440968155861
1749235242.1143854,30.179310216709588,0.0042017316445708275
1749235242.1480868,30.182528323049514,0.004398569464683533
1749235242.1818001,30.185732702556283,0.005219581536948681
1749235242.2178173,30.18885715927485,0.004207433667033911
1749235242.251235,30.19220559107981,0.004556294064968824
1749235242.2846415,30.195426457471665,0.003931364975869656
1749235242.31808,30.198544179378356,0.004603419918566942
1749235242.3515642,30.200823215037616,0.004063469357788563
1749235242.3849719,30.205312601298374,0.004123537335544825
1749235242.4183803,30.207581510194416,0.005196369718760252
1749235242.45181,30.212109656492743,0.005196606740355492
1749235242.4852157,30.21543051768572,0.004301277920603752
1749235242.5186665,30.21876309391264,0.003465704619884491
1749235242.552158,30.221972560688965,0.004439032636582851
1749235242.585568,30.22424837010619,0.0034575285390019417
1749235242.618972,30.228514820304206,0.0027608361560851336
1749235242.652413,30.231656194965623,0.00258372793905437
1749235242.6858158,30.233718437103796,0.0021087925415486097
1749235242.7193873,30.236790168365214,0.0023099042009562254
1749235242.7528927,30.239817566023056,0.0014123417204245925
1749235242.7863834,30.242819775410027,0.0009144686046056449
1749235242.8199897,30.245742738086797,5.780415813205764e-05
1749235242.8534336,30.248513832446502,-0.0005046719452366233
1749235242.8868358,30.251335409711213,-0.0007912133587524295
1749235242.9202557,30.255145333168926,-0.00022694967628922313
1749235242.9537144,30.256975991886748,-0.0010554215405136347
1749235242.9872115,30.26054132259678,-0.0005303129437379539
1749235243.020728,30.262483150523945,-0.0008812465821392834
1749235243.0541575,30.26496500092359,-0.00189207645598799
1749235243.0880811,30.267630085473,-0.0026824004016816616
1749235243.1215122,30.270094325758734,-0.0032462833914905787
1749235243.1549218,30.273445520496697,-0.0036129350773990154
1749235243.1883428,30.275169015612487,-0.0038498237263411283
1749235243.2217476,30.278328010758866,-0.0030888363253325224
1749235243.2561529,30.28071414225912,-0.0037041567265987396
1749235243.2895563,30.282220582566598,-0.0035223886370658875
1749235243.3233488,30.285384220022436,-0.003533515613526106
1749235243.3567572,30.28762013083522,-0.004238915629684925
1749235243.3901374,30.28912416708972,-0.004030684940516949
1749235243.4243956,30.29209073349881,-0.004433745983988047
1749235243.4577608,30.294181469381524,-0.004602194298058748
1749235243.4912744,30.29632273181643,-0.0058303349651396275
1749235243.5246735,30.29846367052543,-0.005749933421611786
1749235243.5581203,30.30062068023767,-0.006035701837390661
1749235243.592368,30.302315609861353,-0.006353453733026981
1749235243.6257915,30.30396841087652,-0.0076756286434829235
1749235243.6592572,30.306625059626107,-0.0075011225417256355
1749235243.6928086,30.308546653644193,-0.00795197393745184
1749235243.7308838,30.310403641599244,-0.009048216044902802
1749235243.7644088,30.312339074900155,-0.009962431155145168
1749235243.798876,30.313630550600266,-0.010106693021953106
1749235243.832669,30.316730646502617,-0.010989155620336533
1749235243.866106,30.31834327630114,-0.011477809399366379
1749235243.899522,30.32026699829233,-0.011962495744228363
1749235243.9331765,30.321978408610498,-0.01259896531701088
1749235243.966714,30.324172628997847,-0.013533207587897778
1749235244.0001223,30.325888893138842,-0.012435823678970337
1749235244.0335326,30.327428189419724,-0.013859008438885212
1749235244.067013,30.328975412061435,-0.013439802452921867
1749235244.1009126,30.330681421265723,-0.01433649007230997
1749235244.1343179,30.331719866209333,-0.014140677638351917
1749235244.1677191,30.333334139922194,-0.014389527030289173
1749235244.2011259,30.33532718696429,-0.01476086862385273
1749235244.2345903,30.33675694634871,-0.0155356889590621
1749235244.2679968,30.337892071724124,-0.015015138313174248
1749235244.3014297,30.33982721162499,-0.016087688505649567
1749235244.3348446,30.340907786976317,-0.015552923083305359
1749235244.3682795,30.342894375678245,-0.016641253605484962
1749235244.4017315,30.344297911747987,-0.01682417094707489
1749235244.4351192,30.34567222642706,-0.016169080510735512
1749235244.4685583,30.346977647554922,-0.016126668080687523
1749235244.501994,30.34782536448616,-0.0164662916213274
1749235244.5354419,30.349077721580095,-0.017152881249785423
1749235244.5688632,30.350321777252216,-0.01705019362270832
1749235244.6022615,30.351954024472477,-0.016802195459604263
1749235244.6356378,30.352717097149164,-0.01743674837052822
1749235244.6691945,30.35472015381076,-0.017065830528736115
1749235244.7026215,30.355505103941542,-0.017769785597920418
1749235244.7360704,30.356717433958725,-0.017424283549189568
1749235244.7695284,30.357832149701423,-0.0176664087921381
1749235244.8029263,30.35897585626074,-0.017779558897018433
1749235244.836331,30.360156083235097,-0.018140902742743492
1749235244.8697486,30.361652146945595,-0.017660018056631088
1749235244.9040668,30.362380526089098,-0.01812037080526352
1749235244.9374664,30.363772353499964,-0.01816544681787491
1749235244.9708724,30.364848822373347,-0.018201809376478195
1749235245.0042937,30.365526627970496,-0.018243685364723206
1749235245.037691,30.3664996295942,-0.01842866651713848
1749235245.0711184,30.367529296452123,-0.018183166161179543
1749235245.1045744,30.36852314252315,-0.01866636425256729
1749235245.138058,30.369507717761515,-0.018271958455443382
1749235245.1714437,30.37048122917096,-0.018837887793779373
1749235245.2052915,30.37112920492646,-0.01829967461526394
1749235245.2387733,30.37245418303383,-0.019109399989247322
1749235245.2721884,30.373149020123666,-0.01836145669221878
1749235245.3056643,30.374421261892447,-0.019052205607295036
1749235245.339047,30.375322997953315,-0.018716463819146156
1749235245.3724504,30.376206879148807,-0.019016701728105545
1749235245.4058526,30.3770903006591,-0.018982376903295517
1749235245.4392595,30.377650274041443,-0.01905575394630432
1749235245.4726608,30.378729831318097,-0.019125739112496376
1749235245.5060709,30.379260294758218,-0.019184289500117302
1749235245.5396981,30.380307436723314,-0.01926386170089245
1749235245.5734453,30.380815446394017,-0.01929759792983532
1749235245.6072426,30.381487132373916,-0.0193626806139946
1749235245.6406953,30.381866347739635,-0.019378378987312317
1749235245.6740935,30.382108688254956,-0.01939377561211586
1749235245.7075002,30.38221650497939,-0.019402284175157547
1749235245.7409048,30.382232269645353,-0.019406117498874664
1749235245.7743037,30.382276666571176,-0.01940881833434105
1749235245.8077168,30.382284835392728,-0.01940949074923992
1749235245.841159,30.38229492788267,-0.019412484019994736
1749235245.8745294,30.38229787533396,-0.019412023946642876
1749235245.9079096,30.382301764167845,-0.01941055804491043
1749235245.9413064,30.3823032974592,-0.019412560388445854
1749235245.974759,30.382305828696822,-0.01941283419728279
1749235246.008286,30.382307524726325,-0.01941286213696003
1749235246.041693,30.382308649928294,-0.01941319927573204
1749235246.0751317,30.382311292456155,-0.01941373012959957
1749235246.1087654,30.382312403779856,-0.0194145068526268
1749235246.1421893,30.382314403476787,-0.01941497065126896
1749235246.175832,30.382315881295867,-0.019415494054555893
1749235246.209243,30.38231733365801,-0.019416123628616333
1749235246.2429376,30.38231880999731,-0.01941637508571148
1749235246.276341,30.38231985513054,-0.019416911527514458
1749235246.3097992,30.382321304943257,-0.019417671486735344
1749235246.3432422,30.38232357423664,-0.01941808871924877
1749235246.3766477,30.382325229545803,-0.019418634474277496
1749235246.4100997,30.382326834102305,-0.01941942423582077
1749235246.4436364,30.382327838321928,-0.01941973902285099
1749235246.4770534,30.382329523713395,-0.019420986995100975
1749235246.5147784,30.38233114627004,-0.019421173259615898
1749235246.5482032,30.382332638839706,-0.01942160725593567
1749235246.5815916,30.382334080521645,-0.019422758370637894
1749235246.61556,30.382336278011962,-0.01942303217947483
1749235246.6490862,30.382337321577538,-0.01942342147231102
1749235246.6825626,30.382339347920478,-0.01942428946495056
1749235246.7159817,30.382340846462462,-0.01942501962184906
1749235246.749381,30.382342885318504,-0.01942519284784794
1749235246.7832685,30.382344335132096,-0.01942601054906845
1749235246.816858,30.382345314858195,-0.019426638260483742
1749235246.850275,30.382346854547045,-0.019426845014095306
1749235246.883746,30.382347452580763,-0.01942766085267067
1749235246.91739,30.38234959823651,-0.01942828856408596
1749235246.9507556,30.38235159025658,-0.019428780302405357
1749235246.9842298,30.382352916169605,-0.01942930556833744
1749235247.0176284,30.382354510147493,-0.019429972395300865
1749235247.051029,30.38235664202733,-0.01943068392574787
1749235247.0845826,30.38235791176468,-0.01943087950348854
1749235247.1180308,30.38236032931389,-0.01943129673600197
1749235247.151484,30.38236141744767,-0.019432082772254944
1749235247.1849406,30.382363237290495,-0.019432613626122475
1749235247.2182994,30.38236480644777,-0.019432885572314262
1749235247.251698,30.382367172501176,-0.01943342201411724
1749235247.2851574,30.382369354339236,-0.019434383139014244
1749235247.3185675,30.38237124106474,-0.01943497732281685
1749235247.3522098,30.382373074776623,-0.01943584531545639
1749235247.3856728,30.382374600532376,-0.019436033442616463
1749235247.4191532,30.382376167230483,-0.019436629489064217
1749235247.4525797,30.3823779019659,-0.019437287002801895
1749235247.4859812,30.382379905543566,-0.019438227638602257
1749235247.519418,30.382381410695288,-0.019438685849308968
1749235247.552818,30.382383177495246,-0.0194392167031765
1749235247.5862417,30.382384790277666,-0.019439877942204475
1749235247.6196861,30.382385712217047,-0.019440051168203354
1749235247.653139,30.382386970622505,-0.019440868869423866
1749235247.6867754,30.38238901376335,-0.019441530108451843
1749235247.720254,30.382390824080986,-0.019441703334450722
1749235247.7536683,30.382391786550684,-0.019442519173026085
1749235247.7870734,30.382393812449383,-0.019443180412054062
1749235247.8205416,30.38239560646536,-0.01944335363805294
1749235247.8539581,30.38239740299935,-0.019443891942501068
1749235247.8874068,30.382398841610065,-0.01944444328546524
1749235247.920806,30.382400724482824,-0.019445005804300308
1749235247.9542263,30.382402174231093,-0.01944582164287567
1749235247.98768,30.382403675623806,-0.019446155056357384
1749235248.0210993,30.382405240363894,-0.019446630030870438
1749235248.054774,30.382406745102312,-0.019447389990091324
1749235248.088284,30.38240855880044,-0.019447743892669678
1749235248.1216507,30.382410788558765,-0.019449053332209587
1749235248.1551719,30.38241177196418,-0.019449040293693542
1749235248.1887915,30.38241345860823,-0.01944945752620697
1749235248.2221808,30.382414495954283,-0.019449932500720024
1749235248.2556381,30.38241646699868,-0.01945079304277897
1749235248.2892096,30.38241825135481,-0.019451046362519264
1749235248.322656,30.382419982691868,-0.019451653584837914
1749235248.3560648,30.382422155581995,-0.019452542066574097
1749235248.3894687,30.38242404276065,-0.01945313811302185
1749235248.4228797,30.3824252546042,-0.019454006105661392
1749235248.4562914,30.38242671764997,-0.019454194232821465
1749235248.4897056,30.382428284213916,-0.01945478841662407
1749235248.5231605,30.382429754373295,-0.01945565827190876
1749235248.5565736,30.38243134702257,-0.019456051290035248
1749235248.5899873,30.382433487869136,-0.01945684663951397
1749235248.6236804,30.383084386092214,-0.01987515762448311
1749235248.657131,30.385563072186994,-0.01877172477543354
1749235248.6906006,30.393611312579388,-0.01672818697988987
1749235248.7240915,30.404970871968732,-0.014018765650689602
1749235248.7575073,30.414053480386052,-0.011116301640868187
1749235248.7915785,30.423456850256432,-0.008921008557081223
1749235248.8267741,30.43627951514737,-0.006512642838060856
1749235248.8601823,30.442452593963736,-0.004651901312172413
1749235248.8935978,30.452617728182176,-0.00417324947193265
1749235248.9270515,30.462455637569708,-0.0016505661187693477
1749235248.9604552,30.472336271041936,0.0005302837234921753
1749235248.993858,30.482319347366296,0.00035807836684398353
1749235249.0273123,30.49196002403118,0.003661133348941803
1749235249.0607395,30.498983362208524,0.004934147000312805
1749235249.0941484,30.512071192505577,0.0064659519121050835
1749235249.1275663,30.519143421651002,0.007888264022767544
1749235249.1609678,30.532651633953368,0.009906740859150887
1749235249.194418,30.5428346427512,0.010887106880545616
1749235249.227844,30.549614058464844,0.013234957121312618
1749235249.2612433,30.56318761125292,0.014785232953727245
1749235249.2946465,30.576817983386835,0.016445720568299294
1749235249.328049,30.58706446516172,0.017531530931591988
1749235249.3615603,30.593895211220367,0.01927076280117035
1749235249.3949625,30.60421875218227,0.01883258856832981
1749235249.4285388,30.614587328771975,0.020365938544273376
1749235249.4633622,30.624999476204742,0.021879227831959724
1749235249.4967756,30.635010864432505,0.023095907643437386
1749235249.5301816,30.64197380298193,0.022858353331685066
1749235249.56359,30.656275690639323,0.024138353765010834
1749235249.5970278,30.666768324363645,0.025375623255968094
1749235249.6304295,30.68046016531557,0.02589261904358864
1749235249.6638324,30.691025471367603,0.02529068849980831
