timestamp,encoder_distance,yaw_true
1748708060.7208602,20.69673754781364,-1.5658708810806274
1748708060.869001,20.69676066478761,-1.5656158924102783
1748708060.9365287,20.696802539660606,-1.5659915208816528
1748708061.1511214,20.703490056725848,-1.5652865171432495
1748708061.1845853,20.708778881849828,-1.5646860599517822
1748708061.2180045,20.716983754545428,-1.5639519691467285
1748708061.2515202,20.72682414502113,-1.563359022140503
1748708061.28494,20.73271205116929,-1.563118815422058
1748708061.3183515,20.743236766255286,-1.5624970197677612
1748708061.3546004,20.74983523583088,-1.5623079538345337
1748708061.3880012,20.766359725969824,-1.561323881149292
1748708061.42142,20.774494863474008,-1.5609084367752075
1748708061.4548252,20.785127639125697,-1.5604583024978638
1748708061.4882612,20.79577375382494,-1.5600919723510742
1748708061.5216722,20.80642571280091,-1.5593713521957397
1748708061.5550873,20.820988920947823,-1.5589184761047363
1748708061.58847,20.83093575908377,-1.5584397315979004
1748708061.6218958,20.84194919209732,-1.5582000017166138
1748708061.6553004,20.85260743834572,-1.5580217838287354
1748708061.6887293,20.862909948333265,-1.5575937032699585
1748708061.72213,20.877475789022018,-1.5576802492141724
1748708061.755615,20.88458062612668,-1.5575021505355835
1748708061.789353,20.895237422430565,-1.557175636291504
1748708061.8233216,20.901986984179683,-1.5571969747543335
1748708061.8567247,20.915129438576137,-1.556861162185669
1748708061.8901815,20.92685008392317,-1.5566766262054443
1748708061.9236012,20.934308294718285,-1.5565242767333984
1748708061.9570768,20.94496305620585,-1.5563077926635742
1748708061.990502,20.952066048069636,-1.5560418367385864
1748708062.023912,20.962720884217152,-1.5557188987731934
1748708062.0573163,20.969469421428006,-1.5557887554168701
1748708062.0912113,20.98048097954088,-1.555452585220337
1748708062.124602,20.99468985549499,-1.5555545091629028
1748708062.1580324,21.004991874138444,-1.5560317039489746
1748708062.191447,21.015648937116566,-1.5557291507720947
1748708062.2248685,21.026306471662107,-1.555785059928894
1748708062.2583895,21.03731835502294,-1.555554747581482
1748708062.2917998,21.04797452237683,-1.5556985139846802
1748708062.325202,21.05827503931207,-1.5557358264923096
1748708062.3587463,21.065733775524134,-1.5557875633239746
1748708062.3921595,21.076033482960163,-1.555742621421814
1748708062.4255183,21.0870439026966,-1.5559309720993042
1748708062.45893,21.097698412119396,-1.556043267250061
1748708062.4923298,21.108353414171756,-1.5562235116958618
1748708062.5257683,21.119008451978765,-1.5563232898712158
1748708062.559215,21.12966333654466,-1.5565903186798096
1748708062.592627,21.139963465521028,-1.5567021369934082
1748708062.6260388,21.150973643448037,-1.5567866563796997
1748708062.6594727,21.161628364032893,-1.5568140745162964
1748708062.6943557,21.172283375748286,-1.556831955909729
1748708062.7295134,21.182938787444268,-1.5572092533111572
1748708062.7629466,21.197146839338558,-1.5575450658798218
1748708062.840801,21.222011956186794,-1.55739426612854
1748708062.874286,21.236219391038446,-1.557357668876648
1748708062.9076896,21.245810048535468,-1.5576860904693604
1748708062.9807158,21.271748730695183,-1.5583432912826538
1748708063.0141337,21.278854055247812,-1.5585638284683228
1748708063.0803666,21.30372922527613,-1.5583256483078003
1748708063.134381,21.32149428959336,-1.5583674907684326
1748708063.1719837,21.33215954177114,-1.558574914932251
1748708063.2053921,21.33962186328851,-1.5594655275344849
1748708063.2642698,21.356206186868203,-1.5597079992294312
1748708063.2976594,21.361272127735187,-1.5596015453338623
1748708063.3436747,21.366674949206036,-1.5600403547286987
1748708063.3776314,21.3703770598946,-1.5607824325561523
1748708063.4414494,21.376931223091766,-1.5606763362884521
1748708063.4751163,21.381253222645903,-1.5605859756469727
1748708063.5200622,21.385541558414065,-1.5605509281158447
1748708063.55352,21.388744272162757,-1.5609647035598755
1748708063.5869365,21.39195098807169,-1.560998797416687
1748708063.6203518,21.39515325704422,-1.561661958694458
1748708063.6537774,21.397290398913942,-1.5620741844177246
1748708063.6871777,21.399428672448792,-1.562151312828064
1748708063.7403738,21.40584073295882,-1.561989426612854
1748708063.7738597,21.409042609141366,-1.5625289678573608
1748708063.8440337,21.416512670255937,-1.5631825923919678
1748708063.8774457,21.419808652149325,-1.5615700483322144
1748708063.911084,21.42403546109585,-1.5614523887634277
1748708063.9445522,21.42660542317874,-1.562938928604126
1748708063.9982178,21.43252104086086,-1.5637586116790771
1748708064.0316157,21.435845729311364,-1.5638703107833862
1748708064.0652845,21.43817025022939,-1.5644075870513916
1748708064.0984893,21.441082672851305,-1.5640376806259155
1748708064.1319015,21.441082672851305,-1.5649888515472412
1748708064.1805441,21.449097928847596,-1.5658797025680542
1748708064.213958,21.451913270575808,-1.565894603729248
1748708064.294583,21.45932882141874,-1.5678131580352783
1748708064.3325074,21.462233710714155,-1.5690230131149292
1748708064.3659155,21.46495684262481,-1.5691008567810059
1748708064.39963,21.467612735707988,-1.5689995288848877
1748708064.4330397,21.47020184198707,-1.5693823099136353
1748708064.4664366,21.47300784081563,-1.569246768951416
1748708064.499918,21.4754664368152,-1.5707634687423706
1748708064.533329,21.47879936565332,-1.5710898637771606
1748708064.5667577,21.48043185743291,-1.5717774629592896
1748708064.6001556,21.482884590250887,-1.5715649127960205
1748708064.633591,21.485222118385128,-1.572596788406372
1748708064.6669877,21.48756536270979,-1.57266366481781
1748708064.7004483,21.489918420727616,-1.571455955505371
1748708064.7339442,21.492104687044467,-1.571660041809082
1748708064.7674105,21.494460023747305,-1.572198748588562
1748708064.8008406,21.49584930978307,-1.5726275444030762
1748708064.8342526,21.498764940181864,-1.572267770767212
1748708064.8676841,21.500883421586263,-1.5726253986358643
1748708064.9010587,21.50293668011021,-1.5732847452163696
1748708064.9345527,21.504991386207585,-1.5736130475997925
1748708064.96797,21.507008929344906,-1.5743298530578613
1748708065.001369,21.509019230660915,-1.5740703344345093
1748708065.0347786,21.511041209220416,-1.5757290124893188
1748708065.068188,21.512996270905113,-1.5766174793243408
1748708065.1016755,21.51506675833999,-1.5761951208114624
1748708065.1350577,21.517004507335354,-1.5772727727890015
1748708065.1684573,21.518837570343265,-1.5776371955871582
1748708065.2018585,21.520712684660527,-1.5773701667785645
1748708065.2352567,21.522550189391733,-1.578328251838684
1748708065.2687724,21.524983712180774,-1.5789774656295776
1748708065.3021736,21.526615215638767,-1.5781770944595337
1748708065.3355856,21.528292091855683,-1.578474998474121
1748708065.3692174,21.529938719738354,-1.5796027183532715
1748708065.4028368,21.53155358597782,-1.5789726972579956
1748708065.4371362,21.533306057283728,-1.5790585279464722
1748708065.470538,21.535164121865304,-1.5792049169540405
1748708065.5040839,21.536417747711223,-1.579179286956787
1748708065.5374968,21.538046797005236,-1.580121636390686
1748708065.5709023,21.539469310607725,-1.5794036388397217
1748708065.6043088,21.540994582300762,-1.579380750656128
1748708065.6378627,21.542531691510458,-1.5800131559371948
1748708065.6713948,21.544003706825183,-1.5796997547149658
1748708065.704808,21.54556927348573,-1.5797175168991089
1748708065.738195,21.546071228395633,-1.5794873237609863
1748708065.7716465,21.548165774378187,-1.57943594455719
1748708065.8050544,21.549530445387386,-1.579603910446167
1748708065.838443,21.550943265547083,-1.579492449760437
1748708065.8718524,21.552144766418714,-1.5800185203552246
1748708065.9053135,21.553519603421535,-1.5794464349746704
1748708065.9387476,21.554874846310092,-1.5799965858459473
1748708065.9721942,21.55610587073809,-1.5801094770431519
1748708066.0056028,21.557313863659715,-1.5797299146652222
1748708066.039006,21.55857193613064,-1.5803287029266357
1748708066.075963,21.559882286906014,-1.5796458721160889
1748708066.109498,21.561198034328562,-1.5800811052322388
1748708066.1431503,21.56230520159319,-1.5800021886825562
1748708066.1765814,21.56342832118423,-1.5801211595535278
1748708066.2101202,21.564928139419457,-1.580190896987915
1748708066.2435207,21.56533675643596,-1.5804047584533691
1748708066.2769222,21.566397168323206,-1.5803672075271606
1748708066.3104722,21.567487953019352,-1.5801278352737427
1748708066.3439252,21.568569969632247,-1.5805864334106445
1748708066.3773336,21.569232464910844,-1.5804576873779297
1748708066.4107463,21.570611195232228,-1.5807363986968994
1748708066.444129,21.571334563156416,-1.5803636312484741
1748708066.4776595,21.572346377727897,-1.580824375152588
1748708066.5110714,21.573309103092477,-1.5806015729904175
1748708066.5445213,21.573997140438575,-1.58086359500885
1748708066.5779328,21.575031514751537,-1.5807856321334839
1748708066.6114247,21.576226972523894,-1.5808963775634766
1748708066.6448271,21.57717984420258,-1.580862045288086
1748708066.6782334,21.57772374648288,-1.5809621810913086
1748708066.711652,21.578618463951997,-1.58111572265625
1748708066.7453744,21.579235738809754,-1.581013560295105
1748708066.7787805,21.580139140351914,-1.5810868740081787
1748708066.8122027,21.581030728182505,-1.5815057754516602
1748708066.8456147,21.582260650130074,-1.5815805196762085
1748708066.8790774,21.582652571982564,-1.5813159942626953
1748708066.9124918,21.58375461574713,-1.581102967262268
1748708066.9459457,21.584578149187944,-1.581475853919983
1748708066.9793482,21.585373018025248,-1.5815142393112183
1748708067.0127344,21.586158164676085,-1.5815582275390625
1748708067.0461953,21.586881112737256,-1.5815743207931519
1748708067.0796032,21.58724488651098,-1.581591010093689
1748708067.1148007,21.587483958206604,-1.5815974473953247
1748708067.1482189,21.58757496327644,-1.5816069841384888
1748708067.1816208,21.587624678712437,-1.5816065073013306
1748708067.2151186,21.587649995639577,-1.5816118717193604
1748708067.2485163,21.5876643150666,-1.5816113948822021
1748708067.281914,21.587672797212914,-1.5816103219985962
1748708067.3152673,21.58767769796834,-1.5816144943237305
1748708067.3486676,21.587680882646364,-1.581613302230835
1748708067.3822036,21.587683582669438,-1.5816127061843872
1748708067.4162128,21.5876851546659,-1.5816161632537842
1748708067.4496422,21.587687322505978,-1.5816165208816528
1748708067.4831622,21.587688224414617,-1.5816144943237305
1748708067.5165823,21.587689700264377,-1.5816166400909424
1748708067.5500855,21.58769192355398,-1.581616997718811
1748708067.5835774,21.587692965199942,-1.581615924835205
1748708067.6169848,21.587696022209094,-1.5816177129745483
1748708067.6504169,21.587698730282405,-1.5816181898117065
1748708067.6839108,21.587700191210796,-1.5816174745559692
1748708067.7173202,21.587703084855953,-1.581619143486023
1748708067.7507179,21.58770635789396,-1.5816198587417603
1748708067.7841363,21.587709980432553,-1.5816195011138916
1748708067.8178775,21.587711598305034,-1.5816214084625244
1748708067.8512852,21.58771573974624,-1.5816210508346558
1748708067.8846993,21.587718265064225,-1.5816220045089722
1748708067.9181585,21.58772258048177,-1.5816237926483154
1748708067.9515514,21.58772555416719,-1.581624150276184
1748708067.9849563,21.587727987066827,-1.5816223621368408
1748708068.0212293,21.587729228703843,-1.5816242694854736
1748708068.0546827,21.587730739213796,-1.5816235542297363
1748708068.0881057,21.5877321659106,-1.58162522315979
1748708068.1215696,21.587733645703196,-1.5816278457641602
1748708068.1550443,21.587734841636507,-1.5816268920898438
1748708068.1884477,21.587736221908298,-1.581626534461975
1748708068.2218983,21.587737558249398,-1.5816293954849243
1748708068.258371,21.587738962599385,-1.5816274881362915
1748708068.2919605,21.587739907917634,-1.5816291570663452
1748708068.3253975,21.58774124581463,-1.581628441810608
1748708068.358794,21.587742646263518,-1.5816314220428467
1748708068.3922055,21.58774354737162,-1.5816313028335571
1748708068.4256074,21.587744962654874,-1.5816296339035034
1748708068.4589922,21.58774587006087,-1.5816320180892944
1748708068.492404,21.587747691552348,-1.5816320180892944
1748708068.5258029,21.587748981316604,-1.5816318988800049
1748708068.5592105,21.587750415885473,-1.581633448600769
1748708068.592612,21.58775186592969,-1.5816330909729004
1748708068.6283333,21.587753193199926,-1.5816353559494019
1748708068.6621268,21.58775408134608,-1.5816363096237183
1748708068.6955352,21.587756038142743,-1.5816344022750854
1748708068.7289352,21.58775697648932,-1.5816373825073242
1748708068.7623491,21.587761075681794,-1.5816372632980347
1748708068.7957523,21.587765289701412,-1.5816360712051392
1748708068.8293839,21.58776668213631,-1.581639289855957
1748708068.862816,21.587770856864864,-1.5816388130187988
1748708068.896213,21.587775170891554,-1.5816389322280884
1748708068.9296248,21.587777878364253,-1.581638216972351
1748708068.9630513,21.587783722610634,-1.581641674041748
1748708068.9964592,21.587786239145117,-1.5816394090652466
1748708069.029871,21.587787609737127,-1.581640362739563
1748708069.0634437,21.587792355028355,-1.5816428661346436
1748708069.097382,21.58779337689716,-1.5816411972045898
1748708069.13079,21.587795115885456,-1.5816421508789062
1748708069.1644368,21.587799503342463,-1.5816457271575928
1748708069.1984057,21.587800857150793,-1.581644892692566
1748708069.2318077,21.587802376620758,-1.58164381980896
1748708069.2652085,21.587803717846416,-1.581647515296936
1748708069.2986615,21.587804976267396,-1.581646203994751
1748708069.332072,21.587806876904022,-1.5816458463668823
1748708069.366342,21.58780819018766,-1.5816459655761719
1748708069.3997853,21.587809650815895,-1.5816489458084106
1748708069.4331682,21.587810503706393,-1.5816476345062256
1748708069.4669762,21.58781243761502,-1.5816484689712524
1748708069.5003822,21.5878137767033,-1.5816497802734375
1748708069.5337942,21.58781513609353,-1.581648826599121
1748708069.567257,21.587816530279092,-1.5816506147384644
1748708069.6006546,21.587817758790763,-1.5816510915756226
1748708069.6340754,21.5878192321299,-1.5816503763198853
1748708069.6675296,21.58782119013827,-1.5816514492034912
1748708069.700927,21.587822418691445,-1.581654667854309
1748708069.7343483,21.587826521391825,-1.58165442943573
1748708069.767745,21.587832393901206,-1.5816529989242554
1748708069.8011553,21.587836838345783,-1.5816541910171509
1748708069.8346102,21.58783965606895,-1.5816558599472046
1748708069.8680675,21.58784222674278,-1.5816560983657837
1748708069.9015253,21.58784572505622,-1.5816571712493896
1748708069.9349296,21.5878483523567,-1.5816559791564941
1748708069.9683397,21.587851015493506,-1.5816584825515747
1748708070.0019927,21.587851970855297,-1.5816593170166016
1748708070.0354388,21.587853342223028,-1.5816576480865479
1748708070.2255535,21.587861780647025,-1.5817124843597412
1748708070.2625701,21.587890387636655,-1.5821553468704224
1748708070.2983294,21.58957541799181,-1.5827308893203735
1748708070.3433266,21.596115891385068,-1.5757564306259155
1748708070.37676,21.601908247953425,-1.5718309879302979
1748708070.41017,21.608453265591788,-1.5649772882461548
1748708070.443626,21.614890923163635,-1.5582644939422607
1748708070.4792922,21.62435654883092,-1.552331566810608
1748708070.529203,21.636688825923905,-1.5435001850128174
1748708070.5717652,21.64784578285889,-1.5380939245224
1748708070.6124508,21.65719001463988,-1.5324701070785522
1748708070.6462235,21.662014788245,-1.5275135040283203
1748708070.6798341,21.672188098708727,-1.5223262310028076
1748708070.7133212,21.68015885554869,-1.5174620151519775
1748708070.746726,21.687827119839174,-1.5104892253875732
1748708070.780427,21.69520066574813,-1.5067460536956787
1748708070.8274765,21.708141753322028,-1.496241807937622
1748708070.8632066,21.715789533820374,-1.4887371063232422
1748708070.8970118,21.723185110410363,-1.4839054346084595
1748708070.9304595,21.73081676372516,-1.4800965785980225
1748708070.9638715,21.735731207986266,-1.4725744724273682
1748708071.0021014,21.746486571078783,-1.4656251668930054
1748708071.0454,21.75583549308421,-1.4574265480041504
1748708071.0801165,21.763440676516534,-1.4540321826934814
1748708071.1156943,21.77104149663149,-1.4469212293624878
1748708071.1491039,21.778364404730453,-1.4433789253234863
1748708071.1825974,21.786217112332796,-1.4349753856658936
1748708071.2161424,21.796339801373993,-1.4303659200668335
1748708071.2495503,21.803930922698207,-1.4247337579727173
1748708071.2829595,21.811529095364858,-1.4191352128982544
1748708071.3164759,21.819129102629983,-1.4135375022888184
1748708071.3498788,21.826729320719338,-1.407926082611084
1748708071.3832865,21.834337994121956,-1.4004021883010864
1748708071.4168906,21.844754916700435,-1.3952149152755737
1748708071.450298,21.85239126964562,-1.3886568546295166
1748708071.4868135,21.86221796328472,-1.3826922178268433
1748708071.520221,21.87003684779882,-1.3764976263046265
1748708071.5536726,21.87749152462448,-1.369519591331482
1748708071.5880075,21.884757419046334,-1.361220359802246
1748708071.6221485,21.894792763272996,-1.3548674583435059
1748708071.6555727,21.90254552228008,-1.348384976387024
1748708071.689292,21.909947788564235,-1.339141607284546
1748708071.7338526,21.919714637591618,-1.330779790878296
1748708071.778877,21.929846735055722,-1.320200800895691
1748708071.8125112,21.939985262800157,-1.3128513097763062
1748708071.8461018,21.946946438494464,-1.3037868738174438
1748708071.879502,21.954648642742182,-1.296087622642517
1748708071.9129047,21.964597320329176,-1.2890092134475708
1748708071.9493358,21.971868336209784,-1.2805429697036743
1748708071.9827743,21.979266114567913,-1.2722212076187134
1748708072.016185,21.989117821672135,-1.2623234987258911
1748708072.0496023,21.996330570699616,-1.2547250986099243
1748708072.0830145,22.006204111715604,-1.2444804906845093
1748708072.1165326,22.013244061433717,-1.2352674007415771
1748708072.1499367,22.02064270053804,-1.2264755964279175
1748708072.1850278,22.02824701522213,-1.2139394283294678
1748708072.2206187,22.035471273791142,-1.2037363052368164
1748708072.255421,22.04591205776315,-1.1930140256881714
1748708072.2894845,22.053212669841397,-1.1801645755767822
1748708072.3280544,22.062446244386805,-1.1660031080245972
1748708072.3616652,22.069466282444726,-1.1559447050094604
1748708072.3951147,22.076906457064908,-1.1462815999984741
1748708072.429092,22.084423811485934,-1.1348479986190796
1748708072.4628932,22.09152837728711,-1.123990774154663
1748708072.4974775,22.10141173882322,-1.1146068572998047
1748708072.5311248,22.10914567041764,-1.1006466150283813
1748708072.5645878,22.11650798176914,-1.090378761291504
1748708072.598196,22.12501500930294,-1.0783330202102661
1748708072.6316082,22.13222502606759,-1.0635814666748047
1748708072.665387,22.141736922585316,-1.0506824254989624
1748708072.7027683,22.14891720111112,-1.0388412475585938
1748708072.736174,22.158436818033177,-1.0253468751907349
1748708072.7696168,22.165574010299803,-1.010158658027649
1748708072.8031745,22.172738832377537,-0.997174859046936
1748708072.8365982,22.181737561188548,-0.9835467338562012
1748708072.8703265,22.18962726373607,-0.9666163921356201
1748708072.9040248,22.19881107740348,-0.9540397524833679
1748708072.9512594,22.208020589736524,-0.9328572154045105
1748708072.988836,22.217451298005262,-0.9197371602058411
1748708073.0335782,22.227805603471513,-0.8989484906196594
1748708073.0734856,22.236572637726475,-0.8844442963600159
1748708073.1069,22.24352992284185,-0.8716883063316345
1748708073.1423514,22.251134528374152,-0.8545548319816589
1748708073.1790195,22.26091565753596,-0.8403936624526978
1748708073.2205133,22.270186298139116,-0.8281901478767395
1748708073.2544272,22.277015751662937,-0.8111379742622375
1748708073.288742,22.284007089334324,-0.7978166937828064
1748708073.332715,22.297298510553144,-0.7802608609199524
1748708073.3749952,22.305659886140962,-0.7627630233764648
1748708073.4084222,22.314855423578436,-0.7459779381752014
1748708073.4452915,22.324423947871214,-0.733982503414154
1748708073.4845386,22.3343609239072,-0.7167341709136963
1748708073.5219712,22.34168997975136,-0.7003746628761292
1748708073.556133,22.350725701522286,-0.6841695308685303
1748708073.5897882,22.35759134747276,-0.6713399291038513
1748708073.623763,22.36707560188829,-0.6592811346054077
1748708073.6574135,22.37419773136962,-0.6418248414993286
1748708073.691835,22.38161556262924,-0.6300765872001648
1748708073.7273402,22.38900744807657,-0.6178840398788452
1748708073.7610476,22.395447724239034,-0.610590398311615
1748708073.7944536,22.402986653241648,-0.5989041328430176
1748708073.827996,22.407777851166163,-0.5872509479522705
1748708073.8619277,22.415370627581456,-0.5760161876678467
1748708073.8982792,22.424807576542864,-0.5647338032722473
1748708073.9402215,22.434494144496856,-0.5462887287139893
1748708073.9772801,22.44453282240177,-0.5305686593055725
1748708074.0107918,22.45365064085385,-0.5196360349655151
1748708074.0453024,22.46094190137879,-0.5087879300117493
1748708074.0806272,22.46844824703199,-0.4935280680656433
1748708074.1140919,22.47539111877458,-0.4830574691295624
1748708074.1475065,22.482664490127334,-0.47186291217803955
1748708074.1809177,22.492499737041022,-0.4624730944633484
1748708074.2166803,22.503137987159786,-0.44676560163497925
1748708074.266407,22.514260798076798,-0.43033042550086975
1748708074.3173265,22.526684241550615,-0.4126846194267273
1748708074.3507147,22.53381134900951,-0.3997896909713745
1748708074.3841357,22.54193726986259,-0.3905181586742401
1748708074.417655,22.548829860697893,-0.3818301856517792
1748708074.451068,22.558477041804668,-0.37274160981178284
1748708074.4874284,22.565959781359705,-0.3617943525314331
1748708074.5211563,22.57604630390394,-0.3525259494781494
1748708074.5545673,22.582873079911185,-0.33832645416259766
1748708074.5921688,22.592505470747057,-0.3295489251613617
1748708074.6256988,22.60000668681397,-0.3240339159965515
1748708074.6592476,22.607056863711787,-0.31189972162246704
1748708074.6958494,22.616930931308485,-0.3023310899734497
1748708074.7292526,22.625900745666485,-0.2940952181816101
1748708074.7626534,22.637056346140596,-0.29059115052223206
1748708074.7960687,22.642685821375775,-0.28463494777679443
1748708074.8294797,22.652441091433754,-0.2773868441581726
1748708074.8628871,22.662751223675663,-0.2712748348712921
1748708074.8963242,22.67288986147512,-0.2650115191936493
1748708074.9297245,22.683692799569346,-0.25779831409454346
1748708074.9631245,22.693870586768426,-0.25139299035072327
1748708074.9965618,22.70486909427524,-0.2456427961587906
1748708075.0299597,22.718968848751803,-0.23906674981117249
1748708075.0633588,22.726018502048483,-0.2324763536453247
1748708075.096787,22.740158005535374,-0.22635231912136078
1748708075.1301858,22.75075899031621,-0.22019539773464203
1748708075.1637044,22.761004885396005,-0.21428585052490234
1748708075.1983745,22.771931952500875,-0.20762482285499573
1748708075.2317874,22.778986202002212,-0.2012893110513687
1748708075.26519,22.789592185141633,-0.19557145237922668
1748708075.2988236,22.79983973282466,-0.18931588530540466
1748708075.3323135,22.811126957184392,-0.18494877219200134
1748708075.3657148,22.817838447534687,-0.18114900588989258
1748708075.3991294,22.828467513183185,-0.17403119802474976
1748708075.432533,22.839055350411932,-0.16812710464000702
1748708075.4661646,22.853211633389467,-0.1631661355495453
1748708075.499578,22.86027519109047,-0.15621915459632874
1748708075.5329866,22.874815696775062,-0.15341688692569733
1748708075.5665238,22.88187908813007,-0.14864325523376465
1748708075.6000082,22.89250429071356,-0.14535492658615112
1748708075.633433,22.90276804878021,-0.1392912119626999
1748708075.6669416,22.91373956959467,-0.13602805137634277
1748708075.700445,22.9204608904693,-0.13149623572826385
1748708075.73385,22.931124006580095,-0.1282375156879425
1748708075.7672508,22.941756334289302,-0.12382473051548004
1748708075.800651,22.95268058634372,-0.11835719645023346
1748708075.8340542,22.963008372289135,-0.11605546623468399
1748708075.8676305,22.975079745443306,-0.11000081151723862
1748708075.9010491,22.98790156313462,-0.10638604313135147
1748708075.9344554,22.99815508558134,-0.10134383291006088
1748708075.9678679,23.00915764184084,-0.09708278626203537
1748708076.0012658,23.01937995520704,-0.09118741005659103
1748708076.0346768,23.026846001857415,-0.08624693751335144
1748708076.0680885,23.03750769652413,-0.08182287216186523
1748708076.1015708,23.046029345328098,-0.07908584177494049
1748708076.1350298,23.058782673831143,-0.07292098551988602
1748708076.168449,23.0690551796593,-0.06838192045688629
1748708076.2019033,23.080395797054674,-0.06529948860406876
1748708076.235305,23.09068048376797,-0.061681751161813736
1748708076.268706,23.101243426388326,-0.054421234875917435
1748708076.3021095,23.111453914594055,-0.048770129680633545
1748708076.3356073,23.122432468305863,-0.043928105384111404
1748708076.369023,23.133096198060127,-0.03980747610330582
1748708076.4064052,23.143634638530724,-0.03344772756099701
1748708076.4398174,23.157346368915498,-0.027357038110494614
1748708076.4732242,23.16478156394585,-0.021857721731066704
1748708076.5075793,23.175290913289096,-0.014864259399473667
1748708076.5419996,23.185820740199837,-0.010655142366886139
1748708076.5754123,23.196745652408147,-0.00412896228954196
1748708076.6087933,23.20698442175618,0.0016997912898659706
1748708076.6423461,23.217506705353056,0.009241045452654362
1748708076.6759825,23.22818751749283,0.014669394120573997
1748708076.7093909,23.238658505747313,0.024580486118793488
1748708076.7461567,23.249590034765557,0.03126053139567375
1748708076.7796276,23.25933895729349,0.038773465901613235
1748708076.8130167,23.270261846424365,0.04526598006486893
1748708076.8464453,23.2811041471624,0.053215835243463516
1748708076.8798535,23.291170428512718,0.06197541952133179
1748708076.9132643,23.301686092921255,0.07001559436321259
1748708076.9466777,23.315741889748455,0.07799404114484787
1748708076.9800768,23.326258805252742,0.0891997218132019
1748708077.013492,23.336429635745482,0.09454365819692612
1748708077.047025,23.347638447189162,0.1060287281870842
1748708077.081263,23.3578307299064,0.11464765667915344
1748708077.1147742,23.371830840963707,0.12347374856472015
1748708077.14818,23.383366228311573,0.1355413794517517
1748708077.1823468,23.388979629621552,0.14108453691005707
1748708077.215775,23.3998609856673,0.1498178094625473
1748708077.2491813,23.4110253334614,0.15915708243846893
1748708077.2825832,23.420834536467357,0.1653766632080078
1748708077.3160193,23.43094346095299,0.17456331849098206
1748708077.3494194,23.441481000842273,0.1867227405309677
1748708077.3864644,23.451901918205923,0.1967441737651825
1748708077.4198747,23.462705397283994,0.2062881737947464
1748708077.4533186,23.47280988747196,0.21642060577869415
1748708077.4867237,23.479784253190456,0.22351807355880737
1748708077.5201252,23.49059062811493,0.23349790275096893
1748708077.553532,23.500748415639308,0.24362307786941528
1748708077.5869641,23.511814092943066,0.25482913851737976
1748708077.6203687,23.521883596024313,0.2652469575405121
1748708077.653868,23.53196991119744,0.2766617238521576
1748708077.6872709,23.542719731223933,0.2842155396938324
1748708077.720732,23.553210394689504,0.29461145401000977
1748708077.754134,23.563582596341124,0.3059536814689636
1748708077.7875526,23.573490709879238,0.3181092143058777
1748708077.821102,23.584710436684194,0.32928040623664856
1748708077.854556,23.594704414739894,0.34044820070266724
1748708077.888039,23.60263160853258,0.3523925542831421
1748708077.9214478,23.611940030722266,0.36347079277038574
1748708077.954857,23.622603772211782,0.3762945234775543
1748708077.988267,23.63308972529358,0.3867778182029724
1748708078.0218322,23.64310876561019,0.3987644910812378
1748708078.0586603,23.65342602203747,0.4111892282962799
1748708078.0921044,23.66412846755987,0.42394933104515076
1748708078.1255677,23.67418417825714,0.4357653558254242
1748708078.1589715,23.68459387500691,0.4481177031993866
1748708078.1923869,23.694894607315998,0.45687371492385864
1748708078.225789,23.704962092780278,0.46869587898254395
1748708078.2591887,23.711870233718688,0.4817220866680145
1748708078.2926004,23.722575354136218,0.49018436670303345
1748708078.3259974,23.732935916204113,0.5029533505439758
1748708078.3593984,23.739849906931074,0.5156570076942444
1748708078.3928223,23.750189496946682,0.5286073088645935
1748708078.4262393,23.7605585719604,0.5413416624069214
1748708078.4596608,23.770801664264265,0.5549127459526062
1748708078.493125,23.781843795587847,0.5641517639160156
1748708078.5265515,23.791430384195063,0.5766561031341553
1748708078.5602608,23.801400600743406,0.5894367098808289
1748708078.593672,23.81242786944695,0.6033163666725159
1748708078.6271224,23.818613392580048,0.6161762475967407
1748708078.6605706,23.829264736090312,0.6291362047195435
1748708078.693985,23.83964462877727,0.6424999833106995
1748708078.7273917,23.849884277512636,0.6565353870391846
1748708078.7607954,23.86319807102305,0.6699607372283936
1748708078.7943385,23.875598324393735,0.6856017112731934
1748708078.827744,23.885404953037607,0.6997355818748474
1748708078.861218,23.894435873108115,0.7108241319656372
1748708078.8946218,23.901314980141855,0.7239060401916504
1748708078.9280531,23.914865150776777,0.7390920519828796
1748708078.9614582,23.924708386196034,0.7578566670417786
1748708078.994856,23.935913519017866,0.770774245262146
1748708079.0282545,23.94578148043779,0.7802749872207642
1748708079.061826,23.952559875388882,0.7954106330871582
1748708079.0952806,23.962760270080345,0.8101015090942383
1748708079.1287384,23.976801057315672,0.8244851231575012
1748708079.1621552,23.98751860501047,0.8384603261947632
1748708079.1955647,23.99704574081958,0.8572190403938293
1748708079.2289712,24.007654206906878,0.8734747767448425
1748708079.2623396,24.01765892604403,0.8864032626152039
1748708079.2965424,24.027596494197148,0.9014522433280945
1748708079.3299851,24.037664453323575,0.9165918827056885
1748708079.3633938,24.04798920640258,0.9309487342834473
1748708079.3968296,24.054975392794102,0.9395779967308044
1748708079.4302478,24.064881734199457,0.9543760418891907
1748708079.4636476,24.07858777852523,0.974231481552124
1748708079.4970481,24.088699326717773,0.9878309965133667
1748708079.5304701,24.099455152403642,1.0031861066818237
1748708079.5638719,24.109534914063058,1.0159863233566284
1748708079.5992997,24.11926470236932,1.0261883735656738
1748708079.6327434,24.129864966591594,1.0406423807144165
1748708079.6661906,24.139925486794382,1.05592679977417
1748708079.6995487,24.146521579764514,1.0695035457611084
1748708079.7329965,24.157181894789094,1.0831642150878906
1748708079.7664802,24.167662685520494,1.0984429121017456
1748708079.799914,24.18326614373927,1.1133729219436646
1748708079.8333378,24.193407201559342,1.1253114938735962
1748708079.8667636,24.203522190089547,1.1374255418777466
1748708079.90017,24.21240993442774,1.1506816148757935
1748708079.9342942,24.22267800470456,1.1638990640640259
1748708079.9677465,24.23304858457431,1.1767147779464722
1748708080.0011556,24.243231874451517,1.1905323266983032
1748708080.0345366,24.256615420409172,1.204070806503296
1748708080.0679488,24.267636742428678,1.2184785604476929
1748708080.1013086,24.277757878369204,1.2282545566558838
1748708080.13471,24.284762520481205,1.239511251449585
1748708080.168137,24.298693597171535,1.250835657119751
1748708080.201506,24.30900274261354,1.26315438747406
1748708080.2348626,24.319489903412332,1.2739794254302979
1748708080.2682838,24.329967686519144,1.2845813035964966
1748708080.3016877,24.34001425892123,1.2993520498275757
1748708080.3352196,24.350555680014157,1.3089545965194702
1748708080.3723426,24.365218694139937,1.3195613622665405
1748708080.4057467,24.375401413892774,1.3320727348327637
1748708080.439153,24.39007550770367,1.3420132398605347
1748708080.4725678,24.396686731847147,1.351633906364441
1748708080.5059803,24.40684112723683,1.3600997924804688
1748708080.5393813,24.41735369335357,1.36956787109375
1748708080.5727859,24.427516105159686,1.378184199333191
1748708080.6061883,24.43839264758778,1.384307861328125
1748708080.639587,24.44892738368086,1.3927631378173828
1748708080.6733494,24.45556865781196,1.4013195037841797
1748708080.7069209,24.46645878794483,1.4093743562698364
1748708080.7406921,24.480170936080526,1.4173462390899658
1748708080.7744527,24.49139285866313,1.4261516332626343
1748708080.8078594,24.50162961356333,1.4331165552139282
1748708080.8413258,24.511852204206903,1.4401122331619263
1748708080.8747668,24.522806827471168,1.4469630718231201
1748708080.9082737,24.533033184834267,1.4557170867919922
1748708080.9416869,24.54400491909788,1.4613600969314575
1748708080.9750938,24.554646920758753,1.4665844440460205
1748708081.012671,24.56873218503657,1.4731178283691406
1748708081.0460896,24.579347824061067,1.4787027835845947
1748708081.0794919,24.58678788239817,1.4839301109313965
1748708081.1128914,24.596696523809584,1.4872753620147705
1748708081.1463006,24.607659809991446,1.4928083419799805
1748708081.1796994,24.618295064282137,1.4975476264953613
1748708081.213113,24.62891524070363,1.502431869506836
1748708081.246531,24.63956156250056,1.5065556764602661
1748708081.2800899,24.649833041089003,1.510786771774292
1748708081.3135378,24.66046746758528,1.5149216651916504
1748708081.3469963,24.667921657863907,1.5189038515090942
1748708081.3804216,24.678184552660294,1.5234066247940063
1748708081.4138856,24.688835984510355,1.5253069400787354
1748708081.4473898,24.69984810644028,1.5298739671707153
1748708081.480805,24.714020297966176,1.5335947275161743
1748708081.5141737,24.72467994957178,1.5363264083862305
1748708081.5476103,24.735673066090868,1.540514588356018
1748708081.5810153,24.745644881047344,1.5424586534500122
1748708081.6144361,24.75662755268302,1.5457603931427002
1748708081.6479268,24.767275733722297,1.5484412908554077
1748708081.681446,24.77792759372787,1.5501114130020142
1748708081.7150764,24.7885744054285,1.5528173446655273
1748708081.7503474,24.79924346108783,1.554624080657959
1748708081.7838233,24.81025260053116,1.5581591129302979
1748708081.8174336,24.820589809095267,1.5596952438354492
1748708081.8508468,24.834815963357936,1.5623743534088135
1748708081.8842547,24.841941854070477,1.5638039112091064
1748708081.9177,24.852255470371045,1.5657708644866943
1748708081.9511523,24.86683122341178,1.5676558017730713
1748708081.9845543,24.877509886171772,1.5686657428741455
1748708082.0179632,24.884628409347762,1.5695040225982666
1748708082.0513666,24.892086551196453,1.5703827142715454
1748708082.0847828,24.90239691900483,1.5727654695510864
1748708082.1181629,24.914852805115814,1.5740044116973877
1748708082.1515293,24.920188885128404,1.5755574703216553
1748708082.1849053,24.935137712782854,1.5762289762496948
1748708082.2183154,24.948298832676414,1.576956033706665
1748708082.251837,24.957801067155593,1.5779268741607666
1748708082.285236,24.96439617800698,1.5787659883499146
1748708082.3186107,24.96954596159587,1.5796984434127808
1748708082.352017,24.973652092689512,1.580032467842102
1748708082.385439,24.97720553070354,1.5802421569824219
1748708082.4188423,24.98064916254808,1.580859661102295
1748708082.4522338,24.985191675762724,1.58145010471344
1748708082.4856384,24.98855913438656,1.5815699100494385
1748708082.5190458,24.99169033425374,1.581589937210083
1748708082.5524533,24.99490544660143,1.5823156833648682
1748708082.5858738,24.998107506821864,1.5826654434204102
1748708082.6193025,25.001215414574887,1.5825365781784058
1748708082.6527112,25.00467163278605,1.5833696126937866
1748708082.6862812,25.007801191412597,1.5833442211151123
1748708082.7196846,25.011034681348672,1.5832710266113281
1748708082.7531471,25.01426436946229,1.5841944217681885
1748708082.7865467,25.017516988358825,1.5838820934295654
1748708082.819979,25.01966461923102,1.5840263366699219
1748708082.8533945,25.023199289833737,1.585060715675354
1748708082.8868065,25.026099892763796,1.5850292444229126
1748708082.920216,25.029317926810876,1.5850403308868408
1748708082.9536295,25.033506543586686,1.585532546043396
1748708082.9873066,25.036866212775323,1.5852007865905762
1748708083.0207982,25.0404453708923,1.586299180984497
1748708083.0544403,25.04298723250662,1.5858986377716064
1748708083.087902,25.046884825475797,1.5861496925354004
1748708083.1212583,25.050815139032665,1.5862030982971191
1748708083.15467,25.05464264491398,1.586992859840393
1748708083.1880772,25.058688428589726,1.586980938911438
1748708083.221487,25.06253388837393,1.586936593055725
1748708083.2548904,25.06761473207635,1.5877244472503662
1748708083.2883005,25.071250684564347,1.586950421333313
1748708083.3217056,25.07382603976299,1.5883828401565552
1748708083.3551598,25.077381388442507,1.5874663591384888
1748708083.3885837,25.07994276805572,1.588329553604126
1748708083.42199,25.083668064261676,1.5888782739639282
1748708083.455407,25.087055699509563,1.5890597105026245
1748708083.4888165,25.090502224776003,1.5879853963851929
1748708083.5223002,25.093992848074073,1.5886644124984741
1748708083.5557024,25.09718437070624,1.5892096757888794
1748708083.5892112,25.1004287948697,1.5890451669692993
1748708083.622619,25.103509905433377,1.589141845703125
1748708083.6560247,25.106657263022864,1.5888502597808838
1748708083.6894424,25.109869890472243,1.5895918607711792
1748708083.7230396,25.1129256476648,1.5892845392227173
1748708083.7565534,25.115924114972007,1.5893193483352661
1748708083.789959,25.118780700835913,1.5891942977905273
1748708083.8235047,25.1226915647849,1.5900620222091675
1748708083.8569155,25.125712204345028,1.5900530815124512
1748708083.8903756,25.127379836275946,1.5895768404006958
1748708083.9237547,25.13011433466469,1.5896530151367188
1748708083.9571953,25.132927638234346,1.5904147624969482
1748708083.9905975,25.13659854999142,1.5893669128417969
1748708084.0241299,25.139146855221806,1.5905970335006714
1748708084.057621,25.140797148598434,1.5908846855163574
1748708084.0911856,25.14345772492022,1.5906132459640503
1748708084.124584,25.14601471706922,1.5914490222930908
1748708084.1580303,25.14845887971016,1.5910073518753052
1748708084.1916902,25.1511722086928,1.5913077592849731
1748708084.22509,25.153437409374874,1.5908783674240112
1748708084.2584934,25.155815163059582,1.5915172100067139
1748708084.2918942,25.158149529636507,1.591388463973999
1748708084.3253016,25.159604510409977,1.5913835763931274
1748708084.3588254,25.16268420678992,1.5917807817459106
1748708084.3922343,25.16424812148084,1.591436505317688
1748708084.4256432,25.166437919360106,1.5918885469436646
1748708084.4590538,25.169416149044988,1.5911259651184082
1748708084.4924567,25.17162239073814,1.5921627283096313
1748708084.5259728,25.173865447846797,1.591507077217102
1748708084.5593746,25.175209377045633,1.592032790184021
1748708084.592746,25.177973313838674,1.5925933122634888
1748708084.6261494,25.179391571673627,1.5928521156311035
1748708084.659555,25.1813122643585,1.5924603939056396
1748708084.6930325,25.183275321339835,1.5930413007736206
1748708084.7300196,25.185291493250034,1.5925084352493286
1748708084.763431,25.187184766194626,1.5926527976989746
1748708084.796833,25.188977695667425,1.5931304693222046
1748708084.830293,25.190757494508002,1.5926473140716553
1748708084.8637493,25.1925894634993,1.5931408405303955
1748708084.8971639,25.193809814164677,1.5928735733032227
1748708084.930593,25.195703732451214,1.5935909748077393
1748708084.964003,25.197461060254916,1.5931705236434937
1748708084.9974124,25.199909129823002,1.5932536125183105
1748708085.030827,25.201566172145856,1.593773365020752
1748708085.064782,25.202786950053138,1.5938254594802856
1748708085.0981905,25.204828419018806,1.5936567783355713
1748708085.1316175,25.20588295966049,1.5940675735473633
1748708085.1650167,25.208005559034564,1.593563199043274
1748708085.1987803,25.20953676821583,1.594375491142273
1748708085.2321951,25.210622088452045,1.594130516052246
1748708085.2656028,25.212176310239798,1.5944322347640991
1748708085.2990158,25.21409205878136,1.5943386554718018
1748708085.332419,25.215577152363718,1.5946688652038574
1748708085.3658667,25.216465362551407,1.5947973728179932
1748708085.3993115,25.217845098422902,1.5947047472000122
1748708085.432709,25.219215452253888,1.5949959754943848
1748708085.4661105,25.22055914547436,1.5952476263046265
1748708085.4995594,25.221947286029156,1.594768762588501
1748708085.5330117,25.223279249398207,1.5953911542892456
1748708085.5664294,25.224667726846384,1.5949426889419556
1748708085.5998507,25.226023244779128,1.5955578088760376
1748708085.633254,25.226923949331272,1.5950877666473389
1748708085.6666617,25.22870845146246,1.5955405235290527
1748708085.7001102,25.229495682807876,1.5956240892410278
1748708085.733514,25.23070631683631,1.5955727100372314
1748708085.7669137,25.23187509293779,1.5956764221191406
1748708085.8003106,25.23307583927809,1.5953673124313354
1748708085.833801,25.234171576544274,1.5961202383041382
1748708085.8671856,25.235302148170476,1.5952969789505005
1748708085.900636,25.23644356199508,1.5954822301864624
1748708085.9340355,25.237476043078857,1.5958106517791748
1748708085.9674394,25.238532163078396,1.5956951379776
1748708086.0008912,25.23964138501941,1.5961425304412842
1748708086.0343244,25.24060548374058,1.59604012966156
1748708086.067721,25.24194608291145,1.5958529710769653
1748708086.1011553,25.24260761385054,1.5956851243972778
1748708086.1345568,25.243974551709172,1.5956469774246216
1748708086.1680298,25.244869846146095,1.5961196422576904
1748708086.2014346,25.245820748092875,1.5960469245910645
1748708086.2348132,25.24675605765486,1.5957674980163574
1748708086.268226,25.247671185860295,1.595835566520691
1748708086.3016171,25.248566845147124,1.595808506011963
1748708086.3350494,25.24941418128065,1.5960144996643066
1748708086.3685365,25.25030395989057,1.595704436302185
1748708086.4019456,25.25115251037832,1.5957908630371094
1748708086.435369,25.251986525003044,1.5958155393600464
1748708086.4687746,25.252897390418454,1.5960012674331665
1748708086.502216,25.253616424525195,1.5954139232635498
1748708086.5356343,25.25448145284993,1.5959593057632446
1748708086.5690393,25.255292440046226,1.5956989526748657
1748708086.6024127,25.257297215156687,1.5957287549972534
1748708086.635862,25.263369462513833,1.5952579975128174
1748708086.7276893,25.281158135024796,1.5957597494125366
1748708086.7611156,25.2869942904301,1.5959722995758057
1748708086.794504,25.29231398722109,1.595879316329956
1748708086.827877,25.300609413487106,1.595885992050171
1748708086.8612852,25.31020812744322,1.5951098203659058
1748708086.8947067,25.320333214504117,1.5952317714691162
1748708086.9281127,25.330719785730928,1.5951882600784302
1748708086.961515,25.341593327280098,1.5944805145263672
1748708086.9985921,25.351855248711637,1.5949487686157227
1748708087.0326724,25.366023904818817,1.5942527055740356
1748708087.0660772,25.376672961619683,1.594987392425537
1748708087.0994868,25.386983916884905,1.594645380973816
1748708087.1329799,25.39800649316382,1.5946003198623657
1748708087.1663644,25.40867910360836,1.5944104194641113
1748708087.199786,25.423297765181527,1.593348503112793
1748708087.2332394,25.429719277285905,1.5939750671386719
1748708087.2666488,25.440435366602518,1.593163251876831
1748708087.300377,25.45152334260392,1.5937252044677734
1748708087.3338006,25.461861146507953,1.5932765007019043
1748708087.3672283,25.472889335069304,1.5922232866287231
1748708087.4006326,25.483601041372246,1.59256112575531
1748708087.4340389,25.495360044604315,1.59187912940979
1748708087.4675002,25.508176104077712,1.5906985998153687
1748708087.500926,25.519213409639278,1.590741515159607
1748708087.5344281,25.529875070904886,1.5904752016067505
1748708087.5678964,25.540523754268055,1.5897279977798462
1748708087.6014335,25.554734824525656,1.589477777481079
1748708087.6348217,25.565042639812937,1.5894478559494019
1748708087.6682985,25.57250521609981,1.5895479917526245
1748708087.701704,25.583181586364493,1.5888676643371582
1748708087.7351089,25.59386112948105,1.588640809059143
1748708087.7685301,25.60418224222549,1.5871068239212036
1748708087.8019361,25.614880866565326,1.587085485458374
1748708087.8353078,25.625906380482228,1.5862332582473755
1748708087.8687296,25.636574300671317,1.5856331586837769
1748708087.902175,25.646885221818724,1.585273265838623
1748708087.9355943,25.65826183914884,1.5846043825149536
1748708087.9690363,25.668922657095667,1.5840872526168823
1748708088.002435,25.67532926794946,1.5834896564483643
1748708088.035834,25.69025810942919,1.5830806493759155
1748708088.069387,25.700567894130504,1.5824445486068726
1748708088.102816,25.711236697271065,1.5820817947387695
1748708088.1363912,25.721910652738355,1.5812888145446777
1748708088.1697965,25.732212367154624,1.5807580947875977
1748708088.2033052,25.743594185212356,1.5803959369659424
1748708088.2367222,25.757460617421902,1.5799270868301392
1748708088.2701204,25.767772227485278,1.5792909860610962
1748708088.303568,25.77843707959104,1.579074501991272
1748708088.336992,25.78946369882921,1.5785884857177734
1748708088.3703985,25.800123459649328,1.578169822692871
1748708088.4037943,25.807235254697495,1.5779188871383667
1748708088.4373984,25.82145673322105,1.5775065422058105
1748708088.470849,25.832125109685038,1.577303171157837
1748708088.5042725,25.84278573439354,1.5767735242843628
1748708088.5376823,25.85309835798365,1.5763863325119019
1748708088.571109,25.867676999250136,1.576340913772583
1748708088.604515,25.878335493132173,1.5757931470870972
1748708088.6381187,25.889362300978654,1.5754656791687012
1748708088.6715422,25.9000255316101,1.5751404762268066
1748708088.7049468,25.910685946814482,1.5747045278549194
1748708088.7383473,25.92241756961038,1.5745859146118164
1748708088.7717519,25.933079653015437,1.5739914178848267
1748708088.8052864,25.942324307456264,1.5738482475280762
1748708088.8386815,25.949430045485748,1.5734940767288208
1748708088.872105,25.96010019489365,1.5732884407043457
1748708088.9055488,25.970757595305372,1.572651982307434
1748708088.93896,25.98533732618207,1.5725271701812744
1748708088.9723582,25.999201492879696,1.5718997716903687
1748708089.0058386,26.0098771169271,1.5715210437774658
1748708089.0392406,26.020533686007376,1.5710073709487915
1748708089.0726771,26.030844615336584,1.5705599784851074
1748708089.1061027,26.04186010762486,1.569812297821045
1748708089.1399763,26.052525624857264,1.5691739320755005
1748708089.1733856,26.063192683723443,1.5685713291168213
1748708089.2068286,26.077068271200552,1.568637490272522
1748708089.2402627,26.08845413842494,1.5676021575927734
1748708089.274034,26.098803220993144,1.567272424697876
1748708089.3074486,26.109831550194976,1.565816879272461
1748708089.341025,26.120139167617545,1.5656803846359253
1748708089.3744771,26.13044626238286,1.5652446746826172
1748708089.4078846,26.137909815920256,1.564899206161499
1748708089.441326,26.148570996087162,1.5644303560256958
1748708089.4747365,26.162786180924385,1.5637648105621338
1748708089.5081747,26.174172398045307,1.5630378723144531
1748708089.5416555,26.18556331352301,1.563227891921997
1748708089.5752892,26.19516637164999,1.5628223419189453
1748708089.6086972,26.205121837097376,1.562820553779602
1748708089.6420975,26.21614101602844,1.562670111656189
1748708089.6755197,26.22678983666158,1.5619789361953735
1748708089.7088788,26.23745665778127,1.5607186555862427
1748708089.7422943,26.248133429494004,1.5610084533691406
1748708089.7757947,26.25880218986139,1.561155080795288
1748708089.8092344,26.265551379849683,1.561112642288208
1748708089.8426466,26.276565326745278,1.5607130527496338
1748708089.8760881,26.291133525314738,1.5611635446548462
1748708089.9096284,26.301436867704616,1.561781644821167
1748708089.9430892,26.308551328323237,1.5627399682998657
1748708089.9765146,26.318896270797808,1.5625401735305786
1748708090.009935,26.33386863496595,1.5633249282836914
1748708090.043361,26.344185394653177,1.5646698474884033
1748708090.0767677,26.35486415955116,1.5664653778076172
1748708090.110344,26.365525351045594,1.5676798820495605
1748708090.1438093,26.376163532712717,1.5710365772247314
1748708090.1772099,26.391043701391286,1.5737968683242798
1748708090.210618,26.40304084622151,1.5788862705230713
1748708090.2440264,26.415083140581046,1.5823609828948975
1748708090.2774372,26.42572898696565,1.5861866474151611
1748708090.3108416,26.436724452252395,1.589040994644165
1748708090.3443193,26.44743846642741,1.5895863771438599
1748708090.37778,26.457325705959686,1.5949815511703491
1748708090.4111905,26.467975148911243,1.5971834659576416
1748708090.444608,26.47903308682173,1.6002212762832642
1748708090.4780107,26.489594644791275,1.6053661108016968
1748708090.5120313,26.5000481312772,1.612637996673584
1748708090.5454323,26.510423741786905,1.6182464361190796
1748708090.578832,26.520999279236023,1.6243606805801392
1748708090.6122668,26.53156283455056,1.630314588546753
1748708090.6457376,26.54600901855204,1.6361868381500244
1748708090.6791482,26.556550743068577,1.6449600458145142
1748708090.7125912,26.566930821771283,1.6507234573364258
1748708090.7459998,26.57753986768928,1.6590360403060913
1748708090.7794657,26.591544912604057,1.6663053035736084
1748708090.8147144,26.598118881850645,1.6751751899719238
1748708090.8481169,26.612608214174525,1.680933952331543
1748708090.8815649,26.62333253214204,1.6900181770324707
1748708090.9152906,26.633847109782657,1.697694182395935
1748708090.9487448,26.64400404720245,1.705315113067627
1748708090.9822164,26.65407076451364,1.7143514156341553
1748708091.01562,26.66493811795375,1.7230690717697144
1748708091.04903,26.675479513727957,1.7311242818832397
1748708091.0824435,26.685575590021006,1.7430074214935303
1748708091.1207557,26.69641580995302,1.7492411136627197
1748708091.1541543,26.706942109926832,1.7612872123718262
1748708091.187603,26.72084487379151,1.7707056999206543
1748708091.2210102,26.727860513303273,1.7793172597885132
1748708091.2544403,26.73837118224339,1.7887399196624756
1748708091.287968,26.752315620755894,1.798412561416626
1748708091.32139,26.763105537610286,1.8087648153305054
1748708091.3548336,26.773208605114583,1.8185491561889648
1748708091.3882413,26.78359776187058,1.8293780088424683
1748708091.4218762,26.790536584339595,1.8402339220046997
1748708091.45529,26.80100479848405,1.8471509218215942
1748708091.4887104,26.811488129301374,1.8611184358596802
1748708091.522174,26.82185642950042,1.8732322454452515
1748708091.5555875,26.83222725263054,1.8838998079299927
1748708091.5890138,26.84232348579189,1.8948529958724976
1748708091.6224494,26.853143415666622,1.9053435325622559
1748708091.6558988,26.86690055283336,1.9178346395492554
1748708091.6892796,26.87696284816432,1.9326504468917847
1748708091.7226858,26.8876556525396,1.9454362392425537
1748708091.7561462,26.90106653900136,1.9571000337600708
1748708091.7895668,26.91185885646043,1.968956708908081
1748708091.8229685,26.918826911725187,1.9803754091262817
1748708091.8565638,26.928798480677642,1.9946553707122803
1748708091.8903692,26.942841486337745,2.005906343460083
1748708091.9239485,26.953294688711726,2.0174455642700195
1748708091.9573562,26.960176562154068,2.0303053855895996
1748708091.990917,26.973520051398634,2.0424423217773438
1748708092.0243232,26.980838817886596,2.0545754432678223
1748708092.057728,26.991089001818132,2.0635430812835693
1748708092.0911808,27.001722887704695,2.0808913707733154
1748708092.124583,27.01141608870771,2.093892812728882
1748708092.1624105,27.021990235337782,2.1026031970977783
1748708092.195829,27.02882737174347,2.117281675338745
1748708092.2292247,27.039189025694018,2.1287527084350586
1748708092.2626603,27.049442283581083,2.137868881225586
1748708092.2962096,27.060129979850146,2.155172824859619
1748708092.3296163,27.069744526987694,2.1685075759887695
1748708092.3631191,27.08385798560232,2.181713581085205
1748708092.3965418,27.09454706146161,2.1953320503234863
1748708092.4306517,27.104513015776266,2.208383798599243
1748708092.4640243,27.114780850655336,2.2222893238067627
1748708092.4974217,27.12472952492763,2.2357335090637207
1748708092.5308893,27.135051281726145,2.2493834495544434
1748708092.5644484,27.145328436996632,2.2634122371673584
1748708092.5980096,27.156044145943707,2.276979446411133
1748708092.6315978,27.162846787912716,2.291184186935425
1748708092.6650062,27.17311801969958,2.304978370666504
1748708092.6984456,27.186851501634557,2.31878399848938
1748708092.7320156,27.197152090396088,2.3326070308685303
1748708092.7654228,27.207461512305454,2.3463127613067627
1748708092.7988307,27.21770012689134,2.360579252243042
1748708092.8322487,27.224523526761484,2.374390125274658
1748708092.8656921,27.238000496983066,2.3875653743743896
1748708092.899168,27.24814483640115,2.402432918548584
1748708092.9325693,27.25880704273988,2.4167191982269287
1748708092.965968,27.269381903057013,2.431717872619629
1748708092.999508,27.27939865258525,2.449049711227417
1748708093.0329988,27.289629826151252,2.4635300636291504
1748708093.0665252,27.29951364882282,2.4784653186798096
1748708093.0999377,27.313546061070802,2.4926891326904297
1748708093.133346,27.323772653680553,2.507256031036377
1748708093.1669784,27.33364164496714,2.526210308074951
1748708093.200375,27.343961457463813,2.540576219558716
1748708093.2337937,27.35764698349219,2.5542385578155518
1748708093.2671952,27.368178764491564,2.569366931915283
1748708093.3006032,27.3780067585839,2.583665370941162
1748708093.3340425,27.385161063456785,2.598529815673828
1748708093.3674405,27.395397433921154,2.6122448444366455
1748708093.4008443,27.40938768426632,2.6272497177124023
1748708093.434248,27.41584678400173,2.640939235687256
1748708093.4676142,27.426082104919633,2.6542694568634033
1748708093.501022,27.436430479763583,2.6673007011413574
1748708093.5344326,27.446755169211805,2.6763510704040527
1748708093.5677984,27.45668052577678,2.689586639404297
1748708093.6012306,27.467160606049095,2.701521158218384
1748708093.6346273,27.47790079442897,2.7139081954956055
1748708093.668028,27.488168992453208,2.731001377105713
1748708093.701434,27.50189189192831,2.7415287494659424
1748708093.7348478,27.513079627497095,2.7534048557281494
1748708093.7683227,27.523422952026223,2.7642674446105957
1748708093.80171,27.537681307013973,2.7716128826141357
1748708093.835074,27.54820810763617,2.7802486419677734
1748708093.868619,27.558542607772832,2.7863974571228027
1748708093.9020185,27.565994559131244,2.794046640396118
1748708093.935426,27.57612972737114,2.8046648502349854
1748708093.9688518,27.585907250508576,2.817925453186035
1748708094.0022526,27.596244606894917,2.8268320560455322
1748708094.03574,27.606113496194357,2.8286685943603516
1748708094.0691478,27.619046693654767,2.834540605545044
1748708094.10256,27.629554141485166,2.8422646522521973
1748708094.1362474,27.64347924140029,2.849827527999878
1748708094.1736188,27.650152171368195,2.8523635864257812
1748708094.2075987,27.660964273070544,2.857646942138672
1748708094.241296,27.67425549321421,2.86545467376709
1748708094.2747629,27.68472392405101,2.8685245513916016
1748708094.3082826,27.69867695203128,2.8723204135894775
1748708094.341776,27.708607647638612,2.8703207969665527
1748708094.3751807,27.71884528164603,2.8721354007720947
1748708094.4085875,27.72962640802568,2.87473201751709
1748708094.4424067,27.740053056679223,2.878262996673584
1748708094.47583,27.746921907589762,2.8848319053649902
1748708094.5092325,27.75731304090955,2.8865721225738525
1748708094.5427308,27.767466728854593,2.8865814208984375
1748708094.5761914,27.77835377696775,2.888805389404297
1748708094.6096058,27.78899323231032,2.889943838119507
1748708094.6435144,27.799611490944557,2.8903748989105225
1748708094.6770947,27.81010505220183,2.8938212394714355
1748708094.7105174,27.82047918344474,2.8923416137695312
1748708094.7439358,27.830461722454743,2.8892242908477783
1748708094.7773216,27.841158256618094,2.8907270431518555
1748708094.810706,27.851854491862635,2.893951654434204
1748708094.84457,27.861984326223368,2.894144296646118
1748708094.8780167,27.872493870608547,2.8945465087890625
1748708094.9115472,27.883230698844642,2.8905770778656006
1748708094.9449463,27.889486317277196,2.890838384628296
1748708094.9784951,27.903779552703103,2.8918325901031494
1748708095.0118906,27.914321567052887,2.8910393714904785
1748708095.045299,27.925619062370032,2.8917086124420166
1748708095.0787165,27.93588880494448,2.8914339542388916
1748708095.1122174,27.94617560039144,2.8915646076202393
1748708095.1456246,27.956827802908247,2.891531467437744
1748708095.182897,27.971746711974877,2.891573429107666
1748708095.2163038,27.977786027412055,2.891576051712036
1748708095.249725,27.988445384637256,2.8915882110595703
1748708095.283127,28.002657664230508,2.891601800918579
1748708095.316749,28.010828780330705,2.8916115760803223
1748708095.3501568,28.024331327387742,2.891592025756836
1748708095.3835926,28.034989471692906,2.891671895980835
1748708095.416999,28.045292966382004,2.8922719955444336
1748708095.4503856,28.056299127623667,2.89174747467041
1748708095.483798,28.066567816834343,2.8936805725097656
1748708095.5172296,28.07759169682896,2.893610954284668
1748708095.5507133,28.088255265081912,2.894705295562744
1748708095.5841427,28.09894151767795,2.895186185836792
1748708095.6175904,28.10959729118566,2.89666485786438
1748708095.6509829,28.120259854699302,2.8983359336853027
1748708095.6844296,28.12702054140218,2.8992528915405273
1748708095.7178516,28.13839912705967,2.901892900466919
1748708095.7512445,28.148436341378698,2.9015963077545166
1748708095.7847276,28.159858685382968,2.903195858001709
1748708095.818129,28.170168118880174,2.904961347579956
1748708095.8515708,28.185499749461982,2.9052035808563232
1748708095.8849766,28.19581183367737,2.9066786766052246
1748708095.9184525,28.206458798759684,2.907825231552124
1748708095.9518979,28.216384134518815,2.9078032970428467
1748708095.9855335,28.227351193395528,2.909346580505371
1748708096.0191376,28.237637096955556,2.908787727355957
1748708096.0526137,28.248634101098148,2.9100770950317383
1748708096.086093,28.2589301161246,2.9108901023864746
1748708096.1195388,28.269963849431583,2.909989356994629
1748708096.1534011,28.28138048759424,2.9103896617889404
1748708096.1868055,28.28741801980056,2.907710075378418
1748708096.2202072,28.30134020853069,2.907125473022461
1748708096.253641,28.31231101394216,2.9039723873138428
1748708096.28718,28.32285909230148,2.9018757343292236
1748708096.3206306,28.33348062322993,2.900702476501465
1748708096.353997,28.344142388683906,2.8997435569763184
1748708096.38749,28.35478479320762,2.8978512287139893
1748708096.420927,28.365446070698678,2.8967244625091553
1748708096.4543548,28.376120352210553,2.8969125747680664
1748708096.4877858,28.386383444647947,2.8946850299835205
1748708096.521184,28.396999041180123,2.8922600746154785
1748708096.554588,28.407601767246263,2.8893210887908936
1748708096.5880322,28.420389715290273,2.887979030609131
1748708096.62222,28.432721612128997,2.883755922317505
1748708096.6556332,28.443013550631456,2.881265640258789
1748708096.6890898,28.45435006135547,2.8775827884674072
1748708096.7225158,28.461116722744872,2.8756601810455322
1748708096.7559385,28.4717667996541,2.872210741043091
1748708096.7894425,28.482295567892955,2.8686625957489014
1748708096.8228421,28.49290666150078,2.866668939590454
1748708096.856245,28.502797402853904,2.8605191707611084
1748708096.8896487,28.514262205609853,2.8572499752044678
1748708096.923057,28.52387376456984,2.8516151905059814
1748708096.956703,28.53405193170967,2.848456382751465
1748708096.9912648,28.544861157959566,2.842419385910034
1748708097.0246906,28.55194711048191,2.838702917098999
1748708097.0580907,28.56262570769735,2.8354721069335938
1748708097.0915425,28.576833796106932,2.8321585655212402
1748708097.1279733,28.587491171741707,2.828521490097046
1748708097.16139,28.598176021824415,2.828251361846924
1748708097.1947927,28.612373081542415,2.8255951404571533
1748708097.2283666,28.622691744698415,2.826566219329834
1748708097.261772,28.63371264319989,2.8251795768737793
1748708097.295209,28.6443765094185,2.825143575668335
1748708097.3286247,28.655029368727444,2.8258016109466553
1748708097.362076,28.6621400635892,2.8267502784729004
1748708097.3954864,28.67283258679519,2.826528787612915
1748708097.429106,28.68350294308889,2.828930139541626
1748708097.465291,28.694187751725472,2.8303604125976562
1748708097.4989274,28.704861753560834,2.830871820449829
1748708097.5323484,28.71551098693793,2.8327276706695557
1748708097.5657494,28.722583489101197,2.8359384536743164
1748708097.5992143,28.733382278053387,2.8422372341156006
1748708097.6326725,28.744060939633655,2.8460452556610107
1748708097.666148,28.753886148555313,2.8508706092834473
1748708097.6996944,28.761110657120287,2.8552167415618896
1748708097.7361004,28.766907730124803,2.8574204444885254
1748708097.769471,28.771544916022666,2.861359119415283
1748708097.8028607,28.77670537174759,2.863511800765991
1748708097.8362718,28.78033367127307,2.86606764793396
1748708097.8697627,28.782603789033015,2.868011951446533
1748708097.9031718,28.785673387408263,2.870058059692383
1748708097.9365873,28.787921668766387,2.8743579387664795
1748708097.9701188,28.791231670712797,2.8759639263153076
1748708098.0040822,28.794178996588666,2.8786845207214355
1748708098.0374825,28.797208438608664,2.880779266357422
1748708098.0708895,28.80049790950786,2.885298013687134
1748708098.1042945,28.803359928679377,2.889167070388794
1748708098.1377223,28.8062175340873,2.8939919471740723
1748708098.1711311,28.809410371282578,2.8958652019500732
1748708098.2045376,28.81261351137334,2.902682065963745
1748708098.2380595,28.816379922164714,2.9065732955932617
1748708098.2714927,28.819159471962962,2.9132795333862305
1748708098.305488,28.823187454035434,2.918470859527588
1748708098.3389952,28.82514835887764,2.923560380935669
1748708098.3724468,28.82801561162348,2.928988218307495
1748708098.405846,28.831084358870086,2.933925151824951
1748708098.4392507,28.836693624330735,2.9417319297790527
1748708098.4726915,28.843552867856513,2.9518630504608154
1748708098.5060985,28.852050211136827,2.9717187881469727
1748708098.5396302,28.85906651287357,2.988413095474243
1748708098.5731192,28.868100640538216,3.000002861022949
1748708098.6065333,28.87748071137425,3.0180258750915527
1748708098.6406207,28.887067572158074,3.036501884460449
1748708098.6743636,28.896693624816816,3.0556018352508545
1748708098.708008,28.90639195913476,3.0751209259033203
1748708098.741406,28.91659132738702,3.0921120643615723
1748708098.7748072,28.926080666707822,3.1181867122650146
1748708098.8083413,28.935378976922642,3.136772871017456
1748708098.8417966,28.9455412736155,-3.1332318782806396
1748708098.875212,28.95530399630728,-3.113727569580078
1748708098.9087443,28.965212541808494,-3.0946195125579834
1748708098.9421566,28.97229254380128,-3.075669527053833
1748708098.9755745,28.981752780099587,-3.05688738822937
1748708099.0090308,28.995202910789022,-3.0389785766601562
1748708099.0424411,29.00507409916378,-3.020076036453247
1748708099.0758543,29.01156346672052,-3.0022215843200684
1748708099.1093106,29.025575190003593,-2.9839353561401367
1748708099.1427114,29.032020442349502,-2.9672749042510986
1748708099.1761334,29.04238241162291,-2.952437400817871
1748708099.2095447,29.05253498598461,-2.9366228580474854
1748708099.242992,29.06251858210628,-2.9222848415374756
1748708099.2764137,29.07328731232,-2.9134349822998047
1748708099.3098583,29.0837590927058,-2.897812604904175
1748708099.343436,29.09401521976554,-2.8861801624298096
1748708099.376844,29.100770817096183,-2.8723843097686768
1748708099.4102428,29.114317428996028,-2.8600172996520996
1748708099.443697,29.121299004701832,-2.8450429439544678
1748708099.4772031,29.131726797855894,-2.8387882709503174
1748708099.5106077,29.14213774691973,-2.8250272274017334
1748708099.5442648,29.15307231952062,-2.816659450531006
1748708099.5776656,29.163272752305758,-2.8078019618988037
1748708099.6110938,29.172927556990384,-2.8002116680145264
1748708099.6444967,29.1794715606428,-2.7931764125823975
1748708099.6778953,29.190003736859936,-2.783973217010498
1748708099.7113166,29.20008381103737,-2.777147054672241
1748708099.7447386,29.210599695261333,-2.7699074745178223
1748708099.7784202,29.217542401022534,-2.7614245414733887
1748708099.8118265,29.227789189708265,-2.75785756111145
1748708099.8453403,29.242739986573458,-2.7522783279418945
1748708099.8787396,29.249532218882933,-2.749283790588379
1748708099.9121487,29.25979716855283,-2.746354579925537
1748708099.9455924,29.27023843465715,-2.739659547805786
1748708099.979,29.280786568391274,-2.7365384101867676
1748708100.0123687,29.29154727481465,-2.73305344581604
1748708100.0458078,29.302094791229088,-2.731445550918579
1748708100.0794098,29.31311792755965,-2.732525110244751
1748708100.11281,29.323433215208155,-2.731964588165283
1748708100.146241,29.333736562481146,-2.73156476020813
1748708100.182413,29.344753199026812,-2.7316441535949707
1748708100.215891,29.35185466964034,-2.7310080528259277
1748708100.2493749,29.35895274321107,-2.7298152446746826
1748708100.2828405,29.373193269921636,-2.7302486896514893
1748708100.3162336,29.384209422810933,-2.730457305908203
1748708100.3496442,29.394488868889383,-2.7329769134521484
1748708100.383085,29.405195965974798,-2.7339017391204834
1748708100.4165165,29.41580924197575,-2.7362711429595947
1748708100.449927,29.4263384893829,-2.7398948669433594
1748708100.4833825,29.433409642852677,-2.7411816120147705
1748708100.5167837,29.44404778351914,-2.744896411895752
1748708100.550189,29.46011963096015,-2.747164726257324
1748708100.5838962,29.470053150927036,-2.750551223754883
1748708100.6173246,29.479625318786333,-2.753779888153076
1748708100.6507297,29.49024792676526,-2.757394313812256
1748708100.6841645,29.500802182326503,-2.7622084617614746
1748708100.7175715,29.511303335544326,-2.7677829265594482
1748708100.7512548,29.522017690141226,-2.770204544067383
1748708100.7846603,29.53223171267101,-2.7759931087493896
1748708100.818059,29.546421959392035,-2.7804224491119385
1748708100.8514676,29.558742801743197,-2.787647008895874
1748708100.8849032,29.569279856089963,-2.7952427864074707
1748708100.9183447,29.57898866070525,-2.802699089050293
1748708100.9517593,29.585718274513876,-2.8057188987731934
1748708100.9852245,29.59637186869159,-2.8094570636749268
1748708101.0186338,29.606579427286395,-2.8144125938415527
1748708101.052168,29.61683395912368,-2.8225438594818115
1748708101.0855367,29.627368727060905,-2.829331398010254
1748708101.122495,29.637723563046084,-2.83262300491333
1748708101.1559114,29.652532622638603,-2.8411145210266113
1748708101.189316,29.65916967438124,-2.8478474617004395
1748708101.2227879,29.670087480937614,-2.854686737060547
1748708101.2561872,29.68032284172501,-2.8589649200439453
1748708101.289592,29.690916776327725,-2.865330696105957
1748708101.3229995,29.701858465947083,-2.872119188308716
1748708101.3565028,29.712114051614687,-2.877211093902588
1748708101.389956,29.718993445431447,-2.8858578205108643
1748708101.4233692,29.72989659302442,-2.8928511142730713
1748708101.45682,29.740148296327966,-2.8997135162353516
1748708101.4901743,29.753973554125103,-2.9057137966156006
1748708101.523847,29.761726759127196,-2.9133455753326416
1748708101.557399,29.771891502663088,-2.9180407524108887
1748708101.5910392,29.782884452314168,-2.9247429370880127
1748708101.624719,29.79308027623235,-2.932006597518921
1748708101.6581366,29.803752462098814,-2.9406471252441406
1748708101.691567,29.814287927928525,-2.9455254077911377
1748708101.7257125,29.82497077654939,-2.9531188011169434
1748708101.7594619,29.835155004942706,-2.960021495819092
1748708101.7929106,29.845733846130994,-2.965785264968872
1748708101.8263881,29.856726886049064,-2.9693267345428467
1748708101.860092,29.86379624549794,-2.974820613861084
1748708101.893518,29.874384101236384,-2.980675220489502
1748708101.9269722,29.88676524900667,-2.986316442489624
1748708101.9603746,29.896314950216876,-2.991743564605713
1748708101.9937603,29.906233335908006,-2.9967753887176514
1748708102.0272052,29.916893127107198,-2.9992849826812744
1748708102.0619295,29.927477898959985,-3.00649356842041
1748708102.0954182,29.9380880011538,-3.009871482849121
1748708102.128924,29.948743347520587,-3.01381516456604
1748708102.1623962,29.959317602610835,-3.019446849822998
1748708102.1958454,29.970348038861093,-3.024829626083374
1748708102.2292426,29.980614830198782,-3.02956485748291
1748708102.26268,29.99127272092234,-3.0335540771484375
1748708102.2961257,30.001912835638425,-3.0377771854400635
1748708102.3296053,30.01218992489719,-3.041856050491333
1748708102.363077,30.026702468463466,-3.0460691452026367
1748708102.396523,30.033775614241822,-3.0502824783325195
1748708102.429968,30.044071249913205,-3.0534465312957764
1748708102.4633856,30.054679745835795,-3.0563180446624756
1748708102.496805,30.066727548892455,-3.0607166290283203
1748708102.5302541,30.072769549697778,-3.063552141189575
1748708102.5637195,30.084779685977498,-3.0681111812591553
1748708102.5973825,30.097553972890367,-3.071725368499756
1748708102.630761,30.108194594647124,-3.076443910598755
1748708102.6641638,30.118504107731955,-3.0793328285217285
1748708102.6975782,30.12912592618456,-3.0831973552703857
1748708102.7309778,30.14050485771126,-3.0856845378875732
1748708102.7643895,30.15078351443727,-3.088242530822754
1748708102.7977912,30.161070192092172,-3.0916712284088135
1748708102.8316765,30.172091499824717,-3.0942609310150146
1748708102.8651032,30.182386489472524,-3.097466468811035
1748708102.8985054,30.189877718515774,-3.100325345993042
1748708102.9320593,30.205530821062982,-3.1032979488372803
1748708102.9654686,30.21835049118772,-3.1062116622924805
1748708102.9989078,30.229411535465744,-3.1077919006347656
1748708103.0323496,30.239732898117015,-3.1087839603424072
1748708103.0657744,30.25071394850802,-3.1120550632476807
1748708103.099272,30.260970342157787,-3.1140923500061035
1748708103.1326537,30.268403625533228,-3.113769769668579
1748708103.1660726,30.27511375587657,-3.1150643825531006
1748708103.199573,30.28535011820339,-3.116708755493164
1748708103.2329886,30.296347265328272,-3.117708206176758
1748708103.2664595,30.306986836879897,-3.1196682453155518
1748708103.2998743,30.321552540039566,-3.1213340759277344
1748708103.3332927,30.33188388227013,-3.1213290691375732
1748708103.3667471,30.34254370799342,-3.1230571269989014
1748708103.4001532,30.352870075625386,-3.1239118576049805
1748708103.4335597,30.363886995852397,-3.1262784004211426
1748708103.4669564,30.37459215158185,-3.127268075942993
1748708103.5003715,30.385264821372648,-3.128744125366211
1748708103.5338087,30.39914771095912,-3.129946708679199
1748708103.5673306,30.41018794941069,-3.1305549144744873
1748708103.6007376,30.420879338256434,-3.131450891494751
1748708103.6341903,30.431555451976006,-3.1323962211608887
1748708103.667708,30.438670380538806,-3.1331279277801514
1748708103.701113,30.449334453940462,-3.133892297744751
1748708103.7345312,30.46000261616636,-3.1347339153289795
1748708103.7679412,30.46676179911837,-3.135709762573242
1748708103.8013432,30.477777088766445,-3.13659930229187
1748708103.8347542,30.48845119551874,-3.1372339725494385
1748708103.8682528,30.49912717287946,-3.1380465030670166
1748708103.9016585,30.511212768817796,-3.138725996017456
1748708103.9350731,30.520455505123753,-3.1396164894104004
1748708103.9684916,30.5311202590026,-3.1403987407684326
1748708104.0018964,30.541787006578513,-3.1411635875701904
1748708104.0352588,30.552464382974033,-3.141467571258545
1748708104.0686717,30.563491776929073,3.140510320663452
1748708104.1023479,30.5734539844645,3.1402909755706787
1748708104.1357834,30.584132580688653,3.1393675804138184
1748708104.1691935,30.594821443393986,3.139561653137207
1748708104.2026005,30.605873312853895,3.1383180618286133
1748708104.2360065,30.616568073847503,3.1381020545959473
1748708104.2694163,30.627244822532575,3.1375365257263184
1748708104.302981,30.63791768784887,3.1372592449188232
1748708104.3367639,30.652138676601087,3.136502265930176
1748708104.3702111,30.659608162083973,3.1362812519073486
1748708104.4036176,30.669918514609265,3.136242389678955
1748708104.437856,30.680233136591426,3.135556697845459
1748708104.4712846,30.691260796621442,3.135519027709961
1748708104.5047007,30.701944936211707,3.1345598697662354
1748708104.5381308,30.712994490240494,3.134829044342041
1748708104.571672,30.723316704651612,3.134340763092041
1748708104.6050663,30.733992524888972,3.134291648864746
1748708104.6384647,30.74466604350205,3.133629083633423
1748708104.6719213,30.758538226906985,3.133401870727539
1748708104.7053518,30.769918333605897,3.132997751235962
1748708104.7387707,30.776675535486284,3.132861614227295
1748708104.7721746,30.787696903802285,3.1326382160186768
1748708104.8056371,30.79800754318851,3.1326005458831787
1748708104.8390615,30.808669633411643,3.1321756839752197
1748708104.8724587,30.81933623468068,3.1320817470550537
1748708104.9059627,30.83000187707559,3.1319572925567627
1748708104.9394147,30.83711001772212,3.131896734237671
1748708104.9728227,30.851325328198165,3.131845712661743
1748708105.0062218,30.861996625771344,3.131648302078247
1748708105.039662,30.872669103747366,3.1307904720306396
1748708105.0730672,30.88371607299679,3.1311068534851074
1748708105.1064289,30.894046515705817,3.130575656890869
1748708105.139834,30.904725454514583,3.130725145339966
1748708105.1732395,30.918949661748066,3.1305148601531982
1748708105.206642,30.926068173230373,3.1306183338165283
1748708105.2400901,30.936385709150358,3.1299288272857666
1748708105.2746603,30.947394696712642,3.1302270889282227
1748708105.3080773,30.958761278790256,3.1307544708251953
1748708105.3421037,30.972280505210296,3.1306281089782715
1748708105.3755198,30.982951863841343,3.130613327026367
1748708105.40894,30.993621076694833,3.1307342052459717
1748708105.4423485,31.004643069520117,3.130955219268799
1748708105.475766,31.011042804177023,3.1307122707366943
1748708105.5091763,31.022067041362416,3.13073468208313
1748708105.54356,31.03273603203364,3.1311099529266357
1748708105.5769742,31.043406224696273,3.1310532093048096
1748708105.6104207,31.0576271087699,3.131176710128784
1748708105.6438293,31.064745829490768,3.1311540603637695
1748708105.6772392,31.07860951470765,3.1315300464630127
1748708105.7106473,31.086433141010552,3.1313579082489014
1748708105.7441761,31.100298885807586,3.131666421890259
1748708105.7776797,31.11096301052888,3.131892681121826
1748708105.8111677,31.121277323210272,3.1320226192474365
1748708105.8445654,31.132298387540914,3.1321609020233154
1748708105.8780088,31.142613572501876,3.1322665214538574
1748708105.911417,31.15327120478128,3.1323728561401367
1748708105.948715,31.164286483797596,3.1324779987335205
1748708105.9825912,31.178503810479462,3.1328799724578857
1748708106.0160153,31.189155439268625,3.1331379413604736
1748708106.0495136,31.199843027180698,3.1327619552612305
1748708106.0829904,31.210896782882145,3.133538007736206
1748708106.1164415,31.22160141639912,3.133293628692627
1748708106.1499016,31.22837522195251,3.133819580078125
1748708106.1833115,31.239066287564633,3.1336188316345215
1748708106.2185595,31.249400083411658,3.1341466903686523
1748708106.25199,31.260804619386374,3.1339194774627686
1748708106.2853694,31.2711299300886,3.1344408988952637
1748708106.318824,31.28146338738101,3.1341731548309326
1748708106.3522086,31.292862413763586,3.134874105453491
1748708106.3856099,31.303185431589387,3.1345484256744385
1748708106.4190145,31.313857923787086,3.1349265575408936
1748708106.452448,31.324523992197012,3.134965181350708
1748708106.4859533,31.334838787184907,3.135354518890381
1748708106.5193584,31.346217995907967,3.1356639862060547
1748708106.5527616,31.356533149441777,3.1356468200683594
1748708106.5862188,31.363641885869775,3.1357321739196777
1748708106.6196408,31.374314497951207,3.1359708309173584
1748708106.6530533,31.38497742768956,3.1363186836242676
1748708106.6865087,31.39601933967677,3.1361587047576904
1748708106.7199404,31.40634169566781,3.1366403102874756
1748708106.7533393,31.41701441693074,3.1365323066711426
1748708106.786798,31.428041599273097,3.1369588375091553
1748708106.820307,31.43906143810664,3.136936664581299
1748708106.8537395,31.44901873478901,3.1371042728424072
1748708106.887139,31.459682608899726,3.137451171875
1748708106.9207294,31.469989988209484,3.137599229812622
1748708106.9541306,31.481013372077356,3.1378495693206787
1748708106.9875355,31.491669710863093,3.1380765438079834
1748708107.0217364,31.50268294929982,3.137782096862793
1748708107.0551481,31.512985492693588,3.137944459915161
1748708107.0885458,31.523652213198847,3.1383590698242188
1748708107.1219516,31.53430851271998,3.1385960578918457
1748708107.1553595,31.544614044615297,3.1383938789367676
1748708107.188822,31.551719834733802,3.13862943649292
1748708107.2223978,31.56274345089429,3.138467788696289
1748708107.2558072,31.573407454158623,3.1385550498962402
1748708107.289287,31.583718458879527,3.1389660835266113
1748708107.323134,31.594742950844854,3.1390421390533447
1748708107.356538,31.606128013056235,3.138928174972534
1748708107.390953,31.61751193181115,3.1392340660095215
1748708107.4248443,31.630317959666325,3.139103889465332
1748708107.4582393,31.640985678790955,3.13944149017334
1748708107.4917138,31.651646846268612,3.139467716217041
1748708107.525121,31.662317499562956,3.13959002494812
1748708107.5586224,31.672983417040125,3.1395890712738037
1748708107.5920188,31.68328789824666,3.139554500579834
1748708107.6254213,31.69039655972017,3.1398003101348877
1748708107.658921,31.701781485163583,3.1399083137512207
1748708107.6923914,31.712445467660068,3.1400082111358643
1748708107.7258005,31.724540057455425,3.139970541000366
1748708107.7592037,31.733437776321043,3.1403768062591553
1748708107.7926476,31.743756539972996,3.1403450965881348
1748708107.8263702,31.754798240757147,3.140342950820923
1748708107.859777,31.761907876533698,3.1404318809509277
1748708107.8932555,31.776138587909994,3.1405723094940186
1748708107.9266622,31.786816881100076,3.140604257583618
1748708107.9600973,31.793926539591858,3.1404969692230225
1748708107.9935048,31.80494719927633,3.1405649185180664
1748708108.0269146,31.815612129927253,3.140714645385742
1748708108.0603166,31.82592421562647,3.1406655311584473
1748708108.0939004,31.836591073063826,3.1406216621398926
1748708108.1281872,31.84725219136585,3.140717029571533
1748708108.1615992,31.85792381618804,3.1406779289245605
1748708108.1950164,31.86858206019835,3.140880584716797
1748708108.228418,31.87924890544441,3.1409027576446533
1748708108.2619753,31.889912908116873,3.140815019607544
1748708108.295485,31.900575929340654,3.1409432888031006
1748708108.3288934,31.911238022735777,3.1409263610839844
1748708108.3626912,31.922253899618074,3.14109468460083
1748708108.3961856,31.932572665038244,3.1411917209625244
1748708108.4295478,31.943245275894586,3.140770673751831
1748708108.4629836,31.95427263684546,3.140705108642578
1748708108.4964216,31.96814284401353,3.141052722930908
1748708108.5298247,31.978807783755215,3.1410839557647705
1748708108.5632117,31.98947464121995,3.1409730911254883
1748708108.5966396,32.00014530152916,3.141026735305786
1748708108.6300454,32.00725970027031,3.141286611557007
1748708108.6634023,32.01757369752715,3.141174793243408
1748708108.6970072,32.0321487452879,3.1409339904785156
1748708108.7305021,32.03926600706547,3.1410720348358154
1748708108.7640269,32.05027906406292,3.1411209106445312
1748708108.7974334,32.06059020797212,3.1409859657287598
1748708108.8308403,32.070892756224346,3.141000747680664
1748708108.8642387,32.08546394099856,3.141078233718872
1748708108.8976429,32.0961288669411,3.141383171081543
1748708108.9320235,32.10679094967982,3.1415135860443115
1748708108.9697118,32.11745400103184,3.1410839557647705
1748708109.0031161,32.1281275311693,3.1410460472106934
1748708109.0365264,32.138440570590156,3.141329526901245
1748708109.069932,32.14590688757441,3.141298532485962
1748708109.1033347,32.16012810472073,3.140991449356079
1748708109.1367462,32.170795906604226,3.1410768032073975
1748708109.1702538,32.18146654960594,3.1414389610290527
1748708109.2036622,32.192492941930745,3.1414246559143066
1748708109.2370698,32.20245694801606,3.1411266326904297
1748708109.2704916,32.21348049613313,3.1409497261047363
1748708109.3038983,32.223785904375475,3.141012668609619
1748708109.3372967,32.23480179661919,3.141012191772461
1748708109.3707097,32.24190952240242,3.1412110328674316
1748708109.404108,32.25328497561132,3.140885353088379
1748708109.4381714,32.25933221912212,3.14115047454834
1748708109.4716194,32.270353832076765,3.141019344329834
1748708109.505193,32.284925988814265,3.1409835815429688
1748708109.5393322,32.29594381265372,3.140747308731079
1748708109.5727816,32.301985316837545,3.1411640644073486
1748708109.6062317,32.316554601763336,3.141011953353882
1748708109.6396763,32.32721479198126,3.140852689743042
1748708109.6730843,32.33858447819172,3.141101598739624
1748708109.7065017,32.34853226097232,3.1410350799560547
1748708109.7399468,32.359547219797086,3.1408636569976807
1748708109.774744,32.369849747978236,3.1410841941833496
1748708109.8081536,32.37695462528644,3.1409804821014404
1748708109.841515,32.38796765652465,3.141071319580078
1748708109.874922,32.398624980479944,3.1409590244293213
1748708109.9083762,32.408926553361,3.1411991119384766
1748708109.941782,32.41993863918671,3.141054391860962
1748708109.9761324,32.43059405347171,3.1409645080566406
1748708110.0095525,32.44089469104261,3.1410162448883057
1748708110.0430167,32.45155009174507,3.1410770416259766
1748708110.0764997,32.45829830236951,3.140918731689453
1748708110.1099,32.46930941444287,3.141155481338501
1748708110.1441126,32.47960910351105,3.141040086746216
1748708110.1776292,32.490620225137114,3.1410560607910156
1748708110.210993,32.50127564944955,3.1408729553222656
1748708110.244497,32.51193105466484,3.14089298248291
1748708110.277907,32.52223168075116,3.1410415172576904
1748708110.3113163,32.53288804731704,3.1409473419189453
1748708110.344793,32.53999101098418,3.1410069465637207
1748708110.3782952,32.554552666175155,3.141000747680664
1748708110.411756,32.56520711748241,3.1409971714019775
1748708110.445166,32.576572049701426,3.1410791873931885
1748708110.4788694,32.58651600251909,3.1412529945373535
1748708110.512272,32.59361992313731,3.1411874294281006
1748708110.5456743,32.608183503184726,3.1409788131713867
1748708110.5794218,32.618129355189986,3.141308069229126
1748708110.6129057,32.628784764044106,3.141209363937378
1748708110.6464562,32.6397949312169,3.1412765979766846
1748708110.6824615,32.64689789415273,3.141366720199585
1748708110.7158701,32.65755426760083,3.14113187789917
1748708110.7492685,32.671762094205285,3.141465902328491
1748708110.7827148,32.682062735452604,3.141289234161377
1748708110.8161147,32.689521429828446,3.1411633491516113
1748708110.8495572,32.7001777813189,3.1414403915405273
1748708110.8829117,32.71083413891477,3.1413192749023438
1748708110.9163868,32.72184526372493,3.1413357257843018
1748708110.9499125,32.72894918618506,3.141265392303467
1748708110.98357,32.739604588650316,3.141329526901245
1748708111.0170107,32.75025903654762,3.1413564682006836
1748708111.050412,32.76055967785768,3.1412672996520996
1748708111.0838344,32.77121412522985,3.141357660293579
1748708111.1172373,32.78542100834975,3.1414380073547363
1748708111.1506798,32.79252397445753,3.1414308547973633
1748708111.1840777,32.80317842634768,3.1414084434509277
1748708111.2175148,32.81383287417557,3.141475200653076
1748708111.2509277,32.824488277200516,3.1414856910705566
1748708111.284329,32.83514177249984,3.14151668548584
1748708111.3177412,32.84579717580664,3.1414687633514404
1748708111.351233,32.85609782287736,3.1412339210510254
1748708111.3846827,32.86675321896278,3.141451358795166
1748708111.4180348,32.87421285881541,3.14148211479187
1748708111.451439,32.88486826233639,3.141489028930664
1748708111.4848757,32.89907610613761,3.141357660293579
1748708111.518326,32.909732465915916,3.1413087844848633
1748708111.5517259,32.91683638078068,-3.1415457725524902
1748708111.5851314,32.930689458829605,3.1413826942443848
1748708111.6185417,32.941704402401285,3.141245126724243
1748708111.6519978,32.95236457309116,-3.14141845703125
1748708111.6854029,32.95946944693914,3.141545057296753
1748708111.7188053,32.97368015882834,3.141338586807251
1748708111.75222,32.98398269861533,3.1415162086486816
1748708111.785817,32.99499477575792,3.141587257385254
1748708111.8192153,33.00529636770332,3.1414473056793213
1748708111.8526194,33.01240124157956,3.141468048095703
1748708111.886149,33.02341236472305,3.1414687633514404
1748708111.9195526,33.03761925146609,3.141453981399536
1748708111.9530022,33.047918934494675,3.141493558883667
1748708111.986472,33.05892814957976,3.1415679454803467
1748708112.0200205,33.06958259922157,3.1415295600891113
1748708112.0534174,33.08023800301902,3.141519069671631
1748708112.0869064,33.094443935411284,3.141584873199463
1748708112.1203666,33.10509933923369,3.141435146331787
1748708112.1537821,33.116110473414174,3.1413462162017822
1748708112.1871881,33.12641015092945,-3.1415512561798096
1748708112.2206032,33.137421274555926,3.14154314994812
1748708112.2541254,33.14772191648098,3.1413323879241943
1748708112.2875829,33.15837827905097,3.141345739364624
1748708112.3209906,33.169033676851114,-3.1414639949798584
1748708112.3544374,33.17969098870796,3.141509532928467
1748708112.387821,33.19070211933694,3.1413183212280273
1748708112.4218013,33.20100371088861,3.1413142681121826
1748708112.455259,33.21130529752432,-3.1415719985961914
1748708112.488669,33.22231737534493,3.1415183544158936
1748708112.5220792,33.232974691344765,3.1413369178771973
1748708112.5555327,33.24682967125236,3.1413979530334473
1748708112.588965,33.25784557329041,-3.141289472579956
1748708112.6223266,33.26495235044522,3.1413605213165283
1748708112.6557372,33.275611579191256,3.1413121223449707
1748708112.6891725,33.28626984335586,3.1414072513580322
1748708112.7226634,33.29657621113666,-3.1414272785186768
1748708112.7561324,33.30759210956015,3.141251564025879
1748708112.7896538,33.31789562216012,3.141211748123169
1748708112.8230996,33.328554830825816,3.141496181488037
1748708112.8565023,33.339213098932824,3.141341209411621
1748708112.8899124,33.35164614797737,3.1415903568267822
1748708112.9233432,33.36443301804411,3.141371250152588
1748708112.9567904,33.37153693900464,3.141362190246582
1748708112.990194,33.38254806007605,3.1414682865142822
1748708113.0235999,33.3928486977591,3.1414177417755127
1748708113.05801,33.40350314656459,3.1414735317230225
1748708113.0914574,33.41415855712096,3.1412770748138428
1748708113.1248884,33.425169673890345,3.1415364742279053
1748708113.1582875,33.43547031748413,3.141252279281616
1748708113.1916976,33.44967720018564,3.1414151191711426
1748708113.2251377,33.46033260926407,3.1412649154663086
1748708113.2585375,33.46743557142031,3.141388416290283
1748708113.2919476,33.4780909779277,3.141306161880493
1748708113.3254578,33.4887463777047,3.1414287090301514
1748708113.3590205,33.49940082615588,3.1414668560028076
1748708113.3924656,33.51005623215261,3.1413745880126953
1748708113.4258654,33.52106545006946,3.141374111175537
1748708113.4594247,33.53136608364613,3.1414544582366943
1748708113.4928627,33.54202053365093,3.1414406299591064
1748708113.5262742,33.552674982922966,3.141505002975464
1748708113.559676,33.56333038538006,-3.1415884494781494
1748708113.5930867,33.573985790433966,3.141477346420288
1748708113.626536,33.58464119272317,-3.141512870788574
1748708113.6599407,33.595296598398484,3.1415388584136963
1748708113.6933465,33.60595679046215,3.1413414478302
1748708113.7306376,33.616616003345456,-3.1413822174072266
1748708113.7641227,33.63082765891622,3.141573190689087
1748708113.7975566,33.64148880246477,3.1412181854248047
1748708113.831,33.65250468713147,3.1415486335754395
1748708113.8646102,33.6628091382314,3.1415796279907227
1748708113.8983083,33.67346740491906,-3.141512393951416
1748708113.9317138,33.684124715960785,3.141449213027954
1748708113.9651234,33.69478203067553,3.1414692401885986
1748708113.9985313,33.70508361892341,-3.1414849758148193
1748708114.0319698,33.716450464744725,-3.1414670944213867
1748708114.066414,33.7271077779516,3.1412854194641113
1748708114.099815,33.73740936805987,3.141540288925171
1748708114.1332974,33.748066678135615,3.1415233612060547
1748708114.1667595,33.758369223826335,-3.1415231227874756
1748708114.2001662,33.769381303544634,3.1413967609405518
1748708114.2335706,33.780038612332866,-3.1415281295776367
1748708114.2669277,33.79069592479495,-3.1415557861328125
1748708114.3003626,33.80099751847066,3.1413443088531494
1748708114.3337665,33.81165483031244,3.1414690017700195
1748708114.3671653,33.823021674711086,-3.1414430141448975
1748708114.4006743,33.82977083155083,-3.141425609588623
1748708114.4340894,33.840428144872575,3.141281843185425
1748708114.4675066,33.85144022583052,3.141435384750366
1748708114.5009756,33.86209658120019,3.1414544582366943
1748708114.5345066,33.872752937908864,-3.1414952278137207
1748708114.5679088,33.886961733778655,3.141448736190796
1748708114.6013882,33.89797285759481,3.141472101211548
1748708114.6347945,33.90827445034249,3.1414921283721924
1748708114.668203,33.918574134775604,-3.141430616378784
1748708114.7023513,33.929230491964,3.14144229888916
1748708114.7357829,33.93988685505916,3.141350269317627
1748708114.7691936,33.95018748757752,3.14156174659729
1748708114.8028657,33.96084384579273,3.1414451599121094
1748708114.8363535,33.97220973554455,3.141524076461792
1748708114.8697546,33.97895793731817,3.1413767337799072
1748708114.9031534,33.993165775498724,3.1415133476257324
1748708114.9365575,34.00382118303221,3.1413369178771973
1748708114.9699392,34.014831349185165,3.1415181159973145
1748708115.0033686,34.02513103213127,3.1415231227874756
1748708115.0367744,34.03543166893746,3.141500473022461
1748708115.0701783,34.04644184130787,-3.1414129734039307
1748708115.103581,34.05709724290755,3.1415810585021973
1748708115.1372738,34.06775742796959,3.1412415504455566
1748708115.1706803,34.0748642023576,-3.141517162322998
1748708115.2040823,34.08552246810038,-3.1415419578552246
1748708115.2375548,34.09298306239921,-3.1415839195251465
1748708115.2709625,34.102929888681565,3.1415038108825684
1748708115.3043706,34.114297689789936,-3.141390085220337
1748708115.3377783,34.1245983241634,-3.1415412425994873
1748708115.3712962,34.138452351715635,3.141505241394043
1748708115.4046986,34.149463476101474,3.1414997577667236
1748708115.4381483,34.156567395792315,-3.1415340900421143
1748708115.4715493,34.16722279911482,3.1415669918060303
1748708115.504958,34.177878205075096,3.1414272785186768
1748708115.5384023,34.18853456150016,3.141458034515381
1748708115.5718133,34.19883424312265,-3.1415457725524902
1748708115.6052217,34.213752573365156,-3.1415412425994873
1748708115.6386673,34.22014601560442,3.1412246227264404
1748708115.672068,34.23470862291686,3.1415457725524902
1748708115.705502,34.2453640267535,3.1414992809295654
1748708115.7389002,34.25601942950546,3.141566038131714
1748708115.7723045,34.263122395958284,3.141521692276001
1748708115.8062208,34.27377780307925,3.1413652896881104
1748708115.839669,34.280881724953524,3.1414382457733154
1748708115.8732648,34.29153808595546,-3.141380786895752
1748708115.9067042,34.30219444486364,3.141469955444336
1748708115.9403415,34.312851769183936,3.141305685043335
1748708115.9737723,34.32350812087346,-3.141578197479248
1748708116.0071821,34.33452019844598,3.141533374786377
1748708116.0412898,34.344465114449044,3.141540765762329
1748708116.074713,34.35902772289174,3.141505002975464
1748708116.1082911,34.36613164280864,-3.1415538787841797
1748708116.1417632,34.377142777967876,-3.141453742980957
1748708116.1752408,34.387442461817244,3.14129376411438
1748708116.208778,34.40165030647517,3.1414878368377686
1748708116.242184,34.41585814508695,3.141554594039917
1748708116.2756412,34.42651354939975,-3.1414756774902344
1748708116.3090534,34.43716895443114,3.1414337158203125
1748708116.342458,34.447469593184465,3.141422986984253
1748708116.375924,34.45812594873232,-3.1415212154388428
1748708116.4093275,34.46913707964748,3.141251802444458
1748708116.4427297,34.47979248151448,3.1413543224334717
1748708116.4762192,34.48689639826375,3.141483783721924
1748708116.5100095,34.49755181966978,3.141183614730835
1748708116.543448,34.50820816599989,-3.1415863037109375
1748708116.577016,34.51850785021431,3.141361951828003
1748708116.6104631,34.52951897687187,3.141357660293579
1748708116.6443868,34.543370146263484,3.14127779006958
1748708116.67795,34.55082978068786,3.1415317058563232
1748708116.7113802,34.561485194089386,3.1411492824554443
1748708116.7448437,34.57569302679112,3.1415066719055176
1748708116.778422,34.58279695082803,3.1412861347198486
1748708116.811864,34.59345330597658,3.1414270401000977
1748708116.8459451,34.60410967106652,3.141206741333008
1748708116.8793848,34.614766018802584,3.141531467437744
1748708116.9143572,34.62542238007041,3.141347885131836
1748708116.9479403,34.63288106405351,3.1414806842803955
1748708116.9813843,34.6463793793553,3.141213893890381
1748708117.014883,34.65738954102173,3.141541004180908
1748708117.048294,34.66804590102868,3.1413936614990234
1748708117.0817506,34.67870130169127,3.141423463821411
1748708117.1152873,34.68935672181115,3.141235828399658
1748708117.148691,34.70001306761915,3.1415791511535645
1748708117.1821907,34.71031466817118,3.1412360668182373
1748708117.2155993,34.717418581437,-3.141557455062866
1748708117.2490146,34.72842970546211,-3.1415855884552
1748708117.2825832,34.744058521398394,3.141524314880371
1748708117.3159883,34.74974146701912,-3.1415212154388428
1748708117.3494503,34.76039687087193,3.141461133956909
1748708117.382885,34.771051320553845,3.1414904594421387
1748708117.4162881,34.78170577005467,3.141525983810425
1748708117.4496984,34.79236117346243,3.141507148742676
1748708117.483103,34.80301660736499,3.1411919593811035
1748708117.516518,34.81722348835148,-3.1415185928344727
1748708117.5501535,34.82468503643092,-3.1415674686431885
1748708117.5835426,34.83534712772502,3.141099452972412
1748708117.6169143,34.84565733038311,3.1414635181427
1748708117.650732,34.85987283311536,3.1408917903900146
1748708117.684175,34.870176309615815,3.141286849975586
1748708117.7176352,34.881546024263734,3.141125202178955
1748708117.7510417,34.89149379315063,3.1412882804870605
1748708117.7844455,34.90250969784328,3.141469955444336
1748708117.8179023,34.91218379372785,3.141008138656616
1748708117.8512986,34.918970190281286,3.1406357288360596
1748708117.8847568,34.9236832892011,3.140488862991333
1748708117.9181576,34.927737362909504,3.140671491622925
1748708117.9515607,34.93128199961426,3.139970302581787
1748708117.9849868,34.93374535860327,3.140249013900757
1748708118.0183718,34.937187930188315,3.1396241188049316
1748708118.0517807,34.94184720826845,3.1400911808013916
1748708118.085182,34.945209482335265,3.139228105545044
1748708118.118588,34.94815939822425,3.1394155025482178
1748708118.151991,34.95151176535671,3.1389994621276855
1748708118.185402,34.95464897245592,3.138542890548706
1748708118.2188494,34.95799776283934,3.1387956142425537
1748708118.2522573,34.96122666699782,3.137908697128296
1748708118.2857037,34.964355620535265,3.13842511177063
1748708118.319272,34.96869680609667,3.137683153152466
1748708118.35267,34.97194695491202,3.1380879878997803
1748708118.386056,34.975509455915756,3.138108730316162
1748708118.4194796,34.97733199304296,3.1380786895751953
1748708118.4536986,34.98064811571036,3.136962652206421
1748708118.4871585,34.98483510888378,3.136716842651367
1748708118.5205564,34.98805480220635,3.1368162631988525
1748708118.553958,34.99132412757726,3.136850595474243
1748708118.5873542,34.994872358510506,3.1361637115478516
1748708118.6207764,34.998460480680606,3.1358511447906494
1748708118.6541886,35.00222797651863,3.135474920272827
1748708118.6875992,35.00609054048107,3.134753704071045
1748708118.7210674,35.0097352511102,3.134816884994507
1748708118.7544794,35.01360954694522,3.133519172668457
1748708118.7880836,35.01734138251941,3.1340558528900146
1748708118.8215432,35.02089899543544,3.132711410522461
1748708118.854945,35.02486650523871,3.1327579021453857
1748708118.8883657,35.028243796973165,3.133450984954834
1748708118.9218113,35.03156394477913,3.132920503616333
1748708118.955217,35.0349430239773,3.1324009895324707
1748708118.988655,35.03813914239737,3.133746385574341
1748708119.0221066,35.04040904209686,3.1332008838653564
1748708119.0555515,35.04357123668243,3.1323728561401367
1748708119.0889845,35.04668992612153,3.132704734802246
1748708119.1223588,35.04980398114854,3.1337502002716064
1748708119.1557581,35.052894124919185,3.132827043533325
1748708119.1891718,35.05593857485096,3.1323342323303223
1748708119.2226033,35.058837545961104,3.13350248336792
1748708119.256085,35.06190435988443,3.133962869644165
1748708119.2894473,35.06385530187321,3.132822036743164
1748708119.322866,35.06666662394847,3.132986307144165
1748708119.356328,35.06958022052863,3.1338934898376465
1748708119.3897297,35.073390565825086,3.1334028244018555
1748708119.4232652,35.0762277276153,3.1341428756713867
1748708119.4567018,35.07877899569089,3.1332623958587646
1748708119.490181,35.08137294683109,3.133812427520752
1748708119.523542,35.084076445022994,3.1341516971588135
1748708119.5569303,35.08673931576126,3.134680986404419
1748708119.5903394,35.089202330210874,3.1342434883117676
1748708119.623745,35.09254955400705,3.134040594100952
1748708119.6571453,35.095118714227794,3.1346347332000732
1748708119.690548,35.09750680622143,3.1340723037719727
1748708119.723954,35.099896938580464,3.1350293159484863
1748708119.7573986,35.102425148056724,3.1344244480133057
1748708119.7908022,35.10483703688049,3.135155439376831
1748708119.824208,35.10643360227779,3.134878158569336
1748708119.8576128,35.10870171178296,3.1352856159210205
1748708119.891333,35.11103896491672,3.1360068321228027
1748708119.9247756,35.113237422961,3.135460138320923
1748708119.9581974,35.11537367735463,3.136636257171631
1748708119.9916286,35.11760103864607,3.1355679035186768
1748708120.0250356,35.119589334015544,3.13767147064209
1748708120.0586622,35.12169477080308,3.137104034423828
1748708120.092063,35.12375570622345,3.1379663944244385
1748708120.1254666,35.12509137443514,3.1381149291992188
1748708120.1589158,35.127115422351864,3.1378448009490967
1748708120.1923466,35.12896068679295,3.138265371322632
1748708120.2257516,35.13155802002553,3.1387603282928467
1748708120.259194,35.133441663794876,3.1379904747009277
1748708120.292594,35.13519217002037,3.139416217803955
1748708120.3259933,35.1369658610345,3.1386587619781494
1748708120.3594418,35.13871643220123,3.138723134994507
1748708120.3928685,35.139883751621056,3.1402931213378906
1748708120.4263449,35.141501891398335,3.140544891357422
1748708120.459868,35.14310563292013,3.139498233795166
1748708120.4932697,35.14490221972591,3.139737367630005
1748708120.526682,35.14633370209249,3.1404616832733154
1748708120.560092,35.14791585742795,3.1407415866851807
1748708120.5935423,35.149531195564904,3.1402525901794434
1748708120.627053,35.151060200712095,3.1400628089904785
1748708120.6605124,35.15261276808096,3.140409231185913
1748708120.6939266,35.15355883181868,3.140251874923706
1748708120.7272825,35.155029751460745,3.140148401260376
1748708120.7606792,35.15647758230717,3.140789270401001
1748708120.7940476,35.15796571810793,3.140805244445801
1748708120.8274896,35.15933915289746,3.1406710147857666
1748708120.8608909,35.16069752485489,-3.1414120197296143
1748708120.894293,35.16205733601551,3.141073703765869
1748708120.9276998,35.16338966713283,-3.141026020050049
1748708120.9611104,35.16471728631279,-3.140690326690674
1748708120.9945967,35.16555184468925,-3.1405081748962402
1748708121.028309,35.16689123647457,-3.14088773727417
1748708121.0617805,35.16864610803264,-3.140146493911743
1748708121.0953183,35.16947309979986,-3.1406326293945312
1748708121.12873,35.17082080331584,-3.1398956775665283
1748708121.1624153,35.17211446719492,-3.140378475189209
1748708121.1959195,35.17342981404024,-3.139690637588501
1748708121.2294047,35.174614728441114,-3.1400434970855713
1748708121.2628155,35.17579609265523,-3.1401915550231934
1748708121.296256,35.17694929787059,-3.1400842666625977
1748708121.3296602,35.1781157201486,-3.139873743057251
1748708121.3630178,35.17921818560476,-3.1398634910583496
1748708121.3964217,35.1806957312288,-3.1402366161346436
1748708121.4298193,35.181334742267566,-3.139852523803711
1748708121.4632819,35.1824210878152,-3.139925956726074
1748708121.496828,35.18345502253482,-3.139988660812378
1748708121.5302265,35.18450924984755,-3.1402394771575928
1748708121.5636542,35.185473710851966,-3.1398582458496094
1748708121.5970688,35.186474773971185,-3.139397382736206
1748708121.6304708,35.18744853370469,-3.1397228240966797
1748708121.6638486,35.1883975752538,-3.1394331455230713
1748708121.697252,35.18934494671546,-3.139798879623413
1748708121.7306595,35.19057700499364,-3.1393063068389893
1748708121.764058,35.191335363531806,-3.139357089996338
1748708121.797487,35.192148766849016,-3.1396729946136475
1748708121.8308759,35.193014043489526,-3.1392664909362793
1748708121.864308,35.193910679368514,-3.139709711074829
1748708121.8977065,35.19479118736846,-3.1391005516052246
1748708121.9311082,35.19572332662694,-3.1397006511688232
1748708121.9645286,35.19659652623495,-3.138932466506958
1748708121.9979315,35.19754999591982,-3.1394612789154053
1748708122.0313365,35.19836723388967,-3.1387665271759033
1748708122.0648708,35.199237487330564,-3.138923406600952
1748708122.098231,35.20013970812742,-3.1387898921966553
1748708122.1316426,35.200560284275554,-3.138782262802124
1748708122.165071,35.200730048407564,-3.1387741565704346
1748708122.1985047,35.20084641457622,-3.1387858390808105
1748708122.2319021,35.20092082965222,-3.138779401779175
1748708122.2653058,35.20094848866678,-3.1387763023376465
1748708122.2988572,35.200965679374,-3.1387898921966553
1748708122.332295,35.200975645183185,-3.1387884616851807
1748708122.3657205,35.200983128744845,-3.1387851238250732
1748708122.4023259,35.20098613775706,-3.1387858390808105
1748708122.4357674,35.200989044786425,-3.1387882232666016
1748708122.4691696,35.2009911295717,-3.1387879848480225
1748708122.5027044,35.20099208508503,-3.1387884616851807
1748708122.5361538,35.20099416800005,-3.138789176940918
1748708122.5695715,35.20099515308536,-3.138789415359497
1748708122.6029735,35.2009972041166,-3.1387898921966553
1748708122.6363776,35.20099871619953,-3.1387906074523926
1748708122.6697807,35.200999305602544,-3.138791084289551
1748708122.7032402,35.20100026111607,-3.138791561126709
1748708122.7374194,35.20100121520714,-3.1387922763824463
1748708122.770969,35.20100309558634,-3.1387927532196045
1748708122.8044498,35.2010045599738,-3.1387929916381836
1748708122.8378885,35.201006194317216,-3.138793468475342
1748708122.8713436,35.20100668871811,-3.1387939453125
1748708122.9047763,35.201008701813244,-3.1387946605682373
1748708122.9382226,35.20100962633268,-3.1387948989868164
1748708122.9716232,35.201010549429434,-3.1387956142425537
1748708123.0050173,35.20101137971626,-3.138796091079712
1748708123.0384092,35.20101185655329,-3.13879656791687
1748708123.0718548,35.20101387628837,-3.138796806335449
1748708123.1053278,35.20101474124289,-3.1387975215911865
1748708123.138767,35.201015604119384,-3.1387979984283447
1748708123.1721706,35.2010171783574,-3.138798475265503
1748708123.2055838,35.20101813203171,-3.138798475265503
1748708123.2389946,35.201018993139776,-3.138798952102661
1748708123.272531,35.20101928585036,-3.1387994289398193
1748708123.3059404,35.20102141631207,-3.1388003826141357
1748708123.339342,35.201023543502764,-3.138800859451294
1748708123.3727639,35.20102450005856,-3.138801336288452
1748708123.4061928,35.20102554944486,-3.1388015747070312
1748708123.439649,35.20102660211079,-3.1388020515441895
1748708123.4731166,35.201029162691036,-3.1388025283813477
1748708123.506519,35.20103065578107,-3.138803243637085
1748708123.539921,35.20103097764627,-3.138803482055664
1748708123.5733564,35.201032505709875,-3.1388041973114014
1748708123.6067793,35.20103404878722,-3.1388046741485596
1748708123.6410253,35.20103559186457,-3.1388049125671387
1748708123.674715,35.2010375982048,-3.138805627822876
1748708123.7081022,35.20103860073854,-3.138806104660034
1748708123.7422397,35.20103908030478,-3.138806104660034
1748708123.7757013,35.20104095849914,-3.1388068199157715
1748708123.8091755,35.201042362280575,-3.1388072967529297
1748708123.8426201,35.20104390535792,-3.138807535171509
1748708123.8760767,35.201046004283256,-3.138808012008667
1748708123.9094863,35.20104650070327,-3.1388087272644043
1748708123.942883,35.20104751678346,-3.1388089656829834
1748708123.976325,35.201047933472225,-3.1388094425201416
1748708124.0097647,35.201048794753035,-3.138810157775879
1748708124.0431669,35.201050644137865,-3.138810634613037
1748708124.07659,35.20105126251686,-3.1388111114501953
1748708124.1099946,35.201052156042806,-3.1388115882873535
1748708124.1434236,35.201053018574335,-3.1388118267059326
1748708124.1773286,35.201053912100306,-3.138812303543091
1748708124.2107406,35.20105477338104,-3.138812780380249
1748708124.2442722,35.20105730154453,-3.1388132572174072
1748708124.2776952,35.20105816265302,-3.1388137340545654
1748708124.311097,35.20105972315065,-3.1388142108917236
1748708124.3445299,35.20106073881358,-3.138814687728882
1748708124.3779356,35.20106231116702,-3.13881516456604
1748708124.4113605,35.20106490102429,-3.1388156414031982
1748708124.444772,35.201065395426376,-3.1388156414031982
1748708124.478256,35.20106587499289,-3.1388161182403564
1748708124.5117257,35.20106679951367,-3.1388165950775146
1748708124.5451405,35.201067755028774,-3.138817310333252
1748708124.5785093,35.20106877110922,-3.1388180255889893
1748708124.6119766,35.20107032874512,-3.1388180255889893
1748708124.6453872,35.20107083930601,-3.1388182640075684
1748708124.6788387,35.201071794821225,-3.1388189792633057
1748708124.7122483,35.20107390600042,-3.1388192176818848
1748708124.7463932,35.20107438283737,-3.138819932937622
1748708124.7800088,35.20107639221478,-3.1388206481933594
1748708124.8140097,35.201076549915996,-3.1388211250305176
1748708124.847423,35.2010784591057,-3.138821601867676
1748708124.880832,35.20108004747004,-3.138822078704834
1748708124.9142845,35.2010808771667,-3.138822555541992
1748708124.947695,35.20108240354219,-3.1388230323791504
1748708124.9811034,35.201082852114475,-3.1388237476348877
1748708125.0145028,35.201084351610255,-3.138823986053467
1748708125.0479202,35.20108527429016,-3.138824224472046
1748708125.0813887,35.20108610617055,-3.138824701309204
1748708125.155523,35.20108785913638,-3.1388261318206787
1748708125.1889296,35.20263513469643,-3.138550043106079
1748708125.2223864,35.20847339527734,-3.13893723487854
1748708125.2557917,35.217038440632045,-3.138788938522339
1748708125.2893293,35.223626766887456,-3.1386752128601074
1748708125.322942,35.232954724417255,-3.1389222145080566
1748708125.3567731,35.24365915493315,-3.1384029388427734
1748708125.39018,35.253792603682406,-3.1385152339935303
1748708125.424407,35.267933172242294,-3.138744831085205
1748708125.4583669,35.278572443099385,-3.138624429702759
1748708125.4917731,35.28638783040159,-3.1387455463409424
1748708125.5257196,35.29953230616241,-3.1388347148895264
1748708125.559592,35.31056155103698,-3.1389431953430176
1748708125.5933058,35.321229292512164,-3.1391713619232178
1748708125.6332946,35.33544276439999,-3.139660120010376
1748708125.66673,35.34610604600568,-3.1390771865844727
1748708125.7010686,35.36031112873741,-3.1406056880950928
1748708125.7344718,35.37089349762374,-3.1413073539733887
1748708125.7678769,35.382579278271116,-3.1412487030029297
1748708125.8012877,35.395658439916716,3.1407580375671387
1748708125.8346913,35.406261301003745,-3.140718460083008
1748708125.8681517,35.416955245381644,-3.1404385566711426
1748708125.9016101,35.431146616700694,3.1412909030914307
1748708125.9351072,35.44217505281654,3.1399405002593994
1748708125.9809372,35.455692793415345,3.1410903930664062
1748708126.016173,35.46673634901714,3.141472339630127
1748708126.04964,35.47741381232475,3.139997720718384
1748708126.0830483,35.48840116246145,3.141235589981079
1748708126.1164575,35.50225070028768,-3.1410744190216064
1748708126.1498604,35.51325648714088,-3.1415061950683594
1748708126.1842992,35.52391665540878,3.1412627696990967
