timestamp,encoder_distance,yaw_true
1748791669.5756316,-12.961290805945586,1.586447834968567
1748791669.6809638,-12.9612871941169,1.5864454507827759
1748791669.735314,-12.961235367638935,1.5870158672332764
1748791669.7808993,-12.958716530337094,1.58634614944458
1748791669.8150811,-12.95484226978041,1.5849595069885254
1748791669.848482,-12.946995395537888,1.5841405391693115
1748791669.8819115,-12.940942801574282,1.5821746587753296
1748791669.9153247,-12.931188414840097,1.5802627801895142
1748791669.9487278,-12.920988752854871,1.5782580375671387
1748791669.9835608,-12.910552842414655,1.5766103267669678
1748791670.016191,-12.89999670017637,1.575128197669983
1748791670.0496018,-12.889038670973392,1.57353675365448
1748791670.0837765,-12.878759020067893,1.5718618631362915
1748791670.1171927,-12.864539776599107,1.5710461139678955
1748791670.1505995,-12.854234256987542,1.5696202516555786
1748791670.184016,-12.846787991406366,1.5684839487075806
1748791670.2174137,-12.836488627412376,1.5674355030059814
1748791670.2508316,-12.829030104544048,1.5674136877059937
1748791670.2843013,-12.818379960970034,1.5656332969665527
1748791670.3177195,-12.806999726616091,1.5650427341461182
1748791670.3511205,-12.797032441224143,1.5640090703964233
1748791670.3845272,-12.786360772085793,1.562937617301941
1748791670.4185112,-12.776013754351979,1.563057541847229
1748791670.4519322,-12.764964166373243,1.5618785619735718
1748791670.4854023,-12.754282644334237,1.561256766319275
1748791670.5188308,-12.74325891324605,1.5603077411651611
1748791670.5522242,-12.732948100368466,1.5595453977584839
1748791670.5857089,-12.72228163091574,1.5587410926818848
1748791670.6191492,-12.711256616231177,1.558440089225769
1748791670.6526477,-12.700943343095373,1.5577847957611084
1748791670.6860569,-12.690274231454927,1.5571333169937134
1748791670.719511,-12.679600988212062,1.5568820238113403
1748791670.7529695,-12.668925889036469,1.556103229522705
1748791670.7864125,-12.658256807531352,1.5558117628097534
1748791670.8200524,-12.64759331140123,1.5550525188446045
1748791670.853475,-12.636925466719104,1.5548100471496582
1748791670.88689,-12.62269639763446,1.554724097251892
1748791670.9203033,-12.611671343926428,1.554530143737793
1748791670.9537773,-12.601368219996722,1.553788423538208
1748791670.9871945,-12.590341340221364,1.5535486936569214
1748791671.0205922,-12.580381583110684,1.5536088943481445
1748791671.054064,-12.565804727783052,1.553532600402832
1748791671.0875103,-12.55549177897994,1.5535337924957275
1748791671.1209219,-12.544469559080465,1.5534188747406006
1748791671.154331,-12.53379068524194,1.553916096687317
1748791671.187797,-12.523093776855132,1.5531210899353027
1748791671.2212114,-12.512392353114484,1.5535739660263062
1748791671.254617,-12.50526609248317,1.553120493888855
1748791671.288102,-12.494586450678135,1.5530166625976562
1748791671.321513,-12.48391679027532,1.553808569908142
1748791671.3549137,-12.47289167621531,1.5540181398391724
1748791671.3883154,-12.462940951370351,1.5541961193084717
1748791671.4218483,-12.455830306395125,1.5545015335083008
1748791671.4552042,-12.444795825347356,1.5540244579315186
1748791671.4886134,-12.434114054338536,1.5546551942825317
1748791671.5219843,-12.423081104861708,1.5546026229858398
1748791671.55548,-12.41276569118442,1.5547833442687988
1748791671.5893533,-12.4056527045566,1.5550193786621094
1748791671.6227098,-12.394986443448394,1.555804967880249
1748791671.6561394,-12.384681211605995,1.5563236474990845
1748791671.689524,-12.377221046360182,1.5558744668960571
1748791671.7229402,-12.36655809232111,1.5562613010406494
1748791671.7564118,-12.355865214609874,1.556786298751831
1748791671.7899597,-12.349241367517976,1.5570460557937622
1748791671.8234117,-12.343873944855273,1.5564525127410889
1748791671.8568373,-12.339649012775224,1.5567923784255981
1748791671.8902423,-12.335728764243513,1.5569044351577759
1748791671.9236257,-12.332232765865912,1.5561000108718872
1748791671.9570324,-12.32885481459217,1.556714653968811
1748791671.990477,-12.325632971105788,1.5561387538909912
1748791672.02389,-12.322306181515573,1.5569065809249878
1748791672.057298,-12.318645200719399,1.5558741092681885
1748791672.0906744,-12.315572627812198,1.5560671091079712
1748791672.1240776,-12.312315842754678,1.5558176040649414
1748791672.1574829,-12.309069342113952,1.5561305284500122
1748791672.190936,-12.305947137841228,1.5558693408966064
1748791672.224309,-12.30262100560955,1.5548882484436035
1748791672.2577288,-12.29821204195873,1.554918885231018
1748791672.2911339,-12.29627593696338,1.5540626049041748
1748791672.324549,-12.292904703528233,1.5546435117721558
1748791672.357995,-12.289642413249997,1.5544917583465576
1748791672.3913665,-12.28649925826852,1.5534920692443848
1748791672.4250968,-12.283132434757167,1.5538668632507324
1748791672.458541,-12.27993238420457,1.5536633729934692
1748791672.4920158,-12.276874383401836,1.552181601524353
1748791672.5254173,-12.273460819505065,1.551891565322876
1748791672.5588923,-12.269775500615118,1.5517213344573975
1748791672.5923164,-12.26706467525363,1.5513395071029663
1748791672.6257348,-12.26339171922067,1.5502766370773315
1748791672.6591578,-12.259292685775339,1.5497612953186035
1748791672.692561,-12.255357557795666,1.550464153289795
1748791672.7260494,-12.251659582128058,1.5487040281295776
1748791672.759668,-12.247769707685606,1.5465785264968872
1748791672.7931256,-12.243937912330557,1.5462855100631714
1748791672.8266027,-12.241425677879413,1.5458122491836548
1748791672.8600116,-12.237726966551955,1.5443580150604248
1748791672.8942127,-12.233937722081823,1.5438729524612427
1748791672.9276204,-12.230559866625619,1.5438228845596313
1748791672.9610589,-12.228068724343883,1.5432754755020142
1748791672.994595,-12.224588252649374,1.541614294052124
1748791673.0280037,-12.220845261374679,1.542022943496704
1748791673.0615294,-12.217695900511147,1.5405994653701782
1748791673.0949378,-12.214366691621274,1.5396233797073364
1748791673.1283984,-12.211142473455867,1.5387297868728638
1748791673.161844,-12.20784144957767,1.5373159646987915
1748791673.195244,-12.204448066687691,1.53777015209198
1748791673.228672,-12.201248728138436,1.537148356437683
1748791673.2621284,-12.1981093185727,1.5363690853118896
1748791673.2967112,-12.195010196501974,1.5368226766586304
1748791673.3314514,-12.19300438736924,1.5355693101882935
1748791673.365467,-12.189020610569369,1.5343459844589233
1748791673.3989623,-12.186046353228532,1.534207820892334
1748791673.4323704,-12.183145067903432,1.533449411392212
1748791673.466082,-12.181334148816513,1.5329418182373047
1748791673.4996412,-12.17759886137557,1.5318726301193237
1748791673.533116,-12.174817303454601,1.533853530883789
1748791673.5666857,-12.17220407531926,1.5326907634735107
1748791673.600087,-12.169576025436244,1.532328486442566
1748791673.6335151,-12.16775136930161,1.530820369720459
1748791673.6669202,-12.164910089635365,1.5321969985961914
1748791673.7005463,-12.162223236217946,1.5303648710250854
1748791673.7341583,-12.158641871227632,1.5304831266403198
1748791673.767596,-12.15689707116004,1.5294064283370972
1748791673.8010175,-12.154269201429024,1.530035138130188
1748791673.8344514,-12.151712176918494,1.5290082693099976
1748791673.8679268,-12.149232047704317,1.5292295217514038
1748791673.901336,-12.146871495775562,1.5287449359893799
1748791673.934926,-12.144622301528832,1.5273932218551636
1748791673.9686272,-12.142406666427917,1.528841257095337
1748791674.00204,-12.140193001504413,1.527604103088379
1748791674.0354574,-12.137298007157334,1.5275040864944458
1748791674.0690274,-12.135158708832186,1.5291894674301147
1748791674.1024044,-12.133126222142803,1.5292881727218628
1748791674.1358268,-12.131139605055646,1.5268768072128296
1748791674.169235,-12.129337812461975,1.5288370847702026
1748791674.2028506,-12.127591329859008,1.529552936553955
1748791674.236254,-12.125785694414128,1.5274709463119507
1748791674.2696557,-12.123875765501907,1.5281267166137695
1748791674.3030608,-12.122591630141361,1.5272148847579956
1748791674.336524,-12.120758130021251,1.5269757509231567
1748791674.3700616,-12.118836940563611,1.5272607803344727
1748791674.4034593,-12.117071474724138,1.5270127058029175
1748791674.4370291,-12.11522569323281,1.5262616872787476
1748791674.4704432,-12.11404646866158,1.527341365814209
1748791674.5038626,-12.111626418019958,1.5260616540908813
1748791674.537277,-12.109891340719198,1.5264496803283691
1748791674.5707076,-12.108174975310948,1.5253652334213257
1748791674.6041272,-12.106526080184024,1.5250962972640991
1748791674.6375525,-12.104802599107817,1.5251595973968506
1748791674.6709654,-12.103205848761524,1.5245009660720825
1748791674.7043808,-12.101549611360637,1.525009036064148
1748791674.7378447,-12.099824704842346,1.5243066549301147
1748791674.771288,-12.098203212922984,1.5242270231246948
1748791674.8046603,-12.096780221911835,1.5245829820632935
1748791674.838065,-12.095237321070773,1.5246741771697998
1748791674.8716698,-12.093771811280474,1.5239886045455933
1748791674.9059508,-12.092432939204267,1.52499258518219
1748791674.9394033,-12.091012485677725,1.5251888036727905
1748791674.972812,-12.090036448777797,1.5251158475875854
1748791675.006355,-12.088184690979492,1.525579810142517
1748791675.0397503,-12.08676193839572,1.52532958984375
1748791675.073235,-12.085461197566916,1.525236964225769
1748791675.1066477,-12.084190477302668,1.525785207748413
1748791675.1401494,-12.082783555993041,1.5252103805541992
1748791675.173558,-12.081494671064851,1.5260196924209595
1748791675.2070472,-12.08016815319502,1.5254411697387695
1748791675.2405214,-12.078420602447206,1.5262243747711182
1748791675.273904,-12.077549681548952,1.525837779045105
1748791675.3073277,-12.07623798904437,1.526564359664917
1748791675.3406835,-12.075040470444279,1.526197910308838
1748791675.3741055,-12.073923005095146,1.5260471105575562
1748791675.4075472,-12.072806360231763,1.5269691944122314
1748791675.4409964,-12.071712075123923,1.5270296335220337
1748791675.4744096,-12.070575323004332,1.5267740488052368
1748791675.507812,-12.069513720130217,1.5272035598754883
1748791675.5413535,-12.068389287869406,1.5274280309677124
1748791675.574787,-12.067345390465656,1.5271586179733276
1748791675.6084168,-12.06629728256564,1.527419090270996
1748791675.6419828,-12.064893011781843,1.5275248289108276
1748791675.6753829,-12.06392497638887,1.5275547504425049
1748791675.708792,-12.062946285069906,1.5276533365249634
1748791675.7422142,-12.061974724466348,1.5277000665664673
1748791675.7756114,-12.061064467354903,1.527606725692749
1748791675.8090749,-12.060094121783507,1.5282881259918213
1748791675.8424811,-12.05912199717369,1.5277107954025269
1748791675.875891,-12.05826106133885,1.5285084247589111
1748791675.909301,-12.05728425399037,1.5278888940811157
1748791675.9427505,-12.05603671393522,1.528580665588379
1748791675.9761553,-12.05513665201054,1.5284801721572876
1748791676.0097837,-12.054272869406331,1.5286508798599243
1748791676.0432928,-12.053704720845033,1.5287870168685913
1748791676.076699,-12.052883099912211,1.528845191001892
1748791676.110097,-12.052068511411107,1.5289667844772339
1748791676.1437607,-12.051269718571808,1.5290383100509644
1748791676.1771605,-12.050487718452969,1.5291152000427246
1748791676.2105668,-12.049788722361821,1.529158353805542
1748791676.354879,-12.049024065098433,1.5293946266174316
1748791676.393319,-12.048905284673035,1.529805302619934
1748791676.4268217,-12.045664895952832,1.5297585725784302
1748791676.4603088,-12.038524940653765,1.5295048952102661
1748791676.4938343,-12.030037275039254,1.5293043851852417
1748791676.5284362,-12.017003235365156,1.5294619798660278
1748791676.5664284,-12.00639099456441,1.5298632383346558
1748791676.600321,-11.992411543219275,1.5297459363937378
1748791676.6337337,-11.982182526171124,1.529820442199707
1748791676.6675847,-11.9712084817581,1.5297621488571167
1748791676.7012897,-11.95702063580523,1.5298917293548584
1748791676.7369606,-11.946725948693878,1.5300935506820679
1748791676.770347,-11.936072587293667,1.5300198793411255
1748791676.8040967,-11.92151132389073,1.5301626920700073
1748791676.8378727,-11.911211538282652,1.5302433967590332
1748791676.871326,-11.900556899149842,1.5302612781524658
1748791676.904797,-11.889903104340247,1.5303261280059814
1748791676.9384704,-11.878894150512028,1.5304070711135864
1748791676.9719255,-11.868595221923776,1.5304933786392212
1748791677.0053287,-11.857586295342179,1.5305523872375488
1748791677.0387354,-11.843381006356129,1.5306469202041626
1748791677.0735414,-11.833082093535253,1.5307451486587524
1748791677.107742,-11.822073031573733,1.5308091640472412
1748791677.1414783,-11.80822245924974,1.5309690237045288
1748791677.1748846,-11.797212624059016,1.5309245586395264
1748791677.2082922,-11.783006578630529,1.5309325456619263
1748791677.2428453,-11.772706854545131,1.5308736562728882
1748791677.2763426,-11.76205172247026,1.5309076309204102
1748791677.309858,-11.747845476538048,1.5309395790100098
1748791677.3459013,-11.736836040175834,1.531038761138916
1748791677.3794076,-11.725822994068219,1.5310004949569702
1748791677.4839706,-11.703077350525366,1.5324809551239014
1748791677.5177748,-11.700970646537085,1.5325053930282593
1748791677.5517933,-11.699845133540592,1.5326656103134155
1748791677.585361,-11.699310079633834,1.5326745510101318
1748791677.618769,-11.698218936397389,1.532793402671814
1748791677.6522346,-11.692875343881948,1.5331238508224487
1748791677.685686,-11.684883488155018,1.5340770483016968
1748791677.7190893,-11.67556348063634,1.5342687368392944
1748791677.7524893,-11.665576993070403,1.534660816192627
1748791677.785966,-11.65491304983707,1.5357600450515747
1748791677.8193367,-11.64442013805023,1.5366106033325195
1748791677.8528264,-11.63773273113281,1.5374455451965332
1748791677.8862257,-11.627130060727877,1.5380803346633911
1748791677.9205387,-11.616501528109545,1.539005160331726
1748791677.9539523,-11.60550545015979,1.5397634506225586
1748791677.987358,-11.595212795488193,1.5406007766723633
1748791678.0207639,-11.581012603134047,1.5413936376571655
1748791678.0541732,-11.57036014993625,1.5425658226013184
1748791678.0877488,-11.55970267184446,1.5431842803955078
1748791678.121259,-11.54904594096269,1.545082449913025
1748791678.1546652,-11.538376394722548,1.5457628965377808
1748791678.1880746,-11.527363080528511,1.547029972076416
1748791678.221487,-11.516702439921195,1.5481568574905396
1748791678.2548904,-11.50674691969158,1.5489026308059692
1748791678.2883272,-11.495734561686975,1.5501452684402466
1748791678.3217316,-11.484719996347446,1.550954818725586
1748791678.3551326,-11.474418758388648,1.552017331123352
1748791678.3890266,-11.460565626605684,1.5528990030288696
1748791678.4230902,-11.449554990027382,1.554262638092041
1748791678.456495,-11.438887908343009,1.5550199747085571
1748791678.4899065,-11.427852727887602,1.5546045303344727
1748791678.523404,-11.417543192372323,1.5559213161468506
1748791678.5568128,-11.40723196582044,1.5562831163406372
1748791678.5902393,-11.391955938399406,1.557530403137207
1748791678.6237469,-11.382006821272967,1.5580590963363647
1748791678.6571486,-11.371349623760295,1.559139370918274
1748791678.690556,-11.36104255757413,1.5601032972335815
1748791678.7239711,-11.350034455033308,1.5618984699249268
1748791678.757371,-11.339368442251878,1.563066005706787
1748791678.7912314,-11.328702221669664,1.5656461715698242
1748791678.824624,-11.31764094204621,1.5665247440338135
1748791678.8580534,-11.30731687427539,1.5681266784667969
1748791678.8925295,-11.296655540670944,1.5698162317276
1748791678.9259574,-11.286348586832155,1.5713995695114136
1748791678.9594092,-11.275339042293306,1.5733070373535156
1748791678.9928186,-11.265055542124639,1.576134443283081
1748791679.026225,-11.254375483270813,1.5778332948684692
1748791679.0596275,-11.243350973200954,1.5810543298721313
1748791679.0930133,-11.232633486730952,1.5825167894363403
1748791679.1264591,-11.218347015648655,1.5853222608566284
1748791679.1600077,-11.207646520484085,1.5848132371902466
1748791679.1935494,-11.20055297235023,1.587430477142334
1748791679.2269602,-11.189510266408856,1.5883641242980957
1748791679.2604365,-11.179243059965314,1.592081069946289
1748791679.2938378,-11.168575554164189,1.5928746461868286
1748791679.3272688,-11.15799815956443,1.5960402488708496
1748791679.3606672,-11.147304351816604,1.596649408340454
1748791679.394065,-11.13665192402254,1.6012622117996216
1748791679.427474,-11.125927640467147,1.603416085243225
1748791679.4608738,-11.115348003303044,1.6080752611160278
1748791679.4942827,-11.104687705859346,1.609124779701233
1748791679.5277247,-11.094398152383176,1.611173391342163
1748791679.561122,-11.083414439083604,1.6135492324829102
1748791679.5948203,-11.07313551030992,1.6164923906326294
1748791679.62822,-11.062485625416004,1.6186327934265137
1748791679.6616328,-11.047906754880332,1.6192463636398315
1748791679.6966147,-11.03725540280169,1.6215773820877075
1748791679.7300255,-11.026597736785721,1.6229956150054932
1748791679.7634363,-11.015934114651156,1.6238081455230713
1748791679.7971582,-11.00526934051137,1.6228370666503906
1748791679.8307085,-10.998188799783897,1.624363899230957
1748791679.8641613,-10.987597896603457,1.6253150701522827
1748791679.8975644,-10.976360776780322,1.6231063604354858
1748791679.930986,-10.962995600478887,1.62253999710083
1748791679.96439,-10.95241967853805,1.6231071949005127
1748791679.9978049,-10.941839055714864,1.6220574378967285
1748791680.0312066,-10.930956243359413,1.6186963319778442
1748791680.0646071,-10.920651364772803,1.618774175643921
1748791680.0980206,-10.909616046135753,1.6174652576446533
1748791680.131424,-10.89572501768416,1.618114709854126
1748791680.1648226,-10.88543613573254,1.616374135017395
1748791680.19823,-10.871106944336887,1.612502932548523
1748791680.231637,-10.860527662976251,1.6114845275878906
1748791680.265171,-10.849990957388574,1.6087555885314941
1748791680.2987084,-10.839371733362192,1.6097383499145508
1748791680.3321233,-10.827946249322354,1.6057181358337402
1748791680.3655274,-10.818155990000385,1.6017613410949707
1748791680.4004965,-10.80802998759775,1.5977635383605957
1748791680.4339125,-10.801283311863276,1.5947740077972412
1748791680.4673152,-10.790371859196819,1.5890607833862305
1748791680.5008764,-10.779726763736305,1.5854465961456299
1748791680.5342455,-10.769398568601536,1.5814528465270996
1748791680.5676599,-10.758327982567007,1.5783036947250366
1748791680.6011088,-10.747589511968258,1.5767823457717896
1748791680.634513,-10.736504619219732,1.5752906799316406
1748791680.6678975,-10.72615239228402,1.5746909379959106
1748791680.7013016,-10.71154545522981,1.5731626749038696
1748791680.7347152,-10.701195759546229,1.5741965770721436
1748791680.768122,-10.690125089527289,1.5738294124603271
1748791680.801519,-10.679808709813717,1.5731134414672852
1748791680.8349793,-10.67269055687799,1.5745222568511963
1748791680.8684156,-10.658422916340303,1.5735293626785278
1748791680.9018912,-10.650945979826822,1.5739980936050415
1748791680.9352977,-10.640271433722631,1.5738441944122314
1748791680.9686506,-10.626049567548742,1.5740896463394165
1748791681.002052,-10.616095593593059,1.574057698249817
1748791681.035481,-10.605072874828961,1.5742862224578857
1748791681.0690691,-10.593698117588684,1.5746657848358154
1748791681.1025553,-10.583739215454887,1.5747970342636108
1748791681.1359634,-10.573070708009215,1.575082778930664
1748791681.1693673,-10.562398125664364,1.5756794214248657
1748791681.2028437,-10.551727074155668,1.576001524925232
1748791681.2362418,-10.541060156654734,1.5764923095703125
1748791681.2696643,-10.534296464964262,1.5766319036483765
1748791681.303042,-10.523283603436763,1.5774309635162354
1748791681.3365266,-10.51260859465788,1.577576994895935
1748791681.3699937,-10.502296378239944,1.5778836011886597
1748791681.403541,-10.494827008122748,1.5782958269119263
1748791681.4370708,-10.48061826332604,1.5782631635665894
1748791681.4718556,-10.46995328875717,1.5784789323806763
1748791681.5052557,-10.459293660594902,1.578598976135254
1748791681.5386677,-10.448269146208654,1.578743577003479
1748791681.5720756,-10.43440073794749,1.5791571140289307
1748791681.6054897,-10.427286362662022,1.5792802572250366
1748791681.6388898,-10.413074906402073,1.5790648460388184
1748791681.6722894,-10.402409279813265,1.5793492794036865
1748791681.7057047,-10.391744377994996,1.5794209241867065
1748791681.7391505,-10.381081294198582,1.579548954963684
1748791681.7725482,-10.37041697012399,1.5798777341842651
1748791681.8059773,-10.359747199441454,1.579941749572754
1748791681.8395312,-10.35299797348356,1.580330729484558
1748791681.872962,-10.338076345330139,1.580259084701538
1748791681.906369,-10.331326623029705,1.5801093578338623
1748791681.9397886,-10.321021297425938,1.5801002979278564
1748791681.9732053,-10.309999288368507,1.5803923606872559
1748791682.0066519,-10.299336996549751,1.5800516605377197
1748791682.0400543,-10.289033343889216,1.5799527168273926
1748791682.0734892,-10.278024890703096,1.5801411867141724
1748791682.1069198,-10.267356030815444,1.580176830291748
1748791682.1404266,-10.256337925028634,1.5800846815109253
1748791682.1738434,-10.246377774040791,1.580492615699768
1748791682.2080255,-10.235337045625291,1.5799579620361328
1748791682.2414246,-10.221455724785079,1.5804226398468018
1748791682.274951,-10.210077510853413,1.58029043674469
1748791682.308352,-10.199768342198086,1.5802600383758545
1748791682.3417692,-10.18910622128076,1.5803029537200928
1748791682.3751736,-10.178800250336252,1.580371618270874
1748791682.40858,-10.16813916282753,1.5802887678146362
1748791682.441993,-10.156768109917563,1.5802390575408936
1748791682.4754567,-10.14681890635985,1.580273985862732
1748791682.5088558,-10.135803407123321,1.5803085565567017
1748791682.5422986,-10.121590751403462,1.5802186727523804
1748791682.5765722,-10.114839945369285,1.580164909362793
1748791682.6101713,-10.103825363512497,1.5802727937698364
1748791682.6443326,-10.089614451641943,1.5799487829208374
1748791682.6777537,-10.078956185255308,1.5799561738967896
1748791682.711155,-10.068653801681243,1.5798600912094116
1748791682.7445512,-10.057641515749228,1.5796889066696167
1748791682.7779558,-10.046629484566822,1.579693078994751
1748791682.8114653,-10.03668348026752,1.5794597864151
1748791682.8452256,-10.022121332112846,1.579486608505249
1748791682.87863,-10.011466234909427,1.5793111324310303
1748791682.9120274,-10.000811768028235,1.5790250301361084
1748791682.9454415,-9.99015655069216,1.5789711475372314
1748791682.9788568,-9.983053440914565,1.5788146257400513
1748791683.0123162,-9.972398980594578,1.578568458557129
1748791683.0465195,-9.961744370394952,1.578425407409668
1748791683.079951,-9.954641349886954,1.5782561302185059
1748791683.1133556,-9.940434937010274,1.5779986381530762
1748791683.146777,-9.929780343635564,1.5778894424438477
1748791683.1801884,-9.919125135633177,1.5777784585952759
1748791683.2136238,-9.90811502992674,1.5775221586227417
1748791683.2470305,-9.897460464890845,1.5774227380752563
1748791683.280444,-9.883609149140952,1.5772857666015625
1748791683.3138542,-9.872954246291034,1.5770323276519775
1748791683.347274,-9.862654961280333,1.576892375946045
1748791683.380693,-9.852000398128492,1.5768078565597534
1748791683.4141073,-9.840990776571044,1.5764539241790771
1748791683.447525,-9.830336251878563,1.5763381719589233
1748791683.4809654,-9.82003661407946,1.5760679244995117
1748791683.5143678,-9.805474415407131,1.5759724378585815
1748791683.54777,-9.794818298053912,1.575966477394104
1748791683.581178,-9.784161998084578,1.575687050819397
1748791683.6146991,-9.773856451130118,1.5750517845153809
1748791683.6481104,-9.763192120030034,1.5756529569625854
1748791683.6815364,-9.752177157207827,1.5751851797103882
1748791683.7153409,-9.741873256532017,1.575059413909912
1748791683.7490916,-9.734412626333595,1.5749636888504028
1748791683.7825127,-9.720202903056576,1.57474946975708
1748791683.8159246,-9.709191304505437,1.5745887756347656
1748791683.8493931,-9.69924641720701,1.5743919610977173
1748791683.8830996,-9.688236744699603,1.5742733478546143
1748791683.9166708,-9.677581758433462,1.5742207765579224
1748791683.9503644,-9.666927348841348,1.5740242004394531
1748791683.983821,-9.6566281484542,1.5739110708236694
1748791684.0177166,-9.645618920720565,1.5738435983657837
1748791684.051118,-9.635319690722525,1.573764443397522
1748791684.084744,-9.624310023389338,1.573630690574646
1748791684.118142,-9.613654601668339,1.5735807418823242
1748791684.151513,-9.60655123492528,1.5732382535934448
1748791684.1849198,-9.59625107190842,1.573224425315857
1748791684.218316,-9.585240898613586,1.5731090307235718
1748791684.2517762,-9.57458600280977,1.5729509592056274
1748791684.2851865,-9.563932039596615,1.5728570222854614
1748791684.3185933,-9.553277582702004,1.5728230476379395
1748791684.352117,-9.542978374582786,1.5727304220199585
1748791684.385554,-9.528417679323258,1.572659969329834
1748791684.4189236,-9.51776322373595,1.572581171989441
1748791684.4523723,-9.50710878742265,1.5724595785140991
1748791684.486037,-9.492903344957643,1.5723410844802856
1748791684.5194504,-9.48224842207319,1.5721864700317383
1748791684.552977,-9.471593558965152,1.5718930959701538
1748791684.586383,-9.460937674976346,1.5718750953674316
1748791684.6198559,-9.446375074121548,1.5718036890029907
1748791684.6532843,-9.436430653144741,1.5716406106948853
1748791684.686815,-9.425776214108582,1.5715221166610718
1748791684.7202206,-9.41476606635852,1.571244716644287
1748791684.7536192,-9.404110662034746,1.5712190866470337
1748791684.7870293,-9.393810025700684,1.5711541175842285
1748791684.8204317,-9.379246949884287,1.5709835290908813
1748791684.8540652,-9.36859153014906,1.5712850093841553
1748791684.887471,-9.357932773291468,1.571475863456726
1748791684.9208786,-9.34727596378227,1.5710316896438599
1748791684.954283,-9.336973890007643,1.5711783170700073
1748791684.9876928,-9.325961311404066,1.5714550018310547
1748791685.0211265,-9.315659727986576,1.5712708234786987
1748791685.054533,-9.30464764255392,1.571449875831604
1748791685.0879395,-9.293992217604734,1.571622371673584
1748791685.1213875,-9.283337281071088,1.5716521739959717
1748791685.1550376,-9.272681855414083,1.5718199014663696
1748791685.1887257,-9.262027360985789,1.5720045566558838
1748791685.2221558,-9.254923455150948,1.5717979669570923
1748791685.2556915,-9.244267535183567,1.5721962451934814
1748791685.2891262,-9.233611124122437,1.5722014904022217
1748791685.3226123,-9.222601229101615,1.5730887651443481
1748791685.356035,-9.215850959546762,1.5733401775360107
1748791685.3895986,-9.205539891834377,1.5729337930679321
1748791685.4230056,-9.194157857110355,1.5740240812301636
1748791685.4564188,-9.184350144442629,1.5738388299942017
1748791685.4898274,-9.17722656207882,1.5740784406661987
1748791685.523266,-9.172069531375763,1.5740482807159424
1748791685.556686,-9.167893324936216,1.5741790533065796
1748791685.5900934,-9.164089583603458,1.5740771293640137
1748791685.623564,-9.160762718800441,1.5738751888275146
1748791685.657021,-9.156403953971777,1.5745108127593994
1748791685.690488,-9.152963483339033,1.5735222101211548
1748791685.7238934,-9.149658751841013,1.5743697881698608
1748791685.7573044,-9.146168556084213,1.5743165016174316
1748791685.7919583,-9.142053412950375,1.5744638442993164
1748791685.825369,-9.138816838287537,1.5733696222305298
1748791685.858818,-9.135453456063994,1.573733925819397
1748791685.8922606,-9.1322234080537,1.5729193687438965
1748791685.9257333,-9.12900047812432,1.572677731513977
1748791685.9593308,-9.125892541552476,1.5722510814666748
1748791685.9927316,-9.1214999074152,1.57231867313385
1748791686.0261798,-9.118506847230991,1.5722178220748901
1748791686.0597055,-9.115225292572667,1.5718326568603516
1748791686.093113,-9.112050023480913,1.5710581541061401
1748791686.1265483,-9.108853733142238,1.5705268383026123
1748791686.1599553,-9.105654550847353,1.5699901580810547
1748791686.1938233,-9.103413820509424,1.5694550275802612
1748791686.2274706,-9.100320450296538,1.5689802169799805
1748791686.2609522,-9.09710638078143,1.5684415102005005
1748791686.2943852,-9.09362556727555,1.5677590370178223
1748791686.327788,-9.088428370438596,1.568144679069519
1748791686.3613644,-9.084362582517052,1.5668787956237793
1748791686.39477,-9.08023853579249,1.566908836364746
1748791686.4282064,-9.076132579536536,1.566087007522583
1748791686.4616594,-9.07218885959775,1.5641601085662842
1748791686.4961305,-9.068022468871005,1.5633960962295532
1748791686.5295367,-9.06409480936662,1.5631992816925049
1748791686.5629418,-9.060319356481141,1.5618493556976318
1748791686.5968158,-9.05672395739143,1.5587199926376343
1748791686.6302874,-9.053068625554294,1.5587443113327026
1748791686.6636658,-9.048212744154695,1.5577456951141357
1748791686.6971126,-9.044555381851163,1.5562646389007568
1748791686.7304823,-9.041114790613983,1.556527853012085
1748791686.7638836,-9.037790928622174,1.5554391145706177
1748791686.7972708,-9.033203936259085,1.554185152053833
1748791686.8306768,-9.02987437525877,1.5544934272766113
1748791686.8640738,-9.026611224600902,1.5534632205963135
1748791686.8974771,-9.02336999726803,1.5523419380187988
1748791686.930924,-9.019193734830058,1.5526888370513916
1748791686.964343,-9.016145278420383,1.550254225730896
1748791686.9977393,-9.01305257079073,1.5506807565689087
1748791687.0312002,-9.009990759209757,1.549008846282959
1748791687.0645998,-9.006910150896415,1.5496387481689453
1748791687.0980864,-9.003880393463849,1.549007773399353
1748791687.1315348,-9.00113728463502,1.546918511390686
1748791687.1661825,-8.997392247827289,1.5466989278793335
1748791687.199532,-8.994612503942035,1.5463787317276
1748791687.2329948,-8.99185166569758,1.545262336730957
1748791687.2664652,-8.990006403823463,1.5457651615142822
1748791687.2998915,-8.987344797903239,1.544396162033081
1748791687.3333042,-8.984557481354411,1.5446653366088867
1748791687.3667123,-8.981676427918659,1.5434151887893677
1748791687.400362,-8.979109471904204,1.5432342290878296
1748791687.4338522,-8.976565097266578,1.541875958442688
1748791687.4672568,-8.974075781868866,1.5407541990280151
1748791687.500686,-8.971595453214588,1.5409018993377686
1748791687.5341985,-8.969203849085975,1.539430022239685
1748791687.5678525,-8.966771298751778,1.5397874116897583
1748791687.6012583,-8.964357877011041,1.5385953187942505
1748791687.6346257,-8.961893269015743,1.538387417793274
1748791687.6680427,-8.959664928268788,1.538215160369873
1748791687.7017388,-8.957406540175883,1.5372998714447021
1748791687.7351964,-8.955188373426328,1.536831021308899
1748791687.768609,-8.953003873305919,1.537535309791565
1748791687.8027928,-8.950074562411501,1.5368231534957886
1748791687.8361945,-8.947865243733327,1.5373528003692627
1748791687.8696275,-8.94580535928386,1.5370056629180908
1748791687.9030306,-8.943880362915328,1.5356786251068115
1748791687.9364989,-8.941909738911399,1.5351418256759644
1748791687.969941,-8.939260690516765,1.5348145961761475
1748791688.0033467,-8.93736771138179,1.534286379814148
1748791688.0367703,-8.935557942720557,1.5332832336425781
1748791688.070181,-8.933667872664522,1.5328811407089233
1748791688.103579,-8.931765640704354,1.5331416130065918
1748791688.1370373,-8.92994843593466,1.532778263092041
1748791688.170446,-8.928155299493703,1.5317100286483765
1748791688.2038991,-8.925885491575515,1.5315587520599365
1748791688.2374578,-8.924142995242592,1.5313149690628052
1748791688.2708888,-8.922528354730646,1.5303268432617188
1748791688.3046663,-8.920821119296935,1.5306438207626343
1748791688.3380814,-8.919148457246433,1.5298805236816406
1748791688.3715718,-8.917502885375175,1.5301896333694458
1748791688.4049976,-8.915895229045166,1.5294413566589355
1748791688.4384606,-8.913677842455593,1.5299996137619019
1748791688.4719007,-8.912103870506666,1.5288945436477661
1748791688.5053108,-8.910470844122354,1.5299711227416992
1748791688.538713,-8.908959731152995,1.5293582677841187
1748791688.5721142,-8.907448836704063,1.5300040245056152
1748791688.605515,-8.905945574901667,1.5296556949615479
1748791688.6389406,-8.904120746840963,1.5298748016357422
1748791688.6723545,-8.9027123327702,1.529802918434143
1748791688.705839,-8.901424366190254,1.5299224853515625
1748791688.7392642,-8.900117463909941,1.5298280715942383
1748791688.7727282,-8.898824690787357,1.529584527015686
1748791688.8061547,-8.897539955830664,1.5300809144973755
1748791688.8396058,-8.896219042773417,1.529496192932129
1748791688.8731105,-8.894564220524975,1.5300917625427246
1748791688.9065168,-8.893316862462282,1.52974534034729
1748791688.9399176,-8.892109627934065,1.5298395156860352
1748791688.9733205,-8.890974798785834,1.5297282934188843
1748791689.007005,-8.889415503902617,1.529719352722168
1748791689.0404124,-8.888299989676769,1.5296751260757446
1748791689.0738735,-8.887204057620313,1.529654622077942
1748791689.1073263,-8.886126249747045,1.5296248197555542
1748791689.1407726,-8.885100937323717,1.5295864343643188
1748791689.174166,-8.884057034763593,1.5295531749725342
1748791689.2075698,-8.88302935974689,1.5295275449752808
1748791689.2409737,-8.881984970675292,1.5294989347457886
1748791689.274393,-8.880990218706977,1.5294688940048218
1748791689.307792,-8.879946305371103,1.5294442176818848
1748791689.3411977,-8.87904751268741,1.5294197797775269
1748791689.3746088,-8.877817883118388,1.5293906927108765
1748791689.4080079,-8.876857988468425,1.52935791015625
1748791689.441422,-8.875943899419259,1.5293289422988892
1748791689.4749446,-8.875044133618438,1.529306411743164
1748791689.508413,-8.874187335350184,1.5292842388153076
1748791689.541774,-8.873257464658252,1.5292562246322632
1748791689.5751743,-8.872427861741368,1.5292325019836426
1748791689.6086662,-8.871583003339751,1.5292109251022339
1748791689.6421847,-8.870751484011015,1.529186487197876
1748791689.6756072,-8.869663172296969,1.5291651487350464
1748791689.709017,-8.868888416627168,1.5291403532028198
1748791689.7424657,-8.868334742390326,1.5291191339492798
1748791689.7758756,-8.867270757759018,1.5290905237197876
1748791689.809319,-8.866610135915469,1.529078483581543
1748791689.8427227,-8.866226365688181,1.5290682315826416
1748791689.8761044,-8.866028259547392,1.529063105583191
1748791689.9096007,-8.865892195681973,1.5290563106536865
1748791689.943032,-8.865846819936774,1.529054880142212
1748791689.9765072,-8.865820937064859,1.5290547609329224
1748791690.0099092,-8.865806562428254,1.529052734375
1748791690.043343,-8.865798876664124,1.5290497541427612
1748791690.0767179,-8.865794048613033,1.5290507078170776
1748791690.110096,-8.865791052756007,1.529052734375
1748791690.1435153,-8.86578761210583,1.5290480852127075
1748791690.1769693,-8.865785699879078,1.5290496349334717
1748791690.2103791,-8.86578318054572,1.5290465354919434
1748791690.2437873,-8.865782071343775,1.529046893119812
1748791690.2772105,-8.865780106154249,1.5290497541427612
1748791690.3106198,-8.86577903580978,1.529046654701233
1748791690.3440251,-8.8657770765497,1.529046654701233
1748791690.3774707,-8.865775079293062,1.5290436744689941
1748791690.4108841,-8.865773493709803,1.5290439128875732
1748791690.4443328,-8.865772540349724,1.529045581817627
1748791690.4777381,-8.865770908508498,1.52904212474823
1748791690.51115,-8.865769441238553,1.5290437936782837
1748791690.544612,-8.865767685139142,1.5290406942367554
1748791690.5780232,-8.865766062140533,1.5290415287017822
1748791690.6114295,-8.865764072989853,1.5290427207946777
1748791690.6449168,-8.865762672782273,1.5290405750274658
1748791690.6783268,-8.865761070383497,1.529040813446045
1748791690.7117307,-8.865759961009974,1.5290383100509644
1748791690.7451346,-8.86575843301671,1.529038906097412
1748791690.77857,-8.865757158770784,1.529041051864624
1748791690.8119771,-8.865755131874835,1.5290378332138062
1748791690.8453958,-8.865753248135018,1.5290379524230957
1748791690.8788004,-8.865751330670578,1.5290353298187256
1748791690.912397,-8.865749508042983,1.529036283493042
1748791690.9457715,-8.86574865882661,1.5290381908416748
1748791690.9791822,-8.865746988349485,1.5290333032608032
1748791691.0125892,-8.86574654847783,1.5290337800979614
1748791691.0463016,-8.865744583291333,1.5290354490280151
1748791691.0797253,-8.86574240878981,1.5290330648422241
1748791691.1131487,-8.865740575398233,1.529035210609436
1748791691.1465845,-8.865739224291087,1.5290305614471436
1748791691.179984,-8.865736744955958,1.5290321111679077
1748791691.213467,-8.865735658973156,1.529029130935669
1748791691.2484763,-8.865734131702144,1.5290300846099854
1748791691.281875,-8.865733448086932,1.5290323495864868
1748791691.3157103,-8.865731659606059,1.5290275812149048
1748791691.3491445,-8.865730326991232,1.5290279388427734
1748791691.3825576,-8.865728641045687,1.5290307998657227
1748791691.4160967,-8.865727309201647,1.5290275812149048
1748791691.4494958,-8.865725341970021,1.5290273427963257
1748791691.4829843,-8.86572408293873,1.5290247201919556
1748791691.516397,-8.865722557696174,1.5290257930755615
1748791691.5497918,-8.865721598078597,1.5290279388427734
1748791691.5835276,-8.865719702750248,1.529023289680481
1748791691.6170213,-8.86571796976717,1.5290250778198242
1748791691.65045,-8.865716023761706,1.5290218591690063
1748791691.6841977,-8.865714757373768,1.5290225744247437
1748791691.7178426,-8.86571314619893,1.5290249586105347
1748791691.751247,-8.865711343354608,1.5290203094482422
1748791691.784735,-8.865709004681985,1.5290206670761108
1748791691.8181627,-8.865707245141893,1.5290223360061646
1748791691.8527188,-8.865705916202877,1.5290199518203735
1748791691.8861296,-8.865704259279923,1.5290220975875854
1748791691.9195333,-8.865702977980238,1.529017448425293
1748791691.9529395,-8.865701495834491,1.529017686843872
1748791691.9863462,-8.865700489985715,1.5290193557739258
1748791692.019762,-8.86569885197398,1.529017448425293
1748791692.0532053,-8.865697089099344,1.5290194749832153
1748791692.0865588,-8.865695551451495,1.5290143489837646
1748791692.120004,-8.865694227567788,1.5290148258209229
1748791692.1534014,-8.86569173489933,1.5290164947509766
1748791692.1868062,-8.865690438315944,1.5290144681930542
1748791692.2202187,-8.865689277066513,1.5290164947509766
1748791692.2536597,-8.86568773865905,1.5290114879608154
1748791692.2870808,-8.865686111119256,1.5290119647979736
1748791692.32061,-8.865684696763495,1.529013752937317
1748791692.3540134,-8.865683221162028,1.5290114879608154
1748791692.3874598,-8.865681774676508,1.5290133953094482
1748791692.420888,-8.865680470645247,1.5290087461471558
1748791692.4542923,-8.865678819765408,1.5290089845657349
1748791692.4877045,-8.865677650630023,1.5290106534957886
1748791692.5211375,-8.865675530673354,1.5290085077285767
1748791692.5545306,-8.865674306313391,1.5290104150772095
1748791692.5879357,-8.865672666209369,1.529005765914917
1748791692.621395,-8.865671318653845,1.529006004333496
1748791692.6548371,-8.865668961359777,1.5290076732635498
1748791692.6882126,-8.865667671396356,1.5290052890777588
1748791692.7217362,-8.865665853257127,1.5290075540542603
1748791692.75515,-8.865665008581983,1.5290027856826782
1748791692.7886658,-8.865663282027171,1.5290031433105469
1748791692.869066,-8.865660672792337,1.5290066003799438
1748791692.902469,-8.863522341063053,1.5284936428070068
1748791692.9536526,-8.855347600631838,1.5343916416168213
1748791692.9871051,-8.849335779806529,1.5389126539230347
1748791693.0207815,-8.840089599231021,1.5457357168197632
1748791693.054303,-8.83247947605157,1.5505567789077759
1748791693.0898917,-8.824798478605347,1.5570957660675049
1748791693.123557,-8.815249355922687,1.5626779794692993
1748791693.157006,-8.807358970487702,1.5698217153549194
1748791693.1904118,-8.797251075927438,1.5755268335342407
1748791693.2238398,-8.789647895294888,1.582934856414795
1748791693.2572443,-8.78229991131524,1.5885798931121826
1748791693.2906466,-8.771901585491433,1.594406008720398
1748791693.3240483,-8.76429103752838,1.6016128063201904
1748791693.3574586,-8.75665298777068,1.606927514076233
1748791693.3911202,-8.746475687409458,1.6122972965240479
1748791693.4250164,-8.739126029563414,1.617801547050476
1748791693.4584785,-8.731540131885595,1.6261268854141235
1748791693.4919536,-8.721143881964363,1.6315683126449585
1748791693.5254722,-8.713745237545238,1.6382122039794922
1748791693.55924,-8.706194739434519,1.6449142694473267
1748791693.5926828,-8.695827288309319,1.650323510169983
1748791693.6262329,-8.688239272217409,1.657882571220398
1748791693.6596496,-8.680905866952342,1.6630769968032837
1748791693.693118,-8.670775800926645,1.6686245203018188
1748791693.7265186,-8.663188096713805,1.6760952472686768
1748791693.7605672,-8.655595885362294,1.6819225549697876
1748791693.7944233,-8.645474928272769,1.6892584562301636
1748791693.8280604,-8.6376261321152,1.6950761079788208
1748791693.8618393,-8.627754101373334,1.700536847114563
1748791693.8954146,-8.620158601727274,1.708045244216919
1748791693.9288254,-8.612310326703927,1.7136919498443604
1748791693.9626122,-8.604967989851248,1.7193291187286377
1748791693.9966009,-8.59458760970236,1.727033257484436
1748791694.0307586,-8.587245839796825,1.7324873208999634
1748791694.0641687,-8.579650365649686,1.7383122444152832
1748791694.098419,-8.569269626257041,1.7456459999084473
1748791694.1324,-8.561927763628775,1.751281976699829
1748791694.1667128,-8.551800474630424,1.756920337677002
1748791694.2001498,-8.544205039481687,1.7644437551498413
1748791694.2337854,-8.53660907328515,1.7701250314712524
1748791694.2674754,-8.528752096864688,1.7753896713256836
1748791694.301022,-8.518860697597535,1.7808059453964233
1748791694.3344314,-8.511551904300426,1.7886449098587036
1748791694.3678498,-8.50370747986322,1.7924212217330933
1748791694.4021077,-8.495844062617602,1.7977466583251953
1748791694.4356687,-8.488492312405079,1.805019736289978
1748791694.4691207,-8.480966512995925,1.8107527494430542
1748791694.5025222,-8.470546923572833,1.8163479566574097
1748791694.5361729,-8.46319841464799,1.8236662149429321
1748791694.5716195,-8.453101201916597,1.8295705318450928
1748791694.6050282,-8.445266404607626,1.8371200561523438
1748791694.63843,-8.437678694021026,1.842791199684143
1748791694.6724923,-8.427582837597553,1.8485805988311768
1748791694.7060244,-8.420269804487363,1.856103777885437
1748791694.7397773,-8.410207570520106,1.8618563413619995
1748791694.7732875,-8.402642172082428,1.869576096534729
1748791694.8066916,-8.395088549782283,1.8751657009124756
1748791694.840374,-8.387523785044145,1.8808470964431763
1748791694.8737864,-8.377166157617081,1.8883886337280273
1748791694.9075782,-8.369840971886688,1.8938781023025513
1748791694.941048,-8.35974854780817,1.9014980792999268
1748791694.9744365,-8.352173374130441,1.9072930812835693
1748791695.0087805,-8.344588003409394,1.9123129844665527
1748791695.0431094,-8.336720753479245,1.9175167083740234
1748791695.077653,-8.326883259773862,1.9233403205871582
1748791695.1110556,-8.319044879994257,1.9290566444396973
1748791695.1444893,-8.31171810723775,1.936668038368225
1748791695.178162,-8.303868368322894,1.9423073530197144
1748791695.211619,-8.296521862338208,1.947396159172058
1748791695.2450767,-8.286116745199552,1.9548519849777222
1748791695.2784884,-8.279033156904408,1.960184931755066
1748791695.312231,-8.271175494604469,1.9659693241119385
1748791695.3456347,-8.26077902832005,1.9714937210083008
1748791695.3791735,-8.252908050367488,1.9786893129348755
1748791695.4125655,-8.246053950501222,1.9837919473648071
1748791695.4459755,-8.235340581813553,1.9902918338775635
1748791695.4795942,-8.227950883538492,1.9960392713546753
1748791695.512998,-8.22033825624358,2.0012083053588867
1748791695.5467696,-8.210165438410412,2.0090012550354004
1748791695.5807526,-8.202664483929155,2.014651298522949
1748791695.6142037,-8.194769072152534,2.0203800201416016
1748791695.6506846,-8.184675638005222,2.026688575744629
1748791695.6849573,-8.177312675460962,2.0325534343719482
1748791695.7183666,-8.167238079890899,2.0377256870269775
1748791695.7518253,-8.159593796809768,2.044351100921631
1748791695.7854064,-8.15205184011131,2.0501608848571777
1748791695.8188267,-8.14192766457539,2.0577871799468994
1748791695.8532526,-8.1343024854201,2.0628104209899902
1748791695.8882425,-8.124213566205688,2.0691747665405273
1748791695.921598,-8.11663729083305,2.0769145488739014
1748791695.9552672,-8.109088944499083,2.0835816860198975
1748791695.988829,-8.09905937735184,2.088839054107666
1748791696.0222902,-8.091029870947192,2.096398115158081
1748791696.0565345,-8.081271978509713,2.1022756099700928
1748791696.0901313,-8.073778064667883,2.108582019805908
1748791696.1235974,-8.066501762994887,2.1162803173065186
1748791696.1571236,-8.056200763961545,2.12235951423645
1748791696.1905446,-8.048738867340763,2.1312172412872314
1748791696.225866,-8.04124833390367,2.1365132331848145
1748791696.2592866,-8.033449227481468,2.1425042152404785
1748791696.2930064,-8.024080008074504,2.1511123180389404
1748791696.3264194,-8.016607949605383,2.1582114696502686
1748791696.35987,-8.006486374306148,2.1656546592712402
1748791696.3932722,-7.999176465920471,2.1712899208068848
1748791696.426675,-7.991704417504364,2.179811477661133
1748791696.4600928,-7.984394719851253,2.1875345706939697
1748791696.4938834,-7.974497835756903,2.1944916248321533
1748791696.5295646,-7.966827975525305,2.204505443572998
1748791696.5664098,-7.957236653688579,2.214489459991455
1748791696.599871,-7.949779134159146,2.2222187519073486
1748791696.6333716,-7.93976558069241,2.230933427810669
1748791696.6670904,-7.932376125282367,2.2419705390930176
1748791696.7004917,-7.925196491677675,2.2497098445892334
1748791696.7347574,-7.915314221463936,2.2577834129333496
1748791696.7681994,-7.908068415480553,2.2670838832855225
1748791696.8016028,-7.902873500944811,2.275005578994751
1748791696.8350139,-7.895618142602119,2.2826058864593506
1748791696.8684173,-7.885925760853638,2.2913949489593506
1748791696.9023807,-7.878272447127926,2.3021140098571777
1748791696.9359481,-7.87114162184836,2.3105597496032715
1748791696.969404,-7.863698768400692,2.318667411804199
1748791697.003231,-7.85389974126662,2.327455997467041
1748791697.0369735,-7.846563780730007,2.33663010597229
1748791697.0734928,-7.838751214477638,2.3461334705352783
1748791697.1075108,-7.829102883283492,2.3542768955230713
1748791697.1409705,-7.821682015545615,2.3649990558624268
1748791697.174371,-7.814279985393654,2.373553991317749
1748791697.2078986,-7.804456812791338,2.384962797164917
1748791697.2419517,-7.796994922639291,2.3925576210021973
1748791697.2756145,-7.786925211526239,2.4019293785095215
1748791697.309134,-7.776847174566781,2.4105417728424072
1748791697.3428411,-7.769761359874239,2.421743392944336
1748791697.3763034,-7.762313399069099,2.4287731647491455
1748791697.4097273,-7.752352236820272,2.4370617866516113
1748791697.444272,-7.745094582490657,2.4473676681518555
1748791697.4778159,-7.735706624228064,2.4567253589630127
1748791697.5113833,-7.728208022720879,2.4667208194732666
1748791697.5448358,-7.721009677694877,2.4738059043884277
1748791697.5783036,-7.711651989209879,2.486849546432495
1748791697.6118724,-7.704584158926726,2.496878147125244
1748791697.646454,-7.697735177031324,2.5034825801849365
1748791697.6798594,-7.688069151723759,2.5116403102874756
1748791697.7139866,-7.680816577926356,2.5230276584625244
1748791697.747623,-7.673166651191449,2.530374526977539
1748791697.781135,-7.663655632577887,2.538884401321411
1748791697.8176322,-7.656396225476469,2.5506489276885986
1748791697.857809,-7.64678615840346,2.5617926120758057
1748791697.8919477,-7.6363795922560795,2.570297956466675
1748791697.92535,-7.629324878040353,2.58239483833313
1748791697.9589942,-7.622003180231829,2.590937376022339
1748791697.993499,-7.612042537402191,2.599144697189331
1748791698.0273843,-7.604498407271151,2.608816385269165
1748791698.0649545,-7.59729117826848,2.6198365688323975
1748791698.098588,-7.58953227490782,2.627288579940796
1748791698.132105,-7.579922936351502,2.635655164718628
1748791698.1666389,-7.572340318999877,2.647350788116455
1748791698.2000775,-7.565095022055514,2.6547670364379883
1748791698.2338445,-7.557113761737939,2.662529230117798
1748791698.2675467,-7.547803443644382,2.6711535453796387
1748791698.3060548,-7.537848908962704,2.6844122409820557
1748791698.3394632,-7.530608517618251,2.691662311553955
1748791698.3730927,-7.522915743145278,2.6999499797821045
1748791698.4066288,-7.5155571088649555,2.7078795433044434
1748791698.4432957,-7.505589256617107,2.7187347412109375
1748791698.4768267,-7.4984368448372845,2.7264297008514404
1748791698.5103085,-7.488141355751768,2.7336058616638184
1748791698.543735,-7.48091209675027,2.740485906600952
1748791698.577256,-7.47576314710348,2.749066114425659
1748791698.6108398,-7.468548327940077,2.7564120292663574
1748791698.644252,-7.4607785393585155,2.7632970809936523
1748791698.6778224,-7.4507452927888345,2.770057439804077
1748791698.7112236,-7.443276834084452,2.779691457748413
1748791698.7447488,-7.435765368047163,2.7862749099731445
1748791698.778199,-7.427973638204804,2.7922699451446533
1748791698.8118854,-7.418498809664295,2.798815965652466
1748791698.8453844,-7.410760286754855,2.808274507522583
1748791698.8788006,-7.402956795662777,2.8138039112091064
1748791698.912211,-7.395440706035546,2.82057785987854
1748791698.9462335,-7.385411303528772,2.8289215564727783
1748791698.9814441,-7.378063340583191,2.8345589637756348
1748791699.026394,-7.365547673541568,2.845334529876709
1748791699.0598178,-7.358025010050655,2.851508855819702
1748791699.0931783,-7.350377526636977,2.8543803691864014
1748791699.1265824,-7.34280137378553,2.8587546348571777
1748791699.1599917,-7.335784268400986,2.865394115447998
1748791699.1933944,-7.328150977687207,2.871042490005493
1748791699.2268386,-7.320627661325543,2.875565528869629
1748791699.2603152,-7.31304504114322,2.8801889419555664
1748791699.293817,-7.302928057652734,2.8851659297943115
1748791699.3272781,-7.297817391212084,2.8896639347076416
1748791699.3611796,-7.290329387660289,2.8949108123779297
1748791699.3945847,-7.282476531333461,2.9002203941345215
1748791699.427996,-7.274694891209015,2.9038479328155518
1748791699.4614136,-7.267097325059253,2.907910108566284
1748791699.495019,-7.259090621724327,2.9135725498199463
1748791699.53038,-7.2487001756778895,2.9201622009277344
1748791699.5637813,-7.2378426490248025,2.924011468887329
1748791699.5971828,-7.230053705338661,2.9283225536346436
1748791699.631146,-7.2214669763112305,2.9320826530456543
1748791699.6646843,-7.2138844311286805,2.935070276260376
1748791699.6981719,-7.20547247939802,2.9382219314575195
1748791699.7315934,-7.1948911668120745,2.9416840076446533
1748791699.7650294,-7.186730746166693,2.945730209350586
1748791699.7984293,-7.178583423684348,2.949321746826172
1748791699.83186,-7.170430041836217,2.9525606632232666
1748791699.8652651,-7.159560833885464,2.9557535648345947
1748791699.8986723,-7.151124378468825,2.9588048458099365
1748791699.9320688,-7.142984008443212,2.963273048400879
1748791699.965524,-7.135095671503823,2.9664931297302246
1748791699.998932,-7.127208201932688,2.9695308208465576
1748791700.0323348,-7.118507083965027,2.972781181335449
1748791700.0658736,-7.110633147438307,2.975938320159912
1748791700.0992808,-7.102472900136279,2.9780125617980957
1748791700.1326866,-7.094594114826917,2.9822568893432617
1748791700.1661184,-7.08642678890502,2.985114812850952
1748791700.1995325,-7.07801791609252,2.988621473312378
1748791700.2329483,-7.0698549814401215,2.991567611694336
1748791700.2663922,-7.061694963911193,2.9944887161254883
1748791700.299801,-7.050823295877418,2.997666597366333
1748791700.3332438,-7.04266191845683,3.0006399154663086
1748791700.3668659,-7.034225289639899,3.004469156265259
1748791700.4003515,-7.026338758795397,3.0073347091674805
1748791700.4337935,-7.018183083714711,3.010277271270752
1748791700.4671915,-7.009738477732547,3.0128231048583984
1748791700.500653,-7.0018475144722245,3.0155200958251953
1748791700.5340507,-6.993689307208044,3.0183372497558594
1748791700.5674703,-6.98553556508473,3.0211613178253174
1748791700.6008692,-6.97490662447544,3.0233311653137207
1748791700.6342874,-6.9664836047546945,3.0264487266540527
1748791700.6677704,-6.961303347672,3.0286123752593994
1748791700.7011762,-6.953130859508516,3.031235456466675
1748791700.734582,-6.944688154151812,3.0335710048675537
1748791700.7680376,-6.936529904608679,3.0364086627960205
1748791700.8014638,-6.928357182855994,3.0385613441467285
1748791700.8349435,-6.917445673756348,3.040435791015625
1748791700.8683865,-6.912034560404775,3.043827533721924
1748791700.9018168,-6.903846755356073,3.0455245971679688
1748791700.9352267,-6.895665697790042,3.0478193759918213
1748791700.968856,-6.8877835754325325,3.0502073764801025
1748791701.0024025,-6.882454670762981,3.0510551929473877
1748791701.0358183,-6.877776016173081,3.051823139190674
1748791701.069361,-6.873914849954367,3.053767442703247
1748791701.1028187,-6.870201200082399,3.0538480281829834
1748791701.1365323,-6.8669041743163595,3.055452346801758
1748791701.169916,-6.862513411405189,3.0561251640319824
1748791701.2034388,-6.859174412098369,3.056028127670288
1748791701.2368898,-6.8560928273165205,3.05714750289917
1748791701.2703068,-6.852884571252695,3.0583064556121826
1748791701.3037143,-6.849662249329538,3.0590553283691406
1748791701.3371232,-6.846322771360731,3.058506965637207
1748791701.370524,-6.843216896695311,3.0589990615844727
1748791701.4041462,-6.839994954214634,3.059274435043335
1748791701.437544,-6.835709306898185,3.0603551864624023
1748791701.470955,-6.8324946269356195,3.0610952377319336
1748791701.5043964,-6.829254557314703,3.0614190101623535
1748791701.5379202,-6.826116260976243,3.060699701309204
1748791701.5712872,-6.822789004054345,3.061044931411743
1748791701.60483,-6.81947288276864,3.061890125274658
1748791701.6382372,-6.816351209034318,3.0618019104003906
1748791701.6717734,-6.8131771906826595,3.0635225772857666
1748791701.7051833,-6.810015397827346,3.063124656677246
1748791701.738593,-6.806677911858684,3.061999559402466
1748791701.772,-6.803037548282454,3.062880277633667
1748791701.805415,-6.7995611546923,3.0624523162841797
1748791701.8388274,-6.796165095884811,3.0602986812591553
1748791701.8722312,-6.792490946243619,3.059830904006958
1748791701.9056344,-6.788939462021291,3.060161828994751
1748791701.9390469,-6.785434648293927,3.059279441833496
1748791701.9746535,-6.781938783754443,3.059624671936035
1748791702.008166,-6.777460888623416,3.058326244354248
1748791702.0415645,-6.773951055660503,3.058192491531372
1748791702.074965,-6.770486723865139,3.057966947555542
1748791702.1083882,-6.767320315636243,3.0576796531677246
1748791702.141836,-6.764117432170524,3.0574169158935547
1748791702.1752377,-6.760902974802781,3.0559303760528564
1748791702.2086954,-6.7579055666267625,3.0560965538024902
1748791702.242124,-6.754882086884072,3.0549159049987793
1748791702.2755258,-6.751805224547471,3.0540614128112793
1748791702.3089375,-6.748980873636675,3.0525715351104736
1748791702.3423417,-6.746054392666302,3.052276134490967
1748791702.375758,-6.743322455758073,3.050354242324829
1748791702.409157,-6.739432812369332,3.0497560501098633
1748791702.4425871,-6.736711561201217,3.0483996868133545
1748791702.4760985,-6.733986532768856,3.0487797260284424
1748791702.509511,-6.7304454794555495,3.047889471054077
1748791702.5435424,-6.728696095542126,3.046736478805542
1748791702.5770195,-6.726146927123526,3.0468084812164307
1748791702.6105356,-6.723587069786537,3.045485496520996
1748791702.643943,-6.720177067522675,3.044597625732422
1748791702.6773734,-6.717803964531039,3.044081211090088
1748791702.7108092,-6.715302941550881,3.0439465045928955
1748791702.7442153,-6.712775768731787,3.0430078506469727
1748791702.7776127,-6.710441755407835,3.0434579849243164
1748791702.811072,-6.70802138070367,3.0430755615234375
1748791702.8444772,-6.705781529484796,3.044367551803589
1748791702.8778956,-6.7034766399589,3.0434863567352295
1748791702.911946,-6.7012196058912155,3.044248342514038
1748791702.9453552,-6.698911414660892,3.0434794425964355
1748791702.9788034,-6.696844579395777,3.0430827140808105
1748791703.0122092,-6.694815016166443,3.0444910526275635
1748791703.045611,-6.692889727381067,3.0430891513824463
1748791703.079055,-6.690863063560838,3.0446412563323975
1748791703.1126115,-6.688883587258104,3.0447587966918945
1748791703.1460204,-6.686966173280614,3.0443878173828125
1748791703.1794233,-6.685063953800492,3.0440726280212402
1748791703.2128253,-6.683113898881991,3.0442113876342773
1748791703.2462401,-6.681325581363932,3.0430610179901123
1748791703.2796474,-6.679490126648499,3.0427000522613525
1748791703.3130162,-6.677159409545538,3.0424110889434814
1748791703.3464427,-6.67541405153,3.0434489250183105
1748791703.3798852,-6.673612046533883,3.042673349380493
1748791703.4132981,-6.671957868237239,3.0435965061187744
1748791703.4467509,-6.6702069044027175,3.042919397354126
1748791703.4801643,-6.668534458404072,3.043252944946289
1748791703.5135858,-6.6663424715054385,3.0435287952423096
1748791703.5470233,-6.664643727524836,3.0429086685180664
1748791703.5804517,-6.66313953729815,3.042909860610962
1748791703.6138718,-6.661513469513093,3.0428829193115234
1748791703.6472802,-6.659977938312753,3.0428452491760254
1748791703.6807084,-6.658462633696738,3.0431878566741943
1748791703.7141902,-6.656975981906096,3.0430643558502197
1748791703.7475924,-6.65544652500852,3.043084144592285
1748791703.780995,-6.654039950760301,3.0422537326812744
1748791703.8144007,-6.652124412992152,3.041985273361206
1748791703.8478017,-6.650724888394385,3.042449951171875
1748791703.8812125,-6.649379455381309,3.0414764881134033
1748791703.9146552,-6.648083410406937,3.041374683380127
1748791703.9490602,-6.6467557550806795,3.0419533252716064
1748791703.9824612,-6.64551942885992,3.041093349456787
1748791704.0158236,-6.6442242659563115,3.041015386581421
1748791704.0492413,-6.643022825714721,3.0408213138580322
1748791704.0828013,-6.641794869650812,3.0406949520111084
1748791704.1163197,-6.640189236493596,3.0406830310821533
1748791704.1497204,-6.63899289032226,3.040848731994629
1748791704.1830745,-6.6377893139991535,3.0399439334869385
1748791704.216589,-6.636620869639108,3.0402965545654297
1748791704.2500274,-6.635447920827263,3.0398097038269043
1748791704.2834356,-6.634264998609337,3.040273427963257
1748791704.316942,-6.633177205904049,3.0400891304016113
1748791704.350957,-6.632040909110685,3.039496421813965
1748791704.384397,-6.630972961307772,3.0402615070343018
1748791704.4177678,-6.629802863698904,3.039776563644409
1748791704.4511762,-6.628733564153307,3.0395491123199463
1748791704.4845977,-6.627300571570787,3.039921760559082
1748791704.5180185,-6.62624138762692,3.0393643379211426
1748791704.5514321,-6.625189989351611,3.0402767658233643
1748791704.5848324,-6.624189683066567,3.039324998855591
1748791704.6182418,-6.623266961626092,3.0391948223114014
1748791704.651651,-6.622344380106869,3.0398736000061035
1748791704.6863341,-6.621480458178706,3.040053129196167
1748791704.7197573,-6.620611726999412,3.0395662784576416
1748791704.7531977,-6.619678642898916,3.0400078296661377
1748791704.786595,-6.6187955374033205,3.0399343967437744
1748791704.8200011,-6.617922565182916,3.039653778076172
1748791704.853444,-6.617057016876519,3.0402889251708984
1748791704.8868053,-6.616222938552614,3.03995943069458
1748791704.9203825,-6.615352326723474,3.0398030281066895
1748791704.9537656,-6.614517826719906,3.039675712585449
1748791704.9873877,-6.613726660173336,3.0398614406585693
1748791705.0207932,-6.6127758325605495,3.0399487018585205
1748791705.0542755,-6.612425446429912,3.04001784324646
1748791705.0876787,-6.6122455521585355,3.040036678314209
1748791705.121133,-6.612144265926996,3.0400495529174805
1748791705.1545146,-6.6120817605525435,3.040055513381958
1748791705.187914,-6.612059295177068,3.0400609970092773
1748791705.221349,-6.612047047514578,3.0400612354278564
1748791705.254752,-6.61203794307018,3.0400633811950684
1748791705.288158,-6.612033809269398,3.040064811706543
1748791705.3215647,-6.612030518073376,3.040065288543701
1748791705.3549669,-6.612027556480162,3.040065050125122
1748791705.3883781,-6.6120253523416155,3.0400657653808594
1748791705.4218369,-6.612022519303109,3.040066957473755
1748791705.4553049,-6.612020481660992,3.040066719055176
1748791705.4887166,-6.612018714788015,3.0400664806365967
1748791705.5221567,-6.612016847147477,3.040067672729492
1748791705.5555658,-6.6120144863864665,3.0400681495666504
1748791705.589085,-6.6120127208878685,3.040067195892334
1748791705.6225612,-6.612011248212139,3.0400681495666504
1748791705.6560404,-6.612009118273642,3.0400679111480713
1748791705.6894464,-6.612007798513819,3.040070056915283
1748791705.722851,-6.61200623371562,3.0400688648223877
1748791705.756219,-6.612004645658138,3.040069341659546
1748791705.7896264,-6.612002602658087,3.040069580078125
1748791705.8230376,-6.612000860023423,3.0400702953338623
1748791705.8564625,-6.611998652919029,3.0400705337524414
1748791705.8898828,-6.611996817180146,3.040070056915283
1748791705.9232934,-6.611995266141719,3.0400705337524414
1748791705.9567034,-6.61199366752368,3.0400707721710205
1748791705.9901066,-6.611991861586656,3.0400707721710205
1748791706.0235107,-6.611990147131477,3.0400710105895996
1748791706.0569618,-6.611988589740818,3.0400710105895996
1748791706.0903616,-6.61198689365631,3.0400710105895996
1748791706.12377,-6.6119851918214385,3.0400712490081787
1748791706.1571705,-6.611983203346709,3.040071725845337
1748791706.1905751,-6.6119814378592086,3.040071964263916
1748791706.2240224,-6.611979970216751,3.040072441101074
1748791706.2574341,-6.611978346650207,3.040072202682495
1748791706.291028,-6.6119767603554855,3.040072202682495
1748791706.3244436,-6.611974587179613,3.040072441101074
1748791706.3578484,-6.6119731012385845,3.0400733947753906
1748791706.39129,-6.611971372019253,3.0400736331939697
1748791706.4248433,-6.6119697026823,3.0400736331939697
1748791706.4582589,-6.611967525991285,3.040074110031128
1748791706.4916773,-6.611965503518317,3.040074348449707
1748791706.5251086,-6.611963705017537,3.0400729179382324
1748791706.5585556,-6.611961630638512,3.0400731563568115
1748791706.5923307,-6.611959750375027,3.0400731563568115
1748791706.6259387,-6.611957892501134,3.0400733947753906
1748791706.6593506,-6.6119558439009,3.040074348449707
1748791706.6927934,-6.611953788889288,3.040074110031128
1748791706.7262444,-6.611952306107148,3.040074348449707
1748791706.7596457,-6.611950531366886,3.0400753021240234
1748791706.793012,-6.611949052481867,3.0400753021240234
1748791706.82642,-6.611946603356365,3.0400755405426025
1748791706.8598337,-6.611944866778805,3.040074586868286
1748791706.893221,-6.6119427521673755,3.040074586868286
1748791706.9266171,-6.611940738573049,3.0400748252868652
1748791706.9600165,-6.611939030070938,3.0400748252868652
1748791706.993413,-6.61193691355873,3.0400753021240234
1748791707.0269387,-6.611935453779009,3.0400750637054443
1748791707.0603259,-6.611932823954298,3.0400753021240234
1748791707.093725,-6.611931046593723,3.0400755405426025
1748791707.127128,-6.611929301098832,3.04007625579834
1748791707.1605296,-6.611927833456207,3.040076732635498
1748791707.193971,-6.611925786066937,3.040076494216919
1748791707.2273962,-6.611923560491494,3.040076971054077
1748791707.2608466,-6.61192177640962,3.0400774478912354
1748791707.2942657,-6.611920308766954,3.0400776863098145
1748791707.327665,-6.611918852884411,3.0400781631469727
1748791707.3610737,-6.611916481104483,3.0400779247283936
1748791707.394476,-6.611914052706565,3.0400784015655518
1748791707.4279068,-6.611912583335741,3.040076971054077
1748791707.4613564,-6.611911104450683,3.040076971054077
1748791707.494766,-6.611909268554741,3.04007887840271
1748791707.5282128,-6.6119073450012245,3.0400779247283936
1748791707.5616167,-6.611905699117515,3.0400784015655518
1748791707.5950215,-6.611904270744487,3.0400784015655518
1748791707.6284268,-6.611902597809111,3.04007887840271
1748791707.6617863,-6.611900271306964,3.04007887840271
1748791707.6952271,-6.611898469500411,3.04007887840271
1748791707.728642,-6.611896839359929,3.040079116821289
1748791707.7620468,-6.611895411914811,3.0400795936584473
1748791707.7954974,-6.611894572993516,3.040079355239868
1748791707.8289032,-6.611892472192787,3.0400795936584473
1748791707.8626359,-6.611890727760376,3.0400795936584473
1748791707.8960397,-6.61188882034168,3.0400803089141846
1748791707.9294372,-6.611887300056812,3.0400800704956055
1748791707.96284,-6.611885500388636,3.0400803089141846
1748791707.9962597,-6.611884069877162,3.0400803089141846
1748791708.0536144,-6.611881961796386,3.040081024169922
1748791708.0873802,-6.609039370869304,3.0407028198242188
1748791708.1232088,-6.602199254010323,3.041414976119995
1748791708.1568408,-6.591284640803589,3.045403242111206
1748791708.1902719,-6.585346231006721,3.0486786365509033
1748791708.2241476,-6.572748980154491,3.0483956336975098
1748791708.2575498,-6.565314957537751,3.037635326385498
1748791708.2909653,-6.5546599556608625,3.0280961990356445
1748791708.3244104,-6.545895778555974,3.0250132083892822
1748791708.3580053,-6.533644796420988,3.0233888626098633
1748791708.391448,-6.525213318696155,3.0174262523651123
1748791708.4248714,-6.518562530609925,3.0053696632385254
1748791708.4592483,-6.510117094988835,2.990974187850952
1748791708.4927058,-6.502745908525752,2.9841034412384033
1748791708.526106,-6.491949275738213,2.9829633235931396
1748791708.5610917,-6.484052832266431,2.9818127155303955
1748791708.59518,-6.477742991091863,2.9734129905700684
1748791708.628651,-6.469981161160619,2.961355209350586
1748791708.6620843,-6.462697015541668,2.951586961746216
1748791708.6954823,-6.45558908912077,2.9433095455169678
1748791708.7289224,-6.448554746359369,2.9356257915496826
1748791708.7623782,-6.441218382264815,2.927560567855835
1748791708.7958434,-6.433852631430008,2.919755458831787
1748791708.829257,-6.4237996708731835,2.9108896255493164
1748791708.865429,-6.41665465826452,2.9029433727264404
1748791708.8988419,-6.409233121889836,2.893127679824829
1748791708.932265,-6.401707420015824,2.885580062866211
1748791708.968848,-6.392033158427673,2.876784086227417
1748791709.0023239,-6.384209280996583,2.8648934364318848
1748791709.036426,-6.377314451870222,2.8595707416534424
1748791709.0698361,-6.369723890608644,2.8582592010498047
1748791709.1050308,-6.36077922343277,2.8485214710235596
1748791709.1385572,-6.3536218390269426,2.8409879207611084
1748791709.1726654,-6.344309860630911,2.833324670791626
1748791709.207127,-6.336997127544285,2.8223509788513184
1748791709.2406278,-6.329626919697887,2.814253568649292
1748791709.2751822,-6.3197693228891,2.803528070449829
1748791709.3088078,-6.312363265416844,2.795225143432617
1748791709.3423953,-6.302460917002088,2.786945343017578
1748791709.3776674,-6.29503075253974,2.775865316390991
1748791709.4113712,-6.287346954238817,2.767563581466675
1748791709.446581,-6.277678297599837,2.756483554840088
1748791709.4800246,-6.270239406636623,2.7484514713287354
1748791709.515715,-6.260319847605279,2.739865303039551
1748791709.5494835,-6.25287974356335,2.72878360748291
1748791709.5857835,-6.242959415817372,2.7204742431640625
1748791709.6198163,-6.235518963901736,2.7091143131256104
1748791709.6532257,-6.22807866292318,2.700803756713867
1748791709.686914,-6.218158249582586,2.6927695274353027
1748791709.7204425,-6.210717838371281,2.6814098358154297
1748791709.7541282,-6.200797009006,2.673375368118286
1748791709.7875295,-6.193108770041097,2.66229248046875
1748791709.8209376,-6.185668625966037,2.6539807319641113
1748791709.854342,-6.178476419399068,2.645667314529419
1748791709.8878102,-6.170788236041382,2.637077808380127
1748791709.921228,-6.16310023931386,2.6293137073516846
1748791709.9546335,-6.153441822529834,2.6179208755493164
1748791709.988045,-6.1462872955517005,2.6092846393585205
1748791710.0226388,-6.136132895985565,2.600836992263794
1748791710.0567477,-6.128897850030702,2.5909061431884766
1748791710.0903132,-6.121209884401153,2.582493782043457
1748791710.1250901,-6.114058779177385,2.574648857116699
1748791710.1605935,-6.104175283971421,2.5665528774261475
1748791710.1941385,-6.096519348932852,2.5554137229919434
1748791710.2276688,-6.0893656288752025,2.5468990802764893
1748791710.269254,-6.07701317473803,2.5365147590637207
1748791710.3064158,-6.069596110171893,2.5253398418426514
1748791710.3399909,-6.062421520071412,2.517272472381592
1748791710.373864,-6.052284092308749,2.5062990188598633
1748791710.4180858,-6.0396352682310805,2.495722770690918
1748791710.4518597,-6.032460136236503,2.4850997924804688
1748791710.4852853,-6.024835527498925,2.4772582054138184
1748791710.5187156,-6.015118492627283,2.469736337661743
1748791710.5523014,-6.00771688645364,2.4586052894592285
1748791710.585786,-5.999713563610146,2.4517199993133545
1748791710.619166,-5.990070408317809,2.440885066986084
1748791710.6529777,-5.98268934211066,2.4325389862060547
1748791710.6911168,-5.972882409688715,2.4261422157287598
1748791710.725481,-5.965505810163207,2.415243625640869
1748791710.759205,-5.958266363370926,2.407236099243164
1748791710.7932363,-5.950873421239601,2.3993031978607178
1748791710.82669,-5.94100673237642,2.391479730606079
1748791710.8705351,-5.931096113585567,2.3767778873443604
1748791710.9044857,-5.924083006262679,2.368488311767578
1748791710.940496,-5.914125657853624,2.360769748687744
1748791710.979468,-5.904059617749357,2.349034547805786
1748791711.0128736,-5.896947042510689,2.3372366428375244
1748791711.0462773,-5.889413750008491,2.3277533054351807
1748791711.079714,-5.879726120144216,2.319755792617798
1748791711.1131482,-5.871818619520863,2.313103437423706
1748791711.146554,-5.864947489004744,2.3030717372894287
1748791711.2283986,-5.854081987191861,2.2876691818237305
1748791711.293467,-5.842020782798653,2.2748115062713623
1748791711.3391764,-5.829861118051708,2.261359453201294
1748791711.3728309,-5.819870571585712,2.249697685241699
1748791711.4064615,-5.810689486695872,2.2348458766937256
1748791711.4403276,-5.803442266987559,2.2263882160186768
1748791711.4741962,-5.793655647413368,2.217357873916626
1748791711.507609,-5.7862376642641955,2.2038872241973877
1748791711.5410194,-5.7767134343347575,2.191066265106201
1748791711.5744386,-5.7693084193260615,2.182514190673828
1748791711.6078732,-5.759472582770697,2.1700432300567627
1748791711.641283,-5.751876747987244,2.161452531814575
1748791711.6747186,-5.742030415866155,2.148831605911255
1748791711.7084222,-5.734967240738945,2.139883041381836
1748791711.7418294,-5.725108398518209,2.1309163570404053
1748791711.777309,-5.717812758616377,2.117888927459717
1748791711.8107135,-5.708055554702841,2.1082000732421875
1748791711.8441238,-5.700556237934608,2.097043514251709
1748791711.8775294,-5.692917506345183,2.0873982906341553
1748791711.9110413,-5.683176489134172,2.0776710510253906
1748791711.944445,-5.676000347232529,2.0688016414642334
1748791711.9778538,-5.668586246808531,2.0565149784088135
1748791712.011997,-5.661280403244983,2.046687126159668
1748791712.0454285,-5.653134216527049,2.0378241539001465
1748791712.0789475,-5.643971317171539,2.028890371322632
1748791712.112395,-5.636361641000452,2.0165467262268066
1748791712.1458519,-5.629265986756959,2.007371425628662
1748791712.1795018,-5.619319121133235,1.999107003211975
1748791712.2195559,-5.609174075050907,1.9875531196594238
1748791712.2531774,-5.60154836643321,1.9761139154434204
1748791712.2868707,-5.5946370720131595,1.966241478919983
1748791712.3891344,-5.573138209750517,1.9486192464828491
1748791712.4225724,-5.567518400268385,1.9450101852416992
1748791712.456053,-5.560042424726253,1.9384597539901733
1748791712.489453,-5.55139997863042,1.931268334388733
1748791712.5228615,-5.544691880238951,1.9228514432907104
1748791712.5562692,-5.534732599641644,1.9140704870224
1748791712.589644,-5.524527879317446,1.9047317504882812
1748791712.6243935,-5.5138480061693205,1.89579176902771
1748791712.657793,-5.504155670668641,1.8861110210418701
1748791712.6912003,-5.490129863570312,1.8781332969665527
1748791712.7247558,-5.479701301851788,1.8652617931365967
1748791712.758263,-5.469175938141518,1.8564249277114868
1748791712.7916603,-5.458304534911234,1.8479963541030884
1748791712.8250418,-5.447834077804767,1.83887779712677
1748791712.8584495,-5.437301172425134,1.830633282661438
1748791712.891854,-5.426762693438699,1.8223507404327393
1748791712.9263093,-5.4162943850280865,1.8134284019470215
1748791712.959814,-5.402198140129534,1.8029290437698364
1748791712.9935868,-5.391687000645004,1.7945765256881714
1748791713.0270011,-5.381108768690624,1.7869404554367065
1748791713.060399,-5.370580668348077,1.7789349555969238
1748791713.094471,-5.356420432734653,1.7724555730819702
1748791713.127896,-5.346254006788766,1.7622907161712646
1748791713.161308,-5.33530033890405,1.7557837963104248
1748791713.1947076,-5.32473702092791,1.7484819889068604
1748791713.2283013,-5.313794470686139,1.7416861057281494
1748791713.2617514,-5.303595229202995,1.7371777296066284
1748791713.2951646,-5.293035166511647,1.7302442789077759
1748791713.3286088,-5.282776506021855,1.724511742591858
1748791713.3620713,-5.271844110658179,1.7160370349884033
1748791713.3954859,-5.261255231397116,1.7101190090179443
1748791713.4291103,-5.250282128213837,1.7047665119171143
1748791713.462514,-5.240054282084772,1.698803186416626
1748791713.4959443,-5.225572662179579,1.6930431127548218
1748791713.529382,-5.215642057552446,1.6888877153396606
1748791713.562918,-5.204738575094195,1.6825357675552368
1748791713.5963478,-5.19409675149666,1.67784583568573
1748791713.6299143,-5.1834537057477075,1.6734510660171509
1748791713.6633239,-5.176382651432425,1.6682487726211548
1748791713.6967251,-5.165722860333436,1.664137363433838
1748791713.7301834,-5.151165412146715,1.6599836349487305
1748791713.763601,-5.140537394909274,1.6555345058441162
1748791713.796992,-5.130220976231668,1.6513464450836182
1748791713.8304553,-5.1196108875659245,1.6471713781356812
1748791713.8638613,-5.108996536756653,1.6442216634750366
1748791713.89726,-5.098344374089661,1.6409666538238525
1748791713.930708,-5.0880629026420525,1.6370691061019897
1748791713.964171,-5.077030338285703,1.6342031955718994
1748791713.9975755,-5.066387577934683,1.630446195602417
1748791714.030987,-5.05607790735951,1.6274374723434448
1748791714.064541,-5.048592099123212,1.6253573894500732
1748791714.0979419,-5.034373449829,1.6218260526657104
1748791714.1313536,-5.023702471543835,1.6191365718841553
1748791714.1647568,-5.013027940027155,1.6171575784683228
1748791714.1982453,-5.005935396982068,1.6141059398651123
1748791714.2317967,-4.9917266952841475,1.6116893291473389
1748791714.2652028,-4.9846189354225565,1.6095072031021118
1748791714.2986066,-4.9739727611935,1.6066908836364746
1748791714.3325758,-4.96331624128382,1.6048264503479004
1748791714.3662124,-4.952638713613792,1.6036369800567627
1748791714.3997366,-4.942004317593769,1.6020359992980957
1748791714.433138,-4.931722622860723,1.599757432937622
1748791714.4665883,-4.920710825863072,1.5974594354629517
1748791714.5002186,-4.913588176429239,1.596113920211792
1748791714.5336354,-4.903270691145789,1.5944684743881226
1748791714.567588,-4.88906620405052,1.5927857160568237
1748791714.6010005,-4.87805644055759,1.590585470199585
1748791714.634404,-4.867388125085435,1.5888108015060425
1748791714.668405,-4.8570638382287665,1.588005781173706
1748791714.7018487,-4.846047651863579,1.5862314701080322
1748791714.7352498,-4.835387934926287,1.584803819656372
1748791714.7687485,-4.824721872064266,1.5840133428573608
1748791714.8021555,-4.810161770600503,1.582335352897644
1748791714.8355546,-4.799857656816942,1.5808888673782349
1748791714.869183,-4.789194198254278,1.5802425146102905
1748791714.9026272,-4.778535855390024,1.579533576965332
1748791714.9360464,-4.767876547438527,1.5781499147415161
1748791714.9694557,-4.756866486282199,1.576804518699646
1748791715.0028706,-4.746565758495815,1.5756498575210571
1748791715.0363028,-4.732352879279508,1.5746796131134033
1748791715.069707,-4.721688911595859,1.5743643045425415
1748791715.1031313,-4.711032911472104,1.5736521482467651
1748791715.1366382,-4.7000191888996685,1.572806477546692
1748791715.1701014,-4.689714868554762,1.5719163417816162
1748791715.2035205,-4.679057657867888,1.5711480379104614
1748791715.2370188,-4.668402246327011,1.5700958967208862
1748791715.2704237,-4.657742948570655,1.569643259048462
1748791715.303901,-4.643531117056441,1.5690889358520508
1748791715.3373973,-4.632874503614811,1.5681204795837402
1748791715.3708253,-4.6257694057862935,1.567683458328247
1748791715.4042683,-4.615111780153485,1.5671716928482056
1748791715.4376695,-4.604811613895916,1.5663840770721436
1748791715.47115,-4.5938017205814035,1.5657548904418945
1748791715.5046074,-4.583144198628316,1.5656957626342773
1748791715.5380042,-4.572844688832109,1.5647306442260742
1748791715.5718884,-4.562187579821913,1.564319133758545
1748791715.6052518,-4.551174806830966,1.5638350248336792
1748791715.638657,-4.540516017560618,1.5636539459228516
1748791715.6720645,-4.530214692190862,1.5631699562072754
1748791715.7055106,-4.51920354566526,1.5627079010009766
1748791715.7390172,-4.50463920369219,1.5625746250152588
1748791715.7724204,-4.494337100536704,1.5624709129333496
1748791715.805846,-4.483680877768739,1.562094807624817
1748791715.8393536,-4.473024885726591,1.5619901418685913
1748791715.8727572,-4.462368823769042,1.561828374862671
1748791715.906211,-4.451713564125191,1.5615365505218506
1748791715.939612,-4.441057643925811,1.561493992805481
1748791715.9730325,-4.433953520174351,1.5616114139556885
1748791716.006441,-4.42294197937612,1.561625361442566
1748791716.0399327,-4.412642015472003,1.5617080926895142
1748791716.0736287,-4.40198585266164,1.5614221096038818
1748791716.1070275,-4.390974964479621,1.5613466501235962
1748791716.1404402,-4.380319392970057,1.5615769624710083
1748791716.1738877,-4.366467437163241,1.5614120960235596
1748791716.2072854,-4.355811694223231,1.5614913702011108
1748791716.240683,-4.345510295117525,1.562027096748352
1748791716.2741053,-4.334498413577922,1.5617938041687012
1748791716.3075116,-4.323840008653862,1.562109112739563
1748791716.3409564,-4.313183139027821,1.5627765655517578
1748791716.3744478,-4.303154070196947,1.5625568628311157
1748791716.4078584,-4.296104070926108,1.5617586374282837
1748791716.441263,-4.290882896229874,1.5624557733535767
1748791716.47473,-4.285271833710882,1.5618290901184082
1748791716.508196,-4.281538198505635,1.5624464750289917
1748791716.5416026,-4.2780472611890294,1.5613425970077515
1748791716.5751557,-4.274559188309693,1.5612257719039917
1748791716.6085649,-4.271339447829226,1.5615622997283936
1748791716.6419706,-4.268043071551723,1.561421513557434
1748791716.675377,-4.264778349156169,1.5606720447540283
1748791716.708778,-4.261535805380915,1.5604673624038696
1748791716.7421844,-4.258319054769504,1.5605404376983643
1748791716.7755904,-4.255120558392573,1.5595675706863403
1748791716.809016,-4.2518872208547585,1.5598467588424683
1748791716.8425236,-4.248659183118797,1.5593161582946777
1748791716.8760655,-4.2454445264761045,1.5591422319412231
1748791716.9094684,-4.242334144063525,1.5592572689056396
1748791716.9429412,-4.239035611861623,1.558544635772705
1748791716.9763622,-4.235723440128038,1.5575788021087646
1748791717.0097687,-4.232504492903043,1.5570850372314453
1748791717.043182,-4.2282096804235705,1.5573979616165161
1748791717.0765965,-4.225135583729055,1.5567584037780762
1748791717.110017,-4.2219611455227675,1.5561895370483398
1748791717.143472,-4.218885413967781,1.555367112159729
1748791717.1768591,-4.215571900547724,1.5544849634170532
1748791717.2102952,-4.21119646046162,1.5546772480010986
1748791717.2437713,-4.207644693777823,1.5540543794631958
1748791717.277175,-4.204042153656822,1.5526806116104126
1748791717.3108454,-4.20020883371978,1.5522589683532715
1748791717.3442695,-4.19635950637257,1.5520706176757812
1748791717.377783,-4.192546265579593,1.5511356592178345
1748791717.411212,-4.188572056153852,1.5492680072784424
1748791717.444696,-4.184947013319646,1.5481419563293457
1748791717.47814,-4.181279929176165,1.5461456775665283
1748791717.5117548,-4.1777605443145776,1.5450398921966553
1748791717.545161,-4.172847292662395,1.544119954109192
1748791717.5786817,-4.170476736140902,1.5438647270202637
1748791717.6122856,-4.16698772049457,1.5421897172927856
1748791717.6457691,-4.1624317803857585,1.5417879819869995
1748791717.6796014,-4.15899492264241,1.5395184755325317
1748791717.7134337,-4.155571001767834,1.5387524366378784
1748791717.7468781,-4.152124447637249,1.537990927696228
1748791717.7802746,-4.148897999135477,1.5365055799484253
1748791717.8137324,-4.145709261173395,1.5352472066879272
1748791717.8471682,-4.142529138141705,1.5353622436523438
1748791717.880654,-4.139425992198228,1.5336120128631592
1748791717.9140568,-4.135373279977442,1.534137487411499
1748791717.9474623,-4.132268914962468,1.5329147577285767
1748791717.9809225,-4.129339378531973,1.5321588516235352
1748791718.014392,-4.126463514943682,1.5319983959197998
1748791718.0477889,-4.124585651197545,1.5317132472991943
1748791718.0812666,-4.1217347745585675,1.5311616659164429
1748791718.1146662,-4.119137576622056,1.5294840335845947
1748791718.1480663,-4.115634130144488,1.5309720039367676
1748791718.1814783,-4.113157125146079,1.5284138917922974
1748791718.214882,-4.110477397252018,1.5290995836257935
1748791718.248275,-4.108782509732411,1.528085470199585
1748791718.2817228,-4.106272386412839,1.5274158716201782
1748791718.3151264,-4.1030633192901025,1.5277841091156006
1748791718.348539,-4.100482059866712,1.5274194478988647
1748791718.3819866,-4.0982018535503135,1.5260570049285889
1748791718.415434,-4.095835799917198,1.5258407592773438
1748791718.4488459,-4.0942861889266435,1.5249111652374268
1748791718.482252,-4.091127333154463,1.5251227617263794
1748791718.5156584,-4.088946439531066,1.5248626470565796
1748791718.5490217,-4.086724376370399,1.5252429246902466
1748791718.582615,-4.0845386785091184,1.524236798286438
1748791718.6160254,-4.082384211663217,1.5240265130996704
1748791718.6494331,-4.080341080749154,1.5224956274032593
1748791718.6828074,-4.078231898636097,1.5229699611663818
1748791718.7162898,-4.076145525458652,1.5220407247543335
1748791718.7497482,-4.074057908662405,1.5217198133468628
1748791718.7834084,-4.072065647570377,1.5221271514892578
1748791718.8168073,-4.069986581302752,1.5213518142700195
1748791718.8502116,-4.068011216850468,1.5215295553207397
1748791718.8837569,-4.065395686212283,1.5202970504760742
1748791718.9172745,-4.063405272662303,1.5213866233825684
1748791718.9508018,-4.0613855093470415,1.5198785066604614
1748791718.984427,-4.059469219884913,1.5204174518585205
1748791719.017839,-4.057705943327783,1.5204570293426514
1748791719.051246,-4.055877366283416,1.5206135511398315
1748791719.0847204,-4.0541266406170715,1.5194650888442993
1748791719.1181233,-4.052487638139809,1.5199207067489624
1748791719.1515284,-4.0508673022949235,1.5196775197982788
1748791719.184965,-4.049227079606129,1.5192352533340454
1748791719.2185419,-4.047556974373882,1.519302248954773
1748791719.2519493,-4.0459270503053055,1.5190422534942627
1748791719.2856195,-4.04449398850761,1.5181480646133423
1748791719.3191197,-4.042892464481577,1.5180788040161133
1748791719.3525229,-4.041394545426715,1.517706036567688
1748791719.3859303,-4.0399647366899725,1.5175175666809082
1748791719.4193823,-4.038998027639604,1.5169522762298584
1748791719.452825,-4.037499548387492,1.516356110572815
1748791719.486297,-4.036068353571707,1.516332983970642
1748791719.5197403,-4.034653279616481,1.5162278413772583
1748791719.5531812,-4.0332630724073715,1.5157647132873535
1748791719.5866015,-4.0318621106701675,1.5153322219848633
1748791719.6202419,-4.030521552488977,1.5145812034606934
1748791719.6536422,-4.0287362852670245,1.514693260192871
1748791719.6870992,-4.027307027498138,1.5137264728546143
1748791719.7205057,-4.025991249004284,1.5141888856887817
1748791719.7539482,-4.024730871295862,1.5143839120864868
1748791719.7875712,-4.023443517161224,1.5143498182296753
1748791719.8209932,-4.0222646556967785,1.514105200767517
1748791719.8544064,-4.0210208221044415,1.5145931243896484
1748791719.888642,-4.0198298057862765,1.5138270854949951
1748791719.92205,-4.018681522164624,1.514901876449585
1748791719.9554586,-4.017532034057277,1.5141122341156006
1748791719.9888618,-4.016330163261476,1.5147137641906738
1748791720.0222955,-4.015112476208317,1.5141547918319702
1748791720.0557353,-4.0139288403451925,1.514793038368225
1748791720.0891361,-4.012796653024491,1.5143924951553345
1748791720.1225843,-4.01171977039367,1.5145299434661865
1748791720.1559994,-4.011023530554941,1.5145131349563599
1748791720.189418,-4.0100078590913775,1.5145323276519775
1748791720.2228715,-4.009014455705694,1.5145167112350464
1748791720.2565606,-4.008075473101903,1.5145127773284912
1748791720.290025,-4.0070581218892425,1.5145078897476196
1748791720.3234613,-4.006152568407732,1.5145013332366943
1748791720.3568323,-4.005230775752331,1.514495611190796
1748791720.3904653,-4.004323354252098,1.514491319656372
1748791720.4238777,-4.003135966622063,1.5144857168197632
1748791720.4573646,-4.00226286782045,1.5144805908203125
1748791720.4908285,-4.001402187292568,1.51447331905365
1748791720.5243242,-4.000248277454729,1.5144684314727783
1748791720.5577278,-3.9994478115105165,1.5144662857055664
1748791720.5911248,-3.9986319906410577,1.5144588947296143
1748791720.6245437,-3.9978553886516868,1.51445472240448
1748791720.6579494,-3.997327185130169,1.5144526958465576
1748791720.6916912,-3.996260175670897,1.5144459009170532
1748791720.7251172,-3.9955647800931904,1.5144435167312622
1748791720.7584763,-3.995214214436938,1.514440894126892
1748791720.791883,-3.9950107198801152,1.5144387483596802
1748791720.8253329,-3.994897022827602,1.5144367218017578
1748791720.8587377,-3.9948435000528137,1.514435887336731
1748791720.8921685,-3.9948129308680915,1.5144325494766235
1748791720.9264395,-3.9947927892527355,1.514433741569519
1748791720.9598403,-3.9947841606495818,1.5144325494766235
1748791720.9932501,-3.9947793596515893,1.5144315958023071
1748791721.0266752,-3.9947764408941584,1.5144296884536743
1748791721.0600843,-3.9947734254560863,1.5144295692443848
1748791721.0935264,-3.994772176380843,1.514430284500122
1748791721.126999,-3.994770067566491,1.514428973197937
1748791721.1605716,-3.994769073375354,1.5144283771514893
1748791721.1939538,-3.994767579612165,1.5144261121749878
1748791721.2274466,-3.9947664123562094,1.514426827430725
1748791721.2608514,-3.9947642876100002,1.5144274234771729
1748791721.2942524,-3.994762685020514,1.5144262313842773
1748791721.3278263,-3.9947615218954757,1.5144256353378296
1748791721.3613703,-3.9947599094735815,1.5144232511520386
1748791721.3947766,-3.9947575812118594,1.5144240856170654
1748791721.4282188,-3.9947562620487114,1.5144253969192505
1748791721.4616215,-3.9947552450746104,1.5144234895706177
1748791721.4950268,-3.9947530907166704,1.51442289352417
1748791721.5284684,-3.9947512472337428,1.5144206285476685
1748791721.5619056,-3.994749718109404,1.5144212245941162
1748791721.5953088,-3.9947487595860554,1.514421820640564
1748791721.6287303,-3.994747047150173,1.514420747756958
1748791721.6621306,-3.994745868585692,1.5144200325012207
1748791721.696776,-3.994744246996772,1.5144177675247192
1748791721.730177,-3.9947429478245104,1.514418601989746
1748791721.7635896,-3.9947424553934234,1.5144199132919312
1748791721.7971122,-3.994740116967107,1.514418125152588
1748791721.830513,-3.9947396350363733,1.5144171714782715
1748791721.86391,-3.994738810408932,1.5144150257110596
1748791721.8975992,-3.9947373359040763,1.5144157409667969
1748791721.9310038,-3.994736293678073,1.5144158601760864
1748791721.964448,-3.9947350287343673,1.5144151449203491
1748791721.997919,-3.9947336121938455,1.5144144296646118
1748791722.0317955,-3.994732174864287,1.5144122838974
1748791722.065258,-3.994730764633522,1.5144134759902954
1748791722.0987077,-3.9947298357772683,1.5144144296646118
1748791722.1321542,-3.9947271749647837,1.5144126415252686
1748791722.165662,-3.9947259721139408,1.5144118070602417
1748791722.199068,-3.9947244631745806,1.5144095420837402
1748791722.2324672,-3.9947225838480698,1.5144106149673462
1748791722.2658646,-3.9947213811955615,1.5144108533859253
1748791722.2992744,-3.994720099475842,1.5144098997116089
1748791722.3326843,-3.99471796358073,1.514409065246582
1748791722.3660877,-3.994717364841827,1.514406681060791
1748791722.400098,-3.9947168988883046,1.5144076347351074
1748791722.433617,-3.9947154846840363,1.5144091844558716
1748791722.467026,-3.9947139479580853,1.5144069194793701
1748791722.5004284,-3.9947127106667613,1.5144063234329224
1748791722.5339074,-3.9947117594142383,1.514404058456421
1748791722.5673106,-3.994709503002169,1.5144048929214478
1748791722.6008549,-3.99470817009102,1.5144060850143433
1748791722.6342726,-3.994705829195525,1.5144041776657104
1748791722.6677501,-3.9947053471875766,1.5144034624099731
1748791722.7011495,-3.994703831321225,1.5144013166427612
1748791722.7355795,-3.9947031479104504,1.5144023895263672
1748791722.7689698,-3.9947017309769888,1.5144033432006836
1748791722.8023887,-3.9946992617315096,1.5144002437591553
1748791722.8358378,-3.994697952092326,1.514400601387024
1748791722.8692439,-3.9946964843005706,1.5143985748291016
1748791722.9027338,-3.99469521123752,1.5143992900848389
1748791722.9361749,-3.9946943972852007,1.514400601387024
1748791722.9695816,-3.9946924800334838,1.5143986940383911
1748791723.002982,-3.9946919515261885,1.5143980979919434
1748791723.0363855,-3.994689496284995,1.514396071434021
1748791723.0697458,-3.9946887053468103,1.5143959522247314
1748791723.1031516,-3.994687665817083,1.514397144317627
1748791723.1365495,-3.994685956507492,1.5143961906433105
1748791723.1699612,-3.994684548500503,1.5143951177597046
1748791723.203387,-3.994683117853999,1.5143929719924927
1748791723.237446,-3.9946822506540776,1.5143938064575195
1748791723.271724,-3.9946814488609945,1.5143951177597046
1748791723.3051257,-3.9946796486494573,1.5143920183181763
1748791723.338528,-3.994678110858956,1.5143917798995972
1748791723.3719947,-3.9946759201378996,1.5143929719924927
1748791723.4054997,-3.994673736090399,1.5143917798995972
1748791723.4399376,-3.9946723612776407,1.514392375946045
1748791723.473343,-3.9946717288928615,1.514389157295227
1748791723.5067346,-3.9946698255335735,1.5143890380859375
1748791723.5403316,-3.9946692459425357,1.514390230178833
1748791723.5742543,-3.994668603453059,1.5143883228302002
1748791723.6076605,-3.9946670171054595,1.5143896341323853
1748791723.641108,-3.994664392820712,1.514386534690857
1748791723.6745074,-3.994663602624265,1.5143862962722778
1748791723.7079132,-3.994662570656627,1.5143870115280151
1748791723.7901878,-3.9946591536796365,1.514386773109436
1748791723.823594,-3.9933647173154054,1.5156973600387573
1748791723.857192,-3.9899675272121646,1.5127050876617432
1748791723.892607,-3.9851297183806844,1.5070973634719849
1748791723.926101,-3.9771069075008962,1.4983537197113037
1748791723.959502,-3.9703561523372444,1.4883794784545898
1748791723.9933474,-3.960404369181655,1.480010747909546
1748791724.0267653,-3.9533908403094635,1.469887614250183
1748791724.0601726,-3.9463542851939124,1.461413025856018
1748791724.093855,-3.936573796844595,1.453477382659912
1748791724.1290314,-3.929197186633444,1.4424935579299927
1748791724.1624568,-3.921311283611858,1.4342327117919922
1748791724.1958733,-3.9119342389223513,1.4259668588638306
1748791724.2292848,-3.9047722021496387,1.4149389266967773
1748791724.2626982,-3.8971143724474233,1.4061120748519897
1748791724.296222,-3.8869820114929303,1.3981099128723145
1748791724.329673,-3.8798128018704134,1.3870704174041748
1748791724.363079,-3.8723968270826266,1.3790676593780518
1748791724.3964863,-3.864732656883594,1.3707869052886963
1748791724.4306197,-3.855091667636405,1.3597561120986938
1748791724.4640677,-3.8476742162545907,1.3514817953109741
1748791724.4975085,-3.839765082397803,1.343199372291565
1748791724.5312672,-3.8301263383837676,1.3321605920791626
1748791724.5646749,-3.822958431900419,1.3236067295074463
1748791724.5981793,-3.815296179966194,1.3156049251556396
1748791724.632291,-3.8081288347910642,1.307052493095398
1748791724.6672833,-3.7979949236246613,1.2960104942321777
1748791724.7007406,-3.7908267533873494,1.2874606847763062
1748791724.7346444,-3.780939060120223,1.277246117591858
1748791724.7688282,-3.7732763637554094,1.268689751625061
1748791724.8026898,-3.7636355376782253,1.2604013681411743
1748791724.836264,-3.7562181368166767,1.2490888833999634
1748791724.870032,-3.7488005830957154,1.240787386894226
1748791724.9051218,-3.738651931754639,1.2304531335830688
1748791724.9395323,-3.7312126218609483,1.2226394414901733
1748791724.973168,-3.7217961722503556,1.2149680852890015
1748791725.006728,-3.7141781580144038,1.2031878232955933
1748791725.0401313,-3.70702488005127,1.1950104236602783
1748791725.0736742,-3.698767016637343,1.1885195970535278
1748791725.1072838,-3.689116826811994,1.1783710718154907
1748791725.1412325,-3.681826246420248,1.1690768003463745
1748791725.175274,-3.6714786333338685,1.1613798141479492
1748791725.2086804,-3.6643147268522336,1.1511157751083374
1748791725.2420902,-3.6548493531730855,1.1446834802627563
1748791725.2766342,-3.6476249626592585,1.1324245929718018
1748791725.3101113,-3.640364152585759,1.124826431274414
1748791725.3454146,-3.63283879212977,1.1167415380477905
1748791725.379075,-3.623003467243762,1.1089482307434082
1748791725.4125135,-3.6155104199516455,1.0991815328598022
1748791725.4486506,-3.60788716636648,1.0917953252792358
1748791725.4841099,-3.5981067429100944,1.0836275815963745
1748791725.518977,-3.588050612804676,1.0756922960281372
1748791725.5523872,-3.5807565899960676,1.064692497253418
1748791725.586459,-3.57355350551512,1.057977318763733
1748791725.6204774,-3.563290352615182,1.0498472452163696
1748791725.6555119,-3.555980221306887,1.0429368019104004
1748791725.688928,-3.546210480976542,1.0366857051849365
1748791725.7223387,-3.538782686281409,1.0338490009307861
1748791725.7557447,-3.5317241618397337,1.0263837575912476
1748791725.7893698,-3.5245764545387526,1.0220494270324707
1748791725.824725,-3.514275467275212,1.0232945680618286
1748791725.8584638,-3.506436201102397,1.0247403383255005
1748791725.8925238,-3.4972533512438257,1.024140477180481
1748791725.9263113,-3.485657068137614,1.0247224569320679
1748791725.9605582,-3.4770520247930623,1.0368083715438843
1748791725.993966,-3.4641381429984612,1.0443800687789917
1748791726.0275614,-3.455044452815984,1.0555590391159058
1748791726.061086,-3.446592134613381,1.0640556812286377
1748791726.0964236,-3.4343532999373325,1.0707404613494873
1748791726.130526,-3.4262026540499337,1.0841681957244873
1748791726.1639416,-3.4155848784002862,1.091720700263977
1748791726.1989725,-3.4078091469920744,1.0999212265014648
1748791726.2323883,-3.399871876216722,1.1040339469909668
1748791726.2657967,-3.3889942856130717,1.1094589233398438
1748791726.3002365,-3.3817128747620124,1.1184029579162598
1748791726.3336732,-3.3740612691171132,1.1233229637145996
1748791726.3694584,-3.3638417272676446,1.1297615766525269
1748791726.4029186,-3.3563130707539943,1.136590600013733
1748791726.4367068,-3.348801989851219,1.142229437828064
1748791726.4701211,-3.33845278230335,1.1484792232513428
1748791726.5036867,-3.3310757788807237,1.153893232345581
1748791726.5377455,-3.320917701520221,1.1589560508728027
1748791726.5711546,-3.3134498103951033,1.1653773784637451
1748791726.6045632,-3.305747272882155,1.1713049411773682
1748791726.6383514,-3.297842970402488,1.1766276359558105
1748791726.6729574,-3.290656900743668,1.1852062940597534
1748791726.7099006,-3.280919774331418,1.193964958190918
1748791726.7461321,-3.273536862852511,1.1994524002075195
1748791726.779802,-3.26351478727414,1.2040997743606567
1748791726.8132029,-3.2557116772026125,1.2075096368789673
1748791726.8466165,-3.248333388949186,1.2115782499313354
1748791726.8800657,-3.2404680714864886,1.2111952304840088
1748791726.9135768,-3.2323308817643834,1.2125684022903442
1748791726.9469807,-3.2210377142221858,1.2175734043121338
1748791726.9803953,-3.2122213534341566,1.2195059061050415
1748791727.0138774,-3.201006601620854,1.218433141708374
1748791727.0472791,-3.1919958315736325,1.2158184051513672
1748791727.0822637,-3.1815012275370065,1.2051568031311035
1748791727.1159534,-3.1740056148227898,1.1912269592285156
1748791727.1567192,-3.165274940524278,1.1811678409576416
1748791727.190142,-3.1535116911836023,1.1740981340408325
1748791727.2235477,-3.1451758880909892,1.158721685409546
1748791727.2569766,-3.136144992543893,1.152318000793457
1748791727.290751,-3.125026949685197,1.1419832706451416
1748791727.3243096,-3.1164662750401306,1.1337103843688965
1748791727.3615465,-3.1083344538163957,1.1251516342163086
1748791727.395335,-3.0976026941051806,1.121037244796753
1748791727.4287918,-3.089457577407147,1.1145626306533813
1748791727.464533,-3.0785203613735197,1.1060982942581177
1748791727.499374,-3.071279126638024,1.0970995426177979
1748791727.5333629,-3.0642309402732244,1.0849008560180664
1748791727.5708997,-3.05553420923966,1.0699526071548462
1748791727.6046078,-3.045781169962622,1.0650476217269897
1748791727.6381145,-3.038836493489587,1.0543465614318848
1748791727.6715174,-3.0321214292796235,1.0503952503204346
1748791727.7052186,-3.023942979710338,1.040600299835205
1748791727.7386246,-3.0170707003169013,1.0292986631393433
1748791727.7720282,-3.008541615340152,1.0184481143951416
1748791727.8061635,-3.0015222031730593,1.0062861442565918
1748791727.8399053,-2.991679630371773,0.9968050122261047
1748791727.873453,-2.983571124751846,0.9790049195289612
1748791727.9068933,-2.975329881899287,0.9618868231773376
1748791727.9402952,-2.9665973977643962,0.9440997242927551
1748791727.9737031,-2.957408899440405,0.9259162545204163
1748791728.007102,-2.9479178223740186,0.9074378609657288
1748791728.040504,-2.9382364637320544,0.8888676166534424
1748791728.0739284,-2.925152460701092,0.8702844381332397
1748791728.1073344,-2.915613961458072,0.8522788882255554
1748791728.1407795,-2.905411345496235,0.8267046213150024
1748791728.1741908,-2.8955219230671645,0.8086144924163818
1748791728.2075908,-2.885622707862911,0.7892744541168213
1748791728.2410336,-2.87539729079109,0.7699180841445923
1748791728.2744558,-2.8625343795981575,0.75181645154953
1748791728.3078818,-2.8559376358240067,0.7330971956253052
1748791728.3413284,-2.8427502044267055,0.7143766283988953
1748791728.3757405,-2.83286265413904,0.6900461912155151
1748791728.4091442,-2.823292841643558,0.671234667301178
1748791728.4425848,-2.8125730377500857,0.655159056186676
1748791728.4760647,-2.7986588192728745,0.6325165629386902
1748791728.509669,-2.7893001682006,0.6142489314079285
1748791728.5431147,-2.775287966119422,0.5997865200042725
1748791728.5765388,-2.7643851101835035,0.5817191004753113
1748791728.6099575,-2.7546893954211504,0.5668097734451294
1748791728.6433654,-2.7446196106790124,0.5532425045967102
1748791728.6767826,-2.7343666951068,0.5368763208389282
1748791728.7101922,-2.720665496592309,0.5250442624092102
1748791728.7444112,-2.7100298489315846,0.5066573619842529
1748791728.7778769,-2.6966828226350623,0.4908490478992462
1748791728.81128,-2.6868022668686646,0.4807814359664917
1748791728.8450162,-2.675914335250766,0.4780735969543457
1748791728.87849,-2.6657339129312696,0.4742836654186249
1748791728.9119136,-2.65541144113907,0.46742695569992065
1748791728.9453611,-2.6444966945550994,0.4643910825252533
1748791728.9787676,-2.6342939037361854,0.46005669236183167
1748791729.0121677,-2.623259364064956,0.45319458842277527
1748791729.0456028,-2.613501679365887,0.4439540505409241
1748791729.0790086,-2.60317043717739,0.44002988934516907
1748791729.1124115,-2.5926785983349108,0.4362647533416748
1748791729.1458318,-2.582445373372166,0.42930659651756287
1748791729.1792905,-2.572134302302446,0.4218311309814453
1748791729.2127688,-2.5620232578887947,0.4115593135356903
1748791729.2462416,-2.5516095734771818,0.40634360909461975
1748791729.2796485,-2.541418437687552,0.40059030055999756
1748791729.3130076,-2.5305025758141064,0.39075806736946106
1748791729.3464372,-2.5200435882492416,0.3828515410423279
1748791729.379845,-2.510076879586977,0.37333908677101135
1748791729.413248,-2.5034230516269926,0.36509618163108826
1748791729.446831,-2.4928852536950443,0.3565646708011627
1748791729.4803636,-2.482426143398594,0.3472588062286377
1748791729.5137699,-2.4715918492967655,0.33817341923713684
1748791729.5471787,-2.457563769645687,0.32997727394104004
1748791729.580648,-2.4470508996724063,0.32136791944503784
1748791729.614062,-2.436820850830092,0.3111330270767212
1748791729.6474736,-2.426326256515583,0.3058612644672394
1748791729.680895,-2.4156216548161606,0.2933211624622345
1748791729.7143,-2.4049217785250314,0.28916189074516296
1748791729.747784,-2.39444376248884,0.28123071789741516
1748791729.7811813,-2.3840544602314244,0.2718852460384369
1748791729.814653,-2.3734604596008033,0.2643652558326721
1748791729.8481412,-2.3627857299116757,0.2556036710739136
1748791729.881543,-2.352290557038453,0.2481457144021988
1748791729.9149427,-2.3378937615999535,0.24027256667613983
1748791729.9483511,-2.3276197999873496,0.23422439396381378
1748791729.9817557,-2.3170057869520164,0.22577235102653503
1748791730.015165,-2.306041784913739,0.2197132408618927
1748791730.0486012,-2.2958106350566503,0.21376429498195648
1748791730.0819895,-2.2851631220192643,0.20927202701568604
1748791730.1154017,-2.274817880516314,0.2053411900997162
1748791730.1488783,-2.2638707744528945,0.20006872713565826
1748791730.183263,-2.253543308922267,0.19640448689460754
1748791730.2167327,-2.2389424018938255,0.19223813712596893
1748791730.2504327,-2.22793394525908,0.1890397071838379
1748791730.2838624,-2.2175751101854364,0.18803445994853973
1748791730.3174245,-2.2108150394149853,0.1847786009311676
1748791730.3508296,-2.196272029901897,0.18278898298740387
1748791730.3842444,-2.185288943543272,0.18317677080631256
1748791730.4186661,-2.1750524905638318,0.1805964559316635
1748791730.4520845,-2.16473512310503,0.17900632321834564
1748791730.4856858,-2.1540355326732334,0.17873477935791016
1748791730.519094,-2.1430016775859104,0.17857493460178375
1748791730.5526257,-2.132332225309928,0.17715749144554138
1748791730.5862808,-2.121678510674904,0.17739391326904297
1748791730.6197774,-2.1114314180747713,0.17849603295326233
1748791730.6532416,-2.1004713607374876,0.17974746227264404
1748791730.6866665,-2.090186188765323,0.17966100573539734
1748791730.7202275,-2.078827198516175,0.1802055984735489
1748791730.7536414,-2.0685149334343533,0.17952707409858704
1748791730.787017,-2.057827955038544,0.18025042116641998
1748791730.8204434,-2.0471604921694264,0.18152444064617157
1748791730.8540096,-2.036484074797555,0.18169885873794556
1748791730.8874202,-2.025459240616029,0.18269386887550354
1748791730.920956,-2.015153037319353,0.18349364399909973
1748791730.9544256,-2.0044924645850353,0.18454192578792572
1748791730.9878402,-1.9902822443111725,0.18590731918811798
1748791731.0213099,-1.9831728012971397,0.18657496571540833
1748791731.056024,-1.972511732446349,0.18829824030399323
1748791731.0894265,-1.9618409197793278,0.18889914453029633
1748791731.1228387,-1.951176094877451,0.1906142383813858
1748791731.156245,-1.9365956485118474,0.19184699654579163
1748791731.1896555,-1.9262867391742373,0.19251880049705505
1748791731.2230577,-1.9156743094169861,0.19533133506774902
1748791731.2564805,-1.9050506645562586,0.19698242843151093
1748791731.2899625,-1.8912072629879113,0.1971915364265442
1748791731.323401,-1.8799139281444819,0.19898998737335205
1748791731.3568003,-1.869739989040793,0.20257055759429932
1748791731.3901668,-1.8590802616970719,0.20283323526382446
1748791731.4235692,-1.8484331099240905,0.20521804690361023
1748791731.4569583,-1.8373447896913264,0.2049669474363327
1748791731.4903655,-1.8309370279316544,0.20786188542842865
1748791731.5237756,-1.8198867621614838,0.20885659754276276
1748791731.557229,-1.8052686857335027,0.20985844731330872
1748791731.5906386,-1.7953255877999892,0.21247893571853638
1748791731.6240897,-1.7839416954146003,0.21364031732082367
1748791731.657487,-1.7732705279679446,0.2146482616662979
1748791731.6908858,-1.76261877615383,0.2161429226398468
1748791731.7242925,-1.7558702381290912,0.2172924131155014
1748791731.757713,-1.7412875483600208,0.21724411845207214
1748791731.7911174,-1.7309845681376497,0.21931558847427368
1748791731.8247485,-1.7203260488860996,0.22043873369693756
1748791731.8579447,-1.7093092265280299,0.22083328664302826
1748791731.8913946,-1.699008549108663,0.22180496156215668
1748791731.9248095,-1.688721518780154,0.22401012480258942
1748791731.9582124,-1.6780566884040495,0.2249150276184082
1748791731.991619,-1.6634895852549136,0.22536663711071014
1748791732.025418,-1.6524703477184763,0.22604043781757355
1748791732.0589242,-1.6421638668786533,0.22562557458877563
1748791732.092361,-1.63183062875847,0.22704678773880005
1748791732.1257677,-1.6211417761784592,0.22672736644744873
1748791732.159291,-1.6101302775539048,0.22828316688537598
1748791732.1927035,-1.5997935324110721,0.22775276005268097
1748791732.2262323,-1.5883870325333722,0.22829720377922058
1748791732.259654,-1.578040795112923,0.22696532309055328
1748791732.293019,-1.5673331073955694,0.22799554467201233
1748791732.326418,-1.5570227216228643,0.2280861884355545
1748791732.3598247,-1.542468853412894,0.2272794097661972
1748791732.3932257,-1.5318079097689634,0.22704967856407166
1748791732.426698,-1.521168085903329,0.22655785083770752
1748791732.4601007,-1.5070271018425325,0.22730940580368042
1748791732.4935246,-1.496415416968144,0.22525440156459808
1748791732.5269985,-1.4854600220272058,0.22644732892513275
1748791732.5604713,-1.474857817401242,0.22463826835155487
1748791732.5939283,-1.4649514014682257,0.22458969056606293
1748791732.627359,-1.4543257905329927,0.22475332021713257
1748791732.6608193,-1.4433238951981553,0.2237819880247116
1748791732.6941712,-1.432674703628754,0.22149404883384705
1748791732.727597,-1.4220494653919349,0.21941246092319489
1748791732.7610033,-1.411398783126643,0.21767470240592957
1748791732.794462,-1.4010866245298055,0.21757903695106506
1748791732.8278663,-1.39008300268568,0.21630065143108368
1748791732.8613071,-1.379415274834408,0.2154291421175003
1748791732.895729,-1.37231560673229,0.21393173933029175
1748791732.9292226,-1.3616865609610884,0.21179531514644623
1748791732.9626508,-1.3513722134969723,0.21035216748714447
1748791732.9961052,-1.3404146479297396,0.20689862966537476
1748791733.0295568,-1.3297386983342259,0.20571595430374146
1748791733.0630355,-1.3190785089025114,0.20396852493286133
1748791733.0964465,-1.3084085765640967,0.2026413381099701
1748791733.1299596,-1.297757060547517,0.20046672224998474
1748791733.1633677,-1.283209724821541,0.19787350296974182
1748791733.1969755,-1.272573953154291,0.19499163329601288
1748791733.23048,-1.265838664357099,0.19200961291790009
1748791733.2639067,-1.2548352056608048,0.1894593983888626
1748791733.2975678,-1.2445740716260405,0.18586313724517822
1748791733.3309922,-1.2339300228971333,0.1829068958759308
1748791733.3644,-1.2196649726735815,0.1813584566116333
1748791733.397807,-1.209009254371755,0.17736314237117767
1748791733.4312108,-1.1987402336738648,0.17359919846057892
1748791733.4647627,-1.188101462747953,0.1700592041015625
1748791733.4981675,-1.1771156026315046,0.1661681830883026
1748791733.5315828,-1.1667591029753646,0.1633739173412323
1748791733.5662026,-1.1553874208737114,0.15938696265220642
1748791733.6004126,-1.1450418667619249,0.15677520632743835
1748791733.6339953,-1.1344067956034711,0.15236234664916992
1748791733.6679552,-1.1237409168680903,0.14913198351860046
1748791733.701376,-1.113053218100887,0.14616374671459198
1748791733.734783,-1.1024522354464117,0.14180459082126617
1748791733.7682562,-1.0914390189861782,0.13873900473117828
1748791733.801803,-1.0815020273484228,0.13471101224422455
1748791733.8352184,-1.0707950889558635,0.1318914294242859
1748791733.8686354,-1.0598561023224555,0.1268945336341858
1748791733.9020321,-1.0495191910533852,0.12346567213535309
1748791733.9359596,-1.0381636881049459,0.12023676931858063
1748791733.9693685,-1.027825648904063,0.11586722731590271
1748791734.0027661,-1.017547261217012,0.11206275969743729
1748791734.0362184,-1.0066598576020696,0.10695474594831467
1748791734.0696654,-0.9959690441006985,0.10437067598104477
1748791734.1030724,-0.9853255764379755,0.10209575295448303
1748791734.1364937,-0.9751401645288851,0.09564213454723358
1748791734.1699016,-0.9644554131299241,0.09271019697189331
1748791734.2034283,-0.953828025143242,0.08855853974819183
1748791734.236831,-0.9429165467108226,0.08354687690734863
1748791734.2703047,-0.931891634345641,0.08068259805440903
1748791734.3037035,-0.921269080835477,0.07652613520622253
1748791734.3371441,-0.9110993213655194,0.07077515870332718
1748791734.3705301,-0.8969188897047982,0.06567490845918655
1748791734.403945,-0.8862745910521691,0.061669234186410904
1748791734.4373474,-0.876004960319328,0.05694234371185303
1748791734.4707973,-0.8653195443268641,0.053322263062000275
1748791734.5042288,-0.8543205055588021,0.04882649704813957
1748791734.5376322,-0.8440082298761185,0.04501337930560112
1748791734.5710695,-0.833022269824625,0.04014172405004501
1748791734.6045024,-0.8223466130254558,0.03630495071411133
1748791734.637906,-0.8116766796727203,0.032214049249887466
1748791734.671696,-0.8010778280221845,0.02736002951860428
1748791734.7051392,-0.7903558154916664,0.023734835907816887
1748791734.7385497,-0.7800652878061541,0.018517376855015755
1748791734.7719665,-0.7693803935264948,0.01444944180548191
1748791734.805497,-0.7583074099765718,0.011124756187200546
1748791734.838978,-0.7476559460065656,0.008480272255837917
1748791734.8725052,-0.7370691854691646,0.003958147019147873
1748791734.9059565,-0.7264743879506534,-0.0006941661122255027
1748791734.939647,-0.7158760304992199,-0.005739355925470591
1748791734.973009,-0.7051713831571191,-0.008080460131168365
1748791735.0064108,-0.6942494003883869,-0.014723285101354122
1748791735.0401986,-0.6839818110597122,-0.0187928956001997
1748791735.073601,-0.6732985394699098,-0.021849747747182846
1748791735.1070015,-0.6627762770649445,-0.027570931240916252
1748791735.1404102,-0.6521351385517542,-0.03053401969373226
1748791735.1738348,-0.6376381958371172,-0.03460805490612984
1748791735.2072124,-0.6278282620807234,-0.04022861272096634
1748791735.2407076,-0.6171474870317751,-0.04379134997725487
1748791735.2740877,-0.606521309768191,-0.04968606308102608
1748791735.3074906,-0.5955802142701927,-0.055106278508901596
1748791735.3409462,-0.5849167071320409,-0.05893593654036522
1748791735.3743577,-0.5742762626004582,-0.06305211037397385
1748791735.4077594,-0.5636568594921361,-0.067350834608078
1748791735.441158,-0.5530490788862603,-0.07208029925823212
1748791735.4746253,-0.5388725311860706,-0.07617436349391937
1748791735.508034,-0.5282157678930071,-0.0793921947479248
1748791735.5414276,-0.5176026587893415,-0.08491775393486023
1748791735.5748303,-0.5073147502551022,-0.08863086253404617
1748791735.6082306,-0.49631334218809925,-0.09207064658403397
1748791735.6416528,-0.4857114617799472,-0.09693075716495514
1748791735.6750994,-0.47502128206148914,-0.10005863755941391
1748791735.7085152,-0.4643552215161835,-0.10371962189674377
1748791735.7420032,-0.45020821047924414,-0.10873101651668549
1748791735.776294,-0.43951843925975154,-0.11353644728660583
1748791735.8097086,-0.4285542890541609,-0.11839239299297333
1748791735.843133,-0.41832262161716693,-0.12361171841621399
1748791735.8765416,-0.4073649724386111,-0.12855182588100433
1748791735.9099462,-0.3974490140735211,-0.13278090953826904
1748791735.9433446,-0.3864476112553934,-0.1371845006942749
1748791735.9767883,-0.37589197319354295,-0.1429358273744583
1748791736.0101893,-0.3655848279493157,-0.14695662260055542
1748791736.043633,-0.3549717221038813,-0.15217262506484985
1748791736.0770695,-0.3443688393793889,-0.15688103437423706
1748791736.1104956,-0.33335614644351813,-0.15939365327358246
1748791736.1438649,-0.3228212975504924,-0.16540084779262543
1748791736.1774287,-0.31219393151616054,-0.16981865465641022
1748791736.2109041,-0.305067928603029,-0.17295055091381073
1748791736.244451,-0.29409594748621415,-0.17716683447360992
1748791736.2778165,-0.28396375947005625,-0.18283431231975555
1748791736.3112345,-0.2735666188901923,-0.18758192658424377
1748791736.344654,-0.26300282036643485,-0.192291259765625
1748791736.378098,-0.2523220154234889,-0.1938782036304474
1748791736.4115024,-0.24206098776512866,-0.19825275242328644
1748791736.4449182,-0.2313049567861684,-0.2050175666809082
1748791736.4783537,-0.2167565854128964,-0.20800048112869263
1748791736.5117886,-0.20680826891617282,-0.21130076050758362
1748791736.545216,-0.19584204018038726,-0.21428349614143372
1748791736.5786152,-0.1854479644059766,-0.22011499106884003
1748791736.6120477,-0.1752796564075717,-0.22398419678211212
1748791736.645483,-0.16431406855609046,-0.2253173440694809
1748791736.678912,-0.15377641884793966,-0.22887249290943146
1748791736.7123165,-0.14323828395804725,-0.23330266773700714
1748791736.745772,-0.13295337887486794,-0.2365962415933609
1748791736.7792258,-0.12202474929441873,-0.24153156578540802
1748791736.8126633,-0.11142409399133499,-0.24114657938480377
1748791736.8460429,-0.10455746438788159,-0.24445906281471252
1748791736.8794537,-0.09074730155502607,-0.2444392591714859
1748791736.9128776,-0.08068631675881108,-0.24493439495563507
1748791736.9462771,-0.0734835714349714,-0.2502140402793884
1748791736.9797573,-0.06315108844138201,-0.2509377598762512
1748791737.0131845,-0.0531287241015263,-0.25125691294670105
1748791737.0467029,-0.04244511207616282,-0.25462770462036133
1748791737.0801196,-0.03231464898983515,-0.2564837634563446
1748791737.1135392,-0.021750761895247325,-0.257718563079834
1748791737.1469476,-0.011163011274251643,-0.2606770098209381
1748791737.180496,-0.0001207087003126852,-0.26192954182624817
1748791737.2138608,0.01055005588001947,-0.26384109258651733
1748791737.2473457,0.021211100603107016,-0.26546919345855713
1748791737.280814,0.032273784859529156,-0.2677505612373352
1748791737.3142364,0.0422042372922001,-0.2706301808357239
1748791737.3476863,0.053179163433134134,-0.2724137306213379
1748791737.3810985,0.06342500888355503,-0.27577120065689087
1748791737.4145634,0.0744199037656291,-0.28025558590888977
1748791737.447965,0.0850152239873828,-0.28459179401397705
1748791737.481436,0.09557031753297143,-0.2893827557563782
1748791737.5148702,0.106196423764027,-0.29353657364845276
1748791737.5482845,0.12073636523304161,-0.2986659109592438
1748791737.581693,0.13102101145611764,-0.302490770816803
1748791737.6150942,0.14515848643490886,-0.3073137402534485
1748791737.6484551,0.1557656305954209,-0.3121444582939148
1748791737.6818676,0.16643166528308642,-0.3166927099227905
1748791737.7152665,0.17702329923491059,-0.3214932978153229
1748791737.7486784,0.187640401802168,-0.32444214820861816
1748791737.782215,0.1982511258192755,-0.3294707238674164
1748791737.8156264,0.20893359691811145,-0.3333394527435303
1748791737.8490736,0.21980586344144945,-0.34110772609710693
1748791737.8825538,0.23049017996187846,-0.34393075108528137
1748791737.9165258,0.24060110109161048,-0.3505839705467224
1748791737.9499373,0.2511840565077148,-0.35573136806488037
1748791737.9834325,0.26180540695837407,-0.3591881990432739
1748791738.0169,0.26882468845571955,-0.36625757813453674
1748791738.0510597,0.2794588790055243,-0.3707379400730133
1748791738.0844774,0.2936167507293725,-0.3768821656703949
1748791738.1178873,0.303935991821329,-0.3809985816478729
1748791738.1514215,0.31136213541673374,-0.38592982292175293
1748791738.184867,0.32180106916036244,-0.3931790590286255
1748791738.2182682,0.332242133618664,-0.40060266852378845
1748791738.2517178,0.34242816125339076,-0.4068716764450073
1748791738.2852309,0.3534325269009139,-0.41156819462776184
1748791738.318738,0.36430108697467517,-0.41813406348228455
1748791738.3522246,0.3742423972180649,-0.42176946997642517
1748791738.3856504,0.3849457049927635,-0.42924582958221436
1748791738.4190695,0.39549957313533124,-0.433566689491272
1748791738.4527469,0.40555684254033403,-0.4377540349960327
1748791738.4862113,0.416286231331289,-0.4447312355041504
1748791738.5196657,0.42324847988564596,-0.4513109028339386
1748791738.5542471,0.43389504406882257,-0.45491844415664673
1748791738.5876853,0.44399587668428825,-0.46428394317626953
1748791738.6213753,0.4577613782544982,-0.46919742226600647
1748791738.654868,0.4681444433796998,-0.4781642258167267
1748791738.6882863,0.47856867728705854,-0.48529404401779175
1748791738.7216897,0.48877081115214066,-0.49148717522621155
1748791738.7551122,0.4996890721436026,-0.4984022080898285
1748791738.7884674,0.5096009849497114,-0.5078155398368835
1748791738.8218691,0.5201534971762675,-0.5157931447029114
1748791738.8552325,0.5306253819338548,-0.5270891189575195
1748791738.8886013,0.5407305427290001,-0.5330896973609924
1748791738.922068,0.5512540907678509,-0.5430098176002502
1748791738.9554868,0.560899973994598,-0.5558302998542786
1748791738.9888942,0.5712872387648537,-0.5634689927101135
1748791739.0222993,0.5816605026478544,-0.5726101398468018
1748791739.055703,0.5953230764125813,-0.5799890160560608
1748791739.0891192,0.6063082048166702,-0.5885470509529114
1748791739.1225166,0.6167956657443762,-0.5968798995018005
1748791739.1559272,0.6272463615342931,-0.6050511598587036
1748791739.1893022,0.637188812819558,-0.6151301264762878
1748791739.2227151,0.648224082946988,-0.6203839778900146
1748791739.256136,0.6592119652313962,-0.6274480819702148
1748791739.2895403,0.6695148741007088,-0.6335678100585938
1748791739.3229375,0.6835102690697757,-0.6413804292678833
1748791739.3563535,0.6942000170702766,-0.6468130350112915
1748791739.3897066,0.7045217186415221,-0.6549270153045654
1748791739.4231052,0.7153429241654494,-0.6606887578964233
1748791739.4565096,0.7259263126914973,-0.6654258966445923
1748791739.4899457,0.7360548771917311,-0.6697322726249695
1748791739.5233643,0.7430641262910903,-0.6758683323860168
1748791739.5568254,0.7536034561881635,-0.6819769740104675
1748791739.5904145,0.764198154098896,-0.6876466870307922
1748791739.623814,0.7744138578019156,-0.6933401823043823
1748791739.6572332,0.7854409734998192,-0.6957117319107056
1748791739.6906517,0.7924799134206902,-0.7016879916191101
1748791739.7240565,0.8031282914324973,-0.7058494687080383
1748791739.7575274,0.8137533751090901,-0.7116020321846008
1748791739.7909286,0.82408303720127,-0.7159473299980164
1748791739.8245559,0.8347042442726227,-0.7216042280197144
1748791739.8579576,0.8453579425217138,-0.7242352366447449
1748791739.8926651,0.8562816825764361,-0.7301627993583679
1748791739.9261312,0.8669330283663085,-0.7356963157653809
1748791739.9595292,0.8775808902414555,-0.7396630644798279
1748791739.9929292,0.8878313406736777,-0.7446162104606628
1748791740.0263422,0.8988429718757844,-0.7475841641426086
1748791740.059756,0.912962894312159,-0.7540776133537292
1748791740.0931907,0.9235859527893865,-0.75826096534729
1748791740.1266072,0.9341891613946827,-0.7629239559173584
1748791740.1606493,0.9448335430560136,-0.7666927576065063
1748791740.1941686,0.9554524448227784,-0.7711236476898193
1748791740.2275827,0.9659943198620791,-0.7767473459243774
1748791740.2610452,0.9766346809612515,-0.7791980504989624
1748791740.294475,0.9872681014260708,-0.784575879573822
1748791740.327878,0.9978732153976799,-0.7891847491264343
1748791740.3612807,1.0084355729876546,-0.7948325276374817
1748791740.395561,1.019077404400099,-0.7984803318977356
1748791740.42906,1.0297496504842256,-0.8014248013496399
1748791740.4624634,1.0399631483432783,-0.8062765002250671
1748791740.495866,1.050922569785091,-0.8104331493377686
1748791740.5292704,1.0615555074096519,-0.8128646612167358
1748791740.5627463,1.0718225605222151,-0.8181546330451965
1748791740.596145,1.0827535836441016,-0.822712242603302
1748791740.629551,1.0930799143205348,-0.8247973918914795
1748791740.6629622,1.1039552569554705,-0.8294458985328674
1748791740.6963706,1.1140723115652595,-0.8342950344085693
1748791740.729755,1.12470287701037,-0.8372482657432556
1748791740.7631543,1.1353308423811608,-0.840838611125946
1748791740.7965767,1.145960098885205,-0.8446106314659119
1748791740.8299828,1.1569269164090161,-0.8490346074104309
1748791740.8636606,1.167917584330135,-0.8526995778083801
1748791740.8971093,1.1814055788843763,-0.8558030128479004
1748791740.930516,1.192378884553041,-0.8612051010131836
1748791740.9639485,1.2030108932375625,-0.8650345206260681
1748791740.9973798,1.213232540888993,-0.8699777722358704
1748791741.0314496,1.2242084317284119,-0.8739641904830933
1748791741.0648484,1.2345157103660527,-0.8770451545715332
1748791741.0983398,1.245762003989801,-0.8823884725570679
1748791741.1317587,1.2560234218273607,-0.8856885433197021
1748791741.165139,1.2667105155588605,-0.8881431221961975
1748791741.198854,1.2776546771778494,-0.892281711101532
1748791741.232467,1.2875403239478218,-0.8966800570487976
1748791741.2658806,1.298508659609342,-0.9007154107093811
1748791741.2994626,1.3091304015497085,-0.9050357341766357
1748791741.3328774,1.3194236180204704,-0.9085922241210938
1748791741.3663168,1.3307867112363376,-0.9118728637695312
1748791741.3997946,1.3410852806557976,-0.9149815440177917
1748791741.433211,1.3516563958993408,-0.9198880791664124
1748791741.4666119,1.3658292517205617,-0.9238455891609192
1748791741.5000114,1.3765067104461741,-0.9260207414627075
1748791741.5334282,1.3832048702245372,-0.9310253262519836
1748791741.5668275,1.3938927636919276,-0.9335864782333374
1748791741.6002817,1.4045321761432434,-0.9379410147666931
1748791741.63378,1.4155143692740977,-0.9415613412857056
1748791741.6672165,1.4264670850120535,-0.946223258972168
1748791741.7007844,1.4363996494809201,-0.9497711658477783
1748791741.734199,1.4474027129584128,-0.9529944658279419
1748791741.767752,1.4615177139727866,-0.9581371545791626
1748791741.8012319,1.46827424890963,-0.9616025686264038
1748791741.8346376,1.4824895974965961,-0.9657821655273438
1748791741.86829,1.4900027795776454,-0.9677656292915344
1748791741.9016752,1.5006684250138254,-0.9718199968338013
1748791741.9364462,1.5113298545258849,-0.9756097197532654
1748791741.9698465,1.5219531425358765,-0.9800136685371399
1748791742.003254,1.5326727870470798,-0.9822743535041809
1748791742.0367718,1.5436254996482053,-0.9870834946632385
1748791742.0702693,1.5535008569623368,-0.9915206432342529
1748791742.1036823,1.564498390758122,-0.9948248863220215
1748791742.137415,1.575123984283466,-0.9989114999771118
1748791742.1708782,1.5857526992117206,-1.0027097463607788
1748791742.2043843,1.596390840643799,-1.0063300132751465
1748791742.2378395,1.6102037088000447,-1.0102282762527466
1748791742.2712915,1.6172976239969759,-1.0138202905654907
1748791742.304821,1.6318162149099933,-1.0191739797592163
1748791742.33824,1.6420563617460138,-1.023684024810791
1748791742.3716898,1.6530651498393714,-1.027083396911621
1748791742.4052489,1.6636703174197232,-1.0315216779708862
1748791742.4386551,1.6743226440730856,-1.0347585678100586
1748791742.4720652,1.6849603562219986,-1.038514494895935
1748791742.5054874,1.695588673993232,-1.0424106121063232
1748791742.538924,1.7061976929378677,-1.0468854904174805
1748791742.5723293,1.7200058483155263,-1.050917148590088
1748791742.6066496,1.7309782555954951,-1.0568382740020752
1748791742.6400332,1.7416004419765596,-1.060850739479065
1748791742.6737587,1.7522824316962664,-1.0636093616485596
1748791742.7071686,1.7664505732847826,-1.0675764083862305
1748791742.7405565,1.7767071852447858,-1.0729072093963623
1748791742.7739906,1.7877105540712712,-1.0765267610549927
1748791742.8073976,1.7982498737988317,-1.081536054611206
1748791742.840809,1.8088678060480254,-1.08549964427948
1748791742.8742504,1.8195350118432256,-1.0889803171157837
1748791742.9076507,1.830510218457001,-1.093740463256836
1748791742.941052,1.8411854655560194,-1.0973209142684937
1748791742.974545,1.8518452490528474,-1.10114324092865
1748791743.0086155,1.862447611928242,-1.1062133312225342
1748791743.042109,1.8727467176262629,-1.1095647811889648
1748791743.0755124,1.8869273129267499,-1.112943172454834
1748791743.108909,1.8978478381162243,-1.119155764579773
1748791743.1423655,1.9081149539786735,-1.1234385967254639
1748791743.175771,1.9187515552671441,-1.127752423286438
1748791743.209184,1.928958466093707,-1.1329237222671509
1748791743.2425876,1.940030768202432,-1.1356751918792725
1748791743.275991,1.9510026285788737,-1.1406240463256836
1748791743.3094,1.9623596272091772,-1.1441566944122314
1748791743.342981,1.9719317818896402,-1.1486361026763916
1748791743.376389,1.9861856376121423,-1.151678442955017
1748791743.4098217,1.9964300927478362,-1.1578803062438965
1748791743.4432237,2.007362892903238,-1.1630243062973022
1748791743.476792,2.017645618046336,-1.1673825979232788
1748791743.5101953,2.028654302948281,-1.1714657545089722
1748791743.5435963,2.039347929508675,-1.1747701168060303
1748791743.5770006,2.049959162620525,-1.1793217658996582
1748791743.6104128,2.0605911605088973,-1.1834591627120972
1748791743.643816,2.071231251489205,-1.1874042749404907
1748791743.6772926,2.081869531198773,-1.1911922693252563
1748791743.7106967,2.092419173724153,-1.1968801021575928
1748791743.7440991,2.1031028094172752,-1.2002769708633423
1748791743.7776716,2.113369924836946,-1.2048190832138062
1748791743.8111339,2.1243428526570067,-1.2089115381240845
1748791743.8444955,2.134965714540586,-1.2135605812072754
1748791743.8778925,2.1456494575988296,-1.2169206142425537
1748791743.9112883,2.1562209602166704,-1.2222870588302612
1748791743.9450104,2.166885552204438,-1.2263151407241821
1748791743.9784694,2.1779151410923485,-1.230023980140686
1748791744.011866,2.191694095155756,-1.2348413467407227
1748791744.0452774,2.2022709509513696,-1.2410472631454468
1748791744.0787263,2.2133023985194744,-1.243697166442871
1748791744.1121857,2.2238402348017368,-1.2472470998764038
1748791744.14559,2.234063470948834,-1.2529220581054688
1748791744.1790864,2.244708103426714,-1.2567635774612427
1748791744.2129776,2.2553180920203997,-1.260391116142273
1748791744.2474053,2.265982761352609,-1.264556884765625
1748791744.2808135,2.276299191557221,-1.2693352699279785
1748791744.3142378,2.2868680928677794,-1.2727550268173218
1748791744.3476398,2.2939276719028383,-1.2776780128479004
1748791744.3811393,2.304928926165158,-1.2816498279571533
1748791744.414555,2.315924316450709,-1.2857944965362549
1748791744.4479876,2.3268708243532457,-1.2908445596694946
1748791744.4813945,2.340412032613534,-1.2940964698791504
1748791744.5148284,2.3514052736394704,-1.2993230819702148
1748791744.5482783,2.361745999261914,-1.3038657903671265
1748791744.581692,2.372285482558134,-1.3091297149658203
1748791744.6150987,2.3832467457935156,-1.3134742975234985
1748791744.6484835,2.3935151788284967,-1.3181343078613281
1748791744.6819253,2.4045660760860366,-1.3214178085327148
1748791744.7153256,2.4183434244852458,-1.3264575004577637
1748791744.7487347,2.42891339335502,-1.3322906494140625
1748791744.7821288,2.435673147539795,-1.3366962671279907
1748791744.8155355,2.446650826437867,-1.341691255569458
1748791744.8489897,2.457629228546337,-1.3464082479476929
1748791744.8824008,2.4679452356229707,-1.3505816459655762
1748791744.915901,2.478580383345637,-1.3552722930908203
1748791744.9493093,2.489591105509071,-1.359315037727356
1748791744.9827173,2.5034172539249173,-1.3637444972991943
1748791745.0161526,2.514065387530186,-1.3674088716506958
1748791745.0495772,2.5246531721444314,-1.3721450567245483
1748791745.083019,2.5352558934935105,-1.3782517910003662
1748791745.1165426,2.5458938706796643,-1.382176399230957
1748791745.1499476,2.556524200218066,-1.3860745429992676
1748791745.1834044,2.5632672815089173,-1.3885061740875244
1748791745.2168057,2.5739018925876245,-1.390994668006897
1748791745.250211,2.5848637878946032,-1.397105097770691
1748791745.2835698,2.5954916419026164,-1.4009681940078735
1748791745.3170938,2.6061205595926147,-1.4049453735351562
1748791745.3504992,2.616753039915187,-1.4087295532226562
1748791745.3843014,2.6270477936526535,-1.411890983581543
1748791745.4178488,2.6380295378669927,-1.415926456451416
1748791745.4512544,2.6486439760194225,-1.4198930263519287
1748791745.4849045,2.659292322185612,-1.4229862689971924
1748791745.518316,2.6696004962537825,-1.4255403280258179
1748791745.5517285,2.680571803254105,-1.4294401407241821
1748791745.5852463,2.6915494480141096,-1.4331797361373901
1748791745.618664,2.701800824657096,-1.4374172687530518
1748791745.6527536,2.712452411674309,-1.4396027326583862
1748791745.6861708,2.7231298570054285,-1.44020676612854
1748791745.719621,2.737219398384461,-1.4440925121307373
1748791745.7530339,2.7478021280084715,-1.4498459100723267
1748791745.7865229,2.7581758265532565,-1.4566071033477783
1748791745.819927,2.7686580669471255,-1.4596625566482544
1748791745.8533447,2.7792373221416753,-1.4617419242858887
1748791745.8867805,2.789368236741811,-1.4666128158569336
1748791745.920181,2.8000854651320846,-1.473013162612915
1748791745.953593,2.8106601466827397,-1.4756107330322266
1748791745.9870331,2.8207685842823653,-1.4819610118865967
1748791746.0204473,2.8315978174293455,-1.4836229085922241
1748791746.0539773,2.8455458038017567,-1.4816615581512451
1748791746.0873926,2.8555161095340407,-1.4847157001495361
1748791746.1208274,2.8662914656622065,-1.4892574548721313
1748791746.1542423,2.876783712671392,-1.49407160282135
1748791746.187673,2.8876914237347298,-1.4941478967666626
1748791746.221109,2.8979286479628112,-1.493765950202942
1748791746.254511,2.9088596123619594,-1.4964346885681152
1748791746.2879448,2.9189157743655185,-1.5023137331008911
1748791746.321345,2.9327604751122127,-1.503062129020691
1748791746.3547516,2.943067972889835,-1.5080184936523438
1748791746.3881607,2.953552461055422,-1.5093724727630615
1748791746.4215808,2.964113037471841,-1.5109275579452515
1748791746.455005,2.9743543003695594,-1.5129952430725098
1748791746.4883919,2.9853280073434583,-1.5155327320098877
1748791746.5218055,2.996001853010388,-1.517080307006836
1748791746.555186,3.006288988450675,-1.5198216438293457
1748791746.588633,3.017302871597045,-1.5217617750167847
1748791746.6220453,3.028310763064588,-1.5244101285934448
1748791746.655504,3.038504760937545,-1.5295372009277344
1748791746.688905,3.04919826781612,-1.5309033393859863
1748791746.7223854,3.0598717055633666,-1.5345977544784546
1748791746.7557933,3.070548585219126,-1.5371865034103394
1748791746.789238,3.0815494648474555,-1.5403882265090942
1748791746.82269,3.092156514260112,-1.5393054485321045
1748791746.8560576,3.101947827640766,-1.5365571975708008
1748791746.8894646,3.1165161070264547,-1.538166880607605
1748791746.922877,3.1265903549705527,-1.5422847270965576
1748791746.956289,3.137144434153865,-1.5427793264389038
1748791746.9896889,3.147772306350571,-1.5391407012939453
1748791747.0231018,3.1577562508713974,-1.5395128726959229
1748791747.0565143,3.171610135833694,-1.5414478778839111
1748791747.089947,3.182004511630296,-1.5392359495162964
1748791747.1235054,3.1924531250131127,-1.5364927053451538
1748791747.1569235,3.202991016019477,-1.5340129137039185
1748791747.1903346,3.213596017523427,-1.5328534841537476
1748791747.2237358,3.224234055090569,-1.5323679447174072
1748791747.2571416,3.2344943125992507,-1.5327401161193848
1748791747.2905102,3.245413995097621,-1.5356734991073608
1748791747.3239238,3.2555219953422276,-1.5335311889648438
1748791747.3573468,3.266303182467004,-1.534825325012207
1748791747.3907878,3.27667476758853,-1.532065510749817
1748791747.42423,3.290013584382163,-1.524126410484314
1748791747.4576344,3.297142662955804,-1.5208097696304321
1748791747.4912167,3.307173721761348,-1.5207202434539795
1748791747.5247133,3.320758391963161,-1.5175315141677856
1748791747.558115,3.327794968821802,-1.5181270837783813
1748791747.5916188,3.3413990264746842,-1.5182219743728638
1748791747.6250217,3.352143981431524,-1.5178300142288208
1748791747.658456,3.359110194739617,-1.5200880765914917
1748791747.6918533,3.3725895357873656,-1.5187315940856934
1748791747.725251,3.383444917450919,-1.517614722251892
1748791747.75868,3.3936476887066,-1.5155746936798096
1748791747.7920792,3.404554147024659,-1.5171937942504883
1748791747.8254943,3.414438111745366,-1.518214464187622
1748791747.8589017,3.425419230314957,-1.5177927017211914
1748791747.8923635,3.4360621416991877,-1.5179665088653564
1748791747.925878,3.4467137248479247,-1.5178477764129639
1748791747.9593055,3.4573697652116038,-1.5178877115249634
1748791747.992713,3.4680287630054067,-1.5178558826446533
1748791748.0261443,3.478688712772606,-1.517848014831543
1748791748.0598226,3.4929023049285477,-1.517837405204773
1748791748.093232,3.5032079530871516,-1.517819881439209
1748791748.1266396,3.5138688803753544,-1.5178080797195435
1748791748.1601744,3.524885061517997,-1.5177949666976929
1748791748.1935792,3.5355450617985755,-1.5177836418151855
1748791748.2269936,3.5462050367962514,-1.5177712440490723
1748791748.2606108,3.560418679557628,-1.5177592039108276
1748791748.294663,3.5710787051761472,-1.5177429914474487
1748791748.3280725,3.5813834263891136,-1.5177308320999146
1748791748.3614354,3.5927530327026247,-1.5177185535430908
1748791748.3953543,3.6030568522235935,-1.5177063941955566
1748791748.4287612,3.6137164259152335,-1.517780065536499
1748791748.4623058,3.6243609806301595,-1.519187092781067
1748791748.4966347,3.635365991572901,-1.5204440355300903
1748791748.5300353,3.649225305829728,-1.5208262205123901
1748791748.5634391,3.659528704817567,-1.521302580833435
1748791748.5968523,3.6705369319454144,-1.5216854810714722
1748791748.630267,3.681131173821465,-1.525296688079834
1748791748.664029,3.6914461253588784,-1.5252958536148071
1748791748.6974332,3.7024680608932354,-1.5267245769500732
1748791748.7308342,3.7134993928385582,-1.5278148651123047
1748791748.7642379,3.724214226251317,-1.5281498432159424
1748791748.7976608,3.734553602242162,-1.5293022394180298
1748791748.83106,3.7452078347700293,-1.5303902626037598
1748791748.864753,3.756212648059679,-1.5303517580032349
1748791748.898405,3.7668622986813904,-1.5313069820404053
1748791748.9318368,3.7771246497586795,-1.5329549312591553
1748791748.9654465,3.787760995253958,-1.5321260690689087
1748791748.9988506,3.798383974506446,-1.5333205461502075
1748791749.0322928,3.812598621183569,-1.5345031023025513
1748791749.0657008,3.8232086186662273,-1.534421682357788
1748791749.0991075,3.833643921724651,-1.5397262573242188
1748791749.1325126,3.844016301006165,-1.5395746231079102
1748791749.1659825,3.8544451211973927,-1.5418598651885986
1748791749.1993814,3.8649972186314834,-1.5409412384033203
1748791749.233794,3.875195985060524,-1.5432170629501343
1748791749.267197,3.8860883986637003,-1.5460495948791504
1748791749.3006299,3.8963301637272507,-1.5486184358596802
1748791749.3340898,3.907373560105616,-1.5496127605438232
1748791749.3674886,3.9179907426549594,-1.5527640581130981
1748791749.400903,3.928567180342384,-1.554877758026123
1748791749.4344277,3.939179337743794,-1.5579789876937866
1748791749.468339,3.9498476559264355,-1.5588864088058472
1748791749.5026593,3.960097184627652,-1.5610268115997314
1748791749.5360591,3.971049239301911,-1.5647047758102417
1748791749.5698054,3.978116946666607,-1.5675040483474731
1748791749.6033535,3.9891351675448186,-1.5699487924575806
1748791749.636752,3.9994281444715782,-1.5730617046356201
1748791749.6701632,4.009639581378925,-1.5766812562942505
1748791749.7035344,4.020654977832015,-1.5774325132369995
1748791749.736963,4.0313155228672155,-1.5793195962905884
1748791749.7703686,4.04238043671125,-1.5800830125808716
1748791749.8037696,4.052680219814013,-1.582299828529358
1748791749.8371801,4.0671993550155845,-1.585312843322754
1748791749.8705833,4.077876800334683,-1.5877511501312256
1748791749.9040625,4.0878076108218,-1.5908879041671753
1748791749.9374535,4.098425896786302,-1.5930726528167725
1748791749.9710727,4.10940751421066,-1.5931448936462402
1748791750.0044775,4.11966186885686,-1.5948606729507446
1748791750.0380118,4.130979219893874,-1.596545696258545
1748791750.0714126,4.141285394437483,-1.5964020490646362
1748791750.1048515,4.15193245487385,-1.5983515977859497
1748791750.1382773,4.166142938339073,-1.5994787216186523
1748791750.1716821,4.176454055292908,-1.6003533601760864
1748791750.2054417,4.187470277506832,-1.601239800453186
1748791750.238819,4.198139623994272,-1.6026990413665771
1748791750.272354,4.204914288968681,-1.6031484603881836
1748791750.305778,4.215968136703411,-1.6042081117630005
1748791750.3391793,4.223452404802261,-1.6047837734222412
1748791750.3726196,4.240583778402884,-1.6045548915863037
1748791750.4060266,4.25164043843184,-1.6052360534667969
1748791750.439425,4.262332144569429,-1.6062421798706055
1748791750.4728544,4.273024444898886,-1.6065951585769653
1748791750.5065134,4.283716026173285,-1.6059051752090454
1748791750.5399659,4.297956921728928,-1.6062535047531128
1748791750.5734465,4.308632002046176,-1.6062874794006348
1748791750.6068954,4.319303305797843,-1.606510877609253
1748791750.640317,4.329973814577045,-1.6068886518478394
1748791750.6738076,4.34064679863626,-1.6060320138931274
1748791750.7072108,4.351312385601985,-1.6063724756240845
1748791750.7406385,4.362334335632339,-1.606318712234497
1748791750.7740436,4.376191787620511,-1.6066932678222656
1748791750.807527,4.383317240252502,-1.6055114269256592
1748791750.8409708,4.394043368071763,-1.60627019405365
1748791750.8744376,4.404766112723723,-1.6059281826019287
1748791750.9078605,4.419369069891542,-1.604419469833374
1748791750.9412599,4.430019222530468,-1.6046510934829712
1748791750.97467,4.440295922347774,-1.605345368385315
1748791751.0082047,4.447379532688321,-1.6046416759490967
1748791751.0416117,4.458016581633141,-1.603198528289795
1748791751.0750234,4.472254398053084,-1.6039245128631592
1748791751.1084402,4.48294279161471,-1.6023756265640259
1748791751.1418974,4.493278344712344,-1.6024997234344482
1748791751.1752944,4.508588660333277,-1.6018718481063843
1748791751.2086992,4.518547890290996,-1.601945400238037
1748791751.242106,4.528866076543536,-1.601584553718567
1748791751.2755198,4.539892871337039,-1.6015554666519165
1748791751.3090005,4.554082017953681,-1.6013033390045166
1748791751.3424125,4.564678815703294,-1.5991219282150269
1748791751.3758204,4.575299252746957,-1.5995501279830933
1748791751.409472,4.585943702710605,-1.5992614030838013
1748791751.4429276,4.596615766774916,-1.5981096029281616
1748791751.4763258,4.607294995671178,-1.5983061790466309
1748791751.5096843,4.617968403772071,-1.597485065460205
1748791751.5431874,4.625072979427051,-1.5976436138153076
1748791751.5766423,4.638920206459404,-1.5983312129974365
1748791751.6102018,4.646379066185698,-1.5988388061523438
1748791751.6436079,4.660191048834346,-1.601173996925354
1748791751.677014,4.671144108518255,-1.6014903783798218
1748791751.710451,4.681721756219352,-1.601046085357666
1748791751.7443306,4.6922825043578715,-1.6031936407089233
1748791751.7777145,4.70290491057183,-1.6032605171203613
1748791751.811121,4.713541967830795,-1.6042098999023438
1748791751.8445284,4.724167340664251,-1.6061029434204102
1748791751.877932,4.735115662897005,-1.6081589460372925
1748791751.9113805,4.741837340389394,-1.6082061529159546
1748791751.944781,4.755989742635104,-1.608142614364624
1748791751.978195,4.763069779950955,-1.6092050075531006
1748791752.011612,4.773713778188269,-1.6092387437820435
1748791752.0450206,4.784361732355223,-1.6084212064743042
1748791752.0784304,4.795029194502159,-1.6089277267456055
1748791752.1118536,4.805704517862403,-1.6081515550613403
1748791752.145263,4.8163788982667795,-1.6087826490402222
1748791752.1786382,4.830613219967308,-1.6089547872543335
1748791752.212277,4.841314555559666,-1.608315348625183
1748791752.245831,4.851649167142212,-1.6085196733474731
1748791752.279722,4.8626834703582835,-1.6085751056671143
1748791752.313352,4.869451929782939,-1.6087833642959595
1748791752.3467832,4.880478011846364,-1.6087350845336914
1748791752.3802624,4.891160289278739,-1.6088377237319946
1748791752.4136732,4.902177567684515,-1.6088712215423584
1748791752.4471083,4.912847625013822,-1.6088658571243286
1748791752.480525,4.92316116040027,-1.6086509227752686
1748791752.5139291,4.934183653825736,-1.6089632511138916
1748791752.5473413,4.947689108835353,-1.6083756685256958
1748791752.5808437,4.958713717184161,-1.608229637145996
1748791752.6142647,4.969385763865599,-1.6081048250198364
1748791752.647676,4.9796906159637,-1.6079249382019043
1748791752.6810613,4.990711935518118,-1.6075531244277954
1748791752.7150316,4.997820842200686,-1.607438564300537
1748791752.7484298,5.008483981385137,-1.607147216796875
1748791752.781917,5.0187933168743255,-1.606919527053833
1748791752.8155544,5.029808798465728,-1.6067306995391846
1748791752.8489766,5.036562243945002,-1.6064510345458984
1748791752.8824463,5.048290451847321,-1.6061064004898071
1748791752.9158506,5.0582405593922575,-1.6056052446365356
1748791752.9492536,5.06890976595073,-1.6051756143569946
1748791752.9828033,5.083485299793852,-1.6048777103424072
1748791753.016232,5.090589639477603,-1.6044821739196777
1748791753.0496402,5.104096166194991,-1.60407292842865
1748791753.0830126,5.114757606328507,-1.6036360263824463
1748791753.1165757,5.1261333112390455,-1.6030937433242798
1748791753.1500008,5.136085179787703,-1.6026129722595215
1748791753.1834064,5.147105625259122,-1.6022119522094727
1748791753.2168381,5.1581331088426206,-1.601189136505127
1748791753.250255,5.16845950622929,-1.6010416746139526
1748791753.2837048,5.178779116109666,-1.600548505783081
1748791753.3183877,5.18946068192277,-1.5995759963989258
1748791753.3518343,5.200498032235872,-1.5991041660308838
1748791753.3855362,5.21117895342451,-1.5986442565917969
1748791753.4190443,5.221837854118063,-1.5980950593948364
1748791753.4525084,5.232502873116363,-1.5976617336273193
1748791753.486033,5.243160995748068,-1.5966814756393433
1748791753.519436,5.253463659167007,-1.59613037109375
1748791753.5528562,5.264137983025649,-1.5957592725753784
1748791753.5862372,5.275152740311942,-1.595033884048462
1748791753.6196547,5.285460838567727,-1.5945680141448975
1748791753.6532006,5.296481415218101,-1.5939264297485352
1748791753.6866326,5.3071513326317215,-1.5934884548187256
1748791753.7200437,5.317452497835347,-1.592962622642517
1748791753.7535143,5.328470616419093,-1.592411756515503
1748791753.7870317,5.339133678515999,-1.5917857885360718
1748791753.820483,5.349807965645768,-1.591307520866394
1748791753.8538911,5.361174894321275,-1.5907273292541504
1748791753.887376,5.371127201751295,-1.590120553970337
1748791753.9208562,5.38180122480812,-1.5896635055541992
1748791753.9543288,5.396011035101103,-1.5891209840774536
1748791753.9877372,5.406676677569226,-1.588578224182129
1748791754.0211213,5.4173389310887,-1.5881990194320679
1748791754.0545912,5.427641578165765,-1.587469220161438
1748791754.0879996,5.4386614378905005,-1.5869476795196533
1748791754.121477,5.4493305709049045,-1.5865464210510254
1748791754.1549127,5.459987479963212,-1.5859980583190918
1748791754.1883292,5.470655323525935,-1.5854637622833252
1748791754.221736,5.480967145145905,-1.5850991010665894
1748791754.255141,5.491980913354835,-1.5846359729766846
1748791754.2890782,5.502643228748876,-1.5841976404190063
1748791754.3224916,5.512953887070254,-1.584049940109253
1748791754.3558948,5.523626437941224,-1.5831007957458496
1748791754.3893237,5.534649491312807,-1.5825762748718262
1748791754.422727,5.5453174048328275,-1.582277774810791
1748791754.4561365,5.556328461008576,-1.5817866325378418
1748791754.4895444,5.566647778357368,-1.5814228057861328
1748791754.5229971,5.577307646100837,-1.5807653665542603
1748791754.5571818,5.591177997906593,-1.5802685022354126
1748791754.5910869,5.6021910765058545,-1.5799504518508911
1748791754.6246107,5.612857743708805,-1.5798792839050293
1748791754.658192,5.619611737616931,-1.5790400505065918
1748791754.6916,5.630653390744915,-1.5788806676864624
1748791754.7250445,5.6413284812164415,-1.5785969495773315
1748791754.758471,5.652001844634279,-1.5782181024551392
1748791754.7920613,5.662669591437764,-1.577932596206665
1748791754.8254704,5.673332495663007,-1.5775535106658936
1748791754.8589168,5.6843584795589654,-1.5773662328720093
1748791754.8923047,5.698222750484916,-1.5768837928771973
1748791754.925707,5.708531403575396,-1.5765246152877808
1748791754.959114,5.719548275238915,-1.576350450515747
1748791754.992561,5.72985558382218,-1.5761440992355347
1748791755.0263247,5.740520007281048,-1.575984239578247
1748791755.059754,5.748338642518244,-1.575676679611206
1748791755.093178,5.758655917814389,-1.5754785537719727
1748791755.126585,5.7693228782974755,-1.575286865234375
1748791755.1600616,5.780354272561427,-1.574759602546692
1748791755.1934752,5.791020197977909,-1.5747032165527344
1748791755.2268867,5.80489594282784,-1.5741742849349976
1748791755.2602925,5.81592868201656,-1.5741803646087646
1748791755.2937238,5.825887153307829,-1.5734636783599854
1748791755.327123,5.8404658700842065,-1.5732165575027466
1748791755.3605883,5.847220185059751,-1.5727958679199219
1748791755.3940415,5.861802196957584,-1.5720726251602173
1748791755.4274518,5.872468988866503,-1.5718790292739868
1748791755.4608538,5.879584809863994,-1.5716089010238647
1748791755.494261,5.893444039787346,-1.5712449550628662
1748791755.5276887,5.904102787236771,-1.5711768865585327
1748791755.5612428,5.918677778656062,-1.5707669258117676
1748791755.5946517,5.925795068948329,-1.570432186126709
1748791755.6280625,5.939673897338762,-1.5706263780593872
1748791755.6615007,5.950700793028849,-1.5704959630966187
1748791755.6949449,5.961365291676332,-1.570080041885376
1748791755.7283607,5.968469736691357,-1.569913625717163
1748791755.7617955,5.979128004320713,-1.570128321647644
1748791755.795291,5.989784842414208,-1.570091724395752
1748791755.8287365,6.000441229747035,-1.5698543787002563
1748791755.8621924,6.011457142367338,-1.5698027610778809
1748791755.8955991,6.022121600614324,-1.5698652267456055
1748791755.929049,6.032076520715188,-1.5700018405914307
1748791755.9624538,6.043095263119537,-1.5701053142547607
1748791755.995925,6.053764543318055,-1.5697458982467651
1748791756.029334,6.06443756950677,-1.5700353384017944
1748791756.0627398,6.07510683122019,-1.569925308227539
1748791756.096341,6.08612793039377,-1.5703623294830322
1748791756.1297224,6.096795311191664,-1.5698657035827637
1748791756.1631722,6.107108831533677,-1.570006251335144
1748791756.196577,6.117778541261889,-1.5700401067733765
1748791756.2299929,6.128448239129444,-1.5701918601989746
1748791756.2634714,6.1391060256474255,-1.5701947212219238
1748791756.2968733,6.150125251617869,-1.5702321529388428
1748791756.330276,6.160086459305706,-1.5697907209396362
1748791756.3636782,6.1707834661010565,-1.5706828832626343
1748791756.3971467,6.185386664335051,-1.570685625076294
1748791756.4305556,6.19570065262986,-1.5707377195358276
1748791756.4639246,6.206721791011161,-1.5706478357315063
1748791756.4973652,6.217385781537271,-1.570554256439209
1748791756.530772,6.2316098430334135,-1.5706130266189575
1748791756.564231,6.241932905206907,-1.5702931880950928
1748791756.5976484,6.252944094043093,-1.5700852870941162
1748791756.6310525,6.263619504761449,-1.5706909894943237
1748791756.6644852,6.273942276301098,-1.5698033571243286
1748791756.6978836,6.284993602206021,-1.569237470626831
1748791756.7314079,6.295354998581782,-1.5674712657928467
1748791756.764812,6.306463410705667,-1.567237138748169
1748791756.7982194,6.317184313844163,-1.5659805536270142
1748791756.8316326,6.327882737114354,-1.5660682916641235
1748791756.865035,6.338555834108212,-1.5655525922775269
1748791756.8984413,6.3488561968087955,-1.5641555786132812
1748791756.9318573,6.359886599046036,-1.5629266500473022
1748791756.965269,6.370215220361299,-1.5632215738296509
1748791756.9986863,6.381202704058778,-1.5622304677963257
1748791757.0320976,6.395345332752005,-1.5603649616241455
1748791757.065716,6.40599053154137,-1.558716058731079
1748791757.099144,6.41629607893535,-1.55819571018219
1748791757.1327744,6.427261955970265,-1.5547608137130737
1748791757.1662703,6.437950932257286,-1.5533159971237183
1748791757.1998537,6.448265855153014,-1.552172064781189
1748791757.2339664,6.459271762573416,-1.551233172416687
1748791757.2674441,6.469879008615988,-1.5486513376235962
1748791757.3008986,6.480556184042093,-1.5468279123306274
1748791757.3343074,6.49155088657856,-1.5439335107803345
1748791757.3678808,6.501431340941651,-1.5402196645736694
1748791757.4012794,6.512398298862907,-1.5368592739105225
1748791757.4347022,6.52305468718584,-1.536393165588379
1748791757.4681532,6.533675373082406,-1.537278175354004
1748791757.5015686,6.5473321293654,-1.5414516925811768
1748791757.5378256,6.5582954659441635,-1.541372537612915
1748791757.5712676,6.568566934119746,-1.5412932634353638
1748791757.6046772,6.579563813253528,-1.5412317514419556
1748791757.638086,6.590214836380035,-1.5412373542785645
1748791757.6715827,6.600871115753687,-1.5412276983261108
1748791757.7050302,6.611530282778349,-1.541214942932129
1748791757.7385137,6.622190388962188,-1.5412073135375977
1748791757.772108,6.633206398479848,-1.5411936044692993
1748791757.8057542,6.643512073494863,-1.5411863327026367
1748791757.839158,6.653817748492228,-1.5411756038665771
1748791757.872558,6.664834234706345,-1.5411690473556519
1748791757.9059649,6.672652582472345,-1.541159987449646
1748791757.9394155,6.682602858959777,-1.5411498546600342
1748791757.9728255,6.69681748370399,-1.5411403179168701
1748791758.006235,6.70356963586068,-1.5411306619644165
1748791758.039637,6.714585645505277,-1.5411207675933838
1748791758.073057,6.725246747455344,-1.5411114692687988
1748791758.1064625,6.735907372754626,-1.5411018133163452
1748791758.1398907,6.746567998078375,-1.5410919189453125
1748791758.1732965,6.757583545326025,-1.541082501411438
1748791758.206701,6.768244170676412,-1.5410728454589844
1748791758.240102,6.778548935071591,-1.5410629510879517
1748791758.2735727,6.792753562259157,-1.54145085811615
1748791758.3069804,6.803381090576949,-1.5443429946899414
1748791758.3403862,6.814040221071902,-1.5451692342758179
1748791758.3738456,6.824702275222313,-1.5455275774002075
1748791758.4072654,6.835359565816375,-1.5465785264968872
1748791758.4406435,6.845662441665386,-1.5479404926300049
1748791758.474048,6.856659773808578,-1.550001621246338
1748791758.5074594,6.867331157748304,-1.5507993698120117
1748791758.540859,6.8812132039233145,-1.5512416362762451
1748791758.574267,6.891870450666085,-1.5530366897583008
1748791758.6082726,6.902884827140042,-1.5528063774108887
1748791758.641792,6.913519520394439,-1.5537915229797363
1748791758.6751714,6.9248460163715935,-1.5554710626602173
1748791758.708626,6.935138991000461,-1.5571328401565552
1748791758.742058,6.945451382464229,-1.5580029487609863
1748791758.7754695,6.956118753914997,-1.5587012767791748
1748791758.808869,6.966781589006685,-1.559472680091858
1748791758.8422775,6.980997865676132,-1.560116171836853
1748791758.8756828,6.988460956162143,-1.5610721111297607
1748791758.9091232,6.998416732017134,-1.5598583221435547
1748791758.9426138,7.0097997000495305,-1.5594223737716675
1748791758.9760194,7.0201066553228095,-1.5591905117034912
1748791759.0094292,7.034298194462625,-1.5583391189575195
1748791759.0428338,7.044923963451509,-1.5562093257904053
1748791759.0762846,7.05556444032045,-1.5568742752075195
1748791759.1096928,7.06621188844691,-1.5556185245513916
1748791759.1431065,7.076861677579262,-1.5552905797958374
1748791759.1765125,7.087487195149562,-1.553383231163025
1748791759.2099516,7.09776611147626,-1.5537896156311035
1748791759.2433927,7.1087409504293255,-1.5541151762008667
1748791759.2767954,7.119350395304577,-1.5530883073806763
1748791759.3101993,7.12957447285974,-1.551486849784851
1748791759.3438761,7.140522041178353,-1.5517492294311523
1748791759.377286,7.151154889681528,-1.5514670610427856
1748791759.410691,7.161769411748454,-1.5505183935165405
1748791759.444102,7.17238059132761,-1.5515788793563843
1748791759.477503,7.1833799838431975,-1.5513994693756104
1748791759.5110009,7.1936605569222,-1.5510705709457397
1748791759.5444057,7.204663992832803,-1.5515286922454834
1748791759.5778039,7.214970844404,-1.552263855934143
1748791759.6112142,7.225281486649597,-1.552347183227539
1748791759.6446362,7.2366819368082025,-1.5534461736679077
1748791759.6780355,7.247376504004491,-1.5533417463302612
1748791759.7114398,7.25770443587612,-1.5536978244781494
1748791759.7449625,7.272291197147121,-1.5547261238098145
1748791759.7783818,7.282939009101446,-1.5561199188232422
1748791759.8117847,7.293594792694536,-1.556118369102478
1748791759.8451917,7.303911626942992,-1.5562387704849243
1748791759.8786,7.314595106598498,-1.5566517114639282
1748791759.9120312,7.324905277083826,-1.5570708513259888
1748791759.945444,7.335927446329443,-1.5575429201126099
1748791759.9788458,7.346237613488428,-1.5580122470855713
1748791760.0122576,7.35690657424075,-1.5583184957504272
1748791760.045662,7.3679350252053935,-1.5587199926376343
1748791760.0791607,7.378956002079166,-1.5592451095581055
1748791760.1126108,7.389257970074597,-1.5597045421600342
1748791760.1460116,7.399567067460499,-1.560178518295288
1748791760.179458,7.410584731121135,-1.5606383085250854
1748791760.213044,7.4212442155529725,-1.561107873916626
1748791760.2464564,7.431902258258639,-1.561232089996338
1748791760.2798662,7.442205593501876,-1.561738133430481
1748791760.3132672,7.453233654936957,-1.5618789196014404
1748791760.3467245,7.467819533376943,-1.5630991458892822
1748791760.3802824,7.478112616556423,-1.5628737211227417
1748791760.4145052,7.4855587550020095,-1.5620181560516357
1748791760.448158,7.495842845779935,-1.5622702836990356
1748791760.4815762,7.506453751865403,-1.5635656118392944
1748791760.5149846,7.517106266452648,-1.56362783908844
1748791760.5483828,7.528118060510565,-1.5629030466079712
1748791760.5817912,7.538414361574025,-1.5633511543273926
1748791760.6151922,7.549071022569398,-1.5637390613555908
1748791760.6486042,7.559727359504572,-1.5639299154281616
1748791760.6821094,7.570383220260972,-1.5632127523422241
1748791760.716551,7.584588238385784,-1.563673496246338
1748791760.7499554,7.595251368707321,-1.564405083656311
1748791760.7833588,7.605563141359725,-1.5643850564956665
1748791760.8167932,7.616940732772972,-1.5643802881240845
1748791760.850213,7.627258949094263,-1.5642300844192505
1748791760.8837488,7.637597289331218,-1.5652453899383545
1748791760.9177563,7.648676230231519,-1.5649532079696655
1748791760.951153,7.659061320909158,-1.566089153289795
1748791760.984756,7.669807629109171,-1.5657442808151245
1748791761.0183346,7.680904525392053,-1.5667153596878052
1748791761.0518653,7.691263659922883,-1.5668857097625732
1748791761.0853071,7.702305309633012,-1.5667139291763306
1748791761.1187115,7.712609320365858,-1.5678342580795288
1748791761.1521146,7.723595054837767,-1.5680381059646606
1748791761.1857133,7.737729229450312,-1.5666718482971191
1748791761.2191155,7.748336327046979,-1.568402647972107
1748791761.2526958,7.75507213730506,-1.5692815780639648
1748791761.286133,7.765728092810932,-1.569197654724121
1748791761.3195522,7.776744959739253,-1.5697872638702393
1748791761.3529546,7.787420106751338,-1.570987582206726
1748791761.3865113,7.798079083212871,-1.570973515510559
1748791761.420011,7.809040974422975,-1.5729392766952515
1748791761.4533849,7.819369207697128,-1.572959542274475
1748791761.486838,7.83007047519744,-1.5749717950820923
1748791761.5203464,7.840777965790045,-1.5752241611480713
1748791761.5537543,7.851425861960545,-1.5771301984786987
1748791761.587351,7.8620791258696405,-1.5797631740570068
1748791761.6207473,7.87269160756935,-1.583105444908142
1748791761.654436,7.8869020026125485,-1.5851130485534668
1748791761.6880918,7.8979259132234105,-1.5871857404708862
1748791761.7215059,7.907848044625358,-1.5880447626113892
1748791761.7549438,7.918734770747666,-1.5915045738220215
1748791761.7883432,7.932951931922953,-1.5911356210708618
1748791761.8217676,7.943977616548598,-1.592903733253479
1748791761.8551733,7.954647011390914,-1.5936219692230225
1748791761.8886905,7.968884017972407,-1.5933737754821777
1748791761.9222553,7.979201160448948,-1.5945457220077515
1748791761.9556713,7.989864273006737,-1.5948083400726318
1748791761.9891489,8.00051726800465,-1.5939676761627197
1748791762.0225658,8.011152802637033,-1.5943114757537842
1748791762.0562139,8.022501413306207,-1.5952290296554565
1748791762.0896716,8.032446848079346,-1.5951995849609375
1748791762.1230764,8.04310239960658,-1.5959070920944214
1748791762.15648,8.0537579617895,-1.5965321063995361
1748791762.1899343,8.064416226813629,-1.5967589616775513
1748791762.224454,8.075077818247753,-1.5976359844207764
1748791762.25793,8.085746455297095,-1.5977133512496948
1748791762.2913373,8.096766630000872,-1.5977879762649536
1748791762.3248014,8.10707382472534,-1.5978822708129883
1748791762.3582003,8.11773326886527,-1.598573923110962
1748791762.3916056,8.128393294458606,-1.5987701416015625
1748791762.425076,8.139054163958711,-1.5984817743301392
1748791762.4586413,8.146160350095577,-1.5987826585769653
1748791762.4920464,8.156820288009602,-1.598844289779663
1748791762.5254486,8.16747969655742,-1.5987606048583984
1748791762.5588195,8.178139266987706,-1.5987755060195923
1748791762.5922186,8.19235134818966,-1.5987082719802856
1748791762.625682,8.202655069425496,-1.5983058214187622
1748791762.6590924,8.213668950183262,-1.5985987186431885
1748791762.6928258,8.224683561619036,-1.5983901023864746
1748791762.7262335,8.234986650326695,-1.5979251861572266
1748791762.7598007,8.245646282147595,-1.5981463193893433
1748791762.793241,8.256303816993832,-1.597647786140442
1748791762.8266876,8.266965921631558,-1.5981009006500244
1748791762.860125,8.27727420497867,-1.5977847576141357
1748791762.8935373,8.288291843403893,-1.5979974269866943
1748791762.9286082,8.298952004965246,-1.5975992679595947
1748791762.9628284,8.30961114286441,-1.5979007482528687
1748791762.9962337,8.320270170776116,-1.5976849794387817
1748791763.0296588,8.330929118972438,-1.5974173545837402
1748791763.0630755,8.341587599605116,-1.5969070196151733
1748791763.0964737,8.352246722344058,-1.5968817472457886
1748791763.129918,8.362549988400817,-1.5966349840164185
1748791763.1633275,8.37356289137872,-1.596280574798584
1748791763.1967819,8.384221058652454,-1.5961545705795288
1748791763.2302577,8.394522843992453,-1.5958720445632935
1748791763.2636654,8.405534134867542,-1.595381498336792
1748791763.2970247,8.416545608867763,-1.5951511859893799
1748791763.330425,8.430753208524372,-1.5946193933486938
1748791763.3639562,8.441051871405982,-1.5940247774124146
1748791763.3973308,8.45170722281005,-1.5936471223831177
1748791763.430739,8.465914573660584,-1.5933202505111694
1748791763.4644313,8.4765694943604,-1.592932939529419
1748791763.4979904,8.487579844203038,-1.5926034450531006
1748791763.5313942,8.497879035295652,-1.5921728610992432
1748791763.5648155,8.508178167765548,-1.5918047428131104
1748791763.598434,8.51918760632252,-1.591554880142212
1748791763.6318414,8.525935041491023,-1.5910441875457764
1748791763.6653929,8.53694447797975,-1.590680718421936
1748791763.698812,8.547598858162301,-1.5903332233428955
1748791763.7322338,8.558607825298303,-1.589860200881958
1748791763.7656438,8.568906971917286,-1.5894627571105957
1748791763.7990885,8.579561114204417,-1.5889976024627686
1748791763.8324926,8.590214846702523,-1.5885412693023682
1748791763.8658924,8.60086881581051,-1.588108777999878
1748791763.8993003,8.611878370668213,-1.5877550840377808
1748791763.932706,8.625729052390941,-1.5874431133270264
1748791763.966105,8.63638300879692,-1.5869096517562866
1748791763.9995282,8.647392088071104,-1.5864499807357788
1748791764.0329418,8.657690796361926,-1.5860239267349243
1748791764.0666401,8.668344814043026,-1.5856201648712158
1748791764.1001837,8.678999011283478,-1.5851876735687256
1748791764.133585,8.693204661143366,-1.5847554206848145
1748791764.1669834,8.703503901535882,-1.5844154357910156
1748791764.2004359,8.71451381658514,-1.5841453075408936
1748791764.234891,8.725168454033577,-1.583754062652588
1748791764.2682896,8.73546748465877,-1.5834882259368896
1748791764.3016958,8.7429255582582,-1.583113670349121
1748791764.335093,8.753580077879043,-1.5827831029891968
1748791764.3685248,8.764235262630848,-1.5829516649246216
1748791764.401941,8.774889839450514,-1.582383632659912
1748791764.4353724,8.785189987961402,-1.5817806720733643
1748791764.4687796,8.79620319232922,-1.5817822217941284
1748791764.5021796,8.8068624508117,-1.5817625522613525
1748791764.5355802,8.817520342876136,-1.5811834335327148
1748791764.569315,8.831732411281305,-1.5808037519454956
1748791764.602778,8.842392036121252,-1.5808519124984741
1748791764.6362329,8.853050033352355,-1.5804075002670288
1748791764.6696546,8.863708603870712,-1.580156922340393
1748791764.7036097,8.874721602996434,-1.579785943031311
1748791764.737028,8.88502406859197,-1.5796412229537964
1748791764.7704535,8.899233190541562,-1.5792627334594727
1748791764.8038905,8.90988937120284,-1.5790477991104126
1748791764.8373003,8.920545489946827,-1.578904390335083
1748791764.8707187,8.934752415383374,-1.5783697366714478
1748791764.9041295,8.94505260535545,-1.5781399011611938
1748791764.9375408,8.956063021650364,-1.577868938446045
1748791764.9710739,8.966717688276125,-1.5776273012161255
1748791765.0045302,8.977372153273198,-1.5774301290512085
1748791765.0379338,8.988026974775623,-1.5773816108703613
1748791765.071298,8.99868172020724,-1.5772031545639038
1748791765.104777,9.009336161221619,-1.576894998550415
1748791765.1382985,9.01963536617266,-1.5767579078674316
1748791765.171752,9.031354841408717,-1.576544165611267
1748791765.2052593,9.040943823284628,-1.576335072517395
1748791765.2387507,9.052308311240843,-1.5761404037475586
1748791765.2721612,9.062607206781902,-1.5758757591247559
1748791765.305705,9.073616844730083,-1.5755780935287476
1748791765.339155,9.087467581275835,-1.5752017498016357
1748791765.3725643,9.098122182924348,-1.5749226808547974
1748791765.4060113,9.108775910747921,-1.5743346214294434
1748791765.4394102,9.119786739763812,-1.5740431547164917
1748791765.4728181,9.130087580072653,-1.5737359523773193
1748791765.5062294,9.144292731798071,-1.5729392766952515
1748791765.5396283,9.154949041972824,-1.5727018117904663
1748791765.5730686,9.165250111359514,-1.572468876838684
1748791765.6066835,9.176616169948533,-1.5721040964126587
1748791765.6401045,9.187271767399539,-1.5718929767608643
1748791765.6735103,9.19757217846425,-1.571901559829712
1748791765.7069254,9.208227556412917,-1.5717344284057617
1748791765.7403672,9.219237459937546,-1.5714588165283203
1748791765.7738063,9.229181884975974,-1.5711885690689087
1748791765.8072116,9.240192296007457,-1.5712324380874634
1748791765.8407128,9.250491968365683,-1.5709667205810547
1748791765.874197,9.261502137146485,-1.570842981338501
1748791765.907631,9.272511843888632,-1.570478916168213
1748791765.9410117,9.282811521594425,-1.5706267356872559
1748791765.9752076,9.293466469324613,-1.5705612897872925
1748791766.008851,9.3041202333826,-1.5701265335083008
1748791766.042292,9.314776351736622,-1.570190191268921
1748791766.0756977,9.325077715451798,-1.5700753927230835
1748791766.109114,9.335734814420626,-1.5698521137237549
1748791766.1426032,9.346746897722538,-1.5699355602264404
1748791766.1760213,9.357403275378815,-1.5697314739227295
1748791766.2095463,9.368059187660192,-1.56960129737854
1748791766.2429502,9.381910894437821,-1.569347858428955
1748791766.2766016,9.39292086177072,-1.5692799091339111
1748791766.3100111,9.400024102045704,-1.5690722465515137
1748791766.3434308,9.410678425202306,-1.5686942338943481
1748791766.3768392,9.42168829400555,-1.5682129859924316
1748791766.4102423,9.435538247973033,-1.5675009489059448
1748791766.4436877,9.442640131242975,-1.566770315170288
1748791766.477137,9.45293973419236,-1.5668256282806396
1748791766.5105908,9.46394981968125,-1.5661710500717163
1748791766.543991,9.478158353535198,-1.5659786462783813
1748791766.577391,9.488458424398145,-1.5653433799743652
1748791766.6107974,9.499468783489238,-1.5645231008529663
1748791766.6442018,9.510125208735248,-1.5638272762298584
1748791766.6777406,9.52078151079814,-1.5631999969482422
1748791766.7111442,9.531435158209753,-1.562358021736145
1748791766.7445614,9.545645173959427,-1.5622963905334473
1748791766.777975,9.55629849170275,-1.5612581968307495
1748791766.8115234,9.5673105484198,-1.560379981994629
1748791766.8450058,9.577616038944104,-1.5600930452346802
1748791766.8784063,9.584720585689718,-1.5587533712387085
1748791766.9119833,9.595393388067487,-1.5583473443984985
1748791766.9453897,9.60606352183258,-1.557055115699768
1748791766.9788392,9.620278920367848,-1.5554492473602295
1748791767.0122871,9.631296807109308,-1.5542389154434204
1748791767.0456955,9.638043352691211,-1.5530277490615845
1748791767.080029,9.648706370830135,-1.5521080493927002
1748791767.1134703,9.659368536708422,-1.550162434577942
1748791767.1468868,9.67006086909075,-1.5498454570770264
1748791767.1803331,9.680749581973853,-1.5483598709106445
1748791767.2137322,9.691445849664403,-1.5473531484603882
1748791767.2471921,9.705694890796627,-1.5482168197631836
1748791767.2805872,9.716714261063213,-1.546578049659729
1748791767.3139348,9.723499829054285,-1.5460947751998901
1748791767.3473213,9.73773296098726,-1.544002890586853
1748791767.3807313,9.748397547850427,-1.5438624620437622
1748791767.4142015,9.759074937111214,-1.5438876152038574
1748791767.4476027,9.769384057465901,-1.5432311296463013
1748791767.481012,9.776820831816885,-1.5417741537094116
1748791767.5144193,9.787782178134215,-1.5423507690429688
1748791767.5478263,9.798040431385242,-1.5421708822250366
1748791767.581244,9.808313987975353,-1.5414682626724243
1748791767.61469,9.819675391837134,-1.5411224365234375
1748791767.6487167,9.82997180475878,-1.540836215019226
1748791767.6821735,9.840631828580296,-1.5405412912368774
1748791767.7155805,9.847739967202594,-1.5397412776947021
1748791767.748988,9.85839647729121,-1.5394314527511597
1748791767.7825348,9.869033985811281,-1.5406146049499512
1748791767.816968,9.880048854345302,-1.540418267250061
1748791767.8503957,9.890356880859603,-1.5407692193984985
1748791767.883852,9.90137917761547,-1.5395153760910034
1748791767.9172635,9.912076560930755,-1.5402458906173706
1748791767.9506624,9.922085688636669,-1.5395827293395996
1748791767.9840772,9.933509164999208,-1.5398873090744019
1748791768.0175061,9.94382823641898,-1.5410332679748535
1748791768.0509145,9.954500608520169,-1.5404025316238403
1748791768.0843275,9.965132620637052,-1.5412849187850952
1748791768.1177337,9.975750220854485,-1.5420366525650024
1748791768.1511378,9.989935082772503,-1.5414930582046509
1748791768.1845517,9.997040370752195,-1.5417966842651367
1748791768.2179914,10.008081374136486,-1.542324423789978
1748791768.2514484,10.018041579040107,-1.542534589767456
1748791768.2849305,10.029423391667152,-1.5432054996490479
1748791768.3187847,10.039385233080097,-1.5434755086898804
1748791768.3535054,10.050049739793693,-1.5437595844268799
1748791768.3870256,10.057514636252339,-1.5442044734954834
1748791768.4204242,10.068179599139729,-1.5444837808609009
1748791768.4539428,10.078842604576112,-1.5450083017349243
1748791768.4873927,10.089507552863475,-1.545318603515625
1748791768.521004,10.100180687166372,-1.5458322763442993
1748791768.5544426,10.110887427601687,-1.5469986200332642
1748791768.5879385,10.12160879184041,-1.5466346740722656
1748791768.621351,10.135854375952748,-1.5478535890579224
1748791768.6547563,10.142610414668015,-1.5485968589782715
1748791768.688269,10.15363737745342,-1.5484910011291504
1748791768.721748,10.164317866318378,-1.5501965284347534
1748791768.7551832,10.175022437380216,-1.5498133897781372
1748791768.788537,10.185681198261072,-1.5511564016342163
1748791768.8220568,10.196326672576937,-1.5531290769577026
1748791768.8557212,10.207691292176198,-1.5557204484939575
1748791768.8891668,10.217637369058425,-1.5571001768112183
1748791768.9225776,10.228647908749853,-1.5578919649124146
1748791768.9560225,10.238898446548996,-1.5601385831832886
1748791768.9895508,10.249086469309653,-1.5626994371414185
1748791769.024798,10.263180329343646,-1.5621002912521362
1748791769.0582035,10.274146904353303,-1.5646687746047974
1748791769.0916307,10.280892561802837,-1.5652745962142944
1748791769.1250718,10.291838700546434,-1.5679587125778198
1748791769.158509,10.305961064806528,-1.5709055662155151
1748791769.191907,10.316617263515969,-1.5723254680633545
1748791769.2253325,10.326867567689689,-1.5754448175430298
1748791769.2586813,10.33822629408458,-1.5784516334533691
1748791769.2920802,10.348878973763803,-1.580384373664856
1748791769.3255007,10.359525809635677,-1.5809844732284546
1748791769.3589923,10.369760370891065,-1.5837888717651367
1748791769.3924506,10.380377147638514,-1.585065245628357
1748791769.4259222,10.391017840008622,-1.5854949951171875
1748791769.4593542,10.401252791010114,-1.5877423286437988
1748791769.4927614,10.411932113131348,-1.5886155366897583
1748791769.5261633,10.419390807703534,-1.5899126529693604
1748791769.5595815,10.429971894344396,-1.5927948951721191
1748791769.5930078,10.440658456572844,-1.5928318500518799
1748791769.6264136,10.451276390063047,-1.5960586071014404
1748791769.6598215,10.461852572969388,-1.5950703620910645
1748791769.6932263,10.472460329469934,-1.594527244567871
1748791769.7270086,10.483093130409022,-1.5945929288864136
1748791769.7604342,10.494098043074212,-1.5956034660339355
1748791769.7938697,10.504400221986762,-1.5954358577728271
1748791769.8272843,10.518600974529862,-1.5953913927078247
1748791769.8610458,10.528893775374408,-1.5967975854873657
1748791769.8944685,10.536354812580974,-1.596856713294983
1748791769.9278994,10.547343528606296,-1.594219446182251
1748791769.9612987,10.561148602815258,-1.5941611528396606
1748791769.9948423,10.571365032860657,-1.59723961353302
1748791770.0282474,10.582377089517875,-1.5968486070632935
1748791770.0617306,10.593045705211955,-1.598219633102417
1748791770.095139,10.603723587345161,-1.5978903770446777
1748791770.1285963,10.61081239836357,-1.6001358032226562
1748791770.1620045,10.624984565609518,-1.6022255420684814
1748791770.1954525,10.63208202960688,-1.6034245491027832
1748791770.2288244,10.642735975338525,-1.6051889657974243
1748791770.2622252,10.653780607174841,-1.6053242683410645
1748791770.2956483,10.667567058092258,-1.6065075397491455
1748791770.3290179,10.677648037331815,-1.6110913753509521
1748791770.3624196,10.688546924750497,-1.6126461029052734
1748791770.3959289,10.699121536349418,-1.614703893661499
1748791770.4293349,10.709731772477348,-1.6161011457443237
1748791770.462755,10.720721639207735,-1.6160123348236084
1748791770.4963064,10.730629445257819,-1.6182963848114014
1748791770.5297205,10.741606394757175,-1.619075059890747
1748791770.5631855,10.752589806468196,-1.6196452379226685
1748791770.596593,10.762827701149973,-1.6220505237579346
1748791770.6299975,10.773466850516511,-1.6218376159667969
1748791770.663488,10.783763751392621,-1.6209615468978882
1748791770.6970046,10.79478612431465,-1.6208152770996094
1748791770.7304332,10.809015435022317,-1.6206090450286865
1748791770.7638328,10.819685772549999,-1.6218315362930298
1748791770.7973201,10.8299235632967,-1.622020959854126
1748791770.830723,10.841435482833853,-1.6188559532165527
1748791770.8641262,10.851298363694907,-1.618306279182434
1748791770.898397,10.861899798144211,-1.6188478469848633
1748791770.9318075,10.872537950502759,-1.6182830333709717
1748791770.9652092,10.882805241104096,-1.6174052953720093
1748791770.9986088,10.893762244674248,-1.6187186241149902
1748791771.0320086,10.900827261426514,-1.6173009872436523
1748791771.0654142,10.911468739602554,-1.6182382106781006
1748791771.0988214,10.921757991483652,-1.6188952922821045
1748791771.1322458,10.936294485907984,-1.6180912256240845
1748791771.1656523,10.947626798175092,-1.6193171739578247
1748791771.1991308,10.957538467883195,-1.6214793920516968
1748791771.2325473,10.964287162295166,-1.6222485303878784
1748791771.265962,10.97882595137145,-1.6215118169784546
1748791771.2993653,10.985934205094763,-1.6223455667495728
1748791771.3327765,10.99662971744819,-1.6221171617507935
1748791771.3661773,11.006999263508293,-1.6234947443008423
1748791771.3995764,11.021628035551641,-1.6235584020614624
1748791771.4330204,11.031931287303863,-1.6253749132156372
1748791771.4664237,11.042614512043594,-1.6249454021453857
1748791771.49983,11.054000143659962,-1.625177025794983
1748791771.5332358,11.067847937136007,-1.6260348558425903
1748791771.5666325,11.078509860950087,-1.6278737783432007
1748791771.6000342,11.08919166800928,-1.6278198957443237
1748791771.6335187,11.103416547263187,-1.6285253763198853
1748791771.6669788,11.11408176183638,-1.6302611827850342
1748791771.700418,11.124746002067045,-1.6310176849365234
1748791771.733816,11.13894308951222,-1.6332719326019287
1748791771.7672195,11.146065665404208,-1.634114384651184
1748791771.8006644,11.160288263589713,-1.6362783908843994
1748791771.8340716,11.171330271221594,-1.6369636058807373
1748791771.8675365,11.181640059785313,-1.6393146514892578
1748791771.9010866,11.192007997405135,-1.6395361423492432
1748791771.9346933,11.203392662986523,-1.641857385635376
1748791771.9681427,11.21413365675985,-1.6431002616882324
1748791772.0015473,11.22445288317784,-1.6453059911727905
1748791772.0349584,11.2347546334921,-1.6472713947296143
1748791772.068428,11.246145786959872,-1.6481552124023438
1748791772.1022058,11.256468720549126,-1.6481691598892212
1748791772.1356237,11.267087129800784,-1.6499173641204834
1748791772.1690223,11.277705390752558,-1.6519864797592163
1748791772.2026625,11.288356766818909,-1.652747631072998
1748791772.2360907,11.302492063447794,-1.655335783958435
1748791772.2694905,11.312774138758254,-1.6547362804412842
1748791772.3029442,11.32341518976392,-1.6561872959136963
1748791772.3363318,11.33476779594721,-1.655443787574768
1748791772.3697557,11.345014317065827,-1.6580290794372559
1748791772.4032667,11.355650768235414,-1.6592726707458496
1748791772.436724,11.369846579405527,-1.6596739292144775
1748791772.4702218,11.376942439750097,-1.658826231956482
1748791772.5036266,11.387591517740494,-1.6599462032318115
1748791772.537111,11.398627560254315,-1.6585544347763062
1748791772.5705874,11.408984497493897,-1.657795786857605
1748791772.6040819,11.423183582107681,-1.6560269594192505
1748791772.6376178,11.433812524420583,-1.6566658020019531
1748791772.6710231,11.444442566757772,-1.6552395820617676
1748791772.7049725,11.458636895931273,-1.6570630073547363
1748791772.7384102,11.46895522409433,-1.6569632291793823
1748791772.771867,11.480345943604211,-1.6575112342834473
1748791772.805313,11.490321920277582,-1.6567422151565552
1748791772.8387625,11.501360067359451,-1.6568269729614258
1748791772.8721702,11.512046034268279,-1.657247543334961
1748791772.9055705,11.52237522988562,-1.6565742492675781
1748791772.938993,11.53341021799631,-1.6567084789276123
1748791772.9723985,11.544082494193388,-1.6564363241195679
1748791773.0059183,11.551191819852589,-1.6564726829528809
1748791773.0393257,11.56186244699892,-1.6562168598175049
1748791773.0726933,11.572546276798983,-1.6568095684051514
1748791773.1060922,11.583246530365205,-1.6557754278182983
1748791773.1395564,11.593975860943916,-1.6563587188720703
1748791773.1729646,11.6047174460131,-1.6556754112243652
1748791773.2063887,11.61545354973167,-1.6562451124191284
1748791773.2397969,11.629382368411608,-1.6556904315948486
1748791773.2731957,11.640070657536475,-1.6558111906051636
1748791773.306595,11.651101142090166,-1.6556541919708252
1748791773.3401635,11.658213047168513,-1.655653953552246
1748791773.3735778,11.661032857867571,-1.6555812358856201
1748791773.4069822,11.651080328536857,-1.655517816543579
1748791773.4404418,11.643616767799637,-1.655456304550171
1748791773.4738529,11.629400832401238,-1.6553905010223389
1748791773.5072563,11.62229332110298,-1.6553295850753784
1748791773.5406759,11.608078518632897,-1.6552647352218628
1748791773.5742035,11.600971391871619,-1.65520179271698
1748791773.6076698,11.590666264044303,-1.6551381349563599
1748791773.6412208,11.579650768067857,-1.6550745964050293
1748791773.6744914,11.569346345428874,-1.6550344228744507
1748791773.7078962,11.558330675868676,-1.6549469232559204
1748791773.7412996,11.548031935639424,-1.655094861984253
1748791773.7747025,11.53701823808327,-1.6549726724624634
1748791773.8081584,11.52636177557215,-1.6549898386001587
1748791773.8415794,11.51570580547851,-1.654945969581604
1748791773.8749936,11.505050313671953,-1.6549220085144043
1748791773.908485,11.490487696755064,-1.6548595428466797
1748791773.941888,11.479827973050277,-1.654647946357727
1748791773.9752812,11.469888247982615,-1.654893398284912
1748791774.0086858,11.458875914942196,-1.65482759475708
1748791774.042097,11.448575518834945,-1.6548131704330444
1748791774.0755,11.437209352235767,-1.6547486782073975
1748791774.1088967,11.426195558698117,-1.6545137166976929
1748791774.1423047,11.41624987852347,-1.654435396194458
1748791774.1761642,11.405946463701062,-1.6542975902557373
1748791774.209567,11.39458095925537,-1.6548349857330322
1748791774.2429717,11.384247717643001,-1.6539322137832642
1748791774.2763772,11.373225515492955,-1.6546764373779297
1748791774.3097851,11.363228031335492,-1.6536179780960083
1748791774.3431907,11.352195202437336,-1.6543550491333008
1748791774.3766737,11.341474146261419,-1.6536009311676025
1748791774.4101205,11.330773922052458,-1.6537744998931885
1748791774.4436166,11.320075130657797,-1.6535547971725464
1748791774.4770534,11.309369273999932,-1.6541399955749512
1748791774.510466,11.298271521240709,-1.65336275100708
1748791774.5441117,11.287912958237849,-1.6538828611373901
1748791774.577695,11.277171195469075,-1.6532920598983765
1748791774.6110768,11.266831830614374,-1.6541777849197388
1748791774.6444905,11.255733250368971,-1.6531951427459717
1748791774.677917,11.245020103880927,-1.6538846492767334
1748791774.7113144,11.234634969831731,-1.6531835794448853
1748791774.7447228,11.223551493728595,-1.6539362668991089
1748791774.778123,11.212807277437582,-1.6529399156570435
1748791774.8115237,11.202099345598498,-1.6530524492263794
1748791774.8449244,11.19141688190881,-1.6533794403076172
1748791774.8783224,11.180740358721994,-1.6533231735229492
1748791774.9125526,11.169703028987325,-1.6529985666275024
1748791774.9461432,11.155833741645775,-1.653584599494934
1748791774.9796264,11.144753930575847,-1.652672529220581
1748791775.0130093,11.134422261632613,-1.6534709930419922
1748791775.0465214,11.123695522075677,-1.6527384519577026
1748791775.0799825,11.113001332129388,-1.6529383659362793
1748791775.1133811,11.10230939372634,-1.652592420578003
1748791775.1468058,11.091258312057866,-1.6531201601028442
1748791775.1802163,11.080903313819817,-1.652343988418579
1748791775.2136168,11.07021163650026,-1.6529260873794556
1748791775.2470505,11.059819724902095,-1.6522818803787231
1748791775.2804935,11.048756062436421,-1.6528548002243042
1748791775.3139496,11.038056518092432,-1.6527116298675537
1748791775.3474312,11.02702316849779,-1.6528469324111938
1748791775.3808355,11.01669630589201,-1.652487874031067
1748791775.414241,11.006031815947518,-1.652598261833191
1748791775.447693,10.995355747086252,-1.6522595882415771
1748791775.4810972,10.984694660210508,-1.6523065567016602
1748791775.5145085,10.974385533071283,-1.6521921157836914
1748791775.5479124,10.96336321892799,-1.651981234550476
1748791775.581352,10.949467008657834,-1.6526085138320923
1748791775.6147792,10.938388780731655,-1.6517271995544434
1748791775.6482115,10.927355626690826,-1.6520402431488037
1748791775.6816583,10.917019303531404,-1.651665449142456
1748791775.715133,10.906705608813718,-1.652341604232788
1748791775.7485776,10.895276268983643,-1.6515904664993286
1748791775.7820568,10.88529888515887,-1.6517822742462158
1748791775.8155377,10.874617504855717,-1.6517152786254883
1748791775.848954,10.863947265055739,-1.6516773700714111
1748791775.882401,10.85292435161733,-1.6516475677490234
1748791775.9158432,10.841903271155795,-1.6516073942184448
1748791775.9492486,10.831593984320167,-1.6515730619430542
1748791775.9826515,10.820931308300702,-1.6516040563583374
1748791776.016637,10.810268044943815,-1.6515647172927856
1748791776.0498898,10.79960473408398,-1.6515532732009888
1748791776.0835633,10.788586125157117,-1.6515334844589233
1748791776.117005,10.778276766989393,-1.651526927947998
1748791776.1507933,10.767613780625636,-1.651410460472107
1748791776.1842065,10.756941954868568,-1.651850938796997
1748791776.217624,10.74623240242706,-1.6511945724487305
1748791776.251268,10.735536758095712,-1.6519722938537598
1748791776.284705,10.724812523643095,-1.6513292789459229
1748791776.3206322,10.714453687060587,-1.651947259902954
1748791776.3540576,10.703372285492676,-1.6513510942459106
1748791776.387461,10.692320957794541,-1.6514196395874023
1748791776.420927,10.677733705478945,-1.651408314704895
1748791776.4543772,10.668132718494977,-1.651336908340454
1748791776.487786,10.657114967702087,-1.6513837575912476
1748791776.521193,10.646452676106422,-1.6513186693191528
1748791776.5545955,10.635791316550185,-1.6513051986694336
1748791776.5879989,10.625131003095387,-1.6512778997421265
1748791776.6214004,10.614470811107848,-1.6512471437454224
1748791776.6550136,10.60381084397901,-1.6512097120285034
1748791776.688746,10.593152668164418,-1.6512681245803833
1748791776.7221608,10.58249325621073,-1.651159644126892
1748791776.755569,10.571479322149047,-1.6511611938476562
1748791776.7890582,10.561176937992057,-1.651148796081543
1748791776.8224869,10.55051913493342,-1.6511075496673584
1748791776.8559659,10.539862456610406,-1.6510794162750244
1748791776.8893685,10.52920627550602,-1.651048183441162
1748791776.922923,10.518550986791976,-1.651024341583252
1748791776.956331,10.507896632372729,-1.6510264873504639
1748791776.9897575,10.494046790366042,-1.6510905027389526
1748791777.0241823,10.486589133691089,-1.6511123180389404
1748791777.0576496,10.472378384334153,-1.650915265083313
1748791777.0910544,10.461722333833567,-1.6509257555007935
1748791777.1245022,10.451424316498631,-1.650937795639038
1748791777.1579204,10.440412850840323,-1.650869369506836
1748791777.1913252,10.426205566509443,-1.650818943977356
1748791777.2247329,10.415551658125661,-1.6509023904800415
1748791777.2581856,10.408094157446683,-1.6509530544281006
1748791777.2915957,10.397437570654786,-1.650856614112854
1748791777.325048,10.383582865049176,-1.6507455110549927
1748791777.358634,10.3729286163254,-1.6507503986358643
1748791777.3920426,10.361918826847951,-1.650777816772461
1748791777.4254403,10.347712173113363,-1.6507586240768433
1748791777.458845,10.337412831267008,-1.650784969329834
1748791777.4922557,10.327112581881314,-1.650797963142395
1748791777.5256524,10.316459088361006,-1.6508679389953613
1748791777.559109,10.301540391222023,-1.6508245468139648
1748791777.5925748,10.291247918719892,-1.651284098625183
1748791777.6261756,10.284134247235421,-1.6506208181381226
1748791777.6595733,10.273474380944487,-1.6512770652770996
1748791777.6929786,10.259223136537942,-1.6504851579666138
1748791777.7264483,10.248555253378482,-1.6512930393218994
1748791777.7601416,10.238217663378292,-1.6506515741348267
1748791777.7935429,10.227191312218295,-1.6507205963134766
1748791777.8269868,10.216522679197492,-1.650644063949585
1748791777.860465,10.202302569661978,-1.6509284973144531
1748791777.8938684,10.19160118953386,-1.6504929065704346
1748791777.927329,10.18092965390501,-1.6510908603668213
1748791777.9607403,10.170591481738686,-1.650368571281433
1748791777.994149,10.159560639073009,-1.6505173444747925
1748791778.0275822,10.14888707167835,-1.650399923324585
1748791778.060981,10.138212334677593,-1.650871992111206
1748791778.0943823,10.127510662433528,-1.6502124071121216
1748791778.1278,10.116474505914887,-1.651090383529663
1748791778.1612346,10.106116976763538,-1.6501994132995605
1748791778.1946533,10.09149017361411,-1.6511399745941162
1748791778.228138,10.081116510247929,-1.6503957509994507
1748791778.2615147,10.070035579821596,-1.6507437229156494
1748791778.294951,10.060028874383555,-1.6502290964126587
1748791778.3284907,10.048975699481048,-1.6501740217208862
1748791778.361954,10.038303996318904,-1.6503255367279053
1748791778.395353,10.024417949530683,-1.6501880884170532
1748791778.4287965,10.01340586606046,-1.6501699686050415
1748791778.462199,10.00274841082373,-1.650620460510254
1748791778.4956076,9.992398574835,-1.6501209735870361
1748791778.5290277,9.981363044131442,-1.6508318185806274
1748791778.5624459,9.970661172817252,-1.6500475406646729
1748791778.5958889,9.959967670729903,-1.6508046388626099
1748791778.62931,9.949246727316662,-1.64992356300354
1748791778.6628523,9.938557688558848,-1.650153398513794
1748791778.6962616,9.927877688268419,-1.6498982906341553
1748791778.730001,9.916843993917015,-1.6505879163742065
1748791778.7634256,9.906463086031401,-1.649823784828186
1748791778.796832,9.896115845429032,-1.6508523225784302
1748791778.8303144,9.885005799145848,-1.6500486135482788
1748791778.8637154,9.873934339516467,-1.650571584701538
1748791778.8971493,9.86357930242763,-1.6503576040267944
1748791778.9306612,9.852891308252488,-1.6505472660064697
1748791778.9641366,9.842194902466296,-1.6500232219696045
1748791778.9975753,9.831521636827208,-1.6501818895339966
1748791779.0310533,9.820845859876487,-1.6499719619750977
1748791779.0645435,9.810170342261518,-1.6499462127685547
1748791779.0979307,9.799509880371831,-1.6498401165008545
1748791779.1313992,9.788835771036423,-1.6503609418869019
1748791779.1648033,9.777763959548356,-1.6496655941009521
1748791779.198227,9.76743751523793,-1.6497697830200195
1748791779.231952,9.756759933809388,-1.6497400999069214
1748791779.2653606,9.746442557202945,-1.6496626138687134
1748791779.298776,9.735768273738557,-1.6496230363845825
1748791779.3321815,9.724736574930805,-1.649395227432251
1748791779.3655896,9.714071639523016,-1.649734616279602
1748791779.3991063,9.703761050903044,-1.6496238708496094
1748791779.4325066,9.6927406690182,-1.6496202945709229
1748791779.4659102,9.682072321085252,-1.6497794389724731
1748791779.4993222,9.671413121951444,-1.6497900485992432
1748791779.5327559,9.660745836579412,-1.6497222185134888
1748791779.566131,9.65007191102129,-1.6497946977615356
1748791779.599604,9.639770093363778,-1.649802565574646
1748791779.63303,9.628745845188137,-1.6497132778167725
1748791779.6664703,9.618437754715126,-1.6498171091079712
1748791779.6998396,9.607420702745967,-1.6496895551681519
1748791779.7332883,9.596748337209995,-1.6496410369873047
1748791779.7667327,9.586441533399324,-1.6497102975845337
1748791779.8001528,9.57578126566619,-1.6497409343719482
1748791779.8335693,9.564763347574166,-1.6497639417648315
1748791779.8670409,9.554100946551019,-1.649788737297058
1748791779.9004464,9.543438694692504,-1.649826169013977
1748791779.9338515,9.532776504974892,-1.6498419046401978
1748791779.9672775,9.52175466596152,-1.6498448848724365
1748791780.0007467,9.51144308230087,-1.6499443054199219
1748791780.0341856,9.501132151577941,-1.6498042345046997
1748791780.0675962,9.493668968058552,-1.6499722003936768
1748791780.1010337,9.482998891261028,-1.6498504877090454
1748791780.1345193,9.468417301712732,-1.6499075889587402
1748791780.167924,9.458113951175994,-1.6499199867248535
1748791780.201528,9.447446610036147,-1.649849772453308
1748791780.2350333,9.436777006002208,-1.6498992443084717
1748791780.2689714,9.426118438711798,-1.6499212980270386
1748791780.3023877,9.419007887014011,-1.649863362312317
1748791780.3358946,9.408338944398027,-1.6499204635620117
1748791780.3693058,9.39768054390061,-1.6499311923980713
1748791780.4027383,9.387010133969255,-1.6499825716018677
1748791780.4362297,9.375993730106034,-1.6499977111816406
1748791780.4696293,9.365326852039658,-1.6500447988510132
1748791780.5030346,9.354666204181743,-1.6500266790390015
1748791780.5364048,9.34399189449475,-1.6496975421905518
1748791780.5698183,9.333688801549776,-1.6501809358596802
1748791780.6032162,9.323016044376065,-1.6500225067138672
1748791780.6374397,9.312709740751036,-1.650057315826416
1748791780.6709325,9.301687621913917,-1.65005624294281
1748791780.704339,9.291380786385382,-1.6500859260559082
1748791780.737738,9.280362145356062,-1.650111436843872
1748791780.7712786,9.270055041545485,-1.6501362323760986
1748791780.8047369,9.259037143387058,-1.650162935256958
1748791780.838186,9.2519288680252,-1.650179386138916
1748791780.8715906,9.241621731496318,-1.650207281112671
1748791780.9050076,9.227049730502472,-1.6502324342727661
1748791780.93842,9.21638737295432,-1.6502668857574463
1748791780.9718273,9.202170724929267,-1.6503013372421265
1748791781.0052676,9.191152901295373,-1.650327205657959
1748791781.038678,9.180845894211338,-1.6503444910049438
1748791781.0734606,9.17018343069834,-1.6503795385360718
1748791781.1068695,9.15952120983739,-1.6504050493240356
1748791781.1402967,9.145304603118147,-1.650431513786316
1748791781.1737652,9.134642106866087,-1.6504666805267334
1748791781.207169,9.124335191012186,-1.6504921913146973
1748791781.24058,9.11331722112095,-1.6505193710327148
1748791781.2739842,9.098745360475501,-1.650545597076416
1748791781.3073893,9.088793785011504,-1.650578498840332
1748791781.3408492,9.077775991867625,-1.6505968570709229
1748791781.3742917,9.06711357937785,-1.650623083114624
1748791781.4077132,9.056451114114822,-1.650648593902588
1748791781.4411519,9.049343039636055,-1.6506750583648682
1748791781.4747188,9.034770989493824,-1.6507019996643066
1748791781.5081577,9.02446411445411,-1.6507267951965332
1748791781.5415561,9.013801593131575,-1.6507619619369507
1748791781.5749958,9.002783838034716,-1.6507877111434937
1748791781.6087804,8.992832351106038,-1.6508142948150635
1748791781.642197,8.98181456544455,-1.650840163230896
1748791781.6757503,8.971152200931716,-1.650865912437439
1748791781.7091548,8.960489783523023,-1.6508930921554565
1748791781.742604,8.946273155868989,-1.6509194374084473
1748791781.7761655,8.935610899872804,-1.650954008102417
1748791781.8096404,8.924592995211205,-1.6509807109832764
1748791781.8431113,8.914286192604289,-1.6510065793991089
1748791781.876558,8.903623678377393,-1.6510311365127563
1748791781.9099724,8.889407341632996,-1.6510590314865112
1748791781.9433753,8.879100417172715,-1.6510934829711914
1748791781.9769578,8.86808263097513,-1.6511199474334717
1748791782.01036,8.857420227587667,-1.6511467695236206
1748791782.043805,8.846757844131107,-1.6511727571487427
1748791782.077212,8.832897013469072,-1.6511975526809692
1748791782.1106172,8.821523694248196,-1.651233196258545
1748791782.144022,8.811216905487571,-1.6512598991394043
1748791782.1774292,8.800554392536206,-1.651286005973816
1748791782.2108364,8.789892107382537,-1.6513128280639648
1748791782.2442377,8.779585229736432,-1.6513381004333496
1748791782.2779782,8.768567471856915,-1.651364803314209
1748791782.311521,8.754350983464944,-1.6513910293579102
1748791782.3449688,8.743333184938583,-1.651418685913086
1748791782.3783705,8.736580342574964,-1.6514431238174438
1748791782.4118927,8.72236402776705,-1.6514697074890137
1748791782.4452941,8.711701566073739,-1.651505470275879
1748791782.4787343,8.700683892724633,-1.6515313386917114
1748791782.5122116,8.687178093027397,-1.6515558958053589
1748791782.5457227,8.676515838263475,-1.6515926122665405
1748791782.579106,8.665498093206656,-1.6516189575195312
1748791782.612512,8.651636995163589,-1.6516437530517578
1748791782.645916,8.64061944695919,-1.6516797542572021
1748791782.6793168,8.629957064576121,-1.6517049074172974
1748791782.7129471,8.618939205405185,-1.6517317295074463
1748791782.74636,8.608632225414413,-1.6517497301101685
1748791782.7800145,8.598325444550513,-1.651775598526001
1748791782.8134975,8.587307761114799,-1.651810884475708
1748791782.8468974,8.576645255904742,-1.651837706565857
1748791782.8803566,8.565983005927231,-1.651864767074585
1748791782.9137619,8.555320688746233,-1.651889681816101
1748791782.9471993,8.544658351645873,-1.6519148349761963
1748791782.9806151,8.534351432858028,-1.6519426107406616
1748791783.0140207,8.519779565273021,-1.6520065069198608
1748791783.0474176,8.509108861516628,-1.6516296863555908
1748791783.0808299,8.498448864425201,-1.6516640186309814
1748791783.114236,8.488141530181974,-1.6516199111938477
1748791783.1476426,8.476407182626446,-1.6515562534332275
1748791783.181011,8.46644592898971,-1.651535987854004
1748791783.2144156,8.452232901642322,-1.651472568511963
1748791783.24783,8.441213786103095,-1.6514310836791992
1748791783.2812593,8.430905308331868,-1.651390552520752
1748791783.3147075,8.420242140864994,-1.6513482332229614
1748791783.3481028,8.40993393064931,-1.6513066291809082
1748791783.3815117,8.39536037595141,-1.6512668132781982
1748791783.4149146,8.384341608434356,-1.6512229442596436
1748791783.4484522,8.377588048287995,-1.6511825323104858
1748791783.4821365,8.366924578444467,-1.6511439085006714
1748791783.5156596,8.356260895660505,-1.6511001586914062
1748791783.549015,8.345597435924606,-1.6510592699050903
1748791783.5825117,8.334934083800258,-1.651018738746643
1748791783.6161358,8.32427051623756,-1.6509761810302734
1748791783.6495414,8.310052524541295,-1.6509344577789307
1748791783.6829422,8.29938904005712,-1.6508946418762207
1748791783.717372,8.288725575305108,-1.650852084159851
1748791783.750773,8.278061890396545,-1.6507972478866577
1748791783.7843063,8.267753950706378,-1.6507564783096313
1748791783.8179169,8.256735132940216,-1.6507140398025513
1748791783.851744,8.24571593584092,-1.650673270225525
1748791783.885159,8.235052645555962,-1.6506325006484985
1748791783.9186707,8.224744562100417,-1.6505900621414185
1748791783.9521194,8.210526622010208,-1.6505491733551025
1748791783.9855359,8.199507708908525,-1.65049147605896
1748791784.0189447,8.189554987304764,-1.6504533290863037
1748791784.0524275,8.178536033933687,-1.6504124402999878
1748791784.0858402,8.167517235255499,-1.650370478630066
1748791784.1194372,8.157209193168642,-1.650329351425171
1748791784.1529367,8.146545748443348,-1.6502870321273804
1748791784.1863422,8.135882028232313,-1.650246500968933
1748791784.219748,8.12450775354438,-1.6502052545547485
1748791784.2531617,8.114555054500793,-1.6501643657684326
1748791784.287429,8.103891688739159,-1.6501210927963257
1748791784.3208795,8.089668099132433,-1.6500153541564941
1748791784.3543437,8.079363681517602,-1.650206208229065
1748791784.3880727,8.068348334020397,-1.6501554250717163
1748791784.4215364,8.058042920754442,-1.6502056121826172
1748791784.4549456,8.047025311843205,-1.6502236127853394
1748791784.4883413,8.036363542363967,-1.6502621173858643
1748791784.5217454,8.026056753069426,-1.6502896547317505
1748791784.5552375,8.015394616100288,-1.650315523147583
1748791784.5886467,8.004021653071142,-1.6503417491912842
1748791784.6220872,7.990160600506315,-1.6503678560256958
1748791784.6556377,7.983051935193752,-1.6504037380218506
1748791784.6890275,7.972389313091082,-1.6504238843917847
1748791784.7224863,7.958527862808008,-1.6504534482955933
1748791784.7559462,7.947154972767617,-1.6504806280136108
1748791784.7897174,7.940401750931816,-1.6505173444747925
1748791784.82315,7.926185748532744,-1.650535225868225
1748791784.8565507,7.915522051257063,-1.6505744457244873
1748791784.8899546,7.905215735717156,-1.6506011486053467
1748791784.9236395,7.894197958834359,-1.6506283283233643
1748791784.9570253,7.879978326607186,-1.6506625413894653
1748791784.9904425,7.869319120671034,-1.6506829261779785
1748791785.0238442,7.85865553764111,-1.6507227420806885
1748791785.0572598,7.848349125566205,-1.6507465839385986
1748791785.0906746,7.837327892568194,-1.6507883071899414
1748791785.1241722,7.827024277896061,-1.6508029699325562
1748791785.157841,7.816360528175108,-1.6508243083953857
1748791785.1912925,7.808897668369835,-1.6508500576019287
1748791785.224702,7.794680878048097,-1.6508790254592896
1748791785.2581358,7.784018207087085,-1.6509217023849487
1748791785.29167,7.773710811256012,-1.6509419679641724
1748791785.3251534,7.7594940661606095,-1.6509716510772705
1748791785.3586664,7.748476854747225,-1.6509977579116821
1748791785.3928964,7.737811057351199,-1.6510354280471802
1748791785.4265747,7.730705216217422,-1.6510534286499023
1748791785.4600043,7.716843749847357,-1.6510833501815796
1748791785.4934108,7.705471074554463,-1.651110291481018
1748791785.526809,7.695164156444835,-1.6511380672454834
1748791785.5602143,7.684501458679799,-1.6511807441711426
1748791785.5935872,7.673838669814514,-1.6512011289596558
1748791785.627034,7.663531356818705,-1.6512318849563599
1748791785.6604457,7.652514208834451,-1.651256799697876
1748791785.6938465,7.638294107962055,-1.6512945890426636
1748791785.7279084,7.631543233366563,-1.6513124704360962
1748791785.7613704,7.620525731259458,-1.6513447761535645
1748791785.7947676,7.609863652954148,-1.6513670682907104
1748791785.828181,7.59955700588185,-1.6513961553573608
1748791785.8615906,7.5885389558667455,-1.6514229774475098
1748791785.8949609,7.573966563549572,-1.6514575481414795
1748791785.9284236,7.563658805833424,-1.6514806747436523
1748791785.9618437,7.552997125420774,-1.6515159606933594
1748791785.9952953,7.542689894383934,-1.6515536308288574
1748791786.0286758,7.531671287146615,-1.65157151222229
1748791786.0620801,7.521008950163058,-1.6516027450561523
1748791786.0956445,7.506792719783773,-1.6516274213790894
1748791786.1290097,7.496130397042384,-1.6516562700271606
1748791786.162435,7.485467991015784,-1.65168297290802
1748791786.1958992,7.474805218606566,-1.651719331741333
1748791786.229304,7.464142262422734,-1.651750087738037
1748791786.262757,7.453835775231633,-1.6517751216888428
1748791786.2961645,7.442817428822332,-1.6518127918243408
1748791786.3295698,7.4321545286292,-1.651830792427063
1748791786.363047,7.421136540203548,-1.6518619060516357
1748791786.3964515,7.410829913702977,-1.6518940925598145
1748791786.4298542,7.400512318992557,-1.651519536972046
1748791786.4632647,7.3859401441212755,-1.6515601873397827
1748791786.4968617,7.374908789648551,-1.6514651775360107
1748791786.530917,7.364607020214648,-1.6514308452606201
1748791786.5642927,7.354289216335827,-1.6513704061508179
1748791786.5976894,7.3436307173144115,-1.6512998342514038
1748791786.631192,7.332959112031777,-1.65125572681427
1748791786.6646073,7.318387035074949,-1.6512106657028198
1748791786.6979566,7.3077217469667355,-1.6511807441711426
1748791786.7313623,7.297413663236714,-1.6511348485946655
1748791786.7647705,7.2867502345540585,-1.6510790586471558
1748791786.7981813,7.272531877574867,-1.651038646697998
1748791786.8315928,7.261513058802624,-1.6509963274002075
1748791786.865004,7.254048276574813,-1.6509552001953125
1748791786.8984118,7.243740376906461,-1.6509144306182861
1748791786.9317846,7.229522236691216,-1.6508705615997314
1748791786.9651816,7.2188534937809825,-1.6508344411849976
1748791786.998584,7.20819312321596,-1.6507868766784668
1748791787.0321097,7.197529078155396,-1.6507433652877808
1748791787.0656114,7.183307858292,-1.6507129669189453
1748791787.099009,7.172646721217766,-1.6506702899932861
1748791787.1323676,7.162332137582784,-1.6506335735321045
1748791787.165912,7.151318425003925,-1.650579571723938
1748791787.1993124,7.140998183308537,-1.65056574344635
1748791787.232818,7.129986932102123,-1.6505078077316284
1748791787.2662175,7.119668373504099,-1.6504839658737183
1748791787.29972,7.108656158208268,-1.6504313945770264
1748791787.3331728,7.097630610929411,-1.6504168510437012
1748791787.3665283,7.087326534939957,-1.650363564491272
1748791787.399968,7.073103800557805,-1.6503374576568604
1748791787.433384,7.062434079282389,-1.6502925157546997
1748791787.4667826,7.051772924139589,-1.650233268737793
1748791787.5003626,7.040751935958217,-1.6501826047897339
1748791787.5337665,7.030799081047253,-1.6501350402832031
1748791787.5671763,7.019775194639484,-1.6501063108444214
1748791787.600596,7.009466989796981,-1.6500715017318726
1748791787.6345901,7.001997365875912,-1.6500377655029297
1748791787.6680548,6.987782536796653,-1.6499894857406616
1748791787.7014654,6.977120068811212,-1.6499485969543457
1748791787.7349322,6.966456249282987,-1.649896502494812
1748791787.7683847,6.956148311553388,-1.649855613708496
1748791787.80183,6.941219082993138,-1.64980947971344
1748791787.835237,6.930555849845721,-1.6497588157653809
1748791787.8686457,6.9198921801926385,-1.6497174501419067
1748791787.9021313,6.909584421555788,-1.6496723890304565
1748791787.9355445,6.899276162742551,-1.6496357917785645
1748791787.9689558,6.887546364595403,-1.6495919227600098
1748791788.0024,6.87723865874401,-1.6495517492294312
1748791788.0358112,6.866930559018965,-1.649510145187378
1748791788.0692196,6.852712564054212,-1.6494687795639038
1748791788.1027174,6.842049092796738,-1.649411678314209
1748791788.136325,6.8313857008027785,-1.6493728160858154
1748791788.1698284,6.820722279595534,-1.6493314504623413
1748791788.2032485,6.806504071231037,-1.6492891311645508
1748791788.2366624,6.795840761676528,-1.649232029914856
1748791788.2701237,6.785177550082131,-1.649195909500122
1748791788.3035223,6.7745138111752645,-1.6491519212722778
1748791788.3369327,6.760295809546689,-1.649109125137329
1748791788.3703341,6.749632637036455,-1.6490529775619507
1748791788.4038024,6.738969061457914,-1.6490145921707153
1748791788.43749,6.728305504957821,-1.648970603942871
1748791788.4708998,6.714087639457139,-1.6489171981811523
1748791788.5043018,6.703779590668601,-1.648874282836914
1748791788.5379455,6.692760755920383,-1.6488351821899414
1748791788.5714233,6.6817419682196615,-1.6487916707992554
1748791788.60482,6.671433974197805,-1.6487538814544678
1748791788.638254,6.656505113095564,-1.6487072706222534
1748791788.671688,6.6469079654034715,-1.6486696004867554
1748791788.7051208,6.6358893414261955,-1.648612380027771
1748791788.7386312,6.625581029406248,-1.6485735177993774
1748791788.7721298,6.614917857417928,-1.6485294103622437
1748791788.8055303,6.603898830378164,-1.6484893560409546
1748791788.8389845,6.593235231956838,-1.6484483480453491
1748791788.8724318,6.5829275371510665,-1.6484065055847168
1748791788.9059224,6.571552800992589,-1.6483668088912964
1748791788.9392827,6.561245166789185,-1.6483252048492432
1748791788.9726872,6.550581701004012,-1.6482806205749512
1748791789.0061724,6.540273674177886,-1.6482412815093994
1748791789.0396788,6.529610311846342,-1.648215413093567
1748791789.073108,6.518591092199346,-1.6481571197509766
1748791789.1065223,6.507927754144802,-1.6481189727783203
1748791789.1399286,6.497264459975631,-1.6480752229690552
1748791789.1733334,6.486245401501517,-1.648033857345581
1748791789.2067482,6.475937501799211,-1.6479923725128174
1748791789.2401538,6.464918520647171,-1.647951602935791
1748791789.2735634,6.450700828338007,-1.6479099988937378
1748791789.3070092,6.440037292580984,-1.647870421409607
1748791789.3404267,6.429729089058463,-1.6478146314620972
1748791789.373834,6.419066070201914,-1.6477711200714111
1748791789.4072978,6.408402583609559,-1.6477322578430176
1748791789.4407747,6.397383752457624,-1.6476898193359375
1748791789.475567,6.383165424238149,-1.6476330757141113
1748791789.5089867,6.3728574807541145,-1.6475967168807983
1748791789.5424504,6.361838810929537,-1.6475517749786377
1748791789.576052,6.347621051222788,-1.6475101709365845
1748791789.609454,6.337668471241155,-1.6474553346633911
1748791789.642879,6.326649520947869,-1.6474156379699707
1748791789.676288,6.315985812807382,-1.647375226020813
1748791789.7099307,6.3056780023866414,-1.6473335027694702
1748791789.7433124,6.294303742724052,-1.6472923755645752
1748791789.7768242,6.284351378918722,-1.6472666263580322
1748791789.8103807,6.273332461635853,-1.6472225189208984
1748791789.843773,6.26266900494453,-1.6471812725067139
1748791789.8774314,6.255559833274115,-1.6471401453018188
1748791789.91089,6.245252224410266,-1.6470977067947388
1748791789.9443173,6.234233036763101,-1.6470595598220825
1748791789.9777415,6.223569642743024,-1.6470154523849487
1748791790.0111547,6.213261658928477,-1.6469746828079224
1748791790.044931,6.2022430603395415,-1.646933913230896
1748791790.078335,6.191579298233134,-1.6468902826309204
1748791790.111833,6.180560744908196,-1.6468510627746582
1748791790.1453497,6.166698171585093,-1.6468111276626587
1748791790.179237,6.159589248976174,-1.646769404411316
1748791790.2130518,6.148925631240718,-1.6467275619506836
1748791790.2465658,6.138262061610638,-1.6466859579086304
1748791790.2802992,6.127598966684659,-1.6466444730758667
1748791790.313761,6.11693553794865,-1.6466032266616821
1748791790.3472815,6.102717375276655,-1.6465611457824707
1748791790.3807213,6.092053974328616,-1.6465065479278564
1748791790.4141347,6.081390632368794,-1.6464654207229614
1748791790.4475365,6.070727215270405,-1.6464238166809082
1748791790.48094,6.060063903265534,-1.646384835243225
1748791790.5143504,6.046201330903237,-1.6463420391082764
1748791790.547793,6.035538096949503,-1.6462863683700562
1748791790.5812695,6.024519095242566,-1.6462422609329224
1748791790.6148016,6.013500576849086,-1.646203637123108
1748791790.6482081,5.999993499148266,-1.6461632251739502
1748791790.6815865,5.98897464169513,-1.6461224555969238
1748791790.7150295,5.978311036108257,-1.6460660696029663
1748791790.7484398,5.968003342845054,-1.6460239887237549
1748791790.781852,5.956984110974996,-1.645984411239624
1748791790.8160615,5.946321105316301,-1.6459414958953857
1748791790.8494742,5.932103228429012,-1.6459007263183594
1748791790.882948,5.92143939382455,-1.6458452939987183
1748791790.9163504,5.910776049358898,-1.6458038091659546
1748791790.9497533,5.9004680559388305,-1.6457628011703491
1748791790.9831867,5.889804812494086,-1.6457234621047974
1748791791.016718,5.878785781391561,-1.645678997039795
1748791791.0506442,5.868477860886116,-1.6456396579742432
1748791791.0840564,5.857103637632568,-1.6455992460250854
1748791791.11747,5.846795781939052,-1.6455553770065308
1748791791.1516962,5.836132169502795,-1.6455157995224
1748791791.1851492,5.825824437045978,-1.6454758644104004
1748791791.2185884,5.81445035375504,-1.645432949066162
1748791791.2519932,5.804142101006168,-1.6454031467437744
1748791791.2854404,5.793478707668237,-1.6453495025634766
1748791791.3188446,5.78281530075516,-1.6453099250793457
1748791791.3522484,5.772151884431069,-1.6452670097351074
1748791791.3856494,5.761488546446858,-1.6452244520187378
1748791791.4190638,5.7504699697881225,-1.6451866626739502
1748791791.4525402,5.7401619464504146,-1.6451407670974731
1748791791.4861288,5.729498211969092,-1.6451029777526855
1748791791.5196178,5.718835019780002,-1.6450620889663696
1748791791.5530694,5.708171370601121,-1.645019769668579
1748791791.5865119,5.697508175056557,-1.6449803113937378
1748791791.6199112,5.68684460380827,-1.644937515258789
1748791791.6533945,5.6761815618654206,-1.6448962688446045
1748791791.6867983,5.665518009877271,-1.6448534727096558
1748791791.7202003,5.654499203486566,-1.6448127031326294
1748791791.7536447,5.640636881303663,-1.6447734832763672
1748791791.7871108,5.629617675801731,-1.6447274684906006
1748791791.8205159,5.619310027321007,-1.6446750164031982
1748791791.853921,5.607935699344116,-1.6446354389190674
1748791791.8874798,5.597983354586833,-1.644606113433838
1748791791.920881,5.587319598104665,-1.644566297531128
1748791791.954289,5.577011651597331,-1.644526720046997
1748791791.9876952,5.565993111516106,-1.644467830657959
1748791792.0212426,5.555329470976478,-1.6444284915924072
1748791792.0546432,5.544666332142812,-1.6443877220153809
1748791792.088049,5.534002703462384,-1.6443452835083008
1748791792.1214795,5.523694901225114,-1.6443058252334595
1748791792.1549351,5.513031336105062,-1.6442630290985107
1748791792.1883383,5.502012584236095,-1.6442217826843262
1748791792.2217965,5.4877945474081775,-1.6441789865493774
1748791792.2556045,5.477131635602752,-1.6441254615783691
1748791792.289033,5.466468243055817,-1.6440839767456055
1748791792.3224747,5.456160111832138,-1.6440420150756836
1748791792.3561094,5.445141055434642,-1.6440151929855347
1748791792.3895302,5.438032249490731,-1.6439754962921143
1748791792.4229386,5.423814488176546,-1.6439316272735596
1748791792.4563637,5.413151259361503,-1.6438918113708496
1748791792.48977,5.402487604672533,-1.6438509225845337
1748791792.5231736,5.392179652387768,-1.6438101530075073
1748791792.5565808,5.381160776771932,-1.643754005432129
1748791792.5899913,5.370497688996711,-1.6437132358551025
1748791792.623636,5.360189397592222,-1.6436707973480225
1748791792.6571133,5.349170581858511,-1.6436299085617065
1748791792.6905894,5.335308549838175,-1.643589973449707
1748791792.7240648,5.3242898121028635,-1.6435472965240479
1748791792.7575328,5.31398161517995,-1.6435058116912842
1748791792.7909331,5.303318281202696,-1.643465280532837
1748791792.8244276,5.292299683907554,-1.6434094905853271
1748791792.8578525,5.281635863158747,-1.643366813659668
1748791792.8912866,5.2670626598215025,-1.6433136463165283
1748791792.92469,5.256399398084478,-1.643270492553711
1748791792.9580932,5.245735792958731,-1.643229365348816
1748791792.9921916,5.231518325288895,-1.6431875228881836
1748791793.0261734,5.221210453405208,-1.6431485414505005
1748791793.0595896,5.2105468834719035,-1.6431059837341309
1748791793.0929928,5.199883306034595,-1.6430515050888062
1748791793.1264045,5.189220306861984,-1.6430109739303589
1748791793.1598527,5.178556770791806,-1.6429674625396729
1748791793.1932647,5.167893330751632,-1.6429417133331299
1748791793.2273319,5.157585588821434,-1.642888069152832
1748791793.260785,5.146566540591094,-1.6428449153900146
1748791793.2942467,5.13625882891418,-1.6428042650222778
1748791793.3276827,5.125239100938909,-1.6427363157272339
1748791793.3611267,5.114567784816937,-1.642810583114624
1748791793.3945246,5.104265624361104,-1.6426928043365479
1748791793.4279242,5.089683127650845,-1.6426562070846558
1748791793.4612823,5.079019985949048,-1.642617106437683
1748791793.4947999,5.068350755892229,-1.64259672164917
1748791793.5282073,5.05769052384373,-1.642567753791809
1748791793.5616107,5.04702060663934,-1.642543911933899
1748791793.5950148,5.036713246862855,-1.6425175666809082
1748791793.628419,5.025693499231217,-1.6424590349197388
1748791793.661807,5.015376421539215,-1.6425747871398926
1748791793.6952088,5.00433829468964,-1.6423463821411133
1748791793.7286136,4.994019072357428,-1.6426336765289307
1748791793.7620745,4.979780624393665,-1.642293930053711
1748791793.795462,4.968762963175548,-1.6423074007034302
1748791793.828886,4.9580910297719,-1.642267107963562
1748791793.8623202,4.947427306972885,-1.642235279083252
1748791793.8957267,4.936761023975979,-1.6423269510269165
1748791793.9291263,4.926104889355351,-1.6422926187515259
1748791793.9627497,4.911892929479394,-1.6423226594924927
1748791793.9961545,4.901578779049607,-1.6421273946762085
1748791794.029606,4.890557228288962,-1.6420795917510986
1748791794.0632102,4.880254107388446,-1.6422227621078491
1748791794.096565,4.869587963867936,-1.6421865224838257
1748791794.1299748,4.855006908682257,-1.6420124769210815
1748791794.1633854,4.844338120167046,-1.6420186758041382
1748791794.1967902,4.83367534755463,-1.6419780254364014
1748791794.2302406,4.823010936145715,-1.641953468322754
1748791794.2636847,4.8087930297304835,-1.6419217586517334
1748791794.2972157,4.7984852023403235,-1.6418870687484741
1748791794.3306367,4.787466068830181,-1.6418582201004028
1748791794.3640308,4.777158254443282,-1.6418306827545166
1748791794.3974335,4.762585355139889,-1.641800880432129
1748791794.431237,4.751921516580725,-1.6417741775512695
1748791794.4646826,4.741256300584023,-1.6417466402053833
1748791794.4980752,4.730590963584027,-1.641718864440918
1748791794.5314543,4.719929521066724,-1.6416875123977661
1748791794.564865,4.709617605027041,-1.641677975654602
1748791794.5982664,4.698956234470559,-1.6416412591934204
1748791794.631694,4.687936328188509,-1.6416218280792236
1748791794.6654263,4.677629289277657,-1.6415923833847046
1748791794.6988134,4.666609858937122,-1.6415727138519287
1748791794.732216,4.656302281061583,-1.6415454149246216
1748791794.7656622,4.645283420202771,-1.6415096521377563
1748791794.7992125,4.634969054472203,-1.6415038108825684
1748791794.832632,4.623953966377701,-1.6414730548858643
1748791794.8660305,4.613641395940151,-1.6413921117782593
1748791794.8994327,4.602627611236571,-1.6415436267852783
1748791794.9328141,4.588403756414425,-1.6414774656295776
1748791794.9662502,4.57808998604882,-1.6412842273712158
1748791794.9996526,4.567060158307492,-1.6412867307662964
1748791795.0330312,4.556046451844902,-1.6412451267242432
1748791795.0664344,4.545735833804984,-1.641222357749939
1748791795.099842,4.535072863261076,-1.6411943435668945
1748791795.1332972,4.524053751006194,-1.6411641836166382
1748791795.1667445,4.513390374580345,-1.64113450050354
1748791795.2001493,4.503082634427553,-1.6411116123199463
1748791795.2335513,4.492418792352095,-1.6410797834396362
1748791795.2673762,4.48140029883436,-1.6410531997680664
1748791795.3010705,4.467537991428675,-1.6410164833068848
1748791795.3345156,4.456874703719834,-1.6409894227981567
1748791795.3681138,4.442656874278651,-1.6409484148025513
1748791795.4016254,4.431994104424183,-1.6409229040145874
1748791795.4350572,4.421330857908954,-1.6408942937850952
1748791795.468588,4.410667676050767,-1.6408663988113403
1748791795.5019596,4.400004510725492,-1.6408361196517944
1748791795.5354216,4.389341358081447,-1.6408181190490723
1748791795.5688498,4.378678240064805,-1.640790581703186
1748791795.6022592,4.368015080164894,-1.6407625675201416
1748791795.635661,4.35699631592958,-1.640722632408142
1748791795.6692543,4.346688443062319,-1.6406959295272827
1748791795.7026732,4.336025366230116,-1.640667200088501
1748791795.7361028,4.325362360364331,-1.640640377998352
1748791795.7695403,4.3146988490298535,-1.6406117677688599
1748791795.8029566,4.300481382263114,-1.640581488609314
1748791795.837028,4.289818459409127,-1.640555500984192
1748791795.8707874,4.279155025227806,-1.6405256986618042
1748791795.9042866,4.268843132606536,-1.6405069828033447
1748791795.937734,4.257827006986793,-1.6404348611831665
1748791795.971145,4.24680503224789,-1.6405510902404785
1748791796.0045574,4.236491041018442,-1.6403428316116333
1748791796.0388284,4.225826647469936,-1.640317440032959
1748791796.0722406,4.215152504023509,-1.6402350664138794
1748791796.1059103,4.2005725376579885,-1.640158772468567
1748791796.139342,4.190255492462882,-1.6401947736740112
1748791796.1727457,4.1795825645767195,-1.639953374862671
1748791796.2061703,4.16854609719899,-1.6399420499801636
1748791796.2396421,4.158236894561995,-1.6398578882217407
1748791796.2730126,4.147906293086261,-1.6399977207183838
1748791796.3064568,4.136877723658892,-1.6397911310195923
1748791796.339861,4.1229992755519875,-1.639803409576416
1748791796.373591,4.111968536062784,-1.6397589445114136
1748791796.4069912,4.101308766186687,-1.6397199630737305
1748791796.4403608,4.09064539392559,-1.6398677825927734
1748791796.473835,4.080338642709108,-1.6398159265518188
1748791796.5073516,4.069312790197182,-1.6396175622940063
1748791796.5407553,4.058635898591974,-1.6396024227142334
1748791796.5741668,4.048333424978353,-1.6395200490951538
1748791796.6075976,4.036949252791959,-1.639586329460144
1748791796.6410098,4.026651681355236,-1.6396100521087646
1748791796.674504,4.015983548718036,-1.6393954753875732
1748791796.7079127,4.005310240756103,-1.6393650770187378
1748791796.7412884,3.99465297432692,-1.6393007040023804
1748791796.7746906,3.9836256923950377,-1.6393951177597046
1748791796.80813,3.9694026714660398,-1.6392011642456055
1748791796.8415322,3.9587373294014663,-1.6391419172286987
1748791796.874929,3.9480702577353095,-1.6391056776046753
1748791796.9083333,3.937406053685168,-1.6390776634216309
1748791796.9417307,3.9270973838042007,-1.6390535831451416
1748791796.9751794,3.9164336680563867,-1.6390316486358643
1748791797.008613,3.90612599618866,-1.6389940977096558
1748791797.0420835,3.8951072206023123,-1.6389657258987427
1748791797.0755348,3.8844439756910325,-1.6389374732971191
1748791797.108969,3.870226674812552,-1.6388989686965942
1748791797.142412,3.8595631011099343,-1.638882040977478
1748791797.1758099,3.848899957797441,-1.6388516426086426
1748791797.2100313,3.8382349888331637,-1.6388318538665771
1748791797.2434227,3.8275718871946958,-1.6387966871261597
1748791797.2768333,3.8169078175130107,-1.6387672424316406
1748791797.3102338,3.8062447917749473,-1.6387393474578857
1748791797.343645,3.7955817484559726,-1.6387120485305786
1748791797.3770154,3.7813642039411155,-1.63868248462677
1748791797.4104192,3.771056365958777,-1.6386568546295166
1748791797.443826,3.760037783894069,-1.6386263370513916
1748791797.4772296,3.7493743559334876,-1.6385881900787354
1748791797.5107758,3.739066530425423,-1.638561487197876
1748791797.544163,3.7280480228234762,-1.6385326385498047
1748791797.577569,3.7173851062106342,-1.6385056972503662
1748791797.6111143,3.706366672578495,-1.6384845972061157
1748791797.6444907,3.6960584403467007,-1.6384562253952026
1748791797.67794,3.6853956281819182,-1.6384210586547852
1748791797.7113607,3.6747323775327443,-1.6383922100067139
1748791797.7447906,3.6640690853787343,-1.638362169265747
1748791797.7782166,3.653405875496283,-1.638335943222046
1748791797.8116019,3.6427430813783794,-1.6383063793182373
1748791797.8452554,3.6359898581621812,-1.638286828994751
1748791797.8788354,3.625326198666823,-1.6382590532302856
1748791797.9123437,3.610753007577859,-1.6382215023040771
1748791797.945747,3.6000867061477217,-1.6382107734680176
1748791797.9791555,3.5894258846685485,-1.6381733417510986
1748791798.012589,3.579116946646303,-1.6381449699401855
1748791798.0460048,3.56454391903934,-1.6381187438964844
1748791798.079435,3.554235966056337,-1.6380807161331177
1748791798.1128826,3.543216848556305,-1.6380528211593628
1748791798.1462855,3.532554280224717,-1.6380245685577393
1748791798.17969,3.5215352756183087,-1.6379982233047485
1748791798.2130864,3.5112227146929524,-1.637983798980713
1748791798.2464912,3.5005630250705666,-1.637948751449585
1748791798.2798975,3.489543071312204,-1.6379199028015137
1748791798.3133078,3.4792353057473897,-1.6378936767578125
1748791798.346712,3.465018062213138,-1.6378647089004517
1748791798.3801315,3.4543547017596095,-1.6378278732299805
1748791798.4135432,3.4440469200054395,-1.6377981901168823
1748791798.4469795,3.432672510095421,-1.6377768516540527
1748791798.480395,3.422361102715125,-1.6377527713775635
1748791798.5137987,3.4120552140822666,-1.6377209424972534
1748791798.5472484,3.401391934384847,-1.637694239616394
1748791798.5806737,3.3868184151245257,-1.6376676559448242
1748791798.6141005,3.376510758229459,-1.637628197669983
1748791798.6475062,3.36549200738884,-1.637610912322998
1748791798.680962,3.354828790668502,-1.6375720500946045
1748791798.714367,3.344164806868512,-1.6375601291656494
1748791798.7478201,3.333856329924352,-1.6375253200531006
1748791798.7813683,3.322837557296473,-1.6374961137771606
1748791798.8148265,3.3121744754887708,-1.637467861175537
1748791798.8482947,3.301510468963859,-1.637441873550415
1748791798.881699,3.2872855631193807,-1.6373521089553833
1748791798.9150991,3.276617915597401,-1.6374889612197876
1748791798.9485435,3.2656040242436912,-1.6374592781066895
1748791798.982074,3.2556523892399953,-1.6374788284301758
1748791799.0155349,3.2446339873044736,-1.6374822854995728
1748791799.0489485,3.2339711401184332,-1.6374883651733398
1748791799.082375,3.22295189412197,-1.6375014781951904
1748791799.1158373,3.2126464006455673,-1.6375021934509277
1748791799.1492639,3.2019826587666005,-1.6375110149383545
1748791799.1830206,3.1913207089169693,-1.6375163793563843
1748791799.2164354,3.180657854703235,-1.6375226974487305
1748791799.2498922,3.169994976921423,-1.637528896331787
1748791799.2833261,3.1593320970006853,-1.63753342628479
1748791799.316736,3.144760003977089,-1.6375422477722168
1748791799.350146,3.134452664405532,-1.6375494003295898
1748791799.3835557,3.1230786599500675,-1.6375566720962524
1748791799.4169588,3.11277129261982,-1.6375620365142822
1748791799.4503639,3.1024649284162047,-1.6375689506530762
1748791799.4837837,3.091801998140659,-1.637575626373291
1748791799.5172818,3.081494648515288,-1.6375820636749268
1748791799.5511887,3.070476183003139,-1.6375882625579834
1748791799.584591,3.059814262137333,-1.637594223022461
1748791799.618,3.0487957773107706,-1.637601375579834
1748791799.6514716,3.038132822676503,-1.6376063823699951
1748791799.6850135,3.027826417347404,-1.637614369392395
1748791799.7184272,3.0168078976332344,-1.6376184225082397
1748791799.752004,3.0029469029372056,-1.637627124786377
1748791799.7854228,2.992639491513647,-1.6376310586929321
1748791799.8188362,2.9816209628091896,-1.6376396417617798
1748791799.8523235,2.9709589420285076,-1.6376439332962036
1748791799.885772,2.959940443122295,-1.637654185295105
1748791799.9195814,2.949633029622352,-1.6376594305038452
1748791799.9529455,2.938971015368914,-1.6376668214797974
1748791799.9863956,2.9283080534047916,-1.6376720666885376
1748791800.0197644,2.9180006443730013,-1.6376794576644897
1748791800.0533035,2.906271911230529,-1.6376854181289673
1748791800.0867248,2.8963200630136665,-1.6376922130584717
1748791800.1201708,2.8817478325243084,-1.637698769569397
1748791800.1536255,2.871440394557715,-1.6377053260803223
1748791800.1870966,2.8607783473167188,-1.6377135515213013
1748791800.2204964,2.850115334030424,-1.637717604637146
1748791800.2539308,2.839452317847924,-1.6377259492874146
1748791800.2874868,2.8287902458133156,-1.6377308368682861
1748791800.3209016,2.818127231712541,-1.637738585472107
1748791800.3543077,2.807464170015233,-1.637741208076477
1748791800.3877943,2.7968021620496275,-1.6377514600753784
1748791800.4212172,2.786137988569619,-1.6377251148223877
1748791800.4546156,2.7758253790826446,-1.6378228664398193
1748791800.4881268,2.7683681177786363,-1.6378405094146729
1748791800.5215235,2.7545052117713196,-1.6378849744796753
1748791800.554921,2.743487627860316,-1.6379170417785645
1748791800.5884175,2.7331811939594397,-1.637962818145752
1748791800.621819,2.721808176299019,-1.637959361076355
1748791800.6560826,2.7118116581444243,-1.6375304460525513
1748791800.689479,2.7007812160214066,-1.6382187604904175
1748791800.723013,2.690097672233563,-1.6378575563430786
1748791800.7564237,2.67943154644699,-1.637934684753418
1748791800.7898283,2.668759403334726,-1.6378031969070435
1748791800.8232274,2.657732802637804,-1.6377253532409668
1748791800.8566358,2.6474315019188994,-1.6379643678665161
1748791800.890124,2.6368017871853717,-1.6382912397384644
1748791800.9236495,2.622593105282977,-1.6372538805007935
1748791800.957014,2.6119415317503547,-1.6374672651290894
1748791800.9913971,2.6048320766592767,-1.6372606754302979
1748791801.0247946,2.5941623657663677,-1.637205719947815
1748791801.0581791,2.583504240250797,-1.6371665000915527
1748791801.0915961,2.5728303381974875,-1.6371572017669678
1748791801.125043,2.558938275779746,-1.6375731229782104
1748791801.1584783,2.5478821885210396,-1.6370056867599487
1748791801.1918764,2.537212543840998,-1.6371636390686035
1748791801.2252822,2.526898263635395,-1.6370136737823486
1748791801.2587383,2.5158794172097765,-1.6370186805725098
1748791801.2921412,2.5052165600715877,-1.6369744539260864
1748791801.325546,2.4945556158640447,-1.636932611465454
1748791801.358972,2.4838948926502535,-1.6368889808654785
1748791801.3923748,2.4728794118128077,-1.6368496417999268
1748791801.425828,2.4625741985899388,-1.636816382408142
1748791801.4593544,2.4519143768586775,-1.6367788314819336
1748791801.4927788,2.441255562783439,-1.636743187904358
1748791801.5261834,2.426333081003119,-1.6367042064666748
1748791801.5595963,2.416385408240746,-1.6366584300994873
1748791801.5930436,2.4057276383982105,-1.6366221904754639
1748791801.626446,2.3950698980115277,-1.6365872621536255
1748791801.6598833,2.384413111445903,-1.636549949645996
1748791801.6933687,2.3737573392797047,-1.6365258693695068
1748791801.726808,2.3627479481069895,-1.636488676071167
1748791801.7602253,2.352449010588222,-1.6364986896514893
1748791801.793626,2.3417946198920507,-1.6365282535552979
1748791801.8270638,2.3304291795295415,-1.6365535259246826
1748791801.8604834,2.3204844927549346,-1.6365219354629517
1748791801.8938901,2.3101856482690724,-1.6365673542022705
1748791801.9273214,2.2991757187186415,-1.6365851163864136
1748791801.9607627,2.288521061471576,-1.6365678310394287
1748791801.9941714,2.2814180808466915,-1.6365803480148315
1748791802.0276108,2.266501009692974,-1.6366041898727417
1748791802.061044,2.256556506842823,-1.63660728931427
1748791802.0944486,2.2459018588322,-1.6366060972213745
1748791802.1279042,2.2356030037115797,-1.6366366147994995
1748791802.1613438,2.2249472578980405,-1.6366186141967773
1748791802.1947496,2.2139381651822845,-1.6366301774978638
1748791802.2281518,2.2032838005768847,-1.6366491317749023
1748791802.2615528,2.1922735112736937,-1.636656641960144
1748791802.2951624,2.1816189358744063,-1.6366716623306274
1748791802.3285668,2.1713188634524476,-1.6366801261901855
1748791802.3619947,2.1606642178340363,-1.6366782188415527
1748791802.3953958,2.1500096684833676,-1.6367005109786987
1748791802.4287994,2.1393550839033737,-1.6367077827453613
1748791802.4622383,2.12514892959418,-1.6367242336273193
1748791802.496039,2.1144933648457735,-1.6367406845092773
1748791802.5294502,2.103838643232407,-1.6367487907409668
1748791802.5628471,2.0928284856410078,-1.6367547512054443
1748791802.5963871,2.0821738110841066,-1.6367595195770264
1748791802.6297588,2.071874666840224,-1.6367727518081665
1748791802.6631641,2.060864441719823,-1.636781096458435
1748791802.696661,2.0505643656976034,-1.6367943286895752
1748791802.7300568,2.036003519253273,-1.6368011236190796
1748791802.7634668,2.0253488182617145,-1.636806607246399
1748791802.7968779,2.014694077237226,-1.6368213891983032
1748791802.8302855,2.0043939322215243,-1.6368303298950195
1748791802.8643038,1.9901876883714502,-1.6368391513824463
1748791802.8977141,1.9795329490374323,-1.6368464231491089
1748791802.9311323,1.9692328476820833,-1.6368587017059326
1748791802.9645376,1.9582235129390626,-1.63687264919281
1748791802.9979393,1.947568723193784,-1.63688063621521
1748791803.0313892,1.9369130283175269,-1.6368876695632935
1748791803.0648665,1.9298107077926636,-1.6368796825408936
1748791803.0982864,1.9191561641561354,-1.6369107961654663
1748791803.13181,1.908500403881973,-1.6369059085845947
1748791803.1652284,1.893939384789856,-1.636921763420105
1748791803.1986825,1.883284573349168,-1.6369363069534302
1748791803.2323043,1.8733399615922472,-1.6369444131851196
1748791803.265866,1.8623305388548792,-1.636957049369812
1748791803.2992725,1.8516757780456605,-1.6369682550430298
1748791803.3326902,1.837469331067137,-1.6369746923446655
1748791803.366094,1.8271691162296229,-1.636982798576355
1748791803.3996096,1.8161597048164322,-1.6369894742965698
1748791803.4330647,1.8055048760874535,-1.6369985342025757
1748791803.4664662,1.7948500593621641,-1.6370140314102173
1748791803.4999485,1.7838395815054202,-1.637022852897644
1748791803.534157,1.7735402814344352,-1.6370295286178589
1748791803.568594,1.7628854500038902,-1.6370292901992798
1748791803.6019945,1.7490346367462848,-1.6370614767074585
1748791803.6354039,1.7380241563092504,-1.6370640993118286
1748791803.6688132,1.727369199927648,-1.637067437171936
1748791803.7022536,1.716359779432992,-1.6370915174484253
1748791803.7356663,1.7060604132291517,-1.63709557056427
1748791803.7696264,1.691143735548375,-1.6371046304702759
1748791803.8030264,1.6808433138489212,-1.6371018886566162
1748791803.836431,1.6708995238466438,-1.637109398841858
1748791803.8698766,1.6634407438473562,-1.6371322870254517
1748791803.9038818,1.6527868485228554,-1.6371444463729858
1748791803.9372988,1.638934758680783,-1.6371433734893799
1748791803.970703,1.6279251930648224,-1.6371597051620483
1748791804.0041184,1.6172702304827404,-1.6371701955795288
1748791804.037528,1.606615289582497,-1.6371816396713257
1748791804.0711098,1.59596028797756,-1.6371872425079346
1748791804.1045542,1.585660840051278,-1.6371989250183105
1748791804.1380062,1.5750059439677424,-1.6372132301330566
1748791804.1714048,1.5636408615004886,-1.6372214555740356
1748791804.2048116,1.5497897640668716,-1.6372284889221191
1748791804.238425,1.5391346254724043,-1.6372400522232056
1748791804.2718272,1.528480708069827,-1.6372507810592651
1748791804.305335,1.5178256289653953,-1.6372474431991577
1748791804.3388033,1.5071706413920671,-1.6372580528259277
1748791804.37238,1.4968712434705083,-1.6372730731964111
1748791804.4057822,1.4858616097827022,-1.6372759342193604
1748791804.439189,1.4752064552465216,-1.6373032331466675
1748791804.4726424,1.4645515658165909,-1.6373127698898315
1748791804.5060518,1.4538964275431432,-1.6373076438903809
1748791804.5394619,1.4432423496473543,-1.637325644493103
1748791804.5728648,1.4325873253360903,-1.6373398303985596
1748791804.6064565,1.418736116543389,-1.637345552444458
1748791804.6398675,1.407726423856564,-1.6373515129089355
1748791804.673278,1.3970713723315176,-1.6373592615127563
1748791804.7067127,1.3867718307791106,-1.6373673677444458
1748791804.7401156,1.375762113451057,-1.6373752355575562
1748791804.773519,1.365462569718809,-1.6373878717422485
1748791804.8069215,1.3544520995220606,-1.6373640298843384
1748791804.8403273,1.3441476194784416,-1.6371369361877441
1748791804.873774,1.3292308529614134,-1.637163519859314
1748791804.907187,1.3224825744464395,-1.6370596885681152
1748791804.9405982,1.31182735702511,-1.6370774507522583
1748791804.9740403,1.2976206630027116,-1.6370424032211304
1748791805.0074463,1.2866098057989812,-1.6369880437850952
1748791805.0408115,1.276310545356731,-1.6369822025299072
1748791805.0742576,1.2656545271981843,-1.6369450092315674
1748791805.1076276,1.2549993115913993,-1.6369132995605469
1748791805.1410153,1.2439888944354431,-1.636914610862732
1748791805.174429,1.2333338704847405,-1.6368716955184937
1748791805.2078404,1.2233887712444642,-1.6368553638458252
1748791805.2413545,1.2088258905197997,-1.636832356452942
1748791805.2747595,1.202077924228154,-1.6367980241775513
1748791805.308259,1.1910675414849727,-1.6367684602737427
1748791805.3417637,1.1800571974992018,-1.636755108833313
1748791805.375696,1.1697568789315165,-1.6367332935333252
1748791805.409337,1.1591008921038695,-1.6366955041885376
1748791805.442737,1.1519977429064958,-1.6366956233978271
1748791805.4761848,1.1381457842206202,-1.636648178100586
1748791805.509641,1.127135566466481,-1.636645793914795
1748791805.543131,1.1168351880024772,-1.6365963220596313
1748791805.5770614,1.1061794673981067,-1.6365822553634644
1748791805.6104739,1.0955246918839987,-1.6365585327148438
1748791805.6438816,1.0809619198728793,-1.6365313529968262
1748791805.6772842,1.069951507109033,-1.6364918947219849
1748791805.7106876,1.0596514112397382,-1.6364532709121704
1748791805.7442617,1.0486411670644487,-1.6364418268203735
1748791805.7776742,1.0383412212785004,-1.6364206075668335
1748791805.8110957,1.0276863169559736,-1.6363872289657593
1748791805.8446596,1.0170310263061342,-1.636373519897461
1748791805.8780937,1.0063752524578202,-1.636335015296936
1748791805.9117203,0.9957198385553294,-1.6363240480422974
1748791805.9451828,0.9811579625485473,-1.636288046836853
1748791805.9785883,0.9708579974318507,-1.6362605094909668
1748791806.0119917,0.9598471062122478,-1.6362470388412476
1748791806.0454,0.949547101538727,-1.636203408241272
1748791806.0795975,0.9385368900438408,-1.6361786127090454
1748791806.1130111,0.9282373092558881,-1.6361874341964722
1748791806.1464438,0.9175816439951553,-1.6361286640167236
1748791806.179849,0.9065706479583664,-1.6361103057861328
1748791806.2133565,0.8927193387209538,-1.6360918283462524
1748791806.2467458,0.8820639054154863,-1.63605535030365
1748791806.2801614,0.8717641850146818,-1.636040449142456
1748791806.3135595,0.860753321582405,-1.6360104084014893
1748791806.3469656,0.850090379329524,-1.6359314918518066
1748791806.3803973,0.8394474729539305,-1.6370495557785034
1748791806.4139328,0.8255709123860487,-1.6367477178573608
1748791806.4473884,0.8145315378770406,-1.6357909440994263
1748791806.4807694,0.8038616939187073,-1.6368666887283325
1748791806.5141752,0.793168380246796,-1.636790156364441
1748791806.5475957,0.7824975423312094,-1.6369882822036743
1748791806.5811276,0.7682756780190035,-1.6370900869369507
1748791806.6145375,0.7572595501000561,-1.6372509002685547
1748791806.6479423,0.7465995815102174,-1.6374213695526123
1748791806.6813865,0.7362961964252102,-1.6375600099563599
1748791806.7147875,0.7252824582219384,-1.6376969814300537
1748791806.7481892,0.7146252082576096,-1.6378371715545654
1748791806.7815967,0.7043224580765435,-1.6379761695861816
1748791806.8157291,0.6901134692148644,-1.6381158828735352
1748791806.849133,0.6794568650334162,-1.63825523853302
1748791806.882583,0.6691557207874521,-1.6383901834487915
1748791806.9160554,0.6581443314922235,-1.6385343074798584
1748791806.949451,0.6474893511604471,-1.6387203931808472
1748791806.9828632,0.636478693706868,-1.6388553380966187
1748791807.0163856,0.6265346229885331,-1.6390042304992676
1748791807.0497942,0.6112637425500111,-1.6391857862472534
1748791807.0832531,0.6013213539375657,-1.6392788887023926
1748791807.1166606,0.5906686871049842,-1.6394184827804565
1748791807.1500578,0.5800169222693601,-1.6395912170410156
1748791807.1834571,0.5693645305976242,-1.6396454572677612
1748791807.2168648,0.5551620555531432,-1.6397490501403809
1748791807.2503316,0.5445098808761683,-1.6398972272872925
1748791807.2837327,0.5338582495518983,-1.6399712562561035
1748791807.3177986,0.5235603826756058,-1.6400760412216187
1748791807.3512628,0.5125542228713647,-1.6401445865631104
1748791807.3848193,0.5019013875493896,-1.6402173042297363
1748791807.4182644,0.491249693909917,-1.6403207778930664
1748791807.4516451,0.48059788108956825,-1.6404175758361816
1748791807.4850519,0.4699449288657185,-1.640494704246521
1748791807.5184538,0.45929307415160786,-1.64060378074646
1748791807.5519638,0.45219235120948176,-1.640687108039856
1748791807.5854168,0.4415400835214985,-1.6407747268676758
1748791807.618853,0.43088806873078345,-1.6408822536468506
1748791807.6524067,0.4205904775528626,-1.6409610509872437
1748791807.6858203,0.4095839577781096,-1.641026258468628
1748791807.7192264,0.395721601474365,-1.6406753063201904
1748791807.752624,0.3847189466717785,-1.641478419303894
1748791807.7863014,0.37403368473339244,-1.6408650875091553
1748791807.8197112,0.36691322718101765,-1.6416610479354858
1748791807.8533714,0.3562031149132971,-1.6408860683441162
1748791807.8868725,0.34193407584954044,-1.6415284872055054
1748791807.9202728,0.33479023776059647,-1.6410247087478638
1748791807.953686,0.32373665599772666,-1.641266942024231
1748791807.9870946,0.3134172093274207,-1.6412460803985596
1748791808.0204654,0.30274929892859337,-1.641318917274475
1748791808.053881,0.29208553206843224,-1.6413848400115967
1748791808.0873954,0.28142371411631295,-1.6414273977279663
1748791808.1209219,0.27076106762599705,-1.6413971185684204
1748791808.1544838,0.26009842471800104,-1.6419450044631958
1748791808.1878874,0.2493897503147704,-1.6413379907608032
1748791808.2213223,0.23869718443305568,-1.6419157981872559
1748791808.2547238,0.22833242557966463,-1.6408783197402954
1748791808.2881382,0.2165573697539036,-1.6409318447113037
1748791808.3216226,0.20301770472044706,-1.640871524810791
1748791808.3550396,0.1923388953668807,-1.6405656337738037
1748791808.3889577,0.18166253922757133,-1.6404181718826294
1748791808.4223719,0.17099285236955825,-1.6403064727783203
1748791808.45628,0.15677811318587132,-1.6403026580810547
1748791808.4897804,0.14610325247409225,-1.6400009393692017
1748791808.5231886,0.13579129275154034,-1.6399916410446167
1748791808.5566015,0.12370623727623994,-1.6397854089736938
1748791808.5901976,0.11411265004229014,-1.6397565603256226
1748791808.6242273,0.10380360869946913,-1.6396658420562744
1748791808.657633,0.0927824041676586,-1.6395848989486694
1748791808.6910446,0.08211831609421895,-1.6393673419952393
1748791808.7244594,0.07180217740023685,-1.6392415761947632
1748791808.7578669,0.060782178531382444,-1.6390823125839233
1748791808.7913876,0.05401766597362691,-1.6390886306762695
1748791808.8248062,0.038737232258251396,-1.6390151977539062
1748791808.8582363,0.02913482961368625,-1.6387817859649658
1748791808.8916628,0.018463487458250008,-1.6386924982070923
1748791808.925028,0.007444084125731424,-1.6386804580688477
1748791808.9585447,-0.003213179006209253,-1.6386150121688843
1748791808.991967,-0.01388334495963612,-1.6383754014968872
1748791809.0253735,-0.024558706417518686,-1.6383689641952515
1748791809.058807,-0.035228562062544315,-1.6381930112838745
1748791809.0922523,-0.04554347329326689,-1.6382091045379639
1748791809.125666,-0.05657023304293148,-1.6380822658538818
1748791809.1591432,-0.06723663826904505,-1.6378942728042603
1748791809.1925678,-0.07791421217579025,-1.6378014087677002
1748791809.2259333,-0.08857391770760284,-1.6378247737884521
1748791809.2594073,-0.09924659831607689,-1.6375266313552856
1748791809.2928169,-0.10956457857538872,-1.6374870538711548
1748791809.3262355,-0.12058163204407477,-1.637239694595337
1748791809.3605056,-0.13126269170513533,-1.6371538639068604
1748791809.3939147,-0.14547761962053554,-1.6370446681976318
1748791809.427323,-0.15614394784184782,-1.6368974447250366
1748791809.460737,-0.16645572157527586,-1.636903166770935
1748791809.4941316,-0.17782398943761704,-1.6368350982666016
1748791809.5275364,-0.18813430338208917,-1.636612892150879
1748791809.561,-0.2019932362613716,-1.6366785764694214
1748791809.5944164,-0.21301964594053988,-1.6365506649017334
1748791809.6278598,-0.22403752299872312,-1.6365116834640503
1748791809.6613185,-0.23399065812970954,-1.6362979412078857
1748791809.6947758,-0.24536767635743956,-1.636379599571228
1748791809.7284167,-0.25958408214628115,-1.636222004890442
1748791809.7618313,-0.2695402192834371,-1.63602614402771
1748791809.7953067,-0.28021452801161534,-1.6359233856201172
1748791809.8287117,-0.29478789708222736,-1.6359448432922363
1748791809.862122,-0.30545333755036136,-1.635650634765625
1748791809.8955212,-0.3161257336426954,-1.6355464458465576
1748791809.9290447,-0.3267851477651703,-1.6354377269744873
1748791809.9624746,-0.33745385993553867,-1.6353496313095093
1748791809.99592,-0.34811805954526337,-1.635227084159851
1748791810.0293043,-0.3584336435472037,-1.635222315788269
1748791810.0627635,-0.3730151588499952,-1.6349313259124756
1748791810.096406,-0.38368201020232245,-1.634957194328308
1748791810.1301076,-0.3943559627366116,-1.6346527338027954
1748791810.163514,-0.4050332218930982,-1.6346412897109985
1748791810.1969202,-0.41570049617161703,-1.634399175643921
1748791810.2303517,-0.4267343351956581,-1.6343178749084473
1748791810.2637794,-0.43703968481026106,-1.6342012882232666
1748791810.297178,-0.44771084558087737,-1.6339489221572876
1748791810.3311434,-0.45802297926171515,-1.6338201761245728
1748791810.3645644,-0.4690377416093955,-1.6344780921936035
1748791810.3979626,-0.4797495094071558,-1.633354663848877
1748791810.4313598,-0.49042794683629554,-1.6335546970367432
1748791810.4647732,-0.5014582855407648,-1.6334328651428223
1748791810.4981778,-0.5117700211043805,-1.6332309246063232
1748791810.5316045,-0.5224488193862663,-1.6331348419189453
1748791810.5650265,-0.5331060699696262,-1.63322114944458
1748791810.5984988,-0.5437567123256576,-1.6335020065307617
1748791810.6319015,-0.5544364082347744,-1.6327651739120483
1748791810.6653063,-0.5651075556476358,-1.632865071296692
1748791810.698795,-0.5789840035901784,-1.6326743364334106
1748791810.7321835,-0.5900029858861982,-1.6326771974563599
1748791810.7656386,-0.6006734647207117,-1.632582426071167
1748791810.7996004,-0.6113351705771104,-1.6323682069778442
1748791810.8330834,-0.6220070928613887,-1.6331113576889038
1748791810.8665705,-0.6362842671161134,-1.6321607828140259
1748791810.8999724,-0.6466111654237677,-1.632327675819397
1748791810.9334798,-0.6576479898977644,-1.632207989692688
1748791810.9669235,-0.6686753061475633,-1.6321163177490234
1748791811.0003333,-0.6789901009403564,-1.6320555210113525
1748791811.0337372,-0.6896571106388512,-1.6319897174835205
1748791811.0672066,-0.7003245811608245,-1.6317435503005981
1748791811.1014407,-0.7106456534307761,-1.6317743062973022
1748791811.134843,-0.7213217106272588,-1.6317706108093262
1748791811.1690443,-0.7320164717677032,-1.6325819492340088
1748791811.2024503,-0.7431187486471686,-1.63161039352417
1748791811.2358549,-0.7538246912481492,-1.6316581964492798
1748791811.269309,-0.7645156324644122,-1.6314750909805298
1748791811.3027189,-0.7748392282358092,-1.6314786672592163
1748791811.3361344,-0.7858470754444772,-1.6323479413986206
1748791811.3697758,-0.7965178734935195,-1.6316956281661987
1748791811.403235,-0.8071734458380202,-1.631514072418213
1748791811.4367454,-0.817831597455655,-1.6314722299575806
1748791811.4701421,-0.8281378105795025,-1.6313869953155518
1748791811.5035715,-0.8391613263676837,-1.631198525428772
1748791811.536968,-0.8462789539937053,-1.6310268640518188
1748791811.5703752,-0.8569528400884167,-1.6310395002365112
1748791811.6039135,-0.8676206739245418,-1.63081693649292
1748791811.6373224,-0.8783017625142568,-1.6307352781295776
1748791811.6707375,-0.8889607437526426,-1.6306922435760498
1748791811.7042081,-0.89927587522023,-1.6304529905319214
1748791811.7376337,-0.9138479698904517,-1.6302313804626465
1748791811.7713995,-0.9248518674636663,-1.6312501430511475
1748791811.804797,-0.9316152682435243,-1.630483627319336
1748791811.8382115,-0.9423014862586007,-1.6304517984390259
1748791811.8716528,-0.9529660510434222,-1.6303942203521729
1748791811.9050398,-0.9632762572634359,-1.6302906274795532
1748791811.9384332,-0.9739393807673227,-1.630245327949524
1748791811.9718485,-0.9849598094763969,-1.630029320716858
1748791812.0056095,-0.9956241048874184,-1.6300519704818726
1748791812.0390356,-1.0066431832662175,-1.62991464138031
1748791812.0725117,-1.0165961084219672,-1.6298935413360596
1748791812.1060145,-1.0276153801385592,-1.6296707391738892
1748791812.139417,-1.0418322141380314,-1.6296510696411133
1748791812.1728168,-1.0525073594785685,-1.6293600797653198
1748791812.2062802,-1.063169165347106,-1.6292831897735596
1748791812.2400198,-1.0738048148106312,-1.6301612854003906
1748791812.2734797,-1.08838741711256,-1.6289653778076172
1748791812.3069043,-1.0986951870293358,-1.6291656494140625
1748791812.3403087,-1.1100713855877258,-1.629135012626648
1748791812.3737106,-1.1207449238914375,-1.628836989402771
1748791812.407107,-1.1310700075644684,-1.6288337707519531
1748791812.4405594,-1.1413804155885139,-1.628616452217102
1748791812.4740593,-1.1520621546736394,-1.6285070180892944
1748791812.5074613,-1.1623736723613416,-1.6284620761871338
1748791812.540872,-1.1730462682830067,-1.6282716989517212
1748791812.5742743,-1.184061853015474,-1.6282936334609985
1748791812.6085367,-1.1947310157719044,-1.6279881000518799
1748791812.6419423,-1.2054006107311395,-1.6279393434524536
1748791812.6753016,-1.2125021635939666,-1.6278737783432007
1748791812.7089472,-1.2231711341597553,-1.6276588439941406
1748791812.7423732,-1.237397896860646,-1.6275780200958252
1748791812.7758353,-1.2480662417925332,-1.6274305582046509
1748791812.8094344,-1.2622860629543051,-1.6274523735046387
1748791812.843895,-1.2697530568530957,-1.6272112131118774
1748791812.8772964,-1.2836236293764125,-1.6270838975906372
1748791812.9107027,-1.2946444992747006,-1.6270815134048462
1748791812.9450402,-1.3053095739678633,-1.6270062923431396
1748791812.9784591,-1.315980098054278,-1.6268067359924316
1748791813.0118573,-1.3298566400783096,-1.6267162561416626
1748791813.045335,-1.3405161316837557,-1.6267220973968506
1748791813.0787935,-1.3476312129955248,-1.6264183521270752
1748791813.1121926,-1.3583063492327725,-1.6263799667358398
1748791813.1456661,-1.3725325399190094,-1.6261546611785889
1748791813.1790648,-1.379291314297288,-1.626254916191101
1748791813.212476,-1.3903150799496864,-1.6261169910430908
1748791813.2460303,-1.4048960682408094,-1.625839114189148
1748791813.279448,-1.4155536972904759,-1.6260075569152832
1748791813.3128445,-1.429395749069302,-1.6266558170318604
1748791813.3463464,-1.4397251722340108,-1.6255711317062378
1748791813.3797562,-1.450725072546976,-1.626868724822998
1748791813.4131587,-1.4613811003137978,-1.626611351966858
1748791813.4465687,-1.4723907550382405,-1.6266674995422363
1748791813.4799728,-1.4827017015739534,-1.6268234252929688
1748791813.5133872,-1.4894521277652168,-1.6267064809799194
1748791813.5469363,-1.5004714801516672,-1.6269738674163818
1748791813.5804048,-1.5111336744990052,-1.626961588859558
1748791813.613808,-1.5218075331380423,-1.6270723342895508
1748791813.6472185,-1.532467864721028,-1.6269886493682861
1748791813.6807148,-1.5431468101312948,-1.6270043849945068
1748791813.7141504,-1.5538122218863304,-1.6271588802337646
1748791813.7476277,-1.5644736437822786,-1.6270325183868408
1748791813.7810245,-1.5783467081321294,-1.6272145509719849
1748791813.8144207,-1.5890054465654988,-1.6271964311599731
1748791813.8478332,-1.6000343054266886,-1.6272696256637573
1748791813.8812382,-1.6071344466248718,-1.6274116039276123
1748791813.9151945,-1.6177949512325118,-1.6274579763412476
1748791813.9488177,-1.632019400397165,-1.6276522874832153
1748791813.9821897,-1.6430288820024412,-1.62772798538208
1748791814.0156007,-1.653337859469097,-1.6276429891586304
1748791814.0490384,-1.660792025889443,-1.6283693313598633
1748791814.0824802,-1.6710978545866122,-1.6283596754074097
1748791814.1158953,-1.6817571647804939,-1.6282991170883179
1748791814.149463,-1.6924137057423654,-1.6285046339035034
1748791814.1829753,-1.703073653691056,-1.6285028457641602
1748791814.2163768,-1.7137279873571536,-1.6290158033370972
1748791814.249874,-1.7243870458097683,-1.629052996635437
1748791814.2832737,-1.7350487531145895,-1.628893256187439
1748791814.316678,-1.7457036891128628,-1.6294581890106201
1748791814.3501163,-1.7563656625329287,-1.6293920278549194
1748791814.3835309,-1.767023705099666,-1.6296759843826294
1748791814.4170187,-1.7776822645470192,-1.6297886371612549
1748791814.4508839,-1.7922468259202058,-1.6299846172332764
1748791814.4843018,-1.8025493387463258,-1.630138874053955
1748791814.517703,-1.8132063017233313,-1.6303048133850098
1748791814.551187,-1.8238618553605914,-1.630522608757019
1748791814.5845873,-1.8341714032469392,-1.6303259134292603
1748791814.618005,-1.8451777300467738,-1.6309055089950562
1748791814.6514192,-1.8561886069053493,-1.630906105041504
1748791814.6852338,-1.8704020501749248,-1.6308282613754272
1748791814.7186823,-1.8771454156872145,-1.6313813924789429
1748791814.752243,-1.887798974012875,-1.6314218044281006
1748791814.7856524,-1.9020096482026296,-1.6313648223876953
1748791814.8190615,-1.9126577633310362,-1.6319223642349243
1748791814.8524318,-1.923669773466196,-1.6319341659545898
1748791814.8860414,-1.9343222976655223,-1.632232666015625
1748791814.919483,-1.9446202240643655,-1.6323436498641968
1748791814.9531438,-1.9549238282455352,-1.632301688194275
1748791814.9865694,-1.9659268872394808,-1.6328234672546387
1748791815.019966,-1.9765817608870675,-1.6328030824661255
1748791815.0534322,-1.9868788348042314,-1.6330705881118774
1748791815.0869427,-2.0017913445063127,-1.6331942081451416
1748791815.1203592,-2.0085366447277635,-1.633349895477295
1748791815.1537585,-2.0188335798839927,-1.633480429649353
1748791815.187271,-2.02984094701562,-1.633579969406128
1748791815.220749,-2.0401378565535624,-1.633660912513733
1748791815.254203,-2.050795776099122,-1.6335999965667725
1748791815.287601,-2.0617983610864616,-1.6340512037277222
1748791815.3210602,-2.0731638960939867,-1.6340504884719849
1748791815.3545551,-2.0831104697694394,-1.633985996246338
1748791815.3881605,-2.093762914089883,-1.6342741250991821
1748791815.4215622,-2.104767609587153,-1.6345573663711548
1748791815.4560788,-2.115066692721952,-1.634619951248169
1748791815.4894998,-2.1292767031137205,-1.6345016956329346
1748791815.5229602,-2.1399296584232563,-1.6346877813339233
1748791815.5563397,-2.1505795237756926,-1.6350421905517578
1748791815.5898173,-2.1612353487971103,-1.6351326704025269
1748791815.6232498,-2.1718936771462123,-1.63506281375885
1748791815.6566916,-2.1821901541907778,-1.6352661848068237
1748791815.6900918,-2.1939097844286346,-1.6353135108947754
1748791815.7235155,-2.203852681030053,-1.6354286670684814
1748791815.7569253,-2.210951236023517,-1.635810136795044
1748791815.7903504,-2.2251578011343423,-1.6358397006988525
1748791815.8237486,-2.235815492811218,-1.6358038187026978
1748791815.857286,-2.246468206527237,-1.636042833328247
1748791815.8914046,-2.2610244368109016,-1.636367678642273
1748791815.9248474,-2.2713228277782505,-1.6364465951919556
1748791815.9582481,-2.2819750023763383,-1.6366496086120605
1748791815.9917161,-2.2926268917136725,-1.6367747783660889
1748791816.0251331,-2.3032787238622308,-1.6368886232376099
1748791816.0585337,-2.3135811010689236,-1.6369324922561646
1748791816.0919335,-2.3242269486577514,-1.6373754739761353
1748791816.1254015,-2.3352372908640824,-1.6373831033706665
1748791816.158956,-2.345895017833466,-1.6373298168182373
1748791816.1923568,-2.3565482353545146,-1.637551188468933
1748791816.2257643,-2.367197702967519,-1.6379342079162598
1748791816.2592156,-2.377852066507345,-1.6379858255386353
1748791816.2927196,-2.3920625564562488,-1.6378700733184814
1748791816.3263562,-2.402714730677599,-1.6380656957626343
1748791816.359781,-2.4130094191393647,-1.638422966003418
1748791816.3932095,-2.4236637387016304,-1.6385185718536377
1748791816.426669,-2.435033851360203,-1.6384156942367554
1748791816.460071,-2.444969657418009,-1.6389552354812622
1748791816.4934707,-2.45633483096338,-1.6390345096588135
1748791816.5269313,-2.466282752625832,-1.6389575004577637
1748791816.5603938,-2.4776462095796195,-1.6391748189926147
1748791816.593806,-2.484390319964315,-1.6394472122192383
1748791816.6272142,-2.498595688018886,-1.6395281553268433
1748791816.6606255,-2.5096096534297185,-1.6394619941711426
1748791816.6941133,-2.519545194871983,-1.6400150060653687
1748791816.7275224,-2.530201302049053,-1.6400268077850342
1748791816.760989,-2.5419249746884387,-1.6399433612823486
1748791816.7944498,-2.551868935573589,-1.6401883363723755
1748791816.8278537,-2.5625171428548046,-1.6404852867126465
1748791816.8612504,-2.5731720830200144,-1.6405816078186035
1748791816.8947065,-2.5838243273156496,-1.6407712697982788
1748791816.9283714,-2.5941292063964516,-1.6406915187835693
1748791816.9618392,-2.605483598071616,-1.6412214040756226
1748791816.995249,-2.618979876247502,-1.641209602355957
1748791817.0286543,-2.630348410243143,-1.6413564682006836
1748791817.0620592,-2.6406399811226775,-1.6417248249053955
1748791817.0954635,-2.6512953169849527,-1.641743779182434
1748791817.1289716,-2.66159877671111,-1.6416561603546143
1748791817.163634,-2.6761592017509988,-1.6418607234954834
1748791817.1970582,-2.686807928980441,-1.6423152685165405
1748791817.2304697,-2.6974619850768002,-1.6423734426498413
1748791817.2640188,-2.7084768625677733,-1.6423499584197998
1748791817.2974582,-2.7191236229597777,-1.6428511142730713
1748791817.3308747,-2.729423220849028,-1.642852544784546
1748791817.3643641,-2.743624469138141,-1.6431304216384888
1748791817.3977685,-2.7542837038073635,-1.6429543495178223
1748791817.4311693,-2.7652903773929443,-1.6432350873947144
1748791817.4647639,-2.7755835672023297,-1.6435567140579224
1748791817.4982102,-2.7858829786423525,-1.6435953378677368
1748791817.531734,-2.797253755338281,-1.643533706665039
1748791817.565487,-2.811094714419429,-1.6440600156784058
1748791817.5988934,-2.821396301842544,-1.6440749168395996
1748791817.632295,-2.832054243184236,-1.643994927406311
1748791817.6657019,-2.8430634495036484,-1.6442341804504395
1748791817.6991546,-2.849806813438778,-1.6445386409759521
1748791817.7325656,-2.8608135752708783,-1.6446040868759155
1748791817.7659972,-2.8714670521930827,-1.6447603702545166
1748791817.7994573,-2.8821252510388247,-1.6446261405944824
1748791817.8329005,-2.896328821651219,-1.644860029220581
1748791817.8663065,-2.903427186555448,-1.6451936960220337
1748791817.899722,-2.9176331153264274,-1.6452767848968506
1748791817.9331293,-2.928292346454026,-1.6451518535614014
1748791817.9665291,-2.9385896631074937,-1.6453193426132202
1748791817.9999757,-2.9460427399968916,-1.6456831693649292
1748791818.03338,-2.9602484140799583,-1.6457523107528687
1748791818.067969,-2.9709070087019556,-1.645710825920105
1748791818.1015918,-2.981204577220881,-1.645914077758789
1748791818.134989,-2.9922079490072657,-1.6462944746017456
1748791818.1690094,-3.006064902069929,-1.646041750907898
1748791818.202445,-3.0170706750581213,-1.6463119983673096
1748791818.2361155,-3.027365412324704,-1.6466708183288574
1748791818.2695868,-3.0383738997479113,-1.6467915773391724
1748791818.3036625,-3.0454811782288593,-1.6466182470321655
1748791818.3371253,-3.055776681136072,-1.6470946073532104
1748791818.3705223,-3.0664300407011322,-1.6471381187438965
1748791818.4039924,-3.077444583245586,-1.647025227546692
1748791818.4376202,-3.0916493914881085,-1.647233009338379
1748791818.4711099,-3.102297260046381,-1.6476433277130127
1748791818.50463,-3.1090446864509325,-1.6476870775222778
1748791818.53808,-3.123610624882657,-1.6475765705108643
1748791818.5715299,-3.134262492302996,-1.6477724313735962
1748791818.604955,-3.14491105072409,-1.648152470588684
1748791818.6383698,-3.1555651617595117,-1.6482300758361816
1748791818.671988,-3.1658690756270653,-1.6481842994689941
1748791818.705394,-3.176876294842436,-1.648315668106079
1748791818.7388644,-3.1878801112699975,-1.648703932762146
1748791818.7722626,-3.1981791644237947,-1.6487659215927124
1748791818.8056693,-3.20882994500163,-1.6489750146865845
1748791818.839075,-3.219126305066768,-1.649097204208374
1748791818.8724933,-3.230139033471249,-1.6490544080734253
1748791818.9060097,-3.2407899335553316,-1.6493394374847412
1748791818.9397037,-3.251438767895435,-1.6496264934539795
1748791818.973152,-3.262091956988087,-1.6497105360031128
1748791819.00659,-3.272750767845386,-1.649617314338684
1748791819.0400267,-3.2830490840639497,-1.6498379707336426
1748791819.0734825,-3.2940520784623635,-1.6501944065093994
1748791819.1068952,-3.3047055406612116,-1.6502422094345093
1748791819.1402996,-3.3153656107755367,-1.650180459022522
1748791819.1737633,-3.3299159636657136,-1.6507456302642822
1748791819.207172,-3.3405721218780586,-1.650752305984497
1748791819.2405689,-3.3515857328505976,-1.6508482694625854
1748791819.2739859,-3.3618762788777,-1.6512724161148071
1748791819.3074353,-3.3757288991595606,-1.6512978076934814
1748791819.3408425,-3.3860337497562707,-1.6511852741241455
1748791819.3743525,-3.397033325577595,-1.6517935991287231
1748791819.4078076,-3.407333912414419,-1.6518117189407349
1748791819.4412344,-3.4183492580746453,-1.6517730951309204
1748791819.4747937,-3.4289945747265684,-1.652306079864502
1748791819.50818,-3.4428458899947483,-1.652347445487976
1748791819.5416558,-3.4538606516345,-1.652235984802246
1748791819.5751054,-3.4645065138548157,-1.652743935585022
1748791819.6085184,-3.474806864801353,-1.6528197526931763
1748791819.641961,-3.486176890466621,-1.6528621912002563
1748791819.6753678,-3.4964668923345466,-1.6533482074737549
1748791819.7087698,-3.5071224274601347,-1.6533491611480713
1748791819.7422123,-3.5213305423047268,-1.6536409854888916
1748791819.7756999,-3.5287800610102593,-1.6547634601593018
1748791819.809124,-3.542680049531146,-1.653641939163208
1748791819.8425252,-3.5532995998550274,-1.6549099683761597
1748791819.8758705,-3.5639697184542185,-1.6549606323242188
1748791819.9092746,-3.57466803597051,-1.6541941165924072
1748791819.9426804,-3.585681576571699,-1.6544759273529053
1748791819.9761362,-3.5956420139054686,-1.6546885967254639
1748791820.0095446,-3.606296238170683,-1.6559916734695435
1748791820.0429473,-3.61737286798456,-1.6552009582519531
1748791820.0763497,-3.631586062744934,-1.6554920673370361
1748791820.109769,-3.64218281318528,-1.656707763671875
1748791820.143172,-3.6528390817874894,-1.6562762260437012
1748791820.1765828,-3.6634572086789237,-1.6577152013778687
1748791820.2099888,-3.6741555637407206,-1.6568406820297241
1748791820.2434669,-3.6848512699205695,-1.657022476196289
1748791820.2768695,-3.699085841387764,-1.6574528217315674
1748791820.3102713,-3.7097708144111627,-1.657209038734436
1748791820.343716,-3.7204332963310414,-1.6577199697494507
1748791820.3771737,-3.7311096106583426,-1.6577764749526978
1748791820.4105785,-3.741433758144942,-1.6576288938522339
1748791820.4439797,-3.756023433016054,-1.6577261686325073
1748791820.4774067,-3.766679669577981,-1.657882809638977
1748791820.5108035,-3.776989328356337,-1.6580055952072144
1748791820.54421,-3.788000183090073,-1.6583510637283325
1748791820.5776165,-3.7990135493325665,-1.6584267616271973
1748791820.6110244,-3.8089693322633016,-1.6583020687103271
1748791820.644383,-3.819982661517358,-1.6583857536315918
1748791820.6778314,-3.830987458688673,-1.6587690114974976
1748791820.711235,-3.841294023885341,-1.6589361429214478
1748791820.7446456,-3.851968721916473,-1.6587555408477783
1748791820.7780542,-3.862639036570453,-1.6588610410690308
1748791820.811457,-3.8736486225628535,-1.6589733362197876
1748791820.8448627,-3.8836127110142855,-1.659040093421936
1748791820.878238,-3.894635765387651,-1.6592758893966675
1748791820.911642,-3.9053041696077924,-1.6589767932891846
1748791820.9450128,-3.916284389289901,-1.6599738597869873
1748791820.9784288,-3.9262628456366855,-1.6589431762695312
1748791821.0118327,-3.940822251405486,-1.6594445705413818
1748791821.0452352,-3.9514752358621363,-1.6595221757888794
1748791821.0786417,-3.962147263904598,-1.6592910289764404
1748791821.1121867,-3.973532119146506,-1.6597956418991089
1748791821.1464279,-3.9835068625819448,-1.6595097780227661
1748791821.1798427,-3.993801673694261,-1.660032033920288
1748791821.2132397,-4.004830032960975,-1.6599591970443726
1748791821.247075,-4.018694273256852,-1.6601654291152954
1748791821.2804856,-4.029717198204848,-1.6600309610366821
1748791821.3138897,-4.040032449917323,-1.6601508855819702
1748791821.3472931,-4.0506864837577705,-1.6602182388305664
1748791821.3807313,-4.0617091736832105,-1.6603747606277466
1748791821.414144,-4.072362399048143,-1.6606799364089966
1748791821.4475656,-4.083030325934825,-1.6608020067214966
1748791821.4809713,-4.094052571325797,-1.6607108116149902
1748791821.5144267,-4.1082738408928545,-1.6608927249908447
1748791821.547806,-4.118946452204981,-1.6609606742858887
1748791821.5812163,-4.129247800198182,-1.6611171960830688
1748791821.6147084,-4.139923762941385,-1.6611285209655762
1748791821.648111,-4.150946854421271,-1.661427617073059
1748791821.681526,-4.161645296180676,-1.661146879196167
1748791821.7149756,-4.171608627716355,-1.661765456199646
1748791821.7483816,-4.182653310904395,-1.66143000125885
1748791821.7817879,-4.1933191714487785,-1.6617116928100586
1748791821.8152092,-4.203971347206547,-1.661967396736145
1748791821.8489175,-4.214271566143546,-1.662176489830017
1748791821.8823292,-4.225645741644016,-1.6620746850967407
1748791821.9157317,-4.235592270693491,-1.662282109260559
1748791821.949145,-4.246242763020538,-1.6625492572784424
1748791821.9826484,-4.257254934972849,-1.6627331972122192
1748791822.0160587,-4.267918685840222,-1.662569522857666
1748791822.0501697,-4.278566971883532,-1.6631351709365845
1748791822.083638,-4.2927743711759865,-1.6631762981414795
1748791822.1174307,-4.299883570902016,-1.6630799770355225
1748791822.1511865,-4.310541433906942,-1.6632049083709717
1748791822.184889,-4.325100595567301,-1.6635804176330566
1748791822.2183,-4.335047809454775,-1.6636996269226074
1748791822.2521036,-4.346058747721082,-1.6639145612716675
1748791822.2855196,-4.356713727636675,-1.6640732288360596
1748791822.3189437,-4.370921243466004,-1.6642398834228516
1748791822.3523357,-4.3815757574264085,-1.6644554138183594
1748791822.385744,-4.392229555189801,-1.6646342277526855
1748791822.4192715,-4.402529056604878,-1.6647347211837769
1748791822.452783,-4.413181242430688,-1.6649004220962524
1748791822.486192,-4.424189808698461,-1.665073275566101
1748791822.5196254,-4.434486040540575,-1.6652953624725342
1748791822.5531278,-4.44513700156759,-1.665441632270813
1748791822.5866084,-4.456144368992758,-1.6655604839324951
1748791822.6205351,-4.4703461399281315,-1.6656551361083984
1748791822.6540143,-4.4809973716786455,-1.665805459022522
1748791822.687458,-4.491647087639927,-1.6659811735153198
1748791822.7208598,-4.502299045449813,-1.6660423278808594
1748791822.754305,-4.512949216051915,-1.6661676168441772
1748791822.7877884,-4.523244796855855,-1.6663397550582886
1748791822.821241,-4.534251738365414,-1.6664369106292725
1748791822.8546655,-4.5449021028453345,-1.6665786504745483
1748791822.8881283,-4.555554292110182,-1.6667098999023438
1748791822.9215386,-4.566204583779763,-1.6667873859405518
1748791822.9550617,-4.58041180087682,-1.6667462587356567
1748791822.9884655,-4.591416129095104,-1.6670650243759155
1748791823.0218823,-4.6017083502557625,-1.6673450469970703
1748791823.0553076,-4.612362192467777,-1.667451024055481
1748791823.0887156,-4.622658270322623,-1.6676452159881592
1748791823.1221128,-4.633663920457628,-1.6677212715148926
1748791823.155512,-4.647872375903162,-1.667680263519287
1748791823.1891634,-4.654972887961938,-1.667917013168335
1748791823.2225726,-4.665619675469043,-1.6682370901107788
1748791823.2559836,-4.676282515746765,-1.6680296659469604
1748791823.2895956,-4.690473509175382,-1.6686468124389648
1748791823.3230565,-4.697578562234805,-1.6686530113220215
1748791823.3565445,-4.708238969692811,-1.6686317920684814
1748791823.389941,-4.7192408203356875,-1.669142246246338
1748791823.4233663,-4.729893403264219,-1.6692019701004028
1748791823.4568079,-4.744458267591472,-1.6691391468048096
1748791823.49026,-4.75086074740337,-1.6686979532241821
1748791823.5241294,-4.761517495743891,-1.6688917875289917
1748791823.5576162,-4.775375908755605,-1.6687302589416504
1748791823.5910673,-4.786370104053036,-1.6693332195281982
1748791823.6249595,-4.797061967739421,-1.6683381795883179
1748791823.6583655,-4.807719670230941,-1.6691197156906128
1748791823.691775,-4.818377795591511,-1.6691340208053589
1748791823.7251747,-4.829424245022964,-1.6683145761489868
1748791823.7585757,-4.839735634701903,-1.6686822175979614
1748791823.7920463,-4.850062776425642,-1.6683250665664673
1748791823.825459,-4.860744342383284,-1.6689728498458862
1748791823.8588307,-4.871819045409943,-1.6682339906692505
1748791823.8922791,-4.882517678794346,-1.6689443588256836
1748791823.9257298,-4.893265292629159,-1.6685380935668945
1748791823.959153,-4.903979259506164,-1.6694529056549072
1748791823.992584,-4.91473079056353,-1.6691759824752808
1748791824.026045,-4.9254342036607355,-1.669909954071045
1748791824.0594783,-4.9365370355732905,-1.6689280271530151
1748791824.092905,-4.946892633010717,-1.6697062253952026
1748791824.1263485,-4.961214995769067,-1.6690105199813843
1748791824.1598046,-4.971902694451917,-1.6693377494812012
1748791824.1932101,-4.982590407232527,-1.6691395044326782
1748791824.2266135,-4.993245177438721,-1.6698126792907715
1748791824.2600207,-5.0074944948488715,-1.6688727140426636
1748791824.2947469,-5.018132469383862,-1.669715166091919
1748791824.3281558,-5.028490054727369,-1.669173240661621
1748791824.3616538,-5.039175383771358,-1.6699280738830566
1748791824.3950655,-5.053819945517092,-1.669409155845642
1748791824.4284675,-5.064140028893768,-1.669498324394226
1748791824.461873,-5.078725237644286,-1.6694928407669067
1748791824.4953027,-5.08904186268069,-1.669397234916687
1748791824.5287652,-5.100417167510833,-1.6694164276123047
1748791824.5623229,-5.110726927195589,-1.6694098711013794
1748791824.5957623,-5.121390612251358,-1.669381022453308
1748791824.6291645,-5.135954008135312,-1.6701232194900513
1748791824.6625683,-5.1466744628439365,-1.669169306755066
1748791824.6959734,-5.15700153340085,-1.6702877283096313
1748791824.7294195,-5.167756531453555,-1.6692394018173218
1748791824.7628167,-5.178484811989066,-1.669995903968811
1748791824.7962363,-5.189257411762437,-1.669318437576294
1748791824.8296404,-5.199985857968326,-1.67010498046875
1748791824.863049,-5.2107521787197895,-1.6694839000701904
1748791824.896577,-5.221129501486615,-1.6703221797943115
1748791824.9299734,-5.235803627471317,-1.6697452068328857
1748791824.963347,-5.246472152676444,-1.670561671257019
1748791824.996791,-5.257199126682775,-1.6698530912399292
1748791825.030203,-5.267552632935822,-1.6707905530929565
1748791825.0636048,-5.2790313545370315,-1.6696875095367432
1748791825.097014,-5.289393512083096,-1.6705604791641235
1748791825.1304588,-5.30013877475311,-1.6699250936508179
1748791825.1638727,-5.3108777436199714,-1.6705812215805054
1748791825.1972826,-5.321610532845139,-1.6704529523849487
1748791825.2307336,-5.332338593739856,-1.669907569885254
1748791825.2641747,-5.3462725877698825,-1.6706030368804932
1748791825.2975805,-5.357361025749126,-1.6700643301010132
1748791825.331004,-5.367683897055089,-1.6706944704055786
1748791825.3644035,-5.379107471510078,-1.670003056526184
1748791825.3978236,-5.392987789888945,-1.6703094244003296
1748791825.431238,-5.403307252805515,-1.670115351676941
1748791825.464629,-5.4139706000444265,-1.6702079772949219
1748791825.4980307,-5.424989118194806,-1.6701680421829224
1748791825.5314658,-5.435293705311439,-1.6701892614364624
1748791825.56487,-5.446311481999016,-1.670179843902588
1748791825.59846,-5.457327428023996,-1.6701829433441162
1748791825.631861,-5.467632149999911,-1.670182704925537
1748791825.6652634,-5.478291563402736,-1.6701823472976685
1748791825.6986709,-5.488950897249097,-1.6701830625534058
1748791825.7320368,-5.499966788194043,-1.670182704925537
1748791825.7654383,-5.509915057116602,-1.6701830625534058
1748791825.7988522,-5.520929037905914,-1.6701831817626953
1748791825.8322568,-5.531588396220028,-1.6701833009719849
1748791825.8656795,-5.542602373932212,-1.670183539390564
1748791825.8990765,-5.556106708645635,-1.6700661182403564
1748791825.9325366,-5.567466388632712,-1.6708391904830933
1748791825.9659925,-5.578161421730557,-1.6701059341430664
1748791825.9994183,-5.588462882668498,-1.6708464622497559
1748791826.0328214,-5.599524389244819,-1.6700929403305054
1748791826.0663168,-5.6098477597667005,-1.6704301834106445
1748791826.0997293,-5.620526949286024,-1.6702510118484497
1748791826.1331334,-5.630849839902762,-1.670265793800354
1748791826.1665506,-5.6418670416314285,-1.6701470613479614
1748791826.199951,-5.652522512410547,-1.6708413362503052
1748791826.2333875,-5.666759434484114,-1.6706624031066895
1748791826.2667882,-5.677427085672203,-1.6710354089736938
1748791826.3002026,-5.688469090961457,-1.670356035232544
1748791826.3336084,-5.698768755841265,-1.671230435371399
1748791826.3670394,-5.709482939214336,-1.670528769493103
1748791826.4004564,-5.716954016506433,-1.6708498001098633
1748791826.4338639,-5.731201897038263,-1.6705482006072998
1748791826.467309,-5.741492398425653,-1.6713976860046387
1748791826.5013285,-5.7522008513507785,-1.6703178882598877
1748791826.5347757,-5.762541862945132,-1.6708414554595947
1748791826.568308,-5.773640523961277,-1.6702169179916382
1748791826.6017885,-5.784335391136439,-1.6704710721969604
1748791826.6352642,-5.798584055364744,-1.6703046560287476
1748791826.6687088,-5.809256883777909,-1.6703144311904907
1748791826.702109,-5.8195695162472445,-1.670301079750061
1748791826.7355194,-5.830605788572942,-1.6702054738998413
1748791826.7688723,-5.841285474843679,-1.6708775758743286
1748791826.802284,-5.852037563341889,-1.6700325012207031
1748791826.8357384,-5.862775755556878,-1.6705065965652466
1748791826.8691425,-5.87388203256255,-1.6697336435317993
1748791826.902565,-5.884242297881735,-1.6703492403030396
1748791826.9359813,-5.895341157204575,-1.6696614027023315
1748791826.9694676,-5.90566913951102,-1.6705042123794556
1748791827.0028784,-5.916416940371696,-1.6698110103607178
1748791827.0362868,-5.9271290589914445,-1.6706033945083618
1748791827.0697708,-5.941070366245492,-1.6698940992355347
1748791827.1031823,-5.952107327120312,-1.6702214479446411
1748791827.1370318,-5.962442761242038,-1.6699066162109375
1748791827.170605,-5.969905168253074,-1.670594334602356
1748791827.2040076,-5.984166359278319,-1.669712781906128
1748791827.2374165,-5.994827878126869,-1.6701200008392334
1748791827.27089,-6.005499987452005,-1.6699230670928955
1748791827.3042927,-6.016161290964304,-1.6700140237808228
1748791827.3377564,-6.026822925665651,-1.66998291015625
1748791827.3711593,-6.037129388770462,-1.6699862480163574
1748791827.4049103,-6.044593044135374,-1.6699926853179932
1748791827.4383194,-6.058808043817175,-1.669986605644226
1748791827.4717405,-6.066269941560653,-1.66999089717865
1748791827.505155,-6.07621991482452,-1.669988751411438
1748791827.5386896,-6.086879084060384,-1.669990062713623
1748791827.5721781,-6.098251278811835,-1.6699899435043335
1748791827.6057227,-6.10855583786029,-1.6699901819229126
1748791827.6391437,-6.119214953779675,-1.6699904203414917
1748791827.6725633,-6.12951950670176,-1.6699905395507812
1748791827.705967,-6.140533295308454,-1.66999089717865
1748791827.7393713,-6.1511924645452405,-1.669991135597229
1748791827.7727716,-6.161849685547665,-1.6699914932250977
1748791827.8061724,-6.172508854784434,-1.6699917316436768
1748791827.8396955,-6.182809558448207,-1.6699920892715454
1748791827.8731508,-6.1938213988184065,-1.669992446899414
1748791827.9068334,-6.204478619845988,-1.6699916124343872
1748791827.940392,-6.219395515357655,-1.6699479818344116
1748791827.9738777,-6.229340252476702,-1.6698758602142334
1748791828.0072863,-6.239995692168291,-1.669846534729004
1748791828.040688,-6.250651330965289,-1.6698026657104492
1748791828.0742025,-6.26130714386148,-1.6697348356246948
1748791828.1076026,-6.272317145325442,-1.6696996688842773
1748791828.1410127,-6.282615997896144,-1.6696792840957642
1748791828.1743965,-6.296823696279479,-1.6695914268493652
1748791828.2077978,-6.307478918264919,-1.6695537567138672
1748791828.2411964,-6.318488391429364,-1.6695433855056763
1748791828.2746391,-6.328786597688723,-1.6695921421051025
1748791828.3080401,-6.339438900758599,-1.6696592569351196
1748791828.3414464,-6.3500935122993445,-1.669670820236206
1748791828.374848,-6.364297909377004,-1.6697008609771729
1748791828.4082522,-6.374595755302828,-1.6697643995285034
1748791828.4416757,-6.385605318064359,-1.6697862148284912
1748791828.475091,-6.39626025081768,-1.669798731803894
1748791828.5085413,-6.406913479701516,-1.6697723865509033
1748791828.5419142,-6.417569431160046,-1.669685959815979
1748791828.5758908,-6.4285795158638335,-1.6696604490280151
1748791828.6093225,-6.443497661416989,-1.6696064472198486
1748791828.6427288,-6.453087499082165,-1.6695343255996704
1748791828.6761444,-6.463740982032746,-1.6695104837417603
1748791828.7096405,-6.477593134637111,-1.6694778203964233
1748791828.743209,-6.4886034113737505,-1.6693986654281616
1748791828.776617,-6.498903785583646,-1.669363260269165
1748791828.8100297,-6.509913267736774,-1.6693123579025269
1748791828.8435035,-6.5205688068666285,-1.6692473888397217
1748791828.8770657,-6.531223738333027,-1.66921865940094
1748791828.9104717,-6.541523793649985,-1.6691832542419434
1748791828.9438922,-6.552179000119664,-1.6691402196884155
1748791828.9772997,-6.56318862300054,-1.6690715551376343
1748791829.0107417,-6.5738430796235425,-1.669047236442566
1748791829.0441794,-6.584498036464989,-1.6689889430999756
1748791829.0776215,-6.59515487793169,-1.668923020362854
1748791829.1110432,-6.609715470132172,-1.6688991785049438
1748791829.1444774,-6.6200155127886875,-1.668853521347046
1748791829.177886,-6.630670249009995,-1.668774962425232
1748791829.211296,-6.642035748828264,-1.668747901916504
1748791829.2447088,-6.651626588950253,-1.6686891317367554
1748791829.278124,-6.662281101423756,-1.6686440706253052
1748791829.311529,-6.6736462797300735,-1.6686142683029175
1748791829.3449311,-6.683946249325463,-1.6685575246810913
1748791829.3783298,-6.694246079895691,-1.6685020923614502
1748791829.4116983,-6.705256508649127,-1.668477177619934
1748791829.4451175,-6.715910766690519,-1.6684250831604004
1748791829.4785433,-6.72621056967775,-1.6683588027954102
1748791829.5119433,-6.736866387269432,-1.6683349609375
1748791829.5453806,-6.747875002265821,-1.6682883501052856
1748791829.5787892,-6.761727950895829,-1.6682214736938477
1748791829.612201,-6.772739056778792,-1.6681644916534424
1748791829.6456015,-6.783729967813601,-1.668776035308838
1748791829.6790066,-6.794048101753683,-1.668057918548584
1748791829.71243,-6.805041056379001,-1.6690810918807983
1748791829.7458823,-6.818949025218095,-1.6680601835250854
1748791829.7793648,-6.829613926533755,-1.6689350605010986
1748791829.8127642,-6.840683311896974,-1.6681164503097534
1748791829.846162,-6.851009161453224,-1.6687994003295898
1748791829.8799064,-6.865655983132613,-1.6681245565414429
1748791829.91338,-6.876337003694081,-1.6683759689331055
1748791829.9467838,-6.886660085240826,-1.668270230293274
1748791829.980188,-6.897325354828088,-1.6683313846588135
1748791830.013639,-6.911546225193082,-1.6682921648025513
1748791830.0480168,-6.922207068939479,-1.6683133840560913
1748791830.0814967,-6.932868452310708,-1.668303370475769
1748791830.115041,-6.9435296102213515,-1.668308138847351
1748791830.1484885,-6.954188959912954,-1.6683061122894287
1748791830.1821156,-6.968403278486297,-1.6683069467544556
1748791830.2155764,-6.979062619165537,-1.6683069467544556
1748791830.248985,-6.98972191342731,-1.6683069467544556
1748791830.2823892,-7.000381201669332,-1.6683071851730347
1748791830.3157926,-7.007487413320696,-1.6683071851730347
1748791830.3492253,-7.017794815839727,-1.6681938171386719
1748791830.3826282,-7.02845474499764,-1.6688531637191772
1748791830.4160368,-7.039508257091952,-1.6681452989578247
1748791830.449485,-7.050546343711918,-1.6689503192901611
1748791830.482938,-7.060934756258197,-1.668379306793213
1748791830.51634,-7.071662177154134,-1.669079065322876
1748791830.5497966,-7.082430646067833,-1.668267846107483
1748791830.5832024,-7.093173000427861,-1.668697476387024
1748791830.6166058,-7.103563055104882,-1.6680762767791748
1748791830.6501133,-7.11498274952748,-1.668131947517395
1748791830.6835272,-7.1288715722825815,-1.6688332557678223
1748791830.7169354,-7.139256560001105,-1.66807222366333
1748791830.7503884,-7.149966954179981,-1.6685171127319336
1748791830.7840185,-7.1610485723253365,-1.668008804321289
1748791830.8174183,-7.171368013375822,-1.6682418584823608
1748791830.8508415,-7.182401074292596,-1.6681822538375854
1748791830.8842807,-7.193054584265901,-1.668904423713684
1748791830.9177074,-7.203760971887495,-1.6679224967956543
1748791830.9511147,-7.214466998033284,-1.6686205863952637
1748791830.9845757,-7.225226886858109,-1.6679896116256714
1748791831.0180154,-7.235954432819829,-1.6686865091323853
1748791831.051415,-7.246357686096648,-1.6681417226791382
1748791831.0847785,-7.261015793100964,-1.6690409183502197
1748791831.1181748,-7.271729150054412,-1.6684043407440186
1748791831.1516023,-7.282021761134367,-1.6692466735839844
1748791831.1855514,-7.2930929873864985,-1.6685374975204468
1748791831.2189496,-7.303448106276606,-1.6691893339157104
1748791831.2523668,-7.314190589870246,-1.668459415435791
1748791831.2857647,-7.324908459848347,-1.6691153049468994
1748791831.3191783,-7.336006880496776,-1.6685261726379395
1748791831.3525934,-7.346351640810759,-1.6687822341918945
1748791831.3860095,-7.357394477537535,-1.6686451435089111
1748791831.419531,-7.368064670733296,-1.668727159500122
1748791831.4529436,-7.379099850311064,-1.6686562299728394
1748791831.4863546,-7.389407970442147,-1.669331431388855
1748791831.5197735,-7.400145026640769,-1.6685740947723389
1748791831.5531852,-7.407279198871906,-1.6693583726882935
1748791831.586597,-7.418018210922356,-1.6688003540039062
1748791831.620188,-7.432326231164547,-1.669602870941162
1748791831.6535852,-7.443417797156687,-1.6690590381622314
1748791831.6870704,-7.453756587649089,-1.6697465181350708
1748791831.7204962,-7.464500819305006,-1.6690973043441772
1748791831.7539601,-7.4784270911053135,-1.6698729991912842
1748791831.7875166,-7.489526583165767,-1.6687376499176025
1748791831.8210294,-7.500210935334021,-1.6696640253067017
1748791831.8544724,-7.50773225161233,-1.66903817653656
1748791831.8878784,-7.518098910493197,-1.669837236404419
1748791831.9212863,-7.5324429356386045,-1.669305682182312
1748791831.954699,-7.543533399540857,-1.6700347661972046
1748791831.9881043,-7.553929951740242,-1.6692347526550293
1748791832.0216613,-7.568198831370491,-1.6700140237808228
1748791832.0552366,-7.578949312438793,-1.6691627502441406
1748791832.0886402,-7.589647390475523,-1.6698763370513916
1748791832.1220365,-7.601085768521429,-1.6688859462738037
1748791832.155446,-7.611057035919401,-1.6696138381958008
1748791832.1888876,-7.621776204934042,-1.6687724590301514
1748791832.2222962,-7.632462430431569,-1.6695902347564697
1748791832.2556975,-7.643154391300186,-1.6694116592407227
1748791832.2891326,-7.65739252441086,-1.6696891784667969
1748791832.32264,-7.66808964840158,-1.6691038608551025
1748791832.356055,-7.678759235371825,-1.669363260269165
1748791832.3894472,-7.689436415050506,-1.6692637205123901
1748791832.4228575,-7.700098802843845,-1.66981840133667
1748791832.4563253,-7.710821798716583,-1.6689690351486206
1748791832.4896944,-7.725071912990261,-1.669332504272461
1748791832.523092,-7.735387342853138,-1.6695659160614014
1748791832.556602,-7.746414973397123,-1.6696659326553345
1748791832.5900412,-7.757098019636415,-1.6693540811538696
1748791832.6234558,-7.767759851988482,-1.669493556022644
1748791832.6568637,-7.7787619027671315,-1.6698371171951294
1748791832.6904752,-7.792616688423107,-1.6698524951934814
1748791832.7238789,-7.800084690505044,-1.6695032119750977
1748791832.7573168,-7.814294954711024,-1.6699912548065186
1748791832.7907238,-7.824609810103886,-1.6698817014694214
1748791832.824159,-7.835622834295364,-1.6700847148895264
1748791832.8576016,-7.845925848111564,-1.670167088508606
1748791832.891007,-7.860152670642584,-1.6697731018066406
1748791832.9244158,-7.871148327796053,-1.6703944206237793
1748791832.9581838,-7.881454847686122,-1.6703128814697266
1748791832.991777,-7.891767760215374,-1.6700071096420288
1748791833.0251882,-7.9027669653510095,-1.670548677444458
1748791833.058592,-7.913428247090526,-1.6704790592193604
1748791833.0920165,-7.924082400811861,-1.6706796884536743
1748791833.1254241,-7.934739319621281,-1.6707149744033813
1748791833.1588614,-7.948946508570045,-1.670815110206604
1748791833.192269,-7.959245271323941,-1.6709284782409668
1748791833.2256765,-7.9702554283740525,-1.6710140705108643
1748791833.2591193,-7.980552388327021,-1.6711052656173706
1748791833.2925239,-7.991206112884846,-1.6711878776550293
1748791833.326054,-8.002212596309839,-1.6713035106658936
1748791833.359509,-8.01321845393488,-1.6714688539505005
1748791833.3929062,-8.023513348644329,-1.6715896129608154
1748791833.4265425,-8.034165585663061,-1.6717063188552856
1748791833.4600189,-8.045171924401503,-1.6718573570251465
1748791833.493418,-8.055467290085046,-1.6719998121261597
1748791833.526831,-8.065765178101405,-1.6721103191375732
1748791833.560203,-8.076770308479746,-1.6722614765167236
1748791833.5936065,-8.087422493341204,-1.6723986864089966
1748791833.6271176,-8.098073448291357,-1.6725189685821533
1748791833.6605225,-8.108369679336239,-1.6726558208465576
1748791833.6939406,-8.119731797494905,-1.6728026866912842
1748791833.7273605,-8.130028430422385,-1.6729413270950317
1748791833.7608204,-8.14458498370012,-1.673109531402588
1748791833.794292,-8.15488175052747,-1.6732255220413208
1748791833.8277183,-8.16553327062913,-1.673329472541809
1748791833.8611553,-8.175828447182903,-1.6734672784805298
1748791833.8945603,-8.186835106288223,-1.673647403717041
1748791833.9279604,-8.197487136432065,-1.6737812757492065
1748791833.9613647,-8.21204487577973,-1.6739529371261597
1748791833.9947755,-8.22198589667161,-1.6740466356277466
1748791834.028194,-8.232993353822756,-1.6742173433303833
1748791834.0616233,-8.243644152189916,-1.674310564994812
1748791834.095001,-8.25429740795816,-1.6743965148925781
1748791834.1284194,-8.264603971645718,-1.6741620302200317
1748791834.161999,-8.276322602216773,-1.6743172407150269
1748791834.1954324,-8.286260245679445,-1.6745795011520386
1748791834.2288313,-8.29691628383108,-1.674542784690857
1748791834.2622232,-8.307579500330315,-1.6743162870407104
1748791834.2956295,-8.32178553955682,-1.6744695901870728
1748791834.329018,-8.332432734950594,-1.6747931241989136
1748791834.3624237,-8.343089774874052,-1.6746902465820312
1748791834.3958688,-8.353753292667884,-1.6744788885116577
1748791834.4293628,-8.36440898445427,-1.6746525764465332
1748791834.4627635,-8.374700876146933,-1.674949288368225
1748791834.496347,-8.386067237600296,-1.674880027770996
1748791834.5297716,-8.399927848422251,-1.6746525764465332
1748791834.5631766,-8.41058132826382,-1.6747705936431885
1748791834.5969603,-8.421228218705995,-1.6751271486282349
1748791834.6304507,-8.431885957804262,-1.675125002861023
1748791834.6638503,-8.443601903073313,-1.6752517223358154
1748791834.6972547,-8.453190380983509,-1.6753202676773071
1748791834.7306721,-8.463842357262095,-1.6753355264663696
1748791834.7640855,-8.47450603761823,-1.6750600337982178
1748791834.797603,-8.485150755449,-1.6754226684570312
1748791834.8313537,-8.495809006843794,-1.6753729581832886
1748791834.86491,-8.50646081427638,-1.675522804260254
1748791834.8983212,-8.517115732506014,-1.675610899925232
1748791834.9317355,-8.52776792343972,-1.6756470203399658
1748791834.9651082,-8.538431351579037,-1.675391674041748
1748791834.9985635,-8.549085606479279,-1.6755832433700562
1748791835.0319717,-8.559375832329021,-1.675890564918518
1748791835.0653677,-8.570396803377719,-1.6754920482635498
1748791835.098779,-8.581049256054218,-1.6757116317749023
1748791835.1322508,-8.591343388484619,-1.6759835481643677
1748791835.1656637,-8.602368925240935,-1.6755701303482056
1748791835.199081,-8.613025304080686,-1.6757349967956543
1748791835.2325277,-8.627230908712178,-1.676023006439209
1748791835.2659342,-8.637907810028713,-1.6755433082580566
1748791835.2993312,-8.645356152485933,-1.6762046813964844
1748791835.3327389,-8.656008053936384,-1.6761093139648438
1748791835.3661783,-8.66952179136111,-1.6758123636245728
1748791835.3995843,-8.680164025882288,-1.6764006614685059
1748791835.432938,-8.691178728919844,-1.6763287782669067
1748791835.4663823,-8.701841126857174,-1.6761142015457153
1748791835.499801,-8.716049689057037,-1.6761771440505981
1748791835.5333102,-8.726698105349088,-1.6764973402023315
1748791835.5668733,-8.737355053105883,-1.6764805316925049
1748791835.6003745,-8.748018870021056,-1.6762648820877075
1748791835.6339471,-8.758317314181173,-1.676453948020935
1748791835.6679964,-8.769317597155117,-1.6766849756240845
1748791835.7014294,-8.779983783311533,-1.6762886047363281
1748791835.7348516,-8.790637585734663,-1.6764895915985107
1748791835.768282,-8.801284534820978,-1.6767644882202148
1748791835.8016949,-8.812293922517899,-1.6767070293426514
1748791835.8351276,-8.822250811443272,-1.6764577627182007
1748791835.8685308,-8.833253106724621,-1.676987886428833
1748791835.9019663,-8.844268149873802,-1.6768436431884766
1748791835.9353712,-8.854567040152412,-1.677035927772522
1748791835.9687927,-8.865218481993397,-1.6771312952041626
1748791836.0021915,-8.87588872743078,-1.67682683467865
1748791836.0356014,-8.886533202865674,-1.6774072647094727
1748791836.0692341,-8.900743539061821,-1.6773072481155396
1748791836.102634,-8.91140546736495,-1.6770832538604736
1748791836.1360724,-8.922062520109863,-1.6772005558013916
1748791836.169475,-8.935903031695096,-1.6775504350662231
1748791836.202914,-8.946916059282524,-1.6775456666946411
1748791836.236328,-8.957229106274461,-1.6772644519805908
1748791836.2698421,-8.968226366176985,-1.6778223514556885
1748791836.3032565,-8.978886360033961,-1.6777437925338745
1748791836.3367114,-8.989895391854203,-1.677937626838684
1748791836.3701184,-9.000193693698636,-1.677992820739746
1748791836.403579,-9.011213413717373,-1.6776556968688965
1748791836.4369986,-9.021511309151562,-1.6778931617736816
1748791836.4703991,-9.031801416277556,-1.6781785488128662
1748791836.5041375,-9.043179671996338,-1.6777639389038086
1748791836.5375524,-9.053474776054422,-1.6779975891113281
1748791836.570956,-9.064121996956889,-1.678282618522644
1748791836.6043997,-9.074423594829106,-1.6782591342926025
1748791836.6377723,-9.085430468181084,-1.6783957481384277
1748791836.6711795,-9.095727132213552,-1.6784653663635254
1748791836.704614,-9.106746890837549,-1.6782026290893555
1748791836.7380211,-9.117387961641164,-1.6786998510360718
1748791836.7714317,-9.127689004129012,-1.678593635559082
1748791836.8048375,-9.138704555330863,-1.6784337759017944
1748791836.8382673,-9.149015077600232,-1.678279995918274
1748791836.8719454,-9.159663829920257,-1.6788032054901123
1748791836.905352,-9.174580765498355,-1.6787419319152832
1748791836.938883,-9.18489293440345,-1.6784802675247192
1748791836.9723036,-9.195536712272572,-1.6790255308151245
1748791837.0057087,-9.20655228025074,-1.678977608680725
1748791837.039117,-9.216864576256548,-1.6787059307098389
1748791837.0725183,-9.227865970293855,-1.6792117357254028
1748791837.1059172,-9.238169596254435,-1.6791797876358032
1748791837.139341,-9.248836895058913,-1.6789683103561401
1748791837.1727574,-9.259481269844036,-1.6795716285705566
1748791837.2061627,-9.270140099535999,-1.679490327835083
1748791837.2396078,-9.280807408076436,-1.679297924041748
1748791837.2730453,-9.291453596624256,-1.6798421144485474
1748791837.3064878,-9.302464142947255,-1.679762840270996
1748791837.3399012,-9.312777602251856,-1.6795114278793335
1748791837.373304,-9.326974195817316,-1.680078148841858
1748791837.4067037,-9.337632682832787,-1.6799954175949097
1748791837.4401047,-9.34830017165397,-1.679771065711975
1748791837.4735181,-9.35895000772688,-1.6803003549575806
1748791837.507017,-9.373513275032586,-1.6802403926849365
1748791837.5404267,-9.38382758068834,-1.6800835132598877
1748791837.5738292,-9.394116145737332,-1.6805733442306519
1748791837.6072555,-9.405484133364654,-1.6804858446121216
1748791837.640657,-9.415795689980488,-1.6803104877471924
1748791837.6741216,-9.426443249552397,-1.6808366775512695
1748791837.707546,-9.43709769504727,-1.6807684898376465
1748791837.7409532,-9.447762887995031,-1.6805291175842285
1748791837.7743678,-9.458775676136094,-1.6806426048278809
1748791837.8077278,-9.469066046274364,-1.680992603302002
1748791837.8411767,-9.483273587219905,-1.6809598207473755
1748791837.8745468,-9.49394024887579,-1.6806385517120361
1748791837.9079623,-9.504585130692725,-1.6811293363571167
1748791837.9416003,-9.515245259695403,-1.6810519695281982
1748791837.9750664,-9.522348875052682,-1.6811760663986206
1748791838.0086749,-9.532999998517502,-1.6812857389450073
1748791838.0420785,-9.54366853160781,-1.6808946132659912
1748791838.075492,-9.554317020617988,-1.681477427482605
1748791838.1089401,-9.564969506624603,-1.681381106376648
1748791838.1424007,-9.578836431625044,-1.68113112449646
1748791838.1763508,-9.589833600364905,-1.6817200183868408
1748791838.2097168,-9.601204257341555,-1.6816149950027466
1748791838.2431097,-9.611160030413142,-1.6814219951629639
1748791838.2769723,-9.621807222666767,-1.6819456815719604
1748791838.3103783,-9.632463846631007,-1.6818825006484985
1748791838.3437753,-9.643130461064564,-1.6816986799240112
1748791838.3771887,-9.6537775846532,-1.682244896888733
1748791838.410652,-9.664431611893187,-1.6821569204330444
1748791838.444056,-9.675101377040262,-1.6819089651107788
1748791838.4775152,-9.688940704834065,-1.6824768781661987
1748791838.510921,-9.699600087822207,-1.6824331283569336
1748791838.5444791,-9.710622394945624,-1.6821956634521484
1748791838.5778785,-9.720911986919138,-1.6826943159103394
1748791838.6113222,-9.7283716189149,-1.6827489137649536
1748791838.6447694,-9.742593958922356,-1.6824419498443604
1748791838.6783986,-9.753239575260677,-1.6829907894134521
1748791838.7118237,-9.763896173074047,-1.682856559753418
1748791838.7456555,-9.778101782656368,-1.683034062385559
1748791838.7790463,-9.785204908989018,-1.6830967664718628
1748791838.8138785,-9.799409882603609,-1.6832196712493896
1748791838.8472843,-9.810416819450094,-1.683300495147705
1748791838.8806891,-9.82035893399481,-1.6833769083023071
1748791838.9141827,-9.831366708895109,-1.6834089756011963
1748791838.9480958,-9.84557059457698,-1.6834447383880615
1748791838.9816732,-9.852672321933564,-1.6834968328475952
1748791839.015083,-9.86296828317065,-1.683525800704956
1748791839.0484562,-9.874330745448596,-1.6835273504257202
1748791839.082025,-9.884638321360885,-1.683295488357544
1748791839.1155849,-9.899196099832373,-1.6834723949432373
1748791839.1490633,-9.909488528393636,-1.6837722063064575
1748791839.1824427,-9.920144240508826,-1.6837652921676636
1748791839.2161195,-9.930808154296907,-1.683484673500061
1748791839.249524,-9.94146369609972,-1.6835999488830566
1748791839.2829254,-9.952111082923542,-1.6839163303375244
1748791839.3163302,-9.962766480006747,-1.6838390827178955
1748791839.349782,-9.973074621072982,-1.6835966110229492
1748791839.3832543,-9.984439858650855,-1.6837732791900635
1748791839.4167051,-9.994375857954338,-1.684075951576233
1748791839.450121,-10.008949860293798,-1.683641791343689
1748791839.4835253,-10.019955941453345,-1.6839004755020142
1748791839.5169284,-10.030603944250835,-1.6841754913330078
1748791839.5503318,-10.041259405069509,-1.6841368675231934
1748791839.5837555,-10.051925090573057,-1.6838892698287964
1748791839.617161,-10.061870127340203,-1.6840318441390991
1748791839.650568,-10.072867839486916,-1.684350848197937
1748791839.6850536,-10.083890492207825,-1.683974027633667
1748791839.7185187,-10.094543059883895,-1.6840678453445435
1748791839.75192,-10.104477761397183,-1.6843819618225098
1748791839.7853258,-10.115498974986533,-1.6839960813522339
1748791839.8187542,-10.126153585857333,-1.6842328310012817
1748791839.8521593,-10.136444898621695,-1.6844550371170044
1748791839.8855393,-10.147115422165559,-1.684063196182251
1748791839.918947,-10.158126647199488,-1.6842032670974731
1748791839.952408,-10.168420573463324,-1.6845167875289917
1748791839.985812,-10.17943241246227,-1.6845054626464844
1748791840.0193431,-10.190085343248441,-1.6846425533294678
1748791840.0527754,-10.200739313956648,-1.6847068071365356
1748791840.0862477,-10.211035422485692,-1.6847314834594727
1748791840.1196537,-10.2224112882704,-1.6844857931137085
1748791840.1530654,-10.233051648668438,-1.6849616765975952
1748791840.18649,-10.243352381207094,-1.6848514080047607
1748791840.2199392,-10.25721795890069,-1.6845885515213013
1748791840.253386,-10.26466685507213,-1.6851426362991333
1748791840.2880998,-10.278874620751322,-1.6850872039794922
1748791840.321559,-10.285989281652144,-1.6848992109298706
1748791840.3549647,-10.296636425146547,-1.6853851079940796
1748791840.3883777,-10.307293694795089,-1.6853276491165161
1748791840.4218204,-10.31795949191185,-1.685062050819397
1748791840.4553134,-10.33180361150679,-1.6855809688568115
1748791840.4891229,-10.343174711525077,-1.6854995489120483
1748791840.5225782,-10.353126856475221,-1.6853183507919312
1748791840.5559871,-10.363783813199795,-1.6854380369186401
1748791840.5894003,-10.375139993341016,-1.6857991218566895
1748791840.6228006,-10.38579558462333,-1.685753583908081
1748791840.6562028,-10.396093792103706,-1.6858962774276733
1748791840.689609,-10.410296748568658,-1.6859652996063232
1748791840.7230291,-10.421301677351696,-1.6860547065734863
1748791840.7564485,-10.4316007394468,-1.6860729455947876
1748791840.7898507,-10.442253095089331,-1.6861214637756348
1748791840.8232546,-10.452905070327784,-1.68616783618927
1748791840.8566713,-10.463557625911973,-1.6861904859542847
1748791840.8900583,-10.4742099169732,-1.6862404346466064
1748791840.9235728,-10.488057208008284,-1.686280608177185
1748791840.9576092,-10.498709873880816,-1.6863259077072144
1748791840.9910843,-10.509362207503198,-1.686376690864563
1748791841.024495,-10.520369429117942,-1.6863704919815063
1748791841.0582602,-10.530676578485629,-1.6862008571624756
1748791841.0917401,-10.541683161690582,-1.6863634586334229
1748791841.1253128,-10.552330133700334,-1.6866636276245117
1748791841.158731,-10.562984564974064,-1.6866235733032227
1748791841.1921623,-10.573652922453224,-1.6864216327667236
1748791841.2258446,-10.584296409657751,-1.6869665384292603
1748791841.2592504,-10.594952274500546,-1.6868540048599243
1748791841.2927618,-10.605620667470552,-1.6866403818130493
1748791841.3261793,-10.619462212202542,-1.6871873140335083
1748791841.3596082,-10.630476548814483,-1.6871349811553955
1748791841.3931613,-10.640790600073855,-1.6870282888412476
1748791841.4266224,-10.652142936075236,-1.687481164932251
1748791841.4600387,-10.662091859421459,-1.6874159574508667
1748791841.493494,-10.673114930880985,-1.687221646308899
1748791841.526901,-10.683760516788212,-1.6877548694610596
1748791841.560397,-10.694060900967417,-1.6876791715621948
1748791841.5945873,-10.708638121138016,-1.6875892877578735
1748791841.628045,-10.718924910461736,-1.6880069971084595
1748791841.6615887,-10.73029394559712,-1.687924861907959
1748791841.6949933,-10.74060691507463,-1.687798023223877
1748791841.7284012,-10.751250359261055,-1.6882938146591187
1748791841.7618108,-10.761908044853392,-1.6882226467132568
1748791841.7952096,-10.77613023821799,-1.6879751682281494
1748791841.8286078,-10.787126303481736,-1.6885769367218018
1748791841.8619602,-10.797073471774297,-1.688462257385254
1748791841.8954406,-10.808096653889208,-1.6882377862930298
1748791841.9288557,-10.818750261479527,-1.688356637954712
1748791841.9622595,-10.82939914776644,-1.6886675357818604
1748791841.9956965,-10.843606995015593,-1.68865966796875
1748791842.0297563,-10.854276074169663,-1.6883455514907837
1748791842.0632374,-10.864916976853243,-1.6889151334762573
1748791842.0967932,-10.876287095928932,-1.6888630390167236
1748791842.130199,-10.886600024898291,-1.6886343955993652
1748791842.1636822,-10.896887853731227,-1.6891789436340332
1748791842.1971343,-10.90719093205379,-1.6890486478805542
1748791842.23054,-10.918200135315,-1.6892198324203491
1748791842.2639463,-10.928851894534196,-1.6892603635787964
1748791842.2973504,-10.939517064282525,-1.6889536380767822
1748791842.3307564,-10.950173336851208,-1.689112663269043
1748791842.3641672,-10.960817089859468,-1.6894334554672241
1748791842.3975925,-10.972185376835531,-1.6893898248672485
1748791842.4315925,-10.982481371877103,-1.6895371675491333
1748791842.4649954,-10.993844088035065,-1.6895997524261475
1748791842.4984045,-11.003075626193977,-1.6897069215774536
1748791842.531811,-11.014076259551704,-1.6899278163909912
1748791842.5655491,-11.024738309862222,-1.6897798776626587
1748791842.598908,-11.035735580493574,-1.6902366876602173
1748791842.6326299,-11.049230851926005,-1.6903084516525269
1748791842.6660402,-11.060234168292306,-1.6904982328414917
1748791842.6995924,-11.071593210333383,-1.6906051635742188
1748791842.7329485,-11.081180585508747,-1.6906846761703491
1748791842.7663665,-11.088641600694952,-1.6906557083129883
1748791842.8014805,-11.099292178158452,-1.690818190574646
1748791842.8352745,-11.109584211445618,-1.6910357475280762
1748791842.869144,-11.12060077769992,-1.6909844875335693
1748791842.9025445,-11.131244284112737,-1.6913074254989624
1748791842.9361775,-11.142262249770036,-1.691156029701233
1748791842.9697154,-11.15219530037297,-1.6914805173873901
1748791843.0032265,-11.162858754905407,-1.6912466287612915
1748791843.036643,-11.173502695192417,-1.6916643381118774
1748791843.0702884,-11.18451895504839,-1.6915051937103271
1748791843.1037047,-11.195162656451332,-1.6919071674346924
1748791843.137166,-11.206181549085645,-1.69170081615448
1748791843.1708157,-11.220018108000492,-1.692150592803955
1748791843.2042356,-11.230683209484265,-1.6919814348220825
1748791843.2376275,-11.241324790286729,-1.692305564880371
1748791843.2710536,-11.251987842372964,-1.692079782485962
1748791843.3045151,-11.266180632865373,-1.6925214529037476
1748791843.3380418,-11.276844310712397,-1.6922235488891602
1748791843.371621,-11.284293091919842,-1.692631483078003
1748791843.4050074,-11.298150540669129,-1.6923677921295166
1748791843.4384487,-11.308793786137278,-1.6927680969238281
1748791843.4718382,-11.319457385585384,-1.69255793094635
1748791843.5052364,-11.33009840138096,-1.6929649114608765
1748791843.5386515,-11.340761281837208,-1.6927692890167236
1748791843.5721855,-11.351402734968346,-1.6932079792022705
1748791843.605596,-11.361710215533348,-1.6929689645767212
1748791843.6390164,-11.373063037792878,-1.6934599876403809
1748791843.672414,-11.383726152195893,-1.6932660341262817
1748791843.7058232,-11.39401454639867,-1.6937216520309448
1748791843.7395153,-11.40823039439864,-1.6934216022491455
1748791843.7731178,-11.415322543380368,-1.6937593221664429
1748791843.8067334,-11.422072002801954,-1.6936463117599487
1748791843.840148,-11.429179411763212,-1.6936954259872437
1748791843.8735628,-11.44018456835121,-1.6938549280166626
1748791843.906976,-11.450484400177562,-1.6938674449920654
1748791843.9404693,-11.4579370138976,-1.694105625152588
1748791843.97385,-11.468592264559348,-1.6939533948898315
1748791844.0073247,-11.479244337527694,-1.6941405534744263
1748791844.0407262,-11.489540951217393,-1.69425630569458
1748791844.0741425,-11.500186510935597,-1.6944727897644043
1748791844.1075416,-11.511201799371669,-1.6943482160568237
1748791844.1409416,-11.521851212072502,-1.6945343017578125
1748791844.174352,-11.532504456437012,-1.6945552825927734
