[0.000000] (-) TimerEvent: {}
[0.000407] (utils) JobQueued: {'identifier': 'utils', 'dependencies': OrderedDict()}
[0.000718] (input) JobQueued: {'identifier': 'input', 'dependencies': OrderedDict({'utils': '/uros_ws/Brain_DEI/brain/install/utils'})}
[0.001264] (output) JobQueued: {'identifier': 'output', 'dependencies': OrderedDict({'utils': '/uros_ws/Brain_DEI/brain/install/utils'})}
[0.001531] (unix_out) JobQueued: {'identifier': 'unix_out', 'dependencies': OrderedDict({'utils': '/uros_ws/Brain_DEI/brain/install/utils'})}
[0.001803] (utils) JobStarted: {'identifier': 'utils'}
[0.024706] (utils) JobProgress: {'identifier': 'utils', 'progress': 'cmake'}
[0.027222] (utils) JobProgress: {'identifier': 'utils', 'progress': 'build'}
[0.028469] (utils) Command: {'cmd': ['/usr/bin/cmake', '--build', '/uros_ws/Brain_DEI/brain/build/utils', '--', '-j6', '-l6'], 'cwd': '/uros_ws/Brain_DEI/brain/build/utils', 'env': OrderedDict({'LESSOPEN': '| /usr/bin/lesspipe %s', 'HOSTNAME': 'ubuntu', 'SHLVL': '1', 'LD_LIBRARY_PATH': '/uros_ws/install/micro_ros_agent/lib:/uros_ws/install/micro_ros_msgs/lib:/opt/ros/jazzy/opt/rviz_ogre_vendor/lib:/opt/ros/jazzy/lib/aarch64-linux-gnu:/opt/ros/jazzy/opt/gz_math_vendor/lib:/opt/ros/jazzy/opt/gz_utils_vendor/lib:/opt/ros/jazzy/opt/gz_cmake_vendor/lib:/opt/ros/jazzy/lib', 'HOME': '/root', 'OLDPWD': '/uros_ws/Brain_DEI', 'MICROROS_DISABLE_SHM': '1', 'ROS_PYTHON_VERSION': '3', 'COLCON_PREFIX_PATH': '/uros_ws/install', 'ROS_DISTRO': 'jazzy', 'IGN_GAZEBO_MODEL_PATH': '/opt/ros/jazzy/share', '_': '/usr/bin/colcon', 'ROS_VERSION': '2', 'TERM': 'xterm', 'GAZEBO_MODEL_PATH': '/opt/ros/jazzy/share', 'PATH': '/opt/ros/jazzy/bin:/usr/local/sbin:/usr/local/bin:/usr/sbin:/usr/bin:/sbin:/bin', 'LANG': 'C.UTF-8', 'RMW_IMPLEMENTATION': 'rmw_fastrtps_cpp', 'LS_COLORS': 'rs=0:di=01;34:ln=01;36:mh=00:pi=40;33:so=01;35:do=01;35:bd=40;33;01:cd=40;33;01:or=40;31;01:mi=00:su=37;41:sg=30;43:ca=00:tw=30;42:ow=34;42:st=37;44:ex=01;32:*.tar=01;31:*.tgz=01;31:*.arc=01;31:*.arj=01;31:*.taz=01;31:*.lha=01;31:*.lz4=01;31:*.lzh=01;31:*.lzma=01;31:*.tlz=01;31:*.txz=01;31:*.tzo=01;31:*.t7z=01;31:*.zip=01;31:*.z=01;31:*.dz=01;31:*.gz=01;31:*.lrz=01;31:*.lz=01;31:*.lzo=01;31:*.xz=01;31:*.zst=01;31:*.tzst=01;31:*.bz2=01;31:*.bz=01;31:*.tbz=01;31:*.tbz2=01;31:*.tz=01;31:*.deb=01;31:*.rpm=01;31:*.jar=01;31:*.war=01;31:*.ear=01;31:*.sar=01;31:*.rar=01;31:*.alz=01;31:*.ace=01;31:*.zoo=01;31:*.cpio=01;31:*.7z=01;31:*.rz=01;31:*.cab=01;31:*.wim=01;31:*.swm=01;31:*.dwm=01;31:*.esd=01;31:*.avif=01;35:*.jpg=01;35:*.jpeg=01;35:*.mjpg=01;35:*.mjpeg=01;35:*.gif=01;35:*.bmp=01;35:*.pbm=01;35:*.pgm=01;35:*.ppm=01;35:*.tga=01;35:*.xbm=01;35:*.xpm=01;35:*.tif=01;35:*.tiff=01;35:*.png=01;35:*.svg=01;35:*.svgz=01;35:*.mng=01;35:*.pcx=01;35:*.mov=01;35:*.mpg=01;35:*.mpeg=01;35:*.m2v=01;35:*.mkv=01;35:*.webm=01;35:*.webp=01;35:*.ogm=01;35:*.mp4=01;35:*.m4v=01;35:*.mp4v=01;35:*.vob=01;35:*.qt=01;35:*.nuv=01;35:*.wmv=01;35:*.asf=01;35:*.rm=01;35:*.rmvb=01;35:*.flc=01;35:*.avi=01;35:*.fli=01;35:*.flv=01;35:*.gl=01;35:*.dl=01;35:*.xcf=01;35:*.xwd=01;35:*.yuv=01;35:*.cgm=01;35:*.emf=01;35:*.ogv=01;35:*.ogx=01;35:*.aac=00;36:*.au=00;36:*.flac=00;36:*.m4a=00;36:*.mid=00;36:*.midi=00;36:*.mka=00;36:*.mp3=00;36:*.mpc=00;36:*.ogg=00;36:*.ra=00;36:*.wav=00;36:*.oga=00;36:*.opus=00;36:*.spx=00;36:*.xspf=00;36:*~=00;90:*#=00;90:*.bak=00;90:*.crdownload=00;90:*.dpkg-dist=00;90:*.dpkg-new=00;90:*.dpkg-old=00;90:*.dpkg-tmp=00;90:*.old=00;90:*.orig=00;90:*.part=00;90:*.rej=00;90:*.rpmnew=00;90:*.rpmorig=00;90:*.rpmsave=00;90:*.swp=00;90:*.tmp=00;90:*.ucf-dist=00;90:*.ucf-new=00;90:*.ucf-old=00;90:', 'AMENT_PREFIX_PATH': '/uros_ws/install/micro_ros_agent:/uros_ws/install/micro_ros_msgs:/opt/ros/jazzy', 'LESSCLOSE': '/usr/bin/lesspipe %s %s', 'IGN_GAZEBO_RESOURCE_PATH': '/opt/ros/jazzy/share', 'GAZEBO_RESOURCE_PATH': '/opt/ros/jazzy/share', 'ROS_AUTOMATIC_DISCOVERY_RANGE': 'SUBNET', 'PWD': '/uros_ws/Brain_DEI/brain/build/utils', 'LC_ALL': 'C.UTF-8', 'PYTHONPATH': '/uros_ws/install/micro_ros_msgs/lib/python3.12/site-packages:/opt/ros/jazzy/lib/python3.12/site-packages', 'COLCON': '1', 'CMAKE_PREFIX_PATH': '/uros_ws/install/micro_ros_agent:/uros_ws/install/micro_ros_msgs:/opt/ros/jazzy/opt/gz_math_vendor:/opt/ros/jazzy/opt/gz_utils_vendor:/opt/ros/jazzy/opt/gz_cmake_vendor:/opt/ros/jazzy'}), 'shell': False}
[0.099496] (-) TimerEvent: {}
[0.200080] (-) TimerEvent: {}
[0.223513] (utils) StdoutLine: {'line': b'[  1%] Built target utils__rosidl_generator_type_description\n'}
[0.263783] (utils) StdoutLine: {'line': b'[  1%] Built target ament_cmake_python_copy_utils\n'}
[0.278062] (utils) StdoutLine: {'line': b'[  1%] Built target utils__cpp\n'}
[0.300222] (-) TimerEvent: {}
[0.305640] (utils) StdoutLine: {'line': b'[ 27%] Built target utils__rosidl_generator_c\n'}
[0.370516] (utils) StdoutLine: {'line': b'[ 36%] Built target utils__rosidl_typesupport_introspection_c\n'}
[0.386107] (utils) StdoutLine: {'line': b'[ 72%] Built target utils__rosidl_typesupport_cpp\n'}
[0.386808] (utils) StdoutLine: {'line': b'[ 73%] Built target utils__rosidl_typesupport_fastrtps_c\n'}
[0.387040] (utils) StdoutLine: {'line': b'[ 75%] Built target utils__rosidl_typesupport_introspection_cpp\n'}
[0.387514] (utils) StdoutLine: {'line': b'[ 75%] Built target utils__rosidl_typesupport_fastrtps_cpp\n'}
[0.400366] (-) TimerEvent: {}
[0.430532] (utils) StdoutLine: {'line': b'[ 85%] Built target utils__rosidl_typesupport_c\n'}
[0.474921] (utils) StdoutLine: {'line': b'[ 85%] Built target utils\n'}
[0.500473] (-) TimerEvent: {}
[0.522862] (utils) StdoutLine: {'line': b'[ 86%] Built target utils__py\n'}
[0.588774] (utils) StdoutLine: {'line': b'[ 95%] Built target utils__rosidl_generator_py\n'}
[0.600571] (-) TimerEvent: {}
[0.640082] (utils) StdoutLine: {'line': b'[100%] Built target utils_s__rosidl_typesupport_introspection_c\n'}
[0.640555] (utils) StdoutLine: {'line': b'[100%] Built target utils_s__rosidl_typesupport_fastrtps_c\n'}
[0.640774] (utils) StdoutLine: {'line': b'[100%] Built target utils_s__rosidl_typesupport_c\n'}
[0.700675] (-) TimerEvent: {}
[0.784255] (utils) StdoutLine: {'line': b'running egg_info\n'}
[0.800757] (-) TimerEvent: {}
[0.829433] (utils) StdoutLine: {'line': b'writing utils.egg-info/PKG-INFO\n'}
[0.830133] (utils) StdoutLine: {'line': b'writing dependency_links to utils.egg-info/dependency_links.txt\n'}
[0.830731] (utils) StdoutLine: {'line': b'writing top-level names to utils.egg-info/top_level.txt\n'}
[0.900853] (-) TimerEvent: {}
[0.957625] (utils) StdoutLine: {'line': b"reading manifest file 'utils.egg-info/SOURCES.txt'\n"}
[0.959445] (utils) StdoutLine: {'line': b"writing manifest file 'utils.egg-info/SOURCES.txt'\n"}
[1.001059] (-) TimerEvent: {}
[1.035579] (utils) StdoutLine: {'line': b'[100%] Built target ament_cmake_python_build_utils_egg\n'}
[1.064578] (utils) CommandEnded: {'returncode': 0}
[1.066726] (utils) JobProgress: {'identifier': 'utils', 'progress': 'install'}
[1.087477] (utils) Command: {'cmd': ['/usr/bin/cmake', '--install', '/uros_ws/Brain_DEI/brain/build/utils'], 'cwd': '/uros_ws/Brain_DEI/brain/build/utils', 'env': OrderedDict({'LESSOPEN': '| /usr/bin/lesspipe %s', 'HOSTNAME': 'ubuntu', 'SHLVL': '1', 'LD_LIBRARY_PATH': '/uros_ws/install/micro_ros_agent/lib:/uros_ws/install/micro_ros_msgs/lib:/opt/ros/jazzy/opt/rviz_ogre_vendor/lib:/opt/ros/jazzy/lib/aarch64-linux-gnu:/opt/ros/jazzy/opt/gz_math_vendor/lib:/opt/ros/jazzy/opt/gz_utils_vendor/lib:/opt/ros/jazzy/opt/gz_cmake_vendor/lib:/opt/ros/jazzy/lib', 'HOME': '/root', 'OLDPWD': '/uros_ws/Brain_DEI', 'MICROROS_DISABLE_SHM': '1', 'ROS_PYTHON_VERSION': '3', 'COLCON_PREFIX_PATH': '/uros_ws/install', 'ROS_DISTRO': 'jazzy', 'IGN_GAZEBO_MODEL_PATH': '/opt/ros/jazzy/share', '_': '/usr/bin/colcon', 'ROS_VERSION': '2', 'TERM': 'xterm', 'GAZEBO_MODEL_PATH': '/opt/ros/jazzy/share', 'PATH': '/opt/ros/jazzy/bin:/usr/local/sbin:/usr/local/bin:/usr/sbin:/usr/bin:/sbin:/bin', 'LANG': 'C.UTF-8', 'RMW_IMPLEMENTATION': 'rmw_fastrtps_cpp', 'LS_COLORS': 'rs=0:di=01;34:ln=01;36:mh=00:pi=40;33:so=01;35:do=01;35:bd=40;33;01:cd=40;33;01:or=40;31;01:mi=00:su=37;41:sg=30;43:ca=00:tw=30;42:ow=34;42:st=37;44:ex=01;32:*.tar=01;31:*.tgz=01;31:*.arc=01;31:*.arj=01;31:*.taz=01;31:*.lha=01;31:*.lz4=01;31:*.lzh=01;31:*.lzma=01;31:*.tlz=01;31:*.txz=01;31:*.tzo=01;31:*.t7z=01;31:*.zip=01;31:*.z=01;31:*.dz=01;31:*.gz=01;31:*.lrz=01;31:*.lz=01;31:*.lzo=01;31:*.xz=01;31:*.zst=01;31:*.tzst=01;31:*.bz2=01;31:*.bz=01;31:*.tbz=01;31:*.tbz2=01;31:*.tz=01;31:*.deb=01;31:*.rpm=01;31:*.jar=01;31:*.war=01;31:*.ear=01;31:*.sar=01;31:*.rar=01;31:*.alz=01;31:*.ace=01;31:*.zoo=01;31:*.cpio=01;31:*.7z=01;31:*.rz=01;31:*.cab=01;31:*.wim=01;31:*.swm=01;31:*.dwm=01;31:*.esd=01;31:*.avif=01;35:*.jpg=01;35:*.jpeg=01;35:*.mjpg=01;35:*.mjpeg=01;35:*.gif=01;35:*.bmp=01;35:*.pbm=01;35:*.pgm=01;35:*.ppm=01;35:*.tga=01;35:*.xbm=01;35:*.xpm=01;35:*.tif=01;35:*.tiff=01;35:*.png=01;35:*.svg=01;35:*.svgz=01;35:*.mng=01;35:*.pcx=01;35:*.mov=01;35:*.mpg=01;35:*.mpeg=01;35:*.m2v=01;35:*.mkv=01;35:*.webm=01;35:*.webp=01;35:*.ogm=01;35:*.mp4=01;35:*.m4v=01;35:*.mp4v=01;35:*.vob=01;35:*.qt=01;35:*.nuv=01;35:*.wmv=01;35:*.asf=01;35:*.rm=01;35:*.rmvb=01;35:*.flc=01;35:*.avi=01;35:*.fli=01;35:*.flv=01;35:*.gl=01;35:*.dl=01;35:*.xcf=01;35:*.xwd=01;35:*.yuv=01;35:*.cgm=01;35:*.emf=01;35:*.ogv=01;35:*.ogx=01;35:*.aac=00;36:*.au=00;36:*.flac=00;36:*.m4a=00;36:*.mid=00;36:*.midi=00;36:*.mka=00;36:*.mp3=00;36:*.mpc=00;36:*.ogg=00;36:*.ra=00;36:*.wav=00;36:*.oga=00;36:*.opus=00;36:*.spx=00;36:*.xspf=00;36:*~=00;90:*#=00;90:*.bak=00;90:*.crdownload=00;90:*.dpkg-dist=00;90:*.dpkg-new=00;90:*.dpkg-old=00;90:*.dpkg-tmp=00;90:*.old=00;90:*.orig=00;90:*.part=00;90:*.rej=00;90:*.rpmnew=00;90:*.rpmorig=00;90:*.rpmsave=00;90:*.swp=00;90:*.tmp=00;90:*.ucf-dist=00;90:*.ucf-new=00;90:*.ucf-old=00;90:', 'AMENT_PREFIX_PATH': '/uros_ws/install/micro_ros_agent:/uros_ws/install/micro_ros_msgs:/opt/ros/jazzy', 'LESSCLOSE': '/usr/bin/lesspipe %s %s', 'IGN_GAZEBO_RESOURCE_PATH': '/opt/ros/jazzy/share', 'GAZEBO_RESOURCE_PATH': '/opt/ros/jazzy/share', 'ROS_AUTOMATIC_DISCOVERY_RANGE': 'SUBNET', 'PWD': '/uros_ws/Brain_DEI/brain/build/utils', 'LC_ALL': 'C.UTF-8', 'PYTHONPATH': '/uros_ws/install/micro_ros_msgs/lib/python3.12/site-packages:/opt/ros/jazzy/lib/python3.12/site-packages', 'COLCON': '1', 'CMAKE_PREFIX_PATH': '/uros_ws/install/micro_ros_agent:/uros_ws/install/micro_ros_msgs:/opt/ros/jazzy/opt/gz_math_vendor:/opt/ros/jazzy/opt/gz_utils_vendor:/opt/ros/jazzy/opt/gz_cmake_vendor:/opt/ros/jazzy'}), 'shell': False}
[1.101151] (-) TimerEvent: {}
[1.106967] (utils) StdoutLine: {'line': b'-- Install configuration: ""\n'}
[1.107503] (utils) StdoutLine: {'line': b'-- Installing: /uros_ws/Brain_DEI/brain/install/utils/share/ament_index/resource_index/rosidl_interfaces/utils\n'}
[1.108429] (utils) StdoutLine: {'line': b'-- Installing: /uros_ws/Brain_DEI/brain/install/utils/share/utils/msg/IMU.json\n'}
[1.109124] (utils) StdoutLine: {'line': b'-- Installing: /uros_ws/Brain_DEI/brain/install/utils/share/utils/msg/Localisation.json\n'}
[1.109789] (utils) StdoutLine: {'line': b'-- Installing: /uros_ws/Brain_DEI/brain/install/utils/share/utils/msg/Vehicles.json\n'}
[1.110478] (utils) StdoutLine: {'line': b'-- Installing: /uros_ws/Brain_DEI/brain/install/utils/share/utils/msg/Environmental.json\n'}
[1.111098] (utils) StdoutLine: {'line': b'-- Installing: /uros_ws/Brain_DEI/brain/install/utils/share/utils/msg/Log.json\n'}
[1.111713] (utils) StdoutLine: {'line': b'-- Installing: /uros_ws/Brain_DEI/brain/install/utils/share/utils/msg/TopicInfo.json\n'}
[1.112325] (utils) StdoutLine: {'line': b'-- Installing: /uros_ws/Brain_DEI/brain/install/utils/share/utils/msg/Semaphore.json\n'}
[1.112975] (utils) StdoutLine: {'line': b'-- Installing: /uros_ws/Brain_DEI/brain/install/utils/share/utils/msg/Conditions.json\n'}
[1.113610] (utils) StdoutLine: {'line': b'-- Installing: /uros_ws/Brain_DEI/brain/install/utils/share/utils/msg/Trafficsignprediction.json\n'}
[1.114251] (utils) StdoutLine: {'line': b'-- Installing: /uros_ws/Brain_DEI/brain/install/utils/share/utils/srv/Subscribing.json\n'}
[1.114987] (utils) StdoutLine: {'line': b'-- Installing: /uros_ws/Brain_DEI/brain/install/utils/share/utils/srv/RequestParam.json\n'}
[1.115653] (utils) StdoutLine: {'line': b'-- Up-to-date: /uros_ws/Brain_DEI/brain/install/utils/include/utils/utils\n'}
[1.116072] (utils) StdoutLine: {'line': b'-- Up-to-date: /uros_ws/Brain_DEI/brain/install/utils/include/utils/utils/srv\n'}
[1.116386] (utils) StdoutLine: {'line': b'-- Installing: /uros_ws/Brain_DEI/brain/install/utils/include/utils/utils/srv/subscribing.h\n'}
[1.116749] (utils) StdoutLine: {'line': b'-- Installing: /uros_ws/Brain_DEI/brain/install/utils/include/utils/utils/srv/request_param.h\n'}
[1.117091] (utils) StdoutLine: {'line': b'-- Up-to-date: /uros_ws/Brain_DEI/brain/install/utils/include/utils/utils/srv/detail\n'}
[1.117458] (utils) StdoutLine: {'line': b'-- Up-to-date: /uros_ws/Brain_DEI/brain/install/utils/include/utils/utils/srv/detail/subscribing__description.c\n'}
[1.117765] (utils) StdoutLine: {'line': b'-- Up-to-date: /uros_ws/Brain_DEI/brain/install/utils/include/utils/utils/srv/detail/subscribing__functions.c\n'}
[1.118060] (utils) StdoutLine: {'line': b'-- Installing: /uros_ws/Brain_DEI/brain/install/utils/include/utils/utils/srv/detail/request_param__functions.h\n'}
[1.118445] (utils) StdoutLine: {'line': b'-- Installing: /uros_ws/Brain_DEI/brain/install/utils/include/utils/utils/srv/detail/subscribing__functions.h\n'}
[1.119061] (utils) StdoutLine: {'line': b'-- Up-to-date: /uros_ws/Brain_DEI/brain/install/utils/include/utils/utils/srv/detail/request_param__functions.c\n'}
[1.119449] (utils) StdoutLine: {'line': b'-- Installing: /uros_ws/Brain_DEI/brain/install/utils/include/utils/utils/srv/detail/subscribing__type_support.h\n'}
[1.119984] (utils) StdoutLine: {'line': b'-- Installing: /uros_ws/Brain_DEI/brain/install/utils/include/utils/utils/srv/detail/subscribing__type_support.c\n'}
[1.120576] (utils) StdoutLine: {'line': b'-- Installing: /uros_ws/Brain_DEI/brain/install/utils/include/utils/utils/srv/detail/subscribing__struct.h\n'}
[1.121131] (utils) StdoutLine: {'line': b'-- Installing: /uros_ws/Brain_DEI/brain/install/utils/include/utils/utils/srv/detail/request_param__type_support.c\n'}
[1.121694] (utils) StdoutLine: {'line': b'-- Up-to-date: /uros_ws/Brain_DEI/brain/install/utils/include/utils/utils/srv/detail/request_param__description.c\n'}
[1.122027] (utils) StdoutLine: {'line': b'-- Installing: /uros_ws/Brain_DEI/brain/install/utils/include/utils/utils/srv/detail/request_param__type_support.h\n'}
[1.122396] (utils) StdoutLine: {'line': b'-- Installing: /uros_ws/Brain_DEI/brain/install/utils/include/utils/utils/srv/detail/request_param__struct.h\n'}
[1.122926] (utils) StdoutLine: {'line': b'-- Up-to-date: /uros_ws/Brain_DEI/brain/install/utils/include/utils/utils/msg\n'}
[1.123299] (utils) StdoutLine: {'line': b'-- Installing: /uros_ws/Brain_DEI/brain/install/utils/include/utils/utils/msg/vehicles.h\n'}
[1.123709] (utils) StdoutLine: {'line': b'-- Installing: /uros_ws/Brain_DEI/brain/install/utils/include/utils/utils/msg/semaphore.h\n'}
[1.124144] (utils) StdoutLine: {'line': b'-- Installing: /uros_ws/Brain_DEI/brain/install/utils/include/utils/utils/msg/trafficsignprediction.h\n'}
[1.124686] (utils) StdoutLine: {'line': b'-- Installing: /uros_ws/Brain_DEI/brain/install/utils/include/utils/utils/msg/localisation.h\n'}
[1.125202] (utils) StdoutLine: {'line': b'-- Up-to-date: /uros_ws/Brain_DEI/brain/install/utils/include/utils/utils/msg/detail\n'}
[1.125592] (utils) StdoutLine: {'line': b'-- Up-to-date: /uros_ws/Brain_DEI/brain/install/utils/include/utils/utils/msg/detail/trafficsignprediction__functions.c\n'}
[1.125941] (utils) StdoutLine: {'line': b'-- Up-to-date: /uros_ws/Brain_DEI/brain/install/utils/include/utils/utils/msg/detail/localisation__functions.c\n'}
[1.126294] (utils) StdoutLine: {'line': b'-- Up-to-date: /uros_ws/Brain_DEI/brain/install/utils/include/utils/utils/msg/detail/imu__functions.c\n'}
[1.126641] (utils) StdoutLine: {'line': b'-- Installing: /uros_ws/Brain_DEI/brain/install/utils/include/utils/utils/msg/detail/imu__type_support.c\n'}
[1.127008] (utils) StdoutLine: {'line': b'-- Installing: /uros_ws/Brain_DEI/brain/install/utils/include/utils/utils/msg/detail/conditions__functions.h\n'}
[1.127345] (utils) StdoutLine: {'line': b'-- Installing: /uros_ws/Brain_DEI/brain/install/utils/include/utils/utils/msg/detail/trafficsignprediction__type_support.c\n'}
[1.127688] (utils) StdoutLine: {'line': b'-- Up-to-date: /uros_ws/Brain_DEI/brain/install/utils/include/utils/utils/msg/detail/conditions__description.c\n'}
[1.128067] (utils) StdoutLine: {'line': b'-- Installing: /uros_ws/Brain_DEI/brain/install/utils/include/utils/utils/msg/detail/imu__struct.h\n'}
[1.128369] (utils) StdoutLine: {'line': b'-- Up-to-date: /uros_ws/Brain_DEI/brain/install/utils/include/utils/utils/msg/detail/vehicles__description.c\n'}
[1.128715] (utils) StdoutLine: {'line': b'-- Installing: /uros_ws/Brain_DEI/brain/install/utils/include/utils/utils/msg/detail/topic_info__type_support.h\n'}
[1.129011] (utils) StdoutLine: {'line': b'-- Installing: /uros_ws/Brain_DEI/brain/install/utils/include/utils/utils/msg/detail/vehicles__struct.h\n'}
[1.129413] (utils) StdoutLine: {'line': b'-- Up-to-date: /uros_ws/Brain_DEI/brain/install/utils/include/utils/utils/msg/detail/localisation__description.c\n'}
[1.129716] (utils) StdoutLine: {'line': b'-- Up-to-date: /uros_ws/Brain_DEI/brain/install/utils/include/utils/utils/msg/detail/semaphore__description.c\n'}
[1.130062] (utils) StdoutLine: {'line': b'-- Up-to-date: /uros_ws/Brain_DEI/brain/install/utils/include/utils/utils/msg/detail/topic_info__functions.c\n'}
[1.130385] (utils) StdoutLine: {'line': b'-- Installing: /uros_ws/Brain_DEI/brain/install/utils/include/utils/utils/msg/detail/semaphore__type_support.c\n'}
[1.130892] (utils) StdoutLine: {'line': b'-- Installing: /uros_ws/Brain_DEI/brain/install/utils/include/utils/utils/msg/detail/semaphore__functions.h\n'}
[1.131248] (utils) StdoutLine: {'line': b'-- Up-to-date: /uros_ws/Brain_DEI/brain/install/utils/include/utils/utils/msg/detail/log__functions.c\n'}
[1.131563] (utils) StdoutLine: {'line': b'-- Installing: /uros_ws/Brain_DEI/brain/install/utils/include/utils/utils/msg/detail/imu__functions.h\n'}
[1.131909] (utils) StdoutLine: {'line': b'-- Installing: /uros_ws/Brain_DEI/brain/install/utils/include/utils/utils/msg/detail/localisation__functions.h\n'}
[1.132224] (utils) StdoutLine: {'line': b'-- Installing: /uros_ws/Brain_DEI/brain/install/utils/include/utils/utils/msg/detail/trafficsignprediction__type_support.h\n'}
[1.132568] (utils) StdoutLine: {'line': b'-- Installing: /uros_ws/Brain_DEI/brain/install/utils/include/utils/utils/msg/detail/vehicles__type_support.h\n'}
[1.133077] (utils) StdoutLine: {'line': b'-- Installing: /uros_ws/Brain_DEI/brain/install/utils/include/utils/utils/msg/detail/log__functions.h\n'}
[1.133704] (utils) StdoutLine: {'line': b'-- Up-to-date: /uros_ws/Brain_DEI/brain/install/utils/include/utils/utils/msg/detail/semaphore__functions.c\n'}
[1.134055] (utils) StdoutLine: {'line': b'-- Up-to-date: /uros_ws/Brain_DEI/brain/install/utils/include/utils/utils/msg/detail/imu__description.c\n'}
[1.134386] (utils) StdoutLine: {'line': b'-- Installing: /uros_ws/Brain_DEI/brain/install/utils/include/utils/utils/msg/detail/conditions__type_support.h\n'}
[1.134799] (utils) StdoutLine: {'line': b'-- Up-to-date: /uros_ws/Brain_DEI/brain/install/utils/include/utils/utils/msg/detail/topic_info__description.c\n'}
[1.135154] (utils) StdoutLine: {'line': b'-- Up-to-date: /uros_ws/Brain_DEI/brain/install/utils/include/utils/utils/msg/detail/conditions__functions.c\n'}
[1.135452] (utils) StdoutLine: {'line': b'-- Up-to-date: /uros_ws/Brain_DEI/brain/install/utils/include/utils/utils/msg/detail/vehicles__functions.c\n'}
[1.135896] (utils) StdoutLine: {'line': b'-- Installing: /uros_ws/Brain_DEI/brain/install/utils/include/utils/utils/msg/detail/trafficsignprediction__functions.h\n'}
[1.136278] (utils) StdoutLine: {'line': b'-- Installing: /uros_ws/Brain_DEI/brain/install/utils/include/utils/utils/msg/detail/semaphore__type_support.h\n'}
[1.136573] (utils) StdoutLine: {'line': b'-- Installing: /uros_ws/Brain_DEI/brain/install/utils/include/utils/utils/msg/detail/vehicles__functions.h\n'}
[1.136954] (utils) StdoutLine: {'line': b'-- Installing: /uros_ws/Brain_DEI/brain/install/utils/include/utils/utils/msg/detail/log__type_support.h\n'}
[1.137328] (utils) StdoutLine: {'line': b'-- Installing: /uros_ws/Brain_DEI/brain/install/utils/include/utils/utils/msg/detail/environmental__type_support.c\n'}
[1.137781] (utils) StdoutLine: {'line': b'-- Installing: /uros_ws/Brain_DEI/brain/install/utils/include/utils/utils/msg/detail/log__type_support.c\n'}
[1.138325] (utils) StdoutLine: {'line': b'-- Installing: /uros_ws/Brain_DEI/brain/install/utils/include/utils/utils/msg/detail/conditions__type_support.c\n'}
[1.138873] (utils) StdoutLine: {'line': b'-- Installing: /uros_ws/Brain_DEI/brain/install/utils/include/utils/utils/msg/detail/conditions__struct.h\n'}
[1.139377] (utils) StdoutLine: {'line': b'-- Installing: /uros_ws/Brain_DEI/brain/install/utils/include/utils/utils/msg/detail/localisation__type_support.c\n'}
[1.139940] (utils) StdoutLine: {'line': b'-- Up-to-date: /uros_ws/Brain_DEI/brain/install/utils/include/utils/utils/msg/detail/trafficsignprediction__description.c\n'}
[1.140278] (utils) StdoutLine: {'line': b'-- Installing: /uros_ws/Brain_DEI/brain/install/utils/include/utils/utils/msg/detail/environmental__type_support.h\n'}
[1.140621] (utils) StdoutLine: {'line': b'-- Installing: /uros_ws/Brain_DEI/brain/install/utils/include/utils/utils/msg/detail/topic_info__struct.h\n'}
[1.141101] (utils) StdoutLine: {'line': b'-- Installing: /uros_ws/Brain_DEI/brain/install/utils/include/utils/utils/msg/detail/topic_info__functions.h\n'}
[1.141739] (utils) StdoutLine: {'line': b'-- Installing: /uros_ws/Brain_DEI/brain/install/utils/include/utils/utils/msg/detail/environmental__functions.h\n'}
[1.142277] (utils) StdoutLine: {'line': b'-- Installing: /uros_ws/Brain_DEI/brain/install/utils/include/utils/utils/msg/detail/localisation__struct.h\n'}
[1.142853] (utils) StdoutLine: {'line': b'-- Installing: /uros_ws/Brain_DEI/brain/install/utils/include/utils/utils/msg/detail/topic_info__type_support.c\n'}
[1.143419] (utils) StdoutLine: {'line': b'-- Installing: /uros_ws/Brain_DEI/brain/install/utils/include/utils/utils/msg/detail/environmental__struct.h\n'}
[1.143942] (utils) StdoutLine: {'line': b'-- Installing: /uros_ws/Brain_DEI/brain/install/utils/include/utils/utils/msg/detail/semaphore__struct.h\n'}
[1.144496] (utils) StdoutLine: {'line': b'-- Installing: /uros_ws/Brain_DEI/brain/install/utils/include/utils/utils/msg/detail/imu__type_support.h\n'}
[1.145048] (utils) StdoutLine: {'line': b'-- Installing: /uros_ws/Brain_DEI/brain/install/utils/include/utils/utils/msg/detail/log__struct.h\n'}
[1.145636] (utils) StdoutLine: {'line': b'-- Installing: /uros_ws/Brain_DEI/brain/install/utils/include/utils/utils/msg/detail/vehicles__type_support.c\n'}
[1.146200] (utils) StdoutLine: {'line': b'-- Installing: /uros_ws/Brain_DEI/brain/install/utils/include/utils/utils/msg/detail/localisation__type_support.h\n'}
[1.146782] (utils) StdoutLine: {'line': b'-- Up-to-date: /uros_ws/Brain_DEI/brain/install/utils/include/utils/utils/msg/detail/environmental__functions.c\n'}
[1.147138] (utils) StdoutLine: {'line': b'-- Up-to-date: /uros_ws/Brain_DEI/brain/install/utils/include/utils/utils/msg/detail/log__description.c\n'}
[1.147438] (utils) StdoutLine: {'line': b'-- Installing: /uros_ws/Brain_DEI/brain/install/utils/include/utils/utils/msg/detail/trafficsignprediction__struct.h\n'}
[1.147811] (utils) StdoutLine: {'line': b'-- Up-to-date: /uros_ws/Brain_DEI/brain/install/utils/include/utils/utils/msg/detail/environmental__description.c\n'}
[1.148109] (utils) StdoutLine: {'line': b'-- Installing: /uros_ws/Brain_DEI/brain/install/utils/include/utils/utils/msg/environmental.h\n'}
[1.148460] (utils) StdoutLine: {'line': b'-- Installing: /uros_ws/Brain_DEI/brain/install/utils/include/utils/utils/msg/conditions.h\n'}
[1.148807] (utils) StdoutLine: {'line': b'-- Installing: /uros_ws/Brain_DEI/brain/install/utils/include/utils/utils/msg/rosidl_generator_c__visibility_control.h\n'}
[1.149228] (utils) StdoutLine: {'line': b'-- Installing: /uros_ws/Brain_DEI/brain/install/utils/include/utils/utils/msg/imu.h\n'}
[1.149776] (utils) StdoutLine: {'line': b'-- Installing: /uros_ws/Brain_DEI/brain/install/utils/include/utils/utils/msg/topic_info.h\n'}
[1.150315] (utils) StdoutLine: {'line': b'-- Installing: /uros_ws/Brain_DEI/brain/install/utils/include/utils/utils/msg/log.h\n'}
[1.151290] (utils) StdoutLine: {'line': b'-- Installing: /uros_ws/Brain_DEI/brain/install/utils/share/utils/environment/library_path.dsv\n'}
[1.152591] (utils) StdoutLine: {'line': b'-- Installing: /uros_ws/Brain_DEI/brain/install/utils/lib/libutils__rosidl_generator_c.so\n'}
[1.154345] (utils) StdoutLine: {'line': b'-- Set non-toolchain portion of runtime path of "/uros_ws/Brain_DEI/brain/install/utils/lib/libutils__rosidl_generator_c.so" to ""\n'}
[1.155168] (utils) StdoutLine: {'line': b'-- Up-to-date: /uros_ws/Brain_DEI/brain/install/utils/include/utils/utils\n'}
[1.155580] (utils) StdoutLine: {'line': b'-- Up-to-date: /uros_ws/Brain_DEI/brain/install/utils/include/utils/utils/srv\n'}
[1.155894] (utils) StdoutLine: {'line': b'-- Up-to-date: /uros_ws/Brain_DEI/brain/install/utils/include/utils/utils/srv/detail\n'}
[1.156187] (utils) StdoutLine: {'line': b'-- Installing: /uros_ws/Brain_DEI/brain/install/utils/include/utils/utils/srv/detail/subscribing__rosidl_typesupport_fastrtps_c.h\n'}
[1.156532] (utils) StdoutLine: {'line': b'-- Installing: /uros_ws/Brain_DEI/brain/install/utils/include/utils/utils/srv/detail/request_param__rosidl_typesupport_fastrtps_c.h\n'}
[1.156871] (utils) StdoutLine: {'line': b'-- Up-to-date: /uros_ws/Brain_DEI/brain/install/utils/include/utils/utils/msg\n'}
[1.157197] (utils) StdoutLine: {'line': b'-- Installing: /uros_ws/Brain_DEI/brain/install/utils/include/utils/utils/msg/rosidl_typesupport_fastrtps_c__visibility_control.h\n'}
[1.157530] (utils) StdoutLine: {'line': b'-- Up-to-date: /uros_ws/Brain_DEI/brain/install/utils/include/utils/utils/msg/detail\n'}
[1.157905] (utils) StdoutLine: {'line': b'-- Installing: /uros_ws/Brain_DEI/brain/install/utils/include/utils/utils/msg/detail/vehicles__rosidl_typesupport_fastrtps_c.h\n'}
[1.158247] (utils) StdoutLine: {'line': b'-- Installing: /uros_ws/Brain_DEI/brain/install/utils/include/utils/utils/msg/detail/imu__rosidl_typesupport_fastrtps_c.h\n'}
[1.158816] (utils) StdoutLine: {'line': b'-- Installing: /uros_ws/Brain_DEI/brain/install/utils/include/utils/utils/msg/detail/topic_info__rosidl_typesupport_fastrtps_c.h\n'}
[1.159379] (utils) StdoutLine: {'line': b'-- Installing: /uros_ws/Brain_DEI/brain/install/utils/include/utils/utils/msg/detail/trafficsignprediction__rosidl_typesupport_fastrtps_c.h\n'}
[1.159947] (utils) StdoutLine: {'line': b'-- Installing: /uros_ws/Brain_DEI/brain/install/utils/include/utils/utils/msg/detail/conditions__rosidl_typesupport_fastrtps_c.h\n'}
[1.160508] (utils) StdoutLine: {'line': b'-- Installing: /uros_ws/Brain_DEI/brain/install/utils/include/utils/utils/msg/detail/log__rosidl_typesupport_fastrtps_c.h\n'}
[1.161064] (utils) StdoutLine: {'line': b'-- Installing: /uros_ws/Brain_DEI/brain/install/utils/include/utils/utils/msg/detail/localisation__rosidl_typesupport_fastrtps_c.h\n'}
[1.161624] (utils) StdoutLine: {'line': b'-- Installing: /uros_ws/Brain_DEI/brain/install/utils/include/utils/utils/msg/detail/environmental__rosidl_typesupport_fastrtps_c.h\n'}
[1.162179] (utils) StdoutLine: {'line': b'-- Installing: /uros_ws/Brain_DEI/brain/install/utils/include/utils/utils/msg/detail/semaphore__rosidl_typesupport_fastrtps_c.h\n'}
[1.163123] (utils) StdoutLine: {'line': b'-- Installing: /uros_ws/Brain_DEI/brain/install/utils/lib/libutils__rosidl_typesupport_fastrtps_c.so\n'}
[1.164733] (utils) StdoutLine: {'line': b'-- Set non-toolchain portion of runtime path of "/uros_ws/Brain_DEI/brain/install/utils/lib/libutils__rosidl_typesupport_fastrtps_c.so" to ""\n'}
[1.165150] (utils) StdoutLine: {'line': b'-- Up-to-date: /uros_ws/Brain_DEI/brain/install/utils/include/utils/utils\n'}
[1.165498] (utils) StdoutLine: {'line': b'-- Up-to-date: /uros_ws/Brain_DEI/brain/install/utils/include/utils/utils/srv\n'}
[1.165833] (utils) StdoutLine: {'line': b'-- Up-to-date: /uros_ws/Brain_DEI/brain/install/utils/include/utils/utils/srv/detail\n'}
[1.166175] (utils) StdoutLine: {'line': b'-- Installing: /uros_ws/Brain_DEI/brain/install/utils/include/utils/utils/srv/detail/request_param__rosidl_typesupport_introspection_c.h\n'}
[1.166521] (utils) StdoutLine: {'line': b'-- Installing: /uros_ws/Brain_DEI/brain/install/utils/include/utils/utils/srv/detail/subscribing__type_support.c\n'}
[1.166979] (utils) StdoutLine: {'line': b'-- Installing: /uros_ws/Brain_DEI/brain/install/utils/include/utils/utils/srv/detail/request_param__type_support.c\n'}
[1.167864] (utils) StdoutLine: {'line': b'-- Installing: /uros_ws/Brain_DEI/brain/install/utils/include/utils/utils/srv/detail/subscribing__rosidl_typesupport_introspection_c.h\n'}
[1.168337] (utils) StdoutLine: {'line': b'-- Up-to-date: /uros_ws/Brain_DEI/brain/install/utils/include/utils/utils/msg\n'}
[1.168709] (utils) StdoutLine: {'line': b'-- Installing: /uros_ws/Brain_DEI/brain/install/utils/include/utils/utils/msg/rosidl_typesupport_introspection_c__visibility_control.h\n'}
[1.169051] (utils) StdoutLine: {'line': b'-- Up-to-date: /uros_ws/Brain_DEI/brain/install/utils/include/utils/utils/msg/detail\n'}
[1.169361] (utils) StdoutLine: {'line': b'-- Installing: /uros_ws/Brain_DEI/brain/install/utils/include/utils/utils/msg/detail/imu__type_support.c\n'}
[1.169739] (utils) StdoutLine: {'line': b'-- Installing: /uros_ws/Brain_DEI/brain/install/utils/include/utils/utils/msg/detail/trafficsignprediction__type_support.c\n'}
[1.170350] (utils) StdoutLine: {'line': b'-- Installing: /uros_ws/Brain_DEI/brain/install/utils/include/utils/utils/msg/detail/topic_info__rosidl_typesupport_introspection_c.h\n'}
[1.170919] (utils) StdoutLine: {'line': b'-- Installing: /uros_ws/Brain_DEI/brain/install/utils/include/utils/utils/msg/detail/trafficsignprediction__rosidl_typesupport_introspection_c.h\n'}
[1.171477] (utils) StdoutLine: {'line': b'-- Installing: /uros_ws/Brain_DEI/brain/install/utils/include/utils/utils/msg/detail/localisation__rosidl_typesupport_introspection_c.h\n'}
[1.172024] (utils) StdoutLine: {'line': b'-- Installing: /uros_ws/Brain_DEI/brain/install/utils/include/utils/utils/msg/detail/semaphore__type_support.c\n'}
[1.172611] (utils) StdoutLine: {'line': b'-- Installing: /uros_ws/Brain_DEI/brain/install/utils/include/utils/utils/msg/detail/imu__rosidl_typesupport_introspection_c.h\n'}
[1.173171] (utils) StdoutLine: {'line': b'-- Installing: /uros_ws/Brain_DEI/brain/install/utils/include/utils/utils/msg/detail/conditions__rosidl_typesupport_introspection_c.h\n'}
[1.173722] (utils) StdoutLine: {'line': b'-- Installing: /uros_ws/Brain_DEI/brain/install/utils/include/utils/utils/msg/detail/environmental__type_support.c\n'}
[1.174294] (utils) StdoutLine: {'line': b'-- Installing: /uros_ws/Brain_DEI/brain/install/utils/include/utils/utils/msg/detail/log__type_support.c\n'}
[1.174904] (utils) StdoutLine: {'line': b'-- Installing: /uros_ws/Brain_DEI/brain/install/utils/include/utils/utils/msg/detail/conditions__type_support.c\n'}
[1.175471] (utils) StdoutLine: {'line': b'-- Installing: /uros_ws/Brain_DEI/brain/install/utils/include/utils/utils/msg/detail/localisation__type_support.c\n'}
[1.176053] (utils) StdoutLine: {'line': b'-- Installing: /uros_ws/Brain_DEI/brain/install/utils/include/utils/utils/msg/detail/environmental__rosidl_typesupport_introspection_c.h\n'}
[1.176624] (utils) StdoutLine: {'line': b'-- Installing: /uros_ws/Brain_DEI/brain/install/utils/include/utils/utils/msg/detail/semaphore__rosidl_typesupport_introspection_c.h\n'}
[1.177184] (utils) StdoutLine: {'line': b'-- Installing: /uros_ws/Brain_DEI/brain/install/utils/include/utils/utils/msg/detail/topic_info__type_support.c\n'}
[1.177773] (utils) StdoutLine: {'line': b'-- Installing: /uros_ws/Brain_DEI/brain/install/utils/include/utils/utils/msg/detail/vehicles__type_support.c\n'}
[1.178379] (utils) StdoutLine: {'line': b'-- Installing: /uros_ws/Brain_DEI/brain/install/utils/include/utils/utils/msg/detail/vehicles__rosidl_typesupport_introspection_c.h\n'}
[1.178967] (utils) StdoutLine: {'line': b'-- Installing: /uros_ws/Brain_DEI/brain/install/utils/include/utils/utils/msg/detail/log__rosidl_typesupport_introspection_c.h\n'}
[1.179862] (utils) StdoutLine: {'line': b'-- Installing: /uros_ws/Brain_DEI/brain/install/utils/lib/libutils__rosidl_typesupport_introspection_c.so\n'}
[1.181278] (utils) StdoutLine: {'line': b'-- Set non-toolchain portion of runtime path of "/uros_ws/Brain_DEI/brain/install/utils/lib/libutils__rosidl_typesupport_introspection_c.so" to ""\n'}
[1.181685] (utils) StdoutLine: {'line': b'-- Installing: /uros_ws/Brain_DEI/brain/install/utils/lib/libutils__rosidl_typesupport_c.so\n'}
[1.183455] (utils) StdoutLine: {'line': b'-- Set non-toolchain portion of runtime path of "/uros_ws/Brain_DEI/brain/install/utils/lib/libutils__rosidl_typesupport_c.so" to ""\n'}
[1.183888] (utils) StdoutLine: {'line': b'-- Up-to-date: /uros_ws/Brain_DEI/brain/install/utils/include/utils/utils\n'}
[1.184206] (utils) StdoutLine: {'line': b'-- Up-to-date: /uros_ws/Brain_DEI/brain/install/utils/include/utils/utils/srv\n'}
[1.184564] (utils) StdoutLine: {'line': b'-- Installing: /uros_ws/Brain_DEI/brain/install/utils/include/utils/utils/srv/subscribing.hpp\n'}
[1.184867] (utils) StdoutLine: {'line': b'-- Installing: /uros_ws/Brain_DEI/brain/install/utils/include/utils/utils/srv/request_param.hpp\n'}
[1.185248] (utils) StdoutLine: {'line': b'-- Up-to-date: /uros_ws/Brain_DEI/brain/install/utils/include/utils/utils/srv/detail\n'}
[1.185548] (utils) StdoutLine: {'line': b'-- Installing: /uros_ws/Brain_DEI/brain/install/utils/include/utils/utils/srv/detail/request_param__type_support.hpp\n'}
[1.185898] (utils) StdoutLine: {'line': b'-- Installing: /uros_ws/Brain_DEI/brain/install/utils/include/utils/utils/srv/detail/subscribing__traits.hpp\n'}
[1.186268] (utils) StdoutLine: {'line': b'-- Installing: /uros_ws/Brain_DEI/brain/install/utils/include/utils/utils/srv/detail/request_param__traits.hpp\n'}
[1.186930] (utils) StdoutLine: {'line': b'-- Installing: /uros_ws/Brain_DEI/brain/install/utils/include/utils/utils/srv/detail/subscribing__struct.hpp\n'}
[1.187578] (utils) StdoutLine: {'line': b'-- Installing: /uros_ws/Brain_DEI/brain/install/utils/include/utils/utils/srv/detail/request_param__builder.hpp\n'}
[1.188186] (utils) StdoutLine: {'line': b'-- Installing: /uros_ws/Brain_DEI/brain/install/utils/include/utils/utils/srv/detail/subscribing__type_support.hpp\n'}
[1.188744] (utils) StdoutLine: {'line': b'-- Installing: /uros_ws/Brain_DEI/brain/install/utils/include/utils/utils/srv/detail/request_param__struct.hpp\n'}
[1.189366] (utils) StdoutLine: {'line': b'-- Installing: /uros_ws/Brain_DEI/brain/install/utils/include/utils/utils/srv/detail/subscribing__builder.hpp\n'}
[1.189948] (utils) StdoutLine: {'line': b'-- Up-to-date: /uros_ws/Brain_DEI/brain/install/utils/include/utils/utils/msg\n'}
[1.190320] (utils) StdoutLine: {'line': b'-- Installing: /uros_ws/Brain_DEI/brain/install/utils/include/utils/utils/msg/conditions.hpp\n'}
[1.190726] (utils) StdoutLine: {'line': b'-- Installing: /uros_ws/Brain_DEI/brain/install/utils/include/utils/utils/msg/trafficsignprediction.hpp\n'}
[1.191182] (utils) StdoutLine: {'line': b'-- Installing: /uros_ws/Brain_DEI/brain/install/utils/include/utils/utils/msg/localisation.hpp\n'}
[1.191713] (utils) StdoutLine: {'line': b'-- Installing: /uros_ws/Brain_DEI/brain/install/utils/include/utils/utils/msg/imu.hpp\n'}
[1.192249] (utils) StdoutLine: {'line': b'-- Installing: /uros_ws/Brain_DEI/brain/install/utils/include/utils/utils/msg/vehicles.hpp\n'}
[1.192776] (utils) StdoutLine: {'line': b'-- Installing: /uros_ws/Brain_DEI/brain/install/utils/include/utils/utils/msg/log.hpp\n'}
[1.193302] (utils) StdoutLine: {'line': b'-- Installing: /uros_ws/Brain_DEI/brain/install/utils/include/utils/utils/msg/topic_info.hpp\n'}
[1.193835] (utils) StdoutLine: {'line': b'-- Installing: /uros_ws/Brain_DEI/brain/install/utils/include/utils/utils/msg/rosidl_generator_cpp__visibility_control.hpp\n'}
[1.194368] (utils) StdoutLine: {'line': b'-- Up-to-date: /uros_ws/Brain_DEI/brain/install/utils/include/utils/utils/msg/detail\n'}
[1.194752] (utils) StdoutLine: {'line': b'-- Installing: /uros_ws/Brain_DEI/brain/install/utils/include/utils/utils/msg/detail/vehicles__type_support.hpp\n'}
[1.195124] (utils) StdoutLine: {'line': b'-- Installing: /uros_ws/Brain_DEI/brain/install/utils/include/utils/utils/msg/detail/vehicles__struct.hpp\n'}
[1.195700] (utils) StdoutLine: {'line': b'-- Installing: /uros_ws/Brain_DEI/brain/install/utils/include/utils/utils/msg/detail/semaphore__builder.hpp\n'}
[1.196259] (utils) StdoutLine: {'line': b'-- Installing: /uros_ws/Brain_DEI/brain/install/utils/include/utils/utils/msg/detail/log__type_support.hpp\n'}
[1.196778] (utils) StdoutLine: {'line': b'-- Installing: /uros_ws/Brain_DEI/brain/install/utils/include/utils/utils/msg/detail/trafficsignprediction__struct.hpp\n'}
[1.197382] (utils) StdoutLine: {'line': b'-- Installing: /uros_ws/Brain_DEI/brain/install/utils/include/utils/utils/msg/detail/conditions__builder.hpp\n'}
[1.197894] (utils) StdoutLine: {'line': b'-- Installing: /uros_ws/Brain_DEI/brain/install/utils/include/utils/utils/msg/detail/topic_info__traits.hpp\n'}
[1.198805] (utils) StdoutLine: {'line': b'-- Installing: /uros_ws/Brain_DEI/brain/install/utils/include/utils/utils/msg/detail/log__builder.hpp\n'}
[1.199373] (utils) StdoutLine: {'line': b'-- Installing: /uros_ws/Brain_DEI/brain/install/utils/include/utils/utils/msg/detail/localisation__builder.hpp\n'}
[1.199916] (utils) StdoutLine: {'line': b'-- Installing: /uros_ws/Brain_DEI/brain/install/utils/include/utils/utils/msg/detail/environmental__traits.hpp\n'}
[1.200478] (utils) StdoutLine: {'line': b'-- Installing: /uros_ws/Brain_DEI/brain/install/utils/include/utils/utils/msg/detail/semaphore__struct.hpp\n'}
[1.201055] (utils) StdoutLine: {'line': b'-- Installing: /uros_ws/Brain_DEI/brain/install/utils/include/utils/utils/msg/detail/imu__type_support.hpp\n'}
[1.201367] (-) TimerEvent: {}
[1.201665] (utils) StdoutLine: {'line': b'-- Installing: /uros_ws/Brain_DEI/brain/install/utils/include/utils/utils/msg/detail/imu__builder.hpp\n'}
[1.202201] (utils) StdoutLine: {'line': b'-- Installing: /uros_ws/Brain_DEI/brain/install/utils/include/utils/utils/msg/detail/environmental__builder.hpp\n'}
[1.202752] (utils) StdoutLine: {'line': b'-- Installing: /uros_ws/Brain_DEI/brain/install/utils/include/utils/utils/msg/detail/trafficsignprediction__type_support.hpp\n'}
[1.203301] (utils) StdoutLine: {'line': b'-- Installing: /uros_ws/Brain_DEI/brain/install/utils/include/utils/utils/msg/detail/semaphore__type_support.hpp\n'}
[1.203850] (utils) StdoutLine: {'line': b'-- Installing: /uros_ws/Brain_DEI/brain/install/utils/include/utils/utils/msg/detail/localisation__type_support.hpp\n'}
[1.204398] (utils) StdoutLine: {'line': b'-- Installing: /uros_ws/Brain_DEI/brain/install/utils/include/utils/utils/msg/detail/environmental__struct.hpp\n'}
[1.204923] (utils) StdoutLine: {'line': b'-- Installing: /uros_ws/Brain_DEI/brain/install/utils/include/utils/utils/msg/detail/environmental__type_support.hpp\n'}
[1.205438] (utils) StdoutLine: {'line': b'-- Installing: /uros_ws/Brain_DEI/brain/install/utils/include/utils/utils/msg/detail/conditions__traits.hpp\n'}
[1.205975] (utils) StdoutLine: {'line': b'-- Installing: /uros_ws/Brain_DEI/brain/install/utils/include/utils/utils/msg/detail/localisation__struct.hpp\n'}
[1.206578] (utils) StdoutLine: {'line': b'-- Installing: /uros_ws/Brain_DEI/brain/install/utils/include/utils/utils/msg/detail/trafficsignprediction__traits.hpp\n'}
[1.207137] (utils) StdoutLine: {'line': b'-- Installing: /uros_ws/Brain_DEI/brain/install/utils/include/utils/utils/msg/detail/log__struct.hpp\n'}
[1.207757] (utils) StdoutLine: {'line': b'-- Installing: /uros_ws/Brain_DEI/brain/install/utils/include/utils/utils/msg/detail/conditions__struct.hpp\n'}
[1.208284] (utils) StdoutLine: {'line': b'-- Installing: /uros_ws/Brain_DEI/brain/install/utils/include/utils/utils/msg/detail/conditions__type_support.hpp\n'}
[1.208796] (utils) StdoutLine: {'line': b'-- Installing: /uros_ws/Brain_DEI/brain/install/utils/include/utils/utils/msg/detail/imu__traits.hpp\n'}
[1.209391] (utils) StdoutLine: {'line': b'-- Installing: /uros_ws/Brain_DEI/brain/install/utils/include/utils/utils/msg/detail/imu__struct.hpp\n'}
[1.209923] (utils) StdoutLine: {'line': b'-- Installing: /uros_ws/Brain_DEI/brain/install/utils/include/utils/utils/msg/detail/semaphore__traits.hpp\n'}
[1.210508] (utils) StdoutLine: {'line': b'-- Installing: /uros_ws/Brain_DEI/brain/install/utils/include/utils/utils/msg/detail/topic_info__struct.hpp\n'}
[1.211144] (utils) StdoutLine: {'line': b'-- Installing: /uros_ws/Brain_DEI/brain/install/utils/include/utils/utils/msg/detail/vehicles__traits.hpp\n'}
[1.211714] (utils) StdoutLine: {'line': b'-- Installing: /uros_ws/Brain_DEI/brain/install/utils/include/utils/utils/msg/detail/log__traits.hpp\n'}
[1.212258] (utils) StdoutLine: {'line': b'-- Installing: /uros_ws/Brain_DEI/brain/install/utils/include/utils/utils/msg/detail/topic_info__type_support.hpp\n'}
[1.212826] (utils) StdoutLine: {'line': b'-- Installing: /uros_ws/Brain_DEI/brain/install/utils/include/utils/utils/msg/detail/vehicles__builder.hpp\n'}
[1.213381] (utils) StdoutLine: {'line': b'-- Installing: /uros_ws/Brain_DEI/brain/install/utils/include/utils/utils/msg/detail/topic_info__builder.hpp\n'}
[1.213931] (utils) StdoutLine: {'line': b'-- Installing: /uros_ws/Brain_DEI/brain/install/utils/include/utils/utils/msg/detail/localisation__traits.hpp\n'}
[1.214497] (utils) StdoutLine: {'line': b'-- Installing: /uros_ws/Brain_DEI/brain/install/utils/include/utils/utils/msg/detail/trafficsignprediction__builder.hpp\n'}
[1.215081] (utils) StdoutLine: {'line': b'-- Installing: /uros_ws/Brain_DEI/brain/install/utils/include/utils/utils/msg/semaphore.hpp\n'}
[1.215618] (utils) StdoutLine: {'line': b'-- Installing: /uros_ws/Brain_DEI/brain/install/utils/include/utils/utils/msg/environmental.hpp\n'}
[1.216249] (utils) StdoutLine: {'line': b'-- Up-to-date: /uros_ws/Brain_DEI/brain/install/utils/include/utils/utils\n'}
[1.216656] (utils) StdoutLine: {'line': b'-- Up-to-date: /uros_ws/Brain_DEI/brain/install/utils/include/utils/utils/srv\n'}
[1.216973] (utils) StdoutLine: {'line': b'-- Up-to-date: /uros_ws/Brain_DEI/brain/install/utils/include/utils/utils/srv/detail\n'}
[1.217351] (utils) StdoutLine: {'line': b'-- Installing: /uros_ws/Brain_DEI/brain/install/utils/include/utils/utils/srv/detail/subscribing__rosidl_typesupport_fastrtps_cpp.hpp\n'}
[1.217664] (utils) StdoutLine: {'line': b'-- Up-to-date: /uros_ws/Brain_DEI/brain/install/utils/include/utils/utils/srv/detail/dds_fastrtps\n'}
[1.218004] (utils) StdoutLine: {'line': b'-- Installing: /uros_ws/Brain_DEI/brain/install/utils/include/utils/utils/srv/detail/request_param__rosidl_typesupport_fastrtps_cpp.hpp\n'}
[1.218365] (utils) StdoutLine: {'line': b'-- Up-to-date: /uros_ws/Brain_DEI/brain/install/utils/include/utils/utils/msg\n'}
[1.218773] (utils) StdoutLine: {'line': b'-- Installing: /uros_ws/Brain_DEI/brain/install/utils/include/utils/utils/msg/rosidl_typesupport_fastrtps_cpp__visibility_control.h\n'}
[1.219084] (utils) StdoutLine: {'line': b'-- Up-to-date: /uros_ws/Brain_DEI/brain/install/utils/include/utils/utils/msg/detail\n'}
[1.219440] (utils) StdoutLine: {'line': b'-- Installing: /uros_ws/Brain_DEI/brain/install/utils/include/utils/utils/msg/detail/environmental__rosidl_typesupport_fastrtps_cpp.hpp\n'}
[1.219804] (utils) StdoutLine: {'line': b'-- Installing: /uros_ws/Brain_DEI/brain/install/utils/include/utils/utils/msg/detail/vehicles__rosidl_typesupport_fastrtps_cpp.hpp\n'}
[1.220154] (utils) StdoutLine: {'line': b'-- Installing: /uros_ws/Brain_DEI/brain/install/utils/include/utils/utils/msg/detail/localisation__rosidl_typesupport_fastrtps_cpp.hpp\n'}
[1.220507] (utils) StdoutLine: {'line': b'-- Installing: /uros_ws/Brain_DEI/brain/install/utils/include/utils/utils/msg/detail/log__rosidl_typesupport_fastrtps_cpp.hpp\n'}
[1.220955] (utils) StdoutLine: {'line': b'-- Installing: /uros_ws/Brain_DEI/brain/install/utils/include/utils/utils/msg/detail/conditions__rosidl_typesupport_fastrtps_cpp.hpp\n'}
[1.221508] (utils) StdoutLine: {'line': b'-- Installing: /uros_ws/Brain_DEI/brain/install/utils/include/utils/utils/msg/detail/semaphore__rosidl_typesupport_fastrtps_cpp.hpp\n'}
[1.222078] (utils) StdoutLine: {'line': b'-- Up-to-date: /uros_ws/Brain_DEI/brain/install/utils/include/utils/utils/msg/detail/dds_fastrtps\n'}
[1.222490] (utils) StdoutLine: {'line': b'-- Installing: /uros_ws/Brain_DEI/brain/install/utils/include/utils/utils/msg/detail/trafficsignprediction__rosidl_typesupport_fastrtps_cpp.hpp\n'}
[1.223119] (utils) StdoutLine: {'line': b'-- Installing: /uros_ws/Brain_DEI/brain/install/utils/include/utils/utils/msg/detail/imu__rosidl_typesupport_fastrtps_cpp.hpp\n'}
[1.223670] (utils) StdoutLine: {'line': b'-- Installing: /uros_ws/Brain_DEI/brain/install/utils/include/utils/utils/msg/detail/topic_info__rosidl_typesupport_fastrtps_cpp.hpp\n'}
[1.224578] (utils) StdoutLine: {'line': b'-- Installing: /uros_ws/Brain_DEI/brain/install/utils/lib/libutils__rosidl_typesupport_fastrtps_cpp.so\n'}
[1.226816] (utils) StdoutLine: {'line': b'-- Set non-toolchain portion of runtime path of "/uros_ws/Brain_DEI/brain/install/utils/lib/libutils__rosidl_typesupport_fastrtps_cpp.so" to ""\n'}
[1.227236] (utils) StdoutLine: {'line': b'-- Up-to-date: /uros_ws/Brain_DEI/brain/install/utils/include/utils/utils\n'}
[1.227607] (utils) StdoutLine: {'line': b'-- Up-to-date: /uros_ws/Brain_DEI/brain/install/utils/include/utils/utils/srv\n'}
[1.227909] (utils) StdoutLine: {'line': b'-- Up-to-date: /uros_ws/Brain_DEI/brain/install/utils/include/utils/utils/srv/detail\n'}
[1.228265] (utils) StdoutLine: {'line': b'-- Up-to-date: /uros_ws/Brain_DEI/brain/install/utils/include/utils/utils/srv/detail/request_param__type_support.cpp\n'}
[1.228566] (utils) StdoutLine: {'line': b'-- Up-to-date: /uros_ws/Brain_DEI/brain/install/utils/include/utils/utils/srv/detail/subscribing__type_support.cpp\n'}
[1.229092] (utils) StdoutLine: {'line': b'-- Installing: /uros_ws/Brain_DEI/brain/install/utils/include/utils/utils/srv/detail/request_param__rosidl_typesupport_introspection_cpp.hpp\n'}
[1.229405] (utils) StdoutLine: {'line': b'-- Installing: /uros_ws/Brain_DEI/brain/install/utils/include/utils/utils/srv/detail/subscribing__rosidl_typesupport_introspection_cpp.hpp\n'}
[1.229823] (utils) StdoutLine: {'line': b'-- Up-to-date: /uros_ws/Brain_DEI/brain/install/utils/include/utils/utils/msg\n'}
[1.230138] (utils) StdoutLine: {'line': b'-- Up-to-date: /uros_ws/Brain_DEI/brain/install/utils/include/utils/utils/msg/detail\n'}
[1.230581] (utils) StdoutLine: {'line': b'-- Up-to-date: /uros_ws/Brain_DEI/brain/install/utils/include/utils/utils/msg/detail/semaphore__type_support.cpp\n'}
[1.230998] (utils) StdoutLine: {'line': b'-- Up-to-date: /uros_ws/Brain_DEI/brain/install/utils/include/utils/utils/msg/detail/localisation__type_support.cpp\n'}
[1.231373] (utils) StdoutLine: {'line': b'-- Installing: /uros_ws/Brain_DEI/brain/install/utils/include/utils/utils/msg/detail/conditions__rosidl_typesupport_introspection_cpp.hpp\n'}
[1.231682] (utils) StdoutLine: {'line': b'-- Up-to-date: /uros_ws/Brain_DEI/brain/install/utils/include/utils/utils/msg/detail/imu__type_support.cpp\n'}
[1.232031] (utils) StdoutLine: {'line': b'-- Installing: /uros_ws/Brain_DEI/brain/install/utils/include/utils/utils/msg/detail/vehicles__rosidl_typesupport_introspection_cpp.hpp\n'}
[1.232335] (utils) StdoutLine: {'line': b'-- Up-to-date: /uros_ws/Brain_DEI/brain/install/utils/include/utils/utils/msg/detail/conditions__type_support.cpp\n'}
[1.232734] (utils) StdoutLine: {'line': b'-- Up-to-date: /uros_ws/Brain_DEI/brain/install/utils/include/utils/utils/msg/detail/vehicles__type_support.cpp\n'}
[1.233105] (utils) StdoutLine: {'line': b'-- Up-to-date: /uros_ws/Brain_DEI/brain/install/utils/include/utils/utils/msg/detail/topic_info__type_support.cpp\n'}
[1.233408] (utils) StdoutLine: {'line': b'-- Up-to-date: /uros_ws/Brain_DEI/brain/install/utils/include/utils/utils/msg/detail/environmental__type_support.cpp\n'}
[1.233768] (utils) StdoutLine: {'line': b'-- Installing: /uros_ws/Brain_DEI/brain/install/utils/include/utils/utils/msg/detail/environmental__rosidl_typesupport_introspection_cpp.hpp\n'}
[1.234144] (utils) StdoutLine: {'line': b'-- Installing: /uros_ws/Brain_DEI/brain/install/utils/include/utils/utils/msg/detail/log__rosidl_typesupport_introspection_cpp.hpp\n'}
[1.234529] (utils) StdoutLine: {'line': b'-- Installing: /uros_ws/Brain_DEI/brain/install/utils/include/utils/utils/msg/detail/imu__rosidl_typesupport_introspection_cpp.hpp\n'}
[1.234838] (utils) StdoutLine: {'line': b'-- Installing: /uros_ws/Brain_DEI/brain/install/utils/include/utils/utils/msg/detail/localisation__rosidl_typesupport_introspection_cpp.hpp\n'}
[1.235131] (utils) StdoutLine: {'line': b'-- Installing: /uros_ws/Brain_DEI/brain/install/utils/include/utils/utils/msg/detail/topic_info__rosidl_typesupport_introspection_cpp.hpp\n'}
[1.235557] (utils) StdoutLine: {'line': b'-- Installing: /uros_ws/Brain_DEI/brain/install/utils/include/utils/utils/msg/detail/semaphore__rosidl_typesupport_introspection_cpp.hpp\n'}
[1.235860] (utils) StdoutLine: {'line': b'-- Up-to-date: /uros_ws/Brain_DEI/brain/install/utils/include/utils/utils/msg/detail/log__type_support.cpp\n'}
[1.236154] (utils) StdoutLine: {'line': b'-- Up-to-date: /uros_ws/Brain_DEI/brain/install/utils/include/utils/utils/msg/detail/trafficsignprediction__type_support.cpp\n'}
[1.236446] (utils) StdoutLine: {'line': b'-- Installing: /uros_ws/Brain_DEI/brain/install/utils/include/utils/utils/msg/detail/trafficsignprediction__rosidl_typesupport_introspection_cpp.hpp\n'}
[1.236734] (utils) StdoutLine: {'line': b'-- Installing: /uros_ws/Brain_DEI/brain/install/utils/lib/libutils__rosidl_typesupport_introspection_cpp.so\n'}
[1.237739] (utils) StdoutLine: {'line': b'-- Set non-toolchain portion of runtime path of "/uros_ws/Brain_DEI/brain/install/utils/lib/libutils__rosidl_typesupport_introspection_cpp.so" to ""\n'}
[1.238131] (utils) StdoutLine: {'line': b'-- Installing: /uros_ws/Brain_DEI/brain/install/utils/lib/libutils__rosidl_typesupport_cpp.so\n'}
[1.240527] (utils) StdoutLine: {'line': b'-- Set non-toolchain portion of runtime path of "/uros_ws/Brain_DEI/brain/install/utils/lib/libutils__rosidl_typesupport_cpp.so" to ""\n'}
[1.240902] (utils) StdoutLine: {'line': b'-- Installing: /uros_ws/Brain_DEI/brain/install/utils/share/utils/environment/pythonpath.sh\n'}
[1.241336] (utils) StdoutLine: {'line': b'-- Installing: /uros_ws/Brain_DEI/brain/install/utils/share/utils/environment/pythonpath.dsv\n'}
[1.241951] (utils) StdoutLine: {'line': b'-- Up-to-date: /uros_ws/Brain_DEI/brain/install/utils/lib/python3.12/site-packages/utils-0.0.0-py3.12.egg-info\n'}
[1.242325] (utils) StdoutLine: {'line': b'-- Installing: /uros_ws/Brain_DEI/brain/install/utils/lib/python3.12/site-packages/utils-0.0.0-py3.12.egg-info/top_level.txt\n'}
[1.242719] (utils) StdoutLine: {'line': b'-- Installing: /uros_ws/Brain_DEI/brain/install/utils/lib/python3.12/site-packages/utils-0.0.0-py3.12.egg-info/PKG-INFO\n'}
[1.243099] (utils) StdoutLine: {'line': b'-- Installing: /uros_ws/Brain_DEI/brain/install/utils/lib/python3.12/site-packages/utils-0.0.0-py3.12.egg-info/dependency_links.txt\n'}
[1.243500] (utils) StdoutLine: {'line': b'-- Installing: /uros_ws/Brain_DEI/brain/install/utils/lib/python3.12/site-packages/utils-0.0.0-py3.12.egg-info/SOURCES.txt\n'}
[1.244013] (utils) StdoutLine: {'line': b'-- Up-to-date: /uros_ws/Brain_DEI/brain/install/utils/lib/python3.12/site-packages/utils\n'}
[1.244376] (utils) StdoutLine: {'line': b'-- Installing: /uros_ws/Brain_DEI/brain/install/utils/lib/python3.12/site-packages/utils/utils_s__rosidl_typesupport_fastrtps_c.so\n'}
[1.244832] (utils) StdoutLine: {'line': b'-- Installing: /uros_ws/Brain_DEI/brain/install/utils/lib/python3.12/site-packages/utils/__init__.py\n'}
[1.245240] (utils) StdoutLine: {'line': b'-- Up-to-date: /uros_ws/Brain_DEI/brain/install/utils/lib/python3.12/site-packages/utils/srv\n'}
[1.245609] (utils) StdoutLine: {'line': b'-- Installing: /uros_ws/Brain_DEI/brain/install/utils/lib/python3.12/site-packages/utils/srv/_subscribing_s.c\n'}
[1.245952] (utils) StdoutLine: {'line': b'-- Installing: /uros_ws/Brain_DEI/brain/install/utils/lib/python3.12/site-packages/utils/srv/__init__.py\n'}
[1.246380] (utils) StdoutLine: {'line': b'-- Installing: /uros_ws/Brain_DEI/brain/install/utils/lib/python3.12/site-packages/utils/srv/_request_param.py\n'}
[1.246843] (utils) StdoutLine: {'line': b'-- Installing: /uros_ws/Brain_DEI/brain/install/utils/lib/python3.12/site-packages/utils/srv/_subscribing.py\n'}
[1.247347] (utils) StdoutLine: {'line': b'-- Installing: /uros_ws/Brain_DEI/brain/install/utils/lib/python3.12/site-packages/utils/srv/_request_param_s.c\n'}
[1.247821] (utils) StdoutLine: {'line': b'-- Up-to-date: /uros_ws/Brain_DEI/brain/install/utils/lib/python3.12/site-packages/utils/msg\n'}
[1.248164] (utils) StdoutLine: {'line': b'-- Installing: /uros_ws/Brain_DEI/brain/install/utils/lib/python3.12/site-packages/utils/msg/__init__.py\n'}
[1.248512] (utils) StdoutLine: {'line': b'-- Installing: /uros_ws/Brain_DEI/brain/install/utils/lib/python3.12/site-packages/utils/msg/_log.py\n'}
[1.248883] (utils) StdoutLine: {'line': b'-- Installing: /uros_ws/Brain_DEI/brain/install/utils/lib/python3.12/site-packages/utils/msg/_environmental_s.c\n'}
[1.249343] (utils) StdoutLine: {'line': b'-- Installing: /uros_ws/Brain_DEI/brain/install/utils/lib/python3.12/site-packages/utils/msg/_vehicles_s.c\n'}
[1.249796] (utils) StdoutLine: {'line': b'-- Installing: /uros_ws/Brain_DEI/brain/install/utils/lib/python3.12/site-packages/utils/msg/_imu_s.c\n'}
[1.250253] (utils) StdoutLine: {'line': b'-- Installing: /uros_ws/Brain_DEI/brain/install/utils/lib/python3.12/site-packages/utils/msg/_trafficsignprediction_s.c\n'}
[1.251034] (utils) StdoutLine: {'line': b'-- Installing: /uros_ws/Brain_DEI/brain/install/utils/lib/python3.12/site-packages/utils/msg/_environmental.py\n'}
[1.251484] (utils) StdoutLine: {'line': b'-- Installing: /uros_ws/Brain_DEI/brain/install/utils/lib/python3.12/site-packages/utils/msg/_imu.py\n'}
[1.251955] (utils) StdoutLine: {'line': b'-- Installing: /uros_ws/Brain_DEI/brain/install/utils/lib/python3.12/site-packages/utils/msg/_semaphore.py\n'}
[1.252412] (utils) StdoutLine: {'line': b'-- Installing: /uros_ws/Brain_DEI/brain/install/utils/lib/python3.12/site-packages/utils/msg/_trafficsignprediction.py\n'}
[1.252862] (utils) StdoutLine: {'line': b'-- Installing: /uros_ws/Brain_DEI/brain/install/utils/lib/python3.12/site-packages/utils/msg/_conditions_s.c\n'}
[1.253317] (utils) StdoutLine: {'line': b'-- Installing: /uros_ws/Brain_DEI/brain/install/utils/lib/python3.12/site-packages/utils/msg/_log_s.c\n'}
[1.253761] (utils) StdoutLine: {'line': b'-- Installing: /uros_ws/Brain_DEI/brain/install/utils/lib/python3.12/site-packages/utils/msg/_topic_info_s.c\n'}
[1.254208] (utils) StdoutLine: {'line': b'-- Installing: /uros_ws/Brain_DEI/brain/install/utils/lib/python3.12/site-packages/utils/msg/_conditions.py\n'}
[1.254683] (utils) StdoutLine: {'line': b'-- Installing: /uros_ws/Brain_DEI/brain/install/utils/lib/python3.12/site-packages/utils/msg/_localisation.py\n'}
[1.255156] (utils) StdoutLine: {'line': b'-- Installing: /uros_ws/Brain_DEI/brain/install/utils/lib/python3.12/site-packages/utils/msg/_topic_info.py\n'}
[1.255629] (utils) StdoutLine: {'line': b'-- Installing: /uros_ws/Brain_DEI/brain/install/utils/lib/python3.12/site-packages/utils/msg/_semaphore_s.c\n'}
[1.256070] (utils) StdoutLine: {'line': b'-- Installing: /uros_ws/Brain_DEI/brain/install/utils/lib/python3.12/site-packages/utils/msg/_vehicles.py\n'}
[1.256531] (utils) StdoutLine: {'line': b'-- Installing: /uros_ws/Brain_DEI/brain/install/utils/lib/python3.12/site-packages/utils/msg/_localisation_s.c\n'}
[1.256984] (utils) StdoutLine: {'line': b'-- Installing: /uros_ws/Brain_DEI/brain/install/utils/lib/python3.12/site-packages/utils/_utils_s.ep.rosidl_typesupport_c.c\n'}
[1.257668] (utils) StdoutLine: {'line': b'-- Installing: /uros_ws/Brain_DEI/brain/install/utils/lib/python3.12/site-packages/utils/utils_s__rosidl_typesupport_c.so\n'}
[1.258252] (utils) StdoutLine: {'line': b'-- Installing: /uros_ws/Brain_DEI/brain/install/utils/lib/python3.12/site-packages/utils/utils_s__rosidl_typesupport_introspection_c.so\n'}
[1.258873] (utils) StdoutLine: {'line': b'-- Installing: /uros_ws/Brain_DEI/brain/install/utils/lib/python3.12/site-packages/utils/_utils_s.ep.rosidl_typesupport_introspection_c.c\n'}
[1.259501] (utils) StdoutLine: {'line': b'-- Installing: /uros_ws/Brain_DEI/brain/install/utils/lib/python3.12/site-packages/utils/_utils_s.ep.rosidl_typesupport_fastrtps_c.c\n'}
[1.301493] (-) TimerEvent: {}
[1.347990] (utils) StdoutLine: {'line': b"Listing '/uros_ws/Brain_DEI/brain/install/utils/lib/python3.12/site-packages/utils'...\n"}
[1.348470] (utils) StdoutLine: {'line': b"Listing '/uros_ws/Brain_DEI/brain/install/utils/lib/python3.12/site-packages/utils/msg'...\n"}
[1.348810] (utils) StdoutLine: {'line': b"Listing '/uros_ws/Brain_DEI/brain/install/utils/lib/python3.12/site-packages/utils/srv'...\n"}
[1.362875] (utils) StdoutLine: {'line': b'-- Installing: /uros_ws/Brain_DEI/brain/install/utils/lib/python3.12/site-packages/utils/utils_s__rosidl_typesupport_fastrtps_c.so\n'}
[1.363903] (utils) StdoutLine: {'line': b'-- Set non-toolchain portion of runtime path of "/uros_ws/Brain_DEI/brain/install/utils/lib/python3.12/site-packages/utils/utils_s__rosidl_typesupport_fastrtps_c.so" to ""\n'}
[1.364520] (utils) StdoutLine: {'line': b'-- Installing: /uros_ws/Brain_DEI/brain/install/utils/lib/python3.12/site-packages/utils/utils_s__rosidl_typesupport_introspection_c.so\n'}
[1.365450] (utils) StdoutLine: {'line': b'-- Set non-toolchain portion of runtime path of "/uros_ws/Brain_DEI/brain/install/utils/lib/python3.12/site-packages/utils/utils_s__rosidl_typesupport_introspection_c.so" to ""\n'}
[1.366008] (utils) StdoutLine: {'line': b'-- Installing: /uros_ws/Brain_DEI/brain/install/utils/lib/python3.12/site-packages/utils/utils_s__rosidl_typesupport_c.so\n'}
[1.367016] (utils) StdoutLine: {'line': b'-- Set non-toolchain portion of runtime path of "/uros_ws/Brain_DEI/brain/install/utils/lib/python3.12/site-packages/utils/utils_s__rosidl_typesupport_c.so" to ""\n'}
[1.367451] (utils) StdoutLine: {'line': b'-- Installing: /uros_ws/Brain_DEI/brain/install/utils/lib/libutils__rosidl_generator_py.so\n'}
[1.369799] (utils) StdoutLine: {'line': b'-- Set non-toolchain portion of runtime path of "/uros_ws/Brain_DEI/brain/install/utils/lib/libutils__rosidl_generator_py.so" to ""\n'}
[1.370182] (utils) StdoutLine: {'line': b'-- Installing: /uros_ws/Brain_DEI/brain/install/utils/share/utils/msg/IMU.idl\n'}
[1.371082] (utils) StdoutLine: {'line': b'-- Installing: /uros_ws/Brain_DEI/brain/install/utils/share/utils/msg/Localisation.idl\n'}
[1.371852] (utils) StdoutLine: {'line': b'-- Installing: /uros_ws/Brain_DEI/brain/install/utils/share/utils/msg/Vehicles.idl\n'}
[1.372732] (utils) StdoutLine: {'line': b'-- Installing: /uros_ws/Brain_DEI/brain/install/utils/share/utils/msg/Environmental.idl\n'}
[1.373665] (utils) StdoutLine: {'line': b'-- Installing: /uros_ws/Brain_DEI/brain/install/utils/share/utils/msg/Log.idl\n'}
[1.374618] (utils) StdoutLine: {'line': b'-- Installing: /uros_ws/Brain_DEI/brain/install/utils/share/utils/msg/TopicInfo.idl\n'}
[1.375461] (utils) StdoutLine: {'line': b'-- Installing: /uros_ws/Brain_DEI/brain/install/utils/share/utils/msg/Semaphore.idl\n'}
[1.376202] (utils) StdoutLine: {'line': b'-- Installing: /uros_ws/Brain_DEI/brain/install/utils/share/utils/msg/Conditions.idl\n'}
[1.376927] (utils) StdoutLine: {'line': b'-- Installing: /uros_ws/Brain_DEI/brain/install/utils/share/utils/msg/Trafficsignprediction.idl\n'}
[1.377621] (utils) StdoutLine: {'line': b'-- Installing: /uros_ws/Brain_DEI/brain/install/utils/share/utils/srv/Subscribing.idl\n'}
[1.378267] (utils) StdoutLine: {'line': b'-- Installing: /uros_ws/Brain_DEI/brain/install/utils/share/utils/srv/RequestParam.idl\n'}
[1.378980] (utils) StdoutLine: {'line': b'-- Installing: /uros_ws/Brain_DEI/brain/install/utils/share/utils/msg/IMU.msg\n'}
[1.379610] (utils) StdoutLine: {'line': b'-- Installing: /uros_ws/Brain_DEI/brain/install/utils/share/utils/msg/Localisation.msg\n'}
[1.380372] (utils) StdoutLine: {'line': b'-- Installing: /uros_ws/Brain_DEI/brain/install/utils/share/utils/msg/Vehicles.msg\n'}
[1.381103] (utils) StdoutLine: {'line': b'-- Installing: /uros_ws/Brain_DEI/brain/install/utils/share/utils/msg/Environmental.msg\n'}
[1.381809] (utils) StdoutLine: {'line': b'-- Installing: /uros_ws/Brain_DEI/brain/install/utils/share/utils/msg/Log.msg\n'}
[1.382417] (utils) StdoutLine: {'line': b'-- Installing: /uros_ws/Brain_DEI/brain/install/utils/share/utils/msg/TopicInfo.msg\n'}
[1.383056] (utils) StdoutLine: {'line': b'-- Installing: /uros_ws/Brain_DEI/brain/install/utils/share/utils/msg/Semaphore.msg\n'}
[1.383762] (utils) StdoutLine: {'line': b'-- Installing: /uros_ws/Brain_DEI/brain/install/utils/share/utils/msg/Conditions.msg\n'}
[1.384369] (utils) StdoutLine: {'line': b'-- Installing: /uros_ws/Brain_DEI/brain/install/utils/share/utils/msg/Trafficsignprediction.msg\n'}
[1.385104] (utils) StdoutLine: {'line': b'-- Installing: /uros_ws/Brain_DEI/brain/install/utils/share/utils/srv/Subscribing.srv\n'}
[1.385836] (utils) StdoutLine: {'line': b'-- Installing: /uros_ws/Brain_DEI/brain/install/utils/share/utils/srv/RequestParam.srv\n'}
[1.386544] (utils) StdoutLine: {'line': b'-- Up-to-date: /uros_ws/Brain_DEI/brain/install/utils/share/utils/launch\n'}
[1.386907] (utils) StdoutLine: {'line': b'-- Installing: /uros_ws/Brain_DEI/brain/install/utils/share/utils/launch/run_automobile.launch.py\n'}
[1.387394] (utils) StdoutLine: {'line': b'-- Installing: /uros_ws/Brain_DEI/brain/install/utils/share/ament_index/resource_index/package_run_dependencies/utils\n'}
[1.388073] (utils) StdoutLine: {'line': b'-- Installing: /uros_ws/Brain_DEI/brain/install/utils/share/ament_index/resource_index/parent_prefix_path/utils\n'}
[1.389053] (utils) StdoutLine: {'line': b'-- Installing: /uros_ws/Brain_DEI/brain/install/utils/share/utils/environment/ament_prefix_path.dsv\n'}
[1.389994] (utils) StdoutLine: {'line': b'-- Installing: /uros_ws/Brain_DEI/brain/install/utils/share/utils/environment/path.dsv\n'}
[1.390847] (utils) StdoutLine: {'line': b'-- Installing: /uros_ws/Brain_DEI/brain/install/utils/share/utils/local_setup.bash\n'}
[1.391624] (utils) StdoutLine: {'line': b'-- Installing: /uros_ws/Brain_DEI/brain/install/utils/share/utils/local_setup.sh\n'}
[1.392311] (utils) StdoutLine: {'line': b'-- Installing: /uros_ws/Brain_DEI/brain/install/utils/share/utils/local_setup.zsh\n'}
[1.392970] (utils) StdoutLine: {'line': b'-- Installing: /uros_ws/Brain_DEI/brain/install/utils/share/utils/local_setup.dsv\n'}
[1.393623] (utils) StdoutLine: {'line': b'-- Installing: /uros_ws/Brain_DEI/brain/install/utils/share/utils/package.dsv\n'}
[1.394419] (utils) StdoutLine: {'line': b'-- Installing: /uros_ws/Brain_DEI/brain/install/utils/share/ament_index/resource_index/packages/utils\n'}
[1.395686] (utils) StdoutLine: {'line': b'-- Up-to-date: /uros_ws/Brain_DEI/brain/install/utils/share/utils/cmake/export_utils__rosidl_generator_cExport.cmake\n'}
[1.396053] (utils) StdoutLine: {'line': b'-- Up-to-date: /uros_ws/Brain_DEI/brain/install/utils/share/utils/cmake/export_utils__rosidl_generator_cExport-noconfig.cmake\n'}
[1.396403] (utils) StdoutLine: {'line': b'-- Up-to-date: /uros_ws/Brain_DEI/brain/install/utils/share/utils/cmake/export_utils__rosidl_typesupport_fastrtps_cExport.cmake\n'}
[1.396739] (utils) StdoutLine: {'line': b'-- Up-to-date: /uros_ws/Brain_DEI/brain/install/utils/share/utils/cmake/export_utils__rosidl_typesupport_fastrtps_cExport-noconfig.cmake\n'}
[1.397088] (utils) StdoutLine: {'line': b'-- Up-to-date: /uros_ws/Brain_DEI/brain/install/utils/share/utils/cmake/utils__rosidl_typesupport_introspection_cExport.cmake\n'}
[1.397440] (utils) StdoutLine: {'line': b'-- Up-to-date: /uros_ws/Brain_DEI/brain/install/utils/share/utils/cmake/utils__rosidl_typesupport_introspection_cExport-noconfig.cmake\n'}
[1.397825] (utils) StdoutLine: {'line': b'-- Up-to-date: /uros_ws/Brain_DEI/brain/install/utils/share/utils/cmake/utils__rosidl_typesupport_cExport.cmake\n'}
[1.398131] (utils) StdoutLine: {'line': b'-- Up-to-date: /uros_ws/Brain_DEI/brain/install/utils/share/utils/cmake/utils__rosidl_typesupport_cExport-noconfig.cmake\n'}
[1.398529] (utils) StdoutLine: {'line': b'-- Up-to-date: /uros_ws/Brain_DEI/brain/install/utils/share/utils/cmake/export_utils__rosidl_generator_cppExport.cmake\n'}
[1.398905] (utils) StdoutLine: {'line': b'-- Up-to-date: /uros_ws/Brain_DEI/brain/install/utils/share/utils/cmake/export_utils__rosidl_typesupport_fastrtps_cppExport.cmake\n'}
[1.399261] (utils) StdoutLine: {'line': b'-- Up-to-date: /uros_ws/Brain_DEI/brain/install/utils/share/utils/cmake/export_utils__rosidl_typesupport_fastrtps_cppExport-noconfig.cmake\n'}
[1.399660] (utils) StdoutLine: {'line': b'-- Up-to-date: /uros_ws/Brain_DEI/brain/install/utils/share/utils/cmake/utils__rosidl_typesupport_introspection_cppExport.cmake\n'}
[1.399969] (utils) StdoutLine: {'line': b'-- Up-to-date: /uros_ws/Brain_DEI/brain/install/utils/share/utils/cmake/utils__rosidl_typesupport_introspection_cppExport-noconfig.cmake\n'}
[1.400356] (utils) StdoutLine: {'line': b'-- Up-to-date: /uros_ws/Brain_DEI/brain/install/utils/share/utils/cmake/utils__rosidl_typesupport_cppExport.cmake\n'}
[1.400665] (utils) StdoutLine: {'line': b'-- Up-to-date: /uros_ws/Brain_DEI/brain/install/utils/share/utils/cmake/utils__rosidl_typesupport_cppExport-noconfig.cmake\n'}
[1.401056] (utils) StdoutLine: {'line': b'-- Up-to-date: /uros_ws/Brain_DEI/brain/install/utils/share/utils/cmake/export_utils__rosidl_generator_pyExport.cmake\n'}
[1.401396] (utils) StdoutLine: {'line': b'-- Up-to-date: /uros_ws/Brain_DEI/brain/install/utils/share/utils/cmake/export_utils__rosidl_generator_pyExport-noconfig.cmake\n'}
[1.401684] (-) TimerEvent: {}
[1.401971] (utils) StdoutLine: {'line': b'-- Installing: /uros_ws/Brain_DEI/brain/install/utils/share/utils/cmake/rosidl_cmake-extras.cmake\n'}
[1.402313] (utils) StdoutLine: {'line': b'-- Installing: /uros_ws/Brain_DEI/brain/install/utils/share/utils/cmake/ament_cmake_export_dependencies-extras.cmake\n'}
[1.402817] (utils) StdoutLine: {'line': b'-- Installing: /uros_ws/Brain_DEI/brain/install/utils/share/utils/cmake/ament_cmake_export_include_directories-extras.cmake\n'}
[1.403432] (utils) StdoutLine: {'line': b'-- Installing: /uros_ws/Brain_DEI/brain/install/utils/share/utils/cmake/ament_cmake_export_libraries-extras.cmake\n'}
[1.404277] (utils) StdoutLine: {'line': b'-- Installing: /uros_ws/Brain_DEI/brain/install/utils/share/utils/cmake/ament_cmake_export_targets-extras.cmake\n'}
[1.405059] (utils) StdoutLine: {'line': b'-- Installing: /uros_ws/Brain_DEI/brain/install/utils/share/utils/cmake/rosidl_cmake_export_typesupport_targets-extras.cmake\n'}
[1.405997] (utils) StdoutLine: {'line': b'-- Installing: /uros_ws/Brain_DEI/brain/install/utils/share/utils/cmake/rosidl_cmake_export_typesupport_libraries-extras.cmake\n'}
[1.406922] (utils) StdoutLine: {'line': b'-- Installing: /uros_ws/Brain_DEI/brain/install/utils/share/utils/cmake/utilsConfig.cmake\n'}
[1.407651] (utils) StdoutLine: {'line': b'-- Installing: /uros_ws/Brain_DEI/brain/install/utils/share/utils/cmake/utilsConfig-version.cmake\n'}
[1.408473] (utils) StdoutLine: {'line': b'-- Installing: /uros_ws/Brain_DEI/brain/install/utils/share/utils/package.xml\n'}
[1.414193] (utils) CommandEnded: {'returncode': 0}
[1.498462] (utils) JobEnded: {'identifier': 'utils', 'rc': 0}
[1.501376] (input) JobStarted: {'identifier': 'input'}
[1.501775] (-) TimerEvent: {}
[1.511540] (output) JobStarted: {'identifier': 'output'}
[1.522821] (unix_out) JobStarted: {'identifier': 'unix_out'}
[1.601986] (-) TimerEvent: {}
[1.702696] (-) TimerEvent: {}
[1.803474] (-) TimerEvent: {}
[1.904195] (-) TimerEvent: {}
[2.004861] (-) TimerEvent: {}
[2.105582] (-) TimerEvent: {}
[2.206176] (-) TimerEvent: {}
[2.306724] (-) TimerEvent: {}
[2.407198] (-) TimerEvent: {}
[2.507659] (-) TimerEvent: {}
[2.608124] (-) TimerEvent: {}
[2.708695] (-) TimerEvent: {}
[2.809199] (-) TimerEvent: {}
[2.909706] (-) TimerEvent: {}
[3.010285] (-) TimerEvent: {}
[3.111481] (-) TimerEvent: {}
[3.212281] (-) TimerEvent: {}
[3.312868] (-) TimerEvent: {}
[3.413454] (-) TimerEvent: {}
[3.514057] (-) TimerEvent: {}
[3.614652] (-) TimerEvent: {}
[3.715363] (-) TimerEvent: {}
[3.815928] (-) TimerEvent: {}
[3.916545] (-) TimerEvent: {}
[4.017112] (-) TimerEvent: {}
[4.117681] (-) TimerEvent: {}
[4.218227] (-) TimerEvent: {}
[4.318796] (-) TimerEvent: {}
[4.419331] (-) TimerEvent: {}
[4.519917] (-) TimerEvent: {}
[4.612066] (input) Command: {'cmd': ['/usr/bin/python3', '-W', 'ignore:setup.py install is deprecated', '-W', 'ignore:easy_install command is deprecated', 'setup.py', 'egg_info', '--egg-base', '../../build/input', 'build', '--build-base', '/uros_ws/Brain_DEI/brain/build/input/build', 'install', '--record', '/uros_ws/Brain_DEI/brain/build/input/install.log', '--single-version-externally-managed', 'install_data'], 'cwd': '/uros_ws/Brain_DEI/brain/src/input', 'env': {'LESSOPEN': '| /usr/bin/lesspipe %s', 'HOSTNAME': 'ubuntu', 'SHLVL': '1', 'LD_LIBRARY_PATH': '/uros_ws/Brain_DEI/brain/install/utils/lib:/uros_ws/install/micro_ros_agent/lib:/uros_ws/install/micro_ros_msgs/lib:/opt/ros/jazzy/opt/rviz_ogre_vendor/lib:/opt/ros/jazzy/lib/aarch64-linux-gnu:/opt/ros/jazzy/opt/gz_math_vendor/lib:/opt/ros/jazzy/opt/gz_utils_vendor/lib:/opt/ros/jazzy/opt/gz_cmake_vendor/lib:/opt/ros/jazzy/lib', 'HOME': '/root', 'OLDPWD': '/uros_ws/Brain_DEI', 'MICROROS_DISABLE_SHM': '1', 'ROS_PYTHON_VERSION': '3', 'COLCON_PREFIX_PATH': '/uros_ws/install', 'ROS_DISTRO': 'jazzy', 'IGN_GAZEBO_MODEL_PATH': '/opt/ros/jazzy/share', '_': '/usr/bin/colcon', 'ROS_VERSION': '2', 'TERM': 'xterm', 'GAZEBO_MODEL_PATH': '/opt/ros/jazzy/share', 'PATH': '/opt/ros/jazzy/bin:/usr/local/sbin:/usr/local/bin:/usr/sbin:/usr/bin:/sbin:/bin', 'LANG': 'C.UTF-8', 'RMW_IMPLEMENTATION': 'rmw_fastrtps_cpp', 'LS_COLORS': 'rs=0:di=01;34:ln=01;36:mh=00:pi=40;33:so=01;35:do=01;35:bd=40;33;01:cd=40;33;01:or=40;31;01:mi=00:su=37;41:sg=30;43:ca=00:tw=30;42:ow=34;42:st=37;44:ex=01;32:*.tar=01;31:*.tgz=01;31:*.arc=01;31:*.arj=01;31:*.taz=01;31:*.lha=01;31:*.lz4=01;31:*.lzh=01;31:*.lzma=01;31:*.tlz=01;31:*.txz=01;31:*.tzo=01;31:*.t7z=01;31:*.zip=01;31:*.z=01;31:*.dz=01;31:*.gz=01;31:*.lrz=01;31:*.lz=01;31:*.lzo=01;31:*.xz=01;31:*.zst=01;31:*.tzst=01;31:*.bz2=01;31:*.bz=01;31:*.tbz=01;31:*.tbz2=01;31:*.tz=01;31:*.deb=01;31:*.rpm=01;31:*.jar=01;31:*.war=01;31:*.ear=01;31:*.sar=01;31:*.rar=01;31:*.alz=01;31:*.ace=01;31:*.zoo=01;31:*.cpio=01;31:*.7z=01;31:*.rz=01;31:*.cab=01;31:*.wim=01;31:*.swm=01;31:*.dwm=01;31:*.esd=01;31:*.avif=01;35:*.jpg=01;35:*.jpeg=01;35:*.mjpg=01;35:*.mjpeg=01;35:*.gif=01;35:*.bmp=01;35:*.pbm=01;35:*.pgm=01;35:*.ppm=01;35:*.tga=01;35:*.xbm=01;35:*.xpm=01;35:*.tif=01;35:*.tiff=01;35:*.png=01;35:*.svg=01;35:*.svgz=01;35:*.mng=01;35:*.pcx=01;35:*.mov=01;35:*.mpg=01;35:*.mpeg=01;35:*.m2v=01;35:*.mkv=01;35:*.webm=01;35:*.webp=01;35:*.ogm=01;35:*.mp4=01;35:*.m4v=01;35:*.mp4v=01;35:*.vob=01;35:*.qt=01;35:*.nuv=01;35:*.wmv=01;35:*.asf=01;35:*.rm=01;35:*.rmvb=01;35:*.flc=01;35:*.avi=01;35:*.fli=01;35:*.flv=01;35:*.gl=01;35:*.dl=01;35:*.xcf=01;35:*.xwd=01;35:*.yuv=01;35:*.cgm=01;35:*.emf=01;35:*.ogv=01;35:*.ogx=01;35:*.aac=00;36:*.au=00;36:*.flac=00;36:*.m4a=00;36:*.mid=00;36:*.midi=00;36:*.mka=00;36:*.mp3=00;36:*.mpc=00;36:*.ogg=00;36:*.ra=00;36:*.wav=00;36:*.oga=00;36:*.opus=00;36:*.spx=00;36:*.xspf=00;36:*~=00;90:*#=00;90:*.bak=00;90:*.crdownload=00;90:*.dpkg-dist=00;90:*.dpkg-new=00;90:*.dpkg-old=00;90:*.dpkg-tmp=00;90:*.old=00;90:*.orig=00;90:*.part=00;90:*.rej=00;90:*.rpmnew=00;90:*.rpmorig=00;90:*.rpmsave=00;90:*.swp=00;90:*.tmp=00;90:*.ucf-dist=00;90:*.ucf-new=00;90:*.ucf-old=00;90:', 'AMENT_PREFIX_PATH': '/uros_ws/Brain_DEI/brain/install/utils:/uros_ws/install/micro_ros_agent:/uros_ws/install/micro_ros_msgs:/opt/ros/jazzy', 'LESSCLOSE': '/usr/bin/lesspipe %s %s', 'IGN_GAZEBO_RESOURCE_PATH': '/opt/ros/jazzy/share', 'GAZEBO_RESOURCE_PATH': '/opt/ros/jazzy/share', 'ROS_AUTOMATIC_DISCOVERY_RANGE': 'SUBNET', 'PWD': '/uros_ws/Brain_DEI/brain/build/input', 'LC_ALL': 'C.UTF-8', 'PYTHONPATH': '/uros_ws/Brain_DEI/brain/build/input/prefix_override:/usr/lib/python3/dist-packages/colcon_core/task/python/colcon_distutils_commands:/uros_ws/Brain_DEI/brain/install/input/lib/python3.12/site-packages:/uros_ws/Brain_DEI/brain/install/utils/lib/python3.12/site-packages:/uros_ws/install/micro_ros_msgs/lib/python3.12/site-packages:/opt/ros/jazzy/lib/python3.12/site-packages', 'COLCON': '1', 'CMAKE_PREFIX_PATH': '/uros_ws/Brain_DEI/brain/install/utils:/uros_ws/install/micro_ros_agent:/uros_ws/install/micro_ros_msgs:/opt/ros/jazzy/opt/gz_math_vendor:/opt/ros/jazzy/opt/gz_utils_vendor:/opt/ros/jazzy/opt/gz_cmake_vendor'}, 'shell': False}
[4.620552] (output) Command: {'cmd': ['/usr/bin/python3', '-W', 'ignore:setup.py install is deprecated', '-W', 'ignore:easy_install command is deprecated', 'setup.py', 'egg_info', '--egg-base', '../../../build/output', 'build', '--build-base', '/uros_ws/Brain_DEI/brain/build/output/build', 'install', '--record', '/uros_ws/Brain_DEI/brain/build/output/install.log', '--single-version-externally-managed', 'install_data'], 'cwd': '/uros_ws/Brain_DEI/brain/src/smart/output', 'env': {'LESSOPEN': '| /usr/bin/lesspipe %s', 'HOSTNAME': 'ubuntu', 'SHLVL': '1', 'LD_LIBRARY_PATH': '/uros_ws/Brain_DEI/brain/install/utils/lib:/uros_ws/install/micro_ros_agent/lib:/uros_ws/install/micro_ros_msgs/lib:/opt/ros/jazzy/opt/rviz_ogre_vendor/lib:/opt/ros/jazzy/lib/aarch64-linux-gnu:/opt/ros/jazzy/opt/gz_math_vendor/lib:/opt/ros/jazzy/opt/gz_utils_vendor/lib:/opt/ros/jazzy/opt/gz_cmake_vendor/lib:/opt/ros/jazzy/lib', 'HOME': '/root', 'OLDPWD': '/uros_ws/Brain_DEI', 'MICROROS_DISABLE_SHM': '1', 'ROS_PYTHON_VERSION': '3', 'COLCON_PREFIX_PATH': '/uros_ws/install', 'ROS_DISTRO': 'jazzy', 'IGN_GAZEBO_MODEL_PATH': '/opt/ros/jazzy/share', '_': '/usr/bin/colcon', 'ROS_VERSION': '2', 'TERM': 'xterm', 'GAZEBO_MODEL_PATH': '/opt/ros/jazzy/share', 'PATH': '/opt/ros/jazzy/bin:/usr/local/sbin:/usr/local/bin:/usr/sbin:/usr/bin:/sbin:/bin', 'LANG': 'C.UTF-8', 'RMW_IMPLEMENTATION': 'rmw_fastrtps_cpp', 'LS_COLORS': 'rs=0:di=01;34:ln=01;36:mh=00:pi=40;33:so=01;35:do=01;35:bd=40;33;01:cd=40;33;01:or=40;31;01:mi=00:su=37;41:sg=30;43:ca=00:tw=30;42:ow=34;42:st=37;44:ex=01;32:*.tar=01;31:*.tgz=01;31:*.arc=01;31:*.arj=01;31:*.taz=01;31:*.lha=01;31:*.lz4=01;31:*.lzh=01;31:*.lzma=01;31:*.tlz=01;31:*.txz=01;31:*.tzo=01;31:*.t7z=01;31:*.zip=01;31:*.z=01;31:*.dz=01;31:*.gz=01;31:*.lrz=01;31:*.lz=01;31:*.lzo=01;31:*.xz=01;31:*.zst=01;31:*.tzst=01;31:*.bz2=01;31:*.bz=01;31:*.tbz=01;31:*.tbz2=01;31:*.tz=01;31:*.deb=01;31:*.rpm=01;31:*.jar=01;31:*.war=01;31:*.ear=01;31:*.sar=01;31:*.rar=01;31:*.alz=01;31:*.ace=01;31:*.zoo=01;31:*.cpio=01;31:*.7z=01;31:*.rz=01;31:*.cab=01;31:*.wim=01;31:*.swm=01;31:*.dwm=01;31:*.esd=01;31:*.avif=01;35:*.jpg=01;35:*.jpeg=01;35:*.mjpg=01;35:*.mjpeg=01;35:*.gif=01;35:*.bmp=01;35:*.pbm=01;35:*.pgm=01;35:*.ppm=01;35:*.tga=01;35:*.xbm=01;35:*.xpm=01;35:*.tif=01;35:*.tiff=01;35:*.png=01;35:*.svg=01;35:*.svgz=01;35:*.mng=01;35:*.pcx=01;35:*.mov=01;35:*.mpg=01;35:*.mpeg=01;35:*.m2v=01;35:*.mkv=01;35:*.webm=01;35:*.webp=01;35:*.ogm=01;35:*.mp4=01;35:*.m4v=01;35:*.mp4v=01;35:*.vob=01;35:*.qt=01;35:*.nuv=01;35:*.wmv=01;35:*.asf=01;35:*.rm=01;35:*.rmvb=01;35:*.flc=01;35:*.avi=01;35:*.fli=01;35:*.flv=01;35:*.gl=01;35:*.dl=01;35:*.xcf=01;35:*.xwd=01;35:*.yuv=01;35:*.cgm=01;35:*.emf=01;35:*.ogv=01;35:*.ogx=01;35:*.aac=00;36:*.au=00;36:*.flac=00;36:*.m4a=00;36:*.mid=00;36:*.midi=00;36:*.mka=00;36:*.mp3=00;36:*.mpc=00;36:*.ogg=00;36:*.ra=00;36:*.wav=00;36:*.oga=00;36:*.opus=00;36:*.spx=00;36:*.xspf=00;36:*~=00;90:*#=00;90:*.bak=00;90:*.crdownload=00;90:*.dpkg-dist=00;90:*.dpkg-new=00;90:*.dpkg-old=00;90:*.dpkg-tmp=00;90:*.old=00;90:*.orig=00;90:*.part=00;90:*.rej=00;90:*.rpmnew=00;90:*.rpmorig=00;90:*.rpmsave=00;90:*.swp=00;90:*.tmp=00;90:*.ucf-dist=00;90:*.ucf-new=00;90:*.ucf-old=00;90:', 'AMENT_PREFIX_PATH': '/uros_ws/Brain_DEI/brain/install/utils:/uros_ws/install/micro_ros_agent:/uros_ws/install/micro_ros_msgs:/opt/ros/jazzy', 'LESSCLOSE': '/usr/bin/lesspipe %s %s', 'IGN_GAZEBO_RESOURCE_PATH': '/opt/ros/jazzy/share', 'GAZEBO_RESOURCE_PATH': '/opt/ros/jazzy/share', 'ROS_AUTOMATIC_DISCOVERY_RANGE': 'SUBNET', 'PWD': '/uros_ws/Brain_DEI/brain/build/output', 'LC_ALL': 'C.UTF-8', 'PYTHONPATH': '/uros_ws/Brain_DEI/brain/build/output/prefix_override:/usr/lib/python3/dist-packages/colcon_core/task/python/colcon_distutils_commands:/uros_ws/Brain_DEI/brain/install/output/lib/python3.12/site-packages:/uros_ws/Brain_DEI/brain/install/utils/lib/python3.12/site-packages:/uros_ws/install/micro_ros_msgs/lib/python3.12/site-packages:/opt/ros/jazzy/lib/python3.12/site-packages', 'COLCON': '1', 'CMAKE_PREFIX_PATH': '/uros_ws/Brain_DEI/brain/install/utils:/uros_ws/install/micro_ros_agent:/uros_ws/install/micro_ros_msgs:/opt/ros/jazzy/opt/gz_math_vendor:/opt/ros/jazzy/opt/gz_utils_vendor:/opt/ros/jazzy/opt/gz_cmake_vendor'}, 'shell': False}
[4.623748] (-) TimerEvent: {}
[4.627821] (unix_out) Command: {'cmd': ['/usr/bin/python3', '-W', 'ignore:setup.py install is deprecated', '-W', 'ignore:easy_install command is deprecated', 'setup.py', 'egg_info', '--egg-base', '../../build/unix_out', 'build', '--build-base', '/uros_ws/Brain_DEI/brain/build/unix_out/build', 'install', '--record', '/uros_ws/Brain_DEI/brain/build/unix_out/install.log', '--single-version-externally-managed', 'install_data'], 'cwd': '/uros_ws/Brain_DEI/brain/src/unix_out', 'env': {'LESSOPEN': '| /usr/bin/lesspipe %s', 'HOSTNAME': 'ubuntu', 'SHLVL': '1', 'LD_LIBRARY_PATH': '/uros_ws/Brain_DEI/brain/install/utils/lib:/uros_ws/install/micro_ros_agent/lib:/uros_ws/install/micro_ros_msgs/lib:/opt/ros/jazzy/opt/rviz_ogre_vendor/lib:/opt/ros/jazzy/lib/aarch64-linux-gnu:/opt/ros/jazzy/opt/gz_math_vendor/lib:/opt/ros/jazzy/opt/gz_utils_vendor/lib:/opt/ros/jazzy/opt/gz_cmake_vendor/lib:/opt/ros/jazzy/lib', 'HOME': '/root', 'OLDPWD': '/uros_ws/Brain_DEI', 'MICROROS_DISABLE_SHM': '1', 'ROS_PYTHON_VERSION': '3', 'COLCON_PREFIX_PATH': '/uros_ws/install', 'ROS_DISTRO': 'jazzy', 'IGN_GAZEBO_MODEL_PATH': '/opt/ros/jazzy/share', '_': '/usr/bin/colcon', 'ROS_VERSION': '2', 'TERM': 'xterm', 'GAZEBO_MODEL_PATH': '/opt/ros/jazzy/share', 'PATH': '/opt/ros/jazzy/bin:/usr/local/sbin:/usr/local/bin:/usr/sbin:/usr/bin:/sbin:/bin', 'LANG': 'C.UTF-8', 'RMW_IMPLEMENTATION': 'rmw_fastrtps_cpp', 'LS_COLORS': 'rs=0:di=01;34:ln=01;36:mh=00:pi=40;33:so=01;35:do=01;35:bd=40;33;01:cd=40;33;01:or=40;31;01:mi=00:su=37;41:sg=30;43:ca=00:tw=30;42:ow=34;42:st=37;44:ex=01;32:*.tar=01;31:*.tgz=01;31:*.arc=01;31:*.arj=01;31:*.taz=01;31:*.lha=01;31:*.lz4=01;31:*.lzh=01;31:*.lzma=01;31:*.tlz=01;31:*.txz=01;31:*.tzo=01;31:*.t7z=01;31:*.zip=01;31:*.z=01;31:*.dz=01;31:*.gz=01;31:*.lrz=01;31:*.lz=01;31:*.lzo=01;31:*.xz=01;31:*.zst=01;31:*.tzst=01;31:*.bz2=01;31:*.bz=01;31:*.tbz=01;31:*.tbz2=01;31:*.tz=01;31:*.deb=01;31:*.rpm=01;31:*.jar=01;31:*.war=01;31:*.ear=01;31:*.sar=01;31:*.rar=01;31:*.alz=01;31:*.ace=01;31:*.zoo=01;31:*.cpio=01;31:*.7z=01;31:*.rz=01;31:*.cab=01;31:*.wim=01;31:*.swm=01;31:*.dwm=01;31:*.esd=01;31:*.avif=01;35:*.jpg=01;35:*.jpeg=01;35:*.mjpg=01;35:*.mjpeg=01;35:*.gif=01;35:*.bmp=01;35:*.pbm=01;35:*.pgm=01;35:*.ppm=01;35:*.tga=01;35:*.xbm=01;35:*.xpm=01;35:*.tif=01;35:*.tiff=01;35:*.png=01;35:*.svg=01;35:*.svgz=01;35:*.mng=01;35:*.pcx=01;35:*.mov=01;35:*.mpg=01;35:*.mpeg=01;35:*.m2v=01;35:*.mkv=01;35:*.webm=01;35:*.webp=01;35:*.ogm=01;35:*.mp4=01;35:*.m4v=01;35:*.mp4v=01;35:*.vob=01;35:*.qt=01;35:*.nuv=01;35:*.wmv=01;35:*.asf=01;35:*.rm=01;35:*.rmvb=01;35:*.flc=01;35:*.avi=01;35:*.fli=01;35:*.flv=01;35:*.gl=01;35:*.dl=01;35:*.xcf=01;35:*.xwd=01;35:*.yuv=01;35:*.cgm=01;35:*.emf=01;35:*.ogv=01;35:*.ogx=01;35:*.aac=00;36:*.au=00;36:*.flac=00;36:*.m4a=00;36:*.mid=00;36:*.midi=00;36:*.mka=00;36:*.mp3=00;36:*.mpc=00;36:*.ogg=00;36:*.ra=00;36:*.wav=00;36:*.oga=00;36:*.opus=00;36:*.spx=00;36:*.xspf=00;36:*~=00;90:*#=00;90:*.bak=00;90:*.crdownload=00;90:*.dpkg-dist=00;90:*.dpkg-new=00;90:*.dpkg-old=00;90:*.dpkg-tmp=00;90:*.old=00;90:*.orig=00;90:*.part=00;90:*.rej=00;90:*.rpmnew=00;90:*.rpmorig=00;90:*.rpmsave=00;90:*.swp=00;90:*.tmp=00;90:*.ucf-dist=00;90:*.ucf-new=00;90:*.ucf-old=00;90:', 'AMENT_PREFIX_PATH': '/uros_ws/Brain_DEI/brain/install/utils:/uros_ws/install/micro_ros_agent:/uros_ws/install/micro_ros_msgs:/opt/ros/jazzy', 'LESSCLOSE': '/usr/bin/lesspipe %s %s', 'IGN_GAZEBO_RESOURCE_PATH': '/opt/ros/jazzy/share', 'GAZEBO_RESOURCE_PATH': '/opt/ros/jazzy/share', 'ROS_AUTOMATIC_DISCOVERY_RANGE': 'SUBNET', 'PWD': '/uros_ws/Brain_DEI/brain/build/unix_out', 'LC_ALL': 'C.UTF-8', 'PYTHONPATH': '/uros_ws/Brain_DEI/brain/build/unix_out/prefix_override:/usr/lib/python3/dist-packages/colcon_core/task/python/colcon_distutils_commands:/uros_ws/Brain_DEI/brain/install/unix_out/lib/python3.12/site-packages:/uros_ws/Brain_DEI/brain/install/utils/lib/python3.12/site-packages:/uros_ws/install/micro_ros_msgs/lib/python3.12/site-packages:/opt/ros/jazzy/lib/python3.12/site-packages', 'COLCON': '1', 'CMAKE_PREFIX_PATH': '/uros_ws/Brain_DEI/brain/install/utils:/uros_ws/install/micro_ros_agent:/uros_ws/install/micro_ros_msgs:/opt/ros/jazzy/opt/gz_math_vendor:/opt/ros/jazzy/opt/gz_utils_vendor:/opt/ros/jazzy/opt/gz_cmake_vendor'}, 'shell': False}
[4.723912] (-) TimerEvent: {}
[4.824493] (-) TimerEvent: {}
[4.925086] (-) TimerEvent: {}
[5.025645] (-) TimerEvent: {}
[5.126239] (-) TimerEvent: {}
[5.226864] (-) TimerEvent: {}
[5.259541] (unix_out) StdoutLine: {'line': b'running egg_info\n'}
[5.260284] (output) StdoutLine: {'line': b'running egg_info\n'}
[5.260576] (input) StdoutLine: {'line': b'running egg_info\n'}
[5.302865] (unix_out) StdoutLine: {'line': b'writing ../../build/unix_out/unix_out.egg-info/PKG-INFO\n'}
[5.303399] (output) StdoutLine: {'line': b'writing ../../../build/output/output.egg-info/PKG-INFO\n'}
[5.303681] (input) StdoutLine: {'line': b'writing ../../build/input/input.egg-info/PKG-INFO\n'}
[5.304396] (unix_out) StdoutLine: {'line': b'writing dependency_links to ../../build/unix_out/unix_out.egg-info/dependency_links.txt\n'}
[5.304775] (input) StdoutLine: {'line': b'writing dependency_links to ../../build/input/input.egg-info/dependency_links.txt\n'}
[5.304995] (output) StdoutLine: {'line': b'writing dependency_links to ../../../build/output/output.egg-info/dependency_links.txt\n'}
[5.305326] (input) StdoutLine: {'line': b'writing entry points to ../../build/input/input.egg-info/entry_points.txt\n'}
[5.305687] (output) StdoutLine: {'line': b'writing requirements to ../../../build/output/output.egg-info/requires.txt\n'}
[5.306022] (input) StdoutLine: {'line': b'writing requirements to ../../build/input/input.egg-info/requires.txt\n'}
[5.306219] (input) StdoutLine: {'line': b'writing top-level names to ../../build/input/input.egg-info/top_level.txt\n'}
[5.306468] (output) StdoutLine: {'line': b'writing top-level names to ../../../build/output/output.egg-info/top_level.txt\n'}
[5.306745] (unix_out) StdoutLine: {'line': b'writing entry points to ../../build/unix_out/unix_out.egg-info/entry_points.txt\n'}
[5.306954] (unix_out) StdoutLine: {'line': b'writing requirements to ../../build/unix_out/unix_out.egg-info/requires.txt\n'}
[5.307135] (unix_out) StdoutLine: {'line': b'writing top-level names to ../../build/unix_out/unix_out.egg-info/top_level.txt\n'}
[5.326962] (-) TimerEvent: {}
[5.394096] (unix_out) StdoutLine: {'line': b"reading manifest file '../../build/unix_out/unix_out.egg-info/SOURCES.txt'\n"}
[5.396276] (unix_out) StdoutLine: {'line': b"writing manifest file '../../build/unix_out/unix_out.egg-info/SOURCES.txt'\n"}
[5.396697] (unix_out) StdoutLine: {'line': b'running build\n'}
[5.396984] (unix_out) StdoutLine: {'line': b'running build_py\n'}
[5.398169] (output) StdoutLine: {'line': b"reading manifest file '../../../build/output/output.egg-info/SOURCES.txt'\n"}
[5.398533] (unix_out) StdoutLine: {'line': b'running install\n'}
[5.398746] (input) StdoutLine: {'line': b"reading manifest file '../../build/input/input.egg-info/SOURCES.txt'\n"}
[5.400428] (output) StdoutLine: {'line': b"writing manifest file '../../../build/output/output.egg-info/SOURCES.txt'\n"}
[5.400790] (output) StdoutLine: {'line': b'running build\n'}
[5.401053] (output) StdoutLine: {'line': b'running build_py\n'}
[5.401918] (input) StdoutLine: {'line': b"writing manifest file '../../build/input/input.egg-info/SOURCES.txt'\n"}
[5.402258] (input) StdoutLine: {'line': b'running build\n'}
[5.402569] (input) StdoutLine: {'line': b'running build_py\n'}
[5.403167] (output) StdoutLine: {'line': b'running install\n'}
[5.413027] (unix_out) StdoutLine: {'line': b'running install_lib\n'}
[5.418257] (output) StdoutLine: {'line': b'running install_lib\n'}
[5.419844] (input) StdoutLine: {'line': b'running install\n'}
[5.427054] (-) TimerEvent: {}
[5.434653] (input) StdoutLine: {'line': b'running install_lib\n'}
[5.459399] (unix_out) StdoutLine: {'line': b'running install_data\n'}
[5.459866] (unix_out) StdoutLine: {'line': b'running install_egg_info\n'}
[5.467606] (output) StdoutLine: {'line': b'running install_data\n'}
[5.467921] (output) StdoutLine: {'line': b'running install_egg_info\n'}
[5.489058] (input) StdoutLine: {'line': b'byte-compiling /uros_ws/Brain_DEI/brain/install/input/lib/python3.12/site-packages/templates/__init__.py to __init__.cpython-312.pyc\n'}
[5.490061] (input) StdoutLine: {'line': b'byte-compiling /uros_ws/Brain_DEI/brain/install/input/lib/python3.12/site-packages/templates/threadwithstop.py to threadwithstop.cpython-312.pyc\n'}
[5.491290] (input) StdoutLine: {'line': b'byte-compiling /uros_ws/Brain_DEI/brain/install/input/lib/python3.12/site-packages/templates/workerprocess.py to workerprocess.cpython-312.pyc\n'}
[5.494285] (input) StdoutLine: {'line': b'byte-compiling /uros_ws/Brain_DEI/brain/install/input/lib/python3.12/site-packages/data/Semaphores/__init__.py to __init__.cpython-312.pyc\n'}
[5.495102] (input) StdoutLine: {'line': b'byte-compiling /uros_ws/Brain_DEI/brain/install/input/lib/python3.12/site-packages/data/Semaphores/processSemaphores.py to processSemaphores.cpython-312.pyc\n'}
[5.496646] (input) StdoutLine: {'line': b'byte-compiling /uros_ws/Brain_DEI/brain/install/input/lib/python3.12/site-packages/data/Semaphores/threads/__init__.py to __init__.cpython-312.pyc\n'}
[5.497426] (input) StdoutLine: {'line': b'byte-compiling /uros_ws/Brain_DEI/brain/install/input/lib/python3.12/site-packages/data/Semaphores/threads/threadSemaphores.py to threadSemaphores.cpython-312.pyc\n'}
[5.498632] (input) StdoutLine: {'line': b'byte-compiling /uros_ws/Brain_DEI/brain/install/input/lib/python3.12/site-packages/data/Semaphores/threads/udpListener.py to udpListener.cpython-312.pyc\n'}
[5.499897] (input) StdoutLine: {'line': b'byte-compiling /uros_ws/Brain_DEI/brain/install/input/lib/python3.12/site-packages/data/trafficBridge.py to trafficBridge.cpython-312.pyc\n'}
[5.503173] (input) StdoutLine: {'line': b'byte-compiling /uros_ws/Brain_DEI/brain/install/input/lib/python3.12/site-packages/data/TrafficCommunication/__init__.py to __init__.cpython-312.pyc\n'}
[5.504149] (input) StdoutLine: {'line': b'byte-compiling /uros_ws/Brain_DEI/brain/install/input/lib/python3.12/site-packages/data/TrafficCommunication/useful/__init__.py to __init__.cpython-312.pyc\n'}
[5.504878] (input) StdoutLine: {'line': b'byte-compiling /uros_ws/Brain_DEI/brain/install/input/lib/python3.12/site-packages/data/TrafficCommunication/useful/sharedMem.py to sharedMem.cpython-312.pyc\n'}
[5.506688] (unix_out) StdoutLine: {'line': b"removing '/uros_ws/Brain_DEI/brain/install/unix_out/lib/python3.12/site-packages/unix_out-0.0.0-py3.12.egg-info' (and everything under it)\n"}
[5.506980] (input) StdoutLine: {'line': b'byte-compiling /uros_ws/Brain_DEI/brain/install/input/lib/python3.12/site-packages/data/TrafficCommunication/useful/periodicTask.py to periodicTask.cpython-312.pyc\n'}
[5.507701] (unix_out) StdoutLine: {'line': b'Copying ../../build/unix_out/unix_out.egg-info to /uros_ws/Brain_DEI/brain/install/unix_out/lib/python3.12/site-packages/unix_out-0.0.0-py3.12.egg-info\n'}
[5.507947] (input) StdoutLine: {'line': b'byte-compiling /uros_ws/Brain_DEI/brain/install/input/lib/python3.12/site-packages/data/TrafficCommunication/useful/keyDealer.py to keyDealer.cpython-312.pyc\n'}
[5.509829] (input) StdoutLine: {'line': b'byte-compiling /uros_ws/Brain_DEI/brain/install/input/lib/python3.12/site-packages/data/TrafficCommunication/threads/__init__.py to __init__.cpython-312.pyc\n'}
[5.510813] (input) StdoutLine: {'line': b'byte-compiling /uros_ws/Brain_DEI/brain/install/input/lib/python3.12/site-packages/data/TrafficCommunication/threads/threadTrafficCommunication.py to threadTrafficCommunication.cpython-312.pyc\n'}
[5.511102] (unix_out) StdoutLine: {'line': b'running install_scripts\n'}
[5.512242] (input) StdoutLine: {'line': b'byte-compiling /uros_ws/Brain_DEI/brain/install/input/lib/python3.12/site-packages/data/TrafficCommunication/threads/udpListener.py to udpListener.cpython-312.pyc\n'}
[5.513527] (input) StdoutLine: {'line': b'byte-compiling /uros_ws/Brain_DEI/brain/install/input/lib/python3.12/site-packages/data/TrafficCommunication/threads/tcpClient.py to tcpClient.cpython-312.pyc\n'}
[5.515889] (input) StdoutLine: {'line': b'byte-compiling /uros_ws/Brain_DEI/brain/install/input/lib/python3.12/site-packages/data/TrafficCommunication/processTrafficCommunication.py to processTrafficCommunication.cpython-312.pyc\n'}
[5.516379] (output) StdoutLine: {'line': b"removing '/uros_ws/Brain_DEI/brain/install/output/lib/python3.12/site-packages/output-0.0.0-py3.12.egg-info' (and everything under it)\n"}
[5.517312] (output) StdoutLine: {'line': b'Copying ../../../build/output/output.egg-info to /uros_ws/Brain_DEI/brain/install/output/lib/python3.12/site-packages/output-0.0.0-py3.12.egg-info\n'}
[5.517796] (input) StdoutLine: {'line': b'byte-compiling /uros_ws/Brain_DEI/brain/install/input/lib/python3.12/site-packages/src/__init__.py to __init__.cpython-312.pyc\n'}
[5.518904] (input) StdoutLine: {'line': b'byte-compiling /uros_ws/Brain_DEI/brain/install/input/lib/python3.12/site-packages/src/gpstracker/complexDealer.py to complexDealer.cpython-312.pyc\n'}
[5.520191] (input) StdoutLine: {'line': b'byte-compiling /uros_ws/Brain_DEI/brain/install/input/lib/python3.12/site-packages/src/gpstracker/__init__.py to __init__.cpython-312.pyc\n'}
[5.520444] (output) StdoutLine: {'line': b'running install_scripts\n'}
[5.520777] (input) StdoutLine: {'line': b'byte-compiling /uros_ws/Brain_DEI/brain/install/input/lib/python3.12/site-packages/src/gpstracker/gpstrackerNODE.py to gpstrackerNODE.cpython-312.pyc\n'}
[5.522517] (input) StdoutLine: {'line': b'byte-compiling /uros_ws/Brain_DEI/brain/install/input/lib/python3.12/site-packages/src/gpstracker/server_listener.py to server_listener.cpython-312.pyc\n'}
[5.523951] (input) StdoutLine: {'line': b'byte-compiling /uros_ws/Brain_DEI/brain/install/input/lib/python3.12/site-packages/src/gpstracker/locsys.py to locsys.cpython-312.pyc\n'}
[5.525310] (input) StdoutLine: {'line': b'byte-compiling /uros_ws/Brain_DEI/brain/install/input/lib/python3.12/site-packages/src/gpstracker/server_subscriber.py to server_subscriber.cpython-312.pyc\n'}
[5.526860] (input) StdoutLine: {'line': b'byte-compiling /uros_ws/Brain_DEI/brain/install/input/lib/python3.12/site-packages/src/gpstracker/server_data.py to server_data.cpython-312.pyc\n'}
[5.527092] (-) TimerEvent: {}
[5.527995] (input) StdoutLine: {'line': b'byte-compiling /uros_ws/Brain_DEI/brain/install/input/lib/python3.12/site-packages/src/gpstracker/util.py to util.cpython-312.pyc\n'}
[5.529769] (input) StdoutLine: {'line': b'byte-compiling /uros_ws/Brain_DEI/brain/install/input/lib/python3.12/site-packages/src/gpstracker/position_listener.py to position_listener.cpython-312.pyc\n'}
[5.531438] (input) StdoutLine: {'line': b'byte-compiling /uros_ws/Brain_DEI/brain/install/input/lib/python3.12/site-packages/src/templates/__init__.py to __init__.cpython-312.pyc\n'}
[5.532465] (input) StdoutLine: {'line': b'byte-compiling /uros_ws/Brain_DEI/brain/install/input/lib/python3.12/site-packages/src/templates/threadwithstop.py to threadwithstop.cpython-312.pyc\n'}
[5.533291] (input) StdoutLine: {'line': b'byte-compiling /uros_ws/Brain_DEI/brain/install/input/lib/python3.12/site-packages/src/templates/workerprocess.py to workerprocess.cpython-312.pyc\n'}
[5.535052] (input) StdoutLine: {'line': b'byte-compiling /uros_ws/Brain_DEI/brain/install/input/lib/python3.12/site-packages/src/utils/__init__.py to __init__.cpython-312.pyc\n'}
[5.535977] (input) StdoutLine: {'line': b'byte-compiling /uros_ws/Brain_DEI/brain/install/input/lib/python3.12/site-packages/src/utils/messages/__init__.py to __init__.cpython-312.pyc\n'}
[5.536685] (input) StdoutLine: {'line': b'byte-compiling /uros_ws/Brain_DEI/brain/install/input/lib/python3.12/site-packages/src/utils/messages/allMessages.py to allMessages.cpython-312.pyc\n'}
[5.539594] (input) StdoutLine: {'line': b'byte-compiling /uros_ws/Brain_DEI/brain/install/input/lib/python3.12/site-packages/src/utils/messages/messageHandlerSender.py to messageHandlerSender.cpython-312.pyc\n'}
[5.540513] (input) StdoutLine: {'line': b'byte-compiling /uros_ws/Brain_DEI/brain/install/input/lib/python3.12/site-packages/src/utils/messages/messageHandlerSubscriber.py to messageHandlerSubscriber.cpython-312.pyc\n'}
[5.542735] (input) StdoutLine: {'line': b'byte-compiling /uros_ws/Brain_DEI/brain/install/input/lib/python3.12/site-packages/src/utils/ipManager/__init__.py to __init__.cpython-312.pyc\n'}
[5.543523] (input) StdoutLine: {'line': b'byte-compiling /uros_ws/Brain_DEI/brain/install/input/lib/python3.12/site-packages/src/utils/ipManager/IpReplacement.py to IpReplacement.cpython-312.pyc\n'}
[5.545170] (input) StdoutLine: {'line': b'byte-compiling /uros_ws/Brain_DEI/brain/install/input/lib/python3.12/site-packages/src/data/__init__.py to __init__.cpython-312.pyc\n'}
[5.546077] (input) StdoutLine: {'line': b'byte-compiling /uros_ws/Brain_DEI/brain/install/input/lib/python3.12/site-packages/src/data/Semaphores/__init__.py to __init__.cpython-312.pyc\n'}
[5.546950] (input) StdoutLine: {'line': b'byte-compiling /uros_ws/Brain_DEI/brain/install/input/lib/python3.12/site-packages/src/data/Semaphores/processSemaphores.py to processSemaphores.cpython-312.pyc\n'}
[5.548387] (input) StdoutLine: {'line': b'byte-compiling /uros_ws/Brain_DEI/brain/install/input/lib/python3.12/site-packages/src/data/Semaphores/threads/__init__.py to __init__.cpython-312.pyc\n'}
[5.549126] (input) StdoutLine: {'line': b'byte-compiling /uros_ws/Brain_DEI/brain/install/input/lib/python3.12/site-packages/src/data/Semaphores/threads/threadSemaphores.py to threadSemaphores.cpython-312.pyc\n'}
[5.550263] (input) StdoutLine: {'line': b'byte-compiling /uros_ws/Brain_DEI/brain/install/input/lib/python3.12/site-packages/src/data/Semaphores/threads/udpListener.py to udpListener.cpython-312.pyc\n'}
[5.551534] (input) StdoutLine: {'line': b'byte-compiling /uros_ws/Brain_DEI/brain/install/input/lib/python3.12/site-packages/src/data/trafficBridge.py to trafficBridge.cpython-312.pyc\n'}
[5.554298] (input) StdoutLine: {'line': b'byte-compiling /uros_ws/Brain_DEI/brain/install/input/lib/python3.12/site-packages/src/data/TrafficCommunication/__init__.py to __init__.cpython-312.pyc\n'}
[5.555303] (input) StdoutLine: {'line': b'byte-compiling /uros_ws/Brain_DEI/brain/install/input/lib/python3.12/site-packages/src/data/TrafficCommunication/useful/__init__.py to __init__.cpython-312.pyc\n'}
[5.556140] (input) StdoutLine: {'line': b'byte-compiling /uros_ws/Brain_DEI/brain/install/input/lib/python3.12/site-packages/src/data/TrafficCommunication/useful/sharedMem.py to sharedMem.cpython-312.pyc\n'}
[5.558085] (input) StdoutLine: {'line': b'byte-compiling /uros_ws/Brain_DEI/brain/install/input/lib/python3.12/site-packages/src/data/TrafficCommunication/useful/periodicTask.py to periodicTask.cpython-312.pyc\n'}
[5.559251] (input) StdoutLine: {'line': b'byte-compiling /uros_ws/Brain_DEI/brain/install/input/lib/python3.12/site-packages/src/data/TrafficCommunication/useful/keyDealer.py to keyDealer.cpython-312.pyc\n'}
[5.561352] (input) StdoutLine: {'line': b'byte-compiling /uros_ws/Brain_DEI/brain/install/input/lib/python3.12/site-packages/src/data/TrafficCommunication/threads/__init__.py to __init__.cpython-312.pyc\n'}
[5.562175] (input) StdoutLine: {'line': b'byte-compiling /uros_ws/Brain_DEI/brain/install/input/lib/python3.12/site-packages/src/data/TrafficCommunication/threads/threadTrafficCommunication.py to threadTrafficCommunication.cpython-312.pyc\n'}
[5.563642] (input) StdoutLine: {'line': b'byte-compiling /uros_ws/Brain_DEI/brain/install/input/lib/python3.12/site-packages/src/data/TrafficCommunication/threads/udpListener.py to udpListener.cpython-312.pyc\n'}
[5.564931] (input) StdoutLine: {'line': b'byte-compiling /uros_ws/Brain_DEI/brain/install/input/lib/python3.12/site-packages/src/data/TrafficCommunication/threads/tcpClient.py to tcpClient.cpython-312.pyc\n'}
[5.567098] (input) StdoutLine: {'line': b'byte-compiling /uros_ws/Brain_DEI/brain/install/input/lib/python3.12/site-packages/src/data/TrafficCommunication/processTrafficCommunication.py to processTrafficCommunication.cpython-312.pyc\n'}
[5.568788] (input) StdoutLine: {'line': b'byte-compiling /uros_ws/Brain_DEI/brain/install/input/lib/python3.12/site-packages/src/data/semaphoreBridge.py to semaphoreBridge.cpython-312.pyc\n'}
[5.571438] (input) StdoutLine: {'line': b'running install_data\n'}
[5.571838] (input) StdoutLine: {'line': b'running install_egg_info\n'}
[5.620498] (input) StdoutLine: {'line': b"removing '/uros_ws/Brain_DEI/brain/install/input/lib/python3.12/site-packages/input-0.0.0-py3.12.egg-info' (and everything under it)\n"}
[5.621510] (input) StdoutLine: {'line': b'Copying ../../build/input/input.egg-info to /uros_ws/Brain_DEI/brain/install/input/lib/python3.12/site-packages/input-0.0.0-py3.12.egg-info\n'}
[5.624954] (input) StdoutLine: {'line': b'running install_scripts\n'}
[5.627189] (-) TimerEvent: {}
[5.727668] (-) TimerEvent: {}
[5.813472] (unix_out) StdoutLine: {'line': b'Installing camera_to_socket script to /uros_ws/Brain_DEI/brain/install/unix_out/lib/unix_out\n'}
[5.814168] (unix_out) StdoutLine: {'line': b'Installing lidar_to_socket script to /uros_ws/Brain_DEI/brain/install/unix_out/lib/unix_out\n'}
[5.814566] (unix_out) StdoutLine: {'line': b'Installing metrics_to_socket script to /uros_ws/Brain_DEI/brain/install/unix_out/lib/unix_out\n'}
[5.815084] (unix_out) StdoutLine: {'line': b"writing list of installed files to '/uros_ws/Brain_DEI/brain/build/unix_out/install.log'\n"}
[5.827807] (-) TimerEvent: {}
[5.837786] (output) StdoutLine: {'line': b"writing list of installed files to '/uros_ws/Brain_DEI/brain/build/output/install.log'\n"}
[5.907071] (unix_out) CommandEnded: {'returncode': 0}
[5.925255] (unix_out) JobEnded: {'identifier': 'unix_out', 'rc': 0}
[5.927904] (-) TimerEvent: {}
[5.943601] (input) StdoutLine: {'line': b'Installing gpstrackerNODE script to /uros_ws/Brain_DEI/brain/install/input/lib/input\n'}
[5.944591] (input) StdoutLine: {'line': b'Installing imuNODE script to /uros_ws/Brain_DEI/brain/install/input/lib/input\n'}
[5.946456] (input) StdoutLine: {'line': b'Installing semaphoreBridgeNODE script to /uros_ws/Brain_DEI/brain/install/input/lib/input\n'}
[5.947121] (input) StdoutLine: {'line': b'Installing semaphoreNODE script to /uros_ws/Brain_DEI/brain/install/input/lib/input\n'}
[5.947742] (input) StdoutLine: {'line': b'Installing sonarNODE script to /uros_ws/Brain_DEI/brain/install/input/lib/input\n'}
[5.948125] (input) StdoutLine: {'line': b'Installing trafficBridgeNODE script to /uros_ws/Brain_DEI/brain/install/input/lib/input\n'}
[5.948743] (output) CommandEnded: {'returncode': 0}
[5.950293] (input) StdoutLine: {'line': b"writing list of installed files to '/uros_ws/Brain_DEI/brain/build/input/install.log'\n"}
[5.965950] (output) JobEnded: {'identifier': 'output', 'rc': 0}
[6.028052] (-) TimerEvent: {}
[6.038413] (input) CommandEnded: {'returncode': 0}
[6.065514] (input) JobEnded: {'identifier': 'input', 'rc': 0}
[6.068425] (-) EventReactorShutdown: {}
