[0.292s] DEBUG:colcon:Command line arguments: ['/usr/bin/colcon', 'build']
[0.292s] DEBUG:colcon:Parsed command line arguments: Namespace(log_base=None, log_level=None, verb_name='build', build_base='build', install_base='install', merge_install=False, symlink_install=False, test_result_base=None, continue_on_error=False, executor='parallel', parallel_workers=8, event_handlers=None, ignore_user_meta=False, metas=['./colcon.meta'], base_paths=['.'], packages_ignore=None, packages_ignore_regex=None, paths=None, packages_up_to=None, packages_up_to_regex=None, packages_above=None, packages_above_and_dependencies=None, packages_above_depth=None, packages_select_by_dep=None, packages_skip_by_dep=None, packages_skip_up_to=None, packages_select_build_failed=False, packages_skip_build_finished=False, packages_select_test_failures=False, packages_skip_test_passed=False, packages_select=None, packages_skip=None, packages_select_regex=None, packages_skip_regex=None, packages_start=None, packages_end=None, allow_overriding=[], cmake_args=None, cmake_target=None, cmake_target_skip_unavailable=False, cmake_clean_cache=False, cmake_clean_first=False, cmake_force_configure=False, ament_cmake_args=None, catkin_cmake_args=None, catkin_skip_building_tests=False, verb_parser=<colcon_defaults.argument_parser.defaults.DefaultArgumentsDecorator object at 0x769561073d40>, verb_extension=<colcon_core.verb.build.BuildVerb object at 0x769561073b60>, main=<bound method BuildVerb.main of <colcon_core.verb.build.BuildVerb object at 0x769561073b60>>)
[0.410s] Level 1:colcon.colcon_core.package_discovery:discover_packages(colcon_meta) check parameters
[0.410s] Level 1:colcon.colcon_core.package_discovery:discover_packages(recursive) check parameters
[0.410s] Level 1:colcon.colcon_core.package_discovery:discover_packages(ignore) check parameters
[0.410s] Level 1:colcon.colcon_core.package_discovery:discover_packages(path) check parameters
[0.410s] Level 1:colcon.colcon_core.package_discovery:discover_packages(colcon_meta) discover
[0.410s] Level 1:colcon.colcon_core.package_discovery:discover_packages(recursive) discover
[0.410s] INFO:colcon.colcon_core.package_discovery:Crawling recursively for packages in '/home/davide-pillon/Desktop/Brain_DEII/brain'
[0.411s] Level 1:colcon.colcon_core.package_identification:_identify(.) by extensions ['ignore', 'ignore_ament_install']
[0.411s] Level 1:colcon.colcon_core.package_identification:_identify(.) by extension 'ignore'
[0.411s] Level 1:colcon.colcon_core.package_identification:_identify(.) by extension 'ignore_ament_install'
[0.411s] Level 1:colcon.colcon_core.package_identification:_identify(.) by extensions ['colcon_pkg']
[0.411s] Level 1:colcon.colcon_core.package_identification:_identify(.) by extension 'colcon_pkg'
[0.411s] Level 1:colcon.colcon_core.package_identification:_identify(.) by extensions ['colcon_meta']
[0.411s] Level 1:colcon.colcon_core.package_identification:_identify(.) by extension 'colcon_meta'
[0.411s] Level 1:colcon.colcon_core.package_identification:_identify(.) by extensions ['ros']
[0.411s] Level 1:colcon.colcon_core.package_identification:_identify(.) by extension 'ros'
[0.472s] Level 1:colcon.colcon_core.package_identification:_identify(.) by extensions ['cmake', 'python']
[0.472s] Level 1:colcon.colcon_core.package_identification:_identify(.) by extension 'cmake'
[0.472s] Level 1:colcon.colcon_core.package_identification:_identify(.) by extension 'python'
[0.473s] Level 1:colcon.colcon_core.package_identification:_identify(.) by extensions ['python_setup_py']
[0.473s] Level 1:colcon.colcon_core.package_identification:_identify(.) by extension 'python_setup_py'
[0.473s] Level 1:colcon.colcon_core.package_identification:_identify(build) by extensions ['ignore', 'ignore_ament_install']
[0.473s] Level 1:colcon.colcon_core.package_identification:_identify(build) by extension 'ignore'
[0.473s] Level 1:colcon.colcon_core.package_identification:_identify(build) ignored
[0.474s] Level 1:colcon.colcon_core.package_identification:_identify(env) by extensions ['ignore', 'ignore_ament_install']
[0.474s] Level 1:colcon.colcon_core.package_identification:_identify(env) by extension 'ignore'
[0.474s] Level 1:colcon.colcon_core.package_identification:_identify(env) by extension 'ignore_ament_install'
[0.474s] Level 1:colcon.colcon_core.package_identification:_identify(env) by extensions ['colcon_pkg']
[0.474s] Level 1:colcon.colcon_core.package_identification:_identify(env) by extension 'colcon_pkg'
[0.474s] Level 1:colcon.colcon_core.package_identification:_identify(env) by extensions ['colcon_meta']
[0.474s] Level 1:colcon.colcon_core.package_identification:_identify(env) by extension 'colcon_meta'
[0.474s] Level 1:colcon.colcon_core.package_identification:_identify(env) by extensions ['ros']
[0.474s] Level 1:colcon.colcon_core.package_identification:_identify(env) by extension 'ros'
[0.475s] Level 1:colcon.colcon_core.package_identification:_identify(env) by extensions ['cmake', 'python']
[0.475s] Level 1:colcon.colcon_core.package_identification:_identify(env) by extension 'cmake'
[0.475s] Level 1:colcon.colcon_core.package_identification:_identify(env) by extension 'python'
[0.475s] Level 1:colcon.colcon_core.package_identification:_identify(env) by extensions ['python_setup_py']
[0.475s] Level 1:colcon.colcon_core.package_identification:_identify(env) by extension 'python_setup_py'
[0.475s] Level 1:colcon.colcon_core.package_identification:_identify(env/bin) by extensions ['ignore', 'ignore_ament_install']
[0.475s] Level 1:colcon.colcon_core.package_identification:_identify(env/bin) by extension 'ignore'
[0.475s] Level 1:colcon.colcon_core.package_identification:_identify(env/bin) by extension 'ignore_ament_install'
[0.476s] Level 1:colcon.colcon_core.package_identification:_identify(env/bin) by extensions ['colcon_pkg']
[0.476s] Level 1:colcon.colcon_core.package_identification:_identify(env/bin) by extension 'colcon_pkg'
[0.476s] Level 1:colcon.colcon_core.package_identification:_identify(env/bin) by extensions ['colcon_meta']
[0.476s] Level 1:colcon.colcon_core.package_identification:_identify(env/bin) by extension 'colcon_meta'
[0.476s] Level 1:colcon.colcon_core.package_identification:_identify(env/bin) by extensions ['ros']
[0.476s] Level 1:colcon.colcon_core.package_identification:_identify(env/bin) by extension 'ros'
[0.476s] Level 1:colcon.colcon_core.package_identification:_identify(env/bin) by extensions ['cmake', 'python']
[0.476s] Level 1:colcon.colcon_core.package_identification:_identify(env/bin) by extension 'cmake'
[0.476s] Level 1:colcon.colcon_core.package_identification:_identify(env/bin) by extension 'python'
[0.476s] Level 1:colcon.colcon_core.package_identification:_identify(env/bin) by extensions ['python_setup_py']
[0.476s] Level 1:colcon.colcon_core.package_identification:_identify(env/bin) by extension 'python_setup_py'
[0.477s] Level 1:colcon.colcon_core.package_identification:_identify(env/include) by extensions ['ignore', 'ignore_ament_install']
[0.477s] Level 1:colcon.colcon_core.package_identification:_identify(env/include) by extension 'ignore'
[0.477s] Level 1:colcon.colcon_core.package_identification:_identify(env/include) by extension 'ignore_ament_install'
[0.477s] Level 1:colcon.colcon_core.package_identification:_identify(env/include) by extensions ['colcon_pkg']
[0.477s] Level 1:colcon.colcon_core.package_identification:_identify(env/include) by extension 'colcon_pkg'
[0.477s] Level 1:colcon.colcon_core.package_identification:_identify(env/include) by extensions ['colcon_meta']
[0.477s] Level 1:colcon.colcon_core.package_identification:_identify(env/include) by extension 'colcon_meta'
[0.477s] Level 1:colcon.colcon_core.package_identification:_identify(env/include) by extensions ['ros']
[0.477s] Level 1:colcon.colcon_core.package_identification:_identify(env/include) by extension 'ros'
[0.477s] Level 1:colcon.colcon_core.package_identification:_identify(env/include) by extensions ['cmake', 'python']
[0.478s] Level 1:colcon.colcon_core.package_identification:_identify(env/include) by extension 'cmake'
[0.478s] Level 1:colcon.colcon_core.package_identification:_identify(env/include) by extension 'python'
[0.478s] Level 1:colcon.colcon_core.package_identification:_identify(env/include) by extensions ['python_setup_py']
[0.478s] Level 1:colcon.colcon_core.package_identification:_identify(env/include) by extension 'python_setup_py'
[0.478s] Level 1:colcon.colcon_core.package_identification:_identify(env/include/python3.12) by extensions ['ignore', 'ignore_ament_install']
[0.478s] Level 1:colcon.colcon_core.package_identification:_identify(env/include/python3.12) by extension 'ignore'
[0.478s] Level 1:colcon.colcon_core.package_identification:_identify(env/include/python3.12) by extension 'ignore_ament_install'
[0.478s] Level 1:colcon.colcon_core.package_identification:_identify(env/include/python3.12) by extensions ['colcon_pkg']
[0.478s] Level 1:colcon.colcon_core.package_identification:_identify(env/include/python3.12) by extension 'colcon_pkg'
[0.478s] Level 1:colcon.colcon_core.package_identification:_identify(env/include/python3.12) by extensions ['colcon_meta']
[0.479s] Level 1:colcon.colcon_core.package_identification:_identify(env/include/python3.12) by extension 'colcon_meta'
[0.479s] Level 1:colcon.colcon_core.package_identification:_identify(env/include/python3.12) by extensions ['ros']
[0.479s] Level 1:colcon.colcon_core.package_identification:_identify(env/include/python3.12) by extension 'ros'
[0.479s] Level 1:colcon.colcon_core.package_identification:_identify(env/include/python3.12) by extensions ['cmake', 'python']
[0.479s] Level 1:colcon.colcon_core.package_identification:_identify(env/include/python3.12) by extension 'cmake'
[0.479s] Level 1:colcon.colcon_core.package_identification:_identify(env/include/python3.12) by extension 'python'
[0.479s] Level 1:colcon.colcon_core.package_identification:_identify(env/include/python3.12) by extensions ['python_setup_py']
[0.479s] Level 1:colcon.colcon_core.package_identification:_identify(env/include/python3.12) by extension 'python_setup_py'
[0.479s] Level 1:colcon.colcon_core.package_identification:_identify(env/lib) by extensions ['ignore', 'ignore_ament_install']
[0.480s] Level 1:colcon.colcon_core.package_identification:_identify(env/lib) by extension 'ignore'
[0.480s] Level 1:colcon.colcon_core.package_identification:_identify(env/lib) by extension 'ignore_ament_install'
[0.480s] Level 1:colcon.colcon_core.package_identification:_identify(env/lib) by extensions ['colcon_pkg']
[0.480s] Level 1:colcon.colcon_core.package_identification:_identify(env/lib) by extension 'colcon_pkg'
[0.480s] Level 1:colcon.colcon_core.package_identification:_identify(env/lib) by extensions ['colcon_meta']
[0.480s] Level 1:colcon.colcon_core.package_identification:_identify(env/lib) by extension 'colcon_meta'
[0.480s] Level 1:colcon.colcon_core.package_identification:_identify(env/lib) by extensions ['ros']
[0.480s] Level 1:colcon.colcon_core.package_identification:_identify(env/lib) by extension 'ros'
[0.480s] Level 1:colcon.colcon_core.package_identification:_identify(env/lib) by extensions ['cmake', 'python']
[0.480s] Level 1:colcon.colcon_core.package_identification:_identify(env/lib) by extension 'cmake'
[0.480s] Level 1:colcon.colcon_core.package_identification:_identify(env/lib) by extension 'python'
[0.481s] Level 1:colcon.colcon_core.package_identification:_identify(env/lib) by extensions ['python_setup_py']
[0.481s] Level 1:colcon.colcon_core.package_identification:_identify(env/lib) by extension 'python_setup_py'
[0.481s] Level 1:colcon.colcon_core.package_identification:_identify(env/lib/python3.12) by extensions ['ignore', 'ignore_ament_install']
[0.481s] Level 1:colcon.colcon_core.package_identification:_identify(env/lib/python3.12) by extension 'ignore'
[0.481s] Level 1:colcon.colcon_core.package_identification:_identify(env/lib/python3.12) by extension 'ignore_ament_install'
[0.481s] Level 1:colcon.colcon_core.package_identification:_identify(env/lib/python3.12) by extensions ['colcon_pkg']
[0.481s] Level 1:colcon.colcon_core.package_identification:_identify(env/lib/python3.12) by extension 'colcon_pkg'
[0.481s] Level 1:colcon.colcon_core.package_identification:_identify(env/lib/python3.12) by extensions ['colcon_meta']
[0.481s] Level 1:colcon.colcon_core.package_identification:_identify(env/lib/python3.12) by extension 'colcon_meta'
[0.481s] Level 1:colcon.colcon_core.package_identification:_identify(env/lib/python3.12) by extensions ['ros']
[0.482s] Level 1:colcon.colcon_core.package_identification:_identify(env/lib/python3.12) by extension 'ros'
[0.482s] Level 1:colcon.colcon_core.package_identification:_identify(env/lib/python3.12) by extensions ['cmake', 'python']
[0.482s] Level 1:colcon.colcon_core.package_identification:_identify(env/lib/python3.12) by extension 'cmake'
[0.482s] Level 1:colcon.colcon_core.package_identification:_identify(env/lib/python3.12) by extension 'python'
[0.482s] Level 1:colcon.colcon_core.package_identification:_identify(env/lib/python3.12) by extensions ['python_setup_py']
[0.482s] Level 1:colcon.colcon_core.package_identification:_identify(env/lib/python3.12) by extension 'python_setup_py'
[0.482s] Level 1:colcon.colcon_core.package_identification:_identify(env/lib/python3.12/site-packages) by extensions ['ignore', 'ignore_ament_install']
[0.482s] Level 1:colcon.colcon_core.package_identification:_identify(env/lib/python3.12/site-packages) by extension 'ignore'
[0.483s] Level 1:colcon.colcon_core.package_identification:_identify(env/lib/python3.12/site-packages) by extension 'ignore_ament_install'
[0.483s] Level 1:colcon.colcon_core.package_identification:_identify(env/lib/python3.12/site-packages) by extensions ['colcon_pkg']
[0.483s] Level 1:colcon.colcon_core.package_identification:_identify(env/lib/python3.12/site-packages) by extension 'colcon_pkg'
[0.483s] Level 1:colcon.colcon_core.package_identification:_identify(env/lib/python3.12/site-packages) by extensions ['colcon_meta']
[0.483s] Level 1:colcon.colcon_core.package_identification:_identify(env/lib/python3.12/site-packages) by extension 'colcon_meta'
[0.483s] Level 1:colcon.colcon_core.package_identification:_identify(env/lib/python3.12/site-packages) by extensions ['ros']
[0.483s] Level 1:colcon.colcon_core.package_identification:_identify(env/lib/python3.12/site-packages) by extension 'ros'
[0.483s] Level 1:colcon.colcon_core.package_identification:_identify(env/lib/python3.12/site-packages) by extensions ['cmake', 'python']
[0.483s] Level 1:colcon.colcon_core.package_identification:_identify(env/lib/python3.12/site-packages) by extension 'cmake'
[0.483s] Level 1:colcon.colcon_core.package_identification:_identify(env/lib/python3.12/site-packages) by extension 'python'
[0.483s] Level 1:colcon.colcon_core.package_identification:_identify(env/lib/python3.12/site-packages) by extensions ['python_setup_py']
[0.483s] Level 1:colcon.colcon_core.package_identification:_identify(env/lib/python3.12/site-packages) by extension 'python_setup_py'
[0.484s] Level 1:colcon.colcon_core.package_identification:_identify(env/lib/python3.12/site-packages/pip) by extensions ['ignore', 'ignore_ament_install']
[0.484s] Level 1:colcon.colcon_core.package_identification:_identify(env/lib/python3.12/site-packages/pip) by extension 'ignore'
[0.484s] Level 1:colcon.colcon_core.package_identification:_identify(env/lib/python3.12/site-packages/pip) by extension 'ignore_ament_install'
[0.484s] Level 1:colcon.colcon_core.package_identification:_identify(env/lib/python3.12/site-packages/pip) by extensions ['colcon_pkg']
[0.484s] Level 1:colcon.colcon_core.package_identification:_identify(env/lib/python3.12/site-packages/pip) by extension 'colcon_pkg'
[0.484s] Level 1:colcon.colcon_core.package_identification:_identify(env/lib/python3.12/site-packages/pip) by extensions ['colcon_meta']
[0.484s] Level 1:colcon.colcon_core.package_identification:_identify(env/lib/python3.12/site-packages/pip) by extension 'colcon_meta'
[0.484s] Level 1:colcon.colcon_core.package_identification:_identify(env/lib/python3.12/site-packages/pip) by extensions ['ros']
[0.484s] Level 1:colcon.colcon_core.package_identification:_identify(env/lib/python3.12/site-packages/pip) by extension 'ros'
[0.485s] Level 1:colcon.colcon_core.package_identification:_identify(env/lib/python3.12/site-packages/pip) by extensions ['cmake', 'python']
[0.485s] Level 1:colcon.colcon_core.package_identification:_identify(env/lib/python3.12/site-packages/pip) by extension 'cmake'
[0.485s] Level 1:colcon.colcon_core.package_identification:_identify(env/lib/python3.12/site-packages/pip) by extension 'python'
[0.485s] Level 1:colcon.colcon_core.package_identification:_identify(env/lib/python3.12/site-packages/pip) by extensions ['python_setup_py']
[0.485s] Level 1:colcon.colcon_core.package_identification:_identify(env/lib/python3.12/site-packages/pip) by extension 'python_setup_py'
[0.485s] Level 1:colcon.colcon_core.package_identification:_identify(env/lib/python3.12/site-packages/pip/__pycache__) by extensions ['ignore', 'ignore_ament_install']
[0.485s] Level 1:colcon.colcon_core.package_identification:_identify(env/lib/python3.12/site-packages/pip/__pycache__) by extension 'ignore'
[0.485s] Level 1:colcon.colcon_core.package_identification:_identify(env/lib/python3.12/site-packages/pip/__pycache__) by extension 'ignore_ament_install'
[0.486s] Level 1:colcon.colcon_core.package_identification:_identify(env/lib/python3.12/site-packages/pip/__pycache__) by extensions ['colcon_pkg']
[0.486s] Level 1:colcon.colcon_core.package_identification:_identify(env/lib/python3.12/site-packages/pip/__pycache__) by extension 'colcon_pkg'
[0.486s] Level 1:colcon.colcon_core.package_identification:_identify(env/lib/python3.12/site-packages/pip/__pycache__) by extensions ['colcon_meta']
[0.486s] Level 1:colcon.colcon_core.package_identification:_identify(env/lib/python3.12/site-packages/pip/__pycache__) by extension 'colcon_meta'
[0.486s] Level 1:colcon.colcon_core.package_identification:_identify(env/lib/python3.12/site-packages/pip/__pycache__) by extensions ['ros']
[0.486s] Level 1:colcon.colcon_core.package_identification:_identify(env/lib/python3.12/site-packages/pip/__pycache__) by extension 'ros'
[0.486s] Level 1:colcon.colcon_core.package_identification:_identify(env/lib/python3.12/site-packages/pip/__pycache__) by extensions ['cmake', 'python']
[0.486s] Level 1:colcon.colcon_core.package_identification:_identify(env/lib/python3.12/site-packages/pip/__pycache__) by extension 'cmake'
[0.486s] Level 1:colcon.colcon_core.package_identification:_identify(env/lib/python3.12/site-packages/pip/__pycache__) by extension 'python'
[0.486s] Level 1:colcon.colcon_core.package_identification:_identify(env/lib/python3.12/site-packages/pip/__pycache__) by extensions ['python_setup_py']
[0.486s] Level 1:colcon.colcon_core.package_identification:_identify(env/lib/python3.12/site-packages/pip/__pycache__) by extension 'python_setup_py'
[0.487s] Level 1:colcon.colcon_core.package_identification:_identify(env/lib/python3.12/site-packages/pip/_internal) by extensions ['ignore', 'ignore_ament_install']
[0.487s] Level 1:colcon.colcon_core.package_identification:_identify(env/lib/python3.12/site-packages/pip/_internal) by extension 'ignore'
[0.487s] Level 1:colcon.colcon_core.package_identification:_identify(env/lib/python3.12/site-packages/pip/_internal) by extension 'ignore_ament_install'
[0.487s] Level 1:colcon.colcon_core.package_identification:_identify(env/lib/python3.12/site-packages/pip/_internal) by extensions ['colcon_pkg']
[0.487s] Level 1:colcon.colcon_core.package_identification:_identify(env/lib/python3.12/site-packages/pip/_internal) by extension 'colcon_pkg'
[0.487s] Level 1:colcon.colcon_core.package_identification:_identify(env/lib/python3.12/site-packages/pip/_internal) by extensions ['colcon_meta']
[0.487s] Level 1:colcon.colcon_core.package_identification:_identify(env/lib/python3.12/site-packages/pip/_internal) by extension 'colcon_meta'
[0.487s] Level 1:colcon.colcon_core.package_identification:_identify(env/lib/python3.12/site-packages/pip/_internal) by extensions ['ros']
[0.487s] Level 1:colcon.colcon_core.package_identification:_identify(env/lib/python3.12/site-packages/pip/_internal) by extension 'ros'
[0.488s] Level 1:colcon.colcon_core.package_identification:_identify(env/lib/python3.12/site-packages/pip/_internal) by extensions ['cmake', 'python']
[0.488s] Level 1:colcon.colcon_core.package_identification:_identify(env/lib/python3.12/site-packages/pip/_internal) by extension 'cmake'
[0.488s] Level 1:colcon.colcon_core.package_identification:_identify(env/lib/python3.12/site-packages/pip/_internal) by extension 'python'
[0.488s] Level 1:colcon.colcon_core.package_identification:_identify(env/lib/python3.12/site-packages/pip/_internal) by extensions ['python_setup_py']
[0.488s] Level 1:colcon.colcon_core.package_identification:_identify(env/lib/python3.12/site-packages/pip/_internal) by extension 'python_setup_py'
[0.488s] Level 1:colcon.colcon_core.package_identification:_identify(env/lib/python3.12/site-packages/pip/_internal/__pycache__) by extensions ['ignore', 'ignore_ament_install']
[0.488s] Level 1:colcon.colcon_core.package_identification:_identify(env/lib/python3.12/site-packages/pip/_internal/__pycache__) by extension 'ignore'
[0.488s] Level 1:colcon.colcon_core.package_identification:_identify(env/lib/python3.12/site-packages/pip/_internal/__pycache__) by extension 'ignore_ament_install'
[0.489s] Level 1:colcon.colcon_core.package_identification:_identify(env/lib/python3.12/site-packages/pip/_internal/__pycache__) by extensions ['colcon_pkg']
[0.489s] Level 1:colcon.colcon_core.package_identification:_identify(env/lib/python3.12/site-packages/pip/_internal/__pycache__) by extension 'colcon_pkg'
[0.489s] Level 1:colcon.colcon_core.package_identification:_identify(env/lib/python3.12/site-packages/pip/_internal/__pycache__) by extensions ['colcon_meta']
[0.489s] Level 1:colcon.colcon_core.package_identification:_identify(env/lib/python3.12/site-packages/pip/_internal/__pycache__) by extension 'colcon_meta'
[0.489s] Level 1:colcon.colcon_core.package_identification:_identify(env/lib/python3.12/site-packages/pip/_internal/__pycache__) by extensions ['ros']
[0.489s] Level 1:colcon.colcon_core.package_identification:_identify(env/lib/python3.12/site-packages/pip/_internal/__pycache__) by extension 'ros'
[0.489s] Level 1:colcon.colcon_core.package_identification:_identify(env/lib/python3.12/site-packages/pip/_internal/__pycache__) by extensions ['cmake', 'python']
[0.489s] Level 1:colcon.colcon_core.package_identification:_identify(env/lib/python3.12/site-packages/pip/_internal/__pycache__) by extension 'cmake'
[0.489s] Level 1:colcon.colcon_core.package_identification:_identify(env/lib/python3.12/site-packages/pip/_internal/__pycache__) by extension 'python'
[0.489s] Level 1:colcon.colcon_core.package_identification:_identify(env/lib/python3.12/site-packages/pip/_internal/__pycache__) by extensions ['python_setup_py']
[0.489s] Level 1:colcon.colcon_core.package_identification:_identify(env/lib/python3.12/site-packages/pip/_internal/__pycache__) by extension 'python_setup_py'
[0.490s] Level 1:colcon.colcon_core.package_identification:_identify(env/lib/python3.12/site-packages/pip/_internal/cli) by extensions ['ignore', 'ignore_ament_install']
[0.490s] Level 1:colcon.colcon_core.package_identification:_identify(env/lib/python3.12/site-packages/pip/_internal/cli) by extension 'ignore'
[0.490s] Level 1:colcon.colcon_core.package_identification:_identify(env/lib/python3.12/site-packages/pip/_internal/cli) by extension 'ignore_ament_install'
[0.490s] Level 1:colcon.colcon_core.package_identification:_identify(env/lib/python3.12/site-packages/pip/_internal/cli) by extensions ['colcon_pkg']
[0.490s] Level 1:colcon.colcon_core.package_identification:_identify(env/lib/python3.12/site-packages/pip/_internal/cli) by extension 'colcon_pkg'
[0.490s] Level 1:colcon.colcon_core.package_identification:_identify(env/lib/python3.12/site-packages/pip/_internal/cli) by extensions ['colcon_meta']
[0.490s] Level 1:colcon.colcon_core.package_identification:_identify(env/lib/python3.12/site-packages/pip/_internal/cli) by extension 'colcon_meta'
[0.490s] Level 1:colcon.colcon_core.package_identification:_identify(env/lib/python3.12/site-packages/pip/_internal/cli) by extensions ['ros']
[0.490s] Level 1:colcon.colcon_core.package_identification:_identify(env/lib/python3.12/site-packages/pip/_internal/cli) by extension 'ros'
[0.491s] Level 1:colcon.colcon_core.package_identification:_identify(env/lib/python3.12/site-packages/pip/_internal/cli) by extensions ['cmake', 'python']
[0.491s] Level 1:colcon.colcon_core.package_identification:_identify(env/lib/python3.12/site-packages/pip/_internal/cli) by extension 'cmake'
[0.491s] Level 1:colcon.colcon_core.package_identification:_identify(env/lib/python3.12/site-packages/pip/_internal/cli) by extension 'python'
[0.491s] Level 1:colcon.colcon_core.package_identification:_identify(env/lib/python3.12/site-packages/pip/_internal/cli) by extensions ['python_setup_py']
[0.491s] Level 1:colcon.colcon_core.package_identification:_identify(env/lib/python3.12/site-packages/pip/_internal/cli) by extension 'python_setup_py'
[0.491s] Level 1:colcon.colcon_core.package_identification:_identify(env/lib/python3.12/site-packages/pip/_internal/cli/__pycache__) by extensions ['ignore', 'ignore_ament_install']
[0.491s] Level 1:colcon.colcon_core.package_identification:_identify(env/lib/python3.12/site-packages/pip/_internal/cli/__pycache__) by extension 'ignore'
[0.491s] Level 1:colcon.colcon_core.package_identification:_identify(env/lib/python3.12/site-packages/pip/_internal/cli/__pycache__) by extension 'ignore_ament_install'
[0.492s] Level 1:colcon.colcon_core.package_identification:_identify(env/lib/python3.12/site-packages/pip/_internal/cli/__pycache__) by extensions ['colcon_pkg']
[0.492s] Level 1:colcon.colcon_core.package_identification:_identify(env/lib/python3.12/site-packages/pip/_internal/cli/__pycache__) by extension 'colcon_pkg'
[0.492s] Level 1:colcon.colcon_core.package_identification:_identify(env/lib/python3.12/site-packages/pip/_internal/cli/__pycache__) by extensions ['colcon_meta']
[0.492s] Level 1:colcon.colcon_core.package_identification:_identify(env/lib/python3.12/site-packages/pip/_internal/cli/__pycache__) by extension 'colcon_meta'
[0.492s] Level 1:colcon.colcon_core.package_identification:_identify(env/lib/python3.12/site-packages/pip/_internal/cli/__pycache__) by extensions ['ros']
[0.492s] Level 1:colcon.colcon_core.package_identification:_identify(env/lib/python3.12/site-packages/pip/_internal/cli/__pycache__) by extension 'ros'
[0.492s] Level 1:colcon.colcon_core.package_identification:_identify(env/lib/python3.12/site-packages/pip/_internal/cli/__pycache__) by extensions ['cmake', 'python']
[0.492s] Level 1:colcon.colcon_core.package_identification:_identify(env/lib/python3.12/site-packages/pip/_internal/cli/__pycache__) by extension 'cmake'
[0.492s] Level 1:colcon.colcon_core.package_identification:_identify(env/lib/python3.12/site-packages/pip/_internal/cli/__pycache__) by extension 'python'
[0.492s] Level 1:colcon.colcon_core.package_identification:_identify(env/lib/python3.12/site-packages/pip/_internal/cli/__pycache__) by extensions ['python_setup_py']
[0.492s] Level 1:colcon.colcon_core.package_identification:_identify(env/lib/python3.12/site-packages/pip/_internal/cli/__pycache__) by extension 'python_setup_py'
[0.493s] Level 1:colcon.colcon_core.package_identification:_identify(env/lib/python3.12/site-packages/pip/_internal/commands) by extensions ['ignore', 'ignore_ament_install']
[0.493s] Level 1:colcon.colcon_core.package_identification:_identify(env/lib/python3.12/site-packages/pip/_internal/commands) by extension 'ignore'
[0.493s] Level 1:colcon.colcon_core.package_identification:_identify(env/lib/python3.12/site-packages/pip/_internal/commands) by extension 'ignore_ament_install'
[0.493s] Level 1:colcon.colcon_core.package_identification:_identify(env/lib/python3.12/site-packages/pip/_internal/commands) by extensions ['colcon_pkg']
[0.493s] Level 1:colcon.colcon_core.package_identification:_identify(env/lib/python3.12/site-packages/pip/_internal/commands) by extension 'colcon_pkg'
[0.493s] Level 1:colcon.colcon_core.package_identification:_identify(env/lib/python3.12/site-packages/pip/_internal/commands) by extensions ['colcon_meta']
[0.493s] Level 1:colcon.colcon_core.package_identification:_identify(env/lib/python3.12/site-packages/pip/_internal/commands) by extension 'colcon_meta'
[0.493s] Level 1:colcon.colcon_core.package_identification:_identify(env/lib/python3.12/site-packages/pip/_internal/commands) by extensions ['ros']
[0.493s] Level 1:colcon.colcon_core.package_identification:_identify(env/lib/python3.12/site-packages/pip/_internal/commands) by extension 'ros'
[0.494s] Level 1:colcon.colcon_core.package_identification:_identify(env/lib/python3.12/site-packages/pip/_internal/commands) by extensions ['cmake', 'python']
[0.494s] Level 1:colcon.colcon_core.package_identification:_identify(env/lib/python3.12/site-packages/pip/_internal/commands) by extension 'cmake'
[0.494s] Level 1:colcon.colcon_core.package_identification:_identify(env/lib/python3.12/site-packages/pip/_internal/commands) by extension 'python'
[0.494s] Level 1:colcon.colcon_core.package_identification:_identify(env/lib/python3.12/site-packages/pip/_internal/commands) by extensions ['python_setup_py']
[0.494s] Level 1:colcon.colcon_core.package_identification:_identify(env/lib/python3.12/site-packages/pip/_internal/commands) by extension 'python_setup_py'
[0.494s] Level 1:colcon.colcon_core.package_identification:_identify(env/lib/python3.12/site-packages/pip/_internal/commands/__pycache__) by extensions ['ignore', 'ignore_ament_install']
[0.494s] Level 1:colcon.colcon_core.package_identification:_identify(env/lib/python3.12/site-packages/pip/_internal/commands/__pycache__) by extension 'ignore'
[0.494s] Level 1:colcon.colcon_core.package_identification:_identify(env/lib/python3.12/site-packages/pip/_internal/commands/__pycache__) by extension 'ignore_ament_install'
[0.495s] Level 1:colcon.colcon_core.package_identification:_identify(env/lib/python3.12/site-packages/pip/_internal/commands/__pycache__) by extensions ['colcon_pkg']
[0.495s] Level 1:colcon.colcon_core.package_identification:_identify(env/lib/python3.12/site-packages/pip/_internal/commands/__pycache__) by extension 'colcon_pkg'
[0.495s] Level 1:colcon.colcon_core.package_identification:_identify(env/lib/python3.12/site-packages/pip/_internal/commands/__pycache__) by extensions ['colcon_meta']
[0.495s] Level 1:colcon.colcon_core.package_identification:_identify(env/lib/python3.12/site-packages/pip/_internal/commands/__pycache__) by extension 'colcon_meta'
[0.495s] Level 1:colcon.colcon_core.package_identification:_identify(env/lib/python3.12/site-packages/pip/_internal/commands/__pycache__) by extensions ['ros']
[0.495s] Level 1:colcon.colcon_core.package_identification:_identify(env/lib/python3.12/site-packages/pip/_internal/commands/__pycache__) by extension 'ros'
[0.495s] Level 1:colcon.colcon_core.package_identification:_identify(env/lib/python3.12/site-packages/pip/_internal/commands/__pycache__) by extensions ['cmake', 'python']
[0.495s] Level 1:colcon.colcon_core.package_identification:_identify(env/lib/python3.12/site-packages/pip/_internal/commands/__pycache__) by extension 'cmake'
[0.495s] Level 1:colcon.colcon_core.package_identification:_identify(env/lib/python3.12/site-packages/pip/_internal/commands/__pycache__) by extension 'python'
[0.495s] Level 1:colcon.colcon_core.package_identification:_identify(env/lib/python3.12/site-packages/pip/_internal/commands/__pycache__) by extensions ['python_setup_py']
[0.495s] Level 1:colcon.colcon_core.package_identification:_identify(env/lib/python3.12/site-packages/pip/_internal/commands/__pycache__) by extension 'python_setup_py'
[0.496s] Level 1:colcon.colcon_core.package_identification:_identify(env/lib/python3.12/site-packages/pip/_internal/distributions) by extensions ['ignore', 'ignore_ament_install']
[0.496s] Level 1:colcon.colcon_core.package_identification:_identify(env/lib/python3.12/site-packages/pip/_internal/distributions) by extension 'ignore'
[0.496s] Level 1:colcon.colcon_core.package_identification:_identify(env/lib/python3.12/site-packages/pip/_internal/distributions) by extension 'ignore_ament_install'
[0.496s] Level 1:colcon.colcon_core.package_identification:_identify(env/lib/python3.12/site-packages/pip/_internal/distributions) by extensions ['colcon_pkg']
[0.496s] Level 1:colcon.colcon_core.package_identification:_identify(env/lib/python3.12/site-packages/pip/_internal/distributions) by extension 'colcon_pkg'
[0.496s] Level 1:colcon.colcon_core.package_identification:_identify(env/lib/python3.12/site-packages/pip/_internal/distributions) by extensions ['colcon_meta']
[0.496s] Level 1:colcon.colcon_core.package_identification:_identify(env/lib/python3.12/site-packages/pip/_internal/distributions) by extension 'colcon_meta'
[0.496s] Level 1:colcon.colcon_core.package_identification:_identify(env/lib/python3.12/site-packages/pip/_internal/distributions) by extensions ['ros']
[0.496s] Level 1:colcon.colcon_core.package_identification:_identify(env/lib/python3.12/site-packages/pip/_internal/distributions) by extension 'ros'
[0.497s] Level 1:colcon.colcon_core.package_identification:_identify(env/lib/python3.12/site-packages/pip/_internal/distributions) by extensions ['cmake', 'python']
[0.497s] Level 1:colcon.colcon_core.package_identification:_identify(env/lib/python3.12/site-packages/pip/_internal/distributions) by extension 'cmake'
[0.497s] Level 1:colcon.colcon_core.package_identification:_identify(env/lib/python3.12/site-packages/pip/_internal/distributions) by extension 'python'
[0.497s] Level 1:colcon.colcon_core.package_identification:_identify(env/lib/python3.12/site-packages/pip/_internal/distributions) by extensions ['python_setup_py']
[0.497s] Level 1:colcon.colcon_core.package_identification:_identify(env/lib/python3.12/site-packages/pip/_internal/distributions) by extension 'python_setup_py'
[0.497s] Level 1:colcon.colcon_core.package_identification:_identify(env/lib/python3.12/site-packages/pip/_internal/distributions/__pycache__) by extensions ['ignore', 'ignore_ament_install']
[0.497s] Level 1:colcon.colcon_core.package_identification:_identify(env/lib/python3.12/site-packages/pip/_internal/distributions/__pycache__) by extension 'ignore'
[0.497s] Level 1:colcon.colcon_core.package_identification:_identify(env/lib/python3.12/site-packages/pip/_internal/distributions/__pycache__) by extension 'ignore_ament_install'
[0.497s] Level 1:colcon.colcon_core.package_identification:_identify(env/lib/python3.12/site-packages/pip/_internal/distributions/__pycache__) by extensions ['colcon_pkg']
[0.498s] Level 1:colcon.colcon_core.package_identification:_identify(env/lib/python3.12/site-packages/pip/_internal/distributions/__pycache__) by extension 'colcon_pkg'
[0.498s] Level 1:colcon.colcon_core.package_identification:_identify(env/lib/python3.12/site-packages/pip/_internal/distributions/__pycache__) by extensions ['colcon_meta']
[0.498s] Level 1:colcon.colcon_core.package_identification:_identify(env/lib/python3.12/site-packages/pip/_internal/distributions/__pycache__) by extension 'colcon_meta'
[0.498s] Level 1:colcon.colcon_core.package_identification:_identify(env/lib/python3.12/site-packages/pip/_internal/distributions/__pycache__) by extensions ['ros']
[0.498s] Level 1:colcon.colcon_core.package_identification:_identify(env/lib/python3.12/site-packages/pip/_internal/distributions/__pycache__) by extension 'ros'
[0.498s] Level 1:colcon.colcon_core.package_identification:_identify(env/lib/python3.12/site-packages/pip/_internal/distributions/__pycache__) by extensions ['cmake', 'python']
[0.498s] Level 1:colcon.colcon_core.package_identification:_identify(env/lib/python3.12/site-packages/pip/_internal/distributions/__pycache__) by extension 'cmake'
[0.498s] Level 1:colcon.colcon_core.package_identification:_identify(env/lib/python3.12/site-packages/pip/_internal/distributions/__pycache__) by extension 'python'
[0.498s] Level 1:colcon.colcon_core.package_identification:_identify(env/lib/python3.12/site-packages/pip/_internal/distributions/__pycache__) by extensions ['python_setup_py']
[0.498s] Level 1:colcon.colcon_core.package_identification:_identify(env/lib/python3.12/site-packages/pip/_internal/distributions/__pycache__) by extension 'python_setup_py'
[0.499s] Level 1:colcon.colcon_core.package_identification:_identify(env/lib/python3.12/site-packages/pip/_internal/index) by extensions ['ignore', 'ignore_ament_install']
[0.499s] Level 1:colcon.colcon_core.package_identification:_identify(env/lib/python3.12/site-packages/pip/_internal/index) by extension 'ignore'
[0.499s] Level 1:colcon.colcon_core.package_identification:_identify(env/lib/python3.12/site-packages/pip/_internal/index) by extension 'ignore_ament_install'
[0.499s] Level 1:colcon.colcon_core.package_identification:_identify(env/lib/python3.12/site-packages/pip/_internal/index) by extensions ['colcon_pkg']
[0.499s] Level 1:colcon.colcon_core.package_identification:_identify(env/lib/python3.12/site-packages/pip/_internal/index) by extension 'colcon_pkg'
[0.499s] Level 1:colcon.colcon_core.package_identification:_identify(env/lib/python3.12/site-packages/pip/_internal/index) by extensions ['colcon_meta']
[0.499s] Level 1:colcon.colcon_core.package_identification:_identify(env/lib/python3.12/site-packages/pip/_internal/index) by extension 'colcon_meta'
[0.499s] Level 1:colcon.colcon_core.package_identification:_identify(env/lib/python3.12/site-packages/pip/_internal/index) by extensions ['ros']
[0.499s] Level 1:colcon.colcon_core.package_identification:_identify(env/lib/python3.12/site-packages/pip/_internal/index) by extension 'ros'
[0.499s] Level 1:colcon.colcon_core.package_identification:_identify(env/lib/python3.12/site-packages/pip/_internal/index) by extensions ['cmake', 'python']
[0.500s] Level 1:colcon.colcon_core.package_identification:_identify(env/lib/python3.12/site-packages/pip/_internal/index) by extension 'cmake'
[0.500s] Level 1:colcon.colcon_core.package_identification:_identify(env/lib/python3.12/site-packages/pip/_internal/index) by extension 'python'
[0.500s] Level 1:colcon.colcon_core.package_identification:_identify(env/lib/python3.12/site-packages/pip/_internal/index) by extensions ['python_setup_py']
[0.500s] Level 1:colcon.colcon_core.package_identification:_identify(env/lib/python3.12/site-packages/pip/_internal/index) by extension 'python_setup_py'
[0.500s] Level 1:colcon.colcon_core.package_identification:_identify(env/lib/python3.12/site-packages/pip/_internal/index/__pycache__) by extensions ['ignore', 'ignore_ament_install']
[0.500s] Level 1:colcon.colcon_core.package_identification:_identify(env/lib/python3.12/site-packages/pip/_internal/index/__pycache__) by extension 'ignore'
[0.500s] Level 1:colcon.colcon_core.package_identification:_identify(env/lib/python3.12/site-packages/pip/_internal/index/__pycache__) by extension 'ignore_ament_install'
[0.500s] Level 1:colcon.colcon_core.package_identification:_identify(env/lib/python3.12/site-packages/pip/_internal/index/__pycache__) by extensions ['colcon_pkg']
[0.500s] Level 1:colcon.colcon_core.package_identification:_identify(env/lib/python3.12/site-packages/pip/_internal/index/__pycache__) by extension 'colcon_pkg'
[0.501s] Level 1:colcon.colcon_core.package_identification:_identify(env/lib/python3.12/site-packages/pip/_internal/index/__pycache__) by extensions ['colcon_meta']
[0.501s] Level 1:colcon.colcon_core.package_identification:_identify(env/lib/python3.12/site-packages/pip/_internal/index/__pycache__) by extension 'colcon_meta'
[0.501s] Level 1:colcon.colcon_core.package_identification:_identify(env/lib/python3.12/site-packages/pip/_internal/index/__pycache__) by extensions ['ros']
[0.501s] Level 1:colcon.colcon_core.package_identification:_identify(env/lib/python3.12/site-packages/pip/_internal/index/__pycache__) by extension 'ros'
[0.501s] Level 1:colcon.colcon_core.package_identification:_identify(env/lib/python3.12/site-packages/pip/_internal/index/__pycache__) by extensions ['cmake', 'python']
[0.501s] Level 1:colcon.colcon_core.package_identification:_identify(env/lib/python3.12/site-packages/pip/_internal/index/__pycache__) by extension 'cmake'
[0.501s] Level 1:colcon.colcon_core.package_identification:_identify(env/lib/python3.12/site-packages/pip/_internal/index/__pycache__) by extension 'python'
[0.501s] Level 1:colcon.colcon_core.package_identification:_identify(env/lib/python3.12/site-packages/pip/_internal/index/__pycache__) by extensions ['python_setup_py']
[0.501s] Level 1:colcon.colcon_core.package_identification:_identify(env/lib/python3.12/site-packages/pip/_internal/index/__pycache__) by extension 'python_setup_py'
[0.501s] Level 1:colcon.colcon_core.package_identification:_identify(env/lib/python3.12/site-packages/pip/_internal/locations) by extensions ['ignore', 'ignore_ament_install']
[0.502s] Level 1:colcon.colcon_core.package_identification:_identify(env/lib/python3.12/site-packages/pip/_internal/locations) by extension 'ignore'
[0.502s] Level 1:colcon.colcon_core.package_identification:_identify(env/lib/python3.12/site-packages/pip/_internal/locations) by extension 'ignore_ament_install'
[0.502s] Level 1:colcon.colcon_core.package_identification:_identify(env/lib/python3.12/site-packages/pip/_internal/locations) by extensions ['colcon_pkg']
[0.502s] Level 1:colcon.colcon_core.package_identification:_identify(env/lib/python3.12/site-packages/pip/_internal/locations) by extension 'colcon_pkg'
[0.502s] Level 1:colcon.colcon_core.package_identification:_identify(env/lib/python3.12/site-packages/pip/_internal/locations) by extensions ['colcon_meta']
[0.502s] Level 1:colcon.colcon_core.package_identification:_identify(env/lib/python3.12/site-packages/pip/_internal/locations) by extension 'colcon_meta'
[0.502s] Level 1:colcon.colcon_core.package_identification:_identify(env/lib/python3.12/site-packages/pip/_internal/locations) by extensions ['ros']
[0.502s] Level 1:colcon.colcon_core.package_identification:_identify(env/lib/python3.12/site-packages/pip/_internal/locations) by extension 'ros'
[0.502s] Level 1:colcon.colcon_core.package_identification:_identify(env/lib/python3.12/site-packages/pip/_internal/locations) by extensions ['cmake', 'python']
[0.502s] Level 1:colcon.colcon_core.package_identification:_identify(env/lib/python3.12/site-packages/pip/_internal/locations) by extension 'cmake'
[0.503s] Level 1:colcon.colcon_core.package_identification:_identify(env/lib/python3.12/site-packages/pip/_internal/locations) by extension 'python'
[0.503s] Level 1:colcon.colcon_core.package_identification:_identify(env/lib/python3.12/site-packages/pip/_internal/locations) by extensions ['python_setup_py']
[0.503s] Level 1:colcon.colcon_core.package_identification:_identify(env/lib/python3.12/site-packages/pip/_internal/locations) by extension 'python_setup_py'
[0.503s] Level 1:colcon.colcon_core.package_identification:_identify(env/lib/python3.12/site-packages/pip/_internal/locations/__pycache__) by extensions ['ignore', 'ignore_ament_install']
[0.503s] Level 1:colcon.colcon_core.package_identification:_identify(env/lib/python3.12/site-packages/pip/_internal/locations/__pycache__) by extension 'ignore'
[0.503s] Level 1:colcon.colcon_core.package_identification:_identify(env/lib/python3.12/site-packages/pip/_internal/locations/__pycache__) by extension 'ignore_ament_install'
[0.503s] Level 1:colcon.colcon_core.package_identification:_identify(env/lib/python3.12/site-packages/pip/_internal/locations/__pycache__) by extensions ['colcon_pkg']
[0.503s] Level 1:colcon.colcon_core.package_identification:_identify(env/lib/python3.12/site-packages/pip/_internal/locations/__pycache__) by extension 'colcon_pkg'
[0.503s] Level 1:colcon.colcon_core.package_identification:_identify(env/lib/python3.12/site-packages/pip/_internal/locations/__pycache__) by extensions ['colcon_meta']
[0.504s] Level 1:colcon.colcon_core.package_identification:_identify(env/lib/python3.12/site-packages/pip/_internal/locations/__pycache__) by extension 'colcon_meta'
[0.504s] Level 1:colcon.colcon_core.package_identification:_identify(env/lib/python3.12/site-packages/pip/_internal/locations/__pycache__) by extensions ['ros']
[0.504s] Level 1:colcon.colcon_core.package_identification:_identify(env/lib/python3.12/site-packages/pip/_internal/locations/__pycache__) by extension 'ros'
[0.504s] Level 1:colcon.colcon_core.package_identification:_identify(env/lib/python3.12/site-packages/pip/_internal/locations/__pycache__) by extensions ['cmake', 'python']
[0.504s] Level 1:colcon.colcon_core.package_identification:_identify(env/lib/python3.12/site-packages/pip/_internal/locations/__pycache__) by extension 'cmake'
[0.504s] Level 1:colcon.colcon_core.package_identification:_identify(env/lib/python3.12/site-packages/pip/_internal/locations/__pycache__) by extension 'python'
[0.504s] Level 1:colcon.colcon_core.package_identification:_identify(env/lib/python3.12/site-packages/pip/_internal/locations/__pycache__) by extensions ['python_setup_py']
[0.504s] Level 1:colcon.colcon_core.package_identification:_identify(env/lib/python3.12/site-packages/pip/_internal/locations/__pycache__) by extension 'python_setup_py'
[0.504s] Level 1:colcon.colcon_core.package_identification:_identify(env/lib/python3.12/site-packages/pip/_internal/metadata) by extensions ['ignore', 'ignore_ament_install']
[0.505s] Level 1:colcon.colcon_core.package_identification:_identify(env/lib/python3.12/site-packages/pip/_internal/metadata) by extension 'ignore'
[0.505s] Level 1:colcon.colcon_core.package_identification:_identify(env/lib/python3.12/site-packages/pip/_internal/metadata) by extension 'ignore_ament_install'
[0.505s] Level 1:colcon.colcon_core.package_identification:_identify(env/lib/python3.12/site-packages/pip/_internal/metadata) by extensions ['colcon_pkg']
[0.505s] Level 1:colcon.colcon_core.package_identification:_identify(env/lib/python3.12/site-packages/pip/_internal/metadata) by extension 'colcon_pkg'
[0.505s] Level 1:colcon.colcon_core.package_identification:_identify(env/lib/python3.12/site-packages/pip/_internal/metadata) by extensions ['colcon_meta']
[0.505s] Level 1:colcon.colcon_core.package_identification:_identify(env/lib/python3.12/site-packages/pip/_internal/metadata) by extension 'colcon_meta'
[0.505s] Level 1:colcon.colcon_core.package_identification:_identify(env/lib/python3.12/site-packages/pip/_internal/metadata) by extensions ['ros']
[0.505s] Level 1:colcon.colcon_core.package_identification:_identify(env/lib/python3.12/site-packages/pip/_internal/metadata) by extension 'ros'
[0.505s] Level 1:colcon.colcon_core.package_identification:_identify(env/lib/python3.12/site-packages/pip/_internal/metadata) by extensions ['cmake', 'python']
[0.506s] Level 1:colcon.colcon_core.package_identification:_identify(env/lib/python3.12/site-packages/pip/_internal/metadata) by extension 'cmake'
[0.506s] Level 1:colcon.colcon_core.package_identification:_identify(env/lib/python3.12/site-packages/pip/_internal/metadata) by extension 'python'
[0.506s] Level 1:colcon.colcon_core.package_identification:_identify(env/lib/python3.12/site-packages/pip/_internal/metadata) by extensions ['python_setup_py']
[0.506s] Level 1:colcon.colcon_core.package_identification:_identify(env/lib/python3.12/site-packages/pip/_internal/metadata) by extension 'python_setup_py'
[0.506s] Level 1:colcon.colcon_core.package_identification:_identify(env/lib/python3.12/site-packages/pip/_internal/metadata/__pycache__) by extensions ['ignore', 'ignore_ament_install']
[0.506s] Level 1:colcon.colcon_core.package_identification:_identify(env/lib/python3.12/site-packages/pip/_internal/metadata/__pycache__) by extension 'ignore'
[0.506s] Level 1:colcon.colcon_core.package_identification:_identify(env/lib/python3.12/site-packages/pip/_internal/metadata/__pycache__) by extension 'ignore_ament_install'
[0.506s] Level 1:colcon.colcon_core.package_identification:_identify(env/lib/python3.12/site-packages/pip/_internal/metadata/__pycache__) by extensions ['colcon_pkg']
[0.507s] Level 1:colcon.colcon_core.package_identification:_identify(env/lib/python3.12/site-packages/pip/_internal/metadata/__pycache__) by extension 'colcon_pkg'
[0.507s] Level 1:colcon.colcon_core.package_identification:_identify(env/lib/python3.12/site-packages/pip/_internal/metadata/__pycache__) by extensions ['colcon_meta']
[0.507s] Level 1:colcon.colcon_core.package_identification:_identify(env/lib/python3.12/site-packages/pip/_internal/metadata/__pycache__) by extension 'colcon_meta'
[0.507s] Level 1:colcon.colcon_core.package_identification:_identify(env/lib/python3.12/site-packages/pip/_internal/metadata/__pycache__) by extensions ['ros']
[0.507s] Level 1:colcon.colcon_core.package_identification:_identify(env/lib/python3.12/site-packages/pip/_internal/metadata/__pycache__) by extension 'ros'
[0.507s] Level 1:colcon.colcon_core.package_identification:_identify(env/lib/python3.12/site-packages/pip/_internal/metadata/__pycache__) by extensions ['cmake', 'python']
[0.507s] Level 1:colcon.colcon_core.package_identification:_identify(env/lib/python3.12/site-packages/pip/_internal/metadata/__pycache__) by extension 'cmake'
[0.508s] Level 1:colcon.colcon_core.package_identification:_identify(env/lib/python3.12/site-packages/pip/_internal/metadata/__pycache__) by extension 'python'
[0.508s] Level 1:colcon.colcon_core.package_identification:_identify(env/lib/python3.12/site-packages/pip/_internal/metadata/__pycache__) by extensions ['python_setup_py']
[0.508s] Level 1:colcon.colcon_core.package_identification:_identify(env/lib/python3.12/site-packages/pip/_internal/metadata/__pycache__) by extension 'python_setup_py'
[0.508s] Level 1:colcon.colcon_core.package_identification:_identify(env/lib/python3.12/site-packages/pip/_internal/metadata/importlib) by extensions ['ignore', 'ignore_ament_install']
[0.508s] Level 1:colcon.colcon_core.package_identification:_identify(env/lib/python3.12/site-packages/pip/_internal/metadata/importlib) by extension 'ignore'
[0.508s] Level 1:colcon.colcon_core.package_identification:_identify(env/lib/python3.12/site-packages/pip/_internal/metadata/importlib) by extension 'ignore_ament_install'
[0.509s] Level 1:colcon.colcon_core.package_identification:_identify(env/lib/python3.12/site-packages/pip/_internal/metadata/importlib) by extensions ['colcon_pkg']
[0.509s] Level 1:colcon.colcon_core.package_identification:_identify(env/lib/python3.12/site-packages/pip/_internal/metadata/importlib) by extension 'colcon_pkg'
[0.509s] Level 1:colcon.colcon_core.package_identification:_identify(env/lib/python3.12/site-packages/pip/_internal/metadata/importlib) by extensions ['colcon_meta']
[0.509s] Level 1:colcon.colcon_core.package_identification:_identify(env/lib/python3.12/site-packages/pip/_internal/metadata/importlib) by extension 'colcon_meta'
[0.509s] Level 1:colcon.colcon_core.package_identification:_identify(env/lib/python3.12/site-packages/pip/_internal/metadata/importlib) by extensions ['ros']
[0.509s] Level 1:colcon.colcon_core.package_identification:_identify(env/lib/python3.12/site-packages/pip/_internal/metadata/importlib) by extension 'ros'
[0.509s] Level 1:colcon.colcon_core.package_identification:_identify(env/lib/python3.12/site-packages/pip/_internal/metadata/importlib) by extensions ['cmake', 'python']
[0.509s] Level 1:colcon.colcon_core.package_identification:_identify(env/lib/python3.12/site-packages/pip/_internal/metadata/importlib) by extension 'cmake'
[0.509s] Level 1:colcon.colcon_core.package_identification:_identify(env/lib/python3.12/site-packages/pip/_internal/metadata/importlib) by extension 'python'
[0.509s] Level 1:colcon.colcon_core.package_identification:_identify(env/lib/python3.12/site-packages/pip/_internal/metadata/importlib) by extensions ['python_setup_py']
[0.509s] Level 1:colcon.colcon_core.package_identification:_identify(env/lib/python3.12/site-packages/pip/_internal/metadata/importlib) by extension 'python_setup_py'
[0.510s] Level 1:colcon.colcon_core.package_identification:_identify(env/lib/python3.12/site-packages/pip/_internal/metadata/importlib/__pycache__) by extensions ['ignore', 'ignore_ament_install']
[0.510s] Level 1:colcon.colcon_core.package_identification:_identify(env/lib/python3.12/site-packages/pip/_internal/metadata/importlib/__pycache__) by extension 'ignore'
[0.510s] Level 1:colcon.colcon_core.package_identification:_identify(env/lib/python3.12/site-packages/pip/_internal/metadata/importlib/__pycache__) by extension 'ignore_ament_install'
[0.510s] Level 1:colcon.colcon_core.package_identification:_identify(env/lib/python3.12/site-packages/pip/_internal/metadata/importlib/__pycache__) by extensions ['colcon_pkg']
[0.510s] Level 1:colcon.colcon_core.package_identification:_identify(env/lib/python3.12/site-packages/pip/_internal/metadata/importlib/__pycache__) by extension 'colcon_pkg'
[0.510s] Level 1:colcon.colcon_core.package_identification:_identify(env/lib/python3.12/site-packages/pip/_internal/metadata/importlib/__pycache__) by extensions ['colcon_meta']
[0.510s] Level 1:colcon.colcon_core.package_identification:_identify(env/lib/python3.12/site-packages/pip/_internal/metadata/importlib/__pycache__) by extension 'colcon_meta'
[0.510s] Level 1:colcon.colcon_core.package_identification:_identify(env/lib/python3.12/site-packages/pip/_internal/metadata/importlib/__pycache__) by extensions ['ros']
[0.511s] Level 1:colcon.colcon_core.package_identification:_identify(env/lib/python3.12/site-packages/pip/_internal/metadata/importlib/__pycache__) by extension 'ros'
[0.511s] Level 1:colcon.colcon_core.package_identification:_identify(env/lib/python3.12/site-packages/pip/_internal/metadata/importlib/__pycache__) by extensions ['cmake', 'python']
[0.511s] Level 1:colcon.colcon_core.package_identification:_identify(env/lib/python3.12/site-packages/pip/_internal/metadata/importlib/__pycache__) by extension 'cmake'
[0.511s] Level 1:colcon.colcon_core.package_identification:_identify(env/lib/python3.12/site-packages/pip/_internal/metadata/importlib/__pycache__) by extension 'python'
[0.511s] Level 1:colcon.colcon_core.package_identification:_identify(env/lib/python3.12/site-packages/pip/_internal/metadata/importlib/__pycache__) by extensions ['python_setup_py']
[0.511s] Level 1:colcon.colcon_core.package_identification:_identify(env/lib/python3.12/site-packages/pip/_internal/metadata/importlib/__pycache__) by extension 'python_setup_py'
[0.511s] Level 1:colcon.colcon_core.package_identification:_identify(env/lib/python3.12/site-packages/pip/_internal/models) by extensions ['ignore', 'ignore_ament_install']
[0.512s] Level 1:colcon.colcon_core.package_identification:_identify(env/lib/python3.12/site-packages/pip/_internal/models) by extension 'ignore'
[0.512s] Level 1:colcon.colcon_core.package_identification:_identify(env/lib/python3.12/site-packages/pip/_internal/models) by extension 'ignore_ament_install'
[0.512s] Level 1:colcon.colcon_core.package_identification:_identify(env/lib/python3.12/site-packages/pip/_internal/models) by extensions ['colcon_pkg']
[0.512s] Level 1:colcon.colcon_core.package_identification:_identify(env/lib/python3.12/site-packages/pip/_internal/models) by extension 'colcon_pkg'
[0.512s] Level 1:colcon.colcon_core.package_identification:_identify(env/lib/python3.12/site-packages/pip/_internal/models) by extensions ['colcon_meta']
[0.512s] Level 1:colcon.colcon_core.package_identification:_identify(env/lib/python3.12/site-packages/pip/_internal/models) by extension 'colcon_meta'
[0.512s] Level 1:colcon.colcon_core.package_identification:_identify(env/lib/python3.12/site-packages/pip/_internal/models) by extensions ['ros']
[0.512s] Level 1:colcon.colcon_core.package_identification:_identify(env/lib/python3.12/site-packages/pip/_internal/models) by extension 'ros'
[0.512s] Level 1:colcon.colcon_core.package_identification:_identify(env/lib/python3.12/site-packages/pip/_internal/models) by extensions ['cmake', 'python']
[0.512s] Level 1:colcon.colcon_core.package_identification:_identify(env/lib/python3.12/site-packages/pip/_internal/models) by extension 'cmake'
[0.513s] Level 1:colcon.colcon_core.package_identification:_identify(env/lib/python3.12/site-packages/pip/_internal/models) by extension 'python'
[0.513s] Level 1:colcon.colcon_core.package_identification:_identify(env/lib/python3.12/site-packages/pip/_internal/models) by extensions ['python_setup_py']
[0.513s] Level 1:colcon.colcon_core.package_identification:_identify(env/lib/python3.12/site-packages/pip/_internal/models) by extension 'python_setup_py'
[0.513s] Level 1:colcon.colcon_core.package_identification:_identify(env/lib/python3.12/site-packages/pip/_internal/models/__pycache__) by extensions ['ignore', 'ignore_ament_install']
[0.513s] Level 1:colcon.colcon_core.package_identification:_identify(env/lib/python3.12/site-packages/pip/_internal/models/__pycache__) by extension 'ignore'
[0.513s] Level 1:colcon.colcon_core.package_identification:_identify(env/lib/python3.12/site-packages/pip/_internal/models/__pycache__) by extension 'ignore_ament_install'
[0.513s] Level 1:colcon.colcon_core.package_identification:_identify(env/lib/python3.12/site-packages/pip/_internal/models/__pycache__) by extensions ['colcon_pkg']
[0.514s] Level 1:colcon.colcon_core.package_identification:_identify(env/lib/python3.12/site-packages/pip/_internal/models/__pycache__) by extension 'colcon_pkg'
[0.514s] Level 1:colcon.colcon_core.package_identification:_identify(env/lib/python3.12/site-packages/pip/_internal/models/__pycache__) by extensions ['colcon_meta']
[0.514s] Level 1:colcon.colcon_core.package_identification:_identify(env/lib/python3.12/site-packages/pip/_internal/models/__pycache__) by extension 'colcon_meta'
[0.514s] Level 1:colcon.colcon_core.package_identification:_identify(env/lib/python3.12/site-packages/pip/_internal/models/__pycache__) by extensions ['ros']
[0.514s] Level 1:colcon.colcon_core.package_identification:_identify(env/lib/python3.12/site-packages/pip/_internal/models/__pycache__) by extension 'ros'
[0.514s] Level 1:colcon.colcon_core.package_identification:_identify(env/lib/python3.12/site-packages/pip/_internal/models/__pycache__) by extensions ['cmake', 'python']
[0.514s] Level 1:colcon.colcon_core.package_identification:_identify(env/lib/python3.12/site-packages/pip/_internal/models/__pycache__) by extension 'cmake'
[0.514s] Level 1:colcon.colcon_core.package_identification:_identify(env/lib/python3.12/site-packages/pip/_internal/models/__pycache__) by extension 'python'
[0.514s] Level 1:colcon.colcon_core.package_identification:_identify(env/lib/python3.12/site-packages/pip/_internal/models/__pycache__) by extensions ['python_setup_py']
[0.514s] Level 1:colcon.colcon_core.package_identification:_identify(env/lib/python3.12/site-packages/pip/_internal/models/__pycache__) by extension 'python_setup_py'
[0.515s] Level 1:colcon.colcon_core.package_identification:_identify(env/lib/python3.12/site-packages/pip/_internal/network) by extensions ['ignore', 'ignore_ament_install']
[0.515s] Level 1:colcon.colcon_core.package_identification:_identify(env/lib/python3.12/site-packages/pip/_internal/network) by extension 'ignore'
[0.515s] Level 1:colcon.colcon_core.package_identification:_identify(env/lib/python3.12/site-packages/pip/_internal/network) by extension 'ignore_ament_install'
[0.515s] Level 1:colcon.colcon_core.package_identification:_identify(env/lib/python3.12/site-packages/pip/_internal/network) by extensions ['colcon_pkg']
[0.515s] Level 1:colcon.colcon_core.package_identification:_identify(env/lib/python3.12/site-packages/pip/_internal/network) by extension 'colcon_pkg'
[0.515s] Level 1:colcon.colcon_core.package_identification:_identify(env/lib/python3.12/site-packages/pip/_internal/network) by extensions ['colcon_meta']
[0.515s] Level 1:colcon.colcon_core.package_identification:_identify(env/lib/python3.12/site-packages/pip/_internal/network) by extension 'colcon_meta'
[0.515s] Level 1:colcon.colcon_core.package_identification:_identify(env/lib/python3.12/site-packages/pip/_internal/network) by extensions ['ros']
[0.515s] Level 1:colcon.colcon_core.package_identification:_identify(env/lib/python3.12/site-packages/pip/_internal/network) by extension 'ros'
[0.516s] Level 1:colcon.colcon_core.package_identification:_identify(env/lib/python3.12/site-packages/pip/_internal/network) by extensions ['cmake', 'python']
[0.516s] Level 1:colcon.colcon_core.package_identification:_identify(env/lib/python3.12/site-packages/pip/_internal/network) by extension 'cmake'
[0.516s] Level 1:colcon.colcon_core.package_identification:_identify(env/lib/python3.12/site-packages/pip/_internal/network) by extension 'python'
[0.516s] Level 1:colcon.colcon_core.package_identification:_identify(env/lib/python3.12/site-packages/pip/_internal/network) by extensions ['python_setup_py']
[0.516s] Level 1:colcon.colcon_core.package_identification:_identify(env/lib/python3.12/site-packages/pip/_internal/network) by extension 'python_setup_py'
[0.516s] Level 1:colcon.colcon_core.package_identification:_identify(env/lib/python3.12/site-packages/pip/_internal/network/__pycache__) by extensions ['ignore', 'ignore_ament_install']
[0.516s] Level 1:colcon.colcon_core.package_identification:_identify(env/lib/python3.12/site-packages/pip/_internal/network/__pycache__) by extension 'ignore'
[0.516s] Level 1:colcon.colcon_core.package_identification:_identify(env/lib/python3.12/site-packages/pip/_internal/network/__pycache__) by extension 'ignore_ament_install'
[0.517s] Level 1:colcon.colcon_core.package_identification:_identify(env/lib/python3.12/site-packages/pip/_internal/network/__pycache__) by extensions ['colcon_pkg']
[0.517s] Level 1:colcon.colcon_core.package_identification:_identify(env/lib/python3.12/site-packages/pip/_internal/network/__pycache__) by extension 'colcon_pkg'
[0.517s] Level 1:colcon.colcon_core.package_identification:_identify(env/lib/python3.12/site-packages/pip/_internal/network/__pycache__) by extensions ['colcon_meta']
[0.517s] Level 1:colcon.colcon_core.package_identification:_identify(env/lib/python3.12/site-packages/pip/_internal/network/__pycache__) by extension 'colcon_meta'
[0.517s] Level 1:colcon.colcon_core.package_identification:_identify(env/lib/python3.12/site-packages/pip/_internal/network/__pycache__) by extensions ['ros']
[0.517s] Level 1:colcon.colcon_core.package_identification:_identify(env/lib/python3.12/site-packages/pip/_internal/network/__pycache__) by extension 'ros'
[0.517s] Level 1:colcon.colcon_core.package_identification:_identify(env/lib/python3.12/site-packages/pip/_internal/network/__pycache__) by extensions ['cmake', 'python']
[0.517s] Level 1:colcon.colcon_core.package_identification:_identify(env/lib/python3.12/site-packages/pip/_internal/network/__pycache__) by extension 'cmake'
[0.517s] Level 1:colcon.colcon_core.package_identification:_identify(env/lib/python3.12/site-packages/pip/_internal/network/__pycache__) by extension 'python'
[0.517s] Level 1:colcon.colcon_core.package_identification:_identify(env/lib/python3.12/site-packages/pip/_internal/network/__pycache__) by extensions ['python_setup_py']
[0.517s] Level 1:colcon.colcon_core.package_identification:_identify(env/lib/python3.12/site-packages/pip/_internal/network/__pycache__) by extension 'python_setup_py'
[0.518s] Level 1:colcon.colcon_core.package_identification:_identify(env/lib/python3.12/site-packages/pip/_internal/operations) by extensions ['ignore', 'ignore_ament_install']
[0.518s] Level 1:colcon.colcon_core.package_identification:_identify(env/lib/python3.12/site-packages/pip/_internal/operations) by extension 'ignore'
[0.518s] Level 1:colcon.colcon_core.package_identification:_identify(env/lib/python3.12/site-packages/pip/_internal/operations) by extension 'ignore_ament_install'
[0.518s] Level 1:colcon.colcon_core.package_identification:_identify(env/lib/python3.12/site-packages/pip/_internal/operations) by extensions ['colcon_pkg']
[0.518s] Level 1:colcon.colcon_core.package_identification:_identify(env/lib/python3.12/site-packages/pip/_internal/operations) by extension 'colcon_pkg'
[0.518s] Level 1:colcon.colcon_core.package_identification:_identify(env/lib/python3.12/site-packages/pip/_internal/operations) by extensions ['colcon_meta']
[0.518s] Level 1:colcon.colcon_core.package_identification:_identify(env/lib/python3.12/site-packages/pip/_internal/operations) by extension 'colcon_meta'
[0.518s] Level 1:colcon.colcon_core.package_identification:_identify(env/lib/python3.12/site-packages/pip/_internal/operations) by extensions ['ros']
[0.518s] Level 1:colcon.colcon_core.package_identification:_identify(env/lib/python3.12/site-packages/pip/_internal/operations) by extension 'ros'
[0.519s] Level 1:colcon.colcon_core.package_identification:_identify(env/lib/python3.12/site-packages/pip/_internal/operations) by extensions ['cmake', 'python']
[0.519s] Level 1:colcon.colcon_core.package_identification:_identify(env/lib/python3.12/site-packages/pip/_internal/operations) by extension 'cmake'
[0.519s] Level 1:colcon.colcon_core.package_identification:_identify(env/lib/python3.12/site-packages/pip/_internal/operations) by extension 'python'
[0.519s] Level 1:colcon.colcon_core.package_identification:_identify(env/lib/python3.12/site-packages/pip/_internal/operations) by extensions ['python_setup_py']
[0.519s] Level 1:colcon.colcon_core.package_identification:_identify(env/lib/python3.12/site-packages/pip/_internal/operations) by extension 'python_setup_py'
[0.519s] Level 1:colcon.colcon_core.package_identification:_identify(env/lib/python3.12/site-packages/pip/_internal/operations/__pycache__) by extensions ['ignore', 'ignore_ament_install']
[0.519s] Level 1:colcon.colcon_core.package_identification:_identify(env/lib/python3.12/site-packages/pip/_internal/operations/__pycache__) by extension 'ignore'
[0.519s] Level 1:colcon.colcon_core.package_identification:_identify(env/lib/python3.12/site-packages/pip/_internal/operations/__pycache__) by extension 'ignore_ament_install'
[0.520s] Level 1:colcon.colcon_core.package_identification:_identify(env/lib/python3.12/site-packages/pip/_internal/operations/__pycache__) by extensions ['colcon_pkg']
[0.520s] Level 1:colcon.colcon_core.package_identification:_identify(env/lib/python3.12/site-packages/pip/_internal/operations/__pycache__) by extension 'colcon_pkg'
[0.520s] Level 1:colcon.colcon_core.package_identification:_identify(env/lib/python3.12/site-packages/pip/_internal/operations/__pycache__) by extensions ['colcon_meta']
[0.520s] Level 1:colcon.colcon_core.package_identification:_identify(env/lib/python3.12/site-packages/pip/_internal/operations/__pycache__) by extension 'colcon_meta'
[0.520s] Level 1:colcon.colcon_core.package_identification:_identify(env/lib/python3.12/site-packages/pip/_internal/operations/__pycache__) by extensions ['ros']
[0.520s] Level 1:colcon.colcon_core.package_identification:_identify(env/lib/python3.12/site-packages/pip/_internal/operations/__pycache__) by extension 'ros'
[0.520s] Level 1:colcon.colcon_core.package_identification:_identify(env/lib/python3.12/site-packages/pip/_internal/operations/__pycache__) by extensions ['cmake', 'python']
[0.520s] Level 1:colcon.colcon_core.package_identification:_identify(env/lib/python3.12/site-packages/pip/_internal/operations/__pycache__) by extension 'cmake'
[0.520s] Level 1:colcon.colcon_core.package_identification:_identify(env/lib/python3.12/site-packages/pip/_internal/operations/__pycache__) by extension 'python'
[0.520s] Level 1:colcon.colcon_core.package_identification:_identify(env/lib/python3.12/site-packages/pip/_internal/operations/__pycache__) by extensions ['python_setup_py']
[0.520s] Level 1:colcon.colcon_core.package_identification:_identify(env/lib/python3.12/site-packages/pip/_internal/operations/__pycache__) by extension 'python_setup_py'
[0.521s] Level 1:colcon.colcon_core.package_identification:_identify(env/lib/python3.12/site-packages/pip/_internal/operations/build) by extensions ['ignore', 'ignore_ament_install']
[0.521s] Level 1:colcon.colcon_core.package_identification:_identify(env/lib/python3.12/site-packages/pip/_internal/operations/build) by extension 'ignore'
[0.521s] Level 1:colcon.colcon_core.package_identification:_identify(env/lib/python3.12/site-packages/pip/_internal/operations/build) by extension 'ignore_ament_install'
[0.521s] Level 1:colcon.colcon_core.package_identification:_identify(env/lib/python3.12/site-packages/pip/_internal/operations/build) by extensions ['colcon_pkg']
[0.521s] Level 1:colcon.colcon_core.package_identification:_identify(env/lib/python3.12/site-packages/pip/_internal/operations/build) by extension 'colcon_pkg'
[0.521s] Level 1:colcon.colcon_core.package_identification:_identify(env/lib/python3.12/site-packages/pip/_internal/operations/build) by extensions ['colcon_meta']
[0.521s] Level 1:colcon.colcon_core.package_identification:_identify(env/lib/python3.12/site-packages/pip/_internal/operations/build) by extension 'colcon_meta'
[0.521s] Level 1:colcon.colcon_core.package_identification:_identify(env/lib/python3.12/site-packages/pip/_internal/operations/build) by extensions ['ros']
[0.521s] Level 1:colcon.colcon_core.package_identification:_identify(env/lib/python3.12/site-packages/pip/_internal/operations/build) by extension 'ros'
[0.522s] Level 1:colcon.colcon_core.package_identification:_identify(env/lib/python3.12/site-packages/pip/_internal/operations/build) by extensions ['cmake', 'python']
[0.522s] Level 1:colcon.colcon_core.package_identification:_identify(env/lib/python3.12/site-packages/pip/_internal/operations/build) by extension 'cmake'
[0.522s] Level 1:colcon.colcon_core.package_identification:_identify(env/lib/python3.12/site-packages/pip/_internal/operations/build) by extension 'python'
[0.522s] Level 1:colcon.colcon_core.package_identification:_identify(env/lib/python3.12/site-packages/pip/_internal/operations/build) by extensions ['python_setup_py']
[0.522s] Level 1:colcon.colcon_core.package_identification:_identify(env/lib/python3.12/site-packages/pip/_internal/operations/build) by extension 'python_setup_py'
[0.524s] Level 1:colcon.colcon_core.package_identification:_identify(env/lib/python3.12/site-packages/pip/_internal/operations/build/__pycache__) by extensions ['ignore', 'ignore_ament_install']
[0.524s] Level 1:colcon.colcon_core.package_identification:_identify(env/lib/python3.12/site-packages/pip/_internal/operations/build/__pycache__) by extension 'ignore'
[0.524s] Level 1:colcon.colcon_core.package_identification:_identify(env/lib/python3.12/site-packages/pip/_internal/operations/build/__pycache__) by extension 'ignore_ament_install'
[0.525s] Level 1:colcon.colcon_core.package_identification:_identify(env/lib/python3.12/site-packages/pip/_internal/operations/build/__pycache__) by extensions ['colcon_pkg']
[0.525s] Level 1:colcon.colcon_core.package_identification:_identify(env/lib/python3.12/site-packages/pip/_internal/operations/build/__pycache__) by extension 'colcon_pkg'
[0.525s] Level 1:colcon.colcon_core.package_identification:_identify(env/lib/python3.12/site-packages/pip/_internal/operations/build/__pycache__) by extensions ['colcon_meta']
[0.525s] Level 1:colcon.colcon_core.package_identification:_identify(env/lib/python3.12/site-packages/pip/_internal/operations/build/__pycache__) by extension 'colcon_meta'
[0.525s] Level 1:colcon.colcon_core.package_identification:_identify(env/lib/python3.12/site-packages/pip/_internal/operations/build/__pycache__) by extensions ['ros']
[0.525s] Level 1:colcon.colcon_core.package_identification:_identify(env/lib/python3.12/site-packages/pip/_internal/operations/build/__pycache__) by extension 'ros'
[0.525s] Level 1:colcon.colcon_core.package_identification:_identify(env/lib/python3.12/site-packages/pip/_internal/operations/build/__pycache__) by extensions ['cmake', 'python']
[0.525s] Level 1:colcon.colcon_core.package_identification:_identify(env/lib/python3.12/site-packages/pip/_internal/operations/build/__pycache__) by extension 'cmake'
[0.525s] Level 1:colcon.colcon_core.package_identification:_identify(env/lib/python3.12/site-packages/pip/_internal/operations/build/__pycache__) by extension 'python'
[0.526s] Level 1:colcon.colcon_core.package_identification:_identify(env/lib/python3.12/site-packages/pip/_internal/operations/build/__pycache__) by extensions ['python_setup_py']
[0.526s] Level 1:colcon.colcon_core.package_identification:_identify(env/lib/python3.12/site-packages/pip/_internal/operations/build/__pycache__) by extension 'python_setup_py'
[0.526s] Level 1:colcon.colcon_core.package_identification:_identify(env/lib/python3.12/site-packages/pip/_internal/operations/install) by extensions ['ignore', 'ignore_ament_install']
[0.526s] Level 1:colcon.colcon_core.package_identification:_identify(env/lib/python3.12/site-packages/pip/_internal/operations/install) by extension 'ignore'
[0.526s] Level 1:colcon.colcon_core.package_identification:_identify(env/lib/python3.12/site-packages/pip/_internal/operations/install) by extension 'ignore_ament_install'
[0.526s] Level 1:colcon.colcon_core.package_identification:_identify(env/lib/python3.12/site-packages/pip/_internal/operations/install) by extensions ['colcon_pkg']
[0.526s] Level 1:colcon.colcon_core.package_identification:_identify(env/lib/python3.12/site-packages/pip/_internal/operations/install) by extension 'colcon_pkg'
[0.526s] Level 1:colcon.colcon_core.package_identification:_identify(env/lib/python3.12/site-packages/pip/_internal/operations/install) by extensions ['colcon_meta']
[0.526s] Level 1:colcon.colcon_core.package_identification:_identify(env/lib/python3.12/site-packages/pip/_internal/operations/install) by extension 'colcon_meta'
[0.527s] Level 1:colcon.colcon_core.package_identification:_identify(env/lib/python3.12/site-packages/pip/_internal/operations/install) by extensions ['ros']
[0.527s] Level 1:colcon.colcon_core.package_identification:_identify(env/lib/python3.12/site-packages/pip/_internal/operations/install) by extension 'ros'
[0.527s] Level 1:colcon.colcon_core.package_identification:_identify(env/lib/python3.12/site-packages/pip/_internal/operations/install) by extensions ['cmake', 'python']
[0.527s] Level 1:colcon.colcon_core.package_identification:_identify(env/lib/python3.12/site-packages/pip/_internal/operations/install) by extension 'cmake'
[0.527s] Level 1:colcon.colcon_core.package_identification:_identify(env/lib/python3.12/site-packages/pip/_internal/operations/install) by extension 'python'
[0.527s] Level 1:colcon.colcon_core.package_identification:_identify(env/lib/python3.12/site-packages/pip/_internal/operations/install) by extensions ['python_setup_py']
[0.527s] Level 1:colcon.colcon_core.package_identification:_identify(env/lib/python3.12/site-packages/pip/_internal/operations/install) by extension 'python_setup_py'
[0.527s] Level 1:colcon.colcon_core.package_identification:_identify(env/lib/python3.12/site-packages/pip/_internal/operations/install/__pycache__) by extensions ['ignore', 'ignore_ament_install']
[0.528s] Level 1:colcon.colcon_core.package_identification:_identify(env/lib/python3.12/site-packages/pip/_internal/operations/install/__pycache__) by extension 'ignore'
[0.528s] Level 1:colcon.colcon_core.package_identification:_identify(env/lib/python3.12/site-packages/pip/_internal/operations/install/__pycache__) by extension 'ignore_ament_install'
[0.528s] Level 1:colcon.colcon_core.package_identification:_identify(env/lib/python3.12/site-packages/pip/_internal/operations/install/__pycache__) by extensions ['colcon_pkg']
[0.528s] Level 1:colcon.colcon_core.package_identification:_identify(env/lib/python3.12/site-packages/pip/_internal/operations/install/__pycache__) by extension 'colcon_pkg'
[0.528s] Level 1:colcon.colcon_core.package_identification:_identify(env/lib/python3.12/site-packages/pip/_internal/operations/install/__pycache__) by extensions ['colcon_meta']
[0.528s] Level 1:colcon.colcon_core.package_identification:_identify(env/lib/python3.12/site-packages/pip/_internal/operations/install/__pycache__) by extension 'colcon_meta'
[0.528s] Level 1:colcon.colcon_core.package_identification:_identify(env/lib/python3.12/site-packages/pip/_internal/operations/install/__pycache__) by extensions ['ros']
[0.528s] Level 1:colcon.colcon_core.package_identification:_identify(env/lib/python3.12/site-packages/pip/_internal/operations/install/__pycache__) by extension 'ros'
[0.528s] Level 1:colcon.colcon_core.package_identification:_identify(env/lib/python3.12/site-packages/pip/_internal/operations/install/__pycache__) by extensions ['cmake', 'python']
[0.529s] Level 1:colcon.colcon_core.package_identification:_identify(env/lib/python3.12/site-packages/pip/_internal/operations/install/__pycache__) by extension 'cmake'
[0.529s] Level 1:colcon.colcon_core.package_identification:_identify(env/lib/python3.12/site-packages/pip/_internal/operations/install/__pycache__) by extension 'python'
[0.529s] Level 1:colcon.colcon_core.package_identification:_identify(env/lib/python3.12/site-packages/pip/_internal/operations/install/__pycache__) by extensions ['python_setup_py']
[0.529s] Level 1:colcon.colcon_core.package_identification:_identify(env/lib/python3.12/site-packages/pip/_internal/operations/install/__pycache__) by extension 'python_setup_py'
[0.529s] Level 1:colcon.colcon_core.package_identification:_identify(env/lib/python3.12/site-packages/pip/_internal/req) by extensions ['ignore', 'ignore_ament_install']
[0.529s] Level 1:colcon.colcon_core.package_identification:_identify(env/lib/python3.12/site-packages/pip/_internal/req) by extension 'ignore'
[0.529s] Level 1:colcon.colcon_core.package_identification:_identify(env/lib/python3.12/site-packages/pip/_internal/req) by extension 'ignore_ament_install'
[0.529s] Level 1:colcon.colcon_core.package_identification:_identify(env/lib/python3.12/site-packages/pip/_internal/req) by extensions ['colcon_pkg']
[0.530s] Level 1:colcon.colcon_core.package_identification:_identify(env/lib/python3.12/site-packages/pip/_internal/req) by extension 'colcon_pkg'
[0.530s] Level 1:colcon.colcon_core.package_identification:_identify(env/lib/python3.12/site-packages/pip/_internal/req) by extensions ['colcon_meta']
[0.530s] Level 1:colcon.colcon_core.package_identification:_identify(env/lib/python3.12/site-packages/pip/_internal/req) by extension 'colcon_meta'
[0.530s] Level 1:colcon.colcon_core.package_identification:_identify(env/lib/python3.12/site-packages/pip/_internal/req) by extensions ['ros']
[0.530s] Level 1:colcon.colcon_core.package_identification:_identify(env/lib/python3.12/site-packages/pip/_internal/req) by extension 'ros'
[0.530s] Level 1:colcon.colcon_core.package_identification:_identify(env/lib/python3.12/site-packages/pip/_internal/req) by extensions ['cmake', 'python']
[0.530s] Level 1:colcon.colcon_core.package_identification:_identify(env/lib/python3.12/site-packages/pip/_internal/req) by extension 'cmake'
[0.530s] Level 1:colcon.colcon_core.package_identification:_identify(env/lib/python3.12/site-packages/pip/_internal/req) by extension 'python'
[0.530s] Level 1:colcon.colcon_core.package_identification:_identify(env/lib/python3.12/site-packages/pip/_internal/req) by extensions ['python_setup_py']
[0.530s] Level 1:colcon.colcon_core.package_identification:_identify(env/lib/python3.12/site-packages/pip/_internal/req) by extension 'python_setup_py'
[0.531s] Level 1:colcon.colcon_core.package_identification:_identify(env/lib/python3.12/site-packages/pip/_internal/req/__pycache__) by extensions ['ignore', 'ignore_ament_install']
[0.531s] Level 1:colcon.colcon_core.package_identification:_identify(env/lib/python3.12/site-packages/pip/_internal/req/__pycache__) by extension 'ignore'
[0.531s] Level 1:colcon.colcon_core.package_identification:_identify(env/lib/python3.12/site-packages/pip/_internal/req/__pycache__) by extension 'ignore_ament_install'
[0.531s] Level 1:colcon.colcon_core.package_identification:_identify(env/lib/python3.12/site-packages/pip/_internal/req/__pycache__) by extensions ['colcon_pkg']
[0.531s] Level 1:colcon.colcon_core.package_identification:_identify(env/lib/python3.12/site-packages/pip/_internal/req/__pycache__) by extension 'colcon_pkg'
[0.531s] Level 1:colcon.colcon_core.package_identification:_identify(env/lib/python3.12/site-packages/pip/_internal/req/__pycache__) by extensions ['colcon_meta']
[0.531s] Level 1:colcon.colcon_core.package_identification:_identify(env/lib/python3.12/site-packages/pip/_internal/req/__pycache__) by extension 'colcon_meta'
[0.531s] Level 1:colcon.colcon_core.package_identification:_identify(env/lib/python3.12/site-packages/pip/_internal/req/__pycache__) by extensions ['ros']
[0.531s] Level 1:colcon.colcon_core.package_identification:_identify(env/lib/python3.12/site-packages/pip/_internal/req/__pycache__) by extension 'ros'
[0.532s] Level 1:colcon.colcon_core.package_identification:_identify(env/lib/python3.12/site-packages/pip/_internal/req/__pycache__) by extensions ['cmake', 'python']
[0.532s] Level 1:colcon.colcon_core.package_identification:_identify(env/lib/python3.12/site-packages/pip/_internal/req/__pycache__) by extension 'cmake'
[0.532s] Level 1:colcon.colcon_core.package_identification:_identify(env/lib/python3.12/site-packages/pip/_internal/req/__pycache__) by extension 'python'
[0.532s] Level 1:colcon.colcon_core.package_identification:_identify(env/lib/python3.12/site-packages/pip/_internal/req/__pycache__) by extensions ['python_setup_py']
[0.532s] Level 1:colcon.colcon_core.package_identification:_identify(env/lib/python3.12/site-packages/pip/_internal/req/__pycache__) by extension 'python_setup_py'
[0.532s] Level 1:colcon.colcon_core.package_identification:_identify(env/lib/python3.12/site-packages/pip/_internal/resolution) by extensions ['ignore', 'ignore_ament_install']
[0.532s] Level 1:colcon.colcon_core.package_identification:_identify(env/lib/python3.12/site-packages/pip/_internal/resolution) by extension 'ignore'
[0.532s] Level 1:colcon.colcon_core.package_identification:_identify(env/lib/python3.12/site-packages/pip/_internal/resolution) by extension 'ignore_ament_install'
[0.532s] Level 1:colcon.colcon_core.package_identification:_identify(env/lib/python3.12/site-packages/pip/_internal/resolution) by extensions ['colcon_pkg']
[0.532s] Level 1:colcon.colcon_core.package_identification:_identify(env/lib/python3.12/site-packages/pip/_internal/resolution) by extension 'colcon_pkg'
[0.533s] Level 1:colcon.colcon_core.package_identification:_identify(env/lib/python3.12/site-packages/pip/_internal/resolution) by extensions ['colcon_meta']
[0.533s] Level 1:colcon.colcon_core.package_identification:_identify(env/lib/python3.12/site-packages/pip/_internal/resolution) by extension 'colcon_meta'
[0.533s] Level 1:colcon.colcon_core.package_identification:_identify(env/lib/python3.12/site-packages/pip/_internal/resolution) by extensions ['ros']
[0.533s] Level 1:colcon.colcon_core.package_identification:_identify(env/lib/python3.12/site-packages/pip/_internal/resolution) by extension 'ros'
[0.533s] Level 1:colcon.colcon_core.package_identification:_identify(env/lib/python3.12/site-packages/pip/_internal/resolution) by extensions ['cmake', 'python']
[0.533s] Level 1:colcon.colcon_core.package_identification:_identify(env/lib/python3.12/site-packages/pip/_internal/resolution) by extension 'cmake'
[0.533s] Level 1:colcon.colcon_core.package_identification:_identify(env/lib/python3.12/site-packages/pip/_internal/resolution) by extension 'python'
[0.533s] Level 1:colcon.colcon_core.package_identification:_identify(env/lib/python3.12/site-packages/pip/_internal/resolution) by extensions ['python_setup_py']
[0.533s] Level 1:colcon.colcon_core.package_identification:_identify(env/lib/python3.12/site-packages/pip/_internal/resolution) by extension 'python_setup_py'
[0.533s] Level 1:colcon.colcon_core.package_identification:_identify(env/lib/python3.12/site-packages/pip/_internal/resolution/__pycache__) by extensions ['ignore', 'ignore_ament_install']
[0.534s] Level 1:colcon.colcon_core.package_identification:_identify(env/lib/python3.12/site-packages/pip/_internal/resolution/__pycache__) by extension 'ignore'
[0.534s] Level 1:colcon.colcon_core.package_identification:_identify(env/lib/python3.12/site-packages/pip/_internal/resolution/__pycache__) by extension 'ignore_ament_install'
[0.534s] Level 1:colcon.colcon_core.package_identification:_identify(env/lib/python3.12/site-packages/pip/_internal/resolution/__pycache__) by extensions ['colcon_pkg']
[0.534s] Level 1:colcon.colcon_core.package_identification:_identify(env/lib/python3.12/site-packages/pip/_internal/resolution/__pycache__) by extension 'colcon_pkg'
[0.534s] Level 1:colcon.colcon_core.package_identification:_identify(env/lib/python3.12/site-packages/pip/_internal/resolution/__pycache__) by extensions ['colcon_meta']
[0.534s] Level 1:colcon.colcon_core.package_identification:_identify(env/lib/python3.12/site-packages/pip/_internal/resolution/__pycache__) by extension 'colcon_meta'
[0.534s] Level 1:colcon.colcon_core.package_identification:_identify(env/lib/python3.12/site-packages/pip/_internal/resolution/__pycache__) by extensions ['ros']
[0.534s] Level 1:colcon.colcon_core.package_identification:_identify(env/lib/python3.12/site-packages/pip/_internal/resolution/__pycache__) by extension 'ros'
[0.534s] Level 1:colcon.colcon_core.package_identification:_identify(env/lib/python3.12/site-packages/pip/_internal/resolution/__pycache__) by extensions ['cmake', 'python']
[0.535s] Level 1:colcon.colcon_core.package_identification:_identify(env/lib/python3.12/site-packages/pip/_internal/resolution/__pycache__) by extension 'cmake'
[0.535s] Level 1:colcon.colcon_core.package_identification:_identify(env/lib/python3.12/site-packages/pip/_internal/resolution/__pycache__) by extension 'python'
[0.535s] Level 1:colcon.colcon_core.package_identification:_identify(env/lib/python3.12/site-packages/pip/_internal/resolution/__pycache__) by extensions ['python_setup_py']
[0.535s] Level 1:colcon.colcon_core.package_identification:_identify(env/lib/python3.12/site-packages/pip/_internal/resolution/__pycache__) by extension 'python_setup_py'
[0.535s] Level 1:colcon.colcon_core.package_identification:_identify(env/lib/python3.12/site-packages/pip/_internal/resolution/legacy) by extensions ['ignore', 'ignore_ament_install']
[0.535s] Level 1:colcon.colcon_core.package_identification:_identify(env/lib/python3.12/site-packages/pip/_internal/resolution/legacy) by extension 'ignore'
[0.535s] Level 1:colcon.colcon_core.package_identification:_identify(env/lib/python3.12/site-packages/pip/_internal/resolution/legacy) by extension 'ignore_ament_install'
[0.535s] Level 1:colcon.colcon_core.package_identification:_identify(env/lib/python3.12/site-packages/pip/_internal/resolution/legacy) by extensions ['colcon_pkg']
[0.535s] Level 1:colcon.colcon_core.package_identification:_identify(env/lib/python3.12/site-packages/pip/_internal/resolution/legacy) by extension 'colcon_pkg'
[0.536s] Level 1:colcon.colcon_core.package_identification:_identify(env/lib/python3.12/site-packages/pip/_internal/resolution/legacy) by extensions ['colcon_meta']
[0.536s] Level 1:colcon.colcon_core.package_identification:_identify(env/lib/python3.12/site-packages/pip/_internal/resolution/legacy) by extension 'colcon_meta'
[0.536s] Level 1:colcon.colcon_core.package_identification:_identify(env/lib/python3.12/site-packages/pip/_internal/resolution/legacy) by extensions ['ros']
[0.536s] Level 1:colcon.colcon_core.package_identification:_identify(env/lib/python3.12/site-packages/pip/_internal/resolution/legacy) by extension 'ros'
[0.536s] Level 1:colcon.colcon_core.package_identification:_identify(env/lib/python3.12/site-packages/pip/_internal/resolution/legacy) by extensions ['cmake', 'python']
[0.536s] Level 1:colcon.colcon_core.package_identification:_identify(env/lib/python3.12/site-packages/pip/_internal/resolution/legacy) by extension 'cmake'
[0.536s] Level 1:colcon.colcon_core.package_identification:_identify(env/lib/python3.12/site-packages/pip/_internal/resolution/legacy) by extension 'python'
[0.536s] Level 1:colcon.colcon_core.package_identification:_identify(env/lib/python3.12/site-packages/pip/_internal/resolution/legacy) by extensions ['python_setup_py']
[0.536s] Level 1:colcon.colcon_core.package_identification:_identify(env/lib/python3.12/site-packages/pip/_internal/resolution/legacy) by extension 'python_setup_py'
[0.536s] Level 1:colcon.colcon_core.package_identification:_identify(env/lib/python3.12/site-packages/pip/_internal/resolution/legacy/__pycache__) by extensions ['ignore', 'ignore_ament_install']
[0.537s] Level 1:colcon.colcon_core.package_identification:_identify(env/lib/python3.12/site-packages/pip/_internal/resolution/legacy/__pycache__) by extension 'ignore'
[0.537s] Level 1:colcon.colcon_core.package_identification:_identify(env/lib/python3.12/site-packages/pip/_internal/resolution/legacy/__pycache__) by extension 'ignore_ament_install'
[0.537s] Level 1:colcon.colcon_core.package_identification:_identify(env/lib/python3.12/site-packages/pip/_internal/resolution/legacy/__pycache__) by extensions ['colcon_pkg']
[0.537s] Level 1:colcon.colcon_core.package_identification:_identify(env/lib/python3.12/site-packages/pip/_internal/resolution/legacy/__pycache__) by extension 'colcon_pkg'
[0.537s] Level 1:colcon.colcon_core.package_identification:_identify(env/lib/python3.12/site-packages/pip/_internal/resolution/legacy/__pycache__) by extensions ['colcon_meta']
[0.537s] Level 1:colcon.colcon_core.package_identification:_identify(env/lib/python3.12/site-packages/pip/_internal/resolution/legacy/__pycache__) by extension 'colcon_meta'
[0.537s] Level 1:colcon.colcon_core.package_identification:_identify(env/lib/python3.12/site-packages/pip/_internal/resolution/legacy/__pycache__) by extensions ['ros']
[0.537s] Level 1:colcon.colcon_core.package_identification:_identify(env/lib/python3.12/site-packages/pip/_internal/resolution/legacy/__pycache__) by extension 'ros'
[0.538s] Level 1:colcon.colcon_core.package_identification:_identify(env/lib/python3.12/site-packages/pip/_internal/resolution/legacy/__pycache__) by extensions ['cmake', 'python']
[0.538s] Level 1:colcon.colcon_core.package_identification:_identify(env/lib/python3.12/site-packages/pip/_internal/resolution/legacy/__pycache__) by extension 'cmake'
[0.538s] Level 1:colcon.colcon_core.package_identification:_identify(env/lib/python3.12/site-packages/pip/_internal/resolution/legacy/__pycache__) by extension 'python'
[0.538s] Level 1:colcon.colcon_core.package_identification:_identify(env/lib/python3.12/site-packages/pip/_internal/resolution/legacy/__pycache__) by extensions ['python_setup_py']
[0.538s] Level 1:colcon.colcon_core.package_identification:_identify(env/lib/python3.12/site-packages/pip/_internal/resolution/legacy/__pycache__) by extension 'python_setup_py'
[0.538s] Level 1:colcon.colcon_core.package_identification:_identify(env/lib/python3.12/site-packages/pip/_internal/resolution/resolvelib) by extensions ['ignore', 'ignore_ament_install']
[0.539s] Level 1:colcon.colcon_core.package_identification:_identify(env/lib/python3.12/site-packages/pip/_internal/resolution/resolvelib) by extension 'ignore'
[0.539s] Level 1:colcon.colcon_core.package_identification:_identify(env/lib/python3.12/site-packages/pip/_internal/resolution/resolvelib) by extension 'ignore_ament_install'
[0.539s] Level 1:colcon.colcon_core.package_identification:_identify(env/lib/python3.12/site-packages/pip/_internal/resolution/resolvelib) by extensions ['colcon_pkg']
[0.539s] Level 1:colcon.colcon_core.package_identification:_identify(env/lib/python3.12/site-packages/pip/_internal/resolution/resolvelib) by extension 'colcon_pkg'
[0.539s] Level 1:colcon.colcon_core.package_identification:_identify(env/lib/python3.12/site-packages/pip/_internal/resolution/resolvelib) by extensions ['colcon_meta']
[0.539s] Level 1:colcon.colcon_core.package_identification:_identify(env/lib/python3.12/site-packages/pip/_internal/resolution/resolvelib) by extension 'colcon_meta'
[0.539s] Level 1:colcon.colcon_core.package_identification:_identify(env/lib/python3.12/site-packages/pip/_internal/resolution/resolvelib) by extensions ['ros']
[0.539s] Level 1:colcon.colcon_core.package_identification:_identify(env/lib/python3.12/site-packages/pip/_internal/resolution/resolvelib) by extension 'ros'
[0.540s] Level 1:colcon.colcon_core.package_identification:_identify(env/lib/python3.12/site-packages/pip/_internal/resolution/resolvelib) by extensions ['cmake', 'python']
[0.540s] Level 1:colcon.colcon_core.package_identification:_identify(env/lib/python3.12/site-packages/pip/_internal/resolution/resolvelib) by extension 'cmake'
[0.540s] Level 1:colcon.colcon_core.package_identification:_identify(env/lib/python3.12/site-packages/pip/_internal/resolution/resolvelib) by extension 'python'
[0.540s] Level 1:colcon.colcon_core.package_identification:_identify(env/lib/python3.12/site-packages/pip/_internal/resolution/resolvelib) by extensions ['python_setup_py']
[0.540s] Level 1:colcon.colcon_core.package_identification:_identify(env/lib/python3.12/site-packages/pip/_internal/resolution/resolvelib) by extension 'python_setup_py'
[0.540s] Level 1:colcon.colcon_core.package_identification:_identify(env/lib/python3.12/site-packages/pip/_internal/resolution/resolvelib/__pycache__) by extensions ['ignore', 'ignore_ament_install']
[0.541s] Level 1:colcon.colcon_core.package_identification:_identify(env/lib/python3.12/site-packages/pip/_internal/resolution/resolvelib/__pycache__) by extension 'ignore'
[0.541s] Level 1:colcon.colcon_core.package_identification:_identify(env/lib/python3.12/site-packages/pip/_internal/resolution/resolvelib/__pycache__) by extension 'ignore_ament_install'
[0.541s] Level 1:colcon.colcon_core.package_identification:_identify(env/lib/python3.12/site-packages/pip/_internal/resolution/resolvelib/__pycache__) by extensions ['colcon_pkg']
[0.541s] Level 1:colcon.colcon_core.package_identification:_identify(env/lib/python3.12/site-packages/pip/_internal/resolution/resolvelib/__pycache__) by extension 'colcon_pkg'
[0.541s] Level 1:colcon.colcon_core.package_identification:_identify(env/lib/python3.12/site-packages/pip/_internal/resolution/resolvelib/__pycache__) by extensions ['colcon_meta']
[0.541s] Level 1:colcon.colcon_core.package_identification:_identify(env/lib/python3.12/site-packages/pip/_internal/resolution/resolvelib/__pycache__) by extension 'colcon_meta'
[0.541s] Level 1:colcon.colcon_core.package_identification:_identify(env/lib/python3.12/site-packages/pip/_internal/resolution/resolvelib/__pycache__) by extensions ['ros']
[0.541s] Level 1:colcon.colcon_core.package_identification:_identify(env/lib/python3.12/site-packages/pip/_internal/resolution/resolvelib/__pycache__) by extension 'ros'
[0.541s] Level 1:colcon.colcon_core.package_identification:_identify(env/lib/python3.12/site-packages/pip/_internal/resolution/resolvelib/__pycache__) by extensions ['cmake', 'python']
[0.541s] Level 1:colcon.colcon_core.package_identification:_identify(env/lib/python3.12/site-packages/pip/_internal/resolution/resolvelib/__pycache__) by extension 'cmake'
[0.542s] Level 1:colcon.colcon_core.package_identification:_identify(env/lib/python3.12/site-packages/pip/_internal/resolution/resolvelib/__pycache__) by extension 'python'
[0.542s] Level 1:colcon.colcon_core.package_identification:_identify(env/lib/python3.12/site-packages/pip/_internal/resolution/resolvelib/__pycache__) by extensions ['python_setup_py']
[0.542s] Level 1:colcon.colcon_core.package_identification:_identify(env/lib/python3.12/site-packages/pip/_internal/resolution/resolvelib/__pycache__) by extension 'python_setup_py'
[0.542s] Level 1:colcon.colcon_core.package_identification:_identify(env/lib/python3.12/site-packages/pip/_internal/utils) by extensions ['ignore', 'ignore_ament_install']
[0.542s] Level 1:colcon.colcon_core.package_identification:_identify(env/lib/python3.12/site-packages/pip/_internal/utils) by extension 'ignore'
[0.542s] Level 1:colcon.colcon_core.package_identification:_identify(env/lib/python3.12/site-packages/pip/_internal/utils) by extension 'ignore_ament_install'
[0.542s] Level 1:colcon.colcon_core.package_identification:_identify(env/lib/python3.12/site-packages/pip/_internal/utils) by extensions ['colcon_pkg']
[0.542s] Level 1:colcon.colcon_core.package_identification:_identify(env/lib/python3.12/site-packages/pip/_internal/utils) by extension 'colcon_pkg'
[0.543s] Level 1:colcon.colcon_core.package_identification:_identify(env/lib/python3.12/site-packages/pip/_internal/utils) by extensions ['colcon_meta']
[0.543s] Level 1:colcon.colcon_core.package_identification:_identify(env/lib/python3.12/site-packages/pip/_internal/utils) by extension 'colcon_meta'
[0.543s] Level 1:colcon.colcon_core.package_identification:_identify(env/lib/python3.12/site-packages/pip/_internal/utils) by extensions ['ros']
[0.543s] Level 1:colcon.colcon_core.package_identification:_identify(env/lib/python3.12/site-packages/pip/_internal/utils) by extension 'ros'
[0.543s] Level 1:colcon.colcon_core.package_identification:_identify(env/lib/python3.12/site-packages/pip/_internal/utils) by extensions ['cmake', 'python']
[0.543s] Level 1:colcon.colcon_core.package_identification:_identify(env/lib/python3.12/site-packages/pip/_internal/utils) by extension 'cmake'
[0.543s] Level 1:colcon.colcon_core.package_identification:_identify(env/lib/python3.12/site-packages/pip/_internal/utils) by extension 'python'
[0.543s] Level 1:colcon.colcon_core.package_identification:_identify(env/lib/python3.12/site-packages/pip/_internal/utils) by extensions ['python_setup_py']
[0.543s] Level 1:colcon.colcon_core.package_identification:_identify(env/lib/python3.12/site-packages/pip/_internal/utils) by extension 'python_setup_py'
[0.544s] Level 1:colcon.colcon_core.package_identification:_identify(env/lib/python3.12/site-packages/pip/_internal/utils/__pycache__) by extensions ['ignore', 'ignore_ament_install']
[0.544s] Level 1:colcon.colcon_core.package_identification:_identify(env/lib/python3.12/site-packages/pip/_internal/utils/__pycache__) by extension 'ignore'
[0.544s] Level 1:colcon.colcon_core.package_identification:_identify(env/lib/python3.12/site-packages/pip/_internal/utils/__pycache__) by extension 'ignore_ament_install'
[0.544s] Level 1:colcon.colcon_core.package_identification:_identify(env/lib/python3.12/site-packages/pip/_internal/utils/__pycache__) by extensions ['colcon_pkg']
[0.544s] Level 1:colcon.colcon_core.package_identification:_identify(env/lib/python3.12/site-packages/pip/_internal/utils/__pycache__) by extension 'colcon_pkg'
[0.544s] Level 1:colcon.colcon_core.package_identification:_identify(env/lib/python3.12/site-packages/pip/_internal/utils/__pycache__) by extensions ['colcon_meta']
[0.544s] Level 1:colcon.colcon_core.package_identification:_identify(env/lib/python3.12/site-packages/pip/_internal/utils/__pycache__) by extension 'colcon_meta'
[0.544s] Level 1:colcon.colcon_core.package_identification:_identify(env/lib/python3.12/site-packages/pip/_internal/utils/__pycache__) by extensions ['ros']
[0.544s] Level 1:colcon.colcon_core.package_identification:_identify(env/lib/python3.12/site-packages/pip/_internal/utils/__pycache__) by extension 'ros'
[0.544s] Level 1:colcon.colcon_core.package_identification:_identify(env/lib/python3.12/site-packages/pip/_internal/utils/__pycache__) by extensions ['cmake', 'python']
[0.545s] Level 1:colcon.colcon_core.package_identification:_identify(env/lib/python3.12/site-packages/pip/_internal/utils/__pycache__) by extension 'cmake'
[0.545s] Level 1:colcon.colcon_core.package_identification:_identify(env/lib/python3.12/site-packages/pip/_internal/utils/__pycache__) by extension 'python'
[0.545s] Level 1:colcon.colcon_core.package_identification:_identify(env/lib/python3.12/site-packages/pip/_internal/utils/__pycache__) by extensions ['python_setup_py']
[0.545s] Level 1:colcon.colcon_core.package_identification:_identify(env/lib/python3.12/site-packages/pip/_internal/utils/__pycache__) by extension 'python_setup_py'
[0.545s] Level 1:colcon.colcon_core.package_identification:_identify(env/lib/python3.12/site-packages/pip/_internal/vcs) by extensions ['ignore', 'ignore_ament_install']
[0.545s] Level 1:colcon.colcon_core.package_identification:_identify(env/lib/python3.12/site-packages/pip/_internal/vcs) by extension 'ignore'
[0.545s] Level 1:colcon.colcon_core.package_identification:_identify(env/lib/python3.12/site-packages/pip/_internal/vcs) by extension 'ignore_ament_install'
[0.545s] Level 1:colcon.colcon_core.package_identification:_identify(env/lib/python3.12/site-packages/pip/_internal/vcs) by extensions ['colcon_pkg']
[0.545s] Level 1:colcon.colcon_core.package_identification:_identify(env/lib/python3.12/site-packages/pip/_internal/vcs) by extension 'colcon_pkg'
[0.546s] Level 1:colcon.colcon_core.package_identification:_identify(env/lib/python3.12/site-packages/pip/_internal/vcs) by extensions ['colcon_meta']
[0.546s] Level 1:colcon.colcon_core.package_identification:_identify(env/lib/python3.12/site-packages/pip/_internal/vcs) by extension 'colcon_meta'
[0.546s] Level 1:colcon.colcon_core.package_identification:_identify(env/lib/python3.12/site-packages/pip/_internal/vcs) by extensions ['ros']
[0.546s] Level 1:colcon.colcon_core.package_identification:_identify(env/lib/python3.12/site-packages/pip/_internal/vcs) by extension 'ros'
[0.546s] Level 1:colcon.colcon_core.package_identification:_identify(env/lib/python3.12/site-packages/pip/_internal/vcs) by extensions ['cmake', 'python']
[0.546s] Level 1:colcon.colcon_core.package_identification:_identify(env/lib/python3.12/site-packages/pip/_internal/vcs) by extension 'cmake'
[0.546s] Level 1:colcon.colcon_core.package_identification:_identify(env/lib/python3.12/site-packages/pip/_internal/vcs) by extension 'python'
[0.546s] Level 1:colcon.colcon_core.package_identification:_identify(env/lib/python3.12/site-packages/pip/_internal/vcs) by extensions ['python_setup_py']
[0.546s] Level 1:colcon.colcon_core.package_identification:_identify(env/lib/python3.12/site-packages/pip/_internal/vcs) by extension 'python_setup_py'
[0.546s] Level 1:colcon.colcon_core.package_identification:_identify(env/lib/python3.12/site-packages/pip/_internal/vcs/__pycache__) by extensions ['ignore', 'ignore_ament_install']
[0.547s] Level 1:colcon.colcon_core.package_identification:_identify(env/lib/python3.12/site-packages/pip/_internal/vcs/__pycache__) by extension 'ignore'
[0.547s] Level 1:colcon.colcon_core.package_identification:_identify(env/lib/python3.12/site-packages/pip/_internal/vcs/__pycache__) by extension 'ignore_ament_install'
[0.547s] Level 1:colcon.colcon_core.package_identification:_identify(env/lib/python3.12/site-packages/pip/_internal/vcs/__pycache__) by extensions ['colcon_pkg']
[0.547s] Level 1:colcon.colcon_core.package_identification:_identify(env/lib/python3.12/site-packages/pip/_internal/vcs/__pycache__) by extension 'colcon_pkg'
[0.547s] Level 1:colcon.colcon_core.package_identification:_identify(env/lib/python3.12/site-packages/pip/_internal/vcs/__pycache__) by extensions ['colcon_meta']
[0.547s] Level 1:colcon.colcon_core.package_identification:_identify(env/lib/python3.12/site-packages/pip/_internal/vcs/__pycache__) by extension 'colcon_meta'
[0.547s] Level 1:colcon.colcon_core.package_identification:_identify(env/lib/python3.12/site-packages/pip/_internal/vcs/__pycache__) by extensions ['ros']
[0.547s] Level 1:colcon.colcon_core.package_identification:_identify(env/lib/python3.12/site-packages/pip/_internal/vcs/__pycache__) by extension 'ros'
[0.547s] Level 1:colcon.colcon_core.package_identification:_identify(env/lib/python3.12/site-packages/pip/_internal/vcs/__pycache__) by extensions ['cmake', 'python']
[0.547s] Level 1:colcon.colcon_core.package_identification:_identify(env/lib/python3.12/site-packages/pip/_internal/vcs/__pycache__) by extension 'cmake'
[0.547s] Level 1:colcon.colcon_core.package_identification:_identify(env/lib/python3.12/site-packages/pip/_internal/vcs/__pycache__) by extension 'python'
[0.548s] Level 1:colcon.colcon_core.package_identification:_identify(env/lib/python3.12/site-packages/pip/_internal/vcs/__pycache__) by extensions ['python_setup_py']
[0.548s] Level 1:colcon.colcon_core.package_identification:_identify(env/lib/python3.12/site-packages/pip/_internal/vcs/__pycache__) by extension 'python_setup_py'
[0.548s] Level 1:colcon.colcon_core.package_identification:_identify(env/lib/python3.12/site-packages/pip/_vendor) by extensions ['ignore', 'ignore_ament_install']
[0.548s] Level 1:colcon.colcon_core.package_identification:_identify(env/lib/python3.12/site-packages/pip/_vendor) by extension 'ignore'
[0.548s] Level 1:colcon.colcon_core.package_identification:_identify(env/lib/python3.12/site-packages/pip/_vendor) by extension 'ignore_ament_install'
[0.548s] Level 1:colcon.colcon_core.package_identification:_identify(env/lib/python3.12/site-packages/pip/_vendor) by extensions ['colcon_pkg']
[0.548s] Level 1:colcon.colcon_core.package_identification:_identify(env/lib/python3.12/site-packages/pip/_vendor) by extension 'colcon_pkg'
[0.548s] Level 1:colcon.colcon_core.package_identification:_identify(env/lib/python3.12/site-packages/pip/_vendor) by extensions ['colcon_meta']
[0.549s] Level 1:colcon.colcon_core.package_identification:_identify(env/lib/python3.12/site-packages/pip/_vendor) by extension 'colcon_meta'
[0.549s] Level 1:colcon.colcon_core.package_identification:_identify(env/lib/python3.12/site-packages/pip/_vendor) by extensions ['ros']
[0.549s] Level 1:colcon.colcon_core.package_identification:_identify(env/lib/python3.12/site-packages/pip/_vendor) by extension 'ros'
[0.549s] Level 1:colcon.colcon_core.package_identification:_identify(env/lib/python3.12/site-packages/pip/_vendor) by extensions ['cmake', 'python']
[0.549s] Level 1:colcon.colcon_core.package_identification:_identify(env/lib/python3.12/site-packages/pip/_vendor) by extension 'cmake'
[0.549s] Level 1:colcon.colcon_core.package_identification:_identify(env/lib/python3.12/site-packages/pip/_vendor) by extension 'python'
[0.549s] Level 1:colcon.colcon_core.package_identification:_identify(env/lib/python3.12/site-packages/pip/_vendor) by extensions ['python_setup_py']
[0.549s] Level 1:colcon.colcon_core.package_identification:_identify(env/lib/python3.12/site-packages/pip/_vendor) by extension 'python_setup_py'
[0.549s] Level 1:colcon.colcon_core.package_identification:_identify(env/lib/python3.12/site-packages/pip/_vendor/__pycache__) by extensions ['ignore', 'ignore_ament_install']
[0.550s] Level 1:colcon.colcon_core.package_identification:_identify(env/lib/python3.12/site-packages/pip/_vendor/__pycache__) by extension 'ignore'
[0.550s] Level 1:colcon.colcon_core.package_identification:_identify(env/lib/python3.12/site-packages/pip/_vendor/__pycache__) by extension 'ignore_ament_install'
[0.550s] Level 1:colcon.colcon_core.package_identification:_identify(env/lib/python3.12/site-packages/pip/_vendor/__pycache__) by extensions ['colcon_pkg']
[0.550s] Level 1:colcon.colcon_core.package_identification:_identify(env/lib/python3.12/site-packages/pip/_vendor/__pycache__) by extension 'colcon_pkg'
[0.550s] Level 1:colcon.colcon_core.package_identification:_identify(env/lib/python3.12/site-packages/pip/_vendor/__pycache__) by extensions ['colcon_meta']
[0.550s] Level 1:colcon.colcon_core.package_identification:_identify(env/lib/python3.12/site-packages/pip/_vendor/__pycache__) by extension 'colcon_meta'
[0.550s] Level 1:colcon.colcon_core.package_identification:_identify(env/lib/python3.12/site-packages/pip/_vendor/__pycache__) by extensions ['ros']
[0.550s] Level 1:colcon.colcon_core.package_identification:_identify(env/lib/python3.12/site-packages/pip/_vendor/__pycache__) by extension 'ros'
[0.550s] Level 1:colcon.colcon_core.package_identification:_identify(env/lib/python3.12/site-packages/pip/_vendor/__pycache__) by extensions ['cmake', 'python']
[0.550s] Level 1:colcon.colcon_core.package_identification:_identify(env/lib/python3.12/site-packages/pip/_vendor/__pycache__) by extension 'cmake'
[0.550s] Level 1:colcon.colcon_core.package_identification:_identify(env/lib/python3.12/site-packages/pip/_vendor/__pycache__) by extension 'python'
[0.550s] Level 1:colcon.colcon_core.package_identification:_identify(env/lib/python3.12/site-packages/pip/_vendor/__pycache__) by extensions ['python_setup_py']
[0.551s] Level 1:colcon.colcon_core.package_identification:_identify(env/lib/python3.12/site-packages/pip/_vendor/__pycache__) by extension 'python_setup_py'
[0.551s] Level 1:colcon.colcon_core.package_identification:_identify(env/lib/python3.12/site-packages/pip/_vendor/cachecontrol) by extensions ['ignore', 'ignore_ament_install']
[0.551s] Level 1:colcon.colcon_core.package_identification:_identify(env/lib/python3.12/site-packages/pip/_vendor/cachecontrol) by extension 'ignore'
[0.551s] Level 1:colcon.colcon_core.package_identification:_identify(env/lib/python3.12/site-packages/pip/_vendor/cachecontrol) by extension 'ignore_ament_install'
[0.551s] Level 1:colcon.colcon_core.package_identification:_identify(env/lib/python3.12/site-packages/pip/_vendor/cachecontrol) by extensions ['colcon_pkg']
[0.551s] Level 1:colcon.colcon_core.package_identification:_identify(env/lib/python3.12/site-packages/pip/_vendor/cachecontrol) by extension 'colcon_pkg'
[0.551s] Level 1:colcon.colcon_core.package_identification:_identify(env/lib/python3.12/site-packages/pip/_vendor/cachecontrol) by extensions ['colcon_meta']
[0.551s] Level 1:colcon.colcon_core.package_identification:_identify(env/lib/python3.12/site-packages/pip/_vendor/cachecontrol) by extension 'colcon_meta'
[0.551s] Level 1:colcon.colcon_core.package_identification:_identify(env/lib/python3.12/site-packages/pip/_vendor/cachecontrol) by extensions ['ros']
[0.551s] Level 1:colcon.colcon_core.package_identification:_identify(env/lib/python3.12/site-packages/pip/_vendor/cachecontrol) by extension 'ros'
[0.552s] Level 1:colcon.colcon_core.package_identification:_identify(env/lib/python3.12/site-packages/pip/_vendor/cachecontrol) by extensions ['cmake', 'python']
[0.552s] Level 1:colcon.colcon_core.package_identification:_identify(env/lib/python3.12/site-packages/pip/_vendor/cachecontrol) by extension 'cmake'
[0.552s] Level 1:colcon.colcon_core.package_identification:_identify(env/lib/python3.12/site-packages/pip/_vendor/cachecontrol) by extension 'python'
[0.552s] Level 1:colcon.colcon_core.package_identification:_identify(env/lib/python3.12/site-packages/pip/_vendor/cachecontrol) by extensions ['python_setup_py']
[0.552s] Level 1:colcon.colcon_core.package_identification:_identify(env/lib/python3.12/site-packages/pip/_vendor/cachecontrol) by extension 'python_setup_py'
[0.552s] Level 1:colcon.colcon_core.package_identification:_identify(env/lib/python3.12/site-packages/pip/_vendor/cachecontrol/__pycache__) by extensions ['ignore', 'ignore_ament_install']
[0.552s] Level 1:colcon.colcon_core.package_identification:_identify(env/lib/python3.12/site-packages/pip/_vendor/cachecontrol/__pycache__) by extension 'ignore'
[0.552s] Level 1:colcon.colcon_core.package_identification:_identify(env/lib/python3.12/site-packages/pip/_vendor/cachecontrol/__pycache__) by extension 'ignore_ament_install'
[0.552s] Level 1:colcon.colcon_core.package_identification:_identify(env/lib/python3.12/site-packages/pip/_vendor/cachecontrol/__pycache__) by extensions ['colcon_pkg']
[0.553s] Level 1:colcon.colcon_core.package_identification:_identify(env/lib/python3.12/site-packages/pip/_vendor/cachecontrol/__pycache__) by extension 'colcon_pkg'
[0.553s] Level 1:colcon.colcon_core.package_identification:_identify(env/lib/python3.12/site-packages/pip/_vendor/cachecontrol/__pycache__) by extensions ['colcon_meta']
[0.553s] Level 1:colcon.colcon_core.package_identification:_identify(env/lib/python3.12/site-packages/pip/_vendor/cachecontrol/__pycache__) by extension 'colcon_meta'
[0.553s] Level 1:colcon.colcon_core.package_identification:_identify(env/lib/python3.12/site-packages/pip/_vendor/cachecontrol/__pycache__) by extensions ['ros']
[0.553s] Level 1:colcon.colcon_core.package_identification:_identify(env/lib/python3.12/site-packages/pip/_vendor/cachecontrol/__pycache__) by extension 'ros'
[0.553s] Level 1:colcon.colcon_core.package_identification:_identify(env/lib/python3.12/site-packages/pip/_vendor/cachecontrol/__pycache__) by extensions ['cmake', 'python']
[0.553s] Level 1:colcon.colcon_core.package_identification:_identify(env/lib/python3.12/site-packages/pip/_vendor/cachecontrol/__pycache__) by extension 'cmake'
[0.553s] Level 1:colcon.colcon_core.package_identification:_identify(env/lib/python3.12/site-packages/pip/_vendor/cachecontrol/__pycache__) by extension 'python'
[0.553s] Level 1:colcon.colcon_core.package_identification:_identify(env/lib/python3.12/site-packages/pip/_vendor/cachecontrol/__pycache__) by extensions ['python_setup_py']
[0.553s] Level 1:colcon.colcon_core.package_identification:_identify(env/lib/python3.12/site-packages/pip/_vendor/cachecontrol/__pycache__) by extension 'python_setup_py'
[0.553s] Level 1:colcon.colcon_core.package_identification:_identify(env/lib/python3.12/site-packages/pip/_vendor/cachecontrol/caches) by extensions ['ignore', 'ignore_ament_install']
[0.554s] Level 1:colcon.colcon_core.package_identification:_identify(env/lib/python3.12/site-packages/pip/_vendor/cachecontrol/caches) by extension 'ignore'
[0.554s] Level 1:colcon.colcon_core.package_identification:_identify(env/lib/python3.12/site-packages/pip/_vendor/cachecontrol/caches) by extension 'ignore_ament_install'
[0.554s] Level 1:colcon.colcon_core.package_identification:_identify(env/lib/python3.12/site-packages/pip/_vendor/cachecontrol/caches) by extensions ['colcon_pkg']
[0.554s] Level 1:colcon.colcon_core.package_identification:_identify(env/lib/python3.12/site-packages/pip/_vendor/cachecontrol/caches) by extension 'colcon_pkg'
[0.554s] Level 1:colcon.colcon_core.package_identification:_identify(env/lib/python3.12/site-packages/pip/_vendor/cachecontrol/caches) by extensions ['colcon_meta']
[0.554s] Level 1:colcon.colcon_core.package_identification:_identify(env/lib/python3.12/site-packages/pip/_vendor/cachecontrol/caches) by extension 'colcon_meta'
[0.554s] Level 1:colcon.colcon_core.package_identification:_identify(env/lib/python3.12/site-packages/pip/_vendor/cachecontrol/caches) by extensions ['ros']
[0.554s] Level 1:colcon.colcon_core.package_identification:_identify(env/lib/python3.12/site-packages/pip/_vendor/cachecontrol/caches) by extension 'ros'
[0.555s] Level 1:colcon.colcon_core.package_identification:_identify(env/lib/python3.12/site-packages/pip/_vendor/cachecontrol/caches) by extensions ['cmake', 'python']
[0.555s] Level 1:colcon.colcon_core.package_identification:_identify(env/lib/python3.12/site-packages/pip/_vendor/cachecontrol/caches) by extension 'cmake'
[0.555s] Level 1:colcon.colcon_core.package_identification:_identify(env/lib/python3.12/site-packages/pip/_vendor/cachecontrol/caches) by extension 'python'
[0.555s] Level 1:colcon.colcon_core.package_identification:_identify(env/lib/python3.12/site-packages/pip/_vendor/cachecontrol/caches) by extensions ['python_setup_py']
[0.555s] Level 1:colcon.colcon_core.package_identification:_identify(env/lib/python3.12/site-packages/pip/_vendor/cachecontrol/caches) by extension 'python_setup_py'
[0.555s] Level 1:colcon.colcon_core.package_identification:_identify(env/lib/python3.12/site-packages/pip/_vendor/cachecontrol/caches/__pycache__) by extensions ['ignore', 'ignore_ament_install']
[0.555s] Level 1:colcon.colcon_core.package_identification:_identify(env/lib/python3.12/site-packages/pip/_vendor/cachecontrol/caches/__pycache__) by extension 'ignore'
[0.555s] Level 1:colcon.colcon_core.package_identification:_identify(env/lib/python3.12/site-packages/pip/_vendor/cachecontrol/caches/__pycache__) by extension 'ignore_ament_install'
[0.556s] Level 1:colcon.colcon_core.package_identification:_identify(env/lib/python3.12/site-packages/pip/_vendor/cachecontrol/caches/__pycache__) by extensions ['colcon_pkg']
[0.556s] Level 1:colcon.colcon_core.package_identification:_identify(env/lib/python3.12/site-packages/pip/_vendor/cachecontrol/caches/__pycache__) by extension 'colcon_pkg'
[0.556s] Level 1:colcon.colcon_core.package_identification:_identify(env/lib/python3.12/site-packages/pip/_vendor/cachecontrol/caches/__pycache__) by extensions ['colcon_meta']
[0.556s] Level 1:colcon.colcon_core.package_identification:_identify(env/lib/python3.12/site-packages/pip/_vendor/cachecontrol/caches/__pycache__) by extension 'colcon_meta'
[0.556s] Level 1:colcon.colcon_core.package_identification:_identify(env/lib/python3.12/site-packages/pip/_vendor/cachecontrol/caches/__pycache__) by extensions ['ros']
[0.556s] Level 1:colcon.colcon_core.package_identification:_identify(env/lib/python3.12/site-packages/pip/_vendor/cachecontrol/caches/__pycache__) by extension 'ros'
[0.556s] Level 1:colcon.colcon_core.package_identification:_identify(env/lib/python3.12/site-packages/pip/_vendor/cachecontrol/caches/__pycache__) by extensions ['cmake', 'python']
[0.556s] Level 1:colcon.colcon_core.package_identification:_identify(env/lib/python3.12/site-packages/pip/_vendor/cachecontrol/caches/__pycache__) by extension 'cmake'
[0.556s] Level 1:colcon.colcon_core.package_identification:_identify(env/lib/python3.12/site-packages/pip/_vendor/cachecontrol/caches/__pycache__) by extension 'python'
[0.556s] Level 1:colcon.colcon_core.package_identification:_identify(env/lib/python3.12/site-packages/pip/_vendor/cachecontrol/caches/__pycache__) by extensions ['python_setup_py']
[0.556s] Level 1:colcon.colcon_core.package_identification:_identify(env/lib/python3.12/site-packages/pip/_vendor/cachecontrol/caches/__pycache__) by extension 'python_setup_py'
[0.557s] Level 1:colcon.colcon_core.package_identification:_identify(env/lib/python3.12/site-packages/pip/_vendor/certifi) by extensions ['ignore', 'ignore_ament_install']
[0.557s] Level 1:colcon.colcon_core.package_identification:_identify(env/lib/python3.12/site-packages/pip/_vendor/certifi) by extension 'ignore'
[0.557s] Level 1:colcon.colcon_core.package_identification:_identify(env/lib/python3.12/site-packages/pip/_vendor/certifi) by extension 'ignore_ament_install'
[0.557s] Level 1:colcon.colcon_core.package_identification:_identify(env/lib/python3.12/site-packages/pip/_vendor/certifi) by extensions ['colcon_pkg']
[0.557s] Level 1:colcon.colcon_core.package_identification:_identify(env/lib/python3.12/site-packages/pip/_vendor/certifi) by extension 'colcon_pkg'
[0.557s] Level 1:colcon.colcon_core.package_identification:_identify(env/lib/python3.12/site-packages/pip/_vendor/certifi) by extensions ['colcon_meta']
[0.557s] Level 1:colcon.colcon_core.package_identification:_identify(env/lib/python3.12/site-packages/pip/_vendor/certifi) by extension 'colcon_meta'
[0.557s] Level 1:colcon.colcon_core.package_identification:_identify(env/lib/python3.12/site-packages/pip/_vendor/certifi) by extensions ['ros']
[0.557s] Level 1:colcon.colcon_core.package_identification:_identify(env/lib/python3.12/site-packages/pip/_vendor/certifi) by extension 'ros'
[0.558s] Level 1:colcon.colcon_core.package_identification:_identify(env/lib/python3.12/site-packages/pip/_vendor/certifi) by extensions ['cmake', 'python']
[0.558s] Level 1:colcon.colcon_core.package_identification:_identify(env/lib/python3.12/site-packages/pip/_vendor/certifi) by extension 'cmake'
[0.558s] Level 1:colcon.colcon_core.package_identification:_identify(env/lib/python3.12/site-packages/pip/_vendor/certifi) by extension 'python'
[0.558s] Level 1:colcon.colcon_core.package_identification:_identify(env/lib/python3.12/site-packages/pip/_vendor/certifi) by extensions ['python_setup_py']
[0.558s] Level 1:colcon.colcon_core.package_identification:_identify(env/lib/python3.12/site-packages/pip/_vendor/certifi) by extension 'python_setup_py'
[0.558s] Level 1:colcon.colcon_core.package_identification:_identify(env/lib/python3.12/site-packages/pip/_vendor/certifi/__pycache__) by extensions ['ignore', 'ignore_ament_install']
[0.558s] Level 1:colcon.colcon_core.package_identification:_identify(env/lib/python3.12/site-packages/pip/_vendor/certifi/__pycache__) by extension 'ignore'
[0.558s] Level 1:colcon.colcon_core.package_identification:_identify(env/lib/python3.12/site-packages/pip/_vendor/certifi/__pycache__) by extension 'ignore_ament_install'
[0.558s] Level 1:colcon.colcon_core.package_identification:_identify(env/lib/python3.12/site-packages/pip/_vendor/certifi/__pycache__) by extensions ['colcon_pkg']
[0.559s] Level 1:colcon.colcon_core.package_identification:_identify(env/lib/python3.12/site-packages/pip/_vendor/certifi/__pycache__) by extension 'colcon_pkg'
[0.559s] Level 1:colcon.colcon_core.package_identification:_identify(env/lib/python3.12/site-packages/pip/_vendor/certifi/__pycache__) by extensions ['colcon_meta']
[0.559s] Level 1:colcon.colcon_core.package_identification:_identify(env/lib/python3.12/site-packages/pip/_vendor/certifi/__pycache__) by extension 'colcon_meta'
[0.559s] Level 1:colcon.colcon_core.package_identification:_identify(env/lib/python3.12/site-packages/pip/_vendor/certifi/__pycache__) by extensions ['ros']
[0.559s] Level 1:colcon.colcon_core.package_identification:_identify(env/lib/python3.12/site-packages/pip/_vendor/certifi/__pycache__) by extension 'ros'
[0.559s] Level 1:colcon.colcon_core.package_identification:_identify(env/lib/python3.12/site-packages/pip/_vendor/certifi/__pycache__) by extensions ['cmake', 'python']
[0.559s] Level 1:colcon.colcon_core.package_identification:_identify(env/lib/python3.12/site-packages/pip/_vendor/certifi/__pycache__) by extension 'cmake'
[0.559s] Level 1:colcon.colcon_core.package_identification:_identify(env/lib/python3.12/site-packages/pip/_vendor/certifi/__pycache__) by extension 'python'
[0.559s] Level 1:colcon.colcon_core.package_identification:_identify(env/lib/python3.12/site-packages/pip/_vendor/certifi/__pycache__) by extensions ['python_setup_py']
[0.559s] Level 1:colcon.colcon_core.package_identification:_identify(env/lib/python3.12/site-packages/pip/_vendor/certifi/__pycache__) by extension 'python_setup_py'
[0.560s] Level 1:colcon.colcon_core.package_identification:_identify(env/lib/python3.12/site-packages/pip/_vendor/chardet) by extensions ['ignore', 'ignore_ament_install']
[0.560s] Level 1:colcon.colcon_core.package_identification:_identify(env/lib/python3.12/site-packages/pip/_vendor/chardet) by extension 'ignore'
[0.560s] Level 1:colcon.colcon_core.package_identification:_identify(env/lib/python3.12/site-packages/pip/_vendor/chardet) by extension 'ignore_ament_install'
[0.560s] Level 1:colcon.colcon_core.package_identification:_identify(env/lib/python3.12/site-packages/pip/_vendor/chardet) by extensions ['colcon_pkg']
[0.560s] Level 1:colcon.colcon_core.package_identification:_identify(env/lib/python3.12/site-packages/pip/_vendor/chardet) by extension 'colcon_pkg'
[0.560s] Level 1:colcon.colcon_core.package_identification:_identify(env/lib/python3.12/site-packages/pip/_vendor/chardet) by extensions ['colcon_meta']
[0.560s] Level 1:colcon.colcon_core.package_identification:_identify(env/lib/python3.12/site-packages/pip/_vendor/chardet) by extension 'colcon_meta'
[0.560s] Level 1:colcon.colcon_core.package_identification:_identify(env/lib/python3.12/site-packages/pip/_vendor/chardet) by extensions ['ros']
[0.560s] Level 1:colcon.colcon_core.package_identification:_identify(env/lib/python3.12/site-packages/pip/_vendor/chardet) by extension 'ros'
[0.561s] Level 1:colcon.colcon_core.package_identification:_identify(env/lib/python3.12/site-packages/pip/_vendor/chardet) by extensions ['cmake', 'python']
[0.561s] Level 1:colcon.colcon_core.package_identification:_identify(env/lib/python3.12/site-packages/pip/_vendor/chardet) by extension 'cmake'
[0.561s] Level 1:colcon.colcon_core.package_identification:_identify(env/lib/python3.12/site-packages/pip/_vendor/chardet) by extension 'python'
[0.561s] Level 1:colcon.colcon_core.package_identification:_identify(env/lib/python3.12/site-packages/pip/_vendor/chardet) by extensions ['python_setup_py']
[0.561s] Level 1:colcon.colcon_core.package_identification:_identify(env/lib/python3.12/site-packages/pip/_vendor/chardet) by extension 'python_setup_py'
[0.561s] Level 1:colcon.colcon_core.package_identification:_identify(env/lib/python3.12/site-packages/pip/_vendor/chardet/__pycache__) by extensions ['ignore', 'ignore_ament_install']
[0.561s] Level 1:colcon.colcon_core.package_identification:_identify(env/lib/python3.12/site-packages/pip/_vendor/chardet/__pycache__) by extension 'ignore'
[0.561s] Level 1:colcon.colcon_core.package_identification:_identify(env/lib/python3.12/site-packages/pip/_vendor/chardet/__pycache__) by extension 'ignore_ament_install'
[0.562s] Level 1:colcon.colcon_core.package_identification:_identify(env/lib/python3.12/site-packages/pip/_vendor/chardet/__pycache__) by extensions ['colcon_pkg']
[0.562s] Level 1:colcon.colcon_core.package_identification:_identify(env/lib/python3.12/site-packages/pip/_vendor/chardet/__pycache__) by extension 'colcon_pkg'
[0.562s] Level 1:colcon.colcon_core.package_identification:_identify(env/lib/python3.12/site-packages/pip/_vendor/chardet/__pycache__) by extensions ['colcon_meta']
[0.562s] Level 1:colcon.colcon_core.package_identification:_identify(env/lib/python3.12/site-packages/pip/_vendor/chardet/__pycache__) by extension 'colcon_meta'
[0.562s] Level 1:colcon.colcon_core.package_identification:_identify(env/lib/python3.12/site-packages/pip/_vendor/chardet/__pycache__) by extensions ['ros']
[0.562s] Level 1:colcon.colcon_core.package_identification:_identify(env/lib/python3.12/site-packages/pip/_vendor/chardet/__pycache__) by extension 'ros'
[0.562s] Level 1:colcon.colcon_core.package_identification:_identify(env/lib/python3.12/site-packages/pip/_vendor/chardet/__pycache__) by extensions ['cmake', 'python']
[0.562s] Level 1:colcon.colcon_core.package_identification:_identify(env/lib/python3.12/site-packages/pip/_vendor/chardet/__pycache__) by extension 'cmake'
[0.562s] Level 1:colcon.colcon_core.package_identification:_identify(env/lib/python3.12/site-packages/pip/_vendor/chardet/__pycache__) by extension 'python'
[0.562s] Level 1:colcon.colcon_core.package_identification:_identify(env/lib/python3.12/site-packages/pip/_vendor/chardet/__pycache__) by extensions ['python_setup_py']
[0.563s] Level 1:colcon.colcon_core.package_identification:_identify(env/lib/python3.12/site-packages/pip/_vendor/chardet/__pycache__) by extension 'python_setup_py'
[0.563s] Level 1:colcon.colcon_core.package_identification:_identify(env/lib/python3.12/site-packages/pip/_vendor/chardet/cli) by extensions ['ignore', 'ignore_ament_install']
[0.563s] Level 1:colcon.colcon_core.package_identification:_identify(env/lib/python3.12/site-packages/pip/_vendor/chardet/cli) by extension 'ignore'
[0.563s] Level 1:colcon.colcon_core.package_identification:_identify(env/lib/python3.12/site-packages/pip/_vendor/chardet/cli) by extension 'ignore_ament_install'
[0.563s] Level 1:colcon.colcon_core.package_identification:_identify(env/lib/python3.12/site-packages/pip/_vendor/chardet/cli) by extensions ['colcon_pkg']
[0.563s] Level 1:colcon.colcon_core.package_identification:_identify(env/lib/python3.12/site-packages/pip/_vendor/chardet/cli) by extension 'colcon_pkg'
[0.563s] Level 1:colcon.colcon_core.package_identification:_identify(env/lib/python3.12/site-packages/pip/_vendor/chardet/cli) by extensions ['colcon_meta']
[0.563s] Level 1:colcon.colcon_core.package_identification:_identify(env/lib/python3.12/site-packages/pip/_vendor/chardet/cli) by extension 'colcon_meta'
[0.564s] Level 1:colcon.colcon_core.package_identification:_identify(env/lib/python3.12/site-packages/pip/_vendor/chardet/cli) by extensions ['ros']
[0.564s] Level 1:colcon.colcon_core.package_identification:_identify(env/lib/python3.12/site-packages/pip/_vendor/chardet/cli) by extension 'ros'
[0.564s] Level 1:colcon.colcon_core.package_identification:_identify(env/lib/python3.12/site-packages/pip/_vendor/chardet/cli) by extensions ['cmake', 'python']
[0.564s] Level 1:colcon.colcon_core.package_identification:_identify(env/lib/python3.12/site-packages/pip/_vendor/chardet/cli) by extension 'cmake'
[0.564s] Level 1:colcon.colcon_core.package_identification:_identify(env/lib/python3.12/site-packages/pip/_vendor/chardet/cli) by extension 'python'
[0.564s] Level 1:colcon.colcon_core.package_identification:_identify(env/lib/python3.12/site-packages/pip/_vendor/chardet/cli) by extensions ['python_setup_py']
[0.564s] Level 1:colcon.colcon_core.package_identification:_identify(env/lib/python3.12/site-packages/pip/_vendor/chardet/cli) by extension 'python_setup_py'
[0.564s] Level 1:colcon.colcon_core.package_identification:_identify(env/lib/python3.12/site-packages/pip/_vendor/chardet/cli/__pycache__) by extensions ['ignore', 'ignore_ament_install']
[0.564s] Level 1:colcon.colcon_core.package_identification:_identify(env/lib/python3.12/site-packages/pip/_vendor/chardet/cli/__pycache__) by extension 'ignore'
[0.565s] Level 1:colcon.colcon_core.package_identification:_identify(env/lib/python3.12/site-packages/pip/_vendor/chardet/cli/__pycache__) by extension 'ignore_ament_install'
[0.565s] Level 1:colcon.colcon_core.package_identification:_identify(env/lib/python3.12/site-packages/pip/_vendor/chardet/cli/__pycache__) by extensions ['colcon_pkg']
[0.565s] Level 1:colcon.colcon_core.package_identification:_identify(env/lib/python3.12/site-packages/pip/_vendor/chardet/cli/__pycache__) by extension 'colcon_pkg'
[0.565s] Level 1:colcon.colcon_core.package_identification:_identify(env/lib/python3.12/site-packages/pip/_vendor/chardet/cli/__pycache__) by extensions ['colcon_meta']
[0.565s] Level 1:colcon.colcon_core.package_identification:_identify(env/lib/python3.12/site-packages/pip/_vendor/chardet/cli/__pycache__) by extension 'colcon_meta'
[0.565s] Level 1:colcon.colcon_core.package_identification:_identify(env/lib/python3.12/site-packages/pip/_vendor/chardet/cli/__pycache__) by extensions ['ros']
[0.565s] Level 1:colcon.colcon_core.package_identification:_identify(env/lib/python3.12/site-packages/pip/_vendor/chardet/cli/__pycache__) by extension 'ros'
[0.565s] Level 1:colcon.colcon_core.package_identification:_identify(env/lib/python3.12/site-packages/pip/_vendor/chardet/cli/__pycache__) by extensions ['cmake', 'python']
[0.565s] Level 1:colcon.colcon_core.package_identification:_identify(env/lib/python3.12/site-packages/pip/_vendor/chardet/cli/__pycache__) by extension 'cmake'
[0.565s] Level 1:colcon.colcon_core.package_identification:_identify(env/lib/python3.12/site-packages/pip/_vendor/chardet/cli/__pycache__) by extension 'python'
[0.566s] Level 1:colcon.colcon_core.package_identification:_identify(env/lib/python3.12/site-packages/pip/_vendor/chardet/cli/__pycache__) by extensions ['python_setup_py']
[0.566s] Level 1:colcon.colcon_core.package_identification:_identify(env/lib/python3.12/site-packages/pip/_vendor/chardet/cli/__pycache__) by extension 'python_setup_py'
[0.566s] Level 1:colcon.colcon_core.package_identification:_identify(env/lib/python3.12/site-packages/pip/_vendor/chardet/metadata) by extensions ['ignore', 'ignore_ament_install']
[0.566s] Level 1:colcon.colcon_core.package_identification:_identify(env/lib/python3.12/site-packages/pip/_vendor/chardet/metadata) by extension 'ignore'
[0.566s] Level 1:colcon.colcon_core.package_identification:_identify(env/lib/python3.12/site-packages/pip/_vendor/chardet/metadata) by extension 'ignore_ament_install'
[0.566s] Level 1:colcon.colcon_core.package_identification:_identify(env/lib/python3.12/site-packages/pip/_vendor/chardet/metadata) by extensions ['colcon_pkg']
[0.566s] Level 1:colcon.colcon_core.package_identification:_identify(env/lib/python3.12/site-packages/pip/_vendor/chardet/metadata) by extension 'colcon_pkg'
[0.566s] Level 1:colcon.colcon_core.package_identification:_identify(env/lib/python3.12/site-packages/pip/_vendor/chardet/metadata) by extensions ['colcon_meta']
[0.566s] Level 1:colcon.colcon_core.package_identification:_identify(env/lib/python3.12/site-packages/pip/_vendor/chardet/metadata) by extension 'colcon_meta'
[0.566s] Level 1:colcon.colcon_core.package_identification:_identify(env/lib/python3.12/site-packages/pip/_vendor/chardet/metadata) by extensions ['ros']
[0.566s] Level 1:colcon.colcon_core.package_identification:_identify(env/lib/python3.12/site-packages/pip/_vendor/chardet/metadata) by extension 'ros'
[0.567s] Level 1:colcon.colcon_core.package_identification:_identify(env/lib/python3.12/site-packages/pip/_vendor/chardet/metadata) by extensions ['cmake', 'python']
[0.567s] Level 1:colcon.colcon_core.package_identification:_identify(env/lib/python3.12/site-packages/pip/_vendor/chardet/metadata) by extension 'cmake'
[0.567s] Level 1:colcon.colcon_core.package_identification:_identify(env/lib/python3.12/site-packages/pip/_vendor/chardet/metadata) by extension 'python'
[0.567s] Level 1:colcon.colcon_core.package_identification:_identify(env/lib/python3.12/site-packages/pip/_vendor/chardet/metadata) by extensions ['python_setup_py']
[0.567s] Level 1:colcon.colcon_core.package_identification:_identify(env/lib/python3.12/site-packages/pip/_vendor/chardet/metadata) by extension 'python_setup_py'
[0.567s] Level 1:colcon.colcon_core.package_identification:_identify(env/lib/python3.12/site-packages/pip/_vendor/chardet/metadata/__pycache__) by extensions ['ignore', 'ignore_ament_install']
[0.567s] Level 1:colcon.colcon_core.package_identification:_identify(env/lib/python3.12/site-packages/pip/_vendor/chardet/metadata/__pycache__) by extension 'ignore'
[0.567s] Level 1:colcon.colcon_core.package_identification:_identify(env/lib/python3.12/site-packages/pip/_vendor/chardet/metadata/__pycache__) by extension 'ignore_ament_install'
[0.568s] Level 1:colcon.colcon_core.package_identification:_identify(env/lib/python3.12/site-packages/pip/_vendor/chardet/metadata/__pycache__) by extensions ['colcon_pkg']
[0.568s] Level 1:colcon.colcon_core.package_identification:_identify(env/lib/python3.12/site-packages/pip/_vendor/chardet/metadata/__pycache__) by extension 'colcon_pkg'
[0.568s] Level 1:colcon.colcon_core.package_identification:_identify(env/lib/python3.12/site-packages/pip/_vendor/chardet/metadata/__pycache__) by extensions ['colcon_meta']
[0.568s] Level 1:colcon.colcon_core.package_identification:_identify(env/lib/python3.12/site-packages/pip/_vendor/chardet/metadata/__pycache__) by extension 'colcon_meta'
[0.568s] Level 1:colcon.colcon_core.package_identification:_identify(env/lib/python3.12/site-packages/pip/_vendor/chardet/metadata/__pycache__) by extensions ['ros']
[0.568s] Level 1:colcon.colcon_core.package_identification:_identify(env/lib/python3.12/site-packages/pip/_vendor/chardet/metadata/__pycache__) by extension 'ros'
[0.568s] Level 1:colcon.colcon_core.package_identification:_identify(env/lib/python3.12/site-packages/pip/_vendor/chardet/metadata/__pycache__) by extensions ['cmake', 'python']
[0.568s] Level 1:colcon.colcon_core.package_identification:_identify(env/lib/python3.12/site-packages/pip/_vendor/chardet/metadata/__pycache__) by extension 'cmake'
[0.568s] Level 1:colcon.colcon_core.package_identification:_identify(env/lib/python3.12/site-packages/pip/_vendor/chardet/metadata/__pycache__) by extension 'python'
[0.568s] Level 1:colcon.colcon_core.package_identification:_identify(env/lib/python3.12/site-packages/pip/_vendor/chardet/metadata/__pycache__) by extensions ['python_setup_py']
[0.568s] Level 1:colcon.colcon_core.package_identification:_identify(env/lib/python3.12/site-packages/pip/_vendor/chardet/metadata/__pycache__) by extension 'python_setup_py'
[0.569s] Level 1:colcon.colcon_core.package_identification:_identify(env/lib/python3.12/site-packages/pip/_vendor/colorama) by extensions ['ignore', 'ignore_ament_install']
[0.569s] Level 1:colcon.colcon_core.package_identification:_identify(env/lib/python3.12/site-packages/pip/_vendor/colorama) by extension 'ignore'
[0.569s] Level 1:colcon.colcon_core.package_identification:_identify(env/lib/python3.12/site-packages/pip/_vendor/colorama) by extension 'ignore_ament_install'
[0.569s] Level 1:colcon.colcon_core.package_identification:_identify(env/lib/python3.12/site-packages/pip/_vendor/colorama) by extensions ['colcon_pkg']
[0.569s] Level 1:colcon.colcon_core.package_identification:_identify(env/lib/python3.12/site-packages/pip/_vendor/colorama) by extension 'colcon_pkg'
[0.569s] Level 1:colcon.colcon_core.package_identification:_identify(env/lib/python3.12/site-packages/pip/_vendor/colorama) by extensions ['colcon_meta']
[0.569s] Level 1:colcon.colcon_core.package_identification:_identify(env/lib/python3.12/site-packages/pip/_vendor/colorama) by extension 'colcon_meta'
[0.569s] Level 1:colcon.colcon_core.package_identification:_identify(env/lib/python3.12/site-packages/pip/_vendor/colorama) by extensions ['ros']
[0.569s] Level 1:colcon.colcon_core.package_identification:_identify(env/lib/python3.12/site-packages/pip/_vendor/colorama) by extension 'ros'
[0.569s] Level 1:colcon.colcon_core.package_identification:_identify(env/lib/python3.12/site-packages/pip/_vendor/colorama) by extensions ['cmake', 'python']
[0.569s] Level 1:colcon.colcon_core.package_identification:_identify(env/lib/python3.12/site-packages/pip/_vendor/colorama) by extension 'cmake'
[0.570s] Level 1:colcon.colcon_core.package_identification:_identify(env/lib/python3.12/site-packages/pip/_vendor/colorama) by extension 'python'
[0.570s] Level 1:colcon.colcon_core.package_identification:_identify(env/lib/python3.12/site-packages/pip/_vendor/colorama) by extensions ['python_setup_py']
[0.570s] Level 1:colcon.colcon_core.package_identification:_identify(env/lib/python3.12/site-packages/pip/_vendor/colorama) by extension 'python_setup_py'
[0.570s] Level 1:colcon.colcon_core.package_identification:_identify(env/lib/python3.12/site-packages/pip/_vendor/colorama/__pycache__) by extensions ['ignore', 'ignore_ament_install']
[0.570s] Level 1:colcon.colcon_core.package_identification:_identify(env/lib/python3.12/site-packages/pip/_vendor/colorama/__pycache__) by extension 'ignore'
[0.570s] Level 1:colcon.colcon_core.package_identification:_identify(env/lib/python3.12/site-packages/pip/_vendor/colorama/__pycache__) by extension 'ignore_ament_install'
[0.570s] Level 1:colcon.colcon_core.package_identification:_identify(env/lib/python3.12/site-packages/pip/_vendor/colorama/__pycache__) by extensions ['colcon_pkg']
[0.570s] Level 1:colcon.colcon_core.package_identification:_identify(env/lib/python3.12/site-packages/pip/_vendor/colorama/__pycache__) by extension 'colcon_pkg'
[0.570s] Level 1:colcon.colcon_core.package_identification:_identify(env/lib/python3.12/site-packages/pip/_vendor/colorama/__pycache__) by extensions ['colcon_meta']
[0.570s] Level 1:colcon.colcon_core.package_identification:_identify(env/lib/python3.12/site-packages/pip/_vendor/colorama/__pycache__) by extension 'colcon_meta'
[0.571s] Level 1:colcon.colcon_core.package_identification:_identify(env/lib/python3.12/site-packages/pip/_vendor/colorama/__pycache__) by extensions ['ros']
[0.571s] Level 1:colcon.colcon_core.package_identification:_identify(env/lib/python3.12/site-packages/pip/_vendor/colorama/__pycache__) by extension 'ros'
[0.571s] Level 1:colcon.colcon_core.package_identification:_identify(env/lib/python3.12/site-packages/pip/_vendor/colorama/__pycache__) by extensions ['cmake', 'python']
[0.571s] Level 1:colcon.colcon_core.package_identification:_identify(env/lib/python3.12/site-packages/pip/_vendor/colorama/__pycache__) by extension 'cmake'
[0.571s] Level 1:colcon.colcon_core.package_identification:_identify(env/lib/python3.12/site-packages/pip/_vendor/colorama/__pycache__) by extension 'python'
[0.571s] Level 1:colcon.colcon_core.package_identification:_identify(env/lib/python3.12/site-packages/pip/_vendor/colorama/__pycache__) by extensions ['python_setup_py']
[0.571s] Level 1:colcon.colcon_core.package_identification:_identify(env/lib/python3.12/site-packages/pip/_vendor/colorama/__pycache__) by extension 'python_setup_py'
[0.571s] Level 1:colcon.colcon_core.package_identification:_identify(env/lib/python3.12/site-packages/pip/_vendor/colorama/tests) by extensions ['ignore', 'ignore_ament_install']
[0.571s] Level 1:colcon.colcon_core.package_identification:_identify(env/lib/python3.12/site-packages/pip/_vendor/colorama/tests) by extension 'ignore'
[0.572s] Level 1:colcon.colcon_core.package_identification:_identify(env/lib/python3.12/site-packages/pip/_vendor/colorama/tests) by extension 'ignore_ament_install'
[0.572s] Level 1:colcon.colcon_core.package_identification:_identify(env/lib/python3.12/site-packages/pip/_vendor/colorama/tests) by extensions ['colcon_pkg']
[0.572s] Level 1:colcon.colcon_core.package_identification:_identify(env/lib/python3.12/site-packages/pip/_vendor/colorama/tests) by extension 'colcon_pkg'
[0.572s] Level 1:colcon.colcon_core.package_identification:_identify(env/lib/python3.12/site-packages/pip/_vendor/colorama/tests) by extensions ['colcon_meta']
[0.572s] Level 1:colcon.colcon_core.package_identification:_identify(env/lib/python3.12/site-packages/pip/_vendor/colorama/tests) by extension 'colcon_meta'
[0.572s] Level 1:colcon.colcon_core.package_identification:_identify(env/lib/python3.12/site-packages/pip/_vendor/colorama/tests) by extensions ['ros']
[0.572s] Level 1:colcon.colcon_core.package_identification:_identify(env/lib/python3.12/site-packages/pip/_vendor/colorama/tests) by extension 'ros'
[0.572s] Level 1:colcon.colcon_core.package_identification:_identify(env/lib/python3.12/site-packages/pip/_vendor/colorama/tests) by extensions ['cmake', 'python']
[0.572s] Level 1:colcon.colcon_core.package_identification:_identify(env/lib/python3.12/site-packages/pip/_vendor/colorama/tests) by extension 'cmake'
[0.572s] Level 1:colcon.colcon_core.package_identification:_identify(env/lib/python3.12/site-packages/pip/_vendor/colorama/tests) by extension 'python'
[0.572s] Level 1:colcon.colcon_core.package_identification:_identify(env/lib/python3.12/site-packages/pip/_vendor/colorama/tests) by extensions ['python_setup_py']
[0.572s] Level 1:colcon.colcon_core.package_identification:_identify(env/lib/python3.12/site-packages/pip/_vendor/colorama/tests) by extension 'python_setup_py'
[0.573s] Level 1:colcon.colcon_core.package_identification:_identify(env/lib/python3.12/site-packages/pip/_vendor/colorama/tests/__pycache__) by extensions ['ignore', 'ignore_ament_install']
[0.573s] Level 1:colcon.colcon_core.package_identification:_identify(env/lib/python3.12/site-packages/pip/_vendor/colorama/tests/__pycache__) by extension 'ignore'
[0.573s] Level 1:colcon.colcon_core.package_identification:_identify(env/lib/python3.12/site-packages/pip/_vendor/colorama/tests/__pycache__) by extension 'ignore_ament_install'
[0.573s] Level 1:colcon.colcon_core.package_identification:_identify(env/lib/python3.12/site-packages/pip/_vendor/colorama/tests/__pycache__) by extensions ['colcon_pkg']
[0.573s] Level 1:colcon.colcon_core.package_identification:_identify(env/lib/python3.12/site-packages/pip/_vendor/colorama/tests/__pycache__) by extension 'colcon_pkg'
[0.573s] Level 1:colcon.colcon_core.package_identification:_identify(env/lib/python3.12/site-packages/pip/_vendor/colorama/tests/__pycache__) by extensions ['colcon_meta']
[0.573s] Level 1:colcon.colcon_core.package_identification:_identify(env/lib/python3.12/site-packages/pip/_vendor/colorama/tests/__pycache__) by extension 'colcon_meta'
[0.573s] Level 1:colcon.colcon_core.package_identification:_identify(env/lib/python3.12/site-packages/pip/_vendor/colorama/tests/__pycache__) by extensions ['ros']
[0.573s] Level 1:colcon.colcon_core.package_identification:_identify(env/lib/python3.12/site-packages/pip/_vendor/colorama/tests/__pycache__) by extension 'ros'
[0.574s] Level 1:colcon.colcon_core.package_identification:_identify(env/lib/python3.12/site-packages/pip/_vendor/colorama/tests/__pycache__) by extensions ['cmake', 'python']
[0.574s] Level 1:colcon.colcon_core.package_identification:_identify(env/lib/python3.12/site-packages/pip/_vendor/colorama/tests/__pycache__) by extension 'cmake'
[0.574s] Level 1:colcon.colcon_core.package_identification:_identify(env/lib/python3.12/site-packages/pip/_vendor/colorama/tests/__pycache__) by extension 'python'
[0.574s] Level 1:colcon.colcon_core.package_identification:_identify(env/lib/python3.12/site-packages/pip/_vendor/colorama/tests/__pycache__) by extensions ['python_setup_py']
[0.574s] Level 1:colcon.colcon_core.package_identification:_identify(env/lib/python3.12/site-packages/pip/_vendor/colorama/tests/__pycache__) by extension 'python_setup_py'
[0.574s] Level 1:colcon.colcon_core.package_identification:_identify(env/lib/python3.12/site-packages/pip/_vendor/distlib) by extensions ['ignore', 'ignore_ament_install']
[0.574s] Level 1:colcon.colcon_core.package_identification:_identify(env/lib/python3.12/site-packages/pip/_vendor/distlib) by extension 'ignore'
[0.574s] Level 1:colcon.colcon_core.package_identification:_identify(env/lib/python3.12/site-packages/pip/_vendor/distlib) by extension 'ignore_ament_install'
[0.574s] Level 1:colcon.colcon_core.package_identification:_identify(env/lib/python3.12/site-packages/pip/_vendor/distlib) by extensions ['colcon_pkg']
[0.575s] Level 1:colcon.colcon_core.package_identification:_identify(env/lib/python3.12/site-packages/pip/_vendor/distlib) by extension 'colcon_pkg'
[0.575s] Level 1:colcon.colcon_core.package_identification:_identify(env/lib/python3.12/site-packages/pip/_vendor/distlib) by extensions ['colcon_meta']
[0.575s] Level 1:colcon.colcon_core.package_identification:_identify(env/lib/python3.12/site-packages/pip/_vendor/distlib) by extension 'colcon_meta'
[0.575s] Level 1:colcon.colcon_core.package_identification:_identify(env/lib/python3.12/site-packages/pip/_vendor/distlib) by extensions ['ros']
[0.575s] Level 1:colcon.colcon_core.package_identification:_identify(env/lib/python3.12/site-packages/pip/_vendor/distlib) by extension 'ros'
[0.575s] Level 1:colcon.colcon_core.package_identification:_identify(env/lib/python3.12/site-packages/pip/_vendor/distlib) by extensions ['cmake', 'python']
[0.575s] Level 1:colcon.colcon_core.package_identification:_identify(env/lib/python3.12/site-packages/pip/_vendor/distlib) by extension 'cmake'
[0.575s] Level 1:colcon.colcon_core.package_identification:_identify(env/lib/python3.12/site-packages/pip/_vendor/distlib) by extension 'python'
[0.575s] Level 1:colcon.colcon_core.package_identification:_identify(env/lib/python3.12/site-packages/pip/_vendor/distlib) by extensions ['python_setup_py']
[0.575s] Level 1:colcon.colcon_core.package_identification:_identify(env/lib/python3.12/site-packages/pip/_vendor/distlib) by extension 'python_setup_py'
[0.576s] Level 1:colcon.colcon_core.package_identification:_identify(env/lib/python3.12/site-packages/pip/_vendor/distlib/__pycache__) by extensions ['ignore', 'ignore_ament_install']
[0.576s] Level 1:colcon.colcon_core.package_identification:_identify(env/lib/python3.12/site-packages/pip/_vendor/distlib/__pycache__) by extension 'ignore'
[0.576s] Level 1:colcon.colcon_core.package_identification:_identify(env/lib/python3.12/site-packages/pip/_vendor/distlib/__pycache__) by extension 'ignore_ament_install'
[0.576s] Level 1:colcon.colcon_core.package_identification:_identify(env/lib/python3.12/site-packages/pip/_vendor/distlib/__pycache__) by extensions ['colcon_pkg']
[0.576s] Level 1:colcon.colcon_core.package_identification:_identify(env/lib/python3.12/site-packages/pip/_vendor/distlib/__pycache__) by extension 'colcon_pkg'
[0.576s] Level 1:colcon.colcon_core.package_identification:_identify(env/lib/python3.12/site-packages/pip/_vendor/distlib/__pycache__) by extensions ['colcon_meta']
[0.576s] Level 1:colcon.colcon_core.package_identification:_identify(env/lib/python3.12/site-packages/pip/_vendor/distlib/__pycache__) by extension 'colcon_meta'
[0.576s] Level 1:colcon.colcon_core.package_identification:_identify(env/lib/python3.12/site-packages/pip/_vendor/distlib/__pycache__) by extensions ['ros']
[0.576s] Level 1:colcon.colcon_core.package_identification:_identify(env/lib/python3.12/site-packages/pip/_vendor/distlib/__pycache__) by extension 'ros'
[0.576s] Level 1:colcon.colcon_core.package_identification:_identify(env/lib/python3.12/site-packages/pip/_vendor/distlib/__pycache__) by extensions ['cmake', 'python']
[0.577s] Level 1:colcon.colcon_core.package_identification:_identify(env/lib/python3.12/site-packages/pip/_vendor/distlib/__pycache__) by extension 'cmake'
[0.577s] Level 1:colcon.colcon_core.package_identification:_identify(env/lib/python3.12/site-packages/pip/_vendor/distlib/__pycache__) by extension 'python'
[0.577s] Level 1:colcon.colcon_core.package_identification:_identify(env/lib/python3.12/site-packages/pip/_vendor/distlib/__pycache__) by extensions ['python_setup_py']
[0.577s] Level 1:colcon.colcon_core.package_identification:_identify(env/lib/python3.12/site-packages/pip/_vendor/distlib/__pycache__) by extension 'python_setup_py'
[0.577s] Level 1:colcon.colcon_core.package_identification:_identify(env/lib/python3.12/site-packages/pip/_vendor/distro) by extensions ['ignore', 'ignore_ament_install']
[0.577s] Level 1:colcon.colcon_core.package_identification:_identify(env/lib/python3.12/site-packages/pip/_vendor/distro) by extension 'ignore'
[0.577s] Level 1:colcon.colcon_core.package_identification:_identify(env/lib/python3.12/site-packages/pip/_vendor/distro) by extension 'ignore_ament_install'
[0.577s] Level 1:colcon.colcon_core.package_identification:_identify(env/lib/python3.12/site-packages/pip/_vendor/distro) by extensions ['colcon_pkg']
[0.577s] Level 1:colcon.colcon_core.package_identification:_identify(env/lib/python3.12/site-packages/pip/_vendor/distro) by extension 'colcon_pkg'
[0.578s] Level 1:colcon.colcon_core.package_identification:_identify(env/lib/python3.12/site-packages/pip/_vendor/distro) by extensions ['colcon_meta']
[0.578s] Level 1:colcon.colcon_core.package_identification:_identify(env/lib/python3.12/site-packages/pip/_vendor/distro) by extension 'colcon_meta'
[0.578s] Level 1:colcon.colcon_core.package_identification:_identify(env/lib/python3.12/site-packages/pip/_vendor/distro) by extensions ['ros']
[0.578s] Level 1:colcon.colcon_core.package_identification:_identify(env/lib/python3.12/site-packages/pip/_vendor/distro) by extension 'ros'
[0.578s] Level 1:colcon.colcon_core.package_identification:_identify(env/lib/python3.12/site-packages/pip/_vendor/distro) by extensions ['cmake', 'python']
[0.578s] Level 1:colcon.colcon_core.package_identification:_identify(env/lib/python3.12/site-packages/pip/_vendor/distro) by extension 'cmake'
[0.578s] Level 1:colcon.colcon_core.package_identification:_identify(env/lib/python3.12/site-packages/pip/_vendor/distro) by extension 'python'
[0.578s] Level 1:colcon.colcon_core.package_identification:_identify(env/lib/python3.12/site-packages/pip/_vendor/distro) by extensions ['python_setup_py']
[0.578s] Level 1:colcon.colcon_core.package_identification:_identify(env/lib/python3.12/site-packages/pip/_vendor/distro) by extension 'python_setup_py'
[0.578s] Level 1:colcon.colcon_core.package_identification:_identify(env/lib/python3.12/site-packages/pip/_vendor/distro/__pycache__) by extensions ['ignore', 'ignore_ament_install']
[0.579s] Level 1:colcon.colcon_core.package_identification:_identify(env/lib/python3.12/site-packages/pip/_vendor/distro/__pycache__) by extension 'ignore'
[0.579s] Level 1:colcon.colcon_core.package_identification:_identify(env/lib/python3.12/site-packages/pip/_vendor/distro/__pycache__) by extension 'ignore_ament_install'
[0.579s] Level 1:colcon.colcon_core.package_identification:_identify(env/lib/python3.12/site-packages/pip/_vendor/distro/__pycache__) by extensions ['colcon_pkg']
[0.579s] Level 1:colcon.colcon_core.package_identification:_identify(env/lib/python3.12/site-packages/pip/_vendor/distro/__pycache__) by extension 'colcon_pkg'
[0.579s] Level 1:colcon.colcon_core.package_identification:_identify(env/lib/python3.12/site-packages/pip/_vendor/distro/__pycache__) by extensions ['colcon_meta']
[0.579s] Level 1:colcon.colcon_core.package_identification:_identify(env/lib/python3.12/site-packages/pip/_vendor/distro/__pycache__) by extension 'colcon_meta'
[0.579s] Level 1:colcon.colcon_core.package_identification:_identify(env/lib/python3.12/site-packages/pip/_vendor/distro/__pycache__) by extensions ['ros']
[0.579s] Level 1:colcon.colcon_core.package_identification:_identify(env/lib/python3.12/site-packages/pip/_vendor/distro/__pycache__) by extension 'ros'
[0.579s] Level 1:colcon.colcon_core.package_identification:_identify(env/lib/python3.12/site-packages/pip/_vendor/distro/__pycache__) by extensions ['cmake', 'python']
[0.580s] Level 1:colcon.colcon_core.package_identification:_identify(env/lib/python3.12/site-packages/pip/_vendor/distro/__pycache__) by extension 'cmake'
[0.580s] Level 1:colcon.colcon_core.package_identification:_identify(env/lib/python3.12/site-packages/pip/_vendor/distro/__pycache__) by extension 'python'
[0.580s] Level 1:colcon.colcon_core.package_identification:_identify(env/lib/python3.12/site-packages/pip/_vendor/distro/__pycache__) by extensions ['python_setup_py']
[0.580s] Level 1:colcon.colcon_core.package_identification:_identify(env/lib/python3.12/site-packages/pip/_vendor/distro/__pycache__) by extension 'python_setup_py'
[0.580s] Level 1:colcon.colcon_core.package_identification:_identify(env/lib/python3.12/site-packages/pip/_vendor/idna) by extensions ['ignore', 'ignore_ament_install']
[0.580s] Level 1:colcon.colcon_core.package_identification:_identify(env/lib/python3.12/site-packages/pip/_vendor/idna) by extension 'ignore'
[0.580s] Level 1:colcon.colcon_core.package_identification:_identify(env/lib/python3.12/site-packages/pip/_vendor/idna) by extension 'ignore_ament_install'
[0.580s] Level 1:colcon.colcon_core.package_identification:_identify(env/lib/python3.12/site-packages/pip/_vendor/idna) by extensions ['colcon_pkg']
[0.580s] Level 1:colcon.colcon_core.package_identification:_identify(env/lib/python3.12/site-packages/pip/_vendor/idna) by extension 'colcon_pkg'
[0.581s] Level 1:colcon.colcon_core.package_identification:_identify(env/lib/python3.12/site-packages/pip/_vendor/idna) by extensions ['colcon_meta']
[0.581s] Level 1:colcon.colcon_core.package_identification:_identify(env/lib/python3.12/site-packages/pip/_vendor/idna) by extension 'colcon_meta'
[0.581s] Level 1:colcon.colcon_core.package_identification:_identify(env/lib/python3.12/site-packages/pip/_vendor/idna) by extensions ['ros']
[0.581s] Level 1:colcon.colcon_core.package_identification:_identify(env/lib/python3.12/site-packages/pip/_vendor/idna) by extension 'ros'
[0.581s] Level 1:colcon.colcon_core.package_identification:_identify(env/lib/python3.12/site-packages/pip/_vendor/idna) by extensions ['cmake', 'python']
[0.581s] Level 1:colcon.colcon_core.package_identification:_identify(env/lib/python3.12/site-packages/pip/_vendor/idna) by extension 'cmake'
[0.581s] Level 1:colcon.colcon_core.package_identification:_identify(env/lib/python3.12/site-packages/pip/_vendor/idna) by extension 'python'
[0.581s] Level 1:colcon.colcon_core.package_identification:_identify(env/lib/python3.12/site-packages/pip/_vendor/idna) by extensions ['python_setup_py']
[0.581s] Level 1:colcon.colcon_core.package_identification:_identify(env/lib/python3.12/site-packages/pip/_vendor/idna) by extension 'python_setup_py'
[0.581s] Level 1:colcon.colcon_core.package_identification:_identify(env/lib/python3.12/site-packages/pip/_vendor/idna/__pycache__) by extensions ['ignore', 'ignore_ament_install']
[0.582s] Level 1:colcon.colcon_core.package_identification:_identify(env/lib/python3.12/site-packages/pip/_vendor/idna/__pycache__) by extension 'ignore'
[0.582s] Level 1:colcon.colcon_core.package_identification:_identify(env/lib/python3.12/site-packages/pip/_vendor/idna/__pycache__) by extension 'ignore_ament_install'
[0.582s] Level 1:colcon.colcon_core.package_identification:_identify(env/lib/python3.12/site-packages/pip/_vendor/idna/__pycache__) by extensions ['colcon_pkg']
[0.582s] Level 1:colcon.colcon_core.package_identification:_identify(env/lib/python3.12/site-packages/pip/_vendor/idna/__pycache__) by extension 'colcon_pkg'
[0.582s] Level 1:colcon.colcon_core.package_identification:_identify(env/lib/python3.12/site-packages/pip/_vendor/idna/__pycache__) by extensions ['colcon_meta']
[0.582s] Level 1:colcon.colcon_core.package_identification:_identify(env/lib/python3.12/site-packages/pip/_vendor/idna/__pycache__) by extension 'colcon_meta'
[0.582s] Level 1:colcon.colcon_core.package_identification:_identify(env/lib/python3.12/site-packages/pip/_vendor/idna/__pycache__) by extensions ['ros']
[0.582s] Level 1:colcon.colcon_core.package_identification:_identify(env/lib/python3.12/site-packages/pip/_vendor/idna/__pycache__) by extension 'ros'
[0.582s] Level 1:colcon.colcon_core.package_identification:_identify(env/lib/python3.12/site-packages/pip/_vendor/idna/__pycache__) by extensions ['cmake', 'python']
[0.582s] Level 1:colcon.colcon_core.package_identification:_identify(env/lib/python3.12/site-packages/pip/_vendor/idna/__pycache__) by extension 'cmake'
[0.583s] Level 1:colcon.colcon_core.package_identification:_identify(env/lib/python3.12/site-packages/pip/_vendor/idna/__pycache__) by extension 'python'
[0.583s] Level 1:colcon.colcon_core.package_identification:_identify(env/lib/python3.12/site-packages/pip/_vendor/idna/__pycache__) by extensions ['python_setup_py']
[0.583s] Level 1:colcon.colcon_core.package_identification:_identify(env/lib/python3.12/site-packages/pip/_vendor/idna/__pycache__) by extension 'python_setup_py'
[0.583s] Level 1:colcon.colcon_core.package_identification:_identify(env/lib/python3.12/site-packages/pip/_vendor/msgpack) by extensions ['ignore', 'ignore_ament_install']
[0.583s] Level 1:colcon.colcon_core.package_identification:_identify(env/lib/python3.12/site-packages/pip/_vendor/msgpack) by extension 'ignore'
[0.583s] Level 1:colcon.colcon_core.package_identification:_identify(env/lib/python3.12/site-packages/pip/_vendor/msgpack) by extension 'ignore_ament_install'
[0.583s] Level 1:colcon.colcon_core.package_identification:_identify(env/lib/python3.12/site-packages/pip/_vendor/msgpack) by extensions ['colcon_pkg']
[0.583s] Level 1:colcon.colcon_core.package_identification:_identify(env/lib/python3.12/site-packages/pip/_vendor/msgpack) by extension 'colcon_pkg'
[0.583s] Level 1:colcon.colcon_core.package_identification:_identify(env/lib/python3.12/site-packages/pip/_vendor/msgpack) by extensions ['colcon_meta']
[0.583s] Level 1:colcon.colcon_core.package_identification:_identify(env/lib/python3.12/site-packages/pip/_vendor/msgpack) by extension 'colcon_meta'
[0.583s] Level 1:colcon.colcon_core.package_identification:_identify(env/lib/python3.12/site-packages/pip/_vendor/msgpack) by extensions ['ros']
[0.584s] Level 1:colcon.colcon_core.package_identification:_identify(env/lib/python3.12/site-packages/pip/_vendor/msgpack) by extension 'ros'
[0.584s] Level 1:colcon.colcon_core.package_identification:_identify(env/lib/python3.12/site-packages/pip/_vendor/msgpack) by extensions ['cmake', 'python']
[0.584s] Level 1:colcon.colcon_core.package_identification:_identify(env/lib/python3.12/site-packages/pip/_vendor/msgpack) by extension 'cmake'
[0.584s] Level 1:colcon.colcon_core.package_identification:_identify(env/lib/python3.12/site-packages/pip/_vendor/msgpack) by extension 'python'
[0.584s] Level 1:colcon.colcon_core.package_identification:_identify(env/lib/python3.12/site-packages/pip/_vendor/msgpack) by extensions ['python_setup_py']
[0.584s] Level 1:colcon.colcon_core.package_identification:_identify(env/lib/python3.12/site-packages/pip/_vendor/msgpack) by extension 'python_setup_py'
[0.584s] Level 1:colcon.colcon_core.package_identification:_identify(env/lib/python3.12/site-packages/pip/_vendor/msgpack/__pycache__) by extensions ['ignore', 'ignore_ament_install']
[0.584s] Level 1:colcon.colcon_core.package_identification:_identify(env/lib/python3.12/site-packages/pip/_vendor/msgpack/__pycache__) by extension 'ignore'
[0.584s] Level 1:colcon.colcon_core.package_identification:_identify(env/lib/python3.12/site-packages/pip/_vendor/msgpack/__pycache__) by extension 'ignore_ament_install'
[0.585s] Level 1:colcon.colcon_core.package_identification:_identify(env/lib/python3.12/site-packages/pip/_vendor/msgpack/__pycache__) by extensions ['colcon_pkg']
[0.585s] Level 1:colcon.colcon_core.package_identification:_identify(env/lib/python3.12/site-packages/pip/_vendor/msgpack/__pycache__) by extension 'colcon_pkg'
[0.585s] Level 1:colcon.colcon_core.package_identification:_identify(env/lib/python3.12/site-packages/pip/_vendor/msgpack/__pycache__) by extensions ['colcon_meta']
[0.585s] Level 1:colcon.colcon_core.package_identification:_identify(env/lib/python3.12/site-packages/pip/_vendor/msgpack/__pycache__) by extension 'colcon_meta'
[0.585s] Level 1:colcon.colcon_core.package_identification:_identify(env/lib/python3.12/site-packages/pip/_vendor/msgpack/__pycache__) by extensions ['ros']
[0.585s] Level 1:colcon.colcon_core.package_identification:_identify(env/lib/python3.12/site-packages/pip/_vendor/msgpack/__pycache__) by extension 'ros'
[0.585s] Level 1:colcon.colcon_core.package_identification:_identify(env/lib/python3.12/site-packages/pip/_vendor/msgpack/__pycache__) by extensions ['cmake', 'python']
[0.585s] Level 1:colcon.colcon_core.package_identification:_identify(env/lib/python3.12/site-packages/pip/_vendor/msgpack/__pycache__) by extension 'cmake'
[0.585s] Level 1:colcon.colcon_core.package_identification:_identify(env/lib/python3.12/site-packages/pip/_vendor/msgpack/__pycache__) by extension 'python'
[0.585s] Level 1:colcon.colcon_core.package_identification:_identify(env/lib/python3.12/site-packages/pip/_vendor/msgpack/__pycache__) by extensions ['python_setup_py']
[0.585s] Level 1:colcon.colcon_core.package_identification:_identify(env/lib/python3.12/site-packages/pip/_vendor/msgpack/__pycache__) by extension 'python_setup_py'
[0.586s] Level 1:colcon.colcon_core.package_identification:_identify(env/lib/python3.12/site-packages/pip/_vendor/packaging) by extensions ['ignore', 'ignore_ament_install']
[0.586s] Level 1:colcon.colcon_core.package_identification:_identify(env/lib/python3.12/site-packages/pip/_vendor/packaging) by extension 'ignore'
[0.586s] Level 1:colcon.colcon_core.package_identification:_identify(env/lib/python3.12/site-packages/pip/_vendor/packaging) by extension 'ignore_ament_install'
[0.586s] Level 1:colcon.colcon_core.package_identification:_identify(env/lib/python3.12/site-packages/pip/_vendor/packaging) by extensions ['colcon_pkg']
[0.586s] Level 1:colcon.colcon_core.package_identification:_identify(env/lib/python3.12/site-packages/pip/_vendor/packaging) by extension 'colcon_pkg'
[0.586s] Level 1:colcon.colcon_core.package_identification:_identify(env/lib/python3.12/site-packages/pip/_vendor/packaging) by extensions ['colcon_meta']
[0.586s] Level 1:colcon.colcon_core.package_identification:_identify(env/lib/python3.12/site-packages/pip/_vendor/packaging) by extension 'colcon_meta'
[0.586s] Level 1:colcon.colcon_core.package_identification:_identify(env/lib/python3.12/site-packages/pip/_vendor/packaging) by extensions ['ros']
[0.586s] Level 1:colcon.colcon_core.package_identification:_identify(env/lib/python3.12/site-packages/pip/_vendor/packaging) by extension 'ros'
[0.586s] Level 1:colcon.colcon_core.package_identification:_identify(env/lib/python3.12/site-packages/pip/_vendor/packaging) by extensions ['cmake', 'python']
[0.587s] Level 1:colcon.colcon_core.package_identification:_identify(env/lib/python3.12/site-packages/pip/_vendor/packaging) by extension 'cmake'
[0.587s] Level 1:colcon.colcon_core.package_identification:_identify(env/lib/python3.12/site-packages/pip/_vendor/packaging) by extension 'python'
[0.587s] Level 1:colcon.colcon_core.package_identification:_identify(env/lib/python3.12/site-packages/pip/_vendor/packaging) by extensions ['python_setup_py']
[0.587s] Level 1:colcon.colcon_core.package_identification:_identify(env/lib/python3.12/site-packages/pip/_vendor/packaging) by extension 'python_setup_py'
[0.587s] Level 1:colcon.colcon_core.package_identification:_identify(env/lib/python3.12/site-packages/pip/_vendor/packaging/__pycache__) by extensions ['ignore', 'ignore_ament_install']
[0.587s] Level 1:colcon.colcon_core.package_identification:_identify(env/lib/python3.12/site-packages/pip/_vendor/packaging/__pycache__) by extension 'ignore'
[0.587s] Level 1:colcon.colcon_core.package_identification:_identify(env/lib/python3.12/site-packages/pip/_vendor/packaging/__pycache__) by extension 'ignore_ament_install'
[0.587s] Level 1:colcon.colcon_core.package_identification:_identify(env/lib/python3.12/site-packages/pip/_vendor/packaging/__pycache__) by extensions ['colcon_pkg']
[0.587s] Level 1:colcon.colcon_core.package_identification:_identify(env/lib/python3.12/site-packages/pip/_vendor/packaging/__pycache__) by extension 'colcon_pkg'
[0.587s] Level 1:colcon.colcon_core.package_identification:_identify(env/lib/python3.12/site-packages/pip/_vendor/packaging/__pycache__) by extensions ['colcon_meta']
[0.588s] Level 1:colcon.colcon_core.package_identification:_identify(env/lib/python3.12/site-packages/pip/_vendor/packaging/__pycache__) by extension 'colcon_meta'
[0.588s] Level 1:colcon.colcon_core.package_identification:_identify(env/lib/python3.12/site-packages/pip/_vendor/packaging/__pycache__) by extensions ['ros']
[0.588s] Level 1:colcon.colcon_core.package_identification:_identify(env/lib/python3.12/site-packages/pip/_vendor/packaging/__pycache__) by extension 'ros'
[0.588s] Level 1:colcon.colcon_core.package_identification:_identify(env/lib/python3.12/site-packages/pip/_vendor/packaging/__pycache__) by extensions ['cmake', 'python']
[0.588s] Level 1:colcon.colcon_core.package_identification:_identify(env/lib/python3.12/site-packages/pip/_vendor/packaging/__pycache__) by extension 'cmake'
[0.588s] Level 1:colcon.colcon_core.package_identification:_identify(env/lib/python3.12/site-packages/pip/_vendor/packaging/__pycache__) by extension 'python'
[0.588s] Level 1:colcon.colcon_core.package_identification:_identify(env/lib/python3.12/site-packages/pip/_vendor/packaging/__pycache__) by extensions ['python_setup_py']
[0.588s] Level 1:colcon.colcon_core.package_identification:_identify(env/lib/python3.12/site-packages/pip/_vendor/packaging/__pycache__) by extension 'python_setup_py'
[0.588s] Level 1:colcon.colcon_core.package_identification:_identify(env/lib/python3.12/site-packages/pip/_vendor/pkg_resources) by extensions ['ignore', 'ignore_ament_install']
[0.589s] Level 1:colcon.colcon_core.package_identification:_identify(env/lib/python3.12/site-packages/pip/_vendor/pkg_resources) by extension 'ignore'
[0.589s] Level 1:colcon.colcon_core.package_identification:_identify(env/lib/python3.12/site-packages/pip/_vendor/pkg_resources) by extension 'ignore_ament_install'
[0.589s] Level 1:colcon.colcon_core.package_identification:_identify(env/lib/python3.12/site-packages/pip/_vendor/pkg_resources) by extensions ['colcon_pkg']
[0.589s] Level 1:colcon.colcon_core.package_identification:_identify(env/lib/python3.12/site-packages/pip/_vendor/pkg_resources) by extension 'colcon_pkg'
[0.589s] Level 1:colcon.colcon_core.package_identification:_identify(env/lib/python3.12/site-packages/pip/_vendor/pkg_resources) by extensions ['colcon_meta']
[0.589s] Level 1:colcon.colcon_core.package_identification:_identify(env/lib/python3.12/site-packages/pip/_vendor/pkg_resources) by extension 'colcon_meta'
[0.589s] Level 1:colcon.colcon_core.package_identification:_identify(env/lib/python3.12/site-packages/pip/_vendor/pkg_resources) by extensions ['ros']
[0.589s] Level 1:colcon.colcon_core.package_identification:_identify(env/lib/python3.12/site-packages/pip/_vendor/pkg_resources) by extension 'ros'
[0.589s] Level 1:colcon.colcon_core.package_identification:_identify(env/lib/python3.12/site-packages/pip/_vendor/pkg_resources) by extensions ['cmake', 'python']
[0.589s] Level 1:colcon.colcon_core.package_identification:_identify(env/lib/python3.12/site-packages/pip/_vendor/pkg_resources) by extension 'cmake'
[0.589s] Level 1:colcon.colcon_core.package_identification:_identify(env/lib/python3.12/site-packages/pip/_vendor/pkg_resources) by extension 'python'
[0.589s] Level 1:colcon.colcon_core.package_identification:_identify(env/lib/python3.12/site-packages/pip/_vendor/pkg_resources) by extensions ['python_setup_py']
[0.590s] Level 1:colcon.colcon_core.package_identification:_identify(env/lib/python3.12/site-packages/pip/_vendor/pkg_resources) by extension 'python_setup_py'
[0.590s] Level 1:colcon.colcon_core.package_identification:_identify(env/lib/python3.12/site-packages/pip/_vendor/pkg_resources/__pycache__) by extensions ['ignore', 'ignore_ament_install']
[0.590s] Level 1:colcon.colcon_core.package_identification:_identify(env/lib/python3.12/site-packages/pip/_vendor/pkg_resources/__pycache__) by extension 'ignore'
[0.590s] Level 1:colcon.colcon_core.package_identification:_identify(env/lib/python3.12/site-packages/pip/_vendor/pkg_resources/__pycache__) by extension 'ignore_ament_install'
[0.590s] Level 1:colcon.colcon_core.package_identification:_identify(env/lib/python3.12/site-packages/pip/_vendor/pkg_resources/__pycache__) by extensions ['colcon_pkg']
[0.590s] Level 1:colcon.colcon_core.package_identification:_identify(env/lib/python3.12/site-packages/pip/_vendor/pkg_resources/__pycache__) by extension 'colcon_pkg'
[0.590s] Level 1:colcon.colcon_core.package_identification:_identify(env/lib/python3.12/site-packages/pip/_vendor/pkg_resources/__pycache__) by extensions ['colcon_meta']
[0.590s] Level 1:colcon.colcon_core.package_identification:_identify(env/lib/python3.12/site-packages/pip/_vendor/pkg_resources/__pycache__) by extension 'colcon_meta'
[0.590s] Level 1:colcon.colcon_core.package_identification:_identify(env/lib/python3.12/site-packages/pip/_vendor/pkg_resources/__pycache__) by extensions ['ros']
[0.590s] Level 1:colcon.colcon_core.package_identification:_identify(env/lib/python3.12/site-packages/pip/_vendor/pkg_resources/__pycache__) by extension 'ros'
[0.591s] Level 1:colcon.colcon_core.package_identification:_identify(env/lib/python3.12/site-packages/pip/_vendor/pkg_resources/__pycache__) by extensions ['cmake', 'python']
[0.591s] Level 1:colcon.colcon_core.package_identification:_identify(env/lib/python3.12/site-packages/pip/_vendor/pkg_resources/__pycache__) by extension 'cmake'
[0.591s] Level 1:colcon.colcon_core.package_identification:_identify(env/lib/python3.12/site-packages/pip/_vendor/pkg_resources/__pycache__) by extension 'python'
[0.591s] Level 1:colcon.colcon_core.package_identification:_identify(env/lib/python3.12/site-packages/pip/_vendor/pkg_resources/__pycache__) by extensions ['python_setup_py']
[0.591s] Level 1:colcon.colcon_core.package_identification:_identify(env/lib/python3.12/site-packages/pip/_vendor/pkg_resources/__pycache__) by extension 'python_setup_py'
[0.591s] Level 1:colcon.colcon_core.package_identification:_identify(env/lib/python3.12/site-packages/pip/_vendor/platformdirs) by extensions ['ignore', 'ignore_ament_install']
[0.591s] Level 1:colcon.colcon_core.package_identification:_identify(env/lib/python3.12/site-packages/pip/_vendor/platformdirs) by extension 'ignore'
[0.591s] Level 1:colcon.colcon_core.package_identification:_identify(env/lib/python3.12/site-packages/pip/_vendor/platformdirs) by extension 'ignore_ament_install'
[0.591s] Level 1:colcon.colcon_core.package_identification:_identify(env/lib/python3.12/site-packages/pip/_vendor/platformdirs) by extensions ['colcon_pkg']
[0.592s] Level 1:colcon.colcon_core.package_identification:_identify(env/lib/python3.12/site-packages/pip/_vendor/platformdirs) by extension 'colcon_pkg'
[0.592s] Level 1:colcon.colcon_core.package_identification:_identify(env/lib/python3.12/site-packages/pip/_vendor/platformdirs) by extensions ['colcon_meta']
[0.592s] Level 1:colcon.colcon_core.package_identification:_identify(env/lib/python3.12/site-packages/pip/_vendor/platformdirs) by extension 'colcon_meta'
[0.592s] Level 1:colcon.colcon_core.package_identification:_identify(env/lib/python3.12/site-packages/pip/_vendor/platformdirs) by extensions ['ros']
[0.592s] Level 1:colcon.colcon_core.package_identification:_identify(env/lib/python3.12/site-packages/pip/_vendor/platformdirs) by extension 'ros'
[0.592s] Level 1:colcon.colcon_core.package_identification:_identify(env/lib/python3.12/site-packages/pip/_vendor/platformdirs) by extensions ['cmake', 'python']
[0.592s] Level 1:colcon.colcon_core.package_identification:_identify(env/lib/python3.12/site-packages/pip/_vendor/platformdirs) by extension 'cmake'
[0.592s] Level 1:colcon.colcon_core.package_identification:_identify(env/lib/python3.12/site-packages/pip/_vendor/platformdirs) by extension 'python'
[0.592s] Level 1:colcon.colcon_core.package_identification:_identify(env/lib/python3.12/site-packages/pip/_vendor/platformdirs) by extensions ['python_setup_py']
[0.592s] Level 1:colcon.colcon_core.package_identification:_identify(env/lib/python3.12/site-packages/pip/_vendor/platformdirs) by extension 'python_setup_py'
[0.592s] Level 1:colcon.colcon_core.package_identification:_identify(env/lib/python3.12/site-packages/pip/_vendor/platformdirs/__pycache__) by extensions ['ignore', 'ignore_ament_install']
[0.593s] Level 1:colcon.colcon_core.package_identification:_identify(env/lib/python3.12/site-packages/pip/_vendor/platformdirs/__pycache__) by extension 'ignore'
[0.593s] Level 1:colcon.colcon_core.package_identification:_identify(env/lib/python3.12/site-packages/pip/_vendor/platformdirs/__pycache__) by extension 'ignore_ament_install'
[0.593s] Level 1:colcon.colcon_core.package_identification:_identify(env/lib/python3.12/site-packages/pip/_vendor/platformdirs/__pycache__) by extensions ['colcon_pkg']
[0.593s] Level 1:colcon.colcon_core.package_identification:_identify(env/lib/python3.12/site-packages/pip/_vendor/platformdirs/__pycache__) by extension 'colcon_pkg'
[0.593s] Level 1:colcon.colcon_core.package_identification:_identify(env/lib/python3.12/site-packages/pip/_vendor/platformdirs/__pycache__) by extensions ['colcon_meta']
[0.593s] Level 1:colcon.colcon_core.package_identification:_identify(env/lib/python3.12/site-packages/pip/_vendor/platformdirs/__pycache__) by extension 'colcon_meta'
[0.593s] Level 1:colcon.colcon_core.package_identification:_identify(env/lib/python3.12/site-packages/pip/_vendor/platformdirs/__pycache__) by extensions ['ros']
[0.593s] Level 1:colcon.colcon_core.package_identification:_identify(env/lib/python3.12/site-packages/pip/_vendor/platformdirs/__pycache__) by extension 'ros'
[0.593s] Level 1:colcon.colcon_core.package_identification:_identify(env/lib/python3.12/site-packages/pip/_vendor/platformdirs/__pycache__) by extensions ['cmake', 'python']
[0.593s] Level 1:colcon.colcon_core.package_identification:_identify(env/lib/python3.12/site-packages/pip/_vendor/platformdirs/__pycache__) by extension 'cmake'
[0.594s] Level 1:colcon.colcon_core.package_identification:_identify(env/lib/python3.12/site-packages/pip/_vendor/platformdirs/__pycache__) by extension 'python'
[0.594s] Level 1:colcon.colcon_core.package_identification:_identify(env/lib/python3.12/site-packages/pip/_vendor/platformdirs/__pycache__) by extensions ['python_setup_py']
[0.594s] Level 1:colcon.colcon_core.package_identification:_identify(env/lib/python3.12/site-packages/pip/_vendor/platformdirs/__pycache__) by extension 'python_setup_py'
[0.594s] Level 1:colcon.colcon_core.package_identification:_identify(env/lib/python3.12/site-packages/pip/_vendor/pygments) by extensions ['ignore', 'ignore_ament_install']
[0.594s] Level 1:colcon.colcon_core.package_identification:_identify(env/lib/python3.12/site-packages/pip/_vendor/pygments) by extension 'ignore'
[0.594s] Level 1:colcon.colcon_core.package_identification:_identify(env/lib/python3.12/site-packages/pip/_vendor/pygments) by extension 'ignore_ament_install'
[0.594s] Level 1:colcon.colcon_core.package_identification:_identify(env/lib/python3.12/site-packages/pip/_vendor/pygments) by extensions ['colcon_pkg']
[0.594s] Level 1:colcon.colcon_core.package_identification:_identify(env/lib/python3.12/site-packages/pip/_vendor/pygments) by extension 'colcon_pkg'
[0.594s] Level 1:colcon.colcon_core.package_identification:_identify(env/lib/python3.12/site-packages/pip/_vendor/pygments) by extensions ['colcon_meta']
[0.594s] Level 1:colcon.colcon_core.package_identification:_identify(env/lib/python3.12/site-packages/pip/_vendor/pygments) by extension 'colcon_meta'
[0.595s] Level 1:colcon.colcon_core.package_identification:_identify(env/lib/python3.12/site-packages/pip/_vendor/pygments) by extensions ['ros']
[0.595s] Level 1:colcon.colcon_core.package_identification:_identify(env/lib/python3.12/site-packages/pip/_vendor/pygments) by extension 'ros'
[0.595s] Level 1:colcon.colcon_core.package_identification:_identify(env/lib/python3.12/site-packages/pip/_vendor/pygments) by extensions ['cmake', 'python']
[0.595s] Level 1:colcon.colcon_core.package_identification:_identify(env/lib/python3.12/site-packages/pip/_vendor/pygments) by extension 'cmake'
[0.595s] Level 1:colcon.colcon_core.package_identification:_identify(env/lib/python3.12/site-packages/pip/_vendor/pygments) by extension 'python'
[0.595s] Level 1:colcon.colcon_core.package_identification:_identify(env/lib/python3.12/site-packages/pip/_vendor/pygments) by extensions ['python_setup_py']
[0.595s] Level 1:colcon.colcon_core.package_identification:_identify(env/lib/python3.12/site-packages/pip/_vendor/pygments) by extension 'python_setup_py'
[0.595s] Level 1:colcon.colcon_core.package_identification:_identify(env/lib/python3.12/site-packages/pip/_vendor/pygments/__pycache__) by extensions ['ignore', 'ignore_ament_install']
[0.595s] Level 1:colcon.colcon_core.package_identification:_identify(env/lib/python3.12/site-packages/pip/_vendor/pygments/__pycache__) by extension 'ignore'
[0.596s] Level 1:colcon.colcon_core.package_identification:_identify(env/lib/python3.12/site-packages/pip/_vendor/pygments/__pycache__) by extension 'ignore_ament_install'
[0.596s] Level 1:colcon.colcon_core.package_identification:_identify(env/lib/python3.12/site-packages/pip/_vendor/pygments/__pycache__) by extensions ['colcon_pkg']
[0.596s] Level 1:colcon.colcon_core.package_identification:_identify(env/lib/python3.12/site-packages/pip/_vendor/pygments/__pycache__) by extension 'colcon_pkg'
[0.596s] Level 1:colcon.colcon_core.package_identification:_identify(env/lib/python3.12/site-packages/pip/_vendor/pygments/__pycache__) by extensions ['colcon_meta']
[0.596s] Level 1:colcon.colcon_core.package_identification:_identify(env/lib/python3.12/site-packages/pip/_vendor/pygments/__pycache__) by extension 'colcon_meta'
[0.596s] Level 1:colcon.colcon_core.package_identification:_identify(env/lib/python3.12/site-packages/pip/_vendor/pygments/__pycache__) by extensions ['ros']
[0.596s] Level 1:colcon.colcon_core.package_identification:_identify(env/lib/python3.12/site-packages/pip/_vendor/pygments/__pycache__) by extension 'ros'
[0.596s] Level 1:colcon.colcon_core.package_identification:_identify(env/lib/python3.12/site-packages/pip/_vendor/pygments/__pycache__) by extensions ['cmake', 'python']
[0.596s] Level 1:colcon.colcon_core.package_identification:_identify(env/lib/python3.12/site-packages/pip/_vendor/pygments/__pycache__) by extension 'cmake'
[0.597s] Level 1:colcon.colcon_core.package_identification:_identify(env/lib/python3.12/site-packages/pip/_vendor/pygments/__pycache__) by extension 'python'
[0.597s] Level 1:colcon.colcon_core.package_identification:_identify(env/lib/python3.12/site-packages/pip/_vendor/pygments/__pycache__) by extensions ['python_setup_py']
[0.597s] Level 1:colcon.colcon_core.package_identification:_identify(env/lib/python3.12/site-packages/pip/_vendor/pygments/__pycache__) by extension 'python_setup_py'
[0.597s] Level 1:colcon.colcon_core.package_identification:_identify(env/lib/python3.12/site-packages/pip/_vendor/pygments/filters) by extensions ['ignore', 'ignore_ament_install']
[0.597s] Level 1:colcon.colcon_core.package_identification:_identify(env/lib/python3.12/site-packages/pip/_vendor/pygments/filters) by extension 'ignore'
[0.597s] Level 1:colcon.colcon_core.package_identification:_identify(env/lib/python3.12/site-packages/pip/_vendor/pygments/filters) by extension 'ignore_ament_install'
[0.597s] Level 1:colcon.colcon_core.package_identification:_identify(env/lib/python3.12/site-packages/pip/_vendor/pygments/filters) by extensions ['colcon_pkg']
[0.597s] Level 1:colcon.colcon_core.package_identification:_identify(env/lib/python3.12/site-packages/pip/_vendor/pygments/filters) by extension 'colcon_pkg'
[0.597s] Level 1:colcon.colcon_core.package_identification:_identify(env/lib/python3.12/site-packages/pip/_vendor/pygments/filters) by extensions ['colcon_meta']
[0.598s] Level 1:colcon.colcon_core.package_identification:_identify(env/lib/python3.12/site-packages/pip/_vendor/pygments/filters) by extension 'colcon_meta'
[0.598s] Level 1:colcon.colcon_core.package_identification:_identify(env/lib/python3.12/site-packages/pip/_vendor/pygments/filters) by extensions ['ros']
[0.598s] Level 1:colcon.colcon_core.package_identification:_identify(env/lib/python3.12/site-packages/pip/_vendor/pygments/filters) by extension 'ros'
[0.598s] Level 1:colcon.colcon_core.package_identification:_identify(env/lib/python3.12/site-packages/pip/_vendor/pygments/filters) by extensions ['cmake', 'python']
[0.598s] Level 1:colcon.colcon_core.package_identification:_identify(env/lib/python3.12/site-packages/pip/_vendor/pygments/filters) by extension 'cmake'
[0.598s] Level 1:colcon.colcon_core.package_identification:_identify(env/lib/python3.12/site-packages/pip/_vendor/pygments/filters) by extension 'python'
[0.598s] Level 1:colcon.colcon_core.package_identification:_identify(env/lib/python3.12/site-packages/pip/_vendor/pygments/filters) by extensions ['python_setup_py']
[0.598s] Level 1:colcon.colcon_core.package_identification:_identify(env/lib/python3.12/site-packages/pip/_vendor/pygments/filters) by extension 'python_setup_py'
[0.598s] Level 1:colcon.colcon_core.package_identification:_identify(env/lib/python3.12/site-packages/pip/_vendor/pygments/filters/__pycache__) by extensions ['ignore', 'ignore_ament_install']
[0.599s] Level 1:colcon.colcon_core.package_identification:_identify(env/lib/python3.12/site-packages/pip/_vendor/pygments/filters/__pycache__) by extension 'ignore'
[0.599s] Level 1:colcon.colcon_core.package_identification:_identify(env/lib/python3.12/site-packages/pip/_vendor/pygments/filters/__pycache__) by extension 'ignore_ament_install'
[0.599s] Level 1:colcon.colcon_core.package_identification:_identify(env/lib/python3.12/site-packages/pip/_vendor/pygments/filters/__pycache__) by extensions ['colcon_pkg']
[0.599s] Level 1:colcon.colcon_core.package_identification:_identify(env/lib/python3.12/site-packages/pip/_vendor/pygments/filters/__pycache__) by extension 'colcon_pkg'
[0.599s] Level 1:colcon.colcon_core.package_identification:_identify(env/lib/python3.12/site-packages/pip/_vendor/pygments/filters/__pycache__) by extensions ['colcon_meta']
[0.599s] Level 1:colcon.colcon_core.package_identification:_identify(env/lib/python3.12/site-packages/pip/_vendor/pygments/filters/__pycache__) by extension 'colcon_meta'
[0.599s] Level 1:colcon.colcon_core.package_identification:_identify(env/lib/python3.12/site-packages/pip/_vendor/pygments/filters/__pycache__) by extensions ['ros']
[0.599s] Level 1:colcon.colcon_core.package_identification:_identify(env/lib/python3.12/site-packages/pip/_vendor/pygments/filters/__pycache__) by extension 'ros'
[0.599s] Level 1:colcon.colcon_core.package_identification:_identify(env/lib/python3.12/site-packages/pip/_vendor/pygments/filters/__pycache__) by extensions ['cmake', 'python']
[0.599s] Level 1:colcon.colcon_core.package_identification:_identify(env/lib/python3.12/site-packages/pip/_vendor/pygments/filters/__pycache__) by extension 'cmake'
[0.599s] Level 1:colcon.colcon_core.package_identification:_identify(env/lib/python3.12/site-packages/pip/_vendor/pygments/filters/__pycache__) by extension 'python'
[0.600s] Level 1:colcon.colcon_core.package_identification:_identify(env/lib/python3.12/site-packages/pip/_vendor/pygments/filters/__pycache__) by extensions ['python_setup_py']
[0.600s] Level 1:colcon.colcon_core.package_identification:_identify(env/lib/python3.12/site-packages/pip/_vendor/pygments/filters/__pycache__) by extension 'python_setup_py'
[0.600s] Level 1:colcon.colcon_core.package_identification:_identify(env/lib/python3.12/site-packages/pip/_vendor/pygments/formatters) by extensions ['ignore', 'ignore_ament_install']
[0.600s] Level 1:colcon.colcon_core.package_identification:_identify(env/lib/python3.12/site-packages/pip/_vendor/pygments/formatters) by extension 'ignore'
[0.600s] Level 1:colcon.colcon_core.package_identification:_identify(env/lib/python3.12/site-packages/pip/_vendor/pygments/formatters) by extension 'ignore_ament_install'
[0.600s] Level 1:colcon.colcon_core.package_identification:_identify(env/lib/python3.12/site-packages/pip/_vendor/pygments/formatters) by extensions ['colcon_pkg']
[0.600s] Level 1:colcon.colcon_core.package_identification:_identify(env/lib/python3.12/site-packages/pip/_vendor/pygments/formatters) by extension 'colcon_pkg'
[0.600s] Level 1:colcon.colcon_core.package_identification:_identify(env/lib/python3.12/site-packages/pip/_vendor/pygments/formatters) by extensions ['colcon_meta']
[0.600s] Level 1:colcon.colcon_core.package_identification:_identify(env/lib/python3.12/site-packages/pip/_vendor/pygments/formatters) by extension 'colcon_meta'
[0.601s] Level 1:colcon.colcon_core.package_identification:_identify(env/lib/python3.12/site-packages/pip/_vendor/pygments/formatters) by extensions ['ros']
[0.601s] Level 1:colcon.colcon_core.package_identification:_identify(env/lib/python3.12/site-packages/pip/_vendor/pygments/formatters) by extension 'ros'
[0.601s] Level 1:colcon.colcon_core.package_identification:_identify(env/lib/python3.12/site-packages/pip/_vendor/pygments/formatters) by extensions ['cmake', 'python']
[0.601s] Level 1:colcon.colcon_core.package_identification:_identify(env/lib/python3.12/site-packages/pip/_vendor/pygments/formatters) by extension 'cmake'
[0.601s] Level 1:colcon.colcon_core.package_identification:_identify(env/lib/python3.12/site-packages/pip/_vendor/pygments/formatters) by extension 'python'
[0.601s] Level 1:colcon.colcon_core.package_identification:_identify(env/lib/python3.12/site-packages/pip/_vendor/pygments/formatters) by extensions ['python_setup_py']
[0.601s] Level 1:colcon.colcon_core.package_identification:_identify(env/lib/python3.12/site-packages/pip/_vendor/pygments/formatters) by extension 'python_setup_py'
[0.601s] Level 1:colcon.colcon_core.package_identification:_identify(env/lib/python3.12/site-packages/pip/_vendor/pygments/formatters/__pycache__) by extensions ['ignore', 'ignore_ament_install']
[0.601s] Level 1:colcon.colcon_core.package_identification:_identify(env/lib/python3.12/site-packages/pip/_vendor/pygments/formatters/__pycache__) by extension 'ignore'
[0.602s] Level 1:colcon.colcon_core.package_identification:_identify(env/lib/python3.12/site-packages/pip/_vendor/pygments/formatters/__pycache__) by extension 'ignore_ament_install'
[0.602s] Level 1:colcon.colcon_core.package_identification:_identify(env/lib/python3.12/site-packages/pip/_vendor/pygments/formatters/__pycache__) by extensions ['colcon_pkg']
[0.602s] Level 1:colcon.colcon_core.package_identification:_identify(env/lib/python3.12/site-packages/pip/_vendor/pygments/formatters/__pycache__) by extension 'colcon_pkg'
[0.602s] Level 1:colcon.colcon_core.package_identification:_identify(env/lib/python3.12/site-packages/pip/_vendor/pygments/formatters/__pycache__) by extensions ['colcon_meta']
[0.602s] Level 1:colcon.colcon_core.package_identification:_identify(env/lib/python3.12/site-packages/pip/_vendor/pygments/formatters/__pycache__) by extension 'colcon_meta'
[0.602s] Level 1:colcon.colcon_core.package_identification:_identify(env/lib/python3.12/site-packages/pip/_vendor/pygments/formatters/__pycache__) by extensions ['ros']
[0.602s] Level 1:colcon.colcon_core.package_identification:_identify(env/lib/python3.12/site-packages/pip/_vendor/pygments/formatters/__pycache__) by extension 'ros'
[0.602s] Level 1:colcon.colcon_core.package_identification:_identify(env/lib/python3.12/site-packages/pip/_vendor/pygments/formatters/__pycache__) by extensions ['cmake', 'python']
[0.602s] Level 1:colcon.colcon_core.package_identification:_identify(env/lib/python3.12/site-packages/pip/_vendor/pygments/formatters/__pycache__) by extension 'cmake'
[0.602s] Level 1:colcon.colcon_core.package_identification:_identify(env/lib/python3.12/site-packages/pip/_vendor/pygments/formatters/__pycache__) by extension 'python'
[0.602s] Level 1:colcon.colcon_core.package_identification:_identify(env/lib/python3.12/site-packages/pip/_vendor/pygments/formatters/__pycache__) by extensions ['python_setup_py']
[0.603s] Level 1:colcon.colcon_core.package_identification:_identify(env/lib/python3.12/site-packages/pip/_vendor/pygments/formatters/__pycache__) by extension 'python_setup_py'
[0.603s] Level 1:colcon.colcon_core.package_identification:_identify(env/lib/python3.12/site-packages/pip/_vendor/pygments/lexers) by extensions ['ignore', 'ignore_ament_install']
[0.603s] Level 1:colcon.colcon_core.package_identification:_identify(env/lib/python3.12/site-packages/pip/_vendor/pygments/lexers) by extension 'ignore'
[0.603s] Level 1:colcon.colcon_core.package_identification:_identify(env/lib/python3.12/site-packages/pip/_vendor/pygments/lexers) by extension 'ignore_ament_install'
[0.603s] Level 1:colcon.colcon_core.package_identification:_identify(env/lib/python3.12/site-packages/pip/_vendor/pygments/lexers) by extensions ['colcon_pkg']
[0.603s] Level 1:colcon.colcon_core.package_identification:_identify(env/lib/python3.12/site-packages/pip/_vendor/pygments/lexers) by extension 'colcon_pkg'
[0.603s] Level 1:colcon.colcon_core.package_identification:_identify(env/lib/python3.12/site-packages/pip/_vendor/pygments/lexers) by extensions ['colcon_meta']
[0.603s] Level 1:colcon.colcon_core.package_identification:_identify(env/lib/python3.12/site-packages/pip/_vendor/pygments/lexers) by extension 'colcon_meta'
[0.603s] Level 1:colcon.colcon_core.package_identification:_identify(env/lib/python3.12/site-packages/pip/_vendor/pygments/lexers) by extensions ['ros']
[0.603s] Level 1:colcon.colcon_core.package_identification:_identify(env/lib/python3.12/site-packages/pip/_vendor/pygments/lexers) by extension 'ros'
[0.604s] Level 1:colcon.colcon_core.package_identification:_identify(env/lib/python3.12/site-packages/pip/_vendor/pygments/lexers) by extensions ['cmake', 'python']
[0.604s] Level 1:colcon.colcon_core.package_identification:_identify(env/lib/python3.12/site-packages/pip/_vendor/pygments/lexers) by extension 'cmake'
[0.604s] Level 1:colcon.colcon_core.package_identification:_identify(env/lib/python3.12/site-packages/pip/_vendor/pygments/lexers) by extension 'python'
[0.604s] Level 1:colcon.colcon_core.package_identification:_identify(env/lib/python3.12/site-packages/pip/_vendor/pygments/lexers) by extensions ['python_setup_py']
[0.604s] Level 1:colcon.colcon_core.package_identification:_identify(env/lib/python3.12/site-packages/pip/_vendor/pygments/lexers) by extension 'python_setup_py'
[0.604s] Level 1:colcon.colcon_core.package_identification:_identify(env/lib/python3.12/site-packages/pip/_vendor/pygments/lexers/__pycache__) by extensions ['ignore', 'ignore_ament_install']
[0.604s] Level 1:colcon.colcon_core.package_identification:_identify(env/lib/python3.12/site-packages/pip/_vendor/pygments/lexers/__pycache__) by extension 'ignore'
[0.604s] Level 1:colcon.colcon_core.package_identification:_identify(env/lib/python3.12/site-packages/pip/_vendor/pygments/lexers/__pycache__) by extension 'ignore_ament_install'
[0.604s] Level 1:colcon.colcon_core.package_identification:_identify(env/lib/python3.12/site-packages/pip/_vendor/pygments/lexers/__pycache__) by extensions ['colcon_pkg']
[0.605s] Level 1:colcon.colcon_core.package_identification:_identify(env/lib/python3.12/site-packages/pip/_vendor/pygments/lexers/__pycache__) by extension 'colcon_pkg'
[0.605s] Level 1:colcon.colcon_core.package_identification:_identify(env/lib/python3.12/site-packages/pip/_vendor/pygments/lexers/__pycache__) by extensions ['colcon_meta']
[0.605s] Level 1:colcon.colcon_core.package_identification:_identify(env/lib/python3.12/site-packages/pip/_vendor/pygments/lexers/__pycache__) by extension 'colcon_meta'
[0.605s] Level 1:colcon.colcon_core.package_identification:_identify(env/lib/python3.12/site-packages/pip/_vendor/pygments/lexers/__pycache__) by extensions ['ros']
[0.605s] Level 1:colcon.colcon_core.package_identification:_identify(env/lib/python3.12/site-packages/pip/_vendor/pygments/lexers/__pycache__) by extension 'ros'
[0.605s] Level 1:colcon.colcon_core.package_identification:_identify(env/lib/python3.12/site-packages/pip/_vendor/pygments/lexers/__pycache__) by extensions ['cmake', 'python']
[0.605s] Level 1:colcon.colcon_core.package_identification:_identify(env/lib/python3.12/site-packages/pip/_vendor/pygments/lexers/__pycache__) by extension 'cmake'
[0.605s] Level 1:colcon.colcon_core.package_identification:_identify(env/lib/python3.12/site-packages/pip/_vendor/pygments/lexers/__pycache__) by extension 'python'
[0.605s] Level 1:colcon.colcon_core.package_identification:_identify(env/lib/python3.12/site-packages/pip/_vendor/pygments/lexers/__pycache__) by extensions ['python_setup_py']
[0.605s] Level 1:colcon.colcon_core.package_identification:_identify(env/lib/python3.12/site-packages/pip/_vendor/pygments/lexers/__pycache__) by extension 'python_setup_py'
[0.605s] Level 1:colcon.colcon_core.package_identification:_identify(env/lib/python3.12/site-packages/pip/_vendor/pygments/styles) by extensions ['ignore', 'ignore_ament_install']
[0.606s] Level 1:colcon.colcon_core.package_identification:_identify(env/lib/python3.12/site-packages/pip/_vendor/pygments/styles) by extension 'ignore'
[0.606s] Level 1:colcon.colcon_core.package_identification:_identify(env/lib/python3.12/site-packages/pip/_vendor/pygments/styles) by extension 'ignore_ament_install'
[0.606s] Level 1:colcon.colcon_core.package_identification:_identify(env/lib/python3.12/site-packages/pip/_vendor/pygments/styles) by extensions ['colcon_pkg']
[0.606s] Level 1:colcon.colcon_core.package_identification:_identify(env/lib/python3.12/site-packages/pip/_vendor/pygments/styles) by extension 'colcon_pkg'
[0.606s] Level 1:colcon.colcon_core.package_identification:_identify(env/lib/python3.12/site-packages/pip/_vendor/pygments/styles) by extensions ['colcon_meta']
[0.606s] Level 1:colcon.colcon_core.package_identification:_identify(env/lib/python3.12/site-packages/pip/_vendor/pygments/styles) by extension 'colcon_meta'
[0.606s] Level 1:colcon.colcon_core.package_identification:_identify(env/lib/python3.12/site-packages/pip/_vendor/pygments/styles) by extensions ['ros']
[0.606s] Level 1:colcon.colcon_core.package_identification:_identify(env/lib/python3.12/site-packages/pip/_vendor/pygments/styles) by extension 'ros'
[0.606s] Level 1:colcon.colcon_core.package_identification:_identify(env/lib/python3.12/site-packages/pip/_vendor/pygments/styles) by extensions ['cmake', 'python']
[0.606s] Level 1:colcon.colcon_core.package_identification:_identify(env/lib/python3.12/site-packages/pip/_vendor/pygments/styles) by extension 'cmake'
[0.607s] Level 1:colcon.colcon_core.package_identification:_identify(env/lib/python3.12/site-packages/pip/_vendor/pygments/styles) by extension 'python'
[0.607s] Level 1:colcon.colcon_core.package_identification:_identify(env/lib/python3.12/site-packages/pip/_vendor/pygments/styles) by extensions ['python_setup_py']
[0.607s] Level 1:colcon.colcon_core.package_identification:_identify(env/lib/python3.12/site-packages/pip/_vendor/pygments/styles) by extension 'python_setup_py'
[0.607s] Level 1:colcon.colcon_core.package_identification:_identify(env/lib/python3.12/site-packages/pip/_vendor/pygments/styles/__pycache__) by extensions ['ignore', 'ignore_ament_install']
[0.607s] Level 1:colcon.colcon_core.package_identification:_identify(env/lib/python3.12/site-packages/pip/_vendor/pygments/styles/__pycache__) by extension 'ignore'
[0.607s] Level 1:colcon.colcon_core.package_identification:_identify(env/lib/python3.12/site-packages/pip/_vendor/pygments/styles/__pycache__) by extension 'ignore_ament_install'
[0.607s] Level 1:colcon.colcon_core.package_identification:_identify(env/lib/python3.12/site-packages/pip/_vendor/pygments/styles/__pycache__) by extensions ['colcon_pkg']
[0.607s] Level 1:colcon.colcon_core.package_identification:_identify(env/lib/python3.12/site-packages/pip/_vendor/pygments/styles/__pycache__) by extension 'colcon_pkg'
[0.607s] Level 1:colcon.colcon_core.package_identification:_identify(env/lib/python3.12/site-packages/pip/_vendor/pygments/styles/__pycache__) by extensions ['colcon_meta']
[0.607s] Level 1:colcon.colcon_core.package_identification:_identify(env/lib/python3.12/site-packages/pip/_vendor/pygments/styles/__pycache__) by extension 'colcon_meta'
[0.608s] Level 1:colcon.colcon_core.package_identification:_identify(env/lib/python3.12/site-packages/pip/_vendor/pygments/styles/__pycache__) by extensions ['ros']
[0.608s] Level 1:colcon.colcon_core.package_identification:_identify(env/lib/python3.12/site-packages/pip/_vendor/pygments/styles/__pycache__) by extension 'ros'
[0.608s] Level 1:colcon.colcon_core.package_identification:_identify(env/lib/python3.12/site-packages/pip/_vendor/pygments/styles/__pycache__) by extensions ['cmake', 'python']
[0.608s] Level 1:colcon.colcon_core.package_identification:_identify(env/lib/python3.12/site-packages/pip/_vendor/pygments/styles/__pycache__) by extension 'cmake'
[0.608s] Level 1:colcon.colcon_core.package_identification:_identify(env/lib/python3.12/site-packages/pip/_vendor/pygments/styles/__pycache__) by extension 'python'
[0.608s] Level 1:colcon.colcon_core.package_identification:_identify(env/lib/python3.12/site-packages/pip/_vendor/pygments/styles/__pycache__) by extensions ['python_setup_py']
[0.608s] Level 1:colcon.colcon_core.package_identification:_identify(env/lib/python3.12/site-packages/pip/_vendor/pygments/styles/__pycache__) by extension 'python_setup_py'
[0.608s] Level 1:colcon.colcon_core.package_identification:_identify(env/lib/python3.12/site-packages/pip/_vendor/pyparsing) by extensions ['ignore', 'ignore_ament_install']
[0.608s] Level 1:colcon.colcon_core.package_identification:_identify(env/lib/python3.12/site-packages/pip/_vendor/pyparsing) by extension 'ignore'
[0.609s] Level 1:colcon.colcon_core.package_identification:_identify(env/lib/python3.12/site-packages/pip/_vendor/pyparsing) by extension 'ignore_ament_install'
[0.609s] Level 1:colcon.colcon_core.package_identification:_identify(env/lib/python3.12/site-packages/pip/_vendor/pyparsing) by extensions ['colcon_pkg']
[0.609s] Level 1:colcon.colcon_core.package_identification:_identify(env/lib/python3.12/site-packages/pip/_vendor/pyparsing) by extension 'colcon_pkg'
[0.609s] Level 1:colcon.colcon_core.package_identification:_identify(env/lib/python3.12/site-packages/pip/_vendor/pyparsing) by extensions ['colcon_meta']
[0.609s] Level 1:colcon.colcon_core.package_identification:_identify(env/lib/python3.12/site-packages/pip/_vendor/pyparsing) by extension 'colcon_meta'
[0.609s] Level 1:colcon.colcon_core.package_identification:_identify(env/lib/python3.12/site-packages/pip/_vendor/pyparsing) by extensions ['ros']
[0.609s] Level 1:colcon.colcon_core.package_identification:_identify(env/lib/python3.12/site-packages/pip/_vendor/pyparsing) by extension 'ros'
[0.609s] Level 1:colcon.colcon_core.package_identification:_identify(env/lib/python3.12/site-packages/pip/_vendor/pyparsing) by extensions ['cmake', 'python']
[0.609s] Level 1:colcon.colcon_core.package_identification:_identify(env/lib/python3.12/site-packages/pip/_vendor/pyparsing) by extension 'cmake'
[0.609s] Level 1:colcon.colcon_core.package_identification:_identify(env/lib/python3.12/site-packages/pip/_vendor/pyparsing) by extension 'python'
[0.610s] Level 1:colcon.colcon_core.package_identification:_identify(env/lib/python3.12/site-packages/pip/_vendor/pyparsing) by extensions ['python_setup_py']
[0.610s] Level 1:colcon.colcon_core.package_identification:_identify(env/lib/python3.12/site-packages/pip/_vendor/pyparsing) by extension 'python_setup_py'
[0.610s] Level 1:colcon.colcon_core.package_identification:_identify(env/lib/python3.12/site-packages/pip/_vendor/pyparsing/__pycache__) by extensions ['ignore', 'ignore_ament_install']
[0.610s] Level 1:colcon.colcon_core.package_identification:_identify(env/lib/python3.12/site-packages/pip/_vendor/pyparsing/__pycache__) by extension 'ignore'
[0.610s] Level 1:colcon.colcon_core.package_identification:_identify(env/lib/python3.12/site-packages/pip/_vendor/pyparsing/__pycache__) by extension 'ignore_ament_install'
[0.610s] Level 1:colcon.colcon_core.package_identification:_identify(env/lib/python3.12/site-packages/pip/_vendor/pyparsing/__pycache__) by extensions ['colcon_pkg']
[0.610s] Level 1:colcon.colcon_core.package_identification:_identify(env/lib/python3.12/site-packages/pip/_vendor/pyparsing/__pycache__) by extension 'colcon_pkg'
[0.610s] Level 1:colcon.colcon_core.package_identification:_identify(env/lib/python3.12/site-packages/pip/_vendor/pyparsing/__pycache__) by extensions ['colcon_meta']
[0.610s] Level 1:colcon.colcon_core.package_identification:_identify(env/lib/python3.12/site-packages/pip/_vendor/pyparsing/__pycache__) by extension 'colcon_meta'
[0.610s] Level 1:colcon.colcon_core.package_identification:_identify(env/lib/python3.12/site-packages/pip/_vendor/pyparsing/__pycache__) by extensions ['ros']
[0.610s] Level 1:colcon.colcon_core.package_identification:_identify(env/lib/python3.12/site-packages/pip/_vendor/pyparsing/__pycache__) by extension 'ros'
[0.611s] Level 1:colcon.colcon_core.package_identification:_identify(env/lib/python3.12/site-packages/pip/_vendor/pyparsing/__pycache__) by extensions ['cmake', 'python']
[0.611s] Level 1:colcon.colcon_core.package_identification:_identify(env/lib/python3.12/site-packages/pip/_vendor/pyparsing/__pycache__) by extension 'cmake'
[0.611s] Level 1:colcon.colcon_core.package_identification:_identify(env/lib/python3.12/site-packages/pip/_vendor/pyparsing/__pycache__) by extension 'python'
[0.611s] Level 1:colcon.colcon_core.package_identification:_identify(env/lib/python3.12/site-packages/pip/_vendor/pyparsing/__pycache__) by extensions ['python_setup_py']
[0.611s] Level 1:colcon.colcon_core.package_identification:_identify(env/lib/python3.12/site-packages/pip/_vendor/pyparsing/__pycache__) by extension 'python_setup_py'
[0.611s] Level 1:colcon.colcon_core.package_identification:_identify(env/lib/python3.12/site-packages/pip/_vendor/pyparsing/diagram) by extensions ['ignore', 'ignore_ament_install']
[0.611s] Level 1:colcon.colcon_core.package_identification:_identify(env/lib/python3.12/site-packages/pip/_vendor/pyparsing/diagram) by extension 'ignore'
[0.611s] Level 1:colcon.colcon_core.package_identification:_identify(env/lib/python3.12/site-packages/pip/_vendor/pyparsing/diagram) by extension 'ignore_ament_install'
[0.611s] Level 1:colcon.colcon_core.package_identification:_identify(env/lib/python3.12/site-packages/pip/_vendor/pyparsing/diagram) by extensions ['colcon_pkg']
[0.612s] Level 1:colcon.colcon_core.package_identification:_identify(env/lib/python3.12/site-packages/pip/_vendor/pyparsing/diagram) by extension 'colcon_pkg'
[0.612s] Level 1:colcon.colcon_core.package_identification:_identify(env/lib/python3.12/site-packages/pip/_vendor/pyparsing/diagram) by extensions ['colcon_meta']
[0.612s] Level 1:colcon.colcon_core.package_identification:_identify(env/lib/python3.12/site-packages/pip/_vendor/pyparsing/diagram) by extension 'colcon_meta'
[0.612s] Level 1:colcon.colcon_core.package_identification:_identify(env/lib/python3.12/site-packages/pip/_vendor/pyparsing/diagram) by extensions ['ros']
[0.612s] Level 1:colcon.colcon_core.package_identification:_identify(env/lib/python3.12/site-packages/pip/_vendor/pyparsing/diagram) by extension 'ros'
[0.612s] Level 1:colcon.colcon_core.package_identification:_identify(env/lib/python3.12/site-packages/pip/_vendor/pyparsing/diagram) by extensions ['cmake', 'python']
[0.612s] Level 1:colcon.colcon_core.package_identification:_identify(env/lib/python3.12/site-packages/pip/_vendor/pyparsing/diagram) by extension 'cmake'
[0.612s] Level 1:colcon.colcon_core.package_identification:_identify(env/lib/python3.12/site-packages/pip/_vendor/pyparsing/diagram) by extension 'python'
[0.612s] Level 1:colcon.colcon_core.package_identification:_identify(env/lib/python3.12/site-packages/pip/_vendor/pyparsing/diagram) by extensions ['python_setup_py']
[0.612s] Level 1:colcon.colcon_core.package_identification:_identify(env/lib/python3.12/site-packages/pip/_vendor/pyparsing/diagram) by extension 'python_setup_py'
[0.612s] Level 1:colcon.colcon_core.package_identification:_identify(env/lib/python3.12/site-packages/pip/_vendor/pyparsing/diagram/__pycache__) by extensions ['ignore', 'ignore_ament_install']
[0.613s] Level 1:colcon.colcon_core.package_identification:_identify(env/lib/python3.12/site-packages/pip/_vendor/pyparsing/diagram/__pycache__) by extension 'ignore'
[0.613s] Level 1:colcon.colcon_core.package_identification:_identify(env/lib/python3.12/site-packages/pip/_vendor/pyparsing/diagram/__pycache__) by extension 'ignore_ament_install'
[0.613s] Level 1:colcon.colcon_core.package_identification:_identify(env/lib/python3.12/site-packages/pip/_vendor/pyparsing/diagram/__pycache__) by extensions ['colcon_pkg']
[0.613s] Level 1:colcon.colcon_core.package_identification:_identify(env/lib/python3.12/site-packages/pip/_vendor/pyparsing/diagram/__pycache__) by extension 'colcon_pkg'
[0.613s] Level 1:colcon.colcon_core.package_identification:_identify(env/lib/python3.12/site-packages/pip/_vendor/pyparsing/diagram/__pycache__) by extensions ['colcon_meta']
[0.613s] Level 1:colcon.colcon_core.package_identification:_identify(env/lib/python3.12/site-packages/pip/_vendor/pyparsing/diagram/__pycache__) by extension 'colcon_meta'
[0.613s] Level 1:colcon.colcon_core.package_identification:_identify(env/lib/python3.12/site-packages/pip/_vendor/pyparsing/diagram/__pycache__) by extensions ['ros']
[0.613s] Level 1:colcon.colcon_core.package_identification:_identify(env/lib/python3.12/site-packages/pip/_vendor/pyparsing/diagram/__pycache__) by extension 'ros'
[0.614s] Level 1:colcon.colcon_core.package_identification:_identify(env/lib/python3.12/site-packages/pip/_vendor/pyparsing/diagram/__pycache__) by extensions ['cmake', 'python']
[0.614s] Level 1:colcon.colcon_core.package_identification:_identify(env/lib/python3.12/site-packages/pip/_vendor/pyparsing/diagram/__pycache__) by extension 'cmake'
[0.614s] Level 1:colcon.colcon_core.package_identification:_identify(env/lib/python3.12/site-packages/pip/_vendor/pyparsing/diagram/__pycache__) by extension 'python'
[0.614s] Level 1:colcon.colcon_core.package_identification:_identify(env/lib/python3.12/site-packages/pip/_vendor/pyparsing/diagram/__pycache__) by extensions ['python_setup_py']
[0.614s] Level 1:colcon.colcon_core.package_identification:_identify(env/lib/python3.12/site-packages/pip/_vendor/pyparsing/diagram/__pycache__) by extension 'python_setup_py'
[0.614s] Level 1:colcon.colcon_core.package_identification:_identify(env/lib/python3.12/site-packages/pip/_vendor/pyproject_hooks) by extensions ['ignore', 'ignore_ament_install']
[0.614s] Level 1:colcon.colcon_core.package_identification:_identify(env/lib/python3.12/site-packages/pip/_vendor/pyproject_hooks) by extension 'ignore'
[0.614s] Level 1:colcon.colcon_core.package_identification:_identify(env/lib/python3.12/site-packages/pip/_vendor/pyproject_hooks) by extension 'ignore_ament_install'
[0.614s] Level 1:colcon.colcon_core.package_identification:_identify(env/lib/python3.12/site-packages/pip/_vendor/pyproject_hooks) by extensions ['colcon_pkg']
[0.614s] Level 1:colcon.colcon_core.package_identification:_identify(env/lib/python3.12/site-packages/pip/_vendor/pyproject_hooks) by extension 'colcon_pkg'
[0.615s] Level 1:colcon.colcon_core.package_identification:_identify(env/lib/python3.12/site-packages/pip/_vendor/pyproject_hooks) by extensions ['colcon_meta']
[0.615s] Level 1:colcon.colcon_core.package_identification:_identify(env/lib/python3.12/site-packages/pip/_vendor/pyproject_hooks) by extension 'colcon_meta'
[0.615s] Level 1:colcon.colcon_core.package_identification:_identify(env/lib/python3.12/site-packages/pip/_vendor/pyproject_hooks) by extensions ['ros']
[0.615s] Level 1:colcon.colcon_core.package_identification:_identify(env/lib/python3.12/site-packages/pip/_vendor/pyproject_hooks) by extension 'ros'
[0.615s] Level 1:colcon.colcon_core.package_identification:_identify(env/lib/python3.12/site-packages/pip/_vendor/pyproject_hooks) by extensions ['cmake', 'python']
[0.615s] Level 1:colcon.colcon_core.package_identification:_identify(env/lib/python3.12/site-packages/pip/_vendor/pyproject_hooks) by extension 'cmake'
[0.615s] Level 1:colcon.colcon_core.package_identification:_identify(env/lib/python3.12/site-packages/pip/_vendor/pyproject_hooks) by extension 'python'
[0.615s] Level 1:colcon.colcon_core.package_identification:_identify(env/lib/python3.12/site-packages/pip/_vendor/pyproject_hooks) by extensions ['python_setup_py']
[0.615s] Level 1:colcon.colcon_core.package_identification:_identify(env/lib/python3.12/site-packages/pip/_vendor/pyproject_hooks) by extension 'python_setup_py'
[0.615s] Level 1:colcon.colcon_core.package_identification:_identify(env/lib/python3.12/site-packages/pip/_vendor/pyproject_hooks/__pycache__) by extensions ['ignore', 'ignore_ament_install']
[0.615s] Level 1:colcon.colcon_core.package_identification:_identify(env/lib/python3.12/site-packages/pip/_vendor/pyproject_hooks/__pycache__) by extension 'ignore'
[0.616s] Level 1:colcon.colcon_core.package_identification:_identify(env/lib/python3.12/site-packages/pip/_vendor/pyproject_hooks/__pycache__) by extension 'ignore_ament_install'
[0.616s] Level 1:colcon.colcon_core.package_identification:_identify(env/lib/python3.12/site-packages/pip/_vendor/pyproject_hooks/__pycache__) by extensions ['colcon_pkg']
[0.616s] Level 1:colcon.colcon_core.package_identification:_identify(env/lib/python3.12/site-packages/pip/_vendor/pyproject_hooks/__pycache__) by extension 'colcon_pkg'
[0.616s] Level 1:colcon.colcon_core.package_identification:_identify(env/lib/python3.12/site-packages/pip/_vendor/pyproject_hooks/__pycache__) by extensions ['colcon_meta']
[0.616s] Level 1:colcon.colcon_core.package_identification:_identify(env/lib/python3.12/site-packages/pip/_vendor/pyproject_hooks/__pycache__) by extension 'colcon_meta'
[0.616s] Level 1:colcon.colcon_core.package_identification:_identify(env/lib/python3.12/site-packages/pip/_vendor/pyproject_hooks/__pycache__) by extensions ['ros']
[0.616s] Level 1:colcon.colcon_core.package_identification:_identify(env/lib/python3.12/site-packages/pip/_vendor/pyproject_hooks/__pycache__) by extension 'ros'
[0.616s] Level 1:colcon.colcon_core.package_identification:_identify(env/lib/python3.12/site-packages/pip/_vendor/pyproject_hooks/__pycache__) by extensions ['cmake', 'python']
[0.616s] Level 1:colcon.colcon_core.package_identification:_identify(env/lib/python3.12/site-packages/pip/_vendor/pyproject_hooks/__pycache__) by extension 'cmake'
[0.616s] Level 1:colcon.colcon_core.package_identification:_identify(env/lib/python3.12/site-packages/pip/_vendor/pyproject_hooks/__pycache__) by extension 'python'
[0.616s] Level 1:colcon.colcon_core.package_identification:_identify(env/lib/python3.12/site-packages/pip/_vendor/pyproject_hooks/__pycache__) by extensions ['python_setup_py']
[0.617s] Level 1:colcon.colcon_core.package_identification:_identify(env/lib/python3.12/site-packages/pip/_vendor/pyproject_hooks/__pycache__) by extension 'python_setup_py'
[0.617s] Level 1:colcon.colcon_core.package_identification:_identify(env/lib/python3.12/site-packages/pip/_vendor/pyproject_hooks/_in_process) by extensions ['ignore', 'ignore_ament_install']
[0.617s] Level 1:colcon.colcon_core.package_identification:_identify(env/lib/python3.12/site-packages/pip/_vendor/pyproject_hooks/_in_process) by extension 'ignore'
[0.617s] Level 1:colcon.colcon_core.package_identification:_identify(env/lib/python3.12/site-packages/pip/_vendor/pyproject_hooks/_in_process) by extension 'ignore_ament_install'
[0.617s] Level 1:colcon.colcon_core.package_identification:_identify(env/lib/python3.12/site-packages/pip/_vendor/pyproject_hooks/_in_process) by extensions ['colcon_pkg']
[0.617s] Level 1:colcon.colcon_core.package_identification:_identify(env/lib/python3.12/site-packages/pip/_vendor/pyproject_hooks/_in_process) by extension 'colcon_pkg'
[0.617s] Level 1:colcon.colcon_core.package_identification:_identify(env/lib/python3.12/site-packages/pip/_vendor/pyproject_hooks/_in_process) by extensions ['colcon_meta']
[0.617s] Level 1:colcon.colcon_core.package_identification:_identify(env/lib/python3.12/site-packages/pip/_vendor/pyproject_hooks/_in_process) by extension 'colcon_meta'
[0.617s] Level 1:colcon.colcon_core.package_identification:_identify(env/lib/python3.12/site-packages/pip/_vendor/pyproject_hooks/_in_process) by extensions ['ros']
[0.617s] Level 1:colcon.colcon_core.package_identification:_identify(env/lib/python3.12/site-packages/pip/_vendor/pyproject_hooks/_in_process) by extension 'ros'
[0.618s] Level 1:colcon.colcon_core.package_identification:_identify(env/lib/python3.12/site-packages/pip/_vendor/pyproject_hooks/_in_process) by extensions ['cmake', 'python']
[0.618s] Level 1:colcon.colcon_core.package_identification:_identify(env/lib/python3.12/site-packages/pip/_vendor/pyproject_hooks/_in_process) by extension 'cmake'
[0.618s] Level 1:colcon.colcon_core.package_identification:_identify(env/lib/python3.12/site-packages/pip/_vendor/pyproject_hooks/_in_process) by extension 'python'
[0.618s] Level 1:colcon.colcon_core.package_identification:_identify(env/lib/python3.12/site-packages/pip/_vendor/pyproject_hooks/_in_process) by extensions ['python_setup_py']
[0.618s] Level 1:colcon.colcon_core.package_identification:_identify(env/lib/python3.12/site-packages/pip/_vendor/pyproject_hooks/_in_process) by extension 'python_setup_py'
[0.618s] Level 1:colcon.colcon_core.package_identification:_identify(env/lib/python3.12/site-packages/pip/_vendor/pyproject_hooks/_in_process/__pycache__) by extensions ['ignore', 'ignore_ament_install']
[0.618s] Level 1:colcon.colcon_core.package_identification:_identify(env/lib/python3.12/site-packages/pip/_vendor/pyproject_hooks/_in_process/__pycache__) by extension 'ignore'
[0.618s] Level 1:colcon.colcon_core.package_identification:_identify(env/lib/python3.12/site-packages/pip/_vendor/pyproject_hooks/_in_process/__pycache__) by extension 'ignore_ament_install'
[0.618s] Level 1:colcon.colcon_core.package_identification:_identify(env/lib/python3.12/site-packages/pip/_vendor/pyproject_hooks/_in_process/__pycache__) by extensions ['colcon_pkg']
[0.619s] Level 1:colcon.colcon_core.package_identification:_identify(env/lib/python3.12/site-packages/pip/_vendor/pyproject_hooks/_in_process/__pycache__) by extension 'colcon_pkg'
[0.619s] Level 1:colcon.colcon_core.package_identification:_identify(env/lib/python3.12/site-packages/pip/_vendor/pyproject_hooks/_in_process/__pycache__) by extensions ['colcon_meta']
[0.619s] Level 1:colcon.colcon_core.package_identification:_identify(env/lib/python3.12/site-packages/pip/_vendor/pyproject_hooks/_in_process/__pycache__) by extension 'colcon_meta'
[0.619s] Level 1:colcon.colcon_core.package_identification:_identify(env/lib/python3.12/site-packages/pip/_vendor/pyproject_hooks/_in_process/__pycache__) by extensions ['ros']
[0.619s] Level 1:colcon.colcon_core.package_identification:_identify(env/lib/python3.12/site-packages/pip/_vendor/pyproject_hooks/_in_process/__pycache__) by extension 'ros'
[0.619s] Level 1:colcon.colcon_core.package_identification:_identify(env/lib/python3.12/site-packages/pip/_vendor/pyproject_hooks/_in_process/__pycache__) by extensions ['cmake', 'python']
[0.619s] Level 1:colcon.colcon_core.package_identification:_identify(env/lib/python3.12/site-packages/pip/_vendor/pyproject_hooks/_in_process/__pycache__) by extension 'cmake'
[0.619s] Level 1:colcon.colcon_core.package_identification:_identify(env/lib/python3.12/site-packages/pip/_vendor/pyproject_hooks/_in_process/__pycache__) by extension 'python'
[0.619s] Level 1:colcon.colcon_core.package_identification:_identify(env/lib/python3.12/site-packages/pip/_vendor/pyproject_hooks/_in_process/__pycache__) by extensions ['python_setup_py']
[0.619s] Level 1:colcon.colcon_core.package_identification:_identify(env/lib/python3.12/site-packages/pip/_vendor/pyproject_hooks/_in_process/__pycache__) by extension 'python_setup_py'
[0.619s] Level 1:colcon.colcon_core.package_identification:_identify(env/lib/python3.12/site-packages/pip/_vendor/requests) by extensions ['ignore', 'ignore_ament_install']
[0.620s] Level 1:colcon.colcon_core.package_identification:_identify(env/lib/python3.12/site-packages/pip/_vendor/requests) by extension 'ignore'
[0.620s] Level 1:colcon.colcon_core.package_identification:_identify(env/lib/python3.12/site-packages/pip/_vendor/requests) by extension 'ignore_ament_install'
[0.620s] Level 1:colcon.colcon_core.package_identification:_identify(env/lib/python3.12/site-packages/pip/_vendor/requests) by extensions ['colcon_pkg']
[0.620s] Level 1:colcon.colcon_core.package_identification:_identify(env/lib/python3.12/site-packages/pip/_vendor/requests) by extension 'colcon_pkg'
[0.620s] Level 1:colcon.colcon_core.package_identification:_identify(env/lib/python3.12/site-packages/pip/_vendor/requests) by extensions ['colcon_meta']
[0.620s] Level 1:colcon.colcon_core.package_identification:_identify(env/lib/python3.12/site-packages/pip/_vendor/requests) by extension 'colcon_meta'
[0.620s] Level 1:colcon.colcon_core.package_identification:_identify(env/lib/python3.12/site-packages/pip/_vendor/requests) by extensions ['ros']
[0.620s] Level 1:colcon.colcon_core.package_identification:_identify(env/lib/python3.12/site-packages/pip/_vendor/requests) by extension 'ros'
[0.620s] Level 1:colcon.colcon_core.package_identification:_identify(env/lib/python3.12/site-packages/pip/_vendor/requests) by extensions ['cmake', 'python']
[0.620s] Level 1:colcon.colcon_core.package_identification:_identify(env/lib/python3.12/site-packages/pip/_vendor/requests) by extension 'cmake'
[0.621s] Level 1:colcon.colcon_core.package_identification:_identify(env/lib/python3.12/site-packages/pip/_vendor/requests) by extension 'python'
[0.621s] Level 1:colcon.colcon_core.package_identification:_identify(env/lib/python3.12/site-packages/pip/_vendor/requests) by extensions ['python_setup_py']
[0.621s] Level 1:colcon.colcon_core.package_identification:_identify(env/lib/python3.12/site-packages/pip/_vendor/requests) by extension 'python_setup_py'
[0.621s] Level 1:colcon.colcon_core.package_identification:_identify(env/lib/python3.12/site-packages/pip/_vendor/requests/__pycache__) by extensions ['ignore', 'ignore_ament_install']
[0.621s] Level 1:colcon.colcon_core.package_identification:_identify(env/lib/python3.12/site-packages/pip/_vendor/requests/__pycache__) by extension 'ignore'
[0.621s] Level 1:colcon.colcon_core.package_identification:_identify(env/lib/python3.12/site-packages/pip/_vendor/requests/__pycache__) by extension 'ignore_ament_install'
[0.621s] Level 1:colcon.colcon_core.package_identification:_identify(env/lib/python3.12/site-packages/pip/_vendor/requests/__pycache__) by extensions ['colcon_pkg']
[0.621s] Level 1:colcon.colcon_core.package_identification:_identify(env/lib/python3.12/site-packages/pip/_vendor/requests/__pycache__) by extension 'colcon_pkg'
[0.621s] Level 1:colcon.colcon_core.package_identification:_identify(env/lib/python3.12/site-packages/pip/_vendor/requests/__pycache__) by extensions ['colcon_meta']
[0.621s] Level 1:colcon.colcon_core.package_identification:_identify(env/lib/python3.12/site-packages/pip/_vendor/requests/__pycache__) by extension 'colcon_meta'
[0.622s] Level 1:colcon.colcon_core.package_identification:_identify(env/lib/python3.12/site-packages/pip/_vendor/requests/__pycache__) by extensions ['ros']
[0.622s] Level 1:colcon.colcon_core.package_identification:_identify(env/lib/python3.12/site-packages/pip/_vendor/requests/__pycache__) by extension 'ros'
[0.622s] Level 1:colcon.colcon_core.package_identification:_identify(env/lib/python3.12/site-packages/pip/_vendor/requests/__pycache__) by extensions ['cmake', 'python']
[0.622s] Level 1:colcon.colcon_core.package_identification:_identify(env/lib/python3.12/site-packages/pip/_vendor/requests/__pycache__) by extension 'cmake'
[0.622s] Level 1:colcon.colcon_core.package_identification:_identify(env/lib/python3.12/site-packages/pip/_vendor/requests/__pycache__) by extension 'python'
[0.622s] Level 1:colcon.colcon_core.package_identification:_identify(env/lib/python3.12/site-packages/pip/_vendor/requests/__pycache__) by extensions ['python_setup_py']
[0.622s] Level 1:colcon.colcon_core.package_identification:_identify(env/lib/python3.12/site-packages/pip/_vendor/requests/__pycache__) by extension 'python_setup_py'
[0.622s] Level 1:colcon.colcon_core.package_identification:_identify(env/lib/python3.12/site-packages/pip/_vendor/resolvelib) by extensions ['ignore', 'ignore_ament_install']
[0.622s] Level 1:colcon.colcon_core.package_identification:_identify(env/lib/python3.12/site-packages/pip/_vendor/resolvelib) by extension 'ignore'
[0.623s] Level 1:colcon.colcon_core.package_identification:_identify(env/lib/python3.12/site-packages/pip/_vendor/resolvelib) by extension 'ignore_ament_install'
[0.623s] Level 1:colcon.colcon_core.package_identification:_identify(env/lib/python3.12/site-packages/pip/_vendor/resolvelib) by extensions ['colcon_pkg']
[0.623s] Level 1:colcon.colcon_core.package_identification:_identify(env/lib/python3.12/site-packages/pip/_vendor/resolvelib) by extension 'colcon_pkg'
[0.623s] Level 1:colcon.colcon_core.package_identification:_identify(env/lib/python3.12/site-packages/pip/_vendor/resolvelib) by extensions ['colcon_meta']
[0.623s] Level 1:colcon.colcon_core.package_identification:_identify(env/lib/python3.12/site-packages/pip/_vendor/resolvelib) by extension 'colcon_meta'
[0.623s] Level 1:colcon.colcon_core.package_identification:_identify(env/lib/python3.12/site-packages/pip/_vendor/resolvelib) by extensions ['ros']
[0.623s] Level 1:colcon.colcon_core.package_identification:_identify(env/lib/python3.12/site-packages/pip/_vendor/resolvelib) by extension 'ros'
[0.623s] Level 1:colcon.colcon_core.package_identification:_identify(env/lib/python3.12/site-packages/pip/_vendor/resolvelib) by extensions ['cmake', 'python']
[0.623s] Level 1:colcon.colcon_core.package_identification:_identify(env/lib/python3.12/site-packages/pip/_vendor/resolvelib) by extension 'cmake'
[0.623s] Level 1:colcon.colcon_core.package_identification:_identify(env/lib/python3.12/site-packages/pip/_vendor/resolvelib) by extension 'python'
[0.623s] Level 1:colcon.colcon_core.package_identification:_identify(env/lib/python3.12/site-packages/pip/_vendor/resolvelib) by extensions ['python_setup_py']
[0.623s] Level 1:colcon.colcon_core.package_identification:_identify(env/lib/python3.12/site-packages/pip/_vendor/resolvelib) by extension 'python_setup_py'
[0.624s] Level 1:colcon.colcon_core.package_identification:_identify(env/lib/python3.12/site-packages/pip/_vendor/resolvelib/__pycache__) by extensions ['ignore', 'ignore_ament_install']
[0.624s] Level 1:colcon.colcon_core.package_identification:_identify(env/lib/python3.12/site-packages/pip/_vendor/resolvelib/__pycache__) by extension 'ignore'
[0.624s] Level 1:colcon.colcon_core.package_identification:_identify(env/lib/python3.12/site-packages/pip/_vendor/resolvelib/__pycache__) by extension 'ignore_ament_install'
[0.624s] Level 1:colcon.colcon_core.package_identification:_identify(env/lib/python3.12/site-packages/pip/_vendor/resolvelib/__pycache__) by extensions ['colcon_pkg']
[0.624s] Level 1:colcon.colcon_core.package_identification:_identify(env/lib/python3.12/site-packages/pip/_vendor/resolvelib/__pycache__) by extension 'colcon_pkg'
[0.624s] Level 1:colcon.colcon_core.package_identification:_identify(env/lib/python3.12/site-packages/pip/_vendor/resolvelib/__pycache__) by extensions ['colcon_meta']
[0.624s] Level 1:colcon.colcon_core.package_identification:_identify(env/lib/python3.12/site-packages/pip/_vendor/resolvelib/__pycache__) by extension 'colcon_meta'
[0.624s] Level 1:colcon.colcon_core.package_identification:_identify(env/lib/python3.12/site-packages/pip/_vendor/resolvelib/__pycache__) by extensions ['ros']
[0.624s] Level 1:colcon.colcon_core.package_identification:_identify(env/lib/python3.12/site-packages/pip/_vendor/resolvelib/__pycache__) by extension 'ros'
[0.625s] Level 1:colcon.colcon_core.package_identification:_identify(env/lib/python3.12/site-packages/pip/_vendor/resolvelib/__pycache__) by extensions ['cmake', 'python']
[0.625s] Level 1:colcon.colcon_core.package_identification:_identify(env/lib/python3.12/site-packages/pip/_vendor/resolvelib/__pycache__) by extension 'cmake'
[0.625s] Level 1:colcon.colcon_core.package_identification:_identify(env/lib/python3.12/site-packages/pip/_vendor/resolvelib/__pycache__) by extension 'python'
[0.625s] Level 1:colcon.colcon_core.package_identification:_identify(env/lib/python3.12/site-packages/pip/_vendor/resolvelib/__pycache__) by extensions ['python_setup_py']
[0.625s] Level 1:colcon.colcon_core.package_identification:_identify(env/lib/python3.12/site-packages/pip/_vendor/resolvelib/__pycache__) by extension 'python_setup_py'
[0.625s] Level 1:colcon.colcon_core.package_identification:_identify(env/lib/python3.12/site-packages/pip/_vendor/resolvelib/compat) by extensions ['ignore', 'ignore_ament_install']
[0.625s] Level 1:colcon.colcon_core.package_identification:_identify(env/lib/python3.12/site-packages/pip/_vendor/resolvelib/compat) by extension 'ignore'
[0.625s] Level 1:colcon.colcon_core.package_identification:_identify(env/lib/python3.12/site-packages/pip/_vendor/resolvelib/compat) by extension 'ignore_ament_install'
[0.625s] Level 1:colcon.colcon_core.package_identification:_identify(env/lib/python3.12/site-packages/pip/_vendor/resolvelib/compat) by extensions ['colcon_pkg']
[0.625s] Level 1:colcon.colcon_core.package_identification:_identify(env/lib/python3.12/site-packages/pip/_vendor/resolvelib/compat) by extension 'colcon_pkg'
[0.626s] Level 1:colcon.colcon_core.package_identification:_identify(env/lib/python3.12/site-packages/pip/_vendor/resolvelib/compat) by extensions ['colcon_meta']
[0.626s] Level 1:colcon.colcon_core.package_identification:_identify(env/lib/python3.12/site-packages/pip/_vendor/resolvelib/compat) by extension 'colcon_meta'
[0.626s] Level 1:colcon.colcon_core.package_identification:_identify(env/lib/python3.12/site-packages/pip/_vendor/resolvelib/compat) by extensions ['ros']
[0.626s] Level 1:colcon.colcon_core.package_identification:_identify(env/lib/python3.12/site-packages/pip/_vendor/resolvelib/compat) by extension 'ros'
[0.626s] Level 1:colcon.colcon_core.package_identification:_identify(env/lib/python3.12/site-packages/pip/_vendor/resolvelib/compat) by extensions ['cmake', 'python']
[0.626s] Level 1:colcon.colcon_core.package_identification:_identify(env/lib/python3.12/site-packages/pip/_vendor/resolvelib/compat) by extension 'cmake'
[0.626s] Level 1:colcon.colcon_core.package_identification:_identify(env/lib/python3.12/site-packages/pip/_vendor/resolvelib/compat) by extension 'python'
[0.626s] Level 1:colcon.colcon_core.package_identification:_identify(env/lib/python3.12/site-packages/pip/_vendor/resolvelib/compat) by extensions ['python_setup_py']
[0.626s] Level 1:colcon.colcon_core.package_identification:_identify(env/lib/python3.12/site-packages/pip/_vendor/resolvelib/compat) by extension 'python_setup_py'
[0.626s] Level 1:colcon.colcon_core.package_identification:_identify(env/lib/python3.12/site-packages/pip/_vendor/resolvelib/compat/__pycache__) by extensions ['ignore', 'ignore_ament_install']
[0.627s] Level 1:colcon.colcon_core.package_identification:_identify(env/lib/python3.12/site-packages/pip/_vendor/resolvelib/compat/__pycache__) by extension 'ignore'
[0.627s] Level 1:colcon.colcon_core.package_identification:_identify(env/lib/python3.12/site-packages/pip/_vendor/resolvelib/compat/__pycache__) by extension 'ignore_ament_install'
[0.627s] Level 1:colcon.colcon_core.package_identification:_identify(env/lib/python3.12/site-packages/pip/_vendor/resolvelib/compat/__pycache__) by extensions ['colcon_pkg']
[0.627s] Level 1:colcon.colcon_core.package_identification:_identify(env/lib/python3.12/site-packages/pip/_vendor/resolvelib/compat/__pycache__) by extension 'colcon_pkg'
[0.627s] Level 1:colcon.colcon_core.package_identification:_identify(env/lib/python3.12/site-packages/pip/_vendor/resolvelib/compat/__pycache__) by extensions ['colcon_meta']
[0.627s] Level 1:colcon.colcon_core.package_identification:_identify(env/lib/python3.12/site-packages/pip/_vendor/resolvelib/compat/__pycache__) by extension 'colcon_meta'
[0.627s] Level 1:colcon.colcon_core.package_identification:_identify(env/lib/python3.12/site-packages/pip/_vendor/resolvelib/compat/__pycache__) by extensions ['ros']
[0.627s] Level 1:colcon.colcon_core.package_identification:_identify(env/lib/python3.12/site-packages/pip/_vendor/resolvelib/compat/__pycache__) by extension 'ros'
[0.627s] Level 1:colcon.colcon_core.package_identification:_identify(env/lib/python3.12/site-packages/pip/_vendor/resolvelib/compat/__pycache__) by extensions ['cmake', 'python']
[0.627s] Level 1:colcon.colcon_core.package_identification:_identify(env/lib/python3.12/site-packages/pip/_vendor/resolvelib/compat/__pycache__) by extension 'cmake'
[0.627s] Level 1:colcon.colcon_core.package_identification:_identify(env/lib/python3.12/site-packages/pip/_vendor/resolvelib/compat/__pycache__) by extension 'python'
[0.628s] Level 1:colcon.colcon_core.package_identification:_identify(env/lib/python3.12/site-packages/pip/_vendor/resolvelib/compat/__pycache__) by extensions ['python_setup_py']
[0.628s] Level 1:colcon.colcon_core.package_identification:_identify(env/lib/python3.12/site-packages/pip/_vendor/resolvelib/compat/__pycache__) by extension 'python_setup_py'
[0.628s] Level 1:colcon.colcon_core.package_identification:_identify(env/lib/python3.12/site-packages/pip/_vendor/rich) by extensions ['ignore', 'ignore_ament_install']
[0.628s] Level 1:colcon.colcon_core.package_identification:_identify(env/lib/python3.12/site-packages/pip/_vendor/rich) by extension 'ignore'
[0.628s] Level 1:colcon.colcon_core.package_identification:_identify(env/lib/python3.12/site-packages/pip/_vendor/rich) by extension 'ignore_ament_install'
[0.628s] Level 1:colcon.colcon_core.package_identification:_identify(env/lib/python3.12/site-packages/pip/_vendor/rich) by extensions ['colcon_pkg']
[0.628s] Level 1:colcon.colcon_core.package_identification:_identify(env/lib/python3.12/site-packages/pip/_vendor/rich) by extension 'colcon_pkg'
[0.628s] Level 1:colcon.colcon_core.package_identification:_identify(env/lib/python3.12/site-packages/pip/_vendor/rich) by extensions ['colcon_meta']
[0.628s] Level 1:colcon.colcon_core.package_identification:_identify(env/lib/python3.12/site-packages/pip/_vendor/rich) by extension 'colcon_meta'
[0.629s] Level 1:colcon.colcon_core.package_identification:_identify(env/lib/python3.12/site-packages/pip/_vendor/rich) by extensions ['ros']
[0.629s] Level 1:colcon.colcon_core.package_identification:_identify(env/lib/python3.12/site-packages/pip/_vendor/rich) by extension 'ros'
[0.629s] Level 1:colcon.colcon_core.package_identification:_identify(env/lib/python3.12/site-packages/pip/_vendor/rich) by extensions ['cmake', 'python']
[0.629s] Level 1:colcon.colcon_core.package_identification:_identify(env/lib/python3.12/site-packages/pip/_vendor/rich) by extension 'cmake'
[0.629s] Level 1:colcon.colcon_core.package_identification:_identify(env/lib/python3.12/site-packages/pip/_vendor/rich) by extension 'python'
[0.629s] Level 1:colcon.colcon_core.package_identification:_identify(env/lib/python3.12/site-packages/pip/_vendor/rich) by extensions ['python_setup_py']
[0.629s] Level 1:colcon.colcon_core.package_identification:_identify(env/lib/python3.12/site-packages/pip/_vendor/rich) by extension 'python_setup_py'
[0.629s] Level 1:colcon.colcon_core.package_identification:_identify(env/lib/python3.12/site-packages/pip/_vendor/rich/__pycache__) by extensions ['ignore', 'ignore_ament_install']
[0.630s] Level 1:colcon.colcon_core.package_identification:_identify(env/lib/python3.12/site-packages/pip/_vendor/rich/__pycache__) by extension 'ignore'
[0.630s] Level 1:colcon.colcon_core.package_identification:_identify(env/lib/python3.12/site-packages/pip/_vendor/rich/__pycache__) by extension 'ignore_ament_install'
[0.630s] Level 1:colcon.colcon_core.package_identification:_identify(env/lib/python3.12/site-packages/pip/_vendor/rich/__pycache__) by extensions ['colcon_pkg']
[0.630s] Level 1:colcon.colcon_core.package_identification:_identify(env/lib/python3.12/site-packages/pip/_vendor/rich/__pycache__) by extension 'colcon_pkg'
[0.630s] Level 1:colcon.colcon_core.package_identification:_identify(env/lib/python3.12/site-packages/pip/_vendor/rich/__pycache__) by extensions ['colcon_meta']
[0.630s] Level 1:colcon.colcon_core.package_identification:_identify(env/lib/python3.12/site-packages/pip/_vendor/rich/__pycache__) by extension 'colcon_meta'
[0.630s] Level 1:colcon.colcon_core.package_identification:_identify(env/lib/python3.12/site-packages/pip/_vendor/rich/__pycache__) by extensions ['ros']
[0.630s] Level 1:colcon.colcon_core.package_identification:_identify(env/lib/python3.12/site-packages/pip/_vendor/rich/__pycache__) by extension 'ros'
[0.630s] Level 1:colcon.colcon_core.package_identification:_identify(env/lib/python3.12/site-packages/pip/_vendor/rich/__pycache__) by extensions ['cmake', 'python']
[0.631s] Level 1:colcon.colcon_core.package_identification:_identify(env/lib/python3.12/site-packages/pip/_vendor/rich/__pycache__) by extension 'cmake'
[0.631s] Level 1:colcon.colcon_core.package_identification:_identify(env/lib/python3.12/site-packages/pip/_vendor/rich/__pycache__) by extension 'python'
[0.631s] Level 1:colcon.colcon_core.package_identification:_identify(env/lib/python3.12/site-packages/pip/_vendor/rich/__pycache__) by extensions ['python_setup_py']
[0.631s] Level 1:colcon.colcon_core.package_identification:_identify(env/lib/python3.12/site-packages/pip/_vendor/rich/__pycache__) by extension 'python_setup_py'
[0.631s] Level 1:colcon.colcon_core.package_identification:_identify(env/lib/python3.12/site-packages/pip/_vendor/tenacity) by extensions ['ignore', 'ignore_ament_install']
[0.631s] Level 1:colcon.colcon_core.package_identification:_identify(env/lib/python3.12/site-packages/pip/_vendor/tenacity) by extension 'ignore'
[0.631s] Level 1:colcon.colcon_core.package_identification:_identify(env/lib/python3.12/site-packages/pip/_vendor/tenacity) by extension 'ignore_ament_install'
[0.631s] Level 1:colcon.colcon_core.package_identification:_identify(env/lib/python3.12/site-packages/pip/_vendor/tenacity) by extensions ['colcon_pkg']
[0.631s] Level 1:colcon.colcon_core.package_identification:_identify(env/lib/python3.12/site-packages/pip/_vendor/tenacity) by extension 'colcon_pkg'
[0.632s] Level 1:colcon.colcon_core.package_identification:_identify(env/lib/python3.12/site-packages/pip/_vendor/tenacity) by extensions ['colcon_meta']
[0.632s] Level 1:colcon.colcon_core.package_identification:_identify(env/lib/python3.12/site-packages/pip/_vendor/tenacity) by extension 'colcon_meta'
[0.632s] Level 1:colcon.colcon_core.package_identification:_identify(env/lib/python3.12/site-packages/pip/_vendor/tenacity) by extensions ['ros']
[0.632s] Level 1:colcon.colcon_core.package_identification:_identify(env/lib/python3.12/site-packages/pip/_vendor/tenacity) by extension 'ros'
[0.632s] Level 1:colcon.colcon_core.package_identification:_identify(env/lib/python3.12/site-packages/pip/_vendor/tenacity) by extensions ['cmake', 'python']
[0.632s] Level 1:colcon.colcon_core.package_identification:_identify(env/lib/python3.12/site-packages/pip/_vendor/tenacity) by extension 'cmake'
[0.632s] Level 1:colcon.colcon_core.package_identification:_identify(env/lib/python3.12/site-packages/pip/_vendor/tenacity) by extension 'python'
[0.632s] Level 1:colcon.colcon_core.package_identification:_identify(env/lib/python3.12/site-packages/pip/_vendor/tenacity) by extensions ['python_setup_py']
[0.632s] Level 1:colcon.colcon_core.package_identification:_identify(env/lib/python3.12/site-packages/pip/_vendor/tenacity) by extension 'python_setup_py'
[0.632s] Level 1:colcon.colcon_core.package_identification:_identify(env/lib/python3.12/site-packages/pip/_vendor/tenacity/__pycache__) by extensions ['ignore', 'ignore_ament_install']
[0.633s] Level 1:colcon.colcon_core.package_identification:_identify(env/lib/python3.12/site-packages/pip/_vendor/tenacity/__pycache__) by extension 'ignore'
[0.633s] Level 1:colcon.colcon_core.package_identification:_identify(env/lib/python3.12/site-packages/pip/_vendor/tenacity/__pycache__) by extension 'ignore_ament_install'
[0.633s] Level 1:colcon.colcon_core.package_identification:_identify(env/lib/python3.12/site-packages/pip/_vendor/tenacity/__pycache__) by extensions ['colcon_pkg']
[0.633s] Level 1:colcon.colcon_core.package_identification:_identify(env/lib/python3.12/site-packages/pip/_vendor/tenacity/__pycache__) by extension 'colcon_pkg'
[0.633s] Level 1:colcon.colcon_core.package_identification:_identify(env/lib/python3.12/site-packages/pip/_vendor/tenacity/__pycache__) by extensions ['colcon_meta']
[0.633s] Level 1:colcon.colcon_core.package_identification:_identify(env/lib/python3.12/site-packages/pip/_vendor/tenacity/__pycache__) by extension 'colcon_meta'
[0.633s] Level 1:colcon.colcon_core.package_identification:_identify(env/lib/python3.12/site-packages/pip/_vendor/tenacity/__pycache__) by extensions ['ros']
[0.633s] Level 1:colcon.colcon_core.package_identification:_identify(env/lib/python3.12/site-packages/pip/_vendor/tenacity/__pycache__) by extension 'ros'
[0.633s] Level 1:colcon.colcon_core.package_identification:_identify(env/lib/python3.12/site-packages/pip/_vendor/tenacity/__pycache__) by extensions ['cmake', 'python']
[0.633s] Level 1:colcon.colcon_core.package_identification:_identify(env/lib/python3.12/site-packages/pip/_vendor/tenacity/__pycache__) by extension 'cmake'
[0.634s] Level 1:colcon.colcon_core.package_identification:_identify(env/lib/python3.12/site-packages/pip/_vendor/tenacity/__pycache__) by extension 'python'
[0.634s] Level 1:colcon.colcon_core.package_identification:_identify(env/lib/python3.12/site-packages/pip/_vendor/tenacity/__pycache__) by extensions ['python_setup_py']
[0.634s] Level 1:colcon.colcon_core.package_identification:_identify(env/lib/python3.12/site-packages/pip/_vendor/tenacity/__pycache__) by extension 'python_setup_py'
[0.634s] Level 1:colcon.colcon_core.package_identification:_identify(env/lib/python3.12/site-packages/pip/_vendor/tomli) by extensions ['ignore', 'ignore_ament_install']
[0.634s] Level 1:colcon.colcon_core.package_identification:_identify(env/lib/python3.12/site-packages/pip/_vendor/tomli) by extension 'ignore'
[0.634s] Level 1:colcon.colcon_core.package_identification:_identify(env/lib/python3.12/site-packages/pip/_vendor/tomli) by extension 'ignore_ament_install'
[0.634s] Level 1:colcon.colcon_core.package_identification:_identify(env/lib/python3.12/site-packages/pip/_vendor/tomli) by extensions ['colcon_pkg']
[0.634s] Level 1:colcon.colcon_core.package_identification:_identify(env/lib/python3.12/site-packages/pip/_vendor/tomli) by extension 'colcon_pkg'
[0.634s] Level 1:colcon.colcon_core.package_identification:_identify(env/lib/python3.12/site-packages/pip/_vendor/tomli) by extensions ['colcon_meta']
[0.635s] Level 1:colcon.colcon_core.package_identification:_identify(env/lib/python3.12/site-packages/pip/_vendor/tomli) by extension 'colcon_meta'
[0.635s] Level 1:colcon.colcon_core.package_identification:_identify(env/lib/python3.12/site-packages/pip/_vendor/tomli) by extensions ['ros']
[0.635s] Level 1:colcon.colcon_core.package_identification:_identify(env/lib/python3.12/site-packages/pip/_vendor/tomli) by extension 'ros'
[0.635s] Level 1:colcon.colcon_core.package_identification:_identify(env/lib/python3.12/site-packages/pip/_vendor/tomli) by extensions ['cmake', 'python']
[0.635s] Level 1:colcon.colcon_core.package_identification:_identify(env/lib/python3.12/site-packages/pip/_vendor/tomli) by extension 'cmake'
[0.635s] Level 1:colcon.colcon_core.package_identification:_identify(env/lib/python3.12/site-packages/pip/_vendor/tomli) by extension 'python'
[0.635s] Level 1:colcon.colcon_core.package_identification:_identify(env/lib/python3.12/site-packages/pip/_vendor/tomli) by extensions ['python_setup_py']
[0.635s] Level 1:colcon.colcon_core.package_identification:_identify(env/lib/python3.12/site-packages/pip/_vendor/tomli) by extension 'python_setup_py'
[0.635s] Level 1:colcon.colcon_core.package_identification:_identify(env/lib/python3.12/site-packages/pip/_vendor/tomli/__pycache__) by extensions ['ignore', 'ignore_ament_install']
[0.636s] Level 1:colcon.colcon_core.package_identification:_identify(env/lib/python3.12/site-packages/pip/_vendor/tomli/__pycache__) by extension 'ignore'
[0.636s] Level 1:colcon.colcon_core.package_identification:_identify(env/lib/python3.12/site-packages/pip/_vendor/tomli/__pycache__) by extension 'ignore_ament_install'
[0.636s] Level 1:colcon.colcon_core.package_identification:_identify(env/lib/python3.12/site-packages/pip/_vendor/tomli/__pycache__) by extensions ['colcon_pkg']
[0.636s] Level 1:colcon.colcon_core.package_identification:_identify(env/lib/python3.12/site-packages/pip/_vendor/tomli/__pycache__) by extension 'colcon_pkg'
[0.636s] Level 1:colcon.colcon_core.package_identification:_identify(env/lib/python3.12/site-packages/pip/_vendor/tomli/__pycache__) by extensions ['colcon_meta']
[0.636s] Level 1:colcon.colcon_core.package_identification:_identify(env/lib/python3.12/site-packages/pip/_vendor/tomli/__pycache__) by extension 'colcon_meta'
[0.636s] Level 1:colcon.colcon_core.package_identification:_identify(env/lib/python3.12/site-packages/pip/_vendor/tomli/__pycache__) by extensions ['ros']
[0.636s] Level 1:colcon.colcon_core.package_identification:_identify(env/lib/python3.12/site-packages/pip/_vendor/tomli/__pycache__) by extension 'ros'
[0.636s] Level 1:colcon.colcon_core.package_identification:_identify(env/lib/python3.12/site-packages/pip/_vendor/tomli/__pycache__) by extensions ['cmake', 'python']
[0.636s] Level 1:colcon.colcon_core.package_identification:_identify(env/lib/python3.12/site-packages/pip/_vendor/tomli/__pycache__) by extension 'cmake'
[0.637s] Level 1:colcon.colcon_core.package_identification:_identify(env/lib/python3.12/site-packages/pip/_vendor/tomli/__pycache__) by extension 'python'
[0.637s] Level 1:colcon.colcon_core.package_identification:_identify(env/lib/python3.12/site-packages/pip/_vendor/tomli/__pycache__) by extensions ['python_setup_py']
[0.637s] Level 1:colcon.colcon_core.package_identification:_identify(env/lib/python3.12/site-packages/pip/_vendor/tomli/__pycache__) by extension 'python_setup_py'
[0.637s] Level 1:colcon.colcon_core.package_identification:_identify(env/lib/python3.12/site-packages/pip/_vendor/truststore) by extensions ['ignore', 'ignore_ament_install']
[0.637s] Level 1:colcon.colcon_core.package_identification:_identify(env/lib/python3.12/site-packages/pip/_vendor/truststore) by extension 'ignore'
[0.637s] Level 1:colcon.colcon_core.package_identification:_identify(env/lib/python3.12/site-packages/pip/_vendor/truststore) by extension 'ignore_ament_install'
[0.638s] Level 1:colcon.colcon_core.package_identification:_identify(env/lib/python3.12/site-packages/pip/_vendor/truststore) by extensions ['colcon_pkg']
[0.638s] Level 1:colcon.colcon_core.package_identification:_identify(env/lib/python3.12/site-packages/pip/_vendor/truststore) by extension 'colcon_pkg'
[0.638s] Level 1:colcon.colcon_core.package_identification:_identify(env/lib/python3.12/site-packages/pip/_vendor/truststore) by extensions ['colcon_meta']
[0.638s] Level 1:colcon.colcon_core.package_identification:_identify(env/lib/python3.12/site-packages/pip/_vendor/truststore) by extension 'colcon_meta'
[0.638s] Level 1:colcon.colcon_core.package_identification:_identify(env/lib/python3.12/site-packages/pip/_vendor/truststore) by extensions ['ros']
[0.638s] Level 1:colcon.colcon_core.package_identification:_identify(env/lib/python3.12/site-packages/pip/_vendor/truststore) by extension 'ros'
[0.638s] Level 1:colcon.colcon_core.package_identification:_identify(env/lib/python3.12/site-packages/pip/_vendor/truststore) by extensions ['cmake', 'python']
[0.638s] Level 1:colcon.colcon_core.package_identification:_identify(env/lib/python3.12/site-packages/pip/_vendor/truststore) by extension 'cmake'
[0.638s] Level 1:colcon.colcon_core.package_identification:_identify(env/lib/python3.12/site-packages/pip/_vendor/truststore) by extension 'python'
[0.638s] Level 1:colcon.colcon_core.package_identification:_identify(env/lib/python3.12/site-packages/pip/_vendor/truststore) by extensions ['python_setup_py']
[0.638s] Level 1:colcon.colcon_core.package_identification:_identify(env/lib/python3.12/site-packages/pip/_vendor/truststore) by extension 'python_setup_py'
[0.639s] Level 1:colcon.colcon_core.package_identification:_identify(env/lib/python3.12/site-packages/pip/_vendor/truststore/__pycache__) by extensions ['ignore', 'ignore_ament_install']
[0.639s] Level 1:colcon.colcon_core.package_identification:_identify(env/lib/python3.12/site-packages/pip/_vendor/truststore/__pycache__) by extension 'ignore'
[0.639s] Level 1:colcon.colcon_core.package_identification:_identify(env/lib/python3.12/site-packages/pip/_vendor/truststore/__pycache__) by extension 'ignore_ament_install'
[0.639s] Level 1:colcon.colcon_core.package_identification:_identify(env/lib/python3.12/site-packages/pip/_vendor/truststore/__pycache__) by extensions ['colcon_pkg']
[0.639s] Level 1:colcon.colcon_core.package_identification:_identify(env/lib/python3.12/site-packages/pip/_vendor/truststore/__pycache__) by extension 'colcon_pkg'
[0.639s] Level 1:colcon.colcon_core.package_identification:_identify(env/lib/python3.12/site-packages/pip/_vendor/truststore/__pycache__) by extensions ['colcon_meta']
[0.639s] Level 1:colcon.colcon_core.package_identification:_identify(env/lib/python3.12/site-packages/pip/_vendor/truststore/__pycache__) by extension 'colcon_meta'
[0.639s] Level 1:colcon.colcon_core.package_identification:_identify(env/lib/python3.12/site-packages/pip/_vendor/truststore/__pycache__) by extensions ['ros']
[0.639s] Level 1:colcon.colcon_core.package_identification:_identify(env/lib/python3.12/site-packages/pip/_vendor/truststore/__pycache__) by extension 'ros'
[0.640s] Level 1:colcon.colcon_core.package_identification:_identify(env/lib/python3.12/site-packages/pip/_vendor/truststore/__pycache__) by extensions ['cmake', 'python']
[0.640s] Level 1:colcon.colcon_core.package_identification:_identify(env/lib/python3.12/site-packages/pip/_vendor/truststore/__pycache__) by extension 'cmake'
[0.640s] Level 1:colcon.colcon_core.package_identification:_identify(env/lib/python3.12/site-packages/pip/_vendor/truststore/__pycache__) by extension 'python'
[0.640s] Level 1:colcon.colcon_core.package_identification:_identify(env/lib/python3.12/site-packages/pip/_vendor/truststore/__pycache__) by extensions ['python_setup_py']
[0.640s] Level 1:colcon.colcon_core.package_identification:_identify(env/lib/python3.12/site-packages/pip/_vendor/truststore/__pycache__) by extension 'python_setup_py'
[0.640s] Level 1:colcon.colcon_core.package_identification:_identify(env/lib/python3.12/site-packages/pip/_vendor/urllib3) by extensions ['ignore', 'ignore_ament_install']
[0.640s] Level 1:colcon.colcon_core.package_identification:_identify(env/lib/python3.12/site-packages/pip/_vendor/urllib3) by extension 'ignore'
[0.640s] Level 1:colcon.colcon_core.package_identification:_identify(env/lib/python3.12/site-packages/pip/_vendor/urllib3) by extension 'ignore_ament_install'
[0.641s] Level 1:colcon.colcon_core.package_identification:_identify(env/lib/python3.12/site-packages/pip/_vendor/urllib3) by extensions ['colcon_pkg']
[0.641s] Level 1:colcon.colcon_core.package_identification:_identify(env/lib/python3.12/site-packages/pip/_vendor/urllib3) by extension 'colcon_pkg'
[0.641s] Level 1:colcon.colcon_core.package_identification:_identify(env/lib/python3.12/site-packages/pip/_vendor/urllib3) by extensions ['colcon_meta']
[0.641s] Level 1:colcon.colcon_core.package_identification:_identify(env/lib/python3.12/site-packages/pip/_vendor/urllib3) by extension 'colcon_meta'
[0.641s] Level 1:colcon.colcon_core.package_identification:_identify(env/lib/python3.12/site-packages/pip/_vendor/urllib3) by extensions ['ros']
[0.641s] Level 1:colcon.colcon_core.package_identification:_identify(env/lib/python3.12/site-packages/pip/_vendor/urllib3) by extension 'ros'
[0.641s] Level 1:colcon.colcon_core.package_identification:_identify(env/lib/python3.12/site-packages/pip/_vendor/urllib3) by extensions ['cmake', 'python']
[0.641s] Level 1:colcon.colcon_core.package_identification:_identify(env/lib/python3.12/site-packages/pip/_vendor/urllib3) by extension 'cmake'
[0.641s] Level 1:colcon.colcon_core.package_identification:_identify(env/lib/python3.12/site-packages/pip/_vendor/urllib3) by extension 'python'
[0.641s] Level 1:colcon.colcon_core.package_identification:_identify(env/lib/python3.12/site-packages/pip/_vendor/urllib3) by extensions ['python_setup_py']
[0.641s] Level 1:colcon.colcon_core.package_identification:_identify(env/lib/python3.12/site-packages/pip/_vendor/urllib3) by extension 'python_setup_py'
[0.642s] Level 1:colcon.colcon_core.package_identification:_identify(env/lib/python3.12/site-packages/pip/_vendor/urllib3/__pycache__) by extensions ['ignore', 'ignore_ament_install']
[0.642s] Level 1:colcon.colcon_core.package_identification:_identify(env/lib/python3.12/site-packages/pip/_vendor/urllib3/__pycache__) by extension 'ignore'
[0.642s] Level 1:colcon.colcon_core.package_identification:_identify(env/lib/python3.12/site-packages/pip/_vendor/urllib3/__pycache__) by extension 'ignore_ament_install'
[0.642s] Level 1:colcon.colcon_core.package_identification:_identify(env/lib/python3.12/site-packages/pip/_vendor/urllib3/__pycache__) by extensions ['colcon_pkg']
[0.642s] Level 1:colcon.colcon_core.package_identification:_identify(env/lib/python3.12/site-packages/pip/_vendor/urllib3/__pycache__) by extension 'colcon_pkg'
[0.642s] Level 1:colcon.colcon_core.package_identification:_identify(env/lib/python3.12/site-packages/pip/_vendor/urllib3/__pycache__) by extensions ['colcon_meta']
[0.642s] Level 1:colcon.colcon_core.package_identification:_identify(env/lib/python3.12/site-packages/pip/_vendor/urllib3/__pycache__) by extension 'colcon_meta'
[0.642s] Level 1:colcon.colcon_core.package_identification:_identify(env/lib/python3.12/site-packages/pip/_vendor/urllib3/__pycache__) by extensions ['ros']
[0.642s] Level 1:colcon.colcon_core.package_identification:_identify(env/lib/python3.12/site-packages/pip/_vendor/urllib3/__pycache__) by extension 'ros'
[0.642s] Level 1:colcon.colcon_core.package_identification:_identify(env/lib/python3.12/site-packages/pip/_vendor/urllib3/__pycache__) by extensions ['cmake', 'python']
[0.642s] Level 1:colcon.colcon_core.package_identification:_identify(env/lib/python3.12/site-packages/pip/_vendor/urllib3/__pycache__) by extension 'cmake'
[0.643s] Level 1:colcon.colcon_core.package_identification:_identify(env/lib/python3.12/site-packages/pip/_vendor/urllib3/__pycache__) by extension 'python'
[0.643s] Level 1:colcon.colcon_core.package_identification:_identify(env/lib/python3.12/site-packages/pip/_vendor/urllib3/__pycache__) by extensions ['python_setup_py']
[0.643s] Level 1:colcon.colcon_core.package_identification:_identify(env/lib/python3.12/site-packages/pip/_vendor/urllib3/__pycache__) by extension 'python_setup_py'
[0.643s] Level 1:colcon.colcon_core.package_identification:_identify(env/lib/python3.12/site-packages/pip/_vendor/urllib3/contrib) by extensions ['ignore', 'ignore_ament_install']
[0.643s] Level 1:colcon.colcon_core.package_identification:_identify(env/lib/python3.12/site-packages/pip/_vendor/urllib3/contrib) by extension 'ignore'
[0.643s] Level 1:colcon.colcon_core.package_identification:_identify(env/lib/python3.12/site-packages/pip/_vendor/urllib3/contrib) by extension 'ignore_ament_install'
[0.643s] Level 1:colcon.colcon_core.package_identification:_identify(env/lib/python3.12/site-packages/pip/_vendor/urllib3/contrib) by extensions ['colcon_pkg']
[0.643s] Level 1:colcon.colcon_core.package_identification:_identify(env/lib/python3.12/site-packages/pip/_vendor/urllib3/contrib) by extension 'colcon_pkg'
[0.643s] Level 1:colcon.colcon_core.package_identification:_identify(env/lib/python3.12/site-packages/pip/_vendor/urllib3/contrib) by extensions ['colcon_meta']
[0.643s] Level 1:colcon.colcon_core.package_identification:_identify(env/lib/python3.12/site-packages/pip/_vendor/urllib3/contrib) by extension 'colcon_meta'
[0.644s] Level 1:colcon.colcon_core.package_identification:_identify(env/lib/python3.12/site-packages/pip/_vendor/urllib3/contrib) by extensions ['ros']
[0.644s] Level 1:colcon.colcon_core.package_identification:_identify(env/lib/python3.12/site-packages/pip/_vendor/urllib3/contrib) by extension 'ros'
[0.644s] Level 1:colcon.colcon_core.package_identification:_identify(env/lib/python3.12/site-packages/pip/_vendor/urllib3/contrib) by extensions ['cmake', 'python']
[0.644s] Level 1:colcon.colcon_core.package_identification:_identify(env/lib/python3.12/site-packages/pip/_vendor/urllib3/contrib) by extension 'cmake'
[0.644s] Level 1:colcon.colcon_core.package_identification:_identify(env/lib/python3.12/site-packages/pip/_vendor/urllib3/contrib) by extension 'python'
[0.644s] Level 1:colcon.colcon_core.package_identification:_identify(env/lib/python3.12/site-packages/pip/_vendor/urllib3/contrib) by extensions ['python_setup_py']
[0.644s] Level 1:colcon.colcon_core.package_identification:_identify(env/lib/python3.12/site-packages/pip/_vendor/urllib3/contrib) by extension 'python_setup_py'
[0.644s] Level 1:colcon.colcon_core.package_identification:_identify(env/lib/python3.12/site-packages/pip/_vendor/urllib3/contrib/__pycache__) by extensions ['ignore', 'ignore_ament_install']
[0.644s] Level 1:colcon.colcon_core.package_identification:_identify(env/lib/python3.12/site-packages/pip/_vendor/urllib3/contrib/__pycache__) by extension 'ignore'
[0.645s] Level 1:colcon.colcon_core.package_identification:_identify(env/lib/python3.12/site-packages/pip/_vendor/urllib3/contrib/__pycache__) by extension 'ignore_ament_install'
[0.645s] Level 1:colcon.colcon_core.package_identification:_identify(env/lib/python3.12/site-packages/pip/_vendor/urllib3/contrib/__pycache__) by extensions ['colcon_pkg']
[0.645s] Level 1:colcon.colcon_core.package_identification:_identify(env/lib/python3.12/site-packages/pip/_vendor/urllib3/contrib/__pycache__) by extension 'colcon_pkg'
[0.645s] Level 1:colcon.colcon_core.package_identification:_identify(env/lib/python3.12/site-packages/pip/_vendor/urllib3/contrib/__pycache__) by extensions ['colcon_meta']
[0.645s] Level 1:colcon.colcon_core.package_identification:_identify(env/lib/python3.12/site-packages/pip/_vendor/urllib3/contrib/__pycache__) by extension 'colcon_meta'
[0.645s] Level 1:colcon.colcon_core.package_identification:_identify(env/lib/python3.12/site-packages/pip/_vendor/urllib3/contrib/__pycache__) by extensions ['ros']
[0.645s] Level 1:colcon.colcon_core.package_identification:_identify(env/lib/python3.12/site-packages/pip/_vendor/urllib3/contrib/__pycache__) by extension 'ros'
[0.645s] Level 1:colcon.colcon_core.package_identification:_identify(env/lib/python3.12/site-packages/pip/_vendor/urllib3/contrib/__pycache__) by extensions ['cmake', 'python']
[0.645s] Level 1:colcon.colcon_core.package_identification:_identify(env/lib/python3.12/site-packages/pip/_vendor/urllib3/contrib/__pycache__) by extension 'cmake'
[0.645s] Level 1:colcon.colcon_core.package_identification:_identify(env/lib/python3.12/site-packages/pip/_vendor/urllib3/contrib/__pycache__) by extension 'python'
[0.645s] Level 1:colcon.colcon_core.package_identification:_identify(env/lib/python3.12/site-packages/pip/_vendor/urllib3/contrib/__pycache__) by extensions ['python_setup_py']
[0.646s] Level 1:colcon.colcon_core.package_identification:_identify(env/lib/python3.12/site-packages/pip/_vendor/urllib3/contrib/__pycache__) by extension 'python_setup_py'
[0.646s] Level 1:colcon.colcon_core.package_identification:_identify(env/lib/python3.12/site-packages/pip/_vendor/urllib3/contrib/_securetransport) by extensions ['ignore', 'ignore_ament_install']
[0.646s] Level 1:colcon.colcon_core.package_identification:_identify(env/lib/python3.12/site-packages/pip/_vendor/urllib3/contrib/_securetransport) by extension 'ignore'
[0.646s] Level 1:colcon.colcon_core.package_identification:_identify(env/lib/python3.12/site-packages/pip/_vendor/urllib3/contrib/_securetransport) by extension 'ignore_ament_install'
[0.646s] Level 1:colcon.colcon_core.package_identification:_identify(env/lib/python3.12/site-packages/pip/_vendor/urllib3/contrib/_securetransport) by extensions ['colcon_pkg']
[0.646s] Level 1:colcon.colcon_core.package_identification:_identify(env/lib/python3.12/site-packages/pip/_vendor/urllib3/contrib/_securetransport) by extension 'colcon_pkg'
[0.646s] Level 1:colcon.colcon_core.package_identification:_identify(env/lib/python3.12/site-packages/pip/_vendor/urllib3/contrib/_securetransport) by extensions ['colcon_meta']
[0.646s] Level 1:colcon.colcon_core.package_identification:_identify(env/lib/python3.12/site-packages/pip/_vendor/urllib3/contrib/_securetransport) by extension 'colcon_meta'
[0.647s] Level 1:colcon.colcon_core.package_identification:_identify(env/lib/python3.12/site-packages/pip/_vendor/urllib3/contrib/_securetransport) by extensions ['ros']
[0.647s] Level 1:colcon.colcon_core.package_identification:_identify(env/lib/python3.12/site-packages/pip/_vendor/urllib3/contrib/_securetransport) by extension 'ros'
[0.647s] Level 1:colcon.colcon_core.package_identification:_identify(env/lib/python3.12/site-packages/pip/_vendor/urllib3/contrib/_securetransport) by extensions ['cmake', 'python']
[0.647s] Level 1:colcon.colcon_core.package_identification:_identify(env/lib/python3.12/site-packages/pip/_vendor/urllib3/contrib/_securetransport) by extension 'cmake'
[0.647s] Level 1:colcon.colcon_core.package_identification:_identify(env/lib/python3.12/site-packages/pip/_vendor/urllib3/contrib/_securetransport) by extension 'python'
[0.647s] Level 1:colcon.colcon_core.package_identification:_identify(env/lib/python3.12/site-packages/pip/_vendor/urllib3/contrib/_securetransport) by extensions ['python_setup_py']
[0.647s] Level 1:colcon.colcon_core.package_identification:_identify(env/lib/python3.12/site-packages/pip/_vendor/urllib3/contrib/_securetransport) by extension 'python_setup_py'
[0.647s] Level 1:colcon.colcon_core.package_identification:_identify(env/lib/python3.12/site-packages/pip/_vendor/urllib3/contrib/_securetransport/__pycache__) by extensions ['ignore', 'ignore_ament_install']
[0.647s] Level 1:colcon.colcon_core.package_identification:_identify(env/lib/python3.12/site-packages/pip/_vendor/urllib3/contrib/_securetransport/__pycache__) by extension 'ignore'
[0.648s] Level 1:colcon.colcon_core.package_identification:_identify(env/lib/python3.12/site-packages/pip/_vendor/urllib3/contrib/_securetransport/__pycache__) by extension 'ignore_ament_install'
[0.648s] Level 1:colcon.colcon_core.package_identification:_identify(env/lib/python3.12/site-packages/pip/_vendor/urllib3/contrib/_securetransport/__pycache__) by extensions ['colcon_pkg']
[0.648s] Level 1:colcon.colcon_core.package_identification:_identify(env/lib/python3.12/site-packages/pip/_vendor/urllib3/contrib/_securetransport/__pycache__) by extension 'colcon_pkg'
[0.648s] Level 1:colcon.colcon_core.package_identification:_identify(env/lib/python3.12/site-packages/pip/_vendor/urllib3/contrib/_securetransport/__pycache__) by extensions ['colcon_meta']
[0.648s] Level 1:colcon.colcon_core.package_identification:_identify(env/lib/python3.12/site-packages/pip/_vendor/urllib3/contrib/_securetransport/__pycache__) by extension 'colcon_meta'
[0.648s] Level 1:colcon.colcon_core.package_identification:_identify(env/lib/python3.12/site-packages/pip/_vendor/urllib3/contrib/_securetransport/__pycache__) by extensions ['ros']
[0.648s] Level 1:colcon.colcon_core.package_identification:_identify(env/lib/python3.12/site-packages/pip/_vendor/urllib3/contrib/_securetransport/__pycache__) by extension 'ros'
[0.648s] Level 1:colcon.colcon_core.package_identification:_identify(env/lib/python3.12/site-packages/pip/_vendor/urllib3/contrib/_securetransport/__pycache__) by extensions ['cmake', 'python']
[0.648s] Level 1:colcon.colcon_core.package_identification:_identify(env/lib/python3.12/site-packages/pip/_vendor/urllib3/contrib/_securetransport/__pycache__) by extension 'cmake'
[0.648s] Level 1:colcon.colcon_core.package_identification:_identify(env/lib/python3.12/site-packages/pip/_vendor/urllib3/contrib/_securetransport/__pycache__) by extension 'python'
[0.648s] Level 1:colcon.colcon_core.package_identification:_identify(env/lib/python3.12/site-packages/pip/_vendor/urllib3/contrib/_securetransport/__pycache__) by extensions ['python_setup_py']
[0.649s] Level 1:colcon.colcon_core.package_identification:_identify(env/lib/python3.12/site-packages/pip/_vendor/urllib3/contrib/_securetransport/__pycache__) by extension 'python_setup_py'
[0.649s] Level 1:colcon.colcon_core.package_identification:_identify(env/lib/python3.12/site-packages/pip/_vendor/urllib3/packages) by extensions ['ignore', 'ignore_ament_install']
[0.649s] Level 1:colcon.colcon_core.package_identification:_identify(env/lib/python3.12/site-packages/pip/_vendor/urllib3/packages) by extension 'ignore'
[0.649s] Level 1:colcon.colcon_core.package_identification:_identify(env/lib/python3.12/site-packages/pip/_vendor/urllib3/packages) by extension 'ignore_ament_install'
[0.649s] Level 1:colcon.colcon_core.package_identification:_identify(env/lib/python3.12/site-packages/pip/_vendor/urllib3/packages) by extensions ['colcon_pkg']
[0.649s] Level 1:colcon.colcon_core.package_identification:_identify(env/lib/python3.12/site-packages/pip/_vendor/urllib3/packages) by extension 'colcon_pkg'
[0.649s] Level 1:colcon.colcon_core.package_identification:_identify(env/lib/python3.12/site-packages/pip/_vendor/urllib3/packages) by extensions ['colcon_meta']
[0.649s] Level 1:colcon.colcon_core.package_identification:_identify(env/lib/python3.12/site-packages/pip/_vendor/urllib3/packages) by extension 'colcon_meta'
[0.649s] Level 1:colcon.colcon_core.package_identification:_identify(env/lib/python3.12/site-packages/pip/_vendor/urllib3/packages) by extensions ['ros']
[0.649s] Level 1:colcon.colcon_core.package_identification:_identify(env/lib/python3.12/site-packages/pip/_vendor/urllib3/packages) by extension 'ros'
[0.650s] Level 1:colcon.colcon_core.package_identification:_identify(env/lib/python3.12/site-packages/pip/_vendor/urllib3/packages) by extensions ['cmake', 'python']
[0.650s] Level 1:colcon.colcon_core.package_identification:_identify(env/lib/python3.12/site-packages/pip/_vendor/urllib3/packages) by extension 'cmake'
[0.650s] Level 1:colcon.colcon_core.package_identification:_identify(env/lib/python3.12/site-packages/pip/_vendor/urllib3/packages) by extension 'python'
[0.650s] Level 1:colcon.colcon_core.package_identification:_identify(env/lib/python3.12/site-packages/pip/_vendor/urllib3/packages) by extensions ['python_setup_py']
[0.650s] Level 1:colcon.colcon_core.package_identification:_identify(env/lib/python3.12/site-packages/pip/_vendor/urllib3/packages) by extension 'python_setup_py'
[0.650s] Level 1:colcon.colcon_core.package_identification:_identify(env/lib/python3.12/site-packages/pip/_vendor/urllib3/packages/__pycache__) by extensions ['ignore', 'ignore_ament_install']
[0.650s] Level 1:colcon.colcon_core.package_identification:_identify(env/lib/python3.12/site-packages/pip/_vendor/urllib3/packages/__pycache__) by extension 'ignore'
[0.650s] Level 1:colcon.colcon_core.package_identification:_identify(env/lib/python3.12/site-packages/pip/_vendor/urllib3/packages/__pycache__) by extension 'ignore_ament_install'
[0.650s] Level 1:colcon.colcon_core.package_identification:_identify(env/lib/python3.12/site-packages/pip/_vendor/urllib3/packages/__pycache__) by extensions ['colcon_pkg']
[0.651s] Level 1:colcon.colcon_core.package_identification:_identify(env/lib/python3.12/site-packages/pip/_vendor/urllib3/packages/__pycache__) by extension 'colcon_pkg'
[0.651s] Level 1:colcon.colcon_core.package_identification:_identify(env/lib/python3.12/site-packages/pip/_vendor/urllib3/packages/__pycache__) by extensions ['colcon_meta']
[0.651s] Level 1:colcon.colcon_core.package_identification:_identify(env/lib/python3.12/site-packages/pip/_vendor/urllib3/packages/__pycache__) by extension 'colcon_meta'
[0.651s] Level 1:colcon.colcon_core.package_identification:_identify(env/lib/python3.12/site-packages/pip/_vendor/urllib3/packages/__pycache__) by extensions ['ros']
[0.651s] Level 1:colcon.colcon_core.package_identification:_identify(env/lib/python3.12/site-packages/pip/_vendor/urllib3/packages/__pycache__) by extension 'ros'
[0.651s] Level 1:colcon.colcon_core.package_identification:_identify(env/lib/python3.12/site-packages/pip/_vendor/urllib3/packages/__pycache__) by extensions ['cmake', 'python']
[0.651s] Level 1:colcon.colcon_core.package_identification:_identify(env/lib/python3.12/site-packages/pip/_vendor/urllib3/packages/__pycache__) by extension 'cmake'
[0.651s] Level 1:colcon.colcon_core.package_identification:_identify(env/lib/python3.12/site-packages/pip/_vendor/urllib3/packages/__pycache__) by extension 'python'
[0.651s] Level 1:colcon.colcon_core.package_identification:_identify(env/lib/python3.12/site-packages/pip/_vendor/urllib3/packages/__pycache__) by extensions ['python_setup_py']
[0.651s] Level 1:colcon.colcon_core.package_identification:_identify(env/lib/python3.12/site-packages/pip/_vendor/urllib3/packages/__pycache__) by extension 'python_setup_py'
[0.651s] Level 1:colcon.colcon_core.package_identification:_identify(env/lib/python3.12/site-packages/pip/_vendor/urllib3/packages/backports) by extensions ['ignore', 'ignore_ament_install']
[0.652s] Level 1:colcon.colcon_core.package_identification:_identify(env/lib/python3.12/site-packages/pip/_vendor/urllib3/packages/backports) by extension 'ignore'
[0.652s] Level 1:colcon.colcon_core.package_identification:_identify(env/lib/python3.12/site-packages/pip/_vendor/urllib3/packages/backports) by extension 'ignore_ament_install'
[0.652s] Level 1:colcon.colcon_core.package_identification:_identify(env/lib/python3.12/site-packages/pip/_vendor/urllib3/packages/backports) by extensions ['colcon_pkg']
[0.652s] Level 1:colcon.colcon_core.package_identification:_identify(env/lib/python3.12/site-packages/pip/_vendor/urllib3/packages/backports) by extension 'colcon_pkg'
[0.652s] Level 1:colcon.colcon_core.package_identification:_identify(env/lib/python3.12/site-packages/pip/_vendor/urllib3/packages/backports) by extensions ['colcon_meta']
[0.652s] Level 1:colcon.colcon_core.package_identification:_identify(env/lib/python3.12/site-packages/pip/_vendor/urllib3/packages/backports) by extension 'colcon_meta'
[0.652s] Level 1:colcon.colcon_core.package_identification:_identify(env/lib/python3.12/site-packages/pip/_vendor/urllib3/packages/backports) by extensions ['ros']
[0.652s] Level 1:colcon.colcon_core.package_identification:_identify(env/lib/python3.12/site-packages/pip/_vendor/urllib3/packages/backports) by extension 'ros'
[0.652s] Level 1:colcon.colcon_core.package_identification:_identify(env/lib/python3.12/site-packages/pip/_vendor/urllib3/packages/backports) by extensions ['cmake', 'python']
[0.652s] Level 1:colcon.colcon_core.package_identification:_identify(env/lib/python3.12/site-packages/pip/_vendor/urllib3/packages/backports) by extension 'cmake'
[0.653s] Level 1:colcon.colcon_core.package_identification:_identify(env/lib/python3.12/site-packages/pip/_vendor/urllib3/packages/backports) by extension 'python'
[0.653s] Level 1:colcon.colcon_core.package_identification:_identify(env/lib/python3.12/site-packages/pip/_vendor/urllib3/packages/backports) by extensions ['python_setup_py']
[0.653s] Level 1:colcon.colcon_core.package_identification:_identify(env/lib/python3.12/site-packages/pip/_vendor/urllib3/packages/backports) by extension 'python_setup_py'
[0.653s] Level 1:colcon.colcon_core.package_identification:_identify(env/lib/python3.12/site-packages/pip/_vendor/urllib3/packages/backports/__pycache__) by extensions ['ignore', 'ignore_ament_install']
[0.653s] Level 1:colcon.colcon_core.package_identification:_identify(env/lib/python3.12/site-packages/pip/_vendor/urllib3/packages/backports/__pycache__) by extension 'ignore'
[0.653s] Level 1:colcon.colcon_core.package_identification:_identify(env/lib/python3.12/site-packages/pip/_vendor/urllib3/packages/backports/__pycache__) by extension 'ignore_ament_install'
[0.653s] Level 1:colcon.colcon_core.package_identification:_identify(env/lib/python3.12/site-packages/pip/_vendor/urllib3/packages/backports/__pycache__) by extensions ['colcon_pkg']
[0.653s] Level 1:colcon.colcon_core.package_identification:_identify(env/lib/python3.12/site-packages/pip/_vendor/urllib3/packages/backports/__pycache__) by extension 'colcon_pkg'
[0.653s] Level 1:colcon.colcon_core.package_identification:_identify(env/lib/python3.12/site-packages/pip/_vendor/urllib3/packages/backports/__pycache__) by extensions ['colcon_meta']
[0.653s] Level 1:colcon.colcon_core.package_identification:_identify(env/lib/python3.12/site-packages/pip/_vendor/urllib3/packages/backports/__pycache__) by extension 'colcon_meta'
[0.654s] Level 1:colcon.colcon_core.package_identification:_identify(env/lib/python3.12/site-packages/pip/_vendor/urllib3/packages/backports/__pycache__) by extensions ['ros']
[0.654s] Level 1:colcon.colcon_core.package_identification:_identify(env/lib/python3.12/site-packages/pip/_vendor/urllib3/packages/backports/__pycache__) by extension 'ros'
[0.654s] Level 1:colcon.colcon_core.package_identification:_identify(env/lib/python3.12/site-packages/pip/_vendor/urllib3/packages/backports/__pycache__) by extensions ['cmake', 'python']
[0.654s] Level 1:colcon.colcon_core.package_identification:_identify(env/lib/python3.12/site-packages/pip/_vendor/urllib3/packages/backports/__pycache__) by extension 'cmake'
[0.654s] Level 1:colcon.colcon_core.package_identification:_identify(env/lib/python3.12/site-packages/pip/_vendor/urllib3/packages/backports/__pycache__) by extension 'python'
[0.654s] Level 1:colcon.colcon_core.package_identification:_identify(env/lib/python3.12/site-packages/pip/_vendor/urllib3/packages/backports/__pycache__) by extensions ['python_setup_py']
[0.654s] Level 1:colcon.colcon_core.package_identification:_identify(env/lib/python3.12/site-packages/pip/_vendor/urllib3/packages/backports/__pycache__) by extension 'python_setup_py'
[0.654s] Level 1:colcon.colcon_core.package_identification:_identify(env/lib/python3.12/site-packages/pip/_vendor/urllib3/util) by extensions ['ignore', 'ignore_ament_install']
[0.654s] Level 1:colcon.colcon_core.package_identification:_identify(env/lib/python3.12/site-packages/pip/_vendor/urllib3/util) by extension 'ignore'
[0.655s] Level 1:colcon.colcon_core.package_identification:_identify(env/lib/python3.12/site-packages/pip/_vendor/urllib3/util) by extension 'ignore_ament_install'
[0.655s] Level 1:colcon.colcon_core.package_identification:_identify(env/lib/python3.12/site-packages/pip/_vendor/urllib3/util) by extensions ['colcon_pkg']
[0.655s] Level 1:colcon.colcon_core.package_identification:_identify(env/lib/python3.12/site-packages/pip/_vendor/urllib3/util) by extension 'colcon_pkg'
[0.655s] Level 1:colcon.colcon_core.package_identification:_identify(env/lib/python3.12/site-packages/pip/_vendor/urllib3/util) by extensions ['colcon_meta']
[0.655s] Level 1:colcon.colcon_core.package_identification:_identify(env/lib/python3.12/site-packages/pip/_vendor/urllib3/util) by extension 'colcon_meta'
[0.655s] Level 1:colcon.colcon_core.package_identification:_identify(env/lib/python3.12/site-packages/pip/_vendor/urllib3/util) by extensions ['ros']
[0.655s] Level 1:colcon.colcon_core.package_identification:_identify(env/lib/python3.12/site-packages/pip/_vendor/urllib3/util) by extension 'ros'
[0.655s] Level 1:colcon.colcon_core.package_identification:_identify(env/lib/python3.12/site-packages/pip/_vendor/urllib3/util) by extensions ['cmake', 'python']
[0.655s] Level 1:colcon.colcon_core.package_identification:_identify(env/lib/python3.12/site-packages/pip/_vendor/urllib3/util) by extension 'cmake'
[0.655s] Level 1:colcon.colcon_core.package_identification:_identify(env/lib/python3.12/site-packages/pip/_vendor/urllib3/util) by extension 'python'
[0.655s] Level 1:colcon.colcon_core.package_identification:_identify(env/lib/python3.12/site-packages/pip/_vendor/urllib3/util) by extensions ['python_setup_py']
[0.655s] Level 1:colcon.colcon_core.package_identification:_identify(env/lib/python3.12/site-packages/pip/_vendor/urllib3/util) by extension 'python_setup_py'
[0.656s] Level 1:colcon.colcon_core.package_identification:_identify(env/lib/python3.12/site-packages/pip/_vendor/urllib3/util/__pycache__) by extensions ['ignore', 'ignore_ament_install']
[0.656s] Level 1:colcon.colcon_core.package_identification:_identify(env/lib/python3.12/site-packages/pip/_vendor/urllib3/util/__pycache__) by extension 'ignore'
[0.656s] Level 1:colcon.colcon_core.package_identification:_identify(env/lib/python3.12/site-packages/pip/_vendor/urllib3/util/__pycache__) by extension 'ignore_ament_install'
[0.656s] Level 1:colcon.colcon_core.package_identification:_identify(env/lib/python3.12/site-packages/pip/_vendor/urllib3/util/__pycache__) by extensions ['colcon_pkg']
[0.656s] Level 1:colcon.colcon_core.package_identification:_identify(env/lib/python3.12/site-packages/pip/_vendor/urllib3/util/__pycache__) by extension 'colcon_pkg'
[0.656s] Level 1:colcon.colcon_core.package_identification:_identify(env/lib/python3.12/site-packages/pip/_vendor/urllib3/util/__pycache__) by extensions ['colcon_meta']
[0.656s] Level 1:colcon.colcon_core.package_identification:_identify(env/lib/python3.12/site-packages/pip/_vendor/urllib3/util/__pycache__) by extension 'colcon_meta'
[0.656s] Level 1:colcon.colcon_core.package_identification:_identify(env/lib/python3.12/site-packages/pip/_vendor/urllib3/util/__pycache__) by extensions ['ros']
[0.656s] Level 1:colcon.colcon_core.package_identification:_identify(env/lib/python3.12/site-packages/pip/_vendor/urllib3/util/__pycache__) by extension 'ros'
[0.657s] Level 1:colcon.colcon_core.package_identification:_identify(env/lib/python3.12/site-packages/pip/_vendor/urllib3/util/__pycache__) by extensions ['cmake', 'python']
[0.657s] Level 1:colcon.colcon_core.package_identification:_identify(env/lib/python3.12/site-packages/pip/_vendor/urllib3/util/__pycache__) by extension 'cmake'
[0.657s] Level 1:colcon.colcon_core.package_identification:_identify(env/lib/python3.12/site-packages/pip/_vendor/urllib3/util/__pycache__) by extension 'python'
[0.657s] Level 1:colcon.colcon_core.package_identification:_identify(env/lib/python3.12/site-packages/pip/_vendor/urllib3/util/__pycache__) by extensions ['python_setup_py']
[0.657s] Level 1:colcon.colcon_core.package_identification:_identify(env/lib/python3.12/site-packages/pip/_vendor/urllib3/util/__pycache__) by extension 'python_setup_py'
[0.657s] Level 1:colcon.colcon_core.package_identification:_identify(env/lib/python3.12/site-packages/pip/_vendor/webencodings) by extensions ['ignore', 'ignore_ament_install']
[0.657s] Level 1:colcon.colcon_core.package_identification:_identify(env/lib/python3.12/site-packages/pip/_vendor/webencodings) by extension 'ignore'
[0.657s] Level 1:colcon.colcon_core.package_identification:_identify(env/lib/python3.12/site-packages/pip/_vendor/webencodings) by extension 'ignore_ament_install'
[0.657s] Level 1:colcon.colcon_core.package_identification:_identify(env/lib/python3.12/site-packages/pip/_vendor/webencodings) by extensions ['colcon_pkg']
[0.657s] Level 1:colcon.colcon_core.package_identification:_identify(env/lib/python3.12/site-packages/pip/_vendor/webencodings) by extension 'colcon_pkg'
[0.658s] Level 1:colcon.colcon_core.package_identification:_identify(env/lib/python3.12/site-packages/pip/_vendor/webencodings) by extensions ['colcon_meta']
[0.658s] Level 1:colcon.colcon_core.package_identification:_identify(env/lib/python3.12/site-packages/pip/_vendor/webencodings) by extension 'colcon_meta'
[0.658s] Level 1:colcon.colcon_core.package_identification:_identify(env/lib/python3.12/site-packages/pip/_vendor/webencodings) by extensions ['ros']
[0.658s] Level 1:colcon.colcon_core.package_identification:_identify(env/lib/python3.12/site-packages/pip/_vendor/webencodings) by extension 'ros'
[0.658s] Level 1:colcon.colcon_core.package_identification:_identify(env/lib/python3.12/site-packages/pip/_vendor/webencodings) by extensions ['cmake', 'python']
[0.658s] Level 1:colcon.colcon_core.package_identification:_identify(env/lib/python3.12/site-packages/pip/_vendor/webencodings) by extension 'cmake'
[0.658s] Level 1:colcon.colcon_core.package_identification:_identify(env/lib/python3.12/site-packages/pip/_vendor/webencodings) by extension 'python'
[0.658s] Level 1:colcon.colcon_core.package_identification:_identify(env/lib/python3.12/site-packages/pip/_vendor/webencodings) by extensions ['python_setup_py']
[0.658s] Level 1:colcon.colcon_core.package_identification:_identify(env/lib/python3.12/site-packages/pip/_vendor/webencodings) by extension 'python_setup_py'
[0.658s] Level 1:colcon.colcon_core.package_identification:_identify(env/lib/python3.12/site-packages/pip/_vendor/webencodings/__pycache__) by extensions ['ignore', 'ignore_ament_install']
[0.659s] Level 1:colcon.colcon_core.package_identification:_identify(env/lib/python3.12/site-packages/pip/_vendor/webencodings/__pycache__) by extension 'ignore'
[0.659s] Level 1:colcon.colcon_core.package_identification:_identify(env/lib/python3.12/site-packages/pip/_vendor/webencodings/__pycache__) by extension 'ignore_ament_install'
[0.659s] Level 1:colcon.colcon_core.package_identification:_identify(env/lib/python3.12/site-packages/pip/_vendor/webencodings/__pycache__) by extensions ['colcon_pkg']
[0.659s] Level 1:colcon.colcon_core.package_identification:_identify(env/lib/python3.12/site-packages/pip/_vendor/webencodings/__pycache__) by extension 'colcon_pkg'
[0.659s] Level 1:colcon.colcon_core.package_identification:_identify(env/lib/python3.12/site-packages/pip/_vendor/webencodings/__pycache__) by extensions ['colcon_meta']
[0.659s] Level 1:colcon.colcon_core.package_identification:_identify(env/lib/python3.12/site-packages/pip/_vendor/webencodings/__pycache__) by extension 'colcon_meta'
[0.659s] Level 1:colcon.colcon_core.package_identification:_identify(env/lib/python3.12/site-packages/pip/_vendor/webencodings/__pycache__) by extensions ['ros']
[0.659s] Level 1:colcon.colcon_core.package_identification:_identify(env/lib/python3.12/site-packages/pip/_vendor/webencodings/__pycache__) by extension 'ros'
[0.659s] Level 1:colcon.colcon_core.package_identification:_identify(env/lib/python3.12/site-packages/pip/_vendor/webencodings/__pycache__) by extensions ['cmake', 'python']
[0.659s] Level 1:colcon.colcon_core.package_identification:_identify(env/lib/python3.12/site-packages/pip/_vendor/webencodings/__pycache__) by extension 'cmake'
[0.660s] Level 1:colcon.colcon_core.package_identification:_identify(env/lib/python3.12/site-packages/pip/_vendor/webencodings/__pycache__) by extension 'python'
[0.660s] Level 1:colcon.colcon_core.package_identification:_identify(env/lib/python3.12/site-packages/pip/_vendor/webencodings/__pycache__) by extensions ['python_setup_py']
[0.660s] Level 1:colcon.colcon_core.package_identification:_identify(env/lib/python3.12/site-packages/pip/_vendor/webencodings/__pycache__) by extension 'python_setup_py'
[0.660s] Level 1:colcon.colcon_core.package_identification:_identify(env/lib/python3.12/site-packages/pip-24.0.dist-info) by extensions ['ignore', 'ignore_ament_install']
[0.660s] Level 1:colcon.colcon_core.package_identification:_identify(env/lib/python3.12/site-packages/pip-24.0.dist-info) by extension 'ignore'
[0.660s] Level 1:colcon.colcon_core.package_identification:_identify(env/lib/python3.12/site-packages/pip-24.0.dist-info) by extension 'ignore_ament_install'
[0.660s] Level 1:colcon.colcon_core.package_identification:_identify(env/lib/python3.12/site-packages/pip-24.0.dist-info) by extensions ['colcon_pkg']
[0.660s] Level 1:colcon.colcon_core.package_identification:_identify(env/lib/python3.12/site-packages/pip-24.0.dist-info) by extension 'colcon_pkg'
[0.660s] Level 1:colcon.colcon_core.package_identification:_identify(env/lib/python3.12/site-packages/pip-24.0.dist-info) by extensions ['colcon_meta']
[0.660s] Level 1:colcon.colcon_core.package_identification:_identify(env/lib/python3.12/site-packages/pip-24.0.dist-info) by extension 'colcon_meta'
[0.660s] Level 1:colcon.colcon_core.package_identification:_identify(env/lib/python3.12/site-packages/pip-24.0.dist-info) by extensions ['ros']
[0.661s] Level 1:colcon.colcon_core.package_identification:_identify(env/lib/python3.12/site-packages/pip-24.0.dist-info) by extension 'ros'
[0.661s] Level 1:colcon.colcon_core.package_identification:_identify(env/lib/python3.12/site-packages/pip-24.0.dist-info) by extensions ['cmake', 'python']
[0.661s] Level 1:colcon.colcon_core.package_identification:_identify(env/lib/python3.12/site-packages/pip-24.0.dist-info) by extension 'cmake'
[0.661s] Level 1:colcon.colcon_core.package_identification:_identify(env/lib/python3.12/site-packages/pip-24.0.dist-info) by extension 'python'
[0.661s] Level 1:colcon.colcon_core.package_identification:_identify(env/lib/python3.12/site-packages/pip-24.0.dist-info) by extensions ['python_setup_py']
[0.661s] Level 1:colcon.colcon_core.package_identification:_identify(env/lib/python3.12/site-packages/pip-24.0.dist-info) by extension 'python_setup_py'
[0.661s] Level 1:colcon.colcon_core.package_identification:_identify(install) by extensions ['ignore', 'ignore_ament_install']
[0.661s] Level 1:colcon.colcon_core.package_identification:_identify(install) by extension 'ignore'
[0.661s] Level 1:colcon.colcon_core.package_identification:_identify(install) ignored
[0.662s] Level 1:colcon.colcon_core.package_identification:_identify(log) by extensions ['ignore', 'ignore_ament_install']
[0.662s] Level 1:colcon.colcon_core.package_identification:_identify(log) by extension 'ignore'
[0.662s] Level 1:colcon.colcon_core.package_identification:_identify(log) ignored
[0.662s] Level 1:colcon.colcon_core.package_identification:_identify(src) by extensions ['ignore', 'ignore_ament_install']
[0.662s] Level 1:colcon.colcon_core.package_identification:_identify(src) by extension 'ignore'
[0.662s] Level 1:colcon.colcon_core.package_identification:_identify(src) by extension 'ignore_ament_install'
[0.662s] Level 1:colcon.colcon_core.package_identification:_identify(src) by extensions ['colcon_pkg']
[0.662s] Level 1:colcon.colcon_core.package_identification:_identify(src) by extension 'colcon_pkg'
[0.662s] Level 1:colcon.colcon_core.package_identification:_identify(src) by extensions ['colcon_meta']
[0.663s] Level 1:colcon.colcon_core.package_identification:_identify(src) by extension 'colcon_meta'
[0.663s] Level 1:colcon.colcon_core.package_identification:_identify(src) by extensions ['ros']
[0.663s] Level 1:colcon.colcon_core.package_identification:_identify(src) by extension 'ros'
[0.663s] Level 1:colcon.colcon_core.package_identification:_identify(src) by extensions ['cmake', 'python']
[0.663s] Level 1:colcon.colcon_core.package_identification:_identify(src) by extension 'cmake'
[0.663s] Level 1:colcon.colcon_core.package_identification:_identify(src) by extension 'python'
[0.663s] Level 1:colcon.colcon_core.package_identification:_identify(src) by extensions ['python_setup_py']
[0.663s] Level 1:colcon.colcon_core.package_identification:_identify(src) by extension 'python_setup_py'
[0.663s] Level 1:colcon.colcon_core.package_identification:_identify(src/control) by extensions ['ignore', 'ignore_ament_install']
[0.664s] Level 1:colcon.colcon_core.package_identification:_identify(src/control) by extension 'ignore'
[0.664s] Level 1:colcon.colcon_core.package_identification:_identify(src/control) by extension 'ignore_ament_install'
[0.664s] Level 1:colcon.colcon_core.package_identification:_identify(src/control) by extensions ['colcon_pkg']
[0.664s] Level 1:colcon.colcon_core.package_identification:_identify(src/control) by extension 'colcon_pkg'
[0.664s] Level 1:colcon.colcon_core.package_identification:_identify(src/control) by extensions ['colcon_meta']
[0.664s] Level 1:colcon.colcon_core.package_identification:_identify(src/control) by extension 'colcon_meta'
[0.664s] Level 1:colcon.colcon_core.package_identification:_identify(src/control) by extensions ['ros']
[0.664s] Level 1:colcon.colcon_core.package_identification:_identify(src/control) by extension 'ros'
[0.664s] Level 1:colcon.colcon_core.package_identification:_identify(src/control) by extensions ['cmake', 'python']
[0.664s] Level 1:colcon.colcon_core.package_identification:_identify(src/control) by extension 'cmake'
[0.664s] Level 1:colcon.colcon_core.package_identification:_identify(src/control) by extension 'python'
[0.664s] Level 1:colcon.colcon_core.package_identification:_identify(src/control) by extensions ['python_setup_py']
[0.665s] Level 1:colcon.colcon_core.package_identification:_identify(src/control) by extension 'python_setup_py'
[0.665s] Level 1:colcon.colcon_core.package_identification:_identify(src/control/src) by extensions ['ignore', 'ignore_ament_install']
[0.665s] Level 1:colcon.colcon_core.package_identification:_identify(src/control/src) by extension 'ignore'
[0.665s] Level 1:colcon.colcon_core.package_identification:_identify(src/control/src) by extension 'ignore_ament_install'
[0.665s] Level 1:colcon.colcon_core.package_identification:_identify(src/control/src) by extensions ['colcon_pkg']
[0.665s] Level 1:colcon.colcon_core.package_identification:_identify(src/control/src) by extension 'colcon_pkg'
[0.665s] Level 1:colcon.colcon_core.package_identification:_identify(src/control/src) by extensions ['colcon_meta']
[0.665s] Level 1:colcon.colcon_core.package_identification:_identify(src/control/src) by extension 'colcon_meta'
[0.665s] Level 1:colcon.colcon_core.package_identification:_identify(src/control/src) by extensions ['ros']
[0.665s] Level 1:colcon.colcon_core.package_identification:_identify(src/control/src) by extension 'ros'
[0.666s] Level 1:colcon.colcon_core.package_identification:_identify(src/control/src) by extensions ['cmake', 'python']
[0.666s] Level 1:colcon.colcon_core.package_identification:_identify(src/control/src) by extension 'cmake'
[0.666s] Level 1:colcon.colcon_core.package_identification:_identify(src/control/src) by extension 'python'
[0.666s] Level 1:colcon.colcon_core.package_identification:_identify(src/control/src) by extensions ['python_setup_py']
[0.666s] Level 1:colcon.colcon_core.package_identification:_identify(src/control/src) by extension 'python_setup_py'
[0.666s] Level 1:colcon.colcon_core.package_identification:_identify(src/input) by extensions ['ignore', 'ignore_ament_install']
[0.666s] Level 1:colcon.colcon_core.package_identification:_identify(src/input) by extension 'ignore'
[0.666s] Level 1:colcon.colcon_core.package_identification:_identify(src/input) by extension 'ignore_ament_install'
[0.666s] Level 1:colcon.colcon_core.package_identification:_identify(src/input) by extensions ['colcon_pkg']
[0.666s] Level 1:colcon.colcon_core.package_identification:_identify(src/input) by extension 'colcon_pkg'
[0.667s] Level 1:colcon.colcon_core.package_identification:_identify(src/input) by extensions ['colcon_meta']
[0.667s] Level 1:colcon.colcon_core.package_identification:_identify(src/input) by extension 'colcon_meta'
[0.667s] Level 1:colcon.colcon_core.package_identification:_identify(src/input) by extensions ['ros']
[0.667s] Level 1:colcon.colcon_core.package_identification:_identify(src/input) by extension 'ros'
[0.674s] DEBUG:colcon.colcon_core.package_identification:Package 'src/input' with type 'ros.ament_python' and name 'input'
[0.674s] Level 1:colcon.colcon_core.package_identification:_identify(src/smart) by extensions ['ignore', 'ignore_ament_install']
[0.674s] Level 1:colcon.colcon_core.package_identification:_identify(src/smart) by extension 'ignore'
[0.675s] Level 1:colcon.colcon_core.package_identification:_identify(src/smart) by extension 'ignore_ament_install'
[0.675s] Level 1:colcon.colcon_core.package_identification:_identify(src/smart) by extensions ['colcon_pkg']
[0.675s] Level 1:colcon.colcon_core.package_identification:_identify(src/smart) by extension 'colcon_pkg'
[0.675s] Level 1:colcon.colcon_core.package_identification:_identify(src/smart) by extensions ['colcon_meta']
[0.675s] Level 1:colcon.colcon_core.package_identification:_identify(src/smart) by extension 'colcon_meta'
[0.675s] Level 1:colcon.colcon_core.package_identification:_identify(src/smart) by extensions ['ros']
[0.675s] Level 1:colcon.colcon_core.package_identification:_identify(src/smart) by extension 'ros'
[0.676s] DEBUG:colcon.colcon_core.package_identification:Package 'src/smart' with type 'ros.ament_python' and name 'smart'
[0.677s] Level 1:colcon.colcon_core.package_identification:_identify(src/train) by extensions ['ignore', 'ignore_ament_install']
[0.677s] Level 1:colcon.colcon_core.package_identification:_identify(src/train) by extension 'ignore'
[0.677s] Level 1:colcon.colcon_core.package_identification:_identify(src/train) by extension 'ignore_ament_install'
[0.677s] Level 1:colcon.colcon_core.package_identification:_identify(src/train) by extensions ['colcon_pkg']
[0.677s] Level 1:colcon.colcon_core.package_identification:_identify(src/train) by extension 'colcon_pkg'
[0.677s] Level 1:colcon.colcon_core.package_identification:_identify(src/train) by extensions ['colcon_meta']
[0.677s] Level 1:colcon.colcon_core.package_identification:_identify(src/train) by extension 'colcon_meta'
[0.677s] Level 1:colcon.colcon_core.package_identification:_identify(src/train) by extensions ['ros']
[0.677s] Level 1:colcon.colcon_core.package_identification:_identify(src/train) by extension 'ros'
[0.677s] Level 1:colcon.colcon_core.package_identification:_identify(src/train) by extensions ['cmake', 'python']
[0.678s] Level 1:colcon.colcon_core.package_identification:_identify(src/train) by extension 'cmake'
[0.678s] Level 1:colcon.colcon_core.package_identification:_identify(src/train) by extension 'python'
[0.678s] Level 1:colcon.colcon_core.package_identification:_identify(src/train) by extensions ['python_setup_py']
[0.678s] Level 1:colcon.colcon_core.package_identification:_identify(src/train) by extension 'python_setup_py'
[0.678s] Level 1:colcon.colcon_core.package_identification:_identify(src/train/sparcs) by extensions ['ignore', 'ignore_ament_install']
[0.678s] Level 1:colcon.colcon_core.package_identification:_identify(src/train/sparcs) by extension 'ignore'
[0.678s] Level 1:colcon.colcon_core.package_identification:_identify(src/train/sparcs) by extension 'ignore_ament_install'
[0.678s] Level 1:colcon.colcon_core.package_identification:_identify(src/train/sparcs) by extensions ['colcon_pkg']
[0.678s] Level 1:colcon.colcon_core.package_identification:_identify(src/train/sparcs) by extension 'colcon_pkg'
[0.679s] Level 1:colcon.colcon_core.package_identification:_identify(src/train/sparcs) by extensions ['colcon_meta']
[0.679s] Level 1:colcon.colcon_core.package_identification:_identify(src/train/sparcs) by extension 'colcon_meta'
[0.679s] Level 1:colcon.colcon_core.package_identification:_identify(src/train/sparcs) by extensions ['ros']
[0.679s] Level 1:colcon.colcon_core.package_identification:_identify(src/train/sparcs) by extension 'ros'
[0.679s] Level 1:colcon.colcon_core.package_identification:_identify(src/train/sparcs) by extensions ['cmake', 'python']
[0.679s] Level 1:colcon.colcon_core.package_identification:_identify(src/train/sparcs) by extension 'cmake'
[0.679s] Level 1:colcon.colcon_core.package_identification:_identify(src/train/sparcs) by extension 'python'
[0.679s] Level 1:colcon.colcon_core.package_identification:_identify(src/train/sparcs) by extensions ['python_setup_py']
[0.679s] Level 1:colcon.colcon_core.package_identification:_identify(src/train/sparcs) by extension 'python_setup_py'
[0.680s] Level 1:colcon.colcon_core.package_identification:_identify(src/train/stuff) by extensions ['ignore', 'ignore_ament_install']
[0.680s] Level 1:colcon.colcon_core.package_identification:_identify(src/train/stuff) by extension 'ignore'
[0.680s] Level 1:colcon.colcon_core.package_identification:_identify(src/train/stuff) by extension 'ignore_ament_install'
[0.680s] Level 1:colcon.colcon_core.package_identification:_identify(src/train/stuff) by extensions ['colcon_pkg']
[0.680s] Level 1:colcon.colcon_core.package_identification:_identify(src/train/stuff) by extension 'colcon_pkg'
[0.680s] Level 1:colcon.colcon_core.package_identification:_identify(src/train/stuff) by extensions ['colcon_meta']
[0.680s] Level 1:colcon.colcon_core.package_identification:_identify(src/train/stuff) by extension 'colcon_meta'
[0.680s] Level 1:colcon.colcon_core.package_identification:_identify(src/train/stuff) by extensions ['ros']
[0.680s] Level 1:colcon.colcon_core.package_identification:_identify(src/train/stuff) by extension 'ros'
[0.681s] Level 1:colcon.colcon_core.package_identification:_identify(src/train/stuff) by extensions ['cmake', 'python']
[0.681s] Level 1:colcon.colcon_core.package_identification:_identify(src/train/stuff) by extension 'cmake'
[0.681s] Level 1:colcon.colcon_core.package_identification:_identify(src/train/stuff) by extension 'python'
[0.681s] Level 1:colcon.colcon_core.package_identification:_identify(src/train/stuff) by extensions ['python_setup_py']
[0.681s] Level 1:colcon.colcon_core.package_identification:_identify(src/train/stuff) by extension 'python_setup_py'
[0.681s] Level 1:colcon.colcon_core.package_identification:_identify(src/unix_out) by extensions ['ignore', 'ignore_ament_install']
[0.681s] Level 1:colcon.colcon_core.package_identification:_identify(src/unix_out) by extension 'ignore'
[0.681s] Level 1:colcon.colcon_core.package_identification:_identify(src/unix_out) by extension 'ignore_ament_install'
[0.681s] Level 1:colcon.colcon_core.package_identification:_identify(src/unix_out) by extensions ['colcon_pkg']
[0.681s] Level 1:colcon.colcon_core.package_identification:_identify(src/unix_out) by extension 'colcon_pkg'
[0.682s] Level 1:colcon.colcon_core.package_identification:_identify(src/unix_out) by extensions ['colcon_meta']
[0.682s] Level 1:colcon.colcon_core.package_identification:_identify(src/unix_out) by extension 'colcon_meta'
[0.682s] Level 1:colcon.colcon_core.package_identification:_identify(src/unix_out) by extensions ['ros']
[0.682s] Level 1:colcon.colcon_core.package_identification:_identify(src/unix_out) by extension 'ros'
[0.683s] DEBUG:colcon.colcon_core.package_identification:Package 'src/unix_out' with type 'ros.ament_python' and name 'unix_out'
[0.683s] Level 1:colcon.colcon_core.package_identification:_identify(src/utils) by extensions ['ignore', 'ignore_ament_install']
[0.684s] Level 1:colcon.colcon_core.package_identification:_identify(src/utils) by extension 'ignore'
[0.684s] Level 1:colcon.colcon_core.package_identification:_identify(src/utils) by extension 'ignore_ament_install'
[0.684s] Level 1:colcon.colcon_core.package_identification:_identify(src/utils) by extensions ['colcon_pkg']
[0.684s] Level 1:colcon.colcon_core.package_identification:_identify(src/utils) by extension 'colcon_pkg'
[0.684s] Level 1:colcon.colcon_core.package_identification:_identify(src/utils) by extensions ['colcon_meta']
[0.684s] Level 1:colcon.colcon_core.package_identification:_identify(src/utils) by extension 'colcon_meta'
[0.684s] Level 1:colcon.colcon_core.package_identification:_identify(src/utils) by extensions ['ros']
[0.684s] Level 1:colcon.colcon_core.package_identification:_identify(src/utils) by extension 'ros'
[0.685s] DEBUG:colcon.colcon_core.package_identification:Package 'src/utils' with type 'ros.ament_cmake' and name 'utils'
[0.685s] Level 1:colcon.colcon_core.package_discovery:discover_packages(recursive) using defaults
[0.685s] Level 1:colcon.colcon_core.package_discovery:discover_packages(ignore) discover
[0.686s] Level 1:colcon.colcon_core.package_discovery:discover_packages(ignore) using defaults
[0.686s] Level 1:colcon.colcon_core.package_discovery:discover_packages(path) discover
[0.686s] Level 1:colcon.colcon_core.package_discovery:discover_packages(path) using defaults
[0.732s] Level 1:colcon.colcon_core.package_discovery:discover_packages(prefix_path) check parameters
[0.733s] Level 1:colcon.colcon_core.package_discovery:discover_packages(prefix_path) discover
[0.740s] DEBUG:colcon.colcon_installed_package_information.package_discovery:Found 5 installed packages in /home/davide-pillon/Desktop/Brain_DEII/brain/install
[0.744s] DEBUG:colcon.colcon_installed_package_information.package_discovery:Found 393 installed packages in /opt/ros/jazzy
[0.747s] Level 1:colcon.colcon_core.package_discovery:discover_packages(prefix_path) using defaults
[0.855s] WARNING:colcon.colcon_core.package_selection:Some selected packages are already built in one or more underlay workspaces:
	'utils' is in: /home/davide-pillon/Desktop/Brain_DEII/brain/install/utils
If a package in a merged underlay workspace is overridden and it installs headers, then all packages in the overlay must sort their include directories by workspace order. Failure to do so may result in build failures or undefined behavior at run time.
If the overridden package is used by another package in any underlay, then the overriding package in the overlay must be API and ABI compatible or undefined behavior at run time may occur.

If you understand the risks and want to override a package anyways, add the following to the command line:
	--allow-overriding utils

This may be promoted to an error in a future release of colcon-override-check.
[0.857s] Level 5:colcon.colcon_core.verb:set package 'smart' build argument 'cmake_args' from command line to 'None'
[0.857s] Level 5:colcon.colcon_core.verb:set package 'smart' build argument 'cmake_target' from command line to 'None'
[0.857s] Level 5:colcon.colcon_core.verb:set package 'smart' build argument 'cmake_target_skip_unavailable' from command line to 'False'
[0.858s] Level 5:colcon.colcon_core.verb:set package 'smart' build argument 'cmake_clean_cache' from command line to 'False'
[0.858s] Level 5:colcon.colcon_core.verb:set package 'smart' build argument 'cmake_clean_first' from command line to 'False'
[0.858s] Level 5:colcon.colcon_core.verb:set package 'smart' build argument 'cmake_force_configure' from command line to 'False'
[0.858s] Level 5:colcon.colcon_core.verb:set package 'smart' build argument 'ament_cmake_args' from command line to 'None'
[0.858s] Level 5:colcon.colcon_core.verb:set package 'smart' build argument 'catkin_cmake_args' from command line to 'None'
[0.858s] Level 5:colcon.colcon_core.verb:set package 'smart' build argument 'catkin_skip_building_tests' from command line to 'False'
[0.858s] DEBUG:colcon.colcon_core.verb:Building package 'smart' with the following arguments: {'ament_cmake_args': None, 'build_base': '/home/davide-pillon/Desktop/Brain_DEII/brain/build/smart', 'catkin_cmake_args': None, 'catkin_skip_building_tests': False, 'cmake_args': None, 'cmake_clean_cache': False, 'cmake_clean_first': False, 'cmake_force_configure': False, 'cmake_target': None, 'cmake_target_skip_unavailable': False, 'install_base': '/home/davide-pillon/Desktop/Brain_DEII/brain/install/smart', 'merge_install': False, 'path': '/home/davide-pillon/Desktop/Brain_DEII/brain/src/smart', 'symlink_install': False, 'test_result_base': None}
[0.858s] Level 5:colcon.colcon_core.verb:set package 'utils' build argument 'cmake_args' from command line to 'None'
[0.858s] Level 5:colcon.colcon_core.verb:set package 'utils' build argument 'cmake_target' from command line to 'None'
[0.859s] Level 5:colcon.colcon_core.verb:set package 'utils' build argument 'cmake_target_skip_unavailable' from command line to 'False'
[0.859s] Level 5:colcon.colcon_core.verb:set package 'utils' build argument 'cmake_clean_cache' from command line to 'False'
[0.859s] Level 5:colcon.colcon_core.verb:set package 'utils' build argument 'cmake_clean_first' from command line to 'False'
[0.859s] Level 5:colcon.colcon_core.verb:set package 'utils' build argument 'cmake_force_configure' from command line to 'False'
[0.859s] Level 5:colcon.colcon_core.verb:set package 'utils' build argument 'ament_cmake_args' from command line to 'None'
[0.859s] Level 5:colcon.colcon_core.verb:set package 'utils' build argument 'catkin_cmake_args' from command line to 'None'
[0.859s] Level 5:colcon.colcon_core.verb:set package 'utils' build argument 'catkin_skip_building_tests' from command line to 'False'
[0.859s] DEBUG:colcon.colcon_core.verb:Building package 'utils' with the following arguments: {'ament_cmake_args': None, 'build_base': '/home/davide-pillon/Desktop/Brain_DEII/brain/build/utils', 'catkin_cmake_args': None, 'catkin_skip_building_tests': False, 'cmake_args': None, 'cmake_clean_cache': False, 'cmake_clean_first': False, 'cmake_force_configure': False, 'cmake_target': None, 'cmake_target_skip_unavailable': False, 'install_base': '/home/davide-pillon/Desktop/Brain_DEII/brain/install/utils', 'merge_install': False, 'path': '/home/davide-pillon/Desktop/Brain_DEII/brain/src/utils', 'symlink_install': False, 'test_result_base': None}
[0.859s] Level 5:colcon.colcon_core.verb:set package 'input' build argument 'cmake_args' from command line to 'None'
[0.859s] Level 5:colcon.colcon_core.verb:set package 'input' build argument 'cmake_target' from command line to 'None'
[0.859s] Level 5:colcon.colcon_core.verb:set package 'input' build argument 'cmake_target_skip_unavailable' from command line to 'False'
[0.859s] Level 5:colcon.colcon_core.verb:set package 'input' build argument 'cmake_clean_cache' from command line to 'False'
[0.859s] Level 5:colcon.colcon_core.verb:set package 'input' build argument 'cmake_clean_first' from command line to 'False'
[0.860s] Level 5:colcon.colcon_core.verb:set package 'input' build argument 'cmake_force_configure' from command line to 'False'
[0.860s] Level 5:colcon.colcon_core.verb:set package 'input' build argument 'ament_cmake_args' from command line to 'None'
[0.860s] Level 5:colcon.colcon_core.verb:set package 'input' build argument 'catkin_cmake_args' from command line to 'None'
[0.860s] Level 5:colcon.colcon_core.verb:set package 'input' build argument 'catkin_skip_building_tests' from command line to 'False'
[0.860s] DEBUG:colcon.colcon_core.verb:Building package 'input' with the following arguments: {'ament_cmake_args': None, 'build_base': '/home/davide-pillon/Desktop/Brain_DEII/brain/build/input', 'catkin_cmake_args': None, 'catkin_skip_building_tests': False, 'cmake_args': None, 'cmake_clean_cache': False, 'cmake_clean_first': False, 'cmake_force_configure': False, 'cmake_target': None, 'cmake_target_skip_unavailable': False, 'install_base': '/home/davide-pillon/Desktop/Brain_DEII/brain/install/input', 'merge_install': False, 'path': '/home/davide-pillon/Desktop/Brain_DEII/brain/src/input', 'symlink_install': False, 'test_result_base': None}
[0.860s] Level 5:colcon.colcon_core.verb:set package 'unix_out' build argument 'cmake_args' from command line to 'None'
[0.860s] Level 5:colcon.colcon_core.verb:set package 'unix_out' build argument 'cmake_target' from command line to 'None'
[0.860s] Level 5:colcon.colcon_core.verb:set package 'unix_out' build argument 'cmake_target_skip_unavailable' from command line to 'False'
[0.860s] Level 5:colcon.colcon_core.verb:set package 'unix_out' build argument 'cmake_clean_cache' from command line to 'False'
[0.860s] Level 5:colcon.colcon_core.verb:set package 'unix_out' build argument 'cmake_clean_first' from command line to 'False'
[0.860s] Level 5:colcon.colcon_core.verb:set package 'unix_out' build argument 'cmake_force_configure' from command line to 'False'
[0.860s] Level 5:colcon.colcon_core.verb:set package 'unix_out' build argument 'ament_cmake_args' from command line to 'None'
[0.860s] Level 5:colcon.colcon_core.verb:set package 'unix_out' build argument 'catkin_cmake_args' from command line to 'None'
[0.861s] Level 5:colcon.colcon_core.verb:set package 'unix_out' build argument 'catkin_skip_building_tests' from command line to 'False'
[0.861s] DEBUG:colcon.colcon_core.verb:Building package 'unix_out' with the following arguments: {'ament_cmake_args': None, 'build_base': '/home/davide-pillon/Desktop/Brain_DEII/brain/build/unix_out', 'catkin_cmake_args': None, 'catkin_skip_building_tests': False, 'cmake_args': None, 'cmake_clean_cache': False, 'cmake_clean_first': False, 'cmake_force_configure': False, 'cmake_target': None, 'cmake_target_skip_unavailable': False, 'install_base': '/home/davide-pillon/Desktop/Brain_DEII/brain/install/unix_out', 'merge_install': False, 'path': '/home/davide-pillon/Desktop/Brain_DEII/brain/src/unix_out', 'symlink_install': False, 'test_result_base': None}
[0.861s] INFO:colcon.colcon_core.executor:Executing jobs using 'parallel' executor
[0.863s] DEBUG:colcon.colcon_parallel_executor.executor.parallel:run_until_complete
[0.864s] INFO:colcon.colcon_ros.task.ament_cmake.build:Building ROS package in '/home/davide-pillon/Desktop/Brain_DEII/brain/src/utils' with build type 'ament_cmake'
[0.865s] INFO:colcon.colcon_cmake.task.cmake.build:Building CMake package in '/home/davide-pillon/Desktop/Brain_DEII/brain/src/utils'
[0.872s] INFO:colcon.colcon_core.plugin_system:Skipping extension 'colcon_core.shell.bat': Not used on non-Windows systems
[0.872s] INFO:colcon.colcon_core.shell:Skip shell extension 'powershell' for command environment: Not usable outside of PowerShell
[0.872s] DEBUG:colcon.colcon_core.shell:Skip shell extension 'dsv' for command environment
[0.883s] INFO:colcon.colcon_ros.task.ament_python.build:Building ROS package in '/home/davide-pillon/Desktop/Brain_DEII/brain/src/smart' with build type 'ament_python'
[0.884s] Level 1:colcon.colcon_core.shell:create_environment_hook('smart', 'ament_prefix_path')
[0.885s] INFO:colcon.colcon_core.shell:Creating environment hook '/home/davide-pillon/Desktop/Brain_DEII/brain/install/smart/share/smart/hook/ament_prefix_path.ps1'
[0.888s] INFO:colcon.colcon_core.shell:Creating environment descriptor '/home/davide-pillon/Desktop/Brain_DEII/brain/install/smart/share/smart/hook/ament_prefix_path.dsv'
[0.890s] INFO:colcon.colcon_core.shell:Creating environment hook '/home/davide-pillon/Desktop/Brain_DEII/brain/install/smart/share/smart/hook/ament_prefix_path.sh'
[0.893s] INFO:colcon.colcon_core.shell:Skip shell extension 'powershell' for command environment: Not usable outside of PowerShell
[0.893s] DEBUG:colcon.colcon_core.shell:Skip shell extension 'dsv' for command environment
[0.915s] DEBUG:colcon.colcon_core.event_handler.log_command:Invoking command in '/home/davide-pillon/Desktop/Brain_DEII/brain/build/utils': CMAKE_PREFIX_PATH=${CMAKE_PREFIX_PATH}:/home/davide-pillon/Desktop/Brain_DEII/brain/install/unix_out:/home/davide-pillon/Desktop/Brain_DEII/brain/install/output:/home/davide-pillon/Desktop/Brain_DEII/brain/install/input:/home/davide-pillon/Desktop/Brain_DEII/brain/install/smart:/opt/ros/jazzy DEBUGINFOD_URLS=https://debuginfod.ubuntu.com /usr/bin/cmake --build /home/davide-pillon/Desktop/Brain_DEII/brain/build/utils -- -j8 -l8
[1.661s] INFO:colcon.colcon_core.task.python.build:Building Python package in '/home/davide-pillon/Desktop/Brain_DEII/brain/src/smart'
[1.662s] INFO:colcon.colcon_core.shell:Skip shell extension 'powershell' for command environment: Not usable outside of PowerShell
[1.662s] DEBUG:colcon.colcon_core.shell:Skip shell extension 'dsv' for command environment
[2.317s] DEBUG:colcon.colcon_core.event_handler.log_command:Invoked command in '/home/davide-pillon/Desktop/Brain_DEII/brain/build/utils' returned '2': CMAKE_PREFIX_PATH=${CMAKE_PREFIX_PATH}:/home/davide-pillon/Desktop/Brain_DEII/brain/install/unix_out:/home/davide-pillon/Desktop/Brain_DEII/brain/install/output:/home/davide-pillon/Desktop/Brain_DEII/brain/install/input:/home/davide-pillon/Desktop/Brain_DEII/brain/install/smart:/opt/ros/jazzy DEBUGINFOD_URLS=https://debuginfod.ubuntu.com /usr/bin/cmake --build /home/davide-pillon/Desktop/Brain_DEII/brain/build/utils -- -j8 -l8
[2.318s] Level 1:colcon.colcon_core.environment:create_environment_scripts_only(utils)
[2.326s] Level 1:colcon.colcon_core.environment:checking '/home/davide-pillon/Desktop/Brain_DEII/brain/install/utils' for CMake module files
[2.328s] Level 1:colcon.colcon_core.environment:checking '/home/davide-pillon/Desktop/Brain_DEII/brain/install/utils' for CMake config files
[2.328s] Level 1:colcon.colcon_core.shell:create_environment_hook('utils', 'cmake_prefix_path')
[2.329s] INFO:colcon.colcon_core.shell:Creating environment hook '/home/davide-pillon/Desktop/Brain_DEII/brain/install/utils/share/utils/hook/cmake_prefix_path.ps1'
[2.330s] INFO:colcon.colcon_core.shell:Creating environment descriptor '/home/davide-pillon/Desktop/Brain_DEII/brain/install/utils/share/utils/hook/cmake_prefix_path.dsv'
[2.331s] INFO:colcon.colcon_core.shell:Creating environment hook '/home/davide-pillon/Desktop/Brain_DEII/brain/install/utils/share/utils/hook/cmake_prefix_path.sh'
[2.332s] Level 1:colcon.colcon_core.environment:checking '/home/davide-pillon/Desktop/Brain_DEII/brain/install/utils/lib'
[2.333s] Level 1:colcon.colcon_core.shell:create_environment_hook('utils', 'ld_library_path_lib')
[2.333s] INFO:colcon.colcon_core.shell:Creating environment hook '/home/davide-pillon/Desktop/Brain_DEII/brain/install/utils/share/utils/hook/ld_library_path_lib.ps1'
[2.334s] INFO:colcon.colcon_core.shell:Creating environment descriptor '/home/davide-pillon/Desktop/Brain_DEII/brain/install/utils/share/utils/hook/ld_library_path_lib.dsv'
[2.335s] INFO:colcon.colcon_core.shell:Creating environment hook '/home/davide-pillon/Desktop/Brain_DEII/brain/install/utils/share/utils/hook/ld_library_path_lib.sh'
[2.335s] Level 1:colcon.colcon_core.environment:checking '/home/davide-pillon/Desktop/Brain_DEII/brain/install/utils/bin'
[2.336s] Level 1:colcon.colcon_core.environment:checking '/home/davide-pillon/Desktop/Brain_DEII/brain/install/utils/lib/pkgconfig/utils.pc'
[2.336s] Level 1:colcon.colcon_core.environment:checking '/home/davide-pillon/Desktop/Brain_DEII/brain/install/utils/lib/python3.12/site-packages'
[2.336s] Level 1:colcon.colcon_core.shell:create_environment_hook('utils', 'pythonpath')
[2.337s] INFO:colcon.colcon_core.shell:Creating environment hook '/home/davide-pillon/Desktop/Brain_DEII/brain/install/utils/share/utils/hook/pythonpath.ps1'
[2.337s] INFO:colcon.colcon_core.shell:Creating environment descriptor '/home/davide-pillon/Desktop/Brain_DEII/brain/install/utils/share/utils/hook/pythonpath.dsv'
[2.338s] INFO:colcon.colcon_core.shell:Creating environment hook '/home/davide-pillon/Desktop/Brain_DEII/brain/install/utils/share/utils/hook/pythonpath.sh'
[2.339s] Level 1:colcon.colcon_core.environment:checking '/home/davide-pillon/Desktop/Brain_DEII/brain/install/utils/bin'
[2.340s] INFO:colcon.colcon_core.shell:Creating package script '/home/davide-pillon/Desktop/Brain_DEII/brain/install/utils/share/utils/package.ps1'
[2.342s] INFO:colcon.colcon_core.shell:Creating package descriptor '/home/davide-pillon/Desktop/Brain_DEII/brain/install/utils/share/utils/package.dsv'
[2.344s] INFO:colcon.colcon_core.shell:Creating package script '/home/davide-pillon/Desktop/Brain_DEII/brain/install/utils/share/utils/package.sh'
[2.346s] INFO:colcon.colcon_core.shell:Creating package script '/home/davide-pillon/Desktop/Brain_DEII/brain/install/utils/share/utils/package.bash'
[2.348s] INFO:colcon.colcon_core.shell:Creating package script '/home/davide-pillon/Desktop/Brain_DEII/brain/install/utils/share/utils/package.zsh'
[2.350s] Level 1:colcon.colcon_core.environment:create_file_with_runtime_dependencies(/home/davide-pillon/Desktop/Brain_DEII/brain/install/utils/share/colcon-core/packages/utils)
[3.531s] DEBUG:colcon.colcon_parallel_executor.executor.parallel:closing loop
[3.531s] DEBUG:colcon.colcon_parallel_executor.executor.parallel:loop closed
[3.532s] DEBUG:colcon.colcon_parallel_executor.executor.parallel:run_until_complete finished with '2'
[3.532s] DEBUG:colcon.colcon_core.event_reactor:joining thread
[3.547s] INFO:colcon.colcon_core.plugin_system:Skipping extension 'colcon_notification.desktop_notification.terminal_notifier': Not used on non-Darwin systems
[3.548s] INFO:colcon.colcon_core.plugin_system:Skipping extension 'colcon_notification.desktop_notification.win32': Not used on non-Windows systems
[3.548s] INFO:colcon.colcon_notification.desktop_notification:Sending desktop notification using 'notify2'
[3.569s] DEBUG:colcon.colcon_core.event_reactor:joined thread
[3.570s] INFO:colcon.colcon_core.shell:Creating prefix script '/home/davide-pillon/Desktop/Brain_DEII/brain/install/local_setup.ps1'
[3.573s] INFO:colcon.colcon_core.shell:Creating prefix util module '/home/davide-pillon/Desktop/Brain_DEII/brain/install/_local_setup_util_ps1.py'
[3.577s] INFO:colcon.colcon_core.shell:Creating prefix chain script '/home/davide-pillon/Desktop/Brain_DEII/brain/install/setup.ps1'
[3.580s] INFO:colcon.colcon_core.shell:Creating prefix script '/home/davide-pillon/Desktop/Brain_DEII/brain/install/local_setup.sh'
[3.581s] INFO:colcon.colcon_core.shell:Creating prefix util module '/home/davide-pillon/Desktop/Brain_DEII/brain/install/_local_setup_util_sh.py'
[3.583s] INFO:colcon.colcon_core.shell:Creating prefix chain script '/home/davide-pillon/Desktop/Brain_DEII/brain/install/setup.sh'
[3.586s] INFO:colcon.colcon_core.shell:Creating prefix script '/home/davide-pillon/Desktop/Brain_DEII/brain/install/local_setup.bash'
[3.588s] INFO:colcon.colcon_core.shell:Creating prefix chain script '/home/davide-pillon/Desktop/Brain_DEII/brain/install/setup.bash'
[3.591s] INFO:colcon.colcon_core.shell:Creating prefix script '/home/davide-pillon/Desktop/Brain_DEII/brain/install/local_setup.zsh'
[3.593s] INFO:colcon.colcon_core.shell:Creating prefix chain script '/home/davide-pillon/Desktop/Brain_DEII/brain/install/setup.zsh'
