[0.000000] (-) TimerEvent: {}
[0.000579] (utils) JobQueued: {'identifier': 'utils', 'dependencies': OrderedDict()}
[0.001427] (input) JobQueued: {'identifier': 'input', 'dependencies': OrderedDict({'utils': '/uros_ws/Brain_DEI/brain/install/utils'})}
[0.002387] (output) JobQueued: {'identifier': 'output', 'dependencies': OrderedDict({'utils': '/uros_ws/Brain_DEI/brain/install/utils'})}
[0.002545] (unix_out) JobQueued: {'identifier': 'unix_out', 'dependencies': OrderedDict({'utils': '/uros_ws/Brain_DEI/brain/install/utils'})}
[0.003222] (utils) JobStarted: {'identifier': 'utils'}
[0.020981] (utils) JobProgress: {'identifier': 'utils', 'progress': 'cmake'}
[0.025657] (utils) JobProgress: {'identifier': 'utils', 'progress': 'build'}
[0.025972] (utils) Command: {'cmd': ['/usr/bin/cmake', '--build', '/uros_ws/Brain_DEI/brain/build/utils', '--', '-j6', '-l6'], 'cwd': '/uros_ws/Brain_DEI/brain/build/utils', 'env': OrderedDict({'LESSOPEN': '| /usr/bin/lesspipe %s', 'HOSTNAME': 'ubuntu', 'SHLVL': '1', 'LD_LIBRARY_PATH': '/uros_ws/Brain_DEI/brain/install/utils/lib:/uros_ws/install/micro_ros_agent/lib:/uros_ws/install/micro_ros_msgs/lib:/opt/ros/jazzy/opt/rviz_ogre_vendor/lib:/opt/ros/jazzy/lib/aarch64-linux-gnu:/opt/ros/jazzy/opt/gz_math_vendor/lib:/opt/ros/jazzy/opt/gz_utils_vendor/lib:/opt/ros/jazzy/opt/gz_cmake_vendor/lib:/opt/ros/jazzy/lib', 'HOME': '/root', 'OLDPWD': '/uros_ws/Brain_DEI/brain/src/input', 'MICROROS_DISABLE_SHM': '1', 'ROS_PYTHON_VERSION': '3', 'COLCON_PREFIX_PATH': '/uros_ws/Brain_DEI/brain/install:/uros_ws/install', 'ROS_DISTRO': 'jazzy', 'IGN_GAZEBO_MODEL_PATH': '/opt/ros/jazzy/share', '_': '/usr/bin/colcon', 'ROS_VERSION': '2', 'TERM': 'xterm', 'GAZEBO_MODEL_PATH': '/opt/ros/jazzy/share', 'PATH': '/opt/ros/jazzy/bin:/usr/local/sbin:/usr/local/bin:/usr/sbin:/usr/bin:/sbin:/bin', 'DISPLAY': ':0', 'LANG': 'C.UTF-8', 'RMW_IMPLEMENTATION': 'rmw_fastrtps_cpp', 'LS_COLORS': 'rs=0:di=01;34:ln=01;36:mh=00:pi=40;33:so=01;35:do=01;35:bd=40;33;01:cd=40;33;01:or=40;31;01:mi=00:su=37;41:sg=30;43:ca=00:tw=30;42:ow=34;42:st=37;44:ex=01;32:*.tar=01;31:*.tgz=01;31:*.arc=01;31:*.arj=01;31:*.taz=01;31:*.lha=01;31:*.lz4=01;31:*.lzh=01;31:*.lzma=01;31:*.tlz=01;31:*.txz=01;31:*.tzo=01;31:*.t7z=01;31:*.zip=01;31:*.z=01;31:*.dz=01;31:*.gz=01;31:*.lrz=01;31:*.lz=01;31:*.lzo=01;31:*.xz=01;31:*.zst=01;31:*.tzst=01;31:*.bz2=01;31:*.bz=01;31:*.tbz=01;31:*.tbz2=01;31:*.tz=01;31:*.deb=01;31:*.rpm=01;31:*.jar=01;31:*.war=01;31:*.ear=01;31:*.sar=01;31:*.rar=01;31:*.alz=01;31:*.ace=01;31:*.zoo=01;31:*.cpio=01;31:*.7z=01;31:*.rz=01;31:*.cab=01;31:*.wim=01;31:*.swm=01;31:*.dwm=01;31:*.esd=01;31:*.avif=01;35:*.jpg=01;35:*.jpeg=01;35:*.mjpg=01;35:*.mjpeg=01;35:*.gif=01;35:*.bmp=01;35:*.pbm=01;35:*.pgm=01;35:*.ppm=01;35:*.tga=01;35:*.xbm=01;35:*.xpm=01;35:*.tif=01;35:*.tiff=01;35:*.png=01;35:*.svg=01;35:*.svgz=01;35:*.mng=01;35:*.pcx=01;35:*.mov=01;35:*.mpg=01;35:*.mpeg=01;35:*.m2v=01;35:*.mkv=01;35:*.webm=01;35:*.webp=01;35:*.ogm=01;35:*.mp4=01;35:*.m4v=01;35:*.mp4v=01;35:*.vob=01;35:*.qt=01;35:*.nuv=01;35:*.wmv=01;35:*.asf=01;35:*.rm=01;35:*.rmvb=01;35:*.flc=01;35:*.avi=01;35:*.fli=01;35:*.flv=01;35:*.gl=01;35:*.dl=01;35:*.xcf=01;35:*.xwd=01;35:*.yuv=01;35:*.cgm=01;35:*.emf=01;35:*.ogv=01;35:*.ogx=01;35:*.aac=00;36:*.au=00;36:*.flac=00;36:*.m4a=00;36:*.mid=00;36:*.midi=00;36:*.mka=00;36:*.mp3=00;36:*.mpc=00;36:*.ogg=00;36:*.ra=00;36:*.wav=00;36:*.oga=00;36:*.opus=00;36:*.spx=00;36:*.xspf=00;36:*~=00;90:*#=00;90:*.bak=00;90:*.crdownload=00;90:*.dpkg-dist=00;90:*.dpkg-new=00;90:*.dpkg-old=00;90:*.dpkg-tmp=00;90:*.old=00;90:*.orig=00;90:*.part=00;90:*.rej=00;90:*.rpmnew=00;90:*.rpmorig=00;90:*.rpmsave=00;90:*.swp=00;90:*.tmp=00;90:*.ucf-dist=00;90:*.ucf-new=00;90:*.ucf-old=00;90:', 'AMENT_PREFIX_PATH': '/uros_ws/Brain_DEI/brain/install/unix_out:/uros_ws/Brain_DEI/brain/install/output:/uros_ws/Brain_DEI/brain/install/input:/uros_ws/Brain_DEI/brain/install/utils:/uros_ws/install/micro_ros_agent:/uros_ws/install/micro_ros_msgs:/opt/ros/jazzy', 'LESSCLOSE': '/usr/bin/lesspipe %s %s', 'IGN_GAZEBO_RESOURCE_PATH': '/opt/ros/jazzy/share', 'GAZEBO_RESOURCE_PATH': '/opt/ros/jazzy/share', 'ROS_AUTOMATIC_DISCOVERY_RANGE': 'SUBNET', 'PWD': '/uros_ws/Brain_DEI/brain/build/utils', 'LC_ALL': 'C.UTF-8', 'PYTHONPATH': '/uros_ws/Brain_DEI/brain/install/unix_out/lib/python3.12/site-packages:/uros_ws/Brain_DEI/brain/install/output/lib/python3.12/site-packages:/uros_ws/Brain_DEI/brain/install/input/lib/python3.12/site-packages:/uros_ws/Brain_DEI/brain/install/utils/lib/python3.12/site-packages:/uros_ws/install/micro_ros_msgs/lib/python3.12/site-packages:/opt/ros/jazzy/lib/python3.12/site-packages', 'COLCON': '1', 'CMAKE_PREFIX_PATH': '/uros_ws/Brain_DEI/brain/install/utils:/uros_ws/install/micro_ros_agent:/uros_ws/install/micro_ros_msgs:/opt/ros/jazzy/opt/gz_math_vendor:/opt/ros/jazzy/opt/gz_utils_vendor:/opt/ros/jazzy/opt/gz_cmake_vendor:/uros_ws/Brain_DEI/brain/install/unix_out:/uros_ws/Brain_DEI/brain/install/output:/uros_ws/Brain_DEI/brain/install/input:/opt/ros/jazzy'}), 'shell': False}
[0.099514] (-) TimerEvent: {}
[0.137965] (utils) StdoutLine: {'line': b'[  1%] Built target utils__rosidl_generator_type_description\n'}
[0.168256] (utils) StdoutLine: {'line': b'[  1%] Built target ament_cmake_python_copy_utils\n'}
[0.182744] (utils) StdoutLine: {'line': b'[  1%] Built target utils__cpp\n'}
[0.196597] (utils) StdoutLine: {'line': b'[ 27%] Built target utils__rosidl_generator_c\n'}
[0.199615] (-) TimerEvent: {}
[0.261749] (utils) StdoutLine: {'line': b'[ 42%] Built target utils__rosidl_typesupport_introspection_c\n'}
[0.262224] (utils) StdoutLine: {'line': b'[ 45%] Built target utils__rosidl_typesupport_cpp\n'}
[0.266068] (utils) StdoutLine: {'line': b'[ 55%] Built target utils__rosidl_typesupport_introspection_cpp\n'}
[0.271075] (utils) StdoutLine: {'line': b'[ 65%] Built target utils__rosidl_typesupport_fastrtps_c\n'}
[0.282954] (utils) StdoutLine: {'line': b'[ 75%] Built target utils__rosidl_typesupport_fastrtps_cpp\n'}
[0.299763] (-) TimerEvent: {}
[0.309177] (utils) StdoutLine: {'line': b'[ 85%] Built target utils__rosidl_typesupport_c\n'}
[0.358862] (utils) StdoutLine: {'line': b'[ 85%] Built target utils\n'}
[0.399632] (utils) StdoutLine: {'line': b'[ 86%] Built target utils__py\n'}
[0.400075] (-) TimerEvent: {}
[0.458896] (utils) StdoutLine: {'line': b'[ 95%] Built target utils__rosidl_generator_py\n'}
[0.500286] (-) TimerEvent: {}
[0.505349] (utils) StdoutLine: {'line': b'[ 99%] Built target utils_s__rosidl_typesupport_fastrtps_c\n'}
[0.505792] (utils) StdoutLine: {'line': b'[ 99%] Built target utils_s__rosidl_typesupport_c\n'}
[0.505975] (utils) StdoutLine: {'line': b'[100%] Built target utils_s__rosidl_typesupport_introspection_c\n'}
[0.600478] (-) TimerEvent: {}
[0.608592] (utils) StdoutLine: {'line': b'running egg_info\n'}
[0.647044] (utils) StdoutLine: {'line': b'writing utils.egg-info/PKG-INFO\n'}
[0.647695] (utils) StdoutLine: {'line': b'writing dependency_links to utils.egg-info/dependency_links.txt\n'}
[0.648143] (utils) StdoutLine: {'line': b'writing top-level names to utils.egg-info/top_level.txt\n'}
[0.700628] (-) TimerEvent: {}
[0.752724] (utils) StdoutLine: {'line': b"reading manifest file 'utils.egg-info/SOURCES.txt'\n"}
[0.754194] (utils) StdoutLine: {'line': b"writing manifest file 'utils.egg-info/SOURCES.txt'\n"}
[0.800792] (-) TimerEvent: {}
[0.830690] (utils) StdoutLine: {'line': b'[100%] Built target ament_cmake_python_build_utils_egg\n'}
[0.863561] (utils) CommandEnded: {'returncode': 0}
[0.864917] (utils) JobProgress: {'identifier': 'utils', 'progress': 'install'}
[0.884366] (utils) Command: {'cmd': ['/usr/bin/cmake', '--install', '/uros_ws/Brain_DEI/brain/build/utils'], 'cwd': '/uros_ws/Brain_DEI/brain/build/utils', 'env': OrderedDict({'LESSOPEN': '| /usr/bin/lesspipe %s', 'HOSTNAME': 'ubuntu', 'SHLVL': '1', 'LD_LIBRARY_PATH': '/uros_ws/Brain_DEI/brain/install/utils/lib:/uros_ws/install/micro_ros_agent/lib:/uros_ws/install/micro_ros_msgs/lib:/opt/ros/jazzy/opt/rviz_ogre_vendor/lib:/opt/ros/jazzy/lib/aarch64-linux-gnu:/opt/ros/jazzy/opt/gz_math_vendor/lib:/opt/ros/jazzy/opt/gz_utils_vendor/lib:/opt/ros/jazzy/opt/gz_cmake_vendor/lib:/opt/ros/jazzy/lib', 'HOME': '/root', 'OLDPWD': '/uros_ws/Brain_DEI/brain/src/input', 'MICROROS_DISABLE_SHM': '1', 'ROS_PYTHON_VERSION': '3', 'COLCON_PREFIX_PATH': '/uros_ws/Brain_DEI/brain/install:/uros_ws/install', 'ROS_DISTRO': 'jazzy', 'IGN_GAZEBO_MODEL_PATH': '/opt/ros/jazzy/share', '_': '/usr/bin/colcon', 'ROS_VERSION': '2', 'TERM': 'xterm', 'GAZEBO_MODEL_PATH': '/opt/ros/jazzy/share', 'PATH': '/opt/ros/jazzy/bin:/usr/local/sbin:/usr/local/bin:/usr/sbin:/usr/bin:/sbin:/bin', 'DISPLAY': ':0', 'LANG': 'C.UTF-8', 'RMW_IMPLEMENTATION': 'rmw_fastrtps_cpp', 'LS_COLORS': 'rs=0:di=01;34:ln=01;36:mh=00:pi=40;33:so=01;35:do=01;35:bd=40;33;01:cd=40;33;01:or=40;31;01:mi=00:su=37;41:sg=30;43:ca=00:tw=30;42:ow=34;42:st=37;44:ex=01;32:*.tar=01;31:*.tgz=01;31:*.arc=01;31:*.arj=01;31:*.taz=01;31:*.lha=01;31:*.lz4=01;31:*.lzh=01;31:*.lzma=01;31:*.tlz=01;31:*.txz=01;31:*.tzo=01;31:*.t7z=01;31:*.zip=01;31:*.z=01;31:*.dz=01;31:*.gz=01;31:*.lrz=01;31:*.lz=01;31:*.lzo=01;31:*.xz=01;31:*.zst=01;31:*.tzst=01;31:*.bz2=01;31:*.bz=01;31:*.tbz=01;31:*.tbz2=01;31:*.tz=01;31:*.deb=01;31:*.rpm=01;31:*.jar=01;31:*.war=01;31:*.ear=01;31:*.sar=01;31:*.rar=01;31:*.alz=01;31:*.ace=01;31:*.zoo=01;31:*.cpio=01;31:*.7z=01;31:*.rz=01;31:*.cab=01;31:*.wim=01;31:*.swm=01;31:*.dwm=01;31:*.esd=01;31:*.avif=01;35:*.jpg=01;35:*.jpeg=01;35:*.mjpg=01;35:*.mjpeg=01;35:*.gif=01;35:*.bmp=01;35:*.pbm=01;35:*.pgm=01;35:*.ppm=01;35:*.tga=01;35:*.xbm=01;35:*.xpm=01;35:*.tif=01;35:*.tiff=01;35:*.png=01;35:*.svg=01;35:*.svgz=01;35:*.mng=01;35:*.pcx=01;35:*.mov=01;35:*.mpg=01;35:*.mpeg=01;35:*.m2v=01;35:*.mkv=01;35:*.webm=01;35:*.webp=01;35:*.ogm=01;35:*.mp4=01;35:*.m4v=01;35:*.mp4v=01;35:*.vob=01;35:*.qt=01;35:*.nuv=01;35:*.wmv=01;35:*.asf=01;35:*.rm=01;35:*.rmvb=01;35:*.flc=01;35:*.avi=01;35:*.fli=01;35:*.flv=01;35:*.gl=01;35:*.dl=01;35:*.xcf=01;35:*.xwd=01;35:*.yuv=01;35:*.cgm=01;35:*.emf=01;35:*.ogv=01;35:*.ogx=01;35:*.aac=00;36:*.au=00;36:*.flac=00;36:*.m4a=00;36:*.mid=00;36:*.midi=00;36:*.mka=00;36:*.mp3=00;36:*.mpc=00;36:*.ogg=00;36:*.ra=00;36:*.wav=00;36:*.oga=00;36:*.opus=00;36:*.spx=00;36:*.xspf=00;36:*~=00;90:*#=00;90:*.bak=00;90:*.crdownload=00;90:*.dpkg-dist=00;90:*.dpkg-new=00;90:*.dpkg-old=00;90:*.dpkg-tmp=00;90:*.old=00;90:*.orig=00;90:*.part=00;90:*.rej=00;90:*.rpmnew=00;90:*.rpmorig=00;90:*.rpmsave=00;90:*.swp=00;90:*.tmp=00;90:*.ucf-dist=00;90:*.ucf-new=00;90:*.ucf-old=00;90:', 'AMENT_PREFIX_PATH': '/uros_ws/Brain_DEI/brain/install/unix_out:/uros_ws/Brain_DEI/brain/install/output:/uros_ws/Brain_DEI/brain/install/input:/uros_ws/Brain_DEI/brain/install/utils:/uros_ws/install/micro_ros_agent:/uros_ws/install/micro_ros_msgs:/opt/ros/jazzy', 'LESSCLOSE': '/usr/bin/lesspipe %s %s', 'IGN_GAZEBO_RESOURCE_PATH': '/opt/ros/jazzy/share', 'GAZEBO_RESOURCE_PATH': '/opt/ros/jazzy/share', 'ROS_AUTOMATIC_DISCOVERY_RANGE': 'SUBNET', 'PWD': '/uros_ws/Brain_DEI/brain/build/utils', 'LC_ALL': 'C.UTF-8', 'PYTHONPATH': '/uros_ws/Brain_DEI/brain/install/unix_out/lib/python3.12/site-packages:/uros_ws/Brain_DEI/brain/install/output/lib/python3.12/site-packages:/uros_ws/Brain_DEI/brain/install/input/lib/python3.12/site-packages:/uros_ws/Brain_DEI/brain/install/utils/lib/python3.12/site-packages:/uros_ws/install/micro_ros_msgs/lib/python3.12/site-packages:/opt/ros/jazzy/lib/python3.12/site-packages', 'COLCON': '1', 'CMAKE_PREFIX_PATH': '/uros_ws/Brain_DEI/brain/install/utils:/uros_ws/install/micro_ros_agent:/uros_ws/install/micro_ros_msgs:/opt/ros/jazzy/opt/gz_math_vendor:/opt/ros/jazzy/opt/gz_utils_vendor:/opt/ros/jazzy/opt/gz_cmake_vendor:/uros_ws/Brain_DEI/brain/install/unix_out:/uros_ws/Brain_DEI/brain/install/output:/uros_ws/Brain_DEI/brain/install/input:/opt/ros/jazzy'}), 'shell': False}
[0.900950] (-) TimerEvent: {}
[0.904264] (utils) StdoutLine: {'line': b'-- Install configuration: ""\n'}
[0.904841] (utils) StdoutLine: {'line': b'-- Up-to-date: /uros_ws/Brain_DEI/brain/install/utils/share/ament_index/resource_index/rosidl_interfaces/utils\n'}
[0.905184] (utils) StdoutLine: {'line': b'-- Up-to-date: /uros_ws/Brain_DEI/brain/install/utils/share/utils/msg/IMU.json\n'}
[0.905538] (utils) StdoutLine: {'line': b'-- Up-to-date: /uros_ws/Brain_DEI/brain/install/utils/share/utils/msg/Localisation.json\n'}
[0.905853] (utils) StdoutLine: {'line': b'-- Up-to-date: /uros_ws/Brain_DEI/brain/install/utils/share/utils/msg/Vehicles.json\n'}
[0.906145] (utils) StdoutLine: {'line': b'-- Up-to-date: /uros_ws/Brain_DEI/brain/install/utils/share/utils/msg/Environmental.json\n'}
[0.906317] (utils) StdoutLine: {'line': b'-- Up-to-date: /uros_ws/Brain_DEI/brain/install/utils/share/utils/msg/Log.json\n'}
[0.906481] (utils) StdoutLine: {'line': b'-- Up-to-date: /uros_ws/Brain_DEI/brain/install/utils/share/utils/msg/TopicInfo.json\n'}
[0.906640] (utils) StdoutLine: {'line': b'-- Up-to-date: /uros_ws/Brain_DEI/brain/install/utils/share/utils/msg/Semaphore.json\n'}
[0.906838] (utils) StdoutLine: {'line': b'-- Up-to-date: /uros_ws/Brain_DEI/brain/install/utils/share/utils/msg/Conditions.json\n'}
[0.906995] (utils) StdoutLine: {'line': b'-- Up-to-date: /uros_ws/Brain_DEI/brain/install/utils/share/utils/msg/Trafficsignprediction.json\n'}
[0.907219] (utils) StdoutLine: {'line': b'-- Up-to-date: /uros_ws/Brain_DEI/brain/install/utils/share/utils/srv/Subscribing.json\n'}
[0.907387] (utils) StdoutLine: {'line': b'-- Up-to-date: /uros_ws/Brain_DEI/brain/install/utils/share/utils/srv/RequestParam.json\n'}
[0.907610] (utils) StdoutLine: {'line': b'-- Up-to-date: /uros_ws/Brain_DEI/brain/install/utils/include/utils/utils\n'}
[0.907821] (utils) StdoutLine: {'line': b'-- Up-to-date: /uros_ws/Brain_DEI/brain/install/utils/include/utils/utils/msg\n'}
[0.907979] (utils) StdoutLine: {'line': b'-- Up-to-date: /uros_ws/Brain_DEI/brain/install/utils/include/utils/utils/msg/detail\n'}
[0.908286] (utils) StdoutLine: {'line': b'-- Up-to-date: /uros_ws/Brain_DEI/brain/install/utils/include/utils/utils/msg/detail/log__type_support.h\n'}
[0.908517] (utils) StdoutLine: {'line': b'-- Up-to-date: /uros_ws/Brain_DEI/brain/install/utils/include/utils/utils/msg/detail/topic_info__type_support.h\n'}
[0.908670] (utils) StdoutLine: {'line': b'-- Installing: /uros_ws/Brain_DEI/brain/install/utils/include/utils/utils/msg/detail/topic_info__type_support.c\n'}
[0.908882] (utils) StdoutLine: {'line': b'-- Installing: /uros_ws/Brain_DEI/brain/install/utils/include/utils/utils/msg/detail/trafficsignprediction__type_support.c\n'}
[0.909038] (utils) StdoutLine: {'line': b'-- Installing: /uros_ws/Brain_DEI/brain/install/utils/include/utils/utils/msg/detail/log__type_support.c\n'}
[0.909200] (utils) StdoutLine: {'line': b'-- Up-to-date: /uros_ws/Brain_DEI/brain/install/utils/include/utils/utils/msg/detail/trafficsignprediction__functions.h\n'}
[0.909465] (utils) StdoutLine: {'line': b'-- Up-to-date: /uros_ws/Brain_DEI/brain/install/utils/include/utils/utils/msg/detail/vehicles__functions.c\n'}
[0.909619] (utils) StdoutLine: {'line': b'-- Installing: /uros_ws/Brain_DEI/brain/install/utils/include/utils/utils/msg/detail/localisation__type_support.c\n'}
[0.909800] (utils) StdoutLine: {'line': b'-- Up-to-date: /uros_ws/Brain_DEI/brain/install/utils/include/utils/utils/msg/detail/trafficsignprediction__description.c\n'}
[0.910075] (utils) StdoutLine: {'line': b'-- Up-to-date: /uros_ws/Brain_DEI/brain/install/utils/include/utils/utils/msg/detail/vehicles__struct.h\n'}
[0.910349] (utils) StdoutLine: {'line': b'-- Up-to-date: /uros_ws/Brain_DEI/brain/install/utils/include/utils/utils/msg/detail/trafficsignprediction__struct.h\n'}
[0.910632] (utils) StdoutLine: {'line': b'-- Up-to-date: /uros_ws/Brain_DEI/brain/install/utils/include/utils/utils/msg/detail/semaphore__functions.h\n'}
[0.910886] (utils) StdoutLine: {'line': b'-- Up-to-date: /uros_ws/Brain_DEI/brain/install/utils/include/utils/utils/msg/detail/topic_info__description.c\n'}
[0.911188] (utils) StdoutLine: {'line': b'-- Installing: /uros_ws/Brain_DEI/brain/install/utils/include/utils/utils/msg/detail/imu__type_support.c\n'}
[0.911417] (utils) StdoutLine: {'line': b'-- Installing: /uros_ws/Brain_DEI/brain/install/utils/include/utils/utils/msg/detail/conditions__type_support.c\n'}
[0.911598] (utils) StdoutLine: {'line': b'-- Up-to-date: /uros_ws/Brain_DEI/brain/install/utils/include/utils/utils/msg/detail/imu__description.c\n'}
[0.911807] (utils) StdoutLine: {'line': b'-- Up-to-date: /uros_ws/Brain_DEI/brain/install/utils/include/utils/utils/msg/detail/localisation__functions.c\n'}
[0.911955] (utils) StdoutLine: {'line': b'-- Up-to-date: /uros_ws/Brain_DEI/brain/install/utils/include/utils/utils/msg/detail/topic_info__struct.h\n'}
[0.912161] (utils) StdoutLine: {'line': b'-- Up-to-date: /uros_ws/Brain_DEI/brain/install/utils/include/utils/utils/msg/detail/trafficsignprediction__functions.c\n'}
[0.912467] (utils) StdoutLine: {'line': b'-- Installing: /uros_ws/Brain_DEI/brain/install/utils/include/utils/utils/msg/detail/vehicles__type_support.c\n'}
[0.912755] (utils) StdoutLine: {'line': b'-- Up-to-date: /uros_ws/Brain_DEI/brain/install/utils/include/utils/utils/msg/detail/semaphore__type_support.h\n'}
[0.913050] (utils) StdoutLine: {'line': b'-- Up-to-date: /uros_ws/Brain_DEI/brain/install/utils/include/utils/utils/msg/detail/log__description.c\n'}
[0.913203] (utils) StdoutLine: {'line': b'-- Up-to-date: /uros_ws/Brain_DEI/brain/install/utils/include/utils/utils/msg/detail/log__struct.h\n'}
[0.913350] (utils) StdoutLine: {'line': b'-- Up-to-date: /uros_ws/Brain_DEI/brain/install/utils/include/utils/utils/msg/detail/localisation__functions.h\n'}
[0.913667] (utils) StdoutLine: {'line': b'-- Up-to-date: /uros_ws/Brain_DEI/brain/install/utils/include/utils/utils/msg/detail/environmental__functions.c\n'}
[0.913925] (utils) StdoutLine: {'line': b'-- Up-to-date: /uros_ws/Brain_DEI/brain/install/utils/include/utils/utils/msg/detail/vehicles__type_support.h\n'}
[0.914075] (utils) StdoutLine: {'line': b'-- Up-to-date: /uros_ws/Brain_DEI/brain/install/utils/include/utils/utils/msg/detail/topic_info__functions.h\n'}
[0.914374] (utils) StdoutLine: {'line': b'-- Up-to-date: /uros_ws/Brain_DEI/brain/install/utils/include/utils/utils/msg/detail/semaphore__functions.c\n'}
[0.914538] (utils) StdoutLine: {'line': b'-- Up-to-date: /uros_ws/Brain_DEI/brain/install/utils/include/utils/utils/msg/detail/imu__functions.h\n'}
[0.914687] (utils) StdoutLine: {'line': b'-- Up-to-date: /uros_ws/Brain_DEI/brain/install/utils/include/utils/utils/msg/detail/localisation__struct.h\n'}
[0.914917] (utils) StdoutLine: {'line': b'-- Up-to-date: /uros_ws/Brain_DEI/brain/install/utils/include/utils/utils/msg/detail/topic_info__functions.c\n'}
[0.915101] (utils) StdoutLine: {'line': b'-- Up-to-date: /uros_ws/Brain_DEI/brain/install/utils/include/utils/utils/msg/detail/conditions__struct.h\n'}
[0.915309] (utils) StdoutLine: {'line': b'-- Up-to-date: /uros_ws/Brain_DEI/brain/install/utils/include/utils/utils/msg/detail/localisation__type_support.h\n'}
[0.915527] (utils) StdoutLine: {'line': b'-- Up-to-date: /uros_ws/Brain_DEI/brain/install/utils/include/utils/utils/msg/detail/conditions__functions.c\n'}
[0.915765] (utils) StdoutLine: {'line': b'-- Up-to-date: /uros_ws/Brain_DEI/brain/install/utils/include/utils/utils/msg/detail/vehicles__functions.h\n'}
[0.916022] (utils) StdoutLine: {'line': b'-- Up-to-date: /uros_ws/Brain_DEI/brain/install/utils/include/utils/utils/msg/detail/localisation__description.c\n'}
[0.916271] (utils) StdoutLine: {'line': b'-- Up-to-date: /uros_ws/Brain_DEI/brain/install/utils/include/utils/utils/msg/detail/trafficsignprediction__type_support.h\n'}
[0.916506] (utils) StdoutLine: {'line': b'-- Up-to-date: /uros_ws/Brain_DEI/brain/install/utils/include/utils/utils/msg/detail/imu__functions.c\n'}
[0.916671] (utils) StdoutLine: {'line': b'-- Up-to-date: /uros_ws/Brain_DEI/brain/install/utils/include/utils/utils/msg/detail/conditions__type_support.h\n'}
[0.916856] (utils) StdoutLine: {'line': b'-- Up-to-date: /uros_ws/Brain_DEI/brain/install/utils/include/utils/utils/msg/detail/imu__struct.h\n'}
[0.917004] (utils) StdoutLine: {'line': b'-- Up-to-date: /uros_ws/Brain_DEI/brain/install/utils/include/utils/utils/msg/detail/log__functions.h\n'}
[0.917208] (utils) StdoutLine: {'line': b'-- Up-to-date: /uros_ws/Brain_DEI/brain/install/utils/include/utils/utils/msg/detail/conditions__description.c\n'}
[0.917413] (utils) StdoutLine: {'line': b'-- Up-to-date: /uros_ws/Brain_DEI/brain/install/utils/include/utils/utils/msg/detail/semaphore__description.c\n'}
[0.917560] (utils) StdoutLine: {'line': b'-- Up-to-date: /uros_ws/Brain_DEI/brain/install/utils/include/utils/utils/msg/detail/conditions__functions.h\n'}
[0.917705] (utils) StdoutLine: {'line': b'-- Up-to-date: /uros_ws/Brain_DEI/brain/install/utils/include/utils/utils/msg/detail/imu__type_support.h\n'}
[0.917890] (utils) StdoutLine: {'line': b'-- Up-to-date: /uros_ws/Brain_DEI/brain/install/utils/include/utils/utils/msg/detail/vehicles__description.c\n'}
[0.918038] (utils) StdoutLine: {'line': b'-- Up-to-date: /uros_ws/Brain_DEI/brain/install/utils/include/utils/utils/msg/detail/semaphore__struct.h\n'}
[0.918188] (utils) StdoutLine: {'line': b'-- Installing: /uros_ws/Brain_DEI/brain/install/utils/include/utils/utils/msg/detail/environmental__type_support.c\n'}
[0.918404] (utils) StdoutLine: {'line': b'-- Installing: /uros_ws/Brain_DEI/brain/install/utils/include/utils/utils/msg/detail/semaphore__type_support.c\n'}
[0.918548] (utils) StdoutLine: {'line': b'-- Up-to-date: /uros_ws/Brain_DEI/brain/install/utils/include/utils/utils/msg/detail/environmental__struct.h\n'}
[0.918736] (utils) StdoutLine: {'line': b'-- Up-to-date: /uros_ws/Brain_DEI/brain/install/utils/include/utils/utils/msg/detail/environmental__type_support.h\n'}
[0.918881] (utils) StdoutLine: {'line': b'-- Up-to-date: /uros_ws/Brain_DEI/brain/install/utils/include/utils/utils/msg/detail/environmental__description.c\n'}
[0.919132] (utils) StdoutLine: {'line': b'-- Up-to-date: /uros_ws/Brain_DEI/brain/install/utils/include/utils/utils/msg/detail/environmental__functions.h\n'}
[0.919346] (utils) StdoutLine: {'line': b'-- Up-to-date: /uros_ws/Brain_DEI/brain/install/utils/include/utils/utils/msg/detail/log__functions.c\n'}
[0.919493] (utils) StdoutLine: {'line': b'-- Up-to-date: /uros_ws/Brain_DEI/brain/install/utils/include/utils/utils/msg/environmental.h\n'}
[0.919632] (utils) StdoutLine: {'line': b'-- Up-to-date: /uros_ws/Brain_DEI/brain/install/utils/include/utils/utils/msg/vehicles.h\n'}
[0.919774] (utils) StdoutLine: {'line': b'-- Up-to-date: /uros_ws/Brain_DEI/brain/install/utils/include/utils/utils/msg/imu.h\n'}
[0.919964] (utils) StdoutLine: {'line': b'-- Up-to-date: /uros_ws/Brain_DEI/brain/install/utils/include/utils/utils/msg/topic_info.h\n'}
[0.920106] (utils) StdoutLine: {'line': b'-- Up-to-date: /uros_ws/Brain_DEI/brain/install/utils/include/utils/utils/msg/log.h\n'}
[0.920319] (utils) StdoutLine: {'line': b'-- Up-to-date: /uros_ws/Brain_DEI/brain/install/utils/include/utils/utils/msg/trafficsignprediction.h\n'}
[0.920461] (utils) StdoutLine: {'line': b'-- Up-to-date: /uros_ws/Brain_DEI/brain/install/utils/include/utils/utils/msg/rosidl_generator_c__visibility_control.h\n'}
[0.920689] (utils) StdoutLine: {'line': b'-- Up-to-date: /uros_ws/Brain_DEI/brain/install/utils/include/utils/utils/msg/conditions.h\n'}
[0.920902] (utils) StdoutLine: {'line': b'-- Up-to-date: /uros_ws/Brain_DEI/brain/install/utils/include/utils/utils/msg/localisation.h\n'}
[0.921042] (utils) StdoutLine: {'line': b'-- Up-to-date: /uros_ws/Brain_DEI/brain/install/utils/include/utils/utils/msg/semaphore.h\n'}
[0.921235] (utils) StdoutLine: {'line': b'-- Up-to-date: /uros_ws/Brain_DEI/brain/install/utils/include/utils/utils/srv\n'}
[0.921377] (utils) StdoutLine: {'line': b'-- Up-to-date: /uros_ws/Brain_DEI/brain/install/utils/include/utils/utils/srv/detail\n'}
[0.921602] (utils) StdoutLine: {'line': b'-- Installing: /uros_ws/Brain_DEI/brain/install/utils/include/utils/utils/srv/detail/request_param__type_support.c\n'}
[0.921868] (utils) StdoutLine: {'line': b'-- Up-to-date: /uros_ws/Brain_DEI/brain/install/utils/include/utils/utils/srv/detail/request_param__description.c\n'}
[0.922013] (utils) StdoutLine: {'line': b'-- Up-to-date: /uros_ws/Brain_DEI/brain/install/utils/include/utils/utils/srv/detail/request_param__functions.c\n'}
[0.922152] (utils) StdoutLine: {'line': b'-- Up-to-date: /uros_ws/Brain_DEI/brain/install/utils/include/utils/utils/srv/detail/request_param__struct.h\n'}
[0.922307] (utils) StdoutLine: {'line': b'-- Up-to-date: /uros_ws/Brain_DEI/brain/install/utils/include/utils/utils/srv/detail/subscribing__type_support.h\n'}
[0.922445] (utils) StdoutLine: {'line': b'-- Up-to-date: /uros_ws/Brain_DEI/brain/install/utils/include/utils/utils/srv/detail/subscribing__functions.h\n'}
[0.922681] (utils) StdoutLine: {'line': b'-- Up-to-date: /uros_ws/Brain_DEI/brain/install/utils/include/utils/utils/srv/detail/subscribing__description.c\n'}
[0.922880] (utils) StdoutLine: {'line': b'-- Up-to-date: /uros_ws/Brain_DEI/brain/install/utils/include/utils/utils/srv/detail/request_param__type_support.h\n'}
[0.923034] (utils) StdoutLine: {'line': b'-- Installing: /uros_ws/Brain_DEI/brain/install/utils/include/utils/utils/srv/detail/subscribing__type_support.c\n'}
[0.923195] (utils) StdoutLine: {'line': b'-- Up-to-date: /uros_ws/Brain_DEI/brain/install/utils/include/utils/utils/srv/detail/subscribing__struct.h\n'}
[0.923395] (utils) StdoutLine: {'line': b'-- Up-to-date: /uros_ws/Brain_DEI/brain/install/utils/include/utils/utils/srv/detail/request_param__functions.h\n'}
[0.923537] (utils) StdoutLine: {'line': b'-- Up-to-date: /uros_ws/Brain_DEI/brain/install/utils/include/utils/utils/srv/detail/subscribing__functions.c\n'}
[0.923675] (utils) StdoutLine: {'line': b'-- Up-to-date: /uros_ws/Brain_DEI/brain/install/utils/include/utils/utils/srv/request_param.h\n'}
[0.923851] (utils) StdoutLine: {'line': b'-- Up-to-date: /uros_ws/Brain_DEI/brain/install/utils/include/utils/utils/srv/subscribing.h\n'}
[0.923992] (utils) StdoutLine: {'line': b'-- Up-to-date: /uros_ws/Brain_DEI/brain/install/utils/share/utils/environment/library_path.dsv\n'}
[0.924178] (utils) StdoutLine: {'line': b'-- Up-to-date: /uros_ws/Brain_DEI/brain/install/utils/lib/libutils__rosidl_generator_c.so\n'}
[0.924387] (utils) StdoutLine: {'line': b'-- Up-to-date: /uros_ws/Brain_DEI/brain/install/utils/include/utils/utils\n'}
[0.924645] (utils) StdoutLine: {'line': b'-- Up-to-date: /uros_ws/Brain_DEI/brain/install/utils/include/utils/utils/msg\n'}
[0.924861] (utils) StdoutLine: {'line': b'-- Up-to-date: /uros_ws/Brain_DEI/brain/install/utils/include/utils/utils/msg/rosidl_typesupport_fastrtps_c__visibility_control.h\n'}
[0.925217] (utils) StdoutLine: {'line': b'-- Up-to-date: /uros_ws/Brain_DEI/brain/install/utils/include/utils/utils/msg/detail\n'}
[0.925461] (utils) StdoutLine: {'line': b'-- Up-to-date: /uros_ws/Brain_DEI/brain/install/utils/include/utils/utils/msg/detail/log__rosidl_typesupport_fastrtps_c.h\n'}
[0.925720] (utils) StdoutLine: {'line': b'-- Up-to-date: /uros_ws/Brain_DEI/brain/install/utils/include/utils/utils/msg/detail/localisation__rosidl_typesupport_fastrtps_c.h\n'}
[0.925983] (utils) StdoutLine: {'line': b'-- Up-to-date: /uros_ws/Brain_DEI/brain/install/utils/include/utils/utils/msg/detail/conditions__rosidl_typesupport_fastrtps_c.h\n'}
[0.926247] (utils) StdoutLine: {'line': b'-- Up-to-date: /uros_ws/Brain_DEI/brain/install/utils/include/utils/utils/msg/detail/topic_info__rosidl_typesupport_fastrtps_c.h\n'}
[0.926558] (utils) StdoutLine: {'line': b'-- Up-to-date: /uros_ws/Brain_DEI/brain/install/utils/include/utils/utils/msg/detail/imu__rosidl_typesupport_fastrtps_c.h\n'}
[0.926824] (utils) StdoutLine: {'line': b'-- Up-to-date: /uros_ws/Brain_DEI/brain/install/utils/include/utils/utils/msg/detail/semaphore__rosidl_typesupport_fastrtps_c.h\n'}
[0.927086] (utils) StdoutLine: {'line': b'-- Up-to-date: /uros_ws/Brain_DEI/brain/install/utils/include/utils/utils/msg/detail/environmental__rosidl_typesupport_fastrtps_c.h\n'}
[0.927407] (utils) StdoutLine: {'line': b'-- Up-to-date: /uros_ws/Brain_DEI/brain/install/utils/include/utils/utils/msg/detail/trafficsignprediction__rosidl_typesupport_fastrtps_c.h\n'}
[0.927668] (utils) StdoutLine: {'line': b'-- Up-to-date: /uros_ws/Brain_DEI/brain/install/utils/include/utils/utils/msg/detail/vehicles__rosidl_typesupport_fastrtps_c.h\n'}
[0.927943] (utils) StdoutLine: {'line': b'-- Up-to-date: /uros_ws/Brain_DEI/brain/install/utils/include/utils/utils/srv\n'}
[0.928292] (utils) StdoutLine: {'line': b'-- Up-to-date: /uros_ws/Brain_DEI/brain/install/utils/include/utils/utils/srv/detail\n'}
[0.928586] (utils) StdoutLine: {'line': b'-- Up-to-date: /uros_ws/Brain_DEI/brain/install/utils/include/utils/utils/srv/detail/request_param__rosidl_typesupport_fastrtps_c.h\n'}
[0.928732] (utils) StdoutLine: {'line': b'-- Up-to-date: /uros_ws/Brain_DEI/brain/install/utils/include/utils/utils/srv/detail/subscribing__rosidl_typesupport_fastrtps_c.h\n'}
[0.928923] (utils) StdoutLine: {'line': b'-- Up-to-date: /uros_ws/Brain_DEI/brain/install/utils/lib/libutils__rosidl_typesupport_fastrtps_c.so\n'}
[0.929064] (utils) StdoutLine: {'line': b'-- Up-to-date: /uros_ws/Brain_DEI/brain/install/utils/include/utils/utils\n'}
[0.929265] (utils) StdoutLine: {'line': b'-- Up-to-date: /uros_ws/Brain_DEI/brain/install/utils/include/utils/utils/msg\n'}
[0.929462] (utils) StdoutLine: {'line': b'-- Up-to-date: /uros_ws/Brain_DEI/brain/install/utils/include/utils/utils/msg/detail\n'}
[0.929725] (utils) StdoutLine: {'line': b'-- Installing: /uros_ws/Brain_DEI/brain/install/utils/include/utils/utils/msg/detail/topic_info__type_support.c\n'}
[0.930097] (utils) StdoutLine: {'line': b'-- Installing: /uros_ws/Brain_DEI/brain/install/utils/include/utils/utils/msg/detail/trafficsignprediction__type_support.c\n'}
[0.930334] (utils) StdoutLine: {'line': b'-- Up-to-date: /uros_ws/Brain_DEI/brain/install/utils/include/utils/utils/msg/detail/log__rosidl_typesupport_introspection_c.h\n'}
[0.930530] (utils) StdoutLine: {'line': b'-- Installing: /uros_ws/Brain_DEI/brain/install/utils/include/utils/utils/msg/detail/log__type_support.c\n'}
[0.930735] (utils) StdoutLine: {'line': b'-- Installing: /uros_ws/Brain_DEI/brain/install/utils/include/utils/utils/msg/detail/localisation__type_support.c\n'}
[0.930958] (utils) StdoutLine: {'line': b'-- Up-to-date: /uros_ws/Brain_DEI/brain/install/utils/include/utils/utils/msg/detail/topic_info__rosidl_typesupport_introspection_c.h\n'}
[0.931133] (utils) StdoutLine: {'line': b'-- Up-to-date: /uros_ws/Brain_DEI/brain/install/utils/include/utils/utils/msg/detail/trafficsignprediction__rosidl_typesupport_introspection_c.h\n'}
[0.931359] (utils) StdoutLine: {'line': b'-- Installing: /uros_ws/Brain_DEI/brain/install/utils/include/utils/utils/msg/detail/imu__type_support.c\n'}
[0.931506] (utils) StdoutLine: {'line': b'-- Installing: /uros_ws/Brain_DEI/brain/install/utils/include/utils/utils/msg/detail/conditions__type_support.c\n'}
[0.931650] (utils) StdoutLine: {'line': b'-- Up-to-date: /uros_ws/Brain_DEI/brain/install/utils/include/utils/utils/msg/detail/localisation__rosidl_typesupport_introspection_c.h\n'}
[0.931790] (utils) StdoutLine: {'line': b'-- Installing: /uros_ws/Brain_DEI/brain/install/utils/include/utils/utils/msg/detail/vehicles__type_support.c\n'}
[0.931969] (utils) StdoutLine: {'line': b'-- Up-to-date: /uros_ws/Brain_DEI/brain/install/utils/include/utils/utils/msg/detail/environmental__rosidl_typesupport_introspection_c.h\n'}
[0.932113] (utils) StdoutLine: {'line': b'-- Up-to-date: /uros_ws/Brain_DEI/brain/install/utils/include/utils/utils/msg/detail/vehicles__rosidl_typesupport_introspection_c.h\n'}
[0.932269] (utils) StdoutLine: {'line': b'-- Up-to-date: /uros_ws/Brain_DEI/brain/install/utils/include/utils/utils/msg/detail/conditions__rosidl_typesupport_introspection_c.h\n'}
[0.932468] (utils) StdoutLine: {'line': b'-- Installing: /uros_ws/Brain_DEI/brain/install/utils/include/utils/utils/msg/detail/environmental__type_support.c\n'}
[0.932663] (utils) StdoutLine: {'line': b'-- Installing: /uros_ws/Brain_DEI/brain/install/utils/include/utils/utils/msg/detail/semaphore__type_support.c\n'}
[0.932848] (utils) StdoutLine: {'line': b'-- Up-to-date: /uros_ws/Brain_DEI/brain/install/utils/include/utils/utils/msg/detail/semaphore__rosidl_typesupport_introspection_c.h\n'}
[0.932999] (utils) StdoutLine: {'line': b'-- Up-to-date: /uros_ws/Brain_DEI/brain/install/utils/include/utils/utils/msg/detail/imu__rosidl_typesupport_introspection_c.h\n'}
[0.933160] (utils) StdoutLine: {'line': b'-- Up-to-date: /uros_ws/Brain_DEI/brain/install/utils/include/utils/utils/msg/rosidl_typesupport_introspection_c__visibility_control.h\n'}
[0.933301] (utils) StdoutLine: {'line': b'-- Up-to-date: /uros_ws/Brain_DEI/brain/install/utils/include/utils/utils/srv\n'}
[0.933439] (utils) StdoutLine: {'line': b'-- Up-to-date: /uros_ws/Brain_DEI/brain/install/utils/include/utils/utils/srv/detail\n'}
[0.933574] (utils) StdoutLine: {'line': b'-- Installing: /uros_ws/Brain_DEI/brain/install/utils/include/utils/utils/srv/detail/request_param__type_support.c\n'}
[0.933771] (utils) StdoutLine: {'line': b'-- Up-to-date: /uros_ws/Brain_DEI/brain/install/utils/include/utils/utils/srv/detail/subscribing__rosidl_typesupport_introspection_c.h\n'}
[0.933910] (utils) StdoutLine: {'line': b'-- Up-to-date: /uros_ws/Brain_DEI/brain/install/utils/include/utils/utils/srv/detail/request_param__rosidl_typesupport_introspection_c.h\n'}
[0.934047] (utils) StdoutLine: {'line': b'-- Installing: /uros_ws/Brain_DEI/brain/install/utils/include/utils/utils/srv/detail/subscribing__type_support.c\n'}
[0.934210] (utils) StdoutLine: {'line': b'-- Up-to-date: /uros_ws/Brain_DEI/brain/install/utils/lib/libutils__rosidl_typesupport_introspection_c.so\n'}
[0.934375] (utils) StdoutLine: {'line': b'-- Up-to-date: /uros_ws/Brain_DEI/brain/install/utils/lib/libutils__rosidl_typesupport_c.so\n'}
[0.934520] (utils) StdoutLine: {'line': b'-- Up-to-date: /uros_ws/Brain_DEI/brain/install/utils/include/utils/utils\n'}
[0.934657] (utils) StdoutLine: {'line': b'-- Up-to-date: /uros_ws/Brain_DEI/brain/install/utils/include/utils/utils/msg\n'}
[0.934794] (utils) StdoutLine: {'line': b'-- Up-to-date: /uros_ws/Brain_DEI/brain/install/utils/include/utils/utils/msg/semaphore.hpp\n'}
[0.934947] (utils) StdoutLine: {'line': b'-- Up-to-date: /uros_ws/Brain_DEI/brain/install/utils/include/utils/utils/msg/rosidl_generator_cpp__visibility_control.hpp\n'}
[0.935089] (utils) StdoutLine: {'line': b'-- Up-to-date: /uros_ws/Brain_DEI/brain/install/utils/include/utils/utils/msg/imu.hpp\n'}
[0.935252] (utils) StdoutLine: {'line': b'-- Up-to-date: /uros_ws/Brain_DEI/brain/install/utils/include/utils/utils/msg/detail\n'}
[0.935392] (utils) StdoutLine: {'line': b'-- Up-to-date: /uros_ws/Brain_DEI/brain/install/utils/include/utils/utils/msg/detail/imu__traits.hpp\n'}
[0.935529] (utils) StdoutLine: {'line': b'-- Up-to-date: /uros_ws/Brain_DEI/brain/install/utils/include/utils/utils/msg/detail/log__builder.hpp\n'}
[0.935665] (utils) StdoutLine: {'line': b'-- Up-to-date: /uros_ws/Brain_DEI/brain/install/utils/include/utils/utils/msg/detail/topic_info__builder.hpp\n'}
[0.935804] (utils) StdoutLine: {'line': b'-- Up-to-date: /uros_ws/Brain_DEI/brain/install/utils/include/utils/utils/msg/detail/trafficsignprediction__builder.hpp\n'}
[0.936026] (utils) StdoutLine: {'line': b'-- Up-to-date: /uros_ws/Brain_DEI/brain/install/utils/include/utils/utils/msg/detail/topic_info__type_support.hpp\n'}
[0.936195] (utils) StdoutLine: {'line': b'-- Up-to-date: /uros_ws/Brain_DEI/brain/install/utils/include/utils/utils/msg/detail/localisation__type_support.hpp\n'}
[0.936379] (utils) StdoutLine: {'line': b'-- Up-to-date: /uros_ws/Brain_DEI/brain/install/utils/include/utils/utils/msg/detail/vehicles__traits.hpp\n'}
[0.936564] (utils) StdoutLine: {'line': b'-- Up-to-date: /uros_ws/Brain_DEI/brain/install/utils/include/utils/utils/msg/detail/vehicles__type_support.hpp\n'}
[0.936754] (utils) StdoutLine: {'line': b'-- Up-to-date: /uros_ws/Brain_DEI/brain/install/utils/include/utils/utils/msg/detail/environmental__type_support.hpp\n'}
[0.936894] (utils) StdoutLine: {'line': b'-- Up-to-date: /uros_ws/Brain_DEI/brain/install/utils/include/utils/utils/msg/detail/localisation__struct.hpp\n'}
[0.937069] (utils) StdoutLine: {'line': b'-- Up-to-date: /uros_ws/Brain_DEI/brain/install/utils/include/utils/utils/msg/detail/trafficsignprediction__traits.hpp\n'}
[0.937207] (utils) StdoutLine: {'line': b'-- Up-to-date: /uros_ws/Brain_DEI/brain/install/utils/include/utils/utils/msg/detail/semaphore__struct.hpp\n'}
[0.937379] (utils) StdoutLine: {'line': b'-- Up-to-date: /uros_ws/Brain_DEI/brain/install/utils/include/utils/utils/msg/detail/environmental__traits.hpp\n'}
[0.937571] (utils) StdoutLine: {'line': b'-- Up-to-date: /uros_ws/Brain_DEI/brain/install/utils/include/utils/utils/msg/detail/conditions__builder.hpp\n'}
[0.937761] (utils) StdoutLine: {'line': b'-- Up-to-date: /uros_ws/Brain_DEI/brain/install/utils/include/utils/utils/msg/detail/localisation__traits.hpp\n'}
[0.937931] (utils) StdoutLine: {'line': b'-- Up-to-date: /uros_ws/Brain_DEI/brain/install/utils/include/utils/utils/msg/detail/environmental__struct.hpp\n'}
[0.938104] (utils) StdoutLine: {'line': b'-- Up-to-date: /uros_ws/Brain_DEI/brain/install/utils/include/utils/utils/msg/detail/vehicles__struct.hpp\n'}
[0.938273] (utils) StdoutLine: {'line': b'-- Up-to-date: /uros_ws/Brain_DEI/brain/install/utils/include/utils/utils/msg/detail/log__struct.hpp\n'}
[0.938443] (utils) StdoutLine: {'line': b'-- Up-to-date: /uros_ws/Brain_DEI/brain/install/utils/include/utils/utils/msg/detail/conditions__traits.hpp\n'}
[0.938612] (utils) StdoutLine: {'line': b'-- Up-to-date: /uros_ws/Brain_DEI/brain/install/utils/include/utils/utils/msg/detail/semaphore__builder.hpp\n'}
[0.938776] (utils) StdoutLine: {'line': b'-- Up-to-date: /uros_ws/Brain_DEI/brain/install/utils/include/utils/utils/msg/detail/conditions__type_support.hpp\n'}
[0.938968] (utils) StdoutLine: {'line': b'-- Up-to-date: /uros_ws/Brain_DEI/brain/install/utils/include/utils/utils/msg/detail/environmental__builder.hpp\n'}
[0.939115] (utils) StdoutLine: {'line': b'-- Up-to-date: /uros_ws/Brain_DEI/brain/install/utils/include/utils/utils/msg/detail/imu__builder.hpp\n'}
[0.939296] (utils) StdoutLine: {'line': b'-- Up-to-date: /uros_ws/Brain_DEI/brain/install/utils/include/utils/utils/msg/detail/log__type_support.hpp\n'}
[0.939438] (utils) StdoutLine: {'line': b'-- Up-to-date: /uros_ws/Brain_DEI/brain/install/utils/include/utils/utils/msg/detail/topic_info__traits.hpp\n'}
[0.939758] (utils) StdoutLine: {'line': b'-- Up-to-date: /uros_ws/Brain_DEI/brain/install/utils/include/utils/utils/msg/detail/vehicles__builder.hpp\n'}
[0.939909] (utils) StdoutLine: {'line': b'-- Up-to-date: /uros_ws/Brain_DEI/brain/install/utils/include/utils/utils/msg/detail/topic_info__struct.hpp\n'}
[0.940048] (utils) StdoutLine: {'line': b'-- Up-to-date: /uros_ws/Brain_DEI/brain/install/utils/include/utils/utils/msg/detail/log__traits.hpp\n'}
[0.940185] (utils) StdoutLine: {'line': b'-- Up-to-date: /uros_ws/Brain_DEI/brain/install/utils/include/utils/utils/msg/detail/trafficsignprediction__type_support.hpp\n'}
[0.940328] (utils) StdoutLine: {'line': b'-- Up-to-date: /uros_ws/Brain_DEI/brain/install/utils/include/utils/utils/msg/detail/imu__struct.hpp\n'}
[0.940555] (utils) StdoutLine: {'line': b'-- Up-to-date: /uros_ws/Brain_DEI/brain/install/utils/include/utils/utils/msg/detail/imu__type_support.hpp\n'}
[0.940704] (utils) StdoutLine: {'line': b'-- Up-to-date: /uros_ws/Brain_DEI/brain/install/utils/include/utils/utils/msg/detail/semaphore__type_support.hpp\n'}
[0.940846] (utils) StdoutLine: {'line': b'-- Up-to-date: /uros_ws/Brain_DEI/brain/install/utils/include/utils/utils/msg/detail/localisation__builder.hpp\n'}
[0.940989] (utils) StdoutLine: {'line': b'-- Up-to-date: /uros_ws/Brain_DEI/brain/install/utils/include/utils/utils/msg/detail/semaphore__traits.hpp\n'}
[0.941133] (utils) StdoutLine: {'line': b'-- Up-to-date: /uros_ws/Brain_DEI/brain/install/utils/include/utils/utils/msg/detail/trafficsignprediction__struct.hpp\n'}
[0.941281] (utils) StdoutLine: {'line': b'-- Up-to-date: /uros_ws/Brain_DEI/brain/install/utils/include/utils/utils/msg/detail/conditions__struct.hpp\n'}
[0.941425] (utils) StdoutLine: {'line': b'-- Up-to-date: /uros_ws/Brain_DEI/brain/install/utils/include/utils/utils/msg/log.hpp\n'}
[0.941564] (utils) StdoutLine: {'line': b'-- Up-to-date: /uros_ws/Brain_DEI/brain/install/utils/include/utils/utils/msg/conditions.hpp\n'}
[0.941700] (utils) StdoutLine: {'line': b'-- Up-to-date: /uros_ws/Brain_DEI/brain/install/utils/include/utils/utils/msg/environmental.hpp\n'}
[0.941863] (utils) StdoutLine: {'line': b'-- Up-to-date: /uros_ws/Brain_DEI/brain/install/utils/include/utils/utils/msg/localisation.hpp\n'}
[0.941998] (utils) StdoutLine: {'line': b'-- Up-to-date: /uros_ws/Brain_DEI/brain/install/utils/include/utils/utils/msg/trafficsignprediction.hpp\n'}
[0.942134] (utils) StdoutLine: {'line': b'-- Up-to-date: /uros_ws/Brain_DEI/brain/install/utils/include/utils/utils/msg/vehicles.hpp\n'}
[0.942288] (utils) StdoutLine: {'line': b'-- Up-to-date: /uros_ws/Brain_DEI/brain/install/utils/include/utils/utils/msg/topic_info.hpp\n'}
[0.942428] (utils) StdoutLine: {'line': b'-- Up-to-date: /uros_ws/Brain_DEI/brain/install/utils/include/utils/utils/srv\n'}
[0.942563] (utils) StdoutLine: {'line': b'-- Up-to-date: /uros_ws/Brain_DEI/brain/install/utils/include/utils/utils/srv/subscribing.hpp\n'}
[0.942700] (utils) StdoutLine: {'line': b'-- Up-to-date: /uros_ws/Brain_DEI/brain/install/utils/include/utils/utils/srv/detail\n'}
[0.942840] (utils) StdoutLine: {'line': b'-- Up-to-date: /uros_ws/Brain_DEI/brain/install/utils/include/utils/utils/srv/detail/request_param__struct.hpp\n'}
[0.942981] (utils) StdoutLine: {'line': b'-- Up-to-date: /uros_ws/Brain_DEI/brain/install/utils/include/utils/utils/srv/detail/request_param__traits.hpp\n'}
[0.943122] (utils) StdoutLine: {'line': b'-- Up-to-date: /uros_ws/Brain_DEI/brain/install/utils/include/utils/utils/srv/detail/request_param__builder.hpp\n'}
[0.943301] (utils) StdoutLine: {'line': b'-- Up-to-date: /uros_ws/Brain_DEI/brain/install/utils/include/utils/utils/srv/detail/subscribing__traits.hpp\n'}
[0.943446] (utils) StdoutLine: {'line': b'-- Up-to-date: /uros_ws/Brain_DEI/brain/install/utils/include/utils/utils/srv/detail/subscribing__struct.hpp\n'}
[0.943590] (utils) StdoutLine: {'line': b'-- Up-to-date: /uros_ws/Brain_DEI/brain/install/utils/include/utils/utils/srv/detail/subscribing__type_support.hpp\n'}
[0.943735] (utils) StdoutLine: {'line': b'-- Up-to-date: /uros_ws/Brain_DEI/brain/install/utils/include/utils/utils/srv/detail/request_param__type_support.hpp\n'}
[0.943882] (utils) StdoutLine: {'line': b'-- Up-to-date: /uros_ws/Brain_DEI/brain/install/utils/include/utils/utils/srv/detail/subscribing__builder.hpp\n'}
[0.944027] (utils) StdoutLine: {'line': b'-- Up-to-date: /uros_ws/Brain_DEI/brain/install/utils/include/utils/utils/srv/request_param.hpp\n'}
[0.944171] (utils) StdoutLine: {'line': b'-- Up-to-date: /uros_ws/Brain_DEI/brain/install/utils/include/utils/utils\n'}
[0.944316] (utils) StdoutLine: {'line': b'-- Up-to-date: /uros_ws/Brain_DEI/brain/install/utils/include/utils/utils/msg\n'}
[0.944457] (utils) StdoutLine: {'line': b'-- Up-to-date: /uros_ws/Brain_DEI/brain/install/utils/include/utils/utils/msg/detail\n'}
[0.944598] (utils) StdoutLine: {'line': b'-- Up-to-date: /uros_ws/Brain_DEI/brain/install/utils/include/utils/utils/msg/detail/log__rosidl_typesupport_fastrtps_cpp.hpp\n'}
[0.944741] (utils) StdoutLine: {'line': b'-- Up-to-date: /uros_ws/Brain_DEI/brain/install/utils/include/utils/utils/msg/detail/semaphore__rosidl_typesupport_fastrtps_cpp.hpp\n'}
[0.944881] (utils) StdoutLine: {'line': b'-- Up-to-date: /uros_ws/Brain_DEI/brain/install/utils/include/utils/utils/msg/detail/conditions__rosidl_typesupport_fastrtps_cpp.hpp\n'}
[0.945021] (utils) StdoutLine: {'line': b'-- Up-to-date: /uros_ws/Brain_DEI/brain/install/utils/include/utils/utils/msg/detail/vehicles__rosidl_typesupport_fastrtps_cpp.hpp\n'}
[0.945162] (utils) StdoutLine: {'line': b'-- Up-to-date: /uros_ws/Brain_DEI/brain/install/utils/include/utils/utils/msg/detail/trafficsignprediction__rosidl_typesupport_fastrtps_cpp.hpp\n'}
[0.945303] (utils) StdoutLine: {'line': b'-- Up-to-date: /uros_ws/Brain_DEI/brain/install/utils/include/utils/utils/msg/detail/localisation__rosidl_typesupport_fastrtps_cpp.hpp\n'}
[0.945442] (utils) StdoutLine: {'line': b'-- Up-to-date: /uros_ws/Brain_DEI/brain/install/utils/include/utils/utils/msg/detail/environmental__rosidl_typesupport_fastrtps_cpp.hpp\n'}
[0.945578] (utils) StdoutLine: {'line': b'-- Up-to-date: /uros_ws/Brain_DEI/brain/install/utils/include/utils/utils/msg/detail/topic_info__rosidl_typesupport_fastrtps_cpp.hpp\n'}
[0.945752] (utils) StdoutLine: {'line': b'-- Up-to-date: /uros_ws/Brain_DEI/brain/install/utils/include/utils/utils/msg/detail/dds_fastrtps\n'}
[0.945890] (utils) StdoutLine: {'line': b'-- Up-to-date: /uros_ws/Brain_DEI/brain/install/utils/include/utils/utils/msg/detail/imu__rosidl_typesupport_fastrtps_cpp.hpp\n'}
[0.946054] (utils) StdoutLine: {'line': b'-- Up-to-date: /uros_ws/Brain_DEI/brain/install/utils/include/utils/utils/msg/rosidl_typesupport_fastrtps_cpp__visibility_control.h\n'}
[0.946191] (utils) StdoutLine: {'line': b'-- Up-to-date: /uros_ws/Brain_DEI/brain/install/utils/include/utils/utils/srv\n'}
[0.946325] (utils) StdoutLine: {'line': b'-- Up-to-date: /uros_ws/Brain_DEI/brain/install/utils/include/utils/utils/srv/detail\n'}
[0.946460] (utils) StdoutLine: {'line': b'-- Up-to-date: /uros_ws/Brain_DEI/brain/install/utils/include/utils/utils/srv/detail/request_param__rosidl_typesupport_fastrtps_cpp.hpp\n'}
[0.946593] (utils) StdoutLine: {'line': b'-- Up-to-date: /uros_ws/Brain_DEI/brain/install/utils/include/utils/utils/srv/detail/subscribing__rosidl_typesupport_fastrtps_cpp.hpp\n'}
[0.946728] (utils) StdoutLine: {'line': b'-- Up-to-date: /uros_ws/Brain_DEI/brain/install/utils/include/utils/utils/srv/detail/dds_fastrtps\n'}
[0.946860] (utils) StdoutLine: {'line': b'-- Up-to-date: /uros_ws/Brain_DEI/brain/install/utils/lib/libutils__rosidl_typesupport_fastrtps_cpp.so\n'}
[0.946995] (utils) StdoutLine: {'line': b'-- Up-to-date: /uros_ws/Brain_DEI/brain/install/utils/include/utils/utils\n'}
[0.947128] (utils) StdoutLine: {'line': b'-- Up-to-date: /uros_ws/Brain_DEI/brain/install/utils/include/utils/utils/msg\n'}
[0.947319] (utils) StdoutLine: {'line': b'-- Up-to-date: /uros_ws/Brain_DEI/brain/install/utils/include/utils/utils/msg/detail\n'}
[0.947468] (utils) StdoutLine: {'line': b'-- Up-to-date: /uros_ws/Brain_DEI/brain/install/utils/include/utils/utils/msg/detail/environmental__type_support.cpp\n'}
[0.947614] (utils) StdoutLine: {'line': b'-- Up-to-date: /uros_ws/Brain_DEI/brain/install/utils/include/utils/utils/msg/detail/semaphore__rosidl_typesupport_introspection_cpp.hpp\n'}
[0.947757] (utils) StdoutLine: {'line': b'-- Up-to-date: /uros_ws/Brain_DEI/brain/install/utils/include/utils/utils/msg/detail/environmental__rosidl_typesupport_introspection_cpp.hpp\n'}
[0.947900] (utils) StdoutLine: {'line': b'-- Up-to-date: /uros_ws/Brain_DEI/brain/install/utils/include/utils/utils/msg/detail/topic_info__type_support.cpp\n'}
[0.948044] (utils) StdoutLine: {'line': b'-- Up-to-date: /uros_ws/Brain_DEI/brain/install/utils/include/utils/utils/msg/detail/trafficsignprediction__rosidl_typesupport_introspection_cpp.hpp\n'}
[0.948184] (utils) StdoutLine: {'line': b'-- Up-to-date: /uros_ws/Brain_DEI/brain/install/utils/include/utils/utils/msg/detail/conditions__type_support.cpp\n'}
[0.948324] (utils) StdoutLine: {'line': b'-- Up-to-date: /uros_ws/Brain_DEI/brain/install/utils/include/utils/utils/msg/detail/vehicles__rosidl_typesupport_introspection_cpp.hpp\n'}
[0.948465] (utils) StdoutLine: {'line': b'-- Up-to-date: /uros_ws/Brain_DEI/brain/install/utils/include/utils/utils/msg/detail/localisation__type_support.cpp\n'}
[0.948603] (utils) StdoutLine: {'line': b'-- Up-to-date: /uros_ws/Brain_DEI/brain/install/utils/include/utils/utils/msg/detail/vehicles__type_support.cpp\n'}
[0.948739] (utils) StdoutLine: {'line': b'-- Up-to-date: /uros_ws/Brain_DEI/brain/install/utils/include/utils/utils/msg/detail/topic_info__rosidl_typesupport_introspection_cpp.hpp\n'}
[0.948877] (utils) StdoutLine: {'line': b'-- Up-to-date: /uros_ws/Brain_DEI/brain/install/utils/include/utils/utils/msg/detail/trafficsignprediction__type_support.cpp\n'}
[0.949020] (utils) StdoutLine: {'line': b'-- Up-to-date: /uros_ws/Brain_DEI/brain/install/utils/include/utils/utils/msg/detail/log__type_support.cpp\n'}
[0.949158] (utils) StdoutLine: {'line': b'-- Up-to-date: /uros_ws/Brain_DEI/brain/install/utils/include/utils/utils/msg/detail/imu__rosidl_typesupport_introspection_cpp.hpp\n'}
[0.949310] (utils) StdoutLine: {'line': b'-- Up-to-date: /uros_ws/Brain_DEI/brain/install/utils/include/utils/utils/msg/detail/localisation__rosidl_typesupport_introspection_cpp.hpp\n'}
[0.949449] (utils) StdoutLine: {'line': b'-- Up-to-date: /uros_ws/Brain_DEI/brain/install/utils/include/utils/utils/msg/detail/log__rosidl_typesupport_introspection_cpp.hpp\n'}
[0.949588] (utils) StdoutLine: {'line': b'-- Up-to-date: /uros_ws/Brain_DEI/brain/install/utils/include/utils/utils/msg/detail/imu__type_support.cpp\n'}
[0.949727] (utils) StdoutLine: {'line': b'-- Up-to-date: /uros_ws/Brain_DEI/brain/install/utils/include/utils/utils/msg/detail/semaphore__type_support.cpp\n'}
[0.949869] (utils) StdoutLine: {'line': b'-- Up-to-date: /uros_ws/Brain_DEI/brain/install/utils/include/utils/utils/msg/detail/conditions__rosidl_typesupport_introspection_cpp.hpp\n'}
[0.950009] (utils) StdoutLine: {'line': b'-- Up-to-date: /uros_ws/Brain_DEI/brain/install/utils/include/utils/utils/srv\n'}
[0.950149] (utils) StdoutLine: {'line': b'-- Up-to-date: /uros_ws/Brain_DEI/brain/install/utils/include/utils/utils/srv/detail\n'}
[0.950287] (utils) StdoutLine: {'line': b'-- Up-to-date: /uros_ws/Brain_DEI/brain/install/utils/include/utils/utils/srv/detail/request_param__rosidl_typesupport_introspection_cpp.hpp\n'}
[0.950430] (utils) StdoutLine: {'line': b'-- Up-to-date: /uros_ws/Brain_DEI/brain/install/utils/include/utils/utils/srv/detail/subscribing__type_support.cpp\n'}
[0.950573] (utils) StdoutLine: {'line': b'-- Up-to-date: /uros_ws/Brain_DEI/brain/install/utils/include/utils/utils/srv/detail/subscribing__rosidl_typesupport_introspection_cpp.hpp\n'}
[0.950713] (utils) StdoutLine: {'line': b'-- Up-to-date: /uros_ws/Brain_DEI/brain/install/utils/include/utils/utils/srv/detail/request_param__type_support.cpp\n'}
[0.950855] (utils) StdoutLine: {'line': b'-- Up-to-date: /uros_ws/Brain_DEI/brain/install/utils/lib/libutils__rosidl_typesupport_introspection_cpp.so\n'}
[0.950994] (utils) StdoutLine: {'line': b'-- Up-to-date: /uros_ws/Brain_DEI/brain/install/utils/lib/libutils__rosidl_typesupport_cpp.so\n'}
[0.951191] (utils) StdoutLine: {'line': b'-- Up-to-date: /uros_ws/Brain_DEI/brain/install/utils/share/utils/environment/pythonpath.sh\n'}
[0.951358] (utils) StdoutLine: {'line': b'-- Up-to-date: /uros_ws/Brain_DEI/brain/install/utils/share/utils/environment/pythonpath.dsv\n'}
[0.951515] (utils) StdoutLine: {'line': b'-- Up-to-date: /uros_ws/Brain_DEI/brain/install/utils/lib/python3.12/site-packages/utils-0.0.0-py3.12.egg-info\n'}
[0.951669] (utils) StdoutLine: {'line': b'-- Installing: /uros_ws/Brain_DEI/brain/install/utils/lib/python3.12/site-packages/utils-0.0.0-py3.12.egg-info/PKG-INFO\n'}
[0.951824] (utils) StdoutLine: {'line': b'-- Installing: /uros_ws/Brain_DEI/brain/install/utils/lib/python3.12/site-packages/utils-0.0.0-py3.12.egg-info/SOURCES.txt\n'}
[0.951994] (utils) StdoutLine: {'line': b'-- Installing: /uros_ws/Brain_DEI/brain/install/utils/lib/python3.12/site-packages/utils-0.0.0-py3.12.egg-info/dependency_links.txt\n'}
[0.952153] (utils) StdoutLine: {'line': b'-- Installing: /uros_ws/Brain_DEI/brain/install/utils/lib/python3.12/site-packages/utils-0.0.0-py3.12.egg-info/top_level.txt\n'}
[0.952307] (utils) StdoutLine: {'line': b'-- Up-to-date: /uros_ws/Brain_DEI/brain/install/utils/lib/python3.12/site-packages/utils\n'}
[0.952458] (utils) StdoutLine: {'line': b'-- Up-to-date: /uros_ws/Brain_DEI/brain/install/utils/lib/python3.12/site-packages/utils/__init__.py\n'}
[0.952609] (utils) StdoutLine: {'line': b'-- Up-to-date: /uros_ws/Brain_DEI/brain/install/utils/lib/python3.12/site-packages/utils/utils_s__rosidl_typesupport_introspection_c.so\n'}
[0.952762] (utils) StdoutLine: {'line': b'-- Up-to-date: /uros_ws/Brain_DEI/brain/install/utils/lib/python3.12/site-packages/utils/utils_s__rosidl_typesupport_fastrtps_c.so\n'}
[0.952915] (utils) StdoutLine: {'line': b'-- Up-to-date: /uros_ws/Brain_DEI/brain/install/utils/lib/python3.12/site-packages/utils/msg\n'}
[0.953067] (utils) StdoutLine: {'line': b'-- Up-to-date: /uros_ws/Brain_DEI/brain/install/utils/lib/python3.12/site-packages/utils/msg/__init__.py\n'}
[0.953234] (utils) StdoutLine: {'line': b'-- Up-to-date: /uros_ws/Brain_DEI/brain/install/utils/lib/python3.12/site-packages/utils/msg/_semaphore.py\n'}
[0.953384] (utils) StdoutLine: {'line': b'-- Up-to-date: /uros_ws/Brain_DEI/brain/install/utils/lib/python3.12/site-packages/utils/msg/_vehicles.py\n'}
[0.953536] (utils) StdoutLine: {'line': b'-- Up-to-date: /uros_ws/Brain_DEI/brain/install/utils/lib/python3.12/site-packages/utils/msg/_trafficsignprediction.py\n'}
[0.953690] (utils) StdoutLine: {'line': b'-- Up-to-date: /uros_ws/Brain_DEI/brain/install/utils/lib/python3.12/site-packages/utils/msg/_localisation_s.c\n'}
[0.953842] (utils) StdoutLine: {'line': b'-- Up-to-date: /uros_ws/Brain_DEI/brain/install/utils/lib/python3.12/site-packages/utils/msg/_log_s.c\n'}
[0.953996] (utils) StdoutLine: {'line': b'-- Up-to-date: /uros_ws/Brain_DEI/brain/install/utils/lib/python3.12/site-packages/utils/msg/_localisation.py\n'}
[0.954156] (utils) StdoutLine: {'line': b'-- Up-to-date: /uros_ws/Brain_DEI/brain/install/utils/lib/python3.12/site-packages/utils/msg/_imu_s.c\n'}
[0.954314] (utils) StdoutLine: {'line': b'-- Up-to-date: /uros_ws/Brain_DEI/brain/install/utils/lib/python3.12/site-packages/utils/msg/_conditions.py\n'}
[0.954474] (utils) StdoutLine: {'line': b'-- Up-to-date: /uros_ws/Brain_DEI/brain/install/utils/lib/python3.12/site-packages/utils/msg/_imu.py\n'}
[0.954639] (utils) StdoutLine: {'line': b'-- Up-to-date: /uros_ws/Brain_DEI/brain/install/utils/lib/python3.12/site-packages/utils/msg/_environmental_s.c\n'}
[0.954808] (utils) StdoutLine: {'line': b'-- Up-to-date: /uros_ws/Brain_DEI/brain/install/utils/lib/python3.12/site-packages/utils/msg/_environmental.py\n'}
[0.954973] (utils) StdoutLine: {'line': b'-- Up-to-date: /uros_ws/Brain_DEI/brain/install/utils/lib/python3.12/site-packages/utils/msg/_topic_info_s.c\n'}
[0.955138] (utils) StdoutLine: {'line': b'-- Up-to-date: /uros_ws/Brain_DEI/brain/install/utils/lib/python3.12/site-packages/utils/msg/_conditions_s.c\n'}
[0.955339] (utils) StdoutLine: {'line': b'-- Up-to-date: /uros_ws/Brain_DEI/brain/install/utils/lib/python3.12/site-packages/utils/msg/_semaphore_s.c\n'}
[0.955506] (utils) StdoutLine: {'line': b'-- Up-to-date: /uros_ws/Brain_DEI/brain/install/utils/lib/python3.12/site-packages/utils/msg/_log.py\n'}
[0.955672] (utils) StdoutLine: {'line': b'-- Up-to-date: /uros_ws/Brain_DEI/brain/install/utils/lib/python3.12/site-packages/utils/msg/_trafficsignprediction_s.c\n'}
[0.955839] (utils) StdoutLine: {'line': b'-- Up-to-date: /uros_ws/Brain_DEI/brain/install/utils/lib/python3.12/site-packages/utils/msg/_topic_info.py\n'}
[0.956005] (utils) StdoutLine: {'line': b'-- Up-to-date: /uros_ws/Brain_DEI/brain/install/utils/lib/python3.12/site-packages/utils/msg/_vehicles_s.c\n'}
[0.956166] (utils) StdoutLine: {'line': b'-- Up-to-date: /uros_ws/Brain_DEI/brain/install/utils/lib/python3.12/site-packages/utils/utils_s__rosidl_typesupport_c.so\n'}
[0.956331] (utils) StdoutLine: {'line': b'-- Up-to-date: /uros_ws/Brain_DEI/brain/install/utils/lib/python3.12/site-packages/utils/_utils_s.ep.rosidl_typesupport_fastrtps_c.c\n'}
[0.956498] (utils) StdoutLine: {'line': b'-- Up-to-date: /uros_ws/Brain_DEI/brain/install/utils/lib/python3.12/site-packages/utils/srv\n'}
[0.956652] (utils) StdoutLine: {'line': b'-- Up-to-date: /uros_ws/Brain_DEI/brain/install/utils/lib/python3.12/site-packages/utils/srv/__init__.py\n'}
[0.956801] (utils) StdoutLine: {'line': b'-- Up-to-date: /uros_ws/Brain_DEI/brain/install/utils/lib/python3.12/site-packages/utils/srv/_request_param.py\n'}
[0.956952] (utils) StdoutLine: {'line': b'-- Up-to-date: /uros_ws/Brain_DEI/brain/install/utils/lib/python3.12/site-packages/utils/srv/_subscribing.py\n'}
[0.957169] (utils) StdoutLine: {'line': b'-- Up-to-date: /uros_ws/Brain_DEI/brain/install/utils/lib/python3.12/site-packages/utils/srv/_request_param_s.c\n'}
[0.957325] (utils) StdoutLine: {'line': b'-- Up-to-date: /uros_ws/Brain_DEI/brain/install/utils/lib/python3.12/site-packages/utils/srv/_subscribing_s.c\n'}
[0.957497] (utils) StdoutLine: {'line': b'-- Up-to-date: /uros_ws/Brain_DEI/brain/install/utils/lib/python3.12/site-packages/utils/_utils_s.ep.rosidl_typesupport_introspection_c.c\n'}
[0.957662] (utils) StdoutLine: {'line': b'-- Up-to-date: /uros_ws/Brain_DEI/brain/install/utils/lib/python3.12/site-packages/utils/_utils_s.ep.rosidl_typesupport_c.c\n'}
[1.001134] (-) TimerEvent: {}
[1.021872] (utils) StdoutLine: {'line': b"Listing '/uros_ws/Brain_DEI/brain/install/utils/lib/python3.12/site-packages/utils'...\n"}
[1.022336] (utils) StdoutLine: {'line': b"Listing '/uros_ws/Brain_DEI/brain/install/utils/lib/python3.12/site-packages/utils/msg'...\n"}
[1.022589] (utils) StdoutLine: {'line': b"Listing '/uros_ws/Brain_DEI/brain/install/utils/lib/python3.12/site-packages/utils/srv'...\n"}
[1.035875] (utils) StdoutLine: {'line': b'-- Up-to-date: /uros_ws/Brain_DEI/brain/install/utils/lib/python3.12/site-packages/utils/utils_s__rosidl_typesupport_fastrtps_c.so\n'}
[1.036428] (utils) StdoutLine: {'line': b'-- Up-to-date: /uros_ws/Brain_DEI/brain/install/utils/lib/python3.12/site-packages/utils/utils_s__rosidl_typesupport_introspection_c.so\n'}
[1.036971] (utils) StdoutLine: {'line': b'-- Up-to-date: /uros_ws/Brain_DEI/brain/install/utils/lib/python3.12/site-packages/utils/utils_s__rosidl_typesupport_c.so\n'}
[1.037729] (utils) StdoutLine: {'line': b'-- Up-to-date: /uros_ws/Brain_DEI/brain/install/utils/lib/libutils__rosidl_generator_py.so\n'}
[1.038790] (utils) StdoutLine: {'line': b'-- Up-to-date: /uros_ws/Brain_DEI/brain/install/utils/share/utils/msg/IMU.idl\n'}
[1.039423] (utils) StdoutLine: {'line': b'-- Up-to-date: /uros_ws/Brain_DEI/brain/install/utils/share/utils/msg/Localisation.idl\n'}
[1.040939] (utils) StdoutLine: {'line': b'-- Up-to-date: /uros_ws/Brain_DEI/brain/install/utils/share/utils/msg/Vehicles.idl\n'}
[1.041911] (utils) StdoutLine: {'line': b'-- Up-to-date: /uros_ws/Brain_DEI/brain/install/utils/share/utils/msg/Environmental.idl\n'}
[1.042329] (utils) StdoutLine: {'line': b'-- Up-to-date: /uros_ws/Brain_DEI/brain/install/utils/share/utils/msg/Log.idl\n'}
[1.042658] (utils) StdoutLine: {'line': b'-- Up-to-date: /uros_ws/Brain_DEI/brain/install/utils/share/utils/msg/TopicInfo.idl\n'}
[1.043101] (utils) StdoutLine: {'line': b'-- Up-to-date: /uros_ws/Brain_DEI/brain/install/utils/share/utils/msg/Semaphore.idl\n'}
[1.043538] (utils) StdoutLine: {'line': b'-- Up-to-date: /uros_ws/Brain_DEI/brain/install/utils/share/utils/msg/Conditions.idl\n'}
[1.043934] (utils) StdoutLine: {'line': b'-- Up-to-date: /uros_ws/Brain_DEI/brain/install/utils/share/utils/msg/Trafficsignprediction.idl\n'}
[1.044277] (utils) StdoutLine: {'line': b'-- Up-to-date: /uros_ws/Brain_DEI/brain/install/utils/share/utils/srv/Subscribing.idl\n'}
[1.044607] (utils) StdoutLine: {'line': b'-- Up-to-date: /uros_ws/Brain_DEI/brain/install/utils/share/utils/srv/RequestParam.idl\n'}
[1.044950] (utils) StdoutLine: {'line': b'-- Up-to-date: /uros_ws/Brain_DEI/brain/install/utils/share/utils/msg/IMU.msg\n'}
[1.045207] (utils) StdoutLine: {'line': b'-- Up-to-date: /uros_ws/Brain_DEI/brain/install/utils/share/utils/msg/Localisation.msg\n'}
[1.045360] (utils) StdoutLine: {'line': b'-- Up-to-date: /uros_ws/Brain_DEI/brain/install/utils/share/utils/msg/Vehicles.msg\n'}
[1.045628] (utils) StdoutLine: {'line': b'-- Up-to-date: /uros_ws/Brain_DEI/brain/install/utils/share/utils/msg/Environmental.msg\n'}
[1.047368] (utils) StdoutLine: {'line': b'-- Up-to-date: /uros_ws/Brain_DEI/brain/install/utils/share/utils/msg/Log.msg\n'}
[1.047719] (utils) StdoutLine: {'line': b'-- Up-to-date: /uros_ws/Brain_DEI/brain/install/utils/share/utils/msg/TopicInfo.msg\n'}
[1.048200] (utils) StdoutLine: {'line': b'-- Up-to-date: /uros_ws/Brain_DEI/brain/install/utils/share/utils/msg/Semaphore.msg\n'}
[1.048514] (utils) StdoutLine: {'line': b'-- Up-to-date: /uros_ws/Brain_DEI/brain/install/utils/share/utils/msg/Conditions.msg\n'}
[1.048816] (utils) StdoutLine: {'line': b'-- Up-to-date: /uros_ws/Brain_DEI/brain/install/utils/share/utils/msg/Trafficsignprediction.msg\n'}
[1.049166] (utils) StdoutLine: {'line': b'-- Up-to-date: /uros_ws/Brain_DEI/brain/install/utils/share/utils/srv/Subscribing.srv\n'}
[1.049466] (utils) StdoutLine: {'line': b'-- Up-to-date: /uros_ws/Brain_DEI/brain/install/utils/share/utils/srv/RequestParam.srv\n'}
[1.049761] (utils) StdoutLine: {'line': b'-- Up-to-date: /uros_ws/Brain_DEI/brain/install/utils/share/utils/launch\n'}
[1.050052] (utils) StdoutLine: {'line': b'-- Up-to-date: /uros_ws/Brain_DEI/brain/install/utils/share/utils/launch/run_automobile.launch.py\n'}
[1.050339] (utils) StdoutLine: {'line': b'-- Up-to-date: /uros_ws/Brain_DEI/brain/install/utils/share/ament_index/resource_index/package_run_dependencies/utils\n'}
[1.050629] (utils) StdoutLine: {'line': b'-- Up-to-date: /uros_ws/Brain_DEI/brain/install/utils/share/ament_index/resource_index/parent_prefix_path/utils\n'}
[1.050919] (utils) StdoutLine: {'line': b'-- Up-to-date: /uros_ws/Brain_DEI/brain/install/utils/share/utils/environment/ament_prefix_path.dsv\n'}
[1.051447] (utils) StdoutLine: {'line': b'-- Up-to-date: /uros_ws/Brain_DEI/brain/install/utils/share/utils/environment/path.dsv\n'}
[1.052164] (utils) StdoutLine: {'line': b'-- Up-to-date: /uros_ws/Brain_DEI/brain/install/utils/share/utils/local_setup.bash\n'}
[1.052940] (utils) StdoutLine: {'line': b'-- Up-to-date: /uros_ws/Brain_DEI/brain/install/utils/share/utils/local_setup.sh\n'}
[1.054743] (utils) StdoutLine: {'line': b'-- Up-to-date: /uros_ws/Brain_DEI/brain/install/utils/share/utils/local_setup.zsh\n'}
[1.055510] (utils) StdoutLine: {'line': b'-- Up-to-date: /uros_ws/Brain_DEI/brain/install/utils/share/utils/local_setup.dsv\n'}
[1.056328] (utils) StdoutLine: {'line': b'-- Installing: /uros_ws/Brain_DEI/brain/install/utils/share/utils/package.dsv\n'}
[1.057046] (utils) StdoutLine: {'line': b'-- Up-to-date: /uros_ws/Brain_DEI/brain/install/utils/share/ament_index/resource_index/packages/utils\n'}
[1.058321] (utils) StdoutLine: {'line': b'-- Up-to-date: /uros_ws/Brain_DEI/brain/install/utils/share/utils/cmake/export_utils__rosidl_generator_cExport.cmake\n'}
[1.058876] (utils) StdoutLine: {'line': b'-- Up-to-date: /uros_ws/Brain_DEI/brain/install/utils/share/utils/cmake/export_utils__rosidl_generator_cExport-noconfig.cmake\n'}
[1.059775] (utils) StdoutLine: {'line': b'-- Up-to-date: /uros_ws/Brain_DEI/brain/install/utils/share/utils/cmake/export_utils__rosidl_typesupport_fastrtps_cExport.cmake\n'}
[1.060201] (utils) StdoutLine: {'line': b'-- Up-to-date: /uros_ws/Brain_DEI/brain/install/utils/share/utils/cmake/export_utils__rosidl_typesupport_fastrtps_cExport-noconfig.cmake\n'}
[1.060682] (utils) StdoutLine: {'line': b'-- Up-to-date: /uros_ws/Brain_DEI/brain/install/utils/share/utils/cmake/utils__rosidl_typesupport_introspection_cExport.cmake\n'}
[1.061388] (utils) StdoutLine: {'line': b'-- Up-to-date: /uros_ws/Brain_DEI/brain/install/utils/share/utils/cmake/utils__rosidl_typesupport_introspection_cExport-noconfig.cmake\n'}
[1.062122] (utils) StdoutLine: {'line': b'-- Up-to-date: /uros_ws/Brain_DEI/brain/install/utils/share/utils/cmake/utils__rosidl_typesupport_cExport.cmake\n'}
[1.062674] (utils) StdoutLine: {'line': b'-- Up-to-date: /uros_ws/Brain_DEI/brain/install/utils/share/utils/cmake/utils__rosidl_typesupport_cExport-noconfig.cmake\n'}
[1.063290] (utils) StdoutLine: {'line': b'-- Up-to-date: /uros_ws/Brain_DEI/brain/install/utils/share/utils/cmake/export_utils__rosidl_generator_cppExport.cmake\n'}
[1.063880] (utils) StdoutLine: {'line': b'-- Up-to-date: /uros_ws/Brain_DEI/brain/install/utils/share/utils/cmake/export_utils__rosidl_typesupport_fastrtps_cppExport.cmake\n'}
[1.064548] (utils) StdoutLine: {'line': b'-- Up-to-date: /uros_ws/Brain_DEI/brain/install/utils/share/utils/cmake/export_utils__rosidl_typesupport_fastrtps_cppExport-noconfig.cmake\n'}
[1.065009] (utils) StdoutLine: {'line': b'-- Up-to-date: /uros_ws/Brain_DEI/brain/install/utils/share/utils/cmake/utils__rosidl_typesupport_introspection_cppExport.cmake\n'}
[1.065472] (utils) StdoutLine: {'line': b'-- Up-to-date: /uros_ws/Brain_DEI/brain/install/utils/share/utils/cmake/utils__rosidl_typesupport_introspection_cppExport-noconfig.cmake\n'}
[1.066035] (utils) StdoutLine: {'line': b'-- Up-to-date: /uros_ws/Brain_DEI/brain/install/utils/share/utils/cmake/utils__rosidl_typesupport_cppExport.cmake\n'}
[1.066675] (utils) StdoutLine: {'line': b'-- Up-to-date: /uros_ws/Brain_DEI/brain/install/utils/share/utils/cmake/utils__rosidl_typesupport_cppExport-noconfig.cmake\n'}
[1.067068] (utils) StdoutLine: {'line': b'-- Up-to-date: /uros_ws/Brain_DEI/brain/install/utils/share/utils/cmake/export_utils__rosidl_generator_pyExport.cmake\n'}
[1.067699] (utils) StdoutLine: {'line': b'-- Up-to-date: /uros_ws/Brain_DEI/brain/install/utils/share/utils/cmake/export_utils__rosidl_generator_pyExport-noconfig.cmake\n'}
[1.068683] (utils) StdoutLine: {'line': b'-- Up-to-date: /uros_ws/Brain_DEI/brain/install/utils/share/utils/cmake/rosidl_cmake-extras.cmake\n'}
[1.069381] (utils) StdoutLine: {'line': b'-- Up-to-date: /uros_ws/Brain_DEI/brain/install/utils/share/utils/cmake/ament_cmake_export_dependencies-extras.cmake\n'}
[1.070020] (utils) StdoutLine: {'line': b'-- Up-to-date: /uros_ws/Brain_DEI/brain/install/utils/share/utils/cmake/ament_cmake_export_include_directories-extras.cmake\n'}
[1.070681] (utils) StdoutLine: {'line': b'-- Up-to-date: /uros_ws/Brain_DEI/brain/install/utils/share/utils/cmake/ament_cmake_export_libraries-extras.cmake\n'}
[1.071240] (utils) StdoutLine: {'line': b'-- Up-to-date: /uros_ws/Brain_DEI/brain/install/utils/share/utils/cmake/ament_cmake_export_targets-extras.cmake\n'}
[1.072012] (utils) StdoutLine: {'line': b'-- Up-to-date: /uros_ws/Brain_DEI/brain/install/utils/share/utils/cmake/rosidl_cmake_export_typesupport_targets-extras.cmake\n'}
[1.072421] (utils) StdoutLine: {'line': b'-- Up-to-date: /uros_ws/Brain_DEI/brain/install/utils/share/utils/cmake/rosidl_cmake_export_typesupport_libraries-extras.cmake\n'}
[1.072884] (utils) StdoutLine: {'line': b'-- Up-to-date: /uros_ws/Brain_DEI/brain/install/utils/share/utils/cmake/utilsConfig.cmake\n'}
[1.073430] (utils) StdoutLine: {'line': b'-- Up-to-date: /uros_ws/Brain_DEI/brain/install/utils/share/utils/cmake/utilsConfig-version.cmake\n'}
[1.073825] (utils) StdoutLine: {'line': b'-- Up-to-date: /uros_ws/Brain_DEI/brain/install/utils/share/utils/package.xml\n'}
[1.076518] (utils) CommandEnded: {'returncode': 0}
[1.101290] (-) TimerEvent: {}
[1.143333] (utils) JobEnded: {'identifier': 'utils', 'rc': 0}
[1.147397] (input) JobStarted: {'identifier': 'input'}
[1.160732] (output) JobStarted: {'identifier': 'output'}
[1.173250] (unix_out) JobStarted: {'identifier': 'unix_out'}
[1.201447] (-) TimerEvent: {}
[1.302002] (-) TimerEvent: {}
[1.402593] (-) TimerEvent: {}
[1.503382] (-) TimerEvent: {}
[1.603923] (-) TimerEvent: {}
[1.704493] (-) TimerEvent: {}
[1.805115] (-) TimerEvent: {}
[1.905656] (-) TimerEvent: {}
[2.006171] (-) TimerEvent: {}
[2.106693] (-) TimerEvent: {}
[2.207242] (-) TimerEvent: {}
[2.307784] (-) TimerEvent: {}
[2.408305] (-) TimerEvent: {}
[2.508822] (-) TimerEvent: {}
[2.609353] (-) TimerEvent: {}
[2.709884] (-) TimerEvent: {}
[2.810588] (-) TimerEvent: {}
[2.911293] (-) TimerEvent: {}
[3.012029] (-) TimerEvent: {}
[3.112751] (-) TimerEvent: {}
[3.213281] (-) TimerEvent: {}
[3.313801] (-) TimerEvent: {}
[3.414327] (-) TimerEvent: {}
[3.514851] (-) TimerEvent: {}
[3.615424] (-) TimerEvent: {}
[3.715960] (-) TimerEvent: {}
[3.816499] (-) TimerEvent: {}
[3.852948] (unix_out) Command: {'cmd': ['/usr/bin/python3', '-W', 'ignore:setup.py install is deprecated', '-W', 'ignore:easy_install command is deprecated', 'setup.py', 'egg_info', '--egg-base', '../../build/unix_out', 'build', '--build-base', '/uros_ws/Brain_DEI/brain/build/unix_out/build', 'install', '--record', '/uros_ws/Brain_DEI/brain/build/unix_out/install.log', '--single-version-externally-managed', 'install_data'], 'cwd': '/uros_ws/Brain_DEI/brain/src/unix_out', 'env': {'LESSOPEN': '| /usr/bin/lesspipe %s', 'HOSTNAME': 'ubuntu', 'SHLVL': '1', 'LD_LIBRARY_PATH': '/uros_ws/Brain_DEI/brain/install/utils/lib:/uros_ws/install/micro_ros_agent/lib:/uros_ws/install/micro_ros_msgs/lib:/opt/ros/jazzy/opt/rviz_ogre_vendor/lib:/opt/ros/jazzy/lib/aarch64-linux-gnu:/opt/ros/jazzy/opt/gz_math_vendor/lib:/opt/ros/jazzy/opt/gz_utils_vendor/lib:/opt/ros/jazzy/opt/gz_cmake_vendor/lib:/opt/ros/jazzy/lib', 'HOME': '/root', 'OLDPWD': '/uros_ws/Brain_DEI/brain/src/input', 'MICROROS_DISABLE_SHM': '1', 'ROS_PYTHON_VERSION': '3', 'COLCON_PREFIX_PATH': '/uros_ws/Brain_DEI/brain/install:/uros_ws/install', 'ROS_DISTRO': 'jazzy', 'IGN_GAZEBO_MODEL_PATH': '/opt/ros/jazzy/share', '_': '/usr/bin/colcon', 'ROS_VERSION': '2', 'TERM': 'xterm', 'GAZEBO_MODEL_PATH': '/opt/ros/jazzy/share', 'PATH': '/opt/ros/jazzy/bin:/usr/local/sbin:/usr/local/bin:/usr/sbin:/usr/bin:/sbin:/bin', 'DISPLAY': ':0', 'LANG': 'C.UTF-8', 'RMW_IMPLEMENTATION': 'rmw_fastrtps_cpp', 'LS_COLORS': 'rs=0:di=01;34:ln=01;36:mh=00:pi=40;33:so=01;35:do=01;35:bd=40;33;01:cd=40;33;01:or=40;31;01:mi=00:su=37;41:sg=30;43:ca=00:tw=30;42:ow=34;42:st=37;44:ex=01;32:*.tar=01;31:*.tgz=01;31:*.arc=01;31:*.arj=01;31:*.taz=01;31:*.lha=01;31:*.lz4=01;31:*.lzh=01;31:*.lzma=01;31:*.tlz=01;31:*.txz=01;31:*.tzo=01;31:*.t7z=01;31:*.zip=01;31:*.z=01;31:*.dz=01;31:*.gz=01;31:*.lrz=01;31:*.lz=01;31:*.lzo=01;31:*.xz=01;31:*.zst=01;31:*.tzst=01;31:*.bz2=01;31:*.bz=01;31:*.tbz=01;31:*.tbz2=01;31:*.tz=01;31:*.deb=01;31:*.rpm=01;31:*.jar=01;31:*.war=01;31:*.ear=01;31:*.sar=01;31:*.rar=01;31:*.alz=01;31:*.ace=01;31:*.zoo=01;31:*.cpio=01;31:*.7z=01;31:*.rz=01;31:*.cab=01;31:*.wim=01;31:*.swm=01;31:*.dwm=01;31:*.esd=01;31:*.avif=01;35:*.jpg=01;35:*.jpeg=01;35:*.mjpg=01;35:*.mjpeg=01;35:*.gif=01;35:*.bmp=01;35:*.pbm=01;35:*.pgm=01;35:*.ppm=01;35:*.tga=01;35:*.xbm=01;35:*.xpm=01;35:*.tif=01;35:*.tiff=01;35:*.png=01;35:*.svg=01;35:*.svgz=01;35:*.mng=01;35:*.pcx=01;35:*.mov=01;35:*.mpg=01;35:*.mpeg=01;35:*.m2v=01;35:*.mkv=01;35:*.webm=01;35:*.webp=01;35:*.ogm=01;35:*.mp4=01;35:*.m4v=01;35:*.mp4v=01;35:*.vob=01;35:*.qt=01;35:*.nuv=01;35:*.wmv=01;35:*.asf=01;35:*.rm=01;35:*.rmvb=01;35:*.flc=01;35:*.avi=01;35:*.fli=01;35:*.flv=01;35:*.gl=01;35:*.dl=01;35:*.xcf=01;35:*.xwd=01;35:*.yuv=01;35:*.cgm=01;35:*.emf=01;35:*.ogv=01;35:*.ogx=01;35:*.aac=00;36:*.au=00;36:*.flac=00;36:*.m4a=00;36:*.mid=00;36:*.midi=00;36:*.mka=00;36:*.mp3=00;36:*.mpc=00;36:*.ogg=00;36:*.ra=00;36:*.wav=00;36:*.oga=00;36:*.opus=00;36:*.spx=00;36:*.xspf=00;36:*~=00;90:*#=00;90:*.bak=00;90:*.crdownload=00;90:*.dpkg-dist=00;90:*.dpkg-new=00;90:*.dpkg-old=00;90:*.dpkg-tmp=00;90:*.old=00;90:*.orig=00;90:*.part=00;90:*.rej=00;90:*.rpmnew=00;90:*.rpmorig=00;90:*.rpmsave=00;90:*.swp=00;90:*.tmp=00;90:*.ucf-dist=00;90:*.ucf-new=00;90:*.ucf-old=00;90:', 'AMENT_PREFIX_PATH': '/uros_ws/Brain_DEI/brain/install/unix_out:/uros_ws/Brain_DEI/brain/install/output:/uros_ws/Brain_DEI/brain/install/input:/uros_ws/Brain_DEI/brain/install/utils:/uros_ws/install/micro_ros_agent:/uros_ws/install/micro_ros_msgs:/opt/ros/jazzy', 'LESSCLOSE': '/usr/bin/lesspipe %s %s', 'IGN_GAZEBO_RESOURCE_PATH': '/opt/ros/jazzy/share', 'GAZEBO_RESOURCE_PATH': '/opt/ros/jazzy/share', 'ROS_AUTOMATIC_DISCOVERY_RANGE': 'SUBNET', 'PWD': '/uros_ws/Brain_DEI/brain/build/unix_out', 'LC_ALL': 'C.UTF-8', 'PYTHONPATH': '/uros_ws/Brain_DEI/brain/build/unix_out/prefix_override:/usr/lib/python3/dist-packages/colcon_core/task/python/colcon_distutils_commands:/uros_ws/Brain_DEI/brain/install/unix_out/lib/python3.12/site-packages:/uros_ws/Brain_DEI/brain/install/utils/lib/python3.12/site-packages:/uros_ws/Brain_DEI/brain/install/unix_out/lib/python3.12/site-packages:/uros_ws/Brain_DEI/brain/install/output/lib/python3.12/site-packages:/uros_ws/Brain_DEI/brain/install/input/lib/python3.12/site-packages:/uros_ws/install/micro_ros_msgs/lib/python3.12/site-packages:/opt/ros/jazzy/lib/python3.12/site-packages', 'COLCON': '1', 'CMAKE_PREFIX_PATH': '/uros_ws/Brain_DEI/brain/install/utils:/uros_ws/install/micro_ros_agent:/uros_ws/install/micro_ros_msgs:/opt/ros/jazzy/opt/gz_math_vendor:/opt/ros/jazzy/opt/gz_utils_vendor:/opt/ros/jazzy/opt/gz_cmake_vendor'}, 'shell': False}
[3.860140] (output) Command: {'cmd': ['/usr/bin/python3', '-W', 'ignore:setup.py install is deprecated', '-W', 'ignore:easy_install command is deprecated', 'setup.py', 'egg_info', '--egg-base', '../../../build/output', 'build', '--build-base', '/uros_ws/Brain_DEI/brain/build/output/build', 'install', '--record', '/uros_ws/Brain_DEI/brain/build/output/install.log', '--single-version-externally-managed', 'install_data'], 'cwd': '/uros_ws/Brain_DEI/brain/src/smart/output', 'env': {'LESSOPEN': '| /usr/bin/lesspipe %s', 'HOSTNAME': 'ubuntu', 'SHLVL': '1', 'LD_LIBRARY_PATH': '/uros_ws/Brain_DEI/brain/install/utils/lib:/uros_ws/install/micro_ros_agent/lib:/uros_ws/install/micro_ros_msgs/lib:/opt/ros/jazzy/opt/rviz_ogre_vendor/lib:/opt/ros/jazzy/lib/aarch64-linux-gnu:/opt/ros/jazzy/opt/gz_math_vendor/lib:/opt/ros/jazzy/opt/gz_utils_vendor/lib:/opt/ros/jazzy/opt/gz_cmake_vendor/lib:/opt/ros/jazzy/lib', 'HOME': '/root', 'OLDPWD': '/uros_ws/Brain_DEI/brain/src/input', 'MICROROS_DISABLE_SHM': '1', 'ROS_PYTHON_VERSION': '3', 'COLCON_PREFIX_PATH': '/uros_ws/Brain_DEI/brain/install:/uros_ws/install', 'ROS_DISTRO': 'jazzy', 'IGN_GAZEBO_MODEL_PATH': '/opt/ros/jazzy/share', '_': '/usr/bin/colcon', 'ROS_VERSION': '2', 'TERM': 'xterm', 'GAZEBO_MODEL_PATH': '/opt/ros/jazzy/share', 'PATH': '/opt/ros/jazzy/bin:/usr/local/sbin:/usr/local/bin:/usr/sbin:/usr/bin:/sbin:/bin', 'DISPLAY': ':0', 'LANG': 'C.UTF-8', 'RMW_IMPLEMENTATION': 'rmw_fastrtps_cpp', 'LS_COLORS': 'rs=0:di=01;34:ln=01;36:mh=00:pi=40;33:so=01;35:do=01;35:bd=40;33;01:cd=40;33;01:or=40;31;01:mi=00:su=37;41:sg=30;43:ca=00:tw=30;42:ow=34;42:st=37;44:ex=01;32:*.tar=01;31:*.tgz=01;31:*.arc=01;31:*.arj=01;31:*.taz=01;31:*.lha=01;31:*.lz4=01;31:*.lzh=01;31:*.lzma=01;31:*.tlz=01;31:*.txz=01;31:*.tzo=01;31:*.t7z=01;31:*.zip=01;31:*.z=01;31:*.dz=01;31:*.gz=01;31:*.lrz=01;31:*.lz=01;31:*.lzo=01;31:*.xz=01;31:*.zst=01;31:*.tzst=01;31:*.bz2=01;31:*.bz=01;31:*.tbz=01;31:*.tbz2=01;31:*.tz=01;31:*.deb=01;31:*.rpm=01;31:*.jar=01;31:*.war=01;31:*.ear=01;31:*.sar=01;31:*.rar=01;31:*.alz=01;31:*.ace=01;31:*.zoo=01;31:*.cpio=01;31:*.7z=01;31:*.rz=01;31:*.cab=01;31:*.wim=01;31:*.swm=01;31:*.dwm=01;31:*.esd=01;31:*.avif=01;35:*.jpg=01;35:*.jpeg=01;35:*.mjpg=01;35:*.mjpeg=01;35:*.gif=01;35:*.bmp=01;35:*.pbm=01;35:*.pgm=01;35:*.ppm=01;35:*.tga=01;35:*.xbm=01;35:*.xpm=01;35:*.tif=01;35:*.tiff=01;35:*.png=01;35:*.svg=01;35:*.svgz=01;35:*.mng=01;35:*.pcx=01;35:*.mov=01;35:*.mpg=01;35:*.mpeg=01;35:*.m2v=01;35:*.mkv=01;35:*.webm=01;35:*.webp=01;35:*.ogm=01;35:*.mp4=01;35:*.m4v=01;35:*.mp4v=01;35:*.vob=01;35:*.qt=01;35:*.nuv=01;35:*.wmv=01;35:*.asf=01;35:*.rm=01;35:*.rmvb=01;35:*.flc=01;35:*.avi=01;35:*.fli=01;35:*.flv=01;35:*.gl=01;35:*.dl=01;35:*.xcf=01;35:*.xwd=01;35:*.yuv=01;35:*.cgm=01;35:*.emf=01;35:*.ogv=01;35:*.ogx=01;35:*.aac=00;36:*.au=00;36:*.flac=00;36:*.m4a=00;36:*.mid=00;36:*.midi=00;36:*.mka=00;36:*.mp3=00;36:*.mpc=00;36:*.ogg=00;36:*.ra=00;36:*.wav=00;36:*.oga=00;36:*.opus=00;36:*.spx=00;36:*.xspf=00;36:*~=00;90:*#=00;90:*.bak=00;90:*.crdownload=00;90:*.dpkg-dist=00;90:*.dpkg-new=00;90:*.dpkg-old=00;90:*.dpkg-tmp=00;90:*.old=00;90:*.orig=00;90:*.part=00;90:*.rej=00;90:*.rpmnew=00;90:*.rpmorig=00;90:*.rpmsave=00;90:*.swp=00;90:*.tmp=00;90:*.ucf-dist=00;90:*.ucf-new=00;90:*.ucf-old=00;90:', 'AMENT_PREFIX_PATH': '/uros_ws/Brain_DEI/brain/install/unix_out:/uros_ws/Brain_DEI/brain/install/output:/uros_ws/Brain_DEI/brain/install/input:/uros_ws/Brain_DEI/brain/install/utils:/uros_ws/install/micro_ros_agent:/uros_ws/install/micro_ros_msgs:/opt/ros/jazzy', 'LESSCLOSE': '/usr/bin/lesspipe %s %s', 'IGN_GAZEBO_RESOURCE_PATH': '/opt/ros/jazzy/share', 'GAZEBO_RESOURCE_PATH': '/opt/ros/jazzy/share', 'ROS_AUTOMATIC_DISCOVERY_RANGE': 'SUBNET', 'PWD': '/uros_ws/Brain_DEI/brain/build/output', 'LC_ALL': 'C.UTF-8', 'PYTHONPATH': '/uros_ws/Brain_DEI/brain/build/output/prefix_override:/usr/lib/python3/dist-packages/colcon_core/task/python/colcon_distutils_commands:/uros_ws/Brain_DEI/brain/install/output/lib/python3.12/site-packages:/uros_ws/Brain_DEI/brain/install/utils/lib/python3.12/site-packages:/uros_ws/Brain_DEI/brain/install/unix_out/lib/python3.12/site-packages:/uros_ws/Brain_DEI/brain/install/output/lib/python3.12/site-packages:/uros_ws/Brain_DEI/brain/install/input/lib/python3.12/site-packages:/uros_ws/install/micro_ros_msgs/lib/python3.12/site-packages:/opt/ros/jazzy/lib/python3.12/site-packages', 'COLCON': '1', 'CMAKE_PREFIX_PATH': '/uros_ws/Brain_DEI/brain/install/utils:/uros_ws/install/micro_ros_agent:/uros_ws/install/micro_ros_msgs:/opt/ros/jazzy/opt/gz_math_vendor:/opt/ros/jazzy/opt/gz_utils_vendor:/opt/ros/jazzy/opt/gz_cmake_vendor'}, 'shell': False}
[3.916653] (-) TimerEvent: {}
[3.958393] (input) Command: {'cmd': ['/usr/bin/python3', '-W', 'ignore:setup.py install is deprecated', '-W', 'ignore:easy_install command is deprecated', 'setup.py', 'egg_info', '--egg-base', '../../build/input', 'build', '--build-base', '/uros_ws/Brain_DEI/brain/build/input/build', 'install', '--record', '/uros_ws/Brain_DEI/brain/build/input/install.log', '--single-version-externally-managed', 'install_data'], 'cwd': '/uros_ws/Brain_DEI/brain/src/input', 'env': {'LESSOPEN': '| /usr/bin/lesspipe %s', 'HOSTNAME': 'ubuntu', 'SHLVL': '1', 'LD_LIBRARY_PATH': '/uros_ws/Brain_DEI/brain/install/utils/lib:/uros_ws/install/micro_ros_agent/lib:/uros_ws/install/micro_ros_msgs/lib:/opt/ros/jazzy/opt/rviz_ogre_vendor/lib:/opt/ros/jazzy/lib/aarch64-linux-gnu:/opt/ros/jazzy/opt/gz_math_vendor/lib:/opt/ros/jazzy/opt/gz_utils_vendor/lib:/opt/ros/jazzy/opt/gz_cmake_vendor/lib:/opt/ros/jazzy/lib', 'HOME': '/root', 'OLDPWD': '/uros_ws/Brain_DEI/brain/src/input', 'MICROROS_DISABLE_SHM': '1', 'ROS_PYTHON_VERSION': '3', 'COLCON_PREFIX_PATH': '/uros_ws/Brain_DEI/brain/install:/uros_ws/install', 'ROS_DISTRO': 'jazzy', 'IGN_GAZEBO_MODEL_PATH': '/opt/ros/jazzy/share', '_': '/usr/bin/colcon', 'ROS_VERSION': '2', 'TERM': 'xterm', 'GAZEBO_MODEL_PATH': '/opt/ros/jazzy/share', 'PATH': '/opt/ros/jazzy/bin:/usr/local/sbin:/usr/local/bin:/usr/sbin:/usr/bin:/sbin:/bin', 'DISPLAY': ':0', 'LANG': 'C.UTF-8', 'RMW_IMPLEMENTATION': 'rmw_fastrtps_cpp', 'LS_COLORS': 'rs=0:di=01;34:ln=01;36:mh=00:pi=40;33:so=01;35:do=01;35:bd=40;33;01:cd=40;33;01:or=40;31;01:mi=00:su=37;41:sg=30;43:ca=00:tw=30;42:ow=34;42:st=37;44:ex=01;32:*.tar=01;31:*.tgz=01;31:*.arc=01;31:*.arj=01;31:*.taz=01;31:*.lha=01;31:*.lz4=01;31:*.lzh=01;31:*.lzma=01;31:*.tlz=01;31:*.txz=01;31:*.tzo=01;31:*.t7z=01;31:*.zip=01;31:*.z=01;31:*.dz=01;31:*.gz=01;31:*.lrz=01;31:*.lz=01;31:*.lzo=01;31:*.xz=01;31:*.zst=01;31:*.tzst=01;31:*.bz2=01;31:*.bz=01;31:*.tbz=01;31:*.tbz2=01;31:*.tz=01;31:*.deb=01;31:*.rpm=01;31:*.jar=01;31:*.war=01;31:*.ear=01;31:*.sar=01;31:*.rar=01;31:*.alz=01;31:*.ace=01;31:*.zoo=01;31:*.cpio=01;31:*.7z=01;31:*.rz=01;31:*.cab=01;31:*.wim=01;31:*.swm=01;31:*.dwm=01;31:*.esd=01;31:*.avif=01;35:*.jpg=01;35:*.jpeg=01;35:*.mjpg=01;35:*.mjpeg=01;35:*.gif=01;35:*.bmp=01;35:*.pbm=01;35:*.pgm=01;35:*.ppm=01;35:*.tga=01;35:*.xbm=01;35:*.xpm=01;35:*.tif=01;35:*.tiff=01;35:*.png=01;35:*.svg=01;35:*.svgz=01;35:*.mng=01;35:*.pcx=01;35:*.mov=01;35:*.mpg=01;35:*.mpeg=01;35:*.m2v=01;35:*.mkv=01;35:*.webm=01;35:*.webp=01;35:*.ogm=01;35:*.mp4=01;35:*.m4v=01;35:*.mp4v=01;35:*.vob=01;35:*.qt=01;35:*.nuv=01;35:*.wmv=01;35:*.asf=01;35:*.rm=01;35:*.rmvb=01;35:*.flc=01;35:*.avi=01;35:*.fli=01;35:*.flv=01;35:*.gl=01;35:*.dl=01;35:*.xcf=01;35:*.xwd=01;35:*.yuv=01;35:*.cgm=01;35:*.emf=01;35:*.ogv=01;35:*.ogx=01;35:*.aac=00;36:*.au=00;36:*.flac=00;36:*.m4a=00;36:*.mid=00;36:*.midi=00;36:*.mka=00;36:*.mp3=00;36:*.mpc=00;36:*.ogg=00;36:*.ra=00;36:*.wav=00;36:*.oga=00;36:*.opus=00;36:*.spx=00;36:*.xspf=00;36:*~=00;90:*#=00;90:*.bak=00;90:*.crdownload=00;90:*.dpkg-dist=00;90:*.dpkg-new=00;90:*.dpkg-old=00;90:*.dpkg-tmp=00;90:*.old=00;90:*.orig=00;90:*.part=00;90:*.rej=00;90:*.rpmnew=00;90:*.rpmorig=00;90:*.rpmsave=00;90:*.swp=00;90:*.tmp=00;90:*.ucf-dist=00;90:*.ucf-new=00;90:*.ucf-old=00;90:', 'AMENT_PREFIX_PATH': '/uros_ws/Brain_DEI/brain/install/unix_out:/uros_ws/Brain_DEI/brain/install/output:/uros_ws/Brain_DEI/brain/install/input:/uros_ws/Brain_DEI/brain/install/utils:/uros_ws/install/micro_ros_agent:/uros_ws/install/micro_ros_msgs:/opt/ros/jazzy', 'LESSCLOSE': '/usr/bin/lesspipe %s %s', 'IGN_GAZEBO_RESOURCE_PATH': '/opt/ros/jazzy/share', 'GAZEBO_RESOURCE_PATH': '/opt/ros/jazzy/share', 'ROS_AUTOMATIC_DISCOVERY_RANGE': 'SUBNET', 'PWD': '/uros_ws/Brain_DEI/brain/build/input', 'LC_ALL': 'C.UTF-8', 'PYTHONPATH': '/uros_ws/Brain_DEI/brain/build/input/prefix_override:/usr/lib/python3/dist-packages/colcon_core/task/python/colcon_distutils_commands:/uros_ws/Brain_DEI/brain/install/input/lib/python3.12/site-packages:/uros_ws/Brain_DEI/brain/install/utils/lib/python3.12/site-packages:/uros_ws/Brain_DEI/brain/install/unix_out/lib/python3.12/site-packages:/uros_ws/Brain_DEI/brain/install/output/lib/python3.12/site-packages:/uros_ws/Brain_DEI/brain/install/input/lib/python3.12/site-packages:/uros_ws/install/micro_ros_msgs/lib/python3.12/site-packages:/opt/ros/jazzy/lib/python3.12/site-packages', 'COLCON': '1', 'CMAKE_PREFIX_PATH': '/uros_ws/Brain_DEI/brain/install/utils:/uros_ws/install/micro_ros_agent:/uros_ws/install/micro_ros_msgs:/opt/ros/jazzy/opt/gz_math_vendor:/opt/ros/jazzy/opt/gz_utils_vendor:/opt/ros/jazzy/opt/gz_cmake_vendor'}, 'shell': False}
[4.016823] (-) TimerEvent: {}
[4.117360] (-) TimerEvent: {}
[4.217902] (-) TimerEvent: {}
[4.318430] (-) TimerEvent: {}
[4.370731] (unix_out) StdoutLine: {'line': b'running egg_info\n'}
[4.404881] (unix_out) StdoutLine: {'line': b'writing ../../build/unix_out/unix_out.egg-info/PKG-INFO\n'}
[4.405327] (output) StdoutLine: {'line': b'running egg_info\n'}
[4.405604] (unix_out) StdoutLine: {'line': b'writing dependency_links to ../../build/unix_out/unix_out.egg-info/dependency_links.txt\n'}
[4.405927] (unix_out) StdoutLine: {'line': b'writing entry points to ../../build/unix_out/unix_out.egg-info/entry_points.txt\n'}
[4.406238] (unix_out) StdoutLine: {'line': b'writing requirements to ../../build/unix_out/unix_out.egg-info/requires.txt\n'}
[4.406484] (unix_out) StdoutLine: {'line': b'writing top-level names to ../../build/unix_out/unix_out.egg-info/top_level.txt\n'}
[4.418516] (-) TimerEvent: {}
[4.438923] (output) StdoutLine: {'line': b'writing ../../../build/output/output.egg-info/PKG-INFO\n'}
[4.439531] (output) StdoutLine: {'line': b'writing dependency_links to ../../../build/output/output.egg-info/dependency_links.txt\n'}
[4.439986] (output) StdoutLine: {'line': b'writing requirements to ../../../build/output/output.egg-info/requires.txt\n'}
[4.440233] (output) StdoutLine: {'line': b'writing top-level names to ../../../build/output/output.egg-info/top_level.txt\n'}
[4.476129] (unix_out) StdoutLine: {'line': b"reading manifest file '../../build/unix_out/unix_out.egg-info/SOURCES.txt'\n"}
[4.477703] (unix_out) StdoutLine: {'line': b"writing manifest file '../../build/unix_out/unix_out.egg-info/SOURCES.txt'\n"}
[4.478104] (unix_out) StdoutLine: {'line': b'running build\n'}
[4.478316] (unix_out) StdoutLine: {'line': b'running build_py\n'}
[4.478843] (unix_out) StdoutLine: {'line': b'running install\n'}
[4.490931] (unix_out) StdoutLine: {'line': b'running install_lib\n'}
[4.514077] (output) StdoutLine: {'line': b"reading manifest file '../../../build/output/output.egg-info/SOURCES.txt'\n"}
[4.515799] (output) StdoutLine: {'line': b"writing manifest file '../../../build/output/output.egg-info/SOURCES.txt'\n"}
[4.516143] (output) StdoutLine: {'line': b'running build\n'}
[4.516438] (output) StdoutLine: {'line': b'running build_py\n'}
[4.517511] (output) StdoutLine: {'line': b'running install\n'}
[4.518591] (-) TimerEvent: {}
[4.527008] (unix_out) StdoutLine: {'line': b'running install_data\n'}
[4.527454] (unix_out) StdoutLine: {'line': b'running install_egg_info\n'}
[4.529858] (output) StdoutLine: {'line': b'running install_lib\n'}
[4.530221] (input) StdoutLine: {'line': b'running egg_info\n'}
[4.564645] (input) StdoutLine: {'line': b'writing ../../build/input/input.egg-info/PKG-INFO\n'}
[4.565401] (unix_out) StdoutLine: {'line': b"removing '/uros_ws/Brain_DEI/brain/install/unix_out/lib/python3.12/site-packages/unix_out-0.0.0-py3.12.egg-info' (and everything under it)\n"}
[4.565724] (input) StdoutLine: {'line': b'writing dependency_links to ../../build/input/input.egg-info/dependency_links.txt\n'}
[4.566002] (input) StdoutLine: {'line': b'writing entry points to ../../build/input/input.egg-info/entry_points.txt\n'}
[4.566582] (unix_out) StdoutLine: {'line': b'Copying ../../build/unix_out/unix_out.egg-info to /uros_ws/Brain_DEI/brain/install/unix_out/lib/python3.12/site-packages/unix_out-0.0.0-py3.12.egg-info\n'}
[4.566789] (input) StdoutLine: {'line': b'writing requirements to ../../build/input/input.egg-info/requires.txt\n'}
[4.566950] (input) StdoutLine: {'line': b'writing top-level names to ../../build/input/input.egg-info/top_level.txt\n'}
[4.567784] (output) StdoutLine: {'line': b'running install_data\n'}
[4.568074] (output) StdoutLine: {'line': b'running install_egg_info\n'}
[4.569108] (unix_out) StdoutLine: {'line': b'running install_scripts\n'}
[4.606423] (output) StdoutLine: {'line': b"removing '/uros_ws/Brain_DEI/brain/install/output/lib/python3.12/site-packages/output-0.0.0-py3.12.egg-info' (and everything under it)\n"}
[4.607152] (output) StdoutLine: {'line': b'Copying ../../../build/output/output.egg-info to /uros_ws/Brain_DEI/brain/install/output/lib/python3.12/site-packages/output-0.0.0-py3.12.egg-info\n'}
[4.609393] (output) StdoutLine: {'line': b'running install_scripts\n'}
[4.618709] (-) TimerEvent: {}
[4.640370] (input) StdoutLine: {'line': b"reading manifest file '../../build/input/input.egg-info/SOURCES.txt'\n"}
[4.642329] (input) StdoutLine: {'line': b"writing manifest file '../../build/input/input.egg-info/SOURCES.txt'\n"}
[4.642727] (input) StdoutLine: {'line': b'running build\n'}
[4.642948] (input) StdoutLine: {'line': b'running build_py\n'}
[4.644402] (input) StdoutLine: {'line': b'creating /uros_ws/Brain_DEI/brain/build/input/build/lib/data/TrafficCommunication\n'}
[4.644705] (input) StdoutLine: {'line': b'copying src/data/TrafficCommunication/processTrafficCommunication.py -> /uros_ws/Brain_DEI/brain/build/input/build/lib/data/TrafficCommunication\n'}
[4.645886] (input) StdoutLine: {'line': b'copying src/data/TrafficCommunication/__init__.py -> /uros_ws/Brain_DEI/brain/build/input/build/lib/data/TrafficCommunication\n'}
[4.646144] (input) StdoutLine: {'line': b'creating /uros_ws/Brain_DEI/brain/build/input/build/lib/data/Semaphores\n'}
[4.646314] (input) StdoutLine: {'line': b'copying src/data/Semaphores/__init__.py -> /uros_ws/Brain_DEI/brain/build/input/build/lib/data/Semaphores\n'}
[4.646952] (input) StdoutLine: {'line': b'copying src/data/Semaphores/processSemaphores.py -> /uros_ws/Brain_DEI/brain/build/input/build/lib/data/Semaphores\n'}
[4.647311] (input) StdoutLine: {'line': b'creating /uros_ws/Brain_DEI/brain/build/input/build/lib/data/TrafficCommunication/useful\n'}
[4.647486] (input) StdoutLine: {'line': b'copying src/data/TrafficCommunication/useful/keyDealer.py -> /uros_ws/Brain_DEI/brain/build/input/build/lib/data/TrafficCommunication/useful\n'}
[4.647781] (input) StdoutLine: {'line': b'copying src/data/TrafficCommunication/useful/periodicTask.py -> /uros_ws/Brain_DEI/brain/build/input/build/lib/data/TrafficCommunication/useful\n'}
[4.647991] (input) StdoutLine: {'line': b'copying src/data/TrafficCommunication/useful/sharedMem.py -> /uros_ws/Brain_DEI/brain/build/input/build/lib/data/TrafficCommunication/useful\n'}
[4.648138] (input) StdoutLine: {'line': b'copying src/data/TrafficCommunication/useful/__init__.py -> /uros_ws/Brain_DEI/brain/build/input/build/lib/data/TrafficCommunication/useful\n'}
[4.648352] (input) StdoutLine: {'line': b'creating /uros_ws/Brain_DEI/brain/build/input/build/lib/data/TrafficCommunication/threads\n'}
[4.648622] (input) StdoutLine: {'line': b'copying src/data/TrafficCommunication/threads/tcpClient.py -> /uros_ws/Brain_DEI/brain/build/input/build/lib/data/TrafficCommunication/threads\n'}
[4.648906] (input) StdoutLine: {'line': b'copying src/data/TrafficCommunication/threads/udpListener.py -> /uros_ws/Brain_DEI/brain/build/input/build/lib/data/TrafficCommunication/threads\n'}
[4.649219] (input) StdoutLine: {'line': b'copying src/data/TrafficCommunication/threads/__init__.py -> /uros_ws/Brain_DEI/brain/build/input/build/lib/data/TrafficCommunication/threads\n'}
[4.649521] (input) StdoutLine: {'line': b'copying src/data/TrafficCommunication/threads/threadTrafficCommunication.py -> /uros_ws/Brain_DEI/brain/build/input/build/lib/data/TrafficCommunication/threads\n'}
[4.650071] (input) StdoutLine: {'line': b'creating /uros_ws/Brain_DEI/brain/build/input/build/lib/data/Semaphores/threads\n'}
[4.650293] (input) StdoutLine: {'line': b'copying src/data/Semaphores/threads/threadSemaphores.py -> /uros_ws/Brain_DEI/brain/build/input/build/lib/data/Semaphores/threads\n'}
[4.650607] (input) StdoutLine: {'line': b'copying src/data/Semaphores/threads/udpListener.py -> /uros_ws/Brain_DEI/brain/build/input/build/lib/data/Semaphores/threads\n'}
[4.650901] (input) StdoutLine: {'line': b'copying src/data/Semaphores/threads/__init__.py -> /uros_ws/Brain_DEI/brain/build/input/build/lib/data/Semaphores/threads\n'}
[4.652533] (input) StdoutLine: {'line': b'running install\n'}
[4.666191] (input) StdoutLine: {'line': b'running install_lib\n'}
[4.703266] (input) StdoutLine: {'line': b'creating /uros_ws/Brain_DEI/brain/install/input/lib/python3.12/site-packages/data/TrafficCommunication\n'}
[4.703724] (input) StdoutLine: {'line': b'copying /uros_ws/Brain_DEI/brain/build/input/build/lib/data/TrafficCommunication/__init__.py -> /uros_ws/Brain_DEI/brain/install/input/lib/python3.12/site-packages/data/TrafficCommunication\n'}
[4.703968] (input) StdoutLine: {'line': b'copying /uros_ws/Brain_DEI/brain/build/input/build/lib/data/TrafficCommunication/processTrafficCommunication.py -> /uros_ws/Brain_DEI/brain/install/input/lib/python3.12/site-packages/data/TrafficCommunication\n'}
[4.704192] (input) StdoutLine: {'line': b'creating /uros_ws/Brain_DEI/brain/install/input/lib/python3.12/site-packages/data/TrafficCommunication/useful\n'}
[4.704409] (input) StdoutLine: {'line': b'copying /uros_ws/Brain_DEI/brain/build/input/build/lib/data/TrafficCommunication/useful/__init__.py -> /uros_ws/Brain_DEI/brain/install/input/lib/python3.12/site-packages/data/TrafficCommunication/useful\n'}
[4.704702] (input) StdoutLine: {'line': b'copying /uros_ws/Brain_DEI/brain/build/input/build/lib/data/TrafficCommunication/useful/keyDealer.py -> /uros_ws/Brain_DEI/brain/install/input/lib/python3.12/site-packages/data/TrafficCommunication/useful\n'}
[4.705025] (input) StdoutLine: {'line': b'copying /uros_ws/Brain_DEI/brain/build/input/build/lib/data/TrafficCommunication/useful/periodicTask.py -> /uros_ws/Brain_DEI/brain/install/input/lib/python3.12/site-packages/data/TrafficCommunication/useful\n'}
[4.705334] (input) StdoutLine: {'line': b'copying /uros_ws/Brain_DEI/brain/build/input/build/lib/data/TrafficCommunication/useful/sharedMem.py -> /uros_ws/Brain_DEI/brain/install/input/lib/python3.12/site-packages/data/TrafficCommunication/useful\n'}
[4.705685] (input) StdoutLine: {'line': b'creating /uros_ws/Brain_DEI/brain/install/input/lib/python3.12/site-packages/data/TrafficCommunication/threads\n'}
[4.705892] (input) StdoutLine: {'line': b'copying /uros_ws/Brain_DEI/brain/build/input/build/lib/data/TrafficCommunication/threads/__init__.py -> /uros_ws/Brain_DEI/brain/install/input/lib/python3.12/site-packages/data/TrafficCommunication/threads\n'}
[4.706172] (input) StdoutLine: {'line': b'copying /uros_ws/Brain_DEI/brain/build/input/build/lib/data/TrafficCommunication/threads/tcpClient.py -> /uros_ws/Brain_DEI/brain/install/input/lib/python3.12/site-packages/data/TrafficCommunication/threads\n'}
[4.706483] (input) StdoutLine: {'line': b'copying /uros_ws/Brain_DEI/brain/build/input/build/lib/data/TrafficCommunication/threads/threadTrafficCommunication.py -> /uros_ws/Brain_DEI/brain/install/input/lib/python3.12/site-packages/data/TrafficCommunication/threads\n'}
[4.707029] (input) StdoutLine: {'line': b'copying /uros_ws/Brain_DEI/brain/build/input/build/lib/data/TrafficCommunication/threads/udpListener.py -> /uros_ws/Brain_DEI/brain/install/input/lib/python3.12/site-packages/data/TrafficCommunication/threads\n'}
[4.707488] (input) StdoutLine: {'line': b'creating /uros_ws/Brain_DEI/brain/install/input/lib/python3.12/site-packages/data/Semaphores\n'}
[4.707702] (input) StdoutLine: {'line': b'copying /uros_ws/Brain_DEI/brain/build/input/build/lib/data/Semaphores/__init__.py -> /uros_ws/Brain_DEI/brain/install/input/lib/python3.12/site-packages/data/Semaphores\n'}
[4.708020] (input) StdoutLine: {'line': b'creating /uros_ws/Brain_DEI/brain/install/input/lib/python3.12/site-packages/data/Semaphores/threads\n'}
[4.708214] (input) StdoutLine: {'line': b'copying /uros_ws/Brain_DEI/brain/build/input/build/lib/data/Semaphores/threads/__init__.py -> /uros_ws/Brain_DEI/brain/install/input/lib/python3.12/site-packages/data/Semaphores/threads\n'}
[4.708492] (input) StdoutLine: {'line': b'copying /uros_ws/Brain_DEI/brain/build/input/build/lib/data/Semaphores/threads/threadSemaphores.py -> /uros_ws/Brain_DEI/brain/install/input/lib/python3.12/site-packages/data/Semaphores/threads\n'}
[4.708789] (input) StdoutLine: {'line': b'copying /uros_ws/Brain_DEI/brain/build/input/build/lib/data/Semaphores/threads/udpListener.py -> /uros_ws/Brain_DEI/brain/install/input/lib/python3.12/site-packages/data/Semaphores/threads\n'}
[4.709090] (input) StdoutLine: {'line': b'copying /uros_ws/Brain_DEI/brain/build/input/build/lib/data/Semaphores/processSemaphores.py -> /uros_ws/Brain_DEI/brain/install/input/lib/python3.12/site-packages/data/Semaphores\n'}
[4.710917] (input) StdoutLine: {'line': b'byte-compiling /uros_ws/Brain_DEI/brain/install/input/lib/python3.12/site-packages/data/TrafficCommunication/__init__.py to __init__.cpython-312.pyc\n'}
[4.711588] (input) StdoutLine: {'line': b'byte-compiling /uros_ws/Brain_DEI/brain/install/input/lib/python3.12/site-packages/data/TrafficCommunication/processTrafficCommunication.py to processTrafficCommunication.cpython-312.pyc\n'}
[4.713163] (input) StdoutLine: {'line': b'byte-compiling /uros_ws/Brain_DEI/brain/install/input/lib/python3.12/site-packages/data/TrafficCommunication/useful/__init__.py to __init__.cpython-312.pyc\n'}
[4.713700] (input) StdoutLine: {'line': b'byte-compiling /uros_ws/Brain_DEI/brain/install/input/lib/python3.12/site-packages/data/TrafficCommunication/useful/keyDealer.py to keyDealer.cpython-312.pyc\n'}
[4.715324] (input) StdoutLine: {'line': b'byte-compiling /uros_ws/Brain_DEI/brain/install/input/lib/python3.12/site-packages/data/TrafficCommunication/useful/periodicTask.py to periodicTask.cpython-312.pyc\n'}
[4.716068] (input) StdoutLine: {'line': b'byte-compiling /uros_ws/Brain_DEI/brain/install/input/lib/python3.12/site-packages/data/TrafficCommunication/useful/sharedMem.py to sharedMem.cpython-312.pyc\n'}
[4.717535] (input) StdoutLine: {'line': b'byte-compiling /uros_ws/Brain_DEI/brain/install/input/lib/python3.12/site-packages/data/TrafficCommunication/threads/__init__.py to __init__.cpython-312.pyc\n'}
[4.718027] (input) StdoutLine: {'line': b'byte-compiling /uros_ws/Brain_DEI/brain/install/input/lib/python3.12/site-packages/data/TrafficCommunication/threads/tcpClient.py to tcpClient.cpython-312.pyc\n'}
[4.718779] (-) TimerEvent: {}
[4.719834] (input) StdoutLine: {'line': b'byte-compiling /uros_ws/Brain_DEI/brain/install/input/lib/python3.12/site-packages/data/TrafficCommunication/threads/threadTrafficCommunication.py to threadTrafficCommunication.cpython-312.pyc\n'}
[4.720902] (input) StdoutLine: {'line': b'byte-compiling /uros_ws/Brain_DEI/brain/install/input/lib/python3.12/site-packages/data/TrafficCommunication/threads/udpListener.py to udpListener.cpython-312.pyc\n'}
[4.721874] (input) StdoutLine: {'line': b'byte-compiling /uros_ws/Brain_DEI/brain/install/input/lib/python3.12/site-packages/data/Semaphores/__init__.py to __init__.cpython-312.pyc\n'}
[4.722410] (input) StdoutLine: {'line': b'byte-compiling /uros_ws/Brain_DEI/brain/install/input/lib/python3.12/site-packages/data/Semaphores/threads/__init__.py to __init__.cpython-312.pyc\n'}
[4.722914] (input) StdoutLine: {'line': b'byte-compiling /uros_ws/Brain_DEI/brain/install/input/lib/python3.12/site-packages/data/Semaphores/threads/threadSemaphores.py to threadSemaphores.cpython-312.pyc\n'}
[4.724047] (input) StdoutLine: {'line': b'byte-compiling /uros_ws/Brain_DEI/brain/install/input/lib/python3.12/site-packages/data/Semaphores/threads/udpListener.py to udpListener.cpython-312.pyc\n'}
[4.725024] (input) StdoutLine: {'line': b'byte-compiling /uros_ws/Brain_DEI/brain/install/input/lib/python3.12/site-packages/data/Semaphores/processSemaphores.py to processSemaphores.cpython-312.pyc\n'}
[4.726113] (input) StdoutLine: {'line': b'running install_data\n'}
[4.726424] (input) StdoutLine: {'line': b'running install_egg_info\n'}
[4.767253] (input) StdoutLine: {'line': b"removing '/uros_ws/Brain_DEI/brain/install/input/lib/python3.12/site-packages/input-0.0.0-py3.12.egg-info' (and everything under it)\n"}
[4.768062] (input) StdoutLine: {'line': b'Copying ../../build/input/input.egg-info to /uros_ws/Brain_DEI/brain/install/input/lib/python3.12/site-packages/input-0.0.0-py3.12.egg-info\n'}
[4.770316] (input) StdoutLine: {'line': b'running install_scripts\n'}
[4.815731] (unix_out) StdoutLine: {'line': b'Installing camera_to_socket script to /uros_ws/Brain_DEI/brain/install/unix_out/lib/unix_out\n'}
[4.816388] (unix_out) StdoutLine: {'line': b'Installing lidar_to_socket script to /uros_ws/Brain_DEI/brain/install/unix_out/lib/unix_out\n'}
[4.816696] (unix_out) StdoutLine: {'line': b'Installing metrics_to_socket script to /uros_ws/Brain_DEI/brain/install/unix_out/lib/unix_out\n'}
[4.817062] (unix_out) StdoutLine: {'line': b"writing list of installed files to '/uros_ws/Brain_DEI/brain/build/unix_out/install.log'\n"}
[4.818867] (-) TimerEvent: {}
[4.871211] (output) StdoutLine: {'line': b"writing list of installed files to '/uros_ws/Brain_DEI/brain/build/output/install.log'\n"}
[4.903862] (unix_out) CommandEnded: {'returncode': 0}
[4.918573] (unix_out) JobEnded: {'identifier': 'unix_out', 'rc': 0}
[4.919992] (-) TimerEvent: {}
[4.968540] (output) CommandEnded: {'returncode': 0}
[4.981686] (output) JobEnded: {'identifier': 'output', 'rc': 0}
[5.020206] (-) TimerEvent: {}
[5.033476] (input) StdoutLine: {'line': b'Installing gpstrackerNODE script to /uros_ws/Brain_DEI/brain/install/input/lib/input\n'}
[5.033960] (input) StdoutLine: {'line': b'Installing imuNODE script to /uros_ws/Brain_DEI/brain/install/input/lib/input\n'}
[5.034281] (input) StdoutLine: {'line': b'Installing semaphoreBridgeNODE script to /uros_ws/Brain_DEI/brain/install/input/lib/input\n'}
[5.034576] (input) StdoutLine: {'line': b'Installing semaphoreNODE script to /uros_ws/Brain_DEI/brain/install/input/lib/input\n'}
[5.034862] (input) StdoutLine: {'line': b'Installing sonarNODE script to /uros_ws/Brain_DEI/brain/install/input/lib/input\n'}
[5.035142] (input) StdoutLine: {'line': b'Installing trafficBridgeNODE script to /uros_ws/Brain_DEI/brain/install/input/lib/input\n'}
[5.037046] (input) StdoutLine: {'line': b"writing list of installed files to '/uros_ws/Brain_DEI/brain/build/input/install.log'\n"}
[5.120408] (-) TimerEvent: {}
[5.128492] (input) CommandEnded: {'returncode': 0}
[5.150375] (input) JobEnded: {'identifier': 'input', 'rc': 0}
[5.153582] (-) EventReactorShutdown: {}
