[0.000000] (-) TimerEvent: {}
[0.000215] (utils) JobQueued: {'identifier': 'utils', 'dependencies': OrderedDict()}
[0.000245] (input) JobQueued: {'identifier': 'input', 'dependencies': OrderedDict({'utils': '/home/hisham/BFMC/Brain_DEI/brain/install/utils'})}
[0.000265] (output) JobQueued: {'identifier': 'output', 'dependencies': OrderedDict({'utils': '/home/hisham/BFMC/Brain_DEI/brain/install/utils'})}
[0.000280] (unix_out) JobQueued: {'identifier': 'unix_out', 'dependencies': OrderedDict({'utils': '/home/hisham/BFMC/Brain_DEI/brain/install/utils'})}
[0.000512] (utils) JobStarted: {'identifier': 'utils'}
[0.007691] (utils) JobProgress: {'identifier': 'utils', 'progress': 'cmake'}
[0.008201] (utils) Command: {'cmd': ['/usr/bin/cmake', '/home/hisham/BFMC/Brain_DEI/brain/src/utils', '-DCMAKE_INSTALL_PREFIX=/home/hisham/BFMC/Brain_DEI/brain/install/utils'], 'cwd': '/home/hisham/BFMC/Brain_DEI/brain/build/utils', 'env': OrderedDict({'LESSOPEN': '| /usr/bin/lesspipe %s', 'GZ_SIM_RESOURCE_PATH': '/opt/ros/jazzy/share', 'USER': 'hisham', 'GZ_CONFIG_PATH': '/opt/ros/jazzy/opt/gz_sim_vendor/share/gz:/opt/ros/jazzy/opt/sdformat_vendor/share/gz:/opt/ros/jazzy/opt/gz_gui_vendor/share/gz:/opt/ros/jazzy/opt/gz_transport_vendor/share/gz:/opt/ros/jazzy/opt/gz_rendering_vendor/share/gz:/opt/ros/jazzy/opt/gz_plugin_vendor/share/gz:/opt/ros/jazzy/opt/gz_fuel_tools_vendor/share/gz:/opt/ros/jazzy/opt/gz_msgs_vendor/share/gz:/opt/ros/jazzy/opt/gz_common_vendor/share/gz', 'XDG_SESSION_TYPE': 'x11', 'STM32CubeMX_PATH': '/home/hisham/STM32CubeMX', 'SHLVL': '1', 'LD_LIBRARY_PATH': '/opt/ros/jazzy/opt/zenoh_cpp_vendor/lib:/opt/ros/jazzy/opt/gz_sim_vendor/lib:/opt/ros/jazzy/opt/gz_sensors_vendor/lib:/opt/ros/jazzy/opt/gz_physics_vendor/lib:/opt/ros/jazzy/opt/sdformat_vendor/lib:/opt/ros/jazzy/opt/rviz_ogre_vendor/lib:/opt/ros/jazzy/lib/x86_64-linux-gnu:/opt/ros/jazzy/opt/gz_gui_vendor/lib:/opt/ros/jazzy/opt/gz_transport_vendor/lib:/opt/ros/jazzy/opt/gz_rendering_vendor/lib:/opt/ros/jazzy/opt/gz_plugin_vendor/lib:/opt/ros/jazzy/opt/gz_fuel_tools_vendor/lib:/opt/ros/jazzy/opt/gz_msgs_vendor/lib:/opt/ros/jazzy/opt/gz_common_vendor/lib:/opt/ros/jazzy/opt/gz_math_vendor/lib:/opt/ros/jazzy/opt/gz_utils_vendor/lib:/opt/ros/jazzy/opt/gz_tools_vendor/lib:/opt/ros/jazzy/opt/gz_ogre_next_vendor/lib:/opt/ros/jazzy/opt/gz_dartsim_vendor/lib:/opt/ros/jazzy/opt/gz_cmake_vendor/lib:/opt/ros/jazzy/lib:/home/hisham/acados_ws/acados/lib:', 'HOME': '/home/hisham', 'OLDPWD': '/home/hisham/BFMC/Brain_DEI', 'DESKTOP_SESSION': 'ubuntu', 'ROS_PYTHON_VERSION': '3', 'GNOME_SHELL_SESSION_MODE': 'ubuntu', 'GTK_MODULES': 'gail:atk-bridge', 'DBUS_STARTER_BUS_TYPE': 'session', 'SYSTEMD_EXEC_PID': '3010', 'GSM_SKIP_SSH_AGENT_WORKAROUND': 'true', 'DBUS_SESSION_BUS_ADDRESS': 'unix:path=/run/user/1000/bus,guid=34fd7da4f4a81523c877782769f1285b', 'COLORTERM': 'truecolor', 'DEBUGINFOD_URLS': 'https://debuginfod.ubuntu.com', 'ROS_DISTRO': 'jazzy', 'LOGNAME': 'hisham', '_': '/usr/bin/colcon', 'ROS_VERSION': '2', 'MEMORY_PRESSURE_WATCH': '/sys/fs/cgroup/user.slice/user-1000.slice/user@1000.service/app.slice/app-gnome\\x2dsession\\x2dmanager.slice/gnome-session-manager@ubuntu.service/memory.pressure', 'XDG_SESSION_CLASS': 'user', 'USERNAME': 'hisham', 'TERM': 'xterm-256color', 'GNOME_DESKTOP_SESSION_ID': 'this-is-deprecated', 'WINDOWPATH': '2', 'PATH': '/opt/ros/jazzy/opt/gz_msgs_vendor/bin:/opt/ros/jazzy/opt/gz_tools_vendor/bin:/opt/ros/jazzy/opt/gz_ogre_next_vendor/bin:/opt/ros/jazzy/bin:/home/hisham/miniconda3/bin:/home/hisham/.local/bin:/usr/local/sbin:/usr/local/bin:/usr/sbin:/usr/bin:/sbin:/bin:/usr/games:/usr/local/games:/snap/bin:/snap/bin', 'SESSION_MANAGER': 'local/hisham-IdeaPad-Gaming-3-15IMH05:@/tmp/.ICE-unix/3010,unix/hisham-IdeaPad-Gaming-3-15IMH05:/tmp/.ICE-unix/3010', 'XDG_MENU_PREFIX': 'gnome-', 'GNOME_TERMINAL_SCREEN': '/org/gnome/Terminal/screen/ca7c3419_8977_4068_946f_fdc1c080dbf7', 'XDG_RUNTIME_DIR': '/run/user/1000', 'DISPLAY': ':1', 'LANG': 'en_US.UTF-8', 'XDG_CURRENT_DESKTOP': 'ubuntu:GNOME', 'XMODIFIERS': '@im=ibus', 'XDG_SESSION_DESKTOP': 'ubuntu', 'XAUTHORITY': '/run/user/1000/gdm/Xauthority', 'LS_COLORS': 'rs=0:di=01;34:ln=01;36:mh=00:pi=40;33:so=01;35:do=01;35:bd=40;33;01:cd=40;33;01:or=40;31;01:mi=00:su=37;41:sg=30;43:ca=00:tw=30;42:ow=34;42:st=37;44:ex=01;32:*.tar=01;31:*.tgz=01;31:*.arc=01;31:*.arj=01;31:*.taz=01;31:*.lha=01;31:*.lz4=01;31:*.lzh=01;31:*.lzma=01;31:*.tlz=01;31:*.txz=01;31:*.tzo=01;31:*.t7z=01;31:*.zip=01;31:*.z=01;31:*.dz=01;31:*.gz=01;31:*.lrz=01;31:*.lz=01;31:*.lzo=01;31:*.xz=01;31:*.zst=01;31:*.tzst=01;31:*.bz2=01;31:*.bz=01;31:*.tbz=01;31:*.tbz2=01;31:*.tz=01;31:*.deb=01;31:*.rpm=01;31:*.jar=01;31:*.war=01;31:*.ear=01;31:*.sar=01;31:*.rar=01;31:*.alz=01;31:*.ace=01;31:*.zoo=01;31:*.cpio=01;31:*.7z=01;31:*.rz=01;31:*.cab=01;31:*.wim=01;31:*.swm=01;31:*.dwm=01;31:*.esd=01;31:*.avif=01;35:*.jpg=01;35:*.jpeg=01;35:*.mjpg=01;35:*.mjpeg=01;35:*.gif=01;35:*.bmp=01;35:*.pbm=01;35:*.pgm=01;35:*.ppm=01;35:*.tga=01;35:*.xbm=01;35:*.xpm=01;35:*.tif=01;35:*.tiff=01;35:*.png=01;35:*.svg=01;35:*.svgz=01;35:*.mng=01;35:*.pcx=01;35:*.mov=01;35:*.mpg=01;35:*.mpeg=01;35:*.m2v=01;35:*.mkv=01;35:*.webm=01;35:*.webp=01;35:*.ogm=01;35:*.mp4=01;35:*.m4v=01;35:*.mp4v=01;35:*.vob=01;35:*.qt=01;35:*.nuv=01;35:*.wmv=01;35:*.asf=01;35:*.rm=01;35:*.rmvb=01;35:*.flc=01;35:*.avi=01;35:*.fli=01;35:*.flv=01;35:*.gl=01;35:*.dl=01;35:*.xcf=01;35:*.xwd=01;35:*.yuv=01;35:*.cgm=01;35:*.emf=01;35:*.ogv=01;35:*.ogx=01;35:*.aac=00;36:*.au=00;36:*.flac=00;36:*.m4a=00;36:*.mid=00;36:*.midi=00;36:*.mka=00;36:*.mp3=00;36:*.mpc=00;36:*.ogg=00;36:*.ra=00;36:*.wav=00;36:*.oga=00;36:*.opus=00;36:*.spx=00;36:*.xspf=00;36:*~=00;90:*#=00;90:*.bak=00;90:*.crdownload=00;90:*.dpkg-dist=00;90:*.dpkg-new=00;90:*.dpkg-old=00;90:*.dpkg-tmp=00;90:*.old=00;90:*.orig=00;90:*.part=00;90:*.rej=00;90:*.rpmnew=00;90:*.rpmorig=00;90:*.rpmsave=00;90:*.swp=00;90:*.tmp=00;90:*.ucf-dist=00;90:*.ucf-new=00;90:*.ucf-old=00;90:', 'GNOME_TERMINAL_SERVICE': ':1.471', 'SSH_AUTH_SOCK': '/run/user/1000/keyring/ssh', 'AMENT_PREFIX_PATH': '/opt/ros/jazzy', 'SHELL': '/bin/bash', 'QT_ACCESSIBILITY': '1', 'GDMSESSION': 'ubuntu', 'LESSCLOSE': '/usr/bin/lesspipe %s %s', 'GPG_AGENT_INFO': '/run/user/1000/gnupg/S.gpg-agent:0:1', 'ROS_AUTOMATIC_DISCOVERY_RANGE': 'SUBNET', 'QT_IM_MODULE': 'ibus', 'PWD': '/home/hisham/BFMC/Brain_DEI/brain/build/utils', 'XDG_CONFIG_DIRS': '/etc/xdg/xdg-ubuntu:/etc/xdg', 'DBUS_STARTER_ADDRESS': 'unix:path=/run/user/1000/bus,guid=34fd7da4f4a81523c877782769f1285b', 'XDG_DATA_DIRS': '/usr/share/ubuntu:/usr/share/gnome:/usr/local/share/:/usr/share/:/var/lib/snapd/desktop', 'PYTHONPATH': '/opt/ros/jazzy/lib/python3.12/site-packages', 'COLCON': '1', 'MEMORY_PRESSURE_WRITE': 'c29tZSAyMDAwMDAgMjAwMDAwMAA=', 'VTE_VERSION': '7600', 'CMAKE_PREFIX_PATH': '/opt/ros/jazzy/opt/gz_sim_vendor:/opt/ros/jazzy/opt/gz_sensors_vendor:/opt/ros/jazzy/opt/gz_physics_vendor:/opt/ros/jazzy/opt/sdformat_vendor:/opt/ros/jazzy/opt/gz_gui_vendor:/opt/ros/jazzy/opt/gz_transport_vendor:/opt/ros/jazzy/opt/gz_rendering_vendor:/opt/ros/jazzy/opt/gz_plugin_vendor:/opt/ros/jazzy/opt/gz_fuel_tools_vendor:/opt/ros/jazzy/opt/gz_msgs_vendor:/opt/ros/jazzy/opt/gz_common_vendor:/opt/ros/jazzy/opt/gz_math_vendor:/opt/ros/jazzy/opt/gz_utils_vendor:/opt/ros/jazzy/opt/gz_tools_vendor:/opt/ros/jazzy/opt/gz_ogre_next_vendor:/opt/ros/jazzy/opt/gz_dartsim_vendor:/opt/ros/jazzy/opt/gz_cmake_vendor:/opt/ros/jazzy'}), 'shell': False}
[0.023717] (utils) StdoutLine: {'line': b'-- Found ament_cmake: 2.5.4 (/opt/ros/jazzy/share/ament_cmake/cmake)\n'}
[0.046841] (utils) StdoutLine: {'line': b'-- Found Python3: /usr/bin/python3 (found version "3.12.3") found components: Interpreter \n'}
[0.099866] (-) TimerEvent: {}
[0.112255] (utils) StdoutLine: {'line': b'-- Override CMake install command with custom implementation using symlinks instead of copying resources\n'}
[0.133423] (utils) StdoutLine: {'line': b'-- Found rosidl_default_generators: 1.6.0 (/opt/ros/jazzy/share/rosidl_default_generators/cmake)\n'}
[0.136622] (utils) StdoutLine: {'line': b'-- Using all available rosidl_typesupport_c: rosidl_typesupport_fastrtps_c;rosidl_typesupport_introspection_c\n'}
[0.170400] (utils) StdoutLine: {'line': b'-- Using all available rosidl_typesupport_cpp: rosidl_typesupport_fastrtps_cpp;rosidl_typesupport_introspection_cpp\n'}
[0.195634] (utils) StdoutLine: {'line': b'-- Found rosidl_adapter: 4.6.6 (/opt/ros/jazzy/share/rosidl_adapter/cmake)\n'}
[0.196958] (utils) StdoutLine: {'line': b'-- Found std_msgs: 5.3.6 (/opt/ros/jazzy/share/std_msgs/cmake)\n'}
[0.199928] (-) TimerEvent: {}
[0.300078] (-) TimerEvent: {}
[0.400290] (-) TimerEvent: {}
[0.490604] (utils) StdoutLine: {'line': b'-- Found ament_cmake_ros: 0.12.0 (/opt/ros/jazzy/share/ament_cmake_ros/cmake)\n'}
[0.500379] (-) TimerEvent: {}
[0.598906] (utils) StdoutLine: {'line': b'-- Using all available rosidl_typesupport_c: rosidl_typesupport_fastrtps_c;rosidl_typesupport_introspection_c\n'}
[0.600447] (-) TimerEvent: {}
[0.700599] (-) TimerEvent: {}
[0.744712] (utils) StdoutLine: {'line': b'-- Using all available rosidl_typesupport_cpp: rosidl_typesupport_fastrtps_cpp;rosidl_typesupport_introspection_cpp\n'}
[0.745713] (utils) StdoutLine: {'line': b'-- Found python_cmake_module: 0.11.1 (/opt/ros/jazzy/share/python_cmake_module/cmake)\n'}
[0.800677] (-) TimerEvent: {}
[0.900904] (-) TimerEvent: {}
[0.962969] (utils) StdoutLine: {'line': b'-- Found Python3: /usr/bin/python3 (found version "3.12.3") found components: Interpreter Development NumPy Development.Module Development.Embed \n'}
[0.992213] (utils) StdoutLine: {'line': b'-- Configuring done (1.0s)\n'}
[1.000987] (-) TimerEvent: {}
[1.036711] (utils) StdoutLine: {'line': b'-- Generating done (0.0s)\n'}
[1.047348] (utils) StdoutLine: {'line': b'-- Build files have been written to: /home/hisham/BFMC/Brain_DEI/brain/build/utils\n'}
[1.053318] (utils) CommandEnded: {'returncode': 0}
[1.054237] (utils) JobProgress: {'identifier': 'utils', 'progress': 'build'}
[1.054335] (utils) Command: {'cmd': ['/usr/bin/cmake', '--build', '/home/hisham/BFMC/Brain_DEI/brain/build/utils', '--', '-j12', '-l12'], 'cwd': '/home/hisham/BFMC/Brain_DEI/brain/build/utils', 'env': OrderedDict({'LESSOPEN': '| /usr/bin/lesspipe %s', 'GZ_SIM_RESOURCE_PATH': '/opt/ros/jazzy/share', 'USER': 'hisham', 'GZ_CONFIG_PATH': '/opt/ros/jazzy/opt/gz_sim_vendor/share/gz:/opt/ros/jazzy/opt/sdformat_vendor/share/gz:/opt/ros/jazzy/opt/gz_gui_vendor/share/gz:/opt/ros/jazzy/opt/gz_transport_vendor/share/gz:/opt/ros/jazzy/opt/gz_rendering_vendor/share/gz:/opt/ros/jazzy/opt/gz_plugin_vendor/share/gz:/opt/ros/jazzy/opt/gz_fuel_tools_vendor/share/gz:/opt/ros/jazzy/opt/gz_msgs_vendor/share/gz:/opt/ros/jazzy/opt/gz_common_vendor/share/gz', 'XDG_SESSION_TYPE': 'x11', 'STM32CubeMX_PATH': '/home/hisham/STM32CubeMX', 'SHLVL': '1', 'LD_LIBRARY_PATH': '/opt/ros/jazzy/opt/zenoh_cpp_vendor/lib:/opt/ros/jazzy/opt/gz_sim_vendor/lib:/opt/ros/jazzy/opt/gz_sensors_vendor/lib:/opt/ros/jazzy/opt/gz_physics_vendor/lib:/opt/ros/jazzy/opt/sdformat_vendor/lib:/opt/ros/jazzy/opt/rviz_ogre_vendor/lib:/opt/ros/jazzy/lib/x86_64-linux-gnu:/opt/ros/jazzy/opt/gz_gui_vendor/lib:/opt/ros/jazzy/opt/gz_transport_vendor/lib:/opt/ros/jazzy/opt/gz_rendering_vendor/lib:/opt/ros/jazzy/opt/gz_plugin_vendor/lib:/opt/ros/jazzy/opt/gz_fuel_tools_vendor/lib:/opt/ros/jazzy/opt/gz_msgs_vendor/lib:/opt/ros/jazzy/opt/gz_common_vendor/lib:/opt/ros/jazzy/opt/gz_math_vendor/lib:/opt/ros/jazzy/opt/gz_utils_vendor/lib:/opt/ros/jazzy/opt/gz_tools_vendor/lib:/opt/ros/jazzy/opt/gz_ogre_next_vendor/lib:/opt/ros/jazzy/opt/gz_dartsim_vendor/lib:/opt/ros/jazzy/opt/gz_cmake_vendor/lib:/opt/ros/jazzy/lib:/home/hisham/acados_ws/acados/lib:', 'HOME': '/home/hisham', 'OLDPWD': '/home/hisham/BFMC/Brain_DEI', 'DESKTOP_SESSION': 'ubuntu', 'ROS_PYTHON_VERSION': '3', 'GNOME_SHELL_SESSION_MODE': 'ubuntu', 'GTK_MODULES': 'gail:atk-bridge', 'DBUS_STARTER_BUS_TYPE': 'session', 'SYSTEMD_EXEC_PID': '3010', 'GSM_SKIP_SSH_AGENT_WORKAROUND': 'true', 'DBUS_SESSION_BUS_ADDRESS': 'unix:path=/run/user/1000/bus,guid=34fd7da4f4a81523c877782769f1285b', 'COLORTERM': 'truecolor', 'DEBUGINFOD_URLS': 'https://debuginfod.ubuntu.com', 'ROS_DISTRO': 'jazzy', 'LOGNAME': 'hisham', '_': '/usr/bin/colcon', 'ROS_VERSION': '2', 'MEMORY_PRESSURE_WATCH': '/sys/fs/cgroup/user.slice/user-1000.slice/user@1000.service/app.slice/app-gnome\\x2dsession\\x2dmanager.slice/gnome-session-manager@ubuntu.service/memory.pressure', 'XDG_SESSION_CLASS': 'user', 'USERNAME': 'hisham', 'TERM': 'xterm-256color', 'GNOME_DESKTOP_SESSION_ID': 'this-is-deprecated', 'WINDOWPATH': '2', 'PATH': '/opt/ros/jazzy/opt/gz_msgs_vendor/bin:/opt/ros/jazzy/opt/gz_tools_vendor/bin:/opt/ros/jazzy/opt/gz_ogre_next_vendor/bin:/opt/ros/jazzy/bin:/home/hisham/miniconda3/bin:/home/hisham/.local/bin:/usr/local/sbin:/usr/local/bin:/usr/sbin:/usr/bin:/sbin:/bin:/usr/games:/usr/local/games:/snap/bin:/snap/bin', 'SESSION_MANAGER': 'local/hisham-IdeaPad-Gaming-3-15IMH05:@/tmp/.ICE-unix/3010,unix/hisham-IdeaPad-Gaming-3-15IMH05:/tmp/.ICE-unix/3010', 'XDG_MENU_PREFIX': 'gnome-', 'GNOME_TERMINAL_SCREEN': '/org/gnome/Terminal/screen/ca7c3419_8977_4068_946f_fdc1c080dbf7', 'XDG_RUNTIME_DIR': '/run/user/1000', 'DISPLAY': ':1', 'LANG': 'en_US.UTF-8', 'XDG_CURRENT_DESKTOP': 'ubuntu:GNOME', 'XMODIFIERS': '@im=ibus', 'XDG_SESSION_DESKTOP': 'ubuntu', 'XAUTHORITY': '/run/user/1000/gdm/Xauthority', 'LS_COLORS': 'rs=0:di=01;34:ln=01;36:mh=00:pi=40;33:so=01;35:do=01;35:bd=40;33;01:cd=40;33;01:or=40;31;01:mi=00:su=37;41:sg=30;43:ca=00:tw=30;42:ow=34;42:st=37;44:ex=01;32:*.tar=01;31:*.tgz=01;31:*.arc=01;31:*.arj=01;31:*.taz=01;31:*.lha=01;31:*.lz4=01;31:*.lzh=01;31:*.lzma=01;31:*.tlz=01;31:*.txz=01;31:*.tzo=01;31:*.t7z=01;31:*.zip=01;31:*.z=01;31:*.dz=01;31:*.gz=01;31:*.lrz=01;31:*.lz=01;31:*.lzo=01;31:*.xz=01;31:*.zst=01;31:*.tzst=01;31:*.bz2=01;31:*.bz=01;31:*.tbz=01;31:*.tbz2=01;31:*.tz=01;31:*.deb=01;31:*.rpm=01;31:*.jar=01;31:*.war=01;31:*.ear=01;31:*.sar=01;31:*.rar=01;31:*.alz=01;31:*.ace=01;31:*.zoo=01;31:*.cpio=01;31:*.7z=01;31:*.rz=01;31:*.cab=01;31:*.wim=01;31:*.swm=01;31:*.dwm=01;31:*.esd=01;31:*.avif=01;35:*.jpg=01;35:*.jpeg=01;35:*.mjpg=01;35:*.mjpeg=01;35:*.gif=01;35:*.bmp=01;35:*.pbm=01;35:*.pgm=01;35:*.ppm=01;35:*.tga=01;35:*.xbm=01;35:*.xpm=01;35:*.tif=01;35:*.tiff=01;35:*.png=01;35:*.svg=01;35:*.svgz=01;35:*.mng=01;35:*.pcx=01;35:*.mov=01;35:*.mpg=01;35:*.mpeg=01;35:*.m2v=01;35:*.mkv=01;35:*.webm=01;35:*.webp=01;35:*.ogm=01;35:*.mp4=01;35:*.m4v=01;35:*.mp4v=01;35:*.vob=01;35:*.qt=01;35:*.nuv=01;35:*.wmv=01;35:*.asf=01;35:*.rm=01;35:*.rmvb=01;35:*.flc=01;35:*.avi=01;35:*.fli=01;35:*.flv=01;35:*.gl=01;35:*.dl=01;35:*.xcf=01;35:*.xwd=01;35:*.yuv=01;35:*.cgm=01;35:*.emf=01;35:*.ogv=01;35:*.ogx=01;35:*.aac=00;36:*.au=00;36:*.flac=00;36:*.m4a=00;36:*.mid=00;36:*.midi=00;36:*.mka=00;36:*.mp3=00;36:*.mpc=00;36:*.ogg=00;36:*.ra=00;36:*.wav=00;36:*.oga=00;36:*.opus=00;36:*.spx=00;36:*.xspf=00;36:*~=00;90:*#=00;90:*.bak=00;90:*.crdownload=00;90:*.dpkg-dist=00;90:*.dpkg-new=00;90:*.dpkg-old=00;90:*.dpkg-tmp=00;90:*.old=00;90:*.orig=00;90:*.part=00;90:*.rej=00;90:*.rpmnew=00;90:*.rpmorig=00;90:*.rpmsave=00;90:*.swp=00;90:*.tmp=00;90:*.ucf-dist=00;90:*.ucf-new=00;90:*.ucf-old=00;90:', 'GNOME_TERMINAL_SERVICE': ':1.471', 'SSH_AUTH_SOCK': '/run/user/1000/keyring/ssh', 'AMENT_PREFIX_PATH': '/opt/ros/jazzy', 'SHELL': '/bin/bash', 'QT_ACCESSIBILITY': '1', 'GDMSESSION': 'ubuntu', 'LESSCLOSE': '/usr/bin/lesspipe %s %s', 'GPG_AGENT_INFO': '/run/user/1000/gnupg/S.gpg-agent:0:1', 'ROS_AUTOMATIC_DISCOVERY_RANGE': 'SUBNET', 'QT_IM_MODULE': 'ibus', 'PWD': '/home/hisham/BFMC/Brain_DEI/brain/build/utils', 'XDG_CONFIG_DIRS': '/etc/xdg/xdg-ubuntu:/etc/xdg', 'DBUS_STARTER_ADDRESS': 'unix:path=/run/user/1000/bus,guid=34fd7da4f4a81523c877782769f1285b', 'XDG_DATA_DIRS': '/usr/share/ubuntu:/usr/share/gnome:/usr/local/share/:/usr/share/:/var/lib/snapd/desktop', 'PYTHONPATH': '/opt/ros/jazzy/lib/python3.12/site-packages', 'COLCON': '1', 'MEMORY_PRESSURE_WRITE': 'c29tZSAyMDAwMDAgMjAwMDAwMAA=', 'VTE_VERSION': '7600', 'CMAKE_PREFIX_PATH': '/opt/ros/jazzy/opt/gz_sim_vendor:/opt/ros/jazzy/opt/gz_sensors_vendor:/opt/ros/jazzy/opt/gz_physics_vendor:/opt/ros/jazzy/opt/sdformat_vendor:/opt/ros/jazzy/opt/gz_gui_vendor:/opt/ros/jazzy/opt/gz_transport_vendor:/opt/ros/jazzy/opt/gz_rendering_vendor:/opt/ros/jazzy/opt/gz_plugin_vendor:/opt/ros/jazzy/opt/gz_fuel_tools_vendor:/opt/ros/jazzy/opt/gz_msgs_vendor:/opt/ros/jazzy/opt/gz_common_vendor:/opt/ros/jazzy/opt/gz_math_vendor:/opt/ros/jazzy/opt/gz_utils_vendor:/opt/ros/jazzy/opt/gz_tools_vendor:/opt/ros/jazzy/opt/gz_ogre_next_vendor:/opt/ros/jazzy/opt/gz_dartsim_vendor:/opt/ros/jazzy/opt/gz_cmake_vendor:/opt/ros/jazzy'}), 'shell': False}
[1.096043] (utils) StdoutLine: {'line': b'[  1%] Built target utils__rosidl_generator_type_description\n'}
[1.101098] (-) TimerEvent: {}
[1.103303] (utils) StdoutLine: {'line': b'[  1%] Built target ament_cmake_python_symlink_utils\n'}
[1.113568] (utils) StdoutLine: {'line': b'[  1%] Built target utils__cpp\n'}
[1.123736] (utils) StdoutLine: {'line': b'[ 27%] Built target utils__rosidl_generator_c\n'}
[1.145642] (utils) StdoutLine: {'line': b'[ 46%] Built target utils__rosidl_typesupport_introspection_c\n'}
[1.145873] (utils) StdoutLine: {'line': b'[ 46%] Built target utils__rosidl_typesupport_c\n'}
[1.149908] (utils) StdoutLine: {'line': b'[ 56%] Built target utils__rosidl_typesupport_introspection_cpp\n'}
[1.150768] (utils) StdoutLine: {'line': b'[ 70%] Built target utils__rosidl_typesupport_fastrtps_c\n'}
[1.150949] (utils) StdoutLine: {'line': b'[ 76%] Built target utils__rosidl_typesupport_fastrtps_cpp\n'}
[1.156919] (utils) StdoutLine: {'line': b'[ 85%] Built target utils__rosidl_typesupport_cpp\n'}
[1.174320] (utils) StdoutLine: {'line': b'[ 85%] Built target utils\n'}
[1.192185] (utils) StdoutLine: {'line': b'[ 86%] Built target utils__py\n'}
[1.201173] (-) TimerEvent: {}
[1.219087] (utils) StdoutLine: {'line': b'[ 95%] Built target utils__rosidl_generator_py\n'}
[1.238279] (utils) StdoutLine: {'line': b'[ 99%] Built target utils_s__rosidl_typesupport_fastrtps_c\n'}
[1.238488] (utils) StdoutLine: {'line': b'[100%] Built target utils_s__rosidl_typesupport_c\n'}
[1.238590] (utils) StdoutLine: {'line': b'[100%] Built target utils_s__rosidl_typesupport_introspection_c\n'}
[1.301253] (-) TimerEvent: {}
[1.326698] (utils) StdoutLine: {'line': b'running egg_info\n'}
[1.349770] (utils) StdoutLine: {'line': b'writing utils.egg-info/PKG-INFO\n'}
[1.349949] (utils) StdoutLine: {'line': b'writing dependency_links to utils.egg-info/dependency_links.txt\n'}
[1.350084] (utils) StdoutLine: {'line': b'writing top-level names to utils.egg-info/top_level.txt\n'}
[1.401326] (-) TimerEvent: {}
[1.417432] (utils) StdoutLine: {'line': b"reading manifest file 'utils.egg-info/SOURCES.txt'\n"}
[1.418019] (utils) StdoutLine: {'line': b"writing manifest file 'utils.egg-info/SOURCES.txt'\n"}
[1.439049] (utils) StdoutLine: {'line': b'[100%] Built target ament_cmake_python_build_utils_egg\n'}
[1.449000] (utils) CommandEnded: {'returncode': 0}
[1.449549] (utils) JobProgress: {'identifier': 'utils', 'progress': 'install'}
[1.456993] (utils) Command: {'cmd': ['/usr/bin/cmake', '--install', '/home/hisham/BFMC/Brain_DEI/brain/build/utils'], 'cwd': '/home/hisham/BFMC/Brain_DEI/brain/build/utils', 'env': OrderedDict({'LESSOPEN': '| /usr/bin/lesspipe %s', 'GZ_SIM_RESOURCE_PATH': '/opt/ros/jazzy/share', 'USER': 'hisham', 'GZ_CONFIG_PATH': '/opt/ros/jazzy/opt/gz_sim_vendor/share/gz:/opt/ros/jazzy/opt/sdformat_vendor/share/gz:/opt/ros/jazzy/opt/gz_gui_vendor/share/gz:/opt/ros/jazzy/opt/gz_transport_vendor/share/gz:/opt/ros/jazzy/opt/gz_rendering_vendor/share/gz:/opt/ros/jazzy/opt/gz_plugin_vendor/share/gz:/opt/ros/jazzy/opt/gz_fuel_tools_vendor/share/gz:/opt/ros/jazzy/opt/gz_msgs_vendor/share/gz:/opt/ros/jazzy/opt/gz_common_vendor/share/gz', 'XDG_SESSION_TYPE': 'x11', 'STM32CubeMX_PATH': '/home/hisham/STM32CubeMX', 'SHLVL': '1', 'LD_LIBRARY_PATH': '/opt/ros/jazzy/opt/zenoh_cpp_vendor/lib:/opt/ros/jazzy/opt/gz_sim_vendor/lib:/opt/ros/jazzy/opt/gz_sensors_vendor/lib:/opt/ros/jazzy/opt/gz_physics_vendor/lib:/opt/ros/jazzy/opt/sdformat_vendor/lib:/opt/ros/jazzy/opt/rviz_ogre_vendor/lib:/opt/ros/jazzy/lib/x86_64-linux-gnu:/opt/ros/jazzy/opt/gz_gui_vendor/lib:/opt/ros/jazzy/opt/gz_transport_vendor/lib:/opt/ros/jazzy/opt/gz_rendering_vendor/lib:/opt/ros/jazzy/opt/gz_plugin_vendor/lib:/opt/ros/jazzy/opt/gz_fuel_tools_vendor/lib:/opt/ros/jazzy/opt/gz_msgs_vendor/lib:/opt/ros/jazzy/opt/gz_common_vendor/lib:/opt/ros/jazzy/opt/gz_math_vendor/lib:/opt/ros/jazzy/opt/gz_utils_vendor/lib:/opt/ros/jazzy/opt/gz_tools_vendor/lib:/opt/ros/jazzy/opt/gz_ogre_next_vendor/lib:/opt/ros/jazzy/opt/gz_dartsim_vendor/lib:/opt/ros/jazzy/opt/gz_cmake_vendor/lib:/opt/ros/jazzy/lib:/home/hisham/acados_ws/acados/lib:', 'HOME': '/home/hisham', 'OLDPWD': '/home/hisham/BFMC/Brain_DEI', 'DESKTOP_SESSION': 'ubuntu', 'ROS_PYTHON_VERSION': '3', 'GNOME_SHELL_SESSION_MODE': 'ubuntu', 'GTK_MODULES': 'gail:atk-bridge', 'DBUS_STARTER_BUS_TYPE': 'session', 'SYSTEMD_EXEC_PID': '3010', 'GSM_SKIP_SSH_AGENT_WORKAROUND': 'true', 'DBUS_SESSION_BUS_ADDRESS': 'unix:path=/run/user/1000/bus,guid=34fd7da4f4a81523c877782769f1285b', 'COLORTERM': 'truecolor', 'DEBUGINFOD_URLS': 'https://debuginfod.ubuntu.com', 'ROS_DISTRO': 'jazzy', 'LOGNAME': 'hisham', '_': '/usr/bin/colcon', 'ROS_VERSION': '2', 'MEMORY_PRESSURE_WATCH': '/sys/fs/cgroup/user.slice/user-1000.slice/user@1000.service/app.slice/app-gnome\\x2dsession\\x2dmanager.slice/gnome-session-manager@ubuntu.service/memory.pressure', 'XDG_SESSION_CLASS': 'user', 'USERNAME': 'hisham', 'TERM': 'xterm-256color', 'GNOME_DESKTOP_SESSION_ID': 'this-is-deprecated', 'WINDOWPATH': '2', 'PATH': '/opt/ros/jazzy/opt/gz_msgs_vendor/bin:/opt/ros/jazzy/opt/gz_tools_vendor/bin:/opt/ros/jazzy/opt/gz_ogre_next_vendor/bin:/opt/ros/jazzy/bin:/home/hisham/miniconda3/bin:/home/hisham/.local/bin:/usr/local/sbin:/usr/local/bin:/usr/sbin:/usr/bin:/sbin:/bin:/usr/games:/usr/local/games:/snap/bin:/snap/bin', 'SESSION_MANAGER': 'local/hisham-IdeaPad-Gaming-3-15IMH05:@/tmp/.ICE-unix/3010,unix/hisham-IdeaPad-Gaming-3-15IMH05:/tmp/.ICE-unix/3010', 'XDG_MENU_PREFIX': 'gnome-', 'GNOME_TERMINAL_SCREEN': '/org/gnome/Terminal/screen/ca7c3419_8977_4068_946f_fdc1c080dbf7', 'XDG_RUNTIME_DIR': '/run/user/1000', 'DISPLAY': ':1', 'LANG': 'en_US.UTF-8', 'XDG_CURRENT_DESKTOP': 'ubuntu:GNOME', 'XMODIFIERS': '@im=ibus', 'XDG_SESSION_DESKTOP': 'ubuntu', 'XAUTHORITY': '/run/user/1000/gdm/Xauthority', 'LS_COLORS': 'rs=0:di=01;34:ln=01;36:mh=00:pi=40;33:so=01;35:do=01;35:bd=40;33;01:cd=40;33;01:or=40;31;01:mi=00:su=37;41:sg=30;43:ca=00:tw=30;42:ow=34;42:st=37;44:ex=01;32:*.tar=01;31:*.tgz=01;31:*.arc=01;31:*.arj=01;31:*.taz=01;31:*.lha=01;31:*.lz4=01;31:*.lzh=01;31:*.lzma=01;31:*.tlz=01;31:*.txz=01;31:*.tzo=01;31:*.t7z=01;31:*.zip=01;31:*.z=01;31:*.dz=01;31:*.gz=01;31:*.lrz=01;31:*.lz=01;31:*.lzo=01;31:*.xz=01;31:*.zst=01;31:*.tzst=01;31:*.bz2=01;31:*.bz=01;31:*.tbz=01;31:*.tbz2=01;31:*.tz=01;31:*.deb=01;31:*.rpm=01;31:*.jar=01;31:*.war=01;31:*.ear=01;31:*.sar=01;31:*.rar=01;31:*.alz=01;31:*.ace=01;31:*.zoo=01;31:*.cpio=01;31:*.7z=01;31:*.rz=01;31:*.cab=01;31:*.wim=01;31:*.swm=01;31:*.dwm=01;31:*.esd=01;31:*.avif=01;35:*.jpg=01;35:*.jpeg=01;35:*.mjpg=01;35:*.mjpeg=01;35:*.gif=01;35:*.bmp=01;35:*.pbm=01;35:*.pgm=01;35:*.ppm=01;35:*.tga=01;35:*.xbm=01;35:*.xpm=01;35:*.tif=01;35:*.tiff=01;35:*.png=01;35:*.svg=01;35:*.svgz=01;35:*.mng=01;35:*.pcx=01;35:*.mov=01;35:*.mpg=01;35:*.mpeg=01;35:*.m2v=01;35:*.mkv=01;35:*.webm=01;35:*.webp=01;35:*.ogm=01;35:*.mp4=01;35:*.m4v=01;35:*.mp4v=01;35:*.vob=01;35:*.qt=01;35:*.nuv=01;35:*.wmv=01;35:*.asf=01;35:*.rm=01;35:*.rmvb=01;35:*.flc=01;35:*.avi=01;35:*.fli=01;35:*.flv=01;35:*.gl=01;35:*.dl=01;35:*.xcf=01;35:*.xwd=01;35:*.yuv=01;35:*.cgm=01;35:*.emf=01;35:*.ogv=01;35:*.ogx=01;35:*.aac=00;36:*.au=00;36:*.flac=00;36:*.m4a=00;36:*.mid=00;36:*.midi=00;36:*.mka=00;36:*.mp3=00;36:*.mpc=00;36:*.ogg=00;36:*.ra=00;36:*.wav=00;36:*.oga=00;36:*.opus=00;36:*.spx=00;36:*.xspf=00;36:*~=00;90:*#=00;90:*.bak=00;90:*.crdownload=00;90:*.dpkg-dist=00;90:*.dpkg-new=00;90:*.dpkg-old=00;90:*.dpkg-tmp=00;90:*.old=00;90:*.orig=00;90:*.part=00;90:*.rej=00;90:*.rpmnew=00;90:*.rpmorig=00;90:*.rpmsave=00;90:*.swp=00;90:*.tmp=00;90:*.ucf-dist=00;90:*.ucf-new=00;90:*.ucf-old=00;90:', 'GNOME_TERMINAL_SERVICE': ':1.471', 'SSH_AUTH_SOCK': '/run/user/1000/keyring/ssh', 'AMENT_PREFIX_PATH': '/opt/ros/jazzy', 'SHELL': '/bin/bash', 'QT_ACCESSIBILITY': '1', 'GDMSESSION': 'ubuntu', 'LESSCLOSE': '/usr/bin/lesspipe %s %s', 'GPG_AGENT_INFO': '/run/user/1000/gnupg/S.gpg-agent:0:1', 'ROS_AUTOMATIC_DISCOVERY_RANGE': 'SUBNET', 'QT_IM_MODULE': 'ibus', 'PWD': '/home/hisham/BFMC/Brain_DEI/brain/build/utils', 'XDG_CONFIG_DIRS': '/etc/xdg/xdg-ubuntu:/etc/xdg', 'DBUS_STARTER_ADDRESS': 'unix:path=/run/user/1000/bus,guid=34fd7da4f4a81523c877782769f1285b', 'XDG_DATA_DIRS': '/usr/share/ubuntu:/usr/share/gnome:/usr/local/share/:/usr/share/:/var/lib/snapd/desktop', 'PYTHONPATH': '/opt/ros/jazzy/lib/python3.12/site-packages', 'COLCON': '1', 'MEMORY_PRESSURE_WRITE': 'c29tZSAyMDAwMDAgMjAwMDAwMAA=', 'VTE_VERSION': '7600', 'CMAKE_PREFIX_PATH': '/opt/ros/jazzy/opt/gz_sim_vendor:/opt/ros/jazzy/opt/gz_sensors_vendor:/opt/ros/jazzy/opt/gz_physics_vendor:/opt/ros/jazzy/opt/sdformat_vendor:/opt/ros/jazzy/opt/gz_gui_vendor:/opt/ros/jazzy/opt/gz_transport_vendor:/opt/ros/jazzy/opt/gz_rendering_vendor:/opt/ros/jazzy/opt/gz_plugin_vendor:/opt/ros/jazzy/opt/gz_fuel_tools_vendor:/opt/ros/jazzy/opt/gz_msgs_vendor:/opt/ros/jazzy/opt/gz_common_vendor:/opt/ros/jazzy/opt/gz_math_vendor:/opt/ros/jazzy/opt/gz_utils_vendor:/opt/ros/jazzy/opt/gz_tools_vendor:/opt/ros/jazzy/opt/gz_ogre_next_vendor:/opt/ros/jazzy/opt/gz_dartsim_vendor:/opt/ros/jazzy/opt/gz_cmake_vendor:/opt/ros/jazzy'}), 'shell': False}
[1.463873] (utils) StdoutLine: {'line': b'-- Install configuration: ""\n'}
[1.464361] (utils) StdoutLine: {'line': b'-- Execute custom install script\n'}
[1.464611] (utils) StdoutLine: {'line': b'-- Up-to-date symlink: /home/hisham/BFMC/Brain_DEI/brain/install/utils/share/ament_index/resource_index/rosidl_interfaces/utils\n'}
[1.464831] (utils) StdoutLine: {'line': b'-- Up-to-date symlink: /home/hisham/BFMC/Brain_DEI/brain/install/utils/share/utils/msg/IMU.json\n'}
[1.465044] (utils) StdoutLine: {'line': b'-- Up-to-date symlink: /home/hisham/BFMC/Brain_DEI/brain/install/utils/share/utils/msg/Localisation.json\n'}
[1.465260] (utils) StdoutLine: {'line': b'-- Up-to-date symlink: /home/hisham/BFMC/Brain_DEI/brain/install/utils/share/utils/msg/Vehicles.json\n'}
[1.465550] (utils) StdoutLine: {'line': b'-- Up-to-date symlink: /home/hisham/BFMC/Brain_DEI/brain/install/utils/share/utils/msg/Environmental.json\n'}
[1.465674] (utils) StdoutLine: {'line': b'-- Up-to-date symlink: /home/hisham/BFMC/Brain_DEI/brain/install/utils/share/utils/msg/Log.json\n'}
[1.465813] (utils) StdoutLine: {'line': b'-- Up-to-date symlink: /home/hisham/BFMC/Brain_DEI/brain/install/utils/share/utils/msg/TopicInfo.json\n'}
[1.465937] (utils) StdoutLine: {'line': b'-- Up-to-date symlink: /home/hisham/BFMC/Brain_DEI/brain/install/utils/share/utils/msg/Semaphore.json\n'}
[1.466065] (utils) StdoutLine: {'line': b'-- Up-to-date symlink: /home/hisham/BFMC/Brain_DEI/brain/install/utils/share/utils/msg/Conditions.json\n'}
[1.466196] (utils) StdoutLine: {'line': b'-- Up-to-date symlink: /home/hisham/BFMC/Brain_DEI/brain/install/utils/share/utils/msg/Trafficsignprediction.json\n'}
[1.466326] (utils) StdoutLine: {'line': b'-- Up-to-date symlink: /home/hisham/BFMC/Brain_DEI/brain/install/utils/share/utils/srv/Subscribing.json\n'}
[1.466479] (utils) StdoutLine: {'line': b'-- Up-to-date symlink: /home/hisham/BFMC/Brain_DEI/brain/install/utils/share/utils/srv/RequestParam.json\n'}
[1.467122] (utils) StdoutLine: {'line': b'-- Up-to-date symlink: /home/hisham/BFMC/Brain_DEI/brain/install/utils/include/utils/utils/msg/conditions.h\n'}
[1.467216] (utils) StdoutLine: {'line': b'-- Up-to-date symlink: /home/hisham/BFMC/Brain_DEI/brain/install/utils/include/utils/utils/msg/detail/conditions__functions.h\n'}
[1.467306] (utils) StdoutLine: {'line': b'-- Up-to-date symlink: /home/hisham/BFMC/Brain_DEI/brain/install/utils/include/utils/utils/msg/detail/conditions__struct.h\n'}
[1.467443] (utils) StdoutLine: {'line': b'-- Up-to-date symlink: /home/hisham/BFMC/Brain_DEI/brain/install/utils/include/utils/utils/msg/detail/conditions__type_support.h\n'}
[1.467528] (utils) StdoutLine: {'line': b'-- Up-to-date symlink: /home/hisham/BFMC/Brain_DEI/brain/install/utils/include/utils/utils/msg/detail/environmental__functions.h\n'}
[1.467614] (utils) StdoutLine: {'line': b'-- Up-to-date symlink: /home/hisham/BFMC/Brain_DEI/brain/install/utils/include/utils/utils/msg/detail/environmental__struct.h\n'}
[1.467702] (utils) StdoutLine: {'line': b'-- Up-to-date symlink: /home/hisham/BFMC/Brain_DEI/brain/install/utils/include/utils/utils/msg/detail/environmental__type_support.h\n'}
[1.467790] (utils) StdoutLine: {'line': b'-- Up-to-date symlink: /home/hisham/BFMC/Brain_DEI/brain/install/utils/include/utils/utils/msg/detail/imu__functions.h\n'}
[1.467877] (utils) StdoutLine: {'line': b'-- Up-to-date symlink: /home/hisham/BFMC/Brain_DEI/brain/install/utils/include/utils/utils/msg/detail/imu__struct.h\n'}
[1.467962] (utils) StdoutLine: {'line': b'-- Up-to-date symlink: /home/hisham/BFMC/Brain_DEI/brain/install/utils/include/utils/utils/msg/detail/imu__type_support.h\n'}
[1.468049] (utils) StdoutLine: {'line': b'-- Up-to-date symlink: /home/hisham/BFMC/Brain_DEI/brain/install/utils/include/utils/utils/msg/detail/localisation__functions.h\n'}
[1.468135] (utils) StdoutLine: {'line': b'-- Up-to-date symlink: /home/hisham/BFMC/Brain_DEI/brain/install/utils/include/utils/utils/msg/detail/localisation__struct.h\n'}
[1.468220] (utils) StdoutLine: {'line': b'-- Up-to-date symlink: /home/hisham/BFMC/Brain_DEI/brain/install/utils/include/utils/utils/msg/detail/localisation__type_support.h\n'}
[1.468307] (utils) StdoutLine: {'line': b'-- Up-to-date symlink: /home/hisham/BFMC/Brain_DEI/brain/install/utils/include/utils/utils/msg/detail/log__functions.h\n'}
[1.468436] (utils) StdoutLine: {'line': b'-- Up-to-date symlink: /home/hisham/BFMC/Brain_DEI/brain/install/utils/include/utils/utils/msg/detail/log__struct.h\n'}
[1.468517] (utils) StdoutLine: {'line': b'-- Up-to-date symlink: /home/hisham/BFMC/Brain_DEI/brain/install/utils/include/utils/utils/msg/detail/log__type_support.h\n'}
[1.468603] (utils) StdoutLine: {'line': b'-- Up-to-date symlink: /home/hisham/BFMC/Brain_DEI/brain/install/utils/include/utils/utils/msg/detail/semaphore__functions.h\n'}
[1.468695] (utils) StdoutLine: {'line': b'-- Up-to-date symlink: /home/hisham/BFMC/Brain_DEI/brain/install/utils/include/utils/utils/msg/detail/semaphore__struct.h\n'}
[1.468784] (utils) StdoutLine: {'line': b'-- Up-to-date symlink: /home/hisham/BFMC/Brain_DEI/brain/install/utils/include/utils/utils/msg/detail/semaphore__type_support.h\n'}
[1.468871] (utils) StdoutLine: {'line': b'-- Up-to-date symlink: /home/hisham/BFMC/Brain_DEI/brain/install/utils/include/utils/utils/msg/detail/topic_info__functions.h\n'}
[1.468961] (utils) StdoutLine: {'line': b'-- Up-to-date symlink: /home/hisham/BFMC/Brain_DEI/brain/install/utils/include/utils/utils/msg/detail/topic_info__struct.h\n'}
[1.469051] (utils) StdoutLine: {'line': b'-- Up-to-date symlink: /home/hisham/BFMC/Brain_DEI/brain/install/utils/include/utils/utils/msg/detail/topic_info__type_support.h\n'}
[1.469141] (utils) StdoutLine: {'line': b'-- Up-to-date symlink: /home/hisham/BFMC/Brain_DEI/brain/install/utils/include/utils/utils/msg/detail/trafficsignprediction__functions.h\n'}
[1.469229] (utils) StdoutLine: {'line': b'-- Up-to-date symlink: /home/hisham/BFMC/Brain_DEI/brain/install/utils/include/utils/utils/msg/detail/trafficsignprediction__struct.h\n'}
[1.469319] (utils) StdoutLine: {'line': b'-- Up-to-date symlink: /home/hisham/BFMC/Brain_DEI/brain/install/utils/include/utils/utils/msg/detail/trafficsignprediction__type_support.h\n'}
[1.469416] (utils) StdoutLine: {'line': b'-- Up-to-date symlink: /home/hisham/BFMC/Brain_DEI/brain/install/utils/include/utils/utils/msg/detail/vehicles__functions.h\n'}
[1.469504] (utils) StdoutLine: {'line': b'-- Up-to-date symlink: /home/hisham/BFMC/Brain_DEI/brain/install/utils/include/utils/utils/msg/detail/vehicles__struct.h\n'}
[1.469592] (utils) StdoutLine: {'line': b'-- Up-to-date symlink: /home/hisham/BFMC/Brain_DEI/brain/install/utils/include/utils/utils/msg/detail/vehicles__type_support.h\n'}
[1.469677] (utils) StdoutLine: {'line': b'-- Up-to-date symlink: /home/hisham/BFMC/Brain_DEI/brain/install/utils/include/utils/utils/msg/environmental.h\n'}
[1.469764] (utils) StdoutLine: {'line': b'-- Up-to-date symlink: /home/hisham/BFMC/Brain_DEI/brain/install/utils/include/utils/utils/msg/imu.h\n'}
[1.469857] (utils) StdoutLine: {'line': b'-- Up-to-date symlink: /home/hisham/BFMC/Brain_DEI/brain/install/utils/include/utils/utils/msg/localisation.h\n'}
[1.469944] (utils) StdoutLine: {'line': b'-- Up-to-date symlink: /home/hisham/BFMC/Brain_DEI/brain/install/utils/include/utils/utils/msg/log.h\n'}
[1.470032] (utils) StdoutLine: {'line': b'-- Up-to-date symlink: /home/hisham/BFMC/Brain_DEI/brain/install/utils/include/utils/utils/msg/rosidl_generator_c__visibility_control.h\n'}
[1.470119] (utils) StdoutLine: {'line': b'-- Up-to-date symlink: /home/hisham/BFMC/Brain_DEI/brain/install/utils/include/utils/utils/msg/semaphore.h\n'}
[1.470206] (utils) StdoutLine: {'line': b'-- Up-to-date symlink: /home/hisham/BFMC/Brain_DEI/brain/install/utils/include/utils/utils/msg/topic_info.h\n'}
[1.470293] (utils) StdoutLine: {'line': b'-- Up-to-date symlink: /home/hisham/BFMC/Brain_DEI/brain/install/utils/include/utils/utils/msg/trafficsignprediction.h\n'}
[1.470386] (utils) StdoutLine: {'line': b'-- Up-to-date symlink: /home/hisham/BFMC/Brain_DEI/brain/install/utils/include/utils/utils/msg/vehicles.h\n'}
[1.470476] (utils) StdoutLine: {'line': b'-- Up-to-date symlink: /home/hisham/BFMC/Brain_DEI/brain/install/utils/include/utils/utils/srv/detail/request_param__functions.h\n'}
[1.470566] (utils) StdoutLine: {'line': b'-- Up-to-date symlink: /home/hisham/BFMC/Brain_DEI/brain/install/utils/include/utils/utils/srv/detail/request_param__struct.h\n'}
[1.470655] (utils) StdoutLine: {'line': b'-- Up-to-date symlink: /home/hisham/BFMC/Brain_DEI/brain/install/utils/include/utils/utils/srv/detail/request_param__type_support.h\n'}
[1.470745] (utils) StdoutLine: {'line': b'-- Up-to-date symlink: /home/hisham/BFMC/Brain_DEI/brain/install/utils/include/utils/utils/srv/detail/subscribing__functions.h\n'}
[1.470834] (utils) StdoutLine: {'line': b'-- Up-to-date symlink: /home/hisham/BFMC/Brain_DEI/brain/install/utils/include/utils/utils/srv/detail/subscribing__struct.h\n'}
[1.470923] (utils) StdoutLine: {'line': b'-- Up-to-date symlink: /home/hisham/BFMC/Brain_DEI/brain/install/utils/include/utils/utils/srv/detail/subscribing__type_support.h\n'}
[1.471010] (utils) StdoutLine: {'line': b'-- Up-to-date symlink: /home/hisham/BFMC/Brain_DEI/brain/install/utils/include/utils/utils/srv/request_param.h\n'}
[1.471096] (utils) StdoutLine: {'line': b'-- Up-to-date symlink: /home/hisham/BFMC/Brain_DEI/brain/install/utils/include/utils/utils/srv/subscribing.h\n'}
[1.471236] (utils) StdoutLine: {'line': b'-- Up-to-date symlink: /home/hisham/BFMC/Brain_DEI/brain/install/utils/share/utils/environment/library_path.sh\n'}
[1.471373] (utils) StdoutLine: {'line': b'-- Up-to-date symlink: /home/hisham/BFMC/Brain_DEI/brain/install/utils/share/utils/environment/library_path.dsv\n'}
[1.471951] (utils) StdoutLine: {'line': b'-- Up-to-date symlink: /home/hisham/BFMC/Brain_DEI/brain/install/utils/include/utils/utils/msg/detail/conditions__rosidl_typesupport_fastrtps_c.h\n'}
[1.472051] (utils) StdoutLine: {'line': b'-- Up-to-date symlink: /home/hisham/BFMC/Brain_DEI/brain/install/utils/include/utils/utils/msg/detail/environmental__rosidl_typesupport_fastrtps_c.h\n'}
[1.472150] (utils) StdoutLine: {'line': b'-- Up-to-date symlink: /home/hisham/BFMC/Brain_DEI/brain/install/utils/include/utils/utils/msg/detail/imu__rosidl_typesupport_fastrtps_c.h\n'}
[1.472279] (utils) StdoutLine: {'line': b'-- Up-to-date symlink: /home/hisham/BFMC/Brain_DEI/brain/install/utils/include/utils/utils/msg/detail/localisation__rosidl_typesupport_fastrtps_c.h\n'}
[1.472413] (utils) StdoutLine: {'line': b'-- Up-to-date symlink: /home/hisham/BFMC/Brain_DEI/brain/install/utils/include/utils/utils/msg/detail/log__rosidl_typesupport_fastrtps_c.h\n'}
[1.472595] (utils) StdoutLine: {'line': b'-- Up-to-date symlink: /home/hisham/BFMC/Brain_DEI/brain/install/utils/include/utils/utils/msg/detail/semaphore__rosidl_typesupport_fastrtps_c.h\n'}
[1.472685] (utils) StdoutLine: {'line': b'-- Up-to-date symlink: /home/hisham/BFMC/Brain_DEI/brain/install/utils/include/utils/utils/msg/detail/topic_info__rosidl_typesupport_fastrtps_c.h\n'}
[1.472851] (utils) StdoutLine: {'line': b'-- Up-to-date symlink: /home/hisham/BFMC/Brain_DEI/brain/install/utils/include/utils/utils/msg/detail/trafficsignprediction__rosidl_typesupport_fastrtps_c.h\n'}
[1.472933] (utils) StdoutLine: {'line': b'-- Up-to-date symlink: /home/hisham/BFMC/Brain_DEI/brain/install/utils/include/utils/utils/msg/detail/vehicles__rosidl_typesupport_fastrtps_c.h\n'}
[1.473084] (utils) StdoutLine: {'line': b'-- Up-to-date symlink: /home/hisham/BFMC/Brain_DEI/brain/install/utils/include/utils/utils/msg/rosidl_typesupport_fastrtps_c__visibility_control.h\n'}
[1.473220] (utils) StdoutLine: {'line': b'-- Up-to-date symlink: /home/hisham/BFMC/Brain_DEI/brain/install/utils/include/utils/utils/srv/detail/request_param__rosidl_typesupport_fastrtps_c.h\n'}
[1.473352] (utils) StdoutLine: {'line': b'-- Up-to-date symlink: /home/hisham/BFMC/Brain_DEI/brain/install/utils/include/utils/utils/srv/detail/subscribing__rosidl_typesupport_fastrtps_c.h\n'}
[1.473753] (utils) StdoutLine: {'line': b'-- Up-to-date symlink: /home/hisham/BFMC/Brain_DEI/brain/install/utils/include/utils/utils/msg/detail/conditions__rosidl_typesupport_introspection_c.h\n'}
[1.473848] (utils) StdoutLine: {'line': b'-- Up-to-date symlink: /home/hisham/BFMC/Brain_DEI/brain/install/utils/include/utils/utils/msg/detail/environmental__rosidl_typesupport_introspection_c.h\n'}
[1.473943] (utils) StdoutLine: {'line': b'-- Up-to-date symlink: /home/hisham/BFMC/Brain_DEI/brain/install/utils/include/utils/utils/msg/detail/imu__rosidl_typesupport_introspection_c.h\n'}
[1.474037] (utils) StdoutLine: {'line': b'-- Up-to-date symlink: /home/hisham/BFMC/Brain_DEI/brain/install/utils/include/utils/utils/msg/detail/localisation__rosidl_typesupport_introspection_c.h\n'}
[1.474130] (utils) StdoutLine: {'line': b'-- Up-to-date symlink: /home/hisham/BFMC/Brain_DEI/brain/install/utils/include/utils/utils/msg/detail/log__rosidl_typesupport_introspection_c.h\n'}
[1.474221] (utils) StdoutLine: {'line': b'-- Up-to-date symlink: /home/hisham/BFMC/Brain_DEI/brain/install/utils/include/utils/utils/msg/detail/semaphore__rosidl_typesupport_introspection_c.h\n'}
[1.474312] (utils) StdoutLine: {'line': b'-- Up-to-date symlink: /home/hisham/BFMC/Brain_DEI/brain/install/utils/include/utils/utils/msg/detail/topic_info__rosidl_typesupport_introspection_c.h\n'}
[1.474411] (utils) StdoutLine: {'line': b'-- Up-to-date symlink: /home/hisham/BFMC/Brain_DEI/brain/install/utils/include/utils/utils/msg/detail/trafficsignprediction__rosidl_typesupport_introspection_c.h\n'}
[1.474506] (utils) StdoutLine: {'line': b'-- Up-to-date symlink: /home/hisham/BFMC/Brain_DEI/brain/install/utils/include/utils/utils/msg/detail/vehicles__rosidl_typesupport_introspection_c.h\n'}
[1.474595] (utils) StdoutLine: {'line': b'-- Up-to-date symlink: /home/hisham/BFMC/Brain_DEI/brain/install/utils/include/utils/utils/msg/rosidl_typesupport_introspection_c__visibility_control.h\n'}
[1.474688] (utils) StdoutLine: {'line': b'-- Up-to-date symlink: /home/hisham/BFMC/Brain_DEI/brain/install/utils/include/utils/utils/srv/detail/request_param__rosidl_typesupport_introspection_c.h\n'}
[1.474778] (utils) StdoutLine: {'line': b'-- Up-to-date symlink: /home/hisham/BFMC/Brain_DEI/brain/install/utils/include/utils/utils/srv/detail/subscribing__rosidl_typesupport_introspection_c.h\n'}
[1.475381] (utils) StdoutLine: {'line': b'-- Up-to-date symlink: /home/hisham/BFMC/Brain_DEI/brain/install/utils/include/utils/utils/msg/conditions.hpp\n'}
[1.475481] (utils) StdoutLine: {'line': b'-- Up-to-date symlink: /home/hisham/BFMC/Brain_DEI/brain/install/utils/include/utils/utils/msg/detail/conditions__builder.hpp\n'}
[1.475576] (utils) StdoutLine: {'line': b'-- Up-to-date symlink: /home/hisham/BFMC/Brain_DEI/brain/install/utils/include/utils/utils/msg/detail/conditions__struct.hpp\n'}
[1.475669] (utils) StdoutLine: {'line': b'-- Up-to-date symlink: /home/hisham/BFMC/Brain_DEI/brain/install/utils/include/utils/utils/msg/detail/conditions__traits.hpp\n'}
[1.475761] (utils) StdoutLine: {'line': b'-- Up-to-date symlink: /home/hisham/BFMC/Brain_DEI/brain/install/utils/include/utils/utils/msg/detail/conditions__type_support.hpp\n'}
[1.475853] (utils) StdoutLine: {'line': b'-- Up-to-date symlink: /home/hisham/BFMC/Brain_DEI/brain/install/utils/include/utils/utils/msg/detail/environmental__builder.hpp\n'}
[1.475942] (utils) StdoutLine: {'line': b'-- Up-to-date symlink: /home/hisham/BFMC/Brain_DEI/brain/install/utils/include/utils/utils/msg/detail/environmental__struct.hpp\n'}
[1.476030] (utils) StdoutLine: {'line': b'-- Up-to-date symlink: /home/hisham/BFMC/Brain_DEI/brain/install/utils/include/utils/utils/msg/detail/environmental__traits.hpp\n'}
[1.476121] (utils) StdoutLine: {'line': b'-- Up-to-date symlink: /home/hisham/BFMC/Brain_DEI/brain/install/utils/include/utils/utils/msg/detail/environmental__type_support.hpp\n'}
[1.476212] (utils) StdoutLine: {'line': b'-- Up-to-date symlink: /home/hisham/BFMC/Brain_DEI/brain/install/utils/include/utils/utils/msg/detail/imu__builder.hpp\n'}
[1.476302] (utils) StdoutLine: {'line': b'-- Up-to-date symlink: /home/hisham/BFMC/Brain_DEI/brain/install/utils/include/utils/utils/msg/detail/imu__struct.hpp\n'}
[1.476574] (utils) StdoutLine: {'line': b'-- Up-to-date symlink: /home/hisham/BFMC/Brain_DEI/brain/install/utils/include/utils/utils/msg/detail/imu__traits.hpp\n'}
[1.476657] (utils) StdoutLine: {'line': b'-- Up-to-date symlink: /home/hisham/BFMC/Brain_DEI/brain/install/utils/include/utils/utils/msg/detail/imu__type_support.hpp\n'}
[1.476737] (utils) StdoutLine: {'line': b'-- Up-to-date symlink: /home/hisham/BFMC/Brain_DEI/brain/install/utils/include/utils/utils/msg/detail/localisation__builder.hpp\n'}
[1.476814] (utils) StdoutLine: {'line': b'-- Up-to-date symlink: /home/hisham/BFMC/Brain_DEI/brain/install/utils/include/utils/utils/msg/detail/localisation__struct.hpp\n'}
[1.476896] (utils) StdoutLine: {'line': b'-- Up-to-date symlink: /home/hisham/BFMC/Brain_DEI/brain/install/utils/include/utils/utils/msg/detail/localisation__traits.hpp\n'}
[1.476960] (utils) StdoutLine: {'line': b'-- Up-to-date symlink: /home/hisham/BFMC/Brain_DEI/brain/install/utils/include/utils/utils/msg/detail/localisation__type_support.hpp\n'}
[1.477048] (utils) StdoutLine: {'line': b'-- Up-to-date symlink: /home/hisham/BFMC/Brain_DEI/brain/install/utils/include/utils/utils/msg/detail/log__builder.hpp\n'}
[1.477123] (utils) StdoutLine: {'line': b'-- Up-to-date symlink: /home/hisham/BFMC/Brain_DEI/brain/install/utils/include/utils/utils/msg/detail/log__struct.hpp\n'}
[1.477189] (utils) StdoutLine: {'line': b'-- Up-to-date symlink: /home/hisham/BFMC/Brain_DEI/brain/install/utils/include/utils/utils/msg/detail/log__traits.hpp\n'}
[1.477265] (utils) StdoutLine: {'line': b'-- Up-to-date symlink: /home/hisham/BFMC/Brain_DEI/brain/install/utils/include/utils/utils/msg/detail/log__type_support.hpp\n'}
[1.477344] (utils) StdoutLine: {'line': b'-- Up-to-date symlink: /home/hisham/BFMC/Brain_DEI/brain/install/utils/include/utils/utils/msg/detail/semaphore__builder.hpp\n'}
[1.477429] (utils) StdoutLine: {'line': b'-- Up-to-date symlink: /home/hisham/BFMC/Brain_DEI/brain/install/utils/include/utils/utils/msg/detail/semaphore__struct.hpp\n'}
[1.477509] (utils) StdoutLine: {'line': b'-- Up-to-date symlink: /home/hisham/BFMC/Brain_DEI/brain/install/utils/include/utils/utils/msg/detail/semaphore__traits.hpp\n'}
[1.477586] (utils) StdoutLine: {'line': b'-- Up-to-date symlink: /home/hisham/BFMC/Brain_DEI/brain/install/utils/include/utils/utils/msg/detail/semaphore__type_support.hpp\n'}
[1.477661] (utils) StdoutLine: {'line': b'-- Up-to-date symlink: /home/hisham/BFMC/Brain_DEI/brain/install/utils/include/utils/utils/msg/detail/topic_info__builder.hpp\n'}
[1.477741] (utils) StdoutLine: {'line': b'-- Up-to-date symlink: /home/hisham/BFMC/Brain_DEI/brain/install/utils/include/utils/utils/msg/detail/topic_info__struct.hpp\n'}
[1.477831] (utils) StdoutLine: {'line': b'-- Up-to-date symlink: /home/hisham/BFMC/Brain_DEI/brain/install/utils/include/utils/utils/msg/detail/topic_info__traits.hpp\n'}
[1.477920] (utils) StdoutLine: {'line': b'-- Up-to-date symlink: /home/hisham/BFMC/Brain_DEI/brain/install/utils/include/utils/utils/msg/detail/topic_info__type_support.hpp\n'}
[1.478008] (utils) StdoutLine: {'line': b'-- Up-to-date symlink: /home/hisham/BFMC/Brain_DEI/brain/install/utils/include/utils/utils/msg/detail/trafficsignprediction__builder.hpp\n'}
[1.478097] (utils) StdoutLine: {'line': b'-- Up-to-date symlink: /home/hisham/BFMC/Brain_DEI/brain/install/utils/include/utils/utils/msg/detail/trafficsignprediction__struct.hpp\n'}
[1.478185] (utils) StdoutLine: {'line': b'-- Up-to-date symlink: /home/hisham/BFMC/Brain_DEI/brain/install/utils/include/utils/utils/msg/detail/trafficsignprediction__traits.hpp\n'}
[1.478274] (utils) StdoutLine: {'line': b'-- Up-to-date symlink: /home/hisham/BFMC/Brain_DEI/brain/install/utils/include/utils/utils/msg/detail/trafficsignprediction__type_support.hpp\n'}
[1.478377] (utils) StdoutLine: {'line': b'-- Up-to-date symlink: /home/hisham/BFMC/Brain_DEI/brain/install/utils/include/utils/utils/msg/detail/vehicles__builder.hpp\n'}
[1.478466] (utils) StdoutLine: {'line': b'-- Up-to-date symlink: /home/hisham/BFMC/Brain_DEI/brain/install/utils/include/utils/utils/msg/detail/vehicles__struct.hpp\n'}
[1.478561] (utils) StdoutLine: {'line': b'-- Up-to-date symlink: /home/hisham/BFMC/Brain_DEI/brain/install/utils/include/utils/utils/msg/detail/vehicles__traits.hpp\n'}
[1.478650] (utils) StdoutLine: {'line': b'-- Up-to-date symlink: /home/hisham/BFMC/Brain_DEI/brain/install/utils/include/utils/utils/msg/detail/vehicles__type_support.hpp\n'}
[1.478737] (utils) StdoutLine: {'line': b'-- Up-to-date symlink: /home/hisham/BFMC/Brain_DEI/brain/install/utils/include/utils/utils/msg/environmental.hpp\n'}
[1.478825] (utils) StdoutLine: {'line': b'-- Up-to-date symlink: /home/hisham/BFMC/Brain_DEI/brain/install/utils/include/utils/utils/msg/imu.hpp\n'}
[1.478911] (utils) StdoutLine: {'line': b'-- Up-to-date symlink: /home/hisham/BFMC/Brain_DEI/brain/install/utils/include/utils/utils/msg/localisation.hpp\n'}
[1.478997] (utils) StdoutLine: {'line': b'-- Up-to-date symlink: /home/hisham/BFMC/Brain_DEI/brain/install/utils/include/utils/utils/msg/log.hpp\n'}
[1.479085] (utils) StdoutLine: {'line': b'-- Up-to-date symlink: /home/hisham/BFMC/Brain_DEI/brain/install/utils/include/utils/utils/msg/rosidl_generator_cpp__visibility_control.hpp\n'}
[1.479174] (utils) StdoutLine: {'line': b'-- Up-to-date symlink: /home/hisham/BFMC/Brain_DEI/brain/install/utils/include/utils/utils/msg/semaphore.hpp\n'}
[1.479260] (utils) StdoutLine: {'line': b'-- Up-to-date symlink: /home/hisham/BFMC/Brain_DEI/brain/install/utils/include/utils/utils/msg/topic_info.hpp\n'}
[1.479352] (utils) StdoutLine: {'line': b'-- Up-to-date symlink: /home/hisham/BFMC/Brain_DEI/brain/install/utils/include/utils/utils/msg/trafficsignprediction.hpp\n'}
[1.479439] (utils) StdoutLine: {'line': b'-- Up-to-date symlink: /home/hisham/BFMC/Brain_DEI/brain/install/utils/include/utils/utils/msg/vehicles.hpp\n'}
[1.479530] (utils) StdoutLine: {'line': b'-- Up-to-date symlink: /home/hisham/BFMC/Brain_DEI/brain/install/utils/include/utils/utils/srv/detail/request_param__builder.hpp\n'}
[1.479621] (utils) StdoutLine: {'line': b'-- Up-to-date symlink: /home/hisham/BFMC/Brain_DEI/brain/install/utils/include/utils/utils/srv/detail/request_param__struct.hpp\n'}
[1.479710] (utils) StdoutLine: {'line': b'-- Up-to-date symlink: /home/hisham/BFMC/Brain_DEI/brain/install/utils/include/utils/utils/srv/detail/request_param__traits.hpp\n'}
[1.479798] (utils) StdoutLine: {'line': b'-- Up-to-date symlink: /home/hisham/BFMC/Brain_DEI/brain/install/utils/include/utils/utils/srv/detail/request_param__type_support.hpp\n'}
[1.479888] (utils) StdoutLine: {'line': b'-- Up-to-date symlink: /home/hisham/BFMC/Brain_DEI/brain/install/utils/include/utils/utils/srv/detail/subscribing__builder.hpp\n'}
[1.479977] (utils) StdoutLine: {'line': b'-- Up-to-date symlink: /home/hisham/BFMC/Brain_DEI/brain/install/utils/include/utils/utils/srv/detail/subscribing__struct.hpp\n'}
[1.480064] (utils) StdoutLine: {'line': b'-- Up-to-date symlink: /home/hisham/BFMC/Brain_DEI/brain/install/utils/include/utils/utils/srv/detail/subscribing__traits.hpp\n'}
[1.480154] (utils) StdoutLine: {'line': b'-- Up-to-date symlink: /home/hisham/BFMC/Brain_DEI/brain/install/utils/include/utils/utils/srv/detail/subscribing__type_support.hpp\n'}
[1.480256] (utils) StdoutLine: {'line': b'-- Up-to-date symlink: /home/hisham/BFMC/Brain_DEI/brain/install/utils/include/utils/utils/srv/request_param.hpp\n'}
[1.480364] (utils) StdoutLine: {'line': b'-- Up-to-date symlink: /home/hisham/BFMC/Brain_DEI/brain/install/utils/include/utils/utils/srv/subscribing.hpp\n'}
[1.481140] (utils) StdoutLine: {'line': b'-- Up-to-date symlink: /home/hisham/BFMC/Brain_DEI/brain/install/utils/include/utils/utils/msg/detail/conditions__rosidl_typesupport_fastrtps_cpp.hpp\n'}
[1.481233] (utils) StdoutLine: {'line': b'-- Up-to-date symlink: /home/hisham/BFMC/Brain_DEI/brain/install/utils/include/utils/utils/msg/detail/environmental__rosidl_typesupport_fastrtps_cpp.hpp\n'}
[1.481329] (utils) StdoutLine: {'line': b'-- Up-to-date symlink: /home/hisham/BFMC/Brain_DEI/brain/install/utils/include/utils/utils/msg/detail/imu__rosidl_typesupport_fastrtps_cpp.hpp\n'}
[1.481456] (utils) StdoutLine: {'line': b'-- Up-to-date symlink: /home/hisham/BFMC/Brain_DEI/brain/install/utils/include/utils/utils/msg/detail/localisation__rosidl_typesupport_fastrtps_cpp.hpp\n'}
[1.481540] (utils) StdoutLine: {'line': b'-- Up-to-date symlink: /home/hisham/BFMC/Brain_DEI/brain/install/utils/include/utils/utils/msg/detail/log__rosidl_typesupport_fastrtps_cpp.hpp\n'}
[1.481620] (utils) StdoutLine: {'line': b'-- Up-to-date symlink: /home/hisham/BFMC/Brain_DEI/brain/install/utils/include/utils/utils/msg/detail/semaphore__rosidl_typesupport_fastrtps_cpp.hpp\n'}
[1.481710] (utils) StdoutLine: {'line': b'-- Up-to-date symlink: /home/hisham/BFMC/Brain_DEI/brain/install/utils/include/utils/utils/msg/detail/topic_info__rosidl_typesupport_fastrtps_cpp.hpp\n'}
[1.481806] (utils) StdoutLine: {'line': b'-- Up-to-date symlink: /home/hisham/BFMC/Brain_DEI/brain/install/utils/include/utils/utils/msg/detail/trafficsignprediction__rosidl_typesupport_fastrtps_cpp.hpp\n'}
[1.481897] (utils) StdoutLine: {'line': b'-- Up-to-date symlink: /home/hisham/BFMC/Brain_DEI/brain/install/utils/include/utils/utils/msg/detail/vehicles__rosidl_typesupport_fastrtps_cpp.hpp\n'}
[1.481986] (utils) StdoutLine: {'line': b'-- Up-to-date symlink: /home/hisham/BFMC/Brain_DEI/brain/install/utils/include/utils/utils/msg/rosidl_typesupport_fastrtps_cpp__visibility_control.h\n'}
[1.482079] (utils) StdoutLine: {'line': b'-- Up-to-date symlink: /home/hisham/BFMC/Brain_DEI/brain/install/utils/include/utils/utils/srv/detail/request_param__rosidl_typesupport_fastrtps_cpp.hpp\n'}
[1.482168] (utils) StdoutLine: {'line': b'-- Up-to-date symlink: /home/hisham/BFMC/Brain_DEI/brain/install/utils/include/utils/utils/srv/detail/subscribing__rosidl_typesupport_fastrtps_cpp.hpp\n'}
[1.482548] (utils) StdoutLine: {'line': b'-- Up-to-date symlink: /home/hisham/BFMC/Brain_DEI/brain/install/utils/include/utils/utils/msg/detail/conditions__rosidl_typesupport_introspection_cpp.hpp\n'}
[1.482644] (utils) StdoutLine: {'line': b'-- Up-to-date symlink: /home/hisham/BFMC/Brain_DEI/brain/install/utils/include/utils/utils/msg/detail/environmental__rosidl_typesupport_introspection_cpp.hpp\n'}
[1.482739] (utils) StdoutLine: {'line': b'-- Up-to-date symlink: /home/hisham/BFMC/Brain_DEI/brain/install/utils/include/utils/utils/msg/detail/imu__rosidl_typesupport_introspection_cpp.hpp\n'}
[1.482833] (utils) StdoutLine: {'line': b'-- Up-to-date symlink: /home/hisham/BFMC/Brain_DEI/brain/install/utils/include/utils/utils/msg/detail/localisation__rosidl_typesupport_introspection_cpp.hpp\n'}
[1.482931] (utils) StdoutLine: {'line': b'-- Up-to-date symlink: /home/hisham/BFMC/Brain_DEI/brain/install/utils/include/utils/utils/msg/detail/log__rosidl_typesupport_introspection_cpp.hpp\n'}
[1.483026] (utils) StdoutLine: {'line': b'-- Up-to-date symlink: /home/hisham/BFMC/Brain_DEI/brain/install/utils/include/utils/utils/msg/detail/semaphore__rosidl_typesupport_introspection_cpp.hpp\n'}
[1.483118] (utils) StdoutLine: {'line': b'-- Up-to-date symlink: /home/hisham/BFMC/Brain_DEI/brain/install/utils/include/utils/utils/msg/detail/topic_info__rosidl_typesupport_introspection_cpp.hpp\n'}
[1.483209] (utils) StdoutLine: {'line': b'-- Up-to-date symlink: /home/hisham/BFMC/Brain_DEI/brain/install/utils/include/utils/utils/msg/detail/trafficsignprediction__rosidl_typesupport_introspection_cpp.hpp\n'}
[1.483302] (utils) StdoutLine: {'line': b'-- Up-to-date symlink: /home/hisham/BFMC/Brain_DEI/brain/install/utils/include/utils/utils/msg/detail/vehicles__rosidl_typesupport_introspection_cpp.hpp\n'}
[1.483402] (utils) StdoutLine: {'line': b'-- Up-to-date symlink: /home/hisham/BFMC/Brain_DEI/brain/install/utils/include/utils/utils/srv/detail/request_param__rosidl_typesupport_introspection_cpp.hpp\n'}
[1.483490] (utils) StdoutLine: {'line': b'-- Up-to-date symlink: /home/hisham/BFMC/Brain_DEI/brain/install/utils/include/utils/utils/srv/detail/subscribing__rosidl_typesupport_introspection_cpp.hpp\n'}
[1.483627] (utils) StdoutLine: {'line': b'-- Up-to-date symlink: /home/hisham/BFMC/Brain_DEI/brain/install/utils/share/utils/environment/pythonpath.sh\n'}
[1.483758] (utils) StdoutLine: {'line': b'-- Up-to-date symlink: /home/hisham/BFMC/Brain_DEI/brain/install/utils/share/utils/environment/pythonpath.dsv\n'}
[1.484004] (utils) StdoutLine: {'line': b'-- Up-to-date symlink: /home/hisham/BFMC/Brain_DEI/brain/install/utils/lib/python3.12/site-packages/utils-0.0.0-py3.12.egg-info/PKG-INFO\n'}
[1.484098] (utils) StdoutLine: {'line': b'-- Up-to-date symlink: /home/hisham/BFMC/Brain_DEI/brain/install/utils/lib/python3.12/site-packages/utils-0.0.0-py3.12.egg-info/SOURCES.txt\n'}
[1.484190] (utils) StdoutLine: {'line': b'-- Up-to-date symlink: /home/hisham/BFMC/Brain_DEI/brain/install/utils/lib/python3.12/site-packages/utils-0.0.0-py3.12.egg-info/dependency_links.txt\n'}
[1.484278] (utils) StdoutLine: {'line': b'-- Up-to-date symlink: /home/hisham/BFMC/Brain_DEI/brain/install/utils/lib/python3.12/site-packages/utils-0.0.0-py3.12.egg-info/top_level.txt\n'}
[1.484924] (utils) StdoutLine: {'line': b'-- Up-to-date symlink: /home/hisham/BFMC/Brain_DEI/brain/install/utils/lib/python3.12/site-packages/utils/__init__.py\n'}
[1.485017] (utils) StdoutLine: {'line': b'-- Up-to-date symlink: /home/hisham/BFMC/Brain_DEI/brain/install/utils/lib/python3.12/site-packages/utils/_utils_s.ep.rosidl_typesupport_c.c\n'}
[1.485108] (utils) StdoutLine: {'line': b'-- Up-to-date symlink: /home/hisham/BFMC/Brain_DEI/brain/install/utils/lib/python3.12/site-packages/utils/_utils_s.ep.rosidl_typesupport_fastrtps_c.c\n'}
[1.485200] (utils) StdoutLine: {'line': b'-- Up-to-date symlink: /home/hisham/BFMC/Brain_DEI/brain/install/utils/lib/python3.12/site-packages/utils/_utils_s.ep.rosidl_typesupport_introspection_c.c\n'}
[1.485298] (utils) StdoutLine: {'line': b'-- Up-to-date symlink: /home/hisham/BFMC/Brain_DEI/brain/install/utils/lib/python3.12/site-packages/utils/msg/__init__.py\n'}
[1.485393] (utils) StdoutLine: {'line': b'-- Up-to-date symlink: /home/hisham/BFMC/Brain_DEI/brain/install/utils/lib/python3.12/site-packages/utils/msg/_conditions.py\n'}
[1.485481] (utils) StdoutLine: {'line': b'-- Up-to-date symlink: /home/hisham/BFMC/Brain_DEI/brain/install/utils/lib/python3.12/site-packages/utils/msg/_conditions_s.c\n'}
[1.485570] (utils) StdoutLine: {'line': b'-- Up-to-date symlink: /home/hisham/BFMC/Brain_DEI/brain/install/utils/lib/python3.12/site-packages/utils/msg/_environmental.py\n'}
[1.485657] (utils) StdoutLine: {'line': b'-- Up-to-date symlink: /home/hisham/BFMC/Brain_DEI/brain/install/utils/lib/python3.12/site-packages/utils/msg/_environmental_s.c\n'}
[1.485747] (utils) StdoutLine: {'line': b'-- Up-to-date symlink: /home/hisham/BFMC/Brain_DEI/brain/install/utils/lib/python3.12/site-packages/utils/msg/_imu.py\n'}
[1.485835] (utils) StdoutLine: {'line': b'-- Up-to-date symlink: /home/hisham/BFMC/Brain_DEI/brain/install/utils/lib/python3.12/site-packages/utils/msg/_imu_s.c\n'}
[1.485924] (utils) StdoutLine: {'line': b'-- Up-to-date symlink: /home/hisham/BFMC/Brain_DEI/brain/install/utils/lib/python3.12/site-packages/utils/msg/_localisation.py\n'}
[1.486012] (utils) StdoutLine: {'line': b'-- Up-to-date symlink: /home/hisham/BFMC/Brain_DEI/brain/install/utils/lib/python3.12/site-packages/utils/msg/_localisation_s.c\n'}
[1.486101] (utils) StdoutLine: {'line': b'-- Up-to-date symlink: /home/hisham/BFMC/Brain_DEI/brain/install/utils/lib/python3.12/site-packages/utils/msg/_log.py\n'}
[1.486189] (utils) StdoutLine: {'line': b'-- Up-to-date symlink: /home/hisham/BFMC/Brain_DEI/brain/install/utils/lib/python3.12/site-packages/utils/msg/_log_s.c\n'}
[1.486278] (utils) StdoutLine: {'line': b'-- Up-to-date symlink: /home/hisham/BFMC/Brain_DEI/brain/install/utils/lib/python3.12/site-packages/utils/msg/_semaphore.py\n'}
[1.486388] (utils) StdoutLine: {'line': b'-- Up-to-date symlink: /home/hisham/BFMC/Brain_DEI/brain/install/utils/lib/python3.12/site-packages/utils/msg/_semaphore_s.c\n'}
[1.486471] (utils) StdoutLine: {'line': b'-- Up-to-date symlink: /home/hisham/BFMC/Brain_DEI/brain/install/utils/lib/python3.12/site-packages/utils/msg/_topic_info.py\n'}
[1.486553] (utils) StdoutLine: {'line': b'-- Up-to-date symlink: /home/hisham/BFMC/Brain_DEI/brain/install/utils/lib/python3.12/site-packages/utils/msg/_topic_info_s.c\n'}
[1.486638] (utils) StdoutLine: {'line': b'-- Up-to-date symlink: /home/hisham/BFMC/Brain_DEI/brain/install/utils/lib/python3.12/site-packages/utils/msg/_trafficsignprediction.py\n'}
[1.486723] (utils) StdoutLine: {'line': b'-- Up-to-date symlink: /home/hisham/BFMC/Brain_DEI/brain/install/utils/lib/python3.12/site-packages/utils/msg/_trafficsignprediction_s.c\n'}
[1.486807] (utils) StdoutLine: {'line': b'-- Up-to-date symlink: /home/hisham/BFMC/Brain_DEI/brain/install/utils/lib/python3.12/site-packages/utils/msg/_vehicles.py\n'}
[1.486891] (utils) StdoutLine: {'line': b'-- Up-to-date symlink: /home/hisham/BFMC/Brain_DEI/brain/install/utils/lib/python3.12/site-packages/utils/msg/_vehicles_s.c\n'}
[1.486974] (utils) StdoutLine: {'line': b'-- Up-to-date symlink: /home/hisham/BFMC/Brain_DEI/brain/install/utils/lib/python3.12/site-packages/utils/srv/__init__.py\n'}
[1.487063] (utils) StdoutLine: {'line': b'-- Up-to-date symlink: /home/hisham/BFMC/Brain_DEI/brain/install/utils/lib/python3.12/site-packages/utils/srv/_request_param.py\n'}
[1.487146] (utils) StdoutLine: {'line': b'-- Up-to-date symlink: /home/hisham/BFMC/Brain_DEI/brain/install/utils/lib/python3.12/site-packages/utils/srv/_request_param_s.c\n'}
[1.487229] (utils) StdoutLine: {'line': b'-- Up-to-date symlink: /home/hisham/BFMC/Brain_DEI/brain/install/utils/lib/python3.12/site-packages/utils/srv/_subscribing.py\n'}
[1.487314] (utils) StdoutLine: {'line': b'-- Up-to-date symlink: /home/hisham/BFMC/Brain_DEI/brain/install/utils/lib/python3.12/site-packages/utils/srv/_subscribing_s.c\n'}
[1.487400] (utils) StdoutLine: {'line': b'-- Up-to-date symlink: /home/hisham/BFMC/Brain_DEI/brain/install/utils/lib/python3.12/site-packages/utils/utils_s__rosidl_typesupport_c.so\n'}
[1.487482] (utils) StdoutLine: {'line': b'-- Up-to-date symlink: /home/hisham/BFMC/Brain_DEI/brain/install/utils/lib/python3.12/site-packages/utils/utils_s__rosidl_typesupport_fastrtps_c.so\n'}
[1.487566] (utils) StdoutLine: {'line': b'-- Up-to-date symlink: /home/hisham/BFMC/Brain_DEI/brain/install/utils/lib/python3.12/site-packages/utils/utils_s__rosidl_typesupport_introspection_c.so\n'}
[1.487772] (utils) StdoutLine: {'line': b'-- Up-to-date symlink: /home/hisham/BFMC/Brain_DEI/brain/install/utils/lib/python3.12/site-packages/utils/utils_s__rosidl_typesupport_fastrtps_c.so\n'}
[1.487967] (utils) StdoutLine: {'line': b'-- Up-to-date symlink: /home/hisham/BFMC/Brain_DEI/brain/install/utils/lib/python3.12/site-packages/utils/utils_s__rosidl_typesupport_introspection_c.so\n'}
[1.488163] (utils) StdoutLine: {'line': b'-- Up-to-date symlink: /home/hisham/BFMC/Brain_DEI/brain/install/utils/lib/python3.12/site-packages/utils/utils_s__rosidl_typesupport_c.so\n'}
[1.488299] (utils) StdoutLine: {'line': b'-- Up-to-date symlink: /home/hisham/BFMC/Brain_DEI/brain/install/utils/share/utils/msg/IMU.idl\n'}
[1.488539] (utils) StdoutLine: {'line': b'-- Up-to-date symlink: /home/hisham/BFMC/Brain_DEI/brain/install/utils/share/utils/msg/Localisation.idl\n'}
[1.488674] (utils) StdoutLine: {'line': b'-- Up-to-date symlink: /home/hisham/BFMC/Brain_DEI/brain/install/utils/share/utils/msg/Vehicles.idl\n'}
[1.488847] (utils) StdoutLine: {'line': b'-- Up-to-date symlink: /home/hisham/BFMC/Brain_DEI/brain/install/utils/share/utils/msg/Environmental.idl\n'}
[1.489066] (utils) StdoutLine: {'line': b'-- Up-to-date symlink: /home/hisham/BFMC/Brain_DEI/brain/install/utils/share/utils/msg/Log.idl\n'}
[1.489216] (utils) StdoutLine: {'line': b'-- Up-to-date symlink: /home/hisham/BFMC/Brain_DEI/brain/install/utils/share/utils/msg/TopicInfo.idl\n'}
[1.489366] (utils) StdoutLine: {'line': b'-- Up-to-date symlink: /home/hisham/BFMC/Brain_DEI/brain/install/utils/share/utils/msg/Semaphore.idl\n'}
[1.489519] (utils) StdoutLine: {'line': b'-- Up-to-date symlink: /home/hisham/BFMC/Brain_DEI/brain/install/utils/share/utils/msg/Conditions.idl\n'}
[1.489641] (utils) StdoutLine: {'line': b'-- Up-to-date symlink: /home/hisham/BFMC/Brain_DEI/brain/install/utils/share/utils/msg/Trafficsignprediction.idl\n'}
[1.489765] (utils) StdoutLine: {'line': b'-- Up-to-date symlink: /home/hisham/BFMC/Brain_DEI/brain/install/utils/share/utils/srv/Subscribing.idl\n'}
[1.489887] (utils) StdoutLine: {'line': b'-- Up-to-date symlink: /home/hisham/BFMC/Brain_DEI/brain/install/utils/share/utils/srv/RequestParam.idl\n'}
[1.490008] (utils) StdoutLine: {'line': b'-- Up-to-date symlink: /home/hisham/BFMC/Brain_DEI/brain/install/utils/share/utils/msg/IMU.msg\n'}
[1.490126] (utils) StdoutLine: {'line': b'-- Up-to-date symlink: /home/hisham/BFMC/Brain_DEI/brain/install/utils/share/utils/msg/Localisation.msg\n'}
[1.490246] (utils) StdoutLine: {'line': b'-- Up-to-date symlink: /home/hisham/BFMC/Brain_DEI/brain/install/utils/share/utils/msg/Vehicles.msg\n'}
[1.490415] (utils) StdoutLine: {'line': b'-- Up-to-date symlink: /home/hisham/BFMC/Brain_DEI/brain/install/utils/share/utils/msg/Environmental.msg\n'}
[1.490584] (utils) StdoutLine: {'line': b'-- Up-to-date symlink: /home/hisham/BFMC/Brain_DEI/brain/install/utils/share/utils/msg/Log.msg\n'}
[1.490775] (utils) StdoutLine: {'line': b'-- Up-to-date symlink: /home/hisham/BFMC/Brain_DEI/brain/install/utils/share/utils/msg/TopicInfo.msg\n'}
[1.490877] (utils) StdoutLine: {'line': b'-- Up-to-date symlink: /home/hisham/BFMC/Brain_DEI/brain/install/utils/share/utils/msg/Semaphore.msg\n'}
[1.491001] (utils) StdoutLine: {'line': b'-- Up-to-date symlink: /home/hisham/BFMC/Brain_DEI/brain/install/utils/share/utils/msg/Conditions.msg\n'}
[1.491129] (utils) StdoutLine: {'line': b'-- Up-to-date symlink: /home/hisham/BFMC/Brain_DEI/brain/install/utils/share/utils/msg/Trafficsignprediction.msg\n'}
[1.491257] (utils) StdoutLine: {'line': b'-- Up-to-date symlink: /home/hisham/BFMC/Brain_DEI/brain/install/utils/share/utils/srv/Subscribing.srv\n'}
[1.491435] (utils) StdoutLine: {'line': b'-- Up-to-date symlink: /home/hisham/BFMC/Brain_DEI/brain/install/utils/share/utils/srv/RequestParam.srv\n'}
[1.491653] (utils) StdoutLine: {'line': b'-- Up-to-date symlink: /home/hisham/BFMC/Brain_DEI/brain/install/utils/share/utils/launch/run_automobile.launch.py\n'}
[1.491793] (utils) StdoutLine: {'line': b'-- Up-to-date symlink: /home/hisham/BFMC/Brain_DEI/brain/install/utils/share/ament_index/resource_index/package_run_dependencies/utils\n'}
[1.491932] (utils) StdoutLine: {'line': b'-- Up-to-date symlink: /home/hisham/BFMC/Brain_DEI/brain/install/utils/share/ament_index/resource_index/parent_prefix_path/utils\n'}
[1.492062] (utils) StdoutLine: {'line': b'-- Up-to-date symlink: /home/hisham/BFMC/Brain_DEI/brain/install/utils/share/utils/environment/ament_prefix_path.sh\n'}
[1.492192] (utils) StdoutLine: {'line': b'-- Up-to-date symlink: /home/hisham/BFMC/Brain_DEI/brain/install/utils/share/utils/environment/ament_prefix_path.dsv\n'}
[1.492318] (utils) StdoutLine: {'line': b'-- Up-to-date symlink: /home/hisham/BFMC/Brain_DEI/brain/install/utils/share/utils/environment/path.sh\n'}
[1.492453] (utils) StdoutLine: {'line': b'-- Up-to-date symlink: /home/hisham/BFMC/Brain_DEI/brain/install/utils/share/utils/environment/path.dsv\n'}
[1.492577] (utils) StdoutLine: {'line': b'-- Up-to-date symlink: /home/hisham/BFMC/Brain_DEI/brain/install/utils/share/utils/local_setup.bash\n'}
[1.492700] (utils) StdoutLine: {'line': b'-- Up-to-date symlink: /home/hisham/BFMC/Brain_DEI/brain/install/utils/share/utils/local_setup.sh\n'}
[1.492825] (utils) StdoutLine: {'line': b'-- Up-to-date symlink: /home/hisham/BFMC/Brain_DEI/brain/install/utils/share/utils/local_setup.zsh\n'}
[1.492947] (utils) StdoutLine: {'line': b'-- Up-to-date symlink: /home/hisham/BFMC/Brain_DEI/brain/install/utils/share/utils/local_setup.dsv\n'}
[1.493040] (utils) StdoutLine: {'line': b'-- Symlinking: /home/hisham/BFMC/Brain_DEI/brain/install/utils/share/utils/package.dsv\n'}
[1.500658] (utils) StdoutLine: {'line': b'-- Up-to-date symlink: /home/hisham/BFMC/Brain_DEI/brain/install/utils/share/ament_index/resource_index/packages/utils\n'}
[1.500804] (utils) StdoutLine: {'line': b'-- Up-to-date symlink: /home/hisham/BFMC/Brain_DEI/brain/install/utils/share/utils/cmake/rosidl_cmake-extras.cmake\n'}
[1.500899] (utils) StdoutLine: {'line': b'-- Up-to-date symlink: /home/hisham/BFMC/Brain_DEI/brain/install/utils/share/utils/cmake/ament_cmake_export_dependencies-extras.cmake\n'}
[1.501033] (utils) StdoutLine: {'line': b'-- Up-to-date symlink: /home/hisham/BFMC/Brain_DEI/brain/install/utils/share/utils/cmake/ament_cmake_export_include_directories-extras.cmake\n'}
[1.501165] (utils) StdoutLine: {'line': b'-- Up-to-date symlink: /home/hisham/BFMC/Brain_DEI/brain/install/utils/share/utils/cmake/ament_cmake_export_libraries-extras.cmake\n'}
[1.501297] (utils) StdoutLine: {'line': b'-- Up-to-date symlink: /home/hisham/BFMC/Brain_DEI/brain/install/utils/share/utils/cmake/ament_cmake_export_targets-extras.cmake\n'}
[1.501370] (-) TimerEvent: {}
[1.501456] (utils) StdoutLine: {'line': b'-- Up-to-date symlink: /home/hisham/BFMC/Brain_DEI/brain/install/utils/share/utils/cmake/rosidl_cmake_export_typesupport_targets-extras.cmake\n'}
[1.501621] (utils) StdoutLine: {'line': b'-- Up-to-date symlink: /home/hisham/BFMC/Brain_DEI/brain/install/utils/share/utils/cmake/rosidl_cmake_export_typesupport_libraries-extras.cmake\n'}
[1.501813] (utils) StdoutLine: {'line': b'-- Up-to-date symlink: /home/hisham/BFMC/Brain_DEI/brain/install/utils/share/utils/cmake/utilsConfig.cmake\n'}
[1.501922] (utils) StdoutLine: {'line': b'-- Up-to-date symlink: /home/hisham/BFMC/Brain_DEI/brain/install/utils/share/utils/cmake/utilsConfig-version.cmake\n'}
[1.502008] (utils) StdoutLine: {'line': b'-- Up-to-date symlink: /home/hisham/BFMC/Brain_DEI/brain/install/utils/share/utils/package.xml\n'}
[1.502190] (utils) StdoutLine: {'line': b'-- Up-to-date: /home/hisham/BFMC/Brain_DEI/brain/install/utils/lib/libutils__rosidl_generator_c.so\n'}
[1.502372] (utils) StdoutLine: {'line': b'-- Up-to-date: /home/hisham/BFMC/Brain_DEI/brain/install/utils/lib/libutils__rosidl_typesupport_fastrtps_c.so\n'}
[1.502547] (utils) StdoutLine: {'line': b'-- Up-to-date: /home/hisham/BFMC/Brain_DEI/brain/install/utils/lib/libutils__rosidl_typesupport_introspection_c.so\n'}
[1.502701] (utils) StdoutLine: {'line': b'-- Up-to-date: /home/hisham/BFMC/Brain_DEI/brain/install/utils/lib/libutils__rosidl_typesupport_c.so\n'}
[1.502874] (utils) StdoutLine: {'line': b'-- Up-to-date: /home/hisham/BFMC/Brain_DEI/brain/install/utils/lib/libutils__rosidl_typesupport_fastrtps_cpp.so\n'}
[1.503041] (utils) StdoutLine: {'line': b'-- Up-to-date: /home/hisham/BFMC/Brain_DEI/brain/install/utils/lib/libutils__rosidl_typesupport_introspection_cpp.so\n'}
[1.503217] (utils) StdoutLine: {'line': b'-- Up-to-date: /home/hisham/BFMC/Brain_DEI/brain/install/utils/lib/libutils__rosidl_typesupport_cpp.so\n'}
[1.533879] (utils) StdoutLine: {'line': b"Listing '/home/hisham/BFMC/Brain_DEI/brain/install/utils/lib/python3.12/site-packages/utils'...\n"}
[1.534013] (utils) StdoutLine: {'line': b"Compiling '/home/hisham/BFMC/Brain_DEI/brain/install/utils/lib/python3.12/site-packages/utils/__init__.py'...\n"}
[1.534080] (utils) StdoutLine: {'line': b"Listing '/home/hisham/BFMC/Brain_DEI/brain/install/utils/lib/python3.12/site-packages/utils/msg'...\n"}
[1.534139] (utils) StdoutLine: {'line': b"Listing '/home/hisham/BFMC/Brain_DEI/brain/install/utils/lib/python3.12/site-packages/utils/srv'...\n"}
[1.538490] (utils) StdoutLine: {'line': b'-- Up-to-date: /home/hisham/BFMC/Brain_DEI/brain/install/utils/lib/libutils__rosidl_generator_py.so\n'}
[1.538684] (utils) StdoutLine: {'line': b'-- Up-to-date: /home/hisham/BFMC/Brain_DEI/brain/install/utils/share/utils/cmake/export_utils__rosidl_generator_cExport.cmake\n'}
[1.538870] (utils) StdoutLine: {'line': b'-- Up-to-date: /home/hisham/BFMC/Brain_DEI/brain/install/utils/share/utils/cmake/export_utils__rosidl_generator_cExport-noconfig.cmake\n'}
[1.538973] (utils) StdoutLine: {'line': b'-- Up-to-date: /home/hisham/BFMC/Brain_DEI/brain/install/utils/share/utils/cmake/export_utils__rosidl_typesupport_fastrtps_cExport.cmake\n'}
[1.539078] (utils) StdoutLine: {'line': b'-- Up-to-date: /home/hisham/BFMC/Brain_DEI/brain/install/utils/share/utils/cmake/export_utils__rosidl_typesupport_fastrtps_cExport-noconfig.cmake\n'}
[1.539151] (utils) StdoutLine: {'line': b'-- Up-to-date: /home/hisham/BFMC/Brain_DEI/brain/install/utils/share/utils/cmake/utils__rosidl_typesupport_introspection_cExport.cmake\n'}
[1.539220] (utils) StdoutLine: {'line': b'-- Up-to-date: /home/hisham/BFMC/Brain_DEI/brain/install/utils/share/utils/cmake/utils__rosidl_typesupport_introspection_cExport-noconfig.cmake\n'}
[1.539283] (utils) StdoutLine: {'line': b'-- Up-to-date: /home/hisham/BFMC/Brain_DEI/brain/install/utils/share/utils/cmake/utils__rosidl_typesupport_cExport.cmake\n'}
[1.539393] (utils) StdoutLine: {'line': b'-- Up-to-date: /home/hisham/BFMC/Brain_DEI/brain/install/utils/share/utils/cmake/utils__rosidl_typesupport_cExport-noconfig.cmake\n'}
[1.539457] (utils) StdoutLine: {'line': b'-- Up-to-date: /home/hisham/BFMC/Brain_DEI/brain/install/utils/share/utils/cmake/export_utils__rosidl_generator_cppExport.cmake\n'}
[1.539523] (utils) StdoutLine: {'line': b'-- Up-to-date: /home/hisham/BFMC/Brain_DEI/brain/install/utils/share/utils/cmake/export_utils__rosidl_typesupport_fastrtps_cppExport.cmake\n'}
[1.539584] (utils) StdoutLine: {'line': b'-- Up-to-date: /home/hisham/BFMC/Brain_DEI/brain/install/utils/share/utils/cmake/export_utils__rosidl_typesupport_fastrtps_cppExport-noconfig.cmake\n'}
[1.539646] (utils) StdoutLine: {'line': b'-- Up-to-date: /home/hisham/BFMC/Brain_DEI/brain/install/utils/share/utils/cmake/utils__rosidl_typesupport_introspection_cppExport.cmake\n'}
[1.539708] (utils) StdoutLine: {'line': b'-- Up-to-date: /home/hisham/BFMC/Brain_DEI/brain/install/utils/share/utils/cmake/utils__rosidl_typesupport_introspection_cppExport-noconfig.cmake\n'}
[1.539777] (utils) StdoutLine: {'line': b'-- Up-to-date: /home/hisham/BFMC/Brain_DEI/brain/install/utils/share/utils/cmake/utils__rosidl_typesupport_cppExport.cmake\n'}
[1.539888] (utils) StdoutLine: {'line': b'-- Up-to-date: /home/hisham/BFMC/Brain_DEI/brain/install/utils/share/utils/cmake/utils__rosidl_typesupport_cppExport-noconfig.cmake\n'}
[1.539974] (utils) StdoutLine: {'line': b'-- Up-to-date: /home/hisham/BFMC/Brain_DEI/brain/install/utils/share/utils/cmake/export_utils__rosidl_generator_pyExport.cmake\n'}
[1.540027] (utils) StdoutLine: {'line': b'-- Up-to-date: /home/hisham/BFMC/Brain_DEI/brain/install/utils/share/utils/cmake/export_utils__rosidl_generator_pyExport-noconfig.cmake\n'}
[1.541303] (utils) CommandEnded: {'returncode': 0}
[1.558923] (utils) JobEnded: {'identifier': 'utils', 'rc': 0}
[1.559684] (input) JobStarted: {'identifier': 'input'}
[1.563713] (output) JobStarted: {'identifier': 'output'}
[1.568751] (unix_out) JobStarted: {'identifier': 'unix_out'}
[1.601453] (-) TimerEvent: {}
[1.701632] (-) TimerEvent: {}
[1.801812] (-) TimerEvent: {}
[1.901989] (-) TimerEvent: {}
[2.002194] (-) TimerEvent: {}
[2.102395] (-) TimerEvent: {}
[2.202636] (-) TimerEvent: {}
[2.302800] (-) TimerEvent: {}
[2.402983] (-) TimerEvent: {}
[2.503189] (-) TimerEvent: {}
[2.603429] (-) TimerEvent: {}
[2.703669] (-) TimerEvent: {}
[2.804151] (input) Command: {'cmd': ['/usr/bin/python3', '-W', 'ignore:setup.py install is deprecated', '-W', 'ignore:easy_install command is deprecated', 'setup.py', 'egg_info', '--egg-base', '../../build/input', 'build', '--build-base', '/home/hisham/BFMC/Brain_DEI/brain/build/input/build', 'install', '--record', '/home/hisham/BFMC/Brain_DEI/brain/build/input/install.log', '--single-version-externally-managed', 'install_data'], 'cwd': '/home/hisham/BFMC/Brain_DEI/brain/src/input', 'env': {'LESSOPEN': '| /usr/bin/lesspipe %s', 'GZ_SIM_RESOURCE_PATH': '/opt/ros/jazzy/share', 'USER': 'hisham', 'GZ_CONFIG_PATH': '/opt/ros/jazzy/opt/gz_sim_vendor/share/gz:/opt/ros/jazzy/opt/sdformat_vendor/share/gz:/opt/ros/jazzy/opt/gz_gui_vendor/share/gz:/opt/ros/jazzy/opt/gz_transport_vendor/share/gz:/opt/ros/jazzy/opt/gz_rendering_vendor/share/gz:/opt/ros/jazzy/opt/gz_plugin_vendor/share/gz:/opt/ros/jazzy/opt/gz_fuel_tools_vendor/share/gz:/opt/ros/jazzy/opt/gz_msgs_vendor/share/gz:/opt/ros/jazzy/opt/gz_common_vendor/share/gz', 'XDG_SESSION_TYPE': 'x11', 'STM32CubeMX_PATH': '/home/hisham/STM32CubeMX', 'SHLVL': '1', 'LD_LIBRARY_PATH': '/home/hisham/BFMC/Brain_DEI/brain/install/utils/lib:/opt/ros/jazzy/opt/zenoh_cpp_vendor/lib:/opt/ros/jazzy/opt/gz_sim_vendor/lib:/opt/ros/jazzy/opt/gz_sensors_vendor/lib:/opt/ros/jazzy/opt/gz_physics_vendor/lib:/opt/ros/jazzy/opt/sdformat_vendor/lib:/opt/ros/jazzy/opt/rviz_ogre_vendor/lib:/opt/ros/jazzy/lib/x86_64-linux-gnu:/opt/ros/jazzy/opt/gz_gui_vendor/lib:/opt/ros/jazzy/opt/gz_transport_vendor/lib:/opt/ros/jazzy/opt/gz_rendering_vendor/lib:/opt/ros/jazzy/opt/gz_plugin_vendor/lib:/opt/ros/jazzy/opt/gz_fuel_tools_vendor/lib:/opt/ros/jazzy/opt/gz_msgs_vendor/lib:/opt/ros/jazzy/opt/gz_common_vendor/lib:/opt/ros/jazzy/opt/gz_math_vendor/lib:/opt/ros/jazzy/opt/gz_utils_vendor/lib:/opt/ros/jazzy/opt/gz_tools_vendor/lib:/opt/ros/jazzy/opt/gz_ogre_next_vendor/lib:/opt/ros/jazzy/opt/gz_dartsim_vendor/lib:/opt/ros/jazzy/opt/gz_cmake_vendor/lib:/opt/ros/jazzy/lib:/home/hisham/acados_ws/acados/lib', 'HOME': '/home/hisham', 'OLDPWD': '/home/hisham/BFMC/Brain_DEI', 'DESKTOP_SESSION': 'ubuntu', 'ROS_PYTHON_VERSION': '3', 'GNOME_SHELL_SESSION_MODE': 'ubuntu', 'GTK_MODULES': 'gail:atk-bridge', 'DBUS_STARTER_BUS_TYPE': 'session', 'SYSTEMD_EXEC_PID': '3010', 'GSM_SKIP_SSH_AGENT_WORKAROUND': 'true', 'DBUS_SESSION_BUS_ADDRESS': 'unix:path=/run/user/1000/bus,guid=34fd7da4f4a81523c877782769f1285b', 'COLORTERM': 'truecolor', 'DEBUGINFOD_URLS': 'https://debuginfod.ubuntu.com', 'ROS_DISTRO': 'jazzy', 'LOGNAME': 'hisham', '_': '/usr/bin/colcon', 'ROS_VERSION': '2', 'MEMORY_PRESSURE_WATCH': '/sys/fs/cgroup/user.slice/user-1000.slice/user@1000.service/app.slice/app-gnome\\x2dsession\\x2dmanager.slice/gnome-session-manager@ubuntu.service/memory.pressure', 'XDG_SESSION_CLASS': 'user', 'USERNAME': 'hisham', 'TERM': 'xterm-256color', 'GNOME_DESKTOP_SESSION_ID': 'this-is-deprecated', 'WINDOWPATH': '2', 'PATH': '/opt/ros/jazzy/opt/gz_msgs_vendor/bin:/opt/ros/jazzy/opt/gz_tools_vendor/bin:/opt/ros/jazzy/opt/gz_ogre_next_vendor/bin:/opt/ros/jazzy/bin:/home/hisham/miniconda3/bin:/home/hisham/.local/bin:/usr/local/sbin:/usr/local/bin:/usr/sbin:/usr/bin:/sbin:/bin:/usr/games:/usr/local/games:/snap/bin:/snap/bin', 'SESSION_MANAGER': 'local/hisham-IdeaPad-Gaming-3-15IMH05:@/tmp/.ICE-unix/3010,unix/hisham-IdeaPad-Gaming-3-15IMH05:/tmp/.ICE-unix/3010', 'XDG_MENU_PREFIX': 'gnome-', 'GNOME_TERMINAL_SCREEN': '/org/gnome/Terminal/screen/ca7c3419_8977_4068_946f_fdc1c080dbf7', 'XDG_RUNTIME_DIR': '/run/user/1000', 'DISPLAY': ':1', 'LANG': 'en_US.UTF-8', 'XDG_CURRENT_DESKTOP': 'ubuntu:GNOME', 'XMODIFIERS': '@im=ibus', 'XDG_SESSION_DESKTOP': 'ubuntu', 'XAUTHORITY': '/run/user/1000/gdm/Xauthority', 'LS_COLORS': 'rs=0:di=01;34:ln=01;36:mh=00:pi=40;33:so=01;35:do=01;35:bd=40;33;01:cd=40;33;01:or=40;31;01:mi=00:su=37;41:sg=30;43:ca=00:tw=30;42:ow=34;42:st=37;44:ex=01;32:*.tar=01;31:*.tgz=01;31:*.arc=01;31:*.arj=01;31:*.taz=01;31:*.lha=01;31:*.lz4=01;31:*.lzh=01;31:*.lzma=01;31:*.tlz=01;31:*.txz=01;31:*.tzo=01;31:*.t7z=01;31:*.zip=01;31:*.z=01;31:*.dz=01;31:*.gz=01;31:*.lrz=01;31:*.lz=01;31:*.lzo=01;31:*.xz=01;31:*.zst=01;31:*.tzst=01;31:*.bz2=01;31:*.bz=01;31:*.tbz=01;31:*.tbz2=01;31:*.tz=01;31:*.deb=01;31:*.rpm=01;31:*.jar=01;31:*.war=01;31:*.ear=01;31:*.sar=01;31:*.rar=01;31:*.alz=01;31:*.ace=01;31:*.zoo=01;31:*.cpio=01;31:*.7z=01;31:*.rz=01;31:*.cab=01;31:*.wim=01;31:*.swm=01;31:*.dwm=01;31:*.esd=01;31:*.avif=01;35:*.jpg=01;35:*.jpeg=01;35:*.mjpg=01;35:*.mjpeg=01;35:*.gif=01;35:*.bmp=01;35:*.pbm=01;35:*.pgm=01;35:*.ppm=01;35:*.tga=01;35:*.xbm=01;35:*.xpm=01;35:*.tif=01;35:*.tiff=01;35:*.png=01;35:*.svg=01;35:*.svgz=01;35:*.mng=01;35:*.pcx=01;35:*.mov=01;35:*.mpg=01;35:*.mpeg=01;35:*.m2v=01;35:*.mkv=01;35:*.webm=01;35:*.webp=01;35:*.ogm=01;35:*.mp4=01;35:*.m4v=01;35:*.mp4v=01;35:*.vob=01;35:*.qt=01;35:*.nuv=01;35:*.wmv=01;35:*.asf=01;35:*.rm=01;35:*.rmvb=01;35:*.flc=01;35:*.avi=01;35:*.fli=01;35:*.flv=01;35:*.gl=01;35:*.dl=01;35:*.xcf=01;35:*.xwd=01;35:*.yuv=01;35:*.cgm=01;35:*.emf=01;35:*.ogv=01;35:*.ogx=01;35:*.aac=00;36:*.au=00;36:*.flac=00;36:*.m4a=00;36:*.mid=00;36:*.midi=00;36:*.mka=00;36:*.mp3=00;36:*.mpc=00;36:*.ogg=00;36:*.ra=00;36:*.wav=00;36:*.oga=00;36:*.opus=00;36:*.spx=00;36:*.xspf=00;36:*~=00;90:*#=00;90:*.bak=00;90:*.crdownload=00;90:*.dpkg-dist=00;90:*.dpkg-new=00;90:*.dpkg-old=00;90:*.dpkg-tmp=00;90:*.old=00;90:*.orig=00;90:*.part=00;90:*.rej=00;90:*.rpmnew=00;90:*.rpmorig=00;90:*.rpmsave=00;90:*.swp=00;90:*.tmp=00;90:*.ucf-dist=00;90:*.ucf-new=00;90:*.ucf-old=00;90:', 'GNOME_TERMINAL_SERVICE': ':1.471', 'SSH_AUTH_SOCK': '/run/user/1000/keyring/ssh', 'AMENT_PREFIX_PATH': '/home/hisham/BFMC/Brain_DEI/brain/install/utils:/opt/ros/jazzy', 'SHELL': '/bin/bash', 'QT_ACCESSIBILITY': '1', 'GDMSESSION': 'ubuntu', 'LESSCLOSE': '/usr/bin/lesspipe %s %s', 'GPG_AGENT_INFO': '/run/user/1000/gnupg/S.gpg-agent:0:1', 'ROS_AUTOMATIC_DISCOVERY_RANGE': 'SUBNET', 'QT_IM_MODULE': 'ibus', 'PWD': '/home/hisham/BFMC/Brain_DEI/brain/build/input', 'XDG_CONFIG_DIRS': '/etc/xdg/xdg-ubuntu:/etc/xdg', 'DBUS_STARTER_ADDRESS': 'unix:path=/run/user/1000/bus,guid=34fd7da4f4a81523c877782769f1285b', 'XDG_DATA_DIRS': '/usr/share/ubuntu:/usr/share/gnome:/usr/local/share/:/usr/share/:/var/lib/snapd/desktop', 'PYTHONPATH': '/home/hisham/BFMC/Brain_DEI/brain/build/input/prefix_override:/usr/lib/python3/dist-packages/colcon_core/task/python/colcon_distutils_commands:/home/hisham/BFMC/Brain_DEI/brain/install/input/lib/python3.12/site-packages:/home/hisham/BFMC/Brain_DEI/brain/install/utils/lib/python3.12/site-packages:/opt/ros/jazzy/lib/python3.12/site-packages', 'COLCON': '1', 'MEMORY_PRESSURE_WRITE': 'c29tZSAyMDAwMDAgMjAwMDAwMAA=', 'VTE_VERSION': '7600', 'CMAKE_PREFIX_PATH': '/home/hisham/BFMC/Brain_DEI/brain/install/utils:/opt/ros/jazzy/opt/gz_sim_vendor:/opt/ros/jazzy/opt/gz_sensors_vendor:/opt/ros/jazzy/opt/gz_physics_vendor:/opt/ros/jazzy/opt/sdformat_vendor:/opt/ros/jazzy/opt/gz_gui_vendor:/opt/ros/jazzy/opt/gz_transport_vendor:/opt/ros/jazzy/opt/gz_rendering_vendor:/opt/ros/jazzy/opt/gz_plugin_vendor:/opt/ros/jazzy/opt/gz_fuel_tools_vendor:/opt/ros/jazzy/opt/gz_msgs_vendor:/opt/ros/jazzy/opt/gz_common_vendor:/opt/ros/jazzy/opt/gz_math_vendor:/opt/ros/jazzy/opt/gz_utils_vendor:/opt/ros/jazzy/opt/gz_tools_vendor:/opt/ros/jazzy/opt/gz_ogre_next_vendor:/opt/ros/jazzy/opt/gz_dartsim_vendor:/opt/ros/jazzy/opt/gz_cmake_vendor'}, 'shell': False}
[2.805227] (-) TimerEvent: {}
[2.827142] (output) Command: {'cmd': ['/usr/bin/python3', '-W', 'ignore:setup.py install is deprecated', '-W', 'ignore:easy_install command is deprecated', 'setup.py', 'egg_info', '--egg-base', '../../../build/output', 'build', '--build-base', '/home/hisham/BFMC/Brain_DEI/brain/build/output/build', 'install', '--record', '/home/hisham/BFMC/Brain_DEI/brain/build/output/install.log', '--single-version-externally-managed', 'install_data'], 'cwd': '/home/hisham/BFMC/Brain_DEI/brain/src/smart/output', 'env': {'LESSOPEN': '| /usr/bin/lesspipe %s', 'GZ_SIM_RESOURCE_PATH': '/opt/ros/jazzy/share', 'USER': 'hisham', 'GZ_CONFIG_PATH': '/opt/ros/jazzy/opt/gz_sim_vendor/share/gz:/opt/ros/jazzy/opt/sdformat_vendor/share/gz:/opt/ros/jazzy/opt/gz_gui_vendor/share/gz:/opt/ros/jazzy/opt/gz_transport_vendor/share/gz:/opt/ros/jazzy/opt/gz_rendering_vendor/share/gz:/opt/ros/jazzy/opt/gz_plugin_vendor/share/gz:/opt/ros/jazzy/opt/gz_fuel_tools_vendor/share/gz:/opt/ros/jazzy/opt/gz_msgs_vendor/share/gz:/opt/ros/jazzy/opt/gz_common_vendor/share/gz', 'XDG_SESSION_TYPE': 'x11', 'STM32CubeMX_PATH': '/home/hisham/STM32CubeMX', 'SHLVL': '1', 'LD_LIBRARY_PATH': '/home/hisham/BFMC/Brain_DEI/brain/install/utils/lib:/opt/ros/jazzy/opt/zenoh_cpp_vendor/lib:/opt/ros/jazzy/opt/gz_sim_vendor/lib:/opt/ros/jazzy/opt/gz_sensors_vendor/lib:/opt/ros/jazzy/opt/gz_physics_vendor/lib:/opt/ros/jazzy/opt/sdformat_vendor/lib:/opt/ros/jazzy/opt/rviz_ogre_vendor/lib:/opt/ros/jazzy/lib/x86_64-linux-gnu:/opt/ros/jazzy/opt/gz_gui_vendor/lib:/opt/ros/jazzy/opt/gz_transport_vendor/lib:/opt/ros/jazzy/opt/gz_rendering_vendor/lib:/opt/ros/jazzy/opt/gz_plugin_vendor/lib:/opt/ros/jazzy/opt/gz_fuel_tools_vendor/lib:/opt/ros/jazzy/opt/gz_msgs_vendor/lib:/opt/ros/jazzy/opt/gz_common_vendor/lib:/opt/ros/jazzy/opt/gz_math_vendor/lib:/opt/ros/jazzy/opt/gz_utils_vendor/lib:/opt/ros/jazzy/opt/gz_tools_vendor/lib:/opt/ros/jazzy/opt/gz_ogre_next_vendor/lib:/opt/ros/jazzy/opt/gz_dartsim_vendor/lib:/opt/ros/jazzy/opt/gz_cmake_vendor/lib:/opt/ros/jazzy/lib:/home/hisham/acados_ws/acados/lib', 'HOME': '/home/hisham', 'OLDPWD': '/home/hisham/BFMC/Brain_DEI', 'DESKTOP_SESSION': 'ubuntu', 'ROS_PYTHON_VERSION': '3', 'GNOME_SHELL_SESSION_MODE': 'ubuntu', 'GTK_MODULES': 'gail:atk-bridge', 'DBUS_STARTER_BUS_TYPE': 'session', 'SYSTEMD_EXEC_PID': '3010', 'GSM_SKIP_SSH_AGENT_WORKAROUND': 'true', 'DBUS_SESSION_BUS_ADDRESS': 'unix:path=/run/user/1000/bus,guid=34fd7da4f4a81523c877782769f1285b', 'COLORTERM': 'truecolor', 'DEBUGINFOD_URLS': 'https://debuginfod.ubuntu.com', 'ROS_DISTRO': 'jazzy', 'LOGNAME': 'hisham', '_': '/usr/bin/colcon', 'ROS_VERSION': '2', 'MEMORY_PRESSURE_WATCH': '/sys/fs/cgroup/user.slice/user-1000.slice/user@1000.service/app.slice/app-gnome\\x2dsession\\x2dmanager.slice/gnome-session-manager@ubuntu.service/memory.pressure', 'XDG_SESSION_CLASS': 'user', 'USERNAME': 'hisham', 'TERM': 'xterm-256color', 'GNOME_DESKTOP_SESSION_ID': 'this-is-deprecated', 'WINDOWPATH': '2', 'PATH': '/opt/ros/jazzy/opt/gz_msgs_vendor/bin:/opt/ros/jazzy/opt/gz_tools_vendor/bin:/opt/ros/jazzy/opt/gz_ogre_next_vendor/bin:/opt/ros/jazzy/bin:/home/hisham/miniconda3/bin:/home/hisham/.local/bin:/usr/local/sbin:/usr/local/bin:/usr/sbin:/usr/bin:/sbin:/bin:/usr/games:/usr/local/games:/snap/bin:/snap/bin', 'SESSION_MANAGER': 'local/hisham-IdeaPad-Gaming-3-15IMH05:@/tmp/.ICE-unix/3010,unix/hisham-IdeaPad-Gaming-3-15IMH05:/tmp/.ICE-unix/3010', 'XDG_MENU_PREFIX': 'gnome-', 'GNOME_TERMINAL_SCREEN': '/org/gnome/Terminal/screen/ca7c3419_8977_4068_946f_fdc1c080dbf7', 'XDG_RUNTIME_DIR': '/run/user/1000', 'DISPLAY': ':1', 'LANG': 'en_US.UTF-8', 'XDG_CURRENT_DESKTOP': 'ubuntu:GNOME', 'XMODIFIERS': '@im=ibus', 'XDG_SESSION_DESKTOP': 'ubuntu', 'XAUTHORITY': '/run/user/1000/gdm/Xauthority', 'LS_COLORS': 'rs=0:di=01;34:ln=01;36:mh=00:pi=40;33:so=01;35:do=01;35:bd=40;33;01:cd=40;33;01:or=40;31;01:mi=00:su=37;41:sg=30;43:ca=00:tw=30;42:ow=34;42:st=37;44:ex=01;32:*.tar=01;31:*.tgz=01;31:*.arc=01;31:*.arj=01;31:*.taz=01;31:*.lha=01;31:*.lz4=01;31:*.lzh=01;31:*.lzma=01;31:*.tlz=01;31:*.txz=01;31:*.tzo=01;31:*.t7z=01;31:*.zip=01;31:*.z=01;31:*.dz=01;31:*.gz=01;31:*.lrz=01;31:*.lz=01;31:*.lzo=01;31:*.xz=01;31:*.zst=01;31:*.tzst=01;31:*.bz2=01;31:*.bz=01;31:*.tbz=01;31:*.tbz2=01;31:*.tz=01;31:*.deb=01;31:*.rpm=01;31:*.jar=01;31:*.war=01;31:*.ear=01;31:*.sar=01;31:*.rar=01;31:*.alz=01;31:*.ace=01;31:*.zoo=01;31:*.cpio=01;31:*.7z=01;31:*.rz=01;31:*.cab=01;31:*.wim=01;31:*.swm=01;31:*.dwm=01;31:*.esd=01;31:*.avif=01;35:*.jpg=01;35:*.jpeg=01;35:*.mjpg=01;35:*.mjpeg=01;35:*.gif=01;35:*.bmp=01;35:*.pbm=01;35:*.pgm=01;35:*.ppm=01;35:*.tga=01;35:*.xbm=01;35:*.xpm=01;35:*.tif=01;35:*.tiff=01;35:*.png=01;35:*.svg=01;35:*.svgz=01;35:*.mng=01;35:*.pcx=01;35:*.mov=01;35:*.mpg=01;35:*.mpeg=01;35:*.m2v=01;35:*.mkv=01;35:*.webm=01;35:*.webp=01;35:*.ogm=01;35:*.mp4=01;35:*.m4v=01;35:*.mp4v=01;35:*.vob=01;35:*.qt=01;35:*.nuv=01;35:*.wmv=01;35:*.asf=01;35:*.rm=01;35:*.rmvb=01;35:*.flc=01;35:*.avi=01;35:*.fli=01;35:*.flv=01;35:*.gl=01;35:*.dl=01;35:*.xcf=01;35:*.xwd=01;35:*.yuv=01;35:*.cgm=01;35:*.emf=01;35:*.ogv=01;35:*.ogx=01;35:*.aac=00;36:*.au=00;36:*.flac=00;36:*.m4a=00;36:*.mid=00;36:*.midi=00;36:*.mka=00;36:*.mp3=00;36:*.mpc=00;36:*.ogg=00;36:*.ra=00;36:*.wav=00;36:*.oga=00;36:*.opus=00;36:*.spx=00;36:*.xspf=00;36:*~=00;90:*#=00;90:*.bak=00;90:*.crdownload=00;90:*.dpkg-dist=00;90:*.dpkg-new=00;90:*.dpkg-old=00;90:*.dpkg-tmp=00;90:*.old=00;90:*.orig=00;90:*.part=00;90:*.rej=00;90:*.rpmnew=00;90:*.rpmorig=00;90:*.rpmsave=00;90:*.swp=00;90:*.tmp=00;90:*.ucf-dist=00;90:*.ucf-new=00;90:*.ucf-old=00;90:', 'GNOME_TERMINAL_SERVICE': ':1.471', 'SSH_AUTH_SOCK': '/run/user/1000/keyring/ssh', 'AMENT_PREFIX_PATH': '/home/hisham/BFMC/Brain_DEI/brain/install/utils:/opt/ros/jazzy', 'SHELL': '/bin/bash', 'QT_ACCESSIBILITY': '1', 'GDMSESSION': 'ubuntu', 'LESSCLOSE': '/usr/bin/lesspipe %s %s', 'GPG_AGENT_INFO': '/run/user/1000/gnupg/S.gpg-agent:0:1', 'ROS_AUTOMATIC_DISCOVERY_RANGE': 'SUBNET', 'QT_IM_MODULE': 'ibus', 'PWD': '/home/hisham/BFMC/Brain_DEI/brain/build/output', 'XDG_CONFIG_DIRS': '/etc/xdg/xdg-ubuntu:/etc/xdg', 'DBUS_STARTER_ADDRESS': 'unix:path=/run/user/1000/bus,guid=34fd7da4f4a81523c877782769f1285b', 'XDG_DATA_DIRS': '/usr/share/ubuntu:/usr/share/gnome:/usr/local/share/:/usr/share/:/var/lib/snapd/desktop', 'PYTHONPATH': '/home/hisham/BFMC/Brain_DEI/brain/build/output/prefix_override:/usr/lib/python3/dist-packages/colcon_core/task/python/colcon_distutils_commands:/home/hisham/BFMC/Brain_DEI/brain/install/output/lib/python3.12/site-packages:/home/hisham/BFMC/Brain_DEI/brain/install/utils/lib/python3.12/site-packages:/opt/ros/jazzy/lib/python3.12/site-packages', 'COLCON': '1', 'MEMORY_PRESSURE_WRITE': 'c29tZSAyMDAwMDAgMjAwMDAwMAA=', 'VTE_VERSION': '7600', 'CMAKE_PREFIX_PATH': '/home/hisham/BFMC/Brain_DEI/brain/install/utils:/opt/ros/jazzy/opt/gz_sim_vendor:/opt/ros/jazzy/opt/gz_sensors_vendor:/opt/ros/jazzy/opt/gz_physics_vendor:/opt/ros/jazzy/opt/sdformat_vendor:/opt/ros/jazzy/opt/gz_gui_vendor:/opt/ros/jazzy/opt/gz_transport_vendor:/opt/ros/jazzy/opt/gz_rendering_vendor:/opt/ros/jazzy/opt/gz_plugin_vendor:/opt/ros/jazzy/opt/gz_fuel_tools_vendor:/opt/ros/jazzy/opt/gz_msgs_vendor:/opt/ros/jazzy/opt/gz_common_vendor:/opt/ros/jazzy/opt/gz_math_vendor:/opt/ros/jazzy/opt/gz_utils_vendor:/opt/ros/jazzy/opt/gz_tools_vendor:/opt/ros/jazzy/opt/gz_ogre_next_vendor:/opt/ros/jazzy/opt/gz_dartsim_vendor:/opt/ros/jazzy/opt/gz_cmake_vendor'}, 'shell': False}
[2.846928] (unix_out) Command: {'cmd': ['/usr/bin/python3', '-W', 'ignore:setup.py install is deprecated', '-W', 'ignore:easy_install command is deprecated', 'setup.py', 'egg_info', '--egg-base', '../../build/unix_out', 'build', '--build-base', '/home/hisham/BFMC/Brain_DEI/brain/build/unix_out/build', 'install', '--record', '/home/hisham/BFMC/Brain_DEI/brain/build/unix_out/install.log', '--single-version-externally-managed', 'install_data'], 'cwd': '/home/hisham/BFMC/Brain_DEI/brain/src/unix_out', 'env': {'LESSOPEN': '| /usr/bin/lesspipe %s', 'GZ_SIM_RESOURCE_PATH': '/opt/ros/jazzy/share', 'USER': 'hisham', 'GZ_CONFIG_PATH': '/opt/ros/jazzy/opt/gz_sim_vendor/share/gz:/opt/ros/jazzy/opt/sdformat_vendor/share/gz:/opt/ros/jazzy/opt/gz_gui_vendor/share/gz:/opt/ros/jazzy/opt/gz_transport_vendor/share/gz:/opt/ros/jazzy/opt/gz_rendering_vendor/share/gz:/opt/ros/jazzy/opt/gz_plugin_vendor/share/gz:/opt/ros/jazzy/opt/gz_fuel_tools_vendor/share/gz:/opt/ros/jazzy/opt/gz_msgs_vendor/share/gz:/opt/ros/jazzy/opt/gz_common_vendor/share/gz', 'XDG_SESSION_TYPE': 'x11', 'STM32CubeMX_PATH': '/home/hisham/STM32CubeMX', 'SHLVL': '1', 'LD_LIBRARY_PATH': '/home/hisham/BFMC/Brain_DEI/brain/install/utils/lib:/opt/ros/jazzy/opt/zenoh_cpp_vendor/lib:/opt/ros/jazzy/opt/gz_sim_vendor/lib:/opt/ros/jazzy/opt/gz_sensors_vendor/lib:/opt/ros/jazzy/opt/gz_physics_vendor/lib:/opt/ros/jazzy/opt/sdformat_vendor/lib:/opt/ros/jazzy/opt/rviz_ogre_vendor/lib:/opt/ros/jazzy/lib/x86_64-linux-gnu:/opt/ros/jazzy/opt/gz_gui_vendor/lib:/opt/ros/jazzy/opt/gz_transport_vendor/lib:/opt/ros/jazzy/opt/gz_rendering_vendor/lib:/opt/ros/jazzy/opt/gz_plugin_vendor/lib:/opt/ros/jazzy/opt/gz_fuel_tools_vendor/lib:/opt/ros/jazzy/opt/gz_msgs_vendor/lib:/opt/ros/jazzy/opt/gz_common_vendor/lib:/opt/ros/jazzy/opt/gz_math_vendor/lib:/opt/ros/jazzy/opt/gz_utils_vendor/lib:/opt/ros/jazzy/opt/gz_tools_vendor/lib:/opt/ros/jazzy/opt/gz_ogre_next_vendor/lib:/opt/ros/jazzy/opt/gz_dartsim_vendor/lib:/opt/ros/jazzy/opt/gz_cmake_vendor/lib:/opt/ros/jazzy/lib:/home/hisham/acados_ws/acados/lib', 'HOME': '/home/hisham', 'OLDPWD': '/home/hisham/BFMC/Brain_DEI', 'DESKTOP_SESSION': 'ubuntu', 'ROS_PYTHON_VERSION': '3', 'GNOME_SHELL_SESSION_MODE': 'ubuntu', 'GTK_MODULES': 'gail:atk-bridge', 'DBUS_STARTER_BUS_TYPE': 'session', 'SYSTEMD_EXEC_PID': '3010', 'GSM_SKIP_SSH_AGENT_WORKAROUND': 'true', 'DBUS_SESSION_BUS_ADDRESS': 'unix:path=/run/user/1000/bus,guid=34fd7da4f4a81523c877782769f1285b', 'COLORTERM': 'truecolor', 'DEBUGINFOD_URLS': 'https://debuginfod.ubuntu.com', 'ROS_DISTRO': 'jazzy', 'LOGNAME': 'hisham', '_': '/usr/bin/colcon', 'ROS_VERSION': '2', 'MEMORY_PRESSURE_WATCH': '/sys/fs/cgroup/user.slice/user-1000.slice/user@1000.service/app.slice/app-gnome\\x2dsession\\x2dmanager.slice/gnome-session-manager@ubuntu.service/memory.pressure', 'XDG_SESSION_CLASS': 'user', 'USERNAME': 'hisham', 'TERM': 'xterm-256color', 'GNOME_DESKTOP_SESSION_ID': 'this-is-deprecated', 'WINDOWPATH': '2', 'PATH': '/opt/ros/jazzy/opt/gz_msgs_vendor/bin:/opt/ros/jazzy/opt/gz_tools_vendor/bin:/opt/ros/jazzy/opt/gz_ogre_next_vendor/bin:/opt/ros/jazzy/bin:/home/hisham/miniconda3/bin:/home/hisham/.local/bin:/usr/local/sbin:/usr/local/bin:/usr/sbin:/usr/bin:/sbin:/bin:/usr/games:/usr/local/games:/snap/bin:/snap/bin', 'SESSION_MANAGER': 'local/hisham-IdeaPad-Gaming-3-15IMH05:@/tmp/.ICE-unix/3010,unix/hisham-IdeaPad-Gaming-3-15IMH05:/tmp/.ICE-unix/3010', 'XDG_MENU_PREFIX': 'gnome-', 'GNOME_TERMINAL_SCREEN': '/org/gnome/Terminal/screen/ca7c3419_8977_4068_946f_fdc1c080dbf7', 'XDG_RUNTIME_DIR': '/run/user/1000', 'DISPLAY': ':1', 'LANG': 'en_US.UTF-8', 'XDG_CURRENT_DESKTOP': 'ubuntu:GNOME', 'XMODIFIERS': '@im=ibus', 'XDG_SESSION_DESKTOP': 'ubuntu', 'XAUTHORITY': '/run/user/1000/gdm/Xauthority', 'LS_COLORS': 'rs=0:di=01;34:ln=01;36:mh=00:pi=40;33:so=01;35:do=01;35:bd=40;33;01:cd=40;33;01:or=40;31;01:mi=00:su=37;41:sg=30;43:ca=00:tw=30;42:ow=34;42:st=37;44:ex=01;32:*.tar=01;31:*.tgz=01;31:*.arc=01;31:*.arj=01;31:*.taz=01;31:*.lha=01;31:*.lz4=01;31:*.lzh=01;31:*.lzma=01;31:*.tlz=01;31:*.txz=01;31:*.tzo=01;31:*.t7z=01;31:*.zip=01;31:*.z=01;31:*.dz=01;31:*.gz=01;31:*.lrz=01;31:*.lz=01;31:*.lzo=01;31:*.xz=01;31:*.zst=01;31:*.tzst=01;31:*.bz2=01;31:*.bz=01;31:*.tbz=01;31:*.tbz2=01;31:*.tz=01;31:*.deb=01;31:*.rpm=01;31:*.jar=01;31:*.war=01;31:*.ear=01;31:*.sar=01;31:*.rar=01;31:*.alz=01;31:*.ace=01;31:*.zoo=01;31:*.cpio=01;31:*.7z=01;31:*.rz=01;31:*.cab=01;31:*.wim=01;31:*.swm=01;31:*.dwm=01;31:*.esd=01;31:*.avif=01;35:*.jpg=01;35:*.jpeg=01;35:*.mjpg=01;35:*.mjpeg=01;35:*.gif=01;35:*.bmp=01;35:*.pbm=01;35:*.pgm=01;35:*.ppm=01;35:*.tga=01;35:*.xbm=01;35:*.xpm=01;35:*.tif=01;35:*.tiff=01;35:*.png=01;35:*.svg=01;35:*.svgz=01;35:*.mng=01;35:*.pcx=01;35:*.mov=01;35:*.mpg=01;35:*.mpeg=01;35:*.m2v=01;35:*.mkv=01;35:*.webm=01;35:*.webp=01;35:*.ogm=01;35:*.mp4=01;35:*.m4v=01;35:*.mp4v=01;35:*.vob=01;35:*.qt=01;35:*.nuv=01;35:*.wmv=01;35:*.asf=01;35:*.rm=01;35:*.rmvb=01;35:*.flc=01;35:*.avi=01;35:*.fli=01;35:*.flv=01;35:*.gl=01;35:*.dl=01;35:*.xcf=01;35:*.xwd=01;35:*.yuv=01;35:*.cgm=01;35:*.emf=01;35:*.ogv=01;35:*.ogx=01;35:*.aac=00;36:*.au=00;36:*.flac=00;36:*.m4a=00;36:*.mid=00;36:*.midi=00;36:*.mka=00;36:*.mp3=00;36:*.mpc=00;36:*.ogg=00;36:*.ra=00;36:*.wav=00;36:*.oga=00;36:*.opus=00;36:*.spx=00;36:*.xspf=00;36:*~=00;90:*#=00;90:*.bak=00;90:*.crdownload=00;90:*.dpkg-dist=00;90:*.dpkg-new=00;90:*.dpkg-old=00;90:*.dpkg-tmp=00;90:*.old=00;90:*.orig=00;90:*.part=00;90:*.rej=00;90:*.rpmnew=00;90:*.rpmorig=00;90:*.rpmsave=00;90:*.swp=00;90:*.tmp=00;90:*.ucf-dist=00;90:*.ucf-new=00;90:*.ucf-old=00;90:', 'GNOME_TERMINAL_SERVICE': ':1.471', 'SSH_AUTH_SOCK': '/run/user/1000/keyring/ssh', 'AMENT_PREFIX_PATH': '/home/hisham/BFMC/Brain_DEI/brain/install/utils:/opt/ros/jazzy', 'SHELL': '/bin/bash', 'QT_ACCESSIBILITY': '1', 'GDMSESSION': 'ubuntu', 'LESSCLOSE': '/usr/bin/lesspipe %s %s', 'GPG_AGENT_INFO': '/run/user/1000/gnupg/S.gpg-agent:0:1', 'ROS_AUTOMATIC_DISCOVERY_RANGE': 'SUBNET', 'QT_IM_MODULE': 'ibus', 'PWD': '/home/hisham/BFMC/Brain_DEI/brain/build/unix_out', 'XDG_CONFIG_DIRS': '/etc/xdg/xdg-ubuntu:/etc/xdg', 'DBUS_STARTER_ADDRESS': 'unix:path=/run/user/1000/bus,guid=34fd7da4f4a81523c877782769f1285b', 'XDG_DATA_DIRS': '/usr/share/ubuntu:/usr/share/gnome:/usr/local/share/:/usr/share/:/var/lib/snapd/desktop', 'PYTHONPATH': '/home/hisham/BFMC/Brain_DEI/brain/build/unix_out/prefix_override:/usr/lib/python3/dist-packages/colcon_core/task/python/colcon_distutils_commands:/home/hisham/BFMC/Brain_DEI/brain/install/unix_out/lib/python3.12/site-packages:/home/hisham/BFMC/Brain_DEI/brain/install/utils/lib/python3.12/site-packages:/opt/ros/jazzy/lib/python3.12/site-packages', 'COLCON': '1', 'MEMORY_PRESSURE_WRITE': 'c29tZSAyMDAwMDAgMjAwMDAwMAA=', 'VTE_VERSION': '7600', 'CMAKE_PREFIX_PATH': '/home/hisham/BFMC/Brain_DEI/brain/install/utils:/opt/ros/jazzy/opt/gz_sim_vendor:/opt/ros/jazzy/opt/gz_sensors_vendor:/opt/ros/jazzy/opt/gz_physics_vendor:/opt/ros/jazzy/opt/sdformat_vendor:/opt/ros/jazzy/opt/gz_gui_vendor:/opt/ros/jazzy/opt/gz_transport_vendor:/opt/ros/jazzy/opt/gz_rendering_vendor:/opt/ros/jazzy/opt/gz_plugin_vendor:/opt/ros/jazzy/opt/gz_fuel_tools_vendor:/opt/ros/jazzy/opt/gz_msgs_vendor:/opt/ros/jazzy/opt/gz_common_vendor:/opt/ros/jazzy/opt/gz_math_vendor:/opt/ros/jazzy/opt/gz_utils_vendor:/opt/ros/jazzy/opt/gz_tools_vendor:/opt/ros/jazzy/opt/gz_ogre_next_vendor:/opt/ros/jazzy/opt/gz_dartsim_vendor:/opt/ros/jazzy/opt/gz_cmake_vendor'}, 'shell': False}
[2.905308] (-) TimerEvent: {}
[3.005524] (-) TimerEvent: {}
[3.084101] (input) StdoutLine: {'line': b'running egg_info\n'}
[3.084347] (input) StdoutLine: {'line': b'creating ../../build/input/input.egg-info\n'}
[3.105593] (-) TimerEvent: {}
[3.106376] (input) StdoutLine: {'line': b'writing ../../build/input/input.egg-info/PKG-INFO\n'}
[3.106607] (input) StdoutLine: {'line': b'writing dependency_links to ../../build/input/input.egg-info/dependency_links.txt\n'}
[3.106847] (input) StdoutLine: {'line': b'writing entry points to ../../build/input/input.egg-info/entry_points.txt\n'}
[3.107084] (input) StdoutLine: {'line': b'writing requirements to ../../build/input/input.egg-info/requires.txt\n'}
[3.107185] (input) StdoutLine: {'line': b'writing top-level names to ../../build/input/input.egg-info/top_level.txt\n'}
[3.107279] (input) StdoutLine: {'line': b"writing manifest file '../../build/input/input.egg-info/SOURCES.txt'\n"}
[3.110277] (output) StdoutLine: {'line': b'running egg_info\n'}
[3.110687] (output) StdoutLine: {'line': b'creating ../../../build/output/output.egg-info\n'}
[3.122802] (unix_out) StdoutLine: {'line': b'running egg_info\n'}
[3.123047] (unix_out) StdoutLine: {'line': b'creating ../../build/unix_out/unix_out.egg-info\n'}
[3.133389] (output) StdoutLine: {'line': b'writing ../../../build/output/output.egg-info/PKG-INFO\n'}
[3.133610] (output) StdoutLine: {'line': b'writing dependency_links to ../../../build/output/output.egg-info/dependency_links.txt\n'}
[3.133853] (output) StdoutLine: {'line': b'writing requirements to ../../../build/output/output.egg-info/requires.txt\n'}
[3.133992] (output) StdoutLine: {'line': b'writing top-level names to ../../../build/output/output.egg-info/top_level.txt\n'}
[3.134065] (output) StdoutLine: {'line': b"writing manifest file '../../../build/output/output.egg-info/SOURCES.txt'\n"}
[3.145452] (unix_out) StdoutLine: {'line': b'writing ../../build/unix_out/unix_out.egg-info/PKG-INFO\n'}
[3.145651] (unix_out) StdoutLine: {'line': b'writing dependency_links to ../../build/unix_out/unix_out.egg-info/dependency_links.txt\n'}
[3.145892] (unix_out) StdoutLine: {'line': b'writing entry points to ../../build/unix_out/unix_out.egg-info/entry_points.txt\n'}
[3.146064] (unix_out) StdoutLine: {'line': b'writing requirements to ../../build/unix_out/unix_out.egg-info/requires.txt\n'}
[3.146171] (unix_out) StdoutLine: {'line': b'writing top-level names to ../../build/unix_out/unix_out.egg-info/top_level.txt\n'}
[3.146228] (unix_out) StdoutLine: {'line': b"writing manifest file '../../build/unix_out/unix_out.egg-info/SOURCES.txt'\n"}
[3.153693] (input) StdoutLine: {'line': b"reading manifest file '../../build/input/input.egg-info/SOURCES.txt'\n"}
[3.154173] (input) StdoutLine: {'line': b"writing manifest file '../../build/input/input.egg-info/SOURCES.txt'\n"}
[3.154425] (input) StdoutLine: {'line': b'running build\n'}
[3.154515] (input) StdoutLine: {'line': b'running build_py\n'}
[3.154776] (input) StdoutLine: {'line': b'creating /home/hisham/BFMC/Brain_DEI/brain/build/input/build\n'}
[3.154876] (input) StdoutLine: {'line': b'creating /home/hisham/BFMC/Brain_DEI/brain/build/input/build/lib\n'}
[3.154942] (input) StdoutLine: {'line': b'creating /home/hisham/BFMC/Brain_DEI/brain/build/input/build/lib/data\n'}
[3.155008] (input) StdoutLine: {'line': b'copying src/data/trafficBridge.py -> /home/hisham/BFMC/Brain_DEI/brain/build/input/build/lib/data\n'}
[3.155193] (input) StdoutLine: {'line': b'copying src/data/__init__.py -> /home/hisham/BFMC/Brain_DEI/brain/build/input/build/lib/data\n'}
[3.155302] (input) StdoutLine: {'line': b'copying src/data/semaphoreBridge.py -> /home/hisham/BFMC/Brain_DEI/brain/build/input/build/lib/data\n'}
[3.155545] (input) StdoutLine: {'line': b'creating /home/hisham/BFMC/Brain_DEI/brain/build/input/build/lib/gpstracker\n'}
[3.155871] (input) StdoutLine: {'line': b'copying src/gpstracker/util.py -> /home/hisham/BFMC/Brain_DEI/brain/build/input/build/lib/gpstracker\n'}
[3.156021] (input) StdoutLine: {'line': b'copying src/gpstracker/__init__.py -> /home/hisham/BFMC/Brain_DEI/brain/build/input/build/lib/gpstracker\n'}
[3.156112] (input) StdoutLine: {'line': b'copying src/gpstracker/locsys.py -> /home/hisham/BFMC/Brain_DEI/brain/build/input/build/lib/gpstracker\n'}
[3.156194] (input) StdoutLine: {'line': b'copying src/gpstracker/position_listener.py -> /home/hisham/BFMC/Brain_DEI/brain/build/input/build/lib/gpstracker\n'}
[3.156275] (input) StdoutLine: {'line': b'copying src/gpstracker/server_listener.py -> /home/hisham/BFMC/Brain_DEI/brain/build/input/build/lib/gpstracker\n'}
[3.156357] (input) StdoutLine: {'line': b'copying src/gpstracker/gpstrackerNODE.py -> /home/hisham/BFMC/Brain_DEI/brain/build/input/build/lib/gpstracker\n'}
[3.156441] (input) StdoutLine: {'line': b'copying src/gpstracker/complexDealer.py -> /home/hisham/BFMC/Brain_DEI/brain/build/input/build/lib/gpstracker\n'}
[3.156522] (input) StdoutLine: {'line': b'copying src/gpstracker/server_data.py -> /home/hisham/BFMC/Brain_DEI/brain/build/input/build/lib/gpstracker\n'}
[3.156637] (input) StdoutLine: {'line': b'copying src/gpstracker/server_subscriber.py -> /home/hisham/BFMC/Brain_DEI/brain/build/input/build/lib/gpstracker\n'}
[3.156793] (input) StdoutLine: {'line': b'running install\n'}
[3.162236] (input) StdoutLine: {'line': b'running install_lib\n'}
[3.181458] (output) StdoutLine: {'line': b"reading manifest file '../../../build/output/output.egg-info/SOURCES.txt'\n"}
[3.182003] (output) StdoutLine: {'line': b"writing manifest file '../../../build/output/output.egg-info/SOURCES.txt'\n"}
[3.182122] (output) StdoutLine: {'line': b'running build\n'}
[3.182187] (output) StdoutLine: {'line': b'running build_py\n'}
[3.182273] (output) StdoutLine: {'line': b'creating /home/hisham/BFMC/Brain_DEI/brain/build/output/build\n'}
[3.182348] (output) StdoutLine: {'line': b'creating /home/hisham/BFMC/Brain_DEI/brain/build/output/build/lib\n'}
[3.182495] (output) StdoutLine: {'line': b'creating /home/hisham/BFMC/Brain_DEI/brain/build/output/build/lib/environmentalserver\n'}
[3.182580] (output) StdoutLine: {'line': b'copying src/environmentalserver/util.py -> /home/hisham/BFMC/Brain_DEI/brain/build/output/build/lib/environmentalserver\n'}
[3.182693] (output) StdoutLine: {'line': b'copying src/environmentalserver/environmentalNODE.py -> /home/hisham/BFMC/Brain_DEI/brain/build/output/build/lib/environmentalserver\n'}
[3.182778] (output) StdoutLine: {'line': b'copying src/environmentalserver/__init__.py -> /home/hisham/BFMC/Brain_DEI/brain/build/output/build/lib/environmentalserver\n'}
[3.182859] (output) StdoutLine: {'line': b'copying src/environmentalserver/server_listener.py -> /home/hisham/BFMC/Brain_DEI/brain/build/output/build/lib/environmentalserver\n'}
[3.182937] (output) StdoutLine: {'line': b'copying src/environmentalserver/server_data.py -> /home/hisham/BFMC/Brain_DEI/brain/build/output/build/lib/environmentalserver\n'}
[3.183069] (output) StdoutLine: {'line': b'copying src/environmentalserver/server_subscriber.py -> /home/hisham/BFMC/Brain_DEI/brain/build/output/build/lib/environmentalserver\n'}
[3.183161] (output) StdoutLine: {'line': b'copying src/environmentalserver/environmental_streamer.py -> /home/hisham/BFMC/Brain_DEI/brain/build/output/build/lib/environmentalserver\n'}
[3.183243] (output) StdoutLine: {'line': b'copying src/environmentalserver/environmental.py -> /home/hisham/BFMC/Brain_DEI/brain/build/output/build/lib/environmentalserver\n'}
[3.183449] (output) StdoutLine: {'line': b'running install\n'}
[3.185271] (input) StdoutLine: {'line': b'creating /home/hisham/BFMC/Brain_DEI/brain/install/input/lib/python3.12/site-packages/data\n'}
[3.185390] (input) StdoutLine: {'line': b'copying /home/hisham/BFMC/Brain_DEI/brain/build/input/build/lib/data/trafficBridge.py -> /home/hisham/BFMC/Brain_DEI/brain/install/input/lib/python3.12/site-packages/data\n'}
[3.185488] (input) StdoutLine: {'line': b'copying /home/hisham/BFMC/Brain_DEI/brain/build/input/build/lib/data/__init__.py -> /home/hisham/BFMC/Brain_DEI/brain/install/input/lib/python3.12/site-packages/data\n'}
[3.185584] (input) StdoutLine: {'line': b'copying /home/hisham/BFMC/Brain_DEI/brain/build/input/build/lib/data/semaphoreBridge.py -> /home/hisham/BFMC/Brain_DEI/brain/install/input/lib/python3.12/site-packages/data\n'}
[3.185676] (input) StdoutLine: {'line': b'creating /home/hisham/BFMC/Brain_DEI/brain/install/input/lib/python3.12/site-packages/gpstracker\n'}
[3.185802] (input) StdoutLine: {'line': b'copying /home/hisham/BFMC/Brain_DEI/brain/build/input/build/lib/gpstracker/util.py -> /home/hisham/BFMC/Brain_DEI/brain/install/input/lib/python3.12/site-packages/gpstracker\n'}
[3.185912] (input) StdoutLine: {'line': b'copying /home/hisham/BFMC/Brain_DEI/brain/build/input/build/lib/gpstracker/__init__.py -> /home/hisham/BFMC/Brain_DEI/brain/install/input/lib/python3.12/site-packages/gpstracker\n'}
[3.186018] (input) StdoutLine: {'line': b'copying /home/hisham/BFMC/Brain_DEI/brain/build/input/build/lib/gpstracker/locsys.py -> /home/hisham/BFMC/Brain_DEI/brain/install/input/lib/python3.12/site-packages/gpstracker\n'}
[3.186088] (input) StdoutLine: {'line': b'copying /home/hisham/BFMC/Brain_DEI/brain/build/input/build/lib/gpstracker/position_listener.py -> /home/hisham/BFMC/Brain_DEI/brain/install/input/lib/python3.12/site-packages/gpstracker\n'}
[3.186175] (input) StdoutLine: {'line': b'copying /home/hisham/BFMC/Brain_DEI/brain/build/input/build/lib/gpstracker/server_listener.py -> /home/hisham/BFMC/Brain_DEI/brain/install/input/lib/python3.12/site-packages/gpstracker\n'}
[3.186264] (input) StdoutLine: {'line': b'copying /home/hisham/BFMC/Brain_DEI/brain/build/input/build/lib/gpstracker/gpstrackerNODE.py -> /home/hisham/BFMC/Brain_DEI/brain/install/input/lib/python3.12/site-packages/gpstracker\n'}
[3.186362] (input) StdoutLine: {'line': b'copying /home/hisham/BFMC/Brain_DEI/brain/build/input/build/lib/gpstracker/complexDealer.py -> /home/hisham/BFMC/Brain_DEI/brain/install/input/lib/python3.12/site-packages/gpstracker\n'}
[3.186469] (input) StdoutLine: {'line': b'copying /home/hisham/BFMC/Brain_DEI/brain/build/input/build/lib/gpstracker/server_data.py -> /home/hisham/BFMC/Brain_DEI/brain/install/input/lib/python3.12/site-packages/gpstracker\n'}
[3.186534] (input) StdoutLine: {'line': b'copying /home/hisham/BFMC/Brain_DEI/brain/build/input/build/lib/gpstracker/server_subscriber.py -> /home/hisham/BFMC/Brain_DEI/brain/install/input/lib/python3.12/site-packages/gpstracker\n'}
[3.186852] (input) StdoutLine: {'line': b'byte-compiling /home/hisham/BFMC/Brain_DEI/brain/install/input/lib/python3.12/site-packages/data/trafficBridge.py to trafficBridge.cpython-312.pyc\n'}
[3.187882] (input) StdoutLine: {'line': b'byte-compiling /home/hisham/BFMC/Brain_DEI/brain/install/input/lib/python3.12/site-packages/data/__init__.py to __init__.cpython-312.pyc\n'}
[3.188032] (input) StdoutLine: {'line': b'byte-compiling /home/hisham/BFMC/Brain_DEI/brain/install/input/lib/python3.12/site-packages/data/semaphoreBridge.py to semaphoreBridge.cpython-312.pyc\n'}
[3.188894] (input) StdoutLine: {'line': b'byte-compiling /home/hisham/BFMC/Brain_DEI/brain/install/input/lib/python3.12/site-packages/gpstracker/util.py to util.cpython-312.pyc\n'}
[3.189220] (output) StdoutLine: {'line': b'running install_lib\n'}
[3.189526] (input) StdoutLine: {'line': b'byte-compiling /home/hisham/BFMC/Brain_DEI/brain/install/input/lib/python3.12/site-packages/gpstracker/__init__.py to __init__.cpython-312.pyc\n'}
[3.189671] (input) StdoutLine: {'line': b'byte-compiling /home/hisham/BFMC/Brain_DEI/brain/install/input/lib/python3.12/site-packages/gpstracker/locsys.py to locsys.cpython-312.pyc\n'}
[3.190199] (input) StdoutLine: {'line': b'byte-compiling /home/hisham/BFMC/Brain_DEI/brain/install/input/lib/python3.12/site-packages/gpstracker/position_listener.py to position_listener.cpython-312.pyc\n'}
[3.190673] (input) StdoutLine: {'line': b'byte-compiling /home/hisham/BFMC/Brain_DEI/brain/install/input/lib/python3.12/site-packages/gpstracker/server_listener.py to server_listener.cpython-312.pyc\n'}
[3.191144] (input) StdoutLine: {'line': b'byte-compiling /home/hisham/BFMC/Brain_DEI/brain/install/input/lib/python3.12/site-packages/gpstracker/gpstrackerNODE.py to gpstrackerNODE.cpython-312.pyc\n'}
[3.191698] (input) StdoutLine: {'line': b'byte-compiling /home/hisham/BFMC/Brain_DEI/brain/install/input/lib/python3.12/site-packages/gpstracker/complexDealer.py to complexDealer.cpython-312.pyc\n'}
[3.192038] (input) StdoutLine: {'line': b'byte-compiling /home/hisham/BFMC/Brain_DEI/brain/install/input/lib/python3.12/site-packages/gpstracker/server_data.py to server_data.cpython-312.pyc\n'}
[3.192338] (input) StdoutLine: {'line': b'byte-compiling /home/hisham/BFMC/Brain_DEI/brain/install/input/lib/python3.12/site-packages/gpstracker/server_subscriber.py to server_subscriber.cpython-312.pyc\n'}
[3.192802] (input) StdoutLine: {'line': b'running install_data\n'}
[3.192911] (input) StdoutLine: {'line': b'running install_egg_info\n'}
[3.193043] (unix_out) StdoutLine: {'line': b"reading manifest file '../../build/unix_out/unix_out.egg-info/SOURCES.txt'\n"}
[3.193569] (unix_out) StdoutLine: {'line': b"writing manifest file '../../build/unix_out/unix_out.egg-info/SOURCES.txt'\n"}
[3.193670] (unix_out) StdoutLine: {'line': b'running build\n'}
[3.193762] (unix_out) StdoutLine: {'line': b'running build_py\n'}
[3.193863] (unix_out) StdoutLine: {'line': b'creating /home/hisham/BFMC/Brain_DEI/brain/build/unix_out/build\n'}
[3.193980] (unix_out) StdoutLine: {'line': b'creating /home/hisham/BFMC/Brain_DEI/brain/build/unix_out/build/lib\n'}
[3.194083] (unix_out) StdoutLine: {'line': b'copying src/lidar_to_socket.py -> /home/hisham/BFMC/Brain_DEI/brain/build/unix_out/build/lib\n'}
[3.194151] (unix_out) StdoutLine: {'line': b'copying src/metrics_to_socket.py -> /home/hisham/BFMC/Brain_DEI/brain/build/unix_out/build/lib\n'}
[3.194237] (unix_out) StdoutLine: {'line': b'copying src/camera_to_socket.py -> /home/hisham/BFMC/Brain_DEI/brain/build/unix_out/build/lib\n'}
[3.194496] (unix_out) StdoutLine: {'line': b'running install\n'}
[3.199896] (unix_out) StdoutLine: {'line': b'running install_lib\n'}
[3.205654] (-) TimerEvent: {}
[3.213231] (output) StdoutLine: {'line': b'creating /home/hisham/BFMC/Brain_DEI/brain/install/output/lib/python3.12/site-packages/environmentalserver\n'}
[3.213420] (output) StdoutLine: {'line': b'copying /home/hisham/BFMC/Brain_DEI/brain/build/output/build/lib/environmentalserver/util.py -> /home/hisham/BFMC/Brain_DEI/brain/install/output/lib/python3.12/site-packages/environmentalserver\n'}
[3.213559] (output) StdoutLine: {'line': b'copying /home/hisham/BFMC/Brain_DEI/brain/build/output/build/lib/environmentalserver/environmentalNODE.py -> /home/hisham/BFMC/Brain_DEI/brain/install/output/lib/python3.12/site-packages/environmentalserver\n'}
[3.213650] (output) StdoutLine: {'line': b'copying /home/hisham/BFMC/Brain_DEI/brain/build/output/build/lib/environmentalserver/__init__.py -> /home/hisham/BFMC/Brain_DEI/brain/install/output/lib/python3.12/site-packages/environmentalserver\n'}
[3.213731] (output) StdoutLine: {'line': b'copying /home/hisham/BFMC/Brain_DEI/brain/build/output/build/lib/environmentalserver/server_listener.py -> /home/hisham/BFMC/Brain_DEI/brain/install/output/lib/python3.12/site-packages/environmentalserver\n'}
[3.213814] (output) StdoutLine: {'line': b'copying /home/hisham/BFMC/Brain_DEI/brain/build/output/build/lib/environmentalserver/server_data.py -> /home/hisham/BFMC/Brain_DEI/brain/install/output/lib/python3.12/site-packages/environmentalserver\n'}
[3.213950] (output) StdoutLine: {'line': b'copying /home/hisham/BFMC/Brain_DEI/brain/build/output/build/lib/environmentalserver/server_subscriber.py -> /home/hisham/BFMC/Brain_DEI/brain/install/output/lib/python3.12/site-packages/environmentalserver\n'}
[3.214068] (output) StdoutLine: {'line': b'copying /home/hisham/BFMC/Brain_DEI/brain/build/output/build/lib/environmentalserver/environmental_streamer.py -> /home/hisham/BFMC/Brain_DEI/brain/install/output/lib/python3.12/site-packages/environmentalserver\n'}
[3.214143] (output) StdoutLine: {'line': b'copying /home/hisham/BFMC/Brain_DEI/brain/build/output/build/lib/environmentalserver/environmental.py -> /home/hisham/BFMC/Brain_DEI/brain/install/output/lib/python3.12/site-packages/environmentalserver\n'}
[3.214462] (output) StdoutLine: {'line': b'byte-compiling /home/hisham/BFMC/Brain_DEI/brain/install/output/lib/python3.12/site-packages/environmentalserver/util.py to util.cpython-312.pyc\n'}
[3.215144] (output) StdoutLine: {'line': b'byte-compiling /home/hisham/BFMC/Brain_DEI/brain/install/output/lib/python3.12/site-packages/environmentalserver/environmentalNODE.py to environmentalNODE.cpython-312.pyc\n'}
[3.215644] (output) StdoutLine: {'line': b'byte-compiling /home/hisham/BFMC/Brain_DEI/brain/install/output/lib/python3.12/site-packages/environmentalserver/__init__.py to __init__.cpython-312.pyc\n'}
[3.215784] (output) StdoutLine: {'line': b'byte-compiling /home/hisham/BFMC/Brain_DEI/brain/install/output/lib/python3.12/site-packages/environmentalserver/server_listener.py to server_listener.cpython-312.pyc\n'}
[3.216234] (output) StdoutLine: {'line': b'byte-compiling /home/hisham/BFMC/Brain_DEI/brain/install/output/lib/python3.12/site-packages/environmentalserver/server_data.py to server_data.cpython-312.pyc\n'}
[3.216552] (output) StdoutLine: {'line': b'byte-compiling /home/hisham/BFMC/Brain_DEI/brain/install/output/lib/python3.12/site-packages/environmentalserver/server_subscriber.py to server_subscriber.cpython-312.pyc\n'}
[3.217047] (output) StdoutLine: {'line': b'byte-compiling /home/hisham/BFMC/Brain_DEI/brain/install/output/lib/python3.12/site-packages/environmentalserver/environmental_streamer.py to environmental_streamer.cpython-312.pyc\n'}
[3.217272] (input) StdoutLine: {'line': b'Copying ../../build/input/input.egg-info to /home/hisham/BFMC/Brain_DEI/brain/install/input/lib/python3.12/site-packages/input-0.0.0-py3.12.egg-info\n'}
[3.217528] (output) StdoutLine: {'line': b'byte-compiling /home/hisham/BFMC/Brain_DEI/brain/install/output/lib/python3.12/site-packages/environmentalserver/environmental.py to environmental.cpython-312.pyc\n'}
[3.217947] (input) StdoutLine: {'line': b'running install_scripts\n'}
[3.218088] (output) StdoutLine: {'line': b'running install_data\n'}
[3.218205] (output) StdoutLine: {'line': b'running install_egg_info\n'}
[3.223225] (unix_out) StdoutLine: {'line': b'byte-compiling /home/hisham/BFMC/Brain_DEI/brain/install/unix_out/lib/python3.12/site-packages/metrics_to_socket.py to metrics_to_socket.cpython-312.pyc\n'}
[3.225051] (unix_out) StdoutLine: {'line': b'byte-compiling /home/hisham/BFMC/Brain_DEI/brain/install/unix_out/lib/python3.12/site-packages/camera_to_socket.py to camera_to_socket.cpython-312.pyc\n'}
[3.225970] (unix_out) StdoutLine: {'line': b'byte-compiling /home/hisham/BFMC/Brain_DEI/brain/install/unix_out/lib/python3.12/site-packages/lidar_to_socket.py to lidar_to_socket.cpython-312.pyc\n'}
[3.226852] (unix_out) StdoutLine: {'line': b'running install_data\n'}
[3.226955] (unix_out) StdoutLine: {'line': b'running install_egg_info\n'}
[3.243351] (output) StdoutLine: {'line': b'Copying ../../../build/output/output.egg-info to /home/hisham/BFMC/Brain_DEI/brain/install/output/lib/python3.12/site-packages/output-0.0.0-py3.12.egg-info\n'}
[3.243969] (output) StdoutLine: {'line': b'running install_scripts\n'}
[3.251221] (unix_out) StdoutLine: {'line': b'Copying ../../build/unix_out/unix_out.egg-info to /home/hisham/BFMC/Brain_DEI/brain/install/unix_out/lib/python3.12/site-packages/unix_out-0.0.0-py3.12.egg-info\n'}
[3.251897] (unix_out) StdoutLine: {'line': b'running install_scripts\n'}
[3.305734] (-) TimerEvent: {}
[3.362196] (input) StdoutLine: {'line': b'Installing gpstrackerNODE script to /home/hisham/BFMC/Brain_DEI/brain/install/input/lib/input\n'}
[3.362383] (input) StdoutLine: {'line': b'Installing imuNODE script to /home/hisham/BFMC/Brain_DEI/brain/install/input/lib/input\n'}
[3.362496] (input) StdoutLine: {'line': b'Installing semaphoreBridgeNODE script to /home/hisham/BFMC/Brain_DEI/brain/install/input/lib/input\n'}
[3.362590] (input) StdoutLine: {'line': b'Installing semaphoreNODE script to /home/hisham/BFMC/Brain_DEI/brain/install/input/lib/input\n'}
[3.362683] (input) StdoutLine: {'line': b'Installing sonarNODE script to /home/hisham/BFMC/Brain_DEI/brain/install/input/lib/input\n'}
[3.362772] (input) StdoutLine: {'line': b'Installing trafficBridgeNODE script to /home/hisham/BFMC/Brain_DEI/brain/install/input/lib/input\n'}
[3.363079] (input) StdoutLine: {'line': b"writing list of installed files to '/home/hisham/BFMC/Brain_DEI/brain/build/input/install.log'\n"}
[3.386998] (input) CommandEnded: {'returncode': 0}
[3.391626] (output) StdoutLine: {'line': b"writing list of installed files to '/home/hisham/BFMC/Brain_DEI/brain/build/output/install.log'\n"}
[3.391976] (input) JobEnded: {'identifier': 'input', 'rc': 0}
[3.396197] (unix_out) StdoutLine: {'line': b'Installing camera_to_socket script to /home/hisham/BFMC/Brain_DEI/brain/install/unix_out/lib/unix_out\n'}
[3.396355] (unix_out) StdoutLine: {'line': b'Installing lidar_to_socket script to /home/hisham/BFMC/Brain_DEI/brain/install/unix_out/lib/unix_out\n'}
[3.396512] (unix_out) StdoutLine: {'line': b'Installing metrics_to_socket script to /home/hisham/BFMC/Brain_DEI/brain/install/unix_out/lib/unix_out\n'}
[3.396599] (unix_out) StdoutLine: {'line': b"writing list of installed files to '/home/hisham/BFMC/Brain_DEI/brain/build/unix_out/install.log'\n"}
[3.405818] (-) TimerEvent: {}
[3.420889] (output) CommandEnded: {'returncode': 0}
[3.426104] (output) JobEnded: {'identifier': 'output', 'rc': 0}
[3.426859] (unix_out) CommandEnded: {'returncode': 0}
[3.431900] (unix_out) JobEnded: {'identifier': 'unix_out', 'rc': 0}
[3.432514] (-) EventReactorShutdown: {}
